ligand_id,smiles
dude_jak2__L000001,CCN(Cc1ccc2c(c1)OCO2)C(=O)CSc3nnc(n3c4ccc(cc4)F)[C@H](C)[NH+](C)C
dude_jak2__L000002,Cc1c(sc2c1c(nc(n2)SCc3cnoc3)N)C
dude_jak2__L000003,CC(C)CC(=O)N1CCC(CC1)NC(=O)[C@@H]2CN(CC23CC[NH2+]CC3)C(=O)C4(CCCCC4)C
dude_jak2__L000004,CC(C)(C)NS(=O)(=O)c3ccc(c2ccc1[nH]nc(N)c1c2)c(Cl)c3
dude_jak2__L000005,c1ccc(c(c1)C(=O)NNC(=O)CSc2ccc3c(c2)OCCO3)O
dude_jak2__L000006,c1ccc(cc1)n2c(=O)c3c4c(sc3nc2NN)CCCC4
dude_jak2__L000007,C[C@H]1Cc2cc(c(=O)[nH]c2C[C@H]1C)C#N
dude_jak2__L000008,C[C@@H](CNC(=O)Nc1ccc(cc1Br)Br)O
dude_jak2__L000009,Cc1cc(cc(c1)N(C)[C@@H]2C(=[NH+]C(=N2)C)N)C
dude_jak2__L000010,C[C@@H](CC[NH+](C)C)NC(=O)N1CCC[C@@H](C1)C(=O)N2CCOCC2
dude_jak2__L000011,C1CCC(CC1)[NH+]2CCC[C@H](C2)C(=O)[O-]
dude_jak2__L000012,c1cc(c(cc1Br)NC(=O)[C@H]2CCCC[NH2+]2)C(=O)[O-]
dude_jak2__L000013,CCC(=O)N(C)CCC1=NO[C@@H](N1)[C@@H]2C(=c3cc(ccc3=[NH+]2)C)C
dude_jak2__L000014,Cc1c(sc2c1c(=O)n(c(=O)n2CC(=O)Nc3ccccc3C(=O)OC)c4ccccc4)C
dude_jak2__L000015,C[C@H](c1cccc2c1cccc2)NC(=O)[C@H]3C[NH2+]C[C@@H]3C(=O)N(C)Cc4ccccc4
dude_jak2__L000016,Cc1ccc(c(c1)C)NC(=O)Cn2nc(nn2)c3ccc(c(c3)Cl)NC(=O)C
dude_jak2__L000017,Cc1ccc(cc1)OC[C@@H](C)NC(=O)C(=O)Nc2cc(ccc2F)[N+](=O)[O-]
dude_jak2__L000018,CCCCC(=O)Nc1c2c(n(n1)C)NC(=O)C[C@H]2c3ccco3
dude_jak2__L000019,Cc1ccc(cc1N/C(=N/C(=O)c2ccc(c(c2)OC)OC)/NCCC3=c4ccccc4=[NH+]C3)Cl
dude_jak2__L000020,CO[P@]1(=O)NN2CCc3cc(c(cc3[C@@H]2CO1)O)c4ccccc4O
dude_jak2__L000021,c1ccc2c(c1)cccc2/N=C\3/NC(=O)/C(=C/c4ccc(cc4)F)/S3
dude_jak2__L000022,C[C@H](C(=O)NC1=c2cc(ccc2=[NH+][C@H]1C(=O)OC)Br)[NH+]3CCc4ccccc4C3
dude_jak2__L000023,Cc1ccc2[nH+]c(cn2c1)CNC(=O)[C@H]3CN(CC34CC[NH2+]CC4)C(=O)[C@H](C)Oc5ccccc5
dude_jak2__L000024,Cc1c(sc2c1c(=O)[nH]c(n2)[C@@H](C)Sc3nnc(n3c4ccccc4OC)N5CCCCC5)C
dude_jak2__L000025,Cc1ccc(cc1)C2=N[C@H](N[C@@H](C2)c3ccccc3O)c4cccs4
dude_jak2__L000026,CCc1nnc(s1)N2[C@@H](c3c(=O)c4cc(ccc4oc3C2=O)Br)c5cccc(c5)OCC
dude_jak2__L000027,Cc1ccc(c(n1)Nc2ccc(cc2C(F)(F)F)Cl)N
dude_jak2__L000028,C[NH+](C)[C@@H](CNC(=O)C(=O)Nc1cccc(c1)[N+](=O)[O-])c2ccccc2Cl
dude_jak2__L000029,CC(C)c1ccc(cc1)[C@H]2[C@H]3C(=c4ccccc4=[NH+]3)C[C@@H]5N2C(=O)CN(C5=O)Cc6ccccc6OC
dude_jak2__L000030,CC(C)[NH+]1CCc2c(sc3c2C(=N[C@@H](N3)c4ccc(cc4)OC(=O)c5ccc(cc5)OC)O)C1
dude_jak2__L000031,c1cc(ccc1c2nnc(o2)SC/C=C/S(=O)(=O)c3ccc(cc3)[N+](=O)[O-])Br
dude_jak2__L000032,CC(C)n1c2ccc(cc2nc1c3csc(n3)N)Br
dude_jak2__L000033,Cc1ccc(c(c1)C)NC(=O)NC(=O)[C@H](C)Sc2nnnn2CC(C)C
dude_jak2__L000034,Cc1nnc(n1C2CC2)c3cc(cc(c3N)Cl)Cl
dude_jak2__L000035,C[C@@H](C(=O)Nc1cc(c(cc1F)F)[N+](=O)[O-])Sc2ccc(cc2)[N+](=O)[O-]
dude_jak2__L000036,Cc1nc(c2c(n1)oc(n2)C)NC[C@@H]3C=c4cc(ccc4=[NH+]3)OC
dude_jak2__L000037,C[C@@H](C[C@@H]1CN(c2c1cc(cc2)Br)CC(=C)C)NC(=O)[C@@H]3CC(=O)O[C@@]34CCOC(C4)(C)C
dude_jak2__L000038,CCn1c(c(c(n1)C)CNC(=O)Nc2cc3c(nn(c3nc2)C)C)C
dude_jak2__L000039,Cc1cc(cc2c1NC(=O)[C@H]2N[C@@H](C)c3ccsc3)Br
dude_jak2__L000040,Cc1[nH]nc(n1)CNC(=O)C[NH+]2Cc3ccccc3O[C@H](C2)c4ccccc4
dude_jak2__L000041,Cc1ccc(cc1)[C@@]2(C(=O)N(C(=O)N2)CC(=O)Nc3cc(ccc3F)[N+](=O)[O-])C
dude_jak2__L000042,CC[C@@H]1Nc2ccccc2C(=O)N1Cc3nc(on3)CC4=c5ccccc5=[NH+]C4
dude_jak2__L000043,c1ccc2c(c1)ccc(c2/C=N\NC(=O)[C@H]3C4=C(c5ccccc5CC4)N=N3)O
dude_jak2__L000044,COC(=O)Cn\1c2ccc(cc2s/c1=N\C(=O)c3ccc(cc3)C#N)S(=O)(=O)N
dude_jak2__L000045,CC1=NC2=NC(=[NH+][C@H](N2C(=C1)[O-])[C@H]3CCC=CC3)N4CCC(CC4)[NH+]5CCCCC5
dude_jak2__L000046,c1cc(c(cc1Br)N)c2[nH]c3cc(c(cc3n2)F)F
dude_jak2__L000047,Cc1ccc2cc(c(=O)[nH]c2c1C)[C@H](c3nnnn3C4CCCCC4)[NH+]5CCC[C@@H](C5)C
dude_jak2__L000048,c1cc(c(cc1c2cc3c(ccc(c3[nH]2)O)O)O)O
dude_jak2__L000049,COc1cccc(c1OC)[C@@H]2[C@H]3C(=c4ccccc4=[NH+]3)C[C@@H]5N2C(=O)CN(C5=O)CCC6=CCCCC6
dude_jak2__L000050,[H]/N=C/1\C(C2=CC[NH+](C[C@H]2[C@H](C1(C#N)C#N)c3ccc(c(c3)OC)OC(C)C)CCC)C#N
dude_jak2__L000051,CCOCCn\1c2c(ccc(c2s/c1=N\C(=O)[C@@H]3CCCN3S(=O)(=O)c4cccs4)OC)OC
dude_jak2__L000052,Cc1ccccc1[C@H]2c3ccsc3CCN2C(=O)CN(C(C)C)S(=O)(=O)c4cccc5c4nccc5
dude_jak2__L000053,Cc1cc(c(c(c1C)S(=O)(=O)N[C@@H](C)C(=O)NCc2ccc3c(c2)OCO3)C)C
dude_jak2__L000054,Cc1cccc(c1C)N2CCN(CC2)CC(=O)Nc3c(n(n(c3=O)c4ccccc4)C)C
dude_jak2__L000055,CCc1ccc(cc1)[C@H](CNC(=O)[C@@H](CCSC)NC(=O)c2cccc(c2)[N+](=O)[O-])[NH+](C)C
dude_jak2__L000056,COc1cccc(c1)C2=C3[C@H](N(C(=O)[C@H]3N=N2)CCC4=c5cc(ccc5=[NH+]C4)OC)c6cccc(c6)O
dude_jak2__L000057,Cc1ccc(cc1Cl)n2c(cc(n2)c3ccoc3C)N
dude_jak2__L000058,Cc1ccc(cc1NC(=O)C(=O)NC[C@H](C(C)C)[NH+]2CCCCCC2)[N+](=O)[O-]
dude_jak2__L000059,CC(C)Cn1c(=O)c2cc(ccc2nc1SCC(=O)NNC(=O)c3ccco3)Cl
dude_jak2__L000060,C[C@@]1(C(=O)N(C(=O)N1)CC(=O)N2[C@H](CC(=N2)c3ccco3)c4ccco4)c5ccc(cc5)C(C)(C)C
dude_jak2__L000061,C[C@H]1[C@@H](c2c(=O)[nH]c(nc2O1)CSc3nnc(n3c4ccc(cc4)F)c5ccco5)C(=O)[O-]
dude_jak2__L000062,Cc1ccc2=[NH+][C@H](C=c2c1)C(=O)Nc3ccccc3N4CCOC4=O
dude_jak2__L000063,c1ccc2c(c1)C[C@H]([NH+](C2)C[C@H](COc3c(cccc3Cl)Cl)O)C(=O)N
dude_jak2__L000064,c1cc2c(cc1[C@@H](c3ccc(s3)Br)[NH3+])NC(=O)CO2
dude_jak2__L000065,CC1CC[NH+](CC1)[C@@H](CNC(=O)[C@H](C(C)C)NC(=O)c2cc(cc(c2)OC)OC)c3cccs3
dude_jak2__L000066,CC(C)n1c2ccc(cc2oc1=O)S(=O)(=O)NC3(CCCCC3)C[NH+]4CCCC4
dude_jak2__L000067,Cc1nnc(s1)NC(=O)c2cc3ccc(cc3[nH]2)Cl
dude_jak2__L000068,CCCC(=O)OC[C@H](C[NH+](Cc1[nH]c(=O)c2c(csc2n1)c3cccc(c3)OC)CC(C)C)O
dude_jak2__L000069,Cc1cc(ccc1Cl)N2C[C@H](CC2=O)c3nc(on3)c4cc(n[nH]4)c5ccco5
dude_jak2__L000070,Cc1ccc(cc1)[C@H](c2cc(sc2NC(=O)c3ccco3)C)Nc4cc(cc[nH+]4)C
dude_jak2__L000071,CCOC(=O)c1ccc(cc1)NC(=O)C[C@@H]2CSc3n2c(=O)c4cnn(c4n3)c5ccc(c(c5)C)C
dude_jak2__L000072,CCOC(=O)Cn1c2c(sc1=O)[C@@H]([C@@H]3[C@@H](S2)C(=O)N(C3=O)c4ccc(cc4)F)c5ccccc5
dude_jak2__L000073,C1CCC(CC1)C(=O)NC2(CCC2)C#N
dude_jak2__L000074,c1ccc(cc1)/C=C/C=C\2/C(=O)N(C(=S)S2)CC(=O)NNC(=O)c3cccc(c3)[N+](=O)[O-]
dude_jak2__L000075,CCOC(=O)N1CCc2c(sc(c2C(=O)OC)NC(=O)c3cc4c5ccccc5ccc4oc3=O)C1
dude_jak2__L000076,COCC/[NH+]=C\1/[C@]2(CCN(C2)S(=O)(=O)c3cccc(c3)Cl)NCc4ccccc4N1
dude_jak2__L000077,Cc1ccc(o1)c2nnn(n2)CC(=O)N(c3ccccc3F)[C@H](c4cccs4)C(=O)NC(C)(C)C
dude_jak2__L000078,CC(C)[C@@H](c1nnnn1C2CCCCC2)[NH+](Cc3cc4cc5c(cc4[nH]c3=O)OCO5)C6CCCC6
dude_jak2__L000079,C[C@H]1CN(C[C@@H](O1)C)S(=O)(=O)c2ccc(cc2)C(=O)/N=c\3/n(c4ccc(cc4s3)[N+](=O)[O-])CC#C
dude_jak2__L000080,CC(C)(C)OC(=O)N1CCC2(CC1)C(=O)NC(=O)N2
dude_jak2__L000081,Cc1cccc2c1nc([nH]c2=O)CSc3nnc(n3c4ccccc4)c5ccoc5C
dude_jak2__L000082,c1ccc(cc1)n2c(nnn2)N3CC[NH+](CC3)Cc4[nH]c5c(c6c(s5)CCCC6)c(=O)n4
dude_jak2__L000083,C[C@@H](C(=O)N1CC(=O)Nc2c1cccc2)Oc3ccc(cc3Br)C(=O)OC
dude_jak2__L000084,CC(C)(C)NC(=O)[C@H](c1ccc(cc1)O)N(C2CCCCC2)C(=O)c3cccc(c3)[N+](=O)[O-]
dude_jak2__L000085,c1ccc(c(c1)N2CC[NH+](CC2)Cc3cc(=O)[nH]c(n3)N4CCN(CC4)C(=O)c5ccc(cc5)F)Cl
dude_jak2__L000086,C[C@H]1CCCN(C1)C(=O)CSc2nnc(n2N)COc3ccc(cc3)C(C)(C)C
dude_jak2__L000087,Cc1ccc(cc1)N2[C@H]([C@@H](CCC2=O)C(=O)OCc3nnc(o3)c4ccccc4)c5cccs5
dude_jak2__L000088,Cc1ccc(cc1)N2C[C@@H](Cn3c2nc4c3c(=O)n(c(=O)n4C)CCCO)C
dude_jak2__L000089,Oc5ccc(C2Nc1ccccc1c3ncnc4[nH]cc2c34)c(F)c5
dude_jak2__L000090,CN6CCN(c5ccc(c4cnc3cccc(c2cc(F)c(CN1CCOCC1)c(F)c2)c3n4)cc5)CC6
dude_jak2__L000091,Cc1ccc(cc1N2CC[NH+](CC2)[C@H]([C@@H]3C=c4ccc(cc4=[NH+]C3=O)OC)[C@@H]5N=NNN5C(C)(C)C)Cl
dude_jak2__L000092,Cc1ccc2cc(c(=O)[nH]c2c1)[C@@H](c3nnnn3C4CCCCC4)[NH+]5CCC[C@@H](C5)C
dude_jak2__L000093,C1CC[NH+](CC1)Cc2nn(c(=S)o2)C[NH+]3CCN(CC3)[C@H]4CCS(=O)(=O)C4
dude_jak2__L000094,CC(C)(C)NC(=O)CN(C)C(=O)N[C@H]1CCCN(C1)S(=O)(=O)C
dude_jak2__L000095,C[C@H](c1nnc(n1c2ccc(cc2)Cl)SCC(=O)N(C)[C@@H]3CCCc4c3cccc4)[NH+](C)C
dude_jak2__L000096,CC1=C([C@@H](n2c(ncn2)N1)c3cccc(c3)OC(C)C)C(=O)N
dude_jak2__L000097,C1CCCC(CC1)(C[NH2+][C@@H]2CCCC[C@@H]2O)O
dude_jak2__L000098,c1ccc(cc1)[C@@H](C2CC2)NC(=O)c3cc(cc(c3)N)N
dude_jak2__L000099,c1cc(c(cc1Cl)C(=S)N)N[C@@H]2CCS(=O)(=O)C2
dude_jak2__L000100,Cc1cc2=C[C@H](C(=O)[NH+]=c2cc1C)CN(Cc3ccc4c(c3)OCO4)S(=O)(=O)c5ccc(cc5)OC
dude_jak2__L000101,Cc1c(cco1)c2nnc(n2N)SCCc3ccc(cc3)[N+](=O)[O-]
dude_jak2__L000102,Cc1ccc(cc1)NC(=O)COc2ccc(cc2C(=O)c3cc(c(=O)n(c3)C4CCCCC4)C#N)F
dude_jak2__L000103,C[C@H](C(=O)N(C)[C@H]1CCS(=O)(=O)C1)Sc2nc3ccccc3c(=O)n2c4ccccc4C(C)C
dude_jak2__L000104,c1ccc2=[NH+]CC(=c2c1)c3csc(n3)NC(=O)C[NH+](C[C@H]4CCCO4)C[C@@H]5CC=CS5
dude_jak2__L000105,C[C@H]1C(=c2cc(ccc2=[NH+]1)C#N)CCNC(=O)[C@@H]3CN(CC34CC[NH2+]CC4)C(=O)[C@@H]5C=C(N(N5)C)C
dude_jak2__L000106,C[NH+]1CCc2cc3c(c(c2[C@H]1C/C(=N/O)/c4ccc(cc4)OC)OC)OCO3
dude_jak2__L000107,Cc1cc2c(cc1Cl)nc(s2)NC(=O)C(C)(C)n3cncn3
dude_jak2__L000108,CN1[C@H]2C(=N/C(=N\CCc3cccs3)/N2)C(=O)N(C1=O)C
dude_jak2__L000109,CCCOc1ccc2cc(c(=O)oc2c1)C(=O)NNC(=O)[C@]34CC[C@H](C3)C(C4=C)(C)C
dude_jak2__L000110,c1ccc(cc1)N[C@H]2[C@@H](C(=C(S2)C(=O)c3ccc(cc3)[N+](=O)[O-])N)C4[NH+]=c5ccccc5=[NH+]4
dude_jak2__L000111,CC[C@@H](C)C(=O)N1C[C@H](C2(C1)CC[NH2+]CC2)C(=O)N[C@@H](C)CCCC(C)(C)O
dude_jak2__L000112,C[C@@H]1c2ccsc2CCN1[C@@H]3C(=[NH+]C(=N3)C)N
dude_jak2__L000113,C[C@H](C(=O)NC(=O)N)Sc1nc2ccccc2c(=O)n1C3CCCC3
dude_jak2__L000114,CCc1ccc(s1)c2ccc(=O)[nH]n2
dude_jak2__L000115,Cc1cc(cc(c1)NC(=O)C[NH+]2CCC(CC2)c3nnc(o3)c4ccco4)C
dude_jak2__L000116,Cc1c2c(ncn(c2=O)CC(=O)N([C@@H]3CCS(=O)(=O)C3)C4CCCCC4)sc1c5ccccc5
dude_jak2__L000117,Cc1ccc(cc1)C2=NN([C@@H](C2)c3ccco3)C(=O)CSc4nnc(n4N)C5CCCCC5
dude_jak2__L000118,Cc1c(c(n2c(n1)cc(=O)[nH]2)C)CC(=O)Oc3ccc(cc3)C#N
dude_jak2__L000119,Cc1cccc(c1NC(=O)COC(=O)c2cc(ccc2NC)[N+](=O)[O-])C
dude_jak2__L000120,c1cc(ncc1Cl)NC(=O)c2cc(c(c(c2)Cl)N)[N+](=O)[O-]
dude_jak2__L000121,CC[C@H](c1cccs1)NC(=O)NNC(=O)c2cccc(c2)[N+](=O)[O-]
dude_jak2__L000122,CC(C)C[NH+](Cc1[nH]c(=O)c2c(csc2n1)c3ccccc3OC)C[C@@H](COc4ccccc4)O
dude_jak2__L000123,c1ccc(cc1)[C@H](C(=O)Nc2ccc3c(c2)OCO3)NC(=O)C[C@@H]4C=c5ccccc5=[NH+]4
dude_jak2__L000124,C[C@@H]1CCCC[C@@H]1NC(=O)NC(=O)CSc2nnnn2C3CCCC3
dude_jak2__L000125,Cc1ccc(c(c1)C)S(=O)(=O)Nc2ccc(cc2)[C@@]3(C(=O)NC(=O)N3)C
dude_jak2__L000126,c1cc(c(cc1N)N)C(=O)OCC(=O)NC2CCCCC2
dude_jak2__L000127,Cc1ccc(cc1)NS(=O)(=O)c2cc(ccc2C)C(=O)O[C@H](C)C(=O)N3CCNC3=O
dude_jak2__L000128,C[C@@H]1CCCC[C@H]1NC(=O)c2cccc(c2)S(=O)(=O)NCc3ccc4c(c3)OCO4
dude_jak2__L000129,c1ccc2c(c1)NC(=O)[C@H](S2)CC(=O)Nc3ccc4c(c3)NC(=O)CO4
dude_jak2__L000130,c1cc(c(cc1NC2CCS(=O)(=O)CC2)[N+](=O)[O-])Cl
dude_jak2__L000131,CCC[NH+](CC(=O)Nc1ccccc1C)CC(=O)N2c3ccccc3NC(=O)C24CCCC4
dude_jak2__L000132,C[C@H](CC(C)C)Nc1cc2c([nH+]c1)N([C@@H]([C@@H]2NC(=O)C)C(=O)OC)CCC3=c4ccccc4=[NH+]C3
dude_jak2__L000133,CC(C)[C@@H](C(=O)OC)NC(=O)[C@H](CC1=c2ccccc2=[NH+]C1)NC(=O)C34CC5CC(C3)CC(C5)C4
dude_jak2__L000134,COc1ccc(cc1)O[C@H]2[C@@H]([C@H]([C@@H]3[C@H](O2)CO[C@@H](O3)c4ccccc4)O)O
dude_jak2__L000135,Cc1c(c(n2c(n1)nc(n2)S[C@H](C)C(=O)Nc3ccccc3Cl)C)CC(=O)[O-]
dude_jak2__L000136,CCOC(=O)c1ccc(cc1)N2C(=O)[C@H]3CC4=c5ccccc5=[NH+][C@@H]4[C@@H](N3C2=S)c6ccc(cc6)F
dude_jak2__L000137,C[C@H]1CCCC[C@@H]1NC(=O)NC(=O)CSc2nncn2C(C)C
dude_jak2__L000138,CC(C)(C)c1ccc(cc1)NC(=O)/C(=C/c2ccco2)/n3c(nnn3)c4ccccc4
dude_jak2__L000139,Cc1ccc(cc1C)N[C@@H]2[C@@H]([NH+]=C3N2C=CC=C3)[C@@H]4C=c5cc(ccc5=[NH+]C4=O)OC
dude_jak2__L000140,Cc1c(c(=O)n(n1C)c2ccccc2)NC(=O)CSc3nnc4n3c5ccccc5[nH]4
dude_jak2__L000141,Cc1cnc(s1)NC(=O)CCCNC(=O)N2CCC3=c4ccccc4=[NH+][C@@H]3C2
dude_jak2__L000142,CC(C)[NH+]1CCc2c(sc3c2C(=N[C@H](N3)c4ccc(c(c4)[N+](=O)[O-])OC)O)C1
dude_jak2__L000143,Cc1ccc(cc1)S(=O)(=O)N2CCN(C[C@@H]2C)C(=O)CN3CCc4c(ccs4)[C@@H]3c5ccccc5C
dude_jak2__L000144,COc1cccc(c1)c2nnc(n2c3ccccc3)SCC(=O)N4CC(=O)Nc5c4cccc5
dude_jak2__L000145,C[C@H]1CCC[C@@](C1)(CO)Nc2c(=O)n(c(=O)n(n2)C)C
dude_jak2__L000146,CCOC(=O)Cn1c(nnn1)C[NH+](Cc2ccc(cc2)C)Cc3cc4c(ccc(c4[nH]c3=O)C)C
dude_jak2__L000147,Cc1ccc(c(c1)OCC(=O)N2c3ccc(cc3C[C@@H]2C)S(=O)(=O)N)[N+](=O)[O-]
dude_jak2__L000148,C[C@H](Nc4nc(n1cnc2ccncc12)nc5n(C)c(C(=O)NCCCN3CCOCC3)cc45)c6ccccc6
dude_jak2__L000149,Cc1c(cccc1Cl)NC(=O)Cn2cnc3c(n(nc3c2=O)C)C
dude_jak2__L000150,CC1(C(=O)Nc2ccccc2N1C(=O)COc3ccccc3C(=O)N)C
dude_jak2__L000151,CC[C@H]1C[NH+]2CC[C@H]1C[C@@H]2C[NH+](Cc3ccc(cc3)OC)Cc4ccc(cc4)OC
dude_jak2__L000152,CCCCOc1ccc(cc1OC)[C@@H]2[C@H]3CN(CC=C3C(=C(C2(C#N)C#N)N)C#N)C
dude_jak2__L000153,C[C@H]1[C@@H]([C@@H]([C@@H]([C@@H](O1)Sc2ccccc2[N+](=O)[O-])O)O)O
dude_jak2__L000154,C[C@@H]1CCc2c(sc3c2c(=O)n(cn3)[C@@H](C)C(=O)N/N=C\c4cccc(c4)OC)C1
dude_jak2__L000155,C[C@H]1c2c(c(nc(n2)N)c3ccncc3)CN1C(=O)[C@H]4C=C(N=N4)C(C)C
dude_jak2__L000156,C[C@@H]1C[C@H](CC(C1)NC2=NCCO2)C
dude_jak2__L000157,C=CCNC(=O)[C@@H]1C=[N+](CC(=C1[O-])C(=O)N2CCC(CC2)C3[NH+]=c4ccccc4=[NH+]3)C5CCCC5
dude_jak2__L000158,Cc1c(c(=O)n2ccccc2n1)NC(=O)c3cc4ccccc4oc3=O
dude_jak2__L000159,CCOc1ccc(cc1)C(=O)C2=C(C(=O)N([C@@H]2c3cccc(c3)Br)[C@@H]4CCS(=O)(=O)C4)O
dude_jak2__L000160,CC(C)CCNC(=O)NNC(=O)C1CCN(CC1)C(=O)N2CCCC2
dude_jak2__L000161,Cc1ccccc1NC(=O)[C@@H](C)n2cnc3c(c2=O)c(c(o3)C)C
dude_jak2__L000162,CC(C)[C@@H](C(=O)OCC(=O)N1CCN(CC1)c2cccc[nH+]2)NS(=O)(=O)c3ccc(cc3)Cl
dude_jak2__L000163,CS(=O)(=O)CC[C@H](C(=O)OCc1cccc(c1)[N+](=O)[O-])N2C(=O)c3cc(c(cc3C2=O)Cl)Cl
dude_jak2__L000164,Cc1ccc(cc1)N2C(=O)[C@@H]3C(=NC2=O)C(=CN3C)C(=O)Nc4ccccc4OC
dude_jak2__L000165,Cn1c(nnc1SCC(=O)Nc2ccc(c(c2)Cl)OC)CN(c3ccc(cc3)F)S(=O)(=O)C
dude_jak2__L000166,C1CCN(CC1)C(=O)CSc2nc(c3c4c(sc3n2)CCCC4)N5CC[NH+](CC5)CC(=O)N6CC6
dude_jak2__L000167,c1cc(ccc1N[C@H]2CCC[C@H]2C#N)Cl
dude_jak2__L000168,C[C@H](C(=O)Nc1ccc(c(c1)Cl)OC)Sc2nnc(n2[C@H](C(C)C)C(=O)[O-])c3cccs3
dude_jak2__L000169,Cc1c2c(oc(c2c(=O)[nH]n1)NC(=O)CSc3nncs3)C
dude_jak2__L000170,CC(=O)N[C@H]1c2cc(c[nH+]c2N([C@@H]1C(=O)OC)CCC3=c4ccccc4=[NH+]C3)NC5CCOCC5
dude_jak2__L000171,c1cc(ccc1c2nnc3n2CCCCC3)NC(=O)c4ccc5=[NH+]C(=O)C(=O)[NH+]=c5c4
dude_jak2__L000172,CC(C)C1=C[C@@H](N=N1)[C@H]2NN[C@@H]3N2N=C(S3)/C=C/c4ccccc4Cl
dude_jak2__L000173,c1ccc(cc1)C(=O)NC2CC[NH+](CC2)CN3C(=O)C4(CCCCCC4)NC3=O
dude_jak2__L000174,C/C(=C\Cn1c2c(nc1N/N=C(\C)/c3ccc(cc3)O)n(c(=O)n(c2=O)C)C)/Cl
dude_jak2__L000175,C1CCC(CC1)(CC(=O)NC2=CC3=CC=N[C@H]3C=C2)CN4CNN=N4
dude_jak2__L000176,Cc1c(c(n2c(n1)nc(n2)SCC(=O)N[C@@H](C)c3ccc(cc3)CC(C)C)C)CCC(=O)[O-]
dude_jak2__L000177,CC(C)(C)c1ccc(cc1)c2n[nH]c(=S)n2/N=C/c3cc(ccc3Cl)[N+](=O)[O-]
dude_jak2__L000178,C[C@H](C1CCN(CC1)C(=O)[C@H]2C=c3ccccc3=[NH+]2)C(=O)NCC[NH+](C)C4CCCCC4
dude_jak2__L000179,Cc1ccsc1CNC(=O)C(=O)Nc2cccc(c2)n3cnnn3
dude_jak2__L000180,C[NH+]1CCC(=CC1)c2nc(on2)CCC(=O)NC3CCCCCC3
dude_jak2__L000181,c1ccc(c(c1)Oc2ccc(cc2[N+](=O)[O-])/C(=N\O)/N)Br
dude_jak2__L000182,CC/C(=N\[C@@H]1CCCC[C@H]1[NH3+])/C2C(=NC(=O)N(C2=O)C3CCCCC3)O
dude_jak2__L000183,C[C@@H]1Cc2ccccc2N1C(=O)COC(=O)c3cc(=O)[nH]c(=O)[nH]3
dude_jak2__L000184,Cc1ccc(c(c1)NC(=O)Cc2c(nc3cc(=O)[nH]n3c2C)C)NC(=O)C
dude_jak2__L000185,C1CCC(CC1)NC(=O)NC(=O)C[NH+]2CCC[C@H](C2)C(=O)NC3CC3
dude_jak2__L000186,Cn1c2c(cc(cn2)S(=O)(=O)NC[C@@H](c3ccccc3)C4=c5ccccc5=[NH+]C4)c(=O)n(c1=O)C
dude_jak2__L000187,C[C@@H](C(=O)N1CCN(CC1)Cc2cscn2)NC(=O)N
dude_jak2__L000188,c1ccc2c(c1)cc([nH]c2=O)C(=O)NNC(=O)[C@H]3CCCO3
dude_jak2__L000189,C1CCC(CC1)N2[C@H]3CC[C@@H](C[C@@H]3N=N2)[NH2+][C@@H]4CC[C@@H](C[C@@H]4[N+](=O)[O-])Cl
dude_jak2__L000190,C[C@@H]1CCc2c(cc(s2)c3nnc(o3)S[C@@H](C)C(=O)NC(=O)N)C1
dude_jak2__L000191,CC1=CC(=C)NC(=O)[C@H]1C2=CC(=NCCN2)C(F)(F)F
dude_jak2__L000192,CN1C2=C([C@@H](NC1=O)c3cccs3)C(=O)N(C2)Cc4ccco4
dude_jak2__L000193,CC(C)C1=NN=C2[C@H]1[C@@]3(c4ccccc4N(C3=O)CC=C)C(=C(O2)N)C#N
dude_jak2__L000194,Cc1cc2cc(c(=O)[nH]c2cc1C)[C@@H](c3nnnn3C4CCCCC4)[NH+]5CCC[C@@H](C5)C
dude_jak2__L000195,Cn1c2ccc(cc2n(c1=O)C)[C@H](COc3ccc(cc3)C[NH2+]CCc4ccccc4OC)O
dude_jak2__L000196,C[C@@H]1C[C@@H](C[NH+](C1)Cc2cs/c(=N\C(=O)c3ccoc3)/[nH]2)C
dude_jak2__L000197,c1ccc2c(c1)c3cc(ccc3o2)[C@H](C4CC4)O
dude_jak2__L000198,c1ccc(c(c1)C(=O)Nc2ccccc2SCC(=O)N)N
dude_jak2__L000199,c1cc(ccc1OCc2nnc(n2N)SCc3cc(=O)oc4c3cc5c(c4)CCC5)F
dude_jak2__L000200,Cc1cc(c2c(c1)cc(c(=O)[nH]2)[C@H](c3nnnn3C4CCCC4)[NH+]5CCC(CC5)Cc6ccccc6)C
dude_jak2__L000201,CN(CC(=O)Nc1cc(ccc1OC)Cl)S(=O)(=O)c2ccc(cc2)/C=C/C(=O)[O-]
dude_jak2__L000202,Cc1cccc(c1NC(=O)CNC(=O)/C=C/c2cc3c(cc2[N+](=O)[O-])OCO3)C
dude_jak2__L000203,CCNC(=O)NC(=O)[C@@H](C)Sc1nnc2n1c3ccccc3c(=O)n2CCC(C)C
dude_jak2__L000204,CN(Cc1cccc(c1)C(=O)N)C(=O)NCCc2ccc(cc2)[N+](=O)[O-]
dude_jak2__L000205,CC1=C([C@]2(c3ccccc3OC(=C2C#N)N)C(=O)N1)C(=O)OC(C)(C)C
dude_jak2__L000206,CCc1ccc2=[NH+]C(=O)[C@H](C=c2c1)[C@@H]([C@@H]3N=NNN3C(C)(C)C)[NH+](Cc4ccco4)C[C@@H]5CCCO5
dude_jak2__L000207,CCOC(=O)c1c(c(sc1NC(=O)Cn2cnc3ccc(cc3c2=O)Cl)C(=O)NC)C
dude_jak2__L000208,Cc1nc(cn1C)S(=O)(=O)N[C@H](C)C(=O)N2CCCC[C@H]2C
dude_jak2__L000209,C1CCCC2(CC1)C(=O)N(C(=O)N2)CC(=O)Nc3c(c4c(s3)CCC4)C(=O)N
dude_jak2__L000210,CC1(CC(CC([NH2+]1)(C)C)Nc2[nH]nc(c(=O)n2)c3cccs3)C
dude_jak2__L000211,CC[C@@H](c1nnnn1C(C)(C)C)[NH+](Cc2cc3ccc(cc3[nH]c2=O)C)C4CCCC4
dude_jak2__L000212,C[C@H](C(=O)/N=c/1\[nH]nc2n1cccc2)NC(=O)/C=C/c3ccccc3
dude_jak2__L000213,c1ccc2c(c1)N(C(=O)N(S2(=O)=O)c3cccc(c3)Cl)CC(=O)c4ccc(s4)Br
dude_jak2__L000214,c1c(c[nH]c1C(=O)NNC(=O)CN2CCCCC2=O)Br
dude_jak2__L000215,C[C@H]1CCC[NH+](C1)C[C@@H](C)NC(=O)NNC(=O)CC2CCCCC2
dude_jak2__L000216,CCc1cc2c([nH]c1=O)CC[C@@H](C2)C(C)(C)C
dude_jak2__L000217,CCN(CC)S(=O)(=O)c1ccc(c(c1)NC(=O)[C@H]2CC=CC[C@H]2C(=O)[O-])Oc3cccc(c3)C
dude_jak2__L000218,c1cc(c(cc1Br)NC2=C(CS(=O)(=O)C2)[N+](=O)[O-])O
dude_jak2__L000219,CC1=C([C@@H](n2c(nc(n2)SC)N1)c3ccccc3OC(F)F)C(=O)N
dude_jak2__L000220,CCCS(=O)(=O)N1CCCC[C@H]1C(=O)N2CCC(=O)NCC2
dude_jak2__L000221,CCn1c(=O)c2ccc(cc2[nH]c1=O)C(=O)N3C[C@@H](Cc4c3cccc4)[NH+](C)C
dude_jak2__L000222,Cc1ccc(cc1)S(=O)(=O)N[C@@H](C(C)C)C(=O)N2CCN(CC2)c3ccc(cc3[N+](=O)[O-])Cl
dude_jak2__L000223,Cc1ccc2c(c1)c(=O)n(c(n2)S[C@H](C)C(=O)Nc3ccc(cc3F)C)C
dude_jak2__L000224,c1cc2c(cc1n3c(n[nH]c3=S)c4ccc(cc4O)O)OCCO2
dude_jak2__L000225,c1cc2c(cc1CNC(=O)c3cc4cc(ccc4o3)C5(CC[NH+](CC5)C[C@H]6CCC=CC6)O)OCO2
dude_jak2__L000226,Cc1cccc(c1)N2C(=S)N=C(C23CCCCC3)Nc4c(cccc4C)C
dude_jak2__L000227,Cc1cc(cc(c1)OCC(=O)Oc2ccc3c(c2)OC(=C([C@H]3c4ccco4)C#N)N)C
dude_jak2__L000228,CCc1ccc2=[NH+]C(=O)[C@H](C=c2c1)[C@H]([C@@H]3N=NNN3C(C)(C)C)[NH+]4CCN(CC4)c5ccccc5F
dude_jak2__L000229,CC(C)c1ccc(cc1)[C@H]2[C@@H]3C(=c4ccccc4=[NH+]3)C[C@@H]5N2C(=O)CN(C5=O)CCc6ccc(cc6)OC
dude_jak2__L000230,C1CCc2c(c\3c(o2)CCC/C3=N/O)C1
dude_jak2__L000231,Cc1ccc(cc1)[C@H]2CC(=NN2C3=NC(=O)[C@H](S3)CC(=O)NCCC(=O)[O-])c4cccs4
dude_jak2__L000232,c1ccc2=[NH+]CC(=c2c1)[C@@H]3NN(C(=S)N3C[C@@H]4CCCO4)C[NH+]5CCCC5
dude_jak2__L000233,c1ccc(cc1)S(=O)(=O)Nc2ccc(cc2)NS(=O)(=O)c3ccccc3[N+](=O)[O-]
dude_jak2__L000234,Cc1ccc(c(c1)C)NC(=O)C2=C(Nc3nnnn3[C@@H]2c4ccc(cc4)Br)C
dude_jak2__L000235,Cc1cc([nH]n1)c2nnc(n2c3ccccc3)SC[C@H]4C=CON4
dude_jak2__L000236,C[C@H]1CC[C@H]2[C@@H](C1)C(=O)N(C2=O)c3ccc(c(c3)[N+](=O)[O-])N4CCC(CC4)(C(=O)N)[NH+]5CCCCC5
dude_jak2__L000237,Cc1ccc(cc1)N2C[C@@H](CC2=O)C(=O)NCCn3c4c(cn3)c(=O)n(cn4)Cc5ccc(cc5)Cl
dude_jak2__L000238,Cc1c(sc(n1)N)c2nnc(o2)SCC(=O)NC3CCCCC3
dude_jak2__L000239,CCOC(=O)C1=NN([C@]2(S1)N(N=CN2C(=O)c3ccc(cc3)OC)C)c4ccc(cc4)Br
dude_jak2__L000240,CC[NH+](CC)CCC(=O)N1CCC(CC1)[C@]2(C(=O)N(C(=O)N2)CC[NH+](C)C)CCC(C)C
dude_jak2__L000241,c1cc(c(cc1[N+](=O)[O-])Br)NC(=O)Cn2c(=O)c(c(cn2)Cl)Cl
dude_jak2__L000242,C[NH+](C)C[C@H]1CCCC[C@H](C1OC(=O)C(c2ccccc2)(c3ccccc3)O)C[NH+](C)C
dude_jak2__L000243,COc1ccc(cc1)N(CC(=O)N2CCc3ccccc3C2)S(=O)(=O)c4ccc(c(c4)[N+](=O)[O-])Cl
dude_jak2__L000244,CC(C)CN1CC(=O)N2[C@H](C1=O)CC3=c4ccccc4=[NH+][C@H]3[C@@H]2c5cccc(c5)[N+](=O)[O-]
dude_jak2__L000245,Cc1nc(no1)C2(CCCCC2)NC(=O)[C@@H]3Cc4ccccc4O3
dude_jak2__L000246,CC1=[NH+][C@@H](C(=[NH2+])N1C(C)C)c2cc3c(c(c2)Br)OCO3
dude_jak2__L000247,C/C(=N\NC(=[NH2+])S[C@H]1CC(=O)N(C1=O)c2ccccc2OC)/c3ccc(cc3)OC
dude_jak2__L000248,Cc1ccc(cc1)NS(=O)(=O)c2ccc(cc2)NC(=O)CCn3c4ccccc4oc3=O
dude_jak2__L000249,Cc1csc(n1)NC(=O)c2c(n3cc(nc3s2)c4cccc(c4)[N+](=O)[O-])C
dude_jak2__L000250,c1ccc2c(c1)CCN(C2)C(=O)[C@@H]3CC=CC[C@H]3C(=O)NCCNc4ccc(cn4)[N+](=O)[O-]
dude_jak2__L000251,Cc1ccc2c(c1)c(c[nH]2)CCNC(=O)c3ccc(cc3Cl)[N+](=O)[O-]
dude_jak2__L000252,CCc1ccc(cc1)[C@H](C)NC(=O)[C@H]2CN(CC23CC[NH2+]CC3)C(=O)c4ccc(c(c4)Cl)Cl
dude_jak2__L000253,C[C@@H](Nc3cc(c1c(N)nn2cccnc12)ncn3)c4ccc(F)cc4
dude_jak2__L000254,c1ccc2c(c1)C[C@H]([C@H]2NC(=O)Nc3ccc(cc3)Cl)O
dude_jak2__L000255,CC(C)(C)NC(=O)CN1CCN(CC1)S(=O)(=O)c2cc(c(cc2Cl)Cl)C(=O)[O-]
dude_jak2__L000256,c1cc2c([nH+]c1)N([C@H](N2)CC3CCCC3)C4CCN(CC4)C(=O)[C@@H]5C6=C(CCCC6)N=N5
dude_jak2__L000257,C[C@@H]1[C@H]2C(=c3ccccc3=[NH+]2)C[C@@H]4N1C(=O)N(C4=O)c5ccccc5C(=O)NC6CCCCC6
dude_jak2__L000258,C[C@@H]1C(=c2ccccc2=[NH+]1)c3csc(n3)NC(=O)CN4c5ccccc5O[C@@H](C4=O)C
dude_jak2__L000259,C[C@H](C(=O)Nc1ccc(cc1Cl)[N+](=O)[O-])Sc2nc3ccccc3c(=O)n2C[C@H]4CCCO4
dude_jak2__L000260,c1ccc2c(c1)C(=O)N(C2=O)c3ccc(cc3)C(=O)OCC(=O)Nc4ccc(cc4F)Br
dude_jak2__L000261,CC(C)S(=O)(=O)[C@@H]1CCC[C@]2(N1OC)CCC[C@@H](C2)c3ccccc3O
dude_jak2__L000262,Cc1cc(cc(c1)OCC(=O)Oc2ccc3c(c2)OC(=C([C@@H]3c4ccco4)C#N)N)C
dude_jak2__L000263,CCOC(=O)Nc1cccc(c1)OC(=O)c2ccc([nH]c2=O)c3ccco3
dude_jak2__L000264,c1ccc(c(c1)NC(=O)NC(=O)CCBr)[N+](=O)[O-]
dude_jak2__L000265,CC1=CC=CN2[C@@H]1N=C(C2)CN3CCN(CCC3=O)C(=O)[C@H]4C(=c5cc(ccc5=[NH+]4)Cl)C
dude_jak2__L000266,C[C@@H](c1ccc2c(c1)OCO2)[NH2+]Cc3cccc4c3OCCO4
dude_jak2__L000267,Cc1c(c(n[nH]1)C)S(=O)(=O)N(C)CC(=O)Nc2ccc(cc2)C(=O)C
dude_jak2__L000268,CCn1c(c(c(n1)C)CNC(=O)[C@@H](C)N2C(=O)C3(CCCC3)NC2=O)C
dude_jak2__L000269,C[C@H]1c2cccc(c2O[C@H]1C)C(=O)N[C@@H]3CCCC[C@@H]3O
dude_jak2__L000270,CCn1c2ccc(cc2nc1COC(=O)c3csc(n3)c4ccc(cc4)C)S(=O)(=O)N(C)C
dude_jak2__L000271,Cc1ccc(cc1)N2C[C@@H](CC2=O)NC(=O)NC3CCCC3
dude_jak2__L000272,c1cc(ccc1C(F)(F)F)n2ccc(c2)C[NH+]3CCC(CC3)NC(=O)C4=C[C@H](C(=O)N=C4)Cl
dude_jak2__L000273,CCc1ccccc1NC(=O)Nc2c(=[NH+]CC)c3ccccc3oc2O
dude_jak2__L000274,c1ccc(cc1)CC2CCN(CC2)C(=O)COc3coc(cc3=O)C[NH+]4CCN(CC4)c5ccc(cc5)F
dude_jak2__L000275,c1ccc(cc1)[C@@H]2C(=C3N=C(c4ccccc4N3C5=C2C(=O)C[C@H](C5)c6ccco6)N)C#N
dude_jak2__L000276,c1ccc2c(c1)C[C@H](N(C2)C(=O)c3cc(ccc3O)Br)C(=O)N
dude_jak2__L000277,Cc1c(cnc(c1Cl)NC(=O)CSc2nnc(n2C)c3ccoc3C)Cl
dude_jak2__L000278,CCN1c2ccccc2[C@@]3(C1=O)[C@H]4C(=NN=C4OC(=C3C#N)N)c5ccccc5
dude_jak2__L000279,CC(=O)N[C@@H]1[C@H]([C@H]2[C@@H](COC(O2)(C)C)O[C@H]1Oc3ccc(cc3)C=O)O
dude_jak2__L000280,CCOC(=O)c1c(cc(s1)NC(=O)C[NH+]2CCC[C@H]2c3ccc4c(c3)OCCCO4)C
dude_jak2__L000281,C[C@@H]1CCc2c(cc(s2)C(=O)NNC(=O)NC[C@H]3CC[NH+](C3)C(C)C)C1
dude_jak2__L000282,Cc1ccccc1CSC2=NC(=O)[C@H]3[C@@H](CC(=O)NC3=N2)C(=O)Nc4ccc(cc4OC)OC
dude_jak2__L000283,CC(C)(C)C1=NN=C2[C@H]1[C@H](C(=C(O2)N)C#N)c3c4ccccc4ccc3OC
dude_jak2__L000284,CCCN([C@H](C)c1nc2ccc(cc2c(=O)n1C)Cl)S(=O)(=O)c3ccc(cc3)Br
dude_jak2__L000285,C[C@H]1CCC[C@](C1)(CO)Nc2cc3c(cc2N)CC(=O)N3
dude_jak2__L000286,C[C@@H](C(=O)NC(=O)NC(C)(C)C)[NH+]1CCC(CC1)C(=O)c2ccc3c(c2)OCCO3
dude_jak2__L000287,Cc1cc(c(o1)C)C(=O)NNC(=O)NC2CC[NH+](CC2)CC3CCCC3
dude_jak2__L000288,CN1C(=[NH2+])[C@@H]([NH+]=C1C2CCCC2)c3ccc(cc3F)Br
dude_jak2__L000289,COC(=O)c1ccc(cc1)NC(=S)NC(=O)c2ccc(cc2)[N+](=O)[O-]
dude_jak2__L000290,c1ccc2c(c1)c3c([nH]2)[C@@H]([NH2+]CC3)c4c([nH]c(=S)n(c4=O)C5CCCCC5)[O-]
dude_jak2__L000291,C[NH+]1CCC(=NNC(=O)CN(c2ccccc2)S(=O)(=O)c3ccccc3[N+](=O)[O-])CC1
dude_jak2__L000292,CCN1C(=O)[C@@H](N(C1=S)NC(=O)c2ccccc2)CC(=O)Nc3ccccc3Cl
dude_jak2__L000293,Cc1ccc2c(c1)sc(n2)c3ccc(cc3)N4C(=O)C[C@H](C4=O)[NH2+][C@@H]5CCCC[C@@H]5C
dude_jak2__L000294,c1ccc(cc1)[C@H]2C[C@H](NN2[C@@H]3CCS(=O)(=O)C3)C(=O)NCC4[NH+]=c5ccccc5=[NH+]4
dude_jak2__L000295,Cc1c2ccccc2oc1[C@H](C)NC(=O)Nc3ccccc3SCC(=O)N
dude_jak2__L000296,c1cc(ccc1c2nn(c(=S)o2)C[NH+]3CCC4(CC3)OCCO4)OC(F)F
dude_jak2__L000297,CS(=O)(=O)Nc4ccc(c3ccnc(Nc2cccc(CN1CCOCC1)c2)n3)cc4
dude_jak2__L000298,CC[NH+](CC)[C@@H](CNC(=O)NC[C@@H](c1ccccc1F)O)c2ccsc2
dude_jak2__L000299,C[C@@H]1C[C@@H]1C(=O)Nc2cccc(c2)C(=O)Nc3cc4c(cc3C(=O)C)OCO4
dude_jak2__L000300,Cc1c(c(=O)[nH]c(n1)SCC(=O)C2=C[C@H](N([C@@H]2C)Cc3ccc4c(c3)OCO4)C)CCC(=O)[O-]
dude_jak2__L000301,c1ccc(cc1)COC(=O)N2[C@H](C(=O)NC2=[NH2+])Cc3c[nH]c4c3cccc4
dude_jak2__L000302,Cn1c2ccccc2n(c1=O)CC(=O)NCCc3cn4ccccc4[nH+]3
dude_jak2__L000303,CC[C@@H](C(=O)Nc1nc(c(s1)C(=O)OCC)C)SC2[NH+]=c3ccccc3=[NH+]2
dude_jak2__L000304,CC(C)NC(=O)CN1CCN(CC1)C(=O)NC2CCN(CC2)c3cccc[nH+]3
dude_jak2__L000305,CC(C)(C(=O)NC[C@H]1CCS(=O)(=O)C1)NC(=O)NC
dude_jak2__L000306,c1cc(=O)n(nc1)Cc2nc(c3ccsc3n2)NN
dude_jak2__L000307,Cc1c(cn(n1)C)C2=C3[C@@H](C(=O)N(C3=O)Cc4ccccc4)ON2
dude_jak2__L000308,CC[NH+](CC)[C@H](CNC(=O)[C@@H](CCSC)NC(=O)c1cccc(c1)[N+](=O)[O-])c2ccccc2
dude_jak2__L000309,CC(C)(CO)NC(=O)[C@H]1NC(=NO1)C2=C[C@@H]3C(=CC=N3)C=C2
dude_jak2__L000310,CCCOc1ccc(cc1OC)[C@H]2CN3C(=O)CN(C(=O)[C@@]3(c4c2c5ccccc5[nH]4)C)C6CCCC6
dude_jak2__L000311,Cc1cc(c2c(c1)[C@@H]3C=CC[C@H]3[C@@H](N2)c4ccc(cc4O)O)C
dude_jak2__L000312,[H]/N=C\1/C(=C\c2ccc(cc2)OCCOc3ccccc3Cl)/C(=O)N=C4N1N=C(S4)S(=O)(=O)C
dude_jak2__L000313,c1cc2c(cc1CNC(=O)CNC(=O)N3CCC4=c5cc(ccc5=[NH+][C@H]4C3)Cl)OCO2
dude_jak2__L000314,Cc1ccc(c(c1)C)c2csc3c2c(=O)[nH]c(n3)C[NH+](C[C@@H](COc4ccc(cc4)OC)O)C5CC5
dude_jak2__L000315,Cc1coc2c1cc3c(c2)OC(=O)[C@@H]([C@@H]3C)CC(=O)NC4[NH+]=c5ccccc5=[NH+]4
dude_jak2__L000316,c1cc(c(cc1[C@H](C[NH+]2CCC3(CC2)C[C@H](c4cc(ccc4O3)O)O)O)Cl)Cl
dude_jak2__L000317,[H]/N=C\1/C(=C/c2ccc(o2)c3ccc(cc3)[N+](=O)[O-])/C(=O)N=C4N1N=C(S4)SCc5ccccc5
dude_jak2__L000318,c1cc(ccc1N(CC(=O)NC[C@@H]2CCCO2)S(=O)(=O)c3ccc(c(c3)[N+](=O)[O-])Cl)Cl
dude_jak2__L000319,c1cc2c(ccc(c2[nH+]c1)NCC3CCC3)N
dude_jak2__L000320,Cc1cc2c(s1)ncn(c2=O)CC(=O)NCC(=O)Nc3cc(c(cc3OC)OC)Cl
dude_jak2__L000321,C[C@@H](c1ccc(cc1)Cl)[NH+](C)CC(=O)c2c(n(c(=O)n(c2=O)C)Cc3ccccc3)N
dude_jak2__L000322,CC[C@@]1(C(=O)N(C(=O)N1)CC(=O)N[C@@H](c2ccc3c(c2)OCCCO3)C(C)C)c4ccccc4
dude_jak2__L000323,CC(C)n1c(=O)c2ccccc2c(n1)C(=O)NNC(=O)C=C(C)C
dude_jak2__L000324,C[C@]12C[C@H](CC(C1)(C)C)N(C2)c3c(c(ncn3)NC[C@@H]4CCCO4)[N+](=O)[O-]
dude_jak2__L000325,Cc1ccccc1N[C@H]2CC(=O)N(C2=O)c3ccc(cc3C)O
dude_jak2__L000326,Cc1c2c(=O)n(c(=O)n(c2sc1C(=O)[O-])Cc3ccccc3Cl)CC(=O)NC4CCCCC4
dude_jak2__L000327,Cc1c(c(sc1C(=O)N(C)C)NC(=O)c2cc3c4ccccc4ccc3oc2=[NH2+])C#N
dude_jak2__L000328,c1ccc2c(c1)c(c[nH]2)CC(=O)OCc3cc(cc4c3OCOC4)[N+](=O)[O-]
dude_jak2__L000329,c1ccc2c(c1)c(nc(n2)c3ccco3)SCC(=O)N4C[C@@H](Oc5c4cccc5)C(=O)N
dude_jak2__L000330,Cc1ccc(cc1)N2C(=O)/C(=C/c3ccc4c(c3)OCO4)/N=C2S[C@@H](c5ccccc5)C(=O)N(C)C
dude_jak2__L000331,CCOc1ccc(cc1)N2C(=O)CS(=O)(=O)[C@]23c4ccccc4N(C3=O)Cc5cccc(c5)Cl
dude_jak2__L000332,Cc1c(sc2c1c(nc(n2)S[C@H](C)C(=O)NC(=O)NC(C)C)N)C
dude_jak2__L000333,C[C@@H](C(=O)NNC(=O)C12CC3CC(C1)CC(C3)C2)NC(=O)c4ccco4
dude_jak2__L000334,CC(C)(C)OC(=O)NNC(=O)c1cnn(c1)c2ccc(cc2Cl)Cl
dude_jak2__L000335,CCCCN(C)[C@@H](c1ccc(cc1)[N+](=O)[O-])c2c(n3c(s2)ncn3)O
dude_jak2__L000336,c1ccc(cc1)CN(C(=O)CN2c3ccccc3C(=O)C2=O)C4(CCCC4)C(=O)Nc5ccc6c(c5)OCO6
dude_jak2__L000337,C[C@H](c1cc([nH]n1)c2ccccc2)[NH+](C)[C@@H]3CCC(=O)N(CC3)Cc4cc5c(cc4Cl)OCO5
dude_jak2__L000338,c1cc(cc(c1)Br)/N=c\2/c(cc3cc(ccc3o2)Cl)C(=O)N
dude_jak2__L000339,c1cc(ccc1N2C(=O)[C@H](SC2=O)CC(=O)Nc3ccc(cc3O)[N+](=O)[O-])Cl
dude_jak2__L000340,CCC1CCC2(CC1)C(=O)N(C(=O)N2)CC(=O)O[C@@H](C)C(=O)NC3(CCCCC3)C#N
dude_jak2__L000341,C[NH+]1[C@@H]2CC[NH+]([C@@H]2C(=O)NC[C@@H]1CCC(=O)N3CCC[C@@H]3COC)Cc4csnn4
dude_jak2__L000342,CC[NH+]1CCc2c(sc3c2C(=N[C@@H](N3)c4ccc(c(c4)OC)OC(=O)c5ccco5)O)C1
dude_jak2__L000343,c1ccc(cc1)C(=O)[C@@H]2[C@@H]3[C@H]([C@H]4[NH+]2C=Cc5c4cccc5)C(=O)N(C3=O)c6cc(ccc6Cl)[N+](=O)[O-]
dude_jak2__L000344,Cc1cccc(c1C)O[C@H](C)C(=O)NNC(=O)c2cnn(c2C)C
dude_jak2__L000345,c1ccc(cc1)C\2=NN(C(=O)/C2=N\Nc3ccc4ccccc4c3S(=O)(=O)[O-])c5ccccc5
dude_jak2__L000346,Cc1ccc(cc1)N2[C@@H]([C@@H](C(=O)NC2=O)[C@@H]3c4c(c5ccccc5[nH]4)CCN3)O
dude_jak2__L000347,CCC(=O)Nc1ccc(cc1)S(=O)(=O)Nc2ccc3c(c2)OCC(C(=O)N3CC=C)(C)C
dude_jak2__L000348,Cc1ccc(cc1)c2nnc(n2N)SCC(=O)N(C)C[C@@H]3COc4ccccc4O3
dude_jak2__L000349,COC(=O)[C@@H]1CC2=C3CC=CC=C3N=C2[C@@H]4[NH+]1[C@@H](C[C@@H](C4)NCC[NH+]5CCCC5)c6ccccc6
dude_jak2__L000350,Cn1c2c(cn1)c(nc(n2)N3CCC(CC3)[NH+]4CCCCC4)NCCc5cccs5
dude_jak2__L000351,CCCCn1c(c(c(c(c1=O)C#N)C)/C=C/2\C(=O)N(C(=S)S2)Cc3ccco3)N4C[C@H](O[C@H](C4)C)C
dude_jak2__L000352,CC(C)CCNC(=O)NNC(=O)[C@H]1CCCN1C(=O)C
dude_jak2__L000353,CN1c2ccccc2/C(=C(\C(=O)[O-])/SC3=N[C@H]4C(=c5ccccc5=[NH+]4)N=N3)/C1=O
dude_jak2__L000354,CCCc1c2c([nH]n1)OC(=C([C@H]2c3ccc(cc3OC)OC)C#N)N
dude_jak2__L000355,c1cc(ccc1c2coc3c2c(ncn3)N)Br
dude_jak2__L000356,C[C@@]1(C(=O)N(C(=O)N1CO)C[NH+]2CCN(CC2)c3ncccn3)c4ccc5c(c4)OCCCO5
dude_jak2__L000357,CCN(CC)c1c(c2c3c(nc(c2c(n1)N)N)O[C@H](C3)CCl)C#N
dude_jak2__L000358,CCn1c(=O)c(c(n(c1=O)Cc2ccccc2)N)C(=O)C[NH+]3CCC[C@H]3c4cc(ccc4OC)OC
dude_jak2__L000359,C[NH+]1CCC[C@H](C1)COc2cc(=O)n3c(c2C(=O)OC)CC[NH+](CC3)Cc4ccccc4OCC=C
dude_jak2__L000360,CCNC(=O)NC(=O)[C@@H](C)OC(=O)c1c(c2ccc3ccccc3c2o1)C
dude_jak2__L000361,COc1ccccc1n2cnnc2SCC(=O)N3[C@@H](CC(=N3)c4cccs4)c5cccs5
dude_jak2__L000362,c1cc(ccc1[C@H]2[C@@H]3[C@@H]4CC[C@@H](C4)[C@@H]3SC5=NC(=O)S[C@@H]25)C(=O)NN
dude_jak2__L000363,C[C@H]1c2ccsc2CCN1C(=O)c3cc(c[nH]3)N
dude_jak2__L000364,CN(C)c1ccc(cc1)[C@H]2[NH2+]C[C@H](O2)CSc3nc4c(c5ccccc5[nH]4)nn3
dude_jak2__L000365,CCNC(=O)/C(=C/c1cccc(c1)[N+](=O)[O-])/NC(=O)c2cccc(c2)Br
dude_jak2__L000366,CCOC(=O)c\1cc2c(nc3c(cccn3c2=O)C)n(/c1=N\C(=O)c4ccc(cc4)Cl)C[C@H]5CCCO5
dude_jak2__L000367,c1ccc(c(c1)n2ccc(n2)C(=O)Nc3nc(cs3)CC(=O)N)Cl
dude_jak2__L000368,CC[C@@]1(C(=O)N(C(=O)N1)Cc2nc(no2)c3ccco3)c4ccc(cc4)Cl
dude_jak2__L000369,C[C@H](c1[nH]c(=O)c2c(csc2n1)c3cccs3)Sc4nnnn4C5CCCC5
dude_jak2__L000370,C[NH+](Cc1ccccc1)C[C@@H](COc2cc(ccc2OC)C[NH2+]C3CCCCC3)O
dude_jak2__L000371,CCC(=O)Nc1cc(nn1c2ccccc2)C(=O)Nc3c(nn(c3C)C(C)C)C
dude_jak2__L000372,CNS(=O)(=O)c4ccc(c2cccc3ncc(c1cc(OC)c(OC)c(OC)c1)nc23)cc4
dude_jak2__L000373,CCCc1cc(=O)oc2c1ccc(c2C)OCC(=O)NCC(=O)N3CC[C@]4(CCCC[C@@H]4C3)O
dude_jak2__L000374,Cc1cc(c(c(c1)[N+](=O)[O-])N)C(=O)NC[C@]2(CCCc3c2cccc3)O
dude_jak2__L000375,Cc1cc(c(s1)C)c2c3c([nH]c2c4cc(sc4C)C)[nH]c(=O)[nH]c3=O
dude_jak2__L000376,C[C@@H]1Cc2c(cc(c(=O)[nH]2)C#N)[C@@H](C1)C
dude_jak2__L000377,CCOc1ccccc1NC(=O)[C@H]2CCCN2S(=O)(=O)c3cc4c(cc3Cl)NC(=O)CO4
dude_jak2__L000378,Cc1ccccc1n2c(nnc2SCC(=O)N3[C@@H](CC(=N3)c4ccc(cc4)OC)c5ccco5)C
dude_jak2__L000379,Cc1ccc(c(c1)OC)OCCn2cccc2/C=C/3\C(=[NH2+])N4C(=NC3=O)SC(=N4)N5CCCCC5
dude_jak2__L000380,c1cc2c(cc1S(=O)(=O)N)CCN2C(=O)[C@@H]3CCC(=O)N3
dude_jak2__L000381,Cc1ccc2c(c1)c(=O)n(n2CC(=O)Nc3ccc(cc3Cl)C)C(C)(C)C
dude_jak2__L000382,Cc1c2cccc(c2oc1C(=O)OCC(=O)NC(=O)NC)Cl
dude_jak2__L000383,c1cc(oc1)[C@@H](CNc2ccc3nnc(n3n2)C(F)(F)F)[NH+]4CCCCC4
dude_jak2__L000384,Cc1ccc(cc1)S(=O)(=O)/[NH+]=C(/c2ccccc2)\[NH+]=C(/Nc3ccccc3)\[S-]
dude_jak2__L000385,Cc1cc(ccc1NC(=O)C[C@@H]2C(=O)N(C(=O)S2)c3cccc(c3)O)O
dude_jak2__L000386,c1cc(cc(c1)S(=O)(=O)NCCC2=c3cc(ccc3=[NH+]C2)Cl)[N+](=O)[O-]
dude_jak2__L000387,COc1ccc(cc1)CCN2C(=O)/C(=C\c3c(nc4ccccn4c3=O)N5CCCC5)/SC2=S
dude_jak2__L000388,c1cc2c(cc1C(=O)[O-])[C@@H]3C=CC[C@H]3[C@@H](N2)c4cc[nH+]cc4
dude_jak2__L000389,COc1ccc(cc1)[C@@H](CNC(=O)CN2C(=O)[C@H]([C@@H]3CCCN3C2=O)C#N)C4=c5ccccc5=[NH+]C4
dude_jak2__L000390,CC[C@H](C(=O)NCCC1=c2cc(ccc2=[NH+]C1)OC)n3c(=O)c4c(n(nc4c(n3)C)c5ccccc5)C
dude_jak2__L000391,c1ccc(c(c1)CCNC(=O)C[C@@H]2C(=O)NCC[NH+]2Cc3cccc(c3)F)Cl
dude_jak2__L000392,c1cc(cnc1)c2nnc(n2N)SCCCC(=O)NN=C3CCCCC3
dude_jak2__L000393,Cc1ccc(cn1)OCC2=C[C@H](NO2)C(=O)N(C)CC3[NH+]=c4ccccc4=[NH+]3
dude_jak2__L000394,COc1cc(cc(c1)OC)C(=O)NNC(=O)c2cc(c[nH]2)Br
dude_jak2__L000395,CC1=C2[C@H](CC(=O)N[C@H]2N(N1)C3[NH+]=c4ccccc4=[NH+]3)c5ccc(c(c5)F)F
dude_jak2__L000396,CC1(c2cc(cc(c2NC1=O)Cl)[C@@H](c3ccco3)O)C
dude_jak2__L000397,c1ccc(cc1)CC[NH+]2CCN(CC2)Cc3cc(=O)[nH]c(n3)N4CCCN(CC4)C(=O)COc5ccccc5
dude_jak2__L000398,CCCn1c(c(c(c(c1=O)C#N)C)/C=C/2\C(=O)N(C(=S)S2)C[C@@H]3CCCO3)N4CC[NH+](CC4)CC
dude_jak2__L000399,c1cc(ccc1c2ccc(o2)/C=N\NC(=O)c3ccc(cc3)Br)[N+](=O)[O-]
dude_jak2__L000400,c1ccc(cc1)OCc2nc3ccccc3n2Cc4nc(nc(n4)N)N
dude_jak2__L000401,CN(CC(=O)NC1CCCCC1)S(=O)(=O)c2ccc(s2)c3ccc(=O)[nH]n3
dude_jak2__L000402,CC(C)(C)N1[C@@H](N=NN1)[C@@H]([C@@H]2C=c3cc4c(cc3=[NH+]C2=O)OCO4)[NH+]5CCC(CC5)Cc6ccccc6
dude_jak2__L000403,Cc1cc(nc(n1)S[C@@H]2C/C(=N\O)/[C@H]3OC[C@@H]2O3)C(F)F
dude_jak2__L000404,c1ccc(cc1)CC[C@H]2C(=O)N(C(=O)N2)CC(=O)N3CCN(CC3)S(=O)(=O)c4ccc(cc4)Cl
dude_jak2__L000405,c1cc(cc(c1)S(=O)(=O)NCc2nnc3n2cc(cc3C(F)(F)F)Cl)C(=O)[O-]
dude_jak2__L000406,Cc1ccc(c(c1)Cl)NC(=O)c2cc(ccc2Br)N
dude_jak2__L000407,Cc1c(c(=O)n(n1C)c2ccccc2)NC(=S)N/N=C\c3ccc(cc3)[N+](=O)[O-]
dude_jak2__L000408,CCc1nnc(s1)NC(=O)c2ccccc2NC(=O)[C@H]3CC(=O)N(C3)c4ccc(cc4)Cl
dude_jak2__L000409,CC(C)(c1ccc(cc1)Cl)NC(=O)NNC(=O)[C@H]2CCS(=O)(=O)C2
dude_jak2__L000410,CCOc1cccc(c1O)[C@H]2Nc3c(c4c(s3)C[NH+](CC4)C)C(=O)N2
dude_jak2__L000411,Cc1c(nn(n1)c2ccccc2)C(=O)O[C@H](C)C(=O)NC(=O)NC3CCCCC3
dude_jak2__L000412,c1cc(c(cc1N)NC(=O)c2cc3c(s2)CCCCC3)Cl
dude_jak2__L000413,C[C@@H](C(=O)Nc1cccc(c1)[N+](=O)[O-])N2C(=O)[C@@H](NC2=O)CC3=c4ccccc4=[NH+]C3
dude_jak2__L000414,C[C@@H]1CC(=O)Nc2ccccc2N1C(=O)C[NH+](C)Cc3ccc4c(c3)OCO4
dude_jak2__L000415,CCCCN1C(=O)/C(=C\2/C[C@H](N(N2)C(=O)CC)c3ccc(cc3)OCC)/C(=NC1=S)[O-]
dude_jak2__L000416,COC(=O)[C@@H](Cc1ccccc1)NC(=O)N2CCc3c([nH+]c[nH]3)[C@H]2c4ccc(cc4)Cl
dude_jak2__L000417,c1ccc2c(c1)c(c[nH]2)c3nnc(o3)SCc4nc(no4)c5ccc(cc5)C(F)(F)F
dude_jak2__L000418,C[C@H]1Cc2cc(ccc2N1Cc3cccc(c3)[N+](=O)[O-])S(=O)(=O)N
dude_jak2__L000419,CCCCc1c(=O)[nH]c(nc1[O-])SCC(=O)N2C[C@H]3C[C@@H](C2)c4cccc(=O)n4C3
dude_jak2__L000420,c1ccc(cc1)n2ccc(n2)NC(=O)C(=O)N[C@@H]3CC[NH+](C3)C4CCCCCC4
dude_jak2__L000421,CCOc1ccccc1NC(=O)Cn2c(=O)c3c4c(sc3nn2)C[C@H](CC4)C(C)(C)C
dude_jak2__L000422,c1ccc2c(c1)C(=O)CC3(O2)CC[NH+](CC3)CC(=O)Nc4ccc5c(c4)OCO5
dude_jak2__L000423,c1ccc2c(c1)C(=O)N(C2=O)NC(=O)[C@@H]3CC(=O)N(C3)C4CCCC4
dude_jak2__L000424,Cc1ccc(cc1NC(=C2C(=O)NC(=S)NC2=O)C)C(=O)OC
dude_jak2__L000425,Cc1c2ccccc2oc1C(=O)NNC(=O)c3ccc(o3)CS(=O)(=O)c4ccccc4
dude_jak2__L000426,Cc1cccc(c1C)NC(=O)[C@H]2C[C@H]3C[C@@H]2C=C3
dude_jak2__L000427,CC(C)N(C)c1cc2c(cc1N)CCC(=O)N2
dude_jak2__L000428,CC1=C([C@H](n2c(ncn2)N1)c3cccc(c3)Oc4ccccc4)C(=O)OCc5ccccc5
dude_jak2__L000429,CC1=NC2=C([C@H](C1C(=O)OC)c3ccc4c(c3)OCO4)C(=O)[C@H]([C@@H](C2)c5cccs5)C(=O)OC
dude_jak2__L000430,Cc1cc(no1)NC(=O)NC(=O)c2c(nsc2SC)SC
dude_jak2__L000431,CC1(CCN(CC1)c2ccccc2C(=[NH2+])N)C
dude_jak2__L000432,Cc1ccccc1[C@@H]2[C@@H]3C(=c4ccccc4=[NH+]3)CCN2C(=O)c5ccc(o5)C#CC(C)(C)O
dude_jak2__L000433,CCOc1ccc2c(c1)cc(c(=O)[nH]2)[C@H](c3nnnn3C(C)(C)C)[NH+](Cc4ccco4)Cc5cccs5
dude_jak2__L000434,c1ccc2c(c1)OC[C@@H](O2)C(=O)N/N=C/c3ccc(c(c3)O)O
dude_jak2__L000435,Cc1cccc2c1N(CC[C@H]2O)S(=O)(=O)c3cccc(c3)[N+](=O)[O-]
dude_jak2__L000436,Cc1cccc(c1S(=O)(=O)NNC(=O)c2ccccc2Cl)[N+](=O)[O-]
dude_jak2__L000437,c1cc(cc(c1)[N+](=O)[O-])/C=[NH+]/[C@H]2CCCC[C@@H]2/[NH+]=C/c3cccc(c3)[N+](=O)[O-]
dude_jak2__L000438,CC1=C[C@@H](C[C@H]2[C@@H]1C(=O)N(C2=O)c3cccc4c3nccc4)[C@@H]5CC(=O)N(C5=O)c6cccc7c6nccc7
dude_jak2__L000439,Cc1cc(oc-2cc(=[NH+]C(=O)c3cccc(c3)S(=O)(=O)N[C@H]4CCS(=O)(=O)C4)ccc12)O
dude_jak2__L000440,CC(C)(C)c1c2c(n(n1)c3ccc(cc3)F)N(C(=O)CS[C@@H]2c4cccs4)CC(=O)N5CCCC5
dude_jak2__L000441,c1ccc2=[NH+]CC(=c2c1)C[C@H]3C(=O)N(C(=O)N3)CC(=O)NC[C@H]4COc5ccccc5O4
dude_jak2__L000442,CCNC(=O)NC(=O)[C@@H](C)Nc1ccc(c(c1)C)NS(=O)(=O)CC
dude_jak2__L000443,c1cc(c(cc1[N+](=O)[O-])C[NH2+][C@@H]2CCCc3c2cco3)Cl
dude_jak2__L000444,CC1CCC2(CC1)C(=O)N(C(=O)N2)NC(=O)CN3CCCc4c3cccc4
dude_jak2__L000445,CN5CCN(c4cc(Nc1cc(C)n[nH]1)nc(Sc3ccc(NC(=O)C2CC2)cc3)n4)CC5
dude_jak2__L000446,Cc1ccc2[nH+]c(cn2c1)CN3CCN(CC3)[C@H]4CCCC[C@@H]4O
dude_jak2__L000447,CC(C)[C@@H](C(=O)NC1[NH+]=c2ccccc2=[NH+]1)NC(=O)Cc3ccccc3Cl
dude_jak2__L000448,CCCc1cc([nH]n1)C(=O)Nc2cc(nn2c3nc(cc(n3)C)C)C
dude_jak2__L000449,Cc1ccc2c(c1)[C@H](NS2)C(=O)N3CCN(CC3)C(=O)[C@@H]4C=c5ccc(cc5=[NH+]4)OC
dude_jak2__L000450,Cc1ccc(cc1)S(=O)(=O)N[C@H](C(C)C)C(=O)NC[C@@H](c2cccc(c2)OC)[NH+]3CCCC3
dude_jak2__L000451,CCOc1cc(ccc1O)/C=N/N2[C@@H]([NH+]=NC2=S)c3cccc(c3)OC
dude_jak2__L000452,c1ccc2c(c1)ccn2CC(=O)Nc3ccc(cc3Br)N
dude_jak2__L000453,CS(=O)(=O)N1CCN(CC1)c2ccccc2NC(=O)/C=C/c3ccc(o3)c4cc(cc(c4)Cl)Cl
dude_jak2__L000454,Cc1c(n(c([nH+]1)SCC(=O)Nc2cc(ccc2F)[N+](=O)[O-])C3CCCCC3)C
dude_jak2__L000455,Cc1ccc(cc1C)n2c(=S)n(nn2)C[NH+]3CCC[C@H](C3)CCC(=O)N
dude_jak2__L000456,CC[C@@H]1CCCCN1S(=O)(=O)c2ccc(cc2)C(=O)Nc3c(c4c(s3)C[NH+](CC4)C)C(=O)OC
dude_jak2__L000457,Cc1c2c([nH]c(n2)c3c[nH]nc3c4ccc(cc4)OC)n(n1)[C@H](C)C5CC5
dude_jak2__L000458,C[C@]1(C(=O)N(C(=O)N1)CC(=O)N(C)C2CCCCC2)c3ccc4c(c3)OCO4
dude_jak2__L000459,C[C@H](c1ccc2c(c1)[nH]c(=O)[nH]2)NC(=O)c3cnns3
dude_jak2__L000460,Cc1ccc(cc1)C2=N[C@@H](SC2)NC(=O)CCc3nc(no3)CS[C@@H]4[NH+]=c5ccc(cc5=[NH+]4)C
dude_jak2__L000461,CCOC(=O)N[C@H](CC1=c2ccccc2=[NH+]C1)C(=O)NCCC3=c4ccccc4=[NH+]C3
dude_jak2__L000462,Cn1cc(c2c1cccc2)[C@@H](CN3C(=O)c4c(c(c(c(c4Cl)Cl)Cl)Cl)C3=O)[NH+](C)C
dude_jak2__L000463,c1cc(oc1)[C@H](CNC(=O)NCCc2nnc3n2CCCCC3)[NH+]4CCCCC4
dude_jak2__L000464,[H]/N=C\1/NC(=O)/C(=C\c2ccc(o2)c3ccc(c(c3)Cl)F)/S1
dude_jak2__L000465,c1ccc(cc1)CCCn2c(=O)c3c4c(sc3nc2N5CC[NH+](CC5)CC(=O)N6CC6)CCCC4
dude_jak2__L000466,Cc1ccc(cc1)C2=C[C@H]3C(=O)N=N[C@@H](N3N2)SCc4cc(=O)n5ccccc5n4
dude_jak2__L000467,c1cc(ncc1Cl)NC(=O)C[NH+]2CCC[C@@H](C2)C(=O)Nc3nccs3
dude_jak2__L000468,c1cc(c(cc1F)N)S(=O)(=O)N[C@@H]2CCCc3c2ccs3
dude_jak2__L000469,Cc1c(c2ccccc2[nH]1)CCNC(=O)[C@@H]3CN(CC34CC[NH2+]CC4)C(=O)C5CCC5
dude_jak2__L000470,Cc1ccc(c(c1)Br)NC(=O)C[NH+](C)CC(=O)N2c3ccccc3NC(=O)C[C@@H]2C
dude_jak2__L000471,Cc1ccc(cc1)[C@@H]2CC(=NN2C(=O)CSc3ccc4nnc(n4n3)c5ccccn5)c6cccs6
dude_jak2__L000472,C[C@H]1CCC[C@H]([C@@H]1C)[NH2+]Cc2nnnn2c3ccccc3
dude_jak2__L000473,c1ccc(cc1)OS(=O)(=O)[C@H]2CC[C@@]3(C2)[C@@H](CCCN3Cl)S(=O)(=O)Oc4ccccc4
dude_jak2__L000474,c1cc(c(cc1Cl)C(=O)Nc2cc3c(cc2N)OCO3)Cl
dude_jak2__L000475,C[C@@H]1C(=C(NO1)C)CNC(=O)C(=O)NC2=C[C@H]3C(=CC=N3)C=C2
dude_jak2__L000476,Cc1ccc2=[NH+]CC(=c2c1)CCNC(=O)CCCN3c4ccccc4C5=CNN(C(=O)[C@@H]53)C
dude_jak2__L000477,C[C@H]1CCc2c(sc(c2C(=O)NC(=O)OC)NC(=O)c3ccc(cc3Cl)Cl)C1
dude_jak2__L000478,CCOC1=C[C@H]2C[C@H]3CO[P@@](=O)(N[NH+]3C[C@@H]2CC1=O)S(=O)(=O)Oc4ccccc4
dude_jak2__L000479,C[C@H]1CCN(c2ccccc2S1)C(=O)CSc3nnc(n3C[C@H]4CCCO4)N5CCCCC5
dude_jak2__L000480,C[C@@H]1C[C@@H]([C@@H](C[NH+]1C)C)Nc2cccc(c2)c3nnco3
dude_jak2__L000481,c1cc(cc(c1)C(F)(F)F)c2nc(on2)CSc3nnc(n3N)C(F)(F)F
dude_jak2__L000482,Cc1ccccc1[C@H]2c3ccsc3CCN2C(=O)CN(C4CC4)C(=O)c5ccc(c(c5)[N+](=O)[O-])Cl
dude_jak2__L000483,Cc1ccccc1/N=C\2/NC3(CCCC3)CS2
dude_jak2__L000484,C[C@H]1C[C@@H](CN(C1)c2c(c(=O)n3ccccc3n2)/C=C/4\C(=O)N(C(=S)S4)Cc5ccc(cc5)OC)C
dude_jak2__L000485,CC(C)C1=[NH+][C@@H](ON1)[C@@H]2CCCCN2C(=O)[C@@H]3C=C(N=N3)C4CC4
dude_jak2__L000486,CCOc1ccc(cc1)[C@@H]2[NH+]=NC(=S)N2/N=C/c3cccc(c3O)OC
dude_jak2__L000487,C[C@@H]1[N-]C2=C/C(=[NH+]/C(=O)c3ccc(o3)C[NH+](C)C)/C=CC2=N1
dude_jak2__L000488,C[C@@H](C(=O)Nc1ccccc1C#N)Sc2nnc(n2CCC(=O)[O-])c3cccs3
dude_jak2__L000489,C[C@H](c1nc(nc(n1)N(C)C)N)Sc2nc([nH]n2)/C=C/c3cccs3
dude_jak2__L000490,Cc1ccccc1S(=O)(=O)N2CCc3c(c(nn3C)CN(c4ccccc4)C(=O)c5ccccc5)C2
dude_jak2__L000491,c1cc(c(c(c1/C=N/n2cnc3c(c2=O)c4c(s3)CCCC4)O)O)O
dude_jak2__L000492,Cc1cccc(c1C)N(c2nc(cs2)CSc3nc4c(c5c(s4)CCC5)c(=O)n3C)C(=O)C
dude_jak2__L000493,CC(C)NC(=O)N1CCC[C@@H](C1)C(=O)NCC(=O)NC
dude_jak2__L000494,Cc1cc([nH]n1)C[C@@H]2c3c(cc4c(c3OC)OCO4)CC[NH+]2C
dude_jak2__L000495,C[C@@H]1C[C@H](CN(C1)C(=O)[C@@H](C)n2c(=O)c(cc(n2)c3ccco3)N)C
dude_jak2__L000496,CC(=O)NC1(CCCCC1)C(=O)Nc2ccc(cc2)n3c(c(cn3)C#N)N
dude_jak2__L000497,c1ccn2c(c1)nc3c(c2=O)cc(c(n3)NC4CCCC4)C(=O)NC5CCCC5
dude_jak2__L000498,C[C@H]1CN(C[C@@H](O1)C)c2ccc(c[nH+]2)CNC(=O)CCCCCNC3=NS(=O)(=O)c4c3cccc4
dude_jak2__L000499,c1c2c(cc(c1N3CCCC[C@@H]3C(=O)N)N)NC(=O)CC2
dude_jak2__L000500,c1ccc2c(c1)OC[C@@H](O2)C(=O)NC[C@@H]3COC4(O3)CCCCC4
dude_jak2__L000501,CC(C)Cc1c(c(on1)N)c2ccc3c(c2)OCCO3
dude_jak2__L000502,CCN1C(=O)/C(=C/c2c(nc3ccc(cn3c2=O)C)NC4CC([NH2+]C(C4)(C)C)(C)C)/SC1=S
dude_jak2__L000503,C[C@@H]1CCC[NH+](C1)[C@@H](C)CNC(=O)C(=O)Nc2ccc(c(c2)C(=O)OC)Cl
dude_jak2__L000504,c1cc2cccnc2c(c1)NC(=O)CCN3C(=O)C4(CCCCC4)NC3=O
dude_jak2__L000505,C[C@H]1C[C@@]2(CC(C1)(C)C)C(=O)N(C(=O)N2)CC(=O)n\3cccc/c3=[NH+]\C(C)C
dude_jak2__L000506,c1ccc2=[NH+]CC(=c2c1)[C@H]3NN(C(=S)N3C[C@H]4CCCO4)C[NH+]5CCCC5
dude_jak2__L000507,CCCOC(=O)c1c2c(sc1NC(=O)c3cc(nc4c3c(nn4C)C)c5c(nn(c5C)C)C)CCCC2
dude_jak2__L000508,C[C@H]1C[C@]2(CC(C1)(C)C)C(=O)N(C(=O)N2)CC(=O)NCCOc3ccc(cc3)Cl
dude_jak2__L000509,Cc1ccc2=[NH+][C@@H]([NH+]=c2c1)C3=C(N(CC3=O)c4ccc(cc4)Oc5ccccc5)N
dude_jak2__L000510,[H]/N=C\1/C(=C\c2cc(c(c(c2)OC)OCCOc3ccccc3C)OC)/C(=O)N=C4N1N=C(S4)C(C)C
dude_jak2__L000511,C1CCCC(CC1)(C#N)NC(=O)CN2CCO[C@@H](C2)C(=O)N
dude_jak2__L000512,c1ccc(cc1)[C@H]2C=C(N(c3n2nnn3)CC(=O)NC[C@@H]4CCCO4)c5ccc(cc5)Cl
dude_jak2__L000513,Cc1ccc(cc1NC(=O)c2cccc(c2)N3C(=O)[C@H]4CC=C(C[C@@H]4C3=O)C)Cl
dude_jak2__L000514,CC[NH+](CC)[C@@H](CNC(=O)Nc1ccc(cc1)S(=O)(=O)N(C)C(C)C)c2ccsc2
dude_jak2__L000515,Cc1ccc(c(c1)C2=C3[C@H](N(C(=O)[C@@H]3N=N2)CCO)c4cccc(c4)O)O
dude_jak2__L000516,CN1C2=C([C@@H](NC1=O)c3cccc(c3)Oc4ccccc4)C(=O)N(C2)[C@H](c5ccccc5)C(=O)N6CCCC6
dude_jak2__L000517,Cc1ccc(cc1)c2nc3n(n2)[C@@H](C(=O)N3)CC(=O)Nc4ccc(cc4C)C
dude_jak2__L000518,c1cc(c(cc1[N+](=O)[O-])NC(=O)COc2ccc(cc2C=O)Cl)Cl
dude_jak2__L000519,C[C@@H]1C[C@H]1NC(=O)C2(CCCCCC2)C[NH3+]
dude_jak2__L000520,Cc1cccc2=C[C@H](C(=O)[NH+]=c12)[C@H]([C@@H]3N=NNN3C4CCCC4)[NH+](Cc5cccs5)C[C@@H]6CCCO6
dude_jak2__L000521,CC(C)CNC(=O)c1ccccc1N2C(=O)[C@@H]3CC4=c5ccccc5=[NH+][C@H]4[C@H](N3C2=O)c6cccc(c6)OC
dude_jak2__L000522,CC(C)(C)[C@H](c1cccs1)[NH2+]CC(=O)NC[C@H]2CC[NH+](C2)CC(F)(F)F
dude_jak2__L000523,c1ccc2c(c1)cccc2C(=O)NNc3c(c(ncn3)N4CCN(CC4)c5cccc[nH+]5)[N+](=O)[O-]
dude_jak2__L000524,c1ccc2cc(ccc2c1)/C=C\3/C(=O)N/C(=N\c4ccccc4Cl)/S3
dude_jak2__L000525,CCc1cccc(c1NC(=O)CN2C(=O)[C@@](NC2=O)(C)c3ccc(cc3)[N+](=O)[O-])C
dude_jak2__L000526,C[C@H]1CCC[C@H](C1)NC(=O)c2cc(cc(c2)N)N
dude_jak2__L000527,CCOC(=O)C1=C2CC([NH2+]C([C@H]2S[C@@H]1NC(=O)COC(=O)CC3=c4ccccc4=[NH+]C3)(C)C)(C)C
dude_jak2__L000528,CCOC(=O)c1c(csc1NC(=O)c2cccc3c2cccc3)c4cccc(c4)[N+](=O)[O-]
dude_jak2__L000529,COC(=O)NC(=O)CN1Cc2ccccc2C[C@H]1C(=O)N
dude_jak2__L000530,Cc1cc(n(n1)C)NC(=O)c2ccc3c(c2)c(c([nH]3)C)C
dude_jak2__L000531,CCOC(=O)COc1ccc(cc1OC)C=C2C(=O)N(C(=S)N(C2=O)c3ccccc3)c4ccccc4
dude_jak2__L000532,Cc1c(c(n(n1)c2ccccc2)Cl)/C=C/C(=O)OCc3cc(oc-4cc(=[NH+]C(=O)C)ccc34)O
dude_jak2__L000533,Cc1cc(c(c(c1Cl)C)Br)OCC(=O)N/N=C/c2ccccc2[N+](=O)[O-]
dude_jak2__L000534,CC[C@@H]1C(=C(NC(=O)N1)C[NH+]2CCC[C@@H]2c3ccc4c(c3)OCCCO4)C(=O)OCC
dude_jak2__L000535,CN6CCN(C(=O)c5ccc(c4cnc3cccc(c2ccc(CN1CCS(=O)(=O)CC1)cc2)c3n4)cc5C)CC6
dude_jak2__L000536,COC(=O)c1cc(ccc1NC(=O)c2ccc(cc2)[N+](=O)[O-])Br
dude_jak2__L000537,C[C@@H](C(=O)/N=c/1\[nH]c2ccccc2s1)NC(=O)[C@@H]3C=c4cc(c(c(c4=[NH+]3)OC)OC)OC
dude_jak2__L000538,Cc1c(c2c(c(c1Cl)C)NC(=O)[C@H](O2)C)N
dude_jak2__L000539,Cc1c(c(on1)c2ccccc2)NC(=O)NC[C@H]3COc4ccccc4O3
dude_jak2__L000540,CC(=CC[NH+]1CCNC(=O)[C@@H]1CC(=O)NC(c2ccccc2)c3ccccc3)C
dude_jak2__L000541,C[C@H](C(=O)NC(=O)Nc1ccccc1)Sc2nnc(n2CCC(=O)[O-])c3cccs3
dude_jak2__L000542,CCCCOc1cccc(c1)[C@H]2c3c(=O)c4cc(ccc4oc3C(=O)N2[C@@H]5CCS(=O)(=O)C5)Cl
dude_jak2__L000543,C[C@@H](c1nc(no1)c2ccccc2)[NH+]3CCNC(=O)[C@@H]3C(C)C
dude_jak2__L000544,c1cc(ccc1/C=N/NC(=O)[C@@H]2C=C(N=N2)c3ccc(cc3)Cl)[N+](=O)[O-]
dude_jak2__L000545,CCn1ccc(n1)C(=O)NCc2c(nc3n2nc(s3)C)C
dude_jak2__L000546,C[C@@H](C(=O)NNC(=O)c1c2c([nH]n1)CCCC2)OC
dude_jak2__L000547,C[C@@H](C(=O)Nc1ccc(cc1Cl)[N+](=O)[O-])[NH+]2CCN(CC2)S(=O)(=O)c3ccccc3[N+](=O)[O-]
dude_jak2__L000548,CCOc1ccccc1c2nc(on2)CN3c4ccc(cc4C[C@H]3C)S(=O)(=O)N
dude_jak2__L000549,c1cc2c(cc1NC(=O)[C@@H]3CCCC[C@@H]3CO)OCO2
dude_jak2__L000550,CC1=C([C@H](NC(=O)N1)c2cc3c(cc2Br)OCO3)C(=O)OC[C@@H]4CCCO4
dude_jak2__L000551,Cc1ccccc1n2c3c(c(n2)C(=O)N[C@@H](c4nnc5n4cccc5)C(C)C)CCC3
dude_jak2__L000552,Cc1ccc2=C[C@H](C(=O)[NH+]=c2c1)[C@H](c3nnnn3CCOC)N4CCN(CC4)c5cc(ccc5C)Cl
dude_jak2__L000553,Cc1cc(ccc1NC(=O)CSc2nc3nc(c(c(n3n2)C)CC(=O)[O-])C)Cl
dude_jak2__L000554,CC(=O)Nc1c(n(c(=O)n(c1=O)C)C[C@H]2CCC=CC2)N
dude_jak2__L000555,CCc1c(sc(c1C#N)NC(=O)N2CCN(CC2)CC(=O)N)C
dude_jak2__L000556,Cc1cccc2=C[C@H](C(=O)[NH+]=c12)[C@H]3[C@@H](N4C=C(C=CC4=N3)C)[NH2+]C[C@@H]5CCCO5
dude_jak2__L000557,Cc1ccc(cc1)S(=O)(=O)N(CC(=O)Nc2c(n(n(c2=O)c3ccccc3)C)C)c4ccccc4Cl
dude_jak2__L000558,C[C@H]([C@H]1CCCO1)NS(=O)(=O)c2cc(ccc2N)[N+](=O)[O-]
dude_jak2__L000559,Cc1ccc(cc1)S(=O)(=O)N=C2NC[NH+](CN2)CCOC(=O)c3ccccc3
dude_jak2__L000560,c1cc(c(cc1Br)Cn2c(c(cn2)I)N)F
dude_jak2__L000561,CCOCCn\1c2ccc(cc2s/c1=N\S(=O)(=O)c3ccc(cc3)F)S(=O)(=O)N
dude_jak2__L000562,COCCCN1C(=O)c2c(c(=O)c3ccccc3o2)[C@@]14c5ccccc5N(C4=O)Cc6ccc(cc6)F
dude_jak2__L000563,CCOc1ccc(cc1)n2c(nnc2S[C@H](C)C(=O)N3c4ccccc4C[C@H]3C)C5=c6ccccc6=[NH+]C5
dude_jak2__L000564,C[C@@]12CC[C@H](CC1=CC[C@@H]3[C@@H]2CC[C@@]4([C@@H]3CC=C4C(=O)C[C@@H]5c6c(cc7c(c6OC)OCO7)CC[NH+]5C)C)O
dude_jak2__L000565,C/C(=N/N=C\1/NC(=O)[C@@H](S1)CC(=O)Nc2ccc(cc2)OC)/c3ccc(cc3)Cl
dude_jak2__L000566,Cc1cc(n(n1)c2ccc(cn2)C(=O)Nc3nc(cs3)C[NH+]4C[C@@H](C[C@H](C4)C)C)C
dude_jak2__L000567,c1ccc(c(c1)c2c(noc2N)c3ccco3)Br
dude_jak2__L000568,Cc1c(sc(n1)N2[C@H](c3c(=O)c4ccccc4oc3C2=O)c5cccc(c5)OCC=C)C(=O)OC
dude_jak2__L000569,c1cc(c(cc1N)Cl)NC(=O)[C@@H]2CCCCO2
dude_jak2__L000570,C[C@H](C(=O)Nc1ccccc1C(=O)c2ccccc2)[NH+]3CCC(CC3)C(=O)Nc4ccccc4OC
dude_jak2__L000571,c1c2=C[C@@H](C(=O)[NH+]=c2cc3c1OCO3)/C=N/Nc4c5c6c(sc5ncn4)CCCC6
dude_jak2__L000572,Cc1ccc(cc1)n2c(nnc2SCC(=O)NC(=O)Nc3ccc4c(c3)OCO4)C
dude_jak2__L000573,c1cc(ccc1Cn2cc(c(n2)C(=O)N/N=C/c3ccc(cc3)Br)Br)[N+](=O)[O-]
dude_jak2__L000574,CC(C)[C@H]1CCc2c(cc(c(=O)[nH]2)C[NH3+])C1
dude_jak2__L000575,CC1CC[NH+](CC1)[C@@H](C)CNC(=O)c2ccccc2n3cnnn3
dude_jak2__L000576,CC(=O)NCC(=O)NCC(=O)N1[C@H]2CCCC[C@@H]2C[C@@H]1C(=O)OC
dude_jak2__L000577,c1ccc(c(c1)[C@@H]2c3c([nH]c(=O)[nH]c3=O)NC4=C2C(=O)CCC4)OC(F)F
dude_jak2__L000578,CC(C)S(=O)(=O)c1ccc(c(c1)Cc2ccccc2)N3CC[NH2+][C@H](C3)S(=O)(=O)Oc4ccccc4
dude_jak2__L000579,C[C@@H](C(=O)NCCC1=c2cc(ccc2=[NH+]C1)OC)NC(=O)C[C@@H]3c4ccccc4C(=O)N=[NH+]3
dude_jak2__L000580,c1cc(sc1C(=O)c2cc3c(cc2Br)[nH]c(=O)[nH]3)Cl
dude_jak2__L000581,c1cc(c(cc1[N+](=O)[O-])NC(=O)[C@@H]2Cc3cc(ccc3O2)Cl)OC(F)F
dude_jak2__L000582,CCC[NH2+]Cc1ccc(nc1)c2ccc(cc2)CN([C@H](C)C[NH+](C)C)C(=O)c3c(nn(n3)c4ccccc4)C
dude_jak2__L000583,Cc1ccc(cc1)NC(=O)Cc2nc(cs2)CSc3nnc(s3)SCC(=O)N
dude_jak2__L000584,CC(C)NC(=O)NNC(=O)[C@@H]1CC(=NO1)c2ccc(s2)Cl
dude_jak2__L000585,c1ccc(cc1)N2C=C([C@@H](N2)c3ccc(cc3)Cl)/C=N/N4[C@@H]([NH+]=NC4=S)c5ccncc5
dude_jak2__L000586,CCCCCN1C(=O)[C@]2(Cc3c([nH+]c4ccccn4c3=O)N5[C@@H]2c6ccccc6CC5)C(=O)NC1=O
dude_jak2__L000587,CCc1ccc2c(c1)[C@@]3([C@H]4[C@@H]([C@@H]([NH2+]3)Cc5ccccc5)C(=O)N(C4=O)CCc6ccccc6)C(=O)N2
dude_jak2__L000588,c1cc(sc1Cn2ccc3c2cnc(c3)C(=O)NO)Cl
dude_jak2__L000589,C[C@@H]1CCC[C@H]([C@@H]1C(=O)NCC(C)(C)C)[NH3+]
dude_jak2__L000590,CCOC(=O)C1=C(N(C(=O)N[C@@H]1c2ccc(cc2)C(C)C)C)CN3CCN(CC3)C(=O)c4ccco4
dude_jak2__L000591,Cc1ccc(c(c1)C)NC(=O)[C@H](c2ccccc2)NS(=O)(=O)c3cccc4c3nsn4
dude_jak2__L000592,Cc1c(oc2c1cc3c(c(c(=O)oc3c2)CC(=O)NCc4ccc(cc4)S(=O)(=O)N)C)C
dude_jak2__L000593,CC[C@@H](C)C(=O)N1C[C@@H](C2(C1)CC[NH2+]CC2)C(=O)NCc3cc4ccccc4[nH]3
dude_jak2__L000594,C[C@H](C(=O)NCC[NH+]1CCCC1)N2c3cc(ccc3OCC2=O)C(=O)COc4cccc(c4)OC
dude_jak2__L000595,CC[C@H](C/C(=N/O)/N)NC(=O)c1ccccc1O
dude_jak2__L000596,CC(C)[C@H](C(=O)NC(=O)N)OC(=O)c1ccc2=[NH+][C@H]3CCCCC3=c2c1
dude_jak2__L000597,CCC1=C(C[C@@H](S1)C(=O)NCC(=O)Nc2nc(c(s2)c3nnc(n3C)[S-])C)C
dude_jak2__L000598,Cc1c(cn(n1)c2ccc(cc2)F)c3nc(on3)C(=O)NC4CCCCCCC4
dude_jak2__L000599,Cc1ccc(c(c1)S(=O)(=O)/N=C\2/[C@@H]([NH+]=c3ccccc3=[NH+]2)Nc4cc(c(cc4OC)OC)Cl)C
dude_jak2__L000600,CCn1c(=O)c(c(n(c1=O)CC2CCCCC2)N)NC(=O)C
dude_jak2__L000601,CCOc1ccc2c(c1)sc(n2)N(Cc3cccnc3)C(=O)c4ccc(cc4)S(=O)(=O)N(C)C(C)C
dude_jak2__L000602,CCOC(=O)C1=C(NC(=O)N[C@H]1c2ccc3c(c2)OCO3)C[NH+]4CCSCC4
dude_jak2__L000603,COC(=O)c1ccc(cc1)[C@@H]2c3c(c4ccccc4[nH]3)C[C@@H]5N2C(=O)CN(C5=O)CCC6=CCCCC6
dude_jak2__L000604,Cc1c(c(=O)[nH]c(=O)[nH]1)S(=O)(=O)Nc2cccc3c2cccc3
dude_jak2__L000605,c1cc(ccc1CNC(=O)CS[C@H]2[NH+]=c3ccc(cc3=[NH+]2)[N+](=O)[O-])S(=O)(=O)N
dude_jak2__L000606,CCOC(=O)NC(=O)c1ccsc1NC(=O)[C@H]2CCCN2S(=O)(=O)c3ccc(s3)Cl
dude_jak2__L000607,Cc1c(c(=O)n(n1C)c2ccccc2)N3C(=O)/C(=C/4\c5ccccc5N(C4=O)CC(=O)Nc6ccc(cc6)F)/SC3=S
dude_jak2__L000608,C[C@@H](C(=O)NC(=O)NC1CCCCC1)N2CCN(CC2)C(=O)C(C)C
dude_jak2__L000609,Cc1cs/c(=N\S(=O)(=O)c2cc(cc(c2Br)N)Cl)/[nH]1
dude_jak2__L000610,C1CCC(CC1)NC(=O)[C@@H]2CCCC[C@@H]2[NH3+]
dude_jak2__L000611,Cc1cccn2c1nc(c(c2=O)/C=C(\C#N)/S(=O)(=O)c3ccc(cc3)Cl)Oc4ccccc4F
dude_jak2__L000612,Cc1cccc(c1)C(=O)Nc2ccc(cc2)C(=O)N/N=C/c3ccc(cc3O)O
dude_jak2__L000613,Cc1nnc(s1)N2[C@@H](c3c(=O)c4cc(ccc4oc3C2=O)Br)c5ccc(cc5)OCC=C
dude_jak2__L000614,C[C@@]12[C@@H]3C(=c4ccccc4=[NH+]3)CCN1C(=O)N(C2=O)c5ccccc5C(=O)NC6CC([NH2+]C(C6)(C)C)(C)C
dude_jak2__L000615,CC1=C([C@H](C2=C(N1)CC(CC2=O)(C)C)c3ccc(nc3Cl)Cl)C(=O)OC
dude_jak2__L000616,CN(C[C@H]1CCCCC[C@@H]1[NH3+])c2ccc(cc2)O
dude_jak2__L000617,CC1CCC(CC1)N(C)C(=O)CSc2nnc3n2c4ccccc4c(=O)n3c5cccc(c5)OC
dude_jak2__L000618,Cc1ccc2=[NH+]C(=O)[C@@H](C=c2c1)[C@H]([C@@H]3N=NNN3C4CCCCC4)[NH+](Cc5cccnc5)Cc6ccco6
dude_jak2__L000619,CC[C@@H]1CCc2c(sc(c2C(=O)OCC)NC(=O)c3ccc(c(c3)[N+](=O)[O-])Cl)C1
dude_jak2__L000620,C[C@@H](C(=O)Nc1ccc2c(c1)OCO2)N3CCN(CC3)c4cccc[nH+]4
dude_jak2__L000621,C[C@@H](c1nc2cc(ccc2n1c3cc(ccc3F)Br)N)O
dude_jak2__L000622,c1ccc(cc1)[C@H]2CCc3c(cc4c(c(sc4[nH+]3)C(=O)[O-])N)C2
dude_jak2__L000623,CC1CCC(CC1)Nc2ccc(cc2[N+](=O)[O-])C(=O)NCC(=O)OC
dude_jak2__L000624,CCN1C=C(C(=C(C1=C/C=C(\C#N)/C(=O)OC)C#N)N)C(=O)OC
dude_jak2__L000625,Cc1ccccc1[C@H]2[C@@H]3CC=C[C@@H]3c4cc(ccc4N2)C(=O)N(C)c5ccccc5
dude_jak2__L000626,CCn1cc(cc1C(=O)N2C[C@@]3(C[C@H]2CC(C3)(C)C)C)N
dude_jak2__L000627,Cc1csc(n1)CN(C)c2c3cn[nH]c3nc(n2)N
dude_jak2__L000628,c1cc2c(cc1[N+](=O)[O-])sc(n2)N[C@@H]3CC[NH+](C3)C4CC4
dude_jak2__L000629,Cc1ccc2c(c1)C(=O)N(C2=O)CCCC(=O)Nc3ccc(cc3)[N+](=O)[O-]
dude_jak2__L000630,C/C(=N/NC1=[NH+][C@H](N=N1)SCC(=O)N[C@@H]2[C@@H](C3=C(S2)CCCC3)C#N)/c4cccc(c4)OC
dude_jak2__L000631,C[C@@]12CCC[C@@]([C@@]1(C[C@H]3[C@@H](C2)OC(=O)[C@@H]3C[NH+]4CCN(CC4)c5cccc(c5)Cl)O)(C)OC
dude_jak2__L000632,CCOc1ccc(cc1OCC)[C@H]2c3c(=O)c4cc(c(cc4oc3C(=O)N2c5ccccn5)C)C
dude_jak2__L000633,C=CCN([C@H]1CCc2c1cccc2)S(=O)(=O)c3ccc4=[NH+]C(=O)C(=O)[NH+]=c4c3
dude_jak2__L000634,CCCn1c2ccc(cc2sc1=O)S(=O)(=O)N3CCN(CC3)C(=O)[C@H]4C=c5cc(ccc5=[NH+]4)Cl
dude_jak2__L000635,CCOc1ccc2=[NH+][C@@H](C(=c2c1)NC(=O)C[NH+]3CCN(CC3)c4ccccc4F)C(=O)OCC
dude_jak2__L000636,Cc1c(sc2c1c(=O)[nH]c(n2)[C@@H](C)OC(=O)c3ccc(cc3)C(=O)OC)C
dude_jak2__L000637,Cc1c(nc(o1)c2ccccc2)[C@@H]3CC(=O)N[C@@H]4[C@@H]3[C@@H](N=N4)C(=O)NC
dude_jak2__L000638,Cc1c(c(n(n1)C)C)/C=C/C(=O)N[C@H](C)c2ccc3c(c2)[nH]c(=O)[nH]3
dude_jak2__L000639,CCOc1cc(ccc1OCC=C)[C@H]2c3c(=O)c4cc(ccc4oc3C(=O)N2c5nnc(s5)C)C
dude_jak2__L000640,CC/C(=C/c1[n+](c2ccc3c(c2s1)nsn3)CC)/C=C\4/N(c5ccc6c(c5S4)nsn6)CC
dude_jak2__L000641,C1CCc2c(sc3c2c(nc(n3)C[NH+]4CCC(CC4)C(=O)NC5CC5)N)CC1
dude_jak2__L000642,c1ccc2c(c1)c(cn2CC(=O)N3CCCCC3)C(=O)C(=O)N4CCN(CC4)c5cccc(c5)Cl
dude_jak2__L000643,c1ccc(cc1)C(=O)NNC(=O)Cn2cnc3c4ccccc4oc3c2=O
dude_jak2__L000644,Cc1cc(c(o1)C)[C@@H](C)NC(=O)c2cc(ccc2Br)N
dude_jak2__L000645,CSc1ccc(c(c1)C(=O)OCC(=O)NC(=O)Nc2ccc3c(c2)OCCO3)Cl
dude_jak2__L000646,Cc1c2c(n(n1)c3ccccc3)OC(=C([C@@H]2c4ccc(o4)c5nc6ccccc6s5)C#N)N
dude_jak2__L000647,CC(C)c1c2c(c(c(=O)[nH]1)C#N)CCC2
dude_jak2__L000648,Cc1cc(c(c2c1nc(s2)NN)C)I
dude_jak2__L000649,Cc1ccc(c(c1)C)N(c2nc(cs2)COC(=O)CN3C(=O)[C@@]4(CCCC[C@H]4C)NC3=O)C(=O)C
dude_jak2__L000650,CC(C)(C)[C@@H](c1cccs1)NC(=O)c2ccn(n2)c3cccc(c3)[N+](=O)[O-]
dude_jak2__L000651,CC(C)C[C@H](C(=O)Nc1nc2c(s1)C(=O)CCC2)N3C(=O)c4ccccc4C3=O
dude_jak2__L000652,COC(=O)Cn\1c2cc3c(cc2s/c1=N\C(=O)c4ccccc4I)OCCO3
dude_jak2__L000653,c1cc(cc(c1)F)NC(=O)C(=O)N/N=C/c2ccc3c(c2)OCO3
dude_jak2__L000654,c1ccc(c(c1)c2nnc(n2N)SCC(=O)Nc3cccc(c3Cl)Cl)O
dude_jak2__L000655,C[C@@H](C(=O)Nc1ccc2c(c1)OCO2)N3C(=O)[C@H]4CC=CC[C@@H]4C3=O
dude_jak2__L000656,C[C@@](C1CC1)(C(=O)Nc2c(cc(cc2Br)Br)C(=O)OC)[NH3+]
dude_jak2__L000657,Cc1ccsc1C(=O)NNC(=O)c2ccc(c(c2)C)N3CCNC3=O
dude_jak2__L000658,Cc1cc(=O)oc2c1ccc(c2)O[C@]3([C@]([C@]([C@]([C@@](O3)(C)CO)(C)O)(C)O)(C)O)C
dude_jak2__L000659,c1ccc2c(c1)nc(c(n2)N3CCN(CC3)c4cccc[nH+]4)NS(=O)(=O)c5ccc(cc5)Cl
dude_jak2__L000660,CC(C)N(C)S(=O)(=O)c1cccc(c1)C(=O)O[C@@H](c2ccccc2)C(=O)NC(=O)NC
dude_jak2__L000661,CCCCN1CC(=O)N2C[C@@H](C3=c4ccccc4=[NH+][C@@H]3[C@]2(C1=O)C)c5ccc(c(c5)OC)OC(C)C
dude_jak2__L000662,Cc1ccc(c(c1)C)NC(=O)NC(=O)COC(=O)c2ccccc2C(=O)N(C)c3ccccc3
dude_jak2__L000663,CC1(CCCCC1)C(=O)N2C[C@H](C3(C2)CC[NH2+]CC3)C(=O)NCCc4ccc(cc4)Br
dude_jak2__L000664,c1cc(c(cc1Cl)[N+](=O)[O-])NC(=O)C[NH+]2CCC(CC2)C(=O)N
dude_jak2__L000665,Cc1ccc(cc1)CCC2CC[NH+](CC2)CCC(=O)NN3C(=O)C4(CCCCC4)NC3=O
dude_jak2__L000666,CC1(O[C@@H]2[C@H](O1)[C@@H](O[C@@H]3[C@@H]2OC(O3)(C)C)C(=O)Nc4ccc(c(c4)Cl)OC)C
dude_jak2__L000667,CC1=C2[C@H](SCC(=O)N[C@@H]2N=N1)c3ccc(cc3)OCC(=O)N
dude_jak2__L000668,c1ccc(cc1)OCc2ccc(o2)C(=O)NNS(=O)(=O)c3cc(cs3)C(=O)[O-]
dude_jak2__L000669,Cc1cc(ccc1NC(=O)c2c(ccc(n2)N)Cl)[N+](=O)[O-]
dude_jak2__L000670,CC(C)CC(=O)O[C@H]1[C@H](c2c(ccc(c2O)/C=C/C(=O)N3CCCCC3)OC1(C)C)[NH+]4CCCCC4
dude_jak2__L000671,CC1(C(=S)C(=C2SC(=C(S2)C(=O)OC)C(=O)OC)c3cc(cc4c3N1C(=O)C4=O)OC)C
dude_jak2__L000672,Cc1cccc(c1)O[C@H](C)C(=O)N/N=C/c2ccc(c(c2)[N+](=O)[O-])Cl
dude_jak2__L000673,Cc1cc(nc2c1c(c(s2)C(=O)Nc3cc(ccc3Cl)Cl)N)C
dude_jak2__L000674,c1cc(cc(c1)S(=O)(=O)NCCC(=O)[O-])C(=O)/C=C/c2cc3c(c(c2)Cl)OCO3
dude_jak2__L000675,Cc1c(c2cc(c3ccccc3c2o1)NS(=O)(=O)c4ccc5=[NH+]C(=O)[NH+]=c5c4)C(=O)C
dude_jak2__L000676,c1cc(ccc1/C=N/NC(=O)CCC(=O)Nc2ccc(cc2)I)[N+](=O)[O-]
dude_jak2__L000677,Cc1cc(ccc1Cl)OCC(=O)OCC(=O)Nc2ccc3c(c2)OC4(O3)CCCC4
dude_jak2__L000678,Cc1ccc(cc1)COc2ccc(cc2)[C@@H]3CC(=O)NC4=NC(=NC(=O)[C@H]34)N
dude_jak2__L000679,Cc1ccc(cc1)/C(=N/NC(=O)Cc2c[nH]c3c2cccc3)/C45C[NH+]6CN(C4)CN(C5)C6
dude_jak2__L000680,Cc1ccc(cc1)n2c(nnc2SCC(=O)N(C)[C@@H]3CCS(=O)(=O)C3)c4ccc(cc4)Cl
dude_jak2__L000681,CN(Cc1ccsc1)C(=O)COC(=O)c2ccc3c(c2N)C(=O)c4ccccc4C3=O
dude_jak2__L000682,C[NH+](C)[C@@H](CNC(=O)N1CCC[C@H]1c2ccc3c(c2)OCCO3)c4cccc(c4)OC
dude_jak2__L000683,Cc1ccc2c(c1)[C@H](CCN2S(=O)(=O)c3ccc4c(c3)[nH]c(=O)[nH]4)O
dude_jak2__L000684,Cc1nnc(n1C2CCCCC2)SCc3[nH]c(=O)c4c(csc4n3)c5ccco5
dude_jak2__L000685,CC(C)[NH+]1CCc2c(sc(c2C(=O)OC)NC(=O)c3cc4ccccc4oc3=O)C1
dude_jak2__L000686,CC(C)C[C@@H](C(=O)N[C@H]1CCCc2c1cccc2)N3C(=O)[C@@]4([C@H]5C(=c6ccccc6=[NH+]5)CCN4C3=O)C
dude_jak2__L000687,Cc1c2c(nc(nc2sc1C(=O)Nc3cnn(c3)C(C)C)C)C
dude_jak2__L000688,C[C@H](C(=O)Nc1cccc2c1C(=O)c3ccccc3C2=O)OC(=O)[C@@H](C)Oc4ccccc4
dude_jak2__L000689,c1ccc2c(c1)[nH]c(n2)Sc3ccc(cc3N)Br
dude_jak2__L000690,Cc1ccc2c(c1)[C@@H](CCN2S(=O)(=O)c3cccc(c3)[N+](=O)[O-])O
dude_jak2__L000691,c1ccc(cc1)N2C(=O)[C@H]3[C@H]4CCC[NH+]4[C@@]5([C@H]3C2=O)c6cc(ccc6NC5=O)Br
dude_jak2__L000692,CNC(=O)C[NH+]1CCC(CC1)NC(=O)c2cc3ccc(cc3[nH]2)Cl
dude_jak2__L000693,Cc1ccc(c(c1)C)NC(=O)NC(=O)[C@@H](C)Sc2nnnn2CC=C
dude_jak2__L000694,Cc1cccc(c1)CSc2nnc(n2N)N/N=C/c3cnn(c3)C(C)C
dude_jak2__L000695,Cc1c(sc2c1c(=O)n(cn2)CCC(=O)NCc3ccc(cc3)C[NH+]4C[C@@H](C[C@H](C4)C)C)C
dude_jak2__L000696,c1cc(cc(c1)Br)[C@@H]2N[C@@H](N=[NH+]2)[C@@H]3C(=CN=N3)NCc4ccncc4
dude_jak2__L000697,CC(C)[C@H](C(=O)N1C[C@H](C2(C1)CC[NH2+]CC2)C(=O)NCc3ccc(c(c3)Cl)Cl)Oc4ccccc4
dude_jak2__L000698,[H]/N=C\1/N(C(=O)/C(=C\c2ccc(cc2)OC)/S1)c3c(non3)N
dude_jak2__L000699,Cc1cc(no1)Nc2cc(=O)n(c(=O)[nH]2)c3cccc(c3)Br
dude_jak2__L000700,CC1(CC(CC([NH+]1C)(C)C)NC(=O)[C@@H]2C(=NC=N2)C(=O)[O-])C
dude_jak2__L000701,CC1([C@H]2CC[C@@]1(C(=O)C2)C(=O)NNC(=O)c3ccccc3[N+](=O)[O-])C
dude_jak2__L000702,c1ccc(c(c1)CC(=O)NNC(=O)NCC2(CCCC2)[NH+]3CCSCC3)F
dude_jak2__L000703,Cc1ccnc(c1)n2c(=O)c3ccccc3nc2SCc4nc(nc(n4)N(C)C)N
dude_jak2__L000704,c1cc(oc1)[C@H](CNC(=O)c2cc(ccc2Br)S(=O)(=O)NC3CC3)[NH+]4CCCCC4
dude_jak2__L000705,Cc1ccc(cc1C)n2c(nnc2SCC(=O)N3CCNC3=O)c4ccccc4
dude_jak2__L000706,Cn1c2c(c(=O)n3c1c(cn3)C(=O)NC4CCCCCC4)CN(CC2)C
dude_jak2__L000707,C[C@@H](C(=O)Nc1cccc(c1)C(=O)C)S[C@@H]2NN=C(N2C3CC3)C4=c5ccccc5=[NH+]C4
dude_jak2__L000708,CC1=C(S[C@]2(N1Cc3ccccc3)N(N=C(S2)C(=O)C)c4ccc(cc4)Br)C(=O)OC
dude_jak2__L000709,COc1ccc(cc1)C2=NC(=NC(=O)C2)S[C@H]3C(=c4cc(ccc4=[NH+]C3=O)Cl)c5ccccc5
dude_jak2__L000710,c1ccc(cc1)/C=C/C(=O)c2ccc(cc2)O[C@H]3[C@H]([C@@H]([C@@H]4[C@@H](O3)CO[C@@H](O4)c5ccco5)O)O
dude_jak2__L000711,CCOc1cc(ccc1O)[C@@H]2C(=C(C(=O)N2CC[NH+](C)C)[O-])C(=O)c3c(n4cccc(c4n3)C)C
dude_jak2__L000712,c1csc2c1c(=O)n(cn2)CCC(=O)NNC(=O)c3cc4c(s3)CCCCCC4
dude_jak2__L000713,Cc1cc(ccc1Cl)OC[C@H](CN2CC[NH+](CC2)CCN3C(=O)c4cccc5c4c(ccc5)C3=O)O
dude_jak2__L000714,CCn1c(c(c(c(c1=O)C#N)C)/C=C\2/C(=O)N(C(=S)S2)CCc3ccc(cc3)OC)N4CCCCC4
dude_jak2__L000715,CCc1ccc(cc1)NC(=O)Cn2c(=O)n3cnc4c(c3n2)c5c(s4)C[C@@H](CC5)C
dude_jak2__L000716,O=c\3[nH]c2ccc(c1cccnc1)cc2c/3=C/c4ccc[nH]4
dude_jak2__L000717,Cc1c(cco1)c2nnc(n2N)SCC(=O)N[C@@H]3CCC[C@@H]([C@@H]3C)C
dude_jak2__L000718,Cc1c[nH+]c([nH]1)CN(C)C(=O)C[C@H]2C(=O)NCC[NH+]2Cc3ccc(c(c3C)C)OC
dude_jak2__L000719,C[C@H]1c2ccccc2CCN1C(=O)CN(CC(C)C)S(=O)(=O)c3ccc(c(c3)[N+](=O)[O-])Cl
dude_jak2__L000720,c1ccc(cc1)C2(C(=O)N(C(=O)N2)NC(=O)C[NH+]3CCN(CC3)C(=O)C4CC4)c5ccccc5
dude_jak2__L000721,c1ccc2c(c1)CCN(C2)C(=O)c3ccc(o3)CN4CCn5cccc5[C@@H]4c6ccc(cc6)[N+](=O)[O-]
dude_jak2__L000722,Cc1ccc(o1)c2nnn(n2)CC(=O)N(c3ccccc3F)[C@@H](c4ccc(cc4)F)C(=O)NC5CCCC5
dude_jak2__L000723,CCNC(=O)NC(=O)[C@@H](C)Sc1nc2ccccc2c(=O)n1c3ccc(cc3)OCC
dude_jak2__L000724,c1ccc(c(c1)N)S(=O)(=O)/N=c/2\[nH]c3c(s2)CCCC3
dude_jak2__L000725,C[C@@]1(C(=O)N(C(=O)N1)CC(=O)NN(c2ccccc2)c3ccccc3)c4ccccc4
dude_jak2__L000726,Cc1c2cc3c4c(oc3c(c2oc(=O)c1CCC(=O)N5C[C@H]6C[C@@H](C5)c7cccc(=O)n7C6)C)CCCC4
dude_jak2__L000727,CCn1c(c(c(n1)C)CNC(=O)[C@@H]2C(=c3cc(ccc3=[NH+]2)C)NC(=O)c4ccc(cc4)Cl)C
dude_jak2__L000728,Cc1c(sc2c1c(ncn2)Oc3ccc(cc3F)N)C
dude_jak2__L000729,CC1(CCC[NH+]1CCC(=O)Nc2c(cc(cc2Cl)Cl)N)C
dude_jak2__L000730,CCc1c(sc2c1c(=O)n(c(n2)N3CC[NH+](CC3)CC(=O)N(C)C)CC(=O)NC4CCCCC4)C
dude_jak2__L000731,CC(C)CC[C@]1(C(=O)N(C(=O)N1)CC(=O)N[C@H]2CCS(=O)(=O)C2)C
dude_jak2__L000732,CC(C)(C)NC(=O)[C@H](c1ccc2c(c1)OCO2)N(C(=O)c3ccccc3O)C(C)(C)C
dude_jak2__L000733,COc1cc(cc2c1N[C@H]([C@@H]3[C@H]2C=CC3)c4cc[nH+]cc4)[N+](=O)[O-]
dude_jak2__L000734,C[C@H]1CCCN(C1)C(=O)CCNC(=O)N(C)C2CC[NH+](CC2)C3CCOCC3
dude_jak2__L000735,C[C@@H](C(=O)Oc1ccc2cc(c(=O)oc2c1)C(=O)NCCc3ccccc3)N4C(=O)c5ccccc5C4=O
dude_jak2__L000736,c1c(cc(c2c1OCCO2)Cl)/C=C/C(=O)NNC(=O)NCC3CC3
dude_jak2__L000737,Cc1ccccc1OC[C@@H](C[NH+](Cc2[nH]c(=O)c3c(c(sc3n2)C(=O)OCC=C)C)C(C)C)O
dude_jak2__L000738,CCc1cc(=O)oc2c1ccc(c2C)OCC(=O)NCC(=O)N3CC[C@@]4(CCCC[C@H]4C3)O
dude_jak2__L000739,CCC[NH+]1CCN(CC1)S(=O)(=O)c2cc3c(cc2Cl)NC(=O)CO3
dude_jak2__L000740,c1cc(cc(c1)C(F)(F)F)C(=O)N2CCOC23CCN(CC3)c4c(cc(c[nH+]4)C(F)(F)F)Cl
dude_jak2__L000741,c1ccc2c(c1)C(=O)N(C2=O)COC(=O)C3CCN(CC3)S(=O)(=O)c4c(cccc4Cl)Cl
dude_jak2__L000742,CCOC(=O)N1CCN(CC1)C(=O)CN(c2cccc(c2)Br)S(=O)(=O)c3ccc(cc3)C
dude_jak2__L000743,Cc1c(n(c2c1c3nc(nn3cn2)c4cccs4)CCO)C
dude_jak2__L000744,c1ccc2c(c1)c(c[nH]2)C3=CCN(CC3)C(=O)/C=C/c4cc5c(c(c4)Cl)OCO5
dude_jak2__L000745,CCn1c(ncn1)[C@@H]2CC(=O)NC3=NN=C([C@@H]23)c4cccs4
dude_jak2__L000746,Cc1c(c(n(n1)c2ccccc2)C)[C@H]3C(=O)NCC[NH+]3Cc4nc5ccccc5o4
dude_jak2__L000747,C[C@]1\2CC[C@](C1(C)C)(C/C2=N\OC(=O)c3ccc(cc3)[N+](=O)[O-])C(=O)N
dude_jak2__L000748,Cc1ccc(cc1)Sc2c(c(ncn2)N3CCN(CC3)c4cccc[nH+]4)[N+](=O)[O-]
dude_jak2__L000749,C[C@H]1CCc2c(sc3c2c(=O)n4c(n3)c5ccccc5c(n4)NCC[NH+]6CCOCC6)C1
dude_jak2__L000750,Cc1cccc(c1)[C@@H]2c3cc(ccc3CCN2C(=O)c4ccco4)O[C@@H](C)C(=O)N5CCN(CC5)CC=C
dude_jak2__L000751,Cc1c(sc(n1)N)C(=O)N[C@@H]2CCCC[C@H]2C
dude_jak2__L000752,c1ccc(cc1)OCC(=O)NN2[C@@H](Nc3ccc(cc3C2=O)Br)c4ccco4
dude_jak2__L000753,Cc1ccc2=[NH+][C@H]3CC[NH+](CC3=c2c1)Cc4cn(nc4c5ccc6c(c5)OCCO6)C
dude_jak2__L000754,CC1(CC(CC([NH2+]1)(C)C)NC(=O)N2CCC(CC2)NC(=O)C3CCC3)C
dude_jak2__L000755,CC(C)(C#CC#Cc1cc2ccccc2n1C)O
dude_jak2__L000756,C[C@H]1C(=O)N(c2ccccc2O1)CC(=O)NNC(=O)NC(C)C
dude_jak2__L000757,CC(C)Oc1ccccc1NS(=O)(=O)c2ccc3c(c2)[nH]c(=O)[nH]3
dude_jak2__L000758,c1ccc2c(c1)CCN(C2)C(=O)[C@@H]3CC=CC[C@@H]3C(=O)NCCNc4ccc(cn4)[N+](=O)[O-]
dude_jak2__L000759,c1cc(c(cc1N)Cl)Oc2c3ccsc3ncn2
dude_jak2__L000760,CC(C)(C)[NH2+]C[C@H](CN(C[C@H](C[NH2+]C(C)(C)C)C(=O)c1ccccc1)C(C)(C)C)C(=O)c2ccccc2
dude_jak2__L000761,C[C@@H](c1nc(nc(n1)N(C)C)N)[NH+]2CCC(CC2)NC(=O)C3CCCCC3
dude_jak2__L000762,CC(C)[NH+]1CC[C@H](C1)NS(=O)(=O)c2cc(cc(c2)Br)[N+](=O)[O-]
dude_jak2__L000763,c1cc(sc1)n2c(=O)n(nn2)CC(=O)Nc3nc4ccc(cc4s3)Cl
dude_jak2__L000764,C[C@@H](C(=O)O[C@H](C)C(=O)Nc1nc(cs1)c2ccccc2)N3C(=O)c4ccccc4C3=O
dude_jak2__L000765,COc1ccc(cc1N2C(=O)[C@H]3[C@H]4CCC[NH+]4[C@@]5([C@@H]3C2=O)c6ccccc6NC5=O)[N+](=O)[O-]
dude_jak2__L000766,CN(c1cccc(c1)C(=O)N2CC(=O)Nc3c2cccc3)S(=O)(=O)C
dude_jak2__L000767,CCC[C@H](C)NC(=O)[C@@H]1CCC[NH+](C1)[C@@H](C)C(=O)Nc2ccccc2[N+](=O)[O-]
dude_jak2__L000768,Cc1c2c(n(n1)c3ccc(nn3)OC)NC(=O)C[C@@H]2c4cccc(c4)OC(C)C
dude_jak2__L000769,c1ccc(cc1)[C@@H](C(=O)Nc2ccc3c(c2)OCO3)[NH+]4CCC5(CC4)OCCO5
dude_jak2__L000770,COc5cc(c4cnc3cccc(c2ccc(CC(=O)N1CCS(=O)(=O)CC1)cc2)c3n4)cc(OC)c5OC
dude_jak2__L000771,c1cc(ccc1NN/C=C/2\C(=O)NC(=S)S2)Br
dude_jak2__L000772,C[C@@H](c1ccc2c(c1)[nH]c(=O)[nH]2)NC(=O)c3ccc(c(c3)Cl)Cl
dude_jak2__L000773,CCCc1cc(=O)c2c(ccc(c2[nH]1)C)C
dude_jak2__L000774,C[C@@H](c1nc(nc(n1)N(C)C)N)[NH+]2CCC[C@@H](C2)Cc3ccccc3OC
dude_jak2__L000775,c1ccc(c(c1)C[NH+]2CCC(CC2)NS(=O)(=O)c3ccc(s3)[N+](=O)[O-])F
dude_jak2__L000776,CCn1c(c(c(=O)n(c1=O)CC)[C@H]2c3c(c4ccccc4[nH]3)CC[NH2+]2)O
dude_jak2__L000777,c1ccc(c(c1)CNC(=O)[C@@H]2CN(CC23CC[NH2+]CC3)C(=O)c4c(cccc4Cl)Cl)Cl
dude_jak2__L000778,[H]/N=C\1/N(C(=O)C[C@@H](S1)C(=O)Nc2ccc(cc2)C(=O)[O-])/N=C/c3ccccc3Cl
dude_jak2__L000779,c1cc(cc(c1)Br)/C=N/NC(=O)C2[C@@H]3[C@@H]2CC/C=C\CC3
dude_jak2__L000780,Cc1ccc2c(c1)c(c[nH]2)CC[NH2+][C@@H]3CC(=O)N(C3=O)c4ccc(cc4OC)[N+](=O)[O-]
dude_jak2__L000781,CC(C)[C@@H](C(=O)Nc1nc2cc3c(cc2s1)OCCO3)NS(=O)(=O)c4cccs4
dude_jak2__L000782,Cc1c(c(on1)C)CNS(=O)(=O)c2c(nn(c2Cl)C)C
dude_jak2__L000783,CCOC(=O)c1c(oc2c1c(nc(n2)CSc3nnc(o3)c4ccccc4)N)C
dude_jak2__L000784,c1c(cc(nc1NN)Cl)C(=O)N[C@H]2CCCC[C@@H]2O
dude_jak2__L000785,CC(=O)N/N=C/1\CC([C@@H]2CC[C@H]1C2)(C)C
dude_jak2__L000786,C[C@H]([C@H]1CCCCN1CC(=O)Nc2c(cccc2Cl)Cl)[NH3+]
dude_jak2__L000787,CCOc1cc(c(c(c1O)/C=[NH+]/CCNc2ccc(cc2)[N+](=O)[O-])Br)Br
dude_jak2__L000788,c1cc2c(cc1S(=O)(=O)Nc3c4c5c(sc4nc(n3)C[NH+]6CCOCC6)CCC5)OCCO2
dude_jak2__L000789,Cc1ccc(cc1)[C@@H]2[C@@H]3C(=c4ccccc4=[NH+]3)C[C@@H]5N2C(=O)N(C5=O)c6ccccc6C(=O)NCC=C
dude_jak2__L000790,C[C@@H](C(=O)Nc1ccc(cc1)[N+](=O)[O-])N2C(=O)/C(=C/c3ccccc3O)/SC2=S
dude_jak2__L000791,Cc1cc(nc(n1)n2c(cc(n2)C)NC(=O)[C@H](C)NC(=O)CC3CCCCC3)C
dude_jak2__L000792,Cc1c(nc([nH]c1=O)n2c(cc(n2)C3CC3)NC(=O)c4cccs4)C
dude_jak2__L000793,CCNC(=O)[C@H](C)S(=O)(=O)c1nc2ccc(cc2o1)N
dude_jak2__L000794,Cc1c(cc(o1)/C=C/C(=O)Nc2ccc(cc2)S(=O)(=O)N3[C@H](CCC[C@@H]3C)C)C(=O)[O-]
dude_jak2__L000795,C[C@H]1CCc2c(sc3c2c(=O)n(c(n3)SCC(=O)NC(=O)NC4CC4)CC(C)C)C1
dude_jak2__L000796,Cc1cc(no1)NC(=O)C(=O)N2CCC3=c4ccccc4=[NH+][C@H]3[C@H]2C(C)C
dude_jak2__L000797,Cn1c2c(c(n1)c3ccccn3)[C@H](CC(=O)N2)c4c(nc5n4ccs5)Cl
dude_jak2__L000798,c1ccc(c(c1)C2(CCCC2)C(=O)OCC(=O)NC(=O)Nc3ccc4c(c3)OCCO4)F
dude_jak2__L000799,Cc1ccc(c(c1)C)NS(=O)(=O)c2ccc(c3c2cccc3)Br
dude_jak2__L000800,Cc1c(n(c(c1C#N)NC(=O)CSc2nnc(s2)NC)C3CCCCC3)C
dude_jak2__L000801,C[C@H](C(=O)NNC(=O)C)Sc1nnc(n1N)c2ccc(cc2)Cl
dude_jak2__L000802,CC(=C)Cn1c2c(=O)[nH]c(=O)n(c2nc1N/N=C/c3ccccc3Cl)C
dude_jak2__L000803,CCC[C@H]1[C@H](C(=O)C=C(N1Cc2ccc3c(c2)OCO3)C)C(=O)NCCC4[NH+]=c5ccccc5=[NH+]4
dude_jak2__L000804,COc1ccccc1NC(=O)C[NH+]2CCC(CC2)c3nnc(s3)c4ccco4
dude_jak2__L000805,C[C@@]12CC[C@@H](C1(C)C)C[C@H]2NC(=O)c3cc(ccc3Cl)N
dude_jak2__L000806,C[C@H](c1cccs1)N(C)C(=O)N[C@@H]2CCCCNC2=O
dude_jak2__L000807,C/C(=N\NC(=O)N)/C[C@@H]1CC2=C(CC1(C)C)C(CCC2)(C)C
dude_jak2__L000808,C1CCCC(CC1)(C(=O)N)[NH2+]C2CCCC2
dude_jak2__L000809,CC(=O)N[C@@H]1[C@@H]([C@@H]2[C@@H](COC(O2)(C)C)O[C@@H]1Oc3ccc(cc3Cl)Cl)OCC(=O)[O-]
dude_jak2__L000810,c1c(cc(c2c1[C@](OC(=O)N2)(C#CC3(CC3)O)C(F)(F)F)O)Cl
dude_jak2__L000811,c1cc(cc(c1)[N+](=O)[O-])/C=C/C(=O)N2CCN(CC2)S(=O)(=O)c3ccc(s3)Br
dude_jak2__L000812,c1c(cc(c2c1NC(=NS2(=O)=O)NC3CC3)Cl)Cl
dude_jak2__L000813,CC(C)C[C@H](CO)Nc1cc2c(cc1N)c(=O)[nH]cn2
dude_jak2__L000814,c1cc(c(cc1Cl)NC(=S)NC(=O)c2cc(cc(c2)[N+](=O)[O-])[N+](=O)[O-])Cl
dude_jak2__L000815,C[NH+](C)[C@@H](CNC(=O)Nc1ccc(cc1Cl)Br)c2ccco2
dude_jak2__L000816,Cc1ccc(o1)[C@@H](C)NC(=O)Nc2ccccc2Br
dude_jak2__L000817,CC(C)[C@@H](C(=O)NC1CCCCC1)NC(=O)[C@@H]2CC(=O)N(C2)c3ccc4c(c3)OCO4
dude_jak2__L000818,CCC(=O)Nc1ccc(cc1)[C@@H](C)NC(=O)NC[C@@]2(CCCc3c2cccc3)O
dude_jak2__L000819,C[C@@H](C(=O)O[C@H](C)C(=O)NC(=O)NC1CCCCC1)NC(=O)C(C)(C)C
dude_jak2__L000820,CC(=O)N/N=C/C1=CC[C@H]2C[C@@H]1C2(C)C
dude_jak2__L000821,Cc1ccc(cc1)CNC(=O)CSC2=N[C@@H]3C(=c4cc(ccc4=[NH+]3)OC)N=N2
dude_jak2__L000822,CCOC(=O)c1c2c(sc1NC(=O)c3ccc(cc3)N4C(=O)[C@H]5[C@@H]6C[C@H]([C@H]5C4=O)C=C6)COC(C2)(C)C
dude_jak2__L000823,CC1=C([C@@H](n2c(nnn2)N1)c3ccccc3OC)C(=O)OC4CCCCC4
dude_jak2__L000824,Cc1ccc2=[NH+]C(=O)[C@@H](C=c2c1)[C@@H]([C@@H]3N=NNN3C(C)(C)C)[NH+](Cc4ccc(cc4)F)Cc5ccco5
dude_jak2__L000825,c1ccc(c(c1)C(=O)N/C(=C/c2cccc(c2)[N+](=O)[O-])/C(=O)NCCC(=O)[O-])Cl
dude_jak2__L000826,COc1cccc(c1)NC(=O)CSC2=N[C@@H]3C(=c4ccccc4=[NH+]3)N=N2
dude_jak2__L000827,C[C@@H]1CCCC[C@@H]1NC(=O)C[C@@H]2CCCC[C@@H]2[NH3+]
dude_jak2__L000828,C[C@@H]1C[C@@H](CN(C1)C(=O)COC(=O)c2ccc(c(c2)S(=O)(=O)N3CCc4c3cccc4)Cl)C
dude_jak2__L000829,c1ccc(cc1)/C(=N\N=C\c2ccc3c(c2)OCO3)/C45C[NH+]6CN(C4)CN(C5)C6
dude_jak2__L000830,C[C@@H]1C=C([C@H](N1c2cccc(c2)[N+](=O)[O-])C)/C=C(\C#N)/C3[NH+]=c4ccccc4=[NH+]3
dude_jak2__L000831,CCOC(=O)[C@@H]1[C@@H]([C@@H]1C(=O)N/N=C\C2=c3ccccc3=[NH+]C2)C(=O)Nc4cccc(c4)C(F)(F)F
dude_jak2__L000832,CCc1ccc(cc1)N2C[C@@H](CC2=O)C(=O)N/N=C/c3cccc(c3)[N+](=O)[O-]
dude_jak2__L000833,C[C@@]12CC[C@H](C[C@H]1CC[C@H]3[C@H]2CC[C@@]4([C@@]35CC[C@H]4[C@@H]6CC(=O)N[C@H]6O5)C)O
dude_jak2__L000834,c1c(c(oc1C(=O)[O-])Br)S(=O)(=O)N[C@H]2CCCC[C@@H]2[NH3+]
dude_jak2__L000835,c1c(cc(nc1N)Cl)C(=O)Nc2c(cc(cc2Br)F)F
dude_jak2__L000836,CC[C@H](C)n1c(=O)c(c([nH]c1=O)[O-])[C@@H]2[C@@H]3C(=c4ccccc4=[NH+]3)CC[NH+]2C
dude_jak2__L000837,COCC/N=C/C1C(=NC(=O)N(C1=O)c2ccc(cc2)Cl)O
dude_jak2__L000838,Cc1nc(on1)[C@@H]2CCCN(C2)C(=O)NCC3(CCCC3)[NH+](C)C
dude_jak2__L000839,COc1cccc(c1)[C@@H](CNC(=O)c2cc3cc(ccc3[nH]2)Br)[NH+]4CCCC4
dude_jak2__L000840,Cc1cc(c2=[NH+]C(=O)[C@@H](C=c2c1)[C@H]([C@@H]3NN=NN3C(C)(C)C)N4CCc5ccccc5C4)C
dude_jak2__L000841,Cc1ccc(cc1)CNC(=O)NCC(=O)NCc2ccccc2[N+](=O)[O-]
dude_jak2__L000842,Cc1cc2cc(c(=O)[nH]c2cc1C)C[NH+](C3CCCC3)[C@H](c4nnnn4C5CCCCC5)C(C)C
dude_jak2__L000843,c1ccc2c(c1)-c3c(cc(s3)C(=O)OCC(=O)c4ccc5c(c4)NC(=O)CO5)CO2
dude_jak2__L000844,CCOC(=O)C1=C(N(C(=O)N[C@H]1c2ccc(cc2Cl)Cl)C)CN3CC[NH2+][C@@H](C3)C
dude_jak2__L000845,CCOc1ccc(cc1)n2c(=O)c(c(nc2S)O)[C@H]3c4c(cc5c(c4OC)OCO5)CC[NH+]3C
dude_jak2__L000846,CCCn1c(=O)c2c(ccs2)n3c1nnc3CCC(=O)N4CCN(CC4)c5cccc(c5)Cl
dude_jak2__L000847,CCN(CC)S(=O)(=O)c1ccc(cc1)NC(=O)CSc2nnc(o2)C3=c4ccccc4=[NH+]C3
dude_jak2__L000848,c1ccc2c(c1)cc(c(=O)o2)C(=O)Nc3ccccc3C(=O)NCc4ccc5c(c4)OCO5
dude_jak2__L000849,CN(C1CC1)S(=O)(=O)c2ccc(cc2)C(=O)/N=c\3/n(c4cc5c(cc4s3)OCCO5)CC=C
dude_jak2__L000850,Cc1cccc2=C[C@H](C(=O)[NH+]=c12)[C@H]([C@@H]3N=NNN3C(C)(C)C)[NH+]4CCC[C@@H](C4)C
dude_jak2__L000851,CCn1c(nnc1S[C@@H]2C(=c3ccccc3=[NH+]C2=O)[NH2+]Cc4ccccc4)c5ccoc5C
dude_jak2__L000852,[H]/N=C/1\NC(=O)/C(=C/c2ccc(o2)c3cc(ccc3OC)[N+](=O)[O-])/S1
dude_jak2__L000853,Cc1c(c(sc1C(=O)Nc2ccc(cc2)Cl)NC(=O)c3ccoc3C)C(=O)OC
dude_jak2__L000854,c1ccc(cc1)N2C(=O)/C(=C/c3cccn3c4ccc(c(c4)[N+](=O)[O-])Cl)/C(=O)N2
dude_jak2__L000855,Cc1c2c(nc(n1)C[NH2+]Cc3nc(no3)c4ccco4)CCCC2
dude_jak2__L000856,Cc1ccc2=C[C@H](C(=O)[NH+]=c2c1)[C@@H]([C@@H]3N=NNN3C4CCCCC4)[NH+](Cc5cccnc5)Cc6ccco6
dude_jak2__L000857,C[C@H]1C[C@@]2(CC(C1)(C)C)C(=O)N(C(=O)N2)CC(=O)NCCc3cc(cc4c3OCOC4)F
dude_jak2__L000858,CCN\1c2cc(ccc2S/C1=c/3\c(=O)n(/c(=C/4\C(=O)N(C(=S)S4)CC=C)/s3)CC=C)OC
dude_jak2__L000859,c1ccc(cc1)/C=C/C[NH+]2CCNC(=O)[C@H]2CC(=O)NCc3cn4c(n3)SCC4
dude_jak2__L000860,CSCC[C@@H]1[C@@H]2[C@H](C(=O)N(C2=O)c3ccccc3)[C@@]4(N1)c5ccccc5N(C4=O)Cc6ccc(cc6)F
dude_jak2__L000861,CC(=O)[C@@H]1[C@@H]([C@@H](C(=N[C@@]1(C)O)O)C#N)c2cccc(c2)[N+](=O)[O-]
dude_jak2__L000862,C[C@@H]1C(=O)Nc2cc(ccc2S1)C(=O)O[C@H](C)C(=O)Nc3cc(ccc3OC)Cl
dude_jak2__L000863,CC(C)(C)NC(=O)[C@@H](C1CCCCC1)N(C2CCCCC2)C(=O)c3ccc(cc3)[N+](=O)[O-]
dude_jak2__L000864,CN1C(=O)C(=CNc2ccc3c(c2)OCO3)C(=O)N(C1=S)C
dude_jak2__L000865,Cc1cc(cc(c1Cl)C)OCC(=O)Nc2ccc(cc2OC)[N+](=O)[O-]
dude_jak2__L000866,Cc1c(c(n2c(n1)nc(n2)SCC(=O)N[C@@H](C)c3ccccc3Cl)C)CC(=O)[O-]
dude_jak2__L000867,CCOc1ccccc1NC(=O)[C@@H](C)[NH+]2CCC(CC2)NC(=O)c3ccoc3C
dude_jak2__L000868,c1c(cc(c(c1Cl)N)Cl)NC(=O)CNC(=O)C23CC4CC(C2)CC(C4)C3
dude_jak2__L000869,Cc1ccc(o1)C(=O)N2CC[NH+](CC2)C[C@@H]3CCCN(C3)C(=O)OC(C)(C)C
dude_jak2__L000870,Cc1c([nH+]c(nc1NC2CCN(CC2)S(=O)(=O)C)N(C)C)C
dude_jak2__L000871,CC[C@@]1(C(=O)N(C(=O)N1)CC(=O)N(C)CC(=O)Nc2ccc(cc2)C)c3ccc(cc3)F
dude_jak2__L000872,CCOC(=O)C1=C([C@@H](C(=N1)C)C(=O)N2CCC(CC2)CC(=O)N3CC[NH+](CC3)C4CCCCC4)C
dude_jak2__L000873,c1ccc2c(c1)NC(=O)[C@H](S2)CC(=O)OCC(=O)Nc3ccc(cc3Cl)[N+](=O)[O-]
dude_jak2__L000874,CC(C)(C(=O)Nc1cccc(c1)NC(=O)c2cccs2)NC(=O)NC
dude_jak2__L000875,C[C@@H]1CN(CC[NH2+]1)[C@@H](C)c2nc3ccccc3c(=O)n2c4ccc(cc4)Br
dude_jak2__L000876,CCC1CCC2(CC1)C(=O)N(C(=O)N2)CC(=O)O[C@@H](C)C(=O)Nc3cc(ccc3Cl)Cl
dude_jak2__L000877,COc5cc(c4cnc3cccc(c2ccc(C(=O)N1CCOCC1)c(C)c2)c3n4)cc(OC)c5OC
dude_jak2__L000878,CC(=O)N1CCC(CC1)C(=O)N[C@@H]2CCC[NH+](C2)C3CCCCCC3
dude_jak2__L000879,Cc1ccc2c(c1)[C@@]3([C@H]4[C@@H]([C@H]5N3CCC5)C(=O)N(C4=O)c6ccc7c(c6)OCO7)C(=O)N2
dude_jak2__L000880,CCC[C@@H]1C(=O)N(C(=O)N1)Cc2cn3cc(ccc3n2)Cl
dude_jak2__L000881,C[C@]1(CCN(C1)C(=O)[C@H]2C[C@@H]3CCCC[C@@H]3[NH2+]2)C(=O)[O-]
dude_jak2__L000882,c1ccc(cc1)CNC(=O)N2CC(=O)N(c3c2cccc3)CC(=O)NC4CCCCC4
dude_jak2__L000883,CC[C@@H](C)[C@H](C(=O)N1CCN([C@@H](C1)C)C(=O)NC(C)C)NS(=O)(=O)c2ccccc2
dude_jak2__L000884,CC(C)(C(=O)NCCN1C(=O)/C(=C/c2ccc(cc2)[N+](=O)[O-])/SC1=O)Oc3ccc(cc3)Cl
dude_jak2__L000885,c1c(cc(c2c1COCO2)COc3cc(cc(c3)Cl)Cl)N
dude_jak2__L000886,CC(C)(C[NH+](C)C)C(=O)/C=C/c1ccc(cc1)/C=C\C(=O)C(C)(C)C[NH+](C)C
dude_jak2__L000887,C[C@@H](C(=O)NC)Nc1cc2c(cc1N)NC(=O)CC2
dude_jak2__L000888,C[C@@H]1c2c(cc(cc2OC(=O)[C@@H]1CC(=O)NCCC3=c4cc(ccc4=[NH+]C3)F)O)O
dude_jak2__L000889,COc1ccc2ccccc2c1[C@H]3[C@H]4CC=C[C@@H]4c5cccc(c5N3)C(=O)N
dude_jak2__L000890,Cc1ccc(c(c1)C)NC(=O)CCc2nc(no2)CS[C@@H]3[NH+]=c4ccc(cc4=[NH+]3)C
dude_jak2__L000891,CC[NH+]1CCC[C@@H]1CN(Cc2cc3cccc(c3[nH]c2=O)C)C(=O)Nc4ccccc4OC
dude_jak2__L000892,Cc1ccc(cc1)[C@@H]2CNC(=O)O2
dude_jak2__L000893,Cc1ccc(c(c1)C)NC(=O)N(C)CCc2nc(on2)COc3cc(cc(c3)C)C
dude_jak2__L000894,C[C@H]1[C@@H](Oc2ccccc2O1)C(=O)Nc3ccc4c(c3)[nH]c(=O)[nH]4
dude_jak2__L000895,C[C@H](C(=O)NC)NS(=O)(=O)c1c(n(cn1)C)Cl
dude_jak2__L000896,c1ccc2c(c1)C=C[NH+]3[C@@H]2[C@@H]4[C@@H]([C@@H]3C(=O)c5ccc(cc5Cl)Cl)C(=O)N(C4=O)c6ccc(cc6)F
dude_jak2__L000897,Cc1cc(nn1c2cccc(c2)Cl)c3c(nc4c(cccn4c3=O)OCC(=O)NC5CCCCC5)C
dude_jak2__L000898,Cc1cc(c(c(c1)C)[C@@H]2[C@H]3CCCCC=C3C(=C(C2(C#N)C#N)N)C#N)C
dude_jak2__L000899,C[C@H](C#N)C(=O)NC1(CCCCC1)C
dude_jak2__L000900,C[C@]1(C(=O)N(C(=O)N1)CC(=O)Nc2nnc(s2)SCc3ccc(cc3)C#N)C4CC4
dude_jak2__L000901,Oc5ccc(C2C(=O)Nc1ccccc1c3ccnc4[nH]cc2c34)cc5
dude_jak2__L000902,Cc1c(sc(n1)N)C(=O)N[C@@H]2CCC[C@@H](C2)C
dude_jak2__L000903,C[C@@H]1C[C@H](CN(C1)C(=O)[C@@H](C)Sc2nnc(s2)N)C
dude_jak2__L000904,C[C@H]1C(=O)Nc2cc(ccc2O1)NC(=O)c3c(c4ccccc4o3)COC
dude_jak2__L000905,CC1=C([C@@H](NC(=O)N1c2ccc(cc2)C(=O)[O-])c3ccccc3C(F)(F)F)C(=O)OCCOC
dude_jak2__L000906,Cc1nc(on1)C2CCN(CC2)C(=O)NC[C@@H]3CCC[NH+]3CC4CCCCC4
dude_jak2__L000907,c1cc(c(cc1C(=O)NNC(=O)c2cc3c(s2)CCCCCC3)[N+](=O)[O-])n4ccnc4
dude_jak2__L000908,CN(c1ccc(cc1[N+](=O)[O-])C(F)(F)F)N[C@@H]2c3ccccc3C(=O)O2
dude_jak2__L000909,CC(C)c1ccc(cc1)[C@@H]2c3c[nH]nc3N=C(CS2)O
dude_jak2__L000910,C/C(=N\NC(=O)CSc1nnc(n1C)c2cccc(c2)Br)/c3ccc(cc3)[N+](=O)[O-]
dude_jak2__L000911,CCn1c(c(c(n1)C)NC(=O)c2cc3n(n2)[C@@H](C[C@@H](N3)c4ccco4)C(F)(F)F)C
dude_jak2__L000912,CC1(C(=O)N(C(=O)N1)CC(=O)NNC(=S)NCc2ccccc2)C
dude_jak2__L000913,Cc1c(scn1)[C@@H](C)Nc2ccc3c(c2)NC(=O)CO3
dude_jak2__L000914,Cc1cc(c2c(c1)C(C(=O)N2)(C)C)[C@@H](c3ccco3)O
dude_jak2__L000915,Cc1cc(n(n1)[C@@H](C)C(=O)Nc2ccc(cc2Cl)NC(=O)c3cccc(c3)[N+](=O)[O-])C
dude_jak2__L000916,C[C@@H](C(=O)N1CCc2c1cccc2)Sc3nc(c(nn3)c4ccccc4NC(=O)C(C)C)[O-]
dude_jak2__L000917,C[C@H]1C[C@@H](C[NH+](C1)CCNC(=O)N(C)C2CC[NH+](CC2)C3CCOCC3)C
dude_jak2__L000918,CCC[C@H](C)NC(=O)[C@@H]1CCC[NH+](C1)[C@@H](C)C(=O)Nc2ccc(cc2)[N+](=O)[O-]
dude_jak2__L000919,c1cc(c(cc1C(=O)NC2CCCCCC2)OCC(=O)N)N
dude_jak2__L000920,COc1ccc(cc1)N2C(=O)/C(=C/Nc3ccccc3Cl)/C(=O)NC2=O
dude_jak2__L000921,CC(=O)Oc1ccc2c(c1)O[C@@]3(CCC[C@@H]3C24CCCC4)c5ccc(cc5OC(=O)C)OC(=O)C
dude_jak2__L000922,Cc1ccc(cc1)NC(=O)NC(=O)CSc2nnc(n2C[C@H]3CCCO3)c4cccs4
dude_jak2__L000923,C[NH2+]C[C@H]1CCCCN1C(=O)c2cc(ccc2[N+](=O)[O-])Cl
dude_jak2__L000924,c1cc2c(cc1c3nnc(o3)SCC(=O)NC4CCCCCCC4)OCO2
dude_jak2__L000925,CCOc1ccc(cc1)OC[C@H](C[NH2+]C[C@H](c2ccccc2Cl)C3=c4ccccc4=[NH+]C3)O
dude_jak2__L000926,CNC(=O)NC(=O)Cn1cnc2ccc(cc2c1=O)Cl
dude_jak2__L000927,Cc1ccc(s1)c2cc(c3c(noc3n2)C)C(=O)O[C@H](C)C(=O)NC(=O)NC(C)C
dude_jak2__L000928,CCc1ccc2c(c1)c(c(o2)C(=O)OCC(=O)Nc3ccc4c(c3)OCO4)C
dude_jak2__L000929,Cc1cc(cc(c1C)S(=O)(=O)/N=c/2\[nH]c(c(s2)C)C)N
dude_jak2__L000930,Cc1ccc(cc1)N2C[NH+](Cn3c2nc(c(c3=O)C)C)CCCO
dude_jak2__L000931,COCCn1c(=O)c2c3c(sc2nc1SCC(=O)Nc4ccc(c(c4)[N+](=O)[O-])F)CCCC3
dude_jak2__L000932,CC(C)(C)C(=O)N1CCC[NH+](CC1)CC(=O)NC2(CCCC2)C#N
dude_jak2__L000933,COc1cc(c(cc1OC)OC)[C@@H]2CC(=O)Nc3c2n(cc3C(=O)[O-])c4cccc(c4)F
dude_jak2__L000934,c1cc2n(c(=O)c1)C[C@@H]3C[C@H]2C[NH+](C3)CCOc4ccc5c(c4)occ(c5=O)c6ccc(cc6)Cl
dude_jak2__L000935,c1ccc(cc1)c2nc(sn2)NC(=O)N[C@@H]3CC(=O)Nc4c3cccc4
dude_jak2__L000936,c1cc(cc(c1)NC(=O)c2cccs2)NC(=O)c3ccc(o3)S(=O)(=O)N
dude_jak2__L000937,Cc1ccc(cc1)[C@@H](c2cccs2)NC(=O)Cn3cnc4c(c3=O)c(c(o4)C)C(=O)[O-]
dude_jak2__L000938,CC[C@@H](C(=O)Nc1cc(on1)C)Sc2nnc(n2N)c3ccc(cc3)C
dude_jak2__L000939,COc1ccc(cc1)[C@H]2[C@H]3[C@@H]([NH+]=N[C@@H]3C(=O)N2CCC4=c5cc(ccc5=[NH+]C4)OC)c6cccc(c6)OC
dude_jak2__L000940,CN(c1ccc(cc1)OC(F)(F)F)C(=O)C2=CC3=[NH+][C@@H](C[C@H](N3N2)C(F)(F)F)c4ccco4
dude_jak2__L000941,C[C@@H]1C[C@H]2C[NH2+]C[C@@H]2N1S(=O)(=O)N(C)C3CCCCC3
dude_jak2__L000942,CCc1nc([nH]n1)S[C@H](C)C(=O)Nc2ccc(cc2[N+](=O)[O-])Cl
dude_jak2__L000943,Cc1cc(c2c(c1)[C@](CC(O2)(C)C)(C[NH3+])O)C
dude_jak2__L000944,c1ccc(c(c1)O)[P@]2(=O)N[NH+]3C[C@@H]4C=C(C(=C[C@@H]4C[C@@H]3CO2)F)O
dude_jak2__L000945,CC[NH+](Cc1ccccc1)[C@H](c2cc3ccc(cc3[nH]c2=O)C)c4nnnn4C5CCCC5
dude_jak2__L000946,COc1cccc(c1)NC(=O)COC(=O)[C@H](CC2=c3ccccc3=[NH+]C2)NC(=O)c4ccc(cc4)F
dude_jak2__L000947,c1ccc2=[NH+]CC(=c2c1)CCNC(=O)CCC[C@@H]3NN[C@@H]4[N+]3=CCN(C4=O)c5ccc(cc5)Cl
dude_jak2__L000948,c1cc(sc1)[C@@H](c2ccc3c(c2)[nH]c(=O)[nH]3)O
dude_jak2__L000949,CC1=C2[C@@H](C(=C(O[C@@H]2N=N1)N)C#N)c3ccc(c(c3)OC)OC4CCCC4
dude_jak2__L000950,CC1([C@H](N2[C@H](S1)C(C2=O)(Br)Br)C(=O)OCc3ccc(cc3)[N+](=O)[O-])C
dude_jak2__L000951,Cc1cc(ccc1NC(=O)C(=O)NC[C@@H](C)[NH+]2CCC[C@H](C2)C)C(=O)NC
dude_jak2__L000952,CC[C@H](C(=O)Nc1cccc(c1C)C)n2c(=O)c(cc(n2)c3ccccc3)NC(=O)C
dude_jak2__L000953,CCOC(=O)c1c2c(sc1NC(=O)C[C@@H]3C(=O)Nc4cc(ccc4O3)C)CCCC2
dude_jak2__L000954,CC(C)C[C@@H]1C(=O)N(C(=O)N1)CC(=O)NC(=O)NC(C)(C)C
dude_jak2__L000955,CC1(C[C@H](c2ccccc2O1)NC(=O)C3CC[NH+](CC3)Cc4nc(no4)c5cccs5)C
dude_jak2__L000956,CCOc1c(cccc1OC)[C@@H]2CN3C(=O)CN(C(=O)[C@@]3([C@H]4C2=c5ccccc5=[NH+]4)C)Cc6ccco6
dude_jak2__L000957,Cc1ccc(c(c1)C)n2c(nnn2)SCc3[nH]c(=O)c4cc(ccc4n3)Cl
dude_jak2__L000958,Fc5cc(c3cccc4ncc(c2cnn(C1CCNCC1)c2)nc34)cc(F)c5CN6CCOCC6
dude_jak2__L000959,CC(=O)O[C@@]12CCCCC[C@@H]1[C@@]3([C@@H]2CCC[C@@H]3O)O
dude_jak2__L000960,c1cc(cc(c1)[N+](=O)[O-])/C=N/NC(=O)COc2cc(ccc2Cl)Cl
dude_jak2__L000961,CCC(C)(C)n1c(nnn1)[C@H](c2cc3cc(ccc3[nH]c2=O)OC)N4CCCc5c4cccc5
dude_jak2__L000962,CC1(Cc2cccc(c2O1)OCc3c(cccc3Br)N)C
dude_jak2__L000963,c1ccc(cc1)C(=O)c2ccccc2NC(=O)CSc3nc4ccccc4c(=O)n3CCC(=O)[O-]
dude_jak2__L000964,CC[C@@]1(C(=O)N(C(=O)N1)CC(=O)Nc2c(c(c(s2)C)C)C(=O)OC)c3ccc(cc3)Cl
dude_jak2__L000965,Cc1cc(c(c(c1)C)Cn2c3cc(ccc3oc2=O)N)C
dude_jak2__L000966,c1ccc2c(c1)OC[C@@H](O2)C(=O)N(c3ccc4c(c3)OCO4)[C@H](c5cccs5)C(=O)NC6CCCCC6
dude_jak2__L000967,C[C@@H](C(=O)Nc1cccc(c1)n2cccc2)NC(=O)c3cccc(c3)[N+](=O)[O-]
dude_jak2__L000968,CCN(c1nc(cs1)CSc2nc3c(c4c(s3)CCCC4)c(=O)n2c5ccccc5)C(=O)C
dude_jak2__L000969,c1cc(ccc1/C=C/C(=O)NC2CCCCC2)n3cnnn3
dude_jak2__L000970,Cc1c\2c(oc1C(=O)NN)CCC/C2=N\NS(=O)(=O)c3ccc(cc3)F
dude_jak2__L000971,CN1[C@H]2[C@H](N=C1Oc3cccc(c3)/C=C(\C#N)/C4[NH+]=c5ccccc5=[NH+]4)N(C(=O)N(C2=O)C)C
dude_jak2__L000972,c1cc(oc1)c2nc3n(n2)c(c(s3)[C@H](c4ccc(cc4)[N+](=O)[O-])[NH+]5CCC6(CC5)OCCO6)O
dude_jak2__L000973,CC(C)c1cc(=O)oc2c1ccc(c2)OCC(=O)NC(=O)N
dude_jak2__L000974,CCOc1ccc(cc1)S(=O)(=O)N(CC(=O)/N=N/C2=c3cnccc3=[NH+][C@@H]2O)c4ccc(cc4)Cl
dude_jak2__L000975,CC(C)[C@@H]1NN=C2N1N=C(C=C2)N3CCC(CC3)C(=O)NCCC4=c5ccccc5=[NH+]C4
dude_jak2__L000976,Cc1ccc(cc1N[C@@H](C)c2ccc(cc2O)O)Br
dude_jak2__L000977,CC[C@@H](C)NC(=O)c1ccccc1NS(=O)(=O)c2ccc(cc2)[N+](=O)[O-]
dude_jak2__L000978,Cc1ccc(c(c1)OCC(=O)OCC(=O)NN2C(=O)C3(CCC(CC3)C)NC2=O)C
dude_jak2__L000979,C[C@@H]1C(=O)N([C@@]2(S1)c3ccccc3N(C2=O)C[NH+]4CCC(CC4)Cc5ccccc5)c6ccccc6
dude_jak2__L000980,COc1ccc(cc1)CCN2CC(=O)N3[C@@H](C2=O)CC4=c5ccccc5=[NH+][C@@H]4[C@@H]3c6cccc(c6)[N+](=O)[O-]
dude_jak2__L000981,CCCn1c(=O)c2ccccc2nc1SCC(=O)NC(=O)Nc3ccc(cc3C)C
dude_jak2__L000982,COc1ccc(cc1)S(=O)(=O)/N=C\2/[C@@H]([NH+]=c3ccccc3=[NH+]2)Nc4ccc(cc4)OC(F)(F)F
dude_jak2__L000983,COC[C@H](C)Nc3ccnc(n1cnc2ccc(C#N)cc12)n3
dude_jak2__L000984,Cc1ccccc1c2csc3c2c(=O)[nH]c(n3)C[NH+](Cc4ccco4)C[C@H](COCC=C)O
dude_jak2__L000985,CCCC12CN(CC(C1=O)(CN(C2)C(=O)[C@H]3CCOC(C3)(C)C)CC)C(=O)[C@@H]4CCOC(C4)(C)C
dude_jak2__L000986,Cc1ccc2nc(c(c(=O)n2c1)/C=C/3\C(=O)N(C(=S)S3)[C@@H](C)c4ccccc4)N5C[C@@H](C[C@@H](C5)C)C
dude_jak2__L000987,C1CCN(C1)c2nc(nc(n2)Cl)N[C@@H]3CC[NH+]4[C@@H]3CCC4
dude_jak2__L000988,Cc1c(ccc2c1oc(=O)c3c2CCCC3)OCC(=O)N4Cc5c(c6ccccc6[nH]5)C[C@@H]4C(=O)OC
dude_jak2__L000989,c1ccc2c(c1)CCCN2C[C@H]3CCCC[C@@H]3O
dude_jak2__L000990,COc1ccc2c(c1)sc(n2)N(C(=O)[C@H]3COc4ccccc4O3)/N=C/c5coc6ccccc6c5=O
dude_jak2__L000991,[H]\N=C\1/C(=C/c2ccc(c(c2)OCC)O[C@@H](C)c3ccccc3)/C(=O)N=C4N1C(=NS4)S(=O)(=O)CC
dude_jak2__L000992,CC(=O)OCC(=O)[C@]1(CC[C@@H]2[C@@]1(C[C@H]([C@@H]3[C@H]2CCC4=CC(=O)C=C[C@@]34C)C(=O)OC)C)OC(=O)C
dude_jak2__L000993,CC[C@H]([C@H](c1cc(cs1)Br)Sc2n[nH]c(=O)n2C(C)C)[NH3+]
dude_jak2__L000994,COc1ccc(c(c1)O)/C=N\NC(=O)[C@H]2COc3cc4ccccc4cc3O2
dude_jak2__L000995,Cc1ccccc1[C@@H]2c3ccsc3CC[NH+]2CCC(=O)N4CCCN(CC4)S(=O)(=O)c5ccccc5
dude_jak2__L000996,CCc1nc(no1)CSc2nnc(n2N)c3cccc(c3)Br
dude_jak2__L000997,C[C@H](Nc4cc(N1CCN(C)CC1)nc(n2cnc3ccncc23)n4)c5ccccc5
dude_jak2__L000998,Cc1cc2c(c(c1Cl)C)[C@](CCO2)(C(=O)[O-])[NH3+]
dude_jak2__L000999,Cn1c(nnc1SCc2ccc(cc2)[N+](=O)[O-])[C@@H]3CCCN3S(=O)(=O)c4ccc(cc4)Br
dude_jak2__L001000,CC[C@@H]1c2ccsc2CC[NH+]1CC(=O)c3c(n(c(=O)[nH]c3=O)C4CC4)N
dude_jak2__L001001,c1ccc2=[NH+]C([NH+]=c2c1)C3CCN(CC3)/C(=C\4/C[N+](=C[C@@H](C4=O)C(=O)NC5CCCCC5)C6CC6)/[O-]
dude_jak2__L001002,CCC[NH+]1CCC(CC1)[C@@]2(C(=O)N(C(=O)N2)C[C@@H]3COc4ccccc4O3)CC
dude_jak2__L001003,Cc1c(c(=O)n(n1C)c2ccccc2)N3C(=O)/C(=C/c4ccc(cc4)OC(=O)c5cccc(c5)[N+](=O)[O-])/SC3=S
dude_jak2__L001004,C[C@@H](Cc1cc(cc2c1NC(=O)C2(C)C)F)[NH3+]
dude_jak2__L001005,CCc1ccc2=[NH+]C(=O)[C@@H](C=c2c1)[C@H]([C@@H]3N=NNN3C(C)(C)C)N4CC[NH+](CC4)C
dude_jak2__L001006,Cn1c(c(cn1)C(=O)NNC(=O)[C@H]2COc3ccccc3O2)C(F)F
dude_jak2__L001007,Cc1c(c(n(n1)C)C)C(=O)NNC(=O)NC2CCCC2
dude_jak2__L001008,CC(C)c1nc(on1)[C@@H]2Cc3c([nH]c[nH+]3)CN2Cc4ccc(cc4)N(C)C
dude_jak2__L001009,COC(=O)c1ccccc1S(=O)(=O)N(CCCO)C[C@@H]2C=c3cc4c(cc3=[NH+]C2=O)OCCO4
dude_jak2__L001010,C[C@H](CNC(=O)[C@@H]1CN(CC12CC[NH2+]CC2)C(=O)c3ccccc3C(F)(F)F)Oc4ccccc4Cl
dude_jak2__L001011,Cc1ccccc1n2cc(cn2)C(=O)NNC(=O)Cn3c(cc(n3)C)C
dude_jak2__L001012,COc1ccc(cc1OC)[C@@H]2C=C(NN2C(=O)COC(=O)[C@H]3COc4ccccc4O3)c5cccs5
dude_jak2__L001013,CC(=O)c1c(c2c(c-3c(nc2s1)C(=O)c4c3cccc4)c5cccs5)N
dude_jak2__L001014,Cc1ccc2c(c1)c(=O)c3c(o2)C(=O)N([C@H]3c4ccc(c(c4)OC)OCc5ccccc5)CC[NH+](C)C
dude_jak2__L001015,CC(C)(C)NC(=O)c1cccc2c1N[C@H]([C@@H]3[C@@H]2C=CC3)c4cccc(c4Cl)Cl
dude_jak2__L001016,C[C@H](C(=O)Nc1ccc(cn1)Cl)OC(=O)c2ccc3c(c2)CCC(=O)N3
dude_jak2__L001017,CCCc1ccc(cc1)[C@]2(C(=O)N(C(=O)N2)CC(=O)N[C@@H](C)c3ccc4c(c3)OCCO4)C
dude_jak2__L001018,C[C@@H]1CC[C@H]([NH+]1CCN2CCN(CC2)c3nc4ccc(cc4s3)[N+](=O)[O-])C
dude_jak2__L001019,COc1ccc(cc1)[C@@H]2CC(=NN2C(=O)CN3C[C@H](Oc4c3cccc4)C(=O)N)c5ccccc5
dude_jak2__L001020,CC(C)[C@H]1[C@@H](C(=O)c2ccc(cc2O1)OC(=O)C(C)C)C3[NH+]=c4ccccc4=[NH+]3
dude_jak2__L001021,CS(=O)(=O)N1CCCc2c1ccc(c2)C(=O)COC(=O)C3c4ccccc4Oc5c3cccc5
dude_jak2__L001022,CC(C)c1ccccc1NC(=O)N2c3ccccc3Sc4c2cccc4
dude_jak2__L001023,CCn1c(c(c(n1)C)CNc2nnnn2c3ccccc3)C
dude_jak2__L001024,c1ccc2c(c1)c(c(s2)C(=O)N/N=C/c3c(cccc3Cl)Cl)Cl
dude_jak2__L001025,COc1ccc(c(c1OC)C(=O)[O-])/C=N/N=C/2\NC(=O)[C@H](S2)CC(=O)c3ccc(cc3)Cl
dude_jak2__L001026,Cc1c(nn(c1C)C[C@@H](c2ccc3c(c2)OCO3)[NH2+]C)C
dude_jak2__L001027,c1ccc(cc1)CSC2=NSC3=NC(=O)/C(=C\c4cccn4Cc5ccc(cc5)F)/C(=[NH2+])N32
dude_jak2__L001028,Cc1cc(ccc1NC(=O)[C@H](C)N2CC[NH+](CC2)CC3CCCCC3)[N+](=O)[O-]
dude_jak2__L001029,CCN\1C(=O)/C(=C/c2ccc(cc2O)O)/S/C1=N\S(=O)(=O)c3ccc(cc3)Cl
dude_jak2__L001030,Cc1ccc(c(c1)C)S(=O)(=O)Nc2cccc(c2)[C@@]3(C(=O)NC(=O)N3)C
dude_jak2__L001031,C[C@@H]1c2cc3c(cc2OC(=O)[C@H]1CC(=O)NC4[NH+]=c5ccccc5=[NH+]4)OC(CC3)(C)C
dude_jak2__L001032,c1cc(ccc1C2=NC=C3[C@@H](S2)C(=O)N(C3=O)CCNc4c(cc(c[nH+]4)C(F)(F)F)Cl)Cl
dude_jak2__L001033,c1cc2c(cc1[N+](=O)[O-])ncn(c2=O)CC(=O)Nc3ccc(cc3Cl)Cl
dude_jak2__L001034,Cc1cc(c(n1C(C)C)C)C(=O)CSc2nc3cc(ccc3c(=O)n2C[C@@H](C)O)C(=O)[O-]
dude_jak2__L001035,Cc1ccc2=[NH+][C@H]3C(=c2c1)N=NC(=[NH+]3)N/N=C/c4cc5c(cc4Br)OCO5
dude_jak2__L001036,CC1(CC2=C([C@@H](C(=C(N2c3ccccc3C#N)N)C#N)c4ccc5c(c4)OCO5)C(=O)C1)C
dude_jak2__L001037,COc1ccc2c(c1)c3c([nH]2)[C@H]([NH2+]CC3)c4c([nH]c(=S)n(c4=O)Cc5ccccc5)[O-]
dude_jak2__L001038,CCOc1ccc2=[NH+][C@@H](C(=c2c1)NC(=O)C[NH+]3CCC(CC3)Cc4ccccc4)C(=O)OCC
dude_jak2__L001039,CC(C)n1c2c(cc(cn2)C(=O)Nc3cc(nn3C(C)(C)C)C(C)(C)C)cn1
dude_jak2__L001040,C[C@H]1[C@@H](N([C@@H]([C@@H]1C2[NH+]=c3ccccc3=[NH+]2)NC(=O)c4cccs4)CCCOC)C
dude_jak2__L001041,CCOc1ccc2=[NH+]C(=O)[C@H](C=c2c1)[C@H]([C@@H]3N=NNN3C(C)(C)C)[NH+]4CCN(CC4)c5cccc(c5C)C
dude_jak2__L001042,c1cc(ccc1C(=O)c2ccc3c(c2)[nH]c(=O)[nH]3)I
dude_jak2__L001043,Cc1c2c(n(n1)c3ccc(nn3)Cl)NC(=O)C[C@H]2c4ccc(c(c4)OC)OC
dude_jak2__L001044,C/C(=C/C(=O)Nc1ccccc1)/NNC(=O)Cc2ccc(cc2)[N+](=O)[O-]
dude_jak2__L001045,CS(=O)(=O)Nc1cccc(c1)C(=O)N2CC(=O)Nc3c2cccc3
dude_jak2__L001046,Cc1cccc(c1C)O[C@@H](C)C(=O)NNC(=O)CN2C(=O)c3ccccc3C2=O
dude_jak2__L001047,Cc1c(c(n2c(n1)nc(n2)S[C@H](C)C(=O)Nc3ccc(cc3Cl)Cl)C)CC(=O)[O-]
dude_jak2__L001048,CN1C(=O)N(C(=O)C12CCCCC2)CC(=O)N(C/C=C/c3ccccc3)c4ccc5c(c4)OCCO5
dude_jak2__L001049,Cc1ccc(cc1)N2C[C@@H](CC2=O)c3nc(no3)c4ccc5c(c4)[nH]c(=O)n5C(C)C
dude_jak2__L001050,c1cc(c2c(c1)NC(=O)CO2)C(=O)Nc3ccnc4n3ncc4
dude_jak2__L001051,C/C(=N\N=C/1\NC(=O)C[C@@H](S1)C(=O)Nc2cccc(c2)[N+](=O)[O-])/c3ccccc3
dude_jak2__L001052,COc1ccc(cc1)N2CCN(CC2)c3c(c(=O)n4ccccc4n3)/C=C\5/C(=O)N(C(=S)S5)CC=C
dude_jak2__L001053,Cc1ccc(cc1)/C=N/N=C(/c2cccc(c2)[N+](=O)[O-])\C34C[NH+]5CN(C3)CN(C4)C5
dude_jak2__L001054,C[C@@H](C(=O)[O-])Oc1c(cccc1OC)/C=C(/C#N)\C2[NH+]=c3ccccc3=[NH+]2
dude_jak2__L001055,Cc1ccc2c(c1)N(CCO2)C(=O)CSc3nc4c5cccnc5sc4c(=O)n3C[C@@H]6CCCO6
dude_jak2__L001056,C[C@H](c1cccc(c1)S(=O)(=O)N)/[NH+]=C/c2cc(cc(c2[O-])[N+](=O)[O-])Cl
dude_jak2__L001057,CC[NH+]1CCC(CC1)CNC(=O)CN2C(=O)C3(CCCCC3)N(C2=O)C
dude_jak2__L001058,c1ccc(c(c1)Nc2ccc3c(c2N)cccn3)I
dude_jak2__L001059,COc1c2c(c(c(c1OC)OC)CS[C@H]3C(=O)[NH+]=c4ccccc4=[NH+]3)C(=O)OC2
dude_jak2__L001060,CC[C@@H](C)N([C@H]1CCS(=O)(=O)C1)C(=O)CSc2nc(cc(n2)N)N
dude_jak2__L001061,Cc1cc(c(c(c1)C)NC(=O)CNS(=O)(=O)c2cc(cc(c2C)C)[N+](=O)[O-])C
dude_jak2__L001062,C[C@@H]1CS/C(=N\c2ccc3ccccc3c2)/N1
dude_jak2__L001063,C[NH+](Cc1cc2cc3c(cc2n(c1=O)Cc4cccc(c4)F)OCO3)C[C@@H](c5ccccc5)O
dude_jak2__L001064,c1cc(cc(c1)Br)Oc2c(cc3c(n2)CCC3)/C(=N\O)/N
dude_jak2__L001065,Cc1cc2cc(c(=O)[nH]c2cc1C)[C@H](c3nnnn3C4CCCC4)[NH+]5CCC(=CC5)c6ccc(cc6)F
dude_jak2__L001066,CC1=C(NN(C(=O)[C@@H]1C#N)c2ccccc2)C(=O)N/N=C/[C@@H]3C=c4cc(ccc4=[NH+]C3=O)OC
dude_jak2__L001067,Cc1ccc(cc1NC(=O)[C@H](C)[NH+]2CCN(CC2)S(=O)(=O)c3ccc(s3)Cl)[N+](=O)[O-]
dude_jak2__L001068,CC[C@H](C)[C@]1([C@@H]2[C@@H]([C@@H]([NH2+]1)c3cc(c(c(c3)C)O)C)C(=O)N(C2=O)C4CCCCC4)C(=O)[O-]
dude_jak2__L001069,c1cc(ccc1/C=C/2\CCC[C@H]3C2=NN([C@H]3c4ccc(cc4)F)C(=O)COC(=O)c5cnccn5)F
dude_jak2__L001070,c1ccc(c(c1)N2CC[NH+](CC2)[C@H]3CCc4c(sc5c4c(=O)n(cn5)CC6CCCCC6)C3)F
dude_jak2__L001071,Cc1nc2ccc(cc2s1)N[C@@H]3/C(=N/S(=O)(=O)c4ccc5c(c4)OCCO5)/[NH+]=c6ccccc6=[NH+]3
dude_jak2__L001072,c1ccc(cc1)N2C[C@@H](CC2=O)C(=O)NCCn3c4c(cn3)c(=O)n(cn4)Cc5cccc6c5cccc6
dude_jak2__L001073,Cn1cnnc1SCc2ccc(cc2)C(=O)N/N=C/c3ccc(c(c3)O)O
dude_jak2__L001074,Cn1ccc(n1)NC(=O)CN2C(=O)[C@@]3(CCCc4c3cccc4)NC2=O
dude_jak2__L001075,C[C@H](C(=O)NC1CCCC1)NC(=O)C2=CN3CCS(=O)(=O)N=C3C=C2
dude_jak2__L001076,CCCC(=O)Nc1cc(nn1c2c3cnn(c3ncn2)c4ccc(cc4C)C)C
dude_jak2__L001077,c1ccc2c(c1)/C(=N/NC(=O)CSCc3ccc(cc3)[N+](=O)[O-])/C(=O)N2
dude_jak2__L001078,CC[C@@]1(C(=O)N(C(=O)N1)NC(=O)C[NH+](C)Cc2ccc3cc(ccc3c2)OC)C
dude_jak2__L001079,CC(C)c1c(c2c(c(c1O)O)[C@]3(CCCC([C@H]3C(=O)C2=O)(C)C)C)O
dude_jak2__L001080,C1C[C@H](OC1)CN([C@H]2CCSC2)C(=O)c3nc([nH]n3)N
dude_jak2__L001081,c1ccc(c(c1)CNC(=O)[C@H]2N[C@H](NO2)CC3=c4ccccc4=[NH+]C3)Cl
dude_jak2__L001082,c1cc[nH+]c(c1)N2CCN(CC2)C(=O)CCCC(=O)/N=C/3\N[C@@H]4CCCC[C@@H]4S3
dude_jak2__L001083,Cc1ccc(cc1NC(=O)CSc2nc3c(c4c(s3)CCCC4)c(=O)n2CCOC)[N+](=O)[O-]
dude_jak2__L001084,C[C@H](C/C(=N/O)/N)NC(=O)Nc1ccc(cc1)Cl
dude_jak2__L001085,c1ccc(cc1)c2nc(on2)C[NH+]3CCc4c([nH]cn4)[C@H]3c5ccccn5
dude_jak2__L001086,CCCn1c2c(c(cc(n2)C(C)C)C(=O)NC[C@@H]3CC[NH+](C3)C(C)C)c(=O)[nH]c1=O
dude_jak2__L001087,Cc1cc(c(cc1NCc2cc(=O)n3ccsc3[nH+]2)OC)OC
dude_jak2__L001088,COc1cc2cc(c(=O)[nH]c2cc1OC)[C@@H](c3nnnn3C4CCCC4)[NH+]5CCC(=CC5)c6ccc(cc6)F
dude_jak2__L001089,CCN\1c2ccc(cc2N(/C1=C\C=C\3/C(=O)N(C(=S)O3)CC)CC)S(=O)(=O)C(F)(F)F
dude_jak2__L001090,CCC(C)(C)n1c(nnn1)[C@@H](c2cc3cc(ccc3[nH]c2=O)C)[NH+]4CCN(CC4)c5cc(ccc5C)Cl
dude_jak2__L001091,CN(C)c1ccc(cc1)/C=N/NC(=O)c2cc3cc(ccc3o2)Br
dude_jak2__L001092,CCCn1c(c(c(c(c1=O)C#N)C)/C=C/2\C(=O)N(C(=S)S2)CCc3ccccc3)N4CCCCCC4
dude_jak2__L001093,Cc1ccc(nc1)n2c(=O)c3ccccc3nc2SCc4ccc(o4)S(=O)(=O)N5CCCC5
dude_jak2__L001094,C[C@@H](C(=O)O[C@H](C)C(=O)Nc1ccc2ccccc2c1)NC3=NS(=O)(=O)c4c3cccc4
dude_jak2__L001095,Cc1cc2c(c(c1)OCC(=O)N3C[C@@H]4C(=c5ccccc5=[NH+]4)C[C@H]3C(=O)OC)c6c(c(=O)o2)CCC6
dude_jak2__L001096,CC1=C2[C@H](C(=C(O[C@H]2N=N1)N)C#N)c3ccc(cc3)SC
dude_jak2__L001097,c1cc(cnc1)[C@H]2CCCCN2C(=O)C3=CNN4C3=[NH+][C@H](C[C@H]4C(F)(F)F)c5cccs5
dude_jak2__L001098,Cc1c(sc(n1)NC(=O)CSc2c(nnc(n2)O)C)C(=O)C
dude_jak2__L001099,Cc1cccn2c1nc(c(c2=O)/C=C\3/C(=O)N(C(=S)S3)C[C@@H]4CCCO4)N5CCc6ccccc6C5
dude_jak2__L001100,C[C@@H]1C(=O)Nc2cc(ccc2S1)C(=O)OCc3cc(oc-4c/c(=[NH+]\C(=O)C)/ccc34)O
dude_jak2__L001101,CCOC(=O)Cn1c(nnn1)[C@@H](C(C)C)[NH+](Cc2cccs2)Cc3cc4cc(ccc4[nH]c3=O)C
dude_jak2__L001102,O=C(NCC#N)c4ccc(c3ccnc(Nc2ccc(N1CCSCC1)cc2)n3)cc4
dude_jak2__L001103,c1ccc(cc1)n2c(nnn2)C[C@@]3(CC[NH2+]C3)C(=O)[O-]
dude_jak2__L001104,Cc1cc(nc(n1)n2c(cc(n2)C)NC(=O)c3cc(c[nH]3)Cl)C
dude_jak2__L001105,CC(C)NC(=O)NC(=O)CSc1nnc(n1c2ccc(cc2)Cl)[C@H](C)[NH+](C)C
dude_jak2__L001106,Cc1cc(n(n1)C)NC(=O)NNC(=O)CC(C)C
dude_jak2__L001107,CCc1ccc(cc1)CCNC(=O)[C@H]2CN(CC23CC[NH2+]CC3)C(=O)c4cccc5c4-c6ccccc6C5=O
dude_jak2__L001108,c1cc(cc(c1)Br)c2[nH]c(=O)c3c4c(sc3n2)CCCCC4
dude_jak2__L001109,c1ccc2c(c1)ccc(c2C[NH2+]CC[NH2+]CCO)OCc3ccc(cc3Cl)Cl
dude_jak2__L001110,Cc1ccc(cc1Cl)n2c3c(c(n2)C)[C@H](SCC(=O)N3)c4ccc(cc4)OC
dude_jak2__L001111,CC1(CC2=C([C@H](c3c([nH]nc3O)N2)c4ccsc4)C(=O)C1)C
dude_jak2__L001112,COC(=O)c1c(c2ccc(nc2s1)c3ccco3)N
dude_jak2__L001113,COc1ccc(cc1OCc2ccccc2)[C@@H]3C4=C(N=N[C@H]4NC5=C3C(=O)CCC5)O
dude_jak2__L001114,CCCCCn1c(=O)c2c3c(sc2nc1SCC(=O)NC(=O)NC)CCCC3
dude_jak2__L001115,c1cc(ccc1[C@H]2C(=C(C(=O)N2CCO)[O-])C(=O)c3ccc(cc3)[N+](=O)[O-])Br
dude_jak2__L001116,Oc5ccc(C2NC(=O)c1ccccc1c3ccnc4[nH]cc2c34)c(F)c5
dude_jak2__L001117,c1ccc(cc1)c2ccc(cc2)C[NH+]3CCNC(=O)[C@H]3CC(=O)N4CCCN(CC4)C=O
dude_jak2__L001118,c1ccc2c(c1)nc(s2)c3cc4c(c(c3)O)OCC[NH+](C4)C(CO)CO
dude_jak2__L001119,Cc1c(c(n(c(=O)c1C#N)C)N2C[C@H](C[C@@H](C2)C)C)/C=C\3/C(=O)N(C(=S)S3)Cc4ccc(cc4)OC
dude_jak2__L001120,Cc1c(sc2c1c(nc(n2)C[NH+]3CCC(CC3)C)Sc4nnc(n4C)Cc5cccs5)C
dude_jak2__L001121,C[C@@H](C(=O)Nc1ccc(cc1C(F)(F)F)Cl)Sc2nnnn2c3ccc(cc3)O
dude_jak2__L001122,C[C@@H]1CCC[C@H](N1C(=O)COc2ccc(cc2)C(=O)OCC(=O)N3C(CC(=O)CC3(C)C)(C)C)C
dude_jak2__L001123,Cc1cc2cc(c(=O)[nH]c2cc1C)[C@@H](c3nnnn3C4CCCCC4)[NH+]5CCN(CC5)c6ccccc6F
dude_jak2__L001124,CC(C)c1ccc(cc1)[C@]2(C(=O)N(C(=O)N2)CC(=O)Nc3ccc(cc3)S(=O)(=O)C)C
dude_jak2__L001125,C[C@H]1CCC[C@H]([C@@H]1C)NC(=O)COC(=O)CN2C(=O)[C@@]3(CCCC[C@@H]3C)NC2=O
dude_jak2__L001126,C[C@@H]1CC2=C([C@H](n3c(nc(n3)C(F)(F)F)N2)c4cccc(c4)[N+](=O)[O-])C(=O)C1
dude_jak2__L001127,C/C=C/c1ccc(c(c1)OC)Oc2nnnn2c3ccc(cc3)C(=O)N
dude_jak2__L001128,CCn1c2ccccc2nc1C[NH+](CCOC)C[C@@H]3CCC[NH+](C3)C4Cc5ccccc5C4
dude_jak2__L001129,Cc1ccc(cc1)NC(=O)Cn2cnc3c(c2=O)nnn3c4ccc(cc4)Cl
dude_jak2__L001130,Cc1ccc(cc1)n2c(cc(n2)C)NC(=O)CN3C(=O)C4(CCCCC4)N(C3=O)C
dude_jak2__L001131,Cc1ccc2=[NH+][C@@H](C=c2c1)[C@@H]3NC(=NO3)Cc4cccnc4
dude_jak2__L001132,COc1cc(cc(c1OC)OC)/C=N/NC(=O)C(=O)Nc2c(c3c(s2)CCCC3)C#N
dude_jak2__L001133,Cc1c(cnn1C)[C@@H](C)NC(=O)Nc2cc(c(cc2F)F)NC(=O)C
dude_jak2__L001134,c1c(csc1c2nc3c(c(n2)NN)CCC3)Br
dude_jak2__L001135,Cc1c2c(=O)[nH]c(nc2sc1C(=O)OC)C[NH+](C[C@H](COC(C)(C)C)O)C3CCCCC3
dude_jak2__L001136,C[C@H]1CN(CCN1S(=O)(=O)C2=c3ccnc(c3=[NH+]C2)n4cc(nn4)C[NH+](C)C)C(=O)c5ccccc5
dude_jak2__L001137,CCOc1cc2c(c(c1)OCC)C(=O)C[C@]3(O2)CC[NH2+]C3
dude_jak2__L001138,CCN(c1ccc(cc1)F)C(=O)CSc2nc3cc(ccc3c(=O)n2C[C@H](C)O)C(=O)[O-]
dude_jak2__L001139,Cc1ccc2=[NH+]CC(=c2c1)CCNC(=O)CCC(=O)N3CCS[C@H]4[C@H]3[C@@H](NN4c5ccccc5)C
dude_jak2__L001140,Cc1cc(c(c(c1)Cl)NC(=O)CN2C(=O)[C@](NC2=O)(C)c3ccccc3)C
dude_jak2__L001141,c1cc2cc([nH]c2c(c1)N)C(=O)N[C@H]3CCCC[C@H]3O
dude_jak2__L001142,CCNC(=O)c1cccc2c1N[C@@H]([C@@H]3[C@@H]2C=CC3)c4cccc5c4cccc5
dude_jak2__L001143,CCS(=O)(=O)C1=NSC2=NC(=O)/C(=C\c3ccc(cc3)OC(=O)c4ccc(cc4)Cl)/C(=[NH2+])N21
dude_jak2__L001144,CCOc1cc(ccc1OCc2ccccc2Cl)/C=N/N=C/3\NC(=O)[C@H](S3)CC(=O)[O-]
dude_jak2__L001145,c1cc(c(cc1N)Br)NS(=O)(=O)N2CCCCCC2
dude_jak2__L001146,COc1ccc2=C[C@@H](C(=O)[NH+]=c2c1)C[NH+](Cc3ccccc3)Cc4nnnn4Cc5ccccc5
dude_jak2__L001147,[H]/N=C/1\C(=C\c2ccc(cc2)OCCOc3cc(cc(c3)C)C)\C(=O)N=C4N1C(=NS4)S(=O)(=O)CC
dude_jak2__L001148,Cc1ccc(cc1)C2=C[C@H](N=N2)N/N=C/3\[C@H]([NH+]=c4ccccc4=[NH+]C3=O)C(F)(F)F
dude_jak2__L001149,c1cc(cc(c1)[N+](=O)[O-])NC(=O)c2ccsc2NC(=O)[C@@H]3CCCC[C@@H]3C(=O)[O-]
dude_jak2__L001150,c1cc(sc1)C(=O)NC2CC[NH+](CC2)CC(=O)NCc3ccc4c(c3)OCO4
dude_jak2__L001151,COC(=O)CNC(=O)CS[C@H]1NN=C(N1c2ccc(cc2)Cl)C3=c4ccccc4=[NH+]C3
dude_jak2__L001152,CC(C)[C@H]1C(=O)N(c2c(cc(c(c2Cl)N)Cl)O1)C
dude_jak2__L001153,CC(C)C[C@@H]1C(=O)N(C(=O)N1)C[NH+]2CCC(CC2)c3nc4ccccc4o3
dude_jak2__L001154,CC(=O)O[C@H]1[C@H]([C@H]2C(CC[C@@H]([C@@]2([C@@]3([C@@]1(O[C@@](CC3=O)(C)C=C)C)O)C)O)(C)C)OC(=O)CC[NH+](C)C
dude_jak2__L001155,c1cc(cc(c1)N2C(=O)CCS2(=O)=O)C(=O)NC[C@H](c3cccs3)[NH+]4CCCCCC4
dude_jak2__L001156,CCOCCn\1c2ccc(cc2s/c1=N\C(=O)c3ccnn3C(C)C)S(=O)(=O)N
dude_jak2__L001157,C1CCNC(=O)[C@@H](C1)Sc2nnnn2C[C@@H]3CCCO3
dude_jak2__L001158,CC(=O)Oc1ccc(cc1)N2C(=O)[C@H]3[C@H]4CCC[NH+]4[C@@]5([C@H]3C2=O)c6cc(ccc6NC5=O)Br
dude_jak2__L001159,CCOc1cccc(c1O)/C=N/NC(=O)Cn2c3ccccc3nn2
dude_jak2__L001160,CN4CCN(c3ccc(Nc2nccc(c1ccc(C(=O)NCC#N)cc1)n2)cc3)CC4
dude_jak2__L001161,Cc1c2c(n(n1)c3ccc4nncn4n3)NC(=O)C[C@@H]2c5ccc(cc5Cl)F
dude_jak2__L001162,CCOC(=O)[C@](C)(COc1c(cc(cc1Br)[N+](=O)[O-])Br)[NH3+]
dude_jak2__L001163,C[C@@H]1CCCC[C@H]1NC(=O)[C@@H]2CC[C@@H]([C@@H](C2)C)[NH3+]
dude_jak2__L001164,c1cc(oc1)c2nnc(n2N)SCc3cc(cc4c3OCOC4)Cl
dude_jak2__L001165,c1cc[nH+]c(c1)NCCCNC(=S)NCCCN(Cc2ccc(cc2)Br)c3cccc[nH+]3
dude_jak2__L001166,CC(C)(C(=O)N[C@H](COCc1ccccc1)C(=O)N2CCC3=NN(C(=O)[C@@]3(C2)Cc4ccccc4)C)[NH3+]
dude_jak2__L001167,CCNC(=O)[C@@H]1Cc2cc(ccc2N3[C@@H]1C[NH+](CC3)CC(=O)NC(C)C)[N+](=O)[O-]
dude_jak2__L001168,c1ccc2c(c1)OC[C@H](O2)C[NH+]3CCC(CC3)CCN4CCN(C4=O)c5ccncc5
dude_jak2__L001169,CCOc1ccc(cc1OCC)Cn2c(=O)c3c(ccs3)n4c2nn(c4=O)Cc5ccc(cc5)C
dude_jak2__L001170,c1ccc(c(c1)NC(=O)CN2C(=O)C3(CCCCC3)NC2=O)OC(F)F
dude_jak2__L001171,Cc1ccc(c(c1)C)NC(=O)NC(=O)COC(=O)Cc2coc3c2cc4c(c3)CCC4
dude_jak2__L001172,CN(Cc1ccc2c(c1)OCCO2)C(=O)c3cccc(c3)S(=O)(=O)N(C)c4cccc(c4)Cl
dude_jak2__L001173,Cc1cc(ccc1OC)[C@H]2C(=[NH2+])N(C(=[NH+]2)C)C
dude_jak2__L001174,CC(C)(C)OC(=O)NN1CC(=O)N2[C@@H](C1=O)CC3=c4ccccc4=[NH+][C@@H]3[C@H]2c5cccc(c5)[N+](=O)[O-]
dude_jak2__L001175,CCOC(=O)c1c2c(sc1NC(=O)c3ccc(cc3)S(=O)(=O)N4CCCCC4)CN(CC2)C(=O)C
dude_jak2__L001176,Cc1cccc2c1NC(=O)[C@@]23[C@H]4[C@@H]([C@H](N3)CCC(=O)[O-])C(=O)N(C4=O)CCc5ccccc5
dude_jak2__L001177,C[C@@H](C(=O)NCCC1=c2cc(ccc2=[NH+]C1)Cl)NC(=O)C[C@@H]3c4ccccc4C(=O)N=[NH+]3
dude_jak2__L001178,c1ccc(cc1)Cn2cc-3c(=O)n(nc3c(c2)C(=O)N4CCN(CC4)c5ccccc5Cl)c6ccccc6
dude_jak2__L001179,Cc1cc(no1)NC(=O)COC(=O)c2c3ccccc3nc\4c2C[C@H](C/C4=C\c5ccco5)C
dude_jak2__L001180,Cc1c(c(on1)C)S(=O)(=O)NC2(CCCCCCC2)C#N
dude_jak2__L001181,C[C@H](Nc3nc(Nc1ncc(C)s1)cc(N2CCOCC2)n3)c4ncc(F)cn4
dude_jak2__L001182,c1ccc(cc1)[C@H](CNC(=O)C(=O)NCCc2ccc(cc2)O)S(=O)(=O)c3cccs3
dude_jak2__L001183,CN(C)C(=O)c1c2c(n(n1)CC=C)CC[C@H](C2)[NH2+]CCC3=c4ccccc4=[NH+]C3
dude_jak2__L001184,CCOC(=O)[C@H](C)Oc1ccc2c(c1)O/C(=C\c3cc(cc4c3OCOC4)Br)/C2=O
dude_jak2__L001185,Cc1cc(nc2c1C3=NC(=NC(=O)[C@H]3S2)c4ccc(o4)COc5ccc(cc5Cl)Cl)C(F)F
dude_jak2__L001186,C[C@H](C(=O)NNC(=O)c1ccccc1O)S(=O)(=O)C
dude_jak2__L001187,CC1=C([C@@]2(c3cc(ccc3NC2=O)Cl)C(=C(O1)N)C#N)C(=O)OCC=C
dude_jak2__L001188,CC[C@@H](C(=O)NCCC1=c2cc(ccc2=[NH+]C1)OC)n3c(=O)c4c(n(nc4c(n3)C)c5ccccc5)C
dude_jak2__L001189,C[C@]1(C(=O)N(C(=O)N1)CC(=O)NC[C@@H]2CCCC[NH+]2Cc3ccccc3)C4CC4
dude_jak2__L001190,CCCOc1ccc(cc1OC)[C@H]2CN3C(=O)CN(C(=O)[C@@]3([C@H]4C2=c5ccccc5=[NH+]4)C)C[C@@H]6CCCO6
dude_jak2__L001191,Cc1ccc(cc1)O[C@@H](C)CNC(=O)[C@@H]2CN(CC23CC[NH2+]CC3)C(=O)c4c(ccc(c4F)C)F
dude_jak2__L001192,CC[C@@H](C)N1C(=O)[C@]2(Cc3cc(ccc3N4[C@@H]2CCCC4)[N+](=O)[O-])C(=O)NC1=S
dude_jak2__L001193,Cc1cccc(c1C)NC(=O)CN(C)S(=O)(=O)c2cc(ccc2C)[N+](=O)[O-]
dude_jak2__L001194,CC(C)c1c2c(n[nH]1)OC(=C([C@H]2c3cc4c(c(c3)OC)OCO4)C#N)N
dude_jak2__L001195,C[C@@H](C(=O)NC1=c2cc(ccc2=[NH+][C@H]1C(=O)OC)Br)N3CCN(CC3)C(=O)c4ccco4
dude_jak2__L001196,Cc1c(sc(c1C#N)NC(=O)N[C@@H](C)[C@H]2CCCO2)C
dude_jak2__L001197,Cc1ccccc1N2C(=O)[C@@](C(=O)NC2=O)(CCc3ccncc3)Cc4ccc5c(c4)OCO5
dude_jak2__L001198,C[NH+](C[C@@H](COC)O)CC(=O)Nc1c(cc(cc1Br)Br)Br
dude_jak2__L001199,c1ccc2=[NH+]/C(=N\S(=O)(=O)c3cccs3)/[C@H]([NH+]=c2c1)NC4CCCCC4
dude_jak2__L001200,CC(C)OC(=O)c1c(c2cc3c(nc2s1)CCCC3=O)N
dude_jak2__L001201,CCOC(=O)c1ccc(cc1)c2ccc(o2)[C@@H]3Nc4c(c5c(s4)C[NH+](CC5)C)C(=O)N3
dude_jak2__L001202,c1ccc(cc1)c2ccc(cc2)/[NH+]=c\3/c(cc4ccc(cc4o3)O)C(=O)N
dude_jak2__L001203,Cc1c2c(on1)NC3=C([C@@H]2c4cc(c(cc4OC)OC)OC)C(=O)C[C@@H](C3)c5ccc(c(c5)OC)OC
dude_jak2__L001204,CCn1cnnc1CNC(=O)N(C)C2CC[NH+](CC2)C3CCC(CC3)C
dude_jak2__L001205,CN1c2ccccc2[C@@]3(C1=O)CC(=Nc4c3cnn4c5nc6ccc(cc6s5)OC)O
dude_jak2__L001206,C[C@H]1[C@@H](Oc2ccccc2O1)C(=O)Nc3ccc(cc3)[C@@H]4C=CN=[NH+]4
dude_jak2__L001207,CCn1c(c(c(c(c1=O)C#N)C)/C=C/2\C(=O)N(C(=S)S2)[C@H](C)c3ccccc3)NCc4ccccc4
dude_jak2__L001208,COc1ccc(cc1)/C=C/C(=O)Oc2ccc(cc2)/C=c\3/c(=O)n4c(nnc4s3)c5ccncc5
dude_jak2__L001209,c1cc(cc2c1cc([nH]2)C(=O)NCc3cc(sc3)Br)Cl
dude_jak2__L001210,Cc1ccc2c(c1)c(=O)n(c(n2)S[C@@H](C)C(=O)Nc3ccc(cc3F)C)C
dude_jak2__L001211,CCOc1cc(ccc1OCc2ccc3c(c2)OCO3)/C=C\4/C(=[NH2+])N5C(=NC4=O)SN=C5SC
dude_jak2__L001212,Cc1cc(cc(c1Cl)C)O[C@H]2CCC[C@@H]2O
dude_jak2__L001213,CCCC[NH+](C)[C@@H]1[C@@H](c2ccc3c(c2OC1(C)C)OCO3)O
dude_jak2__L001214,CCOc1ccccc1NC(=O)N2CCN(CC2)Cc3cc(=O)n4c(n3)sc(n4)c5cccs5
dude_jak2__L001215,Cc1ccc(cc1)c2csc3c2c(ncn3)Sc4nnc(n4C)CCC(=O)N
dude_jak2__L001216,C=CCn1c(=O)c2c3c(sc2nc1SCc4[nH]c(=O)c5ccc(cc5n4)C(=O)[O-])CCC3
dude_jak2__L001217,Cc1cccc(c1C)NC(=O)C[NH+](C)CC(=O)Nc2c(cc(cc2Cl)C)C
dude_jak2__L001218,CCOC(=O)CC[C@@H]1C(=C(C(=[NH+]1)C2=C/C(=C\3/C(=C(C(=[NH+]3)CCC(=O)OCC)C)C)/CCC2)C)C
dude_jak2__L001219,CCOc1ccc(cc1)N2C[C@H](CC2=O)C(=O)/N=c\3/[nH]c(cs3)C[NH+]4CCC(CC4)C
dude_jak2__L001220,CCc1ccc(cc1)OC[C@@H](CN2C(=O)[C@@](NC2=O)(C)c3ccc4c(c3)OCCCO4)O
dude_jak2__L001221,C[C@@H]1CCc2c(sc(n2)NC(=O)NC[C@@H]3CCCO3)C1
dude_jak2__L001222,CCOc1cc(ccc1O)[C@H]2C(=C(C(=O)N2CCOC)[O-])C(=O)c3ccc4c(c3)C[C@@H](O4)C
dude_jak2__L001223,Cc1c\2c(oc1C(=O)NC(C)C)CCC/C2=N\NC(=O)c3ccc(c(c3)[N+](=O)[O-])Cl
dude_jak2__L001224,c1cc(sc1)C[NH+](C[C@@H]2CCCO2)CC(=O)Nc3cc4c(cc3Br)OCCO4
dude_jak2__L001225,C[C@H]1CCc2c(sc3c2c(=O)n(cn3)CC(=O)N/N=C\c4ccc(c(c4)OC)O)C1
dude_jak2__L001226,c1cc(c(c(c1)Cl)NC(=O)c2cc(ccc2Br)[N+](=O)[O-])Cl
dude_jak2__L001227,C[C@H]1CCC[C@]2([C@]13[C@H](O3)[C@H]4[C@@H](C2)OC(=O)[C@H]4C[NH+]5CCN(CC5)c6cccc[nH+]6)C
dude_jak2__L001228,C[C@@]12C[C@@H]([C@H]3[C@@H]([C@@H]1CC[C@@]2(C(=O)COC(=O)CCC(=O)[O-])O)CCC4=CC(=O)C=C[C@@]34C)O
dude_jak2__L001229,CN(C)c1c2c(nc(n1)N3CC[NH+](CC3)C4CCCCC4)CCN(C2)S(=O)(=O)c5ccc(cc5)Cl
dude_jak2__L001230,c1ccc(c(c1)NC(=O)C2=COCCO2)S(=O)(=O)N
dude_jak2__L001231,Cc1ccc(cc1)NC(=O)CS[C@H](C)C(=O)N[C@H](C)c2ccc3c(c2)NC(=O)CO3
dude_jak2__L001232,C1CC[NH+](CC1)C2(CCN(CC2)C(=O)NC34CC5CC(C3)CC(C5)C4)C(=O)N
dude_jak2__L001233,c1ccc2c(c1)C=C[NH+]3[C@H]2[C@@H]4[C@H]([C@H]3C(=O)Nc5cc(ccc5Cl)[N+](=O)[O-])C(=O)N(C4=O)C6CCCCC6
dude_jak2__L001234,CN(CCC1=NO[C@H](N1)[C@H]2C=c3ccccc3=[NH+]2)C(=O)COC
dude_jak2__L001235,Cc1csc(n1)NC(=O)CSc2c(cccn2)[N+](=O)[O-]
dude_jak2__L001236,Cc1cc(c2c(c1)c(=O)c3c(o2)C(=O)N([C@H]3c4ccc(cc4)[N+](=O)[O-])CCO)C
dude_jak2__L001237,CC(C)NC(=O)C1CCN(CC1)c2nc3c(s2)c(=O)n(cn3)CC(=O)Nc4ccccc4Cl
dude_jak2__L001238,COc1cc2c(cc1/C=C\3/C(=O)NC(=O)N(C3=O)c4cccc(c4)Br)OCO2
dude_jak2__L001239,Cc1ccc(cc1)N2C[C@@H](CC2=O)C(=O)NNC(=O)NC3CCCC3
dude_jak2__L001240,c1cc(sc1)[C@@H]2[C@@H]3CC=C[C@@H]3c4cc(ccc4N2)S(=O)(=O)N
dude_jak2__L001241,CN\1c2ccccc2S/C1=C(\C#N)/C(=O)CSc3nnc(n3c4ccccc4)c5ccco5
dude_jak2__L001242,C[C@H](Nc4cc(c1ccoc1)nc(n2cnc3ccncc23)n4)c5ccccc5
dude_jak2__L001243,CN1[C@@H](NN=C1SCC(=O)N/N=C/C2=c3ccccc3=[NH+]C2)c4cccc(c4)Cl
dude_jak2__L001244,c1ccc2=N/C(=N\S(=O)(=O)c3ccc(cc3)Br)/[C@@H]([NH+]=c2c1)Nc4cccc(c4)F
dude_jak2__L001245,Cc1ccc(cc1)C(=O)N(c2ccc(cc2)OC)S(=O)(=O)c3ccc4=[NH+]C(=O)[NH+]=c4c3
dude_jak2__L001246,C/C(=N\Nc1nnc(n1N)SCc2ccccc2)/c3ccccc3O
dude_jak2__L001247,C/C(=N\OC[C@H]1Nc2ccccc2C(=O)N1/N=C/[C@H]3C=c4ccccc4=[NH+]3)/c5ccccc5
dude_jak2__L001248,Cc1c(c(n[nH]1)C)CNc2c3c(nn(c3ncn2)C)C
dude_jak2__L001249,c1cc(sc1)Cc2nnc3n2cc(cc3N)Br
dude_jak2__L001250,CC(C)[C@H](C(=O)OCc1cc(=O)n2cc(ccc2n1)Br)NC(=O)c3ccccc3Cl
dude_jak2__L001251,Cc1c(n2ccccc2n1)C(=O)NNS(=O)(=O)C3CCCCC3
dude_jak2__L001252,c1cc(c(cc1N[C@H]2CC[NH+](C2)C3CC3)[N+](=O)[O-])Cl
dude_jak2__L001253,c1cc(cnc1)CCC(=O)NCc2nnc3n2CC[NH+](CC3)Cc4cc5c(cc4Cl)OCO5
dude_jak2__L001254,Cc1cccc(c1C)n2c(nnn2)S[C@H](c3ccccc3)C(=O)NC(=O)N
dude_jak2__L001255,Cc1cc(ccc1[N+](=O)[O-])C(=O)O[C@@H](C)C(=O)Nc2ccccc2Cl
dude_jak2__L001256,CN1[C@@H]2[C@@H](N=C1Oc3ccc(cc3)/C=C(/C#N)\C4[NH+]=c5ccccc5=[NH+]4)N(C(=O)N(C2=O)C)C
dude_jak2__L001257,CN(C)S(=O)(=O)c1ccc(cc1)C(=O)/N=c\2/n(c3c(ccc(c3s2)Cl)OC)CCOC
dude_jak2__L001258,Cc1cc(n(n1)c2[nH]c(=O)c3c(n2)CCCC3)NC(=O)Cc4ccc(cc4)Cl
dude_jak2__L001259,CCOC(=O)[C@@H]1C(=c2cc(ccc2=[NH+]1)OC)NC(=O)C[NH+]3CCC(CC3)Cc4ccccc4
dude_jak2__L001260,c1ccc2=[NH+]/C(=N/S(=O)(=O)c3ccc(cc3)N/C=C/C(=O)c4ccc5c(c4)OCO5)/C[NH+]=c2c1
dude_jak2__L001261,Cc1nc(cn1CC(=O)Nc2c(c-3c(s2)CCc4c3cccc4)C#N)[N+](=O)[O-]
dude_jak2__L001262,COc1ccc(c(c1)[C@@H]2[C@H]3C(=c4ccccc4=[NH+]3)C[C@@H]5N2C(=O)CN(C5=O)Cc6cccs6)OC
dude_jak2__L001263,CC1(CC2=C([C@H](N(c3ccccc3N2)CC(=O)N4CC[NH+](CC4)CCO)c5ccccc5)C(=O)C1)C
dude_jak2__L001264,CC(C)(C)[C@H]1CC[C@@H](C(=O)C1)[C@]2(c3ccccc3NC2=O)O
dude_jak2__L001265,c1ccc2c(c1)CCC[C@@]2(CNC(=O)c3ccccc3O)O
dude_jak2__L001266,C[C@@]1(C(=O)NC(=O)N1)c2ccc(cc2)CNc3ncc(cn3)Br
dude_jak2__L001267,c1cc(cc(c1)C(F)(F)F)CNC(=O)[C@H]2CN(CC23CC[NH2+]CC3)C(=O)c4cccc(c4Cl)Cl
dude_jak2__L001268,CN(CCC1=NO[C@@H](N1)[C@H]2C=c3cc(ccc3=[NH+]2)Cl)C(=O)c4ccc(o4)Br
dude_jak2__L001269,Cc1ccc2c(c1)cc(c(=O)[nH]2)C[NH+](Cc3nnnn3C4CCCC4)C5CCCCC5
dude_jak2__L001270,Cc1ccc(c(c1)Cl)NC(=O)C(=O)NCCNc2ccccc2[N+](=O)[O-]
dude_jak2__L001271,c1c(cc(cc1F)F)C(=O)N2C[C@H](C3(C2)CC[NH2+]CC3)C(=O)NCC4CCC(CC4)C(=O)[O-]
dude_jak2__L001272,COc1ccc(cc1S(=O)(=O)/N=c/2\[nH]c3c(s2)CCC3)Br
dude_jak2__L001273,Cc1cc(=O)n2c(n1)NC(=[NH+][C@H]2[C@H]3CCC=CC3)NCc4ccc(cc4)OC
dude_jak2__L001274,C[C@H]1CCC[C@@H]([C@@H]1C)NC(=O)[C@@]2(Cn3c(ccc3C(=O)N2Cc4ccccc4OC)c5ccco5)C
dude_jak2__L001275,c1cc2cccc3c2c(c1)N(S3(=O)=O)CC(=O)NC(=O)NC45CC6CC(C4)CC(C6)C5
dude_jak2__L001276,CCOc1ccc(cc1OC)[C@@H]2[C@@H]3C(=c4ccccc4=[NH+]3)C[C@@H]5N2C(=O)CN(C5=O)C[C@@H](c6ccccc6)O
dude_jak2__L001277,CC1=C/C(=C/2\C[C@@H](NN2)c3cccc(c3)OC)/C(=O)C(=C1)C
dude_jak2__L001278,CC1=C([C@@H](n2c(nc(n2)SC)N1)c3ccc(cc3)N(C)C)C(=O)N
dude_jak2__L001279,CCOc1c(cccc1OCc2ccc(cc2Cl)Cl)C=C3C(=O)NC(=O)NC3=O
dude_jak2__L001280,Cc1c([nH+]c[nH]1)CN2CCC3(CC2)C(=O)N(C(=O)N3CC(C)C)C4Cc5ccccc5C4
dude_jak2__L001281,c1ccc2c(c1)cc(c(=O)o2)c3csc(n3)NC(=O)Cn4c5ccccc5oc4=O
dude_jak2__L001282,CCN1C(=O)N(C(=O)C12CC[NH+](CC2)C[C@H](C)Cc3ccc4c(c3)OCO4)C5Cc6ccccc6C5
dude_jak2__L001283,Cc1ccc(c(c1)C)n2c3c(cn2)c(ncn3)n4c(cc(n4)C)NC(=O)CCl
dude_jak2__L001284,CCOc1ccccc1C[NH+]2CCNC(=O)[C@@H]2CC(=O)N(C)C[C@@H]3C(=c4ccccc4=[NH+]3)C
dude_jak2__L001285,Cc1ccc(c(c1)NC(=O)CN2C(=O)/C(=C/c3ccc(cc3)OC)/SC2=O)C(=O)[O-]
dude_jak2__L001286,COc1cc2c3ccccc3oc2cc1N/C=C(\C#N)/c4nc(cs4)c5cc6ccccc6oc5=O
dude_jak2__L001287,C[C@@H](c1ccc2c(c1)OCO2)NC(=O)CN3C(=O)[C@@H](NC3=O)CC4=c5ccccc5=[NH+]C4
dude_jak2__L001288,c1ccc2c(c1)[C@@]3([C@@H]4CCC[NH+]4[C@@]5([C@@H]3C(=O)c6cccc(c6)[N+](=O)[O-])c7ccccc7NC5=O)C(=O)N2
dude_jak2__L001289,c1cc(ccc1C(=O)CSc2nnc(n2c3ccc(cc3)F)C[NH+]4CCCCC4)N5CCCC5=O
dude_jak2__L001290,Cc1c(c(n2c(n1)nc(n2)SCC(=O)N[C@@H]3CCC[C@H]([C@@H]3C)C)C)CCC(=O)[O-]
dude_jak2__L001291,CCOc1cc2c(cc1OCC)[C@@H]3[C@@H](c4ccccc4C(=O)N3CC2)C(=O)N5CCN(CC5)C6CCCCC6
dude_jak2__L001292,Cc1cc(c2=[NH+]C(=O)[C@@H](C=c2c1)[C@@H]([C@@H]3NN=NN3C(C)(C)C)N4CC[NH+](CC4)C5CCCCC5)C
dude_jak2__L001293,CCC1(C(=O)N(C(=O)N1)CC(=O)N2c3ccccc3OC[C@@H]2c4ccccc4)CC
dude_jak2__L001294,Cc1c(sc(n1)N)C(=O)N(C)C2C3CC4CC(C3)CC2C4
dude_jak2__L001295,c1cc(ccc1[C@H]2[C@@H]3CC=C[C@@H]3c4cc(ccc4N2)C(=O)NC[C@@H]5CCCO5)[N+](=O)[O-]
dude_jak2__L001296,Cc1csc(n1)NC(=O)CSc2nnc3n2c(cc(=O)[nH]3)C(C)(C)C
dude_jak2__L001297,Cn1c(=O)c(c(n(c1=O)Cc2ccccc2)N)C(=O)CSc3nccn3c4cccc(c4)OC
dude_jak2__L001298,CCNC(=S)N1CCC2(CC1)[NH2+][C@H](C(=O)N2Cc3ccc4c(c3)OCO4)C
dude_jak2__L001299,CCOC(=O)c1ccc(cc1)/N=c\2/c(cc3c(cnc(c3o2)C)CO)C(=O)N
dude_jak2__L001300,CN1C2=C([C@H](NC1=O)c3ccc(c(c3)OC)OC)C(=O)CCC2
dude_jak2__L001301,Cc1c(cccc1Sc2nnnn2c3ccccc3)N
dude_jak2__L001302,c1ccc(cc1)C[NH+]2CCc3c(sc4c3C(=N[C@@H](N4)c5cccc(c5)OC(=O)/C=C/c6ccco6)O)C2
dude_jak2__L001303,COC(=O)Nc1ccc(cc1)NC(=O)c2cc(ccc2Cl)[N+](=O)[O-]
dude_jak2__L001304,c1c(cc(cc1F)F)[C@@H](c2cc3c(cc2Br)[nH]c(=O)[nH]3)O
dude_jak2__L001305,C[C@H]1CC(=O)N(C1=O)c2ccc(c(c2)[N+](=O)[O-])N3CCC(CC3)(C(=O)N)[NH+]4CCCCC4
dude_jak2__L001306,COc1ccc(cc1)S(=O)(=O)N2C[C@@H]3C[C@H](C2)c4ccc(c(=O)n4C3)NS(=O)(=O)c5cccs5
dude_jak2__L001307,CCN(CC)C(=O)CSc1nc2c(c(=O)n1c3ccccc3)sc(=S)n2c4ccc(cc4C)C
dude_jak2__L001308,c1cc(ccc1/N=C\2/NC3(CCCCC3)CS2)S(=O)(=O)N
dude_jak2__L001309,CNC(=O)Nc1cccc(c1)NC(=O)c2ccccc2NC(=O)c3cccs3
dude_jak2__L001310,C[C@@H]1CN(C[C@H](O1)C)S(=O)(=O)c2cc(ccc2Cl)C(=O)N[C@@H](CC(=O)[O-])c3cccs3
dude_jak2__L001311,COc1cccc2=[NH+][C@@H](C(=c21)NC(=O)C[NH+]3CCC(CC3)Cc4ccccc4)C(=O)OC
dude_jak2__L001312,CCOC(=O)Cn\1c2ccc(cc2s/c1=N\C(=O)c3ccc(cc3)S(=O)(=O)N(C)C4CC4)F
dude_jak2__L001313,Cc1nc2c(o1)NC(=C([C@@H]2c3cc(cc(c3)OC)OC)C#N)N
dude_jak2__L001314,CCC[C@@H]1[C@@H]2CN(CC=C2C(=C(C1(C#N)C#N)N)C#N)C
dude_jak2__L001315,Cc1c2c(nc(nc2sc1C(=O)NOC)c3ccco3)C
dude_jak2__L001316,C[C@H]1C[C@H]1c2[nH]nc(n2)C3CCCCC3
dude_jak2__L001317,CCOc1ccc(c(c1)[N+](=O)[O-])c2ccc(o2)/C=C/3\C(=[NH2+])N4C(=NC3=O)SC(=N4)C5CCCCC5
dude_jak2__L001318,C[C@@H](C(=O)NC1CCCCC1)Sc2c3c(nc(n2)C4CC4)n(c(nc3=O)[O-])C5CC5
dude_jak2__L001319,Cn1c(c(c(=O)n(c1=O)C)C(=O)/C(=C/c2ccccc2OCC=C)/C#N)N
dude_jak2__L001320,Nc2nn1cccnc1c2c4cc(OCc3ccc(F)cc3)ncn4
dude_jak2__L001321,C[C@H](Nc2cncc(Nc1ncc(C)s1)n2)c3ncc(F)cn3
dude_jak2__L001322,CC(C)c1cccc(c1NC(=O)NC[C@H](c2ccccc2)NC(=O)c3cccc[n+]3[O-])C(C)C
dude_jak2__L001323,CCn1c(c(c(c(c1=O)C#N)C)/C=C/2\C(=O)N(C(=S)S2)CCc3ccccc3)N4C[C@@H](C[C@@H](C4)C)C
dude_jak2__L001324,CCCCn1c(=O)[nH]nc1SCC(=O)NC(=O)Nc2cccc(c2C)C
dude_jak2__L001325,C[C@@H](C(=O)Nc1ccc(cc1Cl)[N+](=O)[O-])Sc2nnc3n2cccc3
dude_jak2__L001326,CCn1cc(cc1C(=O)Nc2c(cc(cc2Cl)Br)Cl)N
dude_jak2__L001327,C[C@H]1CCc2c(cc(s2)c3nnc(o3)S[C@H](C)C(=O)NC(=O)N)C1
dude_jak2__L001328,CCOC(=O)c1c2c(sc1NC(=O)c3cc(=O)c4ccccc4o3)C[NH+](CC2)C
dude_jak2__L001329,CN1C2=C([C@H](NC1=O)c3ccccc3Cl)C(=O)N(C2)CC(=O)N4CCN(CC4)c5cccc[nH+]5
dude_jak2__L001330,Cn1c2ccccc2c3c1nc(nn3)SCC(=O)Nc4nc(cs4)c5ccc(cc5)OC
dude_jak2__L001331,CCc1ccc(cc1)[C@@H]2CC(=NN2C3=NC(=O)[C@@H](S3)CC(=O)N[C@@H](C)C(=O)[O-])c4ccccc4
dude_jak2__L001332,Cc1ccccc1[C@H]2c3ccsc3CC[NH+]2CCC(=O)N4CCCN(CC4)C(=O)COc5ccccc5
dude_jak2__L001333,Cc1ccc2c(c1)c(=O)n(c(n2)SCC(=O)Nc3ccccc3[N+](=O)[O-])C
dude_jak2__L001334,Cc1ccc2c([nH+]1)cccc2Nc3c(c(ncn3)Oc4ccc(cc4)Br)N
dude_jak2__L001335,C[C@@]12[C@@H]3C(=c4ccccc4=[NH+]3)[C@H](CN1C(=O)CN(C2=O)CCc5ccccc5)c6ccccc6Cl
dude_jak2__L001336,Cc1c(c(n([nH+]1)C)NC)CSc2c3ccccc3ncn2
dude_jak2__L001337,c1ccc(cc1)c2cc(n(n2)c3ccccc3)C(=O)NNC(=O)[C@@H]4COc5ccccc5O4
dude_jak2__L001338,Cc1cc(cc2c1NC(=O)[C@@H]2Nc3cccc(c3)O)Br
dude_jak2__L001339,CN(CC(=O)NCc1[nH]nc(n1)c2cccs2)c3cnccn3
dude_jak2__L001340,COc1ccc(cc1)/N=C/2\NC(=O)/C(=C/c3cc(c(c(c3)OC)OCC(=O)[O-])CC=C)/S2
dude_jak2__L001341,Cc1ccc(c(c1)C)[C@H]2C3=C(CN(C3=O)CCc4cccs4)N(C(=O)N2)C
dude_jak2__L001342,Cc1ccc(cc1)C(=O)/N=C(/NCCC2=c3ccccc3=[NH+]C2)\Nc4ccccc4
dude_jak2__L001343,CCOC(=O)N1CCC(CC1)Nc2[nH]c(=O)c3c(n2)CSC3
dude_jak2__L001344,c1ccc(cc1)n2c(nnc2SCc3ccc(cc3[N+](=O)[O-])C(=O)N)C[NH+]4CCCCC4
dude_jak2__L001345,C[C@@H]1CN(C[C@H](O1)c2ccccc2)Cc3nc(nc(n3)N(C)C)N
dude_jak2__L001346,CSc1c(c([nH]n1)NC(=O)c2ccsc2)c3ccc(cc3)[N+](=O)[O-]
dude_jak2__L001347,CS(=O)(=O)N(CC(=O)N/N=C/c1ccccc1C(=O)[O-])c2cccc(c2)Br
dude_jak2__L001348,Cn1c(nnc1SCc2c(cnc(n2)N)C(=O)OC)COc3ccc(cc3)Br
dude_jak2__L001349,CC(C)C[C@@H](C(=O)N(C)C1CC[NH+](CC1)C)N2CC3=C(C2=O)[C@H](NC(=O)N3C)c4ccccc4C(F)(F)F
dude_jak2__L001350,CCCN1[C@@H](CC(=C1C)c2csc(n2)NC(=O)CCc3c([nH]c(=S)[nH]c3=O)C)C
dude_jak2__L001351,CC1=C([C@@H](N2C(=CSC2=N1)/C=C(/NC(C)C)\[O-])c3ccc(c(c3)OC)OC)C(=O)OC(C)(C)C
dude_jak2__L001352,Fc1ccc4c(c1)c2c(=O)[nH]ccc2c5[nH]c(c3c(F)cccc3Cl)nc45
dude_jak2__L001353,CC1(CCc2c(cc(c3c2oc(=O)c4c3CCC4)OCC(=O)NCCC5=c6cc(ccc6=[NH+]C5)OC)O1)C
dude_jak2__L001354,Cc1c(sc2c1c(nc(n2)CSc3nncn3C)NN)C
dude_jak2__L001355,Cc1ccc(cc1)/C=C/2\C(=O)N(c3ccc(cc3O2)N)C
dude_jak2__L001356,CN(C)c1ccc(cc1)/C=N/NC2=N[C@@H]3C(=c4cc(ccc4=[NH+]3)Br)N=[NH+]2
dude_jak2__L001357,CCc1ccc(cc1)/[NH+]=c\2/c(cc3c(cnc(c3o2)C)CO)C(=O)N
dude_jak2__L001358,C[C@H]1CCCC[C@@]12C(=O)N(C(=O)N2)Cc3cnn(n3)c4ccccc4
dude_jak2__L001359,Cc1c(cccc1Cl)NC(=O)CSc2nnnn2C
dude_jak2__L001360,CCc1cc2c(s1)ncn(c2=O)CC(=O)NC(=O)N[C@@H]3CCCC[C@H]3C
dude_jak2__L001361,Cc1cc(n(n1)C2[NH+]=c3ccccc3=[NH+]2)NC(=O)[C@@H]4[C@H](c5ccc(cc5S4)Cl)Cl
dude_jak2__L001362,COc1ccc(cc1NC(=O)CN2C(=O)/C(=C/C3=c4ccccc4=[NH+]C3)/SC2=O)C(F)(F)F
dude_jak2__L001363,CCOC(=O)C1=C(NC(=O)N[C@@H]1c2ccc(cc2)Cl)CN3CC[NH+](CC3)[C@@H](C)C(=O)NC4CC4
dude_jak2__L001364,c1ccc2c(c1)n(c(=O)o2)CC(=O)Nc3cc(ccc3Br)[N+](=O)[O-]
dude_jak2__L001365,C[C@@H](C(=O)Nc1ccc(cc1Cl)[N+](=O)[O-])Sc2nc3ccccc3c(=O)n2C[C@H]4CCCO4
dude_jak2__L001366,c1ccc(cc1)n2c(nnc2SCc3cc(=O)n4cc(ccc4n3)Br)c5cccs5
dude_jak2__L001367,C[C@@H]1CCc2c(sc(n2)NC(=O)NC[C@H]3CCCO3)C1
dude_jak2__L001368,CCc1nn2c(=O)cc(nc2s1)COC(=O)c3ccccc3NC(=O)c4ccccc4C
dude_jak2__L001369,Cc1ccccc1[C@@]2(CC(=O)N(C2=O)C3CCCC3)CC(=O)N(C)[C@@H](C)c4ccc5c(c4)OCCO5
dude_jak2__L001370,CC1=NC2=C([C@@H](C1C(=O)OC)c3cc(c(cc3OC)Br)OC)C(=O)C[C@@H](C2)c4cccs4
dude_jak2__L001371,CSc1nnc(s1)NC(=O)CSc2[nH]c(=O)c3c4c(sc3n2)CCCC4
dude_jak2__L001372,CCOC(=O)c1cc(c(=O)n2c1oc3c2cccc3)NC(=O)c4ccccc4Cl
dude_jak2__L001373,c1cc(cc(c1)F)c2nnc(o2)C[NH2+]Cc3ccc4c(c3)OCO4
dude_jak2__L001374,COc1ccc(cc1)Cc2nc3c(c(n2)N)CCCC3
dude_jak2__L001375,Cc1cc(c(c(c1)C)NC(=O)[C@@H](C)OC(=O)CN2C(=O)[C@]3(CCCC[C@@H]3C)NC2=O)C
dude_jak2__L001376,c1ccc(cc1)CCN2[C@H](CC(=O)NC2=O)NC(=O)CSC3=N[C@@H]4C(=c5ccccc5=[NH+]4)N=N3
dude_jak2__L001377,CCOc1ccc(cc1)C[NH+](CCOC)C[C@H]2CCC[NH+](C2)C3Cc4ccccc4C3
dude_jak2__L001378,Cc1c(sc(n1)C)C(=O)C2=C(C(=O)N([C@@H]2c3cccc(c3)O)c4nc(c(s4)C(=O)OCC=C)C)[O-]
dude_jak2__L001379,c1ccc(cc1)CNC(=O)c2ccccc2NC(=O)c3ccc(c(c3)[N+](=O)[O-])Br
dude_jak2__L001380,CC1=N/C(=C/c2ccc(o2)CNS(=O)(=O)c3ccc(cc3)Cl)/C(=C1C(=O)OC)[O-]
dude_jak2__L001381,[H]/N=C\1/[C@@H](C2=CC[NH+](C[C@@H]2[C@@H](C1(C#N)C#N)c3ccc(c(c3)OCC)OCCC)C(C)C)C#N
dude_jak2__L001382,c1cc(c(cc1Cl)c2ccno2)OCC(=O)N/N=C/c3coc4c(c3=O)cc(cc4Cl)Cl
dude_jak2__L001383,CCOC(=O)C1=C(/C(=C/c2ccc(o2)CNC(=O)C(=O)Nc3ccc(cc3)C)/N=C1C)[O-]
dude_jak2__L001384,Cc1ccc(c(c1)[C@@H](C)NC(=O)CN2C(=O)[C@@]3(CCCC[C@@H]3C)NC2=O)C
dude_jak2__L001385,CCOC(=O)/C(=[NH+]\Nc1ccc(cc1)Br)/N[C@@H]2CCS(=O)(=O)C2
dude_jak2__L001386,CC1CC[NH+](CC1)[C@H](CNS(=O)(=O)c2ccc(cc2)N3C(=O)CCS3(=O)=O)c4ccco4
dude_jak2__L001387,Cc1ccc(c(c1)[C@H](Cn2c(=O)c(cn(c2=O)C)C#N)O)OC
dude_jak2__L001388,C[C@H]1C(=C(N=N1)C)CCC2=[NH+]C3=c4ccccc4=[NH+][C@H](N3N2)SCC(=O)Nc5cc(ccc5OC)Cl
dude_jak2__L001389,Cc1ccc(cc1)c2nc(on2)CSc3nnnn3c4ccc(cc4)O
dude_jak2__L001390,CC(C)(C)[C@H]1CCCC[C@H]1NC(=O)N2CCN(CC2)CC(=O)NC3CC3
dude_jak2__L001391,CCSC1=NSC2=NC(=O)/C(=C\c3ccc(c(c3)OC)OCCOc4ccccc4OC)/C(=[NH2+])N21
dude_jak2__L001392,c1ccc2c(c1)CCC[C@@]2(CNC(=O)C(=O)Nc3nncs3)O
dude_jak2__L001393,CCOc1cc(ccc1O)[C@@H]2C(=C(C(=O)N2c3cc(on3)C)[O-])C(=O)c4ccccc4
dude_jak2__L001394,c1c(cc(c2c1c(cc(n2)C(F)(F)F)NN)F)Br
dude_jak2__L001395,Cc1ccc(cc1)S(=O)(=O)N/N=C/2\CCCc3c2c(c(o3)C(=O)N[C@@H](C)COC)C
dude_jak2__L001396,CC[C@H](c1nc2ccccc2c(=O)n1c3ccc(cc3)Br)N4CCN([C@@H](C4)C)C(=O)C(C)C
dude_jak2__L001397,C[C@H]1Cc2cc(ccc2N1Cc3cc(ccc3[N+](=O)[O-])F)S(=O)(=O)N
dude_jak2__L001398,CCn1c2ccccc2c3c1nc(nn3)SCC(=O)NC4=NN=C(CS4)c5ccc(cc5)C
dude_jak2__L001399,C[NH+](C)CCN1[C@@H](c2c(=O)c3cc(ccc3oc2C1=O)Cl)c4ccc(c(c4)OC)OCc5ccccc5
dude_jak2__L001400,c1c(c[nH]c1C(=O)Nc2nnc(s2)C3CCCCC3)Cl
dude_jak2__L001401,CO[C@@H]1C[C@@H]([NH2+]C1)c2nnc3n2cc(cc3Cl)C(F)(F)F
dude_jak2__L001402,CN(C)c1nc(nc(n1)N)CSc2ccc(cc2)F
dude_jak2__L001403,Cc1cccc(c1)NC(=O)Cn2c3c(c4c(s3)CN(CC4)C(=O)C)c(=O)n(c2=O)c5cccc(c5)Cl
dude_jak2__L001404,CCOC(=O)[C@H]1C(=c2cc3c(cc2=[NH+]1)OCO3)NC(=O)C[NH+]4CCC5(CC4)OCCO5
dude_jak2__L001405,CCCCc1c[nH+]c2c(c1NOCC(=O)Nc3ccc(cc3C)C)c(=O)n(c(=O)n2C)C
dude_jak2__L001406,COc1ccc2=[NH+][C@@H]([NH+]=c2c1)SCC(=O)Nc3ccc(cc3Cl)[N+](=O)[O-]
dude_jak2__L001407,Cc1ccccc1n2c(=O)c3c4c(sc3nc2SCC(=O)c5ccc(cc5)Cl)C[NH+](CC4)C
dude_jak2__L001408,COc1ccc(c(c1)[N+](=O)[O-])c2ccc(o2)/C=C\3/C(=[NH2+])N4C(=NC3=O)SN=C4S(=O)(=O)C
dude_jak2__L001409,C[C@H]1CCC[C@@H](C1)NS(=O)(=O)c2ccc(cc2Br)N
dude_jak2__L001410,[H]/N=C\1/NC(=O)/C(=C/c2ccc(o2)c3ccc(cc3)Cl)/S1
dude_jak2__L001411,c1ccc2=[NH+]C([NH+]=c2c1)CSCC(=O)N3CCC(CC3)[C@H]4NN=C5N4C=CC=C5
dude_jak2__L001412,C[NH+](C)[C@@H](CNC(=O)c1ccc(o1)S(=O)(=O)c2ccc(cc2)Br)c3ccc(cc3)N(C)C
dude_jak2__L001413,CN1CCc2c(sc3c2c(=O)n(c(n3)SCC(=O)N4CCCCC4)c5ccc(cc5)OC)C1
dude_jak2__L001414,Cc1ccc(s1)c2cc(n[nH]2)C(=O)NCc3ccc(nc3)n4cncn4
dude_jak2__L001415,CN(C)c1ccc(cc1)[C@@H](CNC(=O)CN2C(=O)c3ccccc3C2=O)S(=O)(=O)c4ccc(cc4)OC
dude_jak2__L001416,c1ccc(cc1)N2[C@@H]3CCCC[C@H]3[NH+]=C2[S-]
dude_jak2__L001417,CC1([C@@H]2CC[C@]1(c3c2nc4cc(c(cc4n3)Cl)Cl)C(=O)N)C
dude_jak2__L001418,c1cc(cc(c1)n2c(c(c(=O)[nH]c2=S)Br)N)C(F)(F)F
dude_jak2__L001419,Cc1cc(nc(n1)S[C@H](C)C(=O)N2c3ccccc3NC(=O)C2(C)C)N
dude_jak2__L001420,C[C@H](CNC(=O)c1cc(ccc1Br)[N+](=O)[O-])[NH+](C)C
dude_jak2__L001421,CC1(C(=O)N(C(=O)N1)C[C@H](C[NH+]2CCC(CC2)(c3ccc(cc3)Cl)O)O)C
dude_jak2__L001422,Cc1c2c(n(n1)c3ccc4nncn4n3)NC(=O)C[C@H]2c5ccc(cc5Cl)Cl
dude_jak2__L001423,CN(CC(=O)N=c1[nH]c2ccccc2[nH]1)c3ccccc3
dude_jak2__L001424,c1ccc2c(c1)CC[C@H](C(=N2)O)Sc3nnc(o3)c4cccc(c4)Br
dude_jak2__L001425,c1ccc2c(c1)c(c[nH]2)CC(=O)NNC(=O)CCC(=O)Nc3nccs3
dude_jak2__L001426,CC[NH+]1CCC[C@H](C1)CNC(=O)CNC(=O)NCc2ccc(cc2)Cl
dude_jak2__L001427,Cn1c(=O)ccc(n1)C(=O)Nc2c(c3c(s2)CCCC3)C(=O)N
dude_jak2__L001428,CCOC(=O)C1=C(N(C(=O)N[C@@H]1c2ccccc2Cl)C)CN3CC[NH2+][C@@H](C3)C
dude_jak2__L001429,CN1C2=C([C@H](NC1=O)c3ccccc3)C(=O)N(C2)[C@@H](c4ccccc4)C(=O)NC[C@@H]5CCCO5
dude_jak2__L001430,c1cc2c(ccc3c2c(c1)C(=O)N3)S(=O)(=O)Nc4ccnn4C5CCCC5
dude_jak2__L001431,c1ccc2c(c1)CCCC[C@@]23C(=O)N(C(=O)N3)CC(=O)Nc4cccc(c4)C(=O)NC5CC5
dude_jak2__L001432,CC[C@H]1[C@@H](C(=O)C=C(N1Cc2cccs2)C)C(=O)NCCC3[NH+]=c4ccccc4=[NH+]3
dude_jak2__L001433,C[C@@H](C(=O)Nc1ccc(cc1F)Cl)Sc2nnc(n2CCC(=O)[O-])c3ccc(cc3)OC
dude_jak2__L001434,C[C@@H](C(=O)Nc1ccccc1[N+](=O)[O-])OC(=O)c2c[nH]c3c2cccc3
dude_jak2__L001435,CNC(=O)NC(=O)CNc1cc2c(cc1Cl)OCCCO2
dude_jak2__L001436,c1ccc(c(c1)CNC(=O)c2ccc(o2)S(=O)(=O)NCc3ccc4c(c3)OCO4)Cl
dude_jak2__L001437,COc1cccc(c1)OCCCOc2ccc(cc2)/C=C/3\C(=[NH2+])N4C(=NC3=O)SC(=N4)S(=O)(=O)C
dude_jak2__L001438,Cc1c(sc(n1)N2[C@H](c3c(=O)c4cc(ccc4oc3C2=O)F)c5cccc(c5)OCC=C)C(=O)OC
dude_jak2__L001439,c1ccc(c(c1)OCCNC(=O)[C@H]2CN(CC23CC[NH2+]CC3)C(=O)c4cccc(c4)Br)Cl
dude_jak2__L001440,C[C@@H]1c2c(sc(n2)NC(=O)c3cnccn3)C[C@@]4([C@H]1[C@H]([C@@H](CC4)[C@H](C)C(=O)N(C)CCC#N)O)C
dude_jak2__L001441,Cc1cc(=O)c(nn1c2ccccc2[N+](=O)[O-])C(=O)NCc3ccccc3C[NH+]4CCCC[C@@H]4C
dude_jak2__L001442,CCc1ccc(cc1)[C@H]2C3=C(C[C@H](CC3=O)c4ccc(cc4)OC)Nc5n2nnn5
dude_jak2__L001443,Cc1cc(=O)[nH]c(n1)N/N=C/c2cc(c(c(c2)Br)O)OC
dude_jak2__L001444,COc1ccc(cc1OC)/C=C/C(=O)c2c([nH]c(=O)n(c2=O)CCC3=CCCCC3)[O-]
dude_jak2__L001445,c1ccc(c(c1)C(F)(F)F)/N=C\2/NC(=O)/C(=C\c3cccs3)/S2
dude_jak2__L001446,Cc1ccccc1NC(=O)Nc2nnc(s2)SCc3cc(=O)n4c(n3)cc(o4)C
dude_jak2__L001447,Cc1c[nH+]c(nc1N(C)C)NC[C@H]2C=NN=C2c3cccs3
dude_jak2__L001448,CCCn1c(=O)c2ccccc2c(n1)C(=O)NNC(=O)[C@@H]3CC(=O)N(C3)Cc4ccccc4
dude_jak2__L001449,CN(C)c1ccc(cc1)[C@@H](CNS(=O)(=O)c2ccc3c(c2)OCCCO3)C4=c5ccccc5=[NH+]C4
dude_jak2__L001450,Cc1c(c(n(n1)C)NN)CN2C(=O)c3ccccc3C2=O
dude_jak2__L001451,c1ccc(cc1)n2cc(c(n2)C(=O)NNC(=O)CSCc3cccc(c3)Cl)[O-]
dude_jak2__L001452,Cc1c(sc(n1)NC(=O)CSC2=NC(=O)C3=C4CCCC[C@H]4SC3=N2)C(=O)C
dude_jak2__L001453,Cc1nc2n(n1)c(c(s2)[C@@H](c3ccco3)[NH+]4CCN(CC4)CCO)[O-]
dude_jak2__L001454,Cc1c2c(ncn(c2=O)C)sc1C(=O)NNC(=O)NCC(C)C
dude_jak2__L001455,c1ccc(c(c1)C(=O)CSC2=NN[C@@H](N2N)[C@@H]3C4=C(CCC4)N=N3)Br
dude_jak2__L001456,Cc1cccc(c1NC(=O)C[NH+]2CCN(CC2)[C@@H](C)c3[nH]c(=O)c4c5c(sc4n3)C[C@@H](CC5)C)C
dude_jak2__L001457,c1ccc2c(c1)cc([nH]2)C(=O)Nc3cc(ccc3F)n4cnnn4
dude_jak2__L001458,CCc1ccc(cc1)[C@H]2CC3=C([C@@H](CC(=O)N3)c4cccc(c4)C)C(=O)C2
dude_jak2__L001459,C[C@@H](C(=O)[O-])Oc1ccc(cc1)/C=C\2/C(=O)N(C(=S)S2)NC(=O)c3cccc(c3)O
dude_jak2__L001460,Nc3n[nH]c4ccc(c2ccc(S(=O)(=O)N1CCOCC1)cc2)cc34
dude_jak2__L001461,CCOC(=O)[C@]1([C@H]2[C@@H]([C@@H]([NH2+]1)c3ccco3)C(=O)N(C2=O)c4ccc(cc4)F)C
dude_jak2__L001462,CCOc1cc(ccc1OC(=O)c2ccco2)/C=C\3/C(=[NH2+])N4C(=NC3=O)SN=C4S(=O)(=O)C
dude_jak2__L001463,CS(=O)(=O)N1CCC(CC1)C(=O)N2CCN(CC2)CC3[NH+]=c4ccccc4=[NH+]3
dude_jak2__L001464,Cc1ccc(c2c1nc(s2)NC(=O)Cc3csc(n3)c4ccc(o4)C)C
dude_jak2__L001465,Cc1cc(c2c(c1)n(/c(=N\C(=O)[C@H]3CCCN3S(=O)(=O)c4cccs4)/s2)CCOC)C
dude_jak2__L001466,CCOC(=O)C1=C(NC(=S)N[C@H]1c2ccc(c(c2)[N+](=O)[O-])OC)C
dude_jak2__L001467,CCC[NH+](CC(=O)Nc1ccc(cc1Cl)Cl)CC(=O)N(C)CC(=O)Nc2c(cccc2C)C
dude_jak2__L001468,CCOC(=O)c1c(c2c(=O)[nH]c(nc2s1)C[NH+](C[C@@H](CCC=C)O)CC(C)C)C(C)C
dude_jak2__L001469,Cc1ccc(c(c1)N2C[C@H]([C@@H](N2)c3ccccc3)CN(C)Cc4[nH]c(c[nH+]4)C)C
dude_jak2__L001470,CCNC(=O)c1cc(ccc1NC(=O)[C@H]2C[C@@H]2[N+](=O)[O-])Cl
dude_jak2__L001471,COc1cccc2=[NH+][C@H](C(=c21)NC(=O)CN3CCC(CC3)(C(=O)N)[NH+]4CCCCC4)C(=O)OC
dude_jak2__L001472,CC(C)S(=O)(=O)c1cc2c(c(c1)SC)N(c3c(c(ncn3)Cl)/N=C(/C2)\S(=O)(=O)C(C)C)C
dude_jak2__L001473,CN(CC(=O)Nc1nnc(s1)C23CC4CC(C2)CC(C4)C3)S(=O)(=O)c5ccc(s5)Cl
dude_jak2__L001474,CCC1(C(=O)N(C(=O)N1)CC(=O)NCCN2C(=O)/C(=C\c3ccc(cc3)Cl)/SC2=O)CC
dude_jak2__L001475,CCOC(=O)c1c2c(sc1NC(=O)c3ccc(cc3)S(=O)(=O)N4C[C@H](C[C@H](C4)C)C)C[NH+](CC2)C
dude_jak2__L001476,c1cc2c(cc1Br)[nH]cc2C(=O)c3c[nH]nc3
dude_jak2__L001477,CNC(=O)NNC(=O)/C=C/c1ccc2c(c1)OCO2
dude_jak2__L001478,CC(C)S(=O)(=O)C1=C[C@@H]2C[C@@H]3CO[P@@](=O)(NN3C[C@@H]2C=C1S(=O)(=O)C(C)C)Cc4ccccc4
dude_jak2__L001479,c1ccc(cc1)C(=O)NC(=O)Nc2c(c(cs2)[C@@H]3COc4ccccc4O3)C(=O)[O-]
dude_jak2__L001480,C[C@H](C(=O)Nc1cccc(c1)[N+](=O)[O-])OC(=O)c2ccc3c(c2)NC(=O)CS3
dude_jak2__L001481,Cc1ccc(cc1C)[C@H](C)NC(=O)CSc2nc3nc(c(c(n3n2)C)CC(=O)[O-])C
dude_jak2__L001482,CCOc1ccc2c(c1)cc(c(=O)[nH]2)[C@H](c3nnnn3C4CCCC4)[NH+]5CCC(=CC5)c6ccc(cc6)F
dude_jak2__L001483,CCOc1ccc(cc1)n2c(=O)c3c(c(sc3n(c2=O)Cc4ccccc4Cl)C(=O)N(C)C)C
dude_jak2__L001484,C[C@@H]1C(=NNc2n1c3c(n2)n(c(=O)n(c3=O)Cc4ccc(cc4)Br)C)C
dude_jak2__L001485,Cc1ccccc1NC(=O)C(=O)c2c(c-3ccc(=O)cc3oc2O)O
dude_jak2__L001486,c1ccc(cc1)n2cc(cn2)/C=N/NC(=O)[C@H]3C[C@@H](CN3S(=O)(=O)c4ccc(cc4)Cl)O
dude_jak2__L001487,c1cc(c(c(c1N)Sc2nnc3n2CCCCC3)F)F
dude_jak2__L001488,CCOC(=O)C(=O)Nc1c(nc2n(c1=O)c(c(s2)C)C)C
dude_jak2__L001489,Cc1ccccc1NC(=O)[C@H]2[C@H](Nc3ncnn3[C@@H]2c4ccccn4)C
dude_jak2__L001490,c1ccc(cc1)c2c(cn(n2)c3ccccc3)/C=N/NC(=O)[C@H]4COc5ccccc5O4
dude_jak2__L001491,CC(C)CC(=O)N[C@H]1CCCCC[C@H]1[NH3+]
dude_jak2__L001492,CCOc1ccccc1n2c3c(c(nc(n3)c4ccccc4)C(=O)N)[nH]c2=O
dude_jak2__L001493,c1ccc2=[NH+]CC(=c2c1)CC(=O)NCCN3c4ccccc4N[C@@H]3C(F)(F)F
dude_jak2__L001494,c1ccc(cc1)c2c(cn(n2)c3ccccc3)C(=O)NNC(=O)Cc4ccccc4[N+](=O)[O-]
dude_jak2__L001495,CC(C)CCN1CC(=O)N2[C@H](C1=O)CC3=c4ccccc4=[NH+][C@H]3[C@H]2c5cc(c(c(c5)OC)OC)OC
dude_jak2__L001496,c1ccc(c(c1)NC(=O)C[NH+]2CCC(=CC2)c3c[nH]c4c3ccc(c4)F)[N+](=O)[O-]
dude_jak2__L001497,Cc1ccc(cc1)n2c(nnc2S[C@H](C)C(=O)Nc3ccc4c(c3)OCCO4)N5CCCCC5
dude_jak2__L001498,Cc1ccsc1C(=O)N2C[C@H](C3(C2)CC[NH2+]CC3)C(=O)N[C@@H]4CCC[C@H]4OCc5ccccc5
dude_jak2__L001499,c1cc(cc(c1)C(F)(F)F)Cn2c3c(c(=O)n(cn3)CC(=O)Nc4ccc(c(c4)F)F)nn2
dude_jak2__L001500,Cc1c2ccccc2oc1C(=O)NNC(=O)[C@H]3CCCN3S(=O)(=O)c4ccc(cc4)F
dude_jak2__L001501,Cc1ccc(cc1)NC(=O)CN(C)C(=O)CN2C(=O)[C@@](NC2=O)(C)c3ccc(cc3)C(C)(C)C
dude_jak2__L001502,Cc1ccc(cc1)n2c(c3c(n2)C[S@](=O)C3)NC(=O)c4cccc(c4C)[N+](=O)[O-]
dude_jak2__L001503,Cc1nnc(s1)NC(=O)C(=O)Nc2nc3c(s2)CCCC3
dude_jak2__L001504,Cc1c(oc(c1C#N)NC(=O)[C@H](C)n2c(nnc2SC)N)C
dude_jak2__L001505,C[C@H]1[C@]2(CCO1)c3c([nH]nc3OC(=C2C#N)N)COC
dude_jak2__L001506,c1cc(cc(c1)[N+](=O)[O-])C2=C3[C@H](C(=O)N(C3=O)c4ccc(cc4)Br)ON2
dude_jak2__L001507,CNC(=O)NC(=O)[C@@H](c1ccccc1)OC(=O)c2cc([nH]n2)c3ccccc3
dude_jak2__L001508,CCOC(=O)[C@@H]1C(=c2cc(ccc2=[NH+]1)Br)NC(=O)C[NH+](C)C
dude_jak2__L001509,C[C@@H](C(=O)N(C)C)Nc1ccc(cc1N)[N+](=O)[O-]
dude_jak2__L001510,c1cc(c(c(c1)Cl)Cl)/N=C\2/NC(=O)/C(=C/c3ccc(cc3)Cl)/S2
dude_jak2__L001511,CCC1CCC2(CC1)C(=O)N(C(=O)N2)CC(=O)N(c3ccccc3)C4CC[NH+](CC4)CC
dude_jak2__L001512,C/C(=N\N=C\1/NC(=O)[C@H](S1)CC(=O)Nc2ccc(cc2)C(=O)[O-])/c3ccc(cc3)OC
dude_jak2__L001513,C[C@@H](C(=O)Nc1c(c2c(s1)CCCCC2)C#N)[NH+](C)CC(=O)Nc3ccccc3Br
dude_jak2__L001514,CCc1ccc2c(c1)[C@@]3([C@@H]4[C@@H]([C@@H]5[NH+]3CCC5)C(=O)N(C4=O)c6ccc(c(c6)C)C)C(=O)N2
dude_jak2__L001515,COC(=O)[C@@H]1C(=c2cc(ccc2=[NH+]1)Cl)NC(=O)C[NH+]3CCSCC3
dude_jak2__L001516,C[C@H]1CCCC[C@]12C(=O)N(C(=O)N2)CC(=O)O[C@@H](C)C(=O)NC3(CCCCC3)C#N
dude_jak2__L001517,COc1cccc(c1)N2[C@@H](N[NH2+]N2)SCC(=O)NCCC3=c4ccc(cc4=[NH+]C3)OC
dude_jak2__L001518,CC(C)n1cc(cn1)NS(=O)(=O)c2c(nc3n2ccs3)N
dude_jak2__L001519,Cn1c2c(cc(cn2)NC(=O)/C=C/c3ccccc3)c(=O)n(c1=O)C
dude_jak2__L001520,CCOc1ccc(cc1OCC)[C@H]2c3c(cc(n(c3=O)CC[NH+](C)C)C)OC(=C2C#N)N
dude_jak2__L001521,Cc1cccn2c1nc(c(c2=O)/C=C(\C#N)/C(=O)NC3CCCC3)Oc4cc(cc(c4)C)C
dude_jak2__L001522,CC1(CC2=C([C@H](C(=C(O2)N)C#N)c3ccc(c(c3)OC)OCC(=O)N)C(=O)C1)C
dude_jak2__L001523,CCOc1ccccc1C[NH+](CCOC)C[C@H]2CCC[NH+](C2)C3Cc4ccccc4C3
dude_jak2__L001524,C[NH+](C)[C@@H](CNC(=O)C(=O)Nc1ccc(cc1)[N+](=O)[O-])c2ccccc2Cl
dude_jak2__L001525,COc1cccc(c1O)[C@@H]2[C@@H]3CC=C[C@H]3c4c(ccc(c4N2)OC)[N+](=O)[O-]
dude_jak2__L001526,C[C@H]1CCN(c2c1cccc2)C(=O)c3ccc(s3)C(=O)N
dude_jak2__L001527,Cc1ccc2=[NH+][C@H]([NH+]=c2c1)SCC(=O)NC[C@@H]3Cc4cccc(c4O3)c5c(ncc(n5)C)C
dude_jak2__L001528,Cc1ccc(cc1F)S(=O)(=O)Nc2cccc(c2)[C@]3(C(=O)NC(=O)N3)C
dude_jak2__L001529,Cc1csc(n1)NC(=O)CSc2nnc3n2nc(cc3)c4ccc(cc4)Cl
dude_jak2__L001530,CCOc1cc(cc(c1O)Cl)/C=C/2\C(=O)NC(=O)S2
dude_jak2__L001531,CC(C)NC(=O)N1CCC[C@H](C1)C(=O)NC2CCCC2
dude_jak2__L001532,Clc5ccc4ncn(c3ncc2[nH]c(=O)n(C1CCOCC1)c2n3)c4c5
dude_jak2__L001533,CCCCNC(=O)[C@H](CC(C)C)NC(=O)[C@@H]1CC2=c3ccccc3=[NH+][C@H]2[C@H]4N1C(=O)c5c4cccc5
dude_jak2__L001534,C[C@@H](C12CC3CC(C1)CC(C3)C2)NC(=O)C[C@H](c4cccs4)NC(=O)N
dude_jak2__L001535,CC(C)c1ccc(cc1)CN(C2CC2)S(=O)(=O)c3ccc4=[NH+]C(=O)[NH+]=c4c3
dude_jak2__L001536,Cc1cc(n(n1)C2[NH+]=c3ccccc3=[NH+]2)NC(=O)[C@H]4[C@@H](c5ccc(cc5S4)Cl)Cl
dude_jak2__L001537,CC[C@@H](c1nnnn1C2CCCCC2)[NH+](Cc3cc4cc5c(cc4[nH]c3=O)OCCO5)C6CCCCC6
dude_jak2__L001538,C/C(=N/NS(=O)(=O)c1ccccc1)/c2ccc[n+](n2)[O-]
dude_jak2__L001539,C/C(=C\1/C(=O)NC(=O)N(C1=O)c2ccc(cc2)Cl)/NCCO
dude_jak2__L001540,CC(C)CN1C(=O)C2(CC[NH+](CC2)C[C@@H]3C=c4ccccc4=[NH+]3)N(C1=O)C
dude_jak2__L001541,CC[C@@H](c1nnnn1C2CCCC2)[NH+](Cc3cc4cc(ccc4[nH]c3=O)C)C5CCCC5
dude_jak2__L001542,CC(C)(C)n1c(nnn1)[C@@H](c2cc3cc(c(cc3[nH]c2=O)OC)OC)[NH+]4CCC(CC4)Cc5ccccc5
dude_jak2__L001543,C[C@]1(Cn2c(cc3c2c(ccc3OC)OC)C(=O)N1Cc4ccco4)C(=O)NC5CCCCC5
dude_jak2__L001544,CCC(=C1C=CC(=O)C=C1)NNS(=O)(=O)c2ccc(c(c2)[N+](=O)[O-])C
dude_jak2__L001545,Cc1cc(oc-2c/c(=[NH+]\C(=O)N(Cc3cccnc3)C[C@H]4CCCO4)/ccc12)O
dude_jak2__L001546,CN(C)S(=O)(=O)c1ccc2c(c1)nnn2CCNC(=O)Nc3ccccc3Br
dude_jak2__L001547,Cc1cc(nc(n1)C2CCCCC2)CO
dude_jak2__L001548,C[C@@H](C(=O)NC1=c2ccc(cc2=[NH+][C@@H]1C(=O)OC)OC)[NH+]3CCN(CC3)c4ccccc4OC
dude_jak2__L001549,c1ccc(c(c1)NC(=S)NC(=O)c2ccc3c(c2)nsn3)[N+](=O)[O-]
dude_jak2__L001550,Cc1cc(c([nH]1)C)C(=O)CSc2nnc3n2c4ccccc4c(=O)n3c5cccc(c5)OC
dude_jak2__L001551,Cc1ccc(cc1)[C@@H]2CN3C(=O)CN(C(=O)[C@@]3([C@@H]4C2=c5ccccc5=[NH+]4)C)CCc6ccc(cc6)Cl
dude_jak2__L001552,CC[C@@H]1CCCC[C@@H]1NC(=O)c2ccc(cc2N)N
dude_jak2__L001553,c1c2c(cc3c1OC(O3)(F)F)sc(n2)NC(=O)c4csnn4
dude_jak2__L001554,COc1ccc2=[NH+][C@@H]([NH+]=c2c1)SCC(=O)Nc3nnc(s3)SCC(=O)N
dude_jak2__L001555,c1ccc(c(c1)/C=N/NC(=O)CSc2nc(cs2)c3ccc(cc3)Cl)[N+](=O)[O-]
dude_jak2__L001556,Cc1cc(nc(c1C(=O)[O-])SCC(=O)Nc2c(c(c(n2C[C@H]3CCCO3)C)C)C#N)C
dude_jak2__L001557,CC(C)c1cc(cc2c1OCC(C(=O)N2)(C)C)N
dude_jak2__L001558,c1ccc2c(c1)c(c[nH]2)CCNC(=O)COc3ccc4c(c3)c(=O)n5c(n4)CCCCC5
dude_jak2__L001559,CCc1nnc(s1)N/C=C\2/c3ccccc3C(=O)N(C2=O)c4cccc(c4)S(=O)(=O)N(CC)CC
dude_jak2__L001560,CCN(CC)c1ccc(cc1)NC(=O)CSc2nnc(n2CC(=O)[O-])c3ccc(cc3)C
dude_jak2__L001561,CCCn1c(c(c(c(c1=O)C#N)C)/C=C\2/C(=O)N(C(=S)S2)Cc3ccco3)N4C[C@H](C[C@@H](C4)C)C
dude_jak2__L001562,CC[NH+]1CCC(CC1)n2c(ccn2)NC(=O)c3cnn(c3)c4ccc(cc4)Cl
dude_jak2__L001563,c1cc(c(cc1Cl)C(=O)N[C@@H]2CC[NH+]3[C@@H]2CCC3)[N+](=O)[O-]
dude_jak2__L001564,c1c(cc(c2c1OCCO2)Br)[C@H](c3[n-]nnn3)[NH3+]
dude_jak2__L001565,C[NH+](C)[C@H](CNC(=O)N1C[C@H](Oc2c1cccc2)C(=O)OC)c3cccs3
dude_jak2__L001566,CCOC(=O)c1cnn(c1N)c2ccc(cn2)C(=O)Nc3cccc(c3C)C
dude_jak2__L001567,CC(=O)Nc1c(c2c(s1)CCCC2)C(=O)OCC(=O)N3C[C@@H](Oc4c3cccc4)C(=O)NC
dude_jak2__L001568,CCCCN1C(=NNN1)CSc2nnc(n2C3CC3)C4=c5ccccc5=[NH+]C4
dude_jak2__L001569,Cc1c(cn(n1)C)[C@@H](C(=O)NC2CCCCC2)N(c3cccc(c3)F)C(=O)Cn4c5ccccc5nn4
dude_jak2__L001570,c1ccc2=[NH+]CC(=c2c1)c3nnc(o3)SCC(=O)Nc4ccc(cc4Br)[N+](=O)[O-]
dude_jak2__L001571,Cn1c2ccc(cc2c(=O)n(c1=O)C)S(=O)(=O)N[C@@H](Cc3ccccc3)C(=O)N(C)C4CCCCC4
dude_jak2__L001572,C[NH+](CC(=O)NCc1ccc(cc1)OCC(=O)N)[C@H]2CCc3c2cccc3
dude_jak2__L001573,Cc1cc(cc(c1)n2c(cc(c2C)/C=C/3\C(=[NH2+])N4C(=NC3=O)SC(=N4)C(C)C)C)C
dude_jak2__L001574,CC[C@H](c1nnnn1Cc2ccco2)[NH+](Cc3cc4cc(ccc4[nH]c3=O)OC)C[C@@H]5CCCO5
dude_jak2__L001575,CC[NH+]1CCC[C@](C1)(C)C(=O)N2CCC(CC2)n3cc(nn3)C(C)(C)O
dude_jak2__L001576,CC(=O)N1CCN(CC1)C(=O)c2ccc(o2)COc3ccc4c(c3)[C@H](N(CC4)C(=O)C)c5ccc(cc5)F
dude_jak2__L001577,c1cc(cc(c1)C(F)(F)F)CN2[C@@H]3CC[NH+](C[C@@H]3CCC2=O)Cc4cc5c(cc4Cl)OCO5
dude_jak2__L001578,Cc1ccc2c(c1)[C@@]3([C@H]4[C@@H]([C@H]5[NH+]3CCC5)C(=O)N(C4=O)c6cc(ccc6OC)[N+](=O)[O-])C(=O)N2
dude_jak2__L001579,c1cc(c(cc1[N+](=O)[O-])[N-]S(=O)(=O)N2CC[NH2+]CC2)Cl
dude_jak2__L001580,c1ccc2c(c1)CCN([C@@H]2C(=O)[O-])C(=O)C[C@H]3CCC[NH2+]3
dude_jak2__L001581,C[C@H](C(=O)N/N=C\1/c2ccccc2N(C1=O)C)n3cnc4c(c3=O)c5c(s4)CCCC5
dude_jak2__L001582,C[C@H](c1ccccc1)NC(=O)/C(=c\2/n(c(=O)/c(=C\c3ccc(cc3)[N+](=O)[O-])/s2)c4ccccc4)/C#N
dude_jak2__L001583,c1cc(cc(c1)[N+](=O)[O-])n2cc(nn2)C(=O)N[C@H]3CCC[C@H](C3)C(F)(F)F
dude_jak2__L001584,Cn1c2ccccc2c(=O)nc1CCC(=O)OCc3nc(c4c5c(sc4n3)CCCCC5)N
dude_jak2__L001585,C[C@H](Cc1ccc(cc1)O)NC(=O)Nc2cccc(c2)C(=O)NC(C)(C)C
dude_jak2__L001586,Cc1ccccc1NC(=O)CSc2c(c3c(s2)c(=O)[nH]c(=O)[nH]3)C#N
dude_jak2__L001587,Cc1cc2c(cc1C)nc(c(=O)[nH]2)C[C@@H](C(=O)C(=O)Nc3ccc(cc3)Cl)C(=O)OC
dude_jak2__L001588,Cc1ccc(cc1)S(=O)(=O)CNC(=O)[C@H](c2ccc(cc2)[N+](=O)[O-])N(C)C(=O)c3cccc(c3)Cl
dude_jak2__L001589,Cc1ccc(cc1)[C@H]2C3=C(CC(CC3=O)(C)C)Nc4n2nc(n4)SCC=C
dude_jak2__L001590,c1ccc2c(c1)CCN3[C@H]2CC(=O)C(C3=O)/C=[NH+]/c4ccccc4Oc5c(cc(cn5)C(F)(F)F)Cl
dude_jak2__L001591,CCCc1ccc(cc1)[C@@H](C(C)C)NS(=O)(=O)c2ccc3=[NH+]C(=O)C(=O)[NH+]=c3c2
dude_jak2__L001592,Cc1ccc(c(c1)C)n2ccnc2SCC(=O)NN3C(=O)C4(CCC(CC4)C)NC3=O
dude_jak2__L001593,C[NH+](Cc1cc(ccc1Cl)[N+](=O)[O-])Cc2[nH]c3c(c(cs3)c4ccc(cc4)F)c(=O)n2
dude_jak2__L001594,Cc1c(c(n2c(n1)nc(n2)SCC(=O)Nc3cc4c(cc3Cl)OCO4)C)CCC(=O)[O-]
dude_jak2__L001595,C[C@H](c1ccc2c(c1)[nH]c(=O)[nH]2)NC(=O)/C=C\c3ccc4c(c3)OCO4
dude_jak2__L001596,Cc1c([nH]c2c1cc(cc2)CNC(=O)c3ccc(cc3[N+](=O)[O-])Cl)C
dude_jak2__L001597,CCCCOC(=O)C1=C(OC2=C([C@@]13c4ccccc4N(C3=O)C)C(=O)CC(C2)(C)C)N
dude_jak2__L001598,Cc1ccccc1[C@H]2c3ccsc3CC[NH+]2CC(=O)N4CCCN(CC4)S(=O)(=O)c5ccccc5
dude_jak2__L001599,Cc1ccc(cc1)NC(=O)CC[C@H]2C(=O)N(C(=O)N2)CCC3=c4ccccc4=[NH+]C3
dude_jak2__L001600,CCOC(=O)N1CCC(CC1)NC(=O)CNC(=O)N2CCC3=c4ccccc4=[NH+][C@H]3C2
dude_jak2__L001601,Cc1ccc(cc1)[C@]2(C(=O)N(C(=O)N2)CC(=O)NC[C@H](c3ccccc3Cl)[NH+](C)C)C
dude_jak2__L001602,CCc1ccc2c(c1)c(=O)c3c(o2)C(=O)N([C@H]3c4ccc(cc4)Br)c5nnc(s5)CC
dude_jak2__L001603,Cc1c(c(n[nH]1)C(=O)NC[C@]2(CCCc3c2cccc3)O)[N+](=O)[O-]
dude_jak2__L001604,C[C@H]1C[C@H]2[C@H]3CCC4=CC(=O)C=C[C@@]4([C@]3([C@H](C[C@@]2([C@]1(C(=O)CCl)OC(=O)c5ccco5)C)O)Cl)C
dude_jak2__L001605,CSc1[nH]c(=O)cc(n1)CCl
dude_jak2__L001606,c1cc(ccc1Oc2ccc(cc2/C(=N\O)/N)[N+](=O)[O-])Br
dude_jak2__L001607,Cc1c(c(nn1CC(=O)N)[N+](=O)[O-])Br
dude_jak2__L001608,CC[C@H]1CO[C@H](CN1C(=O)c2cc(c(c(c2)Cl)Cl)N)C
dude_jak2__L001609,Cc1c(cccc1S(=O)(=O)N)NC(=O)CN2C(=C)c3ccccc3C2=O
dude_jak2__L001610,C[C@H](c1nnc(n1c2ccc(cc2)Cl)SCC(=O)NC(=O)NC(C)(C)C)[NH+](C)C
dude_jak2__L001611,c1ccc2c(c1)CCC[C@@]2(C/[NH+]=C/c3cc(cc(c3[O-])[N+](=O)[O-])Cl)O
dude_jak2__L001612,Cc1c(c(n(n1)c2ccccc2)C)[C@@H]3C(=O)NCC[NH+]3CC(=O)NC4CCCCCC4
dude_jak2__L001613,c1ccc(cc1)c2nnc(n2c3ccccc3)SCC(=O)N/N=C/c4ccccc4C(=O)[O-]
dude_jak2__L001614,CCOC(=O)c1ccc(cc1)NC(=O)[C@@H]2CC(=Nc3n2ncc3c4cccs4)O
dude_jak2__L001615,CC[C@@]1(C(=O)N(C(=O)N1)NC(=O)CC2=c3ccccc3=[NH+]C2)c4ccccc4
dude_jak2__L001616,Cn1c2ccc(cc2n(c1=O)C)S(=O)(=O)N(C)CCCN3c4ccccc4CCc5c3cccc5
dude_jak2__L001617,Cc1cccc(c1C)NC(=S)NNC(=O)c2cc3c(n[nH]c3nc2)C
dude_jak2__L001618,Cc1cc(nc2c1c3c(s2)C(=O)N[C@H](N3)c4ccc(cc4)Cl)C(F)F
dude_jak2__L001619,Cc1ccc(cc1)c2c3cc(c(cc3oc-4cc(=O)c(cc24)O)O)O
dude_jak2__L001620,c1cc(ccc1NC(=O)c2c[nH]c3cc(ccc3c2=O)Cl)[N+](=O)[O-]
dude_jak2__L001621,C[C@]12CC[C@H]3[C@@H]([C@@H]1CC[C@@]2(C(=O)COC(=O)c4ccc(cc4)[N+](=O)[O-])O)CCC5=CC(=O)C=C[C@@]35C
dude_jak2__L001622,Cc1cc(nn1C(F)F)C(=O)Nc2cn(nc2C(=O)NC)C
dude_jak2__L001623,Clc1ccc4c(c1)c2ccccc2c5[nH]c(c3c(C#N)cccc3C#N)nc45
dude_jak2__L001624,COC(=O)c1ccc(cc1)[C@H]2[C@H]3C(=c4ccccc4=[NH+]3)C[C@@H]5N2C(=O)N(C5=O)c6ccc7c(c6)OCCO7
dude_jak2__L001625,COc1ccc(cc1OC)/C=N\NC(=O)C[NH+]2CCC(CC2)C(=O)N/N=C/c3ccc(c(c3)OC)OC
dude_jak2__L001626,CCC(=O)N1C[C@H](C2(C1)CC[NH2+]CC2)C(=O)N[C@@H](C)CCCC(C)(C)O
dude_jak2__L001627,Cc1csc(n1)CNC(=O)[C@H]2CN(CC23CC[NH2+]CC3)C(=O)c4cnc5c(c4Cl)c(nn5C)C
dude_jak2__L001628,c1cc(c(cc1Cl)Cl)/C=N/Nc2[nH]nc(n2)SCc3nnc(o3)C(F)(F)F
dude_jak2__L001629,Cc1ccc(cc1)NC(=O)CN2C(=O)[C@@](NC2=O)(C)Cc3ccc4c(c3)OCO4
dude_jak2__L001630,COCc1c(c2[nH]c(cc(=O)n2n1)[C@@H]3CC(=O)NC3)c4ccc(cc4)Cl
dude_jak2__L001631,CCc1cccc(c1)NC(=O)c2c3c(c(=O)n(cn3)C)n(n2)c4ccc(cc4)C
dude_jak2__L001632,C[C@H]1CCCC[C@@]12C(=O)N(C(=O)N2)CC(=O)c3ccc4c(c3)OCO4
dude_jak2__L001633,COc1ccc2=[NH+][C@H]3C(=c2c1)CCN[C@]34c5cc(ccc5N(C4=O)CC=C)Br
dude_jak2__L001634,CCCC(=O)Nc1nc2n(n1)[C@H](CC(=O)N2)c3ccc(cc3)Cl
dude_jak2__L001635,C[NH+](Cc1[nH]c(=O)c2ccccc2n1)[C@H]3CC(=O)N(C3=O)c4ccc(c(c4)C(F)(F)F)Cl
dude_jak2__L001636,CC[NH+]1CCC[C@@H](C1)NC(=O)c2cc(ccc2OCC)CN3C(=O)c4ccccc4C3=O
dude_jak2__L001637,C[C@@H]1CCC[C@@H](N1C(=O)C[NH+]2CCc3c(c(=O)[nH]c(n3)N4CCCC4)C2)C
dude_jak2__L001638,CCOc1ccccc1C(=O)Nc2nnc(s2)SC[C@H]3C(=O)[NH+]=c4ccccc4=[NH+]3
dude_jak2__L001639,COc1ccc2=C[C@H](C(=O)[NH+]=c2c1)CN(c3ccccc3OC)C(=O)[C@H]4CCCO4
dude_jak2__L001640,C[C@@H]1CN(C[C@H](O1)C)C(=O)[C@@H](C)[NH+]2CCC(CC2)NC(=O)NC3CCCCC3
dude_jak2__L001641,Cc1c(c(=O)n(n1C)c2ccccc2)NC(=O)Nc3ccc(cc3Cl)Cl
dude_jak2__L001642,c1ccn(c(=O)c1)c2ccc(cc2)C(=O)N[C@@H]3CCCC[C@@H]3NC(=O)c4ccc5=C(C[NH+]=c5c4)Cl
dude_jak2__L001643,c1cc(c(c(c1)Cl)Cl)Cc2cnc(s2)NC(=O)c3ccc(nc3)n4cncn4
dude_jak2__L001644,C[C@@H](c1ccc(cc1)n2cncn2)N(C)C(=O)NC[C@H]3CCC[NH+](C3)Cc4cccs4
dude_jak2__L001645,CS(=O)(=O)N1CCN(CC1)c2c(n3ccsc3n2)CO
dude_jak2__L001646,C[C@@H]1C[C@@]2(CC(C1)(C)C)C(=O)N(C(=O)N2)CC(=O)OCC(=O)Nc3c(cccc3Cl)Cl
dude_jak2__L001647,Cc1c(sc(n1)c2ccccc2)C(=O)NNC(=O)CCCn3c4ccccc4oc3=O
dude_jak2__L001648,Cc1ccc(c(c1)C)n2c(nnn2)SCC(=O)NNC(=O)c3ccc(cc3)F
dude_jak2__L001649,c1cc(c(cc1Br)[N+](=O)[O-])NC(=O)Cc2csc(n2)N
dude_jak2__L001650,CC(C)(C)N([C@H](c1ccc(cc1)[N+](=O)[O-])C(=O)NC2CCCCC2)C(=O)[C@@H]3CCC(=O)N3
dude_jak2__L001651,Cc1cc(c(cc1C)S(=O)(=O)N2CC[NH+](CC2)CCn3c(=O)ccc(n3)c4ccc(cc4)Cl)OC
dude_jak2__L001652,Cc1c(c(no1)c2ccccc2)c3csc([n+]3[C@@H]4CCc5c(c6ccccc6[nH]5)C4)NC[C@@H]7CCCO7
dude_jak2__L001653,CCCN(CC(=O)N1CCc2c(ccs2)[C@@H]1c3ccccc3C)S(=O)(=O)c4cccc5c4nccc5
dude_jak2__L001654,Cc1cccc(c1)C2=NN3C(=[NH2+])/C(=C\c4cc(n(c4C)c5ccc(c(c5)Cl)F)C)/C(=O)N=C3S2
dude_jak2__L001655,CCc1cccc(c1NCC(=O)NN2C(=O)C3(CCCCC3)NC2=O)C
dude_jak2__L001656,CCCCNC(=O)N1CCC[C@H]1c2nnc3n2CCCCC3
dude_jak2__L001657,CCOc1cc(ccc1OC(=O)[C@H]2COc3ccccc3O2)/C=C\4/C(=O)c5c(cc(cc5O4)C)C
dude_jak2__L001658,CC1=C[C@H](N=N1)[C@H]2NN[C@@H]3N2N=C(S3)CCCCCN4C(=O)c5ccccc5C4=O
dude_jak2__L001659,[H]/N=C\1/NC(=O)/C(=C/c2cc(ccc2OCc3cccc(c3)C)[N+](=O)[O-])/S1
dude_jak2__L001660,CCCCn1c2c(c(=O)n(c1=O)C)[C@@H]([C@H](C(=O)N2)NC(=O)c3ccccc3)c4ccc(cc4)OC
dude_jak2__L001661,Cc1ccc(cc1NC(=O)C(=O)NCc2ccc(s2)C)[N+](=O)[O-]
dude_jak2__L001662,CCOc1cc(ccc1O)[C@H]2c3c(=O)c4c(cc(cc4oc3C(=O)N2c5nc(c(s5)C(=O)OC)C)C)C
dude_jak2__L001663,c1ccc2c(c1)[C@H]3[C@H]4C(=c5ccccc5=[NH+]4)C[C@H](N3C2=O)C(=O)NCCc6ccc(cc6)Cl
dude_jak2__L001664,C[C@H](C(=O)N[C@@H]1CCCc2c1ccc(=O)[nH]2)NC(=O)OC(C)(C)C
dude_jak2__L001665,c1ccc2c(c1)c(=O)n(c(n2)CSc3nnc(n3C[C@H]4CCCO4)c5ccc(cc5)Cl)CC#N
dude_jak2__L001666,COC(=O)CN1C(=O)C2(CC[NH+](CC2)CC3=c4ccccc4=[NH+]C3)N(C1=O)CCc5ccccc5
dude_jak2__L001667,CCCCCCN1C(=O)[C@@]2(Cc3c([nH+]c4ccccn4c3=O)N5[C@@H]2c6ccccc6CC5)C(=O)NC1=O
dude_jak2__L001668,Cn1cc(c(n1)c2cc3ccccc3o2)C[NH2+]Cc4nnc5n4CCCCC5
dude_jak2__L001669,CN([C@H]1CCS(=O)(=O)C1)C(=O)CSc2nc3c(c4c(s3)CCC4)c(=O)n2CCc5ccccc5
dude_jak2__L001670,CSc1ncc(n1c2ccc(cc2)F)C(=O)OCC(=O)NC(=O)NC3CCCCC3
dude_jak2__L001671,c1c([nH+]c2n1CCCC2)CNC(=O)N3CCC(CC3)NC(=O)CC4CCCC4
dude_jak2__L001672,C[C@H](C(C)C)NC(=O)N1CCN(CC1)Cc2cc(=O)n3ccsc3[nH+]2
dude_jak2__L001673,CS(=O)(=O)Nc4ccc(c3ccnc(Nc2ccc(N1CCC(O)CC1)cc2)n3)cc4
dude_jak2__L001674,CC(C)[C@@H](c1nnc2n1CC[NH+](CC2)C/C(=C/c3ccccc3)/C)NC(=O)c4ccccn4
dude_jak2__L001675,C[C@@H]1C(=O)Nc2cc(ccc2S1)C(=O)OCC(=O)Nc3ccc(cc3)C(=O)N
dude_jak2__L001676,C[C@H](C(=O)/N=c/1\[nH]c2ccccc2s1)NC(=O)[C@H]3C=c4c(=[NH+]3)cccc4OC
dude_jak2__L001677,CC[C@]1(C(=O)N(C(=O)N1)Cc2ccc3c(c2)OCO3)C4CC[NH+](CC4)Cc5cccc6c5cccc6
dude_jak2__L001678,c1ccc2cc(ccc2c1)S(=O)(=O)O/N=C(/c3cccc(c3)[N+](=O)[O-])\N
dude_jak2__L001679,Cc1cccc(c1C)O[C@H](C)C(=O)NNC(=O)[C@H]2CC(=O)N(C2)c3ccc4c(c3)OCCO4
dude_jak2__L001680,C[C@@H]1C=C([C@H](N1c2ccc(cc2OC)[N+](=O)[O-])C)/C=C(\C#N)/C3[NH+]=c4ccccc4=[NH+]3
dude_jak2__L001681,CC(C)C[NH+]1CCN(CC1)c2nc3c(c4c(s3)CCC4)c(=O)n2CC(=O)Nc5cccc6c5cccc6
dude_jak2__L001682,C[C@@H](CCC(=C)C)Nc1cc2c([nH+]c1)N([C@@H]([C@@H]2NC(=O)C)C(=O)OC)CCC3=c4ccccc4=[NH+]C3
dude_jak2__L001683,Cc1nc2ccccc2n1CCOC(=O)c3cc4cc(ccc4[nH]3)[N+](=O)[O-]
dude_jak2__L001684,CCOC(=O)c1c[nH]nc1N/C(=C\2/C(=NN(C2=O)c3nc4ccccc4s3)C)/C
dude_jak2__L001685,C[C@H]1CCC[NH+](C1)[C@@H](C)C(=O)NC2=c3cc(ccc3=[NH+][C@@H]2C(=O)OC)Br
dude_jak2__L001686,CCc1[nH]c(c([nH+]1)C)CN2CCC3=C([C@@H](S[C@@H]3C2)S(=O)(=O)NCC4CCCCC4)C(=O)OC
dude_jak2__L001687,COc1cc(ccc1NC(=O)CNc2ccccc2I)[N+](=O)[O-]
dude_jak2__L001688,COC(=O)[C@H](CCSC)NC(=O)N1CCc2c([nH+]c[nH]2)[C@@H]1c3cccc(c3)F
dude_jak2__L001689,Cc1ccc(cc1)[C@@]2(C(=O)N(C(=O)N2)CC(=O)NC[C@@H](c3cccs3)[NH+]4CCCC4)C
dude_jak2__L001690,Clc3cnc2[nH]cc(c1ccccc1)c2c3
dude_jak2__L001691,CCCOc1ccc(cc1OC)[C@H]2CN3C(=O)CN(C(=O)[C@@]3(c4c2c5ccccc5[nH]4)C)CC(C)C
dude_jak2__L001692,C[C@@H]1C[C@H](C[NH+](C1)CCNC(=O)C(=O)Nc2cc(c(cc2OC)Cl)OC)C
dude_jak2__L001693,C[C@H](C(=O)Nc1cc(ccc1OC)[N+](=O)[O-])[NH+]2CCC[C@H](C2)C(F)(F)F
dude_jak2__L001694,CC1(CC2=C([C@@H](C(=C(N2c3ccc(cc3)OC)N)C#N)c4ccc(cc4)N(C)C)C(=O)C1)C
dude_jak2__L001695,CCN(C)S(=O)(=O)c1c(nc2n1ccs2)NN
dude_jak2__L001696,Cc1ccc(cc1Cl)NC(=O)CS[C@@H]2[NH+]=c3ccc(cc3=[NH+]2)[N+](=O)[O-]
dude_jak2__L001697,CC(C)[NH+]1CC[C@@H](C1)CNC(=O)N(C)C2CC[NH+](CC2)C3CCOCC3
dude_jak2__L001698,CC1([C@H]2C(=c3ccccc3=[NH+]2)C[C@@H]4N1C(=O)CN(C4=O)/N=C/c5ccc(cc5OC)OC)C
dude_jak2__L001699,COC(=O)c1ccc(o1)CNC(=O)CN2CCc3c([nH]c[nH+]3)C24CCCCC4
dude_jak2__L001700,CC(C)NC(=O)c1cccc2c1N[C@@H]([C@@H]3[C@@H]2C=CC3)c4ccc(cc4)Br
dude_jak2__L001701,CC[NH+](CC)CCN1[C@H](/C(=C(/c2ccc3c(c2)C[C@H](O3)C)\O)/C(=O)C1=O)c4ccc(o4)C
dude_jak2__L001702,CC[C@@H](C)N/C(=C/C1=CSC2=NC(=C([C@H](N12)c3ccc(c(c3)OC)OC)C(=O)OC)C)/[O-]
dude_jak2__L001703,Cc1cccn2c1nc(c(c2=O)/C=C/3\C(=O)N(C(=S)S3)CC=C)N4CCN(CC4)c5ccc(cc5)F
dude_jak2__L001704,c1ccc(cc1)Cn2c3ccccc3nc2S[C@@H]4[C@@H]([C@@H]([C@@H]([C@@H](O4)CO)O)O)O
dude_jak2__L001705,C[C@]12CC[C@H]3[C@@H]([C@@H]1CC[C@@]2(C(=O)COC(=O)c4ccc(cc4)[N+](=O)[O-])O)CCC5=CC(=O)C=C[C@]35C
dude_jak2__L001706,c1ccc2c(c1)ccc3c2c(co3)CC(=O)NC4CC[NH+](CC4)CC(=O)N
dude_jak2__L001707,CCNC(=O)NC(=O)[C@@H](C)Sc1nc(c2c3c(sc2n1)CCCC3)N
dude_jak2__L001708,COc1ccc(cc1)Cn2c(=O)c3c(ccs3)n4c2nn(c4=O)Cc5ccc(cc5)Br
dude_jak2__L001709,COc1ccc2=[NH+]CC(=c2c1)CCNC(=O)CN3C(=O)/C(=C\c4cccs4)/SC3=S
dude_jak2__L001710,c1ccc(cc1)C2=C[C@@H](N=N2)N/N=C/3\[C@H]([NH+]=c4ccccc4=[NH+]C3=O)C(F)(F)F
dude_jak2__L001711,CCCOc1ccc(cc1OC)[C@@H]2CN3C(=O)CN(C(=O)[C@@]3(c4c2c5ccccc5[nH]4)C)C6CCCC6
dude_jak2__L001712,Cc1cc(c(c(c1)Cl)NC(=O)[C@H]2C[C@@H]2C)C
dude_jak2__L001713,Cc1cc(c(n1c2cccc(c2)OC)C)/C=C\3/C(=[NH2+])N4C(=NC3=O)SN=C4S(=O)(=O)C
dude_jak2__L001714,C[C@H](C(=O)Nc1ccnn1C(C)C)Sc2nnc3n2c4ccccc4c(=O)n3Cc5ccccc5
dude_jak2__L001715,CC1CCN(CC1)C(=O)[C@H](CC(C)C)N2CC3=C(C2=O)[C@H](NC(=O)N3C)c4ccccc4C(F)(F)F
dude_jak2__L001716,CCN4CCN(Cc3ccc(NC(=O)Nc2ccc(Oc1cc(NC)ncn1)cc2)cc3C(F)(F)F)CC4
dude_jak2__L001717,CC(C)[C@H](C(=O)N1CC(=O)Nc2c1cccc2)Sc3c4cnn(c4ncn3)C
dude_jak2__L001718,c1cc(c(cc1Cl)c2ccc(o2)/C=C/3\C(=O)N(C(=S)S3)[C@H](CC(=O)N)C(=O)[O-])Cl
dude_jak2__L001719,Cc1c(sc2c1c(=O)n(cn2)CC(=O)Nc3cc4c(cc3C(=O)C)OCO4)C
dude_jak2__L001720,CCNC(=O)NNC(=O)C[C@@H]1c2ccccc2CCN1C(=O)C
dude_jak2__L001721,C[C@H]1CC(=C(N1c2nc[nH]n2)C)C3=N[NH+]=C(SC3)NCc4ccc5c(c4)OCO5
dude_jak2__L001722,C[C@H]1CN(C[C@@H](O1)C)CC(=O)NC2=c3cc(ccc3=[NH+][C@@H]2C(=O)OC)Br
dude_jak2__L001723,C[C@H](C(=O)N1C[C@H](C2(C1)CC[NH2+]CC2)C(=O)NCCc3ccc(cc3)Br)Oc4ccccc4
dude_jak2__L001724,Cn1c2c(c(=O)n(c1=O)C)[nH]c(n2)NCCSc3ccc(cc3)Cl
dude_jak2__L001725,Cc1cc(c(c(c1)C)n2c(cc(=O)[nH]c2=S)N)C
dude_jak2__L001726,CC[NH+]1CCC[C@@H]1CNC(=O)c2c3c(n(n2)CCOC)CCN(C3)Cc4c(nc5n4ccs5)C
dude_jak2__L001727,Cc1ccc(cc1)c2c(sc3c2c(=O)[nH]c(=O)[nH]3)C
dude_jak2__L001728,C[C@H](c1ccccc1)NC(=O)/C(=c/2\n(c(=O)/c(=C\c3ccc(cc3)[N+](=O)[O-])/s2)c4ccccc4)/C#N
dude_jak2__L001729,Cc1cc(cc(c1C)S(=O)(=O)N2[C@H](CCC[C@@H]2C)C)N
dude_jak2__L001730,c1cc(cc(c1)I)n2c3ccc(cc3nc2C4CC4)N
dude_jak2__L001731,Cc1cc(c(c(c1)C[NH2+]CCCCCC[NH2+]Cc2cc(cc(c2O)C)C)O)C
dude_jak2__L001732,Cc1c2c(n(n1)c3ccc4nnc(n4n3)C)NC(=O)C[C@@H]2c5ccc(cc5)C(F)(F)F
dude_jak2__L001733,Cc1c(cc(o1)/C=C/C(=O)Nc2ccc(cc2)S(=O)(=O)N3[C@@H](CCC[C@H]3C)C)C(=O)[O-]
dude_jak2__L001734,C[C@@H]1c2c(cc(cc2OC)OC)OC(=O)[C@H]1CC(=O)NCCC3=c4cc(ccc4=[NH+]C3)F
dude_jak2__L001735,C[C@@H](C(=O)NCC1CCCCC1)Sc2c3c(nc(n2)C4CC4)n(c(nc3=O)[O-])C5CC5
dude_jak2__L001736,CC[C@H]1[C@H](/C(=N\NC(=O)N)/C[C@@H](S1)C)C
dude_jak2__L001737,Cc1c2c(n(n1)c3ccc(nn3)Cl)NC(=O)C[C@H]2c4ccccc4OCC(C)C
dude_jak2__L001738,CC1CCN(CC1)C(=O)c2ccccc2NC(=S)NC(=O)/C=C/c3ccc(cc3)[N+](=O)[O-]
dude_jak2__L001739,c1cc(oc1)[C@H]2c3c([nH]c(nc3=O)N4CCCCC4)NC5=C2C(=O)CCC5
dude_jak2__L001740,CN(Cc1cc(cc(c1)Cl)Cl)C(=O)c2cc(c[nH]2)N
dude_jak2__L001741,c1cc(c(cc1[N+](=O)[O-])NC(=O)CSc2nc3cc(ccc3c(=O)n2C[C@@H]4CCCO4)Cl)F
dude_jak2__L001742,Cn1c(cnc1COc2ccc(cc2CO)[N+](=O)[O-])Cl
dude_jak2__L001743,c1ccc2=[NH+]CC(=c2c1)C3=NN[C@H](N3C4CC4)SCC(=O)N5CCN(CC5)c6cccc[nH+]6
dude_jak2__L001744,CC(=O)N1CCCN(CC1)C(=O)C[C@@H]2C(=O)NCC[NH+]2CC3CCCCC3
dude_jak2__L001745,COC(=O)[C@@H]1C(=c2ccccc2=[NH+]1)NC(=O)CCN3CC[NH+](CC3)C4CCCCC4
dude_jak2__L001746,CN1CC(=O)N2[C@@H](C1=O)Cc3c4ccccc4[nH]c3[C@H]2c5cccc(c5)[N+](=O)[O-]
dude_jak2__L001747,Cc1ccccc1[C@@H]2[C@@H]3CC=C[C@@H]3c4cccc(c4N2)C(=O)Nc5ccccc5
dude_jak2__L001748,Cc1ccccc1n2c(nnc2SCc3nc(cs3)C(=O)N4C[C@H](O[C@H](C4)C)C)c5cccnc5
dude_jak2__L001749,C[C@]1(Cn2c3ccoc3cc2C(=O)N1CC[NH+]4CCCC4)C(=O)NC5CCCCCC5
dude_jak2__L001750,CN1CCc2cc3c(c(c2[C@H]1CN/C=C\4/C(=O)NC(=S)N(C4=O)Cc5ccccc5)OC)OCO3
dude_jak2__L001751,Cc1cc(cc(c1OCC(F)(F)F)C)C[NH+](C)CC(=O)NNC(=O)c2cccc(c2)[N+](=O)[O-]
dude_jak2__L001752,CC(C)(C)OC(=O)NC(C)(C)C(=O)N1CCN(CC1)Cc2cc(=O)n3ccsc3[nH+]2
dude_jak2__L001753,Cc1cc(on1)NC(=O)CN2C(=O)[C@@]3(CCCC[C@H]3C)NC2=O
dude_jak2__L001754,CCN(CC)S(=O)(=O)c1ccc(c(c1)NC(=O)[C@H]2CC=CC[C@@H]2C(=O)[O-])Oc3cccc(c3)C
dude_jak2__L001755,CCc1ccc(cc1)[C@H]2C3=C(c4ccccc4O2)N=C5[NH+]=NNN5[C@@H]3c6cccnc6
dude_jak2__L001756,CCOc1ccc(cc1S(=O)(=O)N(C)C)NS(=O)(=O)c2ccc(cc2)/C=C/C(=O)[O-]
dude_jak2__L001757,Cc1ccc(cc1NC(=O)[C@H]2CN(c3ccccc3O2)S(=O)(=O)c4ccc(cc4)Cl)C(=O)OC
dude_jak2__L001758,Cc1cccc(c1C)[NH+]2CCN(CC2)CCNC(=O)[C@H]3CCCN3c4nnc(s4)N5CCCC5=O
dude_jak2__L001759,c1cc(oc1)C(=O)N(CCN2CCOCC2)CC(=O)N3[C@@H](CC(=N3)c4cccs4)c5ccc(cc5)Cl
dude_jak2__L001760,CCc1ccc2=[NH+]C(=O)[C@H](C=c2c1)[C@H]([C@@H]3N=NNN3C(C)(C)C)[NH+]4CCc5ccccc5C4
dude_jak2__L001761,Cc1ccc(c(c1)N2CC[NH+](CC2)[C@@H](c3cc4cc(c(cc4[nH]c3=O)C)C)c5nnnn5C(C)(C)C)C
dude_jak2__L001762,COc1cc(cc(c1OC)OC)[C@H]2[C@H]3C(=c4ccccc4=[NH+]3)C[C@H]5N2C(=O)CN(C5=O)C6CCCC6
dude_jak2__L001763,c1c2c(cc3c1OC(O3)(F)F)sc(n2)NC(=O)c4cnns4
dude_jak2__L001764,CC1([C@H]([C@H]([NH2+][C@@H]([C@@H]1[N+](=O)[O-])c2ccc(cc2)F)c3ccc(cc3)F)[N+](=O)[O-])C
dude_jak2__L001765,CNS(=O)(=O)c1ccc(o1)C(=O)N2C[C@H](Cc3c2cccc3)[NH+](C)C
dude_jak2__L001766,Cc1ccc(cc1)Oc2cc3c(cc2S(=O)(=O)N(C)C)C(=O)Nc4ccccc4O3
dude_jak2__L001767,CO[C@H]1CCC[C@H]1n2c3ccc(cc3nc2N)Br
dude_jak2__L001768,c1ccc(cc1)/N=C\2/N(C(=O)C[C@@H](S2)C(=O)Nc3cccc(c3)Cl)Cc4ccc5c(c4)OCO5
dude_jak2__L001769,c1ccc2cc(ccc2c1)NS(=O)(=O)c3ccccc3N
dude_jak2__L001770,c1ccc(cc1)COC(=O)N2CCC[C@@]23[C@@H](N(C3=O)CC(=O)NCc4ccc5c(c4)OCO5)c6ccccc6
dude_jak2__L001771,Cc1c(nc(o1)c2ccccc2)[C@H]3CC(=O)N[C@@H]4[C@@H]3[C@@H](N=N4)C(=O)NC
dude_jak2__L001772,C[C@@H](c1ccc(s1)Br)n2c(c(cn2)Br)N
dude_jak2__L001773,CC(=O)N1CCc2ccc(cc2[C@@H]1c3ccccc3)OCc4ccc(o4)C(=O)N5CC[NH+](CC5)CC=C
dude_jak2__L001774,c1ccc2c(c1)c(=O)n(nn2)CSc3nc4ccc(cc4c(=O)n3Cc5ccco5)Br
dude_jak2__L001775,C1CC[C@H]2[C@@H](CC1)C3(CCCCC3)NC2=O
dude_jak2__L001776,C[C@H](c1ccco1)NC(=O)c2c(cc(=O)n3c2CCN(CC3)Cc4c[nH]nc4c5ccccc5)OC
dude_jak2__L001777,CN(CC(=O)N/N=C/c1ccccc1C(=O)[O-])S(=O)(=O)c2ccc(cc2)Br
dude_jak2__L001778,c1ccc(c(c1)C(=O)N/N=C/c2ccc(cc2)n3ccnc3)[N-]S(=O)(=O)c4cccs4
dude_jak2__L001779,CCOC(=O)N1CCN(CC1)C(=O)NC2[C@@H]3CCC[C@H]2C[NH+](C3)C4CC4
dude_jak2__L001780,Cc1c(sc(c1C(=O)NC(=O)OC)NC(=O)/C=C/c2cccc(c2)[N+](=O)[O-])C
dude_jak2__L001781,C[C@@H]1CCC[C@H]([C@@H]1C)NC(=O)NNC(=O)C[C@@H]2CCS(=O)(=O)C2
dude_jak2__L001782,CC1CCC(CC1)N(C)C(=O)CSc2nc3cc(ccc3c(=O)n2C[C@@H](C)O)C(=O)[O-]
dude_jak2__L001783,COC(=O)c1ccc(c(c1)n2c(nnn2)C3(C4CC5CC(C4)CC3C5)[NH3+])C(=O)OC
dude_jak2__L001784,C[C@H](C(=O)NC(=O)NC)Sc1nnc(n1C2CCCCC2)c3ccco3
dude_jak2__L001785,c1ccc2c(c1)c(=O)n(c(n2)SCc3cc(=O)n4cc(ccc4n3)Br)Cc5ccco5
dude_jak2__L001786,CSc1ccc(cc1)[C@@H]2[NH+]=C(N=C3N2C(=CC(=C)N3)[O-])N4CCOCC4
dude_jak2__L001787,C[C@@H]1CCc2c(sc3c2c(=O)n(cn3)[C@H](C)C(=O)Nc4ccccc4Cl)C1
dude_jak2__L001788,CCN(CC[C@H]1[NH+]=c2ccc(cc2=[NH+]1)C)C(=O)C[C@@H]3C=N[C@@H]4N3C=CC=C4C
dude_jak2__L001789,CCc1nnc(s1)NC(=O)CSc2nnc(n2C)c3cc(ccc3O)Br
dude_jak2__L001790,Cc1c(cccc1[N+](=O)[O-])NC(=O)[C@H]2CCC(=O)N([C@@H]2c3ccccc3OC)c4ccc(cc4)OC
dude_jak2__L001791,Cc1ccc(c(c1)NC(=O)CCNC(=O)Cn2cnc3c(c2=O)c4c(s3)CCCC4)OC
dude_jak2__L001792,Cc1ccc(c(c1)C)NC(=O)NC(=O)[C@@H](C)Sc2nncn2C
dude_jak2__L001793,Cc1cccn2c1[nH+]c3c(c2=O)C[C@]4([C@H]5N3CCCCC5)C(=O)NC(=O)N(C4=O)CCc6ccccc6
dude_jak2__L001794,C1CCC(CC1)C[NH+]2CCC(CC2)NC(=O)C3CCC4(CC3)C(=O)NC(=O)N4
dude_jak2__L001795,COc1cc2cc(c(=O)[nH]c2cc1OC)[C@H](c3nnnn3C4CCCC4)[NH+]5CCCCCC5
dude_jak2__L001796,Cc1cc(=O)[nH]c(n1)n2c(cc(n2)c3ccco3)NC(=O)CCl
dude_jak2__L001797,CC(C)C1=C[C@H](N=N1)[C@@H]2Nn3c(nnc3S2)COc4cccc5c4cccc5
dude_jak2__L001798,Cc1nnn(n1)C23C[C@@H]4C[C@H](C2)CC(C4)(C3)[NH2+]CC(=O)NCc5ccccc5F
dude_jak2__L001799,C[C@H](Nc4cc(N1CC[C@@H](O)C1)nc(n2cnc3ccncc23)n4)c5ccccc5
dude_jak2__L001800,C[NH+](C)Cc1cccc(c1)CNC(=O)[C@H]2CCCCN2S(=O)(=O)c3ccc(cc3)Br
dude_jak2__L001801,CCOC(=O)C1=C(N=C([C@@H]1C)NC(=O)N[C@@H]2[C@@H](N(N(C2=O)c3ccccc3)C)C)C
dude_jak2__L001802,Cc1ccc2cc(c(=O)[nH]c2c1)C[NH+](Cc3ccc4c(c3)OCO4)Cc5nnnn5CCc6ccccc6
dude_jak2__L001803,c1ccc(cc1)n2c3c(cn2)c(ncn3)SCC(=O)NNC(=O)c4ccccc4Cl
dude_jak2__L001804,COc1cc2c3ccccc3oc2cc1NC(=O)CS[C@@H]4[NH+]=c5ccc(cc5=[NH+]4)[N+](=O)[O-]
dude_jak2__L001805,C[C@@H]1[C@H](Oc2ccccc2O1)C(=O)O[C@@H](C)C(=O)NCC(=O)Nc3ccc(c(c3F)F)F
dude_jak2__L001806,c1cc(ccc1NC(=O)/C=C/c2ccc3c(c2)OCO3)S(=O)(=O)Nc4nccs4
dude_jak2__L001807,Cc1cccc2=C[C@@H](C(=O)[NH+]=c12)[C@@H](c3nnnn3CCOC)N4CC[NH+](CC4)[C@@H]5Nc6ccccc6S5
dude_jak2__L001808,CCCCOCCCN1CC(=O)N2[C@H](C1=O)CC3=c4ccccc4=[NH+][C@@H]3[C@H]2c5cccc(c5)[N+](=O)[O-]
dude_jak2__L001809,c1cc(oc1[C@@H](c2cc3c(cc2Cl)NC(=O)C3)[NH3+])Br
dude_jak2__L001810,c1ccc2=[NH+]C(=O)[C@H]([NH+]=c2c1)/C(=N\NC(=O)c3ccc(cc3)Cl)/[C@@H]([C@@H](CO)O)O
dude_jak2__L001811,CN(Cc1ccc(s1)Cl)C(=O)c2c[nH]c3c2ccc(c3)N
dude_jak2__L001812,C[C@@H](c1ccc(cc1Cl)Cl)NC(=O)NNC(=S)NC2CCCC2
dude_jak2__L001813,c1ccc(cc1)Oc2ccccc2N3C(=O)[C@H]4CN(CCN4C3=O)c5c6ccc(nc6ccn5)C(F)(F)F
dude_jak2__L001814,Cc1cc(ccc1Oc2cc3c(cc2N)c(=O)[nH]cn3)Br
dude_jak2__L001815,CCOc1ccc(cc1OCC)[C@@H]2c3c(=O)c4cc(ccc4oc3C(=O)N2c5nnc(s5)CC(C)C)F
dude_jak2__L001816,c1ccc(c(c1)C2[NH+]=c3ccccc3=[NH+]2)NC(=O)c4cc(ccc4Cl)[N+](=O)[O-]
dude_jak2__L001817,Cc\1ccc[nH]/c1=N\S(=O)(=O)c2cc(cc(c2Br)N)Cl
dude_jak2__L001818,c1ccc(cc1)n2c(nnn2)N3CCCN(CC3)c4ccc(c[nH+]4)C(F)(F)F
dude_jak2__L001819,C[C@@]12[C@@H]3C(=c4ccccc4=[NH+]3)[C@@H](CN1C(=O)CN(C2=O)CCc5ccc(cc5)F)c6ccc(cc6)Cl
dude_jak2__L001820,CCC(C)(C)n1c(nnn1)[C@H](c2cc3cc(c(cc3[nH]c2=O)OC)OC)[NH+]4CCC[C@H](C4)C
dude_jak2__L001821,Cc1ccc(cc1C)NC(=O)C(=O)NNC(=O)Nc2ccc(c(c2)Cl)Cl
dude_jak2__L001822,Cc1c(cccc1S(=O)(=O)N)N[C@H]2CCCc3c2ccs3
dude_jak2__L001823,Cc1c(c(n2c(n1)c(cn2)C(=O)N)C)CCC(=O)Nc3ccc(cc3Cl)Br
dude_jak2__L001824,CSCC[C@H]1[C@@H]2[C@@H](C(=O)N(C2=O)c3cccc(c3Cl)Cl)[C@@]4(N1)c5ccccc5NC4=O
dude_jak2__L001825,CC[C@@H](C)NC(=O)CN1CN(C2(C1=O)CCN(CC2)C(=O)C34CC5CC(C3)CC(C5)C4)c6ccccc6
dude_jak2__L001826,CCCN1c2ccc(cc2OCC(C1=O)(C)C)NS(=O)(=O)c3ccc(c(c3)F)NC(=O)C
dude_jak2__L001827,CCOc1ccccc1CNC(=O)C2CCN(CC2)[C@@H]3[NH+]=c4ccc(cc4=[NH+]3)C
dude_jak2__L001828,CCNc1c2c(nc(n1)c3cccc(c3)O)CCCC2
dude_jak2__L001829,Cc1c(c(n2c(n1)nc(n2)SCC(=O)NCCc3ccc(cc3Cl)Cl)C)CC(=O)[O-]
dude_jak2__L001830,c1ccc(cc1)c2nc(cs2)C(=O)NNC(=O)[C@@H]3c4ccccc4C(=O)N=[NH+]3
dude_jak2__L001831,Cc1ccc(c(c1)OCC(=O)Nc2c(c3c(s2)C[C@@H](CC3)C)C#N)[N+](=O)[O-]
dude_jak2__L001832,Cc1ccsc1[C@@H]2C(=C(Nc3n2ncn3)C)C(=O)Nc4ccccc4OC
dude_jak2__L001833,Cc1ccc2c(c1C)nc(s2)N(CCC[NH+](C)C)C(=O)Cn3cnc4c3c(=O)n(c(=O)n4C)C
dude_jak2__L001834,CC1=C[C@@H](N=N1)[C@H]2N=NC(=S)N2/N=C/c3cc(c(c(c3)Br)O)OC
dude_jak2__L001835,CCN(CC)CCNC(=O)c3c(C)[nH]c(\C=c1/c(=O)[nH]c2ccc(F)cc12)c3C
dude_jak2__L001836,CCOC(=O)[C@H]1C(=c2cc(ccc2=[NH+]1)OC)NC(=O)C[NH+]3CCC(CC3)(c4cccc(c4)C(F)(F)F)O
dude_jak2__L001837,Cc1c(c(=O)n(n1C)c2ccccc2)NC(=O)N[C@H](C)C[NH+]3CCC[C@@H](C3)C
dude_jak2__L001838,CCOc1cc(cc(c1O)[N+](=O)[O-])/C=C(\C#N)/[C@@H]2[NH+]=c3cc(cnc3=[NH+]2)Br
dude_jak2__L001839,Cc1ccc2c(c1)c3c(n2C)c(=O)n(c(=O)n3CC(=O)N)c4ccccc4C
dude_jak2__L001840,Cc1ccc(c2c1cc(c(=O)[nH]2)CN(Cc3ccc(cc3)OC)S(=O)(=O)c4ccc5c(c4)OCCO5)C
dude_jak2__L001841,C[C@](C#N)(C1CC1)NC(=O)CN2C(=O)C3(CCCCC3)NC2=O
dude_jak2__L001842,Cc1ccc2c(=O)c3c(oc2c1C)C(=O)N([C@@H]3c4cccc(c4)[N+](=O)[O-])CCO
dude_jak2__L001843,Cc1cc(c(cc1C)S(=O)(=O)Nc2ccc3c(c2)OCC(C(=O)N3C)(C)C)OC
dude_jak2__L001844,c1cc(cc(c1)S(=O)(=O)N[C@@H]2CCSC2=O)[N+](=O)[O-]
dude_jak2__L001845,CN6CCN(c5ccc(Nc4nc3cccc(c2ccc(C(=O)N1CCOCC1)c(C)c2)c3o4)cc5)CC6
dude_jak2__L001846,C[C@@H]1N=CCN1c2cc(cc[nH+]2)CNC(=O)CCCC3=c4ccccc4=[NH+]C3
dude_jak2__L001847,C[C@@H]1C(=O)N(C(=S)N1)Cc2ccc([nH+]c2)N3CCCCCC3
dude_jak2__L001848,CCOC(=O)C1=C(CS[C@@H]1NC(=O)[C@@H](C)Sc2nc(c(nn2)C)[O-])c3ccccc3
dude_jak2__L001849,C[C@H](c1nnc(n1c2ccc(cc2)F)S[C@H](C)C(=O)NC(=O)Nc3ccccc3)[NH+](C)C
dude_jak2__L001850,Cc1ccc(cc1)Cn2c3c(nc2N4CCC(CC4)(C(=O)N)[NH+]5CCCCC5)n(c(=O)n(c3=O)C)C
dude_jak2__L001851,Cc1c2c(n[nH]1)C[C@@]([C@H]([C@@H]2c3ccc(cc3)C(C)C)C(=O)C)(C)O
dude_jak2__L001852,C[C@]1(C(=O)N(C(=O)N1)CC(=O)Nc2ncc(s2)Cc3ccc(cc3)Cl)C4CC4
dude_jak2__L001853,CC(=O)c1ccccc1NC(=O)CN2C(=O)[C@](NC2=O)(C)c3ccc(cc3)C(C)(C)C
dude_jak2__L001854,Cc1c2c(oc1C(=O)Nc3ccccc3n4ccnc4)CCCC2=O
dude_jak2__L001855,CC(C)NC(=O)[C@H]1C[NH+]2CC[C@H]1C[C@@H]2Cn3cc(nn3)C(C)(C)C
dude_jak2__L001856,CC(=O)N1CCC(CC1)C(=O)N2C[C@H](C3(C2)CC[NH2+]CC3)C(=O)NCC(C)(C)C[NH+](C)C
dude_jak2__L001857,c1ccc2=[NH+]C(=O)[C@@H]([NH+]=c2c1)/C(=N\NC(=O)c3ccc(cc3)[N+](=O)[O-])/[C@@H]([C@@H](CO)O)O
dude_jak2__L001858,c1ccc2=[NH+]C([NH+]=c2c1)/C=C\3/C(=O)N(C(=S)S3)NC(=O)c4ccc(cc4)[N+](=O)[O-]
dude_jak2__L001859,CC(C)CCNC(=O)[C@H]1CN(CC12CC[NH2+]CC2)C(=O)[C@@H]3COc4ccccc4O3
dude_jak2__L001860,Cc1ccc2cc(c(=O)[nH]c2c1)[C@H](c3nnnn3C4CCCCC4)[NH+]5CCC[C@@H](C5)C
dude_jak2__L001861,CC1CCC(CC1)[NH+]2CCC(CC2)N(C)C(=O)N[C@H]3CCCN(C3)C(=O)OC
dude_jak2__L001862,CC(=NNc1nc2c(cc(c(c2s1)C(F)(F)F)Br)Cl)C
dude_jak2__L001863,c1cc(c(cc1C(=O)NC2CCC3(CC2)OCCO3)[N+](=O)[O-])N
dude_jak2__L001864,CC(=O)Nc1cccc2c1CCN(C2)CC(=O)N3CCNC3=O
dude_jak2__L001865,C[C@@]12CCC(=O)C=C1CC[C@@H]3[C@@H]2[C@@H](C[C@@]4([C@H]3CC[C@]4(C(=O)COC(=O)CCC(=O)[O-])O)C)O
dude_jak2__L001866,CCC(=O)Nc1nc2n(n1)[C@H](C[C@@H](N2)c3ccc(cc3)Cl)c4ccccc4
dude_jak2__L001867,COCc1nc(cs1)C(=O)Nc2ccc(cc2)[N+](=O)[O-]
dude_jak2__L001868,c1cc(ccc1C2=C[C@H](N=N2)[C@@H]3NN=C4N3N=C(S4)COc5ccc(cc5)Cl)F
dude_jak2__L001869,Cc1ccc(cc1)c2nnc(n2N)SCC(=O)N3[C@@H](CC(=N3)c4ccco4)c5cccs5
dude_jak2__L001870,CC1(CC2=C([C@H](c3c([nH]nc3O)N2)c4ccc(cc4OC)OC)C(=O)C1)C
dude_jak2__L001871,Cc1c(n2ccccc2n1)CN(C)C(=O)C[C@H]3C(=O)NCC[NH+]3C4CCCC4
dude_jak2__L001872,CC(C)CCNC(=O)[C@H]1C=C2C(=c3ccccc3=[NH+]C2=O)N1C
dude_jak2__L001873,Cc1c(sc2c1c(=O)n(c(n2)S[C@H](C)C(=O)NC(=O)N)C(C)C)C
dude_jak2__L001874,Cc1ccc(c(c1)C(=O)O[C@@H](C)C(=O)Nc2c(n(n(c2=O)c3ccccc3)C)C)O
dude_jak2__L001875,CN(CC(=O)NC1CCCCCC1)S(=O)(=O)c2ccc(s2)c3ccc(=O)[nH]n3
dude_jak2__L001876,CCOc1cccc2c1cc3c(n2)c4c(n(c3=O)S(=O)(=O)Oc5ccccc5)C(=O)C[C@H](N4)SC
dude_jak2__L001877,CC[C@@H]1CCCC[NH+]1CCCNC(=O)CC2CCN(CC2)C(=O)[C@@H]3C=c4cc(ccc4=[NH+]3)Cl
dude_jak2__L001878,C[C@@H]1C[C@@]2(CC(C1)(C)C)C(=O)N(C(=O)N2)CC(=O)N(CC[NH+](C)C)c3ccccc3
dude_jak2__L001879,c1ccc(c(c1)NCCNC(=O)C(=O)Nc2ccc(c(c2)F)Cl)[N+](=O)[O-]
dude_jak2__L001880,CCOC(=O)[C@@H]1[C@H](c2cc(ccc2O1)S(=O)(=O)Nc3ccc(cc3)[C@@H]4C=c5cc(ccc5=[NH+]4)F)C
dude_jak2__L001881,COc1ccc2=[NH+][C@@H]([NH+]=c2c1)SCC(=O)Nc3nnc(s3)SCC=C
dude_jak2__L001882,c1cc(c(cc1O[C@@H]2CCC[C@@H]2O)Cl)Cl
dude_jak2__L001883,CN(C)S(=O)(=O)c1ccc2c(c1)N(C(=O)[C@H]3N2CCCC3)CC(=O)NCC[NH+]4CCCCCC4
dude_jak2__L001884,C[C@@H]1C(=C(NN1C)C)CC(=O)NC[C@@H](c2ccccc2)C3=c4ccccc4=[NH+]C3
dude_jak2__L001885,c1cc(cc(c1)F)OCc2cc(n[nH]2)C(=O)N[C@H]3COC[C@@H]3[NH+]4CCCC4
dude_jak2__L001886,C[C@]1([C@](N(C(=O)O1)CCN2C(=O)O[C@@]([C@@]2(C)O)(C)Cc3ccccc3)(C)O)Cc4ccccc4
dude_jak2__L001887,C1CCC(CC1)(CC(=O)NC2=C[C@@H]3C(=CC=N3)C=C2)CN4CNN=N4
dude_jak2__L001888,CCNC(=O)N1CCC2=c3ccccc3=[NH+][C@H]2[C@@]14c5cc(ccc5N(C4=O)C)Br
dude_jak2__L001889,Cc1c(c2ccccc2[nH]1)C(=O)COC(=O)CN3C(=O)[C@]4(CCCC[C@H]4C)NC3=O
dude_jak2__L001890,c1cc(c(c(c1)Cl)Cl)/C=N/NC(=O)c2ccc(c(c2)O)O
dude_jak2__L001891,Cc1ccc(cc1)n2c(c3c(n2)C[S@](=O)C3)NC(=O)c4ccc(c(c4)[N+](=O)[O-])C
dude_jak2__L001892,c1cc(ccc1c2nc(on2)[C@@H]3Cc4c([nH]c[nH+]4)CN3Cc5ccc(o5)CO)Cl
dude_jak2__L001893,C[C@@H]1CCCCN1S(=O)(=O)Nc2cccc3c2NCCC3
dude_jak2__L001894,Cc1nc2cc3c(cc2n1CC[C@@H]4CCCC[NH2+]4)OCO3
dude_jak2__L001895,CCOC(=O)c1c[nH+]c2ccccc2c1N3CCN(CC3)Cc4cc(=O)n5ccsc5[nH+]4
dude_jak2__L001896,C[C@@H]1CC(=C(N1[C@@H]2CCS(=O)(=O)C2)C)C(=O)CN3C(=O)[C@@H](NC3=O)CC4=c5ccccc5=[NH+]C4
dude_jak2__L001897,C[C@@H]1C[C@H](C[NH+](C1)C[C@@H](C)NC(=O)NNC(=O)c2ccccc2Cl)C
dude_jak2__L001898,c1ccc(cc1)Sc2c(c(=O)n3ccccc3n2)/C=N/NC(=O)N
dude_jak2__L001899,Fc1cccc(F)c1Cn4c(=O)[nH]c5cnc(n2cnc3ccc(C#N)cc23)nc45
dude_jak2__L001900,Cc1c2c(c(=O)[nH]n1)[C@@H](O[C@H]2C)NC(=O)C[NH+]3CCC[C@@H](C3)C(F)(F)F
dude_jak2__L001901,COC(=O)CS[C@@H]1NN[C@@H](N1N)[C@@H]2C=C(N=N2)c3ccc(cc3)Cl
dude_jak2__L001902,Cc1c(cco1)C(=O)NNC(=O)c2c3c(n(n2)c4ccccc4)CCCCC3
dude_jak2__L001903,C[C@@H](C(=O)Nc1ccnn1C(C)C)OC(=O)c2ccc3c(c2)sc(n3)N
dude_jak2__L001904,CC[C@H]1CCCC[NH+]1CC(=O)NC2=c3cc(ccc3=[NH+][C@@H]2C(=O)OC)Cl
dude_jak2__L001905,Cc1cc(c2c(c1)cc(c(=O)[nH]2)[C@H](c3nnnn3C(C)(C)C)[NH+](Cc4cccnc4)Cc5ccco5)C
dude_jak2__L001906,CC[C@@H](C(=O)Nc1cc(cc(c1)C)C)n2c(=O)c3c(n(nc3c(n2)C)c4ccccc4)C
dude_jak2__L001907,c1ccc(cc1)N2CCN(C2Cc3nnnn3c4ccc(cc4)I)c5ccccc5
dude_jak2__L001908,c1ccc(cc1)Cn2c(nnn2)C[NH+](Cc3cccs3)Cc4cc5cc6c(cc5[nH]c4=O)OCO6
dude_jak2__L001909,CC1(OC[C@@H](O1)CNC(=O)[C@H]2CN(CC23CC[NH2+]CC3)C(=O)[C@@H]4COc5ccccc5O4)C
dude_jak2__L001910,c1ccc(cc1)[C@H]2c3cc(ccc3OC(=C2C#N)O)N
dude_jak2__L001911,CC(C)(C[NH3+])Nc1c2cc(ccc2ncc1[N+](=O)[O-])Br
dude_jak2__L001912,CCCC[NH2+]C(C)(C)[C@@H](c1cccs1)SS[C@@H](c2cccs2)C(C)(C)[NH2+]CCCC
dude_jak2__L001913,CS(=O)(=O)N1Cc2ccccc2C[C@@H]1C(=O)OCc3[nH]c(=O)c4c(csc4n3)c5ccccc5Cl
dude_jak2__L001914,Cc1cccc2c1nc(s2)NC(=O)CSc3[nH]c(=O)cc(n3)N
dude_jak2__L001915,Cc1c(sc(n1)NC(=O)CN2C(=C)c3ccccc3C2=O)c4nnc(n4CC=C)[S-]
dude_jak2__L001916,C[C@H]1CCCC[C@H]1NC(=O)[C@@]2(Cn3c4ccoc4cc3C(=O)N2CC[NH+]5CCCC5)C
dude_jak2__L001917,Cc1cc(no1)NC(=O)c2cc3c(s2)nc(s3)N(C)C
dude_jak2__L001918,Cc1ccc(cc1)n2c(nnc2SCC(=O)Nc3ccc4c(c3)OCCO4)c5ccco5
dude_jak2__L001919,CCC[C@H](C(=O)Nc1ccc(c(c1)O)C(=O)[O-])[NH3+]
dude_jak2__L001920,CC1(Cc2c(c(sc2C([NH2+]1)(C)C)NC(=O)[C@H]3COc4ccccc4O3)C(=O)OC)C
dude_jak2__L001921,CC[C@H]1C(=C(NC(=O)N1)CN2CCN(CC2)S(=O)(=O)c3ccc(c(c3F)F)F)C(=O)OCC
dude_jak2__L001922,Cc1c(c(n2c(n1)nc(n2)S[C@@H](C)C(=O)Nc3ccc4c(c3)CCC4)C)CCC(=O)[O-]
dude_jak2__L001923,Cc1ccc(c(c1)N2C(=O)[C@@H](SC2=O)CC(=O)Nc3cc(ccc3O)[N+](=O)[O-])C
dude_jak2__L001924,c1cc(ccc1[C@@H](CNC(=O)c2c3c(n(n2)[C@H]4CCS(=O)(=O)C4)CCCC3)[NH+]5CCCC5)Cl
dude_jak2__L001925,Cc1c(nc(o1)c2cccs2)C[NH+]3CCc4c5ccccc5[nH]c4[C@@H]3c6ccccn6
dude_jak2__L001926,C[C@H]1CCCN(C1)c2c(c(=O)n3ccccc3n2)/C=C/4\C(=O)N(C(=S)S4)Cc5ccc6c(c5)OCO6
dude_jak2__L001927,c1cc(ccc1c2nn3c(nnc3s2)C(F)(F)F)N
dude_jak2__L001928,CN1[C@H]2[C@H](N=C1Oc3ccc(cc3OC)/C=C(\C#N)/C4[NH+]=c5ccccc5=[NH+]4)N(C(=O)N(C2=O)C)C
dude_jak2__L001929,Cc1cc(no1)CNC(=O)NNC(=O)c2cc(cn2C)Br
dude_jak2__L001930,CC[C@@H](c1nnnn1Cc2ccco2)[NH+](Cc3cccs3)Cc4cc5cc(ccc5[nH]c4=O)OC
dude_jak2__L001931,Cc1c(c2cc(ccc2o1)N(C(=O)c3c(cccc3OC)OC)S(=O)(=O)c4ccccc4)C(=O)COC
dude_jak2__L001932,Cc1cccc(c1)C(=O)N[C@@H](C)c2ccc3c(c2)NC(=O)CO3
dude_jak2__L001933,Cc1nc2n(n1)c(c(s2)[C@H](c3ccc(cc3)Cl)[NH+]4C[C@@H](C[C@H](C4)C)C)[O-]
dude_jak2__L001934,C[C@H](C[C@H](CC[C@@H](C[C@@H](C)CC(C)(C)C)[NH+](C)C)[NH+](C)C)CC(C)(C)C
dude_jak2__L001935,CC(=O)c1ccc(cc1)N[C@@H]2/C(=N/S(=O)(=O)c3ccc(cc3)Cl)/N=c4ccccc4=[NH+]2
dude_jak2__L001936,Cc1c(cco1)c2nnc(n2CC=C)SCC(=O)N3[C@@H](CC(=N3)c4cccs4)c5ccco5
dude_jak2__L001937,C[C@@H](C(=O)Nc1ccc(cc1)C(=O)[O-])N2C(=O)/C(=C/c3ccccc3O)/SC2=S
dude_jak2__L001938,CCOC1=C[C@@H]2C[C@H]3CO[P@@](=O)(N[NH+]3C[C@@H]2C=C1OC)S(=O)(=O)Oc4ccccc4
dude_jak2__L001939,Cc1cc2cc3c(cc2n4c1nnc4SCC(=O)Nc5c(c6c(s5)CCCC6)C(=O)OC)OCO3
dude_jak2__L001940,C[C@@H]1C(=O)Nc2cc(cc(c2O1)C(C)(C)C)N
dude_jak2__L001941,C[C@H]1C[C@@H](C[NH+](C1)Cc2ccccc2CNC(=O)Cn3c(=O)c4c(ncn4C)n(c3=O)C)C
dude_jak2__L001942,Cc1c2c([nH]c1C(=O)N[C@H]3CCCC[C@@H]3C)CCCC2=O
dude_jak2__L001943,COc1ccc(cc1)/C=C\2/C(=O)N(/C(=N\N=C/c3ccc(cc3)O)/S2)Cc4ccco4
dude_jak2__L001944,COc1cc(c(cc1OC)OC)[C@H]2C[C@H](N=C3N2NC=[NH+]3)c4ccc(cc4)I
dude_jak2__L001945,C[C@@H]1CCCN(C1)c2nc3c(c(n2)N4CC[NH2+]CC4)CCC3
dude_jak2__L001946,c1cc2c(c(c1N3CCN(CC3)CCO)[N+](=O)[O-])ncs2
dude_jak2__L001947,c1cc2c(cc1C(=O)OCC(=O)NCC34CC5CC(C3)CC(C5)C4)S(=O)(=O)N=C6N2CCCCC6
dude_jak2__L001948,CC1CCC2(CC1)C(=O)N[C@]3([C@@]2(C#Cc4ccccc4)O)CC[C@@H](C=C3)C
dude_jak2__L001949,CC[C@H](C[NH+](Cc1[nH]c(=O)c2c3c(sc2n1)CCCC3)C4CCCCC4)O
dude_jak2__L001950,c1c2cc3c(cc2[nH]c(=O)c1[C@@H](c4nnnn4C5CCCC5)N6CC[NH+](CC6)C7CCCCC7)OCO3
dude_jak2__L001951,C[C@@H]1C[NH+](CCN1c2cccc(c2)OC)CC(=O)NC3=c4cc(ccc4=[NH+][C@@H]3C(=O)OC)Cl
dude_jak2__L001952,CCCOc1ccc(cc1OCC)[C@@H]2CN3C(=O)CN(C(=O)[C@@]3([C@H]4C2=c5ccccc5=[NH+]4)C)C6CCCC6
dude_jak2__L001953,C[C@@H](C(=O)NC(=O)N)OC(=O)c1c(ccc(n1)Cl)Cl
dude_jak2__L001954,c1ccc(cc1)N2C(=O)C=C[C@@H](N2)N3CCN(CC3)C(=O)[C@H]4C=c5ccccc5=[NH+]4
dude_jak2__L001955,c1ccc2c(c1)c(=O)n(cn2)c3ccc(cc3)C(=O)Nc4cc[nH]n4
dude_jak2__L001956,CC1(OC(=O)C(C(=O)O1)[C@H](c2ccccc2)[C@@H](C#N)C(=C(C#N)C#N)N)C
dude_jak2__L001957,C[C@H]1CCC[C@@H](C1)n2c3ccc(cc3nc2CO)N
dude_jak2__L001958,CCCCn1c(c(c(c(c1=O)C#N)C)/C=C/2\C(=O)N(C(=S)S2)C3CCCC3)N4CCC(CC4)C
dude_jak2__L001959,C[C@H]1C[C@@H](C[NH+](C1)Cc2csc(n2)NC(=O)CCCn3c4ccc(cc4oc3=O)[N+](=O)[O-])C
dude_jak2__L001960,Cc1cccnc1c2cccc3c2O[C@@H](C3)CNC(=O)[C@H]4CCCC5=c6ccccc6=[NH+][C@@H]45
dude_jak2__L001961,CCOC(=O)c1c(oc2c1c(=O)[nH]c(n2)C[NH+]3CC[C@H]4CCCC[C@@H]4C3)C
dude_jak2__L001962,COc1ccc(cc1)[C@H]2CC(=NN2C(=O)CSc3nnnn3Cc4cccs4)c5ccccc5
dude_jak2__L001963,CCNC(=O)NNC(=O)/C(=C\c1cc(n(c1C)C2CCCCC2)C)/C#N
dude_jak2__L001964,CCc1ccc(cc1)[C@H]2CC(=NN2C3=NC(=O)[C@@H](S3)CC(=O)N[C@@H](C)C(=O)[O-])c4ccccc4
dude_jak2__L001965,COc1ccc2=[NH+]CC(=c2c1)CC[NH2+][C@H]3CC(=O)N(C3=O)c4cccc5c4cccc5
dude_jak2__L001966,Cc1ccc2=[NH+][C@H](C(=c2c1)NC(=O)CC[NH+]3CCN(CC3)c4ccccc4OC)C(=O)OC
dude_jak2__L001967,COc3cc(Nc1ncc(C)s1)nc(N[C@@H](C)c2ncc(F)cn2)n3
dude_jak2__L001968,Cc1c(n2cc(ccc2n1)Br)C(=O)N/N=C/c3ccc(cc3OC)OC
dude_jak2__L001969,c1cc(ccc1N[C@@H]2CCC[C@H]2C#N)Cl
dude_jak2__L001970,c1cc(cnc1)NC(=O)c2cc3n(n2)[C@H](C[C@H](N3)c4ccc(cc4)Br)C(F)(F)F
dude_jak2__L001971,C[C@@H]1CCC[C@H](N1C(=O)CSc2nnc(n2Cc3ccco3)COc4cccc5c4nccc5)C
dude_jak2__L001972,CCOC(=O)c1c(c2c(nc(nc2s1)CSc3nnc(n3c4ccccc4C)C)N)C
dude_jak2__L001973,CCc1ccccc1NC(=O)NNC(=O)c2ccc3ccccc3c2O
dude_jak2__L001974,c1cc(cc(c1)Cl)/N=C\2/N[C@H]3C(=NC=N3)/C(=N/CCO)/N2
dude_jak2__L001975,Cc1c(c(n(n1)C)C)NC(=O)C(=O)NC[C@@H]2COc3ccccc3O2
dude_jak2__L001976,c1ccc(c(c1)C[NH+]2CCNC(=O)[C@@H]2CC(=O)NCc3cn4ccccc4n3)F
dude_jak2__L001977,Cc1ccc(cc1S(=O)(=O)N)NC(=O)[C@@H]2[C@H](Oc3ccccc3O2)C
dude_jak2__L001978,CC(C)N1C(=O)C[C@@H](C1=O)Nc2ccc(cc2F)[N+](=O)[O-]
dude_jak2__L001979,C[C@@]1(CCS(=O)(=O)C1)NC(=O)N[C@]2(CCS(=O)(=O)C2)C
dude_jak2__L001980,C[C@H]1CCc2c(sc3c2C(=O)N[C@@H](N3)c4ccccc4OC)C1
dude_jak2__L001981,c1ccc2=[NH+]CC(=c2c1)C[C@@H](C(=O)N/N=C/c3ccccn3)NC(=O)c4cccs4
dude_jak2__L001982,CCC[C@H](C(=O)Nc1c(cc(cc1Br)Br)C(=O)OC)[NH3+]
dude_jak2__L001983,CC(C)C[C@@H](C(=O)Nc1ccc(cc1C(=O)[O-])O)[NH3+]
dude_jak2__L001984,COc1cc2=C[C@@H](C(=O)[NH+]=c2cc1OC)CN(Cc3cccs3)S(=O)(=O)c4ccc(cc4)Cl
dude_jak2__L001985,CC(C)CCOc1cccc(c1)[C@@H]2c3ccc(cc3OC(=C2C#N)N)N
dude_jak2__L001986,COc1cc(ccc1O)/C=C\2/C(=O)N(/C(=N\N=C/c3ccc(cc3)O)/S2)Cc4ccco4
dude_jak2__L001987,C[NH+](Cc1ccccc1)C[C@H](COc2cc(ccc2OC)C[NH2+]CC3CCCCC3)O
dude_jak2__L001988,Cc1cccc(c1C)C[C@H]2C(=O)N(c3ccc(cc3O2)N)C(C)C
dude_jak2__L001989,Cc1ccc(cc1)CNC(=O)Cn2c(=O)c3c(c(n2)C)nn(c3n4cccc4)c5ccc(cc5)C
dude_jak2__L001990,c1ccc2=[NH+][C@@H]3CN(CCC3=c2c1)C(=O)NCC(=O)N4CCN(CC4)c5ccccc5F
dude_jak2__L001991,c1ccc2c(c1)C=C[NH+]3[C@@H]2[C@@H]4[C@@H]([C@@H]3C(=O)Nc5ccc(c(c5)[N+](=O)[O-])Cl)C(=O)N(C4=O)C6CCCCC6
dude_jak2__L001992,c1cc(oc1)[C@@H]2OC[C@@H]3[C@@H](O2)[C@@H]([C@@H]([C@@H](O3)Oc4ccc(cc4)C=O)O)O
dude_jak2__L001993,c1ccc(c(c1)CN[C@H]2/C(=N/S(=O)(=O)c3cccs3)/[NH+]=c4ccccc4=[NH+]2)Cl
dude_jak2__L001994,CN4CCN(Cc3ccc(Nc2nccc(c1ccc(NS(C)(=O)=O)cc1)n2)cc3)CC4
dude_jak2__L001995,Cc1ccc2=[NH+]C(=O)[C@@H](C=c2c1)[C@H]([C@@H]3N=NNN3C(C)(C)C)[NH+]4CCN(CC4)c5cc(ccc5C)C
dude_jak2__L001996,C[C@@H]1[C@@H]([NH+]([C@@H]([C@@H]1C#N)NC(=O)C[NH+](C)Cc2[nH]c(=O)c3ccccc3n2)Cc4ccco4)C
dude_jak2__L001997,COc1ccc(cc1OC)[C@H]2[C@@H](S(=O)(=O)[C@@H]([C@@H]([NH2+]2)c3ccc(c(c3)OC)OC)C(=O)OC)C(=O)OC
dude_jak2__L001998,Cc1coc2c1cc3c(c2)OC(=O)[C@@H]([C@@H]3C)CCC(=O)N[C@@H](Cc4c[nH]c5c4cccc5)C(=O)[O-]
dude_jak2__L001999,CCN1C2=C([C@@H](NC1=O)c3ccc(cc3Cl)Cl)C(=O)N(C2)CC(=O)NCC[NH+]4CCCCC4
dude_jak2__L002000,Cc1cccc2c1[nH]c(=O)c(c2)[C@@H](c3nnnn3C[C@H]4CCCO4)N(Cc5ccccc5)Cc6cccnc6
dude_jak2__L002001,c1ccc2c(c1)ccc(c2/C=N/c3ccc(cc3)N4Cc5ccccc5C4)O
dude_jak2__L002002,c1cc(sc1)[C@H](CNC(=O)CCn2cnc3c(c2=O)c4c(s3)CCCC4)[NH+]5CCCC5
dude_jak2__L002003,CN(C)S(=O)(=O)c1ccc(c(c1)NC(=O)C[NH+]2CCC[C@H]2c3ccc4c(c3)OCCCO4)OC
dude_jak2__L002004,C[NH2+][C@@H](c1ccc(cn1)Br)c2cc3c(cc2Br)[nH]c(=O)[nH]3
dude_jak2__L002005,CS(=O)(=O)c1nc(c2c(n(nc2n1)c3ccccc3)N)c4ccccc4
dude_jak2__L002006,CC(C)[NH+]1CCC(CC1)Nc2ccc(cc2S(=O)(=O)C)S(=O)(=O)N
dude_jak2__L002007,CCn1c(c(c(c(c1=O)C#N)C)/C=C\2/C(=O)N(C(=S)S2)Cc3ccc(cc3)C)N4C[C@@H](C[C@H](C4)C)C
dude_jak2__L002008,Cc1ccc(c(c1)OC)N[C@@H]2COc3c2ccc(c3)O
dude_jak2__L002009,Cc1ccc2cc(c(=O)[nH]c2c1)[C@H](c3nnnn3C4CCCC4)[NH+]5CCc6ccccc6C5
dude_jak2__L002010,C[C@@H](C(=O)NC)N1C(=O)[C@](NC1=O)(C)c2ccc3c(c2)OCO3
dude_jak2__L002011,Cc1nc2c(c(n1)SCc3cc(=O)oc4c3c5ccccc5cc4)c(=O)n(c(=O)n2CC(C)C)C
dude_jak2__L002012,C[C@H](c1ccc(c(c1)Cl)Cl)NC(=O)CN2C(=O)[C@@](NC2=O)(C)c3cccc(c3)OC
dude_jak2__L002013,c1cc(oc1)/C=N/NC(=O)[C@H]2C=c3cc(ccc3=[NH+]2)Br
dude_jak2__L002014,Cc1cc(no1)CN(C)c2cc3c(cc2N)c(=O)[nH]cn3
dude_jak2__L002015,C[C@@H]1C(=O)Nc2cc(ccc2O1)NC(=O)c3ccc(cc3)NC(=O)C(C)C
dude_jak2__L002016,CC(C)c1nc2c(ccc(c2O)N)c(=O)n1c3ccc(cc3)Cl
dude_jak2__L002017,c1cc2c(cc1C(=O)[O-])CCN2C(=O)C[C@H]3CCC[NH2+]3
dude_jak2__L002018,CCOc1ccc(cc1)[C@@H]2[C@H]3CC=C[C@@H]3c4cc(cc(c4N2)O)[N+](=O)[O-]
dude_jak2__L002019,c1cc(c(c(c1)Cl)[C@@H](CNC(=O)Cn2ccc3c2ccc(c3)[N+](=O)[O-])[NH+]4CCCC4)F
dude_jak2__L002020,CC1(C[C@@H]1NC(=O)c2cc3cc(ccc3o2)N)C
dude_jak2__L002021,c1cc(cc(c1)NC(=O)CN2C(=O)/C(=C/c3ccc(cc3)[N+](=O)[O-])/NC2=O)C(F)(F)F
dude_jak2__L002022,C[C@H](C(=O)Nc1ccnn1C(C)C)OC(=O)c2c(c3ccccc3[nH]2)Br
dude_jak2__L002023,CC1CC[NH+](CC1)C[C@@H](CNC(=O)Nc2ccccc2SCCC#N)O
dude_jak2__L002024,Cc1c(c(on1)N)C(=O)OCc2csc(n2)N(c3cccc(c3)C(F)(F)F)C(=O)C
dude_jak2__L002025,CC[C@H](c1nnnn1C2CCCCC2)[NH+](Cc3cccs3)Cc4cc5cc6c(cc5[nH]c4=O)OCCO6
dude_jak2__L002026,c1cc(cc(c1)[N+](=O)[O-])/C=C\2/C(=O)N(C(=S)S2)CCCC(=O)Nc3ccc(cc3)O
dude_jak2__L002027,COc1ccc2=[NH+]CC(=c2c1)CCN3CC(=O)C(=C3N)[C@H]4Nc5ccccc5S4
dude_jak2__L002028,Cc1cc(c2=[NH+]C(=O)[C@H](C=c2c1)[C@@H]([C@@H]3NN=NN3C(C)(C)C)N4CC[NH+](CC4)C5CCCCC5)C
dude_jak2__L002029,CCCc1nnc(s1)N2[C@H](c3c(=O)c4cc(ccc4oc3C2=O)F)c5ccc(c(c5)OCC)OCC=C
dude_jak2__L002030,c1ccc(c(c1)C(F)(F)F)S(=O)(=O)N2CCN(CC2)CC3=NC(=O)C4=C5CCCC[C@@H]5SC4=N3
dude_jak2__L002031,Cc1c2c([nH]c1C(=O)N3CCc4c3cc(cc4)[N+](=O)[O-])CCCC2=O
dude_jak2__L002032,C[C@@H]1c2c(sc(n2)NC(=O)C[NH+](C)C)C[C@]3([C@H]1[C@H]([C@@H](CC3)[C@H](C)C(=O)N4CCSCC4)O)C
dude_jak2__L002033,Cc1c(sc(c1C(=O)NC)NC(=O)/C=C/c2ccc(cc2)[N+](=O)[O-])C
dude_jak2__L002034,CC1(CC2=C([C@H](C(=C(O2)N)C#N)[C@@H]3CCCC=C3)C(=O)C1)C
dude_jak2__L002035,Cc1cc(ccc1C(C)C)OCC(=O)NN2C(=O)C3(CCCCC3)NC2=O
dude_jak2__L002036,c1ccc2c(c1)NC(=O)[C@@H](S2)CC(=O)Nc3ccc(c(c3)[N+](=O)[O-])F
dude_jak2__L002037,Cc1cccc(c1)S(=O)(=O)/N=C\2/[C@H]([NH+]=c3ccccc3=N2)Nc4ccc(cc4)OC
dude_jak2__L002038,Cc1c(c2c(=O)[nH]cnc2o1)C(=O)N[C@H]3CCCC[C@@H]3O
dude_jak2__L002039,C[C@H]1C[C@@H](C[NH+](C1)CCNC(=O)C(=O)Nc2ccc3c(c2)OC(O3)(C)C)C
dude_jak2__L002040,CC1(Cc2c(cco2)[C@H](C1)NC(=O)c3ccc(cc3)[N+](=O)[O-])C
dude_jak2__L002041,C[C@H]1CCc2c(sc(c2C(=O)c3ccco3)NC(=O)Cc4ccc(cc4)n5cnnn5)C1
dude_jak2__L002042,COc1cc(cc(c1OCC=C)Br)C[NH2+]CCNc2ccc(cc2)[N+](=O)[O-]
dude_jak2__L002043,CC(C)(C)/[NH+]=C\1/[C@@]2(CCN(C2)C(=O)Nc3ccccc3)NCc4ccccc4N1
dude_jak2__L002044,c1cc(cc(c1)[N+](=O)[O-])[C@@H]2C(=C(C(=O)N2CCOCCO)[O-])C(=O)c3ccc(cc3)Br
dude_jak2__L002045,C[C@@H](C(=O)NC1CCCC1)NC(=O)[C@@H]2CC3=c4ccccc4=[NH+][C@H]3[C@H]5N2C(=O)c6c5cccc6
dude_jak2__L002046,c1ccc(cc1)CCN2c3ccc(cc3/C(=N/NC(=O)c4ccc(cc4)[N+](=O)[O-])/C2=O)Br
dude_jak2__L002047,CCN1C(=O)/C(=C\c2c(nc3ccccn3c2=O)N4CCN(CC4)c5cccc(c5)Cl)/SC1=S
dude_jak2__L002048,C[C@]12CC[C@H](C1(C)C)C[C@H]2NC(=O)[C@@H]3C[C@@H]3[NH3+]
dude_jak2__L002049,CCCCN(C)C(=O)C1CC[NH+](CC1)[C@H](C)C(=O)NC(=O)NC2CCCCC2
dude_jak2__L002050,CCCOc1ccc(cc1OC)[C@@H]2CN3C(=O)CN(C(=O)[C@@]3([C@H]4C2=c5ccccc5=[NH+]4)C)[C@@H](C)CC
dude_jak2__L002051,Cc1ccc(cc1)C[C@H]2C(=O)N(c3cc(ccc3O2)N)CC#N
dude_jak2__L002052,CC(C)C[C@@H](C(=O)OC)NC(=O)N1CCc2c([nH+]c[nH]2)[C@@H]1c3ccc(cc3F)F
dude_jak2__L002053,c1cc(sc1)C(=O)c2ccc3c(c2)CCCN3
dude_jak2__L002054,c1ccc2c(c1)c(=O)n(c(n2)SCC(=O)N3[C@H](CC(=N3)c4ccco4)c5ccco5)C6CCCC6
dude_jak2__L002055,COc1ccc2c(c1)s/c(=N/C(=O)[C@@H]3CCCN(C3)S(=O)(=O)c4ccc(cc4)F)/n2CC(=O)OC
dude_jak2__L002056,Cc1ccc2c(c1)[nH]c(n2)[C@@H](C(C)C)NC(=O)C3=CN(NN3)C4CCCCC4
dude_jak2__L002057,Cc1c(n(c(c1C#N)NC(=O)C[NH+]2CCC[C@H]2c3nc4ccccc4s3)C[C@@H]5CCCO5)C
dude_jak2__L002058,Cc1c(cnn1C)/C=N/NC(=O)[C@@]2(CC[C@H](C2(C)C)C3[NH+]=c4ccccc4=[NH+]3)C
dude_jak2__L002059,CCC[C@H]1[C@H](C(=O)C=C(N1Cc2ccc3c(c2)OCO3)C)C(=O)N[C@@H](C)C4[NH+]=c5ccccc5=[NH+]4
dude_jak2__L002060,Cc1cccc2c1nc(s2)NC(=O)CSc3nnnn3C
dude_jak2__L002061,Cc1c(nsn1)COc2ccc(cc2)C(=O)Nc3c(c4c(s3)CCCC4)C(=O)NC
dude_jak2__L002062,c1ccc(cc1)[C@@H]2[C@@H]3C(=c4ccccc4=[NH+]3)C[C@@H]5N2C(=O)CN(C5=O)C[C@@H](c6ccccc6)O
dude_jak2__L002063,C[C@@H](Cc1ccc(cc1)F)NC(=O)[C@@H]2CN(CC23CC[NH2+]CC3)C(=O)c4ccc(cc4Cl)Cl
dude_jak2__L002064,CC(C)c1ccc(cc1)NC(=O)C2=NNN3[C@@H]2C(=O)Nc4c3cccc4
dude_jak2__L002065,C[C@H]1CCCC[C@]12C(=O)N(C(=O)N2)CC(=O)OCC(=O)Nc3c(cccc3Cl)Cl
dude_jak2__L002066,COc1cc(ccc1OCc2ccccc2Cl)/C=C/3\C(=[NH2+])N4C(=NC3=O)SC(=N4)S(=O)(=O)C
dude_jak2__L002067,c1ccc2c(c1)CCN(C2)C(=O)CS[C@H]3NN=C(N3C[C@@H]4CCCO4)C5=c6ccccc6=[NH+]C5
dude_jak2__L002068,Cn1cnc2c(c1=O)n(nc2C(=O)NC[C@H]3CCCO3)c4ccc(cc4)Cl
dude_jak2__L002069,C[C@@H]1CCCC[C@@H]1NC(=O)[C@@H]2CCCN(C2)C(=O)NC3CC3
dude_jak2__L002070,CCN1C[C@@H](Oc2c1cccc2)C[NH+](C)Cc3cc(oc-4c/c(=[NH+]\C(=O)OCC)/ccc34)O
dude_jak2__L002071,CCn1c(c(c(c(c1=O)C#N)C)/C=C/2\C(=O)N(C(=S)S2)Cc3ccco3)N4C[C@@H](C[C@@H](C4)C)C
dude_jak2__L002072,Cc1ccc(cc1)c2nnn(n2)[C@@H](C)C(=O)NC(=O)NCc3cccs3
dude_jak2__L002073,COC(=O)CCCNC(=O)N1CCc2c([nH+]c[nH]2)[C@@H]1c3ccc(cc3)Cl
dude_jak2__L002074,CCCn1c2c(c(=O)n(c1=O)C)C(=O)/C(=C/c3cc4c(cc3Br)OCO4)/N2
dude_jak2__L002075,C[C@@H](c1[nH]c(=O)c2ccccc2n1)Sc3nc4c(c5c(s4)CCCC5)c(=O)n3CCC[NH+](C)C
dude_jak2__L002076,c1ccc2=[NH+]CC(=c2c1)C[C@@H]3N[C@@H](ON3)C(=O)NCc4ccc(cc4)Cl
dude_jak2__L002077,Cc1cc(c(n1c2ccc3ccccc3c2)C)/C=C/4\C(=O)N(C(=S)N(C4=O)c5ccc(cc5)C(=O)OC)C
dude_jak2__L002078,Cc1ccc(cc1)c2nc(on2)C[NH+](C)C3CCNCC3
dude_jak2__L002079,C[NH+]1[C@@H]2CC[NH+]([C@@H]2C(=O)NC[C@@H]1CCC(=O)N3CCc4c3cccc4)Cc5ccc(cc5)S(=O)(=O)C
dude_jak2__L002080,c1ccc2c(c1)C[C@@H](O2)[C@@H](C3=CCCCC3)O
dude_jak2__L002081,COC(=O)c1cccc(c1)S(=O)(=O)N(Cc2ccccc2)Cc3cc4cc5c(cc4[nH]c3=O)OCO5
dude_jak2__L002082,Cc1ccc(c(c1)O)[C@@H]2c3c4c(c(n3CCO2)c5ccc(cc5)OC)c(=O)n(c(=O)n4C)C
dude_jak2__L002083,C[C@@H](C(=O)NC(=O)N)Sc1nc2cc(ccc2c(=O)n1CC=C)Cl
dude_jak2__L002084,CSc1nc(c2n1cccc2)C(=O)OCC(=O)N3[C@@H](CC(=N3)c4cccs4)c5cccs5
dude_jak2__L002085,C[C@H]([C@@H]1CCCO1)NC(=O)C(=O)Nc2ccc3c(c2)C(=O)N(C3=O)C
dude_jak2__L002086,C[C@@H](c1nnc(n1c2ccc(cc2)Cl)SCC(=O)N3CCN(CC3)c4ccccc4)[NH+](C)C
dude_jak2__L002087,Cc1c(sc(n1)NC(=O)CCc2cc(cc(c2)OC)OC)c3nnc(n3CC=C)[S-]
dude_jak2__L002088,C[C@]1(C(=O)N(C(=O)N1)CC(=O)Nc2ccc(cc2)Br)c3cccc4c3cccc4
dude_jak2__L002089,CC(C)c1c2c(c3c4c(c(ncn4)NCC[NH+](C)C)oc3n1)CC(OC2)(C)C
dude_jak2__L002090,C[C@@H](C(=O)NNC(=O)c1cc2ccccc2cc1O)NC(=O)c3cccs3
dude_jak2__L002091,CC[NH+]1CCc2c(sc3c2C(=N[C@@H](N3)c4cccc(c4)OCc5ccccc5)O)C1
dude_jak2__L002092,C[C@]1(C(=O)N(C(=O)N1)CC(=O)Nc2ccnn2CC3CCCCC3)c4ccco4
dude_jak2__L002093,c1cc(ccc1NC(=O)COC(=O)c2ccc(cc2[N+](=O)[O-])Cl)O
dude_jak2__L002094,Cn1c(nn(c1=S)C[NH2+]C2(CCCC2)c3ccc(cc3)Cl)CCC(=O)N
dude_jak2__L002095,COC(=O)CC2Nc1ccccc1c3ccnc4[nH]cc2c34
dude_jak2__L002096,CCOC(=O)c1cc(ccc1Cl)NC(=O)CN2C(=O)/C(=C\c3ccc(cc3)C(=O)[O-])/SC2=O
dude_jak2__L002097,C[C@H](C(=O)NC1(CCCCC1)C#N)[NH+]2CCC[C@@H](C2)C(=O)OC
dude_jak2__L002098,c1ccc2c(c1)OC[C@@H](O2)C[NH2+]Cc3ccc(cc3)[N+](=O)[O-]
dude_jak2__L002099,Cc1c(sc2c1c(=O)nc([nH]2)CCC(=O)Nc3c(ccc[nH+]3)[O-])C
dude_jak2__L002100,c1cc(c(c(c1)Cl)[C@H](CNC(=O)Cn2ccc3c2ccc(c3)[N+](=O)[O-])[NH+]4CCCC4)F
dude_jak2__L002101,COc1ccccc1CN2CC(=O)N3[C@H](C2=O)CC4=c5ccccc5=[NH+][C@@H]4[C@H]3c6ccc(cc6)C(=O)OC
dude_jak2__L002102,c1cc(cc(c1)OC(F)F)CNC(=O)[C@@H]2CN(CC23CC[NH2+]CC3)C(=O)COc4cccc(c4)Cl
dude_jak2__L002103,CCOc1ccc2c(c1)sc(n2)NC(=O)CN(C)C(=O)c3c[nH]c4c3cccc4
dude_jak2__L002104,c1cc(oc1)Cn2c3c(c(=O)[nH]c2=O)C([NH+]=C(N3)c4cccs4)(C(F)(F)F)C(F)(F)F
dude_jak2__L002105,c1cc(sc1)[C@H]2[C@H]3C(=NN=C3OC(=C2C#N)N)C(F)(F)F
dude_jak2__L002106,Cc1c2c(c(n(n2)c3ccc(cc3)Cl)n4cccc4)c(=O)n(n1)CC(=O)NC
dude_jak2__L002107,C[C@@H]1CC(=O)Oc2c1ccc(c2)OC/C(=N/c3[nH]nc(n3)c4ccccc4Br)/[O-]
dude_jak2__L002108,C[C@H](c1nc2cc(ccc2c(=O)n1C)Cl)N(CCCCCC[NH3+])C(=O)COc3ccccc3
dude_jak2__L002109,Cn1c(=O)c2ccsc2nc1SCC(=O)N3CCNC3=O
dude_jak2__L002110,c1ccc2c(c1)[nH]/c(=N\C(=O)c3cccc(c3)Cn4cc(cn4)Br)/n2CC[NH+]5CCCCC5
dude_jak2__L002111,Cn1cnnc1[C@@H]2CCCN(C2)C(=O)N[C@@H]3CCCCNC3=O
dude_jak2__L002112,CC1(c2ccccc2N3[C@@]1(NC(=O)C3)/C=C/c4c(cccc4Cl)Cl)C
dude_jak2__L002113,Cc1c(cccc1Cl)n2c(nnc2SCC(=O)Nc3cccc4c3nsn4)c5ccncc5
dude_jak2__L002114,CC(C)[C@H]1[C@H]2C(=c3ccccc3=[NH+]2)CCN1C(=O)Cn4cc(cn4)NC(=O)c5ccc6c(c5)OCO6
dude_jak2__L002115,Cc1c2c(=O)[nH]c(nc2sc1C(=O)OC)CN3CCC[NH+](CC3)CC4CCCCC4
dude_jak2__L002116,Cc1cc(n(n1)C)NS(=O)(=O)c2ccc3c4c2cccc4C(=O)N3
dude_jak2__L002117,CN(C)S(=O)(=O)c1ccc(c(c1)C(=O)[O-])NCc2cc3c(c(c2)Cl)OCCCO3
dude_jak2__L002118,CCCc1ccc(cc1)[C@H](C(C)C)NS(=O)(=O)c2ccc3=[NH+]C(=O)C(=O)[NH+]=c3c2
dude_jak2__L002119,C[C@@H]1CCc2c(csc2C1)C(=O)/N=c/3\[nH]c4ccccc4n3CC[NH+]5CCCCC5
dude_jak2__L002120,Cc1c(c2ccccc2n1CC(=O)N)C[NH2+][C@H](C)c3cn4ccsc4n3
dude_jak2__L002121,COc1cc(cc(c1O)Br)/C=N/NC(=O)COc2ccc(cc2)[N+](=O)[O-]
dude_jak2__L002122,CCOC(=O)c1c(c2c(=O)[nH]c(nc2s1)[C@@H](C)Sc3[nH]nc(n3)C(C)C)C
dude_jak2__L002123,Cc1c2c(c(=O)[nH]n1)[C@@H](O[C@@H]2C)NC(=O)C[NH+]3CCC[C@@H](C3)C(F)(F)F
dude_jak2__L002124,Cc1c(c(n(n1)C)C)C2=C3[C@H](C(=O)N(C3=O)c4ccc(c(c4)Cl)F)ON2
dude_jak2__L002125,Cc1cc(ccc1[C@H](c2ccc3c(c2)[nH]c(=O)[nH]3)Br)Br
dude_jak2__L002126,CCC1CCC2(CC1)C(=O)N(C(=O)N2)CC(=O)O[C@H](C)C(=O)Nc3c(cc(cc3C)C)C
dude_jak2__L002127,CN(C)c1ccc(cc1)CNC(=O)Cn2c3ccc(cc3oc2=O)S(=O)(=O)NC4CCCC4
dude_jak2__L002128,CC(C)(C#Cc1ccc(cc1)[C@H]2CC(=O)Nc3c2cc(c(c3)O)OC)O
dude_jak2__L002129,CC[C@H](C)c1ccc(cc1)O[C@H]2[C@H]([C@@H]([C@@H]3[C@H](O2)CO[C@H](O3)c4ccccc4)O)NC(=O)C
dude_jak2__L002130,Cc1cc2c(c(c1)Cl)NC(=O)[C@@]23[C@H]4[C@@H]([C@@H]5[NH+]3CCC5)C(=O)N(C4=O)c6cc(ccc6OC)[N+](=O)[O-]
dude_jak2__L002131,Cc1ccc(cc1)SCCNC(=O)Cn2c3ccccc3[nH+]c2NCCO
dude_jak2__L002132,Cc1ccc(c(c1)C2=C3[C@H](N(C(=O)[C@@H]3N=N2)Cc4ccco4)c5cccc(c5)OC)O
dude_jak2__L002133,CN1C(=O)C(=O)N(C1=O)CC(=O)Nc2cc(cc(c2)Cl)Cl
dude_jak2__L002134,Cn1c(c(c(=O)n(c1=O)C)C(=O)CSc2nc3ccccc3c(=O)n2Cc4ccc(cc4)F)N
dude_jak2__L002135,CC[NH+]1CCN(CC1)c2ccc(cc2[C@H](C)NC(=O)Cc3cc4c(c(c3)Cl)OCCO4)F
dude_jak2__L002136,c1ccc(c(c1)NC(=O)NCCNc2ccc(c[nH+]2)C(F)(F)F)Cl
dude_jak2__L002137,COc1ccc(c(c1)F)[C@H]2[C@@H]3C(=c4ccccc4=[NH+]3)CCN2C(=O)CCCn5cncn5
dude_jak2__L002138,Cc1c2ccccc2oc1C(=O)Nc3cc(ccc3F)n4cnnn4
dude_jak2__L002139,Cn1c(=O)c2c3c(sc2nc1SCC(=O)/[NH+]=C/4\C=CC5=NC(=NC5=C4)[O-])CCC3
dude_jak2__L002140,CCn1c(c(c(n1)C)Br)C(=O)N2C[C@@H](C3(C2)CC[NH2+]CC3)C(=O)N[C@@H]4CCCC[C@@H]4C
dude_jak2__L002141,[H]/N=C\1/CSC(=S)N1Nc2nc(nc(n2)N[C@H](C(Cl)(Cl)Cl)O)C
dude_jak2__L002142,C[C@H]1C[C@]2(CC(C1)(C)C)C(=O)N(C(=O)N2)CC(=O)O[C@@H](C)C(=O)Nc3ccccc3F
dude_jak2__L002143,CSc1c2c(ncn1)n(cn2)[C@H]3C[C@@H](OC[C@@H]3O)O
dude_jak2__L002144,Cc1cccc2c1NC(=O)[C@]23[C@H]4[C@@H]([C@H]5[NH+]3CCC5)C(=O)N(C4=O)c6ccc(cc6Cl)Cl
dude_jak2__L002145,CC[C@@H]1CCC[C@@]2(C1)CNC(=O)O2
dude_jak2__L002146,Cc1cc(c(cc1Cl)c2c3c([nH]n2)C(=O)N([C@@H]3c4ccc(c(c4)OC)OC)CCOC)O
dude_jak2__L002147,CC(=O)N[C@@]1(C2=C(CC(CC2=O)(C)C)N(C1=O)CCC3=c4ccc(cc4=[NH+]C3)OC)C(F)(F)F
dude_jak2__L002148,C[C@@H]1Cc2ccccc2N1Cc3nc(c4ccsc4n3)N
dude_jak2__L002149,Cc1ccc(cc1)Cn2c(c(c(n2)C)C(=O)O[C@H](C)C(=O)NC(=O)Nc3ccccc3)Cl
dude_jak2__L002150,C[C@H](C(=O)NC(=O)NC1CCCCC1)[NH+]2CCC(CC2)c3nnc4n3cccc4
dude_jak2__L002151,c1ccc(c(c1)N)OCc2nc(no2)c3cccs3
dude_jak2__L002152,Cn1cc(c2c1cccc2)/C=N/[NH+]=C(\N)/[S-]
dude_jak2__L002153,Cc1ccc2=[NH+][C@@H](C=c2c1)[C@@H]3NC(=NO3)CCN(C)C(=O)C(C)C
dude_jak2__L002154,CCSC1=NSC2=NC(=O)/C(=C\c3cc(n(c3C)c4ccc(cc4)OC)C)/C(=[NH2+])N21
dude_jak2__L002155,CCOc1cc(ccc1OCc2cccc(c2)C)/C=C\3/C(=[NH2+])N4C(=NC3=O)SN=C4S(=O)(=O)C
dude_jak2__L002156,C[NH2+][C@H](CC1CCCC1)c2cc3c(cc2Br)[nH]c(=O)[nH]3
dude_jak2__L002157,CN(c1ccc(cc1/C(=N/O)/N)[N+](=O)[O-])C2CC2
dude_jak2__L002158,c1cc2c(cc1N)oc(n2)SCc3ccc(cc3F)Br
dude_jak2__L002159,c1cc(c(c(c1)Cl)NC(=O)Cn2cnc3ccc(cc3c2=O)[N+](=O)[O-])Cl
dude_jak2__L002160,CC(C)c1[nH]nc(n1)c2ccccc2NC(=O)C3=NN(C(=O)CC3)C
dude_jak2__L002161,CC[C@@]1(CCN(C1)C(=O)[C@H]2C[C@@H]3CCCC[C@@H]3[NH2+]2)C(=O)[O-]
dude_jak2__L002162,Cc1cc([nH]c(=O)c1CNC(=O)NCc2cc(on2)C)C
dude_jak2__L002163,C[C@H](C(=O)NC1=c2cc(ccc2=[NH+][C@@H]1C(=O)OC)Cl)[NH+]3CCC4(CC3)OCCO4
dude_jak2__L002164,COc1cc(cc(c1OCc2ccc(cc2)[N+](=O)[O-])Cl)/C=C\3/C(=O)NC(=O)N3
dude_jak2__L002165,COc1ccc(cc1OC)C2=Nc3[nH+]c(nn3[C@@H](C2)c4ccc(cc4)Cl)CCCO
dude_jak2__L002166,Cc1ccc2=[NH+][C@@H](C(=c2c1)NC(=O)CN3C[C@H](O[C@H](C3)C)C)C(=O)OC
dude_jak2__L002167,CC(=O)N1CCc2ccc(cc2[C@H]1c3ccccc3)OCc4nc(cs4)C(=O)N(C)Cc5ccccc5
dude_jak2__L002168,CC[NH+]1C[C@H]2CCC[C@@]3(C1)C2=NC4(CCCCC4)NC3=O
dude_jak2__L002169,Cn1cccc1C(=O)NNC(=O)CCn2c3ccccc3oc2=O
dude_jak2__L002170,CC1=C([C@H](C(=C(O1)N)C(=O)OC)c2ccc(c(c2)[N+](=O)[O-])Cl)C(=O)C
dude_jak2__L002171,c1ccc(cc1)OCc2c3ccccc3oc2C(=O)OCC(=O)NC(=O)N
dude_jak2__L002172,Cc1ccccc1N2C(=O)[C@@H](SC2=O)CC(=O)Nc3cc(ccc3O)[N+](=O)[O-]
dude_jak2__L002173,C=CCN1C=[NH+][C@@H](C1=[NH2+])c2cc3c(c(c2)Br)OCCO3
dude_jak2__L002174,Cc1ccc(o1)/C=C\2/C(=O)c3ccc(c(c3O2)C[NH+]4CCN(CC4)CCO)O
dude_jak2__L002175,C[C@@H]1CCCC[C@@]1(C(=O)N)[NH2+]C2CCCC2
dude_jak2__L002176,c1ccc2c(c1)CCC[C@@]2(CNC(=O)Nc3ccc(cc3)n4nccn4)O
dude_jak2__L002177,c1ccc(c(c1)N[C@H]2CC(=O)N(C2=O)c3ccccc3F)O
dude_jak2__L002178,Cc1cc(no1)N2C[C@]34C=C[C@H](O3)[C@H]([C@H]4C2=O)C(=O)NC5CC5
dude_jak2__L002179,C[C@@H]1CCCC[C@@H]1[NH2+][C@@H](C)c2cccc(c2)n3cnnn3
dude_jak2__L002180,CCCN(CC(F)(F)F)C(=O)C4CCCN(c3cc(c1c(N)nn2cccnc12)ncn3)C4
dude_jak2__L002181,CC1=C([C@@H](n2c(nnn2)N1)c3ccc(cc3)N(C)C)C(=O)OC4CCCCC4
dude_jak2__L002182,CCCN1C(=O)[C@@]2(Cc3cc(ccc3N4[C@@H]2C[NH+](CC4)Cc5ccc6c(c5)OCO6)[N+](=O)[O-])C(=NC1=O)O
dude_jak2__L002183,CC[C@H]1CCCCN1c2c(c(=O)n3ccccc3n2)/C=C/4\C(=O)N(C(=S)S4)Cc5ccccc5Cl
dude_jak2__L002184,c1ccc(c(c1)C(F)(F)F)Nc2ccc3c(c2N)ncs3
dude_jak2__L002185,COC(=O)[C@@H]1CC(=O)N(C12CC[NH+](CC2)CC3=c4ccccc4=[NH+]C3)CC=C
dude_jak2__L002186,c1nnc(s1)NC(=O)C(=O)NC2[C@@H]3CCC[C@H]2C[NH+](C3)C4CC4
dude_jak2__L002187,C[C@]1(C(=O)N(C(=O)N1)NC(=O)C[NH+](C)[C@@H]2CCCc3c2cccc3)CCc4ccccc4
dude_jak2__L002188,CCCc1nc([nH]n1)SCC2=NC(=O)C3=C([C@@H](SC3=N2)C(=O)Nc4ccc(cc4C)C)C
dude_jak2__L002189,C[C@@H]1C[NH2+]CCN1c2ccc(cc2Br)[N+](=O)[O-]
dude_jak2__L002190,Cc1c(c(=O)n(n1C)c2ccccc2)NC(=O)[C@H](C)OC(=O)c3cc(ccc3O)Br
dude_jak2__L002191,COc1ccc2=C(C[NH+]=c2c1)CCNC(=O)CS[C@@H]3N[NH2+]NN3c4ccc(cc4)Br
dude_jak2__L002192,c1cc2c(c(c1)[N+](=O)[O-])C(=O)N(C2=O)CC(=O)Nc3cccc(c3Cl)Cl
dude_jak2__L002193,c1cc(c(cc1N)Br)S(=O)(=O)N[C@@H]2CCCc3c2ccs3
dude_jak2__L002194,COc1ccc(c(c1)OC)[C@@H]2c3c(c4ccccc4[nH]3)C[C@@H]5N2C(=O)CN(C5=O)CCC6=CCCCC6
dude_jak2__L002195,C[C@H]1CCc2c(sc3c2c(ncn3)OCC(=O)NC(=O)NC)C1
dude_jak2__L002196,CCOc1cc(ccc1OCC(=O)[O-])/C=C/2\C(=O)N(C(=S)S2)NC(=O)Cc3ccccc3
dude_jak2__L002197,c1ccc2=[NH+][C@@H](C=c2c1)C(=O)N3CCN(CC3)C(=O)CCCC(=O)N4CC[C@H]5C(=c6ccccc6=[NH+]5)C4
dude_jak2__L002198,Cc1c(c(=O)[nH]c2c1c(c(s2)C(=O)c3ccccc3)N)C#N
dude_jak2__L002199,CC(C)(C)OC(=O)N[C@H](Cc1cc(c(cc1O)Br)[N+](=O)[O-])C(=O)[O-]
dude_jak2__L002200,CC(C)C[C@H](C(=O)Nc1ccc(cc1)[N+](=O)[O-])N2C(=O)[C@@H]3[C@H](C2=O)C4c5ccccc5C3c6c4cccc6
dude_jak2__L002201,c1cc(ccc1c2nnc(n2CC(=O)[O-])SCC(=O)NC3(CCCC3)C#N)Cl
dude_jak2__L002202,CC[C@@H](C(=O)Nc1ccc(cc1)C(=O)OCC)S[C@@H]2[NH+]=c3cccnc3=[NH+]2
dude_jak2__L002203,C[C@@H](CCc1ccccc1)NC(=O)C2=NNN3[C@@H]2C(=O)Nc4c3cccc4
dude_jak2__L002204,CCOc1ccc(cc1)N([C@H](c2cn(nc2C)C)C(=O)NC3CCCCC3)C(=O)[C@@H]4COc5ccccc5O4
dude_jak2__L002205,CCOC(=O)C1=C([C@H]([C@@H](S1)NC(=O)CSC2=N[C@@H]3C(=c4ccccc4=[NH+]3)N=N2)C#N)C
dude_jak2__L002206,c1cc(ccc1C(=O)N[C@@H](C2CCCCC2)/C(=N/O)/N)O
dude_jak2__L002207,CCN(CC)c1ccc(c[nH+]1)NC(=O)N(C)[C@@H]2CCS(=O)(=O)C2
dude_jak2__L002208,CCCc1cc(=O)[nH]c(n1)n2c(cc(n2)c3cccs3)NC(=O)c4cc(on4)C5CC5
dude_jak2__L002209,Cc1c(cccc1Cl)NC(=O)COC(=O)CN2C(=O)C3(CCC(CC3)C(C)(C)C)NC2=O
dude_jak2__L002210,Cc1cccc(c1)c2nnc(n2CCC(=O)[O-])SCC(=O)NC[C@H]3COc4ccccc4O3
dude_jak2__L002211,C[C@@H](C(=O)NC(=O)NC)Sc1c2ccccc2nc(n1)c3ccco3
dude_jak2__L002212,C[C@H]1CC(=O)Nc2ccccc2N1C(=O)C[NH+](C)[C@@H](C)C(=O)Nc3ccccc3
dude_jak2__L002213,CC(C)CCNC(=O)[C@@H]1C=C2C(=c3ccccc3=[NH+]C2=O)N1C
dude_jak2__L002214,CC1(CC(CC([NH2+]1)(C)C)Nc2ncc(c(n2)NC3CC3)[N+](=O)[O-])C
dude_jak2__L002215,CC(=C1C(=O)NC(=S)NC1=O)Nc2cccc(c2)[N+](=O)[O-]
dude_jak2__L002216,c1cc(c(c(c1)Cl)NC(=O)COC(=O)CN2C(=O)C3(CCCC3)NC2=O)C(F)(F)F
dude_jak2__L002217,CCc1ccc2=[NH+]C(=O)[C@@H](C=c2c1)CN(Cc3ccccc3)S(=O)(=O)c4ccccc4Br
dude_jak2__L002218,CC(C)NC(=O)CSc1ncc(c(n1)N)S(=O)(=O)c2ccc(s2)Br
dude_jak2__L002219,c1cc(c(cc1[N+](=O)[O-])Cl)NC[C@H]2CCS(=O)(=O)C2
dude_jak2__L002220,CCCCc1ccc(cc1)n2c(nnn2)S[C@H](C)C(=O)NC(=O)NC
dude_jak2__L002221,C[C@H]1CCCC[C@@]12C(=O)N(C(=O)N2)CC(=O)N[C@]3(CCS(=O)(=O)C3)C
dude_jak2__L002222,CCCC(=O)OC[C@@H](C[NH+](CCC(C)C)Cc1[nH]c(=O)c2c3c(sc2n1)CCC3)O
dude_jak2__L002223,CCc1ccccc1NC(=O)[C@@H](C)[NH+]2CCC(CC2)NC(=O)CC3CCCCC3
dude_jak2__L002224,COCCn1c(nnc1SCC(=O)N2[C@H](CC(=N2)c3cccs3)c4ccc(cc4)F)c5ccncc5
dude_jak2__L002225,C[C@H](c1ccc(cc1[N+](=O)[O-])S(=O)(=O)N(C)C)[C@@H](C)[NH2+]C
dude_jak2__L002226,COc1cc(cc(c1OCC#N)Br)/C=C(/C#N)\C2[NH+]=c3ccccc3=[NH+]2
dude_jak2__L002227,c1cc(c(cc1Br)N)NC(=O)c2cc(cnc2)Br
dude_jak2__L002228,C[C@H](CNC(=O)C(=O)Nc1c(c2c(s1)COC(C2)(C)C)C#N)O
dude_jak2__L002229,CC1(Cc2cc(ccc2O1)[C@H]3CC(=O)NCc4c3sc(n4)N)C
dude_jak2__L002230,CC(C)C[C@@H](C[NH+](C)C)NC(=O)N1CCC(CC1)[C@H](c2ccc(cc2)Cl)O
dude_jak2__L002231,c1ccc(cc1)[C@@H]2[C@H]3C(=c4ccccc4=[NH+]3)C[C@@H]5N2C(=O)N(C5=O)c6ccccc6C(=O)NC7CCCC7
dude_jak2__L002232,C[C@H](C(=O)OCC(=O)Nc1c(c2c(s1)CCCCC2)C#N)N3C(=O)c4ccccc4C3=O
dude_jak2__L002233,c1cc(ccc1C(=O)Nc2ccc(cc2C#N)N)I
dude_jak2__L002234,CCc1ccc2c(c1)cc(c(=O)[nH]2)[C@@H](c3nnnn3C4CCCC4)[NH+]5CCN(CC5)c6cccc(c6)Cl
dude_jak2__L002235,Cc1c(nn(n1)c2ccccc2)C(=O)/N=c\3/[nH]c(cs3)C[NH+]4C[C@H](C[C@@H](C4)C)C
dude_jak2__L002236,COC1=CC(=O)N2CC[NH+](CC[C@@H]2[C@@H]1C(=O)N3CCC[C@@H](C3)O)C[C@@H]4C=NN=C4c5ccc(cc5)F
dude_jak2__L002237,CC[C@@H](C)OC(=O)C1=C(NC(=O)N[C@@H]1c2cc(c(c(c2)OC)O)OC)C
dude_jak2__L002238,c1cc2c(c(c1)S(=O)(=O)N3CC[NH+](CC3)C45CC6CC(C4)CC(C6)C5)non2
dude_jak2__L002239,COc5cc(Nc4nc3cccc(c2ccc1ncccc1c2)c3o4)cc(OC)c5OC
dude_jak2__L002240,COc1ccc(cc1)C(=O)[C@@H]2[C@H]3[C@@H]([C@H]4[NH+]2C=Cc5c4cccc5)C(=O)N(C3=O)c6cccc(c6)[N+](=O)[O-]
dude_jak2__L002241,CS(=O)(=O)Nc4ccc(c3ccnc(Nc2cccc(CN1CCCC1)c2)n3)cc4
dude_jak2__L002242,C[C@@H]1CCC[NH+](C1)Cc2nc3c(n2Cc4cccc5c4cccc5)c(=O)n(c(=O)n3C)C
dude_jak2__L002243,CC1CC[NH+](CC1)[C@@H](CNC(=O)Cn2c3ccccc3c(=O)[nH]c2=O)c4cccs4
dude_jak2__L002244,c1cc2c(cc1[N-]S(=O)(=O)c3ccc(c(c3)F)F)c(cc([nH+]2)N4CCN(CC4)CCC#N)C(=O)[O-]
dude_jak2__L002245,CCCn1c(=O)c2ccccc2n3c1nnc3S[C@H](C)C(=O)Nc4ccccc4C(=O)C
dude_jak2__L002246,C[C@H]([C@H]1NN=C(N1c2ccc(cc2)Cl)SCC3=NC(=O)[C@@H]4C(=N3)C=CS4)[NH+]5CCCCC5
dude_jak2__L002247,CCCCn1c(c(c(c(c1=O)C#N)C)/C=C/2\C(=O)N(C(=S)S2)CCCOC)N3C[C@H](O[C@@H](C3)C)C
dude_jak2__L002248,CCOc1ccccc1NC(=O)CSc2nc3cc(ccc3c(=O)n2CC=C)C(=O)[O-]
dude_jak2__L002249,COC(=O)c1cn(nn1)C[NH+]2CCC(CC2)c3nc4cc(ccc4s3)Cl
dude_jak2__L002250,COCc1cc(c2c(ccc(c2n1)Br)Br)NN
dude_jak2__L002251,c1ccc(c(c1)C(=O)N/N=C(\[C@@H]2C(=O)[NH+]=c3ccccc3=[NH+]2)/[C@@H]([C@@H](CO)O)O)Cl
dude_jak2__L002252,c1cc(c(cc1[N+](=O)[O-])S(=O)(=O)N2CCCC[C@H]2CO)N
dude_jak2__L002253,Cc1c(cccc1Cl)NCC(=O)NC(=O)N[C@H]2CCS(=O)(=O)C2
dude_jak2__L002254,C[C@@H]1C(=O)N=C([NH+]=N1)N/N=C/C2=C(NN([C@@H]2Cl)Cc3c(cccc3Cl)Cl)C
dude_jak2__L002255,Cc1cc(cc(c1)OCCN(C)c2ccc(cc2S(=O)(=O)N)[N+](=O)[O-])C
dude_jak2__L002256,c1csc2c1-c3c(cc(c(n3)NN)C#N)CC2
dude_jak2__L002257,C[C@@H]1CCN([C@H](C1)C)C(=O)N[C@@H](Cc2c[nH+]c[nH]2)C(=O)[O-]
dude_jak2__L002258,Cc1cc(cc(c1NC(=O)CC2CCCC2)N)Br
dude_jak2__L002259,c1ccc2c(c1)ccc3c2N(C[C@@H](C3)O)CC(=O)NCCC4=c5ccccc5=[NH+]C4
dude_jak2__L002260,CC(C)n1c(nnc1SC)[C@@H]2CCC[NH+](C2)CC(=O)Nc3cc(ccc3OC)Cl
dude_jak2__L002261,C1CC[C@H]2[C@@H](C1)C[C@@H]([NH2+]2)C(=O)N3CCC[C@@H](C3)C(=O)[O-]
dude_jak2__L002262,Cc1c(cco1)C(=O)N(C)[C@H](Cc2ccccc2)C3CCN(CC3)C(=O)[C@@H]4COc5ccccc5O4
dude_jak2__L002263,CC(C)[C@H](C(=O)N1CC[NH+](CC1)CC(=O)N2CCCCC2)NC(=O)C34CC5CC(C3)CC(C5)C4
dude_jak2__L002264,c1ccc2c(c1)CN(C2=[NH2+])c3ccc(cc3)c4nnc5n4CCCCC5
dude_jak2__L002265,Cc1cccn2c1nc(c(c2=O)/C=C/3\C(=O)N(C(=S)S3)[C@H](C)c4ccccc4)Oc5ccc(cc5)F
dude_jak2__L002266,Cc1c(cco1)c2nnc(n2c3ccccc3)SCC(=O)NC(=O)NCc4ccccc4
dude_jak2__L002267,Cc1ccc(c(c1)Cl)NS(=O)(=O)c2ccc(cc2Cl)Br
dude_jak2__L002268,Cc1cccc(c1)OCc2nnc(n2CC=C)SCC(=O)Nc3ccc(cc3C(=O)[O-])Cl
dude_jak2__L002269,Cc1c(c(n(n1)c2ccc(cc2F)F)C)C(=O)Nc3ccc(nc3)n4cncn4
dude_jak2__L002270,Cc1cc(c2=[NH+]C(=O)[C@H](C=c2c1)[C@H]([C@@H]3NN=NN3C(C)(C)C)N4CCc5ccccc5C4)C
dude_jak2__L002271,CC(=O)N[C@@H]1[C@@H]([C@@H]([C@@H](O[C@@H]1Oc2ccc(cc2)N=C=S)CO)O)O
dude_jak2__L002272,CCN(CC)c1ncc(c(n1)C(=O)NCc2n[nH]c(=S)n2C)Cl
dude_jak2__L002273,c1ccc(cc1)CSC2=C(C3(CCCC3)C(=C(N2)N)C#N)C#N
dude_jak2__L002274,C[C@@H](C(=O)NC1=c2ccccc2=[NH+][C@@H]1C(=O)OC)[NH+]3CCC(CC3)Cc4ccccc4
dude_jak2__L002275,C[C@@H]1C[NH+](CCN1c2cccc(c2)OC)CC(=O)NC3=c4cc(ccc4=[NH+][C@@H]3C(=O)OC)Br
dude_jak2__L002276,CCc1ccc2c(c1)c(=O)c3c(o2)C(=O)N([C@@H]3c4ccc(cc4)Br)CC[NH+](CC)CC
dude_jak2__L002277,Cc1cccc(c1C)N2CC[NH+](CC2)[C@@H](c3cc4cccc(c4[nH]c3=O)C)c5nnnn5CCOC
dude_jak2__L002278,Cc1c(cccc1[N+](=O)[O-])NC(=O)c2ccc(cc2)S(=O)(=O)NC[C@@H]3CCCO3
dude_jak2__L002279,c1cc(nc(c1)NC(=O)c2c[nH]c(=O)cn2)C#CCCO
dude_jak2__L002280,Cc1ccc(cc1C)O[C@H](C)C(=O)Nc2nn3c(nnc3s2)c4cccs4
dude_jak2__L002281,Cc1cc(c2cc(c(=O)[nH]c2c1)C[NH+](Cc3ccc4c(c3)OCO4)Cc5nnnn5C[C@@H]6CCCO6)C
dude_jak2__L002282,CCCOC(=O)c1ccc(cc1)N[C@@H]2/C(=N/S(=O)(=O)c3cccc(c3)Cl)/[NH+]=c4ccccc4=[NH+]2
dude_jak2__L002283,C[C@H](C(=O)NC(=O)NC(C)(C)C)[NH+](C)CC(=O)Nc1ccccc1Cl
dude_jak2__L002284,COC(=O)c1cc(cc(c1NC(=O)CCC[NH3+])Br)Br
dude_jak2__L002285,CC(C)(C)OC(=O)N1CC=C2[C@@H](C1)[C@@H](C(C(=C2C#N)N)(C#N)C#N)c3ccc(cc3)Cl
dude_jak2__L002286,Cc1ccc(c(c1)C)CCNC(=O)[C@H]2CN(CC23CC[NH2+]CC3)C(=O)[C@@H]4CCCN4C(=O)C(F)(F)F
dude_jak2__L002287,CC[C@H](C)[C@@H](C(=O)NCCC(C)C)NC(=O)[C@@H]1CC2=c3ccccc3=[NH+][C@H]2[C@@H]4N1C(=O)c5c4cccc5
dude_jak2__L002288,c1c(c[nH]c1C(=O)N2CCN(CC2)S(=O)(=O)N)Cl
dude_jak2__L002289,C[NH+](C)Cc1ccc(cc1)C[NH2+]Cc2cn(nc2c3ccc(cc3)OC)c4ccccc4
dude_jak2__L002290,CN1C(=O)N(C(=O)[C@]12CN(C[C@H]2c3ccc(cc3)C#N)c4cccc[nH+]4)c5cc(cc(c5)Cl)Cl
dude_jak2__L002291,Cc1c(c(n(n1)C)C)[C@H](C)NC(=O)Nc2ccc(cc2)n3cncn3
dude_jak2__L002292,C[C@@H]1C(=C([C@@H](S1)NC(=O)C(=O)NCCC2=c3cc(ccc3=[NH+]C2)OC)C(=O)OC)C
dude_jak2__L002293,Cc1c(c(=O)[nH]c(=O)[nH]1)CCC(=O)Nc2nc(c(s2)C)C
dude_jak2__L002294,C[C@]1(C(=O)N(C(=O)N1)Cc2ccsc2)C3CC[NH+](CC3)C[C@H]4C=c5ccccc5=[NH+]4
dude_jak2__L002295,c1ccc(cc1)S(=O)(=O)N2CCN([C@H](C2)C(=O)Nc3ccccc3Cl)S(=O)(=O)c4ccccc4
dude_jak2__L002296,C[C@@]12[C@@H]3C(=c4ccccc4=[NH+]3)[C@@H](CN1C(=O)CN(C2=O)Cc5ccccc5OC)c6ccccc6OC
dude_jak2__L002297,CC[NH+]1CCN(CC1)c2nc3c(c4c(s3)CCCC4)c(=O)n2CC(=O)Nc5ccccc5C
dude_jak2__L002298,CC(C)(C)n1c(nnn1)[C@H](c2cc3cc(c(cc3[nH]c2=O)OC)OC)[NH+]4CCC(=CC4)c5ccc(cc5)F
dude_jak2__L002299,c1ccc(cc1)CN(Cc2[nH]c(=O)c3ccccc3n2)S(=O)(=O)c4ccc(cc4)C(=O)[O-]
dude_jak2__L002300,CC[C@@H](C)N(CC(=O)N1CCc2c(ccs2)[C@H]1c3ccc(cc3)C)C(=O)c4ccc(cc4)[N+](=O)[O-]
dude_jak2__L002301,C[C@H]1CC(C[C@@H]([NH2+]1)C)NC(=S)Nc2cccc(c2)S(=O)(=O)N(C)C
dude_jak2__L002302,CCOC(=O)Cn1c2c(sc1=O)[C@@H]([C@@H]3[C@H](S2)C(=O)N(C3=O)c4ccc(cc4)C)c5ccc(cc5)F
dude_jak2__L002303,CCn1cc(c2c1ccc(c2)OC)/C=C/3\C(=O)c4ccc(c(c4O3)CN5CC[NH+](CC5)CC)O
dude_jak2__L002304,CN1c2ccccc2[C@@]3(C1=O)[C@@H](C(=NC4=NC(=NC(=O)[C@H]34)SCc5cccc(c5)F)[NH-])C#N
dude_jak2__L002305,Cc1cc(=O)[nH]c(n1)[C@H]2CCC[C@H](C2)C
dude_jak2__L002306,CCOc1ccc(cc1S(=O)(=O)Nc2ccc(cc2C)Cl)N3C(=O)[C@@H](CS3(=O)=O)C
dude_jak2__L002307,c1ccc(c(c1)[C@@H]2C=C(N=C3N2NC=N3)c4cccc(c4)[N+](=O)[O-])OC(F)F
dude_jak2__L002308,CCn1c(n[nH]c1=S)CNC(=O)CN2c3ccccc3O[C@H](C2=O)C
dude_jak2__L002309,Cc1c(cccc1NC(=O)C[NH+]2CCCC[C@H]2C)c3nn4cnnc4s3
dude_jak2__L002310,Cc1nnc2n1c3ccccc3n(c2=O)CCC(=O)NCC4CC4
dude_jak2__L002311,O=C(N1CCCC1)c5ccc(Nc4nccc(c3cc2ccccc2s3)n4)cc5
dude_jak2__L002312,Cc1ccc(cc1NC(=O)CCn2c(=O)c3c(c(n2)C)c(n(n3)c4ccccc4)C)Cl
dude_jak2__L002313,c1ccc2c(c1)cc(c(=O)[nH]2)C(=O)Nc3cccc(c3)n4ccc(n4)C(=O)N
dude_jak2__L002314,Cc1cc(c(c(c1)C)OCC(=O)N2[C@@]([C@H]3CCCCC3=N2)(C(F)(F)F)O)C
dude_jak2__L002315,Cc1c(c(n(n1)C)C)CC(=O)NNC(=O)c2cc(ccc2O)Cl
dude_jak2__L002316,CCOC(=O)COc1ccc(cc1/C=C\2/C(=NN(C2=O)c3ccc(cc3)Br)C)Br
dude_jak2__L002317,CCOc1ccc(cc1OCC)NC(=O)CN2C(=O)[C@@]3(CCCc4c3cccc4)NC2=O
dude_jak2__L002318,CCOC(=O)[C@@](C)(COc1c(cc(cc1Br)[N+](=O)[O-])Br)[NH3+]
dude_jak2__L002319,CC(C)(C)c4nc3c1ccc(F)cc1c2c(=O)[nH]ccc2c3[nH]4
dude_jak2__L002320,Cc1cc(ccc1NC(=O)C(=O)NC[C@@H](c2ccc(cc2)OC)[NH+](C)C)[N+](=O)[O-]
dude_jak2__L002321,Cc1ccc(cc1C)n2c(nnn2)S[C@H](C)C(=O)NC(=O)NCC=C
dude_jak2__L002322,c1cc(sc1)c2nc(on2)C3C[NH+](C3)CC(=O)Nc4nccs4
dude_jak2__L002323,c1ccc(cc1)N2C(=O)[C@@H]3[C@@H]4C=C[C@]([C@H]3C2=O)(O4)CNC(=O)OCc5cc(c(cc5Cl)Cl)Cl
dude_jak2__L002324,C[C@@H]1CCCC(=O)/C=C\C(=O)O[C@@]23[C@@H](/C=C/C1)[C@@H](C(=C)[C@@H]([C@@H]2[C@@H](NC3=O)Cc4ccccc4)C)O
dude_jak2__L002325,C[C@@H](c1nc2ccccc2s1)N(C)C(=O)CSc3nnnn3c4ccc(cc4)OC(F)(F)F
dude_jak2__L002326,Cc1c(cccc1[N+](=O)[O-])C(=O)NC(=S)Nc2ccc3ccccc3c2
dude_jak2__L002327,Cc1ccccc1OCc2nnc3n2nc(s3)c4cc(n[nH]4)c5ccccc5
dude_jak2__L002328,COc1ccc2=C[C@H](C(=O)[NH+]=c2c1)[C@@H]3[C@@H](N4C=C(C=CC4=N3)Cl)NCc5ccco5
dude_jak2__L002329,CC1(Cc2c(c(nc3c2c4c(s3)c(nc(n4)SC)SCC[NH+](C)C)N5CCOCC5)CO1)C
dude_jak2__L002330,c1ccc(cc1)CNC(=O)[C@H]2[C@@H]3CCCC[C@@H]3S[C@@H]2NC(=O)CSc4[nH]ncn4
dude_jak2__L002331,[H]/N=C\1/C2=C(N=NC2=N[C@H](N1c3ccccc3OCC)SCC(=O)Nc4ccc(cc4)C)C
dude_jak2__L002332,Cc1cc(c(s1)C)[C@@H]2[C@@H]3CCCCCC=C3C(=C(C2(C#N)C#N)N)C#N
dude_jak2__L002333,Cc1c2c(=O)[nH]c(nc2sc1C(=O)OC)CN3CC[NH+](CC3)CC(=O)N4C[C@@H](C[C@H](C4)C)C
dude_jak2__L002334,CC1(CCc2c(cc(c3c2oc(=O)c4c3CCCC4)OCC(=O)N[C@@H](CSC)C(=O)[O-])O1)C
dude_jak2__L002335,c1ccc2=[NH+]CC(=c2c1)CCNC(=O)[C@@H]3[C@H]([C@@H]4N=C(C=C(N4N3)C(F)(F)F)c5cccs5)Cl
dude_jak2__L002336,Cc1c(cccc1[N+](=O)[O-])C(=O)Nc2ccccc2NC(=O)C
dude_jak2__L002337,[H]\N=C\1/C(=C/c2ccc(o2)c3ccc(c(c3)Cl)C)/C(=O)N=C4N1C(=NS4)S(=O)(=O)C
dude_jak2__L002338,Cc1c(cnn1C(C)(C)C)C(=O)NNC(=O)NC(C)C
dude_jak2__L002339,C[C@H]1CCCC[C@H]1NC(=O)CN(C)S(=O)(=O)c2ccc3c(c2)C(C(=O)N3C)(C)C
dude_jak2__L002340,Cc1ccccc1Cn2c(c(c(n2)C)NC(=O)C3=CC4=[NH+][C@H](C[C@H](N4N3)C(F)F)C(F)F)C
dude_jak2__L002341,Cc1cc(n(n1)C[C@@H](C)CNC(=O)NNC(=O)c2c(c3ccccc3o2)C)C
dude_jak2__L002342,Cc1[nH]c(=O)cc(n1)C2CCN(CC2)c3c4c(nc([nH+]3)N(C)C)CCCC4
dude_jak2__L002343,C[C@H](c1nnc2n1CCC2)[NH2+]Cc3cc4ccccc4o3
dude_jak2__L002344,c1cc2=[NH+]C(=O)C(=O)[NH+]=c2cc1S(=O)(=O)NC3CCN(CC3)C(=O)c4ccoc4
dude_jak2__L002345,Cc1c(sc2c1c(ncn2)Nc3cc(ccc3Cl)N)C
dude_jak2__L002346,CCc1nnc(s1)NC(=O)c2ccccc2NC(=O)/C=C/c3ccc(cc3)[N+](=O)[O-]
dude_jak2__L002347,CCc1ccc(c(c1)Br)OCC(=O)NNC(=O)c2ccccc2C(=O)[O-]
dude_jak2__L002348,CC[C@]1(C(=O)N(C(=O)N1)NC(=O)CSc2ccc3c(c2)OCCO3)C
dude_jak2__L002349,CC(C)c1nnc2n1N[C@H](S2)[C@@H]3C=C(N=N3)c4cccs4
dude_jak2__L002350,Cc1ccc(c(c1)O)NC(=O)CN2C(=O)[C@@]3(CCCC[C@H]3C)NC2=O
dude_jak2__L002351,C[C@H]1COC2(O1)CCN(CC2)c3[nH+]c(=O)c4cc(cc(c4s3)[N+](=O)[O-])C(F)(F)F
dude_jak2__L002352,C[C@@H]1C[C@@]2(CC(C1)(C)C)C(=O)N(C(=O)N2)CC(=O)N3CCC[C@@H]3c4ccc5c(c4)OCCO5
dude_jak2__L002353,COc1ccc(c(c1)F)[C@H]2[C@H]3C(=c4ccccc4=[NH+]3)CCN2C(=O)C5=CNN6[C@@H]5N=CC=C6
dude_jak2__L002354,CCCCn1c(c(c(c(c1=O)C#N)C)/C=C\2/C(=O)N(C(=S)S2)Cc3ccco3)N4CC[NH+](CC4)C
dude_jak2__L002355,C[C@@H]1c2ccc(c(c2OC(=O)[C@H]1CC(=O)N[C@@H](C)CC3=c4ccccc4=[NH+]C3)OC)OC
dude_jak2__L002356,Cc1cccc(c1)NC(=O)CN2C(=O)/C(=C/c3ccc(c(c3)[N+](=O)[O-])SCCO)/SC2=O
dude_jak2__L002357,COCCN1[C@H](N=C2C(=C3CCCC[C@H]3S2)C1=O)SCc4[nH]c(=O)c5ccc(cc5n4)C(=O)[O-]
dude_jak2__L002358,C[C@@H](c1[nH]c(=O)c2c(csc2n1)c3ccco3)Sc4nncn4c5ccccc5
dude_jak2__L002359,CC(C)N(C)C(=O)c1ccc(c(c1)[N+](=O)[O-])NN
dude_jak2__L002360,CC(C)(C)n1c(nnn1)C[NH+]2CCC(CC2)NC(=O)C3CCCCC3
dude_jak2__L002361,CC1CC[NH+](CC1)[C@@H](c2cc3cc(c(cc3[nH]c2=O)OC)OC)c4nnnn4C5CCCC5
dude_jak2__L002362,Cc1ccc(cc1)[C@@H]2C[C@H](N3C(=N2)NC(=N3)N)c4ccccc4C
dude_jak2__L002363,CCCCNC(=O)c1ccccc1N2C(=O)[C@@H]3CC4=c5ccccc5=[NH+][C@@H]4[C@@H](N3C2=O)C
dude_jak2__L002364,CCOc1ccccc1CCNC(=O)[C@@H]2CN(CC23CC[NH2+]CC3)C(=O)c4cccc(c4F)Cl
dude_jak2__L002365,C[NH+](Cc1ccc(c(c1)Cl)Cl)CC(=O)NNC(=O)c2ccccc2Br
dude_jak2__L002366,C[C@@H]1C[C@@H]1c2ccc(o2)CN(C)C(=O)c3ccccc3NS(=O)(=O)c4ccc5=[NH+]C(=O)[NH+]=c5c4
dude_jak2__L002367,C[C@@H]1C(=C(NN1Cc2nc(on2)[C@@H]3C=c4ccccc4=[NH+]3)C)S(=O)(=O)N5CCCC5
dude_jak2__L002368,CNC(=O)NC(=O)[C@@H](c1ccccc1)OC(=O)c2ccccc2C(=O)N(C)c3ccccc3
dude_jak2__L002369,c1ccc2c(c1)c(ncn2)SCc3c(snn3)N
dude_jak2__L002370,CN(Cc1nc(no1)c2cccnc2)C(=O)C[C@H]3C(=O)NCC[NH+]3Cc4ccccc4F
dude_jak2__L002371,Cc1cccc(c1)O[C@@H](C)C(=O)N/N=C/c2ccc(c(c2)[N+](=O)[O-])Cl
dude_jak2__L002372,CCc1cc2c(c(c1)Br)O[C@@]3(N2)C=C(OC(=C3C#N)N)C
dude_jak2__L002373,Cc1ccc(cc1)SCC2=NN=C3[C@H]2[C@H](C(=C(O3)N)C#N)c4ccc(c(c4)OC)OC
dude_jak2__L002374,C[C@H](c1ccc2=[NH+]C(=O)[NH+]=c2c1)Nc3cc(c(cc3[N+](=O)[O-])C(F)(F)F)Cl
dude_jak2__L002375,CCOC(=O)c1c(cc(=O)n(n1)c2ccc(cc2)F)OS(=O)(=O)c3cc(c(cc3C)Cl)C
dude_jak2__L002376,Cc1cc(nc(c1C(=S)N)n2c3ccccc3nn2)C
dude_jak2__L002377,c1cc2c(cc1O[C@H]3CCC[C@@H]3O)CCCC2
dude_jak2__L002378,C[C@H](c1cccc2c1cccc2)NC(=O)[C@H]3C[NH2+]C[C@@H]3C(=O)NCC4CC4
dude_jak2__L002379,CNC(=O)c1ccc(cc1)CN(C)C(=O)c2ccccc2NS(=O)(=O)c3ccc4=[NH+]C(=O)[NH+]=c4c3
dude_jak2__L002380,CC1=C([C@H](NC(=S)N1c2ccc3c(c2)OCCO3)c4ccc(cc4)C(=O)[O-])C(=O)OC(C)C
dude_jak2__L002381,C[C@H]1CCC[NH+](C1)[C@H](c2cc3cc4c(cc3[nH]c2=O)OCCO4)c5nnnn5C[C@@H]6CCCO6
dude_jak2__L002382,CC1CCC(CC1)[NH+]2CCC(CC2)N(C)C(=O)N[C@@H](C)c3nncn3C
dude_jak2__L002383,Cc1cc(cc(c1C)NC(=O)c2cc(cc(c2)OC)OC)S(=O)(=O)N
dude_jak2__L002384,C[NH+]1CCc2cc3c(c(c2[C@@H]1c4c(n(c(=S)n(c4=O)c5ccccc5)c6ccccc6)O)OC)OCO3
dude_jak2__L002385,C[NH+](C[C@H](COc1ccccc1C[NH2+]CC2(CCCCC2)O)O)C3CCCCC3
dude_jak2__L002386,CN1C(=O)c2ccccc2[C@H](N1)C(=O)N(C)C[C@H]3[NH+]=c4ccc(cc4=[NH+]3)F
dude_jak2__L002387,CCOC(=O)c1c(c2cc3c(cc2[nH]1)OCO3)NC(=O)C[NH+]4CCC5(CC4)OCCO5
dude_jak2__L002388,CC(C)C(=O)N[C@@H](c1cccc(c1)[N+](=O)[O-])c2ccc3cccnc3c2O
dude_jak2__L002389,CN(C)S(=O)(=O)c1ccc2c(c1)N(C(=O)[C@@H]3N2CCCC3)CC(=O)NCC[NH+]4CCCC4
dude_jak2__L002390,Cc1c(c(n2c(n1)nc(n2)S[C@@H](C)C(=O)N[C@H]3CCC[C@@H]([C@@H]3C)C)C)CCC(=O)[O-]
dude_jak2__L002391,C[C@]1(C(=O)N(C(=O)N1)CC(=O)N[C@@H](c2ccccc2)C3CC3)c4cc5ccccc5o4
dude_jak2__L002392,C[C@@H]1C[C@@]2(CC(C1)(C)C)C(=O)N(C(=O)N2)CC(=O)O[C@@H](C)C(=O)N[C@@](C)(C#N)C(C)C
dude_jak2__L002393,CC1=C[C@H]([C@H]2[C@](CC1=O)([C@H](C[C@]2(C(C)C)O)OC(=O)C)C)OC(=O)c3ccc(cc3)O
dude_jak2__L002394,C[C@@H]1C[NH+](C[C@H](O1)C)C(C)(C)CNC(=O)c2ccc(c(c2)[N+](=O)[O-])N
dude_jak2__L002395,COCCn1c(nnn1)[C@H](c2cc3cc4c(cc3[nH]c2=O)OCO4)[NH+]5CCN(CC5)c6ccccc6F
dude_jak2__L002396,c1cc(c(cc1I)c2nc(no2)c3nc[nH]n3)N
dude_jak2__L002397,COc1ccc2=[NH+]CC(=c2c1)CC[NH2+][C@H]3CC(=O)N(C3=O)c4ccc5c(c4)OCCO5
dude_jak2__L002398,CC[NH+](CC)CCN1[C@@H](c2c(=O)c3cc(ccc3oc2C1=O)C)c4cc(c(c(c4)Br)O)OC
dude_jak2__L002399,c1cc(cc(c1)Br)Sc2c(cc3c(n2)CCC3)/C(=N\O)/N
dude_jak2__L002400,c1ccc(cc1)CSc2nnc(s2)NC(=O)c3ccc(o3)S(=O)(=O)c4ccc(cc4)Cl
dude_jak2__L002401,C[C@]1\2CC[C@H](C1(C)C)C/C2=N/NC(=O)COc3cc(ccc3[N+](=O)[O-])F
dude_jak2__L002402,CC1CC[NH+](CC1)CC2(CCCCC2)NC(=O)C[NH+](C)[C@H]3CCS(=O)(=O)C3
dude_jak2__L002403,CC1=C[C@@]2(C(=C(O1)N)C(=O)N)Nc3cc(ccc3O2)Cl
dude_jak2__L002404,Cc1cc(ccc1NC(=O)C(=O)NCc2ccccc2)[N+](=O)[O-]
dude_jak2__L002405,CC[NH+](CC)c1ccc(cc1)[C@H]2C/C(=C/3\C(=O)N=C(N(C3=O)Cc4ccccc4)[O-])/NN2C(=O)C
dude_jak2__L002406,C[C@H](C(=O)c1ccc2c(c1)CCN2C(=O)C)OC(=O)CSc3nnc(o3)c4ccc(cc4)Cl
dude_jak2__L002407,CCS(=O)(=O)C1=NN2C(=[NH2+])/C(=C\c3ccc(cc3)OC(=O)c4ccccc4F)/C(=O)N=C2S1
dude_jak2__L002408,C1CCC(C1)CC(=O)N2CCN(CC2)CC(=O)N3CCNC3=O
dude_jak2__L002409,CCOc1ccc(cc1)Cc2c(nc([nH]c2=O)Nc3[nH]c(=O)cc(n3)C)C
dude_jak2__L002410,Cc1c2cc(sc2n(n1)Cc3ccccc3Cl)C(=O)N(C)CC(=O)Nc4ccccc4C(=O)[O-]
dude_jak2__L002411,CC(C)C(=O)Nc1cccc(c1)C(=O)Nc2ccc(cc2Cl)[N+](=O)[O-]
dude_jak2__L002412,CCOc1cc(ccc1O)[C@@H]2C3=C(C[C@@H](CC3=O)c4ccc(cc4)OC)Nc5n2nnn5
dude_jak2__L002413,CC1(Cc2c(sc3c2c(=O)n(c(n3)N/N=C\c4ccc(cc4)N(C)C)c5ccc(cc5)OC)CO1)C
dude_jak2__L002414,C[NH+](C)CCNc1nc2c(c3c(s2)CCC3)c4n1nc(n4)c5ccco5
dude_jak2__L002415,CC(=O)N1CCc2c1ccc(c2)S(=O)(=O)N3CC(=O)Nc4c3cccc4
dude_jak2__L002416,Cc1cc(c(o1)C)C(=O)NCc2nnc3n2CC[NH+](CC3)C[C@@H]4CCC=CC4
dude_jak2__L002417,Cc1ccc(cc1C)CC(=O)/N=c\2/n(c3ccc(cc3s2)S(=O)(=O)N)CCOC
dude_jak2__L002418,C[C@H]1C[C@@H](CN(C1)C(=O)c2cc3cc(ccc3o2)N)C
dude_jak2__L002419,Cc1cc(ccc1NC(=O)/C(=C\2/C(=O)Nc3ccccc3S2)/Cl)Cl
dude_jak2__L002420,Cc1cccc(c1)c2nnc(n2CC(=O)[O-])S[C@H](C)C(=O)Nc3cccc(c3)C(=O)C
dude_jak2__L002421,C[C@H](c1ccc2c(c1)NC(=O)CO2)Nc3ccc(cc3)Br
dude_jak2__L002422,Cc1cc(c2=C[C@H](C(=O)[NH+]=c2c1)[C@@H]([C@@H]3NN=NN3C4CCCCC4)[NH+](Cc5ccco5)Cc6cccs6)C
dude_jak2__L002423,Cc1c2c(cc(c1Cl)C[C@H](C)[NH3+])[C@H](C(=O)N2)C
dude_jak2__L002424,CCCC[NH+](CCCC)CCC[NH2+]C[C@@H]1[C@@H]2C[C@@H]3[C@@](CCC[C@@]34CO4)(C[C@@H]2OC1=O)C
dude_jak2__L002425,CC(C)(C)[NH2+]Cc1nnnn1c2ccc(c(c2)F)Cl
dude_jak2__L002426,c1ccc2c(c1)cccc2NC(=O)c3ccc(cc3N)N
dude_jak2__L002427,CC(=O)[C@@H]1[C@H](NC(=O)N[C@@]1(C(F)(F)F)O)c2cc(c(c(c2)OC)O)OC
dude_jak2__L002428,CCOC(=O)N1CCN(CC1)S(=O)(=O)c2ccc(cc2)C(=O)/N=c/3\[nH]c4c(s3)CN(CC4)C(C)C
dude_jak2__L002429,c1ccc2=[NH+]CC(=c2c1)CC(=O)NNC(=O)[C@@H]3CCCN3C(=O)C4CCCCC4
dude_jak2__L002430,CC1([C@H]([C@H]([NH2+][C@@H]([C@@H]1[N+](=O)[O-])c2ccccc2Cl)c3ccccc3Cl)[N+](=O)[O-])C
dude_jak2__L002431,c1cc(ccc1C(=O)Sc2nncn2N)Br
dude_jak2__L002432,Cc1c(c(sc1C(=O)OC)NC(=O)CC[NH2+][C@@H](C)c2cccc(c2)Cl)C(=O)OC
dude_jak2__L002433,c1cc(ccc1N)Oc2ccc(cc2)N3[C@H]4CS(=O)(=O)C[C@H]4NC3=O
dude_jak2__L002434,CC[C@H]1CCc2c(sc3c2C(=O)N([C@@H](N3)c4ccc(cc4)Cl)C5CC5)C1
dude_jak2__L002435,CS(=O)(=O)C1=NN2C(=[NH2+])/C(=C\c3cn(c4c3cccc4)CCCOc5ccccc5)/C(=O)N=C2S1
dude_jak2__L002436,c1ccc(cc1)N2CN(C(=O)C23CCN(CC3)C(=O)C4CC4)CC(=O)NCCc5ccc(cc5Cl)Cl
dude_jak2__L002437,COc1ccc(cc1)[C@@H]2CC3=C([C@@H](n4c(nnn4)N3)c5cccc(c5)OC)C(=O)C2
dude_jak2__L002438,Cc1ccc(c(c1)N2CC[NH+](CC2)[C@H](c3cc4cc(ccc4[nH]c3=O)OC)c5nnnn5C[C@@H]6CCCO6)C
dude_jak2__L002439,c1ccc2=[NH+][C@@H]3C(=c2c1)N=NC(=N3)SCC(=O)Nc4c(cc(cn4)C(F)(F)F)Cl
dude_jak2__L002440,c1ccc(cc1)[C@H]2C3([C@H](C4(O2)C(=O)c5ccccc5C4=O)c6cccc(c6)[N+](=O)[O-])C(=O)c7ccccc7C3=O
dude_jak2__L002441,C1[C@@H]([C@H]1NC(=O)C23CC4CC(C2)CC(C4)C3)[NH3+]
dude_jak2__L002442,COc4cc(Nc3ncc2ccn(c1ccccn1)c2n3)cc(OC)c4OC
dude_jak2__L002443,c1cc[nH+]c(c1)N2CCN(CC2)c3[nH]c(=O)cc(n3)C(F)(F)F
dude_jak2__L002444,C[C@@H]1C(=C(N=N1)C)[C@H](C)NC(=O)[C@@H]2CN(CC23CC[NH2+]CC3)C(=O)[C@@H](C(C)C)Oc4ccccc4
dude_jak2__L002445,CC1=C([C@@H](N2C(=N1)[NH+]=CN2)c3cccc(c3)Br)C(=O)C
dude_jak2__L002446,Cc1ccc(c(c1)C)NC(=O)NC(=O)COC(=O)CN2C(=O)c3ccccc3C2=O
dude_jak2__L002447,CCNC(=O)c1cccc2c1N[C@H]([C@@H]3[C@@H]2C=CC3)c4cccc5c4cccc5
dude_jak2__L002448,Cc1ccc(cc1C(=O)OCC(=O)NC(=O)NC(C)C)S(=O)(=O)C
dude_jak2__L002449,Cc1ccc(cc1)n2c(nnc2SCC(=O)Nc3cc(ccc3C(=O)[O-])Cl)N4CCCC4
dude_jak2__L002450,c1cc(cc(c1)[N+](=O)[O-])NC(=O)c2cnc3ccc(cn3c2=O)Br
dude_jak2__L002451,COc1ccc(cc1)CCN2CC(=O)N3[C@H](C2=O)CC4=c5ccccc5=[NH+][C@H]4[C@@H]3c6cccc(c6OC)OC
dude_jak2__L002452,c1cc(c(cc1C(=O)OCC(=O)NC(=O)NCC(F)(F)F)N)Cl
dude_jak2__L002453,c1cc(sc1)[C@H]2c3ccsc3CCN2S(=O)(=O)c4ccc5=[NH+]C(=O)[NH+]=c5c4
dude_jak2__L002454,CC(C)[C@H](C(=O)/N=c/1\[nH]nc2n1cccc2)NC(=O)c3cccs3
dude_jak2__L002455,C[C@@H](c1cccc(c1)NC(=O)[C@@]23CC[C@@](C2(C)C)([C@@H](C3)O)C)O
dude_jak2__L002456,CCOC(=O)[C@@H]1C(=c2cc(ccc2=[NH+]1)OC)NC(=O)C[NH+]3C[C@@H]4C[C@H](C3)c5cccc(=O)n5C4
dude_jak2__L002457,Cn1c(nnc1SCC(=O)Nc2cccc(c2)[N+](=O)[O-])c3ccccc3Br
dude_jak2__L002458,c1cc(c(cc1C(=O)NCC(=O)[O-])[N+](=O)[O-])Oc2ccc(cc2Cl)Br
dude_jak2__L002459,Cc1ccc(cc1S(=O)(=O)NNC(=O)CC2CCCCC2)[N+](=O)[O-]
dude_jak2__L002460,COc1ccc(cc1N2C(=O)[C@@H]3[C@H]([NH2+][C@]4([C@@H]3C2=O)c5ccccc5NC4=O)Cc6ccccc6)[N+](=O)[O-]
dude_jak2__L002461,c1ccc(c(c1)NC(=O)c2ccc(cc2[N+](=O)[O-])Cl)[N-]S(=O)(=O)c3cccs3
dude_jak2__L002462,CC(=O)c1cccc(c1)N([C@@H](c2cccn2C)C(=O)NC3CCCCC3)C(=O)Cn4c5ccccc5nn4
dude_jak2__L002463,Cc1ccccc1CC(=O)NNC(=O)c2cccc(c2)[N+](=O)[O-]
dude_jak2__L002464,CC/N=C/1\N[C@H]2[C@H](S1)C3=C([C@@H](C(=C(O3)N)C#N)c4ccc(cc4)C)C(=O)N2
dude_jak2__L002465,CCOC(=O)N1CCN(CC1)C(=O)NC[C@H](c2ccc(cc2)C)[NH+](C)C
dude_jak2__L002466,COc1cc(cc(c1)OC)N([C@H](c2cccs2)C(=O)NC3CCCC3)C(=O)Cn4c5ccccc5nn4
dude_jak2__L002467,c1ccc(cc1)CO[C@@H]2CCCC[C@H]2NC(=O)[C@@H]3CCCC[C@@H]3C(=O)N4CCN(CC4)c5cccc[nH+]5
dude_jak2__L002468,c1cc(ccc1C(=O)C[C@H]2C(=O)N/C(=N\c3ccc(cc3)S(=O)(=O)N)/S2)Br
dude_jak2__L002469,c1ccn2cc(nc2c1)CNC(=O)[C@H]3CN(CC34CC[NH2+]CC4)C(=O)[C@@H]5CCC=CC5
dude_jak2__L002470,C1CCC(C1)C[NH+]2CCC(CC2)NC(=O)NNC(=O)[C@@H]3CCCO3
dude_jak2__L002471,Cc1ccccc1COc2ccccc2[C@H]3C(=C(Nc4n3nnn4)C)C(=O)N
dude_jak2__L002472,c1ccc(cc1)[C@@H]2CNC(=O)[C@@H]2C(=O)N/N=C\C=C\c3cccc(c3)[N+](=O)[O-]
dude_jak2__L002473,Cc1c/c(=N/S(=O)(=O)c2cc(sc2Cl)Cl)/[nH]cc1N
dude_jak2__L002474,Cc1ccc(c(c1)[N+](=O)[O-])NC(=O)/C(=C/c2ccc(o2)c3ccc(cc3)Cl)/C#N
dude_jak2__L002475,C[C@@H](C(=O)NC1=c2cc(ccc2=[NH+][C@H]1C(=O)OC)Cl)[NH+]3CCC(CC3)C(=O)N
dude_jak2__L002476,C/C(=C/C(=O)NNC(=O)c1cccc(c1)[N+](=O)[O-])/c2ccccc2Cl
dude_jak2__L002477,c1ccc(cc1)OS(=O)(=O)[C@@H]2CCCN([C@@]23CC[C@@H](C3)S(=O)(=O)c4ccccc4)c5ccccc5O
dude_jak2__L002478,Cn1cc(cn1)CNC(=O)Nc2cc(cc(c2)Cl)Cl
dude_jak2__L002479,Cc1ccc(cc1)CN2[C@H]3CCCC[C@H]3/C(=C/4\C(=O)N(C(=S)S4)CC(=O)OC5CCCCC5)/C2=O
dude_jak2__L002480,CC1=[NH+][C@H](C(=[NH2+])N1C2CC2)c3cc4c(c(c3)Br)OCO4
dude_jak2__L002481,c1ccc2=[NH+]CC(=c2c1)C3=NN[C@@H](O3)SCC(=O)N4CCN(CC4)C(=O)c5ccco5
dude_jak2__L002482,C[C@H]1CCCC[C@H]1N2C(=O)C(=O)N(C2=O)CC(=O)Nc3ccccc3C(=O)NCCc4ccccc4
dude_jak2__L002483,Cc1cc(ccc1N2C(=O)[C@@H]3C(=C(NN3c4ccccc4)c5ccc(cc5)Br)C2=O)[N+](=O)[O-]
dude_jak2__L002484,Cc1ccccc1[C@@H]2c3ccsc3CCN2C(=O)CN(C4CC4)C(=O)c5ccc(c(c5)[N+](=O)[O-])Cl
dude_jak2__L002485,Cc1ccccc1NN(c2c3c(c(sc3nc(n2)n4c(cc(n4)C)C)C)C)N(C)C
dude_jak2__L002486,c1ccc(cc1)OCC(=O)N/N=C\c2c(ccc3c2c4c(o3)CCCC4)O
dude_jak2__L002487,C1CCC(CC1)NC(=O)N2CCN(CC2)C(=O)CN3CCCC3=O
dude_jak2__L002488,COc1ccc(cc1)c2csc3c2c(=O)[nH]c(n3)C[NH+](C[C@H](COCC#C)O)C4CCCCC4
dude_jak2__L002489,Cc1ccc/c(=N/S(=O)(=O)c2ccc(c(c2)[N+](=O)[O-])N)/[nH]1
dude_jak2__L002490,Cc1cc2c(cc1S(=O)(=O)N(C)CCO)[nH]c(=O)[nH]2
dude_jak2__L002491,CC1CCN(CC1)[C@@H]2Nn3c(=O)c(cnc3S2)C(=O)NCCC4=c5ccccc5=[NH+]C4
dude_jak2__L002492,c1ccc(c(c1)NNC(=O)[C@@H]2CCN(C2=O)c3cc(cc(c3)F)F)[N+](=O)[O-]
dude_jak2__L002493,CC(C)c1cc2c(=O)[nH]c(nc2s1)C[NH+](CCCOC)C[C@@H](COc3ccc(cc3)Cl)O
dude_jak2__L002494,CCn1nc(nn1)NC(=S)NC(=O)c2cccc3c2cccc3Cl
dude_jak2__L002495,COC(=O)[C@@H]1CC2=c3ccccc3=[NH+][C@H]2CN1C(=O)C[NH+]4CCCCCC4
dude_jak2__L002496,Cc1c(c(n(n1)c2ccc(cc2)Br)C)C(=O)Nc3nc(cs3)CC(=O)N
dude_jak2__L002497,Cc1cc(oc-2c/c(=[NH+]\C(=O)c3ccc(c(c3)S(=O)(=O)N4C[C@H](C[C@@H](C4)C)C)OC)/ccc12)O
dude_jak2__L002498,Cc1ccc(cc1)NC(=O)/[NH+]=C/2\N=N[C@H](S2)c3ccc(c(c3)OC)OC
dude_jak2__L002499,COC(=O)c1ccccc1NC(=O)/C(=C/C(=O)c2ccccc2/N=C/3\CC(=O)C(=O)c4c3cccc4)/[O-]
dude_jak2__L002500,c1ccc(cc1)[C@H](C[NH2+]C[C@@H](COc2ccccc2F)O)C3=c4ccccc4=[NH+]C3
dude_jak2__L002501,COc1ccccc1N2C(=O)[C@@H]3[C@H]4c5ccccc5C=C[NH+]4[C@H]([C@H]3C2=O)C(=O)c6ccc(c(c6)OC)OC
dude_jak2__L002502,COc1cccc(c1)[C@H]2CSC[C@H]([NH2+]2)C(=O)NCCc3ccc(cc3)O
dude_jak2__L002503,CC[C@H](c1nnnn1Cc2ccco2)[NH+](Cc3ccc(cc3)C)Cc4cc5ccc(cc5[nH]c4=O)OC
dude_jak2__L002504,CC(C)CCN1CC(=O)N2C[C@H](C3=c4ccccc4=[NH+][C@H]3[C@]2(C1=O)C)c5ccc(c(c5)OC)OC(C)C
dude_jak2__L002505,c1ccc(cc1)N2/C(=C/c3ccc(cc3)[N+](=O)[O-])/C(=O)NC2=S
dude_jak2__L002506,Cc1cc[nH+]c(c1)N[C@H](c2ccsc2)c3c4c(sc3NC(=O)c5ccco5)CCCC4
dude_jak2__L002507,Cc1ccc(cc1)[C@@H]2/C(=C(/c3cnn(c3C)c4ccccc4)\O)/C(=O)C(=O)N2CC[NH+](C)C
dude_jak2__L002508,C[C@@H]1C(=O)Nc2cc(ccc2S1)C(=O)O[C@@H](C)C(=O)Nc3cccc(c3)[N+](=O)[O-]
dude_jak2__L002509,CCCn1c(c(c(c(c1=O)C#N)C)/C=C/2\C(=O)N(C(=S)S2)C3CCCC3)N4CC[NH+](CC4)CC
dude_jak2__L002510,COc1ccc2c(c1)c(c[nH]2)CCN\3C(=O)/C(=C\C(=O)[O-])/S/C3=N\c4ccccc4OC
dude_jak2__L002511,Cc1cccc2c1nc(s2)NC(=O)c3cn(cc-4c(=O)n(nc34)c5ccccc5)Cc6ccc(cc6)F
dude_jak2__L002512,CC(C)CN1[C@@H](CC(=O)NC1=O)NC(=O)CSC2=N[C@@H]3C(=c4ccccc4=[NH+]3)N=N2
dude_jak2__L002513,COc1ccc2=C[C@@H](C(=O)[NH+]=c2c1)[C@@H]3[C@@H](N4C=C(C=CC4=N3)Cl)NCc5ccco5
dude_jak2__L002514,Cc1cc(c2c(c1)[nH]c(cc2=O)CS[C@@H]3NN[C@@H]([NH+]3C)c4ccco4)C
dude_jak2__L002515,CCCCCCN1C(=O)/C(=C/c2c(c(c(=O)n(c2N3CC[NH+](CC3)CC)CC)C#N)C)/SC1=S
dude_jak2__L002516,CCN\1C(=O)C[C@H](S/C1=N\c2ccc(cc2)C(=O)OCC)C(=O)Nc3ccc(c(c3)Cl)Cl
dude_jak2__L002517,C[C@H]1C=C([C@@H]2[C@H]([C@]1(CO[C@H]2C(C)C)CO)C)C
dude_jak2__L002518,CC1(Cc2c(c([nH+]c3c2c4c(s3)[C@H]([NH+]=CN4)NCCCOC)N5CCOCC5)CO1)C
dude_jak2__L002519,Cc1cc2c(cc1Cl)OC[C@@H](CN2)C
dude_jak2__L002520,Cc1cccc2c1nc(nc2C)NC3=NCN(CN3)CCOC
dude_jak2__L002521,CCOc1ccc(cc1)n2c(cn3c2nc4c3c(=O)n(c(=O)n4C)C[C@@H](C)C[NH+]5CCCC[C@@H]5C)C
dude_jak2__L002522,Cc1nc(no1)C2(CCCCC2)[NH2+]C[C@H]3CCCN(C3)C(=O)OC(C)(C)C
dude_jak2__L002523,C[C@H]1CCCC[C@H]1NC(=O)[C@@H]2[C@@]34C=C[C@@H](O3)[C@@H]([C@@H]4C(=O)N2CCOC)C(=O)Nc5cccc(c5)OC
dude_jak2__L002524,Cc1ccc(cc1)[C@@H]2C[C@H]3N(N2)CCC(=O)N3CC(=O)NCCC4=c5ccccc5=[NH+]C4
dude_jak2__L002525,Cc1ccc(c(c1O)C)NCc2ccc(c(c2)Br)O
dude_jak2__L002526,Cc1ccc(cc1)c2nnc(n2CC(=O)[O-])S[C@H](C)C(=O)Nc3cccc(c3)C(=O)C
dude_jak2__L002527,c1cc(oc1c2nnc(o2)CCl)S(=O)(=O)N
dude_jak2__L002528,Cn1c(c2c(nc(nc2n1)N3CCN(CC3)CC[NH+]4CCCCC4)c5cccs5)N
dude_jak2__L002529,CC1=C2[C@@H](CC(=O)N[C@H]2N(N1)C3[NH+]=c4ccccc4=[NH+]3)c5cc(ccc5F)Br
dude_jak2__L002530,c1ccc2c(c1)c3c([nH]2)c(=O)n(cn3)CC(=O)N4CCC(CC4)[NH+]5CCCCC5
dude_jak2__L002531,CCC[C@@]1([C@@H]2[C@@H]([C@H]([NH2+]1)c3ccccc3O)C(=O)N(C2=O)c4cccc5c4cccc5)C(=O)[O-]
dude_jak2__L002532,Cc1cc(c2c(c1)C(C(=O)N2)(C)C)C[C@H](C)[NH3+]
dude_jak2__L002533,Cc1ccc2c(c1)C(=C3SC(=C(S3)C(=O)OC)C(=O)OC)C(=S)C(N2C(=O)[C@@H]4CCCO4)(C)C
dude_jak2__L002534,Cc1cccc(c1)CO[C@@H](C[NH+]2CCN(CC2)S(=O)(=O)c3cccc(c3)C#N)c4ccc(cc4)Cl
dude_jak2__L002535,c1cc(ccc1CNC(=O)N)NC(=O)CCN2C(=O)[C@@H]3CCCC[C@@H]3C2=O
dude_jak2__L002536,c1ccc(cc1)[C@@]2(c3ccccc3C(=O)O2)Nc4ccc(cc4)Br
dude_jak2__L002537,c1ccc(cc1)/C=C/S(=O)(=O)N2CCC(CC2)C(=O)N3CCN(CC3)c4cccc[nH+]4
dude_jak2__L002538,C[C@H](C(=O)NC(=O)NC(C)(C)C)OC(=O)c1c(c2ccccc2o1)COC
dude_jak2__L002539,Cc1ccc(cc1)NC(=S)N2C[C@H](Cc3c2c4ccccc4cc3)O
dude_jak2__L002540,C[C@H](C(=O)NC(=O)NC(C)C)OC(=O)c1nc(n(n1)c2ccccc2)c3ccccc3
dude_jak2__L002541,c1c(c(sc1Cl)Cl)[C@H](c2c[nH]nc2)[NH3+]
dude_jak2__L002542,[H]/N=C\1/N(C(=O)/C(=C/c2cc(ccc2OCc3ccc(cc3)C)[N+](=O)[O-])/S1)c4nccs4
dude_jak2__L002543,Cc1c(c(nc2c1/C(=C/c3ccc(s3)Br)/C(=C2C#N)C)N)C#N
dude_jak2__L002544,CC(C)CCN1CC2=C(C1=O)[C@H](NC(=O)N2)c3ccc(c(c3)[N+](=O)[O-])Cl
dude_jak2__L002545,c1cc(ccc1/C=N/NC(=O)c2c[nH]c(=O)[nH]c2=O)Br
dude_jak2__L002546,c1ccc(cc1)OCC(=O)/N=C\2/N([C@@H]3CS(=O)(=O)C[C@@H]3S2)c4ccc(cc4)OC(F)(F)F
dude_jak2__L002547,c1cc(c(cc1C(=O)/C=C/Nc2cc(ccc2O)[N+](=O)[O-])Cl)Cl
dude_jak2__L002548,c1ccc(cc1)[C@@H]2C[C@@H]2C(=O)NNC(=O)c3ccccc3[N+](=O)[O-]
dude_jak2__L002549,c1ccc2=[NH+]CC(=c2c1)CCNC(=O)CN3[C@@H](NOC3=O)c4cccs4
dude_jak2__L002550,c1ccc(cc1)n2c(nnn2)S[C@@H]\3[C@@H]4CC[C@@H](C4)/C3=N\O
dude_jak2__L002551,C1CCCC2(CCC1)C(=O)N(C(=O)N2)C[NH+]3CCC[C@@H](C3)C(=O)NC4CC4
dude_jak2__L002552,c1cc2=[NH+]CC(=c2cc1F)CCN3C(=O)[C@@H](NC3=O)CCC(=O)NC4CCCCC4
dude_jak2__L002553,CC1(CC(CC([NH2+]1)(C)C)N(C)C(=O)C[C@H]2C(=O)NCC[NH+]2CC(C)(C)C)C
dude_jak2__L002554,c1cc(oc1)C2=NN3C(=[NH2+])/C(=C\c4ccc(o4)SCc5ccc(cc5)Cl)/C(=O)N=C3S2
dude_jak2__L002555,CCOc1cc(ccc1O)/C=C(\C#N)/C(=O)Nc2c(c(c(s2)C(=O)N(C)C)C)C(=O)OC
dude_jak2__L002556,CN(C[C@@H]1[NH+]=c2ccc(cc2=[NH+]1)F)C(=O)Cn3cc(cn3)NC(=O)CCC(=O)c4ccccc4
dude_jak2__L002557,c1cc(sc1)c2nn(c(=O)o2)CC(=O)NC3=NCCS3
dude_jak2__L002558,C[NH+]1CCc2cc3c(c(c2[C@@H]1C/N=C/C4C(=NC(=O)N(C4=O)c5ccccc5OC)O)OC)OCO3
dude_jak2__L002559,CC1=C([C@H](NC(=S)N1)c2cc(sc2)[N+](=O)[O-])C(=O)OC
dude_jak2__L002560,CCCCN1C(=O)c2c(c(=O)c3cc(ccc3o2)F)[C@]14c5ccccc5N(C4=O)Cc6ccc(cc6)Cl
dude_jak2__L002561,Cc1c(c(=O)n(n1C)c2ccccc2)NC(=O)[C@H](C)OC(=O)c3ccc4c(c3)c5c([nH]4)CCCC5
dude_jak2__L002562,C[C@H](c1ccc(cc1Cl)Cl)NC(=O)CN2C(=O)[C@](NC2=O)(C)c3ccc(cc3)OC
dude_jak2__L002563,Cc1ccccc1C[C@H]2C(=O)N/C(=N\C(=[NH2+])N)/S2
dude_jak2__L002564,CCCn1c2c(c(=O)n(c1=O)C)C(=O)/C(=C/c3ccc(c(c3)O)OC)/N2
dude_jak2__L002565,c1ccc(c(c1)NNC(=O)/C=C/c2ccc(cc2)n3ccnc3)[N+](=O)[O-]
dude_jak2__L002566,COCCC(=O)N[C@@H]1c2cc(c[nH+]c2N([C@@H]1C(=O)OC)CCC3=c4ccccc4=[NH+]C3)NC5CCC5
dude_jak2__L002567,Cc1cn2c3c(nc2n1CCO)n(c(=O)n(c3=O)Cc4cccc5c4cccc5)C
dude_jak2__L002568,Cc1ccc(cc1S(=O)(=O)N2CCC(CC2)C(=O)NCc3cc[nH+]c(c3)N(C)C)[N+](=O)[O-]
dude_jak2__L002569,c1ccc2c(c1)c(=O)n(c(n2)COc3ccc(cc3C(=O)N)Cl)CC(=O)N
dude_jak2__L002570,CCOc1ccc(cc1)[C@@H]2[C@@H]3CC=C[C@@H]3c4c(ccc(c4N2)O)[N+](=O)[O-]
dude_jak2__L002571,c1ccc2c(c1)C3c4ccccc4C2[C@@H]5[C@@H]3C(=O)N(C5=O)NC(=O)c6cccc(c6)[N+](=O)[O-]
dude_jak2__L002572,CCOc1ccccc1[C@H]2[C@@H]3CC=C[C@H]3c4cc(cc(c4N2)O)[N+](=O)[O-]
dude_jak2__L002573,Cc1c2c(n[nH]1)C[C@@]([C@H]([C@H]2c3cccc(c3)[N+](=O)[O-])C(=O)C)(C)O
dude_jak2__L002574,COc1ccc(cc1)OCc2nnc3n2N[C@H](S3)[C@@H]4C=c5ccccc5=[NH+]4
dude_jak2__L002575,CCOC(=O)[C@H]1C(=C2C(=NC(=NC2=O)[C@H](C)Sc3nc4ccccc4c(=O)n3C(C)C)S1)C
dude_jak2__L002576,CCc1cccc(c1NS(=O)(=O)c2ccc(o2)c3ccc(=O)[nH]n3)C
dude_jak2__L002577,Cn1c2c(c(n1)CN(c3ccccc3)C(=O)c4ccccc4)CN(CC2)S(=O)(=O)c5ccc6c(c5)CCC6
dude_jak2__L002578,CCN1C2=C([C@@H](NC1=O)c3ccc(cc3C)C)C(=O)N(C2)[C@H](Cc4ccccc4)C(=O)N5CCCCC5
dude_jak2__L002579,CCn1cc(cn1)S(=O)(=O)Nc2ccnn2C3CCCCC3
dude_jak2__L002580,C[C@@H](CCC=C(C)C)C[NH+]1CCC2(CC1)C(=O)N(C(=O)N2CCC(C)C)CC[NH+](C)C
dude_jak2__L002581,C[C@@H](C(=O)NC(=O)NC)OC(=O)c1c(ccc(n1)Cl)Cl
dude_jak2__L002582,COc1cc(cc2c1OCO2)C[NH2+][C@H]3CCCN(C3)S(=O)(=O)C
dude_jak2__L002583,COc1cc(cc(c1)OC)NC(=O)C2(CCCC2)N(C[C@H]3CCC[NH+]4[C@H]3CCCC4)C=O
dude_jak2__L002584,C[C@H](CC(=O)Nn1cnc2c(c1=O)c(cs2)c3ccccc3)NC(=O)c4ccccc4
dude_jak2__L002585,Cc1ccc(c(c1)[C@H]2c3c(c4ccccc4[nH]3)C[C@H]([NH2+]2)C(=O)[O-])C
dude_jak2__L002586,c1ccc2c(c1)CCN2Cc3ccc(cc3)CN/C(=[NH+]/C[C@@H]4CCCO4)/N
dude_jak2__L002587,c1cc(c(cc1Br)F)Oc2cc3c(cc2N)NC(=O)CC3
dude_jak2__L002588,COc1ccc2=C(C[NH+]=c2c1)C3=C(C(=O)NC3=O)C4=c5ccc(cc5=[NH+]C4)Cl
dude_jak2__L002589,Cc1cc(c(o1)C)[C@@H](C)Nc2ccc(cc2[N+](=O)[O-])S(=O)(=O)N
dude_jak2__L002590,c1cc(cc(c1)Br)Oc2cc3c(cc2N)OCC(=O)N3
dude_jak2__L002591,Cc1cc(cc(c1)NS(=O)(=O)c2ccc(s2)CN3C(=O)c4cccnc4C3=O)C
dude_jak2__L002592,Cc1nnc(n1N)SCc2cccc(c2)CSc3nnc(n3N)C
dude_jak2__L002593,Cc1cc(ccc1NC(=O)C(=O)NCc2nnc3n2cccc3)N(C)C
dude_jak2__L002594,CN(C)c1ccc(cc1C(=O)N[C@@H]2CCCNC2=O)[N+](=O)[O-]
dude_jak2__L002595,C[C@@H]1CC[C@H](C[C@@H]1[NH3+])C(=O)NC2CCCCCC2
dude_jak2__L002596,c1ccc2=[NH+]C(=O)[C@H]([NH+]=c2c1)/C(=N\Nc3ccc(cc3)Br)/C=O
dude_jak2__L002597,CN(Cc1ccc(cc1)Br)C(=O)Nc2cccc(c2)N
dude_jak2__L002598,C[C@H](C(=O)Nc1ccc(c(c1)S(=O)(=O)N(C)C)Cl)OC(=O)c2ccc3c(c2)N=[NH+]C3
dude_jak2__L002599,C[C@H](c1cc2ccccc2o1)NC(=O)c3ccc(=O)[nH]c3
dude_jak2__L002600,Cc1c(c2c(n1F)-c3c(c(c4ccccc4n3)S(=O)(=O)Oc5ccccc5)C(=O)CC2)Br
dude_jak2__L002601,c1ccc(cc1)[C@@H]2C(=Cc3ccccc3O2)/C=C/4\C(=O)N=C(S4)N5CCN(CC5)C(=O)N
dude_jak2__L002602,Cc1c(c(n(n1)C)C)[C@@H](C)NC(=O)N(C)CC(=O)NC(C)(C)C
dude_jak2__L002603,C[C@@H]1N[C@@H](N(N1)c2cccc(c2F)Cl)c3cccc(=O)[nH]3
dude_jak2__L002604,CSC1=C[C@@H]2C[C@H]3CO[P@@](=O)(N[NH+]3C[C@@H]2C=C1S(=O)(=O)Oc4ccccc4)Cc5ccccc5
dude_jak2__L002605,C[C@H]1CCc2c(cc(s2)C(=O)N/N=C/c3ccc(cc3Cl)Cl)C1
dude_jak2__L002606,CC(=O)c1ccc(cc1)N2[C@H](c3c(=O)c4ccccc4oc3C2=O)c5ccc(cc5)OCC(=O)N
dude_jak2__L002607,COc1ccc2ccccc2c1/C=N/N3CC(=O)N4C[C@@H]5C(=c6ccccc6=[NH+]5)C[C@H]4C3=O
dude_jak2__L002608,COc1ccc(cc1OC)/C=N/N=c\2/[nH]c(cs2)[C@H]3Cc4ccccc4OC3=O
dude_jak2__L002609,CC[C@@H]\1CC[C@H]2C[C@@H](C[C@](O2)([C@@H]3CSC(=O)N3)O)OC(=O)/C=C(/CC\C=C/C=C1)\CC
dude_jak2__L002610,Cc1cc(ccc1NC(=O)c2ccc(cc2N)N)Cl
dude_jak2__L002611,Cc1cccc(c1C(=O)Nc2nccs2)N
dude_jak2__L002612,c1cc2c(cc1F)onc2C3CC[NH+](CC3)[C@H](c4c[nH]c5c4cc(cc5)Br)C(=O)[O-]
dude_jak2__L002613,CCOc1ccccc1C2=NO[C@@H](N2)[C@H]3C(=c4cccc(c4=[NH+]C3=O)Cl)O
dude_jak2__L002614,c1cc(cc(c1)[N+](=O)[O-])/C=C/C(=O)NNC(=O)c2cccs2
dude_jak2__L002615,CC(C)Cn1c(nnc1SCC(=O)N2CCC[C@H]2c3ccc4c(c3)OCCCO4)c5ccco5
dude_jak2__L002616,CC(C)NC(=O)c1ccc(cc1)NC(=O)c2cc(c[nH]2)N
dude_jak2__L002617,Cc1c(cn(n1)C)CNC(=O)c2cc3n(n2)[C@H](C[C@@H](N3)c4ccc(c(c4)OC)OC)C(F)(F)F
dude_jak2__L002618,c1cc(cc(c1)[N+](=O)[O-])[C@@H](c2nnnn2c3cccc(c3)Cl)[NH+]4CCCCC4
dude_jak2__L002619,Cc1c(sc2c1c(=O)n(cn2)CCC(=O)NC[C@H](c3cccs3)[NH+]4CCC(CC4)C)C
dude_jak2__L002620,CCOc1cccc(c1O)[C@@H]2CC(=N[C@@H]([NH2+]2)c3ccc(c(c3)[N+](=O)[O-])Cl)c4cccc(c4)OC
dude_jak2__L002621,Cc1ccc(c(c1)O[C@@H](C)C(=O)Nc2cccc(c2)NC(=O)N)Cl
dude_jak2__L002622,c1ccc2=[NH+]CC(=c2c1)[C@@H](CNC(=O)CN3C(=O)C4(CCCC4)NC3=O)[C@@H]5CC=CS5
dude_jak2__L002623,C[C@@H]1CCc2c(cc(s2)C(=O)OCC(=O)NCc3ccc(cc3)S(=O)(=O)N)C1
dude_jak2__L002624,CC(=O)[C@@H](Cc1ccccc1)NC(=O)CN2C(=O)[C@](NC2=O)(C)c3cc4ccccc4o3
dude_jak2__L002625,CCOC(=O)c1c(n(/c(=N/C(=O)c2ccc(cc2)S(=O)(=O)N3C[C@@H](C[C@@H](C3)C)C)/s1)C)C
dude_jak2__L002626,CC(=O)Nc1cccc2c1CCN(C2)C(=O)Nc3ccc[nH+]c3N4CCCC4
dude_jak2__L002627,c3ccc(c1ncnc2[nH]ccc12)cc3
dude_jak2__L002628,C[C@H](C(=O)NC(=O)N)OC(=O)c1c(c(c(cn1)Cl)Cl)Cl
dude_jak2__L002629,c1cc2c(cc1c3nc(cs3)C(=O)N[C@H]4CCC[C@H]4n5cc[nH+]c5)OCCO2
dude_jak2__L002630,C[C@@H]1C[C@H]1C(=O)Nc2cccc(c2)C(=O)Nc3ccc4c(c3)[nH]c(=O)[nH]4
dude_jak2__L002631,Cc1c2c(cc(nc2n(n1)[C@H]3CCS(=O)(=O)C3)C4CC4)C(=O)O[C@H]5C[C@@H](CC[C@@H]5C(C)C)C
dude_jak2__L002632,C[C@@H]1CCc2c(sc3c2c(nc(n3)SCC(=O)N4CCNC4=O)N)C1
dude_jak2__L002633,CN(C)c1ccc(cc1)[C@H](CNC(=O)CNC(=O)c2ccc3c(c2)OCO3)C4=c5ccccc5=[NH+]C4
dude_jak2__L002634,CNC(=O)NCCN1C(=O)/C(=C/c2ccc3c(c2)OCO3)/SC1=O
dude_jak2__L002635,CC(C)C1=[NH+][C@@H](C(=[NH2+])N1C)c2cc3c(c(c2)Cl)OCCO3
dude_jak2__L002636,c1ccc(c(c1)CO[C@]2(C[C@H]([C@H]([C@H](C2)OCc3ccccc3F)O)O)C(=O)NCC4CC4)C#N
dude_jak2__L002637,Cc1cccc(c1)c2nnc(n2CC(=O)[O-])S[C@H](C)C(=O)Nc3ccc(c(c3)Cl)OC(F)F
dude_jak2__L002638,c1cc(ccc1N2C(=O)C[C@H](C2=O)[NH2+]CC3CCCCC3)N4C(=O)C[C@@H](C4=O)[NH2+]CC5CCCCC5
dude_jak2__L002639,Cc1ccc2c(c1)NC(=O)[C@@](O2)(C)C(=O)Nc3cc(ccc3OC)OC
dude_jak2__L002640,C[C@H](C(=O)c1ccc(cc1)NS(=O)(=O)C)S[C@H]2NN=C(N2C3CC3)C4=c5ccccc5=[NH+]C4
dude_jak2__L002641,C[C@@H](C(=O)Nc1nnc(s1)c2ccc(cc2Cl)Cl)Sc3nncn3C
dude_jak2__L002642,c1cc(ccc1N/N=C/2\C(=O)[C@@H](OC2=O)[C@@H](CO)O)Br
dude_jak2__L002643,CNC(=O)c1cc(cn1C)C(=O)Cn2c3ccccc3oc2=O
dude_jak2__L002644,C[C@H](Nc3ccnc(n1cnc2ccncc12)n3)c4ccccc4
dude_jak2__L002645,C[C@@H](c1ccc2c(c1)OCCO2)NC(=O)CS[C@H]3NN=C(O3)C4=c5ccccc5=[NH+]C4
dude_jak2__L002646,c1ccc(cc1)/C=C/C[NH+]2CCN(CC2)C(=O)[C@H](C(=O)c3ccc(cc3)Br)n4ccccc4=O
dude_jak2__L002647,Cc1ccc(c(c1C)OC[C@@H](CN2C(=O)[C@@]3(CCC[NH+](C3)Cc4ccccc4)NC2=O)O)C
dude_jak2__L002648,CCCCCCC(=O)N1C[C@H](C2(C1)CC[NH2+]CC2)C(=O)NC3CCC(CC3)C(=O)[O-]
dude_jak2__L002649,Cc1ccc(cc1)N2C(=O)C=C[C@H](N2)N3CCN(CC3)C(=O)[C@H]4C=c5ccccc5=[NH+]4
dude_jak2__L002650,CC(C)N(C)S(=O)(=O)c1ccc(cc1)NCC(=O)Nc2cc(ccc2n3cncn3)Cl
dude_jak2__L002651,CS(=O)(=O)Nc4ccc(c3ccnc(Nc2ccc(CN1CCOCC1)cc2)n3)cc4
dude_jak2__L002652,Cc1ccccc1NC(=O)CN2C(=O)[C@H]3[C@H]4C[C@@H]([C@@H]3C2=O)[C@@H]5[C@@H]4C(c6c([nH]c(=O)s6)S5)(C)C
dude_jak2__L002653,C[C@@H]1CCC[C@H](N1C(=O)COc2ccc(cc2)C(=O)OCC(=O)N3CCN(CC3)c4cccc[nH+]4)C
dude_jak2__L002654,C[NH+](C)[C@@H](CNC(=O)NCc1ccc2cc(ccc2c1)OC)c3ccsc3
dude_jak2__L002655,CC(=O)[C@]1(CC[C@H]2[C@]1(C[C@@H]([C@@H]3[C@@H]2CC[C@@H]4[C@@]3(CC[C@H](C4)O)C)O)C)O
dude_jak2__L002656,CN(Cc1ccccc1)C(=O)c2c(=O)n(c(=O)n(n2)c3ccc(cc3)C(F)(F)F)Cc4ccc(cc4)F
dude_jak2__L002657,Cc1ccccc1NC(=O)NNC(=O)/C=C/c2c(nn(c2Cl)C)C
dude_jak2__L002658,Cn1c2ccc(cc2nc1CCC(=O)NC3[NH+]=c4ccccc4=[NH+]3)S(=O)(=O)N(C)C
dude_jak2__L002659,C[C@H](C(=O)N/N=C/c1ccccc1C(F)(F)F)NC(=O)c2cccc(c2)[N+](=O)[O-]
dude_jak2__L002660,CCOC(=O)NC(=O)c1c2c(sc1NC(=O)c3ccc4c(c3)OCCO4)C[C@H](CC2)C
dude_jak2__L002661,Cc1ccc(cc1)c2nnc(n2CCC(=O)[O-])S[C@H](C)C(=O)Nc3ccccc3OC(F)F
dude_jak2__L002662,Cc1cc(cc(c1)OC[C@H](CSc2c3c(nc(n2)C4CC4)n(c(nc3=O)[O-])C5CC5)O)C
dude_jak2__L002663,CC(C)(C)OC(=O)NCC(=O)NNC(=O)c1cc(c[nH]1)Br
dude_jak2__L002664,CC1(Cc2c(c(sc2C([NH2+]1)(C)C)NC(=O)c3ccc(s3)[N+](=O)[O-])C(=O)OC)C
dude_jak2__L002665,Cc1cc(ccc1NC(=O)COC(=O)CN2C(=O)[C@@]3(CCCC[C@H]3C)NC2=O)Br
dude_jak2__L002666,CCOc1ccc(cc1)N2C(=O)[C@@H](S[C@@]23c4ccccc4N(C3=O)CN5CCc6ccccc6C5)C
dude_jak2__L002667,Cc1ccc(cc1)c2nnc(n2CC(=O)[O-])SCC(=O)NC(=O)Nc3ccccc3
dude_jak2__L002668,c1ccc(cc1)N2CN(C(=O)C23CCN(CC3)C(=O)COc4ccc(cc4)Cl)CC(=O)N5CCCCC5
dude_jak2__L002669,Cc1ccc(cc1)n2c(c(c(n2)C)NC(=O)COC(=O)c3ccc4c(c3)NC(=O)[C@H](S4)C)C
dude_jak2__L002670,Cc1ccccc1c2csc3c2c(=O)[nH]c(n3)C[NH+](CC(C)(C)O)C4CCCCC4
dude_jak2__L002671,Cn1c(nnc1SCC[NH+]2CCCC2)[C@H]3CCC[NH+]3CC(=O)N4CCCCCC4
dude_jak2__L002672,Cc1c[nH]/c(=N\C(=O)N[C@@H]2C[C@@H]2c3ccccc3)/s1
dude_jak2__L002673,Cc1ccc2c(=O)c3c(oc2c1C)C(=O)N([C@@H]3c4cccc(c4)O)c5nc(c(s5)C(=O)OCC=C)C
dude_jak2__L002674,c1cc(cc(c1)C(F)(F)F)c2nc(on2)CS[C@H]3N=NC(=O)[C@@H]4N3NC(=C4)c5cccs5
dude_jak2__L002675,C[C@H](c1nnc(n1c2ccc(cc2)Cl)SCC(=O)N3C[C@]4(C[C@@H]3CC(C4)(C)C)C)[NH+]5CCCCC5
dude_jak2__L002676,C[C@@H](c1ccc2c(c1)CCCC2)NC(=O)CN3C(=O)C4(CCCCC4)NC3=O
dude_jak2__L002677,c1ccc(cc1)C[C@@H](C(=O)Nc2ccccc2O)NC(=O)[C@H]3CC(=O)N(C3)c4ccccc4
dude_jak2__L002678,C[NH+]1CCc2cc3c(c(c2[C@H]1CC(=O)C[C@H]4c5c(cc6c(c5OC)OCO6)CC[NH+]4C)OC)OCO3
dude_jak2__L002679,c1cc(ccc1Cn2c3ccc(cc3oc2=O)N)Br
dude_jak2__L002680,c1ccc2c(c1)cccc2C(=O)NC[C@@H]3CN(C(=O)O3)c4ccc(cc4)Cl
dude_jak2__L002681,COc5cc(c4cnc3cccc(c2ccc(CC(=O)N1CCOCC1)cc2)c3n4)cc(OC)c5OC
dude_jak2__L002682,Cc1ccc(s1)[C@@H](c2cc3c(cc2Br)[nH]c(=O)[nH]3)Br
dude_jak2__L002683,CCn1cc(cn1)C2CC[NH+](CC2)CC(=O)Nc3c(nn(c3C)C)C
dude_jak2__L002684,C[C@@H]1C[C@H](c2ccccc2N1C(=O)C(=O)N[C@@H](C)Cc3ccc(cc3)O)C(=O)N
dude_jak2__L002685,Cc1ccc(c(c1)[C@@H](C)NC(=O)CN2C(=O)[C@]3(CCCC[C@@H]3C)NC2=O)C
dude_jak2__L002686,C[NH+](C)CCN1[C@@H](/C(=C(/c2cc3ccccc3o2)\O)/C(=O)C1=O)c4cccc(c4)OC
dude_jak2__L002687,Cc1cc2c(cc1Cl)c(=O)c3c(o2)C(=O)N([C@H]3c4ccc(c(c4)OC)OC)c5nnc(s5)C(C)C
dude_jak2__L002688,CCCn1c(c(c(c(c1=O)C#N)C)/C=C\2/C(=O)N(C(=S)S2)Cc3ccc(cc3)C)N4CCC[C@@H](C4)C
dude_jak2__L002689,c1cc(ccc1C[NH+]2CCN(CC2)c3ccc(cc3[N+](=O)[O-])N4C(=O)[C@H]5[C@@H]6C[C@H]([C@H]5C4=O)C=C6)Cl
dude_jak2__L002690,C[C@@H]1CN(C[C@H](O1)C)c2c(c(=O)n3ccccc3n2)/C=N/NC(=O)c4ccccc4
dude_jak2__L002691,Cc1ccc(cc1)[C@@]2(C(=O)N(C(=O)N2)CC(=O)N(C)CC(=O)Nc3ccccc3Cl)C
dude_jak2__L002692,Cc1c2c(oc(c2c(=O)[nH]n1)NC(=O)CN3CCc4c3cccc4)C
dude_jak2__L002693,c1ccc2=[NH+]CC(=c2c1)c3nnc(o3)SC[C@@H]4[NH+]=C(NO4)c5cccc(c5)[N+](=O)[O-]
dude_jak2__L002694,Cc1c(nnc(c1C(=S)N)N2CCC3(CCCC3)CC2)C
dude_jak2__L002695,c1ccc(c(c1)[N+](=O)[O-])S(=O)(=O)NC[C@H]2CCCCO2
dude_jak2__L002696,Cn1c2ccc(cc2n(c1=O)C)/C=C\3/C(=O)N(C(=O)N3)CC=C
dude_jak2__L002697,Cc1cc(c(o1)C)[C@@H](C)NC(=O)NNC(=O)OC
dude_jak2__L002698,COc1cc(ccc1O)[C@@H]2[C@H]3CCCC[C@@]3(CC[NH+]2CC(=O)N[C@@H](CC4=c5ccccc5=[NH+]C4)C(=O)OC)O
dude_jak2__L002699,C[C@@H](C#N)OC(=O)c1c(c(c(c(n1)Cl)Cl)N)Cl
dude_jak2__L002700,c1ccc2c(c1)c(=O)n(nn2)CSc3nnc(n3N)c4ccc(cc4)OC(F)F
dude_jak2__L002701,Cc1ccc2c(c1)N(C[C@@H](O2)C(=O)Nc3ccccc3C(=O)NC(C)(C)C)S(=O)(=O)C
dude_jak2__L002702,Cc1cc(c(o1)C)C(=O)NNC(=O)N[C@@H](c2ccccc2)c3ccco3
dude_jak2__L002703,c1ccc(cc1)CC2=C[C@@H]3C[NH+]4[C@@H](C[C@@H]3C=C2Cl)CO[P@@](=O)(N4)S(=O)(=O)Oc5ccccc5
dude_jak2__L002704,CC(C)(C)NC(=O)c1cccc2c1N[C@@H]([C@H]3[C@H]2C=CC3)c4c(cccc4Cl)Cl
dude_jak2__L002705,Cc1ccc(cc1C)N2C(=O)[C@H]3[C@H]4CCC[NH+]4[C@@]5([C@H]3C2=O)c6cc(cc(c6NC5=O)Cl)C
dude_jak2__L002706,Cc1c(sc2c1c(=O)n(cn2)CCC(=O)NCc3ccccc3C[NH+]4C[C@@H](C[C@@H](C4)C)C)C
dude_jak2__L002707,C[C@H]1CCC[C@@](C1)(CO)NC(=O)[C@@H](C(C)C)NC(=O)N
dude_jak2__L002708,C[C@H]1CCC[C@H]([C@@H]1C)NC(=O)C2(CCCCCC2)C(=S)N
dude_jak2__L002709,c1ccc2c(c1)CC[C@]23C(=O)N(C(=O)N3)CC(=O)NCCC4=c5ccccc5=[NH+]C4
dude_jak2__L002710,CCOC(=O)N1CCN(CC1)C(=O)NCC2(CCCC2)[NH+](C)C
dude_jak2__L002711,Cc1c2c(oc(c2c(=O)[nH]n1)NC(=O)COC(=O)c3cccnc3Sc4ccccc4)C
dude_jak2__L002712,Cc1c2c(n(n1)c3ccc(nn3)OC)NC(=O)C[C@@H]2c4cccs4
dude_jak2__L002713,CCn1c2ccccc2c3c1ccc(c3)NC(=O)CSc4nnc(o4)C5=c6ccccc6=[NH+]C5
dude_jak2__L002714,c1c2c(sc1C(=O)NNC(=O)[C@@H]3C[C@H]3[N+](=O)[O-])CCCCC2
dude_jak2__L002715,Cc1nccn1Cc5ccc(c4ccnc(Nc3ccc(N2CCOCC2)cc3)n4)cc5
dude_jak2__L002716,Cc1cc(c(o1)C)C(=O)NNC(=O)c2ccc(cc2)CNC(=O)NC(C)C
dude_jak2__L002717,CCN(CC)S(=O)(=O)c1ccc2c(c1)n(c(=S)o2)C[NH+]3CCN(CC3)c4ccccc4OCC
dude_jak2__L002718,CC1([C@H]2CC[C@@]1(C(=O)C2)C(=O)Nc3cccc(c3)[N+](=O)[O-])C
dude_jak2__L002719,CCOC(=O)C(=O)[C@H]1[C@@H]2C(=c3ccccc3=[NH+]2)CCN1C(=O)Nc4ccccc4C(=O)OC
dude_jak2__L002720,c1cc(ncc1Br)NC(=O)c2cc(nc(c2)Cl)N
dude_jak2__L002721,CCn1c(nnc1S[C@H](C)C(=O)/C=C/2\C(c3ccccc3N2C)(C)C)CN4CCCCCC4=O
dude_jak2__L002722,C[NH+]1CCc2cc3c(c(c2[C@H]1CC(=O)c4ccc5c(c4)OCCO5)OC)OCO3
dude_jak2__L002723,CCCC(=O)OC[C@H](C[NH+](Cc1[nH]c(=O)c2c(csc2n1)c3ccc(cc3)C)CC(C)C)O
dude_jak2__L002724,CN(C)c1nc(nc(n1)N)CSc2nnc(o2)CCC3CCCCC3
dude_jak2__L002725,c1ccc(c(c1)[C@@H]2CC(=Nc3c2sc(n3)N)O)OC4CCCC4
dude_jak2__L002726,c1ccc(cc1)N[C@H]2/C(=N/S(=O)(=O)c3cccc4c3nsn4)/N=c5ccccc5=[NH+]2
dude_jak2__L002727,c1ccc(cc1)C[NH+]2CCc3c(s/c(=N/C(=O)Cn4cnc5ccccc5c4=O)/[nH]3)C2
dude_jak2__L002728,c1cc(sc1CNC(=O)Cn2ccc(n2)[N+](=O)[O-])Cl
dude_jak2__L002729,CC[C@@H](C(=O)Nc1nc2c(s1)CCCC2)SC3=N[C@H]4C(=c5ccccc5=[NH+]4)N=N3
dude_jak2__L002730,COC(=O)C1=C2[C@H]([C@H](C=C1)O)Oc3cc(cc(c3C2=O)O)CO
dude_jak2__L002731,COc6ccc(Cl)c(Nc4nc(n1cnc2ccncc12)nc5n(C)c(C(=O)N3CCN(C)CC3)cc45)c6
dude_jak2__L002732,C[C@]12C[C@H](CC(C1)(C)C)N(C2)S(=O)(=O)c3cccc(c3)C(=O)OCC(=O)NC(=O)NC
dude_jak2__L002733,Nc2nn1cccnc1c2c4cc(N3CCOCC3)ncn4
dude_jak2__L002734,CN(C)S(=O)(=O)c1ccc(cc1)NC(=O)N[C@@H]2CCCC[C@H]2O
dude_jak2__L002735,c1cc(cnc1)[C@H]2n3ccc(c3CS2)C(=O)c4cn(c5c4ccc(c5)c6ccc(cc6)F)CC[NH3+]
dude_jak2__L002736,c1ccc(cc1)[C@H]2c3ccccc3NC(=S)N2S(=O)(=O)c4ccc(cc4)[N+](=O)[O-]
dude_jak2__L002737,CC(C)[C@](C)(C#N)NC(=O)CS[C@@H]1NN=C(N1C2CC2)C3=c4ccccc4=[NH+]C3
dude_jak2__L002738,CCn1c2ccccc2c3c1ccc(c3)NC(=O)C[C@@H](c4cccs4)NC(=O)N
dude_jak2__L002739,COc1ccc2=[NH+]C(=O)[C@H](C=c2c1)[C@H]3c4cc(c(cc4CC[NH2+]3)OC)OC
dude_jak2__L002740,C[C@@H](C(=O)NC1=c2cc(ccc2=[NH+][C@H]1C(=O)OC)Br)[NH+]3CCN(CC3)c4ccccc4OC
dude_jak2__L002741,C[C@H](C(=O)N1c2ccccc2NC(=O)C1(C)C)Sc3nnc(s3)NCC(C)C
dude_jak2__L002742,CC(C)[C@@]1([C@@H]2[C@H]([C@H](N1)c3cc[nH+]c4c3cccc4)C(=O)N(C2=O)C)C(=O)OC
dude_jak2__L002743,C[C@H]1CN(C[C@@H](O1)C)CC2CC[NH+](CC2)CC(=O)NC3(CCCC3)c4ccc5c(c4)OCCO5
dude_jak2__L002744,C[C@@H](C(=O)NC1(CCCCC1)C#N)Sc2c(cc(c(n2)N)C#N)C#N
dude_jak2__L002745,COC(=O)C1=NN[C@@H]2[C@H]1C(=O)N(C2=O)c3ccc(cc3Cl)Cl
dude_jak2__L002746,CCC[C@@H]1N=N[C@H](S1)NC(=O)[C@@H]2CC(=O)N(C2)CCC3=c4cc(ccc4=[NH+]C3)Cl
dude_jak2__L002747,Cc1cc(c2c(c1)cc(c(=O)[nH]2)CN(C3CCCC3)S(=O)(=O)c4ccc(cc4)[N+](=O)[O-])C
dude_jak2__L002748,C[C@@]1(C(=O)N(C(=O)N1)CC(=O)NC[C@@H](c2ccccc2)[NH+]3CCCC3)c4ccc(cc4)OC
dude_jak2__L002749,Cc1ccc2c(c1)C3=C([C@@H](n4c(nnn4)N3)c5ccc(c(c5)OC)OC)[C@H](O2)c6ccc(c(c6)F)Cl
dude_jak2__L002750,Cc1cc(ccc1NC(=O)[C@@H](C)[NH+]2CCC(CC2)OC)[N+](=O)[O-]
dude_jak2__L002751,Cc1c(cco1)c2nnc(n2/N=C/c3cc(ccc3O)Br)SCC(=O)[O-]
dude_jak2__L002752,C=CCC[NH+]1CCOCCOCC[NH+](CCOCCOCC1)CCC=C
dude_jak2__L002753,Cc1cc(nn1c2ccccc2)c3c(nc4c(cccn4c3=O)OCC(=O)c5cccc(c5)OC)C
dude_jak2__L002754,c1ccc2c(c1)CC[C@@]23C(=O)N(C(=O)N3)CC(=O)NC4(CCCCC4)C#N
dude_jak2__L002755,CCCS(=O)(=O)NC[C@H]1C[C@@H]2CC[NH+]1C[C@@H]2c3cc(nc(n3)C)c4ccccc4Br
dude_jak2__L002756,[H]/N=C\1/NC(=O)/C(=C/c2ccc(o2)c3cc(ccc3OC)[N+](=O)[O-])/S1
dude_jak2__L002757,Cc1c(cccc1Cl)C(=O)Cn2c(=S)n(c(n2)N)Nc3ccco3
dude_jak2__L002758,Cc1ccc2=[NH+]C(=O)[C@H](C=c2c1)[C@@H]([C@@H]3N=NNN3C(C)(C)C)[NH+]4CCN(CC4)c5cccc(c5C)C
dude_jak2__L002759,CC(C)Cn1c(c(c(=O)[nH]c1=O)N(CC(C)C)C(=O)c2ccc(o2)Cl)N
dude_jak2__L002760,CCOC(=O)C1=C(OC(=C([C@@H]1c2ccc(cc2)[N+](=O)[O-])C#N)N)CCl
dude_jak2__L002761,CCOC(=O)c1c2c(sc1NC(=O)CSc3nnc(o3)[C@H]4COc5ccccc5O4)C[C@@H](CC2)C
dude_jak2__L002762,COc1ccccc1NC(=O)Nc2ccnn2C3CC[NH+](CC3)C4CCSCC4
dude_jak2__L002763,[H]/N=C/1\C(=C([C@@H](S1)C)C)c2nc([nH]n2)c3ccccc3
dude_jak2__L002764,CC(=O)O[C@@H]1C[C@@]2([C@@H]3CC[C@@H]4C[C@@H](CC[C@@]4([C@@H]3CC[C@@]2([C@@H]1c5ccc(=O)oc5)C)C)O)O
dude_jak2__L002765,CCOc1ccc(c(c1)[N+](=O)[O-])c2ccc(o2)/C=C/3\C(=[NH2+])N4C(=NC3=O)SC(=N4)c5ccco5
dude_jak2__L002766,c1ccc(c(c1)C[NH+]2CCC(CC2)CNC(=O)Cn3c(=O)c4c(cn3)c5ccccc5[nH]4)F
dude_jak2__L002767,CS(=O)(=O)N1CCN(CC1)C(=O)NCC2(CCCCC2)[NH+]3CCCCC3
dude_jak2__L002768,Cc1cc2nnc(n2cn1)c3cc(cc(c3)N)C(F)(F)F
dude_jak2__L002769,c1ccc2c(c1)OC[C@H](O2)C(=O)NCc3nnc4n3CCCCC4
dude_jak2__L002770,Cc1cc(ccc1[N+](=O)[O-])C(=O)N[C@H](C)C(=O)NC
dude_jak2__L002771,CS(=O)(=O)c1ccccc1NCc2ccc(o2)[N+](=O)[O-]
dude_jak2__L002772,CCS(=O)(=O)N1CCc2c1ccc(c2)C(=O)CN3C(=O)[C@H](NC3=O)Cc4c[nH]c5c4cccc5
dude_jak2__L002773,Cc1ccc(cc1C)OC[C@@H](Cn2c3c(nc2N4CC[NH2+]CC4)n(c(=O)n(c3=O)C)C)O
dude_jak2__L002774,CC[NH+]1CCN(CC1)C(=O)CC2CCN(CC2)C(=O)N[C@@H]3CC[NH+](C3)C(C)C
dude_jak2__L002775,Cc1ccc(c(c1)OCC(=O)Nc2cc(ccc2OCc3cc(=O)n4c(n3)ncn4C(C)C)Cl)C
dude_jak2__L002776,C/C=C/C(C(C(=O)O[C@@H](C[NH+](C)C)C)(/C=C/C)/C=C/C)(C(=O)O[C@@H](C[NH+](C)C)C)/C=C/C
dude_jak2__L002777,CC[C@]1(C(=O)N(C(=O)N1)CC(=O)NC[C@H](c2ccccc2Cl)C3=c4ccccc4=[NH+]C3)C
dude_jak2__L002778,Cc1ccc2=[NH+][C@@H]3CC[NH+](CC3=c2c1)Cc4cn(nc4c5ccc6c(c5)OCCO6)C
dude_jak2__L002779,Cc1cc(ccc1N)C(=O)Nc2c(cc(cc2Cl)Cl)Cl
dude_jak2__L002780,c1ccc2c(c1)c(c3c(n2)/C(=C/c4ccc5c(c4)OCO5)/CC3)C(=O)OCC(=O)NC6(CCCC6)C#N
dude_jak2__L002781,Cc1ccccc1[C@H]2c3ccsc3CCN2C(=O)CN(CC=C)C(=O)c4cccc(c4)[N+](=O)[O-]
dude_jak2__L002782,c1ccc(cc1)CC/C(=N/OCc2cc(cc3c2OCOC3)[N+](=O)[O-])/N
dude_jak2__L002783,C[C@H]1CCCN(C1)S(=O)(=O)NCc2ccc([nH+]c2)N3C[C@H](O[C@H](C3)C)C
dude_jak2__L002784,Cc1ccccc1N2C(=O)[C@H]3[C@@H](N(O[C@@H]3C2=O)CC(=O)N)c4ccc(cc4)c5ccccc5
dude_jak2__L002785,Cc1c(n(c(c1C#N)NC(=O)CN2C[C@@H](Oc3c2cccc3)C(=O)NC)Cc4ccco4)C
dude_jak2__L002786,CC(=O)Nc1ccc(cc1)NC(=O)Cn2ccc3ccn(c3c2=O)Cc4cccc(c4)F
dude_jak2__L002787,CN([C@@H]1CCS(=O)(=O)C1)C(=O)c2c(ccc(n2)NN)Cl
dude_jak2__L002788,Cc1cc(ccc1n2c(=O)c3ccccc3nc2[C@@H](C)N(CC[NH+](C)C)C(=O)Cc4cccs4)Cl
dude_jak2__L002789,CC(C)C1=C[C@@H](NN1[C@@H]2CCS(=O)(=O)C2)C(=O)NCC3[NH+]=c4ccccc4=[NH+]3
dude_jak2__L002790,Cc1cc2c(cc1S(=O)(=O)N3CCC(CC3)C(=O)N4CCCCCC4)O[C@H](C(=O)N2)C
dude_jak2__L002791,c1cc2=[NH+][C@@H](C=c2cc1Cl)CNC(=O)C[C@@H]3C(=O)NCCN3Cc4ccoc4
dude_jak2__L002792,Cc1ccc2=[NH+][C@@H](C(=c2c1)CCNC(=O)[C@H]3Cc4cc(cc(c4OC3=O)Cl)Cl)C
dude_jak2__L002793,COc1ccc2=[NH+]CC(=c2c1)CCNC(=O)/C=C\3/CS[C@@H](N3)c4ccccc4
dude_jak2__L002794,CN(CCOc1ccc(cc1)OC)S(=O)(=O)c2ccc3=[NH+]C(=O)[NH+]=c3c2
dude_jak2__L002795,c1ccc2c(c1)c(c[nH]2)CCNc3[nH+]c4ccccc4c(n3)NC5CC5
dude_jak2__L002796,CCN(CC)S(=O)(=O)c1cccc(c1)NS(=O)(=O)c2cc(ccc2Cl)C(=O)[O-]
dude_jak2__L002797,CC(C)Oc1ccc(cc1OC)[C@@H]2CC3=C([C@H](CC(=O)N3)c4cccc(c4)[N+](=O)[O-])C(=O)C2
dude_jak2__L002798,CCn1c(c(c(c(c1=O)C#N)C)/C=C/2\C(=O)N(C(=S)S2)Cc3ccc(cc3)OC)N4CCCC4
dude_jak2__L002799,CCOC(=O)[C@H]1C=CS[C@@H]1NC(=O)CS[C@@H]2[NH+]=c3ccc(cc3=[NH+]2)OC
dude_jak2__L002800,COc1cccc(c1OC)/C=c\2/c(=O)n(/c(=C(\C#N)/c3nnc4n3CCCCC4)/s2)c5ccccc5
dude_jak2__L002801,CC(C)C[C@H](c1nnc2n1CC[NH+](CC2)Cc3cc4c(cc3Cl)OCO4)NC(=O)c5ccco5
dude_jak2__L002802,c1ccc(cc1)[C@H]2c3ccsc3CC[NH+]2CC(=O)/[NH+]=C/4\C=C5C(=NC(=N5)[O-])C=C4Br
dude_jak2__L002803,Cc1cc(c(o1)C)C(=O)NNC(=O)[C@@H]2COc3ccccc3O2
dude_jak2__L002804,Cc1ccc(cc1C)S(=O)(=O)/N=C\2/[C@H]([NH+]=c3ccccc3=N2)Nc4cc(c(cc4OC)OC)Cl
dude_jak2__L002805,c1ccc2c(c1)cc(c(=O)o2)C(=O)N(c3ccc4c(c3)OCO4)[C@H](c5cccs5)C(=O)NC6CCCC6
dude_jak2__L002806,Cc1c(cccc1N)Cn2c3ccccc3nc(c2=O)C
dude_jak2__L002807,C[C@H]([C@H]1CCCO1)NC(=O)N2CCN(CC2)S(=O)(=O)C
dude_jak2__L002808,C[C@H](C(=O)Nc1ccc(c(c1F)F)F)Sc2nnc3n2c4ccccc4c(=O)n3CCC(C)C
dude_jak2__L002809,CCCOc1ccc(cc1)[C@@H]2C3=C(N=N[C@H]3C(=O)N2CCO)c4c(cc(cc4O)C)C
dude_jak2__L002810,C[C@@H](c1cccc(c1)[N+](=O)[O-])NC(=O)Nc2cc(c(c(c2)F)S(=O)(=O)C)F
dude_jak2__L002811,C=CCSc1nnc(s1)NC(=O)CS[C@H]2[NH+]=c3ccc(cc3=[NH+]2)[N+](=O)[O-]
dude_jak2__L002812,Cc1c(c(n(n1)[C@@H]2CCCc3c2ccc(c3)OC)N)Br
dude_jak2__L002813,CCOc1ccccc1/[NH+]=c\2/c(cc3c(cnc(c3o2)C)CO)C(=O)Nc4ccccc4Cl
dude_jak2__L002814,C[C@@]12CC[C@@H]3[C@@H]([C@@H]1CC[C@@H]2C(=O)NC(C)(C)C)CC[C@@H]4[C@]3(C=CC(=O)N4)C
dude_jak2__L002815,Cc1ccccc1Cn2cc(ccc2=O)C(=O)Nc3ccc(cc3C#N)[N+](=O)[O-]
dude_jak2__L002816,CCOc1ccccc1n2c(nnn2)SCC(=O)NC(=O)N[C@H]3CCCC[C@H]3C
dude_jak2__L002817,c1ccc2=N/C(=N\S(=O)(=O)c3ccc(cc3)F)/[C@@H]([NH+]=c2c1)NCc4ccco4
dude_jak2__L002818,Cn1c(c(c(=O)n(c1=O)C)C(=O)CSc2nc3ccccc3n2c4ccc(cc4)OC)N
dude_jak2__L002819,CCOc1ccc(cc1)[C@H]2CCC[NH+]2Cc3[nH]c(=O)c4c(c(sc4n3)C(=O)OC)C
dude_jak2__L002820,c1cc2cccc3c2c(c1)N(S3(=O)=O)CC(=O)Nc4ccc(cc4)Br
dude_jak2__L002821,Cc1cccc(c1)N2CCN(C[C@H]2C)C(=O)c3ccc4=[NH+][C@@H](C(=O)[NH+]=c4c3)c5ccccc5NC(=O)C
dude_jak2__L002822,Cc1c(scn1)CN(C)C(=O)N[C@@H](C)c2nc(no2)C
dude_jak2__L002823,c1cc2c(cc1[N+](=O)[O-])sc(n2)Nc3cnn(c3)C[C@H](C[NH+]4CCCC4)O
dude_jak2__L002824,c1cc(ccc1C[S@](=O)c2[nH]c3cc(ccc3n2)N)Br
dude_jak2__L002825,CCOc1ccccc1NC(=O)C[NH+]2CCCN(S2(=O)=O)Cc3ccccc3C
dude_jak2__L002826,c1ccc(cc1)C2=C[C@H](N=N2)[C@H]3NN[C@@H](N3/N=C/c4ccco4)S
dude_jak2__L002827,Cc1cccc2=C[C@H](C(=O)[NH+]=c12)[C@H]([C@@H]3N=NNN3C(C)(C)C)N4CCc5c4cccc5
dude_jak2__L002828,CCCn1cc(ccc1=O)NC(=O)c2c(nccn2)N
dude_jak2__L002829,CC[C@H](C)N1C(=O)/C(=C\c2c(nc3ccccn3c2=O)N4CCN(CC4)Cc5ccccc5)/SC1=S
dude_jak2__L002830,Cc1c(n2ccccc2n1)C(=O)N/N=C(\C)/c3ccc(cc3O)O
dude_jak2__L002831,COc1ccc2=[NH+][C@@H]([NH+]=c2c1)SCC3=NN[C@H](O3)c4ccccc4Br
dude_jak2__L002832,Cc1ccc(c(c1)OCc2nnc(o2)SCc3cc(=O)n4cc(ccc4n3)Br)C
dude_jak2__L002833,C[C@H](Cc1ccc(c(c1)OC)OC)[NH2+][C@@H]2CCCC3=c4cc(ccc4=[NH+][C@@H]23)[N+](=O)[O-]
dude_jak2__L002834,CCOC(=O)NC(=O)CS[C@@H]1NN=C(N1c2ccccc2C)C3=c4ccccc4=[NH+]C3
dude_jak2__L002835,c1ccc2=[NH+]C(=O)C(=c2c1)NNC(=O)c3c(n(nn3)c4c(non4)N)C[NH+]5CCCC5
dude_jak2__L002836,CCOc1ccccc1NC(=O)c2cc3n(n2)[C@H](C[C@H](N3)c4ccco4)C(F)(F)F
dude_jak2__L002837,Cc1ccc(cc1)S(=O)(=O)N[C@@H](CCSC)C(=O)NNC(=O)c2cc3c(s2)CCC3
dude_jak2__L002838,Cc1csc(n1)CCNc2c(c(ncn2)Cl)[N+](=O)[O-]
dude_jak2__L002839,c1cc2cn[nH]c2c(c1)NC(=O)c3c4c(n(n3)c5ccc(cc5)F)CCCC4
dude_jak2__L002840,c1ccc2c(c1)cc(/c(=N/C3CCCCC3)/o2)C(=O)N
dude_jak2__L002841,CC[C@H](C)[C@@H](C(=O)NC1CC1)NC(=O)[C@@H]2CC3=c4ccccc4=[NH+][C@H]3[C@@H]5N2C(=O)c6c5cccc6
dude_jak2__L002842,c1cc(c(c(c1)Cl)SCCC(=O)NC(=O)N)N
dude_jak2__L002843,C[C@@H]1CCC[C@@H](C1)NC(=O)[C@@H]2CC[C@@H]([C@@H](C2)[NH3+])C
dude_jak2__L002844,Cc1c(cccc1[N+](=O)[O-])C(=O)NNC(=O)NC2CCCC2
dude_jak2__L002845,CC1(Cc2c(sc(c2C#N)NC(=O)C(=O)NCCO)CO1)C
dude_jak2__L002846,C[C@H]1C(=O)Nc2cc(ccc2O1)S(=O)(=O)N[C@@H](C)CO
dude_jak2__L002847,CC[NH+](CC)[C@@H](CNC(=O)C[NH+](CC=C)Cc1ccc(s1)Cl)c2ccco2
dude_jak2__L002848,C[C@@H]1C[C@@]2(CC(C1)(C)C)C(=O)N(C(=O)N2)CC(=O)NCCN3C(=O)/C(=C/c4ccccc4)/SC3=O
dude_jak2__L002849,c1ccc2c(c1)C[C@H](O2)CNC(=O)C(=O)Nc3ccc(cc3Cl)[N+](=O)[O-]
dude_jak2__L002850,C[C@]12C[C@H]([C@H]3[C@H]([C@@H]1CC[C@@H]2C4(OCCO4)C)CC[C@H]5[C@@]3(/C(=N/O)/CC6(C5)OCCO6)C)O
dude_jak2__L002851,CN(C1CC1)S(=O)(=O)c2ccc(cc2[N+](=O)[O-])N
dude_jak2__L002852,C[C@]1(C(=O)NC(=O)N1)CCc2ccc(cc2)OS(=O)(=O)c3ccc(c(c3)C(=O)[O-])Cl
dude_jak2__L002853,CN1CCN(CC1)S(=O)(=O)c2ccc(c(c2)[N+](=O)[O-])NC[C@H](c3ccc(cc3)OC)[NH+](C)C
dude_jak2__L002854,CCCn1c(c(c(=O)n(c1=O)C)C(=O)C[NH+](C)[C@H](C)c2ccc(cc2Cl)Cl)N
dude_jak2__L002855,CCc1ccccc1Nc2nc(nc(n2)N)CSC3=[NH+]c4ccccc4C(=O)[N+]3=c5ccc(c[nH]5)C
dude_jak2__L002856,Cc1cc2c(c(c1)c3csc(n3)N)NC(=O)CC2
dude_jak2__L002857,CC[C@H](C)C(=O)O[C@@H]1[C@@H](c2c(ccc(c2O)/C=C/C(=O)N3CCCCC3)OC1(C)C)[NH+]4CCCCC4
dude_jak2__L002858,C[C@H]1C(=O)N(c2ccccc2O1)CC(=O)NC3CCN(CC3)c4cccc[nH+]4
dude_jak2__L002859,Cc1ccc2=[NH+][C@@H]([NH+]=c2c1)CCNC(=O)CN3c4ccc(cc4CCC3=O)S(=O)(=O)N5CCCC5
dude_jak2__L002860,CCNC(=O)NC(=O)[C@@H](C)Sc1nc2c(c(cs2)c3cccs3)c(=O)n1CC
dude_jak2__L002861,Cc1c(c(on1)C)CCCOC2COc3ccccc3OCCOCCOc4ccccc4OC2
dude_jak2__L002862,Cc1nc(c2c(csc2n1)c3cccs3)NN
dude_jak2__L002863,C[C@H]1CCc2c(c3cccc(c3[nH]2)C(=O)N[C@@H]4CCCCNC4=O)C1
dude_jak2__L002864,COc1cc(ccc1OCC=C)/C=C(\C#N)/[C@@H]2[NH+]=c3cc(cnc3=[NH+]2)Br
dude_jak2__L002865,CC(C)(C(=O)N1CCC(CC1)NC(=O)NC2CCCCC2)NC(=O)NC
dude_jak2__L002866,c1ccc(c(c1)NC(=O)CS[C@@H]2[NH+]=c3ccc(cc3=[NH+]2)[N+](=O)[O-])I
dude_jak2__L002867,Cc1c(c(n[nH]1)C)[C@@H](C)C(=O)Nc2cc3c(cc2C(=O)C)OCO3
dude_jak2__L002868,Cc1ccc(cc1)S(=O)(=O)N(c2ccc(cc2)N(C(=O)C)S(=O)(=O)c3ccc(cc3)C)C(=O)C
dude_jak2__L002869,CN1CCCc2c1ccc(c2)[C@H](CNC(=O)c3cc(ccc3[N+](=O)[O-])Cl)[NH+](C)C
dude_jak2__L002870,c1cc[nH+]c(c1)N2CCN(CC2)c3ccc(nn3)OCC(=O)N4CCC(CC4)[C@H](c5cccs5)O
dude_jak2__L002871,COC(=O)NC(=O)c1c2c(sc1NC(=O)Cc3ccc4c(c3)OCO4)CCCC2
dude_jak2__L002872,CC(C)(C)CNc1cc2c([nH+]c1)N([C@H]([C@@H]2NC(=O)[C@@H]3CCOC3)C(=O)OC)CCC4=c5ccccc5=[NH+]C4
dude_jak2__L002873,Cc1ccc(cc1)NC(=O)C[NH+](C)[C@H](C)C(=O)Nc2c(cc(cc2Cl)C)C
dude_jak2__L002874,CNC(=O)c1cccc(c1)/N=C/c2cc(cc(c2O)Cl)Cl
dude_jak2__L002875,CC(C)n1c2ccc(cc2oc1=O)NC(=O)Nc3cccc(c3)Br
dude_jak2__L002876,Cc1ccc2cc(c(=O)[nH]c2c1)C[NH+](Cc3ccc4c(c3)OCO4)Cc5nnnn5C(C)(C)C
dude_jak2__L002877,CC1=C([C@H](C(=C(O1)N)C(=O)OC)c2cc(ccc2Cl)[N+](=O)[O-])C(=O)C
dude_jak2__L002878,CCc1ccccc1NC(=O)CNC(=O)C[NH+]2CCc3c(ccs3)[C@H]2CC
dude_jak2__L002879,c1ccc2c(c1)OC[C@@H](O2)C(=O)N3C[C@@H](C4(C3)CC[NH2+]CC4)C(=O)NCC5CC[NH+](CC5)C6CCCC6
dude_jak2__L002880,Cc1ccc(c(c1)N2CC[NH+](CC2)[C@H](c3cc4cc(cc(c4[nH]c3=O)C)C)c5nnnn5C(C)(C)C)C
dude_jak2__L002881,CCCn1c(c(c(=O)n(c1=O)C)C(=O)CSC2=N[C@@H](C(=O)N2c3ccc(cc3)C)C(C)C)N
dude_jak2__L002882,C[C@@]12[C@@H]3C(=c4ccccc4=[NH+]3)[C@H](CN1C(=O)CN(C2=O)CCc5ccc(cc5)Cl)c6ccccc6Cl
dude_jak2__L002883,C[C@@H](Cc1ccc2c(c1)OCO2)C[NH+]3C[C@@H]4CCCC[C@@H]4[C@@H](C3)C(=O)N5CCN(CC5)c6cccc(=O)n6C
dude_jak2__L002884,COc1ccc(cc1)CCN2CC(=O)N3[C@H](C2=O)Cc4c5ccccc5[nH]c4[C@H]3c6cccc(c6)[N+](=O)[O-]
dude_jak2__L002885,CCOc1cc(ccc1O)[C@H]2CC(=O)Nc3c2c(=O)n(c(=O)n3C)C
dude_jak2__L002886,[H]/N=C\1/NC(=O)/C(=C/c2cc(ccc2OCc3ccc(cc3)[N+](=O)[O-])Br)/S1
dude_jak2__L002887,CC(C)S(=O)(=O)[C@H]1CCC[C@]2([NH+]1Cc3ccccc3)CCC[C@@H](C2)S(=O)(=O)Oc4ccccc4
dude_jak2__L002888,Cc1cc(cc(c1)OC[C@H](CN2C(=O)[C@@](NC2=O)(C)c3ccc4c(c3)OCO4)O)C
dude_jak2__L002889,Cc1ccccc1OCc2ccc(o2)c3nc(c(o3)N4CC[NH2+]CC4)C#N
dude_jak2__L002890,Cc1cc(=O)n2c(n1)sc(n2)C[NH2+][C@H](C)c3ccc(cc3)n4ccnc4
dude_jak2__L002891,c1ccc(c(c1)C(=O)NNS(=O)(=O)c2cc(cs2)C(=O)[O-])Br
dude_jak2__L002892,Cc1cccc(c1)c2c(nn3c2ncc(c3C)C(=O)Nc4cccc(c4C)C)C
dude_jak2__L002893,CCN1C2=C([C@H](NC1=O)c3ccc(cc3C)C)C(=O)N(C2)[C@@H](Cc4ccccc4)C(=O)N5CCCC5
dude_jak2__L002894,Cc1cccc(c1OCc2nn3c(nnc3s2)c4cc(n[nH]4)C(C)C)C
dude_jak2__L002895,COC(=O)N1CCC[C@H](C1)NC(=O)NC[C@@]2(CCCc3c2cccc3)O
dude_jak2__L002896,CC[C@H](C)n1c(=O)c(c([nH]c1=S)[O-])[C@H]2[C@@H]3C(=c4ccccc4=[NH+]3)CC[NH2+]2
dude_jak2__L002897,COc1ccc(cc1)S(=O)(=O)N2CCC[C@H]2C(=O)/N=c\3/n(c4ccc(cc4s3)SC)CC#C
dude_jak2__L002898,Cc1cccc(c1)Cc2nnc(s2)NC(=O)NCc3nnc4n3CCCCC4
dude_jak2__L002899,c1cc2c(cc1NC(=O)CCCN3C(=O)C4(CCCC4)NC3=O)OC5(O2)CCCC5
dude_jak2__L002900,c1cc(ncc1NC(=O)CCNC(=O)C2CCCC2)n3cncn3
dude_jak2__L002901,Cc1cc2cc(c(=O)[nH]c2cc1C)[C@H](c3nnnn3C4CCCCC4)N(Cc5ccco5)C[C@@H]6CCCO6
dude_jak2__L002902,CC(C)[NH+]1CCc2c(sc3c2C(=N[C@@H](N3)c4ccccc4[N+](=O)[O-])O)C1
dude_jak2__L002903,Cc1ccc(cc1)NC2=C([C@H]([C@@H]([C@@](C2)(C)O)C(=O)C)c3ccc(cc3)[N+](=O)[O-])C(=O)C
dude_jak2__L002904,Cc1c(cc(s1)c2nnc(o2)C)NC(=O)[C@H]3C4=C(CCCC4)N=N3
dude_jak2__L002905,c1ccc2c(c1)cccc2C(=O)N/N=C/[C@H]3C=c4ccccc4=[NH+]C3=O
dude_jak2__L002906,Cc1cc(cc(c1)Oc2c(c(ncn2)NN)N)C
dude_jak2__L002907,c1cc(c(cc1N)C#N)S(=O)(=O)NC[C@@H]2CCS(=O)(=O)C2
dude_jak2__L002908,c1ccc(cc1)c2nc(on2)C3CN(C3)C(=O)[C@H]4CCC(=O)N4
dude_jak2__L002909,CCO[C@@H]1CC[C@@]2(C1)[C@@H](CCCN2S(=O)(=O)Oc3ccccc3)S(=O)(=O)Oc4ccccc4
dude_jak2__L002910,Cc1ccccc1NC(=O)C2=C(Nc3ncnn3[C@@H]2c4cccc(c4)Cl)C
dude_jak2__L002911,CNC(=O)NC(=O)[C@H](c1ccccc1)OC(=O)CCCN2C(=O)c3cccc4c3c(ccc4)C2=O
dude_jak2__L002912,c1ccc2=[NH+][C@@H]3[C@H](N4[C@@H](CC3=c2c1)C(=O)N(CC4=O)Cc5cccs5)c6ccc(cc6)Br
dude_jak2__L002913,Cc1cccc(c1C)OCc2nnc3n2c(ccc3N)C
dude_jak2__L002914,C1CCC(CC1)C(=O)N2CCN(CC2)C(=O)N[C@H]3CCS(=O)(=O)C3
dude_jak2__L002915,c1cc2c(cc1[N+](=O)[O-])[C@@H]3[C@@H](CSC4=NC(=O)S[C@@H]34)[C@@H](O2)O
dude_jak2__L002916,Cc1ccc(cc1)NC(=O)[C@@H](C)n2cnc3c(c2=O)c4c(s3)C[C@@H](CC4)C
dude_jak2__L002917,c1cc(ccc1c2c(noc2N)c3ccc(o3)Br)F
dude_jak2__L002918,Cc1c2c(cc(c(=O)o2)c3nnc(s3)Nc4cccc(c4)SC)c(cn1)CO
dude_jak2__L002919,c1ccc2c(c1)ccc3c2cc(c(=O)o3)/C(=[NH+]\NC(=O)c4cccs4)/N
dude_jak2__L002920,CCn1c(nnc1S[C@H](C)C(=O)Nc2ccc(cc2)[N+](=O)[O-])c3ccc(cc3)O
dude_jak2__L002921,c1cc2c(cc1c3ccc(o3)/C=C(\C#N)/[C@H]4[NH+]=c5cc(cnc5=[NH+]4)Br)C(=O)NC2=O
dude_jak2__L002922,CCOC(=O)C1=C(N=C2N([C@@H]1c3cccc(c3)OC)C(=CS2)/C=C(/NCc4ccccn4)\[O-])C
dude_jak2__L002923,CCc1c(snn1)C(=O)NNC(=O)NC(C)C
dude_jak2__L002924,COc1ccc(cc1)S(=O)(=O)[N-]c2nc(cs2)CC(=O)NC3=CC4=CC=N[C@@H]4C=C3
dude_jak2__L002925,CCOC(=O)c1c2c(sc1N/C=C\3/C(=O)NC(=O)N(C3=O)c4ccccc4)CCCC2
dude_jak2__L002926,COc1ccc(cc1)[C@@H](Cn2cnc3c4c(sc3c2=O)SCC(=O)N4)[NH+]5CCCC5
dude_jak2__L002927,CCOc1cc(cc(c1OCC(=O)[O-])I)/C=C(/C#N)\[C@H]2[NH+]=c3ccc(cc3=[NH+]2)C
dude_jak2__L002928,c1ccc2=[NH+]C(=O)CC(=c2c1)C(=O)OCc3cc(=O)oc4c3ccc(c4)O
dude_jak2__L002929,CC(=O)Nc1cccc(c1)n2c(nnn2)SCC(=O)Nc3nc4ccc(cc4s3)F
dude_jak2__L002930,Cc1ccc(cc1C)N2[C@@H](C(=C(N2)C)/C=C(\C#N)/C3[NH+]=c4ccccc4=[NH+]3)O
dude_jak2__L002931,C1CC[C@H]2[C@H](C1)N=NN2C3CCC(CC3)[NH2+]C4(CCCC4)C#N
dude_jak2__L002932,Cc1cc(n(n1)C(C)(C)C)C(=O)N2C[C@@H](C3(C2)CC[NH2+]CC3)C(=O)NCc4ccc5c(c4)OCO5
dude_jak2__L002933,C[C@]1(C(=O)N(C(=O)N1)CN2CCN(CC2)c3cccc[nH+]3)C4CC4
dude_jak2__L002934,CCCC[C@@H](C)C(=O)N1C[C@@H](C2(C1)CC[NH2+]CC2)C(=O)NCCc3cc(cc(c3)OC)OC
dude_jak2__L002935,CCCOc1ccc(cc1)[C@H]2c3c(c4ccccc4oc3=O)OC(=C2C(=O)OCC)N
dude_jak2__L002936,c1cc(ccc1OCC(=O)Nc2c[nH]c(=O)[nH]c2=O)Br
dude_jak2__L002937,c1cc(cc(c1)S(=O)(=O)[N-]c2cc(c([nH+]c2)N3CCC(CC3)[NH+]4CCCCC4)C(=O)[O-])F
dude_jak2__L002938,Cc1ccccc1CN(C)C(=O)CSc2nc3cc(ccc3c(=O)n2C[C@@H](C)O)C(=O)[O-]
dude_jak2__L002939,Cc1ccc(cc1)S(=O)(=O)N(CC(=O)N2CC(=O)Nc3c2cccc3)c4cc(ccc4OC)OC
dude_jak2__L002940,C[NH+](Cc1ccccc1)C[C@H](COc2cc(ccc2OC)C[NH2+]C3(CC3)c4ccccc4)O
dude_jak2__L002941,COc1ccc(c(c1)OC)n2cc(c3c2[C@H](CC(=O)N3)c4ccccc4OC)C(=O)[O-]
dude_jak2__L002942,c1c(cc(c2c1OCO2)Cl)[C@@H](c3nc4c(s3)CCC4)N
dude_jak2__L002943,CCCCN[C@H]1/C(=N/S(=O)(=O)c2cccc(c2)Cl)/[NH+]=c3ccccc3=[NH+]1
dude_jak2__L002944,CC1=NN(c2nc3c(n2C1)c(=O)n(c(=O)n3C)CC[NH+]4CCCCC4)Cc5cccc6c5cccc6
dude_jak2__L002945,COc1ccc(cc1OC)[C@H]2c3c(=O)c4cc(ccc4oc3C(=O)N2Cc5ccco5)Br
dude_jak2__L002946,CC(C)(C)OC(=O)N1CC=C2[C@H](C1)[C@@H](C(C(=C2C#N)N)(C#N)C#N)c3ccccc3Cl
dude_jak2__L002947,CCOc1ccc(cc1)NC(=O)c\2cc3ccccc3o/c2=[NH+]\NS(=O)(=O)c4ccc(cc4)Cl
dude_jak2__L002948,C[C@@H]1CC[C@H]2[C@]([C@@]13CC[C@](O3)(C)CO)(CC[C@@H]([C@@]2(C)CO)O)C
dude_jak2__L002949,CC1(CC(CC([NH2+]1)(C)C)NC(=S)Nc2ccc(cc2)[N+](=O)[O-])C
dude_jak2__L002950,C[C@@H]1CCC[C@H]([C@@H]1C)NC(=O)NNC(=O)c2ccc(cc2)S(=O)(=O)C
dude_jak2__L002951,C[C@@H](c1nnc(n1C)SCC(=O)Nc2nc(cs2)c3ccccc3)N4c5ccccc5OCC4=O
dude_jak2__L002952,c1ccc(cc1)n2cc(c(n2)C(=O)NNC(=O)C3(CC3)c4ccc(cc4)Br)[O-]
dude_jak2__L002953,CCc1cc2c(cc1S(=O)(=O)N3CCC(CC3)C)[nH]c4c2C(=O)CC(C4)(C)C
dude_jak2__L002954,C[C@]12CC[C@H](C1(C)C)C[C@H]2NC(=O)Cn3c(=O)n4ccccc4n3
dude_jak2__L002955,c1cc(ccc1NCC(=O)N/N=C/c2ccc(cc2O)O)I
dude_jak2__L002956,CNC(=O)NC(=O)COC(=O)c1cn(nc1c2ccc(cc2)Cl)c3ccccc3
dude_jak2__L002957,Cc1c(c(=O)oc2c1cc(c(c2)OCC(=O)N=C3[NH+]=c4ccccc4=[NH+]3)Cl)C
dude_jak2__L002958,c1cc(nnc1NNC(=O)Nc2nnc(s2)C3CC3)Cl
dude_jak2__L002959,Cc1c(c(on1)C)C(=O)N2C[C@H](C3(C2)CC[NH2+]CC3)C(=O)NCCC[NH+]4CCCC[C@@H]4C
dude_jak2__L002960,Cc1ccoc1C(=O)OCc2nc(c3c4c(sc3n2)CCCCC4)N
dude_jak2__L002961,CC(C)[C@H](C(=O)NC[C@H](c1cccc(c1)OC)[NH+](C)C)NS(=O)(=O)c2ccc3ccccc3c2
dude_jak2__L002962,CCC(C)(C)n1c(nnn1)[C@@H](c2cc3cc(ccc3[nH]c2=O)OC)N4CCN(CC4)c5cccc(c5)Cl
dude_jak2__L002963,CCOc1ccc(cc1)N2[C@H](NN=C2SCC(=O)N/N=C/C3=c4ccccc4=[NH+]C3)c5ccccc5
dude_jak2__L002964,Cc1ccc(cc1)N[C@@H]2/C(=N/S(=O)(=O)c3ccc(cc3)OC)/[NH+]=c4ccccc4=[NH+]2
dude_jak2__L002965,Cc1c(sc2c1c(=O)n(c(n2)S[C@H](C)c3nc(nc(n3)N(C)C)N)C(C)C)C
dude_jak2__L002966,CCOC1=C[C@@H]2C[C@@H]3CO[P@@](=O)(N[NH+]3C[C@@H]2C=C1OC)[O-]
dude_jak2__L002967,CCc1ccc(c(c1NC(=O)c2ccc(c(c2)[N+](=O)[O-])Sc3nncn3C)CC)Cl
dude_jak2__L002968,c1cc(c(cc1[N+](=O)[O-])Cl)NC(=O)C(=O)NCc2ccsc2
dude_jak2__L002969,Cc1ccc(c(c1)C)NC(=O)c2cc3c(=O)[nH]cnc3s2
dude_jak2__L002970,c1ccc(cc1)[C@H]2C[C@@H]2Nc3cc[nH+]cc3N
dude_jak2__L002971,c1ccc(c(c1)n2c3ccc(cc3nc2CO)N)Br
dude_jak2__L002972,CCOc1cc(cc(c1O)Br)C[NH3+]
dude_jak2__L002973,C1CN(CC(=O)N1)C(=O)CCNC(=O)NC23CC4CC(C2)CC(C4)C3
dude_jak2__L002974,CCOC(=O)c1c2csc(c2c(=O)n(n1)c3ccccc3F)NC(=O)c4cc5ccccc5oc4=O
dude_jak2__L002975,c1ccc(c(c1)CNC(=O)NCc2ccccc2[N+](=O)[O-])n3cccn3
dude_jak2__L002976,CC(C)[C@H](c1ccc2c(c1)OCCO2)NC(=O)CN3C(=O)[C@](NC3=O)(C)c4ccc(cc4)Cl
dude_jak2__L002977,Cc1c(sc2c1c(nc(n2)CSc3nnc(n3c4ccc(cc4)F)C[NH+]5CCCCC5)N)C
dude_jak2__L002978,c1cc(oc1)[C@@H](c2cc3c(cc2Br)[nH]c(=O)[nH]3)Cl
dude_jak2__L002979,Cc1c(cn(n1)C)/C=C\2/C[C@H]3[C@H]4CC=C5C[C@@H](CC[C@@]5([C@@H]4CC[C@@]3([C@@H]2O)C)C)O
dude_jak2__L002980,C[C@@H]1CCCCN1C(=O)NCCc2nnc3n2CCCCC3
dude_jak2__L002981,c1ccc2c(c1)NC[C@H](O2)C(=O)Nc3ccc4c(c3)CCC4
dude_jak2__L002982,C[C@@]12CC[C@H]([C@@]([C@H]1Cc3c(nc(s3)NC(=O)CSC)[C@H]2CC(=O)N(C)CC=C)(C)CO)O
dude_jak2__L002983,COc1ccccc1/C=N/NC(=O)c2cc(cc(c2)[N+](=O)[O-])N
dude_jak2__L002984,Cc1cccc(c1)N\2C(=O)[C@H](S/C2=C(\C#N)/C(=O)N)Cc3cccc(c3)[N+](=O)[O-]
dude_jak2__L002985,Cc1ccc(cc1)n2c(nnc2SCc3nc(cs3)C(=O)N4CCc5ccccc5C4)c6ccco6
dude_jak2__L002986,CC(C)S(=O)(=O)C1=C[C@H]2C[C@H]3CO[P@@](=O)(N[NH+]3C[C@@H]2C=C1Cc4ccccc4)SC
dude_jak2__L002987,Cc1cc(nc(n1)SCc2ccc(cc2)C(=O)NNC(=O)C3=N[C@@H](C(=C3C)C(=O)C)C)C
dude_jak2__L002988,Cc1c2ccccc2oc1[C@H](C)NC(=O)N[C@@H]3c4ccccc4C[C@@H]3O
dude_jak2__L002989,CC(C)S(=O)(=O)C1=C[C@H]2C[C@@H]3CO[P@@](=O)(N[NH+]3C[C@@H]2C=C1c4ccccc4O)Cc5ccccc5
dude_jak2__L002990,c1cc(ccc1NNC(=O)c2cnns2)Br
dude_jak2__L002991,C/C=C\1/C[N+]2([C@H]3Cc4c5cc(ccc5[nH]c4[C@@H]2C[C@@H]1[C@@H]3CO)O)[O-]
dude_jak2__L002992,COCc1c(c2nnc3c(n2n1)C[C@H](CC3=O)c4ccccc4O)c5ccc(cc5)F
dude_jak2__L002993,Cc1ccc2c(c1)cc(c(=O)[nH]2)C[NH+](C3CCCCC3)[C@@H](c4nnnn4C5CCCCC5)C(C)C
dude_jak2__L002994,Cc1c(c(=O)[nH]c(=O)[nH]1)CCC(=O)OCc2c(snn2)Cl
dude_jak2__L002995,CC[NH+](CC)CCN1[C@H](c2c(=O)c3ccc4ccccc4c3oc2C1=O)c5ccc(c(c5)OC)OC
dude_jak2__L002996,Cc1cccc2c1[nH]c(=O)c(c2)[C@@H]3c4ccc5ccccc5c4OC(=C3C#N)N
dude_jak2__L002997,Cc1ccc(c2=[NH+]C(=O)[C@@H](C=c12)[C@H]([C@@H]3NN=NN3C(C)(C)C)N4CCc5ccccc5C4)C
dude_jak2__L002998,CCOC(=O)NC(=O)c1ccsc1NC(=O)[C@@H]2CCCN2S(=O)(=O)c3ccc(cc3)Cl
dude_jak2__L002999,c1cc(cc(c1)F)C[C@H]2CCCN2C(=O)c3ccc4=[NH+]C(=O)C(=O)[NH+]=c4c3
dude_jak2__L003000,C=CCNC(=O)Nc1ccc(cc1)S(=O)(=O)/N=C/2\CCCCCN2
dude_jak2__L003001,C[C@@]12CC[C@@](C1(C)C)(CC2=O)C(=O)NNc3ccc(cc3)[N+](=O)[O-]
dude_jak2__L003002,Cc1ccc2c(c1)CCCN2CC(=O)NN3C(=O)[C@](NC3=O)(C)c4ccc(cc4)OC
dude_jak2__L003003,Cc1ccc(o1)[C@@H]2C=C(N=N2)C(=O)NC3=c4ccccc4=[NH+]C3
dude_jak2__L003004,Cc1ccc(cc1)n2c(=O)c3ccccc3nc2[C@@H](C)N(Cc4ccco4)S(=O)(=O)c5ccc(cc5)F
dude_jak2__L003005,Cc1cc2cc(c(=O)[nH]c2cc1C)C[NH+](C3CCCC3)[C@@H](c4nnnn4C5CCCCC5)C(C)C
dude_jak2__L003006,C[C@H](C(=O)NC1=c2cc(ccc2=[NH+][C@@H]1C(=O)OC)Cl)[NH+]3CCSCC3
dude_jak2__L003007,Cc1ccc(c(c1)NC(=O)C(=O)Nc2ccc(cc2C#N)[N+](=O)[O-])C
dude_jak2__L003008,c1ccc(c(c1)NC(=O)Nc2cccnc2)Br
dude_jak2__L003009,CN(C)S(=O)(=O)c1cccc(c1)C(=O)NNC(=O)COc2ccc3c(c2)c4c(o3)CCCC4
dude_jak2__L003010,Cc1c(c(=O)n2c(n1)CC[C@@H](C2)OC)CC[NH+]3CCC(CC3)c4c5ccc(cc5on4)F
dude_jak2__L003011,Cc1ccccc1CSc2nc3c(c(n2)[O-])[C@@H](CC(=O)N3)c4ccc(c(c4OC)OC)OC
dude_jak2__L003012,CC[C@H]1C(=C(NC(=O)N1)CN2CC[NH+](CC2)CC(=O)N3C[C@@H](C[C@@H](C3)C)C)C(=O)OCC
dude_jak2__L003013,Cc1c(cco1)C(=O)NNC(=O)C23CC4CC(C2)CC(C4)C3
dude_jak2__L003014,Cc1c(cco1)c2nnc(o2)SCC(=O)NCC(=O)Nc3ccccc3Br
dude_jak2__L003015,Cc1c(cco1)c2nnc(n2Cc3ccccc3)SCC(=O)C(=C4N(c5ccccc5N4C)C)C#N
dude_jak2__L003016,CC[C@@H](C)NC(=O)Cn1cc(c(n1)[N+](=O)[O-])Br
dude_jak2__L003017,Cc1nnc2n1N[C@H]([C@H](S2)C(=O)Nc3ccccc3C(F)(F)F)c4ccc(cc4)Cl
dude_jak2__L003018,C[C@@H]1CCc2c(sc3c2c(ncn3)NCCC[NH+]4CCN(CC4)c5ncccn5)C1
dude_jak2__L003019,COc1ccc2=C(C[NH+]=c2c1)CCNC(=O)[C@@H]3CCCN(C3)[C@@H]4C5=NC=NC5=NC(=N4)Cl
dude_jak2__L003020,C[C@H]1CCC[C@@H](C12C(=O)N(C(=O)N2)CN3CC[NH+](CC3)CCOc4ccc(cc4)Cl)C
dude_jak2__L003021,CC(=O)N[C@H]1[C@H]([C@@H]2[C@@H](COC(O2)(C)C)O[C@@H]1Oc3ccc(cc3)C(=O)/C=C/c4ccccc4)O
dude_jak2__L003022,Cc1cc(=O)c(nn1c2ccccc2)C(=O)OCC(=O)N3c4ccccc4SC[C@H]3c5ccccc5
dude_jak2__L003023,c1nnc(s1)NC(=O)C(=O)Nc2nnc(s2)C3CCCCC3
dude_jak2__L003024,CO[C@@H]1CCC[C@H]1NC(=O)c2cc(ccc2[N+](=O)[O-])N
dude_jak2__L003025,CCCC(=O)[C@H]1[C@@H](c2cc3c(cc2C(=O)[C@@H]1Br)OCO3)c4cccc(c4)S(=O)(=O)C(C)C
dude_jak2__L003026,c1cc(ccc1[C@H](CNC(=O)c2c3c(n(n2)[C@@H]4CCS(=O)(=O)C4)CCCC3)[NH+]5CCCCC5)Cl
dude_jak2__L003027,COc1ccccc1NC(=O)c2ccccc2NC(=O)[C@@H]3CC(=O)N(C3)c4ccccc4
dude_jak2__L003028,C[C@@H]1CCC[NH+](C1)[C@@H]2CC(=O)N(C2=O)c3ccc(cc3)N4C(=O)C[C@@H](C4=O)[NH+]5CCC[C@@H](C5)C
dude_jak2__L003029,C[C@H]1CN(C[C@@H](O1)C)C(=O)CS[C@@H]2NN=C(O2)C3=c4ccccc4=[NH+]C3
dude_jak2__L003030,c1ccn(c(=[NH+]C2CCCCC2)c1)C(=O)CN3C(=O)C4(CCCC4)NC3=O
dude_jak2__L003031,CCC(CC)N1C(=O)C[C@H](C1=O)Sc2nc([nH]n2)N
dude_jak2__L003032,c1csc2n1c(c(n2)NN)S(=O)(=O)N3CCCCCCC3
dude_jak2__L003033,c1ccc2=[NH+]C(=O)[C@@H]([NH+]=c2c1)CCC(=O)N3CCN(CC3)C(=O)[C@H]4COc5ccccc5O4
dude_jak2__L003034,CS(=O)(=O)Nc1ccc(cc1)NC(=O)c2ccc(cc2[N+](=O)[O-])Cl
dude_jak2__L003035,c1ccc2c(c1)C(=NS2(=O)=O)Nc3nnc(s3)SCC(=O)Nc4ccc(cc4)Cl
dude_jak2__L003036,Cc1c(cccc1Cl)NC(=O)CCn2c3cc(ccc3cn2)[N+](=O)[O-]
dude_jak2__L003037,CC[C@H](C)NC(=O)CN1c2ccccc2S(=O)(=O)N(C1=O)c3ccccc3C
dude_jak2__L003038,CCOc1cc2c(cc1CNC(=O)CN3C(=O)C4(CCC(CC4)C)NC3=O)O[C@H](C2)C
dude_jak2__L003039,C[C@H]1Cc2cc(ccc2N1C(=O)C)S(=O)(=O)N3CCC(CC3)C(=O)N4CCN(CC4)c5ccccc5F
dude_jak2__L003040,CC(C)Nc3cc(c1c(N)nn2cccnc12)ncn3
dude_jak2__L003041,CCn1c(=O)c2ccccc2nc1NNC(=O)Cn3c4ccccc4cc3c5ccccc5
dude_jak2__L003042,CN(CC(=O)N/N=C/c1ccc(cc1)C(=O)[O-])S(=O)(=O)c2ccc(cc2)Br
dude_jak2__L003043,CCOC(=O)c1cccc(c1)N[C@H]2/C(=N/S(=O)(=O)c3ccccc3)/[NH+]=c4ccccc4=[NH+]2
dude_jak2__L003044,c1ccc(cc1)S(=O)(=O)/N=C\2/[C@@H]([NH+]=c3ccccc3=[NH+]2)NC[C@@H]4CCCO4
dude_jak2__L003045,c1cc(oc1C(=O)NC[C@H]2CCC[NH+]2CC3CCCCC3)S(=O)(=O)N
dude_jak2__L003046,c1ccc(cc1)OCC(=O)N/N=C/[C@H]2C=c3ccccc3=[NH+]C2=O
dude_jak2__L003047,c1cc(c(c(c1)Cl)NC(=O)[C@@H]2CCCCO2)N
dude_jak2__L003048,Cc1ccc2cccc(c2n1)NC(=O)CN3C(=O)[C@@](NC3=O)(C)C4CC4
dude_jak2__L003049,CC1=C([C@H](C(=C(O1)N)C#N)c2ccc(o2)COc3ccc(cc3)Br)C(=O)OC
dude_jak2__L003050,C=CCN1C2=C([C@@H](NC1=O)c3cccc(c3)Cl)C(=O)N(C2)CC(=O)N4CCN(CC4)c5cccc[nH+]5
dude_jak2__L003051,c1ccc2cc(ccc2c1)CC(=O)NNC(=O)c3cc(sc3)S(=O)(=O)N
dude_jak2__L003052,CC(=C)C(=O)NC12CC3CC(C1)CC(C3)C2
dude_jak2__L003053,c1cc(sc1[C@@H]2C(=C(OC3=C2C(=O)CCC3)N)C#N)Cl
dude_jak2__L003054,Cc1ccc(c(c1)NC(=O)CCc2nc(no2)CS[C@H]3[NH+]=c4ccc(cc4=[NH+]3)Cl)OC
dude_jak2__L003055,COCCn\1c2c(cccc2s/c1=N\C(=O)[C@@H]3CCCN3S(=O)(=O)c4ccc(cc4)Cl)F
dude_jak2__L003056,Cc1nc(cs1)/C=C(\C)/[C@@H]2C[C@@H]3[C@H](O3)CCC[C@@H]([C@@H]([C@H](C(=O)C([C@H](CC(=O)O2)O)(C)C)C)O)C
dude_jak2__L003057,c1ccc(cc1)[C@H]2c3ccsc3CC[NH+]2CCC(=O)N4CCCN(CC4)S(=O)(=O)c5ccccc5
dude_jak2__L003058,Cc1ccc(cc1)C2=NNC(=Nc3c2cc(cc3)Br)c4cccs4
dude_jak2__L003059,CCOC(=O)C1=C(Nc2nc(nn2[C@@H]1c3ccc(cc3)C)SCc4ccc(cc4)C(=O)[O-])C
dude_jak2__L003060,c1ccc2=[NH+]C([NH+]=c2c1)CCNC(=O)CS[C@@H]3N[C@@H](Nc4n3[nH]c(=O)c4)c5ccco5
dude_jak2__L003061,CC[C@@H](c1nnnn1C[C@@H]2CCCO2)[NH+](Cc3cc4cc5c(cc4[nH]c3=O)OCO5)C6CCCCC6
dude_jak2__L003062,Cc1c(sc(n1)NC(=O)NN[C@H]2CCS(=O)(=O)C2)C
dude_jak2__L003063,Cc1cccc(c1)n2c(cc(=O)[nH+]c2SCC(=O)NC3CCCCC3)N
dude_jak2__L003064,Cc1ccc(cc1)S(=O)(=O)O[C@H]2CN([C@H]3CO[C@H](O[C@@H]3[C@@H]2O)c4ccccc4)C(=O)OC(C)(C)C
dude_jak2__L003065,Cc1c(c2ccccc2s1)[C@@H]3CC(=O)N[C@H]4C3=C(NN4C5[NH+]=c6ccccc6=[NH+]5)C
dude_jak2__L003066,Cc1ccc2c(c1)-c3c(cnn3CC(=O)Nc4ccc(cc4C)Br)CO2
dude_jak2__L003067,C[C@@H](C(=O)NCCc1ccccc1)NC(=O)[C@@H]2CC3=c4ccccc4=[NH+][C@@H]3[C@@H]5N2C(=O)c6c5cccc6
dude_jak2__L003068,CNC(=O)NC(=O)COC(=O)c1cc2ccccc2[nH]1
dude_jak2__L003069,CC[C@]1(CC[NH+](C1)Cc2cc(=O)n3c(n2)scn3)C(=O)[O-]
dude_jak2__L003070,CCn1cc(cn1)NC(=O)NNC(=O)[C@@H](C)Oc2c(cc(cc2C)Cl)C
dude_jak2__L003071,Cc1ccc(cc1)O[C@@H](C)CNC(=O)[C@@H]2CN(CC23CC[NH2+]CC3)C(=O)c4c(ccc(c4F)C)Cl
dude_jak2__L003072,c1ccc(cc1)c2cc(n[nH]2)c3n[nH]c(=S)n3/N=C/c4cc(ccc4F)Br
dude_jak2__L003073,CCc1c[nH+]c2c(c1NOCc3ccc(cc3)Br)c(=O)n(c(=O)n2C)C
dude_jak2__L003074,CCC(=O)[C@H]1[C@@H](c2cc3c(cc2C(=O)[C@@H]1c4ccccc4O)OCO3)c5cccc(c5)S(=O)(=O)C(C)C
dude_jak2__L003075,Cc1ccsc1C(=O)NNC(=O)N[C@@H](C)c2c(nn(c2C)C)C
dude_jak2__L003076,c1ccc(cc1)CSCCNC(=O)[C@@H]2CN(CC23CC[NH2+]CC3)C(=O)c4cccc(c4F)Cl
dude_jak2__L003077,C[C@@H]1C(=C(N=N1)C)CCC2=[NH+]C3=c4ccccc4=[NH+][C@@H](N3N2)SCC(=O)N[C@@H]5C=C(N=N5)C
dude_jak2__L003078,c1cc(ccc1N(CC(=O)N)S(=O)(=O)c2cc(ccc2Cl)[N+](=O)[O-])Cl
dude_jak2__L003079,c1ccc(c(c1)[C@H]2[C@H]3[C@@H](NN=C3C(F)(F)F)OC(=C2C#N)N)Cl
dude_jak2__L003080,Nc2nn1cccnc1c2c5cc(N3CCCC3c4ccc(F)cc4)ncn5
dude_jak2__L003081,C[C@@H](c1nnc(n1c2ccc(cc2)Cl)SCC(=O)N3CCc4c3cccc4)[NH+]5CCCCC5
dude_jak2__L003082,[H]/N=C\1/C(=C/c2ccc(o2)c3ccc(c(c3)Cl)Cl)/C(=O)N=C4N1N=C(S4)COc5ccccc5C
dude_jak2__L003083,CCn1cc(c(=O)c2c1nc(cc2)C)C(=O)NC[C@H](c3ccc4c(c3)CCN4C)[NH+]5CCCCC5
dude_jak2__L003084,Cc1ncc(n1CCOC(=O)N[C@H](C(Cl)(Cl)Cl)[NH2+]C[C@@H]2COc3ccccc3O2)[N+](=O)[O-]
dude_jak2__L003085,Cc1ccc2c(c1)OC(C[C@H]2NC(=O)C3CC[NH+](CC3)Cc4nc(no4)c5ccc(cc5Cl)Cl)(C)C
dude_jak2__L003086,c1ccc2=[NH+]/C(=N\S(=O)(=O)c3cccc4c3nsn4)/[C@@H]([NH+]=c2c1)NCc5cccs5
dude_jak2__L003087,CCC(C)(C)n1c(nnn1)[C@H](c2cc3cc(ccc3[nH]c2=O)OC)N4CCN(CC4)c5cccc(c5)Cl
dude_jak2__L003088,Cc1cccc(c1OCCn2cc(c3c2cccc3)/C=C\4/C(=[NH2+])N5C(=NC4=O)SN=C5S(=O)(=O)C)C
dude_jak2__L003089,c1cc(ccc1O)Oc2ccc(cc2)Cl
dude_jak2__L003090,CCN(c1ccccc1)C(=O)c2c(c\3c(o2)CCC/C3=N\NC(=O)N)C
dude_jak2__L003091,c1ccc(cc1)C[C@@H](C(=O)[O-])NC(=O)/C(=C\c2ccc(cc2)Cl)/NC(=O)c3ccco3
dude_jak2__L003092,CCCNC(=O)[C@H](Cc1ccccc1)NC(=O)[C@@H]2CC3=c4ccccc4=[NH+][C@H]3[C@H]5N2C(=O)c6c5cccc6
dude_jak2__L003093,CN1[C@H](Nc2ccc(cc2C1=O)I)/C=C/C3=c4cc(ccc4=[NH+]C3)OC
dude_jak2__L003094,CC(C)S(=O)(=O)C(=O)[C@@H]1[C@H](C(=O)c2cc3c(cc2[C@H]1c4cccc(c4)O)OCO3)Cc5ccccc5
dude_jak2__L003095,c1cn[nH]c1[C@H](c2cc3c(cc2Br)[nH]c(=O)[nH]3)Br
dude_jak2__L003096,C[C@H](Nc4nc(n1cnc2ccncc12)nc5n(C)c(C(=O)N3CCOCC3)cc45)c6ccccc6
dude_jak2__L003097,[H]/N=C\1/NC(=O)/C(=C/c2ccc(o2)c3ccc(cc3Cl)Cl)/S1
dude_jak2__L003098,CN6CCN(c5ccc(c4cnc3cccc(c2cc(F)c(CN1CCS(=O)(=O)CC1)c(F)c2)c3n4)cn5)CC6
dude_jak2__L003099,c1ccc(cc1)Cn2c(=O)c(c([nH]c2=O)[O-])[C@H]3c4c(c5ccccc5[nH]4)CC[NH2+]3
dude_jak2__L003100,c1ccc(cc1)C2=C[C@H](N=N2)[C@H]3Nn4c(nnc4S3)c5ccncc5
dude_jak2__L003101,COc1ccc(cc1OC)[C@@H]2NN[C@@H](N2c3ccccc3)SCC(=O)N/N=C/C4=c5ccccc5=[NH+]C4
dude_jak2__L003102,Cc1nc2c3ccccc3nc(n2n1)S[C@@H](C)C(=O)N4c5ccccc5NC(=O)C4(C)C
dude_jak2__L003103,Cc1c[nH+]c2c(c1NOCc3ccccc3F)c(=O)n(c(=O)n2C)C
dude_jak2__L003104,CC[NH+]1CCN(CC1)c2c(c(nn2c3cccc(c3)F)C)CN(C4CC4)C(=O)c5cccc(c5)[N+](=O)[O-]
dude_jak2__L003105,C[NH+](Cc1ccc(cc1)OC(F)F)Cn2c(=S)n(c(n2)[C@@H]3COc4ccccc4O3)c5ccccc5
dude_jak2__L003106,Cc1ccc(cc1[N+](=O)[O-])[C@@H](C)[NH2+]C[C@H]2CCS(=O)(=O)C2
dude_jak2__L003107,C[C@@H]1CC(=O)Nc2ccccc2N1C(=O)C[NH+](C)[C@@H](C)C(=O)Nc3c(cccc3F)F
dude_jak2__L003108,COc1cc(c(cc1OC)OC)[C@@H]2CC(=O)Nc3c2n(cc3C(=O)[O-])c4ccccc4F
dude_jak2__L003109,CS(=O)(=O)NC1CC[NH+](CC1)[C@H](c2ccccc2)C(=O)Nc3ccc(c(c3)[N+](=O)[O-])Cl
dude_jak2__L003110,C[C@]12CC[C@H](C[C@@H]1CC[C@@H]3[C@@H]2CC[C@]4([C@@]3(C[C@@H]([C@@H]4c5ccc(=O)oc5)C(=O)OC)O)C)O
dude_jak2__L003111,Cc1cc(cc(c1)NC(=O)CC[C@H]2C(=O)N(C(=O)N2)CCC3=c4cc(ccc4=[NH+]C3)Cl)C
dude_jak2__L003112,CC1=C([C@@H](CC(=O)N1)c2cc(ccc2Cl)[N+](=O)[O-])C(=O)OC3CCCCC3
dude_jak2__L003113,c1ccc(cc1)C[C@H](C(=O)N2CCC3(CC2)[C@@H]4C(=NC=N4)CC[NH2+]3)NC(=O)c5ccc6c(c5)OCO6
dude_jak2__L003114,Cc1cccc(c1NC(=O)CSc2nnc(n2C)COc3ccccc3Cl)C(=O)[O-]
dude_jak2__L003115,c1c(c(nn1CC[C@@H]2CCCC[NH2+]2)[N+](=O)[O-])Br
dude_jak2__L003116,CCNC1=N[C@H]2[C@H](S1)C3=C([C@@H](C(=C(O3)N)C#N)c4cccs4)C(=O)N2
dude_jak2__L003117,CNC(=O)c1ccc(c(c1)NC(=O)c2ccn(n2)c3cccc(c3)[N+](=O)[O-])Cl
dude_jak2__L003118,CC[C@@H]1C[NH+](Cc2cc(ccc2O1)OC)CCNC(=O)c3cc4ccccc4oc3=O
dude_jak2__L003119,Cc1ccc(cc1)c2nnc(n2c3ccc(cc3)Cl)SCC(=O)c4ccc5c(c4)NC(=O)CO5
dude_jak2__L003120,C1CCC(C1)NC(=O)NNC(=O)[C@@H]2CCS(=O)(=O)C2
dude_jak2__L003121,Cc1cccc(c1)OCCNC(=O)C(=O)Nc2cc(c(cc2F)F)[N+](=O)[O-]
dude_jak2__L003122,Cc1c(c(n2c(n1)c3ccccc3n2)C)CCC(=O)Nc4cc(c[nH]c4=O)C(F)(F)F
dude_jak2__L003123,CC[C@]1(C(=O)N(C(=O)N1)CC(=O)/N=c/2\n(ccs2)Cc3ccccc3Cl)C
dude_jak2__L003124,CCCc1c[nH+]c2c(c1NOCC(=O)Nc3ccccc3F)c(=O)n(c(=O)n2C)C
dude_jak2__L003125,c1csc(c1C#N)NC(=O)c2cc(c(c(c2)Cl)Cl)N
dude_jak2__L003126,C[C@@H](C(=O)c1c(n(c(=O)[nH]c1=O)c2cccc(c2)OC)N)Cl
dude_jak2__L003127,c1ccnc(c1)c2nnc3n2nc(s3)c4c(c[nH]n4)Br
dude_jak2__L003128,c1ccc2c(c1)Cc3ccccc3C2[NH2+]Cc4[n-]nnn4
dude_jak2__L003129,Cc1c2c(=O)[nH]c(nc2sc1C(=O)OC)CN3CC[NH+](CC3)CC(=O)N4C[C@H](C[C@@H](C4)C)C
dude_jak2__L003130,Cc1cccc(c1)/C=C\2/C(=O)N(C(=O)S2)CC(=O)Nc3cc(ccc3O)[N+](=O)[O-]
dude_jak2__L003131,CCCOc1ccc(cc1)[C@H]2c3c(n[nH]c3C(=O)N2[C@H]4CCS(=O)(=O)C4)c5ccccc5O
dude_jak2__L003132,C[C@H](C(=O)NC12CC3CC(C1)CC(C3)C2)N4c5cccc6c5c(ccc6)S4(=O)=O
dude_jak2__L003133,Cn1c2c(c(=O)n(c1=O)C)C([NH+]=C(N2)c3cccc(c3)[N+](=O)[O-])(C(F)(F)F)C(F)(F)F
dude_jak2__L003134,c1ccc2=[NH+]CC(=c2c1)C[NH+]3CCC[C@@H](C3)Cn4cc(nn4)C5(CCCC5)O
dude_jak2__L003135,Cc1ccccc1N2CC[NH+](CC2)C[C@H](Cn3c4ccccc4n5c3c(c(cc5=O)C)C#N)O
dude_jak2__L003136,COc1cccc(c1)n2cc(c3c2[C@H](CC(=O)N3)c4ccc(cc4OC)OC)C(=O)[O-]
dude_jak2__L003137,CC[NH+](CC(=O)Nc1c2c(c(n[nH]c2=O)C)c(o1)C)[C@H](C)c3ccc(cc3)C#N
dude_jak2__L003138,CC(=O)Oc1ccc(cc1OC)/C=N/N2[C@H]([NH+]=NC2=S)c3ccccc3Cl
dude_jak2__L003139,c1cc2=[NH+][C@@H]([NH+]=c2cc1[N+](=O)[O-])SCC(=O)NCCC34CC5CC(C3)CC(C5)C4
dude_jak2__L003140,CCOc1cc(ccc1OC(F)F)C[NH2+]Cc2cccc(c2)C[NH+](C)C(C)C
dude_jak2__L003141,Cc1c(c2c(=O)[nH]cnc2o1)C(=O)Nc3cccnc3
dude_jak2__L003142,Cc1c(sc2c1c(nc(n2)Cn3cncn3)NN)C
dude_jak2__L003143,c1cc2c(c(c1)NC(=O)c3cc(nc(c3)Cl)N)CCCC2
dude_jak2__L003144,C[C@]1(CCS(=O)(=O)C1)Nc2ccc(c3c2non3)N
dude_jak2__L003145,C[C@H](Nc4nc(n1cnc2ccncc12)nc5n(C)c(C(=O)NS(=O)(=O)c3ccccc3)cc45)c6ccccc6
dude_jak2__L003146,C[C@@H]1CCCN(C1)c2[nH]c(=O)c3c(n2)CC[NH+](C3)Cc4coc5ccccc5c4=O
dude_jak2__L003147,C[C@@H]1[C@@H](Oc2ccccc2O1)C(=O)Nc3c(c4c(s3)CN(CC4)C(=O)C)C#N
dude_jak2__L003148,CN(CC(=O)N1CCCC1)C(=O)C2(CCCC2)/C(=N/O)/N
dude_jak2__L003149,c1cc(ccc1C2=NN=C[C@@H]2/C=N/N3[C@@H](NN[C@@H]3S)C(F)(F)Cl)Br
dude_jak2__L003150,CC(C)(C)NC(=O)[C@@H](c1c(cc(cc1O)O)O)N(C=O)c2ccccc2Cl
dude_jak2__L003151,CC(C)S(=O)(=O)[C@@]1(CN(C(=O)N1CC2(CCN(CC2)Cl)C3CCCCC3)Br)C
dude_jak2__L003152,CCc1ccccc1NC(=O)[C@@H]2CCCN2S(=O)(=O)c3ccc(s3)c4ccc(=O)[nH]n4
dude_jak2__L003153,Cc1ccccc1[C@H]2[C@H]3C(=c4ccccc4=[NH+]3)C[C@@H]5N2C(=O)N(C5=O)c6ccccc6C(=O)NCC(C)C
dude_jak2__L003154,CC(C)[C@@](C)(C#N)NC(=O)CS[C@@H]1NN=C(N1C2CC2)C3=c4ccccc4=[NH+]C3
dude_jak2__L003155,c1ccc(c(c1)CC(=O)N)NC(=O)NCC2(CCCC2)c3ccc(cc3)Cl
dude_jak2__L003156,C[NH+]1CCCC[C@H]1CNc2c(ccc(c2F)F)N
dude_jak2__L003157,C[C@H](C(=O)c1c(n(c(=O)n(c1=O)C)C)N)[NH+]2CCC(CC2)C[NH+](C)Cc3ccccc3
dude_jak2__L003158,CN(c1ccccc1)S(=O)(=O)c2ccc(c(c2)C(=O)OCc3cc(=O)n4ccsc4n3)Cl
dude_jak2__L003159,Cc1ccc(c(c1)S(=O)(=O)Nc2ccc(c(c2)C(=O)[O-])N(C)CCCc3c(nn(c3C)C)C)C
dude_jak2__L003160,Cn1c2c(cn1)c(nc(n2)CN(C)Cc3ccco3)N
dude_jak2__L003161,c1cc(cnc1)NC(=O)c2cc3n(n2)[C@H](C[C@@H](N3)c4ccco4)C(F)(F)F
dude_jak2__L003162,CCOc1cc(ccc1OC(=O)c2ccco2)[C@H]3N(N=C(O3)c4cc(ccc4OC(=O)C)Cl)C(=O)C
dude_jak2__L003163,CN(C)S(=O)(=O)c1cc(ccc1Cl)C(=O)Nc2cc3c(cc2C(=O)[O-])OCCCO3
dude_jak2__L003164,CCN(CC)c1ccc(cc1)[C@@H]2c3c(nn(c3NC(=O)CS2)c4nc(cc(n4)C)C)c5ccccc5
dude_jak2__L003165,C[C@]1(C(=O)N(C(=O)N1)CC(=O)NC[C@@H]2COc3ccccc3O2)c4cc5ccccc5o4
dude_jak2__L003166,Cc1ccc(cc1S(=O)(=O)NC[C@H](c2ccc3c(c2)CCCN3C)N4CC[NH+](CC4)C)[N+](=O)[O-]
dude_jak2__L003167,COc1ccccc1NC(=O)Cn2c3c4c(sc3c(=O)n(c2=O)c5cccc(c5)Cl)CCCC4
dude_jak2__L003168,c1ccc2=[NH+]C([NH+]=c2c1)[C@H]3CC(=NN3C(=O)CCCC(=O)[O-])c4ccc(cc4)Br
dude_jak2__L003169,C/C=C\[C@@H](C(=O)NCS(=O)(=O)c1ccc(cc1)C)N(C2CCCCC2)C(=O)c3cccc(c3)[N+](=O)[O-]
dude_jak2__L003170,CCn1c(=O)c2ccccc2nc1NNC(=O)c3ccc(cc3)C(C)(C)C
dude_jak2__L003171,c1ccc(cc1)n2cc(cn2)/C=C/C(=O)c3ccc(cc3)S(=O)(=O)NCc4ccc(cc4)C(=O)[O-]
dude_jak2__L003172,CCOc1ccccc1[C@H]2c3c([nH]c(=O)[nH]c3=O)NC(=C2C(=O)OCC=C)C
dude_jak2__L003173,CC(=O)O[C@@H]1CCC([C@H]2[C@@]1([C@@H]3[C@@H](C[C@H]4[C@H]([C@]3([C@@H](C2)OC(=O)C)C(=O)C4=C)OC(=O)C)OC(=O)C)C)(C)C
dude_jak2__L003174,CS(=O)(=O)N[C@H]1Nc2ccc(cc2S1)NC(=O)CCC3[NH+]=c4ccccc4=[NH+]3
dude_jak2__L003175,CCN(C[C@H]1COc2ccccc2O1)C(=O)CN3C(=O)[C@@H](NC3=O)CC4=c5ccccc5=[NH+]C4
dude_jak2__L003176,CC(C)[C@H](C(=O)[O-])n1c(=O)c2ccccc2nc1SCC(=O)Nc3c(ccs3)C#N
dude_jak2__L003177,Cc1c(c2ccccc2[nH]1)/C=N/NC(=O)c3cc(n[nH]3)c4ccco4
dude_jak2__L003178,CS(=O)(=O)N1CCC[NH+](CC1)CC(=O)NCCN2C(=O)/C(=C/c3ccccc3F)/SC2=O
dude_jak2__L003179,CC1=C[C@@H](N=N1)[C@@H]2NN[C@@H](N2/N=C/c3ccc(cc3)OC)S
dude_jak2__L003180,Cc1cccc2c1NC(=O)[C@@H]2Nc3ccc(cc3Br)Br
dude_jak2__L003181,Cc1c(c(nc(n1)C)N2CCCN(CC2)S(=O)(=O)C[C@@]34CC[C@@H](C3(C)C)CC4=O)Cc5ccccc5
dude_jak2__L003182,CCCN(CCC)c1c(c(=O)n2cccc(c2n1)C)/C=C\3/C(=O)N(C(=S)S3)[C@H]4CCS(=O)(=O)C4
dude_jak2__L003183,C[C@H]1CCCC[C@@]12C(=O)N(C(=O)N2)CC(=O)OCC(=O)Nc3c(cccc3Cl)Cl
dude_jak2__L003184,Cc1ccc2=[NH+]CC(=c2c1)CCNC(=O)CCC[C@@H]3N=N[C@H](S3)C(=O)Nc4cccc(c4)Cl
dude_jak2__L003185,c1ccc2c(c1)C(=O)N(C2=O)CCSc3nc4c(c5c(s4)CCC5)c(=O)n3Cc6ccco6
dude_jak2__L003186,CCOc1ccc(c(c1)[N+](=O)[O-])NC(=O)c2c(c3cc(ccc3o2)Br)C
dude_jak2__L003187,CC1(C[C@](c2cc(ccc2O1)Cl)(C(=O)[O-])[NH3+])C
dude_jak2__L003188,CNC(=O)NC1=C(C2(CCCCC2)Cc3c1cccc3)C#N
dude_jak2__L003189,CCCN(Cc1[nH]c(=O)c2c(n1)ccs2)S(=O)(=O)c3cc(cc(c3C)C)C(=O)[O-]
dude_jak2__L003190,Cc1c(cccc1[N+](=O)[O-])NC(=O)C[NH+]2CCNC(=O)[C@H]2c3c(nn(c3C)c4ccccc4)C
dude_jak2__L003191,CCc1ccc2c(c1)c(=O)cc(o2)C(=O)Nc3ccc(cc3)S(=O)(=O)N4C[C@H](Oc5c4cccc5)C
dude_jak2__L003192,Cc1ccc(cc1)n2c(=O)c3c(nc2SCC4OCCO4)n(c(=S)s3)c5ccc(c(c5)C)Cl
dude_jak2__L003193,c1ccc(c(c1)C(=S)N)Nc2ccc3c(c2)OC(O3)(F)F
dude_jak2__L003194,Cc1ccc(c(c1)OCC(=O)OCc2cc(oc-3cc(=[NH+]C(=O)C)ccc23)O)C(C)C
dude_jak2__L003195,C[C@@H](c1cc(ccc1O)OC)Nc2ccc(=O)n(c2)C
dude_jak2__L003196,C[C@@H]1Cc2c(nn(c2NC1=O)C)NC(=O)Cc3c[nH]c4c3cccc4
dude_jak2__L003197,Cc1csc(n1)NC(=O)[C@H](C)Sc2nnc(n2C)CC(=O)Nc3cccc(c3)Cl
dude_jak2__L003198,Cc1ccc(c(c1)C2=C3[C@@H](N(C(=O)[C@H]3N=N2)CCO)c4cccc(c4)O)O
dude_jak2__L003199,c1ccc2c(c1)CCc3ccccc3N2C(=O)COC(=O)c4cc(sc4)S(=O)(=O)N
dude_jak2__L003200,C[C@@H]1C[C@H](CN(C1)c2c(c(=O)n3ccccc3n2)/C=C\4/C(=O)N(C(=S)S4)CCc5ccccc5)C
dude_jak2__L003201,CCCCn1c(c(c(c(c1=O)C#N)C)/C=C\2/C(=O)N(C(=S)S2)C)N3CCN(CC3)c4ccc(cc4)F
dude_jak2__L003202,Cc1cccc(c1)OCC(=O)O[C@H](C)C(=O)Nc2ccc3c(c2)C(=O)c4ccccc4C3=O
dude_jak2__L003203,CCCn\1c2ccccc2[nH]/c1=N\C(=O)CSc3ccc(cc3)[N+](=O)[O-]
dude_jak2__L003204,Cc1ccc(o1)C(=O)Nc2cccc(c2C)N
dude_jak2__L003205,CC(C)n1c(nnc1SCc2ccccc2)[C@@H]3CCC[NH+](C3)CC(=O)N4CCCc5c4cccc5
dude_jak2__L003206,CCc1nc(no1)CSc2nnc(n2N)c3ccc(cc3Cl)Cl
dude_jak2__L003207,Cc1c(cccc1S(=O)(=O)N2C[C@H](OC(C2)(C)C)C)N
dude_jak2__L003208,CCc1cc(=O)[nH]c(n1)n2c(cc(n2)c3cccs3)NC(=O)c4ccccc4SC
dude_jak2__L003209,COC(C[NH2+][C@H](c1ccc2c(c1)OCO2)[C@H](c3ccc4c(c3)OCO4)O)OC
dude_jak2__L003210,CC(=O)c1ccccc1NC(=O)CN2C(=O)[C@@]3(CCc4c3cccc4)NC2=O
dude_jak2__L003211,CC(C)(C)NC(=O)[C@H](c1ccc(cc1)[N+](=O)[O-])N(C2CCCCC2)C(=O)[C@@H]3CCC(=O)N3
dude_jak2__L003212,Cc1ccc(c2c1[C@H](CC2=O)C)OCC(=O)NNC(=O)c3c(nc(s3)c4ccccc4)C
dude_jak2__L003213,CCOC(=O)N1CCc2c(sc(n2)NC(=O)[C@H]3CCCCN3S(=O)(=O)c4ccc(s4)Cl)C1
dude_jak2__L003214,c1ccc2=[NH+]C(=O)[C@@H](C=c2c1)/C=N/NC(=O)C3CCCCC3
dude_jak2__L003215,CCOc1ccc(cc1)N([C@@H](c2cn(nc2C)C)C(=O)NC3CCCCC3)C(=O)[C@H]4COc5ccccc5O4
dude_jak2__L003216,C[NH+]1CC[C@@H](C1)N(C)c2cccc3n2cc([nH+]3)CN(C)[C@H]4CCCc5c4nccc5
dude_jak2__L003217,c1ncn(n1)c2nc(nc(n2)Cl)NCCC(F)(F)F
dude_jak2__L003218,Cc1c(n2c3c(nc2n1CC[NH+](C)C)n(c(=O)n(c3=O)Cc4ccc(cc4)F)C)C
dude_jak2__L003219,C[C@H]1CCCCN1C(=O)[C@H](C)NC(=O)Nc2ccc3c(c2)CCCN3C(=O)C
dude_jak2__L003220,C[C@@H](C(=O)Nc1ccccc1[N+](=O)[O-])Sc2nc3ccccc3c(=O)n2C
dude_jak2__L003221,CC[NH2+]Cc1c(nc2n1ccs2)n3c(c(c(n3)C)Cl)C
dude_jak2__L003222,c1ccc(c(c1)C[NH+]2CCCN(CC2)c3[nH]c(=O)cc(n3)CN4CC[NH+](CC4)C5CCCCC5)O
dude_jak2__L003223,Cc1c(c(n(n1)C)C)[C@@H](C)NC(=O)C(=O)c2c(nn(c2C)C)C
dude_jak2__L003224,c1ccc(c(c1)NC(=O)/C(=C/c2cccn2c3ccc(cc3)[N+](=O)[O-])/C#N)Cl
dude_jak2__L003225,Cc1ccccc1Oc2c(c(=O)n3ccccc3n2)/C=C/4\C(=O)N(C(=S)S4)[C@@H](C)c5ccccc5
dude_jak2__L003226,CC[NH+]1CCN(CC1)[C@H](C)CNC(=O)C(=O)/N=c\2/[nH]c3ccccc3s2
dude_jak2__L003227,C[C@@H](C(C)C)NC(=O)Nc1cc2c(nc1)n(c(=O)n(c2=O)C)C
dude_jak2__L003228,CC(C)(C)OC(=O)NCCNC(=O)C1CCN(CC1)C(=O)N(C)C
dude_jak2__L003229,c1ccc(cc1)CNS(=O)(=O)c2cccc(c2)C(=O)NNC(=O)CCc3cccs3
dude_jak2__L003230,C[C@@H]1C/C(=N\O)/c2c1ccc(c2)C(C)(C)C
dude_jak2__L003231,Cc1cccc(c1)N2C(=O)C[C@H](C2=O)Nc3cccc(c3)O
dude_jak2__L003232,COC(=O)c1ccccc1NC(=O)C2=CC3=[NH+][C@H](C[C@H](N3N2)C(F)F)C(F)F
dude_jak2__L003233,c1ccc2c(c1)[C@@H]3N(C2=O)[C@@H](CS3)C(=O)N4CCC[C@@H](C4)C(=O)NC5[NH+]=c6ccccc6=[NH+]5
dude_jak2__L003234,COc1ccc(cc1N2C(=O)[C@H]3[C@@H]4CCC[NH+]4[C@@]5([C@@H]3C2=O)c6ccccc6NC5=O)[N+](=O)[O-]
dude_jak2__L003235,CCc1nn2c(=O)cc(nc2s1)COC(=O)c3cc4c(nn(c4s3)c5ccccc5Cl)C
dude_jak2__L003236,C[NH+]1CCN(CC1)[C@H](CNS(=O)(=O)c2ccc(cc2)[N+](=O)[O-])c3ccc4c(c3)CCCN4C
dude_jak2__L003237,Cc1ccc(cc1N2[C@H](N[NH2+]N2)SCC(=O)NCCC3=c4ccc(cc4=[NH+]C3)OC)Cl
dude_jak2__L003238,CN1C(=O)c2ccc(cc2C1=O)N[C@@H]3CC[NH+](C3)C4CC4
dude_jak2__L003239,C[C@]1\2CC[C@H]3[C@@H]([C@@H]1CC/C2=N\N)CC=C4[C@@]3(CC[C@@H](C4)O)C
dude_jak2__L003240,Cc1cc(ccc1NC(=O)C(=O)NC[C@H](c2ccc3c(c2)CCCN3C)[NH+]4CCCC4)[N+](=O)[O-]
dude_jak2__L003241,COc1cccc(c1)C2=NN([C@@H](C2)c3cn(nc3c4ccccc4)c5ccccc5)S(=O)(=O)C
dude_jak2__L003242,c1ccc2c(c1)/c(=[NH+]/CC[NH+]3CCN(CC3)C(=O)/C=C/c4ccco4)/cc(o2)O
dude_jak2__L003243,COc1ccc2c(c1)[C@@]3([C@H]4[C@@H]([C@H]5[NH+]3CCC5)C(=O)N(C4=O)c6ccc(cc6)[N+](=O)[O-])C(=O)N2
dude_jak2__L003244,Cc1ccc(cc1)[C@H](CNC(=O)Nc2cc(ccc2OC)C(=O)N(C)C)[NH+](C)C
dude_jak2__L003245,c1cc(sc1)[C@H](CNC(=O)c2c3c(n(n2)[C@@H]4CCS(=O)(=O)C4)CCCC3)[NH+]5CCCC5
dude_jak2__L003246,c1cc(ccc1NC(=O)c2c3c(sc2n4cnnn4)CCCC3)O
dude_jak2__L003247,CCOCCn\1c2ccc(cc2s/c1=N\C(=O)c3ccccc3C)S(=O)(=O)N
dude_jak2__L003248,Cc1ccc(cc1)S(=O)(=O)NCCc2nnc(s2)NC(=O)[C@@H]3CC(=O)N(C3)c4cccc(c4)C
dude_jak2__L003249,C[C@@H](c1ccc(c(c1)Cl)Cl)NC(=O)CN2C(=O)[C@](NC2=O)(C)c3ccc(cc3)OC
dude_jak2__L003250,CCOc1ccccc1C[NH+]2CCNC(=O)[C@@H]2CC(=O)NCC3CC[NH+](CC3)CCOC
dude_jak2__L003251,CC(C)(C)OC(=O)[C@H]1CC[C@@H](C[NH2+]1)C(=O)Oc2ccc3c(c2)oc(=O)c4c3CCCC4
dude_jak2__L003252,c1cc(c(cc1N)Br)Oc2ccc3c(c2)OCO3
dude_jak2__L003253,C[C@@]1(C(=O)N(C(=O)N1)NC(=O)CCN2CCSC2=O)c3ccccc3
dude_jak2__L003254,C[C@H](C(=O)Nc1ccc(cc1)O)N2C(=O)/C(=C/c3ccc(cc3O)O)/SC2=S
dude_jak2__L003255,c1ccc2c(c1)NC(=O)/C(=C(\C(=O)Nc3ccc(cc3)Cl)/Cl)/S2
dude_jak2__L003256,Cc1c(c(n(n1)Cc2cccc(c2)c3[n-]n4cnc-5n[nH+]cc5c4n3)C)Br
dude_jak2__L003257,Cc1ccc(c(c1)c2csc3c2c(=O)[nH]c(n3)C[NH+](Cc4ccco4)C[C@@H](COCC#C)O)C
dude_jak2__L003258,c1ccc(cc1)c2c(c[nH]n2)/C=N/NC(=O)CSc3nnnn3c4ccc(cc4)Cl
dude_jak2__L003259,Cc1ccc(c(c1)NC(=O)c2cn(nc2C(=O)Nc3cc(ccc3OC)C)C)OC
dude_jak2__L003260,C[C@H](C(=O)NC12CC3CC(C1)CC(C3)C2)Sc4nnnn4c5cccc(c5)NC(=O)C
dude_jak2__L003261,CCOC(=O)c1ccc(cc1)NC(=O)CCS(=O)(=O)c2cc3c(cc2Cl)NC(=O)CO3
dude_jak2__L003262,COCC[NH+]1CCC[C@@]2(C1)CC[NH+](C2)C3CCN(CC3)c4ccc5c(c4)OCO5
dude_jak2__L003263,Cc1ccc(c2c1cc(c(=O)[nH]2)[C@H](c3nnnn3C(C)(C)C)[NH+]4CCCCCC4)C
dude_jak2__L003264,Cc1cc(nc2c1[C@H]3[C@H](S2)C(=O)N[C@@H](N3)[C@@H]4C=NN=C4c5ccc(cc5)Cl)C(F)(F)F
dude_jak2__L003265,CN4CCN(Cc3cccc(Nc2nccc(c1ccc(NS(C)(=O)=O)cc1)n2)c3)CC4
dude_jak2__L003266,CCn\1c2c(ccc(c2s/c1=N\C(=O)[C@@H]3CCCN3S(=O)(=O)c4cccs4)OC)OC
dude_jak2__L003267,Cc1ccc(cc1)S(=O)(=O)N(CC(=O)N(Cc2ccc(cc2)F)C3CCN(CC3)C(=O)N(C)C)C4CC4
dude_jak2__L003268,CN(C)[C@H]4CCCN(c1ccc(C(F)(F)F)cc1NC(=O)c3cc(C#Cc2cnc(N)nc2)ccc3F)C4
dude_jak2__L003269,CC(C)Cc1ccc(cc1)[C@H](CNOC)N2CC[NH2+][C@@H](C2)S(=O)(=O)Oc3ccccc3
dude_jak2__L003270,Cc1ccc(o1)CN([C@H](c2ccc3c(c2)OCO3)C(=O)NC4CCCCC4)C(=O)[C@@H]5CCC(=O)N5
dude_jak2__L003271,CCC[NH+]1CCN(CC1)[C@H](c2cc3cc4c(cc3[nH]c2=O)OCO4)c5nnnn5C(C)(C)C
dude_jak2__L003272,Cc1ccc(cc1)CNc2ccc(cc2[N+](=O)[O-])N3C(=O)[C@@H]4CC=CC[C@@H]4C3=O
dude_jak2__L003273,c1cc(ccc1C=O)c2cc[nH]c(=O)c2
dude_jak2__L003274,Cc1ccc(cc1)N2[C@@H](NN=C2SCC(=O)N/N=C/C3=c4ccccc4=[NH+]C3)c5ccc(cc5)Cl
dude_jak2__L003275,CC[C@]1(C(=O)N(C(=O)N1)CC(=O)N[C@H](c2ccc3c(c2)OCCCO3)C(C)C)c4ccccc4
dude_jak2__L003276,Cc1nnc(s1)NC(=O)[C@H](C)Sc2nnc(n2C)[C@@H](C)NC(=O)c3ccc(c(c3)Cl)Cl
dude_jak2__L003277,C/C(=N\NC(=O)CN(c1cc(ccc1Cl)Cl)S(=O)(=O)C)/c2ccccc2O
dude_jak2__L003278,c1cc(ccc1/C=N/N=C/2\NC(=O)[C@H](S2)CC(=O)[O-])OC(=O)c3ccc(cc3)Cl
dude_jak2__L003279,Cc1ccc(cc1C)N2[C@H](C(=C(N2)C)/C=C(\C#N)/C3[NH+]=c4ccccc4=[NH+]3)O
dude_jak2__L003280,C[C@H](C(=O)/N=c/1\[nH]ccs1)N2CCN(CC2)S(=O)(=O)C
dude_jak2__L003281,CCC(=O)Nc1ccc(cc1)NC(=O)[C@@H](C)Oc2ccccc2[N+](=O)[O-]
dude_jak2__L003282,Cc1ccc2c(c1)sc(n2)N/C=C/3\C(=O)NC(=O)N(C3=O)c4ccccc4
dude_jak2__L003283,Cc1ccsc1C(=O)NNC(=O)c2cc3ccc(cc3[nH]2)Cl
dude_jak2__L003284,c1cc2c(cc1CNC(=O)CC[C@H]3C(=O)N(C(=O)N3)CCC4=c5cc(ccc5=[NH+]C4)F)OCO2
dude_jak2__L003285,CCc1ccc(cc1)N2C3=C(C(=O)CCC3)[C@@]4(c5ccccc5N(C4=O)CC#C)C(=C2N)C#N
dude_jak2__L003286,Cc1cc(nc(n1)n2c(c(c(n2)C)CC(=O)NC3CC([NH2+]C(C3)(C)C)(C)C)C)C
dude_jak2__L003287,CC(=O)/[NH+]=c\1/ccc-2c(cc(oc2c1)O)CSc3nnc(o3)c4ccccc4
dude_jak2__L003288,C1CCC(CC1)CC2=NN=C3[C@H]2CN(CC3)C(=O)[C@H]4CCC(=O)N4
dude_jak2__L003289,C/C=C/CCC(=O)[C@@H]1[C@H]([C@H]2C(C(=O)[C@@]1(C(=O)[C@]2(C)O)C)C(=O)/C=C/C=C/C)[C@@]3(C(=C(C(=O)O3)C)[O-])C
dude_jak2__L003290,CCCC1=[NH+][C@@H](C(=[NH2+])N1C)c2ccc(cc2F)Br
dude_jak2__L003291,CCOc1cccc(c1)[C@@H]2[C@@H]3C(=NN=C3C(=O)N2CCO)c4cc(c(cc4O)C)Cl
dude_jak2__L003292,CC(C)NC(=O)Cc1ccc(cc1)NC(=O)c2ccc3c(c2)OCC(=O)N3
dude_jak2__L003293,C[C@H]1CCCC[NH+]1[C@@H](C)CNC(=O)C(=O)Nc2ccc3c(c2)OC(O3)(F)F
dude_jak2__L003294,CC(C)CNC(=O)[C@H]1CCC[NH+](C1)Cn2c3ccccc3oc2=O
dude_jak2__L003295,CC1(c2cc(cc(c2NC1=O)[C@H](c3ccco3)O)Cl)C
dude_jak2__L003296,CC[C@@H](c1nnnn1Cc2ccc(cc2)OC)[NH+](Cc3ccco3)Cc4cc5ccc(cc5[nH]c4=O)C
dude_jak2__L003297,CN(C)c1ccc(cc1)[C@@H]2C/C(=C/3\C(=O)NC(=O)N(C3=O)CC=C)/NN2
dude_jak2__L003298,CCN1C(=C(c2ccccc2S1(=O)=O)NC(=O)CN3C(=O)c4ccccc4C3=O)C(=O)c5ccccc5
dude_jak2__L003299,c1c(c[n-]c1C(=O)N[C@H]2CC[NH2+]C3(C2)CCC3)[N+](=O)[O-]
dude_jak2__L003300,[H]/N=C/1\[C@H]([C@H](C(=C(S1)N)C#N)c2ccc(c(c2)Br)F)C#N
dude_jak2__L003301,c1cc(ccc1NC(=O)C23CC4CC(C2)CC(C4)C3)n5cnnn5
dude_jak2__L003302,CCOC(=O)N1CCC2(CC1)C(=C(C(=O)O2)C)C(=O)NC(C)C
dude_jak2__L003303,COc1ccc(c2c1N[C@H]([C@H]3[C@@H]2C=CC3)c4cc[nH+]cc4)[N+](=O)[O-]
dude_jak2__L003304,Cc5cc(c4cnc3cccc(c2cc(F)c(CN1CCOCC1)c(F)c2)c3n4)ccc5C(=O)N6CCOCC6
dude_jak2__L003305,C[C@H]1C(=O)Nc2c(cc(c(c2O1)N)Cl)Cl
dude_jak2__L003306,COC(=O)CC[C@@H](C(=O)OC)NC(=O)N1CCc2c([nH+]c[nH]2)[C@@H]1c3ccc(cc3F)F
dude_jak2__L003307,c1ccc(cc1)C2=NC(=O)[C@H]3[C@@H](CC(=O)NC3=N2)c4ccc5c(c4)OCO5
dude_jak2__L003308,C[C@H]1CN(C[C@H](O1)C)[C@H](C[NH3+])c2ccc(c(c2)[N+](=O)[O-])[O-]
dude_jak2__L003309,CC(C)[C@@H](C(=O)N1CCN(CC1)c2cccc[nH+]2)Sc3nnc(s3)N
dude_jak2__L003310,C[C@]1(C(=O)N(C(=O)N1)NC(=O)CSc2nnc3n2cccc3)CCc4ccccc4
dude_jak2__L003311,c1ccc2c(c1)ccc3c2c(co3)CC(=O)NNC(=O)c4ccc5c(c4)OCO5
dude_jak2__L003312,C[NH+](Cc1cccc(c1Cl)Cl)CC(=O)Nc2cc3c(cc2[N+](=O)[O-])OCC(=O)N3
dude_jak2__L003313,C[C@@H](CN(C)c1c(n(c(=O)n(c1=O)C)CC(C)C)N)O
dude_jak2__L003314,CC[C@H]([C@@H](c1ccc2c(c1)CCCN2C)O)[NH3+]
dude_jak2__L003315,c1ccc-2c(c1)Cc3c2ccc(c3)N[C@@H]4CS(=O)(=O)C[C@@H]4O
dude_jak2__L003316,c1cc(ccc1[C@H](CNS(=O)(=O)c2cc(ccc2Br)C(=O)[O-])O)[N+](=O)[O-]
dude_jak2__L003317,COc1ccc(cc1)NC(=O)C[C@@H]2C(=O)N/C(=N\N=C\c3ccc(c(c3)OC)OC)/S2
dude_jak2__L003318,Cc1ccc(c(c1)Br)Oc2cc3c(cc2N)OCC(=O)N3
dude_jak2__L003319,c1ccc(cc1)OS(=O)(=O)[C@@H]2C[C@]3(CC[C@@H](C3)Br)N(C2)S(=O)(=O)Oc4ccccc4
dude_jak2__L003320,c1c(cnc(c1[N+](=O)[O-])OC[C@H]2CC[NH2+]C2)Br
dude_jak2__L003321,c1cc(ncc1Cn2cc(c(n2)[N+](=O)[O-])Br)NN
dude_jak2__L003322,C[C@H](Nc3nc(Nc1ncc(C)s1)cc(N2CCN(C)CC2)n3)c4ccc(F)cn4
dude_jak2__L003323,c1ccc(cc1)CSCCNC(=O)[C@@H]2CN(CC23CC[NH2+]CC3)C(=O)c4c(cccc4Cl)Cl
dude_jak2__L003324,CCOc1ccc(cc1)S(=O)(=O)N(CC(=O)N/N=C/c2cccc3c2OCCO3)c4ccc(cc4)C
dude_jak2__L003325,Cc1cccc(c1)n2c(nnc2S[C@@H](C)c3nnc(o3)C)c4c[nH]c5c4cccc5
dude_jak2__L003326,Cc1cc(ccc1O[C@H](C)C(=O)OCc2cc(oc-3c/c(=[NH+]\C(=O)C)/ccc23)O)Cl
dude_jak2__L003327,c1cnc(cn1)C(=O)N(C[C@@H]2C=c3cc4c(cc3=[NH+]C2=O)OCO4)C5CCCCC5
dude_jak2__L003328,CC(C)c1c[nH+]c2c(c1NOCC(=O)Nc3ccc(c(c3)Cl)Cl)c(=O)n(c(=O)n2C)C
dude_jak2__L003329,COc1ccc2=[NH+]CC(=c2c1)CCN3C[C@@H](CC3=O)C(=O)Nc4ccc(cc4)Br
dude_jak2__L003330,C[C@H]1CCO[P@](=O)(O1)[C@@H](c2ccc(cc2)[N+](=O)[O-])Nc3ccc(cc3)O
dude_jak2__L003331,CCCCC(=O)Nc1cc(nn1c2[nH]c(=O)cc(n2)CC)c3ccco3
dude_jak2__L003332,c1ccc2=[NH+]C([NH+]=c2c1)SCC(=O)Nc3ncc(s3)S(=O)(=O)c4ccc(cc4)[N+](=O)[O-]
dude_jak2__L003333,CCOC(=O)Cn\1c2ccc(cc2s/c1=N\C(=O)c3ccc(cc3)C#N)S(=O)(=O)N
dude_jak2__L003334,C[C@@H](C(=O)N[C@@H]1CCCc2c1cccc2)N3C(=O)[C@@]4([C@@H]5C(=c6ccccc6=[NH+]5)CCN4C3=O)C
dude_jak2__L003335,Cc1c2ccc3ccccc3c2oc1C(=O)NC4CC[NH+](CC4)CC(=O)N
dude_jak2__L003336,CCSc1ccc(cc1)c2c(cn(n2)c3ccccc3)/C=C/4\C(=C(C(=O)N(C4=O)C[C@@H]5CCCO5)C#N)C
dude_jak2__L003337,c1ccc2c(c1)C[C@H]([NH+](C2)CC(=O)N3[C@H](CC(=N3)c4cccs4)c5ccco5)C(=O)N
dude_jak2__L003338,COc1ccc(cc1)CN2[C@H](SCC2=O)c3cn(nc3c4cc5ccccc5oc4=O)c6ccccc6
dude_jak2__L003339,Cc1cc2=[NH+]C([NH+]=c2cc1C)CN(C)C(=O)C[C@]3(CC(=O)N(C3=O)CCOC)c4cccc(c4)OC
dude_jak2__L003340,CN(C1CCOCC1)C(=O)C[C@H]2C(=O)NCC[NH+]2Cc3cccc(c3)Oc4ccccc4
dude_jak2__L003341,c1ccc(c(c1)/C=C(/C#N)\C(=O)Nc2ccccc2Cl)OCc3ccc(cc3)[N+](=O)[O-]
dude_jak2__L003342,CC[C@@H](C)NC(=O)[C@H](C)Sc1c(c(cc(n1)N)N)C#N
dude_jak2__L003343,CC(C)S(=O)(=O)C1=NSC2=NC(=O)/C(=C\c3ccc(o3)c4ccc(cc4)[N+](=O)[O-])/C(=[NH2+])N21
dude_jak2__L003344,CCOc1ccc(cc1OCC)[C@H]2c3c(=O)c4cc(ccc4oc3C(=O)N2c5ccc(cn5)C)C
dude_jak2__L003345,CCOC(=O)[C@H]1[C@H](CC2=C(C1=O)[C@@H](C(=C(N2)C)C(=O)OCC)c3ccc4c(c3)OCO4)c5ccco5
dude_jak2__L003346,C[C@H](C(=O)NC1=c2cc(ccc2=[NH+][C@@H]1C(=O)OC)Br)[NH+]3CCN(CC3)c4ccccc4OC
dude_jak2__L003347,Cc1ccc(cc1)[C@@H](CC(=O)Nc2nc(cs2)c3ccc(s3)CNC(=O)C)NC(=O)C
dude_jak2__L003348,Cc1ccc(cc1)NC(=O)/[NH+]=C/2\N=N[C@@H](S2)c3ccc(c(c3)OC)OC
dude_jak2__L003349,c1ccc(c(c1)NC(=O)c2ccc(cc2)N3C(=O)[C@H]4[C@@H]5CC[C@H]([C@@H]4C3=O)C=C5)[N+](=O)[O-]
dude_jak2__L003350,Cc1ccc(c(c1)C)n2c(nnn2)SCC(=O)N3[C@H](C=C(N3)c4ccc(cc4)Cl)c5ccco5
dude_jak2__L003351,c1cc(oc1)C(=O)Nc2cc(ccc2Cl)N
dude_jak2__L003352,Cc1csc(n1)Sc2c(cc(cn2)[N+](=O)[O-])/C(=N/O)/N
dude_jak2__L003353,CC(C)(C)NC(=O)[C@@H]1[C@@]23C=C[C@@H](O2)[C@@H]([C@@H]3C(=O)N1C4CCCC4)C(=O)NC5CCCCC5
dude_jak2__L003354,CC(=O)Oc1ccc(cc1)N2C(=O)[C@@H]3[C@@H]4C=Cc5ccccc5N4[C@H]([C@@H]3C2=O)C(=O)c6ccc(cc6)Cl
dude_jak2__L003355,CCc1ccc(cc1)[C@@H](C)NC(=O)CN2C(=O)c3ccc(cc3C2=O)[N+](=O)[O-]
dude_jak2__L003356,CCc1cc(cc2c1NC(=O)C2(C)C)CC[NH3+]
dude_jak2__L003357,Cc1ccc(c(c1)C)C[C@H]2C(=O)N(c3ccc(cc3O2)N)C
dude_jak2__L003358,Cc1c(cco1)C(=O)NNC(=O)c2cnc3ccccn3c2=O
dude_jak2__L003359,Cn1c2c(c(=O)[nH]c1=O)n(c(n2)N/N=C/C(=C/c3ccccc3)/Br)CC=C
dude_jak2__L003360,Cc1cc(ccc1OC)[C@]2(C(=O)N(C(=O)N2)C[C@H](C)C#N)C
dude_jak2__L003361,Cc1c(cc(cc1[N+](=O)[O-])I)N
dude_jak2__L003362,Cc1ccc(cc1C)NC(=O)NC(=O)CSc2nnc(n2CC(=O)[O-])c3cccs3
dude_jak2__L003363,Cc1ccccc1NC(=O)NCCNc2ccc(nn2)n3c(cc(n3)C)C
dude_jak2__L003364,CC[NH+](CC)C1CCN(CC1)[C@@H](C)C(=O)Nc2c(c3c(s2)CCC3)C(=O)N
dude_jak2__L003365,CS[C@H]1CC(=O)c2c(c3c(cc4c(cccc4n3)Cc5ccccc5)c(=O)n2F)N1
dude_jak2__L003366,c1cc(c(cc1NC(=O)COC(=O)c2ccc(s2)Cl)[N+](=O)[O-])Cl
dude_jak2__L003367,c1cc2c(cc1[C@@H]3CCC[NH+]3CC(=O)/[NH+]=C/4\C=C5C(=NC(=N5)[O-])C=C4Br)OCCCO2
dude_jak2__L003368,c1cc2c(cccc2O)c(c1)NCc3ccc(o3)I
dude_jak2__L003369,CC[C@@]1([C@@H]2[C@@H]([C@@H]([NH2+]1)c3cc(c(c(c3)OC)OC)OC)C(=O)N(C2=O)c4ccc(cc4)C)C(=O)OCC
dude_jak2__L003370,Cc1c-2nc([nH+]c2n([nH]1)[C@H](C)C3CC3)[C@H]4C=NN=C4c5ccc(cc5)OC
dude_jak2__L003371,c1ccc(cc1)Oc2ccc(cc2)NC(=O)[C@H]3CC(=O)NC4=C3C(=O)C[C@@H](C4)c5ccco5
dude_jak2__L003372,Cn1c2c(c(=O)n(c1=O)C)[nH]c(n2)S[C@@H]([C@H](c3ccccc3)O)C(=O)c4ccccc4
dude_jak2__L003373,Cc1c(nn(c1C)c2c(c(c(nn2)C)C)/C(=N/O)/N)C
dude_jak2__L003374,c1cc2c(cc(=O)oc2cc1O)COC(=O)c3cc(ccc3O)Br
dude_jak2__L003375,C[C@@H]1CCc2c(sc(c2C(=O)c3ccc4c(c3)OCCO4)N)C1
dude_jak2__L003376,CCOC(=O)[C@@H]1C=CS[C@H]1NC(=O)CS[C@@H]2[NH+]=c3ccc(cc3=[NH+]2)OC
dude_jak2__L003377,Cn1c2c(cn1)c(ncn2)SCc3nc(c4c5c(sc4n3)CCCC5)N
dude_jak2__L003378,CCCc1c(c(n[nH]1)C(=O)N(C)[C@H]2CCS(=O)(=O)C2)N
dude_jak2__L003379,c1ccc(cc1)COc2cccc(c2)[C@@H]3C(=C(C(=O)N3CCO)[O-])C(=O)c4ccc5c(c4)OCCO5
dude_jak2__L003380,Cc1cccc(c1C)N2CCN(CC2)c3c(c(ncn3)NNC(C)(C)C)N
dude_jak2__L003381,COc1ccc2c(c1)[C@]3([C@H]4[C@@H]([C@@H]5[NH+]3CCC5)C(=O)N(C4=O)c6ccc(cc6)[N+](=O)[O-])C(=O)N2
dude_jak2__L003382,C[C@H]1CC(=O)Nc2ccccc2N1C(=O)CSC3=Nc4ccccc4CS3
dude_jak2__L003383,CC(C)c1c[nH+]c2c(c1NOCc3ccc(cc3Cl)Cl)c(=O)n(c(=O)n2C)C
dude_jak2__L003384,Cc1cccc(c1C)NC(=O)C/C(=N/NC(=O)c2ccccc2[N+](=O)[O-])/C
dude_jak2__L003385,Cc1cc2=[NH+]C([NH+]=c2cc1C)CN(C)C(=O)C[C@@]3(CC(=O)N(C3=O)CCOC)c4ccccc4F
dude_jak2__L003386,CCOc1cccc2c1oc(=O)c(c2)C(=O)Nc3cc(ccc3Cl)n4c(nc5ccccc5c4=O)C
dude_jak2__L003387,CONC(=O)c5cc4c(N[C@@H](C)c1ccccc1)nc(n2cnc3ccncc23)nc4n5C
dude_jak2__L003388,C[C@H]1CCCN(C1)S(=O)(=O)c2ccc(cc2)C(=O)/N=c\3/n(c4ccc(cc4s3)[N+](=O)[O-])CCOC
dude_jak2__L003389,Cc1ccc2cc(c(=O)[nH]c2c1C)[C@@H](c3nnnn3C4CCCC4)[NH+]5CCC(CC5)C
dude_jak2__L003390,c1cc(ccc1NC(=O)c2ccc3c(c2)NC(=O)CO3)n4cncn4
dude_jak2__L003391,Cc1c(n(c(c1C#N)NC(=O)C[NH+]2CCC(=CC2)c3ccc(cc3)O)C[C@H]4CCCO4)C
dude_jak2__L003392,c1ccc2c(c1)nc(s2)C(=Cc3ccc(cc3)O)c4nc5ccccc5s4
dude_jak2__L003393,Cc1cccc(c1)C(=O)NC(=S)N2c3ccc(cc3C(=CC2(C)C)C)C
dude_jak2__L003394,Cc1cc(c2c(c1)cc(c(=O)[nH]2)[C@@H](c3nnnn3C4CCCCC4)[NH+]5CCOCC5)C
dude_jak2__L003395,C=CCN1C(=O)[C@@]2(Cc3cc(ccc3N4[C@@H]2C[NH+](CC4)Cc5ccc6c(c5)OCO6)[N+](=O)[O-])C(=O)NC1=O
dude_jak2__L003396,C[C@]1([C@H]2[C@@H]([C@@H]([NH2+]1)c3ccco3)C(=O)N(C2=O)c4ccc(cc4)F)C(=O)OC
dude_jak2__L003397,Cc1ccc2c(coc2c1C)CC(=O)N[C@@H](C)c3ccc(cc3)NC(=O)N
dude_jak2__L003398,Cc1ccc(s1)[C@H]2[C@H]3CC=C[C@@H]3c4cccc(c4N2)C(=O)NC(C)(C)C
dude_jak2__L003399,C[C@@H](C12CC3CC(C1)CC(C3)C2)NC(=O)C4CCN(CC4)S(=O)(=O)c5cc(ccc5Cl)[N+](=O)[O-]
dude_jak2__L003400,C[C@H](C(=O)NC(=O)NC[C@H]1CCCO1)Sc2nncn2C(C)C
dude_jak2__L003401,Cc1ccc(cn1)[C@@]2(CCCC[C@H]2C(C)(C)C)O
dude_jak2__L003402,c1c(c(nc(n1)SCc2nc(c3c4c(sc3n2)CCCCC4)N)N)C#N
dude_jak2__L003403,CCOC(=O)c1c(csc1NC(=O)CSc2nc(cnn2)[O-])c3ccc(cc3)C
dude_jak2__L003404,CC[C@H](C)N1C(=O)/C(=C/c2c(c(c(=O)n(c2N3CCN(CC3)c4ccccc4)C)C#N)C)/SC1=S
dude_jak2__L003405,C[C@H](CNC(=O)[C@@H]1CN(CC12CC[NH2+]CC2)C(=O)c3c(cccc3Cl)Cl)Oc4ccccc4Cl
dude_jak2__L003406,c1ccc(cc1)N/N=C\2/C(=NN(C2=O)c3ccccc3)[C@@H]([C@H](CO)O)O
dude_jak2__L003407,C[C@H]1C(=C(N=N1)C)CCC2=[NH+]C3=c4ccccc4=[NH+][C@H](N3N2)SCc5cc(=O)n6cc(ccc6n5)Cl
dude_jak2__L003408,Cc1c(cccc1N2C(=O)CC3(C2=O)CCCCCC3)N
dude_jak2__L003409,Cc1cc(ccc1F)[C@]2(CNC(=O)O2)C
dude_jak2__L003410,c1cc[nH+]c(c1)N2CC[NH+](CC2)[C@@H]3CC(=O)N(C3=O)c4ccc(cc4)Br
dude_jak2__L003411,CCCn1c(cc(n1)C)CN(C)c2c(cc(cn2)NC(=O)c3ccc(cc3)Br)C(=O)[O-]
dude_jak2__L003412,Cc1cc2c(c(c1)Br)N(C(=O)[C@@]23[C@@H]4C(=NN=C4OC(=C3C#N)N)c5ccccc5)C
dude_jak2__L003413,C[C@]1(C(=O)N(C(=O)N1)NC(=O)[C@H]2CCCO2)c3ccccc3
dude_jak2__L003414,CN(C)CCNC(=O)c4ccc(Nc3nccc(c2cc1ccccc1s2)n3)cc4
dude_jak2__L003415,C[C@]1(CN(C(=O)N1CC2(CCN(CC2)Br)C3CCCCC3)O)S(=O)(=O)Oc4ccccc4
dude_jak2__L003416,CC1([C@@H](N(C(=S)S1)/N=C/c2ccco2)N(C(=O)NC)O)C
dude_jak2__L003417,c1cc(c2c(c1)OCCO2)C(=O)NNC(=O)[C@@H]3CCCO3
dude_jak2__L003418,C=CCN1C(=O)/C(=C\NN2CCCCC2)/C(=NC1=O)O
dude_jak2__L003419,c1ccc(cc1)CCN2C(=O)N(C(=O)C23CC[NH+](CC3)[C@H]4CCc5ccccc5C4)CC(=O)N
dude_jak2__L003420,COc1cc(cc(c1OC)OC)[C@H]2[C@@H]3C(=c4ccccc4=[NH+]3)C[C@@H]5N2C(=O)CN(C5=O)CCO
dude_jak2__L003421,Cc1ccnn1CC(=O)N/N=C/c2ccc(cc2O)O
dude_jak2__L003422,C[C@@H]1C[C@@]2(CC(C1)(C)C)C(=O)N(C(=O)N2)CC(=O)N3C[C@H](O[C@H](C3)C)C
dude_jak2__L003423,Cc1ccc(cc1)NC(=O)[C@H]2[C@H]3C=C[C@@]4([C@@H]2C(=O)N([C@@H]4C(=O)NC5CCCCC5)C6CC6)O3
dude_jak2__L003424,Cc1ccc(cc1)n2c(nnc2SCc3nc(cs3)C(=O)N4CCC(CC4)C)c5cccnc5
dude_jak2__L003425,c1cc(cc(c1)I)Oc2cc3c(cc2N)CC(=O)N3
dude_jak2__L003426,c1ccc2c(c1)nc3n2[C@H](NC(=[NH2+])N3)c4ccc(cc4)OCc5ccncc5
dude_jak2__L003427,Cc1ccccc1[C@@H]2c3ccsc3CCN2C(=O)CN(C(C)C)S(=O)(=O)c4cccc5c4nccc5
dude_jak2__L003428,CC1=C([C@H](NC(=O)N1)c2cc3c(cc2Br)OCO3)C(=O)OC[C@H]4CCCO4
dude_jak2__L003429,c1cc2c(c(c1N3CCO[C@H]4[C@@H]3CCC4)N)ncs2
dude_jak2__L003430,COc1cccc(c1)CN2CC(=O)N3[C@H](C2=O)CC4=c5ccccc5=[NH+][C@@H]4[C@H]3c6cccc(c6OC)OC
dude_jak2__L003431,C[C@H]1[C@H]([C@@H]([C@@H]2C(=O)C=CC=C2N1)c3ccc(c(c3)[N+](=O)[O-])O)C(=O)OC
dude_jak2__L003432,C[C@@H](C(=O)NC(=O)NC)Sc1[nH]c(=O)c2c3c(sc2n1)CCCC3
dude_jak2__L003433,c1cc(c(cc1N)C#N)S(=O)(=O)N(CC#N)CC#N
dude_jak2__L003434,c1ccc2c(c1)cc(c(=O)o2)C(=O)NCC3(CCCC3)O
dude_jak2__L003435,Cc1ccc(cc1)[C@]2(C(=O)N(C(=O)N2)CC(=O)Nc3ccnn3Cc4cccc5c4cccc5)C
dude_jak2__L003436,Cc1ccc(c(c1)NC(=O)CN(c2cccc(c2)[N+](=O)[O-])S(=O)(=O)C)C
dude_jak2__L003437,Cc1cc(c2c(c1)N[C@H]([C@H]3[C@@H]2C=CC3)c4cc5c(cc4Br)OCO5)C
dude_jak2__L003438,Cc1cc(c2cc(c(=O)[nH]c2c1)[C@H](c3nnnn3Cc4ccc(cc4)OC)N5CCc6c5cccc6)C
dude_jak2__L003439,COc1ccc(c(c1)[N+](=O)[O-])NC[C@@H]2CCS(=O)(=O)C2
dude_jak2__L003440,C[C@@H](C(=O)NC(=O)NC(C)(C)C)Sc1nnc2n1cccc2
dude_jak2__L003441,Cc1c(c(=O)n(c2c1c(nn2CCO)N)CC(C)C)C#N
dude_jak2__L003442,c1cc(c(cc1/C=C\2/C(=O)c3ccc(c(c3O2)CO)O)Cl)Cl
dude_jak2__L003443,C[C@@H]1C[C@@]2(CC(C1)(C)C)C(=O)N(C(=O)N2)CC(=O)OCC(=O)NC(=O)Cc3ccccc3
dude_jak2__L003444,Cc1c2c(oc(c2c(=O)[nH]n1)NC(=O)CSc3nc4ccccc4c(=O)n3CC[NH+](C(C)C)C(C)C)C
dude_jak2__L003445,COc1cc(ccc1O)/C=N/NC(=O)CN(c2ccc3c4c2cccc4CC3)S(=O)(=O)C
dude_jak2__L003446,c1ccc2cc(ccc2c1)C[NH+]3CCNC(=O)[C@H]3CC(=O)NCc4ccc5c(c4)OCO5
dude_jak2__L003447,Cc1cc2c(cc1S(=O)(=O)Nc3cccc(c3)C(=O)C)[nH]c(=O)[nH]2
dude_jak2__L003448,c1ccc(cc1)/C(=N/N=C/c2ccc(cc2)[N+](=O)[O-])/C34C[NH+]5CN(C3)CN(C4)C5
dude_jak2__L003449,c1cc(cc2c1ccc(=O)o2)OCC(=O)Nc3cc(ccc3Cl)[N+](=O)[O-]
dude_jak2__L003450,CCc1ccc(cc1)/N=C\2/NC(CS2)(C)C
dude_jak2__L003451,CCC(C)(C)C1CCC2(CC1)C(=O)N(C(=O)N2)CC(=O)Nc3cc(on3)C
dude_jak2__L003452,C[C@@H](C(=O)Nc1cccc(c1)C(=O)C)Sc2nnc(n2CC(=O)[O-])c3cccs3
dude_jak2__L003453,c1ccc2c(c1)CCCN2C(=O)COC(=O)c3ccc(c(c3)S(=O)(=O)N4CCCCC4)Cl
dude_jak2__L003454,Cc1ncc(s1)CNC(=O)c2cc(ccc2[N+](=O)[O-])N
dude_jak2__L003455,CCc1cccc(c1NC(=O)[C@H]2CN(CCN2S(=O)(=O)c3ccccc3)S(=O)(=O)c4ccccc4)C
dude_jak2__L003456,c1ccc2c(c1)CCC[C@]2(CNC(=O)c3csc(n3)c4nc[nH]n4)O
dude_jak2__L003457,CCCCCOc1cccc(c1)[C@@H]2c3c(=O)c4cc(ccc4oc3C(=O)N2[C@H]5CCS(=O)(=O)C5)C
dude_jak2__L003458,CC(C)(C[NH2+][C@@H]1CCc2c(c(nn2C)C(=O)N(C)Cc3ccco3)C1)C[NH+](C)C
dude_jak2__L003459,c1cc(sc1)c2nc3n(n2)c(cs3)CCNC(=O)C(=O)Nc4cc5c6c(c4)CCC(=O)N6CCC5
dude_jak2__L003460,CC[C@@H]1CCCC[NH+]1CCNC(=O)C2CCC(CC2)CNS(=O)(=O)c3cccc4c3nsn4
dude_jak2__L003461,c1ccc(cc1)CCC2=[NH+]C(c3c(=O)[nH]c(=O)n(c3N2)c4ccccc4)(C(F)(F)F)C(F)(F)F
dude_jak2__L003462,CCOc1cc2c(cc1OCC)-n3cccc3[C@H]([NH2+]C2)c4cccc(c4)[N+](=O)[O-]
dude_jak2__L003463,Cc1ccc(c(c1)N2CC[NH+](CC2)[C@@H](c3cc4cc(ccc4[nH]c3=O)OC)c5nnnn5C(C)(C)C)C
dude_jak2__L003464,c1ccc(cc1)C[NH2+]C[C@@H]2OCc3ccc(cc3CO2)[N+](=O)[O-]
dude_jak2__L003465,CC(C)C[NH+]1CCNC(=O)[C@H]1CC(=O)N2CCN(CC2)c3ccc(c[nH+]3)Cl
dude_jak2__L003466,CC(C)(C)OC(=O)NC[C@@H]1CCCCN1C(=O)CN2C(=O)[C@]3(CCc4c3cccc4)NC2=O
dude_jak2__L003467,Cc1ccc(cc1S(=O)(=O)N2CCN(CC2)C(=O)/C=C/c3cccc(c3)C(F)(F)F)[N+](=O)[O-]
dude_jak2__L003468,C[C@H]1C(=O)N(c2ccccc2O1)CC(=O)Nc3nc(cs3)C4=[NH+]C=CC4
dude_jak2__L003469,C[C@@H]1CCCC[C@H]1NC(=O)C[NH+]2CCC3(CC2)OCCO3
dude_jak2__L003470,C[C@@H](CN(C[C@H](C)O)c1c2c(c3c4c(c(nc3s2)N5CCCC5)COC(C4)(C)C)ncn1)O
dude_jak2__L003471,CCCCn1c(c(c(c(c1=O)C#N)C)/C=C\2/C(=O)N(C(=S)S2)C[C@H]3CCCO3)N4CCC[C@@H](C4)C
dude_jak2__L003472,Cc1ccc(cc1)S(=O)(=O)CNC(=O)[C@H](c2ccc(cc2)[N+](=O)[O-])N(C3CCCCC3)C(=O)C(=C)C
dude_jak2__L003473,Cc1c(c(n(n1)C)N[C@H]2CCC[C@@H]([C@@H]2C)C)N
dude_jak2__L003474,Cc1cc(c(s1)C)[C@@H]2C(=C(N(C3=C2C(=O)CC(C3)(C)C)c4ccc(cc4Cl)[N+](=O)[O-])N)C#N
dude_jak2__L003475,Cc1c(c(n(n1)Cc2ccc(cc2)Cl)Cl)/C=C/C(=O)O[C@H](C)C(=O)NC(=O)NC
dude_jak2__L003476,Cc1c(sc(n1)NC(=O)CSc2nnc(n2C[C@@H]3CCCO3)c4ccc(cc4)O)C
dude_jak2__L003477,c1cc(ccc1/C=C/C=N/[NH+]=C2NCCCN2)c3cn4cc(ccc4n3)/C=C/C=N/NC5=[NH+]CCCN5
dude_jak2__L003478,Cc1cc(c(cc1Cl)OC)NC(=O)Cn2cnc3c(c2=O)c(c(s3)C)S(=O)(=O)N4CCCCC4
dude_jak2__L003479,COc1ccc(cc1)N2[C@H]3[C@H](CCN(C3=O)c4ccc(cc4)C5(CC5)C[NH+]6CCCC6)C(=N2)S(=O)(=O)C
dude_jak2__L003480,c1ccc2c(c1)C(=O)N(S2(=O)=O)CC(=O)N3c4ccccc4NC(=O)C[C@H]3C(F)(F)F
dude_jak2__L003481,Cc1cc(c(c(c1)C)NC(=O)C[NH+](C)[C@H](C)C(=O)Nc2ccc(cc2[N+](=O)[O-])Cl)C
dude_jak2__L003482,Cc1c(c(n(n1)Cc2ccccc2Cl)Cl)/C=C/C(=O)O[C@H](C)C(=O)NC(=O)NC
dude_jak2__L003483,C[C@@H]1C(=O)Nc2cc(ccc2O1)NC(=O)Cc3ccccc3[N+](=O)[O-]
dude_jak2__L003484,CC(=O)N1CC[NH+](CC1)CC/N=C/C2C(=NC(=O)N(C2=O)c3cccc4c3cccc4)O
dude_jak2__L003485,c1ccc2c(c1)c(no2)CC(=O)N[C@H]3CS(=O)(=O)C[C@@H]3[NH+]4CCCCC4
dude_jak2__L003486,CC1CC[NH+](CC1)C[C@H](CNC(=O)NCc2ccc(cc2)COC(C)C)O
dude_jak2__L003487,Cc1cccc2=C[C@H](C(=O)[NH+]=c12)[C@H]([C@@H]3N=NNN3C(C)(C)C)[NH+](Cc4ccccc4)Cc5ccco5
dude_jak2__L003488,Cc1cc(cc(c1)n2c(cc(n2)C)NC(=O)c3ccc([nH]c3=O)c4ccco4)C
dude_jak2__L003489,CC[C@@]1(C(=O)N(C(=O)N1)NC(=O)C[NH+]2CCN(CC2)C(=O)[C@H]3CCCO3)c4ccccc4
dude_jak2__L003490,Cn1c(nnc1SCC(=O)NC(=O)Nc2ccc3c(c2)OCO3)c4ccc(cc4)Cl
dude_jak2__L003491,C[C@@H]1CCC[NH+](C1)[C@H](c2cc3cc(c(cc3[nH]c2=O)OC)OC)c4nnnn4C5CCCCC5
dude_jak2__L003492,C[C@H](C(=O)N[C@@](C)(C#N)C(C)C)OC(=O)c1cc(ccc1[N+](=O)[O-])Cl
dude_jak2__L003493,COc1ccccc1[C@@H]2CC(=Nc3n2nc([nH+]3)[N-]S(=O)(=O)c4ccccc4)c5ccc(cc5)Cl
dude_jak2__L003494,c1ccc(c(c1)C(=O)N/C(=C/c2ccc3c(c2)OCO3)/C(=O)NCCC(=O)[O-])Br
dude_jak2__L003495,Cc1cc(cc(c1C)N[C@H]2CCC[C@H](C2)C)S(=O)(=O)N
dude_jak2__L003496,Cc1c(cccc1Cl)NC(=O)c2cccc(c2)OCc3nnnn3C(C)C
dude_jak2__L003497,CC[C@@H]1CCCCN1C(=O)[C@H](C)OC(=O)CN2C(=O)C3(CCC(CC3)C(C)(C)C)NC2=O
dude_jak2__L003498,c1ccc(cc1)N2CCN(CC2)C(=O)COC(=O)[C@@H]3CCCC[C@@H]3C(=O)N4CCc5c4cccc5
dude_jak2__L003499,CCOC(=O)c1ccc(cc1)N2C(=O)[C@@]3(Cc4ccccc4N5[C@@H]3CN(CC5)c6cccc[nH+]6)C(=N2)C
dude_jak2__L003500,CSC1=C[C@@H]2C[C@H]3CO[P@@](=O)(N[NH+]3C[C@@H]2C=C1SC)S(=O)(=O)Oc4ccccc4
dude_jak2__L003501,c1cc[nH+]c(c1)N2CCN(CC2)[C@H]3C[NH+](C[C@@H]3O)Cc4cc5c(cc4Cl)OCO5
dude_jak2__L003502,CC(C)N1C=[NH+][C@H](C1=[NH2+])c2cc3c(c(c2)Cl)OCCCO3
dude_jak2__L003503,c1c(cc2c3c1CCC(=O)N3CC2)NC(=O)C(=O)NCC4CC[NH+](CC4)C5CCCC5
dude_jak2__L003504,[H]/N=C\1/NC(=O)/C(=C\c2ccc(cc2)OS(=O)(=O)c3ccc(c(c3)[N+](=O)[O-])C)/S1
dude_jak2__L003505,CC[NH+](CCCNC(=O)[C@@H]1CCCN(C1)S(=O)(=O)c2ccc3c(c2)oc(=O)n3C)Cc4ccccc4
dude_jak2__L003506,Cc1c2c([nH]c1C(=O)Nc3nc([nH]n3)C4=CC[C@@H](S4)C)CCCC2=O
dude_jak2__L003507,Cc1ccc2c(c1)N(C(=O)[C@](O2)(C)C(=O)Nc3c(c4c(s3)CCCC4)C(=O)NCCOC)C
dude_jak2__L003508,CC(C)CC[NH+]1CCNC(=O)[C@@H]1CC(=O)N2CCCCO2
dude_jak2__L003509,c1cc(ccc1N2C(=O)C[C@@H](C2=O)N3CC[NH+](CC3)C45CC6CC(C4)CC(C6)C5)OC(F)(F)Cl
dude_jak2__L003510,Cc1cc(on1)[C@@H]2CCCN2C(=O)[C@H](C)NS(=O)(=O)C
dude_jak2__L003511,C[C@H]1C[C@]2(CC(C1)(C)C)C(=O)N(C(=O)N2)CC(=O)N3CCC[C@@H]3c4ccc5c(c4)OCCO5
dude_jak2__L003512,CCOc1ccc(cc1)n2c(c3c(nn(c(=O)c3n2)CC[NH+]4CCCCC4)C)C
dude_jak2__L003513,c1ccc(c(c1)C(=O)N/N=C/c2c(nc3ccccn3c2=O)Sc4ncccn4)O
dude_jak2__L003514,c1ccc(c(c1)C=O)c2ccc(c[nH+]2)[O-]
dude_jak2__L003515,Cc1ccc(cc1)N2[C@H]([C@H](CCC2=O)C(=O)OCN3C(=O)c4ccccc4C3=O)c5cccs5
dude_jak2__L003516,CC1CCN(CC1)S(=O)(=O)c2cn(cn2)CC3=NO[C@H](N3)[C@@H]4C=c5cc(ccc5=[NH+]4)Cl
dude_jak2__L003517,Cc1cc(c(c(c1)C)N2C(=O)[C@@H]3[C@H]4C=C[C@@]([C@@H]3C2=O)(O4)CNC(=O)COc5ccc(cc5Cl)Cl)C
dude_jak2__L003518,CN(C)c1ccc(cc1Cl)NC(=O)c2cc(cc(c2)N)N
dude_jak2__L003519,CCCn1c(=O)c2ccccc2nc1SCc3cc(oc-4cc(=[NH+]C(=O)C)ccc34)O
dude_jak2__L003520,C[C@H](C(=O)[O-])O[C@@H]1[C@H]([C@H](O[C@@H]2[C@H]1O[C@H](OC2)c3ccccc3)OCc4ccccc4)NC(=O)C
dude_jak2__L003521,C[C@@]12C[C@@H](CC(C1)(C)C)[NH+](C2)CN3c4ccc(cc4/C(=N/NC(=O)c5ccncc5)/C3=O)Br
dude_jak2__L003522,C[C@@H]1C[C@]2(CC(C1)(C)C)C(=O)N(C(=O)N2)CC(=O)Nc3ccccc3C(C)C
dude_jak2__L003523,c1ccc2c(c1)cccc2C[NH+]3CCNC(=O)[C@@H]3CC(=O)NCc4cccc(c4)Cl
dude_jak2__L003524,COC(=O)[C@@H](Cc1ccc(c(c1)[N+](=O)[O-])O)/N=C/c2ccccc2O
dude_jak2__L003525,Cc1cc(nc(c1C(=[NH2+])N)SC(C)(C)C)C
dude_jak2__L003526,CC(C)(C)OC(=O)NCC(=O)N[C@@H]1CCCN(C1)S(=O)(=O)C
dude_jak2__L003527,[H]\N=C\1/C(=C/c2cn(c3c2cccc3)CCOc4cccc(c4)OC)/C(=O)N=C5N1C(=CS5)c6ccccc6
dude_jak2__L003528,C[C@H](C(=O)Nc1ccc(cc1)[N+](=O)[O-])[NH+]2CCc3c(ccs3)C2
dude_jak2__L003529,C[C@@H](Nc3nccc(n1cnc2ccncc12)n3)c4ccccc4
dude_jak2__L003530,CC1=C([C@H](N2C(=N1)N=C(N2)c3ccccc3)c4ccc(cc4)C#N)C(=O)N
dude_jak2__L003531,CCOC(=O)/C=C\1/CS[C@H](N1)NC(=O)Cn2c(nnc2[S-])c3ccc(cc3)Cl
dude_jak2__L003532,Cc1c(cccc1Cl)N[C@H]2[C@H]([NH+]=C3N2C=CC=C3)[C@@H]4C=c5cc(ccc5=[NH+]C4=O)OC
dude_jak2__L003533,CCN(C[C@H]1COc2ccccc2O1)C(=O)CSc3nnc(n3c4ccc(cc4)F)[C@H](C)[NH+](C)C
dude_jak2__L003534,COc1ccccc1NC(=O)[C@@H]2C=c3cc(c(cc3=[NH+]2)OC)OC
dude_jak2__L003535,Cc1c(sc(c1C(=O)NNC(=O)NC[C@@H]2CCCO2)n3cccc3)C
dude_jak2__L003536,Cc1cc(ccc1S(=O)(=O)NCCC2=c3cc(ccc3=[NH+][C@@H]2C)OC)N4C(=O)CCS4(=O)=O
dude_jak2__L003537,c1cc(c(c(c1N)Sc2[nH]c(=O)cc(n2)N)F)F
dude_jak2__L003538,CS(=O)(=O)c1cc(ccc1F)S(=O)(=O)NNC(=O)c2ccc(o2)COc3ccccc3
dude_jak2__L003539,CCOc1ccc2c(c1)cc(c(=O)[nH]2)C[NH+](Cc3ccccc3OC)Cc4nnnn4C5CCCC5
dude_jak2__L003540,Cc1c(nn2c1N=C(C[C@H]2C(=O)Nc3ccccc3C(F)(F)F)O)c4ccc(cc4)OC
dude_jak2__L003541,c1cc(ccc1[C@H]2[C@@H]3CC=C[C@@H]3c4cc(ccc4N2)N)[N+](=O)[O-]
dude_jak2__L003542,C[C@]1(C(=O)N(C(=O)N1)CC(=O)NC[C@@H](c2ccc(cc2)OC)C3=c4ccccc4=[NH+]C3)C5CC5
dude_jak2__L003543,CCCc1cc2c(c(=O)n1CC[NH+](C)C)[C@H](C(=C(O2)N)C#N)c3cccc(c3)OC
dude_jak2__L003544,CCOc1ccccc1NC(=O)CSC2=N[C@H]3C(=c4cc(ccc4=[NH+]3)C)N=N2
dude_jak2__L003545,CCc1ccc2=[NH+][C@@H]3C(=c2c1)N=NC(=N3)SCC(=O)Nc4nccs4
dude_jak2__L003546,c1cc2c(cc1S(=O)(=O)N)[C@H]3C=CC[C@@H]3[C@H](N2)c4cc(cc(c4O)Cl)Cl
dude_jak2__L003547,COc1ccc(cc1)S(=O)(=O)N(Cc2ccc3c(c2)OCO3)Cc4cc5ccc(cc5[nH]c4=O)OC
dude_jak2__L003548,CC(C)[C@H](c1nc(no1)c2ccc(cc2)[N+](=O)[O-])[NH2+]C[C@@H](COCc3ccccc3)O
dude_jak2__L003549,CC1(NC(=[NH2+])NC(=[NH2+])N1c2cccc(c2)OCCCOc3cccc(c3)[N+](=O)[O-])C
dude_jak2__L003550,C[C@H](CNC(=O)[C@@H]1NC(=NO1)C2=C[C@H]3C(=CC=N3)C=C2)O
dude_jak2__L003551,CCOC(=O)Cn1c2c(sc1=O)[C@@H]([C@H]3[C@H](S2)C(=O)N(C3=O)c4ccccc4)c5ccc(cc5)OC
dude_jak2__L003552,c1ccc(c(c1)[C@H]2N3C(=CS2)SC(=N3)N)O
dude_jak2__L003553,Cc1cccc(n1)c2[nH]nc(n2)/N=C(/C(=O)c3c(nn(c3C)c4cccc(c4)C(F)(F)F)C)\[O-]
dude_jak2__L003554,Cc1ccc2c(c1)N(CCO2)C(=O)CSc3nc4cc([nH]c4c(=O)n3C(C)C)C
dude_jak2__L003555,Cc1cccc(c1)N2CCN([C@@H](C2)C)C(=O)c3ccc(c(c3)[N+](=O)[O-])S(=O)(=O)c4ccc(cc4)F
dude_jak2__L003556,Cc1c(c(sn1)NC)C(=O)O[C@@H](C)C(=O)Nc2ccc3c(c2)C(=O)c4ccccc4C3=O
dude_jak2__L003557,c1ccc2c(c1)nc(s2)NN3C(=O)/C(=C/c4cccc(c4)[N+](=O)[O-])/SC3=S
dude_jak2__L003558,CC(C)c1nc2c(c3c(s2)CCCC3)c4n1c(nn4)SCC(=O)NCc5ccc6c(c5)OCO6
dude_jak2__L003559,CCN(CC(=O)NC)c1c(cc(cn1)Br)[N+](=O)[O-]
dude_jak2__L003560,CC(=O)N[C@@H]1c2cc(c[nH+]c2N([C@@H]1C(=O)OC)CCC3=c4ccccc4=[NH+]C3)NC5CCOCC5
dude_jak2__L003561,Cc1cc(c(n1c2ccc(cc2)C(=O)OC)C)C(=O)CSc3nnc4n3c5ccccc5s4
dude_jak2__L003562,C1CCn2c(nnc2CNC(=O)Nc3nnc(s3)C(F)F)C1
dude_jak2__L003563,CC[C@@H](C)CNC(=O)[C@@H]1CSC2([NH2+]1)CCN(CC2)C(=O)c3ccc(cc3Cl)Cl
dude_jak2__L003564,c1cc(ccc1c2ccc(s2)/C=C/C(=O)[C@H](C#N)c3nc(nc(n3)N)N)Cl
dude_jak2__L003565,c1ccc2c(c1)cccc2OCC(=O)Nc3cccc(c3)S(=O)(=O)NC4=[NH+]CCC4
dude_jak2__L003566,c1ccc(cc1)NC(=O)NC[C@H]2CCCC[NH+]2CCOc3ccccc3[N+](=O)[O-]
dude_jak2__L003567,COCCn\1c2ccc(cc2s/c1=N\C(=O)c3cc(ccc3Cl)Br)S(=O)(=O)C
dude_jak2__L003568,Cc1cccc(c1)C(=O)Oc2ccc(cc2)/C=C\3/C(=[NH2+])N4C(=NC3=O)SN=C4S(=O)(=O)C
dude_jak2__L003569,Cn1cnnc1CNC(=O)Nc2nc(cs2)C3CC3
dude_jak2__L003570,Cc1c(ccc2c1NC(=O)[C@@]23[C@H]4[C@@H]([C@H]([NH2+]3)CCSC)C(=O)N(C4=O)CCc5ccccc5)Cl
dude_jak2__L003571,CN(c1ccc(cc1)C#N)S(=O)(=O)c2cc(ccc2N)F
dude_jak2__L003572,CC1=C2[C@H](CC(=O)N[C@H]2N(N1)C3[NH+]=c4ccccc4=[NH+]3)c5ccc(cc5)Cl
dude_jak2__L003573,c1cc2c(cc1[N+](=O)[O-])C[C@H]([C@@H]3N2CC[NH+](C3)CC(=O)N4CCCC4)C(=O)NCC5CC5
dude_jak2__L003574,CCc1cccc2c1NC(=O)[C@]23[C@H]4[C@@H]([C@H](N3)CCC(=O)[O-])C(=O)N(C4=O)CCc5ccccc5
dude_jak2__L003575,c1ccc(c(c1)/C=C\C=N\NC(=O)CSC2[NH+]=c3ccccc3=[NH+]2)[N+](=O)[O-]
dude_jak2__L003576,Cc1ccc2c(c1)c(=O)c3c(o2)C(=O)N([C@H]3c4ccc(cc4)O)Cc5ccc(cc5)F
dude_jak2__L003577,c1cc(sc1)C[NH+]2CCC(CC2)(c3ccc4c(c3)cc(o4)C(=O)NCc5ccc6c(c5)OCO6)O
dude_jak2__L003578,c1ccc(cc1)CN2c3ccccc3[C@]4(C2=O)c5c(=O)c6cc(ccc6oc5C(=O)N4Cc7ccccc7)F
dude_jak2__L003579,COC(=O)C1=c2n(c(=O)/c(=C/c3ccccc3F)/s2)C(=C([C@H]1c4ccccc4F)C#N)N
dude_jak2__L003580,CC[C@@H]1C(=C(NC(=O)N1)C[NH+]2CCC[C@H]2c3ccc4c(c3)OCCO4)C(=O)OCC
dude_jak2__L003581,c1ccc(cc1)C(=O)NC2=c3cc(ccc3=[NH+][C@H]2C(=O)N4CCN(CC4)c5cccc[nH+]5)F
dude_jak2__L003582,Cc1ccc2c(c1)cc(c(=O)[nH]2)[C@@H](c3nnnn3CCOC)[NH+](Cc4ccccc4)Cc5ccco5
dude_jak2__L003583,Cc1ccc(cc1)NC(=O)[C@H](C)OC(=O)c2ccccc2[N-]S(=O)(=O)c3ccc4=[NH+]C(=O)[NH+]=c4c3
dude_jak2__L003584,CN(C1CCCC1)C(=O)Nc2nc(cs2)c3ccc[nH]3
dude_jak2__L003585,Cc1ccc(cc1)/C(=N/NC(=[NH2+])S[C@H]2CC(=O)N(C2=O)c3ccc(cc3)C(=O)OC)/C
dude_jak2__L003586,C[C@@H](C(=O)NC(=O)Nc1cc(c(cc1Cl)Cl)Cl)Cl
dude_jak2__L003587,Cn1c(cc(=O)n(c1=O)C)CSc2nc(c3ccsc3n2)N
dude_jak2__L003588,C[C@H]1CCCC[NH+]1CCCCNC(=O)C(=O)Nc2ccc3c(c2)OC(O3)(F)F
dude_jak2__L003589,CC1(O[C@@H]2[C@@H](O1)[C@@H](O[C@@H]3[C@@H]2OC(O3)(C)C)C(=O)Nc4ccc(c(c4)Cl)OC)C
dude_jak2__L003590,Cc1ccc(cc1)C(=O)Nc2ccc(nn2)SCC(=O)Nc3ccc(cc3)[N+](=O)[O-]
dude_jak2__L003591,Cc1csc(n1)NC(=O)CSc2[nH]c3ccc(cc3n2)[N+](=O)[O-]
dude_jak2__L003592,C[C@@]12CC[C@@H](C[C@H]1CC[C@H]3[C@@H]2CC[C@@]\4([C@@H]3CC/C4=N\N)C)O
dude_jak2__L003593,Cc1ccc(c(c1)O[C@H]2[C@@H]([C@@H]([C@@H]3[C@@H](O2)CO[C@@H](O3)c4ccco4)O)O)C
dude_jak2__L003594,c1ccc2=N/C(=N\S(=O)(=O)c3ccc(cc3)Br)/[C@H]([NH+]=c2c1)Nc4cccc(c4)F
dude_jak2__L003595,CCOc1ccc2=[NH+][C@@H]([NH+]=c2c1)SCC(=O)NCc3ccc(cc3)S(=O)(=O)N
dude_jak2__L003596,C[C@@H]1C[C@H](C[NH+](C1)Cc2csc(n2)NC(=O)[C@@H](C(C)C)NC(=O)c3cc(cc(c3)OC)OC)C
dude_jak2__L003597,CC(C)N(c1ccccc1)C(=O)CO/N=C(\c2cc[nH+]c(c2)N3CCCCC3)/N
dude_jak2__L003598,CN1c2ccccc2[C@@]3(C1=O)[C@@H](C(=NC4=NC(=NC(=O)[C@@H]34)SCc5cccc(c5)F)[NH-])C#N
dude_jak2__L003599,CC[C@H](c1nnnn1C(C)(C)C)[NH+](CCO)Cc2cc3cc(cc(c3[nH]c2=O)C)C
dude_jak2__L003600,COc1ccc(cc1)S(=O)(=O)N(CC(=O)N2CCc3c(ccs3)[C@@H]2c4ccc(cc4)Cl)C5CC5
dude_jak2__L003601,Cc1ccc(o1)c2cc(c(=O)n(n2)[C@H](C)C(=O)NC3CC3)N
dude_jak2__L003602,c1ccc(c(c1)NC(=O)c2cccc(c2)N3C(=O)[C@@H]4CC=CC[C@H]4C(=O)N3)O
dude_jak2__L003603,CCOC(=O)C1=C(N(C(=O)N[C@H]1c2c(nn(c2Cl)c3ccc(cc3)C)C)C)C
dude_jak2__L003604,Cc1ccc2c(c1)C(=O)N(C2=O)CC(=O)NCc3n[nH]c(=S)n3C
dude_jak2__L003605,COC(=O)NC(=O)c1c2c(sc1NC(=O)CSc3ccc(cc3)Cl)CN(CC2)C(=O)OC
dude_jak2__L003606,C5CN(c4ccc(Nc3nccc(c2ccc1[nH]ccc1c2)n3)cc4)CCO5
dude_jak2__L003607,Cc1ccc(c(c1)Cl)NC(=O)CCCn2c3ccc(cc3oc2=O)[N+](=O)[O-]
dude_jak2__L003608,Cn1cc(cn1)CN(C)C(=O)c2cc(cnc2NN)Br
dude_jak2__L003609,COc1ccc(cc1)C[NH+](Cc2cc3cc4c(cc3[nH]c2=O)OCO4)Cc5nnnn5Cc6ccccc6
dude_jak2__L003610,Cc1ccc2c(c1)c3c([nH]2)c(=O)n(cn3)CC(=O)NCc4ccncc4
dude_jak2__L003611,CCCOc1ccc(cc1OCC)[C@@H]2c3c(=O)c4cc(ccc4oc3C(=O)N2c5nnc(s5)C)C
dude_jak2__L003612,CCOc1c(cc(cc1Br)Br)C[NH2+]CCCS(=O)(=O)N
dude_jak2__L003613,c1ccc(cc1)N2C[C@@H](OC2=O)CNC(=O)/C=C\c3ccc(cc3)[N+](=O)[O-]
dude_jak2__L003614,CC(=O)[NH+]=c1ccc-2c(cc(oc2c1)O)CSc3nnc(n3c4ccccn4)CN5CCCC5=O
dude_jak2__L003615,C[C@@H](C(=O)N1CCc2c1cccc2)Sc3nc4c(c5c(s4)CCCC5)c(=O)n3C[C@H]6CCCO6
dude_jak2__L003616,CCC(C)(C)NC(=O)[C@H](C)[NH+](C)CC(=O)Nc1ccc(cc1C)Br
dude_jak2__L003617,CC(C)OC(=O)C1=C(Oc2c(=O)cc(oc2[C@@H]1c3ccc(c(c3)Cl)Cl)CO)N
dude_jak2__L003618,C[C@H](C(=O)N1CC(=O)Nc2c1cccc2)OC(=O)c3ccccc3NCCO
dude_jak2__L003619,Cc1cccn2c1nc(c(c2=O)/C=C(\C#N)/C(=O)N)N3CCC(CC3)C
dude_jak2__L003620,CC\1=NN(C(=O)/C1=C\c2ccc(c(c2)O)O)c3ccc(cc3)F
dude_jak2__L003621,c1ccc2c(c1)c(=O)cc(o2)C(=O)NCCS(=O)(=O)N
dude_jak2__L003622,C/C(=N\NC(=O)[C@@](C)(c1ccccc1)O)/Cn2c3ccccc3nn2
dude_jak2__L003623,C=CCn1c(nnn1)SCC(=O)NC(=O)NC23CC4CC(C2)CC(C4)C3
dude_jak2__L003624,c1cc(c(cc1Br)O)C(=O)Nc2nccs2
dude_jak2__L003625,c1ccc(cc1)O[C@@H]2[C@H]([C@@H]([C@H]3CO[C@@H]2O3)NC(=O)NC4CCCCC4)O
dude_jak2__L003626,CC(C)[C@@H]1C(=O)N/C(=N/C(C)(C)C)/S1
dude_jak2__L003627,Cc1c(c(n[nH]1)C)S(=O)(=O)NNC(=O)c2cc3c(s2)CC[C@H](C3)C
dude_jak2__L003628,C[C@H]1C[NH+](C[C@@H](O1)C)Cc2c(ccc3c2oc(=O)c4c3CCC4)O
dude_jak2__L003629,CC1=C([C@]2(c3ccccc3N(C(=C2C(=O)OC)N)C)C(=O)O1)C(=O)OC(C)(C)C
dude_jak2__L003630,C[C@@H](c1nncn1C)[NH2+]Cc2ccc(c(c2)[N+](=O)[O-])Br
dude_jak2__L003631,c1cc(ccc1CNC(=O)[C@@H]2CN(CC23CC[NH2+]CC3)C(=O)c4c(ccc(c4F)Cl)F)OC(F)F
dude_jak2__L003632,COc1ccc(cc1OC)C(=O)NC(=Cc2ccc(cc2)[N+](=O)[O-])[C@H]3[NH+]=c4ccc(cc4=[NH+]3)C(F)(F)F
dude_jak2__L003633,Cc1cccc(c1)OC[C@H](C)NC(=O)C(=O)Nc2cc(ccc2C)[N+](=O)[O-]
dude_jak2__L003634,Cc1c(cc(c(n1)NC(=O)COC(=O)C2=c3ccccc3=[NH+]C(=O)C2)Cl)Cl
dude_jak2__L003635,COc4cc(Nc3nc2cccc(c1ccc(NS(C)(=O)=O)cc1)c2o3)cc(OC)c4OC
dude_jak2__L003636,CC1=C([C@@H](NC(=O)N1)[C@H]2CCC=CC2)C(=O)OC(C)C
dude_jak2__L003637,c1ccc2c(c1)cccc2S(=O)(=O)N3CCC(CC3)c4[nH]c5c(c(=O)n4)nnn5Cc6cccc(c6)Cl
dude_jak2__L003638,c1ccc(c(c1)C(=O)NCc2cn3ccsc3n2)[N+](=O)[O-]
dude_jak2__L003639,CCOC(=O)Cn1c2c(sc1=O)[C@@H]([C@H]3[C@H](S2)C(=O)N(C3=O)c4ccc(cc4)F)c5ccccc5
dude_jak2__L003640,c1c(cc(cc1F)Br)[C@@H](c2cc3c(cc2Cl)NC(=O)C3)O
dude_jak2__L003641,COCCN1C(=O)[C@]2(Cc3ccccc3N4[C@@H]2C[NH+](CC4)Cc5ccc6c(c5)OCO6)C(=O)NC1=O
dude_jak2__L003642,CC[C@H](C(=O)Nc1cccc(c1)C)n2c(=O)c3c(n(nc3c(n2)C)c4ccccc4)C
dude_jak2__L003643,c1cc(ccc1C(=O)N/N=C(\[C@@H]2C(=O)[NH+]=c3ccc(cc3=[NH+]2)Cl)/[C@H]([C@@H](CO)O)O)[N+](=O)[O-]
dude_jak2__L003644,Cc1ccc(cc1C)[C@H](C)NC(=O)CN2C(=O)[C@](NC2=O)(C)c3ccc4c(c3)OCCO4
dude_jak2__L003645,Cc1cc([nH+]c2c1c(c(s2)C(=O)OCC(=O)N(CCC#N)c3cccc(c3)Cl)N)C
dude_jak2__L003646,c1ccc2c(c1)cccc2C(=O)N(Cc3cc4ccc(cc4[nH+]c3N5CCC(CC5)O)F)C[C@H]6CCCO6
dude_jak2__L003647,Cc1ccc(c(c1)N[C@H]2/C(=N/S(=O)(=O)c3cccc4c3nsn4)/[NH+]=c5ccccc5=[NH+]2)C
dude_jak2__L003648,CC(=O)NCCC(=O)Nc1ccc(c(c1)S(=O)(=O)Nc2ccc(cc2)Cl)Cl
dude_jak2__L003649,CC(C)Oc1ccccc1NCC(=O)NN2C(=O)C3(CCCCC3)NC2=O
dude_jak2__L003650,CC(C)(C)OC(=O)N1CCC(CC1)NC(=O)N2CCC[NH+](CC2)C3CC3
dude_jak2__L003651,C[C@@H]1Cc2cc(c(cc2NC1)OC)OC
dude_jak2__L003652,Cc1ccc2=[NH+]C(=O)[C@H](C=c2c1)[C@H]([C@@H]3N=NNN3C(C)(C)C)[NH+](Cc4ccc(cc4)OC)Cc5ccco5
dude_jak2__L003653,Cc1c([nH]nc1C(F)(F)F)C=O
dude_jak2__L003654,CCc1ccc(cc1)Cn2c(ccn2)NC(=O)CN3C(=O)C4(CCC(CC4)C)NC3=O
dude_jak2__L003655,CCSc1nc2n(n1)[C@@H](C3=C(N2)C[C@H](CC3=O)C)c4ccc(cc4)C(C)C
dude_jak2__L003656,Cc1cc(c(cc1N2C(=O)[C@H]3[C@@H]4CCC[NH+]4[C@@]5([C@@H]3C2=O)c6cccc(c6NC5=O)Cl)OC)[N+](=O)[O-]
dude_jak2__L003657,Cc1cc2cc(c(=O)[nH]c2cc1C)[C@@H](c3nnnn3C(C)(C)C)[NH+]4CCC(=CC4)c5ccc(cc5)F
dude_jak2__L003658,C[C@@H](C(=O)N1CC(=O)Nc2c1ccc(c2)C(F)(F)F)[NH+]3CCc4cc(c(cc4C3)OC)OC
dude_jak2__L003659,c1ccc(cc1)c2nc(nn2c3ccccc3)C(=O)NNC(=O)c4cccn4Cc5cccs5
dude_jak2__L003660,Cc1ccc(cc1NC(=O)C[NH+]2CCN(CC2)S(=O)(=O)N3CCC(CC3)C)Cl
dude_jak2__L003661,Cc1ccc(cc1NC(=O)[C@H](C)NS(=O)(=O)c2cccs2)[N+](=O)[O-]
dude_jak2__L003662,CCCCC(=O)N1C[C@@H](C2(C1)CC[NH2+]CC2)C(=O)NC(c3ccc(cc3)OC)c4ccc(cc4)OC
dude_jak2__L003663,C[C@@H]1C[C@@]2(CC(C1)(C)C)C(=O)N(C(=O)N2)CC(=O)O[C@@H](C)C(=O)Nc3ccccc3
dude_jak2__L003664,CCOc1ccc(cc1OC)[C@H](c2c(n3c(s2)nc(n3)C)O)[NH+]4CCC5(CC4)OCCO5
dude_jak2__L003665,CC(=O)N1C[C@@H](C2(C1)CC[NH2+]CC2)C(=O)NC3CCC(CC3)C(=O)[O-]
dude_jak2__L003666,CS(=O)(=O)N1CCC[C@@H](C1)NC(=O)N2CC[NH+](CC2)CC3CCCCC3
dude_jak2__L003667,CC[C@@H](CC1=COc2ccc(cc2C1)O)[NH3+]
dude_jak2__L003668,c1ccc(c(c1)c2nnc(o2)C[NH+]3CCC(CC3)c4nnc5n4cccc5)Cl
dude_jak2__L003669,Cc1cc2c(c(c1)Br)O[C@@]3(N2)C=C(OC(=C3C#N)N)C
dude_jak2__L003670,C1CCC(CC1)CC(=O)NNC(=O)N2CCC3(CC2)OCCO3
dude_jak2__L003671,CC(=O)N1[C@@H](CC(=N1)[C@@H]2C(=c3cc(ccc3=[NH+]C2=O)Cl)c4ccccc4)c5ccc(cc5)N(C)C
dude_jak2__L003672,Cc1cc(c2c(=O)[nH]n(c2n1)C)C(=O)NC[C@@H](C(C)C)[NH+]3CCC(CC3)C
dude_jak2__L003673,c1ccc2=[NH+]CC(=c2c1)C3CCN(CC3)C(=O)CCNc4ccccc4[N+](=O)[O-]
dude_jak2__L003674,Cc1c(c(=O)n(n1C)c2ccccc2)/N=C/c3c([nH]c(=S)n(c3=O)CCC4=CCCCC4)[O-]
dude_jak2__L003675,c1cc(cc(c1)Br)C(=O)N/N=C/c2ccc(c(c2)O)O
dude_jak2__L003676,C[C@H](C1CCCCC1)NC(=O)[C@@H]2C[C@@H]2[NH3+]
dude_jak2__L003677,c1ccc2=[NH+][C@@H]3C(=c2c1)N=NC(=N3)SC[C@H](CN4CCOCC4)O
dude_jak2__L003678,C[C@@H](c1ccccc1N)NC(=O)c2csc3c2cccc3
dude_jak2__L003679,c1cc(ccc1[N+](=O)[O-])S(=O)(=O)c2cnc(s2)NC(=O)COc3ccc(cc3)Br
dude_jak2__L003680,Cc1cc(cc(c1)n2c(=O)c3ccccc3n(c2=O)CC(=O)N[C@H]4C=C(N=N4)C)C
dude_jak2__L003681,C[C@@H](CC[NH+](C)C)NS(=O)(=O)c1c(cc(cc1Br)Br)N
dude_jak2__L003682,c1cc2c(cc1O)OC[C@@]2(C#N)NC3CCCCCC3
dude_jak2__L003683,C[C@H](C(=O)NNc1nc(nc(n1)Cl)NC(C)C)Oc2ccccc2
dude_jak2__L003684,c1ccc(c(c1)N)S(=O)(=O)Nc2ccc(cc2)Br
dude_jak2__L003685,C[C@H]([C@@H]1CCCO1)NC(=O)Nc2cc(ccc2OC(F)F)[N+](=O)[O-]
dude_jak2__L003686,c1cc(c(cc1Br)F)OCC(=[NH2+])N
dude_jak2__L003687,C[C@@H](C(=O)NC(=O)NC)[NH+]1CCC[C@H](C1)CN(C(C)C)C(=O)OC(C)(C)C
dude_jak2__L003688,C[C@@H]1CCN(C(=O)CC#N)C[C@@H]1N(C)c2ncnc3[nH]ccc23
dude_jak2__L003689,c1cc(sc1)C[NH+]2CCCC[C@H]2C(=O)Nc3ccc(cc3)n4cnnn4
dude_jak2__L003690,CCN(CC)C(=O)C[NH+]1CCN(CC1)c2c3c4c(sc3nc(n2)SCC(=O)N(C)C)CCCC4
dude_jak2__L003691,C[C@@H]1C[C@H]1C(=O)NC2C3CC4CC(C3)CC2C4
dude_jak2__L003692,COC(=O)c1ccc(cc1)C(=O)/[NH+]=C/2\C=CC3=[NH+][C@H]([N-]C3=C2)c4cccnc4
dude_jak2__L003693,c1cc(ccc1N(CCC(=O)N)C(=O)COC(=O)c2ccc3c(c2)nc4n(c3=O)CCCCC4)F
dude_jak2__L003694,c1ccc(cc1)C[NH+]2CCNC(=O)[C@@H]2CC(=O)NCCn3c(=O)ccc(n3)c4ccccc4
dude_jak2__L003695,CCn1c(=O)c2ccccc2c(n1)C(=O)NNC(=O)CC34C[C@H]5C[C@@H](C3)CC(C5)(C4)O
dude_jak2__L003696,C[C@@H](C(=O)NC)S(=O)(=O)c1nnc(n1C)c2cccs2
dude_jak2__L003697,Cc1c(c2ccccc2n1CC(=O)N)C[NH2+]C[C@H]3COc4ccccc4O3
dude_jak2__L003698,CCCn1c(c(c(c(c1=O)C#N)C)/C=C/2\C(=O)N(C(=S)S2)CC(C)C)N3CCC(CC3)C(=O)OCC
dude_jak2__L003699,Cc1ccc2cc(c(nc2c1C)O)[C@@H](c3nnnn3C(C)(C)C)[NH+]4CCCC4
dude_jak2__L003700,Cc1cc(ccc1NCc2cc3ccccc3[nH]c2=O)I
dude_jak2__L003701,COc1cccc(c1)OC[C@@H]2c3ccsc3CCN2C(=O)CN(CC=C)C(=O)c4ccc5c(c4)OCO5
dude_jak2__L003702,CCC[C@]1(C(=O)N(C(=O)N1)CC(=O)NC(=O)Nc2ccc(cc2C)C)C
dude_jak2__L003703,COc1cc(cc(c1)OC)C(=O)NC(=S)Nc2cc3c(cc2Cl)nn(n3)c4ccccc4
dude_jak2__L003704,Cc1ccc(c(c1)OC[C@H](CN2C(=O)[C@@](NC2=O)(C)c3ccc(cc3)[N+](=O)[O-])O)C
dude_jak2__L003705,c1cc(oc1)/C=C(\C#N)/C(=O)Nc2ccc(cc2)n3c(c(cn3)C#N)N
dude_jak2__L003706,CC[C@@H](C)[C@@H](C(=O)NC1[NH+]=c2ccccc2=[NH+]1)NC(=O)c3cc(c(c(c3)OCC)OCC)OCC
dude_jak2__L003707,c1cc(cc(c1)[N+](=O)[O-])CNC(=O)NCC(=O)Nc2ccc(c(c2F)F)F
dude_jak2__L003708,c1ccc(cc1)Cc2ccc(cc2)[C@@H](CNCc3ccccc3)[NH+]4CC[NH2+][C@@H](C4)Cc5ccccc5
dude_jak2__L003709,C[C@H]1CCc2c(sc3c2c(nc(=O)[nH]3)N)C1
dude_jak2__L003710,CC1=C([C@@]2(c3ccccc3OC(=C2C#N)N)C(=O)N1)C(=O)OCC=C
dude_jak2__L003711,CC[NH+]1CCC[C@@H]1CN(C/C=C/c2ccccc2)CC3CC[NH+](CC3)CCOC
dude_jak2__L003712,CCOc1ccc2c(c1)cc(c(=O)[nH]2)[C@@H](c3nnnn3C(C)(C)C)[NH+]4CCN(CC4)C(=O)c5ccco5
dude_jak2__L003713,CCOc1cc(ccc1OCc2ccccc2)/C=C\3/C(=[NH2+])N4C(=NC3=O)SC(=N4)c5ccccc5Cl
dude_jak2__L003714,[H]/N=C\1/NC(=O)/C(=C/c2ccc(c(c2)OC)OCC(=O)Nc3cccc(c3)C(F)(F)F)/S1
dude_jak2__L003715,Cc1ccc(c(c1)c2csc3c2c(=O)[nH]c(n3)C[NH+](Cc4ccco4)C[C@@H](COC(C)C)O)C
dude_jak2__L003716,[H]/[O+]=c/1\c(c(c1=O)[NH+]2CCC(CC2)NC(=O)N3CCc4c3ccc(c4)S(=O)(=O)N(C)C)NC5CC5
dude_jak2__L003717,CCCC[NH+]1CCN(CC1)c2nc3c(c4c(s3)CCCC4)c(=O)n2CC(=O)NC5CCCCC5
dude_jak2__L003718,Cc1cc(on1)NC(=O)CSc2ccc(nn2)c3ccco3
dude_jak2__L003719,Cc1ccc(c(c1)NS(=O)(=O)c2c(cc(cc2F)N)F)F
dude_jak2__L003720,c1ccc2c(c1)C(=O)N(C2=O)CC(=O)Nc3ccc(cc3Br)[N+](=O)[O-]
dude_jak2__L003721,C[C@@H](C(=O)NC(=O)NC)Sc1nc2c(c3c(s2)CCCC3)c(=O)n1CCC(C)C
dude_jak2__L003722,Cc1cc2cc(c(=O)[nH]c2cc1C)[C@@H](c3nnnn3C4CCCC4)N5CC[NH+](CC5)C6CCCCC6
dude_jak2__L003723,Cc1ccc(cc1)N2C(=O)/C(=C(/C)\NCCc3cnc[nH]3)/C(=O)NC2=O
dude_jak2__L003724,CC(C)CNC(=O)c1ccccc1N2C(=O)[C@@]3([C@H]4C(=c5ccccc5=[NH+]4)CCN3C2=O)C
dude_jak2__L003725,c1cc(n(c1)c2ccc(cc2Cl)[N+](=O)[O-])/C=C/3\C(=[NH2+])N4C(=NC3=O)SC(=N4)C5CCCCC5
dude_jak2__L003726,Cc1cccc(c1)N2C[C@@H](CC2=O)C(=O)Nc3nc4ccc(cc4s3)[N+](=O)[O-]
dude_jak2__L003727,c1ccc(cc1)CNC(=O)NC(=O)CSc2nnc(n2N)c3cccs3
dude_jak2__L003728,CC1(CC2=C([C@@H](N(c3ccccc3N2)CC(=O)NCCC[NH+](C)C)c4ccccc4OC)C(=O)C1)C
dude_jak2__L003729,Cc1c(c(n(n1)C(=O)[C@H]2CCCN2S(=O)(=O)c3ccc(cc3)Cl)C)Sc4ccc(cc4)[N+](=O)[O-]
dude_jak2__L003730,CC(=O)c1ccc(cc1)N2C(=O)[C@H]3[C@H]4c5ccccc5C=C[NH+]4[C@@H]([C@@H]3C2=O)C(=O)c6cccc(c6)[N+](=O)[O-]
dude_jak2__L003731,c1ccc(cc1)Cn2c(nnc2SCC(=O)C(=C3Nc4ccccc4N3)C#N)c5ccco5
dude_jak2__L003732,CCC(CC)NC(=O)COC(=O)[C@H](CC1=c2ccccc2=[NH+]C1)NC(=O)c3cccs3
dude_jak2__L003733,c1ccc2c(c1)c(c3ccccc3n2)/C=N/c4ccc(cc4)S(=O)(=O)N=C(N)N
dude_jak2__L003734,C[C@@H](C(=O)Nc1nnc(s1)c2ccccc2)NC(=O)N(C)C
dude_jak2__L003735,Cc1cc(c(o1)C)[C@@H](C)NC(=O)Nc2ccc(nc2)Cl
dude_jak2__L003736,Cc1c(nc(=O)[nH]n1)N/N=C/c2ccc(cc2)OC(=O)c3ccccc3
dude_jak2__L003737,Cc1c(sc2c1c(=O)n(c(n2)N3CC[NH+](CC3)CC(C)C)CC(=O)NC4CCCCC4)C
dude_jak2__L003738,Cc1cccc2c1[nH]c(=O)c(c2)[C@@H](c3nnnn3C4CCCC4)[NH+]5CCC(=CC5)c6ccc(cc6)F
dude_jak2__L003739,CN(C)C(=O)CNC(=O)/C=C/c1ccc(c(c1)[N+](=O)[O-])Cl
dude_jak2__L003740,CC(=O)[NH+]=c1ccc-2c(cc(oc2c1)O)COC(=O)CCNC(=O)Cc3ccccc3
dude_jak2__L003741,CN(CC(=O)Nc1cc(ccc1OC)Cl)S(=O)(=O)c2ccc(s2)CC(=O)[O-]
dude_jak2__L003742,Cc1c(c(n2c(n1)nc(n2)SCC(=O)Nc3ccc(cc3Cl)Cl)C)CC(=O)[O-]
dude_jak2__L003743,c1cc(ccc1N[C@H]2C[C@H]3CC[C@@H]2C3)N4CCNC4=O
dude_jak2__L003744,Cc1c(c(n(n1)C)C)S(=O)(=O)NCc2ccc([nH+]c2)N3CCC(CC3)C
dude_jak2__L003745,CC(C)S(=O)(=O)c1cccc(c1)C(=O)N(C[C@H]2CCCO2)c3nc4ccc(cc4s3)S(=O)(=O)C
dude_jak2__L003746,Cc1ccc(cc1)[C@@H]2C(=O)N(c3cc(cc(c3O2)N)C)C
dude_jak2__L003747,Cc1cccc(c1)C(=O)NNC(=O)N2CCc3c(cccc3NC(=O)C)C2
dude_jak2__L003748,Cc1nc2cc(c(cc2s1)[N+](=O)[O-])NC[C@H]3COCCO3
dude_jak2__L003749,Cc1ccc(s1)c2cc(c3cnn(c3n2)C(C)C)C(=O)NNC(=O)c4cc(oc4C)C
dude_jak2__L003750,c1ccc(cc1)C2=NO[C@H](N2)COC(=O)c3c4ccccc4n[nH]3
dude_jak2__L003751,Cc1cccc(c1)C(=O)Nc2c(cc(cc2N)Br)C
dude_jak2__L003752,Cc1c(cccc1Cl)n2c(=O)c3c4c(sc3[nH]c2=S)CCCCCC4
dude_jak2__L003753,C[C@H]1CC=C(S1)c2[nH]nc(n2)NC(=O)c3ccc(=O)n(n3)C
dude_jak2__L003754,c1cc(c(cc1Cl)[N+](=O)[O-])S(=O)(=O)[N-][C@H]2C[C@@H]2[NH3+]
dude_jak2__L003755,COc1cccc(c1)N[C@H](c2ccc(c(c2)O)O)C(=O)N
dude_jak2__L003756,CCC1(C(=O)N(C(=O)N1)CC(=O)NCC(=O)Nc2ccc(cc2)Cl)CC
dude_jak2__L003757,CC(C)C[C@@H](C(=O)N(C)C1CC[NH+](CC1)C)N2CC3=C(C2=O)[C@@H](NC(=O)N3C)c4ccccc4C(F)(F)F
dude_jak2__L003758,CC(C)CCCN1[C@@H]([C@H](C(=O)NC1=O)[C@@H]2[C@@H]3C(=c4ccccc4=[NH+]3)CCN2C)O
dude_jak2__L003759,C[C@H]1CCCC[C@@]12C(=O)N(C(=O)N2)C[NH+]3CCN(CC3)c4cnn(c(=O)c4Cl)c5ccccc5
dude_jak2__L003760,CCOc1cc(cc(c1O)Br)/C=C\2/C(=O)NC(=S)N(C2=O)c3ccc(cc3)Cl
dude_jak2__L003761,Nc2nn1cccnc1c2c4cc(NCc3cccnc3)ncn4
dude_jak2__L003762,Cc1c2c([nH]n1)NC3=C([C@@H]2c4ccsc4)C(=O)CC(C3)(C)C
dude_jak2__L003763,CCN1[C@@H]([C@@H](C(=O)N(C1=O)CC)[C@@H]2c3c(c4ccccc4[nH]3)CCN2)O
dude_jak2__L003764,Cc1ccc2=[NH+]C(=O)[C@@H](C=c2c1)[C@H](c3nnnn3CCOC)N4CC[NH+](CC4)[C@@H]5Nc6ccccc6S5
dude_jak2__L003765,CN(C)c1ccc(o1)/C=N/NC(=O)[C@H]2COc3ccccc3O2
dude_jak2__L003766,CCOC(=O)c1c(c2cc3c(cc2[nH]1)OCO3)NC(=O)CN4C[C@@H](O[C@H](C4)C)C
dude_jak2__L003767,c1ccc(cc1)C(=O)c2cc(ccc2NC=C3C(=O)NC(=O)NC3=O)Cl
dude_jak2__L003768,COc1ccc2=[NH+]CC(=c2c1)CCNC(=O)[C@H]3N[C@H](NO3)CC4=c5ccccc5=[NH+]C4
dude_jak2__L003769,CC[NH+](CC)CCN1[C@H](/C(=C(/c2c(nc3n2cccc3)C)\O)/C(=O)C1=O)c4cccc(c4)[N+](=O)[O-]
dude_jak2__L003770,Cc1ccc(cc1)S(=O)(=O)CNC(=O)[C@H](c2ccc(cc2)Cl)N(C)C(=O)c3cccc(c3)[N+](=O)[O-]
dude_jak2__L003771,c1ccc(c(c1)C(=O)NNC(=O)CN2C(=O)/C(=C/c3ccc(cc3)Cl)/SC2=O)O
dude_jak2__L003772,CCc1ccc(cc1)c2nc([nH]n2)SCC3=NC(=O)C4=C([C@@H](SC4=N3)C(=O)[O-])C
dude_jak2__L003773,C[C@H](Nc4nc(n1cnc2ccncc12)nc5n(C)c(C(=O)N3CCN(C)CC3)cc45)c6ccccc6
dude_jak2__L003774,Cc1c(cccc1Cl)NC(=O)c2nn3c(nnc3s2)C4CC4
dude_jak2__L003775,COC(=O)[C@H]1[C@H](c2cc(c[nH+]c2N1CCC3=c4ccccc4=[NH+]C3)NC5CCOCC5)NC(=O)[C@@H]6CCOC6
dude_jak2__L003776,Cc1ccc(cc1)[C@@H]2C(=O)N=C([NH+]=N2)NCCC3=c4ccc(cc4=[NH+]C3)OC
dude_jak2__L003777,COc1ccc2c(c1)[C@@H](CC3(O2)CC[NH+](CC3)C[C@@H](c4ccc5c(c4)OCCO5)O)O
dude_jak2__L003778,Cc1ccccc1n2cc(cn2)CNC(=O)C[C@H]3C(=O)NCC[NH+]3Cc4ccccc4F
dude_jak2__L003779,Cc1cccc(c1)CN2c3ccccc3[C@]4(C2=O)c5c(=O)c6cc(ccc6oc5C(=O)N4CCOC)Cl
dude_jak2__L003780,C[C@H](Nc3nc(Nc2cc(C1CC1)[nH]n2)cnc3C#N)c4ccc(F)cn4
dude_jak2__L003781,CON(c1ccccc1O)C(=O)[C@H]2CC(=O)[C@@H]3[NH+]2Cc4ccccc4N3
dude_jak2__L003782,CCSCCOC(=O)C1=C(NC2=C([C@H]1c3cc4c(cc3[N+](=O)[O-])OCO4)C(=O)CC(C2)(C)C)C
dude_jak2__L003783,c1ccc(cc1)CO[C@@H]2CCCC[C@H]2NC(=O)[C@@H]3CC=CC[C@H]3C(=O)N4CCN(CC4)c5cccc[nH+]5
dude_jak2__L003784,CCC(=C(C)C)NNC(=O)[C@@H]1COc2ccccc2O1
dude_jak2__L003785,Cc1c(c2c(s1)ncn(c2=O)CC(=O)Nc3ccc(c(c3)Cl)OC)S(=O)(=O)N4CCC(CC4)C
dude_jak2__L003786,C=CC[n+]1cc2c(c(c1)C(=O)Nc3ccc(c(c3)[N+](=O)[O-])Cl)nn(c2O)c4ccccc4
dude_jak2__L003787,CC1=C([C@H](N2C(=N1)[NH+]=NN2)c3ccc(cc3)Br)C(=O)OC(C)(C)C
dude_jak2__L003788,Cc1cc2c(cc1C)n3c([nH]2)c(c(c(c3=O)C)OC(=O)N(C)C)C#N
dude_jak2__L003789,Cc1cc(cc(c1)n2ccnc2SCC(=O)NN3C(=O)C4(CCCCC4)NC3=O)C
dude_jak2__L003790,Cc1cc(c(c(c1)C)OCC(=O)N2CCC3(CC2)C(=O)NC(=O)N3)C
dude_jak2__L003791,CC[C@@]1(C(=O)N(C(=O)N1)/N=C/c2c(nn(c2Cl)Cc3ccc(cc3)Cl)C)C
dude_jak2__L003792,Cc1c(c(n(n1)CC(=O)N[C@H]2CCCC[C@@H]2C)C)[N+](=O)[O-]
dude_jak2__L003793,CCOC(=O)c1cn-2c-3c(/c(=[N+]\4/CC[C@@H](C4)NC(=O)OC(C)(C)C)/c(cc3c1O)F)Oc5c2cccc5
dude_jak2__L003794,COCCn\1c2c(cc(cc2s/c1=N\C(=O)[C@H]3CCCN3S(=O)(=O)c4cccs4)F)F
dude_jak2__L003795,CCc1c(sc(c1C(=O)N)NC(=O)[C@@H](C)Oc2ccccc2[N+](=O)[O-])C
dude_jak2__L003796,Cc1ccc(c(c1)C)n2nc(c(n2)C(=O)NC3=NCCS3)C
dude_jak2__L003797,CC(C)Oc1cccc(c1)CC(=O)NNC(=O)c2cccc(c2)[N+](=O)[O-]
dude_jak2__L003798,COCCN1[C@@H](Nc2cc(ccc2C1=O)C(=O)OC)SCC3[NH+]=c4ccccc4=[NH+]3
dude_jak2__L003799,c1cc2c(cc1N)[nH]c(n2)[S@](=O)Cc3cc(ccc3F)Br
dude_jak2__L003800,c1cc(cc(c1)[N+](=O)[O-])C(=O)NNC(=O)c2ccc(cc2)Br
dude_jak2__L003801,c1ccc2=N/C(=N\S(=O)(=O)c3cccc(c3)Cl)/[C@H]([NH+]=c2c1)NCCc4ccc(cc4)S(=O)(=O)N
dude_jak2__L003802,Cc1cc(c(cc1C(=O)NNC(=O)c2ccc(nc2)Cl)S(=O)(=O)N)C
dude_jak2__L003803,C[C@@](C1CC1)(C(=O)NC2CCCCC2)[NH3+]
dude_jak2__L003804,Cc1cc(ccc1N2C(=O)[C@H]3[C@@H]4c5ccccc5C=C[NH+]4[C@@H]([C@@H]3C2=O)C(=O)c6ccc(cc6)Cl)[N+](=O)[O-]
dude_jak2__L003805,CC(C)C[C@H]1[C@@H]2[C@@H](C(=O)N(C2=O)CCOC)[C@@]3([NH2+]1)c4cc(ccc4NC3=O)Cl
dude_jak2__L003806,C[C@H]1CCc2c(sc3c2c(=O)[nH]c(n3)N)C1
dude_jak2__L003807,c1cc(cc(c1)[N+](=O)[O-])NC(=O)N[C@@H]2CS(=O)(=O)C[C@H]2Cl
dude_jak2__L003808,c1ccc(cc1)S(=O)(=O)NNC(=O)CCCN2C(=O)/C(=C/c3ccc4c(c3)OCO4)/SC2=S
dude_jak2__L003809,Cc1cc(nc(c1C(=O)NC(=O)Nn2cnnc2)Cl)Cl
dude_jak2__L003810,CS(=O)(=O)Nc4ccc(c3ccnc(Nc2ccc(CN1CCCCC1)cc2)n3)cc4
dude_jak2__L003811,c1ccc(cc1)C(=O)c2ccccc2C(=O)OCC(=O)NNC(=O)[C@@H]3COc4ccccc4O3
dude_jak2__L003812,COc1ccc(cc1)N(C[C@H]2C=c3cc(ccc3=[NH+]C2=O)OC)C(=O)c4ccncc4
dude_jak2__L003813,CNC(=O)c1cccc(c1)CNC(=O)Nc2cc(c[nH]c2=O)C(F)(F)F
dude_jak2__L003814,Cc1cc(cc(c1)NC(=O)CSc2nc3c(n2C)n(c(=O)n(c3=O)C)C)C
dude_jak2__L003815,C[C@H](C(=O)N1CCc2ccccc2C1)Sc3nnc(n3N)c4ccco4
dude_jak2__L003816,c1ccc(c(c1)[C@H]2C[C@H](N=C3N2NC=[NH+]3)c4ccc(s4)Br)OC(F)F
dude_jak2__L003817,CC[C@@H](C(=O)Nc1cc(on1)C)OC(=O)CCc2[nH]c(=O)c3c4c(sc3n2)CCCC4
dude_jak2__L003818,CN1c2c(c(nc[nH+]2)N3CCN(CC3)Cn4c(=S)[nH]c(n4)/C=C/c5ccc(cc5)F)CN1
dude_jak2__L003819,c1c(c[nH]c1C(=O)NNC(=O)C[C@@H]2CCS(=O)(=O)C2)Cl
dude_jak2__L003820,CN1C2=C([C@@H](NC1=O)c3ccccc3)C(=O)N(C2)[C@@H](c4ccccc4)C(=O)NC[C@@H]5CCCO5
dude_jak2__L003821,Cc1cc2c(cc1S(=O)(=O)N3CCN(CC3)C(=O)CC4=c5ccccc5=[NH+]C4)O[C@H](C(=O)N2)C
dude_jak2__L003822,CCOc1c(cccc1OC)[C@H]2CN3C(=O)CN(C(=O)[C@@]3([C@H]4C2=c5ccccc5=[NH+]4)C)C6CCCC6
dude_jak2__L003823,Cc1c(cn(n1)C)CNC2=C(C(=O)c3ccccc3C2=O)n4c5ccccc5nn4
dude_jak2__L003824,C[C@@H]1C(=C(N=N1)C)CN(C)C(=O)C[C@@H]2C(=O)NCC[NH+]2CC3CCCCC3
dude_jak2__L003825,C[C@H](C(=O)Nc1ccc(c(c1F)F)F)[NH+](C)CC(=O)Nc2ccccc2Br
dude_jak2__L003826,COc1ccc(cc1)S(=O)(=O)[N-]c2nc(cs2)CC(=O)NC3=CC4=CC=N[C@H]4C=C3
dude_jak2__L003827,C[C@@H]1C(=O)Nc2cc(ccc2S1)C(=O)O[C@@H](C)C(=O)Nc3ccccc3[N+](=O)[O-]
dude_jak2__L003828,CC1=C([C@]2(c3cc(ccc3NC2=O)Br)C(=C(O1)N)C#N)C(=O)OCCOC
dude_jak2__L003829,c1ccc2c(c1)cc3ccccc3c2/C=N/Nc4[nH]nc(n4)SCc5nnc(o5)C6CCC6
dude_jak2__L003830,Cc1nc2n(n1)[C@@H](C3=C(N2)C[C@H](CC3=O)c4ccco4)c5c[nH]c6c5cccc6
dude_jak2__L003831,CC[C@@H](C)NC(=O)C[NH+]1CCN(CC1)C(=O)[C@@H]2COc3ccccc3O2
dude_jak2__L003832,Cc1cccc2c1-c3c(cc(s3)C(=O)Nc4ccsc4C(=O)OC)CO2
dude_jak2__L003833,C[C@H](c1ccc2c(c1)[nH]c(=O)[nH]2)NC(=O)c3cc4c(c(c3)Cl)OCO4
dude_jak2__L003834,Cc1c2c(n(n1)c3cccc(c3)O)OC(=C([C@@H]2c4cccc(c4)O)C#N)N
dude_jak2__L003835,c1cc2c(cc1NC(=O)[C@H]3CC(=O)N(C3)CCC4=c5cc(ccc5=[NH+]C4)F)OCCO2
dude_jak2__L003836,c1ccc(cc1)N2C=C([C@H](N2)c3cccs3)/C=N/N4[C@H](N=[NH+]C4=S)c5cc[nH+]cc5
dude_jak2__L003837,COc1ccc(cc1)CCN2CC(=O)N3[C@H](C2=O)CC4=c5ccccc5=[NH+][C@H]4[C@H]3c6ccc(c(c6)OC)OC
dude_jak2__L003838,CCn1c(c(c(c(c1=O)C#N)C)/C=C/2\C(=O)N(C(=S)S2)[C@@H](C)c3ccccc3)N4C[C@@H](C[C@@H](C4)C)C
dude_jak2__L003839,CNC(=O)c1c2c(sc1NC(=O)c3ccc(o3)S(=O)(=O)c4ccccc4)CCCC2
dude_jak2__L003840,[H]/N=C/1\C(=C([C@@H](S1)C(=O)Nc2cccc(c2)[N+](=O)[O-])C)OC(=O)CC
dude_jak2__L003841,CC[C@@]1(C[C@H]2C=C3C4=N[C@@H]5C=C(C(=C[C@@H]5C(=C4CN3C(=O)[C@@H]2COC1=O)C[NH+]6CCC(CC6)C)C)Cl)O
dude_jak2__L003842,CCOc1ccccc1N[C@@H]2/C(=N/S(=O)(=O)c3ccc(cc3)F)/[NH+]=c4ccccc4=[NH+]2
dude_jak2__L003843,c1ccc2c(c1)CC[C@@]23C(=O)N(C(=O)N3)CC(=O)Nc4cc[nH]n4
dude_jak2__L003844,CCC(C)(C)n1c(nnn1)[C@H](c2cc3cc(cc(c3[nH]c2=O)C)C)N4CCN(CC4)c5cccc(c5C)C
dude_jak2__L003845,CNc1ccc(cc1[N+](=O)[O-])/C=C(/c2nnc(s2)C(=O)Nc3ccccc3)\Cl
dude_jak2__L003846,CCOc1cc(ccc1OCC#C)[C@H]2CC(=O)N[C@H]3C2=C(NN3c4ccc(nn4)[O-])C
dude_jak2__L003847,CCOC(=O)N1CCC(CC1)/N=c\2/c(=N/CC[NH+]3CCCCCC3)/c(c2O)O
dude_jak2__L003848,C[C@@H]1CCC[NH+](C1)C(C)(C)CNC(=O)CNC(=O)C23CC4CC(C2)CC(C4)C3
dude_jak2__L003849,CCOC(=O)c1c(nc(s1)NC(=O)Cc2cc(nc(n2)SCc3cccc(c3)Cl)[O-])C
dude_jak2__L003850,CC(C)c1cc2c(cc1OC)NCCCC2
dude_jak2__L003851,C[C@]12C[C@H](CC(C1)(C)C)N(C2)C3=[NH+]C=NC4=c5cc(c(cc5=[NH+][C@@H]43)OC)OC
dude_jak2__L003852,COC(=O)C[C@H](C(=O)OC)NC(=O)N1CCc2c([nH+]c[nH]2)[C@H]1c3ccc(cc3)Br
dude_jak2__L003853,c1ccc(cc1)C(=O)N/N=C/c2cc(=O)[nH]c(=O)[nH]2
dude_jak2__L003854,c1cc(ccc1[N+](=O)[O-])S(=O)(=O)NCC2CC[NH+](CC2)C3CCCC3
dude_jak2__L003855,CC(C)N1C[C@H](CC1=O)c2[nH]c(c[nH+]2)c3cc4ccccc4o3
dude_jak2__L003856,Cc1c(c(n(n1)C)C)CNc2c3c(c(nn3C)C)nc(n2)C(C)C
dude_jak2__L003857,C/C(=N\NC(=O)c1ccc(cc1)N)/c2ccc(c(c2)[N+](=O)[O-])Cl
dude_jak2__L003858,Cc1c(c(nc(n1)SC(F)F)[O-])CCC(=O)Nc2c(n(n(c2=O)c3ccccc3)C)C
dude_jak2__L003859,CCCOc1ccc(cc1OC)[C@@H]2CN3C(=O)CN(C(=O)[C@@]3([C@@H]4C2=c5ccccc5=[NH+]4)C)C[C@@H]6CCCO6
dude_jak2__L003860,CCC(=O)N1CCC2=c3ccccc3=[NH+][C@H]2[C@@]14c5cc(ccc5NC4=O)Br
dude_jak2__L003861,Cc1cc(c2=[NH+]C(=O)[C@H](C=c2c1)[C@@H]3c4cc(c(cc4CCN3S(=O)(=O)C)OC)OC)C
dude_jak2__L003862,c1ccc(c(c1)NC(=O)C2CCC3(CC2)C(=O)NC(=O)N3)OC(F)(F)F
dude_jak2__L003863,C[C@H](C(=O)N(C)C1CC[NH+](CC1)C2CCOCC2)NC(=O)OC(C)(C)C
dude_jak2__L003864,CC[NH+](CC(=O)Nc1ccc(c(c1)S(=O)(=O)N(C)C)OC)CC(=O)Nc2cc(ccc2C)Cl
dude_jak2__L003865,CN[C@@H]1CC5O[C@@](C)([C@@H]1OC)n7c2ccccc2c8c3CNC(=O)c3c6c4ccccc4n5c6c78
dude_jak2__L003866,CC[C@@]1([C@H]2[C@@]1(C(=O)Oc3c2cccc3)C(=O)c4cc5ccccc5oc4=O)C(=O)c6ccc(cc6)Cl
dude_jak2__L003867,CC(C)(C)[C@@](C)([C@H]1C[C@]23CC[C@]1([C@H]4[C@@]25CC[NH2+][C@@H]3Cc6c5c(c(cc6)O)O4)OC)O
dude_jak2__L003868,CCOc1ccc(cc1)N2C(=O)/C(=C/c3cc(n(c3C)c4ccc(cc4C)[N+](=O)[O-])C)/C(=O)N(C2=S)C
dude_jak2__L003869,Cc1cc(cc(c1C)S(=O)(=O)N(C)C)C(=O)Nc2cccc(c2C)[N+](=O)[O-]
dude_jak2__L003870,Cn1c2c(c(=O)n(c1=O)C)n(c(n2)N/N=C/c3cccc(c3)O)CCc4ccccc4
dude_jak2__L003871,Cc1c2ccccc2oc1[C@@H](C)Nc3cn[nH]c(=O)c3Cl
dude_jak2__L003872,C[C@@H](CC(=O)NN1CC(=O)NC1=O)NC(=O)C2CCCCC2
dude_jak2__L003873,CC(C)C(=O)Nc1ccc2c(c1)[C@H]3C=CC[C@@H]3[C@H](N2)c4cccc(c4)[N+](=O)[O-]
dude_jak2__L003874,c1ccc(cc1)COc2ccc(cc2)/C=N/n3cnc4c(c3=[NH2+])sc5n4c6ccccc6n5
dude_jak2__L003875,Cc1ccccc1NC(=O)[C@@H](C)N2C(=O)/C(=C/c3cccc(c3)[N+](=O)[O-])/SC2=S
dude_jak2__L003876,C[C@H]1CCCC[C@@H]1NC(=O)c2cn(c3cccc(c3c2=O)N)C
dude_jak2__L003877,Cc1ccc(o1)[C@H](C)NS(=O)(=O)c2c(nc3n2ccs3)N
dude_jak2__L003878,COC(=O)[C@H](c1ccc(cc1)Cl)[NH+]2CCN(CC2)S(=O)(=O)c3cccc(c3)C#N
dude_jak2__L003879,Cc1cc(c(c(c1)C)NC(=O)CNC(=O)COc2c3c4c(sc3ncn2)CCCC4)C
dude_jak2__L003880,C[C@@H]1CCCC[C@H]1NC(=O)N2CCC[C@@H](C2)C(=O)NC3CC3
dude_jak2__L003881,Cc1c(cccc1NC(=O)[C@H]2C=C(N=N2)C)C(=O)Nc3nccs3
dude_jak2__L003882,COC(=O)C[C@H](C(=O)OC)NC(=O)N1CCc2c([nH+]c[nH]2)[C@H]1c3ccc(cc3F)Cl
dude_jak2__L003883,c1ccc(c(c1)C[NH+]2CCCC[C@H]2CO)N
dude_jak2__L003884,C[C@@]12CC[C@@H]3[C@@H]([C@H]1CC[C@@H]2C(=O)NC(C)(C)C)C[C@@H]([C@H]4[C@]3(C=CC(=O)N4)C)O
dude_jak2__L003885,c1ccc2c(c1)OC[C@H](O2)CN3C(=O)c4cccc(c4C3=O)N5CC[NH+](CC5)Cc6c(cccc6Cl)F
dude_jak2__L003886,c1ccc(cc1)CNC(=S)NNC(=O)c2ccc3c(c2)c4c([nH]3)CCCC4
dude_jak2__L003887,c1ccc(cc1)C[NH+](Cc2ccco2)[C@@H](c3cc4cc5c(cc4[nH]c3=O)OCO5)c6nnnn6C7CCCC7
dude_jak2__L003888,c1ccc(cc1)C2(CCC2)NC(=O)c3cc4ccccc4c(=O)[nH]3
dude_jak2__L003889,CC(C)[NH+]1CC[C@@H](C1)Nc2cc3c(cc2Br)[nH]c(=O)[nH]3
dude_jak2__L003890,c1cc[nH+]c(c1)N2CCN(CC2)C(=O)CCNC(=O)[C@H]3C[C@@H]3c4cccc(c4)Br
dude_jak2__L003891,CCOC(=O)[C@@H](c1ccc(cc1)Cl)[NH+]2CCN(CC2)C(=O)Cn3ccc(=O)[nH]c3=O
dude_jak2__L003892,Cc1cccc(c1)[C@@H]2[C@H]3C(=c4ccccc4=[NH+]3)C[C@@H]5N2C(=O)CN(C5=O)CCc6ccc(c(c6)OC)OC
dude_jak2__L003893,CC(C)c1c2cnn(c2c(=O)n(n1)CC(=O)NC3CCCCC3)c4ccc(cc4)F
dude_jak2__L003894,C1[C@H]2[C@H]3CO[C@@H]([C@@]1(Nc4n2nc(n4)C(F)(F)F)O)O3
dude_jak2__L003895,c1ccc2c(c1)CC[NH+](C2)Cc3nnnn3CC(=O)N4CC[C@H](C4)c5cccc(c5)Cl
dude_jak2__L003896,CCCC[NH+](CCCC)CCCNc1c2cc(ccc2[nH+]c3c1CCCC3)OC
dude_jak2__L003897,c1c(nc(s1)N2CCNC2=O)CC(=O)N3CCC[C@@H]3C[NH+]4CCCC4
dude_jak2__L003898,c1cc(cc(c1)S(=O)(=O)/N=C\2/CCCN2)NC(=O)c3ccn(n3)c4cccc(c4)Cl
dude_jak2__L003899,CC(=O)NNc1[nH]c(=O)c2c3c(sc2n1)COC(C3)(C)C
dude_jak2__L003900,CC1=C([C@H](NC(=S)N1)c2csnn2)C(=O)Nc3cccc(c3)OC
dude_jak2__L003901,c1cc(c(cc1Br)Br)OCC(=O)N/N=C/c2ccc(o2)[N+](=O)[O-]
dude_jak2__L003902,CCOC(=O)c1c(c(sc1/N=C/c2cc(cc(c2O)C)[N+](=O)[O-])C)C
dude_jak2__L003903,c1c[nH]cc(c1=O)NC(=O)c2cc3c(s2)CCCCC3
dude_jak2__L003904,c1ccc(cc1)n2cc(cn2)c3c(onc3C(F)(F)F)c4ccc5c(c4O)OCO5
dude_jak2__L003905,C[C@H]1CCCN(C1)S(=O)(=O)c2ccc(c(c2)[N+](=O)[O-])N3CC[NH+](CC3)[C@@H](C)C(=O)NC4CC4
dude_jak2__L003906,CC[C@@H]1C(=O)Nc2cc(c(cc2O1)S(=O)(=O)N(C)CC(=O)Nc3cccc(c3)C(=O)C)C
dude_jak2__L003907,CCN(CCNC(=O)Nc1ccc(cc1)n2cnnn2)c3ccccc3C
dude_jak2__L003908,Cc1ccc(c(c1)C)n2c(nnn2)SCc3cc(=O)oc4c3ccc(c4C)O
dude_jak2__L003909,C[C@]1(C(=O)N(C(=O)N1)NC(=O)C[NH+]2CCc3ccccc3C2)CCc4ccccc4
dude_jak2__L003910,Cc1c(c(=O)n(n1C)c2ccccc2)NC(=O)C[NH2+]Cc3ccc4c(c3)OCO4
dude_jak2__L003911,C/C(=N\Nc1ccc(nn1)Cl)/c2ccc3c(c2)OCCO3
dude_jak2__L003912,CC[C@@H](c1nnnn1C2CCCCC2)N(Cc3ccc4c(c3)OCO4)Cc5cc6ccc(cc6[nH]c5=O)C
dude_jak2__L003913,CCCCn1c(c(c(c(c1=O)C#N)C)/C=C/2\C(=O)N(C(=S)S2)C3CCCCC3)N4CC[NH+](CC4)CC
dude_jak2__L003914,COc1ccccc1CN[C@@H]2/C(=N/S(=O)(=O)c3cccs3)/[NH+]=c4ccccc4=[NH+]2
dude_jak2__L003915,CS(=O)(=O)N[C@@H]1Nc2ccc(cc2S1)NC(=O)CCC3[NH+]=c4ccccc4=[NH+]3
dude_jak2__L003916,CC(C)[C@H](C(=O)N1CCc2c(c3cc(ccc3[nH]2)C(=O)OC)C1)NC(=O)c4cccs4
dude_jak2__L003917,CC[NH+]1CCC[C@@H](C1)C(=O)N2CCc3c(c(cc(=O)n3CC2)OCCCc4ccccc4)C(=O)OC
dude_jak2__L003918,COc1cccc(c1O)/C=N/NC(=O)C2=NN=C(C2)c3ccc(s3)Br
dude_jak2__L003919,C[NH+](Cc1ccccc1)C[C@H](COc2ccc(cc2)C[NH2+]Cc3cccc4c3cccc4)O
dude_jak2__L003920,[H]/N=C\1/C(=S)N(C(=O)N1c2cccc(c2)[N+](=O)[O-])c3ccccc3
dude_jak2__L003921,C[C@@H](c1ccc2=[NH+]C(=O)[NH+]=c2c1)Nc3ccc(cc3[N+](=O)[O-])C(=O)Nc4ccc5ccccc5c4
dude_jak2__L003922,CCc1ccccc1S(=O)(=O)N2CCN(CC2)[C@]3(CCN(C3)C(=O)NC)CC
dude_jak2__L003923,Cc1cc(c(c(c1)C)/N=C/c2ccc(cc2)O)C
dude_jak2__L003924,c1ccc2c(c1)cccc2CNC(=O)N3c4ccccc4C[C@H]3C(=O)N
dude_jak2__L003925,CNc1ccc(cc1)C(=O)/N=c/2\[nH]cc(s2)Br
dude_jak2__L003926,CCc1cccc2=C(C[NH+]=c12)C(=O)CSC3=NN[C@@H](N3Cc4ccccc4)[C@@H](CC)[NH+](C)C
dude_jak2__L003927,CCOC(=O)C(=O)Nc1c2c(n(n1)C)NC(=O)C[C@H]2c3cccs3
dude_jak2__L003928,c1ccc(cc1)CC[C@@H]2[C@H]3C(=c4ccccc4=[NH+]3)C[C@@H]5N2C(=O)CN(C5=O)C[C@@H](c6ccccc6)O
dude_jak2__L003929,CC(C)(C)OC(=O)N1CCN(CC1)C(=O)Nc2cc3c(cc2Br)OCCO3
dude_jak2__L003930,c1ccc(cc1)C(=O)c2ccccc2NC=C3C(=O)NC(=O)NC3=O
dude_jak2__L003931,CN(C)S(=O)(=O)c1cccc(c1)CSc2nnc3n2c4ccccc4c(=O)n3c5ccccc5
dude_jak2__L003932,COc1cc(ccc1OCCO)/C=C/2\C(=NC(=O)N(C2=O)c3cccc4c3cccc4)[O-]
dude_jak2__L003933,Cc1c(cccc1[N+](=O)[O-])NC(=O)C(=O)NC[C@@]2(CCCc3c2cccc3)O
dude_jak2__L003934,Cc1ccc(cc1)N2C(=O)[C@@H]3[C@H]4c5ccccc5C=C[NH+]4[C@H]([C@H]3C2=O)C(=O)c6ccc(cc6)OC(=O)C
dude_jak2__L003935,Cc1ccc(c(c1)S(=O)(=O)Nc2cc(ccc2N)F)F
dude_jak2__L003936,c1cc(c(cc1[N+](=O)[O-])Cl)Sc2nnc(s2)NC[C@H]3CCCO3
dude_jak2__L003937,Cc1ccccc1C(=O)NNC(=O)NCC(=O)NCc2ccc(cc2)OC
dude_jak2__L003938,CCC[NH2+]Cc1ccc(cc1N2CCCC[C@@H]2C(=O)N)Br
dude_jak2__L003939,Cc1cc(c2ccc(cc2[nH+]1)N(C)C)NCCCCCCNc3cc([nH+]c4c3ccc(c4)N(C)C)C
dude_jak2__L003940,C[C@@H](C(=O)[O-])Sc1nc2c3ccccc3[nH]c2c(=O)n1c4ccc(c(c4)OC)OC
dude_jak2__L003941,Cc1ccc(c(c1)C)NS(=O)(=O)c2ccc(c(c2)[N+](=O)[O-])N(C)CC(=O)NC
dude_jak2__L003942,Cc1ccc(cc1)N2C(=O)CNC(=N2)C(=O)N3CCO[C@@H]4[C@@H]3CCCC4
dude_jak2__L003943,COc1ccc2c(c1)c(c[nH]2)CCN3[C@H](c4c(n[nH]c4C3=O)c5ccco5)c6ccccc6
dude_jak2__L003944,CC(C)n1c(nnn1)SCC(=O)Nc2ccc3c(c2)OC4(O3)CCCC4
dude_jak2__L003945,C[NH+]1CCc2cccc3c2[C@H]1C[C@@H]3NS(=O)(=O)c4ccc(cc4)NC(=O)OC
dude_jak2__L003946,Cn1c(nnc1SCc2c(=O)[nH]c3ccccc3n2)N
dude_jak2__L003947,Cc1c(n(c(c1C#N)NC(=O)CSc2nnc(n2C)c3ccc(cc3)Cl)Cc4ccccc4)C
dude_jak2__L003948,CCOC(=O)c1c(c(c(s1)NC(=O)c2ccccc2[N+](=O)[O-])C#N)C
dude_jak2__L003949,Cc1cc(c(c(c1)O)C2=C3[C@@H](N(C(=O)[C@@H]3N=N2)CCO)c4cccc(c4)Br)C
dude_jak2__L003950,c1ccc(c(c1)C(F)(F)F)n2cc(nn2)C(=O)N3CCC(=CC3)C4=c5cccnc5=[NH+]C4
dude_jak2__L003951,Cc1ccccc1NC(=O)[C@@H](C)n2c(c(nn2)C(=O)N)C
dude_jak2__L003952,CN(CC(=O)Nc1cc(cc(c1)OC)OC)S(=O)(=O)c2ccc3c(c2)CCCC(=O)N3
dude_jak2__L003953,CCc1ccc2c(c1)c(nc(n2)N=C3NCN(CN3)C(C)(C)CO)C
dude_jak2__L003954,CC1CCN(CC1)C2=[NH+][C@@H]3[C@H](N2CCSC4[NH+]=c5ccccc5=[NH+]4)C(=O)N=C(N3C)[O-]
dude_jak2__L003955,CC(C)c1ccc(cc1)[C@H]2c3c(nc(=S)[nH]c3NC4=C2C(=O)CC(C4)(C)C)N
dude_jak2__L003956,CCC(=O)N1CCc2c1cc(c(c2)Br)S(=O)(=O)NCCC[NH+]3CCC(CC3)C
dude_jak2__L003957,CCn1c2ccc(cc2nc(c1=O)C)C(=O)Nc3c(nn(c3C)C)C
dude_jak2__L003958,C[C@H]1C[C@H](CN(C1)S(=O)(=O)c2ccc(cc2)C(=O)Nc3c(ccs3)C(=O)NC(=O)OC)C
dude_jak2__L003959,Cc1cccc(c1)OCC(=O)NC(=S)Nc2cc(ccc2O)[N+](=O)[O-]
dude_jak2__L003960,C[C@H]1CCN(c2ccccc2S1)C(=O)COC(=O)[C@@H]3CCCCN3S(=O)(=O)c4ccccc4
dude_jak2__L003961,Cc1c(c([nH]c1C(=O)[C@H](C)S[C@H]2NN=C(O2)C3=c4ccccc4=[NH+]C3)C)C(=O)C
dude_jak2__L003962,Cc1cc(c(c(c1)C)NC(=O)[C@H](C)Sc2nc3nc(c(c(n3n2)C)CCC(=O)[O-])C)C
dude_jak2__L003963,Cc1c2c(nc(n(c2=O)CC(=O)NCCCN3CC[NH+](CC3)C4CCCCC4)C)on1
dude_jak2__L003964,CCC[C@]1(C(=O)N(C(=O)N1)CC[C@H]2CCC[NH+]2C)C3CC[NH+](CC3)Cc4ccc(o4)C
dude_jak2__L003965,CC[C@@H](c1nnnn1C[C@H]2CCCO2)[NH+]3CCN(CC3)c4cc(ccc4C)Cl
dude_jak2__L003966,CN1CCc2c(sc3c2c(=O)n(c4n3c(nn4)SCC(=O)N5CCCC5)c6cccc(c6)Cl)C1
dude_jak2__L003967,c1cc(sc1)[C@H]2c3ccsc3CC[NH+]2CC(=O)/[NH+]=C/4\C=C5C(=NC(=N5)[O-])C=C4Br
dude_jak2__L003968,CCc1ccc2=[NH+]C(=O)[C@H](C=c2c1)[C@@H]([C@@H]3N=NNN3C(C)(C)C)N4CC[NH+](CC4)C5CCCCC5
dude_jak2__L003969,CC(C)(C)NC(=O)CNC(=O)Nc1nncs1
dude_jak2__L003970,CC(C)Oc1ccccc1[C@@H]2c3c[nH]nc3NC(=O)CS2
dude_jak2__L003971,Cc1c2ccc(cc2cc(=O)[nH]1)OC
dude_jak2__L003972,c1ccc2c(c1)C[C@H](N(C2)S(=O)(=O)c3cccs3)C(=O)N=c4[nH]c5ccccc5[nH]4
dude_jak2__L003973,Cc1c(cc(o1)CNC(=O)NNC(=O)CC2CCCCC2)C(=O)OC
dude_jak2__L003974,Cc1ccc(cc1[N+](=O)[O-])C(=O)C[C@@]2(c3ccccc3NC2=O)O
dude_jak2__L003975,CCC(C)(C)N1[C@H](N=NN1)[C@@H]([C@@H]2C=c3cccc(c3=[NH+]C2=O)C)[NH+](Cc4ccco4)C[C@@H]5CCCO5
dude_jak2__L003976,CCOc1ccc(cc1OCC)[C@@H]2c3c(=O)c4cc(c(cc4oc3C(=O)N2[C@@H]5CCS(=O)(=O)C5)C)C
dude_jak2__L003977,CCCCN(C)S(=O)(=O)c1ccc(cc1)C(=O)Nc2c(c3c(s2)C([NH2+]C(C3)(C)C)(C)C)C#N
dude_jak2__L003978,c1ccn2c(c1)nnc2[C@H]3CCCN3C(=O)CCNC(=O)NC45CC6CC(C4)CC(C6)C5
dude_jak2__L003979,c1ccc(cc1)n2c(c(c(c2N)C#N)C#N)c3ccco3
dude_jak2__L003980,Cc1ccc(cc1[N+](=O)[O-])NC(=O)CSc2nnc(n2c3ccc(cc3)Cl)C4=c5ccccc5=[NH+]C4
dude_jak2__L003981,C[C@@H]1c2cc3c(cc2OC(=O)[C@@H]1CC(=O)N4CCc5c([nH]c[nH+]5)C4)occ3c6ccccc6
dude_jak2__L003982,COc1ccc(cc1)N2C(=O)/C(=C/3\c4cc(ccc4NC3=O)[N+](=O)[O-])/SC2=S
dude_jak2__L003983,c1ccc(cc1)c2noc(=O)n2C[C@@H](C[NH+]3CCOc4ccccc4C3)O
dude_jak2__L003984,CCc1cccc2c1NC(=O)[C@]23[C@@H]4[C@H]([C@@H]5[NH+]3CCC5)C(=O)N(C4=O)c6cccc(c6)Cl
dude_jak2__L003985,c1cc(cc(c1)[N+](=O)[O-])[C@H](c2ccc3cccnc3c2O)Nc4nccs4
dude_jak2__L003986,Cc1c2c(oc(c2c(=O)[nH]n1)NC(=O)C[NH+](C)Cc3ccccc3Br)C
dude_jak2__L003987,C[C@]1(C(=O)N(C(=O)N1)C[NH+]2CCC(CC2)C(=O)N3CCCCCC3)c4ccc5c(c4)OCCO5
dude_jak2__L003988,CC1=C([C@@H](NC(=S)N1C)c2csnn2)C(=O)Nc3cccc(c3)OC
dude_jak2__L003989,c1ccc2c(c1)[C@@]3([C@H]4CCC[NH+]4[C@]5([C@@H]3C(=O)c6cccc(c6)[N+](=O)[O-])c7ccccc7NC5=O)C(=O)N2
dude_jak2__L003990,CN(C[C@@H](COC)O)C(=O)Nc1ccc(cc1C(=O)[O-])I
dude_jak2__L003991,CCC(C)(C)C1CCC2(CC1)C(=O)N(C(=O)N2)CC(=O)Nc3cccc(c3)S(=O)(=O)C
dude_jak2__L003992,C[C@@H](C(=O)Nc1ccc2c(c1)OCO2)OC(=O)c3c4ccccc4nc5c3CCC5
dude_jak2__L003993,c1cc(oc1)C2=C[C@H](N=N2)C(=O)N/N=C/c3cc(ccc3O)Br
dude_jak2__L003994,CCCC(=O)OC[C@@H](C[NH+](Cc1[nH]c(=O)c2c3c(sc2n1)CCC3)C4CCCCC4)O
dude_jak2__L003995,c1ccc(cc1)/N=C/2\NC(=O)[C@@H](S2)CC(=O)Nc3ccc(cc3)[N+](=O)[O-]
dude_jak2__L003996,CCOc1cccc(c1O)C[NH+]2CCC[C@H](C2)n3cc(nn3)C(=O)NC4CCCC4
dude_jak2__L003997,COC[C@H](C)Nc4cc(c1ccoc1)nc(n2cnc3ccncc23)n4
dude_jak2__L003998,c1cc(c(cc1NC(=O)c2c[nH]c3ccc(cc3c2=O)Cl)[N+](=O)[O-])Cl
dude_jak2__L003999,C=CCSc1[nH]c(=O)c2c(n1)NC(=O)C[C@@H]2c3ccc4c(c3)OCO4
dude_jak2__L004000,CC(C)CN1CC(=O)N2C[C@H](C3=c4ccccc4=[NH+][C@@H]3[C@]2(C1=O)C)c5ccc(c(c5)OC)OC(C)C
dude_jak2__L004001,Cc1ccc(s1)c2csc(n2)NC(=O)COc3c4c(cc(nc4n(n3)C)C)C
dude_jak2__L004002,Cc1cc(no1)NC(=O)N[C@H](C)c2ccc3c(c2)NC(=O)CO3
dude_jak2__L004003,Cc1c(=O)n(c(nn1)SCC(=O)c2c[nH]c3c2cccc3)N
dude_jak2__L004004,CCc1cccc2c1nc\3n(c2=O)CCC/C3=C\c4cc(cc(c4)S(=O)(=O)C(C)C)S(=O)(=O)C(C)C
dude_jak2__L004005,C[C@@H](c1cc2cc(ccc2o1)Cl)NC(=O)CC[C@@]3(C(=O)NC(=O)N3)C
dude_jak2__L004006,C[C@]1(C(=O)N(C(=O)N1)NC(=O)CSc2nncn2c3cccc(c3)Cl)c4ccccc4
dude_jak2__L004007,Cc1cc([nH]n1)CNC(=O)[C@]23CC[C@H](C2)C(C3=C)(C)C
dude_jak2__L004008,Cc1cccc2c1N(CCC2)C(=O)c3cc(cn3C)N
dude_jak2__L004009,CC[C@@H](C)[C@]1([C@@H]2[C@@H]([C@@H]([NH2+]1)/C=C/c3ccccc3)C(=O)N(C2=O)c4cccc(c4)[N+](=O)[O-])C(=O)[O-]
dude_jak2__L004010,Cc1cc2c(cc1S(=O)(=O)N(C)CC(=O)Nc3ccc(c(c3)Cl)OC)OCC(=O)N2
dude_jak2__L004011,C[C@@H]1CCC[C@@H]([C@@H]1C)NC(=O)C[NH+](C)CC(=O)Nc2c(cccc2Cl)Cl
dude_jak2__L004012,C/C(=N\NC(=O)C[NH+]1CCN(CC1)S(=O)(=O)c2ccc(cc2)Br)/c3cccs3
dude_jak2__L004013,CCNC(=O)NC(=O)CN1C(=O)[C@]2(CCCc3c2ccs3)NC1=O
dude_jak2__L004014,c1cc(cc(c1)S(=O)(=O)NC2=[NH+]CCC2)NS(=O)(=O)c3ccc4c(c3)OCCCO4
dude_jak2__L004015,CCCCCn1c(=O)c2ccccc2n3c1nnc3S[C@H](C)C(=O)NC(=O)NC
dude_jak2__L004016,CC1(Cc2c(ccn2CC(C)(C)C)[C@@H](C1)O)C
dude_jak2__L004017,Cc1ccc(c(c1)C)S(=O)(=O)/N=C\2/[C@@H]([NH+]=c3ccccc3=[NH+]2)NCc4cccs4
dude_jak2__L004018,Cc1c([nH+]nc(c1C(=O)[O-])N(C)[C@H]2CCS(=O)(=O)C2)C
dude_jak2__L004019,C[C@@H](C(=O)N1CCN(CC1)c2ccccc2)S[C@@H]3NN=C(N3C4CC4)C5=c6ccccc6=[NH+]C5
dude_jak2__L004020,CS(=O)(=O)Nc4ccc(c3ccnc(Nc2ccc(CN1CCS(=O)(=O)CC1)cc2)n3)cc4
dude_jak2__L004021,CC(C)[C@@H](C(=O)OC)NC(=O)N1CCc2c([nH+]c[nH]2)[C@H]1c3cc(cc(c3)OC)OC
dude_jak2__L004022,CCOC(=O)c1c2c(sc1NC(=O)[C@H](C)n3c(=O)ccc(n3)c4ccc(c(c4)OC)OC)CCCC2
dude_jak2__L004023,c1ccc2c(c1)C(c3ccccc3O2)C(=O)OCC(=O)NNC(=O)[C@@H]4COc5ccccc5O4
dude_jak2__L004024,c1cc(cc(c1)Cl)CN(Cc2ccco2)C(=O)c3c4c(n(n3)[C@@H]5CCS(=O)(=O)C5)CCCC4
dude_jak2__L004025,CCc1ccccc1n2c(nnn2)c3cc(ccc3F)N
dude_jak2__L004026,Cc1c(s/c(=N/S(=O)(=O)c2cc(ccc2N)Br)/[nH]1)C
dude_jak2__L004027,c1ccc2c(c1)nc(o2)C3CC[NH+](CC3)CC(=O)Nc4ccnn4C5CCCC5
dude_jak2__L004028,c1ccc2c(c1)-c3c(cc(s3)C(=O)OCC(=O)N([C@H]4CCS(=O)(=O)C4)C5CCCCC5)CO2
dude_jak2__L004029,Cn1c2c(c(=O)n(c1=O)C)n(c(n2)N/N=C/c3ccc(cc3)Br)Cc4ccccc4Cl
dude_jak2__L004030,CC[C@@H](C(=O)NNC(=O)c1ccccc1C(=O)[O-])Oc2ccc(cc2)Br
dude_jak2__L004031,Cc1cc2c(cc1Cl)c(=O)c3c(o2)C(=O)N([C@H]3c4cccc(c4)OCc5ccccc5)CC[NH+](C)C
dude_jak2__L004032,Cc1ccccc1n2cc(cn2)CNC(=O)C[C@@H]3C(=O)NCC[NH+]3Cc4ccccc4F
dude_jak2__L004033,Cc1cc2c(cc1C)oc3c(c2=O)[C@@H](N(C3=O)CCC[NH+](C)C)c4cc(c(c(c4)Br)O)OC
dude_jak2__L004034,C[C@H]1C(=O)Nc2cc(ccc2S1)C(=O)OCC(=O)Nc3ccc(c(c3)[N+](=O)[O-])Cl
dude_jak2__L004035,c1ccc(cc1)n2c(nnc2SCC(=O)N3C[C@H](Oc4c3cccc4)C(=O)N)c5cccnc5
dude_jak2__L004036,COc1cc(cc(c1O)OC)[C@@H]2c3cc4c(cc3[C@H]([C@@H]5[C@@H]2C(=O)OC5)Nc6cccc[nH+]6)OCO4
dude_jak2__L004037,Cc1cccc(c1)S(=O)(=O)/N=C\2/[C@H]([NH+]=c3ccccc3=N2)Nc4cccc(c4)OC
dude_jak2__L004038,C[C@@H]1Cc2ccccc2N1C(=O)CSc3nnc(n3N)c4ccccc4Br
dude_jak2__L004039,C[C@H](C(=O)Nc1c2cc(ccc2[nH]c1C(=O)OC)Cl)N3CC[NH+](CC3)C/C=C/c4ccccc4
dude_jak2__L004040,C[C@@H]1CN(CCN1C(=O)CCC2CCCC2)C(=O)[C@H](C(C)C)NC(=O)c3ccc(c(c3)[N+](=O)[O-])Cl
dude_jak2__L004041,c1cc2cccnc2c(c1)CCNC(=O)c3cnn(c3C(F)(F)F)c4ccc(nn4)[O-]
dude_jak2__L004042,C[C@@H](c1cccc(c1)NC(=O)C)NC(=O)N(C)Cc2ccc3c(c2)OCO3
dude_jak2__L004043,C[C@@H]1CCc2c(sc3c2c4nnc(n4c(n3)C5CC5)SCC(=O)Nc6ccc7c(c6)OCO7)C1
dude_jak2__L004044,C[C@@H](c1ccccc1N)NC(=O)c2ccc(cc2)Br
dude_jak2__L004045,c1cc(c(cc1c2ccc(o2)/C=N/Nc3ccc(cn3)[N+](=O)[O-])Cl)Br
dude_jak2__L004046,CC(C)(C)NC(=O)[C@H](c1cccc(c1)O)N(C2CCCCC2)C(=O)c3ccc(cc3)[N+](=O)[O-]
dude_jak2__L004047,Cc1c(ccc2c1nc(s2)N3CCN(CC3)C(=O)C4CCN(CC4)S(=O)(=O)c5cccs5)Cl
dude_jak2__L004048,c1cc(c(c(c1)Cl)Cl)NC(=O)COc2ccc(cc2[N+](=O)[O-])C=O
dude_jak2__L004049,Cc1cc(c2c(c1)c(=O)c3c(o2)C(=O)N([C@@H]3c4ccc(c(c4)OC)OCC=C)c5nnc(s5)C)C
dude_jak2__L004050,Cc1ccccc1OC[C@H](C[NH+](Cc2[nH]c(=O)c3c(csc3n2)c4cccc(c4)OC)C5CC5)O
dude_jak2__L004051,Cc1c\2c(oc1C(=O)Nc3ccccc3C(F)(F)F)CCC/C2=N\NC(=O)N
dude_jak2__L004052,Cc1ccc(cc1)N2C[C@@H](CC2=O)C(=O)NC[C@H](c3ccc4c(c3)CCN4C)[NH+]5CCCCC5
dude_jak2__L004053,C1CCN(C1)c2nc(nc(n2)Cl)NC[C@H]3COCCO3
dude_jak2__L004054,CCc1ccc2=[NH+]C(=O)[C@H](C=c2c1)[C@@H]([C@@H]3N=NNN3C(C)(C)C)[NH+]4CCN(CC4)c5ccc(cc5)[N+](=O)[O-]
dude_jak2__L004055,c1cc2c(cc1OCC(=O)NCCC3=c4cc(ccc4=[NH+]C3)Cl)C(=O)N5CCCCC[C@H]5N2
dude_jak2__L004056,Cn1c(nnc1SCC(=O)NC(=O)NC23CC4CC(C2)CC(C4)C3)Cc5cccs5
dude_jak2__L004057,C[C@@H]1C(=C(N=N1)C)[C@@H](C)NC(=O)[C@@H]2CN(CC23CC[NH2+]CC3)C(=O)[C@@H]4COc5ccccc5O4
dude_jak2__L004058,C[C@H]1C[C@]2(CC(C1)(C)C)C(=O)N(C(=O)N2)CC(=O)NCCC[NH+]3CCCC3
dude_jak2__L004059,c1cscc1COc2c(cc(cc2I)C#N)N
dude_jak2__L004060,C1C=C[C@@H]2[C@@H]1/C(=N/NC(=O)c3c(c(c(c(n3)Cl)Cl)N)Cl)/C2
dude_jak2__L004061,c1ccc2c(c1)CCC[C@@H]2C(=O)Nc3ccccc3C[NH+]4CCC[C@@H](C4)C(=O)N
dude_jak2__L004062,Cc1ccc(c(c1)NC(=O)CSc2nc3c(c4c(s3)CN(CC4)C(=O)C)c(=O)n2Cc5ccco5)C
dude_jak2__L004063,c1cc(ccc1[C@@H](CN2C(=O)c3ccc(cc3C2=O)[N+](=O)[O-])O)OC(F)(F)F
dude_jak2__L004064,Cc1cc(c2c(c1)cc(c(=O)[nH]2)C[NH+](Cc3ccco3)Cc4nnnn4Cc5ccc(cc5)OC)C
dude_jak2__L004065,c1cc(ccc1CNC(=O)[C@H]2CCCN2C(=O)C34CC5CC(C3)CC(C5)C4)[N+](=O)[O-]
dude_jak2__L004066,Cc1ccc(c(c1Cl)n2c(nnn2)C[NH2+]C(C)C)Cl
dude_jak2__L004067,COc1ccccc1/C=C/C[NH+]2C[C@H](C[C@H]2C(=O)NCCc3ccccc3)n4cc(nn4)C(=O)OC
dude_jak2__L004068,CCCCn1c(c(c(c(c1=O)C#N)C)/C=C/2\C(=O)N(C(=S)S2)[C@@H](C)CC)N3CC[NH+](CC3)C
dude_jak2__L004069,c1cc(ccc1[C@@H](CNC(=O)c2c3c(n(n2)[C@@H]4CCS(=O)(=O)C4)CCCC3)[NH+]5CCCC5)Cl
dude_jak2__L004070,Cc1cc(c(c(c1)C)NC(=O)Cn2cnc3c(c2=O)nnn3Cc4cccc(c4)C(F)(F)F)C
dude_jak2__L004071,CC(C)(CNC(=O)C[NH+](C)[C@H]1CCS(=O)(=O)C1)[NH+]2CCc3ccccc3C2
dude_jak2__L004072,COC(=O)C1=C(Oc2c(=O)cc(oc2[C@@H]1c3cccs3)CO)N
dude_jak2__L004073,CC1(CC2=C(C(=O)C1)C3(c4ccccc4-c5c3cccc5)C(=C(O2)N)C#N)C
dude_jak2__L004074,Cc1cnn(c1)CCC(=O)Nc2cc3c(cc2C(=O)C)OCO3
dude_jak2__L004075,Cc1ccc(cc1C(=O)NC(C)C)NC(=O)N[C@H](C)c2ccc3c(c2)CC(=O)N3
dude_jak2__L004076,Cc1ccc(cc1)n2c(c(nn2)C(=O)N3C[C@H]4C[C@@H](C3)c5cccc(=O)n5C4)CSc6nc(cc(n6)C)C
dude_jak2__L004077,c1ccc(cc1)C[NH+]2CCc3c(sc4c3C(=O)N[C@H](N4)c5ccc(cc5)OC(=O)/C=C/c6ccco6)C2
dude_jak2__L004078,c1ccc2c(c1)C(=O)N(S2(=O)=O)CC(=O)NC[C@H]3CCCO3
dude_jak2__L004079,CC1(CC2=C([C@H](C3=C(N=N[C@H]3N2)O)c4cccc(c4O)OC)C(=O)C1)C
dude_jak2__L004080,C[C@H]1CCC[NH+](C1)CCCNC(=O)C2CCN(CC2)S(=O)(=O)N3CCC4(CC3)OCCO4
dude_jak2__L004081,C1CCC2=NO[C@]([C@@H]2C1)(C(F)(F)F)O
dude_jak2__L004082,CC(=O)c1cc2c(cc1NC(=O)[C@@H]3C[C@@H]4CCC[NH+]4[C@@]35c6ccccc6N(C5=O)C)OCO2
dude_jak2__L004083,CC(=O)NNC(=O)c1ccsc1NC(=O)c2ccco2
dude_jak2__L004084,Cc1c(c(=O)n(n1C)c2ccccc2)NC(=O)CSc3nnc(n3c4ccccc4)[C@@H](C)[NH+](C)C
dude_jak2__L004085,c1cc(cc(c1)C(F)(F)F)C[NH+]2CCNC(=O)[C@H]2CC(=O)NCc3ccon3
dude_jak2__L004086,c1cc(c(cc1S(=O)(=O)N2C[C@H]3CC[C@@H]2C3)[N+](=O)[O-])NN
dude_jak2__L004087,C[C@@H](c1cccc(c1)NC(=O)N2CCC[C@@H]2c3ccc4c(c3)OCO4)SC
dude_jak2__L004088,Cc1cc(on1)NC(=O)[C@@H](C)Sc2nnc(n2N)C(F)(F)F
dude_jak2__L004089,CC1=C[C@H](N=N1)[C@H]2NN[C@@H]3N2N=C(CS3)c4ccc(cc4)c5ccccc5
dude_jak2__L004090,c1ccc(cc1)[C@@H]2[C@H]3[C@@H](C(=O)N(C3=O)CCNc4c(cc(c[nH+]4)C(F)(F)F)Cl)ON2c5ccccc5
dude_jak2__L004091,CCOc1ccc(cc1)c2nnc(n2CC(=O)[O-])SCC(=O)Nc3ccccc3C(C)C
dude_jak2__L004092,c1cc(sc1[C@H](C[NH3+])Sc2nc(cc(n2)[O-])N)Cl
dude_jak2__L004093,Cc1c(cccc1Cl)NC(=O)c2cccc(c2)S(=O)(=O)N(C)c3c(n(n(c3=O)c4ccccc4)C)C
dude_jak2__L004094,Cc1c(c(on1)C)S(=O)(=O)NC[C@@H](c2ccc(cc2)OC)C3=c4ccccc4=[NH+]C3
dude_jak2__L004095,CCN(CC)c1c(c(=O)n2cccc(c2n1)C)/C=C\3/C(=O)N(C(=S)S3)Cc4ccc5c(c4)OCO5
dude_jak2__L004096,Cc1csc(n1)Sc2ccc(cc2[N+](=O)[O-])C(=O)O[C@@H](C)C(=O)N3CCc4ccccc4C3
dude_jak2__L004097,CC[NH+](CC)[C@@H](CNC(=O)[C@@H](CCSC)NC(=O)c1cccc(c1)[N+](=O)[O-])c2ccccc2
dude_jak2__L004098,Cc1cc(n(n1)C)c2nnc(n2C)SCC(=O)N
dude_jak2__L004099,CCCOc1ccc(cc1OCC)[C@H]2c3c(=O)c4ccccc4oc3C(=O)N2c5nnc(s5)CC
dude_jak2__L004100,CS(=O)(=O)c1ccc(c(c1)[N+](=O)[O-])N[C@@H]2CCCC[C@H]2O
dude_jak2__L004101,C[C@H]1c2c(cc(cc2OC)OC)OC(=O)[C@@H]1CC(=O)N[C@@H](C)CC3=c4ccccc4=[NH+]C3
dude_jak2__L004102,Cn1c2ccc(cc2n(c1=O)C)[C@@H](COc3ccc(cc3)C[NH2+]CCc4ccccc4OC)O
dude_jak2__L004103,Cc1c\2c(oc1C(=O)Nc3ccc(cc3)Br)CCC/C2=N\NC(=O)N
dude_jak2__L004104,Cc1c(c(n(n1)c2ccccc2)C)[C@H]3C(=O)NCC[NH+]3CC(=O)Nc4ccccc4SC
dude_jak2__L004105,Cc1cc(nc(c1C(=O)[O-])S[C@@H](C)C(=O)Nc2c(n(n(c2=O)c3ccccc3)C)C)C
dude_jak2__L004106,CC1CCC(CC1)(/C(=N/O)/N)NC(=O)Nc2ccccc2
dude_jak2__L004107,C1CCC(C1)NC(=O)c2c3c(sc2NC(=O)[C@@H]4[C@H]5CC[C@@H]([C@@H]4C(=O)[O-])O5)CCC3
dude_jak2__L004108,Cc1ccc(cc1)n2c(c(c(n2)C)NC(=O)COC(=O)c3ccc4c(c3)NC(=O)[C@@H](S4)C)C
dude_jak2__L004109,Cc1cc(c(c(c1)O)c2c3c([nH]n2)C(=O)N([C@H]3c4ccc(c(c4)OC)OC)CCOC)C
dude_jak2__L004110,C[C@H]1C[C@]2(CC(C1)(C)C)C(=O)N(C(=O)N2)CC(=O)Nc3ccccc3N(C)C
dude_jak2__L004111,CC(C)NC(=O)CN1CN(C2(C1=O)CCN(CC2)C(=O)C(c3ccccc3)c4ccccc4)c5ccccc5
dude_jak2__L004112,CCc1ccccc1NC(=O)CN(C)C(=O)CN2C(=O)C3(CCCCC3)NC2=O
dude_jak2__L004113,CCn1c(ccn1)C(=O)Nn2c(nc3c(c2=O)c4c(s3)C[C@@H](CC4)C(C)(C)C)C
dude_jak2__L004114,c1ccc(cc1)/N=C/2\NC(=O)/C(=C\c3ccc(cc3)Br)/S2
dude_jak2__L004115,COc1ccc(c2c1[C@H]3C=CC[C@H]3[C@H](N2)c4ccc(cc4O)O)OC
dude_jak2__L004116,c1ccc(c(c1)C[NH+]2CCC(CC2)NS(=O)(=O)c3ccc(cc3)[N+](=O)[O-])F
dude_jak2__L004117,Cc1cn2c3c(nc2n1c4ccc(cc4)F)n(c(=O)n(c3=O)C[C@@H](C)C[NH+](C)Cc5ccccc5)C
dude_jak2__L004118,CCOc1ccccc1N2C(=O)[C@H](SC2=O)CC(=O)Nc3cc(ccc3O)Cl
dude_jak2__L004119,C[C@H](C(=O)NC(=O)N)Sc1nc2cc(ccc2c(=O)n1CC=C)Cl
dude_jak2__L004120,c1cc(cc(c1)OCCCn2c3cc4c(cc3nn2)OCO4)N
dude_jak2__L004121,Cc1cc(ccc1NC(=O)[C@@H](C)N2CC[NH+](CC2)CC3CCCCC3)[N+](=O)[O-]
dude_jak2__L004122,Cc1cc(cc(c1)Cc2[nH]cc(n2)C[NH3+])C
dude_jak2__L004123,CCn1c2ccc(cc2nc1CSc3nc4c(n3c5ccccc5)CCCC4)S(=O)(=O)N(C)C
dude_jak2__L004124,CN(C)c1ccc(cc1Cl)NC(=O)c2cc(ccc2Br)N
dude_jak2__L004125,c1ccc2c(c1)c(c3c(n2)/C(=C\c4ccco4)/CCC3)C(=O)OCC(=O)c5ccc6c(c5)NC(=O)CO6
dude_jak2__L004126,CN(Cc1[nH]c(=O)c2c(n1)ccs2)C(=O)c3csc(n3)N
dude_jak2__L004127,COc1ccc(cc1)S(=O)(=O)N[C@H]2Nc3ccc(cc3S2)C(=O)NC4[NH+]=c5ccccc5=[NH+]4
dude_jak2__L004128,C[C@@]1(C(=O)N(C(=O)N1)Cc2ccc(nc2)N)c3ccco3
dude_jak2__L004129,Cc1ccc(c(c1)/[NH+]=c\2/c(cc3cc(ccc3o2)[N+](=O)[O-])C(=O)Nc4nccs4)C
dude_jak2__L004130,Cc1ccc(c(c1)C)NC(=O)COC(=O)CN2C(=O)[C@@]3(C[C@H](CC(C3)(C)C)C)NC2=O
dude_jak2__L004131,CC(C)CCNC(=O)[C@@H]1Cc2cc(ccc2N3[C@@H]1C[NH+](CC3)CC(=O)N4CCCC4)[N+](=O)[O-]
dude_jak2__L004132,c1ccc2=[NH+]/C(=N\S(=O)(=O)c3cccs3)/[C@H]([NH+]=c2c1)NCc4ccc5c(c4)OCO5
dude_jak2__L004133,CC(C)n1c(=O)c2ccccc2nc1SCC(=O)Nc3ccc(cc3Br)[N+](=O)[O-]
dude_jak2__L004134,c1ccc2=[NH+]C(=O)/C(=C\NCCc3ccc(cc3)S(=O)(=O)N)/C=c2c1
dude_jak2__L004135,c1cc(ccc1C(=O)N/N=C(\[C@H]2C(=O)[NH+]=c3ccc(cc3=[NH+]2)Cl)/[C@@H]([C@@H](CO)O)O)[N+](=O)[O-]
dude_jak2__L004136,c1ccc2c(c1)cc(o2)C(=O)NC(=S)Nc3cc(ccc3F)[N+](=O)[O-]
dude_jak2__L004137,Cc1cc(c(c(c1)Br)NC(=O)Cn2cc(cc(c2=O)C(=O)[O-])[N+](=O)[O-])Br
dude_jak2__L004138,C=CCn1c(=O)c2ccccc2n3c1nnc3SCC(=O)N4CCN(CC4)c5ccccc5Cl
dude_jak2__L004139,CCOC(=O)c1cccc(c1)N[C@@H]2/C(=N/S(=O)(=O)c3cc(ccc3C)C)/[NH+]=c4ccccc4=[NH+]2
dude_jak2__L004140,C[C@H]1CCC[NH+](C1)C(C)(C)CNC(=O)C2CCN(CC2)C(=O)N
dude_jak2__L004141,COC(=O)c1ccc(cc1)[C@@H]2[C@H]3C(=c4ccccc4=[NH+]3)C[C@@H]5N2C(=O)N(C5=O)c6ccc7c(c6)OCCO7
dude_jak2__L004142,CCOc1cc(ccc1O)[C@@H]2CC(=O)NC3=NC(=NC(=O)[C@H]23)SCc4cccc(c4)C
dude_jak2__L004143,c1cc2=[NH+][C@@H]([NH+]=c2cc1F)C3=C[C@H]4CN(CCCN4N3)C(=O)[C@@H]5CC56CCC6
dude_jak2__L004144,Cc1c(c[nH]n1)CNc2ccc(cc2Cl)I
dude_jak2__L004145,Cc1ccc(c(c1)n2c(=O)c3c(ccs3)n(c2=O)CC(=O)Nc4cc(ccc4OC)OC)C
dude_jak2__L004146,CC(C)C[C@@H](C(=O)OC)NC(=O)N1CCc2c([nH+]c[nH]2)[C@H]1c3cc(ccc3F)Cl
dude_jak2__L004147,C[C@@H]1C[C@@H](CC(C1)(C)C)NC(=O)C(=O)Nc2c3c(nn2c4ccc(cc4)OC)CSC3
dude_jak2__L004148,Cc1cc(n(n1)C)NC(=O)CCNC(=O)NC23CC4CC(C2)CC(C4)C3
dude_jak2__L004149,C[C@H](c1ccc2c(c1)OCCO2)NC(=O)COc3ccc(cc3[N+](=O)[O-])Cl
dude_jak2__L004150,Cc1ccc(cc1)NC(=O)CN(C)C(=O)CN2C(=O)[C@@]3(C[C@H](CC(C3)(C)C)C)NC2=O
dude_jak2__L004151,Cc1nn2c(=O)cc(nc2s1)CN3CCNC(=O)[C@H]3C(C)C
dude_jak2__L004152,CCc1nnc(s1)N2[C@H](c3c(=O)c4cc(ccc4oc3C2=O)Br)c5ccc(cc5)OCC
dude_jak2__L004153,c1cc2c(c(c1)F)[nH]cc(c2=O)C(=O)Nc3ccc(cc3Cl)[N+](=O)[O-]
dude_jak2__L004154,COc1ccc2=[NH+][C@H]([NH+]=c2c1)CN3CCN(CC3)S(=O)(=O)c4cccs4
dude_jak2__L004155,Cc1cccc(c1C)N2CCN(CC2)[C@@H](c3cc4c(cc(cc4[nH]c3=O)C)C)c5nnnn5C(C)(C)C
dude_jak2__L004156,Cc1ccc(c(c1)C)N2C(=O)/C(=C\c3ccc(c(c3)OC)OCc4ccc(o4)C(=O)OC)/C(=O)NC2=S
dude_jak2__L004157,Cc1cc(c(o1)C)C(=O)O[C@H](C)C(=O)NC(=O)NC2CCCCC2
dude_jak2__L004158,c1ccc(cc1)CN2CCN(CC2)c3nnc(s3)n4cccc4CN5CCC(CC5)[NH+]6CCCCC6
dude_jak2__L004159,c1ccc2c(c1)cccc2NC(=O)NC3=C([C@H]4CCCC[C@@H]4S3)C#N
dude_jak2__L004160,CCc1cc(=O)[nH]c(n1)N2[C@H](C(=CN2)C(=O)N3CCc4c3cccc4)C
dude_jak2__L004161,CCNC(=O)NC1(CCCC1)C(=O)Nc2cnn(c2)C
dude_jak2__L004162,C=CCN1C(=O)/C(=C\2/C[C@@H](NN2)c3cccs3)/C(=O)NC1=O
dude_jak2__L004163,Cc1ccc(c2c1cc(c(=O)[nH]2)[C@H]3C(=C(OC(=C3C(=O)OC)C)N)C#N)C
dude_jak2__L004164,C[C@@H](C(=O)N[C@@H]1CCCC[C@H]1C(C)(C)C)[NH3+]
dude_jak2__L004165,CC(C)Cc1cc(ccc1N2CC[NH2+][C@@H](C2)[O-])I
dude_jak2__L004166,CC(C)N(C)S(=O)(=O)c1c(nc2n1cccc2)NN
dude_jak2__L004167,CCCCc1nnc(s1)NC(=O)CN2C(=O)[C@@]3(C[C@H](CC(C3)(C)C)C)NC2=O
dude_jak2__L004168,C[C@H](C(=O)Nc1ccc2c(c1)OCCO2)OC(=O)c3ccc4c(c3)C[C@@H](OC4=O)c5ccccc5
dude_jak2__L004169,CC(C)N(CC(=O)Nc1nc(cs1)CC(=O)N2C[C@@]3(C[C@H]2CC(C3)(C)C)C)C(=O)c4ccc(cc4)Cl
dude_jak2__L004170,C[C@@H](c1ccccc1)[NH+]2CC[C@H](C2)NC(=O)c3ccc(o3)S(=O)(=O)N
dude_jak2__L004171,CC(=O)N1CCc2c(c(nn2C[C@@H](CN3CCN(CC3)c4ccccc4Cl)O)c5ccc(cc5)Cl)C1
dude_jak2__L004172,COc1ccccc1[C@@H]2Nc3c(c4c(s3)CCCC4)C(=O)N2
dude_jak2__L004173,CCOc1ccc(cc1)[C@H]2[C@@H]3CC=C[C@@H]3c4c(ccc(c4N2)O)[N+](=O)[O-]
dude_jak2__L004174,C[C@H]1CCc2c(sc3c2c(nc(n3)SCC(=O)NC(=O)NC(C)(C)C)N)C1
dude_jak2__L004175,Cc1ccc(cc1)c2cc(c(=O)[nH]c2)C#N
dude_jak2__L004176,CC1=C2[C@@H](C(=C(O[C@@H]2N=N1)N)C#N)c3ccc(c(c3)Oc4ccccc4)F
dude_jak2__L004177,c1cc(cc(c1)S(=O)(=O)/N=C\2/CCCN2)NC(=S)NC(=O)c3ccc(cc3)Br
dude_jak2__L004178,c1csc2c1c(ncn2)OCC(=O)N[C@@H]3CCS(=O)(=O)C3
dude_jak2__L004179,COc1cc2cc(c(=O)[nH]c2cc1OC)[C@@H](c3nnnn3C4CCCC4)[NH+]5CCCCCC5
dude_jak2__L004180,CCOC(=O)NC(=O)c1c2c(sc1NC(=O)[C@@H]3COc4ccccc4O3)C[C@H](CC2)C
dude_jak2__L004181,CC1(CC(CC([NH2+]1)(C)C)NC[C@@H](COc2ccc3ccccc3c2)O)C
dude_jak2__L004182,O=C(NCc1ccco1)c5ccc(c4ccnc(Nc3ccc(N2CCOCC2)cc3)n4)cc5
dude_jak2__L004183,CC(C)(C)OC(=O)NC(C)(C)c1nc(on1)C[NH+]2CC3C[C@H]4C[C@@H](C3)CC2C4
dude_jak2__L004184,Cc1ccc2nc(c(c(=O)n2c1)/C=C/3\C(=O)N(C(=S)S3)Cc4ccc(cc4)OC)N5CCCCC5
dude_jak2__L004185,Cc1cc(ccc1N)NC(=O)Cc2ccc(cc2)Br
dude_jak2__L004186,Cc1c2c(ncnc2sc1C(=O)NCC3(CCCC3)[NH+]4CCCCC4)N[C@H]5CCOC5
dude_jak2__L004187,Cc1ccc2c(c1)cc(c(=O)[nH]2)C[NH+](C3CCCCC3)[C@H](c4nnnn4C5CCCCC5)C(C)C
dude_jak2__L004188,CC(C)NC(=O)C1CCN(CC1)c2nc3c(s2)c(=O)n(cn3)CC(=O)NCCC4=CCCCC4
dude_jak2__L004189,Cc1c(n(c(c1C#N)NC(=O)COC(=O)/C=C/c2ccc3c(c2)OCCO3)C4CCCC4)C
dude_jak2__L004190,COCC1=C2[C@@H](C(=C(O[C@H]2N=N1)N)C#N)c3c4ccccc4ccc3OC
dude_jak2__L004191,Cc1ccc(cc1C)N2[C@H]([C@H](C(=O)NC2=O)[C@@H]3c4c(c5ccccc5[nH]4)CCN3)O
dude_jak2__L004192,Cc1ccc(cc1)C(=O)OCC(=O)c2c(n(c(=O)n(c2=O)C)C)N
dude_jak2__L004193,Nc2nn1cccnc1c2c4cc(NCc3ccccn3)ncn4
dude_jak2__L004194,c1ccc(cc1)[C@H]2[C@H](N(CN2)C[C@@H](c3ccco3)[NH+]4CCCC4)c5[nH]cc[nH+]5
dude_jak2__L004195,Cc1ccc2=C[C@@H](C(=O)[NH+]=c2c1)[C@H](c3nnnn3CCOC)[NH+](Cc4ccc(cc4)OC)Cc5cccnc5
dude_jak2__L004196,Cc1ccccc1CSc2nc3n(n2)[C@@H](C4=C(N3)CC(CC4=O)(C)C)c5ccc(c(c5)OC)OC
dude_jak2__L004197,COc1cc(cc(c1OCC=C)Cl)C[NH2+]CCNc2ccc(cc2Cl)[N+](=O)[O-]
dude_jak2__L004198,Cc1c2cccc(c2oc1C(=O)Nc3nc(cs3)c4ccc(o4)CNC(=O)C)Cl
dude_jak2__L004199,CC1=C([C@H](N2C(=N1)N=CN2)c3ccc(cc3)N(C)C)C(=O)OC4CCCCC4
dude_jak2__L004200,C[C@H]1CCC[NH+](C1)[C@@H](C)C(=O)NC2=c3cc(ccc3=[NH+][C@@H]2C(=O)OC)Cl
dude_jak2__L004201,Cc1cc(c(o1)C)/C(=N\O)/C[C@@H]2c3c(cc4c(c3OC)OCO4)CC[NH+]2C
dude_jak2__L004202,c1cc(ccc1C(=O)C2CC[NH+](CC2)CC(=O)Nc3cc(ccc3n4cncn4)Cl)O
dude_jak2__L004203,Cc1cccc(c1)[C@@H]2[C@H]3C(=c4ccccc4=[NH+]3)C[C@@H]5N2C(=O)CN(C5=O)CCc6ccc(cc6)Cl
dude_jak2__L004204,CC(C)NC(=O)NNC(=O)CSc1ccc(cc1[N+](=O)[O-])C(F)(F)F
dude_jak2__L004205,C[C@H](C(=O)NC1=c2ccccc2=[NH+][C@@H]1C(=O)OC)[NH+]3CCC(CC3)Cc4ccccc4
dude_jak2__L004206,Cc1ccc(c(c1)Br)S(=O)(=O)NCC2(CCCCCC2)[NH3+]
dude_jak2__L004207,C[C@]12CCC[C@@]3([C@@H]1C[C@H]4[C@@H](C2)OC(=O)[C@H]4C[NH+]5CCN(CC5)c6ccc(cc6)[N+](=O)[O-])CO3
dude_jak2__L004208,CCOc1ccc(cc1[N+](=O)[O-])c2c(cn(n2)c3ccccc3)/C=C\4/C(=O)N(C(=S)S4)C(C)C
dude_jak2__L004209,CC(=O)O[C@H]1CC[C@H]2[C@]1(CC[C@H]3[C@@H]2C[C@@H]([C@@H]4[C@]3(CC[C@H](C4)O)C)O)C
dude_jak2__L004210,Cc1ccc(cc1)[C@@H]2c3ccc4cccnc4c3OC(=C2C#N)N
dude_jak2__L004211,Cc1cc([nH]c1/C(=C\C(=O)C)/[O-])C
dude_jak2__L004212,CC1(CC(CC([NH2+]1)(C)C)/N=C/C2c3ccccc3C(=O)N(C2=O)Cc4ccc5c(c4)OCO5)C
dude_jak2__L004213,c1cc(oc1)C2=NN=C(C2)C(=O)NNC(=O)[C@H]3CC4=C(S3)CCCCC4
dude_jak2__L004214,CCOC(=O)[C@H](C)Sc1nnc2n1c(c(c(=O)[nH]2)C)C
dude_jak2__L004215,CCOc1ccc(cc1)[C@@H]2c3c(n[nH]c3C(=O)N2Cc4cccnc4)c5cc(cc(c5O)C)C
dude_jak2__L004216,Cc1ccc2c(c1)S[C@@H](C2)C(=O)O[C@@H](C)C(=O)Nc3cccc(c3)[N+](=O)[O-]
dude_jak2__L004217,CN(C)S(=O)(=O)c1ccc(cc1)C(=O)Nc2ccc(cc2)S(=O)(=O)/N=C\3/CCCCCN3
dude_jak2__L004218,CCNC(=O)N[C@H]1CC(Cc2c1cnc(n2)C(C)(C)C)(C)C
dude_jak2__L004219,Cc1c(c2ccccc2[nH]1)CCN3C(=O)OC([C@@]3(C)O)(C)C
dude_jak2__L004220,Cc1c[nH+]c(nc1N(C)C)NC[C@@H]2C=NN=C2c3cccs3
dude_jak2__L004221,Cc1cc(c(c(c1)O)C2=NN=C[C@H]2c3nc(cs3)C)O
dude_jak2__L004222,C[C@@H](C(=O)NNC(=O)C1CCC1)Sc2nnc(n2N)c3ccccc3
dude_jak2__L004223,CN1C(=O)c2ccccc2[C@@H](N1)C(=O)N(C)C[C@@H]3[NH+]=c4ccc(cc4=[NH+]3)F
dude_jak2__L004224,c1ccc2c(c1)C=C[NH+]3[C@H]2[C@@H]4[C@H]([C@H]3C(=O)Nc5ccc(c(c5)[N+](=O)[O-])Cl)C(=O)NC4=O
dude_jak2__L004225,CC1(CC(=O)c2c(cc(cc2O1)OCC(=O)NCCC3=c4cc(ccc4=[NH+]C3)OC)O)C
dude_jak2__L004226,C[NH+](C)C[C@@H](COc1ccc(cc1)S(=O)(=O)c2ccc(cc2)OC[C@H](C[NH+](C)C)O)O
dude_jak2__L004227,Cc1cc(n(n1)c2ccc(c(c2)Cl)Cl)Oc3c(c(nc(n3)C)Cl)N
dude_jak2__L004228,C[C@H](c1ccco1)NC(=O)Cn2ccc(=O)[nH]c2=O
dude_jak2__L004229,CC(=O)N1[C@@H](CC(=N1)c2ccc(cc2)SC)[NH2+][C@H](Cc3c[nH]c4c3cccc4)C(=O)[O-]
dude_jak2__L004230,c1ccc(cc1)CN2C=[NH+][C@@H](C2=[NH2+])c3cc(ccc3F)Br
dude_jak2__L004231,c1cc(c(cc1O)O)CNc2c(cc(cc2Cl)Br)Cl
dude_jak2__L004232,Cc1c(cccc1Cl)n2c3c(cn2)[C@@H](CC(=O)N3)c4cc(c(cc4OC)OC)OC
dude_jak2__L004233,C[C@H]1CN(CCN1C(=O)OC(C)(C)C)c2ccc(c[nH+]2)C(=O)[O-]
dude_jak2__L004234,CC[C@@H](C)N([C@H]1CCS(=O)(=O)C1)C(=O)COc2ccc3c(c2)oc(c(c3=O)Oc4ccccc4)C
dude_jak2__L004235,CCOC(=O)c1c2c(sc1NC(=O)c3cnn(c3C)c4ccccc4)C([NH2+]C(C2)(C)C)(C)C
dude_jak2__L004236,CCc1nnc(s1)NC(=O)NCCc2nnc3n2CCCCC3
dude_jak2__L004237,Cn1ccc(cc1=O)C(=O)NNC(=O)c2ccc3c(c2)OCO3
dude_jak2__L004238,c1ccc(cc1)OCC(=O)NCCC2=NN[C@H]3N2CCN(CC3)C[C@@H]4C=c5ccccc5=[NH+]4
dude_jak2__L004239,CN(Cc1[nH]c(=O)c2c(n1)ccs2)C(=O)c3cc[nH]n3
dude_jak2__L004240,COc1ccccc1N2C(=O)/C(=C/N[C@@H](CC3=c4ccccc4=[NH+]C3)C(=O)OC)/C(=O)NC2=O
dude_jak2__L004241,Cc1c(c(sc1C(=O)N(C)C)NC(=O)c2cnn(c2)C)C#N
dude_jak2__L004242,CC(C)CCNC(=O)NNC(=O)/C=C/c1cc2c(c(c1)OC)OCCO2
dude_jak2__L004243,C[NH+]1CCC(CC1)N(C)C(=O)CC[C@@H]2CCC[NH+](C2)Cc3cccc4c3OCO4
dude_jak2__L004244,c1ccc2c(c1)c(c[nH]2)C3CC[NH+](CC3)Cc4ccc(cc4[N+](=O)[O-])C(=O)N
dude_jak2__L004245,CC(C)NC(=O)c1ccc(cc1)n2c(nnn2)[C@@H]3c4c(cc5c(c4OC)OCO5)CC[NH+]3C
dude_jak2__L004246,CCn1c(c(c(c(c1=O)C#N)C)/C=C\2/C(=O)N(C(=S)S2)[C@H](C)c3ccccc3)N4CC[NH+](CC4)CC
dude_jak2__L004247,CCC1(CCN(CC1)c2cc3c(cc2N)OCCO3)C
dude_jak2__L004248,c1cc(c(cc1[N+](=O)[O-])C(=O)NCC[NH+]2CCN(CC2)c3nc4ccc(cc4s3)Cl)Cl
dude_jak2__L004249,C[C@H](c1cccc2c1cccc2)NC(=O)Nc3ccccc3CC(=O)N
dude_jak2__L004250,c1ccc2c(c1)OC[C@H](O2)C(=O)N3C[C@H](C4(C3)CC[NH2+]CC4)C(=O)NCCn5cccn5
dude_jak2__L004251,CN(CC1[NH+]=c2ccccc2=[NH+]1)C(=O)c3cn(nn3)Cc4cccc(c4)C(F)(F)F
dude_jak2__L004252,Cn1c(=O)c2ccccc2n3c1nnc3CSc4[nH]nc(n4)c5cccs5
dude_jak2__L004253,Cn1c(nnn1)SCC(=O)Nc2ccccc2N
dude_jak2__L004254,C[C@@]1(CN(C(=O)N1CC2(CCN(CC2)Br)C3CCCCC3)O)S(=O)(=O)Oc4ccccc4
dude_jak2__L004255,CCOC(=O)[C@@H](Cc1c(nc2n1cc(cc2)Br)c3ccc(cc3)Cl)[NH3+]
dude_jak2__L004256,Cc1cc(cc(c1)Nc2nc(cs2)c3c(n(c(=O)n(c3=O)C)C)N)C
dude_jak2__L004257,C[C@H]1CCCC[C@@H]1NC(=O)c2cc(ccc2I)[N+](=O)[O-]
dude_jak2__L004258,CN(CC[C@H]1[NH+]=c2ccc(cc2=[NH+]1)F)C(=O)c3cn(nn3)Cc4ccc(cc4)Cl
dude_jak2__L004259,CC(C)N1C(=O)[C@@H]2[C@H](N[C@@]3([C@@H]2C1=O)c4ccccc4N(C3=O)C)CC5=c6ccccc6=[NH+]C5
dude_jak2__L004260,CC(C)c1ccc(cc1)N2[C@H](NN=N2)SCC(=O)N(C)Cc3cc(=O)[nH]c4c3cccc4
dude_jak2__L004261,CC[NH+]1CCN(CC1)c2c3c(ccs3)n4c(n2)c(nn4)S(=O)(=O)c5cc(ccc5C)C
dude_jak2__L004262,Cc1cccc(c1C)/N=C\2/NC(=O)/C(=C/c3ccc(cc3)Br)/S2
dude_jak2__L004263,Cc1c(cccc1[N+](=O)[O-])NC(=O)CN2C[C@@H](OCC2(C)C)c3ccccc3
dude_jak2__L004264,CCOc1ccc(c(c1)OCC)C2=NN=C3[C@H]2[C@@H](C(=C(O3)N)C#N)c4c(cccc4Cl)F
dude_jak2__L004265,COc1cc(ccc1n2cnnn2)S(=O)(=O)N(CCc3c[nH]c4c3cccc4)Cc5ccccc5Cl
dude_jak2__L004266,C1CCC(C1)NC(=O)CN2C(=O)C(=O)N(C2=O)C3CCCC3
dude_jak2__L004267,c1ccc(cc1)CN(C[C@@H]2C=c3cc4c(cc3=[NH+]C2=O)OCCO4)S(=O)(=O)c5ccccc5Cl
dude_jak2__L004268,Cc1ccc(cc1)[C@@H]2C3=C(CN(C3=O)CC(=O)NCC(C)C)N(C(=O)N2)C
dude_jak2__L004269,c1ccc(cc1)Oc2c(c(=O)n3ccccc3n2)/C=C\4/C(=O)N(C(=S)S4)Cc5ccc6c(c5)OCO6
dude_jak2__L004270,c1ccc(cc1)C2=C[C@H](N=N2)[C@@H]3N=N[C@@H](N3/N=C/C4=c5ccccc5=[NH+]C4)S
dude_jak2__L004271,CCn1c2ccc(cc2nn1)C(=O)Nc3c[nH]ccc3=O
dude_jak2__L004272,c1ccc2c(c1)CC[NH+](C2)C[C@H](COc3ccccc3C[NH2+]C(C4CC4)C5CC5)O
dude_jak2__L004273,COc1ccc(cc1OC)[C@@H]2[C@@H]3CC=C[C@H]3c4c(ccc(c4N2)OC)[N+](=O)[O-]
dude_jak2__L004274,CC(C)c1ccc(cc1)NC(=O)C[C@H](c2ccc(cc2)Br)NC(=O)N
dude_jak2__L004275,C=CCn1c(nnc1S[C@@H](c2ccccc2)C(=O)NC(=O)N)c3ccco3
dude_jak2__L004276,Cc1cccc(c1C)N2CCN(CC2)[C@@H](c3cc4ccc(cc4[nH]c3=O)OC)c5nnnn5C6CCCC6
dude_jak2__L004277,c1ccc(cc1)C2(C(=O)N(C(=O)N2)NC(=O)C[NH+]3CCN(CC3)c4cccc[nH+]4)c5ccccc5
dude_jak2__L004278,CN1c2c(cc(cc2Cc3ccccc3)S(=O)(=O)Oc4ccccc4)C/C(=N/c5c1ncnc5Cl)/O
dude_jak2__L004279,Cc1c(c(=O)n(n1C)c2ccccc2)N3C(=O)/C(=C\c4ccc(cc4)OCc5ccccc5)/SC3=S
dude_jak2__L004280,c1ccc(c(c1)c2nnc(n2N)SCCC(=O)Nc3ccccn3)O
dude_jak2__L004281,CC1(O[C@@H]2[C@H](O1)[C@H](O[C@H]3[C@@H]2OC(O3)(C)C)C(=O)Nc4ccc(c(c4)Cl)OC)C
dude_jak2__L004282,CC[C@@H](C)N1CC(=O)N2[C@H](C1=O)CC3=c4ccccc4=[NH+][C@H]3[C@@H]2c5ccc(c(c5)OC)OC
dude_jak2__L004283,c1ccc(c(c1)/C=C\2/CCC[C@@H]3C2=NN[C@H]3c4ccccc4O)O
dude_jak2__L004284,Cc1ccc2cc(c(=O)[nH]c2c1)[C@@H](c3nnnn3C4CCCC4)[NH+]5CCCC6(C5)CCCCC6
dude_jak2__L004285,CC(C)(C)c1ccc(cc1)[C@H]2CCCNC2=O
dude_jak2__L004286,C[NH+](CC(=O)Nc1c(c2c(s1)CCCC2)C(=O)Nc3ccc(cc3)Cl)[C@H]4CCS(=O)(=O)C4
dude_jak2__L004287,C[C@@H]1CCCC[C@@H]1NC(=O)C[NH+]2CCN(CC2)c3cnn(c(=O)c3Cl)c4ccccc4
dude_jak2__L004288,Cc1ccccc1CN(C)C(=O)[C@H](C)SCc2nc(nc(n2)N)N
dude_jak2__L004289,CC(C)c1nnc(s1)N2[C@@H](c3c(=O)c4cc(ccc4oc3C2=O)Br)c5cccc(c5)OC
dude_jak2__L004290,CCN(CC(=O)Nc1c(cccc1F)F)C(=O)CN2C(=O)[C@]3(C[C@H](CC(C3)(C)C)C)NC2=O
dude_jak2__L004291,C[C@H]1CCC[C@H]([C@@H]1C)NS(=O)(=O)c2ccc(cc2Br)N
dude_jak2__L004292,Cc1cc2cc(c(=O)[nH]c2cc1C)[C@@H](c3nnnn3C4CCCC4)[NH+]5CCc6ccccc6C5
dude_jak2__L004293,CC(C)(CNC(=O)N1CCN(CC1)CC(=O)N2CCCCC2)[NH+](C)C
dude_jak2__L004294,Cc1ccccc1OC[C@@H](C[NH2+][C@@H](c2nc(no2)c3ccc(cc3)[N+](=O)[O-])C(C)C)O
dude_jak2__L004295,CCc1ccc(cc1)[C@@H]2CN3C(=O)CN(C(=O)[C@@]3([C@@H]4C2=c5ccccc5=[NH+]4)C)CCc6ccc(cc6)F
dude_jak2__L004296,C[C@]1(CC(NC(=S)N1c2ccccc2)(C)C)c3ccc(cc3O)O
dude_jak2__L004297,c1ccc2c(c1)/C(=C\3/C(=O)N(C(=S)S3)CCC(=O)[O-])/C(=O)N2CC(=O)Nc4ccc(cc4)Cl
dude_jak2__L004298,Cc1c(c(n(n1)C)C)S(=O)(=O)N2CCc3c(c(nn3C)CN(c4ccccc4)C(=O)c5ccccc5)C2
dude_jak2__L004299,Cc1c(c(n(n1)Cc2cc(ccc2OC)/C=N/NC(=O)CC[NH+]3CCCC[C@H]3c4cccnc4)C)[N+](=O)[O-]
dude_jak2__L004300,c1cc(sc1)c2csc3c2c(=O)n(cn3)NC(=O)c4ccc(cc4)[N+](=O)[O-]
dude_jak2__L004301,CCc1ccc(s1)[C@@H](C)n2c(c(cn2)I)N
dude_jak2__L004302,c1ccc(cc1)C(=O)Nc2nnc(s2)SCc3cc(=O)n4cc(ccc4n3)Cl
dude_jak2__L004303,Cc1ccccc1[C@H]2[C@@H]3C(=c4ccccc4=[NH+]3)C[C@@H]5N2C(=O)CN(C5=O)CCc6ccc(c(c6)OC)OC
dude_jak2__L004304,Cc1ccc(c(c1)Cl)NC(=O)c2csc(n2)NC(=O)C
dude_jak2__L004305,CC(C)C(=O)N1CCC(CC1)C/N=C/C2C(=O)N(C(=O)N(C2=O)C3CCCCC3)C4CCCCC4
dude_jak2__L004306,CCOC(=O)[C@@H]1[C@@H](SC2=C1CCCC2)NC(=O)C[NH2+][C@@H]3CCCC4=c5cc(ccc5=[NH+][C@@H]34)[N+](=O)[O-]
dude_jak2__L004307,Cc1cccc(c1)C(=O)Nc2ccccc2C(=O)NC[C@@H](C)[NH+]3CCCCCC3
dude_jak2__L004308,c1c2cc3c(cc2nc(c1[C@@H](c4nnnn4C[C@H]5CCCO5)[NH+]6CCCCCC6)O)OCO3
dude_jak2__L004309,c1ccc(cc1)N2C(=O)C(=Cc3cccn3c4ccc(cc4)Br)C(=O)N(C2=O)c5ccccc5
dude_jak2__L004310,c1cc(ccc1C(=O)NNC(=O)NC2[C@@H]3CCC[C@H]2C[NH+](C3)C4CC4)Cl
dude_jak2__L004311,c1ccn\2c(c1)n[nH]/c2=N\C(=O)CCCC[C@@H]3[C@@H]4[C@@H](CS3)NC(=O)N4
dude_jak2__L004312,Cc1c(cccc1[N+](=O)[O-])NC(=O)NC[C@@H]2COc3ccccc3O2
dude_jak2__L004313,Cc1ccccc1NC(=O)C2(CCCCC2)NC(=O)CN3C(=O)c4ccccc4C3=O
dude_jak2__L004314,CC(C)c1ccc(cc1)C(=O)N(C)CCC2=NO[C@H](N2)[C@H]3C=c4ccc(cc4=[NH+]3)OC
dude_jak2__L004315,c1ccc(c(c1)[C@H](CNC(=O)[C@@H]2CC(=O)N(C2)c3ccc4c(c3)OCCO4)[NH+]5CCCC5)Cl
dude_jak2__L004316,C=CCn1c(nnc1SCc2nc(nc(n2)N3CCCCC3)N)c4ccco4
dude_jak2__L004317,C[C@@H](C(=O)NC1=c2cc(ccc2=[NH+][C@H]1C(=O)OC)Br)[NH+]3CCSCC3
dude_jak2__L004318,Cc1ccc(c(c1)OCC(=O)N2[C@H](CC(=N2)c3cccs3)c4ccco4)C(=O)N
dude_jak2__L004319,CC(C)[C@@H](C(=O)N1CCN(CC1)c2ccc(cc2[N+](=O)[O-])Cl)NS(=O)(=O)c3ccccc3F
dude_jak2__L004320,COc1ccc(cc1)[C@H]2CC(=NN2C(=O)Cn3cnc4c(c3=O)ccs4)c5ccc6ccccc6c5
dude_jak2__L004321,c1ccc(cc1)[C@@H]2C[C@H]2NC(=O)c3ccc(cc3N)N
dude_jak2__L004322,CCC(C)(C)n1c(nnn1)[C@@H](c2cc3cc(c(cc3[nH]c2=O)C)C)[NH+]4CCN(CC4)c5ccccc5OC
dude_jak2__L004323,c1cc(ccc1C2=NOC=C(N2)C(=O)c3ccc(cc3)Br)[N+](=O)[O-]
dude_jak2__L004324,COc1cccc(c1)[C@H]2[C@@H]3C(=c4ccccc4=[NH+]3)C[C@@H]5N2C(=O)CN(C5=O)C[C@@H](c6ccccc6)O
dude_jak2__L004325,Cc1ccc(cc1)c2nnc(s2)NC(=O)[C@@H](C(C)C)NC(=O)N(C)C
dude_jak2__L004326,C[C@@H]1CCCC[NH+]1CN2C(=O)C3(CCC(CC3)C)NC2=O
dude_jak2__L004327,c1ccc(cc1)[C@H]2[C@@H](N=NN2c3c(non3)N)C(=O)N/N=C/C4[NH+]=c5ccccc5=[NH+]4
dude_jak2__L004328,CSCCn\1c2ccc(cc2s/c1=N\C(=O)CCS(=O)(=O)c3ccc(cc3)F)[N+](=O)[O-]
dude_jak2__L004329,C[C@H](Nc4nc(n1cnc2ccncc12)nc5n(C)c(C(=O)NCCCn3ccnc3)cc45)c6ccccc6
dude_jak2__L004330,C[C@]12CCC[C@]3([C@@H]1C[C@H]4[C@@H](C2)OC(=O)[C@H]4C[NH+](Cc5ccc(c(c5)OC)OC)Cc6ccco6)CO3
dude_jak2__L004331,CN(C)S(=O)(=O)c1cccc(c1)C(=O)OCC(=O)N2[C@@H](CC(=N2)c3ccccc3)c4ccc(cc4)OC
dude_jak2__L004332,C[C@@H](C12CC3CC(C1)CC(C3)C2)NC(=O)c4ccc(c(c4)[N+](=O)[O-])n5cncn5
dude_jak2__L004333,Cc1cccc(c1)CSC2=NC(=O)[C@H]3[C@H](CC(=O)NC3=N2)C(=O)Nc4ccc(cc4C)C
dude_jak2__L004334,c1cc(c(cc1[N+](=O)[O-])S(=O)(=O)NC[C@H]2CCCOC2)N
dude_jak2__L004335,c1cc(ccc1NC(=O)[C@@H]2CC(=O)N(/C(=N\c3ccc(cc3)F)/S2)Cc4ccc5c(c4)OCO5)Cl
dude_jak2__L004336,CCCN(CC(=O)N1CCc2c(ccs2)[C@H]1c3ccc(cc3)OC)C(=O)c4cccc(c4)[N+](=O)[O-]
dude_jak2__L004337,c1cc(c(cc1Br)c2nc(no2)c3cc(cc(c3)F)F)N
dude_jak2__L004338,COc1cccc(c1OC)/C=N/N2CC(=O)N3[C@H](C2=O)CC4=c5ccccc5=[NH+][C@H]4[C@@H]3c6ccccc6
dude_jak2__L004339,c1ccc(cc1)C2=CC[NH+](CC2)CC(=O)NN3C(=O)C4(CCCCC4)NC3=O
dude_jak2__L004340,C[C@@H](c1[n-]nnn1)[NH2+]Cc2cccc3c2OCCCO3
dude_jak2__L004341,CCOC(=O)C1=C(OC2=C([C@]13c4ccccc4N(C3=O)CCC(C)C)C(=O)CCC2)N
dude_jak2__L004342,Cc1ccc(c(c1)C)C[C@H](C)NC(=O)N[C@H](C)c2cccc(c2)S(=O)(=O)N
dude_jak2__L004343,c1cc2c(cc1NS(=O)(=O)c3cc(cc(c3)F)F)OC4(O2)CCCCC4
dude_jak2__L004344,c1ccc2c(c1)nc(o2)CCC(=O)NCc3nnc4n3cccc4
dude_jak2__L004345,CC(C)CC[NH+]1CC[C@@H]2[C@@H](C1)CCCN2C(=O)Cn3c(=O)c4ccccc4c(n3)Cc5ccccc5
dude_jak2__L004346,CC(=O)NNC(=O)CSc1nnc(n1c2ccccc2)c3ccco3
dude_jak2__L004347,Cn1c2c(c(=O)[nH]c1=O)n(c(n2)N/N=C\c3ccc(cc3)Br)CCc4ccccc4
dude_jak2__L004348,CCCn1c(=O)[nH]nc1S[C@@H](c2cccc(c2)Br)[C@@H](C)[NH3+]
dude_jak2__L004349,c1cc2c(cc1/C=C/C(=O)N[C@@H]3CCCC[C@@H]3O)OCO2
dude_jak2__L004350,CCn1cc(c(=O)c2c1nc(cc2)C)C(=O)OCC(=O)N3[C@H](CC(=N3)c4ccccc4)c5ccc(cc5)OC
dude_jak2__L004351,CC(C)C1=NN2C(=[NH2+])/C(=C/c3ccc(o3)c4ccc(c(c4)Cl)F)/C(=O)N=C2S1
dude_jak2__L004352,Cc1cc(ccc1Cl)OCC(=O)NNC(=O)C2=NN(C(=O)CC2)C
dude_jak2__L004353,CCOCCCNC(=O)[C@@H]1CCC[NH+](C1)[C@@H]2C(=c3cc(ccc3=[NH+]C2=O)Cl)c4ccccc4
dude_jak2__L004354,CCC(=O)Nc1cc(nn1c2[nH]c(=O)cc(n2)c3ccccc3)c4ccco4
dude_jak2__L004355,C[C@@H](C(=O)Nc1cccc(c1)C(=O)NC(C)C)Oc2ccc(cc2)[N+](=O)[O-]
dude_jak2__L004356,Cc1cccc(c1)n2c(nnc2SCC(=O)N(CCC#N)c3ccccc3F)C4=c5ccccc5=[NH+]C4
dude_jak2__L004357,c1cc(c(c2c1[nH]c(c2)C(=O)N[C@H]3CCCCNC3=O)Cl)Cl
dude_jak2__L004358,CCOC(=O)C1=C(N=C2N([C@H]1c3ccc(c(c3)OC)OC)C(=CS2)/C=C(/NCC4CC4)\[O-])C
dude_jak2__L004359,C[C@@H]1CCN([C@@H](C1)C)c2cc3c(cc2N)CC(=O)N3
dude_jak2__L004360,CC(C)[C@H](C(=O)OC)NC(=O)N1CCc2c([nH+]c[nH]2)[C@@H]1c3cc(cc(c3)OC)OC
dude_jak2__L004361,C[C@H](C(=O)NC(=O)NC)Nc1ccc(cc1)S(=O)(=O)C
dude_jak2__L004362,COc1cc(cc(c1OC)OC)N2C(=O)/C(=C\C3[NH+]=c4ccccc4=[NH+]3)/C(=NC2=S)[O-]
dude_jak2__L004363,COc1ccc(cc1)N2[C@H]([C@@H](CCC2=O)C(=O)N3CCN(CC3)c4cccc[nH+]4)c5ccc(cc5)F
dude_jak2__L004364,CC(C)(C)C(=O)/C=c\1/n(c(=O)/c(=C/c2ccc(c(c2)[N+](=O)[O-])N(C)C)/s1)Cc3ccc(cc3)C#N
dude_jak2__L004365,c1cc(cc(c1)Cl)N=C2N(C(=O)C[C@H](S2)C(=O)Nc3ccc(cc3)F)Cc4ccc5c(c4)OCO5
dude_jak2__L004366,CC[C@@]1(CCC(=O)NC1=O)c2ccc(cc2)NS(=O)(=O)c3ccccc3[N+](=O)[O-]
dude_jak2__L004367,Cc1ccc2=[NH+][C@H]3C(=c2c1)N=NC(=N3)SCC(=O)NCc4cccc(c4)OC
dude_jak2__L004368,COc1ccc(cc1N2C(=O)[C@H]3[C@@H]([NH2+][C@@]4([C@@H]3C2=O)c5ccccc5NC4=O)Cc6ccccc6)[N+](=O)[O-]
dude_jak2__L004369,C[C@H](C(=O)Nc1cc(ccc1OC)[N+](=O)[O-])[NH+]2CCC(CC2)c3c[nH]c4c3cccc4
dude_jak2__L004370,Cn1cc(c(n1)c2ccc3c(c2)OCCO3)C[NH+](C)C[C@@H]4C5=C(CCCC5)N=N4
dude_jak2__L004371,c1ccc(cc1)n2c(=O)c(c([nH]c2=O)[O-])[C@H]3[C@H]4C(=c5ccccc5=[NH+]4)CCN3
dude_jak2__L004372,CC(=C)C[NH+]1CCN(CC1)c2nc3c(c4c(s3)CCCC4)c(=O)n2CC(=O)NC5CCCCC5
dude_jak2__L004373,c1ccc2c(c1)CC[NH2+][C@H]2c3c(c4ccccc4oc3=O)[O-]
dude_jak2__L004374,O=C(NCC#N)c4ccc(c3ccnc(Nc2cccc(N1CCOCC1)c2)n3)cc4
dude_jak2__L004375,c1ccc2c(c1)c3c([nH]2)[C@H]([NH2+][C@H](C3)C(=O)[O-])c4ccccc4[N+](=O)[O-]
dude_jak2__L004376,Cc1ccc(cc1)C[NH+](Cc2cc3cc4c(cc3[nH]c2=O)OCCO4)Cc5nnnn5Cc6ccco6
dude_jak2__L004377,c1cc(ccc1c2nnc(o2)C[NH2+]Cc3ccc4c(c3)OCO4)F
dude_jak2__L004378,Cc1ccccc1NC(=O)CN2c3ccccc3Sc4c2cccc4
dude_jak2__L004379,Cc1ccc(cc1)[C@H]([C@@H](C(=O)c2c[nH]c3c2cccc3)O)N4CCC(CC4)[NH+]5CCCCC5
dude_jak2__L004380,c1ccc(cc1)COC(=O)N2CCC[C@@]23[C@H](N(C3=O)CC(=O)N4CCc5ccccc5C4)c6ccccc6
dude_jak2__L004381,COc1ccc(cc1)Cn2c(nnn2)C[NH+](Cc3ccco3)Cc4cc5cc(ccc5[nH]c4=O)OC
dude_jak2__L004382,C[NH+]1CCC(CC1)n2c3c(cn2)nc([nH]3)C4=Cc5cccc(c5OC4)OC
dude_jak2__L004383,C[C@@H](C(=O)Nc1ccc(cc1Cl)[N+](=O)[O-])N2CC[NH+](CC2)CC(=O)NCC=C
dude_jak2__L004384,Cc1c2cccc(c2oc1C(=O)NNC(=O)[C@H]3COc4ccccc4O3)F
dude_jak2__L004385,C[NH+](C)[C@@H](CNC(=O)CNC(=O)C12CC3CC(C1)CC(C3)C2)c4cccs4
dude_jak2__L004386,c1cc2c(cc1NC(=O)Cc3cn4ccsc4n3)[nH]c(=O)[nH]2
dude_jak2__L004387,c1ccc(cc1)CC(=O)Nn2c(=O)c3ccccc3nc2SCc4cc(=O)n5cc(ccc5n4)Cl
dude_jak2__L004388,C[C@H](C(=O)Nc1ccc(c(c1F)F)F)OC(=O)c2ccccc2[N+](=O)[O-]
dude_jak2__L004389,C[NH+]1CCc2cc3c(c(c2[C@@H]1c4c(=O)[nH]c(=O)n(c4O)c5cc(ccc5OC)OC)OC)OCO3
dude_jak2__L004390,CN(C)c1ccc(cc1)[C@H](CNC(=O)CN2C(=O)c3ccccc3C2=O)S(=O)(=O)c4ccc(cc4)OC
dude_jak2__L004391,c1cc(cc(c1)[N+](=O)[O-])C(=O)N/N=C/c2ccc(c(c2)Br)O
dude_jak2__L004392,CC1=CC=CC2=N[C@@H]([C@H](N12)Br)CS[C@@H]3[NH+]=c4ccc(cc4=[NH+]3)[N+](=O)[O-]
dude_jak2__L004393,c1ccc2c(c1)[nH]c(n2)Sc3ccc4c(c3N)ncs4
dude_jak2__L004394,CC(C)(C(=O)N[C@@H]1CCCC[C@@H]1C(F)(F)F)[NH3+]
dude_jak2__L004395,Cc1cc(c2c(c1)cc(c(=O)[nH]2)C[NH+](Cc3ccc4c(c3)OCO4)Cc5nnnn5C6CCCCC6)C
dude_jak2__L004396,CN(C)C(=O)Sc1cccc(c1)NC(=O)/C=C/c2ccc(cc2)[N+](=O)[O-]
dude_jak2__L004397,CCCC1=[NH+][C@@H](ON1)CCC(=O)N2CCC(=CC2)C3=c4cccnc4=[NH+]C3
dude_jak2__L004398,Cn1c(nnc1SCC(=O)NNC(=O)c2ccc(cc2)F)c3ccccc3Cl
dude_jak2__L004399,CCOC(=O)[C@H]1C(=c2cc(ccc2=[NH+]1)Br)NC(=O)CCN3CCN(CC3)C(=O)OCC
dude_jak2__L004400,CCNC(=O)Nc1cccc(c1)NC(=O)[C@H]2[C@H](Oc3ccccc3O2)C
dude_jak2__L004401,Cn1c2c(c(=O)n(c1=O)C)[C@H](CC(=N2)O)c3cccc(c3)O
dude_jak2__L004402,c1csc2n1c(c(n2)Cl)S(=O)(=O)N3CCNC3=O
dude_jak2__L004403,CC1CCC2(CC1)C(=O)N(C(=O)N2)CN3CC[NH+](CC3)CCOc4ccc(cc4)Cl
dude_jak2__L004404,CCNC(=O)NC(=O)[C@@H](C)Sc1nnc(n1C[C@H]2CCCO2)c3ccc(cc3)Cl
dude_jak2__L004405,Cc1cc(no1)CNC(=O)CN2C(=O)[C@]3(CCCC[C@@H]3C)NC2=O
dude_jak2__L004406,CN(Cc1[nH]c(=O)c2ccccc2n1)CC(=O)Nc3c(c4c(s3)CCCC4)C(=O)OC
dude_jak2__L004407,c1cc(sc1)c2nc(on2)CSc3nnc(n3N)c4ccc(cc4)F
dude_jak2__L004408,C[C@@H](CO)NS(=O)(=O)c1ccc2c(c1)NC(=O)C(O2)(C)C
dude_jak2__L004409,COc1cc2c(cc1OC)[C@H]([NH+](CC2)CN3C(=O)C4(CCCCCC4)NC3=O)c5ccccc5
dude_jak2__L004410,C[C@@H]1C[C@H]1Nc2c(nccn2)Cl
dude_jak2__L004411,COc1cc(c(cc1OC)OC)[C@@H]2[C@@H]3[C@@H](C(=O)N(C3=O)c4ccccc4Cl)ON2c5ccccc5
dude_jak2__L004412,CCc1nnc(s1)NC(=O)c2ccccc2NC(=O)/C=C/c3ccccc3[N+](=O)[O-]
dude_jak2__L004413,Cn1c2c(c(=O)n(c1=O)C)nc(cn2)N/N=C/c3ccc(cc3)Br
dude_jak2__L004414,[H]/N=C\1/NC(=O)/C(=C\c2ccc(o2)c3ccc(c(c3)Cl)Cl)/S1
dude_jak2__L004415,Cc1ccoc1c2c(c(n(n2)C)N)c3ccccc3F
dude_jak2__L004416,Cc1c2c(n(n1)c3ccc4nnc(n4n3)C)NC(=O)C[C@H]2c5cccc(c5)Br
dude_jak2__L004417,CCOCCn\1c2ccc(cc2s/c1=N\C(=O)c3ccc(cc3)N(C)C)S(=O)(=O)N
dude_jak2__L004418,CC(=O)c1cccc(c1)N[C@H]2/C(=N/S(=O)(=O)c3ccc(cc3)Cl)/N=c4ccccc4=[NH+]2
dude_jak2__L004419,Cc1nnc(s1)NC(=O)CSc2nnc(s2)NC(=O)c3ccc(cc3Cl)Cl
dude_jak2__L004420,CCOC(=O)NC(=O)c1c2c(sc1NC(=O)c3ccc(cc3)C(=O)C)C[C@H](CC2)C
dude_jak2__L004421,CCCOc1ccc(cc1)[C@H]2c3c([nH]nc3C(=O)N2[C@@H]4CCS(=O)(=O)C4)c5cc(ccc5[O-])Cl
dude_jak2__L004422,c1cc2c(cc1NC(=O)c3ccc(s3)Br)CCC(=O)N2
dude_jak2__L004423,Cc1c(sc2c1c(=O)[nH]c(n2)CS[C@@H](C)C(=O)Nc3ccc(nc3)n4cccn4)C
dude_jak2__L004424,c1ccc2c(c1)c3c(n2C[C@H](C[NH+]4C[C@@H]5C[C@H](C4)c6cccc(=O)n6C5)O)CCCC3
dude_jak2__L004425,c1ccc2=[NH+]CC(=c2c1)C3=NN[C@@H](N3Cc4ccco4)S[C@@H]5CCOC5=O
dude_jak2__L004426,Cc1ccc(o1)c2nc(c(s2)C(=O)NNC(=O)c3cnccn3)C
dude_jak2__L004427,C[C@@]1(CCS(=O)(=O)C1)NNC(=O)Nc2cccnc2
dude_jak2__L004428,C[C@@H]1CN(C[C@H](O1)C)c2ccc(c[nH+]2)CNC(=O)c3ccc(c(c3)S(=O)(=O)N(C)OC)Cl
dude_jak2__L004429,c1cc(c(cc1Cl)Cl)/C=N/[NH+]=C/2\N[C@@H]3C(=c4cc(ccc4=[NH+]3)Br)N=N2
dude_jak2__L004430,CC(C)[C@H](C(=O)[O-])NC(=O)/C(=C/c1ccc(cc1Cl)Cl)/NC(=O)c2ccco2
dude_jak2__L004431,c1cc(c(cc1Cl)Cl)NC(=S)NC(=O)c2cc(cc(c2)[N+](=O)[O-])[N+](=O)[O-]
dude_jak2__L004432,C[C@@H](C(=O)Nc1cc(cc(c1)Cl)Cl)OC(=O)c2ccc3c(c2)S(=O)(=O)c4ccccc4C3=O
dude_jak2__L004433,C[C@@H]1CCC[C@H]([C@@H]1C)NC(=O)C2(CCCC2)[NH3+]
dude_jak2__L004434,Cc1cc([nH]c(=O)c1CNC(=O)CN2C(=O)C3(CCCC3)NC2=O)C
dude_jak2__L004435,Cc1ccccc1C(=O)NNC(=O)[C@]23CC[C@H](C2)C(C3=C)(C)C
dude_jak2__L004436,Cc1ccc(cc1Br)C(=O)N[C@@H]2[C@H]3N(C2=O)C(=C(CS3)COC(=O)C)C(=O)[O-]
dude_jak2__L004437,CCCc1cc(n(n1)c2ccccc2C)S(=O)(=O)N
dude_jak2__L004438,COC(=O)c1cn(nn1)[C@@H]2C[C@H]([NH+](C2)Cc3ccccc3OCC=C)C(=O)Nc4ccc5c(c4)COC5
dude_jak2__L004439,CCN1c2ccccc2[C@H]([C@@]3(C1=NC(=O)N(C3=O)C)Cl)[C@@H](SC)S(=O)(=O)c4ccc(cc4)C
dude_jak2__L004440,c1cc(ccc1[C@H](CNC(=O)Nc2ccc(cc2)Cl)O)N
dude_jak2__L004441,CC(C)S(=O)(=O)c1cc(ccc1N2CC[NH2+][C@H](C2)S(=O)(=O)Oc3ccccc3)Cc4ccccc4
dude_jak2__L004442,c1ccc(c(c1)[C@H]2CC(=N[C@@H](N2)c3ccc(cc3)Cl)c4cccs4)O
dude_jak2__L004443,CC(C)[C@@H](C(=O)NCCNC(=O)C(C)C)NS(=O)(=O)c1ccc(cc1)Br
dude_jak2__L004444,C[C@@H]1CCCC[C@H]1N2C(=O)C(=O)N(C2=O)CC(=O)Nc3ccccc3C(=O)NCCc4ccccc4
dude_jak2__L004445,CC1(CC(CC([NH2+]1)(C)C)NC(=O)CSc2nnc(n2c3ccccc3)c4cccnc4)C
dude_jak2__L004446,c1ccc(c(c1)NC(=O)c2cnn(c2)c3ccc(cc3)[N+](=O)[O-])OC(F)(F)F
dude_jak2__L004447,C[C@H]1CN(C[C@H](O1)C)C(=O)[C@@H]2Cc3cc(ccc3N4[C@@H]2C[NH+](CC4)CCOc5ccccc5)[N+](=O)[O-]
dude_jak2__L004448,CCn1c(=O)c(c(n(c1=O)Cc2ccccc2)N)C(=O)CSc3nnc(n3C4CCCCC4)C
dude_jak2__L004449,Cc1cnn(c1)CC(=O)Nc2c(nc3ccccc3n2)Cl
dude_jak2__L004450,Cc1c(sc2c1c(=O)[nH]c(n2)[C@H](C)Sc3nnc(n3c4ccc(cc4)Cl)[C@H](C)[NH+](C)C)C
dude_jak2__L004451,Cc1ccc(cc1N2CC[NH+](CC2)[C@@H](c3cc4cc(cc(c4[nH]c3=O)C)C)c5nnnn5C(C)(C)C)Cl
dude_jak2__L004452,CC[NH+]1CCN(CC1)[C@@H](c2nnnn2CCOC)[C@@H]3C=c4cc(ccc4=[NH+]C3=O)OCC
dude_jak2__L004453,CC1=C(S[C@]2(N1Cc3ccccc3)N(N=C(S2)C(=O)OC)c4ccc(cc4)OC)C(=O)C
dude_jak2__L004454,c1cc(c(cc1C(=O)[O-])S(=O)(=O)NC2CC[NH+](CC2)CC(=O)N)Cl
dude_jak2__L004455,Cc1ccc2=[NH+]CC(=c2c1)CCN3C[C@H](CC3=O)C(=O)N[C@H]4NN[C@@H](S4)C
dude_jak2__L004456,Cc1c2c(oc(c2c(=O)[nH]n1)NC(=O)C[NH+](CC3CCCCC3)C4CC4)C
dude_jak2__L004457,CCCn1c(c(c(c(c1=O)C#N)C)/C=C/2\C(=O)N(C(=S)S2)Cc3ccc(cc3)F)N4CCC[C@@H](C4)C
dude_jak2__L004458,c1cc2c(cc1N3C[C@H](OC3=O)CNC(=O)c4cc(ccc4Cl)Cl)OCO2
dude_jak2__L004459,C[C@H](C(=O)NC1CC1)[NH+]2CCN(CC2)S(=O)(=O)c3c(cc(cc3Cl)Br)Cl
dude_jak2__L004460,Cc1ccc2cccc(c2n1)NC(=O)C(=O)N[C@H](C)c3[nH]c4ccccc4n3
dude_jak2__L004461,C[C@@H]1CCc2c(sc(n2)NC(=O)c3cccnc3n4cncn4)C1
dude_jak2__L004462,Cc1ccc(cc1)[C@@H](C(=O)Nc2ccc3c(c2)OCO3)O
dude_jak2__L004463,Cc1ccc(c(c1)N2[C@H](N=C([C@H](C2=O)[C@@H]3c4c(c5ccccc5[nH]4)CCN3)O)O)C
dude_jak2__L004464,c1c(oc(c1Br)Br)/C=N/NC(=S)N
dude_jak2__L004465,Cc1ccc(cc1)CN2CC(=O)N3[C@H](C2=O)CC4=c5ccccc5=[NH+][C@H]4[C@@H]3c6ccc(cc6)C(=O)OC
dude_jak2__L004466,Cc1c(c(sn1)N)C(=O)O[C@H](C)c2[nH]c(=O)c3ccccc3n2
dude_jak2__L004467,c1cc(c(cc1/C=N/NC(=O)c2ccc(cc2Cl)Cl)Cl)Cl
dude_jak2__L004468,Cc1c(cccc1Cl)NC(=O)Cn2c(c(nn2)C(=O)NCc3cccs3)N
dude_jak2__L004469,Cc1c(cccc1S(=O)(=O)N)NC(=O)[C@H]2CC(=O)N(C2)C(C)C
dude_jak2__L004470,C[C@H](C(=O)Nc1ccc2c(c1)OCO2)[NH+]3CCC[C@@H](C3)C(=O)OC
dude_jak2__L004471,Cn1cnnc1CNCc2ccc(c(c2)[N+](=O)[O-])Br
dude_jak2__L004472,c1ccc(cc1)C[NH+]2CCNC(=O)[C@@H]2CC(=O)NC[C@@H]3C4=C(CCCCC4)N=N3
dude_jak2__L004473,c1cc2n(c(=O)c1)C[C@H]3C[C@@H]2CN(C3)S(=O)(=O)c4cc5c(cc4Br)CCN5C(=O)C6CC6
dude_jak2__L004474,Cc1ccc(cc1N)C(=O)Nc2ccc(cc2Cl)Br
dude_jak2__L004475,CC(=O)Nc1ccc2ccccc2c1c3c4ccccc4ccc3N
dude_jak2__L004476,c1ccc(c(c1)C(=[NH2+])N)Oc2c(cc(cc2Br)[N+](=O)[O-])Br
dude_jak2__L004477,Cc1ccccc1CN2c3ccccc3[C@]4(C2=O)c5c(=O)c6cc(ccc6oc5C(=O)N4CCCOC)F
dude_jak2__L004478,Cc1ccc(c(c1)[N+](=O)[O-])NC(=O)CCCN2C(=O)c3ccccc3C2=O
dude_jak2__L004479,COc1ccc(cc1)N2C(=O)C[C@H](C2=O)SCCC3[NH+]=c4ccccc4=[NH+]3
dude_jak2__L004480,Cc1ccc(c(c1)NC(=O)C[NH+](C)CC(=O)Nc2c(cc(cc2Cl)C)C)C
dude_jak2__L004481,CCOc1cccc(c1OCc2ccc(cc2)Cl)[C@@H]3C(=C(O[C@@H]4C3=C(N=N4)C)N)C#N
dude_jak2__L004482,CCOC(=O)N/N=C/1\CCCc2c1c(c(o2)C(=O)Oc3ccc(cc3)C)C
dude_jak2__L004483,CN5CCN(c4cc(Oc1ccccc1Cl)nc(n2cnc3ccncc23)n4)CC5
dude_jak2__L004484,c1ccc(c(c1)/C=C\2/CCC[C@H]3C2=NN[C@H]3c4ccccc4O)O
dude_jak2__L004485,c1cc2=[NH+]C(=O)[NH+]=c2cc1S(=O)(=O)NCc3cc4c(c(c3)Cl)OCCCO4
dude_jak2__L004486,C/C(=C/1\C(=NN(C1=O)c2ccc(cc2)[N+](=O)[O-])c3ccccc3)/NCCc4c[nH]c[nH+]4
dude_jak2__L004487,Cc1cc(ccc1N)C(=O)Nc2ccc(cc2C)Br
dude_jak2__L004488,CCc1ccc2=[NH+]C(=O)[C@H](C=c2c1)[C@@H]([C@@H]3N=NNN3C(C)(C)C)[NH+](Cc4ccco4)Cc5cccs5
dude_jak2__L004489,CC(C)C[C@@H]1c2ccc(cc2OC(=C1C#N)N)O
dude_jak2__L004490,Cc1c(cc(s1)C(=O)Nc2cc(c(cc2Cl)Cl)Cl)N
dude_jak2__L004491,c1ccc2=[NH+]/C(=N\S(=O)(=O)c3cccs3)/[C@@H]([NH+]=c2c1)NC4CCCCC4
dude_jak2__L004492,C[C@H]1CN(C[C@@H](O1)C)C(=O)[C@@H]2Cc3ccccc3N4[C@@H]2C[NH+](CC4)CC(=O)NC(C)C
dude_jak2__L004493,Cc1ccc2nc(c(c(=O)n2c1)/C=C/3\C(=O)N(C(=S)S3)CCc4ccccc4)N5C[C@H](O[C@@H](C5)C)C
dude_jak2__L004494,c1cc(ncc1Br)Nc2c(c(ncn2)Nc3cc[nH+]cc3)[N+](=O)[O-]
dude_jak2__L004495,CNC(=O)Cn1cc(cn1)NC(=O)/C=C/c2c(nc3n2ccs3)Cl
dude_jak2__L004496,C[C@@]1(C(=O)N(C(=O)N1)CC(=O)c2ccc(s2)Cl)c3ccc(cc3)[N+](=O)[O-]
dude_jak2__L004497,Cc1ccc(c(c1)Br)NC(=O)[C@H](C)[NH+]2CCN(CC2)S(=O)(=O)c3ccccc3
dude_jak2__L004498,CCCc1cc2c(c(=O)n1CC)[C@@H](C(=C(O2)N)C#N)c3cccc(c3)[N+](=O)[O-]
dude_jak2__L004499,Cc1ccc(cc1[N+](=O)[O-])[C@H]2CC(=O)NC3=C2C(=O)C[C@H](C3)c4ccc(cc4)OC(C)C
dude_jak2__L004500,COc1ccc2=C(C[NH+]=c2c1)CCNC(=O)CS[C@H]3N[NH2+]NN3c4cccc(c4)Cl
dude_jak2__L004501,CCc1ccc(cc1)c2c(n3c(n2)sc(n3)N(C)CC(=O)NCC[C@@H](C)[NH+]4CCCC4)NC(C)(C)C
dude_jak2__L004502,C[C@@]12[C@@H]3C(=c4ccccc4=[NH+]3)[C@H](CN1C(=O)CN(C2=O)CCCO)c5ccc(cc5)Br
dude_jak2__L004503,Cc1cccc([nH+]1)N/C=C/2\c3ccccc3C(=O)N(C2=O)c4cccc(c4)S(=O)(=O)NCc5ccco5
dude_jak2__L004504,CC[NH+]1CCC[C@H]1CNC(=O)c2c3c(n(n2)CCOC)CCN(C3)C(=O)c4csc(n4)SC
dude_jak2__L004505,CC1CC[NH+](CC1)C[C@@H](CS(=O)(=O)c2ccc(cc2)[N+](=O)[O-])[NH+]3CCC(CC3)C
dude_jak2__L004506,CC(=O)[NH+]=c1ccc-2c(cc(oc2c1)O)CSc3nnc(n3C[C@@H]4CCCO4)c5ccc(cc5)F
dude_jak2__L004507,COc1ccc2c(c1OC)C(=O)O[C@H]2N3[C@@H](CCC3=O)C(=O)N[C@H](CC4=c5ccccc5=[NH+]C4)C(=O)OC
dude_jak2__L004508,CC1CCC2(CC1)C(=O)N(C(=O)N2)NC(=O)CNc3ccccc3Cl
dude_jak2__L004509,CC(C)(C)OC(=O)N1CC[NH+](CC1)CC(=O)NCCN2C(=O)/C(=C/c3ccccc3F)/SC2=O
dude_jak2__L004510,CCOC(=O)c1c(c2cc(ccc2[nH]1)OC)NC(=O)[C@@H](C)[NH+]3CCc4ccccc4C3
dude_jak2__L004511,CC(C)(C)[C@@H]1C[C@@H](N=N1)C(=O)N/N=C/C2=c3ccccc3=[NH+]C2
dude_jak2__L004512,Cc1cccc(c1C)N2CCN(CC2)[C@H](C)C(=O)NC3=c4cc(ccc4=[NH+][C@H]3C(=O)OC)Cl
dude_jak2__L004513,CC(C)[C@](C)(C#N)NC(=O)C[NH+]1CCC[C@@H](C1)c2nnc3n2CCCCC3
dude_jak2__L004514,COc1ccc(cc1)[C@@H]2[C@H]3C(=c4ccccc4=[NH+]3)C[C@@H]5N2C(=O)CN(C5=O)Cc6ccc(c(c6)Cl)Cl
dude_jak2__L004515,Cc1ccc(c(c1)N2CC[NH+](CC2)[C@H](c3cc4cc(c(cc4[nH]c3=O)C)C)c5nnnn5CCOC)C
dude_jak2__L004516,c1cc(c(cc1NN)S(=O)(=O)N2C[C@H]3CC[C@@H]2C3)[N+](=O)[O-]
dude_jak2__L004517,Cc1ccc(cc1n2c(cc(c2C)/C=C(\C#N)/C(=O)Nc3ccccc3)C)[N+](=O)[O-]
dude_jak2__L004518,COc1cccc(c1)N([C@H](c2ccc(c(c2)OC)OC)C(=O)NC3CCCCC3)C(=O)c4cnsn4
dude_jak2__L004519,C[NH+](C)[C@H](CNC(=O)C1CCN(CC1)S(=O)(=O)c2ccc3c(c2)CCC3)c4cccc(c4)F
dude_jak2__L004520,Cc1c2ccccc2oc1[C@@H](C)NC(=O)Cc3csc(n3)NC(=O)c4ccco4
dude_jak2__L004521,CCN1C(=[NH+][C@@H](C1=[NH2+])c2cc3c(c(c2)Br)OCCO3)C
dude_jak2__L004522,C[C@H]1C(=C(C=[NH+]1)C)C(=O)C2=C(C(=O)N([C@@H]2c3cccc(c3)OCC=C)[C@@H]4C=C(ON4)C)[O-]
dude_jak2__L004523,CC[C@H]1CCCC[NH+]1CCCn2c(=O)c3c(nc4n3cc(n4c5ccc(cc5)OCC)C)n(c2=O)C
dude_jak2__L004524,Cc1cc(c(cc1Cl)C2=NN=C3[C@@H]2[C@@H](N(C3=O)CCCO)c4cccc(c4)OC)O
dude_jak2__L004525,C[C@H](C(=O)Nc1cccc(c1)[C@]2(C(=O)NC(=O)N2)C)Oc3ccccc3
dude_jak2__L004526,CCOc1ccccc1C2=NO[C@@H](N2)[C@@H]3C(=c4cccc(c4=[NH+]C3=O)Cl)O
dude_jak2__L004527,CCOc1ccc(cc1)/C=N/[NH+]=C/2\N[C@@H](N=N2)SCC(=O)N[C@@H]3[C@@H](C4=C(S3)CCC4)C#N
dude_jak2__L004528,CCOc1cccc(c1)[C@H]2C3=C(C[C@H](CC3=O)C)Nc4n2ncn4
dude_jak2__L004529,C[C@]1(C(=O)N(C(=O)N1)CC(=O)Nc2cc(ccc2Cl)[N+](=O)[O-])c3ccccc3
dude_jak2__L004530,Fc5cccc6[C@H](n3c(=O)[nH]c4cnc(n1cnc2ccc(C#N)cc12)nc34)CCOc56
dude_jak2__L004531,CN(C[C@H]1C=c2cc(ccc2=[NH+]1)F)C(=O)COc3ccc(nn3)N4CCN(CC4)c5cccc[nH+]5
dude_jak2__L004532,Cc1cc(c(c(c1)C)NC(=O)CSc2nc3c(c4ccccc4n3CC(=O)[O-])nn2)C
dude_jak2__L004533,C[NH+](C[C@@H]1COc2ccccc2O1)CC(=O)Nc3ccnn3Cc4cccc(c4)Cl
dude_jak2__L004534,c1ccc2=[NH+][C@@H]3[C@@H](N4[C@@H](CC3=c2c1)C(=O)N(CC4=O)CCCO)c5cccc(c5)[N+](=O)[O-]
dude_jak2__L004535,Cc1cc(=O)c(nn1c2ccccc2[N+](=O)[O-])C(=O)NC[C@H](c3ccccc3Cl)[NH+](C)C
dude_jak2__L004536,Cc1ccc(cc1N[C@H]2/C(=N/S(=O)(=O)c3cccc4c3nsn4)/[NH+]=c5ccccc5=[NH+]2)Cl
dude_jak2__L004537,Cn1c(=O)[nH]nc1SCC(=O)N(C)c2ccc(cc2)N
dude_jak2__L004538,c1cc(c(cc1[N+](=O)[O-])S(=O)(=O)N)NC2CC2
dude_jak2__L004539,C/C(=N\NC(=O)COc1ccc2ccccc2c1Br)/c3ccc(cc3)[N+](=O)[O-]
dude_jak2__L004540,Cc1c2cc(cnc2n(n1)C)NC(=O)NCc3c(noc3C)C
dude_jak2__L004541,c1ccc2c(c1)CCN(C2)C(=O)CN3C(=O)[C@@]4(CCOc5c4cccc5)NC3=O
dude_jak2__L004542,c1ccc(c(c1)Cc2[nH]c(=O)c3ccccc3n2)C(=O)OCC(=O)NC(=O)c4cccs4
dude_jak2__L004543,C[NH+](CCNS(=O)(=O)c1cc(cc(c1Br)N)Cl)C2CC2
dude_jak2__L004544,C[C@H]1CCCC[C@]12C(=O)N(C(=O)N2)CC(=O)Nc3c(ccs3)C#N
dude_jak2__L004545,C[C@H]1Cc2cc(c(=O)[nH]c2[C@@H](C1)C)C=O
dude_jak2__L004546,CC[C@@H](c1ccccc1)NC(=O)[C@@H]2CN(CC23CC[NH2+]CC3)C(=O)c4cccc5c4-c6ccccc6C5=O
dude_jak2__L004547,C[C@H]1C[C@@]2(CC(C1)(C)C)C(=O)N(C(=O)N2)CC(=O)N3CCC[C@@H]3c4ccc5c(c4)OCCO5
dude_jak2__L004548,Cc1c2c(nc3n(c2=O)CCC3)sc1C(=O)OCC(=O)c4c5ccccc5n(c4c6ccccc6)C
dude_jak2__L004549,c1ccc(cc1)CS(=O)(=O)N2CCN(CC2)C(=O)CS[C@@H]3NN=C(O3)C4=c5ccccc5=[NH+]C4
dude_jak2__L004550,Cc1cccc(c1C)OCc2nnc(n2CC=C)SCC(=O)Nc3ccc(cc3)C(=O)[O-]
dude_jak2__L004551,CC\1=C(C(=O)N(C(=O)/C1=C\c2cn(nc2c3ccc(cc3)OC(C)C)c4ccccc4)CCOC(=O)C)C#N
dude_jak2__L004552,COC(=O)[C@@H]1C(=c2cc(ccc2=[NH+]1)Br)NC(=O)C[NH+]3CCSCC3
dude_jak2__L004553,Cc1nnc(n1C2CCCCC2)SCC(=O)Nc3cccc(c3)S(=O)(=O)/N=C/4\CCCN4
dude_jak2__L004554,c1cc(cc(c1)S(=O)(=O)/N=C/2\CCCN2)NC(=O)COC(=O)c3ccc(cc3Cl)F
dude_jak2__L004555,CC(C)(C)c1ccc2c(c1)N(C[C@@H](O2)C(=O)N3CCN(CC3)C/C=C/c4ccccc4)S(=O)(=O)C
dude_jak2__L004556,Cc1cc2c(n1C3(CCCCC3)C)CCC[C@@H]2O
dude_jak2__L004557,c1ccc2=[NH+]CC(=c2c1)CCN3C(=O)[C@@H](NC3=O)CCC(=O)Nc4ccc(cc4)Cl
dude_jak2__L004558,CCOC(=O)N1CCC(CC1)NC(=O)C2=CC3=[NH+][C@@H](C[C@H](N3N2)C(F)(F)F)c4ccc5c(c4)OCO5
dude_jak2__L004559,CC(C)[C@H](c1nc(no1)c2ccc(cc2)[N+](=O)[O-])[NH2+]C[C@H](COCc3ccccc3)O
dude_jak2__L004560,CCc1nnc(s1)NC(=O)NCc2cccc(c2)Cn3cncn3
dude_jak2__L004561,C1CCC(CC1)NC(=O)C[C@H]2CCCC[C@@H]2[NH3+]
dude_jak2__L004562,c1ccc2c(c1)cccc2NC(=O)CSc3nncc(=O)n3N
dude_jak2__L004563,C[C@@H](C(=O)Nc1cc(ccc1OC)[N+](=O)[O-])[NH+]2CCC[C@@H](C2)C(F)(F)F
dude_jak2__L004564,CCOC(=O)[C@H]1C(=c2cc(ccc2=[NH+]1)OC)NC(=O)Nc3ccc(c(c3)Cl)Cl
dude_jak2__L004565,CC[C@@H](C)NC(=O)[C@H](C(C)C)NC(=O)[C@@H]1CC2=c3ccccc3=[NH+][C@@H]2[C@@H]4N1C(=O)c5c4cccc5
dude_jak2__L004566,c1cc(c(cc1N)C#N)NC(=O)c2ccc(s2)Br
dude_jak2__L004567,c1cc(ccc1NC(=O)c2ccc(s2)[N+](=O)[O-])S(=O)(=O)/N=C/3\CCCCCN3
dude_jak2__L004568,c1cc(cc(c1)I)NC(=O)c2ccc(c(c2)NN)[N+](=O)[O-]
dude_jak2__L004569,Cc1cccc(c1/N=C/2\NC(=O)/C(=C/c3cc(c(cc3C)C)C)/S2)C
dude_jak2__L004570,c1ccc2c(c1)CCC[C@@]23C(=O)N(C(=O)N3)CC(=O)Nc4ccc(cc4)OC(F)F
dude_jak2__L004571,CC1=C([C@@H](c2c(n(c(=O)n(c2=O)C)C)N1)c3ccc(cc3)C(C)C)C(=O)OC(C)C
dude_jak2__L004572,CCCOc1ccc(cc1)[C@H]2c3c(=O)c4cc(ccc4oc3C(=O)N2Cc5ccc6c(c5)OCO6)F
dude_jak2__L004573,CCCCc1c[nH+]c2c(c1NOCC(=O)Nc3ccc(cc3F)F)c(=O)n(c(=O)n2C)C
dude_jak2__L004574,CC1(CC(CC([NH2+]1)(C)C)NC(=O)[C@H]2C(=NC=N2)C(=O)[O-])C
dude_jak2__L004575,COc1cc2c(cc1OC)C[NH+](CC2)Cc3cc(=O)c(co3)OCC(=O)Nc4ccc5c(c4)OCO5
dude_jak2__L004576,CCCCn1c(=O)c2c3c(sc2nc1N4CC[NH+](CC4)CC(=O)NC5CCCCC5)CCCC3
dude_jak2__L004577,C[C@@H]1CCC2=C3C(=NC(=NC3=O)CSc4nc5c(ccs5)c(=O)n4C6CCCCC6)S[C@H]2C1
dude_jak2__L004578,Cc1cc(on1)C(=O)[C@@H](C#N)c2[nH]c(=O)c3c4c(sc3n2)CCCC4
dude_jak2__L004579,CC(C)COC(=O)N1CC2(CC2)C[C@@H]([C@H]1C(=O)N3CC[C@H](C=C3)c4ccccc4)C(=O)NO
dude_jak2__L004580,c1cc\2c(cc1O[C@@H]3CS(=O)(=O)C[C@H]3O)OC/C2=N\O
dude_jak2__L004581,CC1CCN(CC1)C2=[NH+]N[C@@H](N2C[C@@H]3CCCO3)S[C@@H](C)C(=O)C4=c5ccccc5=[NH+]C4
dude_jak2__L004582,c1cc(cc(c1)Cl)n2cc(cn2)C(=O)NNC(=O)c3cnccn3
dude_jak2__L004583,c1ccc(cc1)N2C[C@@H](CC2=O)C(=O)NCC[NH+]3CCN(CC3)C(=O)/C=C/c4ccc(cc4)[N+](=O)[O-]
dude_jak2__L004584,C[C@H](c1ccc(c(c1)Cl)Cl)NC(=O)CN2C(=O)[C@]3(CCCc4c3cccc4)NC2=O
dude_jak2__L004585,CC[C@H](C)N1C(=O)/C(=C/c2c(nc3c(cccn3c2=O)C)N4CCN(CC4)c5ccccc5)/SC1=S
dude_jak2__L004586,Cn1c2c(c(=O)n(c1=O)C[C@H](CCl)O)n3c(n2)SCC3
dude_jak2__L004587,Cc1cc(c(nc1)Nc2cc(c(cc2Cl)Cl)Cl)N
dude_jak2__L004588,Cc1c(cccc1[N+](=O)[O-])C(=O)O[C@H](C)C(=O)NC23CC4CC(C2)CC(C4)C3
dude_jak2__L004589,Cc1c(c(n(n1)C)C)CN(C)C(=O)C2=CNN3C2=[NH+][C@@H](C[C@@H]3C(F)(F)F)c4ccccc4
dude_jak2__L004590,Cc1ccccc1c2nc(on2)CSc3nc(c4ccsc4n3)N
dude_jak2__L004591,Cc1ccc(cc1)C2=NN([C@H](C2)c3ccco3)C(=O)COC(=O)[C@H]4CCCN4C(=O)c5cccs5
dude_jak2__L004592,c1ccc2c(c1)CCC[C@@]2(CNc3ccc(c(n3)C#N)Cl)O
dude_jak2__L004593,Cn1c(=O)c(c(n(c1=O)Cc2ccccc2)N)C(=O)COC(=O)c3ccc4ccccc4c3
dude_jak2__L004594,Cc1cc(c(c(c1)Br)N[C@@H](C)C(=O)NC)Br
dude_jak2__L004595,C[C@]1(C(=O)N=C2N1C=CC=C2)CC(=O)NCc3c4c([nH]n3)CCCCC4
dude_jak2__L004596,Cc1c(nc(s1)NC(=O)CSc2nnc(n2C)[C@@H](C)N3c4ccccc4OCC3=O)c5ccccc5
dude_jak2__L004597,Cc1c(sc(c1C(=O)OC)NC(=O)[C@@H](C)Sc2nc([nH]n2)N)C
dude_jak2__L004598,c1ccc(cc1)N2C=C([C@H](N2)c3cccc(c3)S(=O)(=O)N4CCCC4)/C=C(/C#N)\C5[NH+]=c6ccccc6=[NH+]5
dude_jak2__L004599,CC[C@H](C(=O)Nc1cccc2c1CCCC2)[NH3+]
dude_jak2__L004600,c1cc(c(cc1Br)Br)S(=O)(=O)N[C@H]2CCCCC[C@H]2[NH3+]
dude_jak2__L004601,C[C@@H]1CCC[C@@H]([C@@H]1[NH3+])C(=O)NC2CCCCC2
dude_jak2__L004602,c1ccc2=[NH+]CC(=c2c1)CCNC(=O)c3ccc(c(c3)/N=C/4\N[C@@H]5CS(=O)(=O)C[C@H]5S4)Cl
dude_jak2__L004603,C[C@@H]1CCCC[C@H]1NC(=O)NC(=O)CSc2nc3cc(ccc3c(=O)n2CC=C)Cl
dude_jak2__L004604,c1ccc2c(c1)C[C@H](N(C2)S(=O)(=O)c3ccccc3F)C(=O)NCCC4=c5ccccc5=[NH+]C4
dude_jak2__L004605,c1cc2c(cc1C(=O)CSc3nc4c(c5c(s4)CCCC5)c(=O)n3C[C@H]6CCCO6)OCO2
dude_jak2__L004606,Cc1c(c(=O)n(n1C)c2ccccc2)NC(=O)[C@H]3CCC[NH+](C3)Cc4c(cccc4Cl)F
dude_jak2__L004607,CC1(Cc2c(ccn2CC3CCCC3)[C@H](C1)O)C
dude_jak2__L004608,c1cc(c([nH+]c1)c2cc(sc2)C=O)[O-]
dude_jak2__L004609,CCn1cc(cn1)S(=O)(=O)/N=c\2/[nH]c(cs2)C[NH+]3CCC[C@H](C3)C
dude_jak2__L004610,CC1CCC(CC1)Nc2ccc(cc2S(=O)(=O)N)[N+](=O)[O-]
dude_jak2__L004611,CCOc1ccccc1n2c(cn3c2nc4c3c(=O)n(c(=O)n4C)CCC[NH+]5[C@@H](CCC[C@@H]5C)C)C
dude_jak2__L004612,c1ccc2c(c1)cccc2CN3C(=O)[C@H](SC3=O)[C@@H]4C(=O)N(C(=O)S4)Cc5cccc6c5cccc6
dude_jak2__L004613,Cc1cccc(c1)N2C3=C([C@H](C(=C2N)C#N)c4cccs4)C(=O)CC(C3)(C)C
dude_jak2__L004614,C[C@H]1[C@H](Oc2ccccc2O1)C(=O)NNC(=O)c3cccnc3
dude_jak2__L004615,c1ccc(cc1)/C=C/[C@@H]2c3c(c4ccccc4[nH]3)C[C@H]([NH2+]2)C(=O)[O-]
dude_jak2__L004616,Cc1ccc(cc1S(=O)(=O)N2CC[NH+](CC2)C3CCCCC3)CN4C(=O)[C@H]5CCCC[C@H]5C4=O
dude_jak2__L004617,Cc1ccc(cc1)[C@H](CNC(=O)N2CCC(CC2)c3nc(no3)C)[NH+](C)C
dude_jak2__L004618,Cc1ccc(c(c1)C2=C3[C@@H](N(C(=O)[C@@H]3N=N2)CCO)c4cccc(c4)O)O
dude_jak2__L004619,C[C@H]1C(=O)Nc2cc(ccc2S1)C(=O)OCC(=O)Nc3ccc4c(c3)OC(O4)(F)F
dude_jak2__L004620,Cc1ccccc1NC(=O)Cn2cnc3c(c2=O)c(c(s3)c4nc(no4)c5ccccc5Cl)C
dude_jak2__L004621,COC(=O)C1=c2n(c(=O)/c(=C/c3ccc(cc3)F)/s2)C(=C([C@H]1c4ccc(cc4)F)C#N)N
dude_jak2__L004622,CCCCn1c(c(c(c(c1=O)C#N)C)/C=C/2\C(=O)N(C(=S)S2)C[C@@H]3CCCO3)N4CC[NH+](CC4)C
dude_jak2__L004623,C[C@@H]1C[C@@H](C[NH+](C1)CCNC(=O)N(C)C2CC[NH+](CC2)C3CCOCC3)C
dude_jak2__L004624,c1ccc2=[NH+]CC(=c2c1)C3=NN[C@H](N3C4CC4)SCC(=O)N5CCN(CC5)C(=O)c6ccco6
dude_jak2__L004625,C[C@@H](c1ccccc1)NC(=O)c2ccccc2N3C(=O)[C@@]4([C@H]5C(=c6cc(ccc6=[NH+]5)OC)CCN4C3=O)C
dude_jak2__L004626,Cc1c2c(=O)[nH]cnc2sc1C(=O)NCc3c[nH]nc3
dude_jak2__L004627,c1ccc(cc1)NC(=O)CNC(=O)Nc2cc(c[nH]c2=O)C(F)(F)F
dude_jak2__L004628,Cc1c2c(ncn(c2=O)CC(=O)Nc3ccc(c(c3)Cl)OC)sc1C(=O)OC(C)C
dude_jak2__L004629,Cc1cc(ccc1NC(=O)c2ccc(cc2)I)[N+](=O)[O-]
dude_jak2__L004630,c1cc2c(cc1[C@H](c3ccc(cc3Cl)Br)O)[nH]c(=O)[nH]2
dude_jak2__L004631,c1csc2c1c(nc(n2)CSc3c4c(nc[nH]4)ncn3)Cl
dude_jak2__L004632,C[NH+](C)[C@H](CNC(=O)NC[C@@H](c1ccc(cc1)OC)O)c2cccs2
dude_jak2__L004633,c1cc(c(cc1C(=O)NCC(=O)[O-])[N+](=O)[O-])Oc2ccc(cc2Br)Br
dude_jak2__L004634,C[C@@H]1CN(C[C@H](O1)C)S(=O)(=O)c2ccc(cc2)C(=O)/N=c\3/n(c4cc(ccc4s3)[N+](=O)[O-])CC=C
dude_jak2__L004635,C[C@@H](c1nc2cc(ccc2n1Cc3cccc(c3)Br)N)O
dude_jak2__L004636,CC[C@@H]1CN(CCO1)C(=O)N2CC[NH+](CC2)CCC(=O)[O-]
dude_jak2__L004637,c1ccc2c(c1)cc([nH]2)[C@@H]3c4ccccc4C=CN3[S@@](=O)Oc5ccc(cc5)[N+](=O)[O-]
dude_jak2__L004638,c1cc(cc(c1)S(=O)(=O)/N=C\2/CCCN2)NC(=O)c3cc(cc(c3)Br)F
dude_jak2__L004639,CC(C)CC1=C[C@H](N=N1)[C@@H]2NN[C@@H]3N2N=C(S3)c4ccncc4
dude_jak2__L004640,C1CCC2(CC1)[C@@H]3CCCCC=C3C(=O)N2
dude_jak2__L004641,c1cc(ccc1C(=O)NNC(=O)c2cc(c[nH]2)Br)Cl
dude_jak2__L004642,Cn1c(=O)ccc(n1)C(=O)Nc2c(c3c(s2)CCC3)C(=O)N
dude_jak2__L004643,Cc1nnc(o1)[C@H](C)Sc2nc([nH]n2)N/N=C/c3ccccc3F
dude_jak2__L004644,CN1C2=C([C@@H](NC1=O)c3cccc(c3)Oc4ccccc4)C(=O)N(C2)[C@@H](c5ccccc5)C(=O)N6CCCC6
dude_jak2__L004645,C[C@@]12CC[C@H](C[C@@H]1CC[C@H]3[C@@H]2[C@@H](C[C@@]4([C@@H]3CC[C@@H]4C(=O)CO)C)O)O
dude_jak2__L004646,CCOC(=O)C1=C(N=c2n(c(=O)/c(=C\3/c4ccccc4N(C3=O)C)/s2)[C@H]1c5ccc(c(c5)OC)OC(=O)C)C
dude_jak2__L004647,COc1ccc(cc1)C(=O)[C@@H]2[C@H]3[C@@H]([C@@H]4[NH+]2C=Cc5c4cccc5)C(=O)N(C3=O)c6ccc7ccccc7c6
dude_jak2__L004648,Cc1cc(c(o1)C)c2c(c(n(n2)C)N)c3cccc(c3)Br
dude_jak2__L004649,Cc1c(c2ccccc2[nH]1)C(=O)C(=O)NNC(=O)c3cccc(c3O)OC
dude_jak2__L004650,Cc1cc(ccc1NC(=O)COc2ccc3ccccc3c2C=O)[N+](=O)[O-]
dude_jak2__L004651,Cc1csc(n1)NC(=O)c2ccc(o2)S(=O)(=O)N
dude_jak2__L004652,CC(C)c1nnc(s1)NC(=O)CSc2[nH]c(=O)c3c4c(sc3n2)CCCC4
dude_jak2__L004653,COc1ccc(cc1)N[C@@H]2[C@H]([NH+]=C3N2C=CC=C3)[C@@H]4C=c5cc(ccc5=[NH+]C4=O)OC
dude_jak2__L004654,Cc1cc(=O)n2c(n1)sc(n2)N3CCN(CC3)CCO
dude_jak2__L004655,Cc1ccc(o1)CNc2c3ccccc3nc(n2)C[NH+]4C[C@H]5C[C@@H](C4)c6cccc(=O)n6C5
dude_jak2__L004656,Cc1ccc2c(c1)cc(c(=O)[nH]2)[C@H](c3nnnn3C[C@@H]4CCCO4)[NH+](Cc5ccco5)C[C@@H]6CCCO6
dude_jak2__L004657,CCCN1c2ccccc2[C@]3(C1=O)c4c(=O)c5cc(ccc5oc4C(=O)N3CCc6ccc(cc6)OC)F
dude_jak2__L004658,Cc1cc(cc(c1)NC(=O)Cn2cnc3c4c(cccc4Cl)sc3c2=O)C
dude_jak2__L004659,c1cc2c(cc1Cl)nc(n(c2=O)CCC(=O)[O-])SCC(=O)NC3(CCCCC3)C#N
dude_jak2__L004660,C[C@H](c1nc(nc(n1)N(C)C)N)Sc2[nH]c3cc(c(cc3n2)F)F
dude_jak2__L004661,Cc1cc(c(n1c2cccc(c2)[N+](=O)[O-])C)/C=N/NC(=O)Cc3cccc(c3)C(F)(F)F
dude_jak2__L004662,Cc1ccc(c(c1)C)NC(=O)NC(=O)[C@@H](C)N2CCN(CC2)C(=O)C(C)C
dude_jak2__L004663,CCOc1ccc2c(c1OCC)OC3(CC[NH2+]CC3)CC2=O
dude_jak2__L004664,c1ccc2c(c1)c(=O)cnn2CC(=O)NNC(=O)c3ccccc3O
dude_jak2__L004665,Cc1c2c(c3c(n[nH]c3n1)N)CC(SC2)(C)C
dude_jak2__L004666,Cc1coc2c1cc3c(c(c(=O)oc3c2)CCC(=O)N=C4[NH+]=c5ccccc5=[NH+]4)C
dude_jak2__L004667,CCN(CC[NH+]1CCCC1)C(=O)C[C@H]2C(=O)NCC[NH+]2CC3CCCCC3
dude_jak2__L004668,C/C(=N\NC(=O)c1ccc(c(c1)Cl)[N+](=O)[O-])/CC(=O)Nc2cccc(c2)OC
dude_jak2__L004669,C[C@H]1C[C@@H](C[NH+](C1)CC(=O)Nc2cccc(c2)S(=O)(=O)/N=C/3\CCCCCN3)C
dude_jak2__L004670,Cc1ccc(cc1)O[C@H](C)CNC(=O)[C@@H]2CN(CC23CC[NH2+]CC3)C(=O)[C@@H](C)Oc4ccccc4
dude_jak2__L004671,Cc1ccc(cc1)[C@H](C(=O)NC(C)(C)CC(C)(C)C)N(C)C(=O)c2cc(ccc2[O-])[N+](=O)[O-]
dude_jak2__L004672,Cc1ccc2c(c1)c(co2)CC(=O)NNC(=O)c3ccccc3[N+](=O)[O-]
dude_jak2__L004673,CN(C)c1ccc(cc1)[C@H](CNC(=O)C(=O)NCc2ccc(cc2)OC)[NH+]3CCc4ccccc4C3
dude_jak2__L004674,CCOC(=O)c1ccc(c(c1)Br)NC(=O)[C@H](CCSC)[NH3+]
dude_jak2__L004675,C[C@@H]1CCCC[NH+]1CCCNC(=O)Cn2c3ccccc3n(c2=O)S(=O)(=O)c4ccc(cc4)OC
dude_jak2__L004676,C[C@]1(C(=O)N(C(=O)N1)C[NH+](C)CC(=O)NC(C)(C)C)c2ccc3ccccc3c2
dude_jak2__L004677,Cc1ccc(cc1C)N2C(=O)[C@@H](C(=NC2=O)O)/C=N/C[C@H]3c4c(cc5c(c4OC)OCO5)CC[NH+]3C
dude_jak2__L004678,COc1ccc(cc1CNC(=O)[C@H]2C=C3C(=c4ccccc4=[NH+]C3=O)S2)Br
dude_jak2__L004679,c1cc(ccc1OCCOc2ccc(cc2[N+](=O)[O-])S(=O)(=O)N)Cl
dude_jak2__L004680,Cn1c2ccc(cc2nn1)[C@@H]3CC(=O)NC4=NN=C([C@H]34)c5ccccc5
dude_jak2__L004681,C[C@@H]1Cc2ccccc2N1C(=O)CSc3nc4cc(ccc4c(=O)n3C[C@@H](C)O)C(=O)[O-]
dude_jak2__L004682,c1cc(c(cc1Cl)C(=O)N[C@H]2CC[NH+]3[C@@H]2CCCC3)[N+](=O)[O-]
dude_jak2__L004683,c1cc(ccc1NC(=O)c2ccc3c(c2)NC(=O)CCS3)n4cnnn4
dude_jak2__L004684,C[C@H]1CCc2c(sc3c2c(=O)n(c(n3)S[C@H](C)C(=O)NC(=O)NC)CC(C)C)C1
dude_jak2__L004685,Cc1ccccc1NC(=O)Cn2c(=O)c3c4c(sc3n(c2=O)Cc5ccc(cc5)[N+](=O)[O-])CCC4
dude_jak2__L004686,C[C@H]1CCC[NH+](C1)C[C@@H](C)NC(=O)C(=O)Nc2cc3c(cc2Cl)OCCO3
dude_jak2__L004687,CCc1c(nn(c1N)c2ccccc2)c3ccoc3C
dude_jak2__L004688,Cc1ccc(cc1)C2=C[C@H](N=N2)C(=O)N/N=C/c3ccc(cc3O)O
dude_jak2__L004689,c1cc(c(cc1Cl)Cl)NC(=O)C(=O)NNC(=O)c2ccncc2
dude_jak2__L004690,CCOC(=O)c1c2c(sc1NC(=O)COC(=O)c3c(c4c(=O)[nH]c(nc4s3)C)C)CCC2
dude_jak2__L004691,Cc1c2c(=O)c(c[nH]c2n(n1)c3ccccc3)C(=O)Nc4ccccc4C(=O)N
dude_jak2__L004692,Cc1c2ccccc2c([nH+]n1)NC3CCC(CC3)C(=O)[O-]
dude_jak2__L004693,Cc1ccccc1NC(=O)Cn2c3csnc3c(=O)n(c2=O)Cc4ccccc4
dude_jak2__L004694,C[C@H]1CN(CCN1C(=O)C(C)(C)CCl)C(=O)CSc2nnc(n2c3ccccc3)c4cccs4
dude_jak2__L004695,CC[C@@H](C(=O)[O-])Oc1ccc(cc1OC)/C=C/2\C(=O)N(C(=O)S2)c3ccc(cc3C)O
dude_jak2__L004696,c1ccc2=[NH+]CC(=c2c1)C(=O)CS[C@@H]3NN=C(S3)SCC(=O)C4=c5ccccc5=[NH+]C4
dude_jak2__L004697,CNS(=O)(=O)Cc1ccc(cc1)CNS(=O)(=O)c2cc(c(cc2Cl)Cl)C(=O)[O-]
dude_jak2__L004698,Cc1ccc(c(c1)C)n2nc(c(n2)C(=O)N[C@H]3CCS(=O)(=O)C3)C
dude_jak2__L004699,CCC(C)(C)NC(=O)CN1C(=O)[C@](NC1=O)(C)Cc2ccc3c(c2)OCO3
dude_jak2__L004700,Cc1c(c(n2c(n1)nc(n2)SCC(=O)Nc3ccccc3C(C)(C)C)C)CC(=O)[O-]
dude_jak2__L004701,CC(C)(C)[C@@H](c1cccs1)NCN2C(=O)c3cccc(c3C2=O)[N+](=O)[O-]
dude_jak2__L004702,Cc1ccc(=O)n(n1)Cc2nc(c3ccsc3n2)NN
dude_jak2__L004703,COc1ccc(cc1)[C@@H]2c3c([nH]c[nH+]3)CCN2C(=O)N[C@H](CCSC)C(=O)OC
dude_jak2__L004704,CC1=CC=CC2=N[C@H]([C@H](N12)Br)CS[C@@H]3[NH+]=c4ccc(cc4=[NH+]3)[N+](=O)[O-]
dude_jak2__L004705,Cc1c2c(ncnc2sc1C(=O)N[C@@H](C)c3nccs3)NCc4ccc5c(c4)OCO5
dude_jak2__L004706,Cc1c(c(n[nH]1)C)C[NH+](C)Cc2ccc3c(c(sc3n2)C(=O)OC)NC(=O)Cc4ccccc4F
dude_jak2__L004707,CN(C)c1c(ccc[nH+]1)CNC(=O)Cn2c(=O)c3ccccc3cn2
dude_jak2__L004708,Cc1ccc(c(c1)N)O[C@H]2CCCCNC2=O
dude_jak2__L004709,CCOc1cc(ccc1O)[C@@H]2C(=C(C(=O)N2c3cc(on3)C)[O-])C(=O)c4cccs4
dude_jak2__L004710,Cc1ccc2c(c1)c(c([nH]2)C(=O)OC)NC(=O)CC[NH+]3CCN(CC3)c4cccc(c4C)C
dude_jak2__L004711,CC1(CCCCC1)C(=O)N2C[C@@H](C3(C2)CC[NH2+]CC3)C(=O)NCCc4ccc(cc4)Br
dude_jak2__L004712,CCOC(=O)c1ccc(cc1)N[C@@H]2/C(=N/S(=O)(=O)c3cccc(c3)Cl)/N=c4ccccc4=[NH+]2
dude_jak2__L004713,Cc1nnc(s1)NC(=O)[C@@H](C)Sc2ccc(cc2)[N+](=O)[O-]
dude_jak2__L004714,C[C@@H](c1ccccc1Br)NC(=O)Nc2ccccc2Cl
dude_jak2__L004715,Cc1cccc(n1)NC(=S)NC(=O)c2ccccc2[N+](=O)[O-]
dude_jak2__L004716,C[C@H](C(=O)NC(=O)NC(C)(C)C)OC(=O)c1cc2c(c(c1)Cl)OCCCO2
dude_jak2__L004717,CCOC(=O)C1=C(NC(=O)N[C@@H]1c2cc(ccc2C)C)CS[C@@H]3[NH+]=c4cccnc4=[NH+]3
dude_jak2__L004718,Cc1cc2c(cc1Cl)[C@@](CC(O2)(C)C)(C(=O)OC)N
dude_jak2__L004719,Cc1ccc(cc1S(=O)(=O)NCCc2cc(cc3c2OCOC3)F)[N+](=O)[O-]
dude_jak2__L004720,Cc1cccc(c1)[C@@H](C)N2C(=O)c3cccc(c3C2=O)N
dude_jak2__L004721,CC(=O)OCC(=O)[C@]1(CC[C@@H]2[C@]1(C[C@@H]([C@@H]3[C@H]2CCC4=CC(=O)C=C[C@@]34C)C(=O)OC)C)OC(=O)C
dude_jak2__L004722,CS(=O)(=O)Nc4ccc(c3ccnc(Nc2cccc(CN1CCC(O)CC1)c2)n3)cc4
dude_jak2__L004723,c1cc(c(cc1O)O)/C=N/c2c(c3c(s2)CCC3)C#N
dude_jak2__L004724,COc1ccc(cc1)[C@@H]2CC3=C([C@H](CC(=O)N3)c4ccc(cc4)[N+](=O)[O-])C(=O)C2
dude_jak2__L004725,CCc1nnc(s1)N2[C@@H](c3c(=O)c4cc(ccc4oc3C2=O)C)c5ccc(c(c5)OC)OCC=C
dude_jak2__L004726,c1ccc(cc1)[C@H]2c3cccn3-c4ccccc4N2C(=O)CN(C5CC5)C(=O)c6ccc(cc6)[N+](=O)[O-]
dude_jak2__L004727,COC(=O)c1ccc(cc1)/[NH+]=c\2/c(cc3ccc(cc3o2)O)C(=O)Nc4nccs4
dude_jak2__L004728,Cc1ccc(cc1)O[C@H](C)CNC(=O)[C@H]2CN(CC23CC[NH2+]CC3)C(=O)c4ccc(cc4Cl)Cl
dude_jak2__L004729,CC[C@H]([C@@H](c1ccc(cc1)Br)Sc2n[nH]c(=O)n2CC)[NH3+]
dude_jak2__L004730,CC(C)NC(=O)N1Cc2c([nH+]c[nH]2)C[C@H]1c3nc(no3)c4ccc(cc4)OC(F)(F)F
dude_jak2__L004731,CCc1[nH]c(c([nH+]1)C)[C@H]2CC(=O)Nc3c2c([nH]n3)c4cccs4
dude_jak2__L004732,c1cc(ccc1/C=C\2/C(=N\c3ccc(cc3)O)/NC(=O)S2)O
dude_jak2__L004733,COc1ccc2=C(C[NH+]=c2c1)CCNC(=O)CS[C@H]3N[NH2+]NN3c4ccccc4Cl
dude_jak2__L004734,CCCCc1cc([nH]n1)NC(=O)c2cc(nc3c2nc4n3CCCCC4)C
dude_jak2__L004735,Cc1c(cccc1Cl)/N=C\2/N[C@H](CS2)C
dude_jak2__L004736,CC(C)S(=O)(=O)[C@@H]1CCC[C@@]2(N1c3ccccc3O)CCC[C@@H](C2)S(=O)(=O)Oc4ccccc4
dude_jak2__L004737,CC(C)[C@H](C(=O)NC1CCCCCC1)NS(=O)(=O)c2ccc3c(c2)OCCCO3
dude_jak2__L004738,c1cc(sc1)/C=N/NC(=O)c2c(c(c(c(n2)Cl)Cl)N)Cl
dude_jak2__L004739,Cc1cccc(c1NC(=O)CSc2nc3ccccc3c4n2nc(n4)CCn5c(nc6c5cccc6)C)C
dude_jak2__L004740,CC(C)[C@@H](C(=O)[O-])n1c(nnc1SCC(=O)Nc2ccc(cc2)C#N)c3cccs3
dude_jak2__L004741,c1ccc2c(c1)C[C@@H](N(C2)C(=O)CCC3=c4ccccc4=[NH+][C@H]3c5ccc(cc5)F)C(=O)N
dude_jak2__L004742,CCOc1ccccc1CNC(=O)C2CCN(CC2)[C@H]3[NH+]=c4ccc(cc4=[NH+]3)C
dude_jak2__L004743,C[C@]12C[C@H](CC(C1)(C)C)N(C2)C(=O)c3ccc(c(c3)N)Br
dude_jak2__L004744,CC[C@H](C)c1ccc(cc1)O[C@@H]2[C@@H]([C@@H]([C@@H]([C@@H](O2)CO)O)O)NC(=O)C
dude_jak2__L004745,C[C@H]1CCc2c(sc3c2c(=O)[nH]c(n3)c4ccc(cc4)C(C)(C)C)C1
dude_jak2__L004746,Cc1cc(ccc1NC(=O)CSc2c3c(c(sc3ncn2)C)C)[N+](=O)[O-]
dude_jak2__L004747,CC(C)Oc1ccc(cc1)C(=O)OCC(=O)Nc2cccc3c2C(=O)c4ccccc4C3=O
dude_jak2__L004748,C[C@@H]1CCCC[C@@]12C(=O)N(C(=O)N2)CC(=O)NC[C@@H](c3ccco3)[NH+]4CCCCC4
dude_jak2__L004749,Cc1c(n(c(c1C#N)NC(=O)C[NH+]2CCC[C@H](C2)c3nc4ccccc4s3)C[C@@H]5CCCO5)C
dude_jak2__L004750,Cn1c2ccccc2nc1SCC(=O)c3c(n(c(=O)n(c3=O)C)C)N
dude_jak2__L004751,CCCCN(CCCC)S(=O)(=O)c1ccc(cc1)C(=O)Nc2c(c3c(s2)C[NH+](CC3)C)C(=O)NC
dude_jak2__L004752,C[C@H](C(=O)/[NH+]=C/1\C=CC2=NC(=NC2=C1)[O-])[NH+]3CCC[C@@H](C3)c4nc5ccccc5s4
dude_jak2__L004753,CCCCNc1ccc(cc1NC(=O)C2=c3ccccc3=[NH+]C(=O)C2)S(=O)(=O)N(CC)CC
dude_jak2__L004754,Cc1cc(c(cc1Cl)C2=NN=C3[C@@H]2[C@H](N(C3=O)CCO)c4ccc(c(c4)OC)OC)O
dude_jak2__L004755,COc1ccccc1[C@H](CNC(=O)CCCNc2ccc(cc2)[N+](=O)[O-])[NH+]3CCCC3
dude_jak2__L004756,Cc1csc(n1)NC(=O)NN[C@]2(CCS(=O)(=O)C2)C
dude_jak2__L004757,c1cc(oc1[C@@H]2CC(=O)NCC3=N[C@H](S[C@@H]23)N)[C@@H]4C=CN=N4
dude_jak2__L004758,C1CCC(CC1)c2nnc(n2N)SCC(=O)NC(=O)NC3CCCC3
dude_jak2__L004759,Cc1ccc(cc1)N(Cc2nnc3n2CCCCC3)C(=O)Nc4cccc(c4)OC
dude_jak2__L004760,Cc1cccc(c1)N2C(=O)[C@@H](SC2=O)CC(=O)Nc3ccc(cc3O)[N+](=O)[O-]
dude_jak2__L004761,CC[C@@H](C)NC(=O)[C@@H](C)n1c(=O)c2cc3c(n2c(n1)C)cco3
dude_jak2__L004762,Cc1c(c(n(n1)C)Cl)S(=O)(=O)NNC(=O)NC2CCCC2
dude_jak2__L004763,C[C@H](C(=O)NC(=O)NC1CCCCC1)Sc2nnnn2C(C)(C)C
dude_jak2__L004764,c1cc(cc(c1)Br)/N=C/2\NC(=O)/C(=C/c3cccs3)/S2
dude_jak2__L004765,COC(=O)c1c(ccs1)NC(=O)c2cn3ccccc3n2
dude_jak2__L004766,CC[NH+]1CCN(CC1)[C@H](c2nnnn2CCOC)[C@H]3C=c4cc(ccc4=[NH+]C3=O)OCC
dude_jak2__L004767,C[C@H]1CCCC[NH+]1CCNC(=O)C2CCC(CC2)CNS(=O)(=O)c3cccc4c3nsn4
dude_jak2__L004768,CCOC(=O)c1c2c(sc1NC(=O)CSc3nnnn3c4ccccc4)C([NH2+]C(C2)(C)C)(C)C
dude_jak2__L004769,CN(CC(=O)OCc1cc(=O)oc2c1c3ccccc3cc2)S(=O)(=O)c4ccc(cc4)Cl
dude_jak2__L004770,Cc1cc(c2=C[C@H](C(=O)[NH+]=c2c1)[C@@H]([C@@H]3NN=NN3C4CCCCC4)[NH+](Cc5cccnc5)Cc6ccco6)C
dude_jak2__L004771,Cc1c(c(ccc1OC)S(=O)(=O)N2CCN([C@@H](C2)C)S(=O)(=O)c3ccc(c(c3C)C)OC)C
dude_jak2__L004772,c1cc(ccc1[C@@H]2C[C@H](n3c(c(cn3)C(=O)N4CC[NH+]5CCC[C@@H]5C4)N2)C(F)(F)F)Br
dude_jak2__L004773,CCC1CCC2(CC1)C(=O)N(C(=O)N2)CC(=O)O[C@H](C)C(=O)c3c(c(c([nH]3)C)C(=O)C)C
dude_jak2__L004774,Cc1nc(on1)C2CC[NH+](CC2)C[C@H](c3ccc4c(c3)OCO4)O
dude_jak2__L004775,C[C@H](C(=O)Nc1cccc2c1cccn2)OC(=O)c3ccc(s3)[N+](=O)[O-]
dude_jak2__L004776,COc1cc(c(cc1OC)OC)/C=N/N2[C@@H](N=[NH+]C2=S)c3ccccc3Br
dude_jak2__L004777,CC(C)c1ccc(cc1)[C@@H]2C(=C(C(=O)N2CCO)[O-])C(=O)c3ccc(cc3)S(=O)(=O)N(C)C
dude_jak2__L004778,c1ccc2c(c1)cccc2C3=C[C@@H](N=N3)C(=O)N/N=C/c4ccccc4O
dude_jak2__L004779,Cc1ccc(cc1C)NC(=O)CN(C)S(=O)(=O)c2cc3c(cc2C)NC(=O)[C@H](O3)C
dude_jak2__L004780,Cn1c(c2c(nc(nc2n1)N3CCN(CC3)CC[NH+](C)C)c4ccc(cc4)Cl)N
dude_jak2__L004781,CCCc1cc2c(c(=O)[nH]1)[C@@H](C(=C(O2)N)C#N)c3ccc(c(c3)OC)OC
dude_jak2__L004782,CCOc1ccccc1C(=O)N2C[C@H](C3(C2)CC[NH2+]CC3)C(=O)N[C@H](C)C4=C(N=N[C@@H]4C)C
dude_jak2__L004783,CC(C)C[NH+](CC(=O)Nc1c(cc(cc1Cl)Cl)N)C2CC2
dude_jak2__L004784,Cc1c2c(cc(/c(=[NH+]/c3ccc(cc3)F)/o2)C(=O)NC4=C[C@@H]5[C@@H](C=C4)OCO5)c(cn1)CO
dude_jak2__L004785,Cc1ccc(cc1NC(=O)Cn2c(=O)n3c4ccsc4c(=O)n(c3n2)CCC(C)C)Cl
dude_jak2__L004786,CC(C)c1cc(no1)C(=O)N(C)Cc2c3c([nH]n2)CCCC3
dude_jak2__L004787,c1cc(ccc1[C@@H](/C=N/OCC(=O)NCCNc2c(cc(c[nH+]2)C(F)(F)F)Cl)C#N)Cl
dude_jak2__L004788,c1ccc(c(c1)N)S(=O)(=O)N2CCSc3c2cccc3
dude_jak2__L004789,CNC(=O)NNS(=O)(=O)c1ccc2c(c1)CCO2
dude_jak2__L004790,COC(=O)c1c2c(sc1NC(=O)NCC(=O)N3CCc4c3cccc4)CCCC2
dude_jak2__L004791,CCCSc1nc2n(n1)[C@H](C(=C(N2)C)C(=O)Nc3ccccc3)c4cccnc4
dude_jak2__L004792,c1ccc(c(c1)c2nnc(n2N)SCC(=O)Nc3ccc(cc3)Cl)O
dude_jak2__L004793,c1ccc(cc1)S(=O)(=O)Oc2ccccc2N3C(=O)[C@@H]4[C@H](C3=O)C5c6ccccc6C4c7c5cccc7
dude_jak2__L004794,c1ccc(cc1)Cc2nnc(o2)SCC(=O)N3[C@H](CC(=N3)c4ccc(cc4)Cl)c5ccco5
dude_jak2__L004795,CCOc1ccc(cc1)[C@H]2c3c(n[nH]c3C(=O)N2Cc4cccnc4)c5cc(cc(c5O)C)C
dude_jak2__L004796,Cc1cc(c(n1c2c(n(n(c2=O)c3ccccc3)C)C)C)C(=O)COC(=O)c4ccc(cc4F)Cl
dude_jak2__L004797,C[C@H]1CCN(c2ccccc2S1)C(=O)COC(=O)c3ccccc3S(=O)(=O)N4CCCCC4
dude_jak2__L004798,CCOC(=O)[C@H]1C(=c2cc(ccc2=[NH+]1)OC)NC(=O)C[NH+]3CCN(CC3)c4cccc(c4C)C
dude_jak2__L004799,CCOC(=O)c1c(c(sc1NC(=O)CSc2[nH]c(=O)c3c(n2)CCCC3)C)C
dude_jak2__L004800,COc1ccc(cc1OC)[C@H]2C(=C(NC(=O)N2)CS(=O)(=O)c3cccc(c3)Cl)C(=O)OC
dude_jak2__L004801,Cc1c(c2ccccc2[nH]1)C(=O)OCc3cc(cc4c3OCOC4)[N+](=O)[O-]
dude_jak2__L004802,c1ccc2c(c1)CCN2C(=O)COC(=O)/C=C/c3ccc(cc3)S(=O)(=O)N4CCc5c4cccc5
dude_jak2__L004803,Cc1cccc(c1)[C@@H]2c3cc(ccc3CCN2C(=O)c4ccco4)OCC(=O)N(C)Cc5ccco5
dude_jak2__L004804,C[C@@H]1Cc2c(cc(c(=O)[nH]2)C#N)[C@H](C1)C
dude_jak2__L004805,Cc1ccccc1c2csc(n2)NC(=O)CSc3nnc(n3N)C
dude_jak2__L004806,C[C@H]1CN(C[C@@H](O1)C)c2ccc(c[nH+]2)CNc3ccc(cc3[N+](=O)[O-])Cl
dude_jak2__L004807,Cc1ccc2=[NH+][C@@H]([NH+]=c2c1)SCC(=O)N3c4ccccc4NC(=O)C[C@@H]3C
dude_jak2__L004808,CC(=O)N[C@@H]1[C@H]([C@@H]2[C@@H](CO[C@@H](O2)c3ccccc3)O[C@@H]1Sc4ccccc4)OCC(=O)[O-]
dude_jak2__L004809,Cc1ccc2=[NH+][C@H]([NH+]=c2c1)SCc3nc(on3)CCC(=O)Nc4c(cc(cc4C)C)C
dude_jak2__L004810,C[C@H]1C[C@@H](CN(C1)S(=O)(=O)c2cc(cc(c2F)Cl)N)C
dude_jak2__L004811,CCS(=O)(=O)C1=NSC2=NC(=O)/C(=C\c3ccc(c(c3)OC)OCc4ccccc4C)/C(=[NH2+])N21
dude_jak2__L004812,C[C@@H](C(=O)Nc1c2c(nc[nH]2)ncn1)OC(=O)c3ccc(cc3)C4SCCCS4
dude_jak2__L004813,CCC[NH+](CC(=O)Nc1ccc(c(c1)Cl)OC(F)F)CC(=O)Nc2ccccc2OC
dude_jak2__L004814,C[C@H](C(=O)N1CCN(CC1)CC=C)Oc2ccc3c(c2)[C@@H](N(CC3)C(=O)c4cccs4)c5ccccc5
dude_jak2__L004815,CC(=O)NCC(=O)NCC(=O)Nc1nc2c(s1)C(=O)CC(C2)(C)C
dude_jak2__L004816,c1ccc(cc1)CN(CC(=O)N2CCN(CC2)c3ccc(nn3)c4ccccc4Cl)C(=O)c5ccco5
dude_jak2__L004817,CCn1cc(cn1)[C@]2(CCC[C@@H](C2)C)O
dude_jak2__L004818,Cc1ccc(cc1)Cn2c(ccn2)NC(=O)c3cc(ccc3[N+](=O)[O-])SC
dude_jak2__L004819,c1ccc2c(c1)c(c[nH]2)/C=N/NC(=O)c3cccs3
dude_jak2__L004820,Cc1cc(c(n1c2ccc(cc2OC)[N+](=O)[O-])C)/C=N/NCc3c(cccc3Cl)Cl
dude_jak2__L004821,Cc1c(noc1NS(=O)(=O)c2ccc(cc2)NC(=O)/C=C/c3ccccc3Cl)C
dude_jak2__L004822,CCOC(=O)Nc1ccc2c(cc(=O)oc2c1)COC(=O)c3cc4c(s3)CC[C@@H](C4)C
dude_jak2__L004823,Cc1ccc(c(c1)C)n2c(nnc2SCC(=O)NC(=O)NC)Cc3ccccc3
dude_jak2__L004824,Cc1c(c(n(n1)C)C)S(=O)(=O)[N-]c2ncc(s2)C#CC[NH3+]
dude_jak2__L004825,Cc1cccc(c1)COc2ccc(cc2)[C@@H]3CC(=O)NC4=NC(=NC(=O)[C@@H]34)N
dude_jak2__L004826,C[C@H](C(=O)N1CCCCC1)NC(=O)C2=NNC(=O)CC2
dude_jak2__L004827,Cc1ccc2c(c1)C(=NNC(=N2)c3ccc(cc3)Br)c4cccs4
dude_jak2__L004828,Cc1cc(nc(n1)SCC(=O)Nc2cc(ccc2[N+](=O)[O-])Cl)N
dude_jak2__L004829,CCOc1ccc2=[NH+][C@@H](C(=c2c1)NC(=O)C[NH+]3C[C@@H](C[C@@H](C3)C)C)C(=O)OCC
dude_jak2__L004830,Cc1ccc(cc1C)n2c(=O)n(c(=O)c(n2)C(=O)N(C)Cc3ccccc3)Cc4ccc(cc4)C(F)(F)F
dude_jak2__L004831,c1ccc(cc1)N[C@@H]2[C@@H](C(=C(S2)C(=O)c3ccc(cc3)[N+](=O)[O-])N)C4[NH+]=c5ccccc5=[NH+]4
dude_jak2__L004832,CC(=O)[C@H]1[C@@H]([C@@]2(c3ccccc3NC2=O)[C@H]4N1c5ccc(cc5C=C4)Cl)C(=O)c6cccc(c6)[N+](=O)[O-]
dude_jak2__L004833,CCSc1nnc(s1)N2[C@@H](C(=C(C2=O)[O-])C(=O)c3ccc(o3)C)c4cccc(c4)O
dude_jak2__L004834,Cc1c(c([nH]c1C(=O)C[NH+]2CCN(CC2)C(=O)c3ccco3)C)C(=O)C
dude_jak2__L004835,C[C@H](Nc4nc(n1cnc2ccncc12)nc5n(C)c(C(=O)N3CCN(C)CC3)cc45)C(C)(C)O
dude_jak2__L004836,Cc1cc[n+](c(c1C(=O)N2CCC(CC2)(C)[NH+]3CCC(CC3)/C(=N\OC)/c4ccc(cc4)C(F)(F)F)C)[O-]
dude_jak2__L004837,C[C@@H]1CC=C2[C@@H](C1)[C@@H](C(C(=C2C#N)N)(C#N)C#N)[C@@H]3CCCC=C3
dude_jak2__L004838,CCc1nnc(s1)N/C=C\2/C(=C(C(=O)N(C2=O)C)C#N)C
dude_jak2__L004839,Cc1cc(ccc1NC(=O)CSc2nnc(n2CC(=O)[O-])c3ccc(cc3)OC)Br
dude_jak2__L004840,CCCc1[nH]c(=O)c2c(n1)CCCC2
dude_jak2__L004841,Cc1c(c(n(n1)C)NC2CCN(CC2)S(=O)(=O)C)N
dude_jak2__L004842,c1ccc2=[NH+]CC(=c2c1)C(=O)CS[C@H]3NN=NN3C4CCCC4
dude_jak2__L004843,C[C@H](C(=O)N1CCNC1=O)OC(=O)c2ccc(cc2)O
dude_jak2__L004844,Cc1c(n/c(=N/C(=N\C(=O)c2ccccc2)/Nc3ccccc3)/[nH]c1[O-])C
dude_jak2__L004845,c1ccc(cc1)[C@H]2OC[C@H]3[C@H](O2)[C@@H]([C@H]([C@@H](O3)O)OC(=O)c4ccccc4)O
dude_jak2__L004846,Cc1ccc(c(c1)NC(=O)[C@H](C)Sc2nnc(n2CC(=O)[O-])c3cccs3)OC
dude_jak2__L004847,CC(C)(C)C1=[NH+][C@@H](C(=[NH2+])N1C)C2CCOCC2
dude_jak2__L004848,c1c(cnc(c1[N+](=O)[O-])N[C@H]2C[NH+]3CCC2CC3)Br
dude_jak2__L004849,C[C@H]1CCC[NH+](C1)C[C@@H](C)NC(=O)CNC(=O)c2ccc(cc2Cl)Cl
dude_jak2__L004850,C[C@H](c1ccc(c(c1)Cl)Cl)[NH2+][C@H](C)C(=O)c2c(n(c(=O)n(c2=O)C)C)N
dude_jak2__L004851,CC(=O)N1[C@@H](CC(=N1)[C@H]2C(=c3cc(ccc3=[NH+]C2=O)Br)c4ccccc4)c5ccc(cc5)F
dude_jak2__L004852,COCCn\1c2c(ccc(c2s/c1=N\C(=O)C3CCN(CC3)S(=O)(=O)c4cccs4)OC)OC
dude_jak2__L004853,c1cc(cc(c1)S(=O)(=O)/N=C/2\CCCCCN2)NS(=O)(=O)c3ccc(cc3)Cl
dude_jak2__L004854,c1cc(cc(c1)F)OCCNC(=O)[C@H]2CN(CC23CC[NH2+]CC3)C(=O)c4ccc(cc4)C(F)(F)F
dude_jak2__L004855,CC(=O)c1cccc(c1)NC(=O)[C@@H](CCSC)N2C(=O)[C@H]3[C@H](C2=O)C4c5ccccc5C3c6c4cccc6
dude_jak2__L004856,COc1ccc(cc1)S(=O)(=O)NC2CCN(CC2)C(=O)[C@H]3C=c4ccccc4=[NH+]3
dude_jak2__L004857,Cc1ccc2c(c1)[C@@H](CC(O2)(C)C)NC(=O)CN(c3cccc(c3)[N+](=O)[O-])S(=O)(=O)c4ccccc4
dude_jak2__L004858,CC(C)(C)NC(=O)c1cccc2c1N[C@H]([C@H]3[C@@H]2C=CC3)c4ccc5ccccc5c4
dude_jak2__L004859,CC[C@@]1(C(=O)N(C(=O)N1)NC(=O)C[NH+](C)Cc2ccccc2N3CCCCC3)C
dude_jak2__L004860,Cc1cc2c(cc1S(=O)(=O)N3CCC(CC3)C(=O)N4CCCC[C@@H]4C)OCC(=O)N2
dude_jak2__L004861,C/C(=N\NC(=O)Cc1ccc(cc1)[N+](=O)[O-])/c2ccncc2
dude_jak2__L004862,CCOC(=O)CCC(=O)N1CCCN(CC1)C(=O)[C@@H](C)[NH+]2CCc3c(ccs3)[C@@H]2c4ccccc4C
dude_jak2__L004863,C[C@H](Nc4cc(c1cnn(C)c1)nc(n2cnc3ccncc23)n4)c5ccccc5
dude_jak2__L004864,CCCC(=O)OC[C@@H](C[NH+](Cc1ccco1)Cc2[nH]c(=O)c3c4c(sc3n2)C[C@@H](CC4)C)O
dude_jak2__L004865,CS[C@@H]1CCC[C@]2(C1)CCC[C@@H](N2S(=O)(=O)c3ccccc3)S(=O)(=O)Oc4ccccc4
dude_jak2__L004866,c1csc2n1c(c(n2)Cl)/C=C/C(=O)OCC(=O)NC(=O)NC34CC5CC(C3)CC(C5)C4
dude_jak2__L004867,C[C@H](c1ccc2c(c1)[nH]c(=O)[nH]2)NC(=O)c3csc4c3CCCC4
dude_jak2__L004868,Cc1c(cccc1[N+](=O)[O-])NC(=O)[C@@H](C)Sc2c(c(c3c(n2)CCC3)C)C#N
dude_jak2__L004869,CC(C)Cc1c2c(c3c4c(c(ncn4)NN)oc3n1)CC(OC2)(C)C
dude_jak2__L004870,C[NH+]1[C@@H]2CC[NH+]([C@@H]2C(=O)NC[C@@H]1CCC(=O)NCc3cccs3)Cc4csnn4
dude_jak2__L004871,CCOC(=O)N1CCC(CC1)NC(=O)C[C@H]2C(=O)NCC[NH+]2Cc3cccs3
dude_jak2__L004872,C[C@@H](C(=O)[O-])O[C@H]1[C@@H]([C@@H](O[C@@H]2[C@@H]1O[C@@H](OC2)c3ccco3)Sc4ccc(cc4)Cl)NC(=O)C
dude_jak2__L004873,CCOc1ccccc1C(=O)Nc2c3c(n(n2)C)NC(=O)C[C@H]3C
dude_jak2__L004874,COc1cccc(c1)[C@@H](c2cc3c(cc2Br)[nH]c(=O)[nH]3)O
dude_jak2__L004875,C[C@@H](c1cc2cc(ccc2o1)Cl)NC(=O)CC[C@]3(C(=O)NC(=O)N3)C
dude_jak2__L004876,Cc1nc(on1)c2cc[nH+]c(c2)N3CCc4c(c([nH]n4)CC5CCCC5)C3
dude_jak2__L004877,c1cocc1C(=O)NNC(=O)c2cc3c(s2)CCCCC3
dude_jak2__L004878,COc5ccc(c4cc(N[C@@H](C)c1ccccc1)nc(n2cnc3ccncc23)n4)cc5OC
dude_jak2__L004879,C[NH2+][C@@H](c1cccc(c1)I)c2ccc3c(c2)[nH]c(=O)[nH]3
dude_jak2__L004880,C[C@@H]1C(=O)Nc2cc(ccc2O1)NC(=O)CCNC(=O)NCc3ccccc3
dude_jak2__L004881,Cc1ccc(cc1N2CCN(CC2)[C@@H](c3cc4cc(cc(c4[nH]c3=O)C)C)c5nnnn5CCOC)Cl
dude_jak2__L004882,Cc1ccc2[nH+]c(cc(=O)n2c1)CN3Cc4c(ccc(c4[C@@H](C3)O)OC)OC
dude_jak2__L004883,C/C=C/[C@@H](C(=O)NC(C)(C)C)N(c1cccc(c1)Cl)C(=O)c2ccc(cc2)[N+](=O)[O-]
dude_jak2__L004884,CCc1ccc(cc1)CCNC(=O)[C@@H]2CN(CC23CC[NH2+]CC3)C(=O)c4csc(c4OC)Cl
dude_jak2__L004885,c1ccc2cc(ccc2c1)S(=O)(=O)N3CC[NH+](CC3)CC(=O)Nc4c(c5c(s4)CCC5)C#N
dude_jak2__L004886,Nc2nc(Nc1ccc(S(N)(=O)=O)cc1)nn2C(=O)c3c(F)cccc3F
dude_jak2__L004887,C[C@@H](C(=O)c1ccc2c(c1)CCN2C(=O)C)Sc3nnc(o3)c4c[nH]c5c4cccc5
dude_jak2__L004888,C1CCC(C1)n2c(nnn2)S[C@H]3CS(=O)(=O)C[C@@H]3O
dude_jak2__L004889,C[C@H]1Cc2ccccc2N1C(=O)[C@H](C)Sc3nnc(n3N)c4ccc(cc4)OC(F)F
dude_jak2__L004890,Cc1ccc(c2=[NH+]C(=O)[C@@H](C=c12)[C@@H]([C@@H]3NN=NN3C4CCCCC4)[NH+](Cc5ccco5)Cc6cccs6)C
dude_jak2__L004891,c1ccc2c(c1)cccc2/N=C/c3cccc(c3)O
dude_jak2__L004892,CN(C)C(=O)c5ccc(Nc4nc3cccc(c2cc(F)c(CN1CCOCC1)c(F)c2)c3o4)cc5C
dude_jak2__L004893,c1ccc2c(c1)c(=O)n(c(n2)SCC(=O)NC(=O)N)C3CCCCC3
dude_jak2__L004894,c1ccc2c(c1)c3c([nH]2)nc(nn3)SCC(=O)Nc4nccs4
dude_jak2__L004895,Cc1ccc(c(c1)[N+](=O)[O-])NC(=O)C(=O)NC[C@@H](c2ccc(cc2)N(C)C)[NH+]3CCCC3
dude_jak2__L004896,Cc1ccccc1/N=C\2/C(=C/c3ccc(cc3)C(C)(C)C)/SC(=O)N2
dude_jak2__L004897,CCC[C@@H]1[C@H]2CN(CC=C2C(=C(C1(C#N)C#N)N)C#N)CC
dude_jak2__L004898,C[C@@H](c1ccc2c(c1)OCO2)NC(=O)Cn3cnc4c(c3=O)c(cs4)c5ccccc5
dude_jak2__L004899,Cc1ccc(cc1)CO[C@@H](C[NH+]2CCN(CC2)S(=O)(=O)c3cccc(c3)C#N)c4cccc(c4)OC
dude_jak2__L004900,Cc1ccc2nc(cc(=O)n2c1)CSc3ccncc3N
dude_jak2__L004901,C[C@H](C(=O)N)OC(=O)c1ccc(cc1)NS(=O)(=O)c2ccc3=[NH+]C(=O)[NH+]=c3c2
dude_jak2__L004902,c1ccc(cc1)/C=C/c2nnc3n2nc(s3)[C@@H]4CCC[NH2+]C4
dude_jak2__L004903,CCOC(=O)C1=C([C@@H]([C@@H](S1)NC(=O)CSC2=N[C@@H]3C(=c4ccccc4=[NH+]3)N=N2)C#N)C
dude_jak2__L004904,CCOC(=O)c1ccc(cc1)Oc2coc3c(c2=O)ccc(c3C[NH+]4CCC=CC4)O
dude_jak2__L004905,CCOC(=O)N1CCN(CC1)CC(=O)NC2=c3cc(ccc3=[NH+][C@@H]2C(=O)OC)Br
dude_jak2__L004906,Cc1ccc(cc1[N+](=O)[O-])NC(=O)[C@H]2CC(=O)Nc3c2cccc3
dude_jak2__L004907,Cc1c2c(nc(n1)CNC(=O)C[C@H]3C(=O)NCC[NH+]3CCc4ccccc4)CCCC2
dude_jak2__L004908,c1ccc(cc1)CN[C@H]2C[C@H]3C(=O)NC[C@H]([NH+]3C2)CCC(=O)Nc4ccccc4
dude_jak2__L004909,Cc1ccc(cc1)[C@H]2C(=C(N(C3=C2C(=O)CC(C3)(C)C)c4[nH]ncn4)N)C#N
dude_jak2__L004910,Cc1c(ccc2c1oc(=O)cc2CSc3nnc(n3C4CCCCC4)c5ccco5)O
dude_jak2__L004911,CCOC(=O)c1c2c(sc1NC(=O)NS(=O)(=O)c3ccc(cc3)C)CCCC2
dude_jak2__L004912,CCOC(=O)c1cccc(c1)N[C@H]2/C(=N/S(=O)(=O)c3ccc(cc3)C)/[NH+]=c4ccccc4=[NH+]2
dude_jak2__L004913,c1ccc(cc1)C(=O)C2=C(C(=O)N([C@H]2c3ccc(cc3)Cl)CC[NH2+]CCO)O
dude_jak2__L004914,CC(C)Cc1nc(cs1)C(=O)Nc2ccc(cc2)n3c(c(cn3)C#N)N
dude_jak2__L004915,Cc1cccc(c1)N2CCN(C[C@@H]2C)C(=O)c3ccc4=[NH+][C@@H](C(=O)[NH+]=c4c3)c5ccccc5NC(=O)C
dude_jak2__L004916,Cn1c2c(c(=O)n(c1=O)C)n(c(n2)N3CCN(CC3)C(=O)/C=C/c4ccccc4)Cc5ccc(cc5)Cl
dude_jak2__L004917,Cc1c(cc(s1)[C@H]2C=C(N=N2)C)S(=O)(=O)N3CCN(CC3)CCOc4ccc(cc4)Cl
dude_jak2__L004918,Cc1cc([nH+]c2c1c(c(s2)C(=O)OCc3csc(n3)N(c4ccccc4OC)C(=O)C)N)C
dude_jak2__L004919,CCCN1[C@H](c2c(=O)c3cc(cc(c3oc2C1=O)C)C)c4ccc(cc4)OCC(=O)N
dude_jak2__L004920,c1ccc2c(c1)CCN(C2)S(=O)(=O)c3cc(ccc3Cl)C(=O)OCC4=NC(=O)[C@H]5C(=N4)C=CS5
dude_jak2__L004921,CCc1ccc(cc1)C[NH+]2C[C@H](C[C@H]2C(=O)OC)NC(=O)[C@@H]3Cc4ccccc4C[NH+]3C
dude_jak2__L004922,c1cc(ccc1NCCNS(=O)(=O)c2ccc(c(c2)C(=O)[O-])Br)[N+](=O)[O-]
dude_jak2__L004923,C[C@@H](C(=O)Nc1ccc(c(c1)Cl)C#N)Sc2nnc(n2[C@H](C(C)C)C(=O)[O-])c3cccs3
dude_jak2__L004924,Cc1nc(on1)[C@H](C)NC(=O)N(C)C2CC[NH+](CC2)C3CCC(CC3)C
dude_jak2__L004925,c1cc2cccc3c2c(c1)C(=O)N(C3=O)c4ccc(cc4)C(=O)OCc5cc(=O)n6ccsc6n5
dude_jak2__L004926,Cc1c(sc(c1C(=O)OCc2cc(=O)n3c4ccccc4sc3n2)NC(=O)C)C
dude_jak2__L004927,CC(C)(C)NC(=O)NC[C@@H]1CN(C(=O)O1)c2ccc3c(c2)OCO3
dude_jak2__L004928,CN(C)c1ccc(cc1)c2c3c(=O)[nH]c(nc3nc4c2C(=O)CCC4)N
dude_jak2__L004929,c1ccc(c(c1)/C=N/NC(=[NH2+])S[C@H]2CC(=O)N(C2=O)c3cccc(c3)[N+](=O)[O-])F
dude_jak2__L004930,COC(=O)CCn\1c2c(cccc2s/c1=N\C(=O)c3ccc(cc3)S(=O)(=O)N4CCCC4)F
dude_jak2__L004931,CC(C)CN1c2ccccc2/C(=N/OCC(=O)Nc3cccc(c3)NC(=O)C)/C1=O
dude_jak2__L004932,CN(CC(=O)N)C(=O)C(=O)Nc1c(c2c(s1)CCCC2)C#N
dude_jak2__L004933,CCc1ccc(cc1)[C@@H]2CN3C(=O)CN(C(=O)[C@@]3([C@@H]4C2=c5ccccc5=[NH+]4)C)Cc6cccc(c6)Cl
dude_jak2__L004934,Cc1cccn2c1[nH+]c3c(c2=O)C[C@]4([C@@H]5N3CCCCC5)C(=O)NC(=O)N(C4=O)CCc6ccccc6
dude_jak2__L004935,C[C@@H](c1cccc2c1cccc2)NC(=O)CN3CCN(CC3)Cc4cc(=O)n5ccccc5[nH+]4
dude_jak2__L004936,Cn1cc([nH+]c1)S(=O)(=O)[N-]c2nc3c(s2)C(=O)CCC3
dude_jak2__L004937,c1ccc2c(c1)CCN(C2)C(=O)COC(=O)C3CCN(CC3)S(=O)(=O)c4cc(ccc4Cl)[N+](=O)[O-]
dude_jak2__L004938,CCn1c(c(c(c(c1=O)C#N)C)/C=C\2/C(=O)N(C(=S)S2)CCC(C)C)N3C[C@@H](O[C@H](C3)C)C
dude_jak2__L004939,c1ccc(cc1)C/C(=N\OCc2cc(cc3c2OCOC3)[N+](=O)[O-])/N
dude_jak2__L004940,Cc1ccc(cc1C)N([C@@H](c2cn(nc2C)C)C(=O)NC3CCCCC3)C(=O)[C@H]4COc5ccccc5O4
dude_jak2__L004941,CC1=C2[C@@H](CC(=O)N[C@@H]2N(N1)c3ccc(nn3)[O-])c4cccc(c4OCC(C)C)OC
dude_jak2__L004942,CCOC(=O)c1cccc(c1)NC(=O)CC[C@H]2C(=O)N(C(=O)N2)CCC3=c4cc(ccc4=[NH+]C3)Cl
dude_jak2__L004943,CC(C)CN1[C@H]([C@@H](C(=O)N(C1=O)CC(C)C)[C@@H]2[C@@H]3C(=c4ccccc4=[NH+]3)CCN2)O
dude_jak2__L004944,C[C@H]1C=C([C@@H](N1c2cc(ccc2OC)[N+](=O)[O-])C)/C=C(/C#N)\[C@@H]3[NH+]=c4ccc(cc4=[NH+]3)OC
dude_jak2__L004945,c1cc[nH+]c(c1)N2CCN(CC2)c3ccc(nn3)OCC(=O)N4CCC(CC4)[C@@H](c5cccs5)O
dude_jak2__L004946,C[NH+](Cc1ccc(s1)[C@H]2CCCCO2)CC3CC[NH+](CC3)CCc4ccc(cc4)OC
dude_jak2__L004947,Cc1c(c(n(n1)C)Cl)/C=C/C(=O)NCc2nc[nH]n2
dude_jak2__L004948,CC[C@]1([C@@H]2[C@@H]([C@H]([NH2+]1)c3ccc(c(c3)OC)OC)C(=O)N(C2=O)c4cccc(c4)C(=O)C)C(=O)OCC
dude_jak2__L004949,CCOc1ccc(cc1/C=N/NC(=O)[C@H](C)n2cnc3c(c2=O)c4c(s3)C[C@@H](CC4)C)Br
dude_jak2__L004950,C[C@@H](C(=O)NC(=O)NC1CC1)[NH+]2CCC(=CC2)c3c[nH]c4c3ccc(c4)F
dude_jak2__L004951,C[C@]1(CCN(C1)C(=O)[C@@H]2C[C@@H]3CCCC[C@@H]3[NH2+]2)C(=O)[O-]
dude_jak2__L004952,Cc1ccc(cc1)Cn2c(=O)c3ccccc3nc2S[C@H](C)C(=O)c4c(n(c(=O)n(c4=O)C)C)N
dude_jak2__L004953,Cc1ccc(c(c1)[C@H]2[C@H]3[C@@H](C(=O)N(C3=O)c4ccccc4C)[C@@]([NH2+]2)(Cc5ccc(cc5)O)C(=O)[O-])C
dude_jak2__L004954,COC(=O)CC[C@@H](C(=O)OC)NC(=O)N1CCc2c([nH+]c[nH]2)[C@H]1c3cc(ccc3F)Cl
dude_jak2__L004955,CC[C@@H](C(=O)Nc1cccc(c1C)C)n2c(=O)c(cc(n2)c3ccccc3)NC(=O)C
dude_jak2__L004956,CC(=O)c1cccc(c1)N[C@@H]2/C(=N/S(=O)(=O)c3cccc(c3)Cl)/N=c4ccccc4=[NH+]2
dude_jak2__L004957,c1cc(c(cc1c2c(noc2N)[C@H]3CCCOC3)Cl)Cl
dude_jak2__L004958,c1cc(cc(c1)OCC2CCCCC2)/C=C(/C#N)\c3nc(nc(n3)N)N
dude_jak2__L004959,Cc1cc(n(n1)c2nnc(n2N)S[C@@H](C)C(=O)N3CCCC3)C
dude_jak2__L004960,Cc1cc(c2c(c1)oc3c(c2=O)[C@H](N(C3=O)c4nnc(s4)C)c5ccc(c(c5)OC)OCC=C)C
dude_jak2__L004961,C[C@H](C(=O)N1CCN(CC1)CC(=O)NC(C)C)NC(=O)OC(C)(C)C
dude_jak2__L004962,Cc1ccc(cc1)n2c(cc(n2)C)NC(=O)C[NH+](C)Cc3ccc4c(c3)OCCO4
dude_jak2__L004963,C[C@H]1CCc2c(sc3c2c(=O)[nH]c(n3)SCC(=O)N4[C@@H](CCC[C@@H]4C)C)C1
dude_jak2__L004964,c1ccc(c(c1)/N=C\2/NC(=O)/C(=C/c3ccc(cc3)C(F)(F)F)/S2)Cl
dude_jak2__L004965,C[C@@H]1[C@@H](c2c(=O)[nH]c(nc2O1)CSc3nnc(n3c4ccccc4)c5ccccc5)C(=O)[O-]
dude_jak2__L004966,Cc1ccc(c(c1)NC(=O)c2cc(c(c(c2)S(=O)(=O)N)C)C)C
dude_jak2__L004967,C[C@@H]1C[C@]2(CC(C1)(C)C)C(=O)N(C(=O)N2)CC(=O)OCC(=O)Nc3cc(ccc3F)F
dude_jak2__L004968,CCOc1cccc(c1OCC)[C@@H]2C(=C(O[C@H]3C2=C(N=N3)C)N)C#N
dude_jak2__L004969,CCOC(=O)C1=C(NC(=O)N[C@H]1c2ccc(o2)C)CN3C(=O)/C(=C/c4cccs4)/SC3=O
dude_jak2__L004970,CCOc1ccc2c(c1)cc(c(=O)[nH]2)[C@H](c3nnnn3C4CCCC4)N5CC[NH+](CC5)C6CCCCC6
dude_jak2__L004971,COc1c(cc2c(c1OC)OCO2)[C@@H]3CC(=O)Nc4c3c[nH]n4
dude_jak2__L004972,Cc1cc(cc(c1O[C@H](C)C(=O)NNC(=O)c2ccc(cc2)S(=O)(=O)N(C)C)C)Cl
dude_jak2__L004973,Cc1cc(c(c2c1C(=O)/C(=C/c3cc(c(c(c3)OC)OC)OC)/O2)C[NH+]4CCCC[C@H]4C)O
dude_jak2__L004974,Cc1ccc(cc1)c2nnc(n2CC(=O)[O-])SCC(=O)NC(=O)N[C@H]3CCCC[C@H]3C
dude_jak2__L004975,Cc1ccc(c(c1)C)NC(=S)N(CCO)Cc2cc3cc4c(cc3[nH]c2=O)OCO4
dude_jak2__L004976,c1ccc2c(c1)OC[C@@H](O2)CNC(=O)NCc3nnc4n3CCC4
dude_jak2__L004977,COC(=O)[C@@H]1C(=c2ccccc2=[NH+]1)NC(=O)/C=C/c3ccc4c(c3)OCO4
dude_jak2__L004978,c1cc(c(cc1C=O)Cl)OCC(=O)Nc2cc(ccc2Cl)[N+](=O)[O-]
dude_jak2__L004979,COc1ccccc1N2C(=O)C[C@H](C2=O)[NH+]3CCC(CC3)(C4CCCCC4)C(=O)N
dude_jak2__L004980,Cc1c2c([nH]n1)NC(=O)CS[C@@H]2c3cccc4c3cccc4
dude_jak2__L004981,c1cc(ccc1c2ccc(o2)CNS(=O)(=O)c3ccc4=[NH+]C(=O)C(=O)[NH+]=c4c3)Br
dude_jak2__L004982,CCNC(=O)N1CCC2(CC1)C(=O)N(CN2c3ccccc3)CC(=O)NCc4ccc(cc4)F
dude_jak2__L004983,c1ccc(cc1)Oc2ccc(cc2)N\3[C@@H]4CS(=O)(=O)C[C@H]4S/C3=N\C(=O)Cc5ccccc5Cl
dude_jak2__L004984,CC(C)(CNC(=O)NC1CCC(CC1)C(=O)NC)[NH+]2CCc3ccccc3C2
dude_jak2__L004985,[H]/N=C\1/C(=C\c2ccc3c(c2)OCO3)/C(=O)N=C4N1N=C(S4)CC
dude_jak2__L004986,C[C@H](C(=O)c1c(n(c(=O)n(c1=O)C)C)N)Nc2ccc3c(c2)CCC3
dude_jak2__L004987,Cc1ccc(c(c1)S(=O)(=O)/N=C\2/[C@@H]([NH+]=c3ccccc3=N2)Nc4cc(c(cc4OC)OC)Cl)C
dude_jak2__L004988,Cc1c(=O)c2cccc(c2oc1c3ccccc3)C(=O)N[C@H](C)c4nnc5n4cccc5
dude_jak2__L004989,Cc1ccc(c(c1)C)/N=C/c2cccc(c2)O
dude_jak2__L004990,c1cc(cc(c1)O)CNC(=O)Nc2cc(ccc2OC(F)F)[N+](=O)[O-]
dude_jak2__L004991,CCCOc1ccc(cc1OCC)[C@@H]2CN3C(=O)CN(C(=O)[C@@]3([C@H]4C2=c5ccccc5=[NH+]4)C)Cc6ccco6
dude_jak2__L004992,c1ccc(cc1)Cn2cc(cn2)CNC(=O)[C@@H]3CN(CC34CC[NH2+]CC4)C(=O)[C@@H]5COc6ccccc6O5
dude_jak2__L004993,CCN1c2ccccc2[C@]3(C1=O)c4c(=O)c5cc(c(cc5oc4C(=O)N3c6nnc(s6)CC(C)C)C)C
dude_jak2__L004994,Cc1ccc2c(=O)c3c(oc2c1C)C(=O)N([C@@H]3c4ccc(cc4)OCC(=O)N)C[C@@H]5CCCO5
dude_jak2__L004995,CC(C)C[C@H]1[C@H]2[C@H](C(=O)N(C2=O)CCCOC)[C@]3([NH2+]1)c4cc(ccc4NC3=O)Cl
dude_jak2__L004996,C/C=C\[C@@H](C(=O)NC(C)(C)C)N(c1cccc(c1)Cl)C(=O)c2cccc(c2)[N+](=O)[O-]
dude_jak2__L004997,CC1CC[NH+](CC1)[C@H](C)C(=O)Nc2c(cc(cc2Cl)Cl)N
dude_jak2__L004998,Cc1ccc(cc1)c2nnc(n2N)SCc3csc(n3)NC(=O)C
dude_jak2__L004999,Cc1ccsc1CNC(=O)N[C@@H](CO)[C@@H](c2ccc(cc2)[N+](=O)[O-])O
dude_jak2__L005000,Cc1ccc(cc1)C(=O)c2c(c3ccccc3o2)NC(=O)[C@]4(C(=O)Nc5ccccc5O4)C
dude_jak2__L005001,C[C@@H]1C[C@@H](C[NH+](C1)C(C)(C)CNC(=O)[C@@H](CCSC)NC(=O)c2cccc(c2)[N+](=O)[O-])C
dude_jak2__L005002,C[C@@H]1CCCC[C@]12C(=O)N(C(=O)N2)CC(=O)OCC(=O)Nc3c(cc(cn3)C(F)(F)F)Cl
dude_jak2__L005003,Cc1cc(on1)NC(=O)[C@@H](C)Sc2nc3c(c4c(s3)C[C@@H](CC4)C)c(=O)n2Cc5ccco5
dude_jak2__L005004,Cc1cc2c(c(c1C)C[C@@H](C)[NH3+])NC(=O)C2(C)C
dude_jak2__L005005,c1ccc2c(c1)c(=O)n(nn2)CCC(=O)NNC(=O)c3cc4c(s3)CCCCCC4
dude_jak2__L005006,C[C@H](Nc2nc(Nc1cc(C)[nH]n1)cnc2C#N)c3ncc(F)cn3
dude_jak2__L005007,Cc1cc(nc(c1C#N)SCc2nnc(n2N)CSc3c(c(cc(n3)C)C)C#N)C
dude_jak2__L005008,Cc1ccc(c2c1sc(n2)N(CCC[NH+](C)C)C(=O)CS(=O)(=O)c3ccc(cc3)Cl)OC
dude_jak2__L005009,c1ccc(c(c1)NC(=O)[C@H]2CC(=O)N(/C(=N/c3ccc(cc3)F)/S2)CCc4ccc5c(c4)OCO5)F
dude_jak2__L005010,Cc1nc(cs1)CNc2ccc(cc2[N+](=O)[O-])S(=O)(=O)C(F)(F)F
dude_jak2__L005011,CC(C)(C)NC(=O)c1cccc2c1N[C@@H]([C@H]3[C@H]2C=CC3)c4cccs4
dude_jak2__L005012,C[C@H]1CCCC[C@@H]1n2cc(c(=O)c3c2cccc3N)C(=O)NC
dude_jak2__L005013,CC1=CC(=C)NC(=O)[C@@H]1CNC(=O)[C@H](CCSC)NS(=O)(=O)c2ccccc2F
dude_jak2__L005014,CC1=C2[C@@H](CC(=O)N[C@H]2N(N1)c3ccc(nn3)[O-])c4ccc(c(c4)OC)OC(C)C
dude_jak2__L005015,c1cc(ccc1[C@@H]2CC(=O)NC3=NN=C[C@@H]23)OCC(=O)N
dude_jak2__L005016,c1cc(ccc1NC(=O)N[C@H]2CS(=O)(=O)C[C@H]2Cl)[N+](=O)[O-]
dude_jak2__L005017,CC1=C2[C@@H](CC(=O)N[C@H]2N(N1)C3=NC=NC4=NC=N[C@@H]43)c5ccccc5
dude_jak2__L005018,CC(=O)Nc1nc(cs1)C(=O)N[C@@H]2CCCCNC2=O
dude_jak2__L005019,COc1ccc(c2c1N[C@H]([C@H]3[C@@H]2C=CC3)c4ccc(c(c4)OC)O)[N+](=O)[O-]
dude_jak2__L005020,C=CCn1c(=O)c2ccccc2n3c1nnc3SCc4nnc(o4)c5ccccc5Br
dude_jak2__L005021,c1ccc(cc1)/C=C/C=C/2\C(=O)N(C(=N2)c3ccccc3)c4ccc(cc4O)[N+](=O)[O-]
dude_jak2__L005022,c1ccc(c(c1)N2CC[NH+](CC2)CC(=O)N3CCc4c3ccc(c4)S(=O)(=O)N)Cl
dude_jak2__L005023,Cc1cccc2c1[nH]c(=O)c(c2)C[NH+](Cc3ccc4c(c3)OCO4)Cc5nnnn5C(C)(C)C
dude_jak2__L005024,Cc1cc(ccc1F)N2C(=O)c3ccc(cc3C2=O)N
dude_jak2__L005025,Cc1c(c(nn1C(=O)OC(C)(C)C)c2ccsc2)N
dude_jak2__L005026,C/C(=N/NC(=O)CNc1ccc(cc1)I)/c2ccc(cc2)[N+](=O)[O-]
dude_jak2__L005027,C[C@H](CCc1ccc(cc1)O)NC(=O)NNc2c(c(c(c(c2F)F)F)F)F
dude_jak2__L005028,C[C@@]1(C(=O)N(C(=O)N1)CC(=O)NC2(CCCCC2)C#N)C3CC3
dude_jak2__L005029,Cc1cc(ccc1N2C(=O)[C@H]3[C@@H]4C[C@H]([C@@H]3C2=O)C=C4)OC(=O)[C@@H]5CC(=O)N(C5)c6ccc(cc6)Cl
dude_jak2__L005030,Cc1cc(c(c(c1)C)CNc2nc3c(n2C)c(=O)[nH]c(=O)n3C)C
dude_jak2__L005031,Cc1cc(n(n1)C)C(=O)Nc2ncc(s2)Cc3ccc(cc3Cl)Cl
dude_jak2__L005032,CC(C)S(=O)(=O)c1ccc(c(c1)c2ccccc2O)N3CC[NH2+][C@H](C3)S(=O)(=O)Oc4ccccc4
dude_jak2__L005033,c1ccc2c(c1)CCN(C2)c3ccc(cc3/C(=N\O)/N)Cl
dude_jak2__L005034,c1cc(ccc1[N+](=O)[O-])OCC(=O)Nc2c(c3c(s2)CCCCC3)C#N
dude_jak2__L005035,C[C@H]1CCCN([C@@H]1C)c2ccccc2/C(=N/O)/N
dude_jak2__L005036,Cc1ccc(cc1)C2=NN([C@H](C2)c3ccco3)C(=O)CN4C(=O)[C@H](NC4=O)CC5=c6ccccc6=[NH+]C5
dude_jak2__L005037,Cc1c(cccc1Cl)CNC(=O)[C@H]2CN(CC23CC[NH2+]CC3)C(=O)c4c(cccc4Cl)Cl
dude_jak2__L005038,CC(C)Cc1nnc(s1)N2C(=O)c3c(c(=O)c4cc(ccc4o3)F)[C@@]25c6ccccc6N(C5=O)CC=C
dude_jak2__L005039,C[C@H]1C[C@@H](CC2(C1)CNC(=O)O2)C
dude_jak2__L005040,Cc1c/c(=N/S(=O)(=O)[C@@H](C)C(=O)OC)/[nH]cc1N
dude_jak2__L005041,Cc1c(c(=O)n(n1C)c2ccccc2)NC(=O)CSc3nnc(n3c4ccc(cc4)Cl)c5ccco5
dude_jak2__L005042,Cc1c(cccc1Cl)N2CN(CC2=O)C(=O)CN(Cc3ccco3)C(=O)c4ccc(cc4)Cl
dude_jak2__L005043,CN(C)S(=O)(=O)c1cccc(c1)C(=O)OCc2nc(c3c4c(sc3n2)CCCC4)N
dude_jak2__L005044,C[C@@H]1CCc2c(sc(c2C(=O)N[C@H]3CCS(=O)(=O)C3)NC(=O)c4ccc(cc4Cl)Cl)C1
dude_jak2__L005045,CCc1c(c(nc(n1)C)N2CCN(CC2)S(=O)(=O)C[C@]34CC[C@H](C3(C)C)CC4=O)Cc5ccccc5
dude_jak2__L005046,c1ccc2=[NH+]CC(=c2c1)/C=N/N=C/3\NC(=O)[C@@H](S3)CC(=O)Nc4ccc(cc4)Br
dude_jak2__L005047,c1ccc2c(c1)-c3ccccc3C2COC(=O)N[C@H](Cc4cc(sc4)[N+](=O)[O-])C(=O)[O-]
dude_jak2__L005048,COc1ccc2=[NH+][C@@H]([NH+]=c2c1)CNC(=O)[C@@H]3CCC(=O)N(C3)CC4CCCCC4
dude_jak2__L005049,Cc1c(sc2c1c(=O)n(c(n2)N3CC[NH+](CC3)CC(=O)N4CCCCC4)CC(=O)NC5CCCCC5)C
dude_jak2__L005050,c1ccc(cc1)[C@H]2CC(=NO)C[C@H](C2(C#N)c3ccccc3)c4ccccc4
dude_jak2__L005051,CC(C)[C@]1([C@@H]2[C@@H]([C@H]([NH2+]1)c3ccccc3OC)C(=O)N(C2=O)C)C(=O)OC
dude_jak2__L005052,CC1([C@@H]2CC[C@@H]([C@H]1C2)CNC(=O)c3coc(n3)[C@H](Cc4ccccc4)[NH3+])C
dude_jak2__L005053,C[C@H](c1ccc2c(c1)OCO2)NC(=O)C(=O)Nc3ccc(cc3)C(C)(C)C
dude_jak2__L005054,CC1=C([C@H](N2C(=O)[C@H](SC2=N1)Cc3ccc(cc3)Br)c4ccc(cc4)OC)C(=O)OC
dude_jak2__L005055,CN1C/C(=C\c2ccccc2)/C3=C(C1)[C@H](C(=C(O3)N)C#N)c4ccccc4
dude_jak2__L005056,Cc1ccccc1NC(=O)Cn2c(=O)c3c4c(nn3cn2)CCCC4
dude_jak2__L005057,c1cc(ccc1OCC(=O)Nc2c(c3c(s2)CCC3)C(=O)NC(=O)N)Cl
dude_jak2__L005058,COC(=O)c1ccc(cc1)N([C@@H](c2ccco2)C(=O)NC3CCCCC3)C(=O)[C@@H]4COc5ccccc5O4
dude_jak2__L005059,Cc1cc(ccc1NC(=O)N[C@H](C)[C@H]2CCCO2)Oc3ccc(cc3)C#N
dude_jak2__L005060,Cc1cc(c(cc1C)S(=O)(=O)Nc2ccc3c(c2)C(=O)NC[C@@H](O3)C)C
dude_jak2__L005061,CCn1c(c(c(n1)C)Br)C(=O)N2C[C@H](C3(C2)CC[NH2+]CC3)C(=O)NC4CCCCCCC4
dude_jak2__L005062,CCS(=O)(=O)CC(=O)Nc1ccc(c(c1)[N+](=O)[O-])Cl
dude_jak2__L005063,Cc1c(n(c(c1C#N)NC(=O)C[NH+]2CCC(CC2)C(=O)NC)C3CCCCC3)C
dude_jak2__L005064,CC(C)NC(=O)NNC(=O)/C=C/c1ccc(cc1)S(=O)(=O)NC2CC2
dude_jak2__L005065,CCOC(=O)c1c2c(sc1NC(=O)c3nc4n(n3)[C@H](C[C@@H](N4)C)C(F)F)C[C@H](CC2)C
dude_jak2__L005066,c1ccc(c(c1)/C=C/C(=O)Nc2ccc(cc2Br)[N+](=O)[O-])Cl
dude_jak2__L005067,c1c2c(cc(c1Cl)S(=O)(=O)N3CCC(CC3)[NH+]4CCCCC4)OCC(=O)N2
dude_jak2__L005068,CCSc1nnc(s1)N2[C@@H](C(=C(C2=O)[O-])C(=O)c3cc4ccccc4o3)c5cccc(c5)O
dude_jak2__L005069,CC[C@H](c1nnnn1Cc2ccco2)[NH+](Cc3ccc(cc3)C)Cc4cc5cc(ccc5[nH]c4=O)OC
dude_jak2__L005070,CC(=O)N1[C@@H](CC2=c3ccccc3=[NH+][C@@H]2[C@@H]1c4cccc(c4)[N+](=O)[O-])C(=O)OC
dude_jak2__L005071,c1ccc(cc1)C(=O)CS[C@@H]2NN=C(N2c3ccccc3)CCCCC4[NH+]=c5ccccc5=[NH+]4
dude_jak2__L005072,C[C@]12CCC(=O)C=C1CC[C@H]3[C@@H]2[C@H](C[C@]4([C@H]3CC[C@@]4(C(=O)COC(=O)CCC(=O)[O-])O)C)O
dude_jak2__L005073,C[C@H]1CCc2c(sc3c2c(=O)n(c(n3)SC)N)C1
dude_jak2__L005074,C[C@H]1CCc2c(sc3c2c(=O)[nH]c(n3)C[NH+](Cc4ccco4)C[C@@H](COCc5ccco5)O)C1
dude_jak2__L005075,c1cc(cc(c1)S(=O)(=O)N2CCN(CC2)C(=O)CSc3cc(ccc3Cl)Cl)[N+](=O)[O-]
dude_jak2__L005076,Cc1c2c([nH]c1C(=O)NNC(=O)c3cccc(c3O)OC)CCCC2=O
dude_jak2__L005077,Cc1c(sc(n1)CNc2c(nc3c(n2)non3)NC4CCCC4)C
dude_jak2__L005078,Cc1cc(c(n1c2cccc(c2Cl)Cl)C)/C=C(\C#N)/C(=O)O[C@@H](C)C(=O)NC(=O)NC
dude_jak2__L005079,Cc1c2c(cc(nc2on1)C3CC3)C(=O)OCC(=O)N(C)[C@]4(CCCCC4=O)c5ccccc5Cl
dude_jak2__L005080,C[NH+](C)CCCN(c1nc2c(ccc(c2s1)Cl)OC)C(=O)[C@H]3CC(=O)N(C3)c4ccc(cc4)F
dude_jak2__L005081,COC(=O)[C@H](CCSC)NC(=O)N1CCc2c([nH+]c[nH]2)[C@H]1c3ccc(c(c3F)F)F
dude_jak2__L005082,CCSc1nnc(s1)N2[C@@H](C(=C(C2=O)[O-])C(=O)c3ccc(cc3)OCC=C)c4ccc(cc4)O
dude_jak2__L005083,c1cc(ccc1/C=C\2/C(=O)N(C(=O)S2)CCNC(=O)CN3C(=O)C4(CCCCC4)NC3=O)F
dude_jak2__L005084,CCOc1cc(ccc1OCc2ccccc2Cl)[C@H]3C4=C(CCCC4=O)Nc5n3nnn5
dude_jak2__L005085,Cc1ccc(cc1)[C@H]2[C@@H]3CC=C[C@@H]3c4cc(ccc4N2)C(=O)N
dude_jak2__L005086,C[C@@H]1CCC[NH+](C1)[C@@H](c2cc3cc4c(cc3[nH]c2=O)OCO4)c5nnnn5C6CCCCC6
dude_jak2__L005087,Cc1ccc(cc1)CNC(=O)c2ccc3nn(c(=O)n3c2)CC(=O)Nc4cccc(c4)C(C)C
dude_jak2__L005088,CC1(Cc2c(c3cc(ccc3o2)NS(=O)(=O)c4ccc5c(c4)oc(=O)n5C)C(=O)C1)C
dude_jak2__L005089,COc1ccc(c(c1OC)OC)[C@H]2C[C@@H](N=C3N2NC=[NH+]3)c4ccc(cc4)I
dude_jak2__L005090,CCCC(=O)Nc1cccc(c1C)NC(=O)NC[C@@]2(CCCc3c2cccc3)O
dude_jak2__L005091,c1ccc2c(c1)CCN(C2)C(=O)C(=O)c3c[nH]c4c3cc(cc4)[N+](=O)[O-]
dude_jak2__L005092,CCn1cc(c(n1)C)/C=c/2\c(=O)n3c(=NC(=C([C@H]3c4cccs4)C(=O)Nc5ccccc5)C)s2
dude_jak2__L005093,CC(=O)N[C@H]1CCc2cc(c(c(c2-c3c1cc(=O)c(cc3)NCCC4=c5ccccc5=[NH+]C4)OC)OC)OC
dude_jak2__L005094,Cc1cc(cc(c1)n2ccnc2SCC(=O)Nc3ccccc3[N+](=O)[O-])C
dude_jak2__L005095,CCOc1c(cccc1Cl)NC(=O)C(=O)N[C@@H](C)c2nncn2C
dude_jak2__L005096,CC(C)NC(=O)c1ccc(cc1)NC=C2C(=O)OC(OC2=O)(C)C
dude_jak2__L005097,CC(C)(C(=O)N)[NH2+][C@H]1CC[C@@H]2CCCC[C@@H]2C1
dude_jak2__L005098,CCC1=C([C@H](N2C(=CSC2=N1)/C=C(/N[C@H](C)CC)\[O-])c3ccc(c(c3)OC)OC)C(=O)OC
dude_jak2__L005099,CCCCN1C(=O)/C(=C/c2c(nc3ccccn3c2=O)N4CCN(CC4)c5ccc(cc5)F)/SC1=S
dude_jak2__L005100,CC1=C([C@]23C(=C(O[C@@]2(O1)c4ccccc4C3=O)N)C#N)C(=O)OC(C)C
dude_jak2__L005101,[H]/N=C/1\NC(=O)/C(=C/c2cc(n(c2C)c3cc(cc(c3)Cl)Cl)C)/S1
dude_jak2__L005102,C/C(=N\NC(=O)[C@H]1[C@@H](CNC1=O)c2ccccc2)/c3cc(cs3)[N+](=O)[O-]
dude_jak2__L005103,Cc1cc(c(c(c1C)S(=O)(=O)N2CCN(CC2)CC(=O)NC(=O)NC(C)C)C)C
dude_jak2__L005104,CC(=O)N[C@@H]1[C@@H]([C@@H]2[C@@H](COC(O2)(C)C)O[C@@H]1Oc3ccc4ccccc4c3)O
dude_jak2__L005105,c1cc(sc1)C[NH+]2CCC[C@@H](C2)CNC(=O)NCCC[NH2+]C3CCCCC3
dude_jak2__L005106,Cc1cc(cc2c1nc(s2)N(CC[NH+]3CCOCC3)C(=O)c4cc(cc(c4)[N+](=O)[O-])[N+](=O)[O-])Cl
dude_jak2__L005107,C[C@]1(C(=O)N(C(=O)N1)CC(=O)N[C@@H](c2ccccc2)c3cccs3)c4ccc5c(c4)OCO5
dude_jak2__L005108,Cc1c2c(n(n1)c3ccc(nn3)Cl)N=C(C[C@H]2c4ccc(cc4)OC(C)C)O
dude_jak2__L005109,Cc1cc(ccc1NC(=O)c2cc(sc2)S(=O)(=O)N)C(=O)NC(C)C
dude_jak2__L005110,C=CCN1[C@H](C(=C(C1=O)[O-])C(=O)c2cc3ccccc3o2)c4ccc(cc4)OCC(=O)N
dude_jak2__L005111,C[C@@H](C(=O)NC(=O)N)Oc1ccc2ccccc2c1Br
dude_jak2__L005112,COCCN(CC(=O)N1CCn2cccc2[C@H]1c3cccc(c3)F)C(=O)c4ccc(cc4)Br
dude_jak2__L005113,Cc1ccc(cc1)Cn2c(=O)c3ccc(cc3[nH]c2=O)[C@@H]4[NH+]=C(NO4)c5ccc(c(c5)C)C
dude_jak2__L005114,C[C@@H]1CCCC[C@@]12C(=O)N(C(=O)N2)CC(=O)NC[C@@H](c3ccc(cc3)OC)C4=c5ccccc5=[NH+]C4
dude_jak2__L005115,CCCOC(=O)C1=C(Nc2ncnn2[C@@H]1c3cccnc3)C
dude_jak2__L005116,CC[NH+](CC)[C@H](c1cc2c(cc(cc2[nH]c1=O)C)C)c3nnnn3C4CCCCC4
dude_jak2__L005117,CCc1c([nH]c2c(ccc(c2c1=O)Cl)C)C
dude_jak2__L005118,CCOC(=O)c1cc(c(=O)[nH]c1N2CCN(CC2)c3c(cc(c[nH+]3)C(F)(F)F)Cl)C(=O)OCC
dude_jak2__L005119,C[C@@H](C(=O)Nc1cccc(c1)Cl)Sc2[nH]c(=O)c(c([nH+]2)[O-])NC(=O)C
dude_jak2__L005120,C[C@@H](c1cccc2c1cccc2)NC(=O)NNC(=O)[C@H]3CCS(=O)(=O)C3
dude_jak2__L005121,COc1ccc(cc1)n2cc(c3c2[C@@H](CC(=O)N3)c4cccc(c4OC)OC)C(=O)[O-]
dude_jak2__L005122,CN(C)S(=O)(=O)c1cccc(c1)[C@@H]2C(=CN(N2)c3ccccc3)/C=C(/C#N)\C4[NH+]=c5ccccc5=[NH+]4
dude_jak2__L005123,COc1cc(c(cc1O)/C=N/NC(=O)c2ccc(cc2)Cl)[N+](=O)[O-]
dude_jak2__L005124,C[C@H](CNC(=O)[C@@H]1CN(CC12CC[NH2+]CC2)C(=O)[C@H](C(C)C)Oc3ccccc3)Oc4ccccc4
dude_jak2__L005125,CCOc1ccccc1NC(=O)[C@H](C(C)C)NS(=O)(=O)c2ccc3c(c2)oc(=O)n3C
dude_jak2__L005126,CC(C)NC(=O)CN1CCN(CC1)C(=O)N[C@H]2CCCc3c2cnn3C
dude_jak2__L005127,Cc1cc(=O)c(nn1c2ccccc2[N+](=O)[O-])C(=O)Nc3cc(cc(c3)F)F
dude_jak2__L005128,Cc1ccc2=[NH+][C@@H](C(=c2c1)NC(=O)C[NH+]3CCN([C@@H](C3)C)c4cccc(c4)OC)C(=O)OC
dude_jak2__L005129,Cc1cc(no1)NC(=O)C2=C(N(C(=S)N[C@H]2c3ccsc3)c4ccc(c(c4)Cl)F)C
dude_jak2__L005130,c1cc(cc(c1)S(=O)(=O)NNC(=O)COc2cccc(c2)C(F)(F)F)C(=O)[O-]
dude_jak2__L005131,[H]/N=C\1/C(=C/c2ccc(o2)c3ccc(cc3)C(=O)[O-])/C(=O)N=C4N1N=C(S4)CCCC
dude_jak2__L005132,CCOc1ccc(cc1OC)/C=N/NC(=O)CSC2[NH+]=c3ccccc3=[NH+]2
dude_jak2__L005133,Cc1ccccc1C[NH2+]Cc2cccc(c2)OC[C@@H](C[NH+](C)C3CCCCC3)O
dude_jak2__L005134,Cc1ccc(c(c1)C)C[C@H]2C(=O)N(c3cc(ccc3O2)N)C
dude_jak2__L005135,Cc1cc(c(o1)C)C(=O)N/N=C/c2c[nH]c3c2cccc3
dude_jak2__L005136,C[C@@H]1CCc2c(sc(c2C(=O)OC)NC(=O)CN3C(=O)[C@](NC3=O)(C)c4ccsc4)C1
dude_jak2__L005137,Cc1cc([nH]c(=O)n1)SCC(=O)N[C@H]2NN=C(S2)C
dude_jak2__L005138,Cc1cc(c(cc1S(=O)(=O)N[C@H]2CC[NH+](C2)C)C(=O)[O-])O
dude_jak2__L005139,c1ccc(c(c1)Nc2c(cc(cn2)Br)N)Br
dude_jak2__L005140,c1ccc(cc1)n2c(cc(n2)C3CC3)NC(=O)[C@H]4C[C@@H]4[N+](=O)[O-]
dude_jak2__L005141,c1cc(ccc1[N+](=O)[O-])Sc2cc(=O)n(c(=O)[nH]2)CCNc3c(cc(c[nH+]3)C(F)(F)F)Cl
dude_jak2__L005142,Cc1ccc(cc1NC(=O)COc2ccccc2NC(=O)C)[N+](=O)[O-]
dude_jak2__L005143,CCCn1c(=O)[nH]nc1S[C@H](c2ccc(s2)Br)[C@H](C)[NH3+]
dude_jak2__L005144,Cc1c2c(=O)[nH]c(nc2sc1C(=O)[O-])CSC3=N[C@@H]4[C@H](C(=CS4)C5CC5)C(=O)N3CC=C
dude_jak2__L005145,c1cc(ccc1c2ccc(o2)CNC(=O)CCN3C(=O)C4(CCCC4)NC3=O)Cl
dude_jak2__L005146,CC[NH+]1CCC(CC1)NC(=O)c2cc(ccc2Cl)[N+](=O)[O-]
dude_jak2__L005147,CN(C)c1ccc(c[nH+]1)c2nc(on2)[C@@H]3CCCN3Cc4cc5ccccc5o4
dude_jak2__L005148,CC(C)[C@@H](C(=O)NC1CCCC1)N2C(=O)[C@@]3([C@H]4C(=c5ccccc5=[NH+]4)CCN3C2=O)C
dude_jak2__L005149,CC[NH+](CC)c1ccc(cc1)NC(=O)CN2C(=O)c3cccc(c3C2=O)[N+](=O)[O-]
dude_jak2__L005150,CC(C)CC[NH+]1CCNC(=O)[C@@H]1CC(=O)N2CCN(C(=O)C2)C3CCCCC3
dude_jak2__L005151,C[C@H]1CCCC[C@]12C(=O)N(C(=O)N2)CC(=O)OCC(=O)Nc3cc(ccc3F)Cl
dude_jak2__L005152,Cc1cccc2c1nc(s2)Nc3c(c(ncn3)N)N
dude_jak2__L005153,c1c(c(n[nH]1)C2CCCCC2)C(=O)N3CCC(CC3)n4cc(nn4)CO
dude_jak2__L005154,C[C@@H]1c2c(ccc(c2CCN1)OC)OC
dude_jak2__L005155,c1cc(ncc1NC(=O)c2ccc(s2)Cl)N
dude_jak2__L005156,Cn1cc(c2c1cccc2)C(=O)NNC(=O)Nc3cccc4c3nccc4
dude_jak2__L005157,Cc1ccc(c2c1N[C@H]([C@H]3[C@H]2C=CC3)c4c5ccccc5ccc4OC)[N+](=O)[O-]
dude_jak2__L005158,CCOc1ccc(cc1)N2C(=O)/C(=N/Nc3ccccc3Cl)/C(=O)N(C2=S)c4ccc(cc4)C
dude_jak2__L005159,C[C@H]1CCC[NH+](C1)C(C)(C)CNC(=O)C(=O)Nc2nnc(s2)C(C)C
dude_jak2__L005160,COc1ccc(cc1Br)COC(=O)c2ccc(cc2N)N
dude_jak2__L005161,CC1=NC(=O)[C@H](N1)[C@H](c2cc(cc(c2)OC)OC)C(C#N)C#N
dude_jak2__L005162,Cc1ccc(c(c1)C)S(=O)(=O)/N=C\2/[C@H]([NH+]=c3ccccc3=[NH+]2)Nc4ccc(c(c4)OC)OC
dude_jak2__L005163,CCCC[NH+](CCCC)CCC[NH2+]C[C@@H]1[C@@H]2C[C@@H]3C(=C)CCC[C@]3(C[C@@H]2OC1=O)C
dude_jak2__L005164,Cc1ccc(cc1)c2cc(c(=O)n(n2)CC(=O)Nc3ccccc3C)NC(=O)C(C)C
dude_jak2__L005165,Cc1cc(c(cc1Cl)C2=C3[C@@H](N(C(=O)[C@H]3N=N2)CCO)c4ccc(c(c4)OC)O)O
dude_jak2__L005166,Cc1cccc(c1C)N2CC[NH+](CC2)[C@H](c3cc4cccc(c4[nH]c3=O)C)c5nnnn5CCOC
dude_jak2__L005167,Cc1cccc2=C[C@@H](C(=O)[NH+]=c12)[C@H]([C@@H]3N=NNN3C(C)(C)C)[NH+]4CCN(CC4)c5cccc(c5)C(F)(F)F
dude_jak2__L005168,Cc1c(c(n(n1)Cc2cccc(c2)C(=O)Nc3cnn(c3C(=O)NCC(C)C)C)C)Cl
dude_jak2__L005169,C[C@@]1(C(=O)N(C(=O)N1)CC(=O)Nc2ccc(cc2)N(C)C)c3ccc(cc3Cl)Cl
dude_jak2__L005170,COc1ccc(c(c1)OC)/N=c\2/c(cc3ccc(cc3o2)O)C(=O)N
dude_jak2__L005171,CC[C@@H](C)CN1C(=O)[C@H]([NH2+]C12CCN(CC2)C(=O)c3ccc4c(c3)OCO4)CC(C)C
dude_jak2__L005172,Cc1cccn2c1nc(c(c2=O)/C=C/3\C(=O)N(C(=S)S3)CCc4ccccc4)NC5CCC(CC5)C
dude_jak2__L005173,CCCc1nnc(s1)N2[C@@H](c3c(=O)c4ccccc4oc3C2=O)c5ccc(c(c5)OCC)OCC
dude_jak2__L005174,Cc1cc(c2c(c1)[nH]c3c2C[C@@H](CC3)NC(=O)[C@@H]4CCCO4)C
dude_jak2__L005175,CCCS(=O)(=O)N1CC(=O)N([C@@](C1)(C)C(=O)NC2CCCCCCC2)c3cccc(c3C)Cl
dude_jak2__L005176,Cc1cc(c2c(c1)[C@]3([C@H]4[C@@H]([C@H](N3)CC5=c6ccccc6=[NH+]C5)C(=O)N(C4=O)c7ccccc7)C(=O)N2)C
dude_jak2__L005177,C[C@H]1CCc2c(sc3c2c(nc(n3)Cl)NC[C@H](C)O)C1
dude_jak2__L005178,C[C@@H]1C(=C(NN1c2ccccc2)C)NC(=O)COC(=O)CC3=c4ccccc4=[NH+]C3
dude_jak2__L005179,CC(C)(C)c1cc(=O)[nH]c2n1c(nn2)SCC(=O)Nc3ccc(cc3)C(F)(F)F
dude_jak2__L005180,c1ccc(c(c1)C[NH+]2CCC[C@H](C2)n3cc(nn3)C(=O)NC4CCCC4)O
dude_jak2__L005181,c1ccc2cc(ccc2c1)[C@H]3[C@H]4CC=C[C@@H]4c5cc(ccc5N3)C(=O)N
dude_jak2__L005182,C[C@@H]1c2c(sc(n2)CS(=O)(=O)c3ccc(cc3)Cl)C[C@]4([C@H]1[C@H]([C@H](CC4)[C@H](C)C(=O)N(C)CC=C)O)C
dude_jak2__L005183,Cc1nc(c2c3c(sc2n1)CCC3)N4CCN(CC4)Cc5cc(=O)n6ccsc6[nH+]5
dude_jak2__L005184,c1ccc2=[NH+]/C(=N\S(=O)(=O)c3cccc(c3)Cl)/[C@@H]([NH+]=c2c1)Nc4ccc5c(c4)OCO5
dude_jak2__L005185,c1cc2c(cc1Cl)sc(n2)/N=C(/[C@H](CC(=O)N)[NH3+])\[O-]
dude_jak2__L005186,CC(=O)Nc1cccc2c1CC[NH+](C2)CCC(=O)NC(=O)Nc3ccccc3
dude_jak2__L005187,CCOc1ccc(cc1OCC)NC(=O)CN2C(=O)[C@]3(CCCc4c3cccc4)NC2=O
dude_jak2__L005188,Cc1ccc(cc1NC(=O)COc2ccc3c(cc(=O)oc3c2)C)[N+](=O)[O-]
dude_jak2__L005189,c1ccc-2c(c1)C[C@@H](c3c2ncn(c3=O)N)C4CCCCC4
dude_jak2__L005190,Cc1ccc2c(c1)s/c(=N\C(=O)c3ccc(cc3)S(=O)(=O)N4C[C@H](O[C@@H](C4)C)C)/n2CC(=O)OC
dude_jak2__L005191,c1ccc2c(c1)c(cc(n2)c3ccco3)C(=O)NNC(=O)/C=C/c4ccco4
dude_jak2__L005192,Cc1ccc(cc1[N+](=O)[O-])NC(=O)CCCC[C@@H]2[C@@H]3[C@@H](CS2)NC(=O)N3
dude_jak2__L005193,Cc1cc(=O)c(nn1c2ccccc2)C(=O)NNC(=O)[C@@H](C)Oc3cccc(c3)Br
dude_jak2__L005194,CCC(C)(C)n1c(nnn1)[C@@H](c2cc3cccc(c3[nH]c2=O)C)[NH+]4CCCC5(C4)CCCCC5
dude_jak2__L005195,C[C@H]1CCCC[NH+]1CCN2C(=O)c3ccc(n3C[C@@]2(C)C(=O)NC4CCCCCC4)c5ccco5
dude_jak2__L005196,c1ccc2c(c1)CCN(C2)C(=O)COC(=O)c3ccccc3NS(=O)(=O)c4ccc(s4)Cl
dude_jak2__L005197,Cc1ccc2cccc(c2n1)NC(=O)c3ccc(cc3)n4c(c(cn4)C#N)N
dude_jak2__L005198,CC(C)(C)c1ccc(cc1)c2csc(n2)NC(=O)Cn3c(=O)n4ccccc4n3
dude_jak2__L005199,CC[C@@H]1C(=O)N(Cc2cc(ccc2O1)NC(=O)c3ccccc3OC(=O)C)[C@@H]4CCCc5c4cccc5
dude_jak2__L005200,CC1(Cc2c(c(sc2C([NH2+]1)(C)C)NC(=O)CN3C(=O)c4ccccc4C3=O)C(=O)OC)C
dude_jak2__L005201,C[C@H]1C[C@H]2[C@@H](CC[C@@]3([C@@H]2CC[C@@]3(C4(OCCO4)C)O)C)[C@]5([C@@]1(CC6(CC5)OCCO6)O)C
dude_jak2__L005202,Cc1c(c(nc(n1)N)c2cc(ccc2OCCC(C)C)Br)C(=O)N
dude_jak2__L005203,c1ccc(cc1)c2nnc(s2)NC(=O)CSc3cn[nH]n3
dude_jak2__L005204,CC(C)[C@@H](C(=O)NC1CCCCC1)NC(=O)[C@@H]2CC3=c4ccccc4=[NH+][C@H]3[C@H]5N2C(=O)c6c5cccc6
dude_jak2__L005205,Cc1c(sc2c1c(=O)n(c(n2)N3CC[NH+](CC3)CC(=O)N4CCCC4)CC(=O)N)C
dude_jak2__L005206,CCC[C@@]1(C(=O)N(C(=O)N1)Cc2cc(=O)n3c4c(sc3n2)CCCC4)c5ccccc5
dude_jak2__L005207,Cc1ccc(cc1C)S(=O)(=O)/N=C\2/[C@H]([NH+]=c3ccccc3=[NH+]2)NCc4ccc5c(c4)OCO5
dude_jak2__L005208,CC1=CC(=O)N2[C@H]([NH+]=C(N=C2N1)N3CCC(CC3)Cc4ccccc4)c5ccccc5OC
dude_jak2__L005209,C[C@H]1C[C@]2(CC(C1)(C)C)C(=O)N(C(=O)N2)C[NH+](C)C3CCCC3
dude_jak2__L005210,Cc1ccc(c(c1)Br)NC(=O)N(C)[C@H](C)c2ccccc2Cl
dude_jak2__L005211,CC[C@H](C)CNC(=O)[C@H]1CN(CC12CC[NH2+]CC2)C(=O)c3cc(nn3C(C)(C)C)C
dude_jak2__L005212,c1ccc(cc1)C2(C(=O)N(C(=O)N2)CN3CCN(CC3)c4ccccc4O)c5ccccc5
dude_jak2__L005213,CN(C)S(=O)(=O)c1cc(ccc1OC)C(=O)Nc2ccc(cc2C(=O)[O-])Br
dude_jak2__L005214,c1cc(ccc1[C@H]2C[C@@H](N3C(=[NH+]2)C=C(N3)C(=O)NCc4ccc5c(c4)OCO5)C(F)(F)F)Cl
dude_jak2__L005215,CC[C@H](C)[C@H](C(=O)OC)NC(=O)N1CCc2c([nH+]c[nH]2)[C@@H]1c3ccc4c(c3)OCO4
dude_jak2__L005216,c1ccc(cc1)CCC[NH+]2CCN(CC2)c3nc4c(c5c(s4)CCC5)c(=O)n3CC(=O)NC6CCCCC6
dude_jak2__L005217,Cc1ccc(cc1)[C@H]2C[C@H](Nc3n2nc(n3)NC(=O)COC)c4ccc(cc4)Cl
dude_jak2__L005218,CC[C@H](C)[C@@H](C(=O)N1CCN([C@@H](C1)C)C(=O)NC(C)C)NS(=O)(=O)c2ccccc2
dude_jak2__L005219,CC[C@H](C)NC(=O)c1ccccc1NC(=O)c2c(=O)cc(n(n2)c3ccccc3Cl)C
dude_jak2__L005220,Cc1ccc(o1)[C@H](C)NC(=O)N2CCC(CC2)(C)N(C)C(=O)OC(C)(C)C
dude_jak2__L005221,CCOC(=O)c1ccc(cc1)N2C(=O)[C@@H]3[C@H]([C@@H]4C(=NC(=S)S4)S[C@@H]3C2=O)c5ccc(cc5)OC
dude_jak2__L005222,Cc1cc(ccc1NC(=O)CSc2nc3nc(c(c(n3n2)C)CCC(=O)[O-])C)Cl
dude_jak2__L005223,CC1([C@H](N2[C@H](S1)c3ccc(c(c3C2=O)OC)OC)C(=O)NC4[NH+]=c5ccccc5=[NH+]4)C
dude_jak2__L005224,c1ccc(cc1)C(c2ccccc2)[NH+]3CC[NH+](CC3)CN4C(=O)c5cccc(c5C4=O)[N+](=O)[O-]
dude_jak2__L005225,Cc1c(cccc1S(=O)(=O)N)NCc2ccc(o2)[N+](=O)[O-]
dude_jak2__L005226,C[C@@H]1CN(CCN1C(=O)COCc2ccccc2)C(=O)C[NH+]3CCc4c(ccs4)[C@@H]3c5ccc(cc5)OC
dude_jak2__L005227,C[C@@H](C(=O)Nc1cc(ccc1Cl)[N+](=O)[O-])[NH+](C)CC(=O)Nc2ccc(c(c2F)F)F
dude_jak2__L005228,Cc1cc/c(=N/S(=O)(=O)c2cnc(nc2)N)/[nH]c1
dude_jak2__L005229,Cc1c2ccccc2oc1C(=O)OCC(=O)NC(=O)Nc3ccc4c(c3)OCCO4
dude_jak2__L005230,CCC(=O)N1[C@H](CC(=N1)[C@H]2C(=c3cc(ccc3=[NH+]C2=O)Cl)c4ccccc4)c5ccc(cc5)N(C)C
dude_jak2__L005231,Cc1ccc(c(c1)C(=O)Nc2cccc(c2)[C@]3(C(=O)NC(=O)N3)C)OC
dude_jak2__L005232,c1ccc2c(c1)[C@@](C(=O)N2C[NH+]3CCCCCC3)(CC(=O)c4ccc5c(c4)OCO5)O
dude_jak2__L005233,c1cc(n[nH+]c1C(=O)[O-])NC23CC4CC(C2)CC(C4)C3
dude_jak2__L005234,Cc1ccc2c(c1C)NC(=O)[C@]23[C@H]4[C@@H]([C@H]([NH2+]3)CC(C)C)C(=O)N(C4=O)CCOC
dude_jak2__L005235,CC(C)c1cc2c(=O)[nH]c(nc2s1)C[NH+](Cc3ccco3)C[C@H](COc4ccccc4)O
dude_jak2__L005236,c1ccc(c(c1)C(=O)N)O[C@@H]2CCN(C2=O)c3cccc(c3)[N+](=O)[O-]
dude_jak2__L005237,COc1ccc(cc1)[C@@H]2[C@H]3[C@@H](N(C(=O)[C@@H]3N=[NH+]2)CCC4=c5cc(ccc5=[NH+]C4)OC)c6cccc(c6)O
dude_jak2__L005238,C[C@@]1(C(=O)N(C(=O)N1)CC(=O)NC(=O)N)c2ccc(c(c2)Cl)Cl
dude_jak2__L005239,CS(=O)(=O)N(CC(=O)Nc1ccccc1C(=O)[O-])c2ccc(cc2)Oc3ccccc3
dude_jak2__L005240,CCC[NH+](Cc1[nH]c(=O)c2c(n1)ccs2)CC(=O)Nc3cc(ccc3OCC)OCC
dude_jak2__L005241,CCn1c(=O)c2ccccc2nc1SCC(=O)c3c(n(c(=O)n(c3=O)C)Cc4ccccc4)N
dude_jak2__L005242,C[C@@H]1C[C@@H](C[NH+](C1)Cc2csc(n2)NC(=O)CCc3[nH]c(=O)c4c5c(sc4n3)CCC5)C
dude_jak2__L005243,Cc1ccccc1CN(C)CN2C(=O)[C@](NC2=O)(C)c3ccc(cc3)[N+](=O)[O-]
dude_jak2__L005244,c1ccc(cc1)S(=O)(=O)/C(=N/Nc2ccc(cc2)Cl)/C(=O)NN
dude_jak2__L005245,CCS(=O)(=O)N(C)C1CCN(CC1)C(=O)NCC(=O)NC(C)C
dude_jak2__L005246,CC(C)[NH+](CCNC(=O)[C@@H]1CN(CC12CC[NH2+]CC2)C(=O)C3CCN(CC3)C(=O)C)C(C)C
dude_jak2__L005247,c1cc([nH+]cc1CNC(=O)C[C@@H]2C(=O)NC(=O)N2)N3CCCCCC3
dude_jak2__L005248,CS(=O)(=O)N1CCN(CC1)CC(=O)Nc2ccc(cc2C(=O)[O-])I
dude_jak2__L005249,CC(C)N(C)S(=O)(=O)c1ccc(cc1)C(=O)/N=c\2/n(c3ccc(cc3s2)S(=O)(=O)C)CC=C
dude_jak2__L005250,C[C@H]1[C@@H](c2cc3c(cc2O[C@@H]1[NH+]4CCCC4)OCO3)c5cc(c(c(c5)OC)OC)OC
dude_jak2__L005251,COc1cccc(c1)C2=[NH+]C(c3c(=O)[nH]c(=O)n(c3N2)c4ccccc4)(C(F)(F)F)C(F)(F)F
dude_jak2__L005252,c1ccc(c(c1)CC(=O)N)NCc2cccc(c2O)O
dude_jak2__L005253,Cc1ccc2c(c1)[C@]3([C@H]4[C@H]([C@H]5[NH+]3CCC5)C(=O)N(C4=O)c6ccc(cc6Br)C)C(=O)N2
dude_jak2__L005254,CCOc1cc2c(c3c(n(c2=O)S(=O)(=O)c4ccccc4)C(=O)C[C@H](N3)F)nc1
dude_jak2__L005255,CC1(CCc2c(cc(c3c2oc(=O)cc3c4ccccc4)OCC(=O)N[C@H](CCSC)C(=O)[O-])O1)C
dude_jak2__L005256,C[C@@H](c1cc2ccccc2o1)NC(=O)CO/N=C/c3cccc(c3)[N+](=O)[O-]
dude_jak2__L005257,c1ccc2c(c1)C=C[C@@H]2NC(=O)CSc3[nH]c4ccc(cc4n3)[N+](=O)[O-]
dude_jak2__L005258,CCOc1ccccc1[C@@H]2[C@H]3C(=c4ccccc4=[NH+]3)C[C@@H]5N2C(=O)CN(C5=O)Cc6ccccc6OC
dude_jak2__L005259,CC(C)(C)NC(=O)[C@@H](c1c(cc(cc1O)O)O)N(C=O)c2cccc(c2)Cl
dude_jak2__L005260,Cc1ccc(cc1)/C=C/2\C(=O)N(c3cc(ccc3O2)N)CC(C)C
dude_jak2__L005261,CCCc1nnc(s1)N2[C@H](c3c(=O)c4cc(ccc4oc3C2=O)C)c5ccc(cc5)Br
dude_jak2__L005262,c1cc(c(cc1Cl)Br)Oc2ccc(cn2)/C(=N/O)/N
dude_jak2__L005263,CC[NH+](CC)c1ccc(cc1)[C@@H]2CC(=C3C(=O)N(C(=O)N(C3=O)C)C)NN2
dude_jak2__L005264,CC(C)(C)n1c(nnn1)[C@H](c2cc3cc4c(cc3[nH]c2=O)OCO4)[NH+]5CCC(CC5)Cc6ccccc6
dude_jak2__L005265,CCCCN1C(=O)[C@@H]2[C@H](N[C@@]3([C@@H]2C1=O)c4ccc(c(c4NC3=O)C)C)CCC(=O)N
dude_jak2__L005266,C[C@@H]1Cc2ccccc2N1S(=O)(=O)c3cccc(c3)C(=O)N[C@@H](CC(=O)[O-])c4ccc(cc4)OC
dude_jak2__L005267,Cc1ccccc1n2c(c3c(n2)C[S@](=O)C3)NC(=O)c4cccc(c4C)[N+](=O)[O-]
dude_jak2__L005268,CC(C)(C)NC(=O)Cn1cnc2c(c1=O)nnn2c3ccc(cc3)Br
dude_jak2__L005269,Cc1c(cco1)c2nnc(n2N)S[C@@H](C)c3nnc(o3)C
dude_jak2__L005270,CC(C)[C@@H](CO)NC(=O)[C@H](C(C)C)NC(=O)[C@@H]1CS[C@H]2N1C(=O)c3c2cccc3
dude_jak2__L005271,CCCCn1c(c(c(c(c1=O)C#N)C)/C=C/2\C(=O)N(C(=S)S2)C)N3CCN(CC3)Cc4ccccc4
dude_jak2__L005272,C[C@H]1CCCCN1C(=O)CSc2nnc3n2c4ccccc4n3CC(=O)N5[C@H](CCC[C@@H]5C)C
dude_jak2__L005273,Cc1cc(ccc1[N+](=O)[O-])C(=O)NC(=S)Nc2ccc(cc2)C(=O)OC
dude_jak2__L005274,C1CCC(CC1)C[NH+]2CCC[C@H]2CNC(=O)C3CCC4(CC3)C(=O)NC(=O)N4
dude_jak2__L005275,Cc1ccc(cc1)n2c3c(cn2)c(=O)n4c(n3)SC[C@H]4CC(=O)Nc5ccccc5c6ccccc6
dude_jak2__L005276,CCc1nnc(s1)NC(=O)CCc2nc(no2)CS[C@H]3[NH+]=c4ccc(cc4=[NH+]3)C
dude_jak2__L005277,Cc1cc(=O)n2c(n1)NC(=[NH+][C@@H]2c3ccc(cc3)SC)N4CCN(CC4)c5ccccc5
dude_jak2__L005278,CC(C)(C)OC[C@@H](C[NH+](CCOC)Cc1[nH]c(=O)c2c(csc2n1)c3ccc(cc3)Cl)O
dude_jak2__L005279,c1cc(c(cc1[N+](=O)[O-])S(=O)(=O)[N-]c2ccc([nH+]c2)N)F
dude_jak2__L005280,Cc1nc(on1)CNS(=O)(=O)c2cc(cc(c2F)Cl)N
dude_jak2__L005281,CC(C)c1ccc2c(c1)OC(C[C@@H]2O)(C)C
dude_jak2__L005282,CCOc1c2ccccc2nc-3c1C(=O)CCc4c3n(c(c4S(=O)(=O)Oc5ccccc5)C)OC
dude_jak2__L005283,CCOC[C@@H](C[NH+](Cc1[nH]c(=O)c2c(csc2n1)c3ccccc3OC)C4CCCCC4)O
dude_jak2__L005284,CC1CCC2(CC1)C(=O)N(C(=O)N2)CC(=O)NC[C@@H](c3cccc(c3)OC)[NH+](C)C
dude_jak2__L005285,Cc1ccc(c(c1)C)NC(=O)c2c(n3c(c(c(n3)COC)c4ccc(cc4)Cl)nn2)C
dude_jak2__L005286,[H]\N=C(\C)/C(=C(/C)\[O-])/C(=O)COC(=O)c1nc(n(n1)c2ccc(cc2)F)c3cccs3
dude_jak2__L005287,C[C@@H]1[C@@H]([C@@H](N(N1)c2ccccc2)[NH+]3CCCCC3)/C=N/NC(=O)[C@@H]4C=C(N=N4)C
dude_jak2__L005288,Cc1cc(ccc1NC(=O)CN2C(=O)[C@@](NC2=O)(C)c3ccc(cc3)OC(F)F)Cl
dude_jak2__L005289,COc1ccc(cc1NC(=S)NC(=O)c2ccc(o2)Br)[N+](=O)[O-]
dude_jak2__L005290,C[NH+](Cc1cccc(c1)OC[C@H](C[NH+](C)C2CCCCC2)O)Cc3nc4ccccc4o3
dude_jak2__L005291,CCOC(=O)N1CCc2c(sc3c2C(=N[C@H](N3)c4ccc(cc4)C(=O)OC)O)C1
dude_jak2__L005292,Cc1ccc2c(c1)/C(=N\Nc3nc4ccccc4c(=O)n3c5ccccc5)/C(=O)N2CC=C
dude_jak2__L005293,Cn1c2ccccc2n(c1=O)CCC(=O)Nc3nc(cs3)c4c[nH]c5c4cccc5
dude_jak2__L005294,CCN1C2=C([C@H](NC1=O)c3ccc(cc3C)C)C(=O)N(C2)[C@H](C(C)C)C(=O)NC4CC4
dude_jak2__L005295,COc1ccc(cc1O)[C@H]2CC(=O)NC3=NN/C(=N\c4ccccc4)/[C@@H]23
dude_jak2__L005296,CC(=O)c1ccc(cc1)NC(=O)CCCNC(=O)N2CCC3=c4ccccc4=[NH+][C@@H]3C2
dude_jak2__L005297,CCc1ccc2=[NH+]C(=O)[C@H](C=c2c1)[C@@H]([C@@H]3N=NNN3C(C)(C)C)[NH+]4CCN(CC4)c5cccc(c5C)C
dude_jak2__L005298,Cc1cc2cccc(c2nc1)S(=O)(=O)N(Cc3nnc(o3)c4ccc(cc4)Cl)C5CCCC5
dude_jak2__L005299,C[C@H]1CCCC[NH+]1CCCCNC(=O)Nc2cc(c[nH]c2=O)C(F)(F)F
dude_jak2__L005300,CC(C)c1c2cc(cnc2on1)C(=O)OCC(=O)N(C)[C@]3(CCCCC3=O)c4ccccc4Cl
dude_jak2__L005301,CC[NH+]1CCN(CC1)c2nc3c(c4c(s3)CCC4)c(=O)n2CC(=O)NC5CCCCC5
dude_jak2__L005302,CCOc1ccc(cc1)n2c(nnc2S[C@@H](C)C(=O)N3CCNC3=O)c4cccc(c4)C
dude_jak2__L005303,C1CCCC2(CC1)C(=O)N(C(=O)N2)CN3CC[C@H](C3)[NH+]4CCCC4
dude_jak2__L005304,CCn1c2ccccc2c3c1ccc(c3)NC(=O)C[C@H]4c5ccccc5C(=O)O4
dude_jak2__L005305,Cc1cccc2=C[C@H](C(=O)[NH+]=c12)[C@@H]([C@@H]3N=NNN3C4CCCCC4)[NH+](Cc5cccs5)C[C@@H]6CCCO6
dude_jak2__L005306,Cc1ccccc1n2c3c(cn2)c(=O)n(cn3)CC(=O)NC
dude_jak2__L005307,Cc1cc(n(n1)CCNC(=O)[C@H]2CN(CC23CC[NH2+]CC3)C(=O)C4(CCCCC4)C)C
dude_jak2__L005308,CC1=NC2=C([C@H](C1C(=O)OC[C@H]3CCCO3)c4coc5ccc(cc5c4=O)Cl)C(=O)CC(C2)(C)C
dude_jak2__L005309,Cc1ccc(cc1)S(=O)(=O)N[C@@H](C)C(=O)Nc2cc(sc2C)c3nc(on3)C4CC4
dude_jak2__L005310,Cc1cccc2=[NH+][C@@H](C(=c12)NC(=O)CN3C[C@H](O[C@H](C3)C)C)C(=O)OC
dude_jak2__L005311,Cc1c2c(=O)n(c(=O)n(c2sc1C(=O)[O-])CC(=O)c3ccc(cc3)Br)CCO
dude_jak2__L005312,Cc1c(c(=O)n(c(n1)S[C@@H](C)C(=O)N2CCN(CC2)c3ccc(cc3)[N+](=O)[O-])C)Cc4ccc(cc4)F
dude_jak2__L005313,C[C@@]12CCC[C@@]([C@]1(C[C@H]3[C@@H](C2)OC(=O)[C@@H]3C[NH+]4CCN(CC4)c5ccccc5F)O)(C)OC
dude_jak2__L005314,CCc1ccc(cc1)[C@@H](C)NC(=O)[C@@H]2CN(CC23CC[NH2+]CC3)C(=O)C4(CCCCC4)C
dude_jak2__L005315,Cc1c2c(=O)[nH]c(nc2sc1C(=O)OCC=C)C[NH+](C[C@H](Cc3ccccc3)O)C(C)C
dude_jak2__L005316,c1cc(ccc1C(=O)/C=C/c2cc3c(cc2Br)OCO3)S(=O)(=O)NCCC(=O)[O-]
dude_jak2__L005317,Cc1ccsc1[C@@H]2[C@@H]3CC=C[C@@H]3c4cccc(c4N2)C(=O)NC(C)C
dude_jak2__L005318,Cc1c(c(sc1/C(=C/C#N)/C)[N-]S(=O)(=O)c2ccc(cc2)NC(=O)C)C(=O)OC
dude_jak2__L005319,CCOC(=O)C1=C(OC2=C([C@]13c4ccccc4N(C3=O)CC=C)C(=O)C[C@H](C2)c5ccco5)N
dude_jak2__L005320,Cc1c2cc(sc2n(n1)c3cccc(c3)C(F)(F)F)C(=O)O[C@H](C)C(=O)NC(=O)NC
dude_jak2__L005321,Cc1cc(c(c(c1)C)NC(=O)CN2C(=O)[C@H](NC2=O)CC3=c4ccccc4=[NH+]C3)C
dude_jak2__L005322,CC[C@@H]1CCCCN1C(=O)CSc2nnc(n2N)c3ccco3
dude_jak2__L005323,CCOc1cc2c(c3c1cc([nH]3)C(=O)NC)O[C@@H](C2)C
dude_jak2__L005324,[H]/N=C\1/C(=C\c2ccc(c(c2)Cl)OC(=O)c3ccc(cc3)C)/C(=O)N=C4N1N=C(S4)S(=O)(=O)C
dude_jak2__L005325,Cn1c(nnn1)Sc2cc3c(cc2N)NC(=O)CC3
dude_jak2__L005326,C[NH+](C)[C@H](CNc1ccc(cc1S(=O)(=O)Nc2ccccc2OC)[N+](=O)[O-])c3ccccc3
dude_jak2__L005327,CC(C)(C)n1c(nnn1)[C@H](c2cc3cc(ccc3[nH]c2=O)OC)[NH+](Cc4cccc(c4)OC)Cc5ccco5
dude_jak2__L005328,Cc1c(cccc1[N+](=O)[O-])C(=O)N2c3ccccc3C[C@H]2C(=O)NC
dude_jak2__L005329,Cc1ccc(cc1)N2[C@H](NN[C@@H]2SCC3[NH+]=c4ccccc4=[NH+]3)c5ccco5
dude_jak2__L005330,c1ccc(cc1)Sc2c(c(ncn2)N3CCN(CC3)c4cccc[nH+]4)[N+](=O)[O-]
dude_jak2__L005331,c1ccc(cc1)c2[nH]nc(n2)SSc3[nH]nc(n3)c4ccccc4
dude_jak2__L005332,CC1=NC2=C([C@@H](C1C(=O)OC)c3ccc(cc3OC)OC)C(=O)C[C@@H](C2)c4ccc(c(c4)OC)OC
dude_jak2__L005333,CC1CCC(CC1)NS(=O)(=O)c2ccc(c(c2)[N+](=O)[O-])NC[C@@H]3CC[NH+](C3)C(C)C
dude_jak2__L005334,c1cc(ccc1/C=C/C(=O)Nc2ccc(cc2N)Cl)Cl
dude_jak2__L005335,Cc1ccc2cc(c(=O)[nH]c2c1C)C[NH+](Cc3ccc4c(c3)OCO4)Cc5nnnn5C6CCCC6
dude_jak2__L005336,CC[C@@H](CO)Nc1cc2c(cc1N)NC(=O)CC2
dude_jak2__L005337,CCc1ccc2=[NH+]C(=O)[C@@H](C=c2c1)[C@@H]([C@@H]3N=NNN3C(C)(C)C)[NH+]4CCN(CC4)c5cc(ccc5C)C
dude_jak2__L005338,CCc1c(c2ccccc2o1)CN(C)C(=O)NCc3cccc(c3)[N+](=O)[O-]
dude_jak2__L005339,CCN1[C@@H]([C@H](C(=O)N(C1=O)CC)[C@@H]2c3c(c4ccccc4[nH]3)CCN2)O
dude_jak2__L005340,c1ccc2=[NH+]CC(=c2c1)C(=O)CS[C@@H]3N[NH+]=C(N3C4CC4)N5CCCC5
dude_jak2__L005341,Cc1cccc2=[NH+][C@H]([NH+]=c12)CCNC(=O)[C@H]3C=[N+](CC(=C3[O-])C(=O)NC(C)(C)C)C4CCCCC4
dude_jak2__L005342,C[C@@H]1CCc2c(cc(s2)C(=O)NNC(=O)c3cc(sc3)S(=O)(=O)N)C1
dude_jak2__L005343,C[C@H](C(C)C)N1CC2=C(C1=O)[C@H](NC(=O)N2C)c3ccccc3C(F)(F)F
dude_jak2__L005344,CC1([C@H]2CC=C([C@@H]1C2)C[NH+]3CCC(CC3)[C@]4(C(=O)NC(=O)N4)Cc5ccccc5F)C
dude_jak2__L005345,CC1CCC2(CC1)C(=O)N(C(=O)N2)NC(=O)COC(=O)c3ccc(cc3)OC(C)C
dude_jak2__L005346,CC[C@]1(C(=O)N(C(=O)N1)NC(=O)C[NH+]2CCN(CC2)c3ccccc3[N+](=O)[O-])c4ccccc4
dude_jak2__L005347,C#Cc1cccc(c1)/N=C/2\NN=C(CS2)c3c[nH]c4c3cccc4
dude_jak2__L005348,c1ccc2c(c1)c(c[nH]2)c3nnc(o3)SCC(=O)c4ccc5c(c4)OCO5
dude_jak2__L005349,Cc1nc2c3ccccc3oc2c(n1)SCC(=O)Nc4ccccc4[N+](=O)[O-]
dude_jak2__L005350,CC(C)[C@@H](c1ccc2c(c1)OCCCO2)NC(=O)c3ccc(cc3Cl)[N+](=O)[O-]
dude_jak2__L005351,c1cc2c(cc1C(=O)Nc3cc(c[nH]c3=O)C(F)(F)F)nn[nH]2
dude_jak2__L005352,C[C@H]1CCC[C@@H](C1)Nc2csc(n2)Cl
dude_jak2__L005353,CCOC(=O)c1c([nH]/c(=N/C(=O)CS[C@H]2N[C@@H]3[C@@H](C(=C(S3)C)C)C(=O)N2C)/s1)C
dude_jak2__L005354,c1cc(cc(c1)Br)NC(=O)c2cc(ccc2[N+](=O)[O-])NN
dude_jak2__L005355,COc1cc2c(cc1OC)C[NH+](CC2)CC(=O)NC3=c4ccccc4=[NH+][C@H]3C(=O)OC
dude_jak2__L005356,CCc1c[nH+]c2c(c1NOCc3cc(ccc3C)C)c(=O)n(c(=O)n2C)C
dude_jak2__L005357,c1ccc(cc1)S(=O)(=O)/N=C\2/[C@H]([NH+]=c3ccccc3=[NH+]2)NC[C@@H]4CCCO4
dude_jak2__L005358,Cc1ccc(c(c1)C)NC(=O)NC(=O)COc2cccc(c2)[N+](=O)[O-]
dude_jak2__L005359,Cc1cccc(c1)COc2ccc(cc2)[C@H]3CC(=O)NC4=NC(=NC(=O)[C@H]34)N
dude_jak2__L005360,c1ccc(cc1)[C@H]2C=C(c3ccccc3O2)NNC(=O)c4ccc5c(c4)OCO5
dude_jak2__L005361,C[C@H](C(=O)Nc1ccc(cc1Cl)[N+](=O)[O-])OC(=O)c2cccc(c2)NC(=O)C
dude_jak2__L005362,CC(C)[NH+](CCn1c(=O)c2ccccc2nc1SCc3cc(cc4c3OCOC4)[N+](=O)[O-])C(C)C
dude_jak2__L005363,Cc1cc(n(n1)C(C)(C)C)C(=O)N2C[C@H](C3(C2)CC[NH2+]CC3)C(=O)NCCC4=c5cc(ccc5=[NH+][C@@H]4C)C#N
dude_jak2__L005364,CCc1cc(=O)[nH]c(n1)n2c(cc(n2)c3ccco3)NC(=O)[C@H](C)Oc4ccccc4
dude_jak2__L005365,CNC(=O)c1cccc2c1N[C@@H]([C@@H]3[C@H]2C=CC3)c4cc(ccc4O)[N+](=O)[O-]
dude_jak2__L005366,Cc1c(=O)nc([nH]n1)SCC(=O)Nc2c(c3c(s2)CCCC3)C(=O)N
dude_jak2__L005367,CN(C[C@H]1C=N[C@H](N1C[C@@H]2CCCO2)S(=O)(=O)CC3CC3)CC4[NH+]=c5ccccc5=[NH+]4
dude_jak2__L005368,CCCCn1c(c(c(=O)[nH]c1=O)N(CC)C(=O)Cc2ccc(cc2)Br)N
dude_jak2__L005369,Cc1cc2c([nH]1)c(=O)n(c(n2)SCC(=O)Nc3cccnc3Cl)CC(C)C
dude_jak2__L005370,CC(C)CS(=O)(=O)C1=NN2C(=[NH2+])/C(=C\c3ccc(o3)SCc4ccco4)/C(=O)N=C2S1
dude_jak2__L005371,CCn1cc(c(=O)c2c1cc3c(c2)OCO3)C(=O)NCC(=O)NC[C@H]4CCC[NH+]4CC
dude_jak2__L005372,CCCn1c(=O)c2ccccc2nc1SCC(=O)N3c4ccccc4NC(=O)C3(C)C
dude_jak2__L005373,c1ccc2c(c1)c(=O)[nH]c(n2)[C@@H](C#N)C(=O)c3ccc4c(c3)S(=O)(=O)c5ccccc5C4=O
dude_jak2__L005374,CN(C)c1nc(nc(n1)N)CSc2nc3cc(ccc3c(=O)n2CCOC)Cl
dude_jak2__L005375,Cc1ccc(cc1)NC(=O)Cn2cc(c3c2cccc3)/C=C\4/C(=O)NC(=O)N4
dude_jak2__L005376,CC1CCC2(CC1)C(=O)N(C(=O)N2)NC(=O)C[NH+]3CCN(CC3)c4ccccc4OC
dude_jak2__L005377,C[C@@H](c1nnc(n1c2ccc(cc2)F)SCc3[nH]c(=O)c4c(n3)ccs4)[NH+]5CCCCC5
dude_jak2__L005378,Cc1c[nH]/c(=N/C(=O)NCCc2cccs2)/s1
dude_jak2__L005379,CC1CCC(CC1)(CO)[NH2+][C@H]2CCC[C@H]2O
dude_jak2__L005380,Cc1ccccc1NC(=O)c2c(c\3c(o2)CCC/C3=N\NC(=O)COc4ccccc4)C
dude_jak2__L005381,CCCn1c(c(c(c(c1=O)C#N)C)/C=C\2/C(=O)N(C(=S)S2)C3CCCCC3)N4CCC[C@@H](C4)C
dude_jak2__L005382,CC(C)[C@@H](C(=O)[O-])n1c(nnc1SCC(=O)Nc2ccccc2S(=O)(=O)C)c3cccs3
dude_jak2__L005383,c1ccc2c(c1)c(nc(n2)CSc3c4ccccc4nc(n3)c5ccco5)N
dude_jak2__L005384,C[C@@H](c1ccc(o1)c2cccc3c2CCCC3)O
dude_jak2__L005385,CCC(=C1C(=O)NC(=S)NC1=O)Nc2ccnn2C3CCCC3
dude_jak2__L005386,CC(C)(C)NC(=O)NC(=O)COC(=O)[C@H]1Cc2ccccc2CN1C(=O)c3ccccc3Cl
dude_jak2__L005387,CC(C)(C)n1c(nnn1)C[NH+](CCc2ccc(c(c2)OC)OC)Cc3cc4ccc(cc4[nH]c3=O)OC
dude_jak2__L005388,CCc1cc2c(s1)ncnc2SCC(=O)c3ccc4=[NH+]C(=O)[NH+]=c4c3
dude_jak2__L005389,Cc1ccc2=C[C@H](C(=O)[NH+]=c2c1)[C@@H]([C@@H]3N=NNN3C(C)(C)C)[NH+](Cc4ccc(cc4)F)Cc5ccco5
dude_jak2__L005390,C[C@]1(Cn2c(ccc2C(=O)N1Cc3ccco3)c4ccco4)C(=O)NC5CCCCC5
dude_jak2__L005391,C[C@@]1(C(=O)N(C(=O)N1)CC(=O)NC[C@H](c2ccco2)[NH+]3CCCC3)c4ccc5ccccc5c4
dude_jak2__L005392,CC(=CCc1c(cc(c2c1O[C@@H](CC2=O)c3ccccc3)O)O)C
dude_jak2__L005393,Cc3nc(C)c(c2ccc1[nH]nc(N)c1c2)s3
dude_jak2__L005394,c1ccc(c(c1)C(=O)NNC(=O)CSc2nncn2c3cccc(c3)Cl)Cl
dude_jak2__L005395,CCN([C@@H](C)c1cc2ccccc2o1)C(=O)NNC(=O)c3cccc(c3)C
dude_jak2__L005396,C[C@@]12CC[C@H]3[C@H]([C@H]1CC[C@@]2(C)O)CC=C4[C@@]3(Cc5cnoc5C4(C)C)C
dude_jak2__L005397,Cc1ccc(o1)c2cc(n[nH]2)C(=O)NNC3=c4ccccc4=[NH+]C3=O
dude_jak2__L005398,COc4cc(c3ccnc(Nc2ccc(N1CCOCC1)cc2)n3)ccc4O
dude_jak2__L005399,CC1=C([C@@H](NC(=S)N1)c2cc3c(cc2OC)CCCC3)C(=O)NC
dude_jak2__L005400,Cc1c(c([nH]c1C(=O)COc2ccc(cc2[N+](=O)[O-])Cl)C)C(=O)OC
dude_jak2__L005401,c1ccc2=[NH+]CC(=c2c1)[C@@H](CNC(=O)CN3C(=O)O[C@@H](N3)c4cccs4)c5ccccc5Cl
dude_jak2__L005402,c1ccc(c(c1)CC(=O)N)NC(=O)N2CC3C[C@H]4C[C@@H](C3)CC2C4
dude_jak2__L005403,COC(=O)C4CCN(c3cc(c1c(N)nn2cccnc12)ncn3)C4
dude_jak2__L005404,CN(c1ccccc1)S(=O)(=O)c2ccc(cc2)C(=O)OCC(=O)N3CCN(CC3)c4cccc[nH+]4
dude_jak2__L005405,CCn1c2c(=O)[nH]c(=O)n(c2nc1N/N=C/c3ccc(cc3)OCc4ccccc4)C
dude_jak2__L005406,Cc1ccc(c(c1)NC(=O)CN2C3=C([C@@H](NC2=O)c4ccc(cc4)SC)C(=O)OC3)OC
dude_jak2__L005407,Cc1nnc2n1nc(cc2)N3C(=O)/C(=C/Nc4cccc(c4)C(F)(F)F)/C(=N3)C
dude_jak2__L005408,CCCN1/C(=N/CN2c3ccccc3/C(=N/c4ccc(cc4)O)/C2=O)/CSC1=O
dude_jak2__L005409,C[C@@H](C(=O)NC(=O)NC(C)(C)C)Sc1nnnn1C2CCCCC2
dude_jak2__L005410,CC(C)NC(=O)NNC(=O)c1ccc(cc1Cl)Br
dude_jak2__L005411,CCc1nc(c2c3c(sc2n1)CCCC3)N4CCN(CC4)S(=O)(=O)c5ccc(c(c5)[N+](=O)[O-])Cl
dude_jak2__L005412,CC(C)[C@@H](/C(=N/O)/N)C(=O)N1CCN(CC1)c2nccs2
dude_jak2__L005413,c1ccc2=[NH+][C@H]3[C@@H](N4[C@H](CC3=c2c1)C(=O)N(CC4=O)CCCCCO)c5cccc(c5)[N+](=O)[O-]
dude_jak2__L005414,c1cc[nH+]c(c1)N2CCN(CC2)C(=O)[C@@H]3CCCC[C@@H]3C(=O)NNc4cccc(c4)Br
dude_jak2__L005415,CCOC(=O)c1c(c(sc1NC(=O)C[NH+](C)[C@@H](C)c2ccc(cc2)n3cncn3)C(=O)OC)C
dude_jak2__L005416,Cc1c(c(n2c(n1)nc(n2)S[C@@H](C)C(=O)N[C@@H]3CCCC[C@@H]3C)C)CCC(=O)[O-]
dude_jak2__L005417,CC[C@H]1CN(CCO1)CN2C(=O)[C@@]3(CCCC[C@@H]3C)NC2=O
dude_jak2__L005418,CCC(=O)N(c1nnc(s1)S[C@@H](C)C(=O)NC(=O)Nc2ccc(cc2C)C)C3CC3
dude_jak2__L005419,CC1([C@@H]2CC[C@@](C2)(C1=O)C(=O)NNc3ccc(cc3)[N+](=O)[O-])C
dude_jak2__L005420,Cc1cs/c(=N\S(=O)(=O)c2cc(cc(c2F)Cl)N)/[nH]1
dude_jak2__L005421,Cc1nc(on1)[C@@H](C)NC(=O)N(C)C2CC[NH+](CC2)C3CCC(CC3)C
dude_jak2__L005422,C[C@@H]1CCc2c3ccccc3[nH]c2[C@@]4(N1)c5ccccc5NC4=O
dude_jak2__L005423,CC1CCC2(CC1)C(=O)N(C(=O)N2)NC(=O)C[C@@H]3CCCO3
dude_jak2__L005424,CCOC(=O)Cn1c2c(sc1=O)[C@@H]([C@H]3[C@@H](S2)C(=O)N(C3=O)c4ccccc4)c5ccc(cc5)N(C)C
dude_jak2__L005425,CCCCN1C(=O)c2ccc(cc2C1=O)C(=O)Nc3ccc(cc3)S(=O)(=O)NC4=[NH+]CCC4
dude_jak2__L005426,c1ccc(c(c1)C(=O)Nc2nnc(s2)SCC(=O)n3c4c(c5c3CCCC5)CCCC4)C(=O)[O-]
dude_jak2__L005427,CS(=O)(=O)C1=NSC2=NC(=O)/C(=C\c3ccc(cc3)OC(=O)c4ccccc4Cl)/C(=[NH2+])N21
dude_jak2__L005428,CC[C@@H](C)NC(=O)CSc1nc2c(c(=O)n1c3ccccc3F)sc(=S)n2c4ccccc4C
dude_jak2__L005429,CC1(CC2(CC([NH2+]1)(C)C)[C@@](N(C(=O)O2)C[C@H](c3ccccc3)O)(C)O)C
dude_jak2__L005430,C[C@]1(C(=O)N(C(=O)N1)CC(=O)Nc2ccc(cc2[N+](=O)[O-])Cl)c3ccc4c(c3)CCC4
dude_jak2__L005431,CC1=NC2=C([C@H](C1C(=O)OCCOC)c3coc4ccccc4c3=O)C(=O)C[C@H](C2)c5ccccc5OC
dude_jak2__L005432,C[C@@H]1C[C@H](C[NH+](C1)C[C@@H](C)NC(=O)C(=O)Nc2ccc(cc2Cl)[N+](=O)[O-])C
dude_jak2__L005433,c1cc(oc1)/C=N/NC(=O)C[C@H]2C(=O)NCCN2
dude_jak2__L005434,Cc1cccc(c1C)n2ccnc2SCC(=O)NNC(=O)c3cccc(c3)[N+](=O)[O-]
dude_jak2__L005435,NC(=O)Nc2sc(c1ccc(F)cc1)cc2C(N)=O
dude_jak2__L005436,Cc1c(c(n(n1)Cc2c(cccc2Cl)Cl)Cl)/C=N/NC(=O)c3ccc(cc3)n4cnnn4
dude_jak2__L005437,CCS(=O)(=O)C1=NSC2=NC(=O)/C(=C\c3ccc(cc3)OC(=O)c4ccc(cc4)F)/C(=[NH2+])N21
dude_jak2__L005438,Nc2nn1cccnc1c2c5cc(N[C@@H]3CCc4ccccc34)ncn5
dude_jak2__L005439,COc1ccc(cc1)[C@@H](CNC(=O)c2ccc3c(c2)NC(=O)CO3)C4=c5ccccc5=[NH+]C4
dude_jak2__L005440,C[C@@H]1C(=c2cc(ccc2=[NH+]1)Br)CCN3C(=O)OC4([C@@]3(C)O)CCCCC4
dude_jak2__L005441,COc1cccc(c1)N2C(=O)/C(=C/N[C@H](CC3=c4ccccc4=[NH+]C3)C(=O)OC)/C(=O)NC2=O
dude_jak2__L005442,c1cc2=[NH+][C@@H]([NH+]=c2cc1F)[C@H]3CCCN3C(=O)c4cn(nn4)CC5CCCCC5
dude_jak2__L005443,CC[NH+]1CCN(CC1)C(=O)CC2CCN(CC2)C(=O)NC[C@H]3CCCO3
dude_jak2__L005444,Cc1cccc(c1NC(=O)COC(=O)c2c(cccc2Cl)Cl)[N+](=O)[O-]
dude_jak2__L005445,CCOC(=O)/C(=C\Nc1ccccc1[N-]S(=O)(=O)c2ccc(c(c2)Cl)C#N)/C#N
dude_jak2__L005446,c1cc(cc(c1)S(=O)(=O)[N-]c2cc3c(cc2Br)OCCO3)S(=O)(=O)NC4CC4
dude_jak2__L005447,CCOc1ccccc1N/C(=C(\C#N)/C(=O)c2cnn(c2C)c3ccc(cn3)C(F)(F)F)/[O-]
dude_jak2__L005448,Cc1c2cc(ccc2oc1C(=O)OCC(=O)Nc3ccc4c(c3)OCO4)Cl
dude_jak2__L005449,CCC[C@H](C)NC(=O)[C@H]1CCC[NH+](C1)CC(=O)Nc2cccc(c2C)[N+](=O)[O-]
dude_jak2__L005450,CCOc1cc(ccc1O[C@@H](C)C(=O)[O-])/C=C/2\C(=O)N(C(=S)S2)NC(=O)c3cccc(c3)Cl
dude_jak2__L005451,c1ccc(cc1)n2c(nnn2)NCCC3=c4ccccc4=[NH+]C3
dude_jak2__L005452,c1cc2=[NH+][C@H]([NH+]=c2cc1Cl)SCc3nc(on3)CCC(=O)N[C@H]4[C@@H]([C@@H]5CCCC[C@@H]5S4)C#N
dude_jak2__L005453,CCOC(=O)c1ccc(cc1)n2c(=O)c3c(c4c(c(c(nc4s3)C)Br)COC)nn2
dude_jak2__L005454,Cc1cc(cc(c1NC(=O)NC[C@@H](C[NH+]2CCC(CC2)C)O)C)Br
dude_jak2__L005455,c1ccc2c(c1)C(=NS2(=O)=O)NCCc3nnc4n3cccc4
dude_jak2__L005456,CCOC(=O)N[C@@H](C(Cl)(Cl)Cl)ON1c2ccccc2O[C@@H](C1=O)O
dude_jak2__L005457,COc5cc(c4cnc3cccc(c2ccc(CN1CCOCC1)c(F)c2)c3n4)cc(OC)c5OC
dude_jak2__L005458,Cc1ccc(c(c1)C)NS(=O)(=O)c2c([nH]c(=O)[nH]c2=O)C
dude_jak2__L005459,Cc1ccc(nn1)NC2CCCC2
dude_jak2__L005460,Cc1c(c(on1)C)CSc2n[nH]c(=O)n2Cc3ccco3
dude_jak2__L005461,c1ccc2c(c1)/C(=c/3\c(=O)n4c(s3)nc(n4)[C@@H]5COc6ccccc6O5)/C(=O)N2Cc7ccc(cc7)F
dude_jak2__L005462,C[C@@H]1CCC[C@@H](N1C(=O)COc2ccc(cc2)C(=O)N/N=C/C3=c4ccccc4=[NH+][C@@H]3C)C
dude_jak2__L005463,CC(C)c1c(c(n[nH]1)C(=O)N(C)Cc2cnn(c2)C)N
dude_jak2__L005464,Cc1ccc2c(c1)[C@]3(c4c(n(c(c4CCN3)C)c5ccccc5)C)C(=O)N2
dude_jak2__L005465,c1cc(c(=O)[nH]c1)C(=O)N[C@@H]2N/C(=C\C(=O)NCC3CCCCC3)/CS2
dude_jak2__L005466,CCN1C(=O)N(C(=O)C12CC[NH+](CC2)CC3=c4ccccc4=[NH+]C3)C5Cc6ccccc6C5
dude_jak2__L005467,c1ccc2c(c1)cccc2NC(=O)C[C@@H](c3ccc(cc3)Br)NC(=O)N
dude_jak2__L005468,CC[NH+]1CCC[C@H]1CNC(=O)[C@@H]2CN(CC23CC[NH2+]CC3)C(=O)[C@@H]4CCCN4C(=O)C(F)(F)F
dude_jak2__L005469,Cc1ccc(cc1)c2nnc3n2nc(s3)NC(=O)[C@@H](C)Oc4cc(c(c(c4)C)Cl)C
dude_jak2__L005470,CCOC(=O)c1cccc(c1)N[C@@H]2/C(=N/S(=O)(=O)c3cccc(c3)Cl)/N=c4ccccc4=[NH+]2
dude_jak2__L005471,c1cc(c(c(c1)Cl)/C=N/NC(=O)c2ccc(c(c2)Cl)Cl)Cl
dude_jak2__L005472,Cc1cc2=[NH+]C(=O)C(=O)[NH+]=c2cc1S(=O)(=O)N(CC(C)C)CC(C)C
dude_jak2__L005473,Cc1cc(cc(c1)OCC(=O)Nc2cc(ccc2OCc3cc(=O)n4c(n3)ncn4C(C)C)Cl)C
dude_jak2__L005474,COCC[NH+](Cc1[nH]c(=O)c2c(csc2n1)c3ccccc3)C[C@@H](COCc4ccccc4)O
dude_jak2__L005475,c1cc(c(cc1/C=N/NC(=O)c2cc(cc(c2)O)O)Cl)Cl
dude_jak2__L005476,C[C@H](Nc3nc(Nc1ncc(C#N)s1)cc(N2CCOCC2)n3)c4ccc(F)cn4
dude_jak2__L005477,CCC[C@@H](/C(=N/O)/N)C(=O)Nc1cc(ccc1Br)Br
dude_jak2__L005478,c1c(c(cc2c1[nH]c(=O)[nH]2)Br)[C@H](c3c[nH]nc3)Cl
dude_jak2__L005479,Cc1cc(n(n1)C(=O)CSc2nc3ccccc3c(=O)n2Cc4cccs4)N
dude_jak2__L005480,Cc1cc2c(cc1S(=O)(=O)N3CCC(CC3)C(=O)N4CCCCC4)O[C@@H](C(=O)N2)C
dude_jak2__L005481,C[C@H](C(=O)Nc1ccccc1SC)n2cc(cn2)[N+](=O)[O-]
dude_jak2__L005482,C[NH+]1CCC[C@H]1CCNC(=O)[C@@H]2Cc3ccccc3CN2S(=O)(=O)c4ccc(cc4)C(F)(F)F
dude_jak2__L005483,CCOC(=O)[C@H]1C(=c2cc(ccc2=[NH+]1)OC)NC(=O)C[NH+]3CCN(CC3)C4c5ccccc5-c6c4cccc6
dude_jak2__L005484,C[C@@H]1CN(CCN1C(=O)Cc2cccs2)C(=O)CSc3nnc(n3c4ccccc4)c5cccs5
dude_jak2__L005485,CC[C@H]1CCCCN1C(=O)Cn2c3c(c(c(s3)C(=O)N(C)C)C)c(=O)n(c2=O)c4ccc(cc4)Cl
dude_jak2__L005486,C[C@@H]1C[NH+]=C(C(=O)N1CC(=O)NCc2ccc3c([nH+]2)cc[nH]3)NCCc4ccccc4
dude_jak2__L005487,CC[C@@]1(C(=O)N(C(=O)N1)CC(=O)NC[C@@H](c2ccc(cc2)OC)C3=c4ccccc4=[NH+]C3)C
dude_jak2__L005488,C[C@@]1(C(=O)N(C(=O)N1)C[C@@H](COc2ccc(cc2)Br)O)c3ccc4c(c3)OCO4
dude_jak2__L005489,CCn1cc(ccc1=O)NC(=O)NCc2c[nH]nc2C
dude_jak2__L005490,c1cc(c(cc1[N+](=O)[O-])N)S(=O)(=O)NC[C@H]2CCCOC2
dude_jak2__L005491,CCOc1ccc2=[NH+][C@H](C(=c2c1)NC(=O)C[NH+]3CCN(CC3)c4ccccc4F)C(=O)OCC
dude_jak2__L005492,CC(C)S(=O)(=O)c1c(n(nn1)c2nccs2)N
dude_jak2__L005493,c1cc(sc1)c2nc(cs2)C(=O)OCC(=O)NN3C(=O)C4(CCCCC4)NC3=O
dude_jak2__L005494,CC1=C[C@H](N=N1)[C@@H]2NN[C@@H](N2N)SCC(=O)c3ccc(cc3)Br
dude_jak2__L005495,c1ccc(c(c1)Oc2c(c(=O)n3ccccc3n2)/C=C/4\C(=O)N(C(=S)S4)Cc5ccc(cc5)F)F
dude_jak2__L005496,c1cc(oc1)C(=O)N(CCc2ccc(cc2)F)Cc3cc4ccc(cc4[nH+]c3N5CCC(CC5)O)Cl
dude_jak2__L005497,Cc1cccc(c1)N2CC[NH+](C[C@@H]2C)CC(=O)NC3=c4cc(ccc4=[NH+][C@@H]3C(=O)OC)C
dude_jak2__L005498,C[C@H]([C@H]1C[C@H]2CC[C@@H]1C2)NC(=O)C(=O)Nc3ccc(cc3)n4cnnn4
dude_jak2__L005499,Cc1ccc(c(c1)Cl)NC(=O)CSc2nc3cn(nc3c(=O)n2CCC(C)C)C
dude_jak2__L005500,C[C@@H]1CCCC[C@H]1NC(=O)CN(C)S(=O)(=O)c2ccc3c(c2)C(C(=O)N3C)(C)C
dude_jak2__L005501,c1cc(c(c(c1)Cl)/C(=N\O)/N)Sc2ccc(cc2)Cl
dude_jak2__L005502,c1cc(cc(c1)[N+](=O)[O-])C(=O)NNC(=O)c2cccc(c2)Br
dude_jak2__L005503,Cc1cccc(c1)C(=O)NCc2nnc(n2c3cccc(c3)C)SCC(=O)Nc4nnc(s4)C
dude_jak2__L005504,Cc1cc(n2c(n1)c(cn2)C(=[NH2+])NOC(=O)Nc3ccc(cc3)Cl)C
dude_jak2__L005505,Cc1ccc(cc1)[C@H]2[C@H]3C(=c4cc(ccc4=[NH+]3)Cl)CCN2S(=O)(=O)c5cccc6c5nsn6
dude_jak2__L005506,C1CC[C@@H]2[C@H](C1)N=N[NH+]2C3CCC(CC3)NC4(CCCC4)C#N
dude_jak2__L005507,CC[C@H](C)N1C(=O)[C@@H]2[C@H](N[C@]3([C@@H]2C1=O)c4cc(ccc4NC3=O)F)CC5=c6ccccc6=[NH+]C5
dude_jak2__L005508,C[C@@H]1C[C@@H](CC(C1)(C)C)CC(=O)NNC(=O)N[C@@H]2CCS(=O)(=O)C2
dude_jak2__L005509,Cc1ccccc1Nc2nc(nc(n2)N)CN3CCNC(=O)[C@H]3C(C)C
dude_jak2__L005510,CC1=C([C@@H](n2c(=O)/c(=C\c3ccc(c(c3)OC)OC(=O)C)/sc2=N1)c4cccs4)C(=O)OC
dude_jak2__L005511,C[C@@]1(C(=O)N(C(=O)N1)CC(=O)N(C)Cc2ccc3cc(ccc3c2)OC)c4ccc(cc4)C(C)(C)C
dude_jak2__L005512,c1cc2c(cc1Cl)nc(o2)/C(=C\NC34C[NH+]5CN(C3)CN(C4)C5)/C=O
dude_jak2__L005513,Cc1nnc(s1)NC(=O)CSC2=NNC(=C3C=CC(=O)C=C3)O2
dude_jak2__L005514,CN(C)c1c(cc(o1)/C=N\NC(=O)c2ccc(c(c2)O)I)Br
dude_jak2__L005515,C=CCN1c2cc(ccc2O/C(=C/c3ccc(cc3)Cl)/C1=O)N
dude_jak2__L005516,c1cc(ccc1[C@@H](CN2CC[NH2+]CC2)N3CCCCC3)[N+](=O)[O-]
dude_jak2__L005517,C[C@@H](C(=O)NNC(=O)[C@H]1COc2ccccc2O1)OC
dude_jak2__L005518,Cc1cc(c(n1c2cc(on2)C)C)C(=O)CN3C(=O)[C@](NC3=O)(C)c4ccc(cc4)C(C)(C)C
dude_jak2__L005519,c1ccc(c(c1)C(=O)NNC(=O)NC[C@@H](c2ccco2)[NH+]3CCCCC3)F
dude_jak2__L005520,c1cc(cc(c1)C(F)(F)F)CNC(=O)[C@@H]2CN(CC23CC[NH2+]CC3)C(=O)c4cc(cc(c4)F)F
dude_jak2__L005521,CN1C(=O)C=C[C@@H](N1)C(=O)N2CCC3=c4ccccc4=[NH+][C@H]3[C@@H]2c5ccc(cc5F)OC
dude_jak2__L005522,Cc1cc(cc(c1)/C=C(/C#N)\C(=O)NC)C
dude_jak2__L005523,CC(=O)[C@@H]1CC[C@H]2[C@@]1(C[C@H]([C@@H]3[C@H]2CC[C@@H]4[C@]3([C@@H](C[C@@H](C4)O)O)C)O)C
dude_jak2__L005524,CCCc1nnc2n1N[C@@H]([C@H](S2)C(=O)Nc3cccc(c3)OC)c4ccc(cc4)Cl
dude_jak2__L005525,c1cc2cccc3c2c(c1)C(=O)N(C3=O)CC[NH+]4CCN(CC4)C[C@H](COc5ccc6c(c5)OCO6)O
dude_jak2__L005526,Cc1c(non1)CN(C)[C@H]2CCc3c(sc4c3c(=O)n(cn4)Cc5cccc(c5)C(F)(F)F)C2
dude_jak2__L005527,Cc1cc2=[NH+]C(=O)C(=O)[NH+]=c2cc1S(=O)(=O)N3CCN(CC3)CCOc4ccc(cc4)Cl
dude_jak2__L005528,Cc1cc(nc(=O)[nH]1)SCC(=O)Nc2cc(on2)C
dude_jak2__L005529,COc1cccc(c1)/C=C\2/C(=O)c3ccc(c(c3O2)CO)O
dude_jak2__L005530,Cc1cc(c2c(c1)sc(n2)NC(=O)c3cc(cn3C)S(=O)(=O)NC)C
dude_jak2__L005531,CN1C[C@@H]([C@@]2([C@@]13c4cc(ccc4N(C3=O)C)Cl)C(=O)N(C(=S)S2)Cc5ccco5)c6ccco6
dude_jak2__L005532,Cc1cc(c(cc1Cl)C2=NN=C3[C@@H]2[C@H](N(C3=O)CCO)c4cccc(c4)OC)O
dude_jak2__L005533,CC1CCC2(CC1)C(=O)N(C(=O)N2)NC(=O)C[NH+](C)Cc3ccccc3OC(F)(F)F
dude_jak2__L005534,Cc1ccc(c(c1)Br)N[C@H]2c3c(cccc3Br)NC2=O
dude_jak2__L005535,Cc1cccc(c1C)NC(=O)C[NH+](C)[C@H](C)C(=O)Nc2ccccc2SC
dude_jak2__L005536,C[C@H]1CCC[C@H](C1)NC(=O)CN2CCN(CC2)C(=O)NCC[NH+]3CCCCC3
dude_jak2__L005537,CCOC(=O)c1ccc(cc1)n2c(cc(c2C)/C=C/3\C(=O)N(C(=S)N(C3=O)c4ccccc4)C)C
dude_jak2__L005538,Cc1ccsc1C(=O)NNC(=O)c2ccc(nn2)n3ccnc3
dude_jak2__L005539,c1ccc(cc1)COc2ccc(cc2Br)/C=C\c3c(c(=O)[nH]c(n3)[O-])[N+](=O)[O-]
dude_jak2__L005540,CCc1cc(=O)oc2c1ccc(c2)OCC(=O)NCC(=O)N3CC[C@@]4(CCCC[C@@H]4C3)O
dude_jak2__L005541,C[C@@]1(C(=O)N(C(=O)N1)C[C@H](COc2c(cccc2Cl)Cl)O)c3ccc4c(c3)OCCO4
dude_jak2__L005542,CCCc1c(c(n[nH]1)C(=O)N[C@]2(CCC[C@H](C2)C)CO)N
dude_jak2__L005543,C[C@H]1C[C@H]2[C@@H]3CCC4=CC(=O)C=C[C@@]4([C@@]3([C@@H](C[C@@]2([C@@]1(C(=O)CCl)OC(=O)c5ccco5)C)O)Cl)C
dude_jak2__L005544,CCc1nnc(s1)N2[C@H](c3c(=O)c4cc(ccc4oc3C2=O)F)c5cccc(c5)OCc6ccccc6
dude_jak2__L005545,CC[C@H](C)NC(=O)Cn1cc(c(=O)c2c1nc(cc2)C)c3nc(no3)c4ccc(cc4)Cl
dude_jak2__L005546,C[C@@H]1Cc2cc(c(=O)[nH]c2C[C@H]1C)C#N
dude_jak2__L005547,c1cc2c(cc1[N+](=O)[O-])CCCN2C(=O)CSc3nnc(s3)N
dude_jak2__L005548,CS(=O)(=O)Nc1ccccc1C2=NN([C@@H](C2)c3ccccc3Cl)C(=O)CCC(=O)[O-]
dude_jak2__L005549,C[C@H](C(=O)Nc1ccc(cc1)S(=O)(=O)NC(C)C)OC(=O)[C@@H]2Cc3ccccc3C(=O)O2
dude_jak2__L005550,CCC(CC)(CNC(=O)N1CCC(CC1)[C@H](c2ccc(cc2)Cl)O)[NH+](C)C
dude_jak2__L005551,Cc1c(sc2c1c(=O)n(cn2)CCS(=O)(=O)Nc3ccc(cc3C(=O)[O-])Cl)C
dude_jak2__L005552,[H]/N=C\1/N(C(=O)/C(=C/c2cc(ccc2OCc3ccccc3Cl)[N+](=O)[O-])/S1)c4nccs4
dude_jak2__L005553,CCNC(=O)N1Cc2c([nH+]c[nH]2)C[C@H]1C(=O)NCc3ccc(cc3)C(F)(F)F
dude_jak2__L005554,C[C@H](Oc2nc(Nc1cc(C)[nH]n1)c(C)nc2C#N)c3ccc(F)cn3
dude_jak2__L005555,CC1=C([C@@H](n2c(nc(n2)c3ccncc3)N1)c4ccccc4)C(=O)N
dude_jak2__L005556,CN1CCCc2c1ccc(c2)[C@H](CNC(=O)C(=O)Nc3ccc(cc3)[N+](=O)[O-])[NH+](C)C
dude_jak2__L005557,Cc1c(c(c(c(c1C)C)C(=O)OCC(=O)NNC(=O)[C@@H]2COc3ccccc3O2)C)C
dude_jak2__L005558,CC(=O)NC[C@@H]1CCC[NH+](C1)Cn2nc(nn2)c3ccc(cc3)Cl
dude_jak2__L005559,CC(C)C1=C[C@H](N=N1)[C@H]2NN[C@@H]3N2N=C(S3)/C=C/c4ccccc4OC
dude_jak2__L005560,CCC(C)(C)NC(=O)CN1C(=O)[C@](NC1=O)(C)c2ccc3c(c2)OCO3
dude_jak2__L005561,c1ccc(cc1)S(=O)(=O)N=C2C=C(C(=O)c3c2cccc3)NNC(=O)C4=CCNC=C4
dude_jak2__L005562,CN(C)c1ccc(cc1)[C@H]2c3c(c4ccccc4s3)OC(=C2C#N)N
dude_jak2__L005563,C[C@@H]1CCCCN1S(=O)(=O)Nc2ccc3c(c2)CCCN3
dude_jak2__L005564,C[C@H](c1nc(no1)c2cccs2)[NH+]3CCC(CC3)NS(=O)(=O)c4cccs4
dude_jak2__L005565,CC1(C[C@H]1NC(=O)C2(CCCCCC2)C[NH3+])C
dude_jak2__L005566,Cc1cccc2=C(C[NH+]=c12)CN3CCN4[C@@H](C3)C=C(N4)C(=O)OC
dude_jak2__L005567,c1ccc2c(c1)[C@@]3([C@@H]4CCC[NH+]4[C@]5([C@@H]3C(=O)c6cccc(c6)[N+](=O)[O-])c7ccccc7NC5=O)C(=O)N2
dude_jak2__L005568,C[C@@](CSc1nc(cc(n1)N)N)(c2ccccc2)O
dude_jak2__L005569,CC1=C([C@@H](NC(=O)N1)c2cc3c(cc2Br)OCO3)C(=O)OC[C@H]4CCCO4
dude_jak2__L005570,COc1ccc(cc1)S(=O)(=O)/N=C\2/[C@H]([NH+]=c3ccccc3=[NH+]2)NCCc4ccccc4
dude_jak2__L005571,c1cc[nH+]c(c1)N2CCN(CC2)C[C@@H](COc3ccc(cc3)OC[C@H](CN4CCN(CC4)c5cccc[nH+]5)O)O
dude_jak2__L005572,C[C@@H](C(=O)NNC(=O)c1cc2c(c(c1)Cl)OCO2)Oc3cccc(c3)Br
dude_jak2__L005573,CCOC(=O)c1ccc2c(c1)s/c(=N/C(=O)c3ccc(cc3)S(=O)(=O)N4C[C@H](O[C@H](C4)C)C)/n2C
dude_jak2__L005574,Cc1ccc(cc1)N2C(=O)/C(=C/N[C@H](CC3=c4ccccc4=[NH+]C3)C(=O)OC)/C(=O)NC2=O
dude_jak2__L005575,Cc1ccc(c(c1)C(=O)c2ccccc2)NC(=O)[C@H](C)[NH+](CCO)CCO
dude_jak2__L005576,Cc1ccc(c(c1)Cl)NC(=O)[C@@H]2CC(=O)N3N2C(C(=O)N=C3S)(C)C
dude_jak2__L005577,Cc1nnc(n1C2CCCCC2)SCC(=O)c3c(n(c(=O)n(c3=O)C)Cc4ccccc4)N
dude_jak2__L005578,CS(=O)(=O)c1ccc2c(c1)sc(n2)NC(=O)CCc3csc(n3)NC(=O)c4ccco4
dude_jak2__L005579,Cc1ccc(c(c1)S(=O)(=O)C2(CCCC2)C(=O)Nc3cccc(c3)[N+](=O)[O-])C
dude_jak2__L005580,CCOC(=O)CS[C@H]1[NH+]=c2ccccc2=C3N1NC(=[NH+]3)CCC4=C(N=N[C@@H]4C)C
dude_jak2__L005581,CC1=C2[C@H](CC(=O)N[C@H]2N(N1)c3ccc(nn3)[O-])c4ccc(c(c4)OC(C)C)OC
dude_jak2__L005582,CC[NH+](CC)CCN(c1nc2c(s1)cccc2Cl)C(=O)[C@@H]3CCCN3S(=O)(=O)c4cccs4
dude_jak2__L005583,Cc1c(c(=O)[nH]c(=O)[nH]1)S(=O)(=O)NC2CCCCCCC2
dude_jak2__L005584,C[C@@H]1CC(=C(N1C[C@@H]2COc3ccccc3O2)C)C(=O)CSc4nnc(o4)C5=c6ccccc6=[NH+]C5
dude_jak2__L005585,Cc1c(nc(s1)C)c2c(n(c(=O)[nH]c2=O)CCOC)N
dude_jak2__L005586,c1ccc(c(c1)CNC(=O)CSc2c(c3c(s2)c([nH]c(=O)n3)[O-])C#N)Cl
dude_jak2__L005587,c1cc(ccc1c2nnnn2c3cc(cc(c3F)F)F)N
dude_jak2__L005588,C[NH+](CCNS(=O)(=O)c1ccc(cc1N)Br)CCOC
dude_jak2__L005589,Cc1ccc(c(c1)C)O[C@H]2[C@H]([C@@H]([C@@H]3[C@@H](O2)CO[C@@H](O3)c4ccco4)O)O
dude_jak2__L005590,C[NH+](C[C@@H]1COc2ccccc2O1)CC(=O)NCc3ccc(cc3)NC(=O)OC
dude_jak2__L005591,CC1(Cc2c3c4nc(nn4cnc3sc2C([NH2+]1)(C)C)CO/N=C/c5ccccc5)C
dude_jak2__L005592,C[C@@H]1CCc2c(cc(s2)C(=O)NNC(=O)NCC(=O)N(C)C)C1
dude_jak2__L005593,C/C(=N/N=C\1/N=C([C@@H](S1)CC(=O)Nc2ccc(cc2)Cl)O)/c3ccc(cc3)[N+](=O)[O-]
dude_jak2__L005594,CC[C@@H]1[C@@H](C(=O)C=C(N1C[C@@H]2CCC[NH+]2CC)C)C(=O)N3CCC4=c5ccccc5=[NH+][C@@H]4C3
dude_jak2__L005595,Cc1ccccc1[C@H]2C(=C(N(C3=C2C(=O)CCC3)c4nc[nH]n4)N)C#N
dude_jak2__L005596,Cc1ccc(c(c1)C)S(=O)(=O)N2CCN(CC2)C(=O)CN3C(=O)[C@](NC3=O)(C)c4ccc(cc4)Cl
dude_jak2__L005597,C[C@@H](C(=O)N1CCN(CC1)S(=O)(=O)c2ccc(s2)Br)Oc3ccc(cc3)OC
dude_jak2__L005598,CN(Cc1cscn1)c2ccc(cc2/C(=N/O)/N)[N+](=O)[O-]
dude_jak2__L005599,[H]/N=C\1/N[C@@H](C2=NC=NC2=N1)S[C@@H](C)C(=O)NC[C@@H]3CCCC[C@@H]3O
dude_jak2__L005600,COc1ccccc1NC(=O)C(=O)N/N=C/c2cc(c(cc2OC)OC)Br
dude_jak2__L005601,CC1=C([C@H](C2=C(N1)C[C@@H](CC2=O)c3ccc(c(c3)OC)OC)c4ccc(c(c4)OC)OC(=O)C)C(=O)OC
dude_jak2__L005602,c1ccc2c(c1)ncc(=O)n2CC(=O)NCc3ccc([nH+]c3)N4CCCCCC4
dude_jak2__L005603,c1cc(ccc1/C=C\C(=O)NCC[NH+]2CCN(CC2)c3nc4ccc(cc4s3)Br)[N+](=O)[O-]
dude_jak2__L005604,CC[NH+]1CCN(CC1)c2c(cccc2Cl)NC(=S)NC(=O)c3ccc(c(c3)[N+](=O)[O-])N4CCCC4
dude_jak2__L005605,[H]/N=C\1/N(C(=O)/C(=C/c2ccc(cc2O)O)/S1)c3ccc(cc3)C
dude_jak2__L005606,C[C@@H]1C[C@@H](C[NH+](C1)Cc2c(ccc3c2O/C(=C\c4cc(cc5c4OCOC5)Cl)/C3=O)O)C
dude_jak2__L005607,Cc1ccc2c(cc(=O)oc2c1)CSc3nc4cc(ccc4c(=O)n3CCO)C(=O)[O-]
dude_jak2__L005608,Cc1cc(nc(n1)S[C@@H](C)C(=O)N2c3ccccc3NC(=O)C2(C)C)N
dude_jak2__L005609,c1cc(cc(c1)Br)OC[C@@H](C[NH+]2CCC(CC2)CC(=O)N)O
dude_jak2__L005610,CC(=O)NNC(=O)c1c2[nH]c(=O)c3ccccc3n2c(=S)s1
dude_jak2__L005611,C[C@]12C[C@H](CC(C1)(C)C)N(C2)C(=O)c3cc(c[nH]3)N
dude_jak2__L005612,c1ccc2=[NH+]CC(=c2c1)C[C@@H](C(=O)OCC(=O)NCc3ccc(cc3)Cl)NC(=O)c4ccc(cc4)F
dude_jak2__L005613,c1ccc(cc1)n2cc(c(n2)C(=O)NNC(=O)Cc3ccccc3F)O
dude_jak2__L005614,CC[NH+](CC)[C@H](Cc1ccccc1)CNC(=O)CN2C(=O)[C@](NC2=O)(C)c3ccc(cc3)OC
dude_jak2__L005615,CCOc1cc(ccc1O)[C@@H]2c3c(=O)c4cc(ccc4oc3C(=O)N2c5nc(c(s5)C(=O)OC)C)C
dude_jak2__L005616,CC[NH+]1CCN(CC1)[C@H](c2cc3cc4c(cc3[nH]c2=O)OCO4)c5nnnn5CCOC
dude_jak2__L005617,C[C@@H]1CCCC[NH+]1CCCNC(=O)CC2CCN(CC2)C(=O)[C@@H]3C=c4cc(ccc4=[NH+]3)Cl
dude_jak2__L005618,C[C@@H](C(=O)Nc1ccc(c(c1)[N+](=O)[O-])F)[NH2+][C@H](c2ccc3c(c2)OCCO3)C(C)C
dude_jak2__L005619,CCn1c2ccc(cc2nc1CSc3nnc(s3)SCC(=O)N)C(=O)[O-]
dude_jak2__L005620,c1cc(ccc1N[C@@H]2C3=NC=NC3=NC(=N2)N)OC(F)(F)F
dude_jak2__L005621,C1=C[C@@H]([C@@H]2C(=C1)[C@@H]([C@@H](S2)C(=O)N(CC3=CC=C[C@@H]4C3=CC=N4)CC5=CC=C[C@@H]6C5=CC=N6)Cl)[N+](=O)[O-]
dude_jak2__L005622,Cc1cccc(c1)C(=O)NC2=c3cc(ccc3=[NH+][C@@H]2C(=O)NCCC4=CCCCC4)C
dude_jak2__L005623,Cc1cc(cc(c1)c2ccc(o2)[C@@H](C)O)C
dude_jak2__L005624,c1cc2c(cc1[N+](=O)[O-])C[C@@H]([C@H]3N2CC[NH+](C3)C4CCCC4)C(=O)NC5CC5
dude_jak2__L005625,C[C@H]1CCCC[C@]12C(=O)N(C(=O)N2)CC(=O)O[C@@H](C)C(=O)Nc3ccc(cn3)Cl
dude_jak2__L005626,CC1(Cc2c(sc(c2C#N)NC(=O)N3CCN(CC3)CC(=O)N4CCCCC4)CO1)C
dude_jak2__L005627,CC(C)C[C@H]1[C@H]2[C@H](C(=O)N(C2=O)CCc3ccccc3)[C@@]4([NH2+]1)c5cc(ccc5NC4=O)Br
dude_jak2__L005628,c1ccc2=[NH+]C([NH+]=c2c1)NC(=O)COc3cc4c(cc3Cl)c5c(c(=O)o4)CCCC5
dude_jak2__L005629,Cc1ccc(c(c1)C)NC(=O)NC(=O)COC(=O)[C@@H](C)N2C(=O)c3ccc(cc3C2=O)C
dude_jak2__L005630,CCNC(=O)Cn1ccc(n1)NC(=O)c2c(c3cccc(c3o2)C)C
dude_jak2__L005631,Cc1cccc(c1)N2C(=O)[C@H]3[C@H]4CCC[NH+]4[C@@]5([C@H]3C2=O)c6cccc(c6NC5=O)Cl
dude_jak2__L005632,Cc1ccc(cc1)c2nc(on2)CSc3nnc(n3N)c4ccco4
dude_jak2__L005633,CCOC1=C[C@H]2C[C@@H]3CO[P@@](=O)(N[NH+]3C[C@@H]2C=C1S(=O)(=O)Oc4ccccc4)c5ccccc5O
dude_jak2__L005634,Cc1ccc(cc1/N=C\2/N[C@H](CS2)C)Cl
dude_jak2__L005635,CC[C@@H]1CO[C@H](CN1S(=O)(=O)c2c(cccc2N)C)C
dude_jak2__L005636,CC1=C([C@@H](NC(=O)N1)c2ccccc2Cl)C(=O)N/N=C/c3ccccc3O
dude_jak2__L005637,c1c(cc(c(c1C(=O)[O-])NC(=O)C2(CCCC2)[NH3+])Br)Br
dude_jak2__L005638,CC[C@@H](C)c1nc(c2c3c(sc2n1)CCCC3)N4CCN(CC4)S(=O)(=O)c5cccc6c5nccc6
dude_jak2__L005639,c1cc[nH+]c(c1)N2CCN(CC2)C(=O)[C@H]3CC=CC[C@H]3C(=O)NCc4ccc(cc4)C(F)(F)F
dude_jak2__L005640,Cc1csc(n1)NC(=O)CN2CCN(CC2)CC3[NH+]=c4ccccc4=[NH+]3
dude_jak2__L005641,CC(C)C(=O)N1CCC(CC1)NC(=O)[C@@H]2CN(CC23CC[NH2+]CC3)C(=O)[C@H]4COc5ccccc5O4
dude_jak2__L005642,CC1=c2cc(cc(c2=[NH+][C@@H]1c3ccccc3)CNC(=O)C[C@@H]4CCC(=O)N4)Cl
dude_jak2__L005643,C[C@@H]1CCc2c(sc(c2C#N)NC(=O)/C=C/c3ccc(cc3Cl)Cl)C1
dude_jak2__L005644,CCOc1cc(ccc1NCC(=O)N2c3ccccc3NC(=O)C[C@@H]2C)C
dude_jak2__L005645,c1ccc(cc1)CS(=O)(=O)CCCC(=O)Nc2ccc(cc2)C3[NH+]=c4ccccc4=[NH+]3
dude_jak2__L005646,c1ccc(c(c1)NC(=O)Cn2cnc3c(c2=O)nnn3Cc4cccc(c4)C(F)(F)F)Cl
dude_jak2__L005647,c1cc(c(cc1C(=O)Nc2nnc(s2)Cc3ccc(cc3Cl)Cl)[N+](=O)[O-])Cl
dude_jak2__L005648,c1cc(ccc1N2C(=O)C[C@H](C2=O)[NH+]3CCCCCC3)N4C(=O)C[C@H](C4=O)[NH+]5CCCCCC5
dude_jak2__L005649,c1cc2c(cc1Cl)[C@@H](CCS2)NC(=O)CCCC[C@@H]3[C@@H]4[C@@H](CS3(=O)=O)NC(=O)N4
dude_jak2__L005650,C[C@]1(C(=O)N(C(=O)N1)CC(=O)NCCC2=c3ccccc3=[NH+]C2)c4ccc5c(c4)CCC5
dude_jak2__L005651,Cc1ccc(c(c1)C)NC(=O)C2=C(N=C3N=CNN3[C@H]2c4ccccc4C)C
dude_jak2__L005652,c1ccc(cc1)c2nn3c(=O)cc(nc3s2)CN4CCN(CC4)S(=O)(=O)c5ccc(s5)Cl
dude_jak2__L005653,Cc1ccc(cc1[N+](=O)[O-])NC(=O)CCCC[C@H]2[C@H]3[C@@H](CS2)NC(=O)N3
dude_jak2__L005654,C[C@H](C(=O)NC(=O)NC)Sc1[nH]nc(n1)c2ccccc2
dude_jak2__L005655,CC[C@@H](C)N1C(=O)/C(=C/Nc2c(ccc3c2c(c(n3C)C)C(=O)OCC)OC)/C(=O)NC1=S
dude_jak2__L005656,Cc1cc(c(c(c1)O[C@H]2CCCC[C@H]2O)C)C
dude_jak2__L005657,Cc1ccc(cc1)[C@H]2[C@@H]3[C@@H](NN=C3C(F)(F)F)OC(=C2C#N)N
dude_jak2__L005658,CCOc1ccc2c(c1)cc(c(=O)[nH]2)C[NH+](C3CCCC3)[C@H](c4nnnn4Cc5ccco5)C(C)C
dude_jak2__L005659,c1ccc(cc1)N2C[C@H](CC2=O)C(=O)NCC[NH+]3CCN(CC3)C(=O)/C=C/c4ccc5c(c4)OCO5
dude_jak2__L005660,C[NH+]1CCc2cc3c(c(c2[C@H]1CC(=O)C[C@H]4c5c(cc6c(c5OC)OCO6)CCN4C)OC)OCO3
dude_jak2__L005661,Cc1cc(c2=[NH+]C(=O)[C@@H](C=c2c1)[C@H]([C@@H]3NN=NN3C(C)(C)C)[NH+](Cc4ccco4)Cc5cccs5)C
dude_jak2__L005662,Cc1cc2nnc(n2c3c1cccc3)SCC(=O)Nc4c(c(c(n4c5ccc(cc5)OC)C)C)C#N
dude_jak2__L005663,Cc1ccc(cc1C)NC(=O)Cc2nnc(n2C)S[C@H](C)C(=O)Nc3nc(cs3)C
dude_jak2__L005664,Cc1ccc(cc1)O[C@H]2CCCCC[C@@H]2O
dude_jak2__L005665,Cc1c(c(n(n1)c2ccc(cc2)C(=O)NNC(=O)NC3CC3)C)Cl
dude_jak2__L005666,c1c(cnc2c1[nH]c(n2)Cc3csc(n3)N)Br
dude_jak2__L005667,c1cc(c(cc1C(=O)Nc2ccc3c(c2)[nH]c(=O)[nH]3)Cl)Cl
dude_jak2__L005668,c1ccc2=[NH+]CC(=c2c1)CCCC(=O)NCC3=CC[C@H](S3)S(=O)(=O)N
dude_jak2__L005669,C/C=C\1/C[NH2+][C@H]2CC3=C(C(=O)C[C@H]1[C@@H]2C(=O)OC)N=C4C3=CCC=C4
dude_jak2__L005670,c1ccc2=[NH+]CC(=c2c1)C3CC[NH+](CC3)CCC(=O)Nc4ccc5c(c4)OCO5
dude_jak2__L005671,c1cc(sc1)[C@H]2CC(=O)Nc3c2sc(n3)N
dude_jak2__L005672,CN5CCN(c4cc(Nc1ccccc1Cl)nc(n2cnc3ccncc23)n4)CC5
dude_jak2__L005673,Cc1ccc(c(c1)C)NC(=O)c2c(c3c(s2)ncn(c3=O)CC(=O)c4ccc5c(c4)N(C(=O)CO5)C)C
dude_jak2__L005674,Cc1cccc(c1)C(=O)NNS(=O)(=O)c2cccc(c2C)[N+](=O)[O-]
dude_jak2__L005675,C[C@H]1Cc2cc3c(cc2NC1)OCO3
dude_jak2__L005676,C[NH+]1CCc2cc3c(c(c2[C@@H]1C/N=C/C4C(=NC(=O)N(C4=O)c5cccc(c5)F)O)OC)OCO3
dude_jak2__L005677,C1CCC(CC1)NC(=O)C[NH+]2CCN(CC2)c3nc4c(c5c(s4)CCCC5)c(=O)n3CC(=O)N6CC6
dude_jak2__L005678,c1ccc2=[NH+][C@@H]3C(=c2c1)N=NC(=N3)SCC(=O)N[C@H]4CC(=O)NC(=O)N4C5CCCCC5
dude_jak2__L005679,c1c(cc(c(c1N)Br)S(=O)(=O)NCc2nc[nH]n2)Cl
dude_jak2__L005680,C1CCCC(CC1)C(=O)NC2(CCCCCC2)C(=S)N
dude_jak2__L005681,CC(Nc2nc(Nc1cc(C)[nH]n1)cnc2C#N)c3ccc(F)cn3
dude_jak2__L005682,Cc1ccc(cc1)c2nc(c(o2)C)CS[C@@H]3N[C@H]4C(=NC=NC4=O)N3c5ccccc5
dude_jak2__L005683,c1ccc2=[NH+]CC(=c2c1)CCNc3c(=O)n(ccn3)c4ccc5c(c4)OCCO5
dude_jak2__L005684,CCn1c(c(c(n1)C)NC(=O)[C@@]2(C(=O)Nc3cc(ccc3O2)C)C)C
dude_jak2__L005685,COc1ccc(cc1N2CC[NH+](CC2)Cc3cc(=O)[nH]c(n3)N4CCN(CC4)C(=O)C5CCC5)Cl
dude_jak2__L005686,COc1cc2c(c(c1)O)nc3n(c2=O)-c4ccccc4C(=O)N5[C@H]3CCC5
dude_jak2__L005687,C[C@H]1C(=O)Nc2cc(ccc2S1)C(=O)OCC(=O)Nc3ccc(cc3[N+](=O)[O-])Cl
dude_jak2__L005688,C[C@@H](C(=O)NC1=c2c(=[NH+][C@@H]1C(=O)OC)cccc2OC)[NH+]3CCN(CC3)c4ccccc4OC
dude_jak2__L005689,c1ccc(c(c1)[C@H]2CCC[C@]3(C2)CCC[C@@H](N3I)O)O
dude_jak2__L005690,CCOc1ccc2=[NH+][C@@H]([NH+]=c2c1)SCc3cc(=O)oc4c3ccc(c4)O
dude_jak2__L005691,c1ccc(cc1)S(=O)(=O)Nc2ccc(c(c2)NS(=O)(=O)c3ccccc3)[N+](=O)[O-]
dude_jak2__L005692,c1ccc2c(c1)C[C@@H](OC2=O)C(=O)NCc3nnc4n3CCC4
dude_jak2__L005693,C[C@H](c1ccccn1)NC(=O)CN2C(=O)c3cc4c(n3CC(=N2)C(C)(C)C)ccs4
dude_jak2__L005694,Cc1ccccc1OCC(=O)Nc2cc(nn2c3[nH]c(=O)c4c(n3)CCCC4)c5cccs5
dude_jak2__L005695,c1cc(ccc1[C@H]2c3c(=O)c4cc(ccc4oc3C(=O)N2CCN5CCOCC5)Br)[N+](=O)[O-]
dude_jak2__L005696,Cc1cc(nc2c1[C@@H]([NH+]=N2)NC(=O)[C@@H](C)n3cc(c(n3)C)Br)C
dude_jak2__L005697,CC(C)NC(=O)[C@H]1Cc2cc(ccc2N3[C@@H]1CN(CC3)c4ccccc4C#N)[N+](=O)[O-]
dude_jak2__L005698,CC(=O)N1CCc2ccc(cc2[C@H]1c3cccc(c3)F)OCc4nc(cs4)C(=O)NCC[NH+]5CCCC5
dude_jak2__L005699,Cc1c(sc2c1c(=O)[nH]c(n2)C[NH+]3CCN(CC3)c4c5ccsc5ncn4)C
dude_jak2__L005700,CCOC(=O)c1c2c(sc1NC(=O)Cc3c4ccc(cc4ccc3OC)Br)C[NH+](CC2)C
dude_jak2__L005701,C[NH+]1[C@@H]2CC[NH+]([C@@H]2C(=O)NC[C@@H]1CCC(=O)NCc3cccs3)Cc4ccc(cc4)S(=O)(=O)C
dude_jak2__L005702,C[C@H](c1cccc2c1cccc2)NC(=O)NNC(=O)[C@H]3CCS(=O)(=O)C3
dude_jak2__L005703,CCCCOc1ccc(cc1OCC)[C@@H]2c3c(=O)c4cc(ccc4oc3C(=O)N2c5nnc(s5)CC)F
dude_jak2__L005704,Cc1ccc(c(c1)S(=O)(=O)/N=C\2/[C@H]([NH+]=c3ccccc3=[NH+]2)Nc4ccc(c(c4)[N+](=O)[O-])Cl)C
dude_jak2__L005705,CC(C)[C@H](c1ccccc1)NC(=O)C[NH+]2CCN(CC2)S(=O)(=O)c3ccc(c(c3)[N+](=O)[O-])OC
dude_jak2__L005706,CC[C@H](C)NC(=O)c1nnc(o1)c2c(c3ccccc3o2)C
dude_jak2__L005707,CCn1c(=O)c2c(nc(n2C)N/N=C/c3ccc(cc3)C(C)C)n(c1=O)C
dude_jak2__L005708,C[C@H]1C(=C(C=[NH+]1)C)C(=O)C2=C(C(=O)N([C@H]2c3ccc(cc3)OCC=C)[C@@H]4C=C(ON4)C)[O-]
dude_jak2__L005709,Cc1c(cccc1[N+](=O)[O-])NC(=O)CN2C(=O)[C@](NC2=O)(C)c3ccccc3Cl
dude_jak2__L005710,c1cc(ccc1C2(CCOCC2)CN/C(=[NH+]/C[C@H]3CCCO3)/N)Br
dude_jak2__L005711,c1ccc(cc1)[C@@H]2C(=c3ccccc3=[NH+]2)C(=O)COC(=O)c4ccc(c(c4)[N+](=O)[O-])N
dude_jak2__L005712,Cc1ccc2c(c1)NC(=NS2(=O)=O)SCC(=O)Nc3cc(cc(c3)OC)OC
dude_jak2__L005713,CCOc1ccccc1[C@H]2[C@@H]3CC=C[C@@H]3c4cc(cc(c4N2)O)[N+](=O)[O-]
dude_jak2__L005714,CCOc1cccc(c1)N2C(=O)C[C@H](C2=O)[NH+]3CCC(CC3)c4[nH]c5ccccc5n4
dude_jak2__L005715,Cc1cccc2c1NC(=O)[C@@]23[C@@H]([C@@]4(c5ccccc5NC4=O)[C@H]6[NH+]3CCC6)C(=O)c7cccc(c7)[N+](=O)[O-]
dude_jak2__L005716,c1cc(c(cc1C(=O)Nc2c(cc(cc2Br)F)F)[N+](=O)[O-])Cl
dude_jak2__L005717,c1c(cc(cc1F)F)c2nc(on2)c3csc(n3)N
dude_jak2__L005718,C[C@](C#N)(C1CC1)NC(=O)CSc2nnc(n2CC(=O)[O-])c3ccc(cc3)Cl
dude_jak2__L005719,Cc1cc(no1)c2c(c(no2)C)C(=O)N3C[C@H](C4(C3)CC[NH2+]CC4)C(=O)NCCC[NH+]5CCCC[C@@H]5C
dude_jak2__L005720,C[C@@H]1[C@H](ON=C1C)NS(=O)(=O)c2ccc(cc2)NC(=O)CS[C@@H]3[NH+]=c4ccc(cc4=[NH+]3)OC
dude_jak2__L005721,C[C@@H]1[C@@H](C(=O)N(N1C)c2ccccc2)n3c(nc4ccccc4c3=O)/C=C/C5=c6ccccc6=[NH+][C@@H]5C
dude_jak2__L005722,CC[C@H]1CC=C2[C@H](C1)[C@H](C(C(=C2C#N)N)(C#N)C#N)c3cccs3
dude_jak2__L005723,CCN(CC)Cc2cc(C(\CC)=C(/CC)c1ccc(O)c(CN(CC)CC)c1)ccc2O
dude_jak2__L005724,Cc1ccc2=[NH+][C@H](C(=c2c1)C)[C@@H]3NC(=NO3)CCN(C)C(=O)c4ccco4
dude_jak2__L005725,c1ccc2=[NH+]CC(=c2c1)CCNC(=O)CN3[C@H](NOC3=O)c4cccs4
dude_jak2__L005726,CC1(CC2=C([C@@H](NC(=O)N2)c3ccc(s3)c4cccs4)C(=O)C1)C
dude_jak2__L005727,C[C@]1(C(=O)NC(=O)N1)c2cc(ccc2OC)S(=O)(=O)N(C)CCOc3ccccc3F
dude_jak2__L005728,Cc1ccc(cc1)Sc2ccc(cc2[N+](=O)[O-])/C=C(/C#N)\C(=O)Nc3ccccc3OC
dude_jak2__L005729,Cc1ccc2=[NH+]CC(=c2c1)CCN3C[C@H](CC3=O)C(=O)N[C@H]4Nc5ccc(cc5S4)OC
dude_jak2__L005730,Cc1cc(nc(n1)n2c(cc(n2)C)S(=O)(=O)N)C
dude_jak2__L005731,CC(=O)/[NH+]=c\1/ccc-2c(cc(oc2c1)O)CSc3nnc(n3CC=C)c4ccccc4
dude_jak2__L005732,Cc1ccc2c(c1C)NC(=O)[C@@]2(c3c(nc(s3)N)c4ccc5c(c4)OCCO5)O
dude_jak2__L005733,CCOc1ccc(cc1)N2C(=O)C[C@H](C2=O)[NH2+]CCC3=c4ccccc4=[NH+]C3
dude_jak2__L005734,CC(=O)N(c1nc2ccccc2c(=O)n1c3ccccc3)/N=C/c4cn(nc4c5ccccc5)c6ccccc6
dude_jak2__L005735,CC(C)CNC(=O)c1ccccc1N2C(=O)[C@@H]3CC4=c5ccccc5=[NH+][C@@H]4[C@@H](N3C2=O)c6ccc(cc6)OC
dude_jak2__L005736,Cc1cccc(c1C)NC(=O)Nc2cc3ccc(=O)[nH]c3c(c2)F
dude_jak2__L005737,CC[C@@H](c1nnnn1CC(=O)OCC)[NH+](Cc2ccc(cc2)C)Cc3cc4ccc(c(c4[nH]c3=O)C)C
dude_jak2__L005738,C[NH+](C)[C@@H]1Cc2ccccc2N(C1)S(=O)(=O)c3cc(ccc3[N+](=O)[O-])Cl
dude_jak2__L005739,CCOC(=O)[C@H]1[C@@H](c2cc(ccc2O1)S(=O)(=O)Nc3ccc(cc3)[C@@H]4C=c5cc(ccc5=[NH+]4)F)C
dude_jak2__L005740,COc1cc2c(c3c1c(=O)c4cccc(c4o3)O)C[C@@H](O2)[C@]5(CO5)CO
dude_jak2__L005741,Cc1c\2c(oc1C(=O)NC3CCCC3)CCC/C2=N\NC(=O)c4ccc(cc4)[N+](=O)[O-]
dude_jak2__L005742,Cc1ccc(cc1)n2c3c(c(nc(n3)CC(C)C)C(=O)N)[nH]c2=O
dude_jak2__L005743,CC(C)CN1C(=O)/C(=C(/C)\Nc2ccccc2C(=O)N)/C(=O)NC1=S
dude_jak2__L005744,C[NH+]1CCc2c(sc3c2C(=N[C@H](N3)c4cc(cc(c4O)OC)Cl)O)C1
dude_jak2__L005745,CCCCNC(=O)[C@@H]1CCC[NH+](C1)[C@@H](C)C(=O)NC23CC4CC(C2)CC(C4)C3
dude_jak2__L005746,Cc1ccc2nc3c(cc(/c(=[NH+]/CCc4ccccc4)/[nH]3)C(=O)N)c(=O)n2c1
dude_jak2__L005747,c1cc(ccc1N2C[C@@H](CC2=O)C(=O)N/N=C/c3cc(ccc3O)Br)Cl
dude_jak2__L005748,CC1(CC2=C([C@H](C(=C(N2c3nc[nH]n3)N)C#N)c4ccccc4)C(=O)C1)C
dude_jak2__L005749,CCOC(=O)C1=C(NC(=O)N[C@@H]1c2cc(c(c(c2)Cl)O)OC)C
dude_jak2__L005750,CN1C(=O)C(=C2C[C@H](NN2)c3ccc(cc3)F)C(=O)N(C1=O)C
dude_jak2__L005751,CC[NH2+][C@H]1CC(=O)N(C1=O)[C@H]2C[C@H]3CC[C@@]2(C3(C)C)CS(=O)(=O)N4CCC5(CCc6c5cccc6)CC4
dude_jak2__L005752,Cc1c(sc2c1c(=O)[nH]c(n2)[C@H](C)Sc3c4c(c(sc4ncn3)C)C)C
dude_jak2__L005753,c1cc2c(cc1Br)NC(=O)[C@H]2Nc3ccc(cc3Cl)Br
dude_jak2__L005754,CC(C)N(C1CCCCC1)C(=O)CN2C(=O)[C@H](NC2=O)CC3=c4ccccc4=[NH+]C3
dude_jak2__L005755,CCn1c2ccc(cc2oc1=O)[C@H](c3c(cco3)C)[NH2+]C
dude_jak2__L005756,CC(C)(C)NC(=O)NC(=O)C[NH+]1CCC[C@H](C1)C(=O)[O-]
dude_jak2__L005757,COc1cc(c(cc1NC(=O)CCc2[nH]c(=O)c3c4c(sc3n2)CCCC4)Cl)OC
dude_jak2__L005758,Cc1ccc2c(c1)cc(c(=O)[nH]2)C[NH+](CCO)[C@@H](c3nnnn3C4CCCCC4)C(C)C
dude_jak2__L005759,c1cc2c(cc1c3c4c([nH]n3)CC[NH+](C4)C5CCSCC5)OCO2
dude_jak2__L005760,C[C@@H](C1=NC(=O)C2=C(CSC2=N1)c3ccccc3)S[C@H]4NN=NN4c5ccccc5
dude_jak2__L005761,CCOC(=O)C1=C(N(C(=O)N[C@@H]1c2ccccc2C)CC=C)C[NH+]3CCCN(CC3)C(=O)COC
dude_jak2__L005762,Cc1cc(ccc1n2cnnn2)C(=O)N[C@@H](C)c3cc(oc3C)C
dude_jak2__L005763,Cc1ccc2c(c1)c(c3c(n2)CCCC3)C(=O)O[C@@H](C)C(=O)NC(=O)N
dude_jak2__L005764,CCC(=O)OCOC(=O)[C@@]12[C@@H](C[C@@H]3[C@@]1(CC[C@@H]4[C@@H]3C[C@@H](C5=CC(=O)CC[C@@]45C)F)C)OC(O2)(C)C
dude_jak2__L005765,CNc1nc2c(s1)cc(cc2Cl)Cl
dude_jak2__L005766,C1CCCN(CC1)C(=O)CN2CCN(CC2)C(=O)NC3CC[NH+](CC3)C4CC4
dude_jak2__L005767,CC(C)[C@H]1[C@H]2C(=c3ccccc3=[NH+]2)CCN1C(=O)CN4C(=O)NC(=O)C4(C)C
dude_jak2__L005768,Cc1c(nnn1c2ccccc2F)c3nc(sn3)NC(=O)c4ccc(cc4)Cl
dude_jak2__L005769,c1cc2c(c(c1)S(=O)(=O)NCC3CCC(CC3)C(=O)Nc4nccs4)nsn2
dude_jak2__L005770,C[C@@H]1c2c(c3ccccc3[nH]2)CCN1C(=O)Nc4ccccc4Cn5cccn5
dude_jak2__L005771,Cc1ccc(cc1)/C=C\2/C(=O)N(C(=S)S2)CCC(=O)NNc3ccc(cc3)[N+](=O)[O-]
dude_jak2__L005772,Cc1c2c(=O)[nH]c(nc2sc1C(=O)[O-])CSc3nc4ccccc4n3CCOC
dude_jak2__L005773,Cc1ccsc1C(=O)OCC(=O)Nc2c(cc(cc2Cl)S(=O)(=O)N)Cl
dude_jak2__L005774,C[NH+](C)CCN(c1nc2c(s1)cccc2SC)C(=O)[C@@H]3CCCN3S(=O)(=O)c4cccs4
dude_jak2__L005775,CCN(Cc1ccncc1)c4cc(c2c(N)nn3cccnc23)ncn4
dude_jak2__L005776,Cc1c2c(ncn(c2=O)CC(=O)NCCc3ccc(cc3)OC(F)F)sc1C(=O)[O-]
dude_jak2__L005777,C[C@@H]1CCCC[C@@H]1[NH2+][C@@H]2CC(=O)N(C2=O)c3ccc(cc3)N4C(=O)C[C@H](C4=O)[NH2+][C@@H]5CCCC[C@@H]5C
dude_jak2__L005778,c1cc(c(cc1[N+](=O)[O-])Cl)S(=O)(=O)N[C@H]2CCCC[C@@H]2O
dude_jak2__L005779,CN(Cc1[nH+]ccn1c2ccc(cc2)OC)CC3CC[NH+](CC3)CCc4ccc(cc4)F
dude_jak2__L005780,C[C@H](C(=O)[O-])O[C@H]1[C@@H]([C@@H](O[C@@H]2[C@@H]1OC(OC2)(C)C)Oc3ccc(cc3Cl)Cl)NC(=O)C
dude_jak2__L005781,CCOc1cc(cc(c1O)/C=N/NC(=O)[C@H]2COc3ccccc3O2)Br
dude_jak2__L005782,C[C@@]12CC[C@@H]3c4ccc(cc4CC[C@@H]3[C@@H]1C/C(=C\c5ccc(cc5)OC)/C2=O)O
dude_jak2__L005783,Cn1ccc(n1)NC(=O)c2cccc(c2)NC(=O)c3ccc4c(c3)nc[nH]4
dude_jak2__L005784,c1c([nH]c[nH+]1)C[C@@H](C(=O)[O-])NC(=O)N2CCCCCCC2
dude_jak2__L005785,COC(=O)[C@@H]1C(=c2cc(ccc2=[NH+]1)Cl)NC(=O)CN3CCN(CC3)c4ccc(cc4)F
dude_jak2__L005786,CCN(CC)c1ccc(c(c1)O)/C=N/N2[C@H](N=[NH+]C2=S)c3cccc[nH+]3
dude_jak2__L005787,CC(C)n1c2c(nc1SCc3cc(=O)[nH]c4c3cccc4)n(c(=O)n(c2=O)C)C
dude_jak2__L005788,CN(OC)S(=O)(=O)c1cccc(c1)C(=O)NNC(=O)c2cc3c(s2)CCCCC3
dude_jak2__L005789,Cc1ccccc1n2c(nnc2SCC(=O)Nc3ccc(c(c3)[N+](=O)[O-])F)C4=c5ccccc5=[NH+]C4
dude_jak2__L005790,Cc1c(c2c(cn1)CN(CC2)C(=O)[C@H]3C(=c4cc(ccc4=[NH+]3)Cl)C)CNC(=O)c5ccsc5
dude_jak2__L005791,C[C@H](C(C)C)N1CC2=C(C1=O)[C@H](NC(=O)N2C)c3cccc(c3Cl)Cl
dude_jak2__L005792,CC\1(c2ccccc2N(/C1=C\C=N\NC(=O)Cn3cncn3)C)C
dude_jak2__L005793,C[C@H](C(=O)Nc1cc(ccc1Cl)[N+](=O)[O-])Sc2nnc(n2C[C@H]3CCCO3)c4cccs4
dude_jak2__L005794,C[C@@H](C(=O)N1CCN(CC1)C(=O)C2CCCC2)NS(=O)(=O)C
dude_jak2__L005795,COC(=O)c1c[nH+]ccc1N2CCC(CC2)COc3ccc4c(c3)CN(CC4)C(=[NH2+])N
dude_jak2__L005796,c1cc2c(cc1Cl)NC(=O)[C@H](S2)CC(=O)NNC(=O)NC3CCCC3
dude_jak2__L005797,COc1ccccc1N2C(=O)/C(=C\C3[NH+]=c4ccccc4=[NH+]3)/C(=NC2=S)[O-]
dude_jak2__L005798,C[C@@H]1CCC[C@@](C1)(CNC(=O)C2CCC3(CC2)C(=O)NC(=O)N3)[NH+](C)C
dude_jak2__L005799,C[C@H](c1ccc(cc1)Br)NC(=O)[C@H]2CN(CC23CC[NH2+]CC3)C(=O)c4cc(ccc4F)Cl
dude_jak2__L005800,CC(C)(C)OC(=O)N1CC[NH2+]CCN(CCN(CC1)C(=O)OC(C)(C)C)C(=O)OC(C)(C)C
dude_jak2__L005801,CCCCN1C(=O)/C(=C\2/C[C@H](N(N2)C(=O)CC)c3ccc(cc3)OC)/C(=NC1=S)[O-]
dude_jak2__L005802,C[C@@H](C(=O)NC1=c2ccccc2=[NH+][C@H]1C(=O)OC)[NH+]3CCC(CC3)Cc4ccccc4
dude_jak2__L005803,C[C@H](C(=O)N1CCCc2c1cccc2)OC(=O)c3cc(ccc3N4CCCC4)S(=O)(=O)N(C)C
dude_jak2__L005804,CCC1=[NH+][C@@H](C(=[NH2+])N1C(C)(C)C)c2cccc(c2)Br
dude_jak2__L005805,c1ccn(c(=O)c1)c2ccc(c(c2)F)NC(=O)C[NH+]3CC[C@@H](C3)NC(=O)c4ccc(s4)Cl
dude_jak2__L005806,CC[C@H](C)[C@H]1C(=O)N(C2([NH2+]1)CCN(CC2)S(=O)(=O)c3cccc4c3nccc4)C
dude_jak2__L005807,Cc1ccc(cc1)S(=O)(=O)N(CC(=O)Nc2c(n(n(c2=O)c3ccccc3)C)C)c4cccc(c4)OC
dude_jak2__L005808,c1ccc(cc1)CNC(=O)c2cnn(c2C3CC[NH2+]CC3)c4ccc(cc4)[N+](=O)[O-]
dude_jak2__L005809,Cc1cccc(c1NC(=O)CNC(=O)[C@@H](C)OC(=O)c2c3ccccc3c(=O)n(n2)C(C)C)C
dude_jak2__L005810,C/C(=N\NC(=[NH2+])S[C@@H]1CC(=O)N(C1=O)c2ccccc2OC)/c3ccc(c(c3)F)OC
dude_jak2__L005811,COc1cc(c(c2c1OCO2)OC)C3C(=C(SC(=C3C#N)N)N)C#N
dude_jak2__L005812,C[C@H](c1ccc(s1)Cl)NC(=O)c2cc(cc(c2)N)N
dude_jak2__L005813,c1c[nH]nc1NC(=O)c2c(c(c(cn2)Cl)Cl)Cl
dude_jak2__L005814,c1ccc2=[NH+]C(=O)[C@H]([NH+]=c2c1)CSc3nnc(s3)NC(=O)c4cccs4
dude_jak2__L005815,CC1(C[C@H](c2ccc(cc2O1)OC)NC(=O)CN(c3cc(c(cc3Cl)Cl)Cl)S(=O)(=O)C)C
dude_jak2__L005816,Cc1ccc(c(c1)N2CC[NH+](CC2)[C@@H](c3cc4cc(cc(c4[nH]c3=O)C)C)c5nnnn5C(C)(C)C)C
dude_jak2__L005817,C[C@@H](C(=O)NC1CCCCC1)OC(=O)c2ccc(cc2)NS(=O)(=O)c3ccc4=[NH+]C(=O)[NH+]=c4c3
dude_jak2__L005818,COc1ccc2=[NH+][C@H]([NH+]=c2c1)/C(=C/c3cc4c(cc3Br)OCO4)/C#N
dude_jak2__L005819,CC(C)N(C)S(=O)(=O)N1CCCc2c1cccc2N
dude_jak2__L005820,C1CCC2(CC1)[C@@H](C(=NC(=O)[C@H]2C#N)SCCSC3=NC(=O)[C@@H](C4([C@H]3C#N)CCCCC4)C#N)C#N
dude_jak2__L005821,Cc1ccc(c(c1)Br)NC(=O)NCCNc2cccc[nH+]2
dude_jak2__L005822,Cc1c(=O)n(c(nn1)SCC(=O)Nc2ccc(c(c2)Cl)Cl)N
dude_jak2__L005823,Cc1ccc(c(c1)Cl)NC(=O)CSc2nnc(n2C)Cc3c(nc4ccc(cn4c3=O)C)C
dude_jak2__L005824,Cc1ccccc1n2c(=O)c(c([nH]c2=S)[O-])[C@H]3c4ccccc4CC[NH2+]3
dude_jak2__L005825,C[C@H](c1ccc2c(c1)CCC(=O)N2)[NH2+]C[C@H]3CNc4ccnn4C3
dude_jak2__L005826,C[C@H]1CN(C[C@@H](O1)C)S(=O)(=O)c2ccc(cc2)C(=O)OCc3cc4c(c(c3)Cl)OCCCO4
dude_jak2__L005827,CC(C)CC[NH+](Cc1[nH]c(=O)c2c(csc2n1)c3ccccc3OC)C[C@H](COCC#C)O
dude_jak2__L005828,CCN\1c2ccccc2S/C1=c/3\c(=O)n(/c(=C/4\C(=O)N(C(=S)N4c5ccccc5)CC)/s3)CC=C
dude_jak2__L005829,c1ccc(cc1)N2CNC(=O)C23CC[NH+](CC3)C4CN(C4)C(=O)Nc5cccs5
dude_jak2__L005830,Cc1c[nH+]c2c(c1NOCC(=O)Nc3ccc(cc3)Br)c(=O)n(c(=O)n2C)C
dude_jak2__L005831,C[C@H]1CO[C@H](CN1CC(=O)Nc2ccc(cc2Cl)[N+](=O)[O-])c3ccccc3
dude_jak2__L005832,c1ccc(c(c1)C(=O)NC[C@H]2CCCO2)NC(=O)/C=C/c3cc4c(c(c3)Cl)OCCCO4
dude_jak2__L005833,c1ccc2c(c1)nnn2CC(=O)NNC(=O)c3cc4c(s3)CCC4
dude_jak2__L005834,Cn1cc(c(=O)c2c1cccc2N)C(=O)NC3CCCCCC3
dude_jak2__L005835,Cc1c(c(=O)[nH]c(=O)[nH]1)/C(=N/Nc2c(cc(c(n2)Cl)Cl)Cl)/C
dude_jak2__L005836,C[C@H]1[C@@H]([C@@]2([C@@H](C2(C)C)[C@@H]3[C@@]1([C@@H]4C=C(C(=O)[C@@]4(CC(=C3)CO)O)C)O)OC(=O)C)O
dude_jak2__L005837,C[C@H](c1ccc2c(c1)Sc3ccccc3O2)O
dude_jak2__L005838,CC1=CC=CC2=NN[C@H](N12)[C@@H]3C=NN=C3c4ccc(cc4)OC
dude_jak2__L005839,C[C@@H]1C(=c2ccccc2=[NH+]1)CCNC(=O)[C@@H]3C=C4[C@@H](CC(CC4=O)(C)C)N(C3=O)c5ccccc5OC
dude_jak2__L005840,Cc1ccc(cc1Cl)NC(=O)CN(C)S(=O)(=O)c2ccc3c(c2)CCCC(=O)N3
dude_jak2__L005841,Cc1ccc(cc1)NC(=O)NCCNc2cc(nc(n2)C)n3c(cc(n3)C)C
dude_jak2__L005842,CC(C)Oc1ccc(cc1OC)[C@H]2CN3C(=O)CN(C(=O)[C@@]3([C@@H]4C2=c5ccccc5=[NH+]4)C)C6CCCC6
dude_jak2__L005843,c1ccc2c(c1)C=C[NH+]3[C@H]2[C@@H]4[C@@H]([C@@H]3C(=O)c5ccc(cc5)Cl)C(=O)N(C4=O)c6ccc(cc6)Cl
dude_jak2__L005844,CCN(CC)CCCOc3ccc(Nc2nccc(c1ccc(C(=O)NCC#N)cc1)n2)cc3
dude_jak2__L005845,Cc1ccc(cc1)n2c(=O)c3c4c(sc3n(c2=O)CC(=O)N[C@@H](C)Cc5ccccc5)COC(C4)(C)C
dude_jak2__L005846,c1cc(cc(c1)C(=O)N)CNC(=O)N[C@@H](c2cccs2)C3CCCC3
dude_jak2__L005847,CC1=CC[C@H](O1)C[NH+](C)Cn2c(=S)n(c(n2)C3=c4ccccc4=[NH+]C3)c5ccc(cc5)Cl
dude_jak2__L005848,c1ccc2c(c1)C[C@@H](N(C2)C(=O)c3ccco3)C(=O)NCc4ccc([nH+]c4)N5CCCCCC5
dude_jak2__L005849,CCOc1ccc2c(c1)s/c(=N/C(=O)c3ccc(cc3)S(=O)(=O)N(C)C[C@@H]4CCCO4)/n2C
dude_jak2__L005850,COCCn\1c2c(cccc2s/c1=N\C(=O)[C@@H]3CCCN3S(=O)(=O)c4ccc(cc4)F)F
dude_jak2__L005851,Cc1ccc(o1)[C@H](C)Nc2ccc(cc2N)C(=O)N
dude_jak2__L005852,COC(=O)[C@H]1C(=c2cc(ccc2=[NH+]1)Br)NC(=O)C[NH+]3C[C@H]4C[C@@H](C3)c5cccc(=O)n5C4
dude_jak2__L005853,CCc1ccccc1NC(=O)CN2C(=O)/C(=C/c3cc(n(c3C)c4ccccn4)C)/NC2=O
dude_jak2__L005854,Cc1ccc2c(c1)OC3(CCCCC3)[C@H]([C@@H]2O)[NH3+]
dude_jak2__L005855,CC(=O)Oc1ccccc1C(=O)N2C[C@@H](C3(C2)CC[NH2+]CC3)C(=O)NC[C@H]4COC(O4)(C)C
dude_jak2__L005856,Cc1cccc(c1)Cn2c(nc3c2c(=O)n(c(=O)n3C)C)C[NH+](C)Cc4ccccc4
dude_jak2__L005857,c1cc(ccc1c2[nH]c(nn2)Sc3ccc(cc3[N+](=O)[O-])C=O)Cl
dude_jak2__L005858,Cc1coc2c1cc3c(c(c(=O)oc3c2C)CC(=O)N=C4[NH+]=c5ccccc5=[NH+]4)C
dude_jak2__L005859,Cc1cccc(c1)O[C@@H](C)C(=O)N/N=C\c2ccc(c(c2)[N+](=O)[O-])Cl
dude_jak2__L005860,c1cc(ccc1NC(=O)CC2(CCCCC2)C(=O)[O-])S(=O)(=O)/N=C/3\CCCCCN3
dude_jak2__L005861,Cc1ccc(cc1)NC(=O)Nc2c(c3c(s2)C[C@H](CC3)C)C#N
dude_jak2__L005862,C[C@@H](c1nc(nc(n1)N(C)C)N)Sc2c3ccccc3cnn2
dude_jak2__L005863,c1cc(cc(c1)F)[C@H]2c3ccsc3CCN2CC(=O)N4CCN(CC4)C(=O)Nc5ccc(cc5)[N+](=O)[O-]
dude_jak2__L005864,Cc1c(c(n(n1)c2ccc(cc2)F)C)/C=C/C(=O)NNc3ccccc3[N+](=O)[O-]
dude_jak2__L005865,Cc1cc2c(cc1C)N(C(=O)C=C(N2)CC(=O)OC)CC(=O)Nc3cc(ccc3OC)Cl
dude_jak2__L005866,CC(C)[C@@H](C(=O)[O-])n1c(nnc1SCC(=O)Nc2c(ccs2)C#N)c3cccs3
dude_jak2__L005867,c1ccc(c(c1)NS(=O)(=O)c2ccc3=[NH+]C(=O)[NH+]=c3c2)OC(F)(F)F
dude_jak2__L005868,CC(C)(c1[n-]c2cc(cnc2n1)Br)[NH3+]
dude_jak2__L005869,c1ccc(cc1)OCc2c3c([nH]n2)CCN(C3)C(=O)C4=NNC(=O)CC4
dude_jak2__L005870,Cc1ccc(cc1)CN2[C@@H](c3c(=O)c4cc(ccc4oc3C2=O)C)c5cccc(c5)O
dude_jak2__L005871,Cc1ccc(o1)C2=NN=C(C2)C(=O)N/N=C(\C)/c3ccc(cc3)N
dude_jak2__L005872,C[C@]1(C2(CC([NH2+]C(C2)(C)C)(C)C)OC(=O)N1CCN3C(=O)OC4([C@@]3(C)O)CC([NH2+]C(C4)(C)C)(C)C)O
dude_jak2__L005873,Cc1ccc(cc1)NC(=O)C[C@H]2C(=O)N/C(=N\N=C\C3=c4ccccc4=[NH+]C3)/S2
dude_jak2__L005874,C[NH+](Cc1c(nc2n1cc(cc2)Cl)C(=O)N3CCc4ccccc4C3)Cc5[nH]ccn5
dude_jak2__L005875,c1cc(ccc1[C@@H]2C[C@@H](N3C(=[NH+]2)C(=CN3)C(=O)Nc4ccc5c(c4)OCO5)C(F)(F)F)F
dude_jak2__L005876,C[C@@H](CCc1ccccc1)NC(=O)CCNS(=O)(=O)c2ccc3c(c2)CCC(=O)N3
dude_jak2__L005877,CC(C)(C)OC(=O)N1CC=C2[C@@H](C1)[C@@H](C(=C(C2(C#N)C#N)N)C#N)c3ccc(s3)Cl
dude_jak2__L005878,CO[C@@H]1CCC[C@H]1NS(=O)(=O)c2ccc(cc2[N+](=O)[O-])N
dude_jak2__L005879,COc1cc(cc(c1)OC)c2c(c(=O)[nH]c(n2)SC)C#N
dude_jak2__L005880,COc1ccc(c2c1[C@H]3C=CC[C@H]3[C@@H](N2)c4ccc(cc4Cl)Cl)OC
dude_jak2__L005881,Cc1nnc(n1C2CC2)SCC(=O)N3[C@@H]([C@H]4CCC/C(=C\c5cccs5)/C4=N3)c6cccs6
dude_jak2__L005882,c1ccc(cc1)C[NH+]2CCc3c(sc4c3C(=N[C@@H](N4)/C=C\c5cccc(c5)[N+](=O)[O-])O)C2
dude_jak2__L005883,CC1=CN2[C@H]([C@H](N=C2C=C1)[C@@H]3C=c4ccc(cc4=[NH+]C3=O)OC)[NH2+]Cc5ccccc5
dude_jak2__L005884,Cc1nnc2n1nc(s2)C(=O)Nc3ccccc3C(C)(C)C
dude_jak2__L005885,Cc1cc(no1)NC(=O)C[NH+]2CCC[C@@](C2)(C)C(=O)[O-]
dude_jak2__L005886,C[C@H](Nc4cc(c1ccoc1)nc(n2cnc3ccc(C#N)cc23)n4)c5ccccc5
dude_jak2__L005887,CCOc1ccc2=[NH+]C(=O)[C@@H](C=c2c1)CN(CCO)C(=O)Nc3ccccc3Cl
dude_jak2__L005888,c1ccc2c(c1)c3ccccc3n2/N=C/c4cnc(nc4)N
dude_jak2__L005889,C[C@H]1CN(C[C@@H](O1)C)Cc2cs/c(=N\C(=O)c3ccc(cc3)S(=O)(=O)NC(C)C)/[nH]2
dude_jak2__L005890,CN1c2ccc(cc2CC1=O)S(=O)(=O)Nc3cccc4c3OCC(=O)N4
dude_jak2__L005891,c1cc(cc(c1)Oc2cccc(c2C3=[NH+]CCCN3)F)[N+](=O)[O-]
dude_jak2__L005892,C[C@@H](C(C)C)Nc1cc2c(cc1Br)[nH]c(=O)[nH]2
dude_jak2__L005893,Cc1ccccc1CC(=O)N2C[C@@H](C3(C2)CC[NH2+]CC3)C(=O)NC[C@@H]4COC(O4)(C)C
dude_jak2__L005894,CC(=O)Oc1ccccc1C(=O)N2C[C@H](C3(C2)CC[NH2+]CC3)C(=O)NCC[NH+]4CCCCC4
dude_jak2__L005895,[H]/N=C/1\[C@]2([C@H](O[C@]3(O1)CCCC[C@@H]3C2(C#N)C#N)c4cccc(c4)OC)C#N
dude_jak2__L005896,CC(C)[C@@H](C(=O)NCCc1ccccc1F)N2C(=O)[C@@]3([C@@H]4C(=c5ccccc5=[NH+]4)CCN3C2=O)C
dude_jak2__L005897,C[C@H](C(=O)Nc1ccc(cc1F)Br)[NH+]2CCN(CC2)c3ccccc3[N+](=O)[O-]
dude_jak2__L005898,COc1ccc(c(c1)OC)[C@H](c2c3c(sc2NC(=O)c4ccco4)CCCC3)Nc5cccc[nH+]5
dude_jak2__L005899,c1ccc2c(c1)[C@](C(=O)N2C[NH+]3CCCCC3)(CC(=O)c4ccc5c(c4)OCCO5)O
dude_jak2__L005900,c1cc2c(cc1C(=O)c3ccc(cc3Cl)Br)[nH]c(=O)[nH]2
dude_jak2__L005901,Cc1cccc(c1NC(=O)COc2cccc(c2)n3cnnn3)C
dude_jak2__L005902,Cc1ccc2=[NH+][C@H](C=c2c1)[C@@H]3NC(=NO3)CCN(C)C(=O)c4cc(cnc4)Br
dude_jak2__L005903,Cc1ccc(c(n1)OC)CNC(=O)NCCc2nnc3n2cccc3
dude_jak2__L005904,C[C@]12C[C@H]([C@]3([C@H]([C@@H]1C[C@@H]4[C@]2(OC(O4)(C)C)C(=O)COC(=O)C5CC5)C[C@@H](C6=CC(=O)C=C[C@@]63C)F)F)O
dude_jak2__L005905,c1cnccc1c2nc3c(c(n2)N[C@H]4CCCC[C@H]4O)CCC3
dude_jak2__L005906,c1cc(cc(c1)S(=O)(=O)NC2CC2)NC(=O)c3cc(ccc3[N+](=O)[O-])Cl
dude_jak2__L005907,Cc1ccccc1C[C@H]2Nc3ccc[nH+]c3N2C4CCN(CC4)C(=O)CC5=c6ccccc6=[NH+]C5
dude_jak2__L005908,CN(C[C@H]1COc2ccccc2O1)C(=O)c3c(c[nH]n3)N
dude_jak2__L005909,Cc1cccc2c1[nH]c(=O)c(c2)[C@@H](c3nnnn3C4CCCCC4)[NH+](Cc5ccco5)C[C@@H]6CCCO6
dude_jak2__L005910,CCOc1ccccc1C[NH+]2CCNC(=O)[C@H]2CC(=O)N3CCC4=c5ccccc5=[NH+][C@@H]4C3
dude_jak2__L005911,c1ccc2c(c1)c(=O)n(c(=S)[nH]2)CCC(=O)N=c3[nH]c4ccccc4[nH]3
dude_jak2__L005912,CC(C)(c1ccccc1)c2[nH]c(=O)cc(n2)N
dude_jak2__L005913,C[C@]1(C(=O)N(C(=O)N1)NC(=O)CSc2nnc(n2C3CC3)Cc4cccs4)c5ccccc5
dude_jak2__L005914,CC[C@H](C(=O)Nc1nc2ccccc2s1)SC3=N[C@@H]4C(=c5ccccc5=[NH+]4)N=N3
dude_jak2__L005915,C#CCn\1c2cc3c(cc2s/c1=N\C(=O)CCCS(=O)(=O)c4ccc(cc4)Cl)OCCO3
dude_jak2__L005916,C[C@@]12CC[C@@](C1(C)C)(c3c2nc4cc(c(cc4n3)Cl)Cl)C(=O)NN
dude_jak2__L005917,c1cc(cc(c1)[N+](=O)[O-])C(=O)CN(C(=O)c2ccc(cc2Cl)Cl)N3C(=O)[C@H]4[C@@H]5CC[C@@H](C5)[C@H]4C3=O
dude_jak2__L005918,c1ccc(cc1)Cc2ccc(cc2)[C@@H](CNc3ccccc3O)[NH+]4CC[NH2+][C@@H](C4)Cc5ccccc5
dude_jak2__L005919,C[C@H](C(=O)NC(=O)Nc1ccccc1)OC(=O)C2=Cc3ccccc3OC2
dude_jak2__L005920,Cc1cc2c(c(=O)n1CC[NH+](C)C)[C@@H](C(=C(O2)N)C#N)c3cc(c(cc3OC)OC)OC
dude_jak2__L005921,C/C(=N\NC(=[NH2+])S[C@@H]1CC(=O)N(C1=O)c2ccc(cc2)Br)/c3ccc(cc3)Cl
dude_jak2__L005922,CCC(C)(C)[C@@H]1CC[C@@H]2[C@@H](C1)c3cc(ccc3O2)NS(=O)(=O)c4cccc(c4)[N+](=O)[O-]
dude_jak2__L005923,COc1ccc(cc1)[C@@]2(CC(=O)N(C2=O)C3CCCC3)CC(=O)NC[C@@H]4[NH+]=c5ccc(cc5=[NH+]4)F
dude_jak2__L005924,Cc1ccccc1OCC(=O)Nc2ccc(cc2)SC[C@@H]3C(=O)[NH+]=c4ccccc4=[NH+]3
dude_jak2__L005925,C[C@H]1CN/C(=N\c2ccc(cc2)/N=C\3/NC[C@@H](S3)C)/S1
dude_jak2__L005926,CC[C@H](C)NC(=O)c1ccc(cc1)N2C(=O)[C@@H]3CC4=c5ccccc5=[NH+][C@H]4[C@@H](N3C2=O)c6cccc(c6)OC
dude_jak2__L005927,C[C@@H]1CC=C2[C@@H](C1)[C@H](C(C(=C2C#N)N)(C#N)C#N)c3ccc(c(c3)F)F
dude_jak2__L005928,Cc1cccc(c1n2c(nnn2)C[NH+]3CCC[C@@H]3c4cccc5c4OCCO5)C
dude_jak2__L005929,COc1ccc(cc1)N2C(=O)C[C@@H](C2=O)[NH2+]CCC3=c4cc(ccc4=[NH+]C3)Cl
dude_jak2__L005930,CCOC(=O)c1c2c(sc1NC(=O)c3cccc(c3)[N+](=O)[O-])CCCC2
dude_jak2__L005931,C[C@H](C(=[NH2+])N)N1CCC[C@@H]1C2CCCC2
dude_jak2__L005932,CC1CC[NH+](CC1)Cc2nc(c3c4c(sc3n2)CCC4)N5CCN(CC5)c6c(ncn6C)[N+](=O)[O-]
dude_jak2__L005933,c1ccc(cc1)[C@H]2[C@H]([NH+](CN2)Cc3nc[nH]n3)c4ccc(cc4)c5cncnc5
dude_jak2__L005934,c1cc(ccc1NC(=O)COC(=O)c2cc3c(s2)CCCCC3)[N+](=O)[O-]
dude_jak2__L005935,CCn1c(c(cn1)[C@@H]2C3=C(CCCC3=O)Nc4n2nc(n4)SC)C
dude_jak2__L005936,c1c(cnc(c1Cl)N2CCN(CC2)C(=O)NCCc3cn4c([nH+]3)CCCC4)C(F)(F)F
dude_jak2__L005937,c1ccc2c(c1)-n3cccc3[C@@H](N2C(=O)CN(C4CC4)C(=O)c5ccc(cc5Cl)[N+](=O)[O-])c6ccco6
dude_jak2__L005938,Cc1cc2c(cc1S(=O)(=O)N3CCC[C@@H]3C(=O)N4CCCCCC4)O[C@@H](C(=O)N2)C
dude_jak2__L005939,Cc1ccc2=C[C@@H](C(=O)[NH+]=c2c1)[C@H]([C@@H]3N=NNN3C(C)(C)C)[NH+](Cc4ccc(cc4)F)Cc5ccco5
dude_jak2__L005940,CNC(=O)NC(=O)CSc1nc2c(c3c(s2)CCCC3)c(=O)n1N
dude_jak2__L005941,CC1(CC(CC([NH2+]1)(C)C)NC(=O)CSc2nnc(n2c3ccccc3)c4cccc(c4)[N+](=O)[O-])C
dude_jak2__L005942,CC(C)NC(=O)c1ccccc1NC(=O)c2ccc3c(c2)NC(=O)CN3C
dude_jak2__L005943,Cc1c(oc(n1)SCc2nc3ccccc3c(n2)N)C
dude_jak2__L005944,CC1=C2CCCCC[C@@]2(OC1=O)O
dude_jak2__L005945,c1ccc2c(c1)/C(=c/3\c(=O)n4c(s3)ncn4)/C(=O)N2CC(=O)Nc5ccc(cc5)Cl
dude_jak2__L005946,CCCC[C@@H](C(=O)[O-])Sc1nc2c3ccccc3[nH]c2c(=O)n1c4ccc(c(c4)OC)OC
dude_jak2__L005947,Cc1ccc(c2=[NH+]C(=O)[C@@H](C=c12)[C@@H]([C@@H]3NN=NN3C4CCCCC4)[NH+](Cc5cccnc5)Cc6ccco6)C
dude_jak2__L005948,CC(C)NC(=O)c1c2c(sc1NC(=O)[C@@]3(C(=O)N(c4ccccc4S3)C)C)CCCC2
dude_jak2__L005949,CC[C@@H](C)[C@@H](C(=O)N[C@@H](C)CO)NC(=O)[C@H]1C(S[C@H]2N1C(=O)c3c2cccc3)(C)C
dude_jak2__L005950,CCc1cc2c(s1)[NH+]=C(N[C@@H]2SCC(=O)Nc3ccccc3[N+](=O)[O-])CC
dude_jak2__L005951,CNC(=O)[C@H]1Cc2ccccc2N1C(=O)NC3CCCCC3
dude_jak2__L005952,Cc1ccc2nc(c(c(=O)n2c1)Cc3nnc(n3C)SCC(=O)Nc4ccccc4Cl)C
dude_jak2__L005953,CC(C)COC(=O)N1CCC2(CC1)C(=O)NC(=O)N2
dude_jak2__L005954,C[C@@H]1CCc2c(sc(c2C(=O)OC)NC(=O)COC(=O)c3ccc4c(c3)C(=O)N(C4=O)C(C)C)C1
dude_jak2__L005955,Cc1cc(ccc1NC(=O)c2cc3c(n2C4CCCC4)ccs3)Cl
dude_jak2__L005956,C[NH+]1CCc2c(sc3c2C(=O)N[C@@H](N3)c4cc(c(c(c4)OC)OC)OC)C1
dude_jak2__L005957,Cc1ccc2=[NH+][C@H]([NH+]=c2c1)[C@H](C)NC(=O)c3cn(cc(c3=O)C(=O)NC)CCC(C)C
dude_jak2__L005958,Cc1ccc(cc1)O[C@H](C)CNC(=O)[C@H]2CN(CC23CC[NH2+]CC3)C(=O)c4c(cccc4Cl)Cl
dude_jak2__L005959,CCCn1c(=O)c2ccccc2nc1[C@@H](C)[NH+]3CCN(CC3)S(=O)(=O)c4ccc(c(c4)[N+](=O)[O-])Cl
dude_jak2__L005960,c1ccc(c(c1)/C=C/C(=O)NC(=S)NNC(=O)c2ccccc2O)Cl
dude_jak2__L005961,C[C@H](C(=O)Nc1ccc(cc1F)Br)OC(=O)c2ccc(cc2[N+](=O)[O-])Cl
dude_jak2__L005962,c1cc(c(c(c1)Cl)OCn2ccc(n2)C(=O)Nc3ccc4c(c3)OCO4)Cl
dude_jak2__L005963,Cc1ccc(c2c1nc(s2)N(CCC[NH+](C)C)C(=O)[C@@H]3CCCN3S(=O)(=O)c4cccs4)Cl
dude_jak2__L005964,COc1ccc2cc(c(=O)[nH]c2c1)C[NH+](Cc3ccc4c(c3)OCO4)Cc5nnnn5C6CCCC6
dude_jak2__L005965,Cc1c(c(n(n1)c2ccc(cc2)[N+](=O)[O-])N)[C@@](C)(C(F)(F)F)O
dude_jak2__L005966,CCOC(=O)C1=C(NC(=O)N[C@H]1c2ccc(cc2)Cl)CSc3nncn3C
dude_jak2__L005967,CCNS(=O)(=O)Nc1ccc2c(c1)oc(=O)n2C
dude_jak2__L005968,CCCN1c2ccccc2[C@]3(C1=O)[C@H]4C(=NN=C4OC(=C3C#N)N)CC
dude_jak2__L005969,c1ccc(cc1)S(=O)(=O)c2c(n(nn2)c3ccc(cc3)O)N
dude_jak2__L005970,c1cc(cc(c1)F)Cc2[nH]c(=O)c3c(n2)CCN(C3)C(=O)c4cccc(c4)[N+](=O)[O-]
dude_jak2__L005971,Cc1ccc(cc1)c2nc(on2)c3c(c4c(s3)ncn(c4=O)CC(=O)Nc5c(cc(cc5C)C)C)C
dude_jak2__L005972,c1ccc2=[NH+]CC(=c2c1)/C=C\3/C(=O)NN(C3=O)c4ccc(cc4)Cl
dude_jak2__L005973,c1ccc(cc1)CC2CCN(CC2)C(=O)C[C@@H]3CSc4n3c(=O)c5cnn(c5n4)c6ccc(cc6)F
dude_jak2__L005974,Cc1ccc(cc1)NC(=O)c2nnc(s2)CSc3nnc(s3)N
dude_jak2__L005975,CCC[C@@H](C)[NH+]1CCN(CC1)C(=O)CN(C)S(=O)(=O)c2cc3c(cc2Cl)NC(=O)CO3
dude_jak2__L005976,CC(C)[NH+]1CCc2c(sc(c2C(=O)OC)NC(=O)[C@@H]3CCCN3S(=O)(=O)c4ccc(cc4)Cl)C1
dude_jak2__L005977,Cc1cccc(c1C)NC(=O)C2=C(Nc3ncnn3[C@@H]2c4ccccc4OC)C
dude_jak2__L005978,COCCN1C[C@@H](C=N1)NC(=O)N2CCC(=CC2)C3=c4ccccc4=[NH+]C3
dude_jak2__L005979,CCOC(=O)[C@]1([C@@H]2C=Cc3ccccc3N2[C@@H]([C@@H]1c4ccco4)C(=O)c5ccc(cc5)OC(=O)C)C#N
dude_jak2__L005980,Cc1cc(c(c(c1)Br)NC(=O)COc2ccc(cc2[N+](=O)[O-])C(=O)[O-])Br
dude_jak2__L005981,CC[C@H](C)c1nc(c2c3c(sc2n1)CCCC3)N4CCN(CC4)S(=O)(=O)c5cccc6c5nccc6
dude_jak2__L005982,CCOc1cc(ccc1O)[C@@H]2C(=C(C(=O)N2CCOC)[O-])C(=O)c3ccc4c(c3)C[C@@H](O4)C
dude_jak2__L005983,CC(C)c1cc2c(c(c1)C(C)C)CCOC[C@H]2O
dude_jak2__L005984,Cc1ccc(cc1)C2(CCCC2)c3nc(on3)C[NH+]4CCN(CC4)c5c(ncc(n5)C)C
dude_jak2__L005985,CN1C(=O)N(C(=O)C12CCCCC2)CC(=O)Nc3ccccc3N4CCCC4=O
dude_jak2__L005986,C[C@@H](C(=O)N[C@H]1CCCc2c1cc(c(=O)[nH]2)C(=O)N)Oc3cccc(c3Cl)Cl
dude_jak2__L005987,c1cnc(nc1NN)c2cc(c(o2)Br)Br
dude_jak2__L005988,CC[C@]1(C(=O)N(C(=O)N1)Nc2c3c4c(sc3ncn2)CCC4)C
dude_jak2__L005989,c1ccc(cc1)c2nnn(n2)CC(=O)N(c3cccc(c3)F)[C@@H](c4ccco4)C(=O)NC5CCCCC5
dude_jak2__L005990,CCN(c1ccccc1)S(=O)(=O)c2ccc([nH+]c2)N3CCNC(=O)C3
dude_jak2__L005991,Cc1ccc(cc1S(=O)(=O)N2CC[NH+](CC2)C3CCCCC3)c4c(nn5c4NC(=O)CCC5=O)C
dude_jak2__L005992,CNC(=O)CN1c2ccccc2C(=O)N([C@H]1c3cccc4c3OCO4)C
dude_jak2__L005993,CC(=O)c1ccc(cc1)NC(=O)/C(=C/c2cccc(c2)[N+](=O)[O-])/NC(=O)C
dude_jak2__L005994,CC[C@H](C)[C@H](C(=O)NC1[NH+]=c2ccccc2=[NH+]1)NC(=O)c3cc(cc(c3)OC)OC
dude_jak2__L005995,Cc1c(c(c(o1)C)S(=O)(=O)N)C(=O)NC[C@@H]2CCOC2
dude_jak2__L005996,C1[C@H]([C@H]1[N+](=O)[O-])C(=O)NNC(=O)CC23CC4CC(C2)CC(C4)C3
dude_jak2__L005997,Cc1cccc([nH+]1)N[C@H](c2ccccc2Cl)c3cc(sc3NC(=O)c4ccco4)C
dude_jak2__L005998,C[C@H]1C[C@@H](C[NH+](C1)Cc2ccccc2C[NH2+]Cc3cn(c(=O)n(c3=O)C)C)C
dude_jak2__L005999,CCn1c(=O)c2ccccc2nc1SCC(=O)Nc3ccc(cc3)[N+](=O)[O-]
dude_jak2__L006000,c1ccc(cc1)[C@@H]2[C@@H](N(CN2)[C@@H](Cc3ccc(cc3)Cl)CO)c4[nH]cc[nH+]4
dude_jak2__L006001,CC[C@@H]1CCCCN1C(=O)Cn2c3ccccc3c(=O)n(c2=O)CC4CCC(CC4)C(=O)NC5CCCC5
dude_jak2__L006002,CC[NH+](Cc1[nH]c(=O)c2cc(c(cc2n1)OC)OC)Cc3[nH]c(=O)c4c5c(sc4n3)CCC5
dude_jak2__L006003,Cc1ccc(c(c1C)NC(=O)c2cscn2)N
dude_jak2__L006004,Cc1ccccc1NC(=O)c2c(cnc(n2)S(=O)(=O)C)Cl
dude_jak2__L006005,c1ccc(cc1)CN2c3ccccc3[C@]4(C2=O)c5c(=O)c6ccccc6oc5C(=O)N4Cc7ccc(cc7)F
dude_jak2__L006006,c1ccc(cc1)CNC(=O)Cn2c(=O)c3c4c(sc3nc2N5CC[NH+](CC5)CC(=O)N)CCCC4
dude_jak2__L006007,CC(=O)[NH+]=c1ccc-2c(cc(oc2c1)O)COC(=O)c3cccc(c3)N(C)C
dude_jak2__L006008,CCCCn1c(c(c(c(c1=O)C#N)C)/C=C/2\C(=O)N(C(=S)S2)C[C@@H]3CCCO3)N4C[C@H](O[C@H](C4)C)C
dude_jak2__L006009,CC[NH+]1CCC[C@H](C1)NC(=O)N2CCN(CC2)C(=O)C(C)(C)C
dude_jak2__L006010,c1cc(c(cc1Br)NC(=O)c2cc(nc(c2)Cl)N)Cl
dude_jak2__L006011,CC(C)NC(=O)CNC(=O)c1ccc(o1)c2ccc(cc2Cl)[N+](=O)[O-]
dude_jak2__L006012,CCN1c2ccc(cc2[C@H](C1=O)NC(=O)C(=O)N[C@H](C)CC3=c4ccccc4=[NH+]C3)Br
dude_jak2__L006013,Cc1c(c[nH]n1)NC(=O)c2cc3c(s2)CC[C@H](C3)C
dude_jak2__L006014,Cc1cc(n2c(n1)nc(=S)n2C[NH+]3CCC(CC3)C[NH+]4CCCCCC4)C
dude_jak2__L006015,CC[NH+]1CCN(CC1)[C@H](c2cc3cc4c(cc3[nH]c2=O)OCO4)c5nnnn5C6CCCC6
dude_jak2__L006016,Cc1ccc(c(c1)C)N(Cc2cc3cc(ccc3[nH]c2=O)C)C(=O)c4cccc(c4)[N+](=O)[O-]
dude_jak2__L006017,Cc1cc(c2=[NH+]C(=O)[C@H](C=c2c1)[C@H]([C@@H]3NN=NN3C(C)(C)C)[NH+](Cc4ccccc4Cl)Cc5ccco5)C
dude_jak2__L006018,Cc1cccc(c1C)n2c(=O)c3ccccc3n4c2nnc4SCC(=O)N[C@@H](C)c5cccs5
dude_jak2__L006019,Cc1cccc(c1)n2c(nnc2SCC(=O)N[C@H]3[NH+]=C(NO3)C)C4=c5ccccc5=[NH+]C4
dude_jak2__L006020,C[C@@H](C(=O)NC(=O)NC12CC3CC(C1)CC(C3)C2)N4CC[NH+](CC4)CC(=O)N5CCCC5
dude_jak2__L006021,CC(C)c1cc(=O)[nH]c2n1c(nn2)SCC(=O)NC(C)(C)C
dude_jak2__L006022,Cc1ccccc1NC(=O)c2cc(ccc2I)[N+](=O)[O-]
dude_jak2__L006023,c1cc(c(cc1Cl)Cl)OCn2ccc(n2)C(=O)N3[C@@](CC=N3)(C(F)(F)F)O
dude_jak2__L006024,CN(CC(=O)Nc1ccccc1C(F)(F)F)C(=O)CS[C@@H]2[NH+]=c3ccc(cc3=[NH+]2)OC
dude_jak2__L006025,Cc1cc(cc2c1NC(=O)[C@@]23[C@H]4[C@@H]([C@@H]5[NH+]3CCC5)C(=O)N(C4=O)c6cc(ccc6OC)[N+](=O)[O-])Cl
dude_jak2__L006026,Cc1cccc2c1[nH]c(=O)c(c2)C[NH+](Cc3ccc4c(c3)OCO4)Cc5nnnn5C[C@@H]6CCCO6
dude_jak2__L006027,Cc1nnc(s1)N2[C@H](c3c(=O)c4ccccc4oc3C2=O)c5ccc(c(c5)OC)OCCC(C)C
dude_jak2__L006028,CC(C)(C)NC(=O)N[C@H]1c2ccccc2C[C@H]1O
dude_jak2__L006029,C[C@@H](CC(=O)Nc1cc(c(cc1OC)OC)Cl)S(=O)(=O)c2ccc3c(c2)NC(=O)CO3
dude_jak2__L006030,C[C@@H](C(=O)NNC(=O)c1ccccc1Cl)Oc2ccccc2[N+](=O)[O-]
dude_jak2__L006031,c1cc(ccc1[C@@H]2[C@H]3CC=C[C@H]3c4cc(ccc4N2)N)[N+](=O)[O-]
dude_jak2__L006032,CCn1cnnc1CNC(=O)[C@@H]2[C@@H](Oc3ccccc3O2)C
dude_jak2__L006033,CCOc1ccc(cc1OC)[C@H]2C3=C(c4cc(ccc4O[C@@H]3c5ccc(cc5)OC)C)N=C6N2NC=N6
dude_jak2__L006034,C[C@H](C(=O)[O-])n1c(=O)c2ccccc2nc1SCC(=O)N[C@@H](Cc3ccccc3)C(=O)C
dude_jak2__L006035,Cc1ccc(cc1)C2=N[C@@H](SC2)NC(=O)CCc3nc(no3)CS[C@H]4[NH+]=c5ccc(cc5=[NH+]4)C
dude_jak2__L006036,COc1ccc2c(c1)C(=O)CC3(O2)CC[NH+](CC3)Cc4cc(=O)[nH]c(n4)C5CC5
dude_jak2__L006037,Cc1ccccc1c2nnn(n2)CC(=O)Nc3c(c4c(s3)C[C@@H](CC4)C(C)(C)C)C#N
dude_jak2__L006038,C[C@@]1(C(=O)N(C(=O)N1)CC(=O)N2CCC(CC2)n3c4ccccc4[nH]c3=O)CCc5ccccc5
dude_jak2__L006039,CC#CCOc1ccc2c(c1)OC[C@@H]2O
dude_jak2__L006040,CCOC(=O)[C@H]1[C@@H](SC2=C1CCCC2)NC(=O)C[NH2+][C@@H]3CCCC4=c5cc(ccc5=[NH+][C@@H]34)[N+](=O)[O-]
dude_jak2__L006041,CC(C)(C)c1cc(=O)[nH]c2n1c(nn2)SCC(=O)Nc3ccc(cc3OC)OC
dude_jak2__L006042,CC[C@H](c1nnnn1C2CCCCC2)N(Cc3cccs3)Cc4cc5cc6c(cc5[nH]c4=O)OCCO6
dude_jak2__L006043,C[C@H]1C/C(=N/N)/[C@@H](CN1CC#CC(C)(C)O)C
dude_jak2__L006044,C1CCN(C1)C(=O)CN2CCN(CC2)C(=O)NC[C@H]3CCCO3
dude_jak2__L006045,CC[NH+](CC)[C@@H](C(Cl)(Cl)Cl)NC(=O)N[C@H](C(Cl)(Cl)Cl)[NH+](CC)CC
dude_jak2__L006046,CC[NH+]1CCC(CC1)NC(=O)C[NH+]2CCC(CC2)(C)N(C)C(=O)OC(C)(C)C
dude_jak2__L006047,c1cc(sc1/C=C\2/C(=O)N/C(=N/C3CCCC3)/S2)Br
dude_jak2__L006048,CS(=O)(=O)N1Cc2ccccc2C[C@@H]1C(=O)NNC(=O)c3ccoc3
dude_jak2__L006049,Cn1cc(cc1C(=O)Nc2cccc3c2cccc3O)Br
dude_jak2__L006050,c1cc(oc1)c2c(c(on2)N)c3ccc(cc3)Br
dude_jak2__L006051,c1cc(ccc1c2c(noc2N)[C@@H]3CCCOC3)Br
dude_jak2__L006052,c1ccc(c(c1)CC(=O)NNC(=O)N[C@@H]2CC[NH+]3[C@@H]2CCCC3)F
dude_jak2__L006053,C[C@@H](C(=O)NCCC(c1ccccc1)c2ccccc2)N3C(=O)[C@@]4([C@@H]5C(=c6ccccc6=[NH+]5)CCN4C3=O)C
dude_jak2__L006054,c1cc[nH+]c(c1)N2CCN(CC2)CC(=O)N3CCNC(=O)[C@H]3CC(=O)Nc4ccc(cc4)Cl
dude_jak2__L006055,c1ccc2c(c1)N[C@@H](C3=C(N2)C[C@@H](CC3=O)c4ccco4)c5cccs5
dude_jak2__L006056,C[C@H]1CC2=C([C@H](C(=C(N2)C)C(=O)OC(C)C)c3coc4ccccc4c3=O)C(=O)[C@@H]1C(=O)OC
dude_jak2__L006057,CCCn1c(c(c(=O)n(c1=O)C)C(=O)CSc2nc3c(n2c4ccccc4)CCCC3)N
dude_jak2__L006058,c1ccc2=[NH+]CC(=c2c1)[C@@H](CNC(=O)N3CCC(CC3)C(=O)N4CCOCC4)[C@@H]5CC=CS5
dude_jak2__L006059,Cc1ccc(cc1)C2=NN([C@@H](C2)c3ccco3)C(=O)CSc4nnc(n4C5CC5)c6cccnc6
dude_jak2__L006060,Cc1ccc(cc1)n2c(=O)c3ccccc3n4c2nnc4S[C@@H](C)C(=O)Nc5cc(ccc5OC)C
dude_jak2__L006061,CCOc1ccccc1NC(=O)Cn2cc(c(=O)c3c2nc(cc3)C)c4nc(no4)c5ccc(cc5)C
dude_jak2__L006062,c1ccc2=[NH+]C([NH+]=c2c1)CCCNC(=O)C3CCN(CC3)[C@@H]4N=N[C@@H](S4)N5CCCCC5=O
dude_jak2__L006063,C[C@H](C(=O)Nc1cc(ccc1OC)S(=O)(=O)N2CCCCCC2)Sc3ccc(cc3)[N+](=O)[O-]
dude_jak2__L006064,CCC(C)(C)NC(=O)C[NH+](C)CC(=O)Nc1ccc(cc1C)Br
dude_jak2__L006065,c1ccc(cc1)/C=C/CSc2[nH]c(=O)c(c(n2)N)NC(=O)c3ccccc3
dude_jak2__L006066,Cc1c(c(c(=O)oc1[C@](C)(/C=C(\C)/[C@@H](/C(=C/[C@@]2([C@@H]3[C@@](O3)([C@@H](O2)C)C)C)/C)O)O)C)OC
dude_jak2__L006067,CCc1ccc(cc1)/C=C/2\C(=O)N(c3cc(ccc3O2)N)C
dude_jak2__L006068,Cc1cc(=O)[nH]c(n1)Sc2c3cc(ccc3ncc2N)Br
dude_jak2__L006069,Cc1nc2ccccc2n1CC(=O)N/N=C\c3ccc(cc3O)O
dude_jak2__L006070,CCOC(=O)c1cccc(c1)N[C@@H]2/C(=N/S(=O)(=O)c3cccc(c3)C)/[NH+]=c4ccccc4=[NH+]2
dude_jak2__L006071,Cc1cc(c(cc1C)S(=O)(=O)N2C[C@H](C[C@@H](C2)C)C)N
dude_jak2__L006072,c1ccc2=[NH+]C(=O)[C@H](C=c2c1)C[NH+]3C[C@@H](CN(C(=O)C3)CC4CCOCC4)OCc5ccccn5
dude_jak2__L006073,c1ccc2c(c1)C(=NS2(=O)=O)NCC(=O)NCC3(CCCCC3)[NH+]4CCCCC4
dude_jak2__L006074,CCc1ccc(cc1)N2C[C@H](CC2=O)c3nnc(s3)NC(=O)[C@H]4CC(=O)N(C4)c5ccc(cc5)OC
dude_jak2__L006075,C1CCC2=C3C(=NC(=NC3=O)CSc4nc([nH]n4)N)S[C@@H]2C1
dude_jak2__L006076,c1ccc(cc1)c2cc3c(s2)ncn(c3=O)CC(=O)N4CCN(CC4)c5ccc(c[nH+]5)C(F)(F)F
dude_jak2__L006077,CC1=C2[C@H]([NH2+][C@@H](C3=C2CCCC3=O)c4ccc(cc4)N(C)C)N=N1
dude_jak2__L006078,Cc1ccc(cc1S(=O)(=O)NCCc2cccs2)c3c(nn4c3NC(=O)CCC4=O)C
dude_jak2__L006079,C[C@H](c1ccc(cc1)n2cncn2)[NH+](C)CC(=O)NC(=O)Nc3ccc4c(c3)OCO4
dude_jak2__L006080,c1cc(c(cc1N)C#N)NC(=O)c2cc(ccc2Cl)Br
dude_jak2__L006081,c1ccc(c(c1)C(=O)NC[C@@H]2CCCO2)NC(=O)CN3c4cccc5c4c(ccc5)C3=O
dude_jak2__L006082,CC(C)Oc1cccc(c1)c2n[nH]c(=S)n2/N=C/c3cccc(c3)[N+](=O)[O-]
dude_jak2__L006083,c1ccc(cc1)C[NH+](CCCC[NH+](Cc2ccccc2)Cc3ccccc3)Cc4ccccc4
dude_jak2__L006084,Cc1cccc(c1)N2CC[NH+](C[C@@H]2C)C[C@@H]3[C@@H]4[C@@H](CC5=CCC[C@@H]([C@]5([C@@H]4O)C)C)OC3=O
dude_jak2__L006085,c1cc(oc1)[C@@H]2CC(=NN2C(=O)CSc3nnc(n3N)C(F)(F)F)c4ccc(cc4)Cl
dude_jak2__L006086,C/C(=N/N)/[C@@H]1CC[C@@H]2[C@@]1(CC[C@@H]3[C@@H]2CC=C4[C@@]3(CC[C@@H](C4)O)C)C
dude_jak2__L006087,Cc1cc(ccc1Br)OCC(=O)N/N=C/c2ccc(c(c2)[N+](=O)[O-])Cl
dude_jak2__L006088,CCc1c(nc([nH]c1=O)n2c(cc(n2)c3cccs3)NC(=O)Cc4ccc(cc4)OC)C
dude_jak2__L006089,C[C@@H]1C[C@H](CN(C1)C(=O)c2ccccc2NCC(=O)NC(=O)NC)C
dude_jak2__L006090,c1cc(ccc1C#N)OCC(=O)N/N=C/c2ccc(c(c2)[N+](=O)[O-])Cl
dude_jak2__L006091,CN(CCc1c[nH]nc1)C(=O)c2cn(nn2)C3CCCCC3
dude_jak2__L006092,C[C@@H]1CN=C(O1)NC2CCCCC2
dude_jak2__L006093,Cc1ccc(c(c1)Br)NC(=O)Cc2csc(n2)N
dude_jak2__L006094,c1ccc(c(c1)C(=O)N[C@H]2CCC[C@@H]2/C(=N\O)/N)O
dude_jak2__L006095,Cc1ccc(c(c1)Cc2c(nc[nH]c2=O)/C=C/[C@H]3C=NC(=O)NC3=O)C
dude_jak2__L006096,CCC(CC)[C@H](c1cc2c(cc1Br)[nH]c(=O)[nH]2)[NH2+]CC
dude_jak2__L006097,c1ccc(cc1)N2[C@H](N[C@@H]3[C@@H](C2=O)C4=C(S3)CCCC4)SCC(=O)N/N=C/C5=c6ccccc6=[NH+]C5
dude_jak2__L006098,C[C@@]12[C@H]3C(=c4ccccc4=[NH+]3)[C@@H](CN1C(=O)CN(C2=O)Cc5ccc(cc5)F)c6ccc(cc6)Cl
dude_jak2__L006099,c1ccc(cc1)Cn2c3ccc(cc3c(c2O)/N=[NH+]/C(=O)N)Br
dude_jak2__L006100,C[C@@H](c1nc(nc(n1)N(C)C)N)Sc2c3c(ccs3)ncn2
dude_jak2__L006101,CC(C)Cc1cc(n(n1)C)NS(=O)(=O)c2ccc(c(c2)C(=O)OC)O
dude_jak2__L006102,CCCn1c(c(c(c(c1=O)C#N)C)/C=C\2/C(=O)N(C(=S)S2)Cc3ccc(cc3)F)N4CCC[C@@H](C4)C
dude_jak2__L006103,CCOC(=O)c1c(csc1NC(=O)[C@@H](C)[NH+]2CCC(CC2)C(=O)Nc3ccccc3OC)C4CC4
dude_jak2__L006104,C=C(c1ccccc1O)NNC(=O)c2cc(n[nH]2)c3ccc4c5c3cccc5CC4
dude_jak2__L006105,CC(C)Oc1ccc2c(c1)[C@@H](CC(CC2)(C)C)O
dude_jak2__L006106,CCCOc1ccc(cc1OCC)[C@@H]2c3c(=O)c4cc(ccc4oc3C(=O)N2CC[NH+]5CCOCC5)Cl
dude_jak2__L006107,Cc1cccc(c1N2C(=O)C[C@H](C2=O)Nc3ccc4c(c3)[nH]c(=O)[nH]4)C
dude_jak2__L006108,Cc1c2c(cc(=O)[nH]c2sc1C(=O)[O-])CSc3nnc(n3C)[C@@H]4COc5ccccc5O4
dude_jak2__L006109,C1CCCCCC(=NNC(=O)C(=O)NC[C@H]2CCCO2)CCCCC1
dude_jak2__L006110,CC1CCN(CC1)S(=O)(=O)c2ccc(c(c2)[N+](=O)[O-])N3CC[NH+](CC3)[C@@H](C)C(=O)NC4CC4
dude_jak2__L006111,CCOC(=O)C1=C(OC(=C([C@H]1c2cc3cc(ccc3nc2Cl)C)C#N)N)C
dude_jak2__L006112,CCOC(=O)c1c2c(sc1NC(=O)Cn3cnc4c(c3=O)cnn4C)C([NH2+]C(C2)(C)C)(C)C
dude_jak2__L006113,Cc1cc(c2c(c1)[C@@]3([C@H]4[C@@H]([C@H]5[NH+]3CCC5)C(=O)N(C4=O)c6cccc(c6)Br)C(=O)N2)C
dude_jak2__L006114,Cc1c(c(=O)[nH][nH]1)[C@H](c2ccc(o2)Br)C3=C(N=N[C@@H]3O)C
dude_jak2__L006115,Cc1ccc2c(c1)[C@]3([C@H]4[C@@H]([C@H]5[NH+]3CCC5)C(=O)N(C4=O)c6ccc(cc6Br)C)C(=O)N2
dude_jak2__L006116,c1ccc(cc1)C(=O)N/C(=C\c2ccc(cc2)F)/C(=O)OCN3C(=O)c4ccccc4C3=O
dude_jak2__L006117,CC(C)C[C@H]1C(=O)N(C2([NH2+]1)CCN(CC2)S(=O)(=O)c3cccc(c3)Cl)Cc4ccc5c(c4)OCO5
dude_jak2__L006118,CC1([C@H]2CC[C@@]1([C@@H](C2)NC(=O)[C@@H]3C[NH+]4CCC3CC4)CS(=O)(=O)N5CCC6(CCc7c6cccc7)CC5)C
dude_jak2__L006119,C[NH+](C)CCCN1CC(=O)N2[C@H](C1=O)CC3=c4ccccc4=[NH+][C@H]3[C@H]2c5cc(ccc5OC)OC
dude_jak2__L006120,Cc1c(c(n(n1)C)Sc2c3c(nc[nH]3)ncn2)N
dude_jak2__L006121,Cc1ccc(cc1C)N2C(=O)C=C[C@H](N2)N3CCCN(CC3)C(=O)[C@@H]4C=c5ccccc5=[NH+]4
dude_jak2__L006122,Cc1c(cc(c(n1)NC(=O)COC(=O)c2c(noc2N)C)Cl)Cl
dude_jak2__L006123,[H]/N=C\1/C(=C/c2ccc(cc2)OC(=O)c3ccc(cc3)Cl)/C(=O)N=C4N1N=C(S4)S(=O)(=O)CC
dude_jak2__L006124,c1cc2c(cc1[N+](=O)[O-])[C@H]3[C@@H](CSC4=NC(=O)S[C@@H]34)[C@@H](O2)O
dude_jak2__L006125,CCc1cccc(c1NC(=O)[C@H](C)[NH+]2CCC(CC2)C(=O)NC3CCCCC3)C
dude_jak2__L006126,Cc1cc(no1)NC(=O)CCc2nc(no2)CS[C@H]3[NH+]=c4ccc(cc4=[NH+]3)Cl
dude_jak2__L006127,Cc1cccc(c1)C(=O)NNC(=O)[C@@]23CC[C@@H](C2)C(C3=C)(C)C
dude_jak2__L006128,COc1cc2=C[C@H]([NH+]=c2cc1OC)C(=O)NCC(=O)NCCC3=c4ccccc4=[NH+]C3
dude_jak2__L006129,Cc1ccc(c(c1)Cl)NC(=O)CN2C(=O)[C@](NC2=O)(C)c3ccc(cc3)[N+](=O)[O-]
dude_jak2__L006130,COc1ccc(cc1)[C@@H](CNC(=O)CN2C(=O)[C@@H]([C@@H]3CCCN3C2=O)C#N)C4=c5ccccc5=[NH+]C4
dude_jak2__L006131,Cc1ccc(cc1C)OCCn2cc(c3c2cccc3)/C=C\4/C(=[NH2+])N5C(=NC4=O)SN=C5S(=O)(=O)C
dude_jak2__L006132,Cc1cc(ccc1NC(=O)CNC(=O)CN2C(=O)C3(CCCC3)NC2=O)Br
dude_jak2__L006133,Cc1cc(no1)NC(=O)[C@@H](C)Sc2nnc(s2)N
dude_jak2__L006134,c1ccc2c(c1)OC[C@@H](O2)C(=O)N3C[C@@H](C4(C3)CC[NH2+]CC4)C(=O)NCc5ccc(c(c5)Cl)F
dude_jak2__L006135,COCCC(=O)N[C@H]1c2cc(c[nH+]c2N([C@@H]1C(=O)OC)CCC3=c4ccccc4=[NH+]C3)NC5CCC5
dude_jak2__L006136,Cc1c(scn1)C(=O)NC2CC[NH+](CC2)[C@H](C)c3nnc(o3)c4ccccc4
dude_jak2__L006137,Cn1cc(c2c1cccc2)C(=O)NNC(=O)CCCN3C(=O)c4cccc5c4c(ccc5)C3=O
dude_jak2__L006138,Cc1cccc(c1NC(=O)C[NH+](Cc2cc(=O)n(c(=O)n2C)C)CC(=O)Nc3c(cccc3C)C)C
dude_jak2__L006139,CCn1c2ccccc2c3c1ccc(c3)NC(=O)COC(=O)/C=C/c4c(nn(c4Cl)[C@H]5CCS(=O)(=O)C5)C
dude_jak2__L006140,C[C@@H]1CCc2c(sc3c2c(nc(n3)Cn4c(ccc(c4=O)C(=O)N)C(F)(F)F)N)C1
dude_jak2__L006141,Cn1c(nnc1SCC(=O)N2[C@H](CC(=N2)c3ccc(cc3)OC)c4ccco4)Cc5cccs5
dude_jak2__L006142,Cc1cc(ccc1OC)[C@@H]2CCNC2=O
dude_jak2__L006143,C[C@@H](c1ccc(cc1)S(=O)(=O)N)[NH2+]Cc2ccc(o2)I
dude_jak2__L006144,C[C@H]1CCc2c(sc3c2c(=O)n(c(n3)S[C@H](C)C(=O)NC(=O)N)C[C@@H]4CCCO4)C1
dude_jak2__L006145,C[C@@H]1CCC[C@H](C1)NC(=O)c2cc(cn2C)N
dude_jak2__L006146,CC(C)c1ccccc1NC(=O)[C@H]2CN(CCN2S(=O)(=O)c3ccccc3)S(=O)(=O)c4ccccc4
dude_jak2__L006147,C[C@H](C(=O)N(C)C)Nc1ccc(cc1N)[N+](=O)[O-]
dude_jak2__L006148,CC(C)[C@H](c1ccc2c(c1)OCCO2)[NH2+][C@H](C)C(=O)Nc3c(cccc3F)F
dude_jak2__L006149,c1cc(ccc1[C@@H](C(=O)N)N2CCN(CC2)c3ccc(c(c3)C(=O)[O-])[N+](=O)[O-])Cl
dude_jak2__L006150,C[C@]1(C(=O)N(C(=O)N1)NC(=O)[C@H]2CC(=O)N(C2)c3ccc(cc3)Cl)CCc4ccccc4
dude_jak2__L006151,Cc1ccc(cc1)c2n[nH]c(=S)n2/N=C/c3cc(c(c(c3O)Br)OC)Br
dude_jak2__L006152,COc1ccc2=C([C@@H]([NH+]=c2c1)C(=O)OC)NC(=O)C[NH+]3CCN(CC3)c4ccccc4F
dude_jak2__L006153,COc1ccc(c(c1)OC)[C@@H]2[C@@H]3C(=c4ccccc4=[NH+]C3=O)OC(=C2C#N)N
dude_jak2__L006154,CC[C@@H](C)NC(=O)[C@H](C)NC(=O)N1CCN(CC1)C(=O)C(C)(C)C
dude_jak2__L006155,c1c(csc1S(=O)(=O)N2CCC[C@@H]3[C@@H]2CCCC3)N
dude_jak2__L006156,CC[C@]1([C@H]2[C@@H]([C@@H]([NH2+]1)c3ccco3)C(=O)N(C2=O)c4ccc(cc4)F)C(=O)OC
dude_jak2__L006157,c1cc2c(c(c1)N)C(=O)N(C2=O)c3nc(cs3)C4CC4
dude_jak2__L006158,c1cc(ccc1N2C(=O)[C@@H](SC2=O)CC(=O)Nc3ccc(cc3O)[N+](=O)[O-])Cl
dude_jak2__L006159,c1cc(ccc1[C@@H]2[C@H](N=C(O2)c3ccncc3)CO)[N+](=O)[O-]
dude_jak2__L006160,Cc1ccc(cc1)OC[C@H](Cn2c3c(=O)[nH]c(=O)n(c3nc2N4CCCCCC4)C)O
dude_jak2__L006161,CN(C(=O)CS[C@@H]1NN=C(N1C2CC2)C3=c4ccccc4=[NH+]C3)C5(CCCCC5)C#N
dude_jak2__L006162,c1ccc(cc1)n2c(nnc2SCC(=O)N3CCN(CC3)c4ccccc4Cl)c5cccs5
dude_jak2__L006163,C[C@@H]1CCN2c3ccc(cc3C[C@]4([C@@H]2C1)C(=O)NC(=S)N(C4=O)C5CC5)[N+](=O)[O-]
dude_jak2__L006164,Cc1cccc(c1)n2c(=O)c(c([nH]c2=S)[O-])[C@H]3c4ccccc4CC[NH2+]3
dude_jak2__L006165,CC[NH+]1CCc2c(c(nn2c3ccccc3OC)CN(C(C)C)C(=O)NC(C)(C)C)C1
dude_jak2__L006166,Cc1ccc(cc1)NC(=O)CSC(=C2C(=O)N(C(=O)N(C2=O)C)C)Nc3ccc(cc3)C
dude_jak2__L006167,C[C@H]1CCCCN1C(=O)[C@@H](C)NC(=O)Nc2ccc3c(c2)CCCC(=O)N3
dude_jak2__L006168,CCn1c(c(c(n1)C)Br)C(=O)N2C[C@H](C3(C2)CC[NH2+]CC3)C(=O)NCC(C)(C)C[NH+](C)C
dude_jak2__L006169,c1cc(ccc1/C=N/N/C(=[NH+]/N=C/c2ccc(cc2)Cl)/N)Cl
dude_jak2__L006170,COc5cc(Nc4nc3cccc(c2ccc(C(=O)N1CCOCC1)c(F)c2)c3o4)cc(OC)c5OC
dude_jak2__L006171,Cc1ccc2cc(c(=O)[nH]c2c1C)[C@H](c3nnnn3C4CCCC4)[NH+]5CCC(=CC5)c6ccc(cc6)F
dude_jak2__L006172,c1cc(ccc1CC(=O)NCCC(=O)N2CCC3(CC2)c4c([nH]c[nH+]4)CCN3)Cl
dude_jak2__L006173,Cc1ccccc1N2C[C@@H](CC2=O)C(=O)Nc3ccccc3O
dude_jak2__L006174,CC(C)(C)n\1c2ccccc2[nH]/c1=N\C(=O)Cn3ccccc3=O
dude_jak2__L006175,c1ccc(cc1)[C@@H]2c3c(c4ccccc4[nH]3)CC[NH+]2[C@@H]5CC(=O)N(C5=O)c6ccccc6
dude_jak2__L006176,CCC(C)(C)n1c(nnn1)C[NH+](Cc2cccs2)Cc3cc4cc5c(cc4[nH]c3=O)OCCO5
dude_jak2__L006177,Cc1nnc(n1N)SCC(=O)Nc2ncc(s2)Cc3ccc(cc3)Br
dude_jak2__L006178,Cc1ccsc1C(=O)NNC(=O)CN2C(=O)C3(CCCC3)NC2=O
dude_jak2__L006179,CC(=C1NN2[C@H](CC(=O)NC2=N1)C(=O)Nc3ccccc3C(F)(F)F)C
dude_jak2__L006180,c1c2c(cc(c1O)O)oc-3cc(=O)c(cc3c2C(Cl)(Cl)Cl)O
dude_jak2__L006181,CC[C@@H](c1c(nc2n1cccc2)C)O
dude_jak2__L006182,c1c2c(cc(c1NC(=O)C[NH+]3CCC[C@@H](C3)C(F)(F)F)[N+](=O)[O-])OCC(=O)N2
dude_jak2__L006183,C[C@@H](C(=O)NC(=O)NC1CCCCC1)OC(=O)CN2CSCC2=O
dude_jak2__L006184,COc1ccc(cc1)[C@@H](CNS(=O)(=O)c2cccc(c2)n3cnnn3)C4=c5ccccc5=[NH+]C4
dude_jak2__L006185,C[NH+](Cc1ccc2c(c1)OCO2)CC(=O)NC(=O)NC34CC5CC(C3)CC(C5)C4
dude_jak2__L006186,Oc5ccc(c2nc1ccccc1c4ncnc3[nH]cc2c34)c(Cl)c5
dude_jak2__L006187,COc1ccccc1/C=C/C(=O)NC(=S)Nc2cc(ccc2O)[N+](=O)[O-]
dude_jak2__L006188,C[C@H]1CCCC[NH+]1CCCNC(=O)[C@@H](C2CCCC2)N3CCN(CC3)C(=O)c4ccc(cc4)[N+](=O)[O-]
dude_jak2__L006189,CCOC(=O)C1=C(NC(=O)N[C@@H]1c2ccc(o2)C)Cn3cnc4ccc(cc4c3=O)Cl
dude_jak2__L006190,CCn1c(nn(c1=O)Cc2cc3c(cc2Cl)OCO3)CC4CC[NH2+]CC4
dude_jak2__L006191,CC(=O)N1[C@@H](CC(=N1)[C@@H]2C(=c3cc(ccc3=[NH+]C2=O)Br)c4ccccc4)c5ccccc5
dude_jak2__L006192,Cc1ccc(c(c1)C)n2c(=O)c3ccccc3n4c2nnc4S[C@H](C)C(=O)NC5CC5
dude_jak2__L006193,COc1cccc(c1OC)[C@H]2c3c(c4ccccc4[nH]3)C[C@@H]5N2C(=O)CN(C5=O)CCC6=CCCCC6
dude_jak2__L006194,CC(C)NC(=O)NC(=O)CN1CCCSc2c1cccc2
dude_jak2__L006195,Cc1c(cccc1NC(=O)C[NH+]2CCCC[C@@H]2C)c3nn4c(nnc4s3)C
dude_jak2__L006196,Cc1c(sc(c1C(=O)OC)N2C(=O)[C@H]3[C@@H]4c5ccccc5C=CN4[C@@H]([C@@H]3C2=O)C(=O)c6cccs6)C
dude_jak2__L006197,Cc1csc(n1)NC(=O)c2cccc(c2)N3C(=O)[C@@H]4CC=CC[C@@H]4C(=O)N3
dude_jak2__L006198,C[C@@H]1CCCC[C@H]1NC(=O)C[NH+](C)CC(=O)Nc2c(cccc2Cl)Cl
dude_jak2__L006199,Cc1ccc(cc1)N2C[C@@H](CC2=O)C(=O)NNC(=O)Nc3ccccc3C
dude_jak2__L006200,c1cc(c(cc1[N+](=O)[O-])CN2CCCS2(=O)=O)N
dude_jak2__L006201,Cc1cc2c(c(=O)n1Cc3ccco3)[C@H](C(=C(O2)N)C#N)c4ccco4
dude_jak2__L006202,CCOC(=O)c1c2c(sc1NC(=O)[C@H](C)n3c(=O)ccc(n3)c4ccc5c(c4)OCO5)CCCCC2
dude_jak2__L006203,Cc1c(c(n(n1)c2ccccc2)C)[C@@H]3C(=O)NCCN3C(=O)c4cc5c(c(c4)Cl)OCO5
dude_jak2__L006204,C[C@@H](C(=O)Nc1cc(c(cc1Cl)Cl)Cl)OC(=O)CN2C(=O)C(NC2=O)(C)C
dude_jak2__L006205,Cc1ccc2=[NH+][C@@H]([NH+]=c2c1)/C(=C/c3cc(c(c(c3)OC)OC(=O)C)OC)/C#N
dude_jak2__L006206,C[C@@H](CNC(=O)C(=O)Nc1ccc2c(c1)OC(O2)(C)C)O
dude_jak2__L006207,CCOc1ccc(cc1)N2C(=O)/C(=C/c3cc(n(c3C)c4ccc(c(c4)Cl)F)C)/C(=O)N(C2=S)C
dude_jak2__L006208,CCCN(c1ccccc1N)[C@@H](C)C(=O)NC(=O)N
dude_jak2__L006209,Cc1cc(ccc1NC(=O)CSC2=N[C@H]3C(=c4ccccc4=[NH+]3)N=N2)OC
dude_jak2__L006210,Oc5ccc(C2Nc1ccccc1c3ccnc4[nH]cc2c34)cc5F
dude_jak2__L006211,C[C@@H](c1ccccc1Br)NC(=O)c2c(cccc2Cl)O
dude_jak2__L006212,Cc1cc(no1)CS(=O)(=O)NC2(CCCCCC2)C#N
dude_jak2__L006213,C[C@@]12CCCC[C@@H]1CC[C@H]3[C@@H]2CC[C@@]4([C@@H]3CC[C@@H]4C(=O)NN)C
dude_jak2__L006214,CC(=C[C@H]1[C@H](C1(C)C)C(=O)NC(C(=O)N)C(=O)N)C
dude_jak2__L006215,CCSc1nnc(s1)N2[C@H](C(=C(C2=O)[O-])C(=O)c3ccc(o3)C)c4ccc(cc4)O
dude_jak2__L006216,C[C@H](C(=O)NC1=c2ccccc2=[NH+][C@@H]1C(=O)OC)N3CC[NH+](CC3)C4CCCCC4
dude_jak2__L006217,c1ccc2=[NH+]CC(=c2c1)CC(=O)N3CCN(CC3)C(=O)[C@@H]4N[C@H](NO4)c5ccc(cc5)[NH+]6CCCCC6
dude_jak2__L006218,CC(=O)N1CCN(CC1)C(=O)[C@@H]2Cc3cc(ccc3N4[C@@H]2C[NH+](CC4)CCOc5ccccc5)[N+](=O)[O-]
dude_jak2__L006219,c1ccc(c(c1)/C=C\2/C(=O)N(C(=O)S2)CCNC(=O)CN3C(=O)C4(CCCCC4)NC3=O)F
dude_jak2__L006220,C[C@H]1CCc2c(sc3c2c(=O)n(c(n3)SCc4[nH]c(=O)c5ccccc5n4)C[C@H]6CCCO6)C1
dude_jak2__L006221,C[C@@H](c1ccc(cc1)F)NC(=O)CN2C(=O)[C@](NC2=O)(C)Cc3ccc4c(c3)OCO4
dude_jak2__L006222,C1C[C@@H]2C(=O)N(C(=O)N2C1)CC(=O)NC34CC5CC(C3)CC(C5)C4
dude_jak2__L006223,CCCn1c2ccccc2n(c1=O)CC(=O)N3c4ccccc4NC(=O)C[C@H]3C
dude_jak2__L006224,CC1(Cc2c(cc3c4c(c(ncn4)SCC(=O)N)oc3n2)CO1)C
dude_jak2__L006225,c1csc2c1n(c(c2)C(=O)Nc3cc(cc(c3)Cl)Cl)C4CCCC4
dude_jak2__L006226,c1ccc2c(c1)c(=O)n(nn2)C[NH+]3CCC(CC3)NC(=O)C4CCC4
dude_jak2__L006227,CC1=C([C@@H](C(=C(O1)N)C#N)c2cccc3c2cccc3)C(=O)C
dude_jak2__L006228,C[C@H]1[C@@H]2C(=c3ccccc3=[NH+]2)C[C@@H]4N1C(=O)N(C4=O)c5ccccc5C(=O)NC6CCCC6
dude_jak2__L006229,c1ccc(cc1)CN2c3ccccc3/C(=N/NC(=O)Cn4cnc5c(c4=O)cc(s5)c6ccccc6)/C2=O
dude_jak2__L006230,C=CCOc1ccc(cc1Cl)[C@H]2c3cc4c(cc3OC(=C2C#N)N)OCO4
dude_jak2__L006231,Cc1ccc(c(c1)[N+](=O)[O-])NC(=O)[C@H](c2ccccc2)OC(=O)c3cc(ccc3F)Cl
dude_jak2__L006232,CCOc1ccc(cc1)N2C(=O)[C@H]3[C@@H]([NH2+][C@]([C@@H]3C2=O)(c4ccccc4)C(=O)OC)c5ccccc5C
dude_jak2__L006233,CCc1cccc(c1)N2C(=O)N(c3ccccc3S2(=O)=O)CC(=O)NC4CCCCC4
dude_jak2__L006234,C[NH+](C)[C@@H](CNC(=O)C(=O)Nc1ccc(cc1Cl)[N+](=O)[O-])c2ccsc2
dude_jak2__L006235,c1cc(c2c(c1)OCCO2)[C@@H]3CCC[NH+]3C[C@@H](COc4ccc5c(c4)OCO5)O
dude_jak2__L006236,C[C@H]1C[C@@H](CC[C@@H]1[NH3+])C(=O)NC2CCCCCC2
dude_jak2__L006237,Cc1cccc(c1C)N2CC[NH+](CC2)Cc3cc(=O)[nH]c(n3)N4CCN(CC4)C(=O)CC(C)(C)C
dude_jak2__L006238,CCn\1c2ccccc2[nH]/c1=N\C(=O)CN3C(=O)[C@@H]4CC=CC[C@@H]4C3=O
dude_jak2__L006239,CCOc1ccc(cc1)[C@H]2C3=C(N=N[C@@H]3C(=O)N2CCO)c4cc(c(cc4O)C)Cl
dude_jak2__L006240,C[C@H]1CC2=C([C@@H](/C(=C(/[O-])\OC(C)C)/C(=N2)C)c3ccc(c(c3)O)OC)C(=O)[C@@H]1C(=O)OC
dude_jak2__L006241,Cc1ccc(cc1)Oc2ccccc2NC(=O)c3ccc4c(c3)NC(=O)CO4
dude_jak2__L006242,C[C@H]1[C@@H](N([C@@H]([C@@H]1C2[NH+]=c3ccccc3=[NH+]2)NC(=O)c4ccc(cc4)[N+](=O)[O-])CCCOC)C
dude_jak2__L006243,Cc1c(cn(n1)C)CN(C)C(=O)c2cnn3c2nc(cc3C(F)(F)F)c4ccc(cc4)Br
dude_jak2__L006244,CCc1ccc2=[NH+]C(=O)[C@H](C=c2c1)[C@@H]([C@@H]3N=NNN3C(C)(C)C)[NH+]4CCN(CC4)c5ccccc5F
dude_jak2__L006245,c1ccc(cc1)[C@H](C(=O)Nc2ccc(cc2Cl)[N+](=O)[O-])OC(=O)c3ccc(cc3)N4CCCC4=O
dude_jak2__L006246,CC(C)C[C@@H](CO)Nc1cc2c(cc1N)OCC(=O)N2
dude_jak2__L006247,CC(=C1[C@@H]2C=C[C@H]1[C@@H]3[C@@H]2C(=O)NC3=O)C
dude_jak2__L006248,c1ccc(cc1)[C@@H]2NN=C3N2N=C(C=C3)N4CCC(CC4)C(=O)NC5[NH+]=c6ccccc6=[NH+]5
dude_jak2__L006249,Cc1c2c(cc(=O)[nH]c2sc1C(=O)[O-])CSc3nnc(n3Cc4ccco4)Cc5ccccc5
dude_jak2__L006250,CC(C)NS(=O)(=O)Cc1ccc(cc1)CNC(=O)C[C@@H]2C(=O)Nc3ccccc3S2
dude_jak2__L006251,[H]/N=C\1/N(C(=O)/C(=C/c2ccc(o2)c3ccc(cc3)[N+](=O)[O-])/S1)c4nccs4
dude_jak2__L006252,Cc1cc(=O)[nH]c(n1)n2c(cc(n2)c3cccs3)NC(=O)COC
dude_jak2__L006253,COc1ccc(cc1Br)/C=N/NC(=O)c2cccc(c2)[N+](=O)[O-]
dude_jak2__L006254,Cc1cc(cc(c1C)NC(=O)c2cc(nn2c3ccccc3)c4ccco4)S(=O)(=O)N(C)C
dude_jak2__L006255,Cc1c(c2c(c(c1N)C)O[C@H](CC(=O)N2)C)C
dude_jak2__L006256,C[C@]12CCC[C@@]3([C@@H]1C[C@H]4[C@@H](C2)OC(=O)[C@@H]4C[NH+](C)C[C@H](COc5cccc6c5cccc6)O)CO3
dude_jak2__L006257,Cc1ccccc1NC(=O)Cn2cnc3c4cc5c(nc4oc3c2=O)CC(OC5)(C)C
dude_jak2__L006258,CC[NH+](Cc1ccccc1)[C@H](c2cc3cccc(c3[nH]c2=O)C)c4nnnn4C(C)(C)C
dude_jak2__L006259,CC(C)(C)n1cc(cn1)NC(=O)c2cc3ccccc3oc2=O
dude_jak2__L006260,CCOC(=O)[C@@H]1C(=c2cc(ccc2=[NH+]1)OC)NC(=O)CC[NH+]3CCC[C@@H](C3)C
dude_jak2__L006261,CCOCCCNC(=O)NNC(=O)c1ccc2c(c1)NC(=O)CCS2
dude_jak2__L006262,Cc1cc(c\2c(c1C)OC/C2=N\O)C
dude_jak2__L006263,CCC(C)(C)N1[C@H](NN=N1)[C@@H]([C@@H]2C=c3c(ccc(c3=[NH+]C2=O)C)C)[NH+](Cc4cccnc4)Cc5ccco5
dude_jak2__L006264,Cc1cc2cc(c(=O)[nH]c2cc1C)[C@@H](c3nnnn3C(C)(C)C)[NH+]4CCc5ccccc5C4
dude_jak2__L006265,c1cc2=[NH+][C@@H]\3C(=c2cc1[N+](=O)[O-])CCC/C3=N\N=C/4\CCCC5=c6cc(ccc6=[NH+][C@@H]54)[N+](=O)[O-]
dude_jak2__L006266,CN1[C@@H]2[C@H](N=C1Oc3ccc(cc3)/C=C(/C#N)\C4[NH+]=c5ccccc5=[NH+]4)N(C(=O)N(C2=O)C)C
dude_jak2__L006267,C[C@H](C(=O)C(=C1Nc2ccccc2N1)C#N)Sc3nc4ccsc4c(=O)n3CC=C
dude_jak2__L006268,c1cc(ccc1c2ccc(o2)/C=N/c3cc(ccc3O)Cl)Br
dude_jak2__L006269,C[C@H]1C[C@@H](CN(C1)C(=O)CSCC(=O)/N=c\2/n(c3ccc(cc3s2)OC)CC(=O)OC)C
dude_jak2__L006270,Cc1ccc(c(c1)NC(=O)CNC(=O)COc2c3c4c(sc3ncn2)C[C@H](CC4)C)OC
dude_jak2__L006271,CC[C@@H](c1nnnn1C(C)(C)C)N(Cc2ccc3c(c2)OCO3)Cc4cc5ccc(cc5[nH]c4=O)C
dude_jak2__L006272,C1CCCC2(CCC1)C(=O)N(C(=O)N2)CN3CCC[C@@H](C3)CCC(=O)N
dude_jak2__L006273,CCC(=O)NNC(=O)CSc1nnc(n1N)c2ccc(cc2)Cl
dude_jak2__L006274,C[C@H]1C[NH+](CCN1C(=O)NC(C)(C)C)[C@@H](C)c2nc3ccc(cc3c(=O)n2C)Cl
dude_jak2__L006275,c1ccc(cc1)Cn2cc(cn2)CNC(=O)C[C@H]3C(=O)NCC[NH+]3C4Cc5ccccc5C4
dude_jak2__L006276,C[C@@H](C(=O)Nc1ccc2c(c1)OCO2)NS(=O)(=O)c3c(cccc3Cl)Cl
dude_jak2__L006277,C[C@H]1CCCC[C@]12C(=O)N(C(=O)N2)CC(=O)Nc3ccc(c(c3)Cl)OC(F)F
dude_jak2__L006278,CCCNC(=O)NC(=O)CN1C(=O)[C@@](NC1=O)(C)c2ccsc2
dude_jak2__L006279,c1cc2c(cc1NS(=O)(=O)N3CCNCC3)NC(=O)CS2
dude_jak2__L006280,c1ccc(cc1)NS(=O)(=O)c2ccc(cc2)/N=C/c3ccccc3[N+](=O)[O-]
dude_jak2__L006281,Cc1ccc(cc1N2C(=O)c3cccc(c3C2=O)N)F
dude_jak2__L006282,CCS(=O)(=O)C1=NN2C(=[NH2+])/C(=C\c3cc(n(c3C)c4cccc(c4)OC)C)/C(=O)N=C2S1
dude_jak2__L006283,Cc1c(cc(s1)c2nc(on2)C)S(=O)(=O)/N=c\3/cccc[nH]3
dude_jak2__L006284,c1ccc2c(c1)-c3c(cc(s3)C(=O)OCC(=O)NC(=O)N)CO2
dude_jak2__L006285,Cc1csc(n1)c2cc3ccc(c(c3oc2=O)C[NH+]4C[C@]5(C[C@@H]4CC(C5)(C)C)C)O
dude_jak2__L006286,c1cc(cc(c1)[N+](=O)[O-])CSC2=[NH+][C@H]3CCCC[C@@H]3N2
dude_jak2__L006287,C[C@@H]1Cc2ccccc2N1CC(=O)NN3C(=O)C4(CCCCC4)NC3=O
dude_jak2__L006288,CCOc1ccc(cc1)OCC(=O)N2CCN(CC2)c3nc4c(c5c(s4)CCCC5)c(=O)n3C
dude_jak2__L006289,CC(C)[C@](C)(C#N)NC(=O)CN1C(=O)[C@](NC1=O)(C)c2cccc(c2)C(F)(F)F
dude_jak2__L006290,CCCCOCCC[NH2+]Cc1ccc(cc1)OC[C@H](c2ccc3c(c2)n(c(=O)n3C)C)O
dude_jak2__L006291,CC1=C2[C@@H](CC(=O)N[C@@H]2N(N1)C3[NH+]=c4ccccc4=[NH+]3)c5cc(cc(c5)F)F
dude_jak2__L006292,CC1(CS(=O)(=O)N(C1=O)c2ccc(cc2)S(=O)(=O)NC[C@@H](c3ccc(cc3)OC)[NH+](C)C)C
dude_jak2__L006293,O=C(NC1CC1)Nc2c[nH]nc2c5nc4cc(CN3CCOCC3)ccc4[nH]5
dude_jak2__L006294,c1c(c(cc(c1F)F)N)c2nnnn2CC3CCCC3
dude_jak2__L006295,CCCCCN1C(=O)[C@]2(Cc3c([nH+]c4c(cccn4c3=O)C)N5[C@@H]2c6ccccc6CC5)C(=O)NC1=O
dude_jak2__L006296,CC(C)(C[NH3+])NC(=O)C12CC3CC(C1)CC(C3)C2
dude_jak2__L006297,C[C@H](C(=O)Nc1cccc(c1)[N+](=O)[O-])N2CCN(CC2)[C@@H](C)C(=O)Nc3cccc(c3)F
dude_jak2__L006298,C[NH+]1CCCC[C@H]1CNC(=O)N2CCO[C@@H](C2)C(=O)[O-]
dude_jak2__L006299,c1cc(sc1)c2c(noc2N)c3ccc4c(c3)CCO4
dude_jak2__L006300,C[C@@H]1c2cccc(c2O[C@H]1C)C(=O)OCc3cc(oc-4cc(=[NH+]C(=O)C)ccc34)O
dude_jak2__L006301,Cc1c2c([nH]c1C(=O)N3CCN(CC3)C(=O)[C@@H]4COc5ccccc5O4)CC(CC2=O)(C)C
dude_jak2__L006302,C[C@H]1CCc2c(sc3c2c(=O)n(cn3)[C@H](C)C(=O)Nc4ccc(cc4)Cl)C1
dude_jak2__L006303,C[C@H]1CC=C(O1)/C=C/c2[nH]c(=S)n(n2)C[NH+]3CCN(CC3)c4c5cnn(c5ncn4)C
dude_jak2__L006304,C[C@H](C(=O)N)OC(=O)c1c2ccccc2nc\3c1CC/C3=C\c4ccc5c(c4)OCO5
dude_jak2__L006305,Cc1ccc(cc1)[C@@H](CNC(=O)[C@@H](C)NC(=O)c2cccc(c2)[N+](=O)[O-])[NH+](C)C
dude_jak2__L006306,Cc1cccc(c1O)C(=O)NC[C@@H](C)/C(=N/O)/N
dude_jak2__L006307,COC(=O)C1CC[NH+](CC1)C[C@@H](COc2ccc(cc2)C[NH2+]CCCC3CCCC3)O
dude_jak2__L006308,CCc1c(c(c([nH]1)C(=O)NC2CC([NH2+]C(C2)(C)C)(C)C)C)C(=O)OC
dude_jak2__L006309,C[C@H](C(=O)N(C(C)C)C(C)C)Sc1nnc(o1)c2c3ccccc3c(=O)n(n2)Cc4ccccc4
dude_jak2__L006310,CS(=O)(=O)NC1CC[NH+](CC1)[C@@H](c2ccccc2)C(=O)Nc3ccc(c(c3)[N+](=O)[O-])Cl
dude_jak2__L006311,COc1ccc(cc1Br)NC(=S)NC(=O)c2ccc(cc2Cl)[N+](=O)[O-]
dude_jak2__L006312,COc1ccc(cc1Br)[C@H](c2ccc3c(c2)CC(=O)N3)[NH3+]
dude_jak2__L006313,CCOc1cccc2c1nc(s2)N(CCn3c(cc(n3)C)C)C(=O)c4cccc(c4)S(=O)(=O)C(C)C
dude_jak2__L006314,C/C(=C/1\C(=O)c2ccccc2S(=O)(=O)N1C)/NC(=O)c3ccco3
dude_jak2__L006315,CCCCCN1CC(=O)N2[C@H](C1=O)CC3=c4ccccc4=[NH+][C@@H]3[C@@H]2c5cc(c(c(c5)OC)OC)OC
dude_jak2__L006316,C[C@@H](c1cc2ccccc2o1)NC(=O)CN3C(=O)[C@H](NC3=O)CC4=c5ccccc5=[NH+]C4
dude_jak2__L006317,CN1CCN(CC1)C2=[NH+][C@H](N3C(=CC(=C)NC3=N2)[O-])c4ccc(cc4)SC
dude_jak2__L006318,CNc1ccc(cc1[N+](=O)[O-])C(=O)OCC(=O)Nc2ccccc2I
dude_jak2__L006319,CN(C)S(=O)(=O)c1cccc(c1)c2c(cn(n2)c3ccccc3)/C=C(\C#N)/c4nc5ccccc5s4
dude_jak2__L006320,c1cc(ccc1c2nc(on2)Cn3c4ccsc4c(=O)n(c3=O)c5ccc(cc5)F)C(F)(F)F
dude_jak2__L006321,Cc1cc(c(c(c1)C)NC(=O)CNC(=O)Nc2cc(c[nH]c2=O)C(F)(F)F)C
dude_jak2__L006322,CC1(Cc2c(c([nH+]c3c2c4c(s3)c(ncn4)NCCCOC)N5CCCC5)CO1)C
dude_jak2__L006323,C[C@]1(C(=O)N(C(=O)N1)CC(=O)Nc2ccc(cc2)Cl)Cc3ccc4c(c3)OCO4
dude_jak2__L006324,Cc1cccn2c1nc(c(c2=O)/C=C\3/C(=O)N(C(=S)S3)[C@@H](C)c4ccccc4)N5C[C@H](C[C@@H](C5)C)C
dude_jak2__L006325,CCc1ccc2=[NH+]C(=O)[C@@H](C=c2c1)[C@H]([C@@H]3N=NNN3C(C)(C)C)[NH+]4CCc5ccccc5C4
dude_jak2__L006326,CCn1ccc(n1)C(=O)N2CC[C@@]3(C2)/C(=[NH+]/C(C)(C)C)/Nc4ccccc4CN3
dude_jak2__L006327,CC[NH+]1CCN(CC1)c2c(c(=O)n3cc(ccc3n2)C)/C=C\4/C(=O)N(C(=S)S4)Cc5ccc(cc5)F
dude_jak2__L006328,Cc1c(n(c(c1C#N)NC(=O)C[NH+]2CCC[C@@H]2C(=O)N(C)C)C3CCCCC3)C
dude_jak2__L006329,CC(C)c1ccc(cc1)NC(=O)/C=C/2\CS[C@@H](N2)NC(=O)c3ccc[nH]c3=O
dude_jak2__L006330,Cc1ccccc1OCCCn2cc(c3c2cccc3)/C=C\4/C(=[NH2+])N5C(=NC4=O)SN=C5S(=O)(=O)C
dude_jak2__L006331,c1ccc2=[NH+]CC(=c2c1)CCC(=O)Nc3ccccc3n4cncn4
dude_jak2__L006332,c1ccc(cc1)[C@@H]2c3ccsc3CC[NH+]2CCC(=O)N4CCN(CC4)C(=O)CSc5ccccc5
dude_jak2__L006333,C[C@H]1C[C@@H](C[NH+](C1)C[C@@H](C)NC(=O)NNC(=O)c2ccccc2Cl)C
dude_jak2__L006334,c1cc(ccc1N[C@@]2(COc3c2ccc(c3)O)CO)Br
dude_jak2__L006335,Cc1nc2c3ccccc3nc(n2n1)S[C@H](C)C(=O)N4CC(=O)Nc5c4cccc5
dude_jak2__L006336,Cc1cc2cc(c(=O)[nH]c2cc1C)[C@@H](c3nnnn3C4CCCCC4)[NH+]5CCOCC5
dude_jak2__L006337,Cc1c/c(=N/S(=O)(=O)c2cnn(c2)C)/[nH]cc1N
dude_jak2__L006338,C[C@H]1CCC[C@@H]([C@@H]1[NH3+])C(=O)NCC(C)C
dude_jak2__L006339,CC1=C[C@H]2NC(=CC(=O)N2O1)CSc3[nH]ncn3
dude_jak2__L006340,Cc1cc2c(c(c1)OCC(=O)N3Cc4c(c5ccccc5[nH]4)C[C@@H]3C(=O)OC)c6c(c(=O)o2)CCCC6
dude_jak2__L006341,CC(C)c1ccc(cc1)S(=O)(=O)NNC(=O)c2ccc3c(c2)OCO3
dude_jak2__L006342,COCCCN[C@@H]1/C(=N/S(=O)(=O)c2ccc(cc2)Cl)/[NH+]=c3ccccc3=[NH+]1
dude_jak2__L006343,CCCn1c(c(c(=O)[nH]c1=O)C(=O)C[NH+]2CCC[C@H]3[C@@H]2CCCC3)N
dude_jak2__L006344,CC(C)CC[NH+]1CCN(CC1)c2[nH]c(=O)cc(n2)C[NH+]3CCC(CC3)N4CCCCC4
dude_jak2__L006345,CC(C)(C)c1ccc(cc1)/C=C(\C(=O)NN)/NC(=O)c2ccc(cc2)C(C)(C)C
dude_jak2__L006346,CCCNc1cc2c([nH+]c1)N([C@H]([C@@H]2NC(=O)CCOC)C(=O)OC)CCC3=c4ccccc4=[NH+]C3
dude_jak2__L006347,C[C@@H]1C[NH+](CCN1c2cccc(c2)OC)[C@@H](C)C(=O)NC3=c4cc(ccc4=[NH+][C@@H]3C(=O)OC)Cl
dude_jak2__L006348,CC[NH+]1CCN(CC1)c2c(nc(o2)c3ccc(o3)COc4ccc(cc4)C)C#N
dude_jak2__L006349,Cc1ccc(c(c1)C)OCCCOc2ccc(cc2)/C=C/3\C(=[NH2+])N4C(=NC3=O)SC(=N4)S(=O)(=O)C
dude_jak2__L006350,CCn1cc-2c(=O)n(nc2c(c1)C(=O)N3CCN(CC3)CC(=O)Nc4cc(cc(c4)C)C)c5ccccc5
dude_jak2__L006351,CC[C@H]1CN(CCO1)CN2C(=O)C3(CCCCCC3)NC2=O
dude_jak2__L006352,Cn1c(nnn1)SCC(=O)Nc2ccc(cc2)C(=O)N[C@H]3CCC[C@@H](C3)C(F)(F)F
dude_jak2__L006353,Cc1cccc2c1[nH]c(=O)c(c2)[C@@H](c3nnnn3C(C)(C)C)[NH+]4CCc5ccccc5C4
dude_jak2__L006354,COCCCNc1c(c(=O)n2ccccc2n1)/C=C\3/C(=O)N(C(=S)S3)Cc4ccc5c(c4)OCO5
dude_jak2__L006355,C[C@@H]1CCc2c(sc(c2C(=O)NC(=O)OC)NC(=O)c3cc(sc3Cl)Cl)C1
dude_jak2__L006356,c1c(nc([nH]c1=O)C23CC4CC(C2)CC(C4)C3)N
dude_jak2__L006357,CCC(C)(C)n1c(nnn1)[C@H](c2cc3ccc(cc3[nH]c2=O)C)[NH+]4CCc5ccccc5C4
dude_jak2__L006358,CC1=C([C@H](ON1)N)C(=O)O[C@H](c2ccccc2)C(=O)C3=c4ccccc4=[NH+]C3
dude_jak2__L006359,c1ccc(cc1)C2(CCCCC2)C(=O)N3CCC4(CC3)C[C@H]4C(=O)N5CCN(CC5)c6cccc[nH+]6
dude_jak2__L006360,C[C@H]1[C@H](ON=C1C)NS(=O)(=O)c2ccc(cc2)NC(=O)CSC3[NH+]=c4ccccc4=[NH+]3
dude_jak2__L006361,Cc1c(n2c(c(nc2s1)c3cccs3)N)c4ccco4
dude_jak2__L006362,CCOC(=O)CNC(=O)c1c(c2c(nc(nc2s1)C)N3CCN(CC3)c4cccc[nH+]4)C
dude_jak2__L006363,CCOc1cccc2c1n(/c(=N\C(=O)c3ccc(cc3)S(=O)(=O)N(C)C[C@H]4CCCO4)/s2)C
dude_jak2__L006364,C[C@@H](c1ccc(cc1)C(C)(C)C)NC(=O)CCc2nc(no2)c3nc[nH]n3
dude_jak2__L006365,c1ccc2c(c1)CC(=O)N(C2=O)Cc3c(snn3)NN
dude_jak2__L006366,Cc1ccc(c(c1)[C@H]2[C@H]3[C@@H](C(=O)N(C3=O)c4ccccc4C)[C@@]([NH2+]2)(c5ccccc5)C(=O)[O-])C
dude_jak2__L006367,Cc1ccc(cc1)n2c(c(c(n2)C)NC(=O)CSc3nc4ccccc4c(=O)n3C5CCCC5)C
dude_jak2__L006368,Cc1ccc(cc1)N2[C@H](N=C3C2=NC=NC3=O)SCC(=O)Nc4ccccc4Cl
dude_jak2__L006369,C[C@H](C(=O)Nc1ccc(cc1)S(=O)(=O)/N=C/2\CCCCCN2)Oc3cccc(c3)Cl
dude_jak2__L006370,Cc1ccc(c(c1)NS(=O)(=O)c2cc(ccc2N)F)F
dude_jak2__L006371,c1ccc(cc1)n2ncc(n2)C(=O)N[C@H]3CCCCNC3=O
dude_jak2__L006372,COc1ccc2=[NH+]C(=O)[C@@H](C=c2c1)CN(c3ccccc3OC)S(=O)(=O)c4ccc(cc4)Cl
dude_jak2__L006373,Cc1c(cccc1N[C@H]2CCS(=O)(=O)C2)N
dude_jak2__L006374,COc1ccc(cc1Br)C(=O)N/N=C/c2cc(ccc2Cl)[N+](=O)[O-]
dude_jak2__L006375,Cc1cc(cc(c1C)S(=O)(=O)N2C[C@@H](C[C@@H](C2)C)C)N
dude_jak2__L006376,CCOc1ccc(cc1)NC(=O)[C@@H]2CC(=O)N(/C(=N/c3ccccc3F)/S2)Cc4ccc5c(c4)OCO5
dude_jak2__L006377,C[C@@H]1C[C@H](C[NH+](C1)Cc2csc(n2)NC(=O)Cn3c4ccccc4oc3=O)C
dude_jak2__L006378,CCNC(=O)Cn1ccc(n1)NC(=O)c2ccc(cc2)n3cc(cn3)C
dude_jak2__L006379,CCCCNC(=O)NC(=O)[C@H](C)n1nc(nn1)c2ccc(cc2)Br
dude_jak2__L006380,c1cc(c(cc1[N+](=O)[O-])S(=O)(=O)NC2CCCCCC2)N
dude_jak2__L006381,CCN(CC)c1ccc(cc1)[C@@H]2[C@H]3C(=Nc4ccccc4N2C(=O)C(F)(F)F)C[C@@H](CC3=O)c5ccco5
dude_jak2__L006382,CN(C)c1ccc(cc1)[C@@H](CNC(=O)C(=O)Nc2ccc(cc2)Cl)[NH+]3CCc4ccccc4C3
dude_jak2__L006383,CC(C)c1c[nH+]c2c(c1NOCc3c(cccc3Cl)F)c(=O)n(c(=O)n2C)C
dude_jak2__L006384,COCc1ccc(o1)C[NH+](C[C@H]2CCCO2)CC3CC[NH+](CC3)C4Cc5ccccc5C4
dude_jak2__L006385,CCOc1ccccc1NC(=O)[C@H](C)Sc2nnc(n2N)c3ccco3
dude_jak2__L006386,CC(=O)/[NH+]=c\1/ccc-2c(cc(oc2c1)O)C[NH+](Cc3ccccc3)CC(=O)OC
dude_jak2__L006387,CC1=C[C@H](N=N1)NC(=O)CSC2=Nc3ccccc3C4=N[C@@H](C(=O)N42)C(C)C
dude_jak2__L006388,COc1ccc(c2c1N[C@@H]([C@H]3[C@@H]2C=CC3)c4cc[nH+]cc4)[N+](=O)[O-]
dude_jak2__L006389,COc1ccc(cc1)S(=O)(=O)/N=C\2/[C@H]([NH+]=c3ccccc3=[NH+]2)Nc4ccc(c(c4)[N+](=O)[O-])Cl
dude_jak2__L006390,CC[C@H](C(=O)[O-])Oc1cccc(c1)/C=C\2/C(=O)N(C(=S)S2)NC(=O)c3cccc(c3)O
dude_jak2__L006391,Cc1ccccc1NC(=O)N2CCC3(CC2)C(=O)N(CN3c4ccccc4)CC(=O)N(C)Cc5ccccc5
dude_jak2__L006392,Cc1c(cccc1N2CCCC2=O)NC(=O)NC[C@H](c3ccco3)[NH+]4CCCC4
dude_jak2__L006393,CC(C)N1C(=O)[C@@]2(Cc3cc(ccc3N4[C@@H]2C[NH+](CC4)C/C=C/c5ccccc5)[N+](=O)[O-])C(=O)NC1=O
dude_jak2__L006394,CCc1nnc(s1)NC(=O)CSc2nc3c(c4ccccc4[nH]3)nn2
dude_jak2__L006395,CC(C)[C@@H](C(=O)NC(=O)N)Sc1nnnn1C2CCCCC2
dude_jak2__L006396,C[C@H]1CCc2c(c3c(s2)nc(n(c3=O)c4ccc(cc4)Cl)NN)C1
dude_jak2__L006397,C[C@H](c1nncn1C)NC(=O)c2cc(ccc2N(C)C)N
dude_jak2__L006398,c1cc2=C(C[NH+]=c2nc1)C3CC[NH+](CC3)[C@H](C4CCN(CC4)C(=O)/C=C/c5cc(c(c(c5)F)F)F)C(=O)[O-]
dude_jak2__L006399,Cc1c(nc(nc1C)S[C@@H](C)C(=O)Nc2cc(ccc2Cl)[N+](=O)[O-])C
dude_jak2__L006400,Cc1c(sc2c1c(ncn2)NC)C
dude_jak2__L006401,CC[C@]1(CCC(=O)NC1=O)c2ccc(cc2)NS(=O)(=O)c3ccccc3[N+](=O)[O-]
dude_jak2__L006402,Cc1ccc(cc1[N+](=O)[O-])N2C(=O)C[C@H](C2=O)[NH2+]CCc3c[nH]c4c3cccc4
dude_jak2__L006403,COc1ccc(cc1OC)[C@@H]2C(=C(NC(=O)N2)CS(=O)(=O)c3ccc(c(c3)Cl)F)C(=O)OC
dude_jak2__L006404,Cc1ccc(s1)C(=O)NC2CC[NH+](CC2)[C@H](C)C(=O)Nc3ccc4c(c3)OCCO4
dude_jak2__L006405,Cn1c2c(c(n1)NC(=O)c3cc(ccc3Cl)Br)[C@H](CC(=O)N2)c4cccs4
dude_jak2__L006406,CC\1=C(C(=O)N(C(=O)/C1=N\Nc2ccc(cc2C(=O)[O-])Br)CCCO)C#N
dude_jak2__L006407,CCCCn1c(c(c(c(c1=O)C#N)C)/C=C/2\C(=O)N(C(=S)S2)Cc3ccc(cc3)F)N4CCCCC4
dude_jak2__L006408,COc5cc(c4cnc3cccc(c2ccc(CN1CCS(=O)(=O)CC1)cc2)c3n4)cc(OC)c5OC
dude_jak2__L006409,Cc1c(c(n(n1)C)C)CN(C)C(=O)C2=CC3=[NH+][C@H](C[C@@H](N3N2)C(F)(F)F)c4cccs4
dude_jak2__L006410,Cc1ccc2[nH+]c(cn2c1)CNC(=O)NNC(=O)Cc3ccccc3F
dude_jak2__L006411,CCOC(=O)Cn1c2c(sc1=O)[C@@H]([C@@H]3[C@@H](S2)C(=O)N(C3=O)c4ccc(cc4)OC)c5cccs5
dude_jak2__L006412,CC[C@@H](c1nnnn1CCOC)[NH+](Cc2ccc(cc2)F)Cc3cc4ccc(cc4[nH]c3=O)OC
dude_jak2__L006413,Cc1cc2=C(C[NH+]=c2c(c1)Cl)C(=O)[O-]
dude_jak2__L006414,Cc1c(c(=O)n(n1C)c2ccccc2)NC(=O)[C@H](C)OC(=O)c3c4ccccc4nc5c3CCCCC5
dude_jak2__L006415,Cn1c2c(cn1)c(ncn2)NCC3(CCCCCC3)[NH+](C)C
dude_jak2__L006416,C[C@H](Cc1ccco1)Nc2cc(cc(c2)S(=O)(=O)N)N
dude_jak2__L006417,C[C@H](C(=O)N1CCC2(CC1)[C@@H]3C(=NC=N3)CC[NH2+]2)NC(=O)Cc4ccc(cc4)Cl
dude_jak2__L006418,C[C@@]1(C(=O)N(C(=O)N1)Cc2cc3c(c(c2)Cl)OCCCO3)c4ccc5c(c4)OCO5
dude_jak2__L006419,C[C@@H](c1ccco1)NC(=O)CN2C(=O)[C@]3(CCCc4c3cccc4)NC2=O
dude_jak2__L006420,Cc1cc(c(c(c1)C)NC(=O)[C@H](C)Sc2nnc3n2c4ccccc4c(=O)n3Cc5ccccc5)C
dude_jak2__L006421,Cc1cc(c(n1c2ccc(cc2)Cl)C)/C=N/[NH+]=C(\N)/[S-]
dude_jak2__L006422,CCC[C@H]1[C@H](SNN1)C(=O)NCCC2=c3cc(ccc3=[NH+]C2)Cl
dude_jak2__L006423,C[C@H]1C(=C(N=N1)C)[C@H](C)NC(=O)[C@@H]2CN(CC23CC[NH2+]CC3)C(=O)c4ccc(cc4Cl)Cl
dude_jak2__L006424,c1cc(c(cc1C(=O)N2CCCc3c2cc(cc3)N)Cl)O
dude_jak2__L006425,Cc1ccc(nn1)N[C@H]2CCC[C@@H](C2)C
dude_jak2__L006426,CCc1ccc(cc1)NC(=O)[C@@H]2c3nc(=O)c4ccc(cc4n3C(=S)S2)Cl
dude_jak2__L006427,COC(=O)CC[C@@H](C(=O)OC)NC(=O)N1CCc2c([nH+]c[nH]2)[C@H]1c3ccc(cc3F)Cl
dude_jak2__L006428,Cc1cc(ccc1S(=O)(=O)Nc2ccc3c(c2)oc(=O)n3C)F
dude_jak2__L006429,C[C@H](C(=O)Nc1cccc(c1)S(=O)(=O)N(C)C)[NH+]2CCC[C@@H](C2)CN(C)C(=O)OC(C)(C)C
dude_jak2__L006430,c1ccc(cc1)[C@H]2OC[C@@H]3[C@H](O2)[C@@H]([C@H]([C@@H](O3)O)OC(=O)c4ccccc4)O
dude_jak2__L006431,c1ccc(cc1)C2(C(=O)N(C(=O)N2)CC(=O)N3CC[NH+](CC3)CC(=O)N4CCCC4)c5ccccc5
dude_jak2__L006432,Cc1cccc(c1)NC(=O)/C(=C/c2cc(n(c2C)c3ccc(cc3)[N+](=O)[O-])C)/C#N
dude_jak2__L006433,C[C@@H]1CCCC[C@@H]1NC(=O)c2c(c(c(c(n2)Cl)Cl)Cl)Cl
dude_jak2__L006434,c1ccc\2c(c1)C=CC(=O)/C2=C/NNC(=O)c3cccc4c3[nH]cc4
dude_jak2__L006435,C1CCc2c(c3c(nc(nc3s2)COC(=O)C4=COCCO4)N)C1
dude_jak2__L006436,CCSc1nnc(s1)N2[C@@H](C(=C(C2=O)[O-])C(=O)c3ccco3)c4ccc(cc4)O
dude_jak2__L006437,Cc1ccsc1C(=O)N2C[C@@H](C3(C2)CC[NH2+]CC3)C(=O)NCc4ccc(cc4)OC(F)(F)F
dude_jak2__L006438,CN(Cc1ccc(o1)c2ccc(cc2)Cl)S(=O)(=O)c3ccc4c(c3)NC(=O)CO4
dude_jak2__L006439,C[C@H](c1ccccc1NC(=O)c2ccccc2I)O
dude_jak2__L006440,COc1ccc(cc1)[C@H]2c3c([nH]c[nH+]3)CCN2C(=O)N[C@@H](Cc4ccccc4)C(=O)OC
dude_jak2__L006441,C[C@H]1CCCCN1C(=O)[C@@H](C)NC(=O)NNC(=O)CC2CCCCC2
dude_jak2__L006442,COc1cccc(c1)N2C(=O)C[C@H](C2=O)[NH+]3CCC(CC3)C(=O)[O-]
dude_jak2__L006443,c1cc(nc(c1Cl)CN2CCO[C@@H]3[C@@H]2CCCC3)N
dude_jak2__L006444,c1ccc2c(c1)CCN(C2)C(=O)COC(=O)c3ccc(o3)S(=O)(=O)N
dude_jak2__L006445,c1ccc2c(c1)c(c[nH]2)C(=O)NNC(=O)c3ccccc3n4cccn4
dude_jak2__L006446,CC(=O)c1ccccc1NC(=O)CSc2nnc(n2CC(=O)[O-])c3ccc(cc3)Cl
dude_jak2__L006447,Cn1c2ccc(cc2nc1Cc3csc(n3)N)Cl
dude_jak2__L006448,c1ccc(c(c1)/C=C/C(=O)NNC(=O)C23CC4CC(C2)CC(C4)C3)[N+](=O)[O-]
dude_jak2__L006449,CC[C@@]1(C(=O)N(C(=O)N1)CC(=C)C)C2CCN(CC2)C(=O)c3cc4ccccc4o3
dude_jak2__L006450,c1cc(ccc1S(=O)(=O)N(c2ccc3c(c2)sc(=O)o3)C(=O)C4CCCCC4)Br
dude_jak2__L006451,CC1CC[NH+](CC1)[C@@H](CNS(=O)(=O)c2ccc3c(c2)NC(=O)CO3)c4cccs4
dude_jak2__L006452,CCn1c(cc2c(c1=O)[C@]3(c4ccccc4N(C3=O)Cc5cccc(c5)C)C(=C(O2)N)C#N)C
dude_jak2__L006453,Cn1cc(c(n1)C(=O)N/N=C/c2c3ccccc3cc4c2cccc4)Br
dude_jak2__L006454,COc1ccc2c(c1)c(c[nH]2)/C=C/3\C(=O)NC(=O)N(C3=O)CCc4ccc(c(c4)OC)OC
dude_jak2__L006455,c1cc2c(cc1C(=O)NC(C(=O)N)C(=O)N)CCCC2
dude_jak2__L006456,C[C@H](C(=O)NC1=c2ccc(cc2=[NH+][C@@H]1C(=O)OC)OC)[NH+]3CCC(CC3)Cc4ccccc4
dude_jak2__L006457,c1cc2c(cc1[C@@H]3CCC[NH+]3CC(=O)NC(=O)NCCC4=CCCCC4)OCCO2
dude_jak2__L006458,c1ccc2c(c1)N(C[C@@H](O2)C(=O)N)C(=O)COC(=O)c3ccc(o3)c4cccc(c4Cl)Cl
dude_jak2__L006459,c1cc(ccc1C2=Nc3c(cnn3[C@H]2NC4CCCCC4)C#N)Br
dude_jak2__L006460,C[C@H]1C=C([C@@H](N1c2cccc(c2)[N+](=O)[O-])C)/C=C(/C#N)\C3[NH+]=c4ccccc4=[NH+]3
dude_jak2__L006461,CC[C@H](C)[C@H](C(=O)N1CCN([C@@H](C1)C)C(=O)NC2CCCCC2)NC(=O)C3CC3
dude_jak2__L006462,c1c(cnc(c1Cl)Cl)C(=O)OCC(=O)NC(=O)N
dude_jak2__L006463,CC1(C[C@@]2(C[C@@H](c3ccc(c(c3O2)O)O)c4cccs4)NC(=[NH+]1)SCC=C)C
dude_jak2__L006464,CCOC(=O)c1cccc(c1)N[C@@H]2/C(=N/S(=O)(=O)c3cccc(c3)Cl)/[NH+]=c4ccccc4=[NH+]2
dude_jak2__L006465,COc1ccc(cc1)CC[NH2+]C2=c3ccccc3=[NH+]C(=O)[C@@H]2Sc4nnc(o4)c5ccco5
dude_jak2__L006466,C/C(=N/N=C\1/N=C([C@@H](S1)CC(=O)Nc2ccccc2OC(=O)C)O)/c3ccc(cc3)F
dude_jak2__L006467,CCCCOc1cccc(c1)[C@@H]2c3c(=O)c4cc(c(cc4oc3C(=O)N2[C@H]5CCS(=O)(=O)C5)C)C
dude_jak2__L006468,CC1(c2cc(ccc2N3[C@]1(N=C(CC3)O)/C=C/c4ccc(cc4)F)F)C
dude_jak2__L006469,C[NH2+][C@H](c1ccc(cn1)Br)c2cc3c(cc2Br)[nH]c(=O)[nH]3
dude_jak2__L006470,Cc1c(sc(c1C(=O)c2ccc3c(c2)OCCO3)N)C
dude_jak2__L006471,C[C@@H]1CCCC[C@@H]1NC(=O)C2(CCCCCC2)C(=S)N
dude_jak2__L006472,CC[NH2+][C@@H](c1ccc2c(c1)oc(=O)n2C)c3ccoc3C
dude_jak2__L006473,CCCCCCN1C(=O)[C@]2(Cc3cc4cc(ccc4[nH+]c3N5[C@@H]2CCCC5)C)C(=NC1=O)O
dude_jak2__L006474,CC[NH+]1CCN(CC1)CN2C(=S)N([C@@H](N2)C3=c4ccccc4=[NH+]C3)C[C@@H]5CCCO5
dude_jak2__L006475,C1CS(=O)(=O)C[C@H]1NC(=S)N[C@@H]2NC(=S)N=N2
dude_jak2__L006476,c1cc[nH+]c(c1)N2CCC(CC2)NC(=O)N3CCC(CC3)NC(=O)C4CCC4
dude_jak2__L006477,Cc1cc(n(n1)C2[NH+]=c3ccccc3=[NH+]2)NC(=O)[C@H]4[C@@H](c5ccccc5S4)Cl
dude_jak2__L006478,c1cc(c(cc1Cl)Cl)NC(=O)[C@H]2CCC[NH+]2CC(=O)NC3CCCC3
dude_jak2__L006479,c1ccc(c(c1)Cn2cc(cn2)C(=O)NNC(=O)NC3CCCC3)Cl
dude_jak2__L006480,Cc1cccc(c1)n2c(cc(c2C)C(=O)NCCNc3ccc(cc3[N+](=O)[O-])S(=O)(=O)C)C
dude_jak2__L006481,CC\1=C(C(=O)N(C(=O)/C1=C\c2ccc(cc2)OCc3ccc(cc3Cl)Cl)C[C@H]4CCCO4)C#N
dude_jak2__L006482,C[C@H]1C[C@@H](CN(C1)c2nc3c(n2CCCSc4nc5ccccc5s4)c(=O)[nH]c(=O)n3C)C
dude_jak2__L006483,Cc1nc(c2c(n1)oc(n2)C)NC[C@H]3C=c4cc(ccc4=[NH+]3)OC
dude_jak2__L006484,Cc1c(c(n(n1)C)C)/C=C/C(=O)O[C@H](C)C(=O)Nc2ccc3c(c2)C(=O)c4ccccc4C3=O
dude_jak2__L006485,c1c(cncc1Br)C(=O)OCC(=O)NC(=O)N
dude_jak2__L006486,Cc1cc(c(c(c1S(=O)(=O)N[C@@H]2CCCC[C@@H]2C)C)Br)C
dude_jak2__L006487,Cn\1c2cc(c(cc2s/c1=N\C(=O)[C@@H]3CCCN(C3)S(=O)(=O)c4cccs4)OC)OC
dude_jak2__L006488,CCCn1c(=O)ccc(n1)C(=O)Nc2c[nH]ccc2=O
dude_jak2__L006489,CC(C)[C@H](c1nnnn1C2CCCCC2)[NH+](CCO)Cc3cc4cc5c(cc4[nH]c3=O)OCO5
dude_jak2__L006490,C1CCc2c(c(on2)NC(=O)[C@@H]3CCCN(C3)C(=O)NC4CC4)C1
dude_jak2__L006491,C[C@@H](CN(C[C@H](C)O)c1c2c(c3c4c(c(nc3o2)CC(C)C)COC(C4)(C)C)ncn1)O
dude_jak2__L006492,Cc1ccc(cc1)c2cnnc(n2)n3c4c(c(n3)C)[C@@H](CC(=O)N4)c5ccccc5OCC=C
dude_jak2__L006493,CCn1c2ccccc2c3c1ccc(c3)NC(=O)C[C@H](c4cccs4)NC(=O)N
dude_jak2__L006494,c1ccc2c(c1)cc(c(=O)o2)C(=O)Nc3cccc(c3)C4[NH+]=c5ccccc5=[NH+]4
dude_jak2__L006495,Cc1cc(c(c(c1)C)NC(=O)CSc2nnc(n2c3ccc(cc3)Cl)[C@H](C)[NH+](C)C)C
dude_jak2__L006496,C[C@@H]1C[C@](CC(C1)(C)C)(C(=O)N)Nc2cccc(c2)Br
dude_jak2__L006497,Cc1ccccc1[C@@H]2c3ccsc3CCN2C(=O)CN(C[C@@H]4CCCO4)S(=O)(=O)c5ccccc5
dude_jak2__L006498,CC[NH+]1CCN(CC1)C(=O)CCC2CC[NH+](CC2)C[C@@H](C)CCC=C(C)C
dude_jak2__L006499,Cc1ccc(cc1)O[C@@H](C)C(=O)Nc2c3ccccc3oc(=O)c2[N+](=O)[O-]
dude_jak2__L006500,c1c2cc(c([nH+]c2cc3c1CCC3)N4CCOCC4)CN(CCCN5CCCC5=O)C(=O)[C@H]6CCCO6
dude_jak2__L006501,c1ccc(cc1)C(=O)NNC(=O)CSC2=N[C@@H]3C(=c4cc(ccc4=[NH+]3)F)N=N2
dude_jak2__L006502,C[C@@H]1CN(C[C@@H](O1)C)S(=O)(=O)c2cc(ccc2Cl)C(=O)O[C@@H](C)C(=O)Nc3ccc4c(c3)OCO4
dude_jak2__L006503,C[C@@]12[C@@H]3C(=c4ccccc4=[NH+]3)[C@H](CN1C(=O)CN(C2=O)Cc5cccc(c5)OC)c6ccccc6OC
dude_jak2__L006504,OCCCCc2nc1ccccc1c4ncnc3[nH]cc2c34
dude_jak2__L006505,CNC(=O)c1ccc(cc1NC(=O)c2ccc3c(c2)NC(=O)CN3C)Cl
dude_jak2__L006506,CC(C)NC(=O)NC(=O)C[NH+]1CCC[C@@](C1)(C)C(=O)[O-]
dude_jak2__L006507,Cc1ccc2[nH+]c(cn2c1)CNC(=O)N3CCC(CC3)NC(=O)c4ccoc4C
dude_jak2__L006508,CCc1ccc(cc1)c2cc3c(=O)n(nc(n3n2)C)CC(=O)N[C@@H]4CCC[C@H]([C@@H]4C)C
dude_jak2__L006509,C[NH+](C[C@H](COc1cccc(c1)C[NH2+]CCCc2cccnc2)O)C3CCCCC3
dude_jak2__L006510,c1cc2c(cc1[C@H]3CCC[NH+]3CC(=O)Nc4ccnn4C5CCCC5)OCCO2
dude_jak2__L006511,CCCNC(=O)C1(CCCCC1)NC(=O)c2c(nc(s2)c3nc[nH]n3)C
dude_jak2__L006512,Cc1ccc2=[NH+][C@@H]3C(=c2c1)N=CN(C3=O)CCc4c[nH]c5c4cccc5
dude_jak2__L006513,CC1(CC2=C([C@H](c3c(nc(=S)[nH]c3N2)N)c4ccc(cc4)C(=O)OC)C(=O)C1)C
dude_jak2__L006514,Cc1ccc(c(c1)n2c(=O)c3c(c(sc3nc2SCC(=O)N(C)[C@@H]4CCS(=O)(=O)C4)C)C)OC
dude_jak2__L006515,C[C@H](C(=O)NC(=O)NC(C)(C)C)OC(=O)c1cc2ccccc2[nH]1
dude_jak2__L006516,CC(C)c1cs/c(=N\S(=O)(=O)c2c(nc3n2ccs3)N)/[nH]1
dude_jak2__L006517,CC(C)(C)N([C@@H](c1ccccc1)C(=O)NC2CCCCC2)C(=O)c3cc(ccc3[O-])[N+](=O)[O-]
dude_jak2__L006518,Cc1ccc(cc1)C2=C3[C@@H]([C@H]4N2c5ccccc5O[C@@H]4C6[NH+]=c7ccccc7=[NH+]6)N(C(=O)N(C3=O)C)C
dude_jak2__L006519,C[C@@H]1Cc2ccccc2N1C(=O)CN3C(=O)[C@@](NC3=O)(C)c4ccc5c(c4)OCCCO5
dude_jak2__L006520,c1ccc(cc1)[C@@H]2[C@@H]3CSCC=C3C(=C(C2(C#N)C#N)N)C#N
dude_jak2__L006521,Cc1c[nH]/c(=N/C(=O)N[C@H](C)c2c(nc(s2)C)C)/s1
dude_jak2__L006522,CC(C)N1C(=O)[C@]2(Cc3ccccc3N4[C@@H]2COCC4)C(=O)NC1=O
dude_jak2__L006523,Cc1cccc(c1)NC(=O)c2ccc3=C([C@H](C(=O)[NH+]=c3c2)S(=O)(=O)c4ccccc4)O
dude_jak2__L006524,CCOc1ccc2c(c1)[C@H](CC(CC2)(C)C)O
dude_jak2__L006525,CC[NH+]1CCC[C@H]1CNC(=O)CN2C[C@@H]3N(CCC(=O)N3[C@H](C2=O)CC(C)C)Cc4cncs4
dude_jak2__L006526,Cc1nnc2n1C[C@H](CC2)NC(=O)c3c4c(on3)CCCC4
dude_jak2__L006527,CC(C)(C)[C@H]1CCc2c(sc(n2)NC)C1
dude_jak2__L006528,CCOc1cc2c(cc1OCC)[C@H]3[C@H](c4ccccc4C(=O)N3CC2)C(=O)N5CCN(CC5)c6ccccc6
dude_jak2__L006529,CCCn1c2ccc(cc2nn1)S(=O)(=O)N3CCCC[C@H]3C(=O)N4CCN(CC4)c5cccc[nH+]5
dude_jak2__L006530,[H]/N=C\1/N(C(=O)/C(=C/c2cc(ccc2O)Br)/S1)c3ccccc3C
dude_jak2__L006531,CCNC(=O)NNC(=O)C1(CCCCC1)c2ccc3c(c2)OCO3
dude_jak2__L006532,C[C@H]1CCc2c(sc3c2c(=O)[nH]c(n3)COC(=O)/C=C/c4ccc(c(c4)OC)O)C1
dude_jak2__L006533,Cc1cc(cc(c1)n2c(cc(n2)C)NC(=C3C(=O)NC(=S)NC3=O)C)C
dude_jak2__L006534,Cc1ccc(cc1)NC(=O)C[C@@H]2C(=O)N/C(=N/N=C/C3=c4ccccc4=[NH+]C3)/S2
dude_jak2__L006535,CCOc1cc(ccc1O)/C=N/NC(=O)[C@@H]2C=C(N=N2)c3cccc(c3)OC
dude_jak2__L006536,CC[C@@H](c1nnnn1Cc2ccco2)[NH+](Cc3ccc4c(c3)OCO4)Cc5cc6ccc(c(c6[nH]c5=O)C)C
dude_jak2__L006537,c1ccc(cc1)[C@H](C#N)NC(=O)[C@H]2CN(CC23CC[NH2+]CC3)C(=O)c4cccc5c4-c6ccccc6C5=O
dude_jak2__L006538,C[C@H](C(=O)NC(=O)NC12CC3CC(C1)CC(C3)C2)Sc4nnnn4C
dude_jak2__L006539,C[C@H](Nc3ccnc(n1cnc2cnccc12)n3)c4ccccc4
dude_jak2__L006540,COc1ccc(cc1CN2CC(=CN2)[N+](=O)[O-])[C@H]3[C@@H]4C(=c5ccccc5=[NH+]4)CCN3
dude_jak2__L006541,Cc1ccc(cc1[N+](=O)[O-])NC(=O)c2cc3ccc(cc3[nH]2)Br
dude_jak2__L006542,CCOC(=O)C1=C(OC2=c3cc(ccc3=[NH+]C(=O)[C@@H]2[C@@H]1c4ccc(cc4)OC)OC)N
dude_jak2__L006543,CCn1c(=O)c2ccccc2nc1NNC(=O)[C@H]3[C@H](C3(C)C)C=C(C)C
dude_jak2__L006544,c1cc(c(cc1C(=O)OCC(=O)Nc2c(c3c(s2)CCCC3)C#N)[N+](=O)[O-])Br
dude_jak2__L006545,C[C@H]1C[C@]2(CC(C1)(C)C)C(=O)N(C(=O)N2)CC(=O)OCC(=O)Nc3cccc(c3)SC
dude_jak2__L006546,[H]/N=C/1\C2=C(N=NC2=N[C@H](N1c3cc(ccc3C)Cl)SCC(=O)N[C@@H](C)CC)C
dude_jak2__L006547,C[C@H](c1ccccc1Cl)NS(=O)(=O)c2ccc(s2)C[NH3+]
dude_jak2__L006548,CC(C)CCC(=O)N(Cc1ccccc1)c2c(n(c(=O)[nH]c2=O)Cc3ccccc3)N
dude_jak2__L006549,c1ccc2=[NH+][C@@H]3C(=c2c1)N=NC(=N3)SCC(=O)N[C@@H]4[C@@H]([C@@H]([C@@H](O4)c5ccco5)c6ccco6)C#N
dude_jak2__L006550,Cc1ccc2c(c1)C([C@]3(N2CC(=O)N3)/C=C/c4cccc(c4)Br)(C)C
dude_jak2__L006551,CC(=O)c1cc2c(cc1NC(=O)COC(=O)[C@@H]3CCCC[C@H]3C(=O)N4CCc5c4cccc5)OCO2
dude_jak2__L006552,CN1CCc2c1ccc(c2)[C@@H](CNC(=O)c3cc(ccc3[N+](=O)[O-])Cl)[NH+]4CCCC4
dude_jak2__L006553,C[C@@]1(C(=O)Nc2ccccc2S1)C(=O)Nc3ccc(cc3Cl)Cl
dude_jak2__L006554,C[C@@H](C(=O)Nc1cc(ccc1Cl)[N+](=O)[O-])Sc2nn(c(=S)s2)c3ccc(cc3)Cl
dude_jak2__L006555,Cc1ccc(cc1NCC(=O)N[C@H](C)c2ccccc2Cl)C(=O)N
dude_jak2__L006556,C[C@@H](C(=O)NC(=O)NC)[NH+](C)CC(=O)Nc1ccc(c(c1)Cl)Cl
dude_jak2__L006557,COc1ccccc1[C@@H](CNC(=O)CCCNc2ccc(cc2)[N+](=O)[O-])[NH+]3CCCC3
dude_jak2__L006558,Cc1c(sc2c1c(nc(n2)S[C@H](C)C(=O)NC(=O)NCC=C)N)C
dude_jak2__L006559,[H]/N=C/1\C2=C(N=NC2=N[C@H](N1c3ccc(c(c3)C)Cl)SCC(=O)Nc4ccccc4OC)C
dude_jak2__L006560,c1ccc(cc1)c2n[nH]c(=S)n2/N=C/c3ccc(cc3)O
dude_jak2__L006561,CCn1c(c(c(n1)C)CCN(C)c2c(cc(cn2)NC(=O)c3cccs3)C(=O)[O-])C
dude_jak2__L006562,COc4cc(Nc3nc2cccc(c1ccccn1)c2o3)cc(OC)c4OC
dude_jak2__L006563,CCn1cc(cn1)C[NH2+][C@@H]2CCCN(CC2)c3nc(c4cc(ccc4n3)OCC)C
dude_jak2__L006564,c1ccc2c(c1)C[C@H](CO2)CNc3cn[nH]c(=O)c3Cl
dude_jak2__L006565,C[C@H](C(=O)N1CCN(CC1)C(=O)CCn2ccc3c2c[nH+]cc3)NC(=O)[C@@H](C(C)C)[NH3+]
dude_jak2__L006566,c1ccc2c(c1)cccc2/C=C/3\C(=O)N/C(=N/c4ccccc4Cl)/S3
dude_jak2__L006567,CC(C)CNC(=O)[C@H]1Cc2cc(ccc2N3[C@@H]1CN(CC3)c4ccc(cc4)Cl)[N+](=O)[O-]
dude_jak2__L006568,c1cc(c(cc1C#CCO)F)CSc2nc(cc(n2)N)N
dude_jak2__L006569,CCOC(=O)c1c(csc1NC(=O)CN2CCN(CC2)S(=O)(=O)c3ccccc3)c4ccc(o4)C
dude_jak2__L006570,CCCc1cc(=O)[nH]c(n1)n2c(cc(n2)c3ccco3)NC(=O)c4ccccc4Br
dude_jak2__L006571,C[C@@H](C(=O)NCC(=O)Nc1ccc(c(c1F)F)F)OC(=O)C2=NN(C(=O)CC2)c3ccccc3
dude_jak2__L006572,c1cc(oc1)C(=O)N2CC[NH+](CC2)CC(=O)N3CCn4c5ccc(cc5c6c4[C@@H]3CCC6)C7CCCCC7
dude_jak2__L006573,Cc1ccc(c(c1)NC(=O)/C(=C/c2ccc(o2)c3ccc(cc3Cl)[N+](=O)[O-])/C#N)C
dude_jak2__L006574,CCOC(=O)CSc1nnc2n1c3c(c4c(s3)COC(C4)(C)C)c(=O)n2c5ccc(cc5)C
dude_jak2__L006575,CN(C[C@@H]1CCCO1)S(=O)(=O)c2ccc(cc2)C(=O)/N=c/3\n(c4ccc(cc4s3)OC)CCOC
dude_jak2__L006576,C[C@H](c1cc2ccccc2o1)NC(=O)C(=O)Nc3ccc4c(c3)OCCO4
dude_jak2__L006577,Cc1ccc(cc1)Cn2c(c(c(n2)C)/C=C/C(=O)c3ccc(cc3)S(=O)(=O)NCC(=O)[O-])Cl
dude_jak2__L006578,CCS(=O)(=O)N1Cc2ccccc2C[C@H]1C(=O)NNC(=O)c3cc(ccc3OC)Cl
dude_jak2__L006579,Cc1c(sc(c1C#N)NC(=O)CSc2c(c3c(s2)c(cc(=O)[nH]3)[O-])C#N)C
dude_jak2__L006580,CCCC[NH+]1CCCC[C@@H]1CNC(=O)N2CCN(CC2)C(=O)N(C)C
dude_jak2__L006581,CC(C)Cn1c(=O)c2cc(ccc2nc1SCc3nc(nc(n3)N(C)C)N)Br
dude_jak2__L006582,CCOC(=O)c1c(c2c(s1)nc(nc2Sc3nnc(s3)N)C[NH+]4CCOCC4)C
dude_jak2__L006583,Cc1ccc(c(c1)C)NC(=O)NC(=O)CN2C(=O)C(NC2=O)(C)C
dude_jak2__L006584,CCN1[C@H](NN(C1=O)C)CC2CC[NH+](CC2)CC3=c4cccc(c4=[NH+]C3)C
dude_jak2__L006585,CC(C)OC(=O)c1ccccc1C(=O)c2ccc3=[NH+][C@H]([NH+]=c3c2)NC(=O)C(=O)OC
dude_jak2__L006586,CCCN1c2ccccc2[C@]3(C1=O)/C(=C(/c4ccc(o4)C)\O)/C(=O)C(=O)N3CCC[NH+]5CCOCC5
dude_jak2__L006587,CCOc1ccccc1NC(=O)CS[C@@H]2[NH+]=c3ccccc3=C4N2NC(=[NH+]4)CCC5=C(N=N[C@@H]5C)C
dude_jak2__L006588,C=CC[NH+]1CCN(CC1)c2nc3c(c4c(s3)CCC4)c(=O)n2CC(=O)Nc5cccc6c5cccc6
dude_jak2__L006589,C[C@@]12[C@@H]3C(=c4cc(ccc4=[NH+]3)OC)CCN1C(=O)N(C2=O)c5ccccc5C(=O)NCCCc6ccccc6
dude_jak2__L006590,Cc1ccc2=[NH+][C@H](C(=c2c1)C(=O)[O-])C
dude_jak2__L006591,CC(=O)ON(C[C@@H]1[C@@H]2C[C@@H]3C(=C)CCC[C@@]3(C[C@@H]2OC1=O)C)C[C@@H]4[C@H]5C[C@@H]6C(=C)CCC[C@@]6(C[C@@H]5OC4=O)C
dude_jak2__L006592,CCOC(=O)COc1cc(c2c(c1)O/C(=C\c3cc(cc4c3OCOC4)Br)/C2=O)C
dude_jak2__L006593,Cc1ccccc1c2nnc(n2C)SCC(=O)c3c(n(c(=O)n(c3=O)C)Cc4ccccc4)N
dude_jak2__L006594,c1ccc(cc1)n2ccc(n2)NC(=O)[C@@H]3COc4ccccc4O3
dude_jak2__L006595,Cc1ccc(cc1)S(=O)(=O)N2CCNC(=O)[C@@H]2CC(=O)N3CCN(CC3)c4cccc[nH+]4
dude_jak2__L006596,C1CCC(CC1)NC(=O)C2CC[NH+](CC2)CC(=O)NC3CC[NH+](CC3)C4CC4
dude_jak2__L006597,CCN(c1nc(cs1)[C@H]2NC(=Nc3n2c4ccccc4[nH+]3)N)C(=O)C
dude_jak2__L006598,C[NH+]1CCC(=NNc2nc(cs2)c3cc4cccc(c4oc3=O)OC)CC1
dude_jak2__L006599,CCN(c1ccccc1)C(=O)c2cccc(c2)NC=C3C(=O)OC(OC3=O)(C)C
dude_jak2__L006600,c1c(cc(cc1N[C@@H]2CC[NH+]3[C@@H]2CCC3)F)N
dude_jak2__L006601,C[C@H]1CCCCN1S(=O)(=O)N2CCCc3c2ccc(c3)N
dude_jak2__L006602,C[C@@H](c1nc(no1)c2cccs2)S[C@@H]3NN=C(N3C4CC4)C5=c6ccccc6=[NH+]C5
dude_jak2__L006603,Cc1cc(cc(c1C)S(=O)(=O)N[C@H](c2ccc(cc2)OC)c3nccn3C)C(=O)[O-]
dude_jak2__L006604,Cc1ccccc1CC(=O)Nc2cc(nn2c3[nH]c(=O)c4c(n3)CCCC4)C
dude_jak2__L006605,CCC(C)(C)n1c(nnn1)[C@@H](c2cc3cc4c(cc3[nH]c2=O)OCO4)[NH+]5CCC(=CC5)c6ccc(cc6)F
dude_jak2__L006606,CCCCN1C(=O)C(=O)C2=C(O[C@@]3([C@]21C(c4c3cccc4)(O)O)O)c5ccc(cc5)OC
dude_jak2__L006607,CCOc1ccc(cc1OCC)[C@H]2c3c(=O)c4cc(ccc4oc3C(=O)N2Cc5ccc6c(c5)OCO6)F
