ligand_id,smiles
dude_tryb1__L000001,Cc1ccc2cc(c(=O)[nH]c2c1)CN(CCC[NH+]3CCOCC3)C(=S)NCCC[NH+]4CCOCC4
dude_tryb1__L000002,CCC[C@]1(CCC[NH2+]C1)C(=O)N[C@H]([C@@H](C)O)C(=O)[O-]
dude_tryb1__L000003,CC[NH+]1CCN(CC1)C[C@@H](COc2cccc(c2)C[NH2+]CC3(CCCCC3)O)O
dude_tryb1__L000004,CCOc1ccc(cc1)[C@@H](CCC(=O)N/N=C\c2ccc(o2)c3cc(ccc3OC)[N+](=O)[O-])O
dude_tryb1__L000005,CCCn1c(=O)c2c3c(sc2nc1SCC(=O)c4c(n(c(=O)[nH]c4=O)CCOC)N)CCC3
dude_tryb1__L000006,CO[S@](=O)(=S)CCNC(=O)[C@@H](CCCCNC(=O)CCCC[C@@H]1[C@@H]2[C@@H](CS1)NC(=O)N2)[NH3+]
dude_tryb1__L000007,c1cc(ccc1/C=N/NC(=O)c2cc(cc(c2)[N+](=O)[O-])N)/C=N\NC(=O)c3cc(cc(c3)[N+](=O)[O-])N
dude_tryb1__L000008,c1cc(ccc1C(c2ccc(cc2)O)[C@@H]([C@@H]([C@@H]([C@@H](CO)O)O)O)O)O
dude_tryb1__L000009,c1ccc(cc1)NNc2c(c([nH+]cn2)Nc3ccc(cn3)Cl)N
dude_tryb1__L000010,Cc1cccc(c1)OCc2nn(c(=S)n2CC(C)C)[C@H]3[C@@H]([C@H]([C@@H]([C@H](O3)CO)O)O)NC(=O)C
dude_tryb1__L000011,CCOCCCn1c(nnc1SCC(=O)Nc2c3c(c(n[nH]c3=O)C)c(o2)C)c4ccncc4
dude_tryb1__L000012,CC[NH+](CC)[C@H](CNC(=O)/C=C/c1ccc(cc1)S(=O)(=O)NCc2ccco2)c3ccccc3
dude_tryb1__L000013,CCOC(=O)C1=C(NC(=O)N[C@@H]1c2ccccc2)COC(=O)/C=C/c3cc(c(c(c3)OC)OC)OC
dude_tryb1__L000014,Cc1c(c([nH]c1C(=O)OC)C)C(=O)[C@H](C)N(Cc2ccccn2)C(=O)c3ccc(cc3)OC
dude_tryb1__L000015,CCCCN(c1c(n(c(=O)[nH]c1=O)CC(C)C)N)C(=O)CN2CC[NH+](CC2)[C@H](C)C(=O)NC3CC3
dude_tryb1__L000016,COc1ccc2c(c1)cc(c(=O)[nH]2)[C@H](c3nnnn3C[C@@H]4CCCO4)N(Cc5ccccc5)Cc6ccco6
dude_tryb1__L000017,C[C@H]1CN(CCN1C(=O)C(C)(C)C)c2cc(nc(n2)SCC(=O)NCCN3CCOCC3)Cl
dude_tryb1__L000018,CCC[C@](C)(C(=O)[O-])[NH2+]CC(=O)NC(=O)NCCOC
dude_tryb1__L000019,NC(=N)N4CCCC(C[C@@H]3[C@@H](C(O)=O)N(C(=O)N2CCN(C(=O)OCCCOc1ccccc1)CC2)C3=O)C4
dude_tryb1__L000020,Cc1c2c(=O)n(c(=O)n(c2sc1C(=O)NN)CC(=C)C)CC(=O)N3CCOCC3
dude_tryb1__L000021,C[NH+]1CCC[C@H](C1)CNS(=O)(=O)c2cc(cnc2NN)Br
dude_tryb1__L000022,NCc3ccc(CNC(=O)CC(=O)NCc2ccc(CNC(=O)CC(=O)NCc1ccc(CN)cc1)cc2)cc3
dude_tryb1__L000023,Cc1c2c(=O)[nH]c(nc2sc1C(=O)OC(C)C)C[NH+](C[C@H](COCC=C)O)C3CCCCC3
dude_tryb1__L000024,Cc1c(n(c(c1C#N)NC(=O)CSc2nnc(n2CC(C)C)CCC(=O)N)Cc3ccccc3)C
dude_tryb1__L000025,NCCCC[C@H](NC(=O)OCc1ccccc1)C(=O)c4noc(CN3CCN(C(=O)CCc2ccccc2)CC3)n4
dude_tryb1__L000026,C[C@@H](C(=O)NC1CCC(CC1)C(=O)NC)NS(=O)(=O)C
dude_tryb1__L000027,Cn1c2c(c(=O)[nH]c1=O)n(c(n2)SCCC(=O)[O-])C[C@@H](COc3cccc4c3cccc4)O
dude_tryb1__L000028,c1ccc(cc1)CC2CC[NH+](CC2)Cc3c(nnn3c4c(non4)N)C(=O)N/N=C/C5CCCCC5
dude_tryb1__L000029,COc1cc2c(cc1OC)[C@H]([NH2+]CC2)c3c([nH]c(=O)n(c3=O)c4ccc(cc4)Br)O
dude_tryb1__L000030,c1cc(oc1)c2nnc(n2CCC(=O)N)SCCC(=O)NC(=O)Nc3ccc4c(c3)OCCO4
dude_tryb1__L000031,Cc1ccccc1OC[C@H](Cn2c3c(=O)[nH]c(=O)n(c3nc2SCC(=O)N)C)O
dude_tryb1__L000032,C[C@H](C(=O)Nc1c(c2c(s1)CCC2)C(=O)N)N3CCC[NH+](CC3)CC(=O)NC(C)(C)C
dude_tryb1__L000033,c1ccc(c(c1)C[C@H]2C(=O)N[C@@H](CS2)C(=O)NCc3ccc(nc3)n4cncn4)F
dude_tryb1__L000034,c1cc(cc(c1)Cl)c2c3c(n(nc3nc(n2)NCC[NH+]4CCCCC4)c5ccc(cc5)Cl)N
dude_tryb1__L000035,Cc1cc([nH+]c2c1cc(cc2)NC(=S)NCC[NH+]3CCc4ccccc4C3)N5CCOCC5
dude_tryb1__L000036,c1cc2c(cc1C3=CN=[NH+][C@@H]3c4ccc(cc4O)O[C@H]5[C@@H]([C@@H]([C@@H]([C@@H](O5)CO)O)O)O)OCCO2
dude_tryb1__L000037,CN(C)S(=O)(=O)c1cccc(c1)C(=O)NNC(=O)C2=CN3CCS(=O)(=O)N=C3C=C2
dude_tryb1__L000038,c1ccc(cc1)C(CC[NH+]2CCC(CC2)(c3ccc(cc3)Cl)O)(c4ccccc4)C(=O)N
dude_tryb1__L000039,Cn1c(c(c(=O)n(c1=O)C)C(=O)CSc2nnc(n2CC=C)COc3ccccc3F)N
dude_tryb1__L000040,c1ccc2c(c1)c(c3c(n2)/C(=C/c4ccc(cc4)O)/CC3)C(=O)OCC(=O)NC(=O)NCc5ccco5
dude_tryb1__L000041,c1cc(cnc1)[C@@H](CNC(=O)C(=O)NCc2ccco2)S(=O)(=O)c3ccc4c(c3)OCO4
dude_tryb1__L000042,C[NH+](C)C[C@@H](c1ccc(cc1)O[C@H]2[C@H]([C@@H]([C@@H]([C@H](O2)C(=O)[O-])O)O)O)C3(CCCCC3)O
dude_tryb1__L000043,COc1ccccc1COC[C@@H](C[NH+](C[C@H](COCc2ccccc2OC)O)C34CC5CC(C3)CC(C5)C4)O
dude_tryb1__L000044,C[C@@]12CC[C@H]([C@@]([C@H]1Cc3c(nc(s3)NC(=O)OCC=C)[C@H]2CC(=O)NCC[NH+]4CCOCC4)(C)CO)O
dude_tryb1__L000045,CC1(Cc2c(c(sc2C([NH2+]1)(C)C)NC(=O)CSc3ccc(cc3)OC)C(=O)OC)C
dude_tryb1__L000046,Cn1c(c(c(=O)n(c1=O)C)NC(=O)C(C(F)(F)F)(F)F)N
dude_tryb1__L000047,CC[C@H](C)[C@@H](C(=O)OC)NC(=O)c1cc(ccc1n2cnnn2)Br
dude_tryb1__L000048,C[C@@H](C(=O)OC)NC(=O)N[C@H](Cc1c[nH+]c[nH]1)C(=O)[O-]
dude_tryb1__L000049,CCc1ccc2c(c1)cc(c(=O)[nH]2)[C@@H](c3nnnn3C[C@H]4CCCO4)N(Cc5cccnc5)Cc6ccco6
dude_tryb1__L000050,c1ccc2c(c1)ccc3c2OC4(CC[NH+](CC4)C[C@@H](c5ccc6c(c5)CCC6)O)C[C@H]3O
dude_tryb1__L000051,CC[C@H](C)NS(=O)(=O)c1ccc(cc1)NC(=S)NC(=O)c2ccc(cc2)OCCOC
dude_tryb1__L000052,C[C@H](c1ccccc1)NC(=O)[C@H](C)[NH2+]C[C@@H](c2cccs2)c3c[nH]c4c3cccc4
dude_tryb1__L000053,CC(=O)Oc1ccc(cc1OC)/C=N/n2c(n[nH]c2=S)c3ccccc3OC
dude_tryb1__L000054,CN(C)C(=O)Cn1cc(cn1)NS(=O)(=O)c2cccc(c2)n3cnnn3
dude_tryb1__L000055,CC(=O)N[C@@H]1[C@H]([C@H]([C@@H](O[C@H]1Oc2ccc(cc2)Br)COC(=O)C)OC(=O)C)OC(=O)C
dude_tryb1__L000056,CCC(CC)C[NH+](CC)CCCC[C@@](C)(C(=O)N)[NH2+]C
dude_tryb1__L000057,c1nnnn1CC(=O)N[C@@H]([C@@H]2N=C([C@@H](CS2)CO)C(=O)[O-])C(=O)[O-]
dude_tryb1__L000058,Cn1cc(c(n1)OC)C(=O)Nc2nnc(s2)SCC(=O)Nc3ccc4c(c3)OCCO4
dude_tryb1__L000059,Cc1ccc(cc1)SCc2c(c(n(n2)C)Sc3ccc(cc3)Br)C[C@@H](C)[NH3+]
dude_tryb1__L000060,CC(C)OC(=O)/C(=C\1/c2ccccc2C(=N1)NC(=O)c3cc(ccc3Cl)[N+](=O)[O-])/C(=O)C
dude_tryb1__L000061,C[NH+]1CCN(CC1)C[C@H](COc2ccc(cc2)C[NH2+]CC3C4CC5CC(C4)CC3C5)O
dude_tryb1__L000062,c1ccnc(c1)c2csc(n2)NC(=O)c3ccc(cc3)S(=O)(=O)N[C@@H]4CCS(=O)(=O)C4
dude_tryb1__L000063,CN1[C@H](NN[C@@H]1SCC(=O)N[C@@H](CC2=c3ccccc3=[NH+]C2)C(=O)[O-])[C@@H]4CCS(=O)(=O)C4
dude_tryb1__L000064,C=CCn1c(nnc1SCCOc2ccc(cc2)S(=O)(=O)N)[C@H]3CCS(=O)(=O)C3
dude_tryb1__L000065,C[NH+](C)[C@@H]1[C@H]2C[C@H]3Cc4cccc(c4C(=O)[C@@H]3C(=O)[C@]2(C(=C(C1=O)C(=O)N)[O-])O)O
dude_tryb1__L000066,Cc1c(c(n(n1)CCO)C)/C=N/Nc2[nH]nc(n2)SCC(=O)Nc3ccc(cc3Cl)Cl
dude_tryb1__L000067,[H]/N=C\1/C(=C/c2ccc(cc2)OCCOc3ccc(cc3)NC(=O)C)/C(=O)N=C4N1N=C(S4)CCC
dude_tryb1__L000068,Cc1ccc(cc1S(=O)(=O)N2CC[NH+](CC2)CC(=O)NC(=O)NCCC3=CCCCC3)[N+](=O)[O-]
dude_tryb1__L000069,CCCCCCn1c(=O)c2ccccc2c(n1)C(=O)N(CCOC)c3c(n(c(=O)[nH]c3=O)CCCC)N
dude_tryb1__L000070,c1c(cc(c(c1O)O)O[C@H]2[C@H]([C@@H]([C@@H]([C@@H](O2)CO)O)O)O)c3cc(=O)c4c(cc(cc4o3)O)O
dude_tryb1__L000071,C[NH+](C)CCCNC(=S)NC[C@@H](c1ccc(cc1Cl)Cl)C2=c3ccccc3=[NH+]C2
dude_tryb1__L000072,CCOC1=C[C@H]2C[C@@H]3CO[P@@](=O)(NN3C[C@@H]2C=C1S(=O)(=O)C(C)C)S(=O)(=O)C(C)C
dude_tryb1__L000073,c1ccc(cc1)[C@H]2NN[C@H](N2c3ccccc3)SCC(=O)N/N=C/C4=c5ccccc5=[NH+]C4
dude_tryb1__L000074,Cc1nnc(n1N)SCC(=O)NNC(=O)C(F)(F)F
dude_tryb1__L000075,Cn1cnnc1SCC(=O)Nc2c(c(c(o2)c3ccc(cc3)OC)c4ccc(cc4)OC)C#N
dude_tryb1__L000076,Cc1cc(c(s1)C)c2cc(c3c(noc3n2)C)C(=O)O[C@H](C)C(=O)Nc4cccc(c4)C(=O)C
dude_tryb1__L000077,c1cc(cc(c1)F)Cn2cnc3c(c2=O)cnn3CCNC(=O)[C@@H]4CC(=O)N(C4)c5ccc(cc5)F
dude_tryb1__L000078,CC1CC[NH+](CC1)[C@H](C)CNC(=O)[C@H](C(C)C)NC(=O)c2c(cccc2F)F
dude_tryb1__L000079,c1cc(cnc1)c2nnc(n2Cc3ccco3)SCC(=O)c4c(n(c(=O)[nH]c4=O)C5CC5)N
dude_tryb1__L000080,C[C@@H](C(=O)NC(=O)NC1CC1)Sc2nnc(n2Cc3ccco3)CCC(=O)N
dude_tryb1__L000081,CC[NH+](CC)CCCNC(=S)N(CC[NH+](C)C)Cc1cc2cccc(c2[nH]c1=O)C
dude_tryb1__L000082,c1cc(cc(c1)S(=O)(=O)Nc2ccc3c(c2)OCO3)C(=O)NC[C@H](c4ccco4)[NH+]5CCCC5
dude_tryb1__L000083,Cc1ccc(cc1)S(=O)(=O)CNC(=O)[C@H](c2ccc(c(c2)OC)O)N(C(=O)COC)C(C)(C)C
dude_tryb1__L000084,CC(C)Cn1c(c(c(=O)[nH]c1=O)N(CC(C)C)C(=O)C[NH+]2CCC[C@H]2c3ccc(cc3)OC)N
dude_tryb1__L000085,COc1cc2c(cc1OC)CN(CC2)S(=O)(=O)CCNC(=O)[C@H]3CC(=O)N(C3)c4ccc(cc4)F
dude_tryb1__L000086,CCOC(=O)c1c(c([nH]c1C)C(=O)OCC(=O)Nc2nc(cs2)c3cc(ccc3OC)OC)C
dude_tryb1__L000087,C[C@@H]1[C@@H]([C@@](NC1=O)([C@@H](C(C)C)O)C(=O)SC[C@H](C(=O)OCC=C)NC(=O)C)O
dude_tryb1__L000088,c1ccc(cc1)[C@@H](CN2CCCC2=O)NS(=O)(=O)c3ccc(cc3)[N+](=O)[O-]
dude_tryb1__L000089,CN(CC1=NC(=O)[C@H]2C(=N1)C=CS2)C(=O)c3cccc(c3)S(=O)(=O)NC[C@@H]4CCCO4
dude_tryb1__L000090,CCN(CC)S(=O)(=O)c1ccc(cc1)C(=O)Nc2c3c(n(n2)C)NC(=O)C[C@@H]3c4ccco4
dude_tryb1__L000091,CCCCO[C@@H](CNc1cc(c(cc1OC)/N=N\c2c(cc(cc2Cl)[N+](=O)[O-])[N+](=O)[O-])NC(=O)C)O
dude_tryb1__L000092,CCN(CC)S(=O)(=O)c1ccc2c(c1)c(cc(=O)[nH]2)C(=O)NCC[NH+](C(C)C)C(C)C
dude_tryb1__L000093,CCCC[NH+](CC)[C@H](C[NH3+])c1cc(c(cc1Br)OC)OC
dude_tryb1__L000094,CCCC(=O)N(Cc1ccco1)[C@@H](c2ccco2)C(=O)NCS(=O)(=O)c3ccc(cc3)C
dude_tryb1__L000095,COc1ccc(cc1)c2nc([nH]n2)SCc3nc(nc(n3)N)N
dude_tryb1__L000096,CCCNC(=O)C[NH+]1CCC(CC1)NC(=O)N[C@@H](C)Cc2ccc(cc2C)C
dude_tryb1__L000097,CCOc1cccc(c1OCc2ccccc2F)C[NH2+]CC[NH2+]C[C@H](C)O
dude_tryb1__L000098,CC(C)CCOc1ccccc1C(=O)NC(=S)Nc2cccc(c2)OCCOc3ccccc3
dude_tryb1__L000099,CC(C)[C@H](c1nnnn1C2CCCC2)[NH+](CCO)Cc3cc4cc(ccc4[nH]c3=O)OC
dude_tryb1__L000100,c1ccc2=[NH+]CC(=c2c1)C[C@@H](COc3cc(cnc3)c4ccc5c(c4)oc(=O)[nH]5)[NH3+]
dude_tryb1__L000101,CN(C)c1ccc(cc1)[C@@H](CNC(=O)C(=O)NCc2ccco2)N3CCN(CC3)c4ccc(cc4)F
dude_tryb1__L000102,CC[C@H]([C@H](c1cc(cs1)Br)[NH+](CC)CC(=O)NC(C)C)[NH3+]
dude_tryb1__L000103,c1cc(sc1)CN\2[C@H]3[C@H]([C@@H](C[C@@H]([C@H]3S/C2=[NH+]\CCN4CCOCC4)C(=O)N)O)O
dude_tryb1__L000104,Cc1cc(c(n1C[C@H]2COc3ccccc3O2)C)C(=O)COC(=O)CC[C@@H]4C(=O)NC(=O)N4
dude_tryb1__L000105,CCOC(=O)c1c(nc(s1)NC(=O)[C@H](C)n2c(nnc2SCC(=O)OC)N)C
dude_tryb1__L000106,CC(=CCC/C(=C/C=N/NC(=S)Nc1cc(ccc1N2CCOCC2)S(=O)(=O)N3CCOCC3)/C)C
dude_tryb1__L000107,Cc1c(sc(n1)NC(=O)[C@@H](CCS(=O)(=O)C)N2C(=O)c3ccccc3C2=O)c4nccn4C
dude_tryb1__L000108,CC[NH+](CC)CCCNC(=S)N(Cc1cc2cc3c(cc2[nH]c1=O)OCO3)C4CCCC4
dude_tryb1__L000109,CCCn1c(c(c(=O)n(c1=O)C)C(=O)CSc2nnc(n2CC=C)[C@H]3COc4ccccc4O3)N
dude_tryb1__L000110,CC(=O)Oc1ccc2c(c1OC(=O)C)OC[C@@]3([C@H]2c4cc(c(c(c4C3)OC(=O)C)OC(=O)C)OC(=O)C)O
dude_tryb1__L000111,CCCn1c(c(c(=O)n(c1=O)CCC)NC(=O)[C@H](CC)c2ccc(cc2)SCC(=O)OC(C)(C)C)N
dude_tryb1__L000112,COc1cc2c(c(c1OC)OC)-c3ccc(c(=O)cc3[C@H](CC2)[NH3+])[O-]
dude_tryb1__L000113,CC[NH2+][C@@](C)(COc1c(cc(cc1Br)[N+](=O)[O-])Br)C(=O)N
dude_tryb1__L000114,C[C@@H](C[C@H]1CN(c2c1cccc2)CC(=O)OC)NC(=O)[C@@H]3CC(=O)O[C@@]34CCOC(C4)(C)C
dude_tryb1__L000115,CS(=O)(=O)N[C@H]1CCCN(C1)C(=O)Nc2ccc(cc2C(F)(F)F)n3cncn3
dude_tryb1__L000116,C[C@@]12CC[C@@H]3C(=CC(=O)[C@@H]4[C@]3(C[C@@H]([C@@H](C4)O)O)C)[C@]1(CC[C@H]2[C@@](C)([C@@H](CCC(C)(C)O)O)O)O
dude_tryb1__L000117,C[C@@H]1CCC[C@](C1)(C(=O)[O-])NC(=O)NC2CC[NH+](CC2)C
dude_tryb1__L000118,CC(C)CNC(=O)c1cn(nn1)C2CCC(CC2)NS(=O)(=O)c3ccc(c(c3)OC)OC
dude_tryb1__L000119,C[C@@H](C[NH2+]CC[NH2+]Cc1cccc(c1)OCc2ccccc2F)O
dude_tryb1__L000120,CC(C)S(=O)(=O)C1=C2Nc3ccccc3C[NH+]2[C@@H](C1)C(=O)N([O-])S(=O)(=O)C(C)C
dude_tryb1__L000121,C[C@H](C(=O)NNC(=O)C(C)C)Sc1nc([nH]n1)N/N=C/c2cc(ccc2O)Br
dude_tryb1__L000122,CN(Cc1c(cccc1Cl)F)C(=O)CNC(=O)N[C@@H](CC(=O)N2CCOCC2)C(=O)[O-]
dude_tryb1__L000123,CC(C)OC(=O)CNC(=O)[C@H]1CN(CC12CC[NH2+]CC2)C(=O)[C@@H]3CCCN3C(=O)C(F)(F)F
dude_tryb1__L000124,CCCCn1c(c(c(=O)[nH]c1=O)N[C@H]2CCCNC2=O)N
dude_tryb1__L000125,Cc1ccc(cc1)CNC(=O)c2cc3c(nc4c(cccn4c3=O)C)[n+](c2N)CCCN5CCOCC5
dude_tryb1__L000126,CC1(Cc2c(c([nH+]c3c2c(c(s3)C(=O)c4ccccc4)N)N5CCOCC5)CO1)C
dude_tryb1__L000127,c1cc(cc2c1cc(c(=O)[nH]2)CNC(=O)[C@H]3CCC[NH+](C3)CC(=O)N)F
dude_tryb1__L000128,Cc1c(c(n(n1)C(C)C)C)/C=N/Nc2[nH]nc(n2)SCC(=O)NC(c3ccccc3)c4ccccc4
dude_tryb1__L000129,C/C=C\[C@@H](C(=O)NCS(=O)(=O)c1ccc(cc1)C)N(Cc2ccco2)C(=O)[C@@H]3CCC(=O)N3
dude_tryb1__L000130,CCCOc1ccc(cc1OCC)C(=O)NNC(=O)c2cc(c(c(c2)OCC)OCC)OCC
dude_tryb1__L000131,CCCCN1C(=O)/C(=C/c2c(cc3c(c2OC)OCO3)CCN(C)C(=S)NC)/C(=O)NC1=O
dude_tryb1__L000132,OC(=O)[C@@H]2[C@@H](CC1CCNCC1)C(=O)N2C(=O)N5CCN(C(=O)c4ccc(C3CCCCC3)cc4)CC5
dude_tryb1__L000133,CC1=CC(=N[C@@H]1C(=O)N2CC[C@H]3[C@@H](C(=CC(=O)N3CC2)OC)C(=O)N[C@@H](C)c4ccco4)C
dude_tryb1__L000134,CCOc1ccc(cc1)[C@@H](CCC(=O)N/N=C\c2cc(c(c(c2)Cl)OCC=C)OC)O
dude_tryb1__L000135,CCOc1ccc(cc1)S(=O)(=O)N[C@@H](CC2=c3ccccc3=[NH+]C2)C(=O)NNC(=O)c4cccnc4
dude_tryb1__L000136,c1c(ccnc1)/C=N/NC(=[NH2+])c2nonc2NCNc3nonc3C(=[NH2+])N/N=C/c4ccncc4
dude_tryb1__L000137,COc1ccc(cc1)S(=O)(=O)[C@H](CNS(=O)(=O)[C@H]2CCS(=O)(=O)C2)c3cccnc3
dude_tryb1__L000138,CC(=O)OC[C@@H]1[C@H]([C@H]([C@@H](O1)n2cnc3c2[nH]c(=O)nc3N)OC(=O)C)OC(=O)C
dude_tryb1__L000139,COCCC[NH+](Cc1[nH]c(=O)c2c(csc2n1)c3ccccc3OC)C[C@@H](COc4ccccc4)O
dude_tryb1__L000140,COc1c(cc2c3c1oc(=O)c4c3c(c(c(c4)O[C@H]5[C@@H]([C@H]([C@@H](CO5)O)O)O)OC)oc2=O)O
dude_tryb1__L000141,c1cc(oc1)CNC(=O)COC(=O)c2cc(ccc2Br)S(=O)(=O)NC3CC3
dude_tryb1__L000142,CCCn1c(c(c(=O)[nH]c1=O)C(=O)C[NH+](C)CC(=O)NCc2ccco2)N
dude_tryb1__L000143,CCC[NH+]1Cc2cccc(c2C1)NC(=O)[C@H](C)Sc3ccc(cc3)NC(=O)C
dude_tryb1__L000144,Cc1c(oc2c1cc3c(c(c(=O)oc3c2C)CC(=O)N(C)C[C@@H]([C@H]([C@@H]([C@@H](CO)O)O)O)O)C)C
dude_tryb1__L000145,CN(CCOc1ccc(cc1)C[C@@H]2C(=O)NC(=O)S2)c3cc(cc[nH+]3)OS(=O)(=O)[O-]
dude_tryb1__L000146,Cc1ccc(o1)CN([C@H](c2ccc(c(c2)OC)O)C(=O)NC(C)(C)CC(C)(C)C)C(=O)[C@@H]3CCC(=O)N3
dude_tryb1__L000147,CCOc1cc(ccc1O)/C=N/NC(=O)CSc2nnc(n2N)c3ccccc3O
dude_tryb1__L000148,CC(C)Cn1c(c(c(=O)[nH]c1=O)N(CCOC)C(=O)CCN2c3ccccc3OCC2=O)N
dude_tryb1__L000149,[H]/N=C\1/C(=C/c2ccc(c(c2)OCC)OCCOc3ccccc3)/C(=O)N=C4N1N=C(S4)S(=O)(=O)C
dude_tryb1__L000150,CCC(C)(C)NC(=O)[C@H](C(C)C)N(CCN1CCOCC1)C(=O)CNS(=O)(=O)c2ccccc2
dude_tryb1__L000151,C[C@@H]1c2ccsc2CC[NH+]1CC(=O)Nc3c(c4c(s3)CCCC4)C(=O)NCCOC
dude_tryb1__L000152,C=CCSc1nc2c(ncnc2n1[C@H]3[C@H]([C@@H]([C@H](O3)CO)O)O)N
dude_tryb1__L000153,CC1(CC2(CC([NH2+]1)(C)C)[C@@](N(C(=O)O2)CCNC(=O)CCc3cc(c(c(c3)C(C)(C)C)O)C(C)(C)C)(C)O)C
dude_tryb1__L000154,CCOc1cc(cc(c1OCC(=O)N)Br)C[NH2+]Cc2ccccc2Cl
dude_tryb1__L000155,c1cc2c(cc1N)[nH+]c3cc(ccc3c2NCCNC(=O)CCCC[C@H]4[C@@H]5[C@H](CS4)NC(=O)N5)N
dude_tryb1__L000156,CC(C)c1ccc(cc1)C[NH+]2CCC3(CC2)Nc4ccc(cc4C(=O)N3)Br
dude_tryb1__L000157,Cc1c2c(=O)n(c(=O)n(c2sc1C(=O)NN)CC(=O)N3CC3)CC(=O)N4CCOCC4
dude_tryb1__L000158,COc1cc(c(c(c1OC)OC)[N+](=O)[O-])C(=O)NCCNc2ccc(cc2[N+](=O)[O-])S(=O)(=O)C
dude_tryb1__L000159,C[C@@H](c1ccc(cc1)n2cncn2)[NH+](C)CC(=O)NN3C(=O)[C@@](NC3=O)(C)CCc4ccccc4
dude_tryb1__L000160,CCCCCCN([C@@H](c1c(cc(cc1O)O)O)C(=O)NC(C)(C)CC(C)(C)C)C(=O)CCCCC
dude_tryb1__L000161,COC(=O)[C@@H](CC1=c2ccccc2=[NH+]C1)N/C=C/3\C(=O)NC(=O)N(C3=O)c4ccc(cc4)Br
dude_tryb1__L000162,c1ccc(c(c1)Nc2c(c(ncn2)NNC(=O)c3ccc(cc3Cl)Cl)N)Br
dude_tryb1__L000163,[H]\N=C\1/C(=C/c2cc(n(c2C)c3ccc(cc3)Cl)C)/C(=O)N=C4N1C(=NS4)S(=O)(=O)C
dude_tryb1__L000164,CCCC[NH+](CC[C@@](C)(C(=O)N)[NH2+]CCC)[C@@H](C)CC
dude_tryb1__L000165,c1cc(c(cc1Cl)S(=O)(=O)N2CCN(CC2)C(=O)CN3C(=O)C4(CCCC4)NC3=O)Cl
dude_tryb1__L000166,Cc1cc(cc(c1)OCC(=O)NNC(=S)NC(=O)c2ccccc2OCCOc3ccccc3)C
dude_tryb1__L000167,Cc1c(c(n(n1)c2cccc(c2)C(F)(F)F)C)C(=O)C(=O)N[C@H]3CCS(=O)(=O)c4c3cccc4
dude_tryb1__L000168,CCN(CC)S(=O)(=O)c1cc(ccc1OCC)NC(=O)C(C)(C)n2cc(cn2)Cl
dude_tryb1__L000169,CC(C)([C@H]1CCC(=CC1)C(=O)OC[C@@H]2[C@H]([C@@H]([C@@H]([C@@H](O2)Oc3c(cc(cc3O)C(=O)[O-])O)O)O)O)O
dude_tryb1__L000170,Cc1ccc(c(c1)S(=O)(=O)N2CCCO[C@H]2CNC(=O)C(=O)NCCc3ccco3)C
dude_tryb1__L000171,Cc1cccn2c1nc(c(c2=O)/C=C\3/C(=O)N(C(=S)S3)CCOC)NCCCN4CCOCC4
dude_tryb1__L000172,Cc1cc(n(n1)C[C@@H](C)CNC(=O)C(=O)Nc2ccc(nc2)NC(=O)C3CC3)C
dude_tryb1__L000173,CCCCn1c2ccc(cc2nc1CCC(=O)N[C@H](C)c3ccc(o3)C)S(=O)(=O)N(C)C
dude_tryb1__L000174,Cn1cc(cn1)NC(=O)CCc2nc3cc(ccc3n2C)S(=O)(=O)N4CCOCC4
dude_tryb1__L000175,c1cc(c(cc1[C@H]2CC(=O)c3c(cc(c(c3O[C@H]4[C@@H]([C@H]([C@@H]([C@H](O4)CO)O)O)O)O)O)O2)O)O
dude_tryb1__L000176,Cc1ccccc1OC[C@H](Cn2c3c(=O)[nH]c(=O)n(c3nc2N4CC[NH+](CC4)CCO)C)O
dude_tryb1__L000177,C[C@@H](c1ccc(cc1)n2cncn2)N(C)C(=O)[C@@H](C)NC(=O)/C=C/c3ccc(cc3)OC
dude_tryb1__L000178,COc1ccc(cc1)c2nnc(n2N)SCC(=O)Nc3c(c4c(s3)CCC4)C(=O)N
dude_tryb1__L000179,C/C=C/C=C/C=C\C(=O)N[C@@H]([C@@H](C)[NH3+])C(=O)O[C@@H](c1c[nH]c2c1ccc(c2)Cl)[C@@H]3C(=O)NCC(=O)N3
dude_tryb1__L000180,COc1cc(cc(c1)O)/C=C/c2ccc(c(c2)O[C@H]3[C@@H]([C@H]([C@@H]([C@H](O3)CO)O)O)O)O
dude_tryb1__L000181,C[C@H](C(=O)Nc1c(ccs1)C(=O)N)OC(=O)C[C@H]2CS(=O)(=O)C=C2
dude_tryb1__L000182,CCN(CC)C(=O)COc1ccc(cc1)[C@@H]2C(=C(Nc3n2ncn3)C)C(=O)Nc4cccc(c4)C
dude_tryb1__L000183,CC[C@@H](C)N1C(=O)[C@H]2[C@H]([NH2+][C@]3([C@H]2C1=O)c4cc(ccc4NC3=O)Br)CC(C)C
dude_tryb1__L000184,CC(C)c1nnc(n1Cc2ccco2)SCC(=O)c3c(n(c(=O)[nH]c3=O)C4CC4)N
dude_tryb1__L000185,CC[NH+](CC)CCN1[C@@H](C(=C(C1=O)[O-])C(=O)c2c(c([nH]c2C)C(=O)OCC)C)c3cccs3
dude_tryb1__L000186,CS(=O)(=O)N1CCC(CC1)C(=O)N[C@H]2[N-]C(=CS2)Cc3n[nH]c(=S)n3CC=C
dude_tryb1__L000187,C[C@@H](C[NH2+]CC[NH2+]Cc1cc(c(c(c1)Br)OC)OC)O
dude_tryb1__L000188,CC(=O)O[C@H]1CO[C@@H]([C@H]([C@@H]1OC(=O)C)OC(=O)C)n2c(=O)[nH]c(=O)cn2
dude_tryb1__L000189,Cc1c(cccc1Cl)[n+]2c(c3c(n[nH]c3nc2SCC(=O)NCc4ccco4)C)N
dude_tryb1__L000190,Cc1c(c(n2c(n1)nc(n2)SC)C)CC(=O)OCC(=O)c3ccc(s3)CNC(=O)C(C)(C)C
dude_tryb1__L000191,CCN(CC(=O)Nc1ccccc1C(F)(F)F)C(=O)c2cc(c(cc2[N+](=O)[O-])OCC)OC
dude_tryb1__L000192,C1C(=O)N(C(=S)S1)N2C(=O)[C@@H]3[C@@H](C2=O)C4C=CC3[C@@H]5[C@@H]4C(=O)N(C5=O)N6C(=O)CSC6=S
dude_tryb1__L000193,CCOc1cc(ccc1O)[C@H]2C(=C(C(=O)N2CCC[NH+](C)C)[O-])C(=O)c3ccc(cc3)OC(C)C
dude_tryb1__L000194,Cc1ccc2=[NH+]CC(=c2c1)CC/[NH+]=C/3\NN[C@H](C(=O)N3N)c4ccc(cc4)OC
dude_tryb1__L000195,CC[NH+](CC)[C@H](CNC(=O)Nc1ccc(cc1)S(=O)(=O)N(C)C(C)C)c2ccsc2
dude_tryb1__L000196,C/C=C\[C@H](C(=O)NCS(=O)(=O)c1ccc(cc1)C)N(C(=O)[C@@H]2CCC(=O)N2)C(C)(C)C
dude_tryb1__L000197,[H]/N=c\1/c(=C/c2cc(n(c2C)c3ccc(cc3)OC)C)/c(=O)nc-4s/c(=C/C(=O)N5CCCCC5)/[nH]n14
dude_tryb1__L000198,CC[C@@H](C)[C@@H](C(=O)NCCCN1CCCC1=O)NC(=O)c2cn(c3cc4c(cc3c2=O)OCO4)CC
dude_tryb1__L000199,c1ccc2c(c1)cc(/c(=[NH+]/NC(=O)N)/o2)C3[NH+]=c4ccccc4=[NH+]3
dude_tryb1__L000200,CC(C)S(=O)(=O)C1=C[C@H]2CN3[C@@H](C[C@@H]2C=C1F)CO[P@@](=O)(N3)S(=O)(=O)Oc4ccccc4
dude_tryb1__L000201,CCOC(=O)C1=C(NC(=O)N[C@@H]1c2ccc(cc2)OC)COC(=O)Cc3ccc(cc3OC)OC
dude_tryb1__L000202,CCOc1ccc2c(c1)cc(c(=O)[nH]2)CN(Cc3ccc4c(c3)OCO4)Cc5nnnn5C[C@H]6CCCO6
dude_tryb1__L000203,CC1(C[C@@]2(CCO1)[C@@H](CC(=O)O2)C(=O)NCC[C@@H]3CN(c4c3cccc4)CC(=O)OC)C
dude_tryb1__L000204,COc1ccc(cc1)/C=C/CN2C[C@@H](C[C@H]2C(=O)NCCc3ccc(cc3)F)n4cnnn4
dude_tryb1__L000205,CC(C)[C@@H](c1nnnn1C[C@@H]2CCCO2)N(Cc3ccc(cc3)F)Cc4cc5cc(ccc5[nH]c4=O)OC
dude_tryb1__L000206,CCn1c(c(c(c(c1=O)C#N)C)/C=C\2/C(=O)N(C(=S)S2)CC=C)N3CCN(CC3)CCO
dude_tryb1__L000207,Cc1ccc(cc1)c2cc(c3c(nn(c3n2)[C@@H]4CCS(=O)(=O)C4)C)C(=O)NCc5ccccn5
dude_tryb1__L000208,CN(C)c1ccc(cc1)c2nnnn2[C@H]3CO[C@H]4[C@@H]3OC[C@@H]4NC(=S)NC5CCCCC5
dude_tryb1__L000209,CCCC[C@H](C(=O)NC(C)(C)C)N(C1CCCCC1)C(=O)c2c(c(ns2)C(=O)N)N
dude_tryb1__L000210,CCOc1ccc2c(c1)c(nc(n2)Nc3[nH]c(=O)c(c(n3)C)CSc4nnc(s4)C)C
dude_tryb1__L000211,c1ccn2c(c1)nc(c(c2=O)/C=C/3\C(=O)N(C(=S)S3)C[C@H]4CCCO4)NCCOCCO
dude_tryb1__L000212,C[C@H](C(=O)NNC(=O)c1nnc(o1)c2ccccc2)NS(=O)(=O)C
dude_tryb1__L000213,C[C@H]1C(=O)N=C([NH+]=N1)NNC(=O)c2ccc(cc2)S(=O)(=O)[N-]c3cccc(c3)C(F)(F)F
dude_tryb1__L000214,COC(=O)c1ccc(cc1)[C@H]2c3c([nH]c(=O)s3)S[C@@H]4[C@H]2C(=O)N(C4=O)CC(=O)[O-]
dude_tryb1__L000215,C[C@]1(CCS(=O)(=O)C1)NC(=O)C2CCN(CC2)S(=O)(=O)c3ccc(c(c3)OC)OC
dude_tryb1__L000216,CC(=O)Nc1ccc(cc1)S(=O)(=O)/N=c/2\ccccn2S(=O)(=O)c3ccc(cc3)NC(=O)C
dude_tryb1__L000217,CC[NH+](CC)CCCN1[C@@H](C(=C(C1=O)O)C(=O)c2ccc3c(c2)OCCO3)c4ccc(c(c4)OCC)O
dude_tryb1__L000218,CCCOc1ccc(cc1Br)C(=O)NC(=S)Nc2ccc(cc2)S(=O)(=O)NC(C)C
dude_tryb1__L000219,COc1ccc(cc1)c2c3c([nH]n2)C(=O)N([C@H]3c4cc(c(c(c4)OC)O)OC)CCN5CCOCC5
dude_tryb1__L000220,Cc1c(cccc1F)NS(=O)(=O)c2ccc(c(c2OC)OCC(=O)OC)OC
dude_tryb1__L000221,O=C(CCNC(=O)OCc1ccccc1)OCN3C(=O)c2ccccc2S3(=O)=O
dude_tryb1__L000222,[H]/N=C\1/C(=C\c2ccc(cc2)OCCOc3cccc(c3)C)/C(=O)N=C4N1N=C(S4)S(=O)(=O)CC
dude_tryb1__L000223,CCOc1cc(ccc1O)/C=N/Nc2nnc(n2N)SCC(=O)Nc3cc(ccc3C)C
dude_tryb1__L000224,COC(=O)c1ccc(cc1)/C=N/Nc2[nH]nc(n2)SCC(=O)Nc3nnc(s3)SCC=C
dude_tryb1__L000225,[H]/N=C\1/C(=C\c2cc(c(c(c2)Cl)OCCOc3ccccc3C)OC)/C(=O)N=C4N1N=C(S4)CC
dude_tryb1__L000226,c1ccc(c(c1)C#N)S(=O)(=O)N[C@H]2CO[C@H]3[C@@H]2OC[C@@H]3n4c(nnn4)Oc5ccc6c(c5)OCO6
dude_tryb1__L000227,CCCCN(CC(=O)Nc1cc(nn1c2ccc(cc2)C)c3ccccc3)C(=O)NCC(=O)OCC
dude_tryb1__L000228,CC(C)C[C@@H](C(=O)NC[C@@H]1CCCO1)N(c2ccc(cc2)OC)C(=O)c3c(c(ns3)C(=O)N)N
dude_tryb1__L000229,OC(=O)[C@@H]2[C@@H](CC1CCNCC1)C(=O)N2C(=O)N5CCN(C(=O)c4ccc(CCCc3ccccc3)cc4)CC5
dude_tryb1__L000230,CCCC[C@H](CC)C(=O)N(Cc1ccc(o1)C)[C@H](c2ccc(cc2)O)C(=O)NC(C)(C)CC(C)(C)C
dude_tryb1__L000231,c1cc(sc1)[C@H](CNC(=O)C(=O)N[C@H]2CCS(=O)(=O)C2)S(=O)(=O)c3ccc4c(c3)OCCO4
dude_tryb1__L000232,CC(=O)N[C@@H]1[C@H]([C@@H]([C@H](O[C@H]1n2c(=S)n(c(n2)COc3ccc(cc3)C(C)(C)C)C)CO)O)O
dude_tryb1__L000233,CCCC[NH2+][C@@H](C)[C@@]1(Cc2c(c(c3c(c2O)C(=O)c4cccc(c4C3=O)OC)O)[C@@H](C1)O)O
dude_tryb1__L000234,CC[NH+](CC)Cc1ccc(cc1)C[NH2+]Cc2c(nn(c2C)CCO)C
dude_tryb1__L000235,CCCCOc1ccc(cc1OCC)[C@@H]2c3c(n[nH]c3C(=O)N2CCCO)c4cc(cc(c4O)C)C
dude_tryb1__L000236,Cc1c(c(n(n1)C(C)C)C)/C=N/Nc2nnc(n2N)SCC(=O)Nc3nnc(s3)SCC(C)C
dude_tryb1__L000237,Cc1ccc(cc1)C2=NN[C@@H](S2)[C@@H]([C@H]([C@H]([C@H](CO)O)O)O)O
dude_tryb1__L000238,c1cn(c(c1)/C=N/N=C/c2n(ccc2)c3ccc(cc3)S(=O)(=O)N)c4ccc(cc4)S(=O)(=O)N
dude_tryb1__L000239,CCn1c(nnc1S[C@H](C)C(=O)/N=C\2/NCCS2)[C@H](CO)NC(=O)c3ccccc3OC
dude_tryb1__L000240,C[C@@H](C(=O)[O-])NS(=O)(=O)c1ccc(cc1)/C(=N/NC(=O)c2cccc(c2)[N+](=O)[O-])/C
dude_tryb1__L000241,CN1[C@H]([C@@H](c2cc(c(cc2C1=O)OC)OC)C(=O)NC[C@@H]3COc4ccccc4O3)c5cccs5
dude_tryb1__L000242,CC(C)c1c2c(c(c(n1)N3CCN(CC3)C(=O)C(=O)NCCCO)C#N)CC(OC2)(C)C
dude_tryb1__L000243,Cc1c2ccc(c(c2oc(=O)c1CC(=O)N(C)C[C@H]([C@@H]([C@H]([C@H](CO)O)O)O)O)C)OCC(=C)C
dude_tryb1__L000244,CC(C)NC(=O)[C@H]1COC2(N1C(=O)c3ccc(cc3)F)CCN(CC2)C(=O)c4ccc(cc4F)F
dude_tryb1__L000245,c1nc(c2c(n1)n(cn2)[C@H]3[C@H]([C@@H]([C@H](O3)CO)O)O)NCCO
dude_tryb1__L000246,CC[C@@H](C)Oc1ccc(cc1)C(=O)NC(=S)Nc2ccc(cc2)S(=O)(=O)Nc3ccc(cc3)OCC
dude_tryb1__L000247,C[C@@]12C[NH+]3C[C@@](C1O)(CN(C2)[C@H]3[C@H]([C@H]([C@H]([C@H](CO)O)O)O)O)C
dude_tryb1__L000248,CC(=O)OC[C@@H]1[C@H]([C@@H]([C@@H](O1)n2c3c(c(nc(n3)N)Cl)nc2Cl)OC(=O)C)OC(=O)C
dude_tryb1__L000249,C/C(=N\NC(=O)N)/[C@@]12[C@@H](C[C@H]3[C@@]1(CC[C@@H]4[C@@H]3CCC5=C/C(=N\NC(=O)N)/CC[C@@]45C)C)OC(O2)(C)C
dude_tryb1__L000250,Cn1cc(cc1C(=O)NNS(=O)(=O)c2cccc(c2)S(=O)(=O)N)Br
dude_tryb1__L000251,CCC[NH+]1CC[C@@H](C1)CNC(=O)C(=O)Nc2ccc(c(c2)C(F)(F)F)Cl
dude_tryb1__L000252,CCOC(=O)c1c(c(sc1NC(=O)C[NH2+]Cc2ccco2)C(=O)N)C
dude_tryb1__L000253,CC(C)(C)OC[C@H](C[NH+](CCN1CCOCC1)Cc2[nH]c(=O)c3c4c(sc3n2)CCCC4)O
dude_tryb1__L000254,CC(C)NC(=O)C(=O)N1CCN(CC1)C(=O)[C@H]2CC(=O)N(C2)c3ccc(cc3)Cl
dude_tryb1__L000255,CCCCN1C(=O)[C@H]2[C@@H](C1=O)[C@]3(c4cccc(c4NC3=O)Cl)[NH2+][C@H]2[C@@H](C)O
dude_tryb1__L000256,CCn1c(nnc1SCC(=O)Nc2nnc(s2)C)[C@H](C)NC(=O)c3ccccc3F
dude_tryb1__L000257,Cc1cc(c(n1c2ccc(cc2)S(=O)(=O)N)C)C(=O)CN3CC[NH+](CC3)CC(=O)NC4CC4
dude_tryb1__L000258,Cc1ccc(cc1)S(=O)(=O)CNC(=O)[C@H](c2ccc(c(c2)OC)OC)N(C)C(=O)c3ccc(cc3)O
dude_tryb1__L000259,CC(C)[C@@H](C(=O)N[C@H](C(C)C)C(=O)N[C@@H](C(C)C)C(=O)[O-])[NH3+]
dude_tryb1__L000260,C[C@@H](C(=O)Nc1c(ccs1)C(=O)N)OC(=O)Cn2cnc3c4ccccc4oc3c2=O
dude_tryb1__L000261,[H]/N=C\1/C(=C/c2ccc(cc2)OCCOc3ccccc3Cl)/C(=O)N=C4N1N=C(S4)S(=O)(=O)CC
dude_tryb1__L000262,C[C@@H](c1ccccc1[N+](=O)[O-])O[P@]2(=O)OC[C@@H]3[C@@H](O2)[C@@H]([C@H](O3)n4cnc5c4nc([nH]c5=O)N)O
dude_tryb1__L000263,CCCCCCOc1ccccc1C(=O)NC(=S)Nc2ccc(cc2)S(=O)(=O)N(C)C
dude_tryb1__L000264,C[C@H](C(=O)NNS(=O)(=O)c1cccc(c1)C(F)(F)F)n2nc(nn2)N3CCOCC3
dude_tryb1__L000265,[H]\N=C\1/C(=C\c2ccc(c(c2)OC)OCCOc3c(cccc3C)C)/C(=O)N=C4N1OC(=C4)C
dude_tryb1__L000266,Cc1ccc(c(c1)Br)OC[C@H](C[NH2+]C[C@H]2CC[NH+](C2)C)O
dude_tryb1__L000267,c1ccn2c(c1)nc(c(c2=O)/C=C\3/C(=O)N(C(=S)S3)C[C@@H]4CCCO4)NCCOCCO
dude_tryb1__L000268,CCOc1ccc(cc1OC)C2=NN=C3[C@@H]2[C@H](C(=C(O3)N)C#N)c4ccc(cc4OC)OC
dude_tryb1__L000269,CCCCCCN([C@H](c1cccc(c1)O)C(=O)NC(C)(C)CC(C)(C)C)C(=O)c2cccc(c2)[N+](=O)[O-]
dude_tryb1__L000270,Cn1cc(c(=O)n(c1=O)C)/C=C/C(=O)NCCN2C(=O)/C(=C/c3ccc4c(c3)OCO4)/SC2=O
dude_tryb1__L000271,C/C(=C/Cn1c2c(=O)[nH]c(=O)n(c2nc1SCCSc3nc4c(n3C/C=C(/C)\Cl)c(=O)[nH]c(=O)n4C)C)/Cl
dude_tryb1__L000272,CS(=O)(=O)c1nnc(o1)CNS(=O)(=O)[C@H]2CCS(=O)(=O)C2
dude_tryb1__L000273,Cc1ccc(cc1)S(=O)(=O)CNC(=O)[C@@H](c2ccco2)N(Cc3ccco3)C(=O)[C@@H]4CCC(=O)N4
dude_tryb1__L000274,Cc1c(n(c(c1C#N)NC(=O)CSc2nnc(n2C)c3ccccc3)CCCOC)C
dude_tryb1__L000275,Cn1c2c(c(n1)NC(=O)[C@H]3CC(=O)N(C3)c4ccc(cc4)OC)[C@H](CC(=O)N2)c5ccco5
dude_tryb1__L000276,CCCOc1cccc(c1)C(=O)NC(=S)Nc2ccc(cc2)S(=O)(=O)NCc3ccco3
dude_tryb1__L000277,CC(C)[NH+](C)CCCNC(=O)C(=O)Nc1ccc(c(c1)OCC(=O)N)OC
dude_tryb1__L000278,CCC(C)(C)NC(=O)[C@H](c1ccc(o1)C)N(c2cc(ccc2OC)C)C(=O)c3c(c(ns3)C(=O)N)N
dude_tryb1__L000279,C1CCC(CC1)CCCO[C@H]2[C@H]([C@@H]([C@@H]([C@@H](O2)CO)O[C@@H]3[C@@H]([C@@H]([C@@H]([C@@H](O3)CO)O)O)O)O)O
dude_tryb1__L000280,c1cc(c(cc1c2c[nH+]c([nH]2)CCCCCC[NH3+])Br)F
dude_tryb1__L000281,CC(C)N(CCO)S(=O)(=O)c1cc(cnc1NN)Br
dude_tryb1__L000282,c1ccc2c(c1)ccn2C[C@@H](C[NH+]3CCC(CC3)[NH2+][C@@H]4CCCC[C@@H]4O)O
dude_tryb1__L000283,c1ccc(cc1)C[C@]2(C(=O)NC(=O)N2)C3CC[NH+](CC3)Cc4c[nH]nc4c5ccccc5
dude_tryb1__L000284,CC[C@@H](C)[C@H](C(=O)Nc1ccc(cc1)n2c(cc(n2)C)NC(=O)C)NC(=O)N
dude_tryb1__L000285,CCC[NH+](Cc1c(nn(c1Oc2cccc(c2)C)c3ccccc3)C)C[C@@H](COCC#C)O
dude_tryb1__L000286,c1ccc2=[NH+]C([NH+]=c2c1)C3=C[C@@H]4CN(CCCN4N3)C(=O)[C@H](Cc5c[nH]cn5)[NH3+]
dude_tryb1__L000287,Cc1cc(c(o1)C)[C@H](C)NC(=O)C(=O)NCC(=S)N
dude_tryb1__L000288,CC[C@@H](C)[C@H](C(=O)N[C@@H](Cc1cnc[nH]1)C(=O)N[C@@H](CC(=O)N)C(=O)[O-])NC(=O)[C@@H](C(C)C)[NH3+]
dude_tryb1__L000289,Cc1ccc(c(c1)S(=O)(=O)[C@H](CNS(=O)(=O)[C@@H]2CS(=O)(=O)C[C@@H]2O)c3cccs3)C
dude_tryb1__L000290,CC[NH+](CC)CCCNC(=O)[C@@]1(c2cc(ccc2NC(=O)N1c3ccc(c(c3)C)C)Br)O
dude_tryb1__L000291,c1cc(cc(c1)S(=O)(=O)Nc2cc(ccc2NCCO)[N+](=O)[O-])S(=O)(=O)N
dude_tryb1__L000292,Cc1nnc(s1)NC(=O)[C@H](C)Sc2nnc(n2C)COc3ccc4c(c3)CCCC4
dude_tryb1__L000293,[H]\N=C\1/C(=C/c2cc(n(c2C)c3ccccc3OC)C)/C(=O)N=C4N1C(=NS4)S(=O)(=O)C
dude_tryb1__L000294,c1cc(ccc1C(=O)Nc2c3c(nn2c4ccc(cc4)[N+](=O)[O-])CSC3)S(=O)(=O)N5CCOCC5
dude_tryb1__L000295,Cc1cc(ccc1OC)S(=O)(=O)/N=C(\N)/NCCC2=c3cc(ccc3=[NH+][C@@H]2C)F
dude_tryb1__L000296,C[C@@H](C(=O)NC)NS(=O)(=O)c1c(nc2n1ccs2)NN
dude_tryb1__L000297,CC[C@@]1(C(=O)N(C(=O)N1)NC(=O)C[NH+](C)Cc2cnn(c2)c3ccccc3)c4ccccc4
dude_tryb1__L000298,Cc1c(c(nn1C)c2nnc(n2CC=C)SCC(=O)NC[C@H]3CCCO3)Cl
dude_tryb1__L000299,CCCc1c(c(c2ccnn2c1Nc3ccc(cc3)OCC)C#N)N[C@@H]4CCC[NH2+]C4
dude_tryb1__L000300,c1ccc(c(c1)[C@H](C(=O)N2CCN(CC2)c3cccc4c3C(=O)N(C4=O)Cc5ccncc5)O)Cl
dude_tryb1__L000301,COc1ccc(c(c1)OC)C(=O)/C=C\Nc2ccc(cc2)S(=O)(=O)N=C(N)N
dude_tryb1__L000302,CCCNC(=O)C[NH+](CCC)CC(=O)c1c(n(c(=O)[nH]c1=O)C2CC2)N
dude_tryb1__L000303,c1cc(ccc1Nn2c(c(sc2=O)N)N3CCOCC3)S(=O)(=O)N
dude_tryb1__L000304,Cc1c(sc2n1nc(n2)c3ccc(cc3)OC)CCNC(=O)C(=O)NCCN4CCOCC4
dude_tryb1__L000305,Cc1cc(c2c(c1)cc(c(=O)[nH]2)[C@H](c3nnnn3C[C@@H]4CCCO4)N5CCC(CC5)O)C
dude_tryb1__L000306,Cc1cc(c(s1)C)c2c(cn(n2)c3ccccc3F)C[NH2+][C@H]4CCCCNC4=O
dude_tryb1__L000307,CCn1cc(c(n1)N)S(=O)(=O)N(CCO)CCO
dude_tryb1__L000308,C[C@@]12C[NH+]3C[C@@](C1=O)(CN(C2)[C@@H]3[C@@H]([C@@H]([C@H]([C@H](CO)O)O)O)O)C
dude_tryb1__L000309,COc1ccc(c(c1)S(=O)(=O)NC[C@@H](c2cccs2)S(=O)(=O)c3ccc4c(c3)OCO4)OC
dude_tryb1__L000310,CCCCN(Cc1ccco1)c2ccc(cc2C(=O)NCCC)NC(=O)Nc3cccc(c3)C
dude_tryb1__L000311,CC(C)[C@H](C(=O)NC(C)(C)C)[NH2+][C@@H](CCCCN([C@H](C(C)C)C(=O)NC(C)(C)C)C(=O)C)C(=O)OC
dude_tryb1__L000312,c1cc(ccc1CCN2C[C@@H](CC2=O)C(=O)Nc3ncc(s3)S(=O)(=O)c4ccc(cc4)[N+](=O)[O-])F
dude_tryb1__L000313,Cc1ccc(cc1)N2C[C@@H](CC2=O)c3nnc(s3)NC(=O)[C@H]4CC(=O)N(C4)c5ccc(cc5)F
dude_tryb1__L000314,CCC[C@H]1C[C@H]([NH+](C1)C)C(=O)N[C@H]([C@@H]2[C@@H]([C@@H]([C@@H]([C@H](O2)SC)O)O)O)[C@@H](C)Cl
dude_tryb1__L000315,COc1ccc(cc1Cn2cc(cn2)[N+](=O)[O-])[C@H]3[C@H]4C(=c5ccccc5=[NH+]4)C[C@@H](N3)C(=O)[O-]
dude_tryb1__L000316,CC(=O)NC1(CC[NH+](CC1)CC(=O)Nc2ccccc2C(=O)N)c3cccc(c3)F
dude_tryb1__L000317,Cc1cc(c(n1C[C@@H]2CCCO2)C)/C=C(/C#N)\C(=O)NNC(=O)C(=O)NC3CC3
dude_tryb1__L000318,CCCC[C@H](CC)C(=O)N(c1ccccc1)[C@@H](c2c(cc(cc2O)O)O)C(=O)NC(C)(C)CC(C)(C)C
dude_tryb1__L000319,CN(CC(=O)c1ccc(c(c1)O)O)C(=O)CCN2C(=O)/C(=C\c3ccc(cc3)OC)/SC2=S
dude_tryb1__L000320,CN(C)c1ccc(cc1NC(=O)CC[NH+]2CCCCC2)c3cc(nc(c3C#N)N)c4ccccc4O
dude_tryb1__L000321,COc1cccc(c1)c2c3c(n(nc3nc(n2)NCC[NH+]4CCCC4)c5ccccc5)N
dude_tryb1__L000322,CC[NH+](CC)CCC[C@@H](C)Nc1cc([nH+]c2c1ncc(n2)c3cc(c(c(c3)OC)OC)OC)N
dude_tryb1__L000323,CCCCc1[nH]cc(n1)C[NH+]2CC[C@H]([C@@H](C2)O)N3CCN(CC3)c4cccc[nH+]4
dude_tryb1__L000324,Cc1ccc(cc1S(=O)(=O)N2CCOCC2)NC(=O)[C@H](C)Sc3nnnn3Cc4ccco4
dude_tryb1__L000325,c1cc(c2c(c1NCCCCCCCCCCCCC/C=C/[C@H]([C@H](CO)[NH3+])O)non2)[N+](=O)[O-]
dude_tryb1__L000326,CC1CC[NH+](CC1)C[C@H](C[NH2+]Cc2c[nH]nc2c3ccc4c(c3)OCCO4)O
dude_tryb1__L000327,CC[NH2+][C@@](C)(CCC[NH+](CC)C1CCCCC1)C(=O)N
dude_tryb1__L000328,Cc1cc(ccc1[N+](=O)[O-])OCc2ccc(o2)C(=O)NNC(=S)NCCCN3CCOCC3
dude_tryb1__L000329,NCc3ccc(CCCNCCNS(=O)(=O)c2ccc1CCNCc1c2)cc3
dude_tryb1__L000330,Cc1ccc(o1)c2nnn(n2)CC(=O)N(C[C@@H]3CCCO3)[C@H](c4ccc(cc4)Cl)C(=O)NC(C)(C)C
dude_tryb1__L000331,Cc1ccc(cc1)CN(Cc2cc3ccc(cc3[nH]c2=O)C)Cc4nnnn4CCOC
dude_tryb1__L000332,c1cc(c(c(c1)Cl)CS(=O)(=O)c2nnc(o2)CNS(=O)(=O)[C@H]3CS(=O)(=O)C[C@@H]3O)F
dude_tryb1__L000333,CCN(c1ccccc1)S(=O)(=O)c2ccc3c(c2)c(=O)c(c[nH]3)C(=O)N4CCC5(CC4)OCCO5
dude_tryb1__L000334,C[C@@H]1C(=O)Nc2cc(ccc2O1)S(=O)(=O)N3[C@@H]4CC[C@H]3CC(C4)(c5nccn5C)O
dude_tryb1__L000335,Cc1ccc(cc1)S(=O)(=O)/N=C\2/[C@H]([NH+]=c3ccccc3=N2)Nc4cccc(c4)S(=O)(=O)N
dude_tryb1__L000336,C[C@H]1C2=C([C@@H](O[C@@H]2C)NC(=O)CS[C@@H]3NN=C(N3C)c4cc[nH+]cc4)C(=O)NN1
dude_tryb1__L000337,CCC[C@H](c1nnnn1Cc2ccc(cc2)OC)N(CCCO)Cc3cc4cc(ccc4[nH]c3=O)C
dude_tryb1__L000338,CC(C)Cn1c(c(c(=O)[nH]c1=O)N(CC(C)C)C(=O)CN(C)C(=O)COc2ccccc2C(C)C)N
dude_tryb1__L000339,c1cc(oc1)CNC(=O)COc2ccc(cc2)/C=N/NC(=O)C(=O)NC[C@@H]3CCCO3
dude_tryb1__L000340,c1cc(cnc1)c2nnc(n2Cc3ccco3)SCC(=O)N4CCN(CC4)c5ccc(cc5)O
dude_tryb1__L000341,CC(C)CNC(=O)NC(=O)COC(=O)c1ccc(o1)S(=O)(=O)N
dude_tryb1__L000342,COc1cccc(c1)C2=N[C@H]([NH2+][C@@H](C2)c3ccccc3O)c4ccccc4OC
dude_tryb1__L000343,Cc1ccc(cc1)S(=O)(=O)CNC(=O)[C@@H](C2CCCCC2)N(C)C(=O)[C@@H]3CCC(=O)N3
dude_tryb1__L000344,Cc1cc(c(c(=O)n1Cc2ccco2)[C@@H](c3ccc(c(c3)OC)OC)N4CC[NH+](CC4)C)[O-]
dude_tryb1__L000345,COc1ccc(cc1OC)/C=N/Nc2[nH]c(nn2)SCCC(=O)Nc3cc(cc(c3)OC)OC
dude_tryb1__L000346,COc1cc(cc(c1OCC(=O)N)Br)C[NH2+]CCC[NH+]2CCOCC2
dude_tryb1__L000347,Cn1c(c(c(=O)n(c1=O)C)C(=O)COC(=O)c2c(cn(n2)c3ccccc3C(F)(F)F)O)N
dude_tryb1__L000348,CCOc1cccc(c1)c2n[nH]c(=S)n2/N=C/c3ccc(c(c3)OC)OC(=O)C
dude_tryb1__L000349,c1ccc2=[NH+][C@H](C=c2c1)c3ccccc3NC(=O)Nc4ccc(cc4)Br
dude_tryb1__L000350,Cn1cc(c(=O)c2c1oc(c2)CN(C)C[C@H](c3ccco3)O)C(=O)NCc4ccc(c(c4)F)F
dude_tryb1__L000351,CCc1c(c(n(n1)c2ccccc2)Oc3ccccc3)C[NH+](C[C@@H]4CCCO4)C[C@@H](COC(C)C)O
dude_tryb1__L000352,CC(C)Cn1c(c(c(=O)[nH]c1=O)N(CC(C)C)C(=O)C[NH+]2CCN(CC2)c3ccccc3Cl)N
dude_tryb1__L000353,C[NH+](C)[C@H]1[C@@H]2[C@H]([C@@H]3C(=C)c4cccc(c4C(=O)C3=C([C@]2(C(=O)C(=C1O)C(=O)N)O)O)O)O
dude_tryb1__L000354,CC[C@H](c1nnnn1Cc2ccco2)N(Cc3cccs3)Cc4cc5cc(ccc5[nH]c4=O)OC
dude_tryb1__L000355,CCN1C(=O)c2cc(nn2C[C@@]1(C)C(=O)NC3CCCC3)C(=O)N4CCC5(CC4)OCCO5
dude_tryb1__L000356,Cc1cc(c(n1C2CC2)C)/C=C(\C#N)/C(=O)Nc3ccc(c(c3)S(=O)(=O)N4CCOCC4)F
dude_tryb1__L000357,CC(C)Oc1ccc(cc1C[NH2+]CCC[NH2+]CCO)Br
dude_tryb1__L000358,CC/C=C/[C@H]([C@@H](C1=C(C(=O)[C@@]2(O1)[C@H]([C@](NC2=O)(C(=O)c3ccccc3)OC)O)C)O)O
dude_tryb1__L000359,Cc1c(c(n(n1)c2ccccc2)C)C(=O)C(=O)NNC(=O)c3csc(n3)N4CCOCC4
dude_tryb1__L000360,C[C@H](C(=O)Nc1ccc2c(c1)[nH]c(=O)[nH]2)Sc3nnc(n3N)c4ccccc4Br
dude_tryb1__L000361,C1[C@H](O[C@@H](O1)CBr)[C@@H]([C@@H]([C@@H](CO)O)O)O
dude_tryb1__L000362,C[C@@H](C(C)(C)C)NC(=O)[C@@H]1CN(CC12CC[NH2+]CC2)C(=O)c3cc(cc(c3)F)C(F)(F)F
dude_tryb1__L000363,C[C@@H](c1nnc(n1c2ccc(cc2)F)SCc3nc(nc(n3)N)N)[NH+](C)C
dude_tryb1__L000364,NCc3ccc(CCNCCNS(=O)(=O)c2ccc1ccccc1c2)cc3
dude_tryb1__L000365,CCOC(=O)c1c(c([nH]c1C)C(=O)COC(=O)c2c(c3c(cc([nH+]c3s2)C)C)N)C
dude_tryb1__L000366,[H]/N=C\1/C(=C\c2ccc(c(c2)OC)OCCOc3ccccc3Cl)/C(=O)N=C4N1N=C(S4)C(C)C
dude_tryb1__L000367,CN(CC[C@H](CC(=O)N[C@@H]1C=C[C@@H](O[C@@H]1C(=O)[O-])n2ccc(nc2=O)N)[NH3+])C(=[NH2+])N
dude_tryb1__L000368,c1ccc2=[NH+]CC(=c2c1)C[C@H](C(=O)N[C@@H](CC(=O)N)C(=O)[O-])N3C(=O)[C@H]4C=CC=CC4=NC3=O
dude_tryb1__L000369,CCCOc1ccc(cc1OCC)/C=N/NC(=O)CN(C)S(=O)(=O)c2ccccc2
dude_tryb1__L000370,CC(=O)NCc1cccc(n1)c2csc(n2)N/C(=N/CCSC)/N
dude_tryb1__L000371,Cn1cc(cn1)/C=N/Nc2[nH]nc(n2)SCC(=O)N3CCc4cc(c(cc4C3)OC)OC
dude_tryb1__L000372,Cn1c(nnc1SCC(=O)N(C)CC(=O)Nc2ccc(c(c2)C(F)(F)F)Cl)c3ccncc3
dude_tryb1__L000373,CC[C@@H](C)CC(=O)N1C[C@@H](C2(C1)CC[NH2+]CC2)C(=O)NCCOCCO
dude_tryb1__L000374,Cc1c2c(=O)[nH]c(nc2sc1C(=O)OC(C)C)C[NH+](C[C@@H](COCc3ccco3)O)CC(C)C
dude_tryb1__L000375,COc1ccc(cc1)Cn2c(nnn2)CN(Cc3cc4cc(ccc4[nH]c3=O)OC)C[C@@H]5CCCO5
dude_tryb1__L000376,Cc1ccc(cc1)S(=O)(=O)C[C@H]2[C@@H](C[C@H](O2)n3cc(c(=O)[nH]c3=O)I)O
dude_tryb1__L000377,C[C@H](C[NH2+]CC[NH2+]Cc1cc(c(c(c1)Br)OCc2ccccc2Cl)OC)O
dude_tryb1__L000378,Cc1ccc(cc1C)N([C@H](c2ccc(o2)C)C(=O)NC[C@H]3CCCO3)C(=O)c4c(c(ns4)C(=O)N)N
dude_tryb1__L000379,Cn1c2c(c(=O)[nH]c1=O)n(c(n2)SCCC(=O)[O-])C[C@H](COc3cccc4c3cccc4)O
dude_tryb1__L000380,Cn1c(c(c(=O)n(c1=O)C)C2=C(N=C3[C@H]2C(=O)N(C(=O)N3C)C)c4ccc(c(c4)OC)O)N
dude_tryb1__L000381,c1cc(sc1)[C@@H](c2ccc(cc2)F)[NH2+]CC(=O)NC(=O)Nc3ccc4c(c3)OCCO4
dude_tryb1__L000382,Cc1c(c(n(n1)c2ccccc2)Oc3ccccc3OC)C[NH+](CCOC)C[C@H](COCC=C)O
dude_tryb1__L000383,CCCCNc1ccc(cc1NS(=O)(=O)c2cccc(c2)C(=O)[O-])S(=O)(=O)N(CC)CC
dude_tryb1__L000384,CCn1cc(c(=O)c2c1ccc(c2)NC(=O)c3c[nH]c4ccc(cc4c3=O)F)C(=O)OCC
dude_tryb1__L000385,Cc1c(c(n(n1)c2ccccc2)Oc3ccc(cc3)Cl)C[NH+](CCOC)C[C@@H](CCC=C)O
dude_tryb1__L000386,C[C@]12CC[C@H]3C(=CC(=O)[C@@H]4[C@@]3(C[C@@H]([C@H](C4)O)O)C)[C@@]1(CC[C@@H]2[C@](C)([C@H](CCC(C)(C)O)O)O)O
dude_tryb1__L000387,CCN(c1cccc(c1)C)c2c(c([nH+]cn2)Nc3ccc(cc3)C(=O)OCC(C)C)N
dude_tryb1__L000388,Cc1ccc(cc1)S(=O)(=O)N[C@@H](C(C)C)C(=O)OCC(=O)c2ccc3c(c2)OCCO3
dude_tryb1__L000389,C[C@H]([C@H](c1ccc(s1)Br)[NH+](CCO)CCO)[NH3+]
dude_tryb1__L000390,CCCCn1c(c(c(=O)[nH]c1=O)N(CCCC)C(=O)c2cc(c(c(c2)Cl)OCCC)OCC)N
dude_tryb1__L000391,CNc1nnc(s1)SCC2=C(N3[C@@H]([C@H](C3=O)[NH3+])SC2)C(=O)[O-]
dude_tryb1__L000392,COc1ccc(cc1)OC[C@@H](C[NH2+]C2CC[NH+](CC2)C[C@@H](COc3ccc(c(c3)Cl)Cl)O)O
dude_tryb1__L000393,Cc1csc(n1)NC(=O)CSc2nnc(s2)NC(=O)/C=C/c3cc(c(c(c3)OC)OC)OC
dude_tryb1__L000394,Cc1csc(n1)CC(=O)N2CCN(CC2)C(=O)CCCN3C(=O)C4(CCCC4)NC3=O
dude_tryb1__L000395,CCC(C)(C)NC(=O)[C@@H](c1ccc(cc1)N(C)C)N(c2ccc(cc2)F)C(=O)c3c(c(ns3)C(=O)N)N
dude_tryb1__L000396,c1cc(ccc1CN2CCCn3c(cc(n3)C(=O)NCCC(=O)NCC[NH+]4CCCCC4)C2=O)F
dude_tryb1__L000397,CCC/C(=N/Nc1[nH]nc(n1)SCC(=O)Nc2ccc(cc2)S(=O)(=O)N(CC)CC)/C
dude_tryb1__L000398,C1C[C@@H](OC1)CNc2c(c(nc(n2)NCCC[NH+]3CCOCC3)N)[N+](=O)[O-]
dude_tryb1__L000399,CCCCn1c(c(c(=O)[nH]c1=O)N(CCOC)C(=O)CN2C(=O)C3(CCC(CC3)C(C)(C)CC)NC2=O)N
dude_tryb1__L000400,CC(C)[NH+](CCNC(=O)NC[C@@H](c1ccsc1)[NH+](C)C)C(C)C
dude_tryb1__L000401,Cc1ccc2cc(c(nc2c1)N3CCC[C@H](C3)O)CN(CCCN4CCCC4=O)C(=O)c5cncs5
dude_tryb1__L000402,c1cc(ccc1Nc2nc(nc(n2)N)CSc3nnc(o3)[C@@H]4CCS(=O)(=O)C4)F
dude_tryb1__L000403,CCC[NH+](CCC)[C@H](C[NH3+])c1cc2c(c(c1)Br)OCCO2
dude_tryb1__L000404,C=C(c1c(c2ccccc2n(c1=O)c3ccccc3)O)NNC4=c5ccc(cc5=[NH+]C4=O)Cl
dude_tryb1__L000405,C[C@@H](C(=O)Nc1ccc2c(c1)OCO2)Sc3nnc(n3C)[C@H](C(C)C)NC(=O)c4ccccc4
dude_tryb1__L000406,CCC[C@H](C(=S)N)C(=O)NCCCS(=O)(=O)N
dude_tryb1__L000407,C[NH+](C)[C@H](C[NH2+]C[C@@H](CO[C@@H]1CCCc2c1cccc2)O)c3ccc(cc3)OC
dude_tryb1__L000408,COc1cccc(c1)c2cn(c3c2c(ncn3)N)c4ccc(cc4)CC[NH+]5CCC(CC5)O
dude_tryb1__L000409,Cc1c(scn1)CCN2C(=O)[C@H]3[C@@H]([NH2+][C@@H]([C@@H]3C2=O)C(=O)[O-])c4ccc(c(c4)[N+](=O)[O-])Cl
dude_tryb1__L000410,CCOc1cc(ccc1O)/C=N/NC(=O)C[NH+]2CCN(CC2)S(=O)(=O)c3ccc(cc3)C
dude_tryb1__L000411,CCOc1cc(ccc1OCCOc2cccc(c2)C)/C=C\3/C(=O)NC(=O)N(C3=O)c4ccc(cc4)OC
dude_tryb1__L000412,CCCCSc1ccccc1NC(=O)CSc2nc([nH]n2)N/N=C(/C)\c3ccccn3
dude_tryb1__L000413,CC(=O)N[C@@H]1[C@H]([C@@H]([C@H](O[C@H]1Oc2ccccc2/C=C/C(=O)c3ccccc3)CO)O)O
dude_tryb1__L000414,Cn1c2c(cn1)[C@H](CCC2)NC(=O)N[C@H](CO)[C@@H](c3ccc(cc3)[N+](=O)[O-])O
dude_tryb1__L000415,CCn1c(cnc1SCC(=O)c2c(n(c(=O)n(c2=O)C)C)N)c3ccc4c(c3)OCCO4
dude_tryb1__L000416,Cc1nc(cs1)CC(=O)c2ccc(cc2O)OC[C@H]3[C@@H]([C@@H]([C@@H]([C@@H](O3)CO)O)O)O
dude_tryb1__L000417,CCCCCN(c1c(n(c(=O)[nH]c1=O)CCCC)N)C(=O)Cc2ccc(cc2)N3CCCC3=O
dude_tryb1__L000418,CC(=O)O[C@H]1C[C@@H]([C@]2([C@H]3[C@@H](CC[C@]2(C1)O)[C@@]4(CC[C@@H]([C@@]4(C[C@@H]3OC(=O)C)C)C5=CC(=O)OC5)O)CO)O
dude_tryb1__L000419,CCCCC/C=C/C(=O)N(c1ccccc1Cl)[C@@H](c2c(cc(cc2O)O)O)C(=O)NCCCC
dude_tryb1__L000420,CCCN([C@H](c1ccc(cc1)OC)C(=O)NCS(=O)(=O)c2ccc(cc2)C)C(=O)c3cccc(c3O)O
dude_tryb1__L000421,CCCCn1c2c(c(=O)[nH]c1=O)n(c(n2)COC(=O)C3(CCCC3)CC(=O)N4CCOCC4)CC
dude_tryb1__L000422,CC(C)[C@@H](C(=O)NC(C)(C)C)N(C[C@@H]1CCCO1)C(=O)CNS(=O)(=O)c2ccc(cc2)OC
dude_tryb1__L000423,CCOC(=O)[C@@H]1C(=c2cc3c(cc2=[NH+]1)OCO3)NC(=O)C[NH+]4CCC(CC4)C(=O)N
dude_tryb1__L000424,c1ccc(c(c1)NS(=O)(=O)c2cccc(c2)C(=O)NNC(=O)c3ccc(o3)Br)Cl
dude_tryb1__L000425,CC1(CC(=O)C2([C@@H]3[C@H](C(=O)N(C3=O)N(C)c4c(cc(cn4)C(F)(F)F)Cl)ON2)C(=O)C1)C
dude_tryb1__L000426,Cc1c(c(=O)c2ccc(cc2o1)OC[C@@H]3[C@@H]([C@@H]([C@@H]([C@@H](O3)CO)O)O)O)c4ccc5c(c4)OCCO5
dude_tryb1__L000427,Cc2c(Cl)nc(NCC1CCNCC1)c(=O)n2CC(=O)Nc3cccc(CN)c3
dude_tryb1__L000428,Cc1c(c([nH]c1C(=O)NNC(=O)c2cccc(c2)S(=O)(=O)N(C)C)C)C(=O)OC
dude_tryb1__L000429,CC1CC[NH+](CC1)Cc2cs/c(=N\C(=O)CCNS(=O)(=O)c3ccc(cc3)NC(=O)C)/[nH]2
dude_tryb1__L000430,c1cc(ccc1N/N=C(\[C@H]2C(=O)[NH+]=c3ccc(cc3=[NH+]2)Cl)/[C@H]([C@@H](CO)O)O)S(=O)(=O)N
dude_tryb1__L000431,c1cc(oc1)c2cc(nn2[C@H]3CCS(=O)(=O)C3)C(=O)Nc4ccc5c(c4)NC(=O)CO5
dude_tryb1__L000432,CN(C)S(=O)(=O)c1ccc(c(c1)C(=O)N(C)Cc2[nH]c(=O)c3ccccc3n2)N4CCCC4
dude_tryb1__L000433,CCC[NH2+]C[C@@H](CNc1ccc(c2c1C(=O)c3ccccc3C2=O)NC[C@H](C[NH2+]CCC)O)O
dude_tryb1__L000434,CCCCC1CCC(CC1)C(=O)NCCn2c3c(cn2)c(nc(n3)SCC)NCC(C)C
dude_tryb1__L000435,C[C@H]([C@@H](c1ccc(cc1)Br)[NH+](CCO)C2CCCC2)[NH3+]
dude_tryb1__L000436,CN(Cc1[nH]c(=O)c2ccccc2n1)CC(=O)NCCN3C(=O)/C(=C/c4cccnc4)/SC3=O
dude_tryb1__L000437,Cc1cc2cc(c(=O)[nH]c2cc1C)CN(C[C@@H]3CCCO3)[C@H](c4nnnn4Cc5ccco5)C(C)C
dude_tryb1__L000438,CC(C)[C@@H](c1ccc2c(c1)OCCO2)NC(=O)Cn3cc(ccc3=O)S(=O)(=O)N(C)C
dude_tryb1__L000439,COc1ccc(cc1)N2CC[NH+](CC2)CCNC(=O)N[C@@H]3CC(=O)N(C3)c4ccc5c(c4)OCCO5
dude_tryb1__L000440,CC(C)[C@@H](c1nnc(o1)S(=O)(=O)Cc2ccccc2)NS(=O)(=O)Cc3ccccc3
dude_tryb1__L000441,Cc1cc(n2c(n1)nc(n2)SCC(=O)Nc3cc(ccc3OCCOC)C(F)(F)F)C
dude_tryb1__L000442,COc1cc(=O)n2c(c1C(=O)NCCCn3ccnc3)CCN(CC2)Cc4cccc5c4OCO5
dude_tryb1__L000443,CCOCCOc1ccccc1C(=O)NC(=S)NNC(=O)COc2cc(cc(c2)C)C
dude_tryb1__L000444,C[NH+](C)CCCC[NH2+]C[C@@H](COc1c(cccc1Cl)Cl)O
dude_tryb1__L000445,CC(C)(C(=O)N[C@@H](CC1=c2ccccc2=[NH+]C1)C(=O)N3CCC4(CC3)C[C@H](c5c4cccc5)O)[NH3+]
dude_tryb1__L000446,c1ccc(cc1)C[C@@H](CO)Nc2nc(c3c(n2)n(cn3)[C@@H]4C[C@@H]([C@H]([C@H]4O)O)n5ccccc5=O)N
dude_tryb1__L000447,c1cc(ccc1c2cnc(s2)c3ccc(cn3)/C(=N\O)/N)/C(=N/O)/N
dude_tryb1__L000448,COc1ccc(cc1)NC(=O)NC(=O)C[NH+]2CCC(CC2)NS(=O)(=O)C
dude_tryb1__L000449,CC(C)c1cc(on1)C[NH2+]Cc2cc(ccc2OC[C@@H](C[NH+]3CCC(CC3)O)O)OC
dude_tryb1__L000450,Cc1c(cn(n1)[C@H](C)C(=O)N[C@H]2[C@H]3N(C2=O)C(=C(CS3)COC(=O)C)C(=O)[O-])Br
dude_tryb1__L000451,C[C@@H](CCCC(C)C)NC(=O)COC(=O)[C@H](C)NS(=O)(=O)c1ccc(cc1)NC(=O)C
dude_tryb1__L000452,Cc1c(c(n(n1)Cc2ccc(o2)C(=O)NNC(=S)NCCCN3CCOCC3)C)[N+](=O)[O-]
dude_tryb1__L000453,CC[C@@H](C)N1[C@H]2NN[C@@H](N2c3ccsc3C1=O)CCCC(=O)NCCC4=c5ccccc5=[NH+]C4
dude_tryb1__L000454,C[NH+](C)[C@H](CNC(=O)C(=O)Nc1ccccc1SC)c2ccccc2Cl
dude_tryb1__L000455,C#CCNC(=O)CCNC(=O)CCCC[C@H]1[C@H]2[C@@H](CS1)NC(=O)N2
dude_tryb1__L000456,CCn1cc(c(n1)C)CCc2nnc(n2C(C)C)SCC(=O)NCC(=O)C(C)(C)C
dude_tryb1__L000457,C[C@]1(CC[C@@H]2C(=CC[C@H]3[C@]2(CCC[C@@]3(C)C(=O)N)C)C1)CCO[C@@H]4[C@H]([C@H]([C@@H]([C@H](O4)CO)O)O)O
dude_tryb1__L000458,C1CS(=O)(=O)C[C@@H]1NC(=O)N[C@H]2CS(=O)(=O)C[C@H]2NC(=O)N[C@H]3CCS(=O)(=O)C3
dude_tryb1__L000459,Cn1c(=O)c2cc(ccc2[nH]c1=O)S(=O)(=O)NC[C@@H](c3ccc(c(c3)OC)OC)[NH+]4CCCCC4
dude_tryb1__L000460,CCOc1cc(c(cc1NC(=O)CC(C)C)OCC)NC(=S)NCCCN2CCOCC2
dude_tryb1__L000461,Cc1ccc(o1)c2nnn(n2)CC(=O)N(Cc3ccccc3Cl)[C@@H](c4ccco4)C(=O)NC[C@@H]5CCCO5
dude_tryb1__L000462,C[C@H](c1nnc(o1)C(C)C)Sc2nc([nH]n2)N/N=C/c3cc(ccc3OC)Br
dude_tryb1__L000463,CCOC(=O)c1c(c2c(=O)[nH]c(nc2s1)C[NH+](Cc3ccco3)C[C@@H](COCC=C)O)C
dude_tryb1__L000464,COc1ccc(cc1)c2coc3cc(cc(c3c2=O)O)O[C@H]4[C@@H]([C@@H]([C@@H]([C@@H](O4)CO)O)O)O
dude_tryb1__L000465,CCN(CC)S(=O)(=O)c1ccc2c(c1)c(cc(n2)O)C(=O)NN3C(=O)C4(CCCCC4)NC3=O
dude_tryb1__L000466,CCOc1ccc(c(c1)OCC)c2c3c([nH]n2)OC(=C([C@@H]3c4ccc(c(c4)OCC)OCC)C#N)N
dude_tryb1__L000467,CCN(CC)S(=O)(=O)c1ccc(cc1)NC(=O)[C@H](C)n2c(nnc2SCC#N)N
dude_tryb1__L000468,CCC[NH+](CC(=O)Nc1c(ccs1)C(=O)N)[C@H](C)c2ccccc2Br
dude_tryb1__L000469,Cc1cc(n(n1)CC(=O)N[C@H]2[C@@H]3N(C2=O)C(=C(CS3)CSc4nnc(s4)C)C(=O)[O-])C
dude_tryb1__L000470,C[C@H](C(=O)NC(=O)NC)OC(=O)c1ccc(cc1)S(=O)(=O)NC[C@@H]2CCCO2
dude_tryb1__L000471,Cc1c(c(n(n1)[C@H]2CCS(=O)(=O)C2)Cl)/C=C/C(=O)OCC(=O)Nc3cc(ccc3C#N)Cl
dude_tryb1__L000472,c1ccc2c(c1)CC[NH+](C2)Cc3c(nnn3c4c(non4)N)C(=O)N/N=C/c5ccc(cc5)[N+](=O)[O-]
dude_tryb1__L000473,c1ccc(cc1)C[C@@H]2C[C@H]([N+]3=C2Nc4ccccc4C3)C(=O)N([O-])S(=O)(=O)Oc5ccccc5
dude_tryb1__L000474,Cc1ccc(cc1C)N2C[C@@H](CC2=O)C(=O)NCCn3c4c(cn3)c(ncn4)NCc5ccco5
dude_tryb1__L000475,CCCC(=O)Nc1ccc(cc1)S(=O)(=O)NC[C@H](c2ccco2)N3CCN(CC3)c4ccc(cc4)OC
dude_tryb1__L000476,C[C@H]1C(=c2cc(ccc2=[NH+]1)C#N)CCNC(=O)[C@H]3CN(CC34CC[NH2+]CC4)C(=O)[C@@H]5COc6ccccc6O5
dude_tryb1__L000477,COc1ccc(cc1OC)[C@H](CNC(=O)C(=O)NCCc2ccccc2F)S(=O)(=O)c3cccs3
dude_tryb1__L000478,CNC(=O)c1c2c(sc1NC(=O)c3ccc(cc3)S(=O)(=O)N4CCCC4)CN(CC2)C(=O)OC
dude_tryb1__L000479,CCOc1cc(ccc1OC[C@@H](C[NH+](Cc2ccc(cc2)C(C)C)[C@@H]3CCS(=O)(=O)C3)O)C=O
dude_tryb1__L000480,Cc1ccc(cc1)S(=O)(=O)N[C@H](C(C)C)C(=O)OCC(=O)Nc2c(c3c(s2)CCC3)C(=O)N
dude_tryb1__L000481,Cc1c(sc2c1n(cc(c2=O)C(=O)NCc3ccc(nc3)Cl)C)CN(C)C[C@H](c4ccccn4)O
dude_tryb1__L000482,CCOC(=O)CCNC(=O)[C@@H]1CN(CC12CC[NH2+]CC2)C(=O)c3cnc4c(c3Cl)c(nn4C)C
dude_tryb1__L000483,CCNC(=S)N[C@H]1C[C@](C[C@H]([C@@H]1O)O)(C(=O)N[C@@H](CCS(=O)(=O)C)C(=O)N)O
dude_tryb1__L000484,CC[C@@H](C)NC(=O)c1cc(cnc1N2CC[NH2+]CC2)NS(=O)(=O)c3cc(ccc3C)C
dude_tryb1__L000485,CC(C)CNC(=O)C(=O)NC[C@H](c1cccnc1)S(=O)(=O)c2ccc3c(c2)OCCO3
dude_tryb1__L000486,CN(C)C(=[NH2+])c1ccc(cc1)C(=O)Nc2ccc(cc2C(=O)Nc3ccc(cn3)Cl)SC
dude_tryb1__L000487,CCCCSc1nc2n(n1)[C@H](C(=C(N2)C)C(=O)Nc3cccc(c3C)C)c4ccc(c(c4)OC)OCCC
dude_tryb1__L000488,CCCC[NH+](C1CC1)[C@@H](c2ccccc2Br)[C@@H](C)[NH3+]
dude_tryb1__L000489,COc1ccc2cc(c(=O)[nH]c2c1)CN(C[C@@H]3COCCO3)S(=O)(=O)c4ccccc4
dude_tryb1__L000490,CCOc1ccc(cc1)C2=N[C@H]([NH2+][C@H](C2)c3cc(ccc3O)Cl)c4cccc(c4)F
dude_tryb1__L000491,COc1ccc(cc1)S(=O)(=O)[C@H](CNC(=O)c2cccc(c2OC)OC)c3ccco3
dude_tryb1__L000492,CS(=O)(=O)NC1CC[NH+](CC1)CC(=O)Nc2c(ccs2)C(=O)N
dude_tryb1__L000493,CCC[C@@H](C[NH+](CCN(C)C)Cc1c(nn(c1Oc2cccc(c2)C)c3ccccc3)C)O
dude_tryb1__L000494,Cc1c(c(n(n1)c2ccccc2)C)/C=C/C(=O)OCC(=O)c3c(n(c(=O)n(c3=O)C)CC(C)C)N
dude_tryb1__L000495,Cc1ccc(c(c1)[N+](=O)[O-])N[C@H]2[C@H]([C@@H]([C@@H]([C@@H](O2)CO)O)O)O
dude_tryb1__L000496,c1ccc(cc1)N([C@@H]2CS(=O)(=O)C=C2)C(=O)COC(=O)C[C@@H](c3ccc(cc3)Cl)NC(=O)N
dude_tryb1__L000497,Cc1cccn2c1nc(c(c2=O)/C=C\3/C(=O)N(C(=S)S3)CCCOC)NCCCN4CCOCC4
dude_tryb1__L000498,C[C@H]1CCC[NH+](C1)CCCNC(=O)NNC(=O)c2cc(c[nH]2)Br
dude_tryb1__L000499,Cc1c(non1)CN(C)Cc2ccc3c(c(sc3n2)C(=O)OC)NC(=O)c4ccsc4
dude_tryb1__L000500,CN(Cc1[nH]c(=O)c2c(n1)ccs2)C(=O)c3cc(ccc3Cl)S(=O)(=O)N4CCCC4
dude_tryb1__L000501,C[C@H]1C(=C(N=N1)C)CCC2=[NH+]C3=c4ccccc4=[NH+][C@H](N3N2)SCC(=O)N
dude_tryb1__L000502,CC(=O)c1ccc(c(c1)OC)OC[C@H](CSc2nnnn2c3ccc(cc3)Cl)O
dude_tryb1__L000503,CCOc1ccc(cc1)[C@H](CCC(=O)N/N=C\c2ccc(c(c2)CC=C)OCc3ccc(cc3)F)O
dude_tryb1__L000504,Cc1cc(c2cc(c([nH+]c2c1)NCCCNC(=O)Nc3ccc(cc3)SC)C#N)C
dude_tryb1__L000505,c1cc(cc(c1)C(F)(F)F)c2ccc(o2)/C=C/3\C(=O)N(C(=S)S3)NC(=O)CCN4CCOCC4
dude_tryb1__L000506,CCc1ccccc1N([C@H](c2ccc(cc2)F)C(=O)NC[C@H]3CCCO3)C(=O)c4c(c(ns4)C(=O)N)N
dude_tryb1__L000507,Cc1ccccc1N2C[C@@H](CC2=O)c3nnc(s3)NC(=O)[C@@H]4CC(=O)N(C4)c5ccc(cc5)F
dude_tryb1__L000508,CC[NH+](CC)CCNC(=O)c1ccc2c(c1)[C@@H]3C=CC[C@H]3[C@@H](N2)c4c[nH]c5c4cccc5
dude_tryb1__L000509,CC(C)[C@@H](C(=O)Nc1ccc2c(c1)n(c(=O)o2)CC[NH+](C)C)NS(=O)(=O)c3ccc(cc3)OC
dude_tryb1__L000510,CCS(=O)(=O)c1ccc(c(c1)NC(=O)C[C@](c2nccn2C)(C(F)(F)F)O)O
dude_tryb1__L000511,c1ccc2=[NH+]CC(=c2c1)C[C@H](C(=O)NC[C@@H]3NN=C4N3C=CC=C4)NC(=O)c5cccs5
dude_tryb1__L000512,Cc1c(c(n(n1)CC(=O)NC(C)(C)C)C)S(=O)(=O)N2CCC[C@@H](C2)C(=O)N3CCc4ccccc4C3
dude_tryb1__L000513,C[C@@H](C(=O)N/N=C/c1ccc(c(c1)[N+](=O)[O-])O)Nc2c(=O)[nH]c(=O)[nH]n2
dude_tryb1__L000514,CC[NH+](CC)CCC[C@H](C)Nc1c2ccc(cc2[nH+]c3c1cc(cc3)O)Cl
dude_tryb1__L000515,CC(C)Oc1c(cc(cc1OC)Br)C[NH2+]CCNC(=O)c2c(non2)N
dude_tryb1__L000516,Cc1ccccc1CN([C@@H](C)C(=O)Nc2ccc3c(c2)OCO3)C(=O)Cn4c5ccccc5nn4
dude_tryb1__L000517,COc1ccc(cc1)[C@@H]2C[C@@H](ON2)CNC(=O)N[C@@H](CC3=c4ccccc4=[NH+]C3)C(=O)[O-]
dude_tryb1__L000518,CC(C)NC(=O)COc1ccc(cc1)/C=N/NC(=O)CN(c2ccc(c(c2)OC)OC)S(=O)(=O)C
dude_tryb1__L000519,C[C@H](C[NH2+]CC[NH2+]Cc1ccccc1OCc2ccc(cc2)F)O
dude_tryb1__L000520,Cc1cc(cc(c1C(=O)O[C@H]2[C@H](O[C@@H]([C@@H]([C@@H]2O)O)OC3[C@H]([C@H](C([C@H]([C@H]3O)O)O)O)O)CO)OC)O
dude_tryb1__L000521,Cc1ccc(cc1Cl)NC(=O)NCc2c3c(sc2n4cccc4)C[NH+](CC3)C
dude_tryb1__L000522,C[C@H]([C@@]1([C@@H]2[C@@H]([C@@H]([NH2+]1)c3cccc(c3)OC(F)(F)F)C(=O)N(C2=O)c4cccc(c4)[N+](=O)[O-])C(=O)[O-])O
dude_tryb1__L000523,Cc1cccn2c1nc(c2C(=O)C3=C(C(=O)N([C@@H]3c4ccc(cc4)F)CCCn5cc[nH+]c5)[O-])C
dude_tryb1__L000524,CCCCn1c(c(c(=O)[nH]c1=O)N(Cc2ccccc2)C(=O)C[NH+](C)CCOc3ccccc3C)N
dude_tryb1__L000525,CC(C)NC(=O)CN1CCN(CC1)C(=O)CS[C@H]2NN=C(N2C3CC3)C4=c5ccccc5=[NH+]C4
dude_tryb1__L000526,CCOC(=O)C1=C(Oc2c(=O)cc(oc2[C@H]1c3cc4c(c(c3)OC)OCO4)CO)N
dude_tryb1__L000527,COc1cc(=O)n2c(c1C(=O)NCc3cccs3)CCN(CC2)C(=O)[C@@H]4CC(=O)N(C4)CC=C
dude_tryb1__L000528,Cc1cc(c(c(c1)C)S(=O)(=O)N2CCOC23CCN(CC3)C(=O)C(=O)NCCCO)C
dude_tryb1__L000529,Cc1c2c(=O)[nH]c(nc2sc1C(=O)OC(C)C)C[NH+](C[C@@H](COCc3ccco3)O)C(C)C
dude_tryb1__L000530,Cc1nnc(n1c2ccc(cc2)OC)SCC(=O)Nc3cnn(c3)C(C)C
dude_tryb1__L000531,Cc1ccc(c(c1)C)c2csc3c2c(=O)[nH]c(n3)C[NH+](CCOC)C[C@@H](COCC=C)O
dude_tryb1__L000532,Cn1c2c(c(=O)n(c1=O)C)nc([nH]2)[C@@H]([C@@H]([C@@H]([C@@H](CO)O)O)O)O
dude_tryb1__L000533,c1cc(c(cc1/C=C/C(=O)OC[C@H]2[C@H]([C@H]([C@@H]([C@@H](O2)OC[C@@H]([C@H]([C@H](CO)O)O)O)O)O)O)O)O
dude_tryb1__L000534,Cc1cc(cc2c1[C@H](C[C@@]3(O2)CC([NH+]=C(N3)SC)(C)C)c4ccc(cc4)OC)O
dude_tryb1__L000535,c1ccc(c(c1)OCC(=O)NNC(=O)c2ccc(cc2)[N-]S(=O)(=O)c3cccc(c3)[N+](=O)[O-])F
dude_tryb1__L000536,Cc1ccc(c(c1)S(=O)(=O)[C@H](CNC(=O)C(=O)N[C@H]2CCS(=O)(=O)C2)c3cccnc3)C
dude_tryb1__L000537,CCCCCC(=O)N(CCC)[C@@H](c1cccc(c1)O)C(=O)NCS(=O)(=O)c2ccc(cc2)C
dude_tryb1__L000538,Cc1cc2c(cc1C)OC3(CC[NH+](CC3)C[C@@H](c4ccc5ccccc5c4)O)C[C@@H]2O
dude_tryb1__L000539,CSC1=C[C@@H]2C[C@H]3CO[P@@](=O)(N[NH+]3C[C@@H]2C=C1F)c4ccccc4O
dude_tryb1__L000540,CC[C@H](c1c2c(sc1n3cccc3)C[NH+](CC2)C)NC(=O)Nc4ccc(c(c4)C)C
dude_tryb1__L000541,COC(=O)c1cc(cc(c1NC(=O)[C@@H](CC(=O)N)[NH3+])Br)Br
dude_tryb1__L000542,Cc1ccc(cc1)S(=O)(=O)CNC(=O)[C@H](c2ccc(cc2)N(C)C)N(Cc3ccco3)C(=O)CC(C)C
dude_tryb1__L000543,CCn1c2ccc(cc2nc1Cn3nc(nn3)c4ccc(cc4)C(=O)N)S(=O)(=O)N5CCOCC5
dude_tryb1__L000544,COC(=O)[C@@H]1Cc2c3ccccc3[nH]c2[C@H]4N1[C@@H](C[C@H](C4)[NH2+]CCO)c5ccc(cc5)OC(F)(F)F
dude_tryb1__L000545,Cc1c2c(=O)n(c(=O)n(c2sc1C(=O)NN)CC(=C)C)CC(=O)N
dude_tryb1__L000546,CC[C@@H](C)CC(=O)N1C[C@@H](C2(C1)CC[NH2+]CC2)C(=O)NCc3cc(cc(c3)F)C(F)(F)F
dude_tryb1__L000547,c1cc(c(c(c1)Cl)C[NH+]2CCNC(=O)[C@H]2CC(=O)NCC[NH+]3CCOCC3)F
dude_tryb1__L000548,CCOc1cc(ccc1O)/C=N/Nc2nnc(n2N)SCC(=O)Nc3ccc(cc3C)C
dude_tryb1__L000549,C[C@]1([C@@H]([C@H](O[C@H]1n2cnc3c2ncnc3N)CO[P@@]4(=O)OCC[C@H](O4)c5ccncc5)O)O
dude_tryb1__L000550,CC(=O)N/C(=C\c1cccc(c1)[N+](=O)[O-])/C(=O)N2CCNC(=O)[C@H]2CC(=O)OC[C@@H]3CCCO3
dude_tryb1__L000551,CCCCCC[NH+]1CCC2(CC1)C(=O)N(C(=O)N2)C[C@H](CC)[NH3+]
dude_tryb1__L000552,Cn1c(c(c(=O)n(c1=O)C)C(=O)COC(=O)CSc2ccc(cc2[N+](=O)[O-])C(=O)N)N
dude_tryb1__L000553,CCCN([C@H](c1ccc(cc1)C)C(=O)NCS(=O)(=O)c2ccc(cc2)C)C(=O)[C@@H]3CCC(=O)N3
dude_tryb1__L000554,CCOC(=O)c1c2c(sc1NC(=O)c3ccc4c(c3)scn4)C([NH2+]C(C2)(C)C)(C)C
dude_tryb1__L000555,Cc1ccc(cc1)S(=O)(=O)[C@H](CNC(=O)C(=O)NCc2ccco2)c3ccc(cc3)N(C)C
dude_tryb1__L000556,CCn1c2ccc(cc2nc1CCC(=O)Nc3ccccc3C(=O)NC)S(=O)(=O)N4CCOCC4
dude_tryb1__L000557,Cc1cc(sc1c2c(cc(s2)C[C@@H](CO)[NH3+])C)C[C@H](CO)[NH3+]
dude_tryb1__L000558,CC(=O)N1CCc2c(sc(c2C(=O)OC)NC(=O)CCCS(=O)(=O)c3ccc(cc3)Cl)C1
dude_tryb1__L000559,CCn1c(nnc1SCC(=O)Nc2cc(ccc2n3cncn3)Cl)c4cccs4
dude_tryb1__L000560,COc1ccc(c(c1)C[NH2+]CC=C)OC[C@@H](C[NH+]2CCC(CC2)O)O
dude_tryb1__L000561,CC(C)(C[NH2+]Cc1ccc(cc1OC[C@H](C[NH+]2CCCCCCC2)O)OC)CO
dude_tryb1__L000562,Cc1c(c(=O)n(n1C)c2ccccc2)[C@H]3/C(=N/C[C@@H](c4ccccc4Cl)O)/C(=O)C3=O
dude_tryb1__L000563,CCOC(=O)C1=C(NC(=O)N[C@H]1c2ccc(cc2)OC)C[NH+](C)[C@@H](C)c3ccc(cc3)n4cncn4
dude_tryb1__L000564,c1cc(ccc1N2C(=O)CCC2=O)S(=O)(=O)N[C@H]3CCS(=O)(=O)C3
dude_tryb1__L000565,C[C@@H](C(=O)Nc1c(c2c(s1)CCC2)C(=O)N)[NH+](C)Cc3[nH]c(=O)c4ccccc4n3
dude_tryb1__L000566,CCc1c(nc([nH]c1=O)n2c(cc(n2)c3cccs3)NC(=O)c4ccc(cc4)S(=O)(=O)N(C)C)C
dude_tryb1__L000567,CC(=O)N[C@@H]1[C@H]([C@@H]([C@H](O[C@H]1OCc2cccc(c2)Br)COC(=O)C)OC(=O)C)OC(=O)C
dude_tryb1__L000568,CC[C@@H](C)[NH+](CC(=O)NC(=O)NC1CC1)CC(=O)NC(=O)NC2CC2
dude_tryb1__L000569,CCOC(=O)c1c(nc(s1)NC(=O)CSc2c3c(n(c(=O)n2)CCCN4CCOCC4)CCC3)C
dude_tryb1__L000570,Cc1c(c(n2c(n1)nc(n2)C(F)(F)F)C)CCC(=O)O[C@@H](C)C(=O)NC(C)C
dude_tryb1__L000571,Cc1ccc(cc1C)n2c(nnn2)SCC(=O)NCCCn3c(cc(n3)C)C
dude_tryb1__L000572,CC(C)CN([C@H]1CCS(=O)(=O)C1)C(=O)CN2C(=O)[C@@]3(CCCc4c3ccs4)NC2=O
dude_tryb1__L000573,CC(=O)O[C@@H]1[C@@H]2[C@@H](CO[C@H](N2OC(=O)C)c3c(cccc3Cl)F)O[C@H]1n4ccc(=O)[nH]c4=O
dude_tryb1__L000574,CCCC[NH+](C)[C@@H](C[NH3+])c1ccc(cc1)Oc2cc(ccc2C)C
dude_tryb1__L000575,c1ccc2=[NH+]CC(=c2c1)CCNC(=O)[C@@H]3N[C@@H](NO3)CC4=c5ccccc5=[NH+]C4
dude_tryb1__L000576,COCCOC(=O)C1=C(Nc2ccccc2[C@@]13C(=C(OC3=O)CC(=O)OC)C(=O)OC)N
dude_tryb1__L000577,CN(C)S(=O)(=O)c1ccc(c(c1)C(=O)N[C@@H]2CCSc3c2cc(cc3)F)N4CCOCC4
dude_tryb1__L000578,OC(=O)[C@@H]2[C@@H](CC1CCNCC1)C(=O)N2C(=O)N5CCN(C(=O)c4cc3ccccc3o4)CC5
dude_tryb1__L000579,CC(C)S(=O)(=O)n1c2c(c3c(c1=O)cc(cn3)S(=O)(=O)Oc4ccccc4)N[C@@H](CC2=O)OC
dude_tryb1__L000580,Cc1ccc(cc1)c2nnn(n2)CC(=O)N(c3ccc(cc3)OC)[C@@H](c4ccncc4)C(=O)NC(C)(C)C
dude_tryb1__L000581,CCN(CC)C(=O)c1c(c(c(s1)NC(=S)N2CCN(CC2)C(=O)[C@@H]3CCCO3)C(=O)OC)C
dude_tryb1__L000582,C[C@H](c1cccc(c1)S(=O)(=O)N)NC(=C2C(=O)NC(=S)NC2=O)C
dude_tryb1__L000583,CCOCCCNC(=S)N(CCN1CCOCC1)Cc2cc3cc(c(cc3[nH]c2=O)C)C
dude_tryb1__L000584,Cc1c(cccc1Cl)NC(=O)CNC(=O)COC(=O)/C=C/c2ccc(c(c2)OC)OCC(C)C
dude_tryb1__L000585,CC(C)C(=O)N[C@@H]1Nc2cc(ccc2S1)NC(=O)[C@@H]3C=c4cc(ccc4=[NH+]3)Cl
dude_tryb1__L000586,CC(=CC[C@H](/C(=C/CO[C@H]1[C@@H]([C@H]([C@@H]([C@H](O1)CO)O)O)O)/C)O)C
dude_tryb1__L000587,C[C@@H]([C@H](C(=O)OCC(=O)N(C)Cc1cccs1)NS(=O)(=O)c2ccc(c(c2)Cl)Cl)O
dude_tryb1__L000588,COc1ccc2c(c1)sc(n2)Nc3c(c(ncn3)N4CCN(CC4)c5cccc[nH+]5)N
dude_tryb1__L000589,CC(=O)N1C[C@H](O)C[C@H]1C(=O)NC(CCCN=C(N)N)C(=O)c2nccs2
dude_tryb1__L000590,c1ccc2c(c1)C[C@H]3C(=O)N(C(=O)N3C2)CCC(=O)N[C@H](CC4=c5ccccc5=[NH+]C4)C(=O)[O-]
dude_tryb1__L000591,Cc1c(c(c(cn1)CO[C@H]2[C@@H]([C@H]([C@H]([C@H](O2)CO)O)O)O)C=O)O
dude_tryb1__L000592,CCS(=O)(=O)c1ncc(c(n1)C(=O)Nc2ccc(cc2)S(=O)(=O)N3C[C@@H](O[C@H](C3)C)C)Cl
dude_tryb1__L000593,CN1C(=O)/C(=C/c2cc(c(c(c2)I)O)OC)/N(C1=S)CC(=O)OC
dude_tryb1__L000594,Cc1ccc(cc1)C(=O)C2=C(C(=O)N([C@@H]2c3ccc(cc3)C(C)(C)C)CC[NH2+]CCO)O
dude_tryb1__L000595,Cc1csc(n1)NC(=O)[C@H](C(C)C)NC(=O)c2cccc(c2)S(=O)(=O)N3CCOCC3
dude_tryb1__L000596,CC(C)CC[NH2+]Cc1cccc(c1)OC[C@H](C[NH+]2CCc3ccccc3C2)O
dude_tryb1__L000597,Cc1c(c(n(n1)CCO)C)C[NH2+]C[C@@H](C[NH+]2CCC(CC2)C)O
dude_tryb1__L000598,Cc1ccc(cc1)S(=O)(=O)CNC(=O)[C@H](c2ccc(c(c2)OC)OC)N(C(=O)C(=C)C)C(C)(C)C
dude_tryb1__L000599,COCCn1c(c(c(=O)[nH]c1=O)C(=O)CSc2nnc(n2C3CC3)c4ccccc4F)N
dude_tryb1__L000600,Cc1cccc(c1)Oc2c(c(nn2c3ccccc3)C)C[NH+](CCN(C)C)C[C@@H](CCC=C)O
dude_tryb1__L000601,COc1cc(=O)n2c(c1C(=O)NCc3cccs3)CCN(CC2)C(=O)[C@H]4CC(=O)N(C4)CC=C
dude_tryb1__L000602,CC(C)C(=O)N(Cc1cccc(c1)OS(=O)(=O)c2ccc(cc2)NC(=O)C)Cc3ccco3
dude_tryb1__L000603,Cc1c(c(n[nH]1)O)[C@@H](c2cc(c(c(c2)Br)OCc3ccccc3)OC)c4c(n[nH]c4O)C
dude_tryb1__L000604,Cc1cccc(c1)[C@H](CC(=O)NC[C@@H](c2cccc(c2)OC)[NH+](C)C)NC(=O)N
dude_tryb1__L000605,CN1[C@@H]2[C@H](C(=O)N(C1=O)C)N(C=N2)CC(=O)/N=c/3\[nH]c4ccc(cc4s3)S(=O)(=O)C
dude_tryb1__L000606,c1cn(nc1/N=C(/N)\NCC(F)(F)F)CCCCC(=O)N
dude_tryb1__L000607,c1ccc2=[NH+][C@H](C=c2c1)CN3CCC[C@@H](C3)N4C=C(NN4)C(=O)NCCO
dude_tryb1__L000608,C[C@H](c1ccc(cc1Cl)C[NH2+]C)Oc2cc(sc2C(=O)N)c3cnc4n3cccc4
dude_tryb1__L000609,Cc1ccccc1n2c(nnc2SCc3nc(cs3)C(=O)NCCN4CCOCC4)c5cccnc5
dude_tryb1__L000610,Cc1c(sc2c1c(=O)[nH]c(n2)CS[C@H](C)C(=O)OCC(=O)c3ccc4c(c3)NC(=O)CO4)C
dude_tryb1__L000611,CCOC(=O)c1c2cc(c(cc2n(c1CSC(=[NH2+])N)c3ccc(cc3)OC)Br)OC(=O)C
dude_tryb1__L000612,CCNc1c(cc(c(n1)c2ccoc2)c3cnc4c(n3)c(n[nH]4)C)OC[C@H](Cc5ccccc5)[NH3+]
dude_tryb1__L000613,c1c([nH]c[nH+]1)C[C@@H](C(=O)[O-])NC(=O)NC[C@H]2COCCO2
dude_tryb1__L000614,Cc1c(c(n(n1)c2ccccc2)C)CN(C)C(=O)c3cc(c[nH]3)S(=O)(=O)N4CCOCC4
dude_tryb1__L000615,Cc1cc(c2c(c1)cc(c(=O)[nH]2)CN(CCCO)C(=S)NCCc3ccc(c(c3)OC)OC)C
dude_tryb1__L000616,C[C@@H](C(=O)NNC(=O)c1c2ccccc2c(=O)[nH]n1)NS(=O)(=O)c3ccccc3F
dude_tryb1__L000617,Cc1c(c(n(n1)[C@H]2CCS(=O)(=O)C2)Cl)/C=C/C(=O)OCc3[nH]c4cc(ccc4c(=O)n3)C(=O)OC
dude_tryb1__L000618,Cc1ccc(cc1)Cc2cnc(s2)NC(=O)CCCn3cnc4c3c(=O)n(c(=O)n4C)C
dude_tryb1__L000619,Cc1cc(no1)NC(=O)CN2CCN(CC2)C(=O)Cc3c(nc4nc(nn4c3C)C(F)(F)F)C
dude_tryb1__L000620,CCOC(=O)[C@@H]1C(=C2C(=NC(=NC2=O)[C@@H](C)OC(=O)c3ccc4c(c3)sc(n4)N)S1)C
dude_tryb1__L000621,C[C@H](C(=O)Nc1ccnn1C(C)C)OC(=O)c2cc(ccc2Cl)S(=O)(=O)C
dude_tryb1__L000622,CC(C)(C[C@H]1c2c(c3ccc(cc3[nH]2)OC)[C@H]([C@@]4(N1C(=O)[C@@H]5CCCN5C4=O)O)O)O
dude_tryb1__L000623,Cn1cccc1C(=O)NC(=O)COC(=O)C[C@H](c2ccccc2)NC(=O)c3ccccc3Cl
dude_tryb1__L000624,CC(C)NC(=O)C(=O)NNC1=C(CCC1)C(=O)C(F)(F)F
dude_tryb1__L000625,CC1(CC(CC([NH2+]1)(C)C)NC(=O)CSc2nc([nH]n2)N/N=C/c3cccc(c3)Br)C
dude_tryb1__L000626,COc1cc(cc(c1OC)OC)C(=O)Nc2nnc(s2)SCC(=O)Nc3nccs3
dude_tryb1__L000627,Cc1ccnc2n1nc(n2)C(=O)Nc3cc(c(cc3C(=O)N)OC)OC
dude_tryb1__L000628,c1ccc(c(c1)c2nnc(n2N)SCC(=O)N([C@@H]3CCS(=O)(=O)C3)C4CC4)Br
dude_tryb1__L000629,CC[C@H](C)[C@@H](C(=O)N[C@@H](C(C)C)C(=O)N[C@@H]([C@@H](C)CC)C(=O)NCC(=O)N)NC(=O)[C@H](C(C)C)[NH3+]
dude_tryb1__L000630,C[C@@H](C(=O)NNC(=O)C1CCC1)Sc2nc([nH]n2)N/N=C/c3cnn(c3)CCOC
dude_tryb1__L000631,c1cc(ccc1NC(=S)NNS(=O)(=O)c2ccc(cc2)Br)S(=O)(=O)N
dude_tryb1__L000632,CC(C)NC(=O)C(=O)NNC(=O)c1cc(ccc1F)S(=O)(=O)NC(C)C
dude_tryb1__L000633,CC(C)c1ccc(cc1)C2=N[C@@H]3[C@@H]([C@@H]2[C@@H]4C(=NC(=O)NC4=O)N)C(=O)NC(=O)N3
dude_tryb1__L000634,COc1cc(ccc1O)[C@@H]([C@H]2[C@@H](CNC2=O)c3ccc(cc3)O)O[C@H]4[C@@H]([C@H]([C@@H]([C@H](O4)CO)O)O)O
dude_tryb1__L000635,c1cc(ccc1Nc2nc(nc(n2)N)CSc3nnc(n3N)C(F)(F)F)F
dude_tryb1__L000636,Cc1ccc(cc1)C(=O)N(CCOC)CC(=O)Nc2nc(cs2)CC(=O)NCc3ccco3
dude_tryb1__L000637,CCCCCCOc1ccc(cc1C(=O)NC(=S)Nc2ccc(cc2O)[N+](=O)[O-])Br
dude_tryb1__L000638,c1cc(ccc1CO[C@@H]2[C@@H]([C@@H]([C@@H]([C@@H](O2)CO)O[C@@H]3[C@@H]([C@@H]([C@@H]([C@@H](O3)CO)O)O)O)O)O)NC(=S)N
dude_tryb1__L000639,CC(C)Cn1c(c(c(=O)n(c1=O)C)C(=O)COC(=O)c2ccccc2CSC3=NCCS3)N
dude_tryb1__L000640,Cc1ccc(cc1C)OC[C@H](CNc2c(c3c(s2)C[C@H](CC3)C)C(=O)N[C@@H]4CCS(=O)(=O)C4)O
dude_tryb1__L000641,c1cc2c(cc1S(=O)(=O)N3CCOCC3)n(nn2)OCC(=O)N[C@@H]4CCS(=O)(=O)C4
dude_tryb1__L000642,CC(C)S(=O)(=O)c1cc2c(cc1S(=O)(=O)c3ccccc3)[C@H]4CO[P@](=O)(NN4CC2)OC
dude_tryb1__L000643,CC(C)[C@@H](C(=O)N[C@@H](C(C)C)C(=O)Nc1ccc(cc1)S(=O)(=O)N)[NH3+]
dude_tryb1__L000644,CCCC[NH2+]Cc1ccc(c(c1)OC)OC[C@@H](C[NH+]2CCSCC2)O
dude_tryb1__L000645,c1cc(c(cc1[N+](=O)[O-])Cl)O[C@@H]2[C@@H]([C@@H]([C@@H]([C@@H](O2)CO)O[C@H]3[C@@H]([C@@H]([C@@H]([C@@H](O3)CO)O)O)O)O)O
dude_tryb1__L000646,CCC(C)(C)NC(=O)CN(c1ccc(c(c1)OC)OC)C(=O)c2c(c(ns2)C(=O)N)N
dude_tryb1__L000647,CCCCOC[C@@H](C[NH+](CCOC)Cc1c(nn(c1Oc2cccc(c2)C)C)c3ccccc3)O
dude_tryb1__L000648,[H]/N=C\1/C(=C/c2cc(c(c(c2)Cl)OS(=O)(=O)C)OCC)/C(=O)N=C3N1N=CS3
dude_tryb1__L000649,NCc5cccc(C4CCN(C(=O)c2cn(CC1CC1)c3ccccc23)CC4)c5
dude_tryb1__L000650,C[NH+]1CCN(CC1)Nc2c(c(nc[nH+]2)N3CCN(CC3)c4ccccc4F)N
dude_tryb1__L000651,COc1cc(ccc1O)[C@@H]2[C@@H](Oc3ccc(cc3O2)[C@H]4[C@@H](C(=O)c5c(cc(cc5O4)O)O)O)CO
dude_tryb1__L000652,c1cc(cnc1)[C@H](CNS(=O)(=O)[C@H]2CS(=O)(=O)C[C@@H]2O)S(=O)(=O)c3ccc(cc3)Cl
dude_tryb1__L000653,CC(=O)Nc1cccc\2c1C=CC(=O)/C2=N/Nc3cc(ccc3O)S(=O)(=O)N
dude_tryb1__L000654,CCCOCCOC(=O)C1=C(NC2=C([C@@H]1c3ccc(o3)C)C(=O)[C@@H]([C@H](C2)C)C(=O)OC)C
dude_tryb1__L000655,C1CCc2nnc(n2CC1)CNC(=O)CCSCC3=NC(=O)C4=C5CCC[C@@H]5SC4=N3
dude_tryb1__L000656,CN1[C@@H]([C@H](c2cc(c(cc2C1=O)OC)OC)C(=O)Nc3cc(c(c(c3)OC)OC)OC)c4cccnc4
dude_tryb1__L000657,CCOC(=O)C1=C(NC(=O)N[C@@H]1c2ccc(o2)C)COC(=O)CCc3ncc(o3)c4ccc(cc4)C
dude_tryb1__L000658,c1ccc2c(c1)c(c[nH]2)c3nnc(n3C[C@H]4CCCO4)SCC(=O)N[C@H]5CCS(=O)(=O)C5
dude_tryb1__L000659,C1CS(=O)(=O)C[C@H]1NC(=S)OCCCCOC(=S)N[C@H]2CCS(=O)(=O)C2
dude_tryb1__L000660,c1ccc2c(c1)N(C[C@@H](O2)C(=O)N)C(=O)CCC3=c4cc(ccc4=[NH+][C@@H]3c5ccc(cc5)F)F
dude_tryb1__L000661,CN/C(=N\c1ccc(nc1)c2ccc(cc2)c3ccc(cn3)N/C(=[NH+]/C)/N)/N
dude_tryb1__L000662,c1ccc(cc1)n2c(nnc2SCC(=O)NCc3ccco3)Cc4cc(=O)[nH]c(=O)[nH]4
dude_tryb1__L000663,CCOC(=O)c1c(c(sc1NC(=O)COC(=O)c2c(nc(s2)C)C)C(=O)NC)C
dude_tryb1__L000664,c1c(c(=O)[nH]c(=O)n1[C@@H]2[C@H]([C@@H]([C@H](O2)CO)O)O)I
dude_tryb1__L000665,C[C@@H](c1ccc(cc1)S(=O)(=O)C)NC(=O)CN(c2cccc(c2)[N+](=O)[O-])S(=O)(=O)c3ccccc3
dude_tryb1__L000666,Cc1ccc(o1)CN([C@H](c2ccc(c(c2)OC)O)C(=O)NC(C)(C)CC(C)(C)C)C(=O)c3ccc(cc3)O
dude_tryb1__L000667,Cc1c(c(n(n1)c2ccccc2)Oc3ccccc3F)C[NH+](CC4CC4)C[C@H](COCC=C)O
dude_tryb1__L000668,CCNC(=O)NC(=O)[C@@H](C)Sc1nnc(s1)S[C@@H](C)C(=O)NC(=O)NCC
dude_tryb1__L000669,Cc1c(c(n(n1)[C@H](C)C(=O)N[C@@H]2CCS(=O)(=O)C2)C)S(=O)(=O)N(C)Cc3ccco3
dude_tryb1__L000670,c1c(nc(s1)N2CCOCC2)C(=O)NNC(=O)C3=NN(C(=O)CC3)[C@@H]4CCS(=O)(=O)C4
dude_tryb1__L000671,Cc1ccc(cc1N2CCCC2=O)NC(=O)C(=O)NC[C@H](c3ccc4c(c3)CCCN4C)N5CC[NH+](CC5)C
dude_tryb1__L000672,Cc1cc(c(n1[C@H](C)COC)C)C(=O)COC(=O)c2cc(ccc2NCCO)S(=O)(=O)N(C)C
dude_tryb1__L000673,CCC(CC)C[NH+](CC)CCCC[C@](C)(C(=O)N)[NH2+]C
dude_tryb1__L000674,c1ccc(cc1)c2c(c(n(n2)C(=S)N)O)[C@@H](c3ccc(cc3)Br)[C@H](C#N)C(=O)N
dude_tryb1__L000675,c1ccc2=[NH+]C([NH+]=c2c1)SC[C@@H]3N[NH2+]NN3c4ccc(cc4)Br
dude_tryb1__L000676,NCCCC[C@H](NC(=O)OCc1ccccc1)C(=O)c4noc(Cc3ccc(C(=O)NCCc2cccs2)cc3)n4
dude_tryb1__L000677,C1[NH+](CN2C3N1C(=O)N4C3N(C2=O)C[NH+](C4)CCC(=O)[O-])CCC(=O)[O-]
dude_tryb1__L000678,c1cc(sc1)S(=O)(=O)[C@@H](CNS(=O)(=O)[C@@H]2CCS(=O)(=O)C2)c3ccc(cc3)Cl
dude_tryb1__L000679,CN1C(=O)[C@]2(Cc3cc(c(cc3N4[C@@H]2COCC4)N5CCOCC5)[N+](=O)[O-])C(=O)NC1=O
dude_tryb1__L000680,CC[C@H](c1ccc(cc1)S(=O)(=O)C)NC(=O)CN(c2ccccc2F)S(=O)(=O)c3cccs3
dude_tryb1__L000681,CC(=O)c1cccc(c1)S(=O)(=O)N(CCCO)Cc2cc3cc4c(cc3[nH]c2=O)OCCO4
dude_tryb1__L000682,CCOc1cc(ccc1OC[C@@H](C[NH+](Cc2ccc(cc2)C(C)C)Cc3ccco3)O)C=O
dude_tryb1__L000683,C[C@@H]1c2ccc(cc2OC(=O)[C@H]1CC(=O)N[C@@H](CC3=c4ccccc4=[NH+]C3)C(=O)[O-])OC
dude_tryb1__L000684,C[NH+](C)CCNC(=O)[C@@]1(C[C@H]([C@H]([C@@H](C1)OCc2ccc(cc2)C(F)(F)F)O)O)OCc3cccc(c3)F
dude_tryb1__L000685,CCN(CC)c1ccc(cc1)NS(=O)(=O)c2ccc(cc2)N3C(=O)[C@H](CS3(=O)=O)C
dude_tryb1__L000686,Cc1c(c(=O)[nH]c(=O)[nH]1)S(=O)(=O)N2CCC[C@H](C2)C(=O)N3CCN(CC3)c4ccc(cc4)F
dude_tryb1__L000687,CCN(CC)C(=O)COc1cccc(c1)NC(=O)c2cccnc2SCc3cc(on3)C
dude_tryb1__L000688,COc1cccc(c1)/C=N/Nc2[nH]nc(n2)SCC(=O)Nc3ccccc3SCC=C
dude_tryb1__L000689,C[C@H](CCCC(C)(C)O)NC(=O)[C@H]1CN(CC12CC[NH2+]CC2)C(=O)c3c(ccc(c3F)Cl)F
dude_tryb1__L000690,CCCC[C@H](CC)C(=O)N(c1ccccc1)[C@H](c2c(cc(cc2O)O)O)C(=O)NC(C)(C)CC(C)(C)C
dude_tryb1__L000691,COc1ccc2c(c1)[nH]c(c2NC(=O)CN3CCC(CC3)(C(=O)N)[NH+]4CCCCC4)C(=O)OC
dude_tryb1__L000692,Cc1c(oc(=O)o1)C[NH+]2CCN(CC2)c3cc4c(cc3F)c(=O)c(c5n4[C@H](S5)C)C(=O)[O-]
dude_tryb1__L000693,CCCC[C@H](CC)Cn1c2ccc(cc2c3c1ccc(c3)C[C@@H](CO)[NH3+])C[C@@H](CO)[NH3+]
dude_tryb1__L000694,Cc1ccc(cc1)NC(=O)CCCC[C@H](C)[NH2+]C[C@H](c2ccc(c(c2)O)O)O
dude_tryb1__L000695,CC(C)[C@@H](C(=O)NCc1ccco1)N(Cc2cccs2)C(=O)CNS(=O)(=O)c3ccccc3
dude_tryb1__L000696,CC(C)c1ccc(cc1)S(=O)(=O)[C@H](CNC(=O)C(=O)N(C)[C@@H]2CCS(=O)(=O)C2)c3cccs3
dude_tryb1__L000697,COc1ccc(cc1OCC[NH2+]C[C@@H](COc2cccc3c2c4ccccc4[nH]3)O)O
dude_tryb1__L000698,CC[C@@H]([C@H](c1cc(cs1)Br)[NH+](C)CC(=O)N)[NH3+]
dude_tryb1__L000699,C[C@H](/C=C/[C@@]1([C@](C[C@H](CC1(C)C)O[C@H]2[C@@H]([C@H]([C@@H]([C@H](O2)CO)O)O)O)(C)O)O)O
dude_tryb1__L000700,CC[C@@H](C(=O)Nc1ccc(cc1)[N+](=O)[O-])Sc2nnc(n2CC)[C@H](C)NC(=O)Cc3ccc(cc3)OC
dude_tryb1__L000701,CCN(CC)c1ccc(cc1)C[NH+]2C[C@H](C[C@H]2C(=O)NCCOC)NCc3ccc(c(c3C)C)OC
dude_tryb1__L000702,CCC(C)(C)n1c(nnn1)[C@@H](c2cc3cc(c(cc3[nH]c2=O)OC)OC)N(C)C4CCCCC4
dude_tryb1__L000703,c1cc(oc1)[C@@H]2C=CC(=O)N(N2)CCNC(=O)CNC(=O)C3=CCC(=O)N=C3
dude_tryb1__L000704,Cc1c(cn(n1)C)C(=O)N[C@@H]2[C@H]3N(C2=O)C(=C(CS3)CSc4nnc(s4)C)C(=O)[O-]
dude_tryb1__L000705,c1cc(ccc1[C@H](CNC(=O)[C@@H]2CC(=O)N(C2)c3ccc4c(c3)OCCO4)O)[N+](=O)[O-]
dude_tryb1__L000706,CSc1ccc(cc1)CCNC(=O)CCc2nnc3n2nc(cc3)NCCCN4CCCC4=O
dude_tryb1__L000707,Cc1cc(c2c(c1)cc(c(=O)[nH]2)CN(CCN3CCOCC3)C(=S)NCCCN4CCOCC4)C
dude_tryb1__L000708,CC[C@H](C)[C@@H](C(=O)NCCCN1CCCC1=O)NC(=O)c2cn(c3cc4c(cc3c2=O)OCO4)CC
dude_tryb1__L000709,C[C@]12CC[C@H]3C(=CC(=O)[C@]4([C@@]3(C[C@H]([C@H](C4)O)O)C)O)[C@@]1(CC[C@@H]2[C@](C)([C@@H](CCC(C)(C)O)O)O)O
dude_tryb1__L000710,Cc1ccc(o1)c2nnn(n2)CC(=O)N(C[C@H]3CCCO3)[C@H](c4ccc(cc4)O)C(=O)NC5CCCC5
dude_tryb1__L000711,COc1ccc(cc1)C2=NN=C3[C@H]2[C@H](C(=C(O3)N)C#N)c4cccc(c4OC(=O)N5CCOCC5)OC
dude_tryb1__L000712,C[NH+]1CCN(CC1)NC(=S)Nc2ccc(cc2)S(=O)(=O)NC3CCCCC3
dude_tryb1__L000713,CCOC(=O)[C@@H]1[C@@H](SC(=C1CSc2nnc(o2)C3=NC=CC3)C(=O)OCC)N
dude_tryb1__L000714,CCN(c1c(n(c(=O)[nH]c1=O)Cc2ccccc2)N)C(=O)c3ccc(cc3)S(=O)(=O)N(C)C
dude_tryb1__L000715,CN(C)S(=O)(=O)c1ccc2c(c1)n3c(o2)nnc3SCC(=O)N[C@H]4CCCc5c4cccc5
dude_tryb1__L000716,C[C@H]1[C@@H]([C@@H]([C@@H]([C@@H](O1)O[C@@H]2[C@@H]([C@@H]([C@@H](O[C@@H]2OC(=O)C)COC(=O)C)OC(=O)C)OC(=O)C)O)O)O
dude_tryb1__L000717,C[C@@H]1C(=C(NO1)C)S(=O)(=O)N2CCN(CC2)CC3=NC(=O)C4=C[C@H](SC4=N3)c5ccccc5
dude_tryb1__L000718,Cc1c(c(n2c(n1)nc(n2)C(F)(F)F)C)CCC(=O)OCC(=O)NC(=O)NCc3ccco3
dude_tryb1__L000719,Cc1cc(n(n1)CCNC(=O)C(=O)Nc2ccccc2C(=O)NCCC3=c4ccccc4=[NH+]C3)C
dude_tryb1__L000720,Cc1ccc(cc1F)NC(=O)[C@H](CCSC)NS(=O)(=O)c2ccc3c(c2)c(=O)n(c(=O)n3C)C
dude_tryb1__L000721,CN(Cc1ccc(cc1)OCC=C)C(=O)c2cc3c(=O)[nH]c(=O)n(c3nc2)C4CC4
dude_tryb1__L000722,C[C@H](c1ccc2c(c1)OCO2)NC(=O)COc3ccc(cc3C(=O)N)S(=O)(=O)N4CCCC4
dude_tryb1__L000723,Cc1cc(nn1[C@@H](C)C(=O)N[C@@H]2[C@@H]3N(C2=O)C(=C(CS3)COC(=O)C)C(=O)[O-])C(F)(F)F
dude_tryb1__L000724,COc1ccc(cc1)[C@@H](CN/C(=[NH+]/C[C@@H]2CCCO2)/N)[NH+]3CCCCC3
dude_tryb1__L000725,CCc1ccc(cc1)N([C@@H](c2ccc(cc2)F)C(=O)NC[C@H]3CCCO3)C(=O)c4c(c(ns4)C(=O)N)N
dude_tryb1__L000726,CN(C[C@H]([C@@H]([C@@H]([C@@H](CO)O)O)O)O)C=C(C#N)C#N
dude_tryb1__L000727,CCOc1cc(c(cc1OC)C(=O)NNC(=S)Nc2cc(ccc2Cl)C(F)(F)F)[N+](=O)[O-]
dude_tryb1__L000728,Cc1cccc(c1NC(=O)CN(C)C(=O)COC(=O)c2cc(nc3c2cnn3C(C)C)C(C)C)C
dude_tryb1__L000729,c1cc(ccc1CSC[C@H]([C@H]([NH2+]CC(=O)[O-])O)NC(=O)CC[C@@H](C(=O)[O-])[NH3+])Br
dude_tryb1__L000730,CCOc1ccc(cc1)c2nc(cs2)C(=O)Nc3cnn(c3)CC(=O)N(C)C
dude_tryb1__L000731,COc1ccc(c(c1)/C=N/Nc2[nH]nc(n2)SCC(=O)NCCc3ccccc3Cl)OC
dude_tryb1__L000732,Cc1cc(cc(c1C(=O)O[C@H]2[C@@H](O[C@@H]([C@@H]([C@@H]2O)O)OC3[C@H]([C@H](C([C@H]([C@H]3O)O)O)O)O)CO)OC)O
dude_tryb1__L000733,Cc1c2ccccc2oc1C(=O)NNC(=O)CCc3c(nc4nc(nn4c3C)C(F)(F)F)C
dude_tryb1__L000734,COc1ccc(cc1OC)COC[C@@H](CSc2nnc(s2)NC[C@H]3CCCO3)O
dude_tryb1__L000735,CCCCN(c1c(n(c(=O)[nH]c1=O)CC(C)C)N)C(=O)CSc2nccn2c3cccc(c3)F
dude_tryb1__L000736,COc1ccc(cc1)C2=NO[C@@H](C2)C[NH+](Cc3ccc(cc3F)F)C[C@@H](COCc4ccco4)O
dude_tryb1__L000737,NC(=N)NCCC[C@@H]3[C@@H](C(O)=O)N(S(=O)(=O)c2ccc(c1ccccc1)cc2)C3=O
dude_tryb1__L000738,CC(=O)Nc1ccc(cc1)N2C(=O)[C@H]3[C@H](N[C@@]4([C@@H]3C2=O)c5ccccc5N(C4=O)C)CCSC
dude_tryb1__L000739,CC[C@H]([C@H](c1ccccc1F)[NH+](CCO)C2CCCC2)[NH3+]
dude_tryb1__L000740,CC(C)S(=O)(=O)c1cc2c(c3c(n(c2=O)F)C(=O)C[C@H](N3)S(=O)(=O)Oc4ccccc4)nc1
dude_tryb1__L000741,CCn1c(nc2c1ccc(c2)C(=O)NNC(=O)[C@H]3CC(=O)N(C3)c4ccc5c(c4)OCCO5)C
dude_tryb1__L000742,c1ccnc(c1)NC(=S)N[C@@H](C(Cl)(Cl)Cl)NC(=O)/C=C/c2ccc(cc2)N
dude_tryb1__L000743,CC(=CCc1c(cc(c2c1oc(cc2=O)c3ccc(cc3)OC)O)O[C@@H]4[C@H]([C@@H]([C@@H]([C@@H](O4)CO)O)O)O)C
dude_tryb1__L000744,Cc1cc(c(n1C2CC2)C)C(=O)CN3CCN(CC3)S(=O)(=O)c4ccc5c(c4)[nH]c(=O)[nH]5
dude_tryb1__L000745,COc1ccc(c(c1)OC)N2CC(=O)C(=C2N)c3nc(cs3)c4ccc(c(c4)OC)OC
dude_tryb1__L000746,CC[NH+]1CCN(CC1)[C@@H](C)C[NH2+]Cc2c[nH]nc2c3cc4ccccc4o3
dude_tryb1__L000747,Cc1ccc(cc1)[C@H](CNC(=O)C[C@H](c2ccccc2C)NC(=O)N)[NH+](C)C
dude_tryb1__L000748,[H]\N=C\1/C(=C/c2ccc(c(c2)OC)OCCOc3ccccc3[C@@H](C)CC)/C(=O)N=C4N1OC(=C4)C
dude_tryb1__L000749,Cc1ccc2cc(c(=O)[nH]c2c1)[C@@H](c3nnnn3Cc4ccccc4)N(Cc5cccnc5)Cc6ccco6
dude_tryb1__L000750,c1cc(cc(c1)O)[C@H]2C(=C(C(=O)N2CC[NH2+]CCO)[O-])C(=O)c3ccc(cc3)F
dude_tryb1__L000751,c1c(c(sc1Br)Br)S(=O)(=O)N2C[C@H]3CC[C@@H](C[C@H]3C2)[NH3+]
dude_tryb1__L000752,Cc1ccc(cc1)S(=O)(=O)CNC(=O)[C@@H](c2ccc(c(c2)OC)O)N(C)C(=O)c3cccc(c3O)O
dude_tryb1__L000753,c1ccc2=[NH+]CC(=c2c1)C[C@@H](COc3cc(cnc3)c4ccc5c(c4)[C@H](C(=O)N5)C6CC6)[NH3+]
dude_tryb1__L000754,CCOC(=O)c1c(c(sc1NC(=O)CSc2nnc(o2)c3ccoc3C)C(=O)C)C
dude_tryb1__L000755,c1ccc(c(c1)C2=NCc3cnc(n3-c4c2cc(cc4)Cl)CO[C@H]5[C@@H]([C@@H]([C@@H]([C@@H](O5)C(=O)[O-])O)O)O)F
dude_tryb1__L000756,C[C@H]1CN(CCN1C(=O)C2CCCC2)c3cc(nc(n3)SCC(=O)NCCN4CCOCC4)Cl
dude_tryb1__L000757,C=CCO[C@H]1[C@@H]([C@@H]([C@@H]([C@@H]([C@@H]1OCc2ccccc2)OCc3ccccc3)OCc4ccccc4)O)O
dude_tryb1__L000758,Cc1cc(=O)nc2n1nc(s2)N3CCN(CC3)C(=O)CNC(=O)c4ccc(cc4F)F
dude_tryb1__L000759,CC(C)C[NH+](Cc1[nH]c(=O)c2c(csc2n1)c3ccc(c(c3)OC)OC)C[C@H](COCC#C)O
dude_tryb1__L000760,Cc1c(c(c(c2c1OC(C2)(C)C)C)S(=O)(=O)N/[NH+]=C/NCCC[C@H](C(=O)[O-])[NH3+])C
dude_tryb1__L000761,CN(C[C@H]([C@H]([C@H]([C@H](CO)O)O)O)O)c1ccc(cc1[N+](=O)[O-])C(F)(F)F
dude_tryb1__L000762,NC(=N)NCCC[C@H](NC(=O)[C@@H]1CCCN1Cc2ccccc2)C(=O)c4nc3ccccc3s4
dude_tryb1__L000763,C[C@@H]1CCCC[NH+]1Cc2c(nnn2c3c(non3)N)C(=O)N/N=C\c4ccc(c(c4)OC)OCC(=O)N
dude_tryb1__L000764,CCOc1c(cc(cc1Br)Br)C[NH2+]CCS(=O)(=O)N
dude_tryb1__L000765,CCCCCCN([C@@H](c1ccc(c(c1)OC)OC)C(=O)NCCCC)C(=O)c2cccc(c2O)O
dude_tryb1__L000766,COc1cc(cc(c1OC)OC)c2c3c([nH]n2)OC(=C([C@@]34c5ccccc5N(C4=O)CC(=O)[O-])C#N)N
dude_tryb1__L000767,Cc1ccc(cc1)S(=O)(=O)N/[NH+]=c\2/c(cc3ccc(cc3o2)O)C(=O)Nc4ccccc4OC
dude_tryb1__L000768,C[C@@H](C[NH+]1CCCC1)NS(=O)(=O)c2cc(cc(c2Br)N)Cl
dude_tryb1__L000769,CCCCCCN([C@@H](c1ccc(cc1)C)C(=O)NCS(=O)(=O)c2ccc(cc2)C)C(=O)CO
dude_tryb1__L000770,[H]/N=C\1/C(=C\c2ccc(c(c2)OCC)OCc3ccccc3)/C(=O)N=C4N1N=C(S4)COc5ccccc5
dude_tryb1__L000771,CCCn1c(nnc1SCC(=O)Nc2cc(cc(c2)OC)OC)c3ccccn3
dude_tryb1__L000772,CCN(CC(=O)N[C@H]1CCS(=O)(=O)C1)C(=O)CSc2nnc(n2N)c3ccc(cc3)C
dude_tryb1__L000773,CCN(CCCNc1cnn(c(=O)c1Cl)c2ccc(cn2)C(F)(F)F)S(=O)(=O)C
dude_tryb1__L000774,CC1CC[NH+](CC1)C[C@@H](CNC(=O)NCCNC(=O)OC(C)(C)C)O
dude_tryb1__L000775,CC(C)S(=O)(=O)[P@]1(=O)NN2C[C@@H]3C=C(C(=C[C@@H]3C[C@@H]2CO1)OC)OC
dude_tryb1__L000776,CC(C)S(=O)(=O)N(C(=O)[C@@H]1CC(=C2[NH+]1Cc3ccccc3N2)OC)S(=O)(=O)Oc4ccccc4
dude_tryb1__L000777,CN([C@H]1CCCC[C@H]1O)C(=O)CN(c2ccc(cc2)S(=O)(=O)N3CCOCC3)S(=O)(=O)C
dude_tryb1__L000778,Cc1ccccc1OC[C@@H](C[NH2+][C@@H](c2nc(no2)c3cc(c(c(c3)OC)OC)OC)C(C)C)O
dude_tryb1__L000779,c1ccc(c(c1)C#N)S(=O)(=O)N[C@H]2CO[C@H]3[C@@H]2OC[C@@H]3n4c(nnn4)Oc5ccc(cc5)n6cncn6
dude_tryb1__L000780,NC(=N)c4ccc(C(=O)NCC3CCN(C(=O)NCCC(c1ccccc1)c2ccccc2)CC3)cc4
dude_tryb1__L000781,c1c(c(=O)[nH]c(=O)n1[C@H]2C[C@@H]([C@H](O2)CO)O)I
dude_tryb1__L000782,Cc1cccc(c1)Oc2c(c(nn2C)c3ccccc3)C[NH+](Cc4ccco4)C[C@H](CCC=C)O
dude_tryb1__L000783,CC[NH+](CC)CCNc1nc(c(c(n1)Nc2c(c3c(s2)CCCC3)C(=O)N)[N+](=O)[O-])N
dude_tryb1__L000784,C[C@H]([C@H](c1ccc(cc1)OC)O)O[C@H]2[C@H]([C@@H]([C@@H]([C@@H](O2)CO)O)O)O
dude_tryb1__L000785,CNC(=O)c1c2c(sc1NC(=O)c3ccc(cc3)S(=O)(=O)N(CCC#N)CCC#N)CCCC2
dude_tryb1__L000786,c1ccnc(c1)CN(Cc2ccco2)S(=O)(=O)c3ccc(cc3)S(=O)(=O)NC[C@@H]4CCCO4
dude_tryb1__L000787,COc1cc(cc(c1)OC)C(=O)Nc2ccc(nc2)N3CCN(CC3)C[C@@H](COCc4ccco4)O
dude_tryb1__L000788,C[C@H](c1ccc2ccccc2c1)NC(=O)[C@H](C)[NH+]3CCC(CC3)C(=O)NC4CC4
dude_tryb1__L000789,C[C@H](C(=O)Nc1cccc(c1)S(=O)(=O)N(C)C)Sc2nnc(n2C)c3ccc(cc3)F
dude_tryb1__L000790,Cc1c(sc2c1c(nc(n2)CC[NH3+])N(C)CC3CC[NH+](CC3)CCO)C
dude_tryb1__L000791,C[C@H](C(=O)NN(C)c1nc(nc(n1)N2CCOCC2)N3CCOCC3)N4CCOCC4
dude_tryb1__L000792,Cc1ccc(cc1F)n2c(cc(c2C)C(=O)CSc3nnc(n3C[C@@H]4CCCO4)CCC(=O)N)C
dude_tryb1__L000793,CCC[NH+](Cc1c(nn(c1Oc2ccccc2OC)C)c3ccccc3)C[C@H](COCC#C)O
dude_tryb1__L000794,CCN(CCO)C(=O)c1ccc2c(c1)c(c([nH]2)c3cc(cc(c3)C)C)CC[NH2+]CCCCc4cccnc4
dude_tryb1__L000795,C[C@H](CNC(=O)NCC(=O)NCC(=O)[O-])C[NH+]1CCCC1
dude_tryb1__L000796,C[C@H](C(=O)Nc1cnn(c1)CC(=O)N)SCC(=O)Nc2ccc(cc2)F
dude_tryb1__L000797,c1cc(ccc1/C=C\2/C(=O)N(C(=O)S2)CCNS(=O)(=O)c3ccc(cc3)C(=O)[O-])[N+](=O)[O-]
dude_tryb1__L000798,CCN(CC)C(=O)CSc1nnc(n1N)SCC(=O)N(CCC#N)c2ccc(cc2)F
dude_tryb1__L000799,CCCC[NH+](CCO)[C@H](c1ccc(cc1)Br)[C@@H](C)[NH3+]
dude_tryb1__L000800,CCc1nnc(o1)CSc2nnc(n2N)N/N=C/c3ccc(cc3)C(=O)OC
dude_tryb1__L000801,CCCC[C@H](CC)C(=O)N(CCC)[C@H](c1ccc(c(c1)OC)O)C(=O)NC(C)(C)CC(C)(C)C
dude_tryb1__L000802,Cc1cccc2c1nc(s2)Nc3c(c(ncn3)NCCCn4cc[nH+]c4)N
dude_tryb1__L000803,C[C@@H](C(=O)NC1[NH+]=c2ccccc2=[NH+]1)NC(=O)c3cc4cc(c(c(c4[nH]3)OC)OC)OC
dude_tryb1__L000804,CC(C)CCNC(=O)[C@@]1(Cn2c(cc(n2)C(=O)NCCCN3CCOCC3)C(=O)N1C)C
dude_tryb1__L000805,CNC(=O)CNS(=O)(=O)c1cc(cnc1NN)Br
dude_tryb1__L000806,c1c2c(ncnc2N3CCCCC3)n(n1)CCNS(=O)(=O)CCN4C(=O)CCCC4=O
dude_tryb1__L000807,c1ccc(cc1)Cn2c(c3c(nc(nc3[nH+]2)NCc4ccccn4)c5ccc(c(c5)Cl)F)N
dude_tryb1__L000808,Cc1csc(n1)NC(=O)C2CCN(CC2)S(=O)(=O)c3c(nn(c3C)CC(=O)N4CCCC4)C
dude_tryb1__L000809,C1=NC(=O)C2=N[C@H](N(C2=N1)[C@H]3[C@@H]([C@@H]([C@@H](O3)CO)O)O)NCCCCCC[NH3+]
dude_tryb1__L000810,CC(C)C[NH+](C[C@H](COc1ccc(cc1C(C)(C)C)OC)O)C[C@H](COc2ccc(cc2C(C)(C)C)OC)O
dude_tryb1__L000811,COCCn1c(c(c(=O)[nH]c1=O)C(=O)CSc2nnnn2CCc3cccs3)N
dude_tryb1__L000812,CCc1c(sc(c1C(=O)OCC)NC(=O)COC(=O)C[C@H](c2ccc(cc2)Cl)NC(=O)N)C
dude_tryb1__L000813,COCCC[NH+](CCOC)[C@@H](C[NH3+])c1ccc(o1)Br
dude_tryb1__L000814,C[C@]12CC[C@@H]3c4ccc(cc4CC[C@@H]3[C@@H]1C[C@@]([C@@H]2O)(CCCC[NH2+]CCc5ccccn5)CO)O
dude_tryb1__L000815,CC(C)CNC(=O)c1cc(ccc1N2CC[NH2+]CC2)NS(=O)(=O)c3ccc(cc3)C(C)C
dude_tryb1__L000816,c1ccc-2c(c1)NC3(CC[NH+](CC3)C[C@@H](Cc4ccc(cc4)Br)O)c5n2ccc5
dude_tryb1__L000817,C[C@@H]1CN(C[C@H](O1)C)S(=O)(=O)c2ccc(cc2)C(=O)O[C@@H](C)C(=O)Nc3ccc(cc3F)F
dude_tryb1__L000818,CC(C)S(=O)(=O)c1c(ccc(c1Cc2ccccc2)S(=O)(=O)c3ccccc3)[C@H](CC=O)NC=O
dude_tryb1__L000819,CCCCNC(=O)[C@@H](c1ccc(c(c1)OC)OC)N(Cc2ccco2)C(=O)c3cccc(c3O)O
dude_tryb1__L000820,CCOC(=O)c1c2c(sc1NC(=O)CSc3nnc(n3N)N/N=C/c4ccc(cc4)C)CCCC2
dude_tryb1__L000821,C1=C[C@H]2C(=C([NH+]=C(N2)CSCC3=[NH+][C@H]4C=CC=CC4=C(N3)N)N)C=C1
dude_tryb1__L000822,CCn1c(nnc1S[C@H](C)C(=O)Nc2ccc3c(c2)OCO3)[C@@H](C)NC(=O)c4ccccc4
dude_tryb1__L000823,C/C(=C(\[C@H](c1ccc(c(c1)Cl)Cl)SC[C@@H](C(=O)[O-])[NH3+])/C(=O)CCSC[C@@H](C(=O)[O-])[NH3+])/O
dude_tryb1__L000824,c1ccc2c(c1)CCCN2S(=O)(=O)c3ccc(cc3)C(=O)Nc4nnc(o4)C5=COCCO5
dude_tryb1__L000825,CC[C@]1(C(=O)N(C(=O)N1)NC(=O)CSc2nnc3n2cc(cc3Cl)Cl)c4ccccc4
dude_tryb1__L000826,Cc1cc(c(c(c1)C)NC(=O)CCCS(=O)(=O)CCC(=O)NC(=O)N)C
dude_tryb1__L000827,c1cc(c(cc1S(=O)(=O)N2CCOCC2)NC(=O)[C@H]3CCOC3)NC[C@H]4CCCO4
dude_tryb1__L000828,CCCCCN1c2ccccc2[C@H]([C@H](C1=O)C(=O)N/N=C(\C)/[C@@H]3C(=c4ccccc4=[NH+]C3=O)O)O
dude_tryb1__L000829,CCc1ccc(cc1S(=O)(=O)N[C@@H]2CCS(=O)(=O)C2)N
dude_tryb1__L000830,Cn1ccnc1SCC[NH2+]Cc2ccc(c(c2)OC)OC[C@H](C[NH+]3CCC(CC3)O)O
dude_tryb1__L000831,Cn1c2ccc(cc2c(=O)n(c1=O)C)S(=O)(=O)N(C)CC(=O)Nc3ccc(c(c3)F)F
dude_tryb1__L000832,Cc1c(c(=O)[nH]c(=O)[nH]1)/C=C/C(=O)N[C@@H](CO)CSC
dude_tryb1__L000833,c1ccc2=[NH+]CC(=c2c1)c3nnc(o3)SC/C(=C/4\[C@H](N(C(=NC4=O)[O-])C5CC5)[NH3+])/[O-]
dude_tryb1__L000834,[H]/N=C\1/C(=C/c2cc(n(c2C)c3cc(ccc3OC)Cl)C)/C(=O)N=C4N1N=C(S4)N5CCOCC5
dude_tryb1__L000835,C[C@@H](C(=O)Nc1ccc(cc1F)Cl)Sc2nnc(n2C[C@@H]3CCCO3)N4CCOCC4
dude_tryb1__L000836,C[C@@H](C(=O)Nc1c(ccs1)C(=O)N)[NH+]2CCN(CC2)S(=O)(=O)c3cccs3
dude_tryb1__L000837,Cc1nc2c(n1[C@H]3CCS(=O)(=O)C3)cc(nc2C(=O)NCc4ccccn4)c5cccs5
dude_tryb1__L000838,CCOCCOc1cccc(c1)C(=O)NC(=S)Nc2ccc(cc2)S(=O)(=O)NC(=[NH2+])N
dude_tryb1__L000839,CC[C@@]1(CCC(=O)NC1=O)c2ccc(cc2)NC(=O)C(=O)NC[C@@H](C)O
dude_tryb1__L000840,CCC1(CC[NH+](CC1)CCC[C@@](C)(C(=O)N)[NH2+]CC)C
dude_tryb1__L000841,COc1ccc2cc(c(=O)[nH]c2c1)[C@H](c3nnnn3C[C@@H]4CCCO4)N5CCN(CC5)c6ccccc6
dude_tryb1__L000842,NCc3ccc(CCCNCCNS(=O)(=O)c2ccc1CCCc1c2)cc3
dude_tryb1__L000843,Cc1cc2nc(cc(=O)n2o1)CSc3ccccc3NS(=O)(=O)c4ccc(cc4)NC(=O)C
dude_tryb1__L000844,CC(C)NS(=O)(=O)c1ccc(c(c1)[N+](=O)[O-])NCCCNc2ccc(cn2)C(F)(F)F
dude_tryb1__L000845,CCCCCOc1cccc(c1c2cc(c(c(n2)N)C#N)C3CC[NH2+]CC3)O
dude_tryb1__L000846,CC[C@@H]1CC[NH2+][C@@H](C1)C(=O)N[C@H]([C@H]2[C@@H]([C@H]([C@@H]([C@H](O2)SC)O)O)O)[C@@H](C)Cl
dude_tryb1__L000847,C[C@@H](C(=O)Nc1ccc(cc1)N2CCOCC2)Sc3ccc(cn3)S(=O)(=O)N4CCCC4
dude_tryb1__L000848,c1cc(oc1)CNC(=S)NC[C@H]2C[C@@H]3CC[NH+]2C[C@@H]3C[NH+]4CCN(CC4)c5ccc(cc5)F
dude_tryb1__L000849,c1ccc2=[NH+][C@H](C=c2c1)C(=O)NCCNC(=O)C(=O)Nc3cccc(c3)C(F)(F)F
dude_tryb1__L000850,Cc1ccc(cc1)S(=O)(=O)CNC(=O)[C@@H](c2ccc(c(c2)OC)OC)N(C)C(=O)C#Cc3ccccc3
dude_tryb1__L000851,CC(C)[NH+](CCCO)CCOc1ccc(cc1)C#CC[NH3+]
dude_tryb1__L000852,CCc1nnc(n1N)SCC(=O)NNC(=O)COC
dude_tryb1__L000853,CCOC[C@H](C[NH+](Cc1[nH]c(=O)c2c(c(sc2n1)C(=O)OCCOC)C)C3CCCCC3)O
dude_tryb1__L000854,CCOC(=O)Cc1csc(n1)SCC(=O)Nc2c(c(c(s2)C(=O)NC)C)C(=O)OCC
dude_tryb1__L000855,CCc1ccc2c(c1)cc(c(=O)[nH]2)CN(Cc3ccco3)Cc4nnnn4Cc5ccc(cc5)F
dude_tryb1__L000856,c1ccc(cc1)c2nnc(n2c3ccccc3)SCC(=O)OCC(=O)Nc4c(ccs4)C(=O)N
dude_tryb1__L000857,COc1ccc(cc1)n2c(c3c(n2)CS(=O)(=O)C3)NC(=O)c4ccccc4S(=O)(=O)C(F)F
dude_tryb1__L000858,CCOc1cccc2c1nc(s2)n3c(cc(n3)C)NC(=O)c4ccc(cc4)S(=O)(=O)CC
dude_tryb1__L000859,[H]\N=C\1/C(=C/c2ccc(c(c2)OC)OCCOc3ccccc3OC)/C(=O)N=C4N1C(=NS4)SC
dude_tryb1__L000860,COc1ccc2cc(c(=O)[nH]c2c1)CN(Cc3ccccc3OC)Cc4nnnn4Cc5ccc(cc5)F
dude_tryb1__L000861,CC(C)N1CCC(CC1)[NH+]2CCN(C[C@@H]2CCO)Cc3cc(ccc3O)Cl
dude_tryb1__L000862,CC(C)(C)C(=O)NC(=S)Nc1ccc(cc1)S(=O)(=O)[N-]c2cc(nc(n2)OC)OC
dude_tryb1__L000863,CCCn1c(c(c(=O)n(c1=O)C)C(=O)C[NH+]2CCN(CC2)Cc3ccc(cc3)C#N)N
dude_tryb1__L000864,CC[C@@]1(C(=O)N(C(=O)N1)NC(=O)CSc2nnc(n2c3ccccc3)C[NH+]4CCCCC4)C
dude_tryb1__L000865,C[C@@H](c1ccc(c(c1)F)OC)[NH2+]Cc2cccc(c2O)Br
dude_tryb1__L000866,CCn1c(nnc1SCc2cc(=O)[nH]c(n2)C(C)C)CCn3c(cc(n3)C)C
dude_tryb1__L000867,C[C@@H](c1ccc2c(c1)OCCO2)NC(=O)c3ccc(cc3)NS(=O)(=O)c4ccc5=[NH+]C(=O)[NH+]=c5c4
dude_tryb1__L000868,COC(=O)c1c2c(sc1NC(=O)c3ccc(cc3)N4C(=O)CCC4=O)CN(CC2)C(=O)OC
dude_tryb1__L000869,CC[NH+](Cc1ccccc1)Cc2c(nc3n2cc(cc3)N)c4ccccc4
dude_tryb1__L000870,Cn1c2c(cn1)c(ncn2)N3CCN(CC3)CC(=O)Nc4c(c5c(s4)CCCC5)C(=O)N
dude_tryb1__L000871,c1c[nH+]ccc1N2CCC3(C2)CCN(CC3)C(=O)CC[C@@H](C(=O)[O-])NS(=O)(=O)c4cnoc4
dude_tryb1__L000872,CCOc1ccccc1CNC(=O)[C@@H]2CSC[C@H]([NH2+]2)c3ccc(c(c3)F)F
dude_tryb1__L000873,Cc1ccc(c(c1)O[C@H](C)c2nnc(n2C)SCC(=O)Nc3c(c(c(s3)C(=O)N)C)C#N)Cl
dude_tryb1__L000874,Cn1cccc1C(=O)NNS(=O)(=O)c2ccc(cc2)n3c(=O)c(c(cn3)Cl)Cl
dude_tryb1__L000875,CCCCCCN([C@@H](c1c(cc(cc1O)O)O)C(=O)NC(C)(C)CC(C)(C)C)C(=O)CCCC
dude_tryb1__L000876,C[C@H](COC)NC(=O)c1cn(cc(c1=O)C(=O)NCCC2=CCCCC2)Cc3ccccc3OC
dude_tryb1__L000877,CC[NH+](CC)[C@H](CN/C(=[NH+]/Cc1ccco1)/N)c2ccsc2
dude_tryb1__L000878,CC[C@H](C)NC(=O)C[NH+]1CCN(CC1)C[C@@H](c2cc(ccc2Cl)Cl)O
dude_tryb1__L000879,c1ccc(cc1)c2c(c(n(n2)c3ccc(cc3)C(F)(F)F)N)NC(=O)NCC[NH+]4CCCCC4
dude_tryb1__L000880,Cc1cc(ccc1S(=O)(=O)NC[C@@H](c2ccc3c(c2)OCO3)N4CC[NH+](CC4)C)NC(=O)C
dude_tryb1__L000881,CCCCN(Cc1ccco1)c2ccc(cc2C(=O)NCCC)NC(=O)c3cc(cc(c3)[N+](=O)[O-])[N+](=O)[O-]
dude_tryb1__L000882,CC(C)N(C)S(=O)(=O)c1ccc(cc1)NC(=O)c2c(cco2)CS(=O)(=O)c3ccccc3
dude_tryb1__L000883,CC(C)[C@@H](C(=O)NC[C@H]1COc2ccccc2O1)NS(=O)(=O)c3ccc4c(c3)CCN4C(=O)C
dude_tryb1__L000884,Cc1c2cccc(c2c(c3c1C[C@H]4[C@@H](C(=C(C(=O)[C@@]4(C3=O)O)C(=O)N)O)[NH+](C)C)O)O
dude_tryb1__L000885,Cc1ccc(c(c1)S(=O)(=O)[C@@H](CNC(=O)C(=O)NCCCn2ccnc2)c3cccnc3)C
dude_tryb1__L000886,COC(=O)c1ccc(cc1)/C=N/Nc2nnc(n2N)SCC(=O)Nc3nnc(s3)SCC=C
dude_tryb1__L000887,C[C@H](Cn1cc[nH+]c1)NC(=O)N[C@H](CCO)C(=O)[O-]
dude_tryb1__L000888,CCC[C@H]1C[C@@H]([NH+](C1)C)C(=O)N[C@@H]([C@@H]2[C@@H]([C@@H]([C@H]([C@H](O2)SC)O)O)O)[C@H](C)O
dude_tryb1__L000889,c1cc(ccc1C([C@H](CC(=O)N)[NH3+])[C@H](CC(=O)N)[NH3+])C(F)(F)F
dude_tryb1__L000890,CC[C@H](c1ccc(cc1)OC)NC(=O)CCCN(c2ccc3c(c2)OCO3)S(=O)(=O)C
dude_tryb1__L000891,CC(C)(C#C)NC(=O)c1cccc(c1)c2ccc3c(c2)[C@@H](CC4(O3)CC[NH+](CC4)C)O
dude_tryb1__L000892,Cc1ccc(cc1)S(=O)(=O)CNC(=O)[C@H](c2ccc(cc2)OC)N(C)C(=O)[C@@H]3CCC(=O)N3
dude_tryb1__L000893,Cc1c(c(n(n1)c2ccccc2)C)[C@@H]3C(=O)NCC[NH+]3CC(=O)NC(=O)NCc4ccco4
dude_tryb1__L000894,COc1cc(cc(c1OC)S(=O)(=O)Nc2cccc(c2)c3nnnn3C4CC4)/C=C/C(=O)[O-]
dude_tryb1__L000895,c1cc(cc(c1)O)c2c(n3cccc(c3[nH+]2)NC4CCCC4)c5ccnc(n5)NC6CCCC6
dude_tryb1__L000896,Cc1nnc(o1)CN(C)C(=O)C[C@H]2C(=O)NCCN2C/C=C/c3ccccc3
dude_tryb1__L000897,c1cc(cc(c1)F)n2c(nnc2SCC(=O)c3c(n(c(=O)[nH]c3=O)C4CC4)N)N5CCOCC5
dude_tryb1__L000898,Cc1ccccc1C(=O)NCCc2nnc(n2CC=C)SCC(=O)Nc3cc(ccc3Cl)[N+](=O)[O-]
dude_tryb1__L000899,CCOc1cc(cc(c1OCC)OCC)C(=O)Nc2c(c(c(s2)C(=O)N)C)C(=O)OCC
dude_tryb1__L000900,CCOc1cccc2c1nc(s2)n3c(cc(n3)C)NC(=O)c4ccccc4S(=O)(=O)CC
dude_tryb1__L000901,CC1(CC(CC([NH2+]1)(C)C)NC(=O)CSc2nc([nH]n2)N/N=C/c3ccccc3O)C
dude_tryb1__L000902,CCOc1ccc(cc1S(=O)(=O)N2CCOCC2)NS(=O)(=O)c3ccc(cc3)/C=C/C(=O)[O-]
dude_tryb1__L000903,CCCCCOc1ccccc1C(=O)NC[C@@H](C)NC(=O)c2ccccc2OCCCCC
dude_tryb1__L000904,CCC[C@@H](c1nnnn1C2CCCC2)N(CCCO)Cc3cc4cc(ccc4[nH]c3=O)OCC
dude_tryb1__L000905,CCOc1ccc(cc1)NS(=O)(=O)c2ccc(cc2)NC(=S)NC(=O)Cc3ccccc3C
dude_tryb1__L000906,CS(=O)(=O)NCCC(=O)NNC(=O)NC[C@@H]1CCCO1
dude_tryb1__L000907,Cc1c(sc(n1)NCc2cc(ccc2OC)OC)c3ccn(n3)c4ccc5c(c4)OCO5
dude_tryb1__L000908,Cc1c(c2c(o1)ncn(c2=O)CCN3CCOCC3)C(=O)Nc4ccc(cc4)NC(=O)C
dude_tryb1__L000909,CCCCCCN([C@H](c1ccc(c(c1)OC)O)C(=O)NC(C)(C)CC(C)(C)C)C(=O)c2ccc(cc2)O
dude_tryb1__L000910,CCOc1cc(ccc1O)C[NH2+][C@@H]2CCCc3c2cnn3c4cccc(c4C)C
dude_tryb1__L000911,C1CCc2c(c3c(=O)n(c(=O)n(c3s2)CC(=O)N4CCOCC4)CC(=O)N5CCCC5)C1
dude_tryb1__L000912,CN(C)C(=O)CN(C)C(=O)c1cc(c2nc(nn2c1)c3ccc(o3)Br)N
dude_tryb1__L000913,c1cc(ccc1C#N)S(=O)(=O)N2CCN(CC2)CCC(=O)Nc3c(c4c(s3)CCC4)C#N
dude_tryb1__L000914,Cc1cccc(c1)OCc2nn(c(=S)n2C3CCCC3)[C@H]4[C@@H]([C@H]([C@@H]([C@H](O4)CO)O)O)NC(=O)C
dude_tryb1__L000915,Cc1ccc(cc1)/C(=[NH+]/C(C(F)(F)F)(C(F)(F)F)NC(=O)c2ccc(cc2)Cl)/N
dude_tryb1__L000916,CC(C)CNC(=O)NNC(=O)C[C@H](c1c(cccc1F)F)NC(=O)C
dude_tryb1__L000917,c1ccc(cc1)N2C[C@H](CC2=O)C(=O)NCCn3c4c(cn3)c(ncn4)NCc5ccco5
dude_tryb1__L000918,CC[C@H](C)c1ccc(cc1)NC(=O)CSc2nc([nH]n2)N/N=C/c3ccc(cc3)N(CC)CC
dude_tryb1__L000919,COc1ccc(cc1)Cn2c(nnn2)[C@H](c3cc4cc(ccc4[nH]c3=O)OC)N5CCc6ccccc6C5
dude_tryb1__L000920,CC[C@H](C)C[NH+](C)[C@@H](c1ccccc1Br)[C@@H](CC)[NH3+]
dude_tryb1__L000921,CCS(=O)(=O)Nc1cc(c(cc1OC)NS(=O)(=O)CC)[C@H](C(=O)C(F)(F)F)C(=O)OC(C)C
dude_tryb1__L000922,Cc1ccccc1NC(=O)c2c(c3ccccc3o2)NC(=O)C(=O)NCC[NH2+]CCO
dude_tryb1__L000923,CCOc1cc(ccc1OCC=C)[C@H]2C(=C(C(=O)N2CCC[NH+](C)C)[O-])C(=O)c3ccc4c(c3)C[C@@H](O4)C
dude_tryb1__L000924,Cc1cc2cc(c(=O)[nH]c2cc1C)CN(CCc3ccc(c(c3)OC)OC)Cc4nnnn4C[C@@H]5CCCO5
dude_tryb1__L000925,C[C@H](C[NH2+]CC[NH2+]Cc1cc(c(c(c1)Cl)OCc2ccc(cc2)Cl)OC)O
dude_tryb1__L000926,CCN(CC)S(=O)(=O)c1ccc(c(c1)[N+](=O)[O-])N2CCN(CC2)C[C@@H](c3ccc(cc3)F)O
dude_tryb1__L000927,CN(CC=C)S(=O)(=O)c1ccc(cc1)NC(=O)C(=O)NCC(=O)NCC#C
dude_tryb1__L000928,CCOc1ccc(cc1)NC(=O)Cc2nnc(n2CC=C)SCC(=O)Nc3ccc4c(c3)OCCO4
dude_tryb1__L000929,Cc1ccc(o1)[C@H](C(=O)NC[C@H]2CCCO2)N(c3ccc(cc3)F)C(=O)c4c(c(ns4)C(=O)N)N
dude_tryb1__L000930,C[C@]12CC[C@H]3C(=CC(=O)[C@H]4[C@@]3(C[C@H]([C@@H](C4)O)O)C)[C@@]1(CC[C@@H]2[C@](C)([C@@H](CCC(C)(C)O)O)O)O
dude_tryb1__L000931,CC(C)(c1ccc(cc1)OC[C@H](CN(CC[NH3+])CC[NH3+])O)c2ccc(cc2)OC[C@H](CN(CC[NH3+])CCN)O
dude_tryb1__L000932,CCOC(=O)[C@@H]1C([C@H]([C@@](N[C@@]1(C(F)(F)F)O)(C(F)(F)F)O)C(=O)OCC)c2ccc(cc2)N(C)C
dude_tryb1__L000933,c1cc(oc1)Cn2c(nnc2SCC(=O)Nc3ccc(c(c3)Cl)F)c4cnccn4
dude_tryb1__L000934,CC[C@H](C(=O)Nc1cc(ccc1OCc2cc(=O)n3c(n2)cc(o3)C)S(=O)(=O)CC)Oc4ccccc4
dude_tryb1__L000935,CCCCN(c1c(n(c(=O)[nH]c1=O)CC(C)C)N)C(=O)[C@@H]2CC(=O)N(C2)C3CC3
dude_tryb1__L000936,CC(=O)Nc1ccc(cc1)S(=O)(=O)Nc2ccc3n(c2=O)C[C@H]4C[C@@H]3CN(C4)C(=O)c5ccc(cc5)OC
dude_tryb1__L000937,Cc1c(c(n(n1)CC(=O)O[C@H](C)C(=O)NC(=O)N)C)N
dude_tryb1__L000938,c1cc2c(cc1Cl)/C(=N\NC(=O)c3c(n(nn3)c4c(non4)N)CN5CCOCC5)/C(=O)N2
dude_tryb1__L000939,CCOc1cc(ccc1OC(=O)C)/C=C(\C#N)/C(=O)Nc2c(ccs2)C(=O)OCC
dude_tryb1__L000940,C[NH+](CCc1ccccn1)[C@H]2[C@H](O[C@H]([C@H]2O)CO)C[NH2+]Cc3ccc(cc3)F
dude_tryb1__L000941,CCCc1cc([nH+]c2c1c(c(s2)C(=O)N)N)N3CCC(CC3)O
dude_tryb1__L000942,Cc1c(c(n(n1)[C@H]2CCS(=O)(=O)C2)C)CN(C)C(=O)CCN3C(=O)[C@@H]4CC=CC[C@@H]4C3=O
dude_tryb1__L000943,c1ccc(cc1)N([C@@H](c2ccc(cc2)F)C(=O)NC[C@@H]3CCCO3)C(=O)c4c(c(ns4)C(=O)N)N
dude_tryb1__L000944,CCOC(=O)COc4ccc(OCC(=O)N3CCN(C(=O)c2cc1cc(C(N)=N)ccc1o2)CC3)cc4
dude_tryb1__L000945,CCOc1cc(ccc1OC[C@@H](C[NH+](Cc2ccc(cc2)N(C)C)C[C@@H]3CCCO3)O)C=O
dude_tryb1__L000946,CCN(CC(=O)Nc1ccc(cc1)N2CCOCC2)C(=O)/C=C/c3cc4c(c(c3)Cl)OCO4
dude_tryb1__L000947,CCCn1cc(c(n1)C)C/N=C(/Nc2ccc(cc2)OC)\NC(=O)c3cc(c(c(c3)OC)OC)OC
dude_tryb1__L000948,c1ccc(c(c1)C(=O)NNc2c(c(ncn2)NCCCn3cc[nH+]c3)[N+](=O)[O-])Br
dude_tryb1__L000949,Cn1ccnc1[C@@H](c2cccc(c2)OC)NS(=O)(=O)c3cc(cc(c3OC)OC)/C=C/C(=O)[O-]
dude_tryb1__L000950,CCCOc1cccc(c1)C(=O)NC(=S)Nc2ccc(cc2)S(=O)(=O)N(CC=C)CC=C
dude_tryb1__L000951,Cc1c(c([nH]c1C(=O)NNC(=O)c2ccccn2)C)C(=O)C
dude_tryb1__L000952,Cc1ccc(cc1C)S(=O)(=O)[C@@H](CNS(=O)(=O)c2ccc3c(c2)OCO3)c4cccnc4
dude_tryb1__L000953,CCC[C@@H](C)C(=O)N1C[C@@H](C2(C1)CC[NH2+]CC2)C(=O)NCC[NH+](C)C
dude_tryb1__L000954,COc1ccccc1CNC(=O)C(=O)NC[C@@H](c2cccnc2)S(=O)(=O)c3ccc(cc3)Cl
dude_tryb1__L000955,c1cc[nH+]c(c1)N2CCN(CC2)C[C@@H](COc3ccc(cc3)OC[C@H](CN4CCN(CC4)c5cccc[nH+]5)O)O
dude_tryb1__L000956,C[C@@H]1CCCC[NH+]1Cc2ccccc2CNC(=O)N[C@@H]3c4ccccc4C[C@@H]3O
dude_tryb1__L000957,C[C@H]1C2=C([C@@H](O[C@@H]2C)NC(=O)CS[C@@H]3NN=NN3Cc4cccs4)C(=O)NN1
dude_tryb1__L000958,CN(C[C@@H]([C@@H]([C@@H]([C@@H](CO)O)O)O)O)C=C(C#N)C#N
dude_tryb1__L000959,Cc1c(c([nH]c1C(=O)COC(=O)CN2C(=O)[C@H]3CCCC[C@@H]3C2=O)C)C(=O)C
dude_tryb1__L000960,CC1=NC2=C([C@@H](C1C(=O)OCCOC)c3cc(c(c(c3)OC)O)OC)C(=O)CCC2
dude_tryb1__L000961,c1cc(cnc1)[C@H](CNC(=O)C(=O)NCCN2CCOCC2)S(=O)(=O)c3ccc(cc3)Cl
dude_tryb1__L000962,CCOC(=O)c1c2c(sc1NC(=O)[C@H](C)n3c(=O)c4c(c(cnc4n(c3=O)C)C)OC)CCC2
dude_tryb1__L000963,Cc1c(c(n(n1)Cn2cc(cn2)Cl)C)NC(=O)c3ccc(o3)COc4ccccc4Cl
dude_tryb1__L000964,c1cn(c(=O)c(c1CC(=O)N)F)[C@H]2[C@@H]([C@@H]([C@H](O2)CO)O)O
dude_tryb1__L000965,CCS(=O)(=O)NCCCNC(=O)C(=O)Nc1cc2cnn(c2nc1)C(C)C
dude_tryb1__L000966,CCOc1ccc(cc1)NC(=[NH2+])Nc2nc(cc(n2)O)CSc3ncccn3
dude_tryb1__L000967,CC(=O)N[C@H]1[C@H]([C@@H]([C@@H](O[C@@H]1OC(=O)c2ccccc2O)COC(=O)C)OC(=O)C)OC(=O)C
dude_tryb1__L000968,Cc1ccccc1CN2CCCn3c(cc(n3)C(=O)N[C@@H](C)C(=O)NCC[NH+]4CCCCC4)C2=O
dude_tryb1__L000969,Cc1csc(n1)SCc2c3ccccc3oc2C(=O)NC4CC[NH+](CC4)CC(=O)N
dude_tryb1__L000970,Cc1ccc2=[NH+][C@@H](C(=c2c1)NC(=O)CN3CCC(CC3)(C(=O)N)[NH+]4CCCCC4)C(=O)OC
dude_tryb1__L000971,NC(=N)c4ccc(NC(=O)CC3CCN(C(=O)NCCC(c1ccccc1)c2ccccc2)CC3)cc4
dude_tryb1__L000972,COCC/[NH+]=C(/N)\NCC1(CCCCC1)[NH+]2CCCCC2
dude_tryb1__L000973,C=CCN(CC=C)S(=O)(=O)c1ccc(cc1)NC(=S)NC(=O)/C=C/c2cccc(c2)[N+](=O)[O-]
dude_tryb1__L000974,CCC/C=C/[C@@H](C(=O)NC(C)(C)CC(C)(C)C)N(Cc1ccco1)C(=O)c2cccc(c2O)O
dude_tryb1__L000975,Cc1cc(ccc1OC[C@@H](C[NH2+]C2CC[NH+](CC2)Cc3ccccc3)O)C(C)(C)C
dude_tryb1__L000976,CCc1c(c(n(n1)c2ccccc2)Oc3ccccc3)C[NH+](C[C@@H](COCC=C)O)CC(C)C
dude_tryb1__L000977,CCCn1c(=O)c2ccccc2c(n1)C(=O)NNC(=O)CN(C)S(=O)(=O)c3ccc(s3)Cl
dude_tryb1__L000978,c1ccc(cc1)OS(=O)(=O)c2c(ccc(c2F)[C@@H](CC=O)NC=O)S(=O)(=O)c3ccccc3
dude_tryb1__L000979,CN(C)S(=O)(=O)c1ccc(o1)C(=O)Nc2ccc(nc2)OCC(F)(F)F
dude_tryb1__L000980,CCOC(=O)c1c(c(c(s1)NC(=O)c2ccc(cc2)S(=O)(=O)CC)C(=O)NC(=O)OC)C
dude_tryb1__L000981,Cc1c(c(n(n1)Cc2ccc(cc2)C(=O)Nc3c(c4c(s3)CCCC4)C(=O)NC)C)[N+](=O)[O-]
dude_tryb1__L000982,CCc1c(nn(c1C)[C@H](c2cc(cs2)Br)[C@H](CC)[NH3+])C
dude_tryb1__L000983,CCCC/C=C/CCN1C(=O)[C@H]2[C@H]([NH2+][C@@]([C@@H]2C1=O)(CCSC)C(=O)[O-])c3cccc(c3)OC(F)(F)F
dude_tryb1__L000984,C[C@@H](c1ccc(cc1)S(=O)(=O)N)[NH2+]CCCS(=O)(=O)N
dude_tryb1__L000985,c1c(cc(c(c1[N+](=O)[O-])NN)Cl)C(=O)N(CCO)CCO
dude_tryb1__L000986,CC(=O)c1ccc(cc1)NC(=S)N[C@H](C(Cl)(Cl)Cl)NC(=O)Cc2ccc(cc2OC)OC
dude_tryb1__L000987,C[C@@]12CC[C@@H]3C(=CC(=O)[C@H]4[C@]3(C[C@H]([C@H](C4)O)O)C)[C@]1(CC[C@H]2[C@](C)([C@H](CCC(C)(C)O)O)O)O
dude_tryb1__L000988,C[NH+](C)CCOc1ccccc1[C@@H](C[NH3+])N2CCc3c2cccc3
dude_tryb1__L000989,Cc1cccc(c1)[C@H](CC(=O)NC[C@@H](c2cccc(c2)F)[NH+](C)C)NC(=O)N
dude_tryb1__L000990,CN(C)S(=O)(=O)c1ccc(cc1)c2nnc(o2)NC(=O)[C@H]3CCCN(C3)S(=O)(=O)C
dude_tryb1__L000991,CCOCCCN1C(=O)/C(=C/c2c(c(c(=O)n(c2N3CCN(CC3)CCO)C)C#N)C)/SC1=S
dude_tryb1__L000992,CCC(C)(C)n1c(nnn1)CN(Cc2cccnc2)Cc3cc4ccc(c(c4[nH]c3=O)C)C
dude_tryb1__L000993,Cc1c(c(n(n1)CCO)C)/C=N/Nc2nnc(n2N)SCC(=O)Nc3ccccn3
dude_tryb1__L000994,CCCn1c2ccc(cc2nc1CCC(=O)NNC(=O)c3cc(oc3C)C)S(=O)(=O)N
dude_tryb1__L000995,Cc1ccc(o1)c2nnn(n2)CC(=O)N(Cc3ccccc3Cl)[C@H](c4ccco4)C(=O)NC5CCCC5
dude_tryb1__L000996,Cc1c(c(=O)[nH]c(=O)[nH]1)/C=C/C(=O)N[C@H](CO)C[S@](=O)CSC
dude_tryb1__L000997,CN(C[C@H]1COc2ccccc2O1)C(=O)/C=C/c3ccc(cc3)S(=O)(=O)NCc4ccco4
dude_tryb1__L000998,c1cc(c(cc1c2c(cc3c(cc(cc3[o+]2)O)O)O[C@H]4[C@H]([C@H]([C@H]([C@@H](O4)CO)O)O)O)O)O
dude_tryb1__L000999,c1ccc2=[NH+]C([NH+]=c2c1)SCC(=O)N/N=C/c3ccc(cc3O)O
dude_tryb1__L001000,COc1cc(c(cc1O)[N+](=O)[O-])/C=N/Nc2[nH]nc(n2)SCC(=O)Nc3ccccc3SCC=C
dude_tryb1__L001001,CC(C)[C@@H](c1nc(no1)c2cc(c(c(c2)OC)OC)OC)[NH2+]C[C@@H](COCc3ccco3)O
dude_tryb1__L001002,c1c2c(cc(c1Cl)S(=O)(=O)N3CCC(CC3)C(=O)N4CCOCC4)OCC(=O)N2
dude_tryb1__L001003,COc1cc(ccc1O)C[C@@H](CO)[C@H](Cc2ccc(c(c2)OC)O)CO[C@@H]3[C@@H]([C@@H]([C@@H]([C@@H](O3)CO)O)O)O
dude_tryb1__L001004,c1ccc(c(c1)CNC(=O)CSc2nnc(n2c3ccc(cc3)F)Cc4cc(=O)[nH]c(=O)[nH]4)Cl
dude_tryb1__L001005,CC[C@@H](c1ccc(cc1)S(=O)(=O)C)NC(=O)CN(c2ccccc2)S(=O)(=O)c3ccc(cc3)F
dude_tryb1__L001006,Cc1c(c(n(n1)c2ccc(cc2[N+](=O)[O-])[N+](=O)[O-])C)/C=N/[N-]S(=O)(=O)Cc3ccccc3
dude_tryb1__L001007,Cc1ccc(o1)c2nnn(n2)CC(=O)N(Cc3ccco3)[C@H](c4ccc(cc4)OC)C(=O)NC5CCCC5
dude_tryb1__L001008,CC(C)(C)N1C(=O)[C@H]2[C@H]([NH2+][C@@]([C@@H]2C1=O)(CO)C(=O)[O-])c3ccc(cc3)N(C)C
dude_tryb1__L001009,Cc1ccc2c(c1)cc(c(=O)[nH]2)C[NH+](CCCO)[C@@H](c3nnnn3Cc4ccccc4)C(C)C
dude_tryb1__L001010,CC(=O)OCO[P@@]1(=O)OC[C@@H]2[C@@H](O1)[C@H]([C@@H](O2)n3c4c(c(=O)[nH]c(n4)N)nc3Br)O
dude_tryb1__L001011,CN(C)S(=O)(=O)c1cccc(c1)C(=O)Nc2nc(cs2)c3cc(ccc3OC)OC
dude_tryb1__L001012,C(c1nnc(n1N)CSc2nnc(s2)N)Sc3nnc(s3)N
dude_tryb1__L001013,CCCCCC(=O)N(Cc1ccc(o1)C)[C@H](c2c(cc(cc2O)O)O)C(=O)NCCCC
dude_tryb1__L001014,CC[C@H](C)[NH2+]CC(=O)Nc1c(cc(cc1Br)Br)Br
dude_tryb1__L001015,c1ccc2=[NH+][C@H]3C(=c2c1)N=NC(=[NH+]3)N/N=C/c4ccc(c(c4O)O)O
dude_tryb1__L001016,Cc1ccc2c(c1)c3c(n2C[C@@H](C[NH2+]C(c4ccccc4)c5ccccc5)O)C(=O)CCC3
dude_tryb1__L001017,c1cc(ccc1n2c3c(cn2)c(=O)n4c(n3)SC[C@@H]4CC(=O)NCCCN5CCOCC5)F
dude_tryb1__L001018,c1c(ccc(c1)O)/C=N/NC(=O)[C@@H](O)[C@H](O)C(=O)N/N=C/c2ccc(cc2)O
dude_tryb1__L001019,CC[NH+](CC)CCCNC(=S)N(CCC[NH+]1CCOCC1)Cc2cc3cccc(c3[nH]c2=O)C
dude_tryb1__L001020,CCC(=O)N1CCc2c1ccc(c2)S(=O)(=O)N[C@@H](C(C)C)C(=O)N3CCN(CC3)c4ccc(cc4)F
dude_tryb1__L001021,Cc1n[nH]c(=S)n1NCc2cc(c(c(c2)Br)OCC(=O)N)OC
dude_tryb1__L001022,C[NH2+]CCC[NH2+]Cc1cc(ccc1OCC(=O)N)Br
dude_tryb1__L001023,COc1cc(ccc1OS(=O)(=O)C)/C=C\2/C(=O)NC(=O)N(C2=O)c3ccc(cc3)Cl
dude_tryb1__L001024,CCN(CCC(=O)N1CCN(CC1)c2ccc(cc2)F)Cc3[nH]c(=O)c4cc(c(cc4n3)OC)OC
dude_tryb1__L001025,Cc1ccc(c([nH+]1)N)CN(C=O)/C(=C(/CCO)\SSCCC(=O)[O-])/C
dude_tryb1__L001026,CCOC(=O)/C(=C/c1[nH]c(cc1)C(c2[nH]c(cc2)/C=C(/C(=O)OCC)\C#N)c3ccc(cc3)N(C)C)/C#N
dude_tryb1__L001027,CCCCNc1[nH+]c2c(s1)C[C@]3(CC[C@H]([C@@H]([C@H]3[C@@H]2C)O)[C@H](C)C(=O)NCCOC)C
dude_tryb1__L001028,CC(C)[C@@H](C(=O)N[C@H]1CS(=O)(=O)C[C@@H]1Cl)NS(=O)(=O)c2cccc3c2nsn3
dude_tryb1__L001029,Cc1ccc(o1)c2c(cn(n2)c3ccccc3)C(=O)O[C@@H](C)C(=O)NCc4ccco4
dude_tryb1__L001030,CC(C)CNC(=O)C[NH+]1CCC2(CC1)C(=O)N(C(=O)N2)CC[NH3+]
dude_tryb1__L001031,CCCc1ccc(cc1)[C@@]2(C(=O)N(C(=O)N2)CC(=O)N([C@H]3CCS(=O)(=O)C3)C4CCCC4)C
dude_tryb1__L001032,COc1cc(cc(c1)OC)NS(=O)(=O)c2ccc3c(c2)OC[C@H](O3)C(=O)N4CCOCC4
dude_tryb1__L001033,CCC[NH+]1Cc2cccc(c2C1)NC(=O)C(=O)NCCc3c(cc(cc3C)C)C
dude_tryb1__L001034,CCN(C)C(=O)[C@H](C)Sc1nc([nH]n1)N/N=C/c2cc(c(c(c2)Br)O)Br
dude_tryb1__L001035,CCc1cccc2c1[nH]cc2C(=O)[C@@H](c3ccccc3)Sc4nnc(n4CCC(=O)N)c5ccco5
dude_tryb1__L001036,CCO[C@@H](c1ccc(cc1)n2c(cc(c2C)C[C@H](CO)[NH3+])C)[C@@H](CO)[NH3+]
dude_tryb1__L001037,C=CCn1c(nnc1SCC(=O)Nc2cccc3c2nsn3)[C@@H]4CCS(=O)(=O)C4
dude_tryb1__L001038,CC(C)(C)N1C[C@@H](CC1=O)C(=O)N2CCC(CC2)C(=O)Nc3ccc(cc3)S(=O)(=O)NC[C@@H]4CCCO4
dude_tryb1__L001039,Cc1ccc(c(c1)OCc2nnc(n2N)SCC(=O)N[C@H](C)CCCC(C)C)C(C)C
dude_tryb1__L001040,CCN(CC)c1ccc(c(c1)O)/C=N/Nc2[nH]nc(n2)SCC(=O)c3ccc(c(c3)OC)OC
dude_tryb1__L001041,CCC[NH+]1CCc2c(sc(c2C(=O)N)NC(=O)COc3ccc(cc3)OCC)C1
dude_tryb1__L001042,CCc1c(c(n(n1)c2ccccc2)Oc3ccc(cc3)F)C[NH+](C[C@H](COCC(C)C)O)C(C)C
dude_tryb1__L001043,Cc1ccc(c(c1)S(=O)(=O)[C@H](CNS(=O)(=O)c2ccc3c(c2)oc(=O)[nH]3)c4ccco4)C
dude_tryb1__L001044,c1ccc(c(c1)C[NH2+]CCN2CCCC2=O)OC[C@@H](C[NH+]3CCSCC3)O
dude_tryb1__L001045,CCn1c(nnc1S[C@@H](C)C(=O)/N=C\2/NCCS2)[C@@H](CO)NC(=O)c3ccc(cc3)OC
dude_tryb1__L001046,Cc1c(cnn1[C@H]2CCS(=O)(=O)C2)C(=O)N[C@H]3CCS(=O)(=O)C3
dude_tryb1__L001047,OC(=O)[C@@H]2[C@@H](CC1CCNCC1)C(=O)N2C(=O)N5CCN(C(=O)c4ccc(OCc3ccccc3)cc4)CC5
dude_tryb1__L001048,CC(C)(C)NC(=O)[C@@H](c1cc(c(c(c1)OC)OC)OC)Nc2ccc(cc2)S(=O)(=O)NC[C@H]3CCCO3
dude_tryb1__L001049,Cc1c2cc(ccc2[nH]n1)c3cc(cnc3c4ccoc4)OC[C@H](CC5=c6cccnc6=[NH+]C5)[NH3+]
dude_tryb1__L001050,NCCCC[C@H](NC(=O)OCc1ccccc1)C(=O)c4noc(Cc3ccc(C(=O)NCCCc2ccccc2)cc3)n4
dude_tryb1__L001051,Cc1ccc(c2c1oc-3c(c(=O)c(c(c3n2)C(=O)N[C@H](C=O)[C@@H](C)O)N)C)C(=O)N[C@H](C=O)[C@@H](C)O
dude_tryb1__L001052,C[C@@H](C[NH2+]CC[NH2+]Cc1ccc(cc1)OCc2ccc(cc2)Cl)O
dude_tryb1__L001053,CCC[C@@H]1[C@@H](N[NH2+]N1c2c(non2)N)C(=O)N/N=C/C3=c4ccccc4=[NH+]C3
dude_tryb1__L001054,COc1cc(c(cc1OC)OC)CN2CCc3c(cnc(n3)Nc4ccc5c(c4)OCO5)C2
dude_tryb1__L001055,CCO[C@H]1C[NH+](CCN1)[C@@H](CNc2ccccc2O)c3ccc(cc3)c4ccccc4
dude_tryb1__L001056,c1ccc(cc1)NNc2c(c([nH+]cn2)Nc3c(cc(cn3)C(F)(F)F)Cl)N
dude_tryb1__L001057,CC(C)[C@H](C[NH+](C)C)NS(=O)(=O)c1cc(cc(c1Br)N)Cl
dude_tryb1__L001058,C[C@]1(C(=O)N(C(=O)N1)CC(=O)c2ccc(cc2)N(C)S(=O)(=O)C)c3cccc(c3)n4cnnn4
dude_tryb1__L001059,Cc1c2c(c(cnc2n(n1)C)C(=O)N3C[C@@H](C4(C3)CC[NH2+]CC4)C(=O)NCc5[nH+]ccn5C)Cl
dude_tryb1__L001060,CCCCCCC(=O)N1C[C@@H](C2(C1)CC[NH2+]CC2)C(=O)N[C@H](C)c3c([nH]nc3C)C
dude_tryb1__L001061,CC1(C(=O)Nc2ccccc2N1C(=O)COC(=O)c3cc(ccc3F)S(=O)(=O)N4CCOCC4)C
dude_tryb1__L001062,CCCCOC[C@H](C[NH+](CCC)Cc1c(nn(c1Oc2ccc(cc2F)F)c3ccccc3)C)O
dude_tryb1__L001063,CC(C)c1ccc(cc1)S(=O)(=O)[C@@H](CNS(=O)(=O)[C@@H]2CCS(=O)(=O)C2)c3cccnc3
dude_tryb1__L001064,COc1cn(nc1C(=O)Nc2nnc(s2)SCC(=O)N3CCc4c3cccc4)c5ccc(cc5)F
dude_tryb1__L001065,C[C@H](c1cc(ccc1C[NH3+])Cl)NC(=O)Cc2c(ccc([n+]2[O-])NCC(c3ccccn3)(F)F)Cl
dude_tryb1__L001066,CC[NH+](CC)CCN(Cc1cc2c(cc(cc2[nH]c1=O)C)C)C(=S)NCCC[NH+](C)C
dude_tryb1__L001067,CC(C)OC(=O)CCC/C=C\C[C@H]1[C@H]([C@H](CC1=O)O)/C=C/[C@H](COc2cccc(c2)C(F)(F)F)O
dude_tryb1__L001068,C[C@@H]1C(=C(N=N1)C)C[NH2+]C[C@H]2CN(N[C@@H]2c3ccccc3Cl)c4ccc(cc4)F
dude_tryb1__L001069,CC[NH2+][C@@H]1CN(S(=O)(=O)c2c1cc(s2)S(=O)(=O)N)CCCOC
dude_tryb1__L001070,COc1ccc(cc1)[C@@H]2NN=C(N2N)SCC3[NH+]=c4ccccc4=[NH+]3
dude_tryb1__L001071,Cc1ccc(o1)CN(CC[NH+](C)C)C(=O)CCn2c(=O)c3ccccc3c(n2)[O-]
dude_tryb1__L001072,COc1cccc(c1)/C=N/NC(=O)CSc2nnc(n2c3ccccc3)c4ccncc4
dude_tryb1__L001073,Cc1ccc(cc1[N+](=O)[O-])S(=O)(=O)[N-]/N=C/c2ccc(c(c2)[N+](=O)[O-])Sc3nncn3C
dude_tryb1__L001074,CCn1c(nnc1S[C@@H](C)C(=O)Nc2ccc3c(c2)OCO3)[C@H](CO)NC(=O)c4cccc(c4)OC
dude_tryb1__L001075,c1ccc2c(c1)c3ccccc3n2C[C@H](C[NH2+]C[C@@H](Cn4c5ccccc5c6c4cccc6)O)O
dude_tryb1__L001076,CCOc1ccc(cc1)S(=O)(=O)NCCC(=O)O[C@H](C)C(=O)Nc2cc(ccc2Cl)[N+](=O)[O-]
dude_tryb1__L001077,C[C@H]1C[C@@]2(CC(C1)(C)C)C(=O)N(C(=O)N2)CC(=O)OCC(=O)c3c(n(c(=O)n(c3=O)C)C)N
dude_tryb1__L001078,Cn1c(c(c(=O)[nH]c1=O)[C@@H]2c3ccc(cc3Oc4c2c(=O)n(c(=O)[nH]4)C)O)O
dude_tryb1__L001079,CC[NH+](CC)CC[C@@H](C)c1ccc(c(c1)S(=O)(=O)N[C@@H](Cc2c[nH]c3c2cccc3)C(=O)[O-])C
dude_tryb1__L001080,Cc1cc(c(cc1C(=O)NC[C@H](c2ccco2)[NH+]3CCCC3)S(=O)(=O)N)C
dude_tryb1__L001081,Cc1c(c(on1)C)S(=O)(=O)N2CC[NH+](CC2)CC(=O)NC(=O)Nc3ccc4c(c3)OCCO4
dude_tryb1__L001082,Cc1c(scn1)CCN2C(=O)[C@H]3[C@H]([NH2+][C@@H]([C@@H]3C2=O)C(=O)[O-])c4ccc(c(c4)[N+](=O)[O-])Cl
dude_tryb1__L001083,CCCC[C@@H](C)C(=O)N1C[C@@H](C2(C1)CC[NH2+]CC2)C(=O)N[C@@H](C)c3c([nH]nc3C)C
dude_tryb1__L001084,Cc1ccc(cc1)[C@@H](C(=O)NCS(=O)(=O)c2ccc(cc2)C)N(C3CCCCC3)C(=O)[C@@H]4CCC(=O)N4
dude_tryb1__L001085,CN(c1ccc(cc1)OC)[C@H](C[NH3+])c2cc(c(o2)Br)Br
dude_tryb1__L001086,Cc1cc(ccc1Br)S(=O)(=O)NC2CC([NH2+]C(C2)(C)C)(C)C
dude_tryb1__L001087,CCCC[NH+](CC(=O)N)[C@H](c1ccc(cc1)Br)[C@@H](CC)[NH3+]
dude_tryb1__L001088,CCCC[NH+](CCCC)Cc1ccc(o1)C(=O)NNC(=S)Nc2ccccc2C
dude_tryb1__L001089,COc1ccc(c(c1S(=O)(=O)Oc2ccccc2)S(=O)(=O)c3ccccc3)[C@H](CC=O)NC=O
dude_tryb1__L001090,Cc1c2c(cc(nc2on1)c3ccccc3)C(=O)OCC(=O)c4ccc(cc4F)NC(=O)C
dude_tryb1__L001091,c1ccc(c(c1)[C@H]2CC(=N[C@@H]([NH2+]2)c3c(cccc3Cl)F)c4ccc5c(c4)OCO5)O
dude_tryb1__L001092,CCCCCCN([C@H](c1ccccc1O)C(=O)NC(C)(C)C)C(=O)C(c2ccccc2)(c3ccccc3)O
dude_tryb1__L001093,CC1CCN(CC1)S(=O)(=O)c2ccc(cc2)C(=O)Nc3c(c4c(s3)CN(CC4)C(=O)C)C#N
dude_tryb1__L001094,Cc1ccccc1C(=O)Oc2ccc3ccccc3c2/C=N/Nc4n[nH+]c(c(=O)n4N)C(C)(C)C
dude_tryb1__L001095,Cc1cc(n2c(n1)nc(n2)C(=O)NNC(=O)c3cccc(c3)S(=O)(=O)N4CCOCC4)C
dude_tryb1__L001096,Cc1cccn2c1nc(c(c2=O)/C=C\3/C(=O)N(C(=S)S3)C[C@@H]4CCCO4)NCCCN5CCOCC5
dude_tryb1__L001097,C[C@]12CCCC(=C)[C@@H]1C[C@H]3[C@@H](C2)OC(=O)[C@H]3C[NH2+]CCC[NH+](CCO)CCO
dude_tryb1__L001098,CCCOc1ccccc1/C=N/Nc2nc3c(ncnc3n2[C@H]4[C@H]([C@@H]([C@H](O4)CO)O)O)N
dude_tryb1__L001099,CC(C)[C@](C)(C#N)NC(=O)COC(=O)CNS(=O)(=O)c1ccc2c(c1)OCCCO2
dude_tryb1__L001100,Cc1ccnn1c2ccc(cc2)C(=O)OCC(=O)Nc3nc(cs3)c4cc(ccc4OC)OC
dude_tryb1__L001101,CCn1c2ccc(cc2nc1CCC(=O)Nc3ccccc3OCC)S(=O)(=O)N(C)C
dude_tryb1__L001102,Cc1ccnc(n1)SCCCn2c3c(=O)[nH]c(=O)n(c3nc2N4CC[NH+](CC4)CCO)C
dude_tryb1__L001103,c1cc(oc1)Cn2c(nnc2SCC(=O)c3c(n(c(=O)[nH]c3=O)C4CC4)N)C5CC5
dude_tryb1__L001104,CC(C)CN1[C@@H](NN=C1SCC(=O)C2=c3ccccc3=[NH+][C@H]2c4ccccc4)CCC(=O)N
dude_tryb1__L001105,Cc1c(oc2c1cc3c(c(c(=O)oc3c2)CC(=O)N(C)C[C@@H]([C@@H]([C@H]([C@H](CO)O)O)O)O)C)C
dude_tryb1__L001106,CC(=O)N[C@@H]1[C@H]([C@@H]2[C@@H](CO[C@@H](O2)c3ccco3)O[C@@H]1Oc4ccc(cc4OC)C=O)O
dude_tryb1__L001107,CCOc1ccc(cc1OCC)[C@@H]2C(=C(C(=O)N2CCC[NH+](C)C)[O-])C(=O)c3c(n4cccc(c4n3)C)C
dude_tryb1__L001108,C[C@H](c1cccc(c1)NC(=O)C)NS(=O)(=O)c2cc(n(c2)C)C(=O)N
dude_tryb1__L001109,Cc1c(c(c(cn1)CSSCc2cnc(c(c2C[NH3+])[O-])C)C[NH3+])[O-]
dude_tryb1__L001110,Cn1c2c(c(=O)[nH]c1=O)n(c(n2)N3CCN(CC3)CCO)CCSc4ccccc4
dude_tryb1__L001111,CCCCn1c(c(c(=O)[nH]c1=O)N(CCCC)C(=O)Cc2csc(n2)c3ccccc3Cl)N
dude_tryb1__L001112,C[C@@H](C[NH2+]CC[NH2+]Cc1ccc(o1)c2cc(cc(c2)Cl)Cl)O
dude_tryb1__L001113,Cn1cnc2c1c(=O)n(c(=O)n2C)CCCSc3nnc(n3C4CC4)CCC(=O)N
dude_tryb1__L001114,Cn1ccnc1[C@@H](c2ccc(cc2)Cl)NC(=O)CCCC[C@H]3[C@@H]4[C@@H](CS3(=O)=O)NC(=O)N4
dude_tryb1__L001115,COc1ccccc1c2ccc(c(n2)N3CCC(CC3)[NH+]4CCC[C@@H](C4)CO)C(=O)NCc5ccon5
dude_tryb1__L001116,CCOc1cc(cc(c1OCC)OCC)C(=O)NNC(=O)c2cccc(c2)S(=O)(=O)N(C)C
dude_tryb1__L001117,c1ccc(cc1)CCn2c(nnn2)C[NH+](CCO)Cc3cc4cc5c(cc4[nH]c3=O)OCCO5
dude_tryb1__L001118,COc1cc2cc(c(=O)[nH]c2cc1OC)[C@@H]3c4cc(c(cc4CCN3S(=O)(=O)C)OC)OC
dude_tryb1__L001119,Cc1nc2cc(ccc2o1)NC(=O)c3cc(ccc3N4CCOCC4)S(=O)(=O)N5CCOCC5
dude_tryb1__L001120,COc1cccc(c1O)[C@@H]2C3=C(C[C@@H](CC3=O)c4cc(c(c(c4)OC)OC)OC)Nc5ccccc5N2
dude_tryb1__L001121,CS(=O)(=O)CC[C@H]1C(=O)N(C(=O)N1)c2ccc(cc2)N
dude_tryb1__L001122,COc1ccc(cc1)n2c(nnc2SCC(=O)N)Cc3cc(=O)[nH]c(=O)[nH]3
dude_tryb1__L001123,COc1ccccc1CN(Cc2cc3cc4c(cc3[nH]c2=O)OCO4)Cc5nnnn5CCc6ccccc6
dude_tryb1__L001124,Cc1ccc2cc(c(=O)[nH]c2c1)CN(Cc3ccc4c(c3)OCO4)Cc5nnnn5C[C@@H]6CCCO6
dude_tryb1__L001125,CS(=O)(=O)Cc1nc2ccccc2n1CC(=O)Nc3cc4c(cc3Br)OCCO4
dude_tryb1__L001126,C[C@@H]1[C@H]([C@H]([C@H]([C@@H](O1)O[C@H]2[C@@H](O[C@@H]([C@H]([C@@H]2O)O)CO)c3c(cc(c4c3oc(cc4=O)c5ccc(cc5)O)O)O)O)O)O
dude_tryb1__L001127,CC(C)[C@@H](c1nnc2n1CCN(CC2)C(=O)COc3ccccc3Cl)NC(=O)c4ccccn4
dude_tryb1__L001128,CC[NH+](CC)CCCN1[C@H](C(=C(C1=O)[O-])C(=O)c2cc3cccc(c3o2)OC)c4ccc(c(c4)OC)O
dude_tryb1__L001129,C[NH+]1CCN(CC1)c2nc3c(ncnc3n2[C@@H]4[C@H]([C@@H]([C@@H](O4)CO)O)O)N
dude_tryb1__L001130,Cc1ccc(cc1)[C@@H](C(=O)NC2CCCC2)N(CC[NH+]3CCOCC3)C(=O)c4c(c(ns4)C(=O)N)N
dude_tryb1__L001131,COC1=C[C@H]2C[C@H]3CO[P@@](=O)(NN3C[C@@H]2C=C1S(=O)(=O)c4ccccc4)SC
dude_tryb1__L001132,CCc1nnc(o1)CN(C(C)C)C(=O)CSc2nc([nH]n2)N/N=C/c3c(nn(c3C)CC=C)C
dude_tryb1__L001133,CC(C)C[C@H](C(=O)NCC1CCC(CC1)C(=O)N[C@H](C(C)C)C(=O)[O-])NC(=O)OC(C)(C)C
dude_tryb1__L001134,CCC(CC)[NH+](C)[C@@H](C[NH3+])c1cc(ccc1OC)Br
dude_tryb1__L001135,CC[NH+](CC)C[C@@H](COc1cc(ccc1OC)C[NH2+]CCc2ccccc2F)O
dude_tryb1__L001136,CN(C)C(=O)C1=c2n(c(=O)/c(=C\c3ccc(c(c3)OC)O)/s2)C(=C([C@@H]1c4ccc(c(c4)OC)O)C#N)N
dude_tryb1__L001137,Cc1cc(no1)NC(=O)[C@H](C)OC(=O)c2ccc(cc2)NS(=O)(=O)c3ccc4c(c3)[nH]c(=O)[nH]4
dude_tryb1__L001138,Cc1cc(nc(n1)N/C(=N/C(=O)Nc2ccc(cc2)OC)/NCCC3=c4ccccc4=[NH+]C3)C
dude_tryb1__L001139,Cc1ccc(cc1C)NC(=O)C(=O)NCc2ccc(o2)/C=N\NC(=O)C(=O)Nc3ccc(cc3)[N+](=O)[O-]
dude_tryb1__L001140,COc1ccc(cc1)S(=O)(=O)N2CCOC23CCN(CC3)C(=O)C(=O)NC[C@@H]4CCCO4
dude_tryb1__L001141,CC(=O)N[C@H](CC(=O)N1CCC[NH+](CC1)CC(=O)N)c2ccc(cc2)Cl
dude_tryb1__L001142,CCCn1c(c(c(=O)n(c1=O)C)C(=O)CSc2nnc(n2C[C@@H]3CCCO3)N4CCOCC4)N
dude_tryb1__L001143,CC(C)NC(=O)CC[C@@H]1CNC(=O)[C@H]2[NH+]1C[C@H](C2)NC(=S)NCc3ccco3
dude_tryb1__L001144,CCOC(=O)c1c2c(sc1NC(=O)[C@@H](C)n3c(=O)c4c(c(cnc4n(c3=O)C)C)OC)CCC2
dude_tryb1__L001145,C[C@@H]1C[C@@H](C[NH+](C1)CCNC(=O)C(=O)Nc2ccc(c(c2)C(=O)N)F)C
dude_tryb1__L001146,Cc1ccc(c(c1)Br)NC(=O)NC[C@@H](c2ccco2)[NH+]3CCCC3
dude_tryb1__L001147,CC(C)[C@@H](c1nnc(o1)S(=O)(=O)Cc2ccccc2F)NS(=O)(=O)[C@@H]3CCS(=O)(=O)C3
dude_tryb1__L001148,Cc1cc(n(n1)CCCNC(=O)[C@H]2CN(CC23CC[NH2+]CC3)C(=O)C4CCN(CC4)C(=O)C)C
dude_tryb1__L001149,CCC/C(=N/Nc1[nH]nc(n1)SCC(=O)NC2CC([NH2+]C(C2)(C)C)(C)C)/C
dude_tryb1__L001150,C[C@@H]1CCC=C2[C@@]1([C@@H]([C@H]3[C@@H](C2)OC(=O)[C@@H]3CNC4CC[NH+](CC4)Cc5ccccc5)O)C
dude_tryb1__L001151,CS[P@@]1(=O)N[NH+]2C[C@@H]3C=C(C(=C[C@@H]3C[C@@H]2CO1)F)c4ccccc4O
dude_tryb1__L001152,c1ccc(cc1)CCn2c(nnn2)CN(Cc3cccs3)Cc4cc5cc6c(cc5[nH]c4=O)OCCO6
dude_tryb1__L001153,CCc1c(c(n(n1)c2ccccc2)Oc3ccccc3)C[NH+](CCOC)C[C@@H](CCC=C)O
dude_tryb1__L001154,c1cc(ccc1[C@@H]2C(=c3cc(ccc3=[NH+]2)F)CCC(=O)OCc4nc(nc(n4)N)N)F
dude_tryb1__L001155,CC(C)(C)NNc1c(c(ncn1)NCCN2CCOCC2)N
dude_tryb1__L001156,CC[C@H]([C@@H](c1ccccc1Br)[NH+](CCO)C2CC2)[NH3+]
dude_tryb1__L001157,COc1ccc(cc1)c2coc3cc(c(cc3c2=O)OC)O[C@H]4[C@H]([C@@H]([C@@H]([C@@H](O4)CO)O)O)O
dude_tryb1__L001158,CCCCn1c(c(c(=O)[nH]c1=O)N(CCC(C)C)C(=O)COC(=O)c2c(ccs2)C)N
dude_tryb1__L001159,C[C@@H](C[C@H]([C@H]([C@H](/C=C/Cc1cc2c(c(cc(c2Cl)O)O)c(=O)o1)O)SC[C@H](C(=O)[O-])O)O)O
dude_tryb1__L001160,Cc1cc(c2c(c1)c(c(n2C[C@@H](C[NH2+]CCO)O)c3ccccc3)c4ccccc4)C
dude_tryb1__L001161,CC[C@H](C)n1c(ccn1)NC(=O)[C@@H](C)N2CCC(CC2)N(C)S(=O)(=O)CC
dude_tryb1__L001162,CCCCCOc1ccc(cc1)C(=O)Oc2ccc3c(c2)OC(=C([C@H]3c4cccc(c4)OCCCC)C#N)N
dude_tryb1__L001163,CCOC(=O)c1c(nc(s1)NC(=O)[C@@H](C)n2c(nnc2SCC#N)N)C
dude_tryb1__L001164,CCC/C=C/[C@@H](C(=O)NCS(=O)(=O)c1ccc(cc1)C)N(Cc2ccco2)C(=O)c3c(cccc3O)O
dude_tryb1__L001165,COCCOc1ccccc1C(=O)NC(=S)Nc2ccc(cc2)S(=O)(=O)Nc3ccccc3
dude_tryb1__L001166,COc1cc(ccc1OC[C@H](C[NH+]2CCCC2)O)C[NH2+]Cc3ccc(s3)Cl
dude_tryb1__L001167,c1ccc2=[NH+]CC(=c2c1)C[C@@H](C(=O)N/N=C/c3cccc4c3nccc4)[NH3+]
dude_tryb1__L001168,CN(Cc1[nH]c(=O)c2c(n1)ccs2)C(=O)[C@H](CCSC)NS(=O)(=O)c3ccccc3F
dude_tryb1__L001169,c1ccc2c(c1)CC[C@]23C(=O)N(C(=O)N3)CC(=O)N([C@@H]4CCS(=O)(=O)C4)C5CCCC5
dude_tryb1__L001170,CCOC(=O)C(=O)[C@@H](c1c(=O)[nH]c2ccccc2n1)/C(=N\N(C)C)/C(=O)Nc3ccc(cc3C)C
dude_tryb1__L001171,Cc1csc(=O)n1CCC(=O)OCC(=O)c2c(n(c(=O)n(c2=O)C)CC(C)C)N
dude_tryb1__L001172,CCCCn1c2ccc(cc2nc1SCC(=O)N[C@@H]3CCS(=O)(=O)C3)S(=O)(=O)N
dude_tryb1__L001173,COc1ccc2=[NH+][C@@H]3[C@@H](NCCC3=c2c1)[C@@H]4C(=N[C@@H](N(C4=O)c5cc(ccc5OC)OC)O)O
dude_tryb1__L001174,CCc1ccc2c(c1)cc(c(=O)[nH]2)[C@H](c3nnnn3C4CCCC4)N(Cc5cccnc5)Cc6ccco6
dude_tryb1__L001175,CC(=O)Nc1ccc(cc1)S(=O)(=O)N[C@@]2(c3c(=O)[nH]c(=O)n(c3NC2=O)Cc4cccnc4)C(F)(F)F
dude_tryb1__L001176,COc1cc(ccc1O)[C@H](CO)[C@H](c2ccc(c(c2)OC)O)O[C@H]3[C@H]([C@@H]([C@@H]([C@@H](O3)CO)O)O)O
dude_tryb1__L001177,Cc1ccc(cc1)S(=O)(=O)[C@H](CNC(=O)C(=O)N[C@H]2CCS(=O)(=O)C2)c3cccnc3
dude_tryb1__L001178,COc1ccc(c(c1)S(=O)(=O)NCc2nnc(s2)C(=O)Nc3ccc(cc3F)F)OC
dude_tryb1__L001179,CC/C=C\[C@@H]([C@@H](C1=C(C(=O)[C@]2(O1)[C@H]([C@](NC2=O)(C(=O)c3ccccc3)O)O)C)O)O
dude_tryb1__L001180,C[C@]12C[C@H]([C@@H]3[C@H]([C@]1(CC[C@H]2C4=CC(=O)OC4)O)CC[C@]5([C@@]3([C@H]6C[C@@H](C5)OC(O6)(C)C)CO)O)O
dude_tryb1__L001181,Cc1ccccc1n2c(c3c(n2)CS(=O)(=O)C3)NC(=O)C(=O)NCCCN4CCOCC4
dude_tryb1__L001182,C[C@H](c1ccc(cc1)S(=O)(=O)N)NC(=O)CS[C@H]2NN=C(O2)C3=c4ccccc4=[NH+]C3
dude_tryb1__L001183,C[C@H]1[C@H]([C@@H](C[C@@H](O1)O[C@H]2C[C@@](Cc3c2c(c4c(c3O)C(=O)c5cccc(c5C4=O)O)O)(C(=O)C)O)[NH3+])O
dude_tryb1__L001184,c1ccnc(c1)C(=O)NCc2nnc3n2CC[NH+](CC3)Cc4cccc(c4)OCCO
dude_tryb1__L001185,NC(=N)NCCC[C@@H]3[C@@H](C(O)=O)N(C(=O)N2CCN(C(=O)OCCc1ccccc1)CC2)C3=O
dude_tryb1__L001186,c1cc(ccc1C[NH2+][C@@H]2[C@H]3CO[C@H](O3)[C@@H]([C@H]2[O-])[NH+]4CCC(CC4)C(=O)N)OC(F)(F)F
dude_tryb1__L001187,COc1ccc2c(c1)cc(c(=O)[nH]2)CN(C[C@H]3CCCO3)C(=S)NCCCN4CCOCC4
dude_tryb1__L001188,C[C@H](C[NH2+]CCNc1c2ccc(cc2[nH+]c3c1cc(c(c3)OC)OC)[N+](=O)[O-])O
dude_tryb1__L001189,Cc1ccc(c(c1F)C(=O)N2C[C@@H](C3(C2)CC[NH2+]CC3)C(=O)N[C@H](C)c4c([nH]nc4C)C)F
dude_tryb1__L001190,Cc1c(c(n(n1)[C@@H]2CCS(=O)(=O)C2)C)CN(C)S(=O)(=O)c3ccc(cc3)N4CCCC4=O
dude_tryb1__L001191,CCOc1cc(ccc1OCC(=O)Nc2cc(ccc2C)S(=O)(=O)N(C)C)C#N
dude_tryb1__L001192,NCc5cccc(C4CCN(C(=O)c2cn(C(=O)c1cccs1)c3ccccc23)CC4)c5
dude_tryb1__L001193,CCCCCCOc1ccccc1C(=O)NC(=S)NNC(=O)COc2cc(ccc2C(C)C)C
dude_tryb1__L001194,c1ccc2=[NH+]CC(=c2c1)C[C@@H](C(=O)[O-])NC(=O)CS[C@H]3NN[C@@H](S3)NC4CCCCC4
dude_tryb1__L001195,C[C@@H]1CN(C[C@H](O1)C)S(=O)(=O)c2ccc(cc2)C(=O)Nc3c(ccs3)C(=O)NN(C)C
dude_tryb1__L001196,C[C@H](C(=O)NC(=O)NC)OC(=O)CNS(=O)(=O)c1ccc(c(c1)[N+](=O)[O-])SC
dude_tryb1__L001197,[H]/N=C\1/C(=C/c2cc(n(c2C)c3ccccc3Cl)C)/C(=O)N=C4N1N=C(S4)S(=O)(=O)CC
dude_tryb1__L001198,CC1(CC(CC([NH2+]1)(C)C)Nc2c(c(ncn2)Nc3ccc(cc3)OC)N)C
dude_tryb1__L001199,Cc1c2c(=O)[nH]c(nc2sc1C(=O)OC(C)C)C[NH+](CCOC)C[C@@H](COC(C)(C)C)O
dude_tryb1__L001200,CCN(CC)C(=O)c1c(c(c(s1)NC(=O)CSc2[nH]nc(n2)C(C)(C)C)C(=O)OCC)C
dude_tryb1__L001201,Cc1c(c(n(n1)CC=C)C)/C=N/Nc2[nH]nc(n2)Sc3nc-4c(n(c(=O)n(c4n3)C)C)[O-]
dude_tryb1__L001202,[H]/N=C\1/C(=C\c2cc(n(c2C)c3ccccc3F)C)/C(=O)N=C4N1N=C(S4)N5CCOCC5
dude_tryb1__L001203,[H]/N=C\1/C(=C/c2cc(n(c2C)c3ccccc3OC)C)/C(=O)N=C4N1N=C(S4)S(=O)(=O)CC
dude_tryb1__L001204,Cc1ccc(cc1S(=O)(=O)N2CCOCC2)C(=O)OCC(=O)N(C)[C@@H]3CCS(=O)(=O)C3
dude_tryb1__L001205,C[C@H](C(=O)NC1CC1)[NH+]2CCN(CC2)[C@H](C)C(=O)Nc3c(c4c(s3)CCC4)C(=O)N
dude_tryb1__L001206,Cc1ccc(cc1N[C@H]2[C@@H]([C@@H]([C@H]([C@@H](O2)CO)O)O)O)[N+](=O)[O-]
dude_tryb1__L001207,CCCC[NH+](CC)Cc1c(nnn1c2c(non2)N)C(=O)NN
dude_tryb1__L001208,c1cc(cc(c1)[N+](=O)[O-])NC(=O)CSc2nnc(n2N)N/N=C/c3cc(ccc3O)Br
dude_tryb1__L001209,CC(C)[C@H](C[NH+](C)C)NC(=O)N[C@H](CCO)C(=O)[O-]
dude_tryb1__L001210,CCN(CC)S(=O)(=O)c1cccc(c1)C(=O)NNC(=O)c2ccc3=[NH+]C(=O)C(=O)[NH+]=c3c2
dude_tryb1__L001211,Cn1c2c(c(=O)n(c1=O)C)n(cn2)CC(=O)Nc3nnc(s3)[C@H]4CC(=O)N(C4)c5ccc(cc5)F
dude_tryb1__L001212,Cc1cccc(c1NC(=O)Nc2ccc(nc2)N3CCC[NH+](CC3)Cc4ccccc4F)C
dude_tryb1__L001213,CCc1cc2cc(ccc2cn1)c3cc(cnc3)OC[C@H](CC4=c5ccccc5=[NH+]C4)[NH3+]
dude_tryb1__L001214,c1cc(ccc1NC(=O)NNC(=O)C2=NO[C@@H](C2)CNc3c(cc(cn3)C(F)(F)F)Cl)[N+](=O)[O-]
dude_tryb1__L001215,Cc1ccc(cc1)S(=O)(=O)CNC(=O)[C@@H](c2ccccc2)N(Cc3ccco3)C(=O)CO
dude_tryb1__L001216,CCn1cc(c(n1)OCC)C(=O)Nc2nnc(s2)SCC(=O)Nc3ccc4c(c3)OCCO4
dude_tryb1__L001217,Cc1csc(n1)NC(=O)[C@H](C)Sc2nnc(n2CC=C)CNC(=O)c3ccco3
dude_tryb1__L001218,COCCNC(=S)NC[C@H]1C[C@H]2CC[NH+]1C[C@@H]2C[NH+]3CCC(CC3)Cc4ccccc4
dude_tryb1__L001219,Cc1cc(c(n1c2ccc(cc2)S(=O)(=O)N)C)C(=O)C[NH+](C)Cc3cc(ccc3Cl)[N+](=O)[O-]
dude_tryb1__L001220,COc1cc(cc(c1OC)OC)N2C[C@@H](CC2=O)C(=O)N3CCC(=CC3)c4c[nH]c5c4cccn5
dude_tryb1__L001221,CCN1[C@H](NN[C@@H]1SCC(=O)N[C@@H](CC2=c3ccccc3=[NH+]C2)C(=O)[O-])c4ccccc4
dude_tryb1__L001222,CC[NH+]1CCc2c(sc(c2C(=O)N)NC(=S)NC(=O)/C=C/c3ccc(cc3)OC)C1
dude_tryb1__L001223,CCOC(=O)c1ccccc1NC(=O)CSc2c3c(ncn2)n(nn3)c4ccc(cc4)F
dude_tryb1__L001224,c1c2cc3c(cc2[nH]c(=O)c1CN(CCN4CCOCC4)C(=S)NCCCN5CCOCC5)OCO3
dude_tryb1__L001225,Cc1c(cco1)c2nnc(o2)SCC(=O)N[C@@H](Cc3c[nH]c4c3cccc4)C(=O)[O-]
dude_tryb1__L001226,c1cc(c(cc1[N+](=O)[O-])NC(=O)CSc2nnc(n2CCC(=O)N)C3CC3)F
dude_tryb1__L001227,CCc1ccc2c(c1)cc(c(=O)[nH]2)CN(CCN3CCOCC3)C(=S)NCCC[NH+](C)C
dude_tryb1__L001228,CCCCN(c1c(n(c(=O)[nH]c1=O)CCC)N)C(=O)/C=C/c2ccc(c(c2)OC)OC(F)F
dude_tryb1__L001229,CCC(CC)c1cc(nc(n1)c2ccncc2)[C@H]3C[NH+]4CC[C@H]3C[C@@H]4CNC(=O)CC(C)(C)CC(=O)[O-]
dude_tryb1__L001230,CC1CCC2(CC1)C(=O)N(C(=O)N2)CC(=O)NNC(=S)NCC(F)(F)F
dude_tryb1__L001231,COc1ccc(c(c1)S(=O)(=O)NC[C@@H](c2cccnc2)S(=O)(=O)c3ccc(cc3)Cl)OC
dude_tryb1__L001232,Cn1c2c(c(=O)n(c1=O)C)ncn2CC(=O)N/N=C\c3ccc(c(c3)OC)OCC(=O)[O-]
dude_tryb1__L001233,CCN(CC)S(=O)(=O)c1ccc(cc1)C(=O)NNC(=O)c2csc(n2)N3CCOCC3
dude_tryb1__L001234,CCCOc1ccc(cc1)C[NH+](C[C@@H](COc2ccc(cc2OCC)C=O)O)[C@@H]3CCS(=O)(=O)C3
dude_tryb1__L001235,c1c(c2c([nH]1)C=CC(=O)C2=O)/C=C/[NH2+]C[C@]3([C@@H]([C@H]([C@@H](CO3)O)O)O)O
dude_tryb1__L001236,C[C@@H](C(=O)NC1C(SC1(C)C)(C)C)NC(=O)C[C@H](C(=O)[O-])[NH3+]
dude_tryb1__L001237,Cc1c(c(=O)n(n1C)c2ccccc2)NC(=O)[C@H](C)Sc3nnc(s3)NC(=O)c4cnccn4
dude_tryb1__L001238,CC(C)[C@@H]1NN=C(N1Cc2ccco2)SCC(=O)N[C@H](CC3=c4ccccc4=[NH+]C3)C(=O)[O-]
dude_tryb1__L001239,c1nc(c2c(n1)n(cn2)[C@H]3[C@@H]([C@@H]([C@@H](O3)CO)O)O)NCCO
dude_tryb1__L001240,NCc5cccc(C4CCN(C(=O)c2cn(c1cccnc1)c3ccccc23)CC4)c5
dude_tryb1__L001241,CCOC(=O)Cc1csc(n1)NC(=O)[C@H](C(C)C)NS(=O)(=O)c2ccc3c(c2)OCCO3
dude_tryb1__L001242,CC(=O)NOC[C@H]1C(=O)N[C@H](C(=O)N1)CONC(=O)C
dude_tryb1__L001243,CCONC[C@H](c1ccc(cc1)c2ccccc2O)N3CC[NH2+][C@@H](C3)S(=O)(=O)Oc4ccccc4
dude_tryb1__L001244,CCC[C@@H]1C[C@H]([NH+](C1)C)C(=O)N[C@@H]([C@@H]2[C@H]([C@@H]([C@H]([C@H](O2)SC)O)O)O)[C@@H](C)O
dude_tryb1__L001245,Cc1ccc(cc1)S(=O)(=O)N(C)CC(=O)NNC(=O)CCn2c3ccccc3n(c2=O)C
dude_tryb1__L001246,Cc1ccc(cc1)[C@@H](CNC(=O)CCc2cc3ccc(cc3[nH]c2=O)F)[NH+](C)C
dude_tryb1__L001247,CCn1c(c(c(c(c1=O)C#N)C)/C=C\2/C(=O)N(C(=S)S2)C[C@H]3CCCO3)NCc4ccco4
dude_tryb1__L001248,c1cc(c(cc1/C=C/C(=O)OC[C@H]2[C@@H]([C@@H]([C@@H]([C@@H](O2)OC[C@@H]([C@@H]([C@@H](CO)O)O)O)O)O)O)O)O
dude_tryb1__L001249,Cc1ccccc1OC[C@H](Cn2c3c(nc2NCC[NH3+])n(c(=O)n(c3=O)C)C)O
dude_tryb1__L001250,CCc1ccc2c(c1)cc(c(=O)[nH]2)[C@H](c3nnnn3Cc4ccc(cc4)OC)N5CCC(CC5)O
dude_tryb1__L001251,CCCn1c(c(c(=O)[nH]c1=O)C(=O)CSc2nnc(n2C[C@@H]3CCCO3)N4CCOCC4)N
dude_tryb1__L001252,CCn1c2ccc(cc2nc1CCC(=O)Nc3ccccc3C(=O)C)S(=O)(=O)N(CC)CC
dude_tryb1__L001253,CC[C@@H](c1[nH]c2cc(ccc2n1)C)[NH2+]C3CCN(CC3)c4ccc(cc4)NS(=O)(=O)N(C)C
dude_tryb1__L001254,C[C@H](C(=O)N)NS(=O)(=O)c1cc(ccc1NN)S(=O)(=O)C
dude_tryb1__L001255,CO[S@](=O)(=S)CCNC(=O)[C@H](CCCCNC(=O)CCCC[C@@H]1[C@@H]2[C@@H](CS1)NC(=O)N2)[NH3+]
dude_tryb1__L001256,Cc1ccc(cc1)[C@@H](C(=O)NC2CCCC2)N(Cc3ccccc3Cl)C(=O)c4c(c(ns4)C(=O)N)N
dude_tryb1__L001257,CC(C)(C)OC(=O)NCC(=O)/N=C/1\N([C@@H]2CS(=O)(=O)C[C@@H]2S1)c3ccc(cc3)OC(F)(F)F
dude_tryb1__L001258,CC(=O)NC(=S)Nc1ccc(cc1)S(=O)(=O)Nc2cc(nc(n2)OC)OC
dude_tryb1__L001259,Cc1c(c(n(n1)C)C)NC(=O)CNC(=O)c2cc(ccc2N3CCCC3)S(=O)(=O)N(C)C
dude_tryb1__L001260,CCN(CC)S(=O)(=O)c1cc(ccc1OCC)NC(=O)CS[C@@H](C)C(=O)Nc2cc(on2)C
dude_tryb1__L001261,CN(CCO)c1ccc(nc1)NC(=O)CNC(=O)c2c[nH]c3ccccc3c2=O
dude_tryb1__L001262,c1cc(cc(c1)[N+](=O)[O-])N[C@@H]2[C@H]([C@@H]([C@@H](O2)[C@@H](CO)O)O)O
dude_tryb1__L001263,c1cc(oc1)[C@@H]2C[C@@H](N3[C@@H]([NH2+]2)[C@@H](CN3)C(=O)NCc4cc5cc(ccc5[nH]4)Cl)C(F)(F)F
dude_tryb1__L001264,Clc3ccc(CNC(=O)CCCC(=O)OCN2C(=O)c1ccccc1S2(=O)=O)cc3Cl
dude_tryb1__L001265,C[C@@H]1Cc2cc(c(cc2O1)C[NH2+]C[C@@H](C[NH+]3CCC(CC3)C)O)OC
dude_tryb1__L001266,C[C@@H](C(=O)N[C@H](c1cccc(c1)F)c2nccn2C)NC3=NS(=O)(=O)c4c3cccc4
dude_tryb1__L001267,COc1ccc2=[NH+]CC(=c2c1)CCNC(=O)[C@H]3N[C@@H](NO3)CC(=O)Nc4ccc(cc4F)F
dude_tryb1__L001268,CC(C)Cn1c(c(c(=O)[nH]c1=O)[C@H](c2ccc(cc2)Br)[NH+]3CCOCC3)N
dude_tryb1__L001269,CCCCn1c(c(c(=O)[nH]c1=O)N(CC)CC(=O)N([C@@H]2CCS(=O)(=O)C2)C3CCCC3)N
dude_tryb1__L001270,CN1c2ccccc2[C@](C1=O)(c3c4c(c(c5c3OCO5)[C@]6(c7ccccc7N(C6=O)C)O)OCO4)O
dude_tryb1__L001271,COc1c(ccc(c1S(=O)(=O)Oc2ccccc2)[C@H](CC=O)NC=O)S(=O)(=O)Oc3ccccc3
dude_tryb1__L001272,CC(C)C[C@@H](C(=O)N1CCOCCN(CCOCCOCC1)C(=O)[C@H](CC(C)C)[NH3+])[NH3+]
dude_tryb1__L001273,NCc4cccc(NC(=O)CN3CCCCC(NC(=O)CC(c1ccccc1)c2ccccc2)C3=O)c4
dude_tryb1__L001274,[H]/N=c\1/c(=C/c2cc(n(c2C)c3cc(ccc3OC)OC)C)/c(=O)nc-4s/c(=C/C(=O)N5CCCC5)/[nH]n14
dude_tryb1__L001275,CCN1C(=O)/C(=C\c2c(nc3c(cccn3c2=O)C)N4CCNC(=O)[C@H]4CC(=O)OCC)/SC1=S
dude_tryb1__L001276,C[C@@H]([C@@H](C1=N/C(=C\C2=C3C(=[NH2+])C=CC=C3[N-]C2)/C(=O)N1CCO)N)O
dude_tryb1__L001277,CCCCCCN([C@@H](c1c(cc(cc1O)O)O)C(=O)NCCCC)C(=O)/C=C\CCCCC
dude_tryb1__L001278,Cc1cc2cccc(c2nc1)S(=O)(=O)N3CCN(CC3)[C@@H](C)C(=O)Nc4cc(on4)C
dude_tryb1__L001279,CCC(CC)[C@@H](C(=O)NCS(=O)(=O)c1ccc(cc1)C)N(Cc2ccc(o2)C)C(=O)c3ccc(cc3)O
dude_tryb1__L001280,c1ccc(c(c1)C(F)(F)F)Nc2c(c(ncn2)NNC(=O)c3ccc(cc3)Br)[N+](=O)[O-]
dude_tryb1__L001281,Cc1cc(sc1c2c(cc(s2)[C@@H](CC(=O)[O-])[NH3+])C)[C@@H](CC(=O)[O-])[NH3+]
dude_tryb1__L001282,C[C@H](Cn1c(=O)c2ccc(cc2nc1SCC(=O)Nc3ccc(cc3[N+](=O)[O-])F)C(=O)[O-])O
dude_tryb1__L001283,c1c(cnc(c1S(=O)(=O)NCC[NH+]2CCCC2)NN)Br
dude_tryb1__L001284,Cc1cc(cc([nH+]1)N)C[C@H]2C[NH2+]C[C@H]2NCC[NH2+]Cc3ccc(cc3)Cl
dude_tryb1__L001285,C[NH+]1CCN(CC1)Nc2c(c(nc[nH+]2)Nc3cccnc3Cl)N
dude_tryb1__L001286,[H]/N=C\1/C(=C\c2ccc(c(c2)OCC)OCc3ccccc3C)/C(=O)N=C4N1N=C(S4)S(=O)(=O)C
dude_tryb1__L001287,C[C@H](CNS(=O)(=O)c1cc(cnc1NN)Br)[NH+](C)C
dude_tryb1__L001288,Cc1nc2c(c(n1)S[C@@H](C(C)C)C(=O)NC(=O)N)c(=O)n(c(=O)n2CC(C)C)C
dude_tryb1__L001289,COc1ccc2c(c1)OC3(CC[NH+](CC3)C[C@@H](c4ccc(cc4)Br)O)C[C@@H]2O
dude_tryb1__L001290,CCn1cc(cn1)/C=N/Nc2[nH]nc(n2)SCC(=O)N3CCc4cc(c(cc4C3)OC)OC
dude_tryb1__L001291,CCCCN(c1c(n(c(=O)[nH]c1=O)CCC)N)C(=O)CN(Cc2cccs2)c3ccc(cc3)OC
dude_tryb1__L001292,CCCOc1ccc(cc1C(=O)NC(=S)NNC(=O)COc2ccc(cc2)[C@@H](C)CC)Br
dude_tryb1__L001293,CN(C)S(=O)(=O)c1ccc2c(c1)n(nn2)OCC(=O)Nc3c(c4c(s3)CCCC4)C(=O)N
dude_tryb1__L001294,c1ccn2c(c1)nc(c(c2=O)/C=C/3\C(=O)N(C(=S)S3)Cc4ccco4)NCCCn5ccnc5
dude_tryb1__L001295,CCOC(=O)C1=C([C@H](S[C@H]1NC(=O)CSc2[nH]nc(n2)c3cc(cc(c3)OC)OC)C(=O)C)C
dude_tryb1__L001296,C[NH2+][C@H]1CCc2cc(c(c(c2-c3c1cc(=O)c(cc3)NCCCC[C@H](C(=O)[O-])[NH3+])OC)OC)OC
dude_tryb1__L001297,Cc1ccc2c([nH+]1)cccc2Nc3c(c(ncn3)Nc4cccc5c4ccc([nH+]5)C)N
dude_tryb1__L001298,c1cn(c[nH+]1)CCCNc2c(c(ncn2)Nc3c(cc(cn3)C(F)(F)F)Cl)N
dude_tryb1__L001299,CCC[NH+]1CCc2c(sc(c2C(=O)N)NC(=O)c3ccccc3NS(=O)(=O)c4ccccc4)C1
dude_tryb1__L001300,CCOC(=O)CNC(=O)[C@@H](c1cccs1)N(c2ccc(cc2C)C)C(=O)c3c(c(ns3)C(=O)N)N
dude_tryb1__L001301,CN(C1CCCC1)S(=O)(=O)c2ccc(cc2)C(=O)Nc3nnc(o3)C4=COCCO4
dude_tryb1__L001302,CC(=O)Nc1ccc(cc1)S(=O)(=O)NC[C@H]2C[C@@H]3CC[NH+]2C[C@@H]3c4cc(nn4C)c5ccc(cc5)OC
dude_tryb1__L001303,CC(C)OC[C@@H](C[NH+](CCOC)Cc1[nH]c(=O)c2c(csc2n1)c3ccc(cc3)Cl)O
dude_tryb1__L001304,Cc1ccc(cc1)S(=O)(=O)N[C@@H](CC(C)C)C(=O)NC[C@H](COc2c(cccc2OC)OC)O
dude_tryb1__L001305,Cc1ccc(cc1)n2c(nnc2SCC(=O)Nc3cc(cc(c3)OC)OC)c4cnccn4
dude_tryb1__L001306,CC[C@@H]([C@H](c1cc(cs1)Br)[NH+](CC(=O)N)C(C)C)[NH3+]
dude_tryb1__L001307,CC[C@H](C(=O)NC[C@H]1CCCO1)N(c2ccc(cc2)F)C(=O)CNS(=O)(=O)c3ccc(cc3)F
dude_tryb1__L001308,c1ccc(c(c1)C[NH2+]CCOc2cccnc2)OC[C@@H](C[NH+]3CCSCC3)O
dude_tryb1__L001309,Cc1ccc(cc1C)N([C@H](c2ccc(o2)C)C(=O)NCCOC)C(=O)c3c(c(ns3)C(=O)N)N
dude_tryb1__L001310,CCOC(=O)[C@@]1([C@@H]2[C@@H]([C@@H](N1)c3ccc(cc3OC)OC)C(=O)N(C2=O)c4ccc(cc4)OC)C
dude_tryb1__L001311,C[NH2+]CCCC[NH2+]C1CCN(CC1)c2ccc(cc2)c3ccco3
dude_tryb1__L001312,CC[C@H]([C@H](c1cc(cs1)Br)[NH+](CC(C)C)CC(=O)N)[NH3+]
dude_tryb1__L001313,Cc1ccc(cc1F)C(=O)O[C@H](C)C(=O)Nc2ccc(cc2)S(=O)(=O)N3CCOCC3
dude_tryb1__L001314,CC(=O)N[C@@H](c1ccccc1)[C@@H](C(=O)S(=O)(=O)c2ccccc2)S(=O)(=O)c3ccccc3
dude_tryb1__L001315,CC[C@@H](c1ccc(c(c1)O)C[NH+](C)C)[C@@H](CC)c2ccc(c(c2)O)C[NH+](C)C
dude_tryb1__L001316,CC(C)S(=O)(=O)N(C(=O)[C@@H]1CC(=C2[NH+]1Cc3ccccc3N2)I)[O-]
dude_tryb1__L001317,CCOCCn\1c2ccc(cc2s/c1=N\C(=O)CN3C(=O)CCC3=O)S(=O)(=O)N
dude_tryb1__L001318,C[C@]1(CCS(=O)(=O)C1)NC(=O)C[NH+]2CCN(CC2)CC(=O)Nc3ccc(cc3)OC(F)(F)F
dude_tryb1__L001319,CS(=O)(=O)c1ccc(cc1)CN2C[C@@H](C[C@H]2c3nc(no3)CS(=O)(=O)c4ccc(cc4)F)O
dude_tryb1__L001320,C[NH+]1CCN(CC1)c2c(c([nH+]cn2)NN(c3ccccc3)c4ccccc4)N
dude_tryb1__L001321,Cc1cccn2c1nc(c(c2=O)/C=C/3\C(=O)N(C(=S)S3)[C@@H]4CCS(=O)(=O)C4)NCc5ccco5
dude_tryb1__L001322,CCCCCCOc1ccc(cc1OC)[C@@H]2c3c(n[nH]c3C(=O)N2CCOC)c4ccccc4O
dude_tryb1__L001323,Cc1ccccc1N(C)S(=O)(=O)c2ccc3c(c2)c(=O)c(c[nH]3)C(=O)NCCCOC
dude_tryb1__L001324,CC(C)[C@H]1C(=O)NCC[NH+]1CCCCCC[NH+]2CCNC(=O)[C@@H]2C(C)C
dude_tryb1__L001325,Cc2c(Cl)nc(NCC1CCCNC1)c(=O)n2CC(=O)Nc3cccc(CN)c3
dude_tryb1__L001326,CC(=O)N[C@H](CC(=O)OCC(=O)c1ccc2c(c1)CCCN2S(=O)(=O)C)c3ccc(cc3)Cl
dude_tryb1__L001327,Cc1ccc(cc1)S(=O)(=O)CNC(=O)[C@@H](c2ccco2)N(C)C(=O)c3ccc(cc3)O
dude_tryb1__L001328,Cc1ccnc(c1)[n+]2c(=O)c3ccccc3[nH]c2S[C@@H](C)C(=O)c4c(n(c(=O)n(c4=O)C)C)N
dude_tryb1__L001329,CCC[C@H](C(=O)NCCC(C)C)N(c1cccc(c1)C)C(=O)c2c(c(ns2)C(=O)N)N
dude_tryb1__L001330,c1cn(nc1C(F)(F)F)CC(=O)NC(C(=O)N)C(=O)N
dude_tryb1__L001331,c1ccc(c(c1)C(=O)NNc2c(c(ncn2)NNC(=O)c3ccccc3Br)[N+](=O)[O-])Cl
dude_tryb1__L001332,c1cc(ccc1C(=O)OC[C@H]2[C@H]([C@@H]([C@@H]([C@@H](O2)O[C@]3([C@H]([C@@H]([C@@H](O3)CO)O)O)CO)O)O)O)[N+](=O)[O-]
dude_tryb1__L001333,Cc1ccc(cc1)N(CC(=O)N[C@H]2CCS(=O)(=O)C2)S(=O)(=O)c3ccc4c(c3)OCCO4
dude_tryb1__L001334,CC(C)[C@@H](CO)NC(=O)[C@@H]1CCCN(C1)S(=O)(=O)c2ccc(cc2)N3CCCC3=O
dude_tryb1__L001335,c1cc(cc(c1)Br)S(=O)(=O)N2CCN(CC2)Cc3[nH]c4ccsc4c(=O)n3
dude_tryb1__L001336,C[C@@H](C(=O)[O-])NC(=O)[C@H](C(C)C)N1C(=O)[C@@]2([C@H]3C(=c4ccccc4=[NH+]3)CCN2C1=O)C
dude_tryb1__L001337,CC[C@H](c1ccccc1OC(F)F)NC(=O)C2=NN(C(=O)CC2)[C@H]3CCS(=O)(=O)C3
dude_tryb1__L001338,C/C(=N/NC(=S)NCC[NH+]1CCCCC1)/C(=N\NC(=S)NCC[NH+]2CCCCC2)/C
dude_tryb1__L001339,c1cc(oc1)[C@@H](CNC(=O)c2cc(ccc2O)Br)[NH+]3CCCCC3
dude_tryb1__L001340,[H]/N=C\1/C(=C\c2ccc(c(c2)Br)N(C)C)/C(=O)N=C3N1N=C(S3)S(=O)(=O)C
dude_tryb1__L001341,COc1cc(ccc1S(=O)(=O)N[C@H]2CCS(=O)(=O)C2)N
dude_tryb1__L001342,C[C@@H]1C[C@H](C[NH+](C1)C(C)(C)CNC(=O)c2ccc(cc2)n3c(c(cn3)C#N)N)C
dude_tryb1__L001343,CC1CC[NH+](CC1)CCNC(=O)NC[C@@H](C[NH+]2CCC(CC2)C)O
dude_tryb1__L001344,Cc1ccsc1[C@@H](C(=O)NC[C@@H]2CCCO2)N(c3ccc(cc3)OC)C(=O)Cn4c5ccccc5nn4
dude_tryb1__L001345,CCC[NH+](Cc1c(nn(c1Oc2ccccc2)c3ccccc3)C)C[C@H](COCC=C)O
dude_tryb1__L001346,C[C@@H]1CN(C[C@H](O1)C)C(=O)C(=O)Nc2c3c(nn2c4cccc(c4)Cl)CS(=O)(=O)C3
dude_tryb1__L001347,COc1cc(ccc1O)[C@H]2[C@@H]3CCCC[C@@]3(CC[NH+]2CC(=O)Nc4c(c5c(s4)CCCC5)C(=O)OC)O
dude_tryb1__L001348,Cc1ccc(cc1)N2[C@@H]([C@@H](CC2=O)C(=O)O[C@H](C)C(=O)c3c(n(c(=O)n(c3=O)C)C)N)c4cccs4
dude_tryb1__L001349,C[C@H]1CN(C[C@@H](O1)C)C(=O)C(=O)Nc2c3c(nn2c4cccc(c4)Cl)CS(=O)(=O)C3
dude_tryb1__L001350,c1cc(c(cc1/C=C/C(=O)OC[C@@H]2[C@@H]([C@@H]([C@@H]([C@@H](O2)OC[C@@H]([C@@H]([C@@H](CO)O)O)O)O)O)O)O)O
dude_tryb1__L001351,COc1ccc(cc1)c2nnn(n2)CC(=O)N(Cc3ccco3)[C@@H](c4ccco4)C(=O)NC[C@H]5CCCO5
dude_tryb1__L001352,[H]/N=c\1/c(=C/c2ccc(o2)c3ccc(cc3)F)/c(=O)nc-4s/c(=C/C(=O)N5CCOCC5)/[nH]n14
dude_tryb1__L001353,Cc1c(c2c(cn1)CN(CC2)C(=O)c3ccc4c(c3)OCO4)CNS(=O)(=O)c5ccsc5
dude_tryb1__L001354,CCn1c2ccc(cc2nc1CCC(=O)Nc3cc(ccc3O)S(=O)(=O)CC)S(=O)(=O)N(C)C
dude_tryb1__L001355,c1ccc(cc1)n2c(c3c(nc(nc3n2)NCC[NH+]4CCCCC4)c5cccc(c5)F)N
dude_tryb1__L001356,CC(=O)NS(=O)(=O)c1ccc(cc1)NC(=S)NC(=O)c2ccc(o2)c3ccc(c(c3)Cl)Cl
dude_tryb1__L001357,CC(C)Cn1c(c(c(=O)[nH]c1=O)N(CCOC)C(=O)CN2CCSCC2)N
dude_tryb1__L001358,Cc1nc2c(c(n1)N3CCOCC3)CN(CC2)S(=O)(=O)c4ccc(cc4)NC(=O)C
dude_tryb1__L001359,CCN(CC)S(=O)(=O)N1CCN(CC1)CC(=O)/N=c\2/[nH]c(cs2)c3ccc(c(c3)F)F
dude_tryb1__L001360,C1CCC2(CC1)C(=O)N(C(=O)N2)NC(=O)C[NH+](CC(=O)N)C3CCCC3
dude_tryb1__L001361,CCCC[C@H](CC)C(=O)N(Cc1ccc(o1)C)[C@@H](c2ccc(c(c2)OC)O)C(=O)NC(C)(C)CC(C)(C)C
dude_tryb1__L001362,Cc1ccc(cc1)S(=O)(=O)CNC(=O)[C@@H](c2ccc(c(c2)OC)OC)N(Cc3ccco3)C=O
dude_tryb1__L001363,CC1(O[C@H]2[C@@H](O[C@H]([C@@H]2O1)n3c(=O)[nH]c(=O)cn3)COS(=O)(=O)C)C
dude_tryb1__L001364,Cc1cc(no1)NC(=O)[C@@H](C)SCC(=O)NNC(=S)NCC(F)(F)F
dude_tryb1__L001365,CC(C)S(=O)(=O)c1cc2c(cc1S(=O)(=O)Oc3ccccc3)[C@H]4CO[P@](=O)(NN4CC2)OC
dude_tryb1__L001366,C[C@@H](C(=O)Nc1ccc(cc1)n2cnnn2)NS(=O)(=O)c3ccc4c(c3)OCCCO4
dude_tryb1__L001367,C[NH+](CCO)Cc1c(nc2n1cc(cc2)N)c3ccc4c(c3)NC(=O)CO4
dude_tryb1__L001368,c1cc(ccc1[N-]S(=O)(=O)c2ccc3c(c2)c(cc(=O)[nH]3)C(=O)NN4CC(=O)NC4=O)F
dude_tryb1__L001369,c1ccc(c(c1)NC(=S)NNc2ccc(cc2[N+](=O)[O-])S(=O)(=O)N)F
dude_tryb1__L001370,c1cc(ccc1NC(=O)CCn2cnc3c(c2=O)c4c(s3)CCCC4)n5c6c(cn5)c(=O)[nH]cn6
dude_tryb1__L001371,CCOc1ccc(cc1S(=O)(=O)Nc2ccccc2c3nnnn3C4CC4)Br
dude_tryb1__L001372,CCSc1nc(c2cnn(c2n1)CCNC(=O)/C=C\c3ccc(cc3)[N+](=O)[O-])NCC(C)C
dude_tryb1__L001373,COc1ccc(cc1)S(=O)(=O)[C@@H](CNS(=O)(=O)[C@H]2CS(=O)(=O)C[C@@H]2O)c3cccnc3
dude_tryb1__L001374,CC(=O)N1CCC(CC1)C(=O)N2CC[C@H]3[C@H]2C(=O)N4C[C@H](C[C@@H]4C(=O)N3)NC(=O)C5CCC5
dude_tryb1__L001375,CCSc1nnc(s1)NC(=O)CCc2nc3cc(ccc3n2C)S(=O)(=O)N4CCOCC4
dude_tryb1__L001376,C[NH+](C)[C@H]1[C@@H]2C[C@H]3Cc4c(ccc(c4-c5c3c(n[nH]5)[C@]2(C(=O)C(=C1[O-])C(=O)N)O)O)N(C)C
dude_tryb1__L001377,[H]/N=C\1/C(=C\c2ccc(cc2)OCCOc3ccccc3C)/C(=O)N=C4N1N=C(S4)S(=O)(=O)C
dude_tryb1__L001378,COC(=O)NC(=O)c1cn(c(=O)[nH]c1=O)[C@H]2[C@H]([C@@H]([C@@H](O2)CO)O)O
dude_tryb1__L001379,CCn1cc(cn1)/C=N/Nc2[nH]nc(n2)SCC(=O)NCCO
dude_tryb1__L001380,Cc1ccc(cc1S(=O)(=O)N2CCOCC2)NC(=O)[C@H](C)Oc3cccc(c3)N4CCCC4=O
dude_tryb1__L001381,CC[C@@H](C(=O)Nc1nnc(s1)C)Sc2nnc(n2CC(C)C)c3ccncc3
dude_tryb1__L001382,CC(C)[NH+]1CCc2c(sc(c2C(=O)N)NC(=O)COc3ccc(cc3Cl)Cl)C1
dude_tryb1__L001383,CN(C)CC[NH+]1CCC(CC1)CN/C(=[NH+]\CCOC)/N
dude_tryb1__L001384,CCCCn1c(c(c(=O)[nH]c1=O)N(Cc2ccco2)C(=O)CCc3c(nn(c3C)C)C)N
dude_tryb1__L001385,Cc1cc2c(cc1C)OC3(CC[NH+](CC3)C[C@H](c4ccc(cc4)Br)O)C[C@@H]2O
dude_tryb1__L001386,c1ccc(cc1)Oc2ccc(cc2NS(=O)(=O)c3cccs3)S(=O)(=O)N4CCOCC4
dude_tryb1__L001387,C[C@@H](C(=O)[O-])NC(=O)c1ccc(c(c1)[N+](=O)[O-])N2CC[NH+](CC2)CC(=O)NCC(C)C
dude_tryb1__L001388,CN(C)C(=O)Cn1cc(cn1)NC(=O)c2nc3ncc(cn3n2)Br
dude_tryb1__L001389,Cn1c(c(c(n1)c2ccccc2)C[NH+](CC3CC3)C[C@@H](COCC#C)O)Oc4ccc(cc4)Cl
dude_tryb1__L001390,C[C@H]1CSc2ccc(cc2NC1=O)S(=O)(=O)NCC3CC[NH+](CC3)Cc4ccccc4F
dude_tryb1__L001391,CN(C)c1ccc(cc1)[C@@H]2C(=C(C(=O)N2CCCn3cc[nH+]c3)[O-])C(=O)c4ccc(cc4)Br
dude_tryb1__L001392,C[C@H](C[NH2+]CC[NH2+]Cc1cc(ccc1OCc2ccccc2)Cl)O
dude_tryb1__L001393,CCOc1ccc2c(c1)cc(c(=O)[nH]2)[C@H](c3nnnn3C[C@@H]4CCCO4)N5CCC(=CC5)c6ccc(cc6)F
dude_tryb1__L001394,CC1(CC(CC([NH2+]1)(C)C)Nc2c(c(ncn2)Nc3ccc(cc3)I)N)C
dude_tryb1__L001395,c1cc(sc1[C@H](C[NH3+])Sc2nnc(n2C3CC3)C4CC4)Br
dude_tryb1__L001396,CC(C)[C@@H](C(=O)OCC(=O)N1CCc2c1cccc2)NC(=O)c3ccc(cc3Cl)[N+](=O)[O-]
dude_tryb1__L001397,Cn1cc(c(n1)C(=O)NNC(=O)c2cc(c(c(c2)OC)OC)OC)I
dude_tryb1__L001398,CCCCN(C)S(=O)(=O)c1ccc(cc1)C(=O)Nc2c(c3c(s2)C[NH+](CC3)CCC)C(=O)N
dude_tryb1__L001399,[H]/N=C(/c1c([n+](c2ccccc2n1)[O-])N)\N/N=C/c3ccc(cc3O)O
dude_tryb1__L001400,C[C@H]1C[C@@H](C[NH+](C1)C[C@@H](C)NC(=O)C(=O)Nc2ccccc2CC(=O)N)C
dude_tryb1__L001401,COc1cc2c(cc1OC)[nH+]c(nc2N)N3CCN(CC3)C(=O)[C@H]4CO[C@H]5CCCC[C@@H]5O4
dude_tryb1__L001402,CC(=O)Nc1ccccc1NC(=O)CCSc2nc([nH]n2)N/N=C/c3cnn(c3)CCOC
dude_tryb1__L001403,CC(=CCC[C@](C)([C@@H](C[C@H](/C(=C/COC[C@H]([C@H]([C@H]([C@H](CO)O)O)O)O)/C)OC(=O)C)O)O)C
dude_tryb1__L001404,Cc1ccc(cc1)c2nn(c(=S)n2C(C)C)[C@@H]3[C@H]([C@@H]([C@@H]([C@@H](O3)CO)O)O)NC(=O)C
dude_tryb1__L001405,CCOC(=O)C1=C(N=C(/C(=C(/[O-])\OCC)/[C@H]1c2ccccc2OC[C@@H](C[NH2+]C(C)(C)C)O)C)C
dude_tryb1__L001406,Cc1c(c(n(n1)c2ccccc2)Cl)C(=O)OCC(=O)c3c(n(c(=O)n(c3=O)C)CC(C)C)N
dude_tryb1__L001407,CC(C)[C@H](C(=O)N/N=C/c1cc(ccc1OCC(=O)N)Cl)NC(=O)c2ccc(cc2Cl)Cl
dude_tryb1__L001408,COc1ccc(cc1S(=O)(=O)N2CCN(CC2)c3ccccn3)N4C(=O)CCS4(=O)=O
dude_tryb1__L001409,Cn1c2ccc(cc2nc1CCC(=O)Nc3ccc(cc3)c4nnco4)S(=O)(=O)N5CCOCC5
dude_tryb1__L001410,CC(C)CNC(=S)N(CCc1c[nH]c2c1cc(cc2)OC)Cc3ccc(c(c3)OC)OC
dude_tryb1__L001411,C[C@H](C(=O)Nc1cc(ccc1F)F)[NH+]2CCC[C@@H](C2)CNS(=O)(=O)N
dude_tryb1__L001412,Cc1ccc(cc1N(CC(=O)N[C@H](C)c2ccc(cc2)N3CCCC3)S(=O)(=O)C)[N+](=O)[O-]
dude_tryb1__L001413,CCN(CC)S(=O)(=O)c1cc(ccc1Cl)C(=O)Nc2cc(ccc2n3cncn3)C(F)(F)F
dude_tryb1__L001414,COCCNC(=O)[C@@H](c1ccc(cc1)OC)N(Cc2cccs2)C(=O)c3c(c(ns3)C(=O)N)N
dude_tryb1__L001415,[H]/N=C/1\C(=C(CS1)c2ccc3c(c2)N(C(=O)CO3)C)C(=O)N
dude_tryb1__L001416,CC[C@@H](CN/C(=[NH+]/C[C@H]1CCCO1)/N)[NH+]2CCc3ccccc3C2
dude_tryb1__L001417,CC(=O)N[C@@H]1[C@@H]([C@H]([C@H](O[C@@H]1OC(=O)c2ccccc2)CO)O[C@H]3[C@H]([C@@H]([C@@H](O3)[C@H](CO)O)O)O)O
dude_tryb1__L001418,COc1ccc(cc1)NC(=S)N(CCCN2CCOCC2)Cc3cc4cc5c(cc4[nH]c3=O)OCCO5
dude_tryb1__L001419,CC(C)C[C@H](C(=O)[O-])NC(=O)[C@H](C(C)C)NC(=O)[C@@H]1[C@@H]2[C@@H]([C@@H]3[C@@H](O1)OC(O3)(C)C)OC(O2)(C)C
dude_tryb1__L001420,Cc1ccc(cc1)S(=O)(=O)Oc2c(cc(cc2I)/C=N/NC(=S)N)OC
dude_tryb1__L001421,CCOC(=O)c1c(c(sc1NC(=O)c2ccc(cc2)S(=O)(=O)N(C)C[C@H]3CCCO3)C)C
dude_tryb1__L001422,C[C@H](C(=O)Nc1ccc(cc1Cl)Cl)[NH+]2CCC(CC2)C(=O)Nc3cc(ccc3O)Cl
dude_tryb1__L001423,C[C@@]12CC[C@H]([C@@]([C@H]1Cc3c(nc(s3)NC(=O)c4ccc(cc4)C(C)(C)C)[C@H]2CC(=O)NCC[NH+]5CCOCC5)(C)CO)O
dude_tryb1__L001424,[H]/N=c\1/c(=C/c2ccc(o2)c3ccc(cc3)Cl)/c(=O)nc-4s/c(=C/C(=O)N5CCOCC5)/[nH]n14
dude_tryb1__L001425,Cc1ccc2cc(c(=O)[nH]c2c1)CN(C[C@H]3CCCO3)C(=S)NCCC[NH+]4CCOCC4
dude_tryb1__L001426,CCCNC(=O)CSc1nnc(s1)SCC(=O)Nc2c(c(c(s2)C)C)C(=O)OC
dude_tryb1__L001427,Cc1cccn2c1nc(c(c2=O)/C=C/3\C(=O)N(C(=S)S3)[C@H](C)c4ccccc4)NCCOCCO
dude_tryb1__L001428,Cc1cc[nH+]c(c1)N[C@H](c2ccc(cc2Cl)Cl)c3ccc4cccnc4c3O
dude_tryb1__L001429,C[C@@H](COC)NS(=O)(=O)[C@@H]1C(=C2CCN(C[C@H]2S1)C(=O)[C@@H]3C=C(N=N3)CC(C)C)C(=O)OC
dude_tryb1__L001430,CC(=O)O[C@@H]1C[C@H]([C@]2([C@H]3[C@@H](CC[C@]2(C1)O)[C@@]4(CC[C@@H]([C@@]4(C[C@@H]3OC(=O)C)C)C5=CC(=O)OC5)O)CO)O
dude_tryb1__L001431,C[C@H](C(=O)Nc1c(ccs1)C(=O)N)[NH+]2CCN(CC2)c3ccc(cn3)Br
dude_tryb1__L001432,Cc1ccc(cc1NC(=O)[C@H]2CC(=O)N(C2)c3ccc4c(c3)OCCO4)S(=O)(=O)N5CCOCC5
dude_tryb1__L001433,CCOC(=O)c1c(c(sc1NC(=O)COC(=O)c2c(nccn2)N)C(=O)N(C)C)C
dude_tryb1__L001434,Cc1cc(no1)C[NH+]2CCN(CC2)[C@@H](C)C(=O)Nc3c(c4c(s3)CCC4)C(=O)N
dude_tryb1__L001435,Cc1cc(n2c(n1)nc(n2)CNS(=O)(=O)c3cc(cc4c3N(CC4)C(=O)C)Br)C
dude_tryb1__L001436,CC[C@H](c1nnnn1C(C)(C)CC)[NH+](CCCO)Cc2cc3cc(c(cc3[nH]c2=O)C)C
dude_tryb1__L001437,CC[C@@H]([C@H](c1ccc(cc1)Br)OCCc2c(ncs2)C)[NH3+]
dude_tryb1__L001438,CCC(C)(C)NC(=O)[C@@H](c1ccc(cc1)F)N(Cc2ccco2)C(=O)CCC(=O)Nc3ccccn3
dude_tryb1__L001439,Cc1ccnc2n1nc(n2)C(=O)NCCN3C(=O)/C(=C/c4ccc(cc4)SC)/SC3=O
dude_tryb1__L001440,C[NH+](C)Cc1ccccc1CNC(=O)NCC2(CCOCC2)c3ccc(cc3)F
dude_tryb1__L001441,Cc1c(c(n(n1)[C@H]2CCS(=O)(=O)C2)C)CN(C)C(=O)CCn3c4ccccc4oc3=O
dude_tryb1__L001442,O=C(CCCCNC(=O)OCc1ccccc1)OCN3C(=O)c2ccccc2S3(=O)=O
dude_tryb1__L001443,Cc1c(c(n(n1)c2ccccc2)C)C[NH+](C)CC(=O)Nc3c(c4c(s3)CCC4)C(=O)N
dude_tryb1__L001444,CC[NH+](CC)CCN(Cc1cc2cc3c(cc2[nH]c1=O)OCCO3)C(=S)NCCCOCC
dude_tryb1__L001445,CC[NH+]1CCN(CC1)c2c(c([nH+]cn2)NN(c3ccccc3)c4ccccc4)N
dude_tryb1__L001446,CC(C)[NH2+][C@](C)(CCN(C)[C@@H]1CCC[NH+](C1)C)C(=O)N
dude_tryb1__L001447,c1ccc(cc1)/C=C\2/C(=O)N(C(=O)S2)CCNC(=O)CSCc3cc(=O)n4ccsc4n3
dude_tryb1__L001448,c1ccnc(c1)NC(=O)c\2cc3ccc(cc3o/c2=[NH+]\c4ccc(c(c4)Cl)F)O
dude_tryb1__L001449,C([C@H](C([C@@H](CC(=O)[O-])[NH3+])Br)[NH3+])C(=O)[O-]
dude_tryb1__L001450,CCC[NH+]([C@@H](c1ccccc1Br)[C@@H](CC)[NH3+])C(C)C
dude_tryb1__L001451,C[NH+]1CCC(CC1)[NH2+]C[C@@H]2[C@@H]([C@@H]([C@@H](O2)CO)O)N3CCN(CC3)c4ncccn4
dude_tryb1__L001452,c1cc2c(cc1C(=O)NNC(=O)[C@@H]3CC(=O)N(C3)c4ccc5c(c4)OCCO5)OCCO2
dude_tryb1__L001453,CCCOc1ccccc1C(=O)NNC(=S)NC(=O)c2ccccc2OCCC(C)C
dude_tryb1__L001454,CC[C@@H](C)Oc1cccc(c1)C(=O)NC(=S)NNC(=O)COc2ccccc2C(C)C
dude_tryb1__L001455,Cc1ccc(cc1)[C@@H](c2cccs2)[NH2+]CC(=O)Nc3c(ccs3)C(=O)N
dude_tryb1__L001456,CCOC(=O)C1=C(NC(=O)N[C@H]1c2ccco2)CSc3nnc(n3c4ccccc4C)C
dude_tryb1__L001457,[H]\N=C\1/C(=C/c2ccc(c(c2)OCC)OS(=O)(=O)C)/C(=O)N=C3N1C(=CS3)c4ccccc4
dude_tryb1__L001458,CN([C@@H]1CCS(=O)(=O)C1)C(=O)COc2ccc(cc2[N+](=O)[O-])S(=O)(=O)N3CCCC3
dude_tryb1__L001459,CCOC(=O)c1c(c(c([nH]1)C)C(=O)CSc2nnc(n2CC=C)[C@@H]3COc4ccccc4O3)C
dude_tryb1__L001460,c1cc(oc1CO)c2c3c([nH+]c4c2c(c(s4)C(=O)N)N)CCCCCC3
dude_tryb1__L001461,Cc1ccc(cc1)N([C@@H](c2ccco2)C(=O)NC[C@H]3CCCO3)C(=O)CCC(=O)Nc4cc(on4)C
dude_tryb1__L001462,c1cc(c(cc1Cl)Cl)OCC(=O)N/N=C/[C@H]([C@H]([C@@H]([C@@H](CO)O)O)O)O
dude_tryb1__L001463,c1cc(cnc1)[C@@H](CNC(=O)C(=O)NCCCN2CCOCC2)N3CCN(CC3)c4ccc(cc4)F
dude_tryb1__L001464,Cc1c2c(c(c(c1OC)C/C=C(\C)/CCC(=O)O[C@@H]3[C@H]([C@H]([C@@H]([C@H](O3)CO)O)O)O)O)C(=O)OC2
dude_tryb1__L001465,Cc1cc(no1)NC(=O)CCC(=O)N(Cc2ccco2)[C@H](c3ccncc3)C(=O)NC[C@@H]4CCCO4
dude_tryb1__L001466,COc1cc(ccc1O)C[C@H](CO[C@H]2[C@H]([C@@H]([C@@H]([C@@H](O2)CO)O)O)O)c3cc(cc(c3O)OC)/C=C/CO
dude_tryb1__L001467,Cc1ccnn1c2cc(ncn2)SCC(=O)Nc3cc(cc(c3)OC)OC
dude_tryb1__L001468,Cc1ccc2c(c1)cc(c(=O)[nH]2)[C@@H](c3nnnn3C[C@@H]4CCCO4)N5CCN(CC5)c6ccc(cc6)OC
dude_tryb1__L001469,CC(C)S(=O)(=O)c1ccc(c(c1)c2ccccc2O)N3CC[NH2+][C@@H](C3)c4ccccc4O
dude_tryb1__L001470,Cc1c(c(c(cn1)CO[C@H]2[C@@H]([C@H]([C@H]([C@@H](O2)CO)O)O)O)CO)O
dude_tryb1__L001471,Cc1ccnc(n1)SCCCn2c3c(=O)[nH]c(=O)n(c3nc2N4CCN(CC4)c5ccc(cc5)OC)C
dude_tryb1__L001472,Cn1cc(cn1)S(=O)(=O)N2CCC[C@H](C2)C(=O)Nc3cnn(c3)Cc4c(cccc4Cl)F
dude_tryb1__L001473,COc1cc(cc(c1)OC)NC(=O)c2cccc(c2)NS(=O)(=O)c3ccc4c(c3)OCCO4
dude_tryb1__L001474,Cc1cc(c(c(c1)C)NC(=O)CNC(=O)NCC(C)(C)[NH+]2CCc3ccccc3C2)C
dude_tryb1__L001475,CCc1ccc2c(c1)cc(c(=O)[nH]2)[C@H](c3nnnn3C[C@@H]4CCCO4)N(Cc5cccnc5)Cc6ccco6
dude_tryb1__L001476,CC(=O)Nc1ccc(cc1)[C@@H](C[NH+]2CCC3(CC2)C[C@H](c4cc(ccc4O3)OC)O)O
dude_tryb1__L001477,C[C@@H](c1nnc(o1)S(=O)(=O)C)NS(=O)(=O)[C@@H]2CCS(=O)(=O)C2
dude_tryb1__L001478,C[C@H]([C@H](C(=O)[C@H]1C[C@H]2CC[C@@]1(C2(C)C)CS(=O)(=O)N3CCC4(CCc5c4cccc5)CC3)[NH3+])C(=O)N
dude_tryb1__L001479,c1cc(ccc1CC(=O)Nc2cc(ccc2N3CCOCC3)S(=O)(=O)N4CCOCC4)C#N
dude_tryb1__L001480,C[C@H](C(=O)c1ccc(cc1)Cl)OC(=O)CNS(=O)(=O)c2ccc(c(c2)[N+](=O)[O-])SC
dude_tryb1__L001481,CCCCOc1ccc(cc1)N(CC(=O)NC(C)(C)C)C(=O)CCC(=O)Nc2nccs2
dude_tryb1__L001482,CCCn1c(c(c(c(c1=O)C#N)C)/C=C/2\C(=O)N(C(=S)S2)CCC(=O)[O-])N3CC[NH+](CC3)CC
dude_tryb1__L001483,Cc1c(c(=O)n(n1C)c2ccccc2)NC(=O)[C@@H](C)OC(=O)/C=C/c3ccco3
dude_tryb1__L001484,c1ccc(cc1)C[C@H](C(=O)N2CCC3(CC2)c4c([nH+]c[nH]4)CCN3)NC(=O)c5cccc(c5)Br
dude_tryb1__L001485,Cc1cc(ccc1S(=O)(=O)NCCN2CCN(CC2)S(=O)(=O)C)OC
dude_tryb1__L001486,C[C@@H]1C[C@@H](C(=O)O1)CCC(=O)NC(=S)Nc2ccc(cc2)S(=O)(=O)N
dude_tryb1__L001487,Cn1c(c(c(n1)c2ccccc2)C[NH+](Cc3ccco3)C[C@@H](CCC=C)O)Oc4ccccc4F
dude_tryb1__L001488,Cc1ccc(c(c1)S(=O)(=O)[C@H](CNC(=O)C(=O)N[C@H]2CCS(=O)(=O)C2)c3cccs3)C
dude_tryb1__L001489,C[NH+](C)CCCNC(=O)[C@@H]1C[C@H]2c3cccc4c3c(c[nH]4)C[C@H]2[NH+](C1)CC=C
dude_tryb1__L001490,Cc1c2c(c(cnc2n(n1)C)C(=O)N3C[C@H](C4(C3)CC[NH2+]CC4)C(=O)N[C@H](C)CCCC(C)(C)O)Cl
dude_tryb1__L001491,CN(C)S(=O)(=O)c1ccc(cc1)NC(=O)CSc2c3cnn(c3ncn2)c4ccccc4Cl
dude_tryb1__L001492,CCOc1cc(c2c(c1)occ(c2=O)c3ccc(cc3)O[C@@H]4[C@@H]([C@@H]([C@@H]([C@@H](O4)CO)O)O)O)O
dude_tryb1__L001493,c1ccc(cc1)C(=O)NNC(=O)[C@H](CC2=c3ccccc3=[NH+]C2)NC(=O)c4cccs4
dude_tryb1__L001494,COC(=O)CC1=C([C@@]2(c3ccccc3N(C2=O)CC(=O)OC)C(=C(O1)N)C(=O)OC)C(=O)OC
dude_tryb1__L001495,[H]/N=C\1/NC(=O)/C(=C/c2ccc(c(c2)OCC)OC(=O)C[C@@H]3C(=O)NC(=O)S3)/S1
dude_tryb1__L001496,C[C@H](C[NH2+]Cc1cc(c(c(c1)Cl)OCC(=O)N)OC)Cn2cc[nH+]c2
dude_tryb1__L001497,Cc1ccc(c(c1)OCc2nnc(o2)SCC(=O)c3c(n(c(=O)n(c3=O)C)C)N)C
dude_tryb1__L001498,CC1(CC(CC([NH2+]1)(C)C)Nc2c(c(ncn2)Nc3cccc4c3cccc4)N)C
dude_tryb1__L001499,CCCOc1ccc(cc1)C2=NN=C3[C@H]2[C@H](C(=C(O3)N)C#N)c4cc(c(cc4OC)OC)OC
dude_tryb1__L001500,C[C@H]1CC[NH+]([C@@H](C1)C)CCCC[C@@](C)(C(=O)N)[NH2+]C(C)C
dude_tryb1__L001501,CC(C)(C)OC(=O)N[C@H](CCC/N=C(\N)/N[N+](=O)[O-])C(=O)OC[C@@H]1[C@@H]([C@@H]([C@@H]([C@H](O1)O)O)O)O
dude_tryb1__L001502,C[C@H]1C[C@@H](C[NH+](C1)Cc2ccccc2CNC(=O)C(=O)Nc3ccccc3F)C
dude_tryb1__L001503,Cn1c(c(c(=O)n(c1=O)C)C(=O)CN2CCCN(CC2)S(=O)(=O)C)N
dude_tryb1__L001504,CC1=C([C@H](C(=C(O1)N)C(=O)N)c2ccc(s2)[N+](=O)[O-])C(=O)N
dude_tryb1__L001505,CCCCNc1ccc(cc1NCC(=O)NC(=O)NCCOC)S(=O)(=O)N(CC)CC
dude_tryb1__L001506,COc1cc(ccc1OCC[NH2+]C[C@@H](COc2cccc3c2c4ccccc4[nH]3)O)O
dude_tryb1__L001507,CCOC(=O)C1=C(OC(=C([C@@]12c3cc(ccc3N(C2=O)C)Br)C(=O)OC)CC(=O)OC)N
dude_tryb1__L001508,CC(C)S(=O)(=O)c1cc2c(cc1S(=O)(=O)C(C)C)[C@H]3CO[P@](=O)(NN3CC2)SC
dude_tryb1__L001509,Cc1c\2c(oc1C(=O)NNC(=O)c3ccncc3)CC(C/C2=N\NC(=S)N)(C)C
dude_tryb1__L001510,Cc1c2c(=O)[nH]c(nc2sc1C(=O)OCC=C)C[NH+](C[C@@H](COC(C)(C)C)O)C(C)C
dude_tryb1__L001511,C[C@H]1c2ccc(c(c2OC(=O)[C@@H]1CC(=O)NCCc3c[nH]c4c3cc(cc4)OC)OC(=O)C)OC(=O)C
dude_tryb1__L001512,CC[C@H](C(=O)NCCc1ccc(cc1OC)OC)N2c3cc(nn3CCC2=O)C
dude_tryb1__L001513,CCCCn1c(c(c(=O)[nH]c1=O)N(CCC(C)C)C(=O)/C=C/c2cc(c(c(c2)OC)OC)OC)N
dude_tryb1__L001514,C[C@H](C(=O)N[C@H](CO)C(=O)[O-])NC(=O)[C@@H](CCSC)[NH3+]
dude_tryb1__L001515,CS(=O)(=O)N(CC(=O)NCCCN1CCc2c1cccc2)c3ccc4c(c3)OCCO4
dude_tryb1__L001516,CCCCCCN([C@@H](c1cccc(c1)O)C(=O)NCS(=O)(=O)c2ccc(cc2)C)C(=O)CCCCC
dude_tryb1__L001517,CCOc1ccc(cc1)OC[C@H](Cn2c(=O)c3c(cn2)cn(n3)c4ccccc4)O
dude_tryb1__L001518,CCN(CC)c1ccc(cc1)/C=N/NC(=O)c2ccccc2NS(=O)(=O)c3ccc(cc3)OCC
dude_tryb1__L001519,c1cc(ccc1C[NH+]2CCC(CC2)C(=O)N/N=C/c3cc(ccc3O)Cl)Br
dude_tryb1__L001520,c1cc(ccc1C[NH+]2CCC(CC2)F)c3[nH]c(=O)cc(n3)c4ccc(cc4)O
dude_tryb1__L001521,Cc1cc(c(n1c2ccc(cc2)OC)C)/C=C(\C#N)/C(=O)OCC(=O)Nc3ccc4c(c3)OCCO4
dude_tryb1__L001522,C=CCc1c(c(ccc1)/C=N/NC(=O)COCC(=O)N/N=C/c2c(c(ccc2)CC=C)O)O
dude_tryb1__L001523,c1ccc(cc1)N/N=C/2\c3nc(c(/c(=N\c4ccccc4)/n3NC2=[NH2+])C#N)N
dude_tryb1__L001524,CC(C)OC(=O)C[C@H](c1ccccc1[N+](=O)[O-])NC(=O)CN2C(=O)[C@]3(CCc4c3cccc4)NC2=O
dude_tryb1__L001525,Cc1cccc(c1NC(=O)/C(=N/NC(=O)CC#N)/Cc2c(cccc2[N+](=O)[O-])[N+](=O)[O-])C(C)C
dude_tryb1__L001526,CCCCN(Cc1ccco1)c2ccc(cc2C(=O)NCCC)NC(=O)Nc3ccc(cc3)[N+](=O)[O-]
dude_tryb1__L001527,CCOC(=O)c1cnn2c1nnc(c2NC(=O)c3c(cnn3C)Br)C#N
dude_tryb1__L001528,Cc1c2c(cc(nc2n(n1)C)C3CC3)C(=O)N[C@H]4CCC[NH+](C4)CC(=O)N
dude_tryb1__L001529,CC(=O)N[C@@H]1[C@H](O[C@@H]([C@@H]1O)n2cnc3c2nc(nc3N)Cl)CO
dude_tryb1__L001530,CCN(CC)S(=O)(=O)c1ccc(c(c1)[N+](=O)[O-])O[C@@H](C)C(=O)Nc2ccc(c(c2)F)F
dude_tryb1__L001531,Cc1cccc(c1C)NC(=S)N(Cc2cccs2)C3CC([NH2+]C(C3)(C)C)(C)C
dude_tryb1__L001532,CCOc1ccc(cc1)NS(=O)(=O)c2ccc(cc2)C(=O)NC3(CCCCC3)C(=O)NCC=C
dude_tryb1__L001533,CC(C)c1[nH+]ccn1CCCC[C@@](C)(C(=O)N)[NH2+]C(C)C
dude_tryb1__L001534,C[C@H]1[C@H](c2c(=O)[nH]c(nc2O1)CSc3nnc(n3C)[C@@H]4CCS(=O)(=O)C4)C(=O)[O-]
dude_tryb1__L001535,C[C@@H](C(=O)Nc1ccc(c(c1)Cl)F)[NH+](C)CC(=O)Nc2ccccc2Br
dude_tryb1__L001536,CC(=O)C=C=C1[C@](C[C@H](CC1(C)C)O[C@H]2[C@@H]([C@H]([C@@H]([C@H](O2)CO)O)O)O)(C)O
dude_tryb1__L001537,C/C(=C/C(=O)OC[C@@](O[C@](OC(=O)/C=C(\N)/C)(COC(=O)/C=C(\N)/C)C)(OC(=O)/C=C(\N)/C)C)/N
dude_tryb1__L001538,Cc1cc(cc(c1C)NC(=O)C[NH2+][C@H](c2cccs2)C(C)C)S(=O)(=O)N
dude_tryb1__L001539,c1cc(ccc1c2coc3c(c2=O)ccc(c3O[C@@H]4[C@H]([C@H]([C@H]([C@H](O4)CO)O)O)O)O)O
dude_tryb1__L001540,c1ccc(cc1)S(=O)(=O)Nc2ccc(cc2)c3nnc(o3)SCC(=O)Nc4nccs4
dude_tryb1__L001541,CC[C@@H](C)N([C@@H]1CCS(=O)(=O)C1)C(=O)CSc2nnc(n2N)COc3cccc(c3)OC
dude_tryb1__L001542,Cc1c(cnn1c2ccccc2)C(=O)C3=C(C(=O)N([C@H]3c4cccc(c4OC)OC)CC[NH+](C)C)[O-]
dude_tryb1__L001543,Cc1cc(c(cc1Cl)C2=NN=C3[C@H]2[C@@H](N(C3=O)CCO)c4cc(c(c(c4)Br)O)OC)O
dude_tryb1__L001544,c1cc(oc1)C(=O)NNC(=O)c2ccc(cc2)NS(=O)(=O)c3ccc4=[NH+]C(=O)[NH+]=c4c3
dude_tryb1__L001545,COC(=O)C(C(=O)N3CCN(C(=O)NCCC(c1ccccc1)c2ccccc2)CC3)c4ccc(NC(N)=N)cc4
dude_tryb1__L001546,C=CCOC[C@H](C[NH+](CCN1CCOCC1)Cc2[nH]c(=O)c3c(csc3n2)c4ccccc4)O
dude_tryb1__L001547,Cc1cccc(c1C)N2C[C@@H](CC2=O)C(=O)OCC(=O)c3c(n(c(=O)n(c3=O)C)CC(C)C)N
dude_tryb1__L001548,Cc1ccc(o1)[C@H](CNC(=O)CCN2c3ccccc3OCC2=O)N4CCOCC4
dude_tryb1__L001549,Cc1cc(nc(n1)CCNC(=O)c2cn(nn2)C[C@H]3CCCO3)C(F)(F)F
dude_tryb1__L001550,COc1ccc(cc1)C2=N[C@@H]([NH2+][C@H](C2)c3ccccc3O)c4ccc(c(c4)Br)F
dude_tryb1__L001551,CCOc1cc(ccc1O)[C@H]2C(=C(C(=O)N2CCC[NH+](C)C)[O-])C(=O)c3ccc(c(c3)C)OCC(C)C
dude_tryb1__L001552,CCN(CC)C(=O)CS[C@H]1NN[C@@H](O1)[C@H](CC2=c3ccccc3=[NH+]C2)NC(=O)OC(C)(C)C
dude_tryb1__L001553,c1ccc2=[NH+]CC(=c2c1)C[C@H](C(=O)NCC3CCC(CC3)C(=O)[O-])N4C(=O)[C@H]5C=CC=CC5=NC4=O
dude_tryb1__L001554,C[C@@H]1C[C@]2(CC(C1)(C)C)C(=O)N(C(=O)N2)CC(=O)OCC(=O)NC(=O)NCC=C
dude_tryb1__L001555,Cn1c(c(c(=O)n(c1=O)C)C(=O)COC(=O)/C=C/c2cn(nc2c3ccccc3)c4ccccc4)N
dude_tryb1__L001556,[H]/N=C\1/C(=C\c2ccc(c(c2)OC)OCCOc3ccccc3C)/C(=O)N=C4N1N=C(S4)S(=O)(=O)C
dude_tryb1__L001557,CCCc1cc(=O)[nH]c(n1)n2c(cc(n2)c3ccco3)NC(=O)c4ccc(o4)Br
dude_tryb1__L001558,CCC[NH+]1CCc2c(sc(c2C(=O)NC(=O)N)NC(=O)c3ccc(cc3)S(=O)(=O)N(CC)CC)C1
dude_tryb1__L001559,Cc1cccc(c1)[C@@H](CC(=O)NC[C@H](c2cccc(c2)OC)[NH+](C)C)NC(=O)N
dude_tryb1__L001560,[H]/N=C\1/C(=C\c2ccc(c(c2)OCC)OCc3ccccc3Cl)/C(=O)N=C4N1N=C(S4)S(=O)(=O)C
dude_tryb1__L001561,CC[NH+](CC)CCN1[C@H](/C(=C(/c2c(c([nH]c2C)C(=O)OC)C)\O)/C(=O)C1=O)c3ccc(cc3)[N+](=O)[O-]
dude_tryb1__L001562,CCCN1C(=O)c2c(ncn2C[C@@]1(C)C(=O)NCc3ccc(cc3)C)C(=O)NCCCN4CCOCC4
dude_tryb1__L001563,c1ccc(c(c1)C(=O)N/N=C/[C@H]([C@H]([C@@H]([C@@H](CO)O)O[C@@H]2[C@@H]([C@@H]([C@@H]([C@@H](O2)CO)O)O)O)O)O)O
dude_tryb1__L001564,CCN1C[C@@H](Oc2c1cccc2)CN(C)CC(=O)c3c(n(c(=O)[nH]c3=O)C4CC4)N
dude_tryb1__L001565,Cc1c(c(n(n1)CCCNC(=O)[C@H]2CCCN(C2)S(=O)(=O)c3cnn(c3C)C)C)Cl
dude_tryb1__L001566,c1ccc2=[NH+]CC(=c2c1)[C@@H](CNC(=O)CSc3nc([nH]n3)N)c4ccc(cc4Cl)Cl
dude_tryb1__L001567,Cn1c(c(c(=O)n(c1=O)C)C(=O)COC(=O)c2ccccc2n3c(=O)c(c(cn3)Cl)Cl)N
dude_tryb1__L001568,COc1cc(ccc1O)/C=N/Nc2[nH]nc(n2)SCC(=O)Nc3nncs3
dude_tryb1__L001569,CCOCCOc1nc(n(n1)c2ccc(cc2)NC[C@@H](COC(C)(C)C)O)c3ccc(cc3)C(F)(F)F
dude_tryb1__L001570,C[C@@H]1C[C@H]([C@@H]([C@@H](O1)Nc2ccccc2N[C@@H]3[C@@H]([C@@H]([C@@H]([C@@H](O3)C)O)O)O)O)O
dude_tryb1__L001571,Cc1c(c(n(n1)c2ccccc2)Cl)/C=N\NC(=O)c3c(n(nn3)c4c(non4)N)C[NH+]5CCCC[C@H]5C
dude_tryb1__L001572,CCOC(=O)c1c(c([nH]c1C)C(=O)/C(=C/c2cc(c(c(c2)OC)OC)OC)/C#N)C
dude_tryb1__L001573,CC(C)c1nnc(s1)N2[C@@H](c3c(=O)c4cc(ccc4oc3C2=O)F)c5ccc(cc5)OCC(=O)N
dude_tryb1__L001574,NCc4ccc(Cl)c(NC(=O)CN3CCCCC(NC(=O)c2ccc(c1ccccc1)cc2)C3=O)c4
dude_tryb1__L001575,CC(C)c1ccc(cc1)S(=O)(=O)[C@H](CNS(=O)(=O)c2ccc3c(c2)OCCO3)c4cccnc4
dude_tryb1__L001576,COc1ccc(cc1)NS(=O)(=O)c2ccc(cc2)NC(=O)c3cc(ccc3Cl)NS(=O)(=O)C
dude_tryb1__L001577,Cc1ccc(c(c1)C)N2C(=O)[C@H](C(=O)NC2=O)/C=N/C(CO)(CO)CO
dude_tryb1__L001578,Cc1ccc(cc1)[C@H]2C[C@@H](N(N2)[C@@H]3CCS(=O)(=O)C3)NS(=O)(=O)C4=C(N=N[C@@H]4C)C
dude_tryb1__L001579,Cc1ccc(cc1S(=O)(=O)N2CCOCC2)NC(=O)COC(=O)c3c(nsc3NC)C
dude_tryb1__L001580,c1cc(ccc1OC[C@@H](C[NH2+]C(CO)(CO)CO)O)OC[C@H](C[NH2+]C(CO)(CO)CO)O
dude_tryb1__L001581,Cc1c(c(n2c(n1)nc(n2)SC)C)CC(=O)NNC(=O)c3csc(n3)N4CCOCC4
dude_tryb1__L001582,CC(=O)OCC(=O)[C@@H]1CC[C@@]2([C@@]1(CC[C@@H]3[C@@H]2CC[C@@]4([C@@]3(CC[C@@H](C4)OC(=O)C)COC(=O)C)O)C)O
dude_tryb1__L001583,CC(=O)Nc1ccc(cc1)S(=O)(=O)N(Cc2ccco2)CC(=O)Nc3ccc4c(c3)OCCO4
dude_tryb1__L001584,COc1cc(c(cc1O)[N+](=O)[O-])/C=N/Nc2[nH]nc(n2)SCC(=O)NC3C4CC5CC(C4)CC3C5
dude_tryb1__L001585,CCOc1cc(ccc1O)[C@H]2C(=C(C(=O)N2CC[NH+](C)C)[O-])C(=O)c3ccc4c(c3)OCCO4
dude_tryb1__L001586,CCCC[C@]1(C(=O)N(C(=O)N1)CC2=C([C@@H](NC(=O)N2)c3ccco3)C(=O)OCC)c4ccc(cc4)F
dude_tryb1__L001587,c1ccc(c(c1)C(=O)N)NC(=O)C[NH+]2CCCN(CC2)c3ccc(cn3)C(F)(F)F
dude_tryb1__L001588,COc1cc2cc(c(=O)[nH]c2cc1OC)CN(Cc3ccc(cc3)F)Cc4nnnn4Cc5ccco5
dude_tryb1__L001589,CC[C@@H]([C@H](c1ccc(cc1)Br)[NH+](C)CCC(C)C)[NH3+]
dude_tryb1__L001590,Cc1c(c(=O)n(c(=O)[nH]1)C)CCC(=O)N[C@H]2NC(=C(S2)C(=O)OC(C)C)C
dude_tryb1__L001591,CCCn1c(c(c(=O)[nH]c1=O)C(=O)COC(=O)[C@H]2CC(=O)N(C2)c3cccc4c3cccc4)N
dude_tryb1__L001592,C[C@H]1CC=C(O1)[C@H](CNC(=O)CCc2[nH]c(=O)c3cnn(c3n2)c4ccccc4)N5CCOCC5
dude_tryb1__L001593,Cc1c(c(n2c(n1)nc(n2)C(F)(F)F)C)CCC(=O)Nc3cc(c(cc3C(=O)NC)OC)OC
dude_tryb1__L001594,COCCN(CC(=O)Nc1nc(cs1)CC(=O)NCCc2ccccn2)C(=O)c3ccc(cc3)OC
dude_tryb1__L001595,COc1ccc(cc1OC)[C@H]2c3cc(c(c(c3C[C@@H]4[C@@H]2COC4=O)S(=O)(=O)N)OC)OC
dude_tryb1__L001596,COc1cc(cc(c1O)C(C2=c3ccccc3=[NH+][C@H]2C(=O)[O-])C4=c5ccccc5=[NH+][C@@H]4C(=O)[O-])Cl
dude_tryb1__L001597,Cc1ccc(nc1)NC(=O)CN(C)S(=O)(=O)c2ccc3c(c2)n(c(=O)c(=O)n3C)C
dude_tryb1__L001598,C[C@@H](C(=O)NC)OC(=O)c1cc(ccc1Cl)S(=O)(=O)N(CC=C)c2ccc(cc2)OC
dude_tryb1__L001599,c1cc(c(cc1CSc2nc3c(=O)[nH]c(nc3n2[C@H]4[C@@H]([C@@H]([C@H](O4)CO)O)O)N)Cl)Cl
dude_tryb1__L001600,c1cc(ccc1CO[C@H]2[C@@H]([C@@H]([C@@H]([C@@H](O2)CO)O[C@@H]3[C@@H]([C@@H]([C@@H]([C@@H](O3)CO)O)O)O)O)O)NC(=S)N
dude_tryb1__L001601,C[C@H](CNC(=O)C(=O)Nc1c(c2c(s1)CCC2)C(=O)N)O
dude_tryb1__L001602,Cc1cccn2c1nc3c(c2=O)cc(c([n+]3CCCOC)N)C(=O)Nc4nccs4
dude_tryb1__L001603,CCCCOc1cccc(c1)C(=O)NC(=S)Nc2ccc(c(c2)c3ccc(o3)CO)OC
dude_tryb1__L001604,CCc1c2cc(ccc2[nH]n1)c3cc(cnc3)OC[C@H](CC4=c5ccccc5=[NH+]C4)[NH3+]
dude_tryb1__L001605,CCOC1=C[C@H]2C[C@H]3CO[P@@](=O)(NN3C[C@@H]2C=C1S(=O)(=O)Oc4ccccc4)OCC
dude_tryb1__L001606,Cc1c(n(c(c1C#N)NC(=O)CSc2nncn2c3cccc(c3)OC)c4ccc(cc4)OC)C
dude_tryb1__L001607,COc1cccc(c1OCc2ccccc2F)C[NH2+]CCNc3ccc(cc3Cl)[N+](=O)[O-]
dude_tryb1__L001608,O=C(CCCNC(=O)OCc1ccccc1)OCN3C(=O)c2ccccc2S3(=O)=O
dude_tryb1__L001609,C[C@H](C[NH+](Cc1[nH]c(=O)c2c(csc2n1)c3ccccc3F)C4CCCCC4)O
dude_tryb1__L001610,c1ccc(cc1)COc2nc3c(=O)[nH]c(nc3n2[C@H]4[C@H]([C@@H]([C@H](O4)CO)O)O)N
dude_tryb1__L001611,c1ccnc(c1)NC(=S)N[C@H](C(Cl)(Cl)Cl)NC(=O)/C=C/c2ccc(cc2)N
dude_tryb1__L001612,Cc1c(c(n(n1)[C@H](C)C(=O)N[C@H]2CCS(=O)(=O)C2)C)S(=O)(=O)N(C)Cc3ccco3
dude_tryb1__L001613,CCn1cc(c(=O)n(c1=O)CC(=O)N2CCN(CC2)S(=O)(=O)c3ccc(s3)Cl)C#N
dude_tryb1__L001614,CCOCCOc1nc(n(n1)c2cccc(c2)NC[C@@H](COc3ccccc3C)O)c4ccc(cc4)OC
dude_tryb1__L001615,COc1ccc(cc1)NC(=O)NC(=O)COC(=O)C2(CCCC2)c3ccc4c(c3)OCCO4
dude_tryb1__L001616,CC(C)(C)c1ccc(cc1)OCC(=O)NC(=S)NCCNc2ccc(cc2[N+](=O)[O-])Cl
dude_tryb1__L001617,c1c(cc(cc1NCCS(=O)(=O)N)S(=O)(=O)N)N
dude_tryb1__L001618,c1ccc(c(c1)C(=O)NCc2nnc3n2CCCCC3)NS(=O)(=O)c4ccc5c(c4)[nH]c(=O)[nH]5
dude_tryb1__L001619,c1cc(ccc1N2C(=O)[C@H]3[C@H](N(O[C@@H]3C2=O)CC(=O)N)c4ccncc4)Br
dude_tryb1__L001620,Cc1ccccc1N2C(=O)[C@H]3[C@H]([NH2+][C@@]([C@@H]3C2=O)(C(C)C)C(=O)[O-])c4c(n(n(c4=O)c5ccccc5)C)C
dude_tryb1__L001621,COCCSc1nnc(s1)NC(=O)CSc2nc([nH]n2)N/N=C/c3cccnc3
dude_tryb1__L001622,c1cc(c(c(c1)O)O)C(=O)OCc2cc(ccc2O[C@H]3[C@@H]([C@@H]([C@@H]([C@@H](O3)CO)O)O)O)O
dude_tryb1__L001623,C/C=C(/c1ccc(cc1)O)\NNC(=O)c2c(n(nn2)c3c(non3)N)c4ccc(c(c4)Cl)Cl
dude_tryb1__L001624,CCOC(=O)CNC(=O)CSc1nnc(s1)NC(=O)[C@@H]2CC(=O)N(C2)c3ccc(cc3)C
dude_tryb1__L001625,Cc1c2c(cc(nc2n(n1)[C@H]3CCS(=O)(=O)C3)C4CC4)C(=O)OCC(=O)NC(=O)NCC(C)C
dude_tryb1__L001626,CCOC(=O)[C@H]1C(=c2cc(ccc2=[NH+]1)OC)NC(=O)CC[NH+]3CCC(CC3)C(=O)N
dude_tryb1__L001627,c1ccc(cc1)OS(=O)(=O)c2ccc(c(c2)N3CC[NH2+][C@H](C3)c4ccccc4O)NS(=O)(=O)[O-]
dude_tryb1__L001628,COc1ccc(cc1OC)c2cc3cc(cc(c3o2)OC)CCCO[C@@H]4[C@H]([C@@H]([C@@H]([C@@H](O4)CO)O)O)O
dude_tryb1__L001629,Cc1cc(cc(c1OCC(F)(F)F)C)C[NH+](C)CC(=O)Nc2c(c3c(s2)CCC3)C(=O)N
dude_tryb1__L001630,C[C@H]1CCC[NH+](C1)CC(=O)Nc2c(c3c(s2)CCC3)C(=O)Nc4ccc(cc4)Br
dude_tryb1__L001631,C[C@@H]([C@@H](c1ccc(s1)Br)Oc2cccc(c2)S(=O)(=O)C)[NH3+]
dude_tryb1__L001632,Cc1cc(c(c(=O)n1CCO)C2(CC[NH+](CC2)C)c3c(cc(n(c3=O)CCO)C)[O-])[O-]
dude_tryb1__L001633,Cn1c2c(c(=O)[nH]c1=O)n(c(n2)CN3CCN(CC3)c4ccc(cc4)OC)CCN5CCOCC5
dude_tryb1__L001634,CC(=O)c1cccc(c1)NC(=O)O[C@@H]2CO[C@H]3[C@@H]2OC[C@@H]3NS(=O)(=O)c4cccc5c4nccc5
dude_tryb1__L001635,CO[S@](=O)(=S)CCNC(=O)[C@@H](CCCCNC(=O)CCCC[C@H]1[C@@H]2[C@H](CS1)NC(=O)N2)[NH3+]
dude_tryb1__L001636,Cc1ccc(cc1C)S(=O)(=O)[C@H](CNS(=O)(=O)[C@@H]2CCS(=O)(=O)C2)c3cccnc3
dude_tryb1__L001637,Cc1ccc(cc1)S(=O)(=O)[C@H](CNC(=O)C(=O)N(C)[C@H]2CCS(=O)(=O)C2)c3cccnc3
dude_tryb1__L001638,CCOc1ccc(cc1C(C)C)S(=O)(=O)NC2CC([NH2+]C(C2)(C)C)(C)C
dude_tryb1__L001639,CC[C@H]([C@@H](c1ccccc1Br)[NH+](CCCO)C(C)C)[NH3+]
dude_tryb1__L001640,C[C@@H]([C@H](c1ccc(cc1)O)O)[NH2+]C2CC[NH+](CC2)Cc3ccccc3
dude_tryb1__L001641,c1cnc(nc1)NS(=O)(=O)c2ccc(cc2)NC(=O)[C@H]3CC(=O)N(C3)c4ccc(cc4)F
dude_tryb1__L001642,CC1(CC(CC([NH2+]1)(C)C)OC(=O)CCCCC(=O)OC2CC([NH2+]C(C2)(C)C)(C)C)C
dude_tryb1__L001643,CCC1([C@H](CC(=O)O1)C(=O)N2CC[C@]3(CN(C[C@@](C2)(C3=O)C)C(=O)[C@@H]4CC(=O)OC4(CC)CC)C)CC
dude_tryb1__L001644,c1cc(c(cc1NC(=O)CSc2nc([nH]n2)N/N=C/c3ccc(cc3O)O)C(F)(F)F)Cl
dude_tryb1__L001645,COC(=O)NC(=O)c1ccsc1NC(=O)c2ccc(cc2)S(=O)(=O)N3CCOCC3
dude_tryb1__L001646,c1c(cc(c(c1)/C=N/NC(=S)N/N=C/c2c(cc(cc2)O)O)O)O
dude_tryb1__L001647,COc1ccc2c(c1)c(c[nH]2)C3=CC[NH+](CC3)CC[C@H]4c5ccc(cc5CCO4)C(=O)N
dude_tryb1__L001648,CCN(CC(=O)N(C)C)C(=O)C(=O)Nc1ccc(cc1)Oc2cccc(c2)C#N
dude_tryb1__L001649,CCC[C@@H](C(=S)N)NS(=O)(=O)C1CCS(=O)(=O)CC1
dude_tryb1__L001650,c1ccc2c(c1)C[N+]3=C(N2)[C@@H](C[C@@H]3C(=O)N(c4ccccc4O)c5ccccc5O)c6ccccc6O
dude_tryb1__L001651,C[C@]1(CCS(=O)(=O)C1)NC(=S)OC/C=C/COC(=S)N[C@@]2(CCS(=O)(=O)C2)C
dude_tryb1__L001652,Cc1nc(cs1)Cc2nnc(o2)S[C@H](C)C(=O)c3c(n(c(=O)n(c3=O)C)C)N
dude_tryb1__L001653,OC(=O)[C@@H]2[C@@H](CC1CCNCC1)C(=O)N2C(=O)N4CCN(C(=O)CCCCc3ccccc3)CC4
dude_tryb1__L001654,c1cc(c(cc1S(=O)(=O)N[C@@H]2CCCS2(=O)=O)[N+](=O)[O-])N[C@H]3CCCS3(=O)=O
dude_tryb1__L001655,CC1=c2cc3c4=[N+](CCC3)CCCc4c2OC(=C1/C=C/5\C(=O)N=C(N(C5=O)Cc6ccccc6)[O-])O
dude_tryb1__L001656,Cn1c(c(c(=O)n(c1=O)C)C(=O)CSc2nnc(o2)C[C@H]3CCS(=O)(=O)C3)N
dude_tryb1__L001657,C[C@H]([C@@H](c1ccc(s1)Br)Sc2nnc3n2CCCCC3)[NH3+]
dude_tryb1__L001658,CCn1c2c(c(n1)C(=O)N3CCN(CC3)c4ccccc4)CN(CC2)C(=O)c5ccc(=O)[nH]c5
dude_tryb1__L001659,c1ccc(c(c1)C[NH2+]CC2CCC(CC2)C[NH2+]Cc3ccccc3Cl)Cl
dude_tryb1__L001660,C[C@]12CCC(=O)N1[C@@H](CS2)C(=O)NCCN3C(=O)/C(=C/c4ccc(cc4)SC)/SC3=O
dude_tryb1__L001661,CCCCN(CCCC)S(=O)(=O)c1ccc(cc1)C(=O)Nc2c(c3c(s2)C[NH+](CC3)CCC)C(=O)N
dude_tryb1__L001662,CCCCN1C(=O)[C@H]2[C@H]([NH2+][C@]3([C@H]2C1=O)c4cc(ccc4NC3=O)Br)CC(C)C
dude_tryb1__L001663,CCCCOC[C@H](C[NH+](CCC)Cc1c(nn(c1Oc2cccc(c2)C)c3ccccc3)C)O
dude_tryb1__L001664,CC[C@@H](C)[C@@H](C(=O)NCC1CCC(CC1)C(=O)N[C@H](CC(C)C)C(=O)[O-])NC(=O)OC(C)(C)C
dude_tryb1__L001665,CCOc1cc(c(cc1N2CCOCC2)OCC)NC(=O)COC(=O)[C@]3(CC3(Cl)Cl)C
dude_tryb1__L001666,CC[NH+](CC)CCCNC(=S)N(Cc1cc2cc3c(cc2[nH]c1=O)OCCO3)C[C@@H]4CCCO4
dude_tryb1__L001667,CC(C)[C@H](CNC(=O)Nc1ccccc1SCC(=O)N)[NH+](CC=C)CC=C
dude_tryb1__L001668,c1cc2c(cc1NC(=O)NC(=O)C[NH+]3CCN(CC3)c4c(cc(cn4)C(F)(F)F)Cl)OCCO2
dude_tryb1__L001669,CC(C)c1cccc(c1NC(=O)COC(=O)c2cccc(c2)S(=O)(=O)NCc3ccco3)C(C)C
dude_tryb1__L001670,Cc1cc(ccc1OCC(=O)N/N=C/[C@H]([C@H]([C@@H]([C@@H](C)O)O)O)O)Cl
dude_tryb1__L001671,c1cc(sc1c2csc(n2)NC(=O)C3=NN(C(=O)CC3)[C@@H]4CCS(=O)(=O)C4)Cl
dude_tryb1__L001672,COC1=CC=C(C2=C[C@H](N[C@H]12)C(=O)N3CCN(CC3)C(=O)C4=C[C@@H]5C(=CC=N5)C=C4)OC
dude_tryb1__L001673,CCOC(=O)c1c(cc(s1)NC(=O)COC(=O)CC[C@@H]2C(=O)NC(=O)N2)C
dude_tryb1__L001674,CCC(=O)Nc1ccc(cc1)S(=O)(=O)Nc2ccc(cc2)Sc3ccc(cn3)C(=O)NC(C)C
dude_tryb1__L001675,CCc1cccc2=C(C[NH+]=c12)C(=O)CS[C@H]3NN[C@H]([NH+]3CCC(=O)[O-])c4ccc(cc4)OC
dude_tryb1__L001676,C[C@H](c1[nH]cc([nH+]1)c2ccccc2)NC(=O)[C@H](C(C)C)NC(=O)c3c(cccc3F)F
dude_tryb1__L001677,c1ccc(cc1)N([C@H]2CCS(=O)(=O)C2)C(=O)CSc3nnc(s3)SCC(=O)N
dude_tryb1__L001678,CC[C@@H](C)NC(=O)c1ccc(cc1)NC(=S)NC(=O)c2cc(ccc2OCCC(C)C)Br
dude_tryb1__L001679,Cc1ccc(cc1)CN(Cc2cc3cc(c(cc3[nH]c2=O)OC)OC)Cc4nnnn4CCc5ccccc5
dude_tryb1__L001680,COCCNC(=O)[C@H](c1ccc(cc1)OC)N(C2CCCC2)C(=O)c3c(c(ns3)C(=O)N)N
dude_tryb1__L001681,CC(C)S(=O)(=O)C1=C2Nc3ccccc3C[NH+]2[C@@H](C1)C(=O)N(SC)S(=O)(=O)C(C)C
dude_tryb1__L001682,C[C@@H](C=O)NC(=O)[C@H](CCC(=O)N)NC(=O)[C@H]([C@@H]1CC[NH+]=C(N1)N)NC(=O)N[C@@H](CC(C)C)C=O
dude_tryb1__L001683,CCC[NH2+][C@@](C)(CCCC[NH+](CC)CC(C)C)C(=O)N
dude_tryb1__L001684,CCOC(=O)C1=C(NC(=O)N[C@H]1c2ccc(cc2)OC)CNc3ccc(cc3)I
dude_tryb1__L001685,CC(C)[C@@H](C(=O)NCC(=O)[O-])NC(=O)[C@H](CC1=c2ccccc2=[NH+]C1)N3C(=O)[C@H]4C=CC=CC4=NC3=O
dude_tryb1__L001686,CC(C)C[C@@H](CNS(=O)(=O)c1cc(sc1Br)Br)[NH3+]
dude_tryb1__L001687,CCOC(=O)CNC(=O)CN(c1ccc2c(c1)OCCO2)C(=O)c3c(c(ns3)C(=O)N)N
dude_tryb1__L001688,Cc1ccc(cc1Br)NC(=O)C(=O)N[C@@H](C)C[NH+]2CCC[C@@H](C2)C
dude_tryb1__L001689,COc1cc(cc(c1OCc2ccccc2F)Br)/C=N/NC(=[NH2+])N
dude_tryb1__L001690,CCN(CC)S(=O)(=O)[C@@H]1C=C[C@H]2C(=C1)C(=CC(=O)N2)C(=O)NCCCc3c(c(n[nH]3)N)C#N
dude_tryb1__L001691,CC(C)COC[C@@H](C[NH+](CCN1CCOCC1)Cc2[nH]c(=O)c3c(csc3n2)c4ccccc4)O
dude_tryb1__L001692,Cc1c(c2ncccn2n1)C(=O)NNC(=O)c3cccc(c3)S(=O)(=O)N4CCOCC4
dude_tryb1__L001693,C[C@H](C(=O)Nc1ccc(cc1)S(=O)(=O)NC(C)C)[NH+]2CCC(CC2)C(=O)c3ccc(cc3)O
dude_tryb1__L001694,Cn1cc(cn1)CN2C[C@@H](CN(CC2=O)Cc3cccc4c3nccn4)OCc5cccnc5
dude_tryb1__L001695,Cc1ccc(c(c1)OCc2nnc(n2N)S[C@@H](C)C(=O)NC(=O)N)C(C)C
dude_tryb1__L001696,CC(C)Cn1c(c(c(=O)[nH]c1=O)N(CC(C)C)C(=O)CN(C)C(=O)CCc2ccccc2Cl)N
dude_tryb1__L001697,COc1ccc(cc1)N2C(=O)[C@H]3[C@@H]([NH2+][C@]4([C@@H]3C2=O)c5ccccc5NC4=O)Cc6c[nH]c7c6cccc7
dude_tryb1__L001698,CS(=O)(=O)c1cccc(c1)c2nnc(o2)NC(=O)[C@@H]3CCCN(C3)S(=O)(=O)c4ccc(cc4)F
dude_tryb1__L001699,CCSc1ncc(cn1)C[NH2+]Cc2ccc[nH+]c2N3CCC[C@H](C3)O
dude_tryb1__L001700,CC[NH+](CC)CCC[NH2+]C[C@@H](COc1ccc(cc1)Br)O
dude_tryb1__L001701,COc1cc(cc(c1OC)OC)/C=C/C(=O)NCCn2c3c(cn2)c(ncn3)NCc4ccc(cc4)F
dude_tryb1__L001702,C[C@H](C(=O)Nc1ccc(cc1)S(=O)(=O)NC(C)C)OC(=O)[C@H]2CS[C@@]3(N2C(=O)CC3)C
dude_tryb1__L001703,Cc1cc(c(o1)C)c2cc(c3cnn(c3n2)C(C)C)C(=O)O[C@@H](C)C(=O)Nc4ccc(cc4F)F
dude_tryb1__L001704,CS(=O)(=O)[N-]c1ccc(cc1)C(=O)C[C@@]2(c3ccccc3N(C2=O)Cc4ccc(cc4)[N+](=O)[O-])O
dude_tryb1__L001705,Cc1cc(cc(c1)NC(=S)/N=C(/NCCc2c[nH]c3c2cc(cc3)OC)\Nc4nc(cc(n4)C)C)C
dude_tryb1__L001706,COC(=O)C1=c2n(c(=O)/c(=C\c3ccncc3)/s2)[C@@H](C(=C1N)C(=O)OC)c4ccncc4
dude_tryb1__L001707,NCCCC[C@H](NC(=O)OCc1ccccc1)C(=O)c4noc(Cc3ccc(C(=O)NCc2ccccc2)cc3)n4
dude_tryb1__L001708,CCOC(=O)C[C@@H]1C(=O)NCCN1c2c(c(=O)n3ccccc3n2)/C=C\4/C(=O)N(C(=S)S4)C
dude_tryb1__L001709,Cc1c(c(n(n1)[C@@H]2CCS(=O)(=O)C2)C)N3CCN(CC3)C(=O)Nc4cc(c(c(c4)OC)OC)OC
dude_tryb1__L001710,CC[C@@H](C)N([C@@H]1CCS(=O)(=O)C1)C(=O)CN2C(=O)[C@](NC2=O)(C)c3cccc(c3)n4cnnn4
dude_tryb1__L001711,COc1cc(cc(c1O)OC)[C@@H]2CC(=O)NC3=C2C(=O)C[C@@H](C3)c4cc(c(c(c4)OC)OC)OC
dude_tryb1__L001712,c1cc(ccc1C(=O)Nc2c3c(nn2c4ccc(cc4)F)C[S@](=O)C3)S(=O)(=O)N5CCCCC5
dude_tryb1__L001713,CCn1c(nnc1SCC(=O)/N=C\2/NCCS2)CNC(=O)c3ccccc3Br
dude_tryb1__L001714,Cc1c(c(sc1C(=O)N)NC(=O)C[NH+]2CCN(CC2)C(=O)[C@@H]3CCCO3)C(=O)OC(C)C
dude_tryb1__L001715,CN(Cc1ccc2c(c1)OCCO2)C(=O)COc3ccc(cc3C(=O)N)S(=O)(=O)N4CCCC4
dude_tryb1__L001716,CC[C@H](C)[C@@H](C(=O)N(C)Cc1[nH]c(=O)c2ccccc2n1)NC3=NS(=O)(=O)c4c3cccc4
dude_tryb1__L001717,C[C@@H](C(=O)Nc1ccc(cc1)C(=O)N)[NH+](C)Cc2cn(nc2c3ccc(cc3)Cl)c4ccccc4
dude_tryb1__L001718,Cc1ccc(cc1)S(=O)(=O)[C@@H](CNC(=O)C(=O)NNC(=O)c2cccnc2)c3cccnc3
dude_tryb1__L001719,Cc1ccc(o1)[C@H]2C3=C(C[C@@H]([C@H](C3=O)C(=O)OC)C)NC(=C2C(=O)OCCOC)C
dude_tryb1__L001720,CN(CCO)Cc1c(c(=O)cc(n1CCCO)CO)O
dude_tryb1__L001721,C/C(=C\C=C/CO)/N[C@H]1[C@H]([C@@H]([C@@H]([C@@H](O1)CO)O)O)O
dude_tryb1__L001722,CCOc1cc(cc(c1OCC(=O)N)Br)C[NH2+]CCNc2ccc(cc2)[N+](=O)[O-]
dude_tryb1__L001723,c1c2=C[C@H](C(=O)[NH+]=c2cc3c1OCCO3)/C=C/4\C(=O)N(C(=S)S4)CCCC(=O)[O-]
dude_tryb1__L001724,Cc1c(c(on1)C)S(=O)(=O)N2CCC[C@@H](C2)c3nnc(s3)C(=O)Nc4ccc(cc4)Cl
dude_tryb1__L001725,[H]/N=C\1/C(=C/c2cc(ccc2OCCOc3ccccc3)Br)/C(=O)N=C4N1N=C(S4)CCC
dude_tryb1__L001726,CC[C@@H](C)c1ccccc1OCC(=O)NNC(=S)NC(=O)c2ccccc2OCCOCC
dude_tryb1__L001727,CC[NH+]1CCc2c(sc3c2C(=N[C@@H](N3)c4ccc(o4)c5ccccc5F)O)C1
dude_tryb1__L001728,Cc1cc2c(c(c1)OC)[C@H]([C@H](C(=O)O2)CC(=O)N[C@@H](CC3=c4ccccc4=[NH+]C3)C(=O)[O-])C
dude_tryb1__L001729,CC(C)Oc1ccc(cc1OC)C(=O)N(CCOC)Cc2[nH]c(=O)c3ccccc3n2
dude_tryb1__L001730,Cc1ccc(c(c1)O[C@@H](C)C(=O)NCCOc2cc(ncn2)N3CCOCC3)C
dude_tryb1__L001731,CC1(CC(CC([NH2+]1)(C)C)N(Cc2cccnc2)C(=S)Nc3ccc(cc3Cl)Cl)C
dude_tryb1__L001732,CC(=O)c1ccc(cc1)S(=O)(=O)N(C)CCCC(=O)Nc2nc(cs2)c3ccccn3
dude_tryb1__L001733,CCN(CC)C(=O)CSc1nnc(n1N)SCC(=O)Nc2c(c3c(s2)CCCC3)C(=O)N
dude_tryb1__L001734,c1cc(c(cc1C(=O)Cn2c(=S)n(c(n2)N)Nc3cc[nH+]cc3)C(F)(F)F)Cl
dude_tryb1__L001735,Cc1ccc(cc1)S(=O)(=O)CNC(=O)[C@H](c2ccc(c(c2)OC)OC)N(Cc3ccco3)C(=O)CO
dude_tryb1__L001736,CCCC[NH+](C)[C@@H](C[NH3+])c1ccc(cc1)Oc2ccc(cc2)OC
dude_tryb1__L001737,CC(C)c1cccc(c1)C2=CCN(CC2)C(=O)[C@@H]3[C@H](CC4(CC4)C[NH2+]3)C(=O)NO
dude_tryb1__L001738,COc1ccc(cc1OC)S(=O)(=O)N2CCCO[C@@H]2CNC(=O)C(=O)NCCCn3cc[nH+]c3
dude_tryb1__L001739,Cc1ccc(cc1)c2nnc(o2)[C@@H](C)OC(=O)c3c4c(sc3NC(=O)c5ccco5)CCC4
dude_tryb1__L001740,Cc1ccc2c(c1)cc(c(=O)[nH]2)CN(CC[NH+]3CCCC3)C(=O)Nc4ccccc4Cl
dude_tryb1__L001741,Cc1ccc(cc1)S(=O)(=O)CNC(=O)[C@H](c2ccc(cc2)Cl)N(Cc3ccco3)C(=O)CO
dude_tryb1__L001742,c1cc(ccc1CN2CC[NH+](CC2)Cc3nc(nc(n3)N)N)C(F)(F)F
dude_tryb1__L001743,C[C@H]1CN(C(=Nc2cccc(c2)S(=O)(=O)N(C)C)S1)C(=O)CCNC(=O)c3ccsc3
dude_tryb1__L001744,C[C@@H](C(=O)NC(=O)NC(C)(C)C)[NH2+]Cc1ccccc1C[NH+]2CCCCC2
dude_tryb1__L001745,CC(=O)Nc1cccc2c1CC[NH+](C2)CC(=O)Nc3ccccc3SCC=C
dude_tryb1__L001746,C[C@@H]1C[C@@H](C[NH+](C1)C(C)(C)CNC(=O)C(=O)Nc2ccccc2CC(=O)N)C
dude_tryb1__L001747,CC[C@H](C)N([C@H]1CCS(=O)(=O)C1)C(=O)CN2C(=O)[C@@](NC2=O)(C)c3ccc(cc3)C(C)C
dude_tryb1__L001748,CC1(O[C@H]2[C@H](O[C@H]3[C@@H]([C@H]2O1)OC(O3)(C)C)COC[C@H](CN4CCN(CC4)c5cccc(n5)Cl)O)C
dude_tryb1__L001749,CN(Cc1ccco1)C(=O)CN2c3cc(ccc3SCC2=O)S(=O)(=O)N4CCOCC4
dude_tryb1__L001750,c1cc(oc1)[C@H](CNS(=O)(=O)c2ccc3c(c2)oc(=O)[nH]3)S(=O)(=O)c4ccc5c(c4)OCO5
dude_tryb1__L001751,C[C@H](C(=O)N(C)[C@@H]1CCS(=O)(=O)C1)OC(=O)c2cc(cc(c2)NC(=O)C)NC(=O)C
dude_tryb1__L001752,CCN(CC)S(=O)(=O)c1cccc(c1)C(=O)NNC(=O)C[C@@H](c2ccc(cc2)C)NC(=O)N
dude_tryb1__L001753,CC(C)[C@]1([C@H]2[C@@H]([C@@H]([NH2+]1)c3ccc(c(c3)O)O)C(=O)N(C2=O)C(C)(C)C)C(=O)[O-]
dude_tryb1__L001754,CN(c1ccc(cc1)F)S(=O)(=O)c2ccc3c(c2)c(=O)c(c[nH]3)C(=O)N(CCOC)CCOC
dude_tryb1__L001755,CCOC(=O)[C@@H]1CCC[NH+](C1)[C@@H](c2cc(ccc2OC)OC)c3c(n4c(s3)nc(n4)C)[O-]
dude_tryb1__L001756,C[C@@H](c1ccc(cc1Cl)Cl)NC(=O)C[NH+]2CCC[C@@H](C2)C(=O)NC3CC3
dude_tryb1__L001757,C[NH2+][C@H](CCOc1c(cc(cc1Br)[N+](=O)[O-])Br)C(=O)N
dude_tryb1__L001758,CCOC(=O)C1=C(NC(=O)N[C@H]1c2ccco2)COC(=O)c3ccc(s3)CCNS(=O)(=O)C
dude_tryb1__L001759,CCNC(=O)NC(=O)[C@@H](C)OC(=O)CCc1ccc(cc1)S(=O)(=O)N
dude_tryb1__L001760,C[C@@H](c1nncn1C)NS(=O)(=O)c2cccnc2NN
dude_tryb1__L001761,CC(=O)Nc1ccc(cc1)S(=O)(=O)N(C)CC(=O)NNC(=O)c2ccc(s2)Br
dude_tryb1__L001762,Cc1cc(nc(n1)NS(=O)(=O)c2ccc(cc2)NS(=O)(=O)c3ccc(cc3)/C=C/C(=O)[O-])C
dude_tryb1__L001763,CCCCCCN([C@H](c1ccc(cc1)N(C)C)C(=O)NC(C)(C)C)C(=O)C(c2ccccc2)(c3ccccc3)O
dude_tryb1__L001764,c1ccc(cc1)OS(=O)(=O)c2ccc(c(c2F)S(=O)(=O)Oc3ccccc3)[C@H](CC=O)NC=O
dude_tryb1__L001765,Cc1cccn2c1nc(c(c2=O)/C=C(\C#N)/C(=O)NCc3ccco3)Oc4ccccc4OC
dude_tryb1__L001766,CCC(C)(C)NC(=O)[C@@H](c1ccc(cc1)O)N(Cc2ccccc2)C(=O)c3c(c(ns3)C(=O)N)N
dude_tryb1__L001767,CCc1ccccc1NC(=O)CN(C)C(=O)[C@@H](C)Sc2nnc(n2C)[C@H]3COc4ccccc4O3
dude_tryb1__L001768,CC1(CC(CC([NH2+]1)(C)C)Nc2c(c(ncn2)Nc3ccc(cc3F)Br)N)C
dude_tryb1__L001769,CCOC(=O)c1c(c2c(=O)n(c(=O)n(c2s1)CC(=O)N3CCOCC3)CC(=O)N(C)C)C
dude_tryb1__L001770,CCC[C@@H](C(=S)N)NS(=O)(=O)c1c(nn(c1C)C)C
dude_tryb1__L001771,C[C@@H]1CCc2c(sc3c2c(=O)n(c(n3)SCC(=O)Nc4nnc(o4)C(C)C)CC=C)C1
dude_tryb1__L001772,CC1=C2C(=NC(=NC2=O)C)S[C@@H]1C(=O)OCC(=O)N([C@H]3CCS(=O)(=O)C3)C4CCCC4
dude_tryb1__L001773,c1cc(c(cc1[N+](=O)[O-])Cl)O[C@@H]2[C@@H]([C@@H]([C@@H]([C@@H](O2)CO)O[C@@H]3[C@@H]([C@@H]([C@@H]([C@@H](O3)CO)O)O)O)O)O
dude_tryb1__L001774,C[C@H]([C@H]1[C@@H]2[C@@H](C(=O)N(C2=O)CCOC)[C@@]3(N1)c4cc(ccc4NC3=O)Br)O
dude_tryb1__L001775,COc1cccc2c1C(=O)c3c(c(c4c(c3O)[C@H](C[C@@](C4)(C(=O)CO)O)O)O)C2=O
dude_tryb1__L001776,CCCOc1ccc(cc1OCCC)[C@H](C)NC(=O)N[C@@H](C)c2ccc(cc2)NC(=O)C3CC3
dude_tryb1__L001777,CC[C@H](C(=O)Nc1c(c(c(s1)C)C)C(=O)OCC)n2c(nnc2SCC(=O)OCC)N
dude_tryb1__L001778,C/C=C(/c1ccc(cc1)O)\NNC(=O)c2c(n(nn2)c3c(non3)N)CSc4ccc(cc4)C
dude_tryb1__L001779,CC1(Cc2c(sc3c2c(nc(n3)SCC(=O)N)N4CC[NH+](CC4)CC(=O)N5CCOCC5)CO1)C
dude_tryb1__L001780,c1cc(oc1)CNC(=O)C(=O)NC[C@H]2N(CCO2)S(=O)(=O)c3ccc4c(c3)OCCO4
dude_tryb1__L001781,Cc1ccc(cc1)/C=C\2/C(=O)N(C(=O)S2)CCNC(=O)CSCC(=O)Nc3cc(on3)C
dude_tryb1__L001782,C/C=C\1/C(=O)O[C@]2([C@]13CC[C@@](CC(=O)[C@]4(O3)[C@H](C2)OC(=O)[C@@H]4COC)(C)O)C
dude_tryb1__L001783,CC[NH2+][C@@](C)(CCC[NH+](CCOC)CCOC)C(=O)N
dude_tryb1__L001784,Cc1c(c(n2c(n1)nc(n2)N)C)CCC(=O)NC3CC[NH+](CC3)CC(F)F
dude_tryb1__L001785,CCN1NC=C(N1)NC(=O)c2ccc(s2)[C@H]3CCC[NH+]3Cc4c([nH]cn4)C
dude_tryb1__L001786,Cc1ccc(cc1C)N([C@@H](c2ccc(cc2)O)C(=O)NC[C@H]3CCCO3)C(=O)c4c(c(ns4)C(=O)N)N
dude_tryb1__L001787,COc1ccc(cc1OC)[C@H](CNC(=O)C(=O)NCc2ccco2)S(=O)(=O)c3cccs3
dude_tryb1__L001788,CCOC(=O)NC(=O)c1c2c(sc1NC(=O)CS(=O)(=O)c3ccc(cc3)OC)CCCC2
dude_tryb1__L001789,C[NH+](C)CCCNC(=O)[C@@H]1C[C@@H]2c3cccc4c3c(c[nH]4)C[C@H]2[NH+](C1)CC=C
dude_tryb1__L001790,Cc1ccnc(n1)[N-]S(=O)(=O)c2ccc(cc2)NC(=O)[C@H](C)N(c3ccc(cc3)F)S(=O)(=O)C
dude_tryb1__L001791,CC(C)[NH+](CC(=O)N)CC(=O)N1CC(=O)Nc2c1ccc(c2)C(F)(F)F
dude_tryb1__L001792,CCN(CC)C(=O)CSc1nnc(s1)SCC(=O)NC(=O)N[C@@H]2CCS(=O)(=O)C2
dude_tryb1__L001793,C[C@H](c1ccccc1)NC(=O)c2ccccc2NC(=O)COC(=O)c3csc(n3)NCC=C
dude_tryb1__L001794,Cc1nnc(s1)NC(=O)CSc2nnc(s2)NC(=O)c3cn(nc3OC)C
dude_tryb1__L001795,C[C@]12CC[C@@H]3[C@H]([C@@]1(CC[C@H]2C4=CC(=O)OC4)O)CC[C@@]5([C@@]3(CC[C@@H](C5)O)/C=N/NC(=O)N)O
dude_tryb1__L001796,CC(C)[C@H](C(=O)Nc1ccc(c(c1)NS(=O)(=O)C)F)NC(=O)c2cc(c(c(c2)OC)OC)OC
dude_tryb1__L001797,Cn1c2ccccc2cc1C(=O)Nc3ccc(cc3OC)c4csc5c4c([nH+]cc5CCCO)N
dude_tryb1__L001798,c1cc(c(cc1C(F)(F)F)[N+](=O)[O-])NCCNC(=O)C[NH2+]CCCO
dude_tryb1__L001799,C[C@@H](CNC(=O)N[C@H](CCO)C(=O)[O-])C[NH+]1CCCC1
dude_tryb1__L001800,Cn1c(c(c(=O)[nH]c1=O)C(=O)CN2C(=O)C(=O)N(C2=O)CCOC)N
dude_tryb1__L001801,COc1ccc(cc1OC)/C=C/C(=O)NC(=S)Nc2ccc(cc2)S(=O)(=O)NCC=C
dude_tryb1__L001802,c1cc(c(cc1F)NC(=O)COC(=O)[C@@H]2C[C@H](CN2S(=O)(=O)c3ccc4c(c3)OCCO4)O)F
dude_tryb1__L001803,CCCOc1ccc(cc1)c2c(cn(n2)c3ccccc3)/C=N/NC(=O)CNS(=O)(=O)c4ccccc4
dude_tryb1__L001804,CCCNC(=O)C[NH+]1CCC(CC1)NC(=O)NC[C@H]2CC[NH+](C2)C(C)C
dude_tryb1__L001805,Cc1ccc(cc1)S(=O)(=O)NNc2c(c(ncn2)N(CCC#N)CCC#N)N
dude_tryb1__L001806,CCOC(=O)[C@H]1[C@@H](SC2=C1CC[C@@H](C2)C)NC(=O)C(=O)N/N=C/[C@@H]3C=c4ccccc4=[NH+]C3=O
dude_tryb1__L001807,C[C@@H](C(=O)N1c2ccccc2NC(=O)C1(C)C)Sc3nnc(n3CCC(=O)N)c4ccco4
dude_tryb1__L001808,c1ccc2c(c1)c(cc(c2O)Sc3nc[nH]n3)NS(=O)(=O)c4ccc5=[NH+]C(=O)[NH+]=c5c4
dude_tryb1__L001809,CCn1cc(c(=O)c2c1nc(cc2)C)C(=O)Nc3ccc(c(c3)S(=O)(=O)N(CC)CC)C
dude_tryb1__L001810,CC[NH+](CC)CCCn1c(=O)c2ccccc2nc1SCC(=O)c3c(n(c(=O)[nH]c3=O)C4CC4)N
dude_tryb1__L001811,C[C@@H]1/C=C/C(=O)NC/C=C/C(=C\[C@@H](CC(=O)Cc2nc(co2)C(=O)N[C@@H](C(=O)O[C@@H]1C(C)C)C)O)/C
dude_tryb1__L001812,c1cc(cnc1)C(=O)NNC(=O)C(=O)NC[C@@H](c2cccs2)S(=O)(=O)c3ccc4c(c3)OCO4
dude_tryb1__L001813,CN(CC(=O)NCCN1CCOCC1)C(=O)c2cc3n(n2)CCCN(C3=O)Cc4ccc(cc4)F
dude_tryb1__L001814,c1cc(sc1)S(=O)(=O)N2C[C@@H]3C[C@H](C2)c4ccc(c(=O)n4C3)NC(=O)c5cnccn5
dude_tryb1__L001815,Cc1c(cccc1Cl)Nc2nc(nc(n2)N)C[NH+]3CCN(CC3)c4cccc(c4)C(F)(F)F
dude_tryb1__L001816,CC1(CC2=C([C@@H](N3C(=[NH+]2)N=C(N3)SCc4ccccc4F)c5cccc(c5)O)C(=O)C1)C
dude_tryb1__L001817,Cc1c(cco1)c2nnc(n2C)SCC(=O)NN3C(=O)[C@](NC3=O)(C)c4ccc(cc4)OC
dude_tryb1__L001818,CCCCCCOc1ccc(cc1)/C=N/NC(=O)c2cccc(c2)S(=O)(=O)Nc3ccc(cc3C)C
dude_tryb1__L001819,Cc1cccc2=C3[C@@H]([NH+]=c12)[NH+]=C(N=N3)N/N=C/c4ccc(c(c4O)O)O
dude_tryb1__L001820,Cc1c2c(c(cnc2n(n1)C)C(=O)N3C[C@@H](C4(C3)CC[NH2+]CC4)C(=O)NCCOCCO)Cl
dude_tryb1__L001821,Cc1ccc(cc1)[C@H]2[NH2+][C@H](CC(=N2)c3cccc(c3)Br)c4ccccc4O
dude_tryb1__L001822,CC(C)(C)c1nc2c(c(n1)SCC(=O)c3cc([nH]c3)C(=O)N4CCCC4)c(=O)n(c(=O)n2C)C
dude_tryb1__L001823,CC(C)(C)c1c(=O)n2c(nn1)sc(n2)SCC(=O)c3c(n(c(=O)n(c3=O)C)C)N
dude_tryb1__L001824,Cc1ccc(c(c1)C)OCC(=O)c2ccc3c(c2)N(C(=O)CO3)[C@H](C)C(=O)NC[C@H]4CCCO4
dude_tryb1__L001825,Cc1c2c(oc(c2c(=O)[nH]n1)NC(=O)CSc3ccc(cn3)S(=O)(=O)N4CCCC4)C
dude_tryb1__L001826,CC(=O)Nc1ccc(s1)C[NH+]2CCc3c(c(nn3CC4CC4)C(=O)NCCC(=O)OC)C2
dude_tryb1__L001827,CN(C)c1nc(nc(n1)N)CSCC[C@@H](C(=O)[O-])[NH3+]
dude_tryb1__L001828,C[C@H](c1ccc(cc1)S(=O)(=O)N)N(C)C(=O)c2ccc(cc2)CN3C(=O)CNC3=O
dude_tryb1__L001829,COc1cc(ccc1O)C[C@H](CO)[C@H](Cc2ccc(c(c2)OC)O)CO[C@H]3[C@H]([C@@H]([C@@H]([C@@H](O3)CO)O)O)O
dude_tryb1__L001830,C[NH+]1CCN(CC1)c2ccc(cc2)NC(=S)NC(=O)c3cc(ccc3Cl)Cl
dude_tryb1__L001831,c1cnc(nc1)N2CC[NH+](CC2)C[C@H]3C[NH+]4CC[C@H]3C[C@@H]4CNC(=S)NCCN5CCOCC5
dude_tryb1__L001832,[H]/N=C\1/C(=C/c2cc(c(c(c2)Cl)OCCOc3ccccc3C)OC)/C(=O)N=C4N1N=C(S4)CC
dude_tryb1__L001833,CCOP(=O)([C@H]1C[C@@H](O[C@@H]1CO)n2cc(c(=O)[nH]c2=O)C)OCC
dude_tryb1__L001834,CCOc1cc(cc(c1OCc2ccsc2)Br)CC[NH3+]
dude_tryb1__L001835,COc1cc(c(c(c1)OC)[C@@H](c2ccc(cc2)I)[NH3+])OC
dude_tryb1__L001836,CCn1cc(c(=O)c2c1nc(cc2)C)C(=O)N3CCC4(CC3)NC(=O)c5cccnc5N4C
dude_tryb1__L001837,Cc1cc(no1)NC(=O)CSCC(=O)O[C@@H](C)C(=O)Nc2ccc(cc2)Oc3ccccc3
dude_tryb1__L001838,C[NH+]1CCC(CC1)[NH2+]C[C@@H]2[C@@H]([C@@H]([C@@H](O2)CO)O)N3CCN(CC3)c4cccc[nH+]4
dude_tryb1__L001839,CCOc1cc(ccc1OC[C@@H](C[NH+](Cc2ccccc2Cl)Cc3ccco3)O)C=O
dude_tryb1__L001840,CCC[C@H]1C[C@@H]([NH+](C1)C)C(=O)N[C@@H]([C@H]2[C@@H]([C@H]([C@@H]([C@H](O2)SC)O)O)O)[C@@H](C)O
dude_tryb1__L001841,Cc1cc(c(cc1[C@@H](c2ccc(c(c2)F)Br)[NH3+])OC)OC
dude_tryb1__L001842,CCOc1ccc(cc1OC)[C@@H](c2c(n3c(s2)nc(n3)C)[O-])[NH+]4CCN(CC4)CCO
dude_tryb1__L001843,CCOC(=O)[C@@H]1[C@@H](SC=C1CC(C)C)NC(=O)CSc2[nH]c(=O)c(c(n2)C)CCC(=O)O
dude_tryb1__L001844,CCn1c2ccc(cc2nc1S[C@@H](C)C(=O)NC(=O)NCC(C)C)S(=O)(=O)N3CCOCC3
dude_tryb1__L001845,Cc1cccc(n1)NC(=O)CSc2nnc(n2c3ccccc3)c4cccc(c4)[N+](=O)[O-]
dude_tryb1__L001846,CCCOc1ccc(cc1)[C@@H]2[C@H]3[C@@H](C(=O)N(C3=O)c4cccc(c4)[N+](=O)[O-])[C@@]([NH2+]2)(C)C(=O)[O-]
dude_tryb1__L001847,CCCN([C@H](c1c(cc(cc1O)O)O)C(=O)NC(C)(C)CC(C)(C)C)C(=O)c2cccc(c2O)O
dude_tryb1__L001848,CC(C)(C)C(=O)N[C@@H](C(Cl)(Cl)Cl)NC(=S)Nc1ccc(cc1)S(=O)(=O)N
dude_tryb1__L001849,CC(C)(C)c1nc2c(c(n1)SCC3=N[C@H]4C=CS[C@H]4C(=O)N3)c(=O)n(c(=O)n2C)C
dude_tryb1__L001850,CCOC(=O)C1=C(NC(=O)NC1)CSc2nc([nH]n2)N
dude_tryb1__L001851,Cn1c2ccc(cc2c(=O)n(c1=O)CC(=O)N3CCCC3)S(=O)(=O)NCc4cccs4
dude_tryb1__L001852,c1cc(ccc1/C=C/C(=O)OC[C@H]2[C@H]([C@@H]([C@H]([C@@H](O2)Oc3c(=O)c4c(cc(cc4oc3c5ccc(c(c5)O)O)O)O)O)O)O)O
dude_tryb1__L001853,COc1cc(c(c(c1OC)OC)Br)C(=O)Oc2ccc3cc(c(=O)oc3c2)C(=O)NCC=C
dude_tryb1__L001854,C[C@H](C(=O)Nc1c(c2c(s1)CCC2)C(=O)N)N3CC[NH+](CC3)Cc4cccc(c4)C(F)(F)F
dude_tryb1__L001855,CCCCCC(=O)OC[C@H](CO[P@](=O)([O-])OC1[C@H]([C@H](C([C@H]([C@H]1O)C)C)C)O)OC(=O)CCCCC
dude_tryb1__L001856,Cc1cc(ccc1C(=O)C2=C(C(=O)N([C@@H]2c3ccc(cc3)OCC(=O)N)CC[NH+](C)C)[O-])OC(C)C
dude_tryb1__L001857,Cc1c(sc(n1)NC(=O)[C@@H](C)n2c(nnc2SCc3ccccc3Cl)N)C(=O)OCC=C
dude_tryb1__L001858,Cc1cccc(c1)Oc2c(c(nn2c3ccccc3)C)C[NH+](CCOC)C[C@H](COc4ccccc4C)O
dude_tryb1__L001859,C=CCn1c(nnc1SCc2[nH]c(=O)c3c(csc3n2)c4ccco4)[C@H]5CCS(=O)(=O)C5
dude_tryb1__L001860,Cc1c(c(n2c(n1)nc(n2)C(F)(F)F)C)CC(=O)O[C@@H](C)C(=O)Nc3ccc4ccccc4c3
dude_tryb1__L001861,c1ccc(cc1)C\2=Nc3ccccc3NC(=O)/C2=C\[C@H]([C@H]([C@@H]([C@@H](CO)O)O)O)O
dude_tryb1__L001862,C/C=C\CN1C(=O)[C@H]2[C@@H]([NH2+][C@@]([C@@H]2C1=O)(CO)C(=O)[O-])c3ccc(c(c3)[N+](=O)[O-])Cl
dude_tryb1__L001863,CC(C)(C)c1ccc(cc1)S(=O)(=O)[C@H]2CS(=O)(=O)C[C@@H]2N[C@H]3CCS(=O)(=O)C3
dude_tryb1__L001864,c1cc(sc1)[C@H](CNS(=O)(=O)CCN2C(=O)CCCC2=O)S(=O)(=O)c3ccc(cc3)Cl
dude_tryb1__L001865,CC(C)(C)NC(=O)[C@H](c1ccc(cc1)F)N(Cc2ccccc2)C(=O)c3c(c(ns3)C(=O)N)N
dude_tryb1__L001866,CCCCCCOc1c(cccc1OC)C[NH+]2CCNC(=O)[C@@H]2CC(=O)NN
dude_tryb1__L001867,c1ccc2=[NH+]CC(=c2c1)CCNC(=O)C(=O)NC[C@@H]3N(CCO3)S(=O)(=O)c4cc(ccc4F)F
dude_tryb1__L001868,CCC[C@H](C(=O)NC1[NH+]=c2ccccc2=[NH+]1)NC(=O)Cc3ccccc3F
dude_tryb1__L001869,CCc1[nH]nc(n1)NC(=O)[C@H](CC(C)C)N2CC[C@]3(C2=O)CCCN3C(=O)CCC(=O)C
dude_tryb1__L001870,c1cc(c(cc1[C@H](C[NH2+]CCCCCC[NH2+]C[C@H](c2ccc(c(c2)O)O)O)O)O)O
dude_tryb1__L001871,CCOC(=O)c1c2c(sc1NC(=O)Cn3cnc4c3c(=O)[nH]c(=O)n4C)CCCC2
dude_tryb1__L001872,c1cc(c(cc1/C=C/C(=O)OC[C@@H]2[C@H]([C@@H]([C@@H]([C@@H](O2)OC[C@@H]([C@@H]([C@@H](CO)O)O)O)O)O)O)O)O
dude_tryb1__L001873,CCOCCCN([C@@H](c1ccc(cc1)O)C(=O)NC(C)(C)C)C(=O)Cn2nc(nn2)c3ccc(cc3)Cl
dude_tryb1__L001874,CCOC(=O)C1=C(NC(=O)N[C@H]1c2ccc(cc2)OC)COC(=O)c3ccccc3NCCO
dude_tryb1__L001875,CN([C@@H]1CCS(=O)(=O)C1)C(=O)C(=O)NC[C@@H](c2cccs2)S(=O)(=O)c3ccc4c(c3)OCO4
dude_tryb1__L001876,C([C@H]1[C@@H]([C@@H]([C@@H]([C@@H](O1)O[C@@H]2[C@@H](OC(=O)[C@@H]([C@@H]2O)O)CO)O)O)O)O
dude_tryb1__L001877,c1cc(ncc1S(=O)(=O)N(CCO)CCO)NN
dude_tryb1__L001878,CCN(CC)S(=O)(=O)c1cc(c(c(c1)NS(=O)(=O)c2ccc3c(c2)OCCO3)C)C
dude_tryb1__L001879,CCCN(CCC)C(=O)c1cccc(c1)NC(=S)NC(=O)/C=C/c2ccc(cc2)OCC
dude_tryb1__L001880,NCc3ccc(CCCNCCNS(=O)(=O)c2cc1ccccc1s2)cc3
dude_tryb1__L001881,CC(C)S(=O)(=O)c1cc2c(c3c(n(c2=O)Cl)C(=O)C[C@H](N3)S(=O)(=O)C(C)C)nc1
dude_tryb1__L001882,CC[C@@H]([C@H](c1ccc(cc1)Br)[NH+](CCO)CCO)[NH3+]
dude_tryb1__L001883,COc1ccc(cc1)NCC(=O)NNC(=O)Cc2csc(n2)c3cnccn3
dude_tryb1__L001884,C[C@@H](CNC(=O)N[C@@H](CCC(=O)N)C(=O)[O-])[NH+](C)C
dude_tryb1__L001885,[H]/N=C\1/C(=C/c2ccc(o2)c3cccc(c3)[N+](=O)[O-])/C(=O)N=C4N1N=C(S4)CC(=O)N5CCCC5
dude_tryb1__L001886,CC[NH+](CC)[C@H](CN/C(=[NH+]/Cc1ccco1)/N)c2cccc(c2)OC
dude_tryb1__L001887,Cc1cccc2c1[nH]c(=O)c(c2)CN(CCN3CCOCC3)C(=S)NCCCN4CCOCC4
dude_tryb1__L001888,C[C@@H](C(=O)Nc1ccc(cc1)S(=O)(=O)N)N2C(=O)/C(=C/c3ccc(cc3)C(C)(C)C)/SC2=S
dude_tryb1__L001889,CCCN([C@@H](c1ccc2c(c1)OCO2)C(=O)NCS(=O)(=O)c3ccc(cc3)C)C(=O)c4cccnc4
dude_tryb1__L001890,CC1([C@@H]2CC=C([C@H]1C2)COC[C@@H](C[NH2+]C[C@@H](c3cccc(c3OC)OC)c4c[nH]c5c4cccc5)O)C
dude_tryb1__L001891,CCCCc1nc2c(o1)NC(=C([C@@]23c4ccccc4N(C3=O)Cc5cccc(c5)Br)C#N)N
dude_tryb1__L001892,CC[C@@H](C)NC(=O)COC(=O)c1cc(ccc1N2CCCC2)S(=O)(=O)N(CC)CC
dude_tryb1__L001893,C[C@H](CC#N)[NH2+]C1CCC(CC1)CC2CCC(CC2)[NH2+][C@@H](C)CC#N
dude_tryb1__L001894,CCN1CCN(CC1)C(=O)[C@H](C)N2CC3=C(C2=O)[C@@H](NC(=O)N3CC=C)c4ccccc4C(F)(F)F
dude_tryb1__L001895,C[C@H](C(=O)NC[C@@H]1CCCO1)N(C(=O)c2c(c(ns2)C(=O)N)N)N3CC[NH+](CC3)C
dude_tryb1__L001896,C[C@H](Cc1cc(ccc1OCCCn2cc[nH+]c2)Br)[NH3+]
dude_tryb1__L001897,CCCCn1c(c(c(=O)[nH]c1=O)N(CCOC)C(=O)CSCc2c(noc2C)C)N
dude_tryb1__L001898,CCCOc1ccc(c(c1)C)C(=O)C2=C(C(=O)N([C@H]2c3ccc(c(c3)OCC)O)CCOCCO)[O-]
dude_tryb1__L001899,Cc1ccc(cc1)NC(=[NH2+])Nc2[nH]c(=O)cc(n2)CSc3nnc(s3)C
dude_tryb1__L001900,NC(=N)NCCC[C@@H]3[C@@H](C(O)=O)N(C(=O)N2CCN(C(=O)c1ccccc1)CC2)C3=O
dude_tryb1__L001901,Cc1ccc(cc1)S(=O)(=O)N(C)c2ccc(cc2)OCC(=O)Nc3ccc(cc3)S(=O)(=O)C
dude_tryb1__L001902,c1cc(ccc1/C=C/CO[C@H]2[C@@H]([C@H]([C@@H]([C@H](O2)CO)O)O)O)O
dude_tryb1__L001903,Cc1c(c(n([nH+]1)CCO)N)[C@]2(c3cc(cc(c3NC2=O)Cl)Cl)O
dude_tryb1__L001904,CCC(CC)[C@@H]1NN[C@H](S1)NC(=O)[C@@H]2CC(=O)N(C2)CCC3=c4cc(ccc4=[NH+]C3)Cl
dude_tryb1__L001905,c1ccc2=[NH+]CC(=c2c1)CCNC(=O)C[C@H](c3ccc(cc3)Cl)NC(=O)N
dude_tryb1__L001906,C[C@@H](c1ccc2c(c1)OCCO2)NC(=O)CN3C(=O)[C@@](NC3=O)(C)c4ccc(cc4)OC(F)F
dude_tryb1__L001907,CC[NH+](CC)CCNC(=O)[C@@H](C)NC(=O)c1cc2n(n1)CCCN(C2=O)Cc3ccc(cc3)F
dude_tryb1__L001908,C[C@H]1[C@H](c2ccccc2N1CC(=O)N)C[NH2+]CC[C@@H]3[NH+]=c4ccc(cc4=[NH+]3)F
dude_tryb1__L001909,CC(C)CN1[C@H](C(=C(NC1=O)[O-])C(=O)CS[C@@H]2[NH+]=c3ccc(cc3=[NH+]2)OC)[NH3+]
dude_tryb1__L001910,C[C@@]1(C(=O)N(C(=O)N1)CC(=O)N2CCN(CC2)c3ncccn3)c4cccc(c4)n5cnnn5
dude_tryb1__L001911,c1cc(c(cc1[C@@H]2CC(=O)c3c(cc(cc3O2)O[C@H]4[C@H]([C@@H]([C@@H]([C@H](O4)CO)O)O)O)O)O)O
dude_tryb1__L001912,CC(=O)Nc1ccc(cc1)S(=O)(=O)Nc2ccc(cc2)S(=O)(=O)[N-]c3cc(nc(n3)OC)OC
dude_tryb1__L001913,CC[C@H]([C@H](c1cc(cs1)Br)[NH+](C)CC(=O)N)[NH3+]
dude_tryb1__L001914,Cc1cc(n(n1)C(C)(C)C)C(=O)N2C[C@@H](C3(C2)CC[NH2+]CC3)C(=O)NC4CCN(CC4)C(=O)C(C)C
dude_tryb1__L001915,C[C@@H](C(=O)NC12CC3CC(C1)CC(C3)C2)[NH2+]CC(C)(C)C[NH+](C)C
dude_tryb1__L001916,Cc1c(c(=O)[nH]c(=O)[nH]1)CCc2nnc(o2)SCC(=O)Nc3nccs3
dude_tryb1__L001917,CCCC[C@H](CC)C(=O)N(Cc1ccc(o1)C)[C@H](c2ccc(c(c2)OC)O)C(=O)NC(C)(C)C
dude_tryb1__L001918,C[C@@H](C(=O)N[C@@H]1C=C(C[C@H]([C@@H]1O)O)C(=O)N[C@H](C)C(=O)N)[NH2+]C
dude_tryb1__L001919,Cc1cc([nH]n1)c2ccc(s2)S(=O)(=O)NCC3CC[NH+](CC3)Cc4cccc(c4)F
dude_tryb1__L001920,Cc1c(c(=O)n2ccsc2n1)S(=O)(=O)Nc3ccc(cc3)N4CCN(CC4)C(=O)C(C)C
dude_tryb1__L001921,Cc1ccc(o1)[C@@H](C(=O)NC(C)(C)C)N(c2ccc(c(c2)OC)OC)C(=O)c3c(c(ns3)C(=O)N)N
dude_tryb1__L001922,CN(C[C@@H]1COc2ccccc2O1)C(=O)CN(C)S(=O)(=O)c3cc4c(cc3Cl)NC(=O)CO4
dude_tryb1__L001923,c1cc(c(nc1)N2CCN(CC2)C(=O)[C@@H](Cc3ccc(cc3Cl)Cl)NC(=O)CC[NH3+])C[NH2+]CCO
dude_tryb1__L001924,Cc1ccc2c(c1C)NC(=O)[C@@]23[C@H]4[C@@H]([C@H]([NH2+]3)[C@H](C)O)C(=O)N(C4=O)CCc5ccccc5
dude_tryb1__L001925,Cc1cc(c(n1c2ccc(cc2)Cl)C)C(=O)COC(=O)CCNS(=O)(=O)c3ccc(cc3)NC(=O)C
dude_tryb1__L001926,C[C@@H](C[NH+]1CCCC1)NC(=O)NCC(=O)NCC(=O)[O-]
dude_tryb1__L001927,CCOc1ccc(cc1OC)/C=C/C(=O)O[C@@H](C)C(=O)NCC(=O)Nc2ccc(c(c2F)F)F
dude_tryb1__L001928,c1cnccc1CCS(=O)(=O)[N-]c2ncc(s2)C#CC[NH3+]
dude_tryb1__L001929,CCCNC(=O)[C@@H]1CCC[NH+](C1)CC(=O)c2c(n(c(=O)[nH]c2=O)CC)N
dude_tryb1__L001930,c1c(cc(c(c1CCl)[O-])[C@H](CC(=O)N)[NH3+])[N+](=O)[O-]
dude_tryb1__L001931,Cc1ccc(cc1)S(=O)(=O)CNC(=O)[C@H](c2ccc(cc2)OC)N(C)C(=O)c3ccc(cc3)Cl
dude_tryb1__L001932,CCC[NH+](Cc1c(nn(c1Oc2cccc(c2)OC)C)c3ccccc3)C[C@@H](COCC(C)C)O
dude_tryb1__L001933,c1cc(ccc1NS(=O)(=O)c2c[nH]nc2)OC/C(=N/O)/N
dude_tryb1__L001934,Cc1c(c(n(n1)[C@@H]2CCS(=O)(=O)C2)C)CN(C)CN3C(=O)[C@@]4(CCCC[C@@H]4C)NC3=O
dude_tryb1__L001935,C[C@@H](C(=O)Nc1ccc(cc1Cl)F)[NH+]2CCN(CC2)c3ccc(cc3)O
dude_tryb1__L001936,CCOC(=O)c1c(c(sc1NC(=O)CSc2nnc(s2)C)C(=O)OCC)C
dude_tryb1__L001937,CC(C)OC[C@H](C[NH+](Cc1c(nn(c1Oc2ccccc2F)C)c3ccccc3)CC4CC4)O
dude_tryb1__L001938,CCOC(=O)c1c(c(c([nH]1)C)C(=O)OCC2=C([C@H](NC(=O)N2)c3ccc(cc3)OC)C(=O)OCC)C
dude_tryb1__L001939,c1cc(oc1)[C@@H](CNC(=O)C(=O)N2CCN(CC2)C=O)S(=O)(=O)c3ccc4c(c3)OCCO4
dude_tryb1__L001940,CCOc1ccc(c(c1)C[NH2+]C[C@H](C[NH+]2CCC(CC2)C)O)O
dude_tryb1__L001941,Cc1cccn2c1nc3c(c2=O)cc(c([n+]3CC=C)N)C(=O)Nc4c(c5c(s4)CCCC5)C(=O)NC
dude_tryb1__L001942,CC[C@H](c1nnnn1C[C@@H]2CCCO2)[NH+](CCCO)Cc3cc4cc5c(cc4[nH]c3=O)OCCO5
dude_tryb1__L001943,C[C@@H](CCCC(C)(C)O)NC(=O)[C@@H]1CN(CC12CC[NH2+]CC2)C(=O)c3cc(ccc3F)Cl
dude_tryb1__L001944,c1ccc2=[NH+]CC(=c2c1)C[C@@H](CNc3cc(c(nc3)Cl)/C=C/c4ccncc4)[NH3+]
dude_tryb1__L001945,c1cc(cc(c1)Cl)c2c3c(n(nc3nc(n2)NCC[NH+]4CCCCC4)c5ccc(cc5)F)N
dude_tryb1__L001946,CCOc1cccc(c1)C(=O)NC(=S)Nc2ccc(cc2)S(=O)(=O)Nc3cc(nc(n3)OC)OC
dude_tryb1__L001947,CN(C)S(=O)(=O)c1cccc(c1)C(=O)NNC(=O)[C@@H]2CC(=O)N(C2)c3ccc(cc3)Cl
dude_tryb1__L001948,c1ccc(c(c1)/C=C\2/C(=O)N(C(=O)S2)CCNC(=O)CCc3c(=O)[nH]c(=O)[nH]n3)F
dude_tryb1__L001949,CC[C@@H]([C@H](c1ccccc1Br)[NH+](CC)CC(C)C)[NH3+]
dude_tryb1__L001950,CCC(C)(C)n1c(nnn1)[C@H](c2cc3cc4c(cc3[nH]c2=O)OCO4)N(Cc5ccccc5)Cc6ccco6
dude_tryb1__L001951,NCc4cccc(NC(=O)CN3CCCCC(NC(=O)c2ccc(C1CCCCC1)cc2)C3=O)c4
dude_tryb1__L001952,CC1=NC(=C([C@H](C1C(=O)OCCOC)c2ccco2)C#N)SCC(=O)NC(C)(C)C
dude_tryb1__L001953,CC(C)[NH+](C)Cc1ccccc1CNC(=O)NC[C@@H](c2ccc(c(c2)F)F)O
dude_tryb1__L001954,CCN1c2c(c[nH+]c(c2N[C@H]1c3c(non3)N)C4=NC=CC4)OCCC[NH3+]
dude_tryb1__L001955,CCCCOC[C@H](C[NH+](CCC)Cc1c(nn(c1Oc2ccc(cc2)F)c3ccc(cc3)F)C)O
dude_tryb1__L001956,c1ccc2=[NH+]CC(=c2c1)CCC(=O)OCC(=O)N[C@@H]3[C@@H](C4=C(S3)CCCC4)C(=O)N
dude_tryb1__L001957,CN1[C@H](C(=C(NC1=O)[O-])C(=O)CSc2nnc(n2C3CC3)C4=c5ccccc5=[NH+]C4)N
dude_tryb1__L001958,COc1ccc(cc1O)/C=N/Nc2[nH]nc(n2)SCCC(=O)Nc3ccc(cc3)S(=O)(=O)N
dude_tryb1__L001959,C[NH2+]Cc1cc(cc(c1O)CC=C)c2cc(c(c(c2)C[NH2+]C)O)CC=C
dude_tryb1__L001960,C[C@]12CC[C@@H]3C(=CC(=O)[C@H]4[C@@]3(C[C@H]([C@H](C4)O)O)C)[C@@]1(CC[C@@H]2[C@](C)([C@H](CCC(C)(C)O)O)O)O
dude_tryb1__L001961,CC(C)[NH+](C)C[C@@H](COc1cc(ccc1OC)C[NH2+]CC2(COC2)C)O
dude_tryb1__L001962,C[C@@H](C(=O)NCCN1C(=O)/C(=C/c2ccc(cc2)F)/SC1=O)NC(=O)/C=C/c3ccc(cc3)OC
dude_tryb1__L001963,Cc1ccc(c(c1)n2c(=O)c3ccccc3n4c2nnc4SCC(=O)N[C@@H](C)COC)C
dude_tryb1__L001964,COc1cc(ccc1O)[C@H]2[C@@H](c3cc(cc(c3O2)O)[C@@H]4[C@H](C(=O)c5c(cc(cc5O4)O)O)O)CO
dude_tryb1__L001965,CC[C@@H]([C@@H](c1cccc(c1)Br)[NH+](CC)CC(C)C)[NH3+]
dude_tryb1__L001966,CS(=O)(=O)CC[C@@H](C(=O)NC1(CCCC1)C(=O)[O-])[NH3+]
dude_tryb1__L001967,Cc1cccn2c1nc(c(c2=O)/C=C/3\C(=O)N(C(=S)S3)[C@H]4CCS(=O)(=O)C4)NCc5ccco5
dude_tryb1__L001968,C[C@]1(c2cccc(c2C(=O)[C@H]3[C@H]1[C@@H]([C@@H]4[C@@H](C(=O)C(=C([C@]4(C3=O)O)[O-])C(=O)N)[NH+](C)C)O)O)O
dude_tryb1__L001969,Cc1ccc(o1)[C@H]2C(=C(C(=O)N2CCC[NH+](C)C)[O-])C(=O)c3c(n4c5ccccc5nc4s3)C
dude_tryb1__L001970,Cc1c(c2cc(ccc2[nH]1)C#N)CCNC(=O)[C@@H]3CN(CC34CC[NH2+]CC4)C(=O)[C@H]5CCC=CC5
dude_tryb1__L001971,[H]/N=c\1/c(=C\c2cc(n(c2C)c3cccc(c3C)Cl)C)/c(=O)nc-4s/c(=C/C(=O)N5CCOCC5)/[nH]n14
dude_tryb1__L001972,CCN(CC)S(=O)(=O)c1ccc2c(c1)nc(n2C)CCC(=O)O[C@H](C)C(=O)NC(=O)N
dude_tryb1__L001973,CCCN([C@@H](c1ccc(c(c1)OC)O)C(=O)NCS(=O)(=O)c2ccc(cc2)C)C(=O)c3ccccc3
dude_tryb1__L001974,C[C@H](C(=O)NC(=O)N)Sc1nnc(n1CC(C)C)CCC(=O)N
dude_tryb1__L001975,CC(C)[C@H]1[NH2+][C@H](CC(=N1)c2ccc(cc2)Cl)c3cc(ccc3O)Br
dude_tryb1__L001976,Cc1cccn2c1nc(c(c2=O)/C=C\3/C(=O)N(C(=S)S3)CC=C)N4CCC(CC4)C(=O)N
dude_tryb1__L001977,CN1c2ccccc2[C@]3(C1=O)C(=C(C(=O)N3CC[NH+](C)C)[O-])C(=O)c4cccc(c4)S(=O)(=O)N(C)C
dude_tryb1__L001978,CC(C)[C@@H](C(=O)N[C@@H](CC1=c2ccccc2=[NH+]C1)C(=O)[O-])NC(=O)N3CC(=Nc4c3cccc4)O
dude_tryb1__L001979,CN(Cc1cccc(c1)C(=O)N)c2ccc(cc2S(=O)(=O)C)S(=O)(=O)N
dude_tryb1__L001980,Cc1ccc(cc1)S(=O)(=O)N[C@H](C(C)C)C(=O)OCc2c(c(sc2C(=O)OC)N)C(=O)OC
dude_tryb1__L001981,c1cc2c(cc1c3c[nH]nc3c4ccc(cc4O)O[C@H]5[C@H]([C@H]([C@@H]([C@H](O5)CO)O)O)O)OCCO2
dude_tryb1__L001982,CC[NH+](CC)[C@H](CNC(=O)CCCC[C@H]1[C@@H]2[C@H](CS1)NC(=O)N2)c3ccccc3Cl
dude_tryb1__L001983,c1ccc2c(c1)ccn2C[C@H](C[NH+]3CCC(CC3)[NH2+][C@@H]4CCCC[C@@H]4O)O
dude_tryb1__L001984,c1cc(ccc1CSC[C@@H]([C@@H]([NH2+]CC(=O)[O-])O)NC(=O)CC[C@@H](C(=O)[O-])[NH3+])Br
dude_tryb1__L001985,[H]/N=C\1/C(=C\c2ccc(c(c2)OCC)OCc3ccccc3)/C(=O)N=C4N1N=C(S4)N5CCOCC5
dude_tryb1__L001986,c1cc(c(cc1C(F)(F)F)[N+](=O)[O-])NCC[NH2+]CC(=O)Nc2ccc(c(c2)Cl)Cl
dude_tryb1__L001987,CCCCSc1nc2n(n1)[C@H](C(=C(N2)C)C(=O)N)c3ccc(c(c3)OC)OCCC(C)C
dude_tryb1__L001988,Cc1c(sc(c1C(=O)O[C@H](C)C(=O)C2=N[C@H](C(=C2C)C(=O)OC)C)NC(=O)C)C
dude_tryb1__L001989,CCCCCCN([C@@H](c1ccc(cc1)O)C(=O)NCCCC)C(=O)c2cc(cc(c2)[N+](=O)[O-])[N+](=O)[O-]
dude_tryb1__L001990,c1ccc(c(c1)/C=N/N[C@H]2N=C3C(=NC(=NC3=O)[NH-])N2[C@H]4[C@@H]([C@@H]([C@@H](O4)CO)O)O)O
dude_tryb1__L001991,Cc1ccc(cc1S(=O)(=O)N2CCCC2)c3ccc([nH+]n3)Nc4ccc(cc4)S(=O)(=O)N
dude_tryb1__L001992,CCCCS(=O)(=O)c1ncc(c(n1)Cl)C(=O)NC[C@@H](c2cccs2)N3CCOCC3
dude_tryb1__L001993,c1cc2c(c(c1)Cl)NC(=O)[C@@]23[C@H]4[C@@H]([C@@H]([NH2+]3)Cc5ccc(cc5)O)C(=O)N(C4=O)C[C@@H]6CCCO6
dude_tryb1__L001994,CC[NH+](CC)C[C@H](C)NS(=O)(=O)c1c(cc(cc1Br)N)Br
dude_tryb1__L001995,CC(C)C(OC(=O)N3CCN(C(=O)N2[C@H](C(O)=O)[C@@H](CC1CCCN(C(N)=N)C1)C2=O)CC3)C(C)C
dude_tryb1__L001996,C1CCC(CC1)CCCCCCO[C@@H]2[C@H]([C@@H]([C@@H]([C@@H](O2)CO)O[C@@H]3[C@@H]([C@@H]([C@@H]([C@@H](O3)CO)O)O)O)O)O
dude_tryb1__L001997,CCOC(=O)c1c(c(sc1NC(=S)NNC(=O)[C@@H](C)Oc2ccc3c(c2)OCO3)C(=O)OCC)C
dude_tryb1__L001998,Cn1ccnc1[C@H](c2cc(cc(c2)OC)OC)NC(=O)[C@@H]3CC(=O)N(C3)C4CC4
dude_tryb1__L001999,Cc1nc2c(n1[C@@H]3CCS(=O)(=O)C3)cc(nc2C(=O)Nc4nccs4)c5ccco5
dude_tryb1__L002000,CCOC(=O)c1c(cc2cc(c(cc2c1c3cccc(c3)O)F)S(=O)(=O)C(C)C)Cn4cncn4
dude_tryb1__L002001,CCOC(=O)C1=C(NC(=O)N[C@H]1c2cc(ccc2C)C)CS[C@@H]3[NH+]=c4ccc(cc4=[NH+]3)C
dude_tryb1__L002002,CC(=O)N[C@H]1[C@@H]([C@H]([C@@H](O[C@@H]1SC(=O)NCCCl)COC(=O)C)OC(=O)C)OC(=O)C
dude_tryb1__L002003,C[C@@H](C(=O)Nc1ccc(cc1)NC(=O)C)OC(=O)c2cc(ccc2Cl)S(=O)(=O)N3CCOCC3
dude_tryb1__L002004,CC(=O)N1CCc2c(sc(c2C#N)NC(=O)c3ccc(cc3)S(=O)(=O)N(CCC#N)CCC#N)C1
dude_tryb1__L002005,CC1=C([C@@H](C(=C(N1)SCC(=O)Nc2ccc(cc2)F)C#N)c3ccc(c(c3)OC)O)C(=O)OCC=C
dude_tryb1__L002006,CC(C)C[NH+](C1CC1)[C@H](C[NH3+])c2ccc(c(c2)Br)OC
dude_tryb1__L002007,Cn1c2c(c(=O)[nH]c1=O)n(c3n2c(nn3)c4ccc(cc4O)O)CCN5CCOCC5
dude_tryb1__L002008,C[C@@H]1c2c(sc(n2)NC(=O)CC(C)(C)C)C[C@]3([C@H]1[C@H]([C@@H](CC3)[C@H](C)C(=O)NCC[NH+]4CCOCC4)O)C
dude_tryb1__L002009,CC[NH+]1CCc2c(sc(c2C(=O)N)NC(=O)c3ccc(cc3)S(=O)(=O)N4C[C@H](O[C@@H](C4)C)C)C1
dude_tryb1__L002010,c1ccc(cc1)C2=NN=C(C2)C(=O)NNC(=O)[C@@H]3CC(=O)N(C3)c4ccc5c(c4)OCCO5
dude_tryb1__L002011,CC(C)(C)NC(=O)[C@H](c1ccc(c(c1)OC)OC)N(Cc2ccco2)C(=O)c3cccnc3
dude_tryb1__L002012,c1cc(c(c2c1[nH]cc2O[P@@](=O)([O-])OC3[C@@H]([C@@H](C([C@H]([C@H]3O)O)O)O)O)Cl)Br
dude_tryb1__L002013,Cn1c2c(c(n1)Br)c(=O)n(cn2)CC(=O)N(CCC(=O)N)Cc3ccccc3
dude_tryb1__L002014,CC[NH+]1CCC[C@H]1CNS(=O)(=O)c2cc(cnc2NN)Br
dude_tryb1__L002015,CCOCCCN1C(=O)/C(=C\c2c(c(c(=O)n(c2NCc3ccccc3Cl)C)C#N)C)/SC1=S
dude_tryb1__L002016,C[C@@H](c1nnc(n1c2ccc(cc2)Cl)S[C@H](C)C(=O)c3c(n(c(=O)n(c3=O)C)C)N)[NH+](C)C
dude_tryb1__L002017,NC(=N)c5ccc4oc(C(=O)N3CCN(C(=O)COc2ccc(OCC(=O)N1CCNCC1)cc2)CC3)cc4c5
dude_tryb1__L002018,CCC[C@H](C)C(=O)N1C[C@@H](C2(C1)CC[NH2+]CC2)C(=O)NCC[NH+](C(C)C)C(C)C
dude_tryb1__L002019,C[C@@H]([C@H]1[C@@H]2[C@@H](C(=O)N(C2=O)CCc3ccc(c(c3)OC)OC)[C@@]4(N1)c5cc(ccc5NC4=O)F)O
dude_tryb1__L002020,COC(=O)c1c2c(sc1NC(=O)CSc3nnc(n3N)NN)CCCC2
dude_tryb1__L002021,CC[C@@H]1CC[NH2+][C@@H](C1)C(=O)N[C@H]([C@@H]2[C@@H]([C@H]([C@@H]([C@H](O2)SC)O)O)O)[C@@H](C)Cl
dude_tryb1__L002022,C[NH+](C)CCNC(=O)C(=O)NC[C@@H](c1cccnc1)S(=O)(=O)c2ccc(cc2)OC
dude_tryb1__L002023,CC(=O)Nc1ccc(cc1)S(=O)(=O)NC[C@H](c2cccnc2)S(=O)(=O)c3ccc(cc3)Cl
dude_tryb1__L002024,Cc1ccc(cc1)S(=O)(=O)CNC(=O)[C@@H](c2ccc(cc2)O)N(Cc3ccco3)C(=O)COC
dude_tryb1__L002025,C=CCn1c(=O)c2ccccc2nc1SCC(=O)Nc3ccc(cc3Br)[N+](=O)[O-]
dude_tryb1__L002026,c1ccc(cc1)/C=C/C=C\2/C(=O)N(C(=S)S2)[C@H]3CC(=O)N(C3=O)c4ccc(cc4)S(=O)(=O)N
dude_tryb1__L002027,[H]/N=C\1/C(=C\c2ccc(c(c2)OCC)OCCOc3ccc(cc3)NC(=O)C)/C(=O)N=C4N1N=C(S4)CC
dude_tryb1__L002028,CC(C)(C)OC(=O)NCCC(=O)/N=C\1/N([C@H]2CS(=O)(=O)C[C@H]2S1)CC=C
dude_tryb1__L002029,C[C@]12CC[C@H]3C(=CC(=O)[C@H]4[C@@]3(C[C@@H]([C@@H](C4)O)O)C)[C@@]1(CC[C@H]2[C@](C)([C@@H](CCC(C)(C)O)O)O)O
dude_tryb1__L002030,CCC(CC)C(=O)N1C[C@H](C2(C1)CC[NH2+]CC2)C(=O)N[C@@H]3CCC[C@@H]([C@@H]3C)C
dude_tryb1__L002031,Cc1ccc(cc1)S(=O)(=O)N(CC(=O)N/N=C/c2ccc(cc2)OC(=O)C)c3ccc(c(c3)OC)OC
dude_tryb1__L002032,C[C@@]1([C@@H](O[C@@]([C@]([C@]1(C)O)(C)O)(C)O[C@@]2([C@H](O[C@]([C@@]([C@@]2(C)O)(C)O)(C)O)CO)C)CO)O
dude_tryb1__L002033,c1cc(ccc1n2c(c3c(n2)CSC3)NC(=O)C(=O)NCCCN4CCOCC4)Cl
dude_tryb1__L002034,CSCC[C@H](C(=O)NNC(=O)CSc1ccccc1F)NC(=O)COc2ccccc2
dude_tryb1__L002035,CC[C@@H]([C@H](c1ccccc1Br)[NH+](CC)CCOC)[NH3+]
dude_tryb1__L002036,CC(C)(C)c1ccc(cc1)[C@H](C[NH+]2CCC3(CC2)C[C@@H](c4ccccc4O3)O)O
dude_tryb1__L002037,C[C@H](C(=O)[O-])NC(=O)[C@H](CC(C)C)N1C(=O)[C@@]2([C@@H]3C(=c4ccccc4=[NH+]3)CCN2C1=O)C
dude_tryb1__L002038,Cc1cc(=O)[nH]c(n1)NCCN2CN[C@@H]([C@@H]2c3[nH]cc[nH+]3)c4ccccc4
dude_tryb1__L002039,CC(C)S(=O)(=O)N(C(=O)[C@H]1CC(=C2[NH+]1Cc3ccccc3N2)OC)Br
dude_tryb1__L002040,c1cc(sc1)S(=O)(=O)N2CCOC23CCN(CC3)C(=O)C(=O)Nc4ccc5c(c4)OCCO5
dude_tryb1__L002041,Cc1nnc(n1N)S[C@@H](C)C(=O)NC(=O)NCCOC
dude_tryb1__L002042,CCCn1c(c(c(=O)[nH]c1=O)C(=O)CN2CCN(CC2)Cc3cc(on3)C)N
dude_tryb1__L002043,CCCCN1C(=O)[C@@H]2[C@@H]([NH2+][C@]3([C@@H]2C1=O)c4ccc(c(c4NC3=O)C)C)CCC(=O)N
dude_tryb1__L002044,C[C@@H]1[C@H]([C@@H](C[C@@H](O1)O[C@H]2C[C@](Cc3c2c(c4c(c3O)C(=O)c5cccc(c5C4=O)OC)O)(C(=O)C)O)[NH3+])O
dude_tryb1__L002045,Cc1cc(c(cc1C)[N+](=O)[O-])N[C@@H]2[C@@H]([C@@H]([C@@H]([C@@H](O2)CO)O)O)O
dude_tryb1__L002046,CC[C@H](C)[C@H](c1nc(no1)c2cccc(c2)C(F)(F)F)[NH2+]C[C@@H](COCc3ccco3)O
dude_tryb1__L002047,CCCN1C[C@@](SC1=S)([C@H]([C@@H]([C@@H](CO)O)O)O)O
dude_tryb1__L002048,C[C@H](c1cccc(c1)S(=O)(=O)N(C)C)NS(=O)(=O)N
dude_tryb1__L002049,Cc1cc(n(n1)[C@H]2CCS(=O)(=O)C2)NC(=O)CSc3nccn3c4ccc(cc4)OC
dude_tryb1__L002050,CC1=C([C@H](C(=C(N1)SCC(=O)N)C#N)c2ccco2)C(=O)N
dude_tryb1__L002051,c1cc(sc1)[C@H](CNC(=O)N[C@H]2CCN(C2)CC(F)(F)F)[NH+]3CCCC3
dude_tryb1__L002052,CC[C@H]([C@H]1[C@H](C[C@](O1)(CC)[C@H]2CC[C@@]([C@@H](O2)C)(CC)O)C)C(=O)[C@H](C)[C@H]([C@H](C)CCc3ccc(c(c3C(=O)[O-])O)C)O
dude_tryb1__L002053,C[C@H](C(=O)Nc1ccc(cc1)S(=O)(=O)Nc2ncccn2)OC(=O)c3ccc(cc3F)OC
dude_tryb1__L002054,Cc1cc(no1)NC(=O)CSCC(=O)OCC(=O)/N=c/2\n(ccs2)Cc3ccccc3Cl
dude_tryb1__L002055,Cc1c(c(sc1C(=O)OC)S(=O)(=O)NCC(=O)OCC(=O)NCC(F)(F)F)C(=O)OC
dude_tryb1__L002056,c1c2cc3c(cc2[nH]c(=O)c1CN(CCO)C(=S)NCCC[NH+]4CCOCC4)OCCO3
dude_tryb1__L002057,Cc1cc(nc(n1)NS(=O)(=O)c2ccc(cc2)NC(=S)NC(=O)/C=C/c3ccccc3Cl)C
dude_tryb1__L002058,CCOc1ccc(cc1)N(C)S(=O)(=O)c2ccc3c(c2)c(=O)c(c[nH]3)C(=O)N(C)Cc4ccccc4
dude_tryb1__L002059,Cn1c2ccc(cc2c(=O)n(c1=O)CC(=O)N3CCCCCC3)S(=O)(=O)Nc4ccc(cc4)C#N
dude_tryb1__L002060,COCCNC(=O)c1c2c(sc1NC(=O)COC(=O)c3ccccc3n4cnnn4)CCCC2
dude_tryb1__L002061,Cc1cc(ccc1N[C@@H]2[C@H]([C@@H]([C@H](O2)[C@H](CO)O)O)O)[N+](=O)[O-]
dude_tryb1__L002062,CC(C)COC[C@H](CNc1ccc(cc1)n2c(nc(n2)OC(C)C)c3ccc4c(c3)OCO4)O
dude_tryb1__L002063,COCCNC(=O)[C@@H](c1ccc(cc1)F)N(Cc2ccccc2)C(=O)CCC(=O)Nc3nccs3
dude_tryb1__L002064,Cc1ccc(cc1C)N2C[C@H](CC2=O)[C@@H]3NC(=NO3)c4ccc5c(c4)[nH]c(=O)c(=O)n5C
dude_tryb1__L002065,CCC[C@@H](C)C(=O)N1C[C@@H](C2(C1)CC[NH2+]CC2)C(=O)N[C@@H](C)C(=O)NC
dude_tryb1__L002066,CCS(=O)(=O)c1ncc(c(n1)C(=O)Nc2ccccc2C)N(Cc3ccco3)Cc4ccc(o4)C
dude_tryb1__L002067,CC[NH+](CC(=O)Nc1ccc(cc1)NC(=O)C)CC(=O)N(CCC#N)c2ccc(cc2)OCC
dude_tryb1__L002068,CC[C@H](c1nnnn1CC(=O)OCC)N(Cc2ccccc2)Cc3cc4cc5c(cc4[nH]c3=O)OCCO5
dude_tryb1__L002069,CCN(CC)S(=O)(=O)c1cccc(c1)C(=O)NNC(=O)C[C@H](c2ccc(cc2)Cl)NC(=O)N
dude_tryb1__L002070,Cc1c(sc(n1)Nc2c(c(ncn2)NNC(=O)c3cccnc3)N)C
dude_tryb1__L002071,Cc1cc(n(n1)C(C)(C)C)C(=O)N2C[C@@H](C3(C2)CC[NH2+]CC3)C(=O)N[C@@H](C)c4c([nH]nc4C)C
dude_tryb1__L002072,CCCCNC(=O)[C@@H](/C=C/CCC)N(Cc1ccco1)C(=O)C(c2ccccc2)(c3ccccc3)O
dude_tryb1__L002073,CCCCCCOc1ccc(cc1C(=O)NC(=S)Nc2ccc(c(c2)OC)OC)Br
dude_tryb1__L002074,C[C@H](C(=O)Nc1ccc(cc1)[N+](=O)[O-])OC(=O)CCNS(=O)(=O)c2cccc(c2)C(F)(F)F
dude_tryb1__L002075,CC(C)(C)n1c(nnn1)[C@@H](c2cc3cc(c(cc3[nH]c2=O)OC)OC)N4CCN(CC4)c5cccc(c5)OC
dude_tryb1__L002076,CCC[NH2+][C@](C)(CN1CC[NH+](CC1)[C@@H](C)CC)C(=O)N
dude_tryb1__L002077,CC(C)([C@H]1Cc2c(cc3c(c2OC)c(=O)cc(o3)CO[C@H]4[C@@H]([C@H]([C@@H]([C@H](O4)CO)O)O)O)O1)O
dude_tryb1__L002078,CCCN1c2cc(ccc2OCC(C1=O)(C)C)NS(=O)(=O)c3ccc(cc3OC)OC
dude_tryb1__L002079,CCN(CC)S(=O)(=O)c1cc(ccc1C)NC(=O)[C@H](C)Sc2nnc(n2C3CC3)C4CC4
dude_tryb1__L002080,CCOC(=O)Cc1csc(n1)NC(=O)CS[C@@H]2N[C@@H]3[C@@H](C4=C(S3)CCC4)C(=O)N2CC=C
dude_tryb1__L002081,CN(C)C(=O)c1cccc(c1)OC(=O)CCCN2C(=O)C3(CCCC3)NC2=O
dude_tryb1__L002082,Cc1ccc(cc1)S(=O)(=O)CNC(=O)[C@H](c2c(cc(cc2O)O)O)N(C)C(=O)c3ccc(cc3)OC
dude_tryb1__L002083,c1cc(ncc1N2CCN(CC2)C(=O)CSCc3[nH]c(=O)c4c5c(sc4n3)CCC5)[N+](=O)[O-]
dude_tryb1__L002084,Cc1ccc(cc1)n2c(c(c(n2)C)NC(=O)COC(=O)/C=C/c3cc(c(c(c3)OC)OC)OC)C
dude_tryb1__L002085,Cc1[nH]cc([nH+]1)CNc2c(cc(cc2Br)Br)C(=O)OC
dude_tryb1__L002086,Cc1ccc(cc1)S(=O)(=O)CNC(=O)[C@@H](c2ccccc2C)N(Cc3ccco3)C(=O)c4ccco4
dude_tryb1__L002087,COCCN(CCOC)S(=O)(=O)c1ccc(cc1)C(=O)Nc2ccc3c(c2)ncs3
dude_tryb1__L002088,Cc1ccc(cc1)n2c(nnc2SCC(=O)N/N=C/c3ccc(c(c3OC)OC)OC)c4ccncc4
dude_tryb1__L002089,C[NH+](CCc1ccccc1)[C@H]2[C@H](O[C@H]([C@H]2O)CO)C[NH2+]Cc3ccc(cc3)F
dude_tryb1__L002090,Cc1cc2cc(c(=O)[nH]c2cc1C)[C@H](c3nnnn3C[C@@H]4CCCO4)N(Cc5cccnc5)Cc6ccco6
dude_tryb1__L002091,CCOC(=O)c1c(c(sc1NC(=O)[C@H](C)n2c(c(c(n2)[N+](=O)[O-])Br)C)C)C
dude_tryb1__L002092,C[C@@H](c1ccc(cc1)n2cncn2)NC(=O)Cc3ccc(s3)S(=O)(=O)N4CCOCC4
dude_tryb1__L002093,CN(C)C(=O)[C@H](c1ccccc1)OC(=O)c2cccc(c2)S(=O)(=O)NCc3ccco3
dude_tryb1__L002094,CCn1cc(c(n1)C(=O)NCc2ccco2)NC(=O)c3ccn(n3)Cn4nc(nn4)c5ccccc5
dude_tryb1__L002095,CN(C)c1ccc(cc1)[C@@H](CNC(=O)C(=O)NCc2cccnc2)S(=O)(=O)c3ccc(cc3)Cl
dude_tryb1__L002096,Cc1csc(n1)NC(=O)CSc2nnc(s2)NC(=O)CN(C)S(=O)(=O)C
dude_tryb1__L002097,CC[NH+](CC)Cc1c(n(nn1)c2c(non2)N)C(=O)N/N=C/c3ccc(cc3O)N(CC)CC
dude_tryb1__L002098,Cc1csc(n1)NC(=O)CSc2nnc(s2)NC(=O)c3cc(c(c(c3)OC)OC)OC
dude_tryb1__L002099,C1C2CC3CC1CC(C2)(C3)COCCCCC[NH+]4C[C@@H]([C@@H]([C@H]([C@@H]4CO)O)O)O
dude_tryb1__L002100,c1cc(sc1)S(=O)(=O)[C@@H](CNS(=O)(=O)[C@@H]2CS(=O)(=O)C[C@@H]2O)c3ccc(cc3)F
dude_tryb1__L002101,Cc1cc2ncc(c(n2n1)C)C(=O)N[C@@H](CC(=O)OC(C)C)c3ccc(cc3)OC
dude_tryb1__L002102,OC(=O)[C@@H]2[C@@H](CC1CCNCC1)C(=O)N2C(=O)N5CCN(C(=O)c4ccc3ccccc3n4)CC5
dude_tryb1__L002103,CC(C)S(=O)(=O)C1=C2Nc3ccccc3C[NH+]2[C@H](C1)C(=O)N(c4ccccc4O)S(=O)(=O)C(C)C
dude_tryb1__L002104,Cc1cc(n(n1)c2ccccc2)NC(=O)CSc3nnc(n3c4ccccn4)CN5CCCC5=O
dude_tryb1__L002105,CC[C@H](C)Oc1ccc(cc1)C(=O)NC(=S)Nc2ccc(cc2)S(=O)(=O)Nc3ccc(cc3)OCC
dude_tryb1__L002106,COc1ccccc1OCCNC(=O)[C@@H](CCSC)NS(=O)(=O)c2ccccc2F
dude_tryb1__L002107,Cc1cc(c(n1Cc2ccc(cc2)S(=O)(=O)N)C)C(=O)OCC(=O)c3ccc4c(c3)OCCO4
dude_tryb1__L002108,CCOc1ccccc1C[NH+](Cc2ccco2)C[C@@H](COc3ccc(cc3OCC)C=O)O
dude_tryb1__L002109,COCCOC(=O)C1=C(OC(=C([C@]12c3ccccc3NC2=O)C(=O)OC)N)COC
dude_tryb1__L002110,CC(C)C[NH+](CCC(=[NH2+])N)Cc1ccc(cc1F)Br
dude_tryb1__L002111,CCc1cccc2=C(C[NH+]=c12)C(=O)CS[C@@H]3NN[C@@H]([NH+]3CCC(=O)[O-])c4cccc(c4)C
dude_tryb1__L002112,COc1cccc(c1)N2C[C@@H](CC2=O)NS(=O)(=O)c3cc(ccc3OC)OC
dude_tryb1__L002113,C=CCCCCCCCCC(=O)Oc1ccc2c3c1O[C@H]4[C@@]35CC[NH+]([C@@H](C2)[C@]5(CCC4=O)O)CC=C
dude_tryb1__L002114,C[C@@H]1CN(C[C@H](O1)C)S(=O)(=O)c2ccc(cc2)C(=O)Nc3c(c4c(s3)C[NH+](CC4)C)C(=O)N
dude_tryb1__L002115,Cc1ccc(cc1S(=O)(=O)NC)NC(=O)CSc2nnc(n2CC=C)[C@@H]3CCS(=O)(=O)C3
dude_tryb1__L002116,c1cc2c(cc1S(=O)(=O)N(Cc3cc4cc5c(cc4[nH]c3=O)OCCO5)C[C@@H]6CCCO6)OCCO2
dude_tryb1__L002117,c1ccc(c(c1)NC(=O)CN2CCN(CC2)c3ccc(c4c3ccnc4)[N+](=O)[O-])SC(F)F
dude_tryb1__L002118,CCC[NH+](Cc1c(nn(c1Oc2ccc(cc2)C)C)c3ccccc3)C[C@@H](COCC#C)O
dude_tryb1__L002119,[H]/N=C\1/N(C(=O)/C(=C\c2ccc(c(c2)OCC)OCCN3CCOCC3)/S1)c4c(non4)n5cccc5
dude_tryb1__L002120,c1cc(ccc1C(=O)N(Cc2nc(co2)C(=O)NC[C@@H]3CCCO3)C[C@@H]4CCCO4)Br
dude_tryb1__L002121,COC(=O)C[C@@]12[C@@H]3[C@@H]([C@@H](N1CCNC2=O)c4ccco4)C(=O)N(C3=O)c5ccccc5
dude_tryb1__L002122,CCCn1c(nnc1S[C@@H](C)C(=O)c2c(n(c(=O)n(c2=O)C)C)N)c3ccncc3
dude_tryb1__L002123,COc1cc(ccc1O)C[C@@H](CO)[C@@H](Cc2ccc(c(c2)OC)O)CO[C@@H]3[C@@H]([C@@H]([C@@H]([C@@H](O3)CO)O)O)O
dude_tryb1__L002124,c1c(cc(c(c1Cl)S(=O)(=O)NCC(=O)OCC(=O)N2CCCC2=O)Cl)Br
dude_tryb1__L002125,CCOC(=O)N[C@@H](CCCCN)C(=O)c4noc(Cc3ccc(C(=O)NC2Cc1ccccc1C2)cc3)n4
dude_tryb1__L002126,CCCNC(=O)C[NH+]1CCC(CC1)NC(=O)NC[C@@H](C)[NH+]2CCCC[C@@H]2C
dude_tryb1__L002127,COc1ccc(cc1Br)/C=N/Nc2nc3c(=O)[nH]c(nc3n2[C@H]4[C@H]([C@@H]([C@H](O4)CO)O)O)N
dude_tryb1__L002128,Cc1ccc2cc(c(=O)[nH]c2c1)CN(Cc3cccs3)[C@@H](c4nnnn4C[C@@H]5CCCO5)C(C)C
dude_tryb1__L002129,c1ccc(c(c1)C(=O)NNc2c(c(ncn2)N3CCN(CC3)c4cccc[nH+]4)[N+](=O)[O-])Br
dude_tryb1__L002130,CCC[C@@H](c1nc(co1)C(=O)N[C@@H](Cc2c[nH]c3c2cccc3)C(=O)N)[NH3+]
dude_tryb1__L002131,C[NH+](C)[C@H]1[C@H]2C[C@H]3Cc4c(ccc(c4C(=O)[C@@H]3C(=O)[C@]2(C(=O)/C(=C(/N)\O)/C1=O)[O-])O)N(C)C
dude_tryb1__L002132,CN(C)S(=O)(=O)c1ccc(cc1)C(=O)Nc2c(c3c(s2)CN(CC3)C(=O)OC)C(=O)OC
dude_tryb1__L002133,COc1cc(ccc1O)[C@H](CO)[C@@H](c2ccc(c(c2)OC)O)O[C@H]3[C@H]([C@@H]([C@@H]([C@@H](O3)CO)O)O)O
dude_tryb1__L002134,CS(=O)(=O)c1cccc(c1)S(=O)(=O)N2CCN(CC2)CC3=NS(=O)(=O)c4ccccc4N3
dude_tryb1__L002135,Cc1cc(n[nH]1)C[NH+]2CCC(CC2)C(=O)Nc3ccc(cc3)N4[C@@H](C=C(N4)C)C
dude_tryb1__L002136,C=C[C@H]1C[NH+]2CC[C@H]1C[C@@H]2CNC(=S)NCC[NH+]3CCOCC3
dude_tryb1__L002137,Cc1ccc(cc1)n2c(nnn2)SCC(=O)Nc3nc(cs3)c4ccc(c(c4)OC)OC
dude_tryb1__L002138,CCc1ccc2c(c1)cc(c(=O)[nH]2)CN(Cc3ccc(cc3)C)Cc4nnnn4CCOC
dude_tryb1__L002139,C[C@H]1CCCC[NH+]1CC(=O)Nc2ccc(c(c2)NC(=O)/C=C/c3ccc(o3)Br)F
dude_tryb1__L002140,CCCCN([C@@H]1CCS(=O)(=O)C1)C(=O)CN2C(=O)[C@]3(CCCc4c3ccs4)NC2=O
dude_tryb1__L002141,CCOC(=O)[C@H](C)NC(=O)N[C@@H](Cc1c[nH+]c[nH]1)C(=O)[O-]
dude_tryb1__L002142,CC(C)S(=O)(=O)c1cc2c(cc1F)[C@@H]3CO[P@](=O)(NN3CC2)S(=O)(=O)C(C)C
dude_tryb1__L002143,CC(C)NS(=O)(=O)c1ccc(nc1)NNC(=O)NCCc2nccs2
dude_tryb1__L002144,CC(C)S(=O)(=O)C1=C[C@@H]2C[NH+]3[C@@H](C[C@@H]2C=C1S(=O)(=O)Oc4ccccc4)CO[P@@](=O)(N3)[O-]
dude_tryb1__L002145,Cc1ccc(c(c1)OCCCC(C)(C)C(=O)O[C@@H]2[C@@H]([C@@H]([C@@H]([C@@H](O2)C(=O)OCC=C)O)O)O)C
dude_tryb1__L002146,C[C@H](C(=O)Nc1ccc(c(c1)OC)OC)O/N=C/c2cc(c(c(c2)Cl)OC)OC
dude_tryb1__L002147,C[C@H](C(=O)NC(C)(C)C)NC(=O)c1c[nH]c2ccccc2c1=O
dude_tryb1__L002148,Cc1ccc(cc1S(=O)(=O)N2CCOCC2)NC(=O)[C@@H](C)Sc3nnnn3Cc4ccco4
dude_tryb1__L002149,Cn1c2c(c(nc(n2)C3CCCC3)SCC(=O)NC[C@H]4CCCO4)c(=O)n(c1=O)C
dude_tryb1__L002150,Cc1c2c(cc(c1C(=O)[O-])O)C(=O)c3cc(cc(c3C2=O)O)O[C@@H]4[C@H]([C@@H]([C@@H]([C@H](O4)CO)O)O)O
dude_tryb1__L002151,CN(Cc1[nH]c(=O)c2c(n1)ccs2)C(=O)c3cccc(c3)S(=O)(=O)NC[C@@H]4CCCO4
dude_tryb1__L002152,CC[NH+](CC)CCCN(C)C(=O)NC1CC([NH2+]C(C1)(C)C)(C)C
dude_tryb1__L002153,Cc1ccc(cc1)c2nnn(n2)CC(=O)N(C[C@H]3CCCO3)[C@@H](c4ccc(cc4)OC)C(=O)NC(C)(C)C
dude_tryb1__L002154,Cc1c(cccc1NS(=O)(=O)c2ccc(cc2)S(=O)(=O)C)NC(=O)COCCOC
dude_tryb1__L002155,C[C@@]12CCCC(=C)[C@H]1C[C@H]3[C@@H](C2)OC(=O)[C@@H]3C[NH2+]CCc4c[nH]c5c4cc(cc5)O
dude_tryb1__L002156,c1cc2c(cc1[C@@H]3CCC[NH+]3CC(=O)Nc4c(ccs4)C(=O)N)OCCCO2
dude_tryb1__L002157,CC1=C([C@H]([NH+]=N1)c2ccc(cc2O)OCC(=O)NN)Oc3ccc(cc3)OC
dude_tryb1__L002158,CC1([C@@H]2CC=C([C@H]1C2)COC[C@@H](C[NH2+]C[C@@H](c3ccc(cc3)OC)[NH+](C)C)O)C
dude_tryb1__L002159,CC[C@@H](C)NC(=O)CCNC(=O)C(=O)NCC(=S)N
dude_tryb1__L002160,C[C@H](C(=O)NC)NS(=O)(=O)c1cc(cnc1NN)Br
dude_tryb1__L002161,c1ccc2c(c1)c(c3ccccc3[nH+]2)N[C@@H]4[C@@H]([C@@H]([C@@H](O[C@@H]4O)CO)O)O
dude_tryb1__L002162,CC(C)NC(=O)C(=O)NNC(=O)[C@H]1CC(=O)N(C1)c2ccc3c(c2)OCCO3
dude_tryb1__L002163,CCn1c(nnc1SCC(=O)c2c(n(c(=O)[nH]c2=O)C3CC3)N)N4CCOCC4
dude_tryb1__L002164,c1ccc(cc1)n2c(nnn2)SCc3nnc(n3N)CSc4nnnn4c5ccccc5
dude_tryb1__L002165,CC[C@@H](C)[C@@H](C(=O)NCCOCCO)NC(=O)c1cn(c2cc3c(cc2c1=O)OCO3)CC
dude_tryb1__L002166,CC1=C([C@H](N2CCCSC2=[NH+]1)c3ccc(cc3)NC(=O)Nc4ccccc4F)C(=O)Nc5ccccc5
dude_tryb1__L002167,Cc1cc[nH+]c(c1)N[C@@H](c2cccs2)c3cc(sc3NC(=O)c4ccco4)C
dude_tryb1__L002168,CC(C)CCN1C(=O)/C(=C/c2c(nc3ccccn3c2=O)NCCCn4ccnc4)/SC1=S
dude_tryb1__L002169,CCOC(=O)C1=C(N[C@@H](S1)NC(=O)CSc2[nH]c(c([nH+]2)C)CC(C)C)c3ccccc3
dude_tryb1__L002170,CC[NH+](CC)CCNC(=O)c1cc(ccc1N(C)C)NC(=O)Nc2ccc(cc2)C
dude_tryb1__L002171,CC(C)OCCC[NH2+]Cc1cccc(c1)OC[C@@H](C[NH+]2CCC(CC2)O)O
dude_tryb1__L002172,CCCOC(=O)CSC1=C([C@@H](C(=C(N1)C)C(=O)OCC=C)c2ccc(c(c2)OC)O)C#N
dude_tryb1__L002173,CCSC1([C@@]2(C=C([NH2+][C@@H]([C@@]2(C(=[NH+]1)N)C#N)c3ccccc3)C)C#N)SCC
dude_tryb1__L002174,COc1ccc2c(c1)cc(c(=O)[nH]2)[C@H](c3nnnn3C4CCCC4)N(Cc5ccco5)C[C@@H]6CCCO6
dude_tryb1__L002175,CCC[C@H](c1nnnn1C[C@@H]2CCCO2)N(Cc3ccccc3)Cc4cc5cc(ccc5[nH]c4=O)OCC
dude_tryb1__L002176,C[C@H]1C2=C([C@@H](O[C@@H]2C)NC(=O)CS[C@@H]3Nc4c(c5c(s4)CCC5)C(=O)N3C)C(=O)NN1
dude_tryb1__L002177,c1cc(ccc1C[NH+]2CC[C@H]([C@@H](C2)O)[NH+]3CCC(CC3)O)C#CCCO
dude_tryb1__L002178,CCCCN([C@H]1CCS(=O)(=O)C1)C(=O)CN2C(=O)[C@](NC2=O)(C)c3cccc(c3)n4cnnn4
dude_tryb1__L002179,Cc1c(c[nH]n1)CNS(=O)(=O)c2cc(cnc2)C#CCO
dude_tryb1__L002180,CCC(=O)N1CCCc2c1ccc(c2)[C@@H](C[NH+]3CCC(CC3)(c4ccccc4F)O)O
dude_tryb1__L002181,c1ccc(cc1)[C@H](C(=O)C2=c3ccccc3=[NH+]C2)S[C@@H]4NN=C(S4)NC5CC5
dude_tryb1__L002182,Cc1ccc(cc1)S(=O)(=O)NNc2c(c(ncn2)NC[C@H]3CCCO3)N
dude_tryb1__L002183,CCn1c2ccc(cc2nc1S[C@@H](C)C(=O)N(CC)[C@H]3CCS(=O)(=O)C3)S(=O)(=O)N
dude_tryb1__L002184,c1ccc(cc1)n2cc(c(n2)c3ccncc3)/C=C(\C#N)/C(=O)N[C@@H]4CCS(=O)(=O)C4
dude_tryb1__L002185,C[NH+]1CCN(CC1)Cc2c(nnn2c3c(non3)N)C(=O)N/N=C/c4cccc(c4)Br
dude_tryb1__L002186,CCCC[C@H](CC)CN1C(=O)/C(=C\c2c(nc3ccc(cn3c2=O)C)NCCOCCO)/SC1=S
dude_tryb1__L002187,[H]/N=C\1/C(=C\c2ccc(cc2)OCc3cc(=O)n4c(n3)sc(n4)CC)/C(=O)N=C5N1N=C(S5)CCCC
dude_tryb1__L002188,c1ccc(c(c1)NC(=O)CSc2nc([nH]n2)N/N=C/c3ccc(cc3)Br)Br
dude_tryb1__L002189,COCCOc1ccc(cc1C(=O)NC(=S)NNC(=O)c2cccc(c2)[N+](=O)[O-])Br
dude_tryb1__L002190,C[C@@H](C(C)(C)C)NC(=O)[C@@H]1CN(CC12CC[NH2+]CC2)C(=O)C3(CCCCC3)C
dude_tryb1__L002191,C[C@@H](C(=O)Nc1c(ccs1)C(=O)N)[NH+]2CCN(CC2)c3ccccc3O
dude_tryb1__L002192,CC(=O)C1=C(OC(=C([C@]12c3ccccc3N(C2=O)Cc4ccc(cc4)[N+](=O)[O-])C#N)N)OCCOC
dude_tryb1__L002193,C/C(=N\NC(=O)c1cc(cn1C)Br)/c2ccc(cc2)S(=O)(=O)NCC(=O)[O-]
dude_tryb1__L002194,c1cc(c(cc1/C=C/C(=O)O[C@@H]2[C@@H](C=C[C@@H]([C@@H]2O)O[C@@H]3[C@@H]([C@@H]([C@@H]([C@@H](O3)CO)O)O)O)O)O)O
dude_tryb1__L002195,C[C@@]1([C@@]([C@@]([C@@]([C@](O1)(C)OC[C@]2([C@@]([C@@]([C@@]([C@@H](O2)O)(C)O)(C)O)(C)O)C)(C)O)(C)O)(C)O)CO
dude_tryb1__L002196,CC(C)[NH+]1CCc2c(sc(c2C(=O)N)NC(=O)CCS(=O)(=O)c3ccc(cc3)F)C1
dude_tryb1__L002197,CC1=C([C@H](C(=C(O1)N)C(=O)N)c2ccccc2[N+](=O)[O-])C(=O)N
dude_tryb1__L002198,CC(C)(C)NC(=O)[C@@H](c1c(cc(cc1O)O)O)N(C)C(=O)C(c2ccccc2)(c3ccccc3)O
dude_tryb1__L002199,Cn1c2ccc(cc2nc1CCC(=O)Nc3cc(n[nH]3)CC4CCCCC4)S(=O)(=O)N(C)C
dude_tryb1__L002200,c1ccc2c(c1)OC[C@H](O2)C(=O)NNC(=O)CCSCC3=NC(=O)C4=C5CCC[C@H]5SC4=N3
dude_tryb1__L002201,c1cc(cc(c1)O)/C=N/Nc2nnc(n2N)SCC(=O)N
dude_tryb1__L002202,c1ccc(c(c1)NC(=O)N(CCCN2CCOCC2)Cc3cc4cc5c(cc4[nH]c3=O)OCCO5)F
dude_tryb1__L002203,Cc1ccccc1NC(=O)CCSc2nc([nH]n2)N/N=C/c3ccccc3OCc4ccccc4Cl
dude_tryb1__L002204,c1cc(sc1)[C@H](c2ccc(cc2)F)[NH2+]CC(=O)Nc3c(ccs3)C(=O)N
dude_tryb1__L002205,CCOc1ccc(cc1)S(=O)(=O)NC[C@H](c2cccnc2)S(=O)(=O)c3ccc(cc3)OC
dude_tryb1__L002206,Cc1[nH+]ccn1CCCNC(=O)CCCC[C@@H]2[C@@H]3[C@@H](CS2)NC(=O)N3
dude_tryb1__L002207,C[NH+]1CCN(CC1)C(=C(C(=O)N2CCN(CC2)C)Sc3nc4c(cn[nH]4)c(=O)n3c5ccccc5)[O-]
dude_tryb1__L002208,CCS(=O)(=O)c1ccc(nn1)c2ccc(cc2)NS(=O)(=O)c3ccc(cc3OC)OC
dude_tryb1__L002209,c1nc(c-2nc(nc2n1C[C@@H](CN3CCOCC3)O)NCCO)N
dude_tryb1__L002210,c1cc(sc1)CN(c2ccc3c(c2)OCCO3)C(=O)CSc4nnc(n4CCC(=O)N)C5CC5
dude_tryb1__L002211,CCC(=O)N[C@H]1NN[C@H](S1)CC(=O)N/N=C/C2=c3ccccc3=[NH+]C2
dude_tryb1__L002212,Cn1cc(cc1C(=O)N)S(=O)(=O)N2CCC(CC2)C(=O)NNC(=O)c3cc4c(s3)CCC4
dude_tryb1__L002213,c1c(c2c(c(c1Cl)NC(=O)[C@H](CC(=O)N)[NH3+])nsn2)Cl
dude_tryb1__L002214,c1cc2c(cc1C(F)(F)F)C[C@@H]([C@@H]3N2CCN(C3)c4cnccn4)C(=O)NCCCN5CCOCC5
dude_tryb1__L002215,C[C@@H](C[NH2+]Cc1cc(c(c(c1)OC)OCC(=O)N)OC)Cn2cc[nH+]c2
dude_tryb1__L002216,CCOc1ccc(cc1OCC)C(=O)Nc2ccc(cc2)Nc3nc(cc(n3)Nc4ccc(cc4)C)C
dude_tryb1__L002217,Cc1c(c(on1)C)S(=O)(=O)N2CCC[C@H](C2)C(=O)N[C@@H](C)c3ccc(cc3)S(=O)(=O)C
dude_tryb1__L002218,CCCCCCN([C@H](c1ccccc1O)C(=O)NCS(=O)(=O)c2ccc(cc2)C)C(=O)CCS
dude_tryb1__L002219,C[C@@H](C(=O)N[C@@H](CC(=O)OC(C)C)c1ccccc1[N+](=O)[O-])Oc2cccc(c2)Cl
dude_tryb1__L002220,CCOC(=O)Cn\1c2ccc(cc2s/c1=N\C(=O)CN3C(=O)CCC3=O)S(=O)(=O)N
dude_tryb1__L002221,Cc1cc(ccc1Cl)OC/C(=N/Nc2nc3c(ncnc3n2[C@H]4[C@@H]([C@@H]([C@@H](O4)CO)O)O)N)/C
dude_tryb1__L002222,Cc1ccc(cc1)S(=O)(=O)CNC(=O)[C@H](c2ccc(cc2)O)N(C(=O)[C@@H]3CCC(=O)N3)C(C)(C)C
dude_tryb1__L002223,Cc1nnc(s1)NC(=O)C[C@H]2CSc3n2c(=O)c4cnn(c4n3)c5ccc(cc5)F
dude_tryb1__L002224,C[C@@H](C(=O)[O-])NC(=O)[C@H](CC(C)C)N1C(=O)[C@@]2([C@@H]3C(=c4ccccc4=[NH+]3)CCN2C1=O)C
dude_tryb1__L002225,CC(C)CCN(C)c1ccc(cc1)C=NNC(=O)C(=O)N/N=C/c2ccc(cc2)N(C)CCC(C)C
dude_tryb1__L002226,CCOc1ccccc1c2nc3c(n2C[C@H]4CCCO4)c(=O)[nH]c(=O)n3Cc5ccccc5
dude_tryb1__L002227,C[NH+](CCC(=O)Nc1c(ccs1)C(=O)N)CC(=O)Nc2cc(cc(c2)F)F
dude_tryb1__L002228,CC(=O)Nc1nnc(s1)SCc2cc(=O)c(co2)OC(=O)c3cc(c(c(c3)OC)OC)OC
dude_tryb1__L002229,C/C=C(\C)/C[C@@H](C)C[C@H](C)[C@@H]1[C@@H]([C@@H](CC(=O)O1)OC)OC(=O)/C=C/C(=C/[C@@H](CCO)CO)/C
dude_tryb1__L002230,C[C@@H](C(=O)NNC(=O)Cn1ccc(=O)n(c1=O)C)Oc2cccc(c2)Br
dude_tryb1__L002231,CC[C@@H](c1nnnn1CC(=O)OCC)N(Cc2ccc(cc2)OC)Cc3cc4ccc(c(c4[nH]c3=O)C)C
dude_tryb1__L002232,CC(C)c1nnc(n1Cc2ccco2)SCC(=O)c3c(n(c(=O)[nH]c3=O)CCOC)N
dude_tryb1__L002233,C[C@H](C(=O)Nc1c(cc(cn1)Cl)Cl)OC(=O)c2ccc(cc2)S(=O)(=O)N3CCCC3
dude_tryb1__L002234,c1ccnc(c1)C[NH2+]Cc2ccc(cc2)C[NH+]3CCNCCCS(=O)CCCNCC3
dude_tryb1__L002235,CC[C@@H](C)[C@@H](C(=O)N[C@@H](Cc1cnc[nH]1)C(=O)N[C@@H](CC(=O)N)C(=O)[O-])NC(=O)[C@@H](C(C)C)[NH3+]
dude_tryb1__L002236,Cc1cc[nH+]c(c1)N[C@@H](c2ccccn2)c3cc(c4cccnc4c3O)Cl
dude_tryb1__L002237,COc1ccc(cc1OC)[C@@H]2C[C@H]3C(=O)N=N[C@@H](N3N2)SCc4ccc(cc4)N5CCCC5=O
dude_tryb1__L002238,CC(C)Cn1c(c(c(=O)n(c1=O)C)c2csc(n2)CN3C(=O)CCC3=O)N
dude_tryb1__L002239,CN(C)S(=O)(=O)c1ccc(cc1)NC(=O)CSc2c3cnn(c3ncn2)c4ccc(cc4)OC
dude_tryb1__L002240,C[C@@H]1C(=C2C(=NC(=NC2=O)CS[C@@H](C)C(=O)OCC(=O)[C@H](C#N)c3[nH]c4ccccc4n3)S1)C
dude_tryb1__L002241,c1ccc(cc1)CN2c3ccccc3[C@@H]([C@H](C2=O)[C@H]4[N-]C5=CC(=[N+]6CCOCC6)C=CC5=N4)O
dude_tryb1__L002242,CC(C)S(=O)(=O)C1=C[C@H]2C[C@@H]3CO[P@@](=O)(NN3C[C@@H]2C=C1S(=O)(=O)C(C)C)SC
dude_tryb1__L002243,CC(C)NC(=O)c1ccccc1NC(=O)C2CC[NH+](CC2)Cc3ccc(cc3)Br
dude_tryb1__L002244,Cc1c(cco1)c2nnc(n2N)SCC(=O)N3[C@@H](CC(=N3)c4ccc(cc4)Cl)c5ccco5
dude_tryb1__L002245,CN1[C@@H]([C@@H](c2cc(c(cc2C1=O)OC)OC)C(=O)NC[C@@H]3COc4ccccc4O3)c5cccs5
dude_tryb1__L002246,c1cc(ccc1C2=C[C@@H](N=N2)[C@H]3NN[C@@H](N3N)SCC(=O)Nc4ccc(cc4F)Br)F
dude_tryb1__L002247,Cc1ccc(cc1)S(=O)(=O)CNC(=O)[C@@H](c2cccc(c2)OC)N(Cc3ccco3)C(=O)CO
dude_tryb1__L002248,c1ccc2=[NH+][C@H](C(=c2c1)CCC(=O)Nc3ccc(cc3)S(=O)(=O)N)c4ccc(cc4)F
dude_tryb1__L002249,Cc1ccc(cc1)S(=O)(=O)CNC(=O)[C@@H](c2ccc(cc2)OC)N(Cc3ccc(o3)C)C(=O)C(=C)C
dude_tryb1__L002250,CCCCN(c1c(n(c(=O)[nH]c1=O)CC(C)C)N)C(=O)C[NH+](C)Cc2cccc(c2Cl)Cl
dude_tryb1__L002251,CCC[C@@H](C(=O)NC1CCCC1)N(c2ccc(cc2)OCC)C(=O)c3c(c(ns3)C(=O)N)N
dude_tryb1__L002252,CC[C@H](C(=O)Nc1nccs1)Sc2nnc(n2CC=C)[C@@H](C)NC(=O)Cc3ccc(cc3)OC
dude_tryb1__L002253,CCOC(=O)CC1=C([C@]2(c3cc(ccc3NC2=O)Br)C(=C(O1)N)C(=O)OCC)C(=O)OCC
dude_tryb1__L002254,C=CCN(c1nc(cs1)c2ccccc2)C(=O)c3cccc(c3)S(=O)(=O)N4CCNC(=O)C4
dude_tryb1__L002255,c1cc(c(nc1)OCC(F)(F)F)CNC(=O)c2cc(ccc2F)S(=O)(=O)N3CCOCC3
dude_tryb1__L002256,CCN(CC)S(=O)(=O)c1ccc(cc1)Nc2c(c(nc[nH+]2)NN(c3ccccc3)c4ccccc4)N
dude_tryb1__L002257,CC[NH+](CC)[C@@H](CNC(=O)NC1CC[NH+](CC1)CC(=O)NC)c2ccsc2
dude_tryb1__L002258,CCOC(=O)[C@H]1CCCN(C1)Cc2ccc(c(=O)[nH]2)C(=O)NCCn3c(cc(n3)C)C
dude_tryb1__L002259,Cc1ccccc1N/C(=N\C(=O)c2cccc(c2)NC(=O)C)/NCCC3=c4ccccc4=[NH+]C3
dude_tryb1__L002260,COc1ccc(c(c1OC)OC)CN2CCc3c(cnc(n3)Nc4ccc5c(c4)OCCO5)C2
dude_tryb1__L002261,CCn1c2ccc(cc2nc1CN3CCNC(=O)[C@H]3C)S(=O)(=O)N4CCOCC4
dude_tryb1__L002262,C[NH+](C)[C@H]1[C@H]2C[C@@H]3Cc4c(ccc(c4C(=O)[C@H]3C(=O)[C@]2(C(=O)/C(=C(/N)\O)/C1=O)[O-])O)N(C)C
dude_tryb1__L002263,Cc1cc(nc(n1)C)NS(=O)(=O)c2ccc(cc2)NC(=O)CSc3nnc(n3C)c4ccccn4
dude_tryb1__L002264,Cc1ccc(c(c1)OCC(=O)N/N=C(\C)/c2ccc(cc2)S(=O)(=O)NCCCC(=O)[O-])C(C)C
dude_tryb1__L002265,c1c(c(cc(c1S(=O)(=O)N(CC(=O)N)CC(=O)N)F)F)N
dude_tryb1__L002266,CCN(CC)S(=O)(=O)c1ccc(nc1)NNS(=O)(=O)c2ccc3c(c2)CC(=O)N3
dude_tryb1__L002267,CC[NH+]1CCN(CC1)[C@@H](C[NH3+])c2cc(c(c(c2)OC)O)CC=C
dude_tryb1__L002268,CCOC(=O)[C@](C(F)(F)F)(Nc1ccc(cc1)[C@](C(=O)OC)(C(F)(F)F)O)NC(=O)CCl
dude_tryb1__L002269,c1cc(c(nc1)n2cccn2)NC(=O)NNC(=O)c3ccc(cc3)n4cnnn4
dude_tryb1__L002270,COCC[NH+](Cc1[nH]c(=O)c2c3c(sc2n1)CCCC3)C[C@H](COc4ccccc4)O
dude_tryb1__L002271,COc1ccc2c3c1O[C@H]4[C@]3(CCN(C2)c5nc(nc(n5)OCC[NH3+])OCC[NH3+])C=C[C@@H](C4)O
dude_tryb1__L002272,C[C@@H]1CN(C[C@@H](O1)C)S(=O)(=O)c2ccc(cc2)C(=O)Nc3c(c4c(s3)C[NH+](CC4)C)C(=O)N
dude_tryb1__L002273,C[C@H](C[NH2+]CC(=O)Nc1cc(cc(c1Cl)NC(=O)C[NH2+]C[C@H](C)O)C(F)(F)F)O
dude_tryb1__L002274,c1ccc(cc1)C[C@H]2CN(CC[NH2+]2)c3cc(ccc3NS(=O)(=O)[O-])S(=O)(=O)c4ccccc4
dude_tryb1__L002275,CC(C)(CO)[C@@H](C(=O)NCCC(=O)NCCSSCCNC(=O)CCNC(=O)[C@@H](C(C)(C)CO)O)O
dude_tryb1__L002276,Cc1cc(c(n1c2cc(on2)C)C)C(=O)COC(=O)C34C[C@H]5C[C@@H](C3)CC(C5)(C4)NC(=O)C
dude_tryb1__L002277,CC(=O)Nc1ccc(cc1)NS(=O)(=O)c2cccc(c2)S(=O)(=O)[C@@H]3CCS(=O)(=O)C3
dude_tryb1__L002278,NCc3ccc(CCCNCCNS(=O)(=O)c2ccc1sccc1c2)cc3
dude_tryb1__L002279,c1ccc2=[NH+]CC(=c2c1)[C@@H]([C@H](CNc3nccc(n3)c4ccncc4)[NH3+])O
dude_tryb1__L002280,CCC(=O)N(c1nn(c(=S)s1)CN(C)Cc2c(nn(c2C)[C@@H]3CCS(=O)(=O)C3)C)C4CC4
dude_tryb1__L002281,C[C@H]([C@@]1(Cc2c(c(c3c(c2O)C(=O)c4ccccc4C3=O)O)[C@H](C1)O[C@H]5C[C@H]([C@@H](CO5)O)O)[NH3+])O
dude_tryb1__L002282,Cc1cc(c(c(c1)C)S(=O)(=O)N2CCCO[C@H]2CNC(=O)C(=O)NCCCN3CCOCC3)C
dude_tryb1__L002283,COc1cc(cc(c1OC)OC)c2c3c(n[nH]2)OC(=C([C@@H]3c4cc(c(c(c4)OC)O)OC)C#N)N
dude_tryb1__L002284,Cc1c(c(n[nH]1)C)S(=O)(=O)NCCS(=O)(=O)NCc2ccco2
dude_tryb1__L002285,CC(C)[C@H](C(=O)N[C@@H](C)C(=O)[O-])NC(=O)[C@@H]1[C@@H]2[C@@H]([C@@H]3[C@@H](O1)OC(O3)(C)C)OC(O2)(C)C
dude_tryb1__L002286,CC(=O)OC[C@H]1[C@H]([C@@H]([C@@H](O1)n2cc(c(=O)[nH]c2=O)Br)OC(=O)C)OC(=O)C
dude_tryb1__L002287,C[C@@H](C(=O)NC1CC[NH+](CC1)C(C)C)SCc2[nH]c(=O)c3c4c(sc3n2)CCCC4
dude_tryb1__L002288,Cc1c(cc(n1[C@@H](Cc2ccc(cc2)OC)C(=O)NCC[NH+](C)C)c3cccc(c3)C#N)C(=O)N
dude_tryb1__L002289,COCC[NH+](Cc1[nH]c(=O)c2c(csc2n1)c3cccc(c3)OC)C[C@H](COCC=C)O
dude_tryb1__L002290,OC(=O)[C@@H]2[C@@H](CC1CCNCC1)C(=O)N2C(=O)N5CCN(C(=O)CCCc4nc(c3ccc(Cl)cc3)no4)CC5
dude_tryb1__L002291,C[C@@H]1CCCN(C1)S(=O)(=O)c2ccc3c(c2)c(cc(=O)[nH]3)C(=O)NCCN4CCOCC4
dude_tryb1__L002292,c1cc(ccc1C2=C[C@@H](N=N2)[C@H]3NN[C@@H](N3N)SCC(=O)N)F
dude_tryb1__L002293,Cc1c(c(=O)[nH]c(=O)[nH]1)CSCC(=O)OCC(=O)N[C@H]2N[C@@H]3CC(CC(=O)[C@@H]3S2)(C)C
dude_tryb1__L002294,Cc1c(c2ccccc2[nH]1)CCNC(=O)[C@@H]3CN(CC34CC[NH2+]CC4)C(=O)[C@@H]5COc6ccccc6O5
dude_tryb1__L002295,c1cc(sc1)[C@@H](C(=O)NC2CCCCC2)N(C[C@@H]3CCCO3)C(=O)c4ccc(o4)CN5CCOCC5
dude_tryb1__L002296,CC(C)[NH+](Cc1[nH]c(=O)c2c(csc2n1)c3cccc(c3)OC)C[C@H](COCC#C)O
dude_tryb1__L002297,CN(c1ccc(cc1)N2[C@@H]3CS(=O)(=O)C[C@@H]3NC2=S)C(=S)N[C@@H]4CCS(=O)(=O)C4
dude_tryb1__L002298,CC(=O)N[C@@H]1[C@@H]([C@@H]([C@@H](O[C@@H]1OCCSCCC(=O)OC)CO)O[C@@H]2[C@@H]([C@@H]([C@@H]([C@@H](O2)CO)O)O)O)O
dude_tryb1__L002299,CCCCCCN([C@H](c1ccc(c(c1)OC)O)C(=O)NC(C)(C)CC(C)(C)C)C(=O)C#Cc2ccccc2
dude_tryb1__L002300,Cn1cncc1C(=O)N2C[C@@H](C3(C2)CC[NH2+]CC3)C(=O)NC4CCN(CC4)c5c(cccn5)Cl
dude_tryb1__L002301,CC1(C(=O)N(C(=O)N1)C[C@H](CN(c2cc(ccc2OC)[N+](=O)[O-])S(=O)(=O)c3ccccc3)O)C
dude_tryb1__L002302,CC(C)c1ccc(cc1)S(=O)(=O)[C@H](CNC(=O)C(=O)NNC(=O)c2ccco2)c3ccco3
dude_tryb1__L002303,OC(=O)[C@@H]2[C@@H](CC1CCNCC1)C(=O)N2C(=O)N5CCN(C(=O)CCCc4ccc3ccccc3c4)CC5
dude_tryb1__L002304,CCCCC(=O)N(Cc1ccc(o1)C)[C@@H](c2ccccc2O)C(=O)NCS(=O)(=O)c3ccc(cc3)C
dude_tryb1__L002305,Cc1c(c(on1)C)S(=O)(=O)NCCC(=O)NCCCCNC(=O)C
dude_tryb1__L002306,c1cc(ccc1NCc2cc3cc(ccc3[nH]c2=O)OC(F)(F)F)[NH+]4CCC(CC4)C(=O)N
dude_tryb1__L002307,COC(=O)C1=NC=C(C1)c2csc(n2)NC(=O)Cc3ccc(cc3)n4cccn4
dude_tryb1__L002308,C[C@H](C(=O)Nc1ccc(cc1)NC(=O)C)OC(=O)[C@H](C(C)C)NS(=O)(=O)c2ccc(cc2)Cl
dude_tryb1__L002309,C[C@H](C(=O)Nc1ccc(cc1)OC(F)(F)F)Sc2nnnn2c3cccc(c3)NC(=O)C
dude_tryb1__L002310,c1cc(ccc1[C@H](C(=O)NC2CCCC2)N(c3ccc(cc3)F)C(=O)c4c(c(ns4)C(=O)N)N)F
dude_tryb1__L002311,c1cc(ccc1N2[C@@H]3[C@@H](C[C@H]([C@@H]([C@@H]3NC2=S)O)O)C(=O)NCC[NH+]4CCOCC4)Cl
dude_tryb1__L002312,CN1C(=O)[C@@](C(=NC1=O)[O-])(Cc2ccc(cc2OC)OC)C[NH+]3C[C@H]4C[C@@H](C3)c5cccc(=O)n5C4
dude_tryb1__L002313,CCOc1ccc(c(c1I)S(=O)(=O)Oc2ccccc2)[C@H](CC=O)NC=O
dude_tryb1__L002314,CC1=c2cc3c4=[N+](CCC3)CCCc4c2OC(=C1/C=C/5\C(=NC(=O)N(C5=O)c6ccccc6OC)[O-])O
dude_tryb1__L002315,Cc1ccc(cc1C)S(=O)(=O)[C@@H](CNC(=O)C(=O)N(C)[C@H]2CCS(=O)(=O)C2)c3ccco3
dude_tryb1__L002316,CC(C)(CNC(=O)C(=O)Nc1ccc(c(c1)C(F)(F)F)F)[NH+]2CCCCC2
dude_tryb1__L002317,COC(=O)[C@@H]1[C@H]([C@@H]([C@@H]([C@@H](O1)Oc2cc(c3c(=O)cc(oc3c2)c4ccc(cc4)O)O)O)O)O
dude_tryb1__L002318,COC(=O)[C@@H]1C(=c2ccccc2=[NH+]1)NC(=O)C[NH+]3CCC(CC3)C(=O)N
dude_tryb1__L002319,CC(C)[C@@H](C(=O)NC(=O)N)OC(=O)c1cc(ccc1Cl)S(=O)(=O)NC
dude_tryb1__L002320,CC/C(=N/Nc1[nH]nc(n1)SCC(=O)Nc2nnc(s2)SCC(C)C)/c3ccccc3
dude_tryb1__L002321,CC(C)N1C(=O)/C(=C/c2c(nc3ccccn3c2=O)N4CCN(CC4)CCO)/SC1=S
dude_tryb1__L002322,c1cc(c(c(c1)Cl)[C@H](CNC(=O)NCCCn2cc[nH+]c2)[NH+]3CCCC3)F
dude_tryb1__L002323,C[C@H](C(=O)Nc1nc(cs1)c2ccc(c(c2)F)F)Sc3nnnn3c4ccccc4OC
dude_tryb1__L002324,Cc1nnc(s1)SCc2cc(=O)[nH]c(n2)NC(=[NH2+])Nc3ccccc3Sc4ccccc4
dude_tryb1__L002325,CC(C)c1ccc(cc1)N2C(=O)[C@H](C(=NC2=O)O)/C=[NH+]/[C@H]3[C@@H]([C@H]([C@H](O[C@@H]3O)CO)O)O
dude_tryb1__L002326,C[C@@]1(Cn2cnc(c2C(=O)N1C3CC3)C(=O)N(C)Cc4ccco4)C(=O)NCc5ccccc5Cl
dude_tryb1__L002327,[H]/N=C\1/C(=C/c2cccn2CCCOc3c(cccc3C)C)/C(=O)N=C4N1N=C(S4)N5CCCC5
dude_tryb1__L002328,CCOc1cc(ccc1Oc2nnnn2c3ccccc3)C[NH2+]CC[NH2+]CCO
dude_tryb1__L002329,c1ccc(c(c1)CCNC(=O)C(=O)NC[C@H](c2cccnc2)S(=O)(=O)c3ccc4c(c3)OCO4)F
dude_tryb1__L002330,CC(C)(CC[C@@](CC(=O)OC)(C(=O)O[C@@H]1[C@@H]2c3cc4c(cc3CCN5[C@]2(CCC5)C=C1OC)OCO4)O)O
dude_tryb1__L002331,COc1cc(=O)n2c(c1C(=O)N3CCC[C@H](C3)O)CCN(CC2)Cc4c[nH]nc4c5ccc(cc5)F
dude_tryb1__L002332,CC(C)[C@@H](c1nnc(o1)S(=O)(=O)C)NS(=O)(=O)[C@H]2CS(=O)(=O)C[C@H]2O
dude_tryb1__L002333,Cc1cccc(c1C)N([C@@H](c2ccc(cc2)N(C)C)C(=O)NCCOC)C(=O)c3c(c(ns3)C(=O)N)N
dude_tryb1__L002334,c1ccc(c(c1)CNC(=O)C(=O)NC[C@@H](c2ccco2)S(=O)(=O)c3ccc4c(c3)OCO4)Cl
dude_tryb1__L002335,Cc1ccc(cc1)[C@@H](C(=O)NCc2ccco2)N(CC[NH+]3CCOCC3)C(=O)CNC(=O)c4ccco4
dude_tryb1__L002336,CC1=C[C@H](N=N1)NC(=O)CS[C@@H]2Nc3cc(ccc3C(=O)N2Cc4ccco4)C(=O)NCc5ccco5
dude_tryb1__L002337,Cn1c(n[nH]c1=S)CCNC(=O)Cc2csc(n2)N3CCCNC3=O
dude_tryb1__L002338,C[C@@H](C(=O)N[C@@H]1C=C(C[C@H]([C@@H]1O)OC(=O)NCC=C)C(=O)N[C@H](CC(=O)N)C(=O)N)[NH2+]C
dude_tryb1__L002339,CCCCCCN([C@H](c1cc(ccc1Cl)[N+](=O)[O-])C(=O)NC(C)(C)C)C(=O)c2c(cccc2O)O
dude_tryb1__L002340,c1cc(ccc1C2(CC2)NC(=O)C3=NN(C(=O)CC3)[C@@H]4CCS(=O)(=O)C4)Br
dude_tryb1__L002341,Cc1cc(c2c(n1)N(NC2)C(C)C)C(=O)N3CCN(CC3)S(=O)(=O)c4c([nH]c(=O)s4)C
dude_tryb1__L002342,Cc1ccc(c(c1)C2=NC3(CC[NH+](CC3)C(C)C)N[C@@H](C2)c4cc(ccc4O)Cl)C
dude_tryb1__L002343,CC[C@H]([C@H](c1ccc(cc1)Br)[NH+](C)[C@@H](C)COC)[NH3+]
dude_tryb1__L002344,COCCN(Cc1cc2ccc(cc2nc1N3CCOCC3)SC)C(=O)C[C@H]4c5ccccc5C(=O)N4
dude_tryb1__L002345,CCO[C@H](c1ccc(cc1)n2c(cc(c2C)C[C@@H](CO)[NH3+])C)[C@@H](CO)[NH3+]
dude_tryb1__L002346,Cc1ccc(cc1)S(=O)(=O)[C@@H](CNC(=O)C(=O)NCCCN2CCOCC2)c3ccco3
dude_tryb1__L002347,Cc1c(cccc1NC(=O)C(=O)NC[C@@H](c2ccco2)[NH+]3CCCC3)C(=O)N
dude_tryb1__L002348,C[C@@H]1C[C@H](CC(C1)(C)C)OC[C@@H](C[NH+]2C(CC(CC2(C)C)O)(C)C)O
dude_tryb1__L002349,C[C@@H](C(=O)NCC(=O)Nc1ccc(c(c1F)F)F)OC(=O)CN2C(=O)C(NC2=O)(C)C
dude_tryb1__L002350,CCOC(=O)C1=C(NC(=O)N[C@@H]1C)COC(=O)[C@H](C)NS(=O)(=O)c2ccc(cc2)NC(=O)C
dude_tryb1__L002351,CCc1ccc2c(c1)cc(c(=O)[nH]2)C[NH+](CCCO)[C@H](c3nnnn3C4CCCC4)C(C)C
dude_tryb1__L002352,CC[C@H](C)NC(=O)[C@H]1CS[C@@H](N1C(=O)c2cc(c(c(c2)OC)OC)OC)c3ccc(cc3)C(F)(F)F
dude_tryb1__L002353,NC(=N)N4CCCC(C[C@@H]3[C@@H](C(O)=O)N(C(=O)N2CCN(C(=O)CCCCCC1CCCCC1)CC2)C3=O)C4
dude_tryb1__L002354,Cc1ccc(o1)CNC(=O)[C@@H]2CCCN(C2)S(=O)(=O)[C@@H]3C=C[C@@H](O3)[C@@H]4C=CN=N4
dude_tryb1__L002355,Cc1ccc(cc1)S(=O)(=O)O[C@H]2[C@@H]([C@@H](O[C@@H]2n3ccc(=O)[nH]c3=O)CO)O
dude_tryb1__L002356,C[C@@H]1[C@H](c2cc(c(c(c2C(=O)O[C@@H]([C@@H](c3c(c(c(c(c3O)O)OC)O)C(=O)O1)O)C)O)OC)O)O
dude_tryb1__L002357,C[C@H](C(=O)Nc1c(ccs1)C(=O)N)[NH+]2CCN(CC2)S(=O)(=O)c3ccc(c(c3)OC)OC
dude_tryb1__L002358,CC1CC[NH+](CC1)C[C@@H](CNC(=O)NCCNc2c(cccn2)C#N)O
dude_tryb1__L002359,OC(=O)[C@@H]2[C@@H](CC1CCNCC1)C(=O)N2C(=O)N5CCN(C(=O)Cc4ccc(Oc3ccccc3)cc4)CC5
dude_tryb1__L002360,Cc1ccc(c(c1)NC(=O)[C@@H](CCSC)NS(=O)(=O)c2ccc3c(c2)oc(=O)n3C)OC
dude_tryb1__L002361,c1ccc2c(c1)nnn2CC(=O)N(Cc3cccs3)[C@H](c4cccnc4)C(=O)NCc5ccco5
dude_tryb1__L002362,Cc1cc(ccc1c2ccc(o2)C[NH2+]CCC[NH2+]CCO)Br
dude_tryb1__L002363,CCOc1cccc(c1O)[C@@H]2CC(=N[C@H]([NH2+]2)c3cccc(c3)F)c4cccc(c4)Br
dude_tryb1__L002364,Cc1cccc(c1NC(=O)CNC(=O)[C@@H](C)OC(=O)/C=C/c2ccc(c(c2)OC)OC(F)F)C
dude_tryb1__L002365,CCCCOc1cccc(c1)[C@H]2c3ccc(cc3OC(=C2C#N)N)OC(=O)COc4ccccc4[N+](=O)[O-]
dude_tryb1__L002366,Cc1c(c(n(n1)[C@H]2CCS(=O)(=O)C2)Cl)/C=C/C(=O)OCC(=O)NC(=O)c3cccn3C
dude_tryb1__L002367,Cc1ccc(o1)c2nnn(n2)CC(=O)N(CCN3CCOCC3)[C@@H](c4ccco4)C(=O)NC(C)(C)C
dude_tryb1__L002368,CCCCN1C(=O)[C@H]2[C@@H]([NH2+][C@@]([C@@H]2C1=O)(C)C(=O)[O-])c3cc(c(c(c3)Br)OC)OC
dude_tryb1__L002369,COCCO[C@@H]1[C@@H]([C@@H](O[C@@H]1n2cnc3c2nc([nH]c3=O)N)CO)O
dude_tryb1__L002370,[H]\N=C\1/C(=C/c2cc(c(c(c2)Br)OCCOc3cccc(c3)C)OC)/C(=O)N=C4N1OC(=C4)C
dude_tryb1__L002371,c1ccc(c(c1)/C=C(/C(=O)NCC[NH2+]CCO)\NC(=O)c2ccccc2Cl)Cl
dude_tryb1__L002372,C1CCC(CC1)CCCCCO[C@H]2[C@@H]([C@@H]([C@@H]([C@@H](O2)CO)O[C@@H]3[C@@H]([C@@H]([C@@H]([C@@H](O3)CO)O)O)O)O)O
dude_tryb1__L002373,CC(C)[C@@H](c1nnc(o1)S(=O)(=O)Cc2ccc(cc2)F)NS(=O)(=O)Cc3ccccc3Cl
dude_tryb1__L002374,CC(C)S(=O)(=O)N(C(=O)[C@@H]1CC(=C2[NH+]1Cc3ccccc3N2)c4ccccc4O)S(=O)(=O)C(C)C
dude_tryb1__L002375,CC(=O)c1ccc(cc1)S(=O)(=O)N(Cc2ccc(cc2)OC)Cc3cc4cc(ccc4[nH]c3=O)OC
dude_tryb1__L002376,CCONC(=O)Cc1csc(n1)NC(=O)CN(CCOC)C(=O)c2ccc(cc2)C
dude_tryb1__L002377,C[C@@]1([C@@]([C@@]([C@@]([C@@](O1)(C)OC[C@@]2([C@@]([C@@]([C@@]([C@@H](O2)O)(C)O)(C)O)(C)O)C)(C)O)(C)O)(C)O)CO
dude_tryb1__L002378,Cc1c(cc(n1[C@@H](Cc2ccc(cc2)OC)C(=O)NCC[NH+]3CCCC3)c4cccc(c4)C#N)C(=O)N
dude_tryb1__L002379,COc1ccc(cc1OC)CC[NH2+]C[C@H](COc2ccc(cn2)c3[nH]cc(n3)c4cccs4)O
dude_tryb1__L002380,c1cnn(c1)c2ccc(cc2)NC3=N[C@H]4[C@H]([C@@H](C[C@@H]([C@H]4S3)C(=O)NCC[NH+]5CCOCC5)O)O
dude_tryb1__L002381,c1cc2c(c(c1)Cl)OCC[C@@H]2NC(=O)NCC[NH+]3CCc4c(ccs4)C3
dude_tryb1__L002382,c1ccc2c(c1)cccc2N3C(=O)/C(=C/N[C@@H](CC4=c5ccccc5=[NH+]C4)C(=O)[O-])/C(=O)NC3=O
dude_tryb1__L002383,CC(=O)Nc1ccc(c(c1)S(=O)(=O)Nc2cc(ccc2n3cncn3)C(F)(F)F)OC
dude_tryb1__L002384,c1cc(c(cc1c2cc(=O)c3c(cc(cc3o2)O)O)O)O[C@@H]4[C@H]([C@@H]([C@H]([C@@H](O4)CO)O)O)O
dude_tryb1__L002385,C[C@@H](C(=O)Nc1ccc(c(c1)Cl)OC)Sc2nc3cc(ccc3o2)S(=O)(=O)N(C)C
dude_tryb1__L002386,COc1ccc2cc(c(=O)[nH]c2c1)[C@@H](c3nnnn3C[C@H]4CCCO4)N5CCN(CC5)c6ccccc6F
dude_tryb1__L002387,CCN([C@H]1CCS(=O)(=O)C1)C(=O)[C@@H](C)OC(=O)[C@@H](CC(C)C)NC(=O)c2ccc(cc2)Cl
dude_tryb1__L002388,Cc1c\2c(oc1C(=O)N(CC#N)CC#N)CC(C/C2=N\NC(=[NH2+])N)(C)C
dude_tryb1__L002389,c1cc(ccc1CN2CCn3c(cc(n3)C(=O)NCCN4CCOCC4)C2=O)C(F)(F)F
dude_tryb1__L002390,CC(C)C[NH+](Cc1nc(nc(n1)N(C)C)N)Cc2nc(nc(n2)N(C)C)N
dude_tryb1__L002391,C[C@@H]1C(=C2C(=NC(=NC2=O)CN3CCN(CC3)Cc4[nH]c(=O)c5cc(c(cc5n4)OC)OC)S1)C
dude_tryb1__L002392,c1ccc(c(c1)COc2ccc(cc2C[NH2+]CCNC(=O)c3c(non3)N)Br)F
dude_tryb1__L002393,c1c(cc(c(c1O)O[C@H]2[C@@H]([C@H]([C@@H]([C@H](O2)CO)O)O)O)O)[C@@H]3[C@@H](C(=O)c4c(cc(cc4O3)O)O)O
dude_tryb1__L002394,CCCN([C@H](c1ccc(cc1)C(F)(F)F)C(=O)NCS(=O)(=O)c2ccc(cc2)C)C(=O)COC
dude_tryb1__L002395,CCN(c1c(n(c(=O)[nH]c1=O)Cc2ccccc2)N)C(=O)CSc3nnc4n3CCCCC4
dude_tryb1__L002396,CCO[C@@H](c1ccc(cc1)n2c(cc(c2C)C[C@@H](CO)[NH3+])C)[C@@H](CO)[NH3+]
dude_tryb1__L002397,CCC(C)(C)NC(=O)[C@@H](c1ccc(o1)C)N(c2ccc3c(c2)OCO3)C(=O)c4c(c(ns4)C(=O)N)N
dude_tryb1__L002398,Cc1cc(ccc1S(=O)(=O)Nc2ccc(cc2)S(=O)(=O)N)N3C(=O)[C@H](CS3(=O)=O)C
dude_tryb1__L002399,C[C@H](C(=O)Nc1c(cccc1F)F)[NH+](C)CC(=O)Nc2ccccc2SC
dude_tryb1__L002400,CN(C)c1ccc(cc1)[C@H](CNS(=O)(=O)[C@H]2CCS(=O)(=O)C2)S(=O)(=O)c3ccc(cc3)OC
dude_tryb1__L002401,Cc1c\2c(oc1C(=O)NCCCn3cc[nH+]c3)CC(C/C2=N\NC(=S)N)(C)C
dude_tryb1__L002402,CN(C)c1ccc(cc1)[C@@H](CNS(=O)(=O)[C@@H]2CCS(=O)(=O)C2)S(=O)(=O)c3ccc(cc3)OC
dude_tryb1__L002403,Cc1cc(c(cc1Nc2c(c(nc[nH+]2)NNc3ccccc3)N)Cl)[C@H](C#N)c4ccc(cc4)Cl
dude_tryb1__L002404,COCCn3cc(C(=O)N2CCC(c1cccc(CN)c1)CC2)c4cccc(C)c34
dude_tryb1__L002405,C[C@@H]([C@@H]1[C@@H]2[C@@H](C(=O)N(C2=O)CCOC)[C@@]3(N1)c4cc(ccc4NC3=O)Br)O
dude_tryb1__L002406,COc1cc(cc(c1OC)OC)N2[C@H](N[C@H]([C@@H](C2=O)[C@@H]3[C@@H]4C(=c5ccccc5=[NH+]4)CCN3)O)O
dude_tryb1__L002407,CCN1C(=O)/C(=C/NC[C@H]2c3c(cc4c(c3OC)OCO4)CCN2C)/C(=O)NC1=S
dude_tryb1__L002408,CC(C)[NH+]1CCc2c(sc(c2C(=O)N)NC(=O)c3ccc(cc3)S(=O)(=O)C)C1
dude_tryb1__L002409,CCCCCOc1ccccc1C(=O)NC(=S)Nc2ccc(cc2)S(=O)(=O)N(CCC)CCC
dude_tryb1__L002410,CO[S@](=O)(=S)CCNC(=O)[C@H](CCCCNC(=O)CCCC[C@H]1[C@@H]2[C@H](CS1)NC(=O)N2)[NH3+]
dude_tryb1__L002411,CCCN([C@@H](c1ccco1)C(=O)NCS(=O)(=O)c2ccc(cc2)C)C(=O)c3ccc(cc3)[N+](=O)[O-]
dude_tryb1__L002412,c1ccc(c(c1)C(=O)NC(=O)CSC[C@@H](C(=O)[O-])[NH3+])Br
dude_tryb1__L002413,Cc1ccc(c(c1)S(=O)(=O)Nc2ccc(cc2)Nc3cc(nc([nH+]3)C)NC4CCCCC4)C
dude_tryb1__L002414,COC1=C2Nc3ccccc3C[NH+]2[C@H](C1)C(=O)N(SC)S(=O)(=O)Oc4ccccc4
dude_tryb1__L002415,CCc1cccc(c1NC(=O)CS[C@@H]2NN[C@@H](N2N)[C@@H]3C=C(N=N3)c4ccc(cc4)F)C
dude_tryb1__L002416,COc1ccc(cc1OC)[C@H](CNS(=O)(=O)[C@@H]2CCS(=O)(=O)C2)S(=O)(=O)c3cccs3
dude_tryb1__L002417,CC[NH+](CC)CCCN1[C@H](C(=C(C1=O)[O-])C(=O)c2c(c([nH]c2C)C(=O)OCC)C)c3ccc(cc3)OCC=C
dude_tryb1__L002418,Cc1cc(nc(n1)C)N(S(=O)(=O)c2ccc(cc2)NC(=O)C)S(=O)(=O)c3ccc(cc3)NC(=O)C
dude_tryb1__L002419,C[C@@H](C(=O)N1c2ccccc2NC(=O)C1(C)C)Sc3ccc(cn3)S(=O)(=O)N4CCOCC4
dude_tryb1__L002420,C[C@]1(C2(CC([NH2+]C(C2)(C)C)(C)C)OC(=O)N1CCN3C(=O)OC4([C@]3(C)O)CC([NH2+]C(C4)(C)C)(C)C)O
dude_tryb1__L002421,CC[C@H]([C@@H](c1ccc(cc1)Br)[NH+](C)CCC(C)C)[NH3+]
dude_tryb1__L002422,COc1cc(c(cc1OC)Br)[C@H](c2ccc(cc2Br)F)[NH3+]
dude_tryb1__L002423,c1cc(cc(c1)S(=O)(=O)N2CCC3(CC2)OCCO3)S(=O)(=O)[C@H]4CCS(=O)(=O)C4
dude_tryb1__L002424,CCCCCOc1ccccc1C(=O)NC(=S)Nc2ccc(cc2)OC[C@H]3CCCO3
dude_tryb1__L002425,CC[NH+]1CCc2c(sc(c2C(=O)N)NC(=O)c3ccc(cc3)S(=O)(=O)N4CCC[C@H](C4)C)C1
dude_tryb1__L002426,c1cc(cc(c1)N/N=C/2\c3ncc(c(=[NH2+])n3NC2=[NH2+])C#N)C(F)(F)F
dude_tryb1__L002427,CCOc1cc(cc(c1OCC)OCC)C(=O)NNC(=S)Nc2ccc(cc2OC)OC
dude_tryb1__L002428,Cc1cc(c2cc3c(c(sc3[nH+]c2c1)C(=O)Nc4c[nH]c(=O)[nH]c4=O)N)C
dude_tryb1__L002429,c1ccc(cc1)n2cnn(c2=S)CC(=O)N/N=C\c3ccccc3OC(=O)/C=C\4/C(=O)NC(=O)S4
dude_tryb1__L002430,Cc1cc(cc(c1C(=O)O[C@@H]2[C@@H](O[C@@H]([C@@H]2OC(=O)C)n3ccc(=O)[nH]c3=O)CO)OC)O
dude_tryb1__L002431,CCN(CC)C(=O)CS[C@H]1NN[C@H](O1)[C@H](CC2=c3ccccc3=[NH+]C2)[NH3+]
dude_tryb1__L002432,CC[NH+](CCCC(=O)O[C@@H]1[C@@H]([C@@H]([C@@H]([C@@H](O1)C(=O)[O-])O)O)O)[C@@H](C)Cc2ccc(cc2)O
dude_tryb1__L002433,CC1CCN(CC1)c2[nH+]c3c(n2[C@H]4[C@@H]([C@@H]([C@@H](O4)CO)O)O)N[C@@H](NC3=O)[NH3+]
dude_tryb1__L002434,Cc1ccc(o1)c2nnn(n2)CC(=O)N(c3ccc(c(c3)Cl)F)[C@H](c4ccco4)C(=O)NC(C)(C)C
dude_tryb1__L002435,Cc1c(sc(n1)NC(=O)CCCN2C(=O)c3ccccc3N4[C@]2(CCC4=O)C)c5ccccn5
dude_tryb1__L002436,C[C@@H](C(=O)NC(=O)NC(C)C)OC(=O)C1CCN(CC1)c2ccc3nnc(n3n2)C(F)(F)F
dude_tryb1__L002437,CC1(CC(=O)C(=CNC(=[NH2+])NS(=O)(=O)c2ccc(cc2)N)C(=O)C1)C
dude_tryb1__L002438,Cc1cc(ccc1Br)OCC(=O)NNC(=S)NC(=O)COc2ccc(cc2)[N+](=O)[O-]
dude_tryb1__L002439,C[C@@H](C[NH2+]CC[NH2+]Cc1ccc(cc1)OCc2ccc(cc2Cl)Cl)O
dude_tryb1__L002440,CCn1c(n[nH]c1=S)CCNC(=O)c2cc(cc(c2N)[N+](=O)[O-])F
dude_tryb1__L002441,Cc1ccccc1NC(=O)CNS(=O)(=O)c2ccccc2C(=O)NCCCn3cc[nH+]c3
dude_tryb1__L002442,CCOC(=O)C1=C(NC(=O)N[C@@H]1c2ccco2)CN3CCN(CC3)S(=O)(=O)c4ccccc4C#N
dude_tryb1__L002443,c1cc(ccc1Nc2nc(nc(n2)N)CSc3nnc(o3)[C@H]4CCS(=O)(=O)C4)F
dude_tryb1__L002444,COc1cccc(c1)/C=C\2/C(=O)c3ccc(cc3O2)OCC(=O)N[C@H](CC4=c5ccccc5=[NH+]C4)C(=O)[O-]
dude_tryb1__L002445,C[C@]1(C(=O)N(C(=O)N1)CC(=O)N(Cc2ccco2)CC(F)(F)F)c3ccco3
dude_tryb1__L002446,Cc1cc(cc2c1[nH]c(n2)[C@H]3C(=CC=NC3=O)NC[C@@H](c4cccc(c4)Cl)O)c5[nH]c(c[nH+]5)C
dude_tryb1__L002447,CC(C)c1ccccc1OCC(=O)NNC(=S)NC(=O)c2ccc(cc2)OCCOC
dude_tryb1__L002448,CCOc1ccc(cc1)N2C[C@H](CC2=O)C(=O)Nc3nnc(s3)[C@H]4CC(=O)N(C4)c5ccc(cc5)F
dude_tryb1__L002449,Cc1ccc(cc1)COc2c(cc(cc2Br)C[NH2+]CC[NH2+]C[C@@H](C)O)OC
dude_tryb1__L002450,C[C@@H](C(=O)Nc1nnc(s1)C2CC2)Sc3nnc(n3C)CNC(=O)c4ccc(c(c4)Cl)Cl
dude_tryb1__L002451,COc1ccc2cc(c(=O)[nH]c2c1)[C@@H](c3nnnn3C[C@@H]4CCCO4)N5CCN(CC5)c6ccccc6F
dude_tryb1__L002452,CC[NH+](CC)CCN(Cc1cc2cc(ccc2[nH]c1=O)C)C(=S)NCCCN3CCOCC3
dude_tryb1__L002453,c1cc(cc(c1)NC(=O)C(=O)NNC(=[NH2+])Cn2cncn2)C(F)(F)F
dude_tryb1__L002454,c1ccc(cc1)C[C@@H]2C[NH+](CC[NH2+]2)[C@@H](CNO)c3ccc(cc3)c4ccccc4O
dude_tryb1__L002455,c1ccc(cc1)OS(=O)(=O)N(C(=O)[C@@H]2C[C@H](C3=[N+]2Cc4ccccc4N3)c5ccccc5O)[O-]
dude_tryb1__L002456,Cc1ccc(cc1S(=O)(=O)NC)NC(=O)c2cc(c(c(c2)OC)OCC(=O)N)OC
dude_tryb1__L002457,C[C@H](C(=O)Nc1ccccc1OC(F)F)On2c3cc(ccc3nn2)S(=O)(=O)N4CCOCC4
dude_tryb1__L002458,Cc1ccc(c2c1cc(c(=O)[nH]2)CN(Cc3ccc4c(c3)OCO4)Cc5nnnn5C(C)(C)C)C
dude_tryb1__L002459,CC[NH+](CC)C[C@H](COc1ccc(cc1OC)C[NH2+]CCc2cscn2)O
dude_tryb1__L002460,CCOC(=O)c1c(c(c([nH]1)C)C(=O)[C@@H](C)N(CCOC)S(=O)(=O)c2ccc(cc2)NC(=O)C)C
dude_tryb1__L002461,CCOC(=O)C[C@@H]([C@H]1N(C(=O)CS1)NC(=O)c2ccc3c(c2)c(c([nH]3)C)C)C(=O)OCC
dude_tryb1__L002462,Cc1ccc(c2c1cc(c(=O)[nH]2)CN(Cc3ccco3)[C@H](c4nnnn4C[C@H]5CCCO5)C(C)C)C
dude_tryb1__L002463,c1cc(c(cc1/C=C/C(=O)c2c(cc(c(c2O)O)O[C@H]3[C@H]([C@@H]([C@@H]([C@@H](O3)CO)O)O)O)O)O)O
dude_tryb1__L002464,c1ccc(cc1)OCC(=O)NNc2c(c(ncn2)NNC(=O)c3ccccn3)[N+](=O)[O-]
dude_tryb1__L002465,c1ccc(cc1)C[C@@H]2[C@H]3C[NH+](CC=C3C(=C(C2(C#N)C#N)N)C#N)Cc4ccccc4
dude_tryb1__L002466,C[C@@H](C[C@@H](N([C@@H](C[C@@H](C)O)O)C(=S)N([C@@H](C[C@@H](C)O)O)[C@@H](C[C@@H](C)O)O)O)O
dude_tryb1__L002467,CC1(O[C@@H]2[C@@H](O[C@@H]([C@@H]2O1)n3c(=O)[nH]c(=O)cn3)COS(=O)(=O)C)C
dude_tryb1__L002468,CC(C)(C)NC(=O)COc1ccc(cc1C[NH2+]CCNc2ccc(cc2)[N+](=O)[O-])Br
dude_tryb1__L002469,CCc1ccccc1N2C[C@H](CC2=O)C(=O)Nc3nnc(s3)CCNS(=O)(=O)c4ccc(cc4)C
dude_tryb1__L002470,CCOc1ccc(cc1S(=O)(=O)N(C)C)[N-]S(=O)(=O)c2cccc(c2)S(=O)(=O)N
dude_tryb1__L002471,CCCOc1ccc(cc1OCCC)NC(=O)NC(=O)COc2ccc(cc2[N+](=O)[O-])C(=O)[O-]
dude_tryb1__L002472,C/C=C/C=C/C=C\C(=O)N[C@H]([C@H](C)[NH3+])C(=O)O[C@@H](c1c[nH]c2c1ccc(c2)Cl)[C@@H]3C(=O)NCC(=O)N3
dude_tryb1__L002473,CCCCn1c(c(c(=O)[nH]c1=O)N(CC(C)C)C(=O)CN2C(=O)[C@]3(C[C@@H](CC(C3)(C)C)C)NC2=O)N
dude_tryb1__L002474,[H]/N=C\1/C(=C/c2ccc(cc2)OCc3cc(=O)n4c(n3)sc(n4)CC)/C(=O)N=C5N1N=C(S5)CCCC
dude_tryb1__L002475,C[C@H]([C@@H](c1ccc(s1)Br)[NH+](CCO)Cc2ccccc2)[NH3+]
dude_tryb1__L002476,CCC[C@H](c1nnnn1C[C@@H]2CCCO2)N(Cc3ccccc3)Cc4cc5cccc(c5[nH]c4=O)C
dude_tryb1__L002477,Cc1c(c2c(cn1)CN(CC2)C(=O)[C@@H]3CC(=O)OC34CCCCC4)CNC(=O)/C=C/c5cccs5
dude_tryb1__L002478,CC(=O)N1CCN(CC1)c2cc3c(cc2F)c(=O)c(cn3C4CC4)C(=O)Nc5cc(no5)C(C)(C)C
dude_tryb1__L002479,CC[C@@H](C(=O)NC[C@@H]1CCCO1)N(c2ccc(cc2)F)C(=O)CNS(=O)(=O)c3ccc(cc3)F
dude_tryb1__L002480,CC(=O)NS(=O)(=O)c1ccc(cc1)NC(=O)N[C@H]2CC(=O)N(C2)c3ccc4c(c3)OCCO4
dude_tryb1__L002481,CC1CCC2(CC1)C(=O)N(C(=O)N2)NC(=O)COC(=O)[C@@H](C(C)C)NC(=O)c3ccccc3F
dude_tryb1__L002482,Cc1c(cccc1S(=O)(=O)N)NS(=O)(=O)c2c[nH]nc2N
dude_tryb1__L002483,CC[C@@H]([C@H](c1cccc(c1)Br)[NH+](CCOC)CC(C)C)[NH3+]
dude_tryb1__L002484,CC(=O)N[C@@H]1[C@H]([C@@H]([C@@H](O[C@@H]1OC(=O)c2ccc(cc2)O)COC(=O)C)OC(=O)C)OC(=O)C
dude_tryb1__L002485,C1[C@@H]2[C@H]([C@H](OC=C2C(=O)[O-])O[C@H]3[C@@H]([C@H]([C@@H]([C@H](O3)CO)O)O)O)[C@](C1=O)(CO)O
dude_tryb1__L002486,CCCCCCOc1ccc(cc1C(=O)NC(=S)NNC(=O)COc2ccccc2)Br
dude_tryb1__L002487,NCc5cccc(C4CCN(C(=O)c2cn(CC1CCCCC1)c3ccccc23)CC4)c5
dude_tryb1__L002488,Cn1cc(c(n1)OC)C(=O)N(C)CC(=O)NCc2ccccc2OC(F)(F)F
dude_tryb1__L002489,CN(C)C(=O)c1ccc(cc1)N(CC(=O)N2CC(=O)Nc3c2cccc3)S(=O)(=O)C
dude_tryb1__L002490,Cc1cccn2c1nc3c(c2=O)cc(c([n+]3CCCOC(C)C)N)C(=O)NCCCOC
dude_tryb1__L002491,COc1ccc(cc1)CN(Cc2cc3ccc(cc3[nH]c2=O)OC)Cc4nnnn4Cc5ccc(cc5)F
dude_tryb1__L002492,Cc1ccc(o1)[C@H]2[C@H](CN(N2)c3cccc(c3)F)C[NH2+]Cc4cc5cc(ccc5[nH]4)OC
dude_tryb1__L002493,C[C@@H]([C@@H](c1ccc(cc1)O)O)N2C[C@@H](O[C@@H](C2)COCc3ccccc3OC)COCc4ccccc4OC
dude_tryb1__L002494,CCCCN(c1c(n(c(=O)[nH]c1=O)CC(C)C)N)C(=O)CSc2nc(cs2)c3ccccc3
dude_tryb1__L002495,CC(C)c1ccc(cc1)S(=O)(=O)NCCC(=O)Nc2nc(cs2)c3ccc(o3)CNC(=O)C
dude_tryb1__L002496,C[C@@H]([C@H]1CCCCN1S(=O)(=O)c2ccc(cc2Br)Br)[NH3+]
dude_tryb1__L002497,[H]/N=C\1/C(=C/c2ccc(c(c2)OC)OCCSc3ccccc3)/C(=O)N=C4N1N=C(S4)c5cccnc5
dude_tryb1__L002498,CC1CC[NH+](CC1)C[C@H](CNC(=O)Nc2ccc(c(c2)Cl)C(=O)NC)O
dude_tryb1__L002499,c1cc(sc1)S(=O)(=O)[C@@H](CNC(=O)C(=O)NCCN2CCOCC2)c3ccc(cc3)Cl
dude_tryb1__L002500,CCC(=O)N[C@@H](C(Cl)(Cl)Cl)NC(=S)Nc1c(c2c(s1)CCCC2)C(=O)N
dude_tryb1__L002501,C[C@H](C(=O)N/N=C/c1cccnc1)Nc2c(=O)[nH]c(=O)[nH]n2
dude_tryb1__L002502,Cc1ccc(cc1)S(=O)(=O)CNC(=O)[C@H](c2ccc(cc2)N(C)C)N(C)C(=O)[C@@H]3CCC(=O)N3
dude_tryb1__L002503,C[C@@H](C(=O)Nc1c(c2c(s1)CCC2)C(=O)N)[NH+](C)Cc3ccccc3c4ccccc4
dude_tryb1__L002504,CCOc1ccc2c(c1)cc(c(=O)[nH]2)CN(CC[NH+]3CCCC3)C(=S)NCc4ccco4
dude_tryb1__L002505,CCOc1ccc(cc1)O[C@@H](C)C(=O)NNC(=O)[C@H](C)NC(=O)/C=C/c2ccc(cc2)OC
dude_tryb1__L002506,CN(CCCc1c(c([nH]n1)N)C#N)c2ccc(cc2[N+](=O)[O-])S(=O)(=O)N3CCOCC3
dude_tryb1__L002507,CCOc1cc(cc(c1OCc2ccccc2C#N)Br)/C=N/NC(=O)Cc3csc(n3)N
dude_tryb1__L002508,CC(C)CCOC(=O)C[C@@H]1C(=O)NCCN1C(=S)NC(=O)c2cc(ccc2OC(C)C)Br
dude_tryb1__L002509,CC(C)S(=O)(=O)c1ccc(cc1)[C@@H](CNc2ccccc2O)[NH+]3CCN[C@@H](C3)OC
dude_tryb1__L002510,C[C@@H](C(=O)Nc1c(c2c(s1)CCC2)C(=O)N)N3CC[NH+](CC3)CC(=O)N4CCCC4
dude_tryb1__L002511,COc1ccc(cc1)N2C(=O)/C(=C\c3cc(c(o3)N4CCOCC4)Br)/C(=O)NC2=S
dude_tryb1__L002512,C1CCCC(CC1)(C(=O)[O-])NC(=O)[C@H](CC(=O)N)[NH3+]
dude_tryb1__L002513,CC1=C([C@H](C(=C(N1)C)C(=O)OCCNC(=O)OC(C)(C)C)c2ccccc2C(F)(F)F)C(=O)OC
dude_tryb1__L002514,Cc1ccc(c(c1)OCC(=O)c2ccc3c(c2)N(C(=O)CO3)[C@@H](C)C(=O)NC[C@@H]4CCCO4)C
dude_tryb1__L002515,c1cc(c(cc1[N+](=O)[O-])[N+](=O)[O-])CC(=O)Nc2[nH]c(=O)c3c(n2)n(cn3)[C@H]4[C@H]([C@@H]([C@H](O4)CO)O)O
dude_tryb1__L002516,CSc1c(c(=[NH2+])nc\2n1NC(=[NH2+])/C2=N/Nc3ccc(cc3)S(=O)(=O)N)C#N
dude_tryb1__L002517,c1ccc(c(c1)C(=O)OCC(=O)NC(=O)NCc2ccco2)NS(=O)(=O)c3ccc4c(c3)OCCO4
dude_tryb1__L002518,C[C@H]1CCc2c(c3cccc(c3[nH]2)C(=O)NC[C@@H](c4ccsc4)[NH+](C)C)C1
dude_tryb1__L002519,C[C@@H](c1ccc(cc1)S(=O)(=O)N)[NH+](C)C[C@H](COc2ccc(cc2)Cl)O
dude_tryb1__L002520,c1cc(sc1)/C=N/Nc2[nH]nc(n2)SCC(=O)Nc3nnc(s3)SCC(=O)N
dude_tryb1__L002521,CC(C)CN(CC(=O)Nc1nc(cs1)CC(=O)NCCN2CCOCC2)C(=O)c3ccco3
dude_tryb1__L002522,c1cc(ccc1[C@@H]2c3c(n(c(=O)s3)CC(=O)N4CCOCC4)S[C@H]5[C@@H]2C(=O)N(C5=O)C(=O)N)O
dude_tryb1__L002523,C[C@@H](C(=O)NCc1ccc(s1)S(=O)(=O)N2CCOCC2)NS(=O)(=O)c3ccc(cc3)F
dude_tryb1__L002524,CCOC(=O)[C@@H](Cc1cc(cc(c1OC)Br)Br)[NH3+]
dude_tryb1__L002525,CCOC(=O)Cn\1c2ccc(cc2s/c1=N\C(=O)CN(C)S(=O)(=O)C)S(=O)(=O)N
dude_tryb1__L002526,CC(=O)OCC1=C(N2[C@@H]([C@H](C2=O)NC(=O)c3c(c(nn3C)C(F)(F)F)Cl)SC1)C(=O)[O-]
dude_tryb1__L002527,CC1CCN(CC1)c2nnc(n2C[C@H]3CCCO3)SCC(=O)N[C@@](C)(C#N)C4CC4
dude_tryb1__L002528,CC(C)(C)c1c(c(n([nH+]1)C(C)(C)C)N)NC(=O)NCC[NH+]2CCCCC2
dude_tryb1__L002529,CCCC[C@H](C[NH+](CCN(C)C)Cc1c(nn(c1Oc2cccc(c2)C)c3ccccc3)C)O
dude_tryb1__L002530,c1ccc(cc1)OCC(=O)NNc2c(c(ncn2)NCC[NH+]3CCCCC3)N
dude_tryb1__L002531,Cc1ccc(o1)[C@H](CNC(=O)NCCCNS(=O)(=O)C)N2CCOCC2
dude_tryb1__L002532,CC[C@H](C(=O)NC(C)(C)C)N(c1ccc(c(c1)Cl)F)C(=O)Cn2c(nnn2)c3ccc(o3)C
dude_tryb1__L002533,C[C@@H]1CC(=C(N1Cc2ccc(cc2)S(=O)(=O)N)C)C(=O)NCCC3=c4ccccc4=[NH+]C3
dude_tryb1__L002534,CCCn1c2ccc(cc2nc1SCC(=O)c3c(n(c(=O)[nH]c3=O)C4CC4)N)S(=O)(=O)N
dude_tryb1__L002535,CCCC[C@H](C)C(=O)N1C[C@@H](C2(C1)CC[NH2+]CC2)C(=O)N[C@@H](C)CCCC(C)(C)O
dude_tryb1__L002536,c1cc(c(cc1NC(=O)C[NH+]2C[C@H](C[C@@H]2C(=O)N)O)Cl)OC(F)F
dude_tryb1__L002537,C[C@H](C(=O)N[C@@H]1CCS(=O)(=O)C1)Sc2nnc(n2C3CC3)COc4ccccc4Cl
dude_tryb1__L002538,CCCCC(=O)N1CCN(C[C@H]1C)C(=O)[C@@H](C(C)C)NC(=O)/C=C/c2ccc(cc2)[N+](=O)[O-]
dude_tryb1__L002539,COC(=O)/C=C/c1cn(c(=O)[nH]c1=O)[C@H]2[C@@H]([C@H]([C@H](O2)CO)O)O
dude_tryb1__L002540,CC[C@@H](C)[C@@H](C(=O)[O-])NC(=O)[C@H](CC1=c2ccccc2=[NH+]C1)N3[C@@H](Nc4ccccc4C3=O)O
dude_tryb1__L002541,[H]/N=c\1/c(=C\c2cc(n(c2C)c3cc(cc(c3)C)C)C)/c(=O)nc-4s/c(=C/C(=O)N5CCOCC5)/[nH]n14
dude_tryb1__L002542,CC(C)S(=O)(=O)N(C(=O)[C@@H]1C[C@@H](C2=[N+]1Cc3ccccc3N2)c4ccccc4O)[O-]
dude_tryb1__L002543,CCOc1cc(cc(c1OCC(=O)N)Br)C[NH2+]CCNc2ccc(cc2Cl)[N+](=O)[O-]
dude_tryb1__L002544,Cc1c2c([nH]n1)OC(=C([C@H]2c3cc(c(c(c3)OC)CO)CO)C#N)N
dude_tryb1__L002545,CCCCC[C@H]([C@@H]1[C@@H](C[C@@H](C[C@@H](C[C@@H](C[C@@H](C[C@@H](C[C@@H](/C(=C/C=C/C=C/C=C/C=C/[C@@H]([C@@H](OC1=O)C)O)/C)O)O)O)O)O)O)O)O
dude_tryb1__L002546,CCc1ccc(cc1)N([C@H](c2ccc(cc2)N(C)C)C(=O)NCCOC)C(=O)c3c(c(ns3)C(=O)N)N
dude_tryb1__L002547,CN(CC[C@@H](CC(=O)N[C@H]1C=C[C@@H](O[C@@H]1C(=O)[O-])n2ccc(nc2=O)N)[NH3+])C(=[NH2+])N
dude_tryb1__L002548,CC(=O)N[C@H]1[C@H]([C@@H]2[C@@H](CO[C@@H](O2)c3ccco3)O[C@@H]1Oc4ccc(cc4OC)C=O)O
dude_tryb1__L002549,CCC/C=C/[C@@H](C(=O)NC(C)(C)CC(C)(C)C)N(Cc1ccco1)C(=O)c2c(cccc2O)O
dude_tryb1__L002550,OC(=O)[C@@H]2[C@@H](CC1CCNCC1)C(=O)N2C(=O)N4CCN(C(=O)CCCC(=O)Nc3ccccc3)CC4
dude_tryb1__L002551,CCCCC(=O)Nc1cc(ccc1OCc2cc(=O)n3c(n2)cc(o3)C)S(=O)(=O)CC
dude_tryb1__L002552,CC(C)([C@@H]1Cc2c(cc3c(c2OC)c(=O)cc(o3)CO[C@H]4[C@@H]([C@H]([C@H]([C@H](O4)CO)O)O)O)O1)O
dude_tryb1__L002553,Cc1cc(c(cc1Cl)OC)NC(=O)[C@@H](C)[NH2+][C@H](c2ccc(cc2)F)c3cccs3
dude_tryb1__L002554,C[C@H]1CCc2c(cc(s2)C(=O)NNC(=O)NC[C@H](c3ccco3)[NH+](C)C)C1
dude_tryb1__L002555,C[C@@]12CC[C@H]3[C@@H]([C@@H]1C[C@@H]([C@@H]2O)[NH+]4CCCC4)CC[C@@H]5[C@@]3(C[C@@H]([C@@H](C5)O)N6CCOCC6)C
dude_tryb1__L002556,C=CCNC(=O)NC(=O)CSc1nc2cc(ccc2o1)S(=O)(=O)N3CCOCC3
dude_tryb1__L002557,CC(C)(C)NC(=O)[C@H](c1ccc(cc1)Cl)N(c2ccc(cc2)OC)C(=O)c3c(c(ns3)C(=O)N)N
dude_tryb1__L002558,C[C@@H](C(=O)NCc1ccco1)NC(=O)[C@@H]2CC(=O)N(C2)c3cc(c(c(c3)OC)OC)OC
dude_tryb1__L002559,CC(C)[C@@]1(CC[C@@H](C(=O)C1=O)C(=O)Nc2ccc(cc2)NC(=O)[C@@]34CC[C@@](C3(C)C)(C(=O)C4=O)C)C
dude_tryb1__L002560,CC1=C[C@@](N(N1)C(=O)CSc2nnc(s2)SCC(=O)N3[C@](CC(=C)N3)(c4ccccc4)O)(c5ccccc5)O
dude_tryb1__L002561,CC[C@@H](C)NS(=O)(=O)c1ccc(cc1)NC(=S)NC(=O)c2ccc(cc2)OCCOCC
dude_tryb1__L002562,c1ccc2c(c1)c(=O)n(c(n2)SCSCC(=O)NCCCN3CCOCC3)c4ccc(cc4)F
dude_tryb1__L002563,CCOc1ccc(cc1)NS(=O)(=O)c2ccc(cc2)NC(=S)NC(=O)COc3ccccc3Cl
dude_tryb1__L002564,c1ccc(c(c1)C(=O)Nc2ccc3c(c2)S[C@H](N3)SCC4[NH+]=c5ccccc5=[NH+]4)C(=O)[O-]
dude_tryb1__L002565,C[C@H](C(=O)Nc1ccc2c(c1)OCO2)OC(=O)[C@H](CC3=c4ccccc4=[NH+]C3)NC(=O)C
dude_tryb1__L002566,C[C@@H]1CN(C[C@@H](O1)C)S(=O)(=O)c2ccc(cc2)C(=O)Nc3nc4c(s3)CN(CC4)C(=O)OC
dude_tryb1__L002567,CCCCOc1ccccc1C(=O)NC(=S)Nc2ccc(cc2)S(=O)(=O)NC(C)C
dude_tryb1__L002568,CC(C)(C[C@@H](c1ccc(c2c1oc3cc4c(c(c3c2=O)O)[C@]5(C=CO[C@@H]5O4)O)O)O)O
dude_tryb1__L002569,C[C@]1(C(=O)N(C(=O)N1)CC(=O)c2ccc(cc2)N(C)S(=O)(=O)C)c3ccc4c(c3)OCCCO4
dude_tryb1__L002570,COc1ccc(cc1)c2c(c(n([nH+]2)c3ccc(cc3)C(F)(F)F)N)NC(=O)NCC#C
dude_tryb1__L002571,C[C@H](C[C@H](N([C@@H](C[C@@H](C)O)O)C(=S)N([C@@H](C[C@@H](C)O)O)[C@@H](C[C@H](C)O)O)O)O
dude_tryb1__L002572,CC[C@@]1(C(=O)N(C(=O)N1)NC(=O)Cn2cnc3c2c(=O)n(c(=O)n3C)C)C
dude_tryb1__L002573,CCCCC/C=C/C(=O)N([C@H](c1c(cc(cc1O)O)O)C(=O)NC(C)(C)CC(C)(C)C)C(C)(C)C
dude_tryb1__L002574,CCn1cc(c(n1)OCC)C(=O)Nc2nnc(s2)SCC(=O)N3CCN(CC3)c4ccccc4
dude_tryb1__L002575,CC(C)(C)[C@H](Cn1cc[nH+]c1)NC(=O)Nc2cc(c(cc2C(=O)N(C)C)OC)OC
dude_tryb1__L002576,CCN(CC)S(=O)(=O)c1ccc(c(c1)NC(=O)[C@@H](C)OC(=O)c2cc(oc2C)C)Cl
dude_tryb1__L002577,CC[C@@H](C)[C@@H](C(=O)N[C@@H](C(C)C)C(=O)N[C@@H]([C@H](C)CC)C(=O)NCC(=O)N)NC(=O)[C@H](C(C)C)[NH3+]
dude_tryb1__L002578,Cc1cc2cc(c(=O)[nH]c2cc1C)CN(CC[NH+](C)C)C(=S)NCCC[NH+](C)C
dude_tryb1__L002579,CS(=O)(=O)c1ccc(c(c1)[N+](=O)[O-])NCCNC(=O)CCN2c3ccccc3OCC2=O
dude_tryb1__L002580,COc1ccc(c(c1)[C@H]2CC3=C([C@H](Nc4ccccc4N3)c5cc(c(c(c5)OC)O)OC)C(=O)C2)OC
dude_tryb1__L002581,c1cc(cnc1)[C@H](CNC(=O)C(=O)NC[C@H]2CCCO2)S(=O)(=O)c3ccc(cc3)Cl
dude_tryb1__L002582,CCN(CC)c1ccc2cc(/c(=[NH+]/c3ccc(cc3)Br)/oc2c1)C(=O)N
dude_tryb1__L002583,Cc1ccc(c(c1)OC)O[C@H](c2ccc(s2)Br)[C@@H](C)[NH3+]
dude_tryb1__L002584,CC[NH+](CC)CCCN1[C@@H](C(=C(C1=O)[O-])C(=O)c2cnn(c2C)c3ccccc3)c4ccccc4OC
dude_tryb1__L002585,c1cc(cnc1)Cn2c3c(c(=O)[nH]c2=O)[C@@](C(=O)N3)(C(F)(F)F)NC(=O)c4cccs4
dude_tryb1__L002586,CC(C)c1ccccc1OCC(=O)NNC(=S)NC(=O)c2ccccc2OCCOC
dude_tryb1__L002587,Cc1c(c(n[nH]1)O)[C@@H](c2ccc(c(c2)OC)OCc3ccc(cc3)Br)c4c(n[nH]c4O)C
dude_tryb1__L002588,C/C=C\[C@@H](C(=O)NCS(=O)(=O)c1ccc(cc1)C)N(C)C(=O)c2cc(ccc2[O-])[N+](=O)[O-]
dude_tryb1__L002589,c1cc(c(cc1/C=C/C(=O)OC[C@H]2[C@H]([C@H]([C@@H]([C@@H](O2)OC[C@@H]([C@@H]([C@@H](CO)O)O)O)O)O)O)O)O
dude_tryb1__L002590,CC[NH+](CC)CCN1[C@@H](C(=C(C1=O)[O-])C(=O)c2c(c([nH]c2C)C(=O)OCC)C)c3ccccn3
dude_tryb1__L002591,C[C@@H](c1ccc(cc1)n2cc(nn2)C(=O)N)NS(=O)(=O)c3ccc(cc3)C(=O)NC
dude_tryb1__L002592,CC(C)S(=O)(=O)c1cc2c(cc1O)[C@@H]3CO[P@@](=O)(NN3CC2)S(=O)(=O)C(C)C
dude_tryb1__L002593,Cc1cccc(c1)[C@H](CC(=O)NC[C@H](c2cccc(c2)OC)[NH+](C)C)NC(=O)N
dude_tryb1__L002594,CN(C)c1ccc(cc1)[C@@H](CNC(=O)C(=O)NNC(=O)c2cccnc2)S(=O)(=O)c3ccc(cc3)F
dude_tryb1__L002595,CCOCCCNC(=O)NNC(=O)CCCN1C(=O)C2(CCCC2)NC1=O
dude_tryb1__L002596,CC1(CC2=C(C(=O)C1)[C@](C(=O)N2Cc3cccc(c3OC)OC)(C(F)(F)F)NC(=O)c4ccco4)C
dude_tryb1__L002597,CC1(CC(CC([NH2+]1)(C)C)NC(=O)CN2CCN(CC2)CC(=O)NC3CC([NH2+]C(C3)(C)C)(C)C)C
dude_tryb1__L002598,Cc1cc2c(cc1S(=O)(=O)N3CCC[C@@H](C3)C(=O)N4CC(=O)Nc5c4cccc5)OCC(=O)N2
dude_tryb1__L002599,CC(C)c1ccc(cc1)S(=O)(=O)[C@H](CNC(=O)C(=O)N[C@H]2CCS(=O)(=O)C2)c3ccco3
dude_tryb1__L002600,CC(C)C[C@@H](C(=O)Nc1ccc(c(c1)Cl)OC)NS(=O)(=O)c2ccc3c(c2)oc(=O)n3C
dude_tryb1__L002601,CC(=O)[C@@H](C(=O)N(C)C)Sc1c2c(nc(n1)c3ccc(c(c3)OC)OC)n(c(=O)n(c2=O)C)C
dude_tryb1__L002602,[H]\N=C\1/C(=C/c2cc(c(c(c2)Cl)OCc3ccc(cc3)C)OC)/C(=O)N=C4N1C(=NS4)S(=O)(=O)C
dude_tryb1__L002603,Cc1ccc(cc1NC(=O)CSc2nnc(n2C)C(F)(F)F)S(=O)(=O)N3CCOCC3
dude_tryb1__L002604,CCOc1ccc(cc1C2=NC(=O)[C@H]3C(=N2)C(=NN3C)C(C)(C)C)S(=O)(=O)N(CCO)CCO
dude_tryb1__L002605,C[C@@H]1C(=CNN1c2ccc(cc2)OC)[C@@H](C)[NH2+]C[C@@H]3C(=c4cc(ccc4=[NH+]3)OC)C
dude_tryb1__L002606,CC(C)(C)OC(=O)NCC(=O)OC[C@@H]1[C@H]([C@@H]([C@@H]([C@H](O1)OC)O)O)O
dude_tryb1__L002607,Cc1c(c([nH]c1C(=O)NNC(=O)NCCCn2cc[nH+]c2)C)C(=O)OC(C)C
dude_tryb1__L002608,CCCn1c(cc(c1C)/C=C(\C#N)/C(=O)OCC(=O)Nc2ccc(cc2)CN3CCOCC3)C
dude_tryb1__L002609,CCOC(=O)c1c2c(sc1NC(=O)C[C@@H](C(=O)[O-])[NH2+]Cc3cccnc3)CCCC2
dude_tryb1__L002610,C[C@@H](C(=O)NC[C@H]1CCCO1)NC(=O)c2cc3n(n2)CCCN(C3=O)Cc4ccc(cc4)F
dude_tryb1__L002611,CC(=O)Nc1cccc(c1)NC(=O)CSc2ncc(n2CC(=O)NCC=C)CO
dude_tryb1__L002612,Cc1ccc(c(c1)[C@H](C)[NH2+][C@H](C)C(=O)Nc2ccc(cc2)S(=O)(=O)N)OC
dude_tryb1__L002613,CCOCCOc1cccc(c1)C(=O)NC(=S)NNC(=O)c2ccc(cc2)NC(=O)c3cccc(c3)C
dude_tryb1__L002614,C[C@@H]1[C@@H]([C@H]([C@H]([C@@H](O1)OC[C@@H]2[C@H]([C@@H]([C@H]([C@@H](O2)Oc3cc(c4c(=O)cc(oc4c3)c5ccc(cc5)OC)O)O)O)O)O)O)O
dude_tryb1__L002615,CCN(CC)S(=O)(=O)c1ccc(cc1)N2C[C@@H](CC2=O)C(=O)Nc3ccc(cc3)n4cnnn4
dude_tryb1__L002616,CC(C)[C@H](c1nnc2n1CCN(CC2)C(=O)c3coc4c3C(=O)CCC4)NC(=O)c5ccccn5
dude_tryb1__L002617,CCOC(=O)c1cc(sc1NC(=O)[C@H](c2ccccc2)[NH2+]CCCn3ccnc3)c4ccccc4
dude_tryb1__L002618,COCCNC(=O)CN(c1ccc(c(c1)Cl)F)S(=O)(=O)c2ccc(c(c2)OC)OC
dude_tryb1__L002619,[H]/N=C\1/C(=C/c2ccc(c(c2)OC)OCCOc3ccc(cc3)[N+](=O)[O-])/C(=O)N=C4N1N=C(S4)CCCC
dude_tryb1__L002620,CCc1cccc(c1NC(=O)[C@H](C)n2cnc3c(c2=O)c(c(s3)C(=O)OCCOC)C)C
dude_tryb1__L002621,CCn1cc(c(=O)c2c1nc(cc2)C)C(=O)NC[C@@H](c3cccs3)S(=O)(=O)c4ccc(cc4)F
dude_tryb1__L002622,C=CCn1c(nnc1SCC(=O)Nc2nnc(s2)SCC(=O)N)C(F)(F)F
dude_tryb1__L002623,CCC(C)(C)NC(=O)[C@H](c1ccc(o1)C)N(c2cc(cc(c2)C)C)C(=O)c3c(c(ns3)C(=O)N)N
dude_tryb1__L002624,CCCCOC(=O)C[C@@H]1C(=O)NCCN1C(=O)CN2CCNC(=O)[C@@H]2CC(=O)OCCC
dude_tryb1__L002625,CC[C@H](c1ccc(cc1)OC)NC(=O)CN(c2ccc(cc2)C(=O)N(C)C)S(=O)(=O)C
dude_tryb1__L002626,CC[C@H]1C[NH+]2CC[C@@H]1C[C@@H]2CNC(=O)C(=O)NC[C@H]3C[C@H]4CC[NH+]3C[C@@H]4CC
dude_tryb1__L002627,Cc1ccc(cc1)COc2ccc(cc2C[NH2+]CC[NH2+]C[C@@H](C)O)Cl
dude_tryb1__L002628,CCNC(=O)NC(=O)[C@H](C)OC(=O)c1cc(c(c(c1)S(=O)(=O)N2CCC(CC2)C)C)C
dude_tryb1__L002629,CCCOc1ccc(cc1OCCC)[C@@H](C)NC(=O)NCCc2ccc(cc2)S(=O)(=O)N
dude_tryb1__L002630,C[NH+]1CCC[C@H](C1)CNC(=O)N[C@@H](CC(=O)N)C(=O)[O-]
dude_tryb1__L002631,Cc1ccc(c(c1)c2csc3c2c(=O)[nH]c(n3)C[NH+](CCOC)C[C@@H](COCC=C)O)C
dude_tryb1__L002632,CC[NH+](CC)[C@H](CNC(=O)Nc1ccccc1OCCC(=O)N)c2ccco2
dude_tryb1__L002633,CCCCCCOc1ccc(cc1OC)[C@@H]2c3c(n[nH]c3C(=O)N2CCCC)c4c(cc(cc4O)C)C
dude_tryb1__L002634,CCC(CC)[C@H](CNC(=O)C(=O)Nc1ccc(c(c1)C(=O)N)F)[NH+]2CCCC2
dude_tryb1__L002635,CC(C)(C)CC(C)(C)NC(=O)[C@@H](c1ccc(c(c1)OC)O)N(C(=O)CCc2ccc(cc2)OC)C(C)(C)C
dude_tryb1__L002636,CCOc1ccc(cc1)[C@H](CCC(=O)N/N=C\c2ccc(c(c2)OCC)OCc3ccccc3Cl)O
dude_tryb1__L002637,CCSc1nnc(s1)NC(=O)CSc2c3cnn(c3ncn2)c4ccc(cc4)F
dude_tryb1__L002638,c1cc(c(cc1[C@@H]2CC(=O)c3c(cc(cc3O2)O[C@H]4[C@@H]([C@H]([C@@H]([C@H](O4)C(=O)[O-])O)O)O)O)O)O
dude_tryb1__L002639,Cc1c2c(cc(nc2n(n1)[C@H]3CCS(=O)(=O)C3)C4CC4)C(=O)NC5CCC(CC5)O
dude_tryb1__L002640,CC1CC[NH+](CC1)C[C@@H](C[NH2+]Cc2c[nH]nc2c3cccnc3)O
dude_tryb1__L002641,c1ccc(c(c1)Nc2c(c(ncn2)N3CCN(CC3)c4cccc[nH+]4)N)Br
dude_tryb1__L002642,Cc1ccc(cc1Cl)N2C(=O)[C@H]3[C@@H]([NH2+][C@@]([C@@H]3C2=O)(CO)C(=O)[O-])c4ccc(cc4)N(C)C
dude_tryb1__L002643,C[C@H](c1ccc(cc1)F)NC(=O)[C@H](C)[NH+]2CCC(CC2)C(=O)Nc3ccc(cc3)S(=O)(=O)N
dude_tryb1__L002644,CCNC(=O)[C@@H](C)Nc1c2c(c(sc2nc(n1)C[NH+]3CCOCC3)C(=O)OCC)C
dude_tryb1__L002645,c1cc2cccc3c2c(c1)[C@H]([C@H]3N4CC[NH2+]CC4)NS(=O)(=O)c5ccc(cc5)Cl
dude_tryb1__L002646,Cc1cc(ccc1OCc2ccc(o2)C(=O)NNC(=S)NCCCN3CCOCC3)Cl
dude_tryb1__L002647,Cc1cc2c(cc1C)OC3(CC[NH+](CC3)C[C@H](c4ccc(c(c4)Cl)Cl)O)C[C@@H]2O
dude_tryb1__L002648,C[C@@H]1CN(C[C@@H](O1)C)Cc2nc3c(n2C[C@H](CO)O)c(=O)n(c(=O)n3C)C
dude_tryb1__L002649,COc1ccc(cc1)S(=O)(=O)[C@H](CNC(=O)c2cc(c(c(c2)OC)OC)OC)c3cccnc3
dude_tryb1__L002650,CCOC(=O)C1=C(NC(=O)N[C@@H]1c2ccc(o2)C)COC(=O)CSc3cccc[n+]3[O-]
dude_tryb1__L002651,CC(C)OC[C@@H](Cn1c2c(=O)[nH]c(=O)n(c2nc1N)C)O
dude_tryb1__L002652,CC(C)(C)NC(=O)[C@H](c1ccco1)N(Cc2ccc(cc2)F)C(=O)c3c(c(ns3)C(=O)N)N
dude_tryb1__L002653,Cc1c(c(=O)n(n1C)c2ccccc2)[C@H]3[C@H]4[C@@H](C(=O)N(C4=O)C(C)(C)C)[C@@]([NH2+]3)(C(C)C)C(=O)[O-]
dude_tryb1__L002654,CCCCCCOc1ccc(cc1)[C@H]2c3c(n[nH]c3C(=O)N2CCCOC)c4c(cc(cc4O)C)C
dude_tryb1__L002655,Cc1ccc(cc1)C2=N[C@@H]([NH2+][C@H](C2)c3cc(ccc3O)Br)c4ccccc4C
dude_tryb1__L002656,CCCC(=O)N(CCC)[C@H](c1ccc2c(c1)OCO2)C(=O)NCS(=O)(=O)c3ccc(cc3)C
dude_tryb1__L002657,CC(=O)NC[C@H]1CCC[NH+](C1)CC(=O)Nc2ccc(cc2C(F)(F)F)Cl
dude_tryb1__L002658,C1CCC(CC1)CCCCCCCO[C@H]2[C@@H]([C@@H]([C@@H]([C@@H](O2)CO)O[C@@H]3[C@@H]([C@@H]([C@@H]([C@@H](O3)CO)O)O)O)O)O
dude_tryb1__L002659,CCOC(=O)C1=C(NC(=O)N[C@H]1c2ccc(cc2)Cl)C[NH2+]Cc3ccc(cc3)C
dude_tryb1__L002660,c1cc(oc1)C[NH2+]CC(=O)/N=c/2\[nH]cc(s2)Cc3cc(cc(c3)Cl)Cl
dude_tryb1__L002661,Cc1c(nn(c(=O)c1c2nc(c(s2)C(=O)NCCC(=O)N3CCOCC3)C)C)C
dude_tryb1__L002662,CCCOc1ccc(cc1C(=O)NC(=S)NNC(=O)COc2ccccc2Cl)Br
dude_tryb1__L002663,Cc1c2c(ccc(n2)c3cc(cnc3c4ccoc4)OC[C@H](CC5=c6ccccc6=[NH+]C5)[NH3+])[nH]n1
dude_tryb1__L002664,CN(Cc1[nH]c(=O)c2ccccc2n1)C(=O)[C@H](CCSC)NS(=O)(=O)c3ccc(cc3)Cl
dude_tryb1__L002665,Cc1cc(n(n1)C)[C@@H]2C(=C(Nc3n2ncn3)C)C(=O)Nc4ccc(cc4)S(=O)(=O)N
dude_tryb1__L002666,CCO[C@H](c1ccc(cc1)n2c(cc(c2C)C[C@H](CO)[NH3+])C)[C@@H](CO)[NH3+]
dude_tryb1__L002667,CC[C@H](C)[C@H](C(=O)NC1[NH+]=c2ccccc2=[NH+]1)NC(=O)Cc3ccccc3Cl
dude_tryb1__L002668,Cc1ccc(cc1)S(=O)(=O)CNC(=O)[C@@H](c2ccc(cc2)[N+](=O)[O-])N(Cc3ccco3)C(=O)CO
dude_tryb1__L002669,Cc1ccc(cc1)[C@@H](CC(=O)NNC(=O)c2cccc(c2)S(=O)(=O)N(C)C)NC(=O)C
dude_tryb1__L002670,c1cc(ccc1N2C[C@@H](CC2=O)C(=O)N3CCC4(CC3)C(=O)NC(=O)N4)Br
dude_tryb1__L002671,C[C@@H](C(=O)c1c(n(c(=O)n(c1=O)C)C)N)Sc2nnc(o2)C[C@H]3CCS(=O)(=O)C3
dude_tryb1__L002672,CC(C)n1c(nn(c1=S)[C@H]2[C@@H]([C@H]([C@@H]([C@H](O2)CO)O)O)NC(=O)C)c3ccccc3Cl
dude_tryb1__L002673,CC(C)CCNC(=O)[C@@H](c1ccco1)N(c2ccc(c(c2)Cl)F)C(=O)c3c(c(ns3)C(=O)N)N
dude_tryb1__L002674,C[C@@H](C(=O)Nc1nnc(s1)C2CC2)Sc3nnc(n3C)[C@H](C(C)C)NC(=O)c4ccc(cc4)OC
dude_tryb1__L002675,CC(C)(C)c1ccc(cc1)/C=C/c2ccc3c(c2)C(=O)N4C[C@H](C[C@H]4C(=O)N3)NC(=O)C[NH2+]C
dude_tryb1__L002676,c1cc(c(cc1[N+](=O)[O-])[N+](=O)[O-])CC(=O)Nc2[nH]c(=O)c3c(n2)n(cn3)[C@@H]4[C@@H]([C@@H]([C@@H](O4)CO)O)O
dude_tryb1__L002677,Cn1c2c(c(=O)n(c1=O)C)n(c(n2)N/N=C/C=C/c3ccc(o3)[N+](=O)[O-])C[C@@H](COCC=C)O
dude_tryb1__L002678,CC[C@@H]([C@H](c1ccccc1Br)[NH+](CC)[C@@H](C)COC)[NH3+]
dude_tryb1__L002679,CC(C)CCOc1ccc(cc1)C(=O)NC(=S)NNC(=O)c2ccc(cc2)OCC=C
dude_tryb1__L002680,CC[NH+](CC)CCN1[C@H](C(=C(C1=O)[O-])C(=O)c2ccc(c(c2)C)OC(C)C)c3ccc(c(c3)OCC)O
dude_tryb1__L002681,Cc1cc(c(n1[C@H]2CCS(=O)(=O)C2)C)C(=O)COC(=O)CNC(=O)C34CC5CC(C3)CC(C5)C4
dude_tryb1__L002682,Cc1c(c2ccccc2[nH]1)C[NH+]3CCC(CC3)[C@]4(C(=O)NC(=O)N4)CCc5ccccc5
dude_tryb1__L002683,CCCCC(=O)N1C[C@H](C2(C1)CC[NH2+]CC2)C(=O)NCc3cc(cc(c3)F)C(F)(F)F
dude_tryb1__L002684,CCCCO[C@@H]1[C@H]2[C@@H](O[C@@H]1[C@@H](CO[C@@H]3[C@@H]([C@@H]([C@@H]([C@@H](O3)CO)O)O)NC(=O)C)O)OC(O2)(C)C
dude_tryb1__L002685,Cc1cc(n(n1)CCC(=O)N2CCc3c(cnc(c3CNS(=O)(=O)c4cccs4)C)C2)C
dude_tryb1__L002686,C[C@@H](C[NH2+]Cc1c[nH]nc1c2ccc(cc2)OC)Cn3cc[nH+]c3
dude_tryb1__L002687,Cc1ccc(c(c1)OCCCC(C)(C)C(=O)O[C@@H]2[C@H]([C@@H]([C@@H]([C@H](O2)C(=O)OCC=C)O)O)O)C
dude_tryb1__L002688,c1ccc(cc1)OS(=O)(=O)c2ccc(c(c2F)S(=O)(=O)c3ccccc3)[C@@H](CC=O)NC=O
dude_tryb1__L002689,CC(C)C[NH2+]CC(=O)/N=c/1\[nH]c(cn1c2ccc(cc2)C(C)(C)C)c3ccccc3
dude_tryb1__L002690,COCCNc1c2cnn(c2ncn1)CCNC(=O)/C=C/c3ccc(c(c3)OC)OC
dude_tryb1__L002691,CC(C)Cn1c(c(c(=O)[nH]c1=O)C(=O)Cn2c(noc2=O)c3ccccn3)N
dude_tryb1__L002692,CC(C)[C@H](c1cccs1)[NH2+]CC(=O)NC(=O)Nc2ccc3c(c2)OCCO3
dude_tryb1__L002693,c1cc(c(cc1)O)/C=[NH+]/CCSSCC/[NH+]=C/c2c(cccc2)O
dude_tryb1__L002694,[H]/N=C\1/NC(=O)/C(=C/c2cn(nc2c3cccc(c3)S(=O)(=O)N(C)C)c4ccccc4)/S1
dude_tryb1__L002695,CCc1ccccc1n2c(=O)c3ccccc3nc2SCC(=O)Nc4nnc(o4)C(C)C
dude_tryb1__L002696,CC(=CCC[C@@](C)([C@@H](C[C@H](/C(=C/COC[C@H]([C@H]([C@H]([C@H](CO)O)O)O)O)/C)OC(=O)C)O)O)C
dude_tryb1__L002697,C/C(=N\Nc1[nH]nc(n1)SCC(=O)NC2CC([NH2+]C(C2)(C)C)(C)C)/c3ccc(cc3)OC
dude_tryb1__L002698,CCCCN(C)S(=O)(=O)c1ccc(cc1)C(=O)Nc2c(c3c(s2)CN(CC3)C(=O)OC)C(=O)OC
dude_tryb1__L002699,CC(C)(C)NC(=O)[C@H](c1ccc2c(c1)cccn2)N(Cc3cccs3)C(=O)c4c(c(ns4)C(=O)N)N
dude_tryb1__L002700,C[C@@H]1CC2=C([C@@H](C(=C(N2)C)C(=O)OCCOC)c3ccccc3OC)C(=O)[C@@H]1C(=O)OC
dude_tryb1__L002701,c1cc(ncc1C(F)(F)F)NCCCNC(=O)[C@H]2CC(=O)N(C2)[C@@H]3CCS(=O)(=O)C3
dude_tryb1__L002702,COCCNc1nnc(s1)SCC(=O)c2c(n(c(=O)[nH]c2=O)C3CC3)N
dude_tryb1__L002703,COc1cc(cc(c1OC)OC)/C=C\C(=O)NCCn2c3c(cn2)c(=O)n(cn3)Cc4ccc(cc4)F
dude_tryb1__L002704,CCOC(=O)C1=C(C(=N[C@H]1C)C(=O)COC(=O)[C@H](CC2=c3ccccc3=[NH+]C2)NC(=O)N)C
dude_tryb1__L002705,CCOc1cc(cc(c1OCc2ccc(cc2)F)Cl)C[NH2+]CC[NH2+]CCO
dude_tryb1__L002706,COc1ccc(cc1)[C@@H](C[NH2+]C[C@@H](CO)O)C2=c3ccccc3=[NH+]C2
dude_tryb1__L002707,c1cc2c(cc1N)[nH+]c3cc(ccc3c2NCCNC(=O)CCCC[C@H]4[C@@H]5[C@@H](CS4)NC(=O)N5)N
dude_tryb1__L002708,CCCOc1ccc(cc1OCCC)[C@H](C)NC(=O)[C@H](CCSC)NC(=O)c2ccco2
dude_tryb1__L002709,CCO[P@]1(=O)NN2CCc3cc(c(cc3[C@@H]2CO1)I)S(=O)(=O)C(C)C
dude_tryb1__L002710,Cc1c(c(n(c(=O)c1C#N)C)NCCc2ccc(c(c2)OC)OC)/C=C/3\C(=O)N(C(=S)S3)CC(C)C
dude_tryb1__L002711,C[NH+](C)CCCN1[C@@H](C(=C(C1=O)[O-])C(=O)c2cc3cccc(c3o2)OC)c4ccco4
dude_tryb1__L002712,CCCOc1ccccc1C[NH+](Cc2ccco2)C[C@@H](COc3cccc(c3)C=O)O
dude_tryb1__L002713,CS(=O)(=O)N1CCN(CC1)C(=O)CSc2nnc(n2C[C@@H]3CCCO3)CCC(=O)N
dude_tryb1__L002714,Cc1ccccc1Nc2nc(nc(n2)N)CSc3nnc(n3N)C
dude_tryb1__L002715,CCNC(=S)N[C@@H]1C=C(C[C@H]([C@@H]1O)OC(=O)NCC=C)C(=O)N[C@H](CC#N)C(=O)N
dude_tryb1__L002716,Cc1c(sc(n1)C)c2ccc(=O)n(n2)CCNC(=O)c3cc(n[nH]3)c4cc(c(c(c4)OC)OC)OC
dude_tryb1__L002717,CCN(CC)c1c(c(no1)c2ccc(cc2)F)C[NH+](CCC(C)C)C[C@H](COCC#C)O
dude_tryb1__L002718,c1cc(ccc1N)S(=O)(=O)c2ccc(cc2)NCNc3ccc(cc3)S(=O)(=O)c4ccc(cc4)N
dude_tryb1__L002719,CCOc1cccc(c1)C[NH+](Cc2ccco2)C[C@H](COc3ccccc3C=O)O
dude_tryb1__L002720,CCOC(=O)[C@@H](C(=O)C)C(=O)NC[C@]1(C[C@@H](CC(C1)(C)C)NC(=O)[C@@H](C(=O)C)C(=O)OCC)C
dude_tryb1__L002721,Cc1ccc(cc1)S(=O)(=O)O[C@@H]2[C@@H]([C@@H](O[C@@H]2n3ccc(=O)[nH]c3=O)CO)O
dude_tryb1__L002722,CC[C@@H]([C@@H](c1ccc(s1)Br)[NH+](C)C[C@@H](C)O)[NH3+]
dude_tryb1__L002723,c1cc(cnc1)/C=N/NC(=S)Nc2cc(ccc2N3CCOCC3)S(=O)(=O)N4CCOCC4
dude_tryb1__L002724,CCCSc1nnc(s1)NC(=O)CSc2nc([nH]n2)N/N=C/c3cccc4c3cccc4
dude_tryb1__L002725,CCCCCCN([C@@H](c1ccc(cc1)C)C(=O)NC(C)(C)CC(C)(C)C)C(=O)[C@@H]2CCC(=O)N2
dude_tryb1__L002726,C[NH+](C)CCN(C[C@H]1CCC[NH+](C1)Cc2ccccc2F)C(=O)C3(CC3)C(=O)N
dude_tryb1__L002727,c1cc2c(cc1OCC#N)c(c[nH]2)[C@H](C(=O)[O-])[NH+]3CCN(CC3)[C@@H]4CCS(=O)(=O)C4
dude_tryb1__L002728,c1cc(ccc1NC(=O)c2cc[n+](cc2)[O-])S(=O)(=O)c3ccc(cc3)NC(=O)c4cc[n+](cc4)[O-]
dude_tryb1__L002729,CCN([C@H]1CCS(=O)(=O)C1)C(=O)[C@@H](C)Sc2nnc(n2Cc3ccco3)CCC(=O)N
dude_tryb1__L002730,Cc1c(c(on1)C)S(=O)(=O)N[C@@H](C)C(=O)NNC(=O)c2ccc(cc2)C#N
dude_tryb1__L002731,Cc1ccc(cc1)S(=O)(=O)N(C)CC(=O)NNC(=O)C2CCN(CC2)c3nccc(n3)OC
dude_tryb1__L002732,CC(C)(C)c1ccc(c(c1)Br)OCC(=O)NNC(=S)NC(=O)CCC(=O)OCCOC
dude_tryb1__L002733,Cc1cc(cc2c1NC(=O)[C@@H]2NC[C@H](C(C)C)[NH+](C)C)Br
dude_tryb1__L002734,c1cc(ccc1S(=O)(=O)N)S(=O)(=O)N2CCN(CC2)c3ccc4nnc(n4n3)C(F)(F)F
dude_tryb1__L002735,CCc1c(c(n(n1)c2ccccc2)Oc3ccc(cc3)OC)C[NH+](C[C@H](COC(C)C)O)C4CC4
dude_tryb1__L002736,CCOc1cccc(c1O)C[NH+]2CCC[C@H](C2)C(=O)Nc3ccc(cc3)c4ccn[nH]4
dude_tryb1__L002737,CCN(CC)C(=O)C[C@@H]1c2c(sc(n2)NC(=O)c3ccc(cc3)F)C[C@H]4[C@@]1(CC[C@H]([C@@]4(C)CO)O)C
dude_tryb1__L002738,CS(=O)(=O)c1ccc(cc1)c2nnc(o2)NC(=O)[C@@H]3CCCN(C3)S(=O)(=O)c4cccs4
dude_tryb1__L002739,Cc1ncc(s1)CNS(=O)(=O)c2c(nc3n2ccs3)N
dude_tryb1__L002740,Cc1cccc2c1[nH]c(=O)c(c2)CN(Cc3nnnn3CCc4ccccc4)C[C@H]5CCCO5
dude_tryb1__L002741,C[C@H](C(=O)Nc1ccc2c(c1)OCO2)Sc3nnc(n3C[C@@H]4CCCO4)c5cccs5
dude_tryb1__L002742,Cc1ccc(cc1)CN([C@@H](c2ccc(cc2)F)C(=O)NC[C@H]3CCCO3)C(=O)Cn4c5ccccc5nn4
dude_tryb1__L002743,CCCCn1c2c(c(=O)[nH]c1=O)n(c(n2)CCC(=O)NC3(CCCCC3)C(=O)OC)CC(C)C
dude_tryb1__L002744,CC(=O)N[C@H]1[C@@H]([C@@H]2[C@@H](CO[C@@H](O2)c3ccco3)O[C@@H]1Oc4ccc(cc4C=O)Br)O
dude_tryb1__L002745,C/C=C\[C@H](C(=O)NCS(=O)(=O)c1ccc(cc1)C)N(Cc2ccco2)C(=O)c3ccccc3Cl
dude_tryb1__L002746,CCCN([C@@H](c1c(cc(cc1O)O)O)C(=O)NC(C)(C)CC(C)(C)C)C(=O)c2c(cccc2O)O
dude_tryb1__L002747,Cc1cc(nc(n1)N/C(=N/C(=S)Nc2cc(ccc2OC)OC)/NCc3ccccc3OC)C
dude_tryb1__L002748,C[C@@H]1CCc2c(sc3c2c(=O)[nH]c(n3)C[NH+](CCOC)C[C@@H](COCc4ccco4)O)C1
dude_tryb1__L002749,CC[C@]1([C@@H]2[C@@H]([C@H](N1)c3ccc(cc3OC)OC)C(=O)N(C2=O)C)C(=O)OCC
dude_tryb1__L002750,CC/C(=N/Nc1[nH]nc(n1)SCC(=O)Nc2ccccc2SCC=C)/c3ccccc3
dude_tryb1__L002751,Cc1ccc(cc1)S(=O)(=O)CNC(=O)[C@H](c2ccc(cc2)O)N(C)C(=O)c3cccnc3
dude_tryb1__L002752,C[C@H](CC[NH+](C)C)NC(=O)N[C@@H](CC(=O)N)C(=O)[O-]
dude_tryb1__L002753,CC[NH+]([C@@H](C[NH3+])c1ccc(cc1)Oc2cccc(c2)C)C(C)(C)C
dude_tryb1__L002754,c1cc(cc(c1)C(F)(F)F)C[NH+]2CCC(CC2)Nc3ccc(cc3S(=O)(=O)N)[N+](=O)[O-]
dude_tryb1__L002755,CCOC(=O)c1cc(cc(c1)[N+](=O)[O-])C(=O)N[C@H]2CCC[NH+](C2)CC(=O)N
dude_tryb1__L002756,CC(C)[NH2+]Cc1cc(ccc1OC[C@H](C[NH+]2CCC(CC2)O)O)OC
dude_tryb1__L002757,Cc1c2cc(ccc2[nH]n1)c3cc(cnc3)OC[C@H](Cc4cccc(c4)OC(F)(F)F)[NH3+]
dude_tryb1__L002758,c1cc(oc1)CNc2c3cnn(c3ncn2)CCNC(=O)CCn4ccc(=O)[nH]c4=O
dude_tryb1__L002759,CC[C@@H]([C@@H](c1ccccc1Br)N(C)CC[NH+]2CCCC2)[NH3+]
dude_tryb1__L002760,c1ccc2=[NH+]CC(=c2c1)CCNC(=O)CS[C@H]3NN=C(S3)NC4CCCCC4
dude_tryb1__L002761,CCOc1ccc(cc1)N([C@H](C)C(=O)NC2CCCCC2)C(=O)c3c(c(ns3)C(=O)NC4CCCC4)N
dude_tryb1__L002762,CCCCCOc1cccc(c1c2cc(c(c(n2)N)C#N)[C@@H]3CCC[NH2+]C3)O
dude_tryb1__L002763,c1ccc2c(c1)c(c[nH]2)[C@H](C[NH2+]C[C@@H](COCc3ccc4c(c3)OCO4)O)c5ccccc5Cl
dude_tryb1__L002764,C[C@@H](C(=O)N1CCC2(CC1)[C@@H]3C(=NC=N3)CC[NH2+]2)NC(=O)c4cc(cc(c4)OC)OC
dude_tryb1__L002765,c1ccc(c(c1)COC[C@H](C[NH2+][C@@H]2CCSc3c2cc(cc3)F)O)Cl
dude_tryb1__L002766,c1cnccc1c2nnc(n2C[C@H]3CCCO3)SCC(=O)Nc4c(c5c(s4)CCCC5)C#N
dude_tryb1__L002767,CCCOc1ccccc1C(=O)NNC(=S)NC(=O)c2cc(ccc2OCCC(C)C)Br
dude_tryb1__L002768,Cc1ccc2c(c1)cc(c(=O)[nH]2)[C@H](c3nnnn3C[C@H]4CCCO4)N5CCN(CC5)Cc6ccccc6
dude_tryb1__L002769,CCN(CC)S(=O)(=O)c1ccc(c(c1)[N+](=O)[O-])O[C@H](C)C(=O)Nc2ccccc2SC
dude_tryb1__L002770,CC(=O)[C@H](C(=O)N(C)C)Sc1c2c(nc(n1)c3ccc(cc3)OC)n(c(=O)n(c2=O)C)C
dude_tryb1__L002771,CN1CCc2c1ccc(c2)[C@@H](CNC(=O)C3CCN(CC3)S(=O)(=O)C)N4CCOCC4
dude_tryb1__L002772,c1cc(cc(c1)[N+](=O)[O-])N2C(=O)/C(=C\c3ccc(c(c3)[N+](=O)[O-])SCCO)/SC2=S
dude_tryb1__L002773,CCOC(=O)[C@@H]1C(=c2cc(ccc2=[NH+]1)OC)NC(=O)[C@H](C)[NH+]3CCC(CC3)C(=O)N
dude_tryb1__L002774,CCOc1cc(c(c(c1OCC(=O)N)Br)Br)C[NH2+]C(C)(C)CO
dude_tryb1__L002775,CCN(c1cccc2c1cccc2)c3c(c(nc[nH+]3)Nc4c(cc(cn4)C(F)(F)F)Cl)N
dude_tryb1__L002776,C[C@H]1CN(C[C@@H](O1)C)C(=O)C(=O)NC[C@@H](c2ccco2)S(=O)(=O)c3ccc4c(c3)OCCO4
dude_tryb1__L002777,c1cc(ccc1CS(=O)(=O)c2nnc(o2)CCCNS(=O)(=O)[C@@H]3CS(=O)(=O)C[C@@H]3O)F
dude_tryb1__L002778,C[C@@H](C(=O)Nc1c(ccs1)C(=O)N)[NH+]2CCCN(CC2)c3c(cccn3)C#N
dude_tryb1__L002779,Cc1ccc2c(c1)c(c(n2C[C@H](C[NH2+]C(CO)(CO)CO)O)c3ccccc3)c4ccccc4
dude_tryb1__L002780,CC(=O)Nc1cc(cc(c1)NC(=O)C)C(=O)OCC(=O)Nc2c(c3c(s2)CCC3)C(=O)N
dude_tryb1__L002781,C[NH+](CC(=O)Nc1ccccc1SC)CC(=O)Nc2c(c3c(s2)CCCC3)C(=O)N
dude_tryb1__L002782,Cc1ccc(cc1)CN2C[C@@H](CC2=O)C(=O)N(CCOC)c3c(n(c(=O)[nH]c3=O)CC(C)C)N
dude_tryb1__L002783,COC(=O)/C=C/c1cn(c(=O)[nH]c1=O)[C@H]2[C@@H]([C@@H]([C@H](O2)CO)O)O
dude_tryb1__L002784,c1ccc(cc1)N2CCN(CC2)c3nc(c(c(n3)Nc4c(c5c(s4)CCCC5)C(=O)N)[N+](=O)[O-])N
dude_tryb1__L002785,CC(C)OCCCNC(=O)[C@@H]1CSC[C@@H]([NH2+]1)c2cc(c(c(c2)C(C)(C)C)O)C(C)(C)C
dude_tryb1__L002786,Cc1ccc(cc1)Nc2nc(nc(n2)N)CSc3nnc(n3N)c4ccccc4Br
dude_tryb1__L002787,C=CCc1cccc(c1O)/C=N/Nc2[nH]nc(n2)SCC(=O)N(c3ccccc3)c4ccccc4
dude_tryb1__L002788,CC[C@H](C)NC(=O)C[NH+]1CCN(CC1)C[C@H](c2cc(ccc2Cl)Cl)O
dude_tryb1__L002789,c1cc(oc1)[C@@H](CNC(=O)C2CCC3(CC2)C(=O)NC(=O)N3)[NH+]4CCCC4
dude_tryb1__L002790,Cc1cc(no1)NC(=O)COC(=O)CNS(=O)(=O)c2c(cc(cc2Br)F)F
dude_tryb1__L002791,CC[C@H](C)c1[nH]c(=O)cc(n1)CSc2nnc(n2CC=C)CCn3c(cc(n3)C)C
dude_tryb1__L002792,C[C@H](C(=O)NC(=O)NC)OC(=O)c1ccc(cc1)C(=O)O[C@H](C)C(=O)NC(=O)NC
dude_tryb1__L002793,CC(C)c1ccc(cc1)[C@H]2Nc3c(cnn3c4ccccc4)C(=[NH+]2)Nc5ccccc5
dude_tryb1__L002794,CCOC(=O)c1c2ccc(c(c2sc1NC(=O)C)OC[C@@H](C[NH2+]C3CCCCC3)O)Br
dude_tryb1__L002795,C[C@H]1CCCC[C@H]1NC(=O)[C@H](C)OC(=O)c2cccc(c2)S(=O)(=O)N3C[C@H](O[C@H](C3)C)C
dude_tryb1__L002796,Cc1ccc2c(c1)[C@]3([C@H]4[C@@H]([C@@H]([NH2+]3)CCC(=O)N)C(=O)N(C4=O)CCc5ccc(c(c5)OC)OC)C(=O)N2
dude_tryb1__L002797,CCCC1=CC(=O)N[C@](N1)(NCCN[C@]2(NC(=CC(=O)N2)CCC)SC)SC
dude_tryb1__L002798,c1cc(cnc1)C(=O)NNC(=O)C(=O)NC[C@@H](c2cccs2)S(=O)(=O)c3ccc4c(c3)OCCO4
dude_tryb1__L002799,COc1ccc(cc1)C2(CCOCC2)CNS(=O)(=O)CCN3C(=O)CCCC3=O
dude_tryb1__L002800,c1cc2c(cc1F)[C@H](C(=O)N2)[NH2+]Cc3cc(ccc3Br)F
dude_tryb1__L002801,CCOc1cc(ccc1O)/C=N/Nc2nnc(n2N)SCC(=O)Nc3ccc(cc3F)F
dude_tryb1__L002802,CCCCn1c(c(c(=O)[nH]c1=O)N(CCCC)C(=O)CCCSc2c3ccsc3ncn2)N
dude_tryb1__L002803,c1cc(cc(c1)OC[C@@H](C[NH+]2CCOCC2)O)C[NH2+]CC3(CCCCC3)O
dude_tryb1__L002804,c1ccc2=[NH+][C@H](C=c2c1)C(=O)NCCNC(=O)C(=O)Nc3ccc(cc3Cl)Cl
dude_tryb1__L002805,Cc1ccc(c(c1)S(=O)(=O)[C@H](CNC(=O)C(=O)N2C[C@H](O[C@H](C2)C)C)c3cccnc3)C
dude_tryb1__L002806,Cc1ccc2nc(cn2c1)CNC(=O)[C@@H]3CN(CC34CC[NH2+]CC4)C(=O)c5cc(c(c(c5)OC)OC)OC
dude_tryb1__L002807,Cc1ccc(cc1)n2cc(c(n2)c3cccc(c3)OC)C(=O)NNC(=O)[C@H]4COc5ccccc5O4
dude_tryb1__L002808,CCOc1ccc(cc1OCC)[C@@H]2C3=C(N=N[C@@H]3C(=O)N2CCOC)c4ccccc4O
dude_tryb1__L002809,CC(C)COC[C@@H](C[NH+](CCN1CCOCC1)Cc2[nH]c(=O)c3c(csc3n2)c4cccc(c4)OC)O
dude_tryb1__L002810,Cc1cc(sc1C(=O)NNC(=O)C(=O)NC(C)C)NC(=O)c2ccco2
dude_tryb1__L002811,CC(=O)Nc1ccccc1OC[C@H]2N[C@H](ON2)C(=O)NCCC3=c4cc(ccc4=[NH+]C3)Cl
dude_tryb1__L002812,CCCNC(=O)C1CCC(CC1)Cn2c(=O)c3c(ccs3)n(c2=O)CC(=O)NCc4ccco4
dude_tryb1__L002813,Cn1ccnc1[C@@H](c2ccccc2F)NC(=O)C3CCN(CC3)C4=NS(=O)(=O)c5c4cccc5
dude_tryb1__L002814,c1c(cc(cc1F)F)CNC(=O)[C@@H]2CCCN(C2)S(=O)(=O)[C@@H]3C=C[C@@H](O3)[C@@H]4C=CN=N4
dude_tryb1__L002815,CCCOc1c(cc(cc1Br)C[NH2+]CCCC[NH3+])OC
dude_tryb1__L002816,Cc1ccc(cc1)Oc2c(c(nn2c3ccccc3)C)C[NH+](C[C@@H](COC(C)C)O)CC(C)C
dude_tryb1__L002817,CCOc1ccccc1NC(=O)CSc2nc([nH]n2)N/N=C/c3ccc(c(c3)OCn4cccn4)OC
dude_tryb1__L002818,CCN(CC)S(=O)(=O)c1ccc(c(c1)NS(=O)(=O)c2cccc3c2nsn3)OC(C)C
dude_tryb1__L002819,CC(C)C[C@@H](c1nnc(o1)S(=O)(=O)C)NS(=O)(=O)[C@@H]2CS(=O)(=O)C[C@H]2O
dude_tryb1__L002820,Cc1ccc(cc1C)NS(=O)(=O)c2ccc(cc2)NC(=S)NC(=O)c3ccccc3OCC(C)C
dude_tryb1__L002821,Cc1ccc2c([nH+]1)cccc2Nc3c(c(ncn3)NNC(=O)COc4ccc(cc4Cl)Cl)[N+](=O)[O-]
dude_tryb1__L002822,Cc1ccc(c(c1)OC[C@@H](Cn2c3c(nc2N4CCCC4)n(c(=O)n(c3=O)C)C)O)C(C)C
dude_tryb1__L002823,C[C@@H](C(=O)NC(=O)N)OC(=O)c1cc(c(cc1Cl)Cl)S(=O)(=O)N
dude_tryb1__L002824,CCc1ccc(cc1)NS(=O)(=O)c2ccc3c(c2)c(=O)c(c[nH]3)C(=O)N(C)CCC#N
dude_tryb1__L002825,CCC[NH+](Cc1c(nn(c1Oc2ccccc2OC)C)c3ccccc3)C[C@H](COCC(C)C)O
dude_tryb1__L002826,CC(=O)OC[C@@H]1[C@@H]([C@H]([C@@H](O1)n2cc(c(=O)[nH]c2=O)Br)OC(=O)C)OC(=O)C
dude_tryb1__L002827,[H]/N=C\1/C(=C/c2cc(n(c2C)c3ccc(c(c3)[N+](=O)[O-])Cl)C)/C(=O)N=C4N1N=C(S4)S(=O)(=O)C
dude_tryb1__L002828,CC[NH+]1CCC[C@H]1CNC(=O)[C@@]2(c3cc(ccc3NC(=O)N2c4ccc(c(c4)C)C)Br)O
dude_tryb1__L002829,CCN(CC)c1ccc(c(c1)O)/C=N/Nc2[nH]nc(n2)SCC(=O)Nc3ccc(cc3Cl)Cl
dude_tryb1__L002830,C[C@@H]1[C@@H](C(=O)[C@]2([C@H]([C@@]13C[C@H](O[C@H]3OC(=O)C)c4ccoc4)CCC[C@]25CO5)COC(=O)C)O
dude_tryb1__L002831,NC(=N)N4CCCC(C[C@@H]3[C@@H](C(O)=O)N(C(=O)N2CCN(C(=O)NCCCCc1ccccc1)CC2)C3=O)C4
dude_tryb1__L002832,c1ccc2c(c1)NC(=O)CN2C(=O)COC(=O)c3cc(ccc3F)S(=O)(=O)N4CCOCC4
dude_tryb1__L002833,CC(=O)OCC1=C(N2[C@H]([C@H](C2=O)NC(=O)c3cnn4c3nc(cc4C(F)F)C5CC5)SC1)C(=O)[O-]
dude_tryb1__L002834,CCCCCCOc1ccccc1C(=O)NC(=S)Nc2ccccc2C(=O)NCc3ccco3
dude_tryb1__L002835,c1cc(ccc1n2c-3nc(nc(=O)c3c[nH]2)SCC(=O)Nc4nccs4)S(=O)(=O)N
dude_tryb1__L002836,CCC[C@@H]1[C@H](N[NH2+]N1c2c(non2)N)C(=O)N/N=C/C3=c4ccccc4=[NH+]C3
dude_tryb1__L002837,CC(C)S(=O)(=O)c1ccc(c(c1)N2CC[NH2+][C@@H](C2)c3ccccc3O)NS(=O)(=O)[O-]
dude_tryb1__L002838,C[C@@H](C(=O)Nc1ccc(cn1)Cl)[NH2+]C[C@@H](c2ccccc2)c3c[nH]c4c3cccc4
dude_tryb1__L002839,CCc1cccc2=C(C[NH+]=c12)C(=O)C(=O)N[C@@H]3[C@H]([C@@H]4CCCC[C@@H]4S3)C(=O)N
dude_tryb1__L002840,C[C@H](C[NH2+]CC[NH2+]Cc1ccc(o1)c2ccc(cc2Cl)Cl)O
dude_tryb1__L002841,c1ccc(c(c1)[C@@H]2CC(=N[C@@H]([NH2+]2)c3ccc(cc3)Cl)c4ccc(cc4)Cl)O
dude_tryb1__L002842,Cc1cc(nc(n1)N/C(=N/C(=S)Nc2ccccc2OC)/NCCSCc3c([nH]cn3)C)C
dude_tryb1__L002843,CC(C)Cn1c(c(c(=O)n(c1=O)CC(C)C)[C@H]2c3c(c4cc(ccc4[nH]3)OC)CC[NH2+]2)O
dude_tryb1__L002844,c1c(cc(c(c1O)O)O)c2c(c(=O)c3c(cc(cc3o2)O)O)O[C@H]4[C@@H]([C@H]([C@H]([C@H](O4)CO)O)O)O
dude_tryb1__L002845,CCCCC(=O)Nc1ccc(cc1OC)NC(=S)NC(=O)COc2ccc(cc2)Br
dude_tryb1__L002846,c1cc(c(cc1Nc2ccncc2C(=O)Nc3ccc(cc3F)F)F)Oc4cc[nH+]c(c4)N
dude_tryb1__L002847,CSc1cccc(c1)/[NH+]=c\2/c(cc3ccc(cc3o2)O)C(=O)NC[C@@H]4CCCO4
dude_tryb1__L002848,CC[C@@H](C)CC(=O)N1C[C@H](C2(C1)CC[NH2+]CC2)C(=O)NCc3cc(cc(c3)F)C(F)(F)F
dude_tryb1__L002849,COc1ccc2cc(c(=O)[nH]c2c1)[C@H](c3nnnn3C[C@@H]4CCCO4)N5CCN(CC5)c6ccc(cc6)F
dude_tryb1__L002850,CCOC(=O)N[C@@H](CC(C)C)CNC(=O)CCSCc1[nH]c(=O)c2c3c(sc2n1)CCC3
dude_tryb1__L002851,COc1ccc(cc1)S(=O)(=O)N(Cc2ccc3c(c2)OCO3)Cc4cc5ccc(cc5[nH]c4=O)OC
dude_tryb1__L002852,[H]/N=C\1/C(=C\c2ccc(c(c2)OC)O[C@@H](C)c3ccccc3)/C(=O)N=C4N1N=C(S4)S(=O)(=O)CC
dude_tryb1__L002853,C[C@@H](C(=O)O[C@H](C)C(=O)NC(=O)NC1CC1)NS(=O)(=O)c2ccc3c(c2)OCCCO3
dude_tryb1__L002854,CC(C)C[C@H](c1cccc(c1)c2ccccc2)C(=O)NC[C@@H](CNS(=O)(=O)c3ccccn3)O
dude_tryb1__L002855,C[NH+](C)CCOc1ccc(cc1[C@@H](C[NH3+])N(C)CCO)Cl
dude_tryb1__L002856,CC(C)(C)OC(=O)[C@@H](NC(=O)C[NH2+][C@H](CC(=O)N)C(=O)[O-])OC(=O)[C@H](CS)N
dude_tryb1__L002857,CC(=O)c1ccc(cc1)N2C(=O)[C@H]3[C@@H]([NH2+][C@@]([C@@H]3C2=O)(CO)C(=O)[O-])c4ccc(cc4)C(=O)OC
dude_tryb1__L002858,CC(C)n1c2c(cn1)c(cc(n2)c3ccco3)C(=O)OCC(=O)Nc4ccccc4Br
dude_tryb1__L002859,COc1ccc(cc1)c2csc3c2c(=O)[nH]c(n3)C[NH+](Cc4ccco4)C[C@@H](CN5CCOCC5)O
dude_tryb1__L002860,CCOc1ccc2c(c1)cc(c(=O)[nH]2)CN(CC[NH+]3CCOCC3)C(=S)Nc4ccccc4
dude_tryb1__L002861,CC(=O)Nc1ccc(cc1)S(=O)(=O)N(C)CC(=O)N2CCC[C@H]2c3ccc4c(c3)OCCO4
dude_tryb1__L002862,CSCC[C@H](C(=O)N1CCC2(CC1)c3c([nH]c[nH+]3)CCN2)NC(=O)Cc4ccc(cc4)F
dude_tryb1__L002863,C[C@H](CNC(=O)C(=O)N1CCN(CC1)c2c(c3c(c(n2)c4ccco4)CCCC3)C#N)O
dude_tryb1__L002864,CC[C@H](CO)[NH2+]C[C@@H](Cn1c2c3ccccc3ccc2c(c1c4ccccc4)c5ccccc5)O
dude_tryb1__L002865,CC(C)[C@@H](c1nnc(n1CC=C)SCC(=O)NCc2ccccc2Cl)NC(=O)c3ccccc3OC
dude_tryb1__L002866,c1ccc2=[NH+]CC(=c2c1)c3csc(n3)NC(=O)CS[C@@H]4Nc5ccccc5S4
dude_tryb1__L002867,COc1cc(ccc1O)C[C@H](CO[C@H]2[C@@H]([C@@H]([C@@H]([C@@H](O2)CO)O)O)O)c3cc(cc(c3O)OC)/C=C/CO
dude_tryb1__L002868,CCOc1ccc(cc1)S(=O)(=O)N[C@H](CC2=c3ccccc3=[NH+]C2)C(=O)NNC(=O)c4ccco4
dude_tryb1__L002869,CCCOc1c(cc(cc1OC)Cl)C[NH2+]CCC[NH2+]CCO
dude_tryb1__L002870,Cc1cc(c(cc1OC)C)CN2CCc3nnc(n3CC2)[C@H](C(C)C)NC(=O)c4ccccn4
dude_tryb1__L002871,COc1cc(cc(c1)OC)NC(=O)[C@@H]2CCCN(C2)S(=O)(=O)c3ccc(cc3)n4cnnn4
dude_tryb1__L002872,CCOC(=O)Cc1csc(n1)NC(=O)CN(C)S(=O)(=O)c2ccc3c(c2)CCC(=O)N3
dude_tryb1__L002873,CN(C)c1ccc(cc1)/C=N/Nc2[nH]nc(n2)SCC(=O)Nc3ccccc3Oc4ccccc4
dude_tryb1__L002874,c1cc(c(cc1[C@H](CC(=O)N)[NH3+])[N+](=O)[O-])Sc2ccc(cn2)C(F)(F)F
dude_tryb1__L002875,CCN(CC)S(=O)(=O)c1ccc(cc1)/C=C/C(=O)Nc2ccc(cc2)N3C(=O)CCCC3=O
dude_tryb1__L002876,c1cc2nc(c(nc2cc1)/N=C/3\S[C@@H]4[C@@H](N3)CS(=O)(=O)C4)/N=C/5\S[C@H]6[C@@H](N5)CS(=O)(=O)C6
dude_tryb1__L002877,CC(C)Cn1c(c(c(=O)n(c1=O)C)C(=O)COC(=O)c2cccc(c2)S(=O)(=O)C)N
dude_tryb1__L002878,Cc1cc2cc(c(=O)[nH]c2cc1C)CN(CCN3CCOCC3)[C@@H](c4nnnn4C5CCCCC5)C(C)C
dude_tryb1__L002879,Cc1cc(c(cc1Nc2c(c(ncn2)NN3CC[NH+](CC3)C)N)Cl)[C@@H](C#N)c4ccc(cc4)Cl
dude_tryb1__L002880,CCOc1cc(cc(c1OCC)OCC)C(=O)NNC(=O)[C@@H](C)Oc2ccc(cc2C)Cl
dude_tryb1__L002881,CC(C)(CO)[C@H](C(=O)NCCC(=O)NCCSSCCNC(=O)CCNC(=O)[C@@H](C(C)(C)CO)O)O
dude_tryb1__L002882,C[C@@H](C(=O)Nc1ccc(cc1)NC(=O)C)Sc2nnc(n2CC=C)[C@H](CO)NC(=O)c3ccccc3F
dude_tryb1__L002883,Cc1cc2n([nH+]1)C[C@H](CN2)C[NH2+]C[C@H](Cc3ccc(cc3)F)CO
dude_tryb1__L002884,c1cc(c2c(c1NCCCCO)C(=O)c3c(ccc(c3C2=O)O)O)NCCCCO
dude_tryb1__L002885,CC(C)[NH+](Cc1[nH]c(=O)c2c(csc2n1)c3cccc(c3)OC)C[C@@H](COCC#C)O
dude_tryb1__L002886,c1ccc(cc1)OCCN2c3ccccc3N4[C@@H]2NN[C@@H]4SCC5[NH+]=c6ccccc6=[NH+]5
dude_tryb1__L002887,Cc1ccc2c(c1)[nH]c(n2)[C@@H](C)NC(=O)[C@H]3CN(CC34CC[NH2+]CC4)C(=O)c5cc(n(n5)C)C
dude_tryb1__L002888,COc1ccc2c(c1)[C@H](CC3(O2)CC[NH+](CC3)C[C@H](c4ccc5c(c4)CCCC5)O)O
dude_tryb1__L002889,CC[C@H]1C[C@H]([NH+](C1)C)C(=O)N[C@@H]([C@@H]2[C@@H]([C@@H]([C@@H]([C@@H](O2)SC)O)O)O)[C@@H](C)Cl
dude_tryb1__L002890,CC(=O)O[C@@H]1[C@H]([C@@H]([C@@H](O[C@@H]1Oc2c(=O)c3c(cc(cc3oc2c4ccc(cc4)O)O)O)CO)O)O
dude_tryb1__L002891,C[C@]12CCC(=O)C=C1CC[C@@H]3[C@H]2[C@H](C[C@]4([C@H]3CC[C@@]4(C(=O)COC(=O)CCC(=O)NC(C)(C)CO)O)C)O
dude_tryb1__L002892,CC[NH+]1CCN(CC1)c2nc(c3cnn(c3n2)c4ccccc4)Nc5c(c6c(s5)CCCC6)C(=O)N
dude_tryb1__L002893,COc1cc2cc(c(=O)[nH]c2cc1OC)[C@H](c3nnnn3C[C@@H]4CCCO4)N5CCc6ccccc6C5
dude_tryb1__L002894,CCC(CC)[C@@H](CNC(=O)C(=O)Nc1ccc(c(c1)C(=O)N)F)[NH+]2CCCC2
dude_tryb1__L002895,CCNc1nc(nc(n1)NCC)/C=N/NC2[NH+]=c3ccccc3=[NH+]2
dude_tryb1__L002896,Cc1c(cc(n1[C@@H](Cc2ccc(cc2)O)C(=O)NCC[NH+]3CCCC3)c4cccc(c4)C#N)C(=O)N
dude_tryb1__L002897,CC(C)Cn1c(c(c(=O)[nH]c1=O)N(CCOC)C(=O)CSc2ccc3c(c2)OCCO3)N
dude_tryb1__L002898,Cc1ccc(cc1)c2c(cn(n2)C)c3nnc(n3C)SCC(=O)Nc4ccc(cc4OC)OC
dude_tryb1__L002899,C[C@@H](c1ccco1)[NH2+]CC(=O)Nc2cc(ccc2N3CCCC3)S(=O)(=O)N4CCOCC4
dude_tryb1__L002900,CCCn1c(c(c(c(c1=O)C#N)C)/C=C\2/C(=O)N(C(=S)S2)CCC(=O)[O-])N3CC[NH+](CC3)CC
dude_tryb1__L002901,C[NH+](C)CCCNC(=S)N(Cc1ccc(cc1)OC)Cc2cc3cc(c(cc3[nH]c2=O)OC)OC
dude_tryb1__L002902,CCCCCCNC(=O)Cc1csc(n1)NC(=O)CN(CCC)C(=O)c2ccc(cc2)Cl
dude_tryb1__L002903,c1cc(cc(c1)[N+](=O)[O-])/C=N/Nc2nc(cs2)CSC(=[NH2+])N/N=C\c3cccc(c3)[N+](=O)[O-]
dude_tryb1__L002904,CC(C)S(=O)(=O)N(C(=O)[C@H]1CC(=C2[NH+]1Cc3ccccc3N2)S(=O)(=O)c4ccccc4)SC
dude_tryb1__L002905,COc1ccc(c(c1)Nc2c(c(nc(n2)NCC[NH+]3CCOCC3)N)[N+](=O)[O-])OC
dude_tryb1__L002906,CCCCN(c1c(n(c(=O)[nH]c1=O)CC(C)C)N)C(=O)C[NH+](C)[C@H](C)c2ccc(c(c2)F)F
dude_tryb1__L002907,Cc1c2c([nH]c1C(=O)NC[C@H](c3ccccc3Cl)[NH+]4CCCC4)CCCC2=O
dude_tryb1__L002908,Cc1cc(cc(c1)OCC(=O)NNC(=S)NC(=O)c2cccc(c2)OCCC(C)C)C
dude_tryb1__L002909,C1[C@H](C=CS1(=O)=O)NC(=S)OC/C=C/COC(=S)N[C@@H]2CS(=O)(=O)C=C2
dude_tryb1__L002910,c1ccc(c(c1)N2CC[NH+](CC2)[C@H](CNC(=O)C(=O)NCCN3CCOCC3)c4ccco4)F
dude_tryb1__L002911,c1cc(cc(c1)[N+](=O)[O-])/C=C\2/C(=O)c3ccc(c(c3O2)C[NH+]4CCN(CC4)CCO)O
dude_tryb1__L002912,C[C@]12CCCC(=C)[C@@H]1C[C@H]3[C@@H](C2)OC(=O)[C@@H]3C[NH2+]CCC[NH+](CCO)CCO
dude_tryb1__L002913,Cc1c(sc2c1c3nnc(n3c4n2c(nn4)SCC(=O)N)SCC(=O)N)C
dude_tryb1__L002914,Cc1ccc(cc1)[C@H](C(=O)NC(C)(C)C)N(Cc2cccs2)C(=O)c3c(c(ns3)C(=O)N)N
dude_tryb1__L002915,CC(C)(CC1=NC=CC1)[C@H]2c3cc(ccc3NC2=O)c4cc(cnc4)OC[C@H](CC5=c6ccccc6=[NH+]C5)[NH3+]
dude_tryb1__L002916,CCn1cc(c(n1)C(=O)NCc2ccco2)NS(=O)(=O)c3c(nn(c3C)C(F)F)C
dude_tryb1__L002917,COc1cc(ccc1O)c2cc(=O)c3c(o2)cc(c(c3O)OC)O[C@H]4[C@H]([C@@H]([C@@H]([C@@H](O4)CO)O)O)O
dude_tryb1__L002918,C1[C@H]([C@H]([C@@H]([C@@H]([NH+]1CCCCCCCCCCCC[NH3+])CO)O)O)O
dude_tryb1__L002919,c1cc(oc1C(=O)OCC(=O)N([C@@H]2CCS(=O)(=O)C2)C3CCCCC3)S(=O)(=O)NC4CC4
dude_tryb1__L002920,CCN1c2c(c[nH+]c(c2N[C@@H]1c3c(non3)N)c4ccccc4)OCCCC[NH2+]CCc5[nH]ccn5
dude_tryb1__L002921,CC(=O)NNC(=S)N/C=C\1/C(=O)c2ccccc2OC1=O
dude_tryb1__L002922,C[C@H]1OC[C@@H]2[C@@H](O1)[C@@H]([C@H]([C@@H](O2)O[C@@H]3c4cc5c(cc4[C@H]([C@@H]6[C@@H]3COC6=O)c7cc(c(c(c7)OC)O)OC)OCO5)O)O
dude_tryb1__L002923,Cc1ccc(cc1C)c2csc3c2c(=O)[nH]c(n3)C[NH+](CCCOC)C[C@H](COCC(C)C)O
dude_tryb1__L002924,Cc1c(ccc2c1NC(=O)[C@@]23[C@@H]4[C@@H]([C@@H]([NH2+]3)CCC(=O)N)C(=O)N(C4=O)c5cccc(c5)[N+](=O)[O-])Cl
dude_tryb1__L002925,CCc1ccc2c(c1)cc(c(=O)[nH]2)[C@H](c3nnnn3CCOC)N(Cc4ccc(cc4)F)Cc5ccco5
dude_tryb1__L002926,Cc1c(sc(=O)[nH]1)S(=O)(=O)N2CCN(CC2)c3ccc(cn3)S(=O)(=O)N4CCOCC4
dude_tryb1__L002927,Cc1ccc2c(n1)cccc2Nc3c(c(nc[nH+]3)N(Cc4ccccc4)c5ccccn5)N
dude_tryb1__L002928,Cc1c2c(cc(nc2n(n1)[C@@H]3CCS(=O)(=O)C3)c4ccco4)C(=O)NCCN5CCOCC5
dude_tryb1__L002929,CCC[NH+]1CCc2c(sc(c2C(=O)N)NC(=O)[C@@H]3CC(=O)N(C3)c4ccc(cc4)F)C1
dude_tryb1__L002930,CCOC(=O)C1=C(NC(=O)N[C@@H]1c2ccccc2)C[NH2+][C@@H](C)c3ccc(cc3)Cl
dude_tryb1__L002931,COCCC(=O)N[C@@H]1c2cc(c[nH+]c2N([C@@H]1C(=O)OC)CCC3=c4ccccc4=[NH+]C3)NCc5ccncc5
dude_tryb1__L002932,Cc1cc(c(o1)C)[C@H](C)NC(=O)CCc2nc3cc(ccc3n2C)S(=O)(=O)N4CCOCC4
dude_tryb1__L002933,Cc1cccc2c1[nH]c(=O)c(c2)CN(CCc3ccc(c(c3)OC)OC)Cc4nnnn4Cc5ccco5
dude_tryb1__L002934,c1cc(c(cc1CCCC[C@H](CCc2ccc(c(c2)O)O)O[C@H]3[C@@H]([C@H]([C@@H](CO3)O)O)O)O)O
dude_tryb1__L002935,c1cc(ccc1[C@H](CNC(=O)CCSCC2=NC(=O)C3=C4CCC[C@H]4SC3=N2)N5CCOCC5)F
dude_tryb1__L002936,CCC[C@]1(CCC[NH2+]C1)C(=O)N[C@@H](CC(=O)N)C(=O)[O-]
dude_tryb1__L002937,CCOc1ccc(cc1OC)[C@H]2C(=C(C(=O)N2CC[NH+](C)C)[O-])C(=O)c3c(nc(s3)C)C
dude_tryb1__L002938,CC(C)(C)CC(C)(C)NC(=O)[C@H](c1c(cc(cc1O)O)O)N(C(=O)c2cccc(c2)[N+](=O)[O-])C(C)(C)C
dude_tryb1__L002939,Cc1c2c(=O)[nH]c(nc2sc1C(=O)OCC=C)C[NH+](C[C@H](COCC(C)C)O)CC(C)C
dude_tryb1__L002940,c1ccc2c(c1)C(=O)N([C@@H](N2)SC/C(=N/c3[nH]ncn3)/[O-])CCCN4CCCC4=O
dude_tryb1__L002941,COP(=O)(C1(CCOCC1)NCCNC2(CCOCC2)P(=O)(OC)OC)OC
dude_tryb1__L002942,Cc1cc(c(c(c1)C)NS(=O)(=O)c2ccc(cc2)NC(=S)Nc3ccc(cc3)S(=O)(=O)N)C
dude_tryb1__L002943,CCc1c(c(n(n1)c2ccccc2)Oc3cccc(c3)OC)C[NH+](CCOC)C[C@@H](COCC=C)O
dude_tryb1__L002944,CCOC(=O)C1=C(N=C2N([C@@H]1c3cccc(c3OC)OC)C(=CS2)/C=C(/NCC[NH+](C)C)\[O-])C
dude_tryb1__L002945,c1ccc(c(c1)CNC(=O)C2CCN(CC2)S(=O)(=O)[C@@H]3C=C[C@@H](O3)[C@@H]4C=CN=N4)C(F)(F)F
dude_tryb1__L002946,c1ccc(cc1)C(=O)N/C(=C/c2ccc3c(c2)OCO3)/C(=O)N[C@@H](CC4=c5ccccc5=[NH+]C4)C(=O)[O-]
dude_tryb1__L002947,COc1cccc(c1)NC(=O)c\2cc3ccc(cc3o/c2=[NH+]\c4ccc(cc4)S(=O)(=O)N)O
dude_tryb1__L002948,Cc1c2c(=O)[nH]c(nc2sc1C(=O)OC(C)C)C[NH+](C[C@@H](COc3ccc(cc3)OC)O)C4CC4
dude_tryb1__L002949,CCCC[n+]1c(c(cc2c1nc3c(cccn3c2=O)C)C(=O)Nc4c(c5c(s4)CCCC5)C(=O)OC)N
dude_tryb1__L002950,COC1=C[C@@H]2C[C@@H]3CO[P@@](=O)(NN3C[C@@H]2C=C1S(=O)(=O)c4ccccc4)OC
dude_tryb1__L002951,CCc1ccc(cc1)[C@@H](CNC(=O)CCCC[C@H]2[C@@H]3[C@H](CS2)NC(=O)N3)[NH+](C)C
dude_tryb1__L002952,CC(=O)NC1=NN([C@@](S1)(C)CS(=O)(=O)c2ccc(cc2)Br)C(=O)C
dude_tryb1__L002953,CCCCCn1c(=O)c2ccccc2c(n1)C(=O)NNC(=O)c3cncn3c4ccc(cc4)F
dude_tryb1__L002954,CCCCNC(=O)[C@H](c1ccc(c(c1)OC)OC)N(Cc2ccc(o2)C)C(=O)[C@@H]3CCC(=O)N3
dude_tryb1__L002955,Cn1c2c(c(c([nH]2)c3ccccc3)c4c(n(c(=O)n(c4=O)C)C)n5cccc5)c(=O)n(c1=O)C
dude_tryb1__L002956,CCN(c1ccc(cc1)/C=N/NC(=O)CCCCC(=O)N/N=C/c2ccc(cc2)N(CC)CC)CC
dude_tryb1__L002957,Cc1ccc(cc1)S(=O)(=O)c2c(sc(n2)S(=O)(=O)C)N[C@H]3CCS(=O)(=O)C3
dude_tryb1__L002958,Cc1cc(ccc1Br)N(CC(=O)N[C@H](C)c2ccc(cc2)S(=O)(=O)C)S(=O)(=O)C
dude_tryb1__L002959,CCCCCN(CC(=O)Nc1cc(nn1c2ccc(cc2)F)c3ccccc3)C(=O)Nc4cccc(c4)OC
dude_tryb1__L002960,CC(C)NC(=O)C(=O)NNC(=O)C1CCN(CC1)S(=O)(=O)c2cccc(c2)OC(F)(F)F
dude_tryb1__L002961,CC(=C)CNC(=S)NNc1ccc(cc1[N+](=O)[O-])S(=O)(=O)N
dude_tryb1__L002962,C[C@@H](c1ccco1)NC(=O)c2c(cc(=O)n3c2CCN(CC3)C(=O)c4ccnc(c4)Cl)OC
dude_tryb1__L002963,CC(C)(CNC(=O)C(=O)Nc1ccc(c(c1)Cl)C(=O)N)[NH+]2CCCCC2
dude_tryb1__L002964,CC(=O)N[C@@H](CC1=c2ccccc2=[NH+]C1)C(=O)OCC(=O)Nc3ccc(c(c3)S(=O)(=O)N(C)C)Cl
dude_tryb1__L002965,[H]/N=C\1/C(=C/c2ccc(c(c2)OC)OCCOc3ccccc3)/C(=O)N=C4N1N=C(S4)CCCC
dude_tryb1__L002966,CCn1c2ccc(cc2nc1CCC(=O)N[C@@H](C(C)C)C(=O)N3CCCC3)S(=O)(=O)N
dude_tryb1__L002967,CCCC[C@@H](C)C(=O)N1C[C@H](C2(C1)CC[NH2+]CC2)C(=O)N[C@@H](C)c3ccc(cc3)Br
dude_tryb1__L002968,Cc1ccc(cc1)S(=O)(=O)CNC(=O)[C@@H](c2ccc3c(c2)OCO3)N(C)C(=O)c4ccc(cc4)F
dude_tryb1__L002969,Cc1ccc(o1)CN([C@@H](c2ccc(c(c2)OC)OC)C(=O)NC(C)(C)CC(C)(C)C)C(=O)c3ccccc3O
dude_tryb1__L002970,CCCOc1ccc(cc1)c2cc([nH]n2)C3=NN([C@@H](O3)c4cc(ccc4OC)OC)C(=O)C
dude_tryb1__L002971,CCc1ccccc1N([C@H](c2ccc(cc2)OC)C(=O)NCCOC)C(=O)c3c(c(ns3)C(=O)N)N
dude_tryb1__L002972,c1ccc(c(c1)CNC(=O)C2CCN(CC2)S(=O)(=O)[C@H]3C=C[C@@H](O3)[C@@H]4C=CN=N4)C(F)(F)F
dude_tryb1__L002973,CC(C)S(=O)(=O)[P@]1(=O)NN2C[C@@H]3C=C(C(=C[C@@H]3C[C@@H]2CO1)Br)OC
dude_tryb1__L002974,CCOc1ccccc1[C@@H]2C3=C(CCCC3=O)Nc4n2nc(n4)c5cc(c(c(c5)OC)OC)OC
dude_tryb1__L002975,CC(C)S(=O)(=O)N(C(=O)[C@@H]1CC(=C2[NH+]1Cc3ccccc3N2)OC)I
dude_tryb1__L002976,COCC/[NH+]=C(/N)\NC[C@@H](c1c(cccc1Cl)F)[NH+]2CCCC2
dude_tryb1__L002977,CC(C)N(Cc1cccs1)C(=O)CN(C)S(=O)(=O)c2cc3c(cc2Cl)NC(=O)CO3
dude_tryb1__L002978,CCc1c(c(n(n1)c2ccccc2)Oc3ccccc3OC)C[NH+](CC4CC4)C[C@@H](COC(C)C)O
dude_tryb1__L002979,CCCCNc1ccc(cc1NCc2nc(no2)c3ccccc3C)S(=O)(=O)N(CC)CC
dude_tryb1__L002980,c1nc(c2c(n1)n(cn2)[C@H]3[C@H]([C@@H]([C@@H](O3)CO)O)O)NCCCC[NH3+]
dude_tryb1__L002981,C[C@@H]1CN(CC[NH2+]1)c2cc3c(cc2[N+](=O)[O-])c(=O)c(cn3c4ccc(cc4)[N+](=O)[O-])C(=O)[O-]
dude_tryb1__L002982,C[C@H](C[C@H](C(C)C)O)O[C@H]1[C@@H]([C@H]([C@@H]([C@H](O1)CO[C@H]2[C@@H]([C@](CO2)(CO)O)O)O)O)O
dude_tryb1__L002983,CCCCn1c(c(c(=O)[nH]c1=O)N(CC)CC(=O)N(C)Cc2ccc(o2)c3ccc(cc3)Cl)N
dude_tryb1__L002984,COc1cc(cc(c1OC)OC)[C@H]([C@H]2[C@H](COC2=O)C3(SCCCS3)c4ccc5c(c4)OCO5)O
dude_tryb1__L002985,CC(=O)c1ccc(cc1)NC(=O)c2c(c3cc4cc(c(cc4[nH+]c3s2)OC)OC)N
dude_tryb1__L002986,Cc1cccc(c1)[C@H](CC(=O)NC[C@@H](c2cccs2)[NH+](C)C)NC(=O)N
dude_tryb1__L002987,CCOC(=O)[C@H]1[C@@H](NC(=NC1=O)N2CCN(CC2)c3ccc(cc3)OC)c4ccc(cc4)C
dude_tryb1__L002988,CCOc1ccc(cc1)[C@@H](Cn2c3ccccc3n(c2=[NH2+])CC[NH+]4CCCCC4)O
dude_tryb1__L002989,Cc1ncc(c(n1)N)CN(C=O)/C(=C(\CCOC(=O)c2ccccc2)/SC(=O)c3ccccc3)/C
dude_tryb1__L002990,c1ccn2c(c1)nc(c(c2=O)/C=C(\C#N)/C(=O)NC[C@@H]3CCCO3)N4CCC(CC4)C(=O)N
dude_tryb1__L002991,c1cc2c(cc1OCC#N)c(c[nH]2)[C@H](C(=O)[O-])[NH+]3CCN(CC3)[C@H]4CCS(=O)(=O)C4
dude_tryb1__L002992,CC(C)c1ccc(cc1)n2c(nnn2)SCC(=O)N(C)Cc3cc(=O)[nH]c4c3cccc4
dude_tryb1__L002993,C1CS(=O)(=O)C[C@@H]1NC(=S)OCCCCOC(=S)N[C@H]2CCS(=O)(=O)C2
dude_tryb1__L002994,CCCC[NH+](CCCC)CC[C@@](C)(C(=O)N)[NH2+]CCC
dude_tryb1__L002995,CCCCn1c(c(c(=O)[nH]c1=O)N(CC)CC(=O)Nc2ccc(cc2)/C=C/C(=O)OCC)N
dude_tryb1__L002996,CC[NH2+][C@](C)(CCC[NH+](CCOC)CCOC)C(=O)N
dude_tryb1__L002997,CC[NH+](CC)[C@H](CNC(=O)NNC(=O)C(=O)NC1CC1)c2ccccc2Cl
dude_tryb1__L002998,c1cc(oc1)CNc2ccn(c(=O)n2)[C@@H]3[C@H]([C@@H]([C@@H](O3)CO)O)O
dude_tryb1__L002999,CSCC[C@]1([C@H]2[C@@H]([C@@H]([NH2+]1)c3cccc(c3)C(F)(F)F)C(=O)N(C2=O)Cc4ccccn4)C(=O)[O-]
dude_tryb1__L003000,CS(=O)(=O)NCCCNC(=O)NCC[NH+]1CCN(CC1)c2ncccn2
dude_tryb1__L003001,c1cc2c(cc1S(=O)(=O)N(CCO)Cc3cc4cc5c(cc4[nH]c3=O)OCO5)OCCO2
dude_tryb1__L003002,COc1ccc(cc1)c2cc3c4nnc(n4ccn3n2)SCC(=O)Nc5ccc(cc5)OC
dude_tryb1__L003003,C[C@H](C[NH2+]CC[NH2+]Cc1cccc(c1OCc2ccccc2Cl)OC)O
dude_tryb1__L003004,C[C@H]1c2cccc(c2C(=O)C3=C([C@]4([C@@H]([C@@H]([C@@H]13)O)[C@@H](C(=O)C(=C4O)C(=O)N)[NH+](C)C)O)O)O
dude_tryb1__L003005,Cc1c[nH+]c(c(c1OC)C)CN2CC(=O)N(c3c2nc(nc3Cl)N)[C@H](C)C(=O)NCC[NH+](C)C
dude_tryb1__L003006,CC(C)Cn1c(c(c(=O)[nH]c1=O)N(CCOC)C(=O)CSc2nnc(n2C)C(F)(F)F)N
dude_tryb1__L003007,C[C@H](c1ccccc1)NC(=S)N(CCC[NH+]2CCOCC2)Cc3cc4cc5c(cc4[nH]c3=O)OCCO5
dude_tryb1__L003008,C=CCc1cccc(c1O)/C=N/Nc2[nH]nc(n2)SCCC(=O)Nc3cccc(c3)Br
dude_tryb1__L003009,c1csc2n1c(c(n2)N)S(=O)(=O)N3CCC[C@H](C3)CO
dude_tryb1__L003010,CCc1c(c(n(n1)c2ccccc2)Oc3ccccc3)C[NH+](Cc4ccccc4)C[C@H](COCC)O
dude_tryb1__L003011,c1ccc(c(c1)[C@H]2[C@@H]3[C@H](C(=O)N(C3=O)c4ccccc4[N+](=O)[O-])[C@]([NH2+]2)(CC(=O)N)C(=O)[O-])O
dude_tryb1__L003012,C[C@@H](CN1CCCC1=O)NC(=O)NC[C@@H](C(F)(F)F)O
dude_tryb1__L003013,Cc1c(cnn1[C@H]2CCS(=O)(=O)C2)C(=O)Nc3ccc(cc3)C(=O)c4nccn4C
dude_tryb1__L003014,[H]/N=C\1/C(=C\c2ccc(c(c2)OC)OCCOc3ccc(cc3)NC(=O)C)/C(=O)N=C4N1N=C(S4)CC
dude_tryb1__L003015,CCC1=C(C(=Nc2ccccc2N1)NS(=O)(=O)c3ccc4c(c3)OCCO4)C(=O)OCC
dude_tryb1__L003016,Cn1cccc1[C@H](CNC(=O)C(=O)Nc2ccc3c(c2)N(CCC3)S(=O)(=O)C)N4CCOCC4
dude_tryb1__L003017,CSc1c2c(ncn1)n(cn2)NC[C@H]([C@H](CO)O)O
dude_tryb1__L003018,CCOc1cc(ccc1O)/C=N/NC(=O)CN(C)S(=O)(=O)c2ccc(cc2)NC(=O)C
dude_tryb1__L003019,[H]/N=C\1/C(=C\c2ccc(c(c2)OC)OCc3ccc(cc3)C)/C(=O)N=C4N1N=C(S4)S(=O)(=O)C
dude_tryb1__L003020,C[C@H]1CN(C[C@@H](O1)C)S(=O)(=O)c2ccc(cc2)C(=O)Nc3c(c4c(s3)C[NH+](CC4)C)C(=O)NC
dude_tryb1__L003021,CC1=NN[C@H](S1)SCc2cc(=O)[nH]c(n2)NC(=[NH2+])Nc3ccc(cc3)OC
dude_tryb1__L003022,Cc1ccccc1c2csc3c2c(=O)[nH]c(n3)C[NH+](CCCOC)C[C@@H](COc4ccccc4C)O
dude_tryb1__L003023,CC[NH+](CC)CCNC(=O)c1ccc2c(c1)[C@H]3C=CC[C@@H]3[C@H](N2)c4cc(cc(c4O)Cl)Cl
dude_tryb1__L003024,O=C(NCc1ccccc1)Nc4ccc(C(=O)OCN3C(=O)c2ccccc2S3(=O)=O)cc4
dude_tryb1__L003025,CCc1cccc2=C(C[NH+]=c12)C(=O)CS[C@@H]3NN[C@@H]([NH+]3CCC(=O)[O-])c4ccc(cc4)C
dude_tryb1__L003026,CCc1c(c(n[nH]1)C(=O)N(CCO)[C@H]2CCS(=O)(=O)C2)N
dude_tryb1__L003027,C[C@@H](c1ccc(cc1OC)OC)[NH2+][C@H](C)C(=O)Nc2ccc(cc2)C(=O)N
dude_tryb1__L003028,CC1CC[NH+](CC1)C[C@H](CNC(=O)Nc2cc(c(cc2F)F)NC(=O)C)O
dude_tryb1__L003029,CC[C@H](c1ccc(cc1)S(=O)(=O)C)NC(=O)[C@H]2CN(c3cc(ccc3O2)C)S(=O)(=O)C
dude_tryb1__L003030,Cc1ccc(cc1C)S(=O)(=O)[C@@H](CNC(=O)C(=O)NCCCn2ccnc2)c3ccco3
dude_tryb1__L003031,Cc1ccc2c(c1)cc(c(=O)[nH]2)CN(Cc3ccco3)C(=S)NCCC[NH+]4CCOCC4
dude_tryb1__L003032,COc1cc(cc(c1OC)OC)[C@@H]2c3c(n[nH]c3C(=O)N2[C@H]4CCS(=O)(=O)C4)c5ccccc5O
dude_tryb1__L003033,CC(C)c1c(c(n([nH+]1)C)N(C)C)CNC[C@H](C[NH+]2CCCCC2)O
dude_tryb1__L003034,CCc1cccc2=C(C[NH+]=c12)C(=O)CS[C@H]3NN[C@H]([NH+]3CC(=O)[O-])c4cccc(c4)C
dude_tryb1__L003035,COc1ccc(c(c1)OC)/C=N/Nc2[nH]nc(n2)SCC(=O)Nc3cc(c(c(c3)OC)OC)OC
dude_tryb1__L003036,Cc1ccc(cc1)NC(=O)NC(=O)C[NH+](C)CC(=O)Nc2ccc(cc2C)Br
dude_tryb1__L003037,CCc1nnc(s1)NC(=O)[C@@H](C)Sc2nnc(n2CC)[C@H](C)NC(=O)Cc3ccc(cc3)OC
dude_tryb1__L003038,Cc1c(c(n(n1)CC(=O)N(c2ccccc2)[C@@H]3CCS(=O)(=O)C3)C)S(=O)(=O)N4CCOCC4
dude_tryb1__L003039,CCOC(=O)[C@H]1[C@@H](NC(=NC1=O)N2CCN(CC2)c3ncccn3)c4cc(c(c(c4)OC)OC)OC
dude_tryb1__L003040,CC/C=C\C/C=C\C/C=C\CCCCCCCC(=O)OC[C@H](CO[C@H]1[C@@H]([C@@H]([C@@H]([C@@H](O1)CO)O)O)O)O
dude_tryb1__L003041,COc1cc2c(cc1OC)[C@H]([NH+](CC2)CC(=O)c3c(n(c(=O)[nH]c3=O)C4CC4)N)c5cccs5
dude_tryb1__L003042,CC(C)[NH+](CCNC(=O)C(=O)Nc1ccc(c(c1)C(=O)N)F)C(C)C
dude_tryb1__L003043,C[C@@H](C(=O)NC1(CCCCC1)C#N)[NH+](C)CC(=O)Nc2ccc(c(c2)C(F)(F)F)Cl
dude_tryb1__L003044,CCS(=O)(=O)N1CCC(CC1)C(=O)Nc2nc(cs2)c3ccc(cc3)N(C)S(=O)(=O)C
dude_tryb1__L003045,C[C@H]([C@@H](c1cccs1)[NH+]2CCCC2)NC(=S)Nc3ccccc3Cl
dude_tryb1__L003046,Cc1ccc(cc1)S(=O)(=O)Cn2c(nnn2)[C@H](c3ccc(cc3)F)[NH+]4CCC(CC4)C(=O)N
dude_tryb1__L003047,CN(CC(=O)OCC(=O)NC(=O)NC12CC3CC(C1)CC(C3)C2)S(=O)(=O)c4ccc(cc4)F
dude_tryb1__L003048,c1cc(ccc1c2ccc(cc2)N[C@@H]3C[C@@H]([C@@H](O3)CO)O)N[C@@H]4C[C@H]([C@@H](O4)CO)O
dude_tryb1__L003049,COc1cc(cc(c1OCc2ccc3ccccc3c2)CC=C)/C=N\NC(=O)CC[C@H](c4ccccc4)O
dude_tryb1__L003050,CCOc1ccc(cc1)NC(=S)N2[C@@H](Cc3c([nH+]c[nH]3)[C@H]2c4cc(c(cc4OC)OC)OC)C(=O)[O-]
dude_tryb1__L003051,CC[C@H](C)c1ccccc1OCC(=O)NNC(=S)NC(=O)c2cccc(c2)O[C@@H](C)CC
dude_tryb1__L003052,COC(=O)[C@H]1[C@H](CC[C@@H]2[C@@H]1C[C@@H]3c4c(c5ccccc5[nH]4)CC[NH+]3C2)OS(=O)(=O)[O-]
dude_tryb1__L003053,CC(C)[C@H](c1nnnn1C(C)(C)C)N(Cc2ccc(cc2)F)Cc3cc4cc5c(cc4[nH]c3=O)OCCO5
dude_tryb1__L003054,NCCCC[C@@H]3[C@@H](C(O)=O)N(C(=O)N2CCN(C(=O)CCCCCc1ccccc1)CC2)C3=O
dude_tryb1__L003055,c1cc(c(cc1Cl)F)NC(=O)CSc2nc([nH]n2)N/N=C/c3cc(ccc3O)Br
dude_tryb1__L003056,COc1cccc(c1OC)CNC(=O)CSc2nc([nH]n2)N/N=C/c3cccc(c3)Oc4ccccc4
dude_tryb1__L003057,CC1CC[NH+](CC1)C[C@H](CNC(=O)NCCNc2c(cccn2)C#N)O
dude_tryb1__L003058,c1ccc2=[NH+]CC(=c2c1)CCNC(=O)[C@H]3N[C@H](NO3)CC(=O)Nc4ccc(cc4F)F
dude_tryb1__L003059,C/C/1=C/CC/C(=C\[C@@H]2[C@@H]([C@H](C1)OC(=O)C(=C)[C@@H](CO)O)[C@@H](C(=O)O2)C[NH+]3CCC[C@@H]3C(=O)[O-])/CO
dude_tryb1__L003060,C[C@@H]1C[C@H](CN(C1)c2nnc(n2Cc3ccco3)SC[C@@H]4CNC(=NO4)c5ccccc5)C
dude_tryb1__L003061,O=C(Cc1ccccc1)NCc4ccc(C(=O)OCN3C(=O)c2ccccc2S3(=O)=O)cc4
dude_tryb1__L003062,COc1cc(ccc1O)[C@@H]2[C@@H]3CCCC[C@@]3(CC[NH+]2CC(=O)Nc4c(c5c(s4)CCCC5)C(=O)OC)O
dude_tryb1__L003063,OC(=O)[C@@H]2[C@@H](CC1CCNCC1)C(=O)N2C(=O)N4CCN(C(=O)[C@@H]3CCC(=O)N3)CC4
dude_tryb1__L003064,CC(C)C[C@@H](C(=O)N)[NH2+]C[C@@H]([C@H](Cc1ccccc1)NC(=O)[C@H](C(C)C)NC(=O)c2ccccn2)O
dude_tryb1__L003065,CC[C@]1(C(=O)N(C(=O)N1)NC(=O)CSc2nnc(n2CC)c3ccccc3)c4ccccc4
dude_tryb1__L003066,Cc1c\2c(oc1C(=O)N(C)C3CC[NH+](CC3)C)CC(C/C2=N\NC(=[NH2+])N)(C)C
dude_tryb1__L003067,C[C@@H]1C[C@H]2[C@@H]([C@H](C(=O)O2)CN3CCOCC3)[C@@H]([C@@]4([C@H]1[C@H](C[C@@H]4OC(=O)C)OC(=O)C)C)O
dude_tryb1__L003068,Cc1ccc(cc1)CN2CCCn3c(cc(n3)C(=O)N[C@H](C)C(=O)NCCN4CCOCC4)C2=O
dude_tryb1__L003069,CC(C)(CO)[NH2+]CC(=O)NCCCNc1ccc(cc1[N+](=O)[O-])C(F)(F)F
dude_tryb1__L003070,C[C@H]1CN(C[C@@H](O1)C)C(C)(C)CNC(=O)CCn2cnc3c2c(=O)n(c(=O)n3C)C
dude_tryb1__L003071,Cc1nnc(s1)SCCCn2c3c(=O)[nH]c(=O)n(c3nc2N4CCc5ccccc5C4)C
dude_tryb1__L003072,Cc1ccc(cc1)S(=O)(=O)CNC(=O)[C@@H](c2cccc(c2)O)N(Cc3ccc(o3)C)C(=O)COC
dude_tryb1__L003073,CCOc1cc(ccc1O)[C@@H]2C(=C(C(=O)N2CCC[NH+](C)C)[O-])C(=O)c3ccc(c(c3)C)OC(C)C
dude_tryb1__L003074,COc1cc(ccc1OCC#N)/C=C/C(=O)Nc2cccc(c2)S(=O)(=O)/N=C\3/CCCCCN3
dude_tryb1__L003075,Cc1ccc2cc(c(=O)[nH]c2c1C)[C@@H](c3nnnn3Cc4ccc(cc4)F)N5CCC(CC5)O
dude_tryb1__L003076,c1cc(c(cc1[N+](=O)[O-])[N+](=O)[O-])O[C@@H]2[C@@H]([C@@H]([C@@H]([C@@H](O2)CO)O[C@@H]3[C@@H]([C@@H]([C@@H]([C@@H](O3)CO)O)O)O)O)F
dude_tryb1__L003077,Cc1cc(n(n1)c2cc(ncn2)N3CCC(CC3)C(=O)N[C@@H](C)c4ccc(c(c4)OC)OC)C
dude_tryb1__L003078,C[NH+]1CCN(CC1)c2nc3c(=O)[nH]c(nc3n2[C@@H]4[C@H]([C@@H]([C@H](O4)CO)O)O)N
dude_tryb1__L003079,CCC[NH2+][C@](C)(CCC[NH+]1CCC[C@@H]([C@@H]1C)C)C(=O)N
dude_tryb1__L003080,C[C@@H](C(=O)N/N=C/c1cnn(c1)CC=C)Sc2nnc(n2CC=C)CNc3ccc(cc3)Cl
dude_tryb1__L003081,NC(=N)NCCC[C@@H]3[C@@H](C(O)=O)N(C(=O)c2ccc(c1ccccc1)cc2)C3=O
dude_tryb1__L003082,CN1CCN(CC1)S(=O)(=O)c2ccc(c(c2)[N+](=O)[O-])NCc3cccc(c3)C(F)(F)F
dude_tryb1__L003083,C[n+]1c(c(cc2c1nc3ccccn3c2=O)/C(=N/c4nnc(s4)SCc5ccccc5F)/[O-])N
dude_tryb1__L003084,c1ccc(cc1)N2CC[NH+](CC2)Cc3ccccc3CNC(=O)[C@H]4CC(=O)Nc5c4ccc(c5)F
dude_tryb1__L003085,c1ccc2=[NH+]CC(=c2c1)[C@H](C[NH2+]C[C@H](COCc3ccc4c(c3)OCO4)O)c5ccccc5Cl
dude_tryb1__L003086,COc1cc(ccc1O)/C=C/CO[C@H]2[C@@H]([C@H]([C@@H]([C@H](O2)CO)O)O)O
dude_tryb1__L003087,CCN(CC)C(=O)CSc1nnc(n1N)S[C@@H](C)C(=O)Nc2cc(on2)C
dude_tryb1__L003088,CC(C)Cn1c(c(c(=O)[nH]c1=O)N(CCOC)C(=O)c2ccc(cc2)N3C(=O)CCC3=O)N
dude_tryb1__L003089,COCC[NH+](Cc1[nH]c(=O)c2c(csc2n1)c3cccc(c3)Cl)C[C@H](COCC=C)O
dude_tryb1__L003090,Cc1ccc(cc1)S(=O)(=O)N[C@H](CC(=O)N2CCC3(CC2)OCCO3)c4ccc(cc4)OC
dude_tryb1__L003091,CCc1nnc(s1)NC(=O)CSc2nnc(n2CC)CC(=O)Nc3cccc(c3)C(F)(F)F
dude_tryb1__L003092,CCCCN(c1c(n(c(=O)[nH]c1=O)CC(C)C)N)C(=O)C[NH+](C)[C@@H](C)c2ccc(c(c2)F)F
dude_tryb1__L003093,CCCOc1ccccc1/C=C/C(=O)NC[C@@H](c2cccnc2)S(=O)(=O)c3ccc4c(c3)OCCO4
dude_tryb1__L003094,Cn1c2ccc(cc2oc1=O)[C@H](c3ccc(cc3)I)[NH3+]
dude_tryb1__L003095,CCCCCOc1ccc(cc1OC)[C@@H]2c3c(n[nH]c3C(=O)N2CCCO)c4c(cc(cc4O)C)C
dude_tryb1__L003096,c1cc(c(cc1C(F)(F)F)Nc2c(c(ncn2)NCC[NH+]3CCCCC3)N)Cl
dude_tryb1__L003097,CC(=O)N[C@H]1[C@H]([C@@H]([C@@H](O[C@H]1OC(=O)c2ccc(o2)Br)COC(=O)C)OC(=O)C)OC(=O)C
dude_tryb1__L003098,NC(=N)Nc5ccc(CNC(=O)N4CCN(C(=O)NC3CCC(c1ccccc1)(c2ccccc2)CC3)CC4)cc5
dude_tryb1__L003099,CCOc1cc(ccc1O)/C=N/NC(=O)[C@@H]([C@@H]([C@@H]([C@@H](CO)O)O)O)O
dude_tryb1__L003100,Cc1nc(no1)C2(CCCC2)[NH2+]CC(=O)Nc3ccccc3SCC(=O)N
dude_tryb1__L003101,COc1ccc(cc1)CCN2C(=O)/C(=C/c3c(nc4ccccn4c3=O)NCCO)/SC2=S
dude_tryb1__L003102,C[C@@H](C(=O)NC(=O)NC12CC3CC(C1)CC(C3)C2)[NH+](C)CC(=O)Nc4ccc(cc4)OC(F)(F)F
dude_tryb1__L003103,CCN(CC)S(=O)(=O)c1ccc(cc1)N2C[C@H](CC2=O)C(=O)N[C@]3(CCS(=O)(=O)C3)C
dude_tryb1__L003104,Cc1ccccc1[C@@H](CNc2c3c(ncn2)n(cn3)[C@H]4[C@@H]([C@H]([C@H](O4)CO)O)O)c5cc(cc(c5)OC)OC
dude_tryb1__L003105,c1cc(ccc1CSc2c3c4c(ncnc4n(c3ncn2)[C@@H]5[C@H]([C@@H]([C@@H](O5)CO)O)O)N)[N+](=O)[O-]
dude_tryb1__L003106,O=C(CCCCCNC(=O)OCc1ccccc1)OCN3C(=O)c2ccccc2S3(=O)=O
dude_tryb1__L003107,CC[NH+](CC)[C@H](CNC(=O)Nc1ccc(c(c1)C(=O)N)C)c2ccsc2
dude_tryb1__L003108,CCc1cc(c(s1)NC(=O)CNc2cccc(c2)S(=O)(=O)NC(C)(C)C)C(=O)OCC
dude_tryb1__L003109,c1ccc(c(c1)C(=O)N)NCc2c(nnn2c3c(non3)N)C(=O)N/N=C/c4ccc(cc4)Cl
dude_tryb1__L003110,CC[C@H](c1cc(ccc1O)Br)[NH2+]CC(C)(C)C[NH+](C)C
dude_tryb1__L003111,c1cc(ccc1S(=O)(=O)N2CCOC23CCN(CC3)C(=O)CN4C(=O)CCC4=O)Cl
dude_tryb1__L003112,CC[C@H]([C@@H](c1cc(cs1)Br)[NH+](CC(=O)N)C2CCCC2)[NH3+]
dude_tryb1__L003113,CN([C@H]1CCS(=O)(=O)C1)C(=O)C(=O)NC[C@@H](c2cccnc2)S(=O)(=O)c3ccc4c(c3)OCO4
dude_tryb1__L003114,CCCCC1CCC(CC1)C(=O)Oc2ccc3c(c2)OC(=C([C@H]3c4ccc(c(c4)OC)OCCCC)C#N)N
dude_tryb1__L003115,Cc1c(c(n(n1)[C@@H]2CCS(=O)(=O)C2)C)CC(=O)Nc3nc(cs3)CC(=O)NC
dude_tryb1__L003116,Cc1c(cccc1[N+](=O)[O-])C(=O)NCCS(=O)(=O)N2CCN(CC2)c3cccc(c3)C(F)(F)F
dude_tryb1__L003117,Cc1cc(ccc1NC(=O)COC(=O)c2ccc(c(c2)[N+](=O)[O-])S(=O)(=O)C)Br
dude_tryb1__L003118,c1c(c(cc(c1OCC(F)(F)F)O)OCC(F)(F)F)C(=O)NC[C@@H]2CCCC[NH2+]2
dude_tryb1__L003119,Cc1ccc(cc1)Nc2nc(nc(n2)N)C[NH+]3CCN(CC3)c4ccc(cn4)C(F)(F)F
dude_tryb1__L003120,CCc1[nH]c(c([nH+]1)[C@@H]2[C@@H]3C[NH+](C[C@@H]3[C@@](N2)(CO)c4ccccc4)CC)C
dude_tryb1__L003121,Cc1cc(c(o1)C)[C@@H](C)NC(=O)CCc2nc3cc(ccc3n2C)S(=O)(=O)N4CCOCC4
dude_tryb1__L003122,CC[C@@H]([C@H](c1cccc(c1)Br)[NH+](C)C[C@@H](COC)O)[NH3+]
dude_tryb1__L003123,Cc1c(c([nH]c1C(=O)COC(=O)CN2C(=O)[C@@H]3CCCC[C@H]3C2=O)C)C(=O)C
dude_tryb1__L003124,C[C@]1(C(=O)N(C(=O)N1)CC(=O)NCCN2C(=O)/C(=C/c3ccccc3F)/SC2=O)c4ccco4
dude_tryb1__L003125,c1ccc2c(c1)C(=O)N([C@H](N2)SCC(=O)C3=CN=C(C3)C(=O)N4CCCC4)c5ccc(cc5)C#N
dude_tryb1__L003126,CCCCc1nnc(n1N)SCc2ccccc2CSc3nnc(n3N)CCCC
dude_tryb1__L003127,COc1cc(cc(c1OC)OC)[C@H]2c3cc(c(cc3C[C@]4([C@@]2(C(=O)OC4)O)O)OC)OC
dude_tryb1__L003128,C[C@@H]1CC2=C([C@H](C(=C(N2)C)C(=O)OCCOC)c3ccc(cc3OC)OC)C(=O)[C@@H]1C(=O)OC
dude_tryb1__L003129,OC(=O)[C@@H]2[C@@H](CC1CCNCC1)C(=O)N2C(=O)N5CCN(C(=O)c4ccc3ccccc3c4)CC5
dude_tryb1__L003130,C[NH+](C)[C@@H](CNC(=O)C(=O)Nc1ccc(c(c1)C(=O)N)Cl)c2ccsc2
dude_tryb1__L003131,c1c(c(n[nH]1)N)S(=O)(=O)N(CCO)[C@H]2CCS(=O)(=O)C2
dude_tryb1__L003132,c1ccc(c(c1)CNC(=O)Cn2ccnc(c2=O)NCC(c3cccc[n+]3[O-])(F)F)n4cnnn4
dude_tryb1__L003133,c1ccc(c(c1)NC(=S)Nc2cccnc2)OCCOc3ccccc3NC(=S)Nc4cccnc4
dude_tryb1__L003134,CCOC(=O)C(=CNNS(=O)(=O)c1cc(cc(c1)C(F)(F)F)C(F)(F)F)C(=O)OCC
dude_tryb1__L003135,C[C@@H](c1ccc(cc1)S(=O)(=O)N)N(C)C(=O)c2cc(ccc2Cl)S(=O)(=O)N3CCCC3
dude_tryb1__L003136,c1ccc(cc1)CCN2C(=O)[C@@H]3[C@H]([NH2+][C@@]4([C@@H]3C2=O)c5cc(ccc5NC4=O)Cl)Cc6ccccc6
dude_tryb1__L003137,C[C@@H](c1nncn1C)NC(=O)Nc2cnn(c2)CC(=O)N
dude_tryb1__L003138,C[NH+](C)CCCN(Cc1cc2cc(ccc2[nH]c1=O)OC)C(=S)Nc3ccc(cc3)OC
dude_tryb1__L003139,C=CCOc1ccc(cc1)C(=O)NNC(=S)NC(=O)c2ccccc2OCCOc3ccccc3
dude_tryb1__L003140,Cc1cccc(c1C)NC(=S)/N=C(\Nc2nc(cc(n2)C)C)/NC3CC([NH2+]C(C3)(C)C)(C)C
dude_tryb1__L003141,CCC(CC)(CNC(=O)C(=O)Nc1ccc(c(c1)C(=O)N)Cl)[NH+](C)C
dude_tryb1__L003142,Cn1cc(cc1C(=O)NNC(=O)CCCN(C)S(=O)(=O)c2ccc(cc2)F)Br
dude_tryb1__L003143,CC(C)(C)NC(=O)[C@H](c1c(cc(cc1O)O)O)N(Cc2ccco2)C(=O)c3cccc(c3O)O
dude_tryb1__L003144,CC[C@@H](c1nnnn1C[C@@H]2CCCO2)N(Cc3ccc(cc3)OC)Cc4cc5cc(cc(c5[nH]c4=O)C)C
dude_tryb1__L003145,c1cc(ccc1c2c(c[nH]n2)C[NH+]3CC[C@H]([C@@H](C3)O)[NH+]4CCC(CC4)O)Cl
dude_tryb1__L003146,c1cc(oc1)[C@H](CNC(=O)C(=O)Nc2c(ccs2)C(=O)N)[NH+]3CCCC3
dude_tryb1__L003147,c1cc(c(cc1F)S(=O)(=O)N2CCO[C@H]2CNC(=O)C(=O)NCCN3CCOCC3)F
dude_tryb1__L003148,CCN(CC)c1ccc(cc1)/C=N/Nc2[nH]nc(n2)SCC(=O)Nc3cc(cc(c3)Cl)Cl
dude_tryb1__L003149,Cc1c(cnn1c2ccccc2)C(=O)C3=C(C(=O)N([C@@H]3c4cccc(c4OC)OC)CCC[NH+](C)C)[O-]
dude_tryb1__L003150,C[C@@H](C(=O)Nc1ccc(cc1)Br)[NH+]2CCC(CC2)NS(=O)(=O)c3cccs3
dude_tryb1__L003151,CN(Cc1ccccc1)CC2=C[C@H](NO2)C(=O)NCC3[NH+]=c4ccccc4=[NH+]3
dude_tryb1__L003152,c1cc(c(cc1NCC[NH2+]CCOc2c(non2)N)N)[N+](=O)[O-]
dude_tryb1__L003153,[H]/N=C\1/C(=C\c2cc(c(c(c2)Cl)OCCOc3ccc(cc3)OC)OC)/C(=O)N=C4N1N=C(S4)C
dude_tryb1__L003154,c1ccc2c(c1)CCCN2Cc3c(nnn3c4c(non4)N)C(=O)N/N=C\c5ccc(cc5O)O
dude_tryb1__L003155,Cc1cccc([nH+]1)N[C@H](c2ccc(cc2)SC)c3cc(sc3NC(=O)c4ccco4)C
dude_tryb1__L003156,Cc1c(c2ccccc2[nH]1)C(=O)[C@H](C)OC(=O)C3=NN(C(=O)CC3)[C@@H]4CCS(=O)(=O)C4
dude_tryb1__L003157,CC(=O)N[C@@H]1c2cc(c[nH+]c2N([C@@H]1C(=O)OC)CCC3=c4ccccc4=[NH+]C3)NCc5nccs5
dude_tryb1__L003158,c1cc(ccc1n2c(nnn2)SCC(=O)Nc3ccc(cc3[N+](=O)[O-])C(F)(F)F)Cl
dude_tryb1__L003159,CC(=O)C(=Cc1ccc(cc1)O[C@@H]2[C@H]([C@@H]([C@@H]([C@@H](O2)CO)O)O)O)C(=O)C
dude_tryb1__L003160,CCn1c(nnc1SCC(=O)c2c(n(c(=O)n(c2=O)C)C)N)c3ccc(cc3)N(CC)CC
dude_tryb1__L003161,C[C@H](CN1CC[NH+](CC1)C)NC(=O)NC[C@H]2CCC[NH+]2CC3CCCCC3
dude_tryb1__L003162,CC1(CC(CC([NH2+]1)(C)C)NC(=O)C(=O)NC2CC([NH2+]C(C2)(C)C)(C)C)C
dude_tryb1__L003163,CCCOc1ccc(cc1OC)C(=O)NNC(=O)c2c(nccn2)N
dude_tryb1__L003164,c1cc2c(cc1S(=O)(=O)N3CCOCC3)c(cc(n2)c4ccncc4)C(=O)NC[C@@H]5CCCO5
dude_tryb1__L003165,CC(C)c1ccc(cc1)OCc2nnc(n2N)SCc3nc(nc(n3)Nc4ccc(cc4)Cl)N
dude_tryb1__L003166,CC(C)[C@@H](C(=O)N[C@@H](C(C)C)C(=O)N[C@@H](CO)C(=O)N[C@@H](C(C)C)C(=O)N[C@@H](C(C)C)C(=O)N)[NH3+]
dude_tryb1__L003167,Cc1ccc(o1)[C@@H]2/C(=C(/c3c(c([nH]c3C)C(=O)OC)C)\O)/C(=O)C(=O)N2CC[NH+]4CCOCC4
dude_tryb1__L003168,Cc1ccc(cc1)C(=O)N[C@@H](CCSC)C(=O)N2CCC3(CC2)c4c([nH]cn4)CC[NH2+]3
dude_tryb1__L003169,C[C@]12CC[C@H]3[C@@H]([C@]1(CC[C@H]2C4=CC(=O)OC4)O)CC[C@@]5([C@@]3(CC[C@@H](C5)O)/C=N/NC(=O)N)O
dude_tryb1__L003170,CN(c1ccc(cc1)Cl)S(=O)(=O)c2ccc3c(c2)c(=O)c(c[nH]3)C(=O)NCCN4CCOCC4
dude_tryb1__L003171,CCOc1c(cc(cc1Br)C[NH2+]CCCC[NH3+])OC
dude_tryb1__L003172,Cc1ccc(cc1)[C@@H](CNC(=O)c2ccc3c(c2)C(=O)N(C3=O)Cc4ccco4)N5CCOCC5
dude_tryb1__L003173,CCCOc1ccc(cc1)C2=NN=C3[C@@H]2[C@@H](C(=C(O3)N)C#N)c4ccc(c(c4)OC)OC(=O)C
dude_tryb1__L003174,COc1cccc2c1o/c(=[NH+]\c3ccc(cc3)S(=O)(=O)N)/c(c2)C(=O)Nc4ccccc4Cl
dude_tryb1__L003175,CC[NH+](CC)[C@H](C)CNC(=O)NNC(=O)c1cccc(c1)S(=O)(=O)C
dude_tryb1__L003176,CC(C)(C)CC(C)(C)NC(=O)[C@H](c1c(cc(cc1O)O)O)N(C)C(=O)C(c2ccccc2)(c3ccccc3)O
dude_tryb1__L003177,CC(C)(C)CC(C)(C)c1ccc(cc1)OC[C@@H](C[NH2+]C2CC[NH+](CC2)Cc3ccccc3)O
dude_tryb1__L003178,CC(C)(CNC(=O)N[C@@H](CCC(=O)N)C(=O)[O-])[NH+](C)C
dude_tryb1__L003179,c1ccc(c(c1)CNC(=O)NC[C@@H](c2ccco2)[NH+]3CCCC3)C[NH+]4CCCC4
dude_tryb1__L003180,C[C@@H]1[C@@H]([C@H](n2c(ncn2)N1)c3ccc(c(c3)OC)OCC(=O)N)C(=O)N
dude_tryb1__L003181,CCc1nnc(s1)NC(=O)[C@@H](C)Sc2nnc(n2CC)CNC(=O)c3ccc(c(c3)Cl)Cl
dude_tryb1__L003182,CCOC(=O)[C@](C(F)(F)F)(Nc1ccc(cc1)[C@](C(=O)OC)(C(F)(F)F)O)NC(=O)OCC
dude_tryb1__L003183,CC(=O)Nc1ccc(cc1)[C@H]2[C@@H](C(=O)C[C@]([C@@H]2C(=O)OCCOC)(C)O)C(=O)OCCOC
dude_tryb1__L003184,Cc1ccc(cc1)n2c(nnc2S[C@@H](C)C(=O)Nc3cccc(c3)C(=O)C)N4CCOCC4
dude_tryb1__L003185,C=CCNc1nnc(s1)SCC(=O)NCCN2C(=O)/C(=C/c3cccnc3)/SC2=O
dude_tryb1__L003186,CCCCC/C=C/C(=O)N(CCC)[C@H](c1ccc(cc1)O)C(=O)NCS(=O)(=O)c2ccc(cc2)C
dude_tryb1__L003187,c1ccc2c(c1)c3c([nH]2)C4(CCN(CC4)c5c(cc(cn5)C(F)(F)F)Cl)[NH2+]CC3
dude_tryb1__L003188,Cc1ccc(cc1)S(=O)(=O)N[C@H](CC(C)C)C(=O)Nc2cccc(c2)S(=O)(=O)NC(C)(C)C
dude_tryb1__L003189,Cc1cc(ccc1NC(=O)C(=O)NC[C@@H](c2ccc3c(c2)CCCN3C)N4CC[NH+](CC4)C)[N+](=O)[O-]
dude_tryb1__L003190,[H]/N=C\1/C(=C/c2ccc(c(c2)OCC)OCCOc3ccccc3)/C(=O)N=C4N1N=C(S4)CCC
dude_tryb1__L003191,CCC(C)(C)NC(=O)[C@H](c1ccc(o1)C)N(Cc2ccc3c(c2)OCO3)C(=O)c4c(c(ns4)C(=O)N)N
dude_tryb1__L003192,CC[C@H](C)[C@@H]([C@@](C)(/C=C/C1=CC2=C(C(=O)[C@@]([C@@H](C2=CO1)O)(C)O)O)O)O
dude_tryb1__L003193,C[C@H]1C[C@@H](CN(C1)S(=O)(=O)c2cc(n(c2)C)C(=O)NN)C
dude_tryb1__L003194,CCCOC(=O)C[C@H]1C(=O)NCCN1C(=S)NC(=O)c2cc(ccc2OCCC(C)C)Br
dude_tryb1__L003195,COc1cc(ccc1OC(F)F)CCNc2ccc(cn2)S(=O)(=O)N3CCOCC3
dude_tryb1__L003196,CCN(CC)C(=O)CSc1nnc(n1N)NN=C(Cc2ccccc2)Cc3ccccc3
dude_tryb1__L003197,c1c(cnc(n1)NN)S(=O)(=O)N(CCO)C2CC2
dude_tryb1__L003198,Cn1c2c(cc(cc2NC(=O)[C@H]3CCCO3)C(=O)N4CCOc5ccccc5C4)nc1C6CCC6
dude_tryb1__L003199,CCc1cc2c(s1)ncn(c2=O)NC(=O)c3ccc(cc3)S(=O)(=O)Nc4ccc(cc4)OC
dude_tryb1__L003200,CCN(c1cccc2c1cccc2)c3c(c(nc[nH+]3)Nc4ccc(cn4)Br)N
dude_tryb1__L003201,C[C@@H]1CC(=O)N2[C@H](N=C(N[C@@H]2N1)NCCC3=c4cc(ccc4=[NH+]C3)OC)c5ccccc5
dude_tryb1__L003202,CC(=O)c1ccc(cc1)S(=O)(=O)N(C)CCCC(=O)NN2C(=O)C3(CCCCC3)NC2=O
dude_tryb1__L003203,CCCNC(=O)C[NH+]1CCC(CC1)Nc2nc3c(n2C)c(=O)[nH]c(=O)n3C
dude_tryb1__L003204,COc1ccc(cc1N2CCCC2=O)S(=O)(=O)Nc3ccc(cc3)S(=O)(=O)/N=c\4/cccc[nH]4
dude_tryb1__L003205,CC1CC[NH+](CC1)C[C@H]2C[NH+]3CC[C@@H]2C[C@@H]3CNC(=S)Nc4ccc(cc4)N(C)C
dude_tryb1__L003206,CC[C@H]([C@H](c1ccc(s1)Br)Sc2[nH]c(=O)cc(n2)N)[NH3+]
dude_tryb1__L003207,COc1cccc(c1O)/C=N/Nc2nnc(n2N)SCC(=O)N
dude_tryb1__L003208,CC(=O)OCO[P@]1(=O)OC[C@@H]2[C@@H](O1)[C@H]([C@@H](O2)n3c4c(c(ncn4)N)nc3Cl)O
dude_tryb1__L003209,CCCCOc1ccc(cc1)C(=O)C2=C(C(=O)N([C@@H]2c3ccc(c(c3)OCC)O)CC[NH+](C)C)[O-]
dude_tryb1__L003210,C(CO)Nc1c2c(c(nc(n2)N(CCO)CCO)NCCO)nc(n1)N(CCO)CCO
dude_tryb1__L003211,c1nc(c2c(n1)n(cn2)[C@@H]3[C@@H]([C@@H]([C@@H](O3)COP(=S)(O)O)O)O)N
dude_tryb1__L003212,CS(=O)(=O)N1C[C@@H](Oc2c1cccc2)C(=O)NCc3ccccc3CN4CCCC4=O
dude_tryb1__L003213,CC1(CC(CC([NH2+]1)(C)C)NC(=O)C(=O)NCCNC(=O)c2cc3ccccc3[nH]2)C
dude_tryb1__L003214,CN(CC(=O)NC[C@H]1COc2ccccc2O1)S(=O)(=O)c3ccc4c(c3)CCC(=O)N4
dude_tryb1__L003215,Cc1cccc(c1CNc2c3c(cc([nH+]2)n4ccccc4=O)c(c(n3CCO)C)C)C
dude_tryb1__L003216,CC[C@H]([C@H](c1ccc(s1)Br)[NH+](Cc2cccs2)C(C)C)[NH3+]
dude_tryb1__L003217,c1cc(c(cc1[N+](=O)[O-])Cl)O[C@H]2[C@@H]([C@@H]([C@@H]([C@@H](O2)CO)O[C@H]3[C@@H]([C@@H]([C@@H]([C@@H](O3)CO)O)O)O)O)O
dude_tryb1__L003218,Cc1ccc(cc1)S(=O)(=O)N[C@H](C(C)C)C(=O)O[C@H](C)C(=O)N2CC(=O)Nc3c2cccc3
dude_tryb1__L003219,c1cc(ccc1/C=C/C(=O)OC[C@@H]2[C@H]([C@H]([C@H]([C@@H](O2)OC(=O)c3cc(c(c(c3)O)O)O)O)O)O)O
dude_tryb1__L003220,Cc1c(c(n(n1)[C@@H]2CCS(=O)(=O)C2)C)S(=O)(=O)N[C@H]3CCCC[C@@H]3N4C(=O)CSC4=O
dude_tryb1__L003221,CCOC(=O)c1c(c(c(s1)NC(=O)CSc2nnc(n2N)NN)C#N)C
dude_tryb1__L003222,C[C@H](C(=O)NNC(=O)c1ccc(cc1)S(=O)(=O)N(C)OC)Oc2cccc(c2)Br
dude_tryb1__L003223,c1ccc(cc1)OS(=O)(=O)c2c(ccc(c2S(=O)(=O)c3ccccc3)[C@@H](CC=O)NC=O)F
dude_tryb1__L003224,Cc1c(c(=O)[nH]c(=O)[nH]1)/C=C/C(=O)N[C@@H](CO)CSCc2ccccc2
dude_tryb1__L003225,c1ccc2=[NH+]CC(=c2c1)CCNC(=O)C[C@@H]3CS[C@H](N3)NC(=O)NC4CCCC4
dude_tryb1__L003226,COc1cc(c(c2c1OCO2)OC)C[C@H]3CC(=NO3)C(=O)N/N=C/c4ccccc4C(F)(F)F
dude_tryb1__L003227,CCOc1cc(cc(c1OCc2ccc(cc2)C)Cl)C[NH2+]CC[NH2+]CCO
dude_tryb1__L003228,CC(C)Cn1c(c(c(=O)[nH]c1=O)N(CC(C)C)C(=O)C[NH+]2CCC[C@@H]2c3ccc4c(c3)OCCO4)N
dude_tryb1__L003229,CC[C@H](C(=O)Nc1ccc(cc1)S(=O)(=O)N(C)C)n2c(nnc2SCC#N)N
dude_tryb1__L003230,Cc1cc(c2c(n1)S[C@H]([C@H]2N)C(=O)NCCC3=c4cc(ccc4=[NH+][C@@H]3C)OC(F)(F)F)COC
dude_tryb1__L003231,c1cc[nH+]c(c1)NCCNC(=O)NC[C@@H](c2ccco2)[NH+]3CCCC3
dude_tryb1__L003232,CCOC(=O)[C@@](C(F)(F)F)(Nc1ccc(cc1)[C@@](C(=O)OC)(C(F)(F)F)O)NC(=O)CCl
dude_tryb1__L003233,CO[C@]1(C(=O)O[C@H]2[C@@]1(OC[C@@H]2O)O)Cc3cc(c(c(c3Br)Br)O)O
dude_tryb1__L003234,c1cc(ccc1/C=C\2/C(=O)N(C(=O)S2)CCNC(=O)c3c(nccn3)N)OC(F)F
dude_tryb1__L003235,Cc1ccc(cc1)n2c(=O)c3ccccc3nc2SCC(=O)N4CCNC(=O)[C@H]4CC(=O)OC
dude_tryb1__L003236,CCOc1ccc(cc1)NC(=[NH2+])Nc2[nH]c(=O)cc(n2)CSc3ncccn3
dude_tryb1__L003237,C1CCC(CC1)CCCCCO[C@H]2[C@H]([C@@H]([C@@H]([C@@H](O2)CO)O[C@@H]3[C@@H]([C@@H]([C@@H]([C@@H](O3)CO)O)O)O)O)O
dude_tryb1__L003238,[H]/N=C\1/C(=C/c2ccc(cc2)OS(=O)(=O)C)/C(=O)N=C3N1N=C(S3)c4cccnc4
dude_tryb1__L003239,c1cc2c(c(c1)N3CCC(CC3)C(=O)NCCn4ccnc4)C(=O)N(C2=O)C[C@H]5CCCO5
dude_tryb1__L003240,Cn1cc(cn1)C[NH2+]Cc2cc(ccc2OC[C@H](C[NH+]3CCCCCC3)O)Cl
dude_tryb1__L003241,CC(C)CN1[C@@H](NN=C1SCC(=O)C2=c3ccccc3=[NH+][C@@H]2c4ccccc4)CCC(=O)N
dude_tryb1__L003242,CCC[C@@H](C(=O)NCCC(C)C)N(c1ccc(cc1)Cl)C(=O)c2c(c(ns2)C(=O)N)N
dude_tryb1__L003243,CC[C@H]([C@@H](c1ccc(cc1)Br)[NH+](CC(C)C)CC(=O)N)[NH3+]
dude_tryb1__L003244,NCCCC[C@H](NC(=O)OCc1ccccc1)C(=O)c4noc(Cc3ccc(C(=O)NC/C=C/c2ccccc2)cc3)n4
dude_tryb1__L003245,CCN([C@@H]1CCS(=O)(=O)C1)C(=O)[C@H](C)Sc2nnc(n2Cc3ccco3)CCC(=O)N
dude_tryb1__L003246,Cc1cccc2c1[nH]c(=O)c(c2)CN(Cc3ccco3)S(=O)(=O)c4ccccc4C(=O)OC
dude_tryb1__L003247,CCN1C[C@H](Oc2c1cccc2)C[NH+](C)CC(=O)Nc3c(c4c(s3)CCC4)C(=O)N
dude_tryb1__L003248,Cc1nnc(s1)NC(=O)CSc2c3c(nc(n2)c4ccccc4F)n(c(=O)n(c3=O)C)C
dude_tryb1__L003249,CC(=[NH2+])[C@@H](C#N)C(=O)COC(=O)CSCc1[nH]c(=O)c2c(csc2n1)c3ccccc3
dude_tryb1__L003250,CCN(CC(=O)N[C@@H]1CCS(=O)(=O)C1)C(=O)Cn2cnc3c(c2=O)c(c(s3)C)C
dude_tryb1__L003251,Cn1c2c(nc1NC(CO)(CO)CO)n(c(=O)n(c2=O)C)C
dude_tryb1__L003252,c1cc(cc(c1)OCC(=O)N)[C@@H]2c3c(=O)[nH]cnc3OC(=C2C#N)N
dude_tryb1__L003253,[H]/N=C(/N)\NNS(=O)(=O)c1ccc(c(c1)[N+](=O)[O-])Cl
dude_tryb1__L003254,Cc1ccc(cc1)S(=O)(=O)[C@@H](CNC(=O)C(=O)NNC(=O)c2cccnc2)c3ccc(cc3)N(C)C
dude_tryb1__L003255,CC1(Cc2c(cnn2c3ccc(cc3)F)[C@@H](C1)[NH2+]Cc4cccc(c4O)OC)C
dude_tryb1__L003256,COc1cc(c(cc1OC)Cc2cc(c(cc2CC[NH3+])OC)OC)CC[NH3+]
dude_tryb1__L003257,CCOc1ccc(cc1)NS(=O)(=O)c2ccc(c(c2)C(=O)N(C)[C@@H]3CCS(=O)(=O)C3)Cl
dude_tryb1__L003258,CCOC(=O)c1c(c(sc1NC(=O)C[NH2+]Cc2ccc(cc2)Cl)C(=O)N)C
dude_tryb1__L003259,c1cc(c(cc1[C@@H]2[C@H](C(=O)c3c(cc(cc3O2)O)O)O)O[C@H]4[C@@H]([C@H]([C@@H]([C@H](O4)CO)O)O)O)O
dude_tryb1__L003260,Cc1cc(nc(n1)SC[C@H](C)Cn2c3c(=O)[nH]c(=O)n(c3nc2N4CCN(CC4)CCO)C)C
dude_tryb1__L003261,C[C@@H](c1ccccc1)NC(=O)[C@@H]2CSC[C@@H]([NH2+]2)c3cc(ccc3OC)OC
dude_tryb1__L003262,Cc1c(c(n(n1)CC(=O)N2CCc3c2cccc3)C)S(=O)(=O)N4CCC[C@H](C4)C(=O)NC
dude_tryb1__L003263,CC[NH+]1CCN(CC1)c2ccc(cc2NC(=O)C(=O)N[C@@H](C)CO)Cl
dude_tryb1__L003264,CCOc1ccc(c(c1)C)C(=O)C2=C(C(=O)N([C@H]2c3ccccc3[N+](=O)[O-])CCOCCO)[O-]
dude_tryb1__L003265,CCOCCn\1c2ccc(cc2s/c1=N\C(=O)[C@@H]3CCCN(C3)S(=O)(=O)C)S(=O)(=O)N
dude_tryb1__L003266,CCCCn1c(c(c(=O)[nH]c1=O)N(CCCC)C(=O)/C=C/c2ccc(c(c2)OC)OCCC)N
dude_tryb1__L003267,CCOC(=O)c1c(c(sc1NC(=O)COC(=O)C2=N[C@@H](C(=C2C)C(=O)OCC)C)C(=O)NC)C
dude_tryb1__L003268,C[C@H](c1cccc(c1)S(=O)(=O)NC)[NH2+]Cc2cc(ccc2O)Br
dude_tryb1__L003269,CCn1cc(cn1)c2nnc(n2CC)SCC3=C(N4[C@@H]([C@@H](C4=O)[NH3+])SC3)C(=O)[O-]
dude_tryb1__L003270,NCc3ccc(CNC(=O)CNC(=O)OCc2ccc(COC(=O)NCC(=O)NCc1ccc(CN)cc1)cc2)cc3
dude_tryb1__L003271,C=CCn1cc(cn1)/C=N/Nc2[nH]nc(n2)SCCC(=O)Nc3ccc(cc3)OC(F)(F)F
dude_tryb1__L003272,CCOc1ccccc1N([C@H](c2ccc(cc2)C)C(=O)NC(C)(C)C)C(=O)c3c(c(ns3)C(=O)N)N
dude_tryb1__L003273,C[C@]12CCCC(=C)[C@H]1C[C@H]3[C@@H](C2)OC(=O)[C@H]3C[NH2+]CCC[NH+](CCO)CCO
dude_tryb1__L003274,CCCOc1ccc(cc1C(=O)NC(=S)NNC(=O)COc2ccccc2C(C)C)Br
dude_tryb1__L003275,COc1ccc(cc1)/C=N\Nc2nc(cs2)c3ccc(cc3)S(=O)(=O)N4CCOCC4
dude_tryb1__L003276,COc1ccc(c(c1)[C@H]2CC(=O)NC3=C2C(=O)C[C@@H](C3)c4cc(c(c(c4)OC)OC)OC)OC
dude_tryb1__L003277,CC(C)N1C[C@H](CN(CC1=O)C(=O)C2=NNC(=O)CC2)OCc3ccc(cc3)OC(F)(F)F
dude_tryb1__L003278,C[C@@H](C(=O)NCCN1CCCC1=O)N2CC[C@@]3(CCC2=O)CC(=O)c4ccccc4O3
dude_tryb1__L003279,[H]/N=C\1/C(=C\c2ccc(c(c2)OCC)OCc3cccc(c3)C)/C(=O)N=C4N1N=C(S4)S(=O)(=O)C
dude_tryb1__L003280,CC1CCC(CC1)(C(=O)[O-])NC(=O)NC[C@H]2CC[NH+](C2)C
dude_tryb1__L003281,CCOCCCNC(=O)[C@H]1CN(CC12CC[NH2+]CC2)C(=O)c3cnc4c(c3Cl)c(nn4C)C
dude_tryb1__L003282,CCCCOc1ccc(cc1OC)/C=C/C(=O)Nc2ccc(cc2)NC(=O)NC[C@H]3CCCO3
dude_tryb1__L003283,CCOC(=O)CNC(=O)Cn1cnc2c(c1=O)c(c(s2)C)S(=O)(=O)N3CCC(CC3)C
dude_tryb1__L003284,CC1=CC(=N[C@@H]1C(=O)N2CC[C@@H]3[C@@H](C(=CC(=O)N3CC2)OC)C(=O)N[C@@H](C)c4ccco4)C
dude_tryb1__L003285,C1CCC(CC1)CCCCCCO[C@H]2[C@H]([C@@H]([C@@H]([C@@H](O2)CO)O[C@@H]3[C@@H]([C@@H]([C@@H]([C@@H](O3)CO)O)O)O)O)O
dude_tryb1__L003286,Cc1cc(on1)C[NH2+]Cc2cccc(c2)OC[C@H](C[NH+]3CCc4ccccc4C3)O
dude_tryb1__L003287,C[C@H]1CCCN(C1)S(=O)(=O)c2ccc(c(c2)[N+](=O)[O-])NC[C@@H](C(C)C)N3CCOCC3
dude_tryb1__L003288,CC[C@H](C)Oc1cccc(c1)C(=O)NC(=S)NNC(=O)COc2ccc(cc2Br)C(C)C
dude_tryb1__L003289,NCc3ccc(CCCNCCNS(=O)(=O)c2ccc1ccccc1c2Cl)cc3
dude_tryb1__L003290,c1nc(c-2nc(nc2n1C[C@@H](CN3CCOCC3)O)N4CCOCC4)N
dude_tryb1__L003291,CCc1ccc(cc1)OCC(=O)NC(=S)NNC(=O)COc2cc(ccc2C(C)C)C
dude_tryb1__L003292,NC(=N)c4ccc(CNC(=O)N3CCN(C(=O)NCCC(c1ccccc1)c2ccccc2)CC3)cc4
dude_tryb1__L003293,CCOc1ccccc1OC2=CN=[NH+][C@H]2c3ccc(cc3O)OCC(=O)NN
dude_tryb1__L003294,CS(=O)(=O)NCCNc1cc2c(cc1N)c(=O)[nH]cn2
dude_tryb1__L003295,c1ccc2=[NH+]CC(=c2c1)CCNC(=O)CS[C@@H]3NN=C(S3)NC4CCCCC4
dude_tryb1__L003296,CCOC(=O)c1c(c(c(s1)N)C#N)COC(=O)[C@H](C)SCC(=O)Nc2ccc(cc2)F
dude_tryb1__L003297,c1cc(ccc1/C=C/C=N/[NH+]=C2NCCN2)c3cn4cc(ccc4n3)/C=C/C=N/NC5=[NH+]CCN5
dude_tryb1__L003298,CCCn1c2c(cc(cn2)/C(=N/S(=O)(=O)c3ccc(cc3[N+](=O)[O-])OC)/[O-])c(=O)[nH]c1=O
dude_tryb1__L003299,COC1=C[C@@H]2C(=NC=C2CCNC(=O)c3ccc(o3)Cn4c5c(cccn5)n6cccc6c4=O)C=C1
dude_tryb1__L003300,Cc1ccc(cc1)S(=O)(=O)CNC(=O)[C@@H](c2ccc(c(c2)OC)OC)N(C)C(=O)c3ccc(cc3)O
dude_tryb1__L003301,Cc1cccn2c1nc(c(c2=O)/C=C\3/C(=O)N(C(=S)S3)CCOC)NCCN4CCOCC4
dude_tryb1__L003302,CC(C)[C@@H](C(=O)NCCO)NC(=O)Cc1c2ccccc2c(=O)[nH]n1
dude_tryb1__L003303,CCOc1ccc(cc1)[C@@H](CCC(=O)N/N=C\c2cc(c(c(c2)OCC)OCc3cccc(c3)F)CC=C)O
dude_tryb1__L003304,Cn1cc(cn1)CNC(=O)c2c(cnn2C)NC(=O)CCn3cc(c(n3)[N+](=O)[O-])Cl
dude_tryb1__L003305,CC[C@@H](C)Sc1nnc(s1)NC(=O)CSc2nc([nH]n2)N/N=C/c3cc(ccc3O)Cl
dude_tryb1__L003306,CCOC(=O)C1=C(NC(=O)N[C@@H]1c2ccco2)CSc3nnc4n3cc(cc4)C(F)(F)F
dude_tryb1__L003307,Cc1ccc(cc1N[C@H]2[C@@H]([C@@H]([C@@H]([C@@H](O2)CO)O)O)O)[N+](=O)[O-]
dude_tryb1__L003308,CCc1c(c(n(n1)c2ccccc2)Oc3ccccc3)C[NH+](CC4CC4)C[C@@H](COC(C)(C)C)O
dude_tryb1__L003309,C[C@H](C(=O)NC(=O)N)Sc1nnc(n1CCCOC)c2ccc(c(c2)OC)OC
dude_tryb1__L003310,CCOc1ccc(cc1OC)[C@@H]2C(=C(NC(=O)N2)CN3CCN(CC3)c4cccc[nH+]4)C(=O)OCC
dude_tryb1__L003311,CN(c1ccc(cc1)c2csc(n2)NC(=O)CCn3cnc4c(c3=O)ccs4)S(=O)(=O)C
dude_tryb1__L003312,CC[NH2+]Cc1cc(c(c(c1)Br)OCC(=O)NC(=O)N)OC
dude_tryb1__L003313,C[C@@H](C(=O)OCC(=O)N(C)Cc1ccccc1F)NS(=O)(=O)c2ccc(cc2)NC(=O)C
dude_tryb1__L003314,CC1=CC(=N[C@H]1C(=O)N2CC[C@H]3[C@@H](C(=CC(=O)N3CC2)OC)C(=O)N(C)[C@@H](C)c4ccco4)C
dude_tryb1__L003315,CCC[NH+](Cc1c(nn(c1Oc2ccc(cc2)F)c3ccccc3)CC)C[C@H](CN4CCOCC4)O
dude_tryb1__L003316,C1CNCC[NH+](C1)CC(=O)N[C@H](CC(=O)N)C(=O)[O-]
dude_tryb1__L003317,C/C=C\CN1C(=O)[C@H]2[C@H]([NH2+][C@@]([C@@H]2C1=O)(CC(=O)[O-])C(=O)[O-])c3ccc(o3)c4ccc(cc4)[N+](=O)[O-]
dude_tryb1__L003318,Cc1ccc(cc1)c2cc(on2)NC(=O)CSc3ccc(cn3)S(=O)(=O)N4CCCC4
dude_tryb1__L003319,C[NH+](C)CCC(=O)Nc1ccc(cc1)NC(=O)c2cc(cc(c2N)[N+](=O)[O-])F
dude_tryb1__L003320,CCCCOC[C@@H](C[NH+](Cc1c(nn(c1Oc2ccc(cc2)OC)c3ccccc3)CC)C4CC4)O
dude_tryb1__L003321,CN(Cc1ccccc1)S(=O)(=O)c2ccc(c(c2)C(=O)Nc3ccc(cc3)n4cnnn4)Cl
dude_tryb1__L003322,Cc1ccc2cc(c(=O)[nH]c2c1)[C@@H](c3nnnn3C4CCCCC4)N(Cc5cccnc5)Cc6ccco6
dude_tryb1__L003323,COC(CNC(=O)C(=O)NC[C@@H]1N(CCO1)S(=O)(=O)c2ccc(cc2)Br)OC
dude_tryb1__L003324,C=CCn1c(nnc1Sc2ccc(cc2C(=O)[O-])S(=O)(=O)N)[C@@H]3CCS(=O)(=O)C3
dude_tryb1__L003325,CCCc1cc(=O)[nH]c(=S)n1[C@@H]2[C@H]([C@@H]([C@@H]([C@@H](O2)C(=O)OC)O)O)O
dude_tryb1__L003326,CCCOc1ccc(cc1Br)C[NH2+]CC[NH2+]C[C@@H](C)O
dude_tryb1__L003327,CC1CC[NH+](CC1)C[C@H](C[NH2+]Cc2ccc(c(c2)[N+](=O)[O-])Cl)O
dude_tryb1__L003328,NC(=N)NCCC[C@@H]3[C@@H](C(O)=O)N(C(=O)N2CCN(S(=O)(=O)c1ccccc1)CC2)C3=O
dude_tryb1__L003329,CC[C@H](C)[C@@H](C(=O)[O-])NC(=O)[C@@H](CC1=c2ccccc2=[NH+]C1)N3C(=O)[C@@H]4C=CC=CC4=NC3=O
dude_tryb1__L003330,CC1(C(=O)N(C(=N1)O)C[C@H](COc2ccc(cc2)N3C(=O)[C@H]4CC=CC[C@@H]4C3=O)O)C
dude_tryb1__L003331,Cc1cc(no1)NC(=O)CSc2[nH]c(=O)c3cnn(c3n2)c4ccc(cc4)S(=O)(=O)N
dude_tryb1__L003332,CC[NH+]1CCC2(CC1)N[C@@H](CC(=N2)c3ccccc3)c4cc(ccc4O)Cl
dude_tryb1__L003333,Cc1ccc(cc1)S(=O)(=O)CNC(=O)[C@@H](c2ccco2)N(Cc3ccco3)C(=O)CO
dude_tryb1__L003334,c1cc(ccc1N2C(=O)c3ccc(c4c3c(ccc4[N+](=O)[O-])C2=O)[N+](=O)[O-])S(=O)(=O)CCO
dude_tryb1__L003335,CC(C)CC(=O)O[C@@H]1[C@H]2[C@H](C[C@H]([C@]2(CO)O)O)C(=CO1)CO[C@H]3[C@@H]([C@H]([C@@H]([C@H](O3)CO)O)O)O
dude_tryb1__L003336,CS(=O)(=O)c1cccc(c1)NCc2nnnn2c3ccc(cc3)OC(F)F
dude_tryb1__L003337,CC(C)([C@@H](Cc1cc(ccc1O[C@H]2[C@@H]([C@@H]([C@@H]([C@@H](O2)CO)O)O)O)O)O)O
dude_tryb1__L003338,CC(C)CC[C@@]1([C@@H](C([C@@H](C(C1=O)(C)C)O[C@H]2[C@@H]([C@H]([C@@H]([C@H](O2)CO)O)O)O)(C)C)O)O
dude_tryb1__L003339,CCC(C)(C)n1c(nnn1)CN(Cc2ccc3c(c2)OCO3)Cc4cc5cc(cc(c5[nH]c4=O)C)C
dude_tryb1__L003340,C[C@@H](C/[NH+]=C/c1cccc(c1O)OC)/[NH+]=C/c2cccc(c2O)OC
dude_tryb1__L003341,COc1ccc(cc1)[C@@H](CN/C(=[NH+]/C[C@H]2CCCO2)/N)[NH+]3CCCCC3
dude_tryb1__L003342,CC(C)(C)NC(=O)[C@@H](c1c(cc(cc1O)O)O)N(c2ccccc2Cl)C(=O)c3cccc(c3)[N+](=O)[O-]
dude_tryb1__L003343,c1cc(cnc1)C(=O)NNC(=O)c2cc(=O)[nH]c3c2cc(cc3)S(=O)(=O)[N-]c4ccc(cc4)F
dude_tryb1__L003344,CCc1ccc(cc1)N2C(=O)[C@H]3[C@@H]([NH2+][C@@]([C@@H]3C2=O)(CC4=c5ccccc5=[NH+]C4)C(=O)[O-])c6ccccc6O
dude_tryb1__L003345,C[C@H](C(=O)Nc1ccccc1)OC(=O)[C@H](CCSC)NC(=O)c2ccc(cc2Cl)[N+](=O)[O-]
dude_tryb1__L003346,OC(=O)[C@@H]2[C@@H](CC1CCNCC1)C(=O)N2C(=O)N4CCN(C(=O)CCCCCCc3ccccc3)CC4
dude_tryb1__L003347,C[C@@H](C(=O)NC(=O)NCC(F)(F)F)N1CCO[C@@H](C1)C(=O)N
dude_tryb1__L003348,c1cc(ccc1c2csc3c2c(=O)[nH]c(n3)C[NH+]4CCC(CC4)C(=O)N)Cl
dude_tryb1__L003349,Cc1ccc(cc1)NC(=S)NNC(=O)/C(=N/Nc2ccc(cc2)Cl)/S(=O)(=O)c3ccccc3
dude_tryb1__L003350,Cc1cc(ccc1N2CCCC2=O)NC(=O)[C@H](CCS(=O)(=O)C)N3C(=O)c4ccccc4C3=O
dude_tryb1__L003351,C[C@H]1C[C@@H](CN(C1)C(=O)C[NH+]2CCN(CC2)[C@@H](C)C(=O)Nc3c(c4c(s3)CCC4)C(=O)N)C
dude_tryb1__L003352,Cc1nnc(s1)SCc2cc(=O)[nH]c(n2)NC(=[NH2+])Nc3ccc(cc3)OC
dude_tryb1__L003353,CCNC(=O)N(Cc1ccc(cc1OS(=O)(=O)CC)N(CC)CC)C[C@H]2CCCO2
dude_tryb1__L003354,c1ccc2c(c1)c(c[nH]2)[C@H](C[NH2+]C[C@H](COCc3ccc4c(c3)OCO4)O)c5ccccc5Cl
dude_tryb1__L003355,CN(C)S(=O)(=O)c1cc(ccc1OC)C(=O)OCc2nc(c3c4c(sc3n2)CCCC4)N
dude_tryb1__L003356,CCCCCCOc1ccc(cc1)C(=O)NNS(=O)(=O)c2cc(ccc2OC)/C=C/C(=O)[O-]
dude_tryb1__L003357,CC(C)S(=O)(=O)C1=C[C@@H]2C[C@H]3CO[P@@](=O)(NN3C[C@@H]2C=C1I)OC
dude_tryb1__L003358,CCN([C@@H]1CCS(=O)(=O)C1)C(=O)[C@@H](C)Sc2ccc(cn2)S(=O)(=O)N3CCOCC3
dude_tryb1__L003359,c1cc2c(cc1c3c(n[nH]c3C(=O)[O-])c4ccc(cc4O)O[C@@H]5[C@@H]([C@@H]([C@@H]([C@@H](O5)CO)O)O)O)OCCO2
dude_tryb1__L003360,C[NH+](CCCOC)[C@@H](C[NH3+])c1cc(c(o1)Br)Br
dude_tryb1__L003361,CCCCCCN([C@H](c1ccc(c(c1)OC)O)C(=O)NC(C)(C)C)C(=O)c2ccc(cc2)[N+](=O)[O-]
dude_tryb1__L003362,CC1(CC(CC([NH2+]1)(C)C)Nc2c(c(ncn2)Nc3cc(ccc3Cl)C(F)(F)F)N)C
dude_tryb1__L003363,OC(=O)[C@@H]2[C@@H](CC1CCNCC1)C(=O)N2C(=O)N5CCN(C(=O)CCCCCc4ccc3ccccc3c4)CC5
dude_tryb1__L003364,C[C@@H]1c2cccc(c2C(=O)C3=C([C@]4([C@H]([C@@H]([C@@H]13)O)[C@H](C(=C(C4=O)C(=O)N)O)[NH+](C)C)O)O)O
dude_tryb1__L003365,OC(=O)[C@@H]2[C@@H](CC1CCNCC1)C(=O)N2C(=O)N4CCN(C(=O)CCCCCc3ccccc3)CC4
dude_tryb1__L003366,COc1ccc(cc1)NC(=O)O[C@@H]2CO[C@H]3[C@@H]2OC[C@@H]3NS(=O)(=O)c4cccc5c4nccc5
dude_tryb1__L003367,CCN(Cc1[nH]c(=O)c2cc(c(cc2n1)OC)OC)CC(=O)N(C)Cc3cnn(c3)c4ccccc4
dude_tryb1__L003368,CC(=O)c1cccc(c1)S(=O)(=O)NCCC(=O)N2CCN(CC2)c3ccc(cn3)C(F)(F)F
dude_tryb1__L003369,CC[NH+]1CCC[C@@H](C1)Nc2cc(nc(n2)Nc3[nH]c4cc(c(cc4n3)Cl)Cl)C
dude_tryb1__L003370,CCCCCCC(=O)/C=C(\C(=O)Nc1ccccc1CC)/NNC(=O)c2cc3ccccc3cc2O
dude_tryb1__L003371,c1c(cc(c2c1C(=O)c3cc(c(c(c3C2=O)O)[C@H](CCO)CO)O)O)O
dude_tryb1__L003372,CC(C)Cn1c(c(c(=O)[nH]c1=O)N(CCCOC)C(=O)[C@@H]2COc3ccccc3O2)N
dude_tryb1__L003373,CN(C)c1ccc(cc1)/N=C/2\N[C@H]3[C@H]([C@@H](C[C@@H]([C@H]3S2)C(=O)NCC[NH+]4CCOCC4)O)O
dude_tryb1__L003374,CC[C@@H](C)NC(=O)c1c[nH]c2ccc(cc2c1=O)S(=O)(=O)Nc3ccc4c(c3)OCCO4
dude_tryb1__L003375,c1cc(ccc1C[NH+](CCC2=CCCCC2)Cc3ccc(cc3)C(=O)N)C(=O)N
dude_tryb1__L003376,Cc1ccc(cc1)O[C@@H](C)CNC(=O)[C@@H]2CN(CC23CC[NH2+]CC3)C(=O)c4c(ccc(c4F)C)Cl
dude_tryb1__L003377,CC1(CC(CC([NH2+]1)(C)C)Nc2c(c(ncn2)NNC(=O)c3ccco3)[N+](=O)[O-])C
dude_tryb1__L003378,Cc1c(cccc1NC(=O)C(=O)NC[C@H](C(C)C)[NH+](CC=C)CC=C)C(=O)N
dude_tryb1__L003379,CCNC(=O)Cn1ccc(n1)NC(=O)CNC(=O)c2c[nH]c3ccccc3c2=O
dude_tryb1__L003380,Cc1ccc(c(c1)N2C[C@H](CC2=O)C(=O)Nc3ccc(cc3)S(=O)(=O)Nc4nccc(n4)C)OC
dude_tryb1__L003381,C[C@H]1[C@H]([C@@H]([C@H]([C@H](O1)Oc2c(=O)c3c(cc(cc3oc2c4ccc(cc4)O)O)O)O)OC(=O)C)OC(=O)C
dude_tryb1__L003382,Cc1cc([nH+]c2c1c(c(s2)C(=O)OCC(=O)Nc3c(c4c(s3)CCCC4)C(=O)N)N)C
dude_tryb1__L003383,[H]\N=C\1/C(=C/c2cc(c(c(c2)Cl)OCCOc3ccc(c(c3)C)C)OC)/C(=O)N=C4N1OC(=C4)C
dude_tryb1__L003384,Cc1c2cc(cnc2[nH]n1)c3cc(cnc3c4ccoc4)OC[C@H](CC5=c6ccccc6=[NH+]C5)[NH3+]
dude_tryb1__L003385,Cc1c(cn(n1)C)[C@H]2[C@@H]([C@@H](Nc3n2ncn3)C)C(=O)Nc4ccc(cc4)S(=O)(=O)N
dude_tryb1__L003386,CNC(=O)c1csc(n1)N/N=C/[C@@H]([C@H]([C@H](CO)O)O)O
dude_tryb1__L003387,CCCCCCOc1ccc(cc1)[C@H]2c3c(n[nH]c3C(=O)N2CCCO)c4ccccc4O
dude_tryb1__L003388,Cc1cc(nc(n1)N/C(=N\C(=S)Nc2cc(c(c(c2)OC)OC)OC)/NCC(C)C)C
dude_tryb1__L003389,c1nc(c2c(n1)n(cn2)[C@H]3[C@H]([C@@H]([C@@H](O3)COP(=S)(O)O)O)O)N
dude_tryb1__L003390,COc1ccc(cc1)C2=N[C@@H]3[C@@H]([C@@H]2[C@@H]4C(=NC(=O)NC4=O)N)C(=O)NC(=O)N3
dude_tryb1__L003391,COCC[NH+](Cc1[nH]c(=O)c2c(csc2n1)c3ccc(c(c3)OC)OC)C[C@@H](COc4ccccc4)O
dude_tryb1__L003392,COc1cccc(c1O)C(=O)NNC(=O)NC[C@@H](c2ccco2)[NH+]3CCCC3
dude_tryb1__L003393,c1ccc(cc1)c2csc3c2c(=O)[nH]c(n3)C[NH+](CCN4CCOCC4)C[C@@H](CN5CCOCC5)O
dude_tryb1__L003394,CCCC[C@@]1(C(=O)N(C(=O)N1)CC(=O)N([C@H]2CCS(=O)(=O)C2)C3CCCC3)c4ccccc4
dude_tryb1__L003395,CC[C@H](c1ccc(cc1C)C)NC(=O)CN(c2ccc(cc2)S(=O)(=O)N(C)C)S(=O)(=O)C
dude_tryb1__L003396,CCOC(=O)c1c(c2c(=O)[nH]c(nc2s1)C[NH+](Cc3ccco3)C[C@H](COCc4ccco4)O)C
dude_tryb1__L003397,Cc1ccc(cc1)S(=O)(=O)Nc2nc3c(s2)C[C@H]4[C@]([C@@H]3CC(=O)N(C)CC=C)(CC[C@H]([C@@]4(C)CO)O)C
dude_tryb1__L003398,CCOc1ccc(cc1)NC(=O)c2c3c(sc2NC(=O)C[NH2+]C[C@H]4CCCO4)CCC3
dude_tryb1__L003399,c1cc(ncc1Cl)C(CNc2ccc(c(c2F)CC(=O)NCCONC(=[NH2+])N)Cl)(F)F
dude_tryb1__L003400,CC(C)S(=O)(=O)C1=C2Nc3ccccc3C[NH+]2[C@H](C1)C(=O)N([O-])S(=O)(=O)Oc4ccccc4
dude_tryb1__L003401,Cc1c(c(n(n1)[C@@H]2CCS(=O)(=O)C2)Cl)/C=C/C(=O)OCc3[nH]c(=O)c4c(n3)ccs4
dude_tryb1__L003402,Cc1ccc(cc1NC(=O)CSCC2=NC(=O)C3=C([C@H](SC3=N2)C)C)S(=O)(=O)N(C)C
dude_tryb1__L003403,C[NH+]1CC[C@H](C1)CNS(=O)(=O)c2cc(cnc2NN)Br
dude_tryb1__L003404,C[C@@H](C(=O)Nc1nc(cs1)C[NH+]2CCCCCC2)NC(=O)C34CC5CC(C3)CC(C5)C4
dude_tryb1__L003405,Cc1cc(=O)c(nn1c2ccccc2C(F)(F)F)C(=O)NN3C(=O)C4(CCC(CC4)C)NC3=O
dude_tryb1__L003406,COc1cccc(c1)N2C[C@H](CC2=O)C(=O)Nc3c4c(nn3c5ccc(cc5)[N+](=O)[O-])CS(=O)(=O)C4
dude_tryb1__L003407,C[C@H](C(=O)Nc1nccs1)Sc2nnc(n2c3ccccc3)[C@@H](CO)NC(=O)c4ccccc4F
dude_tryb1__L003408,Cc1ccc(c(c1)N2CCN(CC2)[C@@H](c3cc4cc(ccc4[nH]c3=O)OC)c5nnnn5C[C@H]6CCCO6)C
dude_tryb1__L003409,COCCN1C(=O)[C@@H]2[C@@H](N[C@]3([C@@H]2C1=O)c4cc(ccc4NC3=O)F)CCC(=O)N
dude_tryb1__L003410,O=C(NCCc1ccccc1)c4ccc(C(=O)OCN3C(=O)c2ccccc2S3(=O)=O)cc4
dude_tryb1__L003411,CC[NH+](CC)[C@H](CN/C(=[NH+]/C1CC1)/N)c2ccc(cc2)C(F)(F)F
dude_tryb1__L003412,CN(CC(=O)Nc1ccc(cc1OC)OC)S(=O)(=O)C2=CC3=C4CCCCC4=N[C@@H]3C=C2
dude_tryb1__L003413,[H]/N=C\1/C(=C/c2ccc(c(c2)OCC)OC(=O)C[C@@H]3C(=O)NC(=O)S3)/SC(=O)N1
dude_tryb1__L003414,CCCCn1c(c(c(=O)[nH]c1=O)N(CC)C(=O)CCCn2c3ccccc3oc2=O)N
dude_tryb1__L003415,CCc1c(sc(n1)NC(=O)[C@H](C)Sc2nnc(n2CC=C)[C@H](CO)NC(=O)c3ccccc3F)C
dude_tryb1__L003416,COc1ccc2c(c1)cc(c(=O)[nH]2)[C@@H](c3nnnn3C[C@@H]4CCCO4)N5CCN(CC5)c6ccccc6
dude_tryb1__L003417,CN(CCCNC(=O)c1cccn2c1nnc2CN3CCOCC3)c4ccccc4
dude_tryb1__L003418,CCOc1ccc(cc1)N(C)S(=O)(=O)c2ccc3c(c2)c(=O)c(c[nH]3)C(=O)NCCCOC
dude_tryb1__L003419,C[NH+](C)CC[C@@](c1ccccc1)([C@](CC[NH+](C)C)(c2ccccc2)O)O
dude_tryb1__L003420,CCOc1ccc(cc1)c2nnc3n2nc(cc3)SCC(=O)Nc4ccc5c(c4)OCCO5
dude_tryb1__L003421,Cc1cccn2c1nc(c(c2=O)/C=C/3\C(=O)N(C(=S)S3)CC(=O)[O-])N4CCN(CC4)CCO
dude_tryb1__L003422,CC(=O)NCc1ccc(s1)C(=O)COC(=O)CNS(=O)(=O)c2ccc(c(c2F)F)F
dude_tryb1__L003423,C[C@@]1([C@]([C@@]([C@@]([C@](O1)(C)Oc2c[nH]c3c2c(c(cc3)Br)Cl)(C)O)(C)O)(C)O)CO
dude_tryb1__L003424,COC(C12c3ccccc3C(c4c1cccc4)[C@@H]5[C@H]2C(=O)N(C5=O)NC(=O)c6cccnc6)OC
dude_tryb1__L003425,C1CC1n2c(c(c(=O)[nH]c2=O)C(=O)CSc3nc([nH]n3)N)N
dude_tryb1__L003426,Cc1cc(c2cc(c([nH+]c2c1)NCCCNC(=S)NCCC[NH+]3CCOCC3)C#N)C
dude_tryb1__L003427,CC(C)CCN(C[C@@H](COc1cccc(c1)[N+](=O)[O-])O)c2c(n(c(=O)[nH]c2=O)Cc3ccccc3)N
dude_tryb1__L003428,NCCCC[C@H](NC(=O)OCc1ccccc1)C(=O)c4noc(CN3CCN(C(=O)CCCc2ccccc2)CC3)n4
dude_tryb1__L003429,CC(=O)Nc1ccc(cc1)NC(=O)CSCc2csc(n2)NC(=O)COc3cccc(c3)OC
dude_tryb1__L003430,CCCNC(=O)C[NH+]1CCC(CC1)NC(=O)NC[C@H](C)[NH+](CC)CC
dude_tryb1__L003431,CCCc1nnc(n1CC(=O)[O-])SCC2=C([C@@H](NC(=O)N2)c3ccccc3)C(=O)OCC
dude_tryb1__L003432,Cc1ccc(c(c1)OCc2nnc(n2CC=C)SCC(=O)Nc3ccc(cc3)S(=O)(=O)N(C)C)C
dude_tryb1__L003433,COCCN(CC(=O)Nc1nc(cs1)CC(=O)N2CCC3(CC2)OCCO3)C(=O)c4ccco4
dude_tryb1__L003434,COc1cc(c(cc1O)[N+](=O)[O-])/C=N/Nc2[nH]nc(n2)SCC(=O)Nc3c(cccc3F)F
dude_tryb1__L003435,CC[NH+](CC(C)C)[C@H](C[NH3+])c1cc(ccc1OC)Br
dude_tryb1__L003436,CCCn1c(c(c(=O)[nH]c1=O)C(=O)CSc2nnc(n2C3CC3)N4CCCC4)N
dude_tryb1__L003437,c1ccc(c(c1)NC(=O)C2CC[NH+](CC2)CC(=O)Nc3c(c4c(s3)CCC4)C#N)O
dude_tryb1__L003438,CN1[C@@H](NN=C1SCC(=O)C2=CC(=NC2)C(=O)N3CCCC3)C[C@H]4CCS(=O)(=O)C4
dude_tryb1__L003439,C[C@@H](CC[NH+](C)C)[NH2+]C[C@H](COc1cccc(c1)Br)O
dude_tryb1__L003440,CCc1ccc(cc1)NC(=S)N(CCCn2cc[nH+]c2)Cc3ccc(cc3OC)OC
dude_tryb1__L003441,CCNC(=O)c1cc2c(nc(nc2s1)N)c3cc(c(cc3Cl)Cl)OCC[NH+]4CCCC4
dude_tryb1__L003442,CC(C)[NH+](C)C[C@@H]1N[NH2+]NN1CC(=O)N2CC[C@@H]3C(=c4cc(ccc4=[NH+]3)Cl)C2
dude_tryb1__L003443,CC1CC[NH+](CC1)[C@H](CNC(=O)NC2CC[NH+](CC2)CC(=O)NC)C(C)C
dude_tryb1__L003444,CCC[C@H](C(=O)N/N=C\1/c2cc(ccc2N(C1=O)CCOc3ccc(cc3)OC)C)Oc4ccc(cc4)O
dude_tryb1__L003445,C[C@H](C(=O)NC(=O)NC1CCCCC1)Sc2nc3cc(ccc3o2)S(=O)(=O)N(C)C
dude_tryb1__L003446,c1cc(c(cc1/C=C/C(=O)OC[C@@H]([C@@H]([C@H](CO)O)O)O)O)O
dude_tryb1__L003447,CCN(CC)S(=O)(=O)c1cc(ccc1C)C(=O)Nc2cc(ccc2n3cncn3)Cl
dude_tryb1__L003448,NCCCC[C@H](NC(=O)OCc1ccccc1)C(=O)c4noc(CN3CCN(C(=O)OCc2ccccc2)CC3)n4
dude_tryb1__L003449,COc1cccc(c1)/C=C(/C#N)\C(=O)NNC(=O)NCCCn2cc[nH+]c2
dude_tryb1__L003450,CN(C)c1c(ccc[nH+]1)CNC(=O)NC[C@H](c2ccco2)[NH+]3CCCCC3
dude_tryb1__L003451,C[C@H](C(=O)Nc1c(c2c(s1)CCC2)C(=O)N)[NH+](C)CC(=O)NC(C)C
dude_tryb1__L003452,Cc1c(c(on1)C)S(=O)(=O)N2CCC(CC2)C(=O)N3CCN(CC3)[C@H]4CCS(=O)(=O)C4
dude_tryb1__L003453,c1ccc(cc1)C[NH+]2CCN(CC2)c3c(c(ncn3)Nc4ccc(c(c4)Cl)Cl)N
dude_tryb1__L003454,Cc1c(c(n(n1)[C@H]2CCS(=O)(=O)C2)C)CN(C)c3ccc(cc3[N+](=O)[O-])C(=O)N
dude_tryb1__L003455,Cc1c([nH]c([nH+]1)SCC(=O)N[C@@H]2[C@@H]([C@H](C(=N2)CCSC)C)C#N)Cc3ccc(cc3)O
dude_tryb1__L003456,CSCC[C@H](C(=O)NCCNc1ccccc1[N+](=O)[O-])NS(=O)(=O)/C=C/c2ccccc2
dude_tryb1__L003457,Cc1c(c(n(n1)c2ccccc2)Oc3ccccc3)C[NH+](Cc4ccccc4)C[C@H](COCC#C)O
dude_tryb1__L003458,c1cc([n+](cc1Cl)[O-])C(CNc2ccc(c(c2F)CC(=O)NCCONC(=[NH2+])N)C#N)(F)F
dude_tryb1__L003459,CCOC(=O)N[C@@H](CCCCN)C(=O)c3noc(Cc2ccc(C(=O)NCCc1cccc(Cl)c1)cc2)n3
dude_tryb1__L003460,c1ccc(cc1)OS(=O)(=O)N(c2ccccc2O)C(=O)[C@@H]3C[C@H](C4=[N+]3Cc5ccccc5N4)O
dude_tryb1__L003461,Cc1c2c(c(n(n2)c3ccc(cc3)Cl)n4cccc4)c(=O)n(n1)CC(=O)NCCC(C)C
dude_tryb1__L003462,Cc1cc(c(n1c2ccc(cc2)F)C)C(=O)OCC(=O)Nc3cc(c(c(c3)OC)OC)OC
dude_tryb1__L003463,C1CCC(CC1)CCCCCCO[C@H]2[C@@H]([C@@H]([C@@H]([C@@H](O2)CO)O[C@@H]3[C@@H]([C@@H]([C@@H]([C@@H](O3)CO)O)O)O)O)O
dude_tryb1__L003464,CCCCCCN(CCCCCC)c1c(nc2ccccc2n1)NS(=O)(=O)c3ccc(cc3)N
dude_tryb1__L003465,COC(=O)[C@@]1([C@@H]2[C@@H]([C@@H](N1)c3ccccc3F)C(=O)N(C2=O)c4ccc5c(c4)OCCO5)CCSC
dude_tryb1__L003466,CC(C)NS(=O)(=O)c1ccc(cc1)/C=C/C(=O)NCCN2C(=O)/C(=C/c3ccccc3)/SC2=O
dude_tryb1__L003467,CC(C)S(=O)(=O)c1ccc(cc1)C(=O)Nc2nnc(o2)c3ccc(cc3)S(=O)(=O)C
dude_tryb1__L003468,C/C(=N\NC(=O)N)/[C@]12[C@@H](C[C@H]3[C@@]1(CC[C@@H]4[C@@H]3CCC5=C/C(=N\NC(=O)N)/CC[C@]45C)C)OC(O2)(C)C
dude_tryb1__L003469,CCOc1ccccc1[C@H]2C3=C(CCCC3=O)Nc4n2nc(n4)c5cc(c(c(c5)OC)OC)OC
dude_tryb1__L003470,c1c(c(cc2c1OCCO2)Br)CSc3nnc(n3C[C@H]4CCCO4)CCC(=O)N
dude_tryb1__L003471,CCOc1cc(ccc1OCc2ccc(cc2)Br)/C=N/NC(=[NH2+])N
dude_tryb1__L003472,Cc1c(c(n(n1)CCC(=O)N[C@@H]2[C@H]3N(C2=O)C(=C(CS3)COC(=O)C)C(=O)[O-])C)[N+](=O)[O-]
dude_tryb1__L003473,Cc1ccc(cc1)Oc2c(c(nn2c3ccccc3)C)C[NH+](CC4CC4)C[C@@H](COCC(C)C)O
dude_tryb1__L003474,c1ccc(cc1)c2c([nH+]c([nH]2)c3ccc(c(c3)O)O)c4ccc(cc4)S(=O)(=O)c5ccccc5
dude_tryb1__L003475,CC1(C(=O)NCCN1CCS(=O)(=O)CCN2CCNC(=O)C2(C)C)C
dude_tryb1__L003476,Cc1ccc(cc1)S(=O)(=O)N(Cc2ccco2)CC(=O)Nc3ccc(c(c3)NS(=O)(=O)C)F
dude_tryb1__L003477,CCOC(=O)c1c(c2ccc(c(c2s1)OC[C@@H](CN3CCOCC3)O)Br)NC(=O)C
dude_tryb1__L003478,Cn1c2c(c(n1)C(=O)NCCCN3CCOCC3)CN(CC2)C(=O)c4ccc5c(c4)cc[nH]5
dude_tryb1__L003479,CC[C@H](c1ccc(cc1)Br)NC(=O)C2=NN(C(=O)CC2)[C@@H]3CCS(=O)(=O)C3
dude_tryb1__L003480,CCOc1cc(cc(c1OC)Br)C[NH2+]CCNc2ccc(cc2Cl)[N+](=O)[O-]
dude_tryb1__L003481,Cc1c2c(ncnc2sc1C(=O)NCCCN3CCOCC3)N4CCN(CC4)c5ccc(cc5)OC
dude_tryb1__L003482,c1cc2c(c(c1)O[C@@H]3[C@H]([C@@H]([C@@H]([C@@H](O3)CO)O)O)O)C(=O)c4c(cc(cc4O)CO)C2=O
dude_tryb1__L003483,CCOc1ccc(cc1OCC)[C@@H]2c3c(cc(n(c3=O)CCN4CCOCC4)C)OC(=C2C#N)N
dude_tryb1__L003484,CCCCC[C@H](C)[C@@H](C)c1cc(c2c(c1)OC(C3=C2C[NH+](CC3)CC(=O)N)(C)C)O
dude_tryb1__L003485,Cc1c(cc(n1CCCN2CCCC2=O)c3csc(n3)c4cn(nc4SC)c5ccccc5)C(=O)N
dude_tryb1__L003486,C[C@@]12CC[C@H]([C@@]([C@H]1Cc3c(nc(s3)NC(=O)C4CCCCC4)[C@H]2CC(=O)N(C)CC=C)(C)CO)O
dude_tryb1__L003487,CCON(C(=O)[C@H]1CC(=C2[NH+]1Cc3ccccc3N2)S(=O)(=O)c4ccccc4)S(=O)(=O)C(C)C
dude_tryb1__L003488,[H]\N=C\1/C(=C\c2cc(c(c(c2)Cl)OCCOc3cc(ccc3C)C)OC)/C(=O)N=C4N1OC(=C4)C
dude_tryb1__L003489,CCc1ccc(cc1)N([C@H](c2ccc(cc2)OC)C(=O)NCCOC)C(=O)c3c(c(ns3)C(=O)N)N
dude_tryb1__L003490,c1ccc(c(c1)c2c3c(n(nc3nc(n2)NCC[NH+]4CCCCC4)c5ccc(cc5)Cl)N)F
dude_tryb1__L003491,c1ccc(cc1)COc2ccc(cc2C(=O)N)[C@H](C[NH2+]C[C@H]3c4ccccc4CCO3)O
dude_tryb1__L003492,C[C@H](C(=O)[O-])NC(=O)[C@H](CC1=c2ccccc2=[NH+]C1)N3C(=O)[C@H]4C=CC=CC4=NC3=O
dude_tryb1__L003493,Cc1ccc(cc1C)N2C[C@H](CC2=O)C(=O)Oc3coc(cc3=O)CSc4nnc(s4)NC(=O)C
dude_tryb1__L003494,Cc1cc(c(n1c2ccc(cc2)C(=O)OC)C)C(=O)CN3C(=O)[C@](NC3=O)(C)c4ccsc4
dude_tryb1__L003495,C[C@H](C(=O)Nc1ccc2c(c1)OCCCO2)NS(=O)(=O)c3ccc4c(c3)OCCCO4
dude_tryb1__L003496,CC[C@H](C)NS(=O)(=O)c1ccc(cc1)Nc2cc([nH+]c3c2ccc(c3)C(F)(F)F)C
dude_tryb1__L003497,C[C@H](C(=O)OCC(=O)N1[C@H](CC(=N1)c2ccc(cc2)Cl)c3ccco3)NC(=O)c4ccco4
dude_tryb1__L003498,c1cc(cc(c1)Cl)c2c3c(n(nc3nc(n2)NCC[NH+]4CCCC4)c5cccc(c5)F)N
dude_tryb1__L003499,CO[C@H]1[C@@H]([C@H]([C@@H]([C@H](O1)COC(=O)/C=C/c2ccc(c(c2)O)O)O)O)O
dude_tryb1__L003500,c1ccc2c(c1)[nH]c(=O)n2C3CC[NH+](CC3)CC(=O)N[C@@H]4[C@H](C5=C(S4)CCC5)C(=O)N
dude_tryb1__L003501,CN(C)c1ccc(cc1)[C@@H](CNS(=O)(=O)[C@H]2CCS(=O)(=O)C2)S(=O)(=O)c3cccs3
dude_tryb1__L003502,Cn1c2c(c(=O)[nH]c1=O)n(c(n2)N3CCN(CC3)CC(=O)N)Cc4ccc(cc4)Br
dude_tryb1__L003503,Cc1ccc(c(c1)C)N(C)[C@@H](C[NH3+])c2cc(c(o2)Br)Br
dude_tryb1__L003504,Cc1cc(ccc1F)S(=O)(=O)[C@@H](CNC(=O)c2cc(c(c(c2)OC)OC)OC)c3cccnc3
dude_tryb1__L003505,CN1[C@H]2[C@@H](C(=O)N(C1=O)C)[N-][C@@H]([NH+]2Cc3ccccc3F)SCC4=Nc5ncnn5C(=O)C4
dude_tryb1__L003506,CCCC(=O)OC[C@H](C[NH+](Cc1[nH]c(=O)c2c(csc2n1)c3cccc(c3)OC)CC(C)C)O
dude_tryb1__L003507,CS(=O)(=O)Nc1ccc(cc1)C2=NN([C@@H](C2)c3cccc(c3)[N+](=O)[O-])C(=O)CCC(=O)[O-]
dude_tryb1__L003508,C[C@H](c1ccc2c(c1)OCCO2)NC(=O)Cn3cc(ccc3=O)S(=O)(=O)N(C)C
dude_tryb1__L003509,C[C@@H](CNC(=O)N[C@H](CO)C(=O)[O-])C[NH+]1CCCC1
dude_tryb1__L003510,C[C@@H](C(=O)Nc1cccnc1Cl)[NH2+]CC2(CCOCC2)c3cccc(c3)F
dude_tryb1__L003511,Cc1c(cn(n1)C)C[NH2+]Cc2ccccc2OC[C@H](C[NH+]3CCSCC3)O
dude_tryb1__L003512,CCOc1cc(cc(c1O)Br)/C=N/[NH+]=C(\c2c([n+](c3ccccc3n2)[O-])N)/N
dude_tryb1__L003513,c1cc2c(ccc3c2c(c1)C(=O)N3C(=O)c4ccncc4)S(=O)(=O)N(CCO)CCO
dude_tryb1__L003514,CC[C@H](C)[C@@H](C(=O)N[C@@H](CC1=c2ccccc2=[NH+]C1)C(=O)[O-])NC(=O)N3CC(=Nc4c3cccc4)O
dude_tryb1__L003515,c1cc2c(c(c1)Br)Oc3c(c(=O)[nH]c(=O)[nH]3)[C@H]2C4C(=O)NC(=O)NC4=O
dude_tryb1__L003516,C[C@]12CC[C@H]3[C@H]([C@@]1(CC[C@H]2C4=CC(=O)OC4)O)CC[C@@]5([C@@]3(CC[C@@H](C5)O)/C=N/NC(=O)N)O
dude_tryb1__L003517,CC(C)c1cccc(c1OC[C@@H](C[NH2+]C(C)C)O)OC[C@H](C[NH2+]C(C)C)O
dude_tryb1__L003518,CC(C)c1ccc(cc1)N2CCN(C2=O)CC(=O)NCCn3c(=O)ccc(n3)c4ccco4
dude_tryb1__L003519,CC(C)S(=O)(=O)C1=C[C@H]2C[C@@H]3CO[P@@](=O)(NN3C[C@@H]2C=C1F)S(=O)(=O)Oc4ccccc4
dude_tryb1__L003520,CC/C=C\[C@@H]([C@H](C1=C(C(=O)[C@@]2(O1)[C@H]([C@](NC2=O)(C(=O)c3ccccc3)OC)O)C)O)O
dude_tryb1__L003521,Cc1ccc[nH+]c1N[C@H](c2cccnc2)c3cc(c4cccnc4c3O)Cl
dude_tryb1__L003522,CC(=O)Nc1ccc(cc1)NC(=O)[C@H]2CCCN(C2)S(=O)(=O)c3ccc4c(c3)CCCN4C(=O)C
dude_tryb1__L003523,Cc1cc(ccc1Br)OCC(=O)NNC(=O)[C@@H](C)Oc2ccccc2[N+](=O)[O-]
dude_tryb1__L003524,C[C@]1(C(=O)N(C(=O)N1)CCc2ccc(cc2)OC)C3CC[NH+](CC3)Cc4ccc(cc4)OCCO
dude_tryb1__L003525,CCCCc1ccc(cc1)CC(=O)N(Cc2ccco2)c3c(n(c(=O)[nH]c3=O)CCCC)N
dude_tryb1__L003526,CCC[NH+](CCC)CCNC(=O)[C@]1(c2ccccc2NC(=O)N1c3cccc(c3)OC)O
dude_tryb1__L003527,c1cc(cc(c1)n2cnnn2)C(=O)Nc3ccc(cc3)S(=O)(=O)N[C@@H]4CCS(=O)(=O)C4
dude_tryb1__L003528,NCCCC[C@H](NC(=O)OCc1ccccc1)C(=O)c4noc(Cc3ccc(C(=O)NCCc2ccccc2)cc3)n4
dude_tryb1__L003529,CNC1=C(CC(=C(N1C)N2CCN(CC2)S(=O)(=O)C)[N+](=O)[O-])[N+](=O)[O-]
dude_tryb1__L003530,Cc1ccc(cc1)S(=O)(=O)CNC(=O)[C@@H](c2cccc(c2)O)N(Cc3ccc(o3)C)C=O
dude_tryb1__L003531,Cc1ccc(cc1)S(=O)(=O)N[C@@H](C(C)C)C(=O)N2CCOCCOCCOCCOCC2
dude_tryb1__L003532,c1cc(c[n+](c1)[O-])C(=O)OCC(=O)Nc2c(cc(cc2Br)[N+](=O)[O-])Br
dude_tryb1__L003533,CC[NH+]1CCN(CC1)CCCC[NH2+]Cc2c(nn(c2C)CCO)C
dude_tryb1__L003534,CC1(CC(CC([NH2+]1)(C)C)Nc2c(c(ncn2)NNC(=O)c3ccc(c(c3)[N+](=O)[O-])Cl)[N+](=O)[O-])C
dude_tryb1__L003535,CCCC(=O)OC[C@@H](C[NH+](Cc1ccco1)Cc2[nH]c(=O)c3c(c(sc3n2)C(=O)OC)CC)O
dude_tryb1__L003536,Cc1ccc(cc1)N([C@H](c2ccc(cc2)OC)C(=O)NCCOC)C(=O)c3c(c(ns3)C(=O)N)N
dude_tryb1__L003537,Cc1ccc2=[NH+]CC(=c2c1)CCN3C[C@@H](CC3=O)C(=O)N[C@H]4NN[C@@H](S4)COC
dude_tryb1__L003538,CCCCSc1nc2n(n1)[C@H](C(=C(N2)C)C(=O)N)c3ccc(c(c3)OCC)OCc4ccccc4C
dude_tryb1__L003539,Cn1ccc(n1)c2nnc(n2C[C@H]3CCCO3)SCC(=O)NNC(=S)NC[C@H]4CCCO4
dude_tryb1__L003540,Cc1ccc(c(c1)S(=O)(=O)[C@@H](CNC(=O)C(=O)N2CCN(CC2)C=O)c3cccs3)C
dude_tryb1__L003541,Cn1cc(cn1)S(=O)(=O)N2CCC[C@H](C2)C(=O)Nc3ccn(n3)Cc4c(cccc4Cl)Cl
dude_tryb1__L003542,CCOc1ccc(cc1OC)CNS(=O)(=O)c2ccc(s2)c3nnc(o3)C
dude_tryb1__L003543,CC(C)(C)c1ccc(cc1)Cn2c(ccn2)NC(=O)C3=NN(C(=O)CC3)[C@H]4CCS(=O)(=O)C4
dude_tryb1__L003544,Cc1cc(n2c(n1)nc(n2)C(=O)N/N=C/c3ccc(c(c3)OC)OCC(=O)N)C
dude_tryb1__L003545,Cc1ccccc1Cn2cnc3c(c2=O)cnn3CCNC(=O)[C@H]4CC(=O)N(C4)c5ccc(cc5)F
dude_tryb1__L003546,CCCCOc1ccc(cc1OC)[C@H]2C(=C(C(=O)N2CCOC)O)C(=O)c3ccco3
dude_tryb1__L003547,Cc1ccc(c(c1)NC(=S)N/N=C/c2ccc(c(c2)OC)OCC(=O)Nc3ccc(cc3OC)Cl)C
dude_tryb1__L003548,COCC[NH+](Cc1[nH]c(=O)c2c(csc2n1)c3ccc(cc3)OC)C[C@H](COCC#C)O
dude_tryb1__L003549,c1cnn(c1)c2ccc(cc2F)NC(=O)C3=NC=C(C3)S(=O)(=O)N4CCOCC4
dude_tryb1__L003550,CCOc1ccc(cc1OCC)[C@H]2C(=C(C(=O)N2CC[NH+]3CCCC3)[O-])C(=O)c4ccc5c(c4)OCCO5
dude_tryb1__L003551,CC(=O)Nc1ccc(cc1)S(=O)(=O)N[C@H](CO)[C@@H](c2ccc(cc2)[N+](=O)[O-])O
dude_tryb1__L003552,CC(C)Cn1c(c(c(=O)[nH]c1=O)N(CCOC)C(=O)CCN2C(=O)[C@@H]3CC=CC[C@@H]3C2=O)N
dude_tryb1__L003553,CC(C)(C)c1cc(cc(c1O)C(C)(C)C)[C@@H](C[NH2+]CCn2cnc3c2c(=O)n(c(=O)n3C)C)O
dude_tryb1__L003554,C[C@H](C(=O)[O-])NC(=O)COc1ccc2c(c1)O/C(=C\c3cc(c(c(c3)OC)OC)OC)/C2=O
dude_tryb1__L003555,Cc1ccc(cc1)S(=O)(=O)CNC(=O)[C@H](c2ccc(cc2)[N+](=O)[O-])N(C(=O)CO)C(C)(C)C
dude_tryb1__L003556,C[C@@]12CC[C@H]3[C@@H]([C@@]1(CC[C@@H]2C4=CC(=O)OC4)O)CC[C@@]5([C@@]3(CC[C@@H](C5)O)/C=N/CCN6CCOCC6)O
dude_tryb1__L003557,CCCc1nc2c(c(n1)SCC(=O)Nc3ccccc3C(F)(F)F)c(=O)n(c(=O)n2C)C
dude_tryb1__L003558,CCc1ccccc1N([C@@H](c2ccc(o2)C)C(=O)NC[C@@H]3CCCO3)C(=O)c4c(c(ns4)C(=O)N)N
dude_tryb1__L003559,COc1ccccc1[C@H]2[NH2+][C@H](CC(=N2)c3ccc4c(c3)OCO4)c5cc(ccc5O)Cl
dude_tryb1__L003560,Cc1ccc(cc1F)NS(=O)(=O)c2ccc3c(c2)c(=O)n(c(=O)n3C)CC(=O)N4CCCC4
dude_tryb1__L003561,COC(=O)c1c2c(sc1NC(=O)CCSc3nnc(n3CC=C)CNc4ccccc4)CCC2
dude_tryb1__L003562,Cc1c(cco1)c2nnc(n2N)SCC(=O)N3[C@H](CC(=N3)c4ccco4)c5cccs5
dude_tryb1__L003563,CCOC(=O)C1=C(N=C2N([C@H]1c3cc(cc(c3)OC)OC)C(=CS2)/C=C(/NCC[NH+](C)C)\[O-])C
dude_tryb1__L003564,CC(C)CCOc1ccc(cc1C(=O)NC(=S)Nc2ccc(cc2)NC(=O)CC(C)C)Br
dude_tryb1__L003565,CC1(CC(=O)C2([C@H]3[C@H](C(=O)N(C3=O)N(C)c4c(cc(cn4)C(F)(F)F)Cl)ON2)C(=O)C1)C
dude_tryb1__L003566,CCCN(CC[NH+](C)C)[C@H](C[NH3+])c1cc(ccc1F)Br
dude_tryb1__L003567,CC(C)[C@@H](C(=O)N[C@@H]([C@H](C)O)C(=O)[O-])N1C(=O)[C@@]2(c3c(c4ccccc4[nH]3)CCN2C1=O)C
dude_tryb1__L003568,CC1=NC2=C([C@@H](C1C(=O)OC[C@@H]3CCCO3)c4ccc(c(c4)O)OC)C(=O)C[C@@H](C2)c5ccco5
dude_tryb1__L003569,CCCCN(c1c(n(c(=O)[nH]c1=O)CC(C)C)N)C(=O)C[NH+](Cc2ccc(cc2)C(C)C)C3CC3
dude_tryb1__L003570,c1cc(oc1)[C@@H](CNS(=O)(=O)[C@H]2CCS(=O)(=O)C2)S(=O)(=O)c3ccc4c(c3)OCO4
dude_tryb1__L003571,CC[C@@H](c1nnnn1Cc2ccc(cc2)F)N(Cc3cc4cc(ccc4[nH]c3=O)OCC)C[C@@H]5CCCO5
dude_tryb1__L003572,C[C@@H]1C(=O)N2C(=C([C@H](C(=C2S1)C(=O)OC)c3cccc(c3OC)OC)C(=O)OC)N
dude_tryb1__L003573,CCOCCCNS(=O)(=O)c1ccc(cc1)NC(=O)[C@@H]2CC(=O)N(C2)c3ccc(c(c3)Cl)F
dude_tryb1__L003574,Cc1cc(cc(c1)OCC(=O)Nc2c(c(c(s2)C(=O)N)C)C(=O)OCCOC)C(C)C
dude_tryb1__L003575,c1ccc2c(c1)ccc(c2C[NH2+]CCNC(=O)c3c(non3)N)OCc4ccccc4F
dude_tryb1__L003576,CCc1ccc2c(c1)cc(c(=O)[nH]2)CN(Cc3ccco3)[C@@H](c4nnnn4C[C@@H]5CCCO5)C(C)C
dude_tryb1__L003577,CC(C)(CO)[NH2+]Cc1cc2cc3c(cc2n(c1=O)CC[NH+]4CCCCC4)OCO3
dude_tryb1__L003578,c1cnc(nc1)N2CCN(CC2)C(=O)c3ccc(cc3)/N=C\4/N[C@@H]5CS(=O)(=O)C[C@@H]5S4
dude_tryb1__L003579,CC(C)[NH+](CCO)Cc1cccc(c1)c2[nH]c(=O)c3c(n2)CC[NH2+]C3
dude_tryb1__L003580,CCc1cccc2=C(C[NH+]=c12)C(=O)CS[C@@H]3NN[C@@H]([NH+]3CC(=O)[O-])c4ccc(cc4)Cl
dude_tryb1__L003581,C1[C@H]2[C@@H](CS1(=O)=O)N(C(=S)N2)CCN3[C@H]4CS(=O)(=O)C[C@@H]4NC3=S
dude_tryb1__L003582,Cc1ccccc1N([C@@H](c2ccc(cc2)OC)C(=O)NC[C@@H]3CCCO3)C(=O)c4c(c(ns4)C(=O)N)N
dude_tryb1__L003583,COc1ccc(cc1)CN(Cc2cc3cc4c(cc3[nH]c2=O)OCCO4)S(=O)(=O)c5ccc(cc5)Cl
dude_tryb1__L003584,CCn1cc(c(=O)c2c1nc(cc2)C)C(=O)NC[C@H](c3ccco3)N4CCN(CC4)c5ccc(cc5)OC
dude_tryb1__L003585,C1C[C@@H](OC1)CNC(=O)CO/N=C(\c2c(non2)N)/N
dude_tryb1__L003586,CC1=C([C@@H](N2C(=CSC2=N1)/C=C(/NCC[NH+](C)C)\[O-])c3cccc(c3OC)OC)C(=O)OC(C)C
dude_tryb1__L003587,c1ccc(cc1)N(c2ccccc2)Nc3c(c(ncn3)NNC(=O)c4ccccc4F)N
dude_tryb1__L003588,CCCCN(c1c(n(c(=O)[nH]c1=O)CC(C)C)N)C(=O)CN2C(=O)[C@](NC2=O)(C)c3ccccc3
dude_tryb1__L003589,C/C(=N\Nc1[nH]nc(n1)SCCC(=O)Nc2ccc(cc2)OC(F)(F)F)/C34CC5CC(C3)CC(C5)C4
dude_tryb1__L003590,C[C@H]([C@H](c1cccs1)N2CCN(CC2)c3ccccc3OC)NC(=O)C(=O)NCCN4CCOCC4
dude_tryb1__L003591,Cc1c(c([nH]c1C(=O)[C@@H](C)OC(=O)CCc2c(nn(c2C)CC(C)C)C)C)C(=O)OC
dude_tryb1__L003592,CCCC[C@H](CC)C(=O)N(Cc1ccc(o1)C)[C@@H](c2c(cc(cc2O)O)O)C(=O)NC(C)(C)CC(C)(C)C
dude_tryb1__L003593,CC[C@H]1CN(CC[C@H]1CC(=O)N(C)CCO)S(=O)(=O)c2c(noc2C)C
dude_tryb1__L003594,C[C@@H]1C[C@@H]1c2ccc(o2)C[NH+](C)CC(=O)N(CC(C)C)c3c(n(c(=O)[nH]c3=O)Cc4ccccc4)N
dude_tryb1__L003595,c1cc(oc1)CNC(=O)/C=C\2/CS[C@@H](N2)NC(=O)C3=CCC(=O)N=C3
dude_tryb1__L003596,Cc1cc(nc([nH+]1)C(C)C)N2CC[NH+](CC2)[C@@H](C)C(=O)Nc3c(ccs3)C(=O)N
dude_tryb1__L003597,c1ccc(cc1)C2=[NH+]C(c3c(=O)[nH]c(=S)n(c3N2)c4ccccc4)(C(F)(F)F)C(F)(F)F
dude_tryb1__L003598,Cc1ccc(c(c1)S(=O)(=O)N2CCc3c(c(nn3C)CN(c4ccccc4)C(=O)C)C2)NC(=O)C
dude_tryb1__L003599,c1ccc(cc1)C2=NN[C@](S2)(CO)[C@@H]([C@@H]([C@H](CO)O)O)O
dude_tryb1__L003600,CCCCc1[nH]cc(n1)C[NH+]2CCC(CC2)C[C@@H]3NN[C@@H]([NH+]3C)CO
dude_tryb1__L003601,Cc1ccc(c(c1)C)OCC(=O)c2ccc3c(c2)N(C(=O)CO3)[C@@H](C)C(=O)NCc4cccnc4
dude_tryb1__L003602,CC1(CC(CC([NH2+]1)(C)C)Nc2nc(nc(n2)N3CCOCC3)NC4CC([NH2+]C(C4)(C)C)(C)C)C
dude_tryb1__L003603,CCC[NH+]1Cc2cccc(c2C1)NC(=O)C[C@H](c3ccccc3C)NC(=O)N
dude_tryb1__L003604,Cc1cc(ccc1N[C@H]2[C@H]([C@@H]([C@@H](O2)[C@H](CO)O)O)O)[N+](=O)[O-]
dude_tryb1__L003605,COc1cc(c(cc1OC)OC)[C@@H]2c3c([nH]c[nH+]3)C[C@H](N2C(=S)NCC=C)C(=O)[O-]
dude_tryb1__L003606,Cc1c(c(n(n1)c2ccccc2)Oc3ccc(cc3)F)C[NH+](CC4CC4)C[C@@H](COCC(C)C)O
dude_tryb1__L003607,CC1(C(=O)Nc2ccccc2N1C(=O)COC(=O)[C@@H]3CC(=O)N(C3)c4ccc5c(c4)OCCO5)C
dude_tryb1__L003608,COC1=C[C@H]2C[NH+]3[C@@H](C[C@@H]2C=C1S(=O)(=O)Oc4ccccc4)CO[P@@](=O)(N3)c5ccccc5O
dude_tryb1__L003609,Cc1c2cc(ccc2[nH]c1C[NH2+][C@H](C)C3=CNN([C@@H]3C)c4cccc5c4cccc5)OC
dude_tryb1__L003610,Cc1c(cc(n1[C@@H](Cc2ccc(cc2)O)C(=O)NCC[NH+](C)C)c3cccc(c3)C#N)C(=O)N
dude_tryb1__L003611,c1cc(oc1)CNc2nc3c(ncnc3n2[C@@H]4[C@H]([C@@H]([C@@H](O4)CO)O)O)N
dude_tryb1__L003612,CC[C@@H](C)c1ccccc1OCC(=O)NNC(=S)NC(=O)c2cccc(c2)OCCC(C)C
dude_tryb1__L003613,CCS(=O)(=O)Nc1cc(ccc1N2CC[NH+](CC2)CC(=O)NCCOC)C(=O)[O-]
dude_tryb1__L003614,C[C@H](C(=O)NC[C@@H]1CCCO1)N(C2CCCC2)C(=O)c3c(c(ns3)C(=O)N)N
dude_tryb1__L003615,CCOc1ccc(cc1S(=O)(=O)Nc2ccc(cc2)C(C)C)N3C(=O)CCS3(=O)=O
dude_tryb1__L003616,CCC[NH+]1Cc2cccc(c2C1)NC(=O)C(=O)NC[C@H](C)[NH+]3CCCC3
dude_tryb1__L003617,COc1cc(ncn1)NS(=O)(=O)c2ccc(cc2)NC(=O)c3c(c(n[nH]3)OC)[N+](=O)[O-]
dude_tryb1__L003618,CCN(C(=O)[C@H]1CC(=C2[NH+]1Cc3ccccc3N2)S(=O)(=O)Oc4ccccc4)S(=O)(=O)C(C)C
dude_tryb1__L003619,CCc1nnc(s1)NC(=O)CSc2nnc(n2CC=C)c3cccc(c3)OC
dude_tryb1__L003620,CCc1nnc(o1)CN(C)C(=O)CSc2nc([nH]n2)N/N=C/c3c(nn(c3C)CCO)C
dude_tryb1__L003621,Cc1nc(N)ccc1CNc3nc(Cl)c(C)n(CC(=O)Nc2cccc(CN)c2)c3=O
dude_tryb1__L003622,CCCC[C@@H](CC)C(=O)N(CCC)[C@H](c1c(cc(cc1O)O)O)C(=O)NC(C)(C)CC(C)(C)C
dude_tryb1__L003623,COc1ccc2c(c1)cc([nH]2)C[NH2+]C[C@@]3(CCC[NH+]4[C@@H]3CCCC4)O
dude_tryb1__L003624,CCN(CC)c1ccc(c(c1)O)/C=N/NC(=O)CSc2nnc(n2c3ccc(cc3)C)c4ccc(cc4)OC
dude_tryb1__L003625,CCCCCCn1c(=O)c2c3c(sc2nc1SCC(=O)Nc4c(ccs4)C(=O)N)CCC3
dude_tryb1__L003626,CC1(Cc2c(c([nH+]c3c2c4c(s3)c(ncn4)NCC[NH3+])N5CCOCC5)CO1)C
dude_tryb1__L003627,c1cc(c(cc1c2cc(=O)c3c(cc(cc3o2)O[C@H]4[C@@H]([C@H]([C@@H]([C@H](O4)C(=O)[O-])O)O)O)O)O)O
dude_tryb1__L003628,c1c(cc(cc1Cl)Cl)NC(=S)NNC(=O)Cn2nc(nn2)N3CCOCC3
dude_tryb1__L003629,c1ccn2c(c1)nc3c(c2=O)cc(c(=[NH2+])n3CCC[NH+]4CCOCC4)C(=O)NCc5ccco5
dude_tryb1__L003630,COc1cc(cc(c1OCC(=O)N)Br)C[NH2+]CCNc2ccc(cc2Cl)[N+](=O)[O-]
dude_tryb1__L003631,c1cnc(nc1)N2CCC[C@@H](C2)CNC(=O)[C@@H]3CN(CC34CC[NH2+]CC4)C(=O)C5CCOCC5
dude_tryb1__L003632,Cc1ccc(cc1)[C@@H](CN/C(=[NH+]/Cc2ccco2)/N)[NH+]3CCCC3
dude_tryb1__L003633,Cc1ccc(cc1)Nc2nc(nc(n2)N)C[NH+]3CCN(CC3)S(=O)(=O)c4ccccc4C#N
dude_tryb1__L003634,Cc1cc(sc1)c2cc(cc(c2)S(=O)(=O)N3CCOCC3)C(=O)NCCc4[nH]nc(n4)C
dude_tryb1__L003635,[H]/N=C\1/C(=C/c2ccc(c(c2)OCC)OS(=O)(=O)C)/C(=O)N=C3N1N=C(S3)SCC
dude_tryb1__L003636,Cc1ccc(cc1)S(=O)(=O)CCC(=O)Nc2c(c3c(s2)C[NH+](CC3)C(C)C)C(=O)N
dude_tryb1__L003637,C[C@H]1C(=c2cc(ccc2=[NH+]1)C#N)CCNC(=O)[C@H]3CN(CC34CC[NH2+]CC4)C(=O)C5CCN(CC5)C(=O)C
dude_tryb1__L003638,C[C@H]1[C@@H]([C@@H]([C@H]([C@H](O1)Oc2c(=O)c3c(cc(cc3oc2c4ccc(cc4)O)O)O)O)OC(=O)C)OC(=O)C
dude_tryb1__L003639,CC(C)CC[NH+](C)CCCC[C@@](C)(C(=O)N)[NH2+]C(C)C
dude_tryb1__L003640,COc1ccc(cc1)C(c2ccccc2)(c3ccccc3)OC[C@H]4[C@H]([C@@H]([C@H](O4)n5ccc(=O)[nH]c5=O)O)O
dude_tryb1__L003641,C[C@H](CC[NH+](C)C)[NH2+]C[C@H](COc1c(cccc1Cl)Cl)O
dude_tryb1__L003642,COc1cc2c(cc1O[C@@H]3[C@H]([C@H]([C@@H]([C@@H](O3)CO)O)O)O)occ(c2=O)c4ccc(cc4)O
dude_tryb1__L003643,CC(C)CN(CC[NH+](C)C)[C@H](C[NH3+])c1c(cccc1Cl)Cl
dude_tryb1__L003644,[H]/N=C\1/C(=C\c2ccc(c(c2)OC)OS(=O)(=O)C)/C(=O)N=C3N1N=C(S3)S(=O)(=O)CC
dude_tryb1__L003645,Cc1ccc(cc1)S(=O)(=O)CNC(=O)[C@@H](c2ccc(cc2)[N+](=O)[O-])N(C)C(=O)c3cccnc3
dude_tryb1__L003646,COc1ccc(cc1)[C@H](CNC(=O)c2c[nH]c(=S)n2c3ccc(cc3)F)[NH+]4CCCC4
dude_tryb1__L003647,Cc1cc(c(c(c1)C)S(=O)(=O)N2CCCO[C@@H]2CNC(=O)C(=O)NCCN3CCOCC3)C
dude_tryb1__L003648,c1cscc1C(=O)NNC(=O)N[C@@H]2CCS(=O)(=O)C2
dude_tryb1__L003649,[H]/N=C/1\C(=N/NC(=O)c2ccncc2)\C(=N\NC(=O)c3ccncc3)\[C@@H](O1)c4ccc(cc4)[N+](=O)[O-]
dude_tryb1__L003650,c1cc(cnc1)[C@@H](CNC(=O)C(=O)NNC(=O)c2ccco2)S(=O)(=O)c3ccc(cc3)Cl
dude_tryb1__L003651,CC(C)CN(CC[NH+](C)C)C[C@@](C)(C(=O)N)[NH2+]C(C)C
dude_tryb1__L003652,c1c2cc3c(cc2[nH]c(=O)c1CN(C[C@@H]4CCCO4)C(=S)NC[C@@H]5CCCO5)OCCO3
dude_tryb1__L003653,Cc1nnc(o1)CSc2nnc(s2)NC(=O)CSc3nnc(n3CC=C)c4cccc(c4)OC
dude_tryb1__L003654,CCC[NH+]1CCc2c(sc(c2C(=O)N)NC(=O)[C@H]3CC(=O)N(C3)c4ccc(cc4)F)C1
dude_tryb1__L003655,c1cc(c(cc1Cl)Cl)/C=N/NC(=O)c2c(n(nn2)c3c(non3)N)C[NH+]4CCCC4
dude_tryb1__L003656,c1ccc(cc1)c2cc(n[nH]2)C[NH2+]Cc3cccc(c3)OC[C@@H](CN4CCOCC4)O
dude_tryb1__L003657,c1cc(c(cc1c2cc(=O)c3c(cc(cc3o2)O[C@@H]4[C@@H]([C@H]([C@H]([C@H](O4)CO)O)O)O)O)O)O
dude_tryb1__L003658,Cc1cc(nc(n1)N/C(=N\C(=S)Nc2cc(ccc2OC)Cl)/NC3CC([NH2+]C(C3)(C)C)(C)C)C
dude_tryb1__L003659,COc1ccccc1OCC(=O)NNC(=S)NC(=O)c2ccccc2OCCOc3ccccc3
dude_tryb1__L003660,CC[NH+]1CCC[C@H]1CNC(=O)[C@@H]2CN(CC23CC[NH2+]CC3)C(=O)c4cnc5c(c4Cl)c(nn5C)C
dude_tryb1__L003661,CC(C)[C@@]12C[NH+]3C[C@@](C1=O)(CN(C2)[C@@H]3OC[C@@H]([C@H]([C@@H](CO)O)O)O)C(C)C
dude_tryb1__L003662,Cc1c2c(cc(nc2n(n1)[C@H]3CCS(=O)(=O)C3)C4CC4)C(=O)O[C@@H](C)C(=O)NC(=O)NC
dude_tryb1__L003663,C[C@H](C[NH2+]CC[NH2+]Cc1ccccc1OCc2ccc(cc2Cl)Cl)O
dude_tryb1__L003664,CC(C)c1ccc(cc1)[C@@H]2N/C(=C\C(=O)NCCC3=c4cc(ccc4=[NH+]C3)OC)/CS2
dude_tryb1__L003665,C[C@H]1C[C@@H](C[NH+](C1)C[C@@H](C)NC(=O)C(=O)Nc2ccc(c(c2)C(=O)N)Cl)C
dude_tryb1__L003666,CC(C)NC(=O)C(=O)NNC(=O)CCCn1c2ccc(cc2oc1=O)[N+](=O)[O-]
dude_tryb1__L003667,c1cc(ccc1/C=C/C(=O)NC(=S)NNC(=O)CCCOc2ccc(cc2Cl)Cl)[N+](=O)[O-]
dude_tryb1__L003668,CCCCn1c(c(c(=O)[nH]c1=O)N(Cc2ccccc2OC)C(=O)/C=C/c3ccc4ccccc4n3)N
dude_tryb1__L003669,Cc1cc(n2c(n1)c(cn2)C(=O)Nc3cccc(c3)S(=O)(=O)Nc4ccccc4OC)C
dude_tryb1__L003670,Cc1c(scn1)/C=C\C2=C(N3[C@@H]([C@H](C3=O)NC(=O)/C(=N\OC)/c4csc(n4)N)SC2)C(=O)OCOC(=O)C(C)(C)C
dude_tryb1__L003671,Cc1c(c(n[nH]1)C)NC(=O)[C@@H](CCSC)NC(=O)N
dude_tryb1__L003672,CC(C)CNC(=O)c1ccc(o1)CSc2nc(cc(n2)N3CCN(CC3)C(=O)C)COC
dude_tryb1__L003673,CC(C)(C)NC(=O)[C@H](c1cc(ccc1Cl)[N+](=O)[O-])N(Cc2ccco2)C(=O)c3ccco3
dude_tryb1__L003674,Cc1c(c(n(n1)CCO)C)/C=N/Nc2[nH]nc(n2)S[C@H](C)c3nnc(o3)C4CCC4
dude_tryb1__L003675,CC(=O)Nc1ccc(cc1)N2C[C@H](CC2=O)C(=O)Nc3ccc(cc3)S(=O)(=O)NC(=O)C
dude_tryb1__L003676,OC(=O)[C@@H]2[C@@H](CCC1CCCNC1)C(=O)N2C(=O)N4CCN(C(=O)CCCCCc3ccccc3)CC4
dude_tryb1__L003677,CC[NH+](CC)CCN1[C@@H](C(=C(C1=O)[O-])C(=O)c2ccc(c(c2)Cl)OCC)c3ccc(c(c3)OCC)O
dude_tryb1__L003678,CCCCCCOc1ccccc1C(=O)NC(=S)NNC(=O)COc2ccc(cc2)[C@H](C)CC
dude_tryb1__L003679,CC(C)([C@@H](Cc1c(cc2c(c1OC)ccc(=O)o2)OC)O)O[C@H]3[C@@H]([C@H]([C@@H]([C@H](O3)CO)O)O)O
dude_tryb1__L003680,CCc1c(c(nc([nH+]1)N)N)c2ccc(cc2)OCCCCNC(=O)CCCC[C@@H]3[C@@H]4[C@H](CS3)NC(=O)N4
dude_tryb1__L003681,COc1ccc(cc1)Cn2c(nnn2)[C@@H](c3cc4cc(ccc4[nH]c3=O)OC)[NH+]5CCC(CC5)O
dude_tryb1__L003682,CC(C)(C(=O)N[C@H](CC1=c2ccccc2=[NH+]C1)C(=O)N3CCC[C@@]4(C3)Cc5ccccc5[C@H]4O)[NH3+]
dude_tryb1__L003683,CCOC(=O)NN(C[NH+]1CC[C@@]23C=C[C@@H](C[C@@H]2Oc4c3c(ccc4OC)C1)O)C(=O)OCC
dude_tryb1__L003684,CC(C)(C)NC(=O)[C@H](c1c(cc(cc1O)O)O)N(c2ccccc2Cl)C(=O)c3cccc(c3O)O
dude_tryb1__L003685,C[C@]12CC[C@H]3c4ccc(cc4CC[C@@H]3[C@@H]1C[C@@]([C@@H]2O)(CCCCCC[NH2+]Cc5ccccn5)CO)O
dude_tryb1__L003686,CCCC1(CCN(CC1)C(=O)[C@@H](CC(=O)N)[NH3+])C(=O)[O-]
dude_tryb1__L003687,CCn1c2ccc(cc2nc1SCC(=O)N3CCC[C@H](C3)C(=O)N)S(=O)(=O)N(CC)CC
dude_tryb1__L003688,COc1cc(cc(c1O)OC)c2c(c(=O)c3c(cc(cc3o2)O)O)O[C@H]4[C@H]([C@@H]([C@H]([C@H](O4)CO)O)O)O
dude_tryb1__L003689,CN(C)S(=O)(=O)c1cccc(c1)C(=O)Nc2cc(ccc2O)S(=O)(=O)N3CCOCC3
dude_tryb1__L003690,Cc1ccc(cc1)S(=O)(=O)N[C@@H](CC(C)C)C(=O)NCc2cc(c(cc2OC)OC)OC
dude_tryb1__L003691,c1cc-2c(c(c1)O)C(=O)c3c(ccc4c3c2nn4CC[NH2+]CCO)NCC[NH2+]CCO
dude_tryb1__L003692,CSc1c2c(ncn1)n(cn2)NC[C@H]([C@@H](CO)O)O
dude_tryb1__L003693,c1cc(cc(c1)C(F)(F)F)[C@H]2[C@H]3[C@@H](C(=O)N(C3=O)c4cccc(c4)[N+](=O)[O-])[C@@]([NH2+]2)(CC(=O)[O-])C(=O)[O-]
dude_tryb1__L003694,CC[C@H](CN/C(=[NH+]/Cc1ccco1)/N)[NH+]2CCc3ccccc3C2
dude_tryb1__L003695,CCOc1cc(ccc1O)C[NH+]2CCc3nnc(n3CC2)[C@H](C)NC(=O)C4CC[NH+](CC4)C
dude_tryb1__L003696,Cc1ccnc(n1)[N-]S(=O)(=O)c2ccc(cc2)NC(=O)[C@@H]3CCC[NH+](C3)CCC#N
dude_tryb1__L003697,CCn1c(nnc1SCC(=O)N[C@@](C)(C#N)C2CC2)CN3CCCCCC3=O
dude_tryb1__L003698,CC[NH+](CC)Cc1c(nnn1c2c(non2)N)C(=O)N/N=C/c3cc(ccc3O)Cl
dude_tryb1__L003699,C[C@@H]1CCC[C@@](C1)(CNC(=O)NNC(=O)[C@@H]2CCS(=O)(=O)C2)[NH+](C)C
dude_tryb1__L003700,c1ccc(c(c1)[N+](=O)[O-])S(=O)(=O)N2CC[NH+](CC2)CC(=O)Nc3c(c4c(s3)CCC4)C(=O)N
dude_tryb1__L003701,CCC1CC[NH+](CC1)CCCC[C@](C)(C(=O)N)[NH2+]C2CC2
dude_tryb1__L003702,c1cc(cc(c1)O)/C=N/Nc2nnc(n2N)SCC(=O)NC3C4CC5CC(C4)CC3C5
dude_tryb1__L003703,Cn1c(c(c(n1)c2ccccc2)C[NH+](CCOC)C[C@@H](COCC=C)O)Oc3ccccc3F
dude_tryb1__L003704,C[C@H](c1ccc2c(c1)NC(=O)CO2)NC(=O)[C@@H](CCS(=O)(=O)C)N3C(=O)c4ccccc4C3=O
dude_tryb1__L003705,CC[C@@H](C)N([C@H]1CCS(=O)(=O)C1)C(=O)CN2C(=O)[C@@]3(CCCc4c3ccs4)NC2=O
dude_tryb1__L003706,CCOc1ccc(cc1)N2C[C@H](CC2=O)C(=O)NNC(=O)c3cc(cn3C)Br
dude_tryb1__L003707,C[C@@H]([C@@H](C(=O)[O-])NC(=O)[C@@H](CC1=c2ccccc2=[NH+]C1)N3C(=O)[C@@H]4C=CC=CC4=NC3=O)O
dude_tryb1__L003708,CC(C)(CNC(=O)c1cccc(c1)S(=O)(=O)Nc2ccc3c(c2)OCO3)[NH+]4CCOCC4
dude_tryb1__L003709,CN(C)c1ccc(cc1)[C@H](CNS(=O)(=O)[C@@H]2CS(=O)(=O)C[C@@H]2O)S(=O)(=O)c3ccccc3
dude_tryb1__L003710,Cc1c(c(on1)C)c2ccc(c(c2)S(=O)(=O)Nc3cc(c(cc3OC)OC)Cl)OC
dude_tryb1__L003711,c1cc(oc1)CNC(=O)NC(=O)CCN2CCN(CC2)S(=O)(=O)c3ccc(c(c3)Cl)F
dude_tryb1__L003712,c1ccc2c(c1)nnn2CC(=O)N(Cc3cccs3)[C@H](c4ccc(cc4)F)C(=O)NC[C@H]5CCCO5
dude_tryb1__L003713,CCC[C@@H](CNC(=O)c1ccc(o1)S(=O)(=O)NC)NC(=O)c2ccc(o2)S(=O)(=O)NC
dude_tryb1__L003714,c1ccc(cc1)C2=N[C@@H](SC2)C[NH+]3CCC4(CC3)C[C@@H]4C(=O)NCCc5c[nH]c6c5cccc6
dude_tryb1__L003715,Cc1ccc(o1)/C=C/c2[nH]nc(n2)SCC(=O)Nc3cc(cc(c3C)C)S(=O)(=O)N(C)C
dude_tryb1__L003716,CC(C)[C@@H](C(=O)[O-])NS(=O)(=O)c1ccc(cc1)c2ccc(cn2)NC(=O)c3cc4c(cccc4o3)C#N
dude_tryb1__L003717,CC1(CC(CC([NH2+]1)(C)C)Nc2c(nc3ccccc3n2)NS(=O)(=O)c4ccc5c(c4)OCCO5)C
dude_tryb1__L003718,CC(=O)OC[C@H]1[C@H]([C@@H]([C@@H](O1)n2cnc3c2nc([nH]c3=O)N)OC(=O)C)OC(=O)C
dude_tryb1__L003719,CCCC(=O)OC[C@@H](C[NH+](CCCOC)Cc1[nH]c(=O)c2c3c(sc2n1)CCCC3)O
dude_tryb1__L003720,CCN(CC)S(=O)(=O)c1ccc(cc1)C(=O)Nc2ccc(cc2)S(=O)(=O)Nc3ncccn3
dude_tryb1__L003721,CC(C)(C)NC(=O)[C@@H](c1ccc(cc1)OC)N(c2cccc(c2)OC)C(=O)c3c(c(ns3)C(=O)N)N
dude_tryb1__L003722,CC(=O)N1CC[C@H]1C(=O)N[C@@H](CCCN=C(N)N)C(=O)c3nc2ccccc2s3
dude_tryb1__L003723,Cc1c2c(ncn(c2=O)[C@H](C)C(=O)Nc3cc(ccc3OC)Cl)sc1C(=O)OC(C)C
dude_tryb1__L003724,Cc1ccc(c(c1)N2C(=O)CCC(=N2)C(=O)NCCN3C(=O)/C(=C/c4cccnc4)/SC3=O)C
dude_tryb1__L003725,c1ccc(c(c1)C[NH2+]CC[NH2+]CCO)OCc2ccccc2Cl
dude_tryb1__L003726,c1cc2ccc(cc2c(c1)C3=CC[NH+](CC3)CC[C@H]4c5ccc(cc5CCO4)C(=O)N)F
dude_tryb1__L003727,C[NH+](C)[C@@H]1[C@H]2Cc3cc4cccc(c4c(c3C(=O)[C@@]2(C(=O)C(=C1O)C(=O)N)O)O)O
dude_tryb1__L003728,C[C@@H](C[NH+](CCC(C)C)Cc1[nH]c(=O)c2c(csc2n1)c3ccc(c(c3)OC)OC)O
dude_tryb1__L003729,CS(=O)(=O)Nc1ccc(cc1)CC2=NO[C@@H](N2)C3=CC4=C(C=N[C@@H]4C=C3)CC[NH3+]
dude_tryb1__L003730,CC(=O)N[C@H]1Nc2ccc(cc2S1)C(=O)NCCC3=c4cc(ccc4=[NH+]C3)F
dude_tryb1__L003731,c1cc2c(cc1Cl)nc-3c(=O)[nH]c(=O)nc3n2C[C@@H]([C@@H]([C@@H]([C@@H](CO)O)O)O)O
dude_tryb1__L003732,C[C@@H](C(=O)Nc1ccc(cc1C(F)(F)F)[N+](=O)[O-])Sc2nnc(n2CCC(=O)N)c3ccco3
dude_tryb1__L003733,CCOC(=O)c1cc(cc(c1)[N+](=O)[O-])C(=O)OCC(=O)c2c(n(c(=O)n(c2=O)C)CC(C)C)N
dude_tryb1__L003734,Cc1c(sc(n1)NC(=O)CSc2nncc(=O)n2N)C(=O)OCC(C)C
dude_tryb1__L003735,C[C@@H](C(=O)Nc1ccc2c(c1)[nH]c(=O)[nH]2)[NH2+][C@@H](c3ccc(cc3)C(C)(C)C)C(C)C
dude_tryb1__L003736,Cc2c(Cl)nc(NCCc1c[nH]cn1)c(=O)n2CC(=O)Nc3cccc(CN)c3
dude_tryb1__L003737,c1cc(ccc1c2c(=O)c3ccc(c(c3oc2C(F)(F)F)C[NH2+]CCO)O)F
dude_tryb1__L003738,CCC(C)(C)NC(=O)[C@H](c1ccc2c(c1)cccn2)N(Cc3ccco3)C(=O)c4c(c(ns4)C(=O)N)N
dude_tryb1__L003739,Cc1c(c(n(n1)c2ccccc2)Oc3ccccc3Cl)C[NH+](C[C@H]4CCCO4)C[C@@H](COC(C)(C)C)O
dude_tryb1__L003740,C=CCOC(=O)[C@H]1[C@H]([C@@H]([C@@H]([C@H](O1)OC(=O)Cc2ccccc2Nc3c(cccc3Cl)Cl)O)O)O
dude_tryb1__L003741,CCC[C@H](C(=O)NC(C)(C)C)N(c1ccc(cc1)OCC)C(=O)c2c(c(ns2)C(=O)N)N
dude_tryb1__L003742,Cc1c2c(=O)n(c(=O)n(c2sc1C(=O)NN)CC(=O)N3CCCC3)CC(=O)N4CCCC4
dude_tryb1__L003743,Cn1c2c(c(=O)n(c1=O)C)n(cn2)CC(=O)N[C@@H]3CCCC[C@H]3N4C(=O)CSC4=O
dude_tryb1__L003744,CCN(CCC1=c2ccccc2=[NH+][C@@H]1/C=C/3\C(=NC(=O)N(C3=O)c4cccc(c4)C(F)(F)F)[O-])C(=O)C
dude_tryb1__L003745,COc1ccc(cc1OC)NC(=O)CSc2nnc(n2CC=C)c3cccnc3
dude_tryb1__L003746,Cc1c(c2c(=O)[nH]cnc2o1)C(=O)NC[C@@H](Cc3ccc(cc3)F)C(=O)N
dude_tryb1__L003747,CC[C@@H](C)[NH+](C)CCNC(=O)NCCCc1c(c(n(n1)c2ccccc2)N)C#N
dude_tryb1__L003748,c1ccc(c(c1)CCNC(=O)C(=O)NC[C@@H](c2cccs2)S(=O)(=O)c3ccc4c(c3)OCCO4)F
dude_tryb1__L003749,CCCCCCN([C@H](c1ccc(c(c1)OC)OC)C(=O)NC(C)(C)CC(C)(C)C)C(=O)CO
dude_tryb1__L003750,CCOc1ccc(cc1OC)/C=C\2/C(=O)N(C(=O)S2)CCNC(=O)Cc3cc(ccc3OC)C
dude_tryb1__L003751,Cc1ccc(cc1S(=O)(=O)N2CCOCC2)NC(=O)[C@H](C)[NH+]3CCC(CC3)NS(=O)(=O)C
dude_tryb1__L003752,c1cc(c(c(c1)F)F)COC(=O)CNS(=O)(=O)c2ccc(c(c2)[N+](=O)[O-])NCc3ccco3
dude_tryb1__L003753,CCOc1cc(cc(c1OCC(=O)N)Cl)C[NH2+]CCSc2nnnn2c3ccccc3
dude_tryb1__L003754,CC(C)(C(=O)N(C)C[C@H]([C@H]([C@@H]([C@@H](CO)O)O)O)O)Oc1ccc(cc1)Cl
dude_tryb1__L003755,Cc1cccn2c1nc(c(c2=O)/C=C\3/C(=O)N(C(=S)S3)C4CCCC4)NCCN5CCOCC5
dude_tryb1__L003756,CN1[C@@H]([C@H](c2cc(c(cc2C1=O)OC)OC)C(=O)NC[C@@H]3COc4ccccc4O3)c5cccs5
dude_tryb1__L003757,CC(C)(C)n1c(nnn1)[C@H](c2cc3cc(c(cc3[nH]c2=O)OC)OC)[NH+]4CCN(CC4)c5ccc(cc5)O
dude_tryb1__L003758,COC(=O)[C@@H]1N2[C@@H](CS1)C(=O)N(CC2=O)CCNc3c(cc(cn3)C(F)(F)F)Cl
dude_tryb1__L003759,c1cc(oc1)Cn2c(nnc2SCC(=O)N([C@H]3CCS(=O)(=O)C3)C4CC4)N5CCOCC5
dude_tryb1__L003760,C[C@@]1(C(=O)N(C(=O)N1)Cc2nnc(o2)c3ccccc3Br)c4cccc(c4)n5cnnn5
dude_tryb1__L003761,CC(C)([C@H]1C[C@@]23C=C[C@@]1([C@@H]4[C@@]25CC[NH+]([C@@H]3Cc6c5c(c(cc6)O)O4)CC7CC7)OC)O
dude_tryb1__L003762,C[C@@H](C(=O)NCC=C)Oc1ccc(cc1[N+](=O)[O-])S(=O)(=O)Nc2ccc(cc2)C(=O)[O-]
dude_tryb1__L003763,CC1CC[NH+](CC1)C[C@H](C[NH2+]Cc2cc3c(c(c2)OC)OCCO3)O
dude_tryb1__L003764,COC(=O)C1=c2n(c(=O)/c(=C\c3ccncc3)/s2)[C@H](C(=C1N)C(=O)OC)c4ccncc4
dude_tryb1__L003765,Cc1cc(no1)NC(=O)[C@H](C)OC(=O)CNS(=O)(=O)c2ccc3c(c2)OCCCO3
dude_tryb1__L003766,CC(=O)N[C@H]1[C@@H]([C@@H]([C@@H](O[C@@H]1OCCSCCC(=O)OC)CO)O[C@@H]2[C@@H]([C@@H]([C@@H]([C@@H](O2)CO)O)O)O)O
dude_tryb1__L003767,Cc1ccc2c(c1)cc3c(c(sc3[nH+]2)C(=O)Nc4c([nH]c(=O)[nH]c4=O)C)N
dude_tryb1__L003768,CS(=O)(=O)c1ncc(c(n1)C(=O)Nc2c(c3c(s2)CCC3)C(=O)NC[C@@H]4CCCO4)Cl
dude_tryb1__L003769,CC(=O)N/C(=C/c1ccccc1)/C(=O)OCC(=O)NNC(=O)[C@H]2COc3ccccc3O2
dude_tryb1__L003770,CCOc1cc(ccc1OCC(=O)OCC)/C=N/NC(=O)[C@@H](C(C)C)NC(=O)c2ccccc2F
dude_tryb1__L003771,CC(C)(C)OC(=O)NCC(=O)/N=C/1\N([C@@H]2CS(=O)(=O)C[C@@H]2S1)Cc3ccccc3Cl
dude_tryb1__L003772,CCCCn1c(c(c(=O)[nH]c1=O)N(Cc2ccccc2OC)C(=O)CCCc3cccs3)N
dude_tryb1__L003773,Cc1ccc(cc1)NC(=O)c2nnc(s2)COC(=O)[C@@H]3CC(=O)N(C3)c4ccc(cc4)C
dude_tryb1__L003774,COCCNC(=O)c1c2c(sc1NC(=O)C[NH+]3CCN(CC3)C(=O)[C@@H]4CCCO4)CCCC2
dude_tryb1__L003775,C[C@@H](Cn1cc[nH+]c1)NC(=O)NC[C@H]2CC[NH+](C2)CC(F)(F)F
dude_tryb1__L003776,Cc1c(sc(n1)C)c2ccc(=O)n(n2)CCNC(=O)[C@H]3CC(=O)N(C3)c4cccc(c4)Br
dude_tryb1__L003777,c1c2cc3c(cc2[nH]c(=O)c1CN(CCN4CCOCC4)C(=S)NCCCN5CCOCC5)OCCO3
dude_tryb1__L003778,c1ccc2c(c1)CC[NH+](C2)C[C@@H](COc3ccc(cc3)C[NH+](CCO)CCO)O
dude_tryb1__L003779,C[C@@H](C(=O)[O-])NS(=O)(=O)c1ccc(cc1)C2=Nc3nnnn3[C@@H](C2)c4ccc(cc4)Cl
dude_tryb1__L003780,C[C@@H]1CCc2c(sc3c2c(nc(n3)CC[NH+]4CCN(CC4)c5nccs5)N)C1
dude_tryb1__L003781,Cc1c(c(n(n1)C(F)F)C)C(=O)N[C@H]2[C@H]3N(C2=O)C(=C(CS3)COC(=O)C)C(=O)[O-]
dude_tryb1__L003782,CCc1ccc(cc1)Nc2nc(nc(n2)N)C[NH+]3CCN(CC3)c4cccc[nH+]4
dude_tryb1__L003783,CCOc1ccc(cc1)[C@@H](CCC(=O)N/N=C\c2cc(c(c(c2)Br)OCC(=O)[O-])CC=C)O
dude_tryb1__L003784,c1cc(c(cc1C(F)(F)F)S(=O)(=O)N(Cc2cc3cc4c(cc3[nH]c2=O)OCCO4)C[C@H]5CCCO5)Cl
dude_tryb1__L003785,CC[C@@H](Cc1cc(cc(c1OCC[NH+]2CCCC2)Cl)Cl)[NH3+]
dude_tryb1__L003786,CCCC(=O)OC[C@H](C[NH+](CC=C)Cc1[nH]c(=O)c2c(c(sc2n1)C(=O)OC(C)C)C)O
dude_tryb1__L003787,COc1cc2c(c(c1OC)OC)-c3ccc(c(=O)cc3[C@H](CC2)[NH3+])NCCO
dude_tryb1__L003788,CN1[C@H]2[C@@H](C(=O)N(C1=O)C)N(C=N2)CC(=O)/N=c/3\[nH]c4ccc(cc4s3)S(=O)(=O)C
dude_tryb1__L003789,CN(CC1=NC(=O)[C@@H]2C(=N1)C=CS2)C(=O)c3cccc(c3)S(=O)(=O)NC[C@H]4CCCO4
dude_tryb1__L003790,c1cc(cc(c1)n2cnnn2)C(=O)Nc3ccc(cc3)S(=O)(=O)N[C@H]4CCS(=O)(=O)C4
dude_tryb1__L003791,c1ccc(cc1)CSc2ccccc2NC(=O)CSc3nc([nH]n3)N/N=C/c4ccc(cc4)F
dude_tryb1__L003792,CN(C)S(=O)(=O)c1ccc(cc1)c2nnc(o2)NC(=O)CCCS(=O)(=O)c3ccc(cc3)F
dude_tryb1__L003793,CCCCCCOc1ccc(cc1OC)[C@@H]2c3c(n[nH]c3C(=O)N2CCOC)c4c(cc(cc4O)C)C
dude_tryb1__L003794,COc1cc(ccc1OCC(=O)N)/C=N/[NH+]=C(/c2c(non2)N)\N
dude_tryb1__L003795,Cc1c(c(n(n1)C(C)C)C)/C=N/Nc2nnc(n2N)SCc3nnc(o3)C(C)C
dude_tryb1__L003796,CCOC(=O)c1c(c(sc1NC(=O)COC(=O)c2ccccc2NCc3ccco3)C(=O)NC)C
dude_tryb1__L003797,C/C(=C/1\C(=NN(C1=O)c2ccc(cc2)F)CC(=O)OC)/Nc3cc(c(c(c3)OC)OC)OC
dude_tryb1__L003798,Cc1nnc(o1)CSc2nnc(s2)NC(=O)CSc3nnc(n3c4ccccc4)C(C)C
dude_tryb1__L003799,C[C@]1(C(=O)NC(=O)N1)c2cc(ccc2OC)S(=O)(=O)N(C)Cc3cnn(c3)c4ccccc4
dude_tryb1__L003800,Cc1ccc(cc1)CN(Cc2cc3cc4c(cc3[nH]c2=O)OCO4)Cc5nnnn5CCc6ccccc6
dude_tryb1__L003801,c1cc(ccc1[C@H]2[C@@H](Oc3ccc(cc3S2)O)c4ccc(cc4)OCC[NH+]5CCCCC5)O
dude_tryb1__L003802,Cc1ccc(c(c1)C)c2nnc(o2)NC(=O)c3ccc(cc3)S(=O)(=O)N(C)Cc4ccco4
dude_tryb1__L003803,CC(C)(C[NH2+][C@@H]1CCc2c(sc3c2c(=O)n(cn3)C4Cc5ccccc5C4)C1)CO
dude_tryb1__L003804,COCC(=O)Nc1nnc(s1)SCc2cc(=O)c(co2)OC(=O)c3cccc4c3cccc4
dude_tryb1__L003805,Cc1ccc(c(c1)S(=O)(=O)[C@@H](CNC(=O)C(=O)N[C@H]2CCS(=O)(=O)C2)c3cccnc3)C
dude_tryb1__L003806,C[C@@H](C(=O)Nc1ccccc1OC(F)F)Sc2nnc(n2C)[C@@H]3COc4ccccc4O3
dude_tryb1__L003807,CC(C)C[C@@H](C(=O)Nc1c(cc(cc1Br)Br)C(=O)OC)[NH3+]
dude_tryb1__L003808,CC(C)CN1[C@H](NN=C1SCC(=O)C2=c3ccccc3=[NH+][C@@H]2c4ccccc4)CCC(=O)N
dude_tryb1__L003809,COCC[n+]1c(c(cc2c1nc3ccccn3c2=O)C(=O)Nc4c(c5c(s4)CCCC5)C(=O)OC)N
dude_tryb1__L003810,Cc1ccc(cc1C)S(=O)(=O)[C@@H](CNS(=O)(=O)[C@H]2CS(=O)(=O)C[C@@H]2O)c3cccs3
dude_tryb1__L003811,CCOC(=O)c1c2c(sc1NC(=O)COC(=O)CC[C@@H]3C(=O)NC(=O)N3)C[C@@H](CC2)C
dude_tryb1__L003812,CCOCCCN1C(=O)/C(=C\c2c(nc3c(cccn3c2=O)C)N4CCC(CC4)C(=O)N)/SC1=S
dude_tryb1__L003813,CCC[NH2+]Cc1ccc(nc1)c2ccc(cc2)CN(CCOC)C(=O)COc3ccccc3Cl
dude_tryb1__L003814,Cn1cc[nH+]c1C[NH+](C)CC(=O)Nc2ccc(cc2Br)N
dude_tryb1__L003815,COc1cccc(c1)OC2=CN=[NH+][C@@H]2c3ccc(cc3O)OCC(=O)NN
dude_tryb1__L003816,Cc1ccc(cc1)S(=O)(=O)CCCC(=O)Nc2nnc(o2)c3ccc(o3)Br
dude_tryb1__L003817,CC[C@H](C(=O)Nc1cc(cc(c1)OC)OC)SC2=Nc3ccccc3NC(=C2)CC(=O)OCC
dude_tryb1__L003818,Cc1c(c(nc(=O)[nH]1)c2ccc(c(c2)OC)OCC(=O)N/N=C/c3ccc(cc3)SC)C(=O)OC
dude_tryb1__L003819,CC[NH+]1CCN(CC1)C[C@@H](COc2cccc(c2)C[NH2+]Cc3ccccc3Cl)O
dude_tryb1__L003820,CCOc1cc(cc(c1OS(=O)(=O)C)Br)[C@H]2N(N=C(S2)NC(=O)C)C(=O)C
dude_tryb1__L003821,c1ccc(cc1)OC[C@@H](C[NH2+]CC[NH2+]C[C@H](COc2ccccc2)O)O
dude_tryb1__L003822,CCOc1cc(cc(c1OC)Br)C[NH2+][C@@H]2c3ccccc3C[C@@H]2O
dude_tryb1__L003823,c1cc(cnc1)[C@@H](CNC(=O)C(=O)NCCC2=CCCCC2)S(=O)(=O)c3ccc4c(c3)OCO4
dude_tryb1__L003824,Cc1ccc(c(c1)N(C)S(=O)(=O)c2ccc3c(c2)c(=O)c(c[nH]3)C(=O)N4CCC5(CC4)OCCO5)C
dude_tryb1__L003825,c1cc(ccc1CCO)N2C(=O)[C@@H]3[C@H](C2=O)C4C=CC3[C@@H]5[C@@H]4C(=O)N(C5=O)c6ccc(cc6)CCO
dude_tryb1__L003826,CN(C)c1ccc(cc1)[C@H](CNC(=O)C(=O)Nc2ccon2)N3CCN(CC3)c4ccc(cc4)F
dude_tryb1__L003827,CC(C)(C)CC(C)(C)NC(=O)[C@@H](c1ccc(cc1)O)N(Cc2ccco2)C(=O)CCc3ccc(cc3)OC
dude_tryb1__L003828,CCOC[C@H](C[NH+](CC=C)Cc1[nH]c(=O)c2c(csc2n1)c3ccc(c(c3)OC)OC)O
dude_tryb1__L003829,CCCCCCN([C@H](c1ccc(c(c1)OC)O)C(=O)NC(C)(C)C)C(=O)c2cc(ccc2[O-])[N+](=O)[O-]
dude_tryb1__L003830,COCCNC(=O)/C(=C/c1ccc(c(c1)OC)OC(=O)/C=C/c2cc(ccc2OC)Br)/C#N
dude_tryb1__L003831,C1CCc2c(c(c(s2)Nc3c(c(nc(n3)NCCOCCO)N)[N+](=O)[O-])C(=O)N)C1
dude_tryb1__L003832,c1c(csc1S(=O)(=O)N)C(=O)OCC(=O)N([C@@H]2CCS(=O)(=O)C2)C3CCCC3
dude_tryb1__L003833,CCOC(c1[nH]c(=O)c2c(n1)CCN(C2)S(=O)(=O)c3ccc(cc3)Br)OCC
dude_tryb1__L003834,c1cn(c[nH+]1)CCCCNC(=O)N[C@H](CC(=O)N)C(=O)[O-]
dude_tryb1__L003835,C[C@@H](C=O)NC(=O)[C@H](CCC(=O)N)NC(=O)[C@H]([C@@H]1CCNC(=[NH2+])N1)NC(=O)N[C@H](CC(C)C)C=O
dude_tryb1__L003836,CCCCn1c(c(c(=O)[nH]c1=O)N(CCC(C)C)C(=O)[C@H]2CC(=O)N(C2)c3ccc(cc3)CC)N
dude_tryb1__L003837,C[C@H](c1cccc(c1)[N+](=O)[O-])N(C)C(=O)c2cccc(c2)S(=O)(=O)NC3CC3
dude_tryb1__L003838,CC[C@H](C(=O)Nc1ccc(cc1)S(=O)(=O)Nc2ncccn2)N(c3ccc(c(c3)C)C)S(=O)(=O)C
dude_tryb1__L003839,CCNC(=O)[C@@H](C)NS(=O)(=O)c1cc(cnc1NN)Br
dude_tryb1__L003840,c1cc2c(cc1N3C[C@@H](CC3=O)C(=O)NCCCNc4ccc(cn4)C(F)(F)F)OCCO2
dude_tryb1__L003841,[H]/N=C\1/C(=C/c2ccc(cc2)OCCCOc3cccc(c3)OC)/C(=O)N=C4N1N=C(S4)S(=O)(=O)C
dude_tryb1__L003842,CC[C@@H](C)[C@H](C(=O)Nc1ccc(c(c1)OC)S(=O)(=O)NC)NC(=O)N
dude_tryb1__L003843,CC(=O)OC[C@@H]1[C@H]([C@@H]([C@@H]([C@@H](O1)O[C@@H]2[C@@H]3CO[C@@H](O3)[C@@H]([C@@H]2O)O)OC(=O)C)OC(=O)C)OC(=O)C
dude_tryb1__L003844,Cc1ccc(cc1)N2C[C@@H](CC2=O)C(=O)NCCn3c(=O)ccc(n3)c4c(nc(s4)C)C
dude_tryb1__L003845,OC(=O)[C@@H]2[C@@H](CC1CCNCC1)C(=O)N2C(=O)N5CCN(C(=O)c4cccc(Oc3ccccc3)c4)CC5
dude_tryb1__L003846,[H]/N=c\1/[nH]c(nc2n1nc(n2)c3ccco3)N4CC[NH+]5C[C@H](CC[C@H]5C4)CNCc6cccnc6
dude_tryb1__L003847,c1c(cnc(c1S(=O)(=O)N[C@H]2CCS(=O)(=O)C2)NN)Br
dude_tryb1__L003848,c1ccc(c(c1)CC(=O)NNC(=O)NCC2(CCCC2)[NH+]3CCSCC3)F
dude_tryb1__L003849,C[C@@H](C(=O)NCC(C)C)OC(=O)c1cc(c(cc1Cl)Cl)S(=O)(=O)N2CCOCC2
dude_tryb1__L003850,Cc1c(c([nH]n1)C(=O)NNC(=O)c2ccoc2)Br
dude_tryb1__L003851,CS(=O)(=O)N1CCC(CC1)NC(=O)CCSCc2[nH]c(=O)c3c4c(sc3n2)CCCC4
dude_tryb1__L003852,C1CS(=O)(=O)C[C@H]1N(CC(=O)[O-])C(=O)[C@H](CC(=O)N)[NH3+]
dude_tryb1__L003853,C[C@@H]1C[C@@H](C[NH+](C1)Cc2ccccc2CN/C(=[NH+]\CCOC)/N)C
dude_tryb1__L003854,CCOc1ccc(cc1S(=O)(=O)Nc2ccc(c(c2)S(=O)(=O)N3CCOCC3)C)Br
dude_tryb1__L003855,CCN(Cc1ccc(c(c1)OC)OC)C(=O)CSc2nnc(n2N)COc3cc(cc(c3)C)C
dude_tryb1__L003856,CC[C@@H](C(=O)NC1CCCC1)N(c2ccc(cc2)C(C)C)C(=O)c3c(c(ns3)C(=O)N)N
dude_tryb1__L003857,Cc1ccc(cc1)S(=O)(=O)CNC(=O)[C@@H](c2ccc(cc2)OC)N(C3CCCCC3)C(=O)COC
dude_tryb1__L003858,Cc1nnc(o1)CSc2nnc(s2)NC(=O)CSc3nnc(n3N)C(C)C
dude_tryb1__L003859,CC(C)[C@H](C(=O)NCc1ccco1)N(C[C@@H]2CCCO2)C(=O)CNS(=O)(=O)c3ccccc3
dude_tryb1__L003860,c1ccc(c(c1)[N+](=O)[O-])S(=O)(=O)N(CCO)Cc2cc3cc4c(cc3[nH]c2=O)OCCO4
dude_tryb1__L003861,CCOC(=O)C1=C(NC(=O)N[C@@H]1c2ccco2)CSc3nnc(o3)C[C@@H]4CCS(=O)(=O)C4
dude_tryb1__L003862,C[C@@H](C(=O)c1c(n(c(=O)n(c1=O)C)C)N)Sc2nnc(n2c3ccccc3Cl)N4CCCC4
dude_tryb1__L003863,c1ccc2c(c1)ccc(c2/C=N/Nc3nnc(n3N)SCC(=O)c4ccc(cc4)Br)O
dude_tryb1__L003864,CCCC[C@H](CC)C(=O)N(CCC)[C@H](c1c(cc(cc1O)O)O)C(=O)NC(C)(C)CC(C)(C)C
dude_tryb1__L003865,Cn1c2c(c(n1)C(=O)NCCCN3CCOCC3)CN(CC2)C(=O)c4cccc(c4)c5ccco5
dude_tryb1__L003866,CC[NH+]1CCc2c(sc3c2C(=N[C@H](N3)c4ccc(o4)c5cccc(c5Cl)Cl)O)C1
dude_tryb1__L003867,C[C@@H](C(=O)NC(=O)NC)OC(=O)c1ccc(c(c1)S(=O)(=O)[N-]c2ccc(cc2)OC)Cl
dude_tryb1__L003868,c1c(c(cc(c1N)F)Br)C(=O)N(CC(=O)N)CC(=O)N
dude_tryb1__L003869,C[C@@H](c1ccc2c(c1)OCCO2)NC(=O)CCS(=O)(=O)c3ccc4c(c3)NC(=O)CO4
dude_tryb1__L003870,Cc1cc(cc(c1)OC[C@H](C[NH+](Cc2ccco2)Cc3cc(c(c(c3)OC)OC)OC)O)C
dude_tryb1__L003871,c1ccc(cc1)Cn2c(c3c(nc(nc3[nH+]2)NCc4ccc5c(c4)OCO5)c6ccccc6F)N
dude_tryb1__L003872,c1ccc2c(c1)CC[NH+](C2)C[C@H](COc3cccc(c3)C[NH2+]Cc4cccnc4)O
dude_tryb1__L003873,CCOc1ccc(cc1)c2c(sc3c2c(=O)n(cn3)CC(=O)Nc4c(c5c(s4)CCCC5)C(=O)N)C
dude_tryb1__L003874,CC(C)[C@H](C(=O)Nc1nc2c(s1)CN(CC2)C)NC(=O)c3ccc(cc3Cl)[N+](=O)[O-]
dude_tryb1__L003875,c1cc(oc1)CNC(=O)CN(C[C@@H]2CCCO2)C(=O)CNS(=O)(=O)c3ccc(cc3)F
dude_tryb1__L003876,CC(C)[C@@H](C(=O)NC[C@H]1CCCO1)N(C[C@@H]2CCCO2)C(=O)CNS(=O)(=O)c3ccccc3
dude_tryb1__L003877,CCOC(=O)[C@H]1CCCN(C1)C(=O)Cc2csc(n2)NS(=O)(=O)c3ccc(cc3)NC(=O)C
dude_tryb1__L003878,C[C@H]1CCC2=C3C(=NC(=NC3=O)COC(=O)[C@@H]([C@@H](C)O)NS(=O)(=O)c4ccc(cc4)OC)S[C@@H]2C1
dude_tryb1__L003879,CCN(CC)S(=O)(=O)c1ccc(cc1)[C@@H](C)NC(=O)c2ccc3c(c2)nc4n(c3=O)CCC4
dude_tryb1__L003880,[H]/N=C\1/C(=C/c2cccn2CCOc3ccccc3OC)/C(=O)N=C4N1N=C(S4)N5CCCC5
dude_tryb1__L003881,Cc1cc(ccc1NC(=O)NC[C@H]2CCC[NH+](C2)C)Sc3nc(cs3)C
dude_tryb1__L003882,Cc1ccc(cc1)N2C[C@H](CC2=O)C(=O)NCCn3c4c(cn3)c(=O)n(cn4)Cc5cccc(c5)[N+](=O)[O-]
dude_tryb1__L003883,c1cc(ccc1c2coc3cc(ccc3c2=O)O[C@@H]4[C@H]([C@H]([C@@H]([C@@H](O4)CO)O)O)O)O
dude_tryb1__L003884,c1ccc2=[NH+]CC(=c2c1)CCNC(=O)C(=O)NC[C@H]3N(CCCO3)S(=O)(=O)c4ccc(cc4)F
dude_tryb1__L003885,CC(C)(C)OC(=O)NCC(=O)OC[C@@H]1[C@H]([C@H]([C@@H]([C@H](O1)O)O)O)O
dude_tryb1__L003886,Cc1nc(cs1)c2cc(n(c2)C)C(=O)OCC(=O)N3c4ccc(cc4C[C@@H]3C)S(=O)(=O)N
dude_tryb1__L003887,c1ccc2=[NH+][C@@H]3[C@@H]([NH2+][C@@H](CC3=c2c1)C(=O)[O-])c4ccc(o4)c5cccc(c5)Cl
dude_tryb1__L003888,CC(C)(C)n1c(nnn1)[C@@H](c2cc3cc(c(cc3[nH]c2=O)OC)OC)N(Cc4cccnc4)C[C@@H]5CCCO5
dude_tryb1__L003889,[H]\N=C\1/C(=C/c2ccc(c(c2)OCC)O[C@@H](C)c3ccccc3)/C(=O)N=C4N1C(=NS4)S(=O)(=O)CC
dude_tryb1__L003890,[H]/N=C\1/N(C(=O)/C(=C\c2cc(c(cc2Cl)OC(=O)C)OC)/S1)c3c(non3)NC(=O)C
dude_tryb1__L003891,CC(C)Cn1c(nnc1SCc2nc3ccccc3c(=O)n2CC(=O)N)N4CCOCC4
dude_tryb1__L003892,Cc1ccc(cc1)NC(=O)COc2c(cc(cc2Br)C[NH2+]C[C@@H](C)O)OC
dude_tryb1__L003893,c1ccc2=[NH+]CC(=c2c1)/C=N/NC(=O)[C@H]3C(=CN(N3)Cc4ccc(cc4)[N+](=O)[O-])Br
dude_tryb1__L003894,CN([C@H]1CCSC1)C(=O)N[C@@H](Cc2c[nH+]c[nH]2)C(=O)[O-]
dude_tryb1__L003895,c1ccc2c(c1)c(c(c[nH+]2)C(=O)NNC(=O)c3c[nH]c4c(c3=O)cccc4Cl)N
dude_tryb1__L003896,CC[C@]1(C(=O)N(C(=O)N1)CC(=O)NCCc2ccc(c(c2)OCC)OCC)c3ccc(cc3)F
dude_tryb1__L003897,Cc1ccc2=[NH+][C@@H](C(=c2c1)NC(=O)C[NH+]3CCC(CC3)(C(=O)N)[NH+]4CCCCC4)C(=O)OC
dude_tryb1__L003898,CCOC(=O)C1=C(NC(=O)N[C@@H]1c2ccccc2)Cn3c(=O)n(c(=O)n(c3=O)CC=C)CC=C
dude_tryb1__L003899,c1ccc2c(c1)c(cc(=O)[nH]2)C(=O)NNC(=O)c3ccoc3
dude_tryb1__L003900,Cn1c(c(c(=O)[nH]c1=O)NCCCS(=O)(=O)N)N
dude_tryb1__L003901,C[C@H](C(=O)NC(=O)NCC(F)(F)F)Sc1nnc(n1C)[C@@H]2CCS(=O)(=O)C2
dude_tryb1__L003902,C[NH2+]CCC[NH2+]Cc1cc(c(c(c1)Br)OCc2cccnc2)OC
dude_tryb1__L003903,Cc1ccc(cc1)S(=O)(=O)N[C@H](C)C(=O)N2CCOCCOCCOCCOCC2
dude_tryb1__L003904,CC(=O)N1[C@H](O/C(=C/2\C=C(C(=C\C2=[O+]/C)OC)Br)/[N-]1)c3cccc(c3)[N+](=O)[O-]
dude_tryb1__L003905,CCCN(CCC)S(=O)(=O)c1ccc(cc1)C(=O)Nc2c(c3c(s2)C[NH+](CC3)C(C)C)C(=O)N
dude_tryb1__L003906,CCCCc1ccc(cc1)N/N=C(/C(=O)C)\C(=O)Nc2cc(c(cc2OC)NC(=O)C)OC
dude_tryb1__L003907,Cc1nnc(o1)CCN2CCN(CC2)S(=O)(=O)c3ccc4c(c3)CC(=O)N4
dude_tryb1__L003908,C[NH2+]CCCN1c2ccccc2CCc3c1ccc(c3)O[C@@H]4[C@@H]([C@H]([C@H]([C@H](O4)C(=O)[O-])O)O)O
dude_tryb1__L003909,COc1ccc(cc1)[C@@H](C[NH+]2CCC3(CC2)C[C@@H](c4ccc5ccccc5c4O3)O)O
dude_tryb1__L003910,C[C@@H]1C(=N[C@H](O1)c2ccccc2NS(=O)(=O)N(C)C)CNC(=O)CC3=c4ccccc4=[NH+]C3
dude_tryb1__L003911,C[C@@H](c1[nH]c(=O)c2ccc(cc2n1)Cl)N(Cc3ccco3)C(=O)c4cc(c(c(c4)OC)OC)OC
dude_tryb1__L003912,CC[C@H]([C@@H](c1ccccc1Br)N(C)CC[NH+]2CCCC2)[NH3+]
dude_tryb1__L003913,CCC[C@@H](C)[NH+](C)CCCC[C@@](C)(C(=O)N)[NH2+]CCC
dude_tryb1__L003914,C[C@@H](C(=O)NCCOC)Oc1ccc(cc1[N+](=O)[O-])S(=O)(=O)Nc2ccc(cc2)C(=O)[O-]
dude_tryb1__L003915,CN1C(=O)C(=Cc2cc(c(c(c2)I)O)OC)N(C1=S)CC(=O)OC
dude_tryb1__L003916,Cc1ccc(cc1NC(=O)COC(=O)c2c(c(c(cn2)Cl)Cl)Cl)S(=O)(=O)N(C)C
dude_tryb1__L003917,C[NH+](C)CCNC(=O)CN1CC[NH+](CC1)[C@H](c2c[nH]c3c2ccc(c3)Br)C(=O)[O-]
dude_tryb1__L003918,COCC[NH+](Cc1[nH]c(=O)c2c(csc2n1)c3ccccc3)C[C@@H](COCc4ccccc4)O
dude_tryb1__L003919,CC[C@H]([C@@H](c1ccc(cc1)Br)Sc2nc(cc(n2)C)C)[NH3+]
dude_tryb1__L003920,CC(C)S(=O)(=O)c1ccc(c(c1)Cc2ccccc2)N3CC[NH2+][C@H](C3)c4ccccc4O
dude_tryb1__L003921,CN(C)S(=O)(=O)c1ccc(cc1)C(=O)Nc2ccc(cc2)S(=O)(=O)Nc3cc(nc(n3)OC)OC
dude_tryb1__L003922,c1cc(cc(c1)Br)/C=C\2/C(=O)N(C(=O)S2)CCNC(=O)CN3C(=O)CNC3=O
dude_tryb1__L003923,C[C@@H](C(=O)Nc1ccc(cc1Cl)F)S[C@@H]2NN=C(O2)C3=c4ccccc4=[NH+]C3
dude_tryb1__L003924,C[C@@H]1C(=C(C=[NH+]1)C)C(=O)C2=C(C(=O)N([C@H]2c3cc(c(c(c3)OC)OC)OC)[C@@H]4C=C(ON4)C)[O-]
dude_tryb1__L003925,CNS(=O)(=O)c1ccc(o1)C(=O)N[C@@H](CC(=O)OC)c2ccc(c(c2)OC)OC
dude_tryb1__L003926,CCC[NH+](CCO)[C@@H]1C[C@@H](CC[C@@H]1C[NH3+])C(C)(C)CC
dude_tryb1__L003927,CSCC[C@H](C(=O)N1CCC2(CC1)c3c([nH+]c[nH]3)CCN2)NC(=O)c4ccco4
dude_tryb1__L003928,CCOc1cccc(c1OCc2ccc(cc2Cl)Cl)C[NH2+]CC[NH2+]C[C@H](C)O
dude_tryb1__L003929,Cc1ccc(cc1C)NC(=O)NC(=O)CSc2nnc(n2Cc3ccco3)c4cccnc4
dude_tryb1__L003930,c1ccc(cc1)N2CC[NH+](CC2)C[C@@H](COc3ccc(cc3)OC[C@@H](C[NH+]4CCN(CC4)c5ccccc5)O)O
dude_tryb1__L003931,CCOC(=O)c1c(nc(s1)NC(=O)C2=NN(C(=O)CC2)[C@H]3CCS(=O)(=O)C3)C
dude_tryb1__L003932,COc1c(cc(cc1Cl)C(=O)NC(=S)Nc2ccc(cc2)N3CCN(CC3)S(=O)(=O)C)Cl
dude_tryb1__L003933,Cc1c(c(n(n1)CCO)C)C[NH2+]Cc2ccc(cc2)C[NH+]3CCC[C@@H](C3)C
dude_tryb1__L003934,CCCCCCN([C@H](c1ccccc1O)C(=O)NCCCC)C(=O)c2ccccc2OC
dude_tryb1__L003935,Cc1c(c(=O)[nH]c(=O)[nH]1)CCC(=O)NNC(=O)c2cc(cn2C)Br
dude_tryb1__L003936,c1ccc(cc1)/C=C/C(=O)OC[C@@H]2[C@H]([C@@H]([C@H]([C@@H](O2)OC(=O)c3cc(c(c(c3)O)O)O)O)O)O
dude_tryb1__L003937,C[C@H](C(=O)Nc1ccc(c(c1)S(=O)(=O)N(C)C)Cl)Sc2nnc(o2)c3ccccc3
dude_tryb1__L003938,CC[C@@H](C)O[C@@H]1[C@@H]([C@@H]([C@@H]([C@@H](O1)CO)O)O)NC(=O)C
dude_tryb1__L003939,Cc1c(sc(n1)c2ccccc2)CNC(=O)NCC[NH+]3Cc4ccccc4C3
dude_tryb1__L003940,CCCc1ccc(cc1)[C@@H](C)N(CC(=O)N)C(=O)/C=C/c2ccc(c(c2)S(=O)(=O)NC)OC
dude_tryb1__L003941,Cc1c(ccc2c1oc(=O)cc2C[NH2+]CC3(CCCC3)N4CCSCC4)O
dude_tryb1__L003942,CCOC(=O)C1=C(NC(=O)NC1)C[NH+]2CCNC(=O)[C@H]2c3c(nn(c3C)c4ccccc4)C
dude_tryb1__L003943,Cc1ccc(c(c1)S(=O)(=O)[C@@H](CNC(=O)C(=O)NCCCn2ccnc2)c3ccco3)C
dude_tryb1__L003944,CC[C@H](C)N1C(=O)/C(=C/c2c(nc3ccc(cn3c2=O)C)NCCCN4CCOCC4)/SC1=S
dude_tryb1__L003945,C[C@@]12CC[C@H]([C@@]([C@H]1Cc3c(nc(s3)NC(=O)C(C)(C)C)[C@H]2CC(=O)NCCN4CCOCC4)(C)CO)O
dude_tryb1__L003946,c1cc2c(cc1N/N=C/3\c4ncc(c(=[NH2+])n4NC3=[NH2+])C#N)OCO2
dude_tryb1__L003947,CCc1ccc2c(c1)[C@@]3([C@H]4[C@@H]([C@@H]([NH2+]3)Cc5ccc(c(c5)O)O)C(=O)N(C4=O)Cc6ccccc6)C(=O)N2
dude_tryb1__L003948,C[C@H](C(=O)NNC(=O)C1CCC1)Sc2nc([nH]n2)N/N=C/c3cc(c(cc3[N+](=O)[O-])O)OC
dude_tryb1__L003949,CC(C)(C)CC(C)(C)c1ccc(cc1)OC[C@H](C[NH2+]C2CC[NH+](CC2)Cc3ccccc3)O
dude_tryb1__L003950,Cc1ccc(c2c1cc(c(=O)[nH]2)CN(Cc3nnnn3Cc4ccc(cc4)OC)C[C@H]5CCCO5)C
dude_tryb1__L003951,C[C@@H](c1nncn1C)NS(=O)(=O)c2cc(cc(c2F)Cl)N
dude_tryb1__L003952,Cc1nc(c2cnn(c2n1)C)NCCCc3nnc(n3C4CCCC4)SC
dude_tryb1__L003953,CC#CCN1C(=O)[C@](NC1=O)(CCc2ccccc2)C3CC[NH+](CC3)Cc4ccc(cc4)OCCO
dude_tryb1__L003954,C[C@@H]([C@@H](c1cccc(c1)OC)Oc2ccc(cc2F)Br)[NH3+]
dude_tryb1__L003955,Cc1c(sc(=O)[nH]1)S(=O)(=O)N2CCN(CC2)c3c(n4ccsc4n3)[N+](=O)[O-]
dude_tryb1__L003956,Cc1ccc(cc1)[C@@H]2C(=C(NC(=O)N2)CS(=O)(=O)c3cc(ccc3OC)OC)C(=O)OC
dude_tryb1__L003957,CCc1c(c(on1)NC(=O)C)c2ccc(c(c2)S(=O)(=O)Nc3cc(cc(c3)OC)OC)C
dude_tryb1__L003958,CCC(=O)N[C@@H]1NN[C@@H](S1)CC(=O)N/N=C/C2=c3ccccc3=[NH+]C2
dude_tryb1__L003959,COc1cc(ccc1[C@@H]2[C@H]3C(=NC(=N3)C(F)(F)F)OC(=C2C#N)N)OCCN4CCOCC4
dude_tryb1__L003960,CCn1c2ccc(cc2nc1SCC(=O)N3CCc4cc(c(cc4C3)OC)OC)S(=O)(=O)N
dude_tryb1__L003961,CCOc1cc(ccc1OC(=O)C[C@@H]2C(=O)NC(=O)S2)/C=C\3/C(=O)NC(=S)S3
dude_tryb1__L003962,CCOCCn\1c2ccc(cc2s/c1=N\C(=O)c3cc(cc(c3)OC)OC)S(=O)(=O)N
dude_tryb1__L003963,CCOc1ccc(cc1C[NH+]2C[C@H]3C[C@@H](C2)c4cccc(=O)n4C3)/C=N/NC(=O)c5c(nsn5)NC
dude_tryb1__L003964,Cc1c(cnn1c2cccc(c2)F)[C@H](C)[NH2+]Cc3ccc(cc3)C#CCCO
dude_tryb1__L003965,CC(C)(C)c1cc(cc(c1O)C(C)(C)C)[C@@H]2C[S@@](=O)C[C@H]([NH2+]2)C(=O)NCc3ccccn3
dude_tryb1__L003966,CCCCn1c(c(c(=O)[nH]c1=O)N(CCC(C)C)C(=O)CSc2c(c(c(c(n2)C)C)C)C#N)N
dude_tryb1__L003967,Cc1cc(c(c(c1)Br)NCc2c[nH]c([nH+]2)C)Br
dude_tryb1__L003968,CC(C)CNC(=O)NC(=O)COC(=O)CNC(=O)c1ccc(o1)Br
dude_tryb1__L003969,CC(C)[NH+](CCC(=[NH2+])N)Cc1ccc(cc1)C(F)(F)F
dude_tryb1__L003970,CCCOc1ccc(cc1C(=O)NNC(=O)CCC(=O)Nc2ccc(cc2)OCC)Br
dude_tryb1__L003971,Cc1c(c(n2c(n1)c(cn2)C(=O)N)C)CCC(=O)Nc3cc(c(c(c3)OC)OC)OC
dude_tryb1__L003972,Cc1cc(n(n1)CCNC(=O)[C@H]2CN(CC23CC[NH2+]CC3)C(=O)[C@@H]4COc5ccccc5O4)C
dude_tryb1__L003973,C[C@@H]1C(=C(NO1)C)S(=O)(=O)N2CCC(CC2)C(=O)N3CCC(CC3)n4c5ccccc5[nH]c4=O
dude_tryb1__L003974,Cc1ccc(cc1C)S(=O)(=O)[C@@H](CNC(=O)C(=O)NCCN2CCOCC2)c3cccs3
dude_tryb1__L003975,C(C(=O)NNC(=O)C(F)(F)F)Sc1nnc(n1N)C(F)(F)F
dude_tryb1__L003976,CCc1ccccc1NC(=O)Cn2c(c(c([nH+]2)NCC)c3nc(no3)c4ccccc4C)N
dude_tryb1__L003977,CCOc1cc(cc(c1O)CC=C)/C=N/NC(=O)[C@@H](C(C)C)NC(=O)COc2ccccc2C
dude_tryb1__L003978,C[C@@H](C(=O)N1CCNC(=O)[C@@H]1CC(=O)OC[C@@H]2CCCO2)Oc3ccc(cc3)C(C)C
dude_tryb1__L003979,C[C@H](C(=O)Nc1c(c2c(s1)CCC2)C(=O)N)OC(=O)c3cc(c(c(c3)Cl)OCC(C)C)OC
dude_tryb1__L003980,CCn1cnnc1CNC(=O)Cc2c(nn(c2C)c3ccc(cn3)C(F)(F)F)C
dude_tryb1__L003981,COC(=O)N1CCc2c(sc(c2C#N)NC(=O)CS(=O)(=O)c3ccc(cc3)Cl)C1
dude_tryb1__L003982,C[NH+](Cc1ccccc1Br)Cc2nc(c3ccsc3n2)N
dude_tryb1__L003983,Cn4c(C(F)(F)c2nc1c(F)cc(F)cc1[nH]2)nc5ccc(C(=O)NC(O)COc3ccc(F)cc3)cc45
dude_tryb1__L003984,CC[C@@H](C)[C@@H](C(=O)NNC(=S)N[C@@H]1CCC[C@H]([C@@H]1C)C)NC(=O)N
dude_tryb1__L003985,Cc1cc(c(c(c1C)C)C)S(=O)(=O)NC2CC([NH2+]C(C2)(C)C)(C)C
dude_tryb1__L003986,c1cc2c(cc1Cl)n(c(n2)CSc3nnc(o3)C[C@H]4CCS(=O)(=O)C4)CCO
dude_tryb1__L003987,C/C=C/C=N/NC(=O)c1c(n(nn1)c2c(non2)N)CN3CCOCC3
dude_tryb1__L003988,CC(C)CC[NH2+]Cc1cc(ccc1OC[C@@H](C[NH+]2CCC(CC2)O)O)OC
dude_tryb1__L003989,CC(C)CSc1nnc(s1)NC(=O)CSc2nc([nH]n2)N/N=C/c3cccc(c3)Cl
dude_tryb1__L003990,CCS(=O)(=O)/N=C/NCc1cccc(n1)c2csc(n2)N=C(N)N
dude_tryb1__L003991,CC[C@H]1C[NH+]2CCc3cc(c(cc3[C@@H]2C[C@@H]1C[C@H]4c5c(c6cc(ccc6[nH]5)O)CC[NH2+]4)OC)OC
dude_tryb1__L003992,CCOC(=O)c1c(c(sc1NC(=O)C2=NN(C(=O)CC2)c3cc(ccc3C)C)C(=O)NC)C
dude_tryb1__L003993,c1ccc2=[NH+]C([NH+]=c2c1)/C=C/3\C(=O)N(C(=S)S3)[C@H](CC(=O)N)C(=O)[O-]
dude_tryb1__L003994,Cc1ccc(cc1)NC(=S)N2[C@H](Cc3c([nH+]c[nH]3)[C@H]2c4cc(c(cc4OC)OC)OC)C(=O)[O-]
dude_tryb1__L003995,COc1ccc(cc1)n2c3c(c(n2)C(=O)N)CCN(C3=O)c4ccc(cc4)C5(CC5)CCN6CCOCC6
dude_tryb1__L003996,CC(=C)C(=O)OCCO[C@H]1[C@H]([C@@H]([C@@H]([C@@H](O1)O)O)O)O
dude_tryb1__L003997,COc1ccc2c(c1)c(c3ccc(cc3[nH+]2)[N+](=O)[O-])NCCC[NH+](CCO)CCO
dude_tryb1__L003998,CS(=O)(=O)c1cnc2ncnn2c1[C@@H]3CCCN(C3)C(=O)c4c5c([nH]n4)CCCC5
dude_tryb1__L003999,CC(=O)Nc1ccc(cc1)NC(=O)CSc2nc([nH]n2)N/N=C/c3ccc(c(c3)O)OC
dude_tryb1__L004000,c1ccc2c(c1)[C@H](CCO2)NC(=O)CSc3nnc(n3C[C@H]4CCCO4)N5CCOCC5
dude_tryb1__L004001,C[C@H](c1cc(ccc1OC)OC)NC(=O)CSc2nnc(n2N)COc3ccc(cc3)C(C)C
dude_tryb1__L004002,CN(C)S(=O)(=O)c1ccc(c(c1)NC(=O)c2cnc(n2c3ccc(cc3)F)SC)OC
dude_tryb1__L004003,Cc1c(ccc(c1OC)[C@@H]2[C@H]3[C@@H](C(=O)N(C3=O)C(C)(C)C)[C@@]([NH2+]2)([C@@H](C)O)C(=O)[O-])OC
dude_tryb1__L004004,Cc1c(cco1)c2nnc(n2N)SCC(=O)Nc3c(c4c(s3)CCC4)C(=O)N
dude_tryb1__L004005,CC(C)[C@H](c1nnnn1C[C@@H]2CCCO2)N(Cc3ccc(cc3)F)Cc4cc5cc(ccc5[nH]c4=O)OC
dude_tryb1__L004006,CC(C)CCNC(=O)[C@@H](c1ccncc1)N(c2ccc(cc2OC)OC)C(=O)c3c(c(ns3)C(=O)N)N
dude_tryb1__L004007,CCOC(=O)c1c(n(c(=S)c(c1c2ccc(cc2)OC)C#N)[C@H]3[C@H]([C@@H]([C@@H]([C@@H](O3)CO)O)O)O)C
dude_tryb1__L004008,CCCCCN(c1c(n(c(=O)[nH]c1=O)CCCC)N)C(=O)[C@H](C)Sc2ccc(cc2)Cl
dude_tryb1__L004009,COc1ccc(cc1)S(=O)(=O)[C@@H](CNC(=O)C(=O)NCCc2ccccc2F)c3cccnc3
dude_tryb1__L004010,CC(C)Oc1c(cc(cc1OC)Br)C[NH2+]CCC[NH2+]CCO
dude_tryb1__L004011,CCCC[NH+](CC)[C@@H](C[NH3+])c1ccc(c(c1)Br)OC
dude_tryb1__L004012,CCc1nnc(s1)NS(=O)(=O)c2ccc(cc2)n3c(c(n4c3nc5c4c(=O)[nH]c(=O)n5C)C)C
dude_tryb1__L004013,CC[C@H]([C@@H](c1ccccc1Br)[NH+](CCO)C(CC)CC)[NH3+]
dude_tryb1__L004014,CC(=CCC[C@](C)([C@@H](C[C@@H](/C(=C/COC[C@@H]([C@@H]([C@@H]([C@@H](CO)O)O)O)O)/C)OC(=O)C)O)O)C
dude_tryb1__L004015,Cc1cc(c(cc1Nc2c(c(ncn2)NNC(=O)c3ccco3)N)Cl)[C@H](C#N)c4ccc(cc4)Cl
dude_tryb1__L004016,c1cc(ccc1c2c(c3ccc(cc3[nH]2)C4=[NH+]CCN4)N)C5=[NH+]CCN5
dude_tryb1__L004017,c1ccc(c(c1)NC(=O)NC(=O)CNc2cc(ccc2NCCO)[N+](=O)[O-])F
dude_tryb1__L004018,c1cc(ccc1C(=O)N2CCN(CC2)c3ccc(cc3)[N+](=O)[O-])/N=C/4\N[C@H]5CS(=O)(=O)C[C@H]5S4
dude_tryb1__L004019,COc1cc(ccc1OC[C@H](C[NH+]2CCSCC2)O)C[NH2+]CCCO
dude_tryb1__L004020,CCCCN(Cc1ccco1)c2ccc(cc2C(=O)NCCC)NS(=O)(=O)c3ccc(cc3)[N+](=O)[O-]
dude_tryb1__L004021,C[C@H]([C@H](c1ccc(cc1)Cl)[NH+](CCCO)C(C)C)[NH3+]
dude_tryb1__L004022,CCOc1cccc(c1OCc2ccc(cc2Cl)Cl)C[NH2+]CC[NH2+]CCO
dude_tryb1__L004023,C[C@@H](CCCC(C)(C)O)NC(=O)[C@@H]1CN(CC12CC[NH2+]CC2)C(=O)c3ccc(o3)c4ccc(cc4)F
dude_tryb1__L004024,CN(C1CC1)S(=O)(=O)c2ccc(cc2)C(=O)Nc3nc(cs3)c4ccc(cc4)[N+](=O)[O-]
dude_tryb1__L004025,CC(C)c1ccc2c(c1)CC[C@@H]3[C@@]2(CCC[C@]3(C)CNC(=O)c4coc(n4)CC[NH3+])C
dude_tryb1__L004026,CCOc1ccc(cc1OC)/C=C\2/C(=O)N(C(=O)S2)CCNC(=O)[C@H]3CS[C@]4(N3C(=O)CC4)C
dude_tryb1__L004027,CCOC(=O)C1=C(NC(=O)N[C@@H]1c2ccco2)COC(=O)c3ccccc3SCC(=O)N(C)C
dude_tryb1__L004028,CC(C)N(C(C)C)C(=O)[C@@H](c1cccnc1)[C@@H](CNC(=O)[C@@H](Cc2ccccc2F)[NH3+])c3ccccc3
dude_tryb1__L004029,Cc1cc(c(c(c1)C)S(=O)(=O)N2CCO[C@H]2CNC(=O)C(=O)NCCCN3CCOCC3)C
dude_tryb1__L004030,C[C@H](C(=O)NCCCn1ccnc1)N2C(=O)/C(=C/c3ccc4c(c3)OCO4)/SC2=S
dude_tryb1__L004031,Cc1ccccc1N([C@H](c2ccc(o2)C)C(=O)NCc3ccco3)C(=O)Cn4c5ccccc5nn4
dude_tryb1__L004032,c1c(c(cc2c1[nH]c(=O)[nH]2)Br)[C@H](CCCCC(=O)N)[NH3+]
dude_tryb1__L004033,c1cc(ccc1c2c[nH]nc2c3ccc(cc3O)OCC[NH+]4CCC(CC4)C(=O)N)Br
dude_tryb1__L004034,CCN1CCc2c(c(nc3c2c([nH]n3)N)NCCCO)C1
dude_tryb1__L004035,c1ccc(c(c1)C(=O)N/N=C(\[C@H]2C(=O)[NH+]=c3ccc(cc3=[NH+]2)Cl)/[C@@H]([C@@H](CO)O)O)Cl
dude_tryb1__L004036,C1CCC2(C1)C(=O)N(C(=O)N2)CCC(=O)NNC(=O)NC[C@@H]3CCCO3
dude_tryb1__L004037,Cc1cc(cc(c1)OC[C@H](CNc2c(c3c(s2)C[C@H](CC3)C)C(=O)N[C@@H]4CCS(=O)(=O)C4)O)C
dude_tryb1__L004038,c1cc(sc1)[C@H](CNC(=O)C(=O)N[C@@H]2CCS(=O)(=O)C2)S(=O)(=O)c3ccc4c(c3)OCCO4
dude_tryb1__L004039,CCOc1ccc(cc1)N2C(=O)C[C@H](C2=O)N(Cc3ccc(cc3)S(=O)(=O)N)C(=O)C
dude_tryb1__L004040,CCCCn1c2c(c(=O)[nH]c1=O)n(c(n2)Cn3cc(ccc3=O)S(=O)(=O)N4CCCC4)C
dude_tryb1__L004041,CC[C@@H]([C@@H](c1cccc(c1)Br)[NH+](CCO)C(C)C)[NH3+]
dude_tryb1__L004042,Cc1ccc2=[NH+][C@H](C(=c2c1)NC(=O)C[NH+]3CCC(CC3)C(=O)N)C(=O)OC
dude_tryb1__L004043,CC(C)[C@@H](C(=O)Nc1cc2c(cc1Br)[nH]c(=O)[nH]2)[NH3+]
dude_tryb1__L004044,[H]/N=C\1/C(=C\c2ccc(c(c2)OC)OCc3ccc(cc3)[N+](=O)[O-])/C(=O)N=C4N1N=C(S4)S(=O)(=O)C
dude_tryb1__L004045,Cn1ccc(n1)c2nnc(n2C[C@@H]3CCCO3)SCC(=O)Nc4c(c5c(s4)CCC5)C(=O)N
dude_tryb1__L004046,CCCCCOc1ccc(cc1[C@@H](C[NH3+])[NH+](C)CCCC)Cl
dude_tryb1__L004047,C[C@@H](c1ccccc1)NC(=O)[C@H](C)[NH2+]C[C@@H]([C@@H]2CC=CS2)C3=c4ccccc4=[NH+]C3
dude_tryb1__L004048,CC(C)n1cc(cn1)/C=N/Nc2nnc(n2N)SCC(=O)Nc3ccc(c(c3)C(F)(F)F)Cl
dude_tryb1__L004049,COc1cccc(c1OC)[C@@H](C[NH2+]C[C@@H](COc2ccccc2F)O)c3c[nH]c4c3cccc4
dude_tryb1__L004050,CCOC(=O)C1=C(NC(=O)N[C@H]1c2cc(ccc2C)C)C[NH2+]CCc3ccc(cc3)S(=O)(=O)N
dude_tryb1__L004051,CCN(CC)S(=O)(=O)c1cccc(c1)C(=O)Nc2nc(cs2)c3ccc4c(c3)OCCO4
dude_tryb1__L004052,Cc1c2c(ncn(c2=O)CCN3CCOCC3)sc1C(=O)Nc4c(c5c(s4)CCCC5)C(=O)N
dude_tryb1__L004053,C[NH+]1CCc2c(sc3c2C(=N[C@@H](N3)c4ccc(o4)c5ccccc5F)O)C1
dude_tryb1__L004054,C[C@H](c1nnc(o1)C2CCC2)Sc3nc([nH]n3)N/N=C/c4ccc(c(c4)OCn5cccn5)OC
dude_tryb1__L004055,CCOc1cc(ccc1O)CN(CCc2c[nH]c3c2cc(cc3)OC)C(=S)Nc4ccccc4OC
dude_tryb1__L004056,CCONC[C@@H](c1ccc(cc1)Cc2ccccc2)N3CC[NH2+][C@@H](C3)c4ccccc4O
dude_tryb1__L004057,C[C@H](C(C)(C)O)Nc1cc2c([nH+]c1)N([C@@H]([C@@H]2NC(=O)C)C(=O)OC)CCC3=c4ccccc4=[NH+]C3
dude_tryb1__L004058,CCCC[C@@H](C[NH+](CCC)Cc1c(nn(c1Oc2ccccc2)c3ccc(cc3)OC)C(C)C)O
dude_tryb1__L004059,C[C@@H]1[C@H]([C@@H](C[C@@H](O1)O[C@H]2C[C@@](CC3=C([C@@H]4[C@@H](C(=O)c5c(cccc5OC)C4=O)C(=C23)O)O)(C(=O)C)O)[NH3+])O
dude_tryb1__L004060,CC/C(=C\CO[C@H]1[C@@H]([C@H]([C@@H]([C@H](O1)CO[C@@H]2[C@@H]([C@](CO2)(CO)O)O)O)O)O)/C(C)(C)O
dude_tryb1__L004061,C[C@@H](Cn1cc[nH+]c1)NC(=O)Nc2ccc(c(c2)Cl)C(=O)NCc3ccccn3
dude_tryb1__L004062,CC(C)[C@@H](C(=O)[O-])[NH2+]CCS(=O)(=O)CCC(=O)N
dude_tryb1__L004063,C[C@@H]1c2c(sc([nH+]2)NCC=C)C[C@@]3([C@H]1[C@@H]([C@H](CC3)[C@H](C)C(=O)N(C)CC=C)O)C
dude_tryb1__L004064,c1cc2c(cc1C(F)(F)F)NC(=O)[C@@H](S2)CC(=O)NCCS(=O)(=O)N
dude_tryb1__L004065,Cc1cccc(c1C)NC(=O)C[NH+]2CCN(CC2)[C@@H](C)C(=O)Nc3c(ccs3)C(=O)N
dude_tryb1__L004066,COc1cc(cc(c1OC)OC)[C@@H]2c3cc4c(cc3[C@H]([C@@H]5[C@@H]2C(=O)OC5)NC(=O)CCl)OCO4
dude_tryb1__L004067,COc1ccc(cc1)[C@H]2NC(=NC(=[NH+]2)N)SCC(=O)N3c4ccccc4CCc5c3cccc5
dude_tryb1__L004068,CCCCSc1nnc(s1)NC(=O)c2c3c(n(n2)[C@H]4CCS(=O)(=O)C4)CCCC3
dude_tryb1__L004069,Cc1ccc(c(c1)OCC(=O)N(C)C)NC(=O)C(=O)NCC(C)(C)C(=O)N
dude_tryb1__L004070,CN(C)C(=O)COc1cccc(c1)NC(=O)[C@@H](CCSC)NC(=O)N
dude_tryb1__L004071,CC(C)CCNC(=O)NC(=O)CSc1nnc(n1C[C@H]2CCCO2)N3CCOCC3
dude_tryb1__L004072,c1cc(oc1)CNC(=O)NC(=O)COC(=O)C2CCN(CC2)c3ccc(c[nH+]3)C(F)(F)F
dude_tryb1__L004073,CN(C)c1ccc(cc1)N2[C@@H]3[C@@H](C[C@H]([C@@H]([C@@H]3NC2=S)O)O)C(=O)NCCN4CCOCC4
dude_tryb1__L004074,COc1cc(ccc1O)C(c2c(nc([nH]c2=O)SC)N)c3c(nc([nH]c3=O)SC)N
dude_tryb1__L004075,CCc1ccc(cc1)NC(=O)c2nnc(s2)COC(=O)c3cc(nc4c3c(nn4C)C)C
dude_tryb1__L004076,CO[S@@](=O)(=S)CCNC(=O)[C@@H](CCCCNC(=O)CCCC[C@@H]1[C@@H]2[C@@H](CS1)NC(=O)N2)[NH3+]
dude_tryb1__L004077,c1ccc(c(c1)C#N)S(=O)(=O)Nc2ccc3n(c2=O)C[C@H]4C[C@@H]3CN(C4)C(=O)c5ccccn5
dude_tryb1__L004078,Cc1cccc(c1C)NC(=S)N(Cc2ccccc2F)C3CC([NH2+]C(C3)(C)C)(C)C
dude_tryb1__L004079,COc1cccc(c1)c2csc3c2c(=O)[nH]c(n3)C[NH+](Cc4ccco4)C[C@H](COCC=C)O
dude_tryb1__L004080,OC(=O)[C@@H]2[C@@H](CC1CCNCC1)C(=O)N2C(=O)N4CCN(C(=O)CCCCCCCc3ccccc3)CC4
dude_tryb1__L004081,CC(C)C[NH+](CC(C)C)[C@H](C[NH3+])c1cccc(c1)Br
dude_tryb1__L004082,CCCCCCN([C@@H](c1ccccc1O)C(=O)NCS(=O)(=O)c2ccc(cc2)C)C(=O)C=C(C)C
dude_tryb1__L004083,CC(C)[C@@H](c1nnnn1Cc2ccccc2)[NH+](CCO)Cc3cc4cc(ccc4[nH]c3=O)OC
dude_tryb1__L004084,Cc1ccc2c(c1)[C@]3([C@H]4[C@@H]([C@H]([NH2+]3)Cc5ccccc5)C(=O)N(C4=O)CCc6ccccc6)C(=O)N2
dude_tryb1__L004085,COCCn1cc(cn1)/C=N/Nc2[nH]nc(n2)SCCC(=O)Nc3c(c4c(s3)CCCC4)C#N
dude_tryb1__L004086,CC(=O)Nc1ccc(cc1)N2C[C@H](CC2=O)C(=O)Nc3ccc(cc3)S(=O)(=O)NCCCOC
dude_tryb1__L004087,c1cc(oc1)CNc2nc3c(ncnc3n2[C@H]4[C@@H]([C@@H]([C@@H](O4)CO)O)O)N
dude_tryb1__L004088,CN([C@H]1CCS(=O)(=O)C1)C(=O)C(=O)NC[C@@H](c2cccnc2)S(=O)(=O)c3ccc(cc3)Cl
dude_tryb1__L004089,Cc1ccc(cc1)S(=O)(=O)CNC(=O)[C@@H](c2cccc(c2)O)N(Cc3ccc(o3)C)C(=O)C(=C)C
dude_tryb1__L004090,CN(CCc1ccccn1)C(=O)CNC(=O)Nc2cccc(c2)S(=O)(=O)N
dude_tryb1__L004091,c1ccc(cc1)c2coc3cc(ccc3c2=O)O[C@@]4([C@H]([C@@H]([C@@H]([C@@H](O4)CO)O)O)O)O
dude_tryb1__L004092,Cc1ccc2=[NH+][C@H]3CCN(CC3=c2c1)C(=O)CN4[C@@H](N[NH2+]N4)C[NH+](C)C(C)C
dude_tryb1__L004093,CCSC[C@H]1[C@H]([C@@H]([C@@H](O1)n2cnc3c2[nH]c(=O)nc3N)O)O
dude_tryb1__L004094,CSCC[C@H](C(=O)NNC(=O)c1c2ccccc2c(=O)[nH]n1)NC(=O)c3ccco3
dude_tryb1__L004095,c1ccc(c(c1)C(F)(F)F)NC(=S)NNC(=O)C2CC[NH+](CC2)Cc3ccc(cc3Cl)F
dude_tryb1__L004096,CC[NH+](CC(=O)Nc1c(c2c(s1)CCCC2)C(=O)NCCOC)CC(=O)NC(C)(C)C
dude_tryb1__L004097,CN1[C@@H](CCC1=O)C(=O)N2CS(=O)(=O)C[C@@H]2C(=O)Nc3nc(cs3)c4ccc(cc4)F
dude_tryb1__L004098,CCOC(=O)c1c(c(sc1NC(=O)CSc2c(cccn2)C(=O)[O-])C(=O)OCCOC)C
dude_tryb1__L004099,Cc1c(cn(n1)CCCNC(=O)[C@@H]2CCCN(C2)S(=O)(=O)c3cnn(c3C)C)Br
dude_tryb1__L004100,CC1CC[NH+](CC1)C[C@H](CNC(=O)NCC[NH+](C(C)C)C(C)C)O
dude_tryb1__L004101,c1c2c(cc(c1Cl)S(=O)(=O)N3CSC[C@H]3C(=O)N4CCSCC4)OCC(=O)N2
dude_tryb1__L004102,Cc1ccc(c(c1)C)OCc2nnc(n2N)S[C@H](C(C)C)C(=O)NC(=O)N
dude_tryb1__L004103,Cc1c(c2cc(ccc2[nH]1)C#N)CCNC(=O)[C@@H]3CN(CC34CC[NH2+]CC4)C(=O)c5cccn5C
dude_tryb1__L004104,C1Cc2c(sc(c2C(=O)N)NC(=O)C[NH2+]CCCN3CCOCC3)C1
dude_tryb1__L004105,Cc1ccc(cc1)S(=O)(=O)CNC(=O)[C@@H]([C@@H](C)c2ccccc2)N(Cc3ccc(o3)C)C(=O)CO
dude_tryb1__L004106,Cc1nc2n(n1)c(c(s2)[C@H](c3ccc(c(c3)OC)OC)[NH+]4CCN(CC4)CCO)O
dude_tryb1__L004107,CCCCN(c1c(n(c(=O)[nH]c1=O)CCC)N)C(=O)CSc2nncn2C
dude_tryb1__L004108,CCCCOC(=O)C1=C(N(c2ccccc2[C@@]13C(=C(OC3=O)CC(=O)OCC)C(=O)OCC)CC=C)N
dude_tryb1__L004109,C[C@@H](C(=O)N)NS(=O)(=O)c1cc(cnc1NN)Br
dude_tryb1__L004110,CCOCCCN1[C@H](C2=C(N=N[C@H]2C1=O)c3ccccc3O)c4ccc(c(c4)OC)OC
dude_tryb1__L004111,c1cnc(cc1Oc2c(cc(cc2Br)[N+](=O)[O-])Br)C(=[NH2+])N
dude_tryb1__L004112,Cc1ccc(cc1)C(=O)N[C@@H](c2nnc(n2CC=C)SCC(=O)Nc3ccc(cc3C)[N+](=O)[O-])C(C)C
dude_tryb1__L004113,C[C@H](C(=O)N/N=C/c1ccccc1O)Nc2c(=O)[nH]c(=O)[nH]n2
dude_tryb1__L004114,Cc1ccc(cc1)S(=O)(=O)/N=C(/Nc2cc(ccc2N3CC[NH+](CC3)C)S(=O)(=O)C)\[O-]
dude_tryb1__L004115,CCn1c(c(c(c(c1=O)C#N)C)/C=C/2\C(=O)N(C(=S)S2)CCCC(=O)[O-])N3CC[NH+](CC3)C
dude_tryb1__L004116,Cc1c(snn1)C(=O)NCCn2c3c(cn2)c(ncn3)N4CCN(CC4)c5ncccn5
dude_tryb1__L004117,NC(=N)c5ccc4oc(C(=O)N3CCN(C(=O)COc2ccc(OCC(=O)N1CCCCC1)cc2)CC3)cc4c5
dude_tryb1__L004118,CC[C@H](C)N1C(=O)/C(=C/c2c(nc3ccc(cn3c2=O)C)N4CCN(CC4)CCO)/SC1=S
dude_tryb1__L004119,CCCCCOc1ccc(cc1OCC)[C@H]2c3c(n[nH]c3C(=O)N2CCCC)c4ccccc4O
dude_tryb1__L004120,CN(Cc1cc(cs1)Br)[C@H](C[NH3+])c2ccc(o2)Br
dude_tryb1__L004121,Cc1ccc(cc1)COc2ccc(cc2C[NH2+]CC[NH2+]C[C@H](C)O)Br
dude_tryb1__L004122,c1cc(ccc1C(=O)Nc2ncc(s2)S(=O)(=O)c3ccc(cc3)[N+](=O)[O-])N4C(=O)CCC4=O
dude_tryb1__L004123,[H]/N=C\1/C(=C\c2cc(c(c(c2)Br)OS(=O)(=O)C)OC)/C(=O)N=C3N1N=CS3
dude_tryb1__L004124,[H]/N=C\1/C(=C\c2cccn2CCCOc3ccccc3Cl)/C(=O)N=C4N1N=C(S4)N5CCOCC5
dude_tryb1__L004125,CCN(c1cccc2c1cccc2)c3c(c([nH+]cn3)Nc4cccc(c4)Br)N
dude_tryb1__L004126,C[C@@H](Cc1cc(c(c(c1)Br)OCC[NH+](C)C)OC)[NH3+]
dude_tryb1__L004127,CNS(=O)(=O)c1ccc(cc1)/C=C/C(=O)NNC(=O)NCCCOC
dude_tryb1__L004128,c1cc(c(cc1[N+](=O)[O-])C(=O)N(CC(=O)N)CC(=O)N)Br
dude_tryb1__L004129,Cc1cc(no1)NC(=O)CSCC(=O)O[C@@H](C)C(=O)NC(=O)NC(C)(C)C
dude_tryb1__L004130,CC[C@H]([C@H](c1ccccc1Br)[NH+](CCOC)CC(C)C)[NH3+]
dude_tryb1__L004131,C=CCn1c(=O)c(c([nH]c1=O)[O-])[C@H](c2ccncc2)[C@H]3[C@H](N(C(=O)NC3=O)CC=C)O
dude_tryb1__L004132,CCOc1cc(cc(c1OCc2cccc(c2)[N+](=O)[O-])CC=C)/C=C(/C#N)\C(=O)Nc3ccc(cc3)O
dude_tryb1__L004133,CN(Cc1c2c([nH]n1)CCCCC2)C(=O)C[C@@]3(CC(=O)N(C3=O)CCOC)c4ccccc4F
dude_tryb1__L004134,C[C@@H](C(=O)NC(=O)NC1CC1)OC(=O)C2CCN(CC2)S(=O)(=O)c3ccc(c(c3)F)F
dude_tryb1__L004135,C[C@@H]1C(=C2C(=NC(=NC2=O)CSc3nnc(n3c4ccc(cc4)F)C[NH+]5CCCCC5)O1)C(=O)[O-]
dude_tryb1__L004136,CCC[C@H](C(=O)N/N=C\1/c2cc(ccc2N(C1=O)CCCOc3cccc(c3)C)C)Oc4ccc(cc4)O
dude_tryb1__L004137,Cc1ccc(cc1)S(=O)(=O)CNC(=O)[C@H](c2ccccc2O)N(Cc3ccc(o3)C)C(=O)CO
dude_tryb1__L004138,CCOC(=O)/C=C/c1cn(c(=O)[nH]c1=O)CC[C@H]2[C@H]3[C@@H]([C@H](O2)CO)OC4(O3)CCCCC4
dude_tryb1__L004139,CCOc1ccc(cc1[C@@H](c2ccc(c(c2)F)OC)[NH3+])Br
dude_tryb1__L004140,c1cc(c(c(c1)Cl)COc2ccc(cc2C[NH2+]CCC[NH2+]CCO)Br)F
dude_tryb1__L004141,CC/C(=N\NC(=O)[C@@H](C)N(c1ccc(cc1)OC)S(=O)(=O)C)/c2ccc3c(c2)OCCO3
dude_tryb1__L004142,Cc1ccc(cc1)S(=O)(=O)Nc2cccc(c2)C(=O)Nc3nnc(o3)c4ccc(cc4)S(=O)(=O)C
dude_tryb1__L004143,CN(C[C@@H]([C@H]([C@H]([C@H](CO)O)O)O)O)c1ccnc2n1ncn2
dude_tryb1__L004144,CCCCn1c2ccc(cc2nc1S[C@H](C(C)C)C(=O)NC(=O)N)S(=O)(=O)N(CC)CC
dude_tryb1__L004145,c1cc(ccc1[N+](=O)[O-])O[C@]2(C[C@@H]([C@H]([C@H](O2)[C@@H]([C@@H](CO)O)O)NC(=O)CO)O)C(=O)[O-]
dude_tryb1__L004146,c1ccc2c(c1)C(=NS2(=O)=O)Nc3nnc(s3)SCC(=O)N4CCOCC4
dude_tryb1__L004147,CCCN(CCC)C(=O)c1ccc(cc1)NCC(=O)N2CCNC(=O)[C@@H]2CC(=O)OCC(C)C
dude_tryb1__L004148,C[C@@H]1c2c(sc([nH+]2)NCC=C)C[C@]3([C@H]1[C@H]([C@@H](CC3)[C@H](C)C(=O)NCCN4CCOCC4)O)C
dude_tryb1__L004149,C[C@]1([C@@]([C@@]([C@]([C@@](O1)(C)Oc2c[nH]c3c2c(c(cc3)Br)Cl)(C)O)(C)O)(C)O)CO
dude_tryb1__L004150,CCn1c(c(c(c(c1=O)C#N)C)/C=C\2/C(=O)N(C(=S)S2)CCCOCC)NCc3ccc(cc3)F
dude_tryb1__L004151,c1cc(c(cc1[N+](=O)[O-])CSc2c3c(ncn2)n(cn3)[C@@H]4[C@@H]([C@@H]([C@@H](O4)CO)O)O)O
dude_tryb1__L004152,c1cc(ccc1/C=C\2/C(=O)N(C(=O)S2)CCNC(=O)CC[C@H]3C(=O)NC(=S)N=N3)F
dude_tryb1__L004153,CS(=O)(=O)c1cc(c(c(c1)Cl)[C@H](CC(=O)N)N)[N+](=O)[O-]
dude_tryb1__L004154,C[C@H](C(=O)[O-])NC(=O)CCC(=O)OCC(=O)[C@]1(CC[C@H]2[C@@]1(CC[C@@H]3[C@H]2CCC4=CC(=O)CC[C@@]34C)C)O
dude_tryb1__L004155,CCCCn1c2ccc(cc2nc1CCC(=O)NNC(=O)c3cc(oc3C)C)S(=O)(=O)N(C)C
dude_tryb1__L004156,CCOC(=O)Cc1csc(n1)NC(=O)C[C@@H]2CSc3n2c(=O)cc(n3)C
dude_tryb1__L004157,c1cc(ccc1/C=C/C=N/[NH+]=C2NCCCN2)c3cn4cc(ccc4n3)/C=C/C=N/NC5=[NH+]CCCN5
dude_tryb1__L004158,COC(=O)CC1=C([C@@H](S[C@@H]1C(=O)OC)NC(=O)CSc2[nH]nc(n2)C3CC3)C(=O)OC
dude_tryb1__L004159,Cc1cc(ccc1N[C@H]2[C@@H]([C@@H]([C@@H](O2)[C@@H](CO)O)O)O)[N+](=O)[O-]
dude_tryb1__L004160,c1cc(oc1)[C@H](CNC(=O)NNC(=S)NC2CCCC2)[NH+]3CCCCC3
dude_tryb1__L004161,CC[NH+](CC)CCC[C@@H](C)Nc1[nH+]c(cc(n1)Nc2ccc3c(c2)c(cc([nH+]3)C)N)C
dude_tryb1__L004162,CCN(Cc1ccccc1)[C@H](c2cc3cc4c(cc3[nH]c2=O)OCO4)c5nnnn5C(C)(C)C
dude_tryb1__L004163,C[C@H](NC(=O)[C@@H](CC(=O)[O-])[NH3+])NC(=O)N(C)C(C)(C)C
dude_tryb1__L004164,c1cc(cc(c1)N2CC[NH+](CC2)Cc3nc(nc(n3)Nc4ccc(cc4)Cl)N)C(F)(F)F
dude_tryb1__L004165,CC[NH+](CC(=O)N[C@H]1c2c(c(n[nH]c2=O)C)[C@@H](O1)C)CC(=O)NC(C)C
dude_tryb1__L004166,CN(C)S(=O)(=O)c1ccc(cc1)C2=C(C(=O)N([C@@H]2c3ccco3)CCCN4CCOCC4)O
dude_tryb1__L004167,CCc1cc-2c(c(c(oc2cc1=O)[C@@H](CCSC)[NH3+])c3nc(cs3)C)O
dude_tryb1__L004168,CC[NH+](CC)CCNC(=O)c1ccc2c(c1)[C@H]3C=CC[C@@H]3[C@H](N2)c4ccc(cc4)O
dude_tryb1__L004169,C[C@@H]1CCC[C@H](C1)OC[C@@H](C[NH2+]Cc2ccccc2Br)O
dude_tryb1__L004170,c1ccc(cc1)/N=N\c2ccc3c(cc(c(c3c2O)N)S(=O)(=O)[O-])S(=O)(=O)[O-]
dude_tryb1__L004171,Cc1cccc(c1)OCC(=O)NNC(=O)NCC(=O)N(C)CCc2ccccn2
dude_tryb1__L004172,Cc1c(c2ccccc2[nH]1)C(=O)C[NH+]3CCC(CC3)(C(=O)N)[NH+]4CCCCC4
dude_tryb1__L004173,c1ccc2c(c1)nc(o2)SCC(=O)NNC(=O)CCN3C(=O)/C(=C\c4ccco4)/SC3=S
dude_tryb1__L004174,c1ccc(c(c1)c2nnc(o2)SC(=O)C[C@@H]3C(=O)NC(=O)S3)OC(=O)C[C@@H]4C(=O)NC(=O)S4
dude_tryb1__L004175,CCCOc1ccccc1C(=O)NC(=S)NNC(=O)COc2ccccc2[C@H](C)CC
dude_tryb1__L004176,COc1ccc(cc1S(=O)(=O)Nc2ccc(cc2)S(=O)(=O)NCc3ccco3)C(=O)[O-]
dude_tryb1__L004177,COC(=O)/C=C/c1cn(c(=O)[nH]c1=O)[C@@H]2[C@@H]([C@H]([C@H](O2)CO)O)O
dude_tryb1__L004178,Cc1c2c([nH][nH+]1)Nc3c(c(=O)[nH]c(=O)[nH]3)[C@@H]2c4cccc(c4O)OC
dude_tryb1__L004179,CCc1ccc(cc1S(=O)(=O)N2CCOCC2)C(=O)N(C)Cc3[nH]c(=O)c4ccccc4n3
dude_tryb1__L004180,c1ccc(cc1)OS(=O)(=O)c2ccc(c(c2S(=O)(=O)c3ccccc3)F)[C@@H](CC=O)NC=O
dude_tryb1__L004181,CC(C)C/[NH+]=C(\N)/SCc1cc(oc-2c/c(=[NH+]\C(=O)C)/ccc12)O
dude_tryb1__L004182,CCCCCN(c1c(n(c(=O)[nH]c1=O)CCCC)N)C(=O)/C=C/c2ccc(c(c2)OC)OCC#N
dude_tryb1__L004183,c1ccc(cc1)OCc2nc3n(n2)c(=O)/c(=C/c4ccc(o4)c5ccc(cc5)S(=O)(=O)N)/s3
dude_tryb1__L004184,Cc1cccc(c1)N/C(=N\C(=O)c2ccc(cc2)NC(=O)C)/NCCC3=c4ccccc4=[NH+]C3
dude_tryb1__L004185,C[C@@H]1C(=C(C(=N1)C(=O)OCC(=O)c2c(n(c(=O)n(c2=O)C)CC(C)C)N)C)C(=O)OC
dude_tryb1__L004186,C[NH+](C)CCNC(=O)C(=O)NC[C@@H](c1ccc2c(c1)OCO2)S(=O)(=O)c3cccs3
dude_tryb1__L004187,c1cc(cnc1)[C@@H](CNS(=O)(=O)[C@H]2CCS(=O)(=O)C2)S(=O)(=O)c3cccs3
dude_tryb1__L004188,Cc1cccc(c1)C2(CC[NH+](CC2)C[C@@H](c3ccc4c(c3)CCCN4C(=O)C(C)C)O)O
dude_tryb1__L004189,CN([C@H]1CCS(=O)(=O)C1)C(=O)c2cccc(c2)S(=O)(=O)Nc3ccc4c(c3)OCO4
dude_tryb1__L004190,CCn1cc(c(=O)c2c1cc3c(c2)OCO3)C(=O)N[C@@H](C(C)C)C(=O)NCc4cccnc4
dude_tryb1__L004191,Cc1cc(=O)c(nn1c2ccccc2F)C(=O)NN3C(=O)C4(CCC(CC4)C)NC3=O
dude_tryb1__L004192,Cc1c2c([nH]c1C(=O)NCc3ccccc3C[NH+]4CCC[C@H](C4)C)CCCC2=O
dude_tryb1__L004193,c1cc(cc(c1)S(=O)(=O)N(CCCN2CCOCC2)[C@H]3CCS(=O)(=O)C3)n4cnnn4
dude_tryb1__L004194,C[C@H]1CC(=C(N1Cc2ccc(cc2)S(=O)(=O)N)C)C(=O)NCCC3=c4ccccc4=[NH+]C3
dude_tryb1__L004195,CCCCO[C@H]1[C@@H]([C@H]([C@@H]([C@H](O1)CO)O)O)NC(=O)C
dude_tryb1__L004196,C[C@](CCCSc1nnc2n1CCCCC2)(C(=O)[O-])[NH3+]
dude_tryb1__L004197,CC(C)C[C@H](NC(C)=O)C(=O)N[C@@H](CCCN=C(N)N)C(=O)c2nc1ccccc1s2
dude_tryb1__L004198,C1CS(=O)(=O)C[C@H]1[NH2+]CCCCCC[NH2+][C@H]2CCS(=O)(=O)C2
dude_tryb1__L004199,c1ccc(c(c1)/C=N/NC(=O)[C@@H]([C@@H]([C@H]([C@@H](CO)O)O)O)O)O
dude_tryb1__L004200,CCOc1cccc(c1OCc2ccccc2Cl)C[NH2+]CCCSc3nnnn3c4ccccc4
dude_tryb1__L004201,CCCCSc1nc2n(n1)[C@H](C(=C(N2)C)C(=O)Nc3ccccc3OCC)c4cccc(c4)OCC
dude_tryb1__L004202,CCCCn1c2c(c(=O)[nH]c1=O)n(c(n2)COC(=O)[C@H]3CC(=O)N(C3)c4cccc(c4)SC)CC
dude_tryb1__L004203,CCSc1ccccc1NC(=O)CSc2nc([nH]n2)N/N=C/c3cc(ccc3OC)OC
dude_tryb1__L004204,CCOc1cccc(c1OCc2ccc(cc2)C)C[NH2+]CC[NH2+]C[C@H](C)O
dude_tryb1__L004205,Cc1c2c(=O)[nH]c(nc2sc1C(=O)OCC(=O)N([C@@H]3CCS(=O)(=O)C3)C4CCCCC4)C
dude_tryb1__L004206,CN[C@H]1NN[C@H](S1)SCC(=O)N[C@@H](CC2=c3ccccc3=[NH+]C2)C(=O)[O-]
dude_tryb1__L004207,Cc1c2cc[nH]c2ccc1Nc3c(cncc3C#N)/C=C/CC[NH+]4CCC(CC4)NS(=O)(=O)C(C)C
dude_tryb1__L004208,CCC[C@H](C(=O)NCCC(C)C)N(c1cccc(c1)F)C(=O)c2c(c(ns2)C(=O)N)N
dude_tryb1__L004209,CCOC(=O)c1c(cc(s1)NC(=O)COC(=O)CC[C@H]2C(=O)NC(=O)N2)C
dude_tryb1__L004210,Cc1c(c(n(n1)C)C)/C=N/Nc2[nH]nc(n2)SCC(=O)NC3CC([NH2+]C(C3)(C)C)(C)C
dude_tryb1__L004211,Cc1ccccc1[C@@H]2N[C@H](ON2)C[NH+]3CCC(=CC3)n4c5ccccc5[nH]c4=O
dude_tryb1__L004212,CCc1c(c(c(s1)NC(=O)COC(=O)C[C@@H](c2ccc(cc2)Cl)NC(=O)N)C(=O)OCC)C
dude_tryb1__L004213,Cc1c2c(cc(nc2n(n1)[C@@H]3CCS(=O)(=O)C3)C4CC4)C(=O)Nc5ccc6c(c5)NC(=O)[C@H](O6)C
dude_tryb1__L004214,NCCCCNC(=O)N3CCN(C(=O)OC2CCCC(OC(=O)N1CCN(C(=O)NCCCCN)CC1)CCC2)CC3
dude_tryb1__L004215,Cc1ccc(cc1C(=O)N)NC(=O)C(=O)N[C@@H](C)C[NH+]2C[C@@H](C[C@@H](C2)C)C
dude_tryb1__L004216,c1cc(c(c(c1)Cl)COc2ccc(cc2C[NH2+]CCC[NH2+]CCO)Cl)Cl
dude_tryb1__L004217,CCOc1ccc(cc1)O[C@@H](C)C(=O)NNC(=O)c2ccc(cc2)S(=O)(=O)Nc3ccccc3C
dude_tryb1__L004218,C[C@@]1(C(=O)N(C(=O)N1)CC(=O)N(C)[C@@H]2CCS(=O)(=O)C2)c3cccc(c3)n4cnnn4
dude_tryb1__L004219,CC(C)[NH+](CCCO)CCOc1cccc(c1)C#CC[NH3+]
dude_tryb1__L004220,CCOC(=O)c1c2c(sc1NC(=O)CSc3nc4c(n3C(C)C)c(=O)n(c(=O)n4C)C)CCCC2
dude_tryb1__L004221,CC[NH+](CC)[C@H](CNC(=O)Nc1cccc(c1)S(=O)(=O)N)c2ccco2
dude_tryb1__L004222,Cn1c(c(c(=O)n(c1=O)C)C#N)NCCCc2c(c([nH]n2)N)C#N
dude_tryb1__L004223,Cc1c(c(n(n1)[C@H]2CCS(=O)(=O)C2)C)CN(C)c3ccc(cn3)S(=O)(=O)N4CCCC4
dude_tryb1__L004224,CCOC(=O)c1cnn2c1nc(cc2[O-])C[NH+](C[C@@H](COc3cccc4c3cccc4)O)C(C)C
dude_tryb1__L004225,Cn1c(c(c(=O)n(c1=O)C)C(=O)CSc2nnc(n2C)[C@H]3COc4ccccc4O3)N
dude_tryb1__L004226,Cc1ccc2c(c1)cc(c(=O)[nH]2)[C@H](c3nnnn3C[C@H]4CCCO4)N5CCN(CC5)c6ccc(cc6)OC
dude_tryb1__L004227,CCOc1ccc(cc1)/C=N/Nc2[nH]nc(n2)SCC(=O)Nc3ccc(cc3)OC(F)(F)F
dude_tryb1__L004228,Cc1cccc(c1NC(=O)COC(=O)c2cnc3ncnn3c2C(C)C)C(C)C
dude_tryb1__L004229,CCCCn1c(c(c(=O)[nH]c1=O)N(C)CC(=O)NCC(=O)Nc2c(cc(cc2C)C)C)N
dude_tryb1__L004230,C[C@@H]([C@H](c1ccccc1Br)n2ccnc2c3cccs3)[NH3+]
dude_tryb1__L004231,c1cc(oc1)C(=O)N[C@H](C(Cl)(Cl)Cl)NC(=S)Nc2ccc(cc2)S(=O)(=O)N
dude_tryb1__L004232,Cc1cc([nH+]c(c1)N)C[C@H]2C[NH2+]C[C@H]2NCC[NH2+]Cc3ccc(cc3)C(F)(F)F
dude_tryb1__L004233,CC(C)OCC[NH2+]Cc1cccc(c1)OC[C@@H](C[NH+]2CCc3ccccc3C2)O
dude_tryb1__L004234,CC[NH+](CC)CCN1[C@H](/C(=C(/c2ccc3c(c2)C[C@@H](O3)C)\O)/C(=O)C1=O)c4ccc(c(c4)OCC)OCC=C
dude_tryb1__L004235,CC(C)c1ccc(cc1)S(=O)(=O)[C@H](CNC(=O)C(=O)N[C@H]2CCS(=O)(=O)C2)c3cccnc3
dude_tryb1__L004236,CC(C)C[NH+](CCCC[C@@](C)(C(=O)N)[NH3+])CCN(C)C
dude_tryb1__L004237,CCC[NH+](CCO)[C@@H](c1ccc(cc1)Br)[C@@H](CC)[NH3+]
dude_tryb1__L004238,Cn1c2cn(c(c2c(=O)n(c1=O)C)c3ccccc3Br)C(CO)(CO)CO
dude_tryb1__L004239,CCCNC(=O)[C@H](C)NS(=O)(=O)c1cnc(nc1)NN
dude_tryb1__L004240,C[C@@H](C(=O)N(C)c1ccccc1)OC(=O)c2cc(=O)[nH]c3c2cc(cc3)S(=O)(=O)N4CCOCC4
dude_tryb1__L004241,c1cc(c(cc1[C@@H]([C@@H](C[NH2+]CCN2CCOCC2)C(=O)[O-])[NH2+]CCN3CCOCC3)Cl)Cl
dude_tryb1__L004242,c1cc(cnc1)[C@@H](C(=O)NC2CCCCC2)N(C[C@@H]3CCCO3)C(=O)CNC(=O)c4cccs4
dude_tryb1__L004243,CCOc1cc(ccc1O)/C=N/NC(=O)[C@H]([C@@H]([C@H]([C@H](CO)O)O)O)O
dude_tryb1__L004244,c1cc(ccc1C(=O)Nc2nnc(s2)SCC(=O)NC3=NCCS3)N4C(=O)CCC4=O
dude_tryb1__L004245,C[C@@H](C(=O)NCc1ccco1)OC(=O)/C=C/c2ccc(c(c2)OC)OCC(=O)N
dude_tryb1__L004246,CC(C)(C)[C@@H](C[NH+]1CCc2ccccc2C1)NS(=O)(=O)c3cc(n(c3)C)C(=O)N
dude_tryb1__L004247,c1ccc(c(c1)[C@H](CNC(=O)CNC(=O)c2cccc(c2)Br)[NH+]3CCCC3)Cl
dude_tryb1__L004248,Cc1c(c(no1)c2c(cccc2Cl)Cl)C(=O)Oc3c(cccc3OC)[C@H](CC(=O)N)[NH3+]
dude_tryb1__L004249,Cn1c2ccc(cc2nc1CCC(=O)NCCc3nnc4n3CCCCC4)S(=O)(=O)N(C)C
dude_tryb1__L004250,CC(C)OC(=O)CCC/C=C\C[C@H]1[C@H]([C@H](CC1=O)O)/C=C/[C@@H](COc2cccc(c2)C(F)(F)F)O
dude_tryb1__L004251,Cn1c2c(cc(cn2)NC(=O)c3cnn(c3n4cccc4)c5ccc(cc5)F)c(=O)n(c1=O)C
dude_tryb1__L004252,CC(C)Cn1c(c(c(=O)n(c1=O)C)C(=O)COC(=O)c2c(ccs2)n3cnnn3)N
dude_tryb1__L004253,CC(C)[C@@H](C(=O)OCc1c(snn1)Cl)NS(=O)(=O)c2ccc3c(c2)OCCO3
dude_tryb1__L004254,Cc1cc(nn1C)C(=O)N2C[C@@H](C3(C2)CC[NH2+]CC3)C(=O)NC[C@@H]4COC(O4)(C)C
dude_tryb1__L004255,CC(=O)Nc1c(c2c(s1)CCCC2)C(=O)OCC(=O)Nc3ccc(cc3C(F)(F)F)[N+](=O)[O-]
dude_tryb1__L004256,c1cc2c(cc1C3=CN=[NH+][C@H]3c4ccc(cc4O)O[C@H]5[C@@H]([C@H]([C@@H]([C@H](O5)CO)O)O)O)OCCO2
dude_tryb1__L004257,Cc1ccccc1OC[C@H](Cn2c3c(=O)[nH]c(=O)n(c3nc2N4CC[NH+](CC4)C)C)O
dude_tryb1__L004258,Cc1cc([nH+]c2c1c(c(s2)C(=O)OCC(=O)Nc3c(cccc3C(C)C)C(C)C)N)C
dude_tryb1__L004259,CC(=CCC[C@@](C)([C@@H](C[C@H](/C(=C/COC[C@H]([C@H]([C@H]([C@H](CO)O)O)O)O)/C)O)O)O)C
dude_tryb1__L004260,CCOc1cc(nc2c1nnn2[C@H]3[C@H]([C@@H]([C@@H](O3)CO)O)O)N
dude_tryb1__L004261,CC[NH+](CC)[C@H](CNC(=O)[C@H](CCSC)NC(=O)N)c1ccsc1
dude_tryb1__L004262,[H]/N=C(\NN)/N/N=C(/c1c(nc2cc(ccc2n1)Cl)[O-])\[C@@H](c3ccc(cc3)[N+](=O)[O-])O
dude_tryb1__L004263,c1cc(cnc1)[C@H](CC(=O)[O-])NC(=O)CNC(=O)CCCc2ccc3c([nH+]2)NCCC3
dude_tryb1__L004264,C[C@@H](C(=O)Nc1c(ccs1)C(=O)N)OC(=O)CNC(=O)c2cc(c(c(c2)OC)OC)OC
dude_tryb1__L004265,c1coc2c1cncc2C3=C(C(=O)NC3=O)C4=CN5CCN(CC6=CC=C[C@@H]4[C@@H]65)C(=O)N7CCOCC7
dude_tryb1__L004266,OC(=O)[C@@H]2[C@@H](CC1CCNCC1)C(=O)N2C(=O)N5CCN(C(=O)c4cc3cc(F)ccc3[nH]4)CC5
dude_tryb1__L004267,CC1CCN(CC1)c2nc3c(ncnc3n2[C@H]4[C@@H]([C@@H]([C@@H](O4)CO)O)O)N
dude_tryb1__L004268,Cc1ccc2c(c1)cc(c(=O)[nH]2)C[NH+](CCO)Cc3nnnn3Cc4ccc(cc4)OC
dude_tryb1__L004269,CCN1C[C@H](CC1=O)C(=O)NCCN2C(=O)/C(=C/c3cccc(c3)Br)/SC2=O
dude_tryb1__L004270,CC(C)S(=O)(=O)[P@@]1(=O)NN2C[C@@H]3C=C(C(=C[C@@H]3C[C@@H]2CO1)OC)Br
dude_tryb1__L004271,[H]/N=C\1/C(=C/c2ccc(c(c2)OCC)OCCOc3ccccc3Cl)/C(=O)N=C4N1N=C(S4)CC
dude_tryb1__L004272,C1CCc2c(sc3c2c(nc(n3)C[NH+]4CCC[C@H](C4)C(F)(F)F)N)CC1
dude_tryb1__L004273,CCOc1cc(c(cc1OCC)Br)CN2C(=O)[C@@](NC2=O)(C)c3ccc4c(c3)OCCO4
dude_tryb1__L004274,c1csc(c1C(=O)N)NC(=O)CN2C(=O)[C@@]3(CCSC3)NC2=O
dude_tryb1__L004275,Cc1ccccc1NS(=O)(=O)c2ccc(cc2)NC(=S)Nc3ccc(cc3)S(=O)(=O)N
dude_tryb1__L004276,CN(C)S(=O)(=O)c1ccc(cc1)NC(=O)CSc2nnnn2c3ccc(cc3)Br
dude_tryb1__L004277,CCNc1[nH+]c(cc(n1)Nc2ccc(cc2)NS(=O)(=O)c3cc(c(cc3C)C)OC)C
dude_tryb1__L004278,C[C@@H](C[C@@H](N([C@H](C[C@@H](C)O)O)C(=S)N([C@H](C[C@@H](C)O)O)[C@H](C[C@@H](C)O)O)O)O
dude_tryb1__L004279,Cc1ccc(cc1)S(=O)(=O)N[C@@H](CC(=O)N2CCC3(CC2)OCCO3)c4ccc(cc4)OC
dude_tryb1__L004280,CC(=O)N[C@@H]1[C@H]([C@@H]([C@@H](O[C@@H]1OCCSCCC(=O)OC)CO)O[C@@H]2[C@@H]([C@@H]([C@@H]([C@@H](O2)CO)O)O)O)O
dude_tryb1__L004281,CC(C)[C@@H](c1ccc(cc1)C(C)(C)C)[NH2+][C@H](C)C(=O)Nc2ccc3c(c2)[nH]c(=O)[nH]3
dude_tryb1__L004282,Cc1ccc(cc1[N+](=O)[O-])S(=O)(=O)Oc2ccc(cc2OC)/C=C/3\C(=O)N(C(=O)S3)CC[NH3+]
dude_tryb1__L004283,CC(C)Cn1c(c(c(=O)[nH]c1=O)N(CCOC)C(=O)c2ccc3c(c2)OCCO3)N
dude_tryb1__L004284,COC(=O)c1c2c(sc1S(=O)(=O)NCc3ccc(cc3)F)CN(CC2)C(=O)c4csnn4
dude_tryb1__L004285,CC1([C@@H]2CC[C@@H](C2)[C@@]1(C)NC(=O)C[NH2+]CCC[NH+]3CCOCC3)C
dude_tryb1__L004286,CCOc1ccc(cc1)[C@H](CCC(=O)N/N=C\c2cc(c(c(c2)Cl)OCc3ccc(cc3)F)OCC)O
dude_tryb1__L004287,COCCNC(=O)[C@@]1(C[C@H]([C@H]([C@@H](C1)OCc2ccc(cc2)C#N)O)O)OCc3cccc(c3)C(F)(F)F
dude_tryb1__L004288,Cc1nc(cn1C)S(=O)(=O)NC[C@@H](c2ccc(cc2)OC)N3CCOCC3
dude_tryb1__L004289,Cn1cnc2c1c(=O)n(c(=O)n2C)C[C@H](CN3CCN(CC3)CCO)O
dude_tryb1__L004290,Cn1c(c(c(=O)n(c1=O)C)[C@@H]2c3ccccc3[C@@H](O2)C4C(=O)N(C(=O)N(C4=O)C)C)O
dude_tryb1__L004291,c1cc(cc(c1)Nc2c(c(ncn2)NCC[NH+]3CCCCC3)N)C(F)(F)F
dude_tryb1__L004292,C[C@H]1Cc2cc(ccc2N1C(=O)C[NH+](Cc3ccc(cc3)Br)CC(=O)N)S(=O)(=O)N
dude_tryb1__L004293,CC(C)[C@@H](C[NH+](C)C)NC(=O)N[C@H](CCO)C(=O)[O-]
dude_tryb1__L004294,c1cc2n(c(=O)c1)C[C@@H]3C[C@H]2CN(C3)c4ccc(cc4NC(=O)c5ccncc5)C(=O)NCc6ccco6
dude_tryb1__L004295,C[C@@H]1CCC[C@@H]([C@H]1C)NC(=S)NNC(=O)[C@@H](C(C)C)NC(=O)N
dude_tryb1__L004296,COc1ccc(cc1)[C@H](CNS(=O)(=O)[C@@H]2CCS(=O)(=O)C2)S(=O)(=O)c3cccs3
dude_tryb1__L004297,Cc1cccc(c1)OC[C@@H]2c3ccsc3CCN2C(=O)C[NH+](CCCOC)C[C@@H](CCC=C)O
dude_tryb1__L004298,C[C@H]1C[C@@H](C[NH+](C1)CCNC(=O)C(=O)Nc2ccc(c(c2)C(=O)N)Cl)C
dude_tryb1__L004299,CCOc1ccc(cc1OCC)S(=O)(=O)Nc2cc(c(cc2C(=O)[O-])OC)OCCOC
dude_tryb1__L004300,Cc1c(c(n(n1)c2ccccc2)Oc3ccccc3)C[NH+](Cc4ccco4)C[C@H](COC(C)C)O
dude_tryb1__L004301,CCCCn1c(c(c(=O)[nH]c1=O)N(CC(C)C)C(=O)/C=C/c2cccc(c2OC(F)F)OC)N
dude_tryb1__L004302,c1cc(sc1NC(=O)N2CCCN(CC2)C(=O)[C@@H]3CCCO3)S(=O)(=O)N4CCOCC4
dude_tryb1__L004303,NC(=N)NCCC[C@@H]2[C@@H](C(O)=O)N(C(=O)Nc1ccccc1)C2=O
dude_tryb1__L004304,NC(=N)NCCC[C@@H]2[C@@H](C(O)=O)N(C(=O)c1ccccc1)C2=O
dude_tryb1__L004305,c1cc2cccnc2c(c1)NC(=O)C[NH+]3CCC(CC3)(c4ccc(cc4)Cl)O
dude_tryb1__L004306,c1cc(ccc1C(=O)NNC(=O)C23CC4CC(C2)CC(C4)C3)NS(=O)(=O)c5ccc6c(c5)OCCO6
dude_tryb1__L004307,COc1ccc(cc1Br)[C@@H](c2ccccc2OC(F)F)[NH3+]
dude_tryb1__L004308,CCOC(=O)N1CCc2c(sc(c2C(=O)OC)NC(=O)/C=C/c3ccc4c(c3)OCO4)C1
dude_tryb1__L004309,C[C@H]1C(=c2cc(ccc2=[NH+]1)C#N)CCNc3c4ccccc4nc(n3)CC[NH3+]
dude_tryb1__L004310,c1cc(ccc1C(=O)OCC(=O)c2ccc3c(c2)OCCCO3)S(=O)(=O)NC4CC4
dude_tryb1__L004311,c1ccc(c(c1)CNC(=O)C(=O)NC[C@@H](c2ccco2)S(=O)(=O)c3ccc4c(c3)OCCO4)Cl
dude_tryb1__L004312,CCOC(=O)N[C@@H](CCCCN)C(=O)c3noc(Cc2ccc(OCCc1ccccc1)cc2)n3
dude_tryb1__L004313,C[C@@]12CC[C@@H]3C(=CC(=O)[C@@H]4[C@]3(C[C@@H]([C@@H](C4)O)O)C)[C@]1(CC[C@H]2[C@](C)([C@@H](CCC(C)(C)O)O)O)O
dude_tryb1__L004314,CCOc1cc(cc(c1OCc2ccccc2Cl)CC=C)/C=N\NC(=O)CC[C@H](c3ccccc3)O
dude_tryb1__L004315,Cc1ccc2=[NH+]CC(=c2c1)CCN3C[C@H](CC3=O)C(=O)N[C@H]4NN[C@@H](S4)CCc5ccccc5
dude_tryb1__L004316,C=CCN1C2=C([C@H](NC1=O)c3ccccc3C(F)(F)F)C(=O)N(C2)CCC(=O)N4CCOCC4
dude_tryb1__L004317,OC(=O)[C@@H]2[C@@H](CC1CCNCC1)C(=O)N2C(=O)N5CCN(C(=O)c4ccc(Oc3ccccc3)cc4)CC5
dude_tryb1__L004318,CCOc1ccccc1/C=N/NC(=O)c2c(n(nn2)c3c(non3)N)CNc4ccccc4C(=O)N
dude_tryb1__L004319,CC(C)n1cc(cn1)/C=N/Nc2nnc(n2N)SCC(=O)Nc3nnc(s3)SC(C)C
dude_tryb1__L004320,CC(C)(c1ccc(cc1)OC[C@@H](CN(CC[NH3+])CC[NH3+])O)c2ccc(cc2)OC[C@@H](CN(CC[NH3+])CCN)O
dude_tryb1__L004321,CC[NH+](CC)CCCn1c(cc2c(c1=O)[C@H](C(=C(O2)N)C#N)c3cc(c(c(c3)OC)OC)OC)C
dude_tryb1__L004322,Cc1ccc2c([nH+]1)cccc2Nc3c(c(ncn3)NCCN4CCOCC4)N
dude_tryb1__L004323,COc1cccc(c1)NC(=S)NNc2ccc(cc2[N+](=O)[O-])S(=O)(=O)N
dude_tryb1__L004324,c1ccc2c(c1)c(c[nH]2)C[C@@H](C(=O)OCC(=O)Nc3ccccc3C(F)(F)F)NC(=O)c4cccs4
dude_tryb1__L004325,CN(C)S(=O)(=O)c1cccc(c1)/N=C\2/N(CCCS2)c3c(n(c(=O)[nH]c3=O)Cc4ccccc4)N
dude_tryb1__L004326,Cc1cc2c(cc1S(=O)(=O)N3CC(=O)N(C(=O)C3)CCc4ccccc4)OCC(=O)N2
dude_tryb1__L004327,C[C@@H]1CCC[C@@H](C1)NC(=O)CN2CC[NH+](CC2)Cc3nc(nc(n3)N)N
dude_tryb1__L004328,Cc1cc(c(n1c2ccc(cc2)S(=O)(=O)N)C)C(=O)COC(=O)c3cc(cn3C)C(=O)C
dude_tryb1__L004329,CCc1nnc(s1)NC(=O)CSc2nc([nH]n2)N/N=C/c3cnn(c3)C
dude_tryb1__L004330,C[NH+](C)[C@H]1[C@@H]2C[C@@H]3[C@H](c4c(ccc(c4C(=O)C3=C([C@]2(C(=O)C(=C1O)C(=O)N)O)O)O)Cl)O
dude_tryb1__L004331,CCOc1cc(cc(c1OCC)OCC)C(=O)NC(=S)Nc2ccc(c(c2)OC)NC(=O)C(C)C
dude_tryb1__L004332,CCS(=O)(=O)NCCCNC(=O)Nc1ccc(c(c1)C(=O)NC)F
dude_tryb1__L004333,Cc1nc(cs1)CC(=O)c2ccc(cc2O)OC[C@H]3[C@H]([C@@H]([C@@H]([C@H](O3)CO)O)O)O
dude_tryb1__L004334,Cc1c2c(=O)[nH]c(nc2sc1C(=O)OCC=C)C[NH+](Cc3ccco3)C[C@@H](COC(C)(C)C)O
dude_tryb1__L004335,CC[C@@H]1C[C@H]([NH+](C1)C)C(=O)N[C@@H]([C@@H]2[C@@H]([C@@H]([C@@H]([C@@H](O2)SC)O)O)O)[C@@H](C)O
dude_tryb1__L004336,Cc1c(c(sc1C(=O)OC)S(=O)(=O)N2CCc3c2ccc(c3)S(=O)(=O)N)C(=O)OC
dude_tryb1__L004337,CCOC(=O)c1c(c(c(s1)N)C#N)CSc2nnc(n2C[C@@H]3CCCO3)N4CCOCC4
dude_tryb1__L004338,c1cc(c(cc1[N+](=O)[O-])S(=O)(=O)N2CCOCC2)N3CCC[C@@H](C3)CNS(=O)(=O)N
dude_tryb1__L004339,CCOC(=O)c1c2c(sc1NC(=O)CN3C(=O)[C@@](NC3=O)(C)c4ccc(cc4)OC)CCC2
dude_tryb1__L004340,CC[C@@H](C)[C@H](C(=O)Nc1nnc(s1)c2ccc(cc2)OC)NC(=O)Nc3cc(cc(c3)OC)OC
dude_tryb1__L004341,C[C@H](C(=O)Nc1ccc(cn1)Cl)OC(=O)c2ccc(cc2)S(=O)(=O)N3CCCCCC3
dude_tryb1__L004342,c1cc(ccc1S(=O)(=O)Nc2cc(ccc2n3cncn3)Cl)S(=O)(=O)N4CCOCC4
dude_tryb1__L004343,CSC(=S)N/N=C/[C@@H]([C@@H]([C@@H]([C@@H](CO)O)O)O)O
dude_tryb1__L004344,c1ccc2c(c1)c(n[nH]c2=O)CC(=O)OCC(=O)N3[C@@H](CC(=N3)c4cccs4)c5cccs5
dude_tryb1__L004345,CCOC(=O)c1c(c2c(s1)[nH]c(nc2=O)[C@H](C)N3CCc4cc(c(cc4C3)OC)OC)C
dude_tryb1__L004346,c1ccc(cc1)Oc2c(cccn2)C(=O)N/[NH+]=C(/COc3cccc(c3)C(F)(F)F)\N
dude_tryb1__L004347,Cc1cccc(c1)C[NH2+]Cc2cccc(c2)OC[C@H](C[NH+]3CCC(CC3)O)O
dude_tryb1__L004348,CCn1c(nnc1SCC(=O)NN2C(=O)C3(CCCCC3)NC2=O)CCC(=O)N
dude_tryb1__L004349,COc1ccc(cc1)c2nnc(n2N)SCc3nc(nc(n3)Nc4ccc(cc4)F)N
dude_tryb1__L004350,CCC[NH2+][C@](C)(CC[NH+]1CCC[C@@H]2[C@@H]1CCCC2)C(=O)N
dude_tryb1__L004351,CCC(CC)[C@@H](CNC(=O)C(=O)Nc1c(ccs1)C(=O)N)N2CCOCC2
dude_tryb1__L004352,Cc1c(c(n(n1)c2ccccc2)Oc3ccccc3OC)C[NH+](CC4CC4)C[C@H](COCC=C)O
dude_tryb1__L004353,COc1cc(cc(c1OC)OC)C(=O)N/C(=C/c2ccc3c(c2)OCO3)/C(=O)NN
dude_tryb1__L004354,Cc1c(c2c(s1)ncn(c2=O)CC(=O)NC[C@@H]3COc4ccccc4O3)S(=O)(=O)N5CCOCC5
dude_tryb1__L004355,CCc1cc(c(s1)NC(=S)NNC(=O)CCCOc2ccc(cc2C)Cl)C(=O)OC
dude_tryb1__L004356,Cc1cc2c(cc1C)occ2CC(=O)O[C@@H](C)C(=O)Nc3c(n(n(c3=O)c4ccccc4)C)C
dude_tryb1__L004357,c1cc(ccc1CSC[C@H]([C@H]([NH2+]CC(=O)[O-])O)NC(=O)CC[C@H](C(=O)[O-])[NH3+])Br
dude_tryb1__L004358,C[C@]1([C@@]([C@@]([C@@]([C@](O1)(C)Oc2cc3c(ccc(=O)o3)cc2O)(C)O)(C)O)(C)O)CO
dude_tryb1__L004359,CCC(=O)N([C@@H]1NN=C(S1)SCC2=NC(=O)C3=C([C@@H](SC3=N2)C(=O)C)C)C4CC4
dude_tryb1__L004360,C[C@]1(C(=O)N(C(=O)N1)Cc2ccsc2)C3CCN(CC3)C(=O)[C@@H](c4cccnc4)N5CCOCC5
dude_tryb1__L004361,COc1cc2c(cc1OC)CN(CC2)S(=O)(=O)CCNC(=O)[C@@H]3CC(=O)N(C3)c4ccc(cc4)F
dude_tryb1__L004362,Cc1c(c(on1)/C=C/N(C)C)S(=O)(=O)N2CCC(CC2)C(=O)N[C@@H]3CCCc4c3cccc4
dude_tryb1__L004363,c1c(nc(nc1Cl)N)NCCCCCCNc2cc(nc(n2)N)Cl
dude_tryb1__L004364,Cn1ccnc1[C@@H](c2ccc(cc2)Cl)NS(=O)(=O)c3cn(c(=O)n(c3=O)C)C
dude_tryb1__L004365,Cc1c(c([nH]c1C(=O)COC(=O)c2ccc(cc2)N3CCCC3=O)C)C(=O)OC
dude_tryb1__L004366,CCNC(=O)NC(=O)[C@H](C)Sc1nnc(n1Cc2ccco2)CCC(=O)N
dude_tryb1__L004367,CCOc1cc(cc(c1OCC)OCC)C(=O)NCCSc2c3ccccc3[nH]c2c4ccc(cc4)C
dude_tryb1__L004368,Cc1ccc(cc1)S(=O)(=O)CNC(=O)[C@H](c2ccc(cc2)[N+](=O)[O-])N(C)C(=O)c3cccc(c3O)O
dude_tryb1__L004369,CCc1ccc(cc1)[C@@H](C)NC(=O)[C@@H]2CN(CC23CC[NH2+]CC3)C(=O)c4ccc(c(c4F)F)C
dude_tryb1__L004370,Cc1ccc(cc1)S(=O)(=O)NNc2c(c(ncn2)NNC(=O)c3ccc(cc3)OC)N
dude_tryb1__L004371,CN1[C@H](NN=C1SCC(=O)C2=CC(=NC2)C(=O)N3CCCC3)C[C@@H]4CCS(=O)(=O)C4
dude_tryb1__L004372,Cc3cc(C)c(CNc2nc(Cl)c(C)n(CC(=O)Nc1cccc(CN)c1)c2=O)cc3CN
dude_tryb1__L004373,CC(C)CCOc1ccccc1C(=O)NC(=S)NNC(=O)[C@H]2CC(=O)N(C2)Cc3ccco3
dude_tryb1__L004374,CC(C)CNc1c(nc(o1)c2ccccc2OC)S(=O)(=O)c3ccc4c(c3)OCCO4
dude_tryb1__L004375,c1cc(ccc1NC(=S)N(CCCN2CCOCC2)Cc3cc4cc5c(cc4[nH]c3=O)OCCO5)F
dude_tryb1__L004376,c1ccc2c(c1)cccc2Nc3c(c(ncn3)NNC(=O)COc4ccc(cc4Cl)Cl)N
dude_tryb1__L004377,CCCOc1ccc2ccccc2c1C[NH+]3CCNC(=O)[C@@H]3CC(=O)NN
dude_tryb1__L004378,CC[NH+](CC)CCSc1c(c(c(c(n1)N)C#N)c2cccc(c2Cl)Cl)C#N
dude_tryb1__L004379,CCCC(=O)N[C@](C(=O)OCC)(C(F)(F)F)Nc1ccc(cc1)S(=O)(=O)[N-]c2cc(on2)C
dude_tryb1__L004380,c1c2cc3c(cc2[nH]c(=O)c1CN(C[C@H]4CCCO4)C(=S)NC[C@H]5CCCO5)OCCO3
dude_tryb1__L004381,[H]/N=C/1\C(=C\c2cc(c(c(c2)Br)OC(=O)c3ccco3)OC)\C(=O)N=C4N1OC(=C4)C
dude_tryb1__L004382,CCC(CC)C(=O)N1C[C@H](C2(C1)CC[NH2+]CC2)C(=O)N[C@@H](C)Cc3ccccc3F
dude_tryb1__L004383,CCOc1cc(cc(c1OCC)OCC)C(=O)NNC(=O)[C@H]2CC(=O)N(C2)[C@H]3CCS(=O)(=O)C3
dude_tryb1__L004384,Cc1cccc(c1)[C@H](CC(=O)NC[C@H](c2cccc(c2)OC)[NH+]3CCCC3)NC(=O)N
dude_tryb1__L004385,COCCNC(=O)NC(=O)CSc1nnc(n1C[C@@H]2CCCO2)N3CCOCC3
dude_tryb1__L004386,CCc1ccc(cc1)N2C(=O)/C(=C\c3c(cc4c(c3OC)OCO4)CCN(C)C(=O)C)/C(=O)NC2=O
dude_tryb1__L004387,CC(=C)[C@@H]1C[C@@H](C(=C)[C@@H](CCC(=C)[C@@H](C1)O[C@H]2[C@H]([C@@H]([C@@H]([C@@H](O2)CO)O)O)O)O)O
dude_tryb1__L004388,c1ccc2=[NH+]CC(=c2c1)/C=N\NC(=O)[C@H]3[C@H](N(N=N3)c4c(non4)N)c5ccc(cc5)[N+](=O)[O-]
dude_tryb1__L004389,Cc1c(sc2c1c(nc(n2)CSCC[C@H](C(=O)[O-])[NH3+])N)C
dude_tryb1__L004390,c1cc(oc1)Cn2c(nnn2)CN(Cc3cc4cc5c(cc4[nH]c3=O)OCCO5)C[C@@H]6CCCO6
dude_tryb1__L004391,Cc1ccc(cc1S(=O)(=O)N2CCOCC2)NC(=O)[C@@H](C)Sc3nnc(o3)C4CC4
dude_tryb1__L004392,CC(C)[C@H](C(=O)NC1[NH+]=c2ccccc2=[NH+]1)N3[C@@H](Nc4ccccc4C3=O)O
dude_tryb1__L004393,CC[C@]1(C(=O)N(C(=O)N1)NC(=O)CNc2cc(c(cc2C(=O)OC)OC)OC)C
dude_tryb1__L004394,CCC[C@@H]1C(=O)N(C(=O)N1)CN2CCN(CC2)c3ccc(cn3)S(=O)(=O)N4CCOCC4
dude_tryb1__L004395,Cc1cc(c(n1[C@H](C)c2ccccc2)C)C(=O)CN3C(=O)[C@](NC3=O)(C)c4cccc(c4)n5cnnn5
dude_tryb1__L004396,CCOc1cccc(c1O)[C@H]2CC(=N[C@H]([NH2+]2)c3ccc(cc3)Cl)c4ccc(cc4)Cl
dude_tryb1__L004397,C=CCn1c(=O)n(c(=O)n(c1=O)CC(=O)NCC(=O)Nc2ccc(c(c2F)F)F)CC=C
dude_tryb1__L004398,COCCn1cc(cn1)/C=N/Nc2[nH]nc(n2)SCCC(=O)Nc3nncs3
dude_tryb1__L004399,C[C@@H](c1ccc2ccccc2c1)NC(=O)[C@@H](C)[NH+]3CCC(CC3)C(=O)NC4CC4
dude_tryb1__L004400,NCc2ccc(CCCNCCNS(=O)(=O)c1ccccc1)cc2
dude_tryb1__L004401,CC(C)NC(=O)c1cc(ccc1N2CC[NH2+]CC2)NS(=O)(=O)c3ccc(cc3)F
dude_tryb1__L004402,Cc1ccc(cc1)S(=O)(=O)C[C@H]2[C@H](C[C@@H](O2)n3cc(c(=O)[nH]c3=O)I)O
dude_tryb1__L004403,c1ccc2=[NH+]CC(=c2c1)C[C@@H](COc3cc(cnc3)c4cc5c(nc4)NC(=O)C5)[NH3+]
dude_tryb1__L004404,Cc1ccc2nc3c(cc(c(=[NH2+])n3Cc4cccnc4)C(=O)NCc5ccco5)c(=O)n2c1
dude_tryb1__L004405,CC[C@@H](C(=O)NCCC(C)C)N(c1ccc(c(c1)Cl)F)C(=O)c2c(c(ns2)C(=O)N)N
dude_tryb1__L004406,CCCCCC[C@@H]1[C@H](c2ccc(cc2OC1=O)OCC(=O)N[C@H](CC3=c4ccccc4=[NH+]C3)C(=O)[O-])C
dude_tryb1__L004407,Cc1c(c(n2c(n1)nc(n2)N)C)CC(=O)NCc3ccccc3C[NH+](C)C4CCCCC4
dude_tryb1__L004408,Cc1ccc(cc1)S(=O)(=O)CNC(=O)[C@H](c2ccco2)N(Cc3ccc(o3)C)C(=O)CC(C)C
dude_tryb1__L004409,COc1cc(cc(c1OC)OC)C(=O)N[C@H](CCSC)C(=O)N2CCC3(CC2)c4c([nH]c[nH+]4)CCN3
dude_tryb1__L004410,C[C@@H]1CN(C[C@@H](O1)C)S(=O)(=O)N2CCN(CC2)S(=O)(=O)c3ccc4c(c3)[nH]c(=O)[nH]4
dude_tryb1__L004411,CC[NH+](CC)CCC[NH2+]Cc1cc2cc3c(cc2[nH]c1=O)OCO3
dude_tryb1__L004412,COc1ccc(cc1)[C@H](CNC(=O)c2ccc3c(c2)NC(=O)CCS3)[NH+]4CCCCC4
dude_tryb1__L004413,c1ccc(cc1)CN(CCO)C(=O)c2ccc(cc2)/N=C/3\N[C@H]4CS(=O)(=O)C[C@@H]4S3
dude_tryb1__L004414,CCOc1cccc(c1OCc2ccc(cc2Cl)Cl)C[NH2+]CC[NH2+]C[C@@H](C)O
dude_tryb1__L004415,c1ccc2=[NH+]CC(=c2c1)C[C@@H](COc3cc(cnc3)c4ccc(cc4)CO)[NH3+]
dude_tryb1__L004416,Cc1cc(nc(n1)NS(=O)(=O)c2ccc(cc2)NC(=S)NC(=O)c3ccc(cc3Cl)Cl)C
dude_tryb1__L004417,CCOc1ccc(cc1)n2c(nnc2S[C@H](C)C(=O)N3CCNC3=O)c4cccc(c4)Cl
dude_tryb1__L004418,COc1ccc2c(c1)cc(c(=O)[nH]2)[C@H](c3nnnn3C[C@H]4CCCO4)N5CCC(CC5)O
dude_tryb1__L004419,CC[NH+](CC)C[C@H](COc1cc(ccc1OC)C[NH2+]Cc2cccc(c2)F)O
dude_tryb1__L004420,COc1ccc2c(c1)cc(c(=O)[nH]2)[C@H](c3nnnn3C[C@H]4CCCO4)N5CCN(CC5)c6ccc(cc6)F
dude_tryb1__L004421,COc1cc(cc(c1)OC)NC(=O)NC[C@@H]2[C@@H]([C@@H]([C@@H](O2)CO)O)[NH+]3CCCC3
dude_tryb1__L004422,c1cc(c(cc1Cl)Cl)COc2ccsc2C(=O)NN/C(=C\n3cncn3)/[NH3+]
dude_tryb1__L004423,CC(C)[C@@H](C(=O)NC(=O)N)Sc1nnc(n1c2ccc(cc2)Cl)[C@@H](C)[NH+](C)C
dude_tryb1__L004424,CCc1cc(=O)[nH]c(n1)n2c(cc(n2)c3cccs3)NC(=O)COc4ccc(cc4)OC
dude_tryb1__L004425,CCCCOc1ccc(cc1[C@@H](C[NH3+])[NH+]2CCCCCC2)Cl
dude_tryb1__L004426,CC(C)C[NH+](CC(C)C)[C@@H](C[NH3+])c1cc(c(c(c1)Cl)O)OC
dude_tryb1__L004427,CC(=O)Nc1ccc(cc1)NS(=O)(=O)c2ccc3c(c2)OC[C@H](O3)C(=O)N4CCOCC4
dude_tryb1__L004428,COCCOC(=O)C[C@H]1C(=O)NCCN1C(=O)C[C@H]2C(=O)NCCN2
dude_tryb1__L004429,CC\1=NN(C(=O)/C1=C(\C)/N[C@H](Cc2c[nH+]c[nH]2)C(=O)[O-])[C@@H]3Nc4ccccc4S3
dude_tryb1__L004430,C[C@@H]1C[C@@H](CN(C1)S(=O)(=O)c2ccc3c(c2)c(=O)c(c[nH]3)C(=O)NCC(OC)OC)C
dude_tryb1__L004431,CC(C)(C)c1c(c(n([nH+]1)C(C)(C)C)N)NC(=O)NCC[NH+](C)C
dude_tryb1__L004432,CC(=O)N[C@@H]1[C@H]([C@H]([C@H](O[C@H]1Oc2ccc(cc2Cl)[N+](=O)[O-])CO)O)O
dude_tryb1__L004433,Cc1ccc(cc1)S(=O)(=O)N(C)CC(=O)NNC(=O)[C@@H](CC2=c3ccccc3=[NH+]C2)NC(=O)C
dude_tryb1__L004434,Cc1c(c(n(c(=O)c1C#N)C)NCc2ccc3c(c2)OCO3)/C=C\4/C(=O)N(C(=S)S4)CCCOC
dude_tryb1__L004435,c1cc(c(cc1S(=O)(=O)N2CCOCC2)NC(=S)NC[C@H]3CCCO3)N4CCCC4
dude_tryb1__L004436,CN(C)S(=O)(=O)c1ccc2c(c1)n3c(o2)nnc3SCC(=O)N[C@@H]4CCCc5c4cccc5
dude_tryb1__L004437,CCOc1cccc(c1)[C@@H]2NN=C(N2N)SCC3[NH+]=c4ccccc4=[NH+]3
dude_tryb1__L004438,C[C@@H](C(=O)NC(=O)NC)OC(=O)c1ccc(cc1)C(=O)O[C@@H](C)C(=O)NC(=O)NC
dude_tryb1__L004439,C[C@H](c1[nH]cc([nH+]1)c2ccccc2)NC(=O)NC[C@@H](c3ccco3)[NH+]4CCCC4
dude_tryb1__L004440,CCC[C@@H](c1ccccc1)NC(=O)[C@@H](C)Sc2nnc(n2N)COc3cc(ccc3C(C)C)C
dude_tryb1__L004441,CC(=O)Nc1ccsc1C(=O)N4CCN(C(=O)N3[C@H](C(O)=O)[C@@H](CC2CCNCC2)C3=O)CC4
dude_tryb1__L004442,c1ccc(cc1)Cn2c(c(c(=O)[nH]c2=O)NC[C@@H](c3ccccc3Cl)[NH+]4CCCC4)N
dude_tryb1__L004443,c1cc[nH+]c(c1)NCCNC(=O)NC[C@H](c2ccco2)[NH+]3CCCC3
dude_tryb1__L004444,C[C@H]1C(=N[C@H](O1)c2ccccc2NS(=O)(=O)N(C)C)CNC(=O)CC3=c4ccccc4=[NH+]C3
dude_tryb1__L004445,CN(C)c1ccc(cc1[N+](=O)[O-])S(=O)(=O)NCC(=O)OCC(=O)NC(=O)NCc2ccco2
dude_tryb1__L004446,COC(=O)CCCC[C@H]1[C@@H]([C@@H](CS1)NC(=O)N)NC(=O)N
dude_tryb1__L004447,c1ccc(cc1)n2c3c(cn2)c(nc(n3)NCC[NH2+]CCO)Nc4c(c5c(s4)CCCC5)C(=O)N
dude_tryb1__L004448,Cc1ccc2=[NH+]CC(=c2c1)CCN3C[C@@H](CC3=O)C(=O)N[C@H]4NN[C@@H](S4)CC(C)C
dude_tryb1__L004449,CCC[NH+](CCC)C[C@@H]1[C@@H](NNN1c2c(non2)N)C(=O)N/N=C/C3=c4ccccc4=[NH+]C3
dude_tryb1__L004450,COc1ccc(c(c1)OC)NS(=O)(=O)c2ccc3c(c2)OC[C@@H](O3)C(=O)N4CCOCC4
dude_tryb1__L004451,c1cc(ccc1CSC[C@@H]([C@H]([NH2+]CC(=O)[O-])O)NC(=O)CC[C@H](C(=O)[O-])[NH3+])Br
dude_tryb1__L004452,CC(=O)OC[C@@H]1[C@@H]([C@@H]([C@H]([C@H](O1)O)NC(=O)C(Cl)(Cl)Cl)OC(=O)C)OC(=O)C
dude_tryb1__L004453,CN1CCN2c3ccc(cc3CC4([C@@H]2C1)C(=O)NC(=O)NC4=O)N/C=C\5/C(=O)NC(=S)N(C5=O)CC=C
dude_tryb1__L004454,c1ccc(cc1)C[C@@H]2C(=O)N[C@H](C(=O)N[C@@H](C(=O)N2)Cc3ccccc3)C[C@@]4(c5ccccc5N[C@H]4[NH3+])[NH3+]
dude_tryb1__L004455,c1cc(c(cc1[C@H]2[C@@H](Cc3c(cc(cc3O2)O)O)OC(=O)c4cc(c(c(c4)O)O)O)O)O
dude_tryb1__L004456,C[C@H]1[C@@H]([C@@H]([C@@H]([C@@H](O1)Oc2c(=O)c3c(cc(cc3oc2c4ccc(cc4)O)O)O)O)OC(=O)C)OC(=O)C
dude_tryb1__L004457,c1cc(c(cc1NC(=O)c2coc(n2)C[NH+]3CCN(CC3)C[C@H](CN4CCOCC4)O)Cl)F
dude_tryb1__L004458,Cc1c\2c(oc1C(=O)NC3CC([NH2+]C(C3)(C)C)(C)C)CCC/C2=N\NC(=S)N
dude_tryb1__L004459,Cc1ccc(cc1C)S(=O)(=O)[C@@H](CNC(=O)C(=O)NCCCn2ccnc2)c3cccnc3
dude_tryb1__L004460,C(COCCCO[C@H]1[C@@H]([C@@H]([C@@H]([C@@H](O1)CO)O)O)O)CO[C@@H]2[C@@H]([C@@H]([C@@H]([C@@H](O2)CO)O)O)O
dude_tryb1__L004461,CCOC(=O)C1=C(N=C([C@@H]1S(=O)(=O)N2CCC[C@@H](C2)C(=O)Nc3ccc(cc3)C)C)C
dude_tryb1__L004462,CCc1c2c(=O)[nH]c(nc2sc1C(=O)OC)C[NH+](C[C@@H](COC(C)C)O)C3CCCCC3
dude_tryb1__L004463,COc1ccc(cc1)CN2CCC3=NC(=NC(=O)[C@@H]3C2)SCC(=O)N[C@@H]4C=CS[C@@H]4C(=O)OC
dude_tryb1__L004464,COc1cc(ccc1O)C[C@@H](CO[C@@H]2[C@H]([C@@H]([C@@H]([C@@H](O2)CO)O)O)O)c3cc(cc(c3O)OC)/C=C/CO
dude_tryb1__L004465,Cc1c(c(=O)[nH]c(=O)[nH]1)Cc2nnc(o2)SCC(=O)NC(=O)N
dude_tryb1__L004466,C[C@@H]1CCCC[C@@H]1NC(=O)NC(=O)C[NH+]2C[C@@H](C[C@@H]2C(=O)N)O
dude_tryb1__L004467,CCOP(=O)(CCC[C@@H](CNc1c(c(nc(n1)N)Cl)/N=N/c2ccc(cc2)Cl)O)OCC
dude_tryb1__L004468,C[C@@H](C(=O)NC(=O)NC(C)(C)C)OC(=O)CNC(=O)c1cc(c(c(c1)OC)OC)OC
dude_tryb1__L004469,C1CCN(C1)C(=O)C2=NCC(=C2)C(=O)CN3C(=O)[C@]4(CCCC5=C4CCS5)NC3=O
dude_tryb1__L004470,c1cc(ccc1/C=C/2\C(=O)N(C(=S)S2)NC(=O)COc3ccc(cc3)[N+](=O)[O-])C(F)(F)F
dude_tryb1__L004471,CCOCCCn1c(=O)c2ccccc2n3c1nnc3S[C@H](C)C(=O)NC(C)C
dude_tryb1__L004472,Cc1ccc(c2c1cc(c(=O)[nH]2)CN(CC[NH+](C)C)C(=S)NCCC[NH+](C)C)C
dude_tryb1__L004473,c1cc(c(cc1N)c2nc3ccc(cc3o2)S(=O)(=O)c4ccc5c(c4)oc(n5)c6cc(ccc6O)N)O
dude_tryb1__L004474,CCCCCCN([C@H](c1ccc(cc1)O)C(=O)NC(C)(C)CC(C)(C)C)C(=O)c2cc(ccc2[O-])[N+](=O)[O-]
dude_tryb1__L004475,CC[C@@H](c1ccc(cc1)Br)NC(=O)C[NH+]2CCC(CC2)C(=O)Nc3ccccc3O
dude_tryb1__L004476,COc1cc(cc(c1OC)OC)/C=C\2/C(=O)N(C(=O)S2)CCNC(=O)[C@H]3CC3(Cl)Cl
dude_tryb1__L004477,CC[C@@H](C)Nc1c(nc(o1)c2ccccc2OC)S(=O)(=O)c3ccc4c(c3)OCCO4
dude_tryb1__L004478,C[NH+](C)C[C@H](c1ccc(cc1)O[C@@H]2[C@@H]([C@@H]([C@@H]([C@@H](O2)C(=O)[O-])O)O)O)C3(CCCCC3)O
dude_tryb1__L004479,CC(=O)Nc1cc(cc(c1)NC(=O)C)C(=O)NC[C@@H](c2ccco2)[NH+]3CCCC3
dude_tryb1__L004480,CCN([C@@H]1CCS(=O)(=O)C1)C(=O)[C@@H](C)Sc2[nH]c(=O)c(c(n2)C)CCC(=O)[O-]
dude_tryb1__L004481,CC(=O)N[C@H]1[C@H]([C@@H]([C@@H](O[C@@H]1Oc2ccccc2/C=C/C(=O)c3ccccc3)CO)O)O
dude_tryb1__L004482,Cc1ccc(cc1)S(=O)(=O)CNC(=O)[C@H](c2cccc(c2)O)N(C)C(=O)c3cccnc3
dude_tryb1__L004483,C[C@@H](CCCC(C)(C)O)NC(=O)[C@@H]1CN(CC12CC[NH2+]CC2)C(=O)c3cc(c(c(c3)OC)OC)OC
dude_tryb1__L004484,C[C@]12CC/C(=N/OCC(=O)N[C@@H](CCCC(=[NH2+])N)C(=O)OC)/C=C1CC[C@@H]3[C@H]2CC[C@]4([C@H]3CC[C@@]4(C#C)O)C
dude_tryb1__L004485,Cc1ccc(o1)/C=N/Nc2[nH]nc(n2)SCC(=O)Nc3ccc4c(c3)sc(n4)SCC=C
dude_tryb1__L004486,C[C@H]1[C@@H]([C@H]([C@@H]([C@H](O1)O[C@H]2CC[C@]3([C@@H](C2)CC[C@H]4[C@H]3CC[C@]5([C@@]4(CC[C@@H]5C6=CC(=O)OC6)O)C)C=O)O)OC)O
dude_tryb1__L004487,COc1ccc(cc1)[C@@H](CNc2ccc(cc2S(=O)(=O)N)[N+](=O)[O-])[NH+]3CCCCC3
dude_tryb1__L004488,c1cc(c(nc1)n2cncn2)C(=O)OCC(=O)N[C@@H](c3ccc(cc3)F)c4cccs4
dude_tryb1__L004489,Cc1c(cnn1c2ccc(cc2)Br)C(=O)NNC(=O)c3cccc(c3)S(=O)(=O)C
dude_tryb1__L004490,c1ccc(cc1)Oc2ccc(cc2)Nc3nc(nc(n3)N)C[NH+]4CCN(CC4)c5ccccc5F
dude_tryb1__L004491,CCC[C@H](C(=O)NC1CCCC1)N(c2ccc(cc2)F)C(=O)c3c(c(ns3)C(=O)N)N
dude_tryb1__L004492,Cn1c2c(c(c(c(n2)N)C(=O)OC)c3cc(c(c(c3)OC)OC)OC)c(=O)n(c1=O)C
dude_tryb1__L004493,C[C@@H]([C@@H](C(=O)[O-])NC(=O)[C@H](CC1=c2ccccc2=[NH+]C1)N3C(=O)[C@@H]4C=CC=CC4=NC3=O)O
dude_tryb1__L004494,c1ccc(cc1)S(=O)(=O)Cc2ccc(o2)C(=O)NNc3ccc(cc3[N+](=O)[O-])C(F)(F)F
dude_tryb1__L004495,Cc1c(c(n(n1)Cn2ccc(n2)C(=O)N3[C@](CC(=N3)C(F)F)(C(F)F)O)C)[N+](=O)[O-]
dude_tryb1__L004496,C[C@@H](c1ccc(cc1)S(=O)(=O)N(CC(=O)N)CC(=O)N)O
dude_tryb1__L004497,CCC[NH+](C[C@H](COCC(C)C)O)CC(=O)N1CCc2c(ccs2)[C@@H]1COc3ccccc3
dude_tryb1__L004498,c1ccc(cc1)[C@@H](CNC(=O)CCc2cc3ccccc3[nH]c2=O)[NH+]4CCCC4
dude_tryb1__L004499,CC(C)Cn1c(c(c(=O)[nH]c1=O)N(CC(C)C)C(=O)CN(C)C(=O)/C=C/c2cccc(c2Cl)Cl)N
dude_tryb1__L004500,CCOC(=O)c1ccccc1NC(=O)c2c(c\3c(o2)CCC/C3=N\NC(=O)c4cccnc4)C
dude_tryb1__L004501,C[C@H]1CCC[NH+](C1)C[C@@H](C)NC(=O)CNC(=O)c2ccc(cc2Cl)Cl
dude_tryb1__L004502,c1cc(ccc1CC[NH2+][C@H]2CC(=O)N(C2=O)c3ccc(cc3)C(F)(F)F)S(=O)(=O)N
dude_tryb1__L004503,[H]/N=C\1/C(=C/c2cc(c(c(c2)Br)OS(=O)(=O)C)OCC)/C(=O)N=C3N1N=CS3
dude_tryb1__L004504,CC[C@@H](C)NC(=O)C(=O)NC[C@@H](c1cccnc1)S(=O)(=O)c2ccc3c(c2)OCO3
dude_tryb1__L004505,Cc1cc(c(cc1C)S(=O)(=O)NC[C@@H](c2cccnc2)S(=O)(=O)c3ccc(cc3)OC)OC
dude_tryb1__L004506,CCn1cc(c(=O)c2c1cc3c(c2)OCO3)C(=O)N[C@@H](CCSC)C(=O)NCC[NH+](C)C
dude_tryb1__L004507,Cc1ccc(cc1)S(=O)(=O)CNC(=O)[C@@H](c2ccc(cc2)N(C)C)N(C)C(=O)c3cccc(c3)Cl
dude_tryb1__L004508,CC[C@@H](C)[C@@H](C(=O)NCCC[NH+](C)C)NC(=O)c1cn(c2cc3c(cc2c1=O)OCO3)CC
dude_tryb1__L004509,CCOC(=O)c1c(c(c(s1)N)C#N)COC(=O)CCC(=O)c2cc(ccc2OC)Br
dude_tryb1__L004510,Cc1c(c([nH]c1C(=O)[C@@H](C)OC(=O)c2cc(nc3c2c(nn3C)C)c4cccs4)C)C(=O)C
dude_tryb1__L004511,COc1cc(c(cc1OC)F)[C@@H](c2cc(ccc2Cl)Br)[NH3+]
dude_tryb1__L004512,COC1=C[C@H]2C[C@H]3CO[P@@](=O)(NN3C[C@@H]2C=C1S(=O)(=O)c4ccccc4)OC
dude_tryb1__L004513,CCNC(=O)[C@@H](C)NC(=O)C(=O)Nc1ccc(c(c1)C(=O)NC(C)C)C
dude_tryb1__L004514,CC(C)n1cc(cn1)/C=N/Nc2[nH]nc(n2)SCC(=O)Nc3c(c4c(s3)CCCC4)C(=O)OC
dude_tryb1__L004515,CC[NH+]1CCc2c(sc3c2C(=N[C@@H](N3)c4ccc(cc4)OC(=O)c5ccccc5)O)C1
dude_tryb1__L004516,c1ccc(cc1)OS(=O)(=O)N(c2ccccc2O)C(=O)[C@H]3C[C@H](C4=[N+]3Cc5ccccc5N4)O
dude_tryb1__L004517,CN1CCc2c(sc(n2)NC(=O)CCSCC(=O)N)C1
dude_tryb1__L004518,CC(=O)N[C@@H]1[C@H]([C@@H]([C@@H](O[C@@H]1OCCOCCCl)CO)O)O
dude_tryb1__L004519,CCS(=O)(=O)c1ccc(c(c1)NC(=O)COc2cccc(c2)C)OCc3cc(=O)n4c(n3)cc(o4)C
dude_tryb1__L004520,C[C@@H](C(=O)O[C@@H](C)C(=O)Nc1nc(cs1)c2ccccc2)NC3=NS(=O)(=O)c4c3cccc4
dude_tryb1__L004521,C[NH+](C)[C@@H](CNC(=O)C(=O)Nc1ccc2c(c1)N(CCC2)S(=O)(=O)c3cccs3)c4ccco4
dude_tryb1__L004522,CCOc1cc(cc(c1OCC)OCC)C(=O)Nc2c(c(c(s2)C(=O)OCC)C)C(=O)N
dude_tryb1__L004523,Cc1ccccc1[C@@H]2C(=CN(N2)c3ccc(cc3F)F)C[NH2+]CCC4=C(N=N[C@@H]4C)C
dude_tryb1__L004524,Cc1c(c(=O)[nH]c(=O)[nH]1)/C=C/C(=O)N[C@H](CO)C[S@@](=O)C(C)C
dude_tryb1__L004525,CC[C@]1(C[C@H](c2c(c(c3c(c2O)C(=O)c4c(cccc4O)C3=O)O)[C@@H]1C(=O)OC)O)O
dude_tryb1__L004526,CC1CCC2(CC1)C(=O)N(C(=O)N2)NC(=O)CSc3nnc(o3)[C@H](C)Oc4ccc(cc4)F
dude_tryb1__L004527,CSc1cccc(c1)N2C[C@@H](CC2=O)C(=O)NCCN3C(=O)/C(=C/c4cccnc4)/SC3=O
dude_tryb1__L004528,CCOc1cc(cc(c1OCC)OCC)C(=O)NNC(=O)[C@H](C)Oc2ccc(cc2C)Cl
dude_tryb1__L004529,CCCCCCO[C@H]1[C@@H]([C@H]([C@H]([C@H](O1)CO)O[C@H]2[C@@H]([C@H]([C@H]([C@H](O2)CO)O)O)O)O)O
dude_tryb1__L004530,CCOC(=O)Cn1c(nnn1)[C@@H](C(C)C)[NH+](CCCO)Cc2cc3cc(cc(c3[nH]c2=O)C)C
dude_tryb1__L004531,c1cnc(nc1)S[C@@H]2CC(=O)N(C2=O)c3ccc(cc3)N4C(=O)C[C@H](C4=O)Sc5ncccn5
dude_tryb1__L004532,COc1cc(cc(c1OC)OC)C[NH2+]Cc2cc3ccc(cc3nc2N4CCC[C@H](C4)CO)SC
dude_tryb1__L004533,Cc1ccccc1Nc2nc(nc(n2)N)CSc3nnc(n3N)COc4ccc(cc4)F
dude_tryb1__L004534,Cc1ccc(cc1)S(=O)(=O)CNC(=O)[C@@H](c2c(cc(cc2O)O)O)N(Cc3ccco3)C(=O)C(=C)C
dude_tryb1__L004535,C[NH+]1[C@@H]2CC[NH+]([C@@H]2C(=O)NC[C@@H]1CCC(=O)NCC#C)Cc3ccc(o3)CO
dude_tryb1__L004536,C=CCn1c(nnc1SCCOc2ccc(cc2)S(=O)(=O)N)[C@@H]3CCS(=O)(=O)C3
dude_tryb1__L004537,CC(C)S(=O)(=O)C1=C2Nc3ccccc3C[NH+]2[C@H](C1)C(=O)N(C)S(=O)(=O)Oc4ccccc4
dude_tryb1__L004538,Cc1c(c(on1)C)CSc2c(cccn2)C(=O)Nc3cccc(c3)S(=O)(=O)NC4=[NH+]CCC4
dude_tryb1__L004539,CC1CC[NH+](CC1)C[C@H](CNC(=O)NCC[NH+]2CCc3c(ccs3)C2)O
dude_tryb1__L004540,Cc1ccc(cc1)S(=O)(=O)[C@H](CNC(=O)C(=O)NCCCN2CCOCC2)c3ccco3
dude_tryb1__L004541,CC1(CC(CC([NH2+]1)(C)C)Nc2c(c(ncn2)Nc3ccc4c(c3)OCO4)N)C
dude_tryb1__L004542,CCCN([C@@H](c1c(cc(cc1O)O)O)C(=O)NC(C)(C)CC(C)(C)C)C(=O)c2cccc(c2)[N+](=O)[O-]
dude_tryb1__L004543,c1ccc(cc1)Cn2c(c3c(nc(nc3n2)NCC[NH+]4CCCC4)c5ccc(cc5F)F)N
dude_tryb1__L004544,c1cc(ccc1C(=O)C2=C(C(=O)N([C@@H]2c3ccc4c(c3)OCO4)CCCn5cc[nH+]c5)[O-])Cl
dude_tryb1__L004545,C[C@@H](C(=O)Nc1cccc(c1)S(=O)(=O)N(C)C)OC(=O)c2ccccc2NS(=O)(=O)C
dude_tryb1__L004546,Cc1cc(nc(n1)N/C(=N/C(=S)Nc2ccc(cc2)C(=O)C)/NCCCN3CCOCC3)C
dude_tryb1__L004547,c1cc(ccc1C[NH2+]CCNC(=O)c2c(non2)N)OCc3ccc(cc3)Cl
dude_tryb1__L004548,CCCC(=O)OC[C@H](C[NH+](Cc1c(nn(c1Oc2ccccc2)c3ccccc3)CC)C(C)C)O
dude_tryb1__L004549,CCOC1=C[C@H]2C[C@@H]3CO[P@@](=O)(N[NH+]3C[C@@H]2C=C1c4ccccc4O)Cc5ccccc5
dude_tryb1__L004550,CC[NH+](CC)CCNC(=O)c1ccc2c(c1)[C@H]3C=CC[C@H]3[C@@H](N2)c4ccc(cc4O)O
dude_tryb1__L004551,Cc1c2c(c(cnc2n(n1)C)C(=O)N3C[C@@H](C4(C3)CC[NH2+]CC4)C(=O)NCCCOC(C)C)Cl
dude_tryb1__L004552,CCn1cc(c(=O)c2c1nc(cc2)C)C(=O)NCCn3c(=O)ccc(n3)c4c(nc(s4)C)C
dude_tryb1__L004553,CCS(=O)(=O)c1ncc(c(n1)C(=O)Nc2ccc(cc2)S(=O)(=O)Nc3nccs3)Cl
dude_tryb1__L004554,CCOC(=O)c1c2c(sc1NC(=O)c3cc4c(nc5ccccn5c4=O)[n+](c3N)CCO)CCCC2
dude_tryb1__L004555,c1cc(ccc1c2cnc([nH]2)SCC(=O)N3CCN(CC3)[C@H]4CCS(=O)(=O)C4)Br
dude_tryb1__L004556,CCOC(=O)[C@H]1[C@H](SC2=C1CCCC2)NC(=O)C[NH2+][C@@H]3CCCc4c3[nH]c5c4cc(cc5)[N+](=O)[O-]
dude_tryb1__L004557,c1cc(cnc1)CN([C@H](c2ccco2)C(=O)NC[C@@H]3CCCO3)C(=O)C(=O)NC4CCCC4
dude_tryb1__L004558,CCCCCCOc1ccc(cc1C(=O)NC(=S)Nc2ccc(cc2)C(=O)NC(C)C)Br
dude_tryb1__L004559,c1cc(ccc1NC(=O)C[NH2+]CCNc2ccc(cc2[N+](=O)[O-])C(F)(F)F)S(=O)(=O)N
dude_tryb1__L004560,CC[NH2+][C@@](C)(CCCC[NH+](C)[C@@H]1CCCC[C@@H]1C)C(=O)N
dude_tryb1__L004561,CCN(CC(=O)NCc1cccs1)C(=O)CSc2nnc(o2)c3ccccc3OC
dude_tryb1__L004562,CC(C)(C)CC(C)(C)NC(=O)[C@@H](c1c(cc(cc1O)O)O)N(C(=O)c2cccc(c2O)O)C(C)(C)C
dude_tryb1__L004563,c1cc(c(c(c1)Cl)/N=N/c2c(cc3cc(cc(c3c2O)O)S(=O)(=O)[O-])S(=O)(=O)[O-])O
dude_tryb1__L004564,c1cc(c(cc1Br)/C=N/NC(=[NH2+])c2c(non2)N)O
dude_tryb1__L004565,CCN(c1ccccc1)S(=O)(=O)c2ccc(c(c2)[N+](=O)[O-])N[C@@H]3CC(=O)N(C3)C(C)C
dude_tryb1__L004566,CC(=O)N1[C@H](C/C(=C/2\C(=O)NC(=O)N(C2=O)CC=C)/N1)c3cc(c(c(c3)OC)OC)OC
dude_tryb1__L004567,CCCNC(=O)C[NH+]1CCC(CC1)NC(=O)NCC[NH+](C)CC
dude_tryb1__L004568,COc1ccc(cc1/C=N/n2c(n[nH]c2=S)c3cc(c(c(c3)OC)OC)OC)Br
dude_tryb1__L004569,c1cc(ccc1CSC[C@H]([C@@H]([NH2+]CC(=O)[O-])O)NC(=O)CC[C@@H](C(=O)[O-])[NH3+])Br
dude_tryb1__L004570,CCN(CC(=O)Nc1c(cccc1F)F)C(=O)Cc2ccc(s2)S(=O)(=O)N3CCOCC3
dude_tryb1__L004571,CCN(CC)S(=O)(=O)c1ccc(cc1)Nc2c(c(ncn2)NCCc3ccc(c(c3)OC)OC)N
dude_tryb1__L004572,c1ccc(cc1)N[C@H]2[C@H](C(=C(S2)C(=O)c3ccc(cc3)[N+](=O)[O-])N)C4[NH+]=c5ccccc5=[NH+]4
dude_tryb1__L004573,COCCC[NH+]1CCC(CC1)NC(=O)C2CCC3(CC2)C(=O)NC(=O)N3
dude_tryb1__L004574,Cc1ccc(cc1[N+](=O)[O-])N[C@H]2[C@@H]([C@@H]([C@@H]([C@@H](O2)CO)O[C@@H]3[C@@H]([C@@H]([C@@H]([C@@H](O3)CO)O)O)O)O)O
dude_tryb1__L004575,CC(C)(c1ccc([nH+]c1)N2CCOCC2)C(=O)NC3[C@@H]4CC5C[C@H]3CC(C4)(C5)C(=O)N
dude_tryb1__L004576,CC[C@@H](C)CNC(=O)[C@@H]1CN(CC12CC[NH2+]CC2)C(=O)c3ccc(o3)c4ccc(cc4)F
dude_tryb1__L004577,Cc1c2c(c(cnc2n(n1)C)C(=O)NC)NCCC[NH+]3CCN(CC3)c4ccccc4OCC(F)(F)F
dude_tryb1__L004578,CC(=O)NCc1ccc(s1)c2csc(n2)NC(=O)C3=NN(C(=O)CC3)[C@H]4CCS(=O)(=O)C4
dude_tryb1__L004579,CC[NH+](CC)CCNC(=O)CCNS(=O)(=O)c1cc(cnc1N)Br
dude_tryb1__L004580,C[C@H](C(=O)c1c(n(c(=O)n(c1=O)C)C)N)OC(=O)c2c3c(n(n2)c4ccc(cc4)F)CCC3
dude_tryb1__L004581,CCn1c(nnc1S[C@@H](C)C(=O)Nc2ccc(cc2)NC(=O)C)[C@H](C)NC(=O)c3ccccc3F
dude_tryb1__L004582,CS(=O)(=O)NCCCNC(=O)NCCCN1C(=O)C2(CCCC2)NC1=O
dude_tryb1__L004583,CCCOc1ccccc1C(=O)NNC(=S)NC(=O)c2ccccc2OCCOc3ccccc3
dude_tryb1__L004584,CCCSc1nc(sn1)NC(=O)CSCC[C@@H](C(=O)[O-])[NH3+]
dude_tryb1__L004585,CC[NH+]1CCc2c(sc(c2C(=O)N)NC(=O)CCCS(=O)(=O)c3ccc(cc3)Cl)C1
dude_tryb1__L004586,CS(=O)(=O)CC[C@@H](C(=O)NC1(CCCCC1)C(=O)[O-])[NH3+]
dude_tryb1__L004587,C[C@@H]1CCC[C@@H]([C@H]1C)NC(=S)NNC(=O)[C@H](C(C)C)NC(=O)N
dude_tryb1__L004588,CCNc1c(cc(cn1)Br)S(=O)(=O)NCCCC(=O)N
dude_tryb1__L004589,CC(=O)c1cccc(c1)N(CC(=O)N[C@@H]2CC(Oc3c2ccc(c3)OC)(C)C)S(=O)(=O)C
dude_tryb1__L004590,CC1=C(C(=O)N2C=CC=C[C@@H]2N1)Cc3nnc(n3C)SCC(=O)NCC4[NH+]=c5ccccc5=[NH+]4
dude_tryb1__L004591,C=CCn1c(c(c(=O)[nH]c1=S)[C@H](c2ccncc2)[C@H]3C(=O)NC(=S)N(C3=O)CC=C)O
dude_tryb1__L004592,CCCCCCN([C@H](c1ccc(cc1)[N+](=O)[O-])C(=O)NC(C)(C)CC(C)(C)C)C(=O)c2ccccc2O
dude_tryb1__L004593,C[NH+](C)CCNc1nc(c2c(n(nc2n1)c3ccc(cc3)F)N)c4cccc(c4F)F
dude_tryb1__L004594,CC[NH+](CC)CCCNC(=S)N(CC[NH+](CC)CC)Cc1cc2cc(ccc2[nH]c1=O)OCC
dude_tryb1__L004595,COc1cc(cc(c1OC)OC)[C@H](c2c(n3c(s2)ncn3)O)N4CCN(CC4)c5ccccc5
dude_tryb1__L004596,COC(=O)[C@@H]1C(=c2cc(ccc2=[NH+]1)Br)NC(=O)C[NH+]3CCC(CC3)C(=O)N
dude_tryb1__L004597,CC(C)CN([C@@H]1CCS(=O)(=O)C1)C(=O)CN2C(=O)[C@](NC2=O)(C)c3ccc(cc3)C(C)C
dude_tryb1__L004598,C[C@H]1CN(C[C@@H](O1)C)C(=O)C(=O)Nc2c3c(nn2c4ccc(cc4)F)CS(=O)(=O)C3
dude_tryb1__L004599,Cc1ccc(o1)[C@@H](C(=O)NC(C)(C)C)N(c2ccc(cc2OC)OC)C(=O)c3c(c(ns3)C(=O)N)N
dude_tryb1__L004600,c1ccc(cc1)N(c2ccccc2)Nc3c(c(nc[nH+]3)NN(c4ccccc4)c5ccccc5)N
dude_tryb1__L004601,Cc1cc(n(n1)C)NC(=O)C[NH+]2CCC[C@@]23CCN(C3=O)[C@@H](CC(C)C)C(=O)Nc4ccc(cc4)N(C)C
dude_tryb1__L004602,CC(=O)Oc1ccc(cc1)N2C(=O)[C@@H]3[C@H]([NH2+][C@@]4([C@@H]3C2=O)c5ccccc5NC4=O)Cc6ccc(c(c6)O)O
dude_tryb1__L004603,Cc1c(c(n(n1)c2ccccc2)C)C(=O)C(=O)NNC(=O)c3c(nc(s3)N4CCOCC4)C
dude_tryb1__L004604,c1cc2c(cc1Cl)N(CC(=O)O2)CC(=O)N[C@@H](Cc3c[nH+]c[nH]3)C(=O)[O-]
dude_tryb1__L004605,CCN(CC)S(=O)(=O)c1ccc(c(c1)C(=O)NNC(=O)[C@@H](C)Oc2ccc(cc2)OCC)Cl
dude_tryb1__L004606,Cc1c2c(cc(nc2n(n1)[C@@H]3CCS(=O)(=O)C3)c4cccs4)C(=O)NCCCn5ccnc5
dude_tryb1__L004607,C[NH+]1CCN(CC1)Nc2c(c(ncn2)Nc3cc(cc(c3)C(=O)OC)C(=O)OC)N
dude_tryb1__L004608,COc1cc(c(cc1OC)Br)[C@H](c2cc(ccc2Br)F)[NH3+]
dude_tryb1__L004609,c1ccc2c(c1)cc(c(=O)o2)C(=O)NCCS(=O)(=O)N3CCN(CC3)c4cccc(c4)C(F)(F)F
dude_tryb1__L004610,Cn1c2c(c(=O)[nH]c1=O)n(c(n2)N/N=C/C(=C/c3ccc(cc3)[N+](=O)[O-])/Cl)C[C@@H](CO)O
dude_tryb1__L004611,C[C@@H](C(=O)c1c(n(c(=O)n(c1=O)C)C)N)Sc2nnc(n2CC=C)COc3ccccc3F
dude_tryb1__L004612,CC(C)CCNC(=O)[C@H](c1ccc(c(c1)OC)O)N(CCCO)C(=O)c2c(c(ns2)C(=O)N)N
dude_tryb1__L004613,C[C@H](C(=O)NNC(=O)c1ccc(o1)S(=O)(=O)N)Oc2ccccc2F
dude_tryb1__L004614,CCOC(=O)[C@H]1[C@@H](SC2=C1CCCC2)NC(=O)C[NH2+][C@@H]3CCCc4c3[nH]c5c4cc(cc5)[N+](=O)[O-]
dude_tryb1__L004615,COCCNC(=O)[C@H](c1ccc2c(c1)cccn2)N(CCOC)C(=O)c3c(c(ns3)C(=O)N)N
dude_tryb1__L004616,COc1ccc(cc1OC)CCN2[C@H](c3c(=O)c4cc(ccc4oc3C2=O)F)c5ccc(c(c5)OC)O
dude_tryb1__L004617,CC(=O)O[C@H]1CO[C@H]([C@@H]([C@@H]1OC(=O)C)OC(=O)C)n2c(=O)[nH]c(=O)cn2
dude_tryb1__L004618,COc1ccc(cc1)C2=Nc3ccc(cc3S(=O)(=O)N2)S(=O)(=O)N4CCOCC4
dude_tryb1__L004619,C[C@H]1[C@@H]([C@H]([C@H]([C@@H](O1)Oc2ccc(cc2O)[C@H]3[C@@H](C(=O)c4c(cc(cc4O3)O)O)O)O)O)O
dude_tryb1__L004620,CC[C@H](Cc1cc(c(c(c1)OC)O)c2cc(cc(c2O)OC)C[C@@H](CC)[NH3+])[NH3+]
dude_tryb1__L004621,CC(C)CCNC(=O)[C@@H](c1ccc(c(c1)OC)O)N(CCCO)C(=O)c2c(c(ns2)C(=O)N)N
dude_tryb1__L004622,O=C(CCc1ccccc1)Nc4ccc(C(=O)OCN3C(=O)c2ccccc2S3(=O)=O)cc4
dude_tryb1__L004623,Cc1cc(cc(c1C)NC(=O)C[NH+](C)Cc2cc(ccc2Cl)[N+](=O)[O-])S(=O)(=O)N
dude_tryb1__L004624,c1cc2c(cc1F)CC[C@H](O2)[C@H](C[NH2+]C[C@H]([C@@H]3CCc4cc(ccc4O3)F)O)O
dude_tryb1__L004625,CCCCn1c(c(c(=O)[nH]c1=O)N(CC)CC2=C([C@@H](NC(=O)N2)c3ccco3)C(=O)OCC)N
dude_tryb1__L004626,CCOc1cc(cc(c1OCC)OCC)C(=O)NNS(=O)(=O)c2ccc3c(c2)oc(=O)n3C
dude_tryb1__L004627,CC[C@H]([C@@H](c1ccco1)Oc2ccc(cc2)I)[NH3+]
dude_tryb1__L004628,c1cc2=C[C@H](C(=O)[NH+]=c2cc1F)CNC(=O)[C@H]3CCC[NH+](C3)CC(=O)N
dude_tryb1__L004629,C[C@@H](C(=O)Nc1ccc2c(c1)OCCO2)Sc3nnc(n3C)C[C@H]4CCS(=O)(=O)C4
dude_tryb1__L004630,C[C@H](C(=O)Nc1ccc(cc1)OC(F)F)Sc2nnc(n2C)[C@H]3COc4ccccc4O3
dude_tryb1__L004631,COC1=C2Nc3ccccc3C[NH+]2[C@H](C1)C(=O)N(S(=O)(=O)Oc4ccccc4)Br
dude_tryb1__L004632,CC(=O)N1CCC(CC1)C(=O)N2C[C@@H](C3(C2)CC[NH2+]CC3)C(=O)NCC(=O)N(C)C
dude_tryb1__L004633,C[NH+](C)CCNc1nc(c2c(n(nc2n1)c3cc(ccc3F)F)N)c4cccc(c4)F
dude_tryb1__L004634,c1ccc(cc1)c2csc3c2c(=O)[nH]c(n3)C[NH+]4CCN(CC4)c5ccc(cc5)O
dude_tryb1__L004635,Cc1ccccc1CCN([C@@H](c2ccc(c(c2)O)O)C(=O)NC(C)(C)C)C(=O)Cn3c4ccccc4nn3
dude_tryb1__L004636,C[C@@H](c1cccs1)[NH2+]CC(=O)Nc2cccc(c2)C(=O)Nc3cccc(c3)C(F)(F)F
dude_tryb1__L004637,C[C@H]1C[C@@H](CC([C@@]1(/C=C/[C@@H](CO)O[C@H]2[C@@H]([C@H]([C@@H]([C@H](O2)CO)O)O)O)O)(C)C)O
dude_tryb1__L004638,Cc1ccccc1OC[C@H](Cn2c3c(=O)[nH]c(=O)n(c3nc2NCC[NH3+])C)O
dude_tryb1__L004639,CCCN([C@H](c1ccco1)C(=O)NCS(=O)(=O)c2ccc(cc2)C)C(=O)c3ccc(cc3)OC
dude_tryb1__L004640,CCCC[C@H](C(=O)N[C@@H](CC(C)C)[C@@H](CC(=O)N[C@@H](C)C(=O)N[C@@H](CC(C)C)[C@@H](CC(=O)[O-])O)O)[NH3+]
dude_tryb1__L004641,CN([C@@H]1CCS(=O)(=O)C1)C(=O)C(=O)NC[C@H](c2ccco2)S(=O)(=O)c3ccc4c(c3)OCO4
dude_tryb1__L004642,CCC[C@@H](c1nnnn1C[C@@H]2CCCO2)N(CCCO)Cc3cc4cc(ccc4[nH]c3=O)OCC
dude_tryb1__L004643,CC(C)(C)CC(C)(C)NC(=O)[C@H](c1c(cc(cc1O)O)O)N(C)C(=O)c2c(cccc2O)O
dude_tryb1__L004644,Cc1c(c(n(n1)CC(=O)N(CC(C)C)c2c(n(c(=O)[nH]c2=O)CC(C)C)N)C)[N+](=O)[O-]
dude_tryb1__L004645,CC(C)(C[NH2+]C[C@H]1C[C@H]([NH+]([C@H]1c2ccccc2F)C)CO)CO
dude_tryb1__L004646,CC(C)NC(=O)N[C@H]1C[C@H](N(C1)C(=O)C=C(C)C)C(=O)N(C)CC(=O)N
dude_tryb1__L004647,Cc1c2c(c(n(n2)c3cccc(c3)F)n4cccc4)c(=O)n(n1)CC(=O)NCCN5CCOCC5
dude_tryb1__L004648,C[C@@H]1CCC[NH+](C1)Cc2ccccc2CNC(=O)N[C@@H]3c4ccccc4C[C@@H]3O
dude_tryb1__L004649,Cc1ccc(cc1)S(=O)(=O)CNC(=O)[C@@H](c2ccc(c(c2)OC)O)N(C)C(=O)c3ccco3
dude_tryb1__L004650,CCCN1C(=O)c2c(ncn2C[C@]1(C)C(=O)NCc3ccc(cc3)C)C(=O)NCCN4CCOCC4
dude_tryb1__L004651,c1cc(cc(c1)NC(=O)CSc2nnc(n2N)N/N=C/c3ccc(cc3)Br)C(F)(F)F
dude_tryb1__L004652,c1cc(ccc1N2C[C@H](CC2=O)C(=O)Nc3nnc(s3)SCC(=O)N4CCOCC4)F
dude_tryb1__L004653,C[C@H](c1cccc2c1cccc2)NC(=O)COC(=O)[C@]34CCC(=O)N3c5ccccc5C(=O)N4C(C)C
dude_tryb1__L004654,Cc1cc(c2ccc(cc2[nH+]1)[N+](=O)[O-])NCCCCCCCNc3cc([nH+]c4c3ccc(c4)[N+](=O)[O-])C
dude_tryb1__L004655,C[C@H](C(=O)Nc1ccc(c(c1)Cl)OC)Sc2nnc(n2CC=C)[C@H]3CCS(=O)(=O)C3
dude_tryb1__L004656,CC[C@H](C)Oc1cccc(c1)NC(=O)NC[C@@H](C[NH+]2CCc3ccccc3C2)O
dude_tryb1__L004657,COc1ccc(cc1)NC(=O)C[C@@H]2C(=O)N(/C(=N\S(=O)(=O)c3ccc(s3)Cl)/S2)CC=C
dude_tryb1__L004658,Cc1c(c([nH]c1C(=O)OC)C)C(=O)C2=C(C(=O)N([C@H]2c3cccc(c3OC)OC)CC[NH+](C)C)[O-]
dude_tryb1__L004659,CCCC[NH+](CCCC)Cc1c(cc(c2c1O/C(=C/c3cc(c(cc3OC)OC)OC)/C2=O)C)O
dude_tryb1__L004660,Cc1cccc(c1)OCCCNC(=O)[C@H](CCSC)NS(=O)(=O)/C=C/c2ccccc2
dude_tryb1__L004661,CCOC(=O)c1c(c(sc1NC(=O)CN2CC[NH+](CC2)C)C(=O)N)C
dude_tryb1__L004662,Cc1ccc(cc1)S(=O)(=O)CNC(=O)[C@@H](c2c(cc(cc2O)O)O)N(C)C(=O)c3ccc(cc3)O
dude_tryb1__L004663,CCOC(=O)c1c2c(sc1NC(=O)[C@H](C)Sc3nnc(n3C)CNC(=O)c4ccco4)CCCC2
dude_tryb1__L004664,CC(C)[NH+](C)C[C@@H](COc1ccc(cc1OC)C[NH2+]CCCSC)O
dude_tryb1__L004665,CC[NH+](CC)CCC[C@H](C)[NH2+]C[C@H](c1cc(nc2c1cccc2)c3ccc(cc3)Cl)O
dude_tryb1__L004666,Cc1nnc(n1N)SCC(=O)NNC(=O)COC
dude_tryb1__L004667,c1ccc(cc1)[C@@H]2c3cccn3CC[NH+]2CC(=O)Nc4c(c5c(s4)CCCC5)C(=O)N
dude_tryb1__L004668,CCOc1cccc(c1O)CN2CCc3nnc(n3CC2)CNC(=O)[C@@H]4CCC[NH+](C4)C
dude_tryb1__L004669,Cc1c2c(=O)n(c(=O)n(c2sc1C(=O)NN)CC(=O)N3CCCC3)CC(=O)N
dude_tryb1__L004670,c1cc2c(cc1Cl)[C@@H](CCS2)NC(=O)C3=NN(C(=O)CC3)[C@H]4CCS(=O)(=O)C4
dude_tryb1__L004671,CCc1ccccc1NC(=S)N(CCC[NH+](C)C)Cc2cc3cc4c(cc3[nH]c2=O)OCCO4
dude_tryb1__L004672,c1cc(oc1)C(=O)N[C@H]2CO[C@H]3[C@@H]2OC[C@@H]3n4c(nnn4)Oc5ccc(cc5)n6ccnc6
dude_tryb1__L004673,c1ccc(cc1)[C@@H]2[C@H]3[C@H](N[C@@H]([C@H](C3=O)[C@H]([NH2+]2)c4ccccc4)c5ccccc5)c6ccccc6
dude_tryb1__L004674,Cc1ccc2=[NH+][C@H]([NH+]=c2c1)CNC(=O)[C@H]3[NH+]=C(NO3)Cn4c(=O)ccc(n4)c5ccc(cc5)F
dude_tryb1__L004675,CSCC[C@H](C(=O)OCC(=O)Nc1ccccc1SCC#N)NC(=O)c2ccccc2Cl
dude_tryb1__L004676,Cc1ccc(cc1C(=O)OCc2nccn2C(F)F)S(=O)(=O)NCc3ccco3
dude_tryb1__L004677,CC(=O)Cn1c(nc2c1c(=O)[nH]c(=O)n2C)CN(Cc3ccccc3)Cc4ccccc4
dude_tryb1__L004678,Cc1cc(nc(n1)/N=C(\N)/N(c2cc(ccc2OC)OC)S(=O)(=O)c3ccc(cc3)NC(=O)C)C
dude_tryb1__L004679,C=CCn1c(nnc1SCC(=O)N/N=C/c2ccccc2[N+](=O)[O-])CNc3ccc(cc3)Cl
dude_tryb1__L004680,CC(C)CNC(=O)NNC(=O)[C@H](CCSC)NC(=O)N
dude_tryb1__L004681,CCOc1cc(cc(c1OCC)I)[C@H](c2c([nH]nc2O)C)c3c(n[nH]c3O)C
dude_tryb1__L004682,Cc1c2c(=O)n(c(=O)n(c2sc1C(=O)NN)CC(=O)N3CCOCC3)CC(=O)N4CC4
dude_tryb1__L004683,COC(=O)C1=CN(NN1)[C@H]2C[C@H]([NH+](C2)Cc3ccsc3)C(=O)NCCC4=c5ccccc5=[NH+]C4
dude_tryb1__L004684,Cc1nnc(s1)NC(=O)CSc2nnc3n2nc(s3)SCC(=O)Nc4nnc(s4)C
dude_tryb1__L004685,CCn1c(c(c(n1)C)Br)C(=O)N2C[C@H](C3(C2)CC[NH2+]CC3)C(=O)NC[C@H]4COC(O4)(C)C
dude_tryb1__L004686,CC(=O)CO[C@@H]1[C@@H]([C@@H]([C@@H](O1)n2c3c(c(ncn3)N)nc2S(=O)(=O)C)OC(=O)C)OC(=O)C
dude_tryb1__L004687,CCCN([C@@H](c1ccc(c(c1)OC)O)C(=O)NCS(=O)(=O)c2ccc(cc2)C)C(=O)CCS
dude_tryb1__L004688,CCOc1cccc(c1)C(=O)NC(=S)NNC(=O)[C@H]2CC(=O)N(C2)Cc3ccco3
dude_tryb1__L004689,CCN(CC(=O)NC[C@H]1CC=CS1)C(=O)CSc2nc([nH]n2)N
dude_tryb1__L004690,CC[C@@H](C)[C@@H](C(=O)NC1[NH+]=c2ccccc2=[NH+]1)NC(=O)Cc3ccc(cc3)Cl
dude_tryb1__L004691,CC(C)COC[C@H](C[NH+](CCN1CCOCC1)Cc2[nH]c(=O)c3cc(sc3n2)C(C)C)O
dude_tryb1__L004692,CCOc1cc(cc(c1OCc2ccccc2)Br)C[NH2+]CC[NH2+]CCO
dude_tryb1__L004693,Cc1ccc2c(c1)cc(c(=O)[nH]2)[C@H](c3nnnn3CCOC)N(Cc4ccc(cc4)OC)Cc5ccco5
dude_tryb1__L004694,Cc1ccsc1[C@@H](C(=O)NC[C@H]2CCCO2)N(c3ccc4c(c3)OCO4)C(=O)Cn5c6ccccc6nn5
dude_tryb1__L004695,CC[C@H](C)CC(=O)N1C[C@@H](C2(C1)CC[NH2+]CC2)C(=O)NCCOCCO
dude_tryb1__L004696,COc1ccc(cc1OC)S(=O)(=O)CC2=C([C@@H](NC(=O)N2)c3ccc(cc3)O)C(=O)OC
dude_tryb1__L004697,Cc1ccccc1n2c(nnc2SCC(=O)c3ccc(s3)CNC(=O)C)N4CCOCC4
dude_tryb1__L004698,COC(=O)[C@@H]1CC2=C3CC=CC=C3N=C2[C@@H]4N1[C@@H](C[C@@H](C4)[NH2+]CCO)c5ccc(c(c5)F)Cl
dude_tryb1__L004699,CCOc1ccccc1CNC(=O)[C@@H]2CSC[C@@H]([NH2+]2)c3ccc(c(c3)F)F
dude_tryb1__L004700,CN1c2ccccc2[C@]3(C1=O)C(=C(C(=O)N3CC[NH+](C)C)[O-])C(=O)c4ccc5c(c4)OCCO5
dude_tryb1__L004701,Cc1ccccc1n2c(nnc2SCC(=O)NC[C@H]3COc4ccccc4O3)c5cccnc5
dude_tryb1__L004702,C[C@H]1C(=O)O[C@@H]2[C@]1([C@@]34C(=O)O[C@@H]5[C@]3(C2)[C@@]6([C@@H](C5)C(C)(C)C)[C@H](C(=O)O[C@@H]6O4)O)O
dude_tryb1__L004703,C[C@H]1[C@H]([C@@H](C[C@@H](O1)O[C@@H]2C[C@@](Cc3c2c(c4c(c3O)C(=O)c5cccc(c5C4=O)O)O)(C(=O)C)O)[NH3+])O
dude_tryb1__L004704,Cc1ccn2c(c1)nc(cc2=O)CNc3ccc(cc3)NS(=O)(=O)c4ccc5c(c4)OCCO5
dude_tryb1__L004705,c1cc(ccc1c2nc3c(ccn3CC[NH+]4CCCC4)c(n2)N5CCOCC5)NC(=O)Nc6ccncc6
dude_tryb1__L004706,CCN(CC)S(=O)(=O)c1ccc2c(c1)nc(n2C)CCC(=O)Nc3ccc(cn3)C
dude_tryb1__L004707,CCCN1C(=O)/C(=C/c2c(nc3ccc(cn3c2=O)C)N4CCNC(=O)[C@H]4CC(=O)OC)/SC1=S
dude_tryb1__L004708,CC[NH+](CC)CCN(Cc1cc2c(cc(cc2[nH]c1=O)C)C)C(=S)NCCc3ccc(c(c3)OC)OC
dude_tryb1__L004709,C[C@H]1C2=C([C@H](O[C@@H]2C)NC(=O)CN3CCN(CC3)S(=O)(=O)[C@@H]4CC=CS4)C(=O)NN1
dude_tryb1__L004710,C[C@H](C(=O)NC(=O)N)OC(=O)c1cc(ccc1Cl)S(=O)(=O)N
dude_tryb1__L004711,CCCn1c(=O)ccc(n1)C(=O)OCC(=O)Nc2c(c(c(s2)C(=O)NC)C)C(=O)OCC
dude_tryb1__L004712,CCn1c(nnc1SCC(=O)Nc2nc-3c(s2)Cc4c3cc(c(c4)OC)OC)c5ccncc5
dude_tryb1__L004713,[H]/N=C\1/C(=C/c2cc(c(c(c2)OC)OC)OC)/C(=O)N=C3N1N=C(S3)COc4ccccc4
dude_tryb1__L004714,Cc1nnc(s1)NC(=O)CSc2c3c(nc(n2)C4CCCC4)n(c(=O)n(c3=O)C)C
dude_tryb1__L004715,CC(C)[NH2+]C[C@H](COc1ccc(c2c1cccc2)O[C@H]3[C@@H]([C@@H]([C@@H]([C@@H](O3)C(=O)OC)O)O)O)O
dude_tryb1__L004716,CCCCCOc1ccc(cc1OCC)[C@H]2c3c(n[nH]c3C(=O)N2Cc4ccco4)c5c(cc(cc5O)C)C
dude_tryb1__L004717,Cc1cccc(c1)Oc2c(c(nn2C)c3ccccc3)C[NH+](Cc4ccco4)C[C@H](COCC=C)O
dude_tryb1__L004718,c1ccc(c(c1)CS(=O)(=O)c2nnc(o2)[C@@H]3CCCN3S(=O)(=O)C4=CCS(=O)(=O)C4)F
dude_tryb1__L004719,CC1(Cc2c(sc3c2c(nc(n3)SCC(=O)N(C)C)N4CC[NH+](CC4)CC(=O)N)CO1)C
dude_tryb1__L004720,c1cc(ccc1n2c(c3c(nc(nc3n2)NCC[NH+]4CCCCC4)c5ccc(c(c5)Cl)F)N)F
dude_tryb1__L004721,c1ccc2c(c1)C(=O)N(C2=O)C[C@@H](CSc3nnc(n3c4cccc(c4)Cl)N5CCCC5)O
dude_tryb1__L004722,CCCN([C@H](c1c(cc(cc1O)O)O)C(=O)NC(C)(C)CC(C)(C)C)C(=O)CCc2ccc(cc2)OC
dude_tryb1__L004723,Cc1ccc(cc1)S(=O)(=O)Nc2ccc(c(c2)C(=O)NCC(C)C)N3CC[NH2+]CC3
dude_tryb1__L004724,Cc1c(c(n(n1)c2ccccc2)C)[C@H]3C(=O)NCC[NH+]3Cc4[nH]c(=O)c5cc(c(cc5n4)OC)OC
dude_tryb1__L004725,CCCCNC(=O)[C@@H](c1ccc(cc1)C(F)(F)F)N(Cc2ccco2)C(=O)c3c(cccc3O)O
dude_tryb1__L004726,CC[C@]1(C(=O)N(C(=O)N1)CC(=O)N(Cc2cnn(c2)C)C(C)C)c3ccccc3
dude_tryb1__L004727,CCn1c(nnc1S[C@@H](C)C(=O)/N=C\2/NCCS2)[C@@H](CCSC)NC(=O)c3ccc(cc3)OC
dude_tryb1__L004728,C[C@@H](C(=O)NC1CC([NH2+]C(C1)(C)C)(C)C)Oc2ccc(cc2Br)Cl
dude_tryb1__L004729,CC(=O)OC[C@H]1[C@@H]([C@@H]([C@@H]([C@@H](O1)OC(=O)C)NC(=O)c2ccc(cc2Cl)Cl)OC(=O)C)OC(=O)C
dude_tryb1__L004730,Cc1ccc(cc1)S(=O)(=O)CNC(=O)[C@@H](c2ccccc2O)N(Cc3ccco3)C(=O)c4ccccc4
dude_tryb1__L004731,Cc1c(scn1)CCn2c3c(c(n2)C(=O)NC4CC4)CN(CC3)C(=O)c5cn6ccccc6n5
dude_tryb1__L004732,c1ccc2=[NH+]CC(=c2c1)C[C@@H](COc3cc(cnc3)c4ccc5c(c4)[C@H](C(=O)N5)c6[nH]cc[nH+]6)[NH3+]
dude_tryb1__L004733,c1c(nc(=O)n(n1)[C@H]2[C@@H]([C@@H]([C@@H](O2)CO)O)O)NCC(=O)N
dude_tryb1__L004734,CC(=O)N[C@H]1[C@H]([C@@H]([C@@H](O[C@@H]1OCCSCCC(=O)OC)CO)O[C@@H]2[C@@H]([C@@H]([C@@H]([C@@H](O2)CO)O)O)O)O
dude_tryb1__L004735,C[C@H](COC)NC(=O)N[C@@H](Cc1c[nH+]c[nH]1)C(=O)[O-]
dude_tryb1__L004736,CC(=O)N[C@@H](C(=O)N[C@@H]1[C@@H]([C@@H]([C@@H]([C@@H](O1)CO)O)O)O)C(C)(C)SN=O
dude_tryb1__L004737,CCC[NH2+]C[C@H](CNc1ccc(c2c1C(=O)c3ccccc3C2=O)NC[C@H](C[NH2+]CCC)O)O
dude_tryb1__L004738,CCC[NH2+][C@@](C)(CC[NH+](CC(C)C)CC(C)C)C(=O)N
dude_tryb1__L004739,Cc1ccc(cc1C)S(=O)(=O)[C@@H](CNC(=O)C(=O)N[C@@H]2CCS(=O)(=O)C2)c3ccco3
dude_tryb1__L004740,C[NH+](C)CCOc1ccc(cc1)[C@@H](C[NH3+])N(C)c2ccc(cc2)O
dude_tryb1__L004741,Cc1cc(c(o1)C)c2cc(c3cnn(c3n2)C(C)C)C(=O)O[C@@H](C)C(=O)N[C@@](C)(C#N)C(C)C
dude_tryb1__L004742,c1cc(cc(c1)[N+](=O)[O-])/C=N/N=C/2\NC(=O)[C@H](S2)CC(=O)Nc3ccc(cc3)Br
dude_tryb1__L004743,CCCN1C(=O)c2cc(nn2C[C@@]1(C)C(=O)NC3CCCC3)C(=O)NCCN4CC[NH+](CC4)CC
dude_tryb1__L004744,CC(=O)N[C@H]1[C@H]([C@@H]([C@@H](O[C@H]1OCc2cccc(c2)Br)COC(=O)C)OC(=O)C)OC(=O)C
dude_tryb1__L004745,CC(C)CC(=O)c1c(cc(cc1O[C@H]2[C@@H]([C@@H]([C@@H]([C@@H](O2)COC(=O)c3cc(c(c(c3)O)O)O)O)O)O)O)O
dude_tryb1__L004746,C[C@@H](C[NH+]1CCCCC1)NC(=O)N[C@H]([C@@H](C)O)C(=O)[O-]
dude_tryb1__L004747,c1cc(cnc1)[C@@H](CNS(=O)(=O)c2ccc3c(c2)OCCO3)S(=O)(=O)c4ccc(cc4)Cl
dude_tryb1__L004748,CCCCCCN([C@@H](c1ccc(c(c1)OC)O)C(=O)NCCCC)C(=O)c2cc(cc(c2)[N+](=O)[O-])[N+](=O)[O-]
dude_tryb1__L004749,COc1ccc(cc1I)/C=N\NC(=O)c2cc(c(c(c2[N+](=O)[O-])OC)OC)OC
dude_tryb1__L004750,CC(C)[NH+](CCNC(=O)N[C@H](CO)C(=O)[O-])C(C)C
dude_tryb1__L004751,CSc1ccc(cc1)/C=C\2/C(=O)N(C(=O)S2)CCNC(=O)Cn3c4ccccc4oc3=O
dude_tryb1__L004752,OC(=O)CCN(C(=O)CNC(=O)OCN2C(=O)c1ccccc1S2(=O)=O)C(=O)OCc3ccccc3
dude_tryb1__L004753,CC(=O)N[C@H]1[C@H]([C@H]([C@H](O[C@@H]1OC(=O)c2ccccc2)CO)O[C@H]3[C@H]([C@@H]([C@@H](O3)[C@H](CO)O)O)O)O
dude_tryb1__L004754,c1cc(ccc1c2cc(=O)c3c(cc(cc3o2)O[C@H]4[C@@H]([C@H]([C@@H]([C@H](O4)CO)O)O)O[C@H]5[C@@H]([C@@](CO5)(CO)O)O)O)O
dude_tryb1__L004755,CC[C@@H]([C@H](c1cc(cs1)Br)[NH+](C)C[C@@H](C)O)[NH3+]
dude_tryb1__L004756,CCCOc1ccccc1C(=O)NC(=S)NNC(=O)COc2ccc(cc2Br)C(C)C
dude_tryb1__L004757,Cc1c(c(n(n1)c2ccccc2)Oc3cccc(c3)F)C[NH+](C[C@@H](COCC=C)O)CC(C)C
dude_tryb1__L004758,CC[NH+]1CCN(CC1)c2ccc(cc2NC(=S)NC(=O)c3ccc4c(c3)OCCO4)C(=O)OC
dude_tryb1__L004759,CCN(CC)S(=O)(=O)c1ccc(c(c1)NC(=O)c2c(c(c(c(c2F)F)F)F)F)N3CCOCC3
dude_tryb1__L004760,CCN(CC)S(=O)(=O)c1cc(n(c1)C)C(=O)NNC(=O)NCCCOC
dude_tryb1__L004761,CC(=O)Nc1ccc(cc1)S(=O)(=O)N(C)CC(=O)Nc2cc(ccc2N3CCOCC3)C(F)(F)F
dude_tryb1__L004762,Cc1cc(nc(n1)NS(=O)(=O)c2ccc(cc2)/N=C/c3cc(c(c(c3)OC)OC)OC)C
dude_tryb1__L004763,CC[C@@H]([C@H](c1cc(cs1)Br)N(CC[NH+](C)C)CC(C)C)[NH3+]
dude_tryb1__L004764,c1cc(cc(c1)Cl)NC(=S)NC[C@H]2C[C@@H]3CC[NH+]2C[C@@H]3C[NH+]4CCN(CC4)c5ccc(cc5)F
dude_tryb1__L004765,CC(C)[NH+](Cc1[nH]c(=O)c2c(csc2n1)c3ccccc3OC)C[C@@H](COCC#C)O
dude_tryb1__L004766,CCOc1ccc(cc1)O[C@H](C)C(=O)NNC(=O)[C@@H]2CC(=O)N(C2)c3ccc4c(c3)OCCO4
dude_tryb1__L004767,Cc2onc(c1ccccc1)c2C(=O)N5CCN(C(=O)N4[C@H](C(O)=O)[C@@H](CC3CCNCC3)C4=O)CC5
dude_tryb1__L004768,Cn1c(c(c(n1)c2ccccc2)C[NH+](C[C@H](COCC=C)O)C3CC3)Oc4ccc(cc4)Cl
dude_tryb1__L004769,CN(C)S(=O)(=O)c1ccc(cc1)C(=O)Nc2ccc(cc2)S(=O)(=O)N[C@H]3CCS(=O)(=O)C3
dude_tryb1__L004770,C[C@H]([C@@H](C(=O)OCC(=O)[C@@H]1C=CC=N1)NS(=O)(=O)c2ccc(c(c2)Cl)Cl)O
dude_tryb1__L004771,CC(C)n1ccc(n1)c2nnc(o2)NC(=O)c3ccc(cc3)S(=O)(=O)N4CCOCC4
dude_tryb1__L004772,CCOc1ccc(cc1)[C@H](C(=O)NC2CCCC2)N(C3CCCC3)C(=O)c4c(c(ns4)C(=O)N)N
dude_tryb1__L004773,c1ccc2c(c1)nnn2CC(=O)N(Cc3cccs3)[C@H](c4ccncc4)C(=O)NCc5ccco5
dude_tryb1__L004774,CCc1ccc(cc1)OCc2nnc(n2CC(C)C)S[C@H](C)C(=O)Nc3ccc(cc3)C(=O)N
dude_tryb1__L004775,C[C@H]1CCCC[NH+]1CCNC(=O)C(=O)Nc2cc(c(cc2F)F)NC(=O)C
dude_tryb1__L004776,CCOc1ccc(cc1)N2C(=O)/C(=C/N[C@@H](CC3=c4ccccc4=[NH+]C3)C(=O)OC)/C(=O)NC2=O
dude_tryb1__L004777,CCC[NH+]1CCc2c(sc(c2C(=O)N)NC(=O)c3ccc(cc3)S(=O)(=O)N4C[C@H](C[C@@H](C4)C)C)C1
dude_tryb1__L004778,CC[C@H]([C@@H](c1cc(cs1)Br)[NH+](C)CC(=O)N(CC)CC)[NH3+]
dude_tryb1__L004779,C[C@@H](C(=O)[O-])n1cc(c(=O)cc1C[NH+](CCO)CCO)O
dude_tryb1__L004780,CC(C)CN1[C@H](C(=C(NC1=O)[O-])C(=O)CSc2[nH]nc(n2)C3CC3)[NH3+]
dude_tryb1__L004781,Cc1ccc(cc1)C(=O)N[C@H](C(Cl)(Cl)Cl)NC(=S)Nc2c(c3c(s2)CCCC3)C(=O)N
dude_tryb1__L004782,C[C@H](C(=O)Nc1ccc(cc1)S(=O)(=O)N)Sc2nnc(n2c3ccccc3)c4c[nH]c5c4cccc5
dude_tryb1__L004783,COc1ccc(cc1S(=O)(=O)N(CC(=O)N)CC(=O)N)Br
dude_tryb1__L004784,COc1ccc2c(c1)OC3(CC[NH+](CC3)C[C@H](c4ccc(cc4)c5ccccc5)O)C[C@H]2O
dude_tryb1__L004785,COc1ccc(c(c1)/C=N/Nc2nnc(n2N)SCC(=O)Nc3cc(cc(c3)OC)OC)O
dude_tryb1__L004786,CC[NH+]1CCC[C@H](C1)NC(=O)NNC(=O)c2csc(n2)N3CCOCC3
dude_tryb1__L004787,Cc1ccccc1N2C[C@@H]([C@@H](N2)c3ccc(c(c3)F)OC)C[NH2+]CCSc4cnn[nH]4
dude_tryb1__L004788,Cc1c(sc(=S)n1C)NC(=O)OCCOc2nc(nc(n2)C(C)C)C(C)C
dude_tryb1__L004789,c1cc(sc1)CN(Cc2cc3cc4c(cc3[nH]c2=O)OCCO4)C(=S)NCCCN5CCOCC5
dude_tryb1__L004790,CC1(Cc2c(sc(c2C(=O)[O-])NC(=O)C(=O)NCC[NH3+])CO1)C
dude_tryb1__L004791,CCNP1(=NP(=NP(=NP(=N1)(NCC)NCC)(NCC)NCC)(NCC)NCC)NCC
dude_tryb1__L004792,Cc1ccc(c(c1)OCc2nnc(n2N)S[C@H](C)C(=O)NC(=O)N)C(C)C
dude_tryb1__L004793,CC(C)CC(=O)NC(=S)Nc1ccc(cc1)Oc2ccc(cc2)NC(=S)NC(=O)CC(C)C
dude_tryb1__L004794,c1ccc2c(c1)c(n[nH]2)C[C@@H](COc3cc(cnc3)c4ccc5cnccc5c4)[NH3+]
dude_tryb1__L004795,Cn1c2c(c(=O)[nH]c1=O)n(c(n2)N3CCN(CC3)C(=O)c4ccco4)CCSc5ccc(cc5)Cl
dude_tryb1__L004796,Cc1c(c(n[nH]1)C)S(=O)(=O)N2CCN(CC2)S(=O)(=O)c3ccc4c(c3)OCCO4
dude_tryb1__L004797,CCOC(=O)c1c(c(sc1N[C@@H](c2cc(c(c(c2)Br)O)OC)O)C(=O)OCC)C
dude_tryb1__L004798,NC(=N)NCCC[C@@H]2[C@@H](C(O)=O)N(C(=O)c1cccs1)C2=O
dude_tryb1__L004799,c1ccc(c(c1)C[C@@H]2C(=O)N[C@H](CS2)C(=O)NC[C@H](c3ccccc3Cl)[NH+]4CCCC4)F
dude_tryb1__L004800,Cc1c2c(cnc(n2)c3cc(cnc3c4ccoc4)OC[C@H](CC5=c6ccccc6=[NH+]C5)[NH3+])[nH]n1
dude_tryb1__L004801,CS(=O)(=O)Nc1ccc(cc1)CC2=NO[C@H](N2)C3=CC4=C(C=N[C@@H]4C=C3)CC[NH3+]
dude_tryb1__L004802,OC(=O)[C@@H]2[C@@H](CC1CCNCC1)C(=O)N2C(=O)N5CCN(C(=O)c3ccccc3Oc4ccccc4)CC5
dude_tryb1__L004803,Cc1cc(nc(n1)[N-]S(=O)(=O)c2ccc(cc2)N3C(=O)C[C@H](C3=O)SCC[NH3+])C
dude_tryb1__L004804,c1cc(ccc1NC(=O)[C@@H]2CCCN(C2)S(=O)(=O)[C@@H]3C=C[C@@H](O3)[C@@H]4C=CN=N4)N5CCOCC5
dude_tryb1__L004805,Cc1cc(c(n1C2CC2)C)C(=O)COC(=O)CNS(=O)(=O)c3ccc(c(c3)[N+](=O)[O-])NC
dude_tryb1__L004806,CCOc1cc(ccc1O)/C=N/Nc2nnc(n2N)SCC(=O)Nc3c(c4c(s3)CCCC4)C#N
dude_tryb1__L004807,COc1ccc(cc1)NC(=S)N(CCCN2CCOCC2)Cc3cc4ccc(cc4[nH]c3=O)OC
dude_tryb1__L004808,Cc1ccc(cc1Cl)N2C(=O)[C@H]3[C@@H]([NH2+][C@@]([C@@H]3C2=O)(CO)C(=O)[O-])c4cccc(c4)OC(F)(F)F
dude_tryb1__L004809,Cc1cc(ccc1OC(C)C)C(=O)C2=C(C(=O)N([C@H]2c3ccc(cc3)[N+](=O)[O-])CC[NH+](C)C)[O-]
dude_tryb1__L004810,Cc1c(sc(n1)C)C(=O)C2=C(C(=O)N([C@@H]2c3cccc(c3)OCCC(C)C)CCCn4cc[nH+]c4)[O-]
dude_tryb1__L004811,COc1cc(c(cc1Nc2c(c(nc[nH+]2)N(Cc3ccccc3)c4ccccn4)N)Cl)OC
dude_tryb1__L004812,Cc1nnc(o1)CSc2nnc(s2)NC(=O)CSc3nnc(n3c4ccccc4)C5CCC5
dude_tryb1__L004813,c1cc(cnc1)[C@H](CNS(=O)(=O)c2ccc3c(c2)oc(=O)[nH]3)S(=O)(=O)c4ccc5c(c4)OCO5
dude_tryb1__L004814,c1ccc2c(c1)CCO[C@@H]2CNC(=O)[C@H]3CN(CC34CC[NH2+]CC4)C(=O)c5cccc(c5Cl)Cl
dude_tryb1__L004815,C[C@@H]([C@H]1[C@@H]2[C@@H](C(=O)N(C2=O)CCOC)[C@@]3(N1)c4ccccc4NC3=O)O
dude_tryb1__L004816,[H]/N=C(/NCCC[C@H](C(=O)[O-])[NH3+])\NS(=O)(=O)c1c(c(c2c(c1C)CC(O2)(C)C)C)C
dude_tryb1__L004817,c1ccc2=[NH+]CC(=c2c1)C[C@@H](C(=O)NNC(=O)c3ccco3)NS(=O)(=O)c4ccc(cc4)Cl
dude_tryb1__L004818,Cc1c(sc(n1)S[C@H](C)C(=O)Nc2ccc(cc2)S(=O)(=O)[N-]c3ncccn3)CC(=O)N
dude_tryb1__L004819,c1cc(oc1)[C@H](CNC(=O)NCc2cc(cs2)Br)[NH+]3CCCCC3
dude_tryb1__L004820,CC(C)[C@@H](C(=O)[O-])NC(=O)C[C@@H](CNC(=O)[C@@H]1CSC[NH2+]1)c2ccc(cc2)Cl
dude_tryb1__L004821,C[C@H](C[NH2+]CCNc1ccc(c2c1C(=O)c3c(ccc(c3C2=O)O)O)NCC[NH2+]C[C@@H](C)O)O
dude_tryb1__L004822,c1ccc(cc1)n2c(c(cn2)C#N)NC(=O)CN3CCN(CC3)S(=O)(=O)c4ccccc4[N+](=O)[O-]
dude_tryb1__L004823,c1cc(c(cc1[N+](=O)[O-])CN(CC(=O)N)CC(=O)N)N
dude_tryb1__L004824,C[C@@]12CC[C@H]([C@@]([C@H]1Cc3c(nc(s3)NC(=O)OCC=C)[C@H]2CC(=O)NCC[NH+](C)C)(C)CO)O
dude_tryb1__L004825,C[C@@H](c1ccc(cc1)S(=O)(=O)N)NC(=O)C[NH+]2CCCCC[C@@H]2c3ccc(cc3)OC
dude_tryb1__L004826,CC1(Cc2c(sc(c2C(=O)N)NC(=O)C(=O)NCCOC)CO1)C
dude_tryb1__L004827,COc1ccc(cc1)/C=C/C[NH+]2CCc3nnc(n3CC2)CNC(=O)[C@H]4CCC(=O)N4
dude_tryb1__L004828,CCC[C@@H](C(=O)N1CCc2c(ccs2)C1)NC(=O)CCc3c(nc4c(cnn4c3C)C#N)C
dude_tryb1__L004829,CN(C)c1c2c(ncn1)n(cn2)[C@@H]3CC[C@@H]([C@H]3O)NC(=O)[C@@H](Cc4ccc(cc4)OC)N
dude_tryb1__L004830,CNC(=O)[C@H]1CN(c2ccccc2O1)C(=O)COC(=O)c3ccc(c(c3)S(=O)(=O)N(C)C)Cl
dude_tryb1__L004831,c1cc(c(cc1Cl)Cl)CS(=O)(=O)c2nnc(o2)CNS(=O)(=O)C3=CCS(=O)(=O)C3
dude_tryb1__L004832,CCCCn1c(c(c(=O)[nH]c1=O)N(CC(C)C)C(=O)c2ccc(cc2)N3C(=O)CCC3=O)N
dude_tryb1__L004833,COc1cc(ccc1O[C@H]2[C@H]([C@@H]([C@@H]([C@@H](O2)CO)O)O)O)[C@@H]3[C@H](c4cc(cc(c4O3)O)CCCO)CO
dude_tryb1__L004834,Cc1ccc(nc1)NS(=O)(=O)c2ccc3c(c2)c(=O)n(c(=O)n3C)CC(=O)N4CCCCCC4
dude_tryb1__L004835,c1cc(ccc1[C@@H]2CC(=O)c3c(cc(cc3O2)O[C@H]4[C@@H]([C@@H]([C@@H]([C@@H](O4)CO)O)O)O)O)O
dude_tryb1__L004836,C[C@@H]1CCCC[NH+]1Cc2ccccc2CNC(=O)C[C@@H]3C(=O)Nc4ccccc4S3
dude_tryb1__L004837,Cc1cc(c(cc1Br)C(C)C)OCC(=O)NC(=S)NNC(=O)c2ccc(cc2)[N+](=O)[O-]
dude_tryb1__L004838,CCCCCCOc1ccccc1C(=O)NC(=S)Nc2ccc(cc2)S(=O)(=O)N[C@H](C)CC
dude_tryb1__L004839,CCCSc1nc2ccc(cc2s1)NC(=O)CSc3nc([nH]n3)N/N=C/c4cn(nc4C)C
dude_tryb1__L004840,CC1(CC(CC(C1)(C)C)NC(=O)C[C@H]2C(=O)NCC[NH+]2Cc3cccs3)C
dude_tryb1__L004841,Cc1cc(n2c(n1)nc(n2)C(=O)NN3C(=O)C(NC3=O)(c4ccccc4)c5ccccc5)C
dude_tryb1__L004842,Cc1cccc(c1OCC(=O)NNC(=S)NC(=O)c2cc(ccc2OCCOC)Br)C
dude_tryb1__L004843,Cc1cc(c(c(c1)C)S(=O)(=O)NCCC(=O)N2CCN(CC2)c3cc(nc(n3)C(C)C)C)C
dude_tryb1__L004844,Cc1ccc(cc1)NS(=O)(=O)c2ccc(c(c2)C(=O)N[C@H](C)C[NH+]3CCC[C@@H](C3)C)C
dude_tryb1__L004845,CC(C)(C)c1nc(cs1)C[NH2+]CC(=O)Nc2ccc(cc2)Br
dude_tryb1__L004846,CCc1cc(c(s1)NC(=O)CSc2nnc(n2N)c3ccc(cc3)OC(F)F)C(=O)OCC
dude_tryb1__L004847,Cn1cc(cc1C(=O)N)S(=O)(=O)N2CCN(CC2)Cn3c(=S)n(c(n3)C4CC4)CC=C
dude_tryb1__L004848,C[C@@H](COC)Nc1cc2c([nH+]c1)N([C@@H]([C@@H]2NC(=O)CCOC)C(=O)OC)CCC3=c4ccccc4=[NH+]C3
dude_tryb1__L004849,Cc1ccc(o1)C[NH2+]Cc2cccc(c2)OC[C@H](C[NH+]3CCOCC3)O
dude_tryb1__L004850,C[C@@H](C(=O)NNC(=O)CN(C)S(=O)(=O)c1cccnc1)Oc2cccc(c2)Br
dude_tryb1__L004851,CCCn1c(=O)[nH]nc1SCC(=O)N2[C@H](CC(=N2)c3ccc(cc3)Cl)c4ccco4
dude_tryb1__L004852,CCC[NH2+][C@@](C)(CCN(C)[C@@H]1CCC[NH+](C1)C)C(=O)N
dude_tryb1__L004853,c1ccc(cc1)CC(=NNc2[nH]nc(n2)SCCC(=O)Nc3ccccc3[N+](=O)[O-])Cc4ccccc4
dude_tryb1__L004854,CCCCNC(=O)[C@@H](c1ccc(c(c1)OC)O)N(Cc2ccco2)C(=O)c3ccc(cc3)[N+](=O)[O-]
dude_tryb1__L004855,CCOc1ccc(cc1)c2nnc(n2CC(=O)[O-])SCC(=O)Nc3ccc(cc3)S(=O)(=O)C
dude_tryb1__L004856,CC[C@@H](c1ccc2c(c1)OCCO2)NC(=O)CN(C)S(=O)(=O)c3ccc4c(c3)OCCO4
dude_tryb1__L004857,c1cc(c(cc1N[C@H]2[C@H]([C@@H]([C@@H]([C@@H](O2)CO)O[C@@H]3[C@@H]([C@@H]([C@@H]([C@@H](O3)CO)O)O)O)O)O)[N+](=O)[O-])Cl
dude_tryb1__L004858,Cc1cccc2c1[nH]c(=O)c(c2)[C@H](c3nnnn3C4CCCC4)N(Cc5ccco5)C[C@@H]6CCCO6
dude_tryb1__L004859,C[C@@H]1CCC[C@@](C1)(C(=O)[O-])NC(=O)NCC[NH+](C)C2CC2
dude_tryb1__L004860,CC(C)[NH+]1CCc2c(sc3c2C(=N[C@@H](N3)c4ccc(o4)c5ccc(cc5)Cl)O)C1
dude_tryb1__L004861,Cc1ccc(cc1C)S(=O)(=O)[C@@H](CNC(=O)C(=O)N2CCN(CC2)C=O)c3ccco3
dude_tryb1__L004862,CCOC(=O)/C=C/c1ccc(cc1)NC(=O)c2cccc(c2)S(=O)(=O)N[C@@H]3CCS(=O)(=O)C3
dude_tryb1__L004863,c1cc(cc(c1)S(=O)(=O)Nc2ccc3c(c2)OCCO3)S(=O)(=O)[C@H]4CCS(=O)(=O)C4
dude_tryb1__L004864,CC(C)Cn1c(c(c(=O)n(c1=O)C)C(=O)COC(=O)[C@H]2CC(=O)N(C2)c3ccccc3OC)N
dude_tryb1__L004865,C/C=C\[C@@H](C(=O)NCS(=O)(=O)c1ccc(cc1)C)N(Cc2ccco2)C(=O)c3c(cccc3O)O
dude_tryb1__L004866,NC(=N)NCCC[C@@H]2[C@@H](C(O)=O)N(C(=O)NCc1ccccc1)C2=O
dude_tryb1__L004867,CC(=O)Nc1ccc(cc1)S(=O)(=O)NC[C@H](c2ccc(cc2)N(C)C)S(=O)(=O)c3cccs3
dude_tryb1__L004868,Cc1ccc(cc1)O[C@H](C)CNC(=O)[C@@H]2CN(CC23CC[NH2+]CC3)C(=O)c4ccc(c(c4F)F)C
dude_tryb1__L004869,C[C@H](c1nncn1C)NC(=O)C2CCN(CC2)S(=O)(=O)c3cccc(c3)OC(F)(F)F
dude_tryb1__L004870,OC(=O)[C@@H]2[C@@H](CC1CCNCC1)C(=O)N2C(=O)N5CCN(C(=O)Cc4cccc(Oc3ccccc3)c4)CC5
dude_tryb1__L004871,[H]/N=c\1/c(=C\c2cc(n(c2C)c3ccc(cc3)C)C)/c(=O)nc-4s/c(=C/C(=O)N5CCCCC5)/[nH]n14
dude_tryb1__L004872,c1cc(ccc1NCCCNC(=S)NC(=O)COc2ccc(cc2)Br)[N+](=O)[O-]
dude_tryb1__L004873,CC/C(=N\Nc1[nH]nc(n1)SCC(=O)Nc2nnc(s2)SCc3nnc(o3)C)/c4ccccc4
dude_tryb1__L004874,CCN(Cc1ccc(c(c1)F)OC)C(=O)COC(=O)c2c(c([nH]c2C)C(=O)OCC)C
dude_tryb1__L004875,C=CCN1C(=O)/C(=C/c2c(nc3ccccn3c2=O)N4CCN(CC4)CCO)/SC1=S
dude_tryb1__L004876,CCOc1ccc(cc1OCC)[C@H](C)NC(=O)[C@@H](C(C)C)NC(=O)c2cc(cc(c2)OC)OC
dude_tryb1__L004877,COc1ccc(cc1)N(CCC(=O)N)CC(=O)Nc2nc(cs2)C3=c4ccccc4=[NH+]C3
dude_tryb1__L004878,CC[C@H](C)[C@H](C(=O)N[C@@H](Cc1cnc[nH]1)C(=O)N[C@@H](CC(=O)N)C(=O)[O-])NC(=O)[C@@H](C(C)C)[NH3+]
dude_tryb1__L004879,Cc1c(c(n2c(n1)nc(n2)SCC(=O)N[C@H](c3ccc4c(c3)OCCCO4)C(C)C)C)CC(=O)[O-]
dude_tryb1__L004880,CCCOc1ccc(cc1C(=O)NC(=S)Nc2ccccc2C(=O)NCc3ccco3)Br
dude_tryb1__L004881,Cc1cc2c(c(=O)n1CCCN3CCOCC3)[C@]4(c5ccccc5N(C4=O)CC=C)C(=C(O2)N)C#N
dude_tryb1__L004882,C[C@H]1Cc2cc(ccc2N1C(=O)COC(=O)Cc3cc(c(c(c3)OC)OC)OC)S(=O)(=O)N
dude_tryb1__L004883,C[C@@H]([C@]1([C@@H]2[C@@H]([C@@H]([NH2+]1)c3cccc(c3)C(F)(F)F)C(=O)N(C2=O)c4cccc(c4)[N+](=O)[O-])C(=O)[O-])O
dude_tryb1__L004884,CC[C@H](C)N([C@H]1CCS(=O)(=O)C1)C(=O)CSc2nnc(n2CC(=O)[O-])c3ccc(cc3)OC
dude_tryb1__L004885,CCOCCOc1nc(n(n1)c2ccc(cc2)NC[C@H](COc3ccccc3)O)c4ccc(cc4)C
dude_tryb1__L004886,C[C@@]1(c2cccc(c2C(=O)[C@@H]3[C@@H]1[C@@H]([C@H]4CC(=O)C(=C([C@@H]4C3=O)[O-])C(=O)N)O)O)O
dude_tryb1__L004887,Cc1c2cnn(c2nc(c1CCC(=O)Nc3ccc(cc3)C(=O)c4nccn4C)C)C(C)C
dude_tryb1__L004888,c1cc(c(cc1N2C[C@@H](OC2=O)Cn3ccnn3)F)c4ccc(nc4)C5([C@H]6[C@@H]5C[NH2+]C6)C[NH3+]
dude_tryb1__L004889,C[C@H](c1nnc(o1)C2CCC2)Sc3nc([nH]n3)N/N=C/c4cc(c(c(c4)OC)OC)OC
dude_tryb1__L004890,c1ccc(cc1)CNC2=[NH+][P@@](=S)(Nc3c2n4c([nH+]3)CCC4)NCc5ccccc5
dude_tryb1__L004891,c1cc(ccc1C(=O)N/N=C(\c2c(=O)[nH]c3ccc(cc3n2)Cl)/[C@@H]([C@@H](CO)O)O)O
dude_tryb1__L004892,CCCCn1c(c(c(=O)[nH]c1=O)N(CCC(C)C)C(=O)CCSc2ccc(cc2)OC)N
dude_tryb1__L004893,C[C@H](C(=O)NNC(=O)c1cc(cn1C)Br)NC(=O)N
dude_tryb1__L004894,CCCn1c2ccc(cc2nc1CCC(=O)Nc3c(cc(cc3C)C)C)S(=O)(=O)N4CCOCC4
dude_tryb1__L004895,c1cc(sc1)c2cc(nc(n2)NC(=[NH2+])Nc3ccc(cc3)Br)C(F)(F)F
dude_tryb1__L004896,Cc1cccc(c1NC(=O)c2cnc(s2)Nc3cccc([nH+]3)NCCCN4CCOCC4)Cl
dude_tryb1__L004897,CCS(=O)(=O)c1ccc(c(c1)NC(=O)/C=C/c2ccccc2)OCc3cc(=O)n4c(n3)cc(o4)C
dude_tryb1__L004898,CCOCCCn1c(nnc1SCC(=O)NC(=O)NCc2ccco2)c3ccncc3
dude_tryb1__L004899,Cc1c(c(=O)oc2c1cc(c(c2)O[C@@H](C)C(=O)NC3CC([NH2+]C(C3)(C)C)(C)C)Cl)C
dude_tryb1__L004900,COc1cc(ccc1O[C@H]2[C@@H]([C@@H]([C@@H]([C@@H](O2)CO)O)O)O)/C=C/CO
dude_tryb1__L004901,CN(C)c1ccc(cc1NC(=O)C2=NN(C(=O)CC2)[C@@H]3CCS(=O)(=O)C3)S(=O)(=O)N(C)C
dude_tryb1__L004902,c1cc(ccc1C[NH+](CC(=O)c2c(n(c(=O)[nH]c2=O)C3CC3)N)C4CCCCC4)F
dude_tryb1__L004903,NCc3ccc(CNC(=O)CCC(=O)NCc2ccc(CNC(=O)CCC(=O)NCc1ccc(CN)cc1)cc2)cc3
dude_tryb1__L004904,CC(C)(C)c1cc(cc(c1O)C(C)(C)C)[C@H]2CSC[C@H]([NH2+]2)C(=O)NCc3cccc(c3)C(F)(F)F
dude_tryb1__L004905,C[NH+]1CCN(CC1)c2nc3c(ncnc3n2[C@H]4[C@H]([C@@H]([C@H](O4)CO)O)O)N
dude_tryb1__L004906,CCCCCN(CC(=O)NCc1ccccc1OC(F)(F)F)c2c(n(c(=O)[nH]c2=O)CCCC)N
dude_tryb1__L004907,Cc1ccccc1C(=O)Nc2ccc(cc2)C(=O)NNC(=S)NC(=O)/C=C/c3cccc(c3)[N+](=O)[O-]
dude_tryb1__L004908,[H]/N=C\1/C(=C\c2ccc(c(c2)OC)OCc3cc(=O)n4c(n3)sc(n4)C)/C(=O)N=C5N1N=CS5
dude_tryb1__L004909,COc1ccc(c(c1)OC)Nc2c(c(ncn2)N3CC[NH+](CC3)Cc4ccccc4)N
dude_tryb1__L004910,C[NH+](C)CCNc1nc(c2c(n(nc2n1)c3ccccc3)N)c4ccc(c(c4)OC)OC
dude_tryb1__L004911,CCCCCC[n+]1c(c(cc2c1nc3c(cccn3c2=O)C)C(=O)NCCCN4CCOCC4)N
dude_tryb1__L004912,CC(C)[C@@H](c1nnc(o1)S(=O)(=O)Cc2ccccc2)NS(=O)(=O)Cc3ccc(cc3)Cl
dude_tryb1__L004913,CC[C@H](C)[NH+](C)CCNC(=O)NC[C@@H](c1ccsc1)[NH+](C)C
dude_tryb1__L004914,CCCCCCN([C@@H](c1cccc(c1)O)C(=O)NCCCC)C(=O)c2cc(ccc2[O-])[N+](=O)[O-]
dude_tryb1__L004915,c1cc2nnc(n2nc1NCCCN3CCCC3=O)CCC(=O)N4CCC5(CC4)OCCO5
dude_tryb1__L004916,C[C@@]1([C@@H](O[C@@]([C@]([C@]1(C)O)(C)O)(C)O[C@@]2([C@H](O[C@]([C@@]([C@]2(C)O)(C)O)(C)O)CO)C)CO)O
dude_tryb1__L004917,COc1cc(ccc1O)C[C@H](CO)[C@@H](Cc2ccc(c(c2)OC)O)CO[C@H]3[C@H]([C@@H]([C@@H]([C@@H](O3)CO)O)O)O
dude_tryb1__L004918,Cc1cc(c(c(c1)C)NC(=O)CN(C)C(=O)c2cc(ccc2Cl)S(=O)(=O)N3CCOCC3)C
dude_tryb1__L004919,c1ccc(cc1)S(=O)(=O)c2cc(ccc2N3CC[NH2+][C@@H](C3)c4ccccc4O)c5ccccc5O
dude_tryb1__L004920,COc1cc(cc(c1)OC)Nc2ncc3c(n2)CCN(C3)Cc4cc(c(c(c4)OC)OC)OC
dude_tryb1__L004921,Cc1ccccc1C[NH2+]Cc2cc(ccc2OC[C@H](C[NH+]3CCC(CC3)O)O)OC
dude_tryb1__L004922,CCO[C@@H]1C[NH+](CCN1)[C@@H](C[N-]S(=O)(=O)Oc2ccccc2)c3ccc(cc3)S(=O)(=O)C(C)C
dude_tryb1__L004923,CCn1cc(c(=O)c2c1cc(c(c2)F)N3CCN(CC3)C(=O)C)C(=O)NCc4nnc5n4cccc5
dude_tryb1__L004924,Cc1ccc(cc1)N2C[C@H](CC2=O)C(=O)OCC(=O)c3c(n(c(=O)n(c3=O)C)CC(C)C)N
dude_tryb1__L004925,CC(=O)O[C@H]1[C@H]2[C@@H]([C@@H](C(=O)O2)OC(=O)C)O[C@@H]1n3cc(c(=O)[nH]c3=O)Br
dude_tryb1__L004926,C[C@H]1CCCC[C@H]1OCCNC(=O)Nc2cc(ccc2N3CC[NH+](CC3)C)C(F)(F)F
dude_tryb1__L004927,CCOc1ccc(cc1)Nc2c(c(c(c3n2ncc3)C#N)NCCC[NH2+]C4CCCCC4)C
dude_tryb1__L004928,Cc1c(c2c(cn1)CN(CC2)C(=O)C3(CC3)c4ccc(cc4)Cl)CNC(=O)Cn5ccnc5
dude_tryb1__L004929,Cc1cc(no1)NC(=O)CSc2c3c(nc(n2)C4CCCC4)n(c(=O)n(c3=O)C)C
dude_tryb1__L004930,CC(C)c1ccc(cc1)S(=O)(=O)[C@H](CNC(=O)C(=O)NCCN2CCOCC2)c3cccs3
dude_tryb1__L004931,c1ccc(c(c1)C#N)S(=O)(=O)N2CCN(CC2)CC(=O)Nc3c(c4c(s3)CCC4)C(=O)N
dude_tryb1__L004932,CC1=C(N2[C@@H]([C@@H](C2=O)NC(=O)[C@H](c3ccc(cc3)O)[NH+]4CN(C(=S)SC4)C(C)C)SC1)C(=O)[O-]
dude_tryb1__L004933,C=CCn1c(nnc1SCC(=O)Nc2ccc(cc2)S(=O)(=O)Nc3nccs3)c4cccnc4
dude_tryb1__L004934,CC(C)(C)n1c(nnn1)[C@H](c2cc3cc(c(cc3[nH]c2=O)OC)OC)N4CCOCC4
dude_tryb1__L004935,C/C(=N\NC(=O)N)/[C@@]12[C@@H](C[C@@H]3[C@]1(CC[C@@H]4[C@@H]3CCC5=C/C(=N\NC(=O)N)/CC[C@@]45C)C)OC(O2)(C)C
dude_tryb1__L004936,COc1ccc(cc1)N2CC[NH+](CC2)Cc3nc(nc(n3)Nc4cccc(c4)C(F)(F)F)N
dude_tryb1__L004937,c1ccc2c(c1)C(=NS2(=O)=O)N3CCC[C@@H](C3)C(=O)Nc4nc(cs4)c5ccccn5
dude_tryb1__L004938,CC(C)CN(CC[NH+](C)C)[C@@H](C[NH3+])c1ccc(cc1F)Br
dude_tryb1__L004939,COc1ccc(cc1)Cn2c(nnn2)C[NH+](CCC[NH+]3CCOCC3)Cc4cc5cc(ccc5[nH]c4=O)OC
dude_tryb1__L004940,c1ccc(cc1)Cn2c(c3c(nc(nc3n2)NCC[NH+]4CCCCC4)c5cc(ccc5F)F)N
dude_tryb1__L004941,CC(C)(C)NC(=O)[C@@H](c1ccc(cc1)Cl)N(Cc2ccccc2F)C(=O)c3c(c(ns3)C(=O)N)N
dude_tryb1__L004942,C[C@H](COC)Nc1c(c(ncn1)NC2CC([NH2+]C(C2)(C)C)(C)C)N
dude_tryb1__L004943,C[C@@H](COC)Nc1nc(c(c(n1)Nc2c(c3c(s2)CCC3)C(=O)N)[N+](=O)[O-])N
dude_tryb1__L004944,C[C@]1(C(=O)N(C(=O)N1)CCS(=O)(=O)Oc2ccccc2)c3ccc4cc(ccc4c3)OC
dude_tryb1__L004945,CC[N+]1=c2cc3c(=[NH+]c4cc5c(cc4O3)N(C(C=C5CS(=O)(=O)[O-])(C)C)CCCC(=O)[O-])cc2CCC1
dude_tryb1__L004946,C[C@@H](c1ccc(cc1)Cl)OC[C@H](C[NH2+]C2CC([NH2+]C(C2)(C)C)(C)C)O
dude_tryb1__L004947,Cc1ccc(cc1)[C@H](CC(=O)NNC(=S)NC[C@@H]2CCCO2)NC(=O)C
dude_tryb1__L004948,CC[C@H](C)N([C@@H]1CCS(=O)(=O)C1)C(=O)CN2C(=O)[C@]3(CCOc4c3cccc4)NC2=O
dude_tryb1__L004949,CC(C)c1cccc(c1NC(=O)COC(=O)c2cccnc2n3cncn3)C(C)C
dude_tryb1__L004950,CC(=O)Oc1c2c(cc3c1OCO3)C4=C[C@@H]([C@H]([C@H]([C@@H]4NC2=O)OC(=O)C)OC(=O)C)O
dude_tryb1__L004951,Cc1c(c2c(cn1)CN(CC2)C(=O)c3cccc(c3)N4CCCC4=O)CNS(=O)(=O)N(C)C
dude_tryb1__L004952,CC(C)(C)OC(=O)NCC(=O)/N=C\1/N([C@H]2CS(=O)(=O)C[C@H]2S1)Cc3ccc(cc3)F
dude_tryb1__L004953,Cn1c(c(c(=O)n(c1=O)C)C2=C(N=C3[C@H]2C(=O)N(C(=O)N3C)C)c4ccc(cc4)OC)N
dude_tryb1__L004954,CC[NH+](CC)CCN1[C@@H](C(=C(C1=O)[O-])C(=O)c2c(nc(s2)C)C)c3cc(ccc3OC)Br
dude_tryb1__L004955,CC[C@@]1(C[C@@H](c2c(c(c3c(c2O)C(=O)c4c(cccc4O)C3=O)O)[C@@H]1C(=O)OC)O)O
dude_tryb1__L004956,CCOC(=O)C/C(=[NH+]\Nc1c(cc(c(c1)N/[NH+]=C(/N)\CC(=O)OCC)[N+](=O)[O-])[N+](=O)[O-])/N
dude_tryb1__L004957,COc1ccc(cc1OC)C(=O)NNc2c3cnn(c3ncn2)c4ccc(c(c4)Cl)Cl
dude_tryb1__L004958,C[C@H]1CC2=C([C@@H](C(=C(N2)C)C(=O)OCCOC)c3ccc(c(c3)OC)OC)C(=O)[C@H]1C(=O)OC
dude_tryb1__L004959,Cc1ccc(cc1)[C@H](CNC(=O)NCCCn2cc[nH+]c2C)[NH+](C)C
dude_tryb1__L004960,c1ccc2c(c1)[nH]c(n2)c3ccc(cc3O)NC(=S)NC(=O)c4cc(ccc4N5CCOCC5)[N+](=O)[O-]
dude_tryb1__L004961,COc1ccc(cc1)[C@@H](CNC(=O)c2cc(ccc2N3CCOCC3)S(=O)(=O)N)[NH+]4CCCC4
dude_tryb1__L004962,Cc1ccc(s1)c2c(c3c([nH]2)n(c(=O)n(c3=O)C)C)c4c(n(c(=O)n(c4=O)C)C)N
dude_tryb1__L004963,Cc1ccc(cc1)S(=O)(=O)NCC(=O)OCC(=O)Nc2cc(ccc2n3cncn3)C(F)(F)F
dude_tryb1__L004964,C[C@]1(CCS(=O)(=O)C1)NC(=S)OCCOCCOC(=S)N[C@@]2(CCS(=O)(=O)C2)C
dude_tryb1__L004965,CCOC[C@@H](C[NH+](Cc1c(nn(c1Oc2ccccc2)c3ccc(cc3)Cl)C)CC4CC4)O
dude_tryb1__L004966,Cn1c(nnc1SCC(=O)c2ccc(s2)CCNS(=O)(=O)C)c3ccccc3OC
dude_tryb1__L004967,c1ccc2=[NH+]CC(=c2c1)CCNC(=O)CSC3=NN[C@H](S3)SCC(=O)N
dude_tryb1__L004968,c1cc(cnc1)[C@@H](CNC(=O)C(=O)NNC(=O)c2cccnc2)S(=O)(=O)c3cccs3
dude_tryb1__L004969,OC(=O)[C@@H]2[C@@H](CC1CCNCC1)C(=O)N2C(=O)N5CCN(C(=O)Cc4ccc(OCc3ccccc3)cc4)CC5
dude_tryb1__L004970,CC(=O)N[C@H]1[C@H]([C@@H]2[C@@H](COC(O2)(C)C)O[C@@H]1Oc3ccccc3C(=O)/C=C/c4ccccc4)OCC(=O)[O-]
dude_tryb1__L004971,Cc1c(c(n(n1)C)C)CCNC(=O)c2c(n(nn2)c3ccc(cc3)OC(C)C)C
dude_tryb1__L004972,c1cc(ccc1[C@H](CNC(=O)C2=NC=C(C2)S(=O)(=O)N3CCOCC3)O)[N+](=O)[O-]
dude_tryb1__L004973,c1ccc2c(c1)C(=O)[C@@H]3[C@H](O2)C=C([C@@H](C3=O)[C@H]4[C@@H]([C@@H]([C@@H]([C@@H](O4)CO)O)O)O)O
dude_tryb1__L004974,Cc1ccc(o1)CN([C@H](c2ccc(c(c2)OC)O)C(=O)NC(C)(C)CC(C)(C)C)C(=O)c3ccccc3OC
dude_tryb1__L004975,CCCc1cc(=O)[nH]c(=S)n1[C@H]2[C@H]([C@H]([C@@H]([C@H](O2)C(=O)OC)O)O)O
dude_tryb1__L004976,c1ccc(cc1)N([C@@H]2CCS(=O)(=O)C2)C(=O)CSc3nnc(s3)SCC(=O)N
dude_tryb1__L004977,Cc1ccc(cc1)[C@@H](CNC(=O)NCc2ccc[nH+]c2N3CCOCC3)[NH+](C)C
dude_tryb1__L004978,C[C@]1(CS(=O)(=O)C[C@H]1S(=O)(=O)[O-])NC(=O)CC[N+](C)(C)CC=C
dude_tryb1__L004979,CC(C)(C[NH2+]Cc1cc(ccc1OC[C@H](C[NH+]2CCC(CC2)O)O)OC)CO
dude_tryb1__L004980,CCCS(=O)(=O)N[C@@H](C)C(=O)NCCCC(=O)N
dude_tryb1__L004981,Cc1nnc(s1)NC(=O)CSc2nnc(n2c3ccc(cc3)F)CNC(=O)c4ccccc4OC
dude_tryb1__L004982,CC1(C(=O)Nc2ccccc2N1C(=O)C[NH2+][C@@H](c3ccc(cc3)F)c4cccs4)C
dude_tryb1__L004983,Cc1c(cc(o1)C(=O)Nc2ccc(nc2)N3CCNC(=O)C3)S(=O)(=O)N4CCCC4
dude_tryb1__L004984,C[C@@H]1c2c(sc(n2)NC(=O)C[NH+](C)C)C[C@@]3([C@H]1[C@H]([C@@H](CC3)[C@H](C)C(=O)NCC[NH+]4CCOCC4)O)C
dude_tryb1__L004985,Cc1ccc(cc1)NC(=O)c2c(n(n[n+]2CCN3CCOCC3)c4ccc(cc4)C)[O-]
dude_tryb1__L004986,Cc1ccc(c(c1)S(=O)(=O)[C@@H](CNS(=O)(=O)[C@H]2CCS(=O)(=O)C2)c3cccnc3)C
dude_tryb1__L004987,CCCCOC(=S)N[C@@H]1[C@@H]([C@@H]([C@@H]([C@@H](O1)CO)O)O)O
dude_tryb1__L004988,CCCCCC(=O)Nc1nc2c(s1)C[C@H]3[C@]([C@@H]2CC(=O)N4CCOCC4)(CC[C@H]([C@@]3(C)CO)O)C
dude_tryb1__L004989,CCCn1c(c(c(=O)[nH]c1=O)C(=O)CN2CCN(CC2)S(=O)(=O)N(CC)CC)N
dude_tryb1__L004990,[H]\N=C\1/C(=C/c2ccc(c(c2)OCC)OCc3ccccc3F)/C(=O)N=C4N1C(=NS4)S(=O)(=O)C
dude_tryb1__L004991,Cn1cc(cn1)S(=O)(=O)N2CCC[C@H](C2)C(=O)Nc3c(cn(n3)Cc4ccccc4F)Cl
dude_tryb1__L004992,CCCOc1ccc(cc1OCCC)[C@@H](C)NC(=O)Cn2cnc3c(c2=O)c(c(o3)C)C(=O)[O-]
dude_tryb1__L004993,Cc1cc(c(cc1Nc2c(c(ncn2)NNC(C)(C)C)N)Cl)[C@H](C#N)c3ccc(cc3)Cl
dude_tryb1__L004994,C[C@@H](c1ccc(cc1CNC(=O)Cc2c(ccc([n+]2[O-])NCC(c3ccccn3)(F)F)Cl)Cl)[NH3+]
dude_tryb1__L004995,C[C@]12CC[C@](C1(C)C)([C@@H](C2=O)Br)C(=O)NC3CC([NH2+]C(C3)(C)C)(C)C
dude_tryb1__L004996,CC(C)C[C@@H](C(=O)Nc1ccc(nc1)OC)N2CC[C@]3(C2=O)CCCN3C(=O)c4ccc[nH]c4=O
dude_tryb1__L004997,c1cc(ccc1N2C[C@H](CC2=O)C(=O)Nc3nc(cs3)CC(=O)NCCN4CCOCC4)F
dude_tryb1__L004998,CC(C)C[C@H](C(=O)OC(C)(C)C)NC(=O)[C@@H](C(C)C)NC(=O)[C@@H](CC1=c2ccccc2=[NH+]C1)[NH3+]
dude_tryb1__L004999,CCCCOC[C@@H](C[NH+](Cc1c(nn(c1Oc2ccccc2F)c3ccccc3)CC)C[C@@H]4CCCO4)O
dude_tryb1__L005000,C[C@@H]1Cc2cc(ccc2O1)C(=O)C3=C(C(=O)N([C@H]3c4ccc(c(c4)OC)O)CCCn5cc[nH+]c5)[O-]
dude_tryb1__L005001,CCC[NH+]1CCc2c(sc(c2C(=O)N)NC(=O)c3ccc(cc3)S(=O)(=O)N4C[C@@H](C[C@@H](C4)C)C)C1
dude_tryb1__L005002,CC[C@H]([C@H](c1ccc(s1)Br)n2ccc(n2)C(F)(F)F)[NH3+]
dude_tryb1__L005003,OC(=O)[C@@H]2[C@@H](CC1CCNCC1)C(=O)N2C(=O)N5CCN(C(=O)Cc4ccc(c3ccccc3)cc4)CC5
dude_tryb1__L005004,c1ccc(cc1)CSc2nnc(s2)NC(=O)CSc3nnc(n3N)N/N=C/c4ccccc4O
dude_tryb1__L005005,CCCCOC[C@@H](C[NH+](Cc1c(nn(c1Oc2cccc(c2)F)C)c3ccccc3)C4CC4)O
dude_tryb1__L005006,CCCCCCOc1ccc(cc1OC)[C@H]2c3c(n[nH]c3C(=O)N2Cc4cccnc4)c5ccccc5O
dude_tryb1__L005007,c1ccnc(c1)[C@H](CS(=O)(=O)c2ccc(cc2)Oc3ccc(cc3)OC(F)(F)F)N(C=O)O
dude_tryb1__L005008,COc1ccc(c(c1)S(=O)(=O)NC[C@@H](c2ccco2)S(=O)(=O)c3ccc(cc3)Cl)OC
dude_tryb1__L005009,CCS(=O)(=O)N1Cc2ccccc2C[C@H]1C(=O)Nc3cc(ccc3n4cncn4)C(F)(F)F
dude_tryb1__L005010,c1cc(ccc1CC[NH2+][C@@H]2CC(=O)N(C2=O)c3ccc(cc3)I)S(=O)(=O)N
dude_tryb1__L005011,CSCC[C@H](C(=O)N1CCC2(CC1)c3c([nH]c[nH+]3)CCN2)NC(=O)c4ccc5c(c4)OCO5
dude_tryb1__L005012,CCCCCCOc1ccc(cc1)C(=O)NNC(=O)c2c(cc(s2)NC(=O)c3ccco3)C
dude_tryb1__L005013,CC(C)[C@@H](C(=O)NC1CC[NH+](CC1)CC(=O)N)NS(=O)(=O)c2ccc(cc2)Cl
dude_tryb1__L005014,CCC(CC)C(=O)N1C[C@H](C2(C1)CC[NH2+]CC2)C(=O)N[C@@H](C)C(=O)NC
dude_tryb1__L005015,CCC[NH2+][C@](C)(CCC[NH+]1C[C@H](C[C@@H](C1)C)C)C(=O)N
dude_tryb1__L005016,Cc1ccc(cc1)NC(=O)Nc2nc(cs2)C(=O)NCCC3=c4ccccc4=[NH+]C3
dude_tryb1__L005017,COc1cc(cc(c1OC)OC)[C@@H]2CC3=C([C@H](n4c(ncn4)N3)c5cc(c(cc5OC)OC)OC)C(=O)C2
dude_tryb1__L005018,c1cc(ncc1Cl)C(CNc2ccc(c(c2F)CC(=O)NCCONC(=[NH2+])N)C#N)(F)F
dude_tryb1__L005019,CC(C)[NH+]1C/C(=C\c2ccc(cc2)F)/C3=C(C1)[C@@H](C(=C(O3)N)C#N)c4ccc(cc4)F
dude_tryb1__L005020,CC(=O)Nc1ccc(cc1)N2C(=O)C[C@@H](C2=O)[NH2+]CCc3c[nH]c4c3cc(cc4)OC
dude_tryb1__L005021,CC[C@H](Cc1cc(c(c(c1)OC)O)c2cc(cc(c2O)OC)C[C@H](CC)[NH3+])[NH3+]
dude_tryb1__L005022,Cc1ccc(cc1)[C@H](CNC(=O)NCCCn2cc[nH+]c2)[NH+](C)C
dude_tryb1__L005023,Cc1ccsc1[C@@H](C(=O)NC[C@@H]2CCCO2)N(Cc3cccs3)C(=O)Cn4c5ccccc5nn4
dude_tryb1__L005024,Cc1c(c(n(n1)CC(=O)N[C@H](C)c2ccc(cc2)Br)C)S(=O)(=O)N3CCOCC3
dude_tryb1__L005025,CCCn1c(c(c(=O)n(c1=O)Cc2nc(nc(n2)Nc3ccc(cc3)F)N)N4CCCCC4)N
dude_tryb1__L005026,c1cc(c(cc1Cl)NS(=O)(=O)CCCCCCCCS(=O)(=O)Nc2cc(ccc2O)Cl)O
dude_tryb1__L005027,Cc1ccc(c(c1)S(=O)(=O)Nc2ccc(cc2)Nc3cc([nH+]c(n3)NC4CCCCC4)C)C
dude_tryb1__L005028,Cc1ccc(cc1)S(=O)(=O)CNC(=O)[C@H](c2ccc(c(c2)OC)OC)N(C)C(=O)CO
dude_tryb1__L005029,c1cc(ccc1C[NH2+]Cc2ccc(o2)I)c3cc[nH]n3
dude_tryb1__L005030,CC(C)[C@H](C(=O)Nc1cnn(c1)CC(=O)N)NC(=O)COc2ccccc2
dude_tryb1__L005031,CC(C)[C@@H](C(=O)NC(=O)N)S[C@@H]1NN=C(N1C2CC2)C3=c4ccccc4=[NH+]C3
dude_tryb1__L005032,C[C@@]1(CS(=O)(=O)C[C@@H]1S(=O)(=O)[O-])NC(=O)CC[N+]2(CCOCC2)C
dude_tryb1__L005033,C[C@@]1(C(=O)NC(=O)N1)CSc2ccccc2C(=O)NC[C@H](c3ccc(cc3)OC)[NH+]4CCCC4
dude_tryb1__L005034,CCS(=O)(=O)NC1CC[NH+](CC1)CC/C=C/c2cncc(c2Nc3ccc4c(c3C)cc[nH]4)C#N
dude_tryb1__L005035,C[C@H](C[NH2+]Cc1cc(c(c(c1)OC)OCC(=O)N)OC)Cn2cc[nH+]c2
dude_tryb1__L005036,c1cc(ccc1N[C@@H]2[C@@H]([C@@H]([C@@H](O2)CO)O)O)S(=O)(=O)N
dude_tryb1__L005037,c1c([nH]c[nH+]1)C[C@H](C(=O)[O-])NC(=O)[C@@H]2[C@@H](OC3(O2)CCCCC3)[C@@H]([C@@H]4COC5(O4)CCCCC5)O
dude_tryb1__L005038,CCOC(=O)c1c(c(c([nH]1)C)C(=O)COC(=O)[C@H](C(C)C)NS(=O)(=O)c2ccc(cc2)C)C
dude_tryb1__L005039,CC1=C([C@@H]([NH+]=N1)c2ccc(cc2O)OCC(=O)NN)c3ccc(cc3)OC
dude_tryb1__L005040,CCOc1cc(ccc1OC(=O)C)/C=C(\C#N)/C(=O)Nc2c(c(c(s2)C(=O)N(C)C)C)C(=O)OC
dude_tryb1__L005041,c1c(cc(c(c1N)S(=O)(=O)N(CC(=O)N)CC(=O)N)Br)Br
dude_tryb1__L005042,COc1ccccc1Nc2c(cccn2)C(=O)OCC(=O)N(CCC#N)c3ccccc3
dude_tryb1__L005043,COc1ccc(cc1)[C@H]([C@@H](c2c(=O)[nH]c3cc(ccc3n2)[N+](=O)[O-])NNC(=[NH2+])N)O
dude_tryb1__L005044,CC(C)c1nnc(o1)NC(=O)CSC[C@@H](C(=O)[O-])[NH3+]
dude_tryb1__L005045,CCN(CC)C(=O)c1c(c(c(s1)NC(=O)c2ccc(cc2[N+](=O)[O-])Cl)C(=O)OC)C
dude_tryb1__L005046,c1cc(oc1)[C@@H]2c3cc(c(cc3OC(=C2C#N)N)O)/C=N/c4ccc(cc4)S(=O)(=O)N
dude_tryb1__L005047,CCn1c2ccc(cc2nc1S[C@H](C)C(=O)NC[C@@H]3CCCO3)S(=O)(=O)N(CC)CC
dude_tryb1__L005048,C[NH+](C)CCCNC(=S)NC[C@H](c1ccc(cc1Cl)Cl)C2=c3ccccc3=[NH+]C2
dude_tryb1__L005049,C[C@@H]1CC(=O)[C@H]2[C@@H]1[C@@H](OC=C2C(=O)OC)O[C@@H]3[C@@H]([C@@H]([C@@H]([C@@H](O3)CO)O)O)O
dude_tryb1__L005050,C[C@@H](c1nnc2n1CC[NH+](CC2)Cc3ccc(cc3O)OC)NC(=O)COc4ccccc4
dude_tryb1__L005051,CN(C)S(=O)(=O)c1ccc(cc1)S(=O)(=O)N2CCC(CC2)C(=O)Nc3ccc(cn3)Cl
dude_tryb1__L005052,COc1ccc(cc1)S(=O)(=O)[C@@H](CNC(=O)C(=O)NC[C@@H]2CCCO2)c3cccnc3
dude_tryb1__L005053,CCN(CC)c1ccc(cc1NC(=O)c2cccc(c2)S(=O)(=O)N(C)C)S(=O)(=O)N3CCOCC3
dude_tryb1__L005054,Cc1c2c(oc(c2c(=O)[nH]n1)NC(=O)C[NH+]3CCN(CC3)CC(=O)N4C[C@H](C[C@@H](C4)C)C)C
dude_tryb1__L005055,[H]/N=C\1/C(=C/c2ccc(c(c2)OC)OCCOc3ccccc3Cl)/C(=O)N=C4N1N=C(S4)CC
dude_tryb1__L005056,Cc1c(c2c(s1)ncn(c2=O)CC(=O)NCCC3=CCCCC3)S(=O)(=O)N4C[C@@H](C[C@@H](C4)C)C
dude_tryb1__L005057,Cc1c(cco1)C(=O)NCC(=O)NNC(=S)Nc2cccc(c2)C#C
dude_tryb1__L005058,COCCn1c(c(c(=O)[nH]c1=O)C(=O)CSc2nnc3n2cc(cc3Cl)Cl)N
dude_tryb1__L005059,c1cc(oc1)[C@@H](CNC(=O)C(=O)NCCCN2CCOCC2)[NH+]3CCN(CC3)c4ccc(cc4)F
dude_tryb1__L005060,c1ccc2c(c1)C(=O)N(C2=O)CC(=O)NC[C@H](c3cccnc3)S(=O)(=O)c4ccc(cc4)F
dude_tryb1__L005061,c1cc(oc1)C[NH+](CC(=O)Nc2c(ccs2)C(=O)N)[C@H]3CCS(=O)(=O)C3
dude_tryb1__L005062,CCN(CC)S(=O)(=O)c1cccc(c1)C(=O)NNC(=O)c2c(nc(s2)N3CCOCC3)C
dude_tryb1__L005063,CN([C@@H]1CCS(=O)(=O)C1)C(=O)C(=O)NC[C@@H](c2ccco2)S(=O)(=O)c3ccc4c(c3)OCO4
dude_tryb1__L005064,c1cc(ccc1NC(=S)NC(=O)c2cc(ccc2N3CCOCC3)[N+](=O)[O-])N4CCCCC4
dude_tryb1__L005065,CCc1nnc(s1)NC(=O)[C@@H](C)Sc2nnc(n2CC=C)CCC(=O)Nc3ccc(c(c3)Cl)C
dude_tryb1__L005066,C[C@H](C(=O)NC(=O)NC1CC1)[NH+]2CCN(CC2)S(=O)(=O)c3ccc(cc3)OC(F)(F)F
dude_tryb1__L005067,COC[C@@H](C[NH+](CCN1CCOCC1)Cc2[nH]c(=O)c3c(csc3n2)c4ccc(c(c4)OC)OC)O
dude_tryb1__L005068,CC[NH+]1CCc2c(sc(c2[C@H](C)NC(=O)NC34CC5CC(C3)CC(C5)C4)n6cccc6)C1
dude_tryb1__L005069,Cc1c(c([nH]c1C(=O)OC)C)C(=O)[C@@H](C)N(C[C@@H]2CCCO2)S(=O)(=O)c3ccc(cc3)F
dude_tryb1__L005070,Cn1c2c(c(=O)[nH]c1=O)n(c(n2)NCCN3CCOCC3)C[C@@H](COCC=C)O
dude_tryb1__L005071,c1cc2c(cc1c3csc(n3)NC(=O)C4=NN(C(=O)CC4)[C@H]5CCS(=O)(=O)C5)CCO2
dude_tryb1__L005072,Cc1ccc(cc1)S(=O)(=O)CNC(=O)[C@@H](c2cccc(c2)O)N(Cc3ccco3)C(=O)COC
dude_tryb1__L005073,COC(=O)c1c2c(sc1NC(=O)c3cc4c(nc5ccccn5c4=O)[n+](c3N)CC=C)CCCC2
dude_tryb1__L005074,C[C@@H]1Cc2cc(ccc2N1C(=O)C)S(=O)(=O)N3CCC(CC3)C(=O)NC[C@@H]4CCCO4
dude_tryb1__L005075,C[NH+](C)CCCNc1cc(c(c2c1C(=O)c3ccccc3C2=O)N)N(C)CCO
dude_tryb1__L005076,Cc1c(c(n(n1)C)C)/C=N/NC(=O)CSc2nc(cc(n2)N)N
dude_tryb1__L005077,Cc1c(c(=O)n(n1C)c2ccccc2)S(=O)(=O)NNC(=O)C(c3ccccc3)(c4ccccc4)O
dude_tryb1__L005078,CCNc1ccc(cc1S(=O)(=O)N2CCOCC2)S(=O)(=O)N3CCOCC3
dude_tryb1__L005079,CN(Cc1nnc2n1CCCCC2)C(=O)c3cccc(c3)S(=O)(=O)NCc4cccs4
dude_tryb1__L005080,c1ccc(cc1)CNC[C@@H](c2ccc(cc2)c3ccccc3O)[NH+]4CCN[C@@H](C4)Cl
dude_tryb1__L005081,Cc1ccc(cc1)N(C)S(=O)(=O)c2cccc(c2)C(=O)N[C@H](C)c3ccc(cc3)n4cncn4
dude_tryb1__L005082,CCCCOc1ccc(cc1OC)C(=O)NNC(=O)c2cc(c(cc2[N+](=O)[O-])OC(F)F)OC
dude_tryb1__L005083,CCCn1c(c(c(=O)n(c1=O)C)C(=O)C[NH+]2CCC[C@@H]2c3ccc4c(c3)OCCO4)N
dude_tryb1__L005084,C[NH+]1CCc2c(sc(c2C(=O)N)NC(=O)c3ccc(cc3)NS(=O)(=O)c4ccc(cc4)F)C1
dude_tryb1__L005085,CCC[NH+]1CCc2c(sc(c2C(=O)N)NC(=O)Cc3ccc(cc3)SC(C)C)C1
dude_tryb1__L005086,COC(=O)C[C@]12[C@@H]3[C@@H]([C@@H](N1CCNC2=O)c4ccco4)C(=O)N(C3=O)c5ccc(cc5)F
dude_tryb1__L005087,CC[C@H](C)Sc1nnc(s1)NC(=O)CSc2nc([nH]n2)N/N=C/c3c(nn(c3C)CC=C)C
dude_tryb1__L005088,CCCCCCOc1ccc(cc1C(=O)NC(=S)Nc2cccc(c2)OCCOCC)Br
dude_tryb1__L005089,Cc1ccc(o1)CN([C@@H](c2ccc(cc2)O)C(=O)NC(C)(C)CC(C)(C)C)C(=O)c3c(cccc3O)O
dude_tryb1__L005090,C[C@H](Cc1ccc(cc1)C2=CC[NH2+]CC2)[NH2+]C[C@H](c3cccc(c3)C(F)(F)F)O
dude_tryb1__L005091,CCCCOC[C@H](C[NH+](Cc1c(nn(c1Oc2cccc(c2)F)c3ccccc3)C)C(C)C)O
dude_tryb1__L005092,O=C(Nc3ccc(C(=O)OCN2C(=O)c1ccccc1S2(=O)=O)cc3)OCc4ccccc4
dude_tryb1__L005093,Cc1c(cnn1c2ccccc2)C(=O)C3=C(C(=O)N([C@H]3c4ccc(cc4)OCC=C)CC[NH+](C)C)[O-]
dude_tryb1__L005094,CC(C)(C)c1cc(cc(c1O)C(C)(C)C)/C=N/NC(=O)c2c(n(nn2)c3c(non3)N)C[NH+](C)C
dude_tryb1__L005095,CS(=O)(=O)N1CCC(CC1)C(=O)N(Cc2[nH]c(=O)c3ccccc3n2)C[C@H]4CCCO4
dude_tryb1__L005096,CC(C)CCO[C@@H]1[C@@H]([C@@H]([C@@H]([C@@H](O1)CO)O)O)NC(=O)C
dude_tryb1__L005097,CC(C)(C#Cc1ccc(cc1)C[NH2+][C@H]2CCCc3c2cnn3c4cc(cc(c4)F)F)O
dude_tryb1__L005098,C[C@H](c1ccc(cc1)n2cc(nn2)C(=O)N)NC(=O)NCCc3[nH+]ccn3C
dude_tryb1__L005099,CC[NH+]1C/C(=C\c2ccc(cc2)F)/C3=C(C1)[C@H](C(=C(O3)N)C#N)c4ccc(cc4)F
dude_tryb1__L005100,Cc1ccc2c([nH+]1)cccc2Nc3c(c(ncn3)NNC(=O)C(c4ccccc4)c5ccccc5)[N+](=O)[O-]
dude_tryb1__L005101,c1cc(ccc1COc2ccc(cc2C[NH2+]CC[NH2+]CCO)Br)Cl
dude_tryb1__L005102,CCC(CC)[C@@H](CN/C(=[NH+]/C[C@H]1CCCO1)/N)[NH+](C)C
dude_tryb1__L005103,c1cc(c(cc1[N+](=O)[O-])NN)S(=O)(=O)NCc2c[nH]nc2
dude_tryb1__L005104,O=C(NCc3ccc(C(=O)OCN2C(=O)c1ccccc1S2(=O)=O)cc3)Nc4ccccc4
dude_tryb1__L005105,Cc1cc2c(c(=O)n1CCN3CCOCC3)[C@H](C(=C(O2)N)C#N)c4cccc(c4OC)OC
dude_tryb1__L005106,Cc1cc2cc3c(c(c2c(=O)o1)O)[C@H](C[C@H](C(=O)O3)OC)O[C@@H]([C@@H]([C@@H]([C@@H]([C@@H](CO)O)O)O)O)O
dude_tryb1__L005107,c1ccc(c(c1)C#N)S(=O)(=O)N2CCC[C@H](C2)c3[nH]c4c(c(=O)n3)nnn4Cc5ccc(cc5)F
dude_tryb1__L005108,COCC[NH+](Cc1[nH]c(=O)c2c(csc2n1)c3ccc(cc3)OC)C[C@@H](CCC=C)O
dude_tryb1__L005109,COc1ccc2c(c1)OC3(CC[NH+](CC3)C[C@H](c4ccc5ccccc5c4)O)C[C@H]2O
dude_tryb1__L005110,CCN(c1ccccc1)c2c(c(nc[nH+]2)NCCCn3cc[nH+]c3)N
dude_tryb1__L005111,C[C@H](C(=O)Nc1ccc(cc1)NC(=O)C)OC(=O)c2cc(ccc2N3CCCC3)S(=O)(=O)N(C)C
dude_tryb1__L005112,Cc1c(c(sc1C(=O)N)NC(=O)CSc2cccc[n+]2[O-])C(=O)OCCOC
dude_tryb1__L005113,CCNC(=O)NC(=O)[C@H](C)Sc1nnc(n1CCOC)COc2ccccc2c3ccccc3
dude_tryb1__L005114,COc1cc2c(cc1OC)-c3c(c(nn3c4cc(cc(c4)Cl)Cl)C(=O)NCC(=O)OC)C2
dude_tryb1__L005115,CCSc1nnc(s1)NC(=O)CSc2nnc(o2)Cc3c([nH]c(=O)[nH]c3=O)C
dude_tryb1__L005116,Cn1c2cn(c(c2c(=O)n(c1=O)C)c3ccc(cc3)F)[C@H]4[C@H]([C@@H]([C@@H](O[C@H]4O)CO)O)O
dude_tryb1__L005117,CC1CCC2(CC1)C(=O)N(C(=O)N2)NC(=O)CSc3nnc(n3C)C[C@H]4CCS(=O)(=O)C4
dude_tryb1__L005118,C[C@H](Cn1cc[nH+]c1)Nc2c3cc(ccc3[nH+]cc2N)Br
dude_tryb1__L005119,C/C(=N\NC(=O)c1cc(c(c(c1)O)O)O)/c2ccc(cc2)NC(=O)c3ccco3
dude_tryb1__L005120,COCCC[NH+](Cc1[nH]c(=O)c2c(csc2n1)c3ccc(cc3)OC)C[C@@H](COCC=C)O
dude_tryb1__L005121,COc1cccc(c1OCc2ccccc2)/C=N/[NH+]=C(/c3c(non3)N)\N
dude_tryb1__L005122,CC(C)(C)OC(=O)[C@@]([C@@H](C(=O)[O-])[NH3+])(C(=O)OCC1c2ccccc2-c3c1cccc3)N
dude_tryb1__L005123,CCN([C@@H]1CCS(=O)(=O)C1)C(=O)CN2C(=O)[C@@](NC2=O)(C)c3cc(ccc3F)F
dude_tryb1__L005124,CCO[C@@H]1C[C@@H]([N+]2=C1Nc3ccccc3C2)C(=O)N([O-])S(=O)(=O)Oc4ccccc4
dude_tryb1__L005125,c1[nH]c2c(n1)c(ncn2)N/N=C/[C@@H]([C@@H]([C@@H](CO)O)O)O
dude_tryb1__L005126,Cc1ccc(nc1)[n+]2c(=O)c3ccccc3[nH]c2S[C@@H](C)C(=O)c4c(n(c(=O)n(c4=O)C)C)N
dude_tryb1__L005127,CCOC(=O)C1=C(NC(=O)N[C@H]1c2ccco2)CSc3nnc(n3N)[C@@H]4COc5ccccc5O4
dude_tryb1__L005128,c1cn(c[nH+]1)CCCCNC(=O)c2cc(cnc2NN)Br
dude_tryb1__L005129,CCn1c(nnc1SCC(=O)N2CCN(CC2)CC(=O)N(C)C)CN3CCCCCC3=O
dude_tryb1__L005130,COc1ccc(cc1OC)c2csc3c2c(=O)[nH]c(n3)C[NH+](Cc4ccco4)C[C@@H](CCC=C)O
dude_tryb1__L005131,Cc1c(nc(o1)c2ccccc2OC)CC(=O)N[C@H](CC(C)C)c3nnc(o3)C
dude_tryb1__L005132,C[C@]12C[NH+]3C[C@](C1=O)(CN(C2)[C@@H]3[C@@](C)([C@@](C)([C@@](C)([C@@](C)(CO)O)O)O)O)c4ccccc4
dude_tryb1__L005133,CCCCN1C(=O)/C(=C\Nc2ccc3c(c2)CC4([C@H]5N3CCN(C5)C)C(=O)NC(=O)NC4=O)/C(=O)NC1=O
dude_tryb1__L005134,COc1cc(cc(c1OC)OC)c2c(nc3c(n2)c(cc([nH+]3)N)N)c4cc(c(c(c4)OC)OC)OC
dude_tryb1__L005135,Cn1c2c(c(=O)[nH]c1=O)n(c(n2)SCCN3CCOCC3)Cc4cccc(c4)Br
dude_tryb1__L005136,Cc1c(c(n(n1)[C@H]2CCS(=O)(=O)C2)Cl)/C=C/C(=O)OCC(=O)Nc3c(ccs3)C#N
dude_tryb1__L005137,c1cc(cc(c1)Br)C(=O)NCC(=O)OCC(=O)NC(=O)Nc2ccc3c(c2)OCCO3
dude_tryb1__L005138,CCOc1cc(ccc1OCc2cc(c(cc2C)C)C)/C=N\NC(=O)CSc3nnc(s3)N
dude_tryb1__L005139,CC(C)[C@@H](C(=O)NCc1ccc(s1)S(=O)(=O)N)NS(=O)(=O)c2ccc3c(c2)OCCO3
dude_tryb1__L005140,C[C@@]1(C(=O)N(C(=O)N1)CC(=O)N2CCN(CC2)S(=O)(=O)C)c3ccc(cc3)Br
dude_tryb1__L005141,CN(C[C@@H](c1ccc(cc1)O)O)C(=O)CN2C(=O)/C(=C/c3ccc(cc3)OC)/SC2=O
dude_tryb1__L005142,CC[NH+]1CCC(CC1)NC(=O)NC[C@H](C[NH+]2CCC(CC2)C)O
dude_tryb1__L005143,CCCOc1ccc(cc1OCC)[C@H]2C(=C(C(=O)N2CCCn3cc[nH+]c3)[O-])C(=O)c4c(nc(s4)C)C
dude_tryb1__L005144,CC1CC[NH+](CC1)C[C@H](C[NH2+]Cc2ccc(c(c2)OCCCC#N)OC)O
dude_tryb1__L005145,CC[NH+](CC)CCNC(=O)CN(C)c1nn2c(c(nc2s1)c3ccc(cc3)OC)NC4CCCC4
dude_tryb1__L005146,CCn1c(c(cn1)Br)C(=O)Nc2ccc(cc2)S(=O)(=O)Nc3ncccn3
dude_tryb1__L005147,CC[C@@H](CNC(=O)N[C@H](C)Cn1cc[nH+]c1)[NH+]2CCc3ccccc3C2
dude_tryb1__L005148,Cc1cc(cc2c1nc([nH]2)[C@@H]3C(=CC=NC3=O)NC[C@H](c4cccc(c4)Cl)O)C5=[NH+][C@@H](CN5)C
dude_tryb1__L005149,c1ccc(cc1)[C@]23C[NH+]4C[C@](C2O)(CN(C3)[C@@H]4[C@@H]([C@@H]([C@@H]([C@@H](CO)O)O)O)O)c5ccccc5
dude_tryb1__L005150,c1ccc2c(c1)OC[C@H](O2)c3nnc(o3)SCC(=O)c4c(n(c(=O)[nH]c4=O)C5CC5)N
dude_tryb1__L005151,Cc1ccc2cc3c([nH+]c2c1)N(CC3)c4ccc(cc4)C(=O)NNC(=O)c5ccc(cc5)F
dude_tryb1__L005152,c1ccc(cc1)Nc2nc(nc(n2)N/N=C/c3ccccc3OCc4ccccc4F)Nc5ccccc5
dude_tryb1__L005153,CCOc1cc(ccc1OCc2ccccc2C#N)/C=N\NC(=O)[C@@H](C(C)C)NC(=O)c3ccc(cc3)C
dude_tryb1__L005154,CCN(CC)S(=O)(=O)c1ccc(c(c1)C(=O)NNC(=O)C(=O)NC(C)C)C
dude_tryb1__L005155,C[C@@]1(c2cccc(c2C(=O)C3=C([C@]4([C@@H](C[C@@H]31)[C@@H](C(=O)C(=C4O)C(=O)N)[NH+](C)C)O)O)O)O
dude_tryb1__L005156,CC[NH2+][C@H](c1ccc2c(c1)NC(=O)CO2)c3ccc(s3)Br
dude_tryb1__L005157,Cc1c(sc(n1)NC(=O)c2ccc(c(c2)S(=O)(=O)N(C)C)OC)c3nnc(n3CC=C)[S-]
dude_tryb1__L005158,COc1cc(cc(c1OC)OC)NC(=O)[C@@H](CCSC)NC(=O)c2ccc(c(c2)[N+](=O)[O-])Cl
dude_tryb1__L005159,C[C@@H](C(=O)[O-])NS(=O)(=O)c1ccc(cc1)/C(=N/NC(=O)c2cc(cn2C)[N+](=O)[O-])/C
dude_tryb1__L005160,C[C@H]1C(=c2cc(ccc2=[NH+]1)C#N)CCNC(=O)[C@@H]3CN(CC34CC[NH2+]CC4)C(=O)[C@@H]5C=C(N(N5)C)C
dude_tryb1__L005161,Cc1c(sc(=O)[nH]1)S(=O)(=O)N2CCN(CC2)C(=O)c3cc(c(c(c3)OC)OC)OC
dude_tryb1__L005162,C[C@@H]1C2=C([C@H](O[C@@H]2C)NC(=O)CS[C@@H]3NN=NN3c4ccc(cc4)O)C(=O)NN1
dude_tryb1__L005163,Cc1cc(n(n1)C(C)(C)C)C(=O)N2C[C@H](C3(C2)CC[NH2+]CC3)C(=O)NCc4nnc(o4)C
dude_tryb1__L005164,CCCn1c(cc(c1C)/C=C(\C#N)/C(=O)OCC(=O)c2c(n(c(=O)n(c2=O)C)C)N)C
dude_tryb1__L005165,c1cc(sc1)[C@@H](CNC(=O)C(=O)N[C@@H]2CCS(=O)(=O)C2)S(=O)(=O)c3ccc4c(c3)OCCO4
dude_tryb1__L005166,COc1ccc(cc1)S(=O)(=O)[C@H](CNC(=O)C(=O)NNC(=O)c2cccs2)c3cccnc3
dude_tryb1__L005167,Cc1ccc2c(c1)c(=O)c3c([nH]2)CC[NH+](C3)CC(=O)Nc4cc(ccc4F)F
dude_tryb1__L005168,C[C@]1(c2cccc(c2C(=O)C3=C([C@]4([C@@H]([C@H]([C@H]31)O)[C@@H](C(=C(C4=O)C(=O)N)O)[NH+](C)C)O)O)O)O
dude_tryb1__L005169,CCCNC(=O)NC(=O)COC(=O)c1cccc(c1)S(=O)(=O)N2CCCc3c2cccc3
dude_tryb1__L005170,c1cc(ccc1NC(=[NH2+])NC(=[NH2+])Nc2ccc(cc2)Br)S(=O)(=O)Nc3cnccn3
dude_tryb1__L005171,C[C@@]1(C(=O)N(C(=O)N1)CC(=O)N([C@@H]2CCS(=O)(=O)C2)C3CC3)c4ccc(cc4)F
dude_tryb1__L005172,C[NH+](C)CCCN(Cc1cc2cc3c(cc2[nH]c1=O)OCO3)C(=S)Nc4ccc(cc4)OC
dude_tryb1__L005173,C1CCc2c(c(c(s2)NC(=O)NCC[NH+]3CCOCC3)C(=O)N)C1
dude_tryb1__L005174,Cc1cc(=O)oc2c1ccc(c2)O[C@H]3[C@@H]([C@@H]([C@@H]([C@@H](O3)CO[C@@H]4[C@@H]([C@@H]([C@@H]([C@@H](O4)CO)O)O)O)O)O)O
dude_tryb1__L005175,CC(C)NC(=O)CSc1[nH]c(nn1)N/N=C/c2ccc(cc2O)O
dude_tryb1__L005176,CCOC(=O)c1c(c2c(=O)n(c(=O)n(c2s1)CC(=O)c3ccc(cc3)Br)CCCO)C
dude_tryb1__L005177,Cc1cc(c(cc1Nc2c(c(ncn2)NCC[NH+]3CCCCC3)N)Cl)[C@@H](C#N)c4ccc(cc4)Cl
dude_tryb1__L005178,Cc1cc(ccc1[C@@H](C)Oc2cc(sc2C(=O)N)c3cnc4n3cccc4)C[NH2+]C(C)(C)C
dude_tryb1__L005179,Cc1cc(n(n1)CCCNC(=O)[C@@H]2CN(CC23CC[NH2+]CC3)C(=O)C4CCN(CC4)C(=O)C)C
dude_tryb1__L005180,Cc1ccc(c(c1)OCc2nnc(n2N)S[C@H](C)C(=O)N(C)[C@H]3CCS(=O)(=O)C3)C(C)C
dude_tryb1__L005181,C[C@H](C[NH2+]CCNc1ccc(c2c1C(=O)c3c(ccc(c3C2=O)O)O)NCC[NH2+]C[C@H](C)O)O
dude_tryb1__L005182,CCn1c(c(c(c(c1=O)C#N)C)/C=C/2\C(=O)N(C(=S)S2)CCC(=O)[O-])N3CC[NH+](CC3)CC
dude_tryb1__L005183,CCOCCC(=O)NNC(=S)NC(=O)c1ccc(c(c1)Br)OCC(C)C
dude_tryb1__L005184,Cc1ccc(c(c1)C)n2c(c3c(n2)CS(=O)(=O)C3)NC(=O)C(=O)NCc4ccc5c(c4)OCO5
dude_tryb1__L005185,C\1[C@@H]([C@H]2CO[C@@H](/C1=N\NC(=S)N)O2)NNC(=S)N
dude_tryb1__L005186,NCCCC[C@H](NC(=O)OCc1ccccc1)C(=O)c4noc(Cc3ccc(OCCc2ccccc2)cc3)n4
dude_tryb1__L005187,Cc1ccc(o1)[C@@H](C(=O)NC[C@@H]2CCCO2)N(c3cc(cc(c3)C)C)C(=O)c4c(c(ns4)C(=O)N)N
dude_tryb1__L005188,C[C@H](C(=O)N/N=C/c1cc(cc(c1O)OC)[N+](=O)[O-])Sc2nnc(n2CC=C)COc3ccccc3
dude_tryb1__L005189,C[C@@H](c1ccc(c(c1)F)OC)NC(=O)[C@@H](CCSC)NS(=O)(=O)c2ccc3c(c2)OCCO3
dude_tryb1__L005190,CCCCC[C@@H](/C=C/C=C/CCCCCCCC(=O)NNC(=O)CCCC[C@H]1[C@@H]2[C@@H](CS1)NC(=O)N2)O
dude_tryb1__L005191,CCCCn1c(c(c(=O)[nH]c1=O)N(CCCC)CC(=O)NC(=O)NC)N
dude_tryb1__L005192,CCCCN(C)S(=O)(=O)c1ccc(cc1)C(=O)Nc2c(c3c(s2)C([NH2+]C(C3)(C)C)(C)C)C(=O)N
dude_tryb1__L005193,C[C@@H](C(=O)NNC(=O)c1cc2c(s1)CCCCCC2)NS(=O)(=O)c3ccc(cc3)NC(=O)C
dude_tryb1__L005194,Cn1cc(c(=O)n(c1=O)C)S(=O)(=O)N(Cc2[nH]c(=O)c3ccccc3n2)C[C@@H]4CCCO4
dude_tryb1__L005195,CCCCOc1ccc(cc1)/C=N/NC(=O)C(=O)Nc2ccccc2C(=O)Nc3ccc(cc3)OCC
dude_tryb1__L005196,C[C@@H]1C[C@@H]2[C@]3([C@H]([C@@]14C[C@H](OC4=O)c5ccoc5)C[C@@H](C[C@@]3(C(=O)O2)O)O)COC(=O)C
dude_tryb1__L005197,c1c(c(=O)[nH]c(=O)n1[C@H]2C[C@@H]([C@H](O2)CO)O)C3SCCS3
dude_tryb1__L005198,CCCCCCn1c(=O)c2ccccc2nc1SCC(=O)Nc3c(c4c(s3)CCC4)C(=O)N
dude_tryb1__L005199,Cc1nccn1c2ccccc2CNC(=O)CN(c3ccc(cc3)OC(C)C)S(=O)(=O)C
dude_tryb1__L005200,COc1ccc(c(c1)OC)NC(=[NH2+])Nc2[nH]c(=O)cc(n2)CSc3nnnn3c4ccccc4
dude_tryb1__L005201,c1ccc(cc1)C(c2ccccc2)(c3ccccc3)n4cc[nH+]c4CCC[NH3+]
dude_tryb1__L005202,c1ccc2c(c1)[C@H](CC3(O2)CC[NH+](CC3)C[C@H](c4ccc5c(c4)CCCC5)O)O
dude_tryb1__L005203,C[C@@]1(C(=O)N(C(=O)N1)CC(=O)N[C@@H]2[N-]C(=CS2)Cc3n[nH]c(=S)n3CC=C)C4CC4
dude_tryb1__L005204,CC(C)[C@H](C(=O)Nc1nc(cs1)c2cc([nH]c2)C(=O)N)[NH+]3CCCC3
dude_tryb1__L005205,COc1ccc2c(c1)cc(c(=O)[nH]2)[C@H](c3nnnn3C[C@@H]4CCCO4)N(Cc5cccnc5)Cc6ccco6
dude_tryb1__L005206,Cn1cc(c(=O)n(c1=O)C)/C=C/C(=O)NC2CCN(CC2)S(=O)(=O)C
dude_tryb1__L005207,Cc1c(c(n[nH]1)C)CCC(=O)N2CCC[C@H](C2)c3c(cnc4n3ncn4)S(=O)(=O)C
dude_tryb1__L005208,CC(C)(C)OC(=O)N3CCN(C(=O)N2[C@H](C(=O)N1CCCCC1)[C@@H](CCCN=C(N)N)C2=O)CC3
dude_tryb1__L005209,C[C@H](COC)[NH+](CCOC)[C@@H](C[NH3+])c1cc(c(o1)Br)Br
dude_tryb1__L005210,Cc1cc(no1)NC(=O)[C@@H](C)OC(=O)c2ccccc2Sc3c4c(c(sc4ncn3)C)C
dude_tryb1__L005211,Cc1c(c(n(n1)Cc2ccccc2Cl)C)C(=O)NCCN3C(=O)/C(=C/c4cccs4)/SC3=O
dude_tryb1__L005212,CC[C@@H]([C@@H](c1cccc(c1)Br)[NH+](CC)CCOC)[NH3+]
dude_tryb1__L005213,Cc1ccc(c(c1)Br)NC(=O)c2c(c\3c(o2)CCC/C3=N\NC(=[NH2+])N)C
dude_tryb1__L005214,CC(C)Cn1c(c(c(=O)n(c1=O)C)C(=O)COC(=O)c2cc(ccc2NCCO)[N+](=O)[O-])N
dude_tryb1__L005215,Cc1cc(ccc1OCC(=O)NNC(=S)NC(=O)COc2ccc3ccccc3c2)Br
dude_tryb1__L005216,Cc1c2c(c(c3c1c(ccc3O)Cl)O)C(=O)[C@]4([C@@H](C2)[C@H](C(=O)C(=C4[O-])C(=O)N)[NH+](C)C)O
dude_tryb1__L005217,c1cc(cc(c1)S(=O)(=O)NC[C@@H]2CCCO2)C(=O)NNC(=O)c3csc(n3)N4CCOCC4
dude_tryb1__L005218,CCCc1cc(=O)oc2c1ccc(c2C)OCC(=O)NC3CC([NH2+]C(C3)(C)C)(C)C
dude_tryb1__L005219,CCCNC(=O)C[NH+]1CCC(CC1)NC(=O)NC[C@@H](C)[NH+](CC)CC
dude_tryb1__L005220,CC[C@@H]([C@@H](c1cc(cs1)Br)Sc2nc(cc(n2)N)N)[NH3+]
dude_tryb1__L005221,C[C@H](CNC(=S)Nc1cccc(c1OC)OC)NC(=S)Nc2cccc(c2OC)OC
dude_tryb1__L005222,CN(C)c1ccc(cc1)[C@@H](C(=O)NC[C@H]2CCCO2)N(c3ccccc3F)C(=O)Cn4c5ccccc5nn4
dude_tryb1__L005223,c1cc(cnc1)C(=O)N2C[C@@H]3C[C@H](C2)c4ccc(c(=O)n4C3)NC(=O)c5ccc(cc5)C#N
dude_tryb1__L005224,C[C@H]1[C@@H]([C@H](C[C@@H](O1)O[C@@H]2C[C@](Cc3c2c(c4c(c3O)C(=O)c5ccccc5C4=O)O)(C(=O)C)O)[NH3+])O
dude_tryb1__L005225,CC(C)S(=O)(=O)N1c2cc(ccc2N[C@H]1[NH3+])c3c(nc([nH]3)c4ccncc4)c5ccccc5
dude_tryb1__L005226,CN(Cc1cc(cs1)Br)S(=O)(=O)c2ccc(s2)CC[NH3+]
dude_tryb1__L005227,c1ccc2c(c1)CC[NH+](C2)C[C@@H](COc3ccccc3C[NH2+]C4CCC(CC4)O)O
dude_tryb1__L005228,CCOc1ccc(cc1)/N=C\2/NC(=O)/C(=C/c3cc(n(c3C)c4ccc(cc4)S(=O)(=O)N)C)/S2
dude_tryb1__L005229,Cc1cccc([nH+]1)N[C@H](c2cccc(c2)OCC=C)c3ccc4cccnc4c3O
dude_tryb1__L005230,CC(C)CCNC(=O)c3ccc(Cc2nc(C(=O)[C@H](CCCCN)NC(=O)OCc1ccccc1)no2)cc3
dude_tryb1__L005231,C[C@H](CCCC(C)C)CCOc1cc(c(cc1[C@@H](CC(=O)N)[NH3+])OC)[C@@H](CC(=O)N)[NH3+]
dude_tryb1__L005232,COc1cc(c(c(c1)OC)C2=CCN(CC2)C(=O)c3cc4c(cc(c(c4[nH]3)OC)OC)OC)OC
dude_tryb1__L005233,Cc1ccc(c(c1)Br)NCC(=O)N/N=C/c2cc(ccc2N(CC(C)C)CC(C)C)[N+](=O)[O-]
dude_tryb1__L005234,c1cc(oc1)[C@H](CNS(=O)(=O)c2ccc3c(c2)oc(=O)[nH]3)S(=O)(=O)c4ccc5c(c4)OCCO5
dude_tryb1__L005235,CCOc1cc(ccc1O)/C=N/Nc2[nH]nc(n2)SCC(=O)Nc3ccccc3SCC=C
dude_tryb1__L005236,CC(C)C(OC(=O)N3CCN(C(=O)N2[C@H](C(O)=O)[C@@H](Cc1ccnc(N)c1)C2=O)CC3)C(C)C
dude_tryb1__L005237,CCC/C=C/[C@@H](C(=O)NCS(=O)(=O)c1ccc(cc1)C)N(Cc2ccco2)C(=O)c3ccc(cc3)O
dude_tryb1__L005238,CCCN([C@@H](c1c(cc(cc1O)O)O)C(=O)NC(C)(C)CC(C)(C)C)C(=O)c2ccc(cc2)O
dude_tryb1__L005239,CCc1c(c(n(n1)c2ccccc2)Oc3ccc(cc3)F)C[NH+](C[C@H]4CCCO4)C[C@@H](COCC=C)O
dude_tryb1__L005240,c1ccc(cc1)C2=CC[NH+](CC2)CCCC[C@@]34CCCc5c3c(ccc5C(=O)N)NC4=O
dude_tryb1__L005241,C[C@@H]1NN[C@H](S1)SCC(=O)N[C@@H](CC2=c3ccccc3=[NH+]C2)C(=O)[O-]
dude_tryb1__L005242,c1cc(c(nc1)SCC(=O)N[C@@H]2CS(=O)(=O)C[C@H]2Cl)N
dude_tryb1__L005243,CCCC[NH+](CC(=O)N)[C@@H](c1cc(cs1)Br)[C@@H](CC)[NH3+]
dude_tryb1__L005244,Cc1cc(ccc1N2C(=O)[C@@H]3[C@@H]([NH2+][C@@]4([C@@H]3C2=O)c5ccccc5NC4=O)Cc6ccc(cc6)O)[N+](=O)[O-]
dude_tryb1__L005245,Cc1ccc(cc1)/C=C/c2c(c(no2)C)S(=O)(=O)N3CCC[C@@H](C3)C(=O)NCc4ccc(o4)C
dude_tryb1__L005246,c1ccc(c(c1)c2c3c(n(nc3nc(n2)NCC[NH+]4CCCCC4)c5ccc(c(c5)Cl)Cl)N)F
dude_tryb1__L005247,[H]/N=C\1/C(=C/c2ccc(c(c2)OCC)OC(=O)c3ccco3)/C(=O)N=C4N1N=C(S4)S(=O)(=O)CC
dude_tryb1__L005248,Cc1ccc(cc1)S(=O)(=O)CNC(=O)[C@@H](c2ccccc2)N(Cc3ccc(o3)C)C(=O)c4cccnc4
dude_tryb1__L005249,CCc1ccccc1NC(=O)C[NH+](C)[C@H](C)C(=O)Nc2c(ccs2)C(=O)N
dude_tryb1__L005250,Cc1cccc2c1ncn(c2=O)CCCC(=O)N[C@@H](C)c3ccc(cc3)n4cncn4
dude_tryb1__L005251,Cc1ccc(cc1)S(=O)(=O)CNC(=O)[C@H](c2ccc(c(c2)OC)OC)N(C)C(=O)c3ccccc3O
dude_tryb1__L005252,Cc1ccccc1Cn2cnc3c(c2=O)cnn3CCNC(=O)[C@@H]4CC(=O)N(C4)c5ccc(c(c5)C)C
dude_tryb1__L005253,CCN(CC)c1ccc(c(c1)O)/C=N/Nc2nnc(n2N)SCC(=O)Nc3ccc(cc3)OC
dude_tryb1__L005254,CCC1(CC[NH+](CC1)CCC[C@@](C)(C(=O)N)[NH2+]CC)CC
dude_tryb1__L005255,NCCCC[C@H](NC(=O)OCc1ccccc1)C(=O)c4noc(CN3CCN(CCCCc2ccccc2)CC3)n4
dude_tryb1__L005256,Cc1ccc(cc1)n2c(=O)c3ccccc3nc2SCC(=O)N4CCNC(=O)[C@@H]4CC(=O)OC
dude_tryb1__L005257,C[C@H](c1nc2cc(ccc2n1C[C@@H]3CCS(=O)(=O)C3)N)O
dude_tryb1__L005258,CC(=O)NCCSc1nnc(n1/N=C/c2cc(c(c(c2)OC)OC)OC)SCCNC(=O)C
dude_tryb1__L005259,CCOC(=O)c1c2c(sc1NC(=O)[C@@H](C)Sc3nc4ccc(cn4c(=O)n3)C)CCC2
dude_tryb1__L005260,CCCC[C@H](CC)C(=O)N([C@@H](c1ccc(cc1)O)C(=O)NCS(=O)(=O)c2ccc(cc2)C)C(C)(C)C
dude_tryb1__L005261,Cc1ccc(cc1C)N([C@@H](C)C(=O)Nc2ccc(cc2)S(=O)(=O)[N-]c3nccc(n3)C)S(=O)(=O)C
dude_tryb1__L005262,CC[NH+](CC)CCn1c2ccccc2n(c1=[NH2+])C[C@H](COc3ccccc3C)O
dude_tryb1__L005263,Cc1cc(nc(n1)NC(=NC(=O)C[NH+]2CCN(CC2)c3ccc(cc3)OC)NCCc4c[nH]c5c4ccc(c5)OC)C
dude_tryb1__L005264,C/C=C/[C@H](C(=O)NCS(=O)(=O)c1ccc(cc1)C)N(Cc2ccc(o2)C)C(=O)[C@@H]3CCC(=O)N3
dude_tryb1__L005265,CCN(CC)S(=O)(=O)c1cc(ccc1C)C(=O)Nc2ccc(cc2)S(=O)(=O)NC(=O)C
dude_tryb1__L005266,CS[P@]1(=O)N[NH+]2C[C@@H]3C=C(C(=C[C@@H]3C[C@@H]2CO1)c4ccccc4O)Br
dude_tryb1__L005267,C[C@@]1(C(=O)N(C(=O)N1)CC(=O)c2ccc3c(c2)CCN3S(=O)(=O)C)c4ccc(cc4)C#N
dude_tryb1__L005268,CCNC(=O)Cn1ccc(n1)NC(=O)CS[C@@H](C)C(=O)Nc2cc(on2)C
dude_tryb1__L005269,c1ccc2c(c1)cccc2/C=N/Nc3nnc(n3N)SCCC(=O)Nc4ccccc4Br
dude_tryb1__L005270,CCOc1cc(cc(c1OCC)OCC)C(=O)OCC(=O)c2c(n(c(=O)n(c2=O)C)C)N
dude_tryb1__L005271,c1ccc2c(c1)C[C@@H]([C@@H]2NC(=O)NCc3nnc4n3CCC4)O
dude_tryb1__L005272,c1cc(ccc1CN(Cc2cc3cc4c(cc3[nH]c2=O)OCCO4)Cc5nnnn5C[C@H]6CCCO6)F
dude_tryb1__L005273,c1cc(oc1)CNc2nnc(s2)SCC(=O)c3c(n(c(=O)[nH]c3=O)C4CC4)N
dude_tryb1__L005274,CC1CCC2(CC1)C(=O)N(C(=O)N2)NC(=O)COC(=O)[C@H](C(C)C)NC(=O)c3ccco3
dude_tryb1__L005275,CCc1ccc(cc1)S(=O)(=O)NNC(=S)Nc2c(c(c(s2)C(=O)N(C)C)C)C(=O)OC
dude_tryb1__L005276,CC(C)CCn1c2c(nc1NCCO)n(c(=O)n(c2=O)CC(=O)N)C
dude_tryb1__L005277,Cc1ccc2cccc(c2n1)O[C@H]3[C@H]([C@@H]([C@@H]([C@@H](O3)COC(=O)C)OC(=O)C)OC(=O)C)NC(=O)C
dude_tryb1__L005278,CC(C)(C)c1ccc(cc1)S(=O)(=O)N/N=C/c2ccc(c(c2)COc3ccccc3C(=O)N)OC
dude_tryb1__L005279,Cc1ccc(cc1C(=O)NNC(=O)NC[C@@H]2CCCO2)S(=O)(=O)NC3CC3
dude_tryb1__L005280,COc1cc(ccc1OC(F)F)C2=N/C(=C\c3cc(c(c(c3)OC)OCC(=O)N)OC)/C(=O)O2
dude_tryb1__L005281,Cc1cc(c(c(c1)C2=NN=C3[C@@H]2[C@@H](N(C3=O)CCCO)c4cc(c(c(c4)Br)O)OC)O)C
dude_tryb1__L005282,Cc1c(c(=O)[nH]c(=O)[nH]1)/C=C\C(=O)N[C@@H](CO)CSCc2ccccc2
dude_tryb1__L005283,CCN1c2ccc(cc2[C@@]3(C1=O)C(=C(OC(=C3C(=O)OC)N)CC(=O)OC)C(=O)OC)Br
dude_tryb1__L005284,Cn1c2ccc(cc2oc1=O)S(=O)(=O)N[C@@H](CCSC)C(=O)NC[C@@H]3COc4ccccc4O3
dude_tryb1__L005285,Cc1c(n(c(c1C#N)NC(=O)CSc2nnc(n2C3CC3)C4CC4)C[C@@H]5CCCO5)C
dude_tryb1__L005286,c1cc(oc1)CNS(=O)(=O)c2ccc(cc2)/C=C/C(=O)NCc3ccc([nH+]c3)N4CCOCC4
dude_tryb1__L005287,c1cc(ccc1N2C(=O)[C@H]3[C@@H](N(O[C@@H]3C2=O)CC(=O)N)c4ccncc4)Br
dude_tryb1__L005288,Cc1c(c([nH]c1C(=O)[C@@H](C)Sc2nnc(n2C[C@@H]3CCCO3)CCC(=O)N)C)C(=O)C
dude_tryb1__L005289,COc1ccc(cc1)[C@H](CN/C(=[NH+]/C[C@H]2CCCO2)/N)[NH+]3CCCCC3
dude_tryb1__L005290,c1cc(ccc1C(=O)Nc2nnc(o2)C3=COCCO3)NS(=O)(=O)c4ccc(cc4)F
dude_tryb1__L005291,CC[C@@H](C)n1c(nn(c1=S)[C@H]2[C@@H]([C@H]([C@@H]([C@H](O2)CO)O)O)NC(=O)C)COc3ccccc3Cl
dude_tryb1__L005292,CCCCN(CC(=O)Nc1cc(nn1c2cccc(c2)C)C(C)(C)C)C(=O)NCC(=O)OCC
dude_tryb1__L005293,Cc1ccc(cc1C)S(=O)(=O)[C@@H](CNC(=O)C(=O)NCCN2CCOCC2)c3ccco3
dude_tryb1__L005294,C[NH+](C)CCCCNC(=O)N[C@H](CC(=O)N)C(=O)[O-]
dude_tryb1__L005295,Cc1nc2nc3cc/[n+](=c\4/[nH]c(n[nH]4)[S-])/c(=O)c3c(n2n1)c5ccc(cc5)OC
dude_tryb1__L005296,COc1cc(cc(c1OC)OC)C(=O)Nc2nnc(s2)SCC(=O)NCc3ccco3
dude_tryb1__L005297,COC(=O)c1c2c(sc1NC(=O)CCSc3nc([nH]n3)N/N=C/c4cnn(c4)CC=C)CCCC2
dude_tryb1__L005298,CCNC(=O)NC(=O)[C@@H](C)OC(=O)c1cccnc1S[C@@H](C)C(=O)NC(=O)NCC
dude_tryb1__L005299,CCCCN([C@H]1CCS(=O)(=O)C1)C(=O)CN2C(=O)[C@]3(CCCc4c3ccs4)NC2=O
dude_tryb1__L005300,C1C[C@@H](OC1)CN([C@@H]2CCS(=O)(=O)C2)C(=S)N[C@@H]3CS(=O)(=O)C[C@@H]3Cl
dude_tryb1__L005301,CC(=CCC[C@@](C)([C@H](C[C@H](/C(=C/COC[C@H]([C@H]([C@H]([C@H](CO)O)O)O)O)/C)OC(=O)C)O)O)C
dude_tryb1__L005302,CC(C)[C@@H](C(=O)N1CCN(CC1)CC(=O)N2CCOCC2)NS(=O)(=O)c3cccc(c3)Cl
dude_tryb1__L005303,Cc1ccc(o1)CN([C@H](c2cccc(c2)OC)C(=O)NC(C)(C)C)C(=O)c3ccc(cc3)[N+](=O)[O-]
dude_tryb1__L005304,CCc1c(c(n(n1)c2ccc(cc2)F)Oc3ccccc3)C[NH+](Cc4ccco4)C[C@@H](COC(C)C)O
dude_tryb1__L005305,Cc1csc(c1C#N)NC(=O)C[NH+]2CCC(CC2)(c3ccc(cc3)Cl)O
dude_tryb1__L005306,CC(C)C[C@@H](C(=O)NNC(=O)NCCCn1cc[nH+]c1)NC(=O)OC(C)(C)C
dude_tryb1__L005307,Cc1ccc(c(c1F)F)C[NH2+]Cc2ccc(c(c2)OC)OC[C@@H](C[NH+]3CCC(CC3)O)O
dude_tryb1__L005308,C[NH+](C)[C@@H](CNC(=O)C(=O)Nc1ccc(c(c1)Cl)C(=O)N)c2ccsc2
dude_tryb1__L005309,c1ccc2c(c1)-c3ccccc3C2=NNC(=O)c4c(n(nn4)c5c(non5)N)C[NH+]6CCOCC6
dude_tryb1__L005310,CN(Cc1cnn(c1)Cc2ccccc2)C(=O)c3cccc(c3)S(=O)(=O)NCc4ccco4
dude_tryb1__L005311,C[C@H]1c2cccc(c2C(=O)C3=C([C@]4([C@H]([C@@H]([C@H]13)O)[C@H](C(=C(C4=O)C(=O)N)O)[NH+](C)C)O)O)O
dude_tryb1__L005312,Cc1nc(on1)[C@@H]2CCCN(C2)CC(=O)c3c(n(c(=O)[nH]c3=O)CC(C)C)N
dude_tryb1__L005313,CC(=O)N[C@@H]1[C@H](C[C@@](O[C@@H]1[C@H]([C@@H](CO)O)O)(C(=O)OC)O)O
dude_tryb1__L005314,CC(C)S(=O)(=O)c1cc2c(c3c(n(c2=O)S(=O)(=O)C(C)C)C(=O)C[C@@H](N3)SC)nc1
dude_tryb1__L005315,C[NH+]1CCC(CC1)N(C)c2c(c(ncn2)NNC(=O)c3ccccc3F)N
dude_tryb1__L005316,CCC[NH+](CCC)CCNC(=O)C[S@@](=O)Cc1c(oc(n1)c2ccc(cc2)C)C
dude_tryb1__L005317,CCCS(=O)(=O)N[C@H](C)C(=O)NNC(=O)NCCOC
dude_tryb1__L005318,C[C@H](Cc1cc(c(c(c1)OC)O)c2cc(cc(c2O)OC)C[C@@H](C)[NH3+])[NH3+]
dude_tryb1__L005319,CCCCn1c2c(c(=O)[nH]c1=O)n(c(n2)CN3C(=O)[C@@](NC3=O)(C)c4ccc5c(c4)OCO5)CC
dude_tryb1__L005320,COc1ccccc1C(=O)NC(=S)Nc2ccc3c(c2)N/C(=C/4\C=CC(=O)C(=C4)Br)/O3
dude_tryb1__L005321,CCn1c(c(c(c(c1=O)C#N)C)/C=C\2/C(=O)N(C(=S)S2)CCCC(=O)[O-])N3CC[NH+](CC3)C
dude_tryb1__L005322,C[C@H]([C@@H](C)O)N1CC[NH+](CC1)Cc2nc(co2)C(=O)Nc3ccc4c(c3)OCCO4
dude_tryb1__L005323,Cn1c(c(c(=O)n(c1=O)C)C(=O)COC(=O)C[C@@H]2C(=O)Nc3cc(ccc3S2)C(F)(F)F)N
dude_tryb1__L005324,c1ccc(cc1)CN([C@H]2CCS(=O)(=O)C2)C(=O)CSc3nnnn3c4ccc(cc4)O
dude_tryb1__L005325,Cc1ccc(cc1)[C@@H](C(=O)NC(C)(C)C)N(c2ccc3c(c2)OCCO3)C(=O)c4c(c(ns4)C(=O)N)N
dude_tryb1__L005326,Cn1ccnc1C(=O)c2ccc(cc2)NC(=O)C(=O)NCC(=O)NCC#C
dude_tryb1__L005327,CSc1c2ccn(c2ncn1)[C@@H]3[C@H]([C@@H]([C@@H](O3)CO)O)O
dude_tryb1__L005328,CCC[NH+]1CC[C@@H](C1)CNC(=O)C(=O)Nc2ccc(cc2C)OCC(=O)N
dude_tryb1__L005329,C[C@@H](c1ccc(cc1)n2cncn2)N(C)C(=O)NCC[C@@](c3nccn3C)(C(F)(F)F)O
dude_tryb1__L005330,C[C@@H](C(=O)NNC(=O)NCC(C)C)NS(=O)(=O)c1ccc(cc1)NC(=O)C
dude_tryb1__L005331,C[C@@H]1CN(C(=Nc2cccc(c2)S(=O)(=O)N(C)C)S1)C(=O)[C@@H]3CC(=O)Nc4c3cccc4
dude_tryb1__L005332,COCCCNC(=S)N(Cc1ccc2c(c1)OCO2)Cc3cc4cc(c(cc4[nH]c3=O)OC)OC
dude_tryb1__L005333,Cc1ccc(cc1)S(=O)(=O)CC(=O)Nc2nnc(s2)[C@@H]3CC(=O)N(C3)c4ccc(cc4)F
dude_tryb1__L005334,CCCCN1C(=O)[C@@H]2[C@@H]([NH2+][C@@]3([C@@H]2C1=O)c4cc(ccc4NC3=O)F)CCC(=O)N
dude_tryb1__L005335,CC[NH+](CC)CCCN(Cc1cc2cc(ccc2[nH]c1=O)OC)C(=O)Nc3ccc(cc3)OC
dude_tryb1__L005336,C[C@H]([C@@]1([C@@H]2[C@@H]([C@@H]([NH2+]1)c3ccc(cc3)C#N)C(=O)N(C2=O)c4cccc(c4)[N+](=O)[O-])C(=O)[O-])O
dude_tryb1__L005337,CCn1cc(cn1)C(=O)N2CCC3(CC2)c4ccccc4[C@H]([C@@H]3OCc5ccccn5)NC(=O)C
dude_tryb1__L005338,CC1(NC(=[NH2+])NC(=[NH2+])N1c2cccc(c2)CCCCc3cccc(c3)N)C
dude_tryb1__L005339,CC(C)CN1CCO[C@@H](C1)CNC(=O)CSc2c3c(=O)[nH]c(=O)n(c3nc(n2)C4CC4)C5CC5
dude_tryb1__L005340,C[NH+](C)[C@@H](CNC(=O)C(=O)Nc1ccc(c(c1)C(=O)N)F)c2ccsc2
dude_tryb1__L005341,c1ccc(cc1)/C=N/Nc2nc3c(ncnc3n2[C@H]4[C@@H]([C@@H]([C@@H](O4)CO)O)O)N
dude_tryb1__L005342,c1cc(ccc1N)S[C@H]2[C@H]([C@@H]([C@@H]([C@@H](O2)CO)O[C@@H]3[C@@H]([C@@H]([C@@H]([C@@H](O3)CO)O)O)O)O)O
dude_tryb1__L005343,CCc1c(c(n(n1)c2ccccc2)Oc3ccccc3OC)C[NH+](C[C@@H](COCC)O)C4CC4
dude_tryb1__L005344,Cc1ccc(c(c1)S(=O)(=O)N2CCCO[C@H]2CNC(=O)C(=O)NCCCN3CCOCC3)C
dude_tryb1__L005345,c1ccc2c(c1)N(C(=O)CO2)CC(=O)N(Cc3ccc(cc3)Cl)CC(=O)NCc4ccco4
dude_tryb1__L005346,Cc1c\2c(oc1C(=O)Oc3ccc(cc3)C(=O)OC)CCC/C2=N\NC(=O)c4ccccn4
dude_tryb1__L005347,CCOC(=O)[C@](C(F)(F)F)(Nc1ccc(cc1)[C@@](C(=O)OC)(C(F)(F)F)O)NC(=O)CCl
dude_tryb1__L005348,C[C@@H]1CC(=O)[C@@]2([C@@H]([C@@]1(C)C[C@@H](c3ccoc3)O)[C@H](CC[C@]24CO4)O)CO
dude_tryb1__L005349,c1cc(ccc1N2C(=O)C[C@H](C2=O)[NH2+][C@@H]3CCCCNC3=O)N4C(=O)C[C@@H](C4=O)[NH2+][C@@H]5CCCCNC5=O
dude_tryb1__L005350,c1cc(cc(c1)N2CCN(CC2)[C@H]3[C@H](O[C@H]([C@H]3O)CO)C[NH2+]C4CCOCC4)C(F)(F)F
dude_tryb1__L005351,CCOC(=O)C1=C(NC(=O)N[C@@H]1c2ccc(cc2)Cl)CN3CCC[NH+](CC3)CC(=O)N(C)C
dude_tryb1__L005352,CC[NH+](CC)C[C@H](CNc1ccc(c2c1C(=O)c3ccccc3C2=O)NC[C@@H]4CO4)O
dude_tryb1__L005353,CN1C(=O)[C@@]2(Cc3cc(c(cc3N4[C@@H]2COCC4)N5CCOCC5)[N+](=O)[O-])C(=O)NC1=O
dude_tryb1__L005354,c1c(cnc(c1Cl)SCCNC(=O)c2cc3c(cc2[N+](=O)[O-])OCO3)C(F)(F)F
dude_tryb1__L005355,c1cc2c(cccn2)c(c1)NC(=O)CSc3c4c(=O)[nH]c(=O)n(c4nc(n3)C5CC5)C6CC6
dude_tryb1__L005356,Cc1cc(nc([nH+]1)C(C)C)N2CC[NH+](CC2)[C@@H](C)C(=O)Nc3c(c4c(s3)CCC4)C(=O)N
dude_tryb1__L005357,C[C@@H](C(=O)NC(=O)Nc1ccc(cc1)Br)Sc2nnnn2c3ccccc3OC
dude_tryb1__L005358,c1ccc2c(c1)[C@H](CN2C[C@@H](C[NH2+]CCc3c[nH]c4c3cc(cc4)F)O)/C=C/C(=O)c5cccs5
dude_tryb1__L005359,CCCCCOc1ccccc1C(=O)NC(=S)NNC(=O)COc2ccc(cc2)[C@H](C)CC
dude_tryb1__L005360,Cc1c(c(n(n1)[C@H]2CCS(=O)(=O)C2)C)N3CCN(CC3)C(=O)c4cc(n[nH]4)c5cc(ccc5OC)OC
dude_tryb1__L005361,Cc1c(c(n2cnc(c2n1)C(=O)N)C)CCC(=O)Oc3cccc(c3)CC(=O)N
dude_tryb1__L005362,CC(=O)Nc1ccc(cc1)NC(=O)C(=O)NCCNc2ccc(cc2)[N+](=O)[O-]
dude_tryb1__L005363,CCCC[NH+](CCCC)[C@H](C[NH3+])c1ccc(cc1F)Br
dude_tryb1__L005364,c1ccc(cc1)CCSc2c3c(nc(n2)N)n(cn3)[C@@H]4[C@H]([C@@H]([C@H](O4)CO)O)O
dude_tryb1__L005365,c1cc(ccc1c2ccn[nH]2)NC(=O)[C@H]3CCC[NH+](C3)Cc4cc(cs4)C#CCO
dude_tryb1__L005366,CCCCNC(=O)NC(=O)CSCC[C@H](C(=O)[O-])[NH3+]
dude_tryb1__L005367,COc1ccc(c(c1)OC)CC(=O)Nc2ccc(cc2)NS(=O)(=O)c3ccc4c(c3)OCCO4
dude_tryb1__L005368,Cn1c2c(c(=O)[nH]c1=O)n(c(n2)N/N=C/3\c4cc(ccc4NC3=O)Br)C[C@@H](CO)O
dude_tryb1__L005369,CC(C)S(=O)(=O)C1=C[C@H]2CN3[C@@H](C[C@@H]2C=C1S(=O)(=O)c4ccccc4)CO[P@@](=O)(N3)OC
dude_tryb1__L005370,Cc1ccc(cc1)S(=O)(=O)CNC(=O)[C@H](c2ccc(cc2)[N+](=O)[O-])N(C)C(=O)c3ccc(cc3)OC
dude_tryb1__L005371,CCCCOCCCNC(=O)[C@H](CC(C)C)N1C(=O)[C@]2(c3c(c4ccccc4[nH]3)CCN2C1=O)C
dude_tryb1__L005372,CCn1cc(c(n1)C(=O)NCc2ccco2)NC(=O)[C@@H]3CCCN(C3)S(=O)(=O)c4cnn(c4)C
dude_tryb1__L005373,CCNc1ccc(cc1NCC(=O)Nc2c(nn(c2C)c3ccccc3)C)S(=O)(=O)N(CC)CC
dude_tryb1__L005374,c1ccc2c(c1)cccc2OCCCn3c4ccccc4nc3S[C@@H]5[C@H]([C@@H]([C@@H]([C@@H](O5)CO)O)O)O
dude_tryb1__L005375,Cc1c(cno1)C(=O)N[C@@H](C)c2ccc(cc2)S(=O)(=O)N
dude_tryb1__L005376,Cc1ncc(c(c1O)/C=[NH+]\CCCCCC/[NH+]=C\c2c(c(ncc2CO)C)O)CO
dude_tryb1__L005377,C[C@@H](C(=O)N)NS(=O)(=O)c1cc(ccc1NN)S(=O)(=O)C
dude_tryb1__L005378,Cc1ccc(c(c1)C)OC[C@@H]2c3ccsc3CCN2C(=O)C[NH+](CCOC)C[C@@H](CCC=C)O
dude_tryb1__L005379,C/C(=N\Nc1nnc(n1N)SCC(=O)Nc2ccccn2)/c3ccccn3
dude_tryb1__L005380,C[C@@H](/C=C(\C)/C=C/C(=O)NO[C@H]1[C@@H]([C@H]([C@@H]([C@H](O1)CO)O)O)O)C(=O)c2ccc(cc2)N(C)C
dude_tryb1__L005381,OC(=O)[C@@H]2[C@@H](CC1CCNCC1)C(=O)N2C(=O)N5CCN(C(=O)Cc4ccc3OCOc3c4)CC5
dude_tryb1__L005382,CC[C@@H](C)NC(=O)[C@@H]1CCC(=O)N([C@@H]1c2ccc(cc2)OC)c3cc(c(c(c3)OC)OC)OC
dude_tryb1__L005383,CC(=O)OC[C@H]1[C@H]([C@@H]([C@@H]([C@@H](O1)Oc2cc(c3c(c2)occ(c3=O)c4ccc(cc4)O)O)O)O)O
dude_tryb1__L005384,c1c2cc3c(cc2[nH]c(=O)c1CN(CCCO)Cc4nnnn4C[C@H]5CCCO5)OCO3
dude_tryb1__L005385,C[NH+](C)[C@@H](CNC(=O)Nc1ccc(cc1Cl)Br)c2ccco2
dude_tryb1__L005386,CCOc1ccc(cc1)O[C@@H](C)C(=O)NNC(=O)c2ccc(cc2)S(=O)(=O)NCC=C
dude_tryb1__L005387,CCOc1ccc2c(c1)cc(c(=O)[nH]2)CN(CCCO)Cc3nnnn3Cc4ccccc4
dude_tryb1__L005388,CCCCCCN([C@H](c1ccccc1O)C(=O)NC(C)(C)CC(C)(C)C)C(=O)c2ccco2
dude_tryb1__L005389,CCOc1ccc(cc1OCC)[C@@H]2C3=C(N=N[C@@H]3C(=O)N2Cc4ccncc4)c5ccccc5O
dude_tryb1__L005390,c1ccc(cc1)N([C@H]2CCS(=O)(=O)C2)C(=O)CN3C(=O)[C@@]4(CCCc5c4ccs5)NC3=O
dude_tryb1__L005391,Cc1cccn2c1nc(c(c2=O)/C=C/3\C(=O)N(C(=S)S3)Cc4ccco4)NCCOCCO
dude_tryb1__L005392,CC1([C@@H]2CC[C@]1([C@H](C2)NC(=O)Cc3cncn3C)CS(=O)(=O)N4CCC5(CCc6c5cccc6)CC4)C
dude_tryb1__L005393,Cc1cc(ccc1NC(=O)CSc2nc([nH]n2)N/N=C/c3cc(ccc3O)[N+](=O)[O-])Br
dude_tryb1__L005394,CC(C)COC[C@@H](C[NH+](CCOC)Cc1c(nn(c1Oc2ccccc2)C)c3ccccc3)O
dude_tryb1__L005395,CC\1=NN(C(=O)/C1=C\c2cc(c(c(c2)OC)O)[N+](=O)[O-])c3ccc(cc3)S(=O)(=O)N
dude_tryb1__L005396,Cc1c(cco1)c2nnc(n2C)SCC(=O)NNC(=O)[C@@H]3COc4ccccc4O3
dude_tryb1__L005397,CCCCC[NH2+][C@H](c1ccc(cc1)Cl)[C@H](CN(CCCCC)S(=O)(=O)c2ccc(cc2)C)C(=O)[O-]
dude_tryb1__L005398,CCC/C=C/[C@@H](C(=O)NCS(=O)(=O)c1ccc(cc1)C)N(Cc2ccco2)C(=O)[C@@H]3CCC(=O)N3
dude_tryb1__L005399,COc1ccc(cc1)C2=N[C@@H]([NH2+][C@@H](C2)c3ccccc3O)c4cccc(c4)F
dude_tryb1__L005400,C[NH+](C)CCNC(=O)C(=O)NC[C@@H]1N(CCO1)S(=O)(=O)c2ccc(cc2)Cl
dude_tryb1__L005401,Cc1ccc(o1)C(=O)C2=C(C(=O)N([C@@H]2c3ccc(c(c3)OC)OC)c4nc(c(s4)C(=O)OC)C)[O-]
dude_tryb1__L005402,C[C@@H](C(=O)Nc1ccc2c(c1)OCCO2)Sc3nnc(n3C[C@@H]4CCCO4)CCC(=O)N
dude_tryb1__L005403,CCOC(=O)c1c2c(sc1NC(=O)C[NH2+][C@H]3CCCc4c3[nH]c5c4cc(cc5)[N+](=O)[O-])CCCC2
dude_tryb1__L005404,CC[NH+](CC)CCN(Cc1cc2cc(cc(c2[nH]c1=O)C)C)C(=S)NCCC[NH+](C)C
dude_tryb1__L005405,CC(C)(C)c1ccc(cc1)S(=O)(=O)N(Cc2cc3cc(c(cc3[nH]c2=O)OC)OC)C[C@H]4CCCO4
dude_tryb1__L005406,[H]/N=C\1/C(=C/c2ccc(c(c2)OC)OCCOc3ccccc3[C@H](C)CC)/C(=O)N=C4N1N=C(S4)C
dude_tryb1__L005407,C[C@H]1CN(C[C@@H](O1)C)c2nc3c(n2C[C@@H](C)CSc4nnnn4c5ccccc5)c(=O)[nH]c(=O)n3C
dude_tryb1__L005408,Cc1ccc(o1)[C@H](C(=O)NC(C)(C)C)N(c2ccc(cc2)OC)C(=O)c3c(c(ns3)C(=O)N)N
dude_tryb1__L005409,COc1ccc(cc1)NC(=O)NC(=O)COC(=O)C2=NN=C(C2)c3ccc(cc3)Br
dude_tryb1__L005410,COc1cc(ccc1O)[C@@H](CO)[C@H](c2ccc(c(c2)OC)O)O[C@H]3[C@H]([C@@H]([C@@H]([C@@H](O3)CO)O)O)O
dude_tryb1__L005411,Cc1c(sc2c1c(=O)[nH]c(n2)CN3CCN(CC3)S(=O)(=O)c4c(noc4C)C)C
dude_tryb1__L005412,c1cc(cnc1)[C@H](CC(=O)O)NC(=O)c2ccc(s2)CCC(=O)NC3=[NH+]CCCN3
dude_tryb1__L005413,CN1c2ccccc2N(C1=C(C#N)C(=O)CSc3nnc(n3CCC(=O)N)c4ccco4)C
dude_tryb1__L005414,CCOC(=O)C\1=NN(C(=O)/C1=C/N2C(=O)/C(=C\c3cccc(c3O)OC)/SC2=S)c4ccccc4
dude_tryb1__L005415,C[NH+](C[C@H]1Nc2ccccc2S1)Cn3c(=S)[nH]c(n3)c4ccccc4Br
dude_tryb1__L005416,C[C@@H](c1ccc(cc1)c2ccc(o2)C[NH2+]CCNc3ccc(cc3Cl)[N+](=O)[O-])O
dude_tryb1__L005417,c1ccc(c(c1)C[C@]2(C(=O)NC(=O)N2)C3CC[NH+](CC3)C[C@@H]4CCC=CC4)F
dude_tryb1__L005418,CCCCCCOc1ccc(cc1)/C(=N/O)/CCC/C(=N/O)/c2ccc(cc2)OCCCCCC
dude_tryb1__L005419,Cc1c(sc(n1)NC(=O)c2cccc(c2)S(=O)(=O)N[C@H]3CCS(=O)(=O)C3)C
dude_tryb1__L005420,COc1cc(c(c(c1)OC)[C@@H](c2ccc(s2)Br)[NH3+])OC
dude_tryb1__L005421,COc1cc(ccc1O)[C@H]2[C@H](c3cc(cc(c3O2)OC)[C@@H]([C@@H](CO)O)O)CO
dude_tryb1__L005422,Cc1ccc(cc1)n2c(nnc2SCC(=O)c3c(n(c(=O)[nH]c3=O)C4CC4)N)N5CCCC5
dude_tryb1__L005423,[H]\N=C\1/C(=C/c2ccc(c(c2)OCC)OC(=O)c3ccccc3)/C(=O)N=C4N1C(=NS4)SC
dude_tryb1__L005424,CCCC[NH+](CCCC)CCCN1[C@H](c2c(=O)c3cc(c(cc3oc2C1=O)C)C)c4ccc(c(c4)OCC)O
dude_tryb1__L005425,Cc1cccc(c1)C(=O)N/N=C(\c2c(=O)[nH]c3cc(c(cc3n2)C)C)/[C@H]([C@H](CO)O)O
dude_tryb1__L005426,CC(=O)N1CCC[C@@H]1C(=O)N[C@@H](CCCN=C(N)N)C(=O)c3nc2ccccc2s3
dude_tryb1__L005427,Cc1ccc2c([nH+]1)cccc2Nc3c(c(ncn3)NNC(C)(C)C)N
dude_tryb1__L005428,C[C@@H](C(=O)[O-])NC(=O)[C@H](C)N1C(=O)[C@@]2([C@H]3C(=c4cc(ccc4=[NH+]3)OC)CCN2C1=O)C
dude_tryb1__L005429,Cc1ccc(cc1)OCC(=O)Nc2cc(ccc2OCc3cc(=O)n4c(n3)ncn4C(C)C)C
dude_tryb1__L005430,c1cc(cnc1)/C=N/Nc2nnc(n2N)SCC(=O)NCc3ccco3
dude_tryb1__L005431,CCC1=C(C(=N[C@@H]1C)[C@H]2c3cc(ccc3NC2=O)c4cc(cnc4)OC[C@H](CC5=c6ccccc6=[NH+]C5)[NH3+])C
dude_tryb1__L005432,CCOc1ccc(cc1)[C@@H](CCC(=O)N/N=C\c2cc(c(c(c2)Cl)OCC#N)OCC)O
dude_tryb1__L005433,Cc1ccc(cc1)S(=O)(=O)CNC(=O)[C@@H](c2ccc3c(c2)OCO3)N(Cc4ccco4)C(=O)COC
dude_tryb1__L005434,c1cc(ccc1c2ccc(o2)/C=C/3\C(=O)N(C(=S)S3)[C@H]4CCS(=O)(=O)C4)S(=O)(=O)N
dude_tryb1__L005435,Cc1ccc(cc1N[C@@H]2[C@H]([C@H]([C@H](O2)[C@@H](CO)O)O)O)[N+](=O)[O-]
dude_tryb1__L005436,CC(C)[NH2+]C[C@H](C[NH2+][C@@H](C)[C@@H]1COc2ccccc2O1)O
dude_tryb1__L005437,CCCOc1ccc(cc1)[C@H]2[C@H]3[C@@H](C(=O)N(C3=O)CC#C)[C@@]([NH2+]2)(CCSC)C(=O)[O-]
dude_tryb1__L005438,CC(C)n1c(nnn1)SCC(=O)NC(=O)N[C@@H]2CCS(=O)(=O)C2
dude_tryb1__L005439,c1ccc2=[NH+]C([NH+]=c2c1)/C=C\3/C(=O)N(C(=S)S3)[C@@H](CC(=O)N)C(=O)[O-]
dude_tryb1__L005440,CCCCCOc1ccc2ccccc2c1C[NH+]3CCNC(=O)[C@H]3CC(=O)NN
dude_tryb1__L005441,CCN(CC(=O)N[C@@H]1CCS(=O)(=O)C1)C(=O)CSc2nnc(n2C3CC3)c4ccccc4F
dude_tryb1__L005442,CCOC(=O)c1c(c(sc1NC(=O)Cn2c(cc(n2)C(F)(F)F)C)C(=O)OCC)C
dude_tryb1__L005443,CC(C)(C)OC(=O)N2CCN(C(=O)N1[C@H](C(N)=O)[C@@H](CCCN=C(N)N)C1=O)CC2
dude_tryb1__L005444,C=CCOC[C@@H](C[NH+](CCN1CCOCC1)Cc2[nH]c(=O)c3c(csc3n2)c4ccccc4)O
dude_tryb1__L005445,CN1C(=O)CCC(=N1)C(=O)NCCN2C(=O)/C(=C/c3cc(c(c(c3)OC)OC)OC)/SC2=O
dude_tryb1__L005446,CC[NH+](CC)CCN1[C@@H](C(=C(C1=O)[O-])C(=O)c2ccc3c(c2)OCCO3)c4ccc(cc4)OC
dude_tryb1__L005447,[H]/N=C\1/C(=C\c2ccc(c(c2)Br)N(C)C)/C(=O)N=C3N1N=C(S3)N4CCOCC4
dude_tryb1__L005448,Cc1c(c(n(n1)CCO)C)/C=N/Nc2[nH]nc(n2)SCC(=O)Nc3ccc(cc3)[N+](=O)[O-]
dude_tryb1__L005449,Cc1ccc2nc(c(c(=O)n2c1)/C=C/3\C(=O)N(C(=S)S3)[C@@H]4CCS(=O)(=O)C4)NCCOC
dude_tryb1__L005450,COc1cc(=O)n2c(c1C(=O)NCCCn3ccnc3)CCN(CC2)Cc4ccc(c(c4)F)F
dude_tryb1__L005451,C[C@](CC[C@@H](C(C)(C)O)O)(C=C)O[C@H]1[C@@H]([C@H]([C@@H]([C@H](O1)CO)O)O)O
dude_tryb1__L005452,CCOC(=O)C1=C(NC(=O)N[C@@H]1c2ccccc2)COC(=O)CCC(=O)c3ccc4c(c3)OCCO4
dude_tryb1__L005453,CCCCSc1ccccc1NC(=O)CSc2nc([nH]n2)N/N=C/c3ccc(cc3)Br
dude_tryb1__L005454,C[C@@H](c1ccc(cc1)S(=O)(=O)C)NC(=O)[C@H]2CC(=O)N(C2)c3ccc4c(c3)OCCO4
dude_tryb1__L005455,c1ccc2c(c1)c3c([nH]2)nc(nn3)N/N=C\[C@@H]([C@@H]([C@H]([C@H](CO)O)O)O)O
dude_tryb1__L005456,Cc1ccc(c(c1)c2c(c[nH]n2)C[NH+]3CCN([C@H](C3)CCO)C4CC[NH+](CC4)C(C)C)C
dude_tryb1__L005457,CCN(CC(=O)NC)c1cc(cc(c1)S(=O)(=O)N)N
dude_tryb1__L005458,Cc1c(c(n(n1)CCO)C)/C=N/Nc2[nH]nc(n2)SCC(=O)N3CCc4cc(c(cc4C3)OC)OC
dude_tryb1__L005459,c1cc(c(cc1O[C@H]2[C@H]([C@@H]([C@@H]([C@@H](O2)CO)O[C@H]3[C@@H]([C@@H]([C@@H]([C@@H](O3)CO)O)O)O)O)O)[N+](=O)[O-])[N+](=O)[O-]
dude_tryb1__L005460,C[C@H]1[C@@H]([C@@H](C[C@@H](O1)O[C@@H]2C[C@@](Cc3c2c(c4c(c3O)C(=O)c5ccccc5C4=O)O)(C(=O)C)O)[NH3+])O
dude_tryb1__L005461,COCCn1c(nnc1SCC(=O)NC(=O)Nc2ccc3c(c2)OCCO3)c4ccncc4
dude_tryb1__L005462,CCCCOc1ccc(cc1OC)[C@H]2c3ccc(cc3OC(=C2C#N)N)OC(=O)COc4ccc(cc4)F
dude_tryb1__L005463,COc1ccc(cc1O)/C=N/Nc2[nH]nc(n2)SCc3nnc(o3)C(F)(F)F
dude_tryb1__L005464,C[C@H](C(=O)NNC(=O)c1cccc(c1)S(=O)(=O)N(C)c2ccccc2)Oc3ccc(cc3)C#N
dude_tryb1__L005465,CCCC[C@@H](C(=O)Nc1cc2c(nc1)n(c(=O)n(c2=O)C)C)NC(=O)N
dude_tryb1__L005466,CC1=C[C@H]([C@@H](C[C@H]1Cc2nnc(o2)COc3ccc(cc3)F)C(C)C)C[NH2+]CCc4c[nH]cn4
dude_tryb1__L005467,c1cc(ccc1CSc2c3c(nc(n2)N)n(cn3)[C@H]4[C@H]([C@@H]([C@H](O4)CO)O)O)[N+](=O)[O-]
dude_tryb1__L005468,c1cc(sc1)CN([C@@H]2CCS(=O)(=O)C2)C(=O)CSc3nnnn3c4ccc(cc4)O
dude_tryb1__L005469,CCC[NH+](CCO)[C@@H](c1cccc(c1)Br)[C@@H](CC)[NH3+]
dude_tryb1__L005470,C[C@@H](C(=O)NNC(=O)C)Sc1nc([nH]n1)N/N=C/c2cc(ccc2O)Cl
dude_tryb1__L005471,Cc1cc(no1)NC(=O)[C@@H]2[C@H]3C(=O)N([C@@H]([C@@]34C=C[C@@]2(O4)C)C(=O)NC(C)(C)C)C[C@@H]5CCCO5
dude_tryb1__L005472,Cc1ccc2c(c1)c(c([nH]2)C)CCN(Cc3cc(c(c(c3)OC)OC)OC)/C(=[NH+]/CCOC)/[S-]
dude_tryb1__L005473,c1ccc2=[NH+]CC(=c2c1)/C=N/NC(=O)[C@@H]3[C@@H](N(N=N3)c4c(non4)N)CSc5ccc(cc5)Cl
dude_tryb1__L005474,Cc1ccc(cc1)[C@H](CN/C(=[NH+]/C[C@H]2CCCO2)/N)[NH+]3CCCC3
dude_tryb1__L005475,c1cc(ccc1[C@H]2Nn3c(=O)cc(nc3S2)CN4CCN(CC4)S(=O)(=O)c5c[nH]cn5)Cl
dude_tryb1__L005476,C[NH+]1CCc2cc3c(c(c2[C@@H]1c4c(=O)[nH]c(=O)n(c4[O-])CCc5ccc(c(c5)OC)OC)OC)OCO3
dude_tryb1__L005477,c1ccc2=[NH+]CC(=c2c1)C[C@H](C(=O)NCCCO)N3[C@@H](Nc4ccccc4C3=O)O
dude_tryb1__L005478,c1cc(ccc1n2cc(c(=O)c3c2cc(c(c3)[N+](=O)[O-])N4CC[N+]5(CCCC5)CC4)C(=O)[O-])F
dude_tryb1__L005479,C[C@@H](C(=O)N1CCOCC1)NS(=O)(=O)c2cn(c(=O)n(c2=O)C)C
dude_tryb1__L005480,c1cc(ccc1CN2C[C@@H](C[C@H]2c3nc(no3)c4ccc(cc4)OC(F)(F)F)O)[N+](=O)[O-]
dude_tryb1__L005481,CCOC(=O)c1c2c(sc1NC(=O)CSc3nnnn3C[C@@H]4CCCO4)C[C@@H](CC2)C
dude_tryb1__L005482,CC[NH+](CC)Cc1c(n(nn1)c2c(non2)N)C(=O)N/N=C/c3cc(ccc3O)Br
dude_tryb1__L005483,CC[C@H](C)[C@@H](C(=O)N[C@H](CC)CO)NC(=O)c1ccccc1Oc2nc(cc(n2)OC)OC
dude_tryb1__L005484,CCCCN(CC)S(=O)(=O)c1ccc(cc1)C(=O)Nc2c(c3c(s2)C[NH+](CC3)C(C)C)C(=O)NC
dude_tryb1__L005485,[H]/N=C\1/C(=C/c2cc(ccc2OCCOc3ccccc3CC=C)[N+](=O)[O-])/C(=O)N=C4N1N=C(S4)C(F)(F)F
dude_tryb1__L005486,OC(=O)[C@@H]2[C@@H](CC1CCNCC1)C(=O)N2C(=O)N5CCN(C(=O)Cc4ccc3CCCCc3c4)CC5
dude_tryb1__L005487,CCCn1c2ccc(cc2nc1S[C@@H](C)C(=O)Nc3ccc4c(c3)[nH]c(=O)[nH]4)S(=O)(=O)N
dude_tryb1__L005488,Cc1cc(ccc1Br)NC(=O)CSc2nc([nH]n2)N/N=C/c3ccc(c(c3)OC)OC
dude_tryb1__L005489,c1cc(c(cc1S(=O)(=O)N[C@H]2CCCS2(=O)=O)[N+](=O)[O-])N[C@@H]3CCCS3(=O)=O
dude_tryb1__L005490,CC[NH+]1CCC(CC1)N[C@@H]2C[C@H]([NH+](C2)C(C)C)C(=O)NCCc3ccccc3F
dude_tryb1__L005491,c1ccc(c(c1)/C=[NH+]/C[C@@H]([C@@H]([C@@H]([C@@H](CO)O)O)O)O)[O-]
dude_tryb1__L005492,CC(C)(C)C(=O)OC[C@H]1[C@@H]([C@@H]([C@H]([C@H](O1)N)OC(=O)C(C)(C)C)OC(=O)C(C)(C)C)OC(=O)C(C)(C)C
dude_tryb1__L005493,COc1ccc(cc1)[C@@H]2NC(=NC(=[NH+]2)N)SCC(=O)N3c4ccccc4CCc5c3cccc5
dude_tryb1__L005494,c1ccc(c(c1)CS(=O)(=O)NC[C@H](c2cccnc2)S(=O)(=O)c3ccc4c(c3)OCCO4)F
dude_tryb1__L005495,CC1CCC(CC1)Nc2c(c(=O)n3ccccc3n2)/C=C/4\C(=O)N(C(=S)S4)[C@@H]5CCS(=O)(=O)C5
dude_tryb1__L005496,C[NH+](C)CCN1[C@@H](C(=C(C1=O)O)C(=O)c2cc3cccc(c3o2)OC)c4ccc(c(c4)OC)O
dude_tryb1__L005497,CCOC(=O)C1=C(NC(=O)N[C@@H]1c2ccco2)Cn3c(=O)n(c(=O)n(c3=O)CC=C)CC=C
dude_tryb1__L005498,C[C@@H](c1ccc(cc1)S(=O)(=O)N)NC(=O)c2cnccn2
dude_tryb1__L005499,CC[NH+]([C@H](C[NH3+])c1cc(c(c(c1)Cl)O)OCC)C(C)(C)C
dude_tryb1__L005500,Cc1c(c([nH]c1C(=O)[C@@H](C)S[C@@H]2Nc3ccccc3C(=O)N2CCCN4CCOCC4)C)C(=O)C
dude_tryb1__L005501,CCc1c(c(n(n1)c2ccccc2)Oc3ccccc3F)C[NH+](C[C@@H](COCC)O)C4CC4
dude_tryb1__L005502,CN([C@H]1CCS(=O)(=O)C1)C(=O)C(=O)NC[C@@H](c2ccc(cc2)F)S(=O)(=O)c3cccs3
dude_tryb1__L005503,CS(=O)(=O)c1ccc(cc1)c2nnc(o2)NC(=O)c3ccc(cc3)S(=O)(=O)N(CC=C)CC=C
dude_tryb1__L005504,CCC(=O)NNC(=O)CSc1nnc(n1N)N/N=C/c2cccc(c2)O
dude_tryb1__L005505,Cc1cc(c2cc(c([nH+]c2c1)NCCCNC(=S)NCCC[NH+](C)C)C#N)C
dude_tryb1__L005506,CNS(=O)(=O)c1ccc(c(c1)C(=O)[O-])Sc2nnc(o2)[C@@H]3CCS(=O)(=O)C3
dude_tryb1__L005507,COC(=O)C[C@@H]1C(=O)NCCN1CN2c3ccccc3[C@@]4(C2=O)C(=C(OC5=C4C(=O)CCC5)N)C#N
dude_tryb1__L005508,c1cc(c(c(c1)Cl)Cl)c2ccc(o2)C[NH2+][C@@H]3CCCc4c3ccc(=O)[nH]4
dude_tryb1__L005509,Cc1ccc(cc1)S(=O)(=O)[C@H](CNS(=O)(=O)[C@H]2CS(=O)(=O)C[C@@H]2O)c3cccnc3
dude_tryb1__L005510,CCCCn1c(c(c(=O)[nH]c1=O)N(C2CCCC2)C(=O)C[NH+]3CCc4ccccc4C3)N
dude_tryb1__L005511,Cc1c(cccc1NC(=O)C(=O)N[C@H](C)C[NH+]2C[C@@H](C[C@@H](C2)C)C)C(=O)N
dude_tryb1__L005512,Cc1ccc(c(c1)[N+](=O)[O-])NC(=O)COC(=O)C[C@@H]2C(=O)Nc3cc(ccc3S2)C(F)(F)F
dude_tryb1__L005513,[H]\N=C\1/C(=C/c2ccc(c(c2)OC)OC(=O)c3ccc(cc3)C)/C(=O)N=C4N1C(=NS4)S(=O)(=O)C
dude_tryb1__L005514,Cc1c(cc2cnn(c2n1)C(C)C)C(=O)OCC(=O)N(C)CC(=O)Nc3ccccc3Cl
dude_tryb1__L005515,COc1cc(cc(c1OC)OC)C(=O)OCC(=O)Nc2c(c3c(s2)CCCCC3)C#N
dude_tryb1__L005516,C/C(=N/Nc1nc2c(ncnc2n1[C@H]3[C@H]([C@@H]([C@@H](O3)CO)O)O)N)/COc4ccc(cc4Cl)Cl
dude_tryb1__L005517,C[C@@]1(CC[C@]2([C@@H](C1)C(C[C@@H]2[NH2+]CC3CCCCC3)(C)C)CCC(=O)NCCN4CCOCC4)O
dude_tryb1__L005518,CCCn1c2ccc(cc2nc1CNc3ccccc3N4CCCC4=O)S(=O)(=O)N5CCOCC5
dude_tryb1__L005519,c1ccc(c(c1)[C@@H]2CC(=N[C@@H]([NH2+]2)c3ccc(cc3)Cl)c4ccc(cc4)Br)O
dude_tryb1__L005520,C[C@]12CC[C@H]([C@@]([C@H]1Cc3c(nc(s3)NC(=O)OCC=C)[C@H]2CC(=O)NCc4cccnc4)(C)CO)O
dude_tryb1__L005521,CCc1ccc2c(c1)cc(c(=O)[nH]2)CN(Cc3ccco3)Cc4nnnn4CCc5ccccc5
dude_tryb1__L005522,CC1=C([C@@H](N2C(=CSC2=N1)/C=C(/NCC[NH+](C)C)\[O-])c3ccc(cc3)[N+](=O)[O-])C(=O)OCCOC
dude_tryb1__L005523,CCOC(=O)c1ccc(o1)S(=O)(=O)N2CCC(CC2)C(=O)N[C@@H]3C[C@H]4CC[C@@]3(C4(C)C)C
dude_tryb1__L005524,C[C@]12CCC(=O)N1[C@H](CS2)C(=O)Nc3cc(ccc3N4CCCC4)S(=O)(=O)N5CCOCC5
dude_tryb1__L005525,C[C@H](C(=O)Nc1ccc(cc1)S(=O)(=O)N2CCCC2)Sc3nnc(n3C)c4ccncc4
dude_tryb1__L005526,Cc1c(c(n(n1)C)C)CCC(=O)O[C@@H](C)C(=O)Nc2ccc3c(c2)OCCO3
dude_tryb1__L005527,Cc1c(c(n2c(n1)ncn2)C)CCC(=O)Nc3ccc(cc3)S(=O)(=O)N[C@H]4CCS(=O)(=O)C4
dude_tryb1__L005528,COc1ccc(cc1)N2C3=C(C(=O)OC3)[C@]4(c5ccccc5N(C4=O)CC#C)C(=C2N)C#N
dude_tryb1__L005529,c1c2cc3c(cc2[nH]c(=O)c1CN(C[C@H]4CCCO4)C(=S)NC[C@@H]5CCCO5)OCCO3
dude_tryb1__L005530,CCc1cc(=O)oc2c1cc(c(c2)OCC(=O)NC3CC([NH2+]C(C3)(C)C)(C)C)Cl
dude_tryb1__L005531,Cc1cc(n(n1)c2ccc(nn2)SCC(=O)Nc3cc(ccc3Cl)S(=O)(=O)N(C)C)C
dude_tryb1__L005532,CCN(CC(=O)NC)C(=O)C1(CCOCC1)/C(=N/O)/N
dude_tryb1__L005533,C[C@@]12C[C@@H](CC(C1)(C)C)[NH+](C2)CC(=O)Nc3c4cc(ccc4[nH]c3C(=O)OC)Br
dude_tryb1__L005534,CCOC(=O)[C@@H]1[C@H]2[C@H]([C@@H]1C(=O)OCC)C(=NO)[C@H]3[C@H](C2=NO)[C@@H]([C@@H]3C(=O)OCC)C(=O)OCC
dude_tryb1__L005535,C/C(=N/NC(=[NH2+])S[C@H]1CC(=O)N(C1=O)c2ccc(cc2)Br)/c3ccc(cc3)Cl
dude_tryb1__L005536,CN(CCc1ccncc1)C(=O)C(=O)NC[C@H](c2cccnc2)S(=O)(=O)c3ccc(cc3)Cl
dude_tryb1__L005537,C[C@@H](C(=O)NNC(=S)NC[C@@H]1CCCO1)NC(=O)c2cccc(c2)[N+](=O)[O-]
dude_tryb1__L005538,CC[C@@H](C)c1ccccc1NC(=O)[C@@H](C)[NH+]2CCc3c(cccc3NC(=O)C)C2
dude_tryb1__L005539,CCCN([C@@H](c1c(cc(cc1O)O)O)C(=O)NCS(=O)(=O)c2ccc(cc2)C)C(=O)CCS
dude_tryb1__L005540,Cc1cc(ccc1OCC(=O)NNC(=O)[C@H](C)Oc2ccc(cc2)[N+](=O)[O-])Br
dude_tryb1__L005541,c1ccc(c(c1)CC(=O)N)NC(=O)C(=O)NC[C@H](c2ccco2)[NH+]3CCCCC3
dude_tryb1__L005542,c1c2c(cc(c1Br)S(=O)(=O)CCC(=O)NC[C@H]3CCCO3)N(CC2)C(=O)C4CC4
dude_tryb1__L005543,CCN([C@@H]1CCS(=O)(=O)C1)C(=O)Cn2c(c(c(n2)C)S(=O)(=O)N(C)Cc3ccco3)C
dude_tryb1__L005544,C[C@H](C(=O)Nc1ccc2c(c1)[nH]c(=O)[nH]2)Sc3nnc(n3C)C[C@H]4CCS(=O)(=O)C4
dude_tryb1__L005545,COc1cc2c(cc1OC)[C@@H]([NH2+]CC2)c3c([nH]c(=S)n(c3=O)CCC4=CCCCC4)O
dude_tryb1__L005546,CCOC(=O)c1c2c(sc1NC(=O)C[NH2+]C3CCCC3)C([NH2+]C(C2)(C)C)(C)C
dude_tryb1__L005547,C[C@H]1C(=C(N=N1)C)CCC2=[NH+]C3=c4ccccc4=[NH+][C@@H](N3N2)SCC(=O)N
dude_tryb1__L005548,C[C@]1([C@@]([C@@]([C@@](O1)(C)n2ccc(nc2=O)NC(=O)c3cc(c(c(c3)OC)OC)OC)(C)O)(C)O)CO
dude_tryb1__L005549,CCOc1cc(c2c(c1)occ(c2=O)c3ccc(cc3)O[C@@H]4[C@H]([C@@H]([C@@H]([C@@H](O4)CO)O)O)O)O
dude_tryb1__L005550,C([C@@H]1[C@H]([C@H]([C@@H](O1)n2c3c(c(=O)[nH]c(=[NH2+])[nH]3)nc2Br)O)O)O
dude_tryb1__L005551,NCc5cccc(C4CCN(C(=O)c2cn(S(=O)(=O)c1ccccc1)c3ccccc23)CC4)c5
dude_tryb1__L005552,Cc1ccc(c(c1)c2csc3c2c(=O)[nH]c(n3)C[NH+](CCOC)C[C@@H](COCC(C)C)O)C
dude_tryb1__L005553,c1ccn2cc([nH+]c2c1)CN(CCCC[NH3+])[C@H]3CCCc4c3nccc4
dude_tryb1__L005554,Cc1ccc(o1)CN([C@@H](c2c(cc(cc2O)O)O)C(=O)NC(C)(C)CC(C)(C)C)C(=O)CO
dude_tryb1__L005555,Cc1c(c(n(n1)c2ccccc2)Oc3ccccc3Cl)C[NH+](CCOC)C[C@@H](COC(C)C)O
dude_tryb1__L005556,CC1(CC2(CC([NH2+]1)(C)C)[C@](N(C(=O)O2)CCN3C(=O)OC4([C@]3(C)O)CC([NH2+]C(C4)(C)C)(C)C)(C)O)C
dude_tryb1__L005557,Cc5ccc(c4cnc(CCC(=O)N3CCN(C(=O)N2[C@H](C(O)=O)[C@@H](CC1CCNCC1)C2=O)CC3)c4=O)cc5
dude_tryb1__L005558,CCCCN(c1c(n(c(=O)[nH]c1=O)CC(C)C)N)C(=O)C[NH+](C)Cc2ccccc2N3CCCCC3
dude_tryb1__L005559,c1nc2c3c4c(c([nH+]c3sc2c(n1)NCCCC[NH3+])N5CCOCC5)CCC4
dude_tryb1__L005560,COc1ccc(cc1)n2c3c(c(n2)C(F)(F)F)CCN(C3=O)c4ccc(cc4)C5(CC5)C[NH3+]
dude_tryb1__L005561,C[C@@H](CCCC(C)(C)O)NC(=O)[C@H]1CN(CC12CC[NH2+]CC2)C(=O)CCOC
dude_tryb1__L005562,Cc1nc(cn1C)S(=O)(=O)NCC(=O)N2CCN(CC2)Cc3ccc(s3)Br
dude_tryb1__L005563,CCc1ccccc1NC(=O)c2c3c(sc2NC(=O)C[NH2+]CC(C)C)CCCCC3
dude_tryb1__L005564,Cc1ccc(cc1)S(=O)(=O)CNC(=O)[C@H](c2ccc(cc2)OC)N(c3cccc(c3)Cl)C(=O)CO
dude_tryb1__L005565,COc1cc(c(cc1OC)NC(=S)/C(=C(\N)/N2CCN(CC2)c3cccc([nH+]3)Cl)/C#N)C#N
dude_tryb1__L005566,Cc1ccc(cc1)n2c3c(c(ncn3)N4CCN(CC4)S(=O)(=O)c5ccc(cc5)NC(=O)C)nn2
dude_tryb1__L005567,C[C@H](CCCC(C)C)CCOc1cc(c(cc1[C@H](CC(=O)N)[NH3+])OC)[C@@H](CC(=O)N)[NH3+]
dude_tryb1__L005568,Cc1ccc(cc1)[C@@H]2CC(=NN2C(=O)CSc3nnc(n3C)CNC(=O)c4ccco4)c5cccs5
dude_tryb1__L005569,C[C@H](C(=O)NCc1ccco1)NC(=O)CCCC[C@H]2[C@H]3[C@@H](CS2)NC(=O)N3
dude_tryb1__L005570,CCn1c(c(c(n1)C)CN/C(=N\C(=O)c2ccc(c(c2)OC)OC)/Nc3ccc(c(c3)OC)OC)C
dude_tryb1__L005571,Cc1cc(c(o1)C)[C@@]2(C(=O)N(C(=O)N2)CC(=O)N3CCN(CC3)c4c(nc(o4)C)C#N)C
dude_tryb1__L005572,CN([C@@H]1CCS(=O)(=O)C1)C(=O)COC(=O)C2CCN(CC2)S(=O)(=O)c3cccs3
dude_tryb1__L005573,C1[C@H]([C@H]([C@@H]([C@H]([NH+]1CCCCCCCCCCCC[NH3+])CO)O)O)O
dude_tryb1__L005574,CC[NH+]1CCc2c(sc3c2C(=N[C@H](N3)c4ccc(cc4)OC(=O)c5ccccc5Cl)O)C1
dude_tryb1__L005575,CC(=O)N1CC=C[C@H]1C(=O)N[C@@H](CCCN=C(N)N)C(=O)c3nc2ccccc2s3
dude_tryb1__L005576,Cc1cc(c(o1)C)C(=O)NNC(=O)[C@@H](CCSC)NS(=O)(=O)c2ccccc2
dude_tryb1__L005577,C[C@]12CC[C@H](C1(C)C)C(=O)N(C2=O)CCCC(=O)Nc3c(c4c(s3)CC[C@@H]4C(=O)OC)C(=O)OC
dude_tryb1__L005578,CCOc1ccccc1OCC(=O)NNC(=O)[C@@H]2CC(=O)N(C2)c3ccc4c(c3)OCCO4
dude_tryb1__L005579,C[C@]1(c2c(ccc(c2C(=O)[C@@H]3[C@@H]1C[C@H]4[C@@H](C(=O)/C(=C(\N)/O)/C(=O)[C@]4(C3=O)[O-])[NH+](C)C)O)Cl)O
dude_tryb1__L005580,Cn1cncc1C(=O)N2C[C@@H](C3(C2)CC[NH2+]CC3)C(=O)NCc4cc(c(c(c4)OC)OC)OC
dude_tryb1__L005581,CC[C@@H](C)NC(=O)[C@@H](C)Sc1nnc(n1C[C@@H]2CCCO2)N3CCOCC3
dude_tryb1__L005582,CCOC(=O)C1=C(NC(=O)N[C@H]1c2ccc(cc2)Cl)COC(=O)c3csc(n3)NCC=C
dude_tryb1__L005583,c1cc(c(cc1CCO[C@@H]2[C@H]([C@H]([C@@H]([C@H](O2)CO)O)O)O)O)O
dude_tryb1__L005584,C1Cc2c(sc(c2C(=O)N)NC(=O)C(=O)NCCO)C1
dude_tryb1__L005585,CCCCOc1ccc(cc1C(=O)NNC(=O)c2ccc(cc2)NC(=O)CC(C)C)Br
dude_tryb1__L005586,c1nc(c2c3c(sc2n1)CNCC3)NCC[NH+]4CCC[C@H](C4)C(=O)N
dude_tryb1__L005587,CCN(c1cccc2c1cccc2)c3c(c(nc[nH+]3)NC4CC([NH2+]C(C4)(C)C)(C)C)N
dude_tryb1__L005588,C[C@H](C(=O)Nc1c(c2c(s1)CCC2)C(=O)N)[NH+]3CCC(CC3)NS(=O)(=O)C
dude_tryb1__L005589,C[NH+]1CCN(CC1)Nc2c(c(ncn2)NNC(=O)c3ccc(cc3Cl)Cl)N
dude_tryb1__L005590,CC(C)n1c2c(cn1)c(cc(n2)c3ccco3)C(=O)N[C@@H](c4ccc(cc4)OC)c5nccn5C
dude_tryb1__L005591,COc1ccc(cc1)NC(=O)CNC(=O)CN(Cc2ccco2)C(=O)c3cc(c(c(c3)OC)OC)OC
dude_tryb1__L005592,CCCCC1CCC(CC1)C(=O)Oc2ccc3c(c2)OC(=C([C@@H]3c4ccc(c(c4)OCC)OCCC)C#N)N
dude_tryb1__L005593,CC(=O)N1CCN(CC1)C(=O)C(=O)Nc2c3c(nn2c4ccc(cc4)F)CS(=O)(=O)C3
dude_tryb1__L005594,CCCCN(c1c(n(c(=O)[nH]c1=O)CCC)N)C(=O)COC(=O)c2cc(c(s2)CCC)CC
dude_tryb1__L005595,Cc1ccc(nc1)NC(=O)c2cc(cc(c2)S(=O)(=O)C)N
dude_tryb1__L005596,CCOc1ccc(cc1)c2nc(c(o2)NCc3ccco3)S(=O)(=O)c4ccc5c(c4)OCCO5
dude_tryb1__L005597,CCOCCCNc1c(c(=O)n2cccc(c2n1)C)/C=C/3\C(=O)N(C(=S)S3)[C@H]4CCS(=O)(=O)C4
dude_tryb1__L005598,c1ccc2c(c1)[C@]3(C(=O)N2)[NH+]=C(NC(=N3)N)Nc4ccc(cc4)F
dude_tryb1__L005599,c1cc(oc1)[C@@H](CNC(=O)C(=O)NC[C@H]2CCCO2)S(=O)(=O)c3ccc(cc3)Cl
dude_tryb1__L005600,Cc1ncc(n1CCOC(=O)c2c3c(sc2NC(=O)c4ccccc4)CCCC3)[N+](=O)[O-]
dude_tryb1__L005601,C[C@H](C(=O)Nc1cccc(c1)C(F)(F)F)OC(=O)c2ccc(c(c2)[N+](=O)[O-])S(=O)(=O)C
dude_tryb1__L005602,c1cc(c(cc1Cl)Cl)/C=N/Nc2nc3c(=O)[nH]c(nc3n2[C@@H]4[C@@H]([C@@H]([C@@H](O4)CO)O)O)N
dude_tryb1__L005603,Cc1ccc(cc1)S(=O)(=O)CNC(=O)[C@H](c2cccc(c2)O)N(Cc3ccc(o3)C)C(=O)C(=C)C
dude_tryb1__L005604,Cc1cc(no1)NC(=O)CSCC(=O)NNC(=O)[C@H](C)Oc2ccccc2F
dude_tryb1__L005605,c1ccc(cc1)OS(=O)(=O)N(C(=O)[C@H]2CC(=C3[NH+]2Cc4ccccc4N3)c5ccccc5O)Cl
dude_tryb1__L005606,C[C@@H]1/C=C\C(=O)NC/C=C\C(=C/[C@@H](CC(=O)Cc2nc(co2)C(=O)N[C@@H](C(=O)O[C@@H]1C(C)C)C)O)\C
dude_tryb1__L005607,CCCCO[C@H]1[C@@H]2[C@@H](O[C@@H]1[C@@H](CO[C@@H]3[C@@H]([C@@H]([C@@H]([C@@H](O3)CO)O)O)NC(=O)C)O)OC(O2)(C)C
dude_tryb1__L005608,CCc1cc2c(=O)c(c(oc2c(c1O)[C@H](c3ccccc3)[NH+]4CCCCC4)N)c5nc(cs5)C
dude_tryb1__L005609,CCSc1nnc(s1)NC(=O)c2cc(=O)[nH]c3c2cc(cc3)S(=O)(=O)N4CCOCC4
dude_tryb1__L005610,COCCCN1C(=O)[C@H]2[C@@H]([NH2+][C@@]3([C@@H]2C1=O)c4cc(ccc4NC3=O)Cl)CCC(=O)N
dude_tryb1__L005611,CCC[NH2+][C@](C)(CCC[NH+](CC)C1CCCC1)C(=O)N
dude_tryb1__L005612,CCN(CC(=O)N[C@H]1CCS(=O)(=O)C1)c2c3c4c(sc3nc(n2)CN5CCOCC5)CCCC4
dude_tryb1__L005613,Cc1cc([nH+]c2c1c(c(s2)C(=O)NNC(=O)c3ccc[nH]c3=O)N)C
dude_tryb1__L005614,CC(C)[C@H](CNC(=O)CCn1c2ccc(cc2oc1=O)S(=O)(=O)N3CCCC3)N4CCOCC4
dude_tryb1__L005615,c1ccc2c(c1)c3c([nH]2)nc(nn3)N/N=C\[C@H]([C@H]([C@@H]([C@@H](CO)O)O)O)O
dude_tryb1__L005616,CCN(Cc1ccccc1)S(=O)(=O)c2ccc(cc2)C(=O)Nc3c(ccs3)C(=O)NN(C)C
dude_tryb1__L005617,CCN(CC)S(=O)(=O)c1ccc2c(c1)c(cc(=O)[nH]2)C(=O)N(C)Cc3[nH]c(=O)c4ccccc4n3
dude_tryb1__L005618,COc1cccc(c1OCc2ccc(cc2Cl)F)C[NH2+]CCNc3ccc(cc3)[N+](=O)[O-]
dude_tryb1__L005619,C[C@H](CCCC(C)(C)O)CC[NH+]1CCC(CC1)n2cc(nn2)C(C)(C)[NH3+]
dude_tryb1__L005620,Cc1cc(c(n1CC(=O)NCCS(=O)(=O)N2C[C@H](O[C@H](C2)C)C)C)c3csc(n3)C
dude_tryb1__L005621,CC(C)Cn1c(nnc1SCC(=O)c2c(n(c(=O)[nH]c2=O)C3CC3)N)N4CCOCC4
dude_tryb1__L005622,COCCCNC(=O)c1csc(n1)CN(CCCOC)C(=O)Nc2ccc(c(c2)F)F
dude_tryb1__L005623,CCc1c(c(nc([nH+]1)N)N)c2ccc(cc2)OCCCCNC(=O)CCCC[C@@H]3[C@@H]4[C@@H](CS3)NC(=O)N4
dude_tryb1__L005624,Cc1cccc[n+]1[C@@H]2[C@H](C(=C(N[C@@]2(c3ccccc3)O)C(C#N)C#N)C#N)c4ccc(cc4)[N+](=O)[O-]
dude_tryb1__L005625,Cc1cc(cc2c1[C@@H](C[C@]3(O2)CC(NC(=[NH+]3)SC)(C)C)c4ccc(cc4)OC)O
dude_tryb1__L005626,CCOc1ccc(cc1)S(=O)(=O)N2CC[NH+](CC2)[C@H](C)C(=O)NC(=O)NCC(F)(F)F
dude_tryb1__L005627,CC(C)Oc1ccc(cc1)S(=O)(=O)[C@H]2CS(=O)(=O)C[C@@H]2N3CCC(CC3)C(=O)N
dude_tryb1__L005628,C[C@@H]1CCC[NH+](C1)C(C)(C)CNS(=O)(=O)c2ccc(cc2)S(=O)(=O)N
dude_tryb1__L005629,C[C@H]([C@@H](c1ccc(cc1)OC)O)O[C@H]2[C@H]([C@@H]([C@@H]([C@@H](O2)CO)O)O)O
dude_tryb1__L005630,c1cc(sc1)CN(Cc2cc3cc4c(cc3[nH]c2=O)OCCO4)Cc5nnnn5C[C@@H]6CCCO6
dude_tryb1__L005631,Cc1ccc(cc1)S(=O)(=O)N(C)CC(=O)Nc2cc(cc(c2C)C)S(=O)(=O)N(C)C
dude_tryb1__L005632,c1cc(cnc1)[C@@H](CNS(=O)(=O)[C@H]2CCS(=O)(=O)C2)S(=O)(=O)c3ccc4c(c3)OCCO4
dude_tryb1__L005633,c1ccc(cc1)n2cnn(c2=O)CC(=O)N/N=C/c3ccc(cc3)OC(=O)/C=C\4/C(=O)NC(=O)S4
dude_tryb1__L005634,CCCOc1cc(c2c(c1)occ(c2=O)c3ccc(cc3)O[C@H]4[C@@H]([C@H]([C@@H]([C@H](O4)CO)O)O)O)O
dude_tryb1__L005635,c1nc(c2c(n1)n(cn2)[C@H]3[C@@H]([C@@H]([C@H](O3)CO[P@](=O)(N)[O-])O)O)N
dude_tryb1__L005636,Cc1ccccc1Nc2nc(nc(n2)N)C[NH+](C)Cc3c(nn(c3C)[C@@H]4CCS(=O)(=O)C4)C
dude_tryb1__L005637,Cc1cc(nc(n1)N/C(=N\C(=S)Nc2cc(ccc2OC)OC)/NCc3ccc4c(c3)OCO4)C
dude_tryb1__L005638,Cn1cc(cc1C(=O)NNC(=O)[C@@H]2CC(=O)N(C2)c3ccc4c(c3)OCCO4)Br
dude_tryb1__L005639,CCC[NH2+]C[C@H](CNc1ccc(c2c1C(=O)c3ccccc3C2=O)NC[C@@H](C[NH2+]CCC)O)O
dude_tryb1__L005640,Cc1ccc(c(c1)NC(=O)C[NH+](C)[C@@H](C)C(=O)Nc2c(ccs2)C(=O)N)C
dude_tryb1__L005641,CC1CC[NH+](CC1)C[C@@H](CNC(=O)Nc2cc(ccc2F)NC(=O)C)O
dude_tryb1__L005642,Cc1cc2cc3c(c(c2c(=O)o1)O)[C@H](C[C@@H](C(=O)O3)OC)O[C@@H]([C@@H]([C@@H]([C@@H]([C@@H](CO)O)O)O)O)O
dude_tryb1__L005643,CNS(=O)(=O)c1cc(n(c1)C)C(=O)N2CCC(=CC2)c3c(cc(cc3OC)OC)OC
dude_tryb1__L005644,CC(C)COc1ccc(cc1)C(=O)NC(=S)Nc2ccc(cc2)S(=O)(=O)NCc3ccco3
dude_tryb1__L005645,CC(C)n1cc(cn1)/C=N/Nc2nnc(n2N)SCCC(=O)Nc3ccc(cc3)OC(F)(F)F
dude_tryb1__L005646,Cc1ccc(cc1)OCCOc2ccc(cc2OC)[C@H]3N(N=C(S3)NC(=O)C)C(=O)C
dude_tryb1__L005647,CC(=O)Nc1ccc(cc1)NC(=O)C2CCN(CC2)S(=O)(=O)[C@@H]3C=C[C@H](O3)[C@@H]4C=CN=N4
dude_tryb1__L005648,C[C@@H](COC)N1C[C@@H](CC1=O)C(=O)N[C@@H]2CC(Cc3c2cnc(n3)c4cnccn4)(C)C
dude_tryb1__L005649,Cc1c2ccc(cc2nc(n1)N3CCC(CC3)[NH2+]C4[C@@H]5CC6C[C@H]4CC(C5)(C6)O)OC
dude_tryb1__L005650,Cc1cccc(c1)COc2c(cc(cc2Br)C[NH2+]CCNCCO)OC
dude_tryb1__L005651,Cc1ccc(cc1)N(C)S(=O)(=O)c2cccc(c2)C(=O)OCC(=O)c3c(n(c(=O)n(c3=O)C)C)N
dude_tryb1__L005652,c1cc(sc1)[C@@H](CNS(=O)(=O)[C@H]2CCS(=O)(=O)C2)S(=O)(=O)c3ccc4c(c3)OCO4
dude_tryb1__L005653,COc1cc(ccc1O[C@H]2[C@@H]([C@H]([C@@H](CO2)O)O)O)[C@@H]3[C@@H](c4cc(cc(c4O3)O)CCCO)CO
dude_tryb1__L005654,c1cc(oc1)CNC(=O)CCn2c(=O)c3c(ccs3)n(c2=O)CC(=O)NCCC4=CCCCC4
dude_tryb1__L005655,CC[C@@H](Cc1cccc(c1OCC[NH+]2CCCC2)Br)[NH3+]
dude_tryb1__L005656,c1cc(c(c(c1)O[C@@H]2[C@H]([C@H]([C@@H]([C@@H](O2)CO)O)O)O)C(=O)CCc3ccc(cc3)O)O
dude_tryb1__L005657,COC1=C[C@H]2CN3[C@@H](C[C@@H]2C=C1Br)CO[P@@](=O)(N3)S(=O)(=O)Oc4ccccc4
dude_tryb1__L005658,C[C@@H](C[NH2+]CCNc1ccc(c2c1C(=O)c3c(ccc(c3C2=O)O)O)NCC[NH2+]C[C@H](C)O)O
dude_tryb1__L005659,CNC(=O)NC(=O)CS[C@H]1NN=C(N1C2CC2)C3=c4ccccc4=[NH+]C3
dude_tryb1__L005660,CC[C@@H](C)N1C(=O)/C(=C\Nc2ccc3c(c2)CC4([C@H]5N3CC[NH+](C5)C)C(=O)NC(=O)NC4=O)/C(=O)NC1=O
dude_tryb1__L005661,CC(=O)N[C@H]1[C@@H]([C@@H]([C@@H](O[C@@H]1Oc2cc3c(c(c2Cl)Cl)oc(=O)s3)CO)O)O
dude_tryb1__L005662,C[C@@H](C(=O)N1CCC2(CC1)c3c(nc[nH]3)CC[NH2+]2)NC(=O)c4ccc(cc4)C(C)(C)C
dude_tryb1__L005663,Cc1c2c(cc(nc2n(n1)C)c3cccs3)C(=O)Nc4cc5c(nc4)n(c(=O)n(c5=O)C)C
dude_tryb1__L005664,Cc1cc(ccc1N2CCCC2=O)S(=O)(=O)Nc3ccc(c(c3)S(=O)(=O)N4CCOCC4)OC
dude_tryb1__L005665,c1cc(cnc1)C(=O)NNc2c(c(ncn2)Nc3ccc(cn3)Br)N
dude_tryb1__L005666,c1cc(ccc1c2nnc(n2N)SCC(=O)N/N=C/c3ccc(cc3O)O)Br
dude_tryb1__L005667,CCOc1ccc2c(c1)cc(c(=O)[nH]2)CN(Cc3ccc(cc3)F)Cc4nnnn4Cc5ccc(cc5)F
dude_tryb1__L005668,CCNC(=O)NC(=O)[C@H](C)OC(=O)c1cc(nc2c1c(nn2[C@@H]3CCS(=O)(=O)C3)C)C4CC4
dude_tryb1__L005669,CC[C@@H]1C(=C(NC(=O)N1)CSc2c3cnn(c3ncn2)c4ccc(cc4)F)C(=O)OCC
dude_tryb1__L005670,CCNC(=O)N(CC)Cc1cnc(n1C[C@H]2CCCO2)S(=O)(=O)Cc3ccccc3F
dude_tryb1__L005671,C[C@@H](c1cccc(c1)S(=O)(=O)NC)[NH2+]Cc2csc(n2)c3ccsc3
dude_tryb1__L005672,c1ccc(c(c1)N2CC[NH+](CC2)C[C@@H](COc3ccc(cc3)S(=O)(=O)N4CCOCC4)O)O
dude_tryb1__L005673,c1ccc(cc1)n2c3c(cn2)c(nc(n3)NCCOCCO)Nc4c(c5c(s4)CCC5)C(=O)N
dude_tryb1__L005674,Cc1ccc(cc1)N([C@H](c2ccco2)C(=O)NCCC(C)C)C(=O)c3c(c(ns3)C(=O)N)N
dude_tryb1__L005675,CCc1nnc(s1)NC(=O)CSc2nnc(n2CCc3ccccc3)c4cccnc4
dude_tryb1__L005676,CCCCCN1[C@@H](c2c(n[nH]c2C1=O)c3ccccc3O)c4ccc(c(c4)OCC)OCCCC
dude_tryb1__L005677,Cc1cc(c(s1)C)c2cc(c3c(noc3n2)C)C(=O)OCC(=O)Nc4ccccc4C(=O)C
dude_tryb1__L005678,Cc1ccc(cc1)SCCCC(=O)Nc2c(c3c(s2)C[NH+](CC3)C)C(=O)N
dude_tryb1__L005679,CN(C)NC(=O)c1ccsc1NC(=O)c2ccc(cc2)S(=O)(=O)N(CCC#N)CCC#N
dude_tryb1__L005680,[H]/N=C\1/C(=C\c2ccc(cc2)OCCOc3cc(ccc3C)C)/C(=O)N=C4N1N=C(S4)S(=O)(=O)CC
dude_tryb1__L005681,C[C@@H](C(=O)Nc1ccc(cc1)S(=O)(=O)[N-]c2c(nccn2)OC)Oc3ccccc3OC
dude_tryb1__L005682,CSCC[C@@H](C(=O)N1CCC2(CC1)c3c([nH]c[nH+]3)CCN2)NC(=O)c4ccc(cc4)Br
dude_tryb1__L005683,CCCNc1c2cnn(c2ncn1)CCNC(=O)[C@@H]3CC(=O)N(C3)c4ccccc4OC
dude_tryb1__L005684,C[C@H](C(=O)Nc1c(ccs1)C(=O)N)[NH+]2CCC(CC2)NC(=O)C3CC3
dude_tryb1__L005685,Cc1ccc(cc1)CN2CCCn3c(cc(n3)C(=O)N[C@@H](C)C(=O)N4CCN(CC4)C)C2=O
dude_tryb1__L005686,C[C@H](C(=O)NNC(=O)c1ccc2c(c1)[nH]c(=O)c(=O)[nH]2)Oc3ccc(cc3)C(=O)C
dude_tryb1__L005687,c1cc(ccc1[C@H](CC[NH+]2CCCCCC2)O)[C@H](CC[NH+]3CCCCCC3)O
dude_tryb1__L005688,CC(=C)C(=O)O[C@@H]1C[C@]([C@@]2(CC[C@@]([C@@H]([C@@]23C1=C(C(=O)O3)CO)OC(=O)C)(C)O)O)(C)OC(=O)C
dude_tryb1__L005689,Cc1cccc2c1[nH]c(=O)c(c2)[C@@H](c3nnnn3C[C@@H]4CCCO4)N(Cc5ccccc5)Cc6cccs6
dude_tryb1__L005690,Cc1cc(oc-2c/c(=[NH+]/C(=O)[C@H](Cc3ccccc3)NC(=O)[C@H](C)NC(=O)[C@@H](C)[NH3+])/ccc12)O
dude_tryb1__L005691,CCCCc1c(nc(nc1N2C(=N2)SC/C=C/CSC3=NN3c4c(c(nc(n4)N)C)CCCC)N)C
dude_tryb1__L005692,COc1ccc(cc1CSC2[NH+]=c3ccccc3=[NH+]2)[C@@H]4c5c(nc[nH]5)C[C@@H]([NH2+]4)C(=O)[O-]
dude_tryb1__L005693,Cc1c(c(n(c1C(=O)OC)C)C)C(=O)CN(Cc2ccncc2)C(=O)NC(C)C
dude_tryb1__L005694,Cc1ccc(c(c1)C)N2[C@H](N[NH2+]N2)SCC(=O)N[C@@H](CC3=c4ccccc4=[NH+]C3)C(=O)[O-]
dude_tryb1__L005695,Cc1ccc2c(c1)sc(n2)Nc3c(c(ncn3)NC4CC([NH2+]C(C4)(C)C)(C)C)N
dude_tryb1__L005696,C/C(=C\CC[C@](C)(C=C)O)/CO[C@H]1[C@@H]([C@H]([C@@H]([C@H](O1)CO)O)O)O
dude_tryb1__L005697,Cc1c(n(c(c1C#N)NC(=O)C[NH+]2CCC(CC2)C(=O)Nc3ccccc3O)Cc4ccco4)C
dude_tryb1__L005698,c1cc(cnc1)[C@H](CNS(=O)(=O)Cc2ccc(cc2)F)S(=O)(=O)c3ccc4c(c3)OCO4
dude_tryb1__L005699,CC[NH+]1[C@H]([C@H](C[C@@]1(C)CO)CNCc2ccc(cc2)C#CCCO)c3ccc(cc3)Cl
dude_tryb1__L005700,COCCNc1c(c(=O)n2ccccc2n1)/C=C\3/C(=O)N(C(=S)S3)[C@@H]4CCS(=O)(=O)C4
dude_tryb1__L005701,Cn1ccnc1[C@](CCNC(=O)[C@@H]2CC(=O)N(C2)c3ccccc3OC)(C(F)(F)F)O
dude_tryb1__L005702,CSc1ccccc1C(=O)Nc2c(c3c(s2)C[NH+](CC3)Cc4ccccc4)C(=O)N
dude_tryb1__L005703,Cc1cc(c2cc(c(=O)[nH]c2c1)C[NH+](CCO)[C@H](c3nnnn3Cc4ccc(cc4)OC)C(C)C)C
dude_tryb1__L005704,CC(C)Cc1nnc(s1)NC(=O)CCc2nc3cc(ccc3n2C)S(=O)(=O)N4CCOCC4
dude_tryb1__L005705,C[C@@H](c1ccccc1)NC(=O)[C@@H]2CSC[C@@H]([NH2+]2)c3cc(c(c(c3)C(C)(C)C)O)C(C)(C)C
dude_tryb1__L005706,C[NH+](C)CCCSSNC(=O)C(=O)NSSCCC[NH+](C)C
dude_tryb1__L005707,Cc1ccc(cc1)Cn2c(c(c(n2)C)/C=C/C(=O)OCC(=O)c3c(n(c(=O)n(c3=O)C)C)N)C
dude_tryb1__L005708,c1ccc(cc1)[C@H]2c3ccsc3CC[NH+]2CC(=O)N(CCC(=O)N)c4ccccc4
dude_tryb1__L005709,CCN(CC)c1ccc(cc1)C=NNC(=O)COc2ccccc2[C@@H]3C(=C(NC(=S)N3)C)C(=O)OCC
dude_tryb1__L005710,COc1cc(cc(c1OCc2cccc3c2cccc3)Br)/C=N/NC(=O)Cc4nnc(s4)N
dude_tryb1__L005711,C[NH+]1CCC(CC1)NC(=O)Nc2ccc(cc2C(F)(F)F)NC(=O)c3ccoc3
dude_tryb1__L005712,C[C@H]1C[C@@H](C[NH+](C1)C(C)(C)CNC(=O)NNC(=O)C(=O)NC2CC2)C
dude_tryb1__L005713,CCOc1ccc(cc1OCC)C(=O)NCC(=O)O[C@@H](C)C(=O)Nc2cc(ccc2Cl)[N+](=O)[O-]
dude_tryb1__L005714,Cc1ccc(c([nH+]1)Cn2c3cc(ccc3[nH+]c2NC4CC[NH+](CC4)C)CNc5cc(cc(c5)C)C)[O-]
dude_tryb1__L005715,COc1ccc(cc1)Cn2c(nnn2)CN(Cc3cccs3)Cc4cc5cc(c(cc5[nH]c4=O)OC)OC
dude_tryb1__L005716,CC1=CC(=N[C@H]1C(=O)N2CC[C@H]3[C@@H](C(=CC(=O)N3CC2)OC)C(=O)N[C@@H](C)c4ccco4)C
dude_tryb1__L005717,Cc1ccc2c(c1C)NC(=O)[C@@]23[C@H]4[C@@H]([C@@H]([NH2+]3)Cc5ccc(cc5)O)C(=O)N(C4=O)CCc6ccccc6
dude_tryb1__L005718,CCOC(=O)c1c(c(sc1NC(=O)CSc2nnc(s2)NC(=O)C(C)(C)C)C(=O)OCC)C
dude_tryb1__L005719,c1cc(cc(c1)[N+](=O)[O-])/C=N/Nc2nc(cs2)CSC(=[NH2+])NN=Cc3cccc(c3)[N+](=O)[O-]
dude_tryb1__L005720,Cc1cc([nH+]c(c1)N)C[C@@H]2C[NH2+]C[C@H]2OCC[NH2+]C[C@@H](c3cccc(c3)F)F
dude_tryb1__L005721,Cc1ccc(cc1)S(=O)(=O)CNC(=O)[C@H](c2ccccc2C)N(Cc3ccco3)C(=O)c4cccnc4
dude_tryb1__L005722,CC(=O)OC[C@H]1[C@H]([C@@H]([C@@H]([C@@H](O1)n2ccc(=O)[nH]c2=O)NC(=O)C(F)(F)F)OC(=O)C)OC(=O)C
dude_tryb1__L005723,CCC1(CC[NH+](CC1)[C@@H](C)C(=O)NC(=O)NCC)C(=O)[O-]
dude_tryb1__L005724,Cc1cnc(cn1)CNC(=O)[C@H]2CN(CC23CC[NH2+]CC3)C(=O)c4cc(c(c(c4)OC)OC)OC
dude_tryb1__L005725,CCC[C@@H](c1nnnn1Cc2ccco2)N(Cc3ccco3)Cc4cc5cc(ccc5[nH]c4=O)C
dude_tryb1__L005726,CCn1c2ccc(cc2nc1CSc3nnc(s3)NC4CC4)S(=O)(=O)N(C)C
dude_tryb1__L005727,CC[C@@H](C)Sc1nnc(s1)NC(=O)CSc2nnc(n2CC=C)CNc3ccc(cc3)C
dude_tryb1__L005728,CCCOc1ccc(cc1OC)[C@H]2CC(=O)Nc3c2c(nn3c4nc(cnn4)c5ccccc5)C
dude_tryb1__L005729,COc1cc(cc(c1OC)OC)N2C[C@H](OC2=O)CNS(=O)(=O)c3ccc4c(c3)OCCO4
dude_tryb1__L005730,C[C@@H]1CCc2cc(cc3c2n1c(c(c3=O)C(=O)NCC[NH2+]CCO)O)F
dude_tryb1__L005731,C[C@]12CC[C@H](C1(C)C)[C@H]([C@]2(Nc3ccc(c(c3)[N+](=O)[O-])N)S(=O)(=O)[O-])[n+]4ccccc4
dude_tryb1__L005732,Cc1ccc(cc1)c2cc([nH]n2)C(=O)OCC(=O)N(C)Cc3ccc(c(c3)OC)OC
dude_tryb1__L005733,Cc1c2c(c(n(n2)c3ccc(cc3)F)n4cccc4)c(=O)n(n1)CC(=O)NCCN5CCOCC5
dude_tryb1__L005734,CCOCCOc1nc(n(n1)c2ccc(cc2)NS(=O)(=O)CC)c3ccc(cc3)C
dude_tryb1__L005735,CC(C)COC[C@H](C[NH+](Cc1ccco1)Cc2[nH]c(=O)c3c(csc3n2)c4cccc(c4)OC)O
dude_tryb1__L005736,COCCCn1c(nnc1SCC(=O)NNC(=O)c2ccco2)COc3cccc4c3nccc4
dude_tryb1__L005737,c1cc(cnc1)[C@H](CNC(=O)C(=O)N[C@H]2CCS(=O)(=O)C2)S(=O)(=O)c3ccc(cc3)F
dude_tryb1__L005738,c1cc(cnc1)[C@@H](CNC(=O)C(=O)NNC(=O)c2ccco2)S(=O)(=O)c3ccc(cc3)F
dude_tryb1__L005739,CC(=O)Nc1ccc(cc1)C(=O)NNC(=S)NC(=O)c2cc(cc(c2)[N+](=O)[O-])[N+](=O)[O-]
dude_tryb1__L005740,CCn1cc(c(=O)c2c1cc3c(c2)OCO3)C(=O)N[C@@H](C(C)C)C(=O)NCCCn4cc[nH+]c4
dude_tryb1__L005741,C/C(=N\Nc1[nH]nc(n1)SCC(=O)NNC(=O)COC)/c2ccccc2O
dude_tryb1__L005742,CC1=C2[C@H](SCC(=O)N[C@@H]2N(N1)C3=NC=NC4=NC=N[C@@H]43)c5ccc(c(c5)O)OC
dude_tryb1__L005743,CCCCCCN([C@@H](c1c(cc(cc1O)O)O)C(=O)NCCCC)C(=O)C[C@H](C)c2ccccc2
dude_tryb1__L005744,C[C@H]([C@@H]1[C@@H]2[C@@H](C(=O)N(C2=O)Cc3ccc(cc3)OC)[C@@]4([NH2+]1)c5cc(ccc5NC4=O)Cl)O
dude_tryb1__L005745,C[C@]12CC[C@@H]3[C@H]([C@]1(CC[C@@H]2C4=CC(=O)OC4)O)CC[C@@]5([C@@]3(CC[C@@H](C5)O)/C=N/NCCO)O
dude_tryb1__L005746,C[C@H]([C@@H](c1ccc(s1)Cl)[NH+](CCO)Cc2ccccc2)[NH3+]
dude_tryb1__L005747,Cc1c(c(n(n1)C)C)/C=N/Nc2[nH]nc(n2)SCC(=O)Nc3ccc(cc3)S(=O)(=O)N4CCCC4
dude_tryb1__L005748,c1c2cc3c(cc2[nH]c(=O)c1CN(Cc4nnnn4C[C@@H]5CCCO5)C[C@@H]6CCCO6)OCCO3
dude_tryb1__L005749,C[C@]1(C(=O)N(C(=O)N1)CC(=O)N([C@@H]2CCS(=O)(=O)C2)C3CCCC3)c4ccco4
dude_tryb1__L005750,CC[NH+](CC(=O)Nc1ccc(cc1)NC(=O)C)[C@H](C)C(=O)Nc2ccc(cc2)OC(F)F
dude_tryb1__L005751,Cc1csc(n1)CC(=O)N2CCN(CC2)CC(=O)Nc3cc(ccc3n4cncn4)C(F)(F)F
dude_tryb1__L005752,Cc1cc(c(o1)C)c2cc(c3c(noc3n2)C)C(=O)NN4CC(=O)NC4=O
dude_tryb1__L005753,CCc1c(c(n(n1)c2ccccc2)Oc3ccc(cc3)OC)C[NH+](CCOC)C[C@H](COCC#C)O
dude_tryb1__L005754,CC(C)(C)n1c(nnn1)[C@H](c2cc3cc(c(cc3[nH]c2=O)OC)OC)N(Cc4cccnc4)Cc5ccco5
dude_tryb1__L005755,Cc1ccc(cc1)NC(=O)Nc2cc(cc3=C([C@@H]([NH+]=c32)C(=O)NCCc4ccco4)c5ccccc5)C
dude_tryb1__L005756,CC(=O)Nc1ccc(cc1)/C=N/NC(=O)c2c(n(nn2)c3c(non3)N)C[NH+](C)C4CCCCC4
dude_tryb1__L005757,CCOC(=O)c1c(nc(s1)NC(=O)[C@@H](C)SCC2=NC(=O)C3=C([C@H](SC3=N2)C)C)C
dude_tryb1__L005758,C[C@@H]1[C@H]([C@@H]([C@@H]([C@H](O1)Oc2ccc(cc2OC)[C@@H]3[C@@H](c4cc(cc(c4O3)O)CCCO)CO)O)O)O
dude_tryb1__L005759,Cn1c2c(c(=O)n(c1=O)C)n(cn2)CC(=O)OCC(=O)Nc3c(c4c(s3)CCCC4)C(=O)N
dude_tryb1__L005760,Cc1cc(c(n1CCC2=CCCCC2)C)C(=O)COC(=O)CN3C(=O)C(NC3=O)(C)C
dude_tryb1__L005761,CCc1ccc2c(c1)cc(c(=O)[nH]2)C[NH+](CCCO)Cc3nnnn3Cc4ccco4
dude_tryb1__L005762,CC(C)Cn1c(c(c(=O)n(c1=O)C)C(=O)COC(=O)[C@@H]2CC(=O)N(C2)Cc3ccco3)N
dude_tryb1__L005763,CCOc1cccc(c1OCc2ccccc2F)C[NH2+]CC[NH2+]C[C@@H](C)O
dude_tryb1__L005764,NCCCC[C@H](NC(=O)c1cccc(F)c1)C(=O)c4noc(Cc3ccc(C(=O)NCCc2cccc(Cl)c2)cc3)n4
dude_tryb1__L005765,c1cc(ccc1CC(=O)NCCCN2CCOCC2)/N=C\3/N[C@H]4CS(=O)(=O)C[C@H]4S3
dude_tryb1__L005766,OC(=O)[C@@H]2[C@@H](CC1CCNCC1)C(=O)N2C(=O)N5CCN(C(=O)c3ccccc3CCc4ccccc4)CC5
dude_tryb1__L005767,Cc1c(sc(c1C(=O)OC)NC(=O)COC(=O)/C=C/c2cc(ccc2OC)OC)C
dude_tryb1__L005768,Cc1ccc(cc1)COc2ccc(cc2)C[NH2+]CC[NH2+]C[C@@H](C)O
dude_tryb1__L005769,CCc1cc(c(cc1O[C@H]2[C@@H]([C@H]([C@@H]([C@H](O2)CO)O)O)O)O)C(=O)Cc3cscn3
dude_tryb1__L005770,Cc1ccc(o1)[C@H](C(=O)NCCOC)N(c2ccc(cc2)C(C)C)C(=O)c3c(c(ns3)C(=O)N)N
dude_tryb1__L005771,CC1=CC(=N[C@@H]2N1C(=NN2)SCC(=O)N[C@H](CC3=c4ccccc4=[NH+]C3)C(=O)[O-])C
dude_tryb1__L005772,Cc1c(c(sc1C(=O)N)NC(=O)CSc2nnnn2C[C@H]3CCCO3)C(=O)OCCOC
dude_tryb1__L005773,CC(C)[C@@H](C(=O)NC(C)(C)C)NC(=O)[C@@H]1CN(CC12CC[NH2+]CC2)C(=O)c3c(ccc(c3F)Cl)F
dude_tryb1__L005774,Cc1c2c(=O)[nH]c(nc2sc1C(=O)OC(C)C)C[NH+](C[C@@H](CCC=C)O)C3CCCCC3
dude_tryb1__L005775,Cc1ccccc1[C@@H](CC(=O)NC[C@@H](c2cccs2)[NH+]3CCC(CC3)C)NC(=O)N
dude_tryb1__L005776,Cc1ccc(cc1)COc2ccc(cc2OC)C[NH2+]CC[NH2+]C[C@@H](C)O
dude_tryb1__L005777,CC(=O)N1CCC(CC1)[NH2+][C@H]2CC([C@H]3[C@]2(CC[C@](C3)(C)O)CCC(=O)NCCOC)(C)C
dude_tryb1__L005778,CCOc1ccc(cc1S(=O)(=O)N(C)C)NC(=O)C[C@@](c2nccn2C)(C(F)(F)F)O
dude_tryb1__L005779,Cc1c(nc(nn1)N/N=C/c2ccc(cc2O)O)N/N=C/c3ccc(cc3O)O
dude_tryb1__L005780,COCCNc1[n+](c(cs1)c2ccco2)/N=C/c3ccc(c(c3O)O)O
dude_tryb1__L005781,CN(CC(=O)N1CCN(CC1)c2ccccc2F)S(=O)(=O)c3cc4c(cc3Cl)NC(=O)CO4
dude_tryb1__L005782,Cc1c2c(c(cnc2n(n1)C)C(=O)N3C[C@@H](C4(C3)CC[NH2+]CC4)C(=O)NCCn5cccn5)Cl
dude_tryb1__L005783,c1cc(cc(c1)F)n2c(c3c(nc(nc3n2)NCC[NH+]4CCCCC4)c5ccc(c(c5)Cl)F)N
dude_tryb1__L005784,c1cc(cnc1)[C@@H](CNC(=O)C(=O)NCCCn2ccnc2)S(=O)(=O)c3ccc4c(c3)OCO4
dude_tryb1__L005785,CCn1c(nc2c1ccc(c2)C(=O)NNC(=O)CN(c3ccccc3C)S(=O)(=O)C)C
dude_tryb1__L005786,CSCC[C@@H](C(=O)NNC(=O)Cc1cccc2c1cccc2)NC(=O)COc3ccccc3
dude_tryb1__L005787,CCOc1ccc(cc1OC)/C=C\2/C(=O)N(C(=O)S2)CCNC(=O)c3cnn4c3nc(cc4C)C
dude_tryb1__L005788,c1c(cc2c3c1CCC(=O)N3CC2)NC(=O)C(=O)NCCN4CCOCC4
dude_tryb1__L005789,CC[C@@H](c1ccc(cc1)S(=O)(=O)C)NC(=O)[C@H]2CCN(c3cc(ccc3O2)Cl)S(=O)(=O)C
dude_tryb1__L005790,C[C@H]1CCC[C@](C1)(C(=O)[O-])NC(=O)[C@@H](CC(=O)N)[NH3+]
dude_tryb1__L005791,CCOc1ccc(cc1)NCc2nnc(n2c3ccccc3)S[C@H](C)C(=O)NNC(=O)C(C)C
dude_tryb1__L005792,CCOc1ccc(cc1)[C@H](CCC(=O)N/N=C\c2cc(n(c2C)c3ccc(c(c3)Cl)C(=O)OC)C)O
dude_tryb1__L005793,[H]/N=C\1/C(=C\c2ccc(c(c2)OCC)OC(=O)c3cccs3)/C(=O)N=C4N1N=C(S4)S(=O)(=O)C
dude_tryb1__L005794,Cn1c(cc(=O)n(c1=O)C)CSc2nnc(n2CCC(=O)N)C3CC3
dude_tryb1__L005795,Cc1c(c2cc(ccc2[nH]1)Br)CC(=O)NC[C@H](c3ccccc3OC)[NH+](C)C
dude_tryb1__L005796,C[C@]1(C[C@@]2(CC(OC2=O)(C)C)C(=O)O1)C(=O)CSc3[nH]nc(n3)c4ccccc4Br
dude_tryb1__L005797,CC(C)(C)n1c(nnn1)[C@H](c2cc3cc(c(cc3[nH]c2=O)OC)OC)N(Cc4ccco4)C[C@@H]5CCCO5
dude_tryb1__L005798,CCCN([C@@H](c1ccc(c(c1)OC)OC)C(=O)NCS(=O)(=O)c2ccc(cc2)C)C(=O)[C@@H]3CCC(=O)N3
dude_tryb1__L005799,CCN(CC)S(=O)(=O)c1ccc(cc1)NC(=S)NC(=O)/C=C/c2ccc(c(c2)OC)OC
dude_tryb1__L005800,CCOC(=NNC(=O)N)[C@H]([C@@H](C)[C@@H](C(=O)C)C(=O)O[C@@H]1C[C@@H](CC[C@@H]1C(C)C)C)C(=O)C
dude_tryb1__L005801,Cc1c2c(=O)[nH]c(nc2sc1C(=O)OC(C)C)C[NH+](CCOC)C[C@H](COC(C)(C)C)O
dude_tryb1__L005802,CCN(CC)c1ccc(cc1)/C=N/Nc2[nH]nc(n2)SCC(=O)NCc3cccc(c3OC)OC
dude_tryb1__L005803,CCCOc1ccc(cc1)[C@H]2CC(=O)Nc3c2c(nn3c4nc(cnn4)c5ccc(cc5)OC)C
dude_tryb1__L005804,Cc1cc(nc(n1)NS(=O)(=O)c2ccc(cc2)NC=C3C(=O)NC(=O)NC3=O)C
dude_tryb1__L005805,CC1CC[NH+](CC1)C[C@H](CNC(=O)N[C@@H](C)c2ccc3c(c2)NC(=O)CO3)O
dude_tryb1__L005806,c1ccc2=[NH+]CC(=c2c1)C[C@@H](CNc3cc(cnc3)/C=C/c4ccncc4)[NH3+]
dude_tryb1__L005807,Cc1ccc2c(c1)[nH]c(n2)[C@@H](C)NC(=O)[C@@H]3CN(CC34CC[NH2+]CC4)C(=O)c5cc(n(n5)C)C
dude_tryb1__L005808,CCCCCCN1C(=O)/C(=C\c2ccc(c(c2)COc3ccc(cc3)NC(=O)C)OC)/C(=O)NC1=O
dude_tryb1__L005809,Cc1ccc(s1)c2cc(c3cnn(c3n2)C(C)C)C(=O)NNC(=O)c4ccc(c(c4)OC)OC
dude_tryb1__L005810,CC[C@@]1(C(=O)N(C(=O)N1)NC(=O)CSc2nnc(n2c3ccc(cc3)F)C[NH+]4CCCCC4)C
dude_tryb1__L005811,C[NH+](C)CCOc1cccc(c1)[C@H](C[NH3+])N(C)c2ccc(cc2)O
dude_tryb1__L005812,CN(C)S(=O)(=O)c1ccc2c(c1)CCN2C(=O)N[C@H]3CCCN(C3)C(=O)c4ccc(nc4)C(F)(F)F
dude_tryb1__L005813,c1cc(cc(c1)OC(F)(F)F)n2c(c(nn2)C[NH+]3CCC[C@H](C3)C(=O)[O-])c4ccncc4
dude_tryb1__L005814,CCCCOc1ccc(cc1C(=O)NC(=S)Nc2cccc(c2)C(=O)N[C@H](C)CC)Br
dude_tryb1__L005815,CCOc1ccccc1[C@@H]2[NH2+][C@@H](CC(=N2)c3ccc(cc3)OC)c4ccccc4O
dude_tryb1__L005816,COC(=O)Cn\1c2ccc(cc2s/c1=N\C(=O)c3cccc(c3)N4C(=O)CCC4=O)S(=O)(=O)N
dude_tryb1__L005817,C[C@@H](C(=O)/N=C\1/NCCS1)Sc2nnc(n2CC=C)[C@H](CO)NC(=O)c3ccc(cc3)OC
dude_tryb1__L005818,Cc1c(c(n(n1)C)C)CN/C(=N\C(=O)c2cc(c(c(c2)OC)OC)OC)/Nc3cccc(c3)SC
dude_tryb1__L005819,C[NH+](C)[C@H](CNC(=O)C(=O)Nc1c(ccs1)C(=O)N)c2ccccc2Cl
dude_tryb1__L005820,COc1ccc(cc1)C[NH+]2CCC3(CC2)Nc4ccc(c(c4C(=O)N3)Cl)Cl
dude_tryb1__L005821,Cn1c2c(cn1)[C@@H](CCC2)NC(=O)C(=O)Nc3ccc(cc3)n4cncn4
dude_tryb1__L005822,C[C@H]1CN(C[C@@H](O1)C)C(=O)C(=O)NC[C@@H](c2cccnc2)S(=O)(=O)c3ccc4c(c3)OCCO4
dude_tryb1__L005823,CCOc1cc(ccc1OCc2ccc(cc2Cl)Cl)[C@H](c3c([nH]nc3O)C)c4c(n[nH]c4O)C
dude_tryb1__L005824,CC(C)COc1c(cc(cc1Cl)C(=O)OCC(=O)N(CCC(=O)N)c2ccc(cc2)F)OC
dude_tryb1__L005825,COc1ccc(cc1N2CCCC2=O)NS(=O)(=O)c3ccsc3C(=O)OC
dude_tryb1__L005826,CC[NH+](CC)CCNc1nc2c(n1C[C@H](COc3ccc(cc3)[N+](=O)[O-])O)c(=O)[nH]c(=O)n2C
dude_tryb1__L005827,CCN(CCO)Cc1c(c(=O)cc(n1C[C@H](C)O)CO)O
dude_tryb1__L005828,CCOc1ccc(cc1)[C@H]2[C@H](N[NH2+]N2c3c(non3)N)C(=O)N/N=C/C4=c5ccccc5=[NH+]C4
dude_tryb1__L005829,CCCC[C@@H](CC)CNC(=O)CCCCCn1c(=O)c2cc3c(cc2[nH]c1=S)OCO3
dude_tryb1__L005830,CC[NH+](CC)C[C@@H](CNc1ccc(cc1Br)Br)O
dude_tryb1__L005831,Cc1ccccc1[C@@H](CC(=O)N[C@H](C)c2c(nn(c2C)C)C)NC(=O)N
dude_tryb1__L005832,C[C@@H](C(C)(C)C)NC(=O)[C@@H]1CN(CC12CC[NH2+]CC2)C(=O)[C@@H]3CCC=CC3
dude_tryb1__L005833,[H]/N=C\1/C(=C/c2ccc(o2)c3ccc(cc3)[N+](=O)[O-])/C(=O)N=C4N1N=C(S4)S(=O)(=O)C
dude_tryb1__L005834,CCc1cccc(c1Nc2nnc(s2)SCC3=C([C@H](NC(=O)N3)c4ccco4)C(=O)OCC)C
dude_tryb1__L005835,CC[C@@H]1CC[NH2+][C@@H](C1)C(=O)N[C@H]([C@@H]2[C@@H]([C@@H]([C@@H]([C@H](O2)SC)O)O)O)[C@@H](C)Cl
dude_tryb1__L005836,C1CC[NH+](C1)CCNC(=O)N[C@@H](CCC(=O)N)C(=O)[O-]
dude_tryb1__L005837,Cc1c(c([nH]c1C(=O)[C@H](C)OC(=O)[C@H](C(C)C)NC(=O)c2cc(cc(c2)OC)OC)C)C(=O)C
dude_tryb1__L005838,CCOC(=O)C1=C(NC(=C(C1C(=O)OCC(=O)Nc2ccccc2C(F)(F)F)C(=O)OCC)C)C
dude_tryb1__L005839,COc1cc(ccc1O)[C@@H]2C3=C(C[C@@H](CC3=O)c4cc(c(c(c4)OC)OC)OC)Nc5ccccc5N2
dude_tryb1__L005840,CCN(CC)S(=O)(=O)c1ccc(cc1)C(=O)Nc2c3c(nn2c4ccc(cc4C)C)C[S@](=O)C3
dude_tryb1__L005841,COc1cc(cc(c1OCC(=O)N)Cl)C[NH2+]CCC[NH+]2CCOCC2
dude_tryb1__L005842,CC[C@@H]([C@@H](c1cccc(c1)Br)[NH+](CC)CCO)[NH3+]
dude_tryb1__L005843,CC(C)N1C(=O)/C(=C/Nc2ccc3c(c2)CC4([C@@H]5N3CCC5)C(=O)N(C(=O)N(C4=O)C)C)/C(=O)NC1=O
dude_tryb1__L005844,CCc1ccc(cc1)C2=[NH+][C@@H](ON2)CCC(=O)Nc3nc(cs3)Cc4n[nH]c(=S)n4CC=C
dude_tryb1__L005845,Cc1ccc(cc1)S(=O)(=O)N2CCO[C@@H]2CNC(=O)C(=O)NCCN3CCOCC3
dude_tryb1__L005846,COc1ccc2=[NH+][C@@H]([NH+]=c2c1)SCC(=O)Nc3ccc(cc3)S(=O)(=O)N
dude_tryb1__L005847,CCOc1ccc(cc1)c2nnc(n2CCC(=O)[O-])S[C@@H](C)C(=O)N(C)[C@@H]3CCS(=O)(=O)C3
dude_tryb1__L005848,CCC(CC)(CNC(=O)C(=O)Nc1ccc(cc1Br)F)[NH+](C)C
dude_tryb1__L005849,CN(c1ccccc1C(=O)NCc2ccco2)C(=O)CSc3nc(n(n3)c4ccccc4)C5CC5
dude_tryb1__L005850,CC[NH+]1CCN(CC1)CCCC[NH2+]Cc2c[nH]nc2c3cc4ccccc4o3
dude_tryb1__L005851,CC(C)COC(=O)c1ccc(cc1)Nc2c(c(ncn2)NCCCn3cc[nH+]c3)N
dude_tryb1__L005852,CC[C@H](C)c1ccccc1OCC(=O)NNC(=O)[C@@H](CC)Oc2ccccc2[C@@H](C)CC
dude_tryb1__L005853,Cc1ccc(cc1)S(=O)(=O)CNC(=O)[C@@H](c2cc(ccc2Cl)[N+](=O)[O-])N(C)C(=O)c3ccccc3
dude_tryb1__L005854,CCOc1cc(cc(c1OCC)OCC)NC(=O)NCCS(=O)(=O)c2c(n(c3c2cccc3)C)C
dude_tryb1__L005855,CCCCn1c(c(c(=O)[nH]c1=O)N(CCC(C)C)C(=O)C[NH+]2CCC(=CC2)c3ccccc3)N
dude_tryb1__L005856,c1c(c(cc(c1N)F)[N+](=O)[O-])C(=O)NCCS(=O)(=O)N
dude_tryb1__L005857,CCOc1ccccc1N([C@@H](c2ccc(cc2)O)C(=O)NCCOC)C(=O)c3c(c(ns3)C(=O)N)N
dude_tryb1__L005858,c1ccnc(c1)C(=[NH2+])NNC(=O)c2c(ccs2)OCc3ccc(cc3Cl)Cl
dude_tryb1__L005859,CCc1cccc2=C(C[NH+]=c12)C(=O)CS[C@@H]3NN[C@H]([NH+]3CCC(=O)[O-])c4cccc(c4)C
dude_tryb1__L005860,CC(C)n1cc(cn1)/C=N/Nc2nnc(n2N)SCC(=O)Nc3cc(c(c(c3)OC)OC)OC
dude_tryb1__L005861,C[C@H](C(=O)NN(C)c1nc(nc(n1)N2CCOCC2)N3CCOCC3)SCCO
dude_tryb1__L005862,COc1c(nccn1)[N-]S(=O)(=O)c2ccc(cc2)NC(=O)c3cc(cc(c3)[N+](=O)[O-])[N+](=O)[O-]
dude_tryb1__L005863,CC(C)[C@@H](C(=O)NCCNC(=O)c1ccco1)NS(=O)(=O)c2cccc3c2nsn3
dude_tryb1__L005864,CC[NH+]1CCc2c(sc(c2C(=O)N)NC(=O)[C@H]3CCCN(C3)S(=O)(=O)c4ccc(cc4)C)C1
dude_tryb1__L005865,Cc1ccc(cc1)S(=O)(=O)CNC(=O)[C@H](c2cccc(c2)O)N(Cc3ccco3)C=O
dude_tryb1__L005866,CN(CC/C(=N/NC(=O)N)/CNc1c(c(=O)[nH]c(n1)N)[N+](=O)[O-])c2ccc(cc2)C(=O)OC
dude_tryb1__L005867,Cc1cccc(c1)[C@@H](CC(=O)NC[C@H](c2cccs2)[NH+]3CCCC3)NC(=O)N
dude_tryb1__L005868,CCCCNC(=O)[C@H](c1ccc(cc1)C(F)(F)F)N(Cc2ccc(o2)C)C(=O)c3c(cccc3O)O
dude_tryb1__L005869,C[C@H]1[C@@H](C(=O)N[C@@H](C(=O)N2CCC[C@@H]2C(=O)N(CC(=O)N([C@H](C(=O)O1)C(C)C)C)C)C(C)C)NC=O
dude_tryb1__L005870,C[C@H](c1ccccc1)NC(=O)c2c[nH]c3ccc(cc3c2=O)S(=O)(=O)Nc4ccc5c(c4)OCCO5
dude_tryb1__L005871,CC(C)CN(CC[NH+](C)C)[C@H](C[NH3+])c1ccc(cc1F)Br
dude_tryb1__L005872,Cc1ccc(cc1C)c2c(c[nH]n2)C[NH2+]Cc3ccc(cc3)C[NH+]4CCCC4
dude_tryb1__L005873,Cn1c2c(c(=O)n(c1=O)C)nc(n2CC(=O)c3c(n(c(=O)[nH]c3=O)C4CC4)N)Br
dude_tryb1__L005874,CC(C)OCCCN1CC(=O)N2[C@@H](C1=O)Cc3c4ccccc4[nH]c3[C@H]2c5ccc(cc5)[N+](=O)[O-]
dude_tryb1__L005875,C[C@H](Cc1c(cccc1F)F)NC(=O)C[NH+]2CCN(CC2)c3ccc(cc3)O
dude_tryb1__L005876,C[NH+](C)CCNC(=O)Nc1c(nn(c1N)c2ccc(cc2)C(F)(F)F)c3ccccc3
dude_tryb1__L005877,CN(C)N([C@H]1CCS(=O)(=O)C1)C(=O)[C@@H]2CCCN2S(=O)(=O)c3ccc4c(c3)OCCO4
dude_tryb1__L005878,Cc1ccc(cc1)S(=O)(=O)CNC(=O)[C@H](c2ccc(cc2)OC)N(Cc3ccco3)C(=O)CCl
dude_tryb1__L005879,Cc1c(cc(cc1Cl)S(=O)(=O)N[C@H](CC(=O)[O-])c2ccc(c(c2)OC)OC)[N+](=O)[O-]
dude_tryb1__L005880,CCc1nnc(s1)NC(=O)[C@H](C)Sc2nnc(n2CC(C)C)c3ccncc3
dude_tryb1__L005881,CC1=C([C@H](n2c(ncn2)N1)c3cc(c(c(c3)Br)OCc4ccc(cc4)Cl)OC)C(=O)N
dude_tryb1__L005882,Cc1c2c(c(c(c1OC)C/C=C(\C)/CCC(=O)O[C@@H]3[C@H]([C@@H]([C@@H]([C@@H](O3)CO)O)O)O)O)C(=O)OC2
dude_tryb1__L005883,CCc1nnc(o1)CN(C(C)C)C(=O)CSc2nc([nH]n2)N/N=C/c3ccccc3[N+](=O)[O-]
dude_tryb1__L005884,CSc1ccc(cc1[N+](=O)[O-])S(=O)(=O)NCC(=O)OCC(=O)NC(=O)NCC=C
dude_tryb1__L005885,CC[C@H](C)[C@@H](C(=O)NNC(=O)c1cc(cc(c1)OC)OC)NC(=O)N
dude_tryb1__L005886,CCc1c(c(n(n1)c2ccccc2)Oc3ccc(cc3)C)C[NH+](CC4CC4)C[C@@H](COC(C)(C)C)O
dude_tryb1__L005887,CCOC(=O)[C@H]1[C@@H](SC(=C1C)C(=O)OCC)NC(=O)CSc2nnc3n2c4c(c(n3)[O-])CCC4
dude_tryb1__L005888,Cn1cc(cc(c1=O)NC(=O)C2CCN(CC2)S(=O)(=O)C)C(=O)N3CCOCC3
dude_tryb1__L005889,Cc1ccc(cc1C)S(=O)(=O)[C@H](CNC(=O)C(=O)NNC(=O)c2cccnc2)c3ccco3
dude_tryb1__L005890,CCCCOC(=O)[C@@H](Cc1c[nH]c2c1cccc2)NC(=O)c3csc(n3)[C@H]4CCC[NH2+]C4
dude_tryb1__L005891,CC(C)(C)OC[C@H](CNc1ccc(cc1)n2c(nc(n2)OCCOC)c3ccc(cc3)C(F)(F)F)O
dude_tryb1__L005892,c1ccc(c(c1)C[NH2+]CC2(CCCCC2)O)OC[C@@H](C[NH+]3CCCCC3)O
dude_tryb1__L005893,c1cc(cnc1)[C@@H](CNS(=O)(=O)[C@H]2CCS(=O)(=O)C2)S(=O)(=O)c3ccc(cc3)F
dude_tryb1__L005894,CCOc1ccc(cc1OC)/C=C\2/C(=O)N(C(=O)S2)CCNC(=O)Cc3c([nH]c(=S)s3)C
dude_tryb1__L005895,CC(C)c1[nH+]ccn1CCC[NH2+]Cc2c[nH]nc2c3ccc(cc3)F
dude_tryb1__L005896,CCCCCOc1ccc(cc1OCC)[C@H]2c3ccc(cc3OC(=C2C#N)N)OC(=O)/C=C/c4ccccc4
dude_tryb1__L005897,CC(C)CC[NH+](Cc1c(noc1N2CCOCC2)c3ccccc3F)C[C@H](COc4ccccc4)O
dude_tryb1__L005898,CCCC(=O)OC[C@@H](C[NH+](Cc1ccco1)Cc2[nH]c(=O)c3c(c(sc3n2)C(=O)OCC)C)O
dude_tryb1__L005899,CC(C)[C@@H](C(=O)C)NC(=O)CSC[C@@H](C(=O)[O-])[NH3+]
dude_tryb1__L005900,c1ccc(c(c1)C(=O)NNC2=c3cccc(c3=[NH+]C2=O)Br)Cl
dude_tryb1__L005901,Cc1cc(ccc1SCC(=O)OCC(=O)Nc2cc(cc(c2)C(=O)N)C(=O)N)Br
dude_tryb1__L005902,CCCC(=O)OC[C@@H](C[NH+](CC=C)Cc1[nH]c(=O)c2c(c(sc2n1)C(=O)OC(C)C)C)O
dude_tryb1__L005903,CCCCC[C@H](C(=O)NCS(=O)(=O)c1ccc(cc1)C)N(Cc2ccco2)C(=O)c3ccc(cc3)O
dude_tryb1__L005904,CN(C)C(=O)[C@@H](c1ccc(cc1)C2=CN3[C@@H](C=C2)NC=N3)[C@@H](C(=O)N4CC[C@@H](C4)F)[NH3+]
dude_tryb1__L005905,Cn1cc(cn1)S(=O)(=O)N2CCC[C@@H](C2)C(=O)Nc3ccc(cc3)S(=O)(=O)N4CCOCC4
dude_tryb1__L005906,Cc1ccc(c(c1F)C(=O)N2C[C@H](C3(C2)CC[NH2+]CC3)C(=O)N[C@@H](C(C)C)C(=O)NC(C)(C)C)F
dude_tryb1__L005907,COC(=O)[C@]1([C@H]2[C@@H]([C@@H]([NH2+]1)c3ccc(cc3)O)C(=O)N(C2=O)c4ccc5c(c4)OCCO5)CCSC
dude_tryb1__L005908,CCCCNC(=O)N(CCC(=O)Nc1nnc(s1)c2cccc(c2)Br)CCOC
dude_tryb1__L005909,[H]/N=C\1/C(=C\c2cc(n(c2C)c3cccc(c3C)Cl)C)/C(=O)N=C4N1N=C(S4)S(=O)(=O)CC
dude_tryb1__L005910,COC(=O)CC1=C([C@]2(c3ccccc3N(C2=O)CC(=O)N)C(=C(O1)N)C#N)C(=O)OC
dude_tryb1__L005911,CC(C)CC[C@]1([C@H](C([C@@H](C(C1=O)(C)C)O[C@H]2[C@@H]([C@H]([C@@H]([C@H](O2)CO)O)O)O)(C)C)O)O
dude_tryb1__L005912,C[C@@]12CCC(=O)C=C1CC[C@@H]3[C@H]2C(=O)C[C@]4([C@@H]3CC[C@]4(C(=O)COC(=O)CCC(=O)N5C[C@H](C[C@@H]5C(=O)OC)O)O)C
dude_tryb1__L005913,C[C@@H](C[NH2+]CC[NH2+]Cc1cc(ccc1OCc2ccc(cc2Cl)Cl)Cl)O
dude_tryb1__L005914,CCc1ccc2c(c1)cc(c(=O)[nH]2)CN(CC[NH+]3CCOCC3)C(=S)Nc4ccc(cc4)OC
dude_tryb1__L005915,c1cnc(nc1)NS(=O)(=O)c2ccc(cc2)NC(=S)NNC(=O)c3cc(ccc3Cl)Cl
dude_tryb1__L005916,CCCSc1ccccc1NC(=O)CSc2nc([nH]n2)N/N=C/c3ccc(cc3)OCC
dude_tryb1__L005917,CC(=O)N[C@H]1[C@@H](C=C(O[C@@H]1[C@@H]([C@@H](CO)O)O)C(=O)OC)O
dude_tryb1__L005918,Cc1cc(c(n1c2ccc(cc2)S(=O)(=O)N)C)C(=O)CN3CCN(CC3)c4ncccn4
dude_tryb1__L005919,CCOC(=O)c1c(c(c(s1)NC=C2C(=O)NC(=S)NC2=O)C(=O)OC)C
dude_tryb1__L005920,c1cc(ccc1N2C(=O)/C(=C\NC(CO)(CO)CO)/C(=O)NC2=O)Cl
dude_tryb1__L005921,CC(C)C[C@H](c1nnc2n1CC[NH+](CC2)Cc3cc(c(c(c3)OC)O)OC)NC(=O)c4ccco4
dude_tryb1__L005922,c1ccc(c(c1)[C@H]2CC(=N[C@@H]([NH2+]2)c3cccc(c3)Cl)c4ccc5c(c4)OCO5)O
dude_tryb1__L005923,CC(C)(C)OC(=O)Nc1ccc(cn1)NC(=O)C(=O)NC2CC[NH+](CC2)C
dude_tryb1__L005924,Cc1c(c2c(s1)ncn(c2=O)C[C@H]3CCCO3)C(=O)Nc4ccc(nc4)S(=O)(=O)N
dude_tryb1__L005925,COCCNC(=O)[C@@H](c1cccs1)N(c2ccccc2OC)C(=O)Cn3c4ccccc4nn3
dude_tryb1__L005926,Cc1ccc(cc1)S(=O)(=O)Cn2c(nnn2)[C@@H](CC(C)C)[NH+]3CCC(CC3)C(=O)N
dude_tryb1__L005927,CCOc1ccc(cc1)[C@H](CCC(=O)N/N=C\c2cc(ccc2OCC(=O)OC)Br)O
dude_tryb1__L005928,Cc1ccc(cc1)S(=O)(=O)CNC(=O)[C@@H](c2ccc(cc2)N(C)C)N(C)C(=O)c3ccc(cc3)OC
dude_tryb1__L005929,C[NH+]1CCC=C(C1)c2c(nsn2)OCCCC[NH2+]CCCNc3c4ccccc4[nH+]c5c3CCCC5
dude_tryb1__L005930,CC(C)n1cnc2n1c(=O)cc(n2)COc3ccc(cc3NC(=O)COc4ccccc4F)Cl
dude_tryb1__L005931,Cc4cccc(CCC(=O)N3CCN(C(=O)N2[C@H](C(O)=O)[C@@H](CC1CCNCC1)C2=O)CC3)c4
dude_tryb1__L005932,c1ccc(cc1)CNC2=[NH+][P@](=S)(Nc3c2n4c([nH+]3)CCC4)NCc5ccccc5
dude_tryb1__L005933,C[C@H]1CCc2cc(cc3c2n1c(c(c3=O)C(=O)NCC[NH2+]CCO)O)F
dude_tryb1__L005934,CCCN(CC(=O)N(C)C)C(=O)c1cc(cc(c1)N)N
dude_tryb1__L005935,c1c(cc(cc1[N+](=O)[O-])O[C@@H]2[C@H]([C@@H]([C@@H]([C@@H](O2)CO)O)O)O)C(=O)N
dude_tryb1__L005936,Cc1cccc(c1C)N2C(=O)C[C@@H](C2=O)NNC(=O)C34C[C@H]5C[C@@H](C3)CC(C5)(C4)n6nc(nn6)C
dude_tryb1__L005937,CCOc1cc(cc(c1O)CC=C)/C=N\NC(=O)[C@H](C(C)C)NC(=O)c2ccc(c(c2)Cl)Cl
dude_tryb1__L005938,c1cc[nH+]c(c1)N2CCN(CC2)c3c(c([nH+]cn3)Nc4ccc(cn4)Cl)N
dude_tryb1__L005939,c1cc(ccc1C2(CC[NH+](CC2)Cc3ccc(c(=O)[nH]3)C(=O)NC[C@H]4CCCO4)O)Cl
dude_tryb1__L005940,CCCC(=NNC(=O)[C@@H](C)Sc1nnc(s1)S[C@@H](C)C(=O)NN=C(CCC)CCC)CCC
dude_tryb1__L005941,CCCCCCOc1ccc(cc1OC)[C@@H]2c3c(n[nH]c3C(=O)N2CCCO)c4c(cc(cc4O)C)C
dude_tryb1__L005942,CC(C)Cn1c(c(c(=O)n(c1=O)C)C(=O)CSc2nnc(o2)[C@H]3COc4ccccc4O3)N
dude_tryb1__L005943,Cc1cc(cc(c1C)NC(=O)CN2C(=O)[C@](NC2=O)(C)CCC(C)C)S(=O)(=O)N(C)C
dude_tryb1__L005944,[H]/N=C\1/C(=C/c2ccc(cc2)OCc3cc(=O)n4c(n3)sc(n4)CC)/C(=O)N=C5N1N=C(S5)C(C)C
dude_tryb1__L005945,COc1cc(cc(c1OC)OC)/C=N/Nc2nnc(n2N)SCC(=O)Nc3nncs3
dude_tryb1__L005946,CCCCCCN([C@H](c1ccc(cc1)C(F)(F)F)C(=O)NC(C)(C)C)C(=O)c2cccc(c2O)O
dude_tryb1__L005947,c1cnn(c1)c2ccc(cc2)C(=O)Nc3ccc(cc3)NS(=O)(=O)c4ccc5c(c4)OCCO5
dude_tryb1__L005948,COc1cc(cc(c1OC)OC)C(=O)N[C@@H](CCSC)C(=O)N2CCC3(CC2)c4c([nH]cn4)CC[NH2+]3
dude_tryb1__L005949,CCCCCN1[C@@H](c2c(n[nH]c2C1=O)c3cc(cc(c3O)C)C)c4ccc(c(c4)OCC)OCCC(C)C
dude_tryb1__L005950,Cc1cc(ccc1Br)C(=O)CSc2nnc(n2N)N/N=C/c3c4ccccc4ccc3O
dude_tryb1__L005951,[H]\N=C\1/C(=C/c2ccc(c(c2)OCC)OCCOc3ccccc3C)/C(=O)N=C4N1C(=NS4)SC
dude_tryb1__L005952,COC(=O)[C@H]1C(=c2cc(ccc2=[NH+]1)F)NC(=O)CC[NH+]3CCC(CC3)C(=O)N
dude_tryb1__L005953,CC(C)[NH+]1CCc2c(sc(c2C(=O)N)NC(=O)CCS(=O)(=O)c3ccc(cc3)Cl)C1
dude_tryb1__L005954,CN(C)S(=O)(=O)c1cccc(c1)C(=O)NNC(=O)Cn2cc(ccc2=O)C(F)(F)F
dude_tryb1__L005955,CCN(CC)c1ccc(cc1)/C=N/Nc2[nH]nc(n2)SCCC(=O)Nc3ccc(cc3)[N+](=O)[O-]
dude_tryb1__L005956,c1ccc(cc1)Cn2c(nnc2SC[C@@H]3CCCO3)CNC(=O)c4ccccc4n5cccn5
dude_tryb1__L005957,Cc1cc(ccc1N/C(=N\C(=O)c2ccc(cc2)NC(=O)C)/NCCC3=c4ccccc4=[NH+]C3)Cl
dude_tryb1__L005958,CC1CC[NH+](CC1)C[C@@H](CNC(=O)NCCNC(=O)CC2CCCCC2)O
dude_tryb1__L005959,c1ccc(cc1)n2c(nnn2)SCC(=O)Nc3cc(ccc3N4CCOCC4)C(F)(F)F
dude_tryb1__L005960,CCOc1ccc(cc1)NC(=O)Cc2nnc(n2CC=C)S[C@H](C)C(=O)Nc3ccc(cc3)NC(=O)C
dude_tryb1__L005961,Cc1c(cn(n1)[C@@H](C)C(=O)N[C@H]2[C@@H]3N(C2=O)C(=C(CS3)CSc4nnnn4C)C(=O)[O-])Cl
dude_tryb1__L005962,CC[C@@H](CO)[NH2+]Cc1cc(c(c(c1)Br)OC[C@@H](c2ccc3c(c2)OCO3)O)OC
dude_tryb1__L005963,CC(C)(C)C(=O)N[C@H](C(Cl)(Cl)Cl)NC(=S)Nc1ccc(cc1)S(=O)(=O)N
dude_tryb1__L005964,c1cc(c(cc1S(=O)(=O)N2CCOCC2)[N+](=O)[O-])N3CCN(CC3)[C@H]4C(=O)NC(=O)N=N4
dude_tryb1__L005965,Cc1c2cc(ccc2oc1C(=O)O[C@H](C)C(=O)Nc3cccc(c3)S(=O)(=O)N4CCOCC4)F
dude_tryb1__L005966,CSCC[C@@H]1[C@H]2[C@@H](C(=O)N(C2=O)c3ccc(cc3)[N+](=O)[O-])[C@@]4([NH2+]1)c5ccccc5NC4=O
dude_tryb1__L005967,CCOc1ccc(cc1)/C=C/C(=O)NC(=S)Nc2ccc(cc2)NC(=O)[C@@H](C)Oc3ccccc3Cl
dude_tryb1__L005968,C[C@H](C(=O)N1c2ccccc2NC(=O)C1(C)C)OC(=O)c3cc(cn3C)S(=O)(=O)N4CCCC4
dude_tryb1__L005969,C[C@@H](C(=O)N1CCC2(CC1)[C@@H]3C(=NC=N3)CC[NH2+]2)NC(=O)c4cccc(c4OC)OC
dude_tryb1__L005970,CCOC(=O)C1=C(NC(=O)NC1)CSC[C@@H](C(=O)[O-])[NH3+]
dude_tryb1__L005971,c1cc(ccc1c2nnc(n2N)SCC(=O)Nc3c(c4c(s3)CCC4)C(=O)N)OC(F)F
dude_tryb1__L005972,c1c(cc(c(c1Cl)S(=O)(=O)NC2[C@H]3[C@@H]2C[NH2+]C3)Cl)Br
dude_tryb1__L005973,CC[NH+](CC)[C@@H](CNC(=O)NCCCn1cc[nH+]c1)c2ccsc2
dude_tryb1__L005974,COc1cc(cc(c1OC)OC)NS(=O)(=O)c2ccc3c(c2)NC(=O)CC(=O)N3
dude_tryb1__L005975,Cc1c(c(n(n1)CCO)C)/C=N/Nc2[nH]nc(n2)SCCC(=O)Nc3ccccc3Br
dude_tryb1__L005976,c1cc(ccc1/N=C/c2cc(cc(c2O)Br)Br)S(=O)(=O)NC(=[NH2+])N
dude_tryb1__L005977,c1cc(ccc1c2ccc(o2)/C=C\3/C(=O)N(C(=S)S3)[C@H]4CCS(=O)(=O)C4)S(=O)(=O)N
dude_tryb1__L005978,CCc1ccc(cc1)C2=N[C@H]([NH2+][C@@H](C2)c3cccc(c3O)OCC)c4ccc(cc4)Cl
dude_tryb1__L005979,CCOC(=O)C1=C(NC(=O)N[C@H]1c2ccc(cc2)OC)COC(=O)c3ccc(c(c3)OC)OCC=C
dude_tryb1__L005980,COc1ccccc1CCNC(=O)C(=O)Nc2c(ccs2)C(=O)N
dude_tryb1__L005981,Cc1cc(c2c(c1)[C@@]3([C@H]4[C@@H]([C@@H]([NH2+]3)CCSC)C(=O)N(C4=O)CCc5ccccc5)C(=O)N2)C
dude_tryb1__L005982,c1ccc2c(c1)CCN2[C@H](c3cc4cc5c(cc4[nH]c3=O)OCCO5)c6nnnn6C[C@@H]7CCCO7
dude_tryb1__L005983,OC(=O)[C@@H]2[C@@H](CC1CCNCC1)C(=O)N2C(=O)N4CCN(C(=O)CCCNC(=O)OCc3ccccc3)CC4
dude_tryb1__L005984,C[C@H]1CC[C@@H]([NH+]1[C@@H](C)C(=O)N[C@@H](CC(=O)N)C(=O)[O-])C
dude_tryb1__L005985,CC[C@H](C)Nc1c(c(ncn1)NC2CC([NH2+]C(C2)(C)C)(C)C)N
dude_tryb1__L005986,Cc1cc(c(o1)C)c2cc(c3cnn(c3n2)C(C)C)C(=O)NCc4cc(c(cc4OC)OC)OC
dude_tryb1__L005987,[H]/N=C/1\C(=C\c2cc(n(c2C)c3cc(ccc3OC)Cl)C)\C(=O)N=C4N1C(=NS4)S(=O)(=O)CC
dude_tryb1__L005988,CCOc1cc(ccc1O)/C=N/Nc2[nH]nc(n2)SCC(=O)Nc3nc4ccc(cc4s3)OC
dude_tryb1__L005989,Cn1c2ccc(cc2n(c1=O)C)[C@@H](COc3ccc(cc3)C[NH2+]C45C[C@H]6C[C@@H](C4)CC(C6)(C5)O)O
dude_tryb1__L005990,c1cc(c(cc1S(=O)(=O)N2CCOCC2)[N+](=O)[O-])NCCCc3c(c([nH]n3)N)C#N
dude_tryb1__L005991,C[C@@H](C(=O)NCCNc1ccc(cc1[N+](=O)[O-])S(=O)(=O)C)NS(=O)(=O)c2ccccc2F
dude_tryb1__L005992,C[C@H](c1ccccc1)NC(=O)C(=O)NC[C@H](c2cccs2)S(=O)(=O)c3ccc4c(c3)OCCO4
dude_tryb1__L005993,C[C@@H](CCCC(C)(C)O)NC(=O)[C@H]1CN(CC12CC[NH2+]CC2)C(=O)c3c(cccc3Cl)Cl
dude_tryb1__L005994,CCCCN(CCCC)S(=O)(=O)c1ccc(cc1)C(=O)Nc2c(c(c(s2)C(=O)OCC)C)C(=O)N
dude_tryb1__L005995,c1cc(c(cc1[N+](=O)[O-])[N+](=O)[O-])CC(=O)N/N=C/[C@@H]([C@@H]2[C@@H]([C@@H](C(=O)O2)O)O)O
dude_tryb1__L005996,COCCCN1[C@@H](N=C2C(=C3CCC[C@H]3S2)C1=O)SCc4[nH]c(=O)c5ccc(cc5n4)C(=O)[O-]
dude_tryb1__L005997,CCCN(CCC)S(=O)(=O)c1ccc(cc1)NC(=S)NC(=O)c2cccc(c2)OCCC(C)C
dude_tryb1__L005998,C[C@H](CCc1ccc(cc1)O)[NH+]2CCC(CC2)[NH+]3CCC(CC3)C(=O)NC4CC4
dude_tryb1__L005999,c1csc2n1c(c(n2)NN)S(=O)(=O)NC3CCC(CC3)O
dude_tryb1__L006000,C/C(=C\CC[C@H](C(C)(C)O[C@H]1[C@@H]([C@H]([C@@H]([C@H](O1)CO)O)O)O)O)/CC[C@@](C)(C=C)O
dude_tryb1__L006001,Cn1cccc1[C@H](CNC(=O)C(=O)Nc2ccc3c(c2)N(CCC3)S(=O)(=O)C)N4CC[NH+](CC4)C
dude_tryb1__L006002,c1ccc(cc1)C(=O)OCC2=C[C@H]([C@@H]3[C@@H]2[C@@H](OC=C3)O[C@H]4[C@@H]([C@H]([C@@H]([C@H](O4)CO)O)O)O)O
dude_tryb1__L006003,c1ccc(cc1)C[C@H](c2ccc3c(c2)C[NH+](CCO3)Cc4c[nH]nc4c5ccccc5)O
dude_tryb1__L006004,CC(C)C[C@H]1[C@@H]2[C@@H](C(=O)N(C2=O)CCc3ccccc3)[C@]4([NH2+]1)c5cc(ccc5NC4=O)Br
dude_tryb1__L006005,c1ccc2c(c1)[nH]c(n2)N(CCN3CCOCC3)Cn4c5ccccc5[nH+]c4NCCN6CCOCC6
dude_tryb1__L006006,CCS(=O)(=O)[N-]c1ccc2c(c1)c(cc([nH+]2)N3CCN(CC3)CC(=O)NC(C)C)C(=O)[O-]
dude_tryb1__L006007,CC(C)C(OC(=O)N3CCN(C(=O)N2[C@H](C(O)=O)[C@@H](CC1CCNCC1)C2=O)CC3)C(C)C
dude_tryb1__L006008,Cc1c(sc2c1c(ncn2)N[C@@H](C)C(=O)N3CCN(CC3)C(=O)[C@H]4COc5ccccc5O4)C
dude_tryb1__L006009,Cc1ccc(cc1)Cn2c(=O)c(nn(c2=O)c3ccc(cc3)C(C)C)C(=O)NCc4ccco4
dude_tryb1__L006010,Cc1cc(c(n1c2ccc(cc2)Cl)C)C(=O)[C@H](C)OC(=O)CN3C(=O)C(NC3=O)(C)C
dude_tryb1__L006011,CCOc1ccc(cc1OCC)S(=O)(=O)NNC(=O)c2c(nc(s2)N3CCOCC3)C
dude_tryb1__L006012,c1ccc2c(c1)c(c[nH]2)CCCC(=O)NNC(=O)NCCCn3cc[nH+]c3
dude_tryb1__L006013,c1ccc2=[NH+]C([NH+]=c2c1)CS[C@H]3NN[C@H](N3N)c4ccc(cc4)F
dude_tryb1__L006014,C[C@H](C(=O)Nc1ccc(cn1)Cl)OC(=O)/C=C/c2ccc(c(c2)OC)OCC#N
dude_tryb1__L006015,CC(C)(C)CC(C)(C)NC(=O)[C@H](c1c(cc(cc1O)O)O)N(Cc2ccco2)C(=O)c3ccccc3
dude_tryb1__L006016,CCN(C(=O)[C@@H]1CC(=C2[NH+]1Cc3ccccc3N2)S(=O)(=O)C(C)C)S(=O)(=O)Oc4ccccc4
dude_tryb1__L006017,Cc1cc(cc(c1)OCCNc2cc[nH+]cc2)N(CC(=O)N)S(=O)(=O)c3ccccc3OC
dude_tryb1__L006018,c1ccc(c(c1)C#N)S(=O)(=O)N2CCN(CC2)CN3C(=O)C(=O)N(C3=O)Cc4cccs4
dude_tryb1__L006019,CC[NH+](CC)CC[n+]1c2ccccc2n(c1N)C[C@@H](COc3ccc(cc3Cl)Cl)O
dude_tryb1__L006020,CCCNS(=O)(=O)c1ccc(cc1)NC(=S)NC(=O)c2ccc(cc2)O[C@@H](C)CC
dude_tryb1__L006021,CCCOc1c(cc(cc1Br)C[NH2+]CCC[NH2+]CCO)Br
dude_tryb1__L006022,CC(C)Cn1c(nnc1SCC(=O)N2CC[NH+](CC2)CC(=O)NC(C)(C)C)CCC(=O)N
dude_tryb1__L006023,C=CC[NH2+][C@H](c1ccc(cc1)Cl)[C@H](CN(CC=C)S(=O)(=O)c2ccccc2)C(=O)[O-]
dude_tryb1__L006024,Cc1c(cc(n1[C@@H](Cc2ccc(cc2)O)C(=O)NCC[NH+]3CCCC3)c4ccccc4)C(=O)N
dude_tryb1__L006025,Cc1c(c(nn1c2ccccc2)Cl)/C=N/NC(=O)CN(c3ccccc3)S(=O)(=O)C
dude_tryb1__L006026,Cc1ccccc1Nc2nc(nc(n2)N)CSCc3nc(nc(n3)Nc4ccccc4C)N
dude_tryb1__L006027,CC(=O)c1cccc(c1)S(=O)(=O)N(Cc2cc3ccc(cc3[nH]c2=O)OC)C[C@@H]4COCCO4
dude_tryb1__L006028,CC(C)(C)c1cc(cc(c1O)C(C)(C)C)[C@@H]2C[S@](=O)C[C@H]([NH2+]2)C(=O)NCCc3ccccc3F
dude_tryb1__L006029,C[C@H](C(C)C)Nc1cc(cc[nH+]1)c2c([nH]c(n2)SCCCO)c3ccc(cc3)F
dude_tryb1__L006030,CC1(Cc2c(cc3c(n2)n(c(=O)n(c3=O)CCCO)CC(=O)N4CCOCC4)CO1)C
dude_tryb1__L006031,CCOc1cc(ccc1OCc2ccc(cc2)Cl)C[NH2+]CC[NH2+]CCO
dude_tryb1__L006032,CCc1c(c(n(n1)c2ccccc2)Oc3ccc(cc3)OC)C[NH+](C[C@H](COc4ccccc4)O)C5CC5
dude_tryb1__L006033,CC(C)C[C@@H](CN[C@@H]1c2cc(ccc2NC1=O)Br)[NH+](C)C
dude_tryb1__L006034,c1ccc2=[NH+]CC(=c2c1)CCC(=O)NN3[C@@H](Nc4ccccc4C3=O)SCC(=O)NCc5ccco5
dude_tryb1__L006035,CC(C)[C@H](C(=O)[O-])NC(=O)[C@@H](CCS(=O)(=O)C)[NH3+]
dude_tryb1__L006036,C[C@H](C(C)(C)O)Nc1cc2c([nH+]c1)N([C@@H]([C@@H]2NC(=O)[C@@H]3CCOC3)C(=O)OC)CCC4=c5ccccc5=[NH+]C4
dude_tryb1__L006037,Cc1cc(c2c(c1)cc(c(=O)[nH]2)[C@H](c3nnnn3C[C@@H]4CCCO4)N(Cc5cccnc5)Cc6ccco6)C
dude_tryb1__L006038,C[C@H](CCC(=O)N/N=C/C(=N/NC(=O)CC[C@H](C)O)/C)O
dude_tryb1__L006039,CSCC[C@@]1([C@H]2[C@@H]([C@@H]([NH2+]1)c3ccccc3O)C(=O)N(C2=O)c4ccccc4[N+](=O)[O-])C(=O)[O-]
dude_tryb1__L006040,CCOc1cc(ccc1OCC(=O)OC)/C=N/NC(=O)[C@H](C(C)C)NC(=O)c2ccc3c(c2)OCO3
dude_tryb1__L006041,c1ccc(cc1)NNc2c(c([nH+]cn2)Nc3ccc(cc3F)F)N
dude_tryb1__L006042,Cc1ccc(o1)[C@H](C(=O)NC[C@@H]2CCCO2)N(c3cccnc3)C(=O)C(=O)NC4CCCC4
dude_tryb1__L006043,Cc1cc2cccc(c2nc1)S(=O)(=O)N3CCN(CC3)[C@H](C)C(=O)Nc4cc(on4)C
dude_tryb1__L006044,CCCN(CC[NH+](C)C)[C@@H](c1cccc(c1)Br)[C@@H](CC)[NH3+]
dude_tryb1__L006045,CC(C)(C)N1C(=O)[C@H]2[C@@H]([NH2+][C@@]([C@@H]2C1=O)(CO)C(=O)[O-])c3cc(ccc3O)Br
dude_tryb1__L006046,C[C@@]1(C(=O)N(C(=O)N1)CC(=O)c2cccc(c2)N3CCCC3=O)c4ccc5c(c4)OCCCO5
dude_tryb1__L006047,CNC(=O)NC(=O)[C@@H](c1ccccc1)OC(=O)/C=C/c2ccc(cc2)S(=O)(=O)NCc3ccco3
dude_tryb1__L006048,CC(=O)Nc1ccc(cc1)S(=O)(=O)N[C@H](CO)[C@H](c2ccc(cc2)[N+](=O)[O-])O
dude_tryb1__L006049,Cc1c(c(=O)n(n1C)c2ccccc2)NC(=O)[C@@H](C)OC(=O)c3cccc(c3)S(=O)(=O)N(C)C
dude_tryb1__L006050,Cc1cc(no1)NS(=O)(=O)c2ccc(cc2)NC(=O)c3c(onc3c4ccccc4Cl)C
dude_tryb1__L006051,CC(C)CCOc1ccc(cc1OC)C(=O)NNC(=O)/C=C/c2ccc(cc2)S(=O)(=O)NC
dude_tryb1__L006052,Cc1cc(n2c(nnc2n1)CNC(=O)[C@@H](CCSC)NS(=O)(=O)c3ccccc3F)C
dude_tryb1__L006053,C[C@]1(C(=O)N(C(=O)N1)CC(=O)N2CCN(CC2)S(=O)(=O)c3ccc(s3)Cl)c4ccco4
dude_tryb1__L006054,Cc1ccc(cc1)S(=O)(=O)N(CC(=O)N/N=C/c2cccc3c2OCCO3)c4ccc(c(c4)OC)OC
dude_tryb1__L006055,C[NH+](Cc1c(nnn1c2c(non2)N)C(=O)N/N=C/c3ccc(cc3)C(F)(F)F)C4CCCCC4
dude_tryb1__L006056,Cc1ccc(o1)[C@H](C(=O)NC(C)(C)C)N(c2ccc(cc2)C(C)C)C(=O)c3c(c(ns3)C(=O)N)N
dude_tryb1__L006057,CCC[NH+](Cc1c(nn(c1Oc2ccc(cc2)Cl)c3ccccc3)C)C[C@@H](COCC=C)O
dude_tryb1__L006058,c1cc(ccc1N2C(=O)C[C@@H](C2=O)[NH2+][C@@H]3CCCCNC3=O)N4C(=O)C[C@@H](C4=O)[NH2+][C@@H]5CCCCNC5=O
dude_tryb1__L006059,C[C@@]([C@H]1C[C@]23CC[C@]1([C@H]4[C@@]25CC[NH+]([C@@H]3Cc6c5c(c(cc6)O)O4)CC7CC7)OC)(C(C)(C)C)O
dude_tryb1__L006060,Cc1c(c2c(cc1O[C@H]3[C@@H]([C@@H]([C@@H]([C@@H](O3)COC(=O)C)OC(=O)C)OC(=O)C)NC(=O)C)sc(=O)o2)C
dude_tryb1__L006061,C[C@H](C(=O)Nc1ccc(cc1Cl)F)[NH+]2CCc3c(cccc3NC(=O)C)C2
dude_tryb1__L006062,CCCCn1c(c(c(=O)[nH]c1=O)N(CCOC)C(=O)c2cc(ccc2F)S(=O)(=O)N3CCOCC3)N
dude_tryb1__L006063,CSc1c(c(n(n1)CC(=O)Nc2ccccc2C(F)(F)F)N)S(=O)(=O)c3ccc(cc3)Cl
dude_tryb1__L006064,CC(C)[C@H](C(=O)NCCC1=c2ccccc2=[NH+]C1)NC(=O)N3CC(=Nc4c3cccc4)O
dude_tryb1__L006065,CC(C)c1nnc(o1)CNC(=O)CSc2nc([nH]n2)N/N=C/c3ccc(cc3)O
dude_tryb1__L006066,Cc1ccc(o1)CN([C@H](c2ccc(cc2)O)C(=O)NC(C)(C)CC(C)(C)C)C(=O)c3cccc(c3O)O
dude_tryb1__L006067,Cc1cc(c(s1)C)C(=O)CCC(=O)OCC(=O)Nc2ccc(cc2[N+](=O)[O-])C(F)(F)F
dude_tryb1__L006068,CC(C)NC(=O)[C@@H](c1ccc(cc1)OC)N(Cc2ccco2)C(=O)CCC(=O)Nc3nccs3
dude_tryb1__L006069,CSCC[C@H](C(=O)Nc1ccc(c(c1)S(=O)(=O)Nc2ccc(cc2)Cl)Cl)NC(=O)N
dude_tryb1__L006070,CCCCCCOc1ccc(cc1C(=O)NC(=S)Nc2cc(ccc2OC)[N+](=O)[O-])Br
dude_tryb1__L006071,CCN(CC)c1ccc(c(c1)O)/C=N/Nc2nnc(n2N)SCC(=O)Nc3cc(ccc3Cl)Cl
dude_tryb1__L006072,c1c(cc(c2c1C[C@@H](O2)CNC(=O)C3(CCCCC3)[NH+]4CCCCC4)F)c5cc(cnc5)C(=O)N
dude_tryb1__L006073,c1ccc2c(c1)cccc2OCC(=O)NN[C@@H]3CC(=O)N(C3=O)c4ccc5c(c4)OCCO5
dude_tryb1__L006074,c1ccc2c(c1)CCC[C@H]2[NH2+]CCC(=O)Nc3c(c4c(s3)CCCCC4)C#N
dude_tryb1__L006075,c1cc(ccc1Cc2ccc(cc2)N(C[C@@H](CO)O)C[C@@H](CO)O)N(C[C@@H](CO)O)C[C@@H](CO)O
dude_tryb1__L006076,CCC[C@@H](C(=O)NC1CCCC1)N(c2ccc(cc2C)C)C(=O)c3c(c(ns3)C(=O)N)N
dude_tryb1__L006077,Cn1c(c(c(n1)C(F)(F)F)[C@@H](CC(=O)N)[NH3+])SCc2ccc(cc2)Cl
dude_tryb1__L006078,CCOC(=O)c1c(c2c(=O)[nH]c(nc2s1)C[NH+](CCCOC)C[C@@H](COC(C)C)O)C
dude_tryb1__L006079,Cc1c(c(n(n1)c2ccccc2)Oc3ccc(cc3F)F)C[NH+](CCOC)C[C@H](CN4CCOCC4)O
dude_tryb1__L006080,CCN(c1ccccc1)S(=O)(=O)c2ccc(cc2)NC(=S)NC(=O)c3ccccc3OCCOCC
dude_tryb1__L006081,CC(C)n1cc(cn1)/C=N/Nc2nnc(n2N)SCC(=O)N[C@H]3CCCc4c3cccc4
dude_tryb1__L006082,CC(C)[NH+](C)C[C@H](COc1cc(ccc1OC)C[NH2+]CCCSC)O
dude_tryb1__L006083,COc1cc2c(cc1O[C@@H]3[C@@H]([C@@H]([C@H]([C@H](O3)CO)O)O)O)occ(c2=O)c4ccc(cc4)O
dude_tryb1__L006084,Cc1cc2c(cc1C)n(c-3nc(=O)[nH]c(=O)c3n2)C[C@H]([C@H]([C@H](CO)OC(=O)C)OC(=O)C)OC(=O)C
dude_tryb1__L006085,Cc1nc(cc(n1)[C@H]2C[NH+]3CC[C@H]2C[C@@H]3CNC(=O)CC(C)(C)CC(=O)[O-])c4ccc(c(c4)OC)OC
dude_tryb1__L006086,C(C(=O)NNC(=O)C(F)(F)F)Sc1nnc(n1N)NN
dude_tryb1__L006087,CCO[P@@]1(=O)NN2CCc3cc(c(cc3[C@@H]2CO1)S(=O)(=O)c4ccccc4)S(=O)(=O)C(C)C
dude_tryb1__L006088,CCOc1cc(c(cc1OC)[N+](=O)[O-])C(=O)N(C)CC(=O)Nc2ccccc2C(F)(F)F
dude_tryb1__L006089,C[C@@H](C(=O)N1CC(=O)Nc2c1cccc2)OC(=O)C3=CC=CN4C3=NS(=O)(=O)CC4
dude_tryb1__L006090,c1ccc2c(c1)[C@H]([NH2+]S2)N3CCN(CC3)C(=O)C[N-]C4=NC(=NC5=NC=N[C@H]54)Cl
dude_tryb1__L006091,CCCCCCN([C@H](c1ccc(c(c1)OC)O)C(=O)NC(C)(C)CC(C)(C)C)C(=O)C(=C)C
dude_tryb1__L006092,c1ccn2c(c1)[nH+]c(cc2=O)CN3CC[NH+](CC3)Cn4c(=S)n(c(n4)C5CC5)CC(=O)N
dude_tryb1__L006093,O=C(NCc3ccc(C(=O)OCN2C(=O)c1ccccc1S2(=O)=O)cc3)OCc4ccccc4
dude_tryb1__L006094,Cc1csc(c1C#N)NC(=O)C[NH+]2CCC(CC2)(c3ccc(cc3)Br)O
dude_tryb1__L006095,COc1ccc(cc1)[C@H]2C(=O)N(/C(=[NH+]/CCC3=c4cc(ccc4=[NH+]C3)Cl)/NN2)N
dude_tryb1__L006096,Cc1ccc(cc1)c2csc3c2c(=O)[nH]c(n3)C[NH+](CCOC)C[C@H](COCc4ccco4)O
dude_tryb1__L006097,C/C=C/C#CC#C[C@H]([C@@H](/C=C/CCCO)O[C@H]1[C@@H]([C@H]([C@@H]([C@H](O1)CO)O)O)O)O
dude_tryb1__L006098,C/C(=N\NC(=O)c1cc(nc2c1cccc2)c3cc(c(c(c3)OC)OC)OC)/c4cccnc4
dude_tryb1__L006099,C[C@@H]1C(=O)N([C@@H](NN1)NCCC2=c3cc(ccc3=[NH+]C2)Cl)N
dude_tryb1__L006100,Cc1c(cnn1c2ccc(nn2)[O-])C(=O)N(CCOC)Cc3[nH]c(=O)c4ccccc4n3
dude_tryb1__L006101,C[C@H](C(=O)Nc1ccc2c(c1)OCCO2)OC(=O)C3=CN4CCS(=O)(=O)N=C4C=C3
dude_tryb1__L006102,Cc1ccc(cc1)S(=O)(=O)CNC(=O)[C@@H](c2ccco2)N(C3CCCCC3)C(=O)[C@@H]4CCC(=O)N4
dude_tryb1__L006103,c1cc(ccc1Cc2ccc(cc2)N(C[C@@H](CO)O)C[C@@H](CO)O)N(C[C@H](CO)O)C[C@@H](CO)O
dude_tryb1__L006104,CCN(CC)S(=O)(=O)c1ccc(cc1)NC(=O)[C@H]2CC(=O)N(C2)c3ccc(cc3)NC(=O)C
dude_tryb1__L006105,CCCn1c(nnc1SCc2cc(=O)[nH]c(n2)[C@@H](C)CC)CCc3cnn(c3C)C
dude_tryb1__L006106,c1cc(ccc1N2CC[C@H](C2=O)C(=O)NNC(=O)NCCCn3cc[nH+]c3)F
dude_tryb1__L006107,CC(=O)OC[C@H]1[C@H]([C@@H]([C@@H](O1)n2c3c(c(ncn3)N)nc2S(=O)(=O)C)OC(=O)C)OC(=O)C
dude_tryb1__L006108,[H]/N=C\1/C(=C/c2ccc(c(c2)OCC)OS(=O)(=O)C)/C(=O)N=C3N1N=C(S3)c4cccs4
dude_tryb1__L006109,c1cc(oc1)CN2C[C@@H](CC2=O)C(=O)NNC(=O)COc3ccc(cc3Br)Br
dude_tryb1__L006110,Cc1c(sc(n1)N2[C@@H](c3c(=O)c4cc(ccc4oc3C2=O)F)c5ccc(cc5)OCC(=O)N)C(=O)C
dude_tryb1__L006111,CCc1ccccc1Nc2nc(nc(n2)N)CSc3nnc(n3N)c4ccc(c(c4)OC)OC
dude_tryb1__L006112,CC(C)COC[C@H](C[NH+](CCOC)Cc1[nH]c(=O)c2c3c(sc2n1)CN(CC3)Cc4ccccc4)O
dude_tryb1__L006113,Cc1cc(c(n1c2ccc3c(c2)OCCO3)C)C(=O)COC(=O)c4c(c(sc4NC(=O)C)C)C
dude_tryb1__L006114,Cc1c(sc(c1C(=O)OC)NC(=O)COC(=O)[C@H](CC2=c3ccccc3=[NH+]C2)NC(=O)C)C
dude_tryb1__L006115,CCC[C@](C)(COC(=O)N)COC(=O)N[C@H]1[C@@H]([C@@H]([C@@H]([C@@H](O1)C(=O)[O-])O)O)O
dude_tryb1__L006116,CC[C@@H](C(=O)Nc1ccccc1)Sc2nnc(n2CC=C)[C@H](CO)NC(=O)c3ccccc3F
dude_tryb1__L006117,CC(=O)NC12C[C@@H]3C[C@H](C1)CC(C3)(C2)C(=O)NCCC4=c5ccccc5=[NH+]C4
dude_tryb1__L006118,CCC[NH+](CC(=O)Nc1ccc(cc1Cl)Cl)CC(=O)Nc2cc(ccc2OCC)OCC
dude_tryb1__L006119,NCc5ccc(F)c(C4CCN(C(=O)c3cc(C(N)=O)cc(c2nc(c1cccs1)no2)c3)CC4)c5
dude_tryb1__L006120,C[C@@H](c1ccccc1)NC(=O)C(=O)NC[C@@H](c2cccnc2)S(=O)(=O)c3ccc4c(c3)OCO4
dude_tryb1__L006121,CCn1cc(c(n1)C)S(=O)(=O)N2CCC[C@H](C2)C(=O)NCc3c(nn(c3C)C)C
dude_tryb1__L006122,c1cc(ccc1C[NH+]2CCCC[C@H]2c3ccc(cc3)F)c4[nH]c(=O)cc(n4)CN
dude_tryb1__L006123,c1cc2c(cccn2)c(c1)Nc3c(c(ncn3)NNC(=O)COc4ccc(cc4Cl)Cl)N
dude_tryb1__L006124,Cc1ccc(cc1)[C@H](CNC(=O)C(=O)NCCN2CCOCC2)S(=O)(=O)c3cccs3
dude_tryb1__L006125,CCN(CC)S(=O)(=O)c1ccc2c(c1)[nH]c(n2)CSc3nnc(n3C)[C@@H]4CCS(=O)(=O)C4
dude_tryb1__L006126,Cc1cnc(c(n1)c2cc(cc3c2O[C@H](C3)CNC(=O)CCN(C)[C@@H]4CCS(=O)(=O)C4)F)C
dude_tryb1__L006127,CCC[NH+](CCO)[C@@H](c1ccccc1Br)[C@@H](CC)[NH3+]
dude_tryb1__L006128,c1cc(c(cc1/C=C(\C#N)/C(=O)NCCN2CCN(CC2)C(=O)/C(=C\c3ccc(c(c3)O)O)/C#N)O)O
dude_tryb1__L006129,CSC1=C[C@H]2C[C@@H]3CO[P@@](=O)(N[NH+]3C[C@@H]2C=C1Br)c4ccccc4O
dude_tryb1__L006130,c1ccc(c(c1)[C@H]2[C@@H]3[C@@H](C(=O)N(C3=O)c4ccc(cc4)F)[C@@]([NH2+]2)(CC5=c6ccccc6=[NH+]C5)C(=O)[O-])O
dude_tryb1__L006131,C[C@@H]1C[C@H](C[NH+](C1)C(C)(C)CNC(=O)C(=O)N(C)c2ccc(cc2)C(=O)N)C
dude_tryb1__L006132,CCOC(=O)[C@@H]1CCCN(C1)S(=O)(=O)N2CCN(CC2)S(=O)(=O)[C@@H]3CCS(=O)(=O)C3
dude_tryb1__L006133,CC(C)C(OC(=O)N3CCN(C(=O)N2[C@H](C(O)=O)[C@@H](CC1CCN(C(N)=N)C1)C2=O)CC3)C(C)C
dude_tryb1__L006134,c1ccc2=[NH+]CC(=c2c1)C[C@@H](C(=O)[O-])NC(=O)CS[C@H]3NN[C@@H](O3)c4ccc5c(c4)OCO5
dude_tryb1__L006135,C[NH+]1CCN(CC1)S(=O)(=O)c2ccc3c(c2)[C@H]4C=CC[C@H]4[C@H](N3)c5cc(ccc5O)Br
dude_tryb1__L006136,Cc1c(c2ccccc2[nH]1)C(=O)COC(=O)[C@H](CCSC)NC(=O)c3cc(c(c(c3)OC)OC)OC
dude_tryb1__L006137,C/C(=N\NC(=S)N)/[C@H](C[NH+](C)C)[C@H](c1ccccc1)[C@@H]2COc3ccccc3C2=O
dude_tryb1__L006138,c1cc2c(cc1Br)[C@@H](C(=O)N2)NCc3nc[nH]n3
dude_tryb1__L006139,CC(=CCS[C@@H]1NN[C@@H](O1)[C@H](CC2=c3ccccc3=[NH+]C2)[NH3+])C
dude_tryb1__L006140,Cc1ccccc1n2c(=O)c3c4c(sc3nc2SCC(=O)NCC(=O)OC)CN(CC4)C(=O)C
dude_tryb1__L006141,CCn1c(c(c(c(c1=O)C#N)C)/C=C/2\C(=O)N(C(=S)S2)[C@@H]3CCS(=O)(=O)C3)N4CCOCC4
dude_tryb1__L006142,CN[C@H](Cc1ccccc1)C(=O)N2CCC[C@H]2C(=O)N[C@@H](CCCN=C(N)N)C(=O)c4nc3ccccc3s4
dude_tryb1__L006143,c1ccc(c(c1)CS(=O)(=O)c2nnc(o2)CCNS(=O)(=O)[C@@H]3CS(=O)(=O)C[C@@H]3O)F
dude_tryb1__L006144,Cc1ccc(cc1)S(=O)(=O)CNC(=O)[C@@H](c2ccco2)N(c3ccccc3Cl)C(=O)CCS
dude_tryb1__L006145,NCCCC[C@H](NC(=O)OCc1ccccc1)C(=O)c4noc(Cc3ccc(C(=O)NCCCCc2ccccc2)cc3)n4
dude_tryb1__L006146,Cc1c(cnn1C)[C@H]2C[C@H](N(S(=O)(=O)N2)C)C(=O)Nc3ccc(cc3)OC(F)(F)F
dude_tryb1__L006147,CCS(=O)(=O)N(C)CCCNC(=O)c1cc(nc2c1c(nn2[C@@H]3CCS(=O)(=O)C3)C)C4CC4
dude_tryb1__L006148,CC[NH+](CC)CCN1[C@@H](/C(=C(/c2c(c([nH]c2C)C(=O)OC)C)\O)/C(=O)C1=O)c3cccc(c3OC)OC
dude_tryb1__L006149,c1cc(ccc1N2C(=O)C[C@H](C2=O)SC(=[NH2+])N/N=C/c3ccc(c(c3)O)O)Br
dude_tryb1__L006150,CCNc1[nH+]c(cc(n1)Nc2ccc(cc2)NS(=O)(=O)c3ccc4c(c3)OCCO4)C
dude_tryb1__L006151,CC[C@@H](c1nnnn1C2CCCC2)N(Cc3ccc4c(c3)OCO4)Cc5cc6ccc(cc6[nH]c5=O)OC
dude_tryb1__L006152,CCN(CC)S(=O)(=O)c1ccc(cc1)N2C[C@@H](CC2=O)C(=O)NC[C@H]3COc4ccccc4O3
dude_tryb1__L006153,c1cc(sc1NC(=O)N2CCCN(CC2)C(=O)[C@@H]3CCCO3)S(=O)(=O)N4CCCC4
dude_tryb1__L006154,CCCC[S@@](=O)C[C@@H](CO)NC(=O)/C=C/c1c([nH]c(=O)[nH]c1=O)C
dude_tryb1__L006155,c1ccc(cc1)Cn2c(nnn2)CN(Cc3cc4cc5c(cc4[nH]c3=O)OCO5)C[C@@H]6CCCO6
dude_tryb1__L006156,Cc1ccc(cc1F)n2c(cc(c2C)C(=O)CSc3nnc(n3C[C@H]4CCCO4)CCC(=O)N)C
dude_tryb1__L006157,CC1(Cc2c(sc3c2c(=O)n(c(=O)n3CC(=O)NCc4ccco4)CCO)CO1)C
dude_tryb1__L006158,NC(=N)NCCC[C@@H]2[C@@H](C(O)=O)N(C(=O)NC1CCCCC1)C2=O
dude_tryb1__L006159,Cn1c(nnc1SCC(=O)N[C@H](Cc2c[nH]c3c2cccc3)C(=O)[O-])[C@H]4COc5ccccc5O4
dude_tryb1__L006160,CC(C)C(=O)NNC(=O)CSc1nnc(n1N)NN
dude_tryb1__L006161,CC(C)(CO)[NH2+]CC(=O)Nc1cc(cc(c1Cl)NC(=O)C[NH2+]C(C)(C)CO)C(F)(F)F
dude_tryb1__L006162,CCc1c(c(nc([nH+]1)N)N)c2ccc(cc2)OCCCCNC(=O)CCCC[C@H]3[C@H]4[C@@H](CS3)NC(=O)N4
dude_tryb1__L006163,Cc1c(c(n(n1)[C@@H]2CCS(=O)(=O)C2)C)S(=O)(=O)N[C@@H]3CCCC[C@@H]3N4C(=O)CSC4=O
dude_tryb1__L006164,CC(C)CNc1nnc(s1)SCC(=O)Nc2cc(ccc2OCCOC)C(F)(F)F
dude_tryb1__L006165,C[C@@]1(CC[C@@]2([C@@H](C1)C(C[C@@H]2[NH2+]CC3CCCCC3)(C)C)CCC(=O)NCCOC)O
dude_tryb1__L006166,CN(C)c1ccc(c(c1)C(F)(F)F)NC(=O)C2=NN(C(=O)CC2)[C@@H]3CCS(=O)(=O)C3
dude_tryb1__L006167,c1cc(ccc1NC(=O)c2c3c(n(n2)[C@@H]4CCS(=O)(=O)C4)CCCC3)S(=O)(=O)N5CCOCC5
dude_tryb1__L006168,C[NH+](C)CCCNC(=O)c1cc(ccc1N2CCCC2)NC(=O)/C=C/c3ccc(cc3)[N+](=O)[O-]
dude_tryb1__L006169,CC(=O)NS(=O)(=O)c1ccc(cc1)NC(=O)[C@H]2CC(=O)N(C2)c3ccc(cc3)F
dude_tryb1__L006170,CCOc1cccc2c1o/c(=[NH+]\c3ccc(cc3)S(=O)(=O)N)/c(c2)C(=O)Nc4ccc(cc4)Cl
dude_tryb1__L006171,Cc1ccc(cc1)S(=O)(=O)CNC(=O)[C@H](c2ccco2)N(Cc3ccco3)C(=O)CO
dude_tryb1__L006172,CC(C)CN(C[C@H]1CCCO1)C(=O)CN2CCN(CC2)C(=O)c3csc(n3)NC(C)C
dude_tryb1__L006173,CC[C@@H](c1ccc(cc1)S(=O)(=O)C)NC(=O)CN(c2ccc(c(c2)Cl)OC)S(=O)(=O)C
dude_tryb1__L006174,CC(C)Cn1c(c(c(=O)[nH]c1=O)C(=O)CN2CCC[C@H](C2)C(=O)NC3CC3)N
dude_tryb1__L006175,CCOC(=O)c1c(oc2c1c(nc(n2)COC(=O)Cn3c4ccccc4c(=O)c5c3cccc5)N)C
dude_tryb1__L006176,c1ccc(cc1)n2cnn(c2=O)CC(=O)N/N=C/c3ccc(cc3)OC(=O)C[C@H]4C(=O)NC(=O)S4
dude_tryb1__L006177,Cc1cnc(c(n1)c2ccc(c(c2)C[NH2+]Cc3ccc(cc3)S(=O)(=O)N)O)C
dude_tryb1__L006178,CCOc1ccc(cc1OCC)C(=O)N/C(=N/c2ccc(cc2C)C)/NCCc3c[nH]c4c3cccc4
dude_tryb1__L006179,c1cc(nn2c1nnc2C(F)(F)F)N3CCC(CC3)C(=O)N4CCC5(CC4)C(=O)NC(=O)N5
dude_tryb1__L006180,Cc1ccc(cc1)C(=O)N/N=C(\[C@H]2C(=O)[NH+]=c3ccc(cc3=[NH+]2)Cl)/[C@@H]([C@@H](CO)O)O
dude_tryb1__L006181,CC[C@@H](C)C(=O)O[C@H]1C[C@@H]2[C@@]([C@H]([C@H]([C@H]([C@@]23[C@H](O[C@H](C3=C1)OC(=O)C)OC(=O)C)O)O)C)(C)CCC(=C)C=C
dude_tryb1__L006182,CCCC[NH+](CCCC)Cc1ccc(o1)C(=O)NNC(=S)Nc2ccc(c(c2)Cl)C
dude_tryb1__L006183,c1cc(cc(c1)[N+](=O)[O-])/C=C/C(=O)OCC(=O)Nc2cc3c(cc2Br)OCCO3
dude_tryb1__L006184,C/C(=N\Nc1[nH]nc(n1)SCC(=O)Nc2nnc(s2)SCC(=O)N)/C34CC5CC(C3)CC(C5)C4
dude_tryb1__L006185,c1cc(ccc1C(=O)OC[C@H]2[C@H]([C@@H]([C@@H]([C@@H](O2)O[C@@]3([C@@H]([C@@H]([C@@H](O3)CO)O)O)CO)O)O)O)[N+](=O)[O-]
dude_tryb1__L006186,CC1(O[C@@H]2[C@@H](O[C@@H]([C@@H]([C@@H]2O1)O)O[C@@H]3[C@@H](O[C@@H]([C@@H]([C@@H]3O)O)OCc4ccccc4)CO)CO)C
dude_tryb1__L006187,CC(C)NC(=O)Nc1ccccc1C(=O)OCCCOC(=O)c2ccccc2NC(=O)NC(C)C
dude_tryb1__L006188,CC(=O)N/C(=C\c1ccccc1)/C(=O)NC2CC[NH+](CC2)Cc3ccccc3F
dude_tryb1__L006189,CCCN1C(=O)/C(=C\Nc2ccc3c(c2)CC4([C@H]5N3CCN(C5)C)C(=O)NC(=O)NC4=O)/C(=O)NC1=O
dude_tryb1__L006190,CCOCCN1c2ccccc2[C@@](C1=O)(c3c(nn(c3N)CCO)C)O
dude_tryb1__L006191,CC[NH+](CC)CCNC(=O)c1cc(ccc1N(C)C)NC(=O)NC23CC4CC(C2)CC(C4)C3
dude_tryb1__L006192,Cc1cc([nH+]c(c1)N)C[C@@H]2C[NH2+]C[C@@H]2OCC[NH2+]CCOc3cccc(c3)F
dude_tryb1__L006193,Cc1cc(n(n1)[C@H]2CCS(=O)(=O)C2)NC(=O)CSc3nnc(n3C4CC4)C5CC5
dude_tryb1__L006194,COc1ccc(cc1OC)[C@@H]2CC(=O)NC3=C2C(=O)C[C@H](C3)c4cc(c(c(c4)OC)OC)OC
dude_tryb1__L006195,CC(C)C(OC(=O)N3CCN(C(=O)N2[C@H](C(O)=O)[C@@H](CC1CN(C(N)=N)C1)C2=O)CC3)C(C)C
dude_tryb1__L006196,c1cc2c(cc1F)NC(=O)C[C@H]2C(=O)OCC(=O)Nc3cc(ccc3n4cncn4)Cl
dude_tryb1__L006197,CC[NH+](CC)C[C@H]1C[NH+]2CC[C@H]1C[C@@H]2CNC(=S)Nc3ccc(cc3)N(C)C
dude_tryb1__L006198,c1ccc(c(c1)C(=O)NNc2c(c(ncn2)Nc3ccccc3C(F)(F)F)N)Br
dude_tryb1__L006199,CC(=O)Oc1ccc(cc1)N2C(=O)[C@@H]3[C@H]4C=C[C@@]([C@@H]3C2=O)(O4)CNS(=O)(=O)c5ccccc5[N+](=O)[O-]
dude_tryb1__L006200,C[C@@H]1CCC2=C(C1)C[C@@H](S2)c3nnc(o3)SCC(=O)NC4=C5C(=C(N=NC5=O)C)[C@@H](O4)C
dude_tryb1__L006201,CCN(CC)S(=O)(=O)c1ccc2c(c1)c(=O)c(c[nH]2)C(=O)NCCCN(CC)c3cccc(c3)C
dude_tryb1__L006202,C[C@H]1[C@@H]([C@H]([C@H]([C@@H](O1)O[C@@H]2[C@@H]([C@@H]([C@@H](O[C@H]2Oc3cc(c4c(=O)cc(oc4c3)c5ccc(cc5)OC)O)CO)O)O)O)O)O
dude_tryb1__L006203,C[C@@H](c1nnc(n1c2ccc(cc2)Cl)SCC(=O)c3c(n(c(=O)n(c3=O)C)C)N)[NH+](C)C
dude_tryb1__L006204,CCCCOc1ccc(cc1Br)C(=O)NC(=S)NNC(=O)[C@@H](C)Oc2ccc(c(c2)C)C
dude_tryb1__L006205,CCOc1cc(c2c(c1)occ(c2=O)c3ccc(cc3)O[C@H]4[C@@H]([C@@H]([C@@H]([C@@H](O4)CO)O)O)O)O
dude_tryb1__L006206,CCCCCN(c1c(n(c(=O)[nH]c1=O)CCCC)N)C(=O)CCNc2ccccc2[N+](=O)[O-]
dude_tryb1__L006207,CC[C@@H](C)C(=O)N1C[C@@H](C2(C1)CC[NH2+]CC2)C(=O)NCC[NH+](CC)CC
dude_tryb1__L006208,C[C@@H](CCCC(C)(C)O)NC(=O)[C@H]1CN(CC12CC[NH2+]CC2)C(=O)c3ccc(cc3Cl)Cl
dude_tryb1__L006209,CCOC(=O)c1c(c([nH]c1C)C(=O)N(C[C@@H]2CCCO2)[C@H]3CCS(=O)(=O)C3)C
dude_tryb1__L006210,COc1cc(=O)n2c(c1C(=O)N3CCC[C@@H](C3)O)CCN(CC2)Cc4c[nH]nc4c5ccc(cc5)F
dude_tryb1__L006211,c1cc(oc1)COC[C@@H](CSc2c3c(=O)[nH]c(=O)n(c3nc(n2)C4CC4)C5CC5)O
dude_tryb1__L006212,CCc1c(c2n(n1)C(=O)CCC(=O)N2)c3ccc(c(c3)S(=O)(=O)Nc4ccc(cc4)C(=O)C)C
dude_tryb1__L006213,CCCCCn1c(nc2c1c(=O)[nH]c(=O)n2CCCC)CCC(=O)NC[C@H](C)N(C)c3ccccc3
dude_tryb1__L006214,Cc1c(c(n(n1)c2ccc(cc2OC)[N+](=O)[O-])C)/C=N/NS(=O)(=O)c3ccc(cc3)NC(=O)C
dude_tryb1__L006215,CCCC[NH+](CCCC)Cc1ccc(o1)C(=O)NNC(=O)Nc2ccc(cc2)Cl
dude_tryb1__L006216,COc1ccc(cc1)N2C[C@H](CC2=O)C(=O)NCCn3c4c(cn3)c(nc(n4)SC)N5CCOCC5
dude_tryb1__L006217,Cc1ccc(c(c1)OCC(=O)NNC(=S)NC(=O)COc2ccc(cc2)Br)C(C)C
dude_tryb1__L006218,c1cc(oc1)[C@@H](CNC(=O)C(=O)N2CCCC2)S(=O)(=O)c3ccc4c(c3)OCCO4
dude_tryb1__L006219,CC1CCC(CC1)NS(=O)(=O)c2ccc(c(c2)[N+](=O)[O-])NCCC[NH+]3CCC[C@H](C3)C(=O)N
dude_tryb1__L006220,Cc1cc(no1)NC(=O)CN(CCCN2CCOCC2)S(=O)(=O)c3ccc(c(c3)[N+](=O)[O-])Cl
dude_tryb1__L006221,C1COCC[NH+]1CCNC(=S)NNC(=S)NCC[NH+]2CCOCC2
dude_tryb1__L006222,c1ccc2c(c1)NC(=O)C[C@H](N2C(=O)C[NH+]3CCC(CC3)C(=O)N)C(F)(F)F
dude_tryb1__L006223,COc1ccc(cc1OC)[C@H]2N/C(=C\C(=O)NCCC3=c4cc(ccc4=[NH+]C3)F)/CS2
dude_tryb1__L006224,c1ccc(c(c1)CNC(=O)NC[C@H](c2ccco2)[NH+]3CCCC3)C[NH+]4CCCC4
dude_tryb1__L006225,CCc1ccccc1Nc2nc(nc(n2)N)C[NH+]3CCC(CC3)NS(=O)(=O)C
dude_tryb1__L006226,c1ccc2c(c1)CC[NH+](C2)C[C@@H](Cn3nc(nn3)c4ccc(cc4)C(=O)N)O
dude_tryb1__L006227,C1CS(=O)(=O)C[C@@H]1NC(=O)N[C@H]2CS(=O)(=O)C[C@@H]2NC(=O)N[C@@H]3CCS(=O)(=O)C3
dude_tryb1__L006228,Cc1ccc(cc1)Nc2nc(cs2)COC(=O)c3ccccc3SCC(=O)NCCOC
dude_tryb1__L006229,CCOc1ccc2c(c1)cc(c(=O)[nH]2)CNc3ccc(cc3)[NH+]4C[C@H](C[C@@H](C4)C)C
dude_tryb1__L006230,C[NH2+]CCC[NH2+]Cc1cc(c(c(c1)Br)OCC(=O)N)OC
dude_tryb1__L006231,C[C@@H](C(=O)c1c(n(c(=O)n(c1=O)C)C)N)[NH2+][C@@H](c2ccccc2)c3ccco3
dude_tryb1__L006232,COCCn1c(c(c(=O)[nH]c1=O)C(=O)CSc2c3cnn(c3ncn2)c4ccc(cc4)F)N
dude_tryb1__L006233,c1cc2c(cc1S(=O)(=O)N(CCCO)Cc3cc4cc5c(cc4[nH]c3=O)OCCO5)OCCO2
dude_tryb1__L006234,COc1ccc(c(c1)OC[C@@H](C[NH+]2CCCC2)O)C[NH2+]CCc3cscn3
dude_tryb1__L006235,CCCCn1c2c(c(=O)[nH]c1=O)n(c(n2)CCC(=O)NC3CC([NH2+]C(C3)(C)C)(C)C)CC(C)C
dude_tryb1__L006236,CC(C)[NH+](C)CCCC[NH2+]Cc1cccc(c1O)Br
dude_tryb1__L006237,C[C@]12CCC(=O)C=C1CC[C@H]3[C@H]2[C@H](C[C@]4([C@@H]3CC[C@@]4(C(=O)CSCC(=O)N5CCOCC5)O)C)O
dude_tryb1__L006238,CC[C@H](C)Oc1cccc(c1)C(=O)NC(=S)Nc2ccc(cc2)S(=O)(=O)Nc3c(cccc3C)C
dude_tryb1__L006239,COc1ccc(cc1OC)NS(=O)(=O)c2ccc3c(c2)OC[C@@H](O3)C(=O)N4CCOCC4
dude_tryb1__L006240,C[NH+](C)[C@H](CNC(=O)C(=O)Nc1ccc2c(c1)N(CCC2)S(=O)(=O)c3cccs3)c4ccco4
dude_tryb1__L006241,C[C@H]([C@@H](c1cccs1)N2CCN(CC2)c3ccccc3OC)NC(=O)C(=O)N4CCOCC4
dude_tryb1__L006242,Cc1ccc(cc1)S(=O)(=O)NCC(=O)O[C@H](C)C(=O)Nc2c(n(n(c2=O)c3ccccc3)C)C
dude_tryb1__L006243,C[C@H](c1cccc(c1)S(=O)(=O)N)NC(=O)NC[C@@H](c2ccccc2OC)[NH+](C)C
dude_tryb1__L006244,c1cc(cc(c1)Br)/C=N/NC(=O)c2c(nnn2c3c(non3)N)C[NH+]4CCCC4
dude_tryb1__L006245,CCOc1ccc(cc1)n2c(nnc2SCC(=O)N/N=C/C=C/c3ccco3)c4cccnc4
dude_tryb1__L006246,C[C@@H]1CC(=O)[C@@H]2[C@H]1[C@H](OC=C2C(=O)OC)O[C@@H]3[C@H]([C@@H]([C@H]([C@@H](O3)CO)O)O)O
dude_tryb1__L006247,c1ccc(cc1)c2nnn(n2)CC(=O)NCc3cn(nc3c4ccc(cc4)F)c5ccccc5
dude_tryb1__L006248,CCCCCCN([C@H](c1ccc(c(c1)OC)O)C(=O)NC(C)(C)CC(C)(C)C)C(=O)[C@@H](CC)CCCC
dude_tryb1__L006249,CCOC(=O)c1c(c(sc1NC(=O)CN2C(=O)[C@@]3(CCOc4c3cccc4)NC2=O)C(=O)N(C)C)C
dude_tryb1__L006250,CC[C@H](C)NC(=O)[C@H](C)NC(=O)/C=C(/C)\C(=O)N[C@H](C)C(=O)N[C@@H](C)CC
dude_tryb1__L006251,COc1ccc2cc(c(=O)[nH]c2c1)CN(C[C@@H]3COCCO3)S(=O)(=O)c4ccccc4Cl
dude_tryb1__L006252,CCCCCOc1ccc(cc1)C(=O)Oc2ccc3c(c2)OC(=C([C@@H]3c4ccc(cc4)OCCCC)C#N)N
dude_tryb1__L006253,C[C@@H](C(=O)N1c2ccccc2NC(=O)C1(C)C)OC(=O)CCCN3C(=O)C4(CCCC4)NC3=O
dude_tryb1__L006254,CC(C)COC[C@@H](C[NH+](C)Cc1[nH]c(=O)c2c3c(sc2n1)CN(CC3)Cc4ccccc4)O
dude_tryb1__L006255,CC(C)Sc1c2c(nc(n1)N)n(cn2)[C@@H]3[C@@H]([C@H]([C@@H](O3)CO)O)O
dude_tryb1__L006256,CCC[C@H](c1nnnn1C2CCCCC2)N(CCCO)Cc3cc4cc5c(cc4[nH]c3=O)OCCO5
dude_tryb1__L006257,Cn1c2ccc(cc2oc1=O)S(=O)(=O)N[C@H](CCSC)C(=O)Nc3ccccc3C(F)(F)F
dude_tryb1__L006258,CC[NH+](CC)CCN1[C@@H](C(=C(C1=O)[O-])C(=O)c2cccc(c2)OCC)c3ccc(c(c3)OCC)O
dude_tryb1__L006259,Cc1cccc(c1)CCN(Cc2cc3cc(c(cc3[nH]c2=O)OC)OC)S(=O)(=O)c4ccc5c(c4)OCCO5
dude_tryb1__L006260,Cc1c(c(n(n1)C(F)F)C)S(=O)(=O)Nc2cnn(c2)Cc3cccc(c3)OC
dude_tryb1__L006261,Cc1cc(cc(c1OC)C(=O)NC(=S)Nc2ccc(c(c2)OC)NC(=O)c3ccco3)Br
dude_tryb1__L006262,C[C@@H]1CCCC[NH+]1Cc2c(nnn2c3c(non3)N)C(=O)N/N=C\c4cc(ccc4O)Cl
dude_tryb1__L006263,NC(=N)N4CCCC(C[C@@H]3[C@@H](C(O)=O)N(C(=O)N2CCN(C(=O)CCCCCc1ccccn1)CC2)C3=O)C4
dude_tryb1__L006264,C[NH+](C)CCOC(=O)[C@H]1[C@H]2C=C[C@@H]([C@H]1C(=O)[O-])[C@@H]([C@H]2C(=O)[O-])C(=O)OCC[NH+](C)C
dude_tryb1__L006265,CCOc1cc(cc(c1OCc2cccc(c2)C)Br)C[NH2+]CCCSc3nnnn3C
dude_tryb1__L006266,C[NH+](C)CCCC[NH2+]C[C@H](COc1cc(ccc1Cl)Cl)O
dude_tryb1__L006267,COc1cc(cc(c1OC)OC)NC(=O)c2cc3nc(cc(n3n2)C(F)(F)Cl)c4ccco4
dude_tryb1__L006268,CC[C@@H](C)[NH+](CC[C@@](C)(C(=O)N)[NH2+]C(C)C)CCOC
dude_tryb1__L006269,Cn1c(c(c(n1)c2ccccc2)C[NH+](CC3CC3)C[C@@H](COCC=C)O)Oc4ccccc4F
dude_tryb1__L006270,CCCn1c2c(c(n1)C)c(cc(n2)c3cnn(c3C)C)C(=O)Nc4cnn(c4)Cc5cnn(c5C)CC
dude_tryb1__L006271,CSCC[C@H](C(=O)OCC(=O)Nc1ccccc1OC(F)F)NC(=O)c2ccccc2Cl
dude_tryb1__L006272,CSCC[C@@H](C(=O)N1CCC2(CC1)c3c([nH]c[nH+]3)CCN2)NC(=O)Cc4ccc(cc4)Cl
dude_tryb1__L006273,Cc1c(c([nH]c(=O)c1C#N)C)CCC(=O)NCc2ccc(s2)S(=O)(=O)N3CCOCC3
dude_tryb1__L006274,CC[C@@]1(CCC(=O)NC1=O)c2ccc(cc2)NC(=O)C(=O)NCCC3=c4cc(ccc4=[NH+]C3)Cl
dude_tryb1__L006275,c1cc(ccc1[C@H](CNC(=O)C(=O)Nc2cc3c4c(c2)CCN4C(=O)CC3)N5CCOCC5)F
dude_tryb1__L006276,Cc1ccc(cc1)S(=O)(=O)NCC(=O)OCC(=O)NC(=O)NCc2ccco2
dude_tryb1__L006277,CCOC(=O)c1c(c(c(s1)N)C#N)COC(=O)[C@@H](C)SCC(=O)Nc2ccc(cc2)F
dude_tryb1__L006278,Cc1ccc2c(c1)[C@]3([C@H]4[C@@H]([C@H](N3)CCC(=O)N)C(=O)N(C4=O)CCCOC)C(=O)N2
dude_tryb1__L006279,C[C@@H](Cn1cc(cn1)Br)C(=O)NNC(=O)C23C[C@H]4C[C@@H](C2)CC(C4)(C3)n5ncnn5
dude_tryb1__L006280,C[NH2+]CCC[NH2+]Cc1ccc(cc1)OCc2c(cccc2Cl)F
dude_tryb1__L006281,CCCN(CCC)C(=O)c1cccc(c1)NC(=S)NC(=O)c2cccc(c2)OCCOCC
dude_tryb1__L006282,Cc1ccc(cc1)c2cc3c(c(n2)C(=O)NCc4ccccn4)nc(n3[C@H]5CCS(=O)(=O)C5)C
dude_tryb1__L006283,CCCCCCN([C@H](c1c(cc(cc1O)O)O)C(=O)NCS(=O)(=O)c2ccc(cc2)C)C(=O)C(=C)C
dude_tryb1__L006284,Cc1ccc(cc1N(C)C)NC(=O)CCn2c(c(c(n2)C)S(=O)(=O)N3CCOCC3)C
dude_tryb1__L006285,c1cc(ccc1N2[C@@H](NN=C2SCC(=O)N)Cc3cc(=O)[nH]c(=O)[nH]3)F
dude_tryb1__L006286,CC(=O)O[C@H]1C[C@H]([C@@]2([C@@H]3[C@@H](CC[C@@]2(C1)O)[C@@]4(CC[C@@H]([C@@]4(C[C@@H]3OC(=O)C)C)C5=CC(=O)OC5)O)CO)O
dude_tryb1__L006287,CC[C@H](C)[C@@H](c1nnc(o1)S(=O)(=O)C)NS(=O)(=O)[C@H]2CS(=O)(=O)C[C@@H]2O
dude_tryb1__L006288,CCOC(=O)C1=C(NC2=C([C@@H]1c3cc(c(cc3OC)OC)OC)C(=O)[C@@H]([C@H](C2)C)C(=O)OC)C
dude_tryb1__L006289,Cc1ccc(c(c1)C)NC(=O)NC(=O)COC(=O)c2cccc(c2)S(=O)(=O)N(C)C(C)C
dude_tryb1__L006290,CC1(Cc2cccc(c2O1)OCC(=O)NCCCS(=O)(=O)N3CCN(CC3)c4ncccn4)C
dude_tryb1__L006291,COc1ccc(cc1)CN(Cc2cc3cc4c(cc3[nH]c2=O)OCO4)Cc5nnnn5C[C@@H]6CCCO6
dude_tryb1__L006292,C1CCC(CC1)CCCCCCO[C@@H]2[C@@H]([C@@H]([C@@H]([C@@H](O2)CO)O[C@@H]3[C@@H]([C@@H]([C@@H]([C@@H](O3)CO)O)O)O)O)O
dude_tryb1__L006293,C[C@H](c1ccc2c(c1)OCCO2)NC(=O)C3=NN(C(=O)CC3)[C@H]4CCS(=O)(=O)C4
dude_tryb1__L006294,c1ccc(c(c1)C[NH2+][C@@H]2c3cc(c(cc3NC2=O)F)Br)F
dude_tryb1__L006295,c1cc(ccc1C(=O)Nc2ncc(s2)S(=O)(=O)c3ccc(cc3)[N+](=O)[O-])OC(F)(F)F
dude_tryb1__L006296,CC[C@@H]([C@@H](c1ccccc1Br)[NH+](C)C[C@@H](COC)O)[NH3+]
dude_tryb1__L006297,CCn1c(nnc1SCC(=O)Nc2c(c(c(n2c3ccc(cc3)OC)C)C)C#N)c4ccco4
dude_tryb1__L006298,Cc1c(cc(n1C[C@@H]2CCCO2)c3csc(n3)c4cnccn4)C(=O)NC[C@@H]5CCCO5
dude_tryb1__L006299,CCCNC(=O)N[C@H]1C[C@](C[C@H]([C@@H]1OC(=O)NCC=C)OC(=O)NCC=C)(C(=O)N[C@H](C)C(=O)N)O
dude_tryb1__L006300,CNC(=O)c1c2c(n(n1)CC3CCCCC3)CC[C@H](C2)[NH2+]C4[C@@H]5CC6C[C@H]4CC(C5)(C6)O
dude_tryb1__L006301,Cc1ccc(cc1C)N([C@H](c2ccc(cc2)O)C(=O)NCCOC)C(=O)c3c(c(ns3)C(=O)N)N
dude_tryb1__L006302,Cc1ccc(cc1)NC(=O)[C@H](C)Sc2nnc(n2CC=C)[C@H](C(C)C)NC(=O)c3ccccc3OC
dude_tryb1__L006303,CCOc1cc(ccc1OC[C@H](C[NH+](Cc2ccco2)Cc3c(ccs3)C)O)C=O
dude_tryb1__L006304,CCC[C@H](C[NH+](Cc1c(nn(c1Oc2ccccc2OC)c3ccc(cc3)OC)CC)C4CC4)O
dude_tryb1__L006305,Cc2c(Cl)nc(NC1CCC(N)CC1)c(=O)n2CC(=O)Nc3cccc(CN)c3
dude_tryb1__L006306,CCCCn1c(c(c(=O)[nH]c1=O)N(Cc2ccccc2OC)C(=O)CSc3ccccc3F)N
dude_tryb1__L006307,COCCOc1ccccc1C(=O)NC(=S)NNC(=O)C(c2ccccc2)c3ccccc3
dude_tryb1__L006308,CC1=C[C@H]([C@H](O1)C(F)(F)F)C(=O)N2C[C@@H](C3(C2)CC[NH2+]CC3)C(=O)NCc4[nH]c(=O)c5ccccc5n4
dude_tryb1__L006309,c1ccc2=[NH+]CC(=c2c1)CCNC(=O)C3=CNN([C@@H]3n4cccc4)c5ccc(cc5)F
dude_tryb1__L006310,CC(C)Cn1c(c(c(=O)n(c1=O)C)C(=O)CSc2nnc(n2Cc3ccccc3)c4ccco4)N
dude_tryb1__L006311,Cc1ccc(cc1NC(=O)C(=O)NCC[NH+]2CCN(CC2)c3ccc(cc3)F)[N+](=O)[O-]
dude_tryb1__L006312,CCOC(=O)c1c(c([nH]c1C)C(=O)[C@@H](C)OC(=O)c2ccc(c(c2)S(=O)(=O)N(C)C)Cl)C
dude_tryb1__L006313,Cc1ccc(o1)[C@H](C(=O)NCCOC)N(c2ccc(cc2)OC)C(=O)c3c(c(ns3)C(=O)N)N
dude_tryb1__L006314,CC[C@@H](C)[NH+](CCOC)[C@@H](c1ccccc1Br)[C@@H](CC)[NH3+]
dude_tryb1__L006315,CC(=CCC[C@](C)([C@H](C[C@H](/C(=C/COC[C@H]([C@H]([C@H]([C@H](CO)O)O)O)O)/C)OC(=O)C)O)O)C
dude_tryb1__L006316,CCN1C(=O)/C(=C/c2cn(c3c2cc(cc3)Br)CC(=O)NCCOC)/N(C1=S)C
dude_tryb1__L006317,C[C@@]1(C(=O)N(C(=O)N1)CC(=O)N([C@@H]2CCS(=O)(=O)C2)C3CCCC3)c4ccc(cc4)OC(F)F
dude_tryb1__L006318,CC(=O)N1CC(=O)C[C@H]1C(=O)N[C@@H](CCCN=C(N)N)C(=O)c3nc2ccccc2s3
dude_tryb1__L006319,CCCCCCN([C@@H](c1c(cc(cc1O)O)O)C(=O)NC(C)(C)C)C(=O)[C@@H](CC)CCCC
dude_tryb1__L006320,COc1cc(cc(c1OC)OC)c2nc(c3c(n2)n(c(=O)[nH]3)c4cc(c(c(c4)OC)OC)OC)C(=O)N
dude_tryb1__L006321,CCCn1c(c(c(=O)n(c1=O)C)C(=O)CSc2nnc(s2)NCCOC)N
dude_tryb1__L006322,OC(=O)[C@@H]2[C@@H](CC1CCNCC1)C(=O)N2C(=O)N5CCN(C(=O)Cc4ccc3ccccc3c4)CC5
dude_tryb1__L006323,CCOC(=O)c1c(c2c(=O)[nH]c(nc2s1)[C@@H](C)Sc3nnnn3c4ccc(cc4)C)C
dude_tryb1__L006324,Cc1ccc(cc1)N2c3c(c(no3)C)[C@@H](C(=C2[NH3+])C#N)c4ccc(cc4)Cl
dude_tryb1__L006325,CCCCn1c2c(c(=O)[nH]c1=O)n(c(n2)CCC(=O)N[C@@H](C)c3ccc(cc3)SC)CC(C)C
dude_tryb1__L006326,C[C@@H]1[C@H]([C@@H](C[C@@H](O1)O[C@@H]2C[C@@](Cc3c2c(c4c(c3O)C(=O)c5ccccc5C4=O)O)(C(=O)C)O)[NH3+])O
dude_tryb1__L006327,c1c(cc(c(c1/C=N/NC(=[NH2+])N)O)I)I
dude_tryb1__L006328,CC1(CC(CC([NH2+]1)(C)C)NC(=S)N(CC[NH+](C)C)Cc2ccc(cc2)OC)C
dude_tryb1__L006329,CCC[NH+](CCC[C@@](C)(C(=O)N)[NH2+]C(C)C)CC1CC1
dude_tryb1__L006330,CCOc1ccc(cc1)N[C@]2([C@@H]([C@@H]([C@@H](CO2)O)O)O)CO
dude_tryb1__L006331,CC[NH+](CC)c1ccc(cc1)CN([C@@H]2CCS(=O)(=O)C2)C(=O)c3c(cnc(n3)S(=O)(=O)C)Cl
dude_tryb1__L006332,CC(C)(C)NC(=O)[C@@H](c1ccc(cc1)N(C)C)N(Cc2ccco2)C(=O)c3ccc(cc3)[N+](=O)[O-]
dude_tryb1__L006333,c1ccc(cc1)N2[C@@H]3[C@@H](C[C@H]([C@@H]([C@@H]3NC2=S)O)O)C(=O)NCC[NH+]4CCCCC4
dude_tryb1__L006334,Cc1c2c(c(cnc2n(n1)C)C(=O)N3C[C@H](C4(C3)CC[NH2+]CC4)C(=O)NCCCOC(C)C)Cl
dude_tryb1__L006335,Cn1c(=O)c(c(nc1SC)N[C@@H]2[C@H]([C@@H]([C@@H]([C@@H](O2)CO)O)O)O)C=O
dude_tryb1__L006336,c1cc(ccc1/C=N/NC(=O)CNc2c(=O)[nH]c(=O)[nH]n2)O
dude_tryb1__L006337,CC[C@H](C(=O)Nc1nc(c(s1)C(=O)OCC=C)C)n2c(nnc2SCCc3ccccc3)N
dude_tryb1__L006338,Cc1ccc(cc1)[C@@H](C(=O)NC[C@@H]2CCCO2)N(c3ccc(cc3)F)C(=O)c4c(c(ns4)C(=O)N)N
dude_tryb1__L006339,CN1[C@H]([C@@H](c2ccccc2C1=O)C(=O)Nc3nnc(s3)COC)c4ccc5c(c4)OCO5
dude_tryb1__L006340,CCOC(=O)Cn1c(c(sc1=O)/C=N/NC(=O)COc2c(nsn2)N3CCOCC3)Cl
dude_tryb1__L006341,c1cc(oc1C(=O)OCC(=O)N([C@H]2CCS(=O)(=O)C2)C3CCCCC3)S(=O)(=O)NC4CC4
dude_tryb1__L006342,c1ccc(cc1)N2[C@H](NN=C2CNc3ccc(cc3)Cl)SCC(=O)N/N=C/C4=c5ccccc5=[NH+]C4
dude_tryb1__L006343,Cc1cccn2c1nc(c(c2=O)/C=C/3\C(=O)N(C(=S)S3)CC(C)C)NCCOCCO
dude_tryb1__L006344,c1cc-2c(cc1S(=O)(=O)N(CCO)CCO)C(=O)c3c2ccc(c3)S(=O)(=O)N(CCO)CCO
dude_tryb1__L006345,CC(=CCc1c(cc(c2c1oc(cc2=O)c3ccc(cc3)OC)O)O[C@H]4[C@H]([C@@H]([C@@H]([C@H](O4)CO)O)O)O)C
dude_tryb1__L006346,Cc1c(cnn1c2ccccc2)C(=O)C3=C(C(=O)N([C@@H]3c4ccc(cc4)OCC=C)CCC[NH+](C)C)[O-]
dude_tryb1__L006347,Cc1ccc(cc1)NC(=O)Nc2cccc3c2CC[NH+](C3)[C@H](C)C(=O)NC(C)C
dude_tryb1__L006348,c1ccc(cc1)n2c3c(cn2)c(nc(n3)NCCN4CCOCC4)Nc5c(c6c(s5)CCC6)C(=O)N
dude_tryb1__L006349,c1cc(ccc1c2cc(=O)c3c(cc(cc3o2)O[C@H]4[C@@H]([C@H]([C@@H]([C@@H](O4)CO)O)O)O[C@H]5[C@@H]([C@@](CO5)(CO)O)O)O)O
dude_tryb1__L006350,C[C@H](c1ccc(cc1)n2ccnc2)NC(=O)CCCN3C(=O)c4ccccc4N5[C@@]3(CCC5=O)C
dude_tryb1__L006351,CCCn1c(c(c(c(c1=O)C#N)C)/C=C/2\C(=O)N(C(=S)S2)CC)NCCc3ccc(c(c3)OC)OC
dude_tryb1__L006352,CC1CC[NH+](CC1)C[C@H](CNC(=O)NC2CC[NH+](CC2)CC(C)C)O
dude_tryb1__L006353,C[C@H](C(=O)Nc1ccc(c(c1)OC)OC)Sc2nnc(n2c3cccc(c3)F)N4CCOCC4
dude_tryb1__L006354,CC[C@H](C(=O)NCc1ccco1)Sc2nc3c(c([nH]n3)C)c(=[NH2+])n2c4ccc(cc4)Br
dude_tryb1__L006355,CC(C)[C@H](c1nnnn1C2CCCC2)[NH+](CCCO)Cc3cc4cc5c(cc4[nH]c3=O)OCCO5
dude_tryb1__L006356,CCOC(=O)C1CC[NH+](CC1)[C@@H](c2ccc(c(c2)OC)OC)c3c(n4c(s3)nc(n4)C)[O-]
dude_tryb1__L006357,c1cc(ccc1C(=O)N(CCN2CCOCC2)C[C@@H]3CN(CCO3)C[C@@H](CN4CCOCC4)O)F
dude_tryb1__L006358,CNS(=O)(=O)c1cc(ccc1Cl)C(=O)N(C)Cc2[nH]c(=O)c3c(n2)ccs3
dude_tryb1__L006359,Cc1cc(c(cc1C)S(=O)(=O)N[C@@H](C)C(=O)N(C)C)N
dude_tryb1__L006360,c1ccc2c(c1)CC[NH2+][C@H]2c3c(nc(n(c3=O)c4ccc(cc4)Cl)S)O
dude_tryb1__L006361,COc1cc(cc(c1OC)OC)C(=O)N2C[N-]S(=O)(=O)c3c2cc(c(c3)S(=O)(=O)N)Cl
dude_tryb1__L006362,Cc1c(c(=O)n(n1C)c2ccccc2)NC(=O)[C@@H](C)Sc3nnc(n3CC(C)C)c4ccco4
dude_tryb1__L006363,c1cc(ccc1c2nc(c(o2)NCCCn3ccnc3)S(=O)(=O)c4ccc5c(c4)OCCO5)Cl
dude_tryb1__L006364,Cc1ccc2cc(c(=O)[nH]c2c1C)CN(CCN3CCOCC3)C(=S)NCCC[NH+](C)C
dude_tryb1__L006365,Cc1c2c(cc(nc2n(n1)[C@H]3CCS(=O)(=O)C3)C4CC4)C(=O)Nc5ccc6c(c5)NC(=O)[C@H](O6)C
dude_tryb1__L006366,C[C@H]1C(=C(N=N1)C)C(=O)C2=C(C(=O)N([C@@H]2c3ccc(cc3)OC(C)C)CCC[NH+](C)C)[O-]
dude_tryb1__L006367,CCOc1ccc(cc1)NC(=O)CCSc2nc([nH]n2)N/N=C/c3c(nn(c3C)CC=C)C
dude_tryb1__L006368,C[C@@H](c1ccc(c(c1)OC)OC)NC(=O)C2CCN(CC2)S(=O)(=O)[C@H]3C=C[C@@H](O3)[C@@H]4C=CN=N4
dude_tryb1__L006369,C[C@@H]1CCC[C@](C1)(C(=O)[O-])NC(=O)NC[C@@H]2CC[NH+](C2)C
dude_tryb1__L006370,COc1ccccc1CNC(=O)C(=O)NC[C@@H](c2cccs2)S(=O)(=O)c3ccc4c(c3)OCO4
dude_tryb1__L006371,CC[C@@H](C)[C@@H](C(=O)Nc1nc(cs1)CN2CCOCC2)NC3=NS(=O)(=O)c4c3cccc4
dude_tryb1__L006372,Cc1ccc(cc1)N2C[C@@H](CC2=O)c3nnc(s3)NC(=O)Cn4cnc5c4c(=O)n(c(=O)n5C)C
dude_tryb1__L006373,CC(=O)OC[C@H]1[C@@H]([C@@H]([C@@H](O1)n2c3c(c(ncn3)N)nc2S(=O)(=O)C)OC(=O)C)OC(=O)C
dude_tryb1__L006374,CCN(CC)c1ccc(cc1)NC(=O)[C@H]2CCCN(C2)c3ccc(nn3)n4c(cc(n4)C)C
dude_tryb1__L006375,Cc1cccc(c1)n2c(nnn2)SCC(=O)Nc3cc(ccc3C)S(=O)(=O)N(C)C
dude_tryb1__L006376,CCC[NH2+][C@](C)(CCC[NH+](C)C[C@@H]1CCCCO1)C(=O)N
dude_tryb1__L006377,Cc1c(c(n(n1)c2ccccc2Cl)Cl)C[NH2+]C[C@H](C[NH+]3CCCC3)O
dude_tryb1__L006378,Cc1ccc2nc(c(c(=O)n2c1)/C=C/3\C(=O)N(C(=S)S3)CC=C)NCCOCCO
dude_tryb1__L006379,c1cc(cnc1)[C@H](CNS(=O)(=O)[C@H]2CCS(=O)(=O)C2)S(=O)(=O)c3ccc4c(c3)OCCO4
dude_tryb1__L006380,CC(C)S(=O)(=O)N(C(=O)[C@@H]1C[C@H](C2=[N+]1Cc3ccccc3N2)c4ccccc4O)[O-]
dude_tryb1__L006381,CSCC[C@H](C(=O)[O-])NC(=O)C[NH+]1CCC(CC1)C(=O)N
dude_tryb1__L006382,CC1=NN(c2nc3c(n2C1)c(=O)n(c(=O)n3C)CCN4CCOCC4)CC(=O)N
dude_tryb1__L006383,CC[NH+]1CCc2c(sc(c2[C@@H](C)NC(=O)Nc3cccc(c3C)C)n4cccc4)C1
dude_tryb1__L006384,Cc1ccc2c(c1)cc(c(=O)[nH]2)CN(CCc3ccc(c(c3)OC)OC)Cc4nnnn4C[C@H]5CCCO5
dude_tryb1__L006385,CC(C)CCN1[C@@H]2NN[C@@H](N2c3ccsc3C1=O)CCCC(=O)NCCC4=c5ccccc5=[NH+]C4
dude_tryb1__L006386,CC5=NN(c4ccc(C(=O)N3CCN(C(=O)N2[C@H](C(O)=O)[C@@H](CC1CCNCC1)C2=O)CC3)cc4)C(=O)C5
dude_tryb1__L006387,COCCN1C(=O)[C@H]2[C@@H](C1=O)[C@]3(c4cc(ccc4NC3=O)[N+](=O)[O-])N[C@@H]2[C@H](c5ccc(cc5)Cl)O
dude_tryb1__L006388,CCn1cc(c(=O)c2c1cc3c(c2)OCO3)C(=O)N[C@@H](C)C(=O)N[C@@H](C)CCc4ccco4
dude_tryb1__L006389,c1cc(c(cc1[C@@H](C[NH+]2CCC3(CC2)C[C@H](c4cc(ccc4O3)F)O)O)Cl)Cl
dude_tryb1__L006390,C[C@H](c1ccc(cc1)S(=O)(=O)N)[NH2+]CCCS(=O)(=O)N
dude_tryb1__L006391,Cc1cc(c(c(c1)O)c2c3c([nH]n2)C(=O)N([C@H]3c4ccc(c(c4)OC)OCC(C)C)CCCOC(C)C)C
dude_tryb1__L006392,C[C@@]1(CC[C@@H]2[C@@H]1[C@@H](OC=C2C(=O)OC)O[C@H]3[C@@H]([C@H]([C@@H]([C@H](O3)CO)O)O)O)O
dude_tryb1__L006393,c1ccc(c(c1)CNC(=O)NNC(=O)c2cccc(c2)[N+](=O)[O-])Cn3cncn3
dude_tryb1__L006394,CCc1c(c(n(n1)c2ccccc2)Oc3ccc(cc3)OC)C[NH+](C[C@H](CC)O)CC(C)C
dude_tryb1__L006395,CC[NH2+][C@@H](c1ccc(o1)Br)c2cc3c(cc2Br)[nH]c(=O)[nH]3
dude_tryb1__L006396,Cc1ccc(cc1N[C@H]2[C@H]([C@H]([C@H]([C@@H](O2)CO)O)O)O)[N+](=O)[O-]
dude_tryb1__L006397,COc1cc(ccc1OCCOc2ccc(cc2)[N+](=O)[O-])/C=N/NC(=S)Nc3ccccc3
dude_tryb1__L006398,Cc1c(cn(n1)C)[C@@H](C(=O)NC2CCCCC2)N(c3cccc(c3)C(=O)OC)C(=O)[C@@H]4COc5ccccc5O4
dude_tryb1__L006399,c1cc(ccc1/C=C\2/C(=O)N(C(=O)S2)CCNC(=O)CCN3C(=O)[C@@H]4CCCC[C@H]4C3=O)F
dude_tryb1__L006400,C1CCC(CC1)[NH+]2CCc3c(c([nH+]c4c3[C@H](N=N4)[NH3+])NC[C@@H]5CCCO5)C2
dude_tryb1__L006401,CCOc1ccc(cc1)NCC(=O)N/N=C/[C@@H]([C@H]([C@H]([C@H](CO)O)O)O)O
dude_tryb1__L006402,CCc1c2c(=O)[nH]c(nc2sc1C(=O)OC)C[NH+](Cc3ccco3)C[C@H](COC(C)C)O
dude_tryb1__L006403,CC1CCN(CC1)C(=O)Cn2cnc(n2)NC(=O)c3cnn4c3nc(cc4C(F)(F)F)c5ccco5
dude_tryb1__L006404,C[C@@H](c1ccc(c(c1)F)F)[NH2+]Cc2[nH]c(=O)c3c4c(sc3n2)CCC4
dude_tryb1__L006405,Cc1ccc2c(c1)S[C@H](N2)NC(=O)[C@@H](CC3=c4ccccc4=[NH+]C3)NC(=O)Oc5ccccc5
dude_tryb1__L006406,Cn1cnc(c1Sc2c3c(nc(n2)N)n(cn3)[C@@H]4[C@H]([C@@H]([C@@H](O4)CO)O)O)[N+](=O)[O-]
dude_tryb1__L006407,CCCCOc1ccc(cc1OCC)[C@@H]2c3ccc(cc3OC(=C2C#N)N)OC(=O)c4ccccc4OCC
dude_tryb1__L006408,CCc1c(sc(c1C(=O)OCC)NC(=O)CN2C(=O)[C@@]3(CCOc4c3cccc4)NC2=O)C
dude_tryb1__L006409,COc1ccc(cc1C[NH+]2CCN(CC2)c3ccc(cc3)F)[C@@H]4c5c(c6ccccc6[nH]5)C[C@@H]([NH2+]4)C(=O)[O-]
dude_tryb1__L006410,CC[NH+](CC)CCN1[C@@H](C(=C(C1=O)[O-])C(=O)[C@@H]2C(=C(N=C2C)C(=O)OC)C)c3ccccc3F
dude_tryb1__L006411,c1ccc(c(c1)[N+](=O)[O-])OCC(=O)Nc2c(c3c(s2)CCCC3)C(=O)NC[C@@H]4CCCO4
dude_tryb1__L006412,CCC[C@@H](c1nnnn1C[C@@H]2CCCO2)[NH+](CCCO)Cc3cc4cc(c(cc4[nH]c3=O)C)C
dude_tryb1__L006413,CC[C@]1(C(=O)N(C(=O)N1)NC(=O)Cn2cnc3c2c(=O)n(c(=O)n3C)C)c4ccccc4
dude_tryb1__L006414,CN(CC(=O)Nc1ccc(cc1)S(=O)(=O)Nc2nccs2)S(=O)(=O)/C=C/c3ccccc3
dude_tryb1__L006415,c1cnc(nc1)N2CCN(CC2)C(=O)c3ccc(cc3)/N=C/4\N[C@@H]5CS(=O)(=O)C[C@H]5S4
dude_tryb1__L006416,c1cc2=[NH+][C@H]([NH+]=c2cc1Cl)SCC(=O)N[C@H]3[C@@H](C=CS3)C(=O)N
dude_tryb1__L006417,CS(=O)(=O)c1cccc(c1)C(=O)NNC(=O)c2cc(nc3c2cccc3)c4ccncc4
dude_tryb1__L006418,CCNC(=S)N/C(=N\c1nc(cc(n1)C)C)/N2CCC(CC2)(C(=O)N)[NH+]3CCCCC3
dude_tryb1__L006419,COc1cc(ccc1O)C[C@@H](CO[C@H]2[C@@H]([C@@H]([C@@H]([C@@H](O2)CO)O)O)O)c3cc(cc(c3O)OC)/C=C/CO
dude_tryb1__L006420,Cc1cc(c(c(c1)C)OC[C@H](C[NH+](CCO)C[C@@H](Cn2ccc3c2cccc3)O)O)C
dude_tryb1__L006421,CS(=O)(=O)[N-]c1ccc2c(c1)[C@H](C[C@]3(O2)CC[NH2+]C3)O
dude_tryb1__L006422,c1ccc-2c(c1)CCCc3c2nc(nc3)n4c(c(cn4)C(=O)NCCOc5cccnc5)C6CC6
dude_tryb1__L006423,Cc1cc(cc(c1)N([C@H](c2ccc(cc2)O)C(=O)NCCC(C)C)C(=O)c3c(c(ns3)C(=O)N)N)C
dude_tryb1__L006424,NCc4cccc(NC(=O)CN3CCCCC(NC(=O)c2ccc(Cc1ccccc1)cc2)C3=O)c4
dude_tryb1__L006425,Cc1cc(ccc1NC(=O)C(=O)NCC2(CCCC2)[NH+]3CCSCC3)Cl
dude_tryb1__L006426,C[C@@H](Cn1cc[nH+]c1)NC(=O)N[C@@H](CC(=O)N)C(=O)[O-]
dude_tryb1__L006427,Cc1ccc(o1)Cn2cc(c(=O)c(c2)C(=O)NCc3ccc(cc3)n4cccn4)C(=O)NCC=C
dude_tryb1__L006428,C[C@@H](CCCC(C)C)CCOc1cc(c(cc1[C@H](CC(=O)N)[NH3+])OC)[C@@H](CC(=O)N)[NH3+]
dude_tryb1__L006429,c1cc(ccc1c2ccc(o2)/C=N/NC(=[NH2+])c3c(non3)N)S(=O)(=O)N
dude_tryb1__L006430,C[C@@H](C(=O)N[C@H](C)C(=O)[O-])NC(=O)[C@H](CC1=c2ccccc2=[NH+]C1)N3C(=O)[C@@H]4C=CC=CC4=NC3=O
dude_tryb1__L006431,C[C@@]12CCC[C@@]([C@]1(C[C@H]3[C@@H](C2)OC(=O)[C@@H]3C[NH2+]CCC4=CCCCC4)O)(C)OC
dude_tryb1__L006432,Cn1c(c(c(=O)n(c1=O)C)[C@@H]2c3cc4c(cc3[C@@]56C=C[C@@H](C[C@@H]5[NH+]2C[C@@H]6O)OC)OCO4)[O-]
dude_tryb1__L006433,CC[C@]1(C(=O)N(C(=O)N1)NC(=O)COC(=O)[C@H](C)NS(=O)(=O)c2ccc(cc2)C)C
dude_tryb1__L006434,CC(C)C[C@@H](CNC(=O)C(=O)Nc1c(ccs1)C(=O)N)N2CCOCC2
dude_tryb1__L006435,COc1ccc(cc1)[C@@H](CNS(=O)(=O)c2ccc(cc2)C(=O)N)[NH+]3CCCCC3
dude_tryb1__L006436,Cc1cc(c(cc1C)O)C(=O)C2=C(C(=O)N([C@H]2c3ccc(cc3)[N+](=O)[O-])CCC[NH+](C)C)[O-]
dude_tryb1__L006437,CC(C)COC[C@H](C[NH+](CC=C)Cc1[nH]c(=O)c2c(csc2n1)c3ccc(c(c3)OC)OC)O
dude_tryb1__L006438,C[C@@]12CCCC(=C)[C@@H]1C[C@H]3[C@@H](C2)OC(=O)[C@@H]3C[NH2+]CCC[NH+](CCO)CCO
dude_tryb1__L006439,COc1cc(ccc1OC(F)F)C2=N/C(=C/c3cc(c(c(c3)OC)OCC(=O)N)OC)/C(=O)O2
dude_tryb1__L006440,C[C@@H](C(=O)NC(=O)NC(C)C)N1CCN(CC1)CC(=O)N
dude_tryb1__L006441,c1cc2=[NH+]CC(=c2cc1F)CCNC(=O)[C@@H]3N[C@H](NO3)CC(=O)Nc4ccc(cc4F)F
dude_tryb1__L006442,Cc1ccc2=[NH+]CC(=c2c1)CC/[NH+]=C/3\NN[C@@H](C(=O)N3N)c4ccc(cc4)OC
dude_tryb1__L006443,Cc1c(c(n(n1)C)C)/C=N/Nc2[nH]nc(n2)SCCC(=O)Nc3ccc(cc3)S(=O)(=O)N
dude_tryb1__L006444,C[NH2+][C@@H](c1ccc(cn1)Br)c2cc3c(cc2Cl)NC(=O)C3
dude_tryb1__L006445,Cc1ccc(cc1)S(=O)(=O)CNC(=O)[C@@H](c2ccc(c(c2)OC)O)N(C)C(=O)c3ccccc3O
dude_tryb1__L006446,C[C@@H]1C(=C(N=N1)C)CCC2=[NH+]C3=c4ccccc4=[NH+][C@H](N3N2)NCCc5ccc(cc5)Cl
dude_tryb1__L006447,CC1(CC(CC([NH2+]1)(C)C)NC(=O)CSc2nc([nH]n2)N/N=C/c3ccccc3OC)C
dude_tryb1__L006448,CC(=O)Nc1ccc(cc1)S(=O)(=O)N[C@@H]2CC(=O)N(C2)c3ccc4c(c3)OCCO4
dude_tryb1__L006449,COc1cc(cc(c1)OC)c2nnc(o2)SCC(=O)c3c(n(c(=O)[nH]c3=O)C4CC4)N
dude_tryb1__L006450,Cc1c2c(=O)[nH]c(nc2sc1C(=O)OC)C[NH+](C[C@@H](COc3ccc(cc3)Cl)O)C(C)C
dude_tryb1__L006451,CCCCCN(c1c(n(c(=O)[nH]c1=O)CCCC)N)C(=O)CCCSc2nncs2
dude_tryb1__L006452,CC(C)[C@@H](C(=O)Nc1ncc(s1)[N+](=O)[O-])NS(=O)(=O)c2ccc3c(c2)CCN3C(=O)C
dude_tryb1__L006453,Cc1ccc(o1)c2nnn(n2)CC(=O)N(c3ccc(c(c3)Cl)F)[C@H](C)C(=O)NC(C)(C)C
dude_tryb1__L006454,CC[NH+]1[C@@H](NN[C@@H]1SCC(=O)N/N=C\C2=c3ccccc3=[NH+]C2)c4ccc(cc4)C
dude_tryb1__L006455,COc1ccc(cc1)n2c(c3c(n2)C[S@](=O)C3)NC(=O)c4ccc(cc4)S(=O)(=O)N5CCCC5
dude_tryb1__L006456,C=CCN(c1ccc(cc1)Cl)S(=O)(=O)c2cccc(c2)C(=O)Nc3cc(cc(c3)C(=O)N)C(=O)N
dude_tryb1__L006457,c1cc(c(cc1C(F)(F)F)NC(=O)COC(=O)c2cc(cnc2)Br)n3cncn3
dude_tryb1__L006458,c1ccc(c(c1)[C@H]2COc3cc(ccc3C2=O)OC(=O)[C@@H](CC4=c5ccccc5=[NH+]C4)N)F
dude_tryb1__L006459,CC[C@H](C)C(=O)Nc1c2cc(cnc2n(c1C(=O)OC)C[C@@H]3CCCO3)N[C@@H](C)CCO
dude_tryb1__L006460,CCOC(=O)C1=C(C(=N[C@H]1C)C(=O)N(CCOC)c2c(n(c(=O)[nH]c2=O)CC(C)C)N)C
dude_tryb1__L006461,Cc1ccc(c(c1)C)N([C@H](c2ccc(o2)C)C(=O)NCCOC)C(=O)c3c(c(ns3)C(=O)N)N
dude_tryb1__L006462,CC(C)NC(=O)N(Cc1ccco1)Cc2cnc(n2C[C@@H]3CCCO3)S(=O)(=O)Cc4ccccc4F
dude_tryb1__L006463,C[C@@H]1CCc2c(sc3c2c(=O)[nH]c(n3)C[NH+](CCN4CCOCC4)C[C@@H](CCC=C)O)C1
dude_tryb1__L006464,CCCCCC[C@@]1(C(=O)N(C(=O)N1)C[C@@H](COc2ccc(cc2)Oc3ccccc3)O)C
dude_tryb1__L006465,CC(C)C[NH+](CC(C)C)[C@@H](C[NH3+])c1ccc(c(c1)[N+](=O)[O-])Cl
dude_tryb1__L006466,C[C@H]1CN(C[C@@H](O1)C)Cc2csc(n2)NC(=O)[C@@H]3CC(=O)N(C3)c4ccc5c(c4)OCCO5
dude_tryb1__L006467,C[C@@H](C(=O)N[C@](C)(C#N)C(C)C)Sc1nnc(n1CC(C)C)N2CCOCC2
dude_tryb1__L006468,CC[C@H](C)[C@@H](C(=O)[O-])NC(=O)[C@H](CC(C)C)N1C(=O)[C@@]2([C@H]3C(=c4ccccc4=[NH+]3)CCN2C1=O)C
dude_tryb1__L006469,Cc1ccc(cc1)S(=O)(=O)NNC(=O)c2ccccc2NC[C@@H]([C@@H]([C@@H](CO)O)O)O
dude_tryb1__L006470,Cc1c2c(cc(nc2n(n1)[C@H]3CCS(=O)(=O)C3)c4ccco4)C(=O)Nc5nccs5
dude_tryb1__L006471,CC(C)[C@@H](c1nnnn1C2CCCCC2)[NH+](CCCO)Cc3cc4cc5c(cc4[nH]c3=O)OCCO5
dude_tryb1__L006472,Cc1c(c(n(n1)[C@@H]2CCS(=O)(=O)C2)C)CN(C)Cc3[nH]c(=O)c4c(csc4n3)c5ccccc5
dude_tryb1__L006473,CC[C@@H](c1nnnn1C[C@@H]2CCCO2)N(Cc3cccs3)Cc4cc5cc6c(cc5[nH]c4=O)OCO6
dude_tryb1__L006474,c1ccc2c(c1)C[C@H]([NH+](C2)Cc3ccc(cc3[N+](=O)[O-])C(=O)N)C(=O)N
dude_tryb1__L006475,c1cc(oc1)c2c3c(c(c(n2)N4CCN(CC4)C(=O)C(=O)NCCCO)C#N)CCC3
dude_tryb1__L006476,CC[C@@H](c1nnc(n1c2ccccc2)SCC[NH2+]CCO)[NH+](C)C
dude_tryb1__L006477,c1ccc(cc1)n2c3c(cn2)c(=O)[nH]c(n3)CCC(=O)N[C@H]4N=C(CS4)CC(=O)N
dude_tryb1__L006478,Cc1c2c(ncn(c2=O)[C@@H](C)C(=O)Nc3ccc(cc3)Br)sc1C(=O)OCCOC
dude_tryb1__L006479,CC1(Cc2c(c([nH+]c3c2c(c(s3)C(=O)NN)N)N4CCOCC4)CO1)C
dude_tryb1__L006480,COc1cc(c(cc1O)[N+](=O)[O-])/C=N/NC(=O)CSc2nnc(n2CC=C)CCc3ccccc3
dude_tryb1__L006481,CC(C)([C@@H](Cc1cn(c2c1cccc2)[C@H]3[C@@H]([C@H]([C@@H]([C@H](O3)CO)O)O)O)O)O
dude_tryb1__L006482,Cc1c(c(n(n1)CCC(=O)N[C@@H](C)COc2ccccc2C(F)(F)F)C)[N+](=O)[O-]
dude_tryb1__L006483,COc1cc(cc(c1O)OC)[C@@H]2c3cc4c(cc3[C@H]([C@@H]5[C@@H]2C(=O)OC5)Nc6cccc[nH+]6)OCO4
dude_tryb1__L006484,Cn1c2c(c(=O)n(c1=O)C)[nH]c(n2)C[C@H]([C@@H]([C@@H](CO)O)O)O
dude_tryb1__L006485,C[C@@H](CCCC(C)(C)O)CC[NH+]1CCC(CC1)n2cc(nn2)C(C)(C)[NH3+]
dude_tryb1__L006486,c1ccc(c(c1)NC(=O)NCCNc2c(cccn2)C#N)OCCC(=O)N
dude_tryb1__L006487,CS(=O)(=O)N(CC(=O)Nc1ccc(cc1)S(=O)(=O)Nc2ncccn2)c3ccc(c(c3)Cl)F
dude_tryb1__L006488,OC(=O)[C@@H]2[C@@H](CC1CCNCC1)C(=O)N2C(=O)N5CCN(C(=O)CCCCCc3cccc4ccccc34)CC5
dude_tryb1__L006489,C/C(=C(/C#N)\C(=O)COC(=O)[C@H](CCSC)NC(=O)c1cc(c(c(c1)OC)OC)OC)/N
dude_tryb1__L006490,COc1ccc(cc1OC)[C@H](CNC(=O)C(=O)NCc2ccccn2)S(=O)(=O)c3cccs3
dude_tryb1__L006491,CN1CCN(CC1)S(=O)(=O)c2ccc(nc2)SCC(=O)Nc3c(c4c(s3)CCC4)C#N
dude_tryb1__L006492,Cc1cccc2c1[nH]c(=O)c(c2)[C@@H](c3nnnn3C4CCCC4)N(Cc5ccco5)C[C@@H]6CCCO6
dude_tryb1__L006493,COc1ccc(cc1)c2c3c([nH]n2)C(=O)N([C@H]3c4ccc(c(c4)OC)OC)Cc5ccco5
dude_tryb1__L006494,CC[NH+]1CCC[C@H]1CNC(=S)NC2CC([NH2+]C(C2)(C)C)(C)C
dude_tryb1__L006495,NC(=N)c4ccc(C(=O)NCc3ccc(C(=O)NCCC(c1ccccc1)c2ccccc2)cc3)cc4
dude_tryb1__L006496,C[C@@H](C(=O)N[C@@H](CC1=c2ccccc2=[NH+]C1)C(=O)[O-])N3C(=O)c4ccccc4NN3
dude_tryb1__L006497,CCC[C@H](c1nnnn1CCc2ccccc2)[NH+](CCCO)Cc3cc4cc(c(cc4[nH]c3=O)C)C
dude_tryb1__L006498,CC[NH+](CC)CCN(CC(=O)Nc1nc(cs1)C)S(=O)(=O)c2ccc(cc2)NC(=O)C
dude_tryb1__L006499,Cc1cc(n2c(n1)nc(n2)S[C@@H](C)C(=O)Nc3ccc(cc3)S(=O)(=O)Nc4ncccn4)C
dude_tryb1__L006500,Cc1c(c(on1)C)S(=O)(=O)N2CCN(CC2)[C@@H](C)C(=O)Nc3c(c4c(s3)CCC4)C(=O)N
dude_tryb1__L006501,CCS(=O)(=O)N1CCc2c1ccc(c2)C(=O)CN3C(=O)[C@@](NC3=O)(C)c4ccc5c(c4)OCCO5
dude_tryb1__L006502,Cc1cc(c(n1[C@@H]2CCS(=O)(=O)C2)C)C(=O)CSc3nnc(n3C)[C@H]4CCS(=O)(=O)C4
dude_tryb1__L006503,Cc1ccc(c(c1F)C(=O)N2C[C@@H](C3(C2)CC[NH2+]CC3)C(=O)NC[C@H](C)Oc4ccc(cc4)F)Cl
dude_tryb1__L006504,CC[NH+]1CCc2c(sc(c2CNC(=O)Nc3cccc(c3C)C)n4cccc4)C1
dude_tryb1__L006505,c1c(csc1S(=O)(=O)N)C(=O)OCC(=O)N([C@H]2CCS(=O)(=O)C2)C3CCCC3
dude_tryb1__L006506,CCO[C@H]1C[NH+](CCN1)[C@@H](CNc2ccccc2O)c3ccc(cc3)S(=O)(=O)Oc4ccccc4
dude_tryb1__L006507,Cc1cc(c(c(c1)C)NC(=O)COC(=O)CSc2nnc(o2)c3ccc4c(c3)OCO4)C
dude_tryb1__L006508,Cc1ccccc1C2(CC[NH+](CC2)C[C@H](c3ccc4c(c3)CCCN4C(=O)C(C)C)O)O
dude_tryb1__L006509,CCNC(=S)NNC(=O)CS[C@H]1C(=c2cc(ccc2=[NH+]C1=O)Cl)c3ccccc3
dude_tryb1__L006510,c1cc(c(cc1[N+](=O)[O-])S(=O)(=O)N2CCC(CC2)C(=O)NC3CCC(CC3)O)N4CCOCC4
dude_tryb1__L006511,c1cc(cnc1)CNC(=O)c2ccc3=[NH+][C@@H](C(=c3c2)/N=N/c4ccc(cc4)S(=O)(=O)N)O
dude_tryb1__L006512,CC(=CCC[C@@](C)([C@H](C[C@@H](/C(=C/COC[C@@H]([C@@H]([C@@H]([C@@H](CO)O)O)O)O)/C)OC(=O)C)O)O)C
dude_tryb1__L006513,c1cc(ccc1NC(=O)c2cnn3c2nc(cc3C(F)F)C4CC4)S(=O)(=O)N5CCOCC5
dude_tryb1__L006514,CC(=O)Nc1ccc(cc1)N2C[C@@]34C=C[C@@H](O3)[C@@H]([C@H]4C2=O)C(=O)NC5CC([NH2+]C(C5)(C)C)(C)C
dude_tryb1__L006515,CCOc1ccc(cc1)NC(=O)Cc2nnc(n2CC=C)S[C@@H](C)C(=O)NC3CCCCC3
dude_tryb1__L006516,CC(=O)N1CCCc2c1ccc(c2)S(=O)(=O)N(Cc3[nH]c(=O)c4ccccc4n3)C[C@H]5CCCO5
dude_tryb1__L006517,CC(C)(C)NC(=O)[C@H](c1c2ccccc2ccc1OC)N(C)C(=O)c3ccc(cc3)[N+](=O)[O-]
dude_tryb1__L006518,Cc1ccc(cc1)S(=O)(=O)CNC(=O)[C@H](c2ccc(cc2)O)N(Cc3ccco3)C(=O)c4cccnc4
dude_tryb1__L006519,OC(=O)[C@@H]2[C@@H](CC1CCNCC1)C(=O)N2C(=O)N5CCN(C(=O)CCCCCCc3cccc4ccccc34)CC5
dude_tryb1__L006520,C[C@@H](C[NH2+]C[C@H](COc1cccc(c1)Br)O)[NH+](C)C
dude_tryb1__L006521,Cc1c(c(n(n1)CC=C)C)/C=N/NC(=O)[C@H](C)Sc2nnc(n2CC=C)CNc3ccc(cc3)Cl
dude_tryb1__L006522,C[NH+]1CCc2c(sc3c2C(=O)N[C@@H](N3)c4c5ccccc5ccc4OC)C1
dude_tryb1__L006523,Cc1c(c(n(n1)CC(=O)N(c2ccccc2)[C@H]3CCS(=O)(=O)C3)C)S(=O)(=O)N4CCOCC4
dude_tryb1__L006524,CC(C)S(=O)(=O)C1=C[C@@H]2C[C@@H]3CO[P@@](=O)(NN3C[C@@H]2C=C1OC)S(=O)(=O)Oc4ccccc4
dude_tryb1__L006525,CCOc1ccc2c(c1)cc(c(=O)[nH]2)C[NH+](CCO)[C@@H](c3nnnn3C(C)(C)C)C(C)C
dude_tryb1__L006526,c1cc(ccc1C2=Cc3cc(ccc3[C@@]24C(=O)c5ccc(cc5C4=O)OCC[NH+]6CCCCC6)O)O
dude_tryb1__L006527,C[C@@H](c1ccc2c(c1)OCCO2)NC(=O)CN3CCN(CC3)S(=O)(=O)c4ccccc4C#N
dude_tryb1__L006528,C[NH+](C)[C@H](C[NH2+]C[C@H](CO[C@@H]1CCCc2c1cccc2)O)c3cccc(c3)OC
dude_tryb1__L006529,CC(=O)N1CCN(CC1)CCN/C=C/2\C(=O)NC(=S)N(C2=O)c3ccc(cc3)F
dude_tryb1__L006530,CCN1C(=O)/C(=C\c2cnn(c2C)C)/N=C1SCC(=O)Nc3c(c4c(s3)CCCC4)C(=O)OC(C)C
dude_tryb1__L006531,C[C@@H](CNc1nc2c(n1C[C@@H](C)O)c(=O)[nH]c(=O)n2C)O
dude_tryb1__L006532,CSCC[C@H](C(=O)OCC(=O)c1ccc2c(c1)NC(=O)CO2)NS(=O)(=O)c3ccccc3F
dude_tryb1__L006533,COc1ccc(c(c1)C[NH2+]Cc2ccc(s2)Cl)OC[C@@H](C[NH+]3CCC(CC3)O)O
dude_tryb1__L006534,CC(C)(C)n1c(c2c(n1)C[S@](=O)C2)NC(=O)c3ccc(cc3)S(=O)(=O)N4CCOCC4
dude_tryb1__L006535,CCOc1ccc(cc1)N2C(=C(/C(=C/c3ccc(cc3)OCC(=O)NC(C)C)/C2=O)C(=O)OC)C
dude_tryb1__L006536,CCCC[C@H]1NN[C@H](S1)NC(=O)[C@@H]2CC(=O)N(C2)CCC3=c4cc(ccc4=[NH+]C3)F
dude_tryb1__L006537,c1ccc2=[NH+][C@@H](C=c2c1)C[C@@H](C(=O)Nc3ccc(cc3)Cl)NS(=O)(=O)c4ccc5c(c4)CCC(=O)N5
dude_tryb1__L006538,CCOC(=O)C[C@@H]1C(=O)NCCN1C(=S)NC(=O)C(C)(C)CCCOc2cc(ccc2C)C
dude_tryb1__L006539,Cc1ccc(cc1C(=O)O[C@@H](C)C(=O)Nc2ccc(cc2)NC(=O)C)S(=O)(=O)N3CCOCC3
dude_tryb1__L006540,CCCN(Cc1[nH]c(=O)c2ccc(cc2n1)Cl)C(=O)Cn3cnc4c(c3=O)cnn4C
dude_tryb1__L006541,COc1ccc(cc1Nc2c(c(nc[nH+]2)N(Cc3ccccc3)c4ccccn4)N)Cl
dude_tryb1__L006542,c1cc(oc1)CNS(=O)(=O)c2ccc(cc2)NC(=O)C3=NN(C(=O)CC3)[C@@H]4CCS(=O)(=O)C4
dude_tryb1__L006543,CCS(=O)(=O)Nc1ccc2c(c1)c(cc(n2)N3CC[NH+](CC3)CC(=O)N4CCCC4)C(=O)[O-]
dude_tryb1__L006544,CCC(CC)[C@H](C(=O)NCS(=O)(=O)c1ccc(cc1)C)N(Cc2ccc(o2)C)C(=O)c3ccc(cc3)O
dude_tryb1__L006545,Cc1c(c(n(n1)c2ccccc2)C)[C@@H]3C(=O)NCCN3S(=O)(=O)c4ccc5c(c4)CCN5C(=O)C
dude_tryb1__L006546,CCCN([C@H](c1ccccc1O)C(=O)NCS(=O)(=O)c2ccc(cc2)C)C(=O)c3cccnc3
dude_tryb1__L006547,CCOC(=O)c1c(c(sc1NC(=O)CN2C(=O)[C@@](NC2=O)(C)c3ccc(cc3)C#N)C(=O)NC)C
dude_tryb1__L006548,CCOCCOc1ccc(cc1)C(=O)NC(=S)Nc2ccc(cc2)S(=O)(=O)Nc3cc(cc(c3)C)C
dude_tryb1__L006549,c1cc(c(nc1)Nc2ccc(cc2)F)C[NH+]3CCC[C@@H](C3)C(=O)NNc4nccc(n4)C(F)(F)F
dude_tryb1__L006550,COCCNC(=O)[C@@H](c1ccc(cc1)Cl)N(Cc2ccco2)C(=O)CCC(=O)Nc3ccccn3
dude_tryb1__L006551,CC[C@@H](C(=O)N(CC(=O)N)CC(=O)N)Br
dude_tryb1__L006552,c1cc2c(cc1Br)cc(c(=[NH2+])o2)C(=O)Nc3c(c4c(s3)CCCC4)C#N
dude_tryb1__L006553,c1ccc2c(c1)ccc(c2CNn3c(nnn3)N)OCC(=O)N
dude_tryb1__L006554,CCCC(=O)Nc1ccc(cc1)NC(=S)NC(=O)c2cc(ccc2OCCOC)Br
dude_tryb1__L006555,CCN(CC)S(=O)(=O)c1ccc2c(c1)c(cc(=O)[nH]2)C(=O)NNC(=O)c3cc(oc3C)C
dude_tryb1__L006556,CC(C)[C@H](C(=O)OCc1c(c(sc1C(=O)OC)N)C(=O)OC)NS(=O)(=O)c2cccc(c2)Cl
dude_tryb1__L006557,CCOc1ccc(cc1C2=NC(=O)[C@@H]3C(=N2)C(=NN3C)C(C)(C)C)S(=O)(=O)N(C[C@@H](C)O)C[C@@H](C)O
dude_tryb1__L006558,CCc1ccc(cc1)[C@H](CNC(=O)C[C@@H]2C(=O)Nc3ccccc3S2)[NH+](C)C
dude_tryb1__L006559,Cc1ccc(cc1)n2cc(nc2NC(=O)CN(CCN3CCOCC3)C(=O)C(C)C)c4ccc(cc4)OC
dude_tryb1__L006560,CCOC(=O)c1c(c(sc1NC(=O)Cn2cnc(cc2=O)c3ccc(cc3)F)C(=O)OCC)C
dude_tryb1__L006561,CCCn1c2ccc(cc2nc1CCC(=O)N[C@@H](C(C)C)C(=O)N3CCCC3)S(=O)(=O)N4CCCC4
dude_tryb1__L006562,CCCCNC(=O)[C@H](c1ccc(c(c1)OC)O)N(Cc2ccco2)C(=O)C(c3ccccc3)c4ccccc4
dude_tryb1__L006563,CCOC(=O)c1cnc(nc1N)SCC(=O)Nc2c(c3c(s2)CCCC3)C(=O)N
dude_tryb1__L006564,CCC[NH+]1CCc2c(sc(c2C(=O)N)NC(=O)c3ccc(cc3)S(=O)(=O)N(CC=C)CC=C)C1
dude_tryb1__L006565,CN1[C@H](CCC1=O)C(=O)N2CS(=O)(=O)C[C@H]2C(=O)Nc3nc(cs3)c4ccc(cc4)F
dude_tryb1__L006566,CCn1c2ccc(cc2nc1SCC(=O)N(C)[C@@H]3CCS(=O)(=O)C3)S(=O)(=O)N
dude_tryb1__L006567,CC(=O)Nc1ccc(cc1OC)S(=O)(=O)Nc2c(cc(c(c2OC)OC)OC)C(=O)[O-]
dude_tryb1__L006568,CC[NH+](CC)CCCNC(=S)N(CC[NH+](C)C)Cc1cc2cc(ccc2[nH]c1=O)OCC
dude_tryb1__L006569,CCN(CC)C(=O)CNC(=O)C(=O)Nc1ccc(cc1C)OCC(=O)N
dude_tryb1__L006570,C[C@]1(C(=O)N(C(=O)N1)CC(=O)N([C@H]2CCS(=O)(=O)C2)C3CCCCC3)c4cc(ccc4F)F
dude_tryb1__L006571,CC[C@H](C)NC(=O)[C@@H]1CS[C@@H](N1C(=O)c2cc(c(c(c2)OC)OC)OC)c3ccc(c(c3)OC)OC
dude_tryb1__L006572,COC(=O)c1c(/c(=C\c2ccncc2)/c3=C(S[C@@H](C(=O)n31)c4ccncc4)C(=O)OC)N
dude_tryb1__L006573,CCSc1nnc(s1)NC(=O)c2cccc(c2)S(=O)(=O)N[C@H]3CCS(=O)(=O)C3
dude_tryb1__L006574,Cc1cc(ccc1S(=O)(=O)NC[C@@H](c2cccnc2)S(=O)(=O)c3ccc4c(c3)OCCO4)F
dude_tryb1__L006575,CCOC(=O)CSCCOc1ccc(cc1OC)C=C2C(=O)NC(=S)NC2=O
dude_tryb1__L006576,Cc1ccc(c(c1F)C(=O)N2C[C@H](C3(C2)CC[NH2+]CC3)C(=O)N[C@@H](C)CCCC(C)(C)O)Cl
dude_tryb1__L006577,CCn1cc(c(n1)CNC(=O)[C@H]2CCCN(C2)S(=O)(=O)c3cnn(c3C)C)Cl
dude_tryb1__L006578,Cc1ccc(c(c1)S(=O)(=O)[C@H](CNS(=O)(=O)C2=CCS(=O)(=O)C2)c3ccco3)C
dude_tryb1__L006579,Cn1ccnc1[C@H](c2ccc(cc2)OC)NC(=O)[C@H]3CC(=O)N(C3)c4ccc5c(c4)OCCO5
dude_tryb1__L006580,CCCCOc1ccc(cc1)C(=O)Oc2ccc3c(c2)OC(=C([C@@H]3c4ccccc4OCCCC)C#N)N
dude_tryb1__L006581,Cn1ccc(n1)c2nnc(n2C[C@H]3CCCO3)SCC(=O)NNC(=S)NC[C@@H]4CCCO4
dude_tryb1__L006582,C[C@@]1(C(=O)N(C(=O)N1)CC(=O)c2cccc(c2)N3CCCC3=O)c4ccc5c(c4)OCCO5
dude_tryb1__L006583,COc1cc2c(cc1OC)[C@@H](N(CC2)S(=O)(=O)C)c3cc4cc5c(cc4[nH]c3=O)OCO5
dude_tryb1__L006584,Cc1cc(c(n1c2ccc3c(c2)OCO3)C)C(=O)COC(=O)C[C@@H](c4ccc(cc4)Cl)NC(=O)N
dude_tryb1__L006585,CC[C@H]([C@@H](c1ccc(cc1)Br)[NH+](C)C[C@@H](COC)O)[NH3+]
dude_tryb1__L006586,Cn1c2c(c(=O)n(c1=O)C)n(cn2)CC(=O)Nc3nc4cc5c(cc4s3)OCCO5
dude_tryb1__L006587,Cc1ccc(cc1)Nc2nnc(s2)[C@@H]([C@@H]([C@H](CO)O)O)O
dude_tryb1__L006588,c1ccc2c(c1)c3c(o2)[C@H]4[C@@]56CC[NH+]([C@@H]([C@@]5(C3)O)Cc7c6c(c(cc7)O)O4)CC8CC8
dude_tryb1__L006589,CCCNC(=O)C[NH+]1CCC(CC1)NC(=O)NC[C@]2(CCC[C@@H](C2)C)[NH+](C)C
dude_tryb1__L006590,Cc1ccc(s1)c2cc(c3c(noc3n2)C)C(=O)O[C@@H](C)C(=O)NC(=O)Nc4ccccc4
dude_tryb1__L006591,Cc1cn(c(=O)[nH]c1=O)[C@H]2C=C[C@H](O2)COC(=O)CNNC(=O)c3ccncc3
dude_tryb1__L006592,C[C@]1(C(=O)N(C(=O)N1)CC(=O)N([C@@H]2CCS(=O)(=O)C2)C3CC3)c4ccc(cc4)[N+](=O)[O-]
dude_tryb1__L006593,c1ccc2c(c1)C=C[NH+]3[C@H]2C([C@H]([C@@H]3C(=O)N)c4ccccc4C(F)(F)F)(C#N)C#N
dude_tryb1__L006594,C[C@@H](C(=O)NNC(=O)c1cc(cn1C)S(=O)(=O)NC)Oc2ccccc2F
dude_tryb1__L006595,C[C@H](C(=O)NNC(=O)c1ccccc1[N-]S(=O)(=O)c2cccs2)NC(=O)c3ccoc3
dude_tryb1__L006596,CCc1c(c(n(n1)c2ccccc2)Oc3ccccc3)C[NH+](CCOC)C[C@@H](COCC=C)O
dude_tryb1__L006597,CCN(CC)S(=O)(=O)c1ccc(c(c1)C(=O)O[C@@H](C)C(=O)Nc2ccc(cc2)NC(=O)C)Cl
dude_tryb1__L006598,C[C@H](C[NH2+]CC[NH2+]Cc1cccc(c1OCc2ccc(cc2Cl)Cl)OC)O
dude_tryb1__L006599,Cc1cnc(cn1)CNC(=O)[C@H]2CN(CC23CC[NH2+]CC3)C(=O)[C@@H]4CCCN4C(=O)C(F)(F)F
dude_tryb1__L006600,C=CCSc1nnc(s1)NC(=O)c2cccc(c2)S(=O)(=O)N[C@H]3CCS(=O)(=O)C3
dude_tryb1__L006601,CC(=O)Nc1ccc(cc1)N2C[C@@]34C=C[C@@H](O3)[C@H]([C@@H]4C2=O)C(=O)NC5CC([NH2+]C(C5)(C)C)(C)C
dude_tryb1__L006602,Cc1csc(n1)[C@@H](C)N(C)C(=O)c2cc(cc3c2n(c(n3)CC(C)C)C)NS(=O)(=O)N(C)C
dude_tryb1__L006603,Cc1ccc(c(c1)S(=O)(=O)Nc2cccc(c2)C(=O)NC[C@H](C)[NH+]3CCC(CC3)C)C
dude_tryb1__L006604,c1cc(ccc1C[NH+]2CCC(CC2)CNS(=O)(=O)c3cc(sc3)C(=O)N)F
dude_tryb1__L006605,Cc1c2cc(ccc2n(c1c3ccc(cc3)O)CCCCCC[NH2+]Cc4ccccn4)O
dude_tryb1__L006606,c1ccc(cc1)N([C@H]2CCS(=O)(=O)C2)C(=O)CSc3nnc(n3CCC(=O)N)C4CC4
dude_tryb1__L006607,CC(C)[C@H](c1nc(no1)c2cc(c(c(c2)OC)OC)OC)[NH2+]C[C@@H](COc3ccccc3)O
dude_tryb1__L006608,C=CCNc1c(c(ncn1)NNC(=O)c2ccccn2)N
dude_tryb1__L006609,c1cc(ccc1N2C[C@@H](CC2=O)C(=O)Nc3nc(cs3)CC(=O)N4CCC5(CC4)OCCO5)F
dude_tryb1__L006610,Cc1ccc(cc1)O[C@@H](C)CNC(=O)[C@H]2CN(CC23CC[NH2+]CC3)C(=O)c4c(ccc(c4F)Cl)F
dude_tryb1__L006611,[H]/N=C\1/C(=C/c2ccc(cc2)OCCCOc3cccc(c3)OC)/C(=O)N=C4N1N=CS4
dude_tryb1__L006612,COc1ccc(cc1)OC[C@H](C[NH+](CCO)C[C@H](Cn2ccc3c2cccc3)O)O
dude_tryb1__L006613,Cc1ccc(cc1Cl)c2ccc(o2)C[NH2+]CC[NH2+]C[C@@H](C)O
dude_tryb1__L006614,C[C@H](C(=O)NCCN1C(=O)/C(=C/c2ccc3c(c2)OCO3)/SC1=O)Oc4ccc(cc4)F
dude_tryb1__L006615,Cc1c(c(n[nH]1)C)NC(=O)N[C@@H](Cc2c[nH+]c[nH]2)C(=O)[O-]
dude_tryb1__L006616,CCCCCCN([C@H](C(CC)CC)C(=O)NCS(=O)(=O)c1ccc(cc1)C)C(=O)c2cccc(c2O)O
dude_tryb1__L006617,CC\1=NN(C(=O)/C1=C(\C)/NC(CO)(CO)CO)c2ccc(cc2)[N+](=O)[O-]
dude_tryb1__L006618,Cc1ccc(cc1)c2nnn(n2)CC(=O)N(C[C@@H]3CCCO3)[C@@H](c4cccs4)C(=O)NC(C)(C)C
dude_tryb1__L006619,c1cc(ccc1C(=O)Nc2nc(cs2)C3=CN=C(C3)C(=O)N)S(=O)(=O)C(F)F
dude_tryb1__L006620,C[NH+](C)[C@@H](CNC(=O)C(=O)Nc1cccc(c1)SC)c2cccc3c2cccc3
dude_tryb1__L006621,Cc1c(n(c(c1C#N)NC(=O)CSc2nnc(n2CC(C)C)CCC(=O)N)c3ccc(cc3)F)C
dude_tryb1__L006622,Cc1ccc2nc(c(c(=O)n2c1)/C=C/3\C(=O)N(C(=S)S3)C[C@@H]4CCCO4)NCCOCCO
dude_tryb1__L006623,CCOc1ccccc1n2c(nnn2)SCC(=O)c3c(n(c(=O)n(c3=O)C)CC(C)C)N
dude_tryb1__L006624,C[C@@]12CC/C(=N/NC(=S)N)/C[C@H]1CC[C@H]3[C@H]2CC[C@@]\4([C@@H]3CC/C4=N\NC(=S)N)C
dude_tryb1__L006625,CC1CC[NH+](CC1)Cc2ccccc2CN[C@H](C)C(=O)Nc3ccccc3C#N
dude_tryb1__L006626,CC(C)(C)n1c(nnn1)[C@H](c2cc3cc4c(cc3[nH]c2=O)OCO4)[NH+]5CCN(CC5)c6ccc(cc6)O
dude_tryb1__L006627,CC[C@H](C(=O)NC[C@@H]1CCCO1)N(c2ccc(cc2)F)C(=O)CNS(=O)(=O)c3ccc(cc3)F
dude_tryb1__L006628,C[C@@H](C(=O)N1CCN(CC1)C(=O)C)N2CC3=C(C2=O)[C@@H](NC(=O)N3CC=C)c4ccccc4C(F)(F)F
dude_tryb1__L006629,CCS(=O)(=O)Nc1ccc(cc1)c2nc(on2)[C@@H](C)NS(=O)(=O)c3ccc(cc3)C
dude_tryb1__L006630,NCCCC[C@H](NC(=O)OCc1ccccc1)C(=O)c5noc(Cc4ccc(C(=O)NC3Cc2ccccc2C3)cc4)n5
dude_tryb1__L006631,CCOc1cc(ccc1O)/C=N/Nc2[nH]nc(n2)SCC(=O)N3CCc4cc(c(cc4C3)OC)OC
dude_tryb1__L006632,CC[NH+](CC)[C@@H](C[NH3+])c1ccc(cc1)Oc2ccccc2CC=C
dude_tryb1__L006633,C[C@@H](C[NH2+]CC[NH2+]Cc1cc(c(c(c1)Cl)OCc2ccc(cc2)Cl)OC)O
dude_tryb1__L006634,c1c2cc3c(cc2[nH]c(=O)c1[C@@H](c4nnnn4C[C@@H]5CCCO5)N6CCOCC6)OCCO3
dude_tryb1__L006635,Cc1cc(c2c(c1)cc(c(=O)[nH]2)CN(Cc3ccco3)[C@H](c4nnnn4C[C@@H]5CCCO5)C(C)C)C
dude_tryb1__L006636,Cc1c2cc(cnc2sc1C(=O)OC)C[NH2+]C[C@H](C[NH+]3CCC(CC3)C)O
dude_tryb1__L006637,c1c2cc3c(cc2[nH]c(=O)c1CN(CC[NH+]4CCOCC4)C(=S)NCCC[NH+]5CCOCC5)OCO3
dude_tryb1__L006638,Cc1ccc(cc1)[C@H](c2ccccc2)OC[C@H](Cn3c4ccccc4[nH+]c3NCCO)O
dude_tryb1__L006639,Cc1ccc(cc1N2CCCC2=O)NC(=O)CN(c3ccc(cc3)S(=O)(=O)N(C)C)S(=O)(=O)C
dude_tryb1__L006640,Cc1cccc2c1[nH]c(=O)c(c2)CN(CCCO)C(=S)NCCC[NH+]3CCOCC3
dude_tryb1__L006641,CCOc1ccc(cc1)NC(=O)/C(=C/C(=O)c2c[n+](c3cc(c(cc3[n+]2[O-])C)C)[O-])/O
dude_tryb1__L006642,CC(C)(C)OC(=O)NCC(=O)OC[C@H]1[C@@H]([C@H]([C@H]([C@@H](O1)OC)O)O)O
dude_tryb1__L006643,CC(C)(C)c1cc(cc(c1O)C(C)(C)C)CCC(=O)OC[C@@H]([C@@H]([C@@H]([C@@H](C[NH2+]C)O)O)O)O
dude_tryb1__L006644,Cc1ccc(cc1)OCc2c(c(=O)cc(n2Cc3ccccn3)C)C(=O)NCc4c(nn(c4C)C)C
dude_tryb1__L006645,Cc1c(cco1)c2nnc(n2CC=C)S[C@@H](C)C(=O)c3c(n(c(=O)n(c3=O)C)C)N
dude_tryb1__L006646,CCn1c2ccc(cc2[nH]c(=O)c1=O)C3=[NH+][C@H](ON3)[C@@H](C(C)C)NS(=O)(=O)c4ccc(cc4)C
dude_tryb1__L006647,C[C@@H](C(=O)Nc1c(c2c(s1)CCC2)C(=O)N)Sc3nnnn3C[C@H]4CCCO4
dude_tryb1__L006648,CC(C)C(=O)Oc1ccccc1/C=N/Nc2nc3c(ncnc3n2[C@H]4[C@@H]([C@@H]([C@@H](O4)CO)O)O)N
dude_tryb1__L006649,CC(=O)Nc1nnc(s1)SCc2cc(=O)c(co2)OC(=O)c3ccc(cc3)S(=O)(=O)N
dude_tryb1__L006650,Cc1c(c(n2c(n1)ncn2)C)CCC(=O)OCC(=O)Nc3c(c4c(s3)CCCC4)C(=O)N
dude_tryb1__L006651,CCC[NH+]1CCN(CC1)c2ccc(cc2Cl)NC(=O)[C@H](C(C)C)NC(=O)N
dude_tryb1__L006652,CCOc1ccc(cc1)NC(=O)c2ccc(cc2)NC(=O)[C@H](C)Sc3nnc(s3)NCC(C)C
dude_tryb1__L006653,C[C@@H](Cn1c2c(=O)[nH]c(=O)n(c2nc1N3CCN(CC3)C(=O)c4ccco4)C)CSc5ccc(cc5)F
dude_tryb1__L006654,CC[C@H](C)[C@@H](C(=O)N[C@@H](Cc1cnc[nH]1)C(=O)N[C@@H](CC(=O)N)C(=O)[O-])NC(=O)[C@@H](C(C)C)[NH3+]
dude_tryb1__L006655,CCOc1ccc2c(c1)cc(c(=O)[nH]2)CN(CCN3CCOCC3)C(=S)NC[C@H]4CCCO4
dude_tryb1__L006656,Cc1ccc(cc1)n2c(c(c(n2)C)NC(=O)CSc3nncn3CCOC)C
dude_tryb1__L006657,CCOCCOc1ccccc1C(=O)NC(=S)NNC(=O)C(c2ccccc2)c3ccccc3
dude_tryb1__L006658,CCOC(=O)c1c(c2c(nc(nc2s1)CSc3nnc(n3C4CC4)N5CCCC5)N)C
dude_tryb1__L006659,CC[C@@H](C)N1C(=O)[C@@H]2[C@H]([NH2+][C@@]3([C@@H]2C1=O)c4cc(ccc4NC3=O)Br)CC(C)C
dude_tryb1__L006660,c1cc(c(cc1Cl)Cl)OCC(=O)NNc2c(c(ncn2)NCC[NH+]3CCCCC3)[N+](=O)[O-]
dude_tryb1__L006661,[H]/N=C\1/C(=C\c2cc(c(c(c2)Cl)OS(=O)(=O)C)OCC)/C(=O)N=C3N1N=CS3
dude_tryb1__L006662,CC(C)[C@H](C(=O)NC1CCCC1)N(Cc2ccco2)C(=O)CNS(=O)(=O)c3ccc(cc3)OC
dude_tryb1__L006663,CS(=O)(=O)NC1CC[NH+](CC1)Cc2c3ccc(cc3ccc2O)Br
dude_tryb1__L006664,CCS(=O)(=O)Nc1cccc(c1)C2=NN([C@@H](C2)c3ccco3)S(=O)(=O)c4ccc(cc4)F
dude_tryb1__L006665,Cc1c(c2c(s1)ncn(c2=O)CC(=O)NC[C@H]3CCCO3)S(=O)(=O)N4C[C@H](C[C@@H](C4)C)C
dude_tryb1__L006666,CCSc1nnc(s1)NC(=O)CSc2nc([nH]n2)N/N=C/c3ccc(cc3O)O
dude_tryb1__L006667,CCCC[C@@H]1CC(=O)[C@@]2([C@H](O1)O[C@H]3[C@H]([C@@H]([C@@H]([C@@H]([C@@H]3O2)[NH2+]C)O)[NH2+]C)O)O
dude_tryb1__L006668,CC(=O)c1ccc(cc1O)O[C@@H]2[C@@H]([C@@H]([C@@H]([C@@H](O2)CO)O)O)NC(=O)C
dude_tryb1__L006669,Cc1ccc(cc1)S(=O)(=O)CNC(=O)[C@H](c2ccc(cc2)[N+](=O)[O-])N(C)C(=O)c3ccc(cc3)Cl
dude_tryb1__L006670,c1cc(ccc1C(=O)NNc2c(c(ncn2)N3CCN(CC3)CCO)[N+](=O)[O-])Br
dude_tryb1__L006671,Cc1c2c(cc(nc2n(n1)[C@H]3CCS(=O)(=O)C3)C4CC4)C(=O)O[C@H](C)C(=O)NCC(F)(F)F
dude_tryb1__L006672,Cc1cc(ccc1NC(=O)CSc2nnc(n2N)N/N=C/c3cc(ccc3O)Cl)OC
dude_tryb1__L006673,CCc1nc2c(c(n1)SCC(=O)Nc3nnc(s3)CC)c(=O)n(c(=O)n2C)C
dude_tryb1__L006674,Cn1ccnc1[C@@H](c2cccc(c2)OC)NS(=O)(=O)c3cn(c(=O)n(c3=O)C)C
dude_tryb1__L006675,[H]/N=C(\Nc1nc(cc(n1)C)C)/N(CCC2=c3ccccc3=[NH+]C2)C(=S)Nc4ccccc4
dude_tryb1__L006676,CCOc1cc(ccc1OCC#C)[C@H]2CC(=O)Nc3c2c(nn3c4nc(cnn4)c5ccccc5)C
dude_tryb1__L006677,CC(=CCS[C@@H]1NN[C@H](O1)[C@H](CC2=c3ccccc3=[NH+]C2)[NH3+])C
dude_tryb1__L006678,CC(C)[C@H](C(=O)N[C@@H](Cc1c[nH+]c[nH]1)C(=O)[O-])NC(=O)N
dude_tryb1__L006679,CC1=C2C(=NC=NC2=O)S[C@@H]1C(=O)N3CCC(CC3)C(=O)Nc4nc5ccc(cc5s4)OC
dude_tryb1__L006680,CCCC[NH2+]CC(=O)Nc1cc(c(c(c1)NC(=O)C[NH2+]CCCC)C)NC(=O)C[NH2+]CCCC
dude_tryb1__L006681,Cc1ccc(cc1)S(=O)(=O)NCC(=O)N(C[C@@H]2CCCO2)[C@@H](C(C)C)C(=O)NC[C@@H]3CCCO3
dude_tryb1__L006682,COc1ccccc1CNC(=O)C(=O)NC[C@@H](c2cccnc2)S(=O)(=O)c3ccc(cc3)F
dude_tryb1__L006683,CCN(CC)c1ccc(cc1)/C=N/Nc2[nH]nc(n2)SCC(=O)NCc3cccc(c3)C(F)(F)F
dude_tryb1__L006684,CCn1c2ccc(cc2nc1CSc3[nH]c4cc(ccc4n3)OC)S(=O)(=O)N(C)C
dude_tryb1__L006685,c1ccc(cc1)/C=C/2\C(=O)N(C(=O)S2)CN(CCO)CN3C(=O)/C(=C/c4ccccc4)/SC3=O
dude_tryb1__L006686,Cc1c\2c(oc1C(=O)NNC(C)(C)C)CCC/C2=N\NC(=[NH2+])N
dude_tryb1__L006687,c1ccc(c(c1)/C=C/2\C(=O)N(C(=S)S2)CCC(=O)NNC(=O)c3cccnc3)F
dude_tryb1__L006688,COc1ccc(c(c1)OC[C@H](C[NH+]2CCCC2)O)C[NH2+]CCCSC
dude_tryb1__L006689,CCOc1ccc2c(c1)cc(c(=O)[nH]2)C[NH+](CCCO)[C@@H](c3nnnn3Cc4ccco4)C(C)C
dude_tryb1__L006690,CCCCCN(CC(=O)Nc1cc(nn1c2ccc(cc2)F)c3ccccc3)C(=O)NCCCC
dude_tryb1__L006691,C/C(=N\NC(=O)N)/[C@@H](C[NH+](C)C)[C@H](c1ccccc1)c2c(c3ccccc3oc2=O)O
dude_tryb1__L006692,COc1ccc(cc1)NC[C@H](COc2ccc(cc2)OC[C@@H](CNc3ccc(cc3)OC)O)O
dude_tryb1__L006693,Cc1ccc(cc1)n2c(nnc2SCC(=O)NC(=O)NCc3ccco3)N4CCCCC4
dude_tryb1__L006694,Cc1cccc(c1OCc2ccc(o2)/C=N/Nc3[nH]nc(n3)S[C@H](C)C(=O)NCC=C)Cl
dude_tryb1__L006695,CCC[NH+](CC(=O)Nc1c(ccs1)C(=O)N)[C@H](C)c2ccc(c(c2)Cl)Cl
dude_tryb1__L006696,CC(C)S(=O)(=O)c1cc2c(c3c(n(c2=O)S(=O)(=O)C(C)C)C(=O)C[C@@H](N3)Br)nc1
dude_tryb1__L006697,C[NH2+]Cc1csc(c1Cl)C(=O)Nc2c(cc(cc2OC)Cl)C(=O)Nc3ccc(cn3)Cl
dude_tryb1__L006698,C[C@H](C[NH2+]CC[NH2+]Cc1cc(ccc1OCc2ccccc2Cl)Br)O
dude_tryb1__L006699,C[C@@H](CCc1ccccc1)[NH2+]C[C@@H](C[NH2+][C@H](C)[C@H]2COc3ccccc3O2)O
dude_tryb1__L006700,CCc1c(c(n(n1)c2ccccc2)Oc3ccccc3OC)C[NH+](CCOC)CC(C)(C)O
dude_tryb1__L006701,CCCCNC(=O)NC(=O)[C@@H](C)[NH+]1CCC(CC1)[C@H](c2ccc(cc2)Cl)O
dude_tryb1__L006702,C[C@@H](C(=O)Nc1cccc(c1)NC(=O)[C@@H](C)n2cccn2)NC(=O)c3ccoc3
dude_tryb1__L006703,CCc1c(sc(c1C(=O)OCC)NC(=O)CSc2nnc(s2)NCCOC)C
dude_tryb1__L006704,COc1cc2c(cc1OC)C3=C(CC/C(=N\C(=O)C4=NC(=O)NC(=O)C4)/N3CC2)C#N
dude_tryb1__L006705,CCc1c2c(=O)[nH]c(nc2sc1C(=O)OC)C[NH+](CCCOC)C[C@@H](COCC=C)O
dude_tryb1__L006706,Cc1c\2c(oc1C(=O)NNC(=O)c3ccco3)CC(C/C2=N\NC(=[NH2+])N)(C)C
dude_tryb1__L006707,Cc1ccc(s1)C(=O)NC2CC[NH+](CC2)[C@@H](C)C(=O)Nc3ccc(cc3)Br
dude_tryb1__L006708,CN(CCC#N)S(=O)(=O)c1ccc2c(c1)c(=O)c(c[nH]2)C(=O)NCCc3ccc(c(c3)OC)OC
dude_tryb1__L006709,Cc1c(c(=O)[nH]c(=O)[nH]1)CCc2nnc(o2)SCC(=O)Nc3ccc(c(c3F)F)F
dude_tryb1__L006710,Cc1c([nH]c[nH+]1)CNc2c(cc(cc2Br)Br)C(=O)OC
dude_tryb1__L006711,CC[C@]1(Cc2c(sc3c2[C@H](N=C(N3)SCC(=O)N4CCCCC4)[NH3+])CO1)C
dude_tryb1__L006712,Cc1c(c(n(n1)CCO)C)/C=C/2\CC(C/C(=C/c3c(nn(c3C)CCO)C)/C2=O)(C#N)c4ccccc4
dude_tryb1__L006713,CCNc1ccc(cc1NCC(=O)N[C@H]2CCS(=O)(=O)C2)S(=O)(=O)N(CC)CC
dude_tryb1__L006714,c1cc(cc(c1)Cl)[C@H](c2c(n3c(s2)nc(n3)c4ccco4)O)[NH+]5CCC(CC5)C(=O)N
dude_tryb1__L006715,CC(C)C[C@@H]1C[C@H]([C@@]2([NH2+]1)c3cc(ccc3NC2=O)Br)C(=O)Nc4ccc(cc4)OC
dude_tryb1__L006716,CCOc1cc(cc(c1OCC)OCC)C(=O)NNC(=S)Nc2ccc3c(cc(=O)oc3c2)C
dude_tryb1__L006717,CCN([C@H]1CCS(=O)(=O)C1)C(=O)CN2C(=O)[C@]3(CCOc4c3cccc4)NC2=O
dude_tryb1__L006718,C[C@H](c1ccc(cc1)S(=O)(=O)N)[NH+](C)Cc2csc(n2)C3CCCCC3
dude_tryb1__L006719,CC(C)(C)NC(=O)[C@H](c1ccc(c(c1)OC)OC)N(C(=O)c2ccc(cc2)[N+](=O)[O-])C(C)(C)C
dude_tryb1__L006720,c1cc(sc1)[C@H](c2ccc(cc2)F)NC(=O)C[NH+]3CCN(CC3)c4ccc(cc4)O
dude_tryb1__L006721,c1cc(c(cc1/C=C/C(=O)OC[C@H]2[C@H]([C@H]([C@@H]([C@@H](O2)OC[C@@H]([C@H]([C@@H](CO)O)O)O)O)O)O)O)O
dude_tryb1__L006722,CC[N+](=C1c2cc(ccc2Oc3ccccc3N1)[N-]S(=O)(=O)c4cccc5c4nccc5)CC
dude_tryb1__L006723,c1cc(nn2c1nnc2C(F)(F)F)N3CCC(CC3)C(=O)NC4CC[NH+](CC4)CC(=O)N
dude_tryb1__L006724,COc1cc2c(c(c1OC)OC)-c3ccc(c(=O)cc3[C@@H](CC2)[NH3+])NCCO
dude_tryb1__L006725,CCC[C@H](C)C(=O)N1C[C@H](C2(C1)CC[NH2+]CC2)C(=O)NCCCC[NH+](C)C
dude_tryb1__L006726,Cc1ccc(c(c1)N([C@@H](c2ccco2)C(=O)NCCC(C)C)C(=O)c3c(c(ns3)C(=O)N)N)C
dude_tryb1__L006727,CC1=C([C@H](C(=C(O1)N)C(=O)N)c2ccc(o2)[N+](=O)[O-])C(=O)N
dude_tryb1__L006728,CCOc1cc(cc(c1OCc2ccc(cc2)C)CC=C)/C=N\NC(=O)CC[C@H](c3ccccc3)O
dude_tryb1__L006729,C/C=C/C=C/C=C\C(=O)N[C@@H]([C@H](C)[NH3+])C(=O)O[C@@H](c1c[nH]c2c1ccc(c2)Cl)[C@@H]3C(=O)NCC(=O)N3
dude_tryb1__L006730,Cc1c(sc(n1)C)c2nnc(o2)SCC(=O)c3c(n(c(=O)[nH]c3=O)C4CC4)N
dude_tryb1__L006731,C[C@@H]1CCC=C([C@@]1(C)CC/C(=C/CC/C(=C\CS(=O)(=O)CC[NH+]=C(N)N)/CO)/C)C
dude_tryb1__L006732,Cn1c(nnc1SCC(=O)Nc2nccs2)CNC(=O)/C=C/c3ccc(c(c3)OC)OC
dude_tryb1__L006733,CCc1c(snn1)C(=O)Nc2ccc(cc2)NS(=O)(=O)c3ccc4c(c3)OCCCO4
dude_tryb1__L006734,CCOC(=O)[C@@](c1ccc(c(c1)C)N[C@@](C(=O)OCC)(C(F)(F)F)NC(=O)C)(C(F)(F)F)O
dude_tryb1__L006735,CCCCOC[C@H](C[NH+](Cc1c(nn(c1Oc2ccccc2F)c3ccc(cc3)F)C)C(C)C)O
dude_tryb1__L006736,CC(C)CN(c1ccccc1O)C(=O)[C@H]2CC(=C3[NH+]2Cc4ccccc4N3)S(=O)(=O)c5ccccc5
dude_tryb1__L006737,Cc1ccc(cc1)C(=O)N[C@@H](CCSC)C(=O)N2CCC3(CC2)c4c([nH]c[nH+]4)CCN3
dude_tryb1__L006738,c1cc(ccc1CCO[C@@H]2[C@H]([C@@H]([C@@H]([C@@H](O2)CO)O)O)O)O
dude_tryb1__L006739,NCCCC[C@H](NC(=O)OCc1ccccc1)C(=O)c4noc(CN3CCN(CCCc2ccccc2)CC3)n4
dude_tryb1__L006740,CCCCNc1[nH+]c2c(s1)C[C@@]3(CC[C@@H]([C@@H]([C@H]3[C@@H]2C)O)[C@H](C)C(=O)NCCN4CCOCC4)C
dude_tryb1__L006741,CC[C@@H](C)N1C(=O)/C(=C/c2c(c(c(=O)n(c2N3CCN(CC3)CCO)CC)C#N)C)/SC1=S
dude_tryb1__L006742,C1CCN(C1)C(=O)C2=NCC(=C2)C(=O)CN3CNc4c(c5c(s4)CSCC5)C3=O
dude_tryb1__L006743,CCOc1ccc(cc1)n2c(nnc2SCC(=O)N/N=C/c3cccc(c3O)CC=C)c4cccnc4
dude_tryb1__L006744,Cc1cccc(c1)C(=O)N/N=C(\[C@H]2C(=O)[NH+]=c3ccccc3=[NH+]2)/[C@H]([C@@H](CO)O)O
dude_tryb1__L006745,Cc1cccn2c1nc(c(c2=O)/C=C\3/C(=O)N(C(=S)S3)Cc4ccc(cc4)OC)NC[C@@H]5CCCO5
dude_tryb1__L006746,COc1ccc(cc1OC)c2nc(cs2)CC(=O)OCC(=O)NC3(CCCC3)C#N
dude_tryb1__L006747,Cc1ccccc1[C@]2(CC(=O)N(C2=O)Cc3ccncc3)CC(=O)N(C)Cc4cc([nH]n4)C
dude_tryb1__L006748,CC1CCC2(CC1)C(=O)N(C(=O)N2)CC(=O)OCC(=O)NC(=O)NCC(C)C
dude_tryb1__L006749,Cc1ccc(c(c1)C)n2c(c3c(n2)C[S@](=O)C3)NC(=O)c4ccc(cc4)S(=O)(=O)N5CCOCC5
dude_tryb1__L006750,CCS(=O)(=O)NCCCNC(=O)C1CCC2(CC1)C(=O)NC(=O)N2
dude_tryb1__L006751,Cc1ccc(s1)[C@H](C)NC(=O)N[C@H](C)c2ccc(cc2)N3CC[NH+](CC3)C
dude_tryb1__L006752,Cc1c(cc(s1)c2nc(on2)C3CCC3)S(=O)(=O)N4CCC(CC4)C(=O)NC[C@@H]5CCCO5
dude_tryb1__L006753,c1ccc(cc1)c2cc(ccc2N3CC[NH2+][C@H](C3)S(=O)(=O)Oc4ccccc4)O
dude_tryb1__L006754,c1cc(ccc1C2(CC[NH+](CC2)Cc3ccc(c(=O)[nH]3)C(=O)NC[C@@H]4CCCO4)O)Cl
dude_tryb1__L006755,c1cc(c(cc1S(=O)(=O)N2CCC(CC2)C(=O)Nc3nc(cs3)CN4CCOCC4)F)F
dude_tryb1__L006756,C[C@@H](C(=O)NC)NS(=O)(=O)c1cccnc1NN
dude_tryb1__L006757,CCOCCOc1ccccc1C(=O)NC(=S)Nc2ccccc2C(=O)N[C@H](C)c3ccccc3
dude_tryb1__L006758,Cc1cc(c(s1)C)C(=O)CCC(=O)NNC(=O)c2cccc(c2)S(=O)(=O)N3CCOCC3
dude_tryb1__L006759,CCCOCCOC(=O)C1=C(NC2=C([C@@H]1c3ccc(c(c3)OC)O)C(=O)[C@H]([C@@H](C2)C)C(=O)OC)C
dude_tryb1__L006760,C[C@]1(C(=O)N(C(=O)N1)CC(=O)N([C@H]2CCS(=O)(=O)C2)C3CCCCC3)c4ccc(c(c4)F)F
dude_tryb1__L006761,CC(C)[NH+](C[C@H](COCC=C)O)CC(=O)N1CCc2c(ccs2)[C@@H]1COc3ccc(cc3)Cl
dude_tryb1__L006762,CC(C)[C@H](c1ccc2c(c1)OCCCO2)[NH2+]CC(=O)Nc3c(c4c(s3)CCCC4)C(=O)N
dude_tryb1__L006763,Cc1c2c(=O)[nH]c(nc2sc1C(=O)OC(C)C)C[NH+](C[C@@H](COC(C)(C)C)O)CC(C)C
dude_tryb1__L006764,Cc1cc(c(o1)C)C(=O)NCc2nnc3n2CCN(CC3)Cc4cc(c(cc4Cl)OC)OC
dude_tryb1__L006765,CC(C)[C@H](C(=O)[O-])NC(=O)[C@H](CC1=c2ccccc2=[NH+]C1)N3C(=O)[C@@H]4C=CC=CC4=NC3=O
dude_tryb1__L006766,CCc1c(c(n(n1)c2ccccc2)Oc3ccccc3F)C[NH+](C[C@@H](COCC#C)O)CC(C)C
dude_tryb1__L006767,Cc1c(c(on1)N)C(=O)O[C@@H](C)C(=O)Nc2c(c3c(s2)CCC3)C(=O)N
dude_tryb1__L006768,C[C@@H](c1ccc(c(c1)Cl)Cl)NC(=O)COC(=O)c2ccc(c(c2)[N+](=O)[O-])S(=O)(=O)C
dude_tryb1__L006769,C[C@@H]1[C@@H]([C@@H]([C@@H]([C@@H](O1)O[C@@H]2[C@@H]([C@@H]([C@@H](O[C@@H]2OC(=O)C)COC(=O)C)OC(=O)C)OC(=O)C)O)O)O
dude_tryb1__L006770,C[C@@H](C(=O)Nc1cc(ccc1N2CCOCC2)C(F)(F)F)OC(=O)C[C@H]3CCS(=O)(=O)C3
dude_tryb1__L006771,COCCC[NH+](Cc1[nH]c(=O)c2c(csc2n1)c3cccc(c3)OC)C[C@H](CCC=C)O
dude_tryb1__L006772,OC(=O)[C@@H]2[C@@H](CC1CCNCC1)C(=O)N2C(=O)N5CCN(C(=O)Cc4ccc(CCCc3ccccc3)cc4)CC5
dude_tryb1__L006773,C[C@H]1c2c(cc(cc2OC)OC)OC(=O)[C@@H]1CC(=O)N[C@@H](CC3=c4ccccc4=[NH+]C3)C(=O)[O-]
dude_tryb1__L006774,C[NH2+]CCCN1c2ccccc2CCc3c1ccc(c3)O[C@H]4[C@@H]([C@@H]([C@H]([C@H](O4)C(=O)[O-])O)O)O
dude_tryb1__L006775,Cc1cc(ccc1S(=O)(=O)N2CCCO[C@@H]2CNC(=O)C(=O)NCCC3=c4ccccc4=[NH+]C3)F
dude_tryb1__L006776,CC[NH+](CC)[C@H](CNC(=O)Nc1ccc(cc1)OCC(=O)N)c2ccco2
dude_tryb1__L006777,CCCCn1c(c(c(=O)[nH]c1=O)N(CCC(C)C)C(=O)/C=C/c2ccc(c(c2)OC)OC(F)F)N
dude_tryb1__L006778,CC(C)S(=O)(=O)c1cc2c(cc1SC)CCN3[C@H]2CO[P@@](=O)(N3)S(=O)(=O)C(C)C
dude_tryb1__L006779,C[C@@H](c1ccc(o1)C(=O)NCCc2[nH]c(=O)cc(n2)N)[NH+]3CCCCC3
dude_tryb1__L006780,CS(=O)(=O)CCCNS(=O)(=O)c1cc(cnc1NN)Br
dude_tryb1__L006781,CS(=O)(=O)CCS(=O)(=O)NCC/C(=N/O)/N
dude_tryb1__L006782,CC(C)(C)c1cc(cc(c1O)C(C)(C)C)CCC(=O)OC[C@H]([C@@H]([C@@H]([C@@H](C[NH2+]C)O)O)O)O
dude_tryb1__L006783,CCOC(=O)c1c2c(sc1NC(=O)[C@H](C)Sc3nnnn3c4ccc(cc4)O)CCC2
dude_tryb1__L006784,CCOC(=O)c1c(c(sc1NC(=O)CN2CCN(CC2)S(=O)(=O)c3cc(ccc3C)C)C(=O)C)C
dude_tryb1__L006785,CC(C)S(=O)(=O)c1cc2c(cc1O)[C@@H]3CO[P@@](=O)(NN3CC2)S(=O)(=O)Oc4ccccc4
dude_tryb1__L006786,C[C@H](C(=O)Nc1cccc(c1)NC(=O)C)Sc2nnc(s2)Nc3ccc(cc3)OC(F)(F)F
dude_tryb1__L006787,C[C@]1([C@@H]([C@H](O[C@H]1n2cnc3c2ncnc3N)CO[P@]4(=O)OCC[C@H](O4)c5ccncc5OC)O)O
dude_tryb1__L006788,C[C@H]1CCCC[NH+]1Cc2c(nnn2c3c(non3)N)C(=O)N/N=C\c4ccccc4[N+](=O)[O-]
dude_tryb1__L006789,c1cc(ncc1C(F)(F)F)N2CCC(CC2)NC(=O)c3ccc(o3)S(=O)(=O)N4CCOCC4
dude_tryb1__L006790,c1cc(c(cc1CC[NH3+])Br)OCCCn2cc[nH+]c2
dude_tryb1__L006791,CC1(C[C@@H](C[C@@](C1)(C)CNc2ccc(cc2[N+](=O)[O-])S(=O)(=O)C(F)(F)F)[NH3+])C
dude_tryb1__L006792,CC(C)S(=O)(=O)c1cc2c(c3c(n(c2=O)Br)C(=O)C[C@@H](N3)S(=O)(=O)C(C)C)nc1
dude_tryb1__L006793,C/C(=N\NC(=[NH2+])S[C@H]1CC(=O)N(C1=O)c2ccc(cc2)C(=O)OC)/c3ccc(cc3)OC
dude_tryb1__L006794,CC(C)[NH+](C)C[C@@H](COc1ccc(cc1OC)C[NH2+]CCc2cccnc2)O
dude_tryb1__L006795,CCCCCCN([C@@H](c1c(cc(cc1O)O)O)C(=O)NC(C)(C)CC(C)(C)C)C(=O)CCC2CCCCC2
dude_tryb1__L006796,COCCN1C(=O)/C(=C/c2c(nc3ccccn3c2=O)N4CCNC(=O)[C@@H]4CC(=O)OC)/SC1=S
dude_tryb1__L006797,c1ccc(cc1)/C=C/CS[C@H]2N=N[C@@H](O2)[C@H](CC3=c4ccccc4=[NH+]C3)[NH3+]
dude_tryb1__L006798,Cc1ccc(cc1)[C@@H](C(=O)NC(C)(C)C)N(c2ccc(cc2)F)C(=O)c3c(c(ns3)C(=O)N)N
dude_tryb1__L006799,C[C@@H](C[NH+]1CCCCC1)NC(=O)N[C@@H](CCO)C(=O)[O-]
dude_tryb1__L006800,CC[NH+](CC)CCOC(=O)c1ccc(cc1)N/C=C(/C#N)\c2nc(cs2)c3ccc(cc3)CC(C)C
dude_tryb1__L006801,CC(C)(C)c1ccc(cc1)C(=O)N(Cc2nc(co2)C(=O)NC[C@@H]3CCCO3)C[C@@H]4CCCO4
dude_tryb1__L006802,CCCCn1c2c(c(=O)[nH]c1=O)n(c(n2)CCC(=O)Nc3ccc(cc3)S(=O)(=O)C)CC(C)C
dude_tryb1__L006803,Cc1cnccc1C[NH2+]Cc2cc(ccc2OC[C@@H](C[NH+]3CCC(CC3)O)O)OC
dude_tryb1__L006804,CCCN1C(=O)/C(=C/Nc2ccc3c(c2)CC4([C@H]5N3CCC5)C(=O)N(C(=O)N(C4=O)C)C)/C(=O)NC1=O
dude_tryb1__L006805,CC1CCC(CC1)NC(=O)[C@]2(Cn3c4ccc(cc4c(c3C(=O)N2CC[NH+](C)C)NC(=O)C)OC)C
dude_tryb1__L006806,Cc1cc(cc2c1NC(=O)[C@@H]2NC[C@@H](C(C)C)[NH+](C)C)Br
dude_tryb1__L006807,CCCCN(c1c(n(c(=O)[nH]c1=O)CC(C)C)N)C(=O)c2cc(c(c(c2)Cl)OCCC)OCC
dude_tryb1__L006808,Cc1ccc2c3c1c(=O)oc4c3c(c(c5c4c(ccc5)O[C@@H]6[C@@H]([C@@H]([C@@H]([C@@H](O6)C)O)O)O[C@@H]7[C@@H]([C@@H]([C@@H]([C@@H](O7)C)O)OC)O)O)c(=O)o2
dude_tryb1__L006809,COc1cc2c(cc1O[C@@H]3[C@@H]([C@@H]([C@H]([C@@H](O3)CO)O)O)O)occ(c2=O)c4ccc(cc4)O
dude_tryb1__L006810,CC(=O)OC[C@@H]1[C@@H]([C@H]([C@H]([C@H](O1)Sc2nnc(n2N)c3ccccc3)OC(=O)C)OC(=O)C)OC(=O)C
dude_tryb1__L006811,c1c2cc3c(cc2[nH]c(=O)c1CN(CCCN4CCOCC4)C(=S)NC[C@H]5CCCO5)OCCO3
dude_tryb1__L006812,CC(=O)N[C@@H]1[C@@H]([C@@H]([C@@H](O[C@@H]1OC(=O)c2ccc(cc2)O)COC(=O)C)OC(=O)C)OC(=O)C
dude_tryb1__L006813,CCC[C@H](C(=O)NC[C@@H]1CCCO1)N(C[C@@H]2CCCO2)C(=O)CNS(=O)(=O)c3ccc(cc3)F
dude_tryb1__L006814,COc1ccc(cc1)C(=O)Nc2nnc(o2)[C@H]3CC(=O)N(C3)c4ccc(cc4)S(=O)(=O)C
dude_tryb1__L006815,CCCCNC(=O)[C@@H](c1c(cc(cc1O)O)O)N(Cc2ccco2)C(=O)[C@@H]3C[C@@H]4C[C@H]([C@H]3C)C4(C)C
dude_tryb1__L006816,C[C@H](Cn1cc[nH+]c1)NC(=O)N[C@H](CCC(=O)N)C(=O)[O-]
dude_tryb1__L006817,c1ccc(cc1)[C@@H]2[C@H](N[NH2+]N2c3c(non3)N)C(=O)N/N=C/C4=c5ccccc5=[NH+]C4
dude_tryb1__L006818,CCOCCCN1C(=O)/C(=C/c2c(nc3ccc(cn3c2=O)C)N4CCN(CC4)CCO)/SC1=S
dude_tryb1__L006819,CCOC(=O)c1c2c(sc1NC(=O)CSc3nc([nH]n3)N/N=C/c4ccc(c(c4)OC)O)CCC2
dude_tryb1__L006820,CC[C@H](C)c1ccc(cc1)NC(=O)CCSc2nc([nH]n2)N/N=C/c3ccc(cc3)N(C)C
dude_tryb1__L006821,COCCCNC(=O)c1csc(n1)CN(CCCOC)C(=O)Nc2ccc(cc2)[N+](=O)[O-]
dude_tryb1__L006822,CC[NH2+][C@](C)(CCCC[NH+](C)[C@@H](C)C(C)(C)C)C(=O)N
dude_tryb1__L006823,Cc1ccc(cc1)NC(=O)Cc2nc(cs2)CSc3nnc(o3)[C@H]4CCS(=O)(=O)C4
dude_tryb1__L006824,C[C@@H]1COc2c3n1cc(c(=O)c3cc(c2N4CC[NH+](CC4)C)F)C(=O)NNC(=O)c5cccc(c5)O
dude_tryb1__L006825,CC(C)c1ccc2=[NH+]C(=O)C(=c2c1)NNc3ccc(cc3[N+](=O)[O-])S(=O)(=O)Nc4ccccc4OC
dude_tryb1__L006826,C[C@H](C(=O)Nc1ccc(cc1)NC(=O)C)OC(=O)c2cc(ccc2Cl)S(=O)(=O)N3CCOCC3
dude_tryb1__L006827,c1cc(ccc1OC[C@H](C[NH2+]C(CO)(CO)CO)O)OC[C@H](C[NH2+]C(CO)(CO)CO)O
dude_tryb1__L006828,c1cc(ccc1CSc2nnc(s2)NC(=O)[C@H]3[C@@H](C4=CC=C(N[C@@H]4S3)c5cc[nH+]cc5)N)Cl
dude_tryb1__L006829,CC1CC[NH+](CC1)[C@H](CNC(=O)Nc2ccccc2OCCC(=O)N)C(C)C
dude_tryb1__L006830,Cc1cc(nc2c1cccc2)N/N=C/[C@@H]([C@H]([C@@H]([C@@H](CO)O)O)O)O
dude_tryb1__L006831,COc1ccc(c(c1)/C=N/Nc2[nH]nc(n2)SCC(=O)Nc3ccccc3SCC=C)OC
dude_tryb1__L006832,CC(C)[C@H](c1nnnn1Cc2ccc(cc2)F)[NH+](CCO)Cc3cc4cc5c(cc4[nH]c3=O)OCCO5
dude_tryb1__L006833,CCN1c2ccc(cc2[C@@H](C1=O)NC(=O)C(=O)NCc3c(nn(c3C)C)C)Br
dude_tryb1__L006834,[H]/N=C/1\C(=N/Nc2cc(cc(c2)C(F)(F)F)C(F)(F)F)\C(=[NH2+])NN1C(=O)c3ccncc3
dude_tryb1__L006835,c1cc(oc1)C(=O)N2[C@H](COC23CCN(CC3)C(=O)C4CCC4)C(=O)NC[C@H]5CCCO5
dude_tryb1__L006836,c1ccc(cc1)N2C(=O)CCC(=N2)C(=O)OCC(=O)Nc3nc(cs3)c4ccc(cc4)F
dude_tryb1__L006837,CC(C)(C)OC(=O)NCC(=O)OC[C@H]1[C@@H]([C@H]([C@H]([C@@H](O1)O)O)O)O
dude_tryb1__L006838,C[C@]1(C(=O)N(C(=O)N1)CC(=O)N(c2ccccc2)[C@@H]3CCS(=O)(=O)C3)c4ccco4
dude_tryb1__L006839,C[C@@H]1CC(=O)[C@@H]2[C@H]1[C@@H](OC=C2C(=O)OC)O[C@@H]3[C@@H]([C@@H]([C@@H]([C@@H](O3)CO)O)O)O
dude_tryb1__L006840,COCCNC(=O)NNC(=O)c1c(c(n[nH]1)C2CC2)Br
dude_tryb1__L006841,Cc1cc2c(cc1NC(=S)NC(=O)c3ccc4c(c3)OCO4)nn(n2)c5ccc(cc5)OC
dude_tryb1__L006842,c1cc(ccc1N[C@H]2[C@H]([C@@H]([C@@H]([C@@H](O2)CO)O)O)O)OC(F)(F)F
dude_tryb1__L006843,C[C@@]1(c2c(ccc(c2C(=O)C3=C([C@@]4([C@@H](C[C@@H]31)[C@@H](C(=C(C4=O)C(=O)N)[O-])[NH+](C)C)O)O)O)Cl)O
dude_tryb1__L006844,CCC1CCC2(CC1)C(=O)N(C(=O)N2)CC(=O)OCC(=O)Nc3c(ccs3)C(=O)N
dude_tryb1__L006845,Cc1cccc(c1)n2c(c3c(nc(nc3n2)NCC[NH+]4CCCCC4)c5ccccc5F)N
dude_tryb1__L006846,Cc1ccc(cc1)COc2ccc(cc2C[NH2+]CC[NH2+]C[C@H](C)O)Cl
dude_tryb1__L006847,COc1ccc(c(c1)OC)C(c2c(nc3n(c2=O)CCS3)O)c4c(nc5n(c4=O)CCS5)O
dude_tryb1__L006848,c1cc2c(cc1N)[nH+]c3cc(ccc3c2NCCNC(=O)CCCC[C@@H]4[C@@H]5[C@H](CS4)NC(=O)N5)N
dude_tryb1__L006849,Cc1ccc(cc1)c2cc3c(c(n2)C(=O)NCCCn4ccnc4)nc(n3[C@H]5CCS(=O)(=O)C5)C
dude_tryb1__L006850,Cc1ccc(cc1)N2C(=O)/C(=C\Nc3ccc(cc3)S(=O)(=O)CCO)/C(=O)NC2=O
dude_tryb1__L006851,CCOc1ccc(cc1S(=O)(=O)N2CCCCC2)NC(=O)c3c(oc(c3C#N)n4cccc4)C
dude_tryb1__L006852,CCCCn1c(c(c(=O)[nH]c1=O)N(Cc2ccco2)C(=O)Cn3cnc4ccccc4c3=O)N
dude_tryb1__L006853,Cc1nc2c(c(n1)SCC(=O)Nc3nc(cs3)CC(=O)OC)c(=O)n(c(=O)n2CC(C)C)C
dude_tryb1__L006854,CCC[NH+](Cc1c(nn(c1Oc2cccc(c2)F)c3ccccc3)C)C[C@H](COCC#C)O
dude_tryb1__L006855,CCn1c(=O)c(c(n(c1=O)Cc2ccccc2)N)C(=O)CSc3nnnn3Cc4cccs4
dude_tryb1__L006856,CN(CC(=O)N/N=C/c1cc(c(c(c1)OC)OC)OC)S(=O)(=O)c2cc(ccc2Cl)Cl
dude_tryb1__L006857,Cc1ccc(cc1C)n2c(nnn2)SCC(=O)Nc3c(c(c(n3C[C@@H]4CCCO4)C)C)C#N
dude_tryb1__L006858,c1ccc(cc1)Sc2cc(ccn2)/C=C/c3cc(cnc3)OC[C@H](CC4=c5ccccc5=[NH+]C4)[NH3+]
dude_tryb1__L006859,c1cc(cc2c1cc(s2)S(=O)(=O)N3CCN(C(=O)C3)Cc4cc5c[n+](ccc5[nH]4)[O-])Cl
dude_tryb1__L006860,Cc1c\2c(oc1C(=O)NCCN3CCOCC3)CCC/C2=N\NC(=O)c4cc(cnc4)Br
dude_tryb1__L006861,Cc1ccc(cc1)S(=O)(=O)CNC(=O)[C@H](c2ccc3c(c2)OCO3)N(C)C(=O)[C@@H]4CCC(=O)N4
dude_tryb1__L006862,C[C@]1(C(=O)N(C(=O)N1)CC(=O)C2=NC=CC2)c3ccc(cc3)n4cnnn4
dude_tryb1__L006863,c1cc(ccc1Oc2ccc(cc2NC(=O)[C@H]3CCS(=O)(=O)C3)S(=O)(=O)N4CCOCC4)F
dude_tryb1__L006864,CC(C)c1ccc(cc1)[C@H](C(=O)NC[C@H]2CCCO2)N(C[C@@H]3CCCO3)C(=O)Cn4c5ccccc5nn4
dude_tryb1__L006865,[H]\N=C\1/C(=C/c2ccc(c(c2)OC)OCCOc3cccc(c3)OC)/C(=O)N=C4N1C(=NS4)SC
dude_tryb1__L006866,C[C@@H]1[C@@H](c2c(=O)[nH]c(nc2O1)CSc3nnc(n3CC=C)c4ccncc4)C(=O)[O-]
dude_tryb1__L006867,Cc1c(c(n(n1)c2ccccc2)C)[C@H]3C(=O)NCCN3S(=O)(=O)c4ccc5c(c4)CCN5C(=O)C
dude_tryb1__L006868,[H]/N=C\1/C(=C/c2ccc(c(c2)OC)OC(=O)c3cccc(c3)C)/C(=O)N=C4N1N=C(S4)S(=O)(=O)CC
dude_tryb1__L006869,CCOc1c(cc(cc1Br)C[NH2+][C@@H]2CCCCNC2=O)Br
dude_tryb1__L006870,Cc1cccn2c1nc(c2C)C(=O)C3=C(C(=O)N([C@H]3c4cc(c(c(c4)OC)OC)OC)CCC[NH+](C)C)[O-]
dude_tryb1__L006871,Cc1nnc(s1)SCc2cc(nc(n2)NC(=[NH2+])Nc3ccccc3Sc4ccccc4)O
dude_tryb1__L006872,Cc1ccc(cc1F)c2cc(no2)C(=O)Nc3ccc(cc3)S(=O)(=O)Nc4nccc(n4)C
dude_tryb1__L006873,Cc1cc(c(n1CCc2ccccc2)C)C(=O)CSc3nnc(n3CC(C)C)CCC(=O)N
dude_tryb1__L006874,CC[C@H](C)[C@@H](C(=O)Nc1nc(cs1)C)NC(=O)Cn2cnc3cc(c(cc3c2=O)OC)OC
dude_tryb1__L006875,CC1=Nc2nnnn2[C@@H]([C@H]1C(=O)N)c3ccc(c(c3)OC)OCc4ccc(cc4Cl)Cl
dude_tryb1__L006876,CC[C@H](C)N1C(=O)[C@H]2[C@H]([NH2+][C@]3([C@H]2C1=O)c4cc(ccc4NC3=O)Br)CC(C)C
dude_tryb1__L006877,CC(C)Oc1cc(cc(c1NC(=O)c2ccc(cc2)C(=[NH2+])N(C)C)C(=O)Nc3ccc(cn3)Cl)Cl
dude_tryb1__L006878,c1cc(c(cc1Cl)Cl)CS(=O)(=O)c2nnc(o2)CNS(=O)(=O)[C@@H]3CCS(=O)(=O)C3
dude_tryb1__L006879,CN1C(=O)C2(Cc3cc(ccc3N4[C@@H]2CCC4)N/C=C/5\C(=O)NC(=S)N(C5=O)C6CC6)C(=O)N(C1=O)C
dude_tryb1__L006880,Cc1ccc(cc1F)S(=O)(=O)Nc2cccc(c2)C(=O)O[C@H](C)C(=O)Nc3cc(on3)C
dude_tryb1__L006881,Cc1c(c(n(n1)[C@@H]2CCS(=O)(=O)C2)C)[C@@H]3Nc4ccccc4C(=O)N3C[C@@H]5CCCO5
dude_tryb1__L006882,c1ccc2=[NH+]C([NH+]=c2c1)Sc3cc(ccc3[N+](=O)[O-])NCC[NH3+]
dude_tryb1__L006883,CCOc1ccc(cc1S(=O)(=O)N2CCOCC2)NC(=O)C3CCN(CC3)S(=O)(=O)N
dude_tryb1__L006884,C[C@@H]1[C@@H]([C@@H](C[C@@H](O1)O[C@H]2C[C@@](Cc3c2c(c4c(c3O)C(=O)c5cccc(c5C4=O)O)O)(C(=O)C)O)[NH3+])O
dude_tryb1__L006885,CCOCCCn1c(=O)c2ccccc2nc1SCC3=NC(=O)C4=C([C@@H](OC4=N3)C)C(=O)[O-]
dude_tryb1__L006886,CC[C@H](C)N1C(=O)[C@@H]2[C@H]([NH2+][C@@]3([C@@H]2C1=O)c4cc(ccc4NC3=O)Br)CC(C)C
dude_tryb1__L006887,Cc1cc(cc(c1C)S(=O)(=O)NC)C(=O)NCCNc2ccc(cc2[N+](=O)[O-])S(=O)(=O)C
dude_tryb1__L006888,CCCCCOc1cccc(c1)[C@@H]2c3ccc(cc3OC(=C2C#N)N)OC(=O)C4CCC(CC4)CCCC
dude_tryb1__L006889,c1ccc(cc1)[C@H]2NN[C@@H](N2c3ccc(cc3)Cl)SCC(=O)N/N=C/C4=c5ccccc5=[NH+]C4
dude_tryb1__L006890,Cc1ccc(cc1)S(=O)(=O)N[C@@H](C(C)C)C(=O)N2CCOCCOCCOCCOCCOCC2
dude_tryb1__L006891,c1c(csc1S(=O)(=O)N2CCC[C@@H](C2)CNS(=O)(=O)N)N
dude_tryb1__L006892,CCC[C@]1(CC[NH2+]C1)C(=O)N[C@@H](CCC(=O)N)C(=O)[O-]
dude_tryb1__L006893,C/C(=N\NC(=S)NCC[NH+]1CCCC1)/C(=N\NC(=S)NCC[NH+]2CCCC2)/C
dude_tryb1__L006894,Cc1ccccc1OC[C@@H](Cn2c3c(=O)[nH]c(=O)n(c3nc2SCC(=O)N)C)O
dude_tryb1__L006895,C[C@@]1\2C[NH+]3CCN(C1)C[C@H](C3)/C2=N/NC(=S)Nc4ccc(c(c4)Cl)F
dude_tryb1__L006896,[H]/N=C/1\C(=C\c2ccc(o2)c3cccc(c3)[N+](=O)[O-])\C(=O)N=C4N1C(=NS4)S(=O)(=O)C
dude_tryb1__L006897,OC(=O)[C@@H]2[C@@H](CC1CCNCC1)C(=O)N2C(=O)N4CCN(C(=O)CCCC3CCCCC3)CC4
dude_tryb1__L006898,c1ccc(cc1)OS(=O)(=O)c2c(ccc(c2Cl)[C@H](CC=O)NC=O)S(=O)(=O)c3ccccc3
dude_tryb1__L006899,Cc1cc2=C[C@@H](C(=O)[NH+]=c2cc1C)CNc3ccc(cc3)N4CCC[C@@H](C4)O
dude_tryb1__L006900,Cc1nnc(s1)NC(=O)CSc2nc([nH]n2)N/N=C/c3cnn(c3)CCOC
dude_tryb1__L006901,CCCCCN(c1c(n(c(=O)[nH]c1=O)CCCC)N)C(=O)Cc2ccc(cc2)n3cccc3
dude_tryb1__L006902,c1ccc(c(c1)CS(=O)(=O)c2nnc(o2)CCCNS(=O)(=O)[C@H]3CS(=O)(=O)C[C@@H]3O)F
dude_tryb1__L006903,COc1ccc(cn1)[C@@H](Cc2csc(n2)CCCCNc3cc(cc[nH+]3)N4CCOCC4)CC(=O)[O-]
dude_tryb1__L006904,CC1CC[NH+](CC1)C[C@@H](CNC(=O)Nc2ccc(c(c2)Cl)C(=O)NC)O
dude_tryb1__L006905,CCCC[C@H](C(=O)N[C@H](CC(C)C)[C@@H](CC(=O)N[C@@H](C)C(=O)N[C@@H](CC(C)C)[C@@H](CC(=O)[O-])O)O)[NH3+]
dude_tryb1__L006906,Cc1ccc(cc1)N2C(=O)[C@H]3[C@@H]([NH2+][C@@]([C@@H]3C2=O)(CC4=c5ccccc5=[NH+]C4)C(=O)[O-])c6ccccc6O
dude_tryb1__L006907,CCn1c(nc2c1ccc(c2)C(=O)NNC(=O)Cn3c(cc(c3C)c4csc(n4)C)C)C
dude_tryb1__L006908,CC(C)C[NH+](Cc1[nH]c(=O)c2c(csc2n1)c3cccc(c3)OC)C[C@@H](COC(C)C)O
dude_tryb1__L006909,CCn1cc(c(=O)c2c1c(c(c(c2)F)N3CCN(CC3)c4cccc[nH+]4)C(F)(F)F)C(=O)[O-]
dude_tryb1__L006910,CCOC(=O)CN1C[C@H](c2c1cccc2)C[C@@H](C)NC(=O)[C@@H]3CC(=O)O[C@@]34CCOC(C4)(C)C
dude_tryb1__L006911,[H]/N=C\1/C(=C\c2cc(c(c(c2)Cl)OS(=O)(=O)C)OCC)/C(=O)N=C3N1N=C(S3)c4cccnc4
dude_tryb1__L006912,CCCCn1c(nc2c1c(=O)[nH]c(=O)n2Cc3ccccc3)CSc4nncn4c5ccccc5
dude_tryb1__L006913,c1ccc(c(c1)F)S(=O)(=O)N2CCN(CC2)Cn3c(=S)oc(n3)[C@@H]4CCS(=O)(=O)C4
dude_tryb1__L006914,CC[C@H](C)c1ccccc1OCC(=O)NC[C@H](C)NC(=O)COc2ccccc2[C@@H](C)CC
dude_tryb1__L006915,Cc1c(sc(n1)c2ccccc2)c3ccc(=O)n(n3)CCNC(=O)c4cc(on4)c5ccco5
dude_tryb1__L006916,C[C@H]1C[C@@H](CN(C1)S(=O)(=O)c2ccc3c(c2)N(C(=O)CO3)CC(=O)NCCC(C)C)C
dude_tryb1__L006917,COCCOC(=O)C1=C(OC(=C([C@]12c3ccccc3NC2=O)C(=O)OC)COC)N
dude_tryb1__L006918,Cc1c(cc(o1)[C@H]([C@H]([C@@H](CO)O)O)O)C(=O)OCC(=O)c2ccccc2
dude_tryb1__L006919,c1cc(ccc1CNc2c3cnn(c3ncn2)CCNC(=O)[C@@H]4CC(=O)N(C4)c5ccc(cc5)F)F
dude_tryb1__L006920,c1cc(oc1)c2cc(nn2c3ccc(cc3)Cl)C(=O)NCCCN4C(=O)C5(CCCC5)NC4=O
dude_tryb1__L006921,COc1ccc(c(c1)OC[C@H](C[NH+]2CCCC2)O)C[NH2+]CC3CCOCC3
dude_tryb1__L006922,CN(c1ccc(cc1)c2csc(n2)NC(=O)[C@@H]3CC(=O)N(C3)Cc4ccco4)S(=O)(=O)C
dude_tryb1__L006923,c1ccc(cc1)OCC(=O)NNc2c(c(ncn2)NCCCn3cc[nH+]c3)N
dude_tryb1__L006924,Cn1c2c(c(=O)[nH]c1=O)[nH]c(n2)CCC(=O)N(CC[NH+](C)C)Cc3ccc(cc3)C(F)(F)F
dude_tryb1__L006925,CCOc1ccc(cc1OCC)N2C[C@H](OC2=O)CNS(=O)(=O)c3cccs3
dude_tryb1__L006926,Cc1ccc2=[NH+][C@@H]([NH+]=c2c1)CNC(=O)CN(C)S(=O)(=O)c3cc4c(cc3C)NC(=O)CO4
dude_tryb1__L006927,Cc1c\2c(oc1C(=O)NCCN3CCOCC3)CCC/C2=N\NC(=O)c4cccnc4
dude_tryb1__L006928,CC(C)[C@@H](C(=O)NNC(=O)c1cccc(c1)S(=O)(=O)N(C)C)NC(=O)c2ccco2
dude_tryb1__L006929,CC1CCN(CC1)c2nnc(n2Cc3ccco3)S[C@H](C)C(=O)Nc4ccc(cn4)Cl
dude_tryb1__L006930,c1ccc2c(c1)c(c[nH]2)CC(=O)NNC(=O)NCCCCn3cc[nH+]c3
dude_tryb1__L006931,C[C@@H](c1ccsc1)NC(=O)N[C@@H](Cc2c[nH+]c[nH]2)C(=O)[O-]
dude_tryb1__L006932,C[C@@H]1c2c(sc(n2)NCC=C)C[C@]3([C@H]1[C@H]([C@H](CC3)[C@H](C)C(=O)N4CC[NH+](CC4)C)O)C
dude_tryb1__L006933,Cc1ccc(o1)c2c(cn(n2)c3ccccc3)/C=C/C(=O)O[C@H](C)C(=O)NC(=O)NC(C)C
dude_tryb1__L006934,CCOC(=O)c1c2c(sc1NC(=O)Cn3cc(cc(c3=O)C(=O)[O-])[N+](=O)[O-])C[C@@H](CC2)C
dude_tryb1__L006935,NC(=N)c6ccc5oc(C(=O)N4CCN(C(=O)N3CCN(C(=O)c2cc1cc(C(N)=N)ccc1o2)CC3)CC4)cc5c6
dude_tryb1__L006936,Cc1cc2c(cc1Cl)c(cc(=O)o2)COC(=O)CNS(=O)(=O)c3ccc(cc3)C#N
dude_tryb1__L006937,c1cc(oc1)CN([C@@H](c2ccc(cc2)Cl)C(=O)NC3CCCC3)C(=O)c4c(c(ns4)C(=O)N)N
dude_tryb1__L006938,Cc1ccccc1Nc2nc(nc(n2)N)CSc3nnc(n3c4ccc(cc4)F)[C@H](C)[NH+](C)C
dude_tryb1__L006939,C[C@@H]1C[C@@H](C(=O)O1)C[C@@H](C)C(=O)NC(=S)Nc2ccc(cc2)S(=O)(=O)N
dude_tryb1__L006940,NC(=N)NCCC[C@H](NC(=O)c2ccc1ccccc1c2O)C(=O)N3CCCC3C(N)=O
dude_tryb1__L006941,Cc1ccnc(n1)N=[S@](=O)(c2ccc(cc2)NC(=O)C[NH+]3CCC(CC3)C(=O)N)O
dude_tryb1__L006942,CC(C)c1cccc(c1OC[C@H](C[NH2+]C(C)C)O)OC[C@H](C[NH2+]C(C)C)O
dude_tryb1__L006943,CCNc1nc(nc(n1)N/N=C/c2ccc(o2)c3ccc(cc3)S(=O)(=O)N)NCC
dude_tryb1__L006944,CCOc1ccc(cc1OCC)NC(=O)C[NH+](C)CCC(=O)NC(=O)N
dude_tryb1__L006945,CC(=O)N1CCc2c(sc(c2C(=O)OC)NC(=O)CCCS(=O)(=O)c3ccc(cc3)F)C1
dude_tryb1__L006946,C[C@@H](c1ccc2c(c1)CCCC2)NC(=O)[C@H](C)[NH+]3CCC(CC3)C(=O)NC4CC4
dude_tryb1__L006947,COc1ccc(cc1N2[C@@H]([C@@H](NN2)C3[NH+]=c4ccccc4=[NH+]3)[NH3+])Cl
dude_tryb1__L006948,CCN(CC(=O)N[C@@H]1CCS(=O)(=O)C1)C(=O)CSc2nnc(n2C3CC3)Cc4cccs4
dude_tryb1__L006949,CN([C@H]1CCS(=O)(=O)C1)C(=O)CSc2nnc(n2N)COc3ccc(cc3)F
dude_tryb1__L006950,CCCCC(=O)Nc1nnc(s1)S[C@@H](C)C(=O)Nc2c(c3c(s2)CCCCC3)C(=O)OCC
dude_tryb1__L006951,CCCCOC[C@H](C[NH+](Cc1ccco1)Cc2c(nn(c2Oc3ccccc3)c4ccccc4)C)O
dude_tryb1__L006952,C[C@H](C(=O)NNC(=S)NC(=O)c1cc(c(c(c1)OC)OC)OC)Oc2ccc3ccccc3c2
dude_tryb1__L006953,Cc1cc(ccc1NC(=O)CSc2nc([nH]n2)N/N=C/c3c(nn(c3C)CC=C)C)Br
dude_tryb1__L006954,CC(C)[C@@H](C(=O)NC(=O)N)OC(=O)c1cc(ccc1F)S(=O)(=O)NC
dude_tryb1__L006955,CCOC(=O)C1=C(NC(=O)NC1)CN2CCN(CC2)S(=O)(=O)c3cccc4c3nsn4
dude_tryb1__L006956,CCSc1nnc(s1)NC(=O)CN(C)S(=O)(=O)c2ccc3c(c2)c(=O)n(c(=O)n3C)C
dude_tryb1__L006957,c1ccc(cc1)CN2c3ccccc3[C@H]([C@@H](C2=O)[C@H]4[N-]C5=CC(=[N+]6CCOCC6)C=CC5=N4)O
dude_tryb1__L006958,Cc1c(c2ccccc2[nH]1)C(=O)[C@@H](C)OC(=O)C3=NN(C(=O)CC3)[C@@H]4CCS(=O)(=O)C4
dude_tryb1__L006959,C[C@@H](c1nnc(n1c2ccc(cc2)F)SCC[NH2+]CCO)[NH+]3CCCCC3
dude_tryb1__L006960,CCN(CC)C(=O)Cn1c(=O)c2c(c(sc2n(c1=O)CC(=O)N3CCCC3)C(=O)C)C
dude_tryb1__L006961,CC(C)(CO)[NH2+][C@@H]1CCc2c(sc3c2c(=O)n(cn3)CCc4ccc(cc4)F)C1
dude_tryb1__L006962,CCOC(=O)CNC(=O)[C@H](c1cccs1)N(c2ccc(cc2)C)C(=O)c3c(c(ns3)C(=O)N)N
dude_tryb1__L006963,CC(C)(C)NS(=O)(=O)c1ccc(c(c1)[N+](=O)[O-])N(C)Cc2cnn(c2)Cc3ccccc3
dude_tryb1__L006964,C[C@@H](CCCC(C)(C)O)NC(=O)[C@H]1CN(CC12CC[NH2+]CC2)C(=O)c3csc(c3OC)Cl
dude_tryb1__L006965,CCCSc1ccc(c(c1)NC(=O)CSc2nc3nc(c(c(n3n2)C)CC(=O)[O-])C)[N+](=O)[O-]
dude_tryb1__L006966,CC[NH+]([C@@H](C[NH3+])c1cc(c(c(c1)Cl)OCC)OC)C(C)(C)C
dude_tryb1__L006967,c1ccc2c(c1)CC[NH+](C2)C[C@H](COc3cccc(c3)C[NH2+]C(CO)CO)O
dude_tryb1__L006968,CC(C)Cn1c(c(c(=O)[nH]c1=O)N(CC(C)C)C(=O)CN(C)C(=O)CSc2ccc(cc2)Cl)N
dude_tryb1__L006969,CCc1cc(c(s1)NC(=O)c2ccco2)[C@H](c3ccccc3F)Nc4cc(cc[nH+]4)C
dude_tryb1__L006970,Cc1c2c(c(n(n2)c3ccccc3)n4cccc4)c(=O)n(n1)[C@H](C)C(=O)NCCCN5CCCC5=O
dude_tryb1__L006971,C[C@](C[NH+](Cc1[nH]c(=O)c2c(csc2n1)c3ccccc3F)C4CC4)(C=C)O
dude_tryb1__L006972,Cc3c(Cl)nc(NC2Cc1ccccc1C2)c(=O)n3CC(=O)Nc4cccc(CN)c4
dude_tryb1__L006973,Cc1ccc(cc1Cl)S(=O)(=O)Nc2ccc(c(c2)C(=O)NCC(C)C)N3CC[NH2+]CC3
dude_tryb1__L006974,Cc1cc2c(c(=O)n1CC[NH+](C)C)[C@@H](C(=C(O2)N)C(=O)OC)c3ccc(c(c3)OC)OC
dude_tryb1__L006975,c1ccc(cc1)N2CCN(CC2)c3c(c(=O)n4ccccc4n3)/C=C(\C#N)/C(=O)N[C@@H]5CCS(=O)(=O)C5
dude_tryb1__L006976,CCCN([C@@H](c1ccc(c(c1)OC)O)C(=O)NCS(=O)(=O)c2ccc(cc2)C)C(=O)c3cccnc3
dude_tryb1__L006977,c1cc(ccc1c2nnc(o2)CSC[C@@H](C(=O)[O-])[NH3+])Br
dude_tryb1__L006978,CCOC(=O)C1CCC(CC1)CNC(=O)Nc2c(=[NH+]C3CCCC3)c4ccccc4oc2O
dude_tryb1__L006979,c1cc(ccc1N2C(=O)Nc3ccc(cc3[C@@]2(C(=O)NCCC[NH+]4CCCC4)O)Br)Cl
dude_tryb1__L006980,CCC[C@@H]1C[C@@H]([NH+](C1)C)C(=O)N[C@@H]([C@@H]2[C@@H]([C@@H]([C@H]([C@H](O2)SC)O)O)O)[C@@H](C)O
dude_tryb1__L006981,CCOC(=O)c1c(c(c(s1)NC(=O)CCSc2nc([nH]n2)N/N=C(\C)/CC(C)C)C#N)C
dude_tryb1__L006982,c1ccc2=[NH+]CC(=c2c1)CCNC(=O)C3=C4[C@@H](CC3)S[C@H](N4)NC(=O)c5ccc(cc5)F
dude_tryb1__L006983,CC(C)Oc1c(cc(cc1OC)Cl)C[NH2+]CCC[NH2+]CCO
dude_tryb1__L006984,CC(C)C(OC(=O)N3CCN(C(=O)N2[C@H](C(O)=O)[C@@H](Cc1cccc(CN)c1)C2=O)CC3)C(C)C
dude_tryb1__L006985,Cc1cccc([nH+]1)N[C@@H](c2ccccc2F)c3c4c(sc3NC(=O)c5ccco5)CCCC4
dude_tryb1__L006986,Cc1c2c(c(c(c1OC)C/C=C(\C)/CCC(=O)O[C@@H]3[C@H]([C@H]([C@@H]([C@@H](O3)CO)O)O)O)O)C(=O)OC2
dude_tryb1__L006987,C[C@H](C(=O)NNC(=O)C1CCC1)Sc2nc([nH]n2)N/N=C/c3cnn(c3)CC=C
dude_tryb1__L006988,COCC[NH2+][C@@H]1[C@H]([C@@H]([C@H]2CO[C@@H]1O2)[NH2+]Cc3ccc(cc3)OC)O
dude_tryb1__L006989,[H]/N=C\1/C(=C/c2cc(n(c2C)c3cccc(c3)OC)C)/C(=O)N=C4N1N=C(S4)S(=O)(=O)CC
dude_tryb1__L006990,c1ccc(cc1)[C@@H](C[NH2+]C[C@@H](c2ccc(cc2Cl)Cl)c3c[nH]c4c3cccc4)O
dude_tryb1__L006991,C[C@H](C(=O)NCCN(C1CC1)C(=O)[C@@H](C)NC(=O)OC(C)(C)C)NC(=O)OC(C)(C)C
dude_tryb1__L006992,CC[C@H]([C@H](c1ccc(s1)Br)Sc2n[nH]c(=O)n2C(C)C)[NH3+]
dude_tryb1__L006993,C[C@]1(Cn2c(cc(n2)C(=O)N3CCC4(CC3)OCCO4)C(=O)N1C)C(=O)NC5CCCCC5
dude_tryb1__L006994,Cc1c(sc2c1c(nc(n2)CC[NH3+])N[C@@H](Cn3cccn3)c4ccccc4)C
dude_tryb1__L006995,COc1cc(ccc1O)C[C@@H](CO)[C@@H](Cc2ccc(c(c2)OC)O)CO[C@H]3[C@H]([C@@H]([C@@H]([C@@H](O3)CO)O)O)O
dude_tryb1__L006996,Cc1cc(c2c(c1)cc(c(=O)[nH]2)[C@H](c3nnnn3C[C@@H]4CCCO4)N5CCN(CC5)c6ccc(cc6)OC)C
dude_tryb1__L006997,Cc1cc(c(cc1C)c2c[nH+]c([nH]2)CCCCCC[NH3+])C
dude_tryb1__L006998,COc1ccc(cc1OC)NC(=O)CSc2nc([nH]n2)N/N=C/c3cc(ccc3O)Br
dude_tryb1__L006999,C[C@@H]1C[C@@H](C[NH+](C1)C(C)(C)CNC(=O)Nc2ccccc2OCCC(=O)N)C
dude_tryb1__L007000,Cc1ccc(cc1)S(=O)(=O)N2CCCO[C@H]2CNC(=O)C(=O)NCCN3CCOCC3
dude_tryb1__L007001,CCCCCN(c1c(n(c(=O)[nH]c1=O)CCCC)N)C(=O)CCC(=O)N[C@@H](C)c2ccc(cc2)F
dude_tryb1__L007002,C1CCC(CC1)CCCCCCCO[C@@H]2[C@H]([C@@H]([C@@H]([C@@H](O2)CO)O[C@@H]3[C@@H]([C@@H]([C@@H]([C@@H](O3)CO)O)O)O)O)O
dude_tryb1__L007003,Cc1ccc(c(c1)N([C@@H](c2ccc(cc2)O)C(=O)NCCC(C)C)C(=O)c3c(c(ns3)C(=O)N)N)C
dude_tryb1__L007004,Cc1ccccc1NC(=O)C[n+]2ccc(cc2)c3nnc(n3N)SCC(=O)Nc4ccccc4C
dude_tryb1__L007005,C[C@H](COC)NC(=O)NC(=O)[C@H](C)Sc1nc([nH]n1)N
dude_tryb1__L007006,Cc1cccc([nH+]1)N[C@H](c2ccc(c(c2)C)OC)c3ccc4ccc(nc4c3O)C
dude_tryb1__L007007,CC[C@@H](CN1CCOCC1)NC(=O)c2nc(no2)c3c(=O)n(c(=O)n(n3)c4ccc(cc4)F)C
dude_tryb1__L007008,CC(C)N1C(=O)/C(=C/c2ccc3c(c2)CC4([C@@H]5N3CCC5)C(=O)N(C(=O)N(C4=O)C)C)/C(=O)NC1=O
dude_tryb1__L007009,CCNC(=O)[C@@H]1[C@H]([C@@H]([C@@H](O1)n2cnc3c2nc(nc3N)C#CCC4CCC(CC4)C(=O)OC)O)O
dude_tryb1__L007010,Cc1ccc(cc1C)NC(=O)/C(=N/NC(=O)C(=O)N)/[C@@H](C#N)c2nc(cs2)c3ccc(cc3)[N+](=O)[O-]
dude_tryb1__L007011,C[C@H]1Cc2cc(ccc2N1CCS(=O)(=O)CCC(=O)N)S(=O)(=O)N
dude_tryb1__L007012,NCc5cccc(C4CCN(C(=O)c2cn(c1nccs1)c3ccccc23)CC4)c5
dude_tryb1__L007013,C[C@H]1[C@H]([C@@H]([C@@H]([C@@H](O1)Oc2c(=O)c3c(cc(cc3oc2c4ccc(c(c4)O)O)O)O)O)O)O
dude_tryb1__L007014,CCCn1c(c(c(=O)[nH]c1=O)C(=O)C[NH+](C)CC(=O)Nc2c(cc(cc2C)C)C)N
dude_tryb1__L007015,CCNS(=O)(=O)c1ccc(cc1)NC(=O)CSc2nc([nH]n2)N/N=C/c3ccc(cc3)OCC
dude_tryb1__L007016,CC[C@@H]([C@H](c1cc(cs1)Br)[NH+](C)C[C@@H](COC)O)[NH3+]
dude_tryb1__L007017,c1cc(c(cc1Br)NC(=O)C[NH+]2CCCNCC2)Br
dude_tryb1__L007018,CCOCCOc1ccccc1C(=O)NC(=S)NNC(=O)COc2cc(ccc2C(C)C)C
dude_tryb1__L007019,c1ccc(cc1)n2cnnc2SCC(=O)NNC(=O)C[C@H]3C(=O)NC(=O)S3
dude_tryb1__L007020,COc1ccc(cc1)N2C[C@H](CC2=O)C(=O)Nc3nnc(s3)[C@H]4CC(=O)N(C4)c5ccc(cc5)F
dude_tryb1__L007021,CC1CC[NH+](CC1)Cc2ccc(cc2)C[NH2+]Cc3c[nH]nc3c4cccnc4
dude_tryb1__L007022,CC(C)([C@H]1CCC(=CC1)C(=O)OC[C@@H]2[C@@H]([C@@H]([C@@H]([C@@H](O2)Oc3c(cc(cc3O)C(=O)[O-])O)O)O)O)O
dude_tryb1__L007023,COc1cc2c(cc1OC)ncnc2N3CC[N+](=C(Nc4cc(cnc4)Cl)[S-])CC3
dude_tryb1__L007024,c1cc(ccc1CCNc2nc(nc(n2)SCCCc3ccc(cc3)Cl)N4CC[NH2+]CC4)O
dude_tryb1__L007025,CN(C)c1ccc(cc1)[C@@H](CNC(=O)C(=O)NCCC2=CCCCC2)S(=O)(=O)c3ccc(cc3)OC
dude_tryb1__L007026,CCCn1c(c(c(=O)[nH]c1=O)C(=O)C[NH2+][C@H](c2ccc(cc2)Cl)C(C)C)N
dude_tryb1__L007027,c1cc(ccc1NC(=O)c2cc(ccc2F)S(=O)(=O)N3CCOCC3)N4C(=O)CCCC4=O
dude_tryb1__L007028,CC(C)[C@@H]([C@@H]1[NH+]=C(NO1)c2ccc3c(c2)[nH]c(=O)c(=O)n3C(C)C)NS(=O)(=O)c4ccccc4
dude_tryb1__L007029,OC(=O)[C@@H]2[C@@H](CC1CCNCC1)C(=O)N2C(=O)N5CCN(C(=O)c4ccc(c3ccccc3)cc4)CC5
dude_tryb1__L007030,Cc1c[nH+]c(c(c1OC)C)CN2CC(=O)N(c3c2nc(nc3Cl)N)[C@@H](C)C(=O)NCC[NH+](C)C
dude_tryb1__L007031,CCOC(=O)[C@](c1ccc(cc1)N[C@@](C(=O)OCC)(C(F)(F)F)NC(=O)C)(C(F)(F)F)O
dude_tryb1__L007032,CC1CC[NH+](CC1)[C@@H](C)CNC(=O)C(=O)Nc2ccc(c(c2)C(=O)N)F
dude_tryb1__L007033,Cc1nnc(s1)NC(=O)CSc2nnc(n2C)c3ccc(cc3)NS(=O)(=O)C
dude_tryb1__L007034,C[C@@H]([C@@H](c1cc(cs1)Br)Oc2cccc(c2C#N)F)[NH3+]
dude_tryb1__L007035,CCC[NH+](CCC)C[C@H]1[C@@H](NNN1c2c(non2)N)C(=O)N/N=C/C3=c4ccccc4=[NH+]C3
dude_tryb1__L007036,c1cc(cnc1)CN([C@H](c2ccco2)C(=O)NC[C@H]3CCCO3)C(=O)C(=O)NC4CCCC4
dude_tryb1__L007037,c1cc(oc1)[C@@H](CNC(=O)C(=O)NCCCN2CCCC2=O)[NH+]3CCN(CC3)c4ccc(cc4)F
dude_tryb1__L007038,c1cc(ccc1n2c(nnn2)SCC(=O)Nc3ccc(c(c3)S(=O)(=O)N4CCOCC4)Cl)O
dude_tryb1__L007039,CCOc1ccc(cc1)c2n[nH]c(=S)n2CCC(=O)NNC(=O)Cn3c(cc(n3)C)C
dude_tryb1__L007040,Cc1ccc(cc1)S(=O)(=O)CNC(=O)[C@H](c2ccc(c(c2)OC)O)N(Cc3ccco3)C=O
dude_tryb1__L007041,CCN(CC)S(=O)(=O)c1ccc(=O)n(c1)CC(=O)N(C)Cc2[nH]c(=O)c3ccccc3n2
dude_tryb1__L007042,Cc1ccccc1[C@H](C(=O)NC[C@H]2CCCO2)N(c3ccc4c(c3)OCO4)C(=O)Cn5c6ccccc6nn5
dude_tryb1__L007043,CCOCCOc1cccc(c1)C(=O)NC(=S)Nc2ccc(cc2)S(=O)(=O)Nc3nccs3
dude_tryb1__L007044,Cc1ccc(c(c1)C)NS(=O)(=O)c2ccc(cc2)NC(=S)NC(=O)COc3cc(ccc3C)C
dude_tryb1__L007045,CC(C)OC[C@@H](Cn1c2c(=O)[nH]c(=O)n(c2nc1NN=Cc3ccc(cc3)[N+](=O)[O-])C)O
dude_tryb1__L007046,Cc1ccc(c(c1F)C(=O)N2C[C@@H](C3(C2)CC[NH2+]CC3)C(=O)N[C@@H](C(C)C)C(=O)NC(C)(C)C)Cl
dude_tryb1__L007047,Cc1c(c([nH]c1C(=O)COC(=O)c2cccc(c2)S(=O)(=O)NCc3ccco3)C)C(=O)OC
dude_tryb1__L007048,CCCn1c(c(c(c(c1=O)C#N)C)/C=C\2/C(=O)N(C(=S)S2)C[C@H]3CCCO3)NCc4ccc(cc4)F
dude_tryb1__L007049,CCOC[C@@H](C[NH+](Cc1c(nn(c1Oc2ccc(cc2)F)c3ccccc3)C)CC4CC4)O
dude_tryb1__L007050,c1ccc(c(c1)C#N)S(=O)(=O)N2CCC(CC2)C(=O)NNC(=O)c3c4ccccc4c(=O)[nH]n3
dude_tryb1__L007051,CCO[P@]1(=O)NN2CCc3cc(c(cc3[C@@H]2CO1)O)O
dude_tryb1__L007052,C[C@@H](c1cccc(c1)S(=O)(=O)N)[NH+](C)CC(=O)NC(=O)NC(C)(C)C
dude_tryb1__L007053,CCC1CCC2(CC1)C(=O)N(C(=O)N2)CC(=O)NNC(=O)NCCOC
dude_tryb1__L007054,CCOc1cc(ccc1O)/C=N/Nc2[nH]nc(n2)SCC(=O)N(c3ccccc3)c4ccccc4
dude_tryb1__L007055,c1cc(ccc1[N-]S(=O)(=O)CCC[NH3+])S(=O)(=O)N
dude_tryb1__L007056,Cc1csc(n1)CC(=O)NNC(=O)CN2CCN(CC2)S(=O)(=O)c3cccs3
dude_tryb1__L007057,Cc1cccn2c1nc(c2C)C(=O)C3=C(C(=O)N([C@@H]3c4cccc(c4)OCC=C)CCC[NH+](C)C)[O-]
dude_tryb1__L007058,CCc1ccc(cc1)[C@H](C(C)C)[NH2+][C@@H](C)C(=O)Nc2ccc3c(c2)[nH]c(=O)[nH]3
dude_tryb1__L007059,C1CC2=C(C1)S[C@H]([C@@H]2C(=O)N)NC(=O)CSC3=NC(=O)CC(=N3)N
dude_tryb1__L007060,c1ccc(cc1)CN2CCO[C@@H](C2)C[NH2+]Cc3cn[nH]c3c4ccc(cc4)Cl
dude_tryb1__L007061,C[C@@H]1c2c(sc([nH+]2)NCC=C)C[C@@]3([C@H]1[C@H]([C@@H](CC3)[C@H](C)C(=O)N(C)CC=C)O)C
dude_tryb1__L007062,OC(=O)[C@@H]2[C@@H](CC1CCNCC1)C(=O)N2C(=O)N4CCN(C(=O)CCC(=O)NCCc3ccccc3)CC4
dude_tryb1__L007063,CCCCCCc1cc2cc(c(=O)oc2cc1O)c3csc(n3)NC(=O)CCC(=O)NC4CCCC4
dude_tryb1__L007064,c1cc(c(=O)[nH]c1)C(=O)N[C@@H]2N/C(=C\C(=O)N3CCN(CC3)c4ncccn4)/CS2
dude_tryb1__L007065,CC(C)(CNC(=O)c1ccc(cc1)NS(=O)(=O)c2ccc3c(c2)OCCCO3)[NH+]4CCOCC4
dude_tryb1__L007066,CC(C)Cn1c(c(c(=O)[nH]c1=O)N(CC(C)C)C(=O)C[NH+](C)[C@@H]2CCCc3c2cccc3)N
dude_tryb1__L007067,Cc1ccc(cc1)S(=O)(=O)CNC(=O)[C@H](c2ccc(cc2)N(C)C)N(Cc3ccco3)C(=O)C=C(C)C
dude_tryb1__L007068,C[C@@H](C(=O)NC(=O)NCC=C)[NH+]1CCC(CC1)NC(=O)NC2CCCCC2
dude_tryb1__L007069,Cc1c(c(n(n1)c2ccccc2)Oc3cccc(c3)F)C[NH+](CCOC)C[C@@H](COCC=C)O
dude_tryb1__L007070,C[C@@]12CC[C@@H]3C(=CC(=O)[C@@H]4[C@]3(C[C@H]([C@@H](C4)O)O)C)[C@]1(CC[C@H]2[C@](C)([C@@H](CCC(C)(C)O)O)O)O
dude_tryb1__L007071,c1cc(ccc1[N+](=O)[O-])S(=O)(=O)N2CCN(CC2)c3ccc(nn3)N4CCN(CC4)CCO
dude_tryb1__L007072,c1cc(cc(c1)Br)c2nnc(n2N)SCC(=O)Nc3nnc(s3)SCC(=O)N
dude_tryb1__L007073,CCS(=O)(=O)c1ccc2c(c1)nc(o2)SCC(=O)NN3C(=O)C4(CCC(CC4)C)NC3=O
dude_tryb1__L007074,c1ccc2=[NH+]CC(=c2c1)C[C@@H](C(=O)N[C@H](CC(=O)N)C(=O)[O-])N3C(=O)[C@@H]4C=CC=CC4=NC3=O
dude_tryb1__L007075,CC[NH+](CC)CC[n+]1c2ccccc2n(c1N)C[C@H](COc3ccccc3C)O
dude_tryb1__L007076,CCc1ccc(cc1)[C@H](CNC(=O)CCNc2ccc(cc2[N+](=O)[O-])S(=O)(=O)N)[NH+](C)C
dude_tryb1__L007077,CCC[C@@H]1C[C@H]([NH+](C1)C)C(=O)N[C@@H]([C@H]2[C@@H]([C@H]([C@@H]([C@H](O2)SC)O)O)O)[C@@H](C)O
dude_tryb1__L007078,CN(CC(=O)N/N=C/c1ccc(c(c1OC)OC)OC)S(=O)(=O)c2ccc(cc2)Br
dude_tryb1__L007079,CC1(CCC[NH+](C1)CC(=O)Nc2c3cc(ccc3[nH]c2C(=O)OC)Br)C
dude_tryb1__L007080,CC=C1C(=O)O[C@]2([C@@]13CC[C@@](CC(=O)[C@](O3)([C@H](C2)OC(=O)C(=C)CO)C(=C)C(=O)OC)(C)O)C
dude_tryb1__L007081,Cc1c(sc(c1C(=O)OC)NC(=O)CSc2nc3nc(c(c(n3n2)C)CC(=O)[O-])C)C
dude_tryb1__L007082,CC1(CC(CC([NH2+]1)(C)C)Nc2c(c(ncn2)N3CCN(CC3)CCO)N)C
dude_tryb1__L007083,CCCOc1c(cc(cc1Br)C(=O)OCC2=C(CNC(=O)N2)C(=O)OCC)OC
dude_tryb1__L007084,c1cc(ccc1N2C[C@H](CC2=O)C(=O)N3CCN(CC3)c4nnc(s4)SCC(=O)N)F
dude_tryb1__L007085,CCC/C=C/[C@@H](C(=O)NCS(=O)(=O)c1ccc(cc1)C)N(Cc2ccco2)C(=O)c3ccc(cc3)OC
dude_tryb1__L007086,COCCNC(=O)c1c2c(sc1NC(=O)/C(=C/c3cccc(c3)[N+](=O)[O-])/C#N)CCCC2
dude_tryb1__L007087,C[C@H](C[NH2+]CC[NH2+]Cc1cccc(c1OCc2ccc(cc2)Cl)OC)O
dude_tryb1__L007088,C[C@H]1CCc2c(sc3c2c(=O)n(cn3)CC(=O)N/N=C/c4ccc(c(c4)OC)OC(C)C)C1
dude_tryb1__L007089,CCC(CC)(/C(=N/O)/N)C(=O)N1C[C@H](CC[C@H]1C)C(=O)N
dude_tryb1__L007090,c1cc2c(cc1C[NH+]3CCN(CC3)CC(=O)Nc4c(c5c(s4)CCC5)C(=O)N)CCO2
dude_tryb1__L007091,Cc1ccc(cc1)NC(=O)CN(C)C(=O)[C@H](C)Sc2nc3nc(c(c(n3n2)C)CCC(=O)[O-])C
dude_tryb1__L007092,C1CCN(CC1)c2c3c(c(nc(n3)N(CCO)CCO)N(CCO)CCO)nc(n2)N(CCO)CCO
dude_tryb1__L007093,C[C@H](C(=O)N1CCN(CC1)C(=O)C)N2CC3=C(C2=O)[C@H](NC(=O)N3CC=C)c4ccccc4C(F)(F)F
dude_tryb1__L007094,COc1ccc(cc1)N2C(=O)[C@H]3[C@@H]([NH2+][C@@]([C@@H]3C2=O)(CC4=c5ccccc5=[NH+]C4)C(=O)[O-])c6ccccc6O
dude_tryb1__L007095,CC(C)Cn1c(c(c(=O)[nH]c1=O)N(CCOC)C(=O)c2cc(=O)[nH]c3c2cccc3)N
dude_tryb1__L007096,COCC[NH+](Cc1ccc(c(c1)OC)OC)Cc2ccc(o2)C(CCC=C)(CCC=C)O
dude_tryb1__L007097,COC(=O)N1CCc2c(sc(c2C(=O)N)NC(=O)CS(=O)(=O)c3ccc(cc3)Cl)C1
dude_tryb1__L007098,CCOc1ccc(cc1)N([C@H](C)C(=O)NC2CCCC2)C(=O)c3c(c(ns3)C(=O)N)N
dude_tryb1__L007099,CCN(Cc1ccccc1)[C@@H](c2cc3cc4c(cc3[nH]c2=O)OCO4)c5nnnn5C6CCCC6
dude_tryb1__L007100,C[C@@H](CCCC(C)C)NC(=O)CC[C@H]1C(=O)N(C(=N1)O)CCC2=c3cc(ccc3=[NH+]C2)OC
dude_tryb1__L007101,C[C@]([C@H]1C[C@@]23CC[C@@]1([C@H]4[C@@]25CC[NH+]([C@@H]3[C@@H](c6c5c(c(cc6)O)O4)O)CC7CC7)OC)(C(C)(C)C)O
dude_tryb1__L007102,Cc1ccc(cc1)S(=O)(=O)CNC(=O)[C@@H](c2ccc(cc2)N(C)C)N(Cc3ccc(o3)C)C(=O)COC
dude_tryb1__L007103,C#CCNC(=O)CC[C@@H]1CNC(=O)[C@H]2[NH+]1C[C@H](C2)NC(=S)NC3CC3
dude_tryb1__L007104,Cc1cc(nn1c2cccc(c2)F)c3c(nc4n(c3=O)c(cs4)CC(=O)NCCCN5CCOCC5)C
dude_tryb1__L007105,CCOCCC(=O)NCC(=O)N[C@H]1[C@H](O[C@@H]([C@@H]([C@@H]1O)O)Nc2c3c([nH]cn3)ncn2)CO
dude_tryb1__L007106,C1CS(=O)(=O)C[C@H]1c2nnc(o2)SCC(=O)c3c(n(c(=O)[nH]c3=O)C4CC4)N
dude_tryb1__L007107,CC(C)(C)NC(=O)COc1c(cccc1OC)C[NH2+]CCSc2nnnn2c3ccccc3
dude_tryb1__L007108,COc1cc(ccc1OCc2ccc(cc2)Br)/C=N\NC(=O)CSc3nnc(s3)N
dude_tryb1__L007109,CC(=O)N[C@@H]1[C@H]([C@@H]([C@@H](O[C@@H]1OC[C@@H]([C@@H]2[C@@H]([C@@H]3[C@@H](O2)OC(O3)(C)C)OCc4ccccc4)O)CO)O)O
dude_tryb1__L007110,C[C@@H](CC#N)Sc1ccccc1NC(=O)CCN2C(=O)c3ccccc3N4[C@]2(CCC4=O)C
dude_tryb1__L007111,c1cc(cc2c1cc(c(c2)O)/N=N\c3ccc4c(ccc(c4c3O)N)S(=O)(=O)[O-])S(=O)(=O)[O-]
dude_tryb1__L007112,CCNC(=O)NC(=O)COC(=O)/C=C/c1ccc(c(c1)S(=O)(=O)NC)OC
dude_tryb1__L007113,c1cc(ccc1/C=N/N=C/2\N(C(=O)[C@H](S2)CC(=O)NCC(=O)[O-])c3ccc(cc3)O)Cl
dude_tryb1__L007114,Cc1c\2c(oc1C(=O)NCCCn3cc[nH+]c3)CC(C/C2=N\NC(=O)N)(C)C
dude_tryb1__L007115,Cc1cc2c(c(=O)n1CC[NH+]3CCOCC3)[C@@H](C(=C(O2)N)C#N)c4cc(c(cc4OC)OC)OC
dude_tryb1__L007116,c1cc(ccc1CSc2nnc(s2)NC(=O)C3=NN(C(=O)CC3)[C@H]4CCS(=O)(=O)C4)F
dude_tryb1__L007117,CN1CCO[C@@H](C1)CNC(=O)[C@@H]2CN(CC23CC[NH2+]CC3)C(=O)[C@@H]4CCCN4C(=O)C(F)(F)F
dude_tryb1__L007118,C1[C@H](C(=O)NC(=O)N1CCCCCCCCCCN2C[C@@H](C(=O)NC2=O)C(=[NH2+])N)C(=[NH2+])N
dude_tryb1__L007119,Cc1cc(n(n1)CCCNC(=O)[C@@H]2CN(CC23CC[NH2+]CC3)C(=O)c4cncn4C)C
dude_tryb1__L007120,CC[C@H](C)[C@@H](C(=O)[O-])NC(=O)[C@@H](CC1=c2ccccc2=[NH+]C1)N3[C@@H](Nc4ccccc4C3=O)O
dude_tryb1__L007121,Cc1cc(=O)[nH]c(n1)CCNC(=O)N[C@H]2NN[C@@H](S2)C(F)(F)F
dude_tryb1__L007122,Cc1c(scn1)CCN2C(=O)[C@H]3[C@@H]([NH2+][C@@]([C@@H]3C2=O)(CCSC)C(=O)[O-])c4ccccc4OC
dude_tryb1__L007123,CC[C@@H](C)NC(=O)c1cc2ccc(cc2oc1=O)OC(=O)c3cc(c(c(c3)OC)OC)OC
dude_tryb1__L007124,C[C@@H](c1ccc(cc1Cl)Cl)NC(=O)[C@@H](C)OC(=O)/C=C/c2ccc(c(c2)OC)OCC(=O)N
dude_tryb1__L007125,Cc1cc(n2c(n1)nc(n2)S[C@H](C)C(=O)Nc3ccc(cc3)S(=O)(=O)Nc4ncccn4)C
dude_tryb1__L007126,CCOC(=O)C1=C(NC(=O)NC1)CSc2nnc(n2C)C[C@H]3CCS(=O)(=O)C3
dude_tryb1__L007127,COc1ccc(cc1O)/C=N/Nc2[nH]nc(n2)SCC(=O)Nc3nnc(s3)SCC(=O)N
dude_tryb1__L007128,Cc1ccccc1N2[C@@H](N[NH2+]N2)SCC(=O)N[C@@H](CC3=c4ccccc4=[NH+]C3)C(=O)[O-]
dude_tryb1__L007129,Cn1c2c(c(=O)n(c1=O)C)[C@](C(=O)N2)(C(F)(F)F)NC(=O)c3cc(c(c(c3)OC)OC)OC
dude_tryb1__L007130,C[C@@H]1CCCC[NH+]1C[C@@H]2[C@@H](N=NN2c3c(non3)N)C(=O)N/N=C\C4=c5ccccc5=[NH+]C4
dude_tryb1__L007131,OC(=O)[C@@H]2[C@@H](CC1CCNCC1)C(=O)N2C(=O)Nc3ccccc3
dude_tryb1__L007132,Cn1c(c(c(n1)c2ccccc2)C[NH+](Cc3ccco3)C[C@@H](COCc4ccco4)O)Oc5ccccc5
dude_tryb1__L007133,C[NH+](CCCNc1ccc(cc1[N+](=O)[O-])NN[NH3+])CCCNC(=O)CCCC[C@H]2[C@@H]3[C@@H](CS2)NC(=O)N3
dude_tryb1__L007134,COC(=O)c1c(c2c([nH]1)cccc2O)NC(=O)C[NH+]3CCC(CC3)C(=O)N
dude_tryb1__L007135,Cc1ccc(cc1)S(=O)(=O)CCC(=O)Nc2nnc(o2)c3ccc(cc3)S(=O)(=O)C
dude_tryb1__L007136,c1ccc2=[NH+]CC(=c2c1)[C@@H]([C@@H](CNc3nccc(n3)c4ccncc4)[NH3+])O
dude_tryb1__L007137,c1ccc2=[NH+]C([NH+]=c2c1)C3=C(N(CC3=O)C[C@@H](c4ccc(cc4)[N+](=O)[O-])O)N
dude_tryb1__L007138,Cc1c(c(n(n1)C)C)NC(=O)[C@@H](C)OC(=O)c2cc(ccc2N3CCOCC3)S(=O)(=O)N(C)C
dude_tryb1__L007139,Cc1ccc(cc1N[C@H]2[C@H]([C@@H]([C@@H]([C@@H](O2)CO)O)O)O)[N+](=O)[O-]
dude_tryb1__L007140,c1cc(cc(c1)S(=O)(=O)NNC(=O)NC[C@@H]2CCCO2)n3cnnn3
dude_tryb1__L007141,CCOc1ccc(cc1)N2C[C@H](CC2=O)C(=O)NCCCN3C(=O)C4(CCCC4)NC3=O
dude_tryb1__L007142,CCCCCCOc1cc(c(cc1[C@@H](CC(=O)N)[NH3+])OCCCCCC)[C@@H](CC(=O)N)[NH3+]
dude_tryb1__L007143,CCOc1ccccc1NC(=O)C(=O)N2CCC3(CC2)N(CCO3)S(=O)(=O)c4cccs4
dude_tryb1__L007144,CCCCn1c(c(c(c(c1=O)C#N)C)/C=C\2/C(=O)N(C(=S)S2)C)NCCc3ccc(c(c3)OC)OC
dude_tryb1__L007145,c1ccc2c(c1)C(c3ccccc3O2)C(=O)NCCn4c5c(cn4)c(ncn5)NCc6ccco6
dude_tryb1__L007146,C[C@@H](C(=O)N/N=C/c1ccc(cc1)C(=O)OC)Sc2nnc(n2CC=C)CNc3ccc(cc3)Cl
dude_tryb1__L007147,Cc1ccc(cc1)S(=O)(=O)N(C[C@H](CN2C(=O)C(N=C2O)(C)C)O)c3cc(ccc3OC)[N+](=O)[O-]
dude_tryb1__L007148,Cc1ccccc1NC(=S)NNC(=O)/C=C/c2ccc(cc2)S(=O)(=O)Nc3ccc(cc3)OC
dude_tryb1__L007149,CC[C@@H](C)c1ccc(cc1)[C@H](CC)NC(=S)Nc2ccc(cc2)S(=O)(=O)Nc3ncccn3
dude_tryb1__L007150,CC(C)CNC(=S)N(CCC[NH+]1CCOCC1)Cc2cc3ccc(cc3[nH]c2=O)OC
dude_tryb1__L007151,c1ccc2=[NH+]CC(=c2c1)C[C@@H](C(=O)N[C@@H](Cc3ccc(cc3)O)C(=O)[O-])N4[C@H](Nc5ccccc5C4=O)O
dude_tryb1__L007152,Cc1cc(=O)oc2c1ccc(c2)O[C@@H]3[C@@H]([C@@H]([C@H]([C@H](O3)CO)O[C@H]4[C@H]([C@H]([C@@H]([C@H](O4)C)O)O)O)O)NC(=O)C
dude_tryb1__L007153,CC(C)CCOc1ccccc1C(=O)NC(=S)NNC(=O)COc2ccc(cc2)C(C)C
dude_tryb1__L007154,CCc1ccc2c(c1)cc(c(=O)[nH]2)[C@@H](c3nnnn3C[C@H]4CCCO4)N5CCN(CC5)c6ccc(cc6)F
dude_tryb1__L007155,CC(C)S(=O)(=O)NC[C@@H](c1ccc(cc1)S(=O)(=O)Oc2ccccc2)N3CCN[C@@H](C3)SC
dude_tryb1__L007156,COCc1c2c(n[nH]1)OC(=C([C@@H]2c3ccc(c(c3)OC)OCC(=O)N)C#N)N
dude_tryb1__L007157,Cc1nnc(o1)CSc2nnc(s2)NC(=O)CSc3nc([nH]n3)N/N=C(\C)/c4ccncc4
dude_tryb1__L007158,COc1cc(cc2c1C(=O)[C@@H]([C@H](O2)c3ccc(c(c3)O)O)O)O[C@@H]4[C@@H]([C@@H]([C@@H]([C@@H](O4)CO)O)O)O
dude_tryb1__L007159,CCc1nnc(o1)CN(C)C(=O)CSc2nnc(n2N)N/N=C/c3c(nn(c3C)C(C)C)C
dude_tryb1__L007160,CC(C)S(=O)(=O)[P@]1(=O)NN2C[C@@H]3C=C(C(=C[C@@H]3C[C@@H]2CO1)I)OC
dude_tryb1__L007161,CC1CCN(CC1)c2[nH+]c3c(n2[C@H]4[C@H]([C@@H]([C@@H](O4)CO)O)O)N[C@@H](NC3=O)[NH3+]
dude_tryb1__L007162,C[C@@H](CC[NH+](C)C)NS(=O)(=O)c1c(cc(cc1Br)N)Br
dude_tryb1__L007163,Cc3nc2ccc(S(=O)(=O)NCCNCCCc1ccc(CN)cc1)cc2s3
dude_tryb1__L007164,Cc1cc(c(n1c2ccc(cc2)OC(F)F)C)C(=O)[C@@H](C)[NH2+]CCc3ccc(cc3)S(=O)(=O)N
dude_tryb1__L007165,CCc1cccc2=C(C[NH+]=c12)C(=O)[C@H](c3ccccc3)S[C@@H]4N[NH2+]NN4C
dude_tryb1__L007166,C[C@@H](C(=O)Nc1nc(cs1)CC(=O)N)NS(=O)(=O)/C=C/c2ccccc2
dude_tryb1__L007167,CCOc1ccc(cc1OCC)CCNC(=O)/C=C/c2ccc(cc2)S(=O)(=O)NC3CC3
dude_tryb1__L007168,COc1ccc(cn1)[C@H](Cc2csc(n2)CCCc3ccc4c([nH+]3)NCCC4)CC(=O)[O-]
dude_tryb1__L007169,CC(C)CN(CC(=O)Nc1nc(cs1)CC(=O)N2CCC3(CC2)OCCO3)C(=O)c4ccco4
dude_tryb1__L007170,Cc1cccc2c1[nH+]c(n2Cc3c(ccc([nH+]3)C)[O-])NC4CC[NH+](CC4)CCCS(=O)(=O)NC
dude_tryb1__L007171,c1cc(=O)[nH]c2c1cc(cc2)S(=O)(=O)N3CCN(CC3)c4ccc(nn4)N5CCOCC5
dude_tryb1__L007172,Cc1nnc(s1)SCC2=C(N3[C@H]([C@@H](C3=O)NC(=O)[C@@H](C)n4cc(cn4)[N+](=O)[O-])SC2)C(=O)[O-]
dude_tryb1__L007173,CC(C)S(=O)(=O)[C@@]1(CN(C(=O)N1CC2(CCN(CC2)O)C3CCCCC3)S(=O)(=O)C(C)C)C
dude_tryb1__L007174,Cc1cnc([nH]1)CC[NH2+]C[C@H]2CN(N[C@@H]2c3ccccc3Cl)c4ccc(cc4)F
dude_tryb1__L007175,CCOc1cc(ccc1OCc2ccccc2C#N)/C=N/NC(=O)[C@@H](C(C)C)NC(=O)c3ccc(cc3)OC
dude_tryb1__L007176,Cc1ccc(cc1)n2c(nnc2SCC(=O)N/N=C\3/c4ccccc4NC3=O)c5ccncc5
dude_tryb1__L007177,CCN(CC)C(=O)CC[C@@H]1CNC(=O)[C@H]2[NH+]1C[C@H](C2)NC(=S)Nc3ccc(cc3)Cl
dude_tryb1__L007178,Cc1[nH+]ccn1CC2(CC2)CNC(=O)[C@H]3CCC[NH+](C3)CC(=O)N
dude_tryb1__L007179,CCCOc1ccc(cc1OC)[C@@H]2CC(=O)Nc3c2c(nn3c4nc(cnn4)c5ccccc5)C
dude_tryb1__L007180,CCOc1ccc(cc1)N([C@H](c2ccco2)C(=O)NC3CCCC3)C(=O)c4c(c(ns4)C(=O)N)N
dude_tryb1__L007181,CC1(CC(CC([NH2+]1)(C)C)Nc2c(c(ncn2)Nc3cccc(c3)Br)N)C
dude_tryb1__L007182,c1cc(ccc1c2ccc(nc2)NCCC[NH3+])NC(=O)Nc3cc(ccc3F)C(F)(F)F
dude_tryb1__L007183,Cc1cc(c(c(c1)C)NC(=O)CNC(=O)CSc2nnc(n2CC=C)COc3ccccc3F)C
dude_tryb1__L007184,c1ccc2c(c1)CCN(C2)C[C@H]3C[NH+]4CC[C@H]3C[C@@H]4CNC(=O)Nc5ccsc5
dude_tryb1__L007185,CCOC(=O)c1c([nH]c(c1S(=O)(=O)N2CCC(CC2)C(=O)NC[C@H]3CCCO3)C)C
dude_tryb1__L007186,CCCCC[NH+](CCC[C@@](C)(C(=O)N)[NH2+]CC)C(C)C
dude_tryb1__L007187,CCOC(=O)/C=C/c1ccc(cc1)NC(=O)CSc2nnc(n2N)COc3cc(cc(c3)C)C
dude_tryb1__L007188,c1ccc2c(c1)cc([nH]2)C3CC[NH+](CC3)C[C@H](c4ccc5c(c4)OCCO5)O
dude_tryb1__L007189,C[C@H](C(=O)NCCc1ccc(cc1)S(=O)(=O)N)[NH+]2CCCN(CC2)c3ccc(cn3)C(F)(F)F
dude_tryb1__L007190,CC(C)(C)Nc1c(c(ncn1)NNC(=O)c2cccnc2)N
dude_tryb1__L007191,CCCCN(Cc1ccco1)c2ccc(cc2C(=O)NCCC)NC(=O)Nc3ccc(c(c3)Cl)Cl
dude_tryb1__L007192,Cc1c(c2ccccc2[nH]1)CCNC(=O)[C@H]3CN(CC34CC[NH2+]CC4)C(=O)[C@@H]5C=C(O[C@@H]5C(F)(F)F)C
dude_tryb1__L007193,CCCn1c(c(c(=O)[nH]c1=O)C(=O)C[NH+]2CCN(CC2)c3ccccc3F)N
dude_tryb1__L007194,Cc1cc(cnc1)[C@@H]2CCO[P@](=O)(O2)OC[C@@H]3[C@H]([C@@]([C@@H](O3)n4cnc5c4ncnc5N)(C)O)O
dude_tryb1__L007195,CC[NH+](CC)CCCNC(=S)N(CC[NH+](C)C)Cc1cc2cc(c(cc2[nH]c1=O)C)C
dude_tryb1__L007196,Cn1cc(cc1C(=O)N)S(=O)(=O)Nc2ccccc2C(=O)NCC=C
dude_tryb1__L007197,Cc1c(c(n(n1)C)C)CN(Cc2ccc3c(c(sc3n2)C(=O)OC)NC(=O)[C@@H]4CCCO4)C5CC5
dude_tryb1__L007198,COc1ccc(cc1)C(=O)/C=C/[C@H]2CN(c3c2cccc3)C[C@@H](C[NH2+]CCc4c[nH]c5c4cc(cc5)F)O
dude_tryb1__L007199,Cn1cnnc1SCc2c(nnn2c3c(non3)N)C(=O)N/N=C/c4cccnc4
dude_tryb1__L007200,CCn1c(c(cn1)NC(=S)Nc2ccc(c(c2)OC)OC)C(=O)N
dude_tryb1__L007201,c1cc(c(cc1Br)Br)c2ccc(o2)C[NH2+]CC[NH2+]CCO
dude_tryb1__L007202,c1c(cc(c2c1OCCCO2)Br)C[NH2+]C3(CCCC3)CO
dude_tryb1__L007203,CNc1ccc(cc1[N+](=O)[O-])C(=O)NCCN2C(=O)/C(=C\c3ccc(cc3)Cl)/SC2=O
dude_tryb1__L007204,CCOC(=O)N1CCN(CC1)C(=O)Cc2csc(n2)NC(=O)[C@@H]3CC(=O)N(C3)c4ccc(cc4)F
dude_tryb1__L007205,[H]/N=C\1/C(=C\c2cc(n(c2C)c3ccccc3OCC)C)/C(=O)N=C4N1N=C(S4)S(=O)(=O)C
dude_tryb1__L007206,C[C@]1(CCS(=O)(=O)C1)NC(=O)CN2CCN(CC2)S(=O)(=O)c3cccc4c3nsn4
dude_tryb1__L007207,C[C@@H]1CCCC[C@H]1[NH+](CC(=O)NC(=O)NC(C)C)CC(=O)NC(=O)NC(C)C
dude_tryb1__L007208,CC[C@]12CN(CC[C@](C1=O)(CN(C2)C(=O)[C@@H]3CC(=O)OC3(C)C)C)C(=O)[C@@H]4CC(=O)OC4(C)C
dude_tryb1__L007209,C[C@]12c3c(c4cc(ccc4[nH]3)F)CCN1C(=O)CN(C2=O)Cc5cc(c(c(c5)OC)OC)OC
dude_tryb1__L007210,CCN(CC)c1ccc2cc(/c(=[NH+]/c3ccc(cc3)S(=O)(=O)N)/oc2c1)C(=O)Nc4ccc(cc4)F
dude_tryb1__L007211,C=CC/[NH+]=C(\N)/NC[C@@H](c1c(cccc1Cl)F)[NH+]2CCCC2
dude_tryb1__L007212,COc1ccc(cc1)N2C[C@H](CC2=O)C(=O)Nc3ncc(s3)S(=O)(=O)c4ccc(cc4)[N+](=O)[O-]
dude_tryb1__L007213,COc1ccc(cc1S(=O)(=O)NCCn2c(=O)ccc(n2)c3ccco3)Cl
dude_tryb1__L007214,CCN(Cc1[nH]c(=O)c2ccccc2n1)C(=O)c3cccc(c3)S(=O)(=O)NCc4cccs4
dude_tryb1__L007215,c1ccc2c(c1)c(c[nH]2)C[C@@H](c3nnc(o3)SCc4ccc(cc4Cl)Cl)[NH3+]
dude_tryb1__L007216,CCOc1ccc(cc1)NC(=O)C2=C(NC(=C([C@@H]2c3ccco3)C#N)SCC(=O)Nc4nccs4)C
dude_tryb1__L007217,COc1ccc(cc1)[C@H](C(=O)NC[C@H]2CCCO2)N(C[C@@H]3CCCO3)C(=O)c4c(c(ns4)C(=O)N)N
dude_tryb1__L007218,CCNC(=O)NC1(CCCC1)C(=O)NCCc2n[nH]c(=S)n2C3CC3
dude_tryb1__L007219,C[C@@H](C(=O)c1c(n(c(=O)n(c1=O)C)C)N)Sc2c3cnn(c3ncn2)c4ccccc4
dude_tryb1__L007220,CCN(CC)c1ccc(cc1)c2nnc(n2C)SCC(=O)N(CCC(=O)N)Cc3ccccc3
dude_tryb1__L007221,Cc1nc(cs1)CN2CCN(CC2)S(=O)(=O)c3ccc4c(c3)[nH]c(=O)c(=O)[nH]4
dude_tryb1__L007222,c1ccc(c(c1)C(=O)N)NCc2c(nnn2c3c(non3)N)C(=O)N/N=C/c4cc(ccc4F)F
dude_tryb1__L007223,Cc1nnc(o1)[C@H](c2ccccc2)NS(=O)(=O)c3ccc(c(c3)OC)OC
dude_tryb1__L007224,Cc1ccc(cc1)/C=C/S(=O)(=O)NCC(=O)OCC(=O)NC(=O)NCc2ccco2
dude_tryb1__L007225,c1ccc(c(c1)[C@@H](C(=O)NC[C@H]2CCCO2)N(Cc3ccc(cc3)F)C(=O)Cn4c5ccccc5nn4)F
dude_tryb1__L007226,C1C[C@H]2[C@H](CC[NH+]2C1)NC(=O)N[C@@H](CCO)C(=O)[O-]
dude_tryb1__L007227,C[C@H](C(=O)NC)NS(=O)(=O)c1ccc(cc1C#CCO)F
dude_tryb1__L007228,Cc1c(c(n(n1)[C@@H]2CCS(=O)(=O)C2)C)CN(C)CN3C(=O)[C@@]4(CCCCc5c4cccc5)NC3=O
dude_tryb1__L007229,CCOC(=O)c1c2c(sc1NC(=O)[C@H](C)[NH2+]CC(=O)N[C@@H]3CCS(=O)(=O)C3)C[C@@H](CC2)C
dude_tryb1__L007230,CC1=C2C(=NC(=NC2=O)CSC)S[C@@H]1C(=O)NNC(=O)[C@@H](C)Oc3ccccc3F
dude_tryb1__L007231,Cc1ccn(n1)CCC(=O)NC[C@@H]2Cc3cc(ccc3O2)c4ccc(nn4)OC
dude_tryb1__L007232,CC[NH+](CC)CCC[NH2+]Cc1[nH]c(=O)c2c3c(sc2n1)CCC3
dude_tryb1__L007233,CSCC[C@@H](C(=O)NNC(=O)c1csc(n1)N2CCOCC2)NC(=O)c3ccco3
dude_tryb1__L007234,CCOc1ccc(cc1)n2c3c(c(=O)n(cn3)CC(=O)Nc4ccccc4C(F)(F)F)nn2
dude_tryb1__L007235,CN(CC(=O)N/N=C/c1ccc(c(c1)OC)OCC=C)S(=O)(=O)c2ccc(cc2)Cl
dude_tryb1__L007236,Cc1ccc2nc3c(cc(c([n+]3CCCOC(C)C)N)C(=S)N)c(=O)n2c1
dude_tryb1__L007237,COc1cccc(c1)N2C(=O)[C@@H]3[C@H]([NH2+][C@]4([C@@H]3C2=O)c5cc(ccc5NC4=O)F)Cc6c[nH]c7c6cccc7
dude_tryb1__L007238,CCOc1cccc(c1O)CN2CCc3nnc(n3CC2)[C@@H](CC(C)C)NC(=O)c4cccnc4
dude_tryb1__L007239,CC(=O)N1CCc2c(sc(c2C#N)NC(=O)c3ccc(cc3)S(=O)(=O)N(C)C[C@H]4CCCO4)C1
dude_tryb1__L007240,CN1[C@H]2[C@H]([C@@H](C(=O)N2)CC(=O)NCCC3=c4cc(ccc4=[NH+]C3)Cl)C(=O)N(C1=O)C
dude_tryb1__L007241,CC1=C([C@@H](C2=C(N1)CCCC2=O)c3ccc(c(c3OC)OC)OC)C(=O)OCCOC
dude_tryb1__L007242,C[C@@H](C(=O)Nc1ccc2c(c1)OCO2)N(c3ccccc3OC)S(=O)(=O)c4cccs4
dude_tryb1__L007243,C[C@@H](CC[NH+](C)C)NC(=O)N[C@H](CCC(=O)N)C(=O)[O-]
dude_tryb1__L007244,C[C@@H](C(=O)Nc1c(c2c(s1)CCC2)C(=O)N)N3CC[NH+](CC3)CC(=O)N4CCCCCC4
dude_tryb1__L007245,COc1cc(ccc1OC[C@@H](C[NH+]2CCOCC2)O)C[NH2+]CCc3c[nH]nc3
dude_tryb1__L007246,[H]\N=C\1/C(=C/c2cc(c(c(c2)OC)OC)OC)/C(=O)N=C3N1C(=NS3)S(=O)(=O)C
dude_tryb1__L007247,CCn1c(nnc1SCC(=O)Nc2ccc(cc2)F)CN(c3ccc(cc3)C)S(=O)(=O)C
dude_tryb1__L007248,c1ccc(c(c1)C[NH+]2CCNC(=O)[C@H]2CC(=O)NCc3cc4cc(ccc4[nH]3)Cl)F
dude_tryb1__L007249,Cc1cccc(c1NC(=O)C[NH2+]CCCNc2ccc(cc2[N+](=O)[O-])C(F)(F)F)C
dude_tryb1__L007250,CC(=O)NCCNC(=O)[C@H]1C[NH+]2CC[C@H]1C[C@@H]2Cn3cc(nn3)C[NH2+]C
dude_tryb1__L007251,CC(C)COC[C@H](C[NH+](CCOC)Cc1[nH]c(=O)c2c(csc2n1)c3ccccc3F)O
dude_tryb1__L007252,CCOC(=O)c1c(c(c([nH]1)C)C(=O)C2=C(C(=O)N([C@@H]2c3cc(c(c(c3)OC)OC)OC)CC[NH+](C)C)[O-])C
dude_tryb1__L007253,COc1cc(ccc1O[C@H]2[C@H]([C@@H]([C@@H]([C@@H](O2)CO)O)O)O)[C@H]3[C@@H](c4cc(cc(c4O3)O)CCCO)CO
dude_tryb1__L007254,Cc1ccc2ccc(c(c2n1)O)[C@@H](c3cccc(c3)Oc4ccccc4)Nc5cccc[nH+]5
dude_tryb1__L007255,C[C@@H](C(=O)NC)NS(=O)(=O)c1cc(n(c1)C)C(=O)N
dude_tryb1__L007256,C[C@H]1CCC[C@@H]([C@@H]1C)NC(=S)NNC(=O)[C@@H](C(C)C)NC(=O)N
dude_tryb1__L007257,CC[C@@H](C)[C@@H](C(=O)[O-])NC(=O)[C@@H](CCS(=O)(=O)C)[NH3+]
dude_tryb1__L007258,Cc1nnc(o1)CSc2nnc(s2)NC(=O)CSc3nc([nH]n3)N/N=C/c4ccccc4O
dude_tryb1__L007259,C[C@H](C(=O)N1CCC2(CC1)c3c([nH+]c[nH]3)CCN2)NC(=O)c4ccc(cc4)C(C)(C)C
dude_tryb1__L007260,c1ccc(cc1)CN(c2ccccn2)c3c(c([nH+]cn3)Nc4cccc5c4nccc5)N
dude_tryb1__L007261,c1ccc(cc1)/C=C/C=C\2/C(=O)N(C(=S)S2)[C@@H]3CC(=O)N(C3=O)c4ccc(cc4)S(=O)(=O)N
dude_tryb1__L007262,C=CC[NH+](C[C@@H](COCC=C)O)CC(=O)N1CCc2c(ccs2)[C@@H]1COc3ccc(cc3)Cl
dude_tryb1__L007263,CCCN(Cc1cccn1Cc2nc(cs2)C(=O)NCCc3ccccn3)C(=O)c4ccccc4F
dude_tryb1__L007264,Cc1cc(no1)NC(=O)CN(C)C(=O)CCCC[C@@H]2[C@@H]3[C@@H](CS2)NC(=O)N3
dude_tryb1__L007265,Cn1c2c(c(=O)[nH]c1=O)n(c(n2)N(C)Cc3ccccc3)C[C@@H](COc4ccc(cc4)[N+](=O)[O-])O
dude_tryb1__L007266,C[C@H](C(=O)Nc1ccc2c(c1)[nH]c(=O)[nH]2)Sc3nnc(n3C)C[C@@H]4CCS(=O)(=O)C4
dude_tryb1__L007267,c1ccc2c(c1)c3c([nH]2)nc(nn3)N/N=C/c4ccc(c(c4O)O)O
dude_tryb1__L007268,CN1C(=O)[C@@H](C(=O)NC1=O)[C@H]2Cc3cc4c(c(c3C[C@@]25C(=O)NC(=O)N(C5=O)C)OC)OCO4
dude_tryb1__L007269,Cc1c(cc(o1)/C=N/NC(=O)CN(c2cc(ccc2OC)OC)S(=O)(=O)C)Br
dude_tryb1__L007270,C[C@@H](c1nnc(o1)c2ccccc2)Nc3ccc(cc3)NS(=O)(=O)c4ccc5c(c4)OCCO5
dude_tryb1__L007271,Cc1csc(=O)n1CCC(=O)OCC(=O)NN2C(=O)C3(CCC(CC3)C)NC2=O
dude_tryb1__L007272,CCCC[NH+](CCO)[C@H](c1ccc(cc1)Br)[C@@H](CC)[NH3+]
dude_tryb1__L007273,CCCCC[C@H](CC)NC(=S)N(CCCn1cc[nH+]c1)Cc2ccc(cc2OC)OC
dude_tryb1__L007274,C[C@H](C(=O)NNC(=O)C(C)C)Sc1nc([nH]n1)N/N=C(\C)/c2ccccn2
dude_tryb1__L007275,CCOc1ccc(cc1S(=O)(=O)N2CCC3(CC2)OCCO3)N4C(=O)CCS4(=O)=O
dude_tryb1__L007276,COc1ccc(cc1)C[NH2+]Cc2cc(c(c(c2)Br)OC[C@@H](c3ccc4c(c3)OCO4)O)OC
dude_tryb1__L007277,c1ccc(c(c1)C(=O)N/N=C/[C@@H]([C@H]([C@@H]([C@@H](CO)O)O[C@@H]2[C@@H]([C@@H]([C@@H]([C@@H](O2)CO)O)O)O)O)O)O
dude_tryb1__L007278,CCNC(=O)N[C@H]1CO[C@H]2[C@@H]1OC[C@@H]2n3c(nnn3)Oc4ccc(cc4)n5ccnc5
dude_tryb1__L007279,COc1ccc2c(c1)cc(c(=O)[nH]2)[C@H](c3nnnn3Cc4ccc(cc4)F)N5CCC(CC5)O
dude_tryb1__L007280,CC(C)(C)NS(=O)(=O)c1cc(cc(c1)NC[C@H]2CCC=CC2)C(=O)NC[C@@H]3CCC[NH+](C3)C
dude_tryb1__L007281,CC[C@@H]([C@H](c1ccccc1Br)[NH+](C)C[C@@H](COC)O)[NH3+]
dude_tryb1__L007282,C[C@@H]1CCC[NH+](C1)C(C)(C)CNC(=O)C(=O)Nc2ccc(c(c2)C(=O)N)Cl
dude_tryb1__L007283,CC[C@]1(C[C@@H](c2c(cc3c(c2O)C(=O)c4c(cccc4O)C3=O)[C@H]1C(=O)OC)O[C@H]5C[C@H]([C@@H]([C@@H](O5)C)O)[NH+](C)C)O
dude_tryb1__L007284,Cc1c(c(n(n1)c2ccccc2)Oc3ccc(cc3)F)C[NH+](CCOC)C[C@H](CN4CCOCC4)O
dude_tryb1__L007285,CCC[NH+]1Cc2cccc(c2C1)NC(=O)C(=O)NC[C@@H](C)[NH+]3CCC(CC3)C
dude_tryb1__L007286,COc1cccc(c1)N2[C@@H](N[NH2+]N2)SCC(=O)NCCc3c[nH]c4c3ccc(c4)OC
dude_tryb1__L007287,CC1=C[C@@H](N=N1)[C@H]2NN[C@@H](N2N)SCC(=O)Nc3ccc(cn3)Br
dude_tryb1__L007288,C[C@@H](C(=O)NC1=c2cc(ccc2=[NH+][C@@H]1C(=O)OC)Cl)[NH+]3CCC(CC3)C(=O)N
dude_tryb1__L007289,c1c2c(cc(c1NC(=O)[C@@H]3C[C@@H](C[NH2+]3)O)Br)[nH]c(=O)[nH]2
dude_tryb1__L007290,CC1=C2C(=NC(=NC2=O)COC)S[C@@H]1C(=O)N[C@H](c3cccc(c3)OC)c4nccn4C
dude_tryb1__L007291,C[C@H]1C[C@](C(=O)O[C@H]2CCN(C/C=C(\C2=O)/COC(=O)[C@]1(C)OC(=O)C)C)([C@@H](C)O)O
dude_tryb1__L007292,CCCCCCN([C@@H](c1c(cc(cc1O)O)O)C(=O)NC(C)(C)CC(C)(C)C)C(=O)C(=C)C
dude_tryb1__L007293,COCC(=O)NNC(=O)CSc1nc([nH]n1)N/N=C/c2cnn(c2)CC=C
dude_tryb1__L007294,c1ccc2=[NH+]CC(=c2c1)C3CC[NH+](CC3)CCC(=O)Nc4c(ccs4)C(=O)N
dude_tryb1__L007295,CCOc1cc(cc(c1OCC)OCC)C(=O)NNS(=O)(=O)c2cc(ccc2OC)C(=O)[O-]
dude_tryb1__L007296,COCCCNS(=O)(=O)c1ccc(cc1)NC(=O)[C@H]2CC(=O)N(C2)c3ccc(cc3)F
dude_tryb1__L007297,CCCNC(=O)C[NH+]1CCC(CC1)NC(=O)NNC(=S)NC2CCCC2
dude_tryb1__L007298,C[C@@H](CCCC(C)C)NC(=O)C[NH+]1CCC(CC1)C[NH3+]
dude_tryb1__L007299,Cc1c(c(n(n1)C(C)C)C)/C=N/Nc2nnc(n2N)SCc3nnc(o3)C
dude_tryb1__L007300,CC[C@H]1C(=O)Nc2cc(c(cc2O1)S(=O)(=O)N3CCC[C@@H](C3)C(=O)NCC[NH+](C)C)C
dude_tryb1__L007301,CCn1c(nnc1SCC(=O)c2c(c(c([nH]2)C)C(=O)C)C)N3CCOCC3
dude_tryb1__L007302,CCOC(=O)c1ccc(c(c1O)C(=O)C)OCC(COc2ccc(c(c2C(=O)C)O)C(=O)OCC)O
dude_tryb1__L007303,C[C@@H](C(=O)Nc1c(ccs1)C(=O)N)OC(=O)C[C@H]2CS(=O)(=O)C=C2
dude_tryb1__L007304,CC(=O)N[C@H](Cc1cccc(c1OC)OC)C(=O)NC2CCN(CC2)c3c4c(nc5n3ncn5)CCC4
dude_tryb1__L007305,COc1ccc(cc1OC)C2=NN=C[C@@H]2/C=N/[N-]S(=O)(=O)c3ccc(c(c3)OC)OC
dude_tryb1__L007306,Cc1[nH]c(nn1)CC[NH2+]Cc2ccccc2OC[C@@H](C[NH+]3CCSCC3)O
dude_tryb1__L007307,CCN(CC)S(=O)(=O)c1ccc(c(c1)[N+](=O)[O-])Sc2[nH]nc(n2)Cc3cccs3
dude_tryb1__L007308,COc1ccc(cc1)/C=C/C(=O)Oc2ccc3cc(c(=O)oc3c2)C(=O)NCc4ccco4
dude_tryb1__L007309,CCOC(=O)c1c(c(sc1NC(=S)NC(=O)c2cc(ccc2C)S(=O)(=O)N3CCOCC3)C)C
dude_tryb1__L007310,Cc1ccc(c(c1)C)NC(=O)NC(=O)[C@H](C)Sc2nnc(n2C)[C@H]3CCS(=O)(=O)C3
dude_tryb1__L007311,CCC[NH+](CCC)[C@H](C[NH3+])c1ccc(c(c1)Br)OC
dude_tryb1__L007312,C[C@]12CCC(=O)C=C1CC[C@H]3[C@@H]2[C@H](C[C@]4([C@@H]3CC[C@@]4(C(=O)CSCC(=O)N5CCOCC5)O)C)O
dude_tryb1__L007313,COc1cc(cc(c1)OC)NC(=O)CSc2nnc(n2N)N/N=C/c3cc(c(c(c3)OC)OC)OC
dude_tryb1__L007314,[H]/N=C\1/C(=C\c2ccc(o2)SCc3ccco3)/C(=O)N=C4N1N=C(S4)S(=O)(=O)C
dude_tryb1__L007315,CCOc1ccc2c(c1)sc(n2)NC(=O)c3cn(cc-4c(=O)n(nc34)c5ccccc5)CC=C
dude_tryb1__L007316,C[C@H]1CC(=C(N1c2[nH]ncn2)C)C(=O)CSc3nnc(n3c4ccccc4)N5CCCCC5
dude_tryb1__L007317,C=CCc1cccc(c1O)/C=N/Nc2[nH]nc(n2)SCC(=O)Nc3ccc4c(c3)C(=O)NC4=O
dude_tryb1__L007318,CCOc1ccc(cc1)NC(=O)Cc2nnc(n2C)S[C@H](C)C(=O)/N=C\3/NCCS3
dude_tryb1__L007319,c1cc(oc1)CNC(=O)Cc2csc(n2)NC(=O)[C@H]3CC(=O)N(C3)c4ccc(cc4)F
dude_tryb1__L007320,CC[NH+](Cc1[nH]c(=O)c2c(csc2n1)c3ccccc3OC)C[C@@H](COc4ccccc4)O
dude_tryb1__L007321,C[C@H](C(=O)[O-])N1CN(C(=[NH2+])N[P@@]1N(CCO)CCO)/N=C/c2ccc(c(c2)OC)OC
dude_tryb1__L007322,COCCNC(=O)CS[C@@H]1NN[C@@H](S1)N2CCN(CC2)C(=O)CC3=c4ccccc4=[NH+]C3
dude_tryb1__L007323,Cc1ccc(cc1)N([C@@H](c2ccc(cc2)OC)C(=O)NCCOC)C(=O)c3c(c(ns3)C(=O)N)N
dude_tryb1__L007324,Cc1cc(no1)NC(=O)[C@@H](C)SCC(=O)NNC(=O)c2ccccn2
dude_tryb1__L007325,CCC[C@H]1C[C@@H]([NH+](C1)C)C(=O)N[C@H]([C@H]2[C@@H]([C@H]([C@@H]([C@H](O2)SC)O)O)O)[C@@H](C)Cl
dude_tryb1__L007326,CCC[C@@H](C(=O)NC(C)(C)CC)N(C[C@H]1CCCO1)C(=O)CNS(=O)(=O)c2ccc(cc2)F
dude_tryb1__L007327,Cc1c(c2c(cn1)CN(CC2)C(=O)Cc3cscn3)CNS(=O)(=O)c4ccsc4
dude_tryb1__L007328,Cc1ccc(c(c1)S(=O)(=O)[C@@H](CNS(=O)(=O)[C@H]2CS(=O)(=O)C[C@@H]2O)c3cccs3)C
dude_tryb1__L007329,CCOC(=O)C[C@H]1C(=O)NCCN1c2c(c(=O)n3ccccc3n2)/C=C\4/C(=O)N(C(=S)S4)CC=C
dude_tryb1__L007330,C[C@@H](c1nc(nc(n1)Nc2ccccc2)N)[NH+]3CCN(CC3)S(=O)(=O)c4ccccc4Cl
dude_tryb1__L007331,CCc1cc2c(s1)ncn(c2=O)CC(=O)Nc3nc(cs3)CC(=O)OC
dude_tryb1__L007332,Cc1cccc(c1)c2c(nn3c2ncc(c3C)C(=O)NCc4cc(c(c(c4)OC)OC)OC)C
dude_tryb1__L007333,CC[C@@H](C)[C@@H](C(=O)[O-])NC(=O)[C@@H](CC1=c2ccccc2=[NH+]C1)N3C(=O)[C@@H]4C=CC=CC4=NC3=O
dude_tryb1__L007334,c1ccc(c(c1)C(=O)N(Cc2nc(co2)C(=O)NC[C@@H]3CCCO3)C[C@@H]4CCCO4)F
dude_tryb1__L007335,CCc1c(c(n(n1)c2ccccc2)Oc3ccc(cc3)F)C[NH+](CC4CC4)C[C@H](COCC=C)O
dude_tryb1__L007336,Cc1c(c(n(n1)C(C)C)C)/C=N/Nc2nnc(n2N)SCC(=O)NC(C)C
dude_tryb1__L007337,c1ccc(c(c1)CNC(=O)C(=O)NC[C@@H](c2cccs2)S(=O)(=O)c3ccc4c(c3)OCCO4)Cl
dude_tryb1__L007338,C=CCn1c(nnc1SCC(=O)c2c(n(c(=O)[nH]c2=O)C3CC3)N)COc4ccccc4F
dude_tryb1__L007339,C[C@@H](c1nncn1C)NS(=O)(=O)c2ccnc(c2)NN
dude_tryb1__L007340,C[C@@H](C(=O)Nc1c(ccs1)C(=O)N)[NH+](C)CC(=O)Nc2ccccc2Br
dude_tryb1__L007341,CCc1[nH]c(c([nH+]1)[C@H]2[C@@H](NC[NH+]2[C@H]3c4ccccc4C[C@H]3O)c5ccccc5)C
dude_tryb1__L007342,C[C@H]1CCCC[C@H]1NC(=O)[C@@H](C)OC(=O)C2CCN(CC2)c3ccc4nnc(n4n3)C(F)(F)F
dude_tryb1__L007343,Cc1c(c(n(n1)[C@H]2CCS(=O)(=O)C2)C)N3CCN(CC3)S(=O)(=O)c4ccc5c(c4)OCCO5
dude_tryb1__L007344,C[C@H]([C@@H](c1cc(cs1)Br)[NH+](CCO)CCO)[NH3+]
dude_tryb1__L007345,c1cc(ccc1CS(=O)(=O)c2nnc(o2)CNS(=O)(=O)[C@H]3CS(=O)(=O)C[C@H]3O)Cl
dude_tryb1__L007346,c1cc(ccc1c2ccc(cc2O)O)c3cc(n[nH]3)Nc4ccc(nc4)C[NH2+]CC5CC5
dude_tryb1__L007347,Cc1cccc(c1)n2cc(c(n2)c3cccc(c3)F)C[NH+]4CCC[C@H](C4)C(=O)N
dude_tryb1__L007348,CC[NH+]1CCC[C@@H]1CNC(=O)CCC2CC[NH+](CC2)Cc3[nH]cc(n3)C
dude_tryb1__L007349,Cc1cc(=O)c(nn1c2ccccc2F)C(=O)N(C)CC(=O)Nc3ccc(cc3)OC(F)(F)F
dude_tryb1__L007350,CCOc1ccccc1C[NH+]2CCNC(=O)[C@@H]2CC(=O)NCc3[nH]cc([nH+]3)C
dude_tryb1__L007351,CCCCN(CC)S(=O)(=O)c1ccc(cc1)C(=O)Nc2nc(c(s2)C(=O)OC)C
dude_tryb1__L007352,CCCN(CC)[C@@H](C[NH3+])c1cc(c(o1)Br)Br
dude_tryb1__L007353,Cc1c(c(n(n1)[C@H]2CCS(=O)(=O)C2)C)N3CCN(CC3)C(=O)C4CCN(CC4)S(=O)(=O)C
dude_tryb1__L007354,C[C@@H](C(=O)Nc1ccc(cc1Cl)[N+](=O)[O-])OC(=O)c2ccccc2SCC(=O)N(C)C
dude_tryb1__L007355,CCN(CC)c1ccc(c(c1)O)/C=N/Nc2nnc(n2N)SCC(=O)Nc3ccc(cc3C)OC
dude_tryb1__L007356,CCC[C@H](C(=O)NC(C)(C)C)N(c1ccc(c(c1)OC)OC)C(=O)c2c(c(ns2)C(=O)N)N
dude_tryb1__L007357,C[C@H](c1nnc(o1)c2ccccc2)Nc3ccc(cc3)NS(=O)(=O)c4ccc5c(c4)OCCO5
dude_tryb1__L007358,Cc1cccn2c1nc(c(c2=O)/C=C/3\C(=O)N(C(=S)S3)CC=C)N4CCN(CC4)CCO
dude_tryb1__L007359,CCN(CC)c1ccc(c(c1)O)/C=N/Nc2[nH]nc(n2)SCC(=O)Nc3cc(ccc3Cl)Cl
dude_tryb1__L007360,COc1cc(cc(c1OC)OC)[C@H]2CC3=C([C@H](n4c(nc(n4)C(F)(F)F)N3)c5ccncc5)C(=O)C2
dude_tryb1__L007361,CCCCCCOc1cc(c(cc1[C@@H](CC(=O)N)[NH3+])OCCCCCC)[C@H](CC(=O)N)[NH3+]
dude_tryb1__L007362,CCC[NH2+][C@](C)(CCCC[NH+](C)C1CCCCC1)C(=O)N
dude_tryb1__L007363,CC(C)Cn1c(nnc1SCC(=O)Nc2c(c3c(s2)CCCC3)C(=O)N)c4ccc(cc4)OC
dude_tryb1__L007364,CCOc1ccc(cc1OC)/C=C\2/C(=O)N(C(=O)S2)CCNC(=O)c3ccoc3C
dude_tryb1__L007365,CC(C)CC(=O)NNC(=O)[C@@H](CCSC)NS(=O)(=O)c1ccc2c(c1)OCCO2
dude_tryb1__L007366,CCC[NH2+][C@@](C)(CCCC[NH+]1[C@@H](CCC[C@@H]1C)C)C(=O)N
dude_tryb1__L007367,CC(C)C[NH+](Cc1[nH]c(=O)c2c(csc2n1)c3ccc(c(c3)OC)OC)C[C@@H](COC(C)C)O
dude_tryb1__L007368,c1cc(c(cc1Br)Cl)NC(=O)NC2CC[NH+](CC2)CC(F)F
dude_tryb1__L007369,Cc1c(c(c(c(c1O)C(=O)C)O)Cc2c(c3c(c(c2O)C(=O)/C=C\c4ccccc4)OC(C=C3)(C)C)O)O
dude_tryb1__L007370,CCCCN1c2ccccc2[C@]3(C1=O)C(=C(C(=O)N3CC[NH+](C)C)[O-])C(=O)c4ccc(cc4)OCC
dude_tryb1__L007371,Cn1cc(c(=O)n(c1=O)C)S(=O)(=O)N2CCCN(CC2)c3ccc(cn3)C(F)(F)F
dude_tryb1__L007372,c1cc(ccc1CS(=O)(=O)c2nnc(o2)CCCNS(=O)(=O)[C@H]3CS(=O)(=O)C[C@H]3O)F
dude_tryb1__L007373,CCc1c(c(c(s1)N[C@](C(=O)OCC)(C(F)(F)F)NC(=O)OCC)C(=O)OCC)c2ccccc2
dude_tryb1__L007374,c1cc2c(cc1C(=O)COC(=O)Cn3cc(ccc3=O)C(F)(F)F)NC(=O)CO2
dude_tryb1__L007375,CC[NH+]1[C@H](NN[C@@H]1SCC(=O)N/N=C/C2=c3ccccc3=[NH+]C2)c4ccc(cc4)OC
dude_tryb1__L007376,CC(C)(C)NC(=O)[C@@H](c1c(cc(cc1O)O)O)N(c2ccccc2Cl)C(=O)c3c(cccc3O)O
dude_tryb1__L007377,CCn1c(nnc1SCC(=O)Nc2cc(ccc2C)F)CN(c3ccc(cc3)F)S(=O)(=O)C
dude_tryb1__L007378,c1cnc(nc1)[N-]S(=O)(=O)c2ccc(cc2)NC(=O)c3csc(n3)c4cnccn4
dude_tryb1__L007379,C[C@@H]([C@H]1[C@@H]2[C@@H](C(=O)N(C2=O)Cc3ccc(cc3)OC)[C@@]4([NH2+]1)c5cccc(c5NC4=O)Cl)O
dude_tryb1__L007380,Cc1ccc(cc1)c2nnc(n2N)SCC(=O)N3[C@@H](CC(=N3)c4ccco4)c5ccco5
dude_tryb1__L007381,Cc1nnc(s1)NC(=O)CSc2nnc(s2)NC(=O)[C@H]3CC(=O)N(C3)c4ccc(cc4)F
dude_tryb1__L007382,Cc1ccc(cc1)S(=O)(=O)CNC(=O)[C@H](c2ccco2)N(Cc3ccco3)C(=O)c4ccc(cc4)O
dude_tryb1__L007383,CC1([C@H](N2[C@H](S1)c3ccc(c(c3C2=O)OC)OC)C(=O)NCCCN4CCOCC4)C
dude_tryb1__L007384,CC(C)CNC(=O)C(=O)NC[C@@H](c1ccco1)S(=O)(=O)c2ccc3c(c2)OCCO3
dude_tryb1__L007385,C[C@@H]1C[C@H](C[NH+](C1)Cc2ccccc2CN/C(=[NH+]\CCOC)/N)C
dude_tryb1__L007386,C=CCNc1nc(nc(n1)N2CCC(CC2)[NH2+][C@@H]3CC4c5ccccc5C3c6c4cccc6)NCC=C
dude_tryb1__L007387,COc1cccc(c1)NCc2nnc(n2C3CCCCC3)SCc4nc(nc(n4)N)N
dude_tryb1__L007388,CCCn1c2c(c(nc(n2)C(C)C)SC[C@@H](COCc3ccccc3Cl)O)c(=O)n(c1=O)C
dude_tryb1__L007389,CCCCCCN([C@@H](c1c(cc(cc1O)O)O)C(=O)NC(C)(C)C)C(=O)[C@H](c2ccccc2)OC
dude_tryb1__L007390,Cc1cc(on1)C(=O)N2CCN(CC2)C(=O)[C@@H](C)SCc3[nH]c(=O)c4c(c(sc4n3)C)C
dude_tryb1__L007391,CC[NH+](CC)[C@H](CC(C)C)CNC(=O)C(=O)Nc1cccc(c1C)C(=O)N
dude_tryb1__L007392,CCOc1ccccc1N([C@@H](c2ccc(cc2)OC)C(=O)NC(C)(C)C)C(=O)c3c(c(ns3)C(=O)N)N
dude_tryb1__L007393,Cc1c(c(on1)C)S(=O)(=O)N2CCN(CC2)CC(=O)N([C@H]3CCS(=O)(=O)C3)C4CC4
dude_tryb1__L007394,C[C@@H](C(=O)Nc1cc(ccc1C(=O)OC)C(=O)OC)N(c2ccc(cc2)Cl)S(=O)(=O)C
dude_tryb1__L007395,CCCOc1ccc(cc1OC)[C@@H]2C(=C(C(=O)N2CC[NH+](C)C)[O-])C(=O)c3ccco3
dude_tryb1__L007396,CC(C)[NH2+]C[C@@H](COc1ccccc1c2ccccc2OC[C@H](C[NH2+]C(C)C)O)O
dude_tryb1__L007397,COc1ccccc1CCC(=O)NCCc2nnc(n2c3ccc(cc3)F)SC[C@@H](CO)O
dude_tryb1__L007398,CCOc1ccc(cc1)/C=N/[NH+]=C/2\N[C@H](N=N2)SCC(=O)N[C@H]3[C@@H](C4=C(S3)CCC4)C#N
dude_tryb1__L007399,C[C@@]1(CS(=O)(=O)C[C@H]1S(=O)(=O)[O-])NC(=O)CC[N+]23CCN(CC2)CC3
dude_tryb1__L007400,CCN(CC(=O)N[C@@H]1CCS(=O)(=O)C1)C(=O)CSc2nnc(n2N)c3ccc(cc3)F
dude_tryb1__L007401,CCOc1ccc(cc1OC)/C=N\NC(=O)COCC(=O)N/N=C/c2ccc(c(c2)OC)OCC
dude_tryb1__L007402,COc1ccc(cc1)N(CC(=O)N/N=C/c2cc(c(c(c2)Br)OC)OC)S(=O)(=O)C
dude_tryb1__L007403,c1cc(c(cc1N[C@@H]2[C@@H]([C@@H]([C@@H]([C@@H](O2)CO)O)O)O)[N+](=O)[O-])Cl
dude_tryb1__L007404,CCCCCCC(=O)NCCC1=c2ccccc2=[NH+][C@H]1/C=C\3/C(=O)N=C(N(C3=O)c4ccc(cc4)C(C)C)[O-]
dude_tryb1__L007405,C[C@@H]1[C@H]([C@@H]([C@@H]([C@@H](O1)Nc2ccc(cc2)c3ccc(cc3)N[C@@H]4[C@@H]([C@@H]([C@@H]([C@@H](O4)C)O)O)O)O)O)O
dude_tryb1__L007406,Cc1cc(c(n1c2ccc(cc2)S(=O)(=O)N)C)C(=O)COC(=O)c3cccnc3OC
dude_tryb1__L007407,COc1ccc(cc1S(=O)(=O)NC[C@@H](c2ccco2)N3CCOCC3)N4C(=O)CCS4(=O)=O
dude_tryb1__L007408,Cc1cc(ccc1NC(=O)NC2CC[NH+](CC2)C)Sc3nc(cs3)C
dude_tryb1__L007409,C=CCn1cc(cn1)/C=N/Nc2nnc(n2N)SCC(=O)Nc3c(c4c(s3)CCCC4)C#N
dude_tryb1__L007410,CCOc1ccc(cc1OC)[C@H]2c3c(cc(n(c3=O)CCCn4ccnc4)C)OC(=C2C#N)N
dude_tryb1__L007411,CCN(CC(=O)NC(C)C)c1cc(cc(c1)S(=O)(=O)N)N
dude_tryb1__L007412,Cc1cc(ccc1NC(=O)CSc2nc([nH]n2)N/N=C/c3cc(ccc3O)Br)Cl
dude_tryb1__L007413,CCc1ccc2c(c1)cc(c(=O)[nH]2)[C@@H](c3nnnn3C[C@H]4CCCO4)N5CCN(CC5)c6ccccc6F
dude_tryb1__L007414,Cc1ccc(cc1)c2cc(c3c(nn(c3n2)[C@H]4CCS(=O)(=O)C4)C)C(=O)NCCN5CCOCC5
dude_tryb1__L007415,C[C@@H]1C(=C(NO1)C)S(=O)(=O)N2CCN(CC2)CC3=NC(=O)C4=C(CSC4=N3)c5cccs5
dude_tryb1__L007416,CCCN1C(=O)/C(=C/c2c(nc3ccc(cn3c2=O)C)N4CCN(CC4)CCO)/SC1=S
dude_tryb1__L007417,CC(C)S(=O)(=O)c1ccc(cc1)c2nnc(o2)NC(=O)c3ccc(cc3)S(=O)(=O)C
dude_tryb1__L007418,Cc1c(c2ccccc2[nH]1)C(=O)[C@H](C)OC(=O)c3ccc(c(c3)S(=O)(=O)N4CCOCC4)F
dude_tryb1__L007419,CCc1ccc2c(c1)c(=O)cc(o2)C(=O)Nc3ccc(cc3)S(=O)(=O)Nc4nccc(n4)C
dude_tryb1__L007420,C[C@@H](C(C)C)NC(=O)[C@H]1CS[C@@H](N1C(=O)c2cc(c(c(c2)OC)OC)OC)c3ccc(c(c3)OC)OC
dude_tryb1__L007421,c1ccc(cc1)[C@H](c2nnc(o2)c3ccc(cc3)I)[NH3+]
dude_tryb1__L007422,CCOc1cc(ccc1OCC(=O)N(Cc2[nH]c(=O)c3ccccc3n2)C(C)C)C#N
dude_tryb1__L007423,CCOCCCN1C(=O)/C(=C\c2c(nc3ccccn3c2=O)N4CCC(CC4)C(=O)N)/SC1=S
dude_tryb1__L007424,COc1ccc(cc1)N2CC[NH+](CC2)Cc3nc(nc(n3)Nc4cc(ccc4OC)Cl)N
dude_tryb1__L007425,COc1cccc(c1OC)[C@H]2c3c(c4ccccc4[nH]3)C[C@@H]5N2C(=O)CN(C5=O)CCCn6ccnc6
dude_tryb1__L007426,Cc1cc(n(n1)CCNC(=O)[C@@H]2CN(CC23CC[NH2+]CC3)C(=O)[C@@H]4CCCN4C(=O)C(F)(F)F)C
dude_tryb1__L007427,C1[C@H]2[C@@H]([C@@H](S1)CCCCC(=O)NCCNC(=O)[C@H](CS)[NH3+])NC(=O)N2
dude_tryb1__L007428,CC(C)[C@@]12CN(CC[C@@](C1=O)(CN(C2)C(=O)[C@@H]3CC(=O)OC3(C)C)C)C(=O)[C@@H]4CC(=O)OC4(C)C
dude_tryb1__L007429,Cc1ccc(cc1)S(=O)(=O)CNC(=O)[C@H](c2ccccc2O)N(Cc3ccco3)C(=O)c4cccnc4
dude_tryb1__L007430,C[C@@H](C(=O)c1ccc(cc1)NS(=O)(=O)C)Sc2nnc(n2C[C@@H]3CCCO3)CCC(=O)N
dude_tryb1__L007431,COc1ccc2c(c1)cc(c(=O)[nH]2)[C@H](c3nnnn3C[C@H]4CCCO4)N5CCN(CC5)c6ccccc6F
dude_tryb1__L007432,CCNC(=O)N[C@H]1CC[C@@]2(CC[C@@H]([C@@H]([C@H]2[C@@H]1C)O)[C@H](C)C(=O)NCC[NH+]3CCCC3)C
dude_tryb1__L007433,CC[NH+](CC)C[C@@H](COc1ccc(cc1OC)C[NH2+]CCSC)O
dude_tryb1__L007434,Cc1ccc(cc1)N(C[C@H](C[NH+](Cc2ccccc2)Cc3ccccc3)O)S(=O)(=O)c4ccc(cc4)[N+](=O)[O-]
dude_tryb1__L007435,CCCC[NH+](CCCC)CCCN1[C@@H](c2c(=O)c3cc(ccc3oc2C1=O)F)c4ccc(c(c4)OCC)O
dude_tryb1__L007436,COc1cc(ccc1OCC#C)/C=N\[NH+]=C(\c2c(non2)N)/N
dude_tryb1__L007437,c1cc(ccc1N2C(=O)/C(=C/NCCCN3CCOCC3)/C(=O)NC2=O)Br
dude_tryb1__L007438,CCCCN([C@@H]1CCS(=O)(=O)C1)C(=O)CN2C(=O)[C@@]3(CCCc4c3ccs4)NC2=O
dude_tryb1__L007439,C[C@H](C(=O)Nc1cccc(c1)S(=O)(=O)N)[NH+]2CCCN(CC2)c3ccc(cn3)C(F)(F)F
dude_tryb1__L007440,Cc1cc(n2c(n1)nc(n2)SC[C@H](COCc3ccc4c(c3)OCO4)O)C
dude_tryb1__L007441,COc1cc(c(cc1OC)Br)[C@H](c2cc(cnc2)Br)[NH3+]
dude_tryb1__L007442,CCn1cc(cn1)/C=N/Nc2[nH]nc(n2)SCC(=O)NNC(=O)c3ccccc3
dude_tryb1__L007443,C[C@H](COc1ccc(cc1)[C@@H]2[C@@H](Sc3cc(ccc3O2)O)c4ccc(cc4)O)[NH+]5CCCC5
dude_tryb1__L007444,c1cc2c(cc1S(=O)(=O)N(Cc3cc4cc5c(cc4[nH]c3=O)OCCO5)C[C@H]6CCCO6)OCCO2
dude_tryb1__L007445,CCOC(=O)C1=C(NC(=O)N[C@H]1c2ccc(o2)C)COC(=O)CCC(=O)c3ccc4c(c3)CCC4
dude_tryb1__L007446,C[C@H](C(=O)N1CCN(CC1)C(=O)C)NC(=O)c2cc3n(n2)CCCN(C3=O)Cc4ccc(cc4)F
dude_tryb1__L007447,CC(=O)N[C@H]1[C@@H]([C@@H]([C@@H](O[C@@H]1Oc2ccc3c(c2)sc(=O)o3)COC(=O)C)OC(=O)C)OC(=O)C
dude_tryb1__L007448,C[C@@H](C(=O)NCCc1n[nH]c(=S)n1C2CC2)N3C(=O)C4(CCCC4)NC3=O
dude_tryb1__L007449,CC[C@H](C(=O)Nc1ccccc1)Sc2nnc(n2CC=C)[C@@H](C(C)C)NC(=O)c3ccc(cc3)OC
dude_tryb1__L007450,CCOCCOc1ccccc1C(=O)NC(=S)Nc2cccc(c2)C(=O)N[C@@H](C)c3ccccc3
dude_tryb1__L007451,CC(C)C[C@@H](c1nnc(o1)S(=O)(=O)C)NS(=O)(=O)C2=CCS(=O)(=O)C2
dude_tryb1__L007452,CC[NH+](CC)C[C@@H](CNc1c2c(ncn1)n(cn2)Cc3ccc(cc3)S(=O)(=O)N)O
dude_tryb1__L007453,CCOc1cc(cc(c1OCc2ccc(cc2)Cl)Cl)C[NH2+]CC[NH2+]CCO
dude_tryb1__L007454,Cc1ccc(cc1C(=O)N)NC(=O)C(=O)NC[C@@H](c2ccco2)[NH+](C)C
dude_tryb1__L007455,CCCCCCn1c(=O)c2ccccc2c(n1)C(=O)N(CC(C)C)c3c(n(c(=O)[nH]c3=O)CCCC)N
dude_tryb1__L007456,C[C@@H](c1nnc(o1)S(=O)(=O)C)NS(=O)(=O)[C@H]2CS(=O)(=O)C[C@@H]2O
dude_tryb1__L007457,CCCCCCN([C@@H](CCCCC)C(=O)NC(C)(C)CC(C)(C)C)C(=O)c1cccc(c1O)O
dude_tryb1__L007458,Cc1cccc(c1C)NC(=O)[C@H](C)[NH2+]CC2(CCOCC2)c3ccc(cc3)F
dude_tryb1__L007459,Cc1cccc(n1)Nc2c(c(nc[nH+]2)N3CCN(CC3)c4cccc(c4)Cl)N
dude_tryb1__L007460,CC(=O)O[C@H]1[C@H]([C@H]2[C@@]([C@H](CCC2(C)C)O)([C@]3([C@]1(O[C@](CC3=O)(C)C=C)C)O)C)OC(=O)CC[NH+](C)C
dude_tryb1__L007461,C[C@H]1c2ccc(c(c2OC(=O)[C@@H]1CC(=O)NCCC3=c4cc(ccc4=[NH+]C3)Cl)O)O
dude_tryb1__L007462,c1ccc(cc1)C[P@]2(=O)N[NH+]3C[C@@H]4C=C(C(=C[C@@H]4C[C@@H]3CO2)F)c5ccccc5O
dude_tryb1__L007463,COc1cc(ccc1O)C[C@@H](CO)[C@H](Cc2ccc(c(c2)OC)O)CO[C@H]3[C@H]([C@@H]([C@@H]([C@@H](O3)CO)O)O)O
dude_tryb1__L007464,CCC[C@H](C[NH+](CCOC)Cc1c(nn(c1Oc2ccccc2F)c3ccccc3)C(C)C)O
dude_tryb1__L007465,CC(C)(CO)[C@@H](C(=O)NCCC(=O)NCCSSCCNC(=O)CCNC(=O)[C@H](C(C)(C)CO)O)O
dude_tryb1__L007466,Cc1nc2n(n1)c(c(s2)[C@H](c3cccc(c3)Cl)[NH+]4CCC(CC4)C(=O)N)O
dude_tryb1__L007467,CC(=CCS[C@H]1NN[C@H](O1)[C@H](CC2=c3ccccc3=[NH+]C2)[NH3+])C
dude_tryb1__L007468,c1c(cc(c(c1O)O)O)c2c(c(=O)c3c(cc(cc3o2)O)O)O[C@H]4[C@@H]([C@H]([C@@H](O4)CO)O)O
dude_tryb1__L007469,CCOC(=O)c1c2c(sc1NC(=O)CSc3ccc(cc3)NC(=O)C)C([NH2+]C(C2)(C)C)(C)C
dude_tryb1__L007470,Cc1nnc(s1)NC(=O)CSc2nnc(n2N)N/N=C/c3cc(c(c(c3)OC)OC)OC
dude_tryb1__L007471,C[C@H](CNC(=O)CSc1ccc(cc1[N+](=O)[O-])C(=O)N)[NH+]2CCCC2
dude_tryb1__L007472,Cn1cncc1CN2c3ccc(cc3C[C@@H](C2=O)NS(=O)(=O)c4ccccn4)Br
dude_tryb1__L007473,CCc1cccc(c1NC(=O)CSc2nnc(n2CC)CNC(=O)/C=C/c3ccc(c(c3)OC)OC)C
dude_tryb1__L007474,c1ccn2c(c1)nc(c(c2=O)/C=C\3/C(=O)N(C(=S)S3)C[C@H]4CCCO4)NC[C@H]5CCCO5
dude_tryb1__L007475,CC[NH+](CC)CCCNC(=S)NNC(=O)c1ccc(o1)COc2ccc(cc2Cl)Br
dude_tryb1__L007476,Cc1c(c(n(n1)c2ccccc2)Oc3ccc(cc3)F)C[NH2+]CCCc4c(c([nH]n4)N)C#N
dude_tryb1__L007477,CC(C)CNC(=O)CSc1nc([nH]n1)N/N=C/c2ccccc2OCc3cccc(c3)Br
dude_tryb1__L007478,Cc1cc(c(cc1C)N[C@H]2[C@H]([C@@H]([C@@H]([C@@H](O2)CO)O)O)O)N[C@H]3[C@H]([C@@H]([C@@H]([C@@H](O3)CO)O)O)O
dude_tryb1__L007479,CCOc1ccc(cc1S(=O)(=O)NCCc2ccccc2F)N3C(=O)[C@H](CS3(=O)=O)C
dude_tryb1__L007480,c1ccc2c(c1)ccn2C[C@@H](C[NH+](CCO)C[C@@H](Cn3c4ccccc4c5c3CCCC5)O)O
dude_tryb1__L007481,c1cc(ccc1N[C@@H]2[C@H]([C@@H]([C@@H](O2)CO)O)O)S(=O)(=O)N
dude_tryb1__L007482,CC(C)CC(=O)N[C@@H](Cc1ccc(cc1)O)C(=O)N[C@@H](C(C)C)C(=O)N[C@H](Cc2ccc(cc2)O)C=O
dude_tryb1__L007483,CCOC(=O)[C@@H]1CC[C@]2([C@@]1(C[C@H]([C@@H]3[C@@H]2CC[C@@]4([C@@]3(C=CC(=O)C4)COC(=O)C)O)OC(=O)C)C)O
dude_tryb1__L007484,c1ccc(c(c1)[C@@H](C[NH3+])Sc2nc(cc(n2)N)N)Br
dude_tryb1__L007485,C[C@@H](CNc1nc(c(c(n1)Nc2cccc3c2nccc3)[N+](=O)[O-])N)O
dude_tryb1__L007486,C[C@H](C(=O)NCCN1C(=O)/C(=C\c2ccc3c(c2)OCO3)/SC1=O)N4C(=O)c5ccccc5C4=O
dude_tryb1__L007487,c1ccc2c(c1)cnnc2N/N=C(\CO)/[C@H]([C@@H]([C@@H](CO)O)O)O
dude_tryb1__L007488,C[C@H](c1c(cc(cn1)c2cc(cc(c2c3nnn(n3)C)F)Cl)F)NC(=O)[C@]4(CC[S@@](=O)C4)O
dude_tryb1__L007489,COc1cc(cc(c1OC)OC)/C=C/C(=O)N2CCN(CC2)S(=O)(=O)c3cc(cs3)C(=O)[O-]
dude_tryb1__L007490,C[C@@H](C(=O)Nc1cc(cc(c1OC(F)F)Br)Cl)[NH2+]C
dude_tryb1__L007491,Cc1nnc(s1)SCc2cc(ccc2OC)/C=N/[NH+]=C(/c3c(non3)N)\N
dude_tryb1__L007492,Cc1cc(cc(c1)S(=O)(=O)NC2CCS(=O)(=O)CC2)N
dude_tryb1__L007493,Cn1c2c(c(=O)n(c1=O)C)n(cn2)CC(=O)Nc3cc(ccc3N4CCOCC4)C(F)(F)F
dude_tryb1__L007494,Cc1c(c(n(n1)CC(=O)N[C@H]2CCS(=O)(=O)C2)C)S(=O)(=O)N(C)Cc3ccco3
dude_tryb1__L007495,CCS(=O)(=O)c1ccc(cc1)c2cc(no2)C(=O)Nc3ccc(cc3)S(=O)(=O)N4CCOCC4
dude_tryb1__L007496,c1cc(ccc1C#N)OC[C@@H](CN2CCN(CC2)S(=O)(=O)c3ccc(cc3)OC(F)(F)F)O
dude_tryb1__L007497,C[C@@H]1CC(=C(N1c2[nH]ncn2)C)C(=O)CSc3ccc(cn3)S(=O)(=O)N4CCCC4
dude_tryb1__L007498,Cc1c(c(on1)C)S(=O)(=O)N2CCCN(CC2)Cc3[nH]c(=O)c4ccc(cc4n3)C(F)(F)F
dude_tryb1__L007499,COc1ccc(cc1)[C@H](CNC(=O)C(=O)NC[C@H]2CCCO2)S(=O)(=O)c3cccs3
dude_tryb1__L007500,C[C@H](Cn1cc[nH+]c1)NC(=O)NCCNS(=O)(=O)c2ccc(cc2)[N+](=O)[O-]
dude_tryb1__L007501,Cc1ccccc1Nc2nc(nc(n2)N)C[NH+]3CCc4c(ccs4)[C@@H]3c5cccs5
dude_tryb1__L007502,CCCC[C@H](C(=O)N(C)CC1=NC(=O)[C@H]2C(=N1)C=CS2)NC3=NS(=O)(=O)c4c3cccc4
dude_tryb1__L007503,CCn1c2ccc(cc2nc1SCc3csc(n3)NC(=O)C)S(=O)(=O)N4CCOCC4
dude_tryb1__L007504,CCOc1ccc(cc1)[C@@H](CCC(=O)N/N=C\c2ccc(c(c2)CC=C)OCc3ccc(cc3)[N+](=O)[O-])O
dude_tryb1__L007505,CCc1nnc(s1)NC(=O)CSc2c3c(nc(n2)c4cccc(c4)F)n(c(=O)n(c3=O)C)C
dude_tryb1__L007506,c1ccc(c(c1)CNS(=O)(=O)c2cccc3c2nsn3)CS(=O)(=O)N4CCOCC4
dude_tryb1__L007507,COc1ccc(c(c1)O)C[NH+]2CCC[C@H](C2)c3c(cn[nH]3)c4ccc(cc4F)F
dude_tryb1__L007508,c1ccc2c(c1)C(=O)N([C@@H](N2)SCC(=O)C3=CN=C(C3)C(=O)N4CCCC4)c5ccc(cc5)C#N
dude_tryb1__L007509,CCOC(=O)c1c2c(sc1NC(=O)[C@@H](C)Sc3nc4ccccn4c(=O)n3)CCCC2
dude_tryb1__L007510,COCCNC(=O)[C@H](c1c[nH]c2c1cccc2)N(c3cccc(c3)OC)C(=O)c4c(c(ns4)C(=O)N)N
dude_tryb1__L007511,CS(=O)(=O)c1ccccc1CN2CCN(CC2)CC3=NS(=O)(=O)c4cccc(c4N3)F
dude_tryb1__L007512,C[C@@H]1[C@@H]([C@H]([C@H]([C@@H](O1)OC[C@@H]2[C@H]([C@@H]([C@H]([C@@H](O2)Oc3cc(c4c(c3)O[C@@H](CC4=O)c5ccc(c(c5)O)OC)O)O)O)O)O)O)O
dude_tryb1__L007513,CC1(CC(CC([NH2+]1)(C)C)Nc2c(c(ncn2)Nc3ccccc3C(F)(F)F)N)C
dude_tryb1__L007514,C[C@H]1C(=c2cc(ccc2=[NH+]1)Cl)CCN(Cc3cc(c(c(c3)OC)OC)OC)C(=S)NCCOC
dude_tryb1__L007515,CN(C)S(=O)(=O)c1cccc(c1)c2nnc(n2N)SCc3cc(cc4c3OCOC4)Cl
dude_tryb1__L007516,C[NH+](C)[C@H](CNC(=O)NCc1ccc[nH+]c1N(C)C)c2cccc(c2)F
dude_tryb1__L007517,Cc1ccc(cc1C)N2C(=O)Nc3ccc(cc3[C@]2(C(=O)NCCC[NH+]4CCCC4)O)Br
dude_tryb1__L007518,CC(C)CCNC(=O)[C@@H](c1ccco1)N(c2ccc(cc2)F)C(=O)c3c(c(ns3)C(=O)N)N
dude_tryb1__L007519,COc1ccc(cc1)n2c(nnc2SCC(=O)Nc3ccc4cn[nH]c4c3)c5ccco5
dude_tryb1__L007520,c1cc(c(cc1Br)Br)NC(=O)C[NH+]2CCC[C@H]2CCCO
dude_tryb1__L007521,Cc1nnc(o1)CSc2nnc(s2)NC(=O)CSc3nc([nH]n3)N/N=C/c4ccccc4
dude_tryb1__L007522,Cc1c(c2ccccc2[nH]1)CCn3c4c(c(=O)[nH]c3=O)C([NH+]=C(N4)c5cccs5)(C(F)(F)F)C(F)(F)F
dude_tryb1__L007523,CCN(c1cccc2c1cccc2)c3c(c([nH+]cn3)Nc4ccc(cc4OC)OC)N
dude_tryb1__L007524,[H]\N=C\1/C(=C/c2ccc(c(c2)OC)OCCOc3cc(ccc3C)C)/C(=O)N=C4N1OC(=C4)C
dude_tryb1__L007525,COc1ccc(cc1)[C@@H]2NN[C@H](N2c3ccc(cc3)OC)SCC(=O)N/N=C/C4=c5ccccc5=[NH+]C4
dude_tryb1__L007526,Cc1ccc(o1)[C@H](C(=O)NC2CCCC2)N(c3ccc(cc3)F)C(=O)c4c(c(ns4)C(=O)N)N
dude_tryb1__L007527,CSCC[C@@H](c1nc(cs1)C(=O)Nc2ccc(cc2)C(=O)c3ccc(cc3)N)[NH3+]
dude_tryb1__L007528,c1cc(oc1)/C=C/C(=O)N2CCN(CC2)S(=O)(=O)c3cc4c(cc3Cl)NC(=O)CO4
dude_tryb1__L007529,c1cc(oc1)[C@@H](CNC(=O)C(=O)NC[C@@H]2CCCO2)S(=O)(=O)c3ccc(cc3)Cl
dude_tryb1__L007530,C[N+]1(CCCC1)CC2CS[C@H](N=C2C(=O)[O-])[C@@H](C=O)NC(=O)/C(=N\OC)/c3csc(n3)N
dude_tryb1__L007531,C[C@H]1[C@H]2[C@@H](C(=O)N2C(=C1S[C@@H]3C[C@@H]([NH2+]C3)C(=O)N(C)C)C(=O)[O-])[C@@H](C)O
dude_tryb1__L007532,COc1ccc2c(c1)cc(c(=O)[nH]2)CN(Cc3cccnc3)S(=O)(=O)c4ccccc4Br
dude_tryb1__L007533,c1ccc(cc1)NNc2c(c([nH+]cn2)Nc3ccccc3Br)N
dude_tryb1__L007534,CC[C@@H](C)c1ccccc1OCC(=O)NNC(=S)NC(=O)c2ccccc2OCCC(C)C
dude_tryb1__L007535,Cc1c(sc(n1)NC(=O)[C@@H](C)Sc2nnc(n2CC=C)[C@H](CO)NC(=O)c3ccccc3F)C
dude_tryb1__L007536,Cc1cc(nc(n1)N/C(=N\C(=S)NCC=C)/Nc2cc(cc(c2)C(=O)OC)C(=O)OC)C
dude_tryb1__L007537,CC[C@H](c1nnnn1C2CCCC2)N(CCCO)Cc3cc4cc5c(cc4[nH]c3=O)OCCO5
dude_tryb1__L007538,CC(=O)O[C@H]1CC[C@]23[C@@H]4CC[C@@]5([C@H](CC[C@@H]5[C@@]4(CC[C@@]2(C1)O)O[C@@H]3OC(=O)C)C6=CC(=O)OC6)C
dude_tryb1__L007539,Cc1cc(n(n1)c2ccc(nn2)N3CCC[C@H](C3)C(=O)NCCc4ccc(cc4)S(=O)(=O)N)C
dude_tryb1__L007540,CC(C)n1cc(cn1)/C=N/Nc2nnc(n2N)SCC(=O)N3CCc4cc(c(cc4C3)OC)OC
dude_tryb1__L007541,[H]/N=C\1/C(=C\c2ccc(c(c2)Cl)OC(=O)c3ccco3)/C(=O)N=C4N1N=C(S4)S(=O)(=O)C
dude_tryb1__L007542,Cc1cc(nc(n1)N/C(=N/C(=O)CS[C@@H]2NN[C@@H](S2)C)/NCCc3c[nH]c4c3cc(cc4)OC)C
dude_tryb1__L007543,CCCCCCOc1ccc(cc1C(=O)NC(=S)NNC(=O)CCOCC)Br
dude_tryb1__L007544,Cc1ccc(cc1)[C@H](C(=O)NC(C)(C)C)N(c2ccc(cc2OC)OC)C(=O)c3c(c(ns3)C(=O)N)N
dude_tryb1__L007545,CCCC[C@@H](C(=O)N[C@H](CC(C)C)[C@@H](CC(=O)N[C@@H](C)C(=O)N[C@@H](CC(C)C)[C@@H](CC(=O)[O-])O)O)[NH3+]
dude_tryb1__L007546,Cc1ccccc1c2c(cccc2NC(=O)C[C@@H]3COc4c(cccn4)O3)C[NH2+][C@H](CCSC)C(=O)[O-]
dude_tryb1__L007547,CCCCn1c(nc2c1c(=O)[nH]c(=O)n2Cc3ccccc3)C[NH+]4CCN(CC4)c5ccc(cc5)O
dude_tryb1__L007548,c1ccc2c(c1)ccn2C[C@@H](C[NH+](CCO)C[C@@H](COc3ccc(cc3Cl)Cl)O)O
dude_tryb1__L007549,CCn1c(c(c(=O)[nH]c1=O)N(C)C[C@@H](COC)O)N
dude_tryb1__L007550,CCCN(C(=O)[C@H]1CC(=C2[NH+]1Cc3ccccc3N2)OC)S(=O)(=O)Oc4ccccc4
dude_tryb1__L007551,c1ccc(c(c1)N2CCN(CC2)c3c(c([nH+]cn3)Nc4ccc(cn4)Cl)N)F
dude_tryb1__L007552,Cc1c(c2c(cn1)CN(CC2)C(=O)C3=C[C@@H]4C(=CC=N4)C=C3)CNC(=O)c5ccc(o5)COC
dude_tryb1__L007553,C[C@@H](C(=O)Nc1c(c2c(s1)CCC2)C(=O)N)[NH+]3CCN(CC3)S(=O)(=O)c4ccccc4C#N
dude_tryb1__L007554,C[C@H](C(=O)NNC(=O)NCc1cccnc1n2cncn2)Oc3ccccc3F
dude_tryb1__L007555,CC(C)NC(=O)N(Cc1ccco1)Cc2cnc(n2C[C@H]3CCCO3)S(=O)(=O)Cc4ccc(cc4)F
dude_tryb1__L007556,c1ccc(cc1)N/N=C(\[C@@H]2C(=O)[NH+]=c3ccc(cc3=[NH+]2)Cl)/[C@@H]([C@@H](CO)O)O
dude_tryb1__L007557,CC[C@H](C)c1ccc(cc1)OCC(=O)NNC(=S)NC(=O)c2ccccc2OC(C)C
dude_tryb1__L007558,Cc1cc2c(c(=O)n1CCCN3CCOCC3)[C@H](C(=C(O2)N)C#N)c4ccc(c(c4)OC)OC
dude_tryb1__L007559,Cc1c2c(cc(nc2n(n1)[C@@H]3CCS(=O)(=O)C3)C4CC4)C(=O)OCC(=O)NCC(F)(F)F
dude_tryb1__L007560,CCN1C[C@H](Oc2c1cccc2)C[NH+](C)Cc3nc(nc(n3)Nc4ccccc4C)N
dude_tryb1__L007561,[H]/N=C\1/C(=C/c2ccc(cc2)OCCOc3ccc(cc3)C)/C(=O)N=C4N1N=C(S4)S(=O)(=O)CC
dude_tryb1__L007562,CC(C)Cn1c(nnc1S[C@@H](C(C)C)C(=O)NC(=O)N)CCC(=O)N
dude_tryb1__L007563,CN(C)c1ccc(cc1)/C=N/Nc2nnc(n2N)SCC(=O)Nc3ccc(cc3)OC(F)(F)F
dude_tryb1__L007564,CCc1cc(c(s1)NC(=S)NNC(=O)C2CC[NH+](CC2)Cc3ccc(cc3Cl)F)C(=O)OC
dude_tryb1__L007565,COC(=O)C1=C2CCN(C[C@@H]2S[C@@H]1S(=O)(=O)NCC=C)C[C@@H]3C=NN=C3c4ccccc4
dude_tryb1__L007566,CCOCCCN1C(=O)/C(=C/c2c(nc3c(cccn3c2=O)C)N4CCC(CC4)C(=O)N)/SC1=S
dude_tryb1__L007567,Cc1ccc(c(c1)S(=O)(=O)[C@H](CNC(=O)C(=O)N(C)[C@H]2CCS(=O)(=O)C2)c3cccs3)C
dude_tryb1__L007568,c1ccc(c(c1)CS(=O)(=O)c2nnc(o2)CNS(=O)(=O)C3=CCS(=O)(=O)C3)F
dude_tryb1__L007569,CCOC(=O)C1=C(NC(=O)N[C@@H]1c2cccc(c2OC)OC)CN3CC[NH+](CC3)C
dude_tryb1__L007570,CCOc1ccc(cc1)C2=NN=C3[C@H]2[C@H](C(=C(O3)N)C#N)c4cc(c(cc4OC)OC)OC
dude_tryb1__L007571,Cc1ccc(o1)c2nnn(n2)CC(=O)N(Cc3ccccc3Cl)[C@@H](c4ccco4)C(=O)NC[C@H]5CCCO5
dude_tryb1__L007572,O=C(NCc3ccc(C(=O)OCN2C(=O)c1ccccc1S2(=O)=O)cc3)Oc4ccccc4
dude_tryb1__L007573,CCC(CC)[NH+](CCO)C[C@H]1C[C@@H](CC[C@@H]1[NH3+])C(C)C
dude_tryb1__L007574,c1ccnc(c1)NS(=O)(=O)c2ccc(cc2)Nc3c4ccc(cc4nc5c3c(nc([nH+]5)N)N)Cl
dude_tryb1__L007575,c1cc2c(cc1Nc3nc(nc(n3)N)C[NH+]4CCC(CC4)C(=O)N)OCCO2
dude_tryb1__L007576,CC(C)[C@H](C(=O)NCCN1C(=O)/C(=C/c2ccc(c(c2)OC)OC(F)F)/SC1=O)NC(=O)C
dude_tryb1__L007577,c1cc(c(cc1C(F)(F)F)[N+](=O)[O-])NCCCCNc2ccc(cc2[N+](=O)[O-])C(F)(F)F
dude_tryb1__L007578,Cc1c2c(=O)[nH]c(nc2sc1C(=O)OC(C)C)C[NH+](C[C@H](COCc3ccco3)O)CC(C)C
dude_tryb1__L007579,c1cc(ccc1c2c(=O)c3ccc(c(c3oc2C(F)(F)F)C[NH+]4CCN(CC4)CCO)O)Cl
dude_tryb1__L007580,CC[C@@H](C)NC(=O)CCn1c(=O)c2ccccc2n3c1nnc3SCC(=O)N
dude_tryb1__L007581,c1cc(ccc1S(=O)(=O)N2CCC[C@@H](C2)C(=O)OCC(=O)NC3(CCCC3)C#N)Cl
dude_tryb1__L007582,c1ccnc(c1)/C=c/2\c(=O)n(/c(=C(\C#N)/C(=O)NCCN3CCOCC3)/s2)c4ccc(cc4)F
dude_tryb1__L007583,c1ccc(c(c1)C[NH2+][C@@H]2c3cc(ccc3NC2=O)Br)Br
dude_tryb1__L007584,CC[C@]1(C(=O)N(C(=O)N1)NC(=O)CSc2nnc(n2c3ccccc3C)C)c4ccccc4
dude_tryb1__L007585,CC[NH+](CC)CCCNC(=S)N(CC[NH+]1CCOCC1)Cc2cc3cc(cc(c3[nH]c2=O)C)C
dude_tryb1__L007586,c1ccc2c(c1)ccc3c2nc(cc3[C@@H]([C@H]4CCCC[NH2+]4)O)c5ccc(cc5)Cl
dude_tryb1__L007587,C1[C@H]2[C@H]([C@@H]([C@@H](O[C@@H]2O1)CO)O[C@@H]3[C@@H]([C@@H]([C@@H]([C@@H](O3)CO)O)O)O)O
dude_tryb1__L007588,CN(CCc1c[nH]nc1)C(=O)c2cc(cc3c2n(cn3)Cc4ccc(cc4)F)NC(=O)COC
dude_tryb1__L007589,Cc1cccn2c1nc(c(c2=O)/C=C/3\C(=O)N(C(=S)S3)[C@@H]4CCS(=O)(=O)C4)NCCOC
dude_tryb1__L007590,COc1cc2c(cc1OC)CN3[C@H](C2)C(=O)N(C3=O)CCC(=O)NCCc4c[nH]c5c4cc(cc5)F
dude_tryb1__L007591,C[C@H](C[C@@H](N([C@H](C[C@@H](C)O)O)C(=S)N([C@H](C[C@@H](C)O)O)[C@H](C[C@@H](C)O)O)O)O
dude_tryb1__L007592,CNC(=O)[C@@H]1C[C@H](C[NH2+]1)n2cc(nn2)c3ccc(cc3)C[NH+]4CC[C@H](C4)O
dude_tryb1__L007593,Cc1cc2n(n1)C[C@@H](CN2)C[NH2+]Cc3ccc(cc3)OCC[NH+](C)C
dude_tryb1__L007594,CCOn1c2c(c3c(c1=O)cc(cn3)S(=O)(=O)C(C)C)N[C@H](CC2=O)S(=O)(=O)Oc4ccccc4
dude_tryb1__L007595,CCOc1cc(cc(c1OC)Cl)/C=C/C(=O)N2CCNC(=O)[C@H]2CC(=O)OC
dude_tryb1__L007596,C[C@H](C(=O)N1c2ccccc2NC(=O)C1(C)C)Sc3nnc(n3CCC(=O)N)c4ccco4
dude_tryb1__L007597,Cc1ccccc1N2[C@H](N[NH2+]N2)SCC(=O)N[C@@H](CC3=c4ccccc4=[NH+]C3)C(=O)[O-]
dude_tryb1__L007598,Cc1c(cco1)C(=O)NNC(=O)CCc2nc3cc(ccc3n2C)S(=O)(=O)N(C)C
dude_tryb1__L007599,CC[NH+](CC)CCCNC(=S)N(Cc1cccnc1)Cc2cc3cc(ccc3[nH]c2=O)OCC
dude_tryb1__L007600,CCCCn1c2ccc(cc2nc1C[NH2+][C@H](C)c3ccccc3Cl)S(=O)(=O)N
dude_tryb1__L007601,c1cc(oc1)CNc2c(c(nc(n2)NCCOCCO)N)[N+](=O)[O-]
dude_tryb1__L007602,Cc1c2c(=O)[nH]c(nc2sc1C(=O)OC)C[NH+](Cc3ccco3)C[C@H](COCc4ccco4)O
dude_tryb1__L007603,CCOc1ccc(cc1OCC)CCn2c3c(c(=O)[nH]c2=O)[C@](C(=O)N3)(C(F)(F)F)NC(=O)C
dude_tryb1__L007604,CN(C)S(=O)(=O)c1cccc(c1)C(=O)OCC(=O)Nc2c(ccs2)C#N
dude_tryb1__L007605,CC1=c2cc(ccc2=[NH+][C@@H]1c3ccc(cc3)F)CNC(=O)[C@@H]4CCCN(C4)C(=O)N
dude_tryb1__L007606,C[NH+]1CCN(CC1)[C@H]2[C@H](O[C@H]([C@H]2O)CO)C[NH2+]Cc3ccccn3
dude_tryb1__L007607,C[NH+](C)[C@H](CNC(=O)NNC(=O)[C@H]1CCS(=O)(=O)C1)c2ccsc2
dude_tryb1__L007608,CCOC(=O)CCNC(=O)[C@H]1CN(CC12CC[NH2+]CC2)C(=O)c3cnc4c(c3Cl)c(nn4C)C
dude_tryb1__L007609,CCC[C@H](c1nnnn1Cc2ccco2)[NH+](CCCO)Cc3cc4cc(c(cc4[nH]c3=O)C)C
dude_tryb1__L007610,CC(C)(C)NC(=O)[C@H](c1c(cc(cc1O)O)O)N(c2ccccc2)C(=O)c3c(cccc3O)O
dude_tryb1__L007611,C[NH+](C)CCNC(=O)[C@@H]1C[C@H]([C@@H]([C@H]2[C@@H]1N(C(=S)N2)c3ccc(cc3)F)O)O
dude_tryb1__L007612,CCn1c(nnc1SCC(=O)Nc2cc(ccc2C)F)CNC(=O)/C=C/c3ccc(c(c3)OC)OC
dude_tryb1__L007613,Cc1ccc(cc1)S(=O)(=O)N[C@H](Cc2ccc(cc2)OS(=O)(=O)c3ccc(cc3)C)C(=O)NN
dude_tryb1__L007614,CCNC(=O)COc1ccc(cc1)NC(=O)[C@H](CCSC)NS(=O)(=O)c2ccc(cc2)C
dude_tryb1__L007615,Cc1c(c(n(n1)CC=C)C)/C=N/Nc2[nH]nc(n2)SCCC(=O)Nc3ccc(cc3)OC(F)(F)F
dude_tryb1__L007616,CC(C)[C@H](C(=O)OCc1c(c(sc1C(=O)OC)N)C(=O)OC)NC(=O)c2ccccc2F
dude_tryb1__L007617,COc1ccc(cc1)Nc2nc(cs2)C(=O)N(CCC(=O)NC[C@@H]3CCCO3)Cc4ccco4
dude_tryb1__L007618,CCCCCOc1ccc(cc1OC)[C@H]2c3ccc(cc3OC(=C2C#N)N)OC(=O)COc4ccc(cc4)C
dude_tryb1__L007619,c1cc(cc(c1)N/C(=N/c2ccc(cc2)CC[NH2+]C[C@@H](c3cccnc3)O)/NC#N)C(=O)N
dude_tryb1__L007620,CC[NH+](CC)CCNc1nc(c2c(n1)nc(c(n2)c3ccccc3)c4ccccc4)N
dude_tryb1__L007621,CCCCOC(=O)C[C@@H]1C(=O)NCCN1C(=O)CN2CCNC(=O)[C@@H]2CC(=O)OCC(C)C
dude_tryb1__L007622,C/C(=N/Nc1[nH]nc(n1)SCC(=O)NCc2cccc(c2OC)OC)/c3ccncc3
dude_tryb1__L007623,CN(C)c1ccc(cc1)[C@@H]2Nc3ccc(cc3C(=O)N2NC(=O)c4cc(c(c(c4)OC)OC)OC)Cl
dude_tryb1__L007624,CC(=O)/C(=N/Nc1cc(ccc1Cl)S(=O)(=O)Nc2ccc(c(c2)Br)OC)/C(=O)N
dude_tryb1__L007625,c1ccc2=[NH+][C@@H]3C(=c2c1)N=NC(=[NH+]3)N/N=C/c4ccc(c(c4O)O)O
dude_tryb1__L007626,C[C@@H](C(=O)Nc1ccc(cc1)NC(=O)C)OC(=O)c2ccc(c(c2)S(=O)(=O)N3CCOCC3)F
dude_tryb1__L007627,CCCSc1nnc(s1)NC(=O)CSc2nc([nH]n2)N/N=C/c3ccc(cc3)C(=O)OC
dude_tryb1__L007628,CCCN1c2ccccc2[C@]3(C1=O)C(=C(C(=O)N3CCC[NH+](C)C)[O-])C(=O)c4ccc(cc4)OCC
dude_tryb1__L007629,Cc1c(c(n(n1)c2ccccc2)C)CN(C)C(=O)[C@@H](C)NS(=O)(=O)c3ccc4c(c3)OCCCO4
dude_tryb1__L007630,CCCCn1c(c(c(=O)[nH]c1=O)N(CCC(C)C)C(=O)c2ccc(c(c2)OC)OCC)N
dude_tryb1__L007631,COc1cc(cc(c1OC)OC)C2=NN=C3[C@H]2[C@@]4(c5ccccc5N(C4=O)CC(=O)OC)C(=C(O3)N)C#N
dude_tryb1__L007632,C[C@H]1C[C@]2(CC(C1)(C)C)C(=O)N(C(=O)N2)CC(=O)N3CCC(CC3)C(=O)N4CCOCC4
dude_tryb1__L007633,Cc1ccc(cc1)N2C[C@@H](CC2=O)C(=O)OCC(=O)c3c(n(c(=O)n(c3=O)C)CC(C)C)N
dude_tryb1__L007634,Cc1ccc2c(c1)cc(c(=O)[nH]2)[C@@H](c3nnnn3C[C@@H]4CCCO4)N(Cc5ccco5)C[C@@H]6CCCO6
dude_tryb1__L007635,Cc1cccn2c1nc(c(c2=O)/C=C\3/C(=O)N(C(=S)S3)Cc4ccco4)N5CCN(CC5)CCO
dude_tryb1__L007636,CCOc1cccc(c1OCc2ccc(cc2)Cl)C[NH2+]CC[NH2+]C[C@H](C)O
dude_tryb1__L007637,CC[C@H](C)[C@H](C(=O)N1CCOCCOCCOCCOCC1)NS(=O)(=O)c2ccc(cc2)C
dude_tryb1__L007638,Cc1cc(cc(n1)Nc2ccc(c(c2)C[NH+]3CCCC3)O)Nc4ccc(c(c4)C[NH+]5CCCC5)O
dude_tryb1__L007639,Cc1c(cc(n1C[C@H]2CCCO2)c3csc(n3)c4cnccn4)C(=O)NC[C@@H]5CCCO5
dude_tryb1__L007640,CCn1cc(c(n1)C(=O)NC2CCCC2)NC(=O)[C@H]3CCCN(C3)S(=O)(=O)c4cnn(c4C)C
dude_tryb1__L007641,CC(=O)N[C@H]1c2cc(c[nH+]c2N([C@@H]1C(=O)OC)CCC3=c4ccccc4=[NH+]C3)NCc5ccco5
dude_tryb1__L007642,C[C@H]1[C@@H]([C@@H](C[C@@H](O1)O[C@@H]2C[C@](Cc3c2c(c4c(c3O)C(=O)c5ccccc5C4=O)O)(C(=O)C)O)[NH3+])O
dude_tryb1__L007643,Cc1ccc(c(c1)C)N([C@@H](c2ccc(cc2)F)C(=O)NC[C@H]3CCCO3)C(=O)c4c(c(ns4)C(=O)N)N
dude_tryb1__L007644,CC(=O)N[C@H]1[C@H]([C@@H]([C@@H](O[C@@H]1Oc2ccc(cc2)Br)COC(=O)C)OC(=O)C)OC(=O)C
dude_tryb1__L007645,c1ccc2=[NH+]CC(=c2c1)C[C@H]3N[C@@H](ON3)C(=O)NCCC4=c5cc(ccc5=[NH+]C4)Cl
dude_tryb1__L007646,COc1ccc(cc1)N2CCN(CC2)[C@@H](c3cc4cc(ccc4[nH]c3=O)OC)c5nnnn5C[C@@H]6CCCO6
dude_tryb1__L007647,C1CCC(C1)[NH+](CC(=O)NC(=O)NC2CC2)CC(=O)NC(=O)NC3CC3
dude_tryb1__L007648,C[C@@]1(C(=O)N(C(=O)N1)CC(=O)NCCC2=c3ccccc3=[NH+]C2)c4ccc5c(c4)OCCCO5
dude_tryb1__L007649,Cc1ccc(cc1)S(=O)(=O)CNC(=O)[C@H](c2ccc(c(c2)OC)OC)N(C=O)c3ccccc3Cl
dude_tryb1__L007650,COc1ccc(cc1)[C@@H]2C[C@H](NN2[C@@H]3CCS(=O)(=O)C3)C(=O)NCCC4[NH+]=c5ccccc5=[NH+]4
dude_tryb1__L007651,CCOC(=O)C1=C(NC(=O)N[C@H]1c2ccccc2OC)CN3CCC(CC3)(C(=O)N)[NH+]4CCCCC4
dude_tryb1__L007652,CSCC[C@H](C(=O)N1CCC2(CC1)c3c([nH+]c[nH]3)CCN2)NC(=O)Cc4ccc(cc4)F
dude_tryb1__L007653,CC[C@]1(C[C@@H](c2c(c(c3c(c2O)C(=O)c4c(cccc4O)C3=O)O)[C@H]1C(=O)OC)O)O
dude_tryb1__L007654,CCOC(=O)C1=C(NC(=O)N[C@H]1c2ccccc2)COC(=O)C(c3ccccc3)(c4ccccc4)O
dude_tryb1__L007655,[H]/N=C\1/C(=C/c2ccc(c(c2)OC)OC(=O)c3ccco3)/C(=O)N=C4N1N=C(S4)N5CCC(CC5)C
dude_tryb1__L007656,C[C@H]1[C@H]([C@@H](C[C@H](O1)O[C@@H]2C[C@](Cc3c2c(c4c(c3O)C(=O)c5ccccc5C4=O)O)(C(=O)C)O)[NH3+])O
dude_tryb1__L007657,Cc1cc(c2c(c1)cc(c(=O)[nH]2)[C@H](c3nnnn3CCOC)N(Cc4ccc(cc4)OC)Cc5ccco5)C
dude_tryb1__L007658,C[C@H](c1ccc(cc1)Oc2c(cc(cc2Br)[N+](=O)[O-])Br)[NH3+]
dude_tryb1__L007659,COc1ccc(cc1)Cn2c(nnn2)CN(Cc3cccnc3)Cc4cc5cc6c(cc5[nH]c4=O)OCCO6
dude_tryb1__L007660,CCOc1cc(cc(c1)OCC)C(=O)NC(=S)Nc2ccc(c(c2)OC)NC(=O)C(C)C
dude_tryb1__L007661,CCOc1cc(cc(c1OCC)OCC)C(=O)NNC(=O)c2cccnc2OCC(F)(F)F
dude_tryb1__L007662,Cc1nnnn1/C(=C\c2ccccc2)/C(=O)OCC(=O)NN=C(c3ccccc3)c4ccccc4
dude_tryb1__L007663,c1ccc2c(c1)/C(=C/NC[C@@H]3CCCO3)/C(=O)N(C2=O)c4ccc(cc4)S(=O)(=O)N5CCOCC5
dude_tryb1__L007664,c1nc2c(c(n1)N(CCC#N)C[C@@H]3CCCO3)ncn2[C@H]4[C@@H]([C@@H]([C@H](O4)C(=O)NC5CC5)O)O
dude_tryb1__L007665,c1ccc2=[NH+][C@H](C=c2c1)CCNC(=O)CNC(=O)c3c(cccn3)C(=O)NCC[C@@H]4C=c5ccccc5=[NH+]4
dude_tryb1__L007666,Cc1cc(c2c(c1)cc(c(=O)[nH]2)[C@@H](c3nnnn3C4CCCC4)N(Cc5ccco5)C[C@@H]6CCCO6)C
dude_tryb1__L007667,c1cc(ccc1N2C(=NC(=[NH+]C23CCC4(CC3)[NH+]=C(N=C(N4c5ccc(cc5)Cl)N)N)N)N)Cl
dude_tryb1__L007668,CCOc1ccc(cc1[N+](=O)[O-])C(=O)N(C)CC(=O)Nc2ccc(cc2C)Br
dude_tryb1__L007669,CCCCCN(c1c(n(c(=O)[nH]c1=O)CCCC)N)C(=O)CCCOc2ccccc2OCC
dude_tryb1__L007670,C[C@@H](C(=O)NC)NS(=O)(=O)c1ccc(c(c1)[N+](=O)[O-])NN
dude_tryb1__L007671,Cc1cc2cc(c(=O)[nH]c2cc1C)C[NH+](CCO)[C@H](c3nnnn3C[C@@H]4CCCO4)C(C)C
dude_tryb1__L007672,C[NH+](C)[C@H](CNC(=O)NCc1ccc[nH+]c1N(C)C)c2ccccc2Cl
dude_tryb1__L007673,C[C@@H]([C@](CCO[C@H]1[C@@H]([C@H]([C@@H]([C@H](O1)CO[C@@H]2[C@@H]([C@](CO2)(CO)O)O)O)O)O)(C(C)C)O)O
dude_tryb1__L007674,c1ccc(c(c1)N([C@H](c2ccc(cc2)O)C(=O)NC3CCCC3)C(=O)c4c(c(ns4)C(=O)N)N)F
dude_tryb1__L007675,CCN(CC)S(=O)(=O)c1ccc(cc1)N2C[C@H](CC2=O)C(=O)NC[C@@H]3COc4ccccc4O3
dude_tryb1__L007676,CCOc1ccc(cc1)N([C@@H](c2ccc(cc2)C)C(=O)NC3CCCC3)C(=O)c4c(c(ns4)C(=O)N)N
dude_tryb1__L007677,CCCCn1c(c(c(=O)[nH]c1=O)N(CC)C(=O)C[NH+]2CCC[C@@H]2Cc3ccccc3Cl)N
dude_tryb1__L007678,COC(=O)c1ccc(cc1)/C=N/Nc2nnc(n2N)SCC(=O)Nc3c(c4c(s3)CCC4)C#N
dude_tryb1__L007679,C[C@@H]([C@H](c1ccc(cc1)OC)O[C@@H]2[C@@H]([C@@H]([C@@H]([C@@H](O2)CO)O)O)O)O
dude_tryb1__L007680,CC[NH+]1CCN(CC1)c2ccc(cc2NC(=S)NC(=O)c3cc(cc(c3)OC)OC)C(=O)OC
dude_tryb1__L007681,CN(C)c1ccc(cc1)[C@H](C(=O)NC2CCCCC2)N(Cc3ccco3)C(=O)c4c(c(ns4)C(=O)N)N
dude_tryb1__L007682,CC[C@H](C)[C@@H](C(=O)[O-])NC(=O)C1CCC(CC1)CNC(=O)[C@H](CCSC)NC(=O)OC(C)(C)C
dude_tryb1__L007683,COCCn1c(c(c(=O)[nH]c1=O)C(=O)C[NH+]2CCC[C@H]2c3cccs3)N
dude_tryb1__L007684,CS(=O)(=O)N1CCc2c(c(nn2CCCN3CCOCC3)c4ccc(c(c4)SCCO)Cl)C1
dude_tryb1__L007685,C[C@@]1([C@@]([C@@]([C@@]([C@@](O1)(C)O[C@@]2([C@@](O[C@H]([C@]([C@]2(C)O)(C)O)O)(C)CO)C)(C)O)(C)O)(C)O)CO
dude_tryb1__L007686,COc1cc(cc(c1OC)OC)N2[C@@H](N[C@H]([C@@H](C2=O)[C@@H]3[C@@H]4C(=c5ccccc5=[NH+]4)CCN3)O)O
dude_tryb1__L007687,c1cc(ccc1/C=C\2/C(=O)N(C(=O)S2)CCNC(=O)CN3C(=O)[C@H]4[C@@H]5C[C@H]([C@H]4C3=O)C=C5)F
dude_tryb1__L007688,CCOc1ccccc1N2C(=O)/C(=C\NC[C@@H]3c4c(cc5c(c4OC)OCO5)CCN3C)/C(=O)NC2=O
dude_tryb1__L007689,c1cc(ccc1N2C(=O)/C(=C\NN3CCOCC3)/C(=O)NC2=O)I
dude_tryb1__L007690,CC(=O)N[C@@H]1CCc2cc(c(c(c2-c3c1cc(=O)c(cc3)S(=O)(=O)C)OC)OC)OC
dude_tryb1__L007691,C=CCc1cccc(c1O)/C=N/Nc2nnc(n2N)SCC(=O)Nc3nccs3
dude_tryb1__L007692,CN1c2ccccc2[C@@](C1=O)(c3c(c(c(c(c3OC)OC)[C@]4(c5ccccc5N(C4=O)C)O)OC)OC)O
dude_tryb1__L007693,Cc1ccc(cc1)CN2CCCn3c(cc(n3)C(=O)N[C@@H](C)C(=O)NCCN4CCOCC4)C2=O
dude_tryb1__L007694,COc1ccc(c(c1)CN2CCc3c(c(cc(=O)n3CC2)OC)C(=O)NCCCn4ccnc4)OC
dude_tryb1__L007695,Cc1ccc(cc1)[C@@H](C[N-]S(=O)(=O)Oc2ccccc2)[NH+]3CC[NH2+][C@@H](C3)c4ccccc4O
dude_tryb1__L007696,CCN(CC)c1ccc(c(c1)O)/C=N/Nc2[nH]nc(n2)SCC(=O)Nc3ccccc3SCC=C
dude_tryb1__L007697,c1ccc(c(c1)[N+](=O)[O-])SCCC(=O)N[C@@H]2[C@@H]([C@@H]([C@@H](O[C@@H]2O)CO)O)O
dude_tryb1__L007698,c1ccc(cc1)C(O)(C(=O)N/N=C/C=N/NC(=O)C(O)(c2ccccc2)c3ccccc3)c4ccccc4
dude_tryb1__L007699,Cc1ccc(cc1)NC(=S)N(CCN2CCOCC2)Cc3cc4cc(c(cc4[nH]c3=O)OC)OC
dude_tryb1__L007700,CC[C@@H](C)c1ccccc1O[C@@H](CC)C(=O)NNC(=O)CCC(=O)Nc2ccccc2Cl
dude_tryb1__L007701,c1cc(ccc1c2csc(n2)C3=C(N(CC3=O)NC(=O)c4ccc5c(c4)OCO5)N)Cl
dude_tryb1__L007702,CCc1ccc2c(c1)cc(c(=O)[nH]2)CN(CCC[NH+](CC)CC)C(=S)Nc3ccc(cc3)OCC
dude_tryb1__L007703,CC(=O)Nc1cc(cc(c1)NC(=O)C)C(=O)NC[C@@H](c2ccco2)[NH+](C)C
dude_tryb1__L007704,c1nc(c(c(n1)NCCCN2CCOCC2)N)NCCC[NH+]3CCOCC3
dude_tryb1__L007705,Cc1c(n(c(c1C#N)NC(=O)CSc2nnc(n2N)COc3ccccc3F)C[C@@H]4CCCO4)C
dude_tryb1__L007706,Cc1cc(c2cc(c(=O)[nH]c2c1)CN(CCC[NH+]3CCOCC3)C(=S)Nc4ccc(cc4)OC)C
dude_tryb1__L007707,[H]/N=C\1/C(=C/c2ccc(c(c2)OCC)OC(=O)c3ccc(cc3)C)/C(=O)N=C4N1N=C(S4)S(=O)(=O)C
dude_tryb1__L007708,COCC[NH+](Cc1[nH]c(=O)c2c(csc2n1)c3ccc(c(c3)OC)OC)C[C@@H](COC)O
dude_tryb1__L007709,c1ccc(cc1)[C@@H]2NN[C@H](N2c3ccc(cc3)Cl)SCC(=O)N/N=C/C4=c5ccccc5=[NH+]C4
dude_tryb1__L007710,c1ccc(cc1)C(c2ccccc2)(c3ccccc3)OC[C@H]4[C@H]([C@@H]([C@@H](O4)n5cnc6c5ncnc6N)O)O
dude_tryb1__L007711,C[C@@H](C(=O)Nc1ccc(cc1)S(=O)(=O)[N-]c2cc(ncn2)OC)Oc3ccc(cc3)OC
dude_tryb1__L007712,CCOC(=O)c1c2c(sc1NC(=O)CSc3nnc(s3)SCC(=O)N)C[C@@H](CC2)C
dude_tryb1__L007713,CCCCOc1cccc(c1)C(=O)NC(=S)Nc2ccc(cc2)NC(=O)[C@H](C)Oc3ccccc3Cl
dude_tryb1__L007714,Cc1ccc(c([nH+]1)Cn2c3cc(ccc3[nH+]c2NCCCN4CCOCC4)CNc5cc(cc(c5)C)C)[O-]
dude_tryb1__L007715,C[NH2+]Cc1cn(nn1)C[C@@H]2[C@H]([C@H]([C@@H](O2)CC(=O)NCc3cccs3)O)O
dude_tryb1__L007716,CN(C)c1ccc(cc1)NC(=S)NC[C@H]2C[C@H]3CC[NH+]2C[C@@H]3C[NH+]4CCCC4
dude_tryb1__L007717,CCCN(CCC)C(=O)CN1C(=O)[C@](NC1=O)(C)c2ccc3c(c2)OCCO3
dude_tryb1__L007718,CC(C)N/C(=[NH+]/C(C)C)/SCC(=O)N[C@H]1[C@@H]2N(C1=O)C(=C(CS2)COC(=O)C)C(=O)[O-]
dude_tryb1__L007719,CCOC(=O)c1c(c(sc1NC(=O)COC(=O)CSc2nc(cc(n2)C)C)C(=O)NC)C
dude_tryb1__L007720,COCC(=O)N[C@H]1c2cc(c[nH+]c2N([C@@H]1C(=O)OC)CCC3=c4ccccc4=[NH+]C3)NC5CCOCC5
dude_tryb1__L007721,C[C@@H](c1ccc(cc1Cl)Cl)NC(=O)[C@H](C)Sc2nnc(n2Cc3ccco3)CCC(=O)N
dude_tryb1__L007722,CN(CCCC(=O)Nc1cccnc1n2cccn2)S(=O)(=O)c3ccc(cc3)F
dude_tryb1__L007723,CCOc1ccc(cc1OC)/C=C/C(=O)Nc2c(c3c(s2)CC[C@H]3C(=O)OC)C(=O)OC
dude_tryb1__L007724,CC(C)S(=O)(=O)c1c(ccc(c1S(=O)(=O)c2ccccc2)[C@H](CC=O)NC=O)c3ccccc3O
dude_tryb1__L007725,Cc1ccc(o1)c2c(cn(n2)c3ccccc3)/C=C/C(=O)O[C@@H](C)C(=O)Nc4c(n(n(c4=O)c5ccccc5)C)C
dude_tryb1__L007726,C[NH+]1CCC(CC1)[NH2+]C[C@@H]2[C@@H]([C@@H]([C@@H](O2)CO)O)N3CCN(CC3)c4cccc(c4)C(F)(F)F
dude_tryb1__L007727,C[C@H](c1ccc(cc1)n2ccnc2)NC(=O)[C@H](C)NC3=NS(=O)(=O)c4c3cccc4
dude_tryb1__L007728,Cn1c2c(nc1Oc3ccc(cc3)C=C4C(=O)NC(=O)NC4=O)n(c(=O)n(c2=O)C)C
dude_tryb1__L007729,Cc1c(c(n2c(n1)ncn2)C)CCC(=O)Nc3ccc(cc3)NS(=O)(=O)c4ccc(cc4)F
dude_tryb1__L007730,CCOC(=O)[C@H](CC1=CN=C2[C@H]1C(=CC=C2C(C)(C)C=C)N(C)[C@@H](C(C)C)C(=O)OC(C)(C)C)[NH3+]
dude_tryb1__L007731,Cc1coc2c1cc3c(c(c(=O)oc3c2C)CCC(=O)N(C)C[C@@H]([C@H]([C@H]([C@H](CO)O)O)O)O)C
dude_tryb1__L007732,COc1c(nccn1)[N-]S(=O)(=O)c2ccc(cc2)NC(=S)NC(=O)/C=C/c3ccc(cc3)[N+](=O)[O-]
dude_tryb1__L007733,CC[NH+](CC)CCNC(=O)c1ccc2c(c1)[C@@H]3C=CC[C@@H]3[C@@H](N2)c4c(ccs4)C
dude_tryb1__L007734,Cc1csc(n1)[C@H](C#N)C(=O)CSc2nnc(o2)Cc3c([nH]c(=O)[nH]c3=O)C
dude_tryb1__L007735,CCN(CC(=O)N[C@H]1CCS(=O)(=O)C1)S(=O)(=O)c2ccc(cc2)OCC
dude_tryb1__L007736,C[C@H]([C@@H](C(=O)[O-])NC(=O)NCC[NH+]1CCCCC1)O
dude_tryb1__L007737,c1cc(ccc1[N+](=O)[O-])O[C@@]2(C[C@@H]([C@H]([C@@H](O2)[C@@H]([C@@H](CO)O)O)NC(=O)CO)O)C(=O)[O-]
dude_tryb1__L007738,CC\1=C(C(=O)N(C(=O)/C1=C\Nc2ccc(cc2)S(=O)(=O)NC(=O)C)[C@H]3CCS(=O)(=O)C3)C#N
dude_tryb1__L007739,CCOC(=O)c1c(nc(s1)NC(=O)[C@H](C)n2c(nnc2SCC#N)N)C
dude_tryb1__L007740,COc1cc2c(cc1O[C@@H]3[C@H]([C@@H]([C@H]([C@@H](O3)CO)O)O)O)CCN4[C@]25C[C@H](C=CC5=CC4)OC
dude_tryb1__L007741,CCN1C(=O)C(=Cc2ccc3c(c2)CC4([C@H]5N3CCC5)C(=O)N(C(=O)N(C4=O)C)C)C(=O)N(C1=O)CC
dude_tryb1__L007742,CCCC[C@H](C(=O)OC)Sc1cc(c(cc1S(=O)(=O)Nc2[nH]c(=[NH2+])[nH]n2)C)Cl
dude_tryb1__L007743,CC(C)(C)OC(=O)N(C)CCNS(=O)(=O)c1cc(ccc1Br)S(=O)(=O)C
dude_tryb1__L007744,C#CCN1CCN(CC1)c2ccc(cc2)NC(=O)CSc3nnnn3c4ccc(cc4)Cl
dude_tryb1__L007745,CCOCCOc1nc(n(n1)c2cccc(c2)NC[C@H](COC(C)C)O)c3ccc(cc3)OC
dude_tryb1__L007746,c1cc(ccc1Nc2nc(c(c(n2)O)c3c(nc(nc3O)Nc4ccc(cc4)Cl)O)O)Cl
dude_tryb1__L007747,CCc1c(c(n(n1)c2ccc(cc2)F)Oc3ccccc3)C[NH+](C[C@@H](COCc4ccco4)O)C(C)C
dude_tryb1__L007748,Cc1ccc(c(c1F)F)C[NH2+]Cc2ccc(c(c2)OC)OC[C@H](C[NH+]3CCC(CC3)O)O
dude_tryb1__L007749,CC[NH+](CC)[C@H](CNC(=O)NNC(=S)NC1CCCC1)c2ccco2
dude_tryb1__L007750,CCC[NH2+][C@](C)(CCCC[NH+](C)C1CCOCC1)C(=O)N
dude_tryb1__L007751,COc1cccc(c1)N2C(=O)[C@@H]3[C@H]([NH2+][C@@]4([C@@H]3C2=O)c5ccccc5NC4=O)Cc6c[nH]c7c6cccc7
dude_tryb1__L007752,CC(=C)C(=O)O[C@@H]1[C@@H]2[C@@H](/C=C(/CC/C=C(/[C@@H]1OC(=O)C)\C=O)\CO)OC(=O)C2=C
dude_tryb1__L007753,CC(C)Cn1c(c(c(=O)n(c1=O)C)C(=O)COC(=O)c2ccc(cc2)n3cnnn3)N
dude_tryb1__L007754,CC(C)(C)CC(C)(C)NC(=O)[C@@H](c1ccc(c(c1)OC)O)N(C(=O)c2c(cccc2O)O)C(C)(C)C
dude_tryb1__L007755,C[C@@H](C(=O)N1CCC2(CC1)[C@H]3C(=NC=N3)CC[NH2+]2)NC(=O)c4cc(c(c(c4)OC)OC)OC
dude_tryb1__L007756,Cn1c(nc2c1c(=O)[nH]c(=O)n2C)CN3CCc4c3ccc(c4)S(=O)(=O)N
dude_tryb1__L007757,CCCN([C@H](c1ccc(c(c1)OC)OC)C(=O)NCS(=O)(=O)c2ccc(cc2)C)C(=O)c3cccnc3
dude_tryb1__L007758,C[C@H]([C@@](C)(C(=O)O[C@@H]1[C@@H]2[C@@H]([C@@H]3[C@](O3)(CC/C=C(\[C@H]1OC(=O)C)/C(=O)OC)C)OC(=O)C2=C)O)Cl
dude_tryb1__L007759,CCn1c2ccc(cc2nc1S[C@@H](C)C(=O)c3c(n(c(=O)n(c3=O)C)C)N)S(=O)(=O)N
dude_tryb1__L007760,C1C[NH+](C[C@H]1CNC(=O)C[NH+]2CCC(CC2)C(=O)NC3CC3)CC(F)(F)F
dude_tryb1__L007761,Cc1c(c(on1)C)S(=O)(=O)NCCC(=O)N2CCC[C@@H]2c3ccc4c(c3)OCCCO4
dude_tryb1__L007762,Cn1cc(cc1C(=O)N)S(=O)(=O)N2CCC(CC2)C(=O)N[C@@H]3CCSc4c3cc(cc4)Cl
dude_tryb1__L007763,OC(=O)[C@@H]2[C@@H](CC1CCNCC1)C(=O)N2C(=O)N5CCN(C(=O)c3ccccc3c4ccccc4)CC5
dude_tryb1__L007764,CCCCC(=O)Nc1ccc(cc1OC)NC(=S)NC(=O)/C=C/c2cccc(c2)[N+](=O)[O-]
dude_tryb1__L007765,[H]/N=C\1/C(=C/c2ccc(cc2)OCc3cc(=O)n4c(n3)sc(n4)C)/C(=O)N=C5N1N=C(S5)C
dude_tryb1__L007766,c1cn(c(=O)n(c1=O)C/C=N/NC(=S)N)C/C=N/NC(=S)N
dude_tryb1__L007767,c1cc(oc1)Cn2c(nnn2)CN(CCCO)Cc3cc4cc5c(cc4[nH]c3=O)OCCO5
dude_tryb1__L007768,Cn1c(nnc1SCC(=O)Nc2c(c3c(s2)CCC3)C#N)C[C@@H]4CCS(=O)(=O)C4
dude_tryb1__L007769,Cc1cc(ccc1N[C@H]2[C@H]([C@@H]([C@H](O2)[C@H](CO)O)O)O)[N+](=O)[O-]
dude_tryb1__L007770,Cc1c(c([nH]c1C(=O)[C@@H](C)OC(=O)[C@H]2CS[C@@]3(N2C(=O)CC3)C)C)C(=O)OC
dude_tryb1__L007771,COC(=O)c1cccc(c1)S(=O)(=O)N(Cc2ccco2)Cc3cc4cc5c(cc4[nH]c3=O)OCCO5
dude_tryb1__L007772,CCC(CC)(C[NH+](C)[C@@H]1c2ccccc2C3([C@H]1O)CC[NH2+]CC3)CO
dude_tryb1__L007773,CN1CCc2cc3c(c(c2[C@@H]1CN/C=C/4\C(=O)NC(=S)N(C4=O)c5ccccc5F)OC)OCO3
dude_tryb1__L007774,Cc1ccc(cc1)S(=O)(=O)Nc2ccc(cc2)NC(=O)c3cccnc3N4CC[NH2+]CC4
dude_tryb1__L007775,CN(CC(=O)NCC[NH+]1CCN(CC1)c2ccccc2F)S(=O)(=O)c3ccc4c(c3)CCC(=O)N4
dude_tryb1__L007776,CCCCC#Cc1nc(c2c(n1)n(cn2)[C@H]3[C@H]([C@@H]([C@H](O3)C(=O)NCC)O)O)N
dude_tryb1__L007777,Cc1c(c(=O)[nH]c(=O)[nH]1)CSc2nnc(o2)[C@H](CC3=c4ccccc4=[NH+]C3)NC(=O)OC(C)(C)C
dude_tryb1__L007778,CCCOc1ccccc1[C@@H]2CC(=O)Nc3c2c(nn3c4nc(cnn4)c5ccc(cc5)OC)C
dude_tryb1__L007779,CCCCCOc1ccc(cc1)[C@@H]2c3ccc(cc3OC(=C2C#N)N)OC(=O)c4ccc(cc4)OCCC
dude_tryb1__L007780,Cc1c(cc(o1)/C=N/NC(=O)CN(c2cc(ccc2OC)Cl)S(=O)(=O)C)Br
dude_tryb1__L007781,C[C@@H]([C@H](c1ccc(s1)Br)[NH+](CCO)CCO)[NH3+]
dude_tryb1__L007782,Cc1c(c(n[nH]1)C)[C@@H](C)NC(=O)[C@H]2CN(CC23CC[NH2+]CC3)C(=O)c4c(ccc(c4F)Cl)F
dude_tryb1__L007783,Cc1c2c(=O)[nH]c(nc2sc1C(=O)OC(C)C)C[NH+](C[C@@H](COCC(C)C)O)C3CC3
dude_tryb1__L007784,Cc1cc(nc([nH+]1)N)N[C@H](c2cc(cc(c2)OC)OC)c3[nH+]ccn3C
dude_tryb1__L007785,CCOC(=O)c1c(c([nH]c1CC(Cc2c(c(c([nH]2)C(=O)OCC)C)C(=O)OCC)O)C(=O)OCC)C
dude_tryb1__L007786,CC[C@H]([C@H](c1ccc(s1)Cl)N2CC[C@@H](C2)[NH+](CC)CC)[NH3+]
dude_tryb1__L007787,c1cc(ccc1N2C[C@H](CC2=O)C(=O)Nc3nnc(s3)SCC(=O)NC[C@H]4CCCO4)F
dude_tryb1__L007788,C[NH+](CC(=O)N)CC(=O)Nc1ccc(cc1C(F)(F)F)NC(=O)c2ccco2
dude_tryb1__L007789,CCOC(=O)C1=C([C@H](C(=N1)C)C(=O)C2=C(C(=O)N([C@@H]2c3cccc(c3OC)OC)CCC[NH+](C)C)[O-])C
dude_tryb1__L007790,C[C@]1(CCS(=O)(=O)C1)NC(=O)OCCCCCCOC(=O)N[C@@]2(CCS(=O)(=O)C2)C
dude_tryb1__L007791,c1cc(c(cc1/C=C/C(=O)c2c(cc(c(c2O)O)O[C@@H]3[C@H]([C@@H]([C@H]([C@H](O3)CO)O)O)O)O)O)O
dude_tryb1__L007792,C[NH+]1CC[C@H](C1)CNC(=O)N[C@@H](C2CCCCC2)C(=O)[O-]
dude_tryb1__L007793,CCOc1cccc(c1OCc2ccc(cc2)C)C[NH2+]CC[NH2+]C[C@@H](C)O
dude_tryb1__L007794,CC[NH+](CC)CCn\1c2ccccc2[nH]/c1=N\C(=O)c3cc(c(c(c3)Cl)OCC(=O)N)OC
dude_tryb1__L007795,CC1(C(=O)N(C(=O)N1)CCSCC[C@@H](C(=O)[O-])[NH3+])C
dude_tryb1__L007796,Cc1cc2c(cc1Cl)[C@@H](CC3(O2)CC[NH+](CC3)C[C@@H](c4ccc(cc4)OC)O)O
dude_tryb1__L007797,CCCCN(c1c(n(c(=O)[nH]c1=O)CCC)N)C(=O)CSc2cccc[n+]2[O-]
dude_tryb1__L007798,CCCCC[C@@H](C(=O)NCS(=O)(=O)c1ccc(cc1)C)N(Cc2ccco2)C(=O)c3c(cccc3O)O
