ligand_id,smiles
dude_rock1__L000001,c1cc(c(cc1C(F)(F)F)Nc2c(c(ncn2)Nc3cc[nH+]cc3)N)Cl
dude_rock1__L000002,CCOc1ccc2c(c1)S[C@@H](N2)NC(=O)CS[C@H]3[NH+]=c4ccc(cc4=[NH+]3)[N+](=O)[O-]
dude_rock1__L000003,CCCC[C@@H](C(=O)N1C[C@H](Oc2c1cccc2)C(=O)N)[NH3+]
dude_rock1__L000004,c1ccc(c(c1)/C=C\2/C(=O)N(C(=S)S2)CCC(=O)Nc3ccc(cc3)C(=O)[O-])O
dude_rock1__L000005,CCn1c2ccc(cc2oc1=O)[C@H](c3c(ccs3)C)[NH2+]C
dude_rock1__L000006,C[C@@H](CNC(=O)NNC(=O)CCOc1ccccc1)[NH+]2CCc3ccccc3C2
dude_rock1__L000007,Cc1c(sc(n1)C)[C@@H](C)NC(=O)C[NH+]2CCCNCC2
dude_rock1__L000008,CCOC(=O)N1CCC(CC1)[NH2+][C@@H](C)C(=O)NC(=O)N
dude_rock1__L000009,c1ccc2c(c1)C[C@@H](O2)CNc3c4c([nH]cn4)ncn3
dude_rock1__L000010,CCC[C@@H](C)NC(=O)[C@@H](C)[NH+]1CCC(CC1)NC(=O)NC2CCCCC2
dude_rock1__L000011,COc1ccc(cc1OC)C(=O)NCC(=O)N/N=C/c2ccc(cc2)OC(=O)c3ccc(cc3)[N+](=O)[O-]
dude_rock1__L000012,CC1=C2[C@H](C(=C(O[C@H]2N=N1)N)C#N)c3ccc(cc3)SC
dude_rock1__L000013,Cc1cc(c(c(c1)C)NC(=O)C(=O)NC[C@H](c2ccc3c(c2)CCN3C)[NH+]4CCCCC4)C
dude_rock1__L000014,CC[NH+]1CCN(CC1)c2ccc(cc2)NC(=O)CSc3nnc(n3N)C(F)(F)F
dude_rock1__L000015,CCCN(C[C@H]1NN=C(O1)c2cccs2)C(=O)CN3C(=O)[C@@H](NC3=O)CC4=c5ccccc5=[NH+]C4
dude_rock1__L000016,Cc1cc(cc(c1O)C)[C@]2(C(=O)N[C@H](C[NH2+]2)C)C(F)(F)F
dude_rock1__L000017,c1cc(cc(c1)F)/C=N/NC(=O)c2c(c(c(c(n2)Cl)Cl)N)Cl
dude_rock1__L000018,C[C@H]1[C@H]([C@H]([C@H]([C@@H](O1)Oc2c[nH]c3c2c(c(cc3)Br)Cl)O)O)O
dude_rock1__L000019,CNc1nc2c(s1)c3c(c(=O)[nH]2)[C@H](C(=C(O3)N)C#N)c4ccc(cc4)Cl
dude_rock1__L000020,C1Cc2c(s/c(=N/S(=O)(=O)C[C@H]3CCC[NH2+]C3)/[nH]2)C1
dude_rock1__L000021,C[C@@](c1ccc2c(c1)OCCCO2)(c3ccccc3Cl)[NH3+]
dude_rock1__L000022,C[C@H](c1ccc(cc1)S(=O)(=O)N)NC(=O)Cc2ccc3c(c2)CCCC3
dude_rock1__L000023,CC[NH2+]C[C@@H]1CC[NH+](C1)[C@@H](C)C23CC4CC(C2)CC(C4)C3
dude_rock1__L000024,CC(C)[C@@H](/C(=N/O)/N)C(=O)N(C)Cc1cccc(c1)Br
dude_rock1__L000025,c1ccc2c(c1)-c3ccccc3C2COC(=O)N[C@@H](Cc4ccc(o4)I)C(=O)[O-]
dude_rock1__L000026,CC[NH2+][C@@H]1CC[C@H](C[C@@H]1[NH+](C)C(C)C)C(C)(C)C
dude_rock1__L000027,C[C@@H](c1[nH]cc([nH+]1)c2ccccc2)NC(=O)c3cc4cccc(c4[nH]3)[N+](=O)[O-]
dude_rock1__L000028,CC[C@H](C)NC(=O)N1CCC[C@@H](C1)CNC(=O)N
dude_rock1__L000029,C[NH+](Cc1cc(sc1)Br)C[C@@H]2CC[C@@H](O2)C[NH3+]
dude_rock1__L000030,c1ccc2c(c1)c(=O)n(nn2)Cc3c(snn3)N
dude_rock1__L000031,CC(C)(C)N1C(=[NH+][C@H](C1=[NH2+])C2CCCC2)c3ccccc3
dude_rock1__L000032,Cc1ccc(cc1)[C@@H](CNC(=O)N2CCN(CC2)CC(=O)NC(C)C)[NH+](C)C
dude_rock1__L000033,CCC(CC)(c1nc(on1)c2ccc(cc2)Br)[NH3+]
dude_rock1__L000034,C[C@@H]1CCCC[C@@H]1NC(=O)C[NH+]2C[C@@H](C[C@@H]2C(=O)N)O
dude_rock1__L000035,C5CN(c4cc(NC2Cc1ccccc1C2)nc(Nc3ccncc3)n4)CCN5
dude_rock1__L000036,CC(=O)NCC(=O)N[C@@H]1CC[NH2+]C2(C1)CCCCC2
dude_rock1__L000037,CC[C@H](C)[C@@H](CO)NC(=O)c1ccc2c(c1)C(=O)N(C2=O)CCC3=c4ccccc4=[NH+]C3
dude_rock1__L000038,CCOC(=O)[C@H](Cc1ccc(c(c1)I)O)[NH3+]
dude_rock1__L000039,CC[C@@H](c1cccs1)[NH2+][C@@H]2COc3c2ccc(c3)O
dude_rock1__L000040,C[C@@H](Cc1ccccc1OC)NC(=O)[C@H]2CN(CC23CC[NH2+]CC3)C(=O)Cc4ccc(cc4)Cl
dude_rock1__L000041,c1ccc2c(c1)CCC[C@@]2(CNC(=O)N[C@@H]3CC[NH+]4[C@@H]3CCCC4)O
dude_rock1__L000042,Cc1cccc2n1c(c(n2)c3ccc(cc3)OCC(=C)C)C[NH3+]
dude_rock1__L000043,C[C@H](C(=O)c1ccc2c(c1)CC(=O)N2)SC3=NC(=C4C=CC(=O)C=C4)C(=C5C=CC(=O)C=C5)N[N-]3
dude_rock1__L000044,COc1ccccc1C[NH2+]Cc2ccc(o2)c3ccccc3F
dude_rock1__L000045,CC[C@H]([C@@H](c1cnn(c1)C)Sc2n[nH]c(=O)n2C3CC3)[NH3+]
dude_rock1__L000046,CCCC[NH+]([C@@H]1C[C@@H](CC[C@@H]1[NH3+])CCC)C2CC2
dude_rock1__L000047,CC1CCC(CC1)(C[NH3+])N(C)S(=O)(=O)C[C@H]2CCCO2
dude_rock1__L000048,c1cc(cc(c1)n2cccn2)CN3[C@H](CCC3=O)CC[NH2+]Cc4cc5c(cc4Cl)OCO5
dude_rock1__L000049,COc1cccc2c1N[C@@H]([C@H]3[C@@H]2C=CC3)c4ccc(c(c4)O)OC
dude_rock1__L000050,CCc1ccc(cc1)[C@H](C/N=C/c2ccccc2O)[NH+](C)C
dude_rock1__L000051,C[NH+](CC(=O)Nc1ccc(cc1Br)N)CC(F)(F)F
dude_rock1__L000052,C[C@H](C(=O)NC(=O)NC)[NH+]1CCN(CC1)c2c(nc(o2)C3CC3)C#N
dude_rock1__L000053,COc5cc(C4=NC(c1ccc(Cl)cc1F)C(C(=O)Nc3ccc2[nH]ncc2c3)=C(C)N4)ccn5
dude_rock1__L000054,c1ccc2c(c1)cc(o2)C(=O)C3=C(C(=O)N([C@@H]3c4ccc(cc4)O)CCCO)[O-]
dude_rock1__L000055,C1CCC(=Cc2c(c(=O)[nH]c(=O)[nH]2)C=O)CC1
dude_rock1__L000056,CCc1c(sc(n1)Nc2cc[nH+]c(c2)C(=S)N)C
dude_rock1__L000057,C[C@@H](c1ccc(c(c1)OC)O)[NH2+][C@@H](C)C2CCCCC2
dude_rock1__L000058,c1cc(c(cc1C(=O)/N=c/2\[nH]cc(s2)Br)C(F)(F)F)NN
dude_rock1__L000059,CC(C)[C@@H](C(=O)N1C[C@H](C2(C1)CC[NH2+]CC2)C(=O)NCCc3ccco3)Oc4ccccc4
dude_rock1__L000060,Cc1ccc(cc1S(=O)(=O)N)[N-]S(=O)(=O)c2ccc(s2)Br
dude_rock1__L000061,Cc1c(c(=O)n([nH]1)c2ccccc2)[C@H]3Nc4ccccc4C(=O)N3c5ccc6c(c5)OCO6
dude_rock1__L000062,CCCNC(=O)C[NH+](C)CC(=O)NN1C(=O)C2(CCCCC2)NC1=O
dude_rock1__L000063,c1cc2c(cc1NC(=O)CSc3[nH]nc(n3)c4cc(ccc4[O-])Br)OCCO2
dude_rock1__L000064,COCC[C@@H](C(=O)N1CCC2(CC1)C(=O)NC(=O)N2)[NH3+]
dude_rock1__L000065,Cc1nc(no1)C2(CCCC2)[NH2+]CC(=O)Nc3c(ccs3)C(=O)N
dude_rock1__L000066,C4CC(Nc2ccc1[nH]ncc1c2)CN(Cc3cccs3)C4
dude_rock1__L000067,Cc1c(nc(o1)c2ccccc2)C[NH2+][C@H](C)c3ccccc3F
dude_rock1__L000068,CC[NH2+][C@H](c1ccc2c(c1)oc(=O)n2CC)C3CCCC3
dude_rock1__L000069,C[C@@H](Cc1ccc(cc1)F)NS(=O)(=O)c2ccc(s2)C[NH3+]
dude_rock1__L000070,c1cc(c(c(c1[N+](=O)[O-])N)C#N)Cl
dude_rock1__L000071,c1ccc(c(c1)N(CCC[NH3+])C2CCCC2)S(=O)(=O)N
dude_rock1__L000072,C[C@@H](CNC(=O)[C@@H]1CN(CC12CC[NH2+]CC2)C(=O)c3c(ccc(c3F)Cl)F)Oc4ccccc4
dude_rock1__L000073,CN(CCC1=NO[C@@H](N1)[C@H]2C=c3cc(ccc3=[NH+]2)OC)C(=O)c4ccccc4C(F)(F)F
dude_rock1__L000074,c1ccc2c(c1)c(cc(n2)c3ccccc3Cl)C(=O)NNS(=O)(=O)c4ccc(c(c4)C(=O)[O-])F
dude_rock1__L000075,Cc1ccc(cc1N)c2nnnn2c3cc(ccc3C)F
dude_rock1__L000076,c1cn(c[nH+]1)CCNS(=O)(=O)C[C@@H]2CCCC[NH2+]2
dude_rock1__L000077,C1C[C@]23CN(C(=O)[C@H]2[C@H]([C@H]1O3)C(=O)N4CCC(CC4)(CO)O)CC[NH3+]
dude_rock1__L000078,C[C@@H](c1cccc(c1)S(=O)(=O)N)NC(=O)N(C)Cc2cccc3c2cccc3
dude_rock1__L000079,Cc1c(c(n2c(n1)nc(n2)N)C)CC(=O)NCC3(CCCCC3)[NH+]4CCCCC4
dude_rock1__L000080,CCN(CC(=O)NNC(=O)NCCCn1cc[nH+]c1)c2ccccc2
dude_rock1__L000081,Cc1c(cccc1NS(=O)(=O)c2ccc(c(c2)Br)OC)N
dude_rock1__L000082,CC(=O)NC12C[C@@H]3C[C@H](C1)CC(C3)(C2)C(=O)N4CCOCC4
dude_rock1__L000083,C[C@H](c1ccc(c(c1)Cl)F)[NH2+]Cc2cn(c(=O)n(c2=O)C)C
dude_rock1__L000084,CC(C)(C)OC(=O)N1CC=C2[C@H](C1)[C@@H](C(C(=C2C#N)N)(C#N)C#N)c3ccc(cc3)Br
dude_rock1__L000085,COCCN1C(=O)[C@@H]2[C@H]([NH2+][C@@]3([C@@H]2C1=O)c4ccccc4NC3=O)Cc5c[nH]c6c5cccc6
dude_rock1__L000086,C[C@H](CNC(=O)[C@@H]1CN(CC12CC[NH2+]CC2)C(=O)c3ccccc3OC)Oc4ccccc4
dude_rock1__L000087,Cc1ccc(c(c1F)C(=O)N2C[C@H](C3(C2)CC[NH2+]CC3)C(=O)NCc4cccc(c4)n5cccc5)F
dude_rock1__L000088,C[C@@H](C(=O)NC1CCCC1)Sc2nnc(n2N)c3ccc(cc3)C(C)(C)C
dude_rock1__L000089,Cc1c(sc(c1C(=O)OC)NC(=O)C[C@@H]2CCC[NH2+]2)C
dude_rock1__L000090,Cn1c(=O)cc(cn1)N2CCO[C@H](C2)CC[NH2+]C3CCC4(CC3)CC[NH2+]CC4
dude_rock1__L000091,CC[C@@H](C)C(=O)N1C[C@H](C2(C1)CC[NH2+]CC2)C(=O)NC[C@@H]3CCCO3
dude_rock1__L000092,CC1(CC2=C([C@H](C(=C(N2c3ccc(cc3F)F)N)C#N)c4ccc(s4)[N+](=O)[O-])C(=O)C1)C
dude_rock1__L000093,CCC[NH2+][C@H]1CCCC[C@@H]1N2CC[NH+](CC2)C3CCCC3
dude_rock1__L000094,C[NH+](Cc1cccc(c1)C#N)Cc2nc(nc(n2)Nc3ccccc3OC)N
dude_rock1__L000095,c1cn(c[nH+]1)CCCCNC(=O)NNC(=O)c2cc3c(s2)CCCCCC3
dude_rock1__L000096,CC[C@H]([C@H](c1ccco1)Sc2nnc3n2cccc3)[NH3+]
dude_rock1__L000097,C[C@@H]1c2c(cc(cc2OC(=O)[C@@H]1CC(=O)NCCc3c[nH+]c[nH]3)O)O
dude_rock1__L000098,Cc1ncc(s1)C[NH2+][C@@H]2CCCc3c2cnn3c4ccccn4
dude_rock1__L000099,C[NH2+][C@H](Cc1ccc(cc1)Br)c2ccccc2OC
dude_rock1__L000100,CCc1[nH]c(c(n1)C)[C@H]2[C@@H](NC[NH+]2[C@H]3CCCCNC3=O)c4ccccc4
dude_rock1__L000101,CCCC(=O)Nc1cccc(c1C)NC(=O)C(=O)NCc2ccc([nH+]c2)N(C)C
dude_rock1__L000102,CN1c2ccccc2[C@H](CC1=O)[NH2+]C3CCS(=O)(=O)CC3
dude_rock1__L000103,Cc1c(c([nH]c1C(=O)N[C@H](C)[C@H]2CCCO2)C)C(=O)C
dude_rock1__L000104,CC(C)(C)c1c(=O)n(c(n[nH+]1)N/N=C/c2ccc(c(c2)O)OC)N
dude_rock1__L000105,C/C(=C\c1cccc(c1O)[N+](=O)[O-])/CO
dude_rock1__L000106,Cc1ccc(c(c1)O)C(=O)Nc2c(cc(cc2N)Br)C
dude_rock1__L000107,c1ccc2c(c1)C(=O)N([C@@H](N2)c3cccc(c3O)O)c4ccc(cc4)Cl
dude_rock1__L000108,CCOc1ccc(c(c1)O)/C=N/NC2=N[C@H]3C(=c4ccccc4=[NH+]3)N=[NH+]2
dude_rock1__L000109,C[C@H]1C(=C(N=N1)C)CC[NH+](C)[C@@H]2c3ccccc3C4([C@H]2O)CC[NH2+]CC4
dude_rock1__L000110,Cc1ccc2=[NH+][C@H]([NH+]=c2c1)C3=C(N(CC3=O)c4ccc(cc4)Nc5ccccc5)N
dude_rock1__L000111,CC[C@@H]1C[C@H](C1(C)C)CNC(=O)N[C@@H](C(Cl)(Cl)Cl)O
dude_rock1__L000112,CCC[C@@H]1CC[C@@H]([C@@H](C1)[NH+](CC(C)C)C(C)C)[NH3+]
dude_rock1__L000113,C[C@@H]1CCCC[C@H]1NC(=O)NC(=O)CN2C(=O)[C@@](NC2=O)(C)c3ccco3
dude_rock1__L000114,C[NH+]1CCC[C@H](C1)N(C)c2cc3c(cc2N)CCC(=O)N3
dude_rock1__L000115,CC(=O)N1CCC(CC1)C(=O)N2C[C@H](C3(C2)CC[NH2+]CC3)C(=O)NC
dude_rock1__L000116,CCOc1cccc2c1cc3c(n2)c4c(n(c3=O)Cl)C(=O)C[C@@H](N4)c5ccccc5O
dude_rock1__L000117,CCCCN1C(=O)/C(=C\2/C[C@H](Sc3ccccc3N2)c4ccc(s4)C)/C(=O)NC1=O
dude_rock1__L000118,COc1cc(ccc1O)[C@H]2c3c([nH]nc3C(=O)N2Cc4ccco4)c5cc(ccc5[O-])Cl
dude_rock1__L000119,Cc1ccc(cc1)Nc2ccccc2NS(=O)(=O)c3ccc(cc3)NC(=O)C
dude_rock1__L000120,C[C@@H](c1nc2c(s1)CCCC2)[NH2+]Cc3cn(c4c3cccc4)CCC(=O)N
dude_rock1__L000121,C[NH+](C)[C@H](CNC(=O)NNC(=O)c1ccc2ccccc2n1)c3ccco3
dude_rock1__L000122,CC[C@@H](C)[C@@H]([C@H]1NN=C(O1)SCc2c([nH]c(=O)[nH]c2=O)C)[NH3+]
dude_rock1__L000123,Cn1cc(nn1)CNc2cc3c(cc2Cl)NC(=O)CO3
dude_rock1__L000124,C[C@H]([C@@H](c1ccccc1Br)n2cnc(n2)C#N)[NH3+]
dude_rock1__L000125,c1cc(oc1)C(=O)N2CCc3c(sc(c3C#N)N)C2
dude_rock1__L000126,CCCc1c(cc(s1)C(=O)NNC(=O)NCCCn2cc[nH+]c2)CC
dude_rock1__L000127,Cc1cccc(c1)[C@@H]2NN[C@H](O2)[C@@H]3C=C(N=N3)C(C)C
dude_rock1__L000128,CCc1nc2c(o1)NC(=C(C23CC[NH2+]CC3)C#N)N
dude_rock1__L000129,CC[C@H]([C@@H](c1cc(cs1)Br)[NH+]2CCC[C@@H]2C(=O)N)N
dude_rock1__L000130,Cc1ccc(cc1)Nc2c(c(ncn2)Nc3cc(ccc3OC)C)N
dude_rock1__L000131,CCC1CCC(CC1)N(C)S(=O)(=O)c2ccc(cc2N)C
dude_rock1__L000132,C[C@H](C(=O)[O-])[NH+]1CCN(CC1)C(=O)NCCS(=O)(=O)C
dude_rock1__L000133,C[C@@H](Cn1cc[nH+]c1)NC(=O)NNc2ccc(cc2Br)F
dude_rock1__L000134,C[C@@]1(C2(CC([NH2+]C(C2)(C)C)(C)C)OC(=O)N1C[C@H](c3ccccc3)O)O
dude_rock1__L000135,c1ccc(cc1)n2c(c(c(n2)c3ccc(cc3)Cl)NC(=O)N4CCSCC4)N
dude_rock1__L000136,C[C@@H](CC1=c2ccccc2=[NH+]C1)NC(=O)CN3[C@@H](Nc4ccccc4C3=O)O
dude_rock1__L000137,Cc1cccc(c1[N+](=O)[O-])c2nc(no2)[C@H](C(C)(C)C)[NH3+]
dude_rock1__L000138,CCCC[NH+]1CCCC[C@H]1CNC(=O)N[C@H]2c3ccccc3C[C@H]2O
dude_rock1__L000139,c1ccc(c(c1)C[NH2+]CCn2cc(nn2)C(=O)N3CCSCC3)F
dude_rock1__L000140,COc1cc2c(cc1OC)[C@@H]([NH2+]CC2)c3c[nH]c4c3cccc4
dude_rock1__L000141,C[C@@H](C(C)C)N(C)c1c(cc2c(n1)CCCC2)C(=[NH2+])N
dude_rock1__L000142,Cc1c(ccc(c1O)[C@@H]2C(=C(N=[NH+]2)C)[C@@H]3CSC(=N3)C)O
dude_rock1__L000143,COc1ccccc1NC(=[NH2+])Nc2[nH]c(cc(=O)n2)CC(=O)OC
dude_rock1__L000144,Cn1c(nnc1SCc2nc(no2)c3ccsc3)N
dude_rock1__L000145,Cc1ccc(cc1)c2c3c([nH]n2)OC(=C([C@H]3c4cccc(c4)OCc5ccccc5C)C#N)N
dude_rock1__L000146,C[C@H](CNC(=O)NC[C@@H](c1ccc(cc1)OC)O)[NH+]2CCc3ccccc3C2
dude_rock1__L000147,c1ccc(cc1)S(=O)(=O)N[C@H]2N/C(=C\C(=O)NCCC3=c4ccccc4=[NH+]C3)/CS2
dude_rock1__L000148,Cc1cccc2c1NC(=O)[C@@]23[C@H]4[C@@H]([C@H]([NH2+]3)Cc5c[nH]c6c5cccc6)C(=O)N(C4=O)CCOC
dude_rock1__L000149,Cc1ccc(nc1)Nc2c(c([nH+]cn2)N(C)c3ccccc3C(=O)OC)N
dude_rock1__L000150,C[C@H](Cc1cccc(c1O[C@H](C)C(=O)N)Br)[NH3+]
dude_rock1__L000151,C1CCC(CC1)CN2CCC[C@](C2=O)(C[NH+]3CCCOCC3)O
dude_rock1__L000152,C[C@H](c1cc(ccc1O)O)[NH2+]Cc2ccc(cc2)C#N
dude_rock1__L000153,C[C@H]1CC[C@H](CN1C(=O)C2(CCCC2)C[NH3+])C(=O)N
dude_rock1__L000154,CCOc1ccccc1c2c(n3cc(ccc3n2)C)[C@H](C)C[NH3+]
dude_rock1__L000155,Cc1ccc(c(c1)Cl)n2c(nnn2)c3cccc(c3C)N
dude_rock1__L000156,Cc1cccc(c1C)NC(=O)C[NH+](C)[C@@H](C)C(=O)Nc2c(c3c(s2)CCC3)C(=O)N
dude_rock1__L000157,CCn3c(c1nonc1N)nc4cncc(C(=O)N2CC[C@@H](N)C2)c34
dude_rock1__L000158,Cc1ccc2c([nH+]1)cccc2Nc3c(c(ncn3)Oc4ccc(cc4)C(=O)OC)N
dude_rock1__L000159,CC(C)[NH+]1CCC(CC1)(C[NH3+])N(C)Cc2cc(sc2)Br
dude_rock1__L000160,c1c(c2c(c(c1Cl)NC(=O)[C@@H]3C[C@@H](C[NH2+]3)O)nsn2)Cl
dude_rock1__L000161,C[C@H]1CCC=C2[C@@]1([C@@H]([C@H]3[C@@H](C2)OC(=O)[C@@H]3C[NH+]4CCN(CC4)c5ccc(cc5)C(=O)C)O)C
dude_rock1__L000162,CC1=C([C@@H](N2C(=[NH+]1)N=C(N2)c3cccs3)c4cccc(c4)[N+](=O)[O-])C(=O)N
dude_rock1__L000163,Cn1cnnc1Cn2c3c(ccc(c3F)F)[nH]c2=S
dude_rock1__L000164,C[NH+]1CCC(CC1)NS(=O)(=O)c2ccc(cc2N)[N+](=O)[O-]
dude_rock1__L000165,CCOc1ccc(cc1)C(=O)N2C[C@H](C3(C2)CC[NH2+]CC3)C(=O)N[C@H](C)c4c([nH]nc4C)C
dude_rock1__L000166,C[C@H]1CCC[C@](C1)(CNC(=O)NNC(=O)C(=O)NC2CC2)[NH+](C)C
dude_rock1__L000167,CSCC[C@H](C(=O)N1CCC2(CC1)c3c([nH+]c[nH]3)CCN2)NC(=O)c4ccc(cc4)Br
dude_rock1__L000168,CN(C)c1cccc2c1cccc2S(=O)(=O)[N-]c3ccc(cc3Br)S(=O)(=O)N
dude_rock1__L000169,c1ccc(cc1)/C=C/C[NH+]2CCNC(=O)[C@@H]2CC(=O)NCC3(CCCCC3)O
dude_rock1__L000170,COc1ccccc1c2nc(on2)C3(CCCCC3)[NH3+]
dude_rock1__L000171,c1cc(ncc1Br)NC(=O)c2c(c[nH]n2)N
dude_rock1__L000172,C[C@@H](c1[nH]cc([nH+]1)c2ccccc2)NC(=O)COc3ccc4c(c3)CCC(=O)N4
dude_rock1__L000173,CCOc1ccc(cc1)C(=O)N2CCC3(CC2)c4c(nc[nH]4)CC[NH2+]3
dude_rock1__L000174,c1ccc(cc1)Nc2c(c(ncn2)Sc3cccc4c3nccc4)N
dude_rock1__L000175,CCC[NH2+][C@@H](c1ccc2c(c1)OCO2)c3cc(sc3C)C
dude_rock1__L000176,Cc1ccc(c(c1)c2c(nn(c2N)C)C(=O)OC)C
dude_rock1__L000177,CC(C)(CNC(=O)C[C@H]1C(=O)NCC[NH+]1Cc2c(cccc2Cl)F)CO
dude_rock1__L000178,C5CN(c4nc(Nc1ccncc1)nc(OC3Cc2ccccc2C3)n4)CCN5
dude_rock1__L000179,CC1CC[NH+](CC1)C[C@@H](CNC(=O)NC2CCN(CC2)C(=O)OC(C)(C)C)O
dude_rock1__L000180,COC(=O)c1ccc(c(c1)S(=O)(=O)N)Br
dude_rock1__L000181,COc1ccc(cc1OC)[C@H](C[NH+]2CCC3(CC2)C[C@@H](c4cc(ccc4O3)O)O)O
dude_rock1__L000182,C[NH+]1CCC(CC1)C[NH2+][C@@H]2C[C@H]3C[C@@H]2[C@@H]4[C@@H]3CCC4
dude_rock1__L000183,CCc1ccc(s1)[C@@H](c2ccc3c(c2)oc(=O)n3C)[NH2+]C
dude_rock1__L000184,CC(C)C[C@@H](CO)NC(=O)[C@@H]1C[C@@H]2CCCC[C@@H]2[NH2+]1
dude_rock1__L000185,Cc1ccc(cc1)/C=C/2\C(=O)N(c3cc(ccc3O2)N)CCCO
dude_rock1__L000186,C[C@H]1CCN(c2ccccc2S1)C(=O)CN3C(=O)[C@H](NC3=O)CC4=c5ccccc5=[NH+]C4
dude_rock1__L000187,CC(C)(C)[NH2+]CC(=O)N1CCN(CC1)S(=O)(=O)Cc2ccccc2
dude_rock1__L000188,Cc1cccc(c1C)n2c(c(nn2)C[NH3+])c3ccc(cc3)F
dude_rock1__L000189,CCC[C@H]1CCCCC12C(=O)NC(=O)NC2=O
dude_rock1__L000190,CCN(CC)c1ccc(c(c1)O)/C=N/Nc2[nH]nc(n2)SCC(=O)Nc3nnc(s3)SCC
dude_rock1__L000191,CCn1c(c(c(=O)[nH]c1=O)C(=O)C[NH+](C)[C@@H](C)c2ccc(cc2)C)N
dude_rock1__L000192,CCc1cc(sc1C)C(=O)Nc2cc(ccc2N3CCCCC3)C(=O)N
dude_rock1__L000193,CCCCCCNC(=O)[C@H]1CN(CC12CC[NH2+]CC2)C(=O)c3ccc(c(c3)Cl)Cl
dude_rock1__L000194,Cc1c(cccc1NC(=O)N[C@H](c2cccs2)C3CCCC3)C(=O)NC
dude_rock1__L000195,Cc1ccc(cc1)[C@@H](CNc2cc(cc(c2)S(=O)(=O)N)[N+](=O)[O-])[NH+](C)C
dude_rock1__L000196,CCc1c(s/c(=N\S(=O)(=O)c2cc(cc(c2C)C)N)/[nH]1)C
dude_rock1__L000197,c1cc(cc(c1)Br)[C@H]2C(=C(C(=O)N2)[O-])C(=O)c3cccc(c3)OCc4ccc(cc4)Cl
dude_rock1__L000198,Cc1cc(c(c2c1C(=O)/C(=C/c3cc(cc4c3OCOC4)Cl)/O2)CN5CC[NH+](CC5)C)O
dude_rock1__L000199,Cc1c2c(cc(/c(=[NH+]/CCc3ccc(cc3)Cl)/o2)C(=O)N)c(cn1)CO
dude_rock1__L000200,CC[C@H](C[NH3+])C(=O)N1CC(=O)Nc2c1cccc2
dude_rock1__L000201,c1ccc(cc1)[C@@H]2C[C@H](Nc3n2ncn3)c4ccccc4O
dude_rock1__L000202,CCN1CCN(C(=O)C1=O)[C@H](c2cc(cs2)Br)[C@H](C)[NH3+]
dude_rock1__L000203,O=c2[nH]ccc3c(S(=O)(=O)CN1CCCNCC1)cccc23
dude_rock1__L000204,c1ccc(cc1)n2c3c(c(=O)[nH]c2=O)C([NH+]=C(N3)CCC4CCCCC4)(C(F)(F)F)C(F)(F)F
dude_rock1__L000205,Nc4ccc3n(C1CCC1)c(c2nonc2N)nc3c4
dude_rock1__L000206,CCC(CC)CNC(=O)[C@@H]1CN(CC12CC[NH2+]CC2)C(=O)c3ccc(o3)c4ccc(cc4)F
dude_rock1__L000207,Cc1cc(nc(c1C(=[NH2+])N)N2c3ccccc3C[C@@H]2C)C
dude_rock1__L000208,Cn1c2ccccc2c(=O)c(c1[O-])C(=O)C[C@@H](c3ccccc3O)N(c4ccccc4)c5ccccc5
dude_rock1__L000209,c1cc(ccc1NNc2c(c(ncn2)Nc3cc[nH+]cc3)[N+](=O)[O-])[N+](=O)[O-]
dude_rock1__L000210,Cn1c(c2c(nc(nc2n1)NCC[NH+](C)C)c3ccc(cc3F)F)N
dude_rock1__L000211,c1cc(ccc1OC2(CC[NH2+]CC2)C(=O)NCCn3cc[nH+]c3)Cl
dude_rock1__L000212,COC(=O)c1ccc(c(c1)/C=C\C(=O)N)[N+](=O)[O-]
dude_rock1__L000213,C=CCn1c(cc(=O)[nH+]c1SCC(=O)Nc2ccccc2C(=O)N)N
dude_rock1__L000214,CC(C)(CNC(=O)NNC(=O)Cc1ccccc1OC)[NH+]2CCCCC2
dude_rock1__L000215,Cc1cc(cc(c1Cl)C)OCC(=O)n2cnnc2N
dude_rock1__L000216,Cc1cccc(c1C)n2c3c(cn2)[C@@H](CCC3)[NH2+]Cc4cc(n[nH]4)C
dude_rock1__L000217,Cc1cc(ccc1[N-]S(=O)(=O)c2c(c[nH][nH+]2)C(=O)[O-])I
dude_rock1__L000218,CC[NH+]1[C@H]([C@H](C[C@@]1(C)CO)C[NH2+]Cc2cnn(c2C)C)c3ccc(cc3)Cl
dude_rock1__L000219,CCOC(=O)N1CCC2(CC1)[C@@H]3C(=NN=C3OC(=C2C#N)N)CSc4ccc(cc4)C
dude_rock1__L000220,Cc1c2ccccc2oc1[C@@H](C)[NH2+]C[C@H]3CNc4ccnn4C3
dude_rock1__L000221,c1cc(cc(c1)S(=O)(=O)N[C@H]2CC[NH+]3[C@@H]2CCCC3)C#N
dude_rock1__L000222,C[C@@H](C(=O)NC(=O)NCCOC)[NH2+]CC1(CCOCC1)c2ccc(cc2)OC
dude_rock1__L000223,c1ccc2c(c1)CC[NH+](C2)C[C@@H](Cn3cnc4ccccc4c3=O)O
dude_rock1__L000224,Cc1cccc(c1)N2[C@@H](N=C([C@@H](C2=O)[C@@H]3[C@@H]4C(=c5cc(ccc5=[NH+]4)OC)CCN3)O)O
dude_rock1__L000225,COc1ccccc1[C@@H](CNC(=O)CCC(=O)N2CCC(=N2)c3ccccc3)[NH+]4CCCC4
dude_rock1__L000226,Cc1c\2c(oc1C(=O)N[C@H](C)COC)CC(C/C2=N\NC(=[NH2+])N)(C)C
dude_rock1__L000227,C[NH2+]Cc1ccc(c(c1)Cl)O[C@H]2CS(=O)(=O)C[C@H]2O
dude_rock1__L000228,c1ccc2c(c1)c(cc(c2O)/N=N/c3cccc(c3)/C=C/c4[nH]c5ccccc5n4)S(=O)(=O)[O-]
dude_rock1__L000229,C[C@@H]1CCC[C@](C1)(C(=O)OC2CCCCCC2)[NH3+]
dude_rock1__L000230,CCCCNC(=O)NC(=O)[C@H](C)[NH2+][C@@H](C)c1ccc(c(c1)OC)OC(C)C
dude_rock1__L000231,Cc1ccccc1CCNC(=O)[C@H]2CN(CC23CC[NH2+]CC3)C(=O)[C@@H](C)Oc4ccccc4
dude_rock1__L000232,Cc1ccc2c([nH+]1)cccc2Nc3c(c(ncn3)NNC(C)(C)C)[N+](=O)[O-]
dude_rock1__L000233,C[NH2+]Cc1nc(co1)C(=O)NC2c3ccccc3-c4c2cccc4
dude_rock1__L000234,c1cc(c(cc1Br)Br)S(=O)(=O)N[C@@H]2C[C@H]2[NH3+]
dude_rock1__L000235,CC1CC[NH+](CC1)[C@@H](C)CNC(=O)NNC(=O)[C@@H]2CCS(=O)(=O)C2
dude_rock1__L000236,c1ccc2c(c1)[C@H]([NH+]=NC2=O)CC(=O)NCCC(=O)NCCC3=c4ccccc4=[NH+]C3
dude_rock1__L000237,CC[C@H](C)NC(=O)[C@H]1CSC2([NH2+]1)CCN(CC2)S(=O)(=O)c3ccc(cc3)C(C)(C)C
dude_rock1__L000238,c1cc(sc1C(=O)Nc2cc3c(cc2N)OCC(=O)N3)Br
dude_rock1__L000239,c1ccc2c(c1)C=C[NH+]3[C@H]2[C@]4(c5ccccc5NC4=O)[C@@H]([C@@H]3C(=O)c6ccco6)C(=O)c7ccccc7F
dude_rock1__L000240,CS(=O)(=O)NCC[C@H]1CCCCN1C(=O)[C@H]2C[C@@H](C[NH2+]2)O
dude_rock1__L000241,CC[NH+](CC)[C@H]1CCN(C1)[C@@]2(C[C@@H](CC(C2)(C)C)C)C[NH3+]
dude_rock1__L000242,CC[C@@H](C)[C@H]1C(=O)N(C2([NH2+]1)CCN(CC2)C(=O)NC(C)(C)C)C(C)C
dude_rock1__L000243,c1cc(cc(c1)F)OCCNC(=O)[C@@H]2CN(CC23CC[NH2+]CC3)C(=O)c4ccc(cc4)Br
dude_rock1__L000244,CCC1(CC[NH+](CC1)C[C@@H]2CCC[C@H]2[NH2+]CC)C
dude_rock1__L000245,c1ccc2=[NH+]CC(=c2c1)/C=N\N[C@@H]3Nc4ccccc4O3
dude_rock1__L000246,C[C@@H]1CC[C@@H](C[NH+]1CCCn2cc(ccc2=O)N)C(=O)N
dude_rock1__L000247,CCOc1ccc(cc1)C(=O)N2C[C@H](C3(C2)CC[NH2+]CC3)C(=O)NCc4cc(ccc4F)Br
dude_rock1__L000248,CCOC(=O)C1=C(NC(=O)NC1)CNC2(CCCC2)c3nc(on3)C
dude_rock1__L000249,Cc1c(c(ccc1C[NH+]2CCNC(=O)[C@@H]2CC(=O)N(CCO)Cc3ccccc3)OC)C
dude_rock1__L000250,C/C(=N\NC(=O)c1cn(c2c1cccc2)C)/c3ccc(cc3)S(=O)(=O)Nc4ccc(cc4)C(=O)[O-]
dude_rock1__L000251,C[C@@]1([C@](C(c2c(cc(cc2O1)O)O)(C)C)(C)OC)c3ccc(c(c3)O)O
dude_rock1__L000252,C1CCC(CC1)c2nnc(s2)NC(=O)Nc3c(c4c(s3)C[NH2+]CC4)C#N
dude_rock1__L000253,Cc1ccc(cc1C(=O)NCc2cc[nH+]c(c2)N3CCOCC3)S(=O)(=O)N
dude_rock1__L000254,CC(C)n1cc(cn1)Nc2c(cc3c([nH+]2)CCC3)C(=O)[O-]
dude_rock1__L000255,CC[NH2+][C@@H](c1ccc2c(c1)CCO2)c3ccc(cc3F)Br
dude_rock1__L000256,Cc1ccc(cc1S(=O)(=O)N)NCc2ccc(o2)Br
dude_rock1__L000257,C[C@H](C(=O)[O-])Oc1ccccc1/C=C\2/C(=O)N(C(=S)S2)NC(=O)c3ccccc3O
dude_rock1__L000258,Cn1cc[nH+]c1CN(C)S(=O)(=O)c2ccc(cc2Br)N
dude_rock1__L000259,CC(C)S(=O)(=O)c1cc2c(cc1c3ccccc3O)[C@@H]4CO[P@@](=O)(NN4CC2)[O-]
dude_rock1__L000260,C1CCC[NH+](CC1)CCCCN2CC(=O)N3CC[C@H](C[C@H]3C2=O)O
dude_rock1__L000261,Cc1ccc(cc1)CN2c3ccccc3C4=C(S2(=O)=O)[C@H](C(=C(O4)N)C#N)c5ccccc5Cl
dude_rock1__L000262,Cc1ccc(cc1NC(=O)CSc2nnc(n2CC=C)[C@H](C)NC(=O)Cc3ccc(cc3)OC)[N+](=O)[O-]
dude_rock1__L000263,CC[NH+](CC)c1ccc(c(c1)O)[C@H]2Nc3c(c4c(s3)CCCC4)C(=N2)O
dude_rock1__L000264,C1CCC(CC1)NC(=O)N2CCC(CC2)[C@H]3CCC[NH2+]3
dude_rock1__L000265,c1ccc2c(c1)N[C@H](S2)NC(=O)[C@@H]3CC(=O)N(C3)CCC4=c5cc(ccc5=[NH+]C4)Cl
dude_rock1__L000266,Cc1ccc2=[NH+]C3=C(CCCC3=c2c1)[NH2+][C@@H](C)c4ccccc4
dude_rock1__L000267,C[C@@H](CC[NH+](C)C)NS(=O)(=O)c1cc(ccc1[N+](=O)[O-])N
dude_rock1__L000268,C[C@H]1CN(CCO1)c2ccc(c[nH+]2)CNC(=O)NCCCO
dude_rock1__L000269,Cc1ccc(cc1)n2c(=O)c(c(nc2O)O)[C@H]3c4cc(c(cc4CC[NH2+]3)OC)OC
dude_rock1__L000270,CC(C)(C)c1ccc(cc1)Oc2ccc(cc2)[C@H](C[NH2+]C)O
dude_rock1__L000271,Cc1cccc2c1NC(=O)[C@]23[C@H]4[C@@H]([C@H]([NH2+]3)Cc5c[nH]c6c5cccc6)C(=O)N(C4=O)CCOC
dude_rock1__L000272,c1ccc2c(c1)c(c[nH]2)CCNC(=O)[C@@H]3C[C@@H]4[NH2+][C@@H](C[C@@H](N4N3)C(F)(F)F)c5ccco5
dude_rock1__L000273,CCOc1ccc(cc1)C(=O)N2C[C@H](C3(C2)CC[NH2+]CC3)C(=O)NCCc4ccccc4F
dude_rock1__L000274,CCn3c(c1nonc1N)nc4c(c2ccc[nH]2)ncc(OCCCN)c34
dude_rock1__L000275,c1ccc(cc1)C2=C[C@@H](N=N2)[C@H]3NN[C@@H]4N3N=C(S4)c5cccc(c5)Br
dude_rock1__L000276,CC[NH+](C[C@@H]1CCCCC[C@@H]1[NH2+]C)C2CCCC2
dude_rock1__L000277,c1cc2c(cc1NC(=O)Nc3ccc([nH+]c3)N4CCCC4)NC(=O)CS2
dude_rock1__L000278,C[C@H]1C[C@@H](C[NH+](C1)C(C)(C)CNC(=O)Nc2ccccc2CC(=O)NC)C
dude_rock1__L000279,C[C@H](c1ccc2c(c1)OCO2)NC(=O)C(=O)Nc3ccc(cc3)N4CCNC4=O
dude_rock1__L000280,C[C@@H]1CCc2c(sc(c2C(=O)N)NC(=O)CSc3c(cc4c(n3)CCCCC4)C#N)C1
dude_rock1__L000281,c1ccc(cc1)CN2C(=O)[C@@H]3[C@H]([NH2+][C@@]4([C@@H]3C2=O)c5cc(ccc5NC4=O)Cl)Cc6c[nH]c7c6cccc7
dude_rock1__L000282,c1ccc2c(c1)c(nc(n2)CSc3[nH]c4cc(ccc4n3)Cl)N
dude_rock1__L000283,c1cc(ccc1Cc2ccc(c(c2)/C=N/NC(=S)N)O)Cl
dude_rock1__L000284,Cc1nn2c(=O)cc(nc2s1)CNc3cccc(c3)C#C
dude_rock1__L000285,C[C@@H](C(=O)NC(=O)NC(C)(C)C)Sc1[nH]c(cn1)c2ccc(cc2)Br
dude_rock1__L000286,CCOc1cccc2c1oc(c2)[C@H](C)[NH2+][C@H](C)C(=O)NC(=O)NC(C)C
dude_rock1__L000287,CC[C@H](C)NC(=O)[C@@H](C)NC(=O)NC[C@@H](c1ccco1)[NH+]2CCCCC2
dude_rock1__L000288,CC(C)N1C[C@@H](C2(C1=O)CC[NH2+]CC2)c3ccc(c(c3)OC)OC
dude_rock1__L000289,CC[NH+](CC)CCN1[C@@H](C(=C(C1=O)O)C(=O)c2ccc(cc2)Cl)c3ccc(c(c3)OC)O
dude_rock1__L000290,CC(C)[NH+]1CCc2c(sc3c2C(=N[C@H](N3)c4cc(c(c(c4)I)OC)OC)O)C1
dude_rock1__L000291,CC[NH2+][C@@H](c1ccc2c(c1)CCO2)c3cc(cc(c3)Cl)Cl
dude_rock1__L000292,Cc1ccc(cc1)n2c(=O)c3c4c(sc3nc2NN)CCCCC4
dude_rock1__L000293,C[C@@H](C(=O)NC(=O)N)Oc1ccc(cc1C[NH3+])[N+](=O)[O-]
dude_rock1__L000294,CC[C@@H](C)[C@H]1C(=O)N([C@H]2CS(=O)(=O)C[C@H]2[NH2+]1)c3ccc(cc3)F
dude_rock1__L000295,C[C@@H](c1ccc(cc1)F)NC(=O)[C@H](C)[NH+](C)CC(=O)N2CCOCC2
dude_rock1__L000296,Cc1c(c(n[nH]1)C)[C@@H](C)NC(=O)[C@H]2CN(CC23CC[NH2+]CC3)C(=O)c4ccc5ccccc5n4
dude_rock1__L000297,COc5ccc(C4=NC(c1ccc(Cl)cc1F)C(C(=O)Nc3ccc2[nH]ncc2c3)=C(C)N4)cc5
dude_rock1__L000298,Cc1ccc(c2c1cc(c(=O)[nH]2)[C@@H](c3nnnn3C[C@@H]4CCCO4)[NH+]5CCN(CC5)c6ccccc6OC)C
dude_rock1__L000299,Cc1cccc(c1)C(=O)NCC[NH2+]Cc2c[nH]nc2c3cc4ccccc4o3
dude_rock1__L000300,C[C@H]1CCc2c(sc(c2C#N)NC(=O)C[NH+]3CCC[C@@H](C3)O)C1
dude_rock1__L000301,CC[C@]1(C(=O)N(C(=O)N1)NC(=O)C[NH+]2CCCC[C@@H]2C(=O)N)c3ccccc3
dude_rock1__L000302,[H]/N=C\1/[C@H](C2=CCCC[C@@H]2[C@H](C1(C#N)C#N)c3ccc(cc3)O)C#N
dude_rock1__L000303,CCNC(=O)NC(=O)[C@@H](C)N1CCC[C@@H](C1)C[NH3+]
dude_rock1__L000304,c1c(cc(c(c1Cl)S(=O)(=O)NCC(F)(F)F)Cl)C#CC[NH3+]
dude_rock1__L000305,CC1=C[C@H](NO1)NC(=O)/C(=C/C2=c3cccnc3=[NH+]C2)/C#N
dude_rock1__L000306,c1ccc2=[NH+]C([NH+]=c2c1)NC(=O)CCCC(=O)N3CCNC(=O)C3
dude_rock1__L000307,CC[NH2+]Cc1ccc(cc1Oc2ccc(cc2F)F)Br
dude_rock1__L000308,c1ccc(c(c1)NC23CC4CC(C2)CC(C4)C3)NS(=O)(=O)c5ccc6c(c5)CCC(=O)N6
dude_rock1__L000309,c1cc(=O)[nH]c2c1[C@H](CCC2)NC(=O)NC[C@H]3CCC[NH+]3CC4CCCCC4
dude_rock1__L000310,CCCC[C@H](C)[NH2+][C@H]1c2cccc(c2NC1=O)Br
dude_rock1__L000311,CC(C)Cc1ccc(cc1)c2c3c([nH]n2)OC(=C([C@@H]3c4ccsc4)C#N)N
dude_rock1__L000312,C[C@@H]1CN(CCO1)c2ccc(c[nH+]2)CNC(=O)[C@@H](C)NC(=O)c3ccc(cc3)C(C)(C)C
dude_rock1__L000313,CN(CCC1=NO[C@@H](N1)[C@H]2C=c3ccc(cc3=[NH+]2)OC)C(=O)c4ccccc4C(F)(F)F
dude_rock1__L000314,C[NH+](Cc1ccon1)Cc2cc(ccc2O)c3ccc(cc3)F
dude_rock1__L000315,Cc1ccc(cc1NNC2=[NH+]C(COC2=O)(CO)CO)[N+](=O)[O-]
dude_rock1__L000316,CC[NH+]1CCC[C@H]1CN2CC(=O)C(=C2N)c3nc(c(s3)C)C
dude_rock1__L000317,CC(C)CCn1c(c(nn1)C[NH3+])c2ccc(o2)Br
dude_rock1__L000318,CC[C@@H](C)NC(=O)Nc1c([nH+]n(c1N)C(C)(C)C)C(C)(C)C
dude_rock1__L000319,C1CCC2(CC1)C(=O)N(C(=O)N2)NC(=O)C[NH+]3CCC(CC3)CO
dude_rock1__L000320,c1ccc2c(c1)c(cc([nH+]2)N3CC[C@H](C3)O)C(=O)[O-]
dude_rock1__L000321,Cc1cc(no1)C(=O)Nc2c(c3c(s2)C[NH+](CC3)C(C)C)C(=O)N
dude_rock1__L000322,C[C@H](c1ccc(cc1O)F)[NH2+]CC[NH+](C(C)C)C(C)C
dude_rock1__L000323,CC(C)[C@H](CNS(=O)(=O)c1ccc2c(c1)[nH]c(=O)[nH]2)[NH+]3CCCCC3
dude_rock1__L000324,C[NH2+][C@H]1CC[C@@H](C[C@@H]1[NH+](C)C2CCCC2)c3ccccc3
dude_rock1__L000325,C4CC(Nc2ccc1[nH]ncc1c2)CN(Cc3ccccn3)C4
dude_rock1__L000326,C[C@H](c1ccc(c(c1)Cl)Cl)Sc2ncc(c(n2)N)C#N
dude_rock1__L000327,Cn1cc(cc1C(=O)N[C@H]2CCCCC[C@H]2[NH3+])Br
dude_rock1__L000328,C1CC[NH+](CC1)C2CCN(CC2)C(=O)C3(CCC3)C(=O)[O-]
dude_rock1__L000329,CC(C)NC(=O)NNC(=O)c1cccn1C2CCN(CC2)C(=O)OC(C)(C)C
dude_rock1__L000330,CC[C@H](C)NC(=O)[C@@H](C)NC(=O)Nc1ccc([nH+]c1)N2CCCC2
dude_rock1__L000331,CC[C@H]1c2ccsc2CC[NH+]1CC(=O)N[C@@H]3CCCCNC3=O
dude_rock1__L000332,CCn1cc(cn1)[C@@H](C)[NH2+][C@@H](C)c2ccc(c(c2)Cl)Cl
dude_rock1__L000333,CCC[NH+](CC(=O)Nc1ccccc1C)CC(=O)NC(=O)NCc2ccco2
dude_rock1__L000334,CC(C)NC(=O)c1c(c(sn1)C(=O)N2CC[NH+](CC2)C3CCCCC3)N
dude_rock1__L000335,COc1cc(ccc1OS(=O)(=O)c2ccc3c(c2)[nH]c(=O)[nH]3)/C=C(\C#N)/c4[nH]c5ccccc5n4
dude_rock1__L000336,c1cc(c(cc1Br)S(=O)(=O)N[C@H]2CC[NH+]3[C@@H]2CCCC3)N
dude_rock1__L000337,Cc1ccc(cc1NC(=S)NC(=O)c2cc3ccccc3o2)c4nn5c(nnc5s4)C
dude_rock1__L000338,Cc1ccc(c(c1)C)C(=O)N2C[C@@H](C3(C2)CC[NH2+]CC3)C(=O)NCCCO
dude_rock1__L000339,C[C@H](C(=O)Nc1c(ccs1)C(=O)N)[NH+]2CCN(CC2)c3nccs3
dude_rock1__L000340,c1cc(ccc1c2nc3cc4c(cc3s2)nc(s4)c5ccc(cc5)N)N
dude_rock1__L000341,CC[C@H](C(=O)Nc1cc(on1)C)NNC(=O)C2=c3ccccc3=[NH+]C2
dude_rock1__L000342,C1C[C@H](N(C1)C(=O)C(F)(F)F)C(=O)N2C[C@@H](C3(C2)CC[NH2+]CC3)C(=O)NCCCO
dude_rock1__L000343,CC(C)c1cs/c(=N\S(=O)(=O)c2ccc(cc2N)Cl)/[nH]1
dude_rock1__L000344,c1cc(cc(c1)N2C(=O)c3cccc(c3C2=O)N)C#N
dude_rock1__L000345,CC[NH2+][C@@H](CCOc1c(cc(cc1Br)[N+](=O)[O-])Br)C(=O)N
dude_rock1__L000346,CCC(=O)N[C@@H]1Nc2cc(ccc2S1)NC(=O)[C@@H]3C=c4ccccc4=[NH+]3
dude_rock1__L000347,c1c(c(cc(c1Cl)Cl)Cl)Sc2cnc3c(n2)c(nc(n3)N)N
dude_rock1__L000348,c1cc(c(c(c1)Cl)Cl)[C@H](c2nc(on2)C(F)(F)F)[NH3+]
dude_rock1__L000349,Cc1ccc(cc1S(=O)(=O)N2CC[C@@H](C2)O)C#CC[NH3+]
dude_rock1__L000350,Cc1ccc(cc1)S(=O)(=O)/N=C(/NCc2cc3ccc(c(c3[nH]c2=O)C)C)\[O-]
dude_rock1__L000351,CSc1ccc(cc1)/C=C/c2nc(nc(n2)N)c3ccccc3O
dude_rock1__L000352,CC[NH+]1CCC[C@@]2(C1)c3c([nH]nc3OC(=C2C#N)N)CC(=O)OCC
dude_rock1__L000353,Cc1ccc2c(c1)/C(=C/c3[nH]c(=O)c4ccccc4n3)/C(=O)N2
dude_rock1__L000354,CC1CCN(CC1)S(=O)(=O)N[C@@H]2CC[NH+]3[C@@H]2CCCC3
dude_rock1__L000355,CCOc1ccccc1Nc2nc(nc(n2)N)C[NH+](C)C3CCCCC3
dude_rock1__L000356,C[C@@H](c1ccc(c(c1)Cl)F)N[C@H](C)C(=O)NC(=O)NCC(F)(F)F
dude_rock1__L000357,CC1CCC(CC1)(CO)[NH2+]Cc2ccc(cc2Cl)[N+](=O)[O-]
dude_rock1__L000358,CCCCCNC(=O)[C@H](C)Oc1ccc(cc1C[NH3+])Br
dude_rock1__L000359,CC[NH2+][C@H]1COc2c1ccc(c2)OCc3ccc(s3)Cl
dude_rock1__L000360,Cc1c\2c(oc1C(=O)N)CC(C/C2=N\NC(=O)c3ccc(cc3)Br)(C)C
dude_rock1__L000361,c1cc(oc1)C(=O)NC(=S)Nc2ccc(cc2C(=O)[O-])I
dude_rock1__L000362,CCc1cc2c(cc1O)OC[C@@H](C2=O)c3c[nH]cn3
dude_rock1__L000363,Cc1ccc(c(c1)C)NC(=O)NC(=O)C[NH+](C)CC(=O)NC(C)C
dude_rock1__L000364,C1CC[C@@H]2[C@H](C1)CCCN2S(=O)(=O)CC[C@@H]3CCCC[NH2+]3
dude_rock1__L000365,Cc1ccc(cc1)SCC(=O)NNC(=O)c2cc3ccccc3[nH]2
dude_rock1__L000366,Cc1ccc(c(n1)OC)CNC(=O)NCc2ccc([nH+]c2)N3CCC(CC3)C
dude_rock1__L000367,CCc1ccc(cc1)C2=N[C@H]([NH2+][C@@H](C2)c3cccc(c3O)OCC)c4ccc(c(c4)Br)OC
dude_rock1__L000368,C[C@H](Cc1ccccc1OC)NC(=O)[C@@H]2CN(CC23CC[NH2+]CC3)C(=O)[C@@H](C)Oc4ccccc4
dude_rock1__L000369,CC(C)CC1=NN=C2[C@H]1CN(CC2)[C@@H]3N[NH2+]NN3c4ccccc4
dude_rock1__L000370,CCCC[NH+](C)[C@H]1[C@@H](c2cccc(c2OC1(C)C)Cl)O
dude_rock1__L000371,CCC1CCC(CC1)[NH+](C)C[C@@H]2CCC[C@@H]2[NH2+]CC
dude_rock1__L000372,C[C@H](c1ccc(cc1Cl)Cl)[NH2+]CC2C[C@H]3CC[C@@H](C2)[NH+]3C
dude_rock1__L000373,C[C@@H]1C[C@@H](C[NH+](C1)C[C@H](C)NC(=O)CNC(=O)NCC2CCCC2)C
dude_rock1__L000374,CC(C)C(=O)Nc1nc(cs1)CC(=O)NC2CC([NH2+]C(C2)(C)C)(C)C
dude_rock1__L000375,Cc1csc(n1)NC(=O)CCNC(=O)N2CCC3=c4cc(ccc4=[NH+][C@H]3C2)Cl
dude_rock1__L000376,CN(CC[NH+]1CCCC1)c2cc(cc(c2)S(=O)(=O)N)N
dude_rock1__L000377,Cc1c(sc(n1)NC(=O)Cn2cnc3c(c2=O)ccs3)C(=O)C
dude_rock1__L000378,CCOc1c(ccc(n1)Nc2cc(ccc2F)Br)N
dude_rock1__L000379,C[C@@H]1CCCC[C@@H]1C[NH2+][C@@H](C)c2ccc3c(c2)OCCO3
dude_rock1__L000380,C[NH+]1CC[C@@H](C1)C[NH2+]C[C@@H](Cn2cc(cn2)[N+](=O)[O-])O
dude_rock1__L000381,CC[C@@]1(CC[NH2+]C1)C(=O)N2CCC[C@@H]2C(=O)N
dude_rock1__L000382,COc1cc(cc(c1O)Br)[C@@H]2C(=C(C(=O)N2CCO)[O-])C(=O)c3ccccc3
dude_rock1__L000383,C[C@H](C(=O)NC(=O)NC)[NH2+]C1CCN(CC1)S(=O)(=O)C
dude_rock1__L000384,C[C@H](C(=O)NC(=O)NC(C)(C)C)[NH+]1CCC(CC1)NC(=O)NC2CCCCC2
dude_rock1__L000385,C[NH+]1CC[C@H](C1)CNS(=O)(=O)c2c(nc3n2ccs3)NN
dude_rock1__L000386,Cc1ccc(cc1)S(=O)(=O)Nc2ccccc2C3=[NH+]CCCN3
dude_rock1__L000387,CC1(CC(CC([NH2+]1)(C)C)NC(=O)C2CCN(CC2)c3c4c(nc[nH]4)nc(n3)Cl)C
dude_rock1__L000388,CC[NH+]1CCc2c(sc3c2C(=N[C@@H](N3)c4ccc(c(c4)[N+](=O)[O-])Cl)O)C1
dude_rock1__L000389,C[C@H]1C[C@@H](CC(C1)(C)C)OC(=O)[C@@](C)(C2CC2)[NH3+]
dude_rock1__L000390,Cc1cc(ccc1Cl)OCc2cc(c(o2)C[NH3+])C
dude_rock1__L000391,Cc3n[nH]c4ccc(c2cncc(OC[C@@H](N)Cc1ccccc1)c2)cc34
dude_rock1__L000392,CC[NH2+][C@H]1CCCC[C@@H]1C[NH+]2CC[C@@H](C[C@@H]2C)C
dude_rock1__L000393,CCc1ccc(cc1)N(C)c2c(n3ccccc3[nH+]2)C[NH3+]
dude_rock1__L000394,C[C@@H](c1ccc(c(c1)CN2C(=O)CCCC2=O)OC)O
dude_rock1__L000395,Cc1c2c([nH+]c(c1CCC(=O)NCCC3=c4ccccc4=[NH+]C3)C)N(NC2)C(C)C
dude_rock1__L000396,CCN(c1cccc(c1)C)c2ccc(c3c2[nH+]ccc3)N
dude_rock1__L000397,C2CN(Cc1ccccc1)CCC2Nc3cccc4cnccc34
dude_rock1__L000398,CSCC[C@@H](C(=O)N1CCC2(CC1)c3c([nH]c[nH+]3)CCN2)NC(=O)CCCc4ccccc4
dude_rock1__L000399,CCNC(=O)NC(=O)C[NH+](CC(=O)NC(=O)NCC)[C@@H]1CCCC[C@H]1C
dude_rock1__L000400,Cc1ccccc1Nc2c(n[nH]c(=O)n2)C
dude_rock1__L000401,Cc1ccc2c(c1)c(c[nH]2)CCNC(=O)[C@@H]3CN(CC34CC[NH2+]CC4)C(=O)c5cccn5C
dude_rock1__L000402,CC[C@H](CO)n1cc(c(=O)cc1C[NH+]2C[C@H](C[C@@H](C2)C)C)O
dude_rock1__L000403,c1ccc2=[NH+]CC(=c2c1)CC(=O)NC[C@@H](c3cccs3)C4=c5ccccc5=[NH+]C4
dude_rock1__L000404,c1cc(ccc1[C@H]2/C(=C(/c3ccc4c(c3)OCCO4)\O)/C(=O)C(=O)N2CCC[NH+]5CCOCC5)[N+](=O)[O-]
dude_rock1__L000405,c1ccc(cc1)N2CC[NH+](CC2)[C@H](CNC(=O)C(=O)NCCC3=CCCCC3)c4ccco4
dude_rock1__L000406,Cc1cc(cc(c1)N2C(=O)/C(=C/c3cc(c(cc3Br)O)OC)/C(=O)NC2=S)C
dude_rock1__L000407,c1ccc2c(c1)N(C(=O)CO2)CC(=O)N3CCC4(CC3)C(=O)NC(=O)N4
dude_rock1__L000408,CC[NH2+][C@H](c1cc2c(cc1Br)[nH]c(=O)[nH]2)[C@H]3CCOC3
dude_rock1__L000409,C[C@@H](C#N)Oc1c(cc(cc1Cl)Cl)C[NH2+]C(C)(C)C
dude_rock1__L000410,Cc1ccc(cc1)CN2Cc3c([nH+]c[nH]3)C[C@H]2C(=O)NCc4ccc(cc4)C#N
dude_rock1__L000411,c1c(cn(n1)c2c(c(ncn2)Cl)N)Cl
dude_rock1__L000412,CC[C@H](C)[NH+](C)CCNC(=O)NNC(=O)c1ccc(o1)COc2ccccc2
dude_rock1__L000413,CC(C)[C@H](CNc1ccc(cc1[N+](=O)[O-])C(=O)N)N2CC[NH+](CC2)C
dude_rock1__L000414,Cc1ccc(c(c1)OCCC(=O)NNC(=O)NCCCn2cc[nH+]c2)C
dude_rock1__L000415,C[C@H](c1ccc(c(c1)F)N2CC[NH+](CC2)C)N[C@H](C)C(=O)NC(=O)NC
dude_rock1__L000416,c1ccc2c(c1)[C@H]([C@@H](C23CC[NH2+]CC3)O)[NH+]4CCC(CC4)CCn5cccn5
dude_rock1__L000417,Cc1ccc(cc1)[C@@H](CNC(=O)CN2C(=O)C3(CCCC3)NC2=O)[NH+]4CCCC4
dude_rock1__L000418,COc1ccc(cc1O)[C@H]2[C@@H]3C(=c4ccccc4=[NH+]3)CCN2
dude_rock1__L000419,C[NH+]1CCC(CC1)N(C)S(=O)(=O)c2ccc(c(c2)N)Cl
dude_rock1__L000420,CC[C@@](C)(/C(=N/O)/N)NC(=O)[C@@H]1CCCOC1
dude_rock1__L000421,CCOc1cc(ccc1O)/C=N/NC(=[NH2+])c2c([n+](c3ccccc3n2)[O-])N
dude_rock1__L000422,C/C(=C(/C#N)\C(=O)CN1C(=O)C(=O)N(C1=O)C2CCCC2)/N
dude_rock1__L000423,CC1(CC(CC([NH2+]1)(C)C)/N=C/C2=C(CC(CC2=O)(C)C)O)C
dude_rock1__L000424,CCc1ncc(s1)CN(C)CN2C(=O)C3(CCOCC3)NC2=O
dude_rock1__L000425,C[C@@H]1CCC[C@@](C1)(C[NH2+]Cc2cccc(c2O)Br)[NH+](C)C
dude_rock1__L000426,Cc1ccc(c(c1)[C@@H](C)[NH2+][C@H](C)C(=O)Nc2cc(ccc2C)S(=O)(=O)N(C)C)OC
dude_rock1__L000427,COc1ccccc1NNC(=O)C(c2ccccc2)(c3ccccc3)O
dude_rock1__L000428,C1CS(=O)(=O)C[C@@H]1[C@@]2(CCS(=O)(=O)C2)C[NH2+]C3CC3
dude_rock1__L000429,CC(C)(CNC(=O)C[C@H]1C(=O)NCC[NH+]1Cc2cccc3c2cccc3)CO
dude_rock1__L000430,CC(C)(C)OC(=O)NC(C)(C)C(=O)N1CCC[C@H](C1)C(=O)N(C)C
dude_rock1__L000431,Cc1nc(no1)C2(CCCC2)[NH2+]CC(=O)NC(=O)NCC=C
dude_rock1__L000432,c1cc(c(cc1[N+](=O)[O-])C(=O)NNC(=O)NCC2CC2)N3CCCCC3
dude_rock1__L000433,c1cc(ccc1/C=C\2/C(=O)N(C(=O)S2)CC(=O)N)Cl
dude_rock1__L000434,C[C@H]1C[C@H](c2ccccc2N1)C(=O)N3CCNC(=O)C3
dude_rock1__L000435,Cc1c(c(n(n1)c2ccccc2)C)[C@@H]3C(=O)NCC[NH+]3CC(=O)Nc4ccccc4SCC=C
dude_rock1__L000436,CCN([C@H]1CCS(=O)(=O)C1)C(=O)[C@H](C)[NH+]2CC[C@H](C2)C(=O)N
dude_rock1__L000437,c1cc2c(cc1O[C@@H]3COCC[C@H]3[NH3+])CCC(=O)N2
dude_rock1__L000438,C[C@@H]1CN(CCO1)c2ccc(c[nH+]2)CNC(=O)NNC(=O)OC
dude_rock1__L000439,c1cc(ncc1S(=O)(=O)NNC(=O)NCCCn2cc[nH+]c2)Cl
dude_rock1__L000440,C[C@@H](c1ccc2=[NH+]C(=O)[NH+]=c2c1)NC(=O)[C@@H](C)NC(=O)OC(C)(C)C
dude_rock1__L000441,Cc1ccc(cc1)c2nnc(n2N)S[C@@H](C)C(=O)N[C@H]3CCC[C@@H]([C@@H]3C)C
dude_rock1__L000442,c1c2c(cc(c1NC[C@H]3CCC=CO3)Br)[nH]c(=O)[nH]2
dude_rock1__L000443,C1CC2(CCC1NC(=O)NCC(F)(F)F)OCCO2
dude_rock1__L000444,Cc1cc(ccc1Cl)OCC(=O)N/N=C(/C)\c2ccc(cc2)N
dude_rock1__L000445,CC[NH+](CC)[C@H](CNC(=O)NC1CC([NH2+]C(C1)(C)C)(C)C)c2ccco2
dude_rock1__L000446,C[C@@H]1[C@@H]([NH2+]NN1c2cc(ccc2Cl)Cl)[C@@H]3C=CN=N3
dude_rock1__L000447,Cc1ccc(c(c1)NS(=O)(=O)c2ccc([nH+]c2)NC)C
dude_rock1__L000448,C[NH+]1CCC[C@H](C1)N(C)c2cc(c(cc2F)N)C(=O)OC
dude_rock1__L000449,c1ccc2c(c1)c3c([nH]2)[C@@H]([NH2+]CC3)c4c(nc(n(c4=O)C5CCCCC5)O)O
dude_rock1__L000450,Cc1ccc2=[NH+][C@@H]([NH+]=c2c1C)CNCC3=NO[C@@H](N3)c4ccc5c(c4)OCO5
dude_rock1__L000451,C1CCNC(=O)[C@H](C1)NC(=O)C[NH+]2CCCC[C@@H]2C(=O)N3CCOCC3
dude_rock1__L000452,CC[NH+]1CCN(CC1)CC(=O)c2c(n(c(=O)n(c2=O)C)C)N
dude_rock1__L000453,Cc1ccc(c(c1)C)NC(=O)NC(=O)[C@@H](C)[NH+]2CCCCCC2
dude_rock1__L000454,Cc1ccc(c(c1)[C@H](C[NH2+][C@@H](C)C2CCCCC2)O)OC
dude_rock1__L000455,CC[NH+]1CCc2c(sc(c2C(=O)N)NC(=O)c3ccc(cc3)S(=O)(=O)N(C)C4CCCC4)C1
dude_rock1__L000456,Cc1ccc(c(c1)C)[C@H](C)[NH2+][C@H]2COc3c2ccc(c3)O
dude_rock1__L000457,CCc1cc(=O)oc2c1cc3c(c2C)OC[NH+](C3)C4CC([NH2+]C(C4)(C)C)(C)C
dude_rock1__L000458,CC1(CC[C@H](O1)C2=CC(=O)c3c(ccc(c3C2=O)O)O)C
dude_rock1__L000459,CC[C@H](COC)NC(=O)[C@H]1[C@@H](c2c(ncnc2S1)NCCC3=c4ccccc4=[NH+]C3)C
dude_rock1__L000460,CC1CCC2(CC1)C(=O)N(C(=O)N2)NC(=O)C[NH+]3CCC[C@@H](C3)CNC(=O)C
dude_rock1__L000461,CC1CCN(CC1)S(=O)(=O)NC2CCN(CC2)S(=O)(=O)C
dude_rock1__L000462,CCCCCC[C@H]1[C@H]([C@@H](OC(=O)[C@@H]([C@@H](OC1=O)C)NC(=O)c2cccc(c2O)NC=O)C)OC(=O)CCC
dude_rock1__L000463,c1cc(ccc1C(=O)N)/[NH+]=c\2/c(cc3ccc(cc3o2)O)C(=O)Nc4nccs4
dude_rock1__L000464,c1ccc(cc1)C2=CCN(CC2)C(=O)[C@@H]3[C@H](C[C@@H](C[NH2+]3)OC(=O)N4CCCC4)C(=O)NO
dude_rock1__L000465,C[C@@H]1C(=C(NN1C)C)NC(=O)CCCC2=c3ccccc3=[NH+]C2
dude_rock1__L000466,CCCC[C@@H](C)C(=O)N1C[C@H](C2(C1)CC[NH2+]CC2)C(=O)NCc3[nH+]ccn3C
dude_rock1__L000467,CC(C)n1cc(cc1C(=O)N(C)[C@@H]2C[NH2+]C[C@H]2O)[N+](=O)[O-]
dude_rock1__L000468,C[C@]12CCCC(=C)[C@H]1C[C@H]3[C@@H](C2)OC(=O)[C@@H]3C[NH2+]CCC4=c5cc(ccc5=[NH+]C4)O
dude_rock1__L000469,c1cc(cc(c1)S(=O)(=O)N2[C@@H]3CC[C@H]2CC(C3)[NH3+])C#N
dude_rock1__L000470,Cc1c(cccc1NC(=O)CC[C@H]2CCCC[NH2+]2)C(=O)N
dude_rock1__L000471,CC[C@H](C)[C@@H](C(=O)[O-])NC(=O)CO/N=C/1\CC[C@@]2([C@H]3CC[C@]4([C@H]([C@@H]3CCC2=C1)CC[C@@]4(C#C)O)C)C
dude_rock1__L000472,C1CC[C@H]([C@H](C1)N(CC(=O)N)C2CC[NH2+]CC2)O
dude_rock1__L000473,Cc1c(c([nH]c1C(=O)COC(=O)c2cc(ccc2N)[N+](=O)[O-])C)C(=O)C
dude_rock1__L000474,Cc1c(c(n[nH]1)C)Nc2cnn(c(=O)c2Cl)C34C[C@@H]5C[C@H](C3)CC(C5)(C4)CC(=O)[O-]
dude_rock1__L000475,CC1(CC(CC([NH2+]1)(C)C)Nc2c(c(ncn2)NCCOC)[N+](=O)[O-])C
dude_rock1__L000476,c1ccc2c(c1)c(cc(=O)[nH]2)CS[C@H]3NN[C@@H](O3)C4CCCCC4
dude_rock1__L000477,COc1c2c(ccc(=O)o2)c(c3c1occ3)N
dude_rock1__L000478,CN(CC(=O)N)C(=O)CCc1c2ccccc2[nH]c1c3ccc(cc3)F
dude_rock1__L000479,CC(C)[C@H](C(=O)N1CCN(CC1)Cc2ccc3c(c2)OCO3)[NH3+]
dude_rock1__L000480,c1c2c(cc(c1[N+](=O)[O-])NC3CCOCC3)NC(=O)C2
dude_rock1__L000481,CCSc1nnc(c(=O)n1N)C(C)(C)C
dude_rock1__L000482,C[NH2+][C@H](c1ccc2c(c1)c3ccccc3o2)c4ccoc4
dude_rock1__L000483,CCN1c2ccccc2[C@@]3(C1=O)NNc4ccccc4O3
dude_rock1__L000484,CCCc1ccc(cc1)[C@H](CNOC)N2CC[NH2+][C@@H](C2)c3ccccc3O
dude_rock1__L000485,C[NH+](Cc1nnc(o1)c2ccc(o2)Br)C3CCNCC3
dude_rock1__L000486,CCn1c(c2ccc(cc2nc1=S)C(=O)N(C)Cc3[nH+]ccn3C)[O-]
dude_rock1__L000487,COc1cccc2c1oc(=[NH2+])c(c2)C(=O)Nc3c(cc(s3)Cc4ccccc4)C(=O)OC
dude_rock1__L000488,C[C@H](C(=O)NNC(=O)NC[C@H](c1ccco1)[NH+](C)C)Oc2ccc(cc2)F
dude_rock1__L000489,c1ccc2=[NH+]CC(=c2c1)C3=CCN(CC3)C(=O)c4ccc(cc4)OCC(=O)N
dude_rock1__L000490,Cc1cc(cc(c1Cl)C)Oc2c(c(ncn2)Nc3cc[nH+]cc3)N
dude_rock1__L000491,C[NH+](Cc1ccc(cc1C#CC[NH3+])F)C[C@@H]2CCCCO2
dude_rock1__L000492,Cc1cc(no1)C(=O)Nc2c(c3c(s2)C[NH+](CC3)C)C(=O)N
dude_rock1__L000493,Cc1cc(c(c(c1)C)NC(=O)CNc2cc(c(cc2F)F)NC(=O)C)C
dude_rock1__L000494,C[C@H]1C[C@@H](CN(C1)C(=O)/C(=C/c2ccc(c(c2)O)O)/C#N)C
dude_rock1__L000495,C[C@H]1C[C@@H](C[NH+](C1)CCCNC(=O)NNC(=O)CC2CCCCC2)C
dude_rock1__L000496,C=CCNC(=O)c1cc2c(nc3ccccn3c2=O)[n+](c1N)CCCO
dude_rock1__L000497,CC1(Cc2c(sc(n2)N(C)C3CCCCC3)[C@@H](C1)[NH2+]C)C
dude_rock1__L000498,c1ccc2=[NH+]CC(=c2c1)CCN3C(=O)[C@@H](NC3=O)CCC(=O)Nc4ccc(c(c4)Cl)F
dude_rock1__L000499,C#CCOc1ccccc1[C@H]2NC(=[NH+]c3n2c4cc5c(cc4n3)OCCCO5)N
dude_rock1__L000500,Cc1cc(n[nH]1)C[C@H](C)n2c[nH+]c(c2[C@H]3CNN(C3)CC=C)c4ccccc4
dude_rock1__L000501,CC(C)NC(=O)NC[C@@H]1[C@@H]([C@@H]([C@@H](O1)CO)O)N2CCN(CC2)c3cccc[nH+]3
dude_rock1__L000502,Cc1c\2c(oc1C(=O)N3CCc4ccccc4C3)CC(C/C2=N\NC(=[NH2+])N)(C)C
dude_rock1__L000503,Cc1ccc(c(c1)C)C(=O)Nc2ccc(cc2)N3CCC(CC3)[NH+](C)C[C@@H](CO)O
dude_rock1__L000504,CCNC(=O)NC(=O)[C@@H](C)[NH+]1CCC(CC1)CCc2ccc(cc2)O
dude_rock1__L000505,Cc1c(c(=O)[nH]c(=O)[nH]1)CCC(=O)N2CCC[NH+](CC2)CC(=O)N(C)C
dude_rock1__L000506,C[NH+](C)Cc1c(ccc2c1oc(=O)c(c2)c3[nH]c4ccccc4n3)O
dude_rock1__L000507,CCc1ccccc1NC(=O)C[NH+](C)CC(=O)NC(=O)NCC(F)(F)F
dude_rock1__L000508,C[NH+](C)CCCn1cnc2c(c1=[NH2+])[C@H](c3ccc(cc3O2)O)c4ccccc4
dude_rock1__L000509,C[C@H](c1nnc2n1CCC2)[NH2+]Cc3ccc(c(c3)Cl)Cl
dude_rock1__L000510,Cc1cc(n(n1)Cc2cc3c(c(c2)Cl)OCO3)N
dude_rock1__L000511,Cc1ccc(c(c1)OCc2nnc(n2C)C)N
dude_rock1__L000512,CCC[C@@H]1C[C@@H]([NH+](C1)C)C(=O)N[C@@H]([C@@H]2[C@H]([C@@H]([C@H]([C@H](O2)SC)O)O)O)[C@@H](C)O
dude_rock1__L000513,C1CCc2c(sc(c2C(=O)N)NC(=O)CCC3CCCC3)CC1
dude_rock1__L000514,CC[NH2+][C@H](c1cc(cc(c1)F)F)c2cc(ccc2OC)Br
dude_rock1__L000515,CCc1cc(c2cc(ccc2[nH+]1)OCC(F)(F)F)N
dude_rock1__L000516,Cc1c(c(n(n1)c2ccccc2)C)[C@H]3C(=O)NCC[NH+]3CC(=O)NCCC4=CCCCC4
dude_rock1__L000517,C[C@H](C(=O)N)[NH+]1CCC(=CC1)c2cnn(c2)c3ccc(cc3)C(C)C
dude_rock1__L000518,CCSc1c(cccn1)C(=O)N2C[C@H](C3(C2)CC[NH2+]CC3)C(=O)N[C@@H](C)C(=O)NC
dude_rock1__L000519,C[C@H](C(=O)NC(=O)NC(C)C)[NH2+]CC1(CCOCC1)c2ccc(cc2)F
dude_rock1__L000520,Cc1ccc(cc1S(=O)(=O)N)NCc2[nH]cc[nH+]2
dude_rock1__L000521,CC[NH2+][C@H](c1ccc2c(c1)C[C@H](O2)C)c3ccc(o3)Br
dude_rock1__L000522,CS(=O)(=O)[N-]c1ccc(cc1C(=O)NNC(=O)c2ccc(cc2)C#N)Cl
dude_rock1__L000523,CC[C@H]1CN(c2cc(ccc2O1)C(C)(C)C)[C@@H](C)C[NH3+]
dude_rock1__L000524,C[NH2+]CCc1cn(cn1)[C@H]2[C@H]([C@@H]([C@@H]([C@@H](O2)CO)O)O)O
dude_rock1__L000525,c1c2c(cc3c1OCO3)N/C(=C/4\C=CC=[NH+]4)/C=C2O
dude_rock1__L000526,CC[C@@H](C)C(=O)N1C[C@@H](C2(C1)CC[NH2+]CC2)C(=O)NCC(=O)N(C)C
dude_rock1__L000527,CCCOc1ccc(cc1)[C@H]2C[NH2+]C3(CCCCC3)CO2
dude_rock1__L000528,CN(CC(=O)N1CCCC1)C(=O)[C@H]2CCC[C@H](C2)CC[NH3+]
dude_rock1__L000529,CC1(Cc2c(sc([nH+]2)N(C)[C@@H]3CCS(=O)(=O)C3)[C@@H](C1)O)C
dude_rock1__L000530,CC1(CO[C@H](C[NH2+]1)c2ccc(cc2)Oc3ccccc3F)C
dude_rock1__L000531,Cc1ccc(c2c1[C@@H](C[C@@H]2[NH2+]Cc3ccc(o3)C)C)O
dude_rock1__L000532,Cc1c[nH]/c(=N\C(=O)NC[C@@H]2CCOC2)/s1
dude_rock1__L000533,CN1c2ccccc2N[C@H]1[C@@H]3c4c(c5ccccc5[nH]4)CCN3Cc6cnc(nc6)SC
dude_rock1__L000534,c1cc(cc(c1)Br)S(=O)(=O)N[C@@H]2CCCCC[C@@H]2[NH3+]
dude_rock1__L000535,Cc1ccc(cc1C)S(=O)(=O)N[C@H]2CCCNC2=O
dude_rock1__L000536,c1cnc(cc1N2CCC[C@@H]2CCCO)C(=[NH2+])N
dude_rock1__L000537,C[C@H]1CCc2c(c(on2)Nc3c(c(nc(n3)NCC[NH2+]CCO)N)[N+](=O)[O-])C1
dude_rock1__L000538,c1ccc(c(c1)[C@@H]2[C@H]([C@@]2(C#N)C(=C(C#N)C#N)N)C#N)Cl
dude_rock1__L000539,CC(C)Cn1c(=O)c2c(csn2)n(c1=O)CC(=O)N
dude_rock1__L000540,COC(=O)[C@@H]1C(=c2cc(ccc2=[NH+]1)Br)NC(=O)C(c3ccccc3)(c4ccccc4)O
dude_rock1__L000541,CC(=O)N/C(=C\c1ccccc1)/C(=O)N2CCOCC2
dude_rock1__L000542,CC(C)CC(=O)N1CCc2c3cc(ccc3[nH]c2[C@H]1C[NH2+]C)OC
dude_rock1__L000543,C[C@@H](CC1=c2ccccc2=[NH+]C1)NC(=O)CN3[C@H](Nc4ccccc4C3=O)O
dude_rock1__L000544,[H]/N=C(/N)\NC(=[NH2+])S[C@H]1CC(=O)N(C1=O)c2ccc(cc2)C(=O)OC
dude_rock1__L000545,CS[C@H]1CC(=O)c2c(c3c(cc4c(cccc4n3)c5ccccc5O)c(=O)n2F)N1
dude_rock1__L000546,C[NH2+]CCCC(=O)Nc1c(cc(c2c1nsn2)Cl)Cl
dude_rock1__L000547,CCOc1cccc2c1oc(c2)[C@@H](C)[NH2+][C@@H](C)C(=O)Nc3cc(on3)C
dude_rock1__L000548,C1CCC(C1)NC(=O)CCNC(=O)NCC2(CCCC2)[NH+]3CCSCC3
dude_rock1__L000549,Cc1cc(=O)[nH]c(n1)CN2CN[C@@H]([C@@H]2c3ccc([nH+]c3)N(C)C)c4ccccc4
dude_rock1__L000550,Cc1ccccc1/C=C\2/C(=O)c3c(cc(c(c3O2)C[NH+]4C[C@H]5C[C@@H](C4)c6cccc(=O)n6C5)O)C
dude_rock1__L000551,c1cc(ccc1c2ccc(o2)/C=C(\C#N)/C(=O)Nc3c(c4c(s3)CCCC4)C#N)C(=O)[O-]
dude_rock1__L000552,Cn1c2c(c(=O)n(c1=O)C)ncn2CC(=O)NNC3=c4ccccc4=[NH+]C3=O
dude_rock1__L000553,CCOC(=O)[C@H]1CCCN1c2c(c(cc([nH+]2)C)C)C(=S)N
dude_rock1__L000554,CC(C)[C@H]1[C@H]2[C@@H](C(=O)N(C2=O)c3cccc4c3cccc4)[C@@]5(N1)c6ccccc6NC5=O
dude_rock1__L000555,Cc1cc(c(cc1C)C[NH2+]CC2(CCCCC2)[NH+](C)C)C
dude_rock1__L000556,CCOC(=O)c1c2c(sc1NC(=O)CSc3nccn3C)C([NH2+]C(C2)(C)C)(C)C
dude_rock1__L000557,CCCn1c(=O)[nH]nc1S[C@@H](C)C(=O)N2CCNC2=O
dude_rock1__L000558,C[C@@H](c1cccc(c1)S(=O)(=O)N)[NH+](C)CC(=O)N2c3ccccc3NC(=O)C24CCCC4
dude_rock1__L000559,C[NH+](C)[C@H](CNC(=O)C(=O)Nc1c(ccs1)C(=O)N)c2ccco2
dude_rock1__L000560,Cc1ccccc1C[NH2+][C@@H]2c3c(cccc3Br)NC2=O
dude_rock1__L000561,Cc1cc(c2cc(c(=O)[nH]c2c1)[C@@H](c3nnnn3C4CCCC4)[NH+]5CCc6ccccc6C5)C
dude_rock1__L000562,c1cc(cc(c1)C(=O)[O-])C(=O)N2C[C@@H]3C[C@H](C2)c4ccc(c(=O)n4C3)NC(=O)NC5CCCCC5
dude_rock1__L000563,Cc1ccc2=[NH+][C@H]([NH+]=c2c1)CCNC(=O)[C@@H]3NC(=NO3)c4ccc(cc4)N5CCCCC5
dude_rock1__L000564,Cc1cccc(c1)CC(=O)N2C[C@@H](C3(C2)CC[NH2+]CC3)C(=O)N[C@H](C)Cc4ccccc4OC
dude_rock1__L000565,C[NH+](Cc1ccc(s1)Cl)C[C@H](COc2ccccc2N)O
dude_rock1__L000566,Cc1ccc2c(c1C)NC(=O)[C@]23[C@H]4[C@@H]([C@@H]([NH2+]3)Cc5c[nH]c6c5cccc6)C(=O)N(C4=O)CCOC
dude_rock1__L000567,COc1ccc2=[NH+]CC(=c2c1)CCN3[C@@H](Nc4ccccc4C3=O)SCC(=O)OC
dude_rock1__L000568,CCn1cc(c2c1cccc2)[C@H]3C/C(=C/4\C(=O)N=C(N(C4=O)Cc5ccccc5)[O-])/NN3
dude_rock1__L000569,C[C@@H]1CCc2c(sc3c2c(ncn3)N[C@H](C)c4ccc(cc4)S(=O)(=O)N)C1
dude_rock1__L000570,Cc1ccc2[nH+]c(cn2c1)CNC(=O)[C@H]3CN(CC34CC[NH2+]CC4)C(=O)[C@@H]5CCC=CC5
dude_rock1__L000571,C[C@H](CC[NH+](C)C)NC(=O)NNC(=O)c1cc(cn1C)Br
dude_rock1__L000572,CCC[C@H]1C[C@H]([NH+](C1)C)C(=O)N[C@@H]([C@H]2[C@@H]([C@H]([C@@H]([C@H](O2)SC)O)O)O)[C@@H](C)O
dude_rock1__L000573,C1Cc2c(s/c(=N/S(=O)(=O)C[C@@H]3CCC[NH2+]C3)/[nH]2)C1
dude_rock1__L000574,CC(=O)c1ccc(cc1)N2C(=O)C[C@H](C2=O)S/C(=[NH+]/NC(=O)C)/N
dude_rock1__L000575,C4CC(Nc2ccc1[nH]ncc1c2)CN(Cc3cccnc3)C4
dude_rock1__L000576,Cn1c(=O)c(c([nH]c1=O)O)C2=Nc3ccccc3S[C@@H](C2)c4ccc(cc4OC)OC
dude_rock1__L000577,CCNC(=O)[C@@H](C)NC(=O)[C@H]1CC[C@@H](C[C@@H]1C)[NH3+]
dude_rock1__L000578,CN(C)c1ccc(cc1)/C=C/C(=O)N2CCNC(=O)C2
dude_rock1__L000579,C[C@@H]1CCc2c(sc3n2c(c(n3)C(C)C)CC[NH3+])C1
dude_rock1__L000580,Cc1cccc(c1C)NC(=O)C[NH+](C)CC(=O)NC(=O)NCC=C
dude_rock1__L000581,CC[NH+](C[C@H]1CCCCC[C@@H]1[NH2+]C)C2CCCCC2
dude_rock1__L000582,CC[C@@H](C)[NH+]1CCN(CC1)c2c(c(c(nn2)C)C)C(=S)N
dude_rock1__L000583,CCOCc1cn(c(nc1=[NH2+])C)[C@@H]2C[C@@H]3[C@@H]4CC[C@@H]5CCCC[C@@]5([C@@H]4CC[C@@]3(C2=O)C)C
dude_rock1__L000584,Cc1ccc2=[NH+]CC(=c2c1)CCNc3nnc(c(=O)n3N)c4ccc(cc4)Cl
dude_rock1__L000585,CC(C)(C)OC(=O)[C@H]1CN(CC[NH2+]1)S(=O)(=O)c2ccc(cc2)N
dude_rock1__L000586,C4CC(Nc2ccc1[nH]ncc1c2)CN(Cc3ccco3)C4
dude_rock1__L000587,CC(C)(C)c1c(sc(n1)N(C)CC2CCCCC2)C[NH3+]
dude_rock1__L000588,CN1C(=O)C(=C2C[C@@H](NN2)c3ccc(cc3)N(C)C)C(=O)N(C1=O)C
dude_rock1__L000589,CCC(=O)Nc1ccc(cc1)[C@@H](C)NC(=O)Nc2ccc[nH+]c2N3CCOCC3
dude_rock1__L000590,CCCCN(c1c(n(c(=O)[nH]c1=O)CC(C)C)N)C(=O)C[NH+]2CCC[C@H]2c3cccs3
dude_rock1__L000591,CC1(COCCN1c2ccc(c(n2)OC(C)(C)C)N)C
dude_rock1__L000592,C1CN2[C@@H](CN1C(=O)[C@@H]3CSC[NH2+]3)C(=O)N(C2=O)CC(=O)N
dude_rock1__L000593,CC(C)(CO)NC(=O)c1ccc(nc1)C(=O)N2CCN(CC2)c3c(ccc[nH+]3)N
dude_rock1__L000594,COc1c(cc(cc1Br)Cl)S(=O)(=O)[N-]c2cccc(c2)S(=O)(=O)N
dude_rock1__L000595,C[C@H](c1cc2ccccc2o1)NC(=O)[C@]3(CC[NH2+]C3)C
dude_rock1__L000596,C[C@@H]1CCCC[C@H]1n2cc(c(=O)cc2CN3CC[NH+](CC3)C)O
dude_rock1__L000597,c1c(c(c(nc1N2CCOCC2)NCCC[NH3+])[N+](=O)[O-])C(F)(F)F
dude_rock1__L000598,Cc1cccc(c1)n2c(nnc2S[C@H]3CCCCNC3=O)C4=c5ccccc5=[NH+]C4
dude_rock1__L000599,c1ccc(cc1)CCn2c(=O)c(c(nc2O)O)[C@H]3c4ccccc4CC[NH2+]3
dude_rock1__L000600,Cc1c(c(n([nH+]1)C)N)COc2cc(c(cc2Cl)Cl)Cl
dude_rock1__L000601,c1ccc(c(c1)/C=N/NC(=O)c2ccc(cc2)C#N)O
dude_rock1__L000602,CC1(CCCC1)[NH2+]Cc2cc(c(c(c2)Br)O)OC
dude_rock1__L000603,c1ccc(cc1)N(CC#N)C(=O)CS[C@@H]2NN=C(N2C3CC3)C4=c5ccccc5=[NH+]C4
dude_rock1__L000604,Cc1cc(c(o1)C)[C@@H](C)[NH2+][C@H]2c3c(cccc3Cl)NC2=O
dude_rock1__L000605,CCN(c1c(n(c(=O)[nH]c1=O)Cc2ccccc2)N)C(=O)C[NH+](C)[C@H](C)c3ccc(c(c3)F)F
dude_rock1__L000606,C[C@H](Cc1ccc(o1)c2cc(ccc2Cl)[N+](=O)[O-])[NH3+]
dude_rock1__L000607,Cc1ccc(cc1[N+](=O)[O-])C(=O)NNC(=S)[NH+]=c2ccc-3c(cc(oc3c2)O)C
dude_rock1__L000608,c1cc2c(cc1NS(=O)(=O)C3CCOCC3)CCN2
dude_rock1__L000609,CCc1ccc2=C[C@H](C(=O)[NH+]=c2c1)C[NH2+]C3CCCCC3
dude_rock1__L000610,Cc1ccc(cc1)[C@H](CNc2ccc(cc2[N+](=O)[O-])S(=O)(=O)N)[NH+](C)C
dude_rock1__L000611,Cn1c(c(c([nH+]1)[C@@H]2C[C@H]3CC[C@@H]2C3)c4ccccc4F)N
dude_rock1__L000612,Cc1c(cc(s1)[C@@H]2C3=C(CCCC3=O)OC(=C2C(=O)OC)N)C[NH+]4CCOCC4
dude_rock1__L000613,C[C@@H](C(=O)NC1CC([NH2+]C(C1)(C)C)(C)C)NC(=O)c2cccs2
dude_rock1__L000614,CC1([C@H]([C@@H](c2ccc3c(c2O1)OCCO3)O)[NH3+])C
dude_rock1__L000615,C[C@@H](C(=O)NC(=O)NCC=C)N1CCN(CC1)c2cccc[nH+]2
dude_rock1__L000616,CC(C)C[NH+]1CCN(CC1)C(=O)Nc2c(c3c(s2)COC(C3)(C)C)C(=O)N
dude_rock1__L000617,C[C@@H](c1ccc(cc1)Br)[NH2+]Cc2cn(c(=O)n(c2=O)C)C
dude_rock1__L000618,C[C@H](c1cc2ccccc2o1)NC(=O)Nc3ccc[nH+]c3N4CCOCC4
dude_rock1__L000619,Cc1cc(cc(c1C)S(=O)(=O)N)C(=O)NC[C@@H](c2ccsc2)[NH+](C)C
dude_rock1__L000620,CCOC(=O)[C@H](Cc1cc(cc(c1O)I)C)[NH3+]
dude_rock1__L000621,Cc1cc2=[NH+]C([NH+]=c2cc1C)/C(=C/c3ccc(c(c3)OC)OCC=C)/C#N
dude_rock1__L000622,CC[C@@H](c1cccs1)NS(=O)(=O)c2cc(c(c(c2)N)C)C
dude_rock1__L000623,CC[C@@](C)(C[NH2+]C(C)C)C[NH+](C)[C@@H]1CCCC[C@@H]1C
dude_rock1__L000624,Cc1ccc2c(c1)occ2CC(=O)N3CCNC(=O)[C@H]3CC(=O)OC
dude_rock1__L000625,CCCCNC(=O)NC1(CCCCC1)C(=O)NC2CC[NH+](CC2)C3CC3
dude_rock1__L000626,c1ccc(c(c1)[C@H](C(=O)N)[NH2+]Cc2cccs2)OC(F)F
dude_rock1__L000627,Cn1c2c(cn1)[C@H](CCC2)NC(=O)C3(CCCCC3)[NH3+]
dude_rock1__L000628,c1cc(cc(c1)[N+](=O)[O-])[C@H]2[C@H]3CC=C[C@@H]3c4cccc(c4N2)O
dude_rock1__L000629,CCC[NH2+]Cc1c(cc(nc1n2c(c(c(n2)C)Cl)C)C)C
dude_rock1__L000630,CCOc1ccc(c(c1)/C=[NH+]/C[C@]2(CCCc3c2cccc3)O)O
dude_rock1__L000631,C[C@@H](CCCC(C)(C)O)NC(=O)[C@H]1CN(CC12CC[NH2+]CC2)C(=O)c3cccc(c3)Br
dude_rock1__L000632,C1CC1C(=O)N[C@H]2C[C@H]3C(=O)NC[C@H]([NH+]3C2)CCC(=O)NC4CC4
dude_rock1__L000633,c1(c(c(c(c(c1F)F)N=[N+]=[N-])F)F)C(=O)N
dude_rock1__L000634,C[C@H](C(=O)Nc1ccccc1[N+](=O)[O-])[NH+]2CCCN(CC2)C(=O)N
dude_rock1__L000635,c1c[nH+]c(cc1/C(=N\OCC(=O)N2CCCCC2)/N)N3CCCCC3
dude_rock1__L000636,C[C@H]1CCCC[C@H]1CNC(=O)[C@@H]2C[C@@H]3CCCC[C@@H]3[NH2+]2
dude_rock1__L000637,C[C@H](C(=O)NNC(=O)NCCCn1cc[nH+]c1)NC(=O)OC(C)(C)C
dude_rock1__L000638,CCOc1nc2c(c3c(s2)CCCC3)c(=O)n1CC[NH+]4CCN(CC4)C(=S)NC
dude_rock1__L000639,Cc1c(cc(s1)C(=O)OCC(=O)N2CCCCC2)N
dude_rock1__L000640,CC(=O)N[C@@H](C1CCCC1)C(=O)N2CCC[C@@H](C2)[NH+]3CCCC3
dude_rock1__L000641,Cc1ccc2c(c1C)NC(=O)[C@]23[C@H]4[C@@H]([C@H](N3)CCC(=O)[O-])C(=O)N(C4=O)CCc5ccccc5
dude_rock1__L000642,Cc1ccc(c(c1)C(=O)N[C@@]2(CCS(=O)(=O)C2)C)O
dude_rock1__L000643,C[C@@H](C1CC1)[NH2+]C2C[C@H]3CC[C@@H](C2)N3C(=O)OC(C)(C)C
dude_rock1__L000644,CCC[NH2+][C@H](c1ccc2c(c1)oc(=O)[nH]2)[C@@H]3CCCOC3
dude_rock1__L000645,Cc1cc(cc(c1)OC[C@H](C[NH2+][C@H]2CCC[C@@H](C2)C)O)C
dude_rock1__L000646,c1cc([nH+]cc1CNC(=O)CNC(=O)c2ccc(o2)Br)N3CCCC3
dude_rock1__L000647,C[C@]1([NH2+]C[C@@H](O1)c2ccc(cc2)[N+](=O)[O-])c3cc(ccc3O)O
dude_rock1__L000648,CCCCNC(=O)C1=CC2=[NH+][C@@H](C[C@H](N2N1)C(F)(F)F)c3ccco3
dude_rock1__L000649,c1cnc(nc1N)c2cc3c(c(c2)Cl)OCO3
dude_rock1__L000650,C[C@@H]1[C@H](CC[C@]2([C@H]1[C@H]([C@H](CC2)[C@H](C)C(=O)NC(C)(C)C)O)C)NC(=O)c3ccc(cc3)C#N
dude_rock1__L000651,C4CCC(Nc3nc(Nc1ccncc1)nc(N2CCNCC2)n3)C4
dude_rock1__L000652,Cc1ccc(c(c1)Oc2ccc(cc2)[C@](C)(C[NH2+]C)O)C
dude_rock1__L000653,c1csc2n1cc(n2)CC(=O)Nc3cc(c(c(c3)Cl)N)Cl
dude_rock1__L000654,CC[C@@H]1CCC[NH+]1CC2(CCCC2)C[NH2+]C(C)(C)C
dude_rock1__L000655,CN1C[C@H]2C[NH2+]C[C@]2(C1)C(=O)NCCC(=O)Nc3ccccc3OC
dude_rock1__L000656,CC(C)(C(=O)N1CCC[C@H]1C(=O)N2CCOCC2)[NH2+]C
dude_rock1__L000657,C[NH+]1CCC(CC1)N(C)c2n[nH]c(=S)n2C3CCCC3
dude_rock1__L000658,c1ccc2c(c1)[C@@]3([C@H]4[C@@H]([C@H]([NH2+]3)Cc5ccc(c(c5)O)O)C(=O)N(C4=O)c6ccc(cc6)Cl)C(=O)N2
dude_rock1__L000659,COc1cc(c(cc1OC)NC(=O)c2ccc(s2)Br)N
dude_rock1__L000660,c1ccc(cc1)n2c(=O)c3c([nH]2)NC4=C([C@@H]3c5cccs5)C(=O)C[C@@H](C4)c6ccco6
dude_rock1__L000661,Cn1cc(cc1C(=O)N[C@@H]2CCC[C@H]2n3cc[nH+]c3)Br
dude_rock1__L000662,CCCN1CC[NH+](CC1)[C@@H]2C[C@H](CC[C@@H]2C[NH3+])C(C)(C)C
dude_rock1__L000663,c1cc(c(cc1N)Cl)SCc2cc(ccc2[N+](=O)[O-])F
dude_rock1__L000664,Cc1cc(cc(c1C)N)S(=O)(=O)N2CC[NH+]3CCC[C@@H]3C2
dude_rock1__L000665,Cc1ccsc1C(=O)NNC(=O)NC[C@@H](C)[NH+]2CCc3ccccc3C2
dude_rock1__L000666,c1ccc(c(c1)C(=O)NCC(=O)N2CCC3(CC2)c4c([nH+]c[nH]4)CCN3)F
dude_rock1__L000667,C[C@@H](C(=O)NC(=O)NC[C@H]1CCCO1)[NH+]2CCC(CC2)CC[NH+](C)C
dude_rock1__L000668,COc1ccc2=[NH+][C@@H]3[C@H](NCCC3=c2c1)[C@@H]4C(=N[C@@H](N(C4=O)c5cccc(c5)Cl)O)O
dude_rock1__L000669,c1cc(ccc1CS(=O)(=O)N)[N-]S(=O)(=O)c2ccc(c(c2)[N+](=O)[O-])Cl
dude_rock1__L000670,CC(C)(C)c1ccc(cc1)S(=O)(=O)N[C@H]2CCC[C@H]2[NH3+]
dude_rock1__L000671,CC(C)(C)c1ccc2cc([nH]c2c1)C(=O)N3CCC[NH+](CC3)CC(=O)N
dude_rock1__L000672,Cc1ccc(c(c1F)F)C(=O)N2C[C@H](C3(C2)CC[NH2+]CC3)C(=O)NCCc4c[nH]c5c4cccc5
dude_rock1__L000673,C[C@@H]1C(=c2cc(ccc2=[NH+]1)C(=O)NNC(=O)c3cccs3)C
dude_rock1__L000674,C[C@@]1(CCS(=O)(=O)C1)NC(=O)Cn2cc(nn2)C[NH3+]
dude_rock1__L000675,CN(c1c2ccccc2cc([nH+]1)CO)[C@H]3CCS(=O)(=O)C3
dude_rock1__L000676,C[C@@H](C[NH2+][C@@H](c1ccc(cc1)F)C(=O)N)N2CCN(CC2)c3ccccc3
dude_rock1__L000677,Cc1c[nH+]c(nc1N)N2C[C@@H]3C[NH+](C[C@@]3(C2)C(=O)[O-])C4CCCC4
dude_rock1__L000678,c1ccc(cc1)COc2ccccc2/C=N/Nc3nnc(n3N)SCC(=O)Nc4ccccc4[N+](=O)[O-]
dude_rock1__L000679,C[C@H]1CCCC[C@H]1N(C)c2ncc(s2)C[NH2+]C(C)(C)C
dude_rock1__L000680,CCn4c(c1nonc1N)nc5cnc(Oc3cccc(NC(=O)c2ccc(N(C)C)cc2)c3)cc45
dude_rock1__L000681,Cc1ccc2=[NH+][C@H]3C(=c2c1)N=NC(=[NH+]3)N/N=C/c4ccc(c(c4)OC)O
dude_rock1__L000682,COC(=O)c1ccc(cc1)c2ccc(o2)CN[C@H]3N[NH2+]N=N3
dude_rock1__L000683,CC1=C[C@H](N=N1)[C@H]2NN[C@@H](N2N)SCC(=O)c3ccccc3Cl
dude_rock1__L000684,COc1ccc2=[NH+][C@H]3[C@@H](NCCC3=c2c1)[C@@H]4C(=N[C@@H](N(C4=O)Cc5ccccc5)O)O
dude_rock1__L000685,Cc1c(c(n(n1)CC(C)C)C)CC(=O)N[C@H]2CCc3nnc(n3C2)C
dude_rock1__L000686,C[C@@H]1CCCC[C@H]1CNC(=O)C[C@@H]2CCCC[NH2+]2
dude_rock1__L000687,c1c2c([nH+]c(c1/C(=N\O)/N)N3CCCSCC3)CCC2
dude_rock1__L000688,Cc1ccc(cc1)Oc2ccc(cc2)OC(C)(C)C[NH3+]
dude_rock1__L000689,C#CCOc1ccc(cc1/C=C(/C#N)\C2[NH+]=c3ccccc3=[NH+]2)Br
dude_rock1__L000690,Cc1c(n2ccsc2n1)C[NH2+]C3CCN(CC3)S(=O)(=O)C
dude_rock1__L000691,CC(=O)Nc1c(n(nc1Sc2ccc(cc2)Cl)c3ccccc3)N
dude_rock1__L000692,Cc1ccc(c(c1)Nc2[nH]c(=O)c3c(n2)CSC3)OC
dude_rock1__L000693,C[C@@H](C(=O)NC(=O)NC1CC1)[NH+]2CCC(CC2)CC(=O)N3CCCC3
dude_rock1__L000694,CC(C)(C)NS(=O)(=O)c1cc(cc(c1)NC[C@H]2CCC=CC2)C(=O)N3CCC[NH+](CC3)C
dude_rock1__L000695,CC(C)C(=O)N1C[C@H](C2(C1)CC[NH2+]CC2)C(=O)NCCN3CCC[NH+](CC3)C
dude_rock1__L000696,Cc1cc(c(c(c1)C)NC(=O)C[NH+](C)CC(=O)c2c(n(c(=O)[nH]c2=O)C3CC3)N)C
dude_rock1__L000697,Cc1ccccc1[C@@H]2[C@H]3[C@@H](C(=O)N(C3=O)C)[C@@]([NH2+]2)(CO)C(=O)OC
dude_rock1__L000698,C1CCC(CC1)CN2CCC[C@](C2=O)(C[NH+]3CCCCC3)O
dude_rock1__L000699,c1ccc(cc1)N(c2ccccc2)Nc3c(c([nH+]cn3)Nc4cccc5c4nccc5)N
dude_rock1__L000700,C[C@@H]1CCC[C@@H]([C@@H]1C)NC(=O)c2ccc3c(c2)n4c(c(sc4=S)C(=O)NC(C)C)nc3[O-]
dude_rock1__L000701,C/C(=C\c1ccccc1)/C=C\2/C(=O)N(C(=S)S2)CCC(=O)Nc3ccc(cc3)C(=O)[O-]
dude_rock1__L000702,Cc1ccc2c(c1)c(=O)c(co2)[C@@H]3CC(=O)N[C@@H]4C3=C(NN4c5ccc(nn5)[O-])C
dude_rock1__L000703,CC(C)(C)c1c(=O)n(c(n[nH+]1)N/N=C/c2ccc(cc2)Cl)N
dude_rock1__L000704,CCO[C@@H]1CC2(CC[NH2+]CC2)Oc3c1cc4c(c3)OCCO4
dude_rock1__L000705,CC1CCC(CC1)OCc2c(c3ccccc3o2)C[NH3+]
dude_rock1__L000706,Cc1ccc2c(c1C)NC(=O)[C@@]23[C@H]4[C@@H]([C@H]([NH2+]3)[C@H](C)O)C(=O)N(C4=O)Cc5ccc(cc5)OC
dude_rock1__L000707,CCOc1ccc2ccccc2c1/C=C(\C#N)/[C@H]3[NH+]=c4ccc(cc4=[NH+]3)C
dude_rock1__L000708,c1nc(nn1[C@@H]2[C@H]([C@@H]([C@@H](O2)CO)O)O)C3=[NH+]CCCN3
dude_rock1__L000709,c1ccc2=[NH+]CC(=c2c1)C(=O)CSc3nc(c4ccsc4n3)N
dude_rock1__L000710,C[C@H]1CCCC[C@@H]1NC(=O)NC(=O)C[NH+]2CCC(CC2)CC[NH+](C)C
dude_rock1__L000711,Cc1c(n2c3c(=O)[nH]c(=O)n(c3nc2n1CC[NH2+]CCCO)C)C
dude_rock1__L000712,CCC[NH+]=c1c2ccccc2oc(c1NC(=O)NCCCOC)O
dude_rock1__L000713,COc1ccc(cc1OC)[C@@H]2C(=C3N=C(c4c5c(sc4N3C6=C2C(=O)CCC6)CCCC5)N)C#N
dude_rock1__L000714,Cc1cc(ccc1S(=O)(=O)NNC(=O)NCCC(C)C)[N+](=O)[O-]
dude_rock1__L000715,CC1([C@H]2CC[C@@]1([C@@H](C2)NC(=O)[C@@H]3CCCC[NH2+]3)CS(=O)(=O)N4CCC5(CCc6c5cccc6)CC4)C
dude_rock1__L000716,c1ccc2c(c1)CC[NH+](C2)[C@H]3[C@H](O[C@H]([C@H]3O)CO)CNC(=O)c4cccs4
dude_rock1__L000717,CCc1nnc(s1)NC(=O)N[C@@H](C)c2cnn(c2C)C
dude_rock1__L000718,Cc1ccc(cc1S(=O)(=O)Nc2cc3c(cc2C(=O)[O-])OCCCO3)Br
dude_rock1__L000719,CC[C@H](C)[C@H](C(=O)[O-])NC(=O)CO/N=C/1\CC[C@@]2([C@H]3CC[C@]4([C@H]([C@@H]3CCC2=C1)CC[C@@]4(C#C)O)C)C
dude_rock1__L000720,CONC(=O)c1ccc(cc1)NS(=O)(=O)c2ccc3=[NH+]C(=O)[NH+]=c3c2
dude_rock1__L000721,C[C@](c1ccccc1)(C(=O)N2CCC[C@@H]2C(=O)OC)N
dude_rock1__L000722,CCC(=O)Nc1nnc(o1)[C@H]2CC(=O)N(C2)c3ccc(cc3)SC
dude_rock1__L000723,Cc1cc(nc(n1)N)N2CCO[C@H](C2)c3ccccc3F
dude_rock1__L000724,C[C@@H]1CCC[NH+](C1)[C@@H](C)CNC(=O)NNC(=O)OC(C)(C)C
dude_rock1__L000725,CCCOC(=O)c1ccc2c(c1)[C@H]3C=CC[C@H]3[C@H](N2)c4ccc(cc4O)O
dude_rock1__L000726,c1cc(cc(c1)F)C(=O)N/[NH+]=C(\c2cc3cc(ccc3oc2=O)Cl)/N
dude_rock1__L000727,Cc1ccc(c(c1)[C@@H]2Nc3c(c4c(s3)C[C@H](CC4)C)C(=N2)O)O
dude_rock1__L000728,c1cc(sc1)/C=C\2/C(=O)N(C(=S)S2)CC(=O)Nc3ccc(c(c3)O)C(=O)[O-]
dude_rock1__L000729,CC1=C[C@@H](NO1)NC(=O)/C(=C/C2=c3cccnc3=[NH+]C2)/C#N
dude_rock1__L000730,C[NH+]1[C@@H]2CC[C@H]1CC(C2)C[NH2+][C@@H]3CCc4c3cccc4O
dude_rock1__L000731,c1cc(c(cc1Br)S(=O)(=O)/N=c\2/[nH]c(cs2)C3CC3)N
dude_rock1__L000732,c1ccc(c(c1)C[NH+]2CCNC(=O)[C@H]2CC(=O)NN)OC[C@@H]3CCCO3
dude_rock1__L000733,Cn1c(c(c(n1)C(F)(F)F)c2ccc3c(c2)OCCO3)N
dude_rock1__L000734,c1cn(nc1C(F)(F)F)CC(=O)N[C@H]2CC[NH+]3[C@H]2CCCC3
dude_rock1__L000735,CCOc1ccc(cc1)[C@@H]2[C@@H]3C(=c4ccccc4=[NH+]C3=O)OC(=C2C#N)N
dude_rock1__L000736,c1cc(c(cc1C(=O)N)NC(=O)NCCCCn2cc[nH+]c2)N3CCCCC3
dude_rock1__L000737,C[C@@H]1c2c(cc(cc2OC(=O)[C@H]1CC(=O)NCCC3=c4cc(ccc4=[NH+]C3)F)O)O
dude_rock1__L000738,COc1cc(ccc1OC(=O)c2cc(c(c(c2)OC)OC)OC)/C=N/NC(=O)CNC(=O)c3ccco3
dude_rock1__L000739,c1ccc2c(c1)[C@@]3([C@H]4[C@@H]([C@H]([NH2+]3)Cc5ccc(c(c5)O)O)C(=O)N(C4=O)C6CCCC6)C(=O)N2
dude_rock1__L000740,c1cc(c(cc1S(=O)(=O)N2CCOCC2)C(=O)[O-])N3CCc4c(sc(c4C#N)N)C3
dude_rock1__L000741,Cc1c(cco1)C(=O)NNC(=O)[C@]2(CC2(Cl)Cl)C
dude_rock1__L000742,CC(C)NS(=O)(=O)c1ccc(cc1)C(=O)NC[C@H](c2ccccc2OC)[NH+]3CCCC3
dude_rock1__L000743,CC[C@@]12CCN3C[C@@]([C@@H]1O)(C[NH+](C2)[C@@H]3c4cccc(c4O)OC)C
dude_rock1__L000744,c1cc2c(cc1/[NH+]=c\3/c(cc4cc(ccc4o3)Br)C(=O)NC[C@H]5CCCO5)OCO2
dude_rock1__L000745,C[C@@H](c1ccc(cc1)OCC(F)(F)F)NC(=O)NC2CCC(CC2)O
dude_rock1__L000746,CCC(=O)N1C[C@@H](C2(C1)CC[NH2+]CC2)C(=O)NC[C@H]3CC[NH+](C3)C
dude_rock1__L000747,c1cc(nnc1N2CCCC[C@@H]2C(=O)N)Cl
dude_rock1__L000748,Cc1c2c(n(n1)c3ccccc3)OC(=C([C@@]24c5ccccc5N(C4=O)Cc6ccccc6F)C#N)N
dude_rock1__L000749,CC(C)(C)c1nnnn1c2ccc(cc2)N
dude_rock1__L000750,C[C@H]([C@@H](c1nc(co1)C(=O)N[C@@H](Cc2ccc(cc2)Cl)C(=O)OC)[NH3+])O
dude_rock1__L000751,Cc1cc(c(c(c1)C)NCc2cn(c(=O)n(c2=O)C)C)C
dude_rock1__L000752,C[C@@H](CCc1ccc(cc1)OC)NC(=O)[C@@H]2CN(CC23CC[NH2+]CC3)C(=O)c4c(cccc4F)F
dude_rock1__L000753,COc1cc(cc(c1O)/C=N/[NH+]=C/2\N[C@H]3C(=c4ccccc4=[NH+]3)N=N2)Br
dude_rock1__L000754,C[C@@]1(CCCC[C@@H]1c2ccc(cc2)O)NC(=O)CN3CC[NH+](CC3)C
dude_rock1__L000755,CCc1ccc(cc1)[C@]2(C(=O)N(C(=O)N2)CC3CC[NH2+]CC3)CC
dude_rock1__L000756,CC[NH2+][C@@H](c1cc2c(cc1Cl)NC(=O)C2)[C@@H]3C[C@@H]3C
dude_rock1__L000757,C[C@@H](c1cccc(c1)S(=O)(=O)N)[NH2+][C@H]2CCCC[C@@H]2O
dude_rock1__L000758,C[C@H](CC(C)C)[NH+](C)CC(=O)Nc1ccc(cc1Br)N
dude_rock1__L000759,c1ccc2c(c1)NC(=O)CN2C(=O)CNc3ccc(cc3)S(=O)(=O)N4CCCCCC4
dude_rock1__L000760,CN1[C@H]2[C@H](C(=O)N(C1=O)C)NC(=[NH+]2)NCCc3c[nH]c4c3cccc4
dude_rock1__L000761,C[C@H]1c2c(c3ccccc3[nH]2)C[C@H]4N1C(=O)N(C4=O)c5ccccc5C(=O)NC[C@@H]6CCCO6
dude_rock1__L000762,CCC(CC)(CNC(=O)NCc1cc(c(c(c1)OC)O)OC)[NH+](C)C
dude_rock1__L000763,C[C@H](c1ccccc1Cl)[NH2+]CCC(=O)NN2C(=O)C3(CCCCC3)NC2=O
dude_rock1__L000764,Cc1ccccc1NC(=O)[C@H](C(C)C)Sc2nnc(n2N)c3cccs3
dude_rock1__L000765,CN(c1ccccc1)c2c(c(nc[nH+]2)NCCc3cccs3)N
dude_rock1__L000766,C[C@H](C[C@@H]1c2ccccc2Sc3ccc(cc3[C@@H]1O)Cl)C[NH+](C)C
dude_rock1__L000767,c1cc(c(cc1C[NH2+]C2(CCCC2)CO)[N+](=O)[O-])Br
dude_rock1__L000768,CC1(CC(CC([NH2+]1)(C)C)[NH2+]Cc2cc(c(o2)Br)Br)C
dude_rock1__L000769,C[C@@]12CC[C@@H]3[C@H]([C@@H]1CC[C@@]2(C)O)CCC4=C/C(=N/OCC(=O)N[C@@H](Cc5ccccc5)C(=O)[O-])/C=C[C@@]34C
dude_rock1__L000770,Cc1ccc2c(c1)cc(/c(=[NH+]/c3ccc(cc3)S(=O)(=O)N)/o2)C(=O)N
dude_rock1__L000771,c1ccc2=[NH+]C([NH+]=c2c1)NN3C=C[C@H]4C(=CNc5n4ncn5)C3=O
dude_rock1__L000772,CN1[C@H](Nc2ccccc2C1=O)C(=O)NCCC3=c4ccccc4=[NH+]C3
dude_rock1__L000773,C[C@H]1[C@H]([C@H]([C@@H]([C@@H](O1)Oc2c[nH]c3c2cc(c(c3)Cl)Br)O)O)O
dude_rock1__L000774,Cc1[nH+]ccn1C[C@H](C)CNC(=O)c2ccc(c(c2)[N+](=O)[O-])N
dude_rock1__L000775,c1cc(ccc1c2ccno2)NS(=O)(=O)c3ccc4c(c3)NC(=O)CC(=O)N4
dude_rock1__L000776,C[C@@H]1C[C@@H](C[NH+](C1)CCCNC(=O)N2CCC(CC2)NS(=O)(=O)C)C
dude_rock1__L000777,Cc1ccc2c(c1C)OC[C@@H]([C@@H]2[NH3+])C[NH+]3CCCC[C@@H]3C
dude_rock1__L000778,CCOC(=O)c1c2cc(ccc2oc1C[NH+]3CCN(CC3)Cc4c(c5cc(ccc5o4)O)C(=O)OCC)O
dude_rock1__L000779,c1ccc2cc3=[NH+]C([NH+]=c3cc2c1)COc4ccc(cc4)Cl
dude_rock1__L000780,c1cc2c(cc1[C@@H](C[NH+]3CCCC[C@@H]3CCO)O)OCCO2
dude_rock1__L000781,CCNC(=O)NC(=O)C[NH+]1CCCC[C@@H]1CNC(=O)OC(C)(C)C
dude_rock1__L000782,Cc1ccc(cc1)c2c(n3cc(ccc3[nH+]2)C)C[C@@H](C(=O)OC)N
dude_rock1__L000783,CCC(C)(C)[C@H]1CC[C@@H]([C@@H](C1)[NH+]2CCC(CC2)OCC)[NH3+]
dude_rock1__L000784,c1ccc2c(c1)c(c[nH]2)/C=N/NC(=O)c3c(c(c(c(n3)Cl)Cl)N)Cl
dude_rock1__L000785,Cc1c(cccc1Cl)N2C(=O)C[C@@H](C2=O)[NH2+]C[C@@H]3CCCO3
dude_rock1__L000786,CC(C)(C(=O)NCc1ccc([nH+]c1)N(C)C)NC(=O)NC
dude_rock1__L000787,CC[C@]1(CCC[NH2+]C1)C(=O)N(CC)[C@@H]2CCS(=O)(=O)C2
dude_rock1__L000788,C[C@@]12C[C@@H](CC(C1)(C)C)N(C2)[C@@H](C[NH3+])c3cccc(c3O)OC
dude_rock1__L000789,c1ccc2cc(c(cc2c1)c3[nH]c4cc(cnc4n3)Br)N
dude_rock1__L000790,COc1ccc(cc1OC)/C=c\2/c(=O)n3c(=C([C@@H](C(=C3N)C(=O)OC)c4ccc(c(c4)OC)OC)C(=O)OC)s2
dude_rock1__L000791,COCCN1[C@@H]([C@@H](CC1=O)[NH3+])c2ccc(o2)Br
dude_rock1__L000792,COc1ccc(cc1c2csc(n2)/C(=C/c3ccccc3O)/C(=O)N)F
dude_rock1__L000793,Cc1c(c(=O)n(n1C)c2ccccc2[N+](=O)[O-])N
dude_rock1__L000794,C[C@@H]1CCCC[C@@H]1[NH2+][C@@H]2c3c(cccc3Br)NC2=O
dude_rock1__L000795,CC(C)(C)Oc1c(ccc(n1)N(C)C2CC[NH+](CC2)C)N
dude_rock1__L000796,CN(Cc1ccccc1O)C(=O)[C@@H]2C[C@@H](C[NH2+]2)O
dude_rock1__L000797,c1cc(ccc1c2nc([nH]n2)SCCC(=O)Nc3ccc(cc3)S(=O)(=O)N4CCOCC4)[N+](=O)[O-]
dude_rock1__L000798,CC1(C(=O)NCCN1C(=O)C[C@H]2C(=O)NCC[NH+]2Cc3cccc(c3)C(F)(F)F)C
dude_rock1__L000799,COc1ccc2c(c1)c(cc[n+]2[O-])[C@H]([C@H]3C[C@@H]4CC[NH+]3C[C@@H]4C=C)O
dude_rock1__L000800,C[C@@H](c1ccc(cc1)S(=O)(=O)N)[NH+](C)CC(=O)NC(=O)NC2CCCCC2
dude_rock1__L000801,CC(C)(C)[C@@H]1CC[C@@H]([C@@H](C1)C[NH+](C)C2CCCC2)[NH3+]
dude_rock1__L000802,C[C@H](C(=O)N/N=C/C1=c2ccccc2=[NH+]C1)N[C@H]3C(=O)NC(=O)N=N3
dude_rock1__L000803,c1c(nnn1CC(=O)N[C@H]2CS(=O)(=O)C[C@@H]2Cl)CCO
dude_rock1__L000804,CC(C)c1c(nnn1c2nc(cs2)c3ccc(cc3)F)C[NH3+]
dude_rock1__L000805,CCCNc1cc([nH+]c2c1ccc3c2CCCC3)COC
dude_rock1__L000806,c1cc(c(c(c1)Cl)OCc2nc(c3ccsc3n2)NN)Cl
dude_rock1__L000807,C[C@@]1(CCC[NH2+]C1)c2nc(no2)Cc3ccc(c(c3)Cl)Cl
dude_rock1__L000808,C1C[C@H]2C[NH2+]C[C@H]2C[C@@H]1NS(=O)(=O)C3CCOCC3
dude_rock1__L000809,c1ccc(c(c1)CN2c3ccccc3/C(=C(\C#N)/C4[NH+]=c5ccccc5=[NH+]4)/C2=O)F
dude_rock1__L000810,CC[NH+](CC)CCn1cnc2c(c1=[NH2+])[C@H](c3ccc(cc3O2)O)c4ccco4
dude_rock1__L000811,c1cc(c(cc1F)C(=O)N2CCC[C@H]2C(=O)N)C#CC[NH3+]
dude_rock1__L000812,CCOC(=O)N1CCC(CC1)NC(=O)C[NH2+]C(C)(C)CO
dude_rock1__L000813,c1cc2c(cc1/N=C/3\NCCCS3)C(=O)NC2=O
dude_rock1__L000814,CC[C@@H](C)[NH+](C)CCNC(=O)NNc1ccccc1C(F)(F)F
dude_rock1__L000815,CC[C@@H](c1cc(ccc1O)Br)[NH2+][C@H]2CCCCNC2=O
dude_rock1__L000816,Cc1ccc(c(c1)O[C@H](C)C(=O)Nc2c(c3c(s2)CCCC3)C(=O)N)C
dude_rock1__L000817,c1ccc(c(c1)/C=C/C(=O)N2CC[C@@H](C2)C(=O)N)[N+](=O)[O-]
dude_rock1__L000818,C1CC1NC(=O)NC(=O)C[NH+]2CC3C[C@H]4C[C@@H](C3)CC2C4
dude_rock1__L000819,C[NH+]1CCC(CC1)N(C)[C@@H](C[NH3+])c2cccc(c2)[N+](=O)[O-]
dude_rock1__L000820,Cc1cnc(cn1)C[NH2+][C@@H]2CCCC[C@@H]2C3CCCCC3
dude_rock1__L000821,c1c2c(c3c(o2)CCCC3)c(c(c1Br)O)/C=N/NC(=S)N
dude_rock1__L000822,CCCNC(=O)C[NH+]1CCN(CC1)C(=O)NNC(=O)c2cc3c(s2)CC[C@H](C3)C
dude_rock1__L000823,CCOc1ccc2c(c1)c(c(o2)C(=O)Nc3c(c4c(s3)C[C@H](CC4)C)C(=O)N)C
dude_rock1__L000824,C=CCC1(C(=O)NC(=O)NC1=O)[C@@H]2CCC=C2
dude_rock1__L000825,CC[C@@H]1CCCC[C@@H]1[NH+]2CC[C@@H]([NH2+]C[C@@H](C2)C)CC
dude_rock1__L000826,CCOc1ccc(cc1)N2[C@@H](NN[C@@H]2SCC(=O)N/N=C/C3=c4ccccc4=[NH+]C3)c5cccnc5
dude_rock1__L000827,c1cc[nH+]c(c1)N2CCN(CC2)C(=O)[C@H]3CCCC[C@@H]3C(=O)N4CCC(CC4)(c5ccc(cc5)Cl)O
dude_rock1__L000828,c1cc(ccc1C(=O)N)S(=O)(=O)NC[C@H]2CCC[NH+]2CC3CCCCC3
dude_rock1__L000829,Cc1ccc(cc1)c2c3c([nH]n2)OC(=C([C@@H]3c4cccc5c4cccc5)C#N)N
dude_rock1__L000830,C[C@H](Cn1cc[nH+]c1)NC(=O)N2CCC(=CC2)c3ccc(cc3)O
dude_rock1__L000831,c1ccc2=[NH+]CC(=c2c1)CCNC(=O)C(=O)NC3=CC=C[C@@H]4C3=CC=N4
dude_rock1__L000832,CCC(=O)N1C[C@H](C2(C1)CC[NH2+]CC2)C(=O)NCC3(CCCCC3)N4CCOCC4
dude_rock1__L000833,Cc1ccc(c(c1)C)N2[C@@H](N[C@@H]([C@@H](C2=O)[C@@H]3[C@@H]4C(=c5ccccc5=[NH+]4)CCN3)O)O
dude_rock1__L000834,C[C@@H]([C@H](c1ccco1)Oc2cccc(c2)C(C)(C)C)[NH3+]
dude_rock1__L000835,Cc1cccc(c1)C(=O)NCC(=O)N/N=C/C2=c3ccccc3=[NH+]C2
dude_rock1__L000836,c1cc(c(c(c1)F)S(=O)(=O)[N-]c2ccc(cc2)S(=O)(=O)/N=C\3/CCCCCN3)F
dude_rock1__L000837,C[C@@H]1C[C@@H](CC(C1)(C)C)[NH2+]CCCC[NH+](C)C(C)C
dude_rock1__L000838,c1cc(oc1)c2nnc(o2)c3ccc(cc3)N
dude_rock1__L000839,CC(C)c1ccc2c(c1)[C@H](CCCO2)n3c(c(cn3)C#N)N
dude_rock1__L000840,COc1ccc(cc1OC)c2c(nc([nH]2)c3ccc(c(c3)O)O)c4ccccc4
dude_rock1__L000841,CC[NH+](Cc1nc(c2cnn(c2n1)C)NN)[C@@H](C)COC
dude_rock1__L000842,Cc1ccsc1C(=O)NNC(=O)NCCCC[NH+]2C[C@H](C[C@@H](C2)C)C
dude_rock1__L000843,CSC1=C[C@H]2C[NH+]3[C@@H](C[C@@H]2C=C1O)CO[P@@](=O)(N3)c4ccccc4O
dude_rock1__L000844,CC[NH+]1CCc2c(sc(c2C(=O)NC(=O)OCC)NC(=O)c3ccc(cc3)S(=O)(=O)N(C)C)C1
dude_rock1__L000845,CC[NH2+][C@H]1c2ccc(cc2NC1=O)Sc3ccc(cc3)Cl
dude_rock1__L000846,c1cc(cc(c1)N2CCC(CC2)[NH2+]CCSc3cnn[nH]3)c4ccco4
dude_rock1__L000847,CC(C)[C@H](C(=O)N1C[C@@H](C2(C1)CC[NH2+]CC2)C(=O)NCc3ccccc3OC)Oc4ccccc4
dude_rock1__L000848,CC[C@@H]1CC[C@@H]([C@@H](C1)C[NH+](CCO)C2CCCC2)[NH2+]C
dude_rock1__L000849,CCCn1c(=O)c(c(nc1O)O)[C@H]2c3c(c4ccccc4[nH]3)CC[NH2+]2
dude_rock1__L000850,c1cc(ccc1CCNC(=O)c2ccc(s2)Cl)S(=O)(=O)N
dude_rock1__L000851,C[NH+](CC(=O)NC(=O)NCC=C)[C@@H]1CCS(=O)(=O)C1
dude_rock1__L000852,CCOc1ccc(cc1)[C@@H](C)[NH2+]CC(=O)/N=c\2/[nH]c(cs2)c3ccc(cc3)Br
dude_rock1__L000853,CCC[C@@H]1CC[C@H]([C@@H](C1)[NH+]2CCCCCC2)C[NH3+]
dude_rock1__L000854,C[C@H](C(=O)N1CCCCC1)NC(=O)Cc2csc(n2)c3ncccn3
dude_rock1__L000855,CC(C)Cn1c(c(c(=O)[nH]c1=O)C(=O)C[NH+]2CCc3ccccc3C2)N
dude_rock1__L000856,c1ccc2c(c1)NC(=O)C[C@@H](N2C(=O)COC(=O)c3cc(ccc3N)[N+](=O)[O-])C(F)(F)F
dude_rock1__L000857,COc1cc2=C([C@@H](C(=O)[NH+]=c2cc1OC)C(=O)NCCO)O
dude_rock1__L000858,c1cc2c(cc1[N+](=O)[O-])[nH]c(n2)CSc3nnc(n3N)C(F)(F)F
dude_rock1__L000859,Cc1cc(n(n1)c2c(c(c(nn2)C)C)C(=S)N)C
dude_rock1__L000860,Cn1cc[nH+]c1CN(C)S(=O)(=O)c2ccc(c(c2)N)Cl
dude_rock1__L000861,CCC[C@@]1(CCC[NH2+]C1)C(=O)N[C@H](C)c2ccc(s2)Cl
dude_rock1__L000862,CCc1ccc(cc1)S(=O)(=O)N[C@@H]2CCCNC2=O
dude_rock1__L000863,CC[C@H](C)[NH+]1CCN(CC1)[C@H](c2ccccc2F)[C@@H](C)[NH3+]
dude_rock1__L000864,C[C@@H](CN1CCOCC1)n2c(cc3ccccc3c2=O)N
dude_rock1__L000865,CCOCCOc1ccccc1C[NH+]2CCNC(=O)[C@@H]2CC(=O)NN
dude_rock1__L000866,c1cc2c(cc3c(n2)c4c(n(c3=O)I)C(=O)C[C@@H](N4)Cl)c(c1)O
dude_rock1__L000867,C[NH+](CCc1ccc(cc1)F)CC(=O)c2c(n(c(=O)[nH]c2=O)CCOC)N
dude_rock1__L000868,C[C@@H](c1cccs1)Nc2ccc(cc2N)S(=O)(=O)N(C)C
dude_rock1__L000869,CCNC(=O)CN1CCN(CC1)C(=O)[C@H](CC(=O)N)[NH3+]
dude_rock1__L000870,C[C@H]1C[C@@H](C[NH+](C1)C(C)(C)CNC(=O)C(=O)Nc2ccc(cc2)C(=O)NC)C
dude_rock1__L000871,C[C@H](C(=O)NNC(=O)NC[C@H](c1ccsc1)[NH+](C)C)Oc2ccccc2F
dude_rock1__L000872,COc1ccc(c(c1)[C@H]2c3c([nH]c(nc3=O)N4CCCCC4)NC5=C2C(=O)CCC5)OC
dude_rock1__L000873,CC(C)c1ccc(cc1)[C@@H]2C[C@@H](Nc3n2nc(n3)N)c4ccccc4Cl
dude_rock1__L000874,Cn1c(c(c(=O)n(c1=O)C)C(=O)C[NH+]2CCCC[C@@H]2CNS(=O)(=O)C)N
dude_rock1__L000875,C[C@](c1ccc(cc1)Br)(C(=O)N)[NH2+]C[C@H]2CCCO2
dude_rock1__L000876,CC(C)C[NH2+]Cc1cnc(s1)N2CCO[C@H]3[C@@H]2CCCC3
dude_rock1__L000877,Cn1cccc1C[NH+]2CCC3(CC2)C[C@@]4(CO3)c5cccn5-c6ccc(cc6N4)OC
dude_rock1__L000878,CCn1c(=O)c2ccc(cc2[nH]c1=O)C(=O)N(CC)C[C@@H]3CCOC3
dude_rock1__L000879,C[NH+](C)C1(CCCCCC1)CNC(=O)NCC(F)(F)F
dude_rock1__L000880,Cc1ccc2=[NH+][C@@H]([NH+]=c2c1)C3=C(N(CC3=O)c4cccc(c4)C(=O)OC)N
dude_rock1__L000881,C[C@@H]1CCCC[C@@H]1[NH+](CC(=O)NC(=O)NC)CC(=O)NC(=O)NC
dude_rock1__L000882,COc1cc(c(cc1OC)Br)/C=C(\C#N)/C2[NH+]=c3ccccc3=[NH+]2
dude_rock1__L000883,C1CCC(=NNC(=O)c2c3c(n[nH]2)CCC3)C1
dude_rock1__L000884,CC[C@H](c1nnnn1C[C@H]2CCCO2)[NH+](Cc3ccc(cc3)F)Cc4cc5cc6c(cc5[nH]c4=O)OCO6
dude_rock1__L000885,CCCc1cc(nc(n1)c2ccc3c(c2)OCO3)N
dude_rock1__L000886,Cc1ccc(c(c1)Br)NC(=O)CSc2nc([nH]n2)N/N=C/c3ccc(cc3)[N+](=O)[O-]
dude_rock1__L000887,Cc1c(c(n(n1)[C@H]2CCS(=O)(=O)C2)C)C[NH2+]C[C@@H]3CCCO3
dude_rock1__L000888,C[C@@H](C(=O)NC1CC([NH2+]C(C1)(C)C)(C)C)Oc2ccc(cc2)C#N
dude_rock1__L000889,CC[C@H](C(=O)[O-])Oc1ccccc1/C=C\2/C(=O)N(C(=S)S2)NC(=O)c3ccccc3O
dude_rock1__L000890,CC(C)C[C@@H]1[C@@H]2[C@@H](C(=O)N(C2=O)Cc3ccccc3Cl)[C@]4(N1)c5ccccc5NC4=O
dude_rock1__L000891,Cc1cccc2c1NC(=O)[C@H]2[NH2+][C@H](C)c3ccc(s3)Cl
dude_rock1__L000892,Cc1ccc(c(c1)n2c(=O)c(c([nH]c2=O)O)[C@@H]3c4c(c5ccccc5[nH]4)CC[NH2+]3)C
dude_rock1__L000893,c1ccc(cc1)C2=C[C@H](N=N2)NC(=O)c3ccc(s3)[C@@H]4CCC[NH2+]4
dude_rock1__L000894,C[C@@H](C(=O)Nc1c(c2c(s1)CCCC2)C(=O)OC)Sc3c(=O)[nH]c(=O)[nH]n3
dude_rock1__L000895,c1[nH]c2c(n1)c(ncn2)N[C@H]3CCCC[C@@H]3S
dude_rock1__L000896,C[C@H]1[C@H](CCC[C@@H]1[NH3+])C(=O)N2CC[C@@H](C2)N3CCOCC3
dude_rock1__L000897,CC(C)Cn1c2c(=O)[nH]c(=O)n(c2nc1NCC[NH3+])C
dude_rock1__L000898,CCSc1c(cccn1)C(=O)N2C[C@@H](C3(C2)CC[NH2+]CC3)C(=O)N[C@@H](C)C(=O)NC
dude_rock1__L000899,Cc1ccc2=[NH+][C@@H]([NH+]=c2c1)C3=C(N(CC3=O)c4ccc(cc4)C(=O)OC)N
dude_rock1__L000900,CCC1(CC[NH+](CC1)[C@H]2CCCCC[C@@H]2C[NH3+])C
dude_rock1__L000901,CNC(=S)NC1=c2cc(ccc2=[NH+][C@H]1C(=O)OC)Br
dude_rock1__L000902,CC(C)(C)C1=[NH+][C@H](ON1)CSc2n[nH]c(=O)n2CCc3ccccc3
dude_rock1__L000903,CC(C)C[C@H](C(=O)NNC(=O)CCc1ccccc1F)[NH3+]
dude_rock1__L000904,c1ccc2=[NH+][C@@H](C=c2c1)C(=O)NCCN3C(=O)C=C[C@@H](N3)c4ccco4
dude_rock1__L000905,C[C@H](c1cccc(c1)Br)[NH2+]CC(C)(C)[NH+](C)C
dude_rock1__L000906,Cc1ccc(c(c1)O)[C@@H](C)[NH2+][C@@H](C)c2ccccc2OC
dude_rock1__L000907,COc1ccc(cc1Cl)S(=O)(=O)NC[C@@H]2CCCC[NH2+]2
dude_rock1__L000908,C[C@H](C12CC3CC(C1)CC(C3)C2)NC(=O)CN4CC[NH+](CC4)C
dude_rock1__L000909,C[C@@H]1CCCCN1S(=O)(=O)N2CCC[C@@H](C2)CO
dude_rock1__L000910,c1ccc(c(c1)NC(=O)c2cc3cccc(c3[nH]2)N)I
dude_rock1__L000911,CC[NH+](CC)Cc1ccc(cc1)CNC(=O)CN2C(=O)[C@]3(C[C@H](CC(C3)(C)C)C)NC2=O
dude_rock1__L000912,C[C@@H](C(=O)Nc1cccc(c1)S(=O)(=O)N)[NH+]2CCc3c(ccs3)C2
dude_rock1__L000913,CC(C)(CO)[NH2+]C[C@H](CON=C1c2ccccc2-c3c1cccc3)O
dude_rock1__L000914,CC[NH+](CC)[C@H](CNC(=O)c1ccc(c(c1)[N+](=O)[O-])N)c2ccsc2
dude_rock1__L000915,CC[NH2+][C@H](CC(C)C)c1cc2c(cc1Br)[nH]c(=O)[nH]2
dude_rock1__L000916,C[C@@H]1CCC[C@@H](C12C(=O)N(C(=O)N2)C[C@@H](C[NH3+])O)C
dude_rock1__L000917,CC[NH2+][C@@H](c1cc2c(cc1Cl)OCCO2)[C@H]3COCCO3
dude_rock1__L000918,CC(C)[C@@H](C(=O)NC(=O)N)OC(=O)C1CCN(CC1)c2ccc(c[nH+]2)C(F)(F)F
dude_rock1__L000919,CC1(C[C@H](CCO1)[C@H]2[C@@H](NC[NH+]2Cc3[nH]ccn3)c4ccccc4)C
dude_rock1__L000920,CC[NH2+][C@@H](C)[C@@H](C)c1ccc(cc1[N+](=O)[O-])Br
dude_rock1__L000921,C[C@H](c1ccc(cc1OC)OC)[NH2+][C@@H](C)C(=O)NC(=O)NCc2cccs2
dude_rock1__L000922,Cc1c(cc(o1)COc2ccc(cc2)C(C)(C)C)C[NH3+]
dude_rock1__L000923,C[C@@H]1CCCC[C@@H]1C[NH2+]Cc2ccc3c(c2)OCCCO3
dude_rock1__L000924,Cc1ccc(cc1NC(=O)C(=O)NCCC(=O)NC2CCCC2)[N+](=O)[O-]
dude_rock1__L000925,Cc1cccc(c1NC(=[NH2+])SCc2cc(=O)n3c(cccc3n2)C)C
dude_rock1__L000926,c1ccc(cc1)[C@H](CNC(=O)CCNC(=O)N2CCC3=c4ccccc4=[NH+][C@H]3C2)O
dude_rock1__L000927,CC(C)C1=C[C@@]23CC[C@@H]4[C@]([C@@H]2C[C@@H]1[C@@H]5[C@@H]3C(=O)N(C5=O)CCO)(CCC[C@@]4(C)C(=O)[O-])C
dude_rock1__L000928,CC(C)(C)/[NH+]=C\1/[C@@]2(CCN(C2)C(=O)Cc3ccccc3OC)Nc4cccnc4N1
dude_rock1__L000929,CCCSc1nc2c3c(sc2c(n1)NCCCC[NH3+])CC(OC3)(C)C
dude_rock1__L000930,CSCC[C@@H](C(=O)N1CCC2(CC1)c3c([nH]c[nH+]3)CCN2)NC(=O)c4ccc(cc4)Cl
dude_rock1__L000931,CC(C)C1=NC(=O)C2(N1)CCN(CC2)[C@H]3C4=CN=NC4=[NH+]C(=N3)N
dude_rock1__L000932,C[C@H]1CCCC[NH+]1CCC[NH2+][C@@H]2CC[C@@H]3CCCC[C@@H]3C2
dude_rock1__L000933,C[C@H]1CCCC[NH+]1CC2(CCCC2)C[NH2+]C(C)C
dude_rock1__L000934,Cc1c(sc(c1C(=O)N)NC(=O)Cc2csc(n2)c3ccc(cc3)CN4CC[NH+](CC4)C)C
dude_rock1__L000935,CN(C)c1ccc(cc1[N+](=O)[O-])/C=C(/C#N)\C(=O)N
dude_rock1__L000936,c1cc2c(cc1S(=O)(=O)N[C@@H]3CCCCC[C@@H]3[NH3+])CCC2
dude_rock1__L000937,c1ccc(cc1)/C=C(\C(=O)NCC(=O)[O-])/NC(=O)c2ccccc2I
dude_rock1__L000938,c1cc2c(cc1C3(CCCC3)CNC4=[NH+]CCCN4)OCCO2
dude_rock1__L000939,c1ccc(cc1)C(=O)OC[C@@H]2[C@@H]([C@@H]([C@@H]([C@@H](O2)Oc3ccc(cc3)[N+](=O)[O-])OC(=O)c4ccccc4)O)O
dude_rock1__L000940,C[C@H]1[C@@H]2C[C@@H](C2(C)C)C[C@@H]1NC(=O)c3coc(n3)c4ccc(cc4)N
dude_rock1__L000941,Cc1ccc(c(c1)C(=O)N2CCN(CC2)c3ccccc3O)O
dude_rock1__L000942,CCN(CCCNC(=O)NNC(=O)C1=c2ccccc2=[NH+]C1)c3ccccc3
dude_rock1__L000943,CCc1nc(on1)COc2ccc3ccccc3c2C[NH3+]
dude_rock1__L000944,CCC(CC)(CNC(=O)NNC(=O)c1c(c2ccccc2o1)C)[NH+](C)C
dude_rock1__L000945,c1ccc(cc1)/N=c\2/[nH]c(nc(n2)N)C[NH+]3CCN(CC3)c4ccccc4F
dude_rock1__L000946,CC(C)[C@H](C[NH+](C)C)NC(=O)c1ccc(cc1O)Br
dude_rock1__L000947,C1CC[NH+](C1)CC2CC[NH+](CC2)C3(CCOCC3)C(=O)[O-]
dude_rock1__L000948,c1cc[nH+]c(c1)N2CCN(CC2)C(=O)NNC(=O)CCC3CCCCC3
dude_rock1__L000949,CN1c2ccccc2[C@]3(C1=O)C(=C(N(C4=C3C(=O)CCC4)c5ccc(cc5)Cl)N)C#N
dude_rock1__L000950,C[C@@H](CCCC(C)(C)O)NC(=O)[C@H]1CN(CC12CC[NH2+]CC2)C(=O)c3ccc(cc3)Br
dude_rock1__L000951,c1ccc(c(c1)OCCOc2ccc(cc2)/C(=N\O)/N)Br
dude_rock1__L000952,Cc1cc(c(n1c2c(c3c(s2)CCCC3)C(=O)[O-])C)C=C4C(=O)NC(=O)NC4=O
dude_rock1__L000953,Cc1cc(c(c(c1)C)[C@H]2[C@H]3CC=C[C@@H]3c4cc(ccc4N2)S(=O)(=O)N)C
dude_rock1__L000954,CCc1c(nc([nH]c1=O)n2c(cc(n2)C)NC(=O)C(=O)NCCC(C)C)C
dude_rock1__L000955,Cc1cc(ccc1NC(=O)COc2ccc(cc2)C(=O)N)Br
dude_rock1__L000956,C[C@@]12CC[C@H](C[C@@H]1CC[C@H]3[C@@H]2CC[C@]4([C@H]3CC[C@H]4/[NH+]=C/c5ccccc5)C)O
dude_rock1__L000957,CCO[C@@H]1CCCN(C1)c2nc(c(s2)C[NH3+])C(C)(C)C
dude_rock1__L000958,CN(Cc1cc(sc1)C#CC[NH3+])C(=O)c2ccc(=O)oc2
dude_rock1__L000959,Cn1cc[nH+]c1[C@@H](c2ccccc2OC)Nc3ccc(cc3[N+](=O)[O-])C(=O)N
dude_rock1__L000960,c1ccc2=[NH+]CC(=c2c1)CC(=O)N3CCC(CC3)N4c5ccccc5N[C@H]4[C@@H]6CCCO6
dude_rock1__L000961,c1ccc2c(c1)c(c[nH]2)C[C@@H]([C@@H]3NN[C@H](O3)SCC(=O)c4ccc(cc4)Cl)[NH3+]
dude_rock1__L000962,CC(C)CC(CC(C)C)[NH2+]CC1C[C@H]2CC[C@@H](C1)[NH+]2C
dude_rock1__L000963,CCOc1ccc(cc1)C(=O)N2C[C@H](C3(C2)CC[NH2+]CC3)C(=O)NCc4cccc(c4C)Cl
dude_rock1__L000964,C[C@H]1CN(CC(O1)(C)C)c2nc(c(s2)C[NH3+])C(C)(C)C
dude_rock1__L000965,c1cc(cc(c1)Cl)N2CC(=O)N(C2=O)c3ccc(cc3)N
dude_rock1__L000966,CC1(Cc2cccc(c2O1)Oc3ccccc3C[NH3+])C
dude_rock1__L000967,C[C@@H]1CC[C@H]([C@@H](C1)Cc2cc(ccc2[N+](=O)[O-])F)[NH3+]
dude_rock1__L000968,CCOc1cc(c(cc1OCC(=O)N)Cl)C[NH2+][C@H]2CCCC[C@H]2C
dude_rock1__L000969,Cc1cc(c(n1c2ccccc2F)C)C(=O)NNC(=S)NC(C)C
dude_rock1__L000970,CC(C)c1ccccc1NS(=O)(=O)c2ccc([nH+]c2)NC
dude_rock1__L000971,Cc1ccc(cc1C)O[C@@H]2CC3(CC[C@@H]2[NH2+]C)OCCO3
dude_rock1__L000972,Cc1cc(nn1C)C(=O)N2C[C@@H](C3(C2)CC[NH2+]CC3)C(=O)NCCCO
dude_rock1__L000973,c1ccc2c(c1)c(nc([nH+]2)C[NH+]3CCN(CC3)c4c(nc(o4)c5ccco5)C#N)N
dude_rock1__L000974,CCc1[nH+]ccn1[C@@H](c2ccc(s2)Cl)[C@H](CC)[NH3+]
dude_rock1__L000975,CCc1c(nn2c1N/C(=C/3\C=C([NH+]=N3)C(C)C)/C=C2O)C
dude_rock1__L000976,COc1ccc2=[NH+]CC(=c2c1)CCN3[C@H](Nc4ccccc4C3=O)O
dude_rock1__L000977,CC(C)C[C@@H](C[NH+](C)C)NS(=O)(=O)c1ccc(cc1N)Br
dude_rock1__L000978,CC(C)c1nc(c(o1)NNC(=O)C(C)(C)C)C#N
dude_rock1__L000979,c1cc(sc1)[C@H]2c3c(n[nH]c3OC(=C2C#N)N)C45CC6CC(C4)CC(C6)C5
dude_rock1__L000980,CCCSc1nc2c(nn1)-c3cc(ccc3N[C@]4(O2)c5cc(ccc5NC4=O)F)Br
dude_rock1__L000981,C[C@@]1(CCN(C1)C(=O)[C@H]2C[C@@H]3CCCC[C@@H]3[NH2+]2)C(=O)[O-]
dude_rock1__L000982,CCc1cccc(c1)C2=CCN(CC2)C(=O)[C@@H]3[C@H](CC4(CC4)C[NH2+]3)C(=O)NO
dude_rock1__L000983,C[C@H]1CCC[NH+]([C@@H]1C)CC2(CCCC2)C[NH2+]C3CC3
dude_rock1__L000984,Cc1nc(no1)C2(CCN(CC2)S(=O)(=O)c3c[nH]nc3)[NH3+]
dude_rock1__L000985,Cc1ccc(c(c1)/C=N/Nc2[nH]c(cc(=O)n2)C)C
dude_rock1__L000986,Cc1ccc(c(c1)C)C[C@H](C)NC(=O)N[C@H]2CCCc3c2ccc(=O)[nH]3
dude_rock1__L000987,CC(C)C[C@@H](C[NH+](C)C)NC(=O)NNC(=O)c1ccccc1OC
dude_rock1__L000988,CC(C)[C@@H](c1cccs1)Nc2cc(ccc2Cl)S(=O)(=O)N
dude_rock1__L000989,Cc1ccc(cc1)Sc2c(c(ncn2)Nc3cc(ccn3)C)N
dude_rock1__L000990,Cc3c(c1ccnc(N)n1)sc4ccc(C(N)c2cccc(O)c2)cc34
dude_rock1__L000991,CC[C@@H](C)C(=O)N1C[C@@H](C2(C1)CC[NH2+]CC2)C(=O)NCC[NH+](C(C)C)C(C)C
dude_rock1__L000992,c1cc(ccc1[N+](=O)[O-])Oc2ccc(cc2C[NH3+])F
dude_rock1__L000993,CC[C@@H](C)C(=O)N1C[C@@H](C2(C1)CC[NH2+]CC2)C(=O)NCC[NH+](C)C
dude_rock1__L000994,Cc1c(cc(s1)C(=O)Nc2cc(c(cc2OC)Cl)OC)N
dude_rock1__L000995,C[NH+]1CCCC[C@@H]1CNS(=O)(=O)c2ccc(cc2N)Br
dude_rock1__L000996,C[C@@H]1C[C@@H](CC(C1)(C)C)[NH+]2CCC(CC2)[C@@H]3CCC[NH2+]3
dude_rock1__L000997,CC[C@H](C)[C@@H](C(=O)Nc1nnc(s1)c2ccc3c(c2)OCO3)[NH3+]
dude_rock1__L000998,C[C@H](c1cc2cc(ccc2o1)Br)[NH2+]CCCC(=O)N
dude_rock1__L000999,C[C@H]1C(=C(N=N1)C)CCN(C)C(=O)CN2[C@@H](N[NH2+]N2)C[NH+]3CCCCCC3
dude_rock1__L001000,C[C@H]1CC2=C([C@@H](Nc3ccccc3N2)c4c[nH]c5c4cccc5)C(=O)[C@@H]1C(=O)OC
dude_rock1__L001001,C1CCC(C1)N2C[C@@H](CC2=O)C(=O)NC3CCC(CC3)O
dude_rock1__L001002,CN(c1n[nH]c(=S)n1C2CCCC2)C3CCOCC3
dude_rock1__L001003,Cc1ccc(cc1)OC[C@H](C)[NH2+][C@H]2CCCCC[C@@H]2C#N
dude_rock1__L001004,COc1cc2c(c(c1)OC)C=C[C@]3(O2)CCN(C3)CCC[NH3+]
dude_rock1__L001005,Cc1cccc(c1C)NC(=O)c2c3ccccc3n(c2N)C(=O)c4cccs4
dude_rock1__L001006,Cc1ccc(cc1C)N2[C@@H]([NH+]=C(N2)CC(C)C)c3cnc[nH]c3=O
dude_rock1__L001007,C[C@@H]([C@@H](c1nc(co1)C(=O)N[C@H](Cc2ccc(cc2)Cl)C(=O)OC)[NH3+])O
dude_rock1__L001008,C1CCC(CC1)NC(=O)N2CCN(CC2)CC(=O)[C@H]3CCC[NH2+]3
dude_rock1__L001009,C1CC[NH+](C1)CCSC2=C(C3=NC(=O)NC(=O)[C@H]3S2)C#N
dude_rock1__L001010,Cc1ccn2c(c1)nc(c2[C@H](C)C[NH3+])c3ccc(cc3)OC(C)C
dude_rock1__L001011,CCOC(=O)c1c(c2cc(ccc2[nH]1)Cl)NC(=O)C[NH+]3CCCC[C@H]3CCO
dude_rock1__L001012,CCCNC(=O)NC(C)(C)C(=O)NCc1cc[nH+]c(c1)N2CCOCC2
dude_rock1__L001013,c1cc(oc1)/C=N/[NH+]=C(/N)\S[C@H]2CC(=O)N(C2=O)c3cc(ccc3Cl)Cl
dude_rock1__L001014,c1ccc(c(c1)[C@H]2C(=O)NCCN2C(=O)[C@@H]3CCCO3)F
dude_rock1__L001015,c1ccc(cc1)C2=NCN([C@H]2[C@@H]3CCOC3)C[C@H]4[NH+]=c5ccc(cc5=[NH+]4)Cl
dude_rock1__L001016,Cc1ccc(c(c1F)F)C(=O)N2C[C@@H](C3(C2)CC[NH2+]CC3)C(=O)N[C@@H](C)c4ccc(cc4)Br
dude_rock1__L001017,COC(=O)c1ccc(cc1)/C=N/Nc2[nH]nc(n2)SCC(=O)Nc3nc4ccccc4s3
dude_rock1__L001018,CC(C)NC(=O)CC[C@@H]1CNC(=O)[C@H]2[NH+]1C[C@H](C2)NS(=O)(=O)C
dude_rock1__L001019,COc1ccc(cc1NC(=O)C23CC4CC(C2)CC(C4)C3)C(=O)N
dude_rock1__L001020,CC1(CC2=C([C@H](c3c([nH]nc3O)N2)c4ccccc4Br)C(=O)C1)C
dude_rock1__L001021,CC[C@@H](C1CCCCC1)[NH+]2[C@@H]3CC[C@H]2CC(C3)[NH2+]C
dude_rock1__L001022,CC[C@@H](CO)NC(=O)Nc1c(cc(cc1OC)Br)C
dude_rock1__L001023,C1CCC(CC1)C[NH+]2CCC[C@H]2CNC(=O)NC(C(=O)N)C(=O)N
dude_rock1__L001024,C[C@@H](C1CCCC1)[NH+]2CCC(CC2)[C@@H]3CCC[NH2+]3
dude_rock1__L001025,CC[C@@H]([C@H]1[NH+]=c2ccc(cc2=[NH+]1)C)NC(=O)C3=CN(NN3)C4CCCCC4
dude_rock1__L001026,CC(C)(C)[NH2+]C[C@]1(CCCOC1)Cc2cc(ccc2Br)F
dude_rock1__L001027,COc1ccc(cc1CN2CC(=CN2)[N+](=O)[O-])[C@@H]3c4c(c5ccccc5[nH]4)CC[NH2+]3
dude_rock1__L001028,C[C@H]1CCc2c(sc(c2C#N)NC(=O)[C@H]3CCCC[NH2+]3)C1
dude_rock1__L001029,Cc1cccc2n1c(nn2)c3ccc(c(c3)N)OC(C)C
dude_rock1__L001030,CCCCn1c(c(c(=O)[nH]c1=O)N(CC(C)C)C(=O)c2cccc(c2)N3C(=O)c4ccccc4C3=O)N
dude_rock1__L001031,C1CC[C@@H]2[C@H](C1)CCC[NH+]2CC(=O)NC(=O)NCC(F)(F)F
dude_rock1__L001032,CCCCn1c(c(c(n1)C)[C@H]2NC(=[NH2+])Nc3n2c4cc5c(cc4n3)OCCCO5)Cl
dude_rock1__L001033,c1ccc2c(c1)[nH]c(=O)c(n2)S[C@@H]3CCS(=O)(=O)C3
dude_rock1__L001034,CC1CC[NH+](CC1)[C@@H](CNc2ccc(cc2[N+](=O)[O-])S(=O)(=O)N)C(C)C
dude_rock1__L001035,Cc1cc([nH+]c2c1c(c(s2)C(=O)OCC(=O)N[C@H]3CCOc4c3cccc4)N)C
dude_rock1__L001036,CC[C@H]1COCCN1c2nc3c(s2)[C@@H](CC(C3)(C)C)[NH2+]C
dude_rock1__L001037,CN1C[C@H]([C@]2(C1=O)CCC[NH2+]C2)c3cc(cc(c3)OC)OC
dude_rock1__L001038,c1ccc(c(c1)/C=[NH+]/Nc2cnc3ccccc3n2)[O-]
dude_rock1__L001039,Cc1cc(nc(n1)SCc2c(snn2)N)C
dude_rock1__L001040,CC5=C(C(=O)Nc2ccc1[nH]ncc1c2)C(c4ccc3ccccc3c4)CC(=O)N5
dude_rock1__L001041,Cn1cc[nH+]c1[C@H](c2ccco2)Nc3ccc(cc3F)F
dude_rock1__L001042,Cc1ccc2c([nH+]1)cccc2Nc3c(c(ncn3)N(CCC#N)CCC#N)N
dude_rock1__L001043,CCc1ccc(cc1)N2C(=O)Nc3ccc(cc3[C@]2(C(=O)NC(C)C)O)Br
dude_rock1__L001044,CNC(=O)NC(=O)CN1C[C@H](c2c1cccc2)CC[NH3+]
dude_rock1__L001045,CC1=C/C(=N/NC(=S)N)/[C@H](C(C1)(C)C)C(C(F)(F)F)(C(F)(F)F)O
dude_rock1__L001046,c1ccc(c(c1)C(=O)[O-])NS(=O)(=O)c2cccc(c2)NS(=O)(=O)c3cccc(c3)C#N
dude_rock1__L001047,c1c(cc(c2c1OCCO2)Cl)C[NH2+]C3(CCCCC3)CO
dude_rock1__L001048,c1ccc(cc1)CSc2nnc(n2N)c3ccccc3F
dude_rock1__L001049,c1cc(oc1)C(=O)N/C(=C\c2ccc(cc2)O)/C(=O)N
dude_rock1__L001050,CCC[C@@H]1C[C@@H]([NH+](C1)C)C(=O)N[C@@H]([C@@H]2[C@@H]([C@H]([C@@H]([C@H](O2)SC)O)O)O)[C@@H](C)Cl
dude_rock1__L001051,COc1ccc(c2c1nc(cc2NN)C(F)(F)F)Br
dude_rock1__L001052,CC(C)(C)[C@H]1CCCC[C@H]1NC(=O)C(=O)Nc2c(ccs2)C(=O)N
dude_rock1__L001053,Cn1c(c(c(n1)CSc2ccc(cc2)Cl)C[C@H](CO)[NH3+])Cl
dude_rock1__L001054,CN(C)S(=O)(=O)N1CCN(CC1)C(=O)[C@H]2C[C@@H](C[NH2+]2)O
dude_rock1__L001055,C[C@]1(C(=O)NC(=O)N1)c2cccc(c2)C[NH2+]Cc3ccccc3N4CCOCC4
dude_rock1__L001056,c1ccc(cc1)[C@@H]2[C@H](CCCO2)C[NH2+]C[C@@H]3CNc4ccnn4C3
dude_rock1__L001057,C[NH+]\1CCCN/C1=C\OC(=O)[C@@](c2ccccc2)(C3CCCCC3)O
dude_rock1__L001058,CCC(=O)NCCc1c2ccccc2[nH]c1/C=C/3\C(=NC(=S)N(C3=O)c4ccccc4OC)[O-]
dude_rock1__L001059,CNC(=O)Cc1ccccc1NC(=O)NC2(CCC2)c3ccc(cc3)F
dude_rock1__L001060,CCC[C@@H]1CC[C@H]([C@@H](C1)[NH+](C)[C@@H](C)C(C)C)C[NH3+]
dude_rock1__L001061,C[C@H]1CCN(C1)c2ccc(cc2)NC(=O)NC[C@H](C[NH+]3CCC(CC3)C)O
dude_rock1__L001062,c1ccc(cc1)c2ncc(s2)C[NH2+]CCCN3C(=O)C4(CCCC4)NC3=O
dude_rock1__L001063,C1CC(C1)C(=O)N2C[C@H](C3(C2)CC[NH2+]CC3)C(=O)NCCS
dude_rock1__L001064,CC[C@@H](C)[C@@H](C(=O)NC1[NH+]=c2ccccc2=[NH+]1)NC(=O)c3c(ccs3)C
dude_rock1__L001065,C[C@H](c1cc(ccc1O[C@H](C)C(=O)NC(=O)NC)Br)[NH2+]C
dude_rock1__L001066,CCCNC(=O)[C@H](C)Oc1c(cccc1Br)C[C@H](CC)[NH3+]
dude_rock1__L001067,CC1(C[C@]2(C[C@H](c3ccc(c(c3O2)O)O)c4cccs4)NC(=S)N1)C
dude_rock1__L001068,c1cc(sc1)C[NH2+][C@H](c2ccc(cc2)OC(F)F)C(=O)N
dude_rock1__L001069,c1cc2c(cc1c3cc(on3)N)OCO2
dude_rock1__L001070,c1cc([nH+]cc1CNC(=O)N[C@@H]2CCCCNC2=O)N3CCOCC3
dude_rock1__L001071,Cc1c(c(n(n1)CCO)C)C[NH2+][C@@H]2CCCc3c2cco3
dude_rock1__L001072,COc1ccc(cc1)CC2=NN3[C@H](NN[C@@H]3S2)[C@@H]4C=c5ccccc5=[NH+]4
dude_rock1__L001073,Cc1ccc2=[NH+][C@H]([NH+]=c2c1)c3cc4cccc(c4oc3=O)CC=C
dude_rock1__L001074,Cc1cc(c(cc1OC2=NS(=O)(=O)c3c2cccc3)C)N
dude_rock1__L001075,c1ccc2c(c1)[C@H]([C@@H](C23CCN(CC3)Cc4c[nH]c[nH+]4)O)[NH+]5CCC=CC5
dude_rock1__L001076,CCCc1nnnn1c2ccc(c(c2)N)F
dude_rock1__L001077,CCNc1[nH+]c(nc(n1)Nn2c(=O)c3c4c(sc3[nH]c2=S)CCCC4)NCC
dude_rock1__L001078,C[C@H]1CCCC[C@H]1NC(=O)C[NH+]2C[C@@H](C[C@@H]2C(=O)N)O
dude_rock1__L001079,COc1ccccc1C(=O)N2C[C@H](C3(C2)CC[NH2+]CC3)C(=O)NCCc4c[nH]c5c4cccc5
dude_rock1__L001080,CCC(C)(C)n1c(nnn1)c2cc(ccc2N)F
dude_rock1__L001081,C1CC1C2=C[C@H](N=N2)[C@H]3NNC(=S)O3
dude_rock1__L001082,Cc1ccc2c(c1C)OC[C@H]([C@H]2[NH3+])C[NH+]3CCC(CC3)C
dude_rock1__L001083,CC[C@H]1C(=O)Nc2cc3c(cc2N1)OCO3
dude_rock1__L001084,CCn3c(c1nonc1N)nc4c(C#CC(C)(C)O)ncc(OCC2CCNC2)c34
dude_rock1__L001085,c1cc2c(c(c1)Br)NC(=O)[C@H]2[NH2+][C@H]3CCCC[C@@H]3O
dude_rock1__L001086,CC1=[NH+][C@@H](ON1)COC(=O)Cn2c3ccccc3[nH]c(=O)c2=O
dude_rock1__L001087,CC[NH2+][C@H](C)c1ccccc1O[C@@H]2CS(=O)(=O)C[C@@H]2O
dude_rock1__L001088,C[NH2+]Cc1cn(nn1)C[C@@H]2[C@H]([C@H]([C@@H](O2)CC(=O)N3CCOCC3)O)O
dude_rock1__L001089,CC(C)(c1nc(on1)COc2ccccc2Br)[NH3+]
dude_rock1__L001090,CC[C@H]1CC[C@@H]([C@@H](C1)Sc2nnnn2C3CCCC3)C[NH3+]
dude_rock1__L001091,C1CCC(=NNc2[nH]c(=O)c3c4c(sc3n2)CCCC4)CC1
dude_rock1__L001092,CC[NH+]1CCN(CC1)CC2=C([C@@H](NC(=O)N2CC=C)c3ccsc3)C(=O)OCC
dude_rock1__L001093,CO[C@@H](CNC(=O)NC[C@@]1(CCCc2c1cccc2)O)c3ccccc3
dude_rock1__L001094,C[C@@H]1CC[C@H]([C@H](C1)[NH2+]CCC(=O)N2CCCC2)C(C)C
dude_rock1__L001095,CN1C(=O)CCC(=N1)C(=O)NNC(=O)CC2CCCCC2
dude_rock1__L001096,CC[C@@H]([C@@H](c1ccccn1)Oc2ccccc2C(=O)N)[NH3+]
dude_rock1__L001097,C[C@H](C(=O)NC(=O)N)Oc1cccc2c1CC[C@@H]2[NH2+]C
dude_rock1__L001098,c1ccc(cc1)N2[C@@H](NN=N2)NC[C@H](c3cccs3)c4c[nH]c5c4cccc5
dude_rock1__L001099,C[C@@H](c1cc2cccc(c2o1)OC)NC(=O)NC[C@H](c3ccco3)[NH+](C)C
dude_rock1__L001100,CC(C)(C)c1ccc(cc1)C(=O)NCCC(=O)N2CCC3(CC2)[C@@H]4C(=NC=N4)CC[NH2+]3
dude_rock1__L001101,C[C@H](C(=O)NC(=O)NC1CCCC1)[NH+](C)Cc2ccc(s2)Cl
dude_rock1__L001102,C[C@@H]1CC[C@H]([C@@H](C1)OC(=O)C2(CC[NH2+]CC2)C)C(C)C
dude_rock1__L001103,C[C@@H]1C[C@@]2([C@@H]3[C@@H]4[C@@]1([C@@H]5C=C(C(=O)[C@@]5(CC(=C4)CO)O)C)O[C@@](O3)(O2)Cc6ccccc6)C(=C)C
dude_rock1__L001104,CN(Cc1cccc(c1)C(=O)N)C(=O)N[C@@H]2C[C@@H]2c3cccc(c3)F
dude_rock1__L001105,CCc1cccc2c1NC(=O)[C@]23[C@H]4[C@@H]([C@H]([NH2+]3)[C@@H](C)O)C(=O)N(C4=O)Cc5ccccc5OC
dude_rock1__L001106,C[C@@H](C(=O)N(CC[NH+]1CCCC1)Cc2ccc(c(c2)Cl)Cl)NC(=O)N
dude_rock1__L001107,CCCCCCC(=O)N1C[C@H](C2(C1)CC[NH2+]CC2)C(=O)NCc3ccccc3N4CCOCC4
dude_rock1__L001108,CC(C)[NH+]1CCN(CC1)[C@@H](C[NH3+])c2ccc(s2)Cl
dude_rock1__L001109,CC1CCN(CC1)C(=O)c2cccc(c2)c3ccc4c(c3)[C@@H](CC5(O4)CC[NH+](CC5)C)O
dude_rock1__L001110,C[C@@H](C(=O)NNC(=O)NCC1(CCCC1)[NH+](C)C)Oc2ccccc2F
dude_rock1__L001111,COc1ccccc1n2c(=O)c(c(nc2O)O)[C@H]3c4ccccc4CC[NH2+]3
dude_rock1__L001112,c1cc(c(cc1c2csc3n2c(nn3)C[NH3+])Cl)Cl
dude_rock1__L001113,CC1(CC(=O)N(C(=O)C1)Cc2ccc(c(c2)N)OC)C
dude_rock1__L001114,c1cc(c(c(c1)Cl)Cl)OCCN/C(=[NH+]\Cc2ccco2)/N
dude_rock1__L001115,c1ccc(cc1)[C@H]2CO[C@H]([NH2+]2)[C@H]3N[C@H](CO3)c4ccccc4
dude_rock1__L001116,COC(=O)[C@H](CCSC)NC(=O)N1CCc2c([nH+]c[nH]2)[C@@H]1c3ccc(cc3)Cl
dude_rock1__L001117,C[C@@H](C(=O)N1CC(=O)Nc2c1cccc2)[NH2+]C[C@H](c3c[nH]c4c3cccc4)[C@@H]5CC=CS5
dude_rock1__L001118,COc1ccccc1[C@@H]2C[NH+](Cc3ccccc3O2)CC(=O)N[C@H]4CCCCNC4=O
dude_rock1__L001119,Cc1[nH+]ccn1c2cc3c(cc2N)CCC(=O)N3
dude_rock1__L001120,CC(C)(C)[NH2+]Cc1cnc(s1)N2CCN(CC2)S(=O)(=O)C
dude_rock1__L001121,CC[C@H]([C@@H](c1c(ccs1)C)Sc2nnc3n2cccc3)[NH3+]
dude_rock1__L001122,c1cc2c(cc1CNC(=O)[C@@H]3CN(CC34CC[NH2+]CC4)C(=O)c5cc(cc(c5)Cl)Cl)CCO2
dude_rock1__L001123,Cc1ccc(o1)[C@H]2[C@H](CN(N2)c3cccc(c3)F)C[NH2+]C[C@@H]4C=c5cc(ccc5=[NH+]4)OC
dude_rock1__L001124,COc1cc(ccc1N2C(=O)c3ccccc3C2=O)N
dude_rock1__L001125,C[NH+](C)Cc1ccc(cc1)c2c3cccc(c3[nH]n2)N
dude_rock1__L001126,CC(=O)N1C[C@@H](C2(C1)CC[NH2+]CC2)C(=O)NCCNC(=O)OC(C)(C)C
dude_rock1__L001127,C[C@@H](C(=O)N1CCC2(CC1)c3c([nH]c[nH+]3)CCN2)NC(=O)c4ccc(c(c4)OC)OC
dude_rock1__L001128,CN1CCc2c(cc3c(c(sc3n2)C(=O)NCCC4=c5ccccc5=[NH+]C4)N)C1
dude_rock1__L001129,C[NH+](CC(=O)N1CCC(=CC1)c2c[nH]c3c2cccc3)CC(=O)N(C)C
dude_rock1__L001130,c1cc(ccc1C/[NH+]=C/c2cc(ccc2O)Cl)N3CCNC(=O)C3
dude_rock1__L001131,c1ccc2c(c1)-c3c(cc(s3)C(=O)NNC(=O)NCCCn4cc[nH+]c4)CO2
dude_rock1__L001132,CCCCNC(=O)[C@H]1CC[C@H]([NH+](C1)CC(=O)NC(=O)NC2CCCC2)C
dude_rock1__L001133,C[C@@H]([C@@H](c1ccc(cc1)S(=O)(=O)N)C(C)C)[NH2+]C
dude_rock1__L001134,CC[NH+](CC)c1ccc(c(c1)C)NC(=O)[C@H]2C(=c3c4c(sc3=NC2=O)CCCC4)O
dude_rock1__L001135,C[C@H](c1ccc(cc1Cl)F)[NH2+]Cc2ccc3c(c2)OCO3
dude_rock1__L001136,c1cn(c[nH+]1)CCC(=O)N2CCC[C@@H](C2)CNS(=O)(=O)N
dude_rock1__L001137,C[C@@H](C(=O)NC1CCCCC1)[NH2+]CCC2CCCCC2
dude_rock1__L001138,CC(C)[C@]1(CC(=O)N(C1=O)c2cccc(n2)C#CCO)C
dude_rock1__L001139,CCOc1ccc(cc1)[C@@H]2[C@H]3[C@@H](C(=O)N(C3=O)c4ccc(cc4)F)SC(=C2C#N)N
dude_rock1__L001140,Cc1c(cccc1NC(=O)C(=O)NC[C@H](c2ccco2)[NH+]3CCCC3)C(=O)N
dude_rock1__L001141,C[C@@]1(CCS(=O)(=O)C1)n2c(cc(n2)COC)S(=O)(=O)N
dude_rock1__L001142,C[C@H](C(C)C)[NH+](C)[C@@H]1C[C@@H](CC[C@@H]1[NH3+])C(C)(C)C
dude_rock1__L001143,C[NH+](Cc1ccc(cc1)C#N)CC(=O)Nc2c(c3c(s2)CCC3)C(=O)N
dude_rock1__L001144,CC(C)[NH+](CCNC(=O)NC1CCN(CC1)C(=O)C2CCCCC2)C(C)C
dude_rock1__L001145,C1CCC(C1)NC(=O)NC(=O)CN2CCC[C@H]2C[NH+]3CCCC3
dude_rock1__L001146,C=CCN1[C@H](Nc2cc(ccc2C1=O)Cl)SCc3[nH]c(=O)c4ccc(cc4n3)C(=O)[O-]
dude_rock1__L001147,CCNc1c(nns1)C[NH+]2CCc3c(ccs3)[C@H]2C
dude_rock1__L001148,CC(C)(C)NC(=[NH2+])N1CCN(CC1)c2ccccc2Cl
dude_rock1__L001149,C[C@@H](CNS(=O)(=O)c1ccc(cc1N)Br)[NH+]2CCCCC2
dude_rock1__L001150,C[C@@H]1CCc2c(sc(c2C(=O)N)NC(=O)Oc3ccccc3)C1
dude_rock1__L001151,c1cc(ccc1C(=O)N)OCC(=O)NCc2cc[nH+]c(c2)N3CCCC3
dude_rock1__L001152,CC[C@H]1CC[C@H]([C@@H](C1)[NH+]2CCS(=O)(=O)CC2)C(=O)[O-]
dude_rock1__L001153,CC[NH2+][C@H](C)CC(=O)Nc1cc(cc(c1C)F)C(=O)N
dude_rock1__L001154,CC[C@@H](C)[C@@H](C(=O)Nc1ccc(cc1C)N2CC[NH+](CC2)C)NC(=O)N
dude_rock1__L001155,C[C@@H](C(=O)N[C@H]1CCOc2c1cccc2)[NH+]3CCCN(CC3)c4nccs4
dude_rock1__L001156,CCC1(CC[NH+](CC1)C[C@](C)(C[NH2+]C)c2ccccc2)C
dude_rock1__L001157,CCCc1c(c(c(n1CC[NH+]2CCCCC2)C)C(=O)N)c3c(n(n(c3=O)c4ccccc4)C)C
dude_rock1__L001158,CCOc1ccc(cc1)N2C(=O)C[C@@H](C2=O)[NH+]3CCCC[C@@H]3CCO
dude_rock1__L001159,C#CC[NH+](CC(=O)NCc1ccc(cc1)S(=O)(=O)N)C2CCCCC2
dude_rock1__L001160,c1ccc2=[NH+]CC(=c2c1)CCC(=O)N3CCC[C@H](C3)C(=O)NCCc4ccc(c(c4)O)O
dude_rock1__L001161,c1cc(ccc1C(=O)N[C@@H](C(Cl)(Cl)Cl)NC(=S)Nc2ccc(cc2)[N+](=O)[O-])[N+](=O)[O-]
dude_rock1__L001162,C[NH2+][C@@H](c1ccc2c(c1)oc(=O)n2C)C3CCCCCC3
dude_rock1__L001163,CC(C)[C@@H](C[NH+](C)C)NS(=O)(=O)c1c(cc(cc1Cl)N)Cl
dude_rock1__L001164,C[C@H](C(=O)N[C@@](C)(C#N)C(C)C)[NH+]1CCc2ccccc2C1
dude_rock1__L001165,c1cc2=[NH+][C@@H]3CN(CCC3=c2cc1Cl)C(=O)NCC(=O)NC4=CC5=CC=N[C@@H]5C=C4
dude_rock1__L001166,c1cc(c(cc1C(=[NH2+])N)Cl)Sc2nnc3n2CCCCC3
dude_rock1__L001167,CC(C)c1ccc(cc1)NC(=O)CN2C(=O)[C@H](NC2=O)CC3=c4ccccc4=[NH+]C3
dude_rock1__L001168,CC(C)[C@@H](C(=O)NC(=O)N)Sc1nc2ccccc2c(=O)n1CC[NH+](C(C)C)C(C)C
dude_rock1__L001169,Cc1cc(cc2c1Oc3c(c(cc(c3O2)C)O)O)OC
dude_rock1__L001170,CCCC\1=NN(C(=O)/C1=C(\CC)/NCCc2c[nH]c[nH+]2)[C@@H]3Nc4ccccc4S3
dude_rock1__L001171,CCc1ccc(cc1)n2c(c(nn2)C[NH3+])c3ccc(c(c3)F)F
dude_rock1__L001172,Cc1cc(c(n1c2cc(on2)C)C)C(=O)C[NH+](C)CC(=O)Nc3ccccc3C(F)(F)F
dude_rock1__L001173,c1cc[nH+]c(c1)N2CCN(CC2)CC(=O)c3ccc4c(c3)CCN4
dude_rock1__L001174,CC(C)COc1ccc(cc1OC)[C@@H]2[C@@H](CCC(=O)N2C)[NH3+]
dude_rock1__L001175,c1cc(cc(c1)Cl)c2ccc(o2)/C=C/3\C(=O)N(C(=S)S3)[C@H](CC(=O)N)C(=O)[O-]
dude_rock1__L001176,c1cc2c(cc1Br)OCCC[C@@H]2[NH2+]C3CCCCCCC3
dude_rock1__L001177,CC[NH2+]Cc1[nH]c(=O)c2c3c(sc2n1)C[C@@H](CC3)C(C)(C)C
dude_rock1__L001178,Cc1c2c(oc(c2c(=O)[nH]n1)NC(=O)C[NH2+][C@H](c3cccs3)C(C)(C)C)C
dude_rock1__L001179,c1cc2c(c(c1)Br)[C@H](C(=O)N2)[NH2+]C[C@@H]3CCC=CC3
dude_rock1__L001180,C[C@H](C(=O)N1CCCCCC1)S(=O)(=O)c2ccc(cc2)N
dude_rock1__L001181,CC[C@H](CN1CC(Oc2c1cc(cc2)Cl)(CC)CC)[NH3+]
dude_rock1__L001182,C[C@@H](c1cccc(c1)S(=O)(=O)NC)[NH2+]Cc2ccc(c(c2)O)[N+](=O)[O-]
dude_rock1__L001183,C[NH+]1CCc2c(sc(c2C(=O)N)NC(=O)CCCSc3ccccc3)C1
dude_rock1__L001184,CO[C@H]1C[NH+](CCN1)[C@@H](CNO)c2ccc(cc2)c3ccccc3
dude_rock1__L001185,CC(C)[C@H]1CC[C@@H]([C@@H](C1)N2CC[NH+](CC2)C(C)(C)C)O
dude_rock1__L001186,c1cc(c(cc1C[NH3+])[N+](=O)[O-])OCc2cc(cs2)Br
dude_rock1__L001187,C[C@H](CC1=c2ccccc2=[NH+]C1)NC(=O)c3ccc4c(c3)S[C@@H](N4)NS(=O)(=O)C
dude_rock1__L001188,C[NH+]1CCN(CC1)CC[NH+](C)Cc2cccc(c2)c3[nH]c(=O)cc(n3)CN
dude_rock1__L001189,CN(C[C@H]1C2=C(CCC2)N=N1)C[C@@]3(CCC[NH+]4[C@@H]3CCCC4)O
dude_rock1__L001190,C[C@@H]1CC[C@H]([C@H](C1)[NH2+]CCNC(=O)C(C)C)C(C)C
dude_rock1__L001191,CCCc1cc2c(c(=O)[nH]1)[C@@H](C(=C(O2)N)C(=O)OC)c3cccc(c3)[N+](=O)[O-]
dude_rock1__L001192,Cc1ccc(c(c1)N2C(=O)/C(=C\NCC[NH+](C)C)/C(=O)NC2=S)C
dude_rock1__L001193,CC(C)C[C@H]([C@@H](c1cc2c(c(c1)Br)OCCO2)O)[NH3+]
dude_rock1__L001194,c1c(c(cc2c1[nH]c(=O)[nH]2)Br)[C@@H](C3CCCC3)[NH3+]
dude_rock1__L001195,Cc1ccc2c(c1C)NC(=O)[C@@H]2Nc3ccc(=O)n(c3)C
dude_rock1__L001196,Cc1ccc2c(c1)CCCN2CCC(=O)Nc3c(ccs3)C(=O)N
dude_rock1__L001197,COc1ccc(cc1NS(=O)(=O)c2ccc(cc2)C(=O)NNC(=O)c3ccc4c(c3)OCO4)[N+](=O)[O-]
dude_rock1__L001198,Cc1ccc(c(c1)NC(=O)CNC(=O)C[NH+](CC(=O)N)C(C)C)OC
dude_rock1__L001199,C[C@H](c1ccc(cc1Br)Br)[NH2+]CCCS(=O)(=O)N
dude_rock1__L001200,Cn1c2c(c(=O)n(c1=O)C)[nH]c(n2)N3CCO[C@H](C3)C[NH3+]
dude_rock1__L001201,COc5ccc(C4=NC(c1ccc(Cl)cc1F)C(C(=O)Nc3ccc2[nH]ncc2c3)=C(C)N4)cn5
dude_rock1__L001202,Cc1ccc(s1)C(=O)NNC(=O)[C@H]2C[C@@H]2[N+](=O)[O-]
dude_rock1__L001203,C[C@@H]1C(=O)N(c2ccccc2O1)CC(=O)Nc3cccc(c3)[C@]4(C(=O)NC(=O)N4)C
dude_rock1__L001204,CCn3c(c1nonc1N)nc4cncc(CNC2CCNCC2)c34
dude_rock1__L001205,CC[C@H](c1ccc(cc1)C)[NH2+]CC2(CCCCC2)[NH+](C)C
dude_rock1__L001206,CC[NH+](CC)CCn\1c2ccccc2[nH]/c1=N\C(=O)c3ccc(c(c3)[N+](=O)[O-])N
dude_rock1__L001207,CCC[NH2+][C@@H](c1cc2c(c(c1)Cl)OCO2)c3nccs3
dude_rock1__L001208,c1cc2c(cc1c3c(n4cc(ccc4n3)Cl)CC[NH3+])OCCO2
dude_rock1__L001209,c1ccc2=[NH+]C([NH+]=c2c1)CS[C@H]3NN[C@H](N3Cc4ccco4)c5cccs5
dude_rock1__L001210,C[C@@H]1CCC[C@H](C1)N(C)c2ccc(cc2N)[N+](=O)[O-]
dude_rock1__L001211,CC(C)(C[NH2+][C@@H]1CCc2c(sc3c2c(=O)n(cn3)Cc4cc5ccccc5s4)C1)CO
dude_rock1__L001212,c1ccc(c(c1)C[NH+]2CCNC(=O)[C@H]2CC(=O)NCc3cn4ccsc4n3)C(F)(F)F
dude_rock1__L001213,CCOc1cc2c3c(c1)[C@@]4(C(=C(OC(=C4C(=O)OCC)C)N)C#N)C(=O)N3C(C=C2C)(C)C
dude_rock1__L001214,Cc1cc(on1)NC(=O)CSc2c(cnc(=O)[nH]2)C
dude_rock1__L001215,CCC(CC)(c1nc(on1)c2ccc(cc2)C#N)[NH3+]
dude_rock1__L001216,CCc1nc(c2c(c(sc2n1)C(=O)NNC(=O)C34CC5CC(C3)CC(C5)C4)C)C
dude_rock1__L001217,Cc1cccc(n1)Nc2c(c(nc[nH+]2)Nc3ccc(cn3)Cl)N
dude_rock1__L001218,CC[C@H](C)[NH+]1CCN(CC1)c2cc(ccc2/C(=N/O)/N)Cl
dude_rock1__L001219,c1ccc2=[NH+]CC(=c2c1)C[C@@H]3C(=O)N(C(=O)N3)CC(=O)Nc4ccc(cc4)SC(F)F
dude_rock1__L001220,Cc1cc(c2c(c1)N(CCC2)C(=O)C(=O)N[C@@H](C)CO)C
dude_rock1__L001221,CC[NH2+][C@@H](C[NH+](C)[C@@H](C)C(C)C)c1cc(ccc1C)C
dude_rock1__L001222,c1cc(c(cc1c2cnc([nH]2)[C@H]3CCCC[NH2+]3)[N+](=O)[O-])Cl
dude_rock1__L001223,COCCCNC(=O)[C@@H]1[C@H](SC2=C1CCCC2)NC(=O)/C(=C/C3=c4ccccc4=[NH+]C3)/C#N
dude_rock1__L001224,C[C@@H]1CC[C@H]([C@@H](C1)C[NH+](C)CC2CCCCC2)[NH2+]C
dude_rock1__L001225,COc1ccccc1C(=O)NNC(=O)c2c[nH+]c3ccccc3c2N
dude_rock1__L001226,C[C@@H](CCCC(C)(C)O)NC(=O)[C@H]1CN(CC12CC[NH2+]CC2)C(=O)[C@@H](C)Oc3ccccc3
dude_rock1__L001227,CC1(CC(CC([NH2+]1)(C)C)C(=O)c2ccc(c(c2)OC)OC)C
dude_rock1__L001228,c1cc(c(cc1CS[C@H]2[NH+]=c3ccc(cc3=[NH+]2)Cl)Cl)Cl
dude_rock1__L001229,C[C@@H]1CC[C@H]2[C@@]([C@@]13Cc4c(cc5c(c4O3)CN(C5=O)[C@@H](C(C)C)C(=O)[O-])O)(CC[C@H](C2(C)C)O)C
dude_rock1__L001230,CC(=O)N1CCN(CC1)c2c(cc3ccc(cc3n2)Cl)C[NH2+][C@H]4CCOC(C4)(C)C
dude_rock1__L001231,C1CCc2c([nH]/c(=N\S(=O)(=O)CC[C@H]3CCCC[NH2+]3)/s2)C1
dude_rock1__L001232,c1ccc2c(c1)cc(o2)c3nc(on3)C4(CCCC4)[NH3+]
dude_rock1__L001233,CN1CCCc2c1ccc(c2)[C@H](CNC(=O)C(=O)Nc3ccccc3OC)[NH+]4CCCC4
dude_rock1__L001234,CC1(CC(=CC(=C1)NNC(=O)c2cccc3c2[nH]c(c3)c4cccs4)O)C
dude_rock1__L001235,CN(Cc1ccc(cc1)Cl)S(=O)(=O)c2ccc(cc2)NN
dude_rock1__L001236,C[C@H]1CC[NH+]([C@@H]2[C@@H]1CCCC2)CC(=O)NC(=O)NCC=C
dude_rock1__L001237,c1ccc2c(c1)CCCN2CC(=O)NNC(=O)c3cc(ccc3O)Br
dude_rock1__L001238,CCc1c(sc2n1c(c(n2)c3ccc4c(c3)OCCO4)C[NH3+])C
dude_rock1__L001239,c1ccc(cc1)Cn2c(=O)c(c(nc2O)O)[C@@H]3c4c(c5ccccc5[nH]4)CC[NH2+]3
dude_rock1__L001240,Cc1cccc([nH+]1)N[C@H](c2ccc(cc2)SC)c3c(c(sc3NC(=O)c4ccco4)C)C
dude_rock1__L001241,Cc1ccc(c(c1)Oc2ccc(cc2N)[N+](=O)[O-])C
dude_rock1__L001242,CCOc1cc(ccc1O)[C@@H]2c3c(n[nH]c3OC(=C2C#N)N)c4ccccc4
dude_rock1__L001243,CC(=O)c1c2ccccn2c3c1C(=O)c4c(cccc4N)C3=O
dude_rock1__L001244,c1ccc(c(c1)[C@H]2[C@@H](CN(N2)c3ccc(cc3)F)C[NH2+]CCSc4nc[nH]n4)Cl
dude_rock1__L001245,Cc1c(cnn1C)C(=O)N[C@@H](C)c2cccc(c2)S(=O)(=O)N(C)C
dude_rock1__L001246,CCCCN(CC)C(=O)CSc1nc2c(c([nH]n2)C)c(=[NH2+])n1c3cccc(c3)Cl
dude_rock1__L001247,C[NH+]1CCC(CC1)N(C)c2c(c(ncn2)NCCCOC)N
dude_rock1__L001248,CCOC(=O)c1c(csc1NC(=O)C[NH+]2CCCC[C@H]2C(=O)N)C3CC3
dude_rock1__L001249,CC(C)C[C@@H](CNS(=O)(=O)c1ccc2c(c1)[nH]c(=O)[nH]2)N3CC[NH+](CC3)C
dude_rock1__L001250,CCC[C@@H]1CC[C@H]([C@@H](C1)[NH+]2C[C@@H](C[C@@H](C2)C)C)C[NH3+]
dude_rock1__L001251,Cc1c(oc(c1C#N)NC(=O)CSc2[nH]ncn2)C
dude_rock1__L001252,CC[C@H](C(=O)N1CCCC1)Sc2nc3c(c([nH]n3)C)c(=[NH2+])n2c4ccccc4Cl
dude_rock1__L001253,C[C@H]1C(=O)N=C([NH+]=N1)NNC(=O)C2(CC2)c3ccc(cc3)Br
dude_rock1__L001254,CCc1ccccc1NC(=O)C[NH+]2CCN(CC2)C(=O)c3ccc(c(c3)OC)OCC=C
dude_rock1__L001255,c1ccc(c(c1)N)n2ccc(n2)C(=O)N3C[C@@H]4CC[C@H]3C4
dude_rock1__L001256,C[C@@H](c1ccc(cc1)n2cncn2)[NH+](C)CC(=O)N(CC(C)C)c3c(n(c(=O)[nH]c3=O)CC(C)C)N
dude_rock1__L001257,COc1ccc2=C[C@@H]([NH+]=c2c1)C(=O)NC34CC5CC(C3)CC(C5)C4
dude_rock1__L001258,CCCCC1CCC(CC1)NC(=O)NC2CC[NH+](CC2)CC(=O)NC
dude_rock1__L001259,CC[NH2+][C@](C)(c1cc2cc(ccc2o1)Br)C(=O)N
dude_rock1__L001260,[H]/N=C/1\N[C@]2([C@](N1N)(N(C(=O)N2C)C)c3ccccc3)c4ccccc4
dude_rock1__L001261,Cc1ccc(cc1)Cc2c(nc(n3c2nnc3[C@@H](C)[NH3+])C)C
dude_rock1__L001262,NCc4ccc(c2cc1ccncc1cc2OC3CCNCC3)cc4
dude_rock1__L001263,CC1CCN(CC1)C(=O)C[C@H]2[C@@H]([C@@H]([C@H](O2)Cn3cc(nn3)C[NH2+]C)O)O
dude_rock1__L001264,C[C@]1(CCS(=O)(=O)C1)NNC(=O)NCC(C)(C)[NH+]2CCCCC2
dude_rock1__L001265,CC(C)CNC(=O)NC(=O)CN1C(=O)[C@@]2(CCOc3c2cccc3)NC1=O
dude_rock1__L001266,COc1cc2c(cc1OC)[nH]c(c(c2=O)C(=O)NCC[NH+]3CCCCC3)O
dude_rock1__L001267,CCCn1c(=O)[nH]nc1S[C@H](c2ccc(cc2)Br)[C@@H](C)[NH3+]
dude_rock1__L001268,Cc1cc(c(c(c1)C)[C@H](C)[NH2+]CC(C)(C)C[NH+](C)C)C
dude_rock1__L001269,C[C@H]1CCC[C@@H]([C@@H]1C)[NH2+]CC(=O)NC2CCCC2
dude_rock1__L001270,Cc1cnn(c1C(=O)Nc2c(c3c(s2)C[NH+](CC3)C)C(=O)N)C
dude_rock1__L001271,C[C@@H](C(=O)NC(=O)NCC=C)[NH+]1CCC(CC1)CC[NH+](C)C
dude_rock1__L001272,CC[C@@]1(C(=O)N(C(=O)N1)CC2CC[NH2+]CC2)c3ccc(c(c3)C)C
dude_rock1__L001273,CCOc1ccc(cc1[C@H](c2cc[nH]n2)[NH3+])Br
dude_rock1__L001274,CN(C)c1ccc(cc1)[C@@H]2[C@H](CCC(=O)N2CCOC)[NH3+]
dude_rock1__L001275,C=CCN1c2ccccc2C(=O)[C@@H]([C@@H]1O)C(=O)N[C@@H]3C(=c4ccccc4=[NH+]C3=O)O
dude_rock1__L001276,CCc1nnc(s1)NC(=O)c2c(c3cc4cc(c(cc4[nH+]c3s2)OC)OC)N
dude_rock1__L001277,c1cc(sc1)C(=O)NNC(=O)NCCc2ccc(s2)Cl
dude_rock1__L001278,CS(=O)(=O)N[C@H]1C[C@H]2C(=O)NC[C@H]([NH+]2C1)CCC(=O)NC3CC3
dude_rock1__L001279,CCC(C)(C)[C@@H]1CC[C@H]([C@@H](C1)[NH+](CC)CC)C[NH3+]
dude_rock1__L001280,CC[NH+]1CCC[C@@H]1CNC(=O)[C@@]2(c3ccccc3NC(=O)N2c4ccccc4)O
dude_rock1__L001281,Cc1ccc(c(c1)n2c(c(nn2)C[NH3+])c3ccccc3)OC
dude_rock1__L001282,CC(C)C(=O)N1C[C@@H](C2(C1)CC[NH2+]CC2)C(=O)NC[C@H]3COC(O3)(C)C
dude_rock1__L001283,Cc1cc(no1)C[NH2+][C@H](C)C23CC4CC(C2)CC(C4)C3
dude_rock1__L001284,c1cc(cc(c1)OC(F)F)[C@@H]2C[NH2+]C3(CCCCC3)CO2
dude_rock1__L001285,c1ccc(cc1)/N=C/2\N[C@H]([NH+]=C(N2)CSc3nnc(o3)c4ccncc4)N
dude_rock1__L001286,c1ccc2=[NH+]CC(=c2c1)C(=O)NNC(=S)NCc3ccc4c(c3)OCO4
dude_rock1__L001287,c1cc(oc1)[C@H](C[NH3+])Oc2cc(c(cc2Cl)Cl)Cl
dude_rock1__L001288,CC(C)(C)NC(=O)NC(=O)C[NH+]1CCC(CC1)C2=c3ccccc3=[NH+]C2
dude_rock1__L001289,C[C@H]1CCCC[C@H]1NS(=O)(=O)c2cc(ccc2OC)C(=O)NCc3cc(ccc3O)[N+](=O)[O-]
dude_rock1__L001290,C[NH2+]Cc1ccc(c(c1)[N+](=O)[O-])O[C@@H]2CS(=O)(=O)C[C@@H]2O
dude_rock1__L001291,CCN1C(=NNN1)S[C@H](C)C(=O)C2=c3ccccc3=[NH+][C@@H]2C
dude_rock1__L001292,Cc1cccc2c1[nH]cc2CCNC(=O)[C@H]3CN(CC34CC[NH2+]CC4)C(=O)c5c(noc5C)C
dude_rock1__L001293,C[NH+]1CCc2c(sc(c2C(=O)N)NC(=O)c3cc(cc(c3)Cl)Cl)C1
dude_rock1__L001294,Cc1cc2c(cc1Cl)/c(=[NH+]/[C@H](Cc3c[nH]c[nH+]3)C(=O)[O-])/cc(o2)c4ccc(c(c4)OC)O
dude_rock1__L001295,Cc1ccc(cc1)[C@@H](CNC(=O)c2cc3c([nH]c2=O)CCC3)[NH+](C)C
dude_rock1__L001296,CC(C)(C)[NH2+]C[C@@]1(CCCOC1)Cc2cc(ccc2Br)F
dude_rock1__L001297,CCOC(=O)C1=C(Oc2c3ccccc3[nH]c(=O)c2[C@H]1c4ccc(cc4)C(C)C)N
dude_rock1__L001298,c1cc(c(cc1N)N)c2nnnn2CCC(F)(F)F
dude_rock1__L001299,C[C@H](c1ccc(cc1)N2CCOCC2)[NH2+]C[C@@H]3CNc4ccnn4C3
dude_rock1__L001300,CCNC(=S)Nc1c2cc(ccc2[nH]c1C(=O)OC)Br
dude_rock1__L001301,CCNC(=O)[C@H](C)Nc1c2cc(ccc2[nH+]cc1N)Br
dude_rock1__L001302,C[C@@H](C(C)(C)C)NC(=O)[C@@H]1CN(CC12CC[NH2+]CC2)C(=O)c3cc(c(c(c3)Cl)OC)Cl
dude_rock1__L001303,C[NH2+][C@H]1CCCCCCCCCC[C@H]1OCCOC
dude_rock1__L001304,CC[C@H](C/C(=N/O)/N)[NH+]1CCCc2ccccc2C1
dude_rock1__L001305,CCOc1ccc(cc1OC)C[NH+](C)CC(=O)N2c3ccccc3NC(=O)C24CCCC4
dude_rock1__L001306,c1ccc2=[NH+]CC(=c2c1)/C=N\N[C@H]3Nc4ccccc4O3
dude_rock1__L001307,C[C@H]1CCC[C@](C1)(C[NH3+])N(C)S(=O)(=O)N2CCCC2
dude_rock1__L001308,C[C@H]1CCC[C@@H](C1)[NH2+][C@@H](C)c2ccc3c(c2)[nH]c(=O)[nH]3
dude_rock1__L001309,c1ccc2=[NH+]CC(=c2c1)C[C@@H]([C@H]3N=N[C@@H](O3)SCc4ccc(c(c4)Cl)Cl)[NH3+]
dude_rock1__L001310,c1ccc(cc1)n2cc(c(n2)c3ccc(cc3)Cl)[C@@H]4NC(=O)C(=C(N4c5ccccc5)[S-])C#N
dude_rock1__L001311,c1ccc2=[NH+]C(=O)CC(=c2c1)C(=O)N[C@H]3[C@H](C4=C(S3)CCCC4)C(=O)N
dude_rock1__L001312,c1ccc(c(c1)Oc2c(cc3c(n2)CCC3)C(=[NH2+])N)Cl
dude_rock1__L001313,c1ccc2c(c1)c3c(o2)c(ncn3)SCC(=O)OCc4nc(nc(n4)Nc5ccc(cc5)Cl)N
dude_rock1__L001314,CCC(C)(C)[C@@H]1CC[C@H]([C@@H](C1)[NH+]2Cc3ccccc3C2)[NH3+]
dude_rock1__L001315,C[C@@H](CCc1ccc(cc1)OC)NC(=O)[C@H]2CN(CC23CC[NH2+]CC3)C(=O)c4c(cccc4F)F
dude_rock1__L001316,C[C@@H](CNC(=O)N(C)Cc1ccccc1O)[NH+]2CCN(CC2)c3ccccc3
dude_rock1__L001317,C[C@H]1CCCN(C1)S(=O)(=O)N2CCC[C@@H](C2)NS(=O)(=O)C
dude_rock1__L001318,Cc1cc(=O)[nH]c(n1)n2c(=O)c3ccccc3c(n2)O
dude_rock1__L001319,c1ccc(cc1)CN(c2ccccn2)c3c(c([nH+]cn3)Nc4ccc5c(c4)OCO5)N
dude_rock1__L001320,C[C@H]1CCCN(C1)C(=O)C[NH2+]C2CCC(CC2)C(=O)[O-]
dude_rock1__L001321,CC[C@]1(CCC[NH2+]C1)C(=O)Nc2ccc(c(c2)O)C(=O)[O-]
dude_rock1__L001322,c1cc(ccc1C(=O)[O-])N2C(=O)C[C@H](C2=O)[NH+]3CCNC(=O)C3
dude_rock1__L001323,Cc1cccc2c1[nH]cc2CCNC(=O)[C@@H]3CN(CC34CC[NH2+]CC4)C(=O)c5ccccc5F
dude_rock1__L001324,CC(C)(C)NC(=S)N/N=C/c1cc(ccc1O)Br
dude_rock1__L001325,C[C@@H](CN(C)C(=O)C1(CCCCCC1)/C(=N/O)/N)O
dude_rock1__L001326,CC(C)Cn1c(=O)c2c(ccs2)n3c1nn(c3=O)CC(=O)N
dude_rock1__L001327,C=CC[NH+](Cc1ccc(s1)Cl)CC(=O)Nc2c(ccs2)C(=O)N
dude_rock1__L001328,c1cc(oc1C(=O)NC2(CCCCC2)CO)[N+](=O)[O-]
dude_rock1__L001329,Cc1ccc(o1)c2c(cn(n2)c3ccccc3)C(=O)NC[C@@H](c4ccco4)[NH+]5CCCC5
dude_rock1__L001330,CC[NH2+]CC(=O)/N=c/1\[nH]c(cn1c2ccc(c(c2)F)C)c3ccccc3
dude_rock1__L001331,Cc1cc(ccc1Cl)O[C@H]2COc3ccccc3[C@H]2[NH2+]C
dude_rock1__L001332,CN(C)c1nc(nc(n1)N)CSc2ccccc2N
dude_rock1__L001333,Cc1cc(c2cc(c(=O)[nH]c2c1)[C@H](c3nnnn3C4CCCC4)[NH+]5CCCC[C@@H]5C)C
dude_rock1__L001334,CO[C@@H]1CC(=O)c2c(c3c(cc4c(cccc4n3)c5ccccc5O)c(=O)n2[O-])N1
dude_rock1__L001335,CCNC(=O)c1ccc2c(c1)[C@@H]3C=CC[C@H]3[C@@H](N2)c4ccc(c(c4)OC)O
dude_rock1__L001336,CCOC(=O)c1c2c(sc1NC(=O)[C@@H]3[C@H]4C[C@@H]([C@@H]3C(=O)[O-])C=C4)C[C@@H](CC2)C(C)(C)C
dude_rock1__L001337,c\1c(cc2c(=N[C@]34[N+]2=C5CCCCC5C[C@H]3CCCC4)/c1=C(\C#N)/C(=O)N)NC6CCCCC6
dude_rock1__L001338,Cc1cc(ccc1F)n2c(nnn2)c3ccc(c(c3)N)F
dude_rock1__L001339,C4CC(Oc2ccc1[nH]ncc1c2)CN(Cc3ccccc3)C4
dude_rock1__L001340,CC[C@@H]1C(=O)Nc2cc(c(cc2O1)S(=O)(=O)N3CCC[C@@H](C3)C(=O)NC4CCCCC4)C
dude_rock1__L001341,CCC[C@@H]1C[C@H]([NH+](C1)C)C(=O)N[C@H]([C@H]2[C@@H]([C@H]([C@@H]([C@H](O2)SC)O)O)O)[C@@H](C)O
dude_rock1__L001342,CC1(CC[NH2+]CC1)C(=O)Nc2ccc(cc2Br)[N+](=O)[O-]
dude_rock1__L001343,c1cc(cc(c1)Cl)c2c(nnn2C[C@@H](CO)O)C[NH3+]
dude_rock1__L001344,Cc1c([nH]c2c1cc(cc2)C[NH2+]C[C@@H]3[C@H](N(N=C3C)C)OC)C
dude_rock1__L001345,CC(C)(C)CN(C)c1c(cc2c([nH+]1)CCCC2)C[NH3+]
dude_rock1__L001346,Cc1c2c([nH]n1)OC(=C([C@H]2c3ccccc3OCc4cccc5c4cccc5)C#N)N
dude_rock1__L001347,CC(C)[C@H]1C(=O)Nc2cc3c(cc2N1)OCO3
dude_rock1__L001348,c1ccc2=[NH+]CC(=c2c1)/C=N/NC(=O)Cn3nc(nn3)N
dude_rock1__L001349,c1cc2c(cc1[C@H](C(=O)[O-])[NH+]3CCCC3)OCCCO2
dude_rock1__L001350,CN1c2c(cc(cc2c3ccccc3O)O)C/C(=N/c4c1ncnc4Cl)/Br
dude_rock1__L001351,CC(C)CN(CC(=O)N)c1cc(ccc1C[NH2+]C(C)C)Br
dude_rock1__L001352,Cc1cc([nH+]c2c1cccc2)N/N=C/c3ccc(c(c3)OC)O
dude_rock1__L001353,CC1=C(S[C@H](N1)n2cccc2)C(=O)NCCC3=c4ccccc4=[NH+]C3
dude_rock1__L001354,c1ccc(c(c1)/C=C\2/C(=O)c3ccc(c(c3O2)C[NH+]4CCN(CC4)CCO)O)OC(F)F
dude_rock1__L001355,CC(C)(C)C1=[NH+][C@H](ON1)CSc2[nH]nc(n2)/C=C/c3ccccc3
dude_rock1__L001356,C[NH+]1CCN(CC1)[C@H]2N=C3C(=NC=NC3=O)N2[C@H]4[C@H]([C@@H]([C@H](O4)CO)O)O
dude_rock1__L001357,COc1ccc(cc1OC)[C@@H]2NC(=NC(=[NH+]2)N)Nc3ccccc3
dude_rock1__L001358,Cc1ccccc1CCNC(=O)[C@H]2CN(CC23CC[NH2+]CC3)C(=O)c4cccc(c4Cl)Cl
dude_rock1__L001359,c1cc(c2c(c1F)NC(=O)[C@@H]2NC[C@@H]3COCCO3)Cl
dude_rock1__L001360,C[C@](c1c(cccc1F)F)(C(=O)[O-])[NH2+][C@@H]2CCCC[C@@H]2[NH3+]
dude_rock1__L001361,Cc1c[nH]/c(=N/C(=O)N[C@@H](C)c2cnn(c2C)C)/s1
dude_rock1__L001362,Cc1ccc(cc1C)N2[C@@H](CC(=N2)CC[NH3+])c3ccccc3OC
dude_rock1__L001363,CC[NH+]1CCN(CC1)Cc2[nH]c(=O)c3c4c(sc3n2)CCC4
dude_rock1__L001364,c1ccc(cc1)[C@@H](c2ccco2)[NH2+]Cc3ccccc3O
dude_rock1__L001365,CC1(CC[C@@H](c2c1cccc2)n3c(c(cn3)[N+](=O)[O-])N)C
dude_rock1__L001366,CCNC(=O)CN1CC[NH+](CC1)[C@H](C)C(=O)N2CCCCCC2
dude_rock1__L001367,C[C@H]1C(=O)N(C2([NH2+]1)CCN(CC2)C(=O)c3cccc(c3)F)CC=C
dude_rock1__L001368,Cc1ccc2c(c1)/C(=N/c3c(c4c(s3)CCCC4)C(=O)N)/C(=O)N2
dude_rock1__L001369,CCCCC(=O)N1C[C@@H](C2(C1)CC[NH2+]CC2)C(=O)NCc3ccc4c(c3)OCCO4
dude_rock1__L001370,c1ccc2c(c1)c(c(c[nH+]2)C(=S)N)N[C@@H]3CCCC[C@H]3O
dude_rock1__L001371,CC[NH+](CC)[C@H](CNC(=O)NNC(=O)c1c(ccs1)C)c2ccco2
dude_rock1__L001372,C/C(=N/Nc1[nH]nc(n1)SCC(=O)Nc2c(c3c(s2)CCCC3)C#N)/c4ccc(c(c4)OC)OC
dude_rock1__L001373,CC(C)[C@H]1CC[C@H]([C@@H](C1)C[NH+](CCO)C2CCCCC2)O
dude_rock1__L001374,COc1cccc(c1OC)c2cc(nn2c3ccccc3)C[NH3+]
dude_rock1__L001375,CC(C)[NH+]1CCC2(CC1)C(=O)N(C(=O)N2)CC[C@@H]3CCCC[NH2+]3
dude_rock1__L001376,Nc1nonc1c3nc2ccccc2n3CC4CCC4
dude_rock1__L001377,Cc1ccc(c(c1S(=O)(=O)N[C@H]2C[NH+]3CCC2CC3)C)N
dude_rock1__L001378,C/C=C/c1ccc(c(c1)OC)OC[C@@H](Cn2c3ccccc3[nH+]c2NCCO)O
dude_rock1__L001379,Cc1ccc2c(c1)[nH]c(n2)[C@H](C)NC(=O)[C@@H]3CN(CC34CC[NH2+]CC4)C(=O)[C@@H]5CCC=CC5
dude_rock1__L001380,CS(=O)(=O)N1CCN(CC1)[C@H](CC[NH3+])C(F)(F)F
dude_rock1__L001381,C[C@@H]1C(=C(N=N1)C)[C@@H](C)NC(=O)[C@@H]2CN(CC23CC[NH2+]CC3)C(=O)CCCc4ccccc4
dude_rock1__L001382,C[NH+](C)[C@@H](CNC(=O)NNC(=O)Cc1ccccc1OC)c2ccsc2
dude_rock1__L001383,Cc1c(sc(n1)N(C)C2CCCCCC2)C[NH2+]C(C)(C)C
dude_rock1__L001384,c1ccc2c(c1)C(=O)N(C2=O)CCS(=O)(=O)N3CCC[C@H](C3)CO
dude_rock1__L001385,CN(c1c(ccc[nH+]1)CNC(=O)C[C@@H]2C(=O)NC(=O)N2)C3CCCCC3
dude_rock1__L001386,c1ccc(cc1)c2c(cn(n2)c3ccccc3)/C=N/NC(=S)NCC[NH+]4CCOCC4
dude_rock1__L001387,c1ccn(c(=O)c1)c2ccc(c(c2)F)NC(=O)C[NH+]3C[C@@H](C[C@H]3CO)NC(=O)c4ccc(s4)Cl
dude_rock1__L001388,CC1CCN(CC1)S(=O)(=O)N[C@H]2CC[NH+]3[C@@H]2CCCC3
dude_rock1__L001389,CC[C@@H](C(=O)N)Oc1ccc(cc1[C@@H](C)[NH2+]C)Br
dude_rock1__L001390,C[C@@H](CC[NH+](C)C)NS(=O)(=O)c1c(cc(cc1Cl)Cl)N
dude_rock1__L001391,C[C@@H]1C[C@@H](C[NH+](C1)CC(=O)N(CC(C)C)c2c(n(c(=O)[nH]c2=O)CC(C)C)N)C
dude_rock1__L001392,CC1CCN(CC1)S(=O)(=O)c2ccc3c(c2)[C@@H]4C=CC[C@H]4[C@@H](N3)c5cccc(c5O)OC
dude_rock1__L001393,CCCOC(=O)c1ccc2c(c1)[C@@H]3C=CC[C@H]3[C@@H](N2)c4ccc(cc4O)O
dude_rock1__L001394,Cc1nc(cc(n1)Cl)NC[C@H](C2CCCCC2)[NH+](C)C
dude_rock1__L001395,CC(C)C[C@H](C(=O)N1CCC[NH+](CC1)CC(=O)N)NC(=O)OC(C)(C)C
dude_rock1__L001396,CC[C@H]1CCCC[NH+]1[C@@H]2C[C@@H](CC[C@@H]2[NH3+])C(C)(C)C
dude_rock1__L001397,Cc1cc(c(o1)C)[C@@H](C)[NH2+][C@H](C)c2cc3ccccc3o2
dude_rock1__L001398,CC1CC[NH+](CC1)C[C@@H](CNC(=O)N[C@@H]2CCCN(C2)S(=O)(=O)C)O
dude_rock1__L001399,C[C@@H](C(=O)Nc1cc(ccc1O)S(=O)(=O)N2CCOCC2)n3cc[nH+]c3
dude_rock1__L001400,Cc1ccc(cc1)NC(=O)CSc2c(c(c(c(n2)N)C#N)c3cccs3)C#N
dude_rock1__L001401,Cc1c2c([nH]c1C(=O)NC(C)(C)CC(C)(C)C)CCCC2=O
dude_rock1__L001402,Cc1cc2nnc(n2cn1)c3cc(cc(c3)N)C(F)(F)F
dude_rock1__L001403,CCOC(=O)c1ccc2c(c1)[C@H]3C=CC[C@@H]3[C@H](N2)c4ccc(cc4O)O
dude_rock1__L001404,CCC(=O)Nc1ccc(cc1)[C@H](C)[NH2+][C@@H](C)C(=O)Nc2ccc(c(c2)Cl)C#N
dude_rock1__L001405,C[C@]1(CCS(=O)(=O)C1)NC(=O)Cn2cc(nn2)C[NH3+]
dude_rock1__L001406,Cc1c(c(=O)n([nH]1)c2ccccc2)C(c3cccc(c3O)[N+](=O)[O-])c4c([nH]n(c4=O)c5ccccc5)C
dude_rock1__L001407,CC1(CC[NH2+]CC1)C(=O)N[C@H]2CCCC[C@H]2C(C)(C)C
dude_rock1__L001408,Cc1c(cccc1NC(=O)NC[C@@H](c2cccs2)[NH+](C)C)C(=O)NC
dude_rock1__L001409,Cc1cc2c(c(c1)F)NC(=O)[C@@H]2[NH2+]CC3CCCCC3
dude_rock1__L001410,C[C@H]1CCCC[NH+]1Cc2[nH]/c(=N\c3ccc4c(c3)OCCO4)/nc(n2)N
dude_rock1__L001411,C[C@@H](c1nnc2n1CCC2)[NH2+]Cc3cc(cc(c3O)Cl)Cl
dude_rock1__L001412,CCc1ccc(cc1)S(=O)(=O)N2CCC3(CC2)C(=[NH+]CCN3)NCc4ccc(cc4)Cl
dude_rock1__L001413,CC[NH2+][C@@H]1CC[C@@H](C[C@@H]1C[NH+]2CCC(CC2)C)C
dude_rock1__L001414,CC1(OC[C@@H](O1)[C@@H]2[C@@H]([C@@H]3[C@H](O2)OC(O3)(C)C)OCCC[NH3+])C
dude_rock1__L001415,C1Cc2c(sc(n2)NC(=O)[C@H]3C[C@@H](C[NH2+]3)O)C1
dude_rock1__L001416,CCOC(=O)N1CCN(CC1)C(=O)[C@H](C)NC(=O)c2cccs2
dude_rock1__L001417,CC(C)(C)c1ccc(cc1)/C=C\2/C(=N/c3ccc(cc3)S(=O)(=O)N)/NC(=O)S2
dude_rock1__L001418,Cc1c-2/c(=N/C(=O)[C@H](Cc3ccccc3)NC(=O)c4ccco4)/[nH]nc2n([n-]1)Cc5ccc(cc5)F
dude_rock1__L001419,CC[C@@H]1C(=C(O[C@@H]2C1=C(N=N2)C)N)C#N
dude_rock1__L001420,CCc1cccc(c1NC(=O)CN2CCOc3c2cc(cc3)N)CC
dude_rock1__L001421,CCN(c1nc2c(s1)[C@@H](CC(C2)(C)C)[NH2+]C)C3CCCC3
dude_rock1__L001422,CC(=O)/[NH+]=c/1\ccc-2c(cc(oc2c1)O)C[NH+](C)CC(=O)NC3CC3
dude_rock1__L001423,Cc1ccc(c(c1C)OC[C@H](C[NH+]2CCNC(=O)C2(C)C)O)C
dude_rock1__L001424,Cc1cc(ccc1F)[N-]S(=O)(=O)c2c[nH+][nH]c2N
dude_rock1__L001425,c1cc(cc(c1)S(=O)(=O)[N-]c2ccc(c(c2)F)OC(F)F)S(=O)(=O)N
dude_rock1__L001426,Cc1cc(ccc1NC(=O)C(=O)NCc2ccc([nH+]c2)N(C)C)C(=O)NC
dude_rock1__L001427,c1ccc(cc1)[C@@H]2C(=N[C@H](N2)SCc3nnc(n3c4ccccc4)[S-])c5ccccc5
dude_rock1__L001428,c1ccc2c(c1)CC3(CCCCC3)[C@H]4C2=[NH+]C(=NC4=O)NCCO
dude_rock1__L001429,COc1ccc2c(c1)cc(c(=O)o2)/C(=[NH+]/NC(=O)c3cc(c(c(c3)OC)OC)OC)/N
dude_rock1__L001430,CCn1c(=O)c(c(nc1O)O)[C@@H]2c3c(c4ccccc4[nH]3)CC[NH+]2C
dude_rock1__L001431,c1ccc2=[NH+][C@@H](C=c2c1)CNC(=O)[C@H]3C=C(ON3)COc4ccc(cc4F)F
dude_rock1__L001432,CC[C@@]1([C@H]2C[NH+](C[C@H]2[C@H](N1)c3ccc(cc3)C#CCCO)C)CO
dude_rock1__L001433,C[C@@H](c1ccc(cc1)CC(C)C)NC(=O)CNC(=O)C[NH3+]
dude_rock1__L001434,CC[C@@H](C)[C@@H](C(=O)N)NC(=O)c1ccn(n1)c2ccc(cc2)[N+](=O)[O-]
dude_rock1__L001435,C1CCC(CC1)[NH+]([C@@H]2CCC[C@H]2[NH3+])C3CCCCC3
dude_rock1__L001436,CC[NH2+][C@@H]1CC[C@@H](C[C@@H]1C[NH+](C)C[C@@H](C)O)C(C)C
dude_rock1__L001437,CC(C)(C)C(=O)N1CCC(CC1)C(=O)NCCN2CC[NH+](CC2)C
dude_rock1__L001438,Cc1ccc2c(c1)sc(n2)Nc3c(c(ncn3)NNC(=O)c4ccc(cc4)Cl)[N+](=O)[O-]
dude_rock1__L001439,Cn1c(c(c(=O)n(c1=O)C)C(=O)C[NH+]2CCc3c(ccs3)C2)N
dude_rock1__L001440,Cc1ccc(cc1)OCc2c(nnn2c3cccc(c3)F)C[NH3+]
dude_rock1__L001441,CCNC(=O)[C@H](C)NC(=O)N[C@@H](C)c1ccccc1Br
dude_rock1__L001442,C[NH+](CC(=O)NC(=O)NCC=C)CC(=O)N1CCNCC1
dude_rock1__L001443,C[C@H]1C[C@H]2C[NH2+]C[C@@H]2N1C(=O)C[C@@H](C)CC(C)(C)C
dude_rock1__L001444,Cc1ccc(cc1Cl)n2c(nnn2)c3cc(ccc3F)N
dude_rock1__L001445,NCCn5cc(c4cc(c2cc1ccccc1s2)c3[nH]ncc3c4)c6nc(N)ncc56
dude_rock1__L001446,c1ccc(cc1)CCN2C(=O)[C@@H]3[C@@H]([NH2+][C@@]4([C@@H]3C2=O)c5cc(ccc5NC4=O)Cl)Cc6ccc(cc6)O
dude_rock1__L001447,CC[C@H](C)NC(=O)CCNC(=O)[C@@H]1CCC[C@@H]([C@@H]1C)[NH3+]
dude_rock1__L001448,CC[C@H](C)[C@H](C(=O)NCc1ccc([nH+]c1)N2CCCCCC2)NC(=O)N
dude_rock1__L001449,C[C@H]1CCc2ccc(o2)-c3c(cc(cc3O)O)CC(=O)O1
dude_rock1__L001450,CC[C@@H](Cc1cc(ccc1OCC(=O)NC(C)(C)C)Br)[NH3+]
dude_rock1__L001451,C[C@H](c1ccc(c(c1)F)OC)NC(=O)Nc2cc3c(cc2Br)OCCO3
dude_rock1__L001452,c1cc2=[NH+]CC(=c2cc1Cl)CCNC(=O)C(=O)N[C@@H]3[C@H](C=NN3)C#N
dude_rock1__L001453,CC[C@H](C)NC(=O)C[NH+]1CCN(CC1)Cc2cc(cc(c2O)O)C(C)(C)C
dude_rock1__L001454,c1ccc(cc1)c2nnn(n2)[C@H](C[NH3+])c3ccc(cc3)Br
dude_rock1__L001455,c1ccc(cc1)CN2c3ccccc3N[C@@H]2SCC4[NH+]=c5ccccc5=[NH+]4
dude_rock1__L001456,CC(=O)NNC(=O)C[NH+]1CCC[C@H]1C(=O)N2CCNCC2
dude_rock1__L001457,C1CCC(C1)[NH2+]CC(=O)N[C@@H]2C[C@H]3C[C@@H]2[C@@H]4[C@@H]3CCC4
dude_rock1__L001458,CCCNC(=O)NC(C)(C)C(=O)NCc1ccc([nH+]c1)N2CCO[C@@H](C2)C
dude_rock1__L001459,CCCN1c2ccccc2[C@@]3(C1=O)C(=C(N(C4=C3C(=O)CCC4)c5ccc(cc5F)F)N)C#N
dude_rock1__L001460,Cc1ccn2c(c1)nc(c2[C@@H](C)C[NH3+])c3ccc(c(c3)C)OC
dude_rock1__L001461,c1ccc(c(c1)n2c(c(nn2)C[NH3+])c3ccc(c(c3)F)F)F
dude_rock1__L001462,c1cc2c(cc1S(=O)(=O)N(CC#N)C3CC3)c(=O)[nH]c(=O)[nH]2
dude_rock1__L001463,Cc1ccc(o1)CN(C)C(=O)c2ccccc2[N-]S(=O)(=O)c3ccc4c(c3)[nH]c(=O)[nH]4
dude_rock1__L001464,Cc1cc(sc1C)C(=O)N2CCN(CC2)CC(=O)NC
dude_rock1__L001465,CCC[NH2+][C@@H](c1ccc(cc1)Cl)c2ccc3c(c2)OCO3
dude_rock1__L001466,CC(C)c1ccc(cc1)[C@H](C[NH3+])Nc2ccc(c(c2)OC)OC
dude_rock1__L001467,CCc1ccc(cc1)c2nc(cs2)c3ccc4=[NH+]C(=O)[NH+]=c4c3
dude_rock1__L001468,C[C@@H]1CCC[C@](C1)(CNC(=O)NCCNc2c(cccn2)C#N)[NH+](C)C
dude_rock1__L001469,Cn1cc(ccc1=O)NCc2ccc3c(c2)OCCCO3
dude_rock1__L001470,C[C@@H]1[C@@H]2C(=c3ccccc3=[NH+]2)CCN1C(=O)c4ccc(cc4)OCC(=O)N
dude_rock1__L001471,CC[C@H]1c2ccsc2CC[NH+]1CC(=O)N(CC(C)C)c3c(n(c(=O)[nH]c3=O)Cc4ccccc4)N
dude_rock1__L001472,C[C@@H]([C@H]1CCCC[NH+]1CC(=O)N2CCc3c2ccc(c3)S(=O)(=O)N)NC(=O)OC(C)(C)C
dude_rock1__L001473,Cc1nnc(n1C)COc2ccc(cc2C[C@H](C)[NH3+])Br
dude_rock1__L001474,c1cc2=C(C[NH+]=c2cc1)/C=N/NC(=O)CCC(=O)N/N=C/C3=c4c(=[NH+]C3)cccc4
dude_rock1__L001475,C1CCc2c([nH]/c(=N\S(=O)(=O)C[C@H]3CCCC[NH2+]3)/s2)C1
dude_rock1__L001476,C[C@H](Cn1c(=O)c2ccc(cc2nc1SCC(=O)Nc3ccc(c(c3F)F)F)C(=O)[O-])O
dude_rock1__L001477,c1ccc2c(c1)[C@@H](CN2c3c(cccn3)C(=O)N)CC[NH3+]
dude_rock1__L001478,CCn1cc(cn1)C[C@]2(C[C@@H](CC[C@@H]2C(C)C)C)[NH3+]
dude_rock1__L001479,Cc1c(c(=O)[nH]c(=O)[nH]1)CCC(=O)NC[C@@H](C)C[NH+]2CCCC2
dude_rock1__L001480,Cc1cccc(c1O[C@@H](C)C(=O)Nc2c(c3c(s2)CCCC3)C(=O)N)C
dude_rock1__L001481,c1ccn2c(c1)nnc2C[NH2+]Cc3ccc(cc3)Br
dude_rock1__L001482,CN1CCN(CC1)C(=O)CC[C@@H]2CNC(=O)[C@H]3[NH+]2C[C@H](C3)NS(=O)(=O)C
dude_rock1__L001483,CC[C@@](C)(c1nc(on1)c2ccc(c(c2)Br)OC)[NH3+]
dude_rock1__L001484,CCCNC(=O)CN(C)C(=O)[C@H](Cc1ccc(cc1)O)[NH3+]
dude_rock1__L001485,Cc1ccc(cc1C)OCC(=O)NNC(=O)Nc2ccc([nH+]c2)N3CCCC3
dude_rock1__L001486,CC[C@@H](CN1C(=O)[C@](NC1=O)(C)c2ccc3c(c2)CCCC3)[NH3+]
dude_rock1__L001487,CC[C@@H]1CC[C@@H]([C@@H](C1)[NH+](CC)C2CCCC2)C[NH3+]
dude_rock1__L001488,CCc1c(sc2c1c(=O)n(c(n2)N3CC[NH+](CC3)CC(=O)N)CCc4ccccc4)C
dude_rock1__L001489,COc1ccccc1N2[C@H](Nc3ccccc3C2=O)c4ccc(o4)c5ccc(cc5)C(=O)[O-]
dude_rock1__L001490,C=CC[n+]1c(c(cc2c1nc3ccccn3c2=O)C(=O)NCC[NH+]4CCCCC4)N
dude_rock1__L001491,CCn1cc(c(=O)[nH]c1=O)/C=C\[C@H](C)c2cn(c(=O)[nH]c2=O)CC
dude_rock1__L001492,CS(=O)(=O)N[C@H]1C[C@H]2C(=O)NC[C@H]([NH+]2C1)CCC(=O)N3CCCC3
dude_rock1__L001493,C[C@H]1C[C@H](N2C(=[NH+]1)C(=CN2)c3n[nH]c(=S)n3C)C(F)(F)F
dude_rock1__L001494,C[C@@H]1C[C@@H](CN(C1)S(=O)(=O)N2CCC[C@@H](C2)CO)C
dude_rock1__L001495,Cc1cccc(c1C)NC(=S)NNC(=O)c2ccc(o2)Br
dude_rock1__L001496,Cc1cccc2c1[nH]cc2CCNC(=O)[C@@H]3CN(CC34CC[NH2+]CC4)C(=O)c5ccccc5Cl
dude_rock1__L001497,C/C(=C/C(=O)NNC(=O)NCCCn1cc[nH+]c1)/c2ccc(cc2)F
dude_rock1__L001498,c1ccc2c(c1)-c3ccccc3C2COC(=O)N[C@H](Cc4ccc(cc4)Br)C(=O)[O-]
dude_rock1__L001499,CS(=O)(=O)NN1[C@H](Nc2ccccc2C1=O)C3[NH+]=c4ccccc4=[NH+]3
dude_rock1__L001500,c1ccc2=[NH+]CC(=c2c1)/C=N/N3[C@@H](NN[C@@H]3S)C(F)(F)F
dude_rock1__L001501,C[NH2+][C@@H](COc1c(cc(cc1Br)[N+](=O)[O-])Br)C(=O)N
dude_rock1__L001502,c1ccc2c(c1)c(cc(=O)[nH]2)CS[C@H]3N[NH2+]NN3c4ccc5c(c4)OCO5
dude_rock1__L001503,Cc1ccc(c(c1C)S(=O)(=O)NCc2ccc(s2)Br)N
dude_rock1__L001504,C[C@@H](C(=O)Nc1c(c2c(s1)CCC2)C(=O)N)[NH+](C)Cc3ccccc3OC
dude_rock1__L001505,C[C@@H](c1ccc(cc1)CC(C)C)[NH2+][C@H](C)c2cc[nH]n2
dude_rock1__L001506,c1cc(ccc1[C@@H]2C(=[NH2+])NS(=O)(=O)N2)Cl
dude_rock1__L001507,CCOC(=O)CC(=O)Nc1c(=[NH+]C2CCCCC2)c3ccccc3oc1O
dude_rock1__L001508,Cc1ccn2c(c1)[nH+]c(c2N)c3ccc4c(c3)OCO4
dude_rock1__L001509,CN(C)c1ccc(cc1)C2N([C@H]3CCCC[C@@H]3N2O)O
dude_rock1__L001510,Cc1ccccc1NC(=O)NNC(=O)c2cc3ccccc3s2
dude_rock1__L001511,COC(=O)c1ccc(cc1)NC(=O)NCCCN2C(=O)C3(CCCC3)NC2=O
dude_rock1__L001512,CCOc1ccccc1n2c(c(nn2)C[NH3+])c3ccccc3
dude_rock1__L001513,CC[C@@H](C)[NH+](C)CCNC(=O)NNC(=O)C(=O)N1CCCC1
dude_rock1__L001514,C[NH2+]Cc1nnnn1c2ccc(cc2Br)Br
dude_rock1__L001515,CC(C)(C)OC(=O)N1CC[NH+](CC1)CCCNC(=O)NCCCO
dude_rock1__L001516,CCCNC(=O)c1ccc2c(c1)[C@@H]3C=CC[C@@H]3[C@@H](N2)c4ccc(c(c4)O)OC
dude_rock1__L001517,CC(C)[C@H]1CC[C@H]([C@@H](C1)C[NH+](C)C2CCOCC2)[NH2+]C
dude_rock1__L001518,c1cc(ccc1C(=O)N)OCc2ccc(s2)C#CC[NH3+]
dude_rock1__L001519,Cc1ccc(cc1N[C@H]2CS(=O)(=O)C[C@H]2O)[N+](=O)[O-]
dude_rock1__L001520,Cc1ccc(c2n1c(c([nH+]2)c3ccc(cc3)C(C)(C)C)C)N
dude_rock1__L001521,C[C@H](c1ccc(cc1)Cl)Nc2c(n(c(=O)[nH]c2=O)C)N
dude_rock1__L001522,Cc1cc(cc(c1C)NC(=O)C[NH+]2CCC[C@@H]3[C@@H]2CCCC3)S(=O)(=O)N
dude_rock1__L001523,C[C@H](C(=O)N1C[C@@H](C2(C1)CC[NH2+]CC2)C(=O)NCc3ccccc3Br)Oc4ccccc4
dude_rock1__L001524,c1ccc2c(c1)[C@@]3(CCO2)C(=O)N(C(=O)N3)CC(=O)Nc4ccc(cc4)N5CCCCC5
dude_rock1__L001525,CC[C@@](C)(C[NH2+]C1CC1)C[NH+]2CCC3(CCCC3)CC2
dude_rock1__L001526,c1cc(ccc1/C=C(\C#N)/C(=O)NCC[NH+]2CCCCCC2)O
dude_rock1__L001527,C[C@H]1CC[C@@H]([C@@H](C1)Cc2ccc(cc2Br)[N+](=O)[O-])[NH3+]
dude_rock1__L001528,Cc1c(c([nH]n1)[O-])[C@H](c2ccc(c(c2)OC)OCc3ccc(cc3)Br)C4=C(N=N[C@@H]4O)C
dude_rock1__L001529,C[C@@H](c1ccc(cc1OCc2cc(ccc2F)Br)F)[NH2+]C
dude_rock1__L001530,C[C@@H]1CCC[C@@H](C1)NC(=O)C[NH+](C)[C@@H]2CCS(=O)(=O)C2
dude_rock1__L001531,C[C@@H](C(=O)Nc1c(c2c(s1)CCC2)C(=O)N)[NH+](C)Cc3ccc(cc3)N4CCCCC4
dude_rock1__L001532,CC[NH2+][C@H]1CC[C@H](C[C@@H]1n2c(c(c(n2)C)C)C)C(C)(C)C
dude_rock1__L001533,Cc1[nH]cc(n1)C[NH2+][C@H]2CC(Cc3c2cnn3c4ccc(cc4)OC)(C)C
dude_rock1__L001534,CC1(CC(CC([NH2+]1)(C)C)NC(=O)CCCNc2c3c([nH]cn3)nc(n2)Cl)C
dude_rock1__L001535,CCC[C@@H]1CC[C@@H]([C@@H](C1)C[NH+]2CCC[C@@H]2CC)[NH2+]C
dude_rock1__L001536,Cc1c(cnn1C)[C@@H](C)NC(=O)/C=C/c2nccs2
dude_rock1__L001537,C[C@@H]1CC2=C([C@H](Nc3ccccc3N2)c4cc5c(cc4Br)OCO5)C(=O)[C@@H]1C(=O)OC
dude_rock1__L001538,C[C@@H]1CCC[C@H](C1)[NH+](C)[C@@](C)(CCC(C)C)C[NH3+]
dude_rock1__L001539,C/C(=N/Nc1[nH]nc(n1)SCC(=O)Nc2nnc(s2)SCC=C)/c3ccc(c(c3)OC)OC
dude_rock1__L001540,C1CS(=O)(=O)C[C@@H]1C[NH2+][C@H]2CC(=O)N(C2=O)C3CC3
dude_rock1__L001541,COCC[C@@H](c1nnc2n1cc(cc2Cl)C(F)(F)F)[NH3+]
dude_rock1__L001542,c1ccc(c(c1)Oc2c(n3ccccc3n2)C[NH3+])Br
dude_rock1__L001543,CS(=O)(=O)NCC[NH2+][C@@H]1c2ccc(cc2NC1=O)Br
dude_rock1__L001544,C[C@@H]1C[C@@H](C[NH+](C1)CCCNc2ccc(cc2S(=O)(=O)N)[N+](=O)[O-])C
dude_rock1__L001545,CCc1ccc(cc1)[C@H](C)NC(=O)[C@@H]2CN(CC23CC[NH2+]CC3)C(=O)c4ccc(c(c4F)F)C
dude_rock1__L001546,C[C@H](c1ccc(c(c1)Cl)F)[NH2+]Cc2ccc3c(c2)OCO3
dude_rock1__L001547,Cc1cc2c(n1[C@@H](C)c3nncn3C)CC(C[C@@H]2[NH3+])(C)C
dude_rock1__L001548,C[C@@]12CC[C@@H]3[C@@H]([C@@H]1CC[C@@H]2O)CCC4=C/C(=N\OCC(=O)NCCc5c[nH]c[nH+]5)/CC[C@@]34C
dude_rock1__L001549,CC[C@](C)(c1nc(on1)c2ccc(cc2)Br)[NH3+]
dude_rock1__L001550,Cc1cccc2c1[nH]cc2C[C@H](C)NC(=O)C[C@H]3C(=O)NCC[NH+]3C(C)C
dude_rock1__L001551,CC(C)c1ccc(cc1)[C@H](CN2CCc3c2ccc(c3)S(=O)(=O)N)O
dude_rock1__L001552,C[C@@](C1CC1)(C(=O)N(C)C2C3CC4CC(C3)CC2C4)[NH3+]
dude_rock1__L001553,CNC(=O)CNC(=O)CSC1[NH+]=c2ccccc2=[NH+]1
dude_rock1__L001554,Cc1ccc2c(c1)O[C@H](C(=O)N2CC(C)(C)[NH3+])c3ccccc3
dude_rock1__L001555,CCOc1ccc(cc1)Nc2c(c(c(c3n2ncc3)C#N)NCC[C@H]4CCC[NH2+]4)C
dude_rock1__L001556,C[C@H]3CN(c1ncnc2[nH]cc(C)c12)CCN3C(/Nc4cccc(Br)c4)=N/C#N
dude_rock1__L001557,COc1ccc(cc1O)[C@@H]2[C@@H]3CC=C[C@@H]3c4cccc(c4N2)C(=O)Nc5ccccc5
dude_rock1__L001558,Cc1ccc(c(c1)C)NC(=O)NC(=O)[C@H](C)[NH2+]CC2(CCCCC2)N3CCOCC3
dude_rock1__L001559,C[C@]1(CC[NH2+]C1)C(=O)N2CCCC[C@H]2C(=O)N
dude_rock1__L001560,C[C@@]1(CC[C@]2([C@@H](C1)C(C[C@@H]2[NH2+]Cc3ccc(cc3)N(C)C)(C)C)CCC(=O)N4CCCC4)O
dude_rock1__L001561,Cc1c2c([nH+]c([nH]2)c3ccc(c(c3)Cl)O)n(n1)[C@@H](C)C4CC4
dude_rock1__L001562,c1cc2c(cc1C[NH2+]CCn3cnc4c3ncnc4N)OCO2
dude_rock1__L001563,CCCCC[NH+]([C@H]1CCCCC[C@@H]1C[NH3+])C(C)C
dude_rock1__L001564,C[C@H]1CC[C@@H](CN1c2ccc(cc2C(=O)OC)N)C(=O)N
dude_rock1__L001565,CC(C)C[C@H](c1nnc2n1CC[NH2+]CC2)NC(=O)c3c4c([nH]n3)CCC4
dude_rock1__L001566,c1cc(ccc1C(=O)N2CCC3(CC2)OC[C@@H](O3)C[NH3+])Cl
dude_rock1__L001567,C[C@H](C(=O)NC1CC([NH2+]C(C1)(C)C)(C)C)NC(=O)c2cccs2
dude_rock1__L001568,C[C@@H](Cc1ccco1)[NH2+][C@@H](C)c2cc(ccc2O)O
dude_rock1__L001569,CCC[NH2+]C[C@H](CN1C(=O)[C@@](NC1=O)(C)c2ccco2)O
dude_rock1__L001570,Cc1c(cccc1[N+](=O)[O-])NC(=O)CNc2ccccc2[NH+]3CCC(CC3)O
dude_rock1__L001571,COc1ccc(cc1)n2c(=O)c(c([nH]c2=O)O)/C=N/Cc3ccc(cc3)C(=O)[O-]
dude_rock1__L001572,CCn1c(=O)c2ccc(cc2nc1S[C@@H](C)C(=O)NC(=O)NC34CC5CC(C3)CC(C5)C4)C(=O)[O-]
dude_rock1__L001573,CC(C)(C)CN1CCC[C@@](C1=O)(C[NH2+]C2CCCCCC2)O
dude_rock1__L001574,CCOc1ccccc1C[NH+]2CCc3nnc(n3CC2)[C@H](C)NC(=O)c4cc(ccc4F)F
dude_rock1__L001575,CCOc1ccc(cc1)[C@H]2C[C@@H](n3c(nc(n3)N)N2)c4cccc(c4)Br
dude_rock1__L001576,COc1cccc2c1o/c(=[NH+]\c3ccccc3)/c(c2)C(=O)N
dude_rock1__L001577,Cc1cc(nc(n1)n2c(c(c(n2)C)S)N)C
dude_rock1__L001578,c1c(c(cc2c1OCO2)O)C[NH2+][C@@H]3CCN4[C@@H]3CCCC4
dude_rock1__L001579,CC1(CC[NH2+]CC1)C(=O)Nc2ccc(cc2[N+](=O)[O-])Br
dude_rock1__L001580,CCn1ccnc(c1=O)N2CCc3c(cccc3N)C2
dude_rock1__L001581,C[C@@]12CC[C@H](C[C@H]1CC[C@H]3[C@@H]2CC[C@@]4([C@@H]3C[C@@H]([C@@H]4O)[NH3+])C)O
dude_rock1__L001582,c1cc2c(cc1S(=O)(=O)NN3CCOCC3)OCC(=O)N2
dude_rock1__L001583,CC(C)(C)SCCNC(=O)[C@H]1CN(CC12CC[NH2+]CC2)C(=O)c3ccc(o3)c4ccccc4
dude_rock1__L001584,c1ccc2=[NH+]C([NH+]=c2c1)/C=C/3\C(=O)N(C(=S)S3)[C@H](CC(=O)N)C(=O)[O-]
dude_rock1__L001585,Cc1ccc(c(c1)O)C(=O)NNC(=O)c2cc(c[nH]2)Br
dude_rock1__L001586,CC(C)C(=O)N(C)[C@@H]1C[C@@H]([C@H]([NH2+]C1)C(=O)N2CCC(=CC2)c3ccccc3)C(=O)NO
dude_rock1__L001587,Cc1cc(c(s1)C)[C@@H](C)NC(=O)Nc2cc(ccc2OC)C(=O)N
dude_rock1__L001588,Cc1cc(cc(c1OCc2c([nH+]n(c2NC)C)C)C)Cl
dude_rock1__L001589,C[C@@H]1CCC[C@@H](C1)[NH+](C)[C@@H](C)CCC[NH2+]C(C)(C)C
dude_rock1__L001590,CCc1cccc2=C(C[NH+]=c12)/C=N/N3[C@@H](NNC3=S)CC
dude_rock1__L001591,CCCCCCn1c2c(c(n1)c3ccc(cc3)F)C[NH2+]CC2
dude_rock1__L001592,COc1ccccc1CN2CC(=O)C(=C2N)C3[NH+]=c4ccccc4=[NH+]3
dude_rock1__L001593,CC(C)(C)C1=NN=C2[C@@H]1[C@@H](C(=C(O2)N)C#N)c3cccs3
dude_rock1__L001594,Cc1ccsc1C(=O)NNC(=O)NCc2ccc([nH+]c2)N3CCCCC3
dude_rock1__L001595,C[C@H](C(=O)N1C[C@H](C2(C1)CC[NH2+]CC2)C(=O)NCCc3ccc(c(c3)O)O)Oc4ccccc4
dude_rock1__L001596,C[C@@H]1CCCC[C@H]1NC(=O)C[NH+]2C[C@@H](C[C@@H]2C(=O)N)O
dude_rock1__L001597,C[C@@H](C[NH3+])N1C(=O)[C@](NC1=O)(C)c2ccc(cc2)[N+](=O)[O-]
dude_rock1__L001598,CC[C@@H](C)c1ccc(cc1)S(=O)(=O)N2CC[NH+](CC2)[C@@H](c3ccc(cc3)Cl)C(=O)N
dude_rock1__L001599,Cc1nc(cs1)COc2ccc(cc2OC)C[NH2+]C3CC([NH2+]C(C3)(C)C)(C)C
dude_rock1__L001600,COc1cccc2c1OC[C@@H]([C@H]2O)N3CCC(=O)CC3
dude_rock1__L001601,C[C@@H](C(=O)Nc1c(ccs1)C(=O)N)[NH+](C)Cc2ccc3cc(ccc3c2)OC
dude_rock1__L001602,CC(C)c1c-2nc([nH+]c2n([nH]1)C)c3cccc(c3)OCC(=O)N
dude_rock1__L001603,CCn1c(c(c(=O)[nH]c1=O)C(=O)C[NH+]2CC3C[C@H]4C[C@@H](C3)CC2C4)N
dude_rock1__L001604,CCn1c2cc(c(cc2n(c1=O)CC)[C@@H]([C@@H]3CCCO3)[NH3+])C
dude_rock1__L001605,c1ccc(cc1)N2CCN(CC2)c3c(c(ncn3)NCCCn4cc[nH+]c4)N
dude_rock1__L001606,CC[C@@H]1CCCC[C@@H]1[NH2+][C@@H]2c3cc(ccc3NC2=O)F
dude_rock1__L001607,CC(C)(C)c1c(sc(n1)N2CCO[C@H]3[C@@H]2CCC3)C[NH3+]
dude_rock1__L001608,C[C@H]1CCc2c(sc(c2C(=O)NCCCO)NC(=O)c3ccccc3)C1
dude_rock1__L001609,c1ccc(cc1)N\2CN(/C(=N\O)/C2=N\O)c3ccccc3
dude_rock1__L001610,CC1(CCCC1)C(=O)NCc2n[nH]c(=S)n2C3CC3
dude_rock1__L001611,Cc1cc(cc(c1)Oc2ccc(cc2N)[N+](=O)[O-])C
dude_rock1__L001612,c1ccc2=[NH+]CC(=c2c1)CC(=O)NNC(=O)c3ccc(nc3)Cl
dude_rock1__L001613,COc1ccc2=[NH+][C@H]3[C@H](NCCC3=c2c1)[C@@H]4C(=N[C@@H](N(C4=O)c5cccc6c5cccc6)O)O
dude_rock1__L001614,CC[C@H](C)[C@@H]1C(=O)N(C2(N1)CC[NH2+]CC2)Cc3ccc4c(c3)OCO4
dude_rock1__L001615,Cc1ccc(c(c1)NC(=S)NNC(=O)c2ccc(o2)Br)C
dude_rock1__L001616,c1cc(ccc1c2ccc(o2)C(=O)Nc3c(c4c(s3)CCCC4)C(=O)N)Cl
dude_rock1__L001617,Cc1ccc(cc1[C@H](c2cc3c(cc2Cl)OCCO3)[NH3+])F
dude_rock1__L001618,Cc1nccc(n1)C[NH2+]Cc2cc3c(c(c2)Br)OCCO3
dude_rock1__L001619,c1cc2c(cc1[C@@H]3CCC[NH+]3CC(=O)Nc4c(ccs4)C(=O)N)OCCCO2
dude_rock1__L001620,CCN(CC)C(=O)[C@@H]1C[C@@H](CN1C(=O)c2c[nH]c(=O)cn2)[NH3+]
dude_rock1__L001621,C[NH+](C)C1CCN(CC1)C(=O)[C@@H]2CCCC[C@H]2C(=O)[O-]
dude_rock1__L001622,CCn3c(c1nonc1N)nc4cncc(OC2CCNCC2)c34
dude_rock1__L001623,CC(C)(C)OC(=O)NCCNC(=O)[C@@H]1CN(CC12CC[NH2+]CC2)C(=O)[C@@H]3CCC=CC3
dude_rock1__L001624,CCOc1ccc(c(c1C)OCC)[C@H]2c3c(nc[nH]3)CC[NH2+]2
dude_rock1__L001625,Cc1ccc(cc1)NC(=[NH2+])Nc2[nH]c(=O)cc(n2)CSc3nc4ccccc4s3
dude_rock1__L001626,CC[C@@]1(C(=O)N(C(=O)N1)Cc2cc(oc-3cc(=[NH+]C(=O)C)ccc23)O)c4ccccc4
dude_rock1__L001627,c1cc2c(cc1Cl)NC(=O)[C@@H]2NC[C@H]3COCCO3
dude_rock1__L001628,CC1=C[C@H](N=N1)NC(=O)CS[C@H]2[NH+]=c3ccccc3=C4N2NC(=[NH+]4)C
dude_rock1__L001629,C[C@H](CN(C)c1ccc(cc1N)S(=O)(=O)N)C#N
dude_rock1__L001630,Cc1[nH+]ccn1CCCNC(=O)c2cc(ccc2O)Br
dude_rock1__L001631,CCCCC(=O)Nc1ccc(cc1)NC(=O)Cc2c([nH+]c3n2cccc3)C
dude_rock1__L001632,c1cc2c(cc1C[NH2+]Cc3nnc4n3CCCCC4)CCO2
dude_rock1__L001633,Cc1nc(nn1C)NC(=O)NCCC2CCCCCC2
dude_rock1__L001634,CC(C)(C)[C@H](Cn1cc[nH+]c1)NC(=O)Nc2cc(ccc2OC)C(=O)N
dude_rock1__L001635,C[C@@H](C(=O)N1C[C@H](C2(C1)CC[NH2+]CC2)C(=O)NCCOc3cccc(c3)F)Oc4ccccc4
dude_rock1__L001636,CN1C(=O)c2ccc(cc2C1=O)NCc3ccccc3O
dude_rock1__L001637,C[C@H]1C(=c2ccccc2=[NH+]1)c3csc(n3)NC(=O)CCC4=C(NN([C@@H]4C)CCC#N)C
dude_rock1__L001638,C[C@H]1C[C@@H](CC(C1)(C)C)OC(=O)C2(CCCC2)[NH3+]
dude_rock1__L001639,c1cc2c(cc1c3nc(no3)C[NH2+]C[C@@]4(CCC[NH+]5[C@@H]4CCCC5)O)OCO2
dude_rock1__L001640,COc1cc(ccc1N)NS(=O)(=O)c2cc(sc2Cl)Cl
dude_rock1__L001641,C[C@@H]1CC(=O)Nc2ccccc2N1C(=O)CS/C(=[NH+]/[C@@H](C)COC)/N
dude_rock1__L001642,CC(=O)NCC(=O)NCC(=O)N1CCN(CC1)C(=O)C2CCCCC2
dude_rock1__L001643,C[C@H]1CCC[C@H]([C@@H]1C)NC(=O)[C@@H]2CN(CC23CC[NH2+]CC3)C(=O)c4csc(c4OC)Cl
dude_rock1__L001644,C[C@H](C(=O)NC(=O)N)N1CCN(CC1)Cc2cn3cc(ccc3[nH+]2)Cl
dude_rock1__L001645,CC(C)Oc1ccc(cc1)c2csc3n2c(nn3)C[NH3+]
dude_rock1__L001646,Cc1ccc(c(c1)C)n2c(c(nn2)C(=O)N)C
dude_rock1__L001647,CC1([C@H](N(C(=O)N1CC(=O)N/N=C\c2ccco2)c3ccccc3)N(C(=O)Nc4ccccc4)O)C
dude_rock1__L001648,Cc1[nH+]c2c(c(n1)NCCSc3nncn3C)CC[NH2+]CC2
dude_rock1__L001649,CCn1c(cc(=O)c(c1CN(C)C2CC[NH+](CC2)C)O)C
dude_rock1__L001650,Cc1cccc(c1)OCC(=O)NNC(=O)NCC2(CCCCC2)[NH+](C)C
dude_rock1__L001651,CC(C)C[C@H](C[NH+](C)C)NC(=O)NNC(=O)c1ccccc1OC
dude_rock1__L001652,CC(C)C(=O)N1C[C@@H](C2(C1)CC[NH2+]CC2)C(=O)NC3CCCCCC3
dude_rock1__L001653,CC(C)[NH+]1CCc2c(sc3c2C(=N[C@H](N3)c4ccc(c(c4)O)OC)O)C1
dude_rock1__L001654,Cc1ccc(cc1)S(=O)(=O)N[C@@H](C(C)C)C(=O)NC[C@H](c2ccco2)[NH+]3CCCCC3
dude_rock1__L001655,C[C@H](c1ccccc1Br)NC(=O)N[C@@H]2c3ccccc3C[C@@H]2O
dude_rock1__L001656,Cc1ccc(c2c1nccc2)c3ccc4=[NH+][C@H]([NH+]=c4c3)CO
dude_rock1__L001657,Cc1c(sc2c1c(=O)n(cn2)CC[NH2+]C3CCOCC3)C
dude_rock1__L001658,C[C@@H]([C@H]1[C@@H]2[C@@H](C(=O)N(C2=O)CCCOC)[C@@]3([NH2+]1)c4cc(ccc4NC3=O)F)O
dude_rock1__L001659,Cc1ccc(cc1S(=O)(=O)N)[N-]S(=O)(=O)c2c(cccc2Cl)Cl
dude_rock1__L001660,C[C@@H]([C@@H]1CCCCN1Cc2ccc(cc2[N+](=O)[O-])Cl)[NH3+]
dude_rock1__L001661,CC(C)(C)CN1CCC[C@@](C1=O)(C[NH+]2CCCOCC2)O
dude_rock1__L001662,CC(C)(C)OC(=O)N1C[C@H]2C[C@H]2[C@@H]1C(=O)N
dude_rock1__L001663,CC1CCC2(CC1)C(=O)N(C(=O)N2)NC(=O)[C@H]3CCS(=O)(=O)C3
dude_rock1__L001664,Cc1ccc(c(c1F)C(=O)N2C[C@@H](C3(C2)CC[NH2+]CC3)C(=O)NC[C@@H](C)Oc4ccccc4Cl)F
dude_rock1__L001665,Cc1cc(ccc1Sc2c3c(nc[nH]3)ncn2)C(=[NH2+])N
dude_rock1__L001666,CC(C)C[C@H]1[C@@H]2[C@@H](C(=O)N(C2=O)CCOC)[C@]3([NH2+]1)c4cccc(c4NC3=O)Cl
dude_rock1__L001667,Cc1ccc(c(c1S(=O)(=O)N2CC[NH+](CC2)C3CC3)C)N
dude_rock1__L001668,c1c(c(sc1Br)Br)S(=O)(=O)NCC2(CCCCCC2)[NH3+]
dude_rock1__L001669,C/C(=N\Nc1[nH]nc(n1)SCC(=O)Nc2c(c3c(s2)CCCC3)C#N)/c4ccc(cc4)[N+](=O)[O-]
dude_rock1__L001670,C[NH+](C)CCNc1nc(c(c(n1)Nc2c(c3c(s2)CCC3)C(=O)N)[N+](=O)[O-])N
dude_rock1__L001671,Cc1cc2cc(c(=O)[nH]c2cc1C)C[NH+](CCc3ccc(c(c3)OC)OC)Cc4nnnn4C[C@@H]5CCCO5
dude_rock1__L001672,Cc1cc(c(c(c1)[N+](=O)[O-])Oc2ccc(cc2C[NH3+])F)C
dude_rock1__L001673,CCN(c1c2cc(ccc2[nH+]cc1N)Br)C3CC3
dude_rock1__L001674,C[C@@]12C[C@@H]([C@@H]3[C@@H]([C@@H]1CC[C@@]2(C(=O)COC(=O)[C@@H]4CC=CC[C@@H]4C(=O)[O-])O)CCC5=CC(=O)C=C[C@@]35C)O
dude_rock1__L001675,Cc1ccc(o1)[C@H](C)NC(=O)[C@H](C)/C(=N/O)/N
dude_rock1__L001676,Cc1c[nH+]ccc1N2[C@H](N[C@@H](N2)C3CC3)[C@@H]4C=C(N=N4)c5ccccc5O
dude_rock1__L001677,C[C@@H](c1cccs1)[NH+](C)CC2(CCCC2)C[NH2+]C(C)C
dude_rock1__L001678,c1cc(c(cc1[N+](=O)[O-])C#N)N[C@H]2CCCC[C@H]2O
dude_rock1__L001679,C[NH+](C)CC(=O)N1CCN(CC1)C(=O)CCCCC[NH3+]
dude_rock1__L001680,Cc1c(c([nH]n1)[O-])[C@@H](c2ccc(c(c2)OC)OC(=O)c3ccc(cc3)Br)C4=C(N=N[C@@H]4O)C
dude_rock1__L001681,C[C@]12C[C@H](CC(C1)(C)C)N(C2)c3c(c(ncn3)NC4CCCC4)N
dude_rock1__L001682,CC1(CC(CC([NH2+]1)(C)C)NC(=O)C(=O)Nc2ccc(nc2)SC)C
dude_rock1__L001683,CCCCC1=NC2=N[NH+]=C([C@@H]2C3=C1COC(C3)(C)C)N
dude_rock1__L001684,CC[C@@H](C)Oc1ccc2c(c1)[C@@H]3C=CC[C@@H]3[C@@H](N2)c4ccc(cc4O)O
dude_rock1__L001685,C1CCC(C1)(C(=O)NC[C@H]2CCS(=O)(=O)C2)[NH3+]
dude_rock1__L001686,Cc1ccc(cc1)S(=O)(=O)CCCC(=O)Nc2c(c3c(s2)C([NH2+]C(C3)(C)C)(C)C)C#N
dude_rock1__L001687,C[C@@H](C(=O)NC(=O)NC)OC(=O)c1c2ccccc2nc\3c1CCC/C3=C\c4ccco4
dude_rock1__L001688,Cc1c(cccc1[N+](=O)[O-])C(=O)OCC(=O)Nc2c(ccs2)C(=O)N
dude_rock1__L001689,C1CC[C@H]2C[NH+](CC[C@@H]2C1)CC(=O)c3c(n(c(=O)[nH]c3=O)C4CC4)N
dude_rock1__L001690,COc1c2cc(sc2nc(n1)N)C(=O)N[C@H](CC3=c4ccccc4=[NH+]C3)C(=O)OC
dude_rock1__L001691,CC[NH+](C)CCNC(=O)N[C@@H](C)c1nnc2n1cccc2
dude_rock1__L001692,C[C@@H](C(=O)NC(=O)N)Oc1ccc(cc1Br)C[NH2+]C(C)C
dude_rock1__L001693,Cc1cccc(c1C)N2C(=O)Nc3ccccc3N2O
dude_rock1__L001694,Cc1ccc(cc1)[C@H](CNC(=O)Nc2cccc(c2C)C(=O)NC)[NH+]3CCCC3
dude_rock1__L001695,CC1(CC2=C([C@H](c3c([nH]c(=S)nc3N2)[O-])c4ccc(c(c4)OC)OCc5ccccc5)C(=O)C1)C
dude_rock1__L001696,CCC[NH2+][C@@H]1CCC2(C[C@@H]1N3CCCOCC3)OCCO2
dude_rock1__L001697,c1cc(ccc1/C=N/Nc2cnccn2)O
dude_rock1__L001698,CN1CCc2c1ccc(c2)[C@@H](C#N)[NH2+]C3CCCCCC3
dude_rock1__L001699,c1csc2c1c(ncn2)N[C@H]3CCCCNC3=O
dude_rock1__L001700,C[C@H]1CCC[C@@H]([C@@H]1[NH3+])C(=O)N[C@@H]2CCCNC2=O
dude_rock1__L001701,c1ccc(c(c1)C[NH+]2CCNC(=O)[C@@H]2CC(=O)NCc3cn4ccsc4n3)C(F)(F)F
dude_rock1__L001702,CCNC(=O)CN(C)[C@H](c1ccc(s1)Br)[C@@H](C)[NH3+]
dude_rock1__L001703,c1ccc(c(c1)/C=N/NC2=N[C@@H]3C(=c4cc(ccc4=[NH+]3)Br)N=[NH+]2)O
dude_rock1__L001704,Cc1c[nH]c(=O)n1c2ccc(cc2)C(=O)NC[C@@H](c3ccco3)[NH+]4CCCCC4
dude_rock1__L001705,c1cc(cc(c1)Br)S(=O)(=O)N[C@@H]2CCCC[C@H]2[NH3+]
dude_rock1__L001706,c1ccc(c(c1)C[NH3+])Oc2ccc(cc2F)[N+](=O)[O-]
dude_rock1__L001707,CC[C@@H](C)[NH+](C)CCNC(=O)NCc1cn2c([nH+]1)CCCC2
dude_rock1__L001708,CCNC(=O)[C@@H]1C[C@@H](CN1C(=O)Cn2cc(c(n2)C)Cl)[NH3+]
dude_rock1__L001709,Cc1ccc(cc1)[C@H]2CC(=NN2c3ccccc3OC)CC[NH3+]
dude_rock1__L001710,Cc1ccc2=[NH+][C@@H]([NH+]=c2c1)/C(=C/c3ccc(c(c3)Br)OC)/C#N
dude_rock1__L001711,Cc1ccccc1[C@H]2c3c(cc(oc3=O)C)OC(=C2C#N)N
dude_rock1__L001712,CC[NH2+]Cc1csc(n1)c2c3ccccc3ccc2OC
dude_rock1__L001713,C=CCOc1ccc(cc1/C=N/NC2[NH+]=c3ccccc3=[NH+]2)Br
dude_rock1__L001714,c1cc2c(cc1NC[C@@H]3CCOC3)[nH]c(=O)o2
dude_rock1__L001715,CCC(C)(C)[C@@H](c1ccc2c(c1)CCCC(=O)N2)[NH2+]C
dude_rock1__L001716,C[C@@H]1CCN(C1)S(=O)(=O)c2ccc(c(c2)[N+](=O)[O-])N
dude_rock1__L001717,CC(C)(C)OC(=O)NC[C@H]1CCCC[NH+]1CC(=O)NC(=O)NC2CC2
dude_rock1__L001718,CCc1ccc(cc1)C2=C[C@H](N=N2)[C@H]3NN[C@@H](N3N)S
dude_rock1__L001719,C[C@@H]1CN(C[C@H](O1)C)S(=O)(=O)NCc2ccc3c(c2)OCCO3
dude_rock1__L001720,Cn1cccc1C(=O)N2C[C@@H](C3(C2)CC[NH2+]CC3)C(=O)N[C@H]4C[NH+]5CCC4CC5
dude_rock1__L001721,Cc1cc([nH]n1)CNc2c3c(ncn2)oc(n3)C
dude_rock1__L001722,CCc1c(sc2c1c(=O)n(c(n2)N3CC[NH+](CC3)Cc4ccc(cc4C)C)CC(=O)N)C
dude_rock1__L001723,Cc1cc(c(c(c1)C)NC(=O)Cn2c3ccccc3[nH+]c2NC[C@@H](C)O)C
dude_rock1__L001724,Cc1ccc(cc1)S(=O)(=O)/N=C/2\Nc3ccccc3[C@H](N2)C
dude_rock1__L001725,c1c(c(cc(c1[N+](=O)[O-])F)F)C[NH2+]CCS(=O)(=O)N
dude_rock1__L001726,Cc1ccc(cc1)C(=O)C[C@H]2C(=O)N/C(=N/C(=O)C)/S2
dude_rock1__L001727,CCn1cc(cn1)[C@H](C)[NH2+][C@@H]2CCCC[C@@H]2C(C)(C)C
dude_rock1__L001728,CCN(c1ccccc1C)c2c(n3ccsc3n2)C[NH2+]C
dude_rock1__L001729,Cc1c(c(n[nH]1)C)[C@H](C)NC(=O)[C@@H]2CN(CC23CC[NH2+]CC3)C(=O)c4ccc5ccccc5n4
dude_rock1__L001730,C[C@H]1CCCC[C@H]1[NH+](C)Cc2ccc(c(c2)[N+](=O)[O-])N
dude_rock1__L001731,Cn1cc(cc1C(=O)NNC(=O)CN(C)S(=O)(=O)C)Br
dude_rock1__L001732,c1ccc2c(c1)NC(=O)CN2Cc3ccc([nH+]c3)N
dude_rock1__L001733,Cc1cc(sc1C(=O)N[C@H](c2cccs2)C(C)C)S(=O)(=O)N
dude_rock1__L001734,C[C@H]1CN(CCO1)C2CC[NH+](CC2)CC(=O)c3c(n(c(=O)n(c3=O)C)C)N
dude_rock1__L001735,C[C@@H](C(=O)NC(=O)N)[NH+]1CCN(CC1)S(=O)(=O)c2ccc(cc2)C(C)(C)C
dude_rock1__L001736,CCOC(=O)N1CC[NH+](CC1)Cc2nc3c(n2CC(=O)N)c(=O)[nH]c(=O)n3C
dude_rock1__L001737,c1c(cc(c2c1OCO2)Cl)C[NH2+]C3(CCCCC3)CO
dude_rock1__L001738,Cc1ccc2nc(c(n2c1)[C@H](C)C[NH3+])c3ccc4c(c3)OCO4
dude_rock1__L001739,CCCNC(=O)C[NH+](C)CC(=O)Nc1ccc(cc1C)N
dude_rock1__L001740,CN(Cc1ccc(s1)Cl)C(=O)[C@H](Cc2ccc(cc2)O)[NH3+]
dude_rock1__L001741,C[C@@H](C[NH3+])N1c2cc(ccc2O[C@H](C1=O)C(C)C)C(C)(C)C
dude_rock1__L001742,c1cc2c(cc1O)OC[C@@H]2[NH2+]CCC3CCCCC3
dude_rock1__L001743,C[C@H]1C(=O)N(c2ccc(cc2O1)N)C[C@@H]3CCOC3
dude_rock1__L001744,c1ccc2c(c1)ccc(c2Br)OCc3c(snn3)NN
dude_rock1__L001745,CCC[C@@](C)(C(=O)Nc1c(cc(cc1Br)Br)Br)[NH3+]
dude_rock1__L001746,c1ccc(cc1)[C@H]2NN[C@H](O2)C3=NC=C(C3)S(=O)(=O)[N-]c4ccc(cc4Cl)F
dude_rock1__L001747,C[NH+]1CCC(CC1)N(C)c2c(c(ncn2)NCCCn3cc[nH+]c3)N
dude_rock1__L001748,c1ccc2c(c1)ccc(c2[C@@H](C#N)NNC(=O)c3ccccc3O)O
dude_rock1__L001749,C[C@@H](C(=O)Nc1c(c2c(s1)CCC2)C(=O)N)N3CC[NH+](CC3)[C@@H]4CCS(=O)(=O)C4
dude_rock1__L001750,Cc1ccc(cc1)SCc2c(c(n(n2)C)Sc3ccc(cc3)Br)C[C@@H](CO)[NH3+]
dude_rock1__L001751,CCC[C@H](C)C(=O)N1C[C@H](C2(C1)CC[NH2+]CC2)C(=O)NCCc3ccc(c(c3)O)O
dude_rock1__L001752,C[NH+](C[C@@H]1CCCCO1)C[C@@H](c2ccc(cc2)C(=S)N)O
dude_rock1__L001753,C1CCc2nnc(n2CC1)CCCNC(=O)C3=NNC(=O)CC3
dude_rock1__L001754,Cc1c(c2cc(c(cc2o1)/C=N/[NH+]=C(\N)/[S-])OC)c3ccccc3
dude_rock1__L001755,Cc1nc(cn1C)S(=O)(=O)N(C)C2(CCCCCC2)C[NH3+]
dude_rock1__L001756,Cc1ccc(cc1)[C@H]2[C@H]3[C@@H](C(=O)N(C3=O)c4ccccc4)[C@@]([NH2+]2)(CO)C(=O)OC
dude_rock1__L001757,C[NH+](C)CCCC[NH2+][C@H]1CCCC[C@H]1C2CCCCC2
dude_rock1__L001758,Cc1cc2c(cc1C)N(C(=O)[C@H](N2)C(C)C)CC[NH+](C)C
dude_rock1__L001759,Cc1ccc(c(c1)C(=O)N(C)CC/C(=N/O)/N)O
dude_rock1__L001760,CC[C@@H](C)c1ccc(cc1)[C@H](C[NH3+])CN2CC[NH+](CC2)C
dude_rock1__L001761,Cc1ccc(cc1)CSc2[nH]c3c(c(=O)n2)[C@@H](C4=C(N3)CCCC4=O)c5ccncc5
dude_rock1__L001762,C[NH+]1CCC(CC1)N(C)c2c(c(ncn2)Nc3ccccc3C(F)(F)F)N
dude_rock1__L001763,CC[C@H](C)C(=O)N1C[C@H](C2(C1)CC[NH2+]CC2)C(=O)NCCc3c[nH]c4c3cc(cc4)C
dude_rock1__L001764,Cc1ccc(cc1)S(=O)(=O)N/N=C/2\Nc3ccccc3[C@H](N2)c4ccccc4
dude_rock1__L001765,c1cc2c(cc1N3CCN(C3=O)CC(=O)NCCO)OCCO2
dude_rock1__L001766,C[C@@H]1CC[C@H](C[NH2+]1)C(=O)N2CCN(CC2)S(=O)(=O)C
dude_rock1__L001767,CCCc1c(sc(n1)N2C[C@H](C[C@@H](C2)C)C)C[NH2+]C(C)C
dude_rock1__L001768,Cc1ccc(cc1)C[C@@H](C)NC(=O)/C(=C/c2ccc(c(c2)O)O)/C#N
dude_rock1__L001769,Cc1ccc(o1)CN(C2CC([NH2+]C(C2)(C)C)(C)C)C(=S)Nc3ccc(cc3OC)Cl
dude_rock1__L001770,C[NH+](C)C1(CCCCC1)CNC(=O)NNC(=O)COc2ccc(cc2)C#N
dude_rock1__L001771,Cc1ccc(cc1)c2nnc(n2N)S[C@@H](C)C(=O)NC34CC5CC(C3)CC(C5)C4
dude_rock1__L001772,C[C@@H](CCCC(C)(C)O)NC(=O)[C@@H]1CN(CC12CC[NH2+]CC2)C(=O)c3ccc(o3)c4ccccc4F
dude_rock1__L001773,C[C@H]([C@@H](c1ccc(s1)Cl)N(C)CC(=O)N)[NH3+]
dude_rock1__L001774,C[C@H]1C[C@@H](C[NH+](C1)[C@@H](C)C(=O)NCCc2ccc(cc2)S(=O)(=O)N)C
dude_rock1__L001775,CC[NH2+][C@@H](C)c1c(nc(s1)c2ccccc2OC(F)F)C
dude_rock1__L001776,CCc1ccc(cc1)C(=O)N2C[C@H](C3(C2)CC[NH2+]CC3)C(=O)NC[C@H](C)Oc4ccccc4Cl
dude_rock1__L001777,C[C@@H]1CCc2c(sc3c2c(nc(n3)CSc4nc5ccccc5c(=O)n4C)N)C1
dude_rock1__L001778,CCOC(=O)[C@@H]1C(=c2ccccc2=[NH+]1)N/C(=N/O)/C(=N/O)/c3ccccc3
dude_rock1__L001779,COc1cccc(c1O)[C@H]2c3c([nH]c(=O)s3)S[C@@H]([C@@H]2C(=O)c4ccc(cc4)F)C(=O)[O-]
dude_rock1__L001780,C1C[C@@H]([NH2+]C1)[C@H]2CCCN(C2)CC(=O)NC(=O)N
dude_rock1__L001781,CC[C@H]1CCCCN1c2ccc(cc2N)[N+](=O)[O-]
dude_rock1__L001782,Cc1c(c([nH]c1C(=O)N2CCC[C@H](C2)C(=O)N(C)C)C)C(=O)OC
dude_rock1__L001783,CC(C)(C)[C@H]1CCCC[C@H]1[NH2+]Cc2ccc(o2)I
dude_rock1__L001784,Cn1c(c2c(nc(nc2n1)NCC[NH+]3CCCCC3)c4ccccc4F)N
dude_rock1__L001785,C/C(=N/NC(=O)N)/CC[C@H]1[C@]2(CCCC([C@H]2CC[C@@]1(C)O)(C)C)C
dude_rock1__L001786,Nc1nonc1c3nc2ccccc2n3c4ccccc4
dude_rock1__L001787,c1cc(c(cc1F)N)NC(=O)c2ccc(cc2O)Br
dude_rock1__L001788,c1ccc2c(c1)C[C@@H]([C@@H]2NC(=O)NC[C@H]3CCN(C3)c4ccc(cc4)F)O
dude_rock1__L001789,C[C@@H](C[NH2+][C@H](C)c1ccc2c(c1)OCO2)N3CCCCC3
dude_rock1__L001790,c1cc(c(cc1C#N)CSC(=[NH2+])Nc2ccc3c(c2)OCCO3)F
dude_rock1__L001791,c1cc(cc(c1)Cl)OC[C@H](C[NH2+]C2(CCCCC2)CO)O
dude_rock1__L001792,C[C@@H](C1CCCCC1)[NH2+]C2CCN(CC2)C(=O)C(C)(C)C
dude_rock1__L001793,CCOC(=O)[C@@H]1[C@@H]([C@@H](S[C@@H]1NC(=O)CSC2=N[C@@H]3C(=c4ccccc4=[NH+]3)N=N2)C(=O)OCC)C
dude_rock1__L001794,C2CN(Cc1ccccc1)CCC2Oc4ccc3[nH]ncc3c4
dude_rock1__L001795,CCC[C@@H](C)[C@@H](c1cc2c(cc1Cl)NC(=O)C2)[NH2+]CC
dude_rock1__L001796,C[C@H](c1ccc2c(c1)OCCO2)NC(=O)NCCc3[nH+]ccn3C
dude_rock1__L001797,CC[C@H]([C@@H](c1cc(cs1)Br)n2cc[nH+]c2C(C)C)[NH3+]
dude_rock1__L001798,Cc1c(c(n[nH]1)C)S(=O)(=O)N2CCc3c(c(on3)C[NH3+])C2
dude_rock1__L001799,Cc1c(nnc(c1C(=S)N)O[C@H]2C[C@H](CC(C2)(C)C)C)C
dude_rock1__L001800,c1ccc(cc1)N2C(=O)C[C@@H](C2=O)N[C@@H]3C=NC(=O)NC3=O
dude_rock1__L001801,CCOC(=O)[C@H]([C@H]1CCC2=c3cc(ccc3=[NH+][C@@H]2C1=O)C)O
dude_rock1__L001802,CCOC(=O)c1c2c(sc1NC(=O)C34CC5CC(C3)CC(C5)C4)C([NH2+]C(C2)(C)C)(C)C
dude_rock1__L001803,CC(C)(C)OC(=O)NCC(=O)Nc1cc(ccc1O)N2CCCS2(=O)=O
dude_rock1__L001804,c1ccc2c(c1)CCN(C2)C(=O)CC[NH2+]CCN3CCCOC3=O
dude_rock1__L001805,CC(C)[C@@H](C(=O)NC(C)(C)C)NC(=O)[C@@H]1CN(CC12CC[NH2+]CC2)C(=O)[C@@H]3CCC=CC3
dude_rock1__L001806,C[C@H](c1cc(ccc1O[C@H]2CS(=O)(=O)C[C@@H]2O)Br)[NH2+]C
dude_rock1__L001807,CCc1ccc(cc1)n2c(=O)c(c(nc2O)O)[C@H]3c4c(c5ccccc5[nH]4)CC[NH+]3CC
dude_rock1__L001808,C[NH+](C)[C@@H]1C[C@@H](O[C@@H]1CO)n2cnc3c2ncnc3N
dude_rock1__L001809,CCNC(=O)[C@H](C)[NH2+][C@@H]1CCCC[C@@H]1C2CCCCC2
dude_rock1__L001810,Cc1c(c(n[nH]1)C)[C@H](C)NC(=O)[C@H]2CN(CC23CC[NH2+]CC3)C(=O)c4ccc5ccccc5n4
dude_rock1__L001811,c1cc(cc(c1)S(=O)(=O)/N=C\2/CCCN2)NS(=O)(=O)c3cc(cs3)C(=O)[O-]
dude_rock1__L001812,Cc1ccc(c(c1)C)NC(=S)N2CCC(CC2)(C(=O)N)[NH+]3CCCCC3
dude_rock1__L001813,c1cc(c(c(c1)F)[C@H](c2ccc3c(c2)oc(=O)[nH]3)[NH3+])F
dude_rock1__L001814,CC[C@@H]1c2c(n(nc2OC=C1C)N)C#N
dude_rock1__L001815,c1ccc2=[NH+]C(=O)C(=c2c1)NNC(=O)CNC(=O)/C=C/c3ccco3
dude_rock1__L001816,c1cc(c(cc1C(=O)NCc2ccc([nH+]c2)N3CCCCCC3)[N+](=O)[O-])N
dude_rock1__L001817,Cc1c(sc(c1C(=O)OC)NC(=O)C[C@H]2CCC[NH2+]2)C
dude_rock1__L001818,C[C@@H]1CCCC[C@@H]1[NH+](C)Cc2cc(ccc2N)[N+](=O)[O-]
dude_rock1__L001819,CC1CC[NH+](CC1)c2ccc(cc2)N[C@H](C)C(=O)c3c(n(c(=O)n(c3=O)C)C)N
dude_rock1__L001820,CCNC(=O)NC(=O)[C@@H](C)[NH2+][C@@H](C)c1ccc(c(c1)Br)OC
dude_rock1__L001821,CCNC(=O)[C@H]1CCCN(C1)C(=O)NC[C@@H]2CC[NH+](C2)C(C)C
dude_rock1__L001822,CC1([C@@H](N2[C@H](S1)c3ccc(c(c3C2=O)OC)OC)C(=O)N=c4[nH]c5ccccc5[nH]4)C
dude_rock1__L001823,CC[C@](C)(c1nc(on1)c2cccc(c2C)[N+](=O)[O-])[NH3+]
dude_rock1__L001824,Cc1ccc(cc1)NC(=O)CN2C(=O)/C(=C\c3ccc(o3)c4cc(ccc4C)C(=O)[O-])/NC2=O
dude_rock1__L001825,C[C@H]1CN(C[C@@H](O1)C)c2c(cc3c([nH+]2)CCCC3)C(=S)N
dude_rock1__L001826,C[C@H](CNC(=O)CN1CCO[C@@H](C1)C(=O)N)[NH+]2CCN(CC2)c3ccccc3
dude_rock1__L001827,CCOc1cc(cc(c1O)Cl)/C=C/2\C(=NC(=O)N(C2=O)c3ccc(c(c3)Cl)Cl)[O-]
dude_rock1__L001828,C[C@]1(CCS(=O)(=O)C1)[NH2+]Cc2c3ccccc3ccc2O
dude_rock1__L001829,CC(C)(CNC(=O)CN1CC[NH+](CC1)C2CC2)N3CCOCC3
dude_rock1__L001830,Cc1ccnc(n1)N/C=C(\C(=O)N[NH+]=CN(C)C)/NC(=O)c2ccccc2
dude_rock1__L001831,C[C@@H](c1ccc(cc1)C(C)C)[NH2+][C@@H](C)C(=O)c2c(n(c(=O)n(c2=O)C)C)N
dude_rock1__L001832,CCc1cc(c(s1)NC(=O)C[NH+]2CCCC[C@H]2C(=O)N)C(=O)OCC
dude_rock1__L001833,CNC(=O)[C@@H]1CCCN1C(=O)C[C@H]2CCCC[C@@H]2[NH3+]
dude_rock1__L001834,C[C@H](Cc1ccc(o1)c2ccc(cc2Cl)[N+](=O)[O-])[NH3+]
dude_rock1__L001835,CN(C)c1ccc(c[nH+]1)CNC(=O)c2cc(=O)c3ccccc3[nH]2
dude_rock1__L001836,C[C@@H]1CC[C@@H]([C@@](C1)(c2nc(on2)C3CC3)[NH3+])C(C)C
dude_rock1__L001837,C[NH+](C)Cc1ccc(cc1)C(=O)N=c2[nH]c3ccccc3[nH]2
dude_rock1__L001838,Cn1cc(cn1)NS(=O)(=O)c2ccc3c(c2)CCC3
dude_rock1__L001839,Cc1ccsc1[C@H](c2cc3c(cc2Cl)OCCO3)[NH3+]
dude_rock1__L001840,Cc1ccc(cc1)N2C[C@H](N[C@@H]2SCc3nnc(n3c4ccc(cc4)OC)[S-])c5cccs5
dude_rock1__L001841,CCOC(=O)Cn1c(nnn1)C[NH+](CCc2ccc(c(c2)OC)OC)Cc3cc4c(ccc(c4[nH]c3=O)C)C
dude_rock1__L001842,c1ccc2c(c1)nc(s2)SCc3c(ccc(n3)NN)Cl
dude_rock1__L001843,C[C@@H]1CN([C@@H](C[NH2+]1)CC(C)C)C(=O)CCC2CCCCC2
dude_rock1__L001844,CC(C)[C@@H](CNC(=O)c1cc(c(=O)[nH]c1)Cl)N2CC[NH+](CC2)C
dude_rock1__L001845,Cc1cc(c2c(c1)sc(n2)N3[C@@H](C(=C(C3=O)[O-])C(=O)/C=C/c4ccccc4)c5ccc(cc5)O)C
dude_rock1__L001846,CCC[C@H]1CC[C@H]([C@@H](C1)N2CCOCC2(C)C)[NH2+]CCC
dude_rock1__L001847,COCC[NH+]1CCCN(CC1)C(=O)C2CCC3(CC2)C(=O)NC(=O)N3
dude_rock1__L001848,CC[NH+](CC)[C@H](CNC(=O)Nc1cc(c[nH]c1=O)C(F)(F)F)c2ccco2
dude_rock1__L001849,c1cc(ccc1[C@@H]2[C@@H]3CCCC[C@]3(CC[NH2+]2)O)[N+](=O)[O-]
dude_rock1__L001850,c1cc(cc(c1)Cl)N2C(=O)/C(=C/c3ccc(c(c3)Br)O)/C(=O)NC2=O
dude_rock1__L001851,c1ccc2c(c1)CC[C@]23C(=O)N(C(=O)N3)CC(=O)Nc4ccc(cc4)c5cn6ccsc6n5
dude_rock1__L001852,CCCCNC(=O)[C@H](C)Oc1ccc(cc1Br)C[C@@H](C)[NH3+]
dude_rock1__L001853,Cc1cc(cc2c1NC(=O)[C@]23[C@H]4[C@@H]([C@@H]([NH2+]3)CC(=O)N)C(=O)N(C4=O)CCc5ccccc5)Cl
dude_rock1__L001854,CCC(CC)(CO)NC(=O)[C@H]1C[C@H]2CCCC[C@@H]2[NH2+]1
dude_rock1__L001855,c1cc(oc1)[C@@H](c2ccc(s2)Cl)[NH2+][C@@H]3CCC[C@@H](C3)O
dude_rock1__L001856,CCc1c(nn(c1N)C)c2cc(ccc2C)[N+](=O)[O-]
dude_rock1__L001857,C#CCn\1c2ccc(cc2s/c1=N\C(=O)c3ccc(cc3Cl)F)S(=O)(=O)N
dude_rock1__L001858,c1cc(c(cc1F)Br)S(=O)(=O)N[C@@H]2CCCCC[C@H]2[NH3+]
dude_rock1__L001859,c1c(cc(cc1Cl)Cl)S(=O)(=O)N[C@@H]2CCC[C@@H]2[NH3+]
dude_rock1__L001860,Cc1ccc(cc1NS(=O)(=O)c2ccc(cc2)C3CCCCC3)C(=O)N
dude_rock1__L001861,COc1ccc(c(c1)O)[C@H]2c3cc(c(cc3CC[NH2+]2)OC)OC
dude_rock1__L001862,Cc1c([nH]c([nH+]1)SCC(=O)N[C@@H]2[C@@H]([C@H](C(=N2)CCSC)C)C#N)Cc3ccc(cc3)O
dude_rock1__L001863,c1ccc(cc1)CN2[C@@H](N[C@H]([C@@H](C2=O)C(=O)/C=C/C3=c4ccccc4=[NH+]C3)O)O
dude_rock1__L001864,CCC[NH2+][C@@H]1CCC2(C[C@H]1N3CCO[C@@H](C3)C)OCCO2
dude_rock1__L001865,CCOc1ccccc1Oc2c(n3ccsc3n2)C[NH3+]
dude_rock1__L001866,CC[C@H](C)NC(=O)C[NH+]1CCN(CC1)CC(=O)NC(=O)N[C@H]2CCCC[C@@H]2C
dude_rock1__L001867,CCCC[C@@H](C)C(=O)N1C[C@H](C2(C1)CC[NH2+]CC2)C(=O)N[C@H]3C[NH+]4CCC3CC4
dude_rock1__L001868,C[C@H](C(=O)N1CCCC[C@@H]1C[NH+](C)C)NC(=O)C2CCOCC2
dude_rock1__L001869,Cc1ccccc1C(=O)NN2C(=O)/C(=C\c3cc(c(c(c3)Br)O)OC)/SC2=S
dude_rock1__L001870,CC(C)[C@H](CO)NC(=O)c1ccc2c(c1)C(=O)N(C2=O)CCC3=c4ccccc4=[NH+]C3
dude_rock1__L001871,c1c(c(cc2c1OCO2)O)C[NH+]([C@@H]3CCS(=O)(=O)C3)C4CC4
dude_rock1__L001872,Cc1cc(c2c(c1)[C@@H](C(=O)N2)[NH2+][C@H]3CCCC[C@@H]3C)C
dude_rock1__L001873,CC[NH2+][C@@H]1CCC[C@H]1C[NH+]2CCC(CC2)C(C)(C)C
dude_rock1__L001874,c1c(c([nH][nH+]1)N)S(=O)(=O)/N=c/2\[nH]c3c(s2)CCCC3
dude_rock1__L001875,Cc1ccc(nc1)Nc2c(c(ncn2)Nc3ccc(cc3C)Cl)N
dude_rock1__L001876,C=CCNC(=O)C[NH+]1CCN(CC1)c2ccc(cc2[N+](=O)[O-])C(=O)N
dude_rock1__L001877,CN1CC[NH+]=C1[C@@](CCNC(=O)NCC2=NN=CC2)(C(F)(F)F)O
dude_rock1__L001878,Cc1cccc(c1)CN2c3ccccc3[C@@]4(C2=O)[C@@H]5C(=CC(=NC5=O)C)OC(=C4C(=O)OC)N
dude_rock1__L001879,c1ccc2c(c1)N(C(=O)/C(=C\c3ccccn3)/O2)CCCC[NH3+]
dude_rock1__L001880,C[C@@H](c1ccc(cc1)Sc2n[nH]c(=O)n2C(C)C)[NH2+]C
dude_rock1__L001881,CS(=O)(=O)NCC[C@@H]1CCCCN1C(=O)[C@@H]2C[C@@H](C[NH2+]2)O
dude_rock1__L001882,c1ccc(c(c1)[N+](=O)[O-])OCC(=O)NC(=S)Nc2cc(c(c(c2)Br)[O-])Br
dude_rock1__L001883,c1ccc(cc1)c2cnn(c2)c3ccc(cc3N)[N+](=O)[O-]
dude_rock1__L001884,COc1ccc(cc1OC)C(=O)NNC(=O)Nc2ccc([nH+]c2)N3CCCC3
dude_rock1__L001885,CCC[NH+](CC(=O)Nc1ccccc1C)CC(=O)NC(=O)NCC(F)(F)F
dude_rock1__L001886,CC[C@]1([NH2+][C@@H](CC(=N1)c2ccc3c(c2)OCO3)c4ccccc4O)C
dude_rock1__L001887,C[C@H](c1ccc(s1)Br)[NH2+][C@H](C)c2cc3ccccc3o2
dude_rock1__L001888,C[C@@H](Cn1cc[nH+]c1)NC(=O)Nc2ccc(cc2C(F)(F)F)N3CC[NH+](CC3)C
dude_rock1__L001889,Clc2cc1c(=O)[nH]ccc1cc2NC(=O)CNCc3ccccc3
dude_rock1__L001890,c1ccc(c(c1)NC(=O)C2(CCCC2)[NH3+])n3cccn3
dude_rock1__L001891,CCOc1ccc(cc1)C2(CCOCC2)C[NH2+][C@@H](C)C(=O)NC(=O)NC(C)C
dude_rock1__L001892,CC[C@H]1CCCC[C@H]1NS(=O)(=O)c2ccc(c(c2)N)Cl
dude_rock1__L001893,CSCC[C@@H](C(=O)N1C(=O)c2cccc(c2C1=O)N)[NH3+]
dude_rock1__L001894,c1cc(oc1)[C@@H]2CC3=C([C@@H]([C@@H]4C(=NC(=O)NC4=O)N3)c5ccc(cc5)C(=O)[O-])C(=O)C2
dude_rock1__L001895,c1cc(ccc1c2c(nc3n2cc(cc3)[N+](=O)[O-])CC[NH3+])Cl
dude_rock1__L001896,CC[NH+]1CCc2c3ccccc3[nH]c2[C@@H]1c4c(nc(n(c4=O)CC=C)O)O
dude_rock1__L001897,Cc1ccc2cc(c(=O)[nH]c2c1)[C@@H](c3nnnn3C[C@H]4CCCO4)[NH+]5CCN(CC5)c6ccccc6OC
dude_rock1__L001898,CC[C@H](c1cc(ccc1O)Br)Nc2ccn(n2)C
dude_rock1__L001899,CC(C)(C)[C@H]1CC[C@H]([C@@H](C1)N(C)[C@@H]2CCC[NH+](C2)C)C[NH3+]
dude_rock1__L001900,CCC[NH2+][C@H]1CCCCC[C@H]1CN(C)C2CC[NH+](CC2)C
dude_rock1__L001901,c1cc(sc1[C@@H](C[NH3+])Sc2nnnn2C3CCCC3)Cl
dude_rock1__L001902,Cc1c2cccc(c2oc1C(=O)N[C@@H](C)C(=O)NC)F
dude_rock1__L001903,c1ccc2c(c1)nc(s2)[C@@](CC(=O)Nc3ccccc3O)(C(F)(F)F)O
dude_rock1__L001904,C[C@H](CN1CCCC1=O)NC(=O)c2cc(cn2C)Cl
dude_rock1__L001905,c1cc(c(cc1Cl)Cl)Nc2cc3c(cc2N)NC(=O)CC3
dude_rock1__L001906,CCC[C@](C)(C[NH3+])C[NH+](C)C1CCC(CC1)CC
dude_rock1__L001907,c1c(cc(c(c1CO)O)CCl)[N+](=O)[O-]
dude_rock1__L001908,COc1cc(c(cc1OC)Br)c2csc(n2)NN
dude_rock1__L001909,Cc1cccc2c1nc([nH]2)c3cc4n(n3)CCN(C4)C(=O)[C@H](CCSC)[NH3+]
dude_rock1__L001910,CC[C@H](C)Nc1c(c(ncn1)Nc2cccc(c2Cl)Cl)N
dude_rock1__L001911,CCc1c2ccccc2oc1[C@H](C)[NH2+][C@H]3CCC[C@@H]3C#N
dude_rock1__L001912,CS(=O)(=O)N[C@@H]1Nc2ccc(cc2S1)C(=O)NCCC3=c4cc(ccc4=[NH+]C3)Cl
dude_rock1__L001913,CC[NH2+]Cc1c(ccc(n1)N2C[C@H](OC(C2)(C)C)C)Cl
dude_rock1__L001914,c1nc(nn1[C@H]2[C@H]([C@@H]([C@@H](O2)CO)O)O)C3=[NH+]CCCN3
dude_rock1__L001915,CC(C)[C@H](C(=O)Nc1ccc2c(c1)N(CC2)S(=O)(=O)N)[NH+]3CCCC3
dude_rock1__L001916,CC1(CC[NH+](CC1)CC(=O)N2CC[NH+](CC2)C)C(=O)[O-]
dude_rock1__L001917,CN1C(=O)/C(=C\c2cc(ccc2OC)OC)/NC1=S
dude_rock1__L001918,CCC[C@@H]1[C@H]2CN(CC=C2C(=C(C1(C#N)C#N)N)C#N)C
dude_rock1__L001919,C[C@H](c1ccccc1)[NH2+]Cc2cc3c(cc2Br)OCO3
dude_rock1__L001920,CCCNC(=O)C[NH+](C)CC(=O)Nc1c2c(c(n[nH]c2=O)C)c(o1)C
dude_rock1__L001921,C[C@H]1C[C@@H](CN(C1)c2c(c(nc(n2)NCc3ccco3)N)[N+](=O)[O-])C
dude_rock1__L001922,CCC1CCC(CC1)N(C)c2cc[nH+]c(c2)C(=S)N
dude_rock1__L001923,CC[NH2+][C@H](c1cc2c(cc1Br)[nH]c(=O)[nH]2)c3cscn3
dude_rock1__L001924,C[C@H](Cc1ccc(cc1)F)NC(=O)[C@@H]2CN(CC23CC[NH2+]CC3)C(=O)c4csc(c4OC)Cl
dude_rock1__L001925,Cc1cc(ccc1NC(=O)[C@@H](Cc2ccccc2)NC(=O)c3ccco3)N4CC[NH+](CC4)C
dude_rock1__L001926,CC(C)[C@H]1[C@@H]2[C@@H](C(=O)N(C2=O)CC=C)[C@@]3([NH2+]1)c4cc(ccc4NC3=O)F
dude_rock1__L001927,CCNC(=O)C[NH2+][C@@H]1CCCC[C@@H]1C2CCCCC2
dude_rock1__L001928,c1ccc(cc1)N2CCN(CC2)[C@H]3[C@H](O[C@H]([C@H]3O)CO)C[NH2+]C4CCOCC4
dude_rock1__L001929,COc1cc(c(cc1OCC(=O)N2CCNC2=O)Br)C=O
dude_rock1__L001930,CC1=C([C@@H](N2C(=[NH+]1)N=C(N2)c3cccs3)c4ccc5c(c4)OCO5)C(=O)N
dude_rock1__L001931,Cc1c2c(nc(n1)CNC(=O)C[C@@H]3C(=O)NCC[NH+]3CC(C)(C)C)CCCC2
dude_rock1__L001932,CC5=C(C(=O)Nc2ccc1[nH]ncc1c2)C(c3ccc(F)cc3)N=C(c4ccccn4)N5
dude_rock1__L001933,CCCc1nc2c(o1)NC(=C([C@@]23c4cc(ccc4NC3=O)Br)C#N)[NH3+]
dude_rock1__L001934,Cc1ccc(s1)[C@@H](C)NS(=O)(=O)c2cc(cnc2NN)Br
dude_rock1__L001935,c1ccc(cc1)COc2ccc(cc2)[C@@H]3c4c(c5ccccc5oc4=O)OC(=C3C#N)N
dude_rock1__L001936,CC(C)C[C@H](CO)[NH2+][C@H]1c2cc(c(cc2NC1=O)F)Br
dude_rock1__L001937,c1cc(cc(c1)S(=O)(=O)N)C[NH2+]Cc2cc(sc2)Br
dude_rock1__L001938,C[C@H]1C[C@@H]2C[NH2+]C[C@@H]2N1S(=O)(=O)c3cc(n(c3)C)C(=O)N
dude_rock1__L001939,c1c[nH]nc1C[NH2+]Cc2cc3c(c(c2)Br)OCCCO3
dude_rock1__L001940,c1cc(cc(c1)Cl)C[NH2+]C[C@@H]2[C@@H]([C@@H]([C@@H](O2)CO)O)N3CCN(CC3)c4cccc(c4)C(F)(F)F
dude_rock1__L001941,c1ccc(cc1)/C=C(\C#N)/C(=O)Nc2c(c3c(s2)CCC3)C(=O)N
dude_rock1__L001942,C[C@@H](C(=O)NC(=O)NC)[NH+]1CCN(CC1)S(=O)(=O)N2CCCC2
dude_rock1__L001943,c1ccc2c(c1)c(c[nH]2)CCNC(=O)C[NH+]3CCC(CC3)(C(=O)N)N4CCOCC4
dude_rock1__L001944,Cc1ccsc1C(=O)N2C[C@@H](C3(C2)CC[NH2+]CC3)C(=O)NCC(C)(C)C[NH+](C)C
dude_rock1__L001945,CC(C)[NH2+][C@@H](CSc1nnnn1C2CCCC2)C(=O)N
dude_rock1__L001946,Cc1c(cccc1Cl)N2C3=C(C(=O)CCC3)[C@@]4(c5ccccc5N(C4=O)C)C(=C2N)C(=O)OC
dude_rock1__L001947,Cc1cccc(c1)c2c3c(n(nc3nc(n2)NCC[NH+](C)C)C(C)(C)C)N
dude_rock1__L001948,Cc1c(c(n(n1)C)C)CCC(=O)N2CCC[C@@H](C2)c3[nH]nc(n3)C4CC4
dude_rock1__L001949,CCOc1nc(nc(n1)Cl)N[C@@H]2CCCC[C@H]2O
dude_rock1__L001950,Cn1cc(c(=O)n(c1=O)C)S(=O)(=O)N[C@H]2CCCC[C@H]2O
dude_rock1__L001951,CC(C)[NH+]1CCc2c(sc(c2C(=O)N)NC(=O)c3cc(=O)c4ccccc4o3)C1
dude_rock1__L001952,c1cnc(c(c1Br)[N+](=O)[O-])N
dude_rock1__L001953,CCC[C@H]1CC[C@H]([C@@H](C1)CN2C[C@@H](OC[C@@H]2CC)C)[NH2+]C
dude_rock1__L001954,Cc1ccc(cc1)n2c(c(nn2)C[NH3+])c3ccccc3F
dude_rock1__L001955,CCC(C)(C)NC(=O)[C@H](C)Oc1ccc(cc1Br)CC[NH3+]
dude_rock1__L001956,CC/C(=N\[C@H]1CCCC[C@@H]1[NH3+])/C2C(=NC(=O)N(C2=O)C3CCCCC3)O
dude_rock1__L001957,C[C@H]([C@H](c1ccc(s1)Cl)n2nc(nn2)c3ccccc3)[NH3+]
dude_rock1__L001958,CC[C@@H]([C@@H](c1ccc(cc1)Br)[NH+]2CCC(CC2)N(C)C)[NH3+]
dude_rock1__L001959,Cc1ccc(cc1c2ccc(o2)/C=C/3\C(=O)NC(=O)N3)Cl
dude_rock1__L001960,CC[C@H](C)NC(=O)[C@@H]1CSCN1C(=O)C2=c3ccccc3=[NH+]C2
dude_rock1__L001961,Cc1nc(cs1)CN(C)C(=O)NC(=O)[C@H](C)Cl
dude_rock1__L001962,Cc1ccc(cc1)[C@H](CNC(=O)NNC(=O)c2cccc(c2)C)[NH+](C)C
dude_rock1__L001963,CC(C)(C)[C@@H](C(=O)N1CCC[NH+](CC1)CC(=O)N(C)C)[NH3+]
dude_rock1__L001964,C[C@H](CNc1nc(nc(n1)Cl)Cl)O
dude_rock1__L001965,c1ccc(cc1)C(=O)[C@H]2[C@H](NC(=O)N[C@]2(C(F)(F)F)O)c3ccc(cc3)O
dude_rock1__L001966,Cc1c(c(no1)c2c(cccc2Cl)Cl)N[C@H]3[C@H]4N(C3=O)[C@@H](C(S4)(C)C)C(=O)[O-]
dude_rock1__L001967,Cn1c2c(c(n1)C(=O)NCc3ccc(cc3)F)C[C@H](CC2)[NH2+]CC4(CCCCC4)O
dude_rock1__L001968,Cc1c2c(oc(c2c(=O)[nH]n1)NC(=O)C[NH+]3CCC[C@@H]3C(=O)N(C)C)C
dude_rock1__L001969,CCC[C@H]1CC[C@H]([C@@H](C1)[NH+](CC2CC2)C(C)C)[NH2+]C
dude_rock1__L001970,Cc1ccc2c(c1)[nH]c(n2)SCC(=O)N[C@@H]3Nc4c(cccc4S3)C
dude_rock1__L001971,COC(=O)c1cc(ccc1S(=O)(=O)Nc2ccc(c(c2)C(=O)[O-])O)Br
dude_rock1__L001972,C[NH+](C)C[C@@H]1CCCC[C@@H]1[C@@]2(c3ccccc3CSc4c2cccc4)O
dude_rock1__L001973,CC[C@@H](C)[C@@H](C(=O)OC)NC(=O)N1CCc2c([nH+]c[nH]2)C13CC[NH+](CC3)C
dude_rock1__L001974,C[C@@H]([C@@H](c1ccc(s1)Cl)[NH+]2CCC[C@@H]2C(=O)N)N
dude_rock1__L001975,Cn1cc(c(=O)n(c1=O)C)S(=O)(=O)N[C@H]2CCC[C@H]2[NH3+]
dude_rock1__L001976,Cc1ccccc1CC[NH+](CC(=O)NC(=O)N)CC(=O)NC(=O)N
dude_rock1__L001977,c1cc(c(cc1/N=C\2/C=CC(=O)O2)O)O
dude_rock1__L001978,Cc1ccc(c(c1)C)NC(=S)N/C(=N/c2nc(c3cc(ccc3n2)C)C)/N
dude_rock1__L001979,CN([C@@H]1CCCc2c1cccc2)C(=O)C[NH+]3CCCC[C@@H]3C(=O)N
dude_rock1__L001980,Cc1ccc(c(c1)n2ccc(n2)C(=O)N)OC
dude_rock1__L001981,CCOC(=O)NCC(=O)Nc1nncs1
dude_rock1__L001982,CCNC(=O)NC(=O)[C@H](C)S[C@H]1NN=C(N1C2CC2)C3=c4ccccc4=[NH+]C3
dude_rock1__L001983,CC[C@@H](C)[C@H](C(=O)[O-])NC(=O)CO/N=C/1\CC[C@]2([C@@H]3CC[C@@]4([C@@H]([C@H]3CCC2=C1)CC[C@@]4(C#C)O)C)C
dude_rock1__L001984,CC[C@@H]1CO[C@@H](CN1C2(CCC(CC2)C(C)C)C[NH3+])C
dude_rock1__L001985,c1ccc(cc1)NC(=O)c2ccccc2NC(=O)C(=O)N/N=C/[C@@H]3C=c4ccccc4=[NH+]C3=O
dude_rock1__L001986,Cc1cc2ncnn2c(c1)NCc3cc(ccc3O)N
dude_rock1__L001987,Cc1ccc(c(c1)Oc2ccc(cc2)[C@@](C)(C[NH2+]C)O)Cl
dude_rock1__L001988,C[C@H]1CCC[C@@H](C1[NH2+]C[C@@H]2CC[NH+](C2)C3CC3)C
dude_rock1__L001989,CC(=O)[C@@]1(CC[C@@H]2[C@]1(CC[C@H]3[C@@H]2CCC4=C/C(=N\OCC(=O)NCCc5c[nH]c[nH+]5)/CC[C@@]34C)C)O
dude_rock1__L001990,C[C@H](c1ccc(cc1)S(=O)(=O)N)[NH2+]C[C@@H]2CCS(=O)(=O)C2
dude_rock1__L001991,CC[NH2+][C@H](c1ccc(c(c1)Br)OC)c2ccc(cc2C)C
dude_rock1__L001992,c1cc(cc(c1)[N+](=O)[O-])c2ccc(o2)/C=C(\C#N)/c3c(c([nH]n3)N)C#N
dude_rock1__L001993,Cc1cccc2c1[nH]cc2CCNC(=O)[C@H]3CN(CC34CC[NH2+]CC4)C(=O)c5ccc(cc5OC)OC
dude_rock1__L001994,Cc1cc(cc(c1)C(=O)N2CCC3(CC2)[C@@H]4C(=NC=N4)CC[NH2+]3)C
dude_rock1__L001995,CC[C@@H]1C(=NN/C(=[NH+]\C2CCCCC2)/S1)c3ccccc3
dude_rock1__L001996,COc1ccc2c(c1O)C[NH2+]C[C@H]2c3ccc(c(c3)O)O
dude_rock1__L001997,Cc1cc(=O)[nH]c(n1)Nc2nccs2
dude_rock1__L001998,CC[NH2+][C@@](C)(COc1c(cc(cc1Br)[N+](=O)[O-])Br)C(=O)N
dude_rock1__L001999,Cc1c(cccc1Cl)n2c(nnn2)C3(CCC(CC3)C)[NH3+]
dude_rock1__L002000,CN(C)CCOc2cc(c1cn[nH]c1)ccc2NC(=O)C4COc3ccccc3O4
dude_rock1__L002001,CC1=C2[C@H](SCC(=N[C@H]2N(N1)C3=NC=NC4=NC=N[C@@H]43)O)c5cccnc5
dude_rock1__L002002,c1ccc2c(c1)C(=O)N([C@H](N2)O)CC(=O)NCCC3=c4cc(ccc4=[NH+]C3)F
dude_rock1__L002003,C=CCNC(=O)NC(=O)CS[C@H]1NN=C(N1C2CC2)C3=c4ccccc4=[NH+]C3
dude_rock1__L002004,c1cc(cc(c1)S(=O)(=O)/N=C\2/CCCCCN2)[N-]S(=O)(=O)c3cc4c(cc3Cl)NC(=O)C4
dude_rock1__L002005,Cc1cc(no1)NC(=O)N[C@@H]2CC[C@@H]3CCCC[C@@H]3C2
dude_rock1__L002006,CC1CC[NH+](CC1)[C@@H](C)CNC(=O)NC[C@H]2Cc3ccccc3OC2
dude_rock1__L002007,C[C@H](COc1ccc(cc1Br)C[NH2+]C(C)C)C(=O)N
dude_rock1__L002008,c1ccc(cc1)c2c(c[nH]n2)/C=C/3\C(=O)NC(=O)S3
dude_rock1__L002009,C[C@@H](c1ccc(c(c1)Cl)F)Sc2ncc(c(n2)N)C#N
dude_rock1__L002010,CC1([C@H]2CC[C@@H]([C@@H]1C2)CNC(=O)c3coc(n3)C[NH2+]C)C
dude_rock1__L002011,C[C@@H](C(=O)N1CCO[C@H](C1)c2ccccc2)NS(=O)(=O)N(C)C
dude_rock1__L002012,C[C@H]1CCC[C@H]([C@@H]1C)[NH+]2CC[C@@H](C2)C[NH2+]C3CC3
dude_rock1__L002013,C[C@@H]1CCCC[C@H]1[NH+](C)Cc2cc(no2)C[NH2+]C(C)(C)C
dude_rock1__L002014,C[C@@H]1C(=C(ON1)C(C)C)C(=O)NCCC2=c3ccc(cc3=[NH+]C2)F
dude_rock1__L002015,c1cc(oc1)[C@H]2C(=C(OC3=C2C(=O)CCC3)N)C#N
dude_rock1__L002016,Cc1cc2c(cc1C)n(cn2)c3ccc(cc3C(=[NH2+])N)Cl
dude_rock1__L002017,C[C@H](c1ccc(s1)Cl)[NH+]2CCC[C@@H](C2)[C@@H]3CCC[NH2+]3
dude_rock1__L002018,c1cc(ccc1N)N2C(=O)[C@H]3C[C@H]4CCCC[C@@H]4N3C2=O
dude_rock1__L002019,CC1(CCCCC1)[NH2+]Cc2ccn(n2)c3ccccc3
dude_rock1__L002020,CCCC[C@@H](C(=O)N1CCN(CC1)c2ncc(cn2)Br)[NH3+]
dude_rock1__L002021,C[C@H](CN1[C@H](C2=C(N=N[C@@H]2C1=O)c3ccccc3)c4ccccc4)[NH3+]
dude_rock1__L002022,CC[C@H](C)[C@@H](C(=O)[O-])NC(=O)CO/N=C/1\CC[C@]2([C@@H]3CC[C@@]4([C@@H]([C@H]3CCC2=C1)CC[C@@]4(C#C)O)C)C
dude_rock1__L002023,Cc1ccc2c(c1)c(c[nH]2)CCNC(=O)[C@H]3CN(CC34CC[NH2+]CC4)C(=O)[C@@H]5CCC=CC5
dude_rock1__L002024,CSCC[C@@H](C(=O)N1CCC2(CC1)c3c([nH]c[nH+]3)CCN2)NC(=O)c4ccc(cc4)Br
dude_rock1__L002025,Cc1c(cc(s1)[C@H]2NN=C(O2)C)NC(=O)CCC3=c4ccccc4=[NH+]C3
dude_rock1__L002026,c1ccc2c(c1)[C@]3(CCO2)C(=O)N(C(=O)N3)CC(=O)Nc4nc([nH]n4)SCc5ccc(cc5)Cl
dude_rock1__L002027,Cc1ccc(c(=O)[nH]1)C(=O)NC[C@@H]2CCC[NH+]2CC3CCCCC3
dude_rock1__L002028,C[C@H](c1ccc(cc1)C#N)[NH2+][C@H]2COc3c2ccc(c3)O
dude_rock1__L002029,CCCNC(=O)COc1ccc(cc1C[C@@H](C)[NH3+])Br
dude_rock1__L002030,Cc1c(cccc1Oc2cncc3n2nnn3)N
dude_rock1__L002031,CC[NH+](CC)CCNc1ccc(c2c1c(=O)c3cc(ccc3o2)O)CO
dude_rock1__L002032,c1ccc(c(c1)C(=O)NNc2c(c(ncn2)Nc3ccc(cn3)Cl)[N+](=O)[O-])Br
dude_rock1__L002033,Cc1ccc(n1[C@@H]2Nc3ccc(cc3S2)C(=O)NC4[NH+]=c5ccccc5=[NH+]4)C
dude_rock1__L002034,Cc1c(nnn1c2ccc3c(c2)OCCO3)C(=O)NNC(=O)C
dude_rock1__L002035,C[NH+](C)CCC1CC[NH+](CC1)CC(=O)N[C@H]2CCCCNC2=O
dude_rock1__L002036,CC1(CC(CC([NH2+]1)(C)C)NC(=S)N(C[C@H]2CCCO2)C3CC[NH+](CC3)C)C
dude_rock1__L002037,CC1(CC2=C([C@H](C(=C(N2c3ccccc3Cl)N)C#N)c4ccc(cc4)[N+](=O)[O-])C(=O)C1)C
dude_rock1__L002038,CC[C@@H](CNC(=O)C(C)(C)NC(=O)NC)[NH+]1CCc2ccccc2C1
dude_rock1__L002039,C[C@H](C(=O)N1CC(=O)Nc2c1cccc2)[NH2+]C[C@H](c3c[nH]c4c3cccc4)[C@@H]5CC=CS5
dude_rock1__L002040,C[C@H]1CC[C@@H]([C@@H](C1)[NH2+][C@@H]2CCC[C@@H]2n3ccnc3)C(C)C
dude_rock1__L002041,CCc1ccccc1NC[C@H]2C=c3ccc(cc3=[NH+]C2=O)C
dude_rock1__L002042,C[C@@H]([C@@H](c1ccc(s1)Cl)Sc2nnnn2C3CCCC3)[NH3+]
dude_rock1__L002043,C[C@H]1C(=c2cccc(c2=[NH+]1)F)CC(=O)N[C@@H]3CCCCNC3=O
dude_rock1__L002044,Cc1ccc(cc1NCC(=O)NC(=O)NC(C)C)Br
dude_rock1__L002045,Cc1cc(nc(n1)n2c(cc(n2)C)NC(=O)C[NH+](C)CC(=O)N)C
dude_rock1__L002046,C4CC(Nc2ccc1[nH]ncc1c2)CN(Cc3ccc[nH]3)C4
dude_rock1__L002047,COc1cccc(c1OCc2ccccc2)[C@@H]3[C@H]4[C@@H](C(=NC4=O)[O-])[C@@]([NH2+]3)(c5ccccc5)C(=O)[O-]
dude_rock1__L002048,CC1=CC(=C([C@@H]([NH2+]1)SS[C@H]2C(=C(C=C([NH2+]2)C)COC)C#N)C#N)COC
dude_rock1__L002049,Cc1c(cco1)[C@@H]2NN=C(O2)SCC(=O)NCCC3[NH+]=c4ccccc4=[NH+]3
dude_rock1__L002050,Cc1cc(cn2c1[nH+]c(c2C)c3ccc(cc3)OC(C)C)N
dude_rock1__L002051,CC[NH+](CC)CCN1C(=O)c2cc3c(n2C[C@]1(C)C(=O)NC4CCC(CC4)C)cco3
dude_rock1__L002052,COc1ccc(cc1)C2=NN=C[C@@H]2CNc3c4ccccc4nc(n3)CC[NH3+]
dude_rock1__L002053,CCN1C[C@H](C(=O)N(C1=O)c2ccc(cc2)N)C
dude_rock1__L002054,Cc1ccc2c(c1C)NC(=O)[C@]23[C@H]4[C@@H]([C@@H](N3)CCC(=O)[O-])C(=O)N(C4=O)C5CCCC5
dude_rock1__L002055,Cc1ccc2c(c1Br)C(=NNC(=O)c3ccc(cc3)N)C(=O)N2
dude_rock1__L002056,c1cc2c(cc1C(=O)N)CCO[C@H]2CC[NH+]3CCC(=CC3)C4=c5ccc(c(c5=[NH+]C4)F)F
dude_rock1__L002057,CN(C)C(=O)CN1CCN(CC1)C(=O)[C@@H]2CCCC[NH2+]2
dude_rock1__L002058,c1cc(ccc1CNC(=O)C[NH+]2CCN(CC2)c3ccc(cc3)[N+](=O)[O-])S(=O)(=O)N
dude_rock1__L002059,C[C@@H](c1ccc(cc1)S(=O)(=O)N(C)C)[NH+]2CCCNCC2
dude_rock1__L002060,C[C@H](c1cccc(c1)Br)[NH2+]Cc2ccc3c(c2)OCO3
dude_rock1__L002061,c1cnn2c1NC[C@H](C2)C[NH2+]C[C@]3(CCSC3)N4CCOCC4
dude_rock1__L002062,CCOc1ccc2=[NH+][C@@H]([NH+]=c2c1)SC[C@@H]3CC3(Cl)Cl
dude_rock1__L002063,c1c(cnc(c1C(=O)N)OCC[C@@H]2CCCC[NH2+]2)[N+](=O)[O-]
dude_rock1__L002064,c1ccc(cc1)[C@H]2C(=CN(N2)c3ccccc3)CNC(=O)Cn4c(nnc4[S-])c5cccs5
dude_rock1__L002065,C[C@H](C(C)(C)C)NC(=O)[C@@H]1CN(CC12CC[NH2+]CC2)C(=O)c3csc(c3OC)Cl
dude_rock1__L002066,c1ccc2c(c1)[C@@H](C=N2)CCNc3c4c([nH]cn4)ncn3
dude_rock1__L002067,CC[C@@H](C)NC(=O)C(=O)Nc1cc(cc(c1C)F)C#N
dude_rock1__L002068,CC[C@@H]([C@@H](c1ccc(s1)Br)N2CCNC(=O)C2)[NH3+]
dude_rock1__L002069,CCN(CC)c1ccc2c(c1)[C@@H]3C=CC[C@H]3[C@@H](N2)c4ccc(cc4O)O
dude_rock1__L002070,C[C@@H](C(=O)N=c1[nH]c2ccccc2[nH]1)NC(=O)N3CCN(CC3)c4cccc[nH+]4
dude_rock1__L002071,C[C@@H](C(=O)c1ccc2c(c1)CCN2)N3CCN(CC3)C=O
dude_rock1__L002072,c1cc(ccc1N)S(=O)(=O)n2cc(c3c2cc4c(c3)OCO4)C5=CC[NH2+]CC5
dude_rock1__L002073,C[C@]1(CCS(=O)(=O)C1)NC(=O)[C@](C)(C2CC2)[NH3+]
dude_rock1__L002074,c1cc2c(cc1[C@@H](C[NH+]3CCC[C@@H]3C(=O)N4CCSCC4)O)OCCO2
dude_rock1__L002075,c1c(nc(s1)[C@@H]2CCC[NH2+]2)C(=O)N[C@H](CC3CCCCC3)C(=O)N
dude_rock1__L002076,c1cc(=O)n(cc1N)CC(=O)N2CCC[C@@H]2C3CCCC3
dude_rock1__L002077,C1CC[C@@H]2[C@@H](C1)N(CCO2)C3(CCS(=O)(=O)CC3)C[NH3+]
dude_rock1__L002078,CCc1ccc(cc1)[C@H](C)Nc2ccc3c(c2)C(=O)NC3=O
dude_rock1__L002079,Cc1cccc(c1N[C@H](C)C(=O)N/N=C\C2=c3ccccc3=[NH+]C2)C
dude_rock1__L002080,Cc1c(cc(o1)C[NH3+])COc2ccc(cc2Cl)Br
dude_rock1__L002081,CC(C)(C)c1c(nnn1c2cccc(c2)Br)C[NH3+]
dude_rock1__L002082,C[C@H](c1ccc(cc1F)C[NH2+]C(C)(C)C)Oc2cc(sc2C(=O)N)c3cnc4n3cccc4
dude_rock1__L002083,c1ccc(cc1)OS(=O)(=O)[C@H]2CN(CC[NH2+]2)[C@@H](CNF)c3ccc(cc3)c4ccccc4O
dude_rock1__L002084,c1ccc(cc1)c2cnn(c2)[C@H]3CS(=O)(=O)C[C@@H]3O
dude_rock1__L002085,Cc1ccc2c(c1)S[C@H](N2)NC(=O)[C@@H]3CC(=O)N(C3)CCC4=c5cc(ccc5=[NH+]C4)OC
dude_rock1__L002086,C[C@@H]1CN(CC(O1)(C)C)C2(CCC(CC2)C(C)C)C[NH3+]
dude_rock1__L002087,c1cc2c(cc1Br)c(c(cn2)[N+](=O)[O-])NC[C@H]3CCC[NH2+]3
dude_rock1__L002088,CC[NH2+]CC(=O)/N=c/1\[nH]c(cn1c2ccc(cc2)C)c3ccccc3
dude_rock1__L002089,c1c(cncc1Br)[C@H](c2cc3c(cc2Br)[nH]c(=O)[nH]3)[NH3+]
dude_rock1__L002090,Cc1cc(cc(c1)N(C)c2cc3c(cc2[NH3+])OCCO3)C
dude_rock1__L002091,C[C@@H](COc1ccc(cc1F)F)[NH2+]Cc2cn(c(=O)n(c2=O)C)C
dude_rock1__L002092,c1csc(c1Br)S(=O)(=O)N[C@@H]2CCC[C@@H]2/C(=N\O)/N
dude_rock1__L002093,CCCCc1ccc(cc1)N2C(=O)[C@@H]3[C@@H](N[C@]4([C@@H]3C2=O)c5ccccc5NC4=O)CCC(=O)[O-]
dude_rock1__L002094,Cc1ccc(o1)[C@H](C)NS(=O)(=O)c2ccc(cc2N)Br
dude_rock1__L002095,CC(=O)[C@@H]1CC[C@H]2[C@]1(CC[C@@H]3[C@@H]2CCC4=C/C(=N\OCC(=O)NCCc5c[nH]c[nH+]5)/CC[C@@]34C)C
dude_rock1__L002096,c1cc(ccc1OC2(CC[NH2+]CC2)C(=O)NC[C@H]3CCCCO3)Cl
dude_rock1__L002097,CC[C@H]1CCCC[NH+]1[C@@H]2CCCc3ccccc3[C@@H]2[NH2+]C
dude_rock1__L002098,c1ccc2c(c1)c(c[nH]2)C(=O)NNC3=c4cc(ccc4=[NH+]C3=O)[N+](=O)[O-]
dude_rock1__L002099,C1CCC(CC1)[NH+](CC[C@@H]2CCC[NH2+]2)C3CCCCC3
dude_rock1__L002100,C[C@H](C(=O)NC(=O)NC)[NH+]1CCC(CC1)C2=c3cc(ccc3=[NH+]C2)OC
dude_rock1__L002101,CC(C)OCc1ccc(cc1)C[NH2+][C@H](c2ccc(cc2)F)C(=O)N
dude_rock1__L002102,C[C@@H](CNC(=O)C12CC3CC(C1)CC(C3)C2)[NH+]4CCCCC4
dude_rock1__L002103,C[NH2+]CC1(CCCC1)C[NH+](C)Cc2ccc(s2)Cl
dude_rock1__L002104,c1cc2c(cc1OCC(=O)NCCc3c[nH]c[nH+]3)C(=O)N4CCC[C@H]4N2
dude_rock1__L002105,Cc1ccc(cc1)CN2[C@H](c3c(n[nH]c3C2=O)c4ccccc4O)c5ccc(cc5)O
dude_rock1__L002106,C[NH2+][C@@H](Cc1ccccc1OC)c2ccc(s2)Br
dude_rock1__L002107,C[NH+](C)Cc1c(=O)ccc-2c(c(coc12)c3ccccc3)O
dude_rock1__L002108,CC(C)[NH2+]CC(=O)N1CC(=O)N(C1)c2ccc(cc2)Cl
dude_rock1__L002109,CC(C)CC[NH+](C)CC(=O)Nc1ccc(cc1Br)N
dude_rock1__L002110,c1cc(c(cc1S(=O)(=O)Nc2c(c3c(s2)CCCC3)C(=O)NC[C@H]4CCCO4)C(=O)[O-])F
dude_rock1__L002111,c1c(c(=O)n2c(n1)SCC2)C(=O)NC[C@H]3CCC=CC3
dude_rock1__L002112,C[C@H]1c2c(cc(cc2OC(=O)C)OC(=O)C)OC(=O)[C@H]1CC(=O)NCCC3=c4cc(ccc4=[NH+]C3)OC
dude_rock1__L002113,Cc1ccc(cc1)SCC(=O)NNC(=O)NCc2cc[nH+]c(c2)N(C)C
dude_rock1__L002114,CC1=C([C@H](C(=O)N(N1)C)NC(=O)[C@@H]2C(=c3ccccc3=[NH+]C2=O)O)C(=O)C
dude_rock1__L002115,CC(C)[C@H]1[C@H]2[C@@H](C(=O)N(C2=O)c3ccc(cc3)Br)[C@@]4(N1)c5ccccc5NC4=O
dude_rock1__L002116,C1CCC(C1)N2C(=O)C[C@H](C2=O)[NH2+]C[C@H]3COCCO3
dude_rock1__L002117,C[NH+]1[C@@H](NN[C@@H]1CO)CC2CCN(CC2)C(=O)CCC3=c4ccccc4=[NH+]C3
dude_rock1__L002118,c1ccc2c(c1)N[C@@H]3N2[C@@H](NC(=[NH2+])N3)C4=C(N=NC4)c5cccnc5
dude_rock1__L002119,Cc1ccc(cc1Cl)n2c(c(nn2)C[NH3+])C(C)C
dude_rock1__L002120,Cc1ccc(c(n1)Oc2ccc(cc2Br)Cl)C(=[NH2+])N
dude_rock1__L002121,C[C@H]1C[C@@]2(CC(C1)(C)C)C(=O)N(C(=O)N2)CC(=O)NC[C@@H]3CC[NH+](C3)C(C)C
dude_rock1__L002122,CN(CCC1=NO[C@@H](N1)[C@@H]2C=c3cc(ccc3=[NH+]2)OC)C(=O)c4ccccc4C(F)(F)F
dude_rock1__L002123,COc1ccc(cc1N)NS(=O)(=O)c2ccccc2Br
dude_rock1__L002124,CC/[NH+]=c\1/c2ccccc2oc(c1NC(=O)NC[C@H]3CCCO3)O
dude_rock1__L002125,CCCCc1ccc(cc1)C(=O)NCC(=O)N2CCC3(CC2)c4c([nH]c[nH+]4)CCN3
dude_rock1__L002126,CCc1ccc(cc1)C(=O)N2C[C@@H](C3(C2)CC[NH2+]CC3)C(=O)NCCOc4ccc(cc4)F
dude_rock1__L002127,C[C@@]1(C[C@@H](CC(C1)(C)C)NC(=O)NC(C)(C)C)CNC(=O)NC(C)(C)C
dude_rock1__L002128,c1c(cc(c2c1OCO2)Cl)[C@@H]3C(=O)NCCN3
dude_rock1__L002129,c1ccc2c(c1)CCC(=C2)S(=O)(=O)NNC(=O)NCCCn3cc[nH+]c3
dude_rock1__L002130,c1ccc(cc1)N2C=C([C@H](N2)c3cc[nH+]cc3)[C@@H]4c5c([nH]c[nH+]5)CCN4
dude_rock1__L002131,CC[C@H](C)n1c(=O)c(c([nH]c1=S)[O-])[C@H]2[C@@H]3C(=c4cc(ccc4=[NH+]3)Cl)CC[NH2+]2
dude_rock1__L002132,c1cc(ccc1C[NH2+]Cc2ccc(cc2)Br)S(=O)(=O)N
dude_rock1__L002133,CC(C)CNC(=O)[C@H]1CN(CC12CC[NH2+]CC2)C(=O)c3cccn3C
dude_rock1__L002134,Cc1ncn(n1)C23C[C@@H]4C[C@H](C2)CC(C4)(C3)NC(=O)C
dude_rock1__L002135,CC(=O)N[C@H]1c2cc(c[nH+]c2N([C@@H]1C(=O)OC)CCc3c[nH]c4c3cccc4)NC[C@@H]5CCC=CC5
dude_rock1__L002136,CC1CC[NH+](CC1)[C@H](CNC(=O)NNC(=O)Cc2ccccc2F)C(C)C
dude_rock1__L002137,Cn1c(c(c([nH+]1)C2CCCC2)c3ccc(cc3Cl)F)N
dude_rock1__L002138,CC[C@@H](C/C(=N/O)/N)[NH+](C)Cc1ccccc1Br
dude_rock1__L002139,CCC[NH+](Cc1cc(cc(c1)C)C)[C@](C)(CC)C[NH3+]
dude_rock1__L002140,CCCC(N)c3ccc2sc(c1ccnc(N)n1)c(C)c2c3
dude_rock1__L002141,Cc1ccsc1C(=O)N2C[C@@H](C3(C2)CC[NH2+]CC3)C(=O)NCc4ccco4
dude_rock1__L002142,Cc1c(oc2c1cc3c(c(c(=O)oc3c2)CCC(=O)N[C@H](Cc4c[nH]c5c4cccc5)C(=O)[O-])C)C
dude_rock1__L002143,CC[C@H](C)Cc1c(sc2c1c(=O)[nH]c(n2)SCC(=O)NNC(=O)c3ccc(cc3)[N+](=O)[O-])C
dude_rock1__L002144,COc1cccc(c1O)[C@H]2[C@@H]3CC=C[C@H]3c4cc(ccc4N2)S(=O)(=O)Nc5ccccc5
dude_rock1__L002145,CC4=C(C(=O)Nc2ccc1[nH]ncc1c2)C(c3ccc(C(F)(F)F)cc3)CC(=O)N4
dude_rock1__L002146,CCC[NH+](C(C)C)[C@@]1(C[C@@H](CC(C1)(C)C)C)C[NH3+]
dude_rock1__L002147,Cc1cc(cc(c1)n2c(c(nn2)C(=O)N)C)C
dude_rock1__L002148,C[C@H](Cn1cc[nH+]c1)NC(=O)NNC(=O)c2ccccc2OC
dude_rock1__L002149,Cc1ccc(s1)S(=O)(=O)NNC(=O)NCCCn2cc[nH+]c2
dude_rock1__L002150,Cc1cc(c(cc1C(=O)NC[C@H](c2cccs2)[NH+](C)C)S(=O)(=O)N)C
dude_rock1__L002151,CC[C@@H](c1cccs1)NS(=O)(=O)c2cn(c(=O)n(c2=O)C)C
dude_rock1__L002152,C[C@@H](C1CCN(CC1)C(=O)[C@H]2C=c3ccc(cc3=[NH+]2)OC)C(=O)NCCc4ccco4
dude_rock1__L002153,Cc1cccc(c1)OC[C@H](CNC(=O)NCc2ccc([nH+]c2)N3CCCCC3)O
dude_rock1__L002154,CC(C)(C#Cc1ccc(o1)C(=O)NC[C@]2(CCSC2)[NH+](C)C)O
dude_rock1__L002155,CC[NH2+][C@@H]1CCC2(C[C@H]1Oc3cccc(c3)C)OCCO2
dude_rock1__L002156,CC(C)(C)NS(=O)(=O)c1ccc2c(c1)[C@@H]3C=CC[C@H]3[C@H](N2)c4ccc(c(c4)O)OC
dude_rock1__L002157,CCCCC(=O)N1C[C@H](C2(C1)CC[NH2+]CC2)C(=O)NC[C@@H](C)Oc3ccc(cc3)OC
dude_rock1__L002158,CC(C)C[C@H]1NN[C@@H](S1)NC(=O)[C@@H]2CC(=O)N(C2)CCC3=c4cc(ccc4=[NH+]C3)F
dude_rock1__L002159,C/C(=N\NC(=O)c1ccccc1[N-]S(=O)(=O)c2cccs2)/c3ccc(cc3)O
dude_rock1__L002160,CC1CCN(CC1)C(=O)CS/C(=[NH+]/C[C@@H]2CCCO2)/N
dude_rock1__L002161,CC[C@@H]([C@@H](c1ccccc1F)Sc2[nH]c(=O)cc(n2)N)[NH3+]
dude_rock1__L002162,CC[C@@H]([C@@H](c1ccccc1Br)[NH+](C)[C@@H](C)C(C)C)[NH3+]
dude_rock1__L002163,Cc1cc(oc-2c/c(=[NH+]\C(=O)[C@H](CCCC[NH3+])NC(=O)C)/ccc12)O
dude_rock1__L002164,c1ccc2=[NH+]CC(=c2c1)CCNC(=O)C[C@H]3C(=O)Nc4ccccc4C(=O)N3
dude_rock1__L002165,CC[NH2+][C@H]1CCCCC[C@H]1C[NH+]2CC[C@@H](C[C@@H]2C)C
dude_rock1__L002166,c1ccc2=[NH+]CC(=c2c1)CCNC(=O)CCC(=O)N3CCC[C@H]3[C@H]4Nc5ccccc5S4
dude_rock1__L002167,c1ccc(cc1)N2[C@H](NN=N2)NC[C@@H](c3cccs3)c4c[nH]c5c4cccc5
dude_rock1__L002168,Cc1ccc(s1)[C@@H](C)NC(=O)c2ccc(=O)n(n2)C
dude_rock1__L002169,O=C(Nc2ccc1[nH]ncc1c2)C4CCCN(Cc3ccccc3)C4
dude_rock1__L002170,CCOc1ccc(cc1)[C@H]2NN=C(S2)c3ccccc3O
dude_rock1__L002171,Cc1ccc2c(c1)oc(n2)c3ccc(cc3O)NC(=S)NC(=O)c4cc(cc(c4)C)C
dude_rock1__L002172,Cc1c(sc(c1C(=O)OC)NC(=O)C[NH+](CC(=O)N)C2CCCC2)C
dude_rock1__L002173,CCC1=NN2[C@H]([C@@H](N[C@@H]2S1)C)CNC(=O)CC3=c4ccccc4=[NH+]C3
dude_rock1__L002174,Cc1c\2c(oc1C(=O)Nc3ccccc3C(F)(F)F)CCC/C2=N\NC(=[NH2+])N
dude_rock1__L002175,CC(C)(C)NC(=O)NC(=O)CN1CCC[NH+](CC1)CC(=O)N(C)C
dude_rock1__L002176,CCc1nc(c2c3c(sc2n1)CCCC3)n4c(cc(n4)C)N
dude_rock1__L002177,CCC(C)(C)NC(=O)[C@H](C)[NH2+]C1CCC(CC1)C(=O)N
dude_rock1__L002178,CNC(=O)[C@@H]1C[C@@H](C[NH2+]1)n2cc(nn2)CNC(=O)Cc3ccc(cc3)F
dude_rock1__L002179,Cn1c2c(=O)[nH]c(=O)n(c2nc1NNC3=c4ccccc4=[NH+]C3=O)C
dude_rock1__L002180,c1ccc2c(c1)c3c([nH]2)[C@H](N4[C@@H](C3)COC4=O)c5cc(c(c(c5)O)O)O
dude_rock1__L002181,C[NH+]1CCN(CC1)CCNC(=O)C[NH+]2CCCNCC2
dude_rock1__L002182,CCOC(=O)C1CC[NH+](CC1)[C@H](c2cc3cc4c(cc3[nH]c2=O)OCO4)c5nnnn5C[C@H]6CCCO6
dude_rock1__L002183,C[C@@]1(CC[C@@]2([C@@H](C1)C(C[C@@H]2[NH2+]C)(C)C)CCC(=O)NCCN3CCOCC3)O
dude_rock1__L002184,CCc1c(nn(c1C)[C@@H]2C[C@@H](CC[C@@H]2[NH2+]CC)C(C)C)C
dude_rock1__L002185,Cc1ccc(c(c1)C)C(=O)NCc2ccc(s2)S(=O)(=O)N
dude_rock1__L002186,CCC[NH2+][C@H](c1cc2c(cc1Cl)OCCO2)c3c[nH]nc3
dude_rock1__L002187,c1cc(cc(c1)F)OCCNC(=O)[C@@H]2CN(CC23CC[NH2+]CC3)C(=O)c4c(ccc(c4F)Cl)F
dude_rock1__L002188,CC[C@H](C)n1c(cc(c(c1=O)C[NH3+])C)c2ccc(cc2C)C
dude_rock1__L002189,CC[NH2+]Cc1cnc(s1)N(C)c2ccc(cc2C)C
dude_rock1__L002190,c1ccc(cc1)Cn2c(=O)c(c([nH]c2=O)[O-])[C@H]3c4c(c5ccccc5[nH]4)CC[NH2+]3
dude_rock1__L002191,C[C@@H](C(=O)NC(=O)NC(C)(C)C)S[C@H]1NN=C(N1C2CC2)C3=c4ccccc4=[NH+]C3
dude_rock1__L002192,Cc1c([nH+]nc(c1/C(=N/O)/N)N(C)Cc2cc(sc2)Br)C
dude_rock1__L002193,CC(C)[NH+](CC/C(=N/O)/N)Cc1cc(ccc1Br)F
dude_rock1__L002194,C[NH2+][C@H]1CCCCCCCCCC[C@@H]1OC[C@@H]2CCOC2
dude_rock1__L002195,CCOc1cc(cc(c1O)Br)[C@H]2Nc3c(c4c(s3)C[NH+](CC4)C)C(=O)N2
dude_rock1__L002196,CC[C@@H]([C@H](c1ccc(s1)Cl)Oc2ccc3c(c2)OCO3)[NH3+]
dude_rock1__L002197,CCOC(=O)c1c(c(c2n1CCCC2)C#N)N
dude_rock1__L002198,c1cc(c(cc1C#N)[N+](=O)[O-])N[C@@H]2CCCC[C@H]2O
dude_rock1__L002199,c1ccc(cc1)n2c(cc(n2)NC3=[NH+]CCCCC3)[O-]
dude_rock1__L002200,CCCOCCNC(=O)[C@H]1CN(CC12CC[NH2+]CC2)C(=O)c3ccc(o3)c4ccccc4F
dude_rock1__L002201,C=CCN1[C@@H](Nc2cc(ccc2C1=O)Cl)SCc3[nH]c(=O)c4ccc(cc4n3)C(=O)[O-]
dude_rock1__L002202,C[C@@H]1C[C@H]([C@@H](C[NH+]1C)C)[NH2+][C@@H](c2ccccc2)C(C)(C)C
dude_rock1__L002203,C[C@H]1C(=C(NN1C)C)C[NH+](C)Cc2cccc(c2)c3[nH]ccn3
dude_rock1__L002204,c1ccc(cc1)c2nnn(n2)[C@H](C[NH3+])c3cccc(c3)Br
dude_rock1__L002205,Cc1c(c(n(n1)C(C)C)C)/C=N/Nc2[nH]nc(n2)SCCC(=O)Nc3c(c4c(s3)CCCC4)C#N
dude_rock1__L002206,CCOc1ccc(cc1)n2c(c(nn2)C[NH3+])c3cccs3
dude_rock1__L002207,Cc1ccc(c(c1)S(=O)(=O)N[C@@H]2CCCCC[C@@H]2[NH3+])F
dude_rock1__L002208,c1ccc2=[NH+]CC(=c2c1)/C=N/NC(=O)C(=O)Nc3ccccc3C(=O)Nc4ccc(cc4)Br
dude_rock1__L002209,CSCC[C@@H](C(=O)N1CCN(CC1)c2nccs2)[NH3+]
dude_rock1__L002210,c1ccc2c(c1)CC[C@H](N2)C(=O)NCCS(=O)(=O)N
dude_rock1__L002211,COc1cc(cc(c1O)Br)[C@@H]2C(=C(C(=O)N2CCCO)[O-])C(=O)c3ccc(cc3)Cl
dude_rock1__L002212,Cc1ccc(cc1)[C@H](CNC(=O)NCCCn2cc[nH+]c2)[NH+](C)C
dude_rock1__L002213,C[C@@H](CNS(=O)(=O)c1cc(cc(c1Br)N)Cl)[NH+](C)C
dude_rock1__L002214,CCn3c(c1nonc1N)nc4cnc(Oc2cccc(NC(C)=O)c2)cc34
dude_rock1__L002215,Cc1ccccc1n2c(nnn2)C3(C4CC5CC(C4)CC3C5)[NH3+]
dude_rock1__L002216,CC(C)(C)[NH2+]C[C@@H](COc1cccc2c1C[C@@H]([C@@H](C2)O)O)O
dude_rock1__L002217,CCCn1c(c(c(=O)n(c1=O)CCC)[C@H]2c3c(c4ccccc4[nH]3)CC[NH2+]2)O
dude_rock1__L002218,CC[NH+](C)[C@@H]1c2ccccc2C3([C@H]1O)CCN(CC3)C(=O)c4ccc[n+](c4)[O-]
dude_rock1__L002219,Cc1cnn(c1N)Cc2ccc3c(c2)OCO3
dude_rock1__L002220,C[C@@H]1CN(C[C@@H](O1)C)c2cc(nc(n2)N)Cl
dude_rock1__L002221,C[C@@H](c1ccc(cc1)S(=O)(=O)N)[NH2+]C2CCCCCC2
dude_rock1__L002222,c1cc(ncc1c2ccc(o2)c3ccc(nc3)C(=[NH2+])NO)/C(=N/O)/N
dude_rock1__L002223,CCc1ccc2c(c1)OC3(CC[NH2+]CC3)C[C@@H]2[NH+](CC)CC
dude_rock1__L002224,c1ccc(cc1)N2[C@@H](NC(=O)C(=C2[S-])C#N)c3ccc(o3)c4c(cccc4Cl)Cl
dude_rock1__L002225,C[C@@H]1CCCC[C@@H]1NC(=O)NC(=O)C[NH+]2CCCN(CC2)C(=O)C(C)(C)C
dude_rock1__L002226,Cc1ccc(cc1[N+](=O)[O-])S(=O)(=O)Nc2cc(c(c3c2cccc3)O)S[C@@H](C)C(=O)[O-]
dude_rock1__L002227,Cc1ccc(o1)C(=O)c2cc3c(cc2N)OCCO3
dude_rock1__L002228,c1ccc2c(c1)c(=O)n(c(n2)c3ccc(cc3)Br)/N=C/c4ccc(c(c4)O)O
dude_rock1__L002229,Cc1cc(c2c(c1)OC(=O)[C@H]([C@@H]2C)CC(=O)N[C@@H](C)Cc3c[nH]c4c3cccc4)O
dude_rock1__L002230,Cc1ccc(c(c1)[N-]S(=O)(=O)c2ccc(c(c2)C(=O)NCc3cccs3)Cl)Br
dude_rock1__L002231,CC[C@H]1COCCN1c2c(c(cc(n2)C)C)C(=[NH2+])N
dude_rock1__L002232,C[NH+]1CCC(CC1)(O)OC(=O)[C@@H](c2ccccc2)C3(CCCC3)O
dude_rock1__L002233,Cc1c(c(n[nH]1)C)[C@@H](C)NC(=O)[C@@H]2CN(CC23CC[NH2+]CC3)C(=O)C4CCC4
dude_rock1__L002234,CC(C)CCN3CCCC(Nc1cccc2cnccc12)C3
dude_rock1__L002235,c1cc(oc1/C=N/Nc2[nH]c(=O)cnn2)Br
dude_rock1__L002236,COc1ccccc1NS(=O)(=O)c2ccc(c(c2)[N-]S(=O)(=O)c3cc(ccc3F)F)O
dude_rock1__L002237,Cc1ccc(cc1F)C[NH2+]C(C)(C)c2ccc3c(c2)OCO3
dude_rock1__L002238,CC[NH2+][C@@H](c1ccc(c(c1)C)OC)c2ccc(cc2F)Br
dude_rock1__L002239,C[C@@H]1c2c(sc([nH+]2)NC)C[C@]3([C@H]1[C@H]([C@H](CC3)[C@H](C)C(=O)NCCN4CCOCC4)O)C
dude_rock1__L002240,C[NH+](Cc1ccc(cc1F)C#CC[NH3+])C2CCCCCC2
dude_rock1__L002241,Cc1c(cccc1O)C(=O)N2[C@](CC(=N2)C)(C(F)(F)F)O
dude_rock1__L002242,C[C@@H](C(=O)NC(=O)NC(C)C)S[C@H]1NN=C(N1C2CC2)C3=c4ccccc4=[NH+]C3
dude_rock1__L002243,C[C@@H]1Cc2cc(ccc2N1C(=O)COc3cccc(c3Cl)Cl)S(=O)(=O)N
dude_rock1__L002244,Cc1cccc2n1cc([nH+]2)CNC(=O)[C@H]3CN(CC34CC[NH2+]CC4)C(=O)C(C)C
dude_rock1__L002245,c1ccc(c(c1)/C=N\Nc2nc(cs2)c3ccc(cc3)F)O
dude_rock1__L002246,CCc1ccc(cc1)[C@@](C)(c2ccc3c(c2)OCCO3)[NH3+]
dude_rock1__L002247,C[C@@H]1C[NH2+]C[C@H](O1)c2cccc(c2)c3ccc(cc3)OC(C)C
dude_rock1__L002248,COCCNC(=O)[C@H]1CN(CC12CC[NH2+]CC2)C(=O)C3CCOCC3
dude_rock1__L002249,COc1cc(cc(c1O)Br)[C@H]2C(=C(C(=O)N2)[O-])C(=O)c3ccc4c(c3)OCCO4
dude_rock1__L002250,COc1cc2ccc(=O)oc2c(c1O)O
dude_rock1__L002251,Cc1cccc(c1C)O[C@@H](C)C(=O)NNC(=O)NC[C@@H](c2ccco2)[NH+](C)C
dude_rock1__L002252,Cc1cccc(c1C)NC(=O)c2cc3cccc(c3oc2=[NH2+])OC
dude_rock1__L002253,CC[NH2+][C@H]1CCCC[C@H]1C[NH+]2CC[C@@H]3CCCC[C@@H]3C2
dude_rock1__L002254,c1cc(ccc1[C@@H](C(=O)N)Sc2nc3cc(ccc3c(=O)n2C[C@H]4CCCO4)C(=O)[O-])F
dude_rock1__L002255,C[NH2+][C@H]1[C@@H](O[C@@H]([C@@H]1O)n2cnc3c2ncnc3N(C)C)CO
dude_rock1__L002256,C[C@@H]1CCCC[NH+]1CCNC(=O)N[C@@H](C)c2ccc(cc2)S(=O)(=O)NC
dude_rock1__L002257,c1cc(ccc1[C@H](C[NH3+])c2c(cc(cn2)C(F)(F)F)Cl)[N+](=O)[O-]
dude_rock1__L002258,CCCN1C(=NNN1)CN2C(=O)[C@H](NC2=O)CC3=c4ccccc4=[NH+]C3
dude_rock1__L002259,CC[C@@H](c1nnnn1Cc2ccco2)[NH+](Cc3ccc4c(c3)OCO4)Cc5cc6c(ccc(c6[nH]c5=O)C)C
dude_rock1__L002260,CC[C@@H]([C@H](c1ccccc1Br)N2CCNC(=O)C2)[NH3+]
dude_rock1__L002261,C[C@@H]1CCCC[C@H]1NC(=O)NC(=O)C[N+](C)(C)C2CCCC2
dude_rock1__L002262,C[C@@H](C(=O)NNC(=O)NCc1ccccc1C[NH+](C)C)Oc2ccc(cc2)F
dude_rock1__L002263,Cc1ccc(c(c1)c2cc(nn2c3ccccc3C)C(=O)NN)C
dude_rock1__L002264,CC1CCC2(CC1)C(=O)N(C(=O)N2)NC(=O)C[NH+](CC(=O)N)C(C)C
dude_rock1__L002265,c1cc(cnc1)[C@@H]2N[C@H](N(N2)C(=O)c3cccs3)[NH2+]CC4=CC5=CC=N[C@@H]5C=C4
dude_rock1__L002266,CN(Cc1ccc(cc1)C#CC[NH3+])C(=O)c2c[nH]c(=O)[nH]2
dude_rock1__L002267,Cc1ccc(cc1C)N2C3=NC(=O)[C@](C3=C(NC2=O)[O-])(C(F)(F)F)NC(=O)c4ccccc4OC
dude_rock1__L002268,c1ccc(cc1)S(=O)(=O)n2c3c(c4c(c2=O)cc(cn4)c5ccccc5O)N[C@H](CC3=O)F
dude_rock1__L002269,Cc1ccc(cc1Cl)c2ccc(o2)[C@H]3Nc4c(c5c(s4)C[NH+](CC5)C(C)C)C(=N3)O
dude_rock1__L002270,c1cc[nH+]c(c1)N[C@H](c2ccc(cc2)Cl)c3c4c(sc3NC(=O)c5ccco5)CCCC4
dude_rock1__L002271,CC(C)C1=NN=C2[C@@H]1[C@@H](C(=C(O2)N)C#N)[C@@H]3CCCC=C3
dude_rock1__L002272,CCC1(CC[NH+](CC1)C2(CCCCC2)C[NH3+])CC
dude_rock1__L002273,Cc1ccc(cc1)[C@H](CN2c3ccccc3N4C2=[NH+]CCC4)O
dude_rock1__L002274,C[C@H](c1nnc(n1c2ccc(cc2)F)S[C@H](C)C(=O)NC(=O)N)[NH+](C)C
dude_rock1__L002275,c1cc(oc1)C[NH+](Cc2cccs2)CC(=O)c3c(n(c(=O)[nH]c3=O)C4CC4)N
dude_rock1__L002276,c1cc(ccc1NC(=O)C[C@@H]2C(=O)NCC[NH2+]2)OC[C@@H]3CCCO3
dude_rock1__L002277,Cc1cccc(c1C)n2cccc2/C=C/3\C(=O)NC(=O)N3
dude_rock1__L002278,COc1ccc2c(c1)c(c[nH]2)CCNC(=O)[C@H]3CN(CC34CC[NH2+]CC4)C(=O)[C@H]5CSc6c5cccc6
dude_rock1__L002279,Cc1c2ccccc2c3nnc(n3n1)c4ccc(cc4)N
dude_rock1__L002280,c1cc(c(cc1Cl)[N+](=O)[O-])S(=O)(=O)N[C@@H]2CCCC[C@@H]2[NH3+]
dude_rock1__L002281,CCNC(=O)C[NH+]1CCCN(CC1)C(=O)/C=C/c2ccc(cc2)OCc3csc(n3)C
dude_rock1__L002282,CC(C)(C)n1c(nnn1)c2ccc(c(c2)N)Br
dude_rock1__L002283,CC(C)c1ccccc1OCC(=O)N/N=C(/C)\c2ccc(cc2)N
dude_rock1__L002284,Cc1c(c(n(n1)CC(=O)N[C@]2(CCC[C@@H](C2)C)CO)C)N
dude_rock1__L002285,Cc1cc(ccc1NC(=S)NC(=O)c2cc(ccc2N3CCOCC3)[N+](=O)[O-])c4nc5c(o4)cccn5
dude_rock1__L002286,C[C@H]1NN=C(S1)NC(=O)CCCC2=c3ccccc3=[NH+]C2
dude_rock1__L002287,c1ccc(cc1)[C@H]2CC(=O)c3c(cc(c(c3O)Cc4cccc(c4O)O)O)O2
dude_rock1__L002288,Cc1cc(sc1C(=O)N2CCCCCC2)S(=O)(=O)N
dude_rock1__L002289,C[C@@H]1CN([C@@H](CO1)C)c2ccc(c(n2)C[NH2+]C(C)(C)C)Cl
dude_rock1__L002290,C[C@H]1CCc2c(sc3c2c(nc(n3)SCC(=O)N[C@](C)(C#N)C(C)C)N)C1
dude_rock1__L002291,C1CC[C@@H]2[C@@H](C1)CCC[NH+]2CC[NH2+]C(C3CC3)C4CC4
dude_rock1__L002292,C[NH+](C)[C@H](CNC(=O)NNC(=O)c1ccc2ccccc2n1)c3ccsc3
dude_rock1__L002293,CCCCNC(=O)NC(=O)C[NH+](C)CC(=O)Nc1c(cc(cc1C)C)C
dude_rock1__L002294,C[C@@H]1CC[C@@H]([C@@H](C1)[NH2+][C@@H](CC(C)C)C(=O)NC)C(C)C
dude_rock1__L002295,C[NH+]1CCN(CC1)[C@H](CNC(=O)c2c(cccc2OC)OC)c3ccc(cc3)N(C)C
dude_rock1__L002296,c1cc(c(cc1Cl)/C=N/NC(=[NH2+])N/N=C/c2cc(ccc2O)Cl)O
dude_rock1__L002297,c1ccc2=[NH+]C(=O)[C@@H]([NH+]=c2c1)CSc3nnc(s3)N
dude_rock1__L002298,Cn1cncc1C(=O)N2C[C@@H](C3(C2)CC[NH2+]CC3)C(=O)NCCc4c[nH]c5c4cccc5
dude_rock1__L002299,Cn1c2cc(c(cc2n(c1=O)C)Br)[C@H](c3c[nH]nc3)[NH3+]
dude_rock1__L002300,C[NH+]1CCC(CC1)N(C)C(=O)[C@H]2CCCN(C2)C(=O)NC3CC3
dude_rock1__L002301,c1ccc(cc1)[C@@H]2[NH+]=c3c4ccccc4c5c(c3=[NH+]2)O[C@@H](O5)c6ccc(cc6)O
dude_rock1__L002302,CC[NH+]1CCN(CC1)c2ccc(c(c2)C)NC(=O)NCC(=O)NC(C)(C)C
dude_rock1__L002303,CC(C)[C@@H](C(=O)NC(=O)N)OC(=O)/C=C/c1ccc(c(c1)[N+](=O)[O-])Cl
dude_rock1__L002304,C=C(c1ccccc1O)NN2[C@@H](Nc3ccccc3C2=O)c4cccs4
dude_rock1__L002305,C[C@@H]1CCCC[C@H]1[NH2+]CC2(CCCCC2)[NH+](C)C
dude_rock1__L002306,Cc1cc(c(o1)C)[C@H](C)Nc2ccc(cc2[N+](=O)[O-])O
dude_rock1__L002307,Cc1cc(c(cc1Cl)C2=C3[C@H](N(C(=O)[C@H]3N=N2)Cc4ccco4)c5ccc(c(c5)OC)O)O
dude_rock1__L002308,C[C@@H](C(=O)N(C)C)[NH2+]Cc1cc2c(cc1Br)OCO2
dude_rock1__L002309,CC[C@@H](C1CCCCC1)[NH2+][C@@H](C)C2CC[NH+](CC2)C
dude_rock1__L002310,COC(=O)N1CCC(CC1)NC(=O)NCCn2cc[nH+]c2
dude_rock1__L002311,C[C@H]1C[C@@H](C[NH+](C1)C(C)(C)CNC(=O)NNC(=O)OC(C)(C)C)C
dude_rock1__L002312,CC(=O)[NH+]=c1ccc-2c(cc(oc2c1)O)COc3ccc(cc3Cl)Br
dude_rock1__L002313,C[C@H](c1ccc(cc1)S(=O)(=O)NC)NC(=O)NCC2(CCCC2)[NH+](C)C
dude_rock1__L002314,Cc1[nH+]ccn1C[C@@H]2CC[C@@H]3[C@@H](C2=O)c4cc(ccc4N3C)O
dude_rock1__L002315,CC(=O)N1CCc2c1ccc(c2)CNC(=O)[C@H]3C=c4ccccc4=[NH+]3
dude_rock1__L002316,CCNC(=O)NC(=O)[C@H](C)Sc1nc(c2c3c(sc2n1)C[C@H](CC3)C)N
dude_rock1__L002317,Cc1c(cccc1S(=O)(=O)N)[N-]S(=O)(=O)c2ccc(s2)Br
dude_rock1__L002318,CC[C@H](c1cc(ccc1O)Br)[NH2+]Cc2nncn2C
dude_rock1__L002319,CCCN(Cc1ccc(c(c1)Cl)Cl)C2C[C@H]3CC[C@@H](C2)[NH2+]3
dude_rock1__L002320,Cc1cc(nc(n1)NC2=[NH+]N[C@@H](N2)[C@H]3C=C(N=N3)c4ccccc4)C
dude_rock1__L002321,COc1ccc2c(c1)cc(/c(=N/c3ccc(cc3)C(=O)N)/o2)C(=O)N
dude_rock1__L002322,Cc1c(sc(n1)n2c(c(nn2)C(=O)OC)N)C
dude_rock1__L002323,Cc1cc(nc(c1C[NH3+])Oc2ccccc2C(F)(F)F)C
dude_rock1__L002324,Cc1cc(cc(c1Oc2c(cc(cn2)C[NH2+]C)Cl)C)Cl
dude_rock1__L002325,CC[C@]1([C@H]2[C@@H]([C@@H]([NH2+]1)c3ccc(cc3)O)C(=O)N(C2=O)C)C(=O)OC
dude_rock1__L002326,C[NH2+][C@@H](c1ccc2c(c1)OCO2)c3cc(sc3Cl)Cl
dude_rock1__L002327,Cc1c2cc(cnc2n(n1)C)C(=O)NNC(=O)c3ccoc3C
dude_rock1__L002328,Cc1ccc(cc1)[NH2+]/N=c/2\c(nc3ccccc3[nH]c2=O)C
dude_rock1__L002329,CN(CC(=O)NC[C@@H](c1ccco1)[NH+]2CCCCC2)S(=O)(=O)c3ccc(cc3)F
dude_rock1__L002330,COc1ccccc1[C@@H](CNC(=O)CC[C@@H]2C(=O)NC(=O)N2)[NH+]3CCCC3
dude_rock1__L002331,COCc1nnc(s1)NC(=O)C2(CCCCC2)N3CN[NH2+]N3
dude_rock1__L002332,C[C@@H](C(=O)NC(=O)N)[NH2+][C@@H]1CCCc2c1ccs2
dude_rock1__L002333,CCC1(CC[NH+](CC1)[C@H]2CC3(CC[C@H]2O)OCCO3)CC
dude_rock1__L002334,C[C@H](c1ccc(cc1)S(=O)(=O)N)[NH+](C)CCC(=O)NC(=O)NC
dude_rock1__L002335,COCC(=O)N1CCN(CC1)C(=O)[C@@H]2C[C@H](C[NH2+]2)OC
dude_rock1__L002336,CC[C@@H](C(=O)NCc1ccccc1n2cc[nH+]c2C)N(c3ccc(c(c3)C)C)S(=O)(=O)C
dude_rock1__L002337,C[C@H](c1ccccc1Br)[NH2+][C@@H](C)c2nncn2C
dude_rock1__L002338,C[NH+]1CCN(CC1)[C@@H]2N=C3C(=NC=NC3=O)N2[C@H]4[C@@H]([C@@H]([C@@H](O4)CO)O)O
dude_rock1__L002339,CC[C@@H](C)NC(=O)C[NH+]1CCC2(CC1)C(=O)N(C(=O)N2)CCO
dude_rock1__L002340,COc1ccccc1c2cc(nn2c3ccc(cc3)Cl)C[NH3+]
dude_rock1__L002341,Cc1ccccc1C(=O)NNC(=O)NC[C@@H](c2ccco2)[NH+]3CCCCC3
dude_rock1__L002342,c1ccc(cc1)C2=C[C@@H](N=N2)[C@H]3NN[C@@H]4N3N=C(CS4)c5ccccc5Br
dude_rock1__L002343,CC(=C)CNC(=O)[C@@H]1CN(CC12CC[NH2+]CC2)C(=O)c3cccc(c3)N(C)C
dude_rock1__L002344,Cn1c(cnc1[C@H]2CC(=NN2)c3cc(ccc3O)Cl)Cl
dude_rock1__L002345,Cc1cccc2c1[nH]cc2CCNC(=O)[C@@H]3CN(CC34CC[NH2+]CC4)C(=O)C(C)C
dude_rock1__L002346,Cn1c(=O)cc([nH]c1=O)Nc2ccc(cc2)Br
dude_rock1__L002347,CC(C)N(C)S(=O)(=O)c1ccc2c(c1)CCC(=O)N2
dude_rock1__L002348,C[C@H](C(=O)c1c(n(c(=O)n(c1=O)C)C)N)OC(=O)c2cccs2
dude_rock1__L002349,[H]/N=C/1\C(C2=CC[NH+](C[C@@H]2[C@@H](C1(C#N)C#N)c3ccc(c(c3)OC)OCC(=O)N)C)C#N
dude_rock1__L002350,c1cc(c(cc1C(=O)N)[N+](=O)[O-])Nc2ccc([nH+]c2)N3CCc4c(ccs4)C3
dude_rock1__L002351,CC[NH+](CC)[C@@H](C)CNC(=O)NCc1ccc(cc1)N2CCNC(=O)C2
dude_rock1__L002352,c1ccc(c(c1)C(=O)N)NC(=O)c2ccn(n2)c3ccc(cc3)[N+](=O)[O-]
dude_rock1__L002353,C[C@H](C(=O)NC(=O)NCC=C)[NH+]1CCC(CC1)CC[NH+](C)C
dude_rock1__L002354,CCN1CCN(C(=O)C1=O)[C@@H](c2ccc(cc2)Cl)[C@@H](C)[NH3+]
dude_rock1__L002355,CN1/C(=N\S(=O)(=O)C)/C(=N\Nc2cccc(c2)Cl)/C(=[NH2+])N1
dude_rock1__L002356,Cc1ccc(cc1NC(=O)NC[C@H](c2ccco2)[NH+](C)C)C(=O)NC
dude_rock1__L002357,C[C@H](CNc1c2c3c(sc2nc(n1)C[NH+]4CCCCC4)CCC3)O
dude_rock1__L002358,CCOCC(=O)NNC(=O)NC[C@@]1(CCC[C@@H](C1)C)[NH+](C)C
dude_rock1__L002359,Cc1ccc(c2c1cc(c(=O)[nH]2)[C@H](c3nnnn3CCOC)[NH+](Cc4ccc(cc4)OC)Cc5ccco5)C
dude_rock1__L002360,C[C@H](C(=O)N1CCC[C@H]1c2ccc3c(c2)OCCO3)N4CCO[C@H](C4)C(=O)N
dude_rock1__L002361,c1cc(ccc1NC(=O)CCSc2[nH]c(nn2)NN=C3CCCCCC3)S(=O)(=O)N4CCOCC4
dude_rock1__L002362,CC1CC[NH+](CC1)C[C@@H](CN2CCC[C@@H](C2)NC(=O)OC(C)(C)C)O
dude_rock1__L002363,Cc1ccccc1OCC2=NN3C(=[NH2+])/C(=C\c4ccc(o4)c5ccc(cc5[N+](=O)[O-])OC)/C(=O)N=C3S2
dude_rock1__L002364,c1ccc2c(c1)C[C@H]([NH+](C2)CC(=O)Nc3ccccc3N4CCCC4)C(=O)N
dude_rock1__L002365,c1cc(ncc1Cl)Nc2c(c(ncn2)NCCCn3cc[nH+]c3)N
dude_rock1__L002366,Cc1c(c(n[nH]1)C)[C@@H](C)NC(=O)[C@H]2CN(CC23CC[NH2+]CC3)C(=O)C4(CCCCC4)C
dude_rock1__L002367,CC[C@H](c1nnnn1C[C@H]2CCCO2)[NH+](Cc3cc4cc5c(cc4[nH]c3=O)OCO5)C6CCCCC6
dude_rock1__L002368,Cc1c(nnn1c2cccc3c2cccc3O)CO
dude_rock1__L002369,Cc1ccc(cc1C(=O)NC[C@@H](C)[NH+]2CCCC[C@@H]2C)S(=O)(=O)N
dude_rock1__L002370,CC(C)(C)/[NH+]=C(\N)/SCC(=O)N(C)C1(CCCCC1)C#N
dude_rock1__L002371,C[C@@H]1CCCC[C@H]1N(C)S(=O)(=O)c2ccc(cc2N)Cl
dude_rock1__L002372,CCCNC(=O)C1CCN(CC1)C(=O)NC[C@@H]([C@H]2CC=CS2)C3=c4ccccc4=[NH+]C3
dude_rock1__L002373,CC1=Nc2nnnn2[C@@H]([C@H]1C(=O)N)c3cc(ccc3OCc4ccccc4)Br
dude_rock1__L002374,Nc1nonc1c3nc2ccccc2n3C4CCCC4
dude_rock1__L002375,CCN1CNN[C@@H]1C2CCN(CC2)C(=O)CCC3=c4ccccc4=[NH+]C3
dude_rock1__L002376,CCc1nn2c(=O)cc(nc2s1)C[NH+]3CC[C@H](C3)[NH3+]
dude_rock1__L002377,CC(C)CC[NH2+]Cc1[nH]c(=O)c2c3c(sc2n1)CCCCC3
dude_rock1__L002378,c1ccc(cc1)n2c(nnn2)S[C@@H]3CCCCC[C@@H]3C[NH3+]
dude_rock1__L002379,c1cc(ccc1Cc2nc3c(c(n2)NN)CCCC3)Br
dude_rock1__L002380,COc1ccc2=[NH+][C@H]([NH+]=c2c1)C3=C[C@@H]4CN(CCN4N3)c5ncc(c(n5)N)C#N
dude_rock1__L002381,C[C@@H](Cc1cccc(c1OCc2ncon2)Br)[NH3+]
dude_rock1__L002382,CC[NH2+]Cc1c(nc2n1cccc2)[NH+]3CCCCCCC3
dude_rock1__L002383,CC(=O)N1C[C@H](C2(C1)CC[NH2+]CC2)C(=O)NCCNC(=O)OC(C)(C)C
dude_rock1__L002384,C[C@H](c1ccc(cc1OC)OC)[NH2+][C@H](C)C(=O)NC(=O)NCc2cccs2
dude_rock1__L002385,C[C@@H]1Cc2ccccc2N1C(=O)[C@@H](C)[NH+]3CCC(CC3)CNC(=O)C
dude_rock1__L002386,C1CCN([C@H](C1)C(=O)N2CCOCC2)C(=O)CCNC(=O)C3CCCC3
dude_rock1__L002387,C[C@H]1C[C@H](CC(C1)(C)C)[NH2+][C@@H](C)c2ccc(c(c2)Br)OC
dude_rock1__L002388,CCCN1C[C@@H](Oc2c1cc(cc2)c3csc(n3)N)CC
dude_rock1__L002389,Cc1c(c(n(n1)C)C)c2csc(n2)C3(CCCCC3)[NH3+]
dude_rock1__L002390,Cc1ccc(c2c1[nH+]ccc2)NCc3ccc(cc3F)Br
dude_rock1__L002391,CCCC(CCC)C(=O)NNc1cc(=O)c2c([nH]1)n(c(=O)n(c2=O)C)C
dude_rock1__L002392,Cc1cc(c(c(c1)C)NC(=O)C[NH+]2CCN(CC2)c3ccc(cc3)O)C
dude_rock1__L002393,CCOC(=O)[C@@H](Cc1cc(cc(c1O)Br)Cl)[NH3+]
dude_rock1__L002394,CC(C)(C)C(=O)Nc1nnc(s1)SCc2ccc(cc2)N
dude_rock1__L002395,Cc1ccc(cc1)C(=O)CCC(=O)NNC(=O)NCCCn2cc[nH+]c2
dude_rock1__L002396,c1ccc(c(c1)N)Nc2ccc3c(c2)CCc4c(cccn4)C3=O
dude_rock1__L002397,CC[NH2+][C@@H](C[NH+]1CC[C@@H]2CCCC[C@@H]2C1)C(C)(C)C
dude_rock1__L002398,c1ccc(cc1)C(=O)NC(=S)NNC(=O)c2ccccc2Br
dude_rock1__L002399,CC(C)N1C(=O)[C@@H]2CN(CCN2C1=O)C(=O)C3CC[NH2+]CC3
dude_rock1__L002400,c1ccc2=[NH+]CC(=c2c1)C[C@H](C(=O)NCCCO)N3[C@@H](Nc4ccccc4C3=O)O
dude_rock1__L002401,CC[NH+]1CCN(CC1)Cc2ccc(cc2)CNC(=O)CC[C@@H]3C(=O)NC(=O)N3
dude_rock1__L002402,CC[NH2+][C@H](c1cccc(c1)Br)c2ccc3c(c2)CC(=O)N3
dude_rock1__L002403,CCc1ccc(cc1)C(=O)N2C[C@H](C3(C2)CC[NH2+]CC3)C(=O)N[C@H]4C[NH+]5CCC4CC5
dude_rock1__L002404,CSc1ccc(cc1)CNC(=O)[C@H]2CN(CC23CC[NH2+]CC3)C(=O)c4ccc(o4)c5ccc(cc5)F
dude_rock1__L002405,CCOC(=O)N1CCC(CC1)NC(=O)C[NH+](C)CC(=O)N
dude_rock1__L002406,CNS(=O)(=O)c1ccc(c(c1)N)Oc2cccc(c2Cl)Cl
dude_rock1__L002407,CCN(CC)c1ccc(c(c1)O)/C=N/N2[C@@H](NN=C2[S-])[C@@H]3C4=C(CCC4)N=N3
dude_rock1__L002408,C1CCC(CC1)N2C(=O)/C(=C/N[C@@H]3CCCC[C@@H]3[NH3+])/C(=O)NC2=S
dude_rock1__L002409,c1cc(ccc1N2CCN(CC2)C(=O)[C@@H]3CCCO3)O
dude_rock1__L002410,C[C@@H](C(=O)N1CCC2(CC1)[C@H]3C(=NC=N3)CC[NH2+]2)NC(=O)c4ccco4
dude_rock1__L002411,COC1=C[C@H]2C[NH+]3[C@@H](C[C@@H]2C=C1F)CO[P@@](=O)(N3)c4ccccc4O
dude_rock1__L002412,CCn3c(c1nonc1N)nc4cncc(OCC2CCNCC2)c34
dude_rock1__L002413,C1CCC(CC1)(C(=O)N[C@@H]2CCS(=O)(=O)C2)[NH3+]
dude_rock1__L002414,c1cc(c(cc1[N+](=O)[O-])Cl)C(=O)NNC(=O)NCCCn2cc[nH+]c2
dude_rock1__L002415,CC[NH+](Cc1[nH]c(=O)c2c3c(sc2n1)C[C@@H](CC3)C)C[C@@H](C)O
dude_rock1__L002416,c1c(cc(c(c1[C@@H]2[C@H]3[C@@H](C(=NC3=O)[O-])[C@@]([NH2+]2)(CC4CCCCC4)C(=O)[O-])Cl)Cl)Cl
dude_rock1__L002417,CCOC1=C[C@@H]2C[C@@H]3CO[P@@](=O)(NN3C[C@@H]2C=C1S(=O)(=O)C(C)C)c4ccccc4O
dude_rock1__L002418,CCN(c1ccccc1)C(=O)c2c(c\3c(o2)CCC/C3=N\NC(=[NH2+])N)C
dude_rock1__L002419,CCC1CCC(CC1)N(C)c2ncc(s2)C[NH2+]C(C)(C)C
dude_rock1__L002420,c1cc(ccc1c2csc(n2)C3(CCCCC3)[NH3+])[N+](=O)[O-]
dude_rock1__L002421,CCCCNC(=O)NC(=O)[C@H](C)[NH+](C)CC(=O)Nc1cccc(c1)C#C
dude_rock1__L002422,CC(C)(CNS(=O)(=O)c1cc(c(cc1Cl)F)N)C[NH+](C)C
dude_rock1__L002423,c1cc(c(cc1OC[C@H](C[NH2+]C2(CCCC2)CO)O)Cl)Cl
dude_rock1__L002424,CCC(C)(C)[C@H]1CC[C@@H]([C@@H](C1)[NH+]2Cc3ccccc3C2)[NH3+]
dude_rock1__L002425,C[NH+](C)[C@@H](CNC(=O)CN1C(=O)[C@@]2(CCc3c2cccc3)NC1=O)c4ccsc4
dude_rock1__L002426,CC[C@H](C)[NH+]1CCN(CC1)c2ccc(c(c2)C(=O)OC)N
dude_rock1__L002427,Cc1cc(cc(c1)N2[C@@H](N=C([C@@H](C2=O)[C@@H]3[C@@H]4C(=c5cc(ccc5=[NH+]4)OC)CCN3)O)O)C
dude_rock1__L002428,CCCC[NH+]1CCN(CC1)C(=O)Nc2c(c(c(s2)C)CC)C(=O)N
dude_rock1__L002429,C[C@@H]1C[C@@H](CN(C1)S(=O)(=O)N2CCC[C@@H](C2)NS(=O)(=O)C)C
dude_rock1__L002430,C[NH+](C)[C@H](CNC(=O)NNc1cccc(c1)C#N)c2ccccc2OC
dude_rock1__L002431,c1cc2c(cc1[C@@H](CC[NH3+])C3CCCCC3)OCCO2
dude_rock1__L002432,Cc1ccc(c(c1)NC(=O)CNC(=O)NC[C@@H](C(C)C)[NH+](C)C)OC
dude_rock1__L002433,Cc1ccc(c2c1[C@@H](C[C@H]2[NH2+][C@@H](C)c3ccccn3)C)O
dude_rock1__L002434,CCC(=O)N1[C@H](C/C(=C/2\C(=O)NC(=O)N(C2=O)c3cc(cc(c3)C)C)/N1)c4ccc(s4)C
dude_rock1__L002435,CCOC(=O)N1CCC(CC1)/N=C\2/[C@@H](C(=O)C2=O)NC3CCC(CC3)C
dude_rock1__L002436,Cc1cc(c(c(c1)Cl)NS(=O)(=O)NC2CCCC2)C
dude_rock1__L002437,Cn1cc[nH+]c1[C@@H](c2ccccc2OC)NC(=[NH2+])NC[C@H]3CCCO3
dude_rock1__L002438,CN(CC(=O)[O-])C(=O)c1cc(ccc1O)Sc2cnc(s2)Nc3cccc(n3)Br
dude_rock1__L002439,c1ccc(c(c1)Cn2cnc3c2ncnc3N)Br
dude_rock1__L002440,CCN(CCn1cccn1)C(=O)C[C@@H]2C(=O)NCC[NH+]2Cc3ccc(cc3Cl)F
dude_rock1__L002441,Cc1ccc(cc1)[C@H]2[C@@H](N=NN2c3c(non3)N)C(=O)N/N=C/C4=c5ccccc5=[NH+]C4
dude_rock1__L002442,c1ccc(c(c1)CNC(=O)[C@H]2CN(CC23CC[NH2+]CC3)C(=O)[C@H]4CCC=CC4)Sc5ccccc5CO
dude_rock1__L002443,CCc1ccc(cc1S(=O)(=O)N2CCOCC2)C(=O)NC[C@@]3(CCC[C@@H](C3)C)[NH+](C)C
dude_rock1__L002444,C[C@@H](C(=O)Nc1c(c2c(s1)CCC2)C(=O)N)[NH+](C)Cc3ccc(cc3)Br
dude_rock1__L002445,c1cc2c(cc1[C@H](CN3CCOCC3)Cl)oc(=O)[nH]2
dude_rock1__L002446,C[C@H]1C[C@@H]1c2ccc(o2)C[NH2+][C@@H](C)c3ccc(cc3)Br
dude_rock1__L002447,CC1(CC2=C([C@@H](C(=C(O2)N)C#N)c3cc4c(cc3Br)OCO4)C(=O)C1)C
dude_rock1__L002448,COCC(=O)N[C@H]1C[C@H]2C(=O)NC[C@H]([NH+]2C1)CCC(=O)NC3CC3
dude_rock1__L002449,C1CCC(CC1)CS(=O)(=O)N2CCCC[C@@H]2[C@@H]3CCC[NH2+]3
dude_rock1__L002450,c12c([nH]c(=O)[nH]1)nc(c(n2)Cl)Cl
dude_rock1__L002451,Cc1ccc(n[nH+]1)NCCNC(=O)[C@@H](Cc2c[nH]c3c2cccc3)NC(=O)C
dude_rock1__L002452,C[C@@H]1C(=O)N(C2([NH2+]1)CCN(CC2)C(=O)c3ccccc3F)CC=C
dude_rock1__L002453,CC[C@@H]([C@H](c1ccco1)Sc2nnc3n2cccc3)[NH3+]
dude_rock1__L002454,CC(C)C[NH+](CC/C(=N/O)/N)Cc1ccc(cc1Br)F
dude_rock1__L002455,c1cc(oc1)c2csc3c2c(=O)[nH]c(n3)c4ccc(cc4)O
dude_rock1__L002456,C[NH+](Cc1ccc(c(=O)[nH]1)C(=O)NCC2(CCCCC2)N3CCOCC3)C4CCCCC4
dude_rock1__L002457,CC(C)CCN3CCCC(Nc2ccc1[nH]ncc1c2)C3
dude_rock1__L002458,C[C@@H](c1cccc(c1)C#CCCO)N2C(=O)COCC2=O
dude_rock1__L002459,Cc1cc(on1)C(=O)Nc2c(c3c(s2)C([NH2+]C(C3)(C)C)(C)C)C(=O)OC
dude_rock1__L002460,CC1=C2[C@H](CC(=O)N[C@H]2N(N1)c3ccc(nn3)[O-])c4cc5ccccc5n(c4=O)C
dude_rock1__L002461,c1ccc2=[NH+]CC(=c2c1)CCNC(=O)CNC(=O)N3CC[C@H]4[C@@H](C3)N=C5[C@@H]4C=CC=C5
dude_rock1__L002462,Cc1[nH]c2c(n1)c(ncn2)Nc3ccc(cc3)N(C)C
dude_rock1__L002463,Cc1ccc2=[NH+][C@H]([NH+]=c2c1C)CN3CCC4=NN[C@@H]([C@@H]4C3)C(=O)NC
dude_rock1__L002464,CCCNC(=O)CC[NH2+]Cc1cccc(c1O)Br
dude_rock1__L002465,CCc1ccc(cc1)[C@@H](C)NC(=O)[C@@H]2CN(CC23CC[NH2+]CC3)C(=O)c4ccc(o4)c5ccccc5
dude_rock1__L002466,C1CN(C[C@@H]1CO)C(=O)C2CCN(CC2)C(=O)C3CC3
dude_rock1__L002467,c1ccc2c(c1)C3=C(C2=O)[C@@H]([C@H]4C(=NC(=O)NC4=O)N3)c5ccc(cc5)Br
dude_rock1__L002468,Cc1ccc2c(c1)c(c[nH]2)CCNC(=O)[C@H]3CN(CC34CC[NH2+]CC4)C(=O)c5cc(n(n5)C)C
dude_rock1__L002469,CC[C@@]1(CC[NH2+]C1)C(=O)Nc2ccc(cc2C(=O)[O-])Br
dude_rock1__L002470,CCOc1cccc(c1O)[C@H]2CC(=N[C@H]([NH2+]2)c3cc(ccc3OC)Br)c4ccc(cc4)C
dude_rock1__L002471,Cc1cccc2c1NC(=O)[C@H]2[NH2+][C@H]3CCCNC3=O
dude_rock1__L002472,Cc1cn2c(csc2n1)CC(=O)N3CCCC[C@H]3CO
dude_rock1__L002473,c1cc(c(nc1)Cl)Nc2c(c(ncn2)Oc3ccc(cc3)Br)N
dude_rock1__L002474,CC[C@H]1CO[C@H](C[NH+]1[C@@H]2C[C@@H](CC[C@@H]2NC)C(C)C)C
dude_rock1__L002475,CC(C)(C)c1c(sc(n1)N(C)c2ccccc2OC)C[NH3+]
dude_rock1__L002476,c1ccc(cc1)c2c(cn(n2)c3ccccc3)[C@@H]4CC(=NN4C(=O)C[NH2+]CCO)c5cccs5
dude_rock1__L002477,CC[NH+](CC)[C@H](CNC(=O)NNC(=O)c1ccoc1)c2ccco2
dude_rock1__L002478,Cn1c(nnn1)Sc2ccc(cc2N)Cl
dude_rock1__L002479,c1ccc(c(c1)/C=C\2/C(=O)N(C(=O)S2)CC[NH3+])OC(F)F
dude_rock1__L002480,c1ccc(cc1)[C@H]2C[C@@H](n3c(nc(n3)N)N2)c4ccc(cc4)Cl
dude_rock1__L002481,Cc1ccc2=[NH+]CC(=c2c1)CCNC(=O)CN3CN[C@@H]4C(=C(NO4)C)C3=O
dude_rock1__L002482,C[C@H](c1n[n-]nn1)[NH2+]C2CCCCCC2
dude_rock1__L002483,CC[C@H]([C@@H](c1ccccc1OC)OC2CCCCCC2)[NH3+]
dude_rock1__L002484,c1cc2=[NH+][C@@H](C=c2cc1F)C(=O)N3CCN4[C@@H](C3)C=C(N4)C(=O)NCCO
dude_rock1__L002485,CC1CCC(CC1)[NH+]2CCC(CC2)N(C)C(=O)c3ccc(cc3)CNC(=O)N
dude_rock1__L002486,Cc1cc(n(n1)c2ccccc2F)S(=O)(=O)N
dude_rock1__L002487,COc1cc(cc(c1OCC#Cc2ccccc2)Br)C[NH3+]
dude_rock1__L002488,C[C@@H](c1ccc(cc1)C(C)(C)C)[NH2+]Cc2csnn2
dude_rock1__L002489,O=C1N=CC=C2C1C=CC=C2S(=O)(=O)N3CCCNCC3
dude_rock1__L002490,COc1cc(c(cc1OC)Br)S(=O)(=O)N
dude_rock1__L002491,CNc1[n+](c(cs1)c2ccc(c(c2)C(=O)N)O)/N=C/c3ccccc3[N+](=O)[O-]
dude_rock1__L002492,COc1ccccc1/N=C/2\N[C@@H]([NH+]=C(N2)CSc3nnc(o3)c4ccncc4)N
dude_rock1__L002493,CCC(=C1C(=O)NC(=O)NC1=O)NCC[NH+]2CCCCC2
dude_rock1__L002494,c1cc(c(cc1Br)Cl)OCCn2cc(nn2)C[NH3+]
dude_rock1__L002495,C[NH2+][C@@H](c1cc2c(cc1Cl)OCCO2)C3CCCCC3
dude_rock1__L002496,c1cc(ccc1NC(=O)CSc2nc3cc(ccc3c(=O)n2CCO)C(=O)[O-])Br
dude_rock1__L002497,Cc1c(c(n(n1)C(C)C)C)/C=N/Nc2[nH]nc(n2)SCC(=O)Nc3c(c4c(s3)CCC4)C(=O)OC
dude_rock1__L002498,C[C@@H](C(=O)N[C@](C)(C#N)C(C)C)Sc1nc(c2c3c(sc2n1)CCCC3)N
dude_rock1__L002499,Cc1c(cco1)c2nnc(n2N)SCC(=O)Nc3ccc4c(c3)OC(O4)(F)F
dude_rock1__L002500,C[C@]1(CCS(=O)(=O)C1)n2c(c(cn2)C[NH3+])c3ccccc3
dude_rock1__L002501,c1ccc2=[NH+][C@@H]3CN(CCC3=c2c1)C(=O)NCC(=O)N4CCC(CC4)C(=O)N
dude_rock1__L002502,c1cc(cc(c1)Br)/C=C\2/C(=O)N(C(=S)S2)CCC(=O)Nc3ccc(c(c3)C(=O)[O-])O
dude_rock1__L002503,c1cc(c(cc1OCc2cc(cs2)C#CC[NH3+])F)[N+](=O)[O-]
dude_rock1__L002504,Cc1c(n2ccsc2n1)C[NH2+][C@H]3CCCC[C@H]3C(C)(C)C
dude_rock1__L002505,COc1cc(cc(c1OC)OC)/C=N/Nc2nnc(n2N)SCCC(=O)Nc3ccccc3[N+](=O)[O-]
dude_rock1__L002506,c1cc[nH+]c(c1)N2CCN(CC2)Cc3[nH]c4cc(cc(c4n3)Br)Br
dude_rock1__L002507,CN(CCC1=CN=NC1)[C@H]2C(=[NH+][C@@H]3[C@@H](N2)NON3)N4CCCCCC4
dude_rock1__L002508,C[C@H](c1ccccn1)NC(=O)NCCC2=c3ccccc3=[NH+]C2
dude_rock1__L002509,C[C@H]1CCC[C@@H]([C@@H]1C)NC(=O)[C@@H](C)N2CCN(CC2)C(=O)C[NH+](C)C
dude_rock1__L002510,c1cc[nH+]c(c1)N2CCN(CC2)Cc3ccc(cc3N)Cl
dude_rock1__L002511,C[C@@H](c1ccc(c(c1)OC)OC(C)C)[NH2+][C@@H](C)C(=O)NC(=O)NC2CCCC2
dude_rock1__L002512,Cc1ccc(cc1)NC(=O)Nc2cccc3c2CC[NH+](C3)CC(=O)NC(=O)OC
dude_rock1__L002513,C[C@H]1C(=c2ccccc2=[NH+]1)c3csc(n3)NC(=O)CC4=C(NO[C@@H]4C)C
dude_rock1__L002514,CCc1c(c(c([nH]1)C(=O)NCc2ccc([nH+]c2)N3CCCCCC3)C)C(=O)OC
dude_rock1__L002515,CC(C)(C)SCCNC(=O)[C@@H]1CN(CC12CC[NH2+]CC2)C(=O)c3ccc(o3)c4ccccc4
dude_rock1__L002516,C[C@H](C(=O)NC(C)(C)C)NC(=O)c1ccc(cc1O)Br
dude_rock1__L002517,C[C@]12C[C@H](CC(C1)(C)C)N(C2)c3cncc(n3)/C(=[NH+]\NC(=S)N4CCN(CC4)c5ccccc5)/N
dude_rock1__L002518,C1CCc2c(sc3c2c(=O)[nH]c(n3)C[NH+](C[C@H](CN4CCOCC4)O)C5CCCCC5)CC1
dude_rock1__L002519,C1C[NH+](CCC1C(=O)N2CCOCC2)[C@H]3CC(=O)NC3=O
dude_rock1__L002520,Cc1cccc\2c1NC(=O)/C2=N\NC(=O)[C@@H](C)n3cnc4c(c3=O)c5c(s4)C[C@H](CC5)C
dude_rock1__L002521,Cc1ccc(o1)[C@@H](C)NS(=O)(=O)c2ccc(cc2Br)N
dude_rock1__L002522,C[C@@H](CNC(=O)c1cc(nc(c1)Cl)NN)[NH+]2CCCCC2
dude_rock1__L002523,COc1ccccc1n2c(c(nn2)C[NH3+])Cc3ccccc3
dude_rock1__L002524,CCNc1c(c([nH+]n1C)C)Cn2ccn(c(=O)c2=O)C
dude_rock1__L002525,c1ccc2c(c1)C=C(CO2)C(=O)NNc3cccc(c3)Cl
dude_rock1__L002526,Cc1c([nH+]nc(c1CN)N(C)[C@H](C)c2ccc(cc2)Cl)C
dude_rock1__L002527,Cc1c(c(n[nH]1)C)S(=O)(=O)N2CCC(CC2)CN3CCOCC3
dude_rock1__L002528,CC[C@@H](C(=O)N)Oc1ccc(cc1C[NH2+]C(C)C)Br
dude_rock1__L002529,CCOC(=O)c1c(oc(c1C(=O)N)NC(=O)CSc2nnc3n2c4c(cc(cc4c(c3)C)C)C)C
dude_rock1__L002530,C[C@@]1(C[C@H]1C[NH2+]C(C)(C)C)CCc2ccc3c(c2)OCO3
dude_rock1__L002531,Cc1c(c(sn1)NC)C(=O)O[C@@H](C)C(=O)N2CCNC2=O
dude_rock1__L002532,c1cc[nH+]c(c1)NCCCNC(=O)NC[C@H]2CCS(=O)(=O)C2
dude_rock1__L002533,CC(C)(C)[NH2+]C[C@@H]1CC[NH+](C1)C2CCCCCC2
dude_rock1__L002534,C[C@@H]1c2ccsc2CC[NH+]1CC(C)(C)C[NH2+]C(C)(C)C
dude_rock1__L002535,c1cc(ccc1[C@H](C[NH3+])Sc2nnnn2C3CC3)Br
dude_rock1__L002536,Cc1ccc2c(c1)c(=O)c3c(o2)C(=O)N([C@@H]3c4ccc(cc4)OCC(=O)N)c5ccc(cn5)C
dude_rock1__L002537,CC1(CC(CC([NH2+]1)(C)C)NCc2cc(sc2)[N+](=O)[O-])C
dude_rock1__L002538,Cc1ccc(cc1)C23C[C@H]4C[C@@H](C2)CC(C4)(C3)C(=O)NCCS(=O)(=O)N
dude_rock1__L002539,CCC[C@H]1CC[C@H]([C@@H](C1)[NH+]2CCN(CC2)C(C)(C)C)C[NH3+]
dude_rock1__L002540,COc1cc(cc(c1O)Cl)/C=C/2\C(=O)NN(C2=O)c3ccc(cc3)Br
dude_rock1__L002541,Cc1ccc(c(c1)O)/N=C\2/NC(=O)/C(=C/c3ccccn3)/S2
dude_rock1__L002542,c1cc2c(cc1/C=C\3/C(=O)N(C(=S)S3)CCCC(=O)Nc4ccc(c(c4)C(=O)[O-])O)OCO2
dude_rock1__L002543,c1cc(=O)n(nc1)Cc2c(ccc(n2)N)Cl
dude_rock1__L002544,CNS(=O)(=O)c1ccc(s1)CNC(=O)NCCc2[nH+]ccn2C
dude_rock1__L002545,Cc1ccc(cc1NC(=O)N[C@H](C)c2ccc(s2)C)C(=O)NC
dude_rock1__L002546,c1cc(c(cc1[N+](=O)[O-])C(F)(F)F)NC[C@H]2CCCC[NH2+]2
dude_rock1__L002547,Nc1nonc1c3nc2ccccc2n3CC4CC4
dude_rock1__L002548,CC[NH+](CCC(=O)NN1C(=O)C2(CCCCC2)NC1=O)C3CCCCC3
dude_rock1__L002549,C[C@@H]1CCC[C@@H](N1C(=O)C[NH+]2CCN(CC2)CC(=O)NC(C)C)C
dude_rock1__L002550,CCCOc1ccc(cc1)[C@H]2c3c(=O)[nH]c(nc3NC4=C2C(=O)CC(C4)(C)C)N
dude_rock1__L002551,Cc1ccc(cc1)c2c(nnn2c3ccc(cc3)N)S(=O)(=O)c4ccc(cc4)Br
dude_rock1__L002552,c1ccc2c(c1)CC[C@@]23C(=O)N(C(=O)N3)CC(=O)c4c5ccccc5[nH]c4c6ccc(cc6)F
dude_rock1__L002553,CC(C)[C@@H](CNC(=O)NNC(=O)Cc1ccccc1OC)[NH+]2CCCCCC2
dude_rock1__L002554,Cc1c(c(=O)n([nH]1)c2ccccc2)C(c3ccc(c(c3)[N+](=O)[O-])O)c4c([nH]n(c4=O)c5ccccc5)C
dude_rock1__L002555,CCc1ccc(cc1)C(=O)N2C[C@@H](C3(C2)CC[NH2+]CC3)C(=O)NCCc4ccc(cc4C)C
dude_rock1__L002556,CC(C)Cc1ccc(cc1)c2c3c([nH]n2)OC(=C([C@H]3c4ccc(cc4)N(C)C)C#N)N
dude_rock1__L002557,c1ccc(c(c1)[C@@H](CN2C(=O)[C@H]3CCCN3C2=O)O)F
dude_rock1__L002558,Cc1cc(cc(c1)N(C)c2ccc(c3c2[nH+]ccc3)N)C
dude_rock1__L002559,COC(=O)c1ccc(cc1)[C@@H]([C@@H](C[NH2+]Cc2ccc3c(c2)OCO3)C(=O)[O-])[NH2+]Cc4ccc5c(c4)OCO5
dude_rock1__L002560,Cc1cc2c(o1)CC(C[C@@H]2NC(=O)Cn3cc(cn3)C)(C)C
dude_rock1__L002561,c1cc(sc1)[C@H](c2ccc3c(c2)CCCC3)NC(=O)NNC(=O)c4ccoc4
dude_rock1__L002562,Cc1ccc(c(c1)[C@@H](C)NC(=O)Nc2ccccc2C)OC
dude_rock1__L002563,C=CCNC(=S)NNc1nc([nH+]c(n1)N2CCCC2)N3CCCC3
dude_rock1__L002564,C[C@H]1CC[C@H]([C@@H](C1)C[NH+]2CCCCCCC2)[NH2+]C
dude_rock1__L002565,Cc1ccccc1n2c-3[nH+]c(nc3c([nH]2)C)c4ccccc4OCC(=O)N
dude_rock1__L002566,CCCn1c(c(c(=O)[nH]c1=O)C(=O)C[NH+](Cc2ccco2)Cc3cccs3)N
dude_rock1__L002567,CC[C@@H]1CCCC[C@@H]1Oc2c(c(cc(n2)C)C)C[NH3+]
dude_rock1__L002568,C[C@H](C(=O)Nc1c(c2c(s1)CCC2)C(=O)N)[NH+](C)Cc3ccccc3C(F)(F)F
dude_rock1__L002569,Cc1ccccc1Cc2nc(no2)C3(CCCCC3)[NH3+]
dude_rock1__L002570,c1cc(sc1)C(=O)c2ccc3c(c2)NC(=O)CC(=O)N3
dude_rock1__L002571,CC(C)(C)c1ccc(cc1)c2cnc([nH]2)[C@@H]3CCC[NH2+]3
dude_rock1__L002572,Cc1c(cn(n1)C)[C@H](C)[NH2+]Cc2cc(n[nH]2)c3ccccc3F
dude_rock1__L002573,CC[NH2+][C@H]1CCCCC[C@@H]1C[NH+]2CCCC[C@@H]2C
dude_rock1__L002574,C[C@@H](C(=O)N)OC(=O)[C@H](CC1=c2ccccc2=[NH+]C1)NC(=O)OCc3ccccc3
dude_rock1__L002575,CC1CCC(CC1)(c2nc(on2)c3c(cccc3F)F)[NH3+]
dude_rock1__L002576,Cc1ccc(c(c1)C)NC(=O)Nc2nncs2
dude_rock1__L002577,COC(=O)[C@H]1C[C@@H]2CCCC[C@@H]2[NH+]1CC(=O)Nc3c(ccs3)C(=O)N
dude_rock1__L002578,C[C@@H]1C[C@H](NC(=S)N1)CC(=O)N2CCC(CC2)(Cc3ccccc3)CO
dude_rock1__L002579,COc1ccc(cc1)C(=O)Nc2c(c3c(s2)CCCCC3)C(=O)N
dude_rock1__L002580,CCN1c2cc(ccc2OCC1=O)c3c(n4c(cccc4n3)C)C[NH3+]
dude_rock1__L002581,CCC[C@@H](C)NC(=O)COc1ccc(cc1Br)C[C@H](C)[NH3+]
dude_rock1__L002582,Cc1ccc(c(c1)F)NC(=O)[C@H](C)[NH+]2CCN(CC2)CC(=O)NC
dude_rock1__L002583,C1CC[NH+](C1)CCn2c(c(nn2)C[NH3+])[C@@H]3CCCO3
dude_rock1__L002584,Cc1c(c([nH]c1C(=O)[C@H](C)[NH2+]C[C@@H](c2c[nH]c3c2cccc3)[C@@H]4CC=CS4)C)C(=O)C
dude_rock1__L002585,CC1CCC(CC1)(/C(=N/O)/N)NS(=O)(=O)C(C)C
dude_rock1__L002586,CCOc1ccccc1C(=O)N2C[C@H](C3(C2)CC[NH2+]CC3)C(=O)NCCc4ccccc4OC
dude_rock1__L002587,C[C@H](C(=O)NC1CC([NH2+]C(C1)(C)C)(C)C)Oc2cccc(c2)C#N
dude_rock1__L002588,c1ccc(cc1)C(=O)N/C(=C/c2cccs2)/C(=O)Nc3ccc(cc3)O
dude_rock1__L002589,C[C@H](c1ccc(cc1)Cl)OC[C@@H](CNC2CC([NH2+]C(C2)(C)C)(C)C)O
dude_rock1__L002590,Cc1ccccc1NC(=O)Nc2ccc([nH+]c2)N3CCCN(CC3)C(=O)c4ccco4
dude_rock1__L002591,Cc1cccc(c1)N2CC[NH+](C[C@@H]2C)C[C@@H]3[C@@H]4[C@@H](CC5=CCC[C@@H]([C@]5([C@@H]4O)C)C)OC3=O
dude_rock1__L002592,C[C@@H]1C=CC[C@H]([NH+]1Cc2cccc(c2)c3nc(cc(n3)[O-])CC[NH3+])CC=C
dude_rock1__L002593,C[C@@H](CC[NH3+])NS(=O)(=O)c1cn(c(=O)n(c1=O)C)C
dude_rock1__L002594,CC(C)(C)C1=C[C@H](N[NH2+]1)C(=O)N/N=C/c2ccc(o2)[N+](=O)[O-]
dude_rock1__L002595,CCOC(=O)[C@@]1([C@@H]2[C@@H]([C@H]([NH2+]1)c3ccc(cc3)O)C(=O)N(C2=O)C)c4ccccc4
dude_rock1__L002596,CC[NH2+][C@H](C)CC(=O)N[C@H](C)c1ccc(s1)Cl
dude_rock1__L002597,CCc1c(/c(=N\C(=O)C[NH+](CC)CC)/c2ccccc2[nH]1)C
dude_rock1__L002598,CCOc1ccc(cc1)C(=O)N2C[C@@H](C3(C2)CC[NH2+]CC3)C(=O)NCCc4c([nH]c5c4cccc5)C
dude_rock1__L002599,Cc1ccc2=[NH+][C@H]([NH+]=c2c1)SC[C@H]3[C@@H](N=NN3c4c(non4)N)C(=O)[O-]
dude_rock1__L002600,c1cc(c(cc1CO)O[C@@H]2CS(=O)(=O)C[C@@H]2O)[N+](=O)[O-]
dude_rock1__L002601,CC[NH+](CC)Cc1[nH]c(=O)c2c3c(sc2n1)C[C@H](CC3)C
dude_rock1__L002602,CC1CCC(CC1)(/C(=N/O)/N)NC(=O)c2ccc(o2)Br
dude_rock1__L002603,c1cc2c(cc1Br)cc(o2)/C=C\3/C(=O)c4ccc(c(c4O3)C[NH+]5CCCC5)O
dude_rock1__L002604,Cc1[nH+]ccn1C[C@@H](C)CNC(=O)NNC(=O)CCC2CCCCC2
dude_rock1__L002605,CC(C)NC(=O)NNC(=O)/C=C/c1ccc(cc1)Br
dude_rock1__L002606,C[C@@H]1CN(C[C@H](O1)C)C[C@@H](CN2C[C@@H](OC[C@@H]2C)C)O
dude_rock1__L002607,CCSC1([C@@]2(C(=C([NH2+][C@H]([C@]2(C(=[NH+]1)N)C#N)c3ccccc3)C)C)C#N)SCC
dude_rock1__L002608,c1ccc(cc1)c2c(c(n(c(=O)c2C#N)N)N)C#N
dude_rock1__L002609,CC1=C2[C@@H](C(=C(O[C@H]2N=N1)N)C#N)c3ccc(s3)Cl
dude_rock1__L002610,CC(C)c1c(c(n(n1)C)N)c2ccc(cc2)[N+](=O)[O-]
dude_rock1__L002611,Cc1ccc(c(c1)C)N(C)c2nc3c(s2)[C@H](CCC3)[NH2+]C
dude_rock1__L002612,c1cc(c(cc1Cl)F)NCc2cc3c(cc2O)OCO3
dude_rock1__L002613,Cc1cccc(c1C)NC(=O)C[NH+](C)CCC(=O)Nc2ccccc2C#N
dude_rock1__L002614,CC(C)(CNC(=O)CN1CC[NH2+]CC1)[NH+]2CCN(CC2)C
dude_rock1__L002615,CC[C@H](C)NC(=O)C[NH+]1CCN(CC1)[C@@H](C)C(=O)NC(=O)NCC(C)C
dude_rock1__L002616,Cc1cc(ccc1NS(=O)(=O)c2cc(c(cc2F)F)N)Br
dude_rock1__L002617,Cc1c(c(n(n1)C)C)[C@@H]2Nc3ccccc3C(=O)N2CC=C
dude_rock1__L002618,CCCn1c(c(c(=O)[nH]c1=O)NCCn2cc[nH+]c2)N
dude_rock1__L002619,C[NH+]1CCN(CC1)[C@@H]2N=C3C(=NC=NC3=O)N2[C@H]4[C@@H]([C@@H]([C@H](O4)CO)O)O
dude_rock1__L002620,c1ccc(cc1)N2C(=O)[C@H]3[C@H](C4=C(C[C@@H](CC4=O)c5cccs5)NC3=N2)c6ccccc6C(=O)[O-]
dude_rock1__L002621,c1cc(ccc1C[NH2+]Cc2ccc(s2)Br)OCC(=O)N
dude_rock1__L002622,CCOC(=O)c1ccc2c(c1)[C@@H]3C=CC[C@H]3[C@@H](N2)c4ccc(cc4O)O
dude_rock1__L002623,C[C@@]12C[C@@H](CC(C1)(C)C)N(C2)C(=O)CCNC(=O)N3CCC4=c5ccccc5=[NH+][C@@H]4C3
dude_rock1__L002624,CCCCn1c(c(c(=O)[nH]c1=O)N(CC)C(=O)C[NH+](C)Cc2cccs2)N
dude_rock1__L002625,c1cc(c(c(c1)Cl)S(=O)(=O)[N-]c2cc(cc(c2)S(=O)(=O)N)F)Cl
dude_rock1__L002626,C[C@@H]1CCC[C@@](C1)(c2nc(on2)c3cccc(c3)F)[NH3+]
dude_rock1__L002627,CN(c1ccc(cc1)O)[C@@H](C[NH3+])c2ccc(c(c2)OC)O
dude_rock1__L002628,CC1(C[C@@H](C[C@@](C1)(C)C/[NH+]=C/C2C(=O)N(C(=S)N(C2=O)C)C)O)C
dude_rock1__L002629,COc1cc2c(cc1OC)nc([nH]2)c3ccc(cc3N)Br
dude_rock1__L002630,Cc1ccc(c(c1)C)Oc2cc(ccc2C[NH2+]C(C)C)Br
dude_rock1__L002631,CCc1ccc(cc1)[C@@H]([C@H](C)N2CCC[C@@H]2C[NH+](C)C)[NH3+]
dude_rock1__L002632,CCOC(=O)/C(=[NH+]/Nc1ccc(cc1)Br)/N[C@@H]2CCS(=O)(=O)C2
dude_rock1__L002633,Cc1cccc(c1)S(=O)(=O)/N=c\2/[nH]c3c(s2)C[NH2+]CC3
dude_rock1__L002634,CCOC(=O)c1c2c(sc1NC(=O)CCSc3nnc(n3N)c4ccc(cc4)[N+](=O)[O-])CCCC2
dude_rock1__L002635,CC[C@@](C)(c1nc(on1)c2ccc(cc2)OC(F)F)[NH3+]
dude_rock1__L002636,CC[NH+](C)CCNC(=O)/N=c/1\[nH]c2ccc(cc2s1)C
dude_rock1__L002637,Cc1cc(ccc1[NH+](C)[C@H](C)C(C)(C)C)/C(=N/O)/N
dude_rock1__L002638,C[C@@H](c1ccc(cc1)NC(=O)C2=CNN3C2=[NH+][C@H](C[C@@H]3C(F)(F)F)c4ccco4)O
dude_rock1__L002639,Cc1ccc(cc1)C(=O)NN/C(=C/C(=O)NC23CC4CC(C2)CC(C4)C3)/C
dude_rock1__L002640,C[NH+](C)[C@H](CNC(=O)c1ccc(c(c1)[N+](=O)[O-])N)c2cccs2
dude_rock1__L002641,Cc1cccc(c1)OC[C@@H](CNC(=O)NCCc2cn3c([nH+]2)CCCC3)O
dude_rock1__L002642,CC1(C/C(=N/O)/[C@H](C([NH2+]1)(C)C)[C@H](c2cccc(c2)[N+](=O)[O-])O)C
dude_rock1__L002643,Cc1ccc(s1)c2c(c(on2)N)c3ccc4c(c3)OCO4
dude_rock1__L002644,Cc1cc2nnc(n2cn1)c3cc(cc(c3N)Cl)Cl
dude_rock1__L002645,Cc1nc(on1)CNC(=O)NCCN2CCCCCC2=O
dude_rock1__L002646,CN(C)CCCNC(=O)c5ccc4OCC(c3nc2ccc(c1cn[nH]c1)cc2s3)Cc4c5
dude_rock1__L002647,c1c2c(nc(c1C(=O)N)n3cc(cn3)N)CCCC2
dude_rock1__L002648,CC[C@@H](C)[C@@H](C(=O)N)NC(=O)c1c(n(nn1)c2ccc3c(c2)OCCO3)C
dude_rock1__L002649,C1CC[C@@H]([C@@H](C1)[NH3+])NC(=O)N2CCC(CC2)C(=O)[O-]
dude_rock1__L002650,CN1C[C@@H](c2c1cccc2)NC(=O)NCCc3c[nH]c4c3cccc4
dude_rock1__L002651,C[C@H]1CC(=O)Nc2ccccc2N1C(=O)CS/C(=[NH+]/C[C@H]3CCCO3)/N
dude_rock1__L002652,Cc1ccc(cc1NS(=O)(=O)c2ccc(cc2Cl)N)Br
dude_rock1__L002653,CCOc1ccc(cc1)C(=O)N2C[C@H](C3(C2)CC[NH2+]CC3)C(=O)NCc4ccc(cc4F)Br
dude_rock1__L002654,CC(C)(CNC(=O)C[C@H]1C(=O)NCC[NH+]1Cc2ccc(cc2F)OC)CO
dude_rock1__L002655,C5CN(c4nc(NC1CCc2ccccc12)nc(Nc3ccncc3)n4)CCN5
dude_rock1__L002656,c1cc(oc1[C@H](c2cc3c(cc2Cl)NC(=O)C3)[NH3+])[N+](=O)[O-]
dude_rock1__L002657,CCOC(=O)C1CCC(CC1)[NH2+]C2CCCCCCC2
dude_rock1__L002658,CCC(=O)Nc1ccc(cc1)[C@H](C)N/C=C\2/C=c3ccccc3=[NH+]C2=O
dude_rock1__L002659,C[C@H](CC[NH+](C)C)NC(=O)NNC(=O)c1cc2c(s1)CCCCC2
dude_rock1__L002660,CC[C@@H](CN1c2cc(ccc2OC(C1=O)(CC)CC)Cl)[NH3+]
dude_rock1__L002661,CC[NH2+][C@@H]1CC[NH+]([C@@H](C1)C)[C@@H](C)c2ccc(s2)Cl
dude_rock1__L002662,C[C@@]12[C@H]3C(=c4ccccc4=[NH+]3)[C@H](CN1C(=O)CN(C2=O)CCCO)c5ccc(cc5)Br
dude_rock1__L002663,CC[NH+](CC)[C@@H](C)CNC(=O)NNC(=O)COc1ccc(cc1)C#N
dude_rock1__L002664,C[C@@]1(C(=O)N(C(=O)N1)CC[NH3+])c2cccc(c2)[N+](=O)[O-]
dude_rock1__L002665,C[C@](C[C@H]1c2c(cc3c(c2OC)OCO3)CC[NH+]1C)(C(=O)CC4CCCC4)NC=O
dude_rock1__L002666,c1cc(c(cc1[N+](=O)[O-])C=O)OCC(=O)Nc2c(c3c(s2)CCC3)C(=O)N
dude_rock1__L002667,Cc1nc(no1)[C@H](c2cc3c(c(c2)Br)OCCCO3)[NH3+]
dude_rock1__L002668,C[C@@H](CC[NH+](C)C)NC(=O)NCCCc1c(c(n(n1)c2ccccc2)N)C#N
dude_rock1__L002669,C[C@H](c1ccccc1F)[NH2+]Cc2cccc(c2)S(=O)(=O)N
dude_rock1__L002670,Cc1ccccc1n2c(=O)c(c([nH]c2=O)O)[C@@H]3c4cc(c(cc4CC[NH2+]3)OC)OC
dude_rock1__L002671,c1ccc2c(c1)CC[NH+](C2)CCOc3ccsc3C[NH3+]
dude_rock1__L002672,c1ccc(cc1)[C@H](c2ccc3cccnc3c2O)Nc4cccc[nH+]4
dude_rock1__L002673,C[C@@H]1CCC[C@H]([C@@H]1C)NC(=O)[C@@H]2CN(CC23CC[NH2+]CC3)C(=O)c4ccc(o4)c5ccccc5F
dude_rock1__L002674,C[NH+]1CCc2c(sc(c2C(=O)OC)NC(=O)c3ccc(cc3)S(=O)(=O)N(CCOC)CCOC)C1
dude_rock1__L002675,c1cc(ccc1C#N)C(=O)N2CC[NH2+][C@@H](C2)C(=O)N[C@H]3CCCNC3=O
dude_rock1__L002676,CC[C@@H](C)NC(=O)CCNC(=O)C[C@H]1CCC[C@@H](C1)[NH3+]
dude_rock1__L002677,CC[C@H]1CO[C@@H](CN1c2ccc(c(n2)C[NH2+]CC)Cl)C
dude_rock1__L002678,C[NH+]1CCc2c(sc3c2C(=O)N[C@@H](N3)c4cc(cc(c4O)OC)Cl)C1
dude_rock1__L002679,COc1ccc(cc1OC)n2c(cc(n2)C[NH3+])c3ccc(cc3)F
dude_rock1__L002680,C[NH+](Cc1ccc(c(c1)[N+](=O)[O-])NN)Cc2cc(sc2)Br
dude_rock1__L002681,Cc1ccc(c(c1)C)n2c(c(nn2)C[NH3+])c3cccc(c3)Cl
dude_rock1__L002682,c1ccc(cc1)c2nnc3n2N[C@@H](S3)c4ccccc4O
dude_rock1__L002683,CCCCn1c(=O)c(c([nH]c1=O)[O-])[C@H]2[C@H]3C(=c4cc(ccc4=[NH+]3)C)CC[NH2+]2
dude_rock1__L002684,c1c(c[nH]c(=O)c1NC(=O)N[C@H]2CCC[C@@H](C2)C(F)(F)F)C(F)(F)F
dude_rock1__L002685,C[C@@H]1CC(=O)Nc2ccccc2N1C(=O)C[NH+]3CCC(CC3)CC(=O)N
dude_rock1__L002686,Cc1cc(no1)NC(=O)CONc2c(c[nH+]c3c2c(=O)n(c(=O)n3C)C)C
dude_rock1__L002687,CC[NH2+][C@@H](c1ccc2c(c1)NC(=O)CO2)c3ccc(s3)Cl
dude_rock1__L002688,CC[C@@H]1CCc2c(sc(c2C(=O)N3CCCCC3)NC(=O)[C@H]4CC=CC[C@@H]4C(=O)[O-])C1
dude_rock1__L002689,C[C@H](CNC(=O)[C@@H]1CN(CC12CC[NH2+]CC2)C(=O)c3ccc(cc3)Br)Oc4ccccc4
dude_rock1__L002690,Cn1c2c(c(=O)n(c1=O)C)n(c(n2)N)CC=C
dude_rock1__L002691,CC1(CC(CC([NH2+]1)(C)C)NC(=O)CN2C(=C)c3ccccc3C2=O)C
dude_rock1__L002692,Cc1ccc(c(c1)Cl)NC(=O)CCNC(=O)N[C@H](C)Cn2cc[nH+]c2
dude_rock1__L002693,c1cc(ccc1N2CCN(CC2)C(=O)[C@H]3CCCO3)O
dude_rock1__L002694,C[C@]12C[C@H](c3ccccc3O1)[C@@H](C(=O)N2CCc4ccc(cc4)S(=O)(=O)N)C(=O)[O-]
dude_rock1__L002695,Cc1[nH]nc(n1)C[NH2+]C[C@]2(CCCN(C2=O)CC3CCCCC3)O
dude_rock1__L002696,c1csc(n1)NC(=O)NC[C@H]2CCC[NH+]2CC3CCCCC3
dude_rock1__L002697,CCC[C@H]1C[C@@H]([NH+](C1)C)C(=O)N[C@H]([C@H]2[C@H]([C@@H]([C@@H]([C@@H](O2)SC)O)O)O)[C@@H](C)Cl
dude_rock1__L002698,Cc1ccc(cc1)C(=O)[C@H]2[C@@H](NC(=O)N[C@@]2(C(F)(F)F)O)c3ccccc3F
dude_rock1__L002699,CCC1CCC(CC1)[NH+](C)[C@H]2CCC[C@@H]2[NH2+]CC
dude_rock1__L002700,Cc1c2c(cc(c(=[NH2+])o2)C(=O)NC3=C[C@@H]4[C@@H](C=C3)OCO4)c(cn1)CO
dude_rock1__L002701,CCN1C(=O)/C(=C\c2ccc(c(c2OC)OC)OC)/C(=O)NC1=S
dude_rock1__L002702,Cc1cc(cc(c1)C[NH2+][C@H](Cn2cc[nH+]c2)C(C)(C)C)C
dude_rock1__L002703,C1CC[NH2+][C@H](C1)CCS(=O)(=O)/N=c/2\[nH]c3c(s2)CCC3
dude_rock1__L002704,CC[C@H]1CN(CCO1)CC(=O)Nc2c(cc(cc2Cl)N)Cl
dude_rock1__L002705,CC(C)C[C@H]1C(=O)N(C2([NH2+]1)CCN(CC2)S(=O)(=O)c3ccc(cc3)OC)CC4CC4
dude_rock1__L002706,c1ccc2c(c1)C=C[NH+]3[C@H]2[C@]4(c5ccccc5NC4=O)[C@H]([C@@H]3C(=O)c6ccco6)C(=O)c7ccccc7F
dude_rock1__L002707,Cc1ccc(o1)c2nnn(n2)CC(=O)N(c3ccccc3)[C@@H](c4ccc(cc4)O)C(=O)NC[C@H]5CCCO5
dude_rock1__L002708,CCOc1ccc2=[NH+][C@H]([NH+]=c2c1)SCC(=O)N[C@H]3Nc4c(cccc4S3)C
dude_rock1__L002709,C[C@H]1CC(=O)N2[C@@H]([NH+]=C(N[C@@H]2N1)NCCc3c[nH]c4c3cccc4)c5ccccc5OC
dude_rock1__L002710,c1ccc2c(c1)CC(C2)(C(=O)[O-])[NH2+][C@H]3CCCC[C@H]3[NH3+]
dude_rock1__L002711,CC[NH+](CC(=O)NC(=O)NCC=C)[C@@H](C)c1cc2ccccc2o1
dude_rock1__L002712,CC[C@](C)(/C(=N/O)/N)NS(=O)(=O)c1cc(sc1Cl)Cl
dude_rock1__L002713,Cc1cc[nH+]c(c1)NC(C(F)(F)F)(C(F)(F)F)NC(=O)N(C)C
dude_rock1__L002714,CC(C)(CNC(=O)C[C@@H]1C(=O)NCC[NH+]1Cc2cccc3c2cccc3)CO
dude_rock1__L002715,Cc1ccc(c(c1)Br)NC(=O)CSc2nc3cc(ccc3c(=O)n2CCO)C(=O)[O-]
dude_rock1__L002716,Cc1cccc(c1[N+](=O)[O-])OCc2cc(cs2)C#CC[NH3+]
dude_rock1__L002717,CC[C@@H]1CO[C@H](CN1[C@@H]2C[C@@H](CC[C@@H]2[NH2+]CC)C(C)C)C
dude_rock1__L002718,C1CCC(CC1)NC(=O)NC(=O)CSCC[NH3+]
dude_rock1__L002719,Cc1cc(c(c(c1)C)NC(=O)C[NH+](C)[C@H](C)C(=O)NC(=O)NC2CCCC2)C
dude_rock1__L002720,CCNC(=O)NC(=O)[C@@H](C)Oc1cc(ccc1N)C
dude_rock1__L002721,C[C@H]1C/C(=N\N(C)C)/[C@]2([C@@]1(C(N=C2N)(OC)OC)C#N)C#N
dude_rock1__L002722,COc1cc(ccc1O)C[NH+]2CCC3(CC2)Nc4ccc(cc4C(=O)N3)Br
dude_rock1__L002723,Nc1nonc1c3nc2ccccc2n3C4CCCCC4
dude_rock1__L002724,Cc1c(sc(n1)C)[C@@H](C)[NH2+]Cc2cccc3c2OCO3
dude_rock1__L002725,c1cc(cc(c1)C(F)(F)F)/C=C/C(=O)NNC(=O)NCC(F)(F)F
dude_rock1__L002726,CCCCn1c(c(c(=O)[nH]c1=O)N(CC)C(=O)C[NH+]2CCC[C@H](C2)C)N
dude_rock1__L002727,CC1(C[C@]2(C[C@H](Oc3c2cc(c(c3)O)Cl)c4ccccc4)NC(=O)N1)C
dude_rock1__L002728,CC[C@H](C)NC(=O)[C@@H]1C=C2C(=c3cc(ccc3=[NH+]C2=O)C)S1
dude_rock1__L002729,C[C@@H](c1nc(nc(n1)N(C)C)N)Sc2nc3c(c(cs3)c4cccs4)c(=O)n2C
dude_rock1__L002730,CC[C@H](C)NC(=O)CCNC(=O)CC1CCC(CC1)[NH3+]
dude_rock1__L002731,Cc1ccn2cc([nH+]c2c1)CNC(=O)CCCC[C@H]3[C@H]4[C@@H](CS3)NC(=O)N4
dude_rock1__L002732,Cc1cc(nc(c1C(=[NH2+])N)n2cc(cn2)Cl)C
dude_rock1__L002733,C[C@@]12CCC[C@@]3([C@H]1C[C@H]4[C@@H](C2)OC(=O)[C@@H]4C[NH2+]CC(OC)OC)CO3
dude_rock1__L002734,CC[C@@H](C)N1C(=O)[C@@H]([NH2+]C12CCN(CC2)C(=O)NC(C)(C)C)C(C)C
dude_rock1__L002735,C[C@@H](c1ccc(c(c1)F)N2CC[NH+](CC2)C)NC(=O)NCCc3[nH+]ccn3C
dude_rock1__L002736,CCC1(CC[NH2+]CC1)C[NH+](C)[C@H]2CCCC[C@@H]2C
dude_rock1__L002737,C[C@@H]1CCC[C@H]([C@@H]1C)[NH2+]CC[C@@H]2CCCC[NH+]2C
dude_rock1__L002738,CC[C@H](C)NC(=O)[C@@H](C)NC(=O)NCCc1[nH+]ccn1C
dude_rock1__L002739,Cc1c2cc[nH]c2ccc1Nc3c4cc(sc4ncc3C#N)C5=CS[C@H](C5)C[NH+](C)C
dude_rock1__L002740,CCOCCC/[NH+]=C(\N)/SCC(=O)N1c2ccccc2NC(=O)C[C@H]1C
dude_rock1__L002741,CCCCCNC(=O)[C@@H]1CN(CC12CC[NH2+]CC2)C(=O)c3cccnc3Oc4ccccc4
dude_rock1__L002742,C[C@@H](C(=O)N1CCC2(CC1)c3c([nH]c[nH+]3)CCN2)NC(=O)COc4ccc(cc4)Cl
dude_rock1__L002743,Cc1ccc(cc1)c2ccc(cc2)OCc3nnc(s3)N
dude_rock1__L002744,CC1CC[NH+](CC1)C[C@H](CNC(=O)Nc2cc(ccc2SC)C#N)O
dude_rock1__L002745,CCCn1cc(cn1)[C@](C)(c2ccc(c(c2)C)C)[NH3+]
dude_rock1__L002746,c1ccc2c(c1)cc(o2)c3nc(no3)C4(CCCCC4)[NH3+]
dude_rock1__L002747,CCNC(=O)CN1CC[NH+](CC1)[C@@H](C)C(=O)N2CCc3ccccc3C2
dude_rock1__L002748,NC[C@H](Cc1cccc(F)c1)NC(=O)c4cc(Br)c(c2ccnc3[nH]ccc23)s4
dude_rock1__L002749,C[C@H](c1ccc(cc1)C#N)NC(=O)[C@H](C)NC(=O)N
dude_rock1__L002750,c1cc(ccc1c2nc(on2)CC[C@@H]3CCCC[NH2+]3)Cl
dude_rock1__L002751,Cc1ccc(c2c1[C@@H](C[C@@H]2[NH2+]CC(C)(C)N(C)C)C)O
dude_rock1__L002752,Cc1ccc(cc1)O[C@@H](C)C(=O)N2CCC(=O)NCC2
dude_rock1__L002753,Cc1c2ccccc2sc1[C@@H](C)[NH2+][C@H]3CCCCNC3=O
dude_rock1__L002754,Cn1c(c(c(=O)n1c2ccccc2)Br)CS/C(=[NH+]\N=C\c3ccc(cc3)OC)/N
dude_rock1__L002755,C[C@@H]1CCc2c(sc(c2C#N)NC(=O)C[NH2+]C(C)(C)C)C1
dude_rock1__L002756,C[NH+]1CCN(CC1)S(=O)(=O)c2ccc3c(c2)[C@H]4C=CC[C@H]4[C@H](N3)c5c(cccc5Cl)Cl
dude_rock1__L002757,c1cc(ccc1C(=[NH2+])N)OCCOc2ccc(cc2Cl)F
dude_rock1__L002758,CC(C)(C)OC(=O)N[C@H]1CSC(=O)N1
dude_rock1__L002759,CC[C@@H](C)[C@@H](C(=O)NC1[NH+]=c2ccccc2=[NH+]1)NC(=O)c3cc(cc(c3)C)C
dude_rock1__L002760,CCc1ccc(s1)[C@H](C)n2c(c(c(n2)C)[N+](=O)[O-])N
dude_rock1__L002761,Cc1cc(c(c(c1)C(=O)/C=C/C2=c3ccccc3=[NH+]C2)O)C
dude_rock1__L002762,Cc1ccccc1c2nc(on2)[C@]3(CCC[C@H](C3)C)[NH3+]
dude_rock1__L002763,c1cc(nnc1C(=O)NC23CC4CC(C2)CC(C4)C3)NN
dude_rock1__L002764,CC(=C)C[NH+]1CCC2(CC1)C(=O)N(C(=O)N2)C3CC[NH2+]CC3
dude_rock1__L002765,Cc1nc([nH]n1)SCC[NH2+]CC2=CN=[NH+][C@@H]2c3cccc4c3cccc4
dude_rock1__L002766,c1ccc(cc1)Nc2nc(nc(n2)N)CSc3nnnn3c4ccc(cc4)OC(F)(F)F
dude_rock1__L002767,Cc1ccc(cc1)NNS(=O)(=O)c2ccc(cc2)Cl
dude_rock1__L002768,Cc1c\2c(oc1C(=O)Nc3nc4ccccc4s3)CCC/C2=N\NC(=O)c5ccoc5C
dude_rock1__L002769,CC[C@@H]([C@H](c1ccccc1C)Sc2[nH]c(=O)cc(n2)N)[NH3+]
dude_rock1__L002770,C[C@@H](c1cccs1)NC(=O)NCc2ccc([nH+]c2)N3CCOCC3
dude_rock1__L002771,c1ccc(c(c1)CNC(=O)[C@H]2CN(CC23CC[NH2+]CC3)C(=O)c4ccc(cc4)OC(F)(F)F)Cl
dude_rock1__L002772,Cc1ccc(c(c1F)F)C(=O)N2C[C@H](C3(C2)CC[NH2+]CC3)C(=O)N[C@@H](C)c4ccc(cc4)Br
dude_rock1__L002773,C[C@H](CC[NH3+])N(C)c1ccc(cc1)S(=O)(=O)N
dude_rock1__L002774,COC(=O)c1ccc2c(c1)nc(n(c2=O)c3ccccc3)SCC(=O)NC(=O)N
dude_rock1__L002775,Cc1ccccc1N2C[C@H]([C@@H](N2)c3ccc(c(c3)F)OC)C[NH2+]CCSc4cnn[nH]4
dude_rock1__L002776,c1ccc(cc1)COc2ccccc2C[NH2+][C@H](c3ccc(cc3)F)C(=O)N
dude_rock1__L002777,CCOc1ccc(cc1)[C@@H](C)[NH2+][C@@H]2C[C@@H]([NH+](C[C@@H]2C)C)C
dude_rock1__L002778,CCC[C@@H](C)C(=O)N1C[C@@H](C2(C1)CC[NH2+]CC2)C(=O)NCC[NH+]3CCCCC3
dude_rock1__L002779,Cc1ccc(cc1)NC(=O)NC(=O)[C@H](C)[NH+]2CCN(CC2)c3ccccc3O
dude_rock1__L002780,CCN(CC)S(=O)(=O)N1CCN(CC1)S(=O)(=O)N
dude_rock1__L002781,c1cc(sc1)[C@H]2[C@@H]3CC=C[C@@H]3c4cc(cc(c4N2)O)[N+](=O)[O-]
dude_rock1__L002782,CCCn1c2ccc(cc2oc1=O)[C@@H](c3c(cco3)C)[NH3+]
dude_rock1__L002783,Cc1cc(c2c(c1)[C@]3([C@H]4[C@@H]([C@@H]([NH2+]3)Cc5ccc(cc5)O)C(=O)N(C4=O)CCc6ccccc6)C(=O)N2)C
dude_rock1__L002784,Cc1cc(ccc1S(=O)(=O)/N=c/2\[nH]c3c(s2)CCCC3)N
dude_rock1__L002785,CCNc1ccc(c[nH+]1)S(=O)(=O)Nc2ccc(c(c2)C)C
dude_rock1__L002786,CC4=C(C(=O)Nc2ccc1[nH]ncc1c2)C(c3ccc(F)cc3)NC(=O)N4
dude_rock1__L002787,C[C@@](COc1c(c(c(c(c1F)F)F)F)F)(C(=O)N)[NH3+]
dude_rock1__L002788,O=N(=O)c4cccc(CN3CCCC(Nc2ccc1[nH]ncc1c2)C3)c4
dude_rock1__L002789,CC(C)(C)n1cc[nH+]c(c1=O)Nc2ccc(cc2)N
dude_rock1__L002790,CC(C)(CNC(=O)C1(CCCCCC1)/C(=N/O)/N)[NH+](C)C
dude_rock1__L002791,C[C@@H]1CC=CC[C@@H]1COc2ccc(c(n2)C[NH3+])Cl
dude_rock1__L002792,CC(C)S(=O)(=O)S(=O)(=O)[N-]c1ccc(cc1N2CCN[C@H](C2)Cl)c3ccccc3O
dude_rock1__L002793,CC[C@H](C)[C@@H](C)[NH2+]Cc1cc2c(c(c1)Br)OCO2
dude_rock1__L002794,CC(C)[C@@H]1C(=O)NCCN1C(=O)CCC(=O)N2CCOc3c2cccc3
dude_rock1__L002795,Cc1cc(c(s1)C)c2c3c([nH]n2)OC(=C([C@H]3[C@H](C)c4ccccc4)C#N)N
dude_rock1__L002796,CCS(=O)(=O)C1=NSC2=NC(=O)/C(=C\c3ccc(cc3)OCCOc4cccc(c4)OC)/C(=[NH2+])N21
dude_rock1__L002797,Cc1ccccc1[C@@H]2C(=[NH2+])N(C(=[NH+]2)C(C)(C)C)C(C)(C)C
dude_rock1__L002798,c1c2c(nc(c1C#N)N3CCCC[C@@H]3C(=O)N)CCC2
dude_rock1__L002799,C[C@@H](C(=O)NC(=O)NC(C)(C)C)[NH+]1CC2C[C@H]3C[C@@H](C2)CC1C3
dude_rock1__L002800,C[NH+](C)CCC1CCN(CC1)C(=O)NCCc2ccc(cc2)S(=O)(=O)N
dude_rock1__L002801,CCC[C@H](CC)[NH2+][C@H]1c2cccc(c2NC1=O)Br
dude_rock1__L002802,c1cc(ccc1/C=C/2\C(=O)N(C(=S)S2)CCC(=O)Nc3ccc(cc3C(=O)[O-])O)F
dude_rock1__L002803,Cc1ccc(cc1)COc2ccc(cc2)C(=O)C3=C(C(=O)N[C@@H]3c4cc(ccc4OC)Br)[O-]
dude_rock1__L002804,c1cc(ccc1CO/N=C(\c2cc[nH+]c(c2)N3CCCCC3)/N)F
dude_rock1__L002805,CN(C)c1ccc(cc1[N+](=O)[O-])C(=O)Nc2cc(ccc2O)S(=O)(=O)Nc3ccccc3OC
dude_rock1__L002806,Cc1c(noc1[C@H]2CSC[C@H]([NH2+]2)C(=O)N[C@H](C)c3cccc4c3cccc4)c5ccccc5
dude_rock1__L002807,COc1ccccc1OCc2nnc3n2nc(s3)C[NH3+]
dude_rock1__L002808,c1ccc2=[NH+][C@@H](C=c2c1)c3ccccc3NC(=O)NC[C@H]4CCCO4
dude_rock1__L002809,C[C@H](CNC(=O)[C@H]1CN(CC12CC[NH2+]CC2)C(=O)c3c(ccc(c3F)Cl)F)Oc4ccc(cc4)F
dude_rock1__L002810,C=C1C=C(N2[C@@H]([NH+]=C(N=C2N1)N3CCN(CC3)c4ccccc4)c5ccc(cc5)Cl)[O-]
dude_rock1__L002811,C[C@]1(C(=O)Nc2cc(ccc2O1)Cl)C(=O)N3CCC(=CC3)c4c[nH]c5c4cc(cc5)Br
dude_rock1__L002812,C[C@H]1C[C@@H](CN(C1)S(=O)(=O)c2ccc(cc2)NC(=O)CSC3=[NH+]CCN3)C
dude_rock1__L002813,C[NH+](CCNS(=O)(=O)c1c(nc2n1ccs2)NN)C3CC3
dude_rock1__L002814,C[C@@H](Cc1ccc(cc1)O)NC(=O)Nc2ccc(c(c2F)F)F
dude_rock1__L002815,c1cc(ccc1NC(=O)CO/N=C(\c2cc[nH+]c(c2)N3CCCCC3)/N)Cl
dude_rock1__L002816,Cc1ccc(cc1)CNC(=O)[C@H]2CN(CC23CC[NH2+]CC3)C(=O)c4ccc(cc4)OC(F)(F)F
dude_rock1__L002817,CC(C)C[NH2+][C@@]1(CCCCc2c1cccc2)C(=O)OC
dude_rock1__L002818,Cc1cc(c(c(c1)C)c2cc(n[nH]2)C[NH2+]C(C)(C)C)C
dude_rock1__L002819,CC[C@@H]1C(=O)Nc2cc(c(cc2O1)S(=O)(=O)N3CCC(CC3)C(=O)NC4CCCCC4)C
dude_rock1__L002820,C[C@@H]1CCC[C@](C1)(CNC(=O)NNC(=O)c2cn(c3c2cccc3)C)[NH+](C)C
dude_rock1__L002821,C1CCC(CC1)C[NH+]2CCNC(=O)[C@H]2CC(=O)NC3CCC3
dude_rock1__L002822,CC1=C(CC2(CC1)C(=O)NC(=O)NC2=O)C
dude_rock1__L002823,COc1ccc(cc1F)c2nc(no2)c3ccccc3N
dude_rock1__L002824,COc1ccc(c(c1OC)OC)[C@H](c2ccc(cn2)Br)[NH3+]
dude_rock1__L002825,Cc1ccsc1CNC(=O)[C@H]2CN(CC23CC[NH2+]CC3)C(=O)[C@@H](C(C)C)Oc4ccccc4
dude_rock1__L002826,CCn3c(c1nonc1N)nc4c(c2cc[nH]c2)ncc(OCCCN)c34
dude_rock1__L002827,c1ccc2c(c1)C(=O)c3cccc(c3C2=O)N/N=C\4/C(=NN(C4=O)C(=S)N)c5ccc(cc5)[N+](=O)[O-]
dude_rock1__L002828,Cn1ccnc1[C@@H](c2ccc(cc2)F)NC(=O)NCc3ccc[nH+]c3N(C)C
dude_rock1__L002829,COc1ccc2=[NH+]CC(=c2c1)CCNC(=O)[C@H]3CCCNC3=O
dude_rock1__L002830,c1cc(c(cc1Cc2nnc3n2nc(s3)C[NH3+])Cl)Cl
dude_rock1__L002831,CC(C)c1ccc(cc1)[C@]2(C(=O)N(C(=O)N2)CC3CC[NH2+]CC3)C
dude_rock1__L002832,CNC(=[NH2+])Nc1ccc2c(c1)OC(O2)(F)F
dude_rock1__L002833,COc1ccccc1c2c(n3c(csc3n2)c4ccco4)C[NH3+]
dude_rock1__L002834,c1cc(c(c(c1)[N+](=O)[O-])O)/C=C/CO
dude_rock1__L002835,Cc1ccc(c(c1)[C@H](C)NC(=O)Nc2c(noc2C)C)C
dude_rock1__L002836,Cc1ccc(c(c1)NC(=O)[C@@H](C)Sc2nc(c3c(c(sc3n2)C)C)N)C
dude_rock1__L002837,C[C@@H](CC(=O)N[C@H]1CCC[C@@H]1n2cc[nH+]c2)NC(=O)C3CCCCC3
dude_rock1__L002838,C[C@H](C(=O)N1C[C@@H](C2(C1)CC[NH2+]CC2)C(=O)NCCc3ccccc3F)Oc4ccccc4
dude_rock1__L002839,c1c(cc(c(c1Cl)S(=O)(=O)N[C@H]2C[NH+]3CCC2CC3)Cl)N
dude_rock1__L002840,CC[NH2+]Cc1c(ccc(n1)n2ccc(n2)C(F)(F)F)Cl
dude_rock1__L002841,COc1cc(cc(c1OC)OC)C(=O)N[C@@H]2CS(=O)(=O)C[C@H]2Cl
dude_rock1__L002842,c1ccc2=[NH+]C(=O)[C@H](C(=c2c1)O)S(=O)(=O)c3ccc(cc3)Cl
dude_rock1__L002843,c1cc(ccc1c2c(n3cc(ccc3n2)N)C[NH+]4CCCCC4)[N+](=O)[O-]
dude_rock1__L002844,Cc1c2c(c(c3c1O[C@]4(CC[C@]([C@]([C@H]4C3)(C)CCC(=O)[O-])(C(C)(C)O)O)C)OC)C(=O)OC2
dude_rock1__L002845,C[NH+]1CC[C@H](C1)CNS(=O)(=O)c2c(nc3n2ccs3)N
dude_rock1__L002846,CCc1ccc(o1)[C@H](c2ccc(cc2C)Br)[NH2+]CC
dude_rock1__L002847,C1CCN(CC1)C2=[NH+][C@H]3[C@@H](N2[C@@H]4[C@@H]([C@@H]([C@@H](O4)CO)O)O)CCNC3=O
dude_rock1__L002848,Cc1ccc(cc1)S(=O)(=O)NNC2=[NH+]CCCCC2
dude_rock1__L002849,CC1(COCCN1C[C@H](c2cc(ccc2OC)OC)[NH3+])C
dude_rock1__L002850,Cc1c(c(n[nH]1)C)[C@@H](C)NC(=O)[C@@H]2CN(CC23CC[NH2+]CC3)C(=O)C4(CCCCC4)C
dude_rock1__L002851,C[C@@H]1C[C@@H](CC(C1)(C)C)Nc2c3c([nH]cn3)ncn2
dude_rock1__L002852,CCCCCC[C@H]1[C@H]2C(=c3ccccc3=[NH+]2)C/C(=C/[O-])/[NH2+]1
dude_rock1__L002853,c1ccc(cc1)[C@H]2C[C@H](N3C(=N2)C(=C(N3)C(=O)NCCCn4cc[nH+]c4)Cl)C(F)(F)F
dude_rock1__L002854,Cn1cc(c2c1cccc2)[C@H](C[NH+]3CCC4(CC3)C[C@H](c5cc(ccc5O4)O)O)O
dude_rock1__L002855,CN(C)c1ccc(cc1)[C@@H](CNC(=O)C[C@@H]2C(=O)Nc3ccccc3S2)C4=c5ccccc5=[NH+]C4
dude_rock1__L002856,c1cc(c(cc1Br)/C=[NH+]/CCCCCc2c(c([nH]n2)N)C#N)O
dude_rock1__L002857,COc1ccc(cc1S(=O)(=O)N[C@H]2C[C@@H]2[NH3+])[N+](=O)[O-]
dude_rock1__L002858,C[C@@H]([C@H]1CCCO1)NC(=O)C[NH+]2CCS(=O)(=O)CC2
dude_rock1__L002859,c1cc2c(cc1C(=O)c3cc[nH]n3)CCC(=O)N2
dude_rock1__L002860,Cc1ccccc1n2c(c(sc2=S)C(=O)Nc3ccccc3OC)N
dude_rock1__L002861,CC[C@H]1C(=O)NCC[NH+]1Cc2ccc3c(c2)CN(CCO3)Cc4ccc(cc4)C(=O)OC
dude_rock1__L002862,CC(C)C(=O)NCC[NH2+][C@H]1CCCC[C@@H]1C2CCCCC2
dude_rock1__L002863,c1ccc(cc1)C#CCOc2cc(ccc2[N+](=O)[O-])C[NH3+]
dude_rock1__L002864,Nc1nonc1c3nc2ccccc2n3C4CC4
dude_rock1__L002865,C[C@@H]1c2ccc(c(c2OC(=O)[C@H]1CC(=O)NCCC3=c4cc(ccc4=[NH+]C3)Cl)O)O
dude_rock1__L002866,c1cc(oc1)c2csc3c2c(=O)[nH]c(=O)[nH]3
dude_rock1__L002867,Cc1cnn(c1C(=O)Nc2c(c3c(s2)C[NH+](CC3)C(C)C)C(=O)N)C
dude_rock1__L002868,C=CCn1c(cc(=O)nc1SCC(=O)N2CC[NH+](CC2)C34CC5CC(C3)CC(C5)C4)N
dude_rock1__L002869,c1ccc(cc1)C(CC2[NH+]=c3ccccc3=[NH+]2)(c4ccccc4)O
dude_rock1__L002870,C[C@@H]1C[C@H]1C(=O)NCCC(=O)N2CCCC[C@@H]2C(=O)N3CCOCC3
dude_rock1__L002871,CC(C)[C@@H](c1cccs1)NS(=O)(=O)c2c(cccc2Cl)N
dude_rock1__L002872,COc1ccccc1N2[C@@H](N=C([C@H](C2=O)[C@@H]3[C@@H]4C(=c5ccccc5=[NH+]4)CCN3)O)O
dude_rock1__L002873,C1CCN(CC1)C(=[NH2+])SCc2[nH]c(=O)c3c4c(sc3n2)CCC4
dude_rock1__L002874,Cc1c(c(=O)[nH]c(c1Cl)C)C(=O)N2CCC[C@]3(C2)CC[NH2+]C3
dude_rock1__L002875,Cn1c(=O)c2cc3c(cc2nc1N4CCN(CC4)C(=O)N)OCCO3
dude_rock1__L002876,C[NH+](C)[C@H](CNC(=O)N1CCC(CC1)NC(=O)C2CCC2)C3CCCCC3
dude_rock1__L002877,C[NH+](CCNc1cc2c(cc1N)CCC(=O)N2)CCOC
dude_rock1__L002878,CC(C)(C)C[NH+](C)CC1(CCCC1)C[NH2+]C(C)(C)C
dude_rock1__L002879,C[C@@H]1CCC[C@](C1)(C[NH3+])N(C)S(=O)(=O)C[C@@H]2CCCO2
dude_rock1__L002880,COc1ccccc1/C=N/n2cc([nH+]c2N)c3ccccc3
dude_rock1__L002881,CC[C@H]1COCCN1c2nc3c(s2)[C@@H](CCC3)[NH2+]CC
dude_rock1__L002882,C[C@H](C(=O)NC(=O)NC)[NH+]1CCCN(CC1)c2ccc(c[nH+]2)C(F)(F)F
dude_rock1__L002883,c1c(ccc(c1)/N=C/c2c(cc(cc2)O)O)/N=C/c3c(cc(cc3)O)O
dude_rock1__L002884,c1ccc2c(c1)[C@H](CCO2)Nc3c4c([nH]cn4)ncn3
dude_rock1__L002885,CN([C@@H]1CCS(=O)(=O)C1)S(=O)(=O)c2nnc(s2)N
dude_rock1__L002886,Cc1cc[nH+]c(c1)N[C@@H](c2ccc(cc2)SC)c3cc(sc3NC(=O)c4ccco4)C
dude_rock1__L002887,CC1(CC2(CC([NH2+]1)(C)C)[C@](N(C(=O)O2)C[C@H](c3ccccc3)O)(C)O)C
dude_rock1__L002888,c1c(cc(c2c1OCCCO2)Cl)[C@H]([C@H]3CCS(=O)(=O)C3)[NH3+]
dude_rock1__L002889,Cc1cc(c(cc1Cl)OC)NC(=O)C(=O)NCc2ccc([nH+]c2)N(C)C
dude_rock1__L002890,Cc1ccc(cc1S[C@H]2C/C(=N/NC(=S)N)/[C@H]3OC[C@@H]2O3)C(C)(C)C
dude_rock1__L002891,CC[C@H]1CCCC[C@H]1OC(=O)[C@@]2(CCCC[C@@H]2C)[NH3+]
dude_rock1__L002892,CC[C@@H](CN1C(=O)[C@](NC1=O)(CC)c2ccc3c(c2)OCO3)[NH3+]
dude_rock1__L002893,C[C@@]1(C(=O)NC(=O)N1)CSc2ccccc2C(=O)NCCC3=c4ccccc4=[NH+]C3
dude_rock1__L002894,CCc1ccc(s1)CNC(=O)N[C@@H](C)c2ccc3c(c2)CC(=O)N3
dude_rock1__L002895,CC1(CC(CC([NH2+]1)(C)C)NCc2cccc(c2)[N+](=O)[O-])C
dude_rock1__L002896,COCCN(c1c(n(c(=O)[nH]c1=O)Cc2ccccc2)N)C(=O)COC(=O)CCc3c[nH]c4c3cccc4
dude_rock1__L002897,CC(C)[C@@H](C(=O)N1CCC[C@H](C1)c2nnc3n2cccc3)NC(=O)C
dude_rock1__L002898,CC(C)n1c(c(nn1)C[NH3+])COc2ccc(cc2)Cl
dude_rock1__L002899,CC[C@]1(C(=O)N(C(=O)N1)NC(=O)CNc2ccccc2C[NH+](C)C3CCCCC3)C
dude_rock1__L002900,c1ccc(c(c1)[C@H]2NN[C@H](N2N)SCC3[NH+]=c4ccccc4=[NH+]3)F
dude_rock1__L002901,CCC[C@H](C)NC(=O)[C@H]1CN(CC12CC[NH2+]CC2)C(=O)C3CCOCC3
dude_rock1__L002902,COc1cccc(c1)[C@@H]2C[C@@H](N[C@@H]([NH2+]2)c3ccc(cc3)Br)c4cc(ccc4O)Br
dude_rock1__L002903,Cc1ccc(cc1)c2nnc(n2CC(=O)[O-])SCC(=O)NC(=O)N[C@@H]3CCC[C@@H]([C@@H]3C)C
dude_rock1__L002904,COc1ccc(c(c1)OC)Nc2c(c(ncn2)NCCCn3cc[nH+]c3)N
dude_rock1__L002905,c1cc(c(cc1Br)/C=[NH+]\CC23C[C@@H]4CC[C@H](C2)CC(C4)C3)O
dude_rock1__L002906,C[NH+](C[C@H](COC)O)CC(=O)Nc1ccc(cc1N)F
dude_rock1__L002907,C/C(=N\NC(=O)[C@@H]1[C@@H](c2ccccc2N(C1=O)CC=C)O)/[C@@H]3C(=c4ccccc4=[NH+]C3=O)O
dude_rock1__L002908,C[NH+]1CCN(CC1)[C@@H]2N=C3C(=NC=NC3=O)N2[C@H]4[C@H]([C@@H]([C@H](O4)CO)O)O
dude_rock1__L002909,CC(=O)Nc1cc(c(cc1/N=N\c2c(cc(cc2Cl)[N+](=O)[O-])[N+](=O)[O-])OC)N(CCC#N)CCO
dude_rock1__L002910,C[C@@H]1c2ccc(c(c2OC(=O)[C@@H]1CC(=O)NCCC3=c4ccccc4=[NH+]C3)O)O
dude_rock1__L002911,C4CCN(c2ncc(c1ccncc1)nc2N3CCCNCC3)C4
dude_rock1__L002912,Cc1cc([nH+]cc1N)NCc2ccc3c(c2)OCO3
dude_rock1__L002913,CCOc1cc(ccc1O)[C@H](c2ccc3ccc(nc3c2O)C)Nc4cccc([nH+]4)C
dude_rock1__L002914,CN1c2ccccc2[C@H]([C@H](C1=O)C(=O)N[C@@H]3C(=c4ccccc4=[NH+]C3=O)O)O
dude_rock1__L002915,CCC[C@H]1CC[C@H]([C@@H](C1)[NH+](C)[C@@H](C)CCC)C[NH3+]
dude_rock1__L002916,C1CCCN(CC1)S(=O)(=O)NC2CCC(CC2)O
dude_rock1__L002917,CC1(CC2=C([C@@H](C(=C(O2)N)C(=O)OC)c3cc(ccc3OC)Br)C(=O)C1)C
dude_rock1__L002918,CN(C1CC1)C(=O)COc2cccc\3c2CC/C3=N\O
dude_rock1__L002919,c1ccc2c(c1)C[C@@H]([C@@H]2[NH2+]Cc3ccc(c(c3)[N+](=O)[O-])Cl)O
dude_rock1__L002920,CCOc1ccc(cc1)S(=O)(=O)[N-]c2c(c3c(s2)C[C@@H](CC3)C)C(=O)N
dude_rock1__L002921,CC(C)NC(=O)CN(C)c1cc2c(cc1N)NC(=O)CC2
dude_rock1__L002922,CCOC(=O)c1c(c2c3c(c([nH+]c2s1)N4CCOCC4)CO[C@H](C3)C(C)C)N
dude_rock1__L002923,CCCC[NH+](C)Cc1ccc(c(=O)[nH]1)C(=O)NCC2=C([NH2+]N([C@@H]2C)C)C
dude_rock1__L002924,Cc1c(sc(n1)N2CCOCC2)C(=O)NNC(=O)C3=NC=CC3
dude_rock1__L002925,CC(C)n1cc(cc1C(=O)N2CCC[C@H]2[C@H]3CCC[NH2+]3)Cl
dude_rock1__L002926,C[C@H]1CCC[C@@H](C1)[NH2+]CC(=O)NC2CCCCCC2
dude_rock1__L002927,Cc1c\2c(oc1C(=O)NNC(=O)c3ccccc3F)CCC/C2=N\Nc4ccc(cc4[N+](=O)[O-])[N+](=O)[O-]
dude_rock1__L002928,C[C@H]1Cc2ccccc2N1Cc3c(c(=O)cc(o3)CO)O
dude_rock1__L002929,c1ccc2=[NH+]CC(=c2c1)C[C@H](C(=O)NC[C@H]3CCCO3)N4[C@@H](Nc5ccccc5C4=O)O
dude_rock1__L002930,Cc1c(oc(c1C(=O)O[C@H](C)C(=O)NC(=O)NC)C)C
dude_rock1__L002931,CC(=O)Nc1ccc(cc1)NC(=S)NC(=O)c2cccc3c2cccc3
dude_rock1__L002932,CC(C)[C@@H]1C(=O)NCC[NH+]1CCC(=O)NN2C(=O)C3(CCCCC3)NC2=O
dude_rock1__L002933,CC(C)(C)[NH2+]CC1(CCCCC1)C[NH+](C)[C@@H]2CCSC2
dude_rock1__L002934,CNc1[n+](c(cs1)c2ccc(c(c2)O)O)/N=C/c3ccc(o3)[N+](=O)[O-]
dude_rock1__L002935,CC[NH2+]Cc1c(cc(nc1Oc2cc(cc(c2)C)C)C)C
dude_rock1__L002936,CC[C@H]([C@H](c1ccc(o1)C)Sc2nnc3n2cccc3)[NH3+]
dude_rock1__L002937,Cc1ccsc1C(=O)NNC(=O)N[C@@H]2CCC[C@H](C2)C(F)(F)F
dude_rock1__L002938,CC[NH+](CC)C[C@@H](C)NC(=O)C1(CCCC1)/C(=N/O)/N
dude_rock1__L002939,Cc1cc2n([nH+]1)C[C@@H](CN2)C[NH2+][C@@H]3CCS(=O)(=O)C3
dude_rock1__L002940,CN1C[C@H](C[C@H]1C(=O)OC)NC(=O)[C@@H]2C(=C([NH+]=N2)N)c3ccccc3
dude_rock1__L002941,CCCCN1[C@@H]([C@@H](C(=NC1=O)[O-])N(Cc2ccccc2)C(=O)CCC3=c4ccccc4=[NH+]C3)[NH3+]
dude_rock1__L002942,c1cc(ccc1n2c(nnn2)c3cc(ccc3N)Cl)Cl
dude_rock1__L002943,CCOc1ccc(cc1)/C=N/NC2=[NH+][C@@H](N=N2)SCC(=O)N[C@@H]3[C@@H]([C@@H]([C@@H](S3)C(=O)OCC)C)C#N
dude_rock1__L002944,C[C@H]1CCCN1c2c(cc3c([nH+]2)CCCC3)/C(=N/O)/N
dude_rock1__L002945,CCC[C@@H]1CC[C@@H]([C@@H](C1)[NH+]2CCCC[C@@H]2C(=O)NC)C#N
dude_rock1__L002946,Cc1c(c[nH]n1)CCC[NH2+][C@H]2c3cccc(c3NC2=O)Br
dude_rock1__L002947,CC(C)[NH2+][C@@H]1CCc2c(c(nn2CC3CCCCC3)C(=O)NC)C1
dude_rock1__L002948,CC[C@H]1NN[C@H](S1)NC(=O)[C@@H]2CC(=O)N(C2)CCC3=c4cc(ccc4=[NH+]C3)C
dude_rock1__L002949,Cc1cccc(c1)[C@H]2NN[C@@H](N2c3ccccc3)SCc4[nH]c(=O)c5ccccc5n4
dude_rock1__L002950,C[NH2+][C@H](COc1c(cc(cc1Br)[N+](=O)[O-])Br)C(=O)N
dude_rock1__L002951,Cc1cc(c(c(c1)C)S(=O)(=O)NCC(=O)N2CC[NH+](CC2)C)C
dude_rock1__L002952,CC1CC[NH+](CC1)[C@H]2[C@H](O[C@H]([C@H]2O)CO)CNC(=O)C3CCCC3
dude_rock1__L002953,C[C@@H](c1ccc(cc1)S(=O)(=O)N)[NH+](C)CC(=O)NC(=O)NCC(C)C
dude_rock1__L002954,c1c(c(c(c(c1F)F)OCC(=O)N2CCNC2=O)F)F
dude_rock1__L002955,c1c(ncs1)C(=O)N[C@H]2CCC[C@H]2/C(=N\O)/N
dude_rock1__L002956,c1cc(cc(c1)N/N=C(\C(=S)N)/C(=O)N2CCCC2)C(F)(F)F
dude_rock1__L002957,C[C@@H](c1ccc(cc1)S(=O)(=O)N)[NH+](C)CC(=O)NCc2ccc(cc2)Cl
dude_rock1__L002958,CC[C@@H](c1ccccc1)C(=O)N2C[C@H](C3(C2)CC[NH2+]CC3)C(=O)N[C@@H](C)c4c([nH]nc4C)C
dude_rock1__L002959,C[C@H]1C[C@@H]([C@@H](C[NH+]1C)C)Nc2ccc(cc2)S(=O)(=O)NC
dude_rock1__L002960,CC1(CC2=C([C@H](C(=C(N2c3ccc(cc3)C#N)N)C#N)c4ccc(s4)[N+](=O)[O-])C(=O)C1)C
dude_rock1__L002961,c1ccc(cc1)/C=C(\c2ccccc2)/C(=O)NCCc3nnc(s3)N
dude_rock1__L002962,CC[NH2+]Cc1c(ccc(n1)N(C)c2ccc(cc2C)C)Cl
dude_rock1__L002963,C1CCC(C1)N(CC(=O)N)C(=O)[C@H]2CCC[C@H](C2)CC[NH3+]
dude_rock1__L002964,c1ccc2cc(ccc2c1)[C@@H](CNC(=O)Nc3ccc[nH+]c3N4CCOCC4)O
dude_rock1__L002965,C[C@@H](c1ccccc1Br)NC(=O)NNC(=O)c2ccccc2OC
dude_rock1__L002966,C[C@H]1C[C@@H](CC[C@@H]1C(=O)N[C@@H]2CCCNC2=O)[NH3+]
dude_rock1__L002967,CC1=CC=CN2[C@@H]1[NH2+]C[C@@H]2CC(=O)N3CCc4c([nH+]c[nH]4)C3
dude_rock1__L002968,c1cc[nH+]c(c1)N2CCN(CC2)C(=O)[C@H]3COC(=O)N3
dude_rock1__L002969,CC[C@H](C(C)C)[NH2+][C@H]1c2c(ccc(c2NC1=O)F)Cl
dude_rock1__L002970,C[C@H](Cn1cc[nH+]c1)NC(=O)NC[C@@H](C(C)C)[NH+](C)C
dude_rock1__L002971,C[NH+](C)[C@H](CNC(=O)NNC(=O)CC1CCCCC1)c2ccccc2OC
dude_rock1__L002972,Cc1ccc(c(c1C)S(=O)(=O)NCc2ccccc2Br)N
dude_rock1__L002973,CSCC[C@@H](C(=O)N1CCC2(CC1)c3c(nc[nH]3)CC[NH2+]2)NC(=O)c4ccco4
dude_rock1__L002974,c1ccc2c(c1)[nH]c(n2)n3c(=O)cc([nH]3)c4ccc(cc4)Cl
dude_rock1__L002975,c1cc(c(cc1[N+](=O)[O-])Cl)C[NH2+][C@@H]2CCCC[C@H]2O
dude_rock1__L002976,C[C@@H](CN1CC[NH+](CC1)C)NC(=O)NC[C@@H]2CCC[NH+]2CC3CCCCC3
dude_rock1__L002977,c1cc2c(c(c1)N)C(=O)N(C2=O)c3ccc(cn3)Cl
dude_rock1__L002978,C[C@H](C(=O)NC(=O)N)OC(=O)CCCC1=c2ccccc2=[NH+]C1
dude_rock1__L002979,c1cc(cc(c1)[N+](=O)[O-])/C(=N\NC(=S)N)/C23C[NH+]4CN(C2)CN(C3)C4
dude_rock1__L002980,c1cc2c(cc1C(=O)NNS(=O)(=O)c3cc(c(cc3Cl)Cl)C(=O)[O-])OCCO2
dude_rock1__L002981,c1cc(c(cc1[N+](=O)[O-])C(=O)OCC(=O)Nc2c(c3c(s2)CCCCC3)C#N)NCCO
dude_rock1__L002982,C[C@H]1CC2=C([C@H](C(=C(O2)N)C#N)c3ccco3)C(=O)C1
dude_rock1__L002983,CC[C@@H](C)[C@H]1C(=C(O[C@@H]2C1=C(N=N2)C)N)C#N
dude_rock1__L002984,C[C@@H](c1ccsc1)[NH2+][C@@H](c2ccco2)c3ccc(s3)Cl
dude_rock1__L002985,c1ccc2=[NH+]CC(=c2c1)CCNC(=O)[C@H]3C[C@@H]4N[C@@H](C[C@@H](N4N3)C(F)(F)F)c5ccco5
dude_rock1__L002986,c1ccc2c(c1)cccc2c3nc(on3)c4csc(n4)N
dude_rock1__L002987,C[C@@H]1CC[C@@H](C[NH+]1CCn2cc(ccc2=O)N)C(=O)N
dude_rock1__L002988,Cc1ccc(cc1)[C@H]2c3ccc(cc3Oc4c2c(=[NH2+])n(cn4)CCC[NH+](C)C)O
dude_rock1__L002989,CCCC[C@H](C)C(=O)N1C[C@H](C2(C1)CC[NH2+]CC2)C(=O)NCc3cccc(c3OC)OC
dude_rock1__L002990,CC1(CC(CC([NH2+]1)(C)C)N(C)C(=O)C[C@H]2C(=O)NCC[NH+]2CC(C)(C)C)C
dude_rock1__L002991,Cc1cc([nH+]c(c1[C@H](C)Nc2ccc3c(c2)CCO3)C)C
dude_rock1__L002992,CCc1c(sc(n1)NC(=O)[C@@H](C)NC(=O)N)C
dude_rock1__L002993,CN(c1ccc(cc1)C#N)c2c(c(ncn2)Cl)N
dude_rock1__L002994,c1ccc(cc1)/C=C/c2nc(c3c4c(sc3n2)CCCC4)N5C[C@H](C[C@@H]5C(=O)N)O
dude_rock1__L002995,CCCN1c2ccccc2[C@]3(C1=O)C(=C(N(C4=C3C(=O)CCC4)c5ccccc5C)N)C#N
dude_rock1__L002996,Cc1cc(ccc1F)S(=O)(=O)Nc2ccc(cc2)C(=O)NC[C@H](c3ccco3)[NH+](C)C
dude_rock1__L002997,c1ccc(cc1)[C@H]2C[C@H](n3c(nc(n3)N)N2)c4ccc(cc4)Cl
dude_rock1__L002998,Cc1cc(ccc1Oc2ccc(cc2C)Br)/C(=N/O)/N
dude_rock1__L002999,Cc1ccc2c(c1)[nH]c(n2)SCC[C@H](C(=O)N)[NH2+]C
dude_rock1__L003000,c1cc(c(cc1F)[C@@H](CN2C(=O)[C@H]3CCCN3C2=O)O)F
dude_rock1__L003001,Cc1ccc(cc1)[C@](C)(c2ccc(c(c2)OC)OC)[NH3+]
dude_rock1__L003002,CC(C)[C@@H](c1ccc(cc1)F)[NH2+]CC(=O)Nc2cc(ccc2OC)S(=O)(=O)N(C)C
dude_rock1__L003003,Cc1ccc(cc1Br)/C=C(/C#N)\C2[NH+]=c3ccccc3=[NH+]2
dude_rock1__L003004,COC(=O)[C@H](Cc1ccc(cc1)C#Cc2ccccc2)NC(=O)C[C@H]3CCCN(C3)C(=[NH2+])N
dude_rock1__L003005,Cc1c2c(oc(c2c(=O)[nH]n1)NC(=O)C[NH+](C)Cc3ccc(s3)Cl)C
dude_rock1__L003006,C[C@@H]1CC(=O)Nc2ccccc2N1C(=O)CS/C(=[NH+]/C[C@H]3CCCO3)/N
dude_rock1__L003007,C1CCC(CC1)NC(=O)[C@@H]2CCCN(C2)C(=O)NC3CC[NH+](CC3)C4CC4
dude_rock1__L003008,COc1cc2c(c(c1)OC)C=C[C@@]3(O2)CCN(C3)CCC[NH3+]
dude_rock1__L003009,CCc1c([nH+]n(c1N)[C@H]2CCS(=O)(=O)C2)CC(C)(C)C
dude_rock1__L003010,C[NH+](C)Cc1cn(nn1)C[C@H]2CCCN(C2)[C@@H]3C4=CN=NC4=[NH+]C(=N3)N
dude_rock1__L003011,C[C@H]\1CC[C@@H]2C[C@H](C[C@@](O2)([C@@H]3CSC(=O)N3)O)OC(=O)/C=C(\CC/C=C/C=C1)/C
dude_rock1__L003012,CC1(CC2=C([C@H](C(=C(N2c3ccccc3C#N)N)C#N)c4ccc(s4)[N+](=O)[O-])C(=O)C1)C
dude_rock1__L003013,c1csc2c1CN(CC2)C(=O)C[NH+]3CCC(CC3)CC(=O)N
dude_rock1__L003014,c1cc(cc(c1)N2[C@@H](N[NH2+]N2)CSc3nc[nH]n3)C(F)(F)F
dude_rock1__L003015,Cc1c(sc2c1c(ncn2)Nc3[nH+]c(cn3C)[O-])C
dude_rock1__L003016,c1ccc2c(c1)cccc2N3[C@@H](N=C([C@H](C3=O)[C@@H]4[C@@H]5C(=c6ccccc6=[NH+]5)CCN4)O)O
dude_rock1__L003017,Cc1cc(c(s1)C)S(=O)(=O)N[C@@H]2CCS(=O)(=O)C2
dude_rock1__L003018,C[C@@]12[C@@H]3C(=c4ccccc4=[NH+]3)CCN1C(=O)N(C2=O)c5ccccc5C(=O)NN
dude_rock1__L003019,Cc1ccc(c(c1)C)CCNC(=O)[C@H]2CN(CC23CC[NH2+]CC3)C(=O)c4ccc(c(c4)C)C
dude_rock1__L003020,CCC(C)(C)[NH2+]C[C@H](C)[NH+]1CCCc2ccccc2C1
dude_rock1__L003021,C[C@]1(C(=O)N(C(=O)N1)CC(=O)NC(=O)NC(C)(C)C)c2cc3ccccc3o2
dude_rock1__L003022,Cc1ccc(c(c1)C)NC(=O)NC(=O)C[NH+](C)CC(=O)Nc2c(cccc2C)C
dude_rock1__L003023,Cc1cc(cc(c1)NC(=O)C(=O)N/N=C/c2ccco2)C
dude_rock1__L003024,CC[NH2+][C@H](C)c1ccccc1O[C@H]2CS(=O)(=O)C[C@@H]2O
dude_rock1__L003025,Cc1cc(nc([nH+]1)N)NCCS(=O)(=O)N2C[C@H](O[C@H](C2)C)C
dude_rock1__L003026,CC(C)[C@@H](C(=O)NC(C)(C)C)NC(=O)[C@@H]1CN(CC12CC[NH2+]CC2)C(=O)[C@H]3CCC=CC3
dude_rock1__L003027,C[C@@H](c1nnc(n1c2ccc(cc2)F)Sc3cc(nc(n3)N)Cl)[NH+](C)C
dude_rock1__L003028,Cc1ccc(c(c1)F)n2c(nnn2)c3ccc(c(c3)C)N
dude_rock1__L003029,c1cc(cc(c1)[N+](=O)[O-])C(=O)NNc2c(c(ncn2)Nc3cccc(c3)Br)[N+](=O)[O-]
dude_rock1__L003030,CC[C@@](C)(c1nc(on1)c2cc3cc(ccc3o2)C)[NH3+]
dude_rock1__L003031,Cc1c(c(n(n1)C2[C@@H](CCC[C@H]2C)C)N)[N+](=O)[O-]
dude_rock1__L003032,COCCN1[C@@H]([C@H](CCC1=O)[NH3+])c2cccc(c2)[N+](=O)[O-]
dude_rock1__L003033,CCc1c(c([nH]c1C(=O)/N=C\2/NCCS2)C)C(=O)C
dude_rock1__L003034,CCn2c(c1nonc1N)nc3ccccc23
dude_rock1__L003035,c1cc2c(cc1C[C@@H](C[NH3+])c3ccc4c(c3)OCCO4)OCO2
dude_rock1__L003036,c1cc(c(cc1N)C(=O)N)Sc2nnc3n2CCCCC3
dude_rock1__L003037,CC1(OC[C@@H](O1)CNC(=O)NC[C@H]2COC(O2)(C)C)C
dude_rock1__L003038,c1ccc2c(c1)c(c[nH]2)CC[NH2+][C@@H]3CC(=O)N(C3=O)c4ccc(cc4)F
dude_rock1__L003039,C[C@H](c1ccc(cc1)C#N)[NH2+]C2CCN(CC2)S(=O)(=O)C
dude_rock1__L003040,C[C@@H](c1ccc(cc1)Cl)[NH2+]Cc2cc3c(cc2O)OCO3
dude_rock1__L003041,C1CCCN(CC1)C(=O)C[NH+]2CCN(CC2)CC(=O)Nc3c(c4c(s3)CCC4)C(=O)N
dude_rock1__L003042,CN1C(=O)[C@@H]2[C@@H]([NH2+][C@@]([C@H]2C1=O)(CO)C(=O)OC)c3ccccc3F
dude_rock1__L003043,C[C@H]([C@H](c1ccc(cc1[N+](=O)[O-])S(=O)(=O)NC)C(C)C)[NH3+]
dude_rock1__L003044,CC1=N[C@H](SC1)NC(=O)[C@@H](CC2=c3ccccc3=[NH+]C2)NS(=O)(=O)c4ccc(cc4)Cl
dude_rock1__L003045,CC(=C)Cn1c2c(c3c(s2)COC(C3)(C)C)c(nc1=O)N
dude_rock1__L003046,c1cc(ccc1c2c(n3ccsc3n2)C[C@H](CO)[NH3+])Br
dude_rock1__L003047,c1ccc(c(c1)CNc2cc3c(cc2[NH3+])CCC(=O)N3)Br
dude_rock1__L003048,Cc1ccc2c(c1)c(c[nH]2)[C@H](CN3CCN(CC3)c4cccc[nH+]4)O
dude_rock1__L003049,CCCC[NH+]1CCCC[C@@H]1CNC(=O)NNC(=O)c2c(ccs2)C
dude_rock1__L003050,CCCn1c2c(c3c(s2)COC(C3)(C)C)c(=O)n(c1=O)CC(=O)NCCC[NH3+]
dude_rock1__L003051,c1cc(ccc1N)Oc2c(ccc(c2F)F)[N+](=O)[O-]
dude_rock1__L003052,C1CCCC(CC1)N2C(=O)C[C@H](C2=O)[NH2+]C[C@H]3CCOC3
dude_rock1__L003053,CCNC(=O)NC(=O)[C@@H](C)S[C@H]1NN=C(N1C2CC2)C3=c4ccccc4=[NH+]C3
dude_rock1__L003054,C[C@@H]1CCC[C@H](C1)[NH2+][C@@H](C)c2ccc3c(c2)NC(=O)CO3
dude_rock1__L003055,C[NH+]1CCc2cc(c(cc2[C@@H]1CCc3ccc(c(c3)OC)O)O)OC
dude_rock1__L003056,C[C@@H](C(=O)NC(=O)NC)Oc1ccc(cc1)C[NH3+]
dude_rock1__L003057,COc1ccc(cc1[C@H](c2ccccc2F)[NH3+])[N+](=O)[O-]
dude_rock1__L003058,C[C@H](Cc1ccccc1F)NC(=O)[C@H]2CN(CC23CC[NH2+]CC3)C(=O)c4cc(c(c(c4)Cl)OC)Cl
dude_rock1__L003059,Cc1ccc(cc1C)[C@]2(C(=O)N(C(=O)N2)CC[C@@H]3CCCC[NH2+]3)C
dude_rock1__L003060,CN1[C@H]2[C@@H](C(=O)N(C1=O)C)NC(=[NH+]2)NCCc3c[nH]c4c3cccc4
dude_rock1__L003061,Clc2cc1c(=O)[nH]ccc1cc2NC(=O)C(NC3CC3)c4ccccc4
dude_rock1__L003062,CSCC[C@H](C(=O)N1CCC2(CC1)c3c([nH]c[nH+]3)CCN2)NC(=O)c4ccc(cc4)Cl
dude_rock1__L003063,CC(C)(C)NC(=O)NC(=O)CS[C@@H]1NN=C(O1)C2=c3ccccc3=[NH+]C2
dude_rock1__L003064,C[NH+](C1CCCCCC1)[C@H](C[NH3+])c2ccc(cc2)Br
dude_rock1__L003065,C[NH+](Cc1cc(cs1)Br)Cc2csc(n2)C[NH3+]
dude_rock1__L003066,c1cc(oc1)C(=O)[C@@H]2[C@@H](NC(=S)N[C@@]2(C(F)(F)F)O)c3cccs3
dude_rock1__L003067,c1ccc2=[NH+]CC(=c2c1)CCNC(=O)C(=O)N[C@@H]3[C@@H](C=NN3)C#N
dude_rock1__L003068,c1cc2c(cc1C[NH2+]Cc3[nH]c4ccc(cc4n3)C(F)(F)F)OCO2
dude_rock1__L003069,COc1cccc(c1OC)C[NH2+]C23CC4CC(C2)CC(C4)C3
dude_rock1__L003070,Cc1cccc(c1C)O[C@H](C)C(=O)NNC(=O)NC2CCN(CC2)C(=O)OC
dude_rock1__L003071,C[C@H](c1ccc(s1)Br)[NH2+]Cc2ccc(cc2)N(C)C
dude_rock1__L003072,Cc1ccc(cc1)N2CCN(CC2)C(=O)c3ccccc3NC(=O)c4ccccc4C(=O)[O-]
dude_rock1__L003073,CCNC(=O)c1ccc(c(c1)NC(=O)NCC(C)(C)[NH+]2C[C@@H](C[C@@H](C2)C)C)C
dude_rock1__L003074,CCNC(=O)NC(=O)[C@H](C)[NH2+]CCCCn1cc[nH+]c1
dude_rock1__L003075,CS(=O)(=O)N1CCN(CC1)C(=O)C[NH+]2CCCC[C@H]2CO
dude_rock1__L003076,c1ccc2=[NH+]C(=O)[C@@H](C=c2c1)/C=N/NC(=O)CNC(=O)c3c(c4ccccc4s3)Cl
dude_rock1__L003077,C[NH+](C)[C@@H]1CCCC[C@H]1Oc2ccc(cc2N)[N+](=O)[O-]
dude_rock1__L003078,C[C@H]1Cc2cc(ccc2O1)[C@@H](c3ccc(cc3)I)[NH2+]C
dude_rock1__L003079,Cc1ccc(cc1)c2c3ccccc3c(=O)n(n2)CC(C)(C)[NH3+]
dude_rock1__L003080,COc1cccc(c1OC)[C@H]2[C@H]3CCCC[C@@]3(CC[NH2+]2)O
dude_rock1__L003081,CC[NH2+]Cc1cc(ccc1OC)c2ccc(c(c2)Cl)OC
dude_rock1__L003082,c1ccc(c(c1)C[C@@H]2C(=O)N/C(=N/C(=[NH2+])N)/S2)Cl
dude_rock1__L003083,C[C@@H](C(=O)NNC(=O)c1c(cn(n1)c2ccccc2)[O-])Oc3ccc(cc3Br)Cl
dude_rock1__L003084,c1cc(ccc1CC2=NN3C(=[NH2+])/C(=C/c4ccc(cc4)O)/C(=O)N=C3S2)Cl
dude_rock1__L003085,Cc1cc(cc(c1O)C)c2ncc(s2)[C@@H](C)[NH2+]C
dude_rock1__L003086,CC[NH+](CC)CCC[C@@H](C)Nc1c(cc(cn1)Br)N
dude_rock1__L003087,c1ccc(cc1)C(=O)OC[C@H]2[C@@H]([C@@H]([C@@H](O2)N3C(=O)NC(=CN3)[NH3+])O)O
dude_rock1__L003088,Cc1cc(ccc1NC(=O)C(=O)NCCn2cc[nH+]c2)Br
dude_rock1__L003089,CC[C@H]1[C@H]2CN(CC=C2C(=C(C1(C#N)C#N)N)C#N)CC
dude_rock1__L003090,COc1ccc(cc1)c2csc3n2c(c(n3)c4cccnc4)CC[NH3+]
dude_rock1__L003091,C=CCNC(=O)NC(=O)CSc1nc2cc(ccc2c(=O)n1c3ccc(cc3)F)C(=O)[O-]
dude_rock1__L003092,Cc1cc2c(n1[C@H](C)C(=O)N)CC(C[C@H]2[NH3+])(C)C
dude_rock1__L003093,C[C@H](C(=O)NC(C)C)[NH+]1CCC(CC1)C(=O)N2CCCCCC2
dude_rock1__L003094,C[C@H](c1ccco1)[NH2+]CC(=O)NN2C(=O)C3(CCCCC3)NC2=O
dude_rock1__L003095,CC[C@H](C)NC(=O)CCNC(=O)Nc1ccc([nH+]c1)N2CCCC2
dude_rock1__L003096,C[C@@H]1C[C@H](C[NH+](C1)C(C)(C)CNC(=O)N[C@@H](C)C(C)C)C
dude_rock1__L003097,Cc1ccc(c(c1)C)CCNC(=O)[C@@H]2CN(CC23CC[NH2+]CC3)C(=O)[C@@H](C)Oc4ccccc4
dude_rock1__L003098,CC1(CC(CC([NH2+]1)(C)C)NC(=O)C(=O)Nc2cccc3c2cccc3O)C
dude_rock1__L003099,C[C@H]1CCc2c(sc(c2C(=O)N)NS(=O)(=O)c3cccc(c3)F)C1
dude_rock1__L003100,C[C@@H](Cn1cc[nH+]c1)NC(=O)N(C)[C@@H]2CCS(=O)(=O)C2
dude_rock1__L003101,C[C@](CCN1CCN(CC1)S(=O)(=O)C)(C(=O)OC)[NH3+]
dude_rock1__L003102,CC[NH+](CC)[C@@H]1C[C@]2(CC[NH2+]C2)Oc3c1cc(cc3)C(C)C
dude_rock1__L003103,Cc1cc(ccc1OC)[C@@H](C[NH2+][C@H]2CCS(=O)(=O)C2)O
dude_rock1__L003104,c1cc(ccc1/C=C/c2c(nnn2C[C@H](CO)O)C[NH3+])Cl
dude_rock1__L003105,CC(C)(C)c1c2c(n[nH]1)OC(=C([C@H]2c3c(cccc3F)F)C#N)N
dude_rock1__L003106,CC(C)CCNC(=O)NNS(=O)(=O)c1ccc2c(c1)C(=O)N(C2=O)C
dude_rock1__L003107,CC[C@@H]([C@@H](c1cc(cs1)Br)Oc2ccc(cc2)C(=O)N)[NH3+]
dude_rock1__L003108,CCc1ccccc1NC(=O)C[NH+](C)CC(=O)NC(=O)Nc2ccc(cc2C)C
dude_rock1__L003109,c1cc(c(cc1C#N)N)Oc2c3c(ccs3)ncn2
dude_rock1__L003110,c1cc(ccc1C(=O)N2C[C@H](C3(C2)CC[NH2+]CC3)C(=O)N[C@@H]4C[NH+]5CCC4CC5)Cl
dude_rock1__L003111,CC[NH+](CC)CCNC(=O)[C@]1(c2cc(ccc2NC(=O)N1c3ccc(cc3)Cl)Br)O
dude_rock1__L003112,c1cc(c(cc1O)O)C(=O)N/N=C/c2cc(ccc2F)Br
dude_rock1__L003113,CCCCNC(=O)NNC(=O)c1c(n(nn1)c2ccc3c(c2)cccn3)C
dude_rock1__L003114,C[C@@H]1CN(CC(O1)(C)C)[C@@H](CC(=[NH2+])N)c2ccccc2
dude_rock1__L003115,c1cc2c(cc3c(n2)c4c(n(c3=O)Br)C(=O)C[C@@H](N4)Br)c(c1)O
dude_rock1__L003116,CCn3c(c1nonc1N)nc4cncc(C(=O)NC2CCCNC2)c34
dude_rock1__L003117,CN(C)S(=O)(=O)c1ccc(c(c1)C(=O)OC)N2CCC(CC2)O
dude_rock1__L003118,C[C@H]1CCc2c(sc3c2c(ncn3)N[C@@H](C)[C@H](c4ccc(cc4)O)O)C1
dude_rock1__L003119,CC(C)c1nc(no1)[C@@]2(CCCC[C@@H]2C(C)(C)C)[NH3+]
dude_rock1__L003120,c1cc(sc1[C@@H]2CCC[NH2+]2)C(=O)Nc3ncc4c(n3)CCCC4
dude_rock1__L003121,c1cc(ccc1c2nc(on2)[C@@H]3c4ccsc4CC[NH2+]3)O
dude_rock1__L003122,Cc1ccoc1[C@H](c2cc3c(cc2Cl)OCCO3)[NH2+]C
dude_rock1__L003123,CCNC(=O)c1cn(cc(c1=O)C(=O)N[C@@H](C)[C@H]2[NH+]=c3ccc(cc3=[NH+]2)C)CC(C)C
dude_rock1__L003124,c1ccc(cc1)C2=NN([C@](C2)(C(F)(F)F)O)C3=NNC(=[NH2+])Cc4n3ncn4
dude_rock1__L003125,C[C@@H]1C[C@@H](C[NH+](C1)CCCNC(=O)NNC(=O)CC2CCCCC2)C
dude_rock1__L003126,c1ccc(cc1)[C@H](C#N)NC(=O)[C@@H]2CN(CC23CC[NH2+]CC3)C(=O)c4cccc(c4Cl)Cl
dude_rock1__L003127,C1CCC(CC1)C[C@@H](C(=O)N)NC(=O)[C@H]2C[NH2+]CCN2C(=O)N3CCOCC3
dude_rock1__L003128,C[C@@H]1C[C@@H]([C@@H](C[NH+]1C)C)Nc2cccc(c2)S(=O)(=O)NC
dude_rock1__L003129,C[C@@H]1CCCC[C@H]1[NH2+]CC(=O)NC2CCCCCC2
dude_rock1__L003130,C[C@]12CC/C(=N\OCC(=O)NCC(=O)[O-])/C=C1CC[C@@H]3[C@@H]2CC[C@]4([C@@H]3CC[C@@]4(C#C)O)C
dude_rock1__L003131,C[NH+]1CCc2c(sc3c2C(=O)N[C@@H](N3)c4ccc(c(c4)O)OC)C1
dude_rock1__L003132,Cc1c(c(n[nH]1)C)[C@H](C)NC(=O)[C@@H]2CN(CC23CC[NH2+]CC3)C(=O)c4ccccc4OC(=O)C
dude_rock1__L003133,Cc1ccc(c(c1F)F)C(=O)N2C[C@@H](C3(C2)CC[NH2+]CC3)C(=O)N[C@H](C)c4ccc(cc4)Br
dude_rock1__L003134,CC[C@H]([C@@H](c1cnn(c1)C)N2CCn3cc[nH+]c3C2)[NH3+]
dude_rock1__L003135,CC[NH2+][C@H](c1ccc2c(c1)CCO2)c3ccc(cc3Br)F
dude_rock1__L003136,CCC(C)(C)n1c(nnn1)[C@H](c2cc3c(ccc(c3[nH]c2=O)C)C)[NH+]4CCN(CC4)c5ccc(cc5)[N+](=O)[O-]
dude_rock1__L003137,CC[NH2+][C@@H](CC[NH+](C)C1CCCCCC1)C(C)(C)C
dude_rock1__L003138,C[NH+](C)C1(CCCCC1)CNC(=O)NCc2ccc(cc2)N3CCNC(=O)C3
dude_rock1__L003139,c1ccc2=[NH+][C@@H]3C(=c2c1)N=N/C(=[NH+]/N=C/c4ccc(cc4)OCC(=O)N)/N3
dude_rock1__L003140,CC1(CC(CC([NH2+]1)(C)C)NC(=O)CSc2nc([nH]n2)N/N=C/c3ccc(cc3)O)C
dude_rock1__L003141,CC[C@@H]1CO[C@H](CN1C2(CCS(=O)(=O)CC2)C[NH3+])C
dude_rock1__L003142,Cc1cc(c(o1)C)C(=O)NCC(=O)N2C[C@@H](C[C@H](C2)C)C
dude_rock1__L003143,CCn1c(c(c(=O)n(c1=O)CC)[C@H]2c3c(c4ccccc4[nH]3)CC[NH2+]2)O
dude_rock1__L003144,CC(C)[C@H](C(=O)NCc1ccc([nH+]c1)N2CCOCC2)NC(=O)N
dude_rock1__L003145,CC(C)Oc1ccc(cc1NC(=O)NC[C@@H](c2cccs2)[NH+](C)C)C#N
dude_rock1__L003146,c1cc(c(cc1Br)O)C(=O)NCCCC[NH3+]
dude_rock1__L003147,CCC[NH2+][C@@H]1CCCCCC[C@@H]1N2CC[NH+](CC2)C3CC3
dude_rock1__L003148,COc1ccccc1[C@H]2[NH+]=N[C@H](N2N)SCc3[nH]c4ccccc4n3
dude_rock1__L003149,C[C@H]1C[C@@H](C[NH+](C1)CCCNc2ccc(cc2S(=O)(=O)N)[N+](=O)[O-])C
dude_rock1__L003150,C[C@H](c1[nH]c2ccccc2n1)[NH2+]Cc3ccc(cc3O)O
dude_rock1__L003151,c1ccc-2c(c1)Cc3c2ccc(c3)NS(=O)(=O)c4ccc(c(c4)C(=O)[O-])Br
dude_rock1__L003152,Cc1ccc(c(c1F)C(=O)N2C[C@H](C3(C2)CC[NH2+]CC3)C(=O)NCCOc4ccccc4Cl)Cl
dude_rock1__L003153,Cc1cc(c2cc(c(=O)[nH]c2c1)C[NH+](Cc3ccc4c(c3)OCO4)Cc5nnnn5C[C@H]6CCCO6)C
dude_rock1__L003154,CC[C@@](C)(c1nc(on1)c2cc(ccc2Cl)Br)[NH3+]
dude_rock1__L003155,Cc1ccc(cc1)c2c([nH+]n(c2N)C)[C@H]3C[C@H]4CC[C@@H]3C4
dude_rock1__L003156,CN1CCCc2c1ccc(c2)[C@@H](CNC(=O)C(=O)NCCc3c[nH]c4c3cccc4)[NH+]5CCCC5
dude_rock1__L003157,CCOC(=O)N[C@H]1CCCN(C1)C(=O)CNC(=O)C[NH3+]
dude_rock1__L003158,c1cc(c(c(c1)F)[N+](=O)[O-])N2CCCC[C@H]2C(=O)N
dude_rock1__L003159,c1ccn2c(c1)nc(c2S(=O)(=O)NC3CCC(CC3)[NH3+])Cl
dude_rock1__L003160,c1cc(ccc1N[C@@H]2CCC[C@@H]2[NH3+])[N+](=O)[O-]
dude_rock1__L003161,COC(=O)c1ccc2c(c1)nc([nH]c2=O)CS/C(=[NH+]/C3CCCC3)/N
dude_rock1__L003162,CC[C@H](C)C[NH+](C)[C@@H]1C[C@@H](CC[C@@H]1[NH3+])C(C)(C)C
dude_rock1__L003163,CCOc1cccc2c1OC[C@@H]([C@H]2O)N3CCC(=O)CC3
dude_rock1__L003164,c1cc2c(cc1S(=O)(=O)Oc3ccc(cc3C(=O)[O-])I)[nH]c(=O)[nH]2
dude_rock1__L003165,COC(=O)c1c2c(sc1NC(=O)c3cnsn3)C[NH2+]CC2
dude_rock1__L003166,CCC1(CN(c2cc(ccc2O1)O)CC[C@H]3CCCC[NH2+]3)CC
dude_rock1__L003167,C[NH+](C)[C@@H](CNC(=O)N1CCO[C@H](C1)C(=O)N)c2ccc(cc2)OC
dude_rock1__L003168,C[C@H](c1ccc(cc1)S(=O)(=O)NC)/[NH+]=C\c2ccccc2O
dude_rock1__L003169,COC(=O)NC(=O)C[NH+]1CCC[C@H]1C(=O)N2CCSCC2
dude_rock1__L003170,CCNC(=O)c1c2c(sc1NC(=O)/C(=C\c3c([nH]c4c3cccc4)C)/C#N)CCCC2
dude_rock1__L003171,Cc1ccc(cc1)[C@@H](c2cccs2)NS(=O)(=O)c3cc(c(cc3Cl)Cl)C(=O)[O-]
dude_rock1__L003172,Cc1c(cccc1Cl)n2c(c(nn2)C[NH3+])c3cccc(c3)F
dude_rock1__L003173,Cc1ccccc1CC(=O)N2C[C@H](C3(C2)CC[NH2+]CC3)C(=O)N[C@@H](C(C)C)C(=O)NC(C)(C)C
dude_rock1__L003174,CCCc1cc(=O)oc2c1ccc(c2C[NH2+][C@H]3CCS(=O)(=O)C3)O
dude_rock1__L003175,C[NH+](C)CCN1[C@H](C(=C(C1=O)[O-])C(=O)c2ccccc2)[C@@H]3C=CC=[NH+]3
dude_rock1__L003176,c1cc2c(cc1[C@@H]([C@H]3COCCO3)Cl)[nH]c(=O)[nH]2
dude_rock1__L003177,Cc1cccc(c1NC(=O)C[NH+](C)[C@@H]2CCC[C@@H](C2)C)N
dude_rock1__L003178,C[C@H]1C[NH+](Cc2cc(ccc2O1)Cl)CC(=O)NC(C)(C)CO
dude_rock1__L003179,c1cc2c(cc1S(=O)(=O)N3CC[NH+](CC3)C4CC4)CCN2
dude_rock1__L003180,C[C@@H](C(=O)NC(=O)NC1CCCCC1)[NH+]2CCN(CC2)c3ccc(cc3)O
dude_rock1__L003181,Cc1ccc(c(c1)OCC(=O)NNC(=O)NCC2(CCCC2)[NH+](C)C)C
dude_rock1__L003182,COC(=O)[C@@H]1CC2=C3CC=CC=C3N=C2[C@@H]4N1[C@@H](C[C@@H](C4)[NH2+]CCc5c[nH]cn5)c6ccccc6
dude_rock1__L003183,C1CCC(CC1)N(C2CCCCC2)C(=O)C[NH+]3CCC[C@H]3C(=O)N
dude_rock1__L003184,Cc1c(c2c([nH]nc2NCc3ccc(cc3)C#N)nc1C)C
dude_rock1__L003185,C[NH+]1CCN(CC1)C(=O)CNC(=O)CCc2cc3ccc(cc3[nH]c2=O)F
dude_rock1__L003186,C[C@@H](c1ccc(s1)Cl)NS(=O)(=O)c2ccc(cc2OC)N
dude_rock1__L003187,C[C@@](c1ccccc1)(c2nc(no2)c3ccccc3Cl)[NH3+]
dude_rock1__L003188,CCOC(=O)[NH+]=c1ccc-2c(cc(oc2c1)O)CSc3[nH]c(=O)cc(n3)N
dude_rock1__L003189,COc1cccc(c1OCC(=O)N)C[NH2+]C23CC4CC(C2)CC(C4)C3
dude_rock1__L003190,Cc1c(sc(n1)NC(=O)[C@H]2[C@H](C2(C)C)C=C(C)C)SCC(=O)N
dude_rock1__L003191,C[C@H](C(=O)NC(=O)NC(C)C)N1CCN(CC1)C(=O)C[NH+](C)C
dude_rock1__L003192,c1ccc(cc1)N2[C@H](NC(=O)C(=C2[S-])C#N)c3ccc(o3)c4ccc(c(c4)Cl)Cl
dude_rock1__L003193,Cc1cc2c(cc1C)n(cn2)c3cc4c(cc3N)OCCO4
dude_rock1__L003194,CC[NH+]1CCN(CC1)CCNC(=O)Nc2nnc(s2)C
dude_rock1__L003195,c1cc(nc(c1)Cl)N/N=C/c2cc(ccc2O)Br
dude_rock1__L003196,c1ccc2=[NH+]CC(=c2c1)C3=NN[C@@H](O3)SCC(=O)c4ccc5c(c4)CCC(=O)N5
dude_rock1__L003197,CCC(=O)N1C[C@H](C2(C1)CC[NH2+]CC2)C(=O)NCCOCCO
dude_rock1__L003198,CC(C)[NH+]1CCN(CC1)[C@H](C[NH3+])c2cc(c(c(c2)F)F)F
dude_rock1__L003199,c1cc2c(cc1C[C@@H](C[NH3+])c3ccc4c(c3)OCO4)OCCO2
dude_rock1__L003200,CC(C)[NH+]1CCC(CC1)N(C)S(=O)(=O)c2cc(cs2)N
dude_rock1__L003201,CCc1ccc2c(c1)N(C(=O)[C@@H](O2)c3ccccc3)CC(C)(C)[NH3+]
dude_rock1__L003202,Cc1cc(n(n1)C(C)(C)C)C(=O)N2C[C@@H](C3(C2)CC[NH2+]CC3)C(=O)N[C@H](C)C(C)C
dude_rock1__L003203,C[C@H](C(=O)NC(=O)NCC(F)(F)F)N1CCC(CC1)[NH+]2CCCC2
dude_rock1__L003204,C[C@@H]1CCCC[C@H]1NC(=O)C2(CCOCC2)/C(=N/O)/N
dude_rock1__L003205,C[C@H](Cc1ccc(c(c1)Cl)OCC(=O)NCC(F)(F)F)[NH3+]
dude_rock1__L003206,C[NH+]1CCc2c(sc3c2C(=N[C@@H](N3)/C=C/c4ccccc4)O)C1
dude_rock1__L003207,Cc1ccccc1c2cc3c(c(c2)O)OCC[NH+](C3)CCCCO
dude_rock1__L003208,C[C@H]1C[C@@]2([C@@H]3[C@@H]4[C@@]1([C@@H]5C=C(C(=O)[C@@]5(CC(=C4)CO)O)C)O[C@@](O3)(O2)Cc6ccccc6)C(=C)C
dude_rock1__L003209,CCc1c(s/c(=N\S(=O)(=O)C[C@@H]2CCC[NH2+]2)/[nH]1)C
dude_rock1__L003210,C[C@@H]1CCc2c(sc(c2C#N)NC(=O)C(C)(C)[NH3+])C1
dude_rock1__L003211,Cc1c(ccc([nH+]1)N)CC(=O)CN2CCCC[C@@H](C2=O)NS(=O)(=O)c3ccc4c(c3)CCO4
dude_rock1__L003212,Cc1nnc(s1)NC(=O)N[C@H](C)C(C)C
dude_rock1__L003213,c1cc(c(cc1S(=O)(=O)NNC(=O)NCCCn2cc[nH+]c2)Cl)Cl
dude_rock1__L003214,Cc1ccc(c(c1C)Oc2cc(ccc2C[NH2+]C)Br)C
dude_rock1__L003215,CCc1[nH+]ccn1CC(=O)N2CCN3CCNC(=O)[C@H]3C2
dude_rock1__L003216,Cc1c[nH+]c(c(c1OC)C)CC[C@@H]2Nc3ccccc3S2
dude_rock1__L003217,Cc1cccc(c1NC(=O)CSC2=N[C@@H]3C(=c4cc(ccc4=[NH+]3)Br)N=N2)C
dude_rock1__L003218,c1ccc(cc1)c2cs/c(=N\C(=N\C(=N\S(=O)(=O)c3ccccc3)\c4ccccc4)\[S-])/[nH]2
dude_rock1__L003219,COc1ccccc1N2[C@@H](CC(=N2)CC[NH3+])c3ccc(cc3)Cl
dude_rock1__L003220,CN(C/C(=N/O)/N)C(=O)c1ccc2ccccc2c1O
dude_rock1__L003221,CNc1c(n2ccsc2n1)S(=O)(=O)NC[C@@H]3CC[NH+](C3)C
dude_rock1__L003222,c1cc(c(cc1Br)C[NH2+]CCNCc2cc(ccc2O)Br)O
dude_rock1__L003223,Cc1ccc(cc1)c2nnc(n2N)S[C@H](C(C)C)C(=O)Nc3ccccc3C
dude_rock1__L003224,C[C@@H]1C(=c2ccccc2=[NH+]1)C(=O)NCCN3c4ccccc4N[C@@H]3C
dude_rock1__L003225,CC(C)[NH+]1CCN(CC1)Cc2ccc(cc2C#CC[NH3+])F
dude_rock1__L003226,CN(CC(=O)Nc1nccs1)C(=O)c2ccsc2
dude_rock1__L003227,C[C@H]1CCC[C@H](C1)NC(=O)NC[C@@H]2CCS(=O)(=O)C2
dude_rock1__L003228,CC(=O)NCC(=O)NCC(=O)NC[C@@H](c1ccc(cc1)OC)[NH+](C)C
dude_rock1__L003229,Cc1ccc2c(c1)c(=O)c(co2)C[NH2+][C@H]3CC(Cc4c3cnn4c5cccc(c5)F)(C)C
dude_rock1__L003230,COc1cc(ccc1O)[C@H]2[C@@H]3CC=C[C@@H]3c4cc(ccc4N2)S(=O)(=O)NC5CCCCC5
dude_rock1__L003231,CCc1ccc(cc1)S(=O)(=O)N(C)C2C[C@H]3CC[C@@H](C2)[NH2+]3
dude_rock1__L003232,CCN(CC)c1ccc(cc1)C(=O)NNC(=O)COC(=O)CN2C(=O)[C@]3(C[C@@H](CC(C3)(C)C)C)NC2=O
dude_rock1__L003233,CCOC(=O)c1c(c(sc1NC(=O)CN2CC[NH+](CC2)C)C(=O)N)C
dude_rock1__L003234,c1cc2c(cc1Cl)C(=O)N[C@@H](N2)c3csnn3
dude_rock1__L003235,Cc1c(c(n2c(n1)cc(=O)[nH]2)C)CC(=O)NC[C@@H]3CCC[NH+]3CC4CCCCC4
dude_rock1__L003236,C[C@]12C/C(=C\Cl)/C([C@]1(C(=O)NC2=O)Cl)(OC)OC
dude_rock1__L003237,CCN1C(=O)[C@H]2[C@@H]([NH2+][C@@]([C@@H]2C1=O)(Cc3ccc(cc3)O)C(=O)OC)c4ccc(cc4)O
dude_rock1__L003238,CC(C)(C)c1nc2cc3c(cc2n1CC(C)(C)[NH3+])OCCO3
dude_rock1__L003239,CC/C=C\C1(C(=O)NC(=O)NC1=O)C(C)C
dude_rock1__L003240,CCC[C@@H]1CN([NH2+]N1)CC2CCN(CC2)C(=O)C3=CC4=CC=N[C@@H]4C=C3
dude_rock1__L003241,CC(C)(C)c1ccccc1NC(=O)CSc2nnc(n2N)c3cccs3
dude_rock1__L003242,C[C@@H]1CCc2ccccc2N1S(=O)(=O)c3ccc(s3)C[NH3+]
dude_rock1__L003243,CCN1c2cc(ccc2OCC1=O)c3csc(n3)NC(=O)C[NH3+]
dude_rock1__L003244,CC[NH+](CC)[C@H](CNC(=O)Cc1c(nc2nc(nn2c1C)SC)C)c3ccccc3
dude_rock1__L003245,COc1ccccc1c2c(nnn2c3cccc(c3)F)C[NH3+]
dude_rock1__L003246,C[C@H](c1ccccc1)[NH2+]Cc2cc(c(c(c2)I)OCC(=O)N)OC
dude_rock1__L003247,COc1ccc(cc1NS(=O)(=O)c2ccc(cc2)C(=O)NCCc3c[nH]c4c3cccc4)[N+](=O)[O-]
dude_rock1__L003248,C[C@H]1CCCC[C@@]1(C(=O)OCC2CCCCC2)[NH3+]
dude_rock1__L003249,Cc1ccc2c(c1)c(c[nH]2)CCNC(=O)[C@H]3CN(CC34CC[NH2+]CC4)C(=O)c5csc6c5cccc6
dude_rock1__L003250,CC1(C[C@@H](CCO1)[C@H]2[C@@H](NC[NH+]2Cc3[nH]ccn3)c4ccccc4)C
dude_rock1__L003251,C[C@H]1CCC[C@@H](C1)N(C)c2nc(c(s2)C[NH3+])C(C)(C)C
dude_rock1__L003252,CC[C@@](C)(/C(=N/O)/N)NS(=O)(=O)c1ccc(s1)Br
dude_rock1__L003253,CC(=O)N[C@@H](Cc1c[nH]c2c1cccc2)C(=O)NCCc3cn4ccccc4[nH+]3
dude_rock1__L003254,c1cc(c(cc1F)F)[C@@H](c2cc3c(cc2Cl)OCCO3)[NH3+]
dude_rock1__L003255,C[C@@]1(CC[NH2+]C1)C(=O)Nc2cccc3c2cccc3O
dude_rock1__L003256,CCC1=C2[C@H]([C@@H]3[C@@H]([C@@H]2N=N1)ON=C3N)C4CCCCC4
dude_rock1__L003257,C1CC1C[NH+]2CCN(CC2)C(=O)CC[C@H]3C(=O)NC(=O)N3
dude_rock1__L003258,CCc1ccc2c(c1)cc3c(c(sc3[nH+]2)C(=O)Nc4nnc(s4)CC)N
dude_rock1__L003259,Cc1cc(c(o1)C)[C@H](C)NC(=O)c2cc(ccc2O)Cl
dude_rock1__L003260,c1cscc1[C@@H](C[NH3+])N2CCC(CC2)C(=O)N
dude_rock1__L003261,CC1(CCCC1)CNc2nc3c(n2C)c(=O)[nH]c(=O)n3C
dude_rock1__L003262,CCC(C)(C)[C@@H]1CC[C@H]([C@@H](C1)[NH+]2CCC(CC2)C)[NH3+]
dude_rock1__L003263,CC(C)[C@@H](CNC(=O)N[C@@H]1CCCN(C1)S(=O)(=O)C)[NH+]2CCCCCC2
dude_rock1__L003264,C[C@@]1(C(=O)N(C(=O)N1)CC[NH3+])c2ccc(c(c2)[N+](=O)[O-])OC
dude_rock1__L003265,CC[NH2+]Cc1c(nc(s1)N2CCC(CC2)(C)C)C(C)(C)C
dude_rock1__L003266,CC(C)[C@H](CNC(=O)NNC(=O)c1ccc(cc1)C#N)[NH+](CC=C)CC=C
dude_rock1__L003267,C[C@H]1C(=O)N(c2cc(ccc2O1)c3csc(c3C#N)N)C
dude_rock1__L003268,CC[NH2+]Cc1c(nc2n1ccs2)Oc3ccccc3F
dude_rock1__L003269,C/C(=N\NC(=O)c1cc2ccccc2cc1O)/c3ccc(cc3)N
dude_rock1__L003270,COC(=O)c1ccccc1OC/C(=[NH+]/Nc2cccc(n2)Cl)/N
dude_rock1__L003271,C[C@@H](c1ccc(s1)Cl)[NH+]2CCC[C@@H](C2)[C@@H]3CCC[NH2+]3
dude_rock1__L003272,CNCCN(C)c4nc(NC2Cc1ccccc1C2)nc(Nc3ccncc3)n4
dude_rock1__L003273,Cc1cc(ccc1NC(=O)CNC(=O)N[C@@H](C)CC[NH+](C)C)Br
dude_rock1__L003274,C[C@@H]1CCc2c(sc3c2c(=O)n(cn3)[C@@H](C)C(=O)N/N=C\c4ccc(c(c4)OC)O)C1
dude_rock1__L003275,Cc1cccc(c1)N2CCN(CC2)[C@@H](C[NH3+])c3ccccc3O
dude_rock1__L003276,CCCC[C@@H]1C[NH+](Cc2ccccc2O1)CCC(=O)NCc3[nH]c(=O)c4ccccc4n3
dude_rock1__L003277,c1ccc2c(c1)cccc2Cc3nnc(n3N)SCC[NH3+]
dude_rock1__L003278,CCc1ccc(cc1)[C@]2(C(=O)N(C(=O)N2)CC[C@H]3CCCC[NH2+]3)C
dude_rock1__L003279,CC(C)C(=O)N1C[C@@H](C2(C1)CC[NH2+]CC2)C(=O)NC[C@H]3CC[NH+](C3)C
dude_rock1__L003280,Cc1cccc(c1C)NC(=O)C(=O)NC[C@H](c2ccc3c(c2)CCCN3C)[NH+]4CCCCC4
dude_rock1__L003281,CC[C@@](C)(c1nc(on1)c2ccc(c(c2)C(F)(F)F)F)[NH3+]
dude_rock1__L003282,c1ccc2c(c1)c(c(o2)C(=O)N)[N-]S(=O)(=O)c3ccc(cc3)Br
dude_rock1__L003283,Cc1ccc(cc1)c2cc3c(s2)c(=O)[nH]c(n3)c4cccc(c4)S(=O)(=O)N
dude_rock1__L003284,c1c(cnc(n1)NC[C@@H]2CCS(=O)(=O)C2)Br
dude_rock1__L003285,CC(C)N(CC1CC1)c2nc(c(s2)C[NH3+])C(C)(C)C
dude_rock1__L003286,CCOc1cc2c(cc1Br)CCN3[C@H]2CO[P@@](=O)(N3)c4ccccc4O
dude_rock1__L003287,Cc1c(sc2c1c(nc(n2)CC[NH3+])NC[C@@H]3c4ccccc4CCO3)C
dude_rock1__L003288,CCCC[NH+](C[C@H]1C[C@@H](CC[C@@H]1[NH3+])C)[C@@H](C)CC
dude_rock1__L003289,CCCn1c(=O)[nH]nc1S[C@H](c2ccc(s2)Cl)[C@H](CC)[NH3+]
dude_rock1__L003290,CC(C)c1ccc(cc1)c2c([nH+]n(c2N)C)C3CCCC3
dude_rock1__L003291,c1ccc(c(c1)N2CCO[C@H](C2)C(=O)N)[N+](=O)[O-]
dude_rock1__L003292,C1C[C@@H]([NH+](C1)CCC(=O)NC(=O)N)C(=O)N2CCNCC2
dude_rock1__L003293,CC(=CCOc1ccc(cc1OC)[C@H]2c3c(nc[nH]3)CC[NH2+]2)C
dude_rock1__L003294,c1ccc(cc1)[C@@H]2NN[C@H](O2)SCC3=c4ccccc4=[NH+]C(=O)C3
dude_rock1__L003295,CC(C)(CCC[C@@](CC(=O)OC)(C(=O)O[C@H]1[C@H]2c3cc4c(cc3CC[NH+]5[C@@]2(CCC5)C=C1OC)OCO4)O)O
dude_rock1__L003296,C1CC[NH+](CC1)C[C@]2([C@@H]([C@@H]([C@@H](O2)CO)O)O)O
dude_rock1__L003297,C[C@H](C(=O)Nc1c(ccs1)C(=O)N)[NH+]2CCN(CC2)c3ccc(cc3)[N+](=O)[O-]
dude_rock1__L003298,c1cc(cc(c1)N2CCCC2=O)N3CCC(CC3)[NH2+][C@H]4CCCOC4
dude_rock1__L003299,Cc1ccc(c(c1F)F)CNC(=O)C[C@@H]2C(=O)NCC[NH+]2Cc3cccc(c3OC)OC
dude_rock1__L003300,Cc1ccc(c(c1)C)NC(=O)NC(=O)[C@H](C)[NH+](C)Cc2ccc(cc2)C#N
dude_rock1__L003301,CC1(CCCCC1)C(=O)N2C[C@H](C3(C2)CC[NH2+]CC3)C(=O)NC[C@@H]4CC[NH+](C4)C
dude_rock1__L003302,C1CCC(CC1)N(C2CCCCC2)C(=O)[C@H]3C[NH2+]CCN3
dude_rock1__L003303,CCC[NH2+][C@@H](C)c1ccc(c(c1)Cl)n2ccc(n2)C(C)C
dude_rock1__L003304,Cc1c(cc[nH+]c1C[S@](=O)c2[nH]c3cc(ccc3n2)OCOC)OCC(F)(F)F
dude_rock1__L003305,c1cc(ccc1n2c(=O)c3c(=O)c4c([nH]c3[nH]2)CCCC4)F
dude_rock1__L003306,Cc1c(c(=O)[nH]c(=O)[nH]1)S(=O)(=O)NCCC2=c3ccccc3=[NH+][C@@H]2C
dude_rock1__L003307,CC1(Cc2c(sc3c2c(nc(n3)SCC(=O)N)N4CC[NH+](CC4)CC(=O)N)CO1)C
dude_rock1__L003308,CCOC(=O)[C@@H](Cc1ccc(cc1)O)Nc2ccc(cc2[N+](=O)[O-])S(=O)(=O)c3cccc(c3)[N+](=O)[O-]
dude_rock1__L003309,C4CC(Nc2ccc1[nH]ncc1c2)CN(Cc3ccoc3)C4
dude_rock1__L003310,Cc1csc2n1c(c(n2)C)C[NH2+]C[C@@H]3CCS(=O)(=O)C3
dude_rock1__L003311,CCCOc1ccc(cc1)C(=O)C2=C(C(=O)N[C@H]2c3cc(c(c(c3)Br)O)OC)[O-]
dude_rock1__L003312,CC[NH2+][C@H](C)c1c(cccc1Sc2nc(cc(n2)N)N)F
dude_rock1__L003313,CC[C@]1(C(=O)N(C(=O)N1)[C@@H](C)C[NH3+])c2ccc3c(c2)CCCC3
dude_rock1__L003314,CCOc1cc2c(cc1[C@@H](CC(=O)N)[NH3+])O[C@H](C2)C
dude_rock1__L003315,Cc1c([nH]c[nH+]1)CNc2cc(c(c(c2)Cl)OC(F)F)Cl
dude_rock1__L003316,CC[C@@H]([C@H](c1cc(cs1)Br)Oc2ccccc2C(=O)N)[NH3+]
dude_rock1__L003317,CC1(CCCCC1)NS(=O)(=O)c2ccc3c(c2)CCCN3
dude_rock1__L003318,Cc1cccc(c1)[C@@H]2c3cc(c(cc3CC([NH2+]2)(C)C)OC)OC
dude_rock1__L003319,Cc1cccc(c1)C2(CCCCC2)C(=O)NNC(=O)NC(C)C
dude_rock1__L003320,CN(Cc1ccccc1O)C(=O)[C@H]2C[C@H](C[NH2+]2)O
dude_rock1__L003321,CC(C)(C)c1cc(cc(c1O)C(C)(C)C)C[NH2+]CCC#N
dude_rock1__L003322,C[C@H]1[C@H]([C@@H](N(N1)CC(=O)NCC2[NH+]=c3ccccc3=[NH+]2)C)Cl
dude_rock1__L003323,Cc1ccc(cc1)Oc2c(n3ccsc3n2)C[NH2+]C(C)C
dude_rock1__L003324,C[C@@H](c1ccc(cc1O)O)[NH2+][C@H](Cc2ccccc2)CO
dude_rock1__L003325,CCOC(=O)[C@H]([C@@H]1CCC=CC1)[NH2+]C2CCCCCC2
dude_rock1__L003326,CC[C@H](C)NC(=O)c1ccc2c(c1)[C@H]3C=CC[C@H]3[C@@H](N2)c4ccc(cc4O)O
dude_rock1__L003327,CN(CCC1=CN=NC1)[C@@H]2C(=[NH+][C@@H]3[C@@H](N2)NON3)N4CCCCC4
dude_rock1__L003328,CC1CC[NH+](CC1)[C@@H](CNC(=O)NCC(=O)NCC#C)c2ccccc2
dude_rock1__L003329,CC(C)C1=NC(=O)C2(N1)CCN(CC2)[C@@H]3C4=CN=NC4=[NH+]C(=N3)N
dude_rock1__L003330,CC[C@@]1(Cc2ccccc2-c3c1c(=O)n(c(n3)NN)CCc4ccccc4)C
dude_rock1__L003331,C[C@@H](Cc1ccc(c(c1)Br)OCCC(=O)N)[NH3+]
dude_rock1__L003332,Cc1ccc2c(c1)cc(c(=O)[nH]2)[C@H](c3nnnn3C4CCCCC4)[NH+]5CCC(CC5)C
dude_rock1__L003333,CCCOc1ccc(cc1)N2C(=O)C[C@H](C2=O)SC(=[NH2+])N/N=C(\C)/c3ccc(cc3)F
dude_rock1__L003334,c1cc\2c(cc1O[C@H]3CCCC[C@@H]3O)OC/C2=N\O
dude_rock1__L003335,COC(=O)N1CCN(CC1)C(=O)[C@H](CCS(=O)(=O)C)[NH3+]
dude_rock1__L003336,c1cc(oc1)[C@H]2c3ccc(cc3Oc4c2c([n+](cn4)CCCn5cc[nH+]c5)N)O
dude_rock1__L003337,Cn1c2c(cn1)c(nc(n2)C[NH+](C)C3CCOCC3)NN
dude_rock1__L003338,COc1ccc2c(c1)S[C@H](N2)NC(=O)[C@H]3CC(=O)N(C3)CCC4=c5cc(ccc5=[NH+]C4)F
dude_rock1__L003339,c1ccc2c(c1)cc(c([nH+]2)N3CCCCC3)/C=C(\C#N)/c4c(c(n(n4)CCO)N)C#N
dude_rock1__L003340,Cc1c(c(n(n1)C)N2CCOCC2)C[NH2+]C[C@@H](C[NH+]3CCCC3)O
dude_rock1__L003341,CC(C)[NH+]1CCN(CC1)c2ccc(c(n2)OC(C)(C)C)N
dude_rock1__L003342,C=CCNS(=O)(=O)c1ccc2c(c1)[C@H]3C=CC[C@@H]3[C@@H](N2)c4ccc(cc4)O
dude_rock1__L003343,C[C@@H](COc1c(cc(cc1Cl)Cl)C[NH2+]C(C)(C)C)C(=O)N
dude_rock1__L003344,CCCCc1ccc(cc1)N2[C@@H]3CS(=O)(=O)C[C@@H]3SC2=[NH2+]
dude_rock1__L003345,Cc1c(sc(n1)Cl)S(=O)(=O)NC2CC[NH+](CC2)C
dude_rock1__L003346,c1ccc(cc1)OC[C@H](C[NH+](Cc2ccco2)Cc3[nH]c(=O)c4c5c(sc4n3)CCC5)O
dude_rock1__L003347,C4CN(c3nc(NCCc1ccccc1)nc(Nc2ccncc2)n3)CCN4
dude_rock1__L003348,c1csc2c1[C@H](N(CC2)C(=O)[C@H](CC(=O)N)[NH3+])C3CC3
dude_rock1__L003349,C[NH+]1CCN(CC1)S(=O)(=O)c2ccc3c(c2)[C@H]4C=CC[C@H]4[C@H](N3)c5c6ccccc6ccc5OC
dude_rock1__L003350,CCCC[NH+]1CCCC[C@H]1CNC(=O)NNC(=O)c2cn(c3c2cccc3)C
dude_rock1__L003351,CC[NH2+][C@@H]1CCCC[C@H]1C[NH+]2CCC[C@@H]2C3CCCC3
dude_rock1__L003352,Cc1ccc(c(c1)NC(=S)N/N=C\2/c3cc(ccc3N=C2O)F)C
dude_rock1__L003353,Cc1cc2n([nH+]1)C[C@H](CN2)C[NH2+]C[C@@H]3CCS(=O)(=O)C3
dude_rock1__L003354,c1ccc(c(c1)C(=O)Nc2c(non2)NC(=O)CSC3[NH+]=c4ccccc4=[NH+]3)C(=O)[O-]
dude_rock1__L003355,CCCCn1c(c(c(=O)[nH]c1=O)N(C2CCCC2)C(=O)C[NH+]3CCC[C@@H]3c4cccs4)N
dude_rock1__L003356,Cc1cc(ccc1Oc2c(nccn2)C(=S)N)C(C)(C)C
dude_rock1__L003357,CN1[C@@H]([C@@H](C(=O)N(C1=S)C)[C@@H]2[C@@H]3C(=c4ccccc4=[NH+]3)CCN2)O
dude_rock1__L003358,CCc1cccc2c1NC(=O)[C@]23[C@H]4[C@@H]([C@H]([NH2+]3)[C@@H](C)O)C(=O)N(C4=O)CCc5ccccc5
dude_rock1__L003359,c1ccc(c(c1)/C=N/NC(=O)Cc2ccc(c3c2cccc3)Br)OCC(=O)[O-]
dude_rock1__L003360,C[C@@H](c1c2c(sc1NC(=O)C(C)C)CN(CC2)C(=O)C)O
dude_rock1__L003361,Cn1cc(cn1)CN(C)c2c3cc(ccc3[nH+]cc2N)Br
dude_rock1__L003362,CCOc1ccccc1C(=O)NCC(=O)N[C@@H](C)c2[nH]cc([nH+]2)c3ccccc3
dude_rock1__L003363,CCC[C@@H]1CC[C@H]([C@@H](C1)[NH+](CCC)C(C)C)C[NH3+]
dude_rock1__L003364,C[C@@H]1C[C@H](C[NH+](C1)C[C@@H](C)NC(=O)Nc2cc(c[nH]c2=O)C(F)(F)F)C
dude_rock1__L003365,c1ccc2c(c1)c3cc(cc(c3[nH+]c2NCCO)[N+](=O)[O-])Cl
dude_rock1__L003366,Cc1cc(ccc1NC(=O)CSc2nnc(n2N)c3ccc(cc3)Cl)Br
dude_rock1__L003367,Cc1ccc(cc1C)C(=O)n2cnnc2N
dude_rock1__L003368,CCOc1ccc(cc1)C[NH+]2CCNC(=O)[C@H]2CC(=O)N3CCN(CC3)C4CCCC4
dude_rock1__L003369,CC[C@H]1CCCC[C@H]1OC(=O)C2(CCCCCC2)[NH3+]
dude_rock1__L003370,Cc1ccc(c(c1)OC2CC[NH+](CC2)[C@H](C)C(=O)NC(=O)NC(C)C)C
dude_rock1__L003371,CCN(C[C@@H](C)C#N)C(=O)[C@H](Cc1ccc(c(c1)O)O)[NH3+]
dude_rock1__L003372,c1cc(cc(c1)Br)[C@@H](c2c(n3c(s2)nc(n3)c4ccco4)O)[NH+]5CCC(CC5)C(=O)N
dude_rock1__L003373,Cc1cccc(n1)N2C(=O)c3ccccc3/C(=C/Nc4ccccc4c5c([nH]c(=S)nn5)[O-])/C2=O
dude_rock1__L003374,CC(C)(CNC(=O)CN1C(=O)[C@@]2(CCc3c2cccc3)NC1=O)c4ccc5c(c4)OCO5
dude_rock1__L003375,c1cc(ccc1c2nc(on2)c3ccc(cc3)O)O
dude_rock1__L003376,c1ccc(cc1)n2cc(c(n2)c3cccs3)[C@H]4c5c([nH]c(=O)nc5NC6=C4C(=O)CCC6)[O-]
dude_rock1__L003377,CCNC(=O)CN1CCN(CC1)C(=O)NCC(=O)N(C)C
dude_rock1__L003378,C1CCCC(CC1)[NH2+][C@]2(CCS(=O)(=O)C2)C(=O)N
dude_rock1__L003379,CCC(C)(C)C1CCC(CC1)(c2cnn(c2)CC)[NH3+]
dude_rock1__L003380,Cc1ccc(c(c1)C[C@@H](C[NH3+])c2ccc3c(c2)OCO3)OC
dude_rock1__L003381,c1ccc(cc1)C(=O)N2C[C@H](C3(C2)CC[NH2+]CC3)C(=O)NC[C@H]4CCCO4
dude_rock1__L003382,CC(C)[NH+]1CCc2c(sc3c2C(=N[C@@H](N3)c4ccccc4)O)C1
dude_rock1__L003383,c1ccn2c(c1)nnc2Sc3ccc(cc3F)C[NH3+]
dude_rock1__L003384,CC(=O)c1ccc(cc1O[C@H]2CS(=O)(=O)C[C@@H]2O)F
dude_rock1__L003385,Cc1c2ccccc2oc1[C@H](C)[NH2+][C@H](C)[C@@H]3CCCO3
dude_rock1__L003386,C[C@H]1C[C@@H](C[NH+](C1)[C@@H](C)C(=O)Nc2ccc(cc2N)F)C
dude_rock1__L003387,C[NH2+][C@@H](c1cc2c(cc1Br)OCCCO2)[C@@H]3COCCO3
dude_rock1__L003388,Cc1ccc2nc(cn2c1)CNC(=O)C[C@H]3C(=O)NCC[NH+]3CC4CCCCC4
dude_rock1__L003389,Cc1ccsc1C(=O)NNC(=O)NC[C@@H](c2ccccc2OC)[NH+](C)C
dude_rock1__L003390,Cc1cc(c(c2c1C(=O)/C(=C/c3cc4ccccc4o3)/O2)C[NH+]5CCN(CC5)CCO)O
dude_rock1__L003391,C[NH+](C)C1(CCCCC1)CNC(=S)Nc2ccc(cc2)[N+](=O)[O-]
dude_rock1__L003392,c1cc(ccc1c2ccc(o2)/C=C(\C#N)/C(=O)NCC[NH+]3CCCCC3)S(=O)(=O)N
dude_rock1__L003393,Cc1c2ccccc2sc1[C@@H](C)[NH2+][C@@H]3CCCCNC3=O
dude_rock1__L003394,CC(=O)Nc1nnc(s1)S(=O)(=O)NCC(=O)N2CC[NH+](CC2)C
dude_rock1__L003395,CC(C)CNC(=O)NC(=O)CSc1nc2cc(ccc2c(=O)n1c3ccc(cc3)F)C(=O)[O-]
dude_rock1__L003396,Cc1c(oc(n1)NC(=O)NCC2CC2)C
dude_rock1__L003397,CC[C@@H]([C@H](c1cc(cs1)Br)N2CCC(CC2)[NH+](C)C)[NH3+]
dude_rock1__L003398,c1cc(c(cc1Cl)[N+](=O)[O-])S(=O)(=O)N[C@H]2CCCC[C@@H]2[NH3+]
dude_rock1__L003399,c1cc(c(cc1[N+](=O)[O-])/C=C/CO)O
dude_rock1__L003400,Cc1ccc(cc1)N2[C@H]3CC(C[C@@H](C3=CN2)NC(=O)c4c(cc([nH]c4=O)C)C)(C)C
dude_rock1__L003401,Cc1c(c(=O)[nH]c(n1)C)[C@@H](C)[NH2+]CCCCn2cc[nH+]c2
dude_rock1__L003402,Cc1cc2c(c(=O)n1Cc3ccc4c(c3)OCO4)[C@H](C(=C(O2)N)C#N)c5ccc(cc5Cl)Cl
dude_rock1__L003403,COc1cccc(c1OC)[C@H]2c3c(c4ccccc4[nH]3)C[C@H]([NH2+]2)C(=O)OC
dude_rock1__L003404,Cc1cc(=O)n2c(n1)NC(=[NH+][C@@H]2[C@H]3CCC=CC3)Nc4ccccc4Cl
dude_rock1__L003405,CCNC(=O)NC(=O)[C@H](C)[NH+]1CCN(CC1)S(=O)(=O)C
dude_rock1__L003406,CC1(CC(=NNC(=O)[C@H]2C3=C(CCCC3)N=N2)CC([NH2+]1)(C)C)C
dude_rock1__L003407,COc1ccc(cc1OC)c2c(n3c4c(sc3n2)CCC4)CC[NH3+]
dude_rock1__L003408,c1ccc2c(c1)ccc(c2O)/N=N/c3c4ccccc4c(cc3O)S(=O)(=O)[O-]
dude_rock1__L003409,c1ccc2c(c1)CCC[C@@H]2NC(=O)CN3C(=O)[C@@H](NC3=O)CC4=c5ccccc5=[NH+]C4
dude_rock1__L003410,CCCc1nc2ncc3c(n2n1)ccn(c3=O)N
dude_rock1__L003411,CC(C)N(CC[NH3+])S(=O)(=O)c1cn(c(=O)n(c1=O)C)C
dude_rock1__L003412,Cc1ccc(cc1)[C@H]2CC(=NN2c3ccc(c(c3)Cl)OC)C[NH3+]
dude_rock1__L003413,Cc1ccc(cc1)NC(=O)C[NH+](C)[C@@H](C)C(=O)NC(=O)NCC(C)C
dude_rock1__L003414,c1ccc(c(c1)[C@H]2NC(=[NH2+])Nc3n2c4ccccc4n3)OCc5cccnc5
dude_rock1__L003415,Cc1ccc(c(c1)C)NC(=O)NC(=O)CN2CC[NH+](CC2)CC(=O)NCC=C
dude_rock1__L003416,Cc1c(c(=O)[nH]c2c1c(nn2C)[O-])CCC(=O)NCc3ccc(cc3)n4cccn4
dude_rock1__L003417,C[C@H](c1ccccc1Cl)[NH2+][C@H](C)c2cc(ccc2O)OC
dude_rock1__L003418,CC[NH+]1CCN(CC1)C(=O)CCC2CC[NH+](CC2)C34CC5CC(C3)CC(C5)C4
dude_rock1__L003419,Cc1cn2c(=O)cc([nH+]c2s1)CN3C(=O)[C@](NC3=O)(C)C4CC[NH2+]CC4
dude_rock1__L003420,c1ccc2c(c1)N[C@@H](N2CCO)c3cccc(c3)[C@@H]4C=CN=[NH+]4
dude_rock1__L003421,CN(C)c1ccc(cc1)c2nc(no2)c3ccc(cc3)N
dude_rock1__L003422,Cc1[nH]c(=O)cc(n1)C2CCN(CC2)C(=O)CCS[C@H]3N[NH2+]NN3C
dude_rock1__L003423,CCN1c2ccccc2N[C@@H]1SCc3[nH]c4ccccc4n3
dude_rock1__L003424,CCOc1cc2c(cc1OCC)[C@@H]([NH2+]CC2)c3ccc(cc3)O
dude_rock1__L003425,Cc1ccc(c(c1)C)NC(=S)NNC(=O)c2ccc(o2)Cl
dude_rock1__L003426,CC[C@@H](CNc1ccc(cc1[N+](=O)[O-])S(=O)(=O)N)[NH+]2CCCC2
dude_rock1__L003427,CNc1c(cc(cn1)Br)C(=O)NCCc2ccc(cc2)O
dude_rock1__L003428,CCCC1=C2[C@@H](C(=C(O[C@H]2N=N1)N)C#N)[C@@H]3CCC=CC3
dude_rock1__L003429,C[C@@H]1CCC[C@@H](C1)[NH2+]CC(=O)NC2CCCCC2
dude_rock1__L003430,c1ccc2c(c1)C(=O)N(S2(=O)=O)CCc3ccc(cc3)N
dude_rock1__L003431,COc1ccc(cc1)CCc2nnc(o2)CCC(=O)NC[C@H]3C=c4cc(ccc4=[NH+]3)Cl
dude_rock1__L003432,C[C@@H]1CCC[C@@](C1)(CNC(=O)NNc2ccc(nn2)n3cccn3)[NH+](C)C
dude_rock1__L003433,CNC(=O)[C@H]1CCCCN1C(=O)C2(CCCCC2)[NH3+]
dude_rock1__L003434,Cc1ccc(cc1)C(=O)N2C[C@@H](C3(C2)CC[NH2+]CC3)C(=O)NC[C@@H]4CCCO4
dude_rock1__L003435,CC[NH+]1CCN(CC1)Cc2c(c(=O)cc(n2C3CCCC3)C)O
dude_rock1__L003436,C[NH+]1CCC(=CC1)C2=c3cc(ccc3=[NH+]C2)c4ccc(cc4)F
dude_rock1__L003437,C[C@H]1CCC[C@@H]([C@@H]1C)NC(=O)C[NH2+]C2CCCC2
dude_rock1__L003438,CC(=O)N1c2ccccc2/C(=C/3\C(=O)N=C(S3)[N-]c4ccccc4C(=O)N)/C1=O
dude_rock1__L003439,COc1ccccc1/N=C/2\N[C@H]([NH+]=C(N2)CSc3nnc(o3)c4ccncc4)N
dude_rock1__L003440,Cc1ccccc1NC(=O)[C@@H](C(C)C)Sc2nnc(n2N)c3cccs3
dude_rock1__L003441,CCc1ccc(cc1)/C=C/2\C(=O)N(C(=S)S2)CCC(=O)Nc3ccc(cc3)C(=O)[O-]
dude_rock1__L003442,CC[NH2+][C@H]1CC[C@H](C[C@@H]1C[NH+]2CCC(CC2)O)C(C)(C)C
dude_rock1__L003443,CCC[C@H](C)C(=O)N1C[C@H](C2(C1)CC[NH2+]CC2)C(=O)NCc3ccc(s3)c4ccccn4
dude_rock1__L003444,C[NH+](C)C[C@@H]1CCCN1c2cc(ccc2C[NH3+])Br
dude_rock1__L003445,c1ccc2c(c1)c(=O)c3c(o2)C(=O)N[C@H]3c4ccc(cc4)O
dude_rock1__L003446,CN(C)C(=O)CNC(=O)[C@H]1CN(CC12CC[NH2+]CC2)C(=O)[C@H]3CCC=CC3
dude_rock1__L003447,c1ccc2c(c1)C(=O)N([C@@H](N2)SCc3[nH]c(=O)c4ccc(cc4n3)C(=O)[O-])CCC5=CCCCC5
dude_rock1__L003448,CCNC(=O)NC(=O)C[NH+](CC(=O)NC(=O)NCC)C1CCC(CC1)C
dude_rock1__L003449,CCOC(=O)[C@]1(CSC2=C1C(=O)c3ccccc3C2=O)N
dude_rock1__L003450,Cc1cc(ccc1NC(=O)NCC(=O)NCC(C)C)N2CC[NH+](CC2)C
dude_rock1__L003451,CCC(CC)C(=O)N1C[C@H](C2(C1)CC[NH2+]CC2)C(=O)NC[C@@H]3CCC[NH+]3CC
dude_rock1__L003452,COc1ccc(cc1C[C@@H](C[NH3+])c2ccc3c(c2)OCO3)Cl
dude_rock1__L003453,c1ccc(cc1)N2CCN(CC2)C(=O)CNC(=O)N3CCC4=c5cc(ccc5=[NH+][C@H]4C3)Cl
dude_rock1__L003454,CC(C)[C@H](c1cc(=O)n2c([nH]1)cc(n2)C3CCOCC3)[NH2+]Cc4ccccc4OC
dude_rock1__L003455,c1ccc(c(c1)C(=O)N)NC(=O)[C@H]2C[C@@H]3CCCC[C@@H]3[NH2+]2
dude_rock1__L003456,Cc1ccc(cc1)[C@H](CNC(=O)C2CCC3(CC2)C(=O)NC(=O)N3)[NH+]4CCCC4
dude_rock1__L003457,CC1(C(=O)N(C(=O)N1)C[C@H](C[NH+]2CCC(CC2)(c3ccc(cc3)Cl)O)O)C
dude_rock1__L003458,Cc1cc(nc([nH+]1)N(C)C)NC[C@H](c2ccccc2Cl)O
dude_rock1__L003459,c1ccc2=[NH+]C([NH+]=c2c1)C3CCN(CC3)C(=O)/C=C/c4ccc(cc4)Cl
dude_rock1__L003460,CC[NH2+][C@H](C)CC(=O)Nc1cc2c(cc1Br)OCCO2
dude_rock1__L003461,CC[C@@H](c1nnc2n1cc(cc2Cl)C(F)(F)F)[NH2+]C
dude_rock1__L003462,CCOc1cc(ccc1Oc2c3c(ccs3)ncn2)C[NH3+]
dude_rock1__L003463,CCOc1ccc(cc1)c2c(noc2N)c3c(ccs3)C
dude_rock1__L003464,COCCCNC(=O)CN1CN(C2(C1=O)CCN(CC2)C(=O)Nc3ccc(cc3)[N+](=O)[O-])c4ccccc4
dude_rock1__L003465,Cc1c(c(n(n1)C)C)S(=O)(=O)N2CCC[C@H](C2)S(=O)(=O)N
dude_rock1__L003466,COc1ccc(cc1OC)C(=O)N2C[C@H](C3(C2)CC[NH2+]CC3)C(=O)NCCCO
dude_rock1__L003467,Cc1ccc(cc1)[C@@H]2c3ccc(cc3Oc4c2c(=[NH2+])n(cn4)CCCn5cc[nH+]c5)O
dude_rock1__L003468,Cc1cc(ccc1C(=O)NC2(CCCC2)CO)[N+](=O)[O-]
dude_rock1__L003469,CCC[NH2+][C@@H](C)CC[NH+]1CCC2(CCCCC2)CC1
dude_rock1__L003470,Cc1c(c(n(n1)C)C)[C@@H](C)NC(=O)NCCNc2ccccc2[N+](=O)[O-]
dude_rock1__L003471,Cc1ccc2c(c1)[nH]c(n2)[C@H](C)NC(=O)[C@H]3CN(CC34CC[NH2+]CC4)C(=O)[C@@H]5CCC=CC5
dude_rock1__L003472,CC[C@H](CN1C(=O)[C@@](NC1=O)(C)c2cccc(c2)[N+](=O)[O-])[NH3+]
dude_rock1__L003473,c1c2c([nH+]c3c(c2)ccc(c3)/N=C/c4c(cc(cc4)O)O)cc(c1)/N=C/c5c(cc(cc5)O)O
dude_rock1__L003474,C[C@@H]1CCCC[C@@H]1CNC(=O)c2ccc(nn2)NN
dude_rock1__L003475,CC1CC[NH+](CC1)C[C@H](CNC(=O)NC2CCC3(CC2)OCCO3)O
dude_rock1__L003476,C[C@@H]1CN(CCCO1)C[C@@H]2C[C@@H](CC[C@@H]2[NH2+]C)C(C)(C)C
dude_rock1__L003477,c1ccc(cc1)C(CC(=O)NNC(=O)NCCCn2cc[nH+]c2)c3ccccc3
dude_rock1__L003478,C[C@@H]1CC[C@@H]([C@@H](C1)OC(=O)C2(CCCC2)[NH3+])C(C)C
dude_rock1__L003479,c1cc(sc1c2nc(no2)C3(CCCC3)[NH3+])Br
dude_rock1__L003480,CCCNC(=O)[C@H](C)Oc1c(cccc1Br)C[C@@H](CC)[NH3+]
dude_rock1__L003481,CCCC1CC[NH+](CC1)[C@@H]2CCCCC[C@H]2C[NH3+]
dude_rock1__L003482,COc1cccc(c1O)/C=N/NC(=O)CCCSc2nnc(n2N)c3cc(cc(c3)[N+](=O)[O-])[N+](=O)[O-]
dude_rock1__L003483,c1ccc(cc1)[C@H]2CC(=O)N(C2=O)c3ccc(nc3)N
dude_rock1__L003484,Cc1cc(c(cc1N)N2CCCCC2)[N+](=O)[O-]
dude_rock1__L003485,CCC1CCC(CC1)NC(=O)[C@@H]2C[C@@H]3CCCC[C@@H]3[NH2+]2
dude_rock1__L003486,CC(C)[NH+]1CCc2c(sc(c2C(=O)N)NC(=O)C3=COCCO3)C1
dude_rock1__L003487,Cn1cccc1[C@H](CNC(=O)[C@H]2CC(=O)N(C2)c3ccc(cc3)OC)[NH+]4CCCCCC4
dude_rock1__L003488,C[C@H](c1ccccc1OC(C)C)NC(=O)C(C)(C)[NH3+]
dude_rock1__L003489,CC[C@H]([C@@H](c1ccco1)Sc2nnc3n2cccc3)[NH3+]
dude_rock1__L003490,Cc1ccc(c(c1)[C@H]2C[C@@H](n3c(ncn3)N2)c4ccccc4)O
dude_rock1__L003491,Cc1c(sc2c1c(nc(n2)CC[NH3+])N(C)CCCc3[nH+]ccn3C)C
dude_rock1__L003492,CC(C)Oc1ccc(cc1NC(=O)NC[C@@H](c2ccco2)[NH+](C)C)F
dude_rock1__L003493,CCC[C@@]1(CCC[NH2+]C1)C[NH+](C)[C@@H]2CCCC[C@@H]2C
dude_rock1__L003494,CCC[NH+](CC(=O)N1CCc2c1ccc(c2)S(=O)(=O)N)[C@H](C)c3ccc(c(c3)Cl)Cl
dude_rock1__L003495,C[C@H](c1ccc(cc1F)F)[NH2+]Cc2csc(n2)c3ccsc3
dude_rock1__L003496,Cc1ccc(c(c1)[C@@H](C)NC(=O)Nc2ccc(cc2)C#N)C
dude_rock1__L003497,COc1ccc2c(c1)/C(=N/c3ccccc3O)/C(=O)N2
dude_rock1__L003498,C[NH+](C)C1CCN(CC1)Cc2cc(ccc2NN)[N+](=O)[O-]
dude_rock1__L003499,COc1cccc(c1O)[C@H]2[C@H]3CC=C[C@@H]3c4cc(ccc4N2)S(=O)(=O)NC5CCCCC5
dude_rock1__L003500,CC1(CC(CC([NH2+]1)(C)C)[NH2+]C[C@H]2CCC=CC2)C
dude_rock1__L003501,CCc1ccc(cc1)C(=O)N2C[C@H](C3(C2)CC[NH2+]CC3)C(=O)NC[C@@H](C)Oc4ccc(cc4)F
dude_rock1__L003502,c1cc(sc1)[C@H]2C[C@H](Nc3n2nc(n3)N)c4ccc(c(c4)Cl)Cl
dude_rock1__L003503,C[C@@H](C(=O)N[C@H]1Nc2ccccc2S1)NC(=O)[C@@H]3C=c4cc(c(cc4=[NH+]3)OC)OC
dude_rock1__L003504,CC[C@H]1CCCC[NH+]1[C@@H]2CC(=O)N(C2=O)c3ccc(cc3C)O
dude_rock1__L003505,Cc1cccc(c1C(=O)N)NC(=O)/C=C(\C)/c2ccccc2OC
dude_rock1__L003506,CC[NH+](CC)[C@@H](CNC(=O)CC[C@@H]1C(=O)NC(=O)N1)c2ccco2
dude_rock1__L003507,Cc1cccc(c1)CNC2=[NH+]CCNC23CCN(CC3)S(=O)(=O)c4ccc(c(c4)C)C
dude_rock1__L003508,Cc1c(nc2n(c1=O)[C@@H](CS2)CC(=O)NC(C)C)C
dude_rock1__L003509,Cc1ccc(s1)S(=O)(=O)NCC2(CCCCC2)[NH3+]
dude_rock1__L003510,C[C@@H]1CN(C[C@H](O1)C)C(=O)[C@@H](CC2=c3ccccc3=[NH+]C2)NC(=O)N
dude_rock1__L003511,O=C(Nc2ccc1[nH]ncc1c2)C4CCN(Cc3ccccc3)CC4
dude_rock1__L003512,C[NH+](C)[C@@H](CNC(=O)NNc1c(c(c(c(c1F)F)F)F)F)c2ccco2
dude_rock1__L003513,Cc1ccc(cc1C)N2C(=O)[C@@H]3[C@@H]([NH2+][C@@]([C@@H]3C2=O)(CC4=c5ccccc5=[NH+]C4)C(=O)[O-])c6ccccc6O
dude_rock1__L003514,CC[NH2+]Cc1ccc(cc1C)Oc2ccc(cc2OC)C
dude_rock1__L003515,Cc1cc(sc1C(=O)N=c2[nH]c3ccccc3[nH]2)S(=O)(=O)N
dude_rock1__L003516,Cc1cc(c2cc(c(=O)[nH]c2c1)[C@H](c3nnnn3C4CCCC4)[NH+]5CCC(CC5)C)C
dude_rock1__L003517,C4CN(c3nc(NCc1ccccc1)nc(Nc2ccncc2)n3)CCN4
dude_rock1__L003518,c1cc(=O)[nH]cc1S(=O)(=O)NC2CCC(CC2)[NH3+]
dude_rock1__L003519,c1cc(ccc1c2c3c(nc4c2c(c(s4)C(=O)N)N)CCCCC3)Cl
dude_rock1__L003520,c1cc(ccc1[N+](=O)[O-])Oc2ccc(cc2N)Cl
dude_rock1__L003521,Cc1cc(c(c(c1)C)[C@H](CN2C(=O)CCCC2=O)[NH2+]C)C
dude_rock1__L003522,Cc1c2cc3c4c(oc3c(c2oc(=O)c1CC(=O)N[C@@H](Cc5c[nH]c6c5cccc6)C(=O)[O-])C)CCCC4
dude_rock1__L003523,CCOC(=O)C1=C(NC(=O)NC1)C[NH+](Cc2ccc(cc2)C(=O)N)C3CC3
dude_rock1__L003524,C[C@@H](C(=O)NNC(=O)c1cc(ccc1O)Br)Oc2ccccc2F
dude_rock1__L003525,CCC[C@@H](C(=O)NCc1ccc([nH+]c1)N2CCc3ccccc3C2)NC(=O)N
dude_rock1__L003526,CN(C)c1nc(nc(n1)Cl)N[C@@H]2CCCC[C@@H]2O
dude_rock1__L003527,CC[C@H](C(C)C)[NH2+][C@@H]1c2c(ccc(c2NC1=O)C)C
dude_rock1__L003528,COc1cc(ccc1NS(=O)(=O)c2cc(ccc2N)Cl)F
dude_rock1__L003529,CCn5c(c1nonc1N)nc6cnc(Oc4cccc(NC(=O)c3ccc(OCCN2CCOCC2)cc3)c4)cc56
dude_rock1__L003530,Cc1cc(ccc1S(=O)(=O)N[C@H]2CCCC[C@@H]2[NH3+])Cl
dude_rock1__L003531,CCN(C1C[C@H]2CC[C@@H](C1)[NH2+]2)S(=O)(=O)c3ccn(c3)C
dude_rock1__L003532,c1cc(ccc1OCc2nc3cc(cnc3n2CC[NH3+])Cl)Cl
dude_rock1__L003533,C[C@@H](c1ccccc1C(F)(F)F)[NH2+]C[C@@H]2CNc3ccnn3C2
dude_rock1__L003534,Cc1cc([nH]c(=O)c1C(=O)N(C)C[C@@H]2C=c3cc(ccc3=[NH+]2)F)C
dude_rock1__L003535,C[C@H]1c2cc(c(cc2OC(=O)[C@H]1CC(=O)N[C@@H](C)Cc3c[nH]c4c3cccc4)O)Cl
dude_rock1__L003536,CCC1(CC[NH2+]CC1)c2nnc3n2cc(cc3)C(F)(F)F
dude_rock1__L003537,Cc1cc(c(cc1Cl)OC)NC(=O)CSc2nnc(n2N)c3cc(c(c(c3)OC)OC)OC
dude_rock1__L003538,c1ccc2c(c1)CC[NH+](C2)C[C@H](CN3C(=O)[C@@H]4CC=CC[C@@H]4C3=O)O
dude_rock1__L003539,C1CCC(CC1)NC(=O)C2CCN(CC2)[C@@H]3CCOC3=O
dude_rock1__L003540,Cc1c(c(n(n1)C)C)NC(=O)[C@H](C)[NH2+][C@@H]2CCC[C@@H]([C@@H]2C)C
dude_rock1__L003541,COc1ccc(cc1)CNC(=O)CC2CCN(CC2)C(=O)[C@H]3C=c4ccc(cc4=[NH+]3)OC
dude_rock1__L003542,CCOc1cccc2c1oc(c2)[C@H](C)[NH2+][C@@H](C)C(=O)NC(=O)NC(C)(C)C
dude_rock1__L003543,c1cc(oc1)C(=O)NCCC(=O)N2CCC3(CC2)[C@@H]4C(=NC=N4)CC[NH2+]3
dude_rock1__L003544,Cc1ccc(cc1)[C@@H](CC(=O)N2CCN(CC2)C=O)C[NH3+]
dude_rock1__L003545,C1C[C@]2(CCC[NH+](C2)CC3C4CC5CC(C4)CC3C5)C[NH2+]C1
dude_rock1__L003546,c1cc(c(nc1)Oc2cc(c(cc2Cl)Cl)Cl)/C(=N/O)/N
dude_rock1__L003547,C1CCNC(=O)[C@@H](C1)NC(=O)C[NH+]2CCCC[C@@H]2C(=O)N3CCOCC3
dude_rock1__L003548,c1csc2c1nc([nH]c2=O)CSC3=NCCCN3
dude_rock1__L003549,C[NH+](C)C1(CCCCC1)CNC(=O)c2ccc(cc2)N3CCC[C@@H](C3)C(=O)N
dude_rock1__L003550,c1ccc(c(c1)[C@H]2[C@@H](C(=[NH+]C(=S)[C@@H]2C(=O)N)N)C#N)F
dude_rock1__L003551,Cc1ccc(s1)[C@@H](C)NC(=O)N(C)Cc2ccccc2O
dude_rock1__L003552,C[C@@H](c1ccc(cc1)F)[NH2+][C@@H](C)c2ccc3c(c2)OCO3
dude_rock1__L003553,Cn1c2ccccc2c3c1nc(nn3)N/N=C/c4cc(cc(c4O)Br)Cl
dude_rock1__L003554,C[C@@H]1[C@H](S[C@@H](N1)N(C2CCCC2)C(=O)C)C(=O)NCCc3c[nH]c[nH+]3
dude_rock1__L003555,Cc1cccc(c1)CC(=O)N2C[C@@H](C3(C2)CC[NH2+]CC3)C(=O)N[C@H](C)CCCC(C)(C)O
dude_rock1__L003556,C1CC1C[NH+]2CCN(CC2)[C@H]3CS(=O)(=O)C[C@H]3O
dude_rock1__L003557,CC(C)(C)OC(=O)c1c2c(n[nH]1)OC(=C(C23CC[NH+](CC3)C)C#N)N
dude_rock1__L003558,CCCNC(=O)C[NH+]1CCN(CC1)[C@@H](C)C(=O)NC(=O)NC2CC2
dude_rock1__L003559,C[C@H]([C@H]1CCCO1)NCc2[nH]c3ccsc3c(=O)n2
dude_rock1__L003560,C[C@@H]1CCCC[C@H]1[NH2+]CC[NH+]2C[C@@H](C[C@@H](C2)C)C
dude_rock1__L003561,CCC[C@H]1CC[C@@H]([C@@H](C1)Oc2ccc(cc2)C(=O)N)C[NH3+]
dude_rock1__L003562,CC(C)N1c2ccccc2[C@H](C1=O)NC(=O)C(=O)NC3CC([NH2+]C(C3)(C)C)(C)C
dude_rock1__L003563,CCOc1ccccc1O[C@H]2CCCCCC[C@H]2[NH2+]C
dude_rock1__L003564,C[C@H]1CCC[C@@H](C1)OC(=O)[C@@]2(CCC[C@@H](C2)C)[NH3+]
dude_rock1__L003565,CC(C)C[C@@H]1C(=O)N2CC[C@H](C[C@H]2C(=O)N1)OCC#C
dude_rock1__L003566,Cn1cc(cn1)CN(C)c2nc3c(s2)[C@@H](CCC3)O
dude_rock1__L003567,c1ccc2c(c1)CCN(C2)c3c(c(ncn3)Nc4ccccc4C(F)(F)F)N
dude_rock1__L003568,Cc1ccc(c(c1)NC(=O)C(=O)NC[C@@H](c2cccn2C)[NH+]3CCCCCC3)OC
dude_rock1__L003569,c1csc(n1)Nc2[nH]c(=O)c3c(n2)CCCC3
dude_rock1__L003570,Cc1cc2c(c(c1)Cl)NC(=O)[C@]23[C@H]4[C@@H]([C@@H](N3)CCC(=O)[O-])C(=O)N(C4=O)C5CCCCC5
dude_rock1__L003571,C[C@@H]1CCCC[C@@]12C(=O)N(C(=O)N2)CC(=O)N[C@@H](c3ccc4c(c3)OCCCO4)C(C)C
dude_rock1__L003572,C[C@@H](c1nnc2n1CCC2)[NH2+][C@H]3CCCc4c3cnn4C
dude_rock1__L003573,c1cc2c(cc1c3ccc(o3)/C=N\NC(=O)c4cc(cnc4)Br)C(=O)NC2=O
dude_rock1__L003574,c1cc(ccc1C[NH2+]CC2(CCOCC2)c3ccc(cc3)Cl)OCC(=O)N
dude_rock1__L003575,CC(C)(c1nc(on1)COc2ccc(cc2Cl)F)[NH3+]
dude_rock1__L003576,C[C@@H](CNc1cc2c(cc1N)CC(=O)N2)[NH+](C)C
dude_rock1__L003577,c1ccc2=[NH+][C@@H](C=c2c1)C(=O)NCCNC(=O)C(=O)Nc3ccc4c(c3)OCCO4
dude_rock1__L003578,Cc1ccc(o1)c2c(c[nH]n2)C[NH2+]Cc3cnc(s3)C
dude_rock1__L003579,CC(C)C[NH+](CC(C)C)CC1(CCCCC1)C[NH3+]
dude_rock1__L003580,c1ccc(c(c1)/C=N/c2ccc(cc2)S(=O)(=O)NC(=[NH2+])N)Cl
dude_rock1__L003581,CC1CCN(CC1)S(=O)(=O)c2ccc(c(c2)[N+](=O)[O-])N3CC[NH2+][C@@H](C3)C(=O)N
dude_rock1__L003582,C[C@H]1[C@@H](N2[C@@H](N1)SC(=N2)C)CNC(=O)CC3=c4ccccc4=[NH+]C3
dude_rock1__L003583,c1ccc(cc1)C(=O)C2=C(C(=O)N([C@@H]2c3ccccc3F)c4ccc(cc4)S(=O)(=O)N)[O-]
dude_rock1__L003584,Cc1cc2n[nH]c(=O)n2c3c1cc(cc3)O
dude_rock1__L003585,Cc1cccc2c1[nH]c(=O)c(c2)[C@H](c3nnnn3C4CCCC4)[NH+]5CCCC6(C5)CCCCC6
dude_rock1__L003586,Cc1c\2c(oc1C(=O)NCCCOC)CC(C/C2=N\NC(=[NH2+])N)(C)C
dude_rock1__L003587,CCc1c(s/c(=N\C(=O)c2cc(cc[nH+]2)NC)/[nH]1)C
dude_rock1__L003588,Cc1ccc(c(c1)C)NC(=O)CSc2c(c(c(c(n2)N)C#N)c3cccs3)C#N
dude_rock1__L003589,CC[NH+]1CCc2c3ccccc3[nH]c2[C@@H]1c4c([nH]c(=O)n(c4=O)c5ccccc5OCC)O
dude_rock1__L003590,CC[C@@H](C)[C@H](C)[NH2+][C@@H]1c2c(ccc(c2NC1=O)C)C
dude_rock1__L003591,CC[NH2+]C(C)(C)C(=O)Nc1ccc(cc1C)I
dude_rock1__L003592,C[C@@H](c1cccc(c1)S(=O)(=O)NC)[NH2+]Cc2ccc(c(c2)[N+](=O)[O-])NC
dude_rock1__L003593,Cc1ccc(c(c1)N2CC[NH+](CC2)[C@H](c3cc4cc5c(cc4[nH]c3=O)OCO5)c6nnnn6CCOC)C
dude_rock1__L003594,C[C@@]1(CC([NH+]=C(N1c2ccccc2)[S-])(C)C)c3ccc(cc3O)O
dude_rock1__L003595,C[C@H](CNC(=O)C(=O)Nc1ccc(cc1)N2CCNC2=O)[NH+]3CCCC3
dude_rock1__L003596,Cc1c(n2c(c(sc2n1)C)c3ccc(cc3)OCC(=C)C)N
dude_rock1__L003597,COc1ccccc1[C@@H](CNC(=O)c2ccccc2OCC(=O)N)[NH+]3CCCC3
dude_rock1__L003598,C[C@@]12CC[C@@H]3[C@@]4([C@H](C(C(=C(C4=O)C[C@]3(C1=CC(=O)O[C@H]2c5ccoc5)O)O)(C)C)CC(=O)[O-])C
dude_rock1__L003599,CC(=O)NCCNC(=O)c1ccc(s1)C#CC[NH3+]
dude_rock1__L003600,Cc1ccc(cc1O[C@H](c2ccco2)[C@H](C)[NH3+])C(C)C
dude_rock1__L003601,Cc1c(c(n(n1)[C@H](c2cccs2)C(C)C)N)[N+](=O)[O-]
dude_rock1__L003602,C[C@@H](C(=O)N/N=C/c1ccc(cc1O)O)Nc2cccc3c2cccc3
dude_rock1__L003603,COc1cc(c(cc1OC(F)F)[N+](=O)[O-])/C=C/C(=O)Nc2cc(ccc2N3CCCCC3)C(=O)N
dude_rock1__L003604,c1ccc(cc1)C(=O)O[C@@]2(CC[NH2+][C@H]3[C@@H]2CCCC3)O
dude_rock1__L003605,Cc1ccc(cc1)NC(=O)Nc2cccc3c2CC[NH+](C3)CC(=O)NCC=C
dude_rock1__L003606,C[C@@H]1c2cc3c(cc2OC(=O)[C@H]1CCC(=O)NCCc4c[nH]c[nH+]4)occ3c5ccccc5
dude_rock1__L003607,CCCCN(c1c(n(c(=O)[nH]c1=O)CC(C)C)N)C(=O)C[NH+](C)CC2CCCCC2
dude_rock1__L003608,CC1=c2cc(ccc2=[NH+][C@H]1C(=O)NC3CCC(CC3)N4C=C(NN4)C(=O)N5CCCC5)Cl
dude_rock1__L003609,c1cc(oc1)[C@@H](c2ccc3c(c2)oc(=O)[nH]3)O
dude_rock1__L003610,Cc1ccccc1CC(=O)N2C[C@H](C3(C2)CC[NH2+]CC3)C(=O)N[C@@H](C)C4=C(N=N[C@@H]4C)C
dude_rock1__L003611,c1ccc2=[NH+]CC(=c2c1)c3nnc(n3C4CC4)SCC(=O)Nc5c(ccs5)C(=O)N
dude_rock1__L003612,CCCC[C@H](C)C(=O)N1C[C@@H](C2(C1)CC[NH2+]CC2)C(=O)NCc3ccccc3N4CCOCC4
dude_rock1__L003613,CCOC(=O)C1=C(OC2=c3ccccc3=[NH+]C(=O)[C@@H]2[C@@H]1c4ccc(cc4)O)N
dude_rock1__L003614,C[C@@H]1CCC[C@H]([C@H]1C)[NH2+][C@@H]2C(=C(C(=O)N2CCC(C)C)C)C
dude_rock1__L003615,Cc1cc(n(n1)C(C)(C)C)C(=O)N2C[C@H](C3(C2)CC[NH2+]CC3)C(=O)NCCNC(=O)OC(C)(C)C
dude_rock1__L003616,CC(C)[NH+]1CCc2c(sc(c2C(=O)N)NC(=O)c3ccnn3C)C1
dude_rock1__L003617,C[C@@H]1C(=c2ccccc2=[NH+]1)C(=O)[C@H](C)OC(=O)c3c(nccn3)N
dude_rock1__L003618,Cc1cc(no1)Nc2c3cnn(c3nc(n2)NCC[NH2+]CCO)c4ccccc4
dude_rock1__L003619,CC[C@H](c1ccccc1)C(=O)N2C[C@H](C3(C2)CC[NH2+]CC3)C(=O)NCCc4c([nH]c5c4cc(cc5)C#N)C
dude_rock1__L003620,c1cc(ccc1[C@H]2[C@@H](CC(=O)N2C[C@@H]3CCCO3)[NH3+])[N+](=O)[O-]
dude_rock1__L003621,COc1ccccc1[C@H](CNC(=O)c2ccc(cc2)C(=O)N)[NH+]3CCCC3
dude_rock1__L003622,Cc1cccc(c1)CNC2=[NH+]CCNC23CCN(CC3)S(=O)(=O)c4ccc(cc4)CC(C)C
dude_rock1__L003623,c1ccc2c(c1)CC[NH+](C2)C[C@@H](CSc3nc(cc(n3)N)N)O
dude_rock1__L003624,COC(=O)[C@H]1Cc2c(ccc(c2C(=O)C1)O)O
dude_rock1__L003625,CCCCNC(=O)NC(=O)[C@H](C)[NH+]1CCN(CC1)c2ccccc2O
dude_rock1__L003626,C[C@@H](N)c3ccc(C(=O)Nc1ccnc2[nH]ccc12)cc3
dude_rock1__L003627,COC1=C[C@H]2C[NH+]3[C@@H](C[C@@H]2C=C1Cl)CO[P@@](=O)(N3)SC
dude_rock1__L003628,CC1(CC(CC([NH2+]1)(C)C)NC(=O)CCC(=O)NC2CC([NH2+]C(C2)(C)C)(C)C)C
dude_rock1__L003629,C[C@]12CC[C@H](C1(C)C)C[C@H]2NC(=O)CSc3nnc(n3N)c4ccc(cc4Cl)Cl
dude_rock1__L003630,CC(C)(C)OC(=O)NNC(=O)NCC1(CCCCC1)[NH+]2CCCCC2
dude_rock1__L003631,c1ccc2c(c1)[nH]c(=NC(=O)C3C[C@H]4CCC[C@@H](C3)C4=O)[nH]2
dude_rock1__L003632,Cc1c(cccc1NC(=O)c2cn(c3c2cccc3)CC=C)C(=O)N
dude_rock1__L003633,CN1CCCc2c1ccc(c2)[C@@H](CNC(=O)C(=O)Nc3ccccc3C(F)(F)F)[NH+]4CCCC4
dude_rock1__L003634,c1ccc2c(c1)c(c[nH]2)CCNC(=O)[C@H]3CN(CC34CC[NH2+]CC4)C(=O)[C@H]5CCC=CC5
dude_rock1__L003635,c1cc(ccc1Sc2c(c(ncn2)N)[N+](=O)[O-])Cl
dude_rock1__L003636,COc1coc(cc1=O)C(=O)N=c2[nH]c3ccccc3[nH]2
dude_rock1__L003637,c1ccc2=[NH+]CC(=c2c1)CC(=O)OCC(=O)N[C@H]3[C@@H](C=CS3)C(=O)N
dude_rock1__L003638,C[C@]1(CCCN(C1)C(=O)CCC2CC[NH2+]CC2)C(=O)[O-]
dude_rock1__L003639,Cc1cc(c(s1)C)C(=O)CN2C(=O)C(NC2=O)(C)C
dude_rock1__L003640,Cc1ccc2cc(c(nc2c1C)Cl)CSc3nc([nH]n3)N
dude_rock1__L003641,Cc1c([nH]c2c1cc(cc2C[NH2+]Cc3ccc4c(c3)non4)F)C
dude_rock1__L003642,C[C@@H]1[C@@H](c2ccccc2N1CC(=O)N)[C@@H]3[NH+]=c4ccc(cc4=[NH+]3)Cl
dude_rock1__L003643,CC(=O)N/[NH+]=C(\N)/S[C@H]1CC(=O)N(C1=O)c2ccc(cc2)Cl
dude_rock1__L003644,Cc1ccc(cc1)NC(=O)C[NH+](C)[C@H](C)C(=O)NC(=O)Nc2ccc(cc2)C
dude_rock1__L003645,Cc1ccc(cc1)CN2c3ccccc3[C@]4(C2=O)[C@H]5C(=CC(=NC5=O)C)OC(=C4C(=O)OC)N
dude_rock1__L003646,c1cc2c(cc1[C@H]3C/C(=N\NC(=S)N)/c4cc(ccc4O3)Cl)OCCCO2
dude_rock1__L003647,CC(C)Oc1cccc(c1)[C@@H]2NN[C@@H](N2N)SCC3[NH+]=c4ccccc4=[NH+]3
dude_rock1__L003648,COc1cc(ccc1O)C[C@H]2CO[C@@H]([C@@H]2CO)c3ccc(c(c3)O)O
dude_rock1__L003649,c1c(c(cc(c1NC(=O)N2CC[C@@H](C2)C[NH3+])F)F)C(=O)[O-]
dude_rock1__L003650,CC[NH+]1C[C@@H]2CCCC[C@@H]2[C@@H]1CNC(=O)c3cc(ccc3OC)S(=O)(=O)N
dude_rock1__L003651,C[C@H](c1ccc2c(c1)[nH]c(=O)[nH]2)NC(=O)/C=C/c3ccccc3Br
dude_rock1__L003652,CCC[NH+](Cc1ccc(cc1[N+](=O)[O-])C(=O)N)CC(=O)Nc2ccc(c(c2F)F)F
dude_rock1__L003653,Cc1cc(oc1C[NH3+])COc2ccc(cc2F)Br
dude_rock1__L003654,c1ccc2c(c1)CC[NH+](C2)C3CCN(CC3)C(=O)Cc4nnc(s4)N
dude_rock1__L003655,CCc1ccccc1NC(=O)C[NH+](C)CC(=O)Nc2ccccc2S(=O)(=O)C(F)F
dude_rock1__L003656,CCOC(=O)[C@H](Cc1cc(cc(c1O)Br)Br)[NH3+]
dude_rock1__L003657,c1ccc(cc1)N2[C@@H](NN[C@@H]2SCC(=O)N/N=C/C3=c4ccccc4=[NH+]C3)c5cccc(c5)[N+](=O)[O-]
dude_rock1__L003658,c1cc(sc1CSc2nnnn2C3CCCC3)C#CC[NH3+]
dude_rock1__L003659,C[C@H](Cn1cc[nH+]c1)NC(=O)N(C)[C@H]2CCS(=O)(=O)C2
dude_rock1__L003660,C[C@H](c1ccc(c(c1)F)N2CC[NH+](CC2)C)[NH2+]Cc3ccc(c(c3)O)OC
dude_rock1__L003661,c1ccc(cc1)C2=NNC(=O)N([C@@]2(c3ccccc3)O)N
dude_rock1__L003662,Cc1cc(c(c(c1)C)NS(=O)(=O)c2c(cccc2Cl)N)C
dude_rock1__L003663,CCCC1CCC(CC1)NC(=O)[C@@H]2C[C@@H]3CCCC[C@@H]3[NH2+]2
dude_rock1__L003664,c1ccc2c(c1)c(=O)[nH]c(n2)[C@H]3c4c(nc(c(n4)C#N)C#N)N([C@@H]3[NH3+])C[C@@H]5CCCO5
dude_rock1__L003665,CCC[NH+](CCC)Cc1c(nc2c(c(ccc2c1O)C)C)C
dude_rock1__L003666,c1cc(c(cc1Cl)[N+](=O)[O-])C[NH2+][C@@H]2CCCC[C@@H]2O
dude_rock1__L003667,CC[NH2+][C@H]1CC[C@H](C[C@@H]1C[NH+]2CCC(CC2)C)C
dude_rock1__L003668,c1cc2cccnc2c(c1)Oc3c(c(ncn3)Nc4ccc(cc4Cl)Cl)N
dude_rock1__L003669,C[C@H]1C[C@@H](C(=O)O1)S[C@@H]2NN=C(N2C3CC3)C4=c5ccccc5=[NH+]C4
dude_rock1__L003670,COc1ccc(cc1OC)[C@H]2CC(=CC(=O)C2)Nc3ccccc3N
dude_rock1__L003671,CC[NH+]1CCC[C@H]1CNC(=O)[C@@H]2CN(CC23CC[NH2+]CC3)C(=O)C(C)C
dude_rock1__L003672,C[C@@H]1CCC[C@](C1)(CNC(=O)NNC(=O)c2ccccc2OC)[NH+](C)C
dude_rock1__L003673,CC1(CCCN1c2c3ccccc3[nH+]cc2C(=S)N)C
dude_rock1__L003674,Cc1ccc(c(c1)OCc2ccc(o2)C[NH2+]C(C)(C)C)Cl
dude_rock1__L003675,Cc1ccoc1C(=O)Nc2c(cc(cc2Br)Br)N
dude_rock1__L003676,c1ccc(c(c1)N2CCN(CC2)C(=O)NCc3ccc([nH+]c3)N4CCCC4)O
dude_rock1__L003677,c1cc2c(cc1Oc3cc4c(cc3N)OCCO4)OCO2
dude_rock1__L003678,[H]/[O+]=C/1\C(=C(C(=O)N1Nc2ncccn2)[n+]3ccc(cc3)C(C)(C)C)[O-]
dude_rock1__L003679,c1cc(cc(c1)[N+](=O)[O-])/C=N/Nc2[nH]nc(n2)SCC(=O)Nc3cccc(c3)Br
dude_rock1__L003680,Cc1ccc2[nH+]c(cn2c1)CNC(=O)N[C@@H](C)c3ccc(cc3)N4CCCC4=O
dude_rock1__L003681,CC(=O)c1c(cc(c(c1O)C(=O)C)OC)O
dude_rock1__L003682,CC(C)(CCc1nc(no1)Cc2ccc(cc2)Br)[NH3+]
dude_rock1__L003683,COc1ccc(cc1)CNC(=O)CC2CCN(CC2)C(=O)[C@@H]3C=c4ccc(cc4=[NH+]3)OC
dude_rock1__L003684,Cc1ccc(cc1[N+](=O)[O-])[C@H]2Nc3ccccc3C(=O)N2
dude_rock1__L003685,CCNC(=O)[C@H](C)Oc1cc(c(cc1OC)C[NH3+])[N+](=O)[O-]
dude_rock1__L003686,Cc1cc(cc(c1Cl)C)Oc2ccc(o2)C[NH3+]
dude_rock1__L003687,CS(=O)(=O)N1CCN2[C@@H](C1)C(=O)N[C@H](C2=O)Cc3ccc(cc3)O
dude_rock1__L003688,Cc1cc(cc(c1NC(=O)[C@](C)(C2CC2)[NH3+])OC)Br
dude_rock1__L003689,CCOc1ccccc1CNC(=O)[C@H]2CN(CC23CC[NH2+]CC3)C(=O)c4c(ccs4)C
dude_rock1__L003690,Cn1c(=O)c2ccccc2c(n1)C(=O)NNC(=O)NCC3(CCCC3)[NH+](C)C
dude_rock1__L003691,c1c(c(sc1C(=O)NCCC2CCCC2)Br)S(=O)(=O)N
dude_rock1__L003692,C[C@@H]1CC[C@H](CN1C(=O)[C@@H]2CCCC[NH2+]2)C(=O)N
dude_rock1__L003693,CN1c2ccccc2[C@@H](CC1=O)[NH2+]C[C@@H]3CCS(=O)(=O)C3
dude_rock1__L003694,c1cc([nH+]cc1N)N2CCN(CC2)CC(=O)NC(=O)N
dude_rock1__L003695,CC(C)(C)C1CCC2(CC1)[C@@H]3C(=c4cc(ccc4=[NH+]3)OC)CC[NH2+]2
dude_rock1__L003696,Cc1ccc(cc1[N-]S(=O)(=O)c2ccc[nH+]c2N)Br
dude_rock1__L003697,CCC[C@@H]1CC[C@H]([C@@H](C1)C[NH+]2CCCC2(C)C)[NH2+]C
dude_rock1__L003698,CC1(CC(CC([NH2+]1)(C)C)NC(=O)NCCc2ccc(cc2)[N+](=O)[O-])C
dude_rock1__L003699,C[NH+]1CCC[C@@H](C1)N(C)S(=O)(=O)c2c(cc(cc2Cl)Cl)N
dude_rock1__L003700,Cc1ccc(cc1)CC(=O)N2C[C@H](C3(C2)CC[NH2+]CC3)C(=O)NCCc4cc(ccc4C)C
dude_rock1__L003701,CN(c1ccccc1OC)S(=O)(=O)c2ccc(s2)C[NH3+]
dude_rock1__L003702,CC(C)(C)/C(=N/OCC(=O)Nc1ccc(cc1)I)/N
dude_rock1__L003703,C[C@@H](c1ccc(cc1)N2CCOCC2)/[NH+]=C/c3ccccc3O
dude_rock1__L003704,CCOC(=O)c1c2c(sc1NC(=O)CCS(=O)(=O)c3ccccc3)C([NH2+]C(C2)(C)C)(C)C
dude_rock1__L003705,c1cc(ccc1c2cc([nH]n2)C(=O)N3[C@]([C@H]4CCCCC4=N3)(C(F)(F)F)O)Br
dude_rock1__L003706,Cc1c(sc(n1)[C@@H](c2cc3c(c(c2)Cl)OCCO3)[NH2+]C)C
dude_rock1__L003707,COc1ccc(cc1OC)[C@H]2c3ccc(cc3Oc4c2c([n+](cn4)CCO)N)O
dude_rock1__L003708,CC1(C(=O)NCC[NH+]1Cc2ccccc2OC[C@@H](C[NH+]3CCSCC3)O)C
dude_rock1__L003709,C[NH+]1CCC[C@@H](C1)C[NH2+]C2C3CC4CC(C3)CC2C4
dude_rock1__L003710,CC[C@H]1CCCC[NH+]1[C@@H]2CC(=O)N(C2=O)c3ccc(cc3)O
dude_rock1__L003711,Cc1c(c([nH]n1)[O-])[C@@H](c2ccc(cc2)OC(=O)c3ccccc3Br)C4=C(N=N[C@@H]4O)C
dude_rock1__L003712,CCOc1cccc(c1O)[C@H]2CC(=NC3(N2)CC[NH+](CC3)C)c4ccc(cc4)Br
dude_rock1__L003713,C[C@H]1CCC[C@](C1)(CO)Nc2c(=O)n(ccn2)C3CC3
dude_rock1__L003714,c1cc(nc(c1)Br)NC(=O)C[C@H](c2cccs2)NC(=O)N
dude_rock1__L003715,CC1CCC(CC1)N2C[C@H](CC2=O)C(=O)NCc3nc(no3)C4CC4
dude_rock1__L003716,C[C@@H](c1c(cccc1F)N(C)Cc2cc(cs2)Br)[NH2+]C
dude_rock1__L003717,CC(C)(C)[C@@H]1CCc2c(sc(c2C(=O)N)NC(=O)/C=C/c3ccco3)C1
dude_rock1__L003718,Cc1cc(oc-2c/c(=[NH+]/CC(=O)NC(=O)NCC(C)C)/ccc12)O
dude_rock1__L003719,C[C@@H](Cc1ccccc1OC)NC(=O)[C@@H]2CN(CC23CC[NH2+]CC3)C(=O)Cc4ccc(cc4)Cl
dude_rock1__L003720,CC[C@H](C)C(=O)N1C[C@H](C2(C1)CC[NH2+]CC2)C(=O)NCCc3c[nH]c4c3cccc4C
dude_rock1__L003721,CC1(C(=O)NCC[NH+]1C[C@H](COc2ccc(cc2Cl)Cl)O)C
dude_rock1__L003722,CCCC1=C2[C@H](C(=C(N([C@H]2N=N1)c3ccccc3)[NH3+])C#N)c4c(onc4Cl)C
dude_rock1__L003723,C[C@@H]1CCC[C@H](C1)OC(=O)C2(CCCCCC2)[NH3+]
dude_rock1__L003724,Cc1ccc(cc1)c2cc3c(c(n([nH+]3)c4ccccc4)N)c(=O)o2
dude_rock1__L003725,Cc1cc(=O)nc([nH]1)N/N=C\2/CCCC[C@@H]2C
dude_rock1__L003726,C[NH+]1CCC2(CC1)C(=O)N(C(=O)N2)CN(C)Cc3ccc(cc3)F
dude_rock1__L003727,COc1ccc2=[NH+][C@@H]([NH+]=c2c1)C3=C[C@@H]4CN(CCCN4N3)c5cc(ncn5)N
dude_rock1__L003728,Cc1ccc(cc1N)c2nnnn2c3cccc(c3C)F
dude_rock1__L003729,c1ccc2c(c1)c(c[nH]2)CCNC(=O)/C(=C/c3ccc(cc3)O)/C#N
dude_rock1__L003730,Cc1ccc(c(c1)C)[C@@]2(C(=O)N(C(=O)N2)CC[C@@H]3CCCC[NH2+]3)C
dude_rock1__L003731,CCC(CC)C(=O)N1C[C@H](C2(C1)CC[NH2+]CC2)C(=O)NCCc3c[nH]c4c3cccc4
dude_rock1__L003732,CC[C@]1(/C(=N/O)/[C@](N(C1=O)O)(C)C=C)C
dude_rock1__L003733,Cc1cnc([nH]1)CC[NH2+]C[C@@H]2CN(N[C@@H]2c3ccccc3Cl)c4ccc(cc4)OC
dude_rock1__L003734,COC(=O)c1ccc(c(c1)S(=O)(=O)[N-]c2ccc(c(c2)C(=O)N)Cl)Cl
dude_rock1__L003735,Cc1ccc(s1)S(=O)(=O)[N-]c2ccc(cc2Br)S(=O)(=O)N
dude_rock1__L003736,c1ccc2c(c1)c(c[nH]2)CCNC(=O)[C@@H]3[C@H](c4ccc(nc4S3)c5cccs5)[NH3+]
dude_rock1__L003737,Cc1ccccc1Nc2nc(c(=[NH2+])n(n2)C)c3ccccc3
dude_rock1__L003738,CC1CCC(CC1)NC(=O)[C@@H](C)[NH+]2CCC(CC2)NC(=O)OC(C)(C)C
dude_rock1__L003739,C1CCC(CC1)C[NH+]2CCC[C@@H]2CNC(=O)NC(C(=O)N)C(=O)N
dude_rock1__L003740,C[C@H](c1ccc2c(c1)CCCC2)NC(=O)CNC(=O)C[NH3+]
dude_rock1__L003741,Cc1ccc2c(c1C)NC(=O)[C@]23[C@H]4[C@@H]([C@H](N3)CCSC)C(=O)N(C4=O)C5CCCC5
dude_rock1__L003742,C1COCCOCCOCCOCCOCCN1C(=O)CCCC[NH3+]
dude_rock1__L003743,CCCN(c1nc(c(s1)C[NH3+])C(C)(C)C)C(C)C
dude_rock1__L003744,CNC(=O)[C@@H]1CCCCN1S(=O)(=O)CC[C@@H]2CCCC[NH2+]2
dude_rock1__L003745,CCn2c(c1nonc1N)nc3cnc(OC)cc23
dude_rock1__L003746,CCOC(=O)[NH+]=c1ccc-2c(cc(oc2c1)O)CNc3ccc(cc3)C
dude_rock1__L003747,c1cc(ccc1S(=O)(=O)NNC(=O)NC23CC4CC(C2)CC(C4)C3)Br
dude_rock1__L003748,Cc1c(cco1)[C@H](c2cc3c(cc2Cl)OCCCO3)[NH2+]C
dude_rock1__L003749,C[C@@H]1CCc2ccccc2N1C(=O)CS/C(=[NH+]/C[C@@H]3CCCO3)/N
dude_rock1__L003750,CC(C)N1C(=O)N([C@H](C1(C)C)N(C(=O)NC)O)C
dude_rock1__L003751,CC[C@H](c1cccs1)[NH2+][C@H]2c3cccc(c3NC2=O)Cl
dude_rock1__L003752,CC(C)[NH2+]Cc1ccc(nn1)N2CCC3(CCCC3)CC2
dude_rock1__L003753,CCN/C=C\1/C(=O)NC(=S)N(C1=O)c2ccccc2C
dude_rock1__L003754,C[C@]1(C(=O)N(C(=O)N1)CC(=O)NC(=O)NC23CC4CC(C2)CC(C4)C3)c5ccc(cc5)[N+](=O)[O-]
dude_rock1__L003755,C[C@@H](c1ccc(c(c1Cl)Cl)Cl)[NH2+]CCn2cccn2
dude_rock1__L003756,Cc1ccc(cc1)/C=C/C(=O)NC(=S)Nc2ccc(cc2)S(=O)(=O)NC(=[NH2+])N
dude_rock1__L003757,C[C@@H]1C[C@H](C[NH+](C1)C(C)(C)CNC(=O)c2ccc(o2)S(=O)(=O)N)C
dude_rock1__L003758,CC(C)(C[NH2+]C1CC1)C[NH+]2CC[C@H]3CCCC[C@@H]3C2
dude_rock1__L003759,COc1ccccc1OCC(=O)N/N=C/c2cc(cc(c2[O-])Br)Br
dude_rock1__L003760,C[NH2+][C@@H](CC1CCCCC1)c2ccc3c(c2)[nH]c(=O)[nH]3
dude_rock1__L003761,CCC1CCC(CC1)[NH+](C)CC[C@H]2CCCC[NH2+]2
dude_rock1__L003762,Cc1cc(ccc1N2C(=O)/C(=C/c3c[nH]c4c3cccc4)/C(=O)NC2=O)Br
dude_rock1__L003763,c1ccc(c(c1)C(F)(F)F)Nc2nnc(s2)c3ccc(cc3)N
dude_rock1__L003764,CC(=CC(=O)N(C)Cc1cn(nn1)[C@@H]2C[C@H]([NH2+]C2)C(=O)NC)C
dude_rock1__L003765,CC(C)(c1ccc(cc1)Cl)C(=O)NNC(=O)NCCCn2cc[nH+]c2
dude_rock1__L003766,C[C@H](CC1=c2ccccc2=[NH+]C1)NC(=O)/C=C\3/CS[C@@H](N3)c4cc(c(c(c4)OC)OC)OC
dude_rock1__L003767,Cc1c(cnn1C)[C@@H](C)NC(=O)NC[C@@]2(CCC[C@@H](C2)C)[NH+](C)C
dude_rock1__L003768,C[C@H](c1ccco1)N2C(=O)c3cccc(c3C2=O)N
dude_rock1__L003769,CC1(CC(CC([NH2+]1)(C)C)NC(=O)NNC(=S)NC2CCCC2)C
dude_rock1__L003770,CCNC(=O)NC(=O)[C@@H](C)S[C@@H]1NN=C(N1C2CC2)C3=c4ccccc4=[NH+]C3
dude_rock1__L003771,Cc1ccc(c(c1)C)N2[C@@H](N=C([C@H](C2=O)[C@@H]3[C@@H]4C(=c5cc(ccc5=[NH+]4)OC)CCN3)O)O
dude_rock1__L003772,c1ccc2=[NH+]C([NH+]=c2c1)SCc3ccc(cc3)I
dude_rock1__L003773,Cc1ccc(c(c1C)OC(C)(C)C[NH+]2CCC(CC2)CO)C
dude_rock1__L003774,Cc1ccc(cc1)[C@@H](CNC(=O)N[C@H]2CCCc3c2cnn3C)[NH+](C)C
dude_rock1__L003775,C[C@@H](C(=O)N/N=C\1/c2ccccc2C(=[NH+]1)N)Oc3ccc(cc3)OC
dude_rock1__L003776,Cc1c(c(n(n1)C)C)C[NH2+][C@@H]2C[C@@H](CC[C@@H]2C(C)C)C
dude_rock1__L003777,COc1ccc(cc1Br)c2nc3c(c(n2)NN)CCCC3
dude_rock1__L003778,Cc1cccc2c1[nH]c(=O)c(c2)C[NH+]3CCC4(CC3)CC(=O)NC4
dude_rock1__L003779,CNc1c(nns1)CN2C(=O)C3(CCCC3)NC2=O
dude_rock1__L003780,CC(C)(C)c1cc(c(c(c1)N2CCOCC2)O)C[NH+](C)C
dude_rock1__L003781,CC[NH2+][C@H](C)c1cc(ccc1OCC(=O)NC(=O)N)Br
dude_rock1__L003782,c1cc(c(cc1NCCn2cc[nH+]c2)C(F)(F)F)C(=S)N
dude_rock1__L003783,C[C@@H]1C[C@@H](C[NH+](C1)C(C)(C)CNC(=O)NCC(=O)NC(C)(C)C)C
dude_rock1__L003784,C[NH+]1CCc2cc3c(cc2[C@H]1[C@@H](c4ccc(c(c4CO)OC)OC)O)OCO3
dude_rock1__L003785,CCC1CCC(CC1)[NH2+][C@H]2c3cc(cc(c3NC2=O)F)F
dude_rock1__L003786,Cc1ccc(c(c1)n2c(=O)c(c(nc2O)O)[C@@H]3c4c(c5cc(ccc5[nH]4)OC)CC[NH2+]3)C
dude_rock1__L003787,Cc1c(c(on1)C)CNC(=O)[C@@H]2[NH+]=C(NO2)CC3=c4ccccc4=[NH+]C3
dude_rock1__L003788,Cc1ccccc1COc2c(cc(cc2Br)/C=N/NC(=O)N)OC
dude_rock1__L003789,CCC[NH2+][C@@H](C)c1cc(ccc1OCC(=O)N)Br
dude_rock1__L003790,c1ccc(cc1)S(=O)(=O)c2ccc(s2)S(=O)(=O)[N-]c3cccc(c3)S(=O)(=O)N
dude_rock1__L003791,c1ccc2c(c1)cccc2n3c(c(nn3)C[NH3+])c4cccs4
dude_rock1__L003792,c1ccc2c(c1)c(c[nH]2)C3(c4ccccc4NC3=O)c5c[nH]c6c5cccc6
dude_rock1__L003793,c1cc(ccc1c2c(nnn2c3ccc(cc3)F)C[NH3+])F
dude_rock1__L003794,CCN1CCN(CC1)S(=O)(=O)c2ccc(s2)C[NH3+]
dude_rock1__L003795,c1ccc(cc1)[C@H]2C[C@@H](N3C(=N2)C(=C(N3)C(=O)NCCCn4cc[nH+]c4)Cl)C(F)(F)F
dude_rock1__L003796,C[C@@]1(C(=O)N(C(=O)N1)NC(=O)C[NH+]2CCN(CC2)c3ccccc3O)c4ccc(cc4)OC
dude_rock1__L003797,c1ccc(cc1)N/N=C(\C#N)/C(=[NH2+])N2CCCCCC2
dude_rock1__L003798,Cc1ccc(s1)[C@@H](C)[NH2+][C@H]2c3ccc(cc3NC2=O)Br
dude_rock1__L003799,Cc1ccc(cc1C)OCC2=C[C@H](NO2)C(=O)NC[C@@H]3C=c4ccccc4=[NH+]3
dude_rock1__L003800,[H]/N=C\1/C(=N/Nc2cccc(c2C)Cl)/C(=NN1C)N
dude_rock1__L003801,Cc1cc2c(c3c(c(=O)o2)CCC3)c(c1C4=NN[C@@H](C4)c5ccc(c(c5OC)OC)OC)O
dude_rock1__L003802,Cc1cc(on1)CS(=O)(=O)C[C@@H](c2ccc3c(c2)OCCCO3)O
dude_rock1__L003803,CCC1(CC[NH+](CC1)CC(=O)Nc2cc(ccc2C)N)C
dude_rock1__L003804,C[C@@H](c1cccc(c1)S(=O)(=O)N)[NH2+][C@@H]2CCCCNC2=O
dude_rock1__L003805,c1ccc2c(c1)c3c(c4cc(c(cc4o3)O)O)c(=O)o2
dude_rock1__L003806,CCC(CC)[C@@H]1NN=C(S1)NC(=O)[C@H]2CC(=O)N(C2)CCC3=c4cc(ccc4=[NH+]C3)F
dude_rock1__L003807,CCOC(=O)[C@@H](Cc1c(c(cc(c1O)C)Br)C)[NH3+]
dude_rock1__L003808,COc1ccc2=[NH+][C@H](C=c2c1)C(=O)N3CCC[C@@H]3c4ccc(s4)C(=O)N
dude_rock1__L003809,CCNC(=O)NC(=O)C[NH+]1CCC(CC1)CNC(=O)OC(C)(C)C
dude_rock1__L003810,CC[C@H](c1ccccc1)C(=O)N2C[C@@H](C3(C2)CC[NH2+]CC3)C(=O)NCc4ccc5c(c4)OCO5
dude_rock1__L003811,C[C@H]1C[C@H](CC(C1)(C)C)CC(=O)N2CCO[C@@H](C2)C(=O)N
dude_rock1__L003812,c1ccc2=[NH+]CC(=c2c1)C[C@@H]3C(=O)N(C(=O)N3)CC(=O)N[C@H]4[C@@H](C5=C(S4)CCCC5)C(=O)N
dude_rock1__L003813,Cc1cc(cc(c1)OCC(=O)NNC(=O)NCc2ccc([nH+]c2)N3CCCC3)C
dude_rock1__L003814,CCC(C)(C)[C@@H]1CCc2c(sc(c2C(=O)N)NC(=O)[C@H]3CCCO3)C1
dude_rock1__L003815,CC[NH2+][C@@H](C)Cc1ccc(o1)c2ccc(cc2)I
dude_rock1__L003816,CC(C)N(Cc1ccccc1)[C@@H](C[NH3+])c2cccc(c2O)OC
dude_rock1__L003817,Cc1ccc2c(c1C)NC(=O)[C@@]23[C@H]4[C@@H]([C@@H]([NH2+]3)C(C)C)C(=O)N(C4=O)Cc5ccccc5Cl
dude_rock1__L003818,C[C@@H]([C@H](c1ccccc1OC)N2CCS(=O)(=O)CC2)[NH3+]
dude_rock1__L003819,c1ccc2c(c1)C(=NC3=C([C@@H](C4=C(N23)C[C@@H](CC4=O)c5cccs5)c6cccnc6)C#N)N
dude_rock1__L003820,Cc1ccc(c(c1)Sc2ccc(cc2)NC(=O)C(=O)N[C@H](C)CO)C
dude_rock1__L003821,Cc1c(ccc(c1O)/C=N/Nc2c3ccccc3nc(n2)c4ccccc4F)O
dude_rock1__L003822,COc1ccc(cc1N)S(=O)(=O)Nc2cc(ccc2Cl)Cl
dude_rock1__L003823,c1ccc(cc1)NCC(=O)N/N=C/C2=c3ccccc3=[NH+]C2
dude_rock1__L003824,c1cc(cc(c1)F)OCCNC(=O)[C@H]2CN(CC23CC[NH2+]CC3)C(=O)c4c(ccc(c4F)Cl)F
dude_rock1__L003825,Cc1ccc(cc1C)c2c([nH+]n(c2N)C)CC3CCCC3
dude_rock1__L003826,Cc1cc(c2c(c1)[C@]3([C@H]4[C@@H]([C@H]([NH2+]3)[C@H](C)O)C(=O)N(C4=O)Cc5ccccc5OC)C(=O)N2)C
dude_rock1__L003827,CC(C)C[C@@H](C(=O)NC1[NH+]=c2ccccc2=[NH+]1)NC(=O)c3ccco3
dude_rock1__L003828,C[C@@H](c1ccc(cc1)NC(=O)N)NC(=O)/C=C\c2cccc3c2cccc3
dude_rock1__L003829,CC(C)(C)C(=O)N1CCC(CC1)NC(=O)[C@H]2CCOC2
dude_rock1__L003830,C[C@H]1[C@H](C=C(O1)C)[C@@H](C)[NH2+]CCc2c[nH]c3c2cccc3
dude_rock1__L003831,c1ccc(cc1)C[C@H](C(=O)N2CCC3(CC2)c4c([nH+]c[nH]4)CCN3)NC(=O)c5ccccc5
dude_rock1__L003832,CC(C)NC(=O)c1csc(n1)CN2CCN(CC2)C(=O)c3ccco3
dude_rock1__L003833,C=C([C@@H](C#N)C(=O)CN1C(=O)C(=O)N(C1=O)C2CCCC2)[NH3+]
dude_rock1__L003834,C[NH+](Cc1ccccc1Br)C[C@@H]2CC[C@@H](O2)C[NH3+]
dude_rock1__L003835,CC(C)Cc1c(c(n([nH+]1)C)N)c2cc(ccc2OC)Cl
dude_rock1__L003836,CC[NH2+]C1C[C@H]2CCC[C@@H](C1)N2c3cc(ccc3Cl)Br
dude_rock1__L003837,C[NH+]1CC[C@@H]([C@@H]2[C@@H]1CCCC2)NC(=O)c3cc(c(cc3Cl)Cl)S(=O)(=O)N(C)C
dude_rock1__L003838,c1cnc(nc1)N2CCN(CC2)[C@@H](C[NH3+])c3ccc(o3)Br
dude_rock1__L003839,c1cc[nH+]c(c1)N2CCN(CC2)Cc3c(ccc4c3O/C(=C\c5c(cccc5Cl)Cl)/C4=O)O
dude_rock1__L003840,CO[C@@H]1C[C@H]([NH2+]C1)C(=O)NCCc2ccc(cc2)[N+](=O)[O-]
dude_rock1__L003841,Cc1ccc(o1)C2=NN([C@@H](C2)c3cccs3)C(=O)C[NH2+][C@@H](C)c4ccc(cc4)S(=O)(=O)N
dude_rock1__L003842,Cc1csc2n1c(c(n2)C)C[NH2+]C[C@@H]3CCCC[C@@H]3C
dude_rock1__L003843,CC(C)[NH2+]C[C@@](C)(c1ccc(cc1)Oc2ccccc2F)O
dude_rock1__L003844,Cc1c(cco1)C[NH+](C)Cc2ccc(cc2C#CC[NH3+])F
dude_rock1__L003845,Cc1c2ccccc2oc1C(=O)NNC(=O)NCC(C)(C)[NH+](C)C
dude_rock1__L003846,CC1([C@H](OC(C(C1(C)C)(C)C)(C)C)N2[C@@H]3C(=C(N2)Br)C(=O)NC=N3)C
dude_rock1__L003847,CC(C)(C)[NH2+]C[C@@H](c1ccc2c(n1)CO[C@H](O2)c3ccccc3)O
dude_rock1__L003848,Cc1ccc(cc1C)N2C(=O)c3ccccc3/C(=C/Nc4ccccc4c5c([nH]c(=S)nn5)[O-])/C2=O
dude_rock1__L003849,CCCCCCC(=O)N1C[C@H](C2(C1)CC[NH2+]CC2)C(=O)NC3CCN(CC3)C(=O)CC(C)C
dude_rock1__L003850,C[NH+]1[C@@H]2CCN([C@@H]2C(=O)NC[C@@H]1CCC(=O)NCC#C)Cc3[nH]ccn3
dude_rock1__L003851,Cc1ccc(c2n1cc([nH+]2)c3ccc(cc3)OCC(=C)C)N
dude_rock1__L003852,CC(C)(C)[C@H]1CC[C@H]([C@@H](C1)C[NH+](C)CC2CCC2)[NH3+]
dude_rock1__L003853,c1cnn(c1)CC[NH2+][C@H]2CCCC[C@H]2C3CCCCC3
dude_rock1__L003854,Cc1[nH+]ccn1C[C@H](C)CNC(=O)NC[C@@]2(CCCc3c2cccc3)O
dude_rock1__L003855,Cc1c(c[nH]n1)Nc2c3ccsc3ncn2
dude_rock1__L003856,COc1ccc(c(c1)O)C[NH2+]Cc2ccc3c(c2)OCCCO3
dude_rock1__L003857,COc1cc(ccc1OCC=C)C[NH+]2CCNC(=O)[C@H]2CC(=O)NN
dude_rock1__L003858,Cc1ccc2c(c1)[nH]c(n2)[C@H](C(C)C)NC(=O)C[C@@H]3C(=O)NCC[NH+]3C(C)C
dude_rock1__L003859,C[C@H](c1ccc(cc1)Cl)[NH2+][C@@H](C)c2ccc(c(c2)OC)O
dude_rock1__L003860,COc1ccc(cc1)C2=CC(=NC3=N[NH+]=C([C@H]23)N)c4ccccc4
dude_rock1__L003861,c1cc(c(cc1CCNC(=O)[C@@H]2CN(CC23CC[NH2+]CC3)C(=O)CCC4CCCC4)O)O
dude_rock1__L003862,Cc1c(c([nH]c1C(=O)[C@@H](C)[NH2+]C[C@@H](c2cccs2)c3c[nH]c4c3cccc4)C)C(=O)C
dude_rock1__L003863,CCC[C@@H]1[C@H]2C(=NN=C2OC(=C1C#N)N)C(C)(C)C
dude_rock1__L003864,Cc1ccc(c(c1)Br)NC(=O)CSc2nnc(n2N)c3ccc(cc3)Cl
dude_rock1__L003865,C[C@H](Cc1ccccc1OC)NC(=O)[C@H]2CN(CC23CC[NH2+]CC3)C(=O)c4cc(cc(c4)Cl)Cl
dude_rock1__L003866,COc1cc(c(c(c1O)Br)Br)c2c(c(=O)[nH]c(n2)[O-])C#N
dude_rock1__L003867,CC1(COCCN1c2c(nccn2)C(=S)N)C
dude_rock1__L003868,C[C@H](C(=O)NNC(=O)NCCCn1cc[nH+]c1)NC(=O)C2CCCCC2
dude_rock1__L003869,CCc1cc2c(cc(=O)oc2cc1O)C[NH+]3CCC(CC3)NS(=O)(=O)C
dude_rock1__L003870,COc1ccc(c(c1OC)OC)[C@@H]2[C@@H]3CCCC[C@@]3(CC[NH2+]2)O
dude_rock1__L003871,CS(=O)(=O)N1CCN(CC1)C[C@@H]2CCCCC[C@@H]2[NH3+]
dude_rock1__L003872,CN1CCNc2c1cc(c3c2C(=O)c4ccccc4C3=O)O
dude_rock1__L003873,c1cc(cc(c1)[N+](=O)[O-])/C=N/Nc2nnc(n2N)SCC(=O)c3ccc(cc3)Br
dude_rock1__L003874,CCOC(=O)N1CC[NH+](CC1)[C@@H](C)C(=O)N2CCC[C@H](C2)C(=O)N
dude_rock1__L003875,CCOC(=O)c1c[nH+]c2ccccc2c1NCCc3ccc(cc3)S(=O)(=O)N
dude_rock1__L003876,C[C@@H](C[NH3+])c1c(nc2n1cc(cc2)Cl)c3ccc4c(c3)OCO4
dude_rock1__L003877,c1ccc2=[NH+]CC(=c2c1)CCNc3c4c5c(sc4ncn3)CNCC5
dude_rock1__L003878,c1c2c(cc3c1[nH]c(n3)SCC(=O)N)nc[nH]2
dude_rock1__L003879,Cc1ccc(cc1C)[C@]2(C(=O)N(C(=O)N2)CC[C@H]3CCCC[NH2+]3)C
dude_rock1__L003880,CC(C)(C)C[NH+](C)Cc1ccccc1C[NH2+]C(C)(C)C
dude_rock1__L003881,c1ccc(cc1)/C=C(\C(=O)N)/NC(=O)c2cccc3c2cccc3
dude_rock1__L003882,C[NH+](C)[C@H]1CCN(C1)c2ccc(cc2/C(=N/O)/N)[N+](=O)[O-]
dude_rock1__L003883,c1cc(oc1)C/[NH+]=C(/N)\NCCCc2ccc(c(c2)Cl)Cl
dude_rock1__L003884,CNC(=O)c1cc(cs1)S(=O)(=O)N2CCSCC2
dude_rock1__L003885,Cc1cc(ccc1NC(=O)N[C@@H](C)c2ccco2)Br
dude_rock1__L003886,Cc1ccc2=[NH+][C@H]([NH+]=c2c1)/C(=C/c3ccc(c(c3)Br)N(C)C)/C#N
dude_rock1__L003887,Cc1cccc(c1)[C@H]2N[C@H](ON2)C3=C([NH+]=N[C@@H]3SC)N
dude_rock1__L003888,Cc1sc(cc1[N+](=O)[O-])/C=N/NC(=O)CCCCCCC(=O)N/N=C/c2sc(c(c2)[N+](=O)[O-])C
dude_rock1__L003889,CCC[C@H]1CC[C@H]([C@@H](C1)C[NH+]2CCC[C@@H]2C)[NH2+]CC
dude_rock1__L003890,C[C@@H](c1ccc2c(c1)NC(=O)CO2)NC(=O)NCCc3[nH+]ccn3C
dude_rock1__L003891,Cc1c\2c(oc1C(=O)NN(c3ccccc3)c4ccccc4)CCC/C2=N\NC(=[NH2+])N
dude_rock1__L003892,CC[C@H]([C@H](c1c(ccs1)C)Oc2ccc3c(c2)OCO3)[NH3+]
dude_rock1__L003893,CC[NH+]1CCN(CC1)CC2=C([C@@H](NC(=O)N2)c3ccccc3Cl)C(=O)OC
dude_rock1__L003894,c1cc(cc(c1)N2C(=O)CN(C2=O)c3cccc(c3)Cl)N
dude_rock1__L003895,Cc1ccc(cc1)c2c(n3cc(ccc3n2)C)[C@H](C)C[NH3+]
dude_rock1__L003896,Cc1ccc(c(c1F)F)C(=O)N2C[C@H](C3(C2)CC[NH2+]CC3)C(=O)NCCOc4cccc(c4)F
dude_rock1__L003897,C[C@@H]1CNCCCN1CS(=O)(=O)c2cccc3cncc(C)c23
dude_rock1__L003898,Cc1ccc(cc1)C(=O)NNS(=O)(=O)c2ccc(c(c2)C(=O)[O-])Br
dude_rock1__L003899,COc1ccccc1N2C(=O)/C(=C/3\C[C@@H](Sc4ccccc4N3)c5ccccc5)/C(=O)NC2=O
dude_rock1__L003900,c1ccc(c(c1)N2CCN(CC2)c3cc[nH+]c(c3)CO)Cl
dude_rock1__L003901,CCCCCC[C@](C)(C[NH3+])[NH+]1CCCCCCC1
dude_rock1__L003902,CCC[C@@H]1CC[C@H]([C@@H](C1)n2c(c(c(n2)C)C)C)[NH2+]CC
dude_rock1__L003903,CC[NH2+][C@H](C)c1ccccc1N(C)c2ccc(cc2)OC
dude_rock1__L003904,C5CN(c4nc(NC2CCc1ccccc1C2)nc(Nc3ccncc3)n4)CCN5
dude_rock1__L003905,CCNC(=S)/N=C(\NCCC1=c2ccccc2=[NH+]C1)/Nc3nc(cc(n3)C)C
dude_rock1__L003906,CCOC(=O)[C@H]1C(=c2cc(cc(c2=[NH+]1)N)C)c3ccccc3
dude_rock1__L003907,C[C@H](c1ccc2c(c1)[C@@H](CC(O2)(C)C)NS(=O)(=O)C)O
dude_rock1__L003908,CC(C)CCn1cc(c(=O)c2c1cccc2N)C(=O)NC(C)(C)C
dude_rock1__L003909,c1c(nnn1C[C@H]2C[C@@H]3CC[NH+]2C[C@@H]3C(=O)N4CCCC4)C[NH3+]
dude_rock1__L003910,c1ccc2=[NH+]CC(=c2c1)CCNC(=O)CCC(=O)N3CCC[C@@H]3[C@H]4Nc5ccccc5S4
dude_rock1__L003911,COC1=C[C@H]2C[C@H]3CO[P@@](=O)(N[NH+]3C[C@@H]2C=C1OC)SC
dude_rock1__L003912,c1ccc(cc1)c2c(noc2N)C[NH+]3CCc4ccccc4C3
dude_rock1__L003913,CCc1cc2cc(ccc2[nH+]c1N(CC)c3cccc(c3)C)N
dude_rock1__L003914,c1ccc2=[NH+]C([NH+]=c2c1)CS[C@@H]3N=N[C@H](N3N)c4ccco4
dude_rock1__L003915,CC[NH2+][C@@H](c1ccc(c(c1)Cl)Cl)c2cc(ccc2OC)F
dude_rock1__L003916,CCOC(=O)C1=c2n(/c(=C\c3ccc(c(c3)OC)O)/c(=O)o2)-c4c(nc(o4)N)[C@@H]1c5ccc(c(c5)OC)O
dude_rock1__L003917,c1cc(c(cc1NCCCCn2cc[nH+]c2)Cl)C(=S)N
dude_rock1__L003918,Cc1ccc(cc1C(=O)NC[C@H](c2ccccc2)[NH+]3CCCC3)S(=O)(=O)N
dude_rock1__L003919,C[NH+]1CCN(CC1)CCCNC(=O)[C@@H]2C[NH2+]CCO2
dude_rock1__L003920,C[C@]12CCC3(C[C@@H]1CC[C@@H]4[C@@H]2[C@@H](C[C@@]5([C@@H]4CC[C@@H]5C6(OCCO6)C)/C=N/O)O)OCCO3
dude_rock1__L003921,COc1ccccc1CCNC(=O)[C@@H]2N[C@H](NO2)CC3=c4ccccc4=[NH+]C3
dude_rock1__L003922,C[C@H]1CCC[C@H]([C@@H]1C)NC(=O)NC2CC[NH+](CC2)C3CC3
dude_rock1__L003923,CC[NH2+][C@H]1CCCCCC[C@@H]1N2CC[NH+](CC2)C(C)(C)C
dude_rock1__L003924,c1cc(ccc1CC(=O)N)OCC(=O)N[C@@H]2CCC[C@H]2n3cc[nH+]c3
dude_rock1__L003925,CCN1c2ccccc2C3=C(S1(=O)=O)[C@H](C(=C(O3)N)C#N)c4ccc(cc4)Cl
dude_rock1__L003926,CCCN(C[C@@H]1NN=C(O1)c2cccs2)C(=O)CN3C(=O)[C@@H](NC3=O)CC4=c5ccccc5=[NH+]C4
dude_rock1__L003927,C[C@@H](c1ccc2ccccc2c1OCCC(=O)N)[NH3+]
dude_rock1__L003928,CCC(C)(C)[C@H]1CC[C@@H]([C@@H](C1)[NH+](C)C2CC2)[NH2+]C
dude_rock1__L003929,CCOCCOc1ccc2ccccc2c1C[NH+]3CCNC(=O)[C@@H]3CC(=O)NN
dude_rock1__L003930,CC(C)[C@@]1([C@H]2[C@@H]([C@@H]([NH2+]1)c3ccc(c(c3)OC)OC)C(=O)N(C2=O)C)C(=O)[O-]
dude_rock1__L003931,Cc1nc(on1)COc2c(cc(cc2Cl)Cl)C[C@H](C)[NH3+]
dude_rock1__L003932,CC1CC[NH+](CC1)Cc2nc3c(n2C[C@@H](CO)O)c(=O)n(c(=O)n3C)C
dude_rock1__L003933,C[C@@H](c1ccccc1OC(C)C)[NH2+]C[C@@H]2CCCC[NH+]2C
dude_rock1__L003934,C[C@H]1CN(CC(O1)(C)C)S(=O)(=O)c2cccc(c2)[C@@H](C)[NH3+]
dude_rock1__L003935,C[C@H](C(=O)N1CCC[C@H](C1)C(=O)N)[NH+]2CCc3c(ccs3)C2
dude_rock1__L003936,CC[C@](C)(C[NH2+]CC)C[NH+]1CCC[C@@H]1C2CCCC2
dude_rock1__L003937,Cc1ccsc1[C@@H]([C@@H](C)[NH3+])Oc2ccccc2C(=O)N
dude_rock1__L003938,CC(C)Cc1ccc(cc1)[C@@H](CNO)[NH+]2CCN[C@@H](C2)SC
dude_rock1__L003939,C[C@@H]1C(=C([NH2+]N1C)C)CC(=O)Nc2nc(cs2)C3=[NH+]C=CC3
dude_rock1__L003940,c1ccc2cc(ccc2c1)OCCN3c4ccccc4/C(=N/NC(=S)N)/C3=O
dude_rock1__L003941,C[NH+]1CCN(CC1)S(=O)(=O)c2ccc3c(c2)[C@H]4C=CC[C@H]4[C@H](N3)c5ccc(cc5)N(C)C
dude_rock1__L003942,CC[C@@H](C)Sc1nnc(s1)NC(=O)CSc2nc([nH]n2)N/N=C/c3c(nn(c3C)CC=C)C
dude_rock1__L003943,CCOc1ccc(cc1)OC[C@@H](CNC2CC([NH2+]C(C2)(C)C)(C)C)O
dude_rock1__L003944,CC(C)(C)[C@H]1CCCC[C@@H]1[NH+]2CCC[C@@H](C2)C[NH3+]
dude_rock1__L003945,CC[C@H](C)[C@H](C(=O)[O-])NC(=O)CO/N=C/1\CC[C@]2([C@@H]3CC[C@@]4([C@@H]([C@H]3CCC2=C1)CC[C@@]4(C)O)C)C
dude_rock1__L003946,Cc1cc(ccc1[NH+](C)[C@H]2CCCC[C@@H]2C)/C(=N/O)/N
dude_rock1__L003947,CC1(CC(CC([NH2+]1)(C)C)NC(=O)Nc2cc(ccc2OC)C(=O)N(C)C)C
dude_rock1__L003948,COc1cc(cc(c1OC)[N+](=O)[O-])[C@@H]2[NH2+][C@H](CS2)C(=O)[O-]
dude_rock1__L003949,C[C@@H]1CC2=C([C@H](Nc3ccccc3N2)c4cc(c(c(c4)OC)O)[N+](=O)[O-])C(=O)[C@@H]1C(=O)OC
dude_rock1__L003950,c1c(cc(c2c1/C(=N/NC(=O)N)/C(=O)N2)Br)Br
dude_rock1__L003951,CC[C@]1(C[C@@]2(CCC[NH+](C2)CC#CC[NH+](CC)CC)CCO1)C
dude_rock1__L003952,CC(C)(C)[C@@H]1CCCC[C@H]1[NH2+]CC(C)(C)N2CCOCC2
dude_rock1__L003953,CCOc1ccccc1C(=O)N2C[C@@H](C3(C2)CC[NH2+]CC3)C(=O)NCc4ccc(c(c4)C)C
dude_rock1__L003954,C1C[C@H](N(C1)C2CC[NH2+]CC2)C(=O)N3CCCOCC3
dude_rock1__L003955,Cc1c2c(c(=O)[nH]n1)[C@@H](O[C@@H]2C)NC(=O)C[NH+](C)CC(=O)NC(C)C
dude_rock1__L003956,Cc1ccc(cc1)[C@@H]2C[C@H](N3C(=N2)NC(=N3)N)c4ccccc4Cl
dude_rock1__L003957,COC(=O)[C@]1(CCCc2c1cccc2)[NH2+]C3CCCCC3
dude_rock1__L003958,C[C@H](C(=O)N)OC(=O)c1ccc(cc1)[N+](=O)[O-]
dude_rock1__L003959,CC[C@H](C)[NH2+]C[C@H](C)Sc1[nH]c2cc(ccc2n1)C
dude_rock1__L003960,CS(=O)(=O)N1CCN(CC1)Cc2c[nH]c3c2cccc3
dude_rock1__L003961,c1ccc(cc1)OS(=O)(=O)[C@@H]2CCC[C@@]3(C2)CCC[C@@H](N3c4ccccc4O)O
dude_rock1__L003962,c1cc(cc(c1)O)N2C(=O)/C(=C/c3ccc[nH]3)/SC2=O
dude_rock1__L003963,c1ccc(c(c1)COc2ccc(cc2)C/C(=N/O)/N)Br
dude_rock1__L003964,COc1ccccc1C(=O)N/C(=C/c2ccc(cc2)O)/C(=O)Nc3ccccc3
dude_rock1__L003965,C1CCC(CC1)[NH2+]CCC[NH+]2CCC[C@H]3[C@@H]2CCCC3
dude_rock1__L003966,C[C@@H](C(=O)[O-])Oc1ccc(cc1)/C=N/NC(=O)c2cc(c(c(c2)Br)O)Br
dude_rock1__L003967,CCC[C@@H]1CC[C@H]([C@@H](C1)N2CC[C@@H](C2)[NH+]3CCCC3)C[NH3+]
dude_rock1__L003968,c1cc(ccc1c2ccc(c(=O)n2CC[C@H]3CCCC[NH2+]3)C#N)F
dude_rock1__L003969,Cc1cc2=C(C(=O)[NH+]=c2c(c1)Br)NNc3nc4c(c5ccccc5[nH]4)nn3
dude_rock1__L003970,CC[C@H](c1nnnn1C(C)(C)CC)[NH+](Cc2ccccc2OC)Cc3cc4cc5c(cc4[nH]c3=O)OCCO5
dude_rock1__L003971,CC(C)[C@H](CNC(=O)Cc1ccc(cc1)S(=O)(=O)N)[NH+]2CCCCCC2
dude_rock1__L003972,CCN1c2ccc(cc2NN1)C(=O)NC[C@H](c3cccc(c3OC)OC)C4=c5ccccc5=[NH+]C4
dude_rock1__L003973,CC[C@@H](C)NC(=O)[C@H](C)NC(=O)c1ccc(cc1O)Br
dude_rock1__L003974,CCCNC(=O)Cn1c2cc(ccc2oc1=O)C(=O)N3CCCCC3
dude_rock1__L003975,Cc1cc(sc1C(=O)NCc2ccc[nH+]c2N(C)C)NC(=O)c3ccco3
dude_rock1__L003976,Cc1ccc(c(c1)C2(CCOCC2)C[NH2+][C@H](C)C(=O)Nc3ccc(c(c3)OC)OC)OC
dude_rock1__L003977,c1ccc(c(c1)[C@H]2CC(=NN2c3ccc(cc3)Cl)C[NH3+])F
dude_rock1__L003978,c1cc(ccc1NC(=O)N)NS(=O)(=O)c2ccc3c(c2)CCCC3
dude_rock1__L003979,C[C@H]/1CC[C@H]2C[C@@H](C[C@@](O2)([C@@H]3CSC(=O)N3)O)OC(=O)/C=C(\CC/C=C\C=C1)/C
dude_rock1__L003980,CC1(CC2=C([C@H](Nc3ccccc3N2)c4ccc(cc4O)O)C(=O)C1)C
dude_rock1__L003981,c1ccc(cc1)n2c(nnn2)Sc3ccc(cc3C[NH3+])Cl
dude_rock1__L003982,Cc1ccc(cc1C)O[C@@H](C)C(=O)NNC(=S)NC(=O)c2cc(cc(c2)[N+](=O)[O-])[N+](=O)[O-]
dude_rock1__L003983,Cc1ccc2c(c1)c(c[nH]2)CCNC(=O)[C@H]3CN(CC34CC[NH2+]CC4)C(=O)C5=C(NO[C@@H]5C)C
dude_rock1__L003984,CCOc1ccc(cc1)C(=O)NNC(=O)NC[C@]2(CCC[C@H](C2)C)[NH+](C)C
dude_rock1__L003985,C[C@H]1CCCC[C@@H]1CNC(=O)c2cc(nc(c2)Cl)NC
dude_rock1__L003986,CC(C)(C)C[NH+]1CCNC(=O)[C@@H]1CC(=O)N2CCC(CC2)OC
dude_rock1__L003987,Cc1c(c(no1)c2c(cccc2Cl)Cl)N[C@@H]3[C@@H]4N(C3=O)[C@@H](C(S4)(C)C)C(=O)[O-]
dude_rock1__L003988,CCCC[C@H](C)C(=O)N1C[C@@H](C2(C1)CC[NH2+]CC2)C(=O)NC[C@@H]3CCC[NH+]3CC
dude_rock1__L003989,Cc1ccc(o1)[C@@H](CNC(=O)NNC(=O)c2ccccc2OC)[NH+]3CCCC3
dude_rock1__L003990,C[NH+](Cc1cccc(c1)C#N)Cc2nc(nc(n2)Nc3ccc(cc3)F)N
dude_rock1__L003991,CCc1ccc2c(c1)[C@@]3([C@H]4[C@@H]([C@H]([NH2+]3)[C@@H](C)O)C(=O)N(C4=O)CCc5ccccc5)C(=O)N2
dude_rock1__L003992,CCCc1ccc(cc1)NS(=O)(=O)c2cc(ccc2Cl)N
dude_rock1__L003993,CCN2Cc1ccccc1C[C@@H]2C(=O)Nc4cc(F)c(c3cn[nH]c3)cc4OCCN(C)C
dude_rock1__L003994,C[C@@H](c1cc(ccc1F)F)NC(=O)NCc2cc[nH+]c(c2)N3CCOCC3
dude_rock1__L003995,CCOC(=O)N1CCc2c(sc3c2C(=N[C@H](N3)c4cc5c(cc4Cl)OCO5)O)C1
dude_rock1__L003996,c1cc(c(cc1Br)O)C(=O)Nc2ccon2
dude_rock1__L003997,CCOc1ccccc1CNC(=O)[C@H]2CN(CC23CC[NH2+]CC3)C(=O)c4c(ccc(c4F)C)F
dude_rock1__L003998,CCOc1cc(ccc1O)c2cc(nc(c2C#N)N)c3ccc(cc3Cl)Cl
dude_rock1__L003999,C[C@@H]1C[C@@H](C[NH+](C1)Cc2cs/c(=N\C(=O)c3ccc(c(c3)[N+](=O)[O-])NC)/[nH]2)C
dude_rock1__L004000,CCCC[C@@H](C)[NH2+]Cc1cc2c(cc1Br)OCO2
dude_rock1__L004001,Cc1cc(c(c(c1)C)C[NH2+]Cc2ccccc2N3CCOCC3)C
dude_rock1__L004002,CC[C@@H](C)[NH+](C)CCNC(=O)NNC(=O)c1cc2c(s1)CCCCC2
dude_rock1__L004003,CC(=O)NCC(=O)NCC(=O)NCc1ccc(cc1)CN2CC[NH+](CC2)C
dude_rock1__L004004,Cc1ccc(cc1)[C@H]2C[C@H](n3c(nc(n3)N)N2)c4ccccc4C
dude_rock1__L004005,CCc1cccc2=C(C[NH+]=c12)C(=O)COC(=O)c3ccc(cc3)NC(=O)N
dude_rock1__L004006,Cn1cc(c(=O)n(c1=O)C)C[NH2+][C@H]2CCCc3c2cco3
dude_rock1__L004007,Cc1ccc(c(c1)C)NCC(=O)N/N=C\2/c3c(ccc(c3Br)C)NC2=O
dude_rock1__L004008,COc1cc2c(cc1c3ccccc3O)CCN4[C@@H]2CO[P@@](=O)(N4)Cc5ccccc5
dude_rock1__L004009,CCc1cccc(c1NC(=O)N[C@@H](C)c2ccc3c(c2)CC(=O)N3)C
dude_rock1__L004010,c1cc(ccc1C2=NN3C(=[NH2+])/C(=C\c4ccc(c(c4)O)O)/C(=O)N=C3S2)O
dude_rock1__L004011,COCCCN1C(=O)[C@@H]2[C@H]([NH2+][C@@]3([C@@H]2C1=O)c4ccccc4NC3=O)Cc5c[nH]c6c5cccc6
dude_rock1__L004012,COc1ccc2=[NH+]CC(=c2c1)CCNC(=O)CCN3C(=O)c4ccccc4NN3
dude_rock1__L004013,C[C@H]1CN(c2cc(ccc2O1)N)CC(=O)NCCc3ccccc3
dude_rock1__L004014,CCC(C)(C)[C@H]1CC[C@@H]([C@@H](C1)N2CC[C@@H](C2)[NH+](C)C)C[NH3+]
dude_rock1__L004015,CC[C@H]([C@@H](c1ccc(s1)Br)[NH+]2CCC[C@@H]([C@@H]2C)C)[NH3+]
dude_rock1__L004016,Cc1ccc2cc(c(=O)[nH]c2c1)[C@@H](c3nnnn3C(C)(C)C)[NH+]4CCCC5(C4)CCCCC5
dude_rock1__L004017,c1cc(c([nH+]c1)N2CCOCC2)CNC(=O)NNC(=O)CCC3CCCCC3
dude_rock1__L004018,C1CCN([C@@H](C1)CO)C(=O)C2CCN(CC2)C(=O)C3CC3
dude_rock1__L004019,c1ccc(cc1)[C@@H]2C[C@@H](Nc3n2nc(n3)N)c4ccc(cc4)Cl
dude_rock1__L004020,Cc1cc(ccc1NC(=O)CNS(=O)(=O)c2cc(cs2)C(=O)[O-])Br
dude_rock1__L004021,c1cc(c(c(c1)Cl)/C=N/n2c(=O)cn[nH]c2=S)F
dude_rock1__L004022,C[C@@H](C(=O)NC(=O)NC)[NH+](CC(=O)N)C1CCNCC1
dude_rock1__L004023,CC[C@H]1CCCN1c2c(c(c(nn2)C)C)C(=[NH2+])N
dude_rock1__L004024,CC(C)c1c(c2c(c(c1O)O)[C@@]3(CCCC(C3=C(C2=O)O)(C)C)C)O
dude_rock1__L004025,CN(CC(=O)N)[C@H](C[NH3+])c1ccccc1Br
dude_rock1__L004026,C[C@@H](C(=O)N1C[C@@H](C2(C1)CC[NH2+]CC2)C(=O)NCCc3c[nH]c4c3cccc4)Oc5ccccc5
dude_rock1__L004027,C[C@H](C[NH2+]C1CCCCC1)[NH+]2CCC[C@@H]2C3CCCC3
dude_rock1__L004028,CC[NH+]=c1c2ccccc2oc(c1NC(=O)NCC3CCC(CC3)C(=O)OCC)O
dude_rock1__L004029,Cc1nnc(o1)Sc2ccc(c3c2nccc3)N
dude_rock1__L004030,Cc1cc(c(o1)C)[C@H](c2cc3c(cc2Br)[nH]c(=O)[nH]3)[NH3+]
dude_rock1__L004031,CCC[NH2+]Cc1cc(nc(n1)c2ccc(c(c2)C)F)C
dude_rock1__L004032,CCC[C@H]1CC[C@H]([C@@H](C1)C[NH+](CC)[C@@H](C)CC)[NH3+]
dude_rock1__L004033,C1CCC(C1)(CNC(=O)CN2CCS(=O)(=O)CC2)[NH+]3CCSCC3
dude_rock1__L004034,CCC1CCC(CC1)[NH+](C)CC[C@H](C(C)(C)C)[NH2+]C
dude_rock1__L004035,CCCCCCc1cc2cc(c(=[NH2+])oc2cc1O)C(=O)Nc3nccs3
dude_rock1__L004036,C[NH2+][C@@H]1CCCC[C@H]1Oc2ccc3c(c2)CCC(=O)N3
dude_rock1__L004037,Cc1ccc(c(c1F)C(=O)N2C[C@H](C3(C2)CC[NH2+]CC3)C(=O)N[C@@H](C)c4ccc(cc4)Br)F
dude_rock1__L004038,Cc1cccc(c1NC(=O)CSC2=C([C@H](C3=C(CCCC3=N2)[O-])c4ccc(c(c4)OC)O)C#N)C
dude_rock1__L004039,CCC1(CC[NH+](CC1)[C@@H](C)C[NH2+]C2CCCCC2)C
dude_rock1__L004040,C[C@]1(C(=O)N(C(=O)N1)CCC#N)c2ccc(cc2F)F
dude_rock1__L004041,C[C@H](C(=O)N1CCC2(CC1)c3c(nc[nH]3)CC[NH2+]2)NC(=O)Cc4ccc(cc4)OC
dude_rock1__L004042,CCCn1c(c(c(=O)n(c1=O)C)C(=O)CN2C[C@@H](O[C@H](C2)C)C)N
dude_rock1__L004043,CCC(CC)(CNC(=O)NNC(=O)c1ccc(c(c1)OC)OC(C)C)[NH+](C)C
dude_rock1__L004044,c1cc(cnc1)Oc2c(c(ncn2)Nc3ccc(cc3)I)N
dude_rock1__L004045,c1cc2c(cc1c3c(n4cc(ccc4n3)N)C[NH+]5CCCCC5)NC(=O)CO2
dude_rock1__L004046,CC(=O)N/C(=C\C1=c2ccccc2=[NH+]C1)/C(=O)N[C@@H](CC3=c4ccccc4=[NH+]C3)C(=O)[O-]
dude_rock1__L004047,C/C(=N/[NH+]=C(\N)/S[C@H]1CC(=O)N(C1=O)c2ccc(cc2)F)/C=C/c3ccc(cc3)N(C)C
dude_rock1__L004048,C[C@@H]1C[C@H](C[NH+](C1)CCCNC(=O)N2CCC(CC2)NS(=O)(=O)C)C
dude_rock1__L004049,CC(C)(C)[C@H]1CCCC[C@@H]1NC(=O)CC[C@@H]2CCCC[NH2+]2
dude_rock1__L004050,CCC(=O)Nc1ccc(cc1)[C@@H](C)N/C=C\2/C=c3ccccc3=[NH+]C2=O
dude_rock1__L004051,c1c(cc(cc1O)O)C(=O)N/N=C/c2cc(cc(c2O)Cl)Cl
dude_rock1__L004052,CCN1CCN(CC1)S(=O)(=O)c2ccc(s2)CC[NH3+]
dude_rock1__L004053,Clc4cccc(CN3CCC(Nc2ccc1[nH]ncc1c2)C3)c4
dude_rock1__L004054,COC1([C@]2(C3=C(CCC3)[NH2+][C@@H]([C@@]2(C(=[NH+]1)N)C#N)c4ccccc4)C#N)OC
dude_rock1__L004055,CCOc1cccc2c1[nH+]c(cc2N)c3ccccc3
dude_rock1__L004056,c1ccc2c(c1)N(c3ccccc3S2)C(=O)c4ccc(c(c4)[N+](=O)[O-])NCC[NH3+]
dude_rock1__L004057,COC(=O)c1ccc(cc1)[C@@H]2[C@@H]3C(=c4ccccc4=[NH+]C3=O)OC(=C2C#N)N
dude_rock1__L004058,CCOc1ccc(cc1)N2[C@@H]([C@H](SC2=S)C3[NH+]=c4ccccc4=[NH+]3)N
dude_rock1__L004059,CC1(CC(CC([NH2+]1)(C)C)NC(=O)[C@H]2CCCN(C2)c3c4c([nH]cn4)nc(n3)Cl)C
dude_rock1__L004060,CC1(Cc2c(c(sc2C([NH2+]1)(C)C)NC(=O)Cc3cccc4c3cccc4)C(=O)N)C
dude_rock1__L004061,CC[C@@H](C)[NH2+][C@@H](c1cc2c(c(c1)Br)OCCCO2)C(=O)N
dude_rock1__L004062,CC(C)[NH+](C)CCNS(=O)(=O)c1cc(ccc1[N+](=O)[O-])N
dude_rock1__L004063,CCC(C)(C)NC(=O)[C@H](C)[NH2+][C@H](C)c1ccc(s1)Cl
dude_rock1__L004064,Cc1ccc(o1)c2ccc(cc2)CN3CC[C@H]([C@@H](C3)O)[NH+]4CCC(CC4)O
dude_rock1__L004065,C[C@H](C1CC1)[NH+](C)CC2(CCCC2)C[NH2+]C(C)(C)C
dude_rock1__L004066,CC1CCC(CC1)NC(=O)[C@@H](C)[NH+]2CCN(CC2)C(=O)[C@H]3CCCO3
dude_rock1__L004067,Cc1c(cc(o1)COc2ccc(cc2Br)Cl)C[NH3+]
dude_rock1__L004068,c1ccc(cc1)CN2c3ccccc3/C(=N/[NH+]=C(/N)\SCc4c(cccc4Cl)F)/C2=O
dude_rock1__L004069,CC(C)(c1ccc(cc1)F)[NH2+]Cc2ncc(o2)c3cccs3
dude_rock1__L004070,CN1/C(=C\c2ccccc2[N+](=O)[O-])/C(=O)N=C1N
dude_rock1__L004071,Cc1ccc(cc1Cl)n2c(=O)c(c([nH]c2=O)[O-])[C@@H]3[C@H]4C(=c5ccccc5=[NH+]4)CCN3C
dude_rock1__L004072,COc1cc(c(cc1OC)OC)[C@@H]2c3cc(c(cc3CC[NH2+]2)O)O
dude_rock1__L004073,CCOc1ccc(cc1)[C@@H]2CC(=NN2c3cccc(c3)Cl)C[NH3+]
dude_rock1__L004074,Cc1c(cco1)C(=O)NNC(=O)NCc2cc[nH+]c(c2)N3CCOCC3
dude_rock1__L004075,Cc1cc(=O)oc2c1cc(c(c2C[NH2+][C@H]3CCS(=O)(=O)C3)O)Cl
dude_rock1__L004076,c1ccc(c(c1)/C=N/NC2=NC(=O)CS2)O
dude_rock1__L004077,c1cc(c(cc1Cl)Cl)[C@@H](/C(=N\NC(=O)c2ccncc2)/c3c(nc4cc(ccc4n3)Cl)[O-])O
dude_rock1__L004078,COc1ccc(cc1NS(=O)(=O)c2ccc(c(c2)Cl)Cl)N
dude_rock1__L004079,Cc1cccc(c1OC[C@H](CNC(=O)NC2CCN(CC2)c3cccc[nH+]3)O)C
dude_rock1__L004080,COc1ccc(cc1Oc2cc(nc(n2)N)Cl)C=O
dude_rock1__L004081,c1csc(n1)NC(=O)[C@H]2C[NH+]3CC[C@H]2C[C@@H]3Cn4cc(nn4)C(=O)N
dude_rock1__L004082,CCOc1ccc(cc1)n2c(c(nn2)C[NH3+])c3cccc(c3)C
dude_rock1__L004083,C[C@@H](CCC[NH2+]C(C)C)[NH+]1CC[C@@H]2CCCC[C@@H]2C1
dude_rock1__L004084,CCN1CNC(=NC1)Nc2nc(c3cc(ccc3n2)C)C
dude_rock1__L004085,Cc1c(c([nH]c1C(=O)NC[C@@H](c2cccc(c2OC)OC)C3=c4ccccc4=[NH+]C3)C)C(=O)C
dude_rock1__L004086,C[NH+](C)CCNc1ccc2c3c1c(=O)c4cc(ccc4n3cn2)O
dude_rock1__L004087,C[C@H](C(=O)N1CCC2(CC1)c3c([nH+]c[nH]3)CCN2)NC(=O)COc4ccc(cc4)Cl
dude_rock1__L004088,Cc1c(cco1)[C@H](c2cc3c(cc2Cl)OCCO3)[NH2+]C
dude_rock1__L004089,CN1[C@H]([C@@H](C=N1)Cl)C(=O)NC[C@@H]2C=c3cc(ccc3=[NH+]2)Cl
dude_rock1__L004090,c1cc([nH+]cc1NC(=O)N[C@H]2CCCCNC2=O)N3CCOCC3
dude_rock1__L004091,CC[NH2+]C(C)(C)C(=O)Nc1cc(cc(c1C)F)C(=O)N
dude_rock1__L004092,CCOC(=O)[C@@H]1CSCC[NH+]1CC(=O)Nc2c(c(c(n2c3cccc(c3)F)C)C)C#N
dude_rock1__L004093,C[C@H](c1ccccc1F)NC(=O)c2ccc(nn2)NN
dude_rock1__L004094,Cc1c\2c(oc1C(=O)N3CCN(CC3)c4ccccc4)CCC/C2=N\NC(=[NH2+])N
dude_rock1__L004095,CC1(CC(CC([NH2+]1)(C)C)/N=C/c2c([nH]n(c2=O)c3nc4ccccc4s3)C(F)(F)F)C
dude_rock1__L004096,c1cc2c(cc(=O)oc2cc1Br)Cn3cc(nn3)C[NH3+]
dude_rock1__L004097,Cc1c(sc(n1)N)c2nc(nn2C)C(C)(C)C
dude_rock1__L004098,CCOC(=O)c1cc(ccc1N)N2CC[NH+](CC2)C(C)C
dude_rock1__L004099,C[C@H]1CCC[C@](C1)(CNc2cc(ncn2)C(C)C)[NH+](C)C
dude_rock1__L004100,C[C@H]1c2ccc(cc2OC(=O)[C@H]1C)OCC(=O)NCCC3=c4cc(ccc4=[NH+]C3)OC
dude_rock1__L004101,Cc1cc(ccc1NC(=O)N[C@H](C)C[NH+]2C[C@@H](C[C@@H](C2)C)C)C(=O)NC
dude_rock1__L004102,COC(=O)[C@H](CC1=c2ccccc2=[NH+]C1)NC=C3C(=O)NC(=O)NC3=O
dude_rock1__L004103,CCNC(=O)C[NH+]1CCCN(CC1)C(=O)CNC(=O)NCC2CCCC2
dude_rock1__L004104,CCCNC(=O)NC(C)(C)C(=O)N[C@@H](C)c1ccc(cc1)N2CC[NH+](CC2)C
dude_rock1__L004105,Cn1cc2c3c1cccc3[C@@H]4C[C@@H](C[NH+]([C@H]4C2)C)NS(=O)(=O)N(C)C
dude_rock1__L004106,C[C@H](c1cc[nH]n1)Nc2ccc(cc2)n3cnnn3
dude_rock1__L004107,Cc1cc(c2c(c1)[C@]3([C@H]4[C@@H]([C@H](N3)CCC(=O)[O-])C(=O)N(C4=O)CCc5ccccc5)C(=O)N2)C
dude_rock1__L004108,c1cc(c(cc1C(=O)NCC(=O)OCc2nc(c3c4c(sc3n2)CCCC4)N)[N+](=O)[O-])Cl
dude_rock1__L004109,CCC[C@]1(CC[NH2+]C1)C(=O)N2CCN(CC2)C(=O)C(C)C
dude_rock1__L004110,COc1ccc2=[NH+][C@H](C=c2c1OC)C(=O)NCC(=O)NCCC3=c4ccccc4=[NH+]C3
dude_rock1__L004111,c1ccc(c(c1)c2nnc3n2cccn3)N
dude_rock1__L004112,COc1ccc(c2c1cccc2)/C=C(\C#N)/C3[NH+]=c4ccccc4=[NH+]3
dude_rock1__L004113,C[NH+](C)Cc1nc2c(c3c(s2)CCCC3)c(=O)n1CCO
dude_rock1__L004114,CCc1ccc(cc1)N(Cc2ccc3c(c2)OCO3)C(=O)C[NH3+]
dude_rock1__L004115,CC1CCN(CC1)c2ccc(c[nH+]2)CNC(=O)NCCC(=O)NCC#C
dude_rock1__L004116,c1cc(oc1)c2nc3n(n2)c(c(s3)[C@@H](c4ccc(cc4)[N+](=O)[O-])[NH+]5CCC(CC5)C(=O)N)O
dude_rock1__L004117,Cc1c2c([nH][nH+]1)Nc3c(c(=O)[nH]c(=O)[nH]3)[C@H]2c4cccc(c4O)OC
dude_rock1__L004118,CC[NH+]1CCN(CC1)CCCNC(=O)c2c(nn(c2n3cccc3)c4ccc(cc4)C)C
dude_rock1__L004119,CN(C)C(=O)CN(CC(F)(F)F)C(=O)C1(CCCC1)[NH3+]
dude_rock1__L004120,CCOc1ccccc1CCNC(=O)[C@@H]2CN(CC23CC[NH2+]CC3)C(=O)c4ccccc4C
dude_rock1__L004121,Cc1c(c([nH]c1C(=O)C[NH+]2CCN(CC2)S(=O)(=O)c3ccc(cc3)C(C)C)C)C(=O)C
dude_rock1__L004122,c1cc(sc1)[C@H]2[C@H]3CC=C[C@@H]3c4cc(cc(c4N2)O)[N+](=O)[O-]
dude_rock1__L004123,C[C@H]([C@@H]1CCCCN1Cc2ccc(cc2Br)[N+](=O)[O-])[NH3+]
dude_rock1__L004124,Cc1c(sc2c1c(nc(n2)S[C@@H](C)C(=O)NC(=O)NC(C)(C)C)N)C
dude_rock1__L004125,C[C@H]1CN([C@H](CO1)C)C(=O)c2cc(cn2C(C)C)N
dude_rock1__L004126,CCOc1ccc(cc1)Oc2ccc(cc2[C@@H](C)[NH2+]C)F
dude_rock1__L004127,C[NH+](Cc1ccccc1F)Cc2nc(nc(n2)Nc3ccccc3OC)N
dude_rock1__L004128,CCc1ccc(s1)C[NH2+]Cc2ccc(cc2)[C@@]3(C(=O)NC(=O)N3)C
dude_rock1__L004129,Cc1cc(c(o1)C)C(=O)NNC(=O)NCC(C)(C)[NH+]2C[C@@H](C[C@H](C2)C)C
dude_rock1__L004130,Cc1ccc(c(c1)Sc2ccc(cc2)N[C@@H]3CC(=O)N(C3=O)c4ccc(cc4)C(=O)[O-])C
dude_rock1__L004131,CC[C@H](C)[NH+]1CCN(CC1)[C@H](C[NH3+])c2ccc(cc2F)Br
dude_rock1__L004132,CC(C)(C)c1ccc(cc1)C(=O)n2cnnc2N
dude_rock1__L004133,COc1cc2cc3c(c(sc3[nH+]c2cc1OC)C(=O)NCc4ccc5c(c4)OCO5)N
dude_rock1__L004134,CC[NH+](CC)[C@H](CNC(=O)C(=O)Nc1c(ccs1)C(=O)N)c2ccco2
dude_rock1__L004135,COc1cc(cc(c1O)Br)[C@@H]2C(=C(C(=O)N2CCO)[O-])C(=O)c3ccc(cc3)Cl
dude_rock1__L004136,CC[C@@]1([C@](N(C(=O)O1)C2CC([NH2+]C(C2)(C)C)(C)C)(C)O)C
dude_rock1__L004137,CC[NH+](C)CCNS(=O)(=O)c1cc(ccc1N)[N+](=O)[O-]
dude_rock1__L004138,C[C@H](Cn1ccnc1)[NH2+][C@H](C)c2ccc(c(c2Cl)Cl)Cl
dude_rock1__L004139,CC[NH2+][C@](C)(CCCSc1nc2ccccc2s1)C(=O)N
dude_rock1__L004140,C[C@H]1CCC[C@H](C1)OC(=O)C2(CCCCCC2)[NH3+]
dude_rock1__L004141,Cn1c2c(=O)[nH]c(=O)n(c2nc1NCc3ccc[nH+]c3N(C)C)C
dude_rock1__L004142,Cc1ccc(s1)C(=O)NCC(=O)N2CCC(CC2)[NH+]3CCCC3
dude_rock1__L004143,C[C@H](C(=O)N1CCC2(CC1)c3c([nH]c[nH+]3)CCN2)NC(=O)CCc4ccc(cc4)OC
dude_rock1__L004144,CSc1ccc(cc1)[C@@H]2[C@@H]([C@](NC(=O)[C@@H]2C(=O)N)(c3ccccc3)O)C#N
dude_rock1__L004145,Cc1ccc(c(c1)C)N(C)S(=O)(=O)c2cc(ccc2N)Cl
dude_rock1__L004146,Cc1ccc(c(c1O)C)NC(=O)CC[C@H]2CCCC[NH2+]2
dude_rock1__L004147,CCC[C@@H]1CC[C@H]([C@@H](C1)[NH+](CCO)C2CCCCC2)C#N
dude_rock1__L004148,Cc1c(cnn1C)[C@H](C)NC(=O)c2ccc3c(c2)CCN3
dude_rock1__L004149,CCCCC[C@@H](C)[NH2+][C@@H]1c2ccc(c(c2NC1=O)C)C
dude_rock1__L004150,CCOC(=O)[C@H](Cc1ccc(c(c1)O)Oc2ccc(cc2[N+](=O)[O-])C(F)(F)F)[NH3+]
dude_rock1__L004151,Cc1cc(c[nH+]c1N2CC(=O)Nc3c2cccc3)N
dude_rock1__L004152,CCOC(=O)[C@H]1C(=c2ccccc2=[NH+]1)N/C(=N/O)/C(=N/O)/c3ccccc3
dude_rock1__L004153,c1c(cc(c(c1C[C@@H](CO)[NH3+])O)I)I
dude_rock1__L004154,CC(=O)[NH+]=c1ccc-2c(cc(oc2c1)O)COC(=O)c3cc(ccc3O)Cl
dude_rock1__L004155,c1cc(ccc1Cc2nc(on2)CC[C@@H]3CCCC[NH2+]3)O
dude_rock1__L004156,CC1(CC(CC([NH2+]1)(C)C)NC(=O)Nc2cc(c(c(c2)F)S(=O)(=O)C)F)C
dude_rock1__L004157,c1cc(c(cc1F)[N+](=O)[O-])S(=O)(=O)NC[C@H]2CCC[NH2+]2
dude_rock1__L004158,C[C@@H](c1cccc(c1)S(=O)(=O)NC)NC(=O)NC[C@H](c2ccco2)[NH+](C)C
dude_rock1__L004159,c1ccc2=[NH+]CC(=c2c1)[C@@H](CNC(=O)CSC3=NN[C@H](S3)N)c4ccc(cc4Cl)Cl
dude_rock1__L004160,C[NH2+][C@@H]1c2ccccc2OC[C@@H]1n3ccc(n3)C(F)(F)F
dude_rock1__L004161,Cc1cccc(c1)CNC(=O)N2CCC/[N+](=C/3\c4cc(ccc4Oc5cc(ccc5N3)C)C)/CC2
dude_rock1__L004162,CC(C)(C)NC(=O)c1ccc2c(c1)[C@@H]3C=CC[C@@H]3[C@@H](N2)c4ccc(cc4O)O
dude_rock1__L004163,CCN(C1=CCCCC1)C(=O)C[NH+]2CCCC[C@H]2C(=O)N
dude_rock1__L004164,c1cc2c(ccc(c2[nH+]c1)NCc3ccc(cc3)C#N)N
dude_rock1__L004165,CSc1nc(c2c(n1)OC(=C([C@H]2c3cccc(c3)Cl)C#N)N)N
dude_rock1__L004166,c1cc2c(cc1C[C@H](C[NH3+])c3ccc4c(c3)OCO4)OCCO2
dude_rock1__L004167,Cc1c[nH]c(=O)n1c2ccc(cc2)C(=O)N(Cc3cnn(c3)C)C(C)C
dude_rock1__L004168,Cc1cc(c(c(n1)NN/C=C\2/C(=NC(=S)N(C2=O)c3ccc(cc3)Cl)[O-])C#N)COC
dude_rock1__L004169,CC(C)NC(=O)NC(=O)CS[C@@H]1NN=C(N1C2CC2)C3=c4ccccc4=[NH+]C3
dude_rock1__L004170,CC(C)(C)[C@@H]1CCc2c(sc3c2C(=O)N[C@@H](N3)c4ccc(cc4O)O)C1
dude_rock1__L004171,C[C@H]1CCC[C@H]([C@@H]1C)NC(=S)NNC(=O)c2cc3c(c(c2)Cl)OCCO3
dude_rock1__L004172,C[C@H](c1ccccc1OC)[NH2+][C@@H](C)C(=O)c2c(n(c(=O)n(c2=O)C)C)N
dude_rock1__L004173,CC1(CC(CC([NH2+]1)(C)C)Nc2c(c(ncn2)Nc3ccc(cn3)Cl)N)C
dude_rock1__L004174,C[C@H](C12CC3CC(C1)CC(C3)C2)NC(=O)C[NH+]4CCNC(=O)C4
dude_rock1__L004175,CC[NH+](CC(=O)Nc1c2c(c(n[nH]c2=O)C)c(o1)C)CC(=O)NC(C)(C)C
dude_rock1__L004176,Cn1c2ccccc2c3c(c1=O)[C@@]4(c5ccccc5N(C4=O)Cc6ccc(cc6)F)C(=C(O3)N)C#N
dude_rock1__L004177,Cc1ccccc1/N=C\2/NC(=O)/C(=C/c3cn(c4c3cccc4)CC(=O)N)/S2
dude_rock1__L004178,COc1cccc(c1O)C(=O)NNC(=O)NCCCn2cc[nH+]c2
dude_rock1__L004179,Cc1ccc(cc1Cl)n2c(=O)c(c(nc2O)O)[C@@H]3c4c(c5ccccc5[nH]4)CC[NH2+]3
dude_rock1__L004180,c1c(cc(c2c1sc(n2)N)Cl)[N+](=O)[O-]
dude_rock1__L004181,COc1ccccc1c2c(n3cc(ccc3n2)C(F)(F)F)C[NH3+]
dude_rock1__L004182,Cc1cc(c2=[NH+][C@@H](C(=c2c1)C)c3ccccc3)CNC(=O)[C@@H]4CCCN(C4)C(=O)N
dude_rock1__L004183,C[C@H](C(=O)NNC(=O)c1cc(ccc1O)Br)Oc2ccccc2F
dude_rock1__L004184,CCN(c1nc(cs1)C[NH2+]C2CCS(=O)(=O)CC2)C(=O)C
dude_rock1__L004185,C[C@H]1c2c(cc(cc2OC(=O)[C@@H]1CC(=O)NCCc3c[nH]c[nH+]3)O)O
dude_rock1__L004186,C[NH+]1CCc2cc3c(c(c2[C@H]1c4c(=O)nc(n(c4O)c5ccccc5)[S-])OC)OCO3
dude_rock1__L004187,Cc1cccc(c1n2c(nnn2)CS/C(=[NH+]/C3CCCC3)/N)C
dude_rock1__L004188,CC(C)CC(=O)N1CCC2(CC1)[NH2+][C@H](C(=O)N2CCc3ccc(c(c3)OC)OC)C(C)C
dude_rock1__L004189,C1CC1C[NH+]2CCN(CC2)[C@H]3CS(=O)(=O)C[C@@H]3O
dude_rock1__L004190,CCc1ccc(nc1)[C@@H]2[C@H](NCN2Cc3[nH]cc[nH+]3)c4ccccc4
dude_rock1__L004191,Cc1ccc(cc1)[C@H](CNC(=O)NNC(=O)COc2ccccc2C#N)[NH+](C)C
dude_rock1__L004192,Cc1c[nH]/c(=N/C(=O)N(C)Cc2ccccc2O)/s1
dude_rock1__L004193,C[C@@H]1CCC[C@@H]([C@@H]1C)[NH2+][C@@H]2CC(=O)N(C2=O)C3CCCC3
dude_rock1__L004194,c1ccc2c(c1)cc(o2)[C@H]3C(=CN=N3)C[NH2+]CC4(CCCCC4)O
dude_rock1__L004195,C/C(=N/NC(=O)c1c[nH]c2c1cccc2)/[C@@H]3C[C@H]4CC[C@@H]3C4
dude_rock1__L004196,Cc1c([nH+]c2cc(c(cc2c1N(C)C)Cl)Cl)CNC
dude_rock1__L004197,CC(C)[NH2+]Cc1cc(cc(c1O[C@@H]2CCC[C@@H]2O)Cl)Cl
dude_rock1__L004198,c1ccc(cc1)CN2CC=C3[C@@H](C2)[C@H](C(C(=C3C#N)N)(C#N)C#N)c4cc(cs4)[N+](=O)[O-]
dude_rock1__L004199,Cc1c([nH+]c[nH]1)[C@@H]2[C@@H](NCN2CC(=O)Nc3nccs3)c4ccccc4
dude_rock1__L004200,Cc1ccc(cc1)C(=O)N2C[C@H](C3(C2)CC[NH2+]CC3)C(=O)NC[C@H]4CCCO4
dude_rock1__L004201,CCOCC(=O)NNC(=O)NCC(C)(C)[NH+]1CCCCC1
dude_rock1__L004202,Cc1ccc(cc1)OC[C@H](Cn2c3c(=O)[nH]c(=O)n(c3nc2NCCC[NH3+])C)O
dude_rock1__L004203,Cc1ccc(c(c1)C)NC(=O)[C@@H]2[C@H]([NH+]=C(S2)N)c3ccc(cc3)[N+](=O)[O-]
dude_rock1__L004204,C[C@@H]1CCCN(C1)C(=O)C[NH+]2CCC[C@@H](C2)CC(=O)[O-]
dude_rock1__L004205,c1cc[nH+]c(c1)N2CCN(CC2)Cc3c(ccc4c3occ(c4=O)c5ccc(cc5)Cl)O
dude_rock1__L004206,Cc1cc2c(c(=O)n1Cc3ccccc3OC)[C@H](C(=C(O2)N)C#N)c4ccc(cc4)Br
dude_rock1__L004207,CCCC[NH+](CC)[C@@H]1[C@@H](c2cc(c(cc2OC1(C)C)C)C)O
dude_rock1__L004208,CCC[C@@H]1CC[C@@H]([C@@H](C1)N2CCCC[C@@H]2C(=O)N)C[NH3+]
dude_rock1__L004209,c1ccc(cc1)S(=O)(=O)S(=O)(=O)[N-]c2ccc(cc2N3CCN[C@@H](C3)Cl)c4ccccc4O
dude_rock1__L004210,C[C@H]1C(=c2ccccc2=[NH+]1)CCNC(=O)[C@@H]3Cc4cc(ccc4OC3=O)Br
dude_rock1__L004211,c1cc(oc1)c2ccc(=O)n(n2)CC3(CCN(CC3)C(=O)C4CC4)O
dude_rock1__L004212,Cc1ccc(c(c1)NC(=O)C(=O)NCCC2=c3ccccc3=[NH+]C2)C
dude_rock1__L004213,C[C@H](C(=O)NC(=O)N)NCCC[NH+](C)C1CCCCC1
dude_rock1__L004214,CN(CCCNC(=O)NNC(=O)C1=c2ccccc2=[NH+]C1)c3ccccc3
dude_rock1__L004215,c1cc(ccc1N2C(=O)/C(=C/c3ccc(cc3O)O)/C(=NC2=O)[O-])Br
dude_rock1__L004216,c1cc2c(cc1NC(=O)C[C@@H]3C(=O)N[C@H]4CCCC[C@@H]4[NH2+]3)OCCO2
dude_rock1__L004217,c1cc(c(c(c1)Cl)N/N=C(\C(=S)N)/C(=O)N2CCCC2)Cl
dude_rock1__L004218,C[C@H](C(=O)N1CCN(CC1)CC(=O)N2CCCc3c2cccc3)NC(=O)C
dude_rock1__L004219,c1cs/c(=N/C(=O)c2cc(cnc2)C#CC[NH3+])/[nH]1
dude_rock1__L004220,C[C@@H]1CCC[C@@H]([NH+]1C[C@@H](c2ccc3c(c2)NC(=O)CO3)O)C
dude_rock1__L004221,Cc1cc[nH+]c(c1)NCc2c3ccccc3ccc2O
dude_rock1__L004222,CN(C)S(=O)(=O)c1ccc(cc1)C(=O)NC[C@@H]2CCS(=O)(=O)C2
dude_rock1__L004223,Cc1ccc(c(c1)Oc2c(c(cc(n2)C)C)C[NH3+])Cl
dude_rock1__L004224,CCOc1ccc(cc1)[C@H]2c3c(c4ccccc4n(c3=O)c5ccccc5)OC(=C2C#N)N
dude_rock1__L004225,c1cc(ccc1NC(=O)/C=C/c2ccc3c(c2)OCO3)O
dude_rock1__L004226,CC[C@H]([C@H](c1cc(cs1)Br)N2CC[NH+](CC2)C)[NH3+]
dude_rock1__L004227,COCc1c(c2n(n1)C(=C/C(=C\3/C4=C(CCC4)[NH+]=N3)/N2)O)c5ccc(cc5)OC
dude_rock1__L004228,c1ccc2c(c1)c(cc(c2O)/N=N/c3cccc(c3)/C=C\c4[nH]c5ccccc5n4)S(=O)(=O)[O-]
dude_rock1__L004229,CC(=O)N1CCC2(CC1)[NH2+][C@H](CC(=N2)c3ccccc3O)c4ccccc4O
dude_rock1__L004230,c1cc(ccc1O)SCc2nnc(o2)[C@H]3CCCO3
dude_rock1__L004231,C[C@H]1CCC[C@](C1)(CNC(=O)NNc2ccc(nn2)Cl)[NH+](C)C
dude_rock1__L004232,C1CC[NH+](CC1)C2CCN(CC2)[C@@H]3CS(=O)(=O)C[C@H]3O
dude_rock1__L004233,c1cc(ccc1c2c3cc(ccc3no2)/C=C\C(=O)N)Cl
dude_rock1__L004234,Cc1ccccc1CC(=O)N2C[C@@H](C3(C2)CC[NH2+]CC3)C(=O)NCc4ccc(cc4)OC(F)F
dude_rock1__L004235,CCOc1ccc(cc1)N2C(=O)C[C@H](C2=O)SC(=[NH2+])N/N=C/c3c4ccccc4ccc3O
dude_rock1__L004236,c1cc(sc1)C(=O)NC(=S)Nc2nc3ccc(cc3s2)O
dude_rock1__L004237,CC[NH+](C)CCNS(=O)(=O)c1ccc(cc1N)[N+](=O)[O-]
dude_rock1__L004238,C[C@@H](c1ccc(cc1O)OC)Nc2ccc([nH+]c2)N(C)C
dude_rock1__L004239,CC(C)Cc1ccc(cc1)[C@H](C[NH2+]Cc2ccccc2)N3CC[NH2+][C@@H](C3)[O-]
dude_rock1__L004240,Cn1cc(cn1)[C@H](C[NH3+])Sc2nnnn2C3CCCC3
dude_rock1__L004241,C[C@H]1CC[C@H]([C@@H](C1)[NH2+]CC2CC[NH+](CC2)C)C(C)C
dude_rock1__L004242,Cc1ccc(cc1)c2[nH]c(=S)n(n2)C[NH+]3CCN(CC3)CC(=O)NC(C)C
dude_rock1__L004243,CC(C)NC(=O)N1CC[NH2+]C[C@H]1C(=O)N[C@H](C)C(=O)OC
dude_rock1__L004244,C[C@H](C(=O)NC1CCCC1)[NH2+]C2CCN(CC2)S(=O)(=O)C
dude_rock1__L004245,Cc1ccc(c(c1)[C@@H](C)NC(=O)Nc2cc3c(cc2Br)OCCO3)OC
dude_rock1__L004246,C5CN(c4nc(NC2Cc1ccccc1C2)cc(Nc3ccncc3)n4)CCN5
dude_rock1__L004247,c1c(c(c2c(c1Cl)nc(s2)N)Cl)[N+](=O)[O-]
dude_rock1__L004248,CC[C@H](c1ccc(cc1)Br)NC(=O)COc2c(cc(cc2Cl)C(=O)[O-])Cl
dude_rock1__L004249,C[C@H](CNS(=O)(=O)c1ccc(cc1C#CCO)F)[NH+](C)C
dude_rock1__L004250,C[C@H](c1ccc(s1)Cl)[NH+]2CCC(CC2)[C@@H]3CCC[NH2+]3
dude_rock1__L004251,CC[C@@H](C)CC(=O)N1C[C@H](C2(C1)CC[NH2+]CC2)C(=O)NCC#N
dude_rock1__L004252,Cc1ccc2nc(c(n2c1)NCc3ccc4c(c3)OCO4)c5cc6cccc(c6[nH]c5=O)C
dude_rock1__L004253,Cc1cccc(c1NC(=O)CS[C@@H]2NN[C@@H](N2CC=C)CC3=c4ccccc4=[NH+]C3)C
dude_rock1__L004254,CC[C@H]1CC2=c3ccccc3=[NH+][C@H]2[C@@H]([NH2+]1)c4c([nH]c(=O)n(c4=O)c5ccc(cc5)OC)[O-]
dude_rock1__L004255,CCOC(=O)C1=CN[C@@H]2CC[C@H]3[C@@H](CS(=O)(=O)[C@@H]3[C@@H]2C1)[NH+]4CCCC4
dude_rock1__L004256,CCc1ccccc1NC(=O)C[NH+](C)[C@H](C)C(=O)NC(=O)NCC=C
dude_rock1__L004257,Cc1ccc(cc1)NC(=O)CN2c3ccccc3/C(=N/NC(=[NH2+])N)/C2=O
dude_rock1__L004258,CN([C@@H]1CCS(=O)(=O)C1)C(=O)C[NH+]2CC[C@@H](C2)CO
dude_rock1__L004259,c1ccc(cc1)CC[NH+]2Cc3c(=O)[nH]c(=O)n(c3NC2)c4ccccc4F
dude_rock1__L004260,c1ccc(c(c1)N2CCN(CC2)Cc3cn4cc(ccc4[nH+]3)N)F
dude_rock1__L004261,C[C@H]1[C@@H]2C(=c3ccccc3=[NH+]2)C[C@@H]4N1C(=O)N(C4=O)c5ccccc5C(=O)NCC(C)C
dude_rock1__L004262,c1cc(cnc1)CN2[C@@H]3C(=N[C@@H](N3)c4ccc(cc4)n5cccn5)C=N2
dude_rock1__L004263,CSc1[nH]c(=O)c2c(n1)nc([nH]2)Cl
dude_rock1__L004264,Cc1ccc2=[NH+]CC(=c2c1)CCN3C[C@@H](CC3=O)C(=O)N[C@H]4NN[C@@H](S4)C
dude_rock1__L004265,C[C@H](C(=O)NC[C@@H]1CCC[NH+]1CC2CCCCC2)NC(=O)N
dude_rock1__L004266,c1ccc2=[NH+]CC(=c2c1)C[C@H](C(=O)O)N/C=C/3\C(=O)NC(=S)N(C3=O)C4CC4
dude_rock1__L004267,c1ccc(cc1)[C@H]2CNC(=O)[C@@H]2C(=O)N/N=C\c3ccc(cc3O)O
dude_rock1__L004268,COc1ccc(cc1OCC(=O)Nc2ccc(cc2)Br)N
dude_rock1__L004269,Cc1cccc2c1[nH]cc2CCNC(=O)[C@@H]3CN(CC34CC[NH2+]CC4)C(=O)[C@H]5C=C(O[C@@H]5C(F)(F)F)C
dude_rock1__L004270,CCC[NH2+]Cc1c(nc(s1)N2CCC[C@@H]2C)C(C)(C)C
dude_rock1__L004271,C[NH+](C)[C@H](CNC(=O)N1CCN(CC1)S(=O)(=O)c2ccc(c(c2)[N+](=O)[O-])OC)c3ccsc3
dude_rock1__L004272,Cc1c(c(n(n1)C)C)/C=C/C(=O)N2CCCC[C@H]2CO
dude_rock1__L004273,COCCNc1c([nH+]c2n1cc(cc2)Cl)c3ccc(cc3)O
dude_rock1__L004274,CCCCn1c(c(c(=O)[nH]c1=O)N(CC)C(=O)C[NH+]2CCCC[C@@H]2C)N
dude_rock1__L004275,CC(C)[NH+]1CCc2c(sc(c2C(=O)N)NC(=O)CCSc3ccc(cc3)OC)C1
dude_rock1__L004276,c1cc[nH+]c(c1)N2CCN(CC2)[C@@H]3CS(=O)(=O)C[C@H]3O
dude_rock1__L004277,CC[NH+](CC(=O)NC(=O)N[C@H]1CCCC[C@@H]1C)CC(=O)NC(C)(C)C
dude_rock1__L004278,COc1ccccc1c2csc3n2c(c(n3)c4ccco4)CC[NH3+]
dude_rock1__L004279,Cc1ccccc1CO/N=C(\c2cc[nH+]c(c2)N3CCCCC3)/N
dude_rock1__L004280,CC(C)CN3CCC(Nc1cccc2cnccc12)CC3
dude_rock1__L004281,CC1(CC2=C([C@H](N3C(=[NH+]2)N=C(N3)SCc4ccccc4F)c5ccc(cc5)O)C(=O)C1)C
dude_rock1__L004282,COc1ccc(cc1OC)[C@H]2c3c(c4ccccc4[nH]3)CC[NH2+]2
dude_rock1__L004283,CCOc1ccccc1C(=O)N[C@H]2CCCC[C@H]2[NH3+]
dude_rock1__L004284,Cc1cc(cc(c1C)S(=O)(=O)Nc2ccc(cc2)S(=O)(=O)/N=C\3/CCCCCN3)C(=O)[O-]
dude_rock1__L004285,C[C@@H]1C[C@@H](C[NH+](C1)C(C)(C)CNC(=O)Cn2ccc(=O)[nH]c2=O)C
dude_rock1__L004286,COc1cccc(c1OC)[C@@H]2c3c(c4ccccc4[nH]3)C[C@@H]([NH2+]2)C(=O)OC
dude_rock1__L004287,c1ccc(cc1)c2cc([nH+]c3c2cccc3)N4CCO[C@H](C4)C(=O)N
dude_rock1__L004288,C[C@@H](c1ccccc1O)[NH2+][C@@H](C)c2cc3ccccc3o2
dude_rock1__L004289,Cc1ccnc(c1)n2c(c(c3c2ncn(c3=[NH2+])Cc4ccccn4)C)C
dude_rock1__L004290,Cc1cccc2c1[nH]c(=O)c(c2)C[NH+](Cc3cccs3)Cc4nnnn4C5CCCC5
dude_rock1__L004291,C[C@H]1CCC[C@H]([C@@H]1C)NC(=O)[C@@H]2CN(CC23CC[NH2+]CC3)C(=O)CCOC
dude_rock1__L004292,c1cc(ccc1N2C3=C([C@@H](C(=C2N)C#N)c4ccc(s4)Br)C(=O)CCC3)[N+](=O)[O-]
dude_rock1__L004293,CCN1[C@@H](NN(C1=O)CCC2=c3ccccc3=[NH+]C2)C4CC[NH2+]CC4
dude_rock1__L004294,CC1CC[NH+](CC1)[C@H](CNC(=O)Nc2cc(c(cc2F)F)NC(=O)C)C(C)C
dude_rock1__L004295,C[NH+]1CC[C@H](C1)CNC(=O)CN2CCS(=O)(=O)CC2
dude_rock1__L004296,c1ccc(cc1)COc2ccc3c(c2)c(cn3S(=O)(=O)c4ccc(cc4)N)C5=CC[NH2+]CC5
dude_rock1__L004297,C[C@@H](c1ccc(c(c1)Cl)F)[NH2+]Cc2nnc3n2cccc3
dude_rock1__L004298,CC[NH2+][C@H](C)c1nnc(o1)c2cc(ccc2Br)F
dude_rock1__L004299,Cc1ccccc1Cc2[nH]c(=O)c3c(n2)CC[NH+](C3)C[C@@](C)(C=C)O
dude_rock1__L004300,c1ccc(cc1)C(c2ccccc2)SC3=N[C@H]4NC5=C([C@H](N4N3)C6=CC=[NH+]C6)C(=O)CCC5
dude_rock1__L004301,Cc1ccc(cc1)C(=O)N/C(=C\c2ccc(cc2)Br)/C(=O)NCCC3=c4ccccc4=[NH+]C3
dude_rock1__L004302,CCC[C@@H]1CC[C@H]([C@@H](C1)Cc2cc(ccc2[N+](=O)[O-])F)[NH3+]
dude_rock1__L004303,C[NH+](C)Cc1cc(cc(c1O)Sc2cc(cc(c2O)C[NH+](C)C)Cl)Cl
dude_rock1__L004304,c1cc2c(cc1[C@@H](c3ccc(cc3Br)F)[NH3+])[nH]c(=O)[nH]2
dude_rock1__L004305,c1c(nc(nc1Cl)N)N2CC[NH+](CC2)Cc3[nH]c4c(c5c(s4)CCCC5)c(=O)n3
dude_rock1__L004306,CN(CCc1nc(on1)C2CC2)c3cc([nH+]c(n3)N)NC4CC4
dude_rock1__L004307,C[C@H](c1cc[nH]n1)Nc2ccc(cc2F)[N+](=O)[O-]
dude_rock1__L004308,C[C@@H](CCCC(C)(C)O)NC(=O)[C@@H]1CN(CC12CC[NH2+]CC2)C(=O)c3ccc4ccccc4c3
dude_rock1__L004309,Cc1c2cc3c(cc2oc(=O)c1CC(=O)NCC4CCC(CC4)C(=O)[O-])OC(CC3)(C)C
dude_rock1__L004310,CCCCNC(=O)[C@@H]1CC[C@H]([NH+](C1)CC(=O)NC(=O)NC(C)C)C
dude_rock1__L004311,C[C@@H]1CCCC[C@H]1NC(=O)NC(=O)C[NH+]2CCC[C@H]2C(=O)NCC(F)(F)F
dude_rock1__L004312,c1ccc2=[NH+]CC(=c2c1)/C=N/N3[C@H](NN[C@@H]3S)C(F)(F)F
dude_rock1__L004313,CC1(Cc2c(sc3c2C(=[NH+][C@@H](N3)SCC[NH+](C)C)N)CO1)C
dude_rock1__L004314,c1ccc(c(c1)OCCNC(=O)[C@@H]2CN(CC23CC[NH2+]CC3)C(=O)c4cccc(c4)Br)Cl
dude_rock1__L004315,c1ccc(c(c1)[N+](=O)[O-])OCc2ccc(cc2)C#CC[NH3+]
dude_rock1__L004316,c1cc(ccc1n2c(cc(n2)C(F)F)S(=O)(=O)N)F
dude_rock1__L004317,C[NH+](CCCNC(=O)N1CCC(CC1)NC(=O)C2CCC2)C3CCCCC3
dude_rock1__L004318,C[C@@H](c1ccc(cc1)CC(C)C)[NH2+][C@@H](C)C(=O)NC(=O)N
dude_rock1__L004319,C[C@H](C(=O)NC(=O)NC[C@H]1CCCO1)[NH+](C)CC(=O)NC(C)(C)C
dude_rock1__L004320,c1ccc(c(c1)NS(=O)(=O)c2ccc3=[NH+]C(=O)[NH+]=c3c2)O
dude_rock1__L004321,C1C[C@@H]([NH2+]C1)C(=O)N2CCC[C@@H]2C(=O)N3CCOCC3
dude_rock1__L004322,Cc1cc(nc(n1)c2ccc(cc2Cl)F)C[NH2+]C(C)C
dude_rock1__L004323,Cc1ccc2c(c1)/c(=[NH+]/[C@H](Cc3c[nH]c[nH+]3)C(=O)[O-])/cc(o2)c4ccc(c(c4)OC)O
dude_rock1__L004324,COc1cc(ccc1O)[C@@H]2[C@@H]3CC=C[C@H]3c4cccc(c4N2)C(=O)NC5CCCCC5
dude_rock1__L004325,CCn1c2c(c(n1)C(=O)NC)C[C@H](CC2)[NH2+]CC3(CCCCC3)[NH+]4CCCCC4
dude_rock1__L004326,CC[NH2+][C@H](C)c1cccc(c1)c2ccc3c(c2)OCCO3
dude_rock1__L004327,C1CC[NH+](CC1)C2CCN(CC2)[C@@H]3CS(=O)(=O)C[C@@H]3O
dude_rock1__L004328,CC[C@@H](C)C(=O)N1C[C@H](C2(C1)CC[NH2+]CC2)C(=O)NC[C@@H](c3ccccc3)[NH+](C)C
dude_rock1__L004329,CN(C)c1ccc(cc1)NC(=O)CSc2c(c3c(s2)c(cc(=O)[nH]3)[O-])C#N
dude_rock1__L004330,c1c(c(n[nH]1)C(=O)Nc2c(c3c(s2)CCC3)C#N)N
dude_rock1__L004331,c1ccc(c(c1)C(F)(F)F)S(=O)(=O)NNC(=O)NCCCn2cc[nH+]c2
dude_rock1__L004332,CC(C)[C@@H](C(=O)NC(=O)N)Oc1cc(c(cc1Cl)Cl)Cl
dude_rock1__L004333,CCC(=C1C=CC(=O)C=C1)NNc2ccc(cc2[N+](=O)[O-])S(=O)(=O)Nc3ccccc3OC
dude_rock1__L004334,c1c(cc(c(c1[N+](=O)[O-])NC(=O)CSc2[nH]c(=O)cc(n2)[O-])Br)Br
dude_rock1__L004335,C[C@H]1CN(CCO1)c2ccc(c[nH+]2)CNC(=O)NNC(=O)CCC(C)C
dude_rock1__L004336,C[C@H]1CCC[C@@H]([C@@H]1C)NS(=O)(=O)c2ccc(cc2N)Cl
dude_rock1__L004337,CCCN1C(=O)c2c(ncn2C[C@@]1(C)C(=O)NCCC(C)C)C(=O)NCc3cc(c(c(c3)OC)OC)OC
dude_rock1__L004338,CN(CC(=O)N)[C@@H](C[NH3+])c1ccccc1Br
dude_rock1__L004339,CC(C)CN1[C@H]([C@H](C(=O)N(C1=O)CC(C)C)[C@@H]2[C@@H]3C(=c4ccccc4=[NH+]3)CCN2)O
dude_rock1__L004340,CC[NH2+][C@@H]1CC[C@@H](C[C@@H]1C[NH+]2CCC(CC2)O)C(C)(C)C
dude_rock1__L004341,C[C@@H]1CCC[C@H]([C@@H]1C)NC(=O)NC(=O)CSc2nnc(n2CC(=O)[O-])c3ccc(cc3)Cl
dude_rock1__L004342,C[NH+]1CCCC[C@H]1CNS(=O)(=O)c2cc(cnc2N)Br
dude_rock1__L004343,CN([C@@H]1CCS(=O)(=O)C1)C(=O)NCCCN2CCCCCC2=O
dude_rock1__L004344,COCCCO[C@H]1CCCCCCCCCC[C@@H]1[NH3+]
dude_rock1__L004345,C[C@H](c1cc(ccc1Oc2cccc(c2)I)F)[NH2+]C
dude_rock1__L004346,c1ccc2c(c1)c(cn2S(=O)(=O)c3c(nc4n3ccs4)Cl)CC[NH3+]
dude_rock1__L004347,CC1(CCCCC1)C(=O)N2C[C@H](C3(C2)CC[NH2+]CC3)C(=O)NCCOc4ccc(cc4)F
dude_rock1__L004348,CC[NH+](CC)Cc1ccc(cc1)CNC(=O)CN2C(=O)[C@]3(C[C@@H](CC(C3)(C)C)C)NC2=O
dude_rock1__L004349,CC[C@H]1CCCC[NH+]1CC(=O)NC(=O)N[C@@H]2CCS(=O)(=O)C2
dude_rock1__L004350,COc1cc(ccc1O)[C@H]2c3cccn3-c4ccccc4C[NH2+]2
dude_rock1__L004351,c1cc(c(cc1[N+](=O)[O-])C(F)(F)F)NC[C@@H]2CCCC[NH2+]2
dude_rock1__L004352,c1ccc2=[NH+]CC(=c2c1)CCC(=O)Nc3cc(ccc3N4CCCC4)C(=O)N
dude_rock1__L004353,CN(C)c1ccc(cc1)NS(=O)(=O)c2ccc(cc2N)Cl
dude_rock1__L004354,Cc1c(c(nc(n1)c2ccc(c(c2)Br)OC)NN)C(C)C
dude_rock1__L004355,CCc1ccc2=[NH+][C@H]3C(=c2c1)N=[NH+]C(=N3)N/N=C/c4ccc(c(c4)OC)O
dude_rock1__L004356,c1cc([nH+]cc1CNC(=O)NNC(=O)[C@H]2CCS(=O)(=O)C2)N3CCCCC3
dude_rock1__L004357,C[C@@H](C(=O)NNC(=O)NCCCn1cc[nH+]c1)NC(=O)/C=C/c2ccccc2
dude_rock1__L004358,CCCNC(=O)COc1ccc(cc1Br)C[C@H](C)[NH3+]
dude_rock1__L004359,CC(C)C[NH+](C)CC(=O)c1c(n(c(=O)n(c1=O)C)C)N
dude_rock1__L004360,c1cc(c(cc1F)Cl)c2nc(on2)c3csc(n3)N
dude_rock1__L004361,CC(C)[C@@H]1N[C@@H]2C=C(C=CC2=N1)NC(=O)CC3=c4ccccc4=[NH+]C3
dude_rock1__L004362,COc1ccc(cc1OC)[C@H]2[C@@H]3CCCC[C@@]3(CC[NH+]2CC(=O)N)O
dude_rock1__L004363,C=CCNC(=O)C(=O)Nc1ccccc1C(=O)NCCC2=c3ccccc3=[NH+]C2
dude_rock1__L004364,C[NH2+]Cc1c(ccc(n1)Oc2ccc(cc2)Br)Cl
dude_rock1__L004365,CCc1ccc(cc1)[C@@](C)(c2ccc(c(c2)OC)OC)[NH3+]
dude_rock1__L004366,CC(=O)C1=CN=C(C1)C(=O)OC[C@H]2N[NH2+]NN2c3ccccc3
dude_rock1__L004367,CC(C)C(=O)N1C[C@H](C2(C1)CC[NH2+]CC2)C(=O)NCCc3ccco3
dude_rock1__L004368,COc1ccc(cc1C#CC[NH3+])S(=O)(=O)N2CCSCC2
dude_rock1__L004369,c1cc(ccc1[C@@H]([C@H](C[NH2+]Cc2ccc3c(c2)OCO3)C(=O)[O-])[NH2+]Cc4ccc5c(c4)OCO5)[N+](=O)[O-]
dude_rock1__L004370,C1CCCC(CC1)NC(=O)C[NH2+][C@@H]2CCCC[C@@H]2O
dude_rock1__L004371,c1cc(c(cc1Br)C(=O)c2cc(c(=[NH2+])oc2)C(=O)NC3CCCCC3)O
dude_rock1__L004372,c1ccc2=[NH+]C([NH+]=c2c1)/C(=C\c3cccn3c4ccc(cc4)Cl)/C#N
dude_rock1__L004373,Cc1ccc(cc1C)c2c([nH+]n(c2N)C)C3CCOCC3
dude_rock1__L004374,CC[NH+]1CCc2c(sc(c2C(=O)N)NC(=O)c3cc4c5ccccc5ccc4oc3=O)C1
dude_rock1__L004375,COc1ccc2c(c1)S[C@H](N2)NC(=O)[C@@H]3CC(=O)N(C3)CCC4=c5cc(ccc5=[NH+]C4)Cl
dude_rock1__L004376,Cc1cc(=O)[nH]c(n1)NNC2=CC(CC(=C2)[NH+]3CCOCC3)(C)C
dude_rock1__L004377,CC(C)(c1nc(on1)COc2cccc(c2Cl)Cl)[NH3+]
dude_rock1__L004378,CCC(C)(C)c1ccc(cc1)O[C@@H](c2ccco2)[C@@H](C)[NH3+]
dude_rock1__L004379,C[C@@H]1C[C@@H](CCN1c2cc(c(cc2OC)OC)Cl)[NH2+]C
dude_rock1__L004380,CC1(CC(CC([NH2+]1)(C)C)Nc2c(c(ncn2)Nc3cc(c(cc3OC)OC)Cl)N)C
dude_rock1__L004381,CCc1ccc(cc1)C[NH+](C)CC(=O)c2c(n(c(=O)[nH]c2=O)CC(C)C)N
dude_rock1__L004382,C[C@H]([C@H](c1ccc(s1)Cl)N(C)CC(=O)N)[NH3+]
dude_rock1__L004383,CC(C)[NH+]1CCc2c(sc3c2C(=N[C@H](N3)/C=C/c4ccco4)O)C1
dude_rock1__L004384,CC(C)c1ccc(cc1)Oc2ccc(cc2)[C@H](C[NH3+])N(C)CCO
dude_rock1__L004385,CC[NH2+][C@@H]1CCC[C@@H]1C[NH+]2CCC[C@@H]2C3CCCC3
dude_rock1__L004386,C[C@@]1(CCS(=O)(=O)C1)Nc2c3cc(ccc3[nH+]cc2N)Br
dude_rock1__L004387,COc1cc(ccc1S(=O)(=O)N[C@@H]2CCC[C@@H]2[NH3+])[N+](=O)[O-]
dude_rock1__L004388,CCCC1=C2[C@H](C(=C(O[C@H]2N=N1)N)C#N)C(C)C
dude_rock1__L004389,Cc1nnc(n1C)COc2ccc(cc2C[C@@H](C)[NH3+])Br
dude_rock1__L004390,CC1CCC(CC1)N2C[C@H](CC2=O)C(=O)NC3CCOCC3
dude_rock1__L004391,Cc1ccc(c(c1)[C@@H](C)[NH2+]Cc2ccc(cc2)C#N)O
dude_rock1__L004392,c1cc(ccc1C(=O)NCC(=O)N/N=C\c2cc(ccc2O)Br)Cl
dude_rock1__L004393,CCOc1cc(ccc1OC(=O)c2ccccc2)/C=C/3\C(=[NH2+])N4C(=NC3=O)SC(=N4)S(=O)(=O)CC
dude_rock1__L004394,c1cc(c(cc1Br)[N+](=O)[O-])NC2[C@H]3[C@@H]2C[NH2+]C3
dude_rock1__L004395,C[C@H]1CCCC[NH+]1[C@@H](C)CNC(=O)NNc2ccc(nn2)n3cccn3
dude_rock1__L004396,C1CCC(CC1)c2nnc(s2)NC(=O)N[C@@H]3CC[NH+](C3)C4CC4
dude_rock1__L004397,c1cc(c(nc1)Cl)Nc2c(c(nc[nH+]2)NC34CC5CC(C3)CC(C5)C4)N
dude_rock1__L004398,c1cc2c(cc1C(=O)c3cc[nH]n3)CCCC(=O)N2
dude_rock1__L004399,COCC(=O)N1C[C@H]2C[NH2+]C[C@]2(C1)C(=O)NC3(CC3)c4ccccc4
dude_rock1__L004400,CC(C)c1c2c(c3c4c(c(ncn4)NCC[NH3+])sc3n1)CCC2
dude_rock1__L004401,c1c(cc(c(c1/C=N/N2[C@H](NN=C2[S-])[C@@H]3C4=C(CCC4)N=N3)O)Br)Br
dude_rock1__L004402,C[C@@H]1CCCC[NH+]1[C@@H](C)CNC(=O)Nc2nnc(s2)C(F)F
dude_rock1__L004403,c1cc(ccc1c2c(n3cc(ccc3n2)Cl)C[NH3+])[N+](=O)[O-]
dude_rock1__L004404,Cc1ccc(cc1)[C@@H](C)[NH2+]Cc2ccc3c(c2)OCO3
dude_rock1__L004405,CC1=c2cc(ccc2=[NH+][C@H]1c3ccccc3F)CNC(=O)[C@@H]4CCCN(C4)C(=O)N
dude_rock1__L004406,CC[NH2+][C@@H]1CC(Cc2c1sc([nH+]2)N(C)[C@@H](C)C3CC3)(C)C
dude_rock1__L004407,C[C@@H](c1ccccc1Cl)[NH2+]CCC(=O)NN2C(=O)C3(CCCCC3)NC2=O
dude_rock1__L004408,C[C@H](c1ccc(cc1)Cl)NCc2cc(=O)n3ccsc3[nH+]2
dude_rock1__L004409,CCc1cc2cc(ccc2[nH+]c1N(CC)Cc3ccccc3)N
dude_rock1__L004410,Cc1ccc(c(c1)CN2CCCN(C2=O)c3ccccc3N)C
dude_rock1__L004411,CC1CCN(CC1)c2ccc(c[nH+]2)CNC(=O)NCCNS(=O)(=O)C
dude_rock1__L004412,Cc1c(cccc1Cl)CNC(=O)[C@@H]2CN(CC23CC[NH2+]CC3)C(=O)[C@H](C)Oc4ccccc4
dude_rock1__L004413,C[C@@H](c1ccccc1OC(F)F)[NH2+]Cc2ccccc2O
dude_rock1__L004414,CC1=C[C@@H](N=N1)[C@H]2NN[C@@H](O2)c3ccc(cc3)Cl
dude_rock1__L004415,Cc1cc(no1)NC(=O)c2ccc(cc2O)Br
dude_rock1__L004416,COc1cc2c(cc1Cl)ncc3c2NCCNC3=O
dude_rock1__L004417,Cc1cc(cc(c1Cl)C)OC[C@@H](C[NH2+]C(C)(C)C)O
dude_rock1__L004418,C[C@@H](CNC(=O)NNC(=O)[C@@H](C)Oc1ccc(cc1)F)C[NH+]2CCCCC2
dude_rock1__L004419,C[C@@H]1CC[C@@H]2[C@@H](C1)CCC[NH+]2CC(=O)NC(=O)NCC=C
dude_rock1__L004420,CC(C)(C)NC(=O)COc1ccc(cc1CC[NH3+])Br
dude_rock1__L004421,Cc1ccccc1C(=O)NNC(=O)N[C@@H](C)c2ccccc2C(F)(F)F
dude_rock1__L004422,CC[C@H](c1ccc(cc1)Br)[NH2+]CC(=O)NC(=O)NCc2ccco2
dude_rock1__L004423,CC[C@@H]1CCCC[NH+]1Cc2cc(c(o2)C)C[NH2+]C(C)(C)C
dude_rock1__L004424,Cc1c(c(=O)[nH]c(n1)C)CC(=O)NC[C@@H](C)[NH+]2CCC(CC2)C
dude_rock1__L004425,Cc1ccc(s1)C(=O)NNC(=O)[C@@H]2C[C@@H]2[N+](=O)[O-]
dude_rock1__L004426,CC1(C(C1(C)C)C(=O)NNc2ccc(cc2)[N+](=O)[O-])C
dude_rock1__L004427,C[C@H]1C[C@@H](C[NH+](C1)CCCCNC(=O)Nc2cc(c[nH]c2=O)C(F)(F)F)C
dude_rock1__L004428,C[C@@]12[C@H]3C(=c4ccccc4=[NH+]3)[C@H](CN1C(=O)CN(C2=O)C[C@@H](c5ccccc5)O)c6ccccc6Cl
dude_rock1__L004429,CC[NH+]1CCN(CC1)c2ccc(c(c2)C)NC(=O)c3ccc(s3)CCNS(=O)(=O)C
dude_rock1__L004430,CCc1ccc(cc1)[C@H](C)[NH2+]Cc2cn3ccccc3n2
dude_rock1__L004431,c1cc(c(cc1[N+](=O)[O-])C[NH3+])O[C@H]2CS(=O)(=O)C[C@H]2O
dude_rock1__L004432,Cc1cc(c(c(c1)Br)O)/C=[NH+]/CCNc2ccc(cc2)[N+](=O)[O-]
dude_rock1__L004433,C1CCc2nnc(n2CC1)CNC(=O)NC[C@H]3CCC[NH+]3CC4CCCCC4
dude_rock1__L004434,CCN(C1(CCCCC1)C[NH3+])S(=O)(=O)N2CCCCCC2
dude_rock1__L004435,CC[C@H](C)[NH+](C)CCNC(=O)NCCCN1C(=O)C2(CCCC2)NC1=O
dude_rock1__L004436,c1cc(ccc1c2cc(n(n2)C3=NNC(=Cc4n3ncn4)[NH3+])C(F)(F)F)F
dude_rock1__L004437,Cc1c(c(n(n1)C)Oc2ccc(cc2)C#N)N
dude_rock1__L004438,CC(C)[NH+](CCCO)Cc1ccc(cc1F)/C(=N/O)/N
dude_rock1__L004439,Cc1ccc(c(c1)OCC(=O)Nc2c(c3c(s2)CCC3)C(=O)N)C
dude_rock1__L004440,c1ccc(cc1)C2=C[C@@H](N=N2)C(=O)N/N=C/c3cc(cc(c3O)Br)Br
dude_rock1__L004441,Cc1c(c(n(n1)C)NC2CCC(CC2)O)[N+](=O)[O-]
dude_rock1__L004442,CC[C@H]1CCc2c(sc(c2C(=O)N)NC(=O)c3cc(nc4c3cccc4)c5ccco5)C1
dude_rock1__L004443,Cc1[nH+]ccn1C[C@@H]2CC[C@@H]3[C@@H](C2=O)c4ccc(cc4N3C)O
dude_rock1__L004444,Cc1ccc(c(c1)Cl)NC[C@H](c2ccc3c(c2)OCO3)O
dude_rock1__L004445,C[C@H]1C(=CN(N1)CC=C)CN2CCc3c([nH]c[nH+]3)C24CCCCC4
dude_rock1__L004446,c1c2c(cc3c1c(cc(=O)o3)CSc4nc(cc(n4)N)N)CCC2
dude_rock1__L004447,C[C@@H]1NN=C(N1C)S[C@H]2C(=c3ccccc3=[NH+]C2=O)[NH2+]C4CC4
dude_rock1__L004448,CC1(C(=O)NCCN1CC(=O)N(C)CC(F)(F)F)C
dude_rock1__L004449,CCc1ccc(cc1)[C@H](C)[NH2+]Cc2ccc(c(c2)O)OC
dude_rock1__L004450,CCCCNC(=O)[C@H]1CCCN(C1)[C@@H]2[NH+]=c3ccc(cc3=[NH+]2)Br
dude_rock1__L004451,c1cc(ccc1CN(CC(=O)N)C(=O)C[C@H]2CCC[NH2+]2)Br
dude_rock1__L004452,C[C@H](CC[NH+](C)C)NC(=O)C(=O)N1CCc2c1ccc(c2)S(=O)(=O)N
dude_rock1__L004453,C[C@@]1(CC1(Cl)Cl)C(=O)NCc2ccc([nH+]c2)N3CCOCC3
dude_rock1__L004454,C[C@H]1[C@@H]([C@@H]([C@H]([C@@H](O1)Oc2c(=O)c3c(cc(cc3oc2c4ccc(cc4)O)O)O)O)OC(=O)C)OC(=O)C
dude_rock1__L004455,CCc1ccccc1O[C@H]2CC3(CC[C@H]2[NH2+]C)OCCO3
dude_rock1__L004456,c1ccc(cc1)C2=N/C(=C/c3ccco3)/C(=O)N2Nc4nc(nc(n4)Nc5ccccn5)Nc6ccccn6
dude_rock1__L004457,C[C@H]1CCCC[NH+]1CCCN/C=C/2\c3ccccc3C(=O)NC2=O
dude_rock1__L004458,C[C@@H]1CCC[C@@H]([C@@H]1C)NC(=O)NC(=O)CSc2nc3ccccc3c(=O)n2[C@@H](C)C(=O)[O-]
dude_rock1__L004459,CC(C)(C)N1C(=O)[C@H]2[C@@H]([NH2+][C@@]([C@@H]2C1=O)(c3ccccc3)C(=O)[O-])c4ccc(cc4)Br
dude_rock1__L004460,CC(C)[C@@H](C(=O)NC1[NH+]=c2ccccc2=[NH+]1)NC(=O)Cc3ccccc3F
dude_rock1__L004461,Cc1c(sc(n1)Cl)S(=O)(=O)NCCN2CC[NH+](CC2)C
dude_rock1__L004462,CC(C)Oc1ccc(cc1)/C=C/C(=O)NNC(=O)NCCCn2cc[nH+]c2
dude_rock1__L004463,CC[C@@H]([C@H](C)[NH+]1CCC2(CCCCC2)CC1)[NH2+]C
dude_rock1__L004464,CN(C)C(=O)[C@H]1CSCN1C(=O)C2CCC3(CC2)C(=O)NC(=O)N3
dude_rock1__L004465,C[C@@H](Cc1ccccc1F)NC(=O)[C@H]2CN(CC23CC[NH2+]CC3)C(=O)c4cc(c(c(c4)Cl)OC)Cl
dude_rock1__L004466,c1cc(ccc1CNC(=O)[C@@H]2CN(CC23CC[NH2+]CC3)C(=O)c4cc(cc(c4)F)F)OC(F)(F)F
dude_rock1__L004467,CC(C)[NH2+]Cc1ccc(nn1)N2CCC[C@H]2C3CCCC3
dude_rock1__L004468,Cc1cc(nc([nH+]1)c2cc(c(c(c2)Br)O)OC)NC
dude_rock1__L004469,CC[NH2+][C@H](c1ccc2c(c1)[nH]c(=O)[nH]2)c3ccc(cn3)Br
dude_rock1__L004470,CCC(C)(C)[C@H]1CC[C@@H]([C@@H](C1)[NH+]2CCC(CC2)CO)C#N
dude_rock1__L004471,Cc1cccc(c1CNc2cc([nH+]c3c2[nH]c(c3CO)C)C(=O)N(C)C)C
dude_rock1__L004472,CCOc1ccccc1C(=O)N2C[C@H](C3(C2)CC[NH2+]CC3)C(=O)NCCOc4ccc(cc4)F
dude_rock1__L004473,C[C@H](C(=O)NC(=O)NC1CCCC1)NCC2(CCCC2)[NH+]3CCSCC3
dude_rock1__L004474,Cc1cc(n(n1)C(C)(C)C)C(=O)N2C[C@H](C3(C2)CC[NH2+]CC3)C(=O)NCc4cc(c(c(c4)OC)OC)OC
dude_rock1__L004475,Cc1c2cc3c(cc2oc(=O)c1CC(=O)N[C@@H](Cc4ccc(cc4)O)C(=O)[O-])occ3c5ccc(cc5)F
dude_rock1__L004476,C[C@H]1CCC[C@@H]([C@@H]1C)[NH2+]CC[C@@H]2CCCC[NH+]2C
dude_rock1__L004477,CC(C)(CO)[NH2+]C[C@H](COc1c(cc(cc1F)Br)F)O
dude_rock1__L004478,C[C@@H]1CCC[C@@H]([C@@H]1C)NC(=O)[C@@H]2CN(CC23CC[NH2+]CC3)C(=O)c4ccc(c(c4)C(F)(F)F)OC
dude_rock1__L004479,C[C@]12CC/C(=N\OCC(=O)NCC(=O)[O-])/C=C1CC[C@H]3[C@H]2CC[C@]4([C@@H]3CC[C@@]4(C#C)O)C
dude_rock1__L004480,Cc1ccc(cc1)NC(=O)CN2c3ccccc3/C(=N\NC(=[NH2+])N)/C2=O
dude_rock1__L004481,CCOC(=O)[C@@H]1[C@@H](c2c(=O)[nH]c(nc2N[C@@]1(c3ccccc3)O)SCC)c4ccc(cc4)[N+](=O)[O-]
dude_rock1__L004482,C[C@H]1C[C@H](CC[C@@H]1C(=O)N2CCCC[C@@H]2C(=O)NC)[NH3+]
dude_rock1__L004483,CCN(CC)c1ccc2c(c1)c(cc([nH+]2)C(C)C)N
dude_rock1__L004484,C[C@@H]1C[C@H](C[NH+](C1)Cc2cs/c(=N\C(=O)c3ccc(c(c3)[N+](=O)[O-])NC)/[nH]2)C
dude_rock1__L004485,CC(C)(C)c1c(sc(n1)N(C)[C@H]2CCC[NH+](C2)C)CO
dude_rock1__L004486,CC(C)CNC(=O)c1c(c(sn1)C(=O)N2CC[NH+](CC2)C3CCCCC3)N
dude_rock1__L004487,C1CCCC(CC1)(C#N)C(=O)N2CCCC[C@H]2C(=O)N
dude_rock1__L004488,Cc1c(c(=O)[nH]c(=O)[nH]1)S(=O)(=O)NCCC2=c3cc(ccc3=[NH+][C@H]2C)OC
dude_rock1__L004489,c1ccc2c(c1)C3=C[C@H](Nc4c3c(c(cc4)NCCO)C2=O)[NH2+]CCO
dude_rock1__L004490,Cc1ccc(c(c1)C)[C@@H](C)[NH2+]CCCc2cn[nH]c2C
dude_rock1__L004491,C[C@@H](CNC(=O)C1(CCCCC1)C(=S)N)C[NH+]2CCCC2
dude_rock1__L004492,c1cc2c(cc1C(=O)OCC(=O)Nc3c(c4c(s3)CCCCC4)C#N)NC(=O)[C@H]5N2CCC5
dude_rock1__L004493,Cc1ccc(cc1C)CCNC(=O)[C@H]2CN(CC23CC[NH2+]CC3)C(=O)c4c(ccc(c4F)C)Cl
dude_rock1__L004494,c1ccc(c(c1)c2cc3[nH]cc(n3c(=O)c2)c4ccccc4O)O
dude_rock1__L004495,COc1ccccc1CN2C(=O)[C@@H]3[C@H]([NH2+][C@@]4([C@@H]3C2=O)c5ccccc5NC4=O)Cc6c[nH]c7c6cccc7
dude_rock1__L004496,c1cc(ccc1[C@@H]2C(=O)N(C(=O)N2)CC[C@@H]3CCCC[NH2+]3)Cl
dude_rock1__L004497,CCN(C1=CCCCC1)C(=O)C[NH+]2CCCC[C@@H]2C(=O)N
dude_rock1__L004498,C1CC2(C1)C[C@H](CC[NH2+]2)NS(=O)(=O)C3CCOCC3
dude_rock1__L004499,CCC1=C2[C@H](C(=C(O[C@@H]2N=N1)N)C#N)C
dude_rock1__L004500,CCCc1cc(nc(n1)SCC(=O)Nc2ccc(cc2C)I)[O-]
dude_rock1__L004501,c1cc(ccc1n2c(c3c(nc(nc3n2)NC4CC4)c5ccc(cc5F)F)N)F
dude_rock1__L004502,CCOC(=O)N[C@@H]1N/C(=C\C(=O)NCCC2=c3ccccc3=[NH+]C2)/CS1
dude_rock1__L004503,C[C@@H]([C@H]1[C@H]2[C@H](C(=O)N(C2=O)C[C@H]3CCCO3)[C@]4([NH2+]1)c5ccccc5NC4=O)O
dude_rock1__L004504,c1ccc2=[NH+]CC(=c2c1)C(=O)NC[C@H]3Nc4ccccc4S3
dude_rock1__L004505,CCNC(=O)c1ccc(c(c1)C)NC(=O)NC[C@H](c2ccco2)[NH+](CC)CC
dude_rock1__L004506,C[C@@H](Nc2c(Nc1ccncc1)c(=O)c2=O)c3ccccc3
dude_rock1__L004507,c1cc(ccc1c2nnc(s2)NC(=O)[C@H]3CCC[NH2+]3)Br
dude_rock1__L004508,Cc1ccc(c(c1)Br)Oc2c(c(c(nn2)C)C)C[NH3+]
dude_rock1__L004509,CC[C@@H](C#N)Oc1c2ccccc2ccc1[C@@H](C)[NH2+]CC
dude_rock1__L004510,Cc1ccc(c(c1)O)NC(=O)C[C@](c2ccc(o2)C)(C(F)(F)F)O
dude_rock1__L004511,CCOC(=O)c1c2c(sc1NC(=O)CSc3nc([nH]n3)N/N=C/c4cccc(c4)[N+](=O)[O-])CCC2
dude_rock1__L004512,CC[C@@H]([C@@H](c1ccccc1C)N2CCC[C@@H]2C[NH+](C)C)[NH3+]
dude_rock1__L004513,CC[C@@H]1CC[C@H]([C@@H](C1)[NH+]2CCCCCC2)[NH2+]CC
dude_rock1__L004514,CNc1nnc(s1)SCC(=O)Nc2ccc(cc2C(=O)[O-])Br
dude_rock1__L004515,C1C[C@@H](OC1)CNC(=O)[C@@H]2CN(CC23CC[NH2+]CC3)C(=O)[C@@H]4CCC=CC4
dude_rock1__L004516,CCn1c(nnc1SCC(=O)Nc2cc(ccc2C)[N+](=O)[O-])CNC(=O)c3ccc(c(c3)OC)OC
dude_rock1__L004517,C[C@@H](CC(=O)N/N=C/c1cccc(c1)[N+](=O)[O-])O
dude_rock1__L004518,CC[NH2+]Cc1cc2c(cc1O[C@H]3CCCC[C@H]3O)OCO2
dude_rock1__L004519,CCC1CCC(CC1)(c2ccc(c(c2)OC)OC)[NH3+]
dude_rock1__L004520,Cc1nc(on1)[C@@H](C)[NH+]2CCC[C@@H](C2)N3CCNC3=O
dude_rock1__L004521,C[C@@H]1CCC[C@](C1)(CNC(=O)NNC(=O)C(=O)NC2CC2)[NH+](C)C
dude_rock1__L004522,c1c(cc(cc1F)S(=O)(=O)N)[N-]S(=O)(=O)c2cc(cc(c2)Cl)Cl
dude_rock1__L004523,c1ccc(c(c1)c2ccc(s2)C(=O)NNC(=O)NCCCn3cc[nH+]c3)F
dude_rock1__L004524,C[C@@H]1CCc2c(sc(c2C#N)NC(=O)C[NH+](CC(=O)N)C(C)C)C1
dude_rock1__L004525,CCNC(=O)[C@@H](C)NC(=O)C[C@H]1CCC[C@@H](C1)[NH3+]
dude_rock1__L004526,CC(=C)COc1ccc(cc1OC)C[NH+]2CCNC(=O)[C@@H]2CC(=O)NN
dude_rock1__L004527,CCNS(=O)(=O)c1ccccc1NC(=O)C(C)(C)[NH3+]
dude_rock1__L004528,CC(C)[C@@H](c1nnnn1C[C@@H]2CCCO2)[NH+](CCc3ccccc3)Cc4cc5cc6c(cc5[nH]c4=O)OCO6
dude_rock1__L004529,Cn1c[nH+]c(c1Cl)S(=O)(=O)[N-]NC(=O)[C@H]2CCCO2
dude_rock1__L004530,c1cc(ccc1/C=N/Nc2[nH]nc(n2)SCC(=O)Nc3ccc(cc3)Br)[N+](=O)[O-]
dude_rock1__L004531,COc1ccc(cc1F)S(=O)(=O)N2[C@@H]3CC[C@H]2CC(C3)[NH3+]
dude_rock1__L004532,Cc1cc(no1)Nc2c(c(nc[nH+]2)N(C)c3ccccc3C(=O)OC)N
dude_rock1__L004533,CC[C@@H](C)[C@@H]1C(=O)N(C2([NH2+]1)CCN(CC2)C(=O)NC(C)(C)C)[C@@H](C)CC
dude_rock1__L004534,CC[NH2+][C@H](c1cc2c(cc1Br)[nH]c(=O)[nH]2)[C@@H]3CCOC3
dude_rock1__L004535,C[C@@H]1CN(C[C@@H](O1)C)c2ccc(c[nH+]2)CNC(=O)CCCCNC(=O)N
dude_rock1__L004536,CNC(=O)/C(=c\1/n(c(=O)/c(=C\C(=O)OC)/s1)c2ccccc2)/C#N
dude_rock1__L004537,c1cc(cc(c1)F)CNC2=[NH+]CCNC23CCN(CC3)S(=O)(=O)c4ccc5c(c4)CCCC5
dude_rock1__L004538,CC1(CC(CC([NH2+]1)(C)C)NC(=O)CNC(=O)C2CCCC2)C
dude_rock1__L004539,Cc1cc(c(c(c1Cl)S(=O)(=O)NC2CC(C2)[NH3+])C)Cl
dude_rock1__L004540,C[C@H](c1ccc(cc1)S(=O)(=O)C)[NH+](C)CC(=O)NC(=O)Nc2ccc(cc2)Br
dude_rock1__L004541,c1c(c2c(c(c1Cl)NC(=O)[C@@H]3C[C@H](C[NH2+]3)O)nsn2)Cl
dude_rock1__L004542,c1cc(c(cc1C#CC[NH3+])Cl)S(=O)(=O)NCC2CCCC2
dude_rock1__L004543,Cc1ccc(c(c1C)NC(=O)[C@@H](C)[NH+](C)CC(=O)N)[N+](=O)[O-]
dude_rock1__L004544,CCCOc1ccc(cc1)[C@@H]2c3c(n[nH]c3OC(=C2C#N)N)c4cc(sc4C)C
dude_rock1__L004545,C[C@H]1CN(C[C@@H](O1)C)c2c3ccccc3[nH+]cc2C(=S)N
dude_rock1__L004546,Cc1cc[nH+]c(c1)N[C@H](c2cccc(c2)Br)c3c(c(sc3NC(=O)c4ccco4)C)C
dude_rock1__L004547,CNC(=O)C(=O)NC[C@@H](c1ccc2c(c1)CCN2C)[NH+]3CCCC3
dude_rock1__L004548,c1cc[nH+]c(c1)N2CCN(CC2)S(=O)(=O)CCNc3cc(nc(n3)N)Cl
dude_rock1__L004549,c1cc2c(cc1c3nc(cs3)CON)OCO2
dude_rock1__L004550,COc1cccc(c1C[NH2+]C2CCN(CC2)c3ccc(cc3)C(=O)N4CCC[C@@H](C4)CO)OC
dude_rock1__L004551,CC(C)(c1ccc(cc1)Br)NC(=O)[C@@H]2C[C@H](C[NH2+]2)O
dude_rock1__L004552,c1cc(c(cc1[N+](=O)[O-])c2ccc(o2)CCC[NH3+])Cl
dude_rock1__L004553,C[C@@H]1CN(CCO1)c2ccc(c[nH+]2)CNC(=O)NNC(=O)c3ccccc3OC
dude_rock1__L004554,CC[NH2+]Cc1c(nc2n1ccs2)N(C)c3ccccc3C
dude_rock1__L004555,C[C@@H]1C[C@H]1c2c(c(n(n2)C)N)c3ccc4c(c3)OCO4
dude_rock1__L004556,CC[NH+](CC)Cc1ccccc1CNC(=O)CN2C(=O)[C@](NC2=O)(C)c3ccc(cc3)F
dude_rock1__L004557,C[C@](C1CC1)(C(=O)N(CC(=O)N)C2CCCC2)[NH3+]
dude_rock1__L004558,CC[C@@H](C)[NH+](C)CCNC(=O)N1CCN(CC1)c2ccc(cc2)S(=O)(=O)N
dude_rock1__L004559,C[C@@H](C(=O)N1CCN2[C@H](C1)C(=O)N[C@H](C2=O)Cc3ccc(cc3)OC)[NH3+]
dude_rock1__L004560,COc1cc(c(cc1OC)OC)[C@H]2[C@H]3C=NN=C3NC(=O)CS2
dude_rock1__L004561,Cc1ccc(cc1)[C@H](CNC(=O)NNC(=O)c2c(ccs2)C)[NH+](C)C
dude_rock1__L004562,C[C@@]1([C@]([C@@]([C@@]([C@](O1)(C)Oc2cccc3c2cccc3)(C)O)(C)O)(C)O)CO
dude_rock1__L004563,Cc1nnc(n1N)SCc2nc(no2)C(C)C
dude_rock1__L004564,c1cc(c(cc1Br)N)S(=O)(=O)N[C@@H]2C[NH+]3CCC2CC3
dude_rock1__L004565,c1ccc(c(c1)c2nnc3n2CCCN3)O
dude_rock1__L004566,CC[C@@H](C)CC(=O)N1C[C@H](C2(C1)CC[NH2+]CC2)C(=O)N[C@H]3C[NH+]4CCC3CC4
dude_rock1__L004567,CCCC[C@@H](c1cc2c(cc1Br)[nH]c(=O)[nH]2)[NH2+]CC
dude_rock1__L004568,Cc1ccc(cc1)[C@@H]([C@H](C)[NH3+])Oc2ccccc2C(=O)N
dude_rock1__L004569,Cc1c(c2ccccc2[nH]1)CCNC(=O)[C@H]3CN(CC34CC[NH2+]CC4)C(=O)[C@@H](C)Oc5ccccc5
dude_rock1__L004570,CC(C)[NH+](C)CCNS(=O)(=O)c1cc(cc(c1Br)N)Cl
dude_rock1__L004571,C[C@H](C[NH3+])CN(C)c1[nH]c2c(n1)n(c(=O)n(c2=O)C)C
dude_rock1__L004572,Cc1ccc(cc1C)NC(=O)NC(=O)C[NH+](CC=C)[C@H]2CCS(=O)(=O)C2
dude_rock1__L004573,c1ccc2c(c1)CCC[C@]2(CNC(=O)Nc3ccc[nH+]c3N4CCOCC4)O
dude_rock1__L004574,CS(=O)(=O)CCS(=O)(=O)N1CCC(CC1)[C@@H]2CCC[NH2+]2
dude_rock1__L004575,C=CCN1[C@@H](NN[C@@H]1SCC2[NH+]=c3ccccc3=[NH+]2)c4ccccc4
dude_rock1__L004576,C[C@H]1CCCC[C@@H]1NC(=O)NC(=O)COC(=O)c2cc(c(cc2NC(=O)C(C)(C)C)OC)OC
dude_rock1__L004577,CC(=C)C[NH+]1CCN(CC1)C(=O)Nc2c(c3c(s2)COC(C3)(C)C)C(=O)N
dude_rock1__L004578,c1cc2c(cc1[C@@H](c3ccc(cc3F)Br)[NH3+])OCCO2
dude_rock1__L004579,CCOC(=O)[C@H]1[C@@H](SC2=C1CCCC2)NC(=O)[C@@H]3C(=c4ccccc4=[NH+]C3=O)O
dude_rock1__L004580,c1ccc(cc1)/C=C/C(=O)NNC(=O)c2c[nH+]c3ccccc3c2N
dude_rock1__L004581,C[C@@H]([C@H]1CCCO1)NC(=O)NCc2ccc([nH+]c2)N3CCCC3
dude_rock1__L004582,CCC1(CN(c2cc(ccc2O1)Cl)[C@H](C)C[NH3+])CC
dude_rock1__L004583,CC(C)(C)NC(=O)NCc1nnnn1C2CCCCC2
dude_rock1__L004584,c1c[nH+]c(cc1N2CCC[C@@H](C2)CO)C(=O)N
dude_rock1__L004585,Cc1ccc(c(c1)C)S(=O)(=O)Nc2cc(c(c(c2)Cl)N)Cl
dude_rock1__L004586,CC1CCC(CC1)[NH+](C)Cc2cc(ccc2N)[N+](=O)[O-]
dude_rock1__L004587,Clc1cccc(Cl)c1CNC(=O)Nc3ccc2[nH]ncc2c3
dude_rock1__L004588,C[C@]1(C(=O)NC(=O)N1)c2cc(ccc2OC)S(=O)(=O)[N-]c3cc(cc(c3)F)F
dude_rock1__L004589,C[C@@H](C(=O)NC(=O)NC)[NH+](C)CC(=O)Nc1ccc(cc1)N2CCOCC2
dude_rock1__L004590,C[C@@H]1C[C@@H](C[NH+](C1)C[C@@H](C)NC(=O)Nc2cc(c(cc2F)F)NC(=O)C)C
dude_rock1__L004591,c1cc[nH+]c(c1)N[C@@H](c2ccc3cccnc3c2O)c4ccco4
dude_rock1__L004592,CC(=O)Nc1ccc(cc1)S(=O)(=O)NNC2=c3ccccc3=[NH+]C2=O
dude_rock1__L004593,CC(=O)c1ccc(cc1)N2CCN(CC2)C(=O)c3coc(n3)[C@H](Cc4ccc(cc4)O)[NH3+]
dude_rock1__L004594,C1CC[C@H]2[C@@H](C1)N(CCO2)CC[NH2+][C@@H]3CCS(=O)(=O)C3
dude_rock1__L004595,c1cc(oc1[C@H](c2cc(sc2Cl)Cl)[NH3+])[N+](=O)[O-]
dude_rock1__L004596,CC1=C(C(C(=C(N1)C)C#N)c2cnc[nH]2)C#N
dude_rock1__L004597,Cc1ccc(cc1)[C@H](CNC(=O)NNc2ccc(nn2)Cl)[NH+](C)C
dude_rock1__L004598,CCOc1cc(cc(c1O)Cl)[C@@H](C[NH3+])N(C)CCO
dude_rock1__L004599,C[C@H](Cn1cc[nH+]c1)NC(=O)Nc2nnc(s2)C(F)F
dude_rock1__L004600,c1cc([nH+]cc1CNc2c(cc(cn2)C(=O)N)Cl)N3CCCCCC3
dude_rock1__L004601,C[NH+]1CCN(CC1)[C@H]2[C@H](O[C@H]([C@H]2O)CO)CNC(=O)N3CCOCC3
dude_rock1__L004602,C[NH+](C)CCC[n+]1cnc2c(c1N)[C@@H](c3ccc(cc3O2)O)c4ccc(cc4)Cl
dude_rock1__L004603,C[C@@H]1C(=C(N(N1)C)C)C(=O)NC[C@@H]2C=c3cc(ccc3=[NH+]2)Cl
dude_rock1__L004604,c1ccc(cc1)n2c-3[nH+]c(=O)c(cc3c([n-]2)c4cccc(c4)F)CNCC[NH+]5CCOCC5
dude_rock1__L004605,c1ccc2=[NH+]CC(=c2c1)[C@@H](CNC(=O)C[C@H](c3ccccc3F)NC(=O)N)c4ccccc4Cl
dude_rock1__L004606,C[C@@H]1CCC[C@@H]([NH+]1CC(=O)c2c(n(c(=O)[nH]c2=O)CC(C)C)N)C
dude_rock1__L004607,C[C@H](CC(C)C)[NH+](C)Cc1c2ccccc2oc1C[NH3+]
dude_rock1__L004608,CC(C)(C)c1cc(c(c(c1)O)O)C[NH+](C)Cc2cccc(c2)C#N
dude_rock1__L004609,c1cc(ccc1C2(CCCC2)CNC(=O)C3CCN(CC3)C(=O)N)F
dude_rock1__L004610,C[C@@H](C(=O)NC)[NH2+][C@@H]1CCCC[C@@H]1C2CCCCC2
dude_rock1__L004611,c1ccc(cc1)CNC(=O)CS[C@@H]2NN=C(N2Cc3ccco3)C4=c5ccccc5=[NH+]C4
dude_rock1__L004612,Cc1cc(cc(c1)N(C)CCOc2ccc(cc2)C[NH3+])C
dude_rock1__L004613,Cc1cc(ccc1Oc2ccc(cc2F)[N+](=O)[O-])C[NH3+]
dude_rock1__L004614,c1ccc2c(c1)c(c(cn2)C(=[NH2+])N)SCCO
dude_rock1__L004615,COc1ccc(cc1C[C@@H]2CCCC[C@H]2[NH3+])[N+](=O)[O-]
dude_rock1__L004616,Cn1cc(c(=O)n(c1=O)C)CN(C)C(=O)[C@@H](CC(=O)N)[NH3+]
dude_rock1__L004617,CC[NH+](CC)[C@H](CNC(=O)NNC(=O)Cc1ccc(cc1)F)c2ccco2
dude_rock1__L004618,c1ccc2c(c1)c(c(c[nH+]2)C(=S)N)N[C@@H]3CCCC[C@@H]3O
dude_rock1__L004619,CC[NH2+]CCCNc1cc2c(cc1[N+](=O)[O-])OCC(=O)N2
dude_rock1__L004620,COc1ccc(cc1)CCc2nnc(o2)CCC(=O)NC[C@@H]3C=c4cc(ccc4=[NH+]3)Cl
dude_rock1__L004621,CN1[C@H](C(=C(N(C1=O)C)[O-])C(=O)COC(=O)C2=c3ccccc3=[NH+]C(=O)C2)[NH3+]
dude_rock1__L004622,Cc1cc(ccc1Oc2ccc(nn2)C[NH2+]C(C)C)Cl
dude_rock1__L004623,CCCCN(c1c(n(c(=O)[nH]c1=O)CC(C)C)N)C(=O)[C@@H]2CC(=O)N(C2)CCc3ccc(c(c3)OC)OC
dude_rock1__L004624,C[NH+](Cc1ccoc1)Cc2c3ccccc3sc2C[NH3+]
dude_rock1__L004625,Cc1ccc(cc1)/C=C/c2c(nnn2c3nccs3)C[NH3+]
dude_rock1__L004626,c1cc(c2=C([C@@H]([NH+]=c2c1)O)/N=N/c3ccc(cc3)S(=O)(=O)N)CCc4ccncc4
dude_rock1__L004627,CS(=O)(=O)c1ccccc1N[C@H]2CCCCC[C@H]2[NH3+]
dude_rock1__L004628,Cc1ccnc(n1)N/C=C(\C(=O)N/[NH+]=C\N(C)C)/NC(=O)c2ccccc2
dude_rock1__L004629,COC(=O)CC1=C([C@@]2(c3ccccc3N(C2=O)CC(=O)OCc4ccccc4)C(=C(O1)N)C(=O)OC)C(=O)OC
dude_rock1__L004630,Cn1c2c(cn1)c(=O)n(cn2)CC(=O)NCCc3cc(cc(c3)F)F
dude_rock1__L004631,Cc1ccc(cc1N)S(=O)(=O)/N=c/2\[nH]c3c(s2)CCCC3
dude_rock1__L004632,CO[C@H]1CCC[C@H]1[NH2+]C2CC(C2)c3ccc(cc3)Br
dude_rock1__L004633,C[C@H](c1cc2c(cc1Br)OCCO2)[NH2+]Cc3cc[nH]n3
dude_rock1__L004634,c1cc(ccc1Cc2nc(on2)[C@@H]3C[NH2+]CCO3)Br
dude_rock1__L004635,CC[C@@H](C)COC(=O)Nc1c(cn(c(=O)n1)[C@H]2[C@@H]([C@H]([C@H](O2)C)O)O)F
dude_rock1__L004636,c1cc(c(cc1C[NH2+]CCCS(=O)(=O)N)Br)O
dude_rock1__L004637,CCC[C@@H]1CC[C@H]([C@@H](C1)[NH+](C)C2CCCC2)[NH2+]C
dude_rock1__L004638,CCc1ccc2c(c1)[C@@]3([C@H]4[C@@H]([C@@H]([NH2+]3)CC(=O)N)C(=O)N(C4=O)CCc5ccccc5)C(=O)N2
dude_rock1__L004639,C1CCc2c(c3c(nc(nc3s2)SCC(=O)NCCC[NH+]4CCOCC4)N)C1
dude_rock1__L004640,CN([C@@H]1CCS(=O)(=O)C1)C(=O)[C@@H]2Cc3ccccc3N2
dude_rock1__L004641,CCn1c2ccc(cc2oc1=O)[C@@H](c3ccc(o3)Br)[NH3+]
dude_rock1__L004642,c1ccc2=[NH+]CC(=c2c1)C[C@H](C(=O)Nc3ccc(cc3)SC4CCCC4)NC(=O)N
dude_rock1__L004643,C[C@H](CN(C)c1cc2c(cc1[N+](=O)[O-])CC(=O)N2)O
dude_rock1__L004644,CO[C@@H]1[C@H]([C@@H]([C@H]2[C@@H](O1)CO[C@H](O2)c3ccccc3)[NH3+])NC(=O)c4ccccc4
dude_rock1__L004645,c1ccn2c(c1)nnc2[C@@H](Cc3ccc(c(c3)O)O)[NH3+]
dude_rock1__L004646,CCOc1ccc(c(n1)c2nc(sn2)N)Cl
dude_rock1__L004647,C[C@H]1CCC[C@@H]([C@@H]1C)[NH2+][C@@H]2CC(=O)N(C2=O)c3ccc(cc3)NC(=O)C
dude_rock1__L004648,Cc1c(c(n(n1)C)Sc2nnnn2C3CC3)N
dude_rock1__L004649,CC(C)[NH2+]C[C@@H](COc1c(cc(cc1Br)Cl)[N+](=O)[O-])O
dude_rock1__L004650,CC1=C([C@H](N2C(=[NH+]1)N=C([N-]2)SCc3ccccc3F)c4ccccc4)C(=O)N
dude_rock1__L004651,CCc1ccc(cc1)n2c(nnn2)c3cc(ccc3N)F
dude_rock1__L004652,c1ccc2c(c1)NC(=C3C(=O)NC(=O)N(C3=O)c4cccc(c4)Cl)C[C@@H](S2)c5cccs5
dude_rock1__L004653,CCCNC(=O)C[NH+]1CCc2c(cccc2NC(=O)Nc3ccc(cc3)C)C1
dude_rock1__L004654,c1ccc2c(c1)c3c([nH]2)[C@H]([NH2+]CC3)c4c(nc(n(c4=O)c5ccc(cc5)F)O)O
dude_rock1__L004655,CC1=N[C@@H](N=C1)CCNC(=O)C[C@H]2C(=O)NCC[NH+]2CC(c3ccccc3)c4ccccc4
dude_rock1__L004656,COC1([C@@]2(C3=C(CCC3)[NH2+][C@@H]([C@@]2(C(=[NH+]1)N)C#N)c4ccccc4)C#N)OC
dude_rock1__L004657,C1CN(CCC1CN2CCOCC2)C(=O)[C@@H]3C[NH2+]CCO3
dude_rock1__L004658,Cc1cc(cc(c1)C(=O)NC(=S)Nc2cc(cc(c2O)C)C)C
dude_rock1__L004659,COC(=O)c1c(c(oc1N)c2ccccc2)c3ccccc3
dude_rock1__L004660,C[NH+](C)C[C@H]1CCCCN1C(=O)c2cc3ccccc3[nH]c2=O
dude_rock1__L004661,c1c(cc(cc1Cl)Cl)C(=O)Nc2nc3c(s2)C[NH2+]CC3
dude_rock1__L004662,C[C@H](Cc1ccccc1F)NC(=O)[C@H]2CN(CC23CC[NH2+]CC3)C(=O)c4ccc(o4)c5ccc(cc5)F
dude_rock1__L004663,C[NH+](C)CCNc1c2c(c3cc(ccc3[nH]2)Br)ncn1
dude_rock1__L004664,CCOc1ccccc1CNC(=O)[C@@H]2CN(CC23CC[NH2+]CC3)C(=O)C4(CCCCC4)C
dude_rock1__L004665,C[C@@H](CNC(=O)Nc1nccs1)[NH+]2CCc3ccccc3C2
dude_rock1__L004666,C[NH2+][C@@H]1CCCc2c1sc(n2)N(C)Cc3cnn(c3)C
dude_rock1__L004667,COc1ccc2=[NH+]CC(=c2c1)CCNC(=O)c3ccc4c(c3)S[C@H](N4)NS(=O)(=O)C
dude_rock1__L004668,C[NH+]1CCc2c3ccccc3[nH]c2[C@@H]1c4c(nc(n(c4=O)c5ccccc5OC)O)O
dude_rock1__L004669,Cc1ccccc1CC(=O)N2C[C@H](C3(C2)CC[NH2+]CC3)C(=O)NCCc4c([nH]c5c4cc(cc5)C#N)C
dude_rock1__L004670,C[C@H](CNS(=O)(=O)c1ccc(cc1N)[N+](=O)[O-])[NH+](C)C
dude_rock1__L004671,CC(C)(C)n1c(c2c(nc(nc2n1)NCC[NH+](C)C)c3cccc(c3F)F)N
dude_rock1__L004672,Cc1cc(no1)NC(=O)CSc2[nH]c(=O)cc([n+]2c3ccc(cc3)Cl)N
dude_rock1__L004673,c1ccc(c(c1)[C@@H](c2cc3c(cc2Br)OCCCO3)[NH3+])F
dude_rock1__L004674,c1cc(c(c(c1)Cl)C(=[NH2+])N)N2CCCC[C@@H]2CCO
dude_rock1__L004675,CC(C)(C)OC(=O)N1CCC(CC1)[NH2+][C@H]2CCCC[C@H]2O
dude_rock1__L004676,CC[NH2+][C@H](c1ccc(cc1)Br)c2ccc(c(c2)F)OC
dude_rock1__L004677,C[C@@H]1CCCC[C@H]1[NH+](CC(=O)NC(=O)NC2CC2)CC(=O)NC(=O)NC3CC3
dude_rock1__L004678,c1ccc2=[NH+]C(=O)CC(=c2c1)C(=O)OCC(=O)Nc3ccc(cc3)C(=O)N
dude_rock1__L004679,c1cc(c2[nH+]c(cn2c1)c3ccc(cc3)N)OCC(=O)NC4CCCC4
dude_rock1__L004680,COc1ccc(cc1Nc2cc(ccn2)C(=S)N)Br
dude_rock1__L004681,C[C@H]([C@H](c1cc(cs1)Br)N(CC(=O)N)C(C)C)[NH3+]
dude_rock1__L004682,C[NH+](Cc1cc(cc(c1O)Cl)Cl)CN2C(=O)CCC2=O
dude_rock1__L004683,C[NH2+][C@H](c1ccc2c(c1)c3ccccc3[nH]2)[C@@H]4CCOC4
dude_rock1__L004684,CC(=O)N[C@H](Cc1c[nH]c2c1cccc2)C(=O)N3CCCN(CC3)c4[nH]c5ccccc5[nH+]4
dude_rock1__L004685,c1ccc(cc1)C(=O)N/C(=C/c2ccc(cc2)OCc3ccc(cc3)I)/C(=O)[O-]
dude_rock1__L004686,c1ccc(c(c1)N2CCN(CC2)C(=O)C[C@@H]3CCC[NH2+]3)O
dude_rock1__L004687,C[C@@H](C(=O)Nc1cccc(c1)S(=O)(=O)N)[NH+](C)Cc2ccccc2C(F)(F)F
dude_rock1__L004688,CC(C)[C@H](C)NC(=O)COC(=O)c1c(c(c(c([nH+]1)Cl)Cl)N)Cl
dude_rock1__L004689,CCC1=NN=C2[C@@H]1C3(CCCCC3)C(=C(O2)N)C#N
dude_rock1__L004690,c1ccc(c(c1)[N-]S(=O)(=O)c2c(c[nH][nH+]2)C(=O)[O-])I
dude_rock1__L004691,CC1CCN(CC1)S(=O)(=O)c2ccc(c(c2)[N+](=O)[O-])N[C@@H](C)c3ccc4c(c3)[nH]c(=O)[nH]4
dude_rock1__L004692,Cc1ccc(nc1)C2(CCN(CC2)Cc3[nH+]ccn3C(C)C)O
dude_rock1__L004693,Cc1ccc(c(c1)c2csc3c2c(=O)[nH]c(=O)[nH]3)OC
dude_rock1__L004694,CC[NH2+][C@H](c1cc(cc(c1OC)Br)Cl)C(C)C
dude_rock1__L004695,C[C@H]1C(=c2cc(ccc2=[NH+]1)F)CCN/C(=N/S(=O)(=O)c3ccc4c(c3)OCCO4)/N
dude_rock1__L004696,Cc1ccc(cc1n2c(c(nn2)C[NH3+])C3CCCCC3)[N+](=O)[O-]
dude_rock1__L004697,c1cc2c(c(c1)C(=O)N3CCCCCC3)N[C@@H]([C@H]4[C@@H]2C=CC4)c5cc(ccc5O)[N+](=O)[O-]
dude_rock1__L004698,c1ccc(cc1)c2nc(c(o2)Sc3ccc(cc3)Cl)C(=O)NN
dude_rock1__L004699,CCCCCCC(=O)N1C[C@H](C2(C1)CC[NH2+]CC2)C(=O)NCCc3c([nH]c4c3cc(cc4)C#N)C
dude_rock1__L004700,c1ccc(cc1)[C@@H]2CC3=C([C@@H](C(=C4N3c5ccccc5C(=N4)N)C#N)c6cccnc6)C(=O)C2
dude_rock1__L004701,CCC[C@@H](C)[NH+](C)[C@@H]1C[C@@H](CC[C@@H]1C[NH3+])C(C)(C)CC
dude_rock1__L004702,Cc1ccc(c(c1O)C)NCc2cc(c(c(c2)Br)O)OC
dude_rock1__L004703,CC(C)(CNC(=O)C[C@@H]1C(=O)NCC[NH+]1Cc2cccc(c2F)F)[NH+]3CCOCC3
dude_rock1__L004704,CC(=O)[NH+]=c1ccc-2c(cc(oc2c1)O)COC(=O)c3ccccc3NCCO
dude_rock1__L004705,COC(=O)[C@@H]1C(=c2cc(ccc2=[NH+]1)Cl)NC(=O)C[NH+]3CCN(CC3)CCO
dude_rock1__L004706,C[C@@H](COC)Nc1cc2c([nH+]c1)N([C@@H]([C@@H]2NC(=O)CCOC)C(=O)OC)CCc3c[nH]c4c3cccc4
dude_rock1__L004707,C[NH+](Cc1ccc(cc1)Cl)Cc2ccc(c(c2)[N+](=O)[O-])N
dude_rock1__L004708,C[NH+](Cc1ccc(cc1)C(=O)N)Cc2c3ccccc3cc(c2O)C(=O)OC
dude_rock1__L004709,C[NH+]1CCCCC/C(=C(/CCCCC1)\N=O)/NO
dude_rock1__L004710,Cc1ccc(c(c1)C)n2c(ccc(c2=O)C[NH3+])C(C)(C)C
dude_rock1__L004711,CCNC(=O)NC(=O)[C@H](C)N[C@@H](C)c1cc(c(cc1Cl)Cl)F
dude_rock1__L004712,c1ccc2c(c1)c(c[nH]2)CC(=O)O[C@@H](c3ccc(cc3)F)C(=O)N
dude_rock1__L004713,COc1cc(c(cc1OC)NC(=O)c2ccco2)NC(=O)CC[NH3+]
dude_rock1__L004714,c1ccc2=[NH+]C(=O)[C@@H](C=c2c1)C(=O)NCCC3=CCCCC3
dude_rock1__L004715,Cc1ccc(cc1C)N2C(=O)/C(=C/Nc3ccccc3N)/C(=O)NC2=O
dude_rock1__L004716,C[C@]1(CC[NH2+]C1)C(=O)N2CCN(CC2)CC(=O)N(C)C
dude_rock1__L004717,C[NH+](CCC(=O)NN1C(=O)C2(CCCCC2)NC1=O)Cc3c(cccc3Cl)F
dude_rock1__L004718,CCc1ccc(cc1)C[C@H]2C(=O)N(c3cc(ccc3O2)N)CCO
dude_rock1__L004719,c1cc(ncc1C(F)(F)F)N2CC[NH+](CC2)[C@H](C3CC3)C(=O)NC4[C@@H]5CC6C[C@H]4CC(C5)(C6)C(=O)N
dude_rock1__L004720,c1ccc2c(c1)c(c3ccccc3n2)/C=N/c4ccc(cc4)S(=O)(=O)NC(=[NH2+])N
dude_rock1__L004721,CC[C@]1(C(=O)N(C(=O)N1)NC(=O)C[NH+]2CCN(CC2)c3nccs3)C
dude_rock1__L004722,C[C@@H]1NN=C(S1)NC(=O)CCCC2=c3ccccc3=[NH+]C2
dude_rock1__L004723,c1ccc2c(c1)C3=C(C2=O)[C@@H](c4c([nH]c(nc4=O)N)N3)c5ccc(cc5)Cl
dude_rock1__L004724,CCOc1ccccc1C(=O)N2C[C@H](C3(C2)CC[NH2+]CC3)C(=O)N[C@H](C)c4cccc(c4)OC
dude_rock1__L004725,CCC[C@@](C)(C(=O)Nc1nc2c(s1)CCCC2)[NH3+]
dude_rock1__L004726,CC[C@@H]([C@@H](c1ccccc1OC)N2CCC[C@@H]2C(=O)N)[NH3+]
dude_rock1__L004727,C[C@@]1(CCS(=O)(=O)C1)NNC(=O)NCc2ccc([nH+]c2)N3CCCC3
dude_rock1__L004728,Cc1cccc2c1[nH]cc2CCNC(=O)[C@@H]3CN(CC34CC[NH2+]CC4)C(=O)C5CCC5
dude_rock1__L004729,c1ccc2=[NH+]CC(=c2c1)C[C@@H](C(=O)N/N=C/c3cccc4c3nccc4)[NH3+]
dude_rock1__L004730,Cc1cc(=O)[nH]c2c1c(nn2C3CCCCC3)O
dude_rock1__L004731,Cc1cc([nH]c(=O)c1CNC(=O)NC[C@]2(CCCc3c2cccc3)O)C
dude_rock1__L004732,CC(=O)N1CCc2c1ccc(c2)S(=O)(=O)[N-]c3ccc(cc3C(=O)N)Cl
dude_rock1__L004733,CCOC(=O)C1=C(N/C(=C/C(=C(/[NH3+])\N2CCN(CC2)C)/C#N)/C1=O)C
dude_rock1__L004734,c1cc(ccc1[C@H](C[NH3+])n2cnc(n2)C#N)Br
dude_rock1__L004735,CCC(C)(C)C1CCC(CC1)[NH2+]C[C@@H]2CC[NH+](C2)C
dude_rock1__L004736,c1cc(ccc1OCC(=O)Nc2c(c3c(s2)CCCCC3)C(=O)N)Cl
dude_rock1__L004737,CCCCNC(=O)NC(=O)[C@H](C)[NH+](C)CC(=O)Nc1cc(cc(c1)F)F
dude_rock1__L004738,C[C@H]1CN(C[C@@H](O1)C)C[C@@H](CN2C[C@@H](OC[C@@H]2C)C)O
dude_rock1__L004739,CC1(CC(CC([NH2+]1)(C)C)NC(=O)NCc2ccn(n2)c3ccc(cc3)OC)C
dude_rock1__L004740,CC1=NNNN1c2cccc(c2)NC(=O)C(=O)NCCC3=c4ccccc4=[NH+]C3
dude_rock1__L004741,c1ccc2c(c1)ccc(c2O)C(=O)NCCS(=O)(=O)N
dude_rock1__L004742,CC(C)[NH+]1CCc2c(sc3c2C(=N[C@@H](N3)/C=C/c4ccco4)O)C1
dude_rock1__L004743,Cc1ccc(cc1[N+](=O)[O-])c2ccc(=O)n(n2)[C@H](C)C[NH3+]
dude_rock1__L004744,CCOC(=O)/[NH+]=c\1/ccc-2c(cc(oc2c1)O)COC(=O)[C@H](C(C)C)NC(=O)c3ccc(cc3)OC
dude_rock1__L004745,c1ccc2cc(ccc2c1)Sc3ccc4c(c3)c(nc([nH+]4)N)N
dude_rock1__L004746,CCn1c(nnc1SCC(=O)Nc2ccc(cc2C)[N+](=O)[O-])CNC(=O)c3ccc(c(c3)OC)OC
dude_rock1__L004747,CC1(CC(CC([NH2+]1)(C)C)NC(=O)[C@H]2CC(=O)N(C2)c3ccccc3)C
dude_rock1__L004748,C[C@@H]1CCC[C@@](C1)(C[NH3+])N(C)S(=O)(=O)N2CCCC2
dude_rock1__L004749,CC[C@@H](C)/[NH+]=C(\N)/SCc1cc(=O)oc2c1cc(c(c2)C)C
dude_rock1__L004750,CC[C@H](Cc1cc(ccc1O[C@@H](C)C(=O)NC(C)C)Br)[NH3+]
dude_rock1__L004751,CCC[NH+](CCC)[C@H]1c2cc(ccc2OC[C@H]1O)C(C)C
dude_rock1__L004752,C[C@H]1C[C@@H]([C@@H](C[NH+]1C)C)Nc2ccc(cc2[N+](=O)[O-])O
dude_rock1__L004753,Cc1ccc(c(c1)[C@@H](C)[NH2+]C[C@H]2CNc3ccnn3C2)OC
dude_rock1__L004754,Cc1cc(c2c(c1)[C@]3([C@H]4[C@@H]([C@@H]([NH2+]3)CC(=O)N)C(=O)N(C4=O)CCc5ccccc5)C(=O)N2)C
dude_rock1__L004755,Cc1ccc2=[NH+][C@H]([NH+]=c2c1)[C@H](C)NC(=O)c3cn(cc(c3=O)C(=O)NC)CCC(C)C
dude_rock1__L004756,Cc1cccn2c1[nH+]c(c2[C@H](c3ccncc3)N)C(C)(C)C
dude_rock1__L004757,C1CN(CCN1C(=O)[C@H]2C[C@@H](C[NH2+]2)O)S(=O)(=O)N
dude_rock1__L004758,c1cc(ccc1[C@H](CNC(=S)NC(=O)C23CC4CC(C2)CC(C4)C3)[NH+]5CCOCC5)F
dude_rock1__L004759,C[C@]1(CC1(Cl)Cl)C(=O)NCc2ccc([nH+]c2)N3CCOCC3
dude_rock1__L004760,c1cc(c(cc1Cl)Cl)[C@H](/C(=N\NC(=O)c2ccncc2)/c3c(nc4cc(ccc4n3)Cl)[O-])O
dude_rock1__L004761,COc1cc(ccc1O)[C@H]2C(=C(N=C3C2=C(CCC3)[O-])SCC(=O)Nc4nccs4)C#N
dude_rock1__L004762,CC[C@@H](C)C[NH2+]CC1(CCCCC1)[NH+]2CCCCC2
dude_rock1__L004763,Cc1ccccc1NC(=O)Nc2nnc(s2)C(C)C
dude_rock1__L004764,CCCOc1ccc(cc1)Oc2c(cccn2)CN/C(=[NH+]/C[C@@H]3CCCO3)/N
dude_rock1__L004765,CS(=O)(=O)N[C@@H]1CC(=O)N(C1)CC2CCCCC2
dude_rock1__L004766,C[C@@H](c1ccc(cc1Cl)Cl)[NH2+][C@@H](C)c2nnc3n2CCC3
dude_rock1__L004767,c1cc(sc1S(=O)(=O)NNC(=O)NCCCn2cc[nH+]c2)Cl
dude_rock1__L004768,C[C@@H]1C[C@H](NC(=S)N1)C(=O)N2CCCN(C3(C2)CC[NH+](CC3)C)C
dude_rock1__L004769,c1ccc(cc1)N2C(=O)Nc3ccccc3[C@@]2(C(=O)NCCC[NH+]4CCCC4)O
dude_rock1__L004770,COc1cc2c(cc1OC)[C@@H]([NH2+]CC2)c3ccccc3N
dude_rock1__L004771,C[C@@H](C1CC1)[NH+](C)C[C@@H]2C[C@@H](CC[C@@H]2[NH2+]C)C(C)(C)C
dude_rock1__L004772,c1ccc(cc1)c2nnn(n2)[C@@H](C[NH3+])c3ccccc3Br
dude_rock1__L004773,Cc1c(c([nH]n1)[O-])[C@H](c2ccc(o2)c3ccccc3C(=O)OC)C4=C(N=N[C@@H]4O)C
dude_rock1__L004774,C[C@H]1C(=O)N/C(=N/N=C/c2ccccc2O)/S1
dude_rock1__L004775,Cc1ccc(cc1C)NC(=O)C(=O)NC[C@@H](c2ccc3c(c2)CCCN3C)N4CC[NH+](CC4)C
dude_rock1__L004776,C[C@@H]1CCCC[C@H]1NC(=O)C[NH+](C)CC2CCCC2
dude_rock1__L004777,CCC(=O)Nc1ccc2c(c1)[C@@H]3C=CC[C@H]3[C@@H](N2)c4ccc(cc4O)O
dude_rock1__L004778,CCCCNC(=O)NC(=O)C[NH+]1CCc2c(ccs2)C1
dude_rock1__L004779,CCOc1cc(cc(c1O)Br)/C=N/NC(=[NH2+])N
dude_rock1__L004780,COc1ccc2=[NH+][C@@H]3[C@H](NCCC3=c2c1)[C@@H]4C(=N[C@@H](N(C4=O)c5ccccc5F)O)O
dude_rock1__L004781,Cc1ccc(c(c1)C)S(=O)(=O)Nc2c(cc(cc2Br)Br)C(=O)[O-]
dude_rock1__L004782,CC1(CC(CC([NH2+]1)(C)C)NC(=O)C(=O)N/N=C/c2ccc(cc2)Br)C
dude_rock1__L004783,c1c(cn(n1)C[C@@H](C[NH+](CCO)C2CCCCC2)O)N
dude_rock1__L004784,CCc1c(nc(nc1NN)c2ccc(c(c2)Br)OC)C
dude_rock1__L004785,Cc1cc(=O)nc([nH]1)N/N=C/2\CCCC[C@H]2C
dude_rock1__L004786,CC(=O)C1=C(OC(=C([C@@H]1c2ccc(cc2)O)C#N)N)c3ccccc3
dude_rock1__L004787,CN(C(=O)CN1CC[C@@]2(CCC1=O)Nc3ccccc3S(=O)(=O)N2)OC
dude_rock1__L004788,Cc1cc(nc(n1)/N=C(\N)/NCCC2=c3cc(ccc3=[NH+]C2)OC)C
dude_rock1__L004789,C[C@@H]1CCC[C@H]([C@@H]1C)NC(=O)C[NH+]2CCC[C@@H](C2)CNC(=O)C
dude_rock1__L004790,C[C@@H](c1ccc(c(c1)OC)OC)[NH2+][C@H](C)C(=O)Nc2cccc(c2)C(=O)NC
dude_rock1__L004791,c1ccc2c(c1)c(=O)c(co2)CN3C[C@@H]4CCC[NH+]4C[C@@H]3CCO
dude_rock1__L004792,CC[C@H]([C@H](c1ccc(s1)Cl)Sc2n[nH]c(=O)n2CC)[NH3+]
dude_rock1__L004793,CC(=O)Nc1ccc(cc1)NC(=O)CCNC(=O)N2CCC3=c4ccccc4=[NH+][C@@H]3C2
dude_rock1__L004794,c1c2c(cc3c1OCO3)ncn(c2=O)CC(=O)C[C@@H]4[C@H](CCC[NH2+]4)O
dude_rock1__L004795,Cc1nc(cs1)C[NH2+][C@H]2CC(=O)N(C2=O)C3CCCCC3
dude_rock1__L004796,Cc1c(c(on1)C)S(=O)(=O)NC[C@H](c2ccsc2)[NH+](C)C
dude_rock1__L004797,c1cc2c(cc1[C@@H]3CCC[NH+]3CC(=O)Nc4c(c5c(s4)CCCC5)C(=O)N)OCCO2
dude_rock1__L004798,Cc1cccc2c1[nH]cc2CCNC(=O)[C@@H]3CN(CC34CC[NH2+]CC4)C(=O)c5cccc(c5Cl)Cl
dude_rock1__L004799,CC(=O)NCC1CC[NH+](CC1)CC(=O)N2CCO[C@H](C2)c3ccc(cc3)F
dude_rock1__L004800,CC[NH+](CC1CCCCC1)C2(CCCCC2)C[NH3+]
dude_rock1__L004801,C[C@@H]1CCC[C@@H](N1[C@@H](C[NH3+])c2cc(c(c(c2)Cl)O)OC)C
dude_rock1__L004802,c1ccc2=[NH+]CC(=c2c1)/C=N/NC(=O)CNc3ccc(cc3)F
dude_rock1__L004803,c1ccc(cc1)/C=C/CS[C@@H]2NN[C@@H](O2)[C@H](CC3=c4ccccc4=[NH+]C3)[NH3+]
dude_rock1__L004804,Cc1ccc(o1)[C@H](CNC(=O)NNC(=O)Cc2ccccc2F)[NH+]3CCCC3
dude_rock1__L004805,c1c2c3c(c(=O)oc2c(c(c1Cl)O)C[NH2+]C[C@@H]4CCCO4)CCC3
dude_rock1__L004806,CCOC(=O)N1CCC(CC1)[NH2+]CC2(CCCCCC2)O
dude_rock1__L004807,C[C@H](CN1CCCC1=O)[NH2+]C2CCS(=O)(=O)CC2
dude_rock1__L004808,CC(C)[C@H](C(=O)NC(C)(C)C)Nc1cc(c(c(c1)Cl)N)Cl
dude_rock1__L004809,COc1cc(ccc1O)c2nc3c(c(n2)NN)CCC3
dude_rock1__L004810,c1ccc2=[NH+]C([NH+]=c2c1)NC(=O)[C@H]3C(=C4CCCC[C@@H]4N(C3=O)C5CC5)O
dude_rock1__L004811,CC[C@@H]1c2cc(ccc2NC1=O)[C@H](c3ccccc3OC)[NH3+]
dude_rock1__L004812,CCc1ccc(cc1)[C@@H](CNC(=O)c2cc(ccc2OC)S(=O)(=O)N)[NH+](C)C
dude_rock1__L004813,CC(C)(C)c1ccc(cc1)[C@@H](C2=[NH+]CCN2)N3CCOCC3
dude_rock1__L004814,C[C@@H](c1ccc(c(c1)OC)OC(C)C)[NH2+][C@H](C)C(=O)NC(=O)NC(C)C
dude_rock1__L004815,Cc1c(sc2c1c(=O)[nH]c(n2)[C@@H](C)[NH+]3CCN(CC3)CC(=O)NCC(C)C)C
dude_rock1__L004816,c1cc(cc(c1)F)OCCNC(=O)[C@H]2CN(CC23CC[NH2+]CC3)C(=O)c4ccc(cc4)Br
dude_rock1__L004817,Cc1cc(cc(c1)n2c(cc(n2)C)S(=O)(=O)N)C
dude_rock1__L004818,CCCCCc1nnc(s1)NC(=O)NC2CC([NH2+]C(C2)(C)C)(C)C
dude_rock1__L004819,CC[C@H](C)[NH+](C)CCNC(=O)NNC(=O)COc1ccc(c(c1)C)C
dude_rock1__L004820,Cc1ccc(cc1)CSc2nnc(n2N)c3ccccc3
dude_rock1__L004821,CCc1c(cc(s1)[C@H]2[C@@H]3[C@@H](NN=C3C)OC(=C2C#N)N)COc4ccccc4Cl
dude_rock1__L004822,Cc1ccc(cc1)OC[C@H](Cn2c3c(=O)[nH]c(=O)n(c3nc2NCC[NH3+])C)O
dude_rock1__L004823,CC(C)(C)C1=NN([C@](C1)(C(F)(F)F)O)C2=NNC(=[NH2+])Cc3n2ncn3
dude_rock1__L004824,Cc1ccn2c(c1)nc(c2[C@H](C)C[NH3+])c3cc(ccc3OC)OC
dude_rock1__L004825,Cc1c(sc(n1)C)[C@@H](C)NC(=O)C(C)(C)/C(=N/O)/N
dude_rock1__L004826,Cc1c(cccc1NC(=O)NCC[NH+]2CCCC[C@@H]2C)C(=O)N3CCOCC3
dude_rock1__L004827,CCC(C)(C)n1c(nnn1)c2ccc(c(c2)F)N
dude_rock1__L004828,CC(C)C(=O)N1CCC(CC1)C(=O)N2CCC[C@H](C2)CO
dude_rock1__L004829,CCN(CC)C(=O)c1ccc2c(c1)[C@H]3C=CC[C@H]3[C@@H](N2)c4ccc(cc4O)O
dude_rock1__L004830,C1CC[C@@H]2[C@@H](C1)CCC[NH+]2CCCC3CC[NH2+]CC3
dude_rock1__L004831,CC1CCC2(CC1)C(=O)N(C(=O)N2)NC(=O)C[NH+](C)C3CC3
dude_rock1__L004832,CC[C@H](C)N1C(=O)/C(=C/N[C@@H]2CCCC[C@@H]2[NH3+])/C(=O)NC1=S
dude_rock1__L004833,c1ccn2c(c1)[nH+]c(c2NCc3ccco3)c4ccc(cc4)O
dude_rock1__L004834,COc1cc(cc(c1OC)OC)[C@@H]2NN=C(N2N)SCC3[NH+]=c4ccccc4=[NH+]3
dude_rock1__L004835,CCCNC(=O)N1CCC(=NO)CC1
dude_rock1__L004836,CS(=O)(=O)CCC[C@]1(CCCC[C@@H]1C2CCCCC2)[NH3+]
dude_rock1__L004837,CCN1c2ccc(cc2N[C@@H]1C)C(=O)NNC(=O)CCC3=c4ccccc4=[NH+]C3
dude_rock1__L004838,Cc1cc[nH+]c(c1)NCCN2CC(=O)N3CC[C@H](C[C@H]3C2=O)O
dude_rock1__L004839,CC[NH+](CC)CCCNC(=O)c1c(=O)c2cc(c(cc2[nH]c1O)OC)OC
dude_rock1__L004840,CC[NH2+][C@@H](C)[C@@H](C)[NH+]1CCC2(CCCCC2)CC1
dude_rock1__L004841,CS(=O)(=O)c1ccc(c(c1)[N+](=O)[O-])NCC2CC[NH2+]CC2
dude_rock1__L004842,C[NH+](C)CCCCNC(=O)[C@@H]1CN(CC12CC[NH2+]CC2)C(=O)[C@@H]3CCC=CC3
dude_rock1__L004843,CCc1ccc(cc1)OC(=O)c2c(c\3c(o2)CCC/C3=N\NC(=[NH2+])N)C
dude_rock1__L004844,Cc1ccc2c(c1)CCCN2CCCC[C@@](C)(C(=O)N)[NH3+]
dude_rock1__L004845,C[C@@H]1C[NH+](C[C@@H](O1)C)Cc2nc3c(n2CC(=O)N)c(=O)[nH]c(=O)n3C
dude_rock1__L004846,c1c(cc(c(c1C(=O)[O-])NC(=O)N2CCC(CC2)O)Br)Br
dude_rock1__L004847,COc1cc(cc(c1O)OC)[C@H]2[C@@H]3C(=NN(C3=O)c4ccccc4)NC5=C2C(=O)CCC5
dude_rock1__L004848,CCCn1cc[nH+]c(c1=O)N2CCN(CC2)CC[NH3+]
dude_rock1__L004849,Cc1ccc(cc1C(=O)N)NCc2cc(=O)oc3c2ccc(c3)Br
dude_rock1__L004850,CC[C@@H](C)Sc1nnc(s1)NC(=O)CSc2nnc(n2N)N/N=C/c3c(nn(c3C)C(C)C)C
dude_rock1__L004851,c1ccc2c(c1)C(=O)N[C@H](N2)C3=C(N=NC3)c4cccs4
dude_rock1__L004852,Cc1ccccc1NC(=O)C[NH+]2CCN(CC2)C(=O)Nc3c(c4c(s3)COC(C4)(C)C)C(=O)N
dude_rock1__L004853,C[C@@H](C(=O)N[C@H]1Nc2ccccc2S1)NC(=O)[C@H]3C=c4cc(c(cc4=[NH+]3)OC)OC
dude_rock1__L004854,C1C[C@@H](CN(C1)C(=O)[C@H]2CCCN2C3CC[NH2+]CC3)CO
dude_rock1__L004855,CCOc1cccc2c1oc(c2)[C@@H](C)[NH2+][C@@H](C)C(=O)NC(=O)NC
dude_rock1__L004856,CSCC[C@@H](C(=O)N1CCC2(CC1)c3c([nH]c[nH+]3)CCN2)NC(=O)c4ccco4
dude_rock1__L004857,c1cc(ccc1Cc2nc(on2)CC[C@H]3CCCC[NH2+]3)O
dude_rock1__L004858,c1cc(cc(c1)n2c(c(nn2)C[NH3+])c3ccco3)C(F)(F)F
dude_rock1__L004859,CC[C@H]1CC[C@H]([C@@H](C1)[NH+]2CCCC[C@@H]2CC)[NH2+]C
dude_rock1__L004860,Cc1ccc(cc1)[C@H]2C/C(=N/O)/[C@H]([C@@H]([NH2+]2)c3ccc(cc3)C)O
dude_rock1__L004861,C[C@H](C[NH3+])N1c2cc(ccc2O[C@H](C1=O)C(C)C)C(C)(C)C
dude_rock1__L004862,CC(C)[NH2+]C[C@@H]1[C@H]([C@H]([C@@H](O1)CC(=O)N2CCN(CC2)c3ccccc3OC)O)O
dude_rock1__L004863,CCCn1c(=O)[nH]nc1S[C@@H](c2cccc(c2)Br)[C@@H](C)[NH3+]
dude_rock1__L004864,c1ccc2c(c1)c3c([nH]2)[C@@H]([NH2+]CC3)c4c(=O)[nH]c(=S)n(c4O)c5ccccc5F
dude_rock1__L004865,C[C@@H]1CCN(c2c1cccc2)CC(=O)NC(=O)NC
dude_rock1__L004866,CCNC(=O)CN1CCN(CC1)C(=O)CNC(=O)C[NH3+]
dude_rock1__L004867,C1CCC(CC1)[C@H]2CCCN2C(=O)C3CCN(CC3)C(=O)N
dude_rock1__L004868,CCC[NH2+][C@@H]1CCCCC[C@H]1N2CC[NH+](CC2)C(C)(C)C
dude_rock1__L004869,CCCC[C@@H](C(=O)N[C@@H](C)c1ccc(c(c1)Br)OC)[NH3+]
dude_rock1__L004870,CC[C@@H](C)/[NH+]=C(\N)/SCc1cc(=O)n2ccccc2n1
dude_rock1__L004871,CC1=C(OC(=C2C=CC(=NC(=O)NCC=C)C=C2)N1)C
dude_rock1__L004872,C[C@@]1(CC[NH2+]C1)C(=O)N(C2CCCCC2)C3CCCCC3
dude_rock1__L004873,Cc1ccc(c([nH+]1)N)c2cnn(c2)CC(=O)Nc3cn(nn3)C(C)C
dude_rock1__L004874,CC(C)(C)OC(=O)N[C@H](C[NH3+])c1ccc(c(c1)O)OC
dude_rock1__L004875,Cc1ccc(c(c1)C)N(C)c2c(c(cc([nH+]2)C)C)C[NH2+]C
dude_rock1__L004876,COn1c2c(c3c(c1=O)cc(cn3)c4ccccc4O)N[C@@H](CC2=O)I
dude_rock1__L004877,C[C@@]12CC[C@@](C1(C)C)(C(=O)C2=O)NC(=O)OC(C)(C)C
dude_rock1__L004878,CS[C@H]1NN[C@H](N1/N=C/C2=c3ccccc3=[NH+]C2)c4ccccc4
dude_rock1__L004879,CCOC(=O)c1c(c(sc1NC(=O)C[NH+]2C[C@@H](C[C@@H](C2)C)C)C(=O)N)C
dude_rock1__L004880,CC[NH+](CC)CCCNC(=O)C(=O)NCc1c2ccccc2c(=O)[nH]n1
dude_rock1__L004881,CC[C@@H](C)[C@@H](c1cc2c(cc1Cl)OCCCO2)[NH2+]CC
dude_rock1__L004882,CCOc1cccc2c1OC[C@@H]([C@@H]2O)N3CCOCC3
dude_rock1__L004883,CCn3c(c1nonc1N)nc4cncc(C(=O)NC2CCNCC2)c34
dude_rock1__L004884,CCn1cc(cn1)c2cc(nc(n2)N)NC[C@H](c3ccccc3Cl)[NH+](C)C
dude_rock1__L004885,CC(C)[C@@H](c1ccc2c(c1)OCCO2)[NH2+]Cc3cc(oc-4c/c(=[NH+]\C(=O)C)/ccc34)O
dude_rock1__L004886,CC[C@@H]([C@H](c1ccc(o1)C)Oc2ccc3c(c2)OCO3)[NH3+]
dude_rock1__L004887,CC(C)CCNC(=O)[C@H]1CN(CC12CC[NH2+]CC2)C(=O)c3cccn3C
dude_rock1__L004888,C1CCCC(CC1)NC(=O)C[NH+]2C[C@H](C[C@@H]2C(=O)N)O
dude_rock1__L004889,Cc1ccc(c(c1)C)NC(=O)CSc2nc([nH]n2)N/N=C/c3ccc(c(c3)OCn4cccn4)OC
dude_rock1__L004890,C[C@H]1CCCC[C@@H]1NC(=O)CN2c3ccccc3[C@@H](C[C@@H]2C)C(=O)N
dude_rock1__L004891,c1ccc(cc1)C(=O)NCC(=O)N2CCN(CC2)c3cc[nH+]cc3
dude_rock1__L004892,CCc1ccc2c(cc(=O)oc2c1)C[NH2+][C@H]3CCC[C@H]([C@@H]3C)C
dude_rock1__L004893,Cc1ccc(cc1)c2csc3c2c(=O)[nH]c(n3)SC[C@@H](CO)O
dude_rock1__L004894,CC[C@H](C)NC(=O)C[NH+]1CCN(CC1)CC(=O)NC(=O)NC(C)C
dude_rock1__L004895,CCC[NH2+][C@@H](C)c1nnc(o1)c2cc3c(s2)CCCC3
dude_rock1__L004896,C[C@@H]1CCCC[C@@H]1[NH+](C)Cc2ccc(cc2)C[NH2+]C(C)C
dude_rock1__L004897,c1cc(ccc1[C@@H](CC[NH3+])Oc2ccc3c(c2)OCO3)Cl
dude_rock1__L004898,CCCn1c(c(c(=O)[nH]c1=O)C(=O)C[NH+]2CCCCC[C@H]2c3ccc(cc3)OC)N
dude_rock1__L004899,COCc1cccc(c1)NS(=O)(=O)c2ccc(cc2Cl)N
dude_rock1__L004900,Cc1c2c(c(=O)n(nc2C(=O)NNC(=S)N[C@H]3CCCC[C@H]3C)C)no1
dude_rock1__L004901,CC(=O)Nc1ccc(cc1)/C=N/NC(=S)N[C@H]2C[NH+]3CCC2CC3
dude_rock1__L004902,C[C@@H](c1ccc2c(c1)CCC2)NC(=O)c3c4c(n[nH]3)CCCCC4
dude_rock1__L004903,NC5CCN(c3nc(c1ccnc2[nH]ccc12)cnc3N4CCCC4)CC5
dude_rock1__L004904,C[C@@H](C[NH+]1CCCCC1)[N-]S(=O)(=O)c2c(n(c[nH+]2)C)Cl
dude_rock1__L004905,Cc1ccc2=[NH+][C@H]([NH+]=c2c1)SCc3nc(no3)c4ccc(cc4)Br
dude_rock1__L004906,Cn1ccc2c1cccc2C(=O)N=c3[nH]c4ccccc4[nH]3
dude_rock1__L004907,CC(C)c1ccc(cc1)NC(=O)C(=O)NCCNC(=O)[C@H]2C=c3ccccc3=[NH+]2
dude_rock1__L004908,CCC(CC)(CO)[NH2+]Cc1cc(c(c(c1)Br)O)OC
dude_rock1__L004909,Cc1cc(cc(c1[N-]S(=O)(=O)c2ccc([nH+]c2)N)C)Br
dude_rock1__L004910,Cc1cc(ccc1n2ccc(n2)C(C)C)C[NH2+]C(C)(C)C
dude_rock1__L004911,c1cc(sc1CNC(=O)C23CC4CC(C2)CC(C4)C3)S(=O)(=O)N
dude_rock1__L004912,Cc1c\2c(oc1C(=O)N3CCC(CC3)C(=O)OC)CCC/C2=N\NC(=O)N
dude_rock1__L004913,Cc1csc(n1)CNc2c(c([nH+]n2C)C)N
dude_rock1__L004914,Cc1ccc(c(c1)[C@H]2C(=C(O[C@H]3C2=C(N=N3)C)N)C#N)C
dude_rock1__L004915,CS(=O)(=O)N1CCC(CC1)[NH2+]C2CCN(CC2)CC#C
dude_rock1__L004916,c1cc(c(c(c1[N+](=O)[O-])N[C@H]2C[C@H]2[NH3+])F)F
dude_rock1__L004917,Cc1cccc([nH+]1)N[C@H](c2ccncc2)c3ccc4cccnc4c3O
dude_rock1__L004918,C[C@H](C(=O)Nc1c(ccs1)C(=O)N)[NH+]2CCCN(CC2)c3c(cccn3)C#N
dude_rock1__L004919,c1ccc2c(c1)C(=O)N(CN2)CC(=O)NCC(=O)NCCc3c[nH+]c[nH]3
dude_rock1__L004920,C1C[C@@H]([NH+](C1)CC(=O)N2CCN(CC2)C(=O)CN3CCOCC3)C(=O)N
dude_rock1__L004921,CN(C)c1ccc(cc1)N2C(=O)c3cccc(c3C2=O)N
dude_rock1__L004922,Cc1ccc(c(c1)CCNC(=O)[C@@H]2CN(CC23CC[NH2+]CC3)C(=O)COc4cccc(c4)Cl)C
dude_rock1__L004923,C[NH+]1CCN(CC1)CCNC(=O)Cn2cc(ccc2=O)N
dude_rock1__L004924,COc1cc(cc(c1O)I)/C=C(\C#N)/C(=O)Nc2ccccc2C(=O)[O-]
dude_rock1__L004925,CC[C@@H]([C@H](c1ccc(s1)Cl)N2CC[NH+](CC2)C3CC3)[NH3+]
dude_rock1__L004926,Cc1ccc2=[NH+][C@H]3C(=c2c1)N=[NH+]C(=N3)N/N=C/c4ccc(c(c4)OC)O
dude_rock1__L004927,CC(=O)O[C@H]1C=CC[C@@H]2[C@@H]1[C@@](c3cccc(c3C2=O)O)(C)O
dude_rock1__L004928,Cc1ccc(s1)S(=O)(=O)N[C@H](C2CCCCC2)/C(=N/O)/N
dude_rock1__L004929,COCC[C@H]1Nc2ccc(cc2O1)C(=O)NC[C@@H]3C=c4cc(ccc4=[NH+]3)Cl
dude_rock1__L004930,Cc1ccc(cc1)N2[C@H]3CC(C[C@@H](C3=CN2)NC(=O)[C@@H]4C(=CC(=C)NC4=O)C)(C)C
dude_rock1__L004931,C[C@H]1CCCC[C@@H]1[NH2+]Cc2cc(c(c(c2)Cl)OC)OC
dude_rock1__L004932,c1cc2c(cc1[C@H](c3cc(cnc3)Br)[NH3+])CCCC(=O)N2
dude_rock1__L004933,c1ccc2c(c1)cc([nH]c2=O)NCCS(=O)(=O)N
dude_rock1__L004934,CC[NH2+][C@@H]1CC[C@H](C[C@@H]1C[NH+](C)[C@@H](C)C2CC2)C(C)C
dude_rock1__L004935,c1ccc(cc1)N2CCN(CC2)C[C@@H](C(=O)N)[NH3+]
dude_rock1__L004936,C[C@]1(CC([NH+]=C(N1)SCc2ccc(c(c2)Cl)OC)(C)C)O
dude_rock1__L004937,CC(C)(C)c1c(c[nH]n1)/C=C/2\C(=O)c3ccc(cc3O2)O
dude_rock1__L004938,C[C@@H](C1CC[NH+](CC1)C)[NH2+][C@H]2CCC[C@@H](C2)C(F)(F)F
dude_rock1__L004939,Cc1nc(on1)NC(=O)C[C@](c2nccn2C)(C(F)(F)F)O
dude_rock1__L004940,c1cn2c([nH+]1)CN(CC2)C(=O)C3(CCOCC3)C[NH3+]
dude_rock1__L004941,C[C@@H](C(=O)Nc1c(ccs1)C(=O)N)N2CCC[NH+](CC2)CC(=O)N(C)C
dude_rock1__L004942,CC(C)(C)Nc1c(c(ncn1)Nc2cc(cc(c2)Cl)Cl)N
dude_rock1__L004943,COc1cc2=C([C@H](C(=O)[NH+]=c2cc1OC)C(=O)NCCc3ccc(cc3)Cl)O
dude_rock1__L004944,C[C@@H](C(=O)NC(=O)NC12CC3CC(C1)CC(C3)C2)[NH+]4CCC[C@@H](C4)O
dude_rock1__L004945,CCOn1c2c(c3c(c1=O)cc4c(n3)cccc4O)N[C@@H](CC2=O)I
dude_rock1__L004946,CCOc1ccc(cc1)[C@H]2N[C@@H](ON2)c3ccc4c(c3)[nH]c(=O)n(c4=O)Cc5ccc6c(c5)OCO6
dude_rock1__L004947,CC[C@@H](c1cc(ccc1O)Br)[NH2+][C@@H]2CCCCNC2=O
dude_rock1__L004948,Cc1cccc(c1C)O[C@H](C)C(=O)NNC(=O)NCc2nnc3n2cccc3
dude_rock1__L004949,CCCOc1ccc(cc1N)[C@H](CC[NH+]2[C@@H](CCC[C@@H]2C)C)O
dude_rock1__L004950,CCNC(=O)NC(=O)CS[C@@H]1NN=C(N1C2CC2)C3=c4ccccc4=[NH+]C3
dude_rock1__L004951,c1ccc(cc1)c2nnc3n2N[C@H](S3)c4ccc(cc4)O
dude_rock1__L004952,CC(C)(C)NC(=O)CNC(=O)NC1CCC(CC1)O
dude_rock1__L004953,c1ccc2c(c1)CCC[C@]2(CNC(=O)NCC[NH+]3CCc4c(ccs4)C3)O
dude_rock1__L004954,CCNC(=O)[C@@H](C)NC(=O)N[C@H](C)c1ccccc1Br
dude_rock1__L004955,COc1cc(c(cc1OC)OC)[C@H]2[C@@H]3CCCC[C@]3(CC[NH2+]2)O
dude_rock1__L004956,CO[C@@H]1C[C@@H]([NH2+]C1)C(=O)N2CCN(CC2)C[C@@H]3CCCO3
dude_rock1__L004957,CCOc1cc(cc(c1OCC(=O)[O-])Br)C=C2c3c(c(c(nc3C(=C2C)C#N)N)C#N)C
dude_rock1__L004958,CC(C)[NH+]1CCC2(CC1)[C@@H]3CN(CC=C3C(=C(C2(C#N)C#N)N)C#N)C(C)C
dude_rock1__L004959,c1c(cn(n1)Cc2c(snn2)N)Br
dude_rock1__L004960,C[NH+](C)C1(CCCC1)CNC(=O)NNC(=O)[C@@H]2CCS(=O)(=O)C2
dude_rock1__L004961,C[C@@H]1CC(=O)N2[C@@H](N=C(N[C@@H]2N1)NCCC3=c4ccccc4=[NH+]C3)c5ccccc5
dude_rock1__L004962,CCn5cc(c1ccnc2[nH]ccc12)c(c4ccc(NC(=O)Nc3ccccc3)cc4)n5
dude_rock1__L004963,Cc1ccc(cc1N)S(=O)(=O)Nc2cc(ccc2C)Br
dude_rock1__L004964,CN1c2cc(ccc2OCC1=O)c3c(n4cc(ccc4n3)N)C[NH+](C)CCO
dude_rock1__L004965,CC[NH+](Cc1ccc(cc1C#CC[NH3+])F)C[C@@H]2CCCO2
dude_rock1__L004966,Cc1ccc(cc1)CNC2=[NH+]CCNC23CCN(CC3)S(=O)(=O)c4cc(ccc4C)C
dude_rock1__L004967,Cc1c[nH+]c([nH]1)[C@@H]2[C@@H](NCN2[C@H](CO)c3ccccc3)c4ccccc4
dude_rock1__L004968,CC(C)(C)c1nnc(o1)SCC(=O)NC(=O)NC
dude_rock1__L004969,c1ccc2=[NH+]C([NH+]=c2c1)/C=C/3\C(=O)N(C(=S)S3)[C@@H](CC(=O)N)C(=O)[O-]
dude_rock1__L004970,Cc1ccc(cc1)CN(C)C(=O)[C@@H](CC(=O)N)[NH3+]
dude_rock1__L004971,CC[C@H](C)NC(=O)C[NH+]1CCN(CC1)CC(=O)NC(=O)N[C@@H]2CCCC[C@@H]2C
dude_rock1__L004972,CCC[C@H]1CC[C@@H]([C@@H](C1)C[NH+](CCC)C2CC2)[NH3+]
dude_rock1__L004973,Cc1cc(c2c(c1)[C@]3([C@H]4[C@@H]([C@@H]([NH2+]3)[C@H](C)O)C(=O)N(C4=O)Cc5ccccc5OC)C(=O)N2)C
dude_rock1__L004974,O=C(NC2CCN(Cc1ccccc1)CC2)c4ccc3[nH]ncc3c4
dude_rock1__L004975,Cc1[nH+]ccn1CCCNC(=O)NCCNC(=O)OC(C)(C)C
dude_rock1__L004976,CCOc1c(cc(cc1I)[C@@H](c2c(n[nH]c2[O-])C)C3=C(N=N[C@@H]3O)C)OC
dude_rock1__L004977,CCC(C)(C)c1ccc(cc1)OCc2ccoc2C[NH3+]
dude_rock1__L004978,Cc1cc(nc(n1)SCC2=N/C(=C/3\C=CC=CC3=O)/NC(=[NH+]2)N)C
dude_rock1__L004979,C[C@H](c1cccc(c1)S(=O)(=O)N)NC(=O)NC[C@@H](c2ccco2)[NH+](C)C
dude_rock1__L004980,Cc1cccc(c1C)C[NH2+]CC2(CCCCC2)[NH+](C)C
dude_rock1__L004981,C1CCCC(CCC1)[NH+]2CC[C@H](C2)CNC(=O)Cc3[nH]c(=O)[nH]n3
dude_rock1__L004982,Cc1cc(c(n1c2ccc(cc2)S(=O)(=O)N)C)C(=O)C[NH+]3CCC(=CC3)c4ccccc4
dude_rock1__L004983,C1C[C@@H](N(C1)C(=O)NC2CC[NH+](CC2)C3CC3)C(=O)NCC(F)(F)F
dude_rock1__L004984,CCn1c2c(nc1SCC(=O)N)n(c(=O)n(c2=O)C)C
dude_rock1__L004985,Cc1ccc(c(c1)[C@@H](C[NH3+])Oc2ccc(cc2Cl)C)OC
dude_rock1__L004986,C[C@@H]1CCc2c(sc(n2)NC(=O)C[NH+]3CCC(CC3)(C(=O)N)N4CCOCC4)C1
dude_rock1__L004987,CCNC(=O)NC(=O)[C@@H](C)[NH+]1CCC(CC1)C(=O)N2CCOCC2
dude_rock1__L004988,CC(C)(C)NC(=O)CN(C)C(=O)[C@@H]1C[C@H]2CCCC[C@@H]2[NH2+]1
dude_rock1__L004989,Cc1ccc2[nH+]c(c(n2c1)N)c3ccc(c(c3)OC)OC
dude_rock1__L004990,C[NH+]1CCN(CC1)C(=O)Nc2c(c(cs2)c3ccccc3)C(=O)N
dude_rock1__L004991,CC(C)(C)C(=O)N1CCC[C@H]1C(=O)N[C@H]2CCCC[C@@H]2O
dude_rock1__L004992,c1cc(c(cc1N)C(=O)N)Oc2cc(c(cc2Cl)Cl)Cl
dude_rock1__L004993,CC1CCC2(CC1)C(=O)N(C(=O)N2)NC(=O)C[NH2+]C(C)(C)CC(C)(C)C
dude_rock1__L004994,CCNC(=O)NC(=O)[C@H](C)[NH+]1CCC(CC1)N2CCO[C@@H](C2)C
dude_rock1__L004995,Cc1c(c(nc(n1)N)N)c2ccc(cc2)/C=C\C=C/c3ccccc3
dude_rock1__L004996,COc1cccc(c1OC)C(=O)NCC(=O)N2CCC3(CC2)c4c([nH+]c[nH]4)CCN3
dude_rock1__L004997,c1cc2c(c(c(cc2)O)/C=[NH+]/CC/[NH+]=C/c3c(ccc4c3cccc4)O)cc1
dude_rock1__L004998,C[C@H](c1ccc(cc1)S(=O)(=O)N)[NH+](C)CC(=O)N2CCc3c(ccs3)[C@@H]2c4cccs4
dude_rock1__L004999,CCCC1=C2[C@H](C(=C(O[C@H]2N=N1)N)C#N)[C@@H]3CCCC=C3
dude_rock1__L005000,c1cnc(cc1C(=[NH2+])N)n2cc(cn2)Cl
dude_rock1__L005001,COc1cc(cc(c1OC)OC)/C=C/c2cc[nH+]c(c2)N
dude_rock1__L005002,c1cc(c(cc1[N+](=O)[O-])C(F)(F)F)NCC2CC[NH2+]CC2
dude_rock1__L005003,c1ccc2c(c1)c(nc([nH+]2)NCc3ccc4c(c3)OCO4)NCCO
dude_rock1__L005004,CC(C)[NH+]1CCc2c(sc3c2C(=N[C@H](N3)c4ccc(o4)c5ccc(c(c5)Cl)Cl)O)C1
dude_rock1__L005005,CCc1ccc(cc1)C(=O)N2C[C@H](C3(C2)CC[NH2+]CC3)C(=O)NCc4cccc(c4)OC(F)F
dude_rock1__L005006,C[C@@H](c1ccc(c(c1)Br)n2c3ccccc3cn2)[NH2+]C
dude_rock1__L005007,C[C@H]1CC[C@@H](C1)[NH2+][C@@H]2CCCc3c2[nH]c4c3cc(cc4)[N+](=O)[O-]
dude_rock1__L005008,c1ccc(c(c1)[C@@H]2[C@@H]3CC=C[C@@H]3c4cccc(c4N2)[N+](=O)[O-])O
dude_rock1__L005009,COc1ccccc1c2ccc3c(n2)[C@@H](C4=C(C[C@H](CC4=O)c5ccccc5)NC3=O)O
dude_rock1__L005010,CC(C)/[NH+]=C(\N)/SCC(=O)N1CCC[C@@H]1c2ccc3c(c2)OCCO3
dude_rock1__L005011,CCCC[NH+](CC)[C@H](C[NH3+])c1cc(ccc1F)Br
dude_rock1__L005012,Cc1c(n2c3c(nc2n1CC[NH2+]CCO)n(c(=O)n(c3=O)C)C)C
dude_rock1__L005013,Cn1cc[nH+]c1CN(C)C(=O)c2cc(cnc2NN)Br
dude_rock1__L005014,CC[NH2+][C@@H]1CCCC[C@H]1C[NH+](C)[C@@H]2CCC[C@@H](C2)C
dude_rock1__L005015,CCc1ccc(cc1)[C@H](CNC(=O)NCCNC(=O)c2ccco2)[NH+](C)C
dude_rock1__L005016,CC5=C(C(=O)Nc2ccc1[nH]ncc1c2)C(c3ccc(F)cc3)N=C(c4cnccn4)N5
dude_rock1__L005017,Cc1cc(c2c(c1)cc(c(=O)[nH]2)[C@@H](c3nnnn3C4CCCCC4)[NH+]5CCCCCC5)C
dude_rock1__L005018,C[C@H](C(=O)NC(=O)NC)Sc1nnc(n1CC(=O)[O-])c2ccc(cc2)Cl
dude_rock1__L005019,c1ccc(c(c1)[C@@H]2CC[C@@]3(C2)[C@@H](CCCN3O)c4ccccc4O)O
dude_rock1__L005020,C[NH2+]C[C@H](c1ccc(cc1)Oc2ccc3c(c2)OCO3)O
dude_rock1__L005021,C[NH+](C)[C@H](CNC(=O)c1cc(cc(c1N)[N+](=O)[O-])F)C2CCCCC2
dude_rock1__L005022,Cc1ccsc1C(=O)NNC(=O)NC[C@H](C)[NH+]2CCCC[C@@H]2C
dude_rock1__L005023,CC[NH2+][C@H](c1ccc2c(c1)OCCCO2)[C@@H]3CCCCO3
dude_rock1__L005024,C[C@@H]1CCC[C@H](C1[NH2+]C[C@@H]2CC[NH+](C2)C3CC3)C
dude_rock1__L005025,c1ccc(c(c1)C(=O)N2C[C@@H](C3(C2)CC[NH2+]CC3)C(=O)NCCOc4ccc(cc4)F)Cl
dude_rock1__L005026,c1ccc2=[NH+][C@@H](C=c2c1)C(=O)NCCNC(=O)C(=O)NC3=CC4=CC=N[C@H]4C=C3
dude_rock1__L005027,Cc1ccc(c(c1)O)/N=C\2/NC(=O)/C(=C/c3cccn3C)/S2
dude_rock1__L005028,c1ccc(c(c1)C(=O)NNS(=O)(=O)c2ccc(cc2C(F)(F)F)Cl)O
dude_rock1__L005029,CC(C)CCNC(=O)COc1ccc(cc1C[NH3+])Br
dude_rock1__L005030,Cn1cc[nH+]c1[C@@H](c2cccs2)Nc3ccc(cc3)C#N
dude_rock1__L005031,Cc1ccc2ccc(c(c2n1)O)[C@H](c3ccccc3OCc4ccccc4)Nc5cccc[nH+]5
dude_rock1__L005032,CC1([C@@H](N(C(=O)N1C)c2ccccc2)NO)C
dude_rock1__L005033,CC[NH+]1CCN(CC1)c2ccc(cc2NC(=O)/C=C/c3ccc(o3)c4ccccc4[N+](=O)[O-])C(=O)OC
dude_rock1__L005034,Cc1cc(nc(c1C(=[NH2+])N)Oc2ccc(cc2)Cl)C
dude_rock1__L005035,C[C@@H](CNC(=O)[C@H]1CN(CC12CC[NH2+]CC2)C(=O)c3c(ccc(c3F)Cl)F)Oc4ccccc4
dude_rock1__L005036,Cc1cnc(c(c1OC)C)C[C@H](C[NH3+])[C@H]2CCS(=O)(=O)C2
dude_rock1__L005037,Cc1ccc(c(c1)[C@H](C[NH2+][C@@]2(CCS(=O)(=O)C2)C)O)OC
dude_rock1__L005038,c1ccc2c(c1)c(=O)n(nn2)CCC(=O)NC[C@@H](c3ccccc3Cl)[NH+]4CCCC4
dude_rock1__L005039,c1ccc(c(c1)c2nc(cs2)CSc3nc(cc(n3)N)N)Cl
dude_rock1__L005040,C[NH+]1CCC(CC1)C[NH2+][C@H]2CCCC[C@H]2C3CCCCC3
dude_rock1__L005041,Cc1cc(n(n1)C[C@H](C)C/[NH+]=C/c2cc(ccc2O)Cl)C
dude_rock1__L005042,Cc1cccc(c1C)NC(=S)/N=C(\Nc2nc(cc(n2)C)C)/NC3CC([NH2+]C(C3)(C)C)(C)C
dude_rock1__L005043,CCOC(=O)C1=C(NC(=O)N[C@@H]1c2ccco2)CSC(=[NH2+])NC3CC3
dude_rock1__L005044,Cc1cc(nc(n1)S[C@H](C)C(=O)Nc2c(c3c(s2)CCCCC3)C#N)N
dude_rock1__L005045,Cc1ccc(c(c1C)OCCc2nc3c(s2)C[NH2+]CC3)C
dude_rock1__L005046,Cc1ccc2nc(c(n2c1)[C@H](C)C[NH3+])c3cccc(c3)[N+](=O)[O-]
dude_rock1__L005047,CCCNC(=O)N=C1C=CC(=C2NC(=C(O2)C)C)C=C1
dude_rock1__L005048,c1ccc(cc1)C(=O)NC(=S)NNC(=O)c2ccc(cc2)Cl
dude_rock1__L005049,Cc1ccc(cc1)N2C(=O)[C@H](SC2=O)CC(=O)Nc3ccc(cc3C(=O)[O-])O
dude_rock1__L005050,C[C@@H](CCCC(C)(C)O)NC(=O)[C@H]1CN(CC12CC[NH2+]CC2)C(=O)c3ccc(cc3Cl)Cl
dude_rock1__L005051,CCCc1ccc(cc1)[C@@H](CNO)N2CC[NH2+][C@@H](C2)O
dude_rock1__L005052,c1cc(cc(c1)N2C(=O)c3ccc(cc3C2=O)N)C#N
dude_rock1__L005053,Cc1c(sc(c1C#N)NC(=O)CSc2c(c3c(s2)c(cc(=O)[nH]3)[O-])C#N)C
dude_rock1__L005054,Cc1c(c(n(n1)[C@@H](CC(=[NH2+])N)c2ccccc2)C)Br
dude_rock1__L005055,c1ccc(c(c1)NCCNC(=O)Nc2ccc[nH+]c2N3CCOCC3)[N+](=O)[O-]
dude_rock1__L005056,C[C@]12CC/C(=N\OCC(=O)N[C@@H](Cc3ccccc3)C(=O)[O-])/C=C1CC[C@@H]4[C@@H]2CC[C@]5([C@@H]4CC[C@]5(C)O)C
dude_rock1__L005057,C[C@@H]1CCc2c(cc(s2)C(=O)N[C@@H](C)c3cccc(c3)S(=O)(=O)N)C1
dude_rock1__L005058,c1ccc2c(c1)[C@@H](CCS2(=O)=O)[NH2+][C@@H]3CCCNC3=O
dude_rock1__L005059,C/C(=C/1\NC(=O)S[C@H](N=N1)CC(=O)Nc2ccc(cc2)C(=O)[O-])/c3ccco3
dude_rock1__L005060,Cn1c2c(c(=O)n(c1=O)C)n(c(n2)NCC[NH3+])Cc3ccccc3F
dude_rock1__L005061,C[C@@H]1CCCCN1S(=O)(=O)N(C)C2(CCCCCC2)C[NH3+]
dude_rock1__L005062,Cc1ccc(c(c1)Br)[N-]S(=O)(=O)c2ccc3c(c2)NC(=O)[C@H](C(=O)N3)C
dude_rock1__L005063,C=CC[NH+]1[C@H](NN[C@@H]1SCc2[nH]c(=O)c3ccccc3n2)c4ccco4
dude_rock1__L005064,Cc1ccc(s1)[C@@H](C)[NH2+][C@@H](C)c2ccc(cc2)S(=O)(=O)N
dude_rock1__L005065,CCc1ccccc1n2c(c(nn2)C[NH3+])c3ccc(cc3)Cl
dude_rock1__L005066,CCC1(Cc2ccccc2C3=[NH+]C(=NC(=O)[C@H]31)NCCO)CC
dude_rock1__L005067,CC[C@@H](C)C(=O)N1C[C@H](C2(C1)CC[NH2+]CC2)C(=O)NCCS
dude_rock1__L005068,C[C@@H](c1ccc(c(c1)Cl)Sc2c3c(nc[nH]3)ncn2)[NH2+]C
dude_rock1__L005069,CCNC(=O)NC(=O)[C@H](C)Sc1cnc(s1)N
dude_rock1__L005070,CC(C)(CO)[NH2+]CC(=O)N1CCC[C@H]1c2ccc3c(c2)OCCO3
dude_rock1__L005071,C[C@H]1CCC[NH+](C1)[C@@H](C)CNC(=O)[C@H](C)NC(=O)OC(C)(C)C
dude_rock1__L005072,c1cc(c(cc1Cl)N)Oc2c(nccn2)C#N
dude_rock1__L005073,COc1ccc(cc1OC)n2c3c(c(nc(n3)C4CCCCC4)C(=O)N)[nH]c2=O
dude_rock1__L005074,c1cnc(cc1C(=[NH2+])N)n2ccc(n2)C(F)(F)F
dude_rock1__L005075,CCOC1([C@@]2([C@@H]([C@@]2(C(=[NH+]1)N)C#N)c3ccccc3Cl)C#N)OCC
dude_rock1__L005076,CC(C)C[C@H](C(=O)NCc1ccc(cc1)C(=O)N2CC[NH+](CC2)C)NC(=O)N
dude_rock1__L005077,c1ccc(c(c1)[C@@H]2[C@@H]3CC=C[C@@H]3c4cccc(c4N2)O)[N+](=O)[O-]
dude_rock1__L005078,c1cc(cc(c1)[N+](=O)[O-])[C@H]2[C@H]3CCCC[C@@]3(CC[NH2+]2)O
dude_rock1__L005079,COC(=O)N/N=C/c1cc(cc(c1O)Cl)Cl
dude_rock1__L005080,CC(C)Cc1ccc(cc1)[C@@H](C[NH3+])CN2CC[NH+](CC2)C
dude_rock1__L005081,c1ccc2=[NH+]CC(=c2c1)C[C@@H]3N[C@@H](ON3)C(=O)NCCN4CCOCC4
dude_rock1__L005082,CC(C)(C)OC(=O)N(Cc1ccc(cc1)C(=[NH2+])N)C(=O)OC(C)(C)C
dude_rock1__L005083,c1cc(cc(c1)C(F)(F)F)C2(CC2)CNC(=O)N3CC[C@H](C3)C(=O)N
dude_rock1__L005084,CC[C@H](C)n1c(=O)c(c(nc1O)O)[C@H]2c3c(c4cc(ccc4[nH]3)OC)CC[NH2+]2
dude_rock1__L005085,C[C@@H]1CCCC[C@@H]1NC(=O)NC(=O)CSc2nc3cc(ccc3c(=O)n2CCC(=O)[O-])Cl
dude_rock1__L005086,c1ccc2=[NH+]C([NH+]=c2c1)C3=C(N(CC3=O)c4ccc(c(c4)[N+](=O)[O-])Cl)N
dude_rock1__L005087,CC[C@@H](C(=O)N)Oc1c(cccc1Br)C[NH2+]C(C)(C)C
dude_rock1__L005088,c1ccc(cc1)OS(=O)(=O)[C@H]2CCC[C@]3(N2c4ccccc4O)CCC[C@@H](C3)O
dude_rock1__L005089,C[C@H](C(=O)Nc1c(ccs1)C(=O)N)S[C@H]2NN=C(N2C3CC3)C4=c5ccccc5=[NH+]C4
dude_rock1__L005090,Cc1ccn2c(c1)[nH+]c(c2N)c3ccc(c(c3)OC)OC
dude_rock1__L005091,Cc1ccccc1[C@@H](CC(=O)/N=c/2\[nH]c3cc(ccc3n2C)Cl)NC(=O)N
dude_rock1__L005092,CCc1ccc(cc1)N2C(=O)/C(=C/c3c[nH]c4c3cc(cc4)Br)/C(=O)NC2=O
dude_rock1__L005093,CC(C)c1ccccc1Oc2ccc(cc2)[C@](C)(C[NH2+]C)O
dude_rock1__L005094,CCCNC(=O)[C@@H](C)[NH2+][C@H]1C[C@@H](CC[C@@H]1C(C)C)C
dude_rock1__L005095,c1c(c(cc2c1OCO2)Br)/C=N/Nc3[nH]c4c(n3)c(=O)[nH]cn4
dude_rock1__L005096,CC(C)[C@@H](C(=O)NC(C)(C)C)[NH2+]Cc1ccc(cc1)N2CCNC(=O)C2
dude_rock1__L005097,CC[C@H]1CC[C@@H]([C@@H](C1)C[NH+](CC2CC2)C(C)C)[NH2+]C
dude_rock1__L005098,C[C@H]1C[C@H](CN(C1)c2c(c(nc(n2)NCCC[NH+](C)C)N)[N+](=O)[O-])C
dude_rock1__L005099,C/C(=N\Nc1[nH]nc(n1)SCC(=O)Nc2ccccc2SC)/c3ccc(cc3)[N+](=O)[O-]
dude_rock1__L005100,C[C@@H]1[C@H]([NH2+]NN1c2cc(ccc2Cl)Cl)[C@@H]3C=CN=N3
dude_rock1__L005101,C1CCc2c(sc(c2C#N)NC(=O)[C@@H]3CCCC[NH2+]3)CC1
dude_rock1__L005102,CC(C)c1ccc(cc1)c2nc(cs2)CSc3nc(cc(n3)N)N
dude_rock1__L005103,Cc1c(c(n([nH+]1)C)N(C)C)CN[C@@H](C)c2ccc3c(c2)CCC(=O)N3
dude_rock1__L005104,COC(=O)N1CCC(CC1)NC(=O)N[C@@H]2CC[NH+]3[C@@H]2CCCC3
dude_rock1__L005105,C[C@H](C(=O)NC(=O)NCC=C)N1CCN(CC1)c2cccc[nH+]2
dude_rock1__L005106,C[C@@H](Cn1cc[nH+]c1)NC(=O)NC[C@@H](COc2cccc(c2Cl)Cl)O
dude_rock1__L005107,Cc1ccc(cc1)NC(=O)NC(=O)[C@@H](C)[NH+]2CCN(CC2)c3ccccc3OC
dude_rock1__L005108,Cc1ccc2c(c1)[C@]3([C@H]4[C@@H]([C@@H]([NH2+]3)[C@H](C)O)C(=O)N(C4=O)CCc5ccccc5)C(=O)N2
dude_rock1__L005109,CCNc1c2c([nH+]c(n1)c3ccc(cc3)O)CCCC2
dude_rock1__L005110,CC1(CC(CC([NH2+]1)(C)C)NC(=O)C(=O)Nc2ccc(cc2)NC(=O)COC)C
dude_rock1__L005111,C/C(=N/Nc1[nH]nc(n1)SCC(=O)Nc2ccccc2C(F)(F)F)/c3ccc(cc3)[N+](=O)[O-]
dude_rock1__L005112,CCc1ccccc1NS(=O)(=O)c2ccc([nH+]c2)NC
dude_rock1__L005113,CC1=C[C@@]([C@@H](N1O)N2CCOCC2)(c3ccccc3)O
dude_rock1__L005114,Cc3c(c1ccnc(N)n1)sc4ccc(Nc2cccc(O)c2)cc34
dude_rock1__L005115,CC[C@H](C(C)C)[NH2+][C@@H](C)c1ccc2c(c1)OCCCO2
dude_rock1__L005116,c1ccc(c(c1)C(=O)N/N=C/c2cc(cc(c2O)Br)Cl)O
dude_rock1__L005117,C[C@]12CCC(=O)N1[C@@H](CS2)C(=O)NCCC3=c4ccccc4=[NH+]C3
dude_rock1__L005118,CC[NH+](Cc1cc(ccc1OC)Br)C[C@@H](C)/C(=N/O)/N
dude_rock1__L005119,CCc1nnc(s1)[N-]S(=O)(=O)c2ccc(cc2)/N=C/c3ccc(c(c3)O)O
dude_rock1__L005120,Cc1cc(ccc1NC(=O)CSc2nnc(n2CC=C)[C@@H](CO)NC(=O)c3ccccc3F)[N+](=O)[O-]
dude_rock1__L005121,CCOc1ccc(cc1)C[NH+](C)CC(=O)c2c(n(c(=O)[nH]c2=O)CC(C)C)N
dude_rock1__L005122,c1cc[nH+]c(c1)N2CCN(CC2)c3c(c(ncn3)Nc4ccc5c(c4)OCCO5)N
dude_rock1__L005123,CCn1c(=O)c2ccc(cc2nc1SCC(=O)NC(=O)N[C@@H]3CCC[C@H]([C@@H]3C)C)C(=O)[O-]
dude_rock1__L005124,c1cc(sc1[C@H](C[NH3+])N2CCC[C@@H](C2)C(=O)N)Br
dude_rock1__L005125,c1ccc2c(c1)-c3ccccc3C2COC(=O)N[C@@H](Cc4cc(co4)Br)C(=O)[O-]
dude_rock1__L005126,CC(C)(C)c1ncc(s1)C[NH2+][C@@H]2CCCC[C@H]2C(F)(F)F
dude_rock1__L005127,c1cc(ccc1Nc2nc(nc(n2)N)COc3ccc(cc3Br)F)F
dude_rock1__L005128,COc1cc(ccc1OCC(=O)N)C[NH2+]C2C3CC4CC(C3)CC2C4
dude_rock1__L005129,c1c(cnc(c1[N+](=O)[O-])N)Br
dude_rock1__L005130,CC[C@H]([C@@H](c1ccc(s1)Cl)N2CC[NH+](CC2)C3CC3)[NH3+]
dude_rock1__L005131,c1ccc2=[NH+][C@H](C=c2c1)C(=O)NNC(=O)C34CC5CC(C3)CC(C5)C4
dude_rock1__L005132,Cc1ccc(c(c1)C)Nc2c(c(ncn2)Nc3cccc4c3nc(cc4)C)N
dude_rock1__L005133,C[C@@H]1C2[C@@H](N(C(=O)N3C2N(CN(C3)C)C(=O)N1C[NH2+]C)C[NH2+]C)C
dude_rock1__L005134,CSc1ccc(cc1)/C=N/NC(=O)c2c[nH]c3c2cccc3
dude_rock1__L005135,C[C@@H]1C[C@]2(CC(C1)(C)C)C(=O)N(C(=O)N2)CC(=O)NCC[NH+](C(C)C)C(C)C
dude_rock1__L005136,CC[C@H](C)[NH+]1CCN(CC1)[C@@H](c2ccccc2F)[C@@H](C)[NH3+]
dude_rock1__L005137,CCn3c(c1nonc1N)nc4cncc(C(=O)N2CCNCC2)c34
dude_rock1__L005138,CCCCN1C(=O)/C(=C\NN2CCOCC2)/C(=O)NC1=O
dude_rock1__L005139,Cc1ccc2=C[C@@H](C(=O)[NH+]=c2c1)CNc3ccc(c(c3)Cl)C
dude_rock1__L005140,CC(C)(C)c1cc(c(c(c1)O)O)CN2CCN(CC2)c3cccc[nH+]3
dude_rock1__L005141,C[C@H](C(C)C)NC(=O)COc1ccc(cc1C[NH3+])Br
dude_rock1__L005142,Cc1ccc(cc1)c2c(n[nH]c2N)c3ccc(o3)Br
dude_rock1__L005143,Cc1ccc(s1)[C@@H](C)[NH2+]Cc2cc(ccc2OC)Br
dude_rock1__L005144,Cc1cc(cc(c1C)NC(=O)C[NH+](CC#C)C2CCCCC2)S(=O)(=O)N
dude_rock1__L005145,Cn1c(cc(=O)n(c1=O)C)CN2CCc3c2ccc(c3)S(=O)(=O)N
dude_rock1__L005146,c1ccc2=[NH+]CC(=c2c1)C[C@@H]([C@H]3N=N[C@H](O3)SCc4ccc(cc4)F)[NH3+]
dude_rock1__L005147,c1cc2c(cc1[C@@H](c3ccc(cn3)Br)[NH3+])CCC(=O)N2
dude_rock1__L005148,CCCCC(=O)N1C[C@H](C2(C1)CC[NH2+]CC2)C(=O)N[C@@H]3C[NH+]4CCC3CC4
dude_rock1__L005149,Cc1ccc(cc1)/C=C/c2c(nnn2c3ccccc3F)C[NH3+]
dude_rock1__L005150,C[NH+](C)CCCn1c(=O)c2c3c(sc2nc1SCC(=O)NC(=O)N)CCCC3
dude_rock1__L005151,C[C@@H](Cc1ccc2c(c1)OCO2)[NH2+]C[C@@H](c3ccc(c(c3)O)O)O
dude_rock1__L005152,c1ccc(cc1)n2c(=O)c3c([nH]2)NC4=C([C@@H]3c5ccccc5C(=O)[O-])C(=O)C[C@H](C4)c6cccs6
dude_rock1__L005153,COc1ccc(cc1F)S(=O)(=O)N2CC[C@H](C2)O
dude_rock1__L005154,Cc1cc2c(c(=O)n1CC[NH+](C)C)[C@@]3(c4ccccc4NC3=O)C(=C(O2)N)C(=O)OC
dude_rock1__L005155,CCC(C)(C)[NH2+]C[C@H](C)n1cnc2c1cc(c(c2)C)C
dude_rock1__L005156,CC1=C([C@@H](N2C(=[NH+]1)N=C([N-]2)SCc3ccccc3F)c4ccccc4Cl)C(=O)N
dude_rock1__L005157,Cc1ccn2cc([nH+]c2c1)CNC(=O)CCCC[C@H]3[C@@H]4[C@@H](CS3)NC(=O)N4
dude_rock1__L005158,COc1ccc(cc1)N2Cc3ccc(cc3C2)C(=O)NN/C=C/4\C=CC(=O)C=C4[O-]
dude_rock1__L005159,CCCCSc1nnc(s1)NC(=O)CSc2nnc(n2N)N/N=C/c3ccc(cc3)C(=O)OC
dude_rock1__L005160,CCC1CCC(CC1)(/C(=N/O)/N)NC(=O)[C@@H]2CCCO2
dude_rock1__L005161,c1cc(oc1)CCNC(=O)[C@@H]2CN(CC23CC[NH2+]CC3)C(=O)c4ccc(c(c4)Cl)Cl
dude_rock1__L005162,CC(C)c1[nH+]c(c(n1N)N)c2ccccc2C(F)(F)F
dude_rock1__L005163,C1C[C@H]2CC(C[C@@H]1[NH2+]2)NC(=O)C34CC5CC(C3)CC(C5)C4
dude_rock1__L005164,CCN(CC)c1nc(c(c(n1)N)/N=N\c2cc(c(cc2Cl)S(=O)(=O)[O-])Cl)C
dude_rock1__L005165,c1cc(oc1)C(=O)NCCC(=O)N2CCC3(CC2)c4c([nH+]c[nH]4)CCN3
dude_rock1__L005166,CC(C)[NH+]1CCC2(CC1)N[C@@H](CC(=N2)c3ccc4c(c3)OCO4)c5cc(ccc5O)Cl
dude_rock1__L005167,CC[NH2+][C@@H]1CCCC[C@@H]1C[NH+](CCO)C2CCCCC2
dude_rock1__L005168,CCC(CC)C(=O)N1C[C@@H](C2(C1)CC[NH2+]CC2)C(=O)NCC[NH+](C)C
dude_rock1__L005169,CCN([C@H]1COC[C@@H]1O)C(=O)C[NH+]2CCCN(CC2)C
dude_rock1__L005170,C[C@@]1(C(=O)N(C(=O)N1)CC(=O)NC(=O)NC(C)(C)C)c2ccc(cc2)OC(F)F
dude_rock1__L005171,CC(C)[NH2+]Cc1cc(ccc1O[C@@H]2CCCC[C@H]2O)Cl
dude_rock1__L005172,C/C(=N\NC(=O)c1c(c(c(c(n1)Cl)Cl)N)Cl)/c2ccc[nH]2
dude_rock1__L005173,C[C@@H](C(=O)N1CCC2(CC1)c3c([nH]c[nH+]3)CCN2)NC(=O)CCc4ccc(cc4)OC
dude_rock1__L005174,CC[NH+]1CCc2c(sc(c2C(=O)N)NC(=O)c3ccc(cc3)[N+](=O)[O-])C1
dude_rock1__L005175,C1CCC(CC1)[C@H]2CCC[NH+]2CC(=O)N[C@@H]3CCCCNC3=O
dude_rock1__L005176,CC[C@H]1CC[C@H]([C@@H](C1)Cc2ccc(cc2[N+](=O)[O-])Cl)[NH3+]
dude_rock1__L005177,C[C@@H]([C@H](c1ccc(cc1)Cl)Sc2[nH]c(=O)ccn2)[NH3+]
dude_rock1__L005178,C=CCOc1ccc(cc1)[C@@H]2c3c([nH]nc3O)NC4=C2C(=O)C[C@H](C4)c5cccs5
dude_rock1__L005179,c1ccc(cc1)[C@@H]2[C@@H]3CCC[C@@H]4C3(NC(=O)N2)NC(=O)N[C@@H]4c5ccccc5
dude_rock1__L005180,c1ccc(c(c1)N/N=C(\C#N)/C(=[NH2+])N2CCOCC2)F
dude_rock1__L005181,c1ccc2=[NH+]CC(=c2c1)[C@@H](CNC(=O)CCN3CNc4c(ccs4)C3=O)c5cccs5
dude_rock1__L005182,C1CCC(CC1)(CNC(=O)C[NH+]2CCCC[C@H]2C(=O)N)N3CCOCC3
dude_rock1__L005183,CC(C)CNC(=O)NC(=O)C[NH+](C)C1CCCCCC1
dude_rock1__L005184,Cc1ccc(c(c1)C)NC(=O)NC(=O)CN2CC[NH+](CC2)CC(=O)NC(C)C
dude_rock1__L005185,C[C@@H]([C@@H](c1ccc(s1)Cl)N(C)CC(=O)N)[NH3+]
dude_rock1__L005186,C[C@@H](c1ccc(cc1)OCc2ccc(cc2Br)F)[NH2+]C
dude_rock1__L005187,CC(C)/C=[NH+]/c1cc(c2cc3c(cc2n1)C(=O)NC3=O)[O-]
dude_rock1__L005188,c1cc2cccnc2c(c1)Oc3c(c(ncn3)Nc4ccc(c(c4)Cl)Cl)N
dude_rock1__L005189,Cc1c(sc(n1)n2c(c(nn2)C[NH3+])/C=C/c3ccccc3)C
dude_rock1__L005190,CC[NH2+][C@@H](Cn1cc[nH+]c1C(C)C)c2ccc(cc2C)C
dude_rock1__L005191,Cc1ccc2c(c1)cc(c(=O)[nH]2)[C@H]3c4ccc5ccccc5c4OC(=C3C#N)N
dude_rock1__L005192,C1C[C@H]([NH+](C1)CCC(=O)NC(=O)N)C(=O)N2CCOCC2
dude_rock1__L005193,Cc1cc(c(c(c1Cl)S(=O)(=O)Nc2cc3c(cc2C(=O)[O-])OCCCO3)C)Cl
dude_rock1__L005194,C[C@@H](C[NH3+])N1C(=O)[C@@](NC1=O)(C)c2ccc(c(c2)OC)OC
dude_rock1__L005195,CC[NH+](CC)[C@H](CNC(=O)NNC(=O)c1ccccc1OC)c2ccco2
dude_rock1__L005196,c1ccc(c(c1)C(=O)N2C[C@H](C3(C2)CC[NH2+]CC3)C(=O)NCCOc4ccc(cc4)F)Cl
dude_rock1__L005197,Cc1cc(cc(c1S(=O)(=O)NC2[C@H]3[C@@H]2C[NH2+]C3)C)OC
dude_rock1__L005198,CC[C@H]1CCc2c(sc(c2C(=O)N)NC(=O)c3ccc(cc3)C)C1
dude_rock1__L005199,C[NH+](Cc1ccccc1)C[C@H](CN2C(=O)[C@@H]3CCCCN3C2=O)O
dude_rock1__L005200,CC(C)C[NH2+]Cc1c(ccc2c1oc(=O)c(c2)c3ccc(c(c3)OC)OC)O
dude_rock1__L005201,CCN1C(=O)C[C@@H](C1=O)[NH2+]C[C@H]2CCS(=O)(=O)C2
dude_rock1__L005202,CC[NH2+][C@H](C)c1c(nc(s1)N2CCC[C@@H]2C3CCCC3)C
dude_rock1__L005203,Cc1ccc(c(c1)N2[C@@H](N=C([C@H](C2=O)[C@@H]3[C@@H]4C(=c5ccccc5=[NH+]4)CCN3)O)O)C
dude_rock1__L005204,CC[NH2+][C@@H](c1cc2c(cc1Cl)OCCO2)[C@@H]3CCCOC3
dude_rock1__L005205,C[C@](COc1ccc(cc1Cl)[N+](=O)[O-])(C(=O)N)[NH2+]C2CC2
dude_rock1__L005206,COc1cccc(c1O)[C@@H]2c3c([nH]c(=O)s3)S[C@@H]([C@@H]2C(=O)c4ccc(cc4)F)C(=O)[O-]
dude_rock1__L005207,CCC[C@H](C)NC(=O)COc1c(cccc1Br)C[C@@H](C)[NH3+]
dude_rock1__L005208,CN(Cc1ccc(o1)Br)C(=O)C[C@H]2CCC[NH2+]2
dude_rock1__L005209,CCCCn1c(c(c(=O)[nH]c1=O)N(Cc2ccccc2)C(=O)C[NH+]3CCCC3)N
dude_rock1__L005210,CO[C@@H]1C[C@H]([NH2+]C1)C(=O)NCCc2nnc3n2cccc3
dude_rock1__L005211,Cc1nnc(s1)SCC[C@@](C)(C(=O)N)[NH3+]
dude_rock1__L005212,Cc1ccc(c(c1)Br)Oc2ccc(cc2F)C[NH2+]C(C)C
dude_rock1__L005213,C[C@H]1C(=O)N(N=C(N1)C(=O)NNC(=O)NCCCn2cc[nH+]c2)c3ccccc3
dude_rock1__L005214,c1ccc2c(c1)CC[NH+](C2)C[C@H](CNc3cc(nc(n3)N)Cl)O
dude_rock1__L005215,Cc1cc(n2c(n1)ncn2)Nc3ccc(cc3)[NH+](C)C
dude_rock1__L005216,CC[C@H](c1cccs1)NS(=O)(=O)c2c(c(ccc2N)C)C
dude_rock1__L005217,c1ccc(c(c1)CNC(=O)[C@@H]2CN(CC23CC[NH2+]CC3)C(=O)[C@@H]4CCC=CC4)Sc5ccccc5CO
dude_rock1__L005218,C[C@H](C(=O)N1CCOCC1)N2CC[NH+](CC2)CCCC[NH3+]
dude_rock1__L005219,CC[NH+](CC)[C@H](CC(C)C)CNC(=O)NNC(=O)[C@H]1CCS(=O)(=O)C1
dude_rock1__L005220,c1csc2c1CN(CC2)C(=O)CSc3nnc(s3)N
dude_rock1__L005221,Cc1ccc(cc1)S(=O)(=O)Nc2c(c3c(s2)C[C@@H](CC3)C)C(=O)N
dude_rock1__L005222,COc1ccc(cc1)OCCCOc2ccc(cc2)/C=C\3/C(=[NH2+])N4C(=NC3=O)SN=C4S(=O)(=O)C
dude_rock1__L005223,CC(C)(C)OC(=O)NNC(=O)NC[C@H](c1ccc(cc1)F)[NH+](C)C
dude_rock1__L005224,COc4cccc(CN(CCN(C)C)C(=O)c3nc2ccc(c1cn[nH]c1)cc2s3)c4
dude_rock1__L005225,c1cc2cccnc2c(c1)Sc3c(c(ncn3)Nc4ccc(cn4)Br)N
dude_rock1__L005226,c1ccc2c(c1)CC[NH+](C2)C[C@@H](CNc3cc(nc(n3)N)Cl)O
dude_rock1__L005227,c1ccc(c(c1)NCC(=O)Nc2ccccc2OC(F)F)[NH+]3CCC(CC3)O
dude_rock1__L005228,COc1ccc2c(c1)S[C@H](N2)NC(=O)[C@@H]3CC(=O)N(C3)CCC4=c5cc(ccc5=[NH+]C4)F
dude_rock1__L005229,CC[C@@H](C[NH+](C1CCCCC1)C2CCCCC2)[NH3+]
dude_rock1__L005230,CC[NH+](CC)[C@H](C)CNC(=O)N1CCc2c(ccs2)[C@H]1C
dude_rock1__L005231,CCn1c2c(cc(c1=O)c3ccc(c(c3)F)C)C[NH+](CC2)Cc4cn(c5c4cccc5)CC(=O)N
dude_rock1__L005232,CCc1ccc2c(c1)[C@]3([C@H]4[C@@H]([C@H]([NH2+]3)[C@@H](C)O)C(=O)N(C4=O)Cc5ccc6c(c5)OCO6)C(=O)N2
dude_rock1__L005233,CC(C)C(=O)N1C[C@H](C2(C1)CC[NH2+]CC2)C(=O)NCCc3c[nH]c4c3cccc4
dude_rock1__L005234,Cc1cc(ccc1O[C@H]2COCC[C@H]2[NH2+]C)C(C)(C)C
dude_rock1__L005235,C[C@H]1C[C@@H](C[NH+](C1)CC(=O)c2c(n(c(=O)[nH]c2=O)CCOC)N)C
dude_rock1__L005236,CC(C)C[C@@H](C(=O)N(C)Cc1cn(c(=O)n(c1=O)C)C)[NH3+]
dude_rock1__L005237,Cc1cc(ccc1F)[C@H](c2ccc3c(c2)NC(=O)CO3)[NH3+]
dude_rock1__L005238,c1ccc(cc1)c2c3c(n[nH]2)OC(=C([C@H]3c4ccc(s4)Cl)C#N)N
dude_rock1__L005239,C#CCNC(=O)c1ccc(cc1)NS(=O)(=O)c2ccc3=[NH+]C(=O)[NH+]=c3c2
dude_rock1__L005240,c1cc2c(cc1C(=O)c3csc(n3)N)OCCCO2
dude_rock1__L005241,c1ccc(cc1)[C@@H]2C[C@@H](n3c(nc(n3)N)N2)c4ccccc4Cl
dude_rock1__L005242,COc1ccc(cc1CN2C(=O)c3ccccc3C2=O)/C=N\n4c(=O)c5c(c6cc(c(cc6[nH]5)OC)OC)[nH]c4=O
dude_rock1__L005243,COc1ccc(cc1)n2c(cc(n2)C[NH3+])c3ccccc3OC
dude_rock1__L005244,C[C@@H]1CCC[C@H](C1)N(C)S(=O)(=O)N2CCNCC2
dude_rock1__L005245,Cc1cc(cc(c1)N(C)c2cc(cc[nH+]2)/C(=N/O)/N)C
dude_rock1__L005246,C1CC(CCC1C(=O)N)NC(=O)[C@H]2CSC[NH2+]2
dude_rock1__L005247,c1cnc(c(n1)C(=[NH2+])N)Oc2c(cc(cc2Br)[N+](=O)[O-])Br
dude_rock1__L005248,CCN(CC)S(=O)(=O)c1ccc(cc1)C(=O)Nc2c(c3c(s2)C[NH+](CC3)C)C(=O)NC(=O)OCC
dude_rock1__L005249,CCOc1ccc(cc1)[C@@H]2C(=C([NH+]=C3N2NC(=N3)c4cccs4)C)C(=O)N
dude_rock1__L005250,CC(C)Cc1c(nnn1c2ccc(c(c2)Cl)OC)C[NH3+]
dude_rock1__L005251,C[C@H]1C[C@@](CC(C1)(C)C)(c2ccc(c(c2)OC)OC)[NH3+]
dude_rock1__L005252,Cc1ccc(cc1Cl)NS(=O)(=O)c2cc(ccc2OC)N
dude_rock1__L005253,C[C@H]1CCCC[NH+]1CCNC(=O)CCNC(=O)NC23CC4CC(C2)CC(C4)C3
dude_rock1__L005254,Cc1ccc(c(c1)NC(=O)CNC(=O)NC[C@H](C(C)C)[NH+](C)C)OC
dude_rock1__L005255,Cc1[nH]cc(n1)C[NH2+][C@@H]2CC(C[C@@H]3[C@@H]2CNN3c4ccc(cc4)OC)(C)C
dude_rock1__L005256,CCc1ccc(s1)[C@H](C)n2c(c(cn2)[N+](=O)[O-])N
dude_rock1__L005257,c1cn(c[nH+]1)CCCNC(=O)NNC(=O)Cc2coc3c2cc4c(c3)CCC4
dude_rock1__L005258,C[C@H](c1ccc(cc1)S(=O)(=O)NC)NC(=O)c2cc(ccc2NC)[N+](=O)[O-]
dude_rock1__L005259,CC1(C[C@@H]1Nc2cc3c(cc2[N+](=O)[O-])OCC(=O)N3)C
dude_rock1__L005260,c1ccc(cc1)[C@H]2C[C@H](Nc3n2nc(n3)N)c4ccccc4Cl
dude_rock1__L005261,CC[C@H](C)NC(=O)[C@@H](C)NC(=O)NCc1ccc(s1)Br
dude_rock1__L005262,c1cc(ccc1C#N)S(=O)(=O)N[C@@H]2CC[NH2+]C3(C2)CCC3
dude_rock1__L005263,c1cc(c(cc1Br)F)CNC(=O)[C@@H]2CN(CC23CC[NH2+]CC3)C(=O)CCC4CCCC4
dude_rock1__L005264,CCOC(=O)c1cc(c(cc1N)F)N2CC[C@@H](C[C@@H]2C)C
dude_rock1__L005265,C4CC(Nc2ccc1[nH]ncc1c2)CN(Cc3ccncc3)C4
dude_rock1__L005266,Cn1c2ccccc2[nH+]c1NCc3cccc(c3O)OC
dude_rock1__L005267,CCOc1ccc(cc1[N+](=O)[O-])[C@]2(C(=O)N(C(=O)N2)CC[NH3+])C
dude_rock1__L005268,Cc1ccc(cc1)NC(=O)Nc2cccc3c2CC[NH+](C3)[C@H](C)C(=O)NCC=C
dude_rock1__L005269,CCC(C)(C)[NH2+]C[C@H](c1cc(c(c(c1)Cl)N)C(F)(F)F)O
dude_rock1__L005270,CC[C@@]1(C(=O)N(C(=O)N1)CC(=O)N2c3ccccc3NC(=O)C2(C)C)c4ccc(cc4)Cl
dude_rock1__L005271,CC[C@@H](C)N1C(=O)[C@@H]2[C@H](N[C@]3([C@@H]2C1=O)c4cccc(c4NC3=O)Cl)Cc5ccccc5
dude_rock1__L005272,c1cc(ccc1C#N)[C@@H](C[NH2+]C[C@@H]2CCS(=O)(=O)C2)O
dude_rock1__L005273,CN(C)C(=O)N1CCN(CC1)C(=O)[C@H]2C[C@H](C[NH2+]2)OC
dude_rock1__L005274,NCCNS(=O)(=O)c3ccc(c1ccnc2[nH]ccc12)cc3
dude_rock1__L005275,C5CCN(c3ncc(c1ccnc2[nH]ccc12)nc3N4CCCNCC4)C5
dude_rock1__L005276,Cc1cc(c(o1)C)c2cc(c3c(noc3n2)C)C(=O)NNC(=O)C45CC6CC(C4)CC(C6)C5
dude_rock1__L005277,Cc1[nH+]ccn1CCOC(=O)c2cc(c(c(c2)Cl)Cl)N
dude_rock1__L005278,Cc1cc(c(n1[C@@H]2C(=C([C@@H](S2)C)C)C(=O)[O-])C)/C=C(\C#N)/C(=O)NCCc3c[nH]c4c3cccc4
dude_rock1__L005279,C[C@H](C(=O)NC1CCCCC1)S[C@@H]2NN=C(O2)C3=c4ccccc4=[NH+]C3
dude_rock1__L005280,CC1(CCCC([NH+]1/P=P/[NH+]2C(CCCC2(C)C)(C)C)(C)C)C
dude_rock1__L005281,C[C@@H]1CCc2c(sc3c2C(=N[C@@H](N3)c4cccc(c4O)OC)O)C1
dude_rock1__L005282,c1cc(c(cc1c2ccc(o2)/C=N/NC(=O)Cc3csc(n3)N)Cl)Cl
dude_rock1__L005283,c1ccc(c(c1)C(=O)NNc2c(c(ncn2)NCCCn3cc[nH+]c3)N)F
dude_rock1__L005284,CC[NH+]1CCN(CC1)[C@H](C[NH3+])c2cc(c(c(c2)OC)[O-])[N+](=O)[O-]
dude_rock1__L005285,CCn1c(c(c(n1)C)[C@H](C)Nc2ccc(=O)n(c2)C)C
dude_rock1__L005286,c1ccc(cc1)[C@@]2([C@H]3[C@@H]([C@@H]([NH2+]2)c4ccccc4O)C(=O)N(C3=O)c5cccc(c5)[N+](=O)[O-])C(=O)[O-]
dude_rock1__L005287,CCC(C)(C)[C@H]1CC[C@H]([C@@H](C1)[NH+]2CCC(CC2)OC)C[NH3+]
dude_rock1__L005288,Cc1csc(=O)n1CC(=O)NCc2nc(no2)c3cccs3
dude_rock1__L005289,CC(C)[C@H](CNC(=O)NNC(=O)c1ccccc1OC)[NH+]2CCCCCC2
dude_rock1__L005290,c1ccc(cc1)[C@H](c2ccco2)NC(=O)NC[C@]3(CCCc4c3cccc4)O
dude_rock1__L005291,CCC(=O)Nc1ccc(cc1)[C@@H](C)[NH2+][C@H](C)C(=O)Nc2ccc(cc2)[N+](=O)[O-]
dude_rock1__L005292,COc1ccc(cc1N2C(=O)c3cccc(c3C2=O)N)Cl
dude_rock1__L005293,CC1=N[C@@](C(=O)N1Cc2ccco2)(C(F)(F)F)NC(=O)c3cccnc3
dude_rock1__L005294,c1cc(c(c2c1C(=O)/C(=C/c3cc(cc4c3OCOC4)Br)/O2)C[NH+]5CCCCC5)O
dude_rock1__L005295,CC1([C@H]([C@H]([NH2+][C@H]([C@H]1[N+](=O)[O-])c2ccccc2Cl)c3ccccc3Cl)[N+](=O)[O-])C
dude_rock1__L005296,C1CC[C@@H]2[C@@H](C1)N(CCO2)[C@@]3(CCS(=O)(=O)C3)C[NH3+]
dude_rock1__L005297,CC[C@H]1CC[C@@H]([C@@H](C1)Cc2ccc(cc2Cl)[N+](=O)[O-])[NH3+]
dude_rock1__L005298,CC1(CC[NH+](CC1)CCC(=O)NC(=O)N)N(C)C(=O)OC(C)(C)C
dude_rock1__L005299,c1cc(oc1)/C=C/2\C(=O)N(C(=S)S2)CC(=O)Nc3ccc(c(c3)C(=O)[O-])O
dude_rock1__L005300,CCOc1ccccc1/[NH+]=c\2/c(cc3ccc(cc3o2)O)C(=O)N
dude_rock1__L005301,CC[NH2+]C[C@@H](c1ccccc1)[NH+]2CCC3(CCCC3)CC2
dude_rock1__L005302,CC1(CC(CC([NH2+]1)(C)C)Nc2cc(nc(n2)N)Cl)C
dude_rock1__L005303,CCCCc1[nH]c(c(n1)[C@@H]2[NH+]=c3ccc(cc3=[NH+]2)C(=O)[O-])Cl
dude_rock1__L005304,c1c(cc(cc1Cl)Cl)Oc2cc3c(cc2N)OCC(=O)N3
dude_rock1__L005305,c1ccc2=[NH+]CC(=c2c1)CCNC(=O)CNC(=O)N3CC[C@H]4[C@H](C3)N=C5[C@@H]4C=CC=C5
dude_rock1__L005306,C[NH+](C)C1CCN(CC1)C(=O)[C@H]2CCCC[C@H]2C(=O)[O-]
dude_rock1__L005307,C[C@@H](C(=O)NCC(=O)OC)[NH+]1CCC(CC1)NC(=O)NC2CCCCC2
dude_rock1__L005308,Cc1cnccc1c2[nH]c3c(n2)C(=O)NCC(C3)(C)C
dude_rock1__L005309,C[C@@H]1CC[C@@H]([C@@H](C1)[NH2+][C@@]2(CCS(=O)(=O)C2)C)C(C)C
dude_rock1__L005310,C[C@H](C(=O)NC(=O)NC)[NH2+]CCc1ccc(cc1)[N+](=O)[O-]
dude_rock1__L005311,Cc1cc([nH+]c(c1C(=S)N)NC[C@H]2CCCCO2)C
dude_rock1__L005312,COc1cc(c(c2c1nc(cc2NN)C(F)(F)F)OC)Cl
dude_rock1__L005313,Cc1c(ccc2n1c(c([nH+]2)c3ccc(c(c3)OC)OC)C)N
dude_rock1__L005314,COc1cc(ccc1O)[C@H]2c3c([nH]c(=O)s3)SC4=C2C(=O)c5ccccc5C4=O
dude_rock1__L005315,CC(C)(C)NC(=O)NC(=O)C[NH+](CC(=O)NC(=O)NC(C)(C)C)C1CCCC1
dude_rock1__L005316,C[NH+]1CCC(CC1)N(C)c2c(c(ncn2)Nc3ccc(cc3Cl)Cl)N
dude_rock1__L005317,Cc1ccc(cc1Oc2ccc(cc2C[NH3+])F)[N+](=O)[O-]
dude_rock1__L005318,Cc1ccc(c(c1)[N-]S(=O)(=O)c2ccc(c(c2)C(=O)NCCNC(=O)C)Cl)Br
dude_rock1__L005319,CC[NH2+][C@@H](C)c1ccc(c(c1)Cl)Oc2ccc(cc2)C#N
dude_rock1__L005320,Cc1cc(nc(n1)n2c(=O)c3c(=O)cc([nH]c3[nH]2)CSc4nc5ccccc5s4)C
dude_rock1__L005321,Cc1cccc(c1O)/C=N/NC(=O)c2ccoc2C
dude_rock1__L005322,CC[C@H](C)Sc1nnc(s1)NC(=O)CSc2nnc(n2N)N/N=C/c3ccc(cc3)C(=O)OC
dude_rock1__L005323,C[C@@H](C[NH+](C)Cc1ccc(cc1Br)F)/C(=N/O)/N
dude_rock1__L005324,C/C(=N\NC(=O)c1ccc(o1)Br)/c2cccc(c2)N
dude_rock1__L005325,Cc1ccc(c(c1F)C(=O)N2C[C@H](C3(C2)CC[NH2+]CC3)C(=O)NCCCC[NH+](C)C)F
dude_rock1__L005326,CC(C)(C)n1c(nnn1)[C@H](c2cc3cc(c(cc3[nH]c2=O)OC)OC)[NH+]4CCN(CC4)c5ccc(cc5)O
dude_rock1__L005327,C[NH+](C)[C@H](CNC(=O)NNC(=O)Cc1ccccc1OC)c2ccsc2
dude_rock1__L005328,CC[C@@H]1CC[C@H]([C@@H](C1)C[NH+]2CCCC[C@@H]2CCO)[NH2+]CC
dude_rock1__L005329,CCOC(=O)N1CCc2c(sc3c2C(=O)N[C@H](N3)c4cc5c(cc4Cl)OCO5)C1
dude_rock1__L005330,c1ccc(cc1)C[C@@H](C(=O)N2CCC3(CC2)c4c([nH]c[nH+]4)CCN3)NC(=O)c5ccc(cc5)Br
dude_rock1__L005331,CC[NH2+][C@H](C)c1nnc(o1)c2ccc(cc2C)Br
dude_rock1__L005332,CC1CC[NH+](CC1)[C@H](C)CNC(=O)[C@@H]2CS[C@@]3(N2C(=O)CC3)C
dude_rock1__L005333,CCN1C(=C([C@@H](NC1=O)c2cccc(c2OC)OC)C(=O)OCC)CN3CCN(CC3)C(=O)NC(C)C
dude_rock1__L005334,C[C@@H]1c2ccsc2CC[NH+]1CC(=O)NCCC3=CCCCC3
dude_rock1__L005335,Cc1ccc2=[NH+]CC(=c2c1)CCN3C[C@@H](CC3=O)C(=O)N[C@H]4NN[C@@H](S4)COC
dude_rock1__L005336,CC[NH+](C)CCNC(=O)NC[C@H](c1ccco1)[NH+](C)C
dude_rock1__L005337,CC[C@H](C)CNC(=O)[C@@H]1CSC2([NH2+]1)CCN(CC2)C(=O)N(C)C
dude_rock1__L005338,C4CC(Nc2ccc1[nH]ncc1c2)CN(Cc3ccsc3)C4
dude_rock1__L005339,C[NH+](Cc1ccc(cc1)Br)CC(=O)N2c3ccccc3NC(=O)C24CCCC4
dude_rock1__L005340,C[C@@H]1CN(CC(O1)(C)C)c2nc(c(s2)C[NH3+])C(C)(C)C
dude_rock1__L005341,C[NH+](C)c1ccccc1NCc2cccc(c2O)Br
dude_rock1__L005342,C[C@@H](CCc1ccc(cc1)O)NC(=O)N2CCN(CC2)c3cccc[nH+]3
dude_rock1__L005343,CCCC(=O)Nc1cccc(c1C)NC(=O)N2CCc3c(c4ccccc4[nH]3)C2
dude_rock1__L005344,Cc1ccc(cc1C)CNC(=O)[C@H]2CN(CC23CC[NH2+]CC3)C(=O)c4csc(c4OC)Cl
dude_rock1__L005345,COc1ccc(cc1C[NH2+]CCc2ccc(cc2)S(=O)(=O)N)Cl
dude_rock1__L005346,c1cc2c(cc1Br)[C@H](C(=O)N2)[NH2+][C@H]3CCC[C@@H](C3)O
dude_rock1__L005347,c1cc(ccc1[N-]S(=O)(=O)c2ccc(s2)c3nnc(o3)C4CCCC4)S(=O)(=O)N
dude_rock1__L005348,COc1cc(cc(c1O)Br)[C@H]2C(=C(C(=O)N2CCCO)[O-])C(=O)c3cc4ccccc4o3
dude_rock1__L005349,C[C@@H]1c2cc(c(cc2CC[NH+]1CC(=O)Nc3cc4c(cc3C(=O)C)OCO4)O)O
dude_rock1__L005350,CC1(CCCCC1)C(=O)N2C[C@@H](C3(C2)CC[NH2+]CC3)C(=O)NCCCC[NH+](C)C
dude_rock1__L005351,CCc1ccc2c(c1)[C@@H]([C@H](CO2)[NH+]3CCCC[C@@H]3CC)O
dude_rock1__L005352,c1cc\2c(c(c1)O[C@H]3CCCCNC3=O)CC/C2=N\O
dude_rock1__L005353,CC[C@H](C)n1c(nnn1)c2ccc(cc2N)Cl
dude_rock1__L005354,C[C@H]1CCC[C@](C1)(CNC(=O)N[C@H](C)c2cccc(c2)NC(=O)C)[NH+](C)C
dude_rock1__L005355,C1CN(CCC1N2CCNC2=O)C(=O)CNC(=O)C[NH3+]
dude_rock1__L005356,C[NH+](C)[C@H](CNC(=O)NCc1cc(c(c(c1)OC)O)OC)C2CCCCC2
dude_rock1__L005357,C[C@H](Cn1cc[nH+]c1)NC(=O)NNc2ccc(cc2Br)F
dude_rock1__L005358,CCNC(=O)C[NH+]1CCN(CC1)[C@H](C)C(=O)NC(=O)NCC
dude_rock1__L005359,CCOc1ccc2c(c1)c(c(o2)C(=O)N(C)CC(=O)N(CC(C)C)c3c(n(c(=O)[nH]c3=O)CC(C)C)N)C
dude_rock1__L005360,c1cc(ccc1/C=C/2\C(=O)N=C(S2)Nc3ccc(cc3)O)F
dude_rock1__L005361,Cc1ccccc1NC(=[NH2+])Nc2nc(cc(n2)O)CSc3nnc(s3)C
dude_rock1__L005362,CCc1cc(c(s1)NC(=O)c2ccco2)[C@@H](c3ccc(cc3)Cl)Nc4cc(cc[nH+]4)C
dude_rock1__L005363,Cc1cc(cc(c1)C(=O)N[C@H](CCSC)C(=O)N2CCC3(CC2)c4c(nc[nH]4)CC[NH2+]3)C
dude_rock1__L005364,CC[C@H](C)[NH+](C)CCNC(=O)NCc1ccc(cc1)[C@@]2(C(=O)NC(=O)N2)C
dude_rock1__L005365,Cc1ccc(cc1)[C@H]2C[NH2+]C[C@H]2CN(C(C)C)C(=O)C(C)C
dude_rock1__L005366,Cc1cc(ccc1OC)[C@@H](Cc2cn(c3c2cccc3)C)C[NH3+]
dude_rock1__L005367,CCCC[NH+]1Cc2cccc(c2C1)NC(=O)C(=O)NCc3cc(c(c(c3)C)O)C
dude_rock1__L005368,COc1cc(cc(c1OC)Cl)/C=C\2/C(=O)NC(=S)N2
dude_rock1__L005369,CCC[C@@H]1C[C@H]([NH+](C1)C)C(=O)N[C@H]([C@H]2[C@@H]([C@H]([C@@H]([C@@H](O2)SC)O)O)O)[C@@H](C)O
dude_rock1__L005370,CCOc1cccc2c1[C@@](CC(O2)(C)C)(C(=O)OC)[NH3+]
dude_rock1__L005371,CCC(=O)Nc1ccc2c(c1)[C@H]3C=CC[C@H]3[C@H](N2)c4cccc(c4O)OC
dude_rock1__L005372,c1ccc(c(c1)N2CC[NH+](CC2)CC(=O)N3C[C@@H](Oc4c3cccc4)C(=O)N)O
dude_rock1__L005373,C1CCC(CC1)[NH+](C[C@@H]2CCCC[NH2+]2)C3CCCCC3
dude_rock1__L005374,Cc1ccc(cc1C(=O)N[C@@H](C)c2ccccc2F)S(=O)(=O)N
dude_rock1__L005375,Cc1ccc(cc1)CS[C@H]2NN[C@H](N2N)[C@@H]3C=C(N=N3)c4ccc(cc4)C
dude_rock1__L005376,CSCC[C@@H](C(=O)N1CCC2(CC1)c3c([nH]c[nH+]3)CCN2)NC(=O)c4cccc(c4)F
dude_rock1__L005377,C[C@H]1CC(=O)Nc2ccccc2N1C(=O)C[NH+](CC(=O)N)C3CCCC3
dude_rock1__L005378,COC(=O)c1ccc(cc1)[C@H]2[C@]3(CC[NH2+]2)c4ccccc4NC3=O
dude_rock1__L005379,CC[NH2+][C@H](C)c1cc(ccc1Oc2ccc(cc2Br)C)F
dude_rock1__L005380,CC[C@H]1c2ccsc2CCN1C(=O)Nc3ccccc3SCC(=O)N
dude_rock1__L005381,Cc1c(noc1NS(=O)(=O)c2ccc(cc2)NC(=O)CSc3nnc(n3CC=C)c4ccco4)C
dude_rock1__L005382,CC(C)(C)c1nnnn1c2ccc(cc2N)F
dude_rock1__L005383,c1ccc2c(c1)[C@@]3(c4c(n[nH]c4OC(=C3C#N)N)c5ccc(cc5)F)C(=O)N2
dude_rock1__L005384,CCCN1C(=[NH2+])[C@H]([NH+]=C1C2CC2)c3ccc(c(c3)C)OC
dude_rock1__L005385,CNC(=O)Cc1ccccc1NC(=O)NC[C@@H](c2cccs2)[NH+]3CCCC3
dude_rock1__L005386,c1cc2=[NH+][C@@H]3CCCCC3=c2cc1CNC(=O)C[C@@H]4CCC(=O)N4
dude_rock1__L005387,COc4ccc(C3=NC(C)C(C(=O)Nc2ccc1[nH]ncc1c2)=C(C)N3)cc4
dude_rock1__L005388,CC(C)(C)c1nc(cs1)C[NH2+][C@H]2CCCC[C@@H]2C(F)(F)F
dude_rock1__L005389,c1ccc(c(c1)CSC(=[NH2+])Nc2ccc3c(c2)OCCO3)C#N
dude_rock1__L005390,CC(C)[C@H](C(=O)NC(=O)N)OC(=O)C1CCN(CC1)c2ccc(c[nH+]2)C(F)(F)F
dude_rock1__L005391,CCOc1ccccc1Nc2c(c(ncn2)Nc3cccc4c3ccc([nH+]4)C)N
dude_rock1__L005392,CC1(CC2=C([C@H](C(=C(O2)N)C#N)c3cc(c(c(c3)Br)OCC#C)OC)C(=O)C1)C
dude_rock1__L005393,CC(C)NC(=O)C[C@H]1[C@@H]([C@@H]([C@H](O1)Cn2cc(nn2)C[NH2+]C)O)O
dude_rock1__L005394,C[C@H](Cn1c2c(=O)[nH]c(=O)n(c2nc1NCC[NH+](C)C)C)O
dude_rock1__L005395,CCC1CCC(CC1)(C[NH3+])N(C)S(=O)(=O)C2CCOCC2
dude_rock1__L005396,CC[C@@H]1CCCN1c2nc(c(s2)C[NH2+]C(C)C)C(C)(C)C
dude_rock1__L005397,C[NH+](Cc1cc(sc1)Br)Cc2cc(ccc2NN)[N+](=O)[O-]
dude_rock1__L005398,C[NH+]1CCC[C@@H](C1)N(C)C(=O)[C@@H]2CCCC[C@@H]2C(=O)[O-]
dude_rock1__L005399,CCC(CC)c1c(nnn1c2cc(cc(c2)Cl)Cl)C[NH3+]
dude_rock1__L005400,Cc1ccc(cc1)N2C(=O)[C@H](C(=O)N=C2S)/C=N/[C@H]3CCCC[C@H]3[NH3+]
dude_rock1__L005401,CC(=O)N[C@H]1[C@H]([C@@H]2[C@@H](CO[C@@H](O2)c3ccccc3)O[C@@H]1O)OC(=O)C
dude_rock1__L005402,COc1cccc(c1)c2c3c([nH]n2)OC(=C([C@H]3c4cccc(c4Cl)Cl)C#N)N
dude_rock1__L005403,Cc1cc(sc1C(=O)NC[C@@H]2CCC[NH+]2CC3CCCCC3)S(=O)(=O)N
dude_rock1__L005404,CC(C)c1c(c2ncc(c(n2n1)N)C#N)c3ccc(cc3)F
dude_rock1__L005405,C[C@H](C(C)C)Nc1cc2c(cc1[N+](=O)[O-])CC(=O)N2
dude_rock1__L005406,c1cc(sc1C(=O)NNC(=O)c2cc(c[nH]2)Br)Cl
dude_rock1__L005407,CNC(=O)NC(=O)CS[C@H]1NN=C(N1C2CC2)C3=c4ccccc4=[NH+]C3
dude_rock1__L005408,c1cc(cc(c1)Br)Oc2c(cc3c(n2)CCC3)/C(=N\O)/N
dude_rock1__L005409,Cc1cc(c(o1)C)[C@@H](C)[NH2+]Cc2cc(ccc2O)Cl
dude_rock1__L005410,C[NH2+][C@@H](c1ccc(o1)Br)c2csc3c2cccc3
dude_rock1__L005411,C[C@@H](CNC(=O)[C@H]1CN(CC12CC[NH2+]CC2)C(=O)c3c(ccc(c3F)Cl)F)Oc4ccc(cc4)F
dude_rock1__L005412,CC(C)(C)OC(=O)NCCNC(=O)[C@H]1CN(CC12CC[NH2+]CC2)C(=O)c3c(cccc3F)F
dude_rock1__L005413,CC(=O)Nc1cc(ccc1OC)S(=O)(=O)Oc2cc(c(c3c2cccc3)O)C(=O)[O-]
dude_rock1__L005414,CCn3c(c1nonc1N)nc4c(c2cn[nH]c2)ncc(OCCCN)c34
dude_rock1__L005415,Cc1ccc(cc1N)NC(=O)[C@@H](C)SC2=N[C@@H]3C(=c4ccccc4=[NH+]3)N=N2
dude_rock1__L005416,c1cc2=[NH+][C@H]3CN(CCC3=c2cc1Cl)C(=O)NCCC(=O)N4CCC(CC4)C(=O)N
dude_rock1__L005417,c1ccc2=[NH+]/C(=N\S(=O)(=O)c3ccc(s3)Cl)/[C@@H]([NH+]=c2c1)Cl
dude_rock1__L005418,CCC[C@@H](C)C(=O)N1C[C@@H](C2(C1)CC[NH2+]CC2)C(=O)NCC3(CCCCC3)N4CCOCC4
dude_rock1__L005419,c1ccc(cc1)N2C(=O)/C(=C\NNC(=O)c3cc4ccccc4o3)/C(=NC2=S)[O-]
dude_rock1__L005420,C/C(=N\Nc1cn[nH]c(=O)c1Cl)/c2cccnc2
dude_rock1__L005421,c1c2c(cc(c1[N-]S(=O)(=O)c3cnc(s3)Cl)Br)[nH]c(=O)[nH]2
dude_rock1__L005422,Cc1ccc(c(c1C)S(=O)(=O)N2C[C@H](O[C@@H](C2)C)C)N
dude_rock1__L005423,Cc1cccc(c1)N2[C@@H](N=C([C@@H](C2=O)[C@@H]3[C@@H]4C(=c5ccccc5=[NH+]4)CCN3)O)O
dude_rock1__L005424,CCC1(CC[NH+](CC1)[C@H]2CCCCC[C@H]2C[NH3+])C
dude_rock1__L005425,Cc1ccc(s1)[C@H](C)Nc2ccc([nH+]c2)N3CCCCC3
dude_rock1__L005426,COc1ccc(cc1)[C@@H](CNC(=O)NC[C@H](c2ccco2)[NH+]3CCCCC3)O
dude_rock1__L005427,CC[NH2+][C@@H]1CCCCC[C@H]1C[NH+](CC)C2CCCC2
dude_rock1__L005428,C[C@@H]1COCCN1Cn2c(=S)[nH]c(n2)c3cccs3
dude_rock1__L005429,Cc1cc(c2c(c1)c(cc(=O)n2CC[C@@H]3CCCC[NH2+]3)C)C
dude_rock1__L005430,COc1cccc(c1O)[C@@H]2[C@@H]3CC=C[C@H]3c4cc(ccc4N2)S(=O)(=O)NC5CCCCC5
dude_rock1__L005431,CC[C@H](/C(=N/O)/N)C(=O)NCCC[NH+]1CCCC[C@@H]1C
dude_rock1__L005432,CC[NH+](CC)C1CCN(CC1)[C@H](C)C(=O)Nc2c(c3c(s2)CCC3)C(=O)N
dude_rock1__L005433,CC(=O)N/C(=N\C(=O)C)/NNC1=c2ccccc2=[NH+]C1=O
dude_rock1__L005434,Cc1ccc(cc1Cl)n2c(c(nn2)C[NH3+])C3CCCCC3
dude_rock1__L005435,CN(CC(=O)N1CCCC1)C(=O)c2ccc(s2)C#CC[NH3+]
dude_rock1__L005436,CCc1c([nH+]c2c(ccc(c2c1N)Br)OC)C
dude_rock1__L005437,CC[C@@H]([C@@H](c1ccsc1)N2CC(=O)Nc3c2cccc3)[NH3+]
dude_rock1__L005438,Cc1[nH+]ccn1C[C@H](C)CNC(=O)NNC(=O)CC2CCCCC2
dude_rock1__L005439,c1csc2c1c(nc(n2)C[NH+]3CCCC[C@H]3CCO)NN
dude_rock1__L005440,c1ccc2=[NH+]CC(=c2c1)C3=CCN(CC3)C(=O)C[C@@H](c4ccccc4Cl)NC(=O)N
dude_rock1__L005441,c1c2c(cc(c1NCC3CC3)[N+](=O)[O-])OCC(=O)N2
dude_rock1__L005442,CC(C)S(=O)(=O)c1cc(ccc1N2CCN[C@H](C2)F)O
dude_rock1__L005443,C[C@H](c1ccc(cc1Cl)Cl)NS(=O)(=O)c2ccc(s2)C[NH3+]
dude_rock1__L005444,CC[NH2+][C@H](c1ccoc1C)c2cc3c(cc2Cl)OCCO3
dude_rock1__L005445,C[C@H]1c2c(cc(cc2OC(=O)[C@H]1CC(=O)NCCC3=c4cc(ccc4=[NH+]C3)Cl)O)O
dude_rock1__L005446,C[C@@H]([C@@H](c1ccc(s1)Br)Sc2[nH]c(=O)cc(n2)N)[NH3+]
dude_rock1__L005447,c1cc(ccc1C(=O)N2C[C@@H](C3(C2)CC[NH2+]CC3)C(=O)NCCF)Cl
dude_rock1__L005448,CC[NH2+]C[C@@]1(CCS(=O)(=O)C1)[C@H]2CCS(=O)(=O)C2
dude_rock1__L005449,COc1cc2cc3c(c(sc3[nH+]c2cc1OC)C(=O)n4c5ccccc5oc4=O)N
dude_rock1__L005450,Cn1cc(cn1)C[NH+](C)[C@@H]2CC3(CC[C@@H]2O)OCCO3
dude_rock1__L005451,CC[NH2+][C@H](c1cc2c(cc1Cl)OCCO2)[C@@H]3COCCO3
dude_rock1__L005452,CC1(CC(CC([NH2+]1)(C)C)NC(=O)CN(C)S(=O)(=O)c2ccc(cc2)C#N)C
dude_rock1__L005453,c1ccc2c(c1)c(c[nH]2)CCCC(=O)N[C@H]3Nc4ccccc4S3
dude_rock1__L005454,CCCCCNC(=O)[C@H](C)Oc1c(cccc1Br)C[NH3+]
dude_rock1__L005455,Cc1ccc2=[NH+]C(=O)C3=C[C@H](SC3=c2c1)C(=O)NC[C@H]4CCCO4
dude_rock1__L005456,Cc1cc(c(c(c1)C)NC(=O)CSC2=C([C@H](C3=C(CCCC3=N2)[O-])c4ccc(c(c4)OC)O)C#N)C
dude_rock1__L005457,CC[C@H]([C@@H](c1ccc(s1)Cl)N2CC[C@@H](C2)[NH+](C)C)[NH3+]
dude_rock1__L005458,CCC(=O)N[C@@H](C(Cl)(Cl)Cl)[NH+]1C[C@H](O[C@@H](C1)C)C
dude_rock1__L005459,COc1cc(c(cc1OC)OC)[C@@H]2[C@@H]3C(=NN=C3OC(=C2C#N)N)c4ccccc4Cl
dude_rock1__L005460,Cc1c(c(sc1C(=O)N)NC(=O)CSc2nnc(n2C)c3ccc4c(c3)OCO4)C(=O)OC(C)C
dude_rock1__L005461,c1cc(ccc1/C=C/C(=O)[O-])S(=O)(=O)/N=c\2/[nH]c(cs2)c3ccc4c(c3)NC(=O)CO4
dude_rock1__L005462,CC1(C[C@@](CCO1)(Cc2ccccc2)[C@H](C[NH2+]Cc3ccc(cc3)O)CO)C
dude_rock1__L005463,CC[C@H](C)N1C(=O)[C@H]2[C@@H](N[C@@]3([C@@H]2C1=O)c4cc(ccc4NC3=O)Cl)CCC(=O)[O-]
dude_rock1__L005464,CCC[C@]1(CC[NH2+]C1)C(=O)N[C@H](C)c2ccc(s2)Cl
dude_rock1__L005465,C[C@@H]1C[C@H]([C@@H](C[NH+]1C)C)[NH2+][C@@H](C)c2ccccc2Br
dude_rock1__L005466,C[C@@H]1C(=C(N=N1)C)Sc2ccccc2NC(=O)[C@@H]3C=CC[NH2+]3
dude_rock1__L005467,CN(C)S(=O)(=O)c1cccc(c1)NS(=O)(=O)c2ccc(c(c2)C(=O)[O-])O
dude_rock1__L005468,C1CCC(CC1)C[NH+]2CCN(CC2)[C@@H]3CS(=O)(=O)C[C@@H]3O
dude_rock1__L005469,CCC[C@@H]1C[C@@H]([NH+](C1)C)C(=O)N[C@H]([C@H]2[C@H]([C@@H]([C@@H]([C@@H](O2)SC)O)O)O)[C@@H](C)O
dude_rock1__L005470,CCc1ccc(o1)c2nc3c(s2)[C@@H](CC(C3)(C)C)[NH2+]C
dude_rock1__L005471,c1cc(sc1)c2ccc3c(c2)C[C@H](C3)[NH2+]CC4=c5ccncc5=[NH+]C4
dude_rock1__L005472,CCCCN1C(=NNN1)CN2C(=O)[C@H](NC2=O)CC3=c4ccccc4=[NH+]C3
dude_rock1__L005473,CCCC1=NN2C(=[NH2+])/C(=C\c3cc(n(c3C)c4ccc(c(c4)C)C)C)/C(=O)N=C2S1
dude_rock1__L005474,C[C@H](c1ccc(cc1)Br)[NH2+]C[C@H](C(C)C)[NH+]2CCCC2
dude_rock1__L005475,CC[C@@H]([C@H](c1ccc(cc1)Br)Sc2[nH]c(=O)cc(n2)N)[NH3+]
dude_rock1__L005476,C[C@H](C(=O)NC(=O)N)[NH+]1CCN(CC1)S(=O)(=O)c2ccccc2
dude_rock1__L005477,c1c(cc(c(c1[C@@H]2NC(=[NH+]c3n2c4cc5c(cc4n3)OCCCO5)N)O)Cl)Cl
dude_rock1__L005478,CC(C)(C)c1csc(n1)CNc2c3ccccc3nc(n2)CC[NH3+]
dude_rock1__L005479,CN(C)C(=O)C[NH2+]CC(=O)N1CCc2c(ccs2)C1
dude_rock1__L005480,CC1([C@H]2CC[C@H](C2)[C@@]1(C)NC(=O)C[NH2+]C3CCCCC3)C
dude_rock1__L005481,Cn1cc(ccc1=O)NC(=O)Nc2nnc(s2)C3CC3
dude_rock1__L005482,CCn3c(c1nonc1N)nc4c(C#CC(C)(C)O)ncc(OC[C@@H]2CCCNC2)c34
dude_rock1__L005483,CC(C)[C@@H](/C(=N/O)/N)C(=O)N(C)Cc1cc(sc1)Br
dude_rock1__L005484,Cc1ccc(cc1)C2(CCCC2)c3nc(on3)C[NH+](Cc4cccnc4)C[C@@H]5CCC(=O)N5
dude_rock1__L005485,CC(C)CNC(=O)NNC(=O)c1csc(n1)c2ccc(cc2)[N+](=O)[O-]
dude_rock1__L005486,C[C@@H]1C[C@@H](C[NH+](C1)C(C)(C)CNC(=O)NNc2ncccn2)C
dude_rock1__L005487,C[C@](c1ccccc1)(c2[nH]c3c(n2)cc(cn3)Br)[NH3+]
dude_rock1__L005488,Cc1cc(c(s1)C)[C@H](C)NS(=O)(=O)c2ccc(s2)C[NH3+]
dude_rock1__L005489,CCC[C@@H]1CC[C@@H]([C@@H](C1)N2CCOCC2(C)C)[NH2+]CCC
dude_rock1__L005490,c1c(c(cc2c1OCO2)Br)/C=N\NO
dude_rock1__L005491,CN1[C@@H](C=C(N1)c2cccs2)C(=O)NCCC3=c4ccccc4=[NH+]C3
dude_rock1__L005492,c1cc(ccc1N2CC[NH+](CC2)CC(=O)Nc3c(c4c(s3)CCCC4)C(=O)N)[N+](=O)[O-]
dude_rock1__L005493,Cc1c(c(ns1)SCC(=O)N/[NH+]=C(/COc2ccc(cc2)F)\N)C#N
dude_rock1__L005494,C[C@H](C(=O)NNC(=O)NC[C@@H](c1ccco1)[NH+](C)C)Oc2ccccc2F
dude_rock1__L005495,C[C@@H](C12CC3CC(C1)CC(C3)C2)[NH2+]Cc4ccc(cc4)OCC(=O)N
dude_rock1__L005496,CC[NH2+][C@@H](C)c1c(nc(s1)N2CCC[C@@H]3[C@@H]2CCCC3)C
dude_rock1__L005497,CCCCN1[C@H]([C@H](C(=O)NC1=O)[C@@H]2c3cc(cc(c3OC4=NC(=O)N(C(=O)[C@@H]24)CCCC)OC)Cl)O
dude_rock1__L005498,Cc1cc(c(c(c1)C)NC(=O)CNC(=O)C[NH+]2C[C@H](C[C@@H](C2)C)C)C
dude_rock1__L005499,C[NH+](CCC(=O)NC(=O)N)Cc1ccc(cc1)[N+](=O)[O-]
dude_rock1__L005500,c1ccc(cc1)COc2c(cc(cc2Br)Br)/C=N/NC(=[NH2+])N
dude_rock1__L005501,CC(C)[C@H](C(=O)N1CCN(CC1)c2cccc[nH+]2)NC(=O)N
dude_rock1__L005502,COc1ccc2=[NH+]CC(=c2c1)CCNC(=O)CCN3[C@@H](Nc4ccccc4C3=O)O
dude_rock1__L005503,Cc1ccc(cc1)OCc2c(nnn2c3ccc(cc3)F)C[NH3+]
dude_rock1__L005504,CN(c1ccc(cc1)OC)c2c(n3ccsc3n2)C[NH3+]
dude_rock1__L005505,CC1(CC2=C([C@H](C(=C(N2c3cccc(c3)[N+](=O)[O-])N)C#N)c4ccc(s4)Br)C(=O)C1)C
dude_rock1__L005506,Cc1ccc(c(c1)[C@H](C)[NH2+][C@@H]2C[C@@H]([NH+](C[C@@H]2C)C)C)OC
dude_rock1__L005507,c1ccc2c(c1)[C@]3(c4c(n[nH]c4OC(=C3C#N)N)c5ccc(s5)Cl)C(=O)N2
dude_rock1__L005508,c1cc(c(cc1N)Cl)S(=O)(=O)/N=c\2/[nH]c(cs2)C3CC3
dude_rock1__L005509,C=CCN1c2ccccc2[C@H]([C@H](C1=O)C(=O)N[C@@H]3C(=c4ccccc4=[NH+]C3=O)O)O
dude_rock1__L005510,COCCCN1c2c(nc3ccccc3n2)[C@H]([C@@H]1[NH3+])c4[nH]c5ccccc5n4
dude_rock1__L005511,CN(Cc1cc(sc1)Br)c2c(cc3c([nH+]2)CCC3)C[NH3+]
dude_rock1__L005512,c1ccc(c(c1)[C@H]2[C@@H]3CC=C[C@H]3c4cccc(c4N2)[N+](=O)[O-])O
dude_rock1__L005513,CCCC(=O)N1CSC[C@@H]1C(=O)/N=C/2\NCCS2
dude_rock1__L005514,c1cc2c(cc1[C@H]([C@H]3CCC[NH2+]3)O)[nH]c(=O)o2
dude_rock1__L005515,CCC1CCC(CC1)(c2nc(no2)Cc3csc(n3)C)[NH3+]
dude_rock1__L005516,CC[NH+]1C[C@@H]2[C@H](C1)[C@](N[C@@H]2[C@H]3N=CCN3C)(CC4=c5ccccc5=[NH+]C4)CO
dude_rock1__L005517,C#CCN1c2ccccc2[C@@]3(C1=O)C(=C(N(C4=C3C(=O)CCC4)c5ccccc5Cl)N)C#N
dude_rock1__L005518,c1cc(ccc1C2=CC[NH+](CC2)CC(=O)NC(=O)Nc3ccc4c(c3)OCO4)O
dude_rock1__L005519,CC[C@H](C)NC(=O)c1c(c\2c(o1)CC(C/C2=N\NC(=S)N)(C)C)C
dude_rock1__L005520,CN1CCc2c1ccc(c2)[C@@H](CNC(=O)C(=O)Nc3ccccc3C#N)[NH+]4CCCC4
dude_rock1__L005521,c1ccc2=[NH+]C(=S)[C@@H](C=c2c1)/C=N\NC(=O)c3ccco3
dude_rock1__L005522,c1cc(ccc1c2csc3c2c(=O)[nH]c(n3)CSc4nc([nH]n4)N)Cl
dude_rock1__L005523,CC[C@@H](C)[NH+]1CCN(CC1)[C@@H](C[NH3+])c2cc(sc2C)C
dude_rock1__L005524,Cc1c(c(on1)C)CNc2ccccc2C(=O)N(C)C
dude_rock1__L005525,c1ccc2c(c1)c3c([nH]2)[C@H]([NH2+]CC3)c4c(=O)[nH]c(=O)n(c4O)c5ccccc5Cl
dude_rock1__L005526,Cc1cc(n(n1)C(C)C)C(=O)Nc2c(c3c(s2)C([NH2+]C(C3)(C)C)(C)C)C(=O)OC
dude_rock1__L005527,CCc1c(noc1N)c2cc(c(cc2[N+](=O)[O-])F)F
dude_rock1__L005528,Cc1ccc(c(c1)[C@@H](C)[NH2+][C@@H](C)C(=O)Nc2cccc(c2)C(=O)NC)OC
dude_rock1__L005529,C[C@]12CC[C@H](C1(C)C)C(=O)N(C2=O)C[C@@H](C[NH+]3CCCCC3)O
dude_rock1__L005530,Cc1ccc(c(c1)C[C@H](c2ccc3c(c2)[nH]c(=O)[nH]3)[NH3+])C
dude_rock1__L005531,c1cc(ccc1/C=C/C(=O)Nc2nc3c(s2)C[NH2+]C3)Cl
dude_rock1__L005532,Cc1cccc(c1S(=O)(=O)NC[C@H](CC(C)C)[NH3+])[N+](=O)[O-]
dude_rock1__L005533,CC[NH+](CC)[C@H](CNC(=O)NNC(=O)c1ccc(cc1)F)c2ccco2
dude_rock1__L005534,C[C@@H](CC(=O)N1CCC(CC1)[NH+]2CCC[C@@H]2C(=O)N)NC(=O)C3CCCCC3
dude_rock1__L005535,C[NH2+][C@@H](c1ccc2c(c1)CCCO2)c3ccc(cc3F)Br
dude_rock1__L005536,c1c[nH+]c(cc1CNC(=O)N2CCC(CC2)CO)N3CCOCC3
dude_rock1__L005537,CCOc1ccccc1N2[C@@H](N=C([C@@H](C2=O)[C@@H]3[C@@H]4C(=c5ccccc5=[NH+]4)CCN3)O)O
dude_rock1__L005538,CC(C)[NH+](CCNC(=O)NNc1c(c(c(c(c1F)F)F)F)F)C(C)C
dude_rock1__L005539,COc1c(cc(cc1Br)Cl)S(=O)(=O)N[C@@H]2CCCC[C@@H]2[NH3+]
dude_rock1__L005540,C[C@@H]1CCCC[C@@H]1[NH2+]C[C@@H](C(C)C)[NH+]2CCCC2
dude_rock1__L005541,Cc1[nH+]ccn1C[C@H](C)CNC(=O)C2CCC3(CC2)C(=O)NC(=O)N3
dude_rock1__L005542,C[C@H]1[NH+]=c2c(c(c3=[NH+]C(=NC(=O)c3c2O)COC)O)N1C
dude_rock1__L005543,CC[C@@H](C)[NH+](C)C[C@@H]1C[C@@H](CC[C@@H]1[NH3+])C(C)(C)C
dude_rock1__L005544,c1ccc(cc1)[C@H]2NN[C@H](O2)C3=NC=C(C3)S(=O)(=O)[N-]c4ccc(cc4F)Br
dude_rock1__L005545,C[C@H]1C[C@H]([C@@H](C[NH+]1C)C)Nc2ccc(cc2)S(=O)(=O)NC
dude_rock1__L005546,C[C@H]1CCC[C@@](C1)(c2[nH]c3cc4c(cc3n2)OCCO4)[NH3+]
dude_rock1__L005547,c1ccc(cc1)S(=O)(=O)C2=C(C(=O)N([C@@H]2c3ccc(cc3)Cl)c4ccc(cc4)C(=O)N)[O-]
dude_rock1__L005548,C[C@H](c1[nH]cc([nH+]1)c2ccccc2)NC(=O)Nc3nnc(s3)C4CC4
dude_rock1__L005549,CC[C@@H](C)[NH+]1CCN(CC1)[C@@H](C[NH3+])c2cc(cc(c2)C)C
dude_rock1__L005550,CCOc1ccc(cc1)C(=O)NCC(=O)N[C@@H](C)c2[nH]cc([nH+]2)c3ccccc3
dude_rock1__L005551,CC[C@@]1(C(=O)N(C(=O)N1)NC(=O)CN2CC[NH+](CC2)CC)C
dude_rock1__L005552,c1cc(ccc1/C=C(\C#N)/C(=O)Nc2nc(cs2)c3ccc(c(c3)O)O)O
dude_rock1__L005553,c1ccc(cc1)n2c(=O)c3c([nH]2)NC4=C([C@H]3c5ccc(cc5)OCC(=O)[O-])C(=O)CCC4
dude_rock1__L005554,c1cc(ccc1[C@H]2C=C(N=[NH+]2)/[NH+]=C/c3ccc(cc3Cl)Cl)Br
dude_rock1__L005555,Cc1c(c2c(=O)[nH]c(nc2s1)C[NH2+]Cc3ccco3)c4ccccc4
dude_rock1__L005556,CCOC(=O)c1c(cc(s1)NC(=O)C[NH+]2CCC(CC2)CC(=O)N)C
dude_rock1__L005557,CCc1ccc(cc1)c2nc([nH]n2)SCC3=Nc4nc(nn4C(=O)C3)N
dude_rock1__L005558,Cc1ccc2c(c1)[nH]cc2[C@H](C[NH+]3CCC4(CC3)C[C@H](c5ccc(cc5O4)OC)O)O
dude_rock1__L005559,c1ccc(cc1)/N=N/c2ccc(c(c2)/N=N/c3ccc(cc3)C(=[NH2+])N)O
dude_rock1__L005560,CC1(CC(=NO)[C@@H](C([NH2+]1)(C)C)[C@@H](c2cccc(c2)[N+](=O)[O-])O)C
dude_rock1__L005561,C[C@@H]1CCCC[NH+]1[C@@H](C)CNC(=O)NNc2ccc(nn2)n3cccn3
dude_rock1__L005562,C1CCC(CC1)C[NH+]2CCN(CC2)CC(=O)N[C@@H]3CCCCNC3=O
dude_rock1__L005563,C1CC2=C(CC[C@@]23CCC(=C3)CN4CC(=O)NC4=O)C(=O)C1
dude_rock1__L005564,c1cc(ccc1CS/C(=[NH+]/C2CCCC2)/N)[N+](=O)[O-]
dude_rock1__L005565,C[C@@H](CNC(=O)NC[C@H](c1ccc(c(c1)F)F)O)[NH+]2CCc3ccccc3C2
dude_rock1__L005566,Cc1cc(c(c(c1)C)NC(=O)NC2=c3ccccc3=[NH+]C2)C
dude_rock1__L005567,CC1(CC2=C3C(=NC(=O)N(C3=O)CC(=O)NCCC[NH3+])S[C@H]2CO1)C
dude_rock1__L005568,CC[C@]1(C(=O)N(C(=O)N1)NC(=O)C[NH+](C)CC(=O)N)C
dude_rock1__L005569,CCC[C@@H]1C[C@H]([NH+](C1)C)C(=O)N[C@H]([C@@H]2[C@@H]([C@H]([C@@H]([C@@H](O2)SC)O)O)O)[C@@H](C)O
dude_rock1__L005570,C[C@@H]([C@@H](c1ccc(cc1)Br)[NH+]2CCCCC2)[NH3+]
dude_rock1__L005571,COc1ccccc1C(=O)N2C[C@@H](C3(C2)CC[NH2+]CC3)C(=O)NCCOCCO
dude_rock1__L005572,C[C@H](C(=O)NC(=O)NC(C)C)[NH+]1CCC(CC1)C(=O)NC2CCCCC2
dude_rock1__L005573,Cc1ccc(c(c1)C)NC(=O)c2c(n(nn2)Cc3cccc(c3)Br)N
dude_rock1__L005574,CN\1CCC/C1=C/2\C(=NN(C2=O)c3ccccc3)N
dude_rock1__L005575,C[C@H](C(=O)NC1[C@@H]2CCC[C@H]1C[NH+](C2)C3CC3)NC(=O)C4CCCC4
dude_rock1__L005576,Cc1cccc(n1)Nc2c(c(ncn2)Nc3cccc4c3nc(cc4)C)N
dude_rock1__L005577,CCC[C@H]1CC[C@H]([C@@H](C1)CN(C)c2ccc(cc2)O)[NH2+]C
dude_rock1__L005578,Cn1cc[nH+]c1CN(C2CC2)C(=O)C[C@H]3C(=O)Nc4ccccc4S3
dude_rock1__L005579,C[NH+]1CCN(CC1)CCNC(=O)[C@H]2C=NN=C2C3CC[NH2+]CC3
dude_rock1__L005580,CC(C)(C[NH3+])Nc1cc2c(cc1[N+](=O)[O-])OCC(=O)N2
dude_rock1__L005581,c1cc(c(cc1O)O)/C=N/NC2=N[C@H]3C(=c4cc(ccc4=[NH+]3)Br)N=[NH+]2
dude_rock1__L005582,Cn1c(c2c(nc(nc2n1)NCC[NH+]3CCCCC3)c4ccc(cc4)Cl)N
dude_rock1__L005583,CC(C)OCc1ccc(o1)C(=O)NNC(=O)c2c[nH+]c3ccccc3c2N
dude_rock1__L005584,c1cc(ccc1C(=O)c2c(c3c(s2)NC(=[NH2+])[C@H](C34CCCCC4)C#N)N)Br
dude_rock1__L005585,COc5ccc4CN[C@@H](C(=O)Nc2ccc(c1cn[nH]c1)cc2OCC3CCN(C)CC3)Cc4c5
dude_rock1__L005586,Cc1c[nH+]c(c(c1OC)C)CN2CC[NH+](CC2)[C@@H](c3c[nH]c4c3ccc(c4)Cl)C(=O)[O-]
dude_rock1__L005587,Cc1cccc(c1)OCC[NH2+][C@H](C)c2ccccc2O
dude_rock1__L005588,c1ccc2=[NH+]CC(=c2c1)/C=C(\C#N)/C(=O)N[C@H]3NN[C@@H](S3)C(F)(F)F
dude_rock1__L005589,c1ccc2c(c1)c3c(c(=O)o2)[C@H](C(=C(O3)N)C#N)c4cc(ccc4OC(F)F)Br
dude_rock1__L005590,Cc1ccc(c(c1)NC(=O)COC(=O)c2cc(ccc2N)Br)C
dude_rock1__L005591,CCC[NH+](CCC)Cc1c([nH]c2cc(cc(c2c1=O)C)C)C
dude_rock1__L005592,c1ccc2c(c1)ccc3c2[C@@H]4[C@@H](CO3)CON4C(=O)N
dude_rock1__L005593,CCOC(=O)[C@H]1[C@H]([C@@H](S[C@@H]1NC(=O)CSC2=N[C@@H]3C(=c4ccccc4=[NH+]3)N=N2)C(=O)OCC)C
dude_rock1__L005594,c1c(cc(c(c1CCC[NH3+])O)[N+](=O)[O-])I
dude_rock1__L005595,c1cc(c(cc1Cl)OC[C@H](CSc2nnc(s2)N)O)Cl
dude_rock1__L005596,c1cc(cc(c1)Cl)OCC(=O)Nc2nc3c(s2)C[NH2+]CC3
dude_rock1__L005597,C[C@@H](C(=O)N1CCC2(CC1)c3c([nH]c[nH+]3)CCN2)NC(=O)c4cccc(c4)F
dude_rock1__L005598,CCc1cc2c(cc(=O)oc2cc1O)CNc3cccc(c3)NC(=O)C(C)(C)C
dude_rock1__L005599,c1ccc(cc1)C(=O)NCCCC[C@H](C(=O)N/N=C/c2ccc(o2)c3ccc(cc3)[N+](=O)[O-])[NH+]4CCCCC4
dude_rock1__L005600,CCCCn1c(cc(c(c1=O)C[NH3+])C)c2ccc(cc2)C
dude_rock1__L005601,CC[C@@H](c1nnnn1C[C@@H]2CCCO2)[NH+](Cc3cc4cc5c(cc4[nH]c3=O)OCO5)C6CCCCC6
dude_rock1__L005602,COc1cc(ccc1S(=O)(=O)N[C@H]2C[C@@H]2[NH3+])[N+](=O)[O-]
dude_rock1__L005603,Cc1ccc(cc1)C(=O)N2C[C@@H](C3(C2)CC[NH2+]CC3)C(=O)NCCc4c[nH]c5c4cccc5C
dude_rock1__L005604,C[C@@H](c1ccc(cc1)N2CCN(CC2)S(=O)(=O)C)O
dude_rock1__L005605,c1cc2c(cc1N3C(=O)[C@@H]4[C@@H]5CCC[NH+]5[C@@]6([C@@H]4C3=O)c7cc(ccc7NC6=O)Br)OCO2
dude_rock1__L005606,c1cc2c(cc1C3=N[C@H]([NH2+][C@@H](C3)c4cc(ccc4O)Cl)c5ccc(cc5Cl)Cl)OCO2
dude_rock1__L005607,CC[C@@H](C)NC(=O)CSc1nc2c(c([nH]n2)C)c(=[NH2+])n1c3ccc(c(c3)Cl)C
dude_rock1__L005608,CC1CCC(CC1)N2C[C@H](CC2=O)C(=O)N3CCC[C@H](C3)O
dude_rock1__L005609,CCOc1ccccc1N2C(=O)/C(=C/N[C@@H]3CCCC[C@H]3[NH3+])/C(=O)NC2=O
dude_rock1__L005610,Cn1c2c(c(=O)n(c1=O)C)n(c(n2)NCc3ccco3)C[C@@H](C[NH+](Cc4ccccc4)Cc5ccccc5)O
dude_rock1__L005611,CC[NH2+][C@@H]1CCN(C1=O)c2cc(ccc2OC)Br
dude_rock1__L005612,Cc1cc(c(c(n1)N)C#N)c2ccc(cc2)[N+](=O)[O-]
dude_rock1__L005613,c1cc(c(cc1c2ccc(o2)/C=C/3\C(=O)N(C(=S)S3)[C@H](CCC(=O)N)C(=O)[O-])Cl)Cl
dude_rock1__L005614,CCc1cccc2=C(C[NH+]=c12)C(=O)C(=O)N[C@H]3[C@H]([C@@H]4CCCC[C@@H]4S3)C(=O)N
dude_rock1__L005615,c1ccc(c(c1)OC[C@@H](C[NH2+]C2(CCCCC2)CO)O)Cl
dude_rock1__L005616,c1c(c(sc1Cl)Cl)S(=O)(=O)N[C@H]2CCCC[C@H]2[NH3+]
dude_rock1__L005617,CCC(CC)(CNC(=O)NNC(=O)[C@H]1CCS(=O)(=O)C1)[NH+](C)C
dude_rock1__L005618,CC[C@@H]1CC[C@H]([C@@H](C1)C[NH+]2CCCCCC2)[NH2+]CC
dude_rock1__L005619,C[C@H]1CCC[C@@](C1)(CNC(=O)NNC(=O)c2cccc(c2)[N+](=O)[O-])[NH+](C)C
dude_rock1__L005620,COc1ccc(cc1O)[C@@H]2[C@@H]3CC=C[C@H]3c4cc(ccc4N2)S(=O)(=O)NC5CCCCC5
dude_rock1__L005621,c1cc(cc(c1)S(=O)(=O)N[C@@H]2CCCC[C@@H]2O)C#N
dude_rock1__L005622,CC1(CC(CC([NH2+]1)(C)C)NC(=O)Nc2cccc(c2)N3CCCS3(=O)=O)C
dude_rock1__L005623,c1cc(ccc1CCNC(=O)c2cc3c(s2)CCCCC3)S(=O)(=O)N
dude_rock1__L005624,CC[NH+]([C@H]1C[C@@H](CC[C@@H]1[NH2+]C)C(C)(C)C)C(C)C
dude_rock1__L005625,C1CC[NH2+][C@@H](C1)C(=O)N2CCCC[C@H]2C(=O)N
dude_rock1__L005626,Cc1ccc(cc1)c2c(n3c(csc3n2)c4ccco4)CC[NH3+]
dude_rock1__L005627,C[C@@H]1CCC[C@H]([C@@H]1C)NC(=O)NC(=O)CSc2nc3cc(ccc3c(=O)n2CC=C)C(=O)[O-]
dude_rock1__L005628,c1cc(c(c(c1)Cl)[C@H](c2ccc3c(c2)oc(=O)[nH]3)[NH3+])F
dude_rock1__L005629,c1ccc(cc1)NCc2[nH]c(c[nH+]2)c3ccc(s3)Br
dude_rock1__L005630,c1cc(ccc1C(=O)NNC(=O)Nc2ccc([nH+]c2)N3CCCC3)n4cnnn4
dude_rock1__L005631,Cc1cc2c(n1c3cc(ccc3Cl)[N+](=O)[O-])CCC[C@@H]2[NH3+]
dude_rock1__L005632,C5CCN(c3ncc(c1ccnc2[nH]ccc12)nc3N4CCNCC4)C5
dude_rock1__L005633,c1cc2c(c(c1)O)N[C@@H]([C@@H]3[C@@H]2C=CC3)c4ccc(cc4)[N+](=O)[O-]
dude_rock1__L005634,Cc1ccc(cc1)C(=O)NC(=S)NNC(=O)c2cccc(c2)C
dude_rock1__L005635,CCCC1(CC[NH2+]CC1)C(=O)N2CCC[C@H]2C(=O)N(C)C
dude_rock1__L005636,CC[NH+](CC)CCn1cnc2c(c1=[NH2+])[C@@H](c3ccc(cc3O2)O)c4ccccc4Cl
dude_rock1__L005637,C[C@H]1C[C@H](c2ccccc2N1CCC(=O)NCC3CCCCC3)C(=O)N
dude_rock1__L005638,CCCC[C@H](C)C(=O)N1C[C@H](C2(C1)CC[NH2+]CC2)C(=O)NCc3cc(ccc3OC)OC
dude_rock1__L005639,C[C@H](c1cccs1)[NH2+]CC(=O)Nc2c(c3c(s2)CCC3)C#N
dude_rock1__L005640,CCCN(Cc1ccc(c(c1)Cl)O)C2C[C@H]3CC[C@@H](C2)[NH2+]3
dude_rock1__L005641,Cc1cnc(cn1)C(=O)NC[C@H](C)[NH+]2CCc3c(ccs3)C2
dude_rock1__L005642,C[C@@H](CNC(=O)[C@@H]1CN(CC12CC[NH2+]CC2)C(=O)c3cccc(c3F)Cl)Oc4ccccc4
dude_rock1__L005643,CC[C@H]1CC[C@@H]([C@@H](C1)[NH+]2C[C@@H](CC[C@@H]2C)C(=O)N)C#N
dude_rock1__L005644,CCCC1(CC[NH2+]CC1)C[NH+](C)[C@H](C)c2ccccc2F
dude_rock1__L005645,c1cc2c(cc1NC(=O)C[C@H]3C(=O)N[C@@H]4CCCC[C@@H]4[NH2+]3)OCCO2
dude_rock1__L005646,c1ccc2c(c1)c(=O)[nH]c(n2)CCC(=O)NN3C(=O)C4(CCCCC4)NC3=O
dude_rock1__L005647,CC[C@@H](C)Oc1ccccc1[C@@H]2Nc3ccccc3C(=O)N2
dude_rock1__L005648,COc1ccc(cc1C(=O)Nc2cc(ccc2OC)N)Br
dude_rock1__L005649,Cc1ccc2c([nH+]1)cccc2Nc3c(c(ncn3)Nc4ccc(cc4)OC(F)(F)F)N
dude_rock1__L005650,C[NH+]1CCCN(CC1)C(=O)N[C@H](Cc2c[nH+]c[nH]2)C(=O)[O-]
dude_rock1__L005651,CSCC[C@@H](C(=O)N1CCCC[C@@H]1C(=O)N)[NH3+]
dude_rock1__L005652,CC(=O)N[C@H](CC1=c2ccccc2=[NH+]C1)C(=O)NC3CCCCC3
dude_rock1__L005653,C[NH+](C)CCN1CCN(CC1)c2ccc(cc2N)C(=O)N
dude_rock1__L005654,CC[NH+](CC)Cc1ccccc1NC(=O)NCCNc2ccccc2[N+](=O)[O-]
dude_rock1__L005655,CC[C@@H]([C@@H](C(F)(F)F)N1CCN(CC1)S(=O)(=O)C)[NH3+]
dude_rock1__L005656,CCCc1nnnn1c2ccc(cc2N)F
dude_rock1__L005657,C[C@@H]1C[C@H](C[NH+](C1)C[C@@H](C)NC(=O)NNC(=O)c2cn(c3c2cccc3)C)C
dude_rock1__L005658,CC(=O)N[C@H](CC1=c2ccccc2=[NH+]C1)C(=O)N3CCSCC3
dude_rock1__L005659,c1cc(ncc1S(=O)(=O)N)N[C@@H]2CC[NH2+]C3(C2)CCC3
dude_rock1__L005660,CC[C@@H]1CCCC[NH+]1Cc2c(nc3n2cc(cc3)N)c4ccc5c(c4)OCO5
dude_rock1__L005661,CC(=O)NNc1c2ccccc2nc(n1)Cl
dude_rock1__L005662,Cc1cc(c2c(c1)[C@@H](C(=O)N2)[NH2+]C3CCC(CC3)C)C
dude_rock1__L005663,C[C@@H]1CCC[C@@](C1)(C(=O)OC2CCCCCC2)[NH3+]
dude_rock1__L005664,CC[NH2+][C@H]1CCCc2c1sc(n2)c3ccc(c(c3)OC)O
dude_rock1__L005665,C[C@H]1C(=c2cc(ccc2=[NH+]1)C#N)CCNC(=O)[C@@]34C[NH2+]C[C@@H]3CN(C4)C
dude_rock1__L005666,c1cc(ccc1c2cnnn2c3nccs3)N
dude_rock1__L005667,CCc1ccc(cc1)C(=O)N2C[C@H](C3(C2)CC[NH2+]CC3)C(=O)N[C@@H](C(C)C)C(=O)NC(C)(C)C
dude_rock1__L005668,CCc1ccc(s1)[C@H](C)Nc2ccc([nH+]c2)N(C)C
dude_rock1__L005669,C[NH+](C)[C@@H](CNC(=O)NC[C@]1(CCCc2c1cccc2)O)c3ccc(cc3)OC
dude_rock1__L005670,CCOc1ccccc1OCC(=O)N/N=C/c2cc(c(c(c2O)Br)[O-])Br
dude_rock1__L005671,Cc1cc(no1)NC(=O)N[C@H]2C[C@H]3CC[C@@]2(C3(C)C)C
dude_rock1__L005672,C[C@H](C(=O)Nc1c(c2c(s1)CCC2)C#N)[NH+]3CCN(CC3)C(=O)C
dude_rock1__L005673,Cc1ccc2c(c1)c(c[nH]2)[C@@H](CN3CCN(CC3)c4cccc[nH+]4)O
dude_rock1__L005674,CC[C@@H](C)[NH2+]CC(=O)Nc1nnc(s1)SCC(=O)Nc2ccc(cc2)C
dude_rock1__L005675,C[C@H](CSC)C(=O)N1CCC[C@@H](C1)N2CCNC2=O
dude_rock1__L005676,C[C@@H]1C[C@H](C[NH+](C1)CCNC(=O)CSc2ccc(cc2[N+](=O)[O-])C(=O)N)C
dude_rock1__L005677,c1ccc(c(c1)c2nc(c(o2)NCCCn3cc[nH+]c3)S(=O)(=O)c4ccc5c(c4)OCCO5)[N+](=O)[O-]
dude_rock1__L005678,C[C@@H]1CCC[C@H]([C@@H]1C)NC(=O)NC(=O)CSc2nc3cc(ccc3c(=O)n2CCC(=O)[O-])Cl
dude_rock1__L005679,Cc1cc(ccc1OCc2ccc3c(c2)OCO3)C(=S)N
dude_rock1__L005680,COc1ccccc1[C@H](CNC(=O)CN2C(=O)[C@H]3CCCC[C@@H]3C2=O)[NH+]4CCCCC4
dude_rock1__L005681,c1cc2=[NH+][C@@H]([NH+]=c2cc1Cl)N3CCC(CC3)C(=O)NCCC4=CCCCC4
dude_rock1__L005682,CCOC1=C[C@H]2C[C@H]3CO[P@@](=O)(NN3C[C@@H]2C=C1OC)OCC
dude_rock1__L005683,c1cc(cc(c1)N)C(=O)/[NH+]=C/2\C=CC3=[NH+][C@@H]([N-]C3=C2)c4cccnc4
dude_rock1__L005684,C[C@@H](C(=O)NC(=O)N)N1CCN(CC1)c2ccc([nH+]c2)N
dude_rock1__L005685,c1cn(c[nH+]1)CCCNC(=O)[C@H]2CN(CC23CC[NH2+]CC3)C(=O)C4CCC4
dude_rock1__L005686,C[C@H](CCC[NH2+]C(C)(C)C)[NH+]1CCC[C@@H]1C2CCCC2
dude_rock1__L005687,CC(=O)N[C@H]1c2cc(c[nH+]c2N([C@@H]1C(=O)OC)CCc3c[nH]c4c3cccc4)NCc5ccco5
dude_rock1__L005688,C1CCC(CC1)NC(=O)NC2CCC3(CC2)OCCO3
dude_rock1__L005689,CC[NH+](CC)CCCNC(=O)[C@@]1(c2cc(ccc2NC(=O)N1c3ccc(c(c3)C)C)Br)O
dude_rock1__L005690,CC(C)C[C@@H]1NN[C@H](S1)NC(=O)[C@@H]2CC(=O)N(C2)CCC3=c4cc(ccc4=[NH+]C3)F
dude_rock1__L005691,COC(=O)c1ccc(c(c1)S(=O)(=O)[N-]c2c3ccccc3oc2C(=O)N)F
dude_rock1__L005692,C[C@H](CC#N)N(C)c1c2cc(ccc2[nH+]cc1N)Br
dude_rock1__L005693,CCC[C@@H]1O[C@H]2C[C@@H]3[C@@H]4CCC5=CC(=O)C=C[C@@]5([C@@H]4[C@@H](C[C@@]3([C@@]2(O1)C(=O)CO)C)O)C
dude_rock1__L005694,CCC[NH2+]Cc1cc(c(c(c1)C)O[C@@H]2CCCC[C@H]2O)C
dude_rock1__L005695,CCN1[C@@H]([C@H](CCC1=O)[NH3+])c2ccc(c(c2)OC(C)C)OC
dude_rock1__L005696,CC[NH+](Cc1c(ccs1)Br)C[C@@H](C)/C(=N/O)/N
dude_rock1__L005697,C[C@@H]1CC[C@H]([C@@H](C1)NC(=O)C[NH2+]CC2CC2)C(C)C
dude_rock1__L005698,Cc1cc(no1)CS(=O)(=O)[N-]c2c(cc(cc2Br)N)Br
dude_rock1__L005699,CC[C@](C)(C[NH3+])N(C)S(=O)(=O)c1cn(c(=O)n(c1=O)C)C
dude_rock1__L005700,CNC(C(=O)Nc2cc1cc[nH]c(=O)c1cc2Cl)c3ccccc3
dude_rock1__L005701,Cc1c\2c(oc1C(=O)N(C)C3CC[NH+](CC3)C)CCC/C2=N\NC(=S)Nc4ccccc4
dude_rock1__L005702,Cc1ccsc1C(=O)NNC(=O)N[C@H](C)Cc2ccsc2
dude_rock1__L005703,C[C@H](c1ccc(cc1F)F)[NH2+][C@@H](C)C(=O)c2c(n(c(=O)n(c2=O)C)C)N
dude_rock1__L005704,Cc1c(c([nH]n1)[O-])[C@H](c2ccc(c(c2)Br)OC)C3=C(N=N[C@@H]3O)C
dude_rock1__L005705,Cc1ccc2c(c1C)NC(=O)[C@]23[C@H]4[C@@H]([C@@H]([NH2+]3)CCC(=O)N)C(=O)N(C4=O)Cc5ccccc5Cl
dude_rock1__L005706,CCC[C@@H](C)NC(=O)[C@H]1CCCN(C1)C(=O)NCc2ccc([nH+]c2)N(C)C
dude_rock1__L005707,c1cc(ccc1NS(=O)(=O)c2ccc(c(c2)N)N3CCCC3)Cl
dude_rock1__L005708,CCOc1ccc(cc1C[NH+]2C[C@H]3C[C@@H](C2)c4cccc(=O)n4C3)/C=N/NC(=O)c5ccc(cc5)N
dude_rock1__L005709,COc1cc(c(cc1OC)OC)[C@@H]2[C@@H]3CCCC[C@@]3(CC[NH2+]2)O
dude_rock1__L005710,Cc1ccc(cc1C)N2[C@@H]([C@H](C(=O)NC2=O)[C@@H]3[C@@H]4C(=c5ccccc5=[NH+]4)CCN3)O
dude_rock1__L005711,C[C@@H](CNC(=O)[C@H]1CN(CC12CC[NH2+]CC2)C(=O)[C@@H](C)Oc3ccccc3)Oc4ccccc4
dude_rock1__L005712,c1cnc(nc1)NS(=O)(=O)c2ccc3c(c2)[C@@H]4[C@@H]5CC[C@@H](C5)[C@H]4[C@H](N3)c6ccc(cc6)C(=O)[O-]
dude_rock1__L005713,c1cc(cc(c1)Br)/C=N/NC2=NC(=S)N=[NH+]2
dude_rock1__L005714,c1ccc2c(c1)CC[C@@H](C(=O)N2)SCCC(=O)NCCC3=c4cc(ccc4=[NH+]C3)Cl
dude_rock1__L005715,Cn1cc(cc1C(=O)NC[C@@H]2COCCO2)Br
dude_rock1__L005716,c1cc(ccc1NC(=O)CCCCC[NH3+])n2cc[nH]c2=O
dude_rock1__L005717,c1ccc(c(c1)n2c(nnn2)c3ccc(cc3N)N)Br
dude_rock1__L005718,Cc1cc(cc(c1)NC(=O)C[NH+]2CCC(CC2)(C(=O)N)N3CCCCC3)C
dude_rock1__L005719,C[C@@H](CNc1[nH+]c2ccccc2n1CC(=O)Nc3ccccc3OC)O
dude_rock1__L005720,CCc1nc([nH]n1)SCC(=O)NCC[C@H]2[NH+]=c3ccc(c(c3=[NH+]2)C)C
dude_rock1__L005721,Cc1ccc(cc1)S(=O)(=O)Oc2ccccc2/C=N/NC(=O)[C@@H](CC(C)C)[NH3+]
dude_rock1__L005722,CCN(CC)C(=O)N1CCN(CC1)C(=O)[C@@H]2C[C@@H](C[NH2+]2)O
dude_rock1__L005723,[H]/N=C\1/C(=C\c2ccc(o2)c3ccc(cc3)C(=O)[O-])/C(=O)N=C4N1C(=CS4)c5ccccc5
dude_rock1__L005724,Cn1ccnc1CSc2nnc(n2N)c3ccco3
dude_rock1__L005725,Cc1cc(nc(n1)SCC2=[NH+]CCN2)[O-]
dude_rock1__L005726,c1cc(c(cc1F)Br)Nc2cc3c(cc2N)CCC(=O)N3
dude_rock1__L005727,C[C@H](CCCC(C)(C)O)NC(=O)[C@H]1CN(CC12CC[NH2+]CC2)C(=O)c3ccc(c(c3)F)C(F)(F)F
dude_rock1__L005728,CSCC(=O)Nc1ccc2n(c1=O)C[C@H]3C[C@@H]2C[NH2+]C3
dude_rock1__L005729,c1ccc(c(c1)CC(=O)NNC(=O)c2cccc3c2[nH]c4c3CCCC4)F
dude_rock1__L005730,C[NH2+][C@H](c1cc2c(cc1Cl)OCCCO2)C3CCOCC3
dude_rock1__L005731,Cc1ccc(c(c1)NC(=S)N/N=C/2\CC(Oc3c2cc(cc3)O)(C)C)C
dude_rock1__L005732,c1cc2=[NH+]CC(=c2cc1Cl)CCN3C[C@H](CC3=O)C(=O)N[C@@H]4NN[C@@H](S4)C(F)(F)F
dude_rock1__L005733,CC(C)NC(=O)N1CCN([C@H](C1)C(=O)N[C@H]2CCCNC2=O)C(=O)C[NH3+]
dude_rock1__L005734,CCC(CC)C(=O)N1C[C@@H](C2(C1)CC[NH2+]CC2)C(=O)NCCc3c[nH]c4c3cccc4
dude_rock1__L005735,Cc1cc2c(cc1C)n(cn2)Cc3ccc(cc3F)C(=[NH2+])N
dude_rock1__L005736,CC[C@H]1c2ccsc2CCN1CC(=O)N3CCNC3=O
dude_rock1__L005737,CC(=C)COc1c(cccc1OC)C[NH+]2CCNC(=O)[C@@H]2CC(=O)NN
dude_rock1__L005738,CCc1cc(c2cc(ccc2[nH+]1)OC(F)(F)F)N
dude_rock1__L005739,CC(C)(C)[NH2+][C@@H]1N=C(CS1)c2ccc3c(c2)oc(=O)[nH]3
dude_rock1__L005740,C[C@@H]1CCCC[C@H]1[NH+](C)C[C@@H](c2ccc3c(c2)OCO3)O
dude_rock1__L005741,Cc1c(cccc1NC(=O)NC[C@@H](c2ccco2)[NH+]3CCCCC3)C(=O)NC
dude_rock1__L005742,Cc1c(cc(cc1Cl)S(=O)(=O)N[C@@H]2CCC[C@@H]2[NH3+])[N+](=O)[O-]
dude_rock1__L005743,C[C@H]1CCCC[C@@]12C(=O)N(C(=O)N2)CC(=O)N[C@H](c3ccc4c(c3)OCCCO4)C(C)C
dude_rock1__L005744,c1cc2nc(cn2cc1Cl)CN3CCC[C@@H]3[C@@H]4CCC[NH2+]4
dude_rock1__L005745,C[NH+]1CCN(CC1)CCCNC(=O)[C@H]2CC(=O)N(C2)C3CCCCC3
dude_rock1__L005746,c1ccc(c(c1)NNC(=O)COc2ccc3c(c2)CCC(=O)N3)[N+](=O)[O-]
dude_rock1__L005747,c1ccc2=[NH+]CC(=c2c1)C3=NN[C@H](N3C[C@H]4CCCO4)SCC(=O)NC(=O)NC5CC5
dude_rock1__L005748,Cn1cc(ccc1=O)[N-]S(=O)(=O)c2c(cc(cc2Br)N)Br
dude_rock1__L005749,CC[C@@H](C)[C@@H](c1nc(no1)c2ccc3c(c2)OCO3)NC(=O)CCCCC[NH3+]
dude_rock1__L005750,Cc1ccc(c(c1)NC(=O)Nc2nnc(s2)C)C
dude_rock1__L005751,CCOC(=O)c1c2c(sc1NC(=O)C[NH+](CC(C)C)CC(=O)N)C[C@@H](CC2)C
dude_rock1__L005752,Cc1ccc(o1)c2c(c(on2)N)c3ccc4c(c3)OCO4
dude_rock1__L005753,CCC(C)(C)[C@@H]1CC[C@H]([C@@H](C1)[NH+](CC)CC(C)C)C[NH3+]
dude_rock1__L005754,CCOC(=O)c1c2c(sc1NC(=O)C[NH+](C)CC(=O)N)C[C@H](CC2)C
dude_rock1__L005755,c1cc2c(cc1/N=C\3/NC4(CCCC4)CS3)C(=O)NC2=O
dude_rock1__L005756,c1ccc(c(c1)[C@@H]2C[C@H]2NC(=O)N3CCC[C@@H](C3)CCC(=O)N)Cl
dude_rock1__L005757,CCOc1ccc(cc1)c2c(n3cc(ccc3n2)Cl)C[NH3+]
dude_rock1__L005758,CC(C)c1cc(nc(n1)c2ccc(c(c2)Br)OC)NN
dude_rock1__L005759,CC1=c2cc(ccc2=[NH+][C@H]1c3ccccc3F)CNC(=O)[C@H]4CCCN(C4)C(=O)N
dude_rock1__L005760,CC1CC[NH+](CC1)[C@H](C)CNC(=O)c2cc(cc(c2N)[N+](=O)[O-])F
dude_rock1__L005761,CC(C)(C)NC(=O)NC(=O)C[NH+](C)[C@@H]1CCCc2c1cccc2
dude_rock1__L005762,c1ccc(cc1)[C@]2(C[C@@]3(c4c([n+](on4)[O-])CCC3=[N+]2[O-])O)[NH3+]
dude_rock1__L005763,Cc1ccc(cc1Cl)n2c(c(nn2)C[NH3+])c3ccccc3F
dude_rock1__L005764,Cc1cc(cc2c1NC(=O)[C@@]23[C@H]4[C@@H]([C@@H]([NH2+]3)Cc5ccccc5)C(=O)N(C4=O)CCc6ccccc6)Cl
dude_rock1__L005765,CN1[C@@H](NN[C@@H]1CN2CCC3=c4ccccc4=[NH+][C@@H]3C2)CC5CC[NH2+]CC5
dude_rock1__L005766,C[C@H](c1nnc(n1c2ccc(cc2)F)SCc3nc(nc(n3)N)N)[NH+](C)C
dude_rock1__L005767,CCc1[nH]c(c([nH+]1)[C@@H]2[C@@H](NC[NH+]2CCCc3[n-]nnn3)c4ccccc4)C
dude_rock1__L005768,Cn1ccnc(c1=O)Oc2ccc(c(c2)Cl)N
dude_rock1__L005769,CN(c1ccc(cc1)OC)S(=O)(=O)c2ccc(s2)C[NH3+]
dude_rock1__L005770,CC[C@@]1(C(=O)N(C(=O)N1)C[C@@H](C[NH+]2CCc3ccccc3C2)O)C
dude_rock1__L005771,CC[C@@H](C)C(=O)NC[C@@H]1NN[C@@H]2N1CCN(CC2)C(=O)CCC3=c4ccccc4=[NH+]C3
dude_rock1__L005772,CCc1ccc(s1)C[NH2+][C@@H](C)c2ccc3c(c2)NC(=O)CO3
dude_rock1__L005773,c1nn(c(=S)s1)C[NH+]2CCC(CC2)N3CCNC3=O
dude_rock1__L005774,CCC[NH+](CC(=O)NC)CC(=O)N[C@H]1CCCCNC1=O
dude_rock1__L005775,CCC[C@@H]1C[C@H]([NH+](C1)C)C(=O)N[C@@H]([C@@H]2[C@@H]([C@@H]([C@H]([C@@H](O2)SC)O)O)O)[C@@H](C)O
dude_rock1__L005776,Cc1ccc(cc1)C(=O)N2C[C@@H](C3(C2)CC[NH2+]CC3)C(=O)NCCNC(=O)OC(C)(C)C
dude_rock1__L005777,COC(=O)Cc1c2c([nH]n1)OC(=C([C@@]23c4ccccc4N(C3=O)CC=C)C#N)N
dude_rock1__L005778,c1cc(ccc1CC[NH2+]C[C@H](C[NH+]2CCCC2)O)[N+](=O)[O-]
dude_rock1__L005779,CCOc1cc(ccc1OCC(=O)N)C[NH2+]C23CC4CC(C2)CC(C4)C3
dude_rock1__L005780,Cc1ccn2c(c1)nc(c2[C@@H](C)C[NH3+])c3ccc(cc3)[N+](=O)[O-]
dude_rock1__L005781,CN([C@@H]1C[NH2+]C[C@H]1O)S(=O)(=O)c2ccc(cc2)[N+](=O)[O-]
dude_rock1__L005782,C1CCC(C1)CNC(=O)NCC(=O)NCC2(CCCC2)[NH+]3CCSCC3
dude_rock1__L005783,Cc1cccc(c1OC[C@@H](CNC(=O)NCc2ccc([nH+]c2)N(C)C)O)C
dude_rock1__L005784,Cn1cc(c(=O)n(c1=O)C)S(=O)(=O)N[C@@H]2CCC[C@@H]2[NH3+]
dude_rock1__L005785,C[C@@H](c1ccc(cc1)Cl)[NH2+]CCN2C(=O)C(NC2=O)(C)C
dude_rock1__L005786,c1ccc(cc1)S(=O)(=O)C2=C(C(=O)N([C@H]2c3ccc(cc3)O)c4ccc(cc4)Cl)[O-]
dude_rock1__L005787,Cc1ccc(cc1C)CCNC(=O)[C@H]2CN(CC23CC[NH2+]CC3)C(=O)COc4cccc(c4)Cl
dude_rock1__L005788,c1ccc2=[NH+][C@H]\3C(=c2c1)CCC/C3=N\NC(=O)c4ccc(cc4)N
dude_rock1__L005789,C[C@H](C(=O)c1ccc(cc1)C(C)(C)C)Sc2nc(cc(n2)N)N
dude_rock1__L005790,CN1CC(=CN1)C(=O)NC[C@@H](c2cccs2)C3=c4ccccc4=[NH+]C3
dude_rock1__L005791,Cc1cc([nH+]c(c1C(=S)N)N2C[C@@H](C[C@@H](C2)C)C)C
dude_rock1__L005792,Cc1cccc2n1c(=O)cc(n2)CS/C(=[NH+]/C3CCCC3)/N
dude_rock1__L005793,CCC(CC)C(=O)N1C[C@H](C2(C1)CC[NH2+]CC2)C(=O)NCCC[NH+]3CCCC[C@@H]3C
dude_rock1__L005794,CN(Cc1ccc(s1)Cl)C(=O)c2c(ccc(n2)NN)Cl
dude_rock1__L005795,Cc1ccc(cc1)[C@@H]2NC(=N[C@@H]3N2C(=O)C=C(N3)C)NCCC4=c5ccccc5=[NH+]C4
dude_rock1__L005796,c1ccc2c(c1)nc(s2)c3cc4ccc(c(c4oc3=O)C[NH+](CCO)CCO)O
dude_rock1__L005797,C[NH+]1CCc2cc(c(cc2[C@H]1Cc3ccc(c(c3)O)OC)O)OC
dude_rock1__L005798,CC1=CC(N2c3c1cccc3[C@@]4(C2=O)c5c(c6ccccc6oc5=O)OC(=C4C#N)N)(C)C
dude_rock1__L005799,CC(C)c1c(n2c(csc2n1)c3ccccc3OC)CC[NH3+]
dude_rock1__L005800,CCC[C@]12C[NH+]3C[C@](C1=O)(CN(C2)[C@@]34c5ccccc5NC4=O)C
dude_rock1__L005801,Cn1cnc2c1c(=O)n(c(=O)n2C)C/C=N/NC(=[NH2+])N
dude_rock1__L005802,COc1ccccc1CN2C(=O)[C@@H]3[C@H]([NH2+][C@]4([C@@H]3C2=O)c5ccccc5NC4=O)Cc6c[nH]c7c6cccc7
dude_rock1__L005803,c1ccc2=[NH+]CC(=c2c1)CCNC(=O)CN3C(=O)N(NN3)c4cccs4
dude_rock1__L005804,c1ccc2c(c1)/C(=c/3\c(=O)n4c(s3)nc(n4)c5ccc(cc5)Cl)/C(=O)N2CC(=O)N
dude_rock1__L005805,CCC1CCC(CC1)[NH2+][C@@H]2CC(=O)N(C2=O)C3CCCC3
dude_rock1__L005806,C[C@H](Cn1cc[nH+]c1)NC(=O)NCCNc2c(cc(cn2)C(F)(F)F)Cl
dude_rock1__L005807,CN1CCC[C@@](C1=O)(C[NH2+]Cc2c[nH]nc2c3ccc(cc3)Cl)O
dude_rock1__L005808,C[C@H](c1nncn1C)NC(=O)c2cc(c(c(c2)F)F)F
dude_rock1__L005809,c1ccc2=[NH+]CC(=c2c1)CCNC(=O)CN3CCN(CC3)CC(=O)Nc4ccc(cc4)F
dude_rock1__L005810,CC[C@@H]1C/C(=N\N=C2CC([NH2+]C(C2)(C)C)(C)C)/CC([NH2+]1)(C)C
dude_rock1__L005811,CCNC(=O)[C@@H]1C[C@H](CN1S(=O)(=O)C[C@@]23CC[C@@H](C2(C)C)CC3=O)[NH3+]
dude_rock1__L005812,C[C@H]1CCCC[NH+]1[C@@H](C)CNC(=O)CNC(=O)CNC(=O)C
dude_rock1__L005813,Cc1cc(cc(c1O[C@H](C)C(=O)NNC(=O)[C@@H]2CC=CC[C@@H]2C(=O)[O-])C)Cl
dude_rock1__L005814,Cc1cc(=O)[nH]c(n1)n2c(cc(n2)c3ccco3)NC(=O)c4cccc(c4)Br
dude_rock1__L005815,C[NH+](Cc1ccc(nc1)NN)Cc2cc(cs2)Br
dude_rock1__L005816,c1ccc(cc1)C(=O)O[C@@H]2C[C@@H]3[C@H]([C@H]2CO)CC(=O)O3
dude_rock1__L005817,C[NH+](C)[C@H](CNC(=O)NNC(=O)COc1ccc(cc1)F)c2ccsc2
dude_rock1__L005818,c1ccc(cc1)CN2C(=O)/C(=C\3/C[C@@H](NN3)c4ccc(cc4)Br)/C(=O)N=C2[O-]
dude_rock1__L005819,CC[NH2+]CC(=O)/N=c/1\[nH]c(cn1c2cccc(c2)C)c3ccccc3
dude_rock1__L005820,C[C@H](C(=O)N1C[C@@H](C2(C1)CC[NH2+]CC2)C(=O)NCCc3ccc(c(c3)O)O)Oc4ccccc4
dude_rock1__L005821,CC[C@@H]1C(=O)Nc2cc(ccc2N1)C(=O)NC[C@@H]3CC[NH+](C3)C4CC4
dude_rock1__L005822,Cc1cc(n(n1)c2nc(c3c(n2)CCC3)C)N
dude_rock1__L005823,CCCN1CCC(CC1)[NH+]2C[C@@H](C[C@H]2C(=O)NC)[NH2+]C3C4CC5CC(C4)CC3C5
dude_rock1__L005824,CC1(CCCCC1)C(=O)N2C[C@H](C3(C2)CC[NH2+]CC3)C(=O)NCCOc4ccccc4Cl
dude_rock1__L005825,Cc1ccc(cc1C)c2c(nnn2c3ccc(cc3)F)C[NH3+]
dude_rock1__L005826,CNC(=O)c1c2c(n(n1)C)CC[C@@H](C2)[NH2+]C3CCCCCC3
dude_rock1__L005827,c1cc(c(cc1c2nnnn2C[C@H]3COCCO3)N)F
dude_rock1__L005828,CC[C@@H](c1ccccc1)C(=O)N2C[C@@H](C3(C2)CC[NH2+]CC3)C(=O)N[C@@H](C(C)C)C(=O)NC(C)(C)C
dude_rock1__L005829,C[NH+]1CCC(CC1)NS(=O)(=O)c2cc(ccc2N)[N+](=O)[O-]
dude_rock1__L005830,CC(C)OCc1ccc(cc1)C[NH2+][C@@H](c2ccc(cc2)F)C(=O)N
dude_rock1__L005831,CCN(C[C@H]1CCOC1)C(=O)c2cc(c(=O)[nH]c2)Cl
dude_rock1__L005832,Cc1c(cccc1[N+](=O)[O-])NCc2c([nH]nc2C)C
dude_rock1__L005833,C[C@@H](C(=O)[O-])Oc1ccc(cc1)/C=C\2/C(=O)N/C(=N\c3ccc(cc3)Br)/S2
dude_rock1__L005834,C1CCCN(CC1)S(=O)(=O)N[C@@H]2C[C@@H]2[NH3+]
dude_rock1__L005835,C1Cc2c(sc3c2C(=O)N(CN3)CC(=O)C4=[NH+]C=CC4)C1
dude_rock1__L005836,CC(C)[C@H](C(=O)NCc1ccccc1OC)NC(=O)[C@@H]2Cc3ccccc3C[NH2+]2
dude_rock1__L005837,Cc1cccc(c1)n2c(c(nn2)C[NH3+])c3ccc(cc3)Cl
dude_rock1__L005838,CC(C)(C)c1ccc(cc1)S(=O)(=O)N2CCC3(CC2)C(=[NH+]CCN3)NCc4ccc(cc4)Cl
dude_rock1__L005839,c1cc(c(c(c1)Br)O)C[NH2+]C2CCN(CC2)CC(=O)N
dude_rock1__L005840,Cn1c(c(c(=O)n(c1=O)C)Oc2ccc(cc2OC)/C=N/NC(=O)CSc3ccc(cc3)[N+](=O)[O-])N
dude_rock1__L005841,C[NH+]1CCc2c(sc(c2C(=O)N)NC(=O)c3ccc(s3)Br)C1
dude_rock1__L005842,C[C@@H]1CC[C@H]([C@@H](C1)[NH2+][C@@H]2CCCCNC2=O)C(C)C
dude_rock1__L005843,c1c(cc(cc1F)F)c2nc(on2)c3csc(n3)N
dude_rock1__L005844,C[C@@H](C(=O)NC(=O)NC)[NH+]1CCC(CC1)CNC(=O)OC(C)(C)C
dude_rock1__L005845,c1ccc(cc1)n2cc(c(n2)c3cccc(c3)[N+](=O)[O-])CSC(=[NH2+])N
dude_rock1__L005846,CC(C)[C@H](c1cccs1)NC(=O)COc2ccc(cc2C(=O)[O-])I
dude_rock1__L005847,c1cc2c(cc1Br)[C@H](C(=O)N2)[NH2+][C@H]3CCCC[C@@H]3O
dude_rock1__L005848,CC[C@@H](C)NC(=O)CSc1nc(c2c3c(sc2n1)C[C@H](CC3)C)N
dude_rock1__L005849,CC1=C(S[C@H](N1)N(C[C@@H]2CCCO2)C(=O)C)C(=O)NC3[NH+]=c4ccccc4=[NH+]3
dude_rock1__L005850,Cc1ccc(c(c1)[C@@H]2C(=C(O[C@H]3C2=C(N=N3)C)N)C#N)C
dude_rock1__L005851,C[C@H](C(=O)NC(=O)NC(C)C)[NH+]1CCC(CC1)[C@@H](c2ccc(cc2)Cl)O
dude_rock1__L005852,CC1(CCN(CC1)C(=O)N[C@@H]2CCCC[C@@H]2[NH3+])C(=O)[O-]
dude_rock1__L005853,CCOc1cc(ccc1OCc2ccccc2)[C@@H]3Nc4c(c5c(s4)C[NH+](CC5)C(C)C)C(=N3)O
dude_rock1__L005854,Cc1cc2c(c(=O)n1CC[NH+](C)C)[C@H](C(=C(O2)N)C#N)c3ccccc3OC
dude_rock1__L005855,COc1cc(ccc1O)[C@H]2[C@@H]3CC=C[C@H]3c4cc(ccc4N2)S(=O)(=O)NC5CCCCC5
dude_rock1__L005856,Cc1ccc(cc1)CNC(=O)C(=O)NC[C@H](c2ccco2)[NH+]3CCN(CC3)c4ccccc4F
dude_rock1__L005857,CC[C@@H](C)[NH+]1CCN(CC1)c2cc(ccc2C[NH3+])Br
dude_rock1__L005858,COc1ccccc1[C@@H](C[NH2+]CCc2c[nH]c3c2cccc3)O
dude_rock1__L005859,C[C@H](C(=O)N1CCOCC1)OC(=O)c2ccc3c(c2)NC(=O)CS3
dude_rock1__L005860,CC[C@@H](C)NC(=O)c1ccc2c(c1)[C@H]3C=CC[C@H]3[C@@H](N2)c4ccc(cc4)O
dude_rock1__L005861,c1ccc(cc1)NC(=O)N[C@H]2C[C@H]3C(=O)NC[C@H]([NH+]3C2)CCC(=O)N4CCOCC4
dude_rock1__L005862,Cc1cc(n(n1)CC(=O)NNC(=O)NC[C@@]2(CCC[C@@H](C2)C)[NH+](C)C)C
dude_rock1__L005863,C[C@H]1CC[C@@H](C[C@@H]1[NH3+])C(=O)N2CC[C@@H](C2)N3CCOCC3
dude_rock1__L005864,c1ccc2=[NH+]CC(=c2c1)/C=C(/C#N)\C(=O)NC3CCCCC3
dude_rock1__L005865,CC(=O)Nc1ccc(cc1)N2C[C@@]34C=C[C@@H](O3)[C@@H]([C@H]4C2=O)C(=O)NC5CC([NH2+]C(C5)(C)C)(C)C
dude_rock1__L005866,c1ccc2c(c1)c(c3ccccc3[nH+]2)NCC(=O)N[C@@H](CC4=c5ccccc5=[NH+]C4)C(=O)[O-]
dude_rock1__L005867,COc1ccccc1[C@H]2C[C@H](Nc3n2nc(n3)N)c4ccc(cc4)Br
dude_rock1__L005868,Cc1c(c(n(n1)C)Sc2nncs2)N
dude_rock1__L005869,Cc1c(cccc1C(=O)[O-])c2ccc(o2)/C=C/3\C(=O)NC(=S)N(C3=O)c4cccc(c4C)Cl
dude_rock1__L005870,CC[NH2+][C@H](c1ccc(o1)Br)c2c(c(c(c(c2C)C)C)C)C
dude_rock1__L005871,C[C@H](Cn1cc[nH+]c1)NC(=O)N[C@@H](C)c2ccc(s2)Cl
dude_rock1__L005872,C[NH+](C)[C@H]1CCCC[C@@H]1Oc2ccc(cc2N)[N+](=O)[O-]
dude_rock1__L005873,Cc1cc(ccc1NC(=O)CSc2nc(cc(n2)N)C)Br
dude_rock1__L005874,COc1cc(cc(c1OC)OC)[C@@H]2[C@H]3C(=NN=C3OC(=C2C#N)N)c4ccccc4Cl
dude_rock1__L005875,CCCNC(=O)NNC(=O)[C@@H]1C[C@H]1c2cccc(c2)Br
dude_rock1__L005876,C[C@@H](C(=O)NC(=O)N)[NH+]1CCN(CC1)S(=O)(=O)c2ccccc2
dude_rock1__L005877,C[C@@H]1C[C@H](CC(C1)(C)C)CC(=O)N[C@@H](C)c2ccc(cc2)S(=O)(=O)N
dude_rock1__L005878,C[C@H](C(=O)NC(=O)NC1CCCCC1)[NH+]2CCCCCCC2
dude_rock1__L005879,CC1CCC(CC1)(CNC(=O)Cn2c(nc(n2)C(F)(F)F)N)[NH+]3CCCCC3
dude_rock1__L005880,CCC[C@H](C)[NH2+]C[C@H](C)[NH+]1CCC2(CCCC2)CC1
dude_rock1__L005881,CC(C)[C@H]1[NH2+][C@H](N(N1)c2ccc3c(c2)OCO3)c4ccc(=O)[nH]n4
dude_rock1__L005882,CCCCC(=O)N1C[C@@H](C2(C1)CC[NH2+]CC2)C(=O)N[C@@H](C)c3[nH]c4cc(ccc4n3)C
dude_rock1__L005883,CC(C)[C@@H]1Cc2c(sc3c2c(nc(n3)c4ccccc4)NN)CO1
dude_rock1__L005884,COc1cccc(c1O)[C@@H]2[C@H]3CC=C[C@@H]3c4cc(ccc4N2)S(=O)(=O)NC5CCCCC5
dude_rock1__L005885,CCn3c(c1nonc1N)nc4c(c2ccoc2)ncc(OCCCN)c34
dude_rock1__L005886,C[C@@H](C(=O)N1CCOCC1)[NH+]2CCC(=CC2)c3c[nH]c4c3cccc4
dude_rock1__L005887,C[C@](CCCSc1nc2ccccc2o1)(C(=O)N)[NH3+]
dude_rock1__L005888,COc1ccc(cc1)S(=O)(=O)N2CCC(CC2)C(=O)NCCC3=c4ccccc4=[NH+]C3
dude_rock1__L005889,c1ccc(cc1)C(c2ccccc2)(C(=O)N/N=C/c3ccc(cc3)Oc4ccc(cc4[N+](=O)[O-])[N+](=O)[O-])O
dude_rock1__L005890,CCCCNC(=O)NC1(CCCCC1)C(=O)NC[C@H](c2ccco2)[NH+](C)C
dude_rock1__L005891,CC[NH+](CC)[C@@H](C)CNC(=O)NNC(=O)c1cc(n(c1C)c2ccccc2)C
dude_rock1__L005892,CC[NH+]1CCc2c(c(ncn2)N3CCc4c(sc(c4C#N)N)C3)C1
dude_rock1__L005893,COc1cccc(c1)N2CC[NH+](CC2)Cc3[nH]/c(=N/c4ccccc4OC)/nc(n3)N
dude_rock1__L005894,CCN1CCN(C(=O)C1=O)[C@@H](c2ccc(s2)C)[C@@H](C)[NH3+]
dude_rock1__L005895,CC(C)(C)[C@@H]1CCCC[C@@H]1[NH2+]C[C@@H]2CCC[NH+](C2)C
dude_rock1__L005896,Cc1ccc(c(c1)CSc2[nH]c(=O)c3c(n2)[nH]cn3)C
dude_rock1__L005897,Cc1cc(cc(c1O[C@@H](C)C[NH2+]C(C)C)Cl)Br
dude_rock1__L005898,C[C@H](C[NH2+]Cc1cc(c(c(c1)Br)OC[C@@H](c2ccc3c(c2)OCO3)O)OC)O
dude_rock1__L005899,CC1(CC(CC([NH2+]1)(C)C)NC(=O)[C@H]2NC(=NO2)C3=C[C@@H]4C(=CC=N4)C=C3)C
dude_rock1__L005900,C[C@@H](c1cc(ccc1OC)OC)[NH2+][C@H](C)C(=O)NC(=O)NCc2cccs2
dude_rock1__L005901,Cc1ccc(cc1)[C@H](CNC(=O)NNc2nc(cc(n2)C)C)[NH+](C)C
dude_rock1__L005902,CCOC(=O)c1c(nc(s1)NC(=O)CN2CC[NH+](CC2)C/C=C/c3ccccc3)C
dude_rock1__L005903,C1CCC(C1)[NH+]2CCC(CC2)CNC(=O)[C@@H]3CN(CC34CC[NH2+]CC4)C(=O)C5CCC5
dude_rock1__L005904,C[C@@]1(C(=O)NC(=O)N1)c2ccc(cc2)CNc3nc4ccc(cc4s3)[N+](=O)[O-]
dude_rock1__L005905,Cc1cc(c(c(c1)C)NC(=O)C[NH+](C)Cc2cc(=O)oc3c2cc(c(c3)O)O)C
dude_rock1__L005906,Cc1ccc2c3c(c(nc4c3oc5c4cccc5)c6c(cnc(c6O)C)CO)c(=O)oc2c1C
dude_rock1__L005907,C[C@H](c1cc2c(cc1NC(=O)C3=CNN4C3=[NH+][C@@H](C[C@@H]4C(F)(F)F)c5ccco5)OCO2)O
dude_rock1__L005908,Cc1ccc(c(c1)n2c(nnn2)c3ccc(c(c3)C)N)C
dude_rock1__L005909,CC[NH+]=c1c2ccccc2oc(c1NC(=O)Nc3ccc(cc3[N+](=O)[O-])C)O
dude_rock1__L005910,c1cc(ccc1[C@H]2C(=O)N(C(=O)N2)CC3CC[NH2+]CC3)Cl
dude_rock1__L005911,Cc1ccc(o1)[C@@H]([C@@H](C)[NH3+])Oc2ccc(c(c2)Cl)Cl
dude_rock1__L005912,C1CC[NH2+][C@H](C1)C(=O)N2CCC[C@H](C2)CNC(=O)N
dude_rock1__L005913,Cc1cc(c2c(c1)[C@]3([C@H]4[C@@H]([C@@H](N3)CCC(=O)[O-])C(=O)N(C4=O)CCc5ccccc5)C(=O)N2)C
dude_rock1__L005914,CCC[C@H](C)NC(=O)[C@H]1CCC[NH+](C1)[C@@H](C)C(=O)NC(=O)NC(C)(C)C
dude_rock1__L005915,CC(C)C(=O)NCC[NH2+][C@H]1CCCC[C@@H]1C(C)(C)C
dude_rock1__L005916,c1ccc(cc1)C\2=NN(C(=O)/C2=C/n3c(=O)cc([nH]c3=S)[O-])C(=O)c4ccccc4O
dude_rock1__L005917,C/C(=N\NC(=O)C1=C2CCC[C@@H]2N=N1)/c3ccccc3O
dude_rock1__L005918,Cc1c(c(n[nH]1)C)S(=O)(=O)N(CCO)[C@@H]2CCS(=O)(=O)C2
dude_rock1__L005919,C[NH+](C)CCN1CCN(CC1)[C@H]2CS(=O)(=O)C[C@@H]2O
dude_rock1__L005920,Cc1ccc2=[NH+][C@H]([NH+]=c2c1)/C(=C\c3ccc(c(c3)OC)OCC(=O)N)/C#N
dude_rock1__L005921,CCN(C)C(=O)CSc1nc(cc(n1)N)N
dude_rock1__L005922,c1cc(ccc1c2ccc(o2)/C=C/3\C(=[NH2+])N4C(=NC3=O)SC(=N4)N5CCCC5)Br
dude_rock1__L005923,CC(C)Cn1c(c(c(=O)[nH]c1=O)CN2CC[NH+](CC2)C)N
dude_rock1__L005924,CC1CCC2(CC1)C(=O)N(C(=O)N2)NC(=O)C[NH+]3CCC(CC3)CO
dude_rock1__L005925,CCCC[C@]12C[NH+]3C[C@](C1=O)(CN(C2)[C@H]3c4ccc(cc4O)O)C
dude_rock1__L005926,CCN(c1c(n(c(=O)[nH]c1=O)Cc2ccccc2)N)C(=O)C[NH+]3CCCCCCC3
dude_rock1__L005927,C1C[C@@H](C[C@H](C1)C(=O)N2CCC[C@@H](C2)C(=O)N)C[NH3+]
dude_rock1__L005928,c1cscc1c2nc(cs2)CC(=O)NNC(=O)NCCCn3cc[nH+]c3
dude_rock1__L005929,c1ccc(cc1)CN2c3ccccc3C4=C(S2(=O)=O)[C@@H](C(=C(O4)N)C#N)c5ccsc5
dude_rock1__L005930,Cc1ccccc1N2[C@H](N=C([C@H](C2=O)[C@@H]3[C@@H]4C(=c5cc(ccc5=[NH+]4)OC)CCN3)O)O
dude_rock1__L005931,Cc1ccc(o1)[C@H](C)N2C(=O)c3cccc(c3C2=O)N
dude_rock1__L005932,C[C@H](CNCc1[nH]c(=O)c2c(n1)ccs2)[NH+]3CCCCC3
dude_rock1__L005933,C[C@H](C(=O)Nc1cccc(c1)C(=O)C)S[C@H]2NN=C(O2)C3=c4ccccc4=[NH+]C3
dude_rock1__L005934,CCn1c2ccccc2n(c1=O)CC(=O)NCC(=O)N3CCCCC3
dude_rock1__L005935,CC[NH2+][C@@H](c1cc2c(c(c1)Cl)OCO2)c3nc(cs3)C
dude_rock1__L005936,CCOc1cc(ccc1O)/C=C/2\C(=O)N=C(S2)[N-]c3ccc(cc3C(F)(F)F)Cl
dude_rock1__L005937,c1cc(c(cc1C#N)N)OCc2cnoc2
dude_rock1__L005938,CC1CC[NH+](CC1)[C@H](C)CNC(=O)c2cc(c(c(c2)OC)OCC(=O)N)OC
dude_rock1__L005939,CCCC[NH+]1CCCC[C@H]1CNC(=O)c2cc(c(c(c2)Cl)OCC(=O)N)OC
dude_rock1__L005940,c1cc(c(c(c1)Br)NC(=O)CC[C@H]2CCCC[NH2+]2)C(=O)[O-]
dude_rock1__L005941,CC(C)C[NH2+][C@@H](c1ccc(c(c1)Br)OC)C(=O)N
dude_rock1__L005942,c1cc(ccc1[C@H]2C[C@H](N3C(=[NH+]2)C=C(N3)C(=O)NC[C@@H]4CCCO4)C(F)(F)F)Br
dude_rock1__L005943,C[C@@H]([C@@H](c1ccc(s1)Br)Sc2n[nH]c(=O)n2C(C)C)[NH3+]
dude_rock1__L005944,c1cc(cc(c1)Cl)OCC(=O)N2C[C@H](C3(C2)CC[NH2+]CC3)C(=O)NCCc4ccc(c(c4)O)O
dude_rock1__L005945,CC(C)[C@@H](c1ccc(cc1)Cl)NC(=O)NNC(=O)c2cn(c3c2cccc3)C
dude_rock1__L005946,Cc1cc2ncnn2c(c1)N[C@@H]3CCC[C@@H]3[NH3+]
dude_rock1__L005947,Cc1csc(n1)CCN2C(=O)c3ccc(cc3C2=O)N
dude_rock1__L005948,CCCCN1C(=O)/C(=C\2/C[C@H](N(N2)C(=O)CC)c3ccc(cc3)O)/C(=NC1=O)[O-]
dude_rock1__L005949,[H]/N=c/1\cc(sn1/C(=[NH+]/C2CC([NH2+]C(C2)(C)C)(C)C)/Nc3ccc(cc3)C)C
dude_rock1__L005950,c1cc2c(c3c(c(c2cc1)/C=N/NC4=[NH+]CCN4)cccc3)/C=N/NC5=[NH+]CCN5
dude_rock1__L005951,CCc1ccccc1NC(=O)CN(C)C(=O)[C@@H](C)[NH+](C)CC(=O)Nc2c(cccc2C)C
dude_rock1__L005952,c1ccc2c(c1)C=C(CO2)C(=O)NNC(=O)NCCCn3cc[nH+]c3
dude_rock1__L005953,Cc1cccc(c1)CC(=O)N2C[C@@H](C3(C2)CC[NH2+]CC3)C(=O)N[C@@H](C)CCCC(C)(C)O
dude_rock1__L005954,C[C@H](C(=O)/N=C\1/NCCS1)NC(=O)OC(C)(C)C
dude_rock1__L005955,C[C@]1(CC[NH2+]C1)C(=O)Nc2cc(c(cc2OC)OC)Cl
dude_rock1__L005956,Cc1nc(no1)C2(CCN(CC2)S(=O)(=O)N(C)C(C)C)[NH3+]
dude_rock1__L005957,c1cc(oc1)CNC(=O)c\2cc3ccc(cc3o/c2=[NH+]\c4ccc(cc4)F)O
dude_rock1__L005958,Cc1c(ccs1)[C@@H]2C(=C(N(C3=C2C(=O)CC(C3)(C)C)c4ccc(cc4Cl)[N+](=O)[O-])N)C#N
dude_rock1__L005959,CCCO[C@H]1CCC[NH+](C1)[C@@H]2CC3(CC[C@@H]2O)OCCO3
dude_rock1__L005960,C[C@@]1(C(=O)N(C(=O)N1)CCC[NH3+])c2ccc(c(c2)[N+](=O)[O-])OC
dude_rock1__L005961,COc1ccccc1CN(C2CC2)C(=O)[C@@H](CC(=O)N)[NH3+]
dude_rock1__L005962,CCN1C(=O)[C@H]2[C@@H]([NH2+][C@@]([C@@H]2C1=O)(CO)C(=O)OC)c3ccc(cc3)O
dude_rock1__L005963,Cc1c(c(=O)n([nH]1)C(=[NH2+])N)CCCN2C(=O)c3ccccc3C2=O
dude_rock1__L005964,CC(C)(C)N1[C@@H](N[NH2+]N1)SCC(=O)NCCc2c[nH]c3c2cccc3
dude_rock1__L005965,c1cc(c(cc1[N+](=O)[O-])C[NH2+]C2(CCCC2)CO)Cl
dude_rock1__L005966,c1cc(ccc1CSc2n[nH]c(=O)n2C3CC3)C(=[NH2+])N
dude_rock1__L005967,c1ccc2c(c1)NC(=O)CN2c3ccc([nH+]c3)N
dude_rock1__L005968,Cc1c(c([nH]n1)[O-])[C@@H](c2ccc(c(c2)Br)OCc3ccccc3C#N)C4=C(N=N[C@@H]4O)C
dude_rock1__L005969,c1ccc2c(c1)N(C[C@@H](O2)C(=O)N)S(=O)(=O)c3ccc(c(c3)C(=O)[O-])Br
dude_rock1__L005970,CCCCCCNC(=O)[C@H]1CN(CC12CC[NH2+]CC2)C(=O)c3cccnc3Oc4ccccc4
dude_rock1__L005971,Cc1ccc(cc1)c2cc(on2)CSc3ccc(cn3)N
dude_rock1__L005972,C/C(=N\NC(=[NH2+])S[C@H]1CC(=O)N(C1=O)c2ccccc2OC)/c3ccc4ccccc4c3
dude_rock1__L005973,COC(=O)c1cc2n(n1)CCN(C2)C(=O)[C@H](Cc3cscn3)[NH3+]
dude_rock1__L005974,C[C@H]1CCC[C@@H]([C@@H]1C)NC(=O)[C@@H]2CN(CC23CC[NH2+]CC3)C(=O)c4ccc(o4)c5ccc(cc5)F
dude_rock1__L005975,Cn1c(nnc1SCc2ccc(cc2)F)c3ccccc3N
dude_rock1__L005976,Clc4ccc(CN3CCCC(Nc1cccc2cnccc12)C3)cc4
dude_rock1__L005977,C[C@]12CCC[C@@]3([C@@H]1C[C@H]4[C@@H](C2)OC(=O)[C@@H]4C[NH2+][C@H]5CCCCNC5=O)CO3
dude_rock1__L005978,C[C@H](C(=O)NC(=O)N)N1CCC[C@@H](C1)[C@@H]2CCC[NH2+]2
dude_rock1__L005979,CSc1cccc2c1nc(s2)Nc3nc4ccc(cc4s3)S(=O)(=O)N
dude_rock1__L005980,COC(=O)CNC(=O)[C@@H](CC1=c2ccccc2=[NH+]C1)NC(=O)C34CC5CC(C3)CC(C5)C4
dude_rock1__L005981,CC1CCN(CC1)[C@@H](C[NH3+])c2cc(c(c(c2)OC)O)[N+](=O)[O-]
dude_rock1__L005982,C[C@@H]1[C@H](N[C@H]([C@H](C1=NO)C)c2ccco2)c3ccco3
dude_rock1__L005983,CC(C)CSc1[nH]c(=O)c2c(n1)NC3=C([C@@H]2c4ccc(cc4)C#N)C(=O)CC(C3)(C)C
dude_rock1__L005984,C[C@@H]1CCCC[C@H]1NC(=O)[C@@H](C)OC(=O)c2c(c(c(c(n2)Cl)Cl)N)Cl
dude_rock1__L005985,CC[NH2+]C1C[C@H]2CCC[C@@H](C1)[NH+]2C3CCCCCCC3
dude_rock1__L005986,COc1ccccc1Nc2cccc(c2C3=[NH+]CCCN3)F
dude_rock1__L005987,COC(=O)[C@H]1CC2=c3ccccc3=[NH+][C@H]2[C@@H](N1)c4ccccc4
dude_rock1__L005988,COc1cc2c(cc1OC)CN(CC2)c3ncc(s3)C[NH3+]
dude_rock1__L005989,CC(C)(C)OC(=O)N[C@@H](Cc1cc(c(c(c1O)[N+](=O)[O-])Br)Br)C(=O)[O-]
dude_rock1__L005990,CC[C@H](C)c1ccc(cc1)N2C(=O)/C(=C\c3ccc(c(c3)Br)O)/C(=O)N=C2[O-]
dude_rock1__L005991,CC[C@H]1CC[C@H]([C@@H](C1)C[NH+](CC)C2CCCC2)[NH2+]C
dude_rock1__L005992,Cc1ccc(c(c1)NC(=O)C(=O)NC[C@@H](c2cccn2C)[NH+]3CCc4ccccc4C3)OC
dude_rock1__L005993,Cc1ccc(c(c1F)C(=O)N2C[C@@H](C3(C2)CC[NH2+]CC3)C(=O)NCc4ccccc4Br)Cl
dude_rock1__L005994,C[C@H](C(=O)N1CCC2(CC1)c3c(nc[nH]3)CC[NH2+]2)NC(=O)c4cccc(c4)Cl
dude_rock1__L005995,Cc1ccc(c(c1)[C@H](C)[NH2+][C@@H](C)C(=O)NC(=O)NC2CCCC2)OC
dude_rock1__L005996,c1ccc2c(c1)[nH]c([nH+]2)/N=[NH+]/Cc3cc(c(cc3O)O)[N+](=O)[O-]
dude_rock1__L005997,c1cc(ccc1[C@@H]2c3c([nH]nc3O)NC4=C2C(=O)CCC4)O
dude_rock1__L005998,Cc1ccc(cc1)c2c(n3ccc(cc3[nH+]2)C)C[C@H](C(=O)OC)N
dude_rock1__L005999,c1ccc(cc1)[C@H]2[C@H]3CN(C(=O)[C@@]3(NO2)O)C4CCCCC4
dude_rock1__L006000,CC[NH+](CC)CCNC(=O)N1CCC(CC1)NC(=O)C2CCCCC2
dude_rock1__L006001,COCCCN1C(=O)[C@@H]2[C@H]([NH2+][C@]3([C@@H]2C1=O)c4ccccc4NC3=O)Cc5c[nH]c6c5cccc6
dude_rock1__L006002,COc1cc2c(cc1OC)[C@@H]([NH2+]CC2)c3c([nH]c(=O)n(c3=O)c4ccccc4Cl)O
dude_rock1__L006003,CC(C)C[C@@H]1[C@H]2[C@H](C(=O)N(C2=O)CCOC)[C@@]3([NH2+]1)c4cc(ccc4NC3=O)F
dude_rock1__L006004,OCCN4CCN(c2nc(c1ccncc1)cnc2N3CCCC3)CC4
dude_rock1__L006005,Cc1cc(c(cc1)C)N/C(=N/O)/C(=N\O)/Nc2c(ccc(c2)C)C
dude_rock1__L006006,CC(C)(C)c1ccc(cc1)Oc2c(cccn2)C3=[NH+]CCN3
dude_rock1__L006007,c1ccc2=[NH+]C([NH+]=c2c1)N/N=C/c3ccc(o3)I
dude_rock1__L006008,C[C@@H]1CCc2c(cc(s2)C(=O)NNC(=O)NCCCCn3cc[nH+]c3)C1
dude_rock1__L006009,c1cc2c(cc1S(=O)(=O)N3CCN(CC3)CC[NH3+])CCC2
dude_rock1__L006010,CCn1c(=O)c2ccc(cc2nc1S[C@@H](C)C(=O)NC(=O)NC(C)(C)C)C(=O)[O-]
dude_rock1__L006011,c1ccc(cc1)[C@@H]2C[C@H]2NS(=O)(=O)c3ccc(s3)C[NH3+]
dude_rock1__L006012,CC[NH2+][C@@H]1CCCC[C@@H]1C[NH+](C)C2CCCCCC2
dude_rock1__L006013,CC[C@@H](C1CCCCC1)[NH2+][C@H]2COc3c2ccc(c3)O
dude_rock1__L006014,CC(C)C[NH+](CC(C)C)[C@H]1CCCCC[C@H]1C[NH3+]
dude_rock1__L006015,c1ccc2c(c1)c(cc(=O)[nH]2)C(=O)N[C@H]3NN[C@H](S3)C4CCCCC4
dude_rock1__L006016,Cc1ccc(cc1C(=O)N2C[C@H](C3(C2)CC[NH2+]CC3)C(=O)N[C@@H](C)Cc4ccccc4OC)F
dude_rock1__L006017,C[C@H](C(=O)Nc1ccccc1[N+](=O)[O-])Sc2nnc(n2N)c3ccc(cc3)OC(F)F
dude_rock1__L006018,Cc1nc(cn1C)S(=O)(=O)NC2(CC[NH+](CC2)C)C#N
dude_rock1__L006019,CCC[C@@]1([C@@H]2[C@@H]([C@H]([NH2+]1)c3ccc(cc3OC)OC)C(=O)N(C2=O)c4ccc5c(c4)OCO5)C(=O)OC
dude_rock1__L006020,c1cc2=[NH+][C@H]3CN(CCC3=c2cc1Cl)C(=O)NCC(=O)N4CCC(CC4)C(=O)N
dude_rock1__L006021,Cc1c[nH+]c(c(c1OC)C)CN2CCN(CC2)[C@H](C)C(=O)NC3CC3
dude_rock1__L006022,Cc1ccc2c(c1)[nH]c(n2)[C@@H](C)NC(=O)[C@H]3CN(CC34CC[NH2+]CC4)C(=O)[C@@H]5CCC=CC5
dude_rock1__L006023,Cc1ccc(s1)[C@H](C)Nc2ccccc2c3nc([nH]n3)C
dude_rock1__L006024,Cc1ccc(c(c1)OC)O[C@@H]2C[C@@H](CC[C@@H]2[NH3+])C(C)(C)C
dude_rock1__L006025,CC\1=NN(C(=O)/C1=C\c2ccc(o2)c3cc(ccc3Cl)Cl)[C@H]4N[NH2+]N=N4
dude_rock1__L006026,CC1CCC(CC1)[NH+](CC(=O)N2CCNC2=O)CC(=O)N3CCNC3=O
dude_rock1__L006027,Cc1c(c[nH]n1)Nc2c3cnn(c3ncn2)C
dude_rock1__L006028,C[C@H]([C@@H](c1ccc(cc1)Br)Sc2[nH]c(=O)cc(n2)N)[NH3+]
dude_rock1__L006029,CC(C)c1ccc2=[NH+]C(=O)C(=c2c1)NNc3ccc(cc3[N+](=O)[O-])S(=O)(=O)Nc4ccccc4OC
dude_rock1__L006030,C[C@@H]1CC(=O)N2[C@@H]([NH+]=C(N[C@@H]2N1)NCCc3c[nH]c4c3cccc4)c5ccc(cc5)SC
dude_rock1__L006031,CC(C)CC1(C(=O)NC(=O)NC1=O)C(=C)C
dude_rock1__L006032,CCCCCCC(=O)N1C[C@@H](C2(C1)CC[NH2+]CC2)C(=O)NC3CCN(CC3)C(=O)CC(C)C
dude_rock1__L006033,Cc1ccc(c(c1)Cl)Oc2ccc(nn2)C[NH2+]C(C)C
dude_rock1__L006034,CC1CCC2(CC1)C(=O)N(C(=O)N2)NC(=O)C[NH2+][C@H](c3cccs3)C(C)C
dude_rock1__L006035,CC(C)(C)CN1CCC[C@@](C1=O)(C[NH2+]Cc2c[nH]nc2c3ccccc3)O
dude_rock1__L006036,Cc1cc(c2c(c1)O[C@H](CC2=O)c3ccc(c(c3)O)OC)O
dude_rock1__L006037,CCN(CC)C(=O)C1=C(N=C2N([C@@H]1c3ccccc3Cl)C(=CS2)/C=C(/NC4CC4)\[O-])C
dude_rock1__L006038,CC[NH+](CC)CCNC(=O)c1ccc2c(c1NCCO)C(=O)c3ccccc3C2=O
dude_rock1__L006039,C[C@H]1CCC[C@H]([C@@H]1C)[NH2+][C@@H](C)C(=O)NC2(CCCCC2)C#N
dude_rock1__L006040,CCCNC3CCC(Nc1cccc2cnccc12)CC3
dude_rock1__L006041,C5CNCCN(c4nc(NC2Cc1ccccc1C2)nc(Nc3ccncc3)n4)C5
dude_rock1__L006042,Cc1cc(ccc1C(=O)N2CC[C@]3(C2)/C(=[NH+]/C(C)(C)C)/Nc4c(cccn4)N3)OC
dude_rock1__L006043,CN1c2cc(ccc2OCC1=O)c3csc(=O)n3CCCC[NH3+]
dude_rock1__L006044,c1cc2c(cc1CNC(=O)N3CCC[C@@H](C3)CCC(=O)N)CCC2
dude_rock1__L006045,c1cc(cc(c1)[N+](=O)[O-])NC(=O)C[C@H]2C(=O)N[C@H]3CCCC[C@H]3[NH2+]2
dude_rock1__L006046,c1ccc2cc(ccc2c1)C(=O)NCC(=O)N3CCC4(CC3)c5c([nH+]c[nH]5)CCN4
dude_rock1__L006047,c1ccc(c(c1)NC(=O)CCSc2nc([nH]n2)N/N=C/c3cccc(c3)Br)[N+](=O)[O-]
dude_rock1__L006048,CN(Cc1cscn1)S(=O)(=O)c2ccc(cc2)N
dude_rock1__L006049,C[NH+]1CCc2cc(c(cc2[C@H]1CCc3ccc(c(c3)OC)O)O)OC
dude_rock1__L006050,CCC[NH2+][C@H](c1cc[nH]n1)c2cc3c(cc2Br)OCCO3
dude_rock1__L006051,Cc1cccc(c1)n2c(nnc2SCC(=O)Nc3ccc(cc3C#N)[N+](=O)[O-])C4=c5ccccc5=[NH+]C4
dude_rock1__L006052,Cc1c(cc(cc1[N+](=O)[O-])C#N)NC2CCC(CC2)O
dude_rock1__L006053,Cc1c(s/c(=N/S(=O)(=O)CC[C@H]2CCCC[NH2+]2)/[nH]1)C
dude_rock1__L006054,Cc1c(c(=O)[nH]c(=O)[nH]1)Cc2nnc(o2)SCc3csc(n3)C
dude_rock1__L006055,c1ccc(cc1)n2c(=O)c3c([nH]2)NC4=C([C@H]3c5cccs5)C(=O)C[C@H](C4)c6ccco6
dude_rock1__L006056,C[C@H](C(=O)NC(=O)N)[NH+]1CCN(CC1)[C@@H](c2ccccc2Cl)C(=O)OC
dude_rock1__L006057,c1ccc2c(c1)C(=O)N[C@H](N2)c3ccc4c(c3)OCO4
dude_rock1__L006058,c1c(n(cc(c1=O)O)C2CC2)C[NH+]3CCCC[C@@H]3CCO
dude_rock1__L006059,CCCC[C@@H](C)C(=O)N1C[C@H](C2(C1)CC[NH2+]CC2)C(=O)NCCc3c([nH]c4c3cccc4)C
dude_rock1__L006060,c1cc([nH+]cc1CNC(=O)N[C@H]2CCCCNC2=O)N3CCOCC3
dude_rock1__L006061,CCC(C)(C)[NH2+]CC[NH+]1CCC2(CCCC2)CC1
dude_rock1__L006062,C[C@@H](CN(C)c1c(cc2c(n1)CCC2)C(=[NH2+])N)O
dude_rock1__L006063,CC(C)C(=O)N1CCC(CC1)C(=O)N2CCCC[C@H]2CO
dude_rock1__L006064,Cc1c[nH+]c(c(c1OC)C)CN2c3c(c(nc(n3)N)Cl)NC(=O)[C@H]2C
dude_rock1__L006065,CC1(CCN(CC1)c2nc(c(s2)C[NH3+])C(C)(C)C)C
dude_rock1__L006066,COc1ccccc1CN2[C@@H]3CS(=O)(=O)C[C@@H]3NC2=S
dude_rock1__L006067,CCN(CC)C(=O)C[NH+]1CCCN(CC1)C(=O)C2CCC(CC2)NC(=O)N
dude_rock1__L006068,Cn1cccc1[C@H]2CCC[NH+]2CC(=O)Nc3c(c4c(s3)CCCC4)C(=O)NCCOC
dude_rock1__L006069,COc1cc2c(cc1OC)[nH]c3c2ncn(c3=O)/N=C/c4cccc(c4O)Br
dude_rock1__L006070,CC[C@@]12CC[NH+]3C[C@@](C1=O)(CN(C2)[C@@]34c5ccccc5NC4=O)C
dude_rock1__L006071,Cc1ccsc1C(=O)N2C[C@@H](C3(C2)CC[NH2+]CC3)C(=O)NC[C@H](C)Oc4ccccc4Cl
dude_rock1__L006072,Cc1cc(c(c(c1)C)NS(=O)(=O)c2cc(ccc2N)Cl)C
dude_rock1__L006073,c1ccc(c(c1)CN2c3ccccc3C4=C(S2(=O)=O)[C@H](C(=C(O4)N)C#N)c5ccccc5F)F
dude_rock1__L006074,Cc1c(sc2n1c(=O)c(c[nH+]2)c3nnc(o3)C[NH3+])C
dude_rock1__L006075,c1ccc(cc1)NC(=O)C[C@@H]2N[C@H](ON2)C(=O)NCCC3=c4ccccc4=[NH+]C3
dude_rock1__L006076,CCOC(=O)[C@H]1C(=c2cc(ccc2=[NH+]1)F)NC(=O)[C@@H](C)[NH+]3CCN(CC3)CCO
dude_rock1__L006077,CC[C@H](C)CC(=O)N1C[C@H](C2(C1)CC[NH2+]CC2)C(=O)NCC
dude_rock1__L006078,CCCCC[C@@H](C[NH3+])[NH+]1CCC[C@@H]2[C@@H]1CCCC2
dude_rock1__L006079,CC[C@H](C[NH+](CCN1CCOCC1)Cc2[nH]c(=O)c3c(csc3n2)c4cc(ccc4C)C)O
dude_rock1__L006080,CC1CCC2(CC1)C(=O)N(C(=O)N2)NC(=O)C[NH2+][C@@H](c3cccs3)C(C)C
dude_rock1__L006081,c1cc(ccc1CCNC(=O)/C(=C/c2ccc(c(c2)O)O)/C#N)F
dude_rock1__L006082,CC(C)S(=O)(=O)S(=O)(=O)[N-]c1ccc(cc1N2CCN[C@@H](C2)Cl)c3ccccc3O
dude_rock1__L006083,CCn1c(=O)c2ccccc2nc1NNC(=O)c3c(c4c(nc(nc4s3)C5CC5)C)C
dude_rock1__L006084,c1ccc(cc1)Oc2coc3cc(ccc3c2=O)OC(=O)[C@H](Cc4ccc(cc4)O)[NH3+]
dude_rock1__L006085,c1ccc(c(c1)[C@H]2C[C@@H]2NC(=O)N3CCC[C@@H](C3)CCC(=O)N)Cl
dude_rock1__L006086,Cc1ccc(cc1)C23C[C@H]4C[C@@H](C2)CC(C4)(C3)C(=O)N[C@@H](C)C(=O)N
dude_rock1__L006087,c1cc(oc1)[C@H]2C[C@@H](N3C(=[NH+]2)C=C(N3)C(=O)NCC45CC6CC(C4)CC(C6)C5)C(F)(F)F
dude_rock1__L006088,c1ccc(cc1)n2cc(cn2)CC(=O)N3CCC4(CC3)C(=O)NC(=O)N4
dude_rock1__L006089,c1cc(ccc1OC2(CC[NH2+]CC2)C(=O)N3C[C@H]4CC[C@@H](C3)[NH2+]4)Cl
dude_rock1__L006090,Cc1ccc(c(c1S(=O)(=O)NC[C@H]2CCCC[NH+]2C)C)N
dude_rock1__L006091,C[C@@H]1CN(C[C@@H](O1)C)C[C@@H](CN2C[C@@H](OC[C@H]2C)C)O
dude_rock1__L006092,Cc1c(c(on1)C)CC(=O)N[C@H]2CC3(CC[NH+](CC3)C)Oc4c2cccc4
dude_rock1__L006093,c1ccc2=[NH+]CC(=c2c1)CCNC(=O)C(=O)Nc3cccc(c3)N4CCCCC4=O
dude_rock1__L006094,C1CCC(C1)n2c(nnn2)SC[C@@H](C(=O)N)[NH2+]C3CC3
dude_rock1__L006095,Cc1cc(c(cc1C)C(=O)[C@@H](C)Sc2nnc(s2)N)C
dude_rock1__L006096,Cc1ccc(c(c1)NC(=O)c2cc(on2)c3ccco3)O
dude_rock1__L006097,Cc1ccc(cc1C)N2C(=O)/C(=C\c3c([nH]c(=O)n(c3=O)c4cccc(c4)Cl)O)/C(=N2)C
dude_rock1__L006098,C[C@@H](C(=O)NC(=O)N)Oc1ccc(cc1Br)C[NH2+]C
dude_rock1__L006099,c1ccc(cc1)CSc2nnc(s2)NC(=O)CSc3nnc(n3N)c4cccc(c4)[N+](=O)[O-]
dude_rock1__L006100,CC[C@@H]1NN=C(S1)NC(=O)CCC2=c3ccccc3=[NH+]C2
dude_rock1__L006101,c1cc(ccc1C(=O)NNS(=O)(=O)c2cc(cs2)C(=O)[O-])Br
dude_rock1__L006102,c1ccc(cc1)CCN2[C@@H](c3c(n[nH]c3C2=O)c4ccccc4O)c5cccc(c5)O
dude_rock1__L006103,Cc1ccc(cc1C)n2c(=O)c(c([nH]c2=O)O)[C@@H]3c4cc(c(cc4CC[NH2+]3)OC)OC
dude_rock1__L006104,C[C@H]1CC2=C([C@H](Nc3ccccc3N2)c4c[nH]c5c4cccc5)C(=O)[C@H]1C(=O)OC
dude_rock1__L006105,CC[C@H](C(=O)Nc1cc(on1)C)[NH2+]CCC2=c3ccc(cc3=[NH+]C2)F
dude_rock1__L006106,Cc1cccc2c1nc([nH]c2=O)CSC3=[NH+][C@H]4CCCC[C@@H]4N3
dude_rock1__L006107,CN(c1ccc(cc1)N)C(=O)CN2CCO[C@@H]3[C@@H]2CCC3
dude_rock1__L006108,Cc1ccc(cc1)OC[C@@H](Cn2c3c(=O)[nH]c(=O)n(c3nc2NCCC[NH3+])C)O
dude_rock1__L006109,c1cc(ccc1C#N)c2csc(n2)C3(CCCCCC3)[NH3+]
dude_rock1__L006110,c1ccc2c(c1)c(cc(c2O)/N=N/c3ccc(cc3)/C=C/c4[nH]c5ccccc5n4)S(=O)(=O)[O-]
dude_rock1__L006111,C[C@H]1CCc2c(cc(s2)C(=O)NNC(=O)COC)C1
dude_rock1__L006112,C[C@H](C(=O)N1CCC2(CC1)c3c([nH+]c[nH]3)CCN2)NC(=O)c4cccc(c4)Cl
dude_rock1__L006113,CC[C@@H]1CC[C@H]([C@@H](C1)[NH+]2CC[C@@H]3CCCC[C@@H]3C2)[NH2+]C
dude_rock1__L006114,c1cc(ccc1c2nnco2)OC[C@@H](CN3CCN(CC3)C[C@@H](COc4ccc(cc4)c5nnco5)O)O
dude_rock1__L006115,Cc1ccc(c(c1)[C@@H](C)[NH2+][C@H](C)C(=O)Nc2ccc(cc2C)[N+](=O)[O-])OC
dude_rock1__L006116,C[C@H]1CCC[C@H]([C@@H]1C)NC(=O)NC(=O)C[NH+]2CCc3c(ccs3)C2
dude_rock1__L006117,Cc1cccc(c1C)n2c3c(cc(c2=O)C[NH3+])CCCCC3
dude_rock1__L006118,Cc1cc(c(c2c1C(=O)/C(=C\c3ccc(cc3)N(C)C)/O2)C[NH+]4C[C@@H]5C[C@H](C4)c6cccc(=O)n6C5)O
dude_rock1__L006119,Cc1cc2c(c(c1)F)NC(=O)[C@@H]2[NH2+][C@H]3CCCC[C@@H]3C
dude_rock1__L006120,CCCNC(=O)NC(=O)C[NH+]1CC[C@H]([C@@H]2[C@@H]1CCCC2)C
dude_rock1__L006121,C[C@@H]1CCC[NH+](C1)[C@@H](C)CNC(=O)NNC(=O)[C@@H]2CCS(=O)(=O)C2
dude_rock1__L006122,Cc1cc(n(n1)C(C)(C)C)C(=O)N2C[C@@H](C3(C2)CC[NH2+]CC3)C(=O)NCCCO
dude_rock1__L006123,c1cc2c(cc1Br)[C@H](C(=O)N2)[NH2+][C@@H]3CCCC[C@@H]3O
dude_rock1__L006124,C[C@@H]1CCCC[C@H]1[NH+](C)Cc2cc(ccc2N)[N+](=O)[O-]
dude_rock1__L006125,C[C@@H](C(=O)NCC(=O)Nc1ccc(c(c1F)F)F)[NH+]2CCN(CC2)c3ccc(cc3)O
dude_rock1__L006126,CC(C)(C[NH2+]C1CCC2(CC1)OCCO2)N3CCOCC3
dude_rock1__L006127,CC(C)n1cc(cc1C(=O)N2CCC[C@H]2[C@@H]3CCC[NH2+]3)Cl
dude_rock1__L006128,COc1ccc(cc1)[C@H](CNC(=O)CCCn2c3ccccc3oc2=O)[NH+]4CCCCC4
dude_rock1__L006129,Cc1cc2cc(c(=O)[nH]c2cc1C)[C@@H](c3nnnn3C4CCCCC4)[NH+]5CCCCCC5
dude_rock1__L006130,C[C@H]1CCc2c(cc(s2)C(=O)NNC(=O)NCC(C)(C)[NH+](C)C)C1
dude_rock1__L006131,CC1=[NH+][C@@H](ON1)COC(=O)[C@H](Cc2c[nH]c3c2cccc3)NC(=O)c4cccs4
dude_rock1__L006132,c1cc(c(cc1S(=O)(=O)N[C@H]2CC[NH+]3[C@@H]2CCCC3)N)O
dude_rock1__L006133,C1CC[NH+](CC1)C2(CCN(CC2)C(=O)[C@]34C[NH2+]C[C@H]3CNC4)C(=O)N
dude_rock1__L006134,COc1ccccc1c2csc3n2c(c(n3)c4ccncc4)CC[NH3+]
dude_rock1__L006135,CN[C@@H]1CC5O[C@@](C)([C@@H]1OC)n7c2ccccc2c8c3CNC(=O)c3c6c4ccccc4n5c6c78
dude_rock1__L006136,Cc1ccc(cc1)[C@@H](CNS(=O)(=O)C(C)C)N2CC[NH2+][C@@H](C2)c3ccccc3O
dude_rock1__L006137,CC(C)(C)c1cc(cc(c1O)C(C)(C)C)C(=[NH+]C)NC
dude_rock1__L006138,C[C@H](C(=O)/C=C/1\C(c2ccccc2N1C)(C)C)Sc3nc(cc(n3)N)N
dude_rock1__L006139,Cc1cc2cc(c(c(c2c(=O)o1)O)OC)O
dude_rock1__L006140,CC1([C@@H]([C@@H](N[C@@H]([C@@H]1[N+](=O)[O-])c2ccc(cc2)O)c3ccc(cc3)O)[N+](=O)[O-])C
dude_rock1__L006141,CC[C@@H]([C@H](c1ccc(s1)Br)Sc2[nH]ncn2)[NH3+]
dude_rock1__L006142,COC1=C[C@@H]2[C@@H](C=C1OCCCN3CCOCC3)/C(=N/c4ccc(c(c4)Cl)F)/NC=[NH+]2
dude_rock1__L006143,c1ccc(c(c1)/C=N\Nc2cc(=O)n3ccccc3n2)O
dude_rock1__L006144,COc1ccccc1CCNC(=O)[C@@H]2CN(CC23CC[NH2+]CC3)C(=O)c4ccc(c(c4)Cl)Cl
dude_rock1__L006145,Cc1c(sc2c1c(nc(n2)S[C@H](C)C(=O)NC(=O)NC3CC3)N)C
dude_rock1__L006146,Cc1ccc(o1)[C@@H]([C@@H](C)[NH3+])Sc2nnc3n2CCCCC3
dude_rock1__L006147,c1cc(c(cc1[N+](=O)[O-])C(=O)N[C@@H]2CCCC[C@@H]2[NH3+])Br
dude_rock1__L006148,Cc1csc(n1)NC(=O)NCC2(CCCCC2)[NH+](C)C
dude_rock1__L006149,c1c(c2c(c3c1S[C@@H](N3)[NH3+])sc(n2)N)OC(C(F)F)(F)F
dude_rock1__L006150,CC(=O)c1ccc(cc1)/[NH+]=c\2/c(cc3cccc(c3o2)OC)C(=O)N
dude_rock1__L006151,Cc3c(c1ccnc(N)n1)sc4ccc(Oc2cccc(O)c2)cc34
dude_rock1__L006152,CS[C@@H]1NN[C@@H](N1/N=C/C2=c3ccccc3=[NH+]C2)c4ccccc4
dude_rock1__L006153,CCC(=O)Nc1ccc(cc1)[C@@H](C[NH+]2CCC3(CC2)C[C@@H](c4ccccc4O3)O)O
dude_rock1__L006154,CC(C)(C)c1ccc(cc1)[C@H]2c3c(n[nH]c3OC(=C2C#N)N)c4ccccc4
dude_rock1__L006155,CC[NH+](CC)[C@H](CC(C)C)CNC(=O)NNC(=O)[C@@H]1CCS(=O)(=O)C1
dude_rock1__L006156,C[C@H]1CCc2c(sc(c2C(=O)N)NC(=O)C[NH+]3CCCC3)C1
dude_rock1__L006157,C[C@H](C(=O)NC(=O)NC)S[C@@H]1NN=C(N1c2ccc(cc2)Cl)C3=c4ccccc4=[NH+]C3
dude_rock1__L006158,CC(C)c1nc(on1)[C@@H]2Cc3c([nH]c[nH+]3)CN2C(=O)NC4CCCCC4
dude_rock1__L006159,C[C@]1(CCC[NH2+]C1)C(=O)Nc2ccc(c(c2)O)C(=O)[O-]
dude_rock1__L006160,CCCC[C@H](C)C(=O)N1C[C@@H](C2(C1)CC[NH2+]CC2)C(=O)NCc3ccc4c(c3)CCCN4C
dude_rock1__L006161,c1ccc(cc1)c2csc3n2c(nn3)c4cccc(c4)C[NH3+]
dude_rock1__L006162,c1cc([nH+]cc1N)N2CCN(CC2)C(=O)c3ccsc3
dude_rock1__L006163,C[NH+]1CCC[C@H](C1)N(C)S(=O)(=O)c2c(cc(cc2Cl)Cl)N
dude_rock1__L006164,C1CCC(C1)NC(=O)CCNC(=O)N2CC[C@@H](C2)[NH+]3CCCC3
dude_rock1__L006165,CCC(C)(C)[C@@H]1CC[C@@H]([C@@H](C1)[NH+]2CCCCC2)C[NH3+]
dude_rock1__L006166,c1ccc2c(c1)NC(=O)CN2C(=O)C[NH+]3CCC(CC3)(C(=O)N)N4CCOCC4
dude_rock1__L006167,CC1=C[C@H](N=N1)[C@H]2NN[C@@H](O2)c3ccc(cc3)C(C)(C)C
dude_rock1__L006168,c1cc(ccc1Cn2c(c(nc2N)C#N)C#N)Cl
dude_rock1__L006169,Cc1ccc(cc1)C(=O)c2cc(c(c(c2)O)O)[N+](=O)[O-]
dude_rock1__L006170,CC(=O)Nc1c(c2c(s1)C([NH2+]C(C2)(C)C)(C)C)C(=O)N
dude_rock1__L006171,CCCn1c(=O)[nH]nc1S[C@H](C)C(=O)NC(=O)Nc2ccc(cc2)C#N
dude_rock1__L006172,C[NH+](C)[C@@H](CNC(=O)NNC(=O)CC1CCCCC1)c2cccs2
dude_rock1__L006173,CC[NH2+][C@H]1CCCCC[C@@H]1CN(C)c2ccc(cc2)O
dude_rock1__L006174,COCCn1c(nnn1)[C@@H](c2cc3cc4c(cc3[nH]c2=O)OCO4)[NH+]5CCN(CC5)c6ccc(cc6)F
dude_rock1__L006175,CC(=O)NCC[NH2+][C@H]1C[C@H](N2[C@@H](Cc3c4ccccc4[nH]c3[C@@H]2C1)C(=O)OC)c5cccc(c5)Cl
dude_rock1__L006176,Cc1cc(no1)NC(=O)CSc2nc3ccccc3c(=O)n2NC(=O)CCc4c[nH]c5c4cccc5
dude_rock1__L006177,CC(C)[C@H](c1cccs1)NC(=O)Nc2cc(c(cc2F)F)NC(=O)C
dude_rock1__L006178,CC(C)(C)C1CCC(CC1)[NH2+]C[C@H]2CCC[NH+](C2)C
dude_rock1__L006179,Cc1c(sc(=O)n1CC(=O)N[C@H](C)[C@@H]2CCCO2)C
dude_rock1__L006180,Cc1c\2c(oc1C(=O)N3CCCCCC3)CC(C/C2=N\NC(=[NH2+])N)(C)C
dude_rock1__L006181,CC[C@H]1CCCC[C@@H]1[NH2+][C@@H](C)C(=O)N2CCCCCC2
dude_rock1__L006182,C=CCc1cccc(c1O)/C=N/NC(=O)C[C@@H]2C(=O)NCC[NH2+]2
dude_rock1__L006183,C[C@H](c1ccc(c(c1)Br)OC)NC(=O)Cc2csc(n2)N
dude_rock1__L006184,Cn1c(c(c([nH+]1)[C@@H]2C[C@H]3CC[C@@H]2C3)c4cccs4)N
dude_rock1__L006185,CCNC(=O)NC(=O)[C@@H](C)[NH2+][C@@H](C)c1ccc(cc1)Br
dude_rock1__L006186,CCCn1c(=O)[nH]nc1SCc2ccccc2C(=[NH2+])N
dude_rock1__L006187,Cc1cccc(c1)OCC[NH2+]Cc2cc(ccc2O)Cl
dude_rock1__L006188,Cc1cc(ccc1F)C[NH2+][C@@H](C)c2ccc3c(c2)OCO3
dude_rock1__L006189,C[C@@H]1c2c(sc([nH+]2)NC)C[C@@]3([C@H]1[C@H]([C@H](CC3)[C@H](C)C(=O)NCCN4CCOCC4)O)C
dude_rock1__L006190,CCCCNC(=O)C[NH+]1CCN(CC1)[C@@H](C)C(=O)NC(=O)NC2CC2
dude_rock1__L006191,CC[C@@](C)(c1nc(on1)c2ccc(cc2Cl)Br)[NH3+]
dude_rock1__L006192,c1ccc(cc1)CCN2c3c(nc(c(n3)C#N)C#N)[C@H]([C@@H]2[NH3+])c4[nH]c(=O)c5ccccc5n4
dude_rock1__L006193,c1ccc2=[NH+]CC(=c2c1)[C@H](CNc3ccc(cn3)S(=O)(=O)N)c4ccccc4Cl
dude_rock1__L006194,Cc1c2c(oc1C(=O)NCC[NH+]3CCC(CC3)C)CC(C[C@@H]2O)(C)C
dude_rock1__L006195,c1ccc2c(c1)c(=O)n(c(n2)NN)c3cc(cc(c3)Cl)Cl
dude_rock1__L006196,C[C@H](c1cc[nH]n1)Nc2ccc(cc2)c3nnco3
dude_rock1__L006197,C[C@H]1CCC[C@H]([C@@H]1C)NS(=O)(=O)c2c(cccc2Cl)N
dude_rock1__L006198,c1cc2c(cc1C(=O)NNS(=O)(=O)c3ccc(c(c3)C(=O)[O-])Br)OCCO2
dude_rock1__L006199,Cc1cc(nc(c1C(=[NH2+])N)N(C)CC2CCCCC2)C
dude_rock1__L006200,CC[NH2+][C@@H](COc1c(cc(cc1Cl)[N+](=O)[O-])Cl)C(=O)N
dude_rock1__L006201,CCOc1ccc2cc(c(=O)[nH]c2c1)CNc3ccc(cc3)N4CCN(CC4)c5cccc[nH+]5
dude_rock1__L006202,Cc1ccc(cc1)c2[n-]c(nn2)SCc3cc(=O)n4c(n3)S[C@@H](N4)C5CCCCC5
dude_rock1__L006203,c1c(cc(c(c1Cl)n2cc(nn2)C[NH3+])Cl)Br
dude_rock1__L006204,C[C@@H]1C(=c2ccccc2=[NH+]1)c3csc(n3)NC(=O)CCC[C@H]4[NH+]=C(NO4)C
dude_rock1__L006205,CC(C)CN(c1c(n(c(=O)[nH]c1=O)Cc2ccccc2)N)C(=O)COC(=O)c3cc(=O)[nH]c4c3cccc4
dude_rock1__L006206,C[C@H](C(=O)NC(=O)NCC(C)C)[NH2+]CC1(CCCC1)N2CCSCC2
dude_rock1__L006207,C1CC[C@H]([C@H](C1)NC(=O)C2(CCOCC2)C[NH3+])O
dude_rock1__L006208,CC1(CC2=C(C(=O)C1)[C@]3(c4ccccc4N(C3=O)C)C(=C(N2c5cc(cc(c5)Cl)Cl)N)C#N)C
dude_rock1__L006209,Cn1cccc1C(=O)N2C[C@@H](C3(C2)CC[NH2+]CC3)C(=O)NCCCn4cc[nH+]c4
dude_rock1__L006210,CCCc1c2c([nH]n1)OC(=C([C@H]2c3cc(c(c(c3)OCC)OC(=O)c4cccs4)[N+](=O)[O-])C#N)N
dude_rock1__L006211,COCCn1c(=O)c2c3c(sc2[nH]c1=O)CCCC3
dude_rock1__L006212,CC(C)c1ccc(cc1)COc2cccn3c2nc(c3)C[NH3+]
dude_rock1__L006213,Cc1c(cnn1C)[C@H](C)NC(=O)NC[C@@]2(CCC[C@@H](C2)C)[NH+](C)C
dude_rock1__L006214,C[NH+](C)[C@H](CNc1ccc(cc1C(=O)OC)S(=O)(=O)N)c2cccs2
dude_rock1__L006215,CC[C@@H](C)CN1c2c(cc(cc2[C@H](C1=O)[NH2+]CC)C)C
dude_rock1__L006216,CN(C)c1ccc(cc1)N2[C@@H](Nc3ccccc3C2=O)SC/C(=N/c4[nH]ncn4)/[O-]
dude_rock1__L006217,C[C@@H](c1ccc(cc1)NC(=O)N)[NH2+]Cc2cc(sc2)Br
dude_rock1__L006218,COc1cc(cc(c1O)O)/C=C/2\COc3ccccc3C2=O
dude_rock1__L006219,CCc1c(s/c(=N\S(=O)(=O)CC2CC[NH2+]CC2)/[nH]1)C
dude_rock1__L006220,CC[C@@H]1CO[C@H](CN1[C@@H]2CC3(CC[C@@H]2[NH2+]C)OCCO3)C
dude_rock1__L006221,C[C@H](CC#N)Sc1ccccc1NC(=O)NC2CC([NH2+]C(C2)(C)C)(C)C
dude_rock1__L006222,Cc1ccc(c(c1)C)N2[C@H](N[C@H]([C@@H](C2=O)[C@@H]3[C@@H]4C(=c5ccccc5=[NH+]4)CCN3)O)O
dude_rock1__L006223,CCC(CC)[C@H](CNC(=O)NNC(=O)OC(C)(C)C)[NH+]1CCCC1
dude_rock1__L006224,C[C@@H](c1ccc(s1)Cl)NC(=O)c2cccc(c2O)OC
dude_rock1__L006225,C[C@H]1C(=C(NN1C)C)NC(=O)C[NH+]2CCC(CC2)n3c4ccccc4[nH]c3=O
dude_rock1__L006226,C[C@]1(CCC[NH2+]C1)C(=O)N[C@@H]2CCCC[C@@H]2C(C)(C)C
dude_rock1__L006227,c1cc(c(cc1Br)C(=O)[O-])NC(=O)CCC2CC[NH2+]CC2
dude_rock1__L006228,C[C@H](CN/C=C/1\c2ccccc2C(=O)NC1=O)[NH+]3CCCCCC3
dude_rock1__L006229,Cc1c2c(oc1C(=O)Nc3c(c4c(s3)CCCC4)C(=O)OC)CC(C[C@@H]2O)(C)C
dude_rock1__L006230,c1ccc(c(c1)c2c(nnn2Cc3ccc(cc3)F)C[NH3+])Cl
dude_rock1__L006231,CCOC(=O)c1c(csc1NC(=O)[C@@H]2CC=CC[C@@H]2C(=O)[O-])c3ccc(cc3)Br
dude_rock1__L006232,CC1CCC(CC1)[NH+](C)[C@@H](C)C[NH2+]C2CCCC2
dude_rock1__L006233,Cn1cc(c(=O)n(c1=O)C)C[NH2+][C@@H]2CCc3c2ccc(c3)Cl
dude_rock1__L006234,C[C@H](c1ccc2c(c1)OCO2)[NH2+][C@H](C)c3ccc(s3)Cl
dude_rock1__L006235,Cc1c2c([nH]n1)OC(=C([C@@H]2c3ccc(o3)c4ccc(c(c4)C(F)(F)F)Cl)C#N)N
dude_rock1__L006236,C[C@H]1c2ccc(c(c2OC(=O)[C@@H]1CC(=O)NCCC3=c4ccccc4=[NH+]C3)O)O
dude_rock1__L006237,CCc1ccc(cc1)[C@H]2c3c(n[nH]c3C(=O)N2CCO)c4cc(cc(c4O)C)C
dude_rock1__L006238,CS(=O)(=O)N1CCC[C@H](C1)NC(=O)[C@@H]2CCC=CC2
dude_rock1__L006239,c1cc([nH+]cc1CNC(=O)NNC(=O)CCC2CCCCC2)N3CCCC3
dude_rock1__L006240,C=CCN1c2ccccc2[C@@]3(C1=O)C(=C(N(C4=C3C(=O)CCC4)c5ccc(cc5)F)N)C#N
dude_rock1__L006241,CCn1cc(c(n1)C)[C@@H]2CC(=O)N[C@H]3C2=C(NN3C4[NH+]=c5ccccc5=[NH+]4)C
dude_rock1__L006242,CC[C@@H](c1nnc(o1)c2ccc(s2)Br)[NH2+]C
dude_rock1__L006243,c1cc(cc(c1)Br)C(=O)NCC(=O)NNC2=c3cc(ccc3=[NH+]C2=O)[N+](=O)[O-]
dude_rock1__L006244,CC[C@H](C)[C@@H](C)Nc1ccc(cc1Br)S(=O)(=O)N
dude_rock1__L006245,C[C@H]3CN(c1ncnc2[nH]cc(C)c12)CCN3C(=O)Nc4ccc(F)c(Br)c4
dude_rock1__L006246,CC[C@H](C)NC(=O)CCNC(=O)[C@@H]1CCC[C@@H]([C@@H]1[NH3+])C
dude_rock1__L006247,COc1ccc(cc1OC)[C@H]2[C@H]3CC=C[C@@H]3c4cc(ccc4N2)C(=O)N
dude_rock1__L006248,Cc1ccc(c(c1)[C@@H](C)[NH2+][C@@H]2C[C@@H]([NH+](C[C@@H]2C)C)C)OC
dude_rock1__L006249,C[NH+](C)/C=C/C1=C([C@H](NC(=O)N1)c2ccccc2C(F)(F)F)[N+](=O)[O-]
dude_rock1__L006250,c1ccc2c(c1)c(ccc2Br)S(=O)(=O)NNC(=O)c3ccc(cc3)[N+](=O)[O-]
dude_rock1__L006251,Cc1ccc(c(=O)[nH]1)C(=O)N2CCN(C3(C2)CC[NH+](CC3)C)C
dude_rock1__L006252,COc1cc(cc(c1OC)OC)[C@@H]2C3=CN=N[C@H]3NC(=O)CS2
dude_rock1__L006253,CS(=O)(=O)N1CCC(CC1)[NH2+][C@H]2CC(=O)N(C2=O)C3CC3
dude_rock1__L006254,C[C@]1(CC[NH2+]C1)C(=O)N2CCCC[C@H]2CCNS(=O)(=O)C
dude_rock1__L006255,c1cc(ccc1COc2ccc(cc2C=C3C(=O)NC(=O)NC3=O)Br)Cl
dude_rock1__L006256,C[C@@H](C(=O)NC(=O)NC(C)C)Nc1ccc(cc1)CC(=O)N2CC[NH+](CC2)C
dude_rock1__L006257,CC[C@H]([C@@H](c1ccccc1Br)Sc2[nH]ncn2)[NH3+]
dude_rock1__L006258,CC1(C[C@@H]1Nc2cc3c(cc2[N+](=O)[O-])NC(=O)CC3)C
dude_rock1__L006259,Cc1c(c(n[nH]1)C)S(=O)(=O)N[C@@H]2CCCCC[C@@H]2[NH3+]
dude_rock1__L006260,C[C@H]1CCc2ccccc2N1C(=O)CS/C(=[NH+]/C[C@H]3CCCO3)/N
dude_rock1__L006261,Cc1ccc2c(c1)[C@]3([C@H]4[C@@H]([C@H]([NH2+]3)CCC(=O)N)C(=O)N(C4=O)CCCOC)C(=O)N2
dude_rock1__L006262,Cn1c(cc(=O)n(c1=O)C)C[NH2+]Cc2ccccc2Br
dude_rock1__L006263,CCC[NH2+][C@H](C)c1ccc(c(c1)Cl)N2CCO[C@@H](C2)CC
dude_rock1__L006264,CCNC(=O)[C@@H](C)NC(=O)N[C@H](C)c1ccc(cc1)Br
dude_rock1__L006265,Cc1c(nc(n1N)C)N(CC(=O)O[C@@H]2C[C@@H](CC[C@@H]2C(C)C)C)S(=O)(=O)c3cc(ccc3N)[N+](=O)[O-]
dude_rock1__L006266,CCOc1ccccc1[C@H]2C[C@@H](Nc3n2nc(n3)N)c4ccc(cc4)Br
dude_rock1__L006267,CCOC(=O)c1c(n(c2c1c(c(cc2)OC)NC(=O)C[NH+]3CCN(CC3)c4ccc(cc4)[N+](=O)[O-])C)C
dude_rock1__L006268,CCOc1ccc(cc1)n2c(cc(n2)C[NH3+])c3ccc(cc3)Cl
dude_rock1__L006269,c1cc(cc(c1)Br)NC2(CC[NH2+]CC2)C(=O)N
dude_rock1__L006270,C[C@H](C(=O)Nc1ccc(cc1)C(=O)[O-])N2C(=O)/C(=C/c3cc(ccc3O)Br)/SC2=S
dude_rock1__L006271,C[C@H](Cc1ccco1)NC(=O)CC2CCN(CC2)C(=O)[C@@H]3C=c4ccc(cc4=[NH+]3)OC
dude_rock1__L006272,C[C@@H]1CN(c2cc(ccc2O1)S(=O)(=O)Nc3cccc(c3)[C@H]4C=c5ccccc5=[NH+]4)C(=O)C
dude_rock1__L006273,CC(=O)NC[C@@H]1CCC[NH+](C1)CC(=O)NC(=O)NC23CC4CC(C2)CC(C4)C3
dude_rock1__L006274,CC\1=NN(C(=O)/C1=C/c2c([nH]c(=O)[nH]c2=O)[O-])c3c(cc(cc3Cl)Cl)Cl
dude_rock1__L006275,Cc1ccc(c(c1)/N=C(\N)/SCc2[nH]c(=O)c3ccccc3n2)C
dude_rock1__L006276,CC1(CN(CC([NH2+]1)(C)C)CCc2c[nH]c3c2cccc3)C
dude_rock1__L006277,CCC[NH2+]C[C@@](C)(CC)C[NH+]1CCc2c(ccs2)[C@@H]1C
dude_rock1__L006278,CC1(C/C(=N\O)/[C@H](C([NH2+]1)(C)C)[C@@H](c2cccc(c2)[N+](=O)[O-])O)C
dude_rock1__L006279,CC[C@H]([C@@H](c1ccc(s1)Cl)[NH+]2CCC[C@@H]2C(=O)N)N
dude_rock1__L006280,C[NH+]1CCN(CC1)CCCNC(=O)[C@H]2C[C@@H](C[NH2+]2)OC
dude_rock1__L006281,CCCCNC(=O)NC(=O)[C@H](C)[NH2+][C@H](C)c1ccc(cc1OC)OC
dude_rock1__L006282,C[C@@H]1[C@H](C=NN1c2ccccc2)[C@@H](C)[NH2+]C[C@@H]3C=c4ccccc4=[NH+]3
dude_rock1__L006283,c1cc2c(cc1C(=O)N3CCC[C@H]3CO)OCCCO2
dude_rock1__L006284,C[C@H](c1[nH]cc([nH+]1)c2ccccc2)NC(=O)NCCCc3nc(no3)C(C)C
dude_rock1__L006285,Cn1ccc2c1cccc2NC(=O)NC[C@@]3(CCCc4c3cccc4)O
dude_rock1__L006286,Cc1ccc(cc1)Cn2c(c(nn2)C[NH3+])/C=C/c3ccccc3
dude_rock1__L006287,CCNC(=S)N1CC[NH+](CC1)CCn2c(=O)c3c4c(sc3nc2OCC)CCCC4
dude_rock1__L006288,c1cc2c(cc1N)[nH]c(n2)SCCN3CCNC3=O
dude_rock1__L006289,C[C@H]1Cc2ccccc2N1S(=O)(=O)c3ccc(s3)C[NH3+]
dude_rock1__L006290,Cc1ccc(c(c1)[C@H](C)[NH2+][C@H]2CS(=O)(=O)C[C@@H]2O)OC
dude_rock1__L006291,C[C@@H](c1ccccc1)NC(=O)[C@H]2CN(CC23CC[NH2+]CC3)C(=O)c4cccn4C
dude_rock1__L006292,COc1cc(cc(c1OC)OC)/C=N/NC2=NNC(=[NH2+])Cc3n2ncn3
dude_rock1__L006293,C[C@@H](COc1ccc(cc1CC[NH3+])Br)C(=O)N
dude_rock1__L006294,CC(C)CN1C(=O)[C@](NC1=O)(Cc2ccccc2F)C3CC[NH2+]CC3
dude_rock1__L006295,c1ccc(cc1)c2ccc(c(=O)[nH]2)C(=O)NCCc3c[nH]c4c3cccc4
dude_rock1__L006296,C2CN(Cc1ccccc1)CCC2Nc4ccc3[nH]ncc3c4
dude_rock1__L006297,COc1ccc(cc1OC)c2c(n3cc(cc(c3n2)Cl)Cl)C[NH3+]
dude_rock1__L006298,COc1ccc2=[NH+][C@H]([NH+]=c2c1)SCC(=O)Nc3ccc(c(c3)C(=O)[O-])O
dude_rock1__L006299,CC[C@@H](C)C(=O)N1C[C@H](C2(C1)CC[NH2+]CC2)C(=O)N[C@@H](C)c3c([nH]nc3C)C
dude_rock1__L006300,C[C@@H]1CCC[C@@H]([C@@H]1C)[NH2+][C@@H](C)C2CC[NH+](CC2)C
dude_rock1__L006301,CCCCN1[C@@H]([C@H](C(=NC1=O)[O-])N(Cc2ccccc2)C(=O)CCC3=c4ccccc4=[NH+]C3)[NH3+]
dude_rock1__L006302,CC(C)[C@H]1[C@H]2C(=NN=C2OC(=C1C#N)N)C(C)(C)C
dude_rock1__L006303,C[C@]12CCC[C@@]([C@@]1(C[C@H]3[C@@H](C2)OC(=O)[C@H]3C[NH+]4CCN(CC4)c5ccccc5F)O)(C)OC
dude_rock1__L006304,CCC[C@H](CC)[NH2+]Cc1cc2c(cc1Br)OCO2
dude_rock1__L006305,CN1CCCc2c1ccc(c2)[C@@H](CNC(=O)C(=O)NCCc3c[nH]c4c3cccc4)[NH+]5CCCCC5
dude_rock1__L006306,CC[NH2+][C@H](c1ccc(cc1)C)[C@@H](C)n2cc[nH+]c2C(C)C
dude_rock1__L006307,C[C@H]1C2=C(NC3=C([C@@H]2c4ccsc4)C(=O)OC3)[NH+]=N1
dude_rock1__L006308,CC1(C[C@@]2(C[C@H](c3ccc(c(c3O2)O)O)c4cccs4)NC(=S)N1)C
dude_rock1__L006309,c1ccc(cc1)[C@H]2[C@H](SC(=[NH+]2)N/N=C/C3=c4ccccc4=[NH+]C3)c5ccccc5
dude_rock1__L006310,C[NH+]1CCN(CC1)c2cc(cc[nH+]2)CNC(=O)CNC(=O)/C=C/c3ccco3
dude_rock1__L006311,C[C@@H](c1ccc2c(c1)OCO2)[NH2+][C@H](c3cccs3)C(C)C
dude_rock1__L006312,c1ccc(cc1)NC(=O)c2cccc3c2N[C@H]([C@H]4[C@H]3C=CC4)c5ccccc5O
dude_rock1__L006313,Cc1c(cccc1Cl)CNC(=O)[C@H]2CN(CC23CC[NH2+]CC3)C(=O)c4ccc(cc4)OC(F)(F)F
dude_rock1__L006314,C1CCC(=CC1)N(C2CC2)C(=O)C[NH+]3CCCC[C@H]3C(=O)N
dude_rock1__L006315,c1cc2c(cc1[C@H](c3cc(ccc3F)Br)[NH3+])[nH]c(=O)[nH]2
dude_rock1__L006316,CCC[NH2+][C@@H](C)c1cc(ccc1O[C@@H](C)C(=O)N)Br
dude_rock1__L006317,CCC(CC)(C[NH2+]C(C)(C)C)c1ccc2c(c1)OCCO2
dude_rock1__L006318,Cc1ccccc1c2csc3c2c(=O)[nH]c(n3)C[NH2+]C
dude_rock1__L006319,C[C@]1(C(=O)N(C(=O)N1)CC(C)(C)[NH3+])c2ccc(cc2)[N+](=O)[O-]
dude_rock1__L006320,C[C@@H]1CCC[NH2+][C@@H]1C(=O)N2C[C@@H](CC[C@@H]2C)C(=O)N
dude_rock1__L006321,Cc1cccc2c1[nH]c(c2/C=N/NC(=O)C(=O)Nc3ccccc3Cl)c4ccccc4
dude_rock1__L006322,Cc1cccc2c1[nH]cc2CCNC(=O)[C@@H]3CN(CC34CC[NH2+]CC4)C(=O)c5ccc(cc5)Cl
dude_rock1__L006323,CCS(=O)(=O)/N=c\1/[nH]c(c(s1)C)c2ccc(s2)C[NH3+]
dude_rock1__L006324,CN1c2ccc(cc2N[C@@H]1C(F)(F)F)NC(=O)C(=O)NCCC3=c4ccccc4=[NH+]C3
dude_rock1__L006325,C[C@H](Cc1ccc(cc1)F)NC(=O)[C@@H]2CN(CC23CC[NH2+]CC3)C(=O)CCC4CCCC4
dude_rock1__L006326,CN1c2c(cc(cc2O)O)C/C(=N/c3c1ncnc3Cl)/I
dude_rock1__L006327,Cc1cc(ccc1/C(=C/2\[C@@H](N(C(=O)C2=O)CC[NH+](C)C)c3cccnc3)/O)OC(C)C
dude_rock1__L006328,CC[C@H]([C@@H](c1cccs1)Oc2ccc(cc2)C(=O)N)[NH3+]
dude_rock1__L006329,C[C@@H](c1cc2ccccc2o1)[NH2+][C@H](C)c3c(ccs3)Br
dude_rock1__L006330,Cc1cccc(c1)CN2C[C@H](CC2=O)C3=NO[C@@H](N3)[C@@H]4C=CC=NC4=O
dude_rock1__L006331,Cc1ccc(cc1)N(C)C(=O)c2ccc(nn2)N
dude_rock1__L006332,Cc1c([nH+]c2ccc(cc2c1N(C)C)OC(F)(F)F)CN
dude_rock1__L006333,Cc1cc(cc(c1Cl)C)Oc2c(c(ncn2)NC(C)(C)C)N
dude_rock1__L006334,CC[C@]1(C(=O)N(C(=O)N1)C[C@H](C[NH+]2CCc3ccccc3C2)O)C
dude_rock1__L006335,C[C@H](c1ccc(cc1)F)NC(=O)Cn2c3ccccc3[nH+]c2NCCO
dude_rock1__L006336,C[C@H](CNC(=O)NCCc1nnc2n1cccc2)[NH+]3CCc4ccccc4C3
dude_rock1__L006337,CCOc1ccccc1CNC(=O)[C@H]2CN(CC23CC[NH2+]CC3)C(=O)c4cccc(c4)Br
dude_rock1__L006338,C[C@@H]1c2c(n(c([nH+]2)C3CC3)C)CCN1C(=O)C[C@@H](Cc4cc(c(cc4F)F)F)[NH3+]
dude_rock1__L006339,CC[NH+](CC)C[C@@H]1[C@H](c2c(cc(cc2OC1(C)C)C)C)[NH3+]
dude_rock1__L006340,CCC(=O)N1C[C@@H](C2(C1)CC[NH2+]CC2)C(=O)NCCNC(=O)OC(C)(C)C
dude_rock1__L006341,Cc1ccc(c(c1)NC(=O)C[NH+](C)[C@@H](C)C(=O)Nc2c(ccs2)C(=O)N)C
dude_rock1__L006342,COc1ccc(cc1OC)[C@@H](CN/C(=[NH+]/C[C@H]2CCCO2)/N)N3CCOCC3
dude_rock1__L006343,CC(=O)N[C@H]1C[C@H](O[C@H](C1)C2CCCCC2)c3ccc[nH+]c3NC
dude_rock1__L006344,Cc1ccc(c(c1)C[NH2+][C@H](C)c2ccc(cc2)Br)OC
dude_rock1__L006345,CN(c1cc(cc[nH+]1)/C(=N/O)/N)C2CCCC2
dude_rock1__L006346,Cc1ccsc1CNC(=O)[C@@H]2CN(CC23CC[NH2+]CC3)C(=O)[C@H](C(C)C)Oc4ccccc4
dude_rock1__L006347,CCn1c(n[nH]c1=S)[C@H](C)NC(=O)c2cccs2
dude_rock1__L006348,CCOC(=O)c1cnc2n(c1=[NH2+])nc(s2)C(F)(F)F
dude_rock1__L006349,CCCNC(=O)CC[NH2+][C@H](C)c1ccc2c(c1)[nH]c(=O)[nH]2
dude_rock1__L006350,COc1cccc(c1OCc2ccccc2F)[C@@H]3c4c(nc[nH]4)CC[NH2+]3
dude_rock1__L006351,c1cc(nc(c1Cl)Cn2cnc3c(c2=O)ccs3)N
dude_rock1__L006352,CC[C@H]([C@@H](c1ccc(s1)Br)Sc2nnnn2C)[NH3+]
dude_rock1__L006353,c1ccc(cc1)C2=NO[C@@H](C2)C(=O)N3CCC[C@H](C3)O
dude_rock1__L006354,CC[NH2+][C@](C)(COc1c(cc(cc1Br)[N+](=O)[O-])Br)C(=O)N
dude_rock1__L006355,CCOc1ccccc1/[NH+]=c\2/c(cc3ccc(cc3o2)O)C(=O)NCc4ccco4
dude_rock1__L006356,Cc1ccc(c(c1)OCC(=O)NNC(=O)NCc2cc[nH+]c(c2)N3CCCC3)C
dude_rock1__L006357,Cc1ccc(c(c1)C)NC(=O)NC(=O)COC(=O)c2cc(c(cc2NC(=O)C(C)(C)C)OC)OC
dude_rock1__L006358,CCCC[C@H](C(=O)Nc1cc(on1)C)[NH2+]CC(=O)Nc2ccc(c(c2F)F)F
dude_rock1__L006359,CCOc1ccc(cc1)c2c(c(nc3c2c(c(s3)C#N)N)N)C#N
dude_rock1__L006360,C[C@](c1ccc(cc1)Br)(C(=O)N)[NH2+]C[C@@H]2CCCO2
dude_rock1__L006361,Cc1cc(c(cc1N)N2CCCC2)[N+](=O)[O-]
dude_rock1__L006362,CC1CC[NH+](CC1)[C@H](CNC(=O)Nc2cc(ccc2OC)C(=O)NC)C(C)C
dude_rock1__L006363,C[C@@H]1C2=C([C@H](O[C@@H]2C)NC(=O)C[NH+]3CCC4=C([C@@H]3c5ccccc5)CCS4)C(=O)NN1
dude_rock1__L006364,C[C@@H](C(=O)OC)S(=O)(=O)[N-]c1c(cc(cc1Br)N)Br
dude_rock1__L006365,CCn1c2ccccc2c(c(c1=O)[C@@H](C)[NH2+]Cc3cccnc3)O
dude_rock1__L006366,c1cc(c(cc1[N+](=O)[O-])C[NH3+])O[C@@H]2CS(=O)(=O)C[C@@H]2O
dude_rock1__L006367,CCOC(=O)c1ccc(c(c1)Br)S(=O)(=O)NCc2ccc[nH+]c2N(C)C
dude_rock1__L006368,c1ccc2c(c1)c(nn3c2nnc3)N/N=C/c4cc(cc(c4O)Br)Br
dude_rock1__L006369,CC[C@H]1CC[C@H]([C@@H](C1)[NH+](CC2CC2)C(C)C)[NH2+]CC
dude_rock1__L006370,c1ccc2c(c1)C=NN3C2=NN[C@@H]3c4ccc(=O)[nH]n4
dude_rock1__L006371,CC1=c2cc(ccc2=[NH+][C@@H]1C(=O)NCCC3=CCCCC3)OC
dude_rock1__L006372,CC[C@H](C)[NH+]1CCN(CC1)c2ccccc2[C@@H](C)[NH2+]CC
dude_rock1__L006373,Cc1ccc(c(c1)Nc2c(c(nc[nH+]2)N(C)c3ccccc3)N)OC
dude_rock1__L006374,CCc1c(c(c([nH]1)C(=O)NNC(=O)NCCCn2cc[nH+]c2)C)C(=O)OC
dude_rock1__L006375,CCCCNC(=O)NC1(CCCCC1)C(=O)NCCN2CC[NH+](CC2)C
dude_rock1__L006376,Cc1ccccc1C(=O)Nc2ccnn2C3CCN(CC3)c4[nH+]ccc(n4)N
dude_rock1__L006377,Cc1ccc(cc1C)c2csc(c2C(=O)OC(C)C)NC(=O)[C@@H]3CC=CC[C@@H]3C(=O)[O-]
dude_rock1__L006378,NCC4CCN(c2nc(c1ccncc1)cnc2N3CCCC3)CC4
dude_rock1__L006379,Cc1c(c([nH]c1C(=O)CSc2nnc(n2N)c3ccoc3C)C)C(=O)OC
dude_rock1__L006380,C[C@H](C(=O)OC)NC(=O)[C@@H]1CNCCN1C(=O)C2CC[NH2+]CC2
dude_rock1__L006381,CC[NH2+]CCn1c(c(n2c1nc3c2c(=O)[nH]c(=O)n3C)C)C
dude_rock1__L006382,C[C@H](C(=O)NC(C)(C)CO)NC(=O)C12CC3CC(C1)CC(C3)C2
dude_rock1__L006383,Cc1c\2c(oc1C(=O)N(CC#N)CC#N)CCC/C2=N\NC(=[NH2+])N
dude_rock1__L006384,CN(C)C(=O)[C@@H]1CCC[NH+]1CCCNC(=O)NNC(=O)CC2CCCCC2
dude_rock1__L006385,CCNC(=O)NC(=O)[C@@H](C)[NH+](C)CC(=O)Nc1ccc(cc1)N2CCOCC2
dude_rock1__L006386,c1cc2c(c(c1)NS(=O)(=O)CC3CCCCC3)NCCC2
dude_rock1__L006387,Cc1c(c([nH]c(=O)c1C#N)C)CCC(=O)NC[C@H](c2ccccc2OC)[NH+]3CCCCC3
dude_rock1__L006388,C[NH+](Cc1ccccc1F)CC(=O)N(C)c2c(n(c(=O)[nH]c2=O)Cc3ccccc3)N
dude_rock1__L006389,C5CN(c4nc(NC2Cc1ccccc1C2)nc(Nc3ccncc3)n4)CCN5
dude_rock1__L006390,C[C@H](c1nnc(n1c2ccc(cc2)Cl)S[C@H](C)C(=O)NC(=O)N)[NH+](C)C
dude_rock1__L006391,CCC[NH+](CCC)[C@H]1C[C@@H](CC[C@@H]1C[NH3+])C(C)(C)C
dude_rock1__L006392,CC[C@@H](c1cc(ccc1O)Br)[NH2+]Cc2c[nH]nc2C
dude_rock1__L006393,Cc1c\2c(oc1C(=O)Oc3ccc(cc3)c4ccc(cc4)C#N)CC(C/C2=N\NC(=[NH2+])N)(C)C
dude_rock1__L006394,Cc1ccc(cc1)Nc2c(c(ncn2)Nc3ccc(cc3C)C)N
dude_rock1__L006395,CN(C(C1CC1)C2CC2)C(=O)C3CCN(CC3)C(=O)N
dude_rock1__L006396,c1ccc(cc1)/C(=N\O)/C(=N\O)/Nc2c(c3c(s2)CN(CC3)c4ccc(cc4)[N+](=O)[O-])C#N
dude_rock1__L006397,CC(C)(C(=O)N)[NH2+]C[C@@H](c1ccc(cc1)C#N)O
dude_rock1__L006398,c1ccc2c(c1)c(=O)nc([nH]2)C[NH+]3CCN(CC3)c4ccccc4O
dude_rock1__L006399,CC(C)(C)c1c(n2c(n1)cccc2Br)C[NH3+]
dude_rock1__L006400,C[C@@H](C(=O)N1CCC[C@@H](C1)C(=O)N)[NH+]2CCN(CC2)c3ccc(cc3)F
