ligand_id,smiles
dude_mk01__L000001,[H]/N=C\1/C(=C([C@@H](O1)c2ccccc2Cl)NNS(=O)(=O)c3ccc(cc3)Cl)O
dude_mk01__L000002,CC1(CC2=C([C@H](N=C(N2)Nc3nc4ccccc4o3)c5ccc(cc5)SC)C(=O)C1)C
dude_mk01__L000003,Cc1cccc(c1C)N2C(=O)C[C@H](C2=O)Nc3ccccc3Br
dude_mk01__L000004,CC(C)[C@H](C(=O)Nc1ccc2c(c1)[nH]c(=O)[nH]2)NC(=O)c3ccc(cc3)Cl
dude_mk01__L000005,Cc1ccc(cc1)C(=O)NCC(=O)OCC(=O)NC(=O)NC23CC4CC(C2)CC(C4)C3
dude_mk01__L000006,c1ccc(c(c1)N)O[C@H]2[C@H]([C@@H]([C@@H]([C@H](O2)C(=O)[O-])O)O)O
dude_mk01__L000007,c1cc(cc(c1)O)Nc2cc(=O)n(c(=O)[nH]2)C3CCCCC3
dude_mk01__L000008,CCOC(=O)C1=C(Nc2nc(nn2[C@H]1c3ccc(cc3)C(=O)OC)SCc4ccccc4Cl)C
dude_mk01__L000009,COc1ccc(cc1)[C@H]2[C@@H]3CCCC=C3C(=C(C2(C#N)C#N)N)C#N
dude_mk01__L000010,c1ccc(cc1)CCn2c(=O)c(c([nH]c2=O)[O-])[C@@H]3c4c(c5cc(ccc5[nH]4)Cl)CC[NH2+]3
dude_mk01__L000011,Cc1ccc(o1)[C@H](C)NC(=O)N2CCC(CC2)[C@H](c3ccc(cc3)Cl)O
dude_mk01__L000012,CCCNC(=O)c1ccc2c(c1)[C@H]3C=CC[C@H]3[C@H](N2)c4cccc(c4O)OC
dude_mk01__L000013,c1cc(ccc1/C=N/Nc2[nH]nc(n2)SCC(=O)Nc3ccc(c(c3)C(F)(F)F)Cl)O
dude_mk01__L000014,C[C@H](C(=O)N1CCCC[C@@H]1C(=O)N)Cl
dude_mk01__L000015,c1ccc(cc1)CCOc2ccc(cc2)C(=O)NC(=S)Nc3c(c4c(s3)CCCC4)C(=O)N
dude_mk01__L000016,C[C@@]1(CCCN(C1)C(=O)c2c[nH]c(=O)[nH]2)C(=O)[O-]
dude_mk01__L000017,C[C@@H](CCc1ccc(cc1)O)NC(=O)NNC(=O)CC23CC4CC(C2)CC(C4)C3
dude_mk01__L000018,Cc1c(cccc1N)c2nnnn2c3cc(ccc3Br)Br
dude_mk01__L000019,Cc1c(cccc1N2CCCC2=O)NC(=O)NC3[C@@H]4CCC[C@H]3C[NH+](C4)C5CC5
dude_mk01__L000020,CCOc1ccc(cc1)[C@@H]2C[C@@H](Nc3n2nc(n3)N)c4ccc(cc4)F
dude_mk01__L000021,c1c(cc(cc1N2CCO[C@@H]3[C@@H]2CCCC3)S(=O)(=O)N)N
dude_mk01__L000022,CNS(=O)(=O)c1ccc(cc1)N/C=C\2/C(=O)NC(=O)N(C2=O)c3ccccc3
dude_mk01__L000023,C[C@@H](c1ccccc1Br)NC(=O)Nc2ccc(cc2)OCC(=O)N
dude_mk01__L000024,c1ccc(cc1)[C@@H](C(=O)N)NC(=O)c2cc(c[nH]2)c3c(cn[nH]3)c4cccc(c4)Cl
dude_mk01__L000025,Cc1c(c(n(n1)[C@H](C)C(=O)NC(=O)N)C)C(=O)[O-]
dude_mk01__L000026,c1cc(ccc1[C@H](C2CCN(CC2)c3c(c(ns3)Cl)C#N)O)Cl
dude_mk01__L000027,Cc1cccc2c1[nH]c(=O)c(c2)C[NH+](C3CCCC3)[C@H](c4nnnn4CCc5ccccc5)C(C)C
dude_mk01__L000028,COc1ccccc1c2nc(cs2)CN3C(=O)c4ccccc4C3=O
dude_mk01__L000029,c1cc2c(cc1Cl)[C@]3([C@H]4[C@@H]([C@H]5[NH+]3CCC5)C(=O)N(C4=O)c6cc(cc(c6)Cl)Cl)C(=O)N2
dude_mk01__L000030,c1cc(ccc1/C=N/Nc2nnc(n2N)SCC(=O)Nc3c(c4c(s3)CCCC4)C#N)F
dude_mk01__L000031,CCCCCC(=O)Nc1nc2c(s1)C[C@H]3[C@]([C@@H]2CC(=O)NC4CC4)(CC[C@H]([C@@]3(C)CO)O)C
dude_mk01__L000032,COc1ccc(cc1S(=O)(=O)N)NC(=O)C2C3CC4CC(C3)CC2C4
dude_mk01__L000033,CCCOC(=O)C1=C(Nc2nc(nn2[C@@H]1c3ccc(c(c3)OC)OCc4ccc(cc4)C)SCC)C
dude_mk01__L000034,c1cc(c(cc1[C@H]2[C@H](Cc3ccc(c(c3O2)O)O)O)O)O
dude_mk01__L000035,Cc1cccc2c1[nH]c(cc2=O)CS[C@H]3NN[C@@H](N3c4ccccc4)CC(C)C
dude_mk01__L000036,CC[C@H](C)NS(=O)(=O)c1ccc2c(c1)[C@H]3C=CC[C@@H]3[C@@H](N2)c4ccc(cc4O)O
dude_mk01__L000037,Cc1ccc(o1)/C=N/Nc2nnc(n2N)SCC(=O)C3C4CC5CC(C4)CC3C5
dude_mk01__L000038,c1ccc(cc1)n2c(nnc2SCC(=O)Nc3ccc(cc3)Cl)Cc4cc(=O)[nH]c(=O)[nH]4
dude_mk01__L000039,CC(C)n1c(n[nH]c1=S)CNC(=O)c2ccc(c(c2O)Cl)Cl
dude_mk01__L000040,Cc1ccc2c(c1)[C@]3([C@H]4[C@@H]([C@@H]5[NH+]3CCC5)C(=O)N(C4=O)c6ccc(c(c6)Cl)F)C(=O)N2
dude_mk01__L000041,c1cc(ccc1C[C@H](C2CCCCC2)NC(=O)[C@H]3CCCN(C3)C(=O)N)Cl
dude_mk01__L000042,C[C@H](C(=O)Nc1nc2ccccc2s1)n3c(nnc3SCc4ccccc4Cl)N
dude_mk01__L000043,c1ccc2c(c1)NC(=O)[C@@H](S2)CC(=O)NNC(=O)CC3CCCCC3
dude_mk01__L000044,CCOc1cc(cc(c1O)Br)[C@@H]2C(=C(NC(=O)N2)C)C(=O)Nc3ccc(cc3C)C
dude_mk01__L000045,c1cc2c(cc1NC=C3C(=O)NC(=S)NC3=O)C(=O)NC2=O
dude_mk01__L000046,Cc1c(sc(c1C(=O)[O-])NC(=O)N2CCC(CC2)O)C
dude_mk01__L000047,Cc1ccccc1OCC(=O)NC(=S)Nc2c(c3c(s2)CCC3)C(=O)N
dude_mk01__L000048,CCn1c(n[nH]c1=S)CNC(=O)Cc2c(c3c(=O)[nH]n(c3nc2C)C)C
dude_mk01__L000049,CCOc1ccc(cc1)NC(=O)N(CCOC)CC(=O)N2CCn3cccc3[C@@H]2c4ccc(cc4)C(C)C
dude_mk01__L000050,c1ccc(cc1)C[C@@H](C(=O)NN)NC(=O)N2C[C@H]3C[C@@H](C2)c4cccc(=O)n4C3
dude_mk01__L000051,c1c(csc1CNC(=O)NNC(=O)CCC2CCCCC2)Br
dude_mk01__L000052,CCOC(=O)c1c(c(c(s1)N)C#N)CSc2nnc(n2N)c3ccccc3Br
dude_mk01__L000053,CCCCN(c1c(n(c(=O)[nH]c1=O)CCC)N)C(=S)Nc2cccc(c2C)C
dude_mk01__L000054,CC1CCC(CC1)NC(=O)[C@@H]2C=C(N=N2)c3ccc(cc3)Br
dude_mk01__L000055,Cc1ccccc1/C=C/2\C(=O)N(/C(=N/c3nnc(s3)C)/S2)CC=C
dude_mk01__L000056,c1cc(ccc1Nc2c(c(ncn2)Nc3ccc(cn3)Br)N)I
dude_mk01__L000057,c1cc(ccc1NC(=O)CSC2=NN[C@H](N2c3ccc(cc3)F)Cc4cc(=O)[nH]c(=O)[nH]4)F
dude_mk01__L000058,Cc1ccc(cc1)C2=C[C@H](N=N2)[C@H]3NN[C@@H](N3N)S
dude_mk01__L000059,C[C@@H](C(=O)Nc1ccc(c(c1)Cl)C#N)Nc2ccc(cc2)NC(=O)NC3CC3
dude_mk01__L000060,Cc1cc(c2c(c(sc2n1)C(=O)N)N)COC
dude_mk01__L000061,c1cc(ccc1C(=O)NCCC2=CCCCC2)NS(=O)(=O)c3ccc4c(c3)[nH]c(=O)[nH]4
dude_mk01__L000062,Cc1cc(cc(c1O)Br)NS(=O)(=O)c2ccccc2[N+](=O)[O-]
dude_mk01__L000063,CCC1=C([C@H](NC(=S)N1)c2cc(c(cc2F)F)[N+](=O)[O-])C(=O)OC
dude_mk01__L000064,Cc1c(c(n[nH]1)C)CCC(=O)N/N=C/c2cc(ccc2O)Br
dude_mk01__L000065,CC[C@@H](C)[C@@H](C(=O)Nc1ccc2c(c1)CCC2)NC(=O)Nc3ccc(cc3)C
dude_mk01__L000066,C[C@@]1(CC[C@H](C1(C)C)[C@@H](C(=O)[O-])[NH3+])C(=O)[O-]
dude_mk01__L000067,C1CCC(CC1)(C(=O)[O-])NC(=O)N2CCC(CC2)O
dude_mk01__L000068,CC(C)N1C(=O)/C(=C/c2c(nc3ccccn3c2=O)N4CCNC(=O)[C@H]4CC(=O)OC)/SC1=S
dude_mk01__L000069,CCOc1cc(cc(c1O)Cl)[C@@H](C[NH3+])N2C[C@@H](C[C@@H](C2)C)C
dude_mk01__L000070,CCOc1ccc(cc1)C(=O)Nc2c(nc([nH]c2=O)SCc3c(cccc3Cl)F)N
dude_mk01__L000071,c1ccc2c(c1)c(c(s2)C(=O)NC(=S)Nc3ccc(cc3)S(=O)(=O)NCc4ccco4)Cl
dude_mk01__L000072,CCOC(=O)C1=C(NC(=O)N[C@@H]1c2ccc(cc2)Cl)CSc3nnc(n3N)c4ccco4
dude_mk01__L000073,C1CCC(CC1)NC(=O)NC(=O)CSc2nc(c3c4c(sc3n2)CCCC4)N
dude_mk01__L000074,Cc1cc(cc(c1)N2C3=C(C(=O)CCC3)[C@@]4(c5ccccc5N(C4=O)CC#C)C(=C2N)C#N)C
dude_mk01__L000075,Cc1c2c([nH]c1C(=O)NCCN3c4ccccc4N[C@@H]3C)CCCC2=O
dude_mk01__L000076,CCc1ccc(c(c1)Br)OCC(=O)NNC(=O)NC2CCCCC2
dude_mk01__L000077,C[C@@H]1[C@H](CC[C@]2([C@H]1[C@H]([C@H](CC2)[C@H](C)C(=O)NCc3ccc(cc3)F)O)C)NC(=O)C4CC4
dude_mk01__L000078,CCc1cc2c(s1)ncn(c2=O)NC(=O)CCc3c(nc4nc(nn4c3C)N)C
dude_mk01__L000079,c1cc(c(cc1[N+](=O)[O-])Br)NC(=O)c2cc(ccc2N)F
dude_mk01__L000080,Cc1cc(c(cc1Br)C(C)C)OCC(=O)Nc2c(c3c(s2)CCCC3)C(=O)N
dude_mk01__L000081,[H]/N=c\1/c(=C\c2ccc(cc2)O)/c(=O)nc-3s/c(=C/C(=O)N4CCCCC4)/[nH]n13
dude_mk01__L000082,CCOc1ccc(cc1[C@@H]2C(=C(O[C@@H]3C2=C(N=N3)C)N)C#N)Br
dude_mk01__L000083,C[C@@H]1CCc2c(sc3c2c(nc(n3)SCC(=O)N[C@H](C)COC)N)C1
dude_mk01__L000084,CCOC(=O)C1=C(NC(=O)NC1)CSc2nc(c3c4c(sc3n2)CCCC4)N
dude_mk01__L000085,Cc1c(sc(n1)N)C(=O)NC2CCC(CC2)O
dude_mk01__L000086,Cc1cc(cc(c1O)c2nc3ccccc3o2)NC(=S)NC(=O)c4cc5ccccc5cc4OC
dude_mk01__L000087,CC[C@]1(C(=O)N(C(=O)N1)NC(=O)C[NH+]2CCC(CC2)C(=O)c3ccc(cc3)O)c4ccccc4
dude_mk01__L000088,CCOC(=O)[NH+]=c1ccc-2c(cc(oc2c1)O)CSc3nnc(o3)COc4ccc(cc4)Cl
dude_mk01__L000089,c1ccc(c(c1)NC(=O)NN)[N+](=O)[O-]
dude_mk01__L000090,c1cc(c(cc1C=O)[N+](=O)[O-])Oc2ccc(cc2F)Br
dude_mk01__L000091,COc1ccc2c(c1OC)C(=O)O[C@H]2c3c(n(c(=O)[nH]c3=O)Cc4cccnc4)N
dude_mk01__L000092,CCc1c(sc(c1C(=O)OCC)NC(=O)C[C@@H]2C(=O)Nc3cc(c(cc3N2)C)C)C
dude_mk01__L000093,CC(C)(C)N([C@@H](c1c(cc(cc1O)O)O)C(=O)NC2CCCCC2)C(=O)CCc3ccc(cc3)OC
dude_mk01__L000094,Cc1ccc(o1)c2c(c(nc(c2C#N)Sc3ccccc3)N)C#N
dude_mk01__L000095,Cc1c(sc(c1C(=O)N)NC(=S)NC(=O)COc2ccc(cc2)Br)C
dude_mk01__L000096,CC1(Cc2c(sc3c2c(=O)n(c(=O)n3CC(=O)N)CCCO)CO1)C
dude_mk01__L000097,COc1ccc(cc1)NS(=O)(=O)c2ccc3c(c2)[C@@H]4C=CC[C@H]4[C@@H](N3)c5ccccc5O
dude_mk01__L000098,CC(C)CN1C(=[NH2+])[C@@H]([NH+]=C1C2CC2)c3ccc(cc3F)Br
dude_mk01__L000099,c1cc2c(c(c1)N)C(=O)c3ccc(c(c3C2=O)O)S(=O)(=O)[O-]
dude_mk01__L000100,c1cc(ccc1C(=O)N[C@@H](C(Cl)(Cl)Cl)Nc2ccc(cc2)S(=O)(=O)N)[N+](=O)[O-]
dude_mk01__L000101,CC[C@H](C)NS(=O)(=O)c1ccc2c(c1)[C@H]3C=CC[C@H]3[C@H](N2)c4ccc(cc4O)O
dude_mk01__L000102,CC(C)(C)N([C@@H](c1c(cc(cc1O)O)O)C(=O)NC2CCCCC2)C(=O)CCC3CCCCC3
dude_mk01__L000103,c1ccc2c(c1)[C@@H](c3c(=O)[nH]c(nc3O2)[S-])c4c([nH]c(=S)[nH]c4=O)O
dude_mk01__L000104,CC(C)c1ccc(cc1)NC(=O)NNS(=O)(=O)c2ccc(c(c2)OC)OC
dude_mk01__L000105,Cc1cnc(nc1c2cc([nH]c2)C(=O)N[C@H](CO)c3cccc(c3)Cl)Nc4cccc5c4CCC5
dude_mk01__L000106,c1ccc2c(c1)cccc2CSc3[nH]c(=O)c(c(n3)N)NC(=O)c4ccccc4F
dude_mk01__L000107,c1cc(cc(c1)F)[C@@H]2[C@H]3C(=NN=C3OC(=C2C#N)N)c4ccc(cc4)F
dude_mk01__L000108,CC(C)(C)c1ccccc1OCCNC(=O)[C@@H](Cc2ccccc2)NC(=O)N
dude_mk01__L000109,CC(=O)Nc1ccc(c(c1)NC(=O)NCC(C)(C)c2ccc(cc2)Cl)OC
dude_mk01__L000110,c1ccc(c(c1)C(=O)c2ccc(cc2)Br)C(=O)Nc3ccc(cc3)NC(=O)N
dude_mk01__L000111,CC[NH+](CC)c1ccc(cc1)NC(=O)CSc2nc([nH]n2)N/N=C/c3ccccc3Cl
dude_mk01__L000112,Cc1cc(cc(c1)NC(=O)CNc2ccc(cc2)C(=O)NC3CCCCC3)C
dude_mk01__L000113,Cc1ccc(cc1)/C=N/Nc2nnc(n2N)SCCC(=O)Nc3cccc(c3)Br
dude_mk01__L000114,c1cc(ccc1NC(=O)N2C[C@H](C[C@@H]2C(=O)[O-])O)I
dude_mk01__L000115,Cc1ccc2c(c1)N[C@H](NS2(=O)=O)C(=O)Nc3ccccc3C(=O)N
dude_mk01__L000116,C[C@@]12CC[C@H]([C@@]([C@@H]1CC[C@H]([C@H]2CC(=O)NCc3cccs3)O)(C)CO)OC(=O)NC4CCCCC4
dude_mk01__L000117,C[C@@]1(CC(=O)[C@H]([C@H]([C@H]1C(=O)Nc2ccccc2OC)c3ccc(cc3)O)C(=O)Nc4ccccc4OC)O
dude_mk01__L000118,[H]\N=C\1/C(=C/c2cc(n(c2C)c3ccc(cc3OC)[N+](=O)[O-])C)/C(=O)N=C4N1C(=NS4)S(=O)(=O)C
dude_mk01__L000119,Cc1ccc(cc1)c2nnc(n2N)SCC(=O)N[C@@H](c3ccc(cc3)F)C(C)C
dude_mk01__L000120,c1cc(c(c(c1[N-]S(=O)(=O)c2cc(cnc2Cl)Br)F)F)F
dude_mk01__L000121,Cc1ccc(c(c1)[C@H](C)NC(=O)Nc2cc(ccc2F)NC(=O)C)OC
dude_mk01__L000122,CN([C@@H](c1c(cc(cc1O)O)O)C(=O)NC2CCCCC2)C(=O)c3ccc(cc3)Cl
dude_mk01__L000123,COc1cc(cc(c1OC)OC)[C@H]2[C@@H]3CC=C[C@H]3c4cc(ccc4N2)C(=O)N
dude_mk01__L000124,C[C@@H]1CCC[C@H](N1C(=O)COc2ccc(cc2)C(=O)N/N=C/c3ccc(cc3OC(F)F)OC(F)F)C
dude_mk01__L000125,CC(C)NC(=O)CSc1nnc(n1N)c2c(c3ccccc3s2)Cl
dude_mk01__L000126,COc1ccc2c(c1)sc(n2)Nc3c(c(ncn3)NCCc4cccs4)N
dude_mk01__L000127,Cc1ccc(cc1)c2nc(on2)CSc3c4ccsc4ncn3
dude_mk01__L000128,CCOc1ccc(cc1)NC(=O)C2=C(NC(=S)N[C@@H]2c3ccc(c(c3)OCC)O)C
dude_mk01__L000129,Cc1c(sc(c1C(=O)Nc2ccc(cc2)c3cc[nH]n3)NC(=O)C4CC4)C
dude_mk01__L000130,Cc1cc(c(c(c1)Br)NC(=O)NC(C)(C)C(=O)[O-])Br
dude_mk01__L000131,c1cc2c(c(c1)Br)N[C@@H]([C@H]3[C@H]2C=CC3)c4ccc(cc4O)O
dude_mk01__L000132,CC(C)(C)N([C@@H](c1c(cc(cc1O)O)O)C(=O)NC2CCCCC2)C(=O)c3ccc(cc3)F
dude_mk01__L000133,C[C@@H]1CN(C[C@H](O1)C)c2ccc(cc2N)S(=O)(=O)N
dude_mk01__L000134,C[C@@H]1Cc2ccccc2N1S(=O)(=O)c3ccc(c(c3)N)O
dude_mk01__L000135,CCCCCCN1[C@H]([C@H](C(=O)NC1=S)[C@@H]2[C@@H]3C(=c4ccccc4=[NH+]3)CCN2)O
dude_mk01__L000136,C1CCc2c(c(c(s2)NC(=O)CSc3[nH]c(nn3)CCC4CCCC4)C(=O)N)C1
dude_mk01__L000137,CCOC(=O)[C@@H]1[C@@H](CC2=C(C1=O)[C@@H](C(=C(N2)C)C(=O)OCC)c3cccc(c3)OC)c4ccccc4OC
dude_mk01__L000138,CC(=C)C(=O)N(c1ccccc1Cl)[C@@H](c2c(cc(cc2O)O)O)C(=O)NC3CCCCC3
dude_mk01__L000139,CCC(=O)Nc1cccc(c1)NC(=O)NCc2ccccc2OC3CCCC3
dude_mk01__L000140,C[C@H]1CCC[C@@](C1)(C(=O)[O-])NC(=O)NC2(CCCCC2)C
dude_mk01__L000141,C[C@@]12C[C@@]1([C@@]([C@@H]([C@@H]3[C@@H]2CC(C3)(C)C)O)(CO)O)C(=O)[O-]
dude_mk01__L000142,CC(C)(C)NS(=O)(=O)c1ccc2c(c1)[C@H]3C=CC[C@@H]3[C@@H](N2)c4cc(cc(c4O)Cl)Cl
dude_mk01__L000143,CC(C)[NH2+][C@](C)(c1cc2cc(ccc2o1)Br)C(=O)N
dude_mk01__L000144,CCN(CC)C(=O)c1c(c(c(s1)NC(=O)Nc2ccc(c(c2)Cl)Cl)C(=O)N)C
dude_mk01__L000145,c1cc(ccc1c2cnc([nH]2)SCC(=O)Nc3ccc4c(c3)[nH]c(=O)[nH]4)Br
dude_mk01__L000146,C[C@@H]1CCc2c(sc(c2C(=O)N)NS(=O)(=O)c3ccc(c(c3)Cl)Cl)C1
dude_mk01__L000147,c1ccc(cc1)NC(=O)NNC(=S)NC(=O)c2ccccc2I
dude_mk01__L000148,C[C@H]1CCCC[C@]12C(=O)N(C(=O)N2)CC(=O)Nc3c(cccc3F)F
dude_mk01__L000149,c1ccc(c(c1)N2c3c(c(c(c(n3)N)C#N)N)CC2=O)F
dude_mk01__L000150,C[C@@]12CC[C@@H](C[C@H]1CC[C@@H]3[C@H]2CC[C@@]4([C@@]3(C[C@@H]([C@H]4c5ccc(=O)oc5)C(=O)OC)O)C)O
dude_mk01__L000151,CC1=C([C@@H](NC(=S)N1)c2ccc(c(c2)OC)O)C(=O)N/N=C/c3ccc(cc3)F
dude_mk01__L000152,CCOC(=O)C1=C(NC(=O)N[C@H]1c2cccs2)CN3CCC(CC3)(C(=O)N)[NH+]4CCCCC4
dude_mk01__L000153,CCOc1ccc2c(c1)s/c(=N/C(=O)[C@@H]3CCCN(C3)S(=O)(=O)c4cccs4)/n2CCSC
dude_mk01__L000154,c1cc(c(cc1C(=O)NNc2c(c(cc(c2F)F)F)F)S(=O)(=O)N)Cl
dude_mk01__L000155,C[C@@H]1CN(CCCO1)c2ccc(cc2N)S(=O)(=O)N
dude_mk01__L000156,c1cc(ccc1[C@H]2[C@H](C(=O)c3c(cc(cc3O2)O)O)O)O
dude_mk01__L000157,CNC(=O)c1ccccc1NS(=O)(=O)c2ccc3c(c2)[nH]c(=O)[nH]3
dude_mk01__L000158,COc1cc(cc(c1O)Br)/C=N/Nc2[nH]c3ccccc3n2
dude_mk01__L000159,CCOc1cc(ccc1OCc2ccc(cc2)C)[C@H]3C(=C(Nc4n3ncn4)C)C(=O)OCc5ccccc5
dude_mk01__L000160,CC[C@H](C(=O)Nc1c(c2c(s1)CCCC2)C(=O)OCC)Sc3[nH]c(=O)cc(n3)N
dude_mk01__L000161,CSCC[C@H](C(=O)NCCCN1c2ccccc2Sc3c1cccc3)NC(=O)N
dude_mk01__L000162,COc1ccc(cc1)Nc2c(nc3ccccc3n2)NS(=O)(=O)c4ccc(cc4)N
dude_mk01__L000163,Cc1ccc(cc1C)C(=O)NCC(=O)NNC(=S)N[C@H]2CCC[C@@H]([C@H]2C)C
dude_mk01__L000164,Cc1ccc(cc1)CNC(=O)[C@H](C(C)C)NS(=O)(=O)c2ccc3c(c2)CCCC(=O)N3
dude_mk01__L000165,CCCOc1ccc(cc1)[C@H]2c3c(n[nH]c3OC(=C2C#N)N)c4cccs4
dude_mk01__L000166,Cc1cnc(nc1c2cc([nH]c2)C(=O)N[C@H](CO)c3cccc(c3)Cl)Nc4ccc(cc4F)Cl
dude_mk01__L000167,c1ccc(cc1)[C@H](CNC(=O)Nc2ccc(cc2)C(=O)NC3CCCC3)[NH+]4CCCC4
dude_mk01__L000168,COc1ccc(cc1)NC(=O)CSC2=NN[C@@H](N2c3ccc(cc3)OC)Cc4cc(=O)[nH]c(=O)[nH]4
dude_mk01__L000169,CC(C)(C)N1C(=O)[C@@H]2[C@@H](N[C@@]3([C@@H]2C1=O)c4ccccc4NC3=O)CC(=O)N
dude_mk01__L000170,CC[C@@H](C)NC(=O)c1c2c(nc3ccccc3n2)n(c1N)/N=C/c4ccc(cc4)C(C)(C)C
dude_mk01__L000171,c1c\2c([nH]c1Br)C(=O)NCC/C2=C\3/C(=O)NC(=N3)N
dude_mk01__L000172,CC(C)(c1cccc(c1)C(F)(F)F)NC(=O)C2CCC3(CC2)C(=O)NC(=O)N3
dude_mk01__L000173,CC1=C([C@H](NC(=S)N1)c2ccc(cc2)N(C)C)C(=O)Nc3ccccc3OC
dude_mk01__L000174,C[C@H](C(=O)Nc1ccccc1)N2c3ccccc3NC(C2=O)(C)C
dude_mk01__L000175,c1ccn2c(c1)c(c(c2C(=O)c3ccc(cc3)F)N)C(=O)Nc4ccc(cc4)F
dude_mk01__L000176,CCCOc1ccccc1C(=O)NC(=S)NNC(=O)c2ccc(cc2)NC(=O)c3ccccc3C
dude_mk01__L000177,c1c(cn[nH]1)NC(=O)CNC(=O)C23C[C@H]4C[C@@H](C2)CC(C4)(C3)Br
dude_mk01__L000178,c1ccc(cc1)n2c(=O)c(c([nH]c2=O)O)N
dude_mk01__L000179,Cc1ccc(cc1)/C=N/Nc2nnc(n2N)SCCC(=O)Nc3cc(ccc3Cl)Cl
dude_mk01__L000180,c1ccc(c(c1)Cn2c(nnn2)c3cc(ccc3Br)N)F
dude_mk01__L000181,C[C@]12C[C@H](CC(C1)(C)C)N(C2)c3c(c(ncn3)NNC(=O)COc4ccc(cc4Cl)Cl)N
dude_mk01__L000182,Cc1ccc(cc1)S(=O)(=O)NNc2c(c(ncn2)Oc3ccc4ccccc4c3)N
dude_mk01__L000183,CN1CCC2(CC1)NNC(=NN2)[S-]
dude_mk01__L000184,c1ccc(cc1)NC(=O)c2cc(ccc2Sc3ccccc3N)S(=O)(=O)N4CCOCC4
dude_mk01__L000185,C[C@@H]1CCc2c(cc(s2)C(=O)NNC(=O)N[C@@H](C)Cc3ccc(cc3)O)C1
dude_mk01__L000186,Cc1ccc(cc1)/C=N/Nc2nnc(n2N)SCCC(=O)Nc3cccc(c3)C(F)(F)F
dude_mk01__L000187,c1cc(c(cc1N)F)c2nnnn2c3cc(ccc3Cl)Cl
dude_mk01__L000188,Cc1cccc(c1)[C@H]2N=[NH+]C(=S)N2/N=C/c3cc(c(c(c3)Br)O)OC
dude_mk01__L000189,c1cc(ccc1c2ccc(o2)CCC(=O)Nc3ccc(cc3)S(=O)(=O)N)Cl
dude_mk01__L000190,CC(C)N1C(=O)/C(=C/c2c(nc3ccccn3c2=O)N4CCNC(=O)[C@@H]4CC(=O)OC)/SC1=S
dude_mk01__L000191,c1cc(cc(c1)Br)NC(=O)COC(=O)c2cc(ccc2N)Br
dude_mk01__L000192,Cc1cc(sc1C(=O)OCC(=O)Nc2c(c3c(s2)CCCC3)C(=O)N)NC(=O)C(C)(C)C
dude_mk01__L000193,COc1ccc(cc1OC)c2cc(n3c(n2)cc(n3)C(=O)OC[C@H]4CCC[NH+]5[C@H]4CCCC5)C(F)(F)F
dude_mk01__L000194,c1ccc(cc1)NC(=O)[C@H]2[C@@H](C3(CCC2CC3)C(=O)Nc4ccccc4)C(=O)Nc5ccccc5
dude_mk01__L000195,CCNC(=O)CNS(=O)(=O)c1cc(ccc1N)Br
dude_mk01__L000196,C1[C@H](CN([C@H]1C(=O)N)C(=O)CC23CC4CC(C2)CC(C4)C3)O
dude_mk01__L000197,CCn1c(c(c(n1)C)Br)C(=O)N2C[C@@H](C3(C2)CC[NH2+]CC3)C(=O)N[C@@H](C)c4c([nH]nc4C)C
dude_mk01__L000198,Cc1ccccc1c2nc(on2)c3c(n(nn3)c4ccc(c(c4)Cl)F)N
dude_mk01__L000199,CCOc1ccc(cc1)/C=C/C(=O)NC(=S)NNC(=O)c2ccc(cc2)NC(=O)c3ccccc3C
dude_mk01__L000200,CC(C)Sc1nnc(s1)NC(=O)CSc2nc([nH]n2)N/N=C/c3ccccc3O
dude_mk01__L000201,Cc1ccc(cc1)NCC(=O)N/N=C/c2cc(cc(c2O)Br)Br
dude_mk01__L000202,CN(c1ccccc1)c2cc(cc(c2)S(=O)(=O)N)N
dude_mk01__L000203,CC(C)Oc1ccc(cc1OC)[C@@H]2CC3=C([C@H](Nc4ccccc4N3)c5cccc(c5)O)C(=O)C2
dude_mk01__L000204,Cc1cc(cc(c1)NC(=O)COc2ccc(cc2Br)C(=O)NN)C
dude_mk01__L000205,C[C@@H](C(=O)Nc1ccc(c(c1)C(F)(F)F)Cl)Sc2nnc(n2N)c3ccc(cc3)OC
dude_mk01__L000206,CCCNC(=O)CCNS(=O)(=O)c1c(cc(cc1Br)Br)N
dude_mk01__L000207,C[C@@H]1CCC[C@@H]([C@H]1C)NC(=S)NNC(=O)CNC(=O)c2ccccc2OC
dude_mk01__L000208,CCCNC(=O)C[C@@H]1c2c(sc(n2)NCC=C)C[C@H]3[C@@]1(CC[C@H]([C@@]3(C)CO)O)C
dude_mk01__L000209,CC(C)c1ccc(cc1)[C@H](c2cccs2)NC(=O)C[C@@H](c3cccs3)NC(=O)N
dude_mk01__L000210,CC(C)(C)C(=O)NC(=S)Nc1ccccc1NC(=S)NC(=O)C(C)(C)C
dude_mk01__L000211,CC1([C@@H]([NH2+][C@@H](S1)c2cccs2)C(=O)[O-])C
dude_mk01__L000212,CC(=O)N1[C@H](C/C(=C/2\C(=O)NC(=O)N(C2=O)C3CCCCC3)/N1)c4cc(c(c(c4)OC)OC)OC
dude_mk01__L000213,COc1ccc(cc1)[C@@H]2c3c([nH]c(=O)s3)SC[C@H]2/C=N/NC(=S)N
dude_mk01__L000214,Cc1ccc(c(c1)C)NC(=O)c2c(nc3c(c2c4ccco4)c(c(s3)C(=O)NCc5ccco5)N)C
dude_mk01__L000215,c1cc(ccc1C(=O)N)NS(=O)(=O)c2ccc(cc2)N3C(=O)CCS3(=O)=O
dude_mk01__L000216,Cc1c2ccccc2oc1[C@H](C)NC(=O)/C=C/c3ccc(cc3)S(=O)(=O)N
dude_mk01__L000217,c1ccc2cc(ccc2c1)C(=O)[C@@H]3[C@@H](NC(=O)N[C@@]3(C(F)(F)F)O)c4ccc(cc4)C#N
dude_mk01__L000218,CC[C@H]1CCCC[C@H]1NC(=O)N2C[C@@H](C[C@@H]2C(=O)[O-])O
dude_mk01__L000219,CC(C)(C)[C@H]1CCc2c(sc(c2C(=O)OC)NC(=O)C[NH3+])C1
dude_mk01__L000220,CC(=C)C(=O)N(Cc1ccco1)[C@H](c2c(cc(cc2O)O)O)C(=O)NC(C)(C)CC(C)(C)C
dude_mk01__L000221,Cc1ccc(c(c1)C)NC(=O)NC(=O)CSc2nnc(n2N)c3ccc(cc3)C(C)(C)C
dude_mk01__L000222,C[C@H]1C(=O)N(c2cc(c(cc2N1)F)F)CC(=O)NC3CCCC3
dude_mk01__L000223,c1cc(c(cc1N)c2nnnn2c3ccc(cc3Cl)Cl)Br
dude_mk01__L000224,CC(C)CSc1[nH]c(=O)c2c(n1)NC3=C([C@@H]2c4ccc(cc4)C#N)C(=O)CC(C3)(C)C
dude_mk01__L000225,C[C@H](C(=O)[O-])NC(=O)N[C@@H]1CCCC[C@@H]1O
dude_mk01__L000226,CCC1=C2[C@@H](C(=C(O[C@@H]2N=N1)N)C#N)c3c(cccc3Cl)Cl
dude_mk01__L000227,c1cc(c(cc1Br)Cl)Oc2cc3c(cc2N)NC(=O)CC3
dude_mk01__L000228,c1cc(ccc1NC(=O)c2cc(ccc2NN)[N+](=O)[O-])I
dude_mk01__L000229,CC(C)(C)N([C@@H](c1c(cc(cc1O)O)O)C(=O)NC2CCCCC2)C(=O)C#Cc3ccccc3
dude_mk01__L000230,COc1cccc(c1)[C@H]2CCCN2C(=O)Nc3cccc(c3)NC(=O)OC
dude_mk01__L000231,Cc1ccc(cc1)Sc2c(c(ncn2)Nc3cccc4c3nc(cc4)C)N
dude_mk01__L000232,Cc1c(sc2c1c(=O)n(cn2)CC(=O)N/N=C\c3cc(ccc3O)Br)C
dude_mk01__L000233,Cc1ccc(cc1)N/C(=N/c2[nH]c(cc(=O)n2)CSc3ccc(cc3)C)/N
dude_mk01__L000234,c1ccc2c(c1)NC(=O)[C@H](S2)CC(=O)NC3CCC(CC3)O
dude_mk01__L000235,CCNC(=O)Nc1ccc(cn1)CNc2c(scn2)C(=O)Nc3ccc4c(c3)OC(O4)(F)F
dude_mk01__L000236,Cc1cc(c(c(c1)Br)n2ccc(n2)C(=O)[O-])Br
dude_mk01__L000237,CN(C)c1ccc(cc1)/C=N/Nc2nnc(n2N)SCC(=O)Nc3cccc(c3Cl)Cl
dude_mk01__L000238,c1cc(ccc1C(=O)Nc2cc(cc(c2)S(=O)(=O)N)F)OC(F)(F)F
dude_mk01__L000239,c1cc(ccc1/C=C(/C#N)\c2nc(cs2)c3ccc(cc3)Cl)[N+](=O)[O-]
dude_mk01__L000240,CC[C@H]1CCCCN1c2c(c(ncn2)NNC(=O)c3ccc(cc3)Cl)N
dude_mk01__L000241,c1ccc(cc1)C(=O)NNC(=O)CSc2nc([nH]n2)N/N=C/c3ccc4ccc5cccc6c5c4c3cc6
dude_mk01__L000242,C[C@@H](C(=O)Nc1cccc(c1)S(=O)(=O)N)Nc2cc(ccc2OC)C(C)(C)C
dude_mk01__L000243,CCCN([C@@H](c1c(cc(cc1O)O)O)C(=O)NC2CCCCC2)C(=O)C3CCCCC3
dude_mk01__L000244,Cc1ccc(c(c1)NC(=O)/C(=C/c2cccc(c2)[N+](=O)[O-])/NC(=O)C)C
dude_mk01__L000245,Cc1c\2c(oc1C(=O)Nc3cc(cc(c3)C(=O)OC)C(=O)OC)CC(C/C2=N\NC(=S)N)(C)C
dude_mk01__L000246,CC[C@@H](C)[C@@H](CO)NC(=O)[C@H](C)NC(=O)[C@@H]1C(S[C@@H]2N1C(=O)c3c2cccc3)(C)C
dude_mk01__L000247,CCCCc1ccc(cc1)N2C(=O)[C@H]3[C@@H](C2=O)[C@]4(c5ccccc5NC4=O)N[C@H]3[C@H](C)O
dude_mk01__L000248,c1ccc2c(c1)cccc2COc3ccc(cc3/C=N/NC(=O)N)Br
dude_mk01__L000249,Cc1cc(no1)[N-]S(=O)(=O)c2ccc(cc2)N
dude_mk01__L000250,C[C@@H](C[S@](=O)c1nc2ccc(cc2s1)N)C(=O)N
dude_mk01__L000251,C1N[C@@H]2N/C(=N\O)/C(=N/O)/N[C@@H]2NC1
dude_mk01__L000252,c1ccc(cc1)NC(=O)Nc2cccc(c2)NS(=O)(=O)c3ccc4c(c3)CCC(=O)N4
dude_mk01__L000253,C[C@@H](c1ccc(cc1)Br)NS(=O)(=O)c2ccc(cc2)NN
dude_mk01__L000254,CC[C@@H](c1nnnn1Cc2ccc(cc2)F)[NH+](CCc3ccccc3)Cc4cc5ccc(cc5[nH]c4=O)C
dude_mk01__L000255,c1cc2c(cc1O)[C@@H]3C=CC[C@H]3[C@@H](N2)c4cc(cc(c4O)Cl)Cl
dude_mk01__L000256,CC[NH+](CC)c1ccc(cc1)NC(=O)CSc2nc([nH]n2)N/N=C(/C)\c3ccc4c(c3)OCO4
dude_mk01__L000257,COc1ccc(cc1)C(=O)Oc2ccc(cc2/C=N/NC(=O)COc3ccc(cc3)OC)Br
dude_mk01__L000258,c1cc(cc(c1)Br)Nc2c(c(ncn2)Oc3ccc(cc3)Br)N
dude_mk01__L000259,CC(=O)Nc1ccc(cc1)NC(=O)/C(=C\C=C\c2ccccc2)/NC(=O)c3ccccc3
dude_mk01__L000260,CCOc1ccc(cc1OC)/C=N/NC(=O)CSc2nnc(n2c3ccc(cc3)C)c4ccc(cc4)C
dude_mk01__L000261,c1cc(ccc1Nc2c(c(ncn2)Nc3ccc4c(c3)OCCO4)N)Br
dude_mk01__L000262,Cc1ccccc1[C@H](C#N)NC(=O)CCNC(=O)NC23CC4CC(C2)CC(C4)C3
dude_mk01__L000263,c1cc(cc(c1)OCCCOc2cccc(c2)C(F)(F)F)C(=[NH2+])N
dude_mk01__L000264,C[C@H](c1cc(ccc1O)O)Nc2cc(ccc2Cl)Br
dude_mk01__L000265,Cc1cc2c(cc1C(C)C)c(co2)CC(=O)Nc3cccc(c3)NS(=O)(=O)N
dude_mk01__L000266,CCCCN(CC)S(=O)(=O)c1ccc(cc1)C(=O)/N=c\2/n(c3cc4c(cc3s2)OCCO4)CC=C
dude_mk01__L000267,C[C@@H](C(=O)Nc1ccc(c(c1)Cl)Cl)Nc2cccc(c2)N3CCNC3=O
dude_mk01__L000268,Cc1ccc(cc1NC(=O)CSc2c(cc3c(n2)CC[C@@H](C3)C(C)(C)C)C#N)S(=O)(=O)N
dude_mk01__L000269,Cc1cc(ccc1Nc2ncc(c(n2)c3cc([nH]c3)C(=O)N[C@H](CO)c4cccc(c4)Cl)C)Cl
dude_mk01__L000270,Cc1cc(c2ccccc2[nH+]1)[C@@H]3N([N-]/C(=C\4/C=C(C=C(C4=[O+]C(=O)C)[N+](=O)[O-])Br)/O3)C(=O)C
dude_mk01__L000271,c1c(cnc(c1Cl)Sc2[nH]c(=O)cc(n2)N)C(=O)[O-]
dude_mk01__L000272,c1ccc(cc1)Nc2ccc(cc2)NC(=O)CCCC[C@H]3[C@@H]4[C@H](CS3)NC(=O)N4
dude_mk01__L000273,CCc1c(sc(c1C#N)NC(=O)c2cccc3c2OCC(=O)N3)C
dude_mk01__L000274,Cc1ccc(c(c1)[N+](=O)[O-])c2ccc(o2)C(=O)OCCSc3ccc(c(c3Cl)Cl)NC(=O)C
dude_mk01__L000275,Cc1c(ccc2c1OC(=O)[C@H]([C@H]2C)CC(=O)NC3=CC4=CC=N[C@@H]4C=C3)O
dude_mk01__L000276,COc1c(cc2ccccc2c1Br)C(=O)NC(=S)Nc3ccc4c(c3)[nH]c(=O)[nH]4
dude_mk01__L000277,c1cc2c(ccs2)cc1[N-]S(=O)(=O)c3cc(cnc3)Br
dude_mk01__L000278,c1ccc2cc(c(cc2c1)C(=O)NNC(=S)NC(=O)c3ccccc3I)O
dude_mk01__L000279,c1c(cc(c(c1N)Br)S(=O)(=O)NC2(CCCCC2)CO)Cl
dude_mk01__L000280,C[C@@H]1CCCC[NH+]1Cc2ccccc2CNC(=O)NNC(=O)CCC(C)C
dude_mk01__L000281,C[C@H](c1ccc(s1)Cl)NC(=O)C2CCC3(CC2)C(=O)NC(=O)N3
dude_mk01__L000282,CCOC(=O)C1=C(C(=N[C@H]1C)C(=O)Nc2cc(c(c(c2)Cl)N)Cl)C
dude_mk01__L000283,C[C@H]1CC[C@@H]([C@@]2([C@@]1([C@@H]3[C@@H](CC2)[C@@H](C(=O)O3)C)O)C)O
dude_mk01__L000284,Cc1ccc(c2c1c(=O)cc([nH]2)CS[C@H]3NN[C@H](N3C)c4cccc(c4)F)C
dude_mk01__L000285,c1c(cc(cc1Cl)Cl)n2c3c(cn2)c(ncn3)NN
dude_mk01__L000286,C[C@H]1CC[C@@H]([C@@H](C1)NS(=O)(=O)c2ccc(cc2)S(=O)(=O)N)C(C)C
dude_mk01__L000287,CCCNc1ccc(cc1NS(=O)(=O)c2ccc(cc2)CC(C)C)S(=O)(=O)N
dude_mk01__L000288,C[C@H](C1CC1)[NH+](C)[C@@H](C)C(=O)Nc2c(cc(cc2Cl)N)Cl
dude_mk01__L000289,C1CCC(CC1)CCC(=O)NC(=S)Nc2c(c3c(s2)CCCC3)C(=O)N
dude_mk01__L000290,c1cc(ccc1/C=C/C(=O)NC(=S)NNC(=O)c2ccc(cc2)NC(=O)C3CCCCC3)F
dude_mk01__L000291,CCc1ccc2c(c1)s/c(=N/C(=O)[C@H]3CCCN3S(=O)(=O)c4ccc(cc4)C)/n2CC(=O)OCC
dude_mk01__L000292,CCCN([C@@H](c1c(cc(cc1O)O)O)C(=O)NC2CCCCC2)C(=O)C#Cc3ccccc3
dude_mk01__L000293,CCCN([C@@H](c1c(cc(cc1O)O)O)C(=O)NC(C)(C)C)C(=O)CCC2CCCCC2
dude_mk01__L000294,Cc1ccc(c(c1)C)c2csc3c2c(=O)nc([nH]3)S[C@H](C)C(=O)Nc4cc(ccc4O)Cl
dude_mk01__L000295,CC[C@@H](C)[C@@H](C(=O)Nc1nnc(s1)c2ccc(cc2)C)NC(=O)NC3CCCCC3
dude_mk01__L000296,CC1([C@@H]([C@@H]1C(=O)[O-])C(=O)Nc2c[nH]c(=O)[nH]c2=O)C
dude_mk01__L000297,c1cc(sc1)CN(CC(=O)NC2CCCCC2)C(=O)c3c(c(ns3)C(=O)NC4CCCCC4)N
dude_mk01__L000298,CCOc1cc(cc(c1OCc2ccc(cc2)C)Cl)C[NH2+]CCSc3nnnn3c4ccccc4
dude_mk01__L000299,Cc1c(nnc(c1/C(=N/O)/N)Oc2ccccc2Br)C
dude_mk01__L000300,c1c(c[nH]c(=O)c1NC(=O)N2CCC[C@@H]2C3CCCCC3)C(F)(F)F
dude_mk01__L000301,C[C@@H](CC(=O)N(Cc1ccco1)[C@H](c2ccc(cc2)[N+](=O)[O-])C(=O)NC3CCCCC3)c4ccccc4
dude_mk01__L000302,c1c2c(sc1C(=O)NNC(=O)CNC(=O)NC3CCCCC3)CCCCC2
dude_mk01__L000303,CCOC(=O)[C@H]1[C@H](CC2=C(C1=O)[C@@H](C(=C(N2)C)C(=O)OCC)c3ccccc3OC)c4cccc(c4)OC
dude_mk01__L000304,Cc1ccc(c(c1)C)NC(=O)C2=C(NC(=S)N[C@@H]2c3ccc(cc3)C(=O)OC)C
dude_mk01__L000305,CCOC(=O)c1ccc(c(c1)Br)NC(=O)[C@@](C)(C2CC2)[NH3+]
dude_mk01__L000306,CN(c1ccccc1OC)S(=O)(=O)c2ccc(cc2)C(=O)O[C@@H](c3ccccc3)C(=O)c4ccccc4
dude_mk01__L000307,C[NH+]1C[C@H]([C@H]([C@]12c3ccccc3NC2=O)C(=O)c4ccccc4)c5ccc(cc5)[N+](=O)[O-]
dude_mk01__L000308,C[C@@H](C(=O)Nc1ccc(cc1Cl)Cl)Nc2ccc(cc2)NC(=O)C3CC3
dude_mk01__L000309,c1ccc(c(c1)c2ccc(s2)/C=C/C(=O)NCC(=O)Nc3ccc4c(c3)[nH]c(=O)[nH]4)F
dude_mk01__L000310,CCc1cc(cc(c1)OCCOc2ccc(cc2OC)/C=C\3/C(=[NH2+])N4C(=NC3=O)SC(=N4)CC(C)C)C
dude_mk01__L000311,CC1CCN(CC1)c2c(c(ncn2)Nc3ccc(c(c3)C(F)(F)F)Cl)N
dude_mk01__L000312,c1ccc(cc1)C(c2ccccc2)C(=O)NC(=S)Nc3ccc(cc3)S(=O)(=O)N
dude_mk01__L000313,CCOc1ccc(cc1)S(=O)(=O)Nc2ccc(cc2)C(=O)NNC(=O)[C@@H]3C[C@@H]3C
dude_mk01__L000314,CC1=C([C@H](NC(=S)N1)c2ccc(cc2)Br)C(=O)Nc3cc(ccc3OC)OC
dude_mk01__L000315,Cc1ccc(cc1)N2C(=O)/C(=C\c3ccc(c(c3)OC)OCCOc4ccc(cc4)C(C)(C)C)/C(=O)NC2=O
dude_mk01__L000316,C[C@]12CC[C@H]([C@@]([C@H]1Cc3c(nc(s3)NCC=C)[C@H]2CC(=O)NCc4cccs4)(C)CO)O
dude_mk01__L000317,COC(=O)c1cc(c(cc1N)F)NC2CCS(=O)(=O)CC2
dude_mk01__L000318,CCOC(=O)c\1cc2c(nc3ccccn3c2=O)n(/c1=N\C(=O)c4ccc(cc4)c5ccccc5)CCOC
dude_mk01__L000319,c1ccc(cc1)C2=C([C@H](NC(=S)N2)c3ccccc3OCC(=O)N)C(=O)c4ccccc4
dude_mk01__L000320,c1ccc(cc1)C(=O)c2cc(ccc2N)c3nnc(o3)c4ccc(c(c4)C(=O)c5ccccc5)N
dude_mk01__L000321,C[C@H]1[C@@H](C[C@@H]2C[C@H]1C2(C)C)C(=O)N(c3ccccc3)[C@@H](c4c(cc(cc4O)O)O)C(=O)NC(C)(C)C
dude_mk01__L000322,Cc1cnc(nc1c2cc([nH]c2)C(=O)N[C@H](CO)c3cccc(c3)Cl)Nc4ccc(cc4Cl)F
dude_mk01__L000323,Cc1cc(c(c(c1)Br)NC(=O)NCC(=O)[O-])Br
dude_mk01__L000324,CCC(C)(C)c1ccc(cc1)OCc2ccc(cc2)C(=O)N[C@@H]([C@H](C)O)C(=O)N
dude_mk01__L000325,Cc1ccc(c(c1)C)NS(=O)(=O)c2ccc(cc2)NC(=O)CCSc3nnc(s3)N
dude_mk01__L000326,C[C@H](C(=O)N/N=C\1/c2ccccc2N(C1=O)CCOc3ccccc3OC)Oc4cccc5c4cccc5
dude_mk01__L000327,COc1ccc(cc1)C(c2ccc(cc2)OC)NC(=O)C[NH+]3CCN(CC3)c4ccccc4[N+](=O)[O-]
dude_mk01__L000328,Cc1cc(ccc1SCC(=O)NNC(=O)C)N
dude_mk01__L000329,c1ccc2c(c1)c(c3c(n2)/C(=C/c4c(cccc4Cl)F)/CCC3)C(=O)OCc5nc(nc(n5)N)N
dude_mk01__L000330,C[C@@H](C(=O)NC(=S)NNC(=O)c1ccc(cc1)NC(=O)C2CC2)Oc3ccc(cc3Cl)Cl
dude_mk01__L000331,C[C@@H]1C(=O)N(c2cc(ccc2O1)N)C[C@@H](CO)O
dude_mk01__L000332,C[C@H]1CCc2c(sc(c2C(=O)N)NS(=O)(=O)c3ccccc3OC)C1
dude_mk01__L000333,c1ccc2c(c1)CCC[C@H]2Oc3c(cc(cn3)Br)[N+](=O)[O-]
dude_mk01__L000334,COc1ccc(cc1)C(=O)NC(=S)Nc2c(c3c(s2)CCCCCC3)C(=O)N
dude_mk01__L000335,c1ccc(c(c1)N([C@@H](c2ccc(cc2)O)C(=O)NC3CCCCC3)C(=O)c4cccc(c4O)O)Cl
dude_mk01__L000336,c1cc(ccc1OCC(=O)NC(=S)Nc2c(c3c(s2)CCCC3)C(=O)N)Br
dude_mk01__L000337,c1ccc(c(c1)/C=N/Nc2nnc(n2N)SCC(=O)Nc3ccc(cc3)I)F
dude_mk01__L000338,c1ccc2c(c1)[C@@](C(=O)N2)([C@H]3CCCC3=O)O
dude_mk01__L000339,C[C@H](CC(=O)Nc1ccc(c(c1)S(=O)(=O)N)OC)NC(=O)C2CCCCC2
dude_mk01__L000340,C[C@@H](C(=O)N/N=C/c1ccccc1F)Oc2ccc(cc2)C(=O)Nc3c(c4c(s3)CCCC4)C(=O)N
dude_mk01__L000341,c1ccc(cc1)Cn2c(c(c(=O)[nH]c2=O)N(Cc3ccccc3)C(=O)C[C@@H]4CCC=C4)N
dude_mk01__L000342,CC[C@H](C)Cc1c(sc2c1c(=O)nc([nH]2)S[C@H](C)C(=O)Nc3ccc4c(c3)[nH]c(=O)[nH]4)C
dude_mk01__L000343,c1ccc2c(c1)ccc(c2/C=N/Nc3nnc(n3N)SCc4nnc(o4)c5ccc(cc5)Cl)O
dude_mk01__L000344,CC[C@@H](C)NC(=O)c1ccc(cc1)NC(=O)N[C@H](C)CCc2ccc(cc2)O
dude_mk01__L000345,c1cc(ccc1c2nc3cc(ccc3o2)/N=C\c4ccc(cc4O)O)/N=C\c5ccc(cc5O)O
dude_mk01__L000346,C[C@@H]1CCCC[C@@H]1CNC(=O)C(=O)NCC(=S)N
dude_mk01__L000347,C/C(=C/C(=O)Nc1ccc(cc1)OC)/NNC(=O)Cc2cccc3c2cccc3
dude_mk01__L000348,CC1=C([C@@H](c2c(c(sc2N1)C(=O)NC34CC5CC(C3)CC(C5)C4)N)c6cccs6)C(=O)OC
dude_mk01__L000349,c1cc(sc1)CCNc2nnc(s2)SCc3nc(nc(n3)Nc4ccc(cc4)Cl)N
dude_mk01__L000350,c1cc2c(c(c1)Br)NC(=O)[C@@H]2Nc3ccc4c(c3)OCO4
dude_mk01__L000351,C1[C@@H]2[C@H]3C/C(=N\NC(=O)N)/[C@@H]2[C@H]\4[C@@H]1[C@@H]3C/C4=N/NC(=O)N
dude_mk01__L000352,CCOC(=O)[C@@H]1[C@H](NC(=S)N[C@@]1(C(F)(F)F)O)c2c3ccccc3ccc2O
dude_mk01__L000353,COc1ccc(cc1)[C@@H]2Cc3c(cc(c(=O)[nH]3)C(=O)Nc4ccc(cc4)S(=O)(=O)N)C(=O)C2
dude_mk01__L000354,CC(=O)[C@]1(CC[C@@H]2[C@]1(CC[C@@H]3[C@@H]2C[C@@H]([C@@]4([C@@]3(CC[C@@H](C4)O)C)O)O)C)O
dude_mk01__L000355,c1cc(c(nc1)N2CCC[C@@H](C2)c3c(cn[nH]3)c4ccc(cc4)F)C(=O)N
dude_mk01__L000356,c1ccc(c(c1)CSc2nc3ccccc3o2)C(=O)NCC(=O)Nc4ccc5c(c4)[nH]c(=O)[nH]5
dude_mk01__L000357,Cc1ccc(c(c1)C)NC(=O)NC(=O)[C@H](C)Nc2cccc(c2)N3CCNC3=O
dude_mk01__L000358,[H]/N=C\1/N[C@H](NC(=S)N1)[C@H]2C=CC=N2
dude_mk01__L000359,Cc1nc2cc(c(cc2s1)N)N[C@H](C)C(=O)NC
dude_mk01__L000360,C[C@@]1(CC(=O)[C@H]([C@@H]([C@@H]1C(=O)Nc2ccccc2)c3ccc(cc3)O)C(=O)Nc4ccccc4)O
dude_mk01__L000361,CC(C)(C)OC(=O)N[C@@H](CC1=c2ccccc2=[NH+]C1)[C@H]3NN[C@@H](O3)SCc4ccccc4F
dude_mk01__L000362,c1cc(ccc1c2ccc(cc2)NC(=S)N[C@H]3CS(=O)(=O)C[C@@H]3Cl)N
dude_mk01__L000363,CC1(CC2=C([C@@H](C(=C(O2)N)C#N)c3ccc(o3)COc4ccc(cc4)Br)C(=O)C1)C
dude_mk01__L000364,Cc1ccc(cc1)NC(=O)CSc2nnc(n2N)N/N=C/c3cccc(c3)Br
dude_mk01__L000365,CCOC(=O)c1ccc(cc1)N2C(=O)[C@@H]3[C@H](N[C@@]4([C@@H]3C2=O)c5cc(cc(c5NC4=O)Cl)C)CC(=O)N
dude_mk01__L000366,Cc1ccc2c(c1C)nc(s2)N(CCC[NH+](C)C)C(=O)[C@@H]3CCCN(C3)S(=O)(=O)c4cccs4
dude_mk01__L000367,CCCN(Cc1c(nn(c1N2CC[NH+](CC2)CC)c3ccccc3)C)S(=O)(=O)c4cccc5c4cccc5
dude_mk01__L000368,c1c(cc(c(c1F)Sc2[nH]c(=O)cc(n2)N)F)C(=O)[O-]
dude_mk01__L000369,CCOC(=O)c1c(n(/c(=N/C(=O)c2c(cccc2F)F)/s1)C)C
dude_mk01__L000370,C1CCC2(CC1)O[C@@H]3[C@H]([C@@H]([C@@H]([C@H]([C@H]3O2)O)O)O)O
dude_mk01__L000371,c1cc(ccc1NC(=O)CSc2nnc3n2c(nc4c3c5c(s4)CCCC5)NN)Cl
dude_mk01__L000372,CC(C)(C)c1cc(cc(c1O)C(C)(C)C)CCC(=O)OCC(=O)Nc2cccc(c2)S(=O)(=O)N
dude_mk01__L000373,CC[C@@]1(C(=O)N(C(=O)N1)NC(=O)CSc2nnc(n2N)COc3ccc(cc3)C(C)C)C
dude_mk01__L000374,c1ccc(cc1)CC[C@H]2NN[C@@H](S2)NC(=O)c3cc(=O)[nH]c4c3cccc4
dude_mk01__L000375,CCC(C)(C)n1c(nnn1)[C@H](c2cc3cc(ccc3[nH]c2=O)OCC)[NH+]4CCC(=CC4)c5ccc(cc5)F
dude_mk01__L000376,c1cc(ccc1C(=O)NC2CCCC2)NC(=O)N[C@H]3CCC[C@H](C3)C(F)(F)F
dude_mk01__L000377,c1cc2c(ccc(c2cc1S(=O)(=O)[O-])O)N
dude_mk01__L000378,C[C@H](C(=O)Nc1cccc2c1cccc2)Sc3nnc(n3N)c4ccc(cc4)OC(F)F
dude_mk01__L000379,Cc1ccc(cc1)c2cc(c(o2)C)C(=O)Nc3ccc(cc3)S(=O)(=O)N
dude_mk01__L000380,c1c(n2c(=S)[nH]nc2nc1[O-])N
dude_mk01__L000381,Cc1c(sc2c1c(=O)[nH]c(n2)CS[C@H](C)C(=O)NN3C(=O)C4(CCCCC4)NC3=O)C
dude_mk01__L000382,CC(C)(C)CC(C)(C)NC(=O)[C@@H](c1c(cc(cc1O)O)O)N(C)C(=O)Cc2ccc(cc2)Br
dude_mk01__L000383,c1ccc2c(c1)C3C[C@@H](C2c4c3cccc4)CNC(=O)C[C@@H](c5ccccc5Cl)NC(=O)N
dude_mk01__L000384,CCOC(=O)C1=C(NC(=O)N[C@@H]1c2ccc(cc2)OC)CSc3nnc(n3N)C4CCCCC4
dude_mk01__L000385,c1ccc2c(c1)NC(=O)[C@H](S2)CC(=O)Nc3cccc(c3)S(=O)(=O)Nc4ccccc4F
dude_mk01__L000386,C#CCOc1ccc(cc1Cl)[C@@H]2C(=C(OC3=C2C(=O)CCC3)N)C#N
dude_mk01__L000387,CC1=C([C@H](NC(=S)N1)c2cccc(c2)OC)C(=O)Nc3ccc(cc3)F
dude_mk01__L000388,c1cc(sc1)NC(=O)N2CCC[C@@H](C2)C(=O)Nc3ccc(cc3)C(F)(F)F
dude_mk01__L000389,C[C@@H](C12CC3CC(C1)CC(C3)C2)NC(=O)CSC4=C(C5(CCCCC5)C(=C(N4)N)C#N)C#N
dude_mk01__L000390,CC[C@@]1(Cc2c(c(=S)n(c(c2C#N)N)N)CO1)C
dude_mk01__L000391,C[C@H](C(=O)NCC(=O)Nc1ccc(c(c1F)F)F)OC(=O)c2cc(ccc2N)Br
dude_mk01__L000392,CC1=CC(=C)NC(=O)[C@@H]1CNC(=O)N(C)CC2=C(NN(C2)c3ccccc3)c4ccccc4
dude_mk01__L000393,c1ccc(cc1)NC(=O)Nc2ccc(cc2)NC(=O)CCNC(=O)c3ccsc3
dude_mk01__L000394,CC(C)NC(=O)O[C@@H]1CC[C@]2([C@@H]([C@]1(C)CO)CC[C@H]([C@H]2CC(=O)NCc3cccs3)O)C
dude_mk01__L000395,Cc1ccc(cc1)CNC(=O)N[C@H](CC(C)C)C(=O)Nc2ccc(cc2)CCO
dude_mk01__L000396,Cc1ccc(cc1S(=O)(=O)Nc2ccc(cc2)C#N)N
dude_mk01__L000397,c1cc(c(cc1Br)O)C(=O)NCc2cn3ccsc3n2
dude_mk01__L000398,c1ccc(cc1)n2ccc(cc2=O)CN/C=C\3/c4cc(ccc4C(=O)NC3=O)I
dude_mk01__L000399,Cn1c(nnn1)Sc2c3cc(ccc3ncc2N)Br
dude_mk01__L000400,Cc1cccc(c1)OCC(=O)N/N=C/c2cc(c(c(c2O)Br)O)Br
dude_mk01__L000401,c1cc(ccc1C2=C[C@H](N=N2)[C@H]3NN[C@@H](N3N)S)F
dude_mk01__L000402,Cc1ccc(cc1)C(=O)Nc2ccc(cc2)C(=O)N/N=C/c3cc(ccc3O)Br
dude_mk01__L000403,CCCc1cc(=O)oc2c1c(cc(c2)C)OCC(=O)Nc3ccc(cc3)S(=O)(=O)N
dude_mk01__L000404,CC1CCN(CC1)C(=O)C[C@@H]2c3c(sc(n3)NC(=O)c4c(cccc4F)F)C[C@H]5[C@]2(CC[C@H]([C@@]5(C)CO)O)C
dude_mk01__L000405,c1cc(cc(c1)Br)c2nnc(n2N)SCCC(=O)Nc3ccc4c(c3)C(=O)NC4=O
dude_mk01__L000406,C/C(=N\Nc1[nH]nc(n1)SCC(=O)Nc2ccc(cc2)S(=O)(=O)NC(C)(C)C)/c3ccccc3
dude_mk01__L000407,c1cc(cc(c1)OC/C(=N/O)/N)NC(=O)c2ccc(s2)Br
dude_mk01__L000408,C[C@H]1CC[C@@H]([C@@](C1)(C(=O)[O-])[NH2+]C(C)(C)C(=O)N)C(C)C
dude_mk01__L000409,CCCNC(=O)CCC[C@H]1CC[C@]2([C@@]1([C@H](C[C@@H]3[C@H]2[C@@H](C[C@]4([C@@]3(CC[C@H](C4)O)C)C)O)O)C)C
dude_mk01__L000410,CC(C)Cc1ccc(cc1)[C@@H](C(C)C)[NH2+]CC(=O)NC(=O)NC(C)C
dude_mk01__L000411,C1CC(CCC1C(=O)[O-])(C(=O)[O-])[NH3+]
dude_mk01__L000412,Cc1ccc(cc1)S(=O)(=O)N2CCC[C@@H](C2)C(=O)Nc3nc4ccc(cc4s3)S(=O)(=O)N
dude_mk01__L000413,c1ccc(c(c1)Cn2cnc3c(c2=O)cnn3c4ccc(cc4)Cl)Cl
dude_mk01__L000414,c1cc[nH+]c(c1)N[C@@H](c2cccc(c2Cl)O)c3ccc4cccnc4c3O
dude_mk01__L000415,Cc1cccc(c1)Oc2ccc(cc2N)S(=O)(=O)c3ccc(c(c3)N)Oc4cccc(c4)C
dude_mk01__L000416,CCc1c(c2c(ncnc2s1)NCCC[NH3+])c3ccc(cc3)C
dude_mk01__L000417,CCc1ccc2c(c1)cc(c(=O)[nH]2)[C@@H]3c4c(n[nH]c4OC(=C3C#N)N)C
dude_mk01__L000418,CC(C)(C)c1cc2c(cc(cc2S(=O)(=O)N)C(C)(C)C)c(c1)S(=O)(=O)N
dude_mk01__L000419,c1ccc2c(c1)cccc2NC(=O)NCC(=O)Nc3ccc(c(c3F)F)F
dude_mk01__L000420,c1cc(oc1)CNC(=S)NNC(=O)c2cc3n(n2)[C@@H](C[C@@H](N3)c4ccc(cc4)Cl)C(F)(F)F
dude_mk01__L000421,CC(C)(C)c1cc(cc(c1O)C(C)(C)C)CCC(=O)Nc2cccc(c2)S(=O)(=O)N
dude_mk01__L000422,CC[C@@]1(C(=O)N(C(=O)N1)CC(=O)Nc2c(c(c(s2)C(=O)N)C)C(=O)OCC)c3ccccc3
dude_mk01__L000423,c1cc(ccc1NC(=O)NC(=O)/C=C/C(=O)[O-])Br
dude_mk01__L000424,C[C@H](Cc1ccc(cc1)O)NC(=O)Nc2ccc(cc2)C(=O)NC3CCCC3
dude_mk01__L000425,CCOC(=O)C1=C(NC(=O)N[C@H]1C)CSc2nc3c(c(cs3)c4ccccc4)c(=O)n2N
dude_mk01__L000426,Cc1cc(c2c(c1)[C@@]3([C@@H]4[C@H]([C@@H]5[NH+]3CCC5)C(=O)N(C4=O)c6cccc(c6C)Cl)C(=O)N2)C
dude_mk01__L000427,CCCCOc1ccccc1C(=O)NC(=S)Nc2ccc(cc2)S(=O)(=O)N
dude_mk01__L000428,c1cc(c(cc1S(=O)(=O)[N-]c2c(ccs2)C#N)N)O
dude_mk01__L000429,c1ccc2c(c1)C(=O)N(C2=O)CSc3nnc(n3N)c4ccc(cc4)F
dude_mk01__L000430,Cc1cccc(c1)OCC(=O)NCC(=O)N/N=C/c2cc(cc(c2O)Br)Br
dude_mk01__L000431,c1cc(c(cc1C(F)(F)F)N2C(=O)[C@@H]3[C@@H]4CCC[NH+]4[C@@]5([C@@H]3C2=O)c6cc(ccc6NC5=O)F)Cl
dude_mk01__L000432,C[C@]1\2CC[C@@H]3[C@@H]([C@H]1CC/C2=N\NC(=S)N)CC[C@@H]4[C@@]3(CC=CC4)C
dude_mk01__L000433,CCc1ccc(cc1)[C@H]2[C@@H]3CN(CC=C3C(=C(C2(C#N)C#N)N)C#N)Cc4ccccc4
dude_mk01__L000434,Cc1ccc(c(c1)Br)OCCCC(=O)Nc2c(c3c(s2)CCC3)C(=O)N
dude_mk01__L000435,CCc1c(sc(c1C(=O)N)NC(=O)COc2c(cc(cc2Br)Cl)Cl)C
dude_mk01__L000436,C/C(=N\NS(=O)(=O)c1cc(ccc1Cl)Cl)/c2cc(cc(c2)O)O
dude_mk01__L000437,c1cc(c(cc1Br)N)NC(=O)c2cc3c(s2)CCCCC3
dude_mk01__L000438,c1cc(c(cc1Cl)NC(=O)CSC2=C(C3(CCCCC3)C(=C(N2)N)C#N)C#N)Cl
dude_mk01__L000439,c1cc(ccc1[C@@H]([C@@H]2CCCO2)NC(=O)Nc3cc(c[nH]c3=O)C(F)(F)F)F
dude_mk01__L000440,c1ccc(cc1)[C@@H]2c3c(n(c(=O)s3)CC(=O)Nc4ccccc4)S[C@H]5[C@@H]2C(=O)N(C5=O)C(=O)N
dude_mk01__L000441,C#CCn\1c2ccc(cc2s/c1=N\C(=O)c3ccc(cc3)Br)S(=O)(=O)N
dude_mk01__L000442,Cc1ccc(c2c1sc(n2)N(CCC[NH+](C)C)C(=O)c3ccc(cc3)S(=O)(=O)N4CCCCC4)OC
dude_mk01__L000443,[H]/N=C\1/C(=N/Nc2cccc(c2Cl)Cl)/C(=NN1C)N
dude_mk01__L000444,c1ccc2c(c1)nc(s2)[C@H]3CC=CC[C@@H]3C(=O)Nc4ccc(cc4)NC(=O)N
dude_mk01__L000445,c1ccc(c(c1)/C=N/[NH+]=C(/N[C@H]2C[C@H]3C[C@@H]2[C@@H]4[C@@H]3CC=C4)\[S-])O
dude_mk01__L000446,CC1=C2[C@@H](C(C=C2C(=O)[C@@](C13CC3)(C)O)(C)C)O
dude_mk01__L000447,c1ccc2c(c1)C3c4ccccc4C2[C@@H]([C@H]3C(=O)NN)C(=O)NN
dude_mk01__L000448,c1ccn2c(c1)nc(c(c2=O)/C=C(\C#N)/C(=O)N[C@@H]3CCS(=O)(=O)C3)N4CCC(CC4)C(=O)N
dude_mk01__L000449,c1cc(ccc1C2SCCCS2)OCC(=O)Nc3cc(c(c(c3)Cl)N)Cl
dude_mk01__L000450,[H]/N=C(\C(=C/1\C(=O)C(=C(O1)N)c2ccc(cc2)Cl)\c3ccc(cc3)Cl)/OC
dude_mk01__L000451,c1c(nc(nc1N)S[C@@H]2CS(=O)(=O)C[C@@H]2O)N
dude_mk01__L000452,c1cc(ccc1Nc2nc(nc(n2)OC(C(F)(F)F)C(F)(F)F)NN)Br
dude_mk01__L000453,c1ccc(c(c1)c2c(=O)[nH]c(=S)[nH]n2)n3c(=O)[nH]c(=O)c(n3)C#N
dude_mk01__L000454,c1c(c(cc(c1N[C@@H]2CCS(=O)(=O)C2)F)N)C(=O)[O-]
dude_mk01__L000455,CC1=C([C@H](c2c(c(sc2N1)C(=O)NC34CC5CC(C3)CC(C5)C4)N)c6cccs6)C(=O)OC
dude_mk01__L000456,Cc1c\2c(oc1C(=O)NN)CCC/C2=N\NC(=O)c3ccc(cc3)c4ccccc4
dude_mk01__L000457,Cc1c2ccccc2oc1C(=O)NNC(=O)c3ccc(s3)Cl
dude_mk01__L000458,c1ccc2=[NH+]CC(=c2c1)CCNC(=O)C3=C4[C@H](CCC3)S[C@@H](N4)NC(=O)c5ccc6c(c5)OCO6
dude_mk01__L000459,Cc1c(cc(cc1Cl)S(=O)(=O)[N-]c2cc[nH]n2)N
dude_mk01__L000460,CCOC(=O)c1c2cc3c(c(c2oc1N)c4ccc(cc4)Cl)c(c(o3)N)C(=O)OCC
dude_mk01__L000461,Cc1cc(c(s1)C)CNc2ccc3c(c2)[nH]c(=O)c(=O)[nH]3
dude_mk01__L000462,COc1cccc(c1)[C@@H]2CC(=O)Nc3c2snc3c4ccc(cc4)F
dude_mk01__L000463,COc1cc(c(cc1[C@@H]2[C@@H]3CCCC=C3C(=C(C2(C#N)C#N)N)C#N)Br)OC
dude_mk01__L000464,Cc1ccc(cc1)S(=O)(=O)NNc2c(c(ncn2)Sc3ccccc3)N
dude_mk01__L000465,Cc1ccc(cc1)c2csc(c2C(=O)N)NC(=O)[C@H](C)n3c(=O)cc(c4c3c(cc(c4)C)C)C
dude_mk01__L000466,Cc1cnc(nc1c2cc([nH]c2)C(=O)N[C@H](CO)c3cccc(c3)Cl)Nc4cccc5c4CCCC5
dude_mk01__L000467,CCOc1cc(ccc1O)c2cc(nc(c2C#N)N)c3ccc(cc3)Br
dude_mk01__L000468,C[C@@H](C(=O)Nc1ccc(cc1)NC(=O)C)NS(=O)(=O)c2ccc(cc2)Br
dude_mk01__L000469,Cc1ccc(cc1)NC(=O)N(C)CC(=O)Nc2ccc(cc2C)Br
dude_mk01__L000470,c1ccc2c(c1)C(=O)[C@]3([C@@]2(NC(=S)N3)O)O
dude_mk01__L000471,COc1ccc(cc1Nc2ccc(cc2Br)N)Br
dude_mk01__L000472,c1ccc(cc1)C[C@@H]2N/C(=C\C(=O)Nc3ccc4c(c3)[nH]c(=O)o4)/CS2
dude_mk01__L000473,CN1C(=O)C(=CNc2ccccc2SCC(=O)N)C(=O)N(C1=O)C
dude_mk01__L000474,COC(=O)[C@H]1Cc2c3ccccc3[nH]c2[C@@H](N1)c4cccc(c4)[N+](=O)[O-]
dude_mk01__L000475,C[C@H]1CCCC[C@H]1NC(=O)CSc2nnc(n2N)c3ccc(cc3)Cl
dude_mk01__L000476,c1cc(ccc1N2C(=O)C[C@@H](C2=O)Nc3ccc(c(c3)Cl)Cl)F
dude_mk01__L000477,CCc1ccc(cc1)[C@@H](C)NC(=O)Nc2ccc(cc2)C(=O)NC3CCCC3
dude_mk01__L000478,c1cc(ccc1C(=O)[O-])S(=O)(=O)[N-][NH3+]
dude_mk01__L000479,C[C@@H](CCC(=O)[O-])[C@H]1CC[C@H]2[C@@]1(CC[C@@H]3[C@@H]2C=CC4=CC(=O)CC[C@@]34C)C
dude_mk01__L000480,c1ccc2c(c1)nc3c(nn(c3n2)c4ccc(cc4)I)[C@H]([C@H](CO)O)O
dude_mk01__L000481,CCOC(=O)C1=C(N(C(=O)N[C@@H]1c2ccccc2Cl)CC=C)CN3CCN(CC3)C(=O)C4CCCC4
dude_mk01__L000482,c1cc(ccc1n2c(c(sc2=O)C(=O)N)[O-])O
dude_mk01__L000483,C[C@@H]1C[C@@H](CN(C1)C(=O)CSc2nnc(o2)c3ccc(s3)Cl)C
dude_mk01__L000484,Cc1ccc(cc1)/C=N/Nc2nnc(n2N)SCC(=O)Nc3cccc4c3cccc4
dude_mk01__L000485,c1cc(ccc1C(=O)[C@@H]2C(=C3C=C(C(=O)N=C3S2)C(=O)[O-])N)Cl
dude_mk01__L000486,c1ccc2c(c1)c3c([nH]2)nc4nnc(n4n3)SCC(=O)Nc5ccc(cc5)S(=O)(=O)N
dude_mk01__L000487,c1cc(c(c(c1)O)O)C(=O)N(Cc2ccco2)[C@H](c3ccc(cc3)O)C(=O)NC4CCCCC4
dude_mk01__L000488,CNC(=O)N1c2ccccc2NC3=C([C@H]1c4ccc(cc4)OC)C(=O)C[C@@H](C3)c5ccco5
dude_mk01__L000489,c1cc(c(cc1S(=O)(=O)N)Br)S(=O)(=O)N
dude_mk01__L000490,c1cc(ncc1Br)N[C@@H]2[C@H]([C@@H]([C@@H](CO2)O)O)O
dude_mk01__L000491,Cc1cccn2c1nc(c(c2=O)/C=C(\C#N)/C(=O)NCC=C)N3CCC(CC3)C(=O)N
dude_mk01__L000492,C[C@H](C(=O)NC(=O)Nc1ccccc1)OC(=O)c2cc(ccc2N)Br
dude_mk01__L000493,Cc1ccc2c(c1)[C@]3([C@H]4[C@@H]([C@@H]([NH2+]3)CC(=O)N)C(=O)N(C4=O)CCc5ccc(c(c5)OC)OC)C(=O)N2
dude_mk01__L000494,c1cc(ccc1NC(=S)NCC2CCN(CC2)C(=S)Nc3ccc(cc3)Cl)Cl
dude_mk01__L000495,c1cc(cc(c1)Cl)c2cn[nH]c2c3cc([nH]c3)C(=O)N4CCCC4
dude_mk01__L000496,C[C@H]1c2cc(c(cc2CCN1C(=O)c3cc([nH]c(=O)c3)[O-])O)O
dude_mk01__L000497,CC1CCC2(CC1)C(=O)N(C(=O)N2)NC(=O)C[NH+]3CCC[C@@H]3C(=O)Nc4cc(cc(c4)Cl)Cl
dude_mk01__L000498,CCOc1ccc(cc1)N2C(=O)C[C@H](C2=O)SC(=[NH2+])N/N=C/c3c4ccccc4ccc3O
dude_mk01__L000499,c1ccc2c(c1)[C@@](C(=O)N2)(CC(=O)c3ccc(cc3)NC(=O)Nc4ccc(c(c4)Cl)Cl)O
dude_mk01__L000500,CC/C(=N\Nc1nnc(n1N)SCC(=O)Nc2ccccc2SC)/c3ccccc3
dude_mk01__L000501,c1cc(ccc1c2cc(n[nH]2)c3nnc(n3N)SCC(=O)Nc4ccc(cc4)Br)Cl
dude_mk01__L000502,c1cc(ccc1CSc2nnc(n2N)N/N=C/c3ccc(cc3)F)Cl
dude_mk01__L000503,Cc1csc(=O)n1CC(=O)Nc2c(cc(cc2Cl)Cl)N
dude_mk01__L000504,c1c(cc(c(c1F)S(=O)(=O)NC2CCC(CC2)O)F)N
dude_mk01__L000505,Cc1ccc(c(c1)NC(=O)C2=C(NC(=S)N[C@H]2c3cccc(c3)OC)C)C
dude_mk01__L000506,CO[C@H]1[C@H]([C@@H]([C@@H]([C@@H](O1)C(=O)[O-])O)O)O
dude_mk01__L000507,c1cc(ccc1NC(=O)NC[C@@H]2CCC[C@@H](C2)CNC(=O)Nc3ccc(cc3)F)F
dude_mk01__L000508,c1ccc(c(c1)CN2c3ccccc3[C@]4(C2=O)C(=C(N5c6ccccc6SC5=C4C#N)N)C#N)F
dude_mk01__L000509,CCOC(=O)CCCNc1c(cc(c(c1Br)N)Br)Br
dude_mk01__L000510,Cc1ccc(cc1)SCc2cc(=O)nc([nH]2)/N=C(\N)/Nc3ccc(cc3C)C
dude_mk01__L000511,CC(C)C[C@H](C(=O)Nc1ccc(cc1)I)NC(=O)N
dude_mk01__L000512,CNC(=O)Nc1ccc(cn1)CNc2c(cnn2C)C(=O)Nc3ccc(cc3)SC(F)(F)F
dude_mk01__L000513,Cc1cc(ccc1NC(=O)N2CCc3c(ccs3)[C@H]2C)OCC(=O)N
dude_mk01__L000514,c1ccc(cc1)NC(=O)c2ccccc2NC(=S)NC(=O)/C=C/c3cccc4c3cccc4
dude_mk01__L000515,Cc1cc(cc(c1C)S(=O)(=O)Nc2ccc(c(c2)Sc3[nH]ncn3)O)C(C)(C)C
dude_mk01__L000516,Cc1c(sc(c1C(=O)N)NC(=S)NC(=O)c2ccc(c(c2)Br)OCC(C)C)C
dude_mk01__L000517,Cc1ccc(cc1)NC(=O)[C@@H](C)Sc2nc(=O)cc(n2c3ccccc3)N
dude_mk01__L000518,CCCc1c(c(nc2c1c(c(s2)C#N)N)N)C#N
dude_mk01__L000519,Cc1ccc(c(c1)N)S(=O)(=O)N[C@@H]2CCCC[C@@H]2O
dude_mk01__L000520,Cc1ccc(cc1C)[C@@H](C)NC(=O)CN(CCC(C)C)c2c(n(c(=O)[nH]c2=O)Cc3ccccc3)N
dude_mk01__L000521,c1ccc2c(c1)cccc2NC(=O)COC(=O)c3cc(ccc3N)Br
dude_mk01__L000522,c1ccc(c(c1)NC(=O)c2ccc(cc2)Cl)NC(=O)c3ccc(=O)[nH]c3
dude_mk01__L000523,C[C@@H](CNC(=O)c1ccc(cc1)[C@@H]2Nc3ccccc3S(=O)(=O)N2)c4ccccc4
dude_mk01__L000524,C[C@@H](C(=O)NC(=O)NC1CC1)Sc2nc(c3c4c(sc3n2)CCCC4)N
dude_mk01__L000525,c1cc(cc(c1)S(=O)(=O)N2CCCC2)NCC(=O)Nc3cc4c(cc3Br)[nH]c(=O)[nH]4
dude_mk01__L000526,Cn1ccnc1[C@@H](c2ccc(cc2)OC)NS(=O)(=O)c3ccc4c(c3)[nH]c(=O)[nH]4
dude_mk01__L000527,CCOCCC[NH+]1[C@@H](NN[C@@H]1SCc2[nH]c(=O)c3ccc(cc3n2)C(=O)[O-])c4ccc(cc4)Cl
dude_mk01__L000528,Cc1ccc(cc1)c2ccc(o2)CCC(=O)Nc3ccc(cc3)S(=O)(=O)N
dude_mk01__L000529,c1c(cc(cc1C(F)(F)F)NC(=O)CSC2=NN[C@H](N2N)[C@@H]3C4=C(CCC4)N=N3)C(F)(F)F
dude_mk01__L000530,CCc1ccccc1N2[C@@H]3CS(=O)(=O)C[C@H]3N(C2=O)c4ccc(cc4)C
dude_mk01__L000531,c1cc(ccc1S(=O)(=O)N2CCC(CC2)C(=O)Nc3nc4ccc(cc4s3)S(=O)(=O)N)Cl
dude_mk01__L000532,CCCCCCOc1ccc(cc1Br)c2c(c(nc(n2)N)C)C(=O)N
dude_mk01__L000533,c1ccc2c(c1)c(c[nH]2)/C=N/Nc3[nH]nc(n3)SCC(=O)NC4C5CC6CC(C5)CC4C6
dude_mk01__L000534,Cc1cccc(c1NC(=O)CN(C)C(=O)CSc2nc(c3c4c(sc3n2)C[C@@H](CC4)C)N)C
dude_mk01__L000535,c1cc(ccc1C#N)[C@H]2C[NH2+]C[C@H]2C(=O)[O-]
dude_mk01__L000536,c1cnc(nc1)[N-]S(=O)(=O)c2c(cc(cc2Cl)Cl)N
dude_mk01__L000537,C[C@@H](Cc1ccc(cc1)O)NC(=O)NNC(=O)Cc2cccc3c2cccc3
dude_mk01__L000538,c1ccc2c(c1)[nH]c(n2)SCc3nnc(n3N)CSc4[nH]c5ccccc5n4
dude_mk01__L000539,Cc1ccc(c(c1)[N-]S(=O)(=O)c2c(ccs2)Br)F
dude_mk01__L000540,CC[C@H]1CCc2c(sc(c2C(=O)N)NC(=O)COc3ccc(cc3)Cl)C1
dude_mk01__L000541,C=CCc1cccc(c1O)/C=N/Nc2[nH]nc(n2)SCC(=O)Nc3cccc4c3cccc4
dude_mk01__L000542,c1cc(ccc1C(=O)NC2CCCCC2)NCC(=O)Nc3ccc(cc3)C(=O)NC4CCCCC4
dude_mk01__L000543,CCCNC(=O)C[NH+]1CCC(CC1)NC(=O)Nc2cccc(c2F)Cl
dude_mk01__L000544,CC(C)(C)[C@H]1CCc2c(sc(c2C(=O)N)NC(=S)NC(=O)/C=C/c3ccc(cc3)OC)C1
dude_mk01__L000545,CC(C)(C)c1ccc(cc1)C(=O)NCCC(=O)NN2C(=O)C3(CCCCC3)NC2=O
dude_mk01__L000546,COc1ccc(cc1)NS(=O)(=O)c2ccc3c(c2)[C@@H]4C=CC[C@@H]4[C@@H](N3)c5ccc(cc5O)O
dude_mk01__L000547,C[C@@H]1CCc2c(sc3c2c(nc(n3)CSc4nnc(n4N)c5ccc(cc5)OC)N)C1
dude_mk01__L000548,CCOc1ccc(c(c1)[C@H]2c3ccc(cc3OC(=C2C#N)N)O)OCC
dude_mk01__L000549,Cc1ccc(c2c1N[C@@H]([C@H]3[C@H]2C=CC3)c4cc(cc(c4O)Cl)Cl)[N+](=O)[O-]
dude_mk01__L000550,CN(Cc1ccccc1)C(=O)c2cc(c[nH]2)c3c(cn[nH]3)c4cccc(c4)Cl
dude_mk01__L000551,COc1cc(cc(c1O)[N+](=O)[O-])[C@H]2[C@H]([C@@](NC(=S)N2)(C(F)(F)F)O)C(=O)c3ccccc3
dude_mk01__L000552,Cc1cc(c2cc(c3nnc(n3c2c1)SCC(=O)N4CCC[C@H](C4)C)C)C
dude_mk01__L000553,C[C@@H]1CCC[C@H]([C@@H]1C)NC(=O)c2ccc3c(c2NCCO)C(=O)c4ccccc4C3=O
dude_mk01__L000554,c1cc2c(cc1c3ccc4c(c3)OCO4)C(=O)N5CC[C@@H](C[C@H]5C(=O)N2)NC(=O)[C@@H]6CSC[NH2+]6
dude_mk01__L000555,Cc1c(c2c(cn1)[C@](OC2)(C(F)(F)[P@](=O)(O)[O-])O)O
dude_mk01__L000556,c1ccc2c(c1)c(c(s2)C(=O)NC(=S)Nc3c(c4c(s3)CCCC4)C(=O)N)Cl
dude_mk01__L000557,CCS[C@H]1[C@H]([C@H]([C@@H]([C@@H](O1)C(=O)[O-])O)O)O
dude_mk01__L000558,c1cc(ncc1Br)N[C@H]2[C@H]([C@@H]([C@H](CO2)O)O)O
dude_mk01__L000559,Cc1ccc(c(c1)NC(=O)CSC2=NN[C@@H](N2c3ccc(cc3)Cl)Cc4cc(=O)[nH]c(=O)[nH]4)C
dude_mk01__L000560,c1cc(cc(c1)O)/C=N/NC(=O)C(=O)Nc2cccc(c2)Br
dude_mk01__L000561,CCOCCn\1c2c(cccc2s/c1=N\C(=O)c3ccc(cc3)S(=O)(=O)N4CCOCC4)OCC
dude_mk01__L000562,CC(C)NC(=O)c1ccccc1NC(=O)c2ccc([nH]c2=O)c3cccs3
dude_mk01__L000563,CCc1ccc(cc1N)S(=O)(=O)Nc2ccc(c(c2)F)Cl
dude_mk01__L000564,C/C(=C\C(=O)Nc1ccc(cc1)Br)/NNC(=O)c2ccccc2O
dude_mk01__L000565,Cc1cnc(nc1c2cc([nH]c2)C(=O)N[C@H](CO)c3cccc(c3)F)Nc4ccccc4
dude_mk01__L000566,Cc1ccc(cc1)SCc2c3c(n[nH]2)OC(=C([C@@H]3c4cccnc4)C#N)N
dude_mk01__L000567,C[C@]1(CCS(=O)(=O)C1)N/C(=N/O)/N
dude_mk01__L000568,c1cc(ccc1C(=O)N(C2CCCCC2)[C@H](c3c(cc(cc3O)O)O)C(=O)NC4CCCCC4)[N+](=O)[O-]
dude_mk01__L000569,C#CCOc1c(cc(cc1Cl)/C=N/NC(=O)Cc2csc(n2)N)Cl
dude_mk01__L000570,C1=C([C@](NC(=S)N1)(C(F)(F)F)O)C(=O)[O-]
dude_mk01__L000571,C[C@]1(CC[C@@H](C([C@H]1CC[C@@](C)(CCOc2ccc3ccc(=O)oc3c2)O)(C)C)O)O
dude_mk01__L000572,COc1c(cc(cc1Br)Br)C(=O)NC(=S)Nc2c3ccccc3ccc2O
dude_mk01__L000573,CCOc1ccccc1N(CC(=O)Nc2cccc(c2C)C(=O)OCC)S(=O)(=O)c3ccc(cc3)C
dude_mk01__L000574,CCCC(=O)Nc1ccc(cc1)C(=O)NNC(=S)NC(=O)c2ccc(cc2Cl)Cl
dude_mk01__L000575,COc1ccc(cc1)c2c3c(c(ncn3)N4CCCCCC4)sn2
dude_mk01__L000576,c1c(c(sc1C(=O)[O-])Br)S(=O)(=O)N[C@H]2CCCC[C@H]2[NH3+]
dude_mk01__L000577,C[C@@]12CCC(=O)C=C1CC[C@@H]3[C@@H]2[C@@H](C[C@@]4([C@@H]3CC[C@@]4([C@@H](CO)O)O)C)O
dude_mk01__L000578,c1ccc(cc1)c2nc([nH]n2)CN3c4ccccc4N[C@@H]3C5CC5
dude_mk01__L000579,Cc1cc2c(o1)CC(C[C@H]2NC(=O)NNC(=O)C(=O)NC3CC3)(C)C
dude_mk01__L000580,Cc1ccc(c(c1)NC(=O)CNC(=O)NNC(=O)c2cc3c(s2)CC[C@@H](C3)C)OC
dude_mk01__L000581,c1cc(ccc1NC(=O)/C=C\2/CS[C@@H](N2)[C@H]3C=CC=N3)S(=O)(=O)N
dude_mk01__L000582,c1cc(ccc1NC(=O)N[C@H]2CCCC[C@@H]2N3C(=O)CSC3=O)F
dude_mk01__L000583,C[C@@H](CC(=O)NNC(=S)Nc1ccc(cc1)F)NC(=O)C2CCCCC2
dude_mk01__L000584,C1CCCC(CC1)(C(=O)[O-])NC(=O)N[C@@H]2CCCC[C@H]2O
dude_mk01__L000585,CC(C)c1ccc(cc1)[C@H]2[C@H]([C@@](NC(=O)N2)(C(F)(F)F)O)C(=O)SC
dude_mk01__L000586,CC(=O)Nc1cc(cc(c1)NC(=O)C)C(=O)OCc2nc(c3c4c(sc3n2)CCCCC4)N
dude_mk01__L000587,Cc1ccc(cc1Cl)c2ccc(o2)C(=O)NC(=S)Nc3ccc(cc3)S(=O)(=O)N
dude_mk01__L000588,c1cc(ccc1/C=N/Nc2nnc(n2N)SCC(=O)Nc3ccc(c(c3)C(F)(F)F)Cl)F
dude_mk01__L000589,Cc1ccc(c(c1)Br)OCc2nc(c3cnn(c3n2)C)N
dude_mk01__L000590,C[C@]1(C(=O)N(C(=O)N1)Cc2ccc(c(c2)Cl)Cl)c3ccsc3
dude_mk01__L000591,c1c(c(cc(c1F)F)NC(=O)N2CCC(CC2)[NH3+])C(=O)[O-]
dude_mk01__L000592,CC1=NC2=C([C@H](C1C(=O)OC3CCCC3)c4ccc(c(c4OC)OC)OC)C(=O)C[C@@H](C2)c5cccs5
dude_mk01__L000593,c1cc(ccc1/C=C(/c2nc(c3c4c(sc3n2)CCC4)[O-])\Cl)C#N
dude_mk01__L000594,CCC[C@](C)(C(=O)Nc1c(cc(cc1OC)Br)C)[NH3+]
dude_mk01__L000595,Cc1cc(c(cc1C)/C=C/C(=O)NNC(=S)Nc2cccc(c2)NC(=O)C)C
dude_mk01__L000596,CCOc1ccc(cc1)[C@@H]2c3c(n[nH]c3OC(=C2C#N)N)c4ccc(c(c4)Cl)Cl
dude_mk01__L000597,c1cnc(nc1c2cc3c([nH]2)[C@H](CNC3=O)CCF)N
dude_mk01__L000598,Cc1cc(c(n1CCC2=CCCCC2)C)C(=O)CSc3nc(cc(n3)N)N
dude_mk01__L000599,COC(=O)[C@](C(F)(F)F)(Nc1c(c2c(s1)CCCC2)C(=O)N)NC(=O)c3ccc(cc3)Cl
dude_mk01__L000600,CC(C)(C(=O)Nc1ccc(c(c1)Cl)C(=O)[O-])[NH3+]
dude_mk01__L000601,CCOC(=O)C1=C(NC(=O)N[C@@H]1c2ccco2)CSc3nnc(n3N)c4ccc(cc4Cl)Cl
dude_mk01__L000602,CS(=O)(=O)c1ccc(cc1)Nc2nc3ccc(cc3s2)N
dude_mk01__L000603,C[C@H]1CCCC[C@H]1NC(=O)NC(=O)CSc2nnc(n2N)c3ccc(cc3)C(C)(C)C
dude_mk01__L000604,CC(=O)[C@]1(CC[C@H]2[C@@]1(CC[C@@H]3[C@@H]2C[C@@H]([C@@]4([C@@]3(CC[C@@H](C4)O)C)O)O)C)O
dude_mk01__L000605,c1cc2c(cc1Cl)nc(s2)SCC(=O)NC(=O)NC3CCCCC3
dude_mk01__L000606,CC(C)(C)NC(=O)[C@@H](c1c(cc(cc1O)O)O)N(C)C(=O)Cc2cccc(c2Cl)Cl
dude_mk01__L000607,Cc1cccc(c1C)N2CCN(CC2)c3c4cc(nn4ccn3)c5cccs5
dude_mk01__L000608,C=CCc1cccc(c1O)/C=N/Nc2nnc(n2N)SCc3cccc(c3)Br
dude_mk01__L000609,C[C@H](C(=O)Nc1ccc2c(c1)[nH]c(=O)[nH]2)N3CCN(CC3)c4ccc(cc4[N+](=O)[O-])C(F)(F)F
dude_mk01__L000610,CC(C)[C@H](C(=O)Nc1ccc(cc1OC)OC)NS(=O)(=O)c2ccc3c(c2)CCCC(=O)N3
dude_mk01__L000611,COc1cc(c(cc1Cl)OC)NC(=S)N/N=C/c2ccc(cc2O)O
dude_mk01__L000612,C/C/1=C\[C@@H]([C@@H](C/C=C(\[C@@H](CC1)O)/C)C(C)C)O[C@@H]2[C@@H]([C@@H]([C@@H]([C@@H](O2)COC(=O)C)O)O)O
dude_mk01__L000613,CCCNS(=O)(=O)c1ccc2c(c1)[C@@H]3C=CC[C@@H]3[C@@H](N2)c4cc(cc(c4O)Cl)Cl
dude_mk01__L000614,c1ccc2c(c1)C(=O)[C@@]3([C@@]2(Nc4c(nsn4)N3)O)O
dude_mk01__L000615,c1ccc(cc1)CCNC(=O)CSC2=NN[C@@H](N2c3ccc(cc3)F)Cc4cc(=O)[nH]c(=O)[nH]4
dude_mk01__L000616,CC[C@@H](c1nnnn1Cc2ccccc2)[NH+](Cc3ccc(cc3)F)Cc4cc5cc(c(cc5[nH]c4=O)C)C
dude_mk01__L000617,c1c(cc(cc1C(=O)[O-])F)c2c[nH]c(=O)[nH]c2=O
dude_mk01__L000618,C[C@@H](C(=O)NNC(=C)c1cc(ccc1O)O)Oc2ccc(cc2Cl)Cl
dude_mk01__L000619,Cc1cc(n(n1)c2c(c(ncn2)Nc3ccc(cc3)Br)N)C
dude_mk01__L000620,Cc1ccc(c(c1)S(=O)(=O)[N-]c2ncc(s2)C#CC[NH3+])C
dude_mk01__L000621,CCOC(=O)c1ccc(cc1)c2ccc(o2)[C@@H]3c4ccc(cc4OC(=C3C#N)N)N
dude_mk01__L000622,CC[C@](c1ccc(cc1)Br)(C(=O)[O-])OCc2cccs2
dude_mk01__L000623,CC(=CC(=O)N(Cc1ccco1)[C@@H](c2c(cc(cc2O)O)O)C(=O)NC3CCCCC3)C
dude_mk01__L000624,CCCCN(CC(=O)N1c2ccccc2-n3cccc3[C@@H]1c4ccccc4)C(=O)c5cc(cc(c5)OC)OC
dude_mk01__L000625,CC1CCC2(CC1)C(=O)N(C(=O)N2)NC(=O)CCc3nc4cc(ccc4n3C)S(=O)(=O)N(C)C
dude_mk01__L000626,Cc1ccc(cc1)S(=O)(=O)Nc2cc(c(c(c2)Cl)N)Cl
dude_mk01__L000627,CC(=CC[C@@]1(C(=O)c2ccccc2[C@@]1(C(=O)[O-])O)O)C
dude_mk01__L000628,CC(C)(C)NC(=O)N(Cc1ccco1)Cc2cnc(n2Cc3ccccc3)S(=O)(=O)Cc4ccccc4
dude_mk01__L000629,C[C@H]1CCc2c(sc3c2c(nc(n3)SCC(=O)Nc4ccccc4OC)N)C1
dude_mk01__L000630,C[C@@H]1CCCC[C@@H]1NS(=O)(=O)c2ccc(c(c2)N)O
dude_mk01__L000631,c1ccc2c(c1)cccc2NC(=O)CSc3nnc(s3)NC(=O)Nc4ccc(cc4)Cl
dude_mk01__L000632,CCn\1c2ccc(cc2s/c1=N\C(=O)c3ccnn3CC)SC
dude_mk01__L000633,CC(C)NC(=O)O[C@@H]1CC[C@@]2([C@H]([C@]1(C)CO)CC[C@H]([C@H]2CC(=O)NCc3ccccc3OC)O)C
dude_mk01__L000634,CC[C@H](C)[C@@H](C(=O)NCc1ccc(cc1)C)NC(=O)[C@@H]2Cc3ccccc3C[NH2+]2
dude_mk01__L000635,C=CCc1cccc(c1O)/C=N/Nc2[nH]nc(n2)SCCC(=O)Nc3cccc4c3cccc4
dude_mk01__L000636,c1cc(cc(c1)F)[C@H]2[C@H]3C(=NN=C3OC(=C2C#N)N)c4cccs4
dude_mk01__L000637,c1ccc2c(c1)nnn2CC(=O)N(c3cccc(c3)O)[C@H](c4ccc(c(c4)O)O)C(=O)NC5CCCCC5
dude_mk01__L000638,c1ccc2c(c1)CCc3ccccc3N2C(=O)CCSc4nnc(s4)N
dude_mk01__L000639,C[C@]1(CCS(=O)(=O)C1)n2c(nnn2)c3ccc(cc3N)N
dude_mk01__L000640,CC[NH+]1CCN(CC1)c2ccc(cc2NC(=O)/C=C/c3ccc(o3)c4ccccc4[N+](=O)[O-])C(=O)OCC
dude_mk01__L000641,c1ccc2c(c1)c3c([nH]2)[C@@H]([NH2+]CC3)c4c(=O)[nH]c(=O)n(c4[O-])CCC5=CCCCC5
dude_mk01__L000642,Cc1c(c(n(n1)c2ccc(cn2)S(=O)(=O)N)C)N
dude_mk01__L000643,Cc1ccc(cc1)C2=C[C@@H](N=N2)[C@@H]3NN[C@@H](N3N)SCC(=O)C
dude_mk01__L000644,Cc1c(c([nH]c1C(=O)OCC(=O)Nc2c(cc(cc2Cl)S(=O)(=O)N)Cl)C)C(=O)C
dude_mk01__L000645,CCOc1cc(cc(c1O)Br)[C@@H]2C(=C(NC(=S)N2)C)C(=O)Nc3ccccc3C(=O)OC
dude_mk01__L000646,CC(=O)Nc1ccc(cc1)C(=O)/N=C(/NCCC2=c3ccccc3=[NH+]C2)\Nc4ccc(cc4)F
dude_mk01__L000647,c1ccc2c(c1)C(=O)c3cccc(c3C2=O)NC(=O)CNc4ccccc4C(=O)N
dude_mk01__L000648,C1C[C@@H](C(=O)NC1)NC(=O)N2C[C@@H](C[C@H]2C(=O)[O-])O
dude_mk01__L000649,c1cc(nnc1C(=O)N2C=NN[C@@H]2SC(=S)N)[O-]
dude_mk01__L000650,CCCCN(CC(=O)N1c2ccccc2-n3cccc3[C@@H]1c4cc(ccc4OC)OC)C(=O)c5cccs5
dude_mk01__L000651,CC1=NN=C2C1=C(CC(C2)(C)C)NNC(=S)N
dude_mk01__L000652,C1CCC(CC1)[C@H](C(=O)[O-])NC(=O)N2CCC[C@@H](C2)O
dude_mk01__L000653,CC[C@@H]1c2ccsc2CCN1C(=O)C[C@@H]3C(=O)Nc4ccccc4S3
dude_mk01__L000654,Cc1ccc(cc1)NC(=O)C2=C(NC(=S)N[C@@H]2c3ccccc3OC)C
dude_mk01__L000655,Cc1ccc(cc1)[C@@]2([C@H]([C@H](NC(=O)N2)c3ccc(o3)c4ccc(cc4)F)C(=O)C(F)(F)F)O
dude_mk01__L000656,c1ccc2=[NH+]C3=NC=C([NH2+][N-]C3=c2c1)SCC(=O)Nc4ncc(s4)Cc5ccc(cc5)Cl
dude_mk01__L000657,c1cc(ccc1/C(=C/c2cc(cc(c2)O)O)/C(=O)[O-])O
dude_mk01__L000658,COc1cccc(c1)CSc2nnc(n2N)N/N=C/c3c4ccccc4ccc3O
dude_mk01__L000659,C1CCC(C1)(C(=O)[O-])NC(=O)[C@@H]2CCCN(C2)C(=O)N
dude_mk01__L000660,c1cc(sc1)S(=O)(=O)[N-]c2cc(ccc2Cl)Br
dude_mk01__L000661,Cc1cc(cc(c1)OCC(=O)NNC(=O)N[C@@H]2CCC[C@@H](C2)C(F)(F)F)C
dude_mk01__L000662,c1cc(c(c(c1)Cl)CN2CCNC(=O)[C@H]2CC(=O)NN)Cl
dude_mk01__L000663,c1cc(c(cc1N)NC(=O)[C@@H]2CCOC2)C(=O)[O-]
dude_mk01__L000664,C[C@@]12CC[C@@H]3c4ccc(cc4/C(=N/OCC(=O)[O-])/C[C@@H]3[C@@H]1C[C@H]([C@@H]2O)O)O
dude_mk01__L000665,CCN(CC)c1ccc(o1)/C=c/2\c(=O)n3c4cc(c(cc4nc3s2)C)C
dude_mk01__L000666,CC(C)(C)N1C(=O)[C@H]2[C@@H]([NH2+][C@@]([C@@H]2C1=O)(CO)C(=O)[O-])c3ccc(cc3)N(C)C
dude_mk01__L000667,CC(C)C[C@@H](CNS(=O)(=O)c1ccc(cc1Cl)Br)[NH3+]
dude_mk01__L000668,Cc1cc(ccc1NC(=O)CNC(=O)NCc2cccc(c2)NC(=O)C3CCC3)Br
dude_mk01__L000669,CC[C@H](C)[C@H](C(=O)Nc1nnc(s1)c2ccc(cc2)Br)NC(=O)NC(C)(C)C
dude_mk01__L000670,c1cc(c(c(c1)O)O)[C@@H]2[NH2+][C@H](CS2)C(=O)[O-]
dude_mk01__L000671,c1cc(cc(c1)NS(=O)(=O)N)NCc2ccc(o2)I
dude_mk01__L000672,CCOC(=O)C1=C(NC(=O)N[C@H]1c2ccc(c(c2)O)O)CCl
dude_mk01__L000673,Cn1cc(c2c1nccc2c3ccc(cc3)C(=O)NCCO)/C=C\4/C(=O)c5c(cccc5O4)O
dude_mk01__L000674,c1cc(c(cc1F)C(=O)N2CCCC[C@@H]2C(=O)N)N
dude_mk01__L000675,Cc1cc2c(cc1C)CN(C2)c3ccc(cc3)C(=O)N/N=C/c4ccc(cc4)O
dude_mk01__L000676,c1cc(c(cc1C(=O)OCC(=O)Nc2c(c3c(s2)CCCC3)C(=O)N)Cl)O
dude_mk01__L000677,c1cc(ccc1/C(=N\O)/NC(=O)Nc2ccc(c(c2)Cl)Cl)NC(=O)C3CC3
dude_mk01__L000678,Cc1cnc(nc1c2cc([nH]c2)C(=O)N[C@H](CO)c3cccc(c3)Cl)Nc4ccccc4
dude_mk01__L000679,c1cc(ccc1CCC(=O)NNC(=O)c2cc3c(s2)CCCCCC3)S(=O)(=O)N
dude_mk01__L000680,COc1ccc(cc1)C2=C[C@H](N(N2)C(=O)CSc3nnc(n3N)C(F)(F)F)c4ccco4
dude_mk01__L000681,C[C@H]1Cc2cc(ccc2N1S(=O)(=O)C)N
dude_mk01__L000682,CC[C@H](C)NC(=O)c1ccc(c(c1)NS(=O)(=O)c2ccc(cc2)C3CCCCC3)N4CC[NH2+]CC4
dude_mk01__L000683,CC(C)(C)CC(C)(C)NC(=O)[C@@H](c1ccc(c(c1)OC)O)N(C(=O)c2c(cccc2O)O)C(C)(C)C
dude_mk01__L000684,CS(=O)(=O)Nc1cc2c(cc1N)OCC(=O)N2
dude_mk01__L000685,C[C@@]12CC[C@@H](C1(C)C)C[C@H]2O[C@H]3[C@@H]([C@@H]([C@@H]([C@@H](O3)C(=O)[O-])O)O)O
dude_mk01__L000686,CC1=C([C@H](NC(=O)N1)c2ccccc2O)C(=O)N/N=C/c3cccc(c3)Br
dude_mk01__L000687,Cc1ccccc1OCC(=O)NC(=S)Nc2c(c3c(s2)CCCC3)C(=O)N
dude_mk01__L000688,C/C(=N\N1CC[NH+](CC1)C)/c2c([nH]n(c2=O)c3nc4ccccc4s3)C(F)(F)F
dude_mk01__L000689,c1ccc(c(c1)/C=N/N=C\2/NC(=O)[C@@H](S2)Cc3ccc(cc3Cl)Cl)O
dude_mk01__L000690,Cc1cc(c(c(c1)C)COc2ccc(cc2[N+](=O)[O-])S(=O)(=O)N)C
dude_mk01__L000691,C[C@@H]1CCC[C@H]([C@@H]1C)NC(=S)NNC(=O)CCNC(=O)c2cccs2
dude_mk01__L000692,Cc1cc2cc(c(=O)[nH]c2cc1C)[C@@H](c3nnnn3C4CCCC4)[NH+]5CCC[C@@H](C5)C
dude_mk01__L000693,Cc1cc2cc(c(=O)[nH]c2cc1C)[C@@H](C)O
dude_mk01__L000694,CC(C)COc1ccc(cc1)C(=O)NC(=S)Nc2c(c3c(s2)C[C@H](CC3)C(C)(C)C)C(=O)N
dude_mk01__L000695,CN1C(=O)C2(Cc3cc(ccc3N4[C@H]2CCC4)N/C=C/5\C(=O)NC(=S)N(C5=O)C6CC6)C(=O)N(C1=O)C
dude_mk01__L000696,CCn1c2ccc(cc2[nH]c(=O)c1=O)C3=NO[C@H](N3)[C@H](C)NC(=O)c4ccco4
dude_mk01__L000697,C[C@@H]1CCc2c(sc3c2c(=O)[nH]c(n3)SCC(=O)Nc4c(c5c(s4)CCCC5)C(=O)N)C1
dude_mk01__L000698,COc1ccc2=[NH+][C@@H]3[C@@H](NCCC3=c2c1)c4c(=O)[nH]c(=O)n(c4[O-])c5cc(ccc5OC)OC
dude_mk01__L000699,C[C@H]1CCc2c(cc(s2)C(=O)NNC(=O)N3C[C@H](O[C@H](C3)C)C)C1
dude_mk01__L000700,Cc1ccc(cc1)CS[C@H]2NN[C@H](N2N)[C@@H]3C=C(N=N3)c4ccc(cc4)C
dude_mk01__L000701,Cn1c(c(c(=O)n(c1=O)C)C(=O)CSc2[nH]nc(n2)COc3ccc(cc3)Br)N
dude_mk01__L000702,Cc1cc(c(c(c1)S(=O)(=O)[O-])/N=N/c2cc(c(cc2N)N)C)C
dude_mk01__L000703,Cc1c2c(ncn(c2=O)CC(=O)NC(=O)N)sc1C(=O)[O-]
dude_mk01__L000704,Cc1ccc(cc1Cl)NNC(=O)C2CCC3(CC2)C(=O)NC(=O)N3
dude_mk01__L000705,c1ccc(cc1)C(c2ccccc2)(C(=O)NNC(=O)Nc3csc4c3CCCC4)O
dude_mk01__L000706,Cc1ccc(c2c1nc(s2)N(CCC[NH+](C)C)C(=O)[C@H]3CCCCN3S(=O)(=O)c4cccs4)C
dude_mk01__L000707,CC[C@@H](C)[C@H]([C@@](C)(/C=C/C1=CC2=C(C(=O)[C@@]([C@@H]([C@@H]2CO1)O)(C)O)Cl)O)O
dude_mk01__L000708,C[C@@H](c1ccc(cc1)NC(=O)NC2CC2)NC(=O)Nc3ccc(c(c3)F)OC
dude_mk01__L000709,CC(=O)[C@]1(CC[C@@H]2[C@@]1(CC[C@@H]3[C@H]2CC=C4[C@@]3(CC[C@@H](C4)OC(=O)C)C)C)O
dude_mk01__L000710,CCOC(=O)c1cc2cc(ccc2s1)NC(=O)Nc3ccc(cc3)S(=O)(=O)N
dude_mk01__L000711,CC[C@@H](C)[C@@H](C(=O)Nc1c(cc(cc1Br)Br)C(=O)OC)[NH3+]
dude_mk01__L000712,c1ccc2c(c1)c3ccccc3n2C[C@@H](COc4ccc(cc4)/C=N/NC(=S)N)O
dude_mk01__L000713,CN1c2ccccc2[C@@H]([C@@H](C1=O)C(=O)Nc3nnc(s3)S(=O)(=O)N)O
dude_mk01__L000714,CC[C@@H](c1nnnn1Cc2ccc(cc2)F)[NH+](CCc3ccccc3C)Cc4cc5cccc(c5[nH]c4=O)C
dude_mk01__L000715,c1cc(ccc1F)S(=O)(=O)N[C@@H]2N/C(=C\C(=O)NC3=CC4=CC=N[C@@H]4C=C3)/CS2
dude_mk01__L000716,c1cc(c(cc1n2c(nnc2SCc3nc(nc(n3)N)N)c4ccc(cc4Cl)Cl)Cl)F
dude_mk01__L000717,Cc1ccc(c(c1)N2[C@@H](NN=C2SCC(=O)Nc3ccc(cc3)Cl)Cc4cc(=O)[nH]c(=O)[nH]4)C
dude_mk01__L000718,c1ccc(cc1)C2=C[C@@H](N=N2)[C@@H]3NN[C@@H](N3N)SCc4cccc(c4)C(F)(F)F
dude_mk01__L000719,c1ccc(c(c1)c2ccc(c(c2Br)c3ccccc3O)[C@@H](CC=O)NC=O)O
dude_mk01__L000720,CCOc1ccc(cc1)NC(=O)CSc2[nH]c(=O)c(c(n2)N)c3ccccc3
dude_mk01__L000721,Cc1cc(c(c(c1C)S(=O)(=O)N[C@H](C)C(=O)OCC(=O)Nc2c(c3c(s2)CCC3)C(=O)N)C)C
dude_mk01__L000722,CCOc1ccc(cc1S(=O)(=O)n2cnc3c2cc(c(c3)C)C)C
dude_mk01__L000723,CCCC(=O)Nc1ccc(cc1)C(=O)NNC(=S)NC(=O)c2ccc(cc2)C(C)(C)C
dude_mk01__L000724,Cc1ccc(cc1C)N(C[C@@H]([C@@H]([C@@H](CO)O)O)O)/N=N/c2ccc(cc2)Cl
dude_mk01__L000725,CC(C)NS(=O)(=O)c1ccc2c(c1)[C@H]3C=CC[C@H]3[C@H](N2)c4c[nH]c5c4cccc5
dude_mk01__L000726,COc1ccc(c(c1)OC)c2nnc(n2N)SCC(=O)NC3CCCCC3
dude_mk01__L000727,CCOc1ccccc1NC(=O)C2=C(NC(=S)N[C@@H]2c3ccccc3C)C
dude_mk01__L000728,CCN(CC)C(=O)N[C@@H](C(Cl)(Cl)Cl)NC(=S)Nc1ccc(cc1)NC(=O)C
dude_mk01__L000729,c1cc(c(cc1Nc2cc3c(cc2N)CC(=O)N3)C#N)F
dude_mk01__L000730,C/C(=N\N=C(\c1c(non1)N)/N)/c2ccc(cc2)OCc3cccc4c3cccc4
dude_mk01__L000731,CC(C)C[C@@H](C(=O)NC)[NH2+]Cc1cccc(c1O)Br
dude_mk01__L000732,Cc1ccc(c(c1)C)OS(=O)(=O)c2cccc(c2)S(=O)(=O)N
dude_mk01__L000733,c1cc(cc(c1)F)COc2ccc(cc2/C=N/NC(=O)c3cc(cc(c3)O)O)Br
dude_mk01__L000734,Cc1ccccc1Nc2ncc(c(n2)c3cc([nH]c3)C(=O)N[C@H](CO)c4ccccc4)C
dude_mk01__L000735,c1cc(ccc1C(=O)NC(=S)Nc2c(c3c(s2)CCC3)C(=O)N)Br
dude_mk01__L000736,C[C@@]1(C(=O)N(C(=O)N1)CC(=O)Nc2ccc(cc2)Br)c3cccc(c3)Br
dude_mk01__L000737,Cc1c2cc(ccc2[nH]n1)c3cc(cnc3)OC[C@H](Cc4ccccc4)N
dude_mk01__L000738,Cc1ccc(c(c1)O)C(=O)Nc2ccc(c(c2)OC)N3CCCC3=O
dude_mk01__L000739,CCCN([C@H](c1c(cc(cc1O)O)O)C(=O)NC2CCCCC2)C(=O)[C@H](c3ccccc3)OC
dude_mk01__L000740,c1ccc2c(c1)cccc2NC(=O)c3ccc(o3)S(=O)(=O)N
dude_mk01__L000741,CC[C@H](C)NS(=O)(=O)c1ccc2c(c1)[C@H]3C=CC[C@H]3[C@@H](N2)c4ccccc4O
dude_mk01__L000742,CC(C)CC(=O)Nc1ccc(cc1)C(=O)N/N=C/c2cc(c(c(c2)OC)O)OC
dude_mk01__L000743,CCOc1cc(ccc1O)[C@@H]2c3c(n[nH]c3C(=O)N2[C@H]4CCS(=O)(=O)C4)c5cc(ccc5O)C
dude_mk01__L000744,CC[C@@H](C)N1C(=O)/C(=C\c2c[nH]c3c2cc(cc3)Br)/SC1=O
dude_mk01__L000745,c1ccc(cc1)C(=O)[C@H]2[C@H](NC(=O)N[C@]2(C(F)(F)F)O)c3cccc(c3)O
dude_mk01__L000746,CN1C(=O)N[C@@H]([C@@H]([C@]1(C(F)(F)F)O)C(=O)c2cccs2)c3ccccc3Cl
dude_mk01__L000747,Cc1c(ccc2c1NC(=O)[C@@]23[C@@H]4[C@@H]([C@H]5[NH+]3CCC5)C(=O)N(C4=O)c6ccc7ccccc7c6)Cl
dude_mk01__L000748,Cc1ccc(c(c1)NC(=O)[C@H](C)Sc2nnc(n2N)c3ccc(cc3)C(C)(C)C)OC
dude_mk01__L000749,C[C@@]12CCCC([C@H]1CC[C@@]([C@@H]2CC(=O)NNC(=S)Nc3ccccc3)(C)O)(C)C
dude_mk01__L000750,Cc1ccc(c(c1)NC(=O)CCC(=O)NNC(=S)NC(=O)C2CCCCC2)C
dude_mk01__L000751,CCOc1cc(ccc1OCc2ccccc2)[C@H]3C(=C(NC(=S)N3)c4ccccc4)C(=O)N
dude_mk01__L000752,C(C(=O)[O-])NC=C1C(=O)NC(=S)NC1=O
dude_mk01__L000753,C[C@]1(CCCN(C1)C(=O)N[C@H]2CCCC[C@@H]2[NH3+])C(=O)[O-]
dude_mk01__L000754,c1cc2c(cc1NCc3ccc(o3)c4ccc(cc4Cl)Cl)[nH]c(=O)[nH]2
dude_mk01__L000755,CCCCCOc1ccc(cc1)C2=C[C@@H](NN2)C(=O)N/N=C/C3=c4ccccc4=[NH+]C3
dude_mk01__L000756,CCCCN(C)S(=O)(=O)c1ccc(cc1)C(=O)N(CCC[NH+](C)C)c2nc3c(c(ccc3s2)C)C
dude_mk01__L000757,c1c(cc(c2c1OCO2)Br)c3nc4c(c(n3)NN)CCC4
dude_mk01__L000758,Cc1c(sc2c1c(=O)[nH]c(n2)CS[C@@H](C)C(=O)Nc3cc(c(c(c3)Cl)N)Cl)C
dude_mk01__L000759,Cc1cc(c(c(c1)Br)NC(=O)N[C@H](C)C(=O)[O-])Br
dude_mk01__L000760,c1ccc(c(c1)/C(=N/S(=O)(=O)c2ccc(cc2)CC[NH3+])/[O-])Nc3ccc(cc3)SC(F)F
dude_mk01__L000761,Cc1nnc(s1)S[C@](C)(c2ccc(c(c2)Br)F)C(=O)[O-]
dude_mk01__L000762,c1ccc(c(c1)COc2ccc(cc2[C@@H]3c4ccc(cc4OC(=C3C#N)N)O)Br)F
dude_mk01__L000763,CC(C)OC(=O)c1ccc(cc1)N2C(=O)c3cccc4c3c(ccc4)C2=O
dude_mk01__L000764,CCOCCn\1c2c(cccc2s/c1=N\C(=O)c3ccc(cc3)S(=O)(=O)N4CCCCCC4)OC
dude_mk01__L000765,c1ccc(cc1)N2[C@H](CC(=N2)C(=O)NC[C@]3(CCCc4c3cccc4)O)C(=O)N
dude_mk01__L000766,c1ccc(cc1)[C@H]2[C@@H]([C@@H]3c4ccccc4C=CN3[C@@H]2C(=O)N)C(=O)c5ccco5
dude_mk01__L000767,c1cc(ccc1NC(=O)COc2ccc(cc2C[NH3+])Br)Br
dude_mk01__L000768,CCOC(=O)c1c2c(sc1NC(=O)C(=O)N/N=C/c3ccc(cc3O)O)C[C@H](CC2)C
dude_mk01__L000769,c1cc(sc1)c2nnn(n2)CC(=O)Nc3ccc(cc3)S(=O)(=O)N[C@@H]4CCS(=O)(=O)C4
dude_mk01__L000770,Cc1cc(cc(c1)n2c(=S)n(nn2)[C@H]3C/C(=N/NC(=S)N)/[C@H]4OC[C@@H]3O4)C
dude_mk01__L000771,CCN(c1cccc2c1cccc2)C(=O)CSc3[nH]c(=O)cc(n3)N
dude_mk01__L000772,CC(C)(C)c1ccc(cc1)[C@H]2c3c([nH]cn3)C[C@H]([NH2+]2)C(=O)[O-]
dude_mk01__L000773,Cc1ccc(cc1NC(=O)N2CCC(=CC2)c3ccc(cc3)O)C(=O)NC4CC4
dude_mk01__L000774,COCCCNC(=O)c1ccc2c(c1)[C@@H]3C=CC[C@@H]3[C@@H](N2)c4cc(ccc4O)[N+](=O)[O-]
dude_mk01__L000775,CCOc1ccc(cc1)NS(=O)(=O)c2cc(ccc2C)NC(=O)c3ccc(c(c3)[N+](=O)[O-])N
dude_mk01__L000776,Cc1c(c2ccccc2[nH]1)[C@]3(c4ccccc4N(C3=O)CC(=O)N)O
dude_mk01__L000777,c1ccc2c(c1)ccc(c2/C=N/Nc3nnc(n3N)SCc4nnc(o4)c5ccc(cc5)F)O
dude_mk01__L000778,Cc1ccc(o1)CN([C@H](c2c(cc(cc2O)O)O)C(=O)NC(C)(C)CC(C)(C)C)C(=O)C(=C)C
dude_mk01__L000779,CC(=O)Nc1ccc(cc1)NC(=O)NCC(C)(C)c2cccc(c2)C(F)(F)F
dude_mk01__L000780,Cc1ccc(cc1C)N2C[C@H](CC2=O)NC(=O)NCc3ccc4c(c3)cc([nH]4)C
dude_mk01__L000781,C[C@@H](C(=O)Nc1ccc(cc1)C#N)Sc2nc(c3ccsc3n2)N
dude_mk01__L000782,c1ccc(cc1)CCCSc2nnc(n2N)N/N=C/c3c4ccccc4ccc3O
dude_mk01__L000783,CCOC(=O)c1ccc(cc1)N2C(=O)[C@@H]3[C@@H]([NH2+][C@]4([C@@H]3C2=O)c5ccc(c(c5NC4=O)C)C)CC(=O)N
dude_mk01__L000784,c1cc(c(cc1Cl)N2C[C@H]([N-]S2(=O)=O)C[NH3+])Cl
dude_mk01__L000785,Cc1c(scc1C(=O)Nc2cccc(c2)/C(=N\NC(=O)c3cc(cc(c3)O)O)/C)C
dude_mk01__L000786,c1cc(sc1)[C@H](CNS(=O)(=O)[C@@H]2CS(=O)(=O)C[C@@H]2O)S(=O)(=O)c3ccc4c(c3)OCO4
dude_mk01__L000787,CC(C)n1cc(cn1)/C=N/Nc2nnc(n2N)SCC(=O)NCc3ccc(c(c3)Cl)Cl
dude_mk01__L000788,c1ccc2c(c1)nc(s2)Nc3c(c(ncn3)N4CCCC4)N
dude_mk01__L000789,C1[C@H]([C@@H](C(C[C@]1(C(=O)[O-])O)(F)F)O)O
dude_mk01__L000790,CCOC(=O)[C@@](C(F)(F)F)(Nc1c(c2c(s1)CCCC2)C(=O)N)NC(=O)c3ccccc3Cl
dude_mk01__L000791,c1cc(oc1)CN([C@@H](c2c(cc(cc2O)O)O)C(=O)NC3CCCCC3)C(=O)c4ccc(cc4)Cl
dude_mk01__L000792,C[C@H]1CC(=O)Nc2ccccc2N1C(=O)CN[C@H](C)c3ccccc3Cl
dude_mk01__L000793,COCC1=C2[C@H](C(=C(O[C@H]2N=N1)N)C#N)c3c(cccc3Cl)Cl
dude_mk01__L000794,Cc1ccc(c(c1)[C@@H](C)NC(=O)Nc2ccc(c(c2)C)C(=O)NC(C)C)OC
dude_mk01__L000795,c1cc(sc1)C(=O)N/C(=C/c2ccc(cc2)Br)/C(=O)Nc3ccc(cc3)S(=O)(=O)N
dude_mk01__L000796,CCC(=O)N(Cc1ccc(o1)C)[C@@H](c2c(cc(cc2O)O)O)C(=O)NC(C)(C)CC(C)(C)C
dude_mk01__L000797,C[C@]12CC[C@H]([C@@]([C@H]1Cc3c(nc(s3)NCC=C)[C@H]2CC(=O)NCc4ccccc4)(C)CO)O
dude_mk01__L000798,C[C@H]1CCCC[C@@]1(C(=O)[O-])NC(=O)N
dude_mk01__L000799,CCc1ccc(cc1)Nc2c(c3c(s2)c(c(c(n3)N)C#N)c4ccc(cc4)C)C(=O)NC
dude_mk01__L000800,Cc1cc(no1)N2[C@H](/C(=C(/c3c(c([nH]c3C)C(=O)N)C)\O)/C(=O)C2=O)c4ccc(c(c4)Cl)Cl
dude_mk01__L000801,CCOC(=O)C1=C(N(C(=O)N[C@H]1c2ccc(cc2)C)CC=C)CN3CCCN(CC3)C(=O)CC(C)C
dude_mk01__L000802,Cc1ccccc1c2nc(on2)CN3CCN(CC3)c4ccccc4C
dude_mk01__L000803,CS(=O)(=O)c1ccc2c(c1)[nH]c(n2)c3cc(ccc3Cl)N
dude_mk01__L000804,c1cc2c(cc1N)S(=O)(=O)N(C2=O)CC(=O)N
dude_mk01__L000805,CCCCOc1ccc(cc1)C(=O)NC(=S)Nc2c(c3c(s2)CCCC3)C(=O)N
dude_mk01__L000806,CC(C)(C)N([C@@H](c1ccc(cc1)O)C(=O)NC2CCCCC2)C(=O)c3c(cccc3O)O
dude_mk01__L000807,COc1cc(cc(c1O)OC)[C@H]2[C@H]([C@@](NC(=S)N2)(C(F)(F)F)O)C(=O)c3ccccc3
dude_mk01__L000808,C[C@H](C(=O)Nc1c(c2c(s1)CCCCC2)C#N)OC(=O)c3cc(ccc3Cl)N
dude_mk01__L000809,Cc1ccc2nc(cc(=O)n2c1)CSc3c(c(c4c(n3)CCC4)C)C#N
dude_mk01__L000810,C[C@H]1C[C@H]2[C@H]3[C@](CCC[C@@]3([C@]1(CC[C@]4([C@@H]([C@H](O[C@@H]4OC)OC)O)O)O)C)(C(=O)O2)C
dude_mk01__L000811,c1ccc(c(c1)NC(=O)CSc2nnc(n2N)N/N=C/c3ccc(cc3)Br)[N+](=O)[O-]
dude_mk01__L000812,c1c(cc(c(c1[N+](=O)[O-])NC(=O)CSc2nc([nH]n2)N)Br)Br
dude_mk01__L000813,c1cc(ccc1/C=N\NC(=O)c2cc(cnc2)Br)Br
dude_mk01__L000814,Cc1c(ccc2c1oc(=O)cc2CNc3ccc(cc3)NC(=O)NCC=C)O
dude_mk01__L000815,c1cc(ccc1OS(=O)(=O)c2ccc(s2)c3ccno3)Cl
dude_mk01__L000816,CCN(CCCNC(=O)c1ccccc1NS(=O)(=O)c2ccc3c(c2)[nH]c(=O)[nH]3)c4ccccc4
dude_mk01__L000817,c1cc2c(cc1[N-]S(=O)(=O)c3ccc(=O)[nH]c3)[nH]c(=O)[nH]2
dude_mk01__L000818,CC(C)(C)NS(=O)(=O)c1cc(ccc1Cl)C(=O)NNC(=O)c2ccccc2O
dude_mk01__L000819,c1cc(cc(c1)[N+](=O)[O-])NS(=O)(=O)c2cccc3c2cccc3NC(=O)/C=C/c4cc(cc(c4)O)O
dude_mk01__L000820,C#CCN[C@@H]1c2c(cccc2Br)NC1=O
dude_mk01__L000821,c1ccc2c(c1)ccc(c2/C=N/Nc3[nH]nc(n3)SCC(=O)Nc4nc5ccccc5s4)O
dude_mk01__L000822,C[C@@H](C(=O)Nc1ccc(cc1)C(=O)C)OC(=O)c2cc(cc(c2N)Cl)Cl
dude_mk01__L000823,c1cc(ccc1C(=O)OCC(=O)Nc2c(c3c(s2)CCCCC3)C#N)NC(=O)N
dude_mk01__L000824,CCOc1ccc(cc1N2C(=O)[C@H]3[C@H]4C=C[C@@H]([C@@H]3C2=O)C4=C(C)C)C(=O)C
dude_mk01__L000825,CCn1c2ccc(cc2cc1C(=O)N)NS(=O)(=O)c3ccc(cc3)Cl
dude_mk01__L000826,c1c(cc(c(c1F)F)F)C(=O)N[C@@H]2CCC[C@@H]2/C(=N\O)/N
dude_mk01__L000827,CS[C@@H]1C[NH+](CCN1)[C@@H](CNO)c2ccc(cc2)Cc3ccccc3
dude_mk01__L000828,C/C(=N/NC(=O)N)/[C@H]1CC[C@@H]2[C@@]1(CC[C@@H]3[C@@H]2CC=C4[C@@]3(CC[C@@H](C4)OC(=O)C)C)C
dude_mk01__L000829,Cc1cnc(nc1c2cc([nH]c2)C(=O)N[C@H](CO)c3ccccc3)Nc4ccccc4O
dude_mk01__L000830,CC[C@@H](C)NC(=O)c1cccc2c1N[C@@H]([C@@H]3[C@H]2C=CC3)c4ccc(cc4O)O
dude_mk01__L000831,C[C@@H]1CCC[C@@](C1)(C(=O)[O-])NC(=O)N
dude_mk01__L000832,Cc1ccc(cc1)C2=C[C@@H](N=N2)[C@@H]3NN[C@@H](N3N)SCc4cccc5c4cccc5
dude_mk01__L000833,c1cc(ccc1[C@H]2[C@@H]3C(=NN=C3OC(=C2C#N)N)c4ccc(c(c4)Cl)Cl)OCC(=O)N
dude_mk01__L000834,CCCN1c2ccc(cc2/C(=N\NC(=O)c3cc(ccc3O)N)/C1=O)Cl
dude_mk01__L000835,CC(C)(C)N([C@@H](c1c(cc(cc1O)O)O)C(=O)NC2CCCCC2)C(=O)[C@H](c3ccccc3)OC
dude_mk01__L000836,CC(C)Oc1cccc(c1)[C@@H]2NN[C@H](N2NCc3cccc(c3O)OC)S
dude_mk01__L000837,C[C@@H](C(=O)NN1[C@H](Nc2ccc(cc2C1=O)Br)c3ccc(cc3)O)Oc4ccccc4
dude_mk01__L000838,Cc1ccc(cc1)S(=O)(=O)N[C@@H](CC2=c3ccccc3=[NH+]C2)C(=O)OCc4ccc(cc4)[N+](=O)[O-]
dude_mk01__L000839,C[C@]1([C@]([C@@]([C@@]([C@](O1)(C)Oc2cccc3c2nccc3)(C)O)(C)O)(C)O)CO
dude_mk01__L000840,CC(C)(C)c1ccc2c(c1)O[C@@H](CO2)C(=O)N/N=C\c3ccc(c(c3)OC)O
dude_mk01__L000841,C[C@H]1C(=CN(N1)C)CNC(=O)C(=O)Nc2ccccc2C(=O)NCCC3=c4ccccc4=[NH+]C3
dude_mk01__L000842,c1cc(ccc1NC(=O)/C=C/c2ccc(o2)I)NC(=O)N
dude_mk01__L000843,c1ccc(cc1)Cn2c3ccccc3nc2SCC(=O)N/N=C/c4ccc(cc4O)O
dude_mk01__L000844,c1cc2c(cc1N)cc(s2)C(=O)N[C@@H]3CCS(=O)(=O)C3
dude_mk01__L000845,CCCCCCN([C@H](c1c(cc(cc1O)O)O)C(=O)NC(C)(C)C)C(=O)C=C(C)C
dude_mk01__L000846,c1cc(ccc1NC(=O)COc2c(c(c(c(c2Cl)Cl)Cl)Cl)Cl)S(=O)(=O)N
dude_mk01__L000847,C[C@@H]1CCc2c(cc(s2)C(=O)NNC(=O)/C(=C\c3ccccc3)/NC(=O)C)C1
dude_mk01__L000848,CC(C)(C)C1=C[C@H](N=N1)C(=O)N/N=C/c2cc(c(c(c2)Cl)O)OC
dude_mk01__L000849,Cc1ccc(cc1)S(=O)(=O)NC/C(=N/O)/N
dude_mk01__L000850,Cc1cc(c(o1)C(F)(F)F)C(=O)N2C[C@H](C3(C2)CC[NH2+]CC3)C(=O)NCCNC(=O)OC(C)(C)C
dude_mk01__L000851,COC(=O)Cn\1c2c(cc(cc2Cl)Cl)s/c1=N\C(=O)C3CC3
dude_mk01__L000852,C[C@H]1CN(CCCO1)c2ccc(cc2N)S(=O)(=O)N
dude_mk01__L000853,c1c(c(cc(c1N2CCCC[C@@H]2C(=O)N)F)N)C(=O)[O-]
dude_mk01__L000854,CNC(=O)[C@H]1CCCCN1c2cc(c(cc2F)N)C(=O)[O-]
dude_mk01__L000855,Cc1ccc(cc1)/C=N/Nc2nnc(n2N)SCC(=O)Nc3cc(cc(c3)C)C
dude_mk01__L000856,CN(c1c(c(c(c(n1)N)C#N)C#N)C#N)N
dude_mk01__L000857,CCOc1ccc2c(c1)cc(c(=O)[nH]2)[C@H](c3nnnn3C4CCCCC4)[NH+]5CCC(CC5)Cc6ccccc6
dude_mk01__L000858,CCC[C@@H]1[C@@H]2[C@@H](C(=O)N(C2=O)c3ccccc3)ON1c4ccccc4
dude_mk01__L000859,CC(C)c1ccc(cc1)C(=O)NC(=S)NNC(=O)c2ccccc2Br
dude_mk01__L000860,CC(C)(C)[C@H]1CCc2c(cc(s2)C(=O)NNC(=O)c3ccc(cc3)OCC(=O)N)C1
dude_mk01__L000861,CCOC(=O)c1c2c(sc1NC(=O)C(=O)N/N=C/c3ccc(cc3)O)CCCC2
dude_mk01__L000862,Cc1cc(c(c(c1)C)NC(=O)CNC(=O)NCC(C)(C)c2ccc(cc2)Cl)C
dude_mk01__L000863,Cc1ccc(cc1NC(=O)N[C@@H](C)c2ccc(s2)C)NC(=O)C(C)C
dude_mk01__L000864,c1cc(ccc1C[C@@H](C2CCCCC2)NC(=O)[C@@H]3CCCN(C3)C(=O)N)Cl
dude_mk01__L000865,Cc1ccc2c(c1)N[C@@H](NS2(=O)=O)C(=O)Nc3c(cc(cc3C)C)C
dude_mk01__L000866,c1ccc(c(c1)C#N)c2ccccc2C(=O)[C@@H](C#N)c3nc4ccccc4o3
dude_mk01__L000867,C1=C([N-]/C(=C/2\C(=NC=N2)N)/O1)C(=O)NCC(F)(F)F
dude_mk01__L000868,c1cc2c(c(c(cc2)O)/C=N/NC(=O)C(=O)N/N=C/c3c(ccc4c3cccc4)O)cc1
dude_mk01__L000869,c1cc(c(cc1Br)F)[N-]S(=O)(=O)c2cnc(s2)Cl
dude_mk01__L000870,C[C@]1(C[C@@]2([C@@H]([C@@H]([C@@H]1C(=O)OCC=C)c3ccc(cc3)C(C)(C)C)C(=O)OCC=C)NC(=S)NN2)O
dude_mk01__L000871,c1cc(c(cc1Br)NC(=O)NCC(=O)NC2CCCCC2)Cl
dude_mk01__L000872,CC[NH+](CC)CCN(c1nc2ccc(cc2s1)C)C(=O)c3ccc(cc3)S(=O)(=O)N4CCOCC4
dude_mk01__L000873,Cc1cc(cc(c1)Oc2ccc(cc2)NC(=O)[C@H](CCSC)NC(=O)N)C
dude_mk01__L000874,Cc1ccc(c(c1)S(=O)(=O)N/N=C/c2cccc(c2O)O)C
dude_mk01__L000875,CCN1C(=C([C@H](NC1=O)c2ccccc2C(F)(F)F)C(=O)OCC)CN3CCC[C@@H](C3)C(=O)OCC
dude_mk01__L000876,c1ccc(cc1)CCn2c(=O)[nH]nc2SCC(=O)Nc3ccc(cc3)NC(=O)Nc4ccccc4
dude_mk01__L000877,Cc1cccc(c1NC(=O)C[NH+](C)Cc2cc(sc2)Br)N
dude_mk01__L000878,c1ccc(cc1)NC(=O)Nc2ccc(cc2)NC(=O)CCc3ccccc3F
dude_mk01__L000879,CCCn1c2ccc(cc2[nH]c1=O)[C@H]3N[C@@H](ON3)[C@@H](C(C)C)NS(=O)(=O)c4ccccc4
dude_mk01__L000880,CC(C)C(=O)Nc1ccc2c(c1)[C@H]3C=CC[C@H]3[C@@H](N2)c4ccc(cc4)O
dude_mk01__L000881,c1ccc2c(c1)CCC[C@]2(CNC(=O)N[C@H]3CCCc4c3ccc(=O)[nH]4)O
dude_mk01__L000882,CC(C)NC(=O)NCc1ccc(cc1)C(=O)OCC(=O)NC(=O)NC23CC4CC(C2)CC(C4)C3
dude_mk01__L000883,C[C@]12CC[C@H]3[C@@H]([C@@H]1CC[C@@H]2C(=O)[O-])CC[C@@]4([C@@]3(CC[C@@H](C4)O)CO)O
dude_mk01__L000884,CCOc1ccc2c(c1)s/c(=N/C(=O)[C@@H]3CCCN(C3)S(=O)(=O)c4ccccc4)/n2CC(=O)OC
dude_mk01__L000885,c1c(cc(cc1C(F)(F)F)NC(=O)CSC2=NN[C@H](N2N)[C@H]3C4=C(CCC4)N=N3)C(F)(F)F
dude_mk01__L000886,c1cc2cn[nH]c2c(c1)NC(=O)Nc3c(ccs3)C(=O)[O-]
dude_mk01__L000887,c1cc(sc1)[C@@H]2C(C(=NC(=C2C(=O)N)S)N)C#N
dude_mk01__L000888,c1ccc(c(c1)C(=O)Nc2cccc(c2)C(=O)N/N=C/c3ccc(cc3O)O)F
dude_mk01__L000889,C(c1c(=O)[nH]c([nH+]c1[O-])N)C(=O)[O-]
dude_mk01__L000890,c1cc(ccc1N)NC(=S)N[C@H]2CS(=O)(=O)C=C2
dude_mk01__L000891,c1ccc2c(c1)ccc(c2[C@@H]3[C@H]4CC=C[C@@H]4c5cc(ccc5N3)O)O
dude_mk01__L000892,CC(C)(C1=CC[C@]23[C@H]1CC[C@@]([C@H](C2)OC3)(C(=O)[O-])O)O
dude_mk01__L000893,CCC[C@@H](C(=O)Nc1c(cc(cc1Br)Br)C(=O)[O-])[NH3+]
dude_mk01__L000894,c1ccc(cc1)C[C@H](C(=O)NNc2ccc(cc2)Br)NC(=O)c3cccs3
dude_mk01__L000895,C/C(=N\Nc1nnc(n1N)SCc2ccc(cc2)Cl)/c3ccc(cc3)F
dude_mk01__L000896,Cc1ccc(c2c1N[C@@H]([C@H]3[C@H]2C=CC3)c4ccc(c(c4)O)OC)[N+](=O)[O-]
dude_mk01__L000897,c1ccc(cc1)c2ccc(cc2)c3c(n4c(n3)SCC4)/C=N/NC(=S)N
dude_mk01__L000898,C[C@H](c1ccc(s1)Cl)NS(=O)(=O)c2c(cc(cc2Br)Br)N
dude_mk01__L000899,c1cc(ccc1NCC(=O)Nc2c(c3c(s2)CCC3)C(=O)N)I
dude_mk01__L000900,CC1(Cc2c(sc3c2c(nc(n3)NN)NN)CO1)C
dude_mk01__L000901,CC(C)c1ccc(cc1)c2nc(cs2)C(=O)NCc3ccc(s3)S(=O)(=O)N
dude_mk01__L000902,c1cc(cc(c1)S(=O)(=O)Nc2cccc(c2)C(F)(F)F)C(=O)NNC(=S)NCc3ccco3
dude_mk01__L000903,c1cc(cc(c1)NS(=O)(=O)c2ccc(cc2)/C=C/C(=O)Nc3ccc(cc3)C(=O)N)C(F)(F)F
dude_mk01__L000904,CC1CCC2(CC1)C(=O)N(C(=O)N2)NC(=O)CN3C(=O)[C@@](NC3=O)(C)c4ccc(cc4Cl)Cl
dude_mk01__L000905,CC1CC[NH+](CC1)Cc2c(nnn2c3c(non3)N)C(=O)N/N=C/c4cccc(c4)C(F)(F)F
dude_mk01__L000906,CC(C)c1nnc2n1cc(cc2)NC(=O)Nc3ccc(c(c3)Cl)OC
dude_mk01__L000907,c1cc2ccc(c(c2nc1)O)[C@@H](c3cccs3)Nc4ccc(cc4)S(=O)(=O)N
dude_mk01__L000908,Cc1c(sc2c1c(nc(n2)S[C@@H](C)C(=O)N[C@@H]3CCC[C@@H]([C@@H]3C)C)N)C
dude_mk01__L000909,c1csc(c1Br)S(=O)(=O)[N-]c2cc(c(cc2F)F)F
dude_mk01__L000910,c1cc(c(cc1F)C2=NN[C@@H](C2)c3cc(cc4c3OCOC4)Br)O
dude_mk01__L000911,COc1ccc(cc1)C2=NN3[C@@H](NN[C@@H]3S2)[C@@H]4C=C(N=N4)c5ccccc5
dude_mk01__L000912,CC(C)[C@@H](C(=O)NCCC1=c2cc(ccc2=[NH+]C1)Cl)N3C(=O)c4ccccc4NN3
dude_mk01__L000913,c1cc(ccc1/N=C/c2ccc(cc2O)O)S(=O)(=O)NC3CCCCC3
dude_mk01__L000914,Cc1cc2c(c(=O)n1CCc3ccc(c(c3)O)O)[C@@H](C(=C(O2)N)C#N)c4ccc(cc4)Cl
dude_mk01__L000915,c1ccc2cc(c(cc2c1)C(=O)NNC(=S)NC(=O)/C=C/c3ccc(cc3)F)O
dude_mk01__L000916,CC1=C([C@H](NC(=S)N1)c2ccc(c(c2)OC)O)C(=O)N/N=C/c3ccccc3F
dude_mk01__L000917,C[C@H](C(=O)NC(=O)NC(C)(C)C)OC(=O)c1cc(cc(c1N)Cl)Cl
dude_mk01__L000918,COc1ccc(cc1OC)[C@H]2CC3=C([C@@H](n4c(nc(n4)N)N3)c5ccc(c(c5)OC)O)C(=O)C2
dude_mk01__L000919,C[C@@H](C(=O)NC(=O)NC1CCCCC1)Nc2ccc(cc2)I
dude_mk01__L000920,c1ccc2c(c1)[C@@H](C(=O)N2Cc3cc(ccc3F)F)N
dude_mk01__L000921,c1cc(cc(c1)Cl)c2cn[nH]c2c3cc([nH]c3)C(=O)NC(CO)c4ccc(c(c4)F)F
dude_mk01__L000922,CSc1ncc(c(n1)C(=O)OCc2nc3ccccc3c(n2)N)Cl
dude_mk01__L000923,Cc1cc2=C([C@H]([NH+]=c2c(c1)NC(=O)Nc3ccccc3)C(=O)NCCOC)c4ccccc4
dude_mk01__L000924,C1CCC(CC1)N2CC[C@](C2=O)(C3=C(C(=O)N(C3)C4CCCCC4)O)O
dude_mk01__L000925,Cc1ccccc1C(=O)Nc2ccc(cc2)C(=O)NNC(=S)NC(=O)c3ccc(cc3)C(=O)OC
dude_mk01__L000926,CC(C)[C@@H](C(=O)Nc1c(ccs1)C(=O)N)Sc2nc3ccccc3n2C
dude_mk01__L000927,Cc1cc(ccc1NC(=O)[C@@H]2CC(=O)N(C2)C(C)(C)C)Br
dude_mk01__L000928,CCCC1CCC(CC1)NC(=O)C(=O)N2c3ccccc3[C@H](C[C@@H]2C)C(=O)N
dude_mk01__L000929,CCN(C)C(=O)c1cc(c[nH]1)c2c(cn[nH]2)c3cccc(c3)Cl
dude_mk01__L000930,CC[C@@H](C)OC(=O)C1[C@@H](C2=C(C[C@@H](CC2=O)c3ccc(c(c3)OC)OC)N=C1C)c4ccc(cc4OC)OC
dude_mk01__L000931,Cn1c(nnc1SCc2c(cccc2Cl)[N+](=O)[O-])c3ccc(cc3)N
dude_mk01__L000932,c1ccc2c(c1)cccc2CC(=O)NCC(=O)NNC(=S)NC3CCCCC3
dude_mk01__L000933,Cc1cccc(c1)n2c(cc(c2C)CNC(=O)Nc3cc(ccc3OC)C)C
dude_mk01__L000934,C[C@]12CC[C@H]([C@@]([C@H]1CC[C@H]([C@H]2CC(=O)NCc3ccccc3)O)(C)CO)OC(=O)NC4CCCCC4
dude_mk01__L000935,C[C@@H](c1ccc2c(c1)NC(=O)CO2)NC(=O)CCNC(=O)NC34CC5CC(C3)CC(C5)C4
dude_mk01__L000936,Cc1ccc(cc1C)N(C[C@@H]([C@H]([C@@H](CO)O)O)O)/N=N/c2ccc(cc2)Cl
dude_mk01__L000937,C=CCc1cccc(c1[O-])/C=[NH+]/NC(=O)C(=O)Nc2ccccc2C(=O)Nc3ccccc3
dude_mk01__L000938,Cc1ccc(cc1)NCC(=O)N/N=C/c2c(cccc2)/C=N/NC(=O)CNc3ccc(cc3)C
dude_mk01__L000939,C#CCNC(=O)[C@@H]1C[C@H]([C@@H]([C@H]2[C@@H]1N(C(=S)N2)c3ccc(cc3)n4cccn4)O)O
dude_mk01__L000940,CCOC(=O)c1c(oc2c1c(nc(n2)COC(=O)c3c(c4c(cc([nH+]c4s3)C)C)N)N)C
dude_mk01__L000941,Cc1c\2c(oc1C(=O)NNC(C)(C)C)CCC/C2=N\NC(=S)Nc3ccccc3
dude_mk01__L000942,Cc1ccc(c(c1)Cl)N2C[C@H](CC2=O)c3nc(no3)c4ccc(cc4)Cl
dude_mk01__L000943,c1ccc2c(c1)cccc2C[C@@H]3CCCN3C(=O)Nc4ccc(c(c4)C(=O)N)F
dude_mk01__L000944,c1ccc(c(c1)C(=O)Oc2ccc(cc2)/C=N/NC(=O)N)I
dude_mk01__L000945,C=CCN1C(=[NH2+])[C@H]([NH+]=C1C2CC2)c3ccc(c(c3)Br)F
dude_mk01__L000946,C[C@@]1(c2cccc(c2C(=O)[C@H]3[C@@H]1[C@@H]([C@H]4CC(=O)C(=C([C@@H]4C3=O)[O-])C(=O)N)O)O)O
dude_mk01__L000947,c1ccc(cc1)N2[C@@H]3[C@@H]([C@@H](C(=C(O3)N)C#N)c4ccc(cc4)F)C(=N2)C(F)(F)F
dude_mk01__L000948,Cc1ccc(cc1C)N2C(=O)[C@H]3[C@@H]4CCC[NH+]4[C@@]5([C@@H]3C2=O)c6cc(ccc6NC5=O)F
dude_mk01__L000949,c1ccc(c(c1)c2nnc(n2N)SCCC(=O)Nc3nc4ccccc4s3)O
dude_mk01__L000950,C[C@H](c1ccc(s1)Cl)NS(=O)(=O)c2c(cc(cc2Br)N)Br
dude_mk01__L000951,CC(C)Oc1ccc(cc1)C(=O)NC(=S)Nc2c(c3c(s2)CCCCC3)C(=O)N
dude_mk01__L000952,c1cc(c(cc1C(F)(F)F)NC(=S)N/N=C/c2ccc(cc2O)O)Cl
dude_mk01__L000953,C[C@@]12CC[C@H]([C@@]([C@H]1Cc3c(nc(s3)NC(=O)OCC=C)[C@H]2CC(=O)NC4CCCCC4)(C)CO)O
dude_mk01__L000954,CC(C)(C)NC(=O)c1ccc(cc1)NC(=O)NC[C@@]2(CCCc3c2cccc3)O
dude_mk01__L000955,c1cc(oc1)CNS(=O)(=O)c2ccc(cc2)/C=C/C(=O)Nc3ccc4c(c3)[nH]c(=O)[nH]4
dude_mk01__L000956,CSc1nnc(s1)N2C3=C(C(=O)CCC3)[C@]4(c5ccccc5NC4=O)C(=C2N)C#N
dude_mk01__L000957,c1cc(ccc1NC(=O)CSC2=C(C3(CCCCC3)C(=C(N2)N)C#N)C#N)F
dude_mk01__L000958,Cc1ccc(c(c1)C)NC(=S)NNC(=O)CCCNC(=O)c2ccsc2
dude_mk01__L000959,c1ccc(cc1)S(=O)(=O)Nc2ccccc2C(=O)Nc3c(c4c(s3)CCCC4)C(=O)N
dude_mk01__L000960,c1ccc2c(c1)ccc(c2/C=N/Nc3[nH]nc(n3)SCC(=O)NCc4ccccc4Cl)O
dude_mk01__L000961,C1CCC(=O)[C@@H](C1)SC2=C(C3(CCCC3)C(=C(N2)N)C#N)C(=O)N
dude_mk01__L000962,CCCCn1c(c(c(=O)[nH]c1=O)N(C2CCCC2)C(=O)C[NH+](C)CCOc3ccc(cc3)Cl)N
dude_mk01__L000963,C[C@H]1CCC[C@@H]([C@@H]1C)NC(=S)NNC(=O)c2cc(c(c(c2)Cl)OC)OC
dude_mk01__L000964,C/C=C(/C)\C(=O)O[C@@H]1[C@@H]([C@H]([C@H](O[C@@H]1O[C@]2(CC[C@H]([C@@]3([C@H]2CC(=CC3)C(C)C)C)O)C)C)O)O
dude_mk01__L000965,CCOc1ccc(cc1C(=O)NC(=S)Nc2c(c(c(s2)C)C)C(=O)N)Br
dude_mk01__L000966,C1C[C@H]([C@@H](C1)O)[NH+]2CCC[C@@H](C2)C(=O)[O-]
dude_mk01__L000967,CCC[C@H](C(=O)NNC(=O)C12CC3CC(C1)CC(C3)C2)NC(=O)NCc4ccc(cc4)F
dude_mk01__L000968,CCCCCCN([C@@H](c1c(cc(cc1O)O)O)C(=O)NC(C)(C)C)C(=O)c2cccc(c2)[N+](=O)[O-]
dude_mk01__L000969,Cc1ccc(cc1)NC(=O)c2c3c(sc2n4c(cc(c4C)/C=N/NC(=O)N)C)CCCC3
dude_mk01__L000970,c1cc(c(cc1Cl)Cl)OCCCC(=O)NC(=S)Nc2c(c3c(s2)CCCC3)C(=O)N
dude_mk01__L000971,CC[C@H](C)NS(=O)(=O)c1cc(cnc1NN)Br
dude_mk01__L000972,CC(C)(C)c1ccc(cc1)[C@H]2c3c(n[nH]c3C(=O)N2CCO)c4ccccc4O
dude_mk01__L000973,CC(C)c1ccc(cc1)/C=C/C(=O)NC(=S)Nc2c(c3c(s2)CCC3)C(=O)N
dude_mk01__L000974,CN1C(=O)C(=CNc2ccc(c(c2)S(=O)(=O)N)OC)C(=O)N(C1=O)C
dude_mk01__L000975,Cc1cc(c(c(c1)C)N2C(=O)/C(=C\NC[C@@]3(C[C@H](CC(C3)(C)C)O)C)/C(=O)NC2=O)C
dude_mk01__L000976,C1CCC(CC1)CC(=O)NNC(=O)c2c(c(n[nH]2)C3CC3)Br
dude_mk01__L000977,Cc1ccc(cc1c2nnnn2c3ccc(cc3)Br)N
dude_mk01__L000978,C[C@@H](C(=O)/N=c\1/[nH]c(cs1)c2ccc(c(c2)F)F)[NH+]3CCC(CC3)C(=O)N4CCCCCC4
dude_mk01__L000979,Cc1ccc(cc1)C(=O)N[C@@H](C(C)C)C(=O)OCC(=O)NC(=O)NC2CCCCC2
dude_mk01__L000980,CC(C)Oc1ccc(cc1C(=O)NC(=S)Nc2cccc(c2)C(=O)N)Br
dude_mk01__L000981,CC(C)(C)c1ccc(cc1)c2nnc(n2N)SCC(=O)NCC(=O)Nc3ccc(c(c3F)F)F
dude_mk01__L000982,c1ccc(c(c1)c2cccs2)NS(=O)(=O)c3ccc(cc3)S(=O)(=O)N
dude_mk01__L000983,Cc1ccc(cc1)N(C)S(=O)(=O)c2cc(ccc2C)c3cc(no3)C
dude_mk01__L000984,COc1ccccc1/C=C/C(=O)NC(=S)Nc2c(c3c(s2)CCCC3)C(=O)N
dude_mk01__L000985,CCC[C@H](c1nnnn1C2CCCC2)[NH+](Cc3cc4cc(cc(c4[nH]c3=O)C)C)C5CCCCC5
dude_mk01__L000986,CC1(CCN(CC1)c2cccc(c2C#N)F)N(C)C(=O)OC(C)(C)C
dude_mk01__L000987,CCCN([C@H](c1c(cc(cc1O)O)O)C(=O)NC(C)(C)C)C(=O)Cc2ccc3c(c2)OCO3
dude_mk01__L000988,C[C@@H]1C[C@](C[C@@H]1C(=O)[O-])(C(=O)[O-])[NH3+]
dude_mk01__L000989,CC[C@@]1(C(=O)N(C(=O)N1)Cc2ccc(cc2)C(=O)N)c3ccc(cc3)Cl
dude_mk01__L000990,C/C(=N/NC(=O)c1ccc(cc1)O)/c2ccc(cc2)N
dude_mk01__L000991,c1ccc2c(c1)ccc(c2/C=N/Nc3nnc(n3N)SCc4ccc(cc4)F)O
dude_mk01__L000992,CN(C)c1ccc(cc1C(=O)N[C@@H]2CCCC[C@@H]2O)N
dude_mk01__L000993,C[C@H](C(=O)Nc1ccc(cc1)S(=O)(=O)N)OC(=O)c2ccc(s2)Br
dude_mk01__L000994,Cc1ccc(cc1C)n2c(nnc2S[C@H](C(C)C)C(=O)NC(=O)N)c3ccncc3
dude_mk01__L000995,c1cc(cc(c1)O)[C@H]2[C@@H]([C@@](NC(=O)N2)(C(F)(F)F)O)C(=O)c3ccc(cc3)Cl
dude_mk01__L000996,CCOc1cc(ccc1OCc2ccc(c(c2)Cl)Cl)/C=N/NC(=O)N
dude_mk01__L000997,CC(C)Cc1ccc(cc1)c2c3c([nH]n2)OC(=C([C@@H]3c4ccc(cc4)SC)C#N)N
dude_mk01__L000998,CN(CCOc1ccc(cc1)Br)c2cccc(c2)C(=[NH2+])N
dude_mk01__L000999,C1CCN([C@H](C1)C(=O)[O-])C(=O)N2CCC[C@H]2C(=O)N
dude_mk01__L001000,[C@@H]1([C@H](C(=O)O[C@H]1[C@H](C(=O)[O-])O)O)O
dude_mk01__L001001,CC1(O[C@@]2([C@@]([C@]([C@]([C@]([C@@]2(O1)C)(C)O)(C)O)(C)O)(C)O)C)C
dude_mk01__L001002,c1ccc2cc(ccc2c1)NC(=O)/C(=C\c3ccc(cc3)O)/NC(=O)c4ccc(cc4)Br
dude_mk01__L001003,Cc1ccc(c(c1)C)n2c(=O)c3ccccc3nc2[C@H](C)N(CCCOC)S(=O)(=O)/C=C/c4ccccc4
dude_mk01__L001004,Cc1c2c([nH]n1)OC(=C([C@H]2c3ccc(c(c3)Br)F)C#N)N
dude_mk01__L001005,Cc1cc(ccc1OCc2cc(sc2C)[C@H]3c4c([nH]nc4OC(=C3C#N)N)C)Cl
dude_mk01__L001006,CC(C)CN1C(=O)/C(=C\Nc2cccc3c2cccc3O)/C(=O)NC1=S
dude_mk01__L001007,c1cc2c(cc1Cl)[C@]3(c4c(c(=O)cc(o4)CO)OC(=C3C#N)N)C(=O)N2
dude_mk01__L001008,C[C@H]1c2c(cc(cc2OC(=O)[C@H]1CC(=O)NCCc3c[nH]c4c3cc(cc4)Cl)O)O
dude_mk01__L001009,c1cc(ccc1C(=O)N[C@@H](CC(=O)N)C(=O)Nc2ccc(cc2)C34CC5CC(C3)CC(C5)C4)Cl
dude_mk01__L001010,C[C@@]12CC[C@H]([C@@]([C@H]1Cc3c(nc(s3)NC)[C@H]2CC(=O)NC4CCCCC4)(C)CO)O
dude_mk01__L001011,Cc1cccc(c1)Oc2ccc(cc2)NC(=O)NC3CCC(CC3)C(=O)NC
dude_mk01__L001012,c1cc(sc1)S(=O)(=O)/N=C(/N)\[NH-]
dude_mk01__L001013,c1cc(c(c2c1NC3(CCN(CC3)C(=O)CCC4CCCC4)NC2=O)Cl)Cl
dude_mk01__L001014,CN1CC=C2[C@@H](C1)[C@@H](C(C(=C2C#N)N)(C#N)C#N)CCc3ccccc3
dude_mk01__L001015,c1ccc(c(c1)[C@@H]2C[C@H]2NC(=O)c3ccc(cc3)n4c(c(cn4)C#N)N)Cl
dude_mk01__L001016,c1cc(nc(c1)Sc2[nH]c(=O)cc(n2)N)C(=O)[O-]
dude_mk01__L001017,CCCC1=C([C@]2(c3ccccc3NC(=C2C(=O)OC(C)C)N)C(=O)O1)C(=O)OCC
dude_mk01__L001018,CCC[C@H](C(=O)NC1CCCC1)N(c2ccc(cc2)F)C(=O)c3c(c(ns3)C(=O)NC4CCCCC4)N
dude_mk01__L001019,CC1=C([C@H](NC(=S)N1)c2ccc(cc2)O)C(=O)N/N=C/c3cccc(c3)Br
dude_mk01__L001020,c1ccc(cc1)OS(=O)(=O)C2=C[C@@H]3C[C@@H]4CO[P@@](=O)(N[NH+]4C[C@@H]3C=C2O)c5ccccc5O
dude_mk01__L001021,CC1(CC(CC([NH2+]1)(C)C)NC(=O)CSc2nc([nH]n2)N/N=C/c3ccccc3[N+](=O)[O-])C
dude_mk01__L001022,CC(C)C(=O)Nc1ccc(cc1)NC(=O)CNc2ccc(c(c2)Cl)Cl
dude_mk01__L001023,CC(C)[C@@H](C(=O)Nc1ccc(cc1)NC(=O)NC(C)C)NC(=O)c2ccccc2
dude_mk01__L001024,C[C@]12C[C@@H]([C@@H]3[C@@H]([C@@H]1C[C@@H]([C@@]2(C(=O)CO)O)O)CCC4=CC(=O)C=C[C@@]34C)O
dude_mk01__L001025,CC[C@H]1Cc2c3ccccc3[nH]c2[C@@H]([NH2+]1)c4c(=O)[nH]c(=O)n(c4[O-])CCc5ccc(c(c5)OC)OC
dude_mk01__L001026,c1c2c(nc(c1/C(=N\O)/N)SC3CCOCC3)CCC2
dude_mk01__L001027,c1ccc(c(c1)[N+](=O)[O-])S(=O)(=O)N2C=Nc3cc(c(cc3S2(=O)=O)S(=O)(=O)N)Cl
dude_mk01__L001028,Cc1cc(cc2c1N[C@H]([C@H]3[C@@H]2C=CC3)c4ccc(cc4O)O)[N+](=O)[O-]
dude_mk01__L001029,c1cc(sc1)CNC(=O)NCC2CCN(CC2)C(=O)Nc3cccs3
dude_mk01__L001030,CCCOc1cccc(c1)C(=O)NC(=S)Nc2c(c(c(s2)C)CC)C(=O)N
dude_mk01__L001031,C/C(=N\Nc1nnc(n1N)SCC(=O)Nc2nnc(s2)SCc3ccccc3)/c4ccccc4
dude_mk01__L001032,c1ccc(cc1)[C@H](C(=O)Nc2ccc(cc2)S(=O)(=O)N)SC3=N[C@H]4C(=c5ccccc5=[NH+]4)N=N3
dude_mk01__L001033,c1ccc2c(c1)cccc2NC(=O)CSc3nc([nH]n3)N/N=C/c4c5ccccc5ccc4O
dude_mk01__L001034,c1cc(ccc1CS[C@H]2NN[C@H](N2N)[C@@H]3C=C(N=N3)c4ccc(cc4)Cl)Br
dude_mk01__L001035,CC1(CC2=C([C@@H](C3=C(N=N[C@H]3N2)O)c4cccc(c4)O)C(=O)C1)C
dude_mk01__L001036,Cc1cc2c(c(=O)n1CCc3ccc(c(c3)O)O)[C@@H](C(=C(O2)N)C#N)Cc4ccccc4
dude_mk01__L001037,Cc1cc(c(c(c1)Cl)NC(=O)CN2C(=O)[C@]3(CCSC3)NC2=O)C
dude_mk01__L001038,Cc1ccc(c(c1)S(=O)(=O)NCC(=O)Nc2c(c3c(s2)C[C@H](CC3)C)C(=O)N)C
dude_mk01__L001039,c1cc(c(cc1NC(=S)NC(=O)C2CCCCC2)C(=O)NC3CCCCC3)Cl
dude_mk01__L001040,CCc1ccc(c(c1)Br)OCC(=O)Nc2c(c3c(s2)C[C@H](CC3)C)C(=O)N
dude_mk01__L001041,CC[C@@H](C)N(CC(=O)N1CCc2c(ccs2)[C@H]1c3ccc(cc3)OC)C(=O)c4ccc(cc4OC)OC
dude_mk01__L001042,COc1ccc(cc1O)[C@H]2[C@@H]3CC=C[C@@H]3c4cccc(c4N2)C(=O)Nc5ccc(cc5)Nc6ccccc6
dude_mk01__L001043,C[C@@H](C(=O)NN)Oc1ccc(cc1)C(=O)Nc2c(cccc2C(C)C)C(C)C
dude_mk01__L001044,CCOc1ccccc1NC(=O)C2=C(NC(=S)N[C@H]2c3ccc(cc3)C)C
dude_mk01__L001045,c1cc(c(cc1N)Cl)S(=O)(=O)N[C@H]2CCCNC2=O
dude_mk01__L001046,c1cc(ccc1/C=C/C(=O)NC2[C@@H]3CCC[C@H]2C[NH+](C3)C4CC4)S(=O)(=O)N
dude_mk01__L001047,c1ccc2c(c1)nc(s2)n3c4c(cn3)[C@H](CC(=O)N4)c5cccc(c5)O
dude_mk01__L001048,c1cc(cc(c1)[N+](=O)[O-])/C=C/2\CCCC(=C2O)C3=[NH+]CCN3
dude_mk01__L001049,CCOC(=O)NNC(=O)c1ccc(cc1)S(=O)(=O)Nc2ccc(c(c2)C)C
dude_mk01__L001050,CC[C@H](c1nnnn1Cc2ccco2)[NH+](CCc3ccccc3)Cc4cc5cccc(c5nc4O)C
dude_mk01__L001051,Cc1c2c(=O)n(c(=O)n(c2sc1C(=O)C)CC(=O)Nc3ccc(cc3)Br)CC(=O)N
dude_mk01__L001052,CCC(=O)Nc1ccc(cc1)C(=O)NNC(=S)NC(=O)c2ccccc2OCCc3ccccc3
dude_mk01__L001053,c1cc(c(cc1c2c(nc(nc2N)N)COc3ccc(c(c3)Cl)[N+](=O)[O-])Cl)Cl
dude_mk01__L001054,c1cc(ccc1n2c(c(c(n2)CCCNC(=O)[C@@H]3C[C@H]4CC[C@@H]3C4)C#N)N)F
dude_mk01__L001055,C[C@H](C(=O)Nc1ccc(cc1)Br)Oc2ccc(cc2C(=O)N)Cl
dude_mk01__L001056,Cc1cc(nc(n1)N/C(=N/C(=O)CS[C@@H]2NN[C@@H](S2)C)/[N-]CCC3=c4cc(ccc4=[NH+]C3)Cl)C
dude_mk01__L001057,C1CCC(CC1)CNC(=O)CC[NH+]2CCC(CC2)NC(=O)NC3CCCCC3
dude_mk01__L001058,Cc1cc(no1)[N-]S(=O)(=O)c2cc(c(cc2Cl)F)N
dude_mk01__L001059,c1ccc(cc1)COc2ccc(cc2)[C@H]3c4c(nc(=S)[nH]c4NC5=C3C(=O)CCC5)N
dude_mk01__L001060,Cc1ccc(c(c1)Cl)NS(=O)(=O)c2ccc(c(c2)N)Cl
dude_mk01__L001061,c1ccc(cc1)CN2CCc3c(sc(c3C(=O)N)NC(=O)CCCSc4ccc(cc4)Cl)C2
dude_mk01__L001062,C[C@@H]1C=C([C@@H](N1c2ccc(c(c2)C(=O)[O-])Cl)C)/C=C(\C#N)/C3[NH+]=c4ccccc4=[NH+]3
dude_mk01__L001063,COc1ccc(c(c1)[C@@H]2[C@H]([C@](NC(=O)N2)(C(F)(F)F)O)C(=O)c3cccs3)OC
dude_mk01__L001064,CC(C)(c1ccccc1)c2ccc(cc2)OCC(=O)Nc3ccc(cc3)S(=O)(=O)N
dude_mk01__L001065,COC(=O)c1cc(cc(n1)N)Br
dude_mk01__L001066,COc1ccc(cc1)N2[C@@H]3[C@@H](C[C@H]([C@@H]([C@@H]3NC2=S)O)O)C(=O)NC4CCCC4
dude_mk01__L001067,c1cc(cc(c1)I)NC(=O)CSc2nnc(n2N)c3ccco3
dude_mk01__L001068,C[C@@H](c1ccc2c(c1)OCCO2)[NH2+]Cc3nc4c(cc(cc4Br)Br)c(n3)[O-]
dude_mk01__L001069,CC[C@H](C)NC(=O)c1ccc(cc1)NC(=O)N[C@H](C)CCc2ccc(cc2)O
dude_mk01__L001070,C[C@H](C(=O)NNC(=C)c1cc(ccc1O)O)Oc2ccc(cc2Cl)Cl
dude_mk01__L001071,CCOc1ccc(cc1)NC(=O)c2c(c\3c(o2)CC(C/C3=N\NC(=S)N)(C)C)C
dude_mk01__L001072,CC(C)(C)c1ccc(cc1)S(=O)(=O)NCC(=O)Nc2c(c3c(s2)CCCCC3)C(=O)N
dude_mk01__L001073,Cc1ccc2c(c1)c(c[nH]2)CCNC(=O)[C@H]3CCCN(C3)c4[nH]c5cc(ccc5[nH+]4)C
dude_mk01__L001074,c1ccc2c(c1)/C(=C/3\NN=C(O3)SCC(=O)Nc4cccc(c4)C#N)/C=N2
dude_mk01__L001075,CCCCCCN1c2ccccc2C(=C([C@@H]1O)C(=O)N/N=C(\C)/[C@@H]3C(=c4ccccc4=[NH+]C3=O)O)[O-]
dude_mk01__L001076,Cc1cc(ccc1F)S(=O)(=O)Nc2ccc3c(c2)C4(CCCCC4)C(=O)N3
dude_mk01__L001077,CCCCc1ccc(cc1)N2C(=O)[C@@H]3[C@H](N[C@]4([C@@H]3C2=O)c5ccc(c(c5NC4=O)C)C)CC(=O)N
dude_mk01__L001078,c1ccc2c(c1)[C@@H]([C@@H](NS2(=O)=O)Cc3ccc(cc3)O)O
dude_mk01__L001079,C[C@H]1CC2=C([C@@H]3C(=O)c4cccc(c4[C@@H]([C@@]3([C@@H](C2)O)O)O)O)C(=O)C1
dude_mk01__L001080,C[C@@]12CC[C@H]3[C@@H]([C@@]1(CC[C@@H]2C4=CC(=O)OC4)O)CC[C@@]([C@@]3(C)C(=O)[O-])(C)O
dude_mk01__L001081,c1ccc2c(c1)N[C@H](S2)NC(=O)CSc3nc([nH]n3)N/N=C/c4cccc(c4)Br
dude_mk01__L001082,CC(C)c1ccc(cc1)/C=C(\C(=O)Nc2ccc(cc2)S(=O)(=O)N)/NC(=O)C(C)(C)C
dude_mk01__L001083,c1c(csc1CNC(=O)c2cc3c(cc2O)OCO3)Br
dude_mk01__L001084,c1cc(ccc1c2c(c(nc(c2C#N)SCC(=O)NC3CCCCC3)N)C#N)O
dude_mk01__L001085,CCOC(=O)[C@@]1([C@@H]2[C@@H]([C@H](N1)c3ccc(cc3)O)C(=O)N(C2=O)C)CO
dude_mk01__L001086,C[C@H]1CC[C@@H]([C@@H](C1)OC(=O)C2CCN(CC2)C(=O)N(C)C)C(C)C
dude_mk01__L001087,CCCC[C@@H](CC)C(=O)N(C)[C@@H](c1c(cc(cc1O)O)O)C(=O)NC(C)(C)C
dude_mk01__L001088,C[C@H](c1[n-]nnn1)Nc2ccc(c3c2non3)N
dude_mk01__L001089,c1ccc(cc1)CCNS(=O)(=O)c2ccc3c(c2)[C@@H]4C=CC[C@@H]4[C@@H](N3)c5c[nH]c6c5cccc6
dude_mk01__L001090,CCOC(=O)c1c(c2c(nc(nc2s1)COC(=O)c3cc(ccc3N)Br)N)C
dude_mk01__L001091,Cc1ccc(cc1)S(=O)(=O)Nc2ccc(cc2)NC(=S)Nc3ccc(c(c3)Cl)Cl
dude_mk01__L001092,CC(C)[C@H](C(=O)NC(=O)N)OC(=O)C12C[C@@H]3C[C@H](C1)CC(C3)(C2)c4ccccc4
dude_mk01__L001093,C[C@H](c1[n-]nnn1)Nc2ccc3cc(ccc3n2)N
dude_mk01__L001094,c1ccc(cc1)NS(=O)(=O)c2ccc3c(c2)[C@H]4C=CC[C@@H]4[C@@H](N3)c5ccc(cc5)O
dude_mk01__L001095,CCc1ccc2c(c1)cc(c(=O)[nH]2)C[NH+](Cc3ccc(cc3)C)[C@H](CC)c4nnnn4C5CCCC5
dude_mk01__L001096,Cc1cnc(nc1c2cc([nH]c2)C(=O)N[C@H](CO)c3cccc(c3)Cl)Nc4cccc5c4OC(O5)(F)F
dude_mk01__L001097,CC1(O[C@H]2[C@H]([C@H](CO[C@]2(O1)COS(=O)(=O)[NH-])O)O)C
dude_mk01__L001098,Cc1ccc(s1)[C@@H]2c3c([nH]n(c3=O)c4ccccc4)NC5=C2C(=O)C[C@@H](C5)c6ccco6
dude_mk01__L001099,Cc1cc(c2cc(c(=O)[nH]c2c1)CNc3ccc4c(c3)OCO4)C
dude_mk01__L001100,Cc1ccc(cc1C)N(C[C@H]([C@@H]([C@@H](CO)O)O)O)/N=N/c2ccc(cc2)Cl
dude_mk01__L001101,C[C@@H](Cc1cc(ccc1OCC(=O)N[C@@H](C)C(C)C)Br)[NH3+]
dude_mk01__L001102,c1ccc-2c(c1)Cc3c2ccc(c3)NC(=O)C[C@@H](c4cccs4)NC(=O)N
dude_mk01__L001103,Cc1c(sc2c1c(nc(n2)SCC(=O)N)N3CC[NH+](CC3)CC(=O)Nc4cccc5c4cccc5)C
dude_mk01__L001104,c1ccc(c(c1)[C@@H]([C@@H](C#N)c2nc3ccccc3s2)n4c(cc(=O)[nH]4)N)Cl
dude_mk01__L001105,CCCN([C@H](c1c(cc(cc1O)O)O)C(=O)NC(C)(C)CC(C)(C)C)C(=O)CCl
dude_mk01__L001106,c1cc(ccc1C2=NC(=O)[C@H](C(=C2)c3ccc4c(c3)OCO4)/C(=N/O)/N)Br
dude_mk01__L001107,Cc1ccccc1CC(=O)N(Cc2ccc(o2)C)[C@@H](c3c(cc(cc3O)O)O)C(=O)NC4CCCCC4
dude_mk01__L001108,CCCSC1=Nc2c(c3c(s2)CC[C@H](C3)C)[C@H](N1)NNC(=S)NC(=O)c4ccccc4
dude_mk01__L001109,c1cc(ccc1NC(=O)C(=O)[O-])S(=O)(=O)N
dude_mk01__L001110,Cc1cc2cc(c(=O)[nH]c2cc1C)[C@@H]3c4c(n[nH]c4OC(=C3C#N)N)C
dude_mk01__L001111,COc1cccc(c1O)[C@H]2[C@@H]3CC=C[C@@H]3c4c(ccc(c4N2)OC)[N+](=O)[O-]
dude_mk01__L001112,COc1ccc(cc1)/C=C\2/C(=N/N)/NC(=O)NC2=O
dude_mk01__L001113,COc1ccc(c(c1)OC)[C@@H]2C3=C(C[C@@H](CC3=O)c4ccc(c(c4)OC)OC)Nc5n2nc(n5)N
dude_mk01__L001114,CCOC(=O)c1ccc(cc1)NC(=O)c2cc(ccc2NC(=O)C[NH2+]C3CCCCC3)[N+](=O)[O-]
dude_mk01__L001115,c1ccc2c(c1)NC3=NC(=C([C@H](N23)c4ccc(cc4)F)C#N)N
dude_mk01__L001116,Cc1ccc2c(c1)[C@@]3([C@H]4[C@@H]([C@H]5[NH+]3CCC5)C(=O)N(C4=O)c6cc(c(cc6OC)Cl)C)C(=O)N2
dude_mk01__L001117,C[C@H](c1ccc(cc1)C(C)C)[NH2+][C@@H](C)C(=O)NC(=O)NC2CCCCC2
dude_mk01__L001118,c1ccc(cc1)c2ccc(cc2)NC(=O)CCCC(=O)Nc3c(ccs3)C(=O)N
dude_mk01__L001119,C[C@H]1CC2=C([C@@H]3C(=O)c4cccc(c4[C@@H]([C@@]3([C@@H]([C@@H]2Cl)O)O)O)O)C(=O)C1
dude_mk01__L001120,C[C@]12CCC(=O)C=C1[C@@H](C[C@@H]3[C@H]2[C@H](C[C@]4([C@H]3CC[C@@]4(C(=O)CO)O)C)O)O
dude_mk01__L001121,c1c2c([nH]n1)nc(nc2N3CCC4(CC3)C(=O)N=C(N4)C5CC5)N
dude_mk01__L001122,c1cc2c(cc1NC(=O)NC3CC[NH+](CC3)CC4CCCCC4)CCC(=O)N2
dude_mk01__L001123,CCOc1ccccc1[C@H]2C/C(=C/3\C(=O)NC(=S)N(C3=O)C)/Nc4ccccc4S2
dude_mk01__L001124,Cc1ccc(o1)[C@@H]2c3c(nc(=S)[nH]c3NC4=C2C(=O)CC(C4)(C)C)N
dude_mk01__L001125,Cc1cc(c(c(c1)c2c3c([nH]n2)C(=O)N([C@@H]3c4ccc(c(c4)OC)O)CCOC)O)C
dude_mk01__L001126,CCOc1cc(ccc1O)/C=N/Nc2nnc(n2N)SCc3cccc(c3)Br
dude_mk01__L001127,CC[C@@H](c1nnnn1Cc2ccc(cc2)OC)[NH+](Cc3cc4ccc(cc4[nH]c3=O)OC)C5CCCCC5
dude_mk01__L001128,CC[C@@H](C)[C@]1([C@@H]2[C@@H]([C@@H]([NH2+]1)c3cccc(c3O)OC)C(=O)N(C2=O)c4cccc(c4)[N+](=O)[O-])C(=O)[O-]
dude_mk01__L001129,CCCCOC(=O)C1=C(Nc2nc(nn2[C@H]1c3cc(c(c(c3)Br)OC)OC)SCC)C
dude_mk01__L001130,CC1=NN=C2[C@H]1[C@]3(c4ccccc4N(C3=O)CC(=O)N)C(=C(O2)N)C#N
dude_mk01__L001131,C[C@H]1CCc2c(sc(c2C(=O)N)NC(=O)CCS(=O)(=O)c3ccc(cc3)OC)C1
dude_mk01__L001132,c1ccc2c(c1)/C(=C\Nc3cc(ccc3O)S(=O)(=O)Nc4cccc(c4)Cl)/C(=O)NC2=O
dude_mk01__L001133,c1ccc(cc1)[C@]2(CC[NH+]([C@@H]3[C@@H]2CCCC3)Cc4nc(no4)c5cccnc5Cl)O
dude_mk01__L001134,c1cc(c(cc1Br)[N-]S(=O)(=O)c2ccnc(c2)Cl)Cl
dude_mk01__L001135,c1ccc(cc1)n2c(cc(n2)c3cccs3)C(=O)OCC(=O)Nc4cccc(c4)S(=O)(=O)N
dude_mk01__L001136,Cc1ccc(cc1)NC(=O)CSc2nc3ccc(cc3s2)NC(=O)Nc4ccc(cc4)C
dude_mk01__L001137,c1cc2c(cc1OCc3cc(cc4c3OCOC4)Cl)occ(c2=O)Cl
dude_mk01__L001138,CCCCOc1ccc(cc1OCC)[C@@H]2c3c(=O)c4cc(ccc4oc3C(=O)N2c5nc(c(s5)C)C)C
dude_mk01__L001139,CCOc1ccc(cc1)/C=C/C(=O)NC(=S)Nc2c(c3c(s2)CCCC3)C(=O)N
dude_mk01__L001140,CC(C)(C)N([C@H](c1c(cc(cc1O)O)O)C(=O)NC2CCCCC2)C(=O)Cc3ccc4c(c3)OCO4
dude_mk01__L001141,CC(C)(C)[C@H]1CCc2c(sc(c2C(=O)N)NC(=S)NC(=O)c3ccccc3[N+](=O)[O-])C1
dude_mk01__L001142,CC[C@H](C)C(=O)c1c(c(c2c(c1O)c3c(c(c(c(c3o2)C)O)C(=O)[C@@H](C)CC)O)C)O
dude_mk01__L001143,Cc1ccc(cc1)C2(CC(=NN2C(=O)C)C(=O)OC)c3ccc(cc3)C
dude_mk01__L001144,C1[C@@H]([C@@H](C(=O)C[C@@]1(C(=O)[O-])O)O)O
dude_mk01__L001145,CCC(C)(C)[C@@H](c1cc2c(cc1Br)[nH]c(=O)[nH]2)[NH2+]CC
dude_mk01__L001146,Cc1c(c([nH]c(=O)c1C#N)C)CCC(=O)Nc2cc(c(c(c2)Cl)N)Cl
dude_mk01__L001147,C1CCC(CC1)(C(=O)N2C[C@@H](C[C@H]2C(=O)[O-])O)[NH3+]
dude_mk01__L001148,COc1ccccc1C(=O)NC(=S)NNC(=O)c2c(c3ccccc3s2)Cl
dude_mk01__L001149,Cc1cc(ccc1NC(=O)NCCc2ccc(cc2)S(=O)(=O)N)OC(C)C
dude_mk01__L001150,Cc1cc(c(cc1NC(=O)N[C@@H]2CCCC[C@H]2O)OC)OC
dude_mk01__L001151,CCCNC(=O)C[C@@H]1c2c(sc(n2)NCC=C)C[C@H]3[C@]1(CC[C@H]([C@@]3(C)CO)O)C
dude_mk01__L001152,CCOc1cc(ccc1O)[C@@H]2Nc3ccccc3C(=O)N2c4ccccc4F
dude_mk01__L001153,CCCCc1ccc(cc1)N2C(=O)[C@@H]3[C@@H](N[C@@]4([C@@H]3C2=O)c5ccc(c(c5NC4=O)C)C)CC(=O)N
dude_mk01__L001154,C1CCC(CC1)(C(=S)N)C(=O)N2C[C@H]3CC[C@@H]2C3
dude_mk01__L001155,C[C@H](C(=O)Nc1cc(c(c(c1)Cl)N)Cl)Sc2ccc(cc2)NC(=O)C
dude_mk01__L001156,Cc1ccc(cc1)NC(=O)C[NH+]2CCN(CC2)C(=O)Nc3c(c(cs3)c4ccccc4)C(=O)N
dude_mk01__L001157,Cc1ccc(c2c1[C@H]3C=CC[C@H]3[C@@H](N2)c4cc(ccc4O)Br)O
dude_mk01__L001158,Cc1c(sc(n1)N)C(=O)N/N=C/c2ccccc2OCCc3ccccc3
dude_mk01__L001159,Cc1cnc(nc1c2cc([nH]c2)C(=O)N[C@H](CO)c3ccccc3)Nc4ccccc4F
dude_mk01__L001160,CCOc1cc(ccc1O)[C@@H]2C(=C(NC(=S)N2)C)C(=O)Nc3ccc(cc3)OC
dude_mk01__L001161,Cc1cc(ccc1OCC(=O)NC(=S)NNC(=O)c2ccc(cc2)NC(=O)C3CCCCC3)Cl
dude_mk01__L001162,CCCN([C@@H](c1c(cc(cc1O)O)O)C(=O)NC(C)(C)CC(C)(C)C)C(=O)C#Cc2ccccc2
dude_mk01__L001163,CCOC(=O)[C@H]1[C@H](NC(=S)N[C@@]1(C(F)(F)F)O)c2c3ccccc3ccc2O
dude_mk01__L001164,CC(C)(C(=O)N)N1C(=O)c2cccc(c2C1=O)N
dude_mk01__L001165,CN1CCCc2c1ccc(c2)NC(=O)C(=O)NC[C@]3(CCCc4c3cccc4)O
dude_mk01__L001166,Cc1cc(cc(c1)n2c(nnc2SCc3nc(nc(n3)N)N)c4ccc(cc4)Br)C
dude_mk01__L001167,C[C@@H](C(=O)Nc1ccc(c(c1)Cl)OC(F)F)OC(=O)c2ccc(cc2)NC(=O)N
dude_mk01__L001168,CC1=C([C@@H](NC(=S)N1)c2ccccc2O)C(=O)N/N=C/c3ccccc3OC
dude_mk01__L001169,CCOC(=O)C1=C(Nc2c(c(nc(=S)[nH]2)N)[C@@H]1c3ccccc3)c4ccccc4
dude_mk01__L001170,C[C@H]1CCCC[C@@H]1NC(=S)NNC(=O)/C=C/c2c(nc3n2ccs3)Cl
dude_mk01__L001171,CC(=O)Nc1nc2c(s1)C[C@H]3[C@@]([C@@H]2CC(=O)Nc4ccccc4)(CC[C@H]([C@@]3(C)CO)O)C
dude_mk01__L001172,c1ccc(cc1)C2(C[C@H]2C(=O)N/N=C/3\c4ccccc4NC3=O)c5ccccc5
dude_mk01__L001173,C[C@H]1CC2(CCCC2)N3c4c1cc(cc4[C@]5(C3=O)C(=C(OC6=C5C(=O)CCC6)N)C#N)F
dude_mk01__L001174,c1ccc(cc1)C(=O)N/C(=C/c2ccccc2Cl)/C(=O)Nc3ccc(cc3)S(=O)(=O)N
dude_mk01__L001175,CC(C)(c1ccc(c(c1)Cl)Cl)C(=O)Nc2cccc(c2)S(=O)(=O)N
dude_mk01__L001176,COc1ccc(c(c1)[N+](=O)[O-])Oc2ccccc2I
dude_mk01__L001177,CC[C@H](c1ccccc1OC(F)F)NC(=O)NNC(=S)NC2CCCC2
dude_mk01__L001178,CC/C(=N/Nc1nnc(n1N)SCC(=O)Nc2cc(cc(c2)Cl)Cl)/C
dude_mk01__L001179,c1ccc(cc1)S(=O)(=O)Nc2ccc(cc2)C(=O)NNC(=O)c3cc4c(s3)CCCCC4
dude_mk01__L001180,C/C(=N\Nc1nnc(n1N)SCC(=O)Nc2cccc(c2)C(F)(F)F)/c3ccc(cc3)OC
dude_mk01__L001181,c1cc(ccc1CCNC(=O)N2CCC[C@H]2c3ccsc3)S(=O)(=O)N
dude_mk01__L001182,c1ccc(c(c1)c2ccc(o2)C(=O)NC(=S)Nc3ccc(cc3)S(=O)(=O)N)[N+](=O)[O-]
dude_mk01__L001183,Cc1cccc(c1)CO[C@]2(C[C@@H]3[C@H]([C@H](C2)OCc4c(cccc4F)F)OC(O3)(C)C)C(=O)NCC[NH+](C)C
dude_mk01__L001184,CC[C@@H](c1nnnn1C(C)(C)C)[NH+](CCc2ccc(c(c2)OC)OC)Cc3cc4cc(cc(c4[nH]c3=O)C)C
dude_mk01__L001185,C[C@H](c1cccc(c1)Br)NS(=O)(=O)c2ccc(cc2)NN
dude_mk01__L001186,C[C@@H](C(=O)Nc1ccc(cc1)S(=O)(=O)N)[NH+]2CCC(CC2)C(=O)c3ccc4c(c3)OCCO4
dude_mk01__L001187,C[C@H]1CCc2c(sc(c2C(=O)N)NC(=S)NC(=O)Cc3ccc(cc3)Cl)C1
dude_mk01__L001188,CCOc1ccc(cc1OCC)/C=C/C(=O)N[C@H](C)c2ccc(cc2)NC(=O)N
dude_mk01__L001189,Cc1c(c(on1)C)C(=O)N2C[C@@H](C3(C2)CC[NH2+]CC3)C(=O)NCCNC(=O)Cc4cccc5c4cccc5
dude_mk01__L001190,c1cc(ccc1C(=O)NN2[C@H](C(=O)N(C2=S)c3ccc(cc3)Cl)CC(=O)N)Cl
dude_mk01__L001191,CC(C)Cn1c(c(c(=O)[nH]c1=O)N(CC(C)C)C(=O)C[NH+]2CCC[C@H]2c3cccc(c3)OC)N
dude_mk01__L001192,CCc1cccc2c1n(cc2/C=C\3/C(=O)C(=C(S3)Nc4ccc(cc4)C)C(=O)OCC)CC(=O)N
dude_mk01__L001193,c1ccc(cc1)[C@@H]2CC3=C([C@H](C(=C(N3c4ccccc4C#N)N)C#N)c5ccc6c(c5)OCO6)C(=O)C2
dude_mk01__L001194,CCN(CC)c1ccc(cc1)/C=N/NC(=O)c2c(n(nn2)c3c(non3)N)C[NH+]4CCC(CC4)C
dude_mk01__L001195,C[C@]12CC[C@H](C1(C)C)C[C@H]2O[C@H]3[C@H]([C@@H]([C@H]([C@@H](O3)C(=O)[O-])O)O)O
dude_mk01__L001196,C[C@@H]1C[C@@H](CN(C1)S(=O)(=O)c2ccc(cc2)C(=O)N(CCC[NH+](C)C)c3nc4c(cccc4s3)F)C
dude_mk01__L001197,CC(C)CCNC(=O)NNC(=O)c1ccc(s1)c2nc3ccccc3s2
dude_mk01__L001198,c1cc(c(c(c1)Cl)Cn2cccc(c2=O)NC(=O)NC3CCCCC3)F
dude_mk01__L001199,CCOC(=O)C1=C(NC(=O)N[C@@H]1c2ccc(cc2C)C)CSc3nnc(s3)N
dude_mk01__L001200,CC[C@H](C)CNC(=O)[C@@H]1CSC2([NH2+]1)CCN(CC2)C(=O)Nc3ccc(cc3)C(=O)OCC
dude_mk01__L001201,C[C@]12CC[C@H]([C@@]([C@H]1Cc3c(nc(s3)c4ccsc4)[C@H]2CC(=O)Nc5cccc(c5)O)(C)CO)O
dude_mk01__L001202,c1cc(cc(c1)NS(=O)(=O)c2ccc3c(c2)[nH]c(=O)[nH]3)C(F)(F)F
dude_mk01__L001203,CC(C)CC(=O)Nc1ccc2c(c1)[C@H]3C=CC[C@H]3[C@H](N2)c4cc(ccc4O)Br
dude_mk01__L001204,Cc1c(c(c(s1)NC(=O)[C@H]2C[C@@H]2c3ccc(cc3)C(C)(C)C)C(=O)N)c4ccc(cc4)F
dude_mk01__L001205,Cc1cc(cc(c1)C(=O)NCC(=O)NNC(=S)NCCc2cccs2)C
dude_mk01__L001206,CCOc1cccc(c1O)c2nc(c3c(n2)n(c(=O)[nH]3)c4ccc(c(c4)OC)OC)C(=O)N
dude_mk01__L001207,C[C@@H](c1ccc(c(c1)OC)OC(C)C)NC(=O)NNC(=S)NC2CCCC2
dude_mk01__L001208,Cc1ccc(cc1C)NS(=O)(=O)c2cc(cnc2NN)Br
dude_mk01__L001209,Cc1c\2c(oc1C(=O)Nc3ccccc3Br)CCC/C2=N\NC(=S)N
dude_mk01__L001210,Cn\1cc([nH]/c1=N\C(=O)c2cc(ccc2Cl)N)[O-]
dude_mk01__L001211,CCOc1ccc(cc1)c2c(c(nc3c2c(c(s3)C(=O)c4ccc(cc4)Cl)N)N)C#N
dude_mk01__L001212,C[C@H](C(=O)Nc1ccc(cc1)Br)Nc2ccc(cc2)OCC(=O)N
dude_mk01__L001213,c1ccc(c(c1)/C=N/Nc2[nH]nc(n2)SCC(=O)Nc3ccc(cc3)Br)O
dude_mk01__L001214,Cc1cc(c(s1)C)[C@H]2C(=C(N(C3=C2C(=O)CC(C3)(C)C)c4ccc(c(c4)[N+](=O)[O-])Cl)N)C#N
dude_mk01__L001215,CC(C)c1cc(n[nH]1)CN2CCc3c4ccccc4[nH]c3[C@@H]2c5cccc(c5)O
dude_mk01__L001216,CCN1C(=O)/C(=C/c2c(nc3c(cccn3c2=O)C)N4CCNC(=O)[C@H]4CC(=O)OCC)/SC1=S
dude_mk01__L001217,COc1cc2c(cc1O)[C@@H]3CO[P@](=O)(NN3CC2)[O-]
dude_mk01__L001218,c1c(cnc2c1c(=O)n(c3c2N[C@H](CC3=O)O)[O-])O
dude_mk01__L001219,CCOC(=O)c1ccc(cc1)NC(=O)[C@H]2C[C@@H]([NH2+][C@]23c4ccccc4NC3=O)Cc5ccccc5
dude_mk01__L001220,CC(=O)C1=C([C@]2([C@H](Cc3cc4cccc(c4c(c3C2=O)O)O)[C@@H](C1=O)OC)O)O
dude_mk01__L001221,c1cc(sc1)CN2[C@@H]3[C@@H]([C@@H](C[C@H]([C@@H]3O)O)C(=O)N)N(C2=S)c4ccc(cc4)Cl
dude_mk01__L001222,c1cc(ccc1S(=O)(=O)NCC2(CCCCCC2)[NH3+])Br
dude_mk01__L001223,Cc1ccc(cc1Cl)n2c(nnc2SCc3nc(nc(n3)N)N)COc4ccc(cc4)OC
dude_mk01__L001224,Cc1cc(ccc1Br)NS(=O)(=O)c2c(cccc2Cl)N
dude_mk01__L001225,c1cc(ccc1/C=C/C2=NN([C@H](C2)c3ccc(cc3)O)c4ccc(cc4)S(=O)(=O)N)O
dude_mk01__L001226,Cc1c(sc(n1)[C@H](c2ccncc2)N)C
dude_mk01__L001227,C1Cc2c(sc(c2C(=O)N)NC(=S)NC(=O)CC34CC5CC(C3)CC(C5)C4)C1
dude_mk01__L001228,CC1(NNC(=S)NN1)CCC(=O)[O-]
dude_mk01__L001229,Cc1ccc(cc1)[C@H](CNC(=O)NNc2ccc(cc2)F)N3CCOCC3
dude_mk01__L001230,Cc1ccc(cc1NC(=O)N[C@H]2CCC[C@H](C2)C(F)(F)F)NC(=O)C(C)C
dude_mk01__L001231,CC1(O[C@@H]2[C@@H]([C@@H]([C@@H]([C@@H]([C@@H]2O1)O)O)O)O)C
dude_mk01__L001232,Cc1ccc(cc1C)n2c(nnc2SCc3nc(nc(n3)N)N)c4ccccc4
dude_mk01__L001233,CC(=O)Nc1ccc(cc1)S(=O)(=O)/N=c\2/[nH]c(cs2)CC(=O)Nc3ccc(cc3)O
dude_mk01__L001234,C[C@@H]1C[C@@H](/C=C\[C@@H]([C@@H](CC(=O)Cc2c(c(cc(c2Cl)O)O)C(=O)O1)O)O)O
dude_mk01__L001235,Cc1cc(c(o1)C)C(=O)NNC(=O)c2cc(cn2C)S(=O)(=O)NC
dude_mk01__L001236,c1ccc2c(c1)cccc2/C=N/Nc3nnc(n3N)SCC(=O)Nc4cccc5c4cccc5
dude_mk01__L001237,C1CCc2c(c3c(nc(nc3s2)CCC(=O)[O-])N)C1
dude_mk01__L001238,Cc1cc(c(c(c1)C)NCC(=O)Nc2ccc(cc2)C(=O)NC3CCCCC3)C
dude_mk01__L001239,c1cc(ccc1O[C@H]2CCCC[C@@H]2C(=O)[O-])I
dude_mk01__L001240,Cc1c(cc2c(c1O)C(=O)[C@H]([C@@H](O2)c3cc(c(c(c3)O)O)O)O)O
dude_mk01__L001241,Cc1ccc(cc1Br)C(=O)NNC(=S)NC(=O)c2ccc(cc2)C(C)(C)C
dude_mk01__L001242,C[C@H]1C[C@@H]1c2ccc(o2)/C=C/C(=O)Nc3ccc4c(c3)[nH]c(=O)[nH]4
dude_mk01__L001243,Cn1c-2c(c(n1)C(=O)N)CCc3c2nc(nc3)NC4CCN(CC4)C(=O)c5ccccc5
dude_mk01__L001244,CN(c1ccccc1)c2c(c(nc[nH+]2)Nc3ccc(cn3)Cl)N
dude_mk01__L001245,c1ccc(cc1)/C=C/C(=O)NC(=S)Nc2c(c3c(s2)CCC3)C(=O)N
dude_mk01__L001246,c1cc(oc1)C(=O)Nc2ccc(s2)C(=O)OCC(=O)Nc3c(c4c(s3)CCC4)C(=O)N
dude_mk01__L001247,CCN(CC)S(=O)(=O)c1ccc(cc1)C(=O)/N=c\2/n(c3c(s2)cccc3Cl)CCC(=O)OCC
dude_mk01__L001248,c1csc([nH+]1)NC(=O)NP(=O)([O-])[O-]
dude_mk01__L001249,c1cc(ccc1C(=O)NNC(=S)NC2CCCCC2)NS(=O)(=O)c3ccc(c(c3)F)F
dude_mk01__L001250,c1ccc(cc1)[C@@H]2NN[C@H]3N2c4cc(ccc4NC3=O)S(=O)(=O)N
dude_mk01__L001251,CCOC(=O)C1CCN(CC1)C(=O)CSc2nc(cc(n2)Cl)N3CCN([C@@H](C3)C)C(=O)C(C)(C)C
dude_mk01__L001252,Cc1cnc(s1)[N-]S(=O)(=O)c2ccc(c(c2)N)O
dude_mk01__L001253,c1c\2c([nH]c1Br)C(=O)NCC/C2=C/3\C(=O)N=C(N3)N
dude_mk01__L001254,CCN(CC)c1ccc(c(c1)O)/C=N/Nc2[nH]nc(n2)SCC(=O)Nc3ccc(cc3)Br
dude_mk01__L001255,CCn1cc(ccc1=O)NC(=O)Nc2cccc(c2)Br
dude_mk01__L001256,CC1=C([C@@H](NC(=S)N1)c2ccc(cc2)N(C)C)C(=O)Nc3ccc(cc3)Cl
dude_mk01__L001257,CC(C)NC(=O)C[C@@H]1c2c(sc(n2)NC(=O)C3CCCCC3)C[C@H]4[C@]1(CC[C@H]([C@@]4(C)CO)O)C
dude_mk01__L001258,Cc1ccc(cc1)[C@@H]2CCCN2C(=O)NCc3ccc(cc3)C(=O)NC4CC4
dude_mk01__L001259,Cc1c2c(n(n1)c3ccccc3)O[C@@H]([C@@H]([C@@H]2c4ccc(cc4)F)C#N)N
dude_mk01__L001260,CCC/C=N/Nc1[nH]nc(n1)SCC(=O)Nc2c(c3c(s2)CCCC3)C#N
dude_mk01__L001261,Cc1nc(on1)[C@H](C)Sc2c3ccccc3nc(n2)c4cccs4
dude_mk01__L001262,Cc1ccc(cc1)n2c(c(c(n2)C)[C@H](c3ccccc3O)C4=C(NN([C@@H]4O)c5ccc(cc5)C)C)O
dude_mk01__L001263,Cc1cccc(c1)[C@@H]2NN[C@H](N2c3ccccc3)SCc4[nH]c(=O)c5ccccc5n4
dude_mk01__L001264,Cc1ccc(o1)CN([C@H](c2c(cc(cc2O)O)O)C(=O)NC3CCCCC3)C(=O)c4ccco4
dude_mk01__L001265,c1ccc(cc1)c2ccc(cc2)C(=O)NC(=S)Nc3c(c4c(s3)CCCC4)C(=O)N
dude_mk01__L001266,c1ccc(cc1)NC(=S)Nc2ccc(cc2)S(=O)(=O)Nc3ccc(c(c3)Cl)Cl
dude_mk01__L001267,c1c(cc(=O)[nH]c1[O-])C(=O)N2CCC[C@@H](C2)[NH3+]
dude_mk01__L001268,CC(C)(C)NC(=O)[C@H](c1c(cc(cc1O)O)O)N(C(=O)C#Cc2ccccc2)C(C)(C)C
dude_mk01__L001269,C[C@@H]1CC[C@@H](CN1C(=O)C2CCC3(CC2)C(=O)NC(=O)N3)C(=O)N
dude_mk01__L001270,CCCCCC(=O)Nc1nc2c(s1)C[C@H]3[C@@]([C@@H]2CC(=O)NC4CCCCC4)(CC[C@H]([C@@]3(C)CO)O)C
dude_mk01__L001271,c1cc(c(cc1Br)NC(=O)NC(=O)/C=C/C(=O)[O-])F
dude_mk01__L001272,C[C@H](C(=O)[O-])N1[C@@H]2[C@@H](NC(=O)N2)NC1=O
dude_mk01__L001273,CCCOc1ccc(cc1Br)C(=O)NC(=S)Nc2c(c(c(s2)C)C)C(=O)N
dude_mk01__L001274,Cc1c(c2cc(ccc2[nH]1)F)CC(=O)Nc3cc4c(cc3OC)c5ccccc5o4
dude_mk01__L001275,C[C@]1(C(=O)N(C(=O)N1)CC(=O)c2c(n(c(=O)n(c2=O)C)C)N)c3ccc(cc3)C(C)(C)C
dude_mk01__L001276,CCOc1cc(ccc1OCc2ccc(c(c2)Cl)Cl)[C@@H]3C(=C(Nc4n3ncn4)C)C(=O)OC(C)C
dude_mk01__L001277,c1cc(c(cc1/C=C/C(=O)NC(=S)Nc2c(c3c(s2)CCC3)C(=O)N)[N+](=O)[O-])N4CCOCC4
dude_mk01__L001278,c1cc-2c(cc1S(=O)(=O)N)C(=O)c3c2ccc(c3)S(=O)(=O)N
dude_mk01__L001279,CC(C)[C@@H]1Cc2c(sc3c2c(=O)n(c(n3)NN)CCc4ccccc4)CO1
dude_mk01__L001280,C[C@H]1CCc2c(sc(c2C(=O)N)NC(=O)COc3ccc(cc3)C(C)C)C1
dude_mk01__L001281,C[C@@H]1CCC[C@@H]([C@@H]1C)NC(=S)NNC(=O)CCCNC(=O)c2ccsc2
dude_mk01__L001282,c1ccc(c(c1)Cc2c3ccc(c(c3on2)C[NH+]4C[C@H]5C[C@@H](C4)c6cccc(=O)n6C5)O)F
dude_mk01__L001283,CC(C)(C)[C@@H](C(=O)Nc1c(cc(cc1Br)Br)C(=O)[O-])[NH3+]
dude_mk01__L001284,CC(C)(C)NC(=O)[C@H](c1ccccc1O)N(C(=O)c2cccc(c2O)O)C(C)(C)C
dude_mk01__L001285,c1ccc(cc1)CCn2c(=O)c(c([nH]c2=S)[O-])[C@@H]3c4c(c5ccccc5[nH]4)CC[NH2+]3
dude_mk01__L001286,CC(C)n1cc(cc1C(=O)N[C@@H]2CCCC[C@@H]2O)N
dude_mk01__L001287,CCOC(=O)[C@@H]1[C@@H](NC(=O)N[C@@]1(C(F)(F)F)O)c2ccc(cc2)Br
dude_mk01__L001288,Cc1ccc(cc1)CNc2nc(c(c(n2)N3CC[NH+](CC3)Cc4ccccc4)[N+](=O)[O-])N
dude_mk01__L001289,CCCC1=NNC(=O)[C@H]1[C@]2(C(=O)NC(=O)N=C2[O-])O
dude_mk01__L001290,CC(C)(C)NS(=O)(=O)c1ccc2c(c1)[C@H]3C=CC[C@H]3[C@H](N2)c4ccccc4O
dude_mk01__L001291,Cc1c2c(n[nH]1)OC(=C([C@H]2C3=C/C(=[N+](/O)\[O-])/C=CC3=O)C#N)N
dude_mk01__L001292,c1ccc(c(c1)COc2ccccc2/C=N/Nc3nnc(n3N)SCC(=O)NCc4ccco4)Cl
dude_mk01__L001293,CC[C@@H](C)NC(=O)c1ccc(c(c1)NS(=O)(=O)c2ccc(cc2)CC(C)C)N3CC[NH2+]CC3
dude_mk01__L001294,CCOc1ccc2cc(ccc2c1N)S(=O)(=O)[O-]
dude_mk01__L001295,Cc1cc(ccc1OCC(=O)NC(=S)Nc2c(c(c(s2)C)C)C(=O)N)Cl
dude_mk01__L001296,CCc1ccccc1Nc2ncc(c(n2)c3cc([nH]c3)C(=O)N[C@H](CO)c4ccccc4)C
dude_mk01__L001297,CC(=CC(=O)N(c1ccccc1Cl)[C@H](c2c(cc(cc2O)O)O)C(=O)NC3CCCCC3)C
dude_mk01__L001298,COc1ccc(cc1OC)NC(=O)CSc2nnc(n2N)N/N=C/c3cccc(c3)Br
dude_mk01__L001299,Cc1cc(no1)[N-]S(=O)(=O)c2cc(ccc2Cl)N
dude_mk01__L001300,c1cc(ccc1N2CCN(CC2)c3c(c(ncn3)Sc4ccc(cc4)Cl)N)F
dude_mk01__L001301,C[C@H](C(C)C)NC(=O)CSc1nnc(n1N)c2ccc(cc2)C(C)(C)C
dude_mk01__L001302,Cc1c(ccc2c1NC(=O)[C@]23[C@H]4[C@@H]([C@@H](N3)CCC(=O)N)C(=O)N(C4=O)c5ccc(cc5)C(=O)C)Cl
dude_mk01__L001303,CC(C)(C)NC(=O)[C@@H](c1c(cc(cc1O)O)O)N(C2CCCCC2)C(=O)c3cccc(c3)[N+](=O)[O-]
dude_mk01__L001304,C[C@@H](c1cccc(c1)Br)NS(=O)(=O)c2cccnc2NN
dude_mk01__L001305,C[C@@]1([C@H](O[C@@H]([C@@]([C@@]1(C)O)(C)O)O)CO)O
dude_mk01__L001306,Cc1cc(cc(c1)NCC(=O)Nc2ccc(cc2)C(=O)NC3CCCCC3)C
dude_mk01__L001307,C[C@@H]1CCCN(C1)C(=O)CCNC(=O)C2CCC3(CC2)C(=O)NC(=O)N3
dude_mk01__L001308,CCS[C@@H]1[C@@H]([C@H]([C@@H]([C@@H](O1)C(=O)[O-])O)O)O
dude_mk01__L001309,CC[NH+](CC)c1ccc(cc1)[C@@H]2Nc3c(c4c(s3)C[NH+](CC4)Cc5ccccc5)C(=O)N2
dude_mk01__L001310,COc1ccc(cc1OC)CCNc2c(c(ncn2)Nc3nc4ccccc4s3)N
dude_mk01__L001311,C[C@@]1([C@H](O[C@]([C@]([C@@]1(C)O)(C)O)(C)O)CO)O
dude_mk01__L001312,c1cc2c(c(c1)Br)[C@H](C(=O)N2)NCCC(=O)N
dude_mk01__L001313,CC[C@H](C(=O)Nc1ccc(c(c1)Cl)Cl)Sc2[nH]c(=O)cc(n2)C
dude_mk01__L001314,Cc1cc(c(c(c1)c2c3c([nH]n2)C(=O)N([C@H]3c4cc(c(c(c4)Br)O)OC)CCO)O)C
dude_mk01__L001315,CC(=O)[C@]1(CC[C@@H]2[C@]1(CC[C@H]3[C@@H]2CCC4=C[C@H](CC[C@@]34C)O)C)OC(=O)C
dude_mk01__L001316,C[NH+]1CC[C@@H](C1)CNC(=O)Nc2cc(ccc2C(=O)[O-])Br
dude_mk01__L001317,CCc1c(c(nc(n1)S[C@@H](C)C(=O)Nc2ccc(cc2)NC(=O)C)N)c3ccc(cc3)Cl
dude_mk01__L001318,c1ccc(c(c1)CNC(=O)NNC(=O)CC2CCCCC2)C[NH+]3CCCCC3
dude_mk01__L001319,C/C=C(/C)\C(=O)O[C@@H]1[C@@H]([C@@H]([C@@H](O[C@@H]1O[C@@]2(CC[C@@H]([C@@]3([C@@H]2CC(=CC3)C(C)C)C)O)C)C)O)O
dude_mk01__L001320,CCOC(=O)C(=C1Nc2ccccc2N1)C3=NC(=C(C(=CS3)c4ccccc4)C#N)N
dude_mk01__L001321,Cc1ccc(cc1C)/N=N\c2cc(c(cc2N[C@H]3[C@H]([C@@H]([C@@H]([C@@H](O3)C)O)O)O)C)C
dude_mk01__L001322,Cc1ccc(cc1)S(=O)(=O)CNC(=O)[C@H](c2c(cc(cc2O)O)O)N(C)C(=O)CCC3CCCCC3
dude_mk01__L001323,CC1(CC2=C(C(=O)C1)[C@@]3(c4ccccc4N(C3=O)C)C(=C(N2c5cc(cc(c5)Cl)Cl)N)C#N)C
dude_mk01__L001324,Cc1cc(c(c(c1)C)NC(=O)CNC(=O)CCNC(=O)NC23CC4CC(C2)CC(C4)C3)C
dude_mk01__L001325,c1cc(sc1)[C@@H](CNC(=O)NNC(=O)c2ccc(cc2)Cl)[NH+]3CCCC3
dude_mk01__L001326,Cc1cc(c(cc1COc2ccccc2Br)/C=N/NC(=O)N)C
dude_mk01__L001327,C[C@@H]1[C@H](CC[C@]1(C(=O)[O-])[NH3+])C(=O)[O-]
dude_mk01__L001328,C[C@@]1(C(=O)N(C(=O)N1)CC(=O)Nc2ccc(cc2)Br)c3ccc(cc3)Cl
dude_mk01__L001329,CCN1c2ccccc2[C@]3(C1=O)[C@H]4C(=O)NC(=O)N=C4OC(=C3C#N)N
dude_mk01__L001330,CCC(=O)N1CCCc2c1cc(cc2)NC(=O)Nc3cc(cc(c3)OC)OC
dude_mk01__L001331,c1cc(=O)n(cc1N)CC(=O)N[C@H]2CCCC[C@@H]2O
dude_mk01__L001332,c1cc(ccc1N)O[C@H]2[C@@H]([C@H]([C@H]([C@@H](O2)C(=O)[O-])O)O)O
dude_mk01__L001333,CCCCOc1ccc(cc1C(=O)NC(=S)Nc2c(c3c(s2)CCCC3)C(=O)N)Br
dude_mk01__L001334,CC[NH+](CC)c1ccc(cc1)[C@@H]2c3c([nH]nc3OC(=C2C#N)N)c4ccc(cc4)C
dude_mk01__L001335,c1ccc2c(c1)CCC[C@@]2(CNC(=O)Nc3ccc(cc3)NC(=O)C4CC4)O
dude_mk01__L001336,Cc1cc(cc(c1)NC(=O)c2c3ccccn3c(c2N)C(=O)c4ccc(cc4)F)C
dude_mk01__L001337,CC(C)c1nnc(n1N)SCCC(=O)Nc2cc(ccc2Cl)Cl
dude_mk01__L001338,CC[C@H](C)NC(=O)c1ccc(cc1)NC(=O)CNc2ccc(cc2)NC(=O)CC(C)C
dude_mk01__L001339,CC(C)(C)c1ccc(cc1)[C@H]2c3ccsc3CCN2C(=O)CN(CC=C)C(=O)c4ccc(cc4)[N+](=O)[O-]
dude_mk01__L001340,C[C@H]1CCC[C@@H]([C@@H]1C)NC(=O)NC(=O)/C=C/C(=O)[O-]
dude_mk01__L001341,C1CCC(CC1)C[NH+]2CCC(CC2)NC(=O)NCCC(=O)NC3CCCCC3
dude_mk01__L001342,Cc1ccc(cc1S(=O)(=O)Nc2ccc(cc2)C(=O)O[C@H](C)C(=O)NC(=O)N)C(C)(C)C
dude_mk01__L001343,CCOc1cc(cc(c1OCC)OCC)C(=O)Nc2cc(nn2c3nc4c(cc(cc4s3)C)C)C
dude_mk01__L001344,c1ccc(cc1)NC(=O)NNC(=S)NC(=O)COc2ccc3ccccc3c2Br
dude_mk01__L001345,Cc1cc(c(o1)C)C(=O)NNC(=O)NCC2(CC2)c3ccc(cc3)Cl
dude_mk01__L001346,CC(C)(C)OC(=O)N[C@@H](Cc1ccccc1)C(=O)N[C@H]2c3ccsc3/C(=N/O)/[C@H]2O
dude_mk01__L001347,CC(C)(C)c1cc(cc(c1O)C(C)(C)C)C[NH+](CCO)CCO
dude_mk01__L001348,CCN1C(=C([C@H](NC1=O)c2ccc(c(c2)OC)OC)C(=O)OCC)C[NH+]3CCCN(CC3)C(=O)NC(C)C
dude_mk01__L001349,CC(=C)Cn1c2c(c(=O)[nH]c1=S)[C@](C(=O)N2)(C(F)(F)F)NC(=O)c3ccccc3
dude_mk01__L001350,CN(C=O)[C@H](c1c(cc(cc1O)O)O)C(=O)NC2CCCCC2
dude_mk01__L001351,CCCCSc1[nH]c(=O)c2c(n1)NC3=C([C@H]2c4ccc(c(c4)O)OC)C(=O)CC(C3)(C)C
dude_mk01__L001352,CCC[C@@H](c1nnnn1Cc2ccccc2)[NH+](Cc3cc4cc(cc(c4[nH]c3=O)C)C)C5CCCCC5
dude_mk01__L001353,C[C@@H](C(=O)NNC(=O)c1ccc(cc1)NC(=O)CC(C)C)Oc2ccc(cc2Br)Cl
dude_mk01__L001354,CC(C)(C)NC(=O)CNC(=O)N1CCc2c1ccc(c2)Br
dude_mk01__L001355,Cc1c(c(sc1C)/N=C/c2ccc(cc2)/C=N/c3sc(c(c3C(=O)N)C)C)C(=O)N
dude_mk01__L001356,C[C@@H](CCc1ccc(cc1)O)NC(=O)Nc2ccc(cc2)C(=O)NC3CCCC3
dude_mk01__L001357,C[C@@H](C1=NOC[C@@]1(C)c2ccc(cc2)O)O
dude_mk01__L001358,Cc1c(sc2c1c(nc(n2)S[C@H](C)C(=O)N[C@H]3CCC[C@@H]([C@@H]3C)C)N)C
dude_mk01__L001359,CCCCn1c(=O)c(c([nH]c1=S)[O-])[C@@H]2c3c(c4cc(ccc4[nH]3)Cl)CC[NH2+]2
dude_mk01__L001360,C[C@H](c1ccc(cc1)S(=O)(=O)N)[NH2+]Cc2ccc(cc2)Br
dude_mk01__L001361,C=CCn1c2c(cc(nn2)c3c4ccccn4nc3c5ccccc5)c(n1)N
dude_mk01__L001362,CC(=O)NC(=S)Nc1ccc(cc1)NC(=S)NC(=O)c2ccc(cc2Cl)Cl
dude_mk01__L001363,CC(C)CCNc1c(c(ncn1)Nc2ccc(cc2)I)N
dude_mk01__L001364,C[C@H](C1=CC2=CC=N[C@H]2C=C1)NC(=O)N[C@@H]3NN[C@@H](S3)c4cccs4
dude_mk01__L001365,Cc1ccc(cc1)C2=NN([C@H](C2)c3ccco3)C(=O)CSc4nc(cc(n4)N)N
dude_mk01__L001366,Cc1cc(ccc1Br)C(=O)CSc2nc([nH]n2)N/N=C(\C)/c3ccc(cc3)N
dude_mk01__L001367,Cc1ccc(cc1)C(=O)c2c(c3c(=O)[nH]c(=O)n(c3s2)CCc4ccccc4)N
dude_mk01__L001368,C1CCc2c(c3c(=O)[nH]c(nc3s2)SCC(=O)Nc4c(c5c(s4)CCCC5)C(=O)N)C1
dude_mk01__L001369,CCn1c(=O)c(c(n(c1=O)Cc2ccccc2)N)C(=O)CSc3nc(c4ccsc4n3)N
dude_mk01__L001370,c1cc2c(cc1N)sc(n2)[C@H]([C@H](c3nc4ccc(cc4s3)N)O)O
dude_mk01__L001371,Cc1cccc(c1)[C@@H](CO)NC(=O)c2cc(c[nH]2)c3c(cnc(n3)Nc4ccccc4)C
dude_mk01__L001372,C[C@@]1(CCS(=O)(=O)C1)N/C(=N/c2[nH]c(=S)[nH]n2)/[S-]
dude_mk01__L001373,c1ccc2c(c1)[C@]3(CCO2)C(=O)N(C(=O)N3)CC(=O)c4ccc(cc4)S(=O)(=O)N5CCOCC5
dude_mk01__L001374,c1cc(ccc1/C=N/NC(=O)CSc2nnc(n2N)c3ccc(cc3)Br)Cl
dude_mk01__L001375,Cc1ccc(cc1)/C=N/Nc2nnc(n2N)SCCC(=O)Nc3nc4ccccc4s3
dude_mk01__L001376,c1cc(c(cc1Br)C(=O)[O-])NC(=O)[C@H]2C[C@H](C[NH2+]2)O
dude_mk01__L001377,c1cc(c(cc1[C@@H]2[C@H]([C@@H](c3ccc(c(c3O2)O)O)O)O)O)O
dude_mk01__L001378,Cc1ccc(cc1)NS(=O)(=O)c2ccc(cc2)NC(=O)CSc3nnc(n3N)c4ccncc4
dude_mk01__L001379,c1cc(ccc1c2ccc(s2)C(=O)Nc3ccc(cc3)NC(=O)N)Br
dude_mk01__L001380,Cc1ccc(cc1)SCc2cc(=O)nc([nH]2)/N=C(/N)\Nc3ccc(c(c3)Cl)C
dude_mk01__L001381,c1c(c(nc(c1Cl)Cl)O[C@H]2[C@@H]([C@H]([C@@H]([C@H](O2)C(=O)[O-])O)O)O)Cl
dude_mk01__L001382,c1cc(ccc1/C=N/Nc2nnc(n2N)SCC(=O)Nc3ccc(cc3)F)[N+](=O)[O-]
dude_mk01__L001383,CCc1cc2c(cc1CC)[C@H](N(CC2)C(=O)c3cccc(c3)[N+](=O)[O-])Cc4cc(c(c(c4)OC)OC)OC
dude_mk01__L001384,c1c(cc(c(c1N)S(=O)(=O)NCc2nc[nH]n2)Br)Br
dude_mk01__L001385,C[C@@H](C(=O)NNC1=CC(=O)CCC1)NC(=O)C23CC4CC(C2)CC(C4)C3
dude_mk01__L001386,CCCCOc1ccc(cc1Br)C(=O)NC(=S)Nc2c(c(c(s2)C)CC)C(=O)N
dude_mk01__L001387,c1ccc(c(c1)[C@@H](C(=O)NC2CCCCC2)N(c3ccccc3Cl)C(=O)CO)O
dude_mk01__L001388,CCC[C@@H]1CCc2c(sc(c2C(=O)N)NC(=O)c3ccccc3OC)C1
dude_mk01__L001389,COc1ccc(cc1)N2[C@@H](NN=C2SCC(=O)Nc3ccc(cc3)F)Cc4cc(=O)[nH]c(=O)[nH]4
dude_mk01__L001390,COc1ccc(c(c1)[C@H](CNC(=O)NC23CC4CC(C2)CC(C4)C3)O)OC
dude_mk01__L001391,c1cc2c(cc1CNC(=O)/C=C\c3ccc4c(c3)OCO4)c5c([nH]2)CCCC5
dude_mk01__L001392,CCOc1ccccc1N(CC(=O)N2CCN(CC2)c3ccccc3OC)S(=O)(=O)c4ccc(cc4)C
dude_mk01__L001393,c1ccc2cc(ccc2c1)OCC(=O)N/N=C/c3cc(c(c(c3Br)O)O)Br
dude_mk01__L001394,Cc1ccc(cc1C)c2csc3c2c(=O)[nH]c(n3)C[NH+](Cc4ccco4)C[C@H](COCc5ccco5)O
dude_mk01__L001395,CCc1ccc(cc1)[C@H]2Nc3cc(c(cc3C(=O)N2)OC)OC
dude_mk01__L001396,CC1=C([C@]2(c3cc(ccc3NC2=O)Br)C(=C(O1)N)C(=O)OC)C(=O)OCCOC
dude_mk01__L001397,Cc1cc(ccc1NC(=O)CNC(=O)c2ccc(cc2)NC(=O)NC3CC3)Br
dude_mk01__L001398,Cc1ccccc1n2c(nnn2)c3ccc(c(c3)N)Br
dude_mk01__L001399,Cc1ccccc1NC(=O)Nc2ccc(cc2)[C@H]3C(=C(N(C(=S)N3)C)C)C(=O)OCC(C)C
dude_mk01__L001400,CC(C)C[C@H](C(=O)Nc1ccc2c(c1)[nH]c(=O)[nH]2)NC(=O)c3ccc(cc3Cl)Cl
dude_mk01__L001401,Cc1c2c(n[nH]1)C(=O)N[C@]3(N2)c4cc5c(cc4NC3=O)OCCCO5
dude_mk01__L001402,c1cc(ccc1/C=C/C(=O)NC(=S)Nc2ccc(cc2)C(=O)NC3CCCCC3)Cl
dude_mk01__L001403,Cc1ccc(cc1)OCCNC(=O)C2CC[NH+](CC2)Cc3nc(no3)c4ccc(cc4)C(C)(C)C
dude_mk01__L001404,C[C@H]1[C@@]([C@@]([C@@]([C@@H](O1)O)(C)O)(C)O)(C)O
dude_mk01__L001405,c1ccc2c(c1)CCC[C@H]2OC[C@@H](CSc3nc(c4ccsc4n3)N)O
dude_mk01__L001406,CCCN([C@@H](CC)c1nc2ccccc2c(=O)n1c3ccc(cc3)OCC)C(=O)Nc4cccc(c4)C#N
dude_mk01__L001407,Cc1cc(ccc1Br)n2c(nnn2)c3ccc(cc3F)N
dude_mk01__L001408,CC(C)(C)CC(C)(C)NC(=O)[C@H](c1c(cc(cc1O)O)O)N(Cc2ccco2)C(=O)C3CCCCC3
dude_mk01__L001409,c1ccc(cc1)NC(=O)CCSc2nc([nH]n2)N/N=C/c3c4ccccc4ccc3O
dude_mk01__L001410,c1ccc2c(c1)C(=O)N[C@@H](N2)c3ccc(c(c3)[N+](=O)[O-])Br
dude_mk01__L001411,CC(=O)c1ccc(cc1)N2C(=O)[C@H]3[C@@H]([NH2+][C@@]([C@@H]3C2=O)(Cc4ccc(cc4)O)C(=O)[O-])c5ccccc5OC
dude_mk01__L001412,CC(=O)N1[C@H](C/C(=C/2\C(=O)NC(=O)N(C2=O)Cc3ccccc3)/N1)c4ccc(cc4)O
dude_mk01__L001413,CCOc1ccccc1Nc2nnc(s2)SCC(=O)NC(=O)NC(C)C
dude_mk01__L001414,CC1=C([C@H](C2=C(N1)CC(CC2=O)(C)C)c3ccccc3O)C(=O)OC
dude_mk01__L001415,Cn1c2ccc(cc2n(c1=O)C)NC(=O)N[C@@H](c3ccc(cc3)OC)C4CC4
dude_mk01__L001416,Cc1nnc(s1)NS(=O)(=O)c2ccc(cc2)/N=N/c3c(nc(nc3O)SC)N
dude_mk01__L001417,C[C@@H](CCc1ccc(cc1)O)NC(=O)NNC(=O)Cc2cccc3c2cccc3
dude_mk01__L001418,CC[NH+](CC)c1ccc(cc1)[C@H]2[C@H]3CC=C[C@@H]3c4cc(cc(c4N2)O)[N+](=O)[O-]
dude_mk01__L001419,C1CCC2(CC1)[C@]3([C@@]2(C(=O)N=C3[O-])C(=O)N)C(=O)O
dude_mk01__L001420,c1cc(sc1S(=O)(=O)N2CCN(CC2)C(=O)CNC(=O)N)Cl
dude_mk01__L001421,CCCCC(=O)N(C)[C@@H](c1c(cc(cc1O)O)O)C(=O)NC(C)(C)CC(C)(C)C
dude_mk01__L001422,Cn1c(nnc1SCC(=O)Nc2c(cc(cc2Cl)Cl)Cl)N
dude_mk01__L001423,Cc1cc(c(c(c1)Cl)Nc2nnc(s2)S[C@@H](C(C)C)C(=O)NC(=O)N)C
dude_mk01__L001424,CC[C@H](c1nnnn1C(C)(C)CC)[NH+](CCc2cccc(c2)C)Cc3cc4cc(ccc4[nH]c3=O)OCC
dude_mk01__L001425,Cc1ccc(cc1)c2nc(on2)CCC(=O)N3CCC[C@@H]4[C@@H]3CC[C@@H](C4)C
dude_mk01__L001426,CC[C@H]1CCc2c(sc(c2C(=O)Nc3ccc(cc3OC)OC)N)C1
dude_mk01__L001427,Cc1cc(ccc1NC(=O)N[C@@H]2CCC[C@@H](C2)C(F)(F)F)OCC(=O)N
dude_mk01__L001428,c1c(cc(c(c1/C=N/Nc2c(c(ncn2)N)[N+](=O)[O-])O)Br)Br
dude_mk01__L001429,Cc1cccc(c1NS(=O)(=O)c2cccc(c2)C#N)N
dude_mk01__L001430,C[C@@H]1CCc2c(sc(c2C(=O)OC)NC(=S)NNC(=O)c3csc4c3cccc4)C1
dude_mk01__L001431,CC1CNC(=O)c2c1c3cc(ccc3[nH]2)C(=O)Nc4cccnc4
dude_mk01__L001432,COc1cccc(c1OC)[C@@H]2C3=C(CCCC3=O)Nc4ccccc4S2
dude_mk01__L001433,CC(C)[C@@H](C(=O)NNC(=O)c1cc(cn1C)Br)NC(=O)c2ccco2
dude_mk01__L001434,COc1ccccc1C2(CCCC2)CNC(=O)[C@@H](CCSC)NC(=O)N
dude_mk01__L001435,C[C@@H]1CCCC[C@@H]1N(C)S(=O)(=O)c2cc(cnc2NN)Br
dude_mk01__L001436,COc1ccccc1N2C(=O)C(=C3C[C@H](Sc4ccccc4N3)c5cccs5)C(=O)NC2=O
dude_mk01__L001437,CC(C)CNC(=O)CN(CCC1=CCCCC1)c2c(n(c(=O)[nH]c2=O)Cc3ccccc3)N
dude_mk01__L001438,c1ccc(cc1)C[C@@H](C(=O)N[C@@H]2CCCCNC2=O)NC(=O)NC34CC5CC(C3)CC(C5)C4
dude_mk01__L001439,C[C@@H](C(=O)Nc1ccc(cc1)S(=O)(=O)N)Nc2ccc(c(c2)F)Cl
dude_mk01__L001440,Cc1c2cc(ccc2nc(n1)N=C3NCN(CN3)C4CCCCCC4)OC
dude_mk01__L001441,Cc1ccc(cc1)n2c(=O)c(c([nH]2)C)[C@@H](c3ccccc3O)C4=C(NN([C@@H]4O)c5ccc(cc5)C)C
dude_mk01__L001442,CC[C@@H](c1ccc(cc1)Br)NC(=O)C[C@@H](c2cccs2)NC(=O)N
dude_mk01__L001443,C/C(=N\Nc1nnc(n1N)SCC(=O)Nc2nc3ccccc3s2)/c4ccccn4
dude_mk01__L001444,CC[C@@H](C)NS(=O)(=O)c1ccc2c(c1)[C@@H]3C=CC[C@@H]3[C@@H](N2)c4ccc(cc4)O
dude_mk01__L001445,COC(=O)COc1c(cc(cc1Cl)/C=N/NC(=O)Cc2csc(n2)N)Cl
dude_mk01__L001446,CC[C@H](/C(=N/O)/N)C(=O)N[C@@H]1CCCc2c1ccs2
dude_mk01__L001447,CCc1cccc(c1)NC(=O)CSc2nc3c(nn(c3c(=O)n2Cc4ccccc4OC)CC)C
dude_mk01__L001448,c1cc(c(cc1/C=C\C(=O)c2ccc(cc2O)O)O)O
dude_mk01__L001449,c1cc(cc(c1)NC(=O)NCC2(CCCC2)c3cccs3)c4ccc(=O)[nH]n4
dude_mk01__L001450,C[C@@H]1CCc2c(sc(c2C(=O)N)NC(=S)NC(=O)c3ccc(o3)c4ccc(cc4)Cl)C1
dude_mk01__L001451,CC[C@@H](C)[C@H](C(=O)N[C@@H](C)C(=O)[NH+]=c1ccc-2c(cc(oc2c1)O)C)NC(=O)CCC(=O)[O-]
dude_mk01__L001452,Cc1ccc(cc1)C23C[C@H]4C[C@@H](C2)CC(C4)(C3)C(=O)NNC(=O)NC5CC5
dude_mk01__L001453,C[C@]12C[C@@H]([C@H]3[C@H]([C@@H]1CC[C@@]2([C@H](CO)O)O)CCC4=CC(=O)C=C[C@]34C)O
dude_mk01__L001454,CC(C)(C)c1csc2n1c(c(n2)c3ccc4c(c3)oc(=O)[nH]4)N
dude_mk01__L001455,c1cc(ccc1CSc2cc(nc(n2)N)Cl)CSc3cc(nc(n3)N)Cl
dude_mk01__L001456,c1cc(c(c(c1C(=O)[O-])[N+](=O)[O-])O)N
dude_mk01__L001457,C1CCC(CC1)(C(=S)N)C(=O)NCC(=O)NC2CC2
dude_mk01__L001458,c1ccc(c(c1)CSc2nc(c3c(n2)OC(=C([C@H]3c4cccnc4)C#N)N)N)Cl
dude_mk01__L001459,c1ccc2cc(c(cc2c1)C(=O)NNC(=S)NC(=O)c3ccccc3Br)O
dude_mk01__L001460,c1ccc2c(c1)c(c(s2)C(=O)NC(=S)NNC(=O)c3ccc(cc3)O)Cl
dude_mk01__L001461,C[C@@H](c1ccc(cc1)S(=O)(=O)N)N[C@H](C)C(=O)Nc2ccc(cc2)C(C)C
dude_mk01__L001462,Cc1cc(cc(c1OCC(=O)Nc2ccc(cc2)S(=O)(=O)N)Cl)Cl
dude_mk01__L001463,Cc1cc(c2c(c1)c(cc(n2)S[C@@H](C)C(=O)Nc3c(c(c(s3)C)C)C(=O)N)C)C
dude_mk01__L001464,c1ccc(cc1)CCNS(=O)(=O)c2ccc3c(c2)[C@H]4C=CC[C@H]4[C@H](N3)c5ccc(cc5)O
dude_mk01__L001465,Cc1c(c2ccccc2[nH]1)C3=CCN(CC3)S(=O)(=O)c4ccccc4
dude_mk01__L001466,c1cc(ccc1[C@H](CNC(=O)NNc2ccc(cc2)F)N3CCOCC3)F
dude_mk01__L001467,c1ccc(cc1)C[NH+]2CCC[C@@H](C2)CNC(=O)CNC(=O)NCC3CCCC3
dude_mk01__L001468,CCCn1c(cc(c1C)/C=C(\C#N)/C(=O)OCC(=O)N2[C@@H](CC(=N2)c3ccc(cc3)Cl)c4ccco4)C
dude_mk01__L001469,CCOC(=O)c1c(c(c(s1)N)C#N)CSc2nc(c3c4c(sc3n2)CCCC4)N
dude_mk01__L001470,CC(C)Oc1ccc(cc1)[C@@H]2CC3=C([C@@H](Nc4ccccc4N3)c5ccc(c(c5)OC)O)C(=O)C2
dude_mk01__L001471,c1cc(c(cc1C(=O)NCC(=O)NNC(=S)NC2CCCC2)Cl)Cl
dude_mk01__L001472,C[C@@]1(C(=O)N(C(=O)N1)Cc2ccc(cc2Cl)F)c3ccc(s3)Cl
dude_mk01__L001473,Cc1ccccc1N2C(=O)/C(=C/Nc3ccc(cc3)c4ccc(cc4)N)/C(=N2)C
dude_mk01__L001474,COC(=O)Nc1ccc(cc1)NC(=O)N(Cc2ccccc2O)Cc3ccco3
dude_mk01__L001475,CC(C)(C)c1ccc(cc1)OCC(=O)NC(=S)NNC(=O)c2ccc(cc2)O
dude_mk01__L001476,c1ccc(cc1)[C@H]2CCCN(CC2)c3ccc4nnc(n4n3)C(F)(F)F
dude_mk01__L001477,Cc1nc2ccc(cc2o1)NC(=O)N[C@H](C)c3ccc(cc3)NC(=O)NC4CC4
dude_mk01__L001478,Cc1cc(on1)CNc2cc3c(cc2N)CC(=O)N3
dude_mk01__L001479,CC(C)(C)N1C(=O)[C@H]2[C@H]([NH2+][C@@]([C@@H]2C1=O)(CO)C(=O)[O-])c3cc(ccc3O)Br
dude_mk01__L001480,Cc1c(c(sc1C(=O)N/N=C/c2cc(c(c(c2)Br)O)OC)N)C#N
dude_mk01__L001481,CCN(CC)C(=O)C[NH+]1CCN(CC1)c2c3c4c(sc3nc(n2)SCC(=O)N(CC)CC)CCC4
dude_mk01__L001482,Cc1ccccc1C(=O)NCCC(=O)NNC(=S)N[C@@H]2CCC[C@H]([C@H]2C)C
dude_mk01__L001483,C[C@@H](C(=O)N1[C@H](CC(=N1)c2ccc(cc2)Cl)c3ccco3)Sc4nc(cc(n4)N)N
dude_mk01__L001484,Cc1ccc(c(c1)N)S(=O)(=O)N2CCC[C@@H]2c3ccc[nH]3
dude_mk01__L001485,C[C@]12CCC(=O)C=C1CC[C@H]3[C@@H]2[C@@H](C[C@@]4([C@@H]3CC[C@@]4([C@@H](CO)O)O)C)O
dude_mk01__L001486,CC1=C([C@H](NC(=O)N1)c2ccc(cc2)Br)C(=O)N/N=C/c3ccccc3O
dude_mk01__L001487,Cc1c2cc(c(cc2oc(=O)c1Cc3ccccc3)OC(=O)N(C)C)Cl
dude_mk01__L001488,Cc1cnc(nc1c2cc([nH]c2)C(=O)N[C@H](CO)c3cccc(c3)Cl)Nc4cccc5c4OCCO5
dude_mk01__L001489,c1ccc(cc1)Cn2c(c(c(=O)[nH]c2=O)N(CCC3=CCCCC3)CC(=O)Nc4ccccc4)N
dude_mk01__L001490,Cc1ccc(cc1I)C(=O)NC(=S)NNC(=O)c2ccc(cc2)O
dude_mk01__L001491,CCOC(=O)C1=C(NC(=S)N[C@H]1c2cc(c(c(c2)Br)O)Cl)C
dude_mk01__L001492,c1cc(c(cc1O)O)/C=N/N2[C@@H](NN=C2[S-])[C@@H]3C4=C(CCC4)N=N3
dude_mk01__L001493,c1(c(c(c(c(c1F)F)F)/C(=N/O)/N)F)/C(=N\O)/N
dude_mk01__L001494,CCc1ccc(cc1)NC(=O)/C(=C/c2cn(c3c2cccc3)CC(=O)N)/C#N
dude_mk01__L001495,Cc1ccc(cc1C(=O)Nc2ccc(cc2)NC3CCCCC3)S(=O)(=O)N
dude_mk01__L001496,c1ccc(c(c1)OCc2nnc(n2N)SCc3nc(c4c5c(sc4n3)CCCCC5)N)F
dude_mk01__L001497,c1cc2c(ccc(c2nc1)OCc3ccc(cc3)C(=O)N[C@@H](Cc4ccc(cc4)O)C(=O)N)Cl
dude_mk01__L001498,C[C@H]1CCC[C@H](C1)NC(=O)NC(=O)/C=C/C(=O)[O-]
dude_mk01__L001499,C[NH+](C)CCCN1c2ccccc2CCc3c1ccc(c3)O[C@@H]4[C@@H]([C@@H]([C@H]([C@H](O4)C(=O)[O-])O)O)O
dude_mk01__L001500,c1cc(oc1)C(=O)NC(=S)NC2CCC(CC2)CC3CCC(CC3)NC(=S)NC(=O)c4ccco4
dude_mk01__L001501,CCOC(=O)c1cc2c(nc3ccccn3c2=O)n(c1=NC(=O)c4ccc(cc4)C(C)(C)C)CCCOC
dude_mk01__L001502,C[C@@H](Cc1ccsc1)NC(=O)NNC(=O)Nc2ccc(cc2)Br
dude_mk01__L001503,C=CCc1cccc(c1O)/C=N/Nc2nnc(n2N)SCC(=O)c3ccc(cc3)Br
dude_mk01__L001504,CC1=C[C@@H](N=N1)[C@H]2NN[C@@H]3N2N=C(S3)c4cccc(c4)Br
dude_mk01__L001505,c1ccc(cc1)NC[C@@H]2[C@@H](N=NN2c3c(non3)N)C(=O)N/N=C/C4=c5ccccc5=[NH+]C4
dude_mk01__L001506,Cc1cccc(c1NS(=O)(=O)c2ccc3c(c2)[C@H]4C=CC[C@@H]4[C@@H](N3)c5ccc(c(c5)O)OC)C
dude_mk01__L001507,CC(C)CNC(=O)NNC(=O)C1(CCOCC1)c2ccc(cc2Cl)Cl
dude_mk01__L001508,CCOC(=O)CNc1c([nH+]c2n1c(ccc2)C)c3cccc(c3)OS(=O)(=O)c4c(cc(cc4C)C)C
dude_mk01__L001509,C1CCc2c(sc3c2c(nc(n3)CSc4nnc(n4N)C5CCCCC5)N)CC1
dude_mk01__L001510,C[C@@H](C(=O)NC(=O)N)Sc1nc2c(c3c(s2)CCCC3)c(=O)n1C4CCCC4
dude_mk01__L001511,CCc1c(sc(c1C(=O)N)NC(=S)NC(=O)c2ccccc2I)C
dude_mk01__L001512,c1ccc(cc1)C(c2ccccc2)N3CCN(CC3)c4cc(c5cc(ccc5[nH+]4)N)C(=O)[O-]
dude_mk01__L001513,COc1ccc(cc1N2C(=O)c3ccc(cc3C2=O)Br)N
dude_mk01__L001514,c1ccc(c(c1)N)NC(=O)[C@H]2CC=CC[C@@H]2C(=O)[O-]
dude_mk01__L001515,CC1(CCC[C@]2([C@H]1[C@H](C=C([C@]2(C(=O)[O-])O)CO)O)C)C
dude_mk01__L001516,c1cc(ccc1/C(=N\O)/N)Oc2c(cncc2Cl)Cl
dude_mk01__L001517,C[C@@]12CC[C@H](C[C@@H]1CC[C@H]3[C@H]2[C@H](C[C@@]4([C@@H]3CC[C@]4([C@@H](CO)O)O)C)O)O
dude_mk01__L001518,Cc1ccc(c(c1)F)NC(=O)[C@H]2CC(=O)Nc3c2c(=O)[nH]c(n3)N4CCOCC4
dude_mk01__L001519,[C@@H]12[C@@H](N[C@@H]3[C@@H](N1)NC(=O)N3)NC(=O)N2
dude_mk01__L001520,CCCCn1c(c(c(=O)[nH]c1=O)N(C)C(=O)/C=C/c2ccccc2Br)N
dude_mk01__L001521,c1cc(c(cc1F)C(=O)Nc2ccc(cc2[N+](=O)[O-])Br)N
dude_mk01__L001522,c1cc(cc(c1)Cl)c2cn[nH]c2c3cc([nH]c3)C(=O)NCC4CCCO4
dude_mk01__L001523,c1cc(cc(c(=O)c1)[O-])C(=O)NNC(=O)N
dude_mk01__L001524,CCN(CCC#N)c1ccc(c(c1)C)[C@H]2NC(=[NH+]c3n2c4cc5c(cc4n3)OCCCO5)N
dude_mk01__L001525,Cc1c(sc2c1c(nc(n2)[C@H](C)Sc3nnc(n3N)COc4ccc(cc4)C(C)(C)C)N)C
dude_mk01__L001526,Cc1ccc(c(c1)C)C(=O)NNC(=O)c2ccc(cc2)S(=O)(=O)N[C@@H]3CCS(=O)(=O)C3
dude_mk01__L001527,c1ccc(cc1)[C@H](c2ccc3cccnc3c2O)Nc4ccc(cc4)S(=O)(=O)N
dude_mk01__L001528,CC1=C2[C@@H](C(C=C2[C@@](C(=O)C13CC3)(C)O)(C)C)O
dude_mk01__L001529,CNC(=O)c1ccc(cc1)CNC(=O)NC[C@@H]2CCC[NH+]2CC3CCCCC3
dude_mk01__L001530,c1cc(c(cc1C(=O)c2ccc(cc2O)O)O)O
dude_mk01__L001531,C=CCn1c(=O)c2c(csc2nc1SCC(=O)Nc3c(c4c(s3)CCC4)C(=O)N)c5ccccc5
dude_mk01__L001532,CC(C)N1CC=C2[C@@H](C1)[C@@H](C(C(=C2C#N)N)(C#N)C#N)c3ccc(cc3)OC
dude_mk01__L001533,CCc1cccc2c1NC(=O)[C@]23[C@@H]4[C@H]([C@@H]5[NH+]3CCC5)C(=O)N(C4=O)c6cccc7c6cccc7
dude_mk01__L001534,CC(C)CCSc1[nH]c(=O)c2c(n1)NC3=C([C@@H]2c4ccc(c(c4)O)OC)C(=O)CC(C3)(C)C
dude_mk01__L001535,Cc1ccc2c(c1)nc(o2)c3cc(ccc3O)NC(=S)NC(=O)c4cccs4
dude_mk01__L001536,c1ccc(c(c1)C#CC[NH3+])NC(=O)c2cc([nH]c(=O)c2)[O-]
dude_mk01__L001537,c1ccc(c(c1)c2nc(cs2)C(=O)NNC(=S)NC3CCCCC3)Cl
dude_mk01__L001538,C[C@@H](CC(=O)NNC(=S)Nc1ccccc1C(C)C)NC(=O)C2CCCC2
dude_mk01__L001539,C[C@H](c1ccccc1)NC(=O)c2cc(c[nH]2)c3c(cn[nH]3)c4cccc(c4)Cl
dude_mk01__L001540,CC(C)(C)NC(=O)CSc1c(c(c(c(n1)N)C#N)c2cccs2)C#N
dude_mk01__L001541,c1ccc(c(c1)CC(=O)NNC(=O)NC[C@H]2CCN(C2)c3ccc(cc3)F)F
dude_mk01__L001542,CC1=C([C@H](NC(=S)N1)c2ccc(c(c2)OC)O)C(=O)N/N=C/c3cccc(c3)Br
dude_mk01__L001543,CCOC(=O)C1=C(NC(=O)N[C@H]1c2ccc(cc2)Cl)CSc3nc(c4ccsc4n3)N
dude_mk01__L001544,CC1=NC2=C([C@@H](C1C(=O)OC3CCCC3)c4ccc(c(c4OC)OC)OC)C(=O)C[C@@H](C2)c5cccs5
dude_mk01__L001545,Cc1cc(ccc1Br)N[C@@H](C)c2ccc(cc2O)O
dude_mk01__L001546,CC1=C([C@H](NC(=S)N1)c2ccc(c(c2)OC)O)C(=O)Nc3ccc(cc3)OC
dude_mk01__L001547,CC1=C([C@@H](NC(=S)N1)c2ccc(cc2)Cl)C(=O)Nc3ccc(cc3)OC(F)(F)F
dude_mk01__L001548,c1ccc2c(c1)nc(s2)Nc3c(c(ncn3)Nc4cccc5c4nccc5)N
dude_mk01__L001549,CCOc1ccc(cc1C(=O)NC(=S)NNC(=O)c2ccc(cc2)NC(=O)C(C)C)Br
dude_mk01__L001550,C[C@@H](C(=O)N1C[C@]2(C[C@@H]1CC(C2)(C)C)C)NC(=O)Nc3cccc(c3)Br
dude_mk01__L001551,c1cc(ccc1[C@H](O)S(=O)(=O)[O-])N
dude_mk01__L001552,c1cc(c(cc1N2CC[C@H](C2)CNC(=O)NNC(=O)CC3CCCCC3)F)F
dude_mk01__L001553,c1ccc2c(c1)cccc2NC(=O)CNC(=O)NNC(=O)CC3CCCCC3
dude_mk01__L001554,c1ccc(cc1)c2c3ccccc3[nH]c(=O)c2Sc4[nH]ncn4
dude_mk01__L001555,CC(C)NC(=O)c1ccc(cc1)NC(=O)CNc2ccc(c(c2)C(=O)NC3CCCCC3)Cl
dude_mk01__L001556,CC1=C2[C@@H](C3=C(CC(CC3=O)(C)C)[NH+]=C2N(N1)C(C)(C)C)c4c(nc5n4ccs5)Cl
dude_mk01__L001557,c1ccc(c(c1)C(=O)N[C@]2(c3c(=O)[nH]c(=S)n(c3NC2=O)c4ccccc4F)C(F)(F)F)F
dude_mk01__L001558,Cc1cc(c(cc1Br)C)SCC(=O)NNC(=S)Nc2ccc(cc2)C(=O)C
dude_mk01__L001559,CN(Cc1ccccc1)c2c(c(ncn2)Nc3ccc(cn3)Br)N
dude_mk01__L001560,c1cc(c(cc1NC(=O)c2cc3c(s2)CCC3)[N+](=O)[O-])N
dude_mk01__L001561,C[C@H]1CCN([C@@H](C1)C)c2cc(cc(c2)S(=O)(=O)N)N
dude_mk01__L001562,CCCCOc1ccc(cc1OCC)[C@H]2c3c(=O)c4cc(ccc4oc3C(=O)N2c5nc(c(s5)C)C)F
dude_mk01__L001563,CC[C@@H](C/C(=N/O)/N)NS(=O)(=O)c1cc(ccc1Br)Br
dude_mk01__L001564,c1ccc2c(c1)[C@H]3C=CC[C@H]3[C@@H](N2)c4ccc(cc4)C(=O)N/N=C/c5ccc(cc5)O
dude_mk01__L001565,C[C@@H](CC(=O)Nc1ccccc1SCC(=O)N)NC(=O)C2CCCCC2
dude_mk01__L001566,CC1=C(S[C@@H]([C@H]1C(=O)N)NC(=O)c2ccccc2Oc3ccccc3)C
dude_mk01__L001567,CN(c1cccc(c1)C#N)C(=O)c2cc(cnc2NN)Br
dude_mk01__L001568,Cc1ccc(c(c1)C(C)(C)C)OCC(=O)Nc2c(c3c(s2)CCCC3)C(=O)N
dude_mk01__L001569,CC(C)(C)c1ccc(cc1)[C@H]2[C@H]([C@](NC(=O)N2)(C(F)(F)F)O)C(=O)c3cccs3
dude_mk01__L001570,CCCSc1ccccc1NC(=O)CSc2nnc(n2N)N/N=C/c3ccc(cc3)C
dude_mk01__L001571,c1c[nH+]c(cc1S(=O)(=O)[N-]c2cc(cc(c2F)F)F)N
dude_mk01__L001572,CCO[C@H]1[C@@H]([C@H]([C@H]([C@H](O1)C(=O)[O-])O)O)O
dude_mk01__L001573,C[C@H]1C[C@]2(CC(C1)(C)C)C(=O)N(C(=O)N2)CC(=O)O[C@@H](C)C(=O)NC(=O)NC(C)C
dude_mk01__L001574,Cn1cc(c2c1cccc2)C(=O)NNC(=O)NC3(CCC3)c4ccccc4
dude_mk01__L001575,CN(CCOc1cccc(c1)Br)c2ccc(cc2)C(=[NH2+])N
dude_mk01__L001576,CC[NH+](CC)c1ccc(cc1)NC(=O)CSc2nc([nH]n2)N/N=C(/C)\c3ccccc3
dude_mk01__L001577,c1cc(sc1S(=O)(=O)/N=C(/c2cc(cc(c2)Br)F)\[O-])Cl
dude_mk01__L001578,COc1ccc(cc1)[C@H]2Cc3c(cc(c(=O)[nH]3)C(=O)Nc4ccc(cc4)S(=O)(=O)N)C(=O)C2
dude_mk01__L001579,CC1([C@@H](N(C(=S)S1)N)N(C(=O)NC)O)C
dude_mk01__L001580,CCOc1cc(ccc1O)/C=N/Nc2nnc(n2N)SCc3ccc(c(c3)Cl)Cl
dude_mk01__L001581,COc1ccc(cc1O)[C@@H]2CC(=Nc3c2snc3c4ccc(cc4)Cl)O
dude_mk01__L001582,CCOc1ccc(cc1S(=O)(=O)/N=c/2\[nH]cc(s2)C)N
dude_mk01__L001583,CCOC(=O)c1ccc2c(c1)s/c(=N/C(=O)Cc3ccc(cc3)S(=O)(=O)C(C)C)/n2CCSC
dude_mk01__L001584,CC(C)(C)C(=O)N/C(=C/c1c(cccc1Cl)Cl)/C(=O)Nc2ccc(cc2)S(=O)(=O)N
dude_mk01__L001585,Cc1ccc(cc1)[C@@H](CNC(=O)C(=O)NNC(=O)c2ccco2)S(=O)(=O)c3cccs3
dude_mk01__L001586,CC1=C([C@@H](NC(=S)N1)c2ccc(c(c2)OC)O)C(=O)N/N=C/c3ccccc3
dude_mk01__L001587,Cc1ccc(c(c1)C)OC[C@@H](CNc2c(c3c(s2)C[C@H](CC3)C)C(=O)N[C@@H]4CCS(=O)(=O)C4)O
dude_mk01__L001588,Cn1c(c(c(=O)[nH]c1=O)N2CCC[C@H](C2)CO)N
dude_mk01__L001589,C[C@H]1CCC[C@H]([C@@H]1C)NC(=S)NNC(=O)/C=C/c2ccc(cc2)NC(=O)C
dude_mk01__L001590,c1cc(oc1)C(=O)Nc2ccc(s2)C(=O)Nc3cc(c(c(c3)Cl)N)Cl
dude_mk01__L001591,COc1ccc2c(c1)[nH]c(n2)Sc3ccc(cc3N)Br
dude_mk01__L001592,c1cc(ccc1C[C@@H](C(=O)/[NH+]=c\2/ccc-3c(cc(oc3c2)O)C(F)(F)F)NC(=O)CCCC(=O)[O-])O
dude_mk01__L001593,C[C@H]1CC[C@H](CN1C(=O)c2cc(cn2C(C)C)N)C(=O)N
dude_mk01__L001594,Cc1ccc(cc1C)c2c3c(n[nH]2)OC(=C([C@@H]3c4ccoc4)C#N)N
dude_mk01__L001595,Cc1ccc(cc1)c2nc([nH]n2)SCC(=O)Nc3c(c4c(s3)C[C@H](CC4)C)C(=O)N
dude_mk01__L001596,Cc1cc(cc(c1C)S(=O)(=O)NC)C(=O)Nc2cc(c(c(c2)Cl)N)Cl
dude_mk01__L001597,CCCCN1C(=O)C(=C([NH2+]C1=O)[O-])C2=C[C@H](Sc3ccccc3N2)c4ccc(cc4)O
dude_mk01__L001598,c1cc(ccc1[C@H](C2CCN(CC2)c3c(cc(cn3)C#N)Cl)O)Cl
dude_mk01__L001599,Cc1c(c(sc1C(=O)N/N=C\c2cc(c(c(c2)Br)O)OC)N)C#N
dude_mk01__L001600,C[C@@H]1C[C@H](C[NH+](C1)C(C)(C)CNC(=O)c2ccc3c(c2)nc(=S)[nH]c3[O-])C
dude_mk01__L001601,C[C@H](C(=O)NNC(=O)c1ccccc1)Sc2nnc(n2N)c3ccc(cc3)C(C)(C)C
dude_mk01__L001602,Cc1cc(c(cc1COc2ccc(cc2)Br)/C=N/NC(=O)N)C
dude_mk01__L001603,CC1=C2C(=N[C@@H]1C(=O)Nc3cc(ccc3O)C(C)(C)C)CCCC2=O
dude_mk01__L001604,CC[C@@H](C)c1ccc(cc1)[C@H](C(C)C)NC(=O)C2CCC3(CC2)C(=O)NC(=O)N3
dude_mk01__L001605,Cc1c2c(on1)NC3=C([C@@H]2c4ccc(cc4)NC(=O)C)C(=O)C[C@@H](C3)c5ccc(cc5)O
dude_mk01__L001606,C1Cc2c(sc(c2C(=O)N)NC(=O)COc3c(c(c(c(c3Cl)Cl)Cl)Cl)Cl)C1
dude_mk01__L001607,c1cc2cccnc2c(c1)Sc3c(c(ncn3)NCCC4=CCCCC4)N
dude_mk01__L001608,C=CCOC(=O)[C@@H]1[C@H]([C@H]([C@@H]([C@H](O1)OC(=O)Cc2ccccc2Nc3c(cccc3Cl)Cl)O)O)O
dude_mk01__L001609,C[C@@H]1CCCC[C@@H]1NC(=O)NC(=O)CSc2nnc(n2N)c3ccc(cc3)OC(F)F
dude_mk01__L001610,Cc1cc(cc(c1OCC(=O)Nc2c(cc3c(c2C)sc(n3)NN)C)Cl)Cl
dude_mk01__L001611,CCC[C@@H](C(=O)N1CCc2c(ccs2)C1)NC(=O)NCc3ccccc3O
dude_mk01__L001612,c1c2c(cc(c1N)N3CCCC[C@H]3CO)NC(=O)CC2
dude_mk01__L001613,Cc1c(c(n[nH]1)C)Sc2ccccc2NC(=O)c3cc(c(=O)[nH]c3)Cl
dude_mk01__L001614,CCCCC(=O)N(Cc1ccco1)[C@@H](c2c(cc(cc2O)O)O)C(=O)NC(C)(C)C
dude_mk01__L001615,CSNC[C@@H](c1ccc(cc1)c2ccccc2)N3CC[NH2+][C@@H](C3)O
dude_mk01__L001616,C[C@]1(C(=O)N(C(=O)N1)CC(=O)N2CCN(CC2)S(=O)(=O)c3ccc4c(c3)CCC4)c5ccco5
dude_mk01__L001617,CCOC(=O)c1c2c(sc1NC(=S)NNC(=O)C(c3ccccc3)(c4ccccc4)O)CCCC2
dude_mk01__L001618,c1ccc2c(c1)CCC23CCN(CC3)C(=O)[C@@H](CC4CCCCC4)N5C(=O)[C@H](NC5=O)CCCC[NH3+]
dude_mk01__L001619,c1cc(ccc1NC(=S)Nc2c(cn(n2)Cc3ccc(cc3Cl)Cl)Cl)S(=O)(=O)N
dude_mk01__L001620,Cc1ccc(cc1)[C@H]2C[C@@H](N=C3N2N=C(N3)N)c4cccc(c4)OC
dude_mk01__L001621,COc1c(c(c(c(c1F)F)C(=O)NC(=S)NC2=CC(=O)/C(=C/3\Nc4ccccc4O3)/C=C2)F)F
dude_mk01__L001622,COc1ccc(cc1)N2C(=O)/C(=C/Nc3cccc(c3)N)/C(=O)NC2=S
dude_mk01__L001623,C[C@H](C(=O)NC(=O)N)OC(=O)c1c2ccccc2nc\3c1CC/C3=C\c4ccc(cc4)O
dude_mk01__L001624,CC1=C([C@H](NC(=S)N1)c2ccc(cc2)N(C)C)C(=O)N/N=C/c3ccccc3O
dude_mk01__L001625,CC[C@H](C)NC(=O)c1ccc(cc1)NCC(=O)Nc2ccc(cc2)C(=O)NC(C)(C)C
dude_mk01__L001626,CCOc1cc(ccc1OCc2ccccc2)[C@@H]3C(=C(NC(=S)N3)c4ccccc4)C(=O)N
dude_mk01__L001627,Cc1ccc(cc1[N-]S(=O)(=O)c2ccc(s2)Br)C#N
dude_mk01__L001628,CS(=O)(=O)NCCNc1cc(cc(c1)F)N
dude_mk01__L001629,COc1ccc(cc1)NC(=O)Nc2ccc(cc2)SC3=C(C(=O)c4ccccc4C3=O)N
dude_mk01__L001630,C[C@@H]1CCc2c(sc(c2C(=O)N)NC(=S)NC(=O)c3cc(ccc3OC)Br)C1
dude_mk01__L001631,c1cc2c(cc1Nc3c(c(ncn3)NC45CC6CC(C4)CC(C6)C5)N)OCCO2
dude_mk01__L001632,C[C@@H](c1ccc(cc1)S(=O)(=O)N)Nc2ccc(cc2Cl)I
dude_mk01__L001633,CCOC(=O)C1=C(Oc2c(c(n[nH]2)C)[C@@H]1c3cccc(c3Cl)Cl)N
dude_mk01__L001634,c1cc(sc1)/C=C/C(=O)NC(=S)NNC(=O)c2ccc(cc2)NC(=O)C3CCCCC3
dude_mk01__L001635,CCOc1ccc(cc1)NS(=O)(=O)c2ccc3c(c2)[C@H]4C=CC[C@@H]4[C@H](N3)c5ccc(cc5O)O
dude_mk01__L001636,c1cc(c(cc1NC(=O)CCNc2ccc(cc2[N+](=O)[O-])S(=O)(=O)N)Cl)Cl
dude_mk01__L001637,COc1cc2c(cc1O)NC(=O)C[C@H]2[C@@H]3C=NN=C3C4CCCCC4
dude_mk01__L001638,Cc1ccc(c(c1)C)NC(=O)Nc2ccc(cc2)NC(=O)N3CCC[C@H](C3)C(=O)NC4CC4
dude_mk01__L001639,C[C@@H]1CCC[C@@H]([C@@H]1C)NC(=O)NC(=O)/C=C/C(=O)[O-]
dude_mk01__L001640,c1ccc(c(c1)c2cccc3c2O[C@H](C3)CNC(=O)CNC(=O)N)C(F)(F)F
dude_mk01__L001641,Cc1ccc2c(c1)c(c[nH]2)CCN3C[C@@H](CC3=O)C(=O)N[C@@H]4NN[C@@H](S4)C(C)(C)C
dude_mk01__L001642,Cc1cc(c2c(c1)cc(c(=O)[nH]2)C[NH+](CCc3ccc(c(c3)OC)OC)Cc4nnnn4C5CCCCC5)C
dude_mk01__L001643,Cc1ccccc1CN([C@@H]([C@H]2CCC=CC2)C(=O)Nc3ccc(cc3)OC)C(=O)Cn4c5ccccc5nn4
dude_mk01__L001644,CC(C)(C)NS(=O)(=O)c1ccc2c(c1)[C@H]3C=CC[C@H]3[C@H](N2)c4ccc(cc4O)O
dude_mk01__L001645,C1C[C@@]([C@@H]2[C@H]1[C@@H]2C(=O)[O-])(C(=O)[O-])[NH3+]
dude_mk01__L001646,Cc1ccc(o1)CN([C@H](c2ccccc2O)C(=O)NC3CCCCC3)C(=O)c4c(cccc4O)O
dude_mk01__L001647,Cc1cc(ccc1NC(=O)N[C@H](C)c2ccc(cc2)S(=O)(=O)N)OC(C)C
dude_mk01__L001648,Cc1ccc(c(c1)C)NC(=O)c2c3ccccn3c(c2N)C(=O)c4cccc(c4)OC
dude_mk01__L001649,c1cc(ccc1NC(=O)N2C[C@@H](C[C@@H]2C(=O)[O-])O)I
dude_mk01__L001650,CC1CCC(CC1)CNc2cc3c(cc2N)OCC(=O)N3
dude_mk01__L001651,COc1ccc(cc1OCc2cccc(c2)Br)/C=N/NC(=O)c3cc(ccc3O)O
dude_mk01__L001652,Cc1c([nH]c(c1C#N)NC(=O)CSc2[nH]c(c(n2)C)Cc3ccc(cc3)O)CCSC
dude_mk01__L001653,c1ccc2c(c1)cccc2/C=N/Nc3nnc(n3N)SCC(=O)NCc4ccccc4Cl
dude_mk01__L001654,Cc1cccc(c1)NC(=S)N/N=C/2\CC3(CCCCC3)Oc4c2cc(cc4)O
dude_mk01__L001655,c1cc(ccc1C(=O)[C@H]2[C@@H]([C@]([C@@H]3N2c4ccc(cc4C=C3)F)(C#N)C(=O)N)c5ccncc5)Cl
dude_mk01__L001656,Cc1cccc(c1)N2CC[NH+](CC2)Cc3cc(=O)[nH]c(n3)N4CCN(CC4)C(=O)C[C@H](C)CC(C)(C)C
dude_mk01__L001657,c1cnc(nc1)N2CCC[C@H](C2)C(=O)N(C3CCCC3)C4CCCC4
dude_mk01__L001658,C[C@@H]1CC[C@@](C[C@@H]1C)(C(=O)NC(=O)N)C(=O)[O-]
dude_mk01__L001659,CCCN([C@@H](c1ccccc1O)C(=O)NC2CCCCC2)C(=O)c3c(cccc3O)O
dude_mk01__L001660,c1ccc(c(c1)/C=N/Nc2[nH]nc(n2)SCC(=O)Nc3ccc(cc3)Cl)O
dude_mk01__L001661,C[C@@H]1[C@H](CC[C@]2([C@H]1[C@H]([C@@H](CC2)[C@H](C)C(=O)NC(C)(C)C)O)C)NC(=O)c3ccc(cc3)C#N
dude_mk01__L001662,C[C@@H](C(=O)Nc1cc(c(c(c1)Cl)N)Cl)Sc2ccc(cc2)NC(=O)C
dude_mk01__L001663,CC(C)(C)[C@@H]1CCc2c(sc(c2C(=O)N)NC(=S)NC(=O)c3ccc(cc3OC)OC)C1
dude_mk01__L001664,c1cc(ccc1N2C(=O)[C@@H]3[C@@H]4CCC[NH+]4[C@@]5([C@@H]3C2=O)c6cc(ccc6NC5=O)Cl)Cl
dude_mk01__L001665,Cc1c(c(sc1C(=O)OC)NC(=O)c2cccc3c2cccc3)C(=O)N
dude_mk01__L001666,c1cc(oc1)[C@H]2NN[C@H]([NH+]2C3CCCCC3)SCc4[nH]c(=O)c5ccc(cc5n4)C(=O)[O-]
dude_mk01__L001667,Cc1c(sc(n1)Nc2c(c(ncn2)Oc3ccc(cc3)Br)N)C
dude_mk01__L001668,CCOC(=O)NNC(=O)c1cc2c(s1)-c3ccccc3CC2
dude_mk01__L001669,CC1CCN(CC1)C(=O)C[C@@H]2c3c(sc(n3)NC(=O)C(C)(C)C)C[C@H]4[C@@]2(CC[C@H]([C@@]4(C)CO)O)C
dude_mk01__L001670,CC(=O)Nc1ccc(cc1)C(=O)N/N=C/c2ccccc2Cl
dude_mk01__L001671,Cc1ccc(c(c1)NC(=O)NCCNC(=O)c2ccc(cc2)NC(=O)C3CCCC3)OC
dude_mk01__L001672,C[C@H](CC(=O)NNC(=S)Nc1cccc(c1)C#C)NC(=O)C2CCCCC2
dude_mk01__L001673,CCc1nc2c3ccccc3oc2c(n1)N4CCN(CC4)c5ccccc5F
dude_mk01__L001674,C[C@@H](C(=O)Nc1ccc(cc1)Cl)Sc2nnc(n2N)c3cccs3
dude_mk01__L001675,Cc1ccc(cc1)NC(=O)CSC2=NN[C@@H](N2c3ccc(cc3)Cl)Cc4cc(=O)[nH]c(=O)[nH]4
dude_mk01__L001676,C[C@H]1CCc2c(sc(c2C(=O)N)NC(=O)[C@@H](CCSC)NC(=O)c3ccc(cc3Cl)Cl)C1
dude_mk01__L001677,CCCC1=[NH+][C@@H](C(=[NH2+])N1C2CC2)c3ccccc3Br
dude_mk01__L001678,Cc1ccc(cc1)[C@]2(C(=O)N(C(=O)N2)CC(=O)NNC(=O)c3cc(oc3C)C)C
dude_mk01__L001679,c1cc(ccc1/C=N/Nc2nnc(n2N)SCC(=O)Nc3ccc(c(c3)C(F)(F)F)Cl)Cl
dude_mk01__L001680,c1csc(c1N)C(=O)Nc2cc(c(cc2Cl)Cl)Cl
dude_mk01__L001681,c1cc(cc(c1)NC(=O)c2ccco2)NC(=O)/C=C/c3ccc4c(c3)OCO4
dude_mk01__L001682,C[C@@H]([C@@H]1C[C@@H]([C@@]2(N1)c3cccc(c3NC2=O)Cl)C(=O)Nc4ccc(cc4)OC)O
dude_mk01__L001683,c1cc(oc1)CNC(=S)NNC(=O)c2cc3n(n2)[C@H](C[C@H](N3)c4ccc(cc4)Cl)C(F)(F)F
dude_mk01__L001684,CC(C)(C)c1ccc(cc1)OCC(=O)NC(=S)NNC(=O)c2ccc(cc2)NC(=O)C3CC3
dude_mk01__L001685,CNC(=S)N/N=C\1/c2cc(cc(c2N=C1O)Br)F
dude_mk01__L001686,CC(C)c1ccc(cc1)NC(=S)NNC(=O)/C(=C/c2ccccc2)/NC(=O)C
dude_mk01__L001687,CC(C)(C)c1ccc(cc1)OCC(=O)NC(=S)Nc2c(c3c(s2)CCC3)C(=O)N
dude_mk01__L001688,c1ccc(cc1)Oc2cccc(c2)[C@@H]3[C@H]([C@@](NC(=S)N3)(C(F)(F)F)O)C(=O)c4cccs4
dude_mk01__L001689,CNC(=O)CNC(=O)N1C[C@H](C[C@@H]1C(=O)[O-])O
dude_mk01__L001690,CC(C)(C)c1ccc(cc1)c2nnc(n2c3ccccc3Cl)SCc4nc(nc(n4)N)N
dude_mk01__L001691,c1cc(cc(c1)NS(=O)(=O)N)NCc2cc(ccc2F)Br
dude_mk01__L001692,C[C@H](C(=O)NC)NC(=O)N1C[C@H](C[C@@H]1C(=O)[O-])O
dude_mk01__L001693,CCN1C(=C([C@@H](NC1=O)c2cccc(c2Cl)Cl)C(=O)OCC)CN3CCC(CC3)C(=O)OCC
dude_mk01__L001694,c1cc(c(cc1N)C(=O)[O-])O[C@@H]2CCS(=O)(=O)C2
dude_mk01__L001695,CC(=O)[C@]1(CC[C@H]2[C@@]1(CC[C@@H]3[C@@H]2CC=C4[C@@]3(CC[C@@H](C4)O)C)C)OC(=O)C
dude_mk01__L001696,C/C/1=C\[C@@H]([C@@H](C/C=C(/[C@@H](CC1)O)\C)C(C)C)O[C@@H]2[C@@H]([C@@H]([C@@H]([C@@H](O2)COC(=O)C)O)O)O
dude_mk01__L001697,c1cc(c(cc1)O)/C=N/NC(=O)C2CCC(CC2)C(=O)N/N=C/c3c(cccc3)O
dude_mk01__L001698,c1ccc(cc1)S(=O)(=O)N[P@@](=O)(N)[O-]
dude_mk01__L001699,C[C@H]1CCC[C@]2(C1)[C@H](C(=O)NC(=C2C#N)SCC(=O)Nc3ccc(cc3)Br)C#N
dude_mk01__L001700,CC(C)CSc1[nH]c(=O)c2c(n1)NC3=C([C@H]2c4ccc(cc4)O)C(=O)CC(C3)(C)C
dude_mk01__L001701,C[C@]12CC[C@H]([C@@]([C@H]1Cc3c(nc(s3)NC(=O)C4CCCCC4)[C@H]2CC(=O)NC5CCCC5)(C)CO)O
dude_mk01__L001702,CC(C)c1ccsc1/C(=N/S(=O)(=O)c2cc(ccc2F)F)/[O-]
dude_mk01__L001703,CC(C)(Cc1ccc(cc1)Br)NC(=O)N2CCO[C@H](C2)C(=O)N
dude_mk01__L001704,CCOC(=O)C1CCN(CC1)c2c(cc3c(ccc(c3n2)OC)OC)C[NH2+]C[C@H]4C[C@H]5C=C[C@@H]4C56CC6
dude_mk01__L001705,CCCc1c2c(n(n1)c3ccccc3)OC(=C([C@H]2c4ccccc4F)C#N)N
dude_mk01__L001706,c1ccc(cc1)C[NH+]2CCCC[C@@H]2CNC(=O)NCC(=O)Nc3ccccc3
dude_mk01__L001707,c1ccc(cc1)OCc2nc(nc(n2)N[C@H](C(Cl)(Cl)Cl)O)N[C@H](C(Cl)(Cl)Cl)O
dude_mk01__L001708,CCOc1cc(ccc1O)[C@H]2C(=C(NC(=O)N2)C)C(=O)Nc3cc(cc(c3)C)C
dude_mk01__L001709,CCCCNc1ccc(cc1NS(=O)(=O)c2ccc(cc2)Cl)S(=O)(=O)N
dude_mk01__L001710,CC(C)S(=O)(=O)n1c2c(c3c(c1=O)cc(cn3)O)N[C@@H](CC2=O)O
dude_mk01__L001711,Cc1ccc(c(c1)C)NS(=O)(=O)c2cc(cnc2NN)Br
dude_mk01__L001712,c1c(cc(c(c1Cl)NNC(=O)c2cnns2)Cl)Cl
dude_mk01__L001713,c1ccc(cc1)[C@@](c2ccccc2C#N)(C(=O)N)[C@](c3ccccc3)(c4ccccc4C#N)C(=O)N
dude_mk01__L001714,CC[C@H](c1nnnn1Cc2ccccc2)[NH+](Cc3ccc(cc3)C)Cc4cc5c(cc(cc5[nH]c4=O)C)C
dude_mk01__L001715,Cn1c(n[nH]c1=S)CNC(=O)CN2C(=O)C3(CCCCC3)NC2=O
dude_mk01__L001716,Cc1ccc(cc1)SCc2c3c(n[nH]2)OC(=C([C@@H]3c4ccc(cc4F)F)C#N)N
dude_mk01__L001717,c1ccc(cc1)c2nc(cs2)[C@@H]3NC(=Nc4n3c5ccccc5n4)N
dude_mk01__L001718,Cc1c2cc(sc2n(n1)c3ccccc3)C(=O)OCC[NH+]4CCN(CC4)S(=O)(=O)c5cccs5
dude_mk01__L001719,CS[C@H]1CC[C@]2(C1)[C@@H](CCCN2O)O
dude_mk01__L001720,Cc1ccc(cc1C(=O)N2CCCc3c2cc(cc3C)C)S(=O)(=O)N
dude_mk01__L001721,CC1=C([C@H](NC(=S)N1)c2cc(c(c(c2)Cl)O)OC)C(=O)C
dude_mk01__L001722,c1cc(c(cc1Cl)/C=N/Nc2nnc(n2N)SCC(=O)C3C4CC5CC(C4)CC3C5)O
dude_mk01__L001723,c1ccc(c(c1)CSc2nc(c3c(n2)OC(=C([C@H]3c4cccc(c4)F)C#N)N)N)Cl
dude_mk01__L001724,Cc1cc(ccc1c2nnnn2Cc3ccccc3Br)N
dude_mk01__L001725,CCOc1cc(ccc1O)[C@H]2C3=C(CC(CC3=O)(C)C)NC4=C2C(=O)c5c4cccc5
dude_mk01__L001726,CC(C)(C)[C@@H]1CCc2c(sc(c2C(=O)N[C@H]3CCS(=O)(=O)C3)NC(=O)C[C@@H]4C(=O)NC(=O)S4)C1
dude_mk01__L001727,c1ccc(c(c1)NC(=O)NCC2(CC2)c3ccc(cc3)Cl)OCCC(=O)N
dude_mk01__L001728,C[C@H]1[C@H]([C@@H]([C@@H]([C@@H](O1)Nc2ccc(cc2)Cl)O)O)O
dude_mk01__L001729,CCCCN(c1c(n(c(=O)[nH]c1=O)CCC)N)C(=O)CN2CCCc3c2ccc(c3)C
dude_mk01__L001730,C/C(=N\Nc1nnc(n1N)SCC(=O)Nc2c(cccc2F)F)/c3ccc4c(c3)OCO4
dude_mk01__L001731,c1ccc2c(c1)cccc2C(=O)N[C@@H](C(Cl)(Cl)Cl)NC(=S)Nc3ccccc3[N+](=O)[O-]
dude_mk01__L001732,CCOC(=O)N1CCC2(CC1)C(=C(NC(=C2C#N)[S-])N)C#N
dude_mk01__L001733,C1[C@@H](N(CS1)C(=O)NCC(=O)N)C(=O)[O-]
dude_mk01__L001734,c1c(c(cc(c1S(=O)(=O)N2CCC[C@H](C2)O)Cl)F)N
dude_mk01__L001735,Cc1ccc(c(c1)C)Sc2ccc(cc2)NC(=O)[C@H](CCSC)NC(=O)N
dude_mk01__L001736,Cc1c\2c(oc1C(=O)NC3CCCCC3)CCC/C2=N\NC(=S)Nc4ccccc4
dude_mk01__L001737,CC(=O)N(c1ccccc1F)c2nc(cs2)/C=C/C(=O)Nc3ccc(cc3)NC(=O)N
dude_mk01__L001738,CC(C)(C)N([C@H](c1ccc(c(c1)OC)O)C(=O)NC2CCCCC2)C(=O)c3cccc(c3O)O
dude_mk01__L001739,Cc1cc(cc(c1Cl)C)Oc2c(c(ncn2)Nc3nc(c(s3)C)C)N
dude_mk01__L001740,CC1=C([C@@H](NC(=S)N1)c2ccc(c(c2)OC)O)C(=O)N/N=C/c3ccccc3Cl
dude_mk01__L001741,c1cc(ccc1[C@@H]2[C@H]3C(=NC(=NC3=O)N)[N-]C(=C2C#N)[NH3+])F
dude_mk01__L001742,Cc1ccc(cc1)NC(=O)C2=C(NC(=S)N[C@@H]2c3ccccc3OC(F)F)C
dude_mk01__L001743,c1ccc2c(c1)CCCN2C(=O)CSc3[nH]c(=O)c(c(n3)N)NC(=O)c4ccc(o4)Br
dude_mk01__L001744,c1cc(ccc1CSc2c(c(sn2)Nc3ccc(=O)[nH]c3)C(=O)N)Cl
dude_mk01__L001745,c1ccc2c(c1)c(c(s2)CSc3[nH]c(=O)cc(n3)N)Cl
dude_mk01__L001746,Cc1cc(c2c(c1)cc(c(=O)[nH]2)CN(C3CC3)C(=O)Nc4ccc(cc4)Cl)C
dude_mk01__L001747,c1ccc(cc1)NC(=O)Nc2ccc(cc2)S(=O)(=O)c3ccc(cc3)NC(=O)Nc4ccccc4
dude_mk01__L001748,Cc1cccc(c1NS(=O)(=O)c2ccc3c(c2)[C@@H]4C=CC[C@@H]4[C@@H](N3)c5ccc(cc5)O)C
dude_mk01__L001749,c1cc2c(cc1F)CC[C@@H](O2)[C@H](C[NH2+]C[C@@H]([C@H]3CCc4cc(ccc4O3)F)O)O
dude_mk01__L001750,c1cc(ccc1NC(=O)N2CSC[C@@H]2C(=O)[O-])S(=O)(=O)N
dude_mk01__L001751,C=CCn1c(nnc1SCC(=O)N2CC(=O)NC(=O)C23CCCCC3)[C@H]4CCS(=O)(=O)C4
dude_mk01__L001752,C[C@H]([C@]1([C@@H]2[C@@H]([C@@H]([NH2+]1)c3ccc(s3)Cl)C(=O)N(C2=O)c4cccc(c4)[N+](=O)[O-])C(=O)[O-])O
dude_mk01__L001753,CCc1ccc(cc1)N[C@@H]2NC(=O)/C(=C/c3cc(c(cc3Br)O)OCC)/S2
dude_mk01__L001754,C[C@@H](C(=O)Nc1cc(c(c(c1)Cl)N)Cl)NS(=O)(=O)c2ccccc2F
dude_mk01__L001755,Cc1ccc(cc1)CC(=O)N[C@@H](C(Cl)(Cl)Cl)NC(=S)Nc2ccc(cc2)NC(=O)C
dude_mk01__L001756,C[C@]1(CC[C@@H](C1(C)C)C(=O)N)[C@@H]2C(=O)NC(=O)N2
dude_mk01__L001757,c1ccc(cc1)Oc2cccc(c2)C(=O)OCC(=O)Nc3cccc(c3)S(=O)(=O)N
dude_mk01__L001758,C[C@H](c1ccc2c(c1)CCCC2)NC(=O)COc3ccc4c(c3)CCC(=O)N4
dude_mk01__L001759,C=CCSc1[nH]c(=O)c2c(n1)NC3=C([C@H]2c4ccccc4F)C(=O)CCC3
dude_mk01__L001760,CC(C)(C)NS(=O)(=O)c1ccc2c(c1)[C@H]3C=CC[C@@H]3[C@H](N2)c4ccc(cc4O)O
dude_mk01__L001761,CCOC(=O)[C@@H]1C([C@@H]([C@@](N[C@@]1(C(F)(F)F)O)(C(F)(F)F)O)C(=O)OCC)c2ccccc2O
dude_mk01__L001762,Cc1cc(cc(c1Cl)C)Oc2c(c(ncn2)NCCc3cccs3)N
dude_mk01__L001763,COc1cc(c(cc1OC)OC)[C@H]2c3c([nH]c[nH+]3)C[C@H](N2C(=S)NC4CCCCC4)C(=O)[O-]
dude_mk01__L001764,c1cc(ccc1C(=O)N[C@@H]([C@@H](NC(=O)c2ccc(cc2)Br)O)O)Br
dude_mk01__L001765,C[C@H]1CCCC[C@@H]1n2c(nnc2S[C@H](C)C(=O)NC(=O)N)c3ccc(cc3)OC
dude_mk01__L001766,CCOP(=O)(Nc1ccc-2c(c1)/C(=N\NC(=S)N)/c3c2cccc3)OCC
dude_mk01__L001767,c1cc(ccc1NC(=O)C(=O)N/N=C/c2cc(ccc2O)Br)F
dude_mk01__L001768,COc1cc(ccc1O)[C@H]2[C@H]([C@](NC(=O)N2)(C(F)(F)F)O)C(=O)c3cccs3
dude_mk01__L001769,c1ccc(cc1)N2[C@@H](NN[C@@H]2SCC(=O)N/N=C/C3=c4ccccc4=[NH+]C3)c5cccc(c5)[N+](=O)[O-]
dude_mk01__L001770,COC(=O)c1ccc(cc1)/C=C/C2=NC(=O)C3=C4CCCC[C@@H]4SC3=N2
dude_mk01__L001771,c1cc(c(c(c1)F)F)[N-]S(=O)(=O)c2ccc(s2)Br
dude_mk01__L001772,c1c(ccc(c1)/C=N/c2sc3c(c2C(=O)N)CCCC3)/C=N/c4sc5c(c4C(=O)N)CCCC5
dude_mk01__L001773,CCCCC[C@@H](C)Cn1c(nnc1SCc2nc(nc(n2)N)N)c3ccc(cc3)Cl
dude_mk01__L001774,Cn1c2ccccc2c(c1C(=O)NNC(=O)NCCc3cccs3)Cl
dude_mk01__L001775,c1cc(sc1)c2cnc(o2)Cn3cnc4c(c3=O)cc(cc4Cl)Cl
dude_mk01__L001776,CCOc1cc(ccc1OCc2ccccc2C)[C@H]3C(=C(N=C4N3NC=N4)C)C(=O)N
dude_mk01__L001777,Cc1ccc2nc(cn2c1)CSc3nncn3c4ccccc4C
dude_mk01__L001778,Cc1ccc(cc1Br)/N=N/[C@H]2C(=NN(C2=O)C(=S)N)C
dude_mk01__L001779,C[C@H]1C=C([C@@H](N1c2ccc(c(c2)C(=O)[O-])Cl)C)/C=C(\C#N)/C3[NH+]=c4ccccc4=[NH+]3
dude_mk01__L001780,Cc1ccc(cc1)n2c3c(c(=O)[nH]c2=O)[C@@](C(=O)N3)(C(F)(F)F)NC(=O)c4ccc(c(c4)OC)OC
dude_mk01__L001781,Cc1ccc(c(c1)C)NC(=O)N[C@@H](C)C(=O)N2CCCC[C@@H]2C
dude_mk01__L001782,COc1c(cc(cc1Cl)Cl)C(=O)NC(=S)Nc2c(c3c(s2)CCCC3)C(=O)N
dude_mk01__L001783,CS[C@H]1NN[C@H](N1c2ccc(cc2)F)CCNC(=O)[C@@H]3C=C(N=N3)c4ccccc4
dude_mk01__L001784,Cc1nnc(n1/N=C/c2ccc(c(c2)[N+](=O)[O-])N3CCN(CC3)Cc4ccccc4)SCc5ccccc5
dude_mk01__L001785,COc1cc2c(cc1OCCCN3CCOCC3)ncc(c2Nc4ccc(cc4)Oc5ccccc5)C#N
dude_mk01__L001786,Cc1ccc(cc1C)NC(=O)CCC(=O)NNC(=S)NC(=O)COc2ccc(cc2C)Br
dude_mk01__L001787,C1[C@@H]2CC3(C[C@@H](C2=NNc4[n-]nnn4)CC1C3)O
dude_mk01__L001788,CCCCN(c1c(n(c(=O)[nH]c1=O)CC(C)C)N)C(=O)CN[C@@H](C)c2ccc(cc2Cl)Cl
dude_mk01__L001789,Cc1c(c(n(n1)[C@H](C)C(=O)NC(=O)N)C)N
dude_mk01__L001790,C[C@@H]1CCC[C@H]([C@@H]1C)NC(=S)NNC(=O)/C=C/c2ccc(cc2)NC(=O)C
dude_mk01__L001791,C[C@H]1CC[C@H](CN1C(=O)NCC(=O)[O-])C(=O)N
dude_mk01__L001792,CN1CCN(CC1)S(=O)(=O)c2ccc(nc2)SCC(=O)NN3C(=O)C4(CCCCC4)NC3=O
dude_mk01__L001793,CCOCCn\1c2cc(c(cc2s/c1=N\C(=O)[C@@H]3CCCN3S(=O)(=O)c4cccs4)OC)OC
dude_mk01__L001794,CCOC(=O)C1=C(NC(=O)N[C@@H]1c2cccc(c2)[N+](=O)[O-])CSc3nnc(s3)N
dude_mk01__L001795,CCCCS(=O)(=O)c1ccc(cc1)Oc2cc(c3c(c2N)C(=O)c4ccccc4C3=O)O
dude_mk01__L001796,Cc1c(c(n[nH]1)C(=O)NC23CC4CC(C2)CC(C4)C3)N
dude_mk01__L001797,c1cc(c(cc1C(=O)[O-])O)NC(=O)N[C@@H]2CCCC[C@@H]2O
dude_mk01__L001798,Cc1cccnc1N2[C@H](NC(=N2)C(C)C)c3cc(=O)[nH]c4c3cc(cc4)F
dude_mk01__L001799,C[C@@H]1c2c([nH]n(c2=O)c3nc4ccccc4s3)CC(=O)N1CCC5=c6ccccc6=[NH+]C5
dude_mk01__L001800,Cc1ccc(cc1)S(=O)(=O)Nc2ccccc2C(=O)Nc3c(c4c(s3)CC[C@@H](C4)C)C(=O)N
dude_mk01__L001801,CCCCN(CC)S(=O)(=O)c1ccc(cc1)C(=O)Oc2ccc3c(c2)sc(n3)N4CC[NH+](CC4)C
dude_mk01__L001802,C/C(=N/NC(=O)COc1ccc(cc1)Br)/c2ccc(cc2O)O
dude_mk01__L001803,c1ccc(c(c1)NC(=O)N[C@H]2CCC[C@H](C2)C(F)(F)F)OCCC(=O)N
dude_mk01__L001804,COc1cc(ccc1O)[C@H]2CC(=Nc3c2ncn3c4cc(cc(c4)F)F)O
dude_mk01__L001805,COC(=O)c1ccc(cc1)/C=N/Nc2nnc(n2N)SCCC(=O)Nc3cccc(c3)Br
dude_mk01__L001806,C/C(=N/NC(=O)C(=O)N)/c1ccc(cc1)NC(=O)c2ccc(cc2Cl)Cl
dude_mk01__L001807,Cn1cc(cc1C(=O)NNC(=O)CSc2[nH]ncn2)Br
dude_mk01__L001808,CC(C)(c1ccc(cc1)Cl)NC(=O)NCc2ccc(s2)S(=O)(=O)N
dude_mk01__L001809,Cc1ccc(cc1Cl)Nc2nnc(s2)S[C@@H](C)C(=O)Nc3ccc4c(c3)[nH]c(=O)[nH]4
dude_mk01__L001810,Cc1ccc(cc1)CN(C)C(=O)NNC(=O)c2cc3c(s2)CC[C@H](C3)C
dude_mk01__L001811,CC(=O)c1ccc(cc1)c2ccc(o2)[C@@H]3[C@@H]([C@@](NC(=O)N3)(C(F)(F)F)O)C(=O)c4ccccc4
dude_mk01__L001812,c1ccc(c(c1)/C=C/C(=O)NC(=S)NNC(=O)c2ccccc2O)Cl
dude_mk01__L001813,Cc1cc(c2c(c1)[nH]c(cc2=O)CS[C@@H]3NN[C@H](N3C)COc4ccc(cc4)C(C)C)C
dude_mk01__L001814,C1CCCC(CC1)(C(=O)[O-])NC(=O)N2CCNC(=O)C2
dude_mk01__L001815,c1ccc(cc1)c2csc3c2c(nc(n3)SCC(=O)NC4CCCCC4)N5CC[NH+](CC5)CC(=O)N
dude_mk01__L001816,c1ccc2=NC(=O)/C(=C(\Nc3nccs3)/O)/C(=c2c1)[O-]
dude_mk01__L001817,CCOC(=O)C1=C(NC(=O)N[C@@H]1c2ccccc2)CSc3nc(cc(n3)N)C
dude_mk01__L001818,Cc1c2cc(sc2n(n1)CC(C)C)C(=O)N3CCO[C@H]4[C@H]3CCCC4
dude_mk01__L001819,c1ccc(cc1)NC(=S)NNC(=O)CCNC(=O)c2ccc(cc2)Br
dude_mk01__L001820,CC[NH+](c1ccc(cc1)NC(=O)N[C@H](C)C(=O)N2CCCC[C@@H]2C)C(C)C
dude_mk01__L001821,Cc1ccc(cc1)Sc2c(nn(c2C)C(=O)c3ccc4c(c3)OCO4)C
dude_mk01__L001822,Cc1ccc(cc1)S(=O)(=O)N[C@@H]2c3cccc4c3c(ccc4)[C@H]2Sc5nc([nH]n5)N
dude_mk01__L001823,C[C@]1(C[C@@H](CC(C1)(C)C)NC(=O)Nc2cc(ccc2F)F)CNC(=O)Nc3cc(ccc3F)F
dude_mk01__L001824,c1cc(ccc1NN)S(=O)(=O)Nc2ccc(cc2Br)Br
dude_mk01__L001825,c1cc(cc(c1)F)[C@H]2C[C@@H]2NC(=O)Nc3cc(ccc3N4CCCCC4)C(=O)N
dude_mk01__L001826,CCC(=O)Nc1ccc(c(c1)NC(=O)N[C@@H]2CCC[C@@H](C2)C(F)(F)F)C
dude_mk01__L001827,c1ccc(cc1)/C=C/C(=O)N[C@@H](C(Cl)(Cl)Cl)NC(=S)Nc2ccc(cc2)Br
dude_mk01__L001828,Cc1cnc(nc1c2cc([nH]c2)C(=O)N[C@@H](CO)c3ccccc3)Nc4ccccc4
dude_mk01__L001829,Cc1ccc2c(c1C)N(C(=O)[C@@H]2N)CC(=O)N
dude_mk01__L001830,CC(C)(C)CC(C)(C)NC(=O)[C@@H](c1c(cc(cc1O)O)O)N(C(=O)C2CCCCC2)C(C)(C)C
dude_mk01__L001831,Cc1cc(c(n1c2cccc(c2)C(F)(F)F)C)/C=N\NC(=O)c3ccccc3N
dude_mk01__L001832,c1ccc(c(c1)/C=N/Nc2[nH]nc(n2)SCCC(=O)Nc3ccc(cc3)Cl)O
dude_mk01__L001833,c1cc2c(cc1S(=O)(=O)N3CCN(CC3)c4cncc(n4)N)NC(=O)CO2
dude_mk01__L001834,C=CC[NH+]1[C@H](NN[C@@H]1SCc2[nH]c(=O)c3ccc(cc3n2)C(=O)[O-])c4ccc(cc4)Cl
dude_mk01__L001835,CC(=CCC/C(=C/Cc1c(cc2c(c1O)C(=O)[C@@H]([C@H](O2)c3ccc(cc3)O)O)O)/C)C
dude_mk01__L001836,Cc1ccccc1CSc2nnc(n2N)N/N=C/c3cc(ccc3O)Cl
dude_mk01__L001837,c1ccc2c(c1)nc3c(c(n(c3n2)c4ccc(cc4)S(=O)(=O)N)N)C(=O)OC5CCCCC5
dude_mk01__L001838,Cc1ccc(cc1)COc2ccc(cc2)[C@H]3C(=C(NC(=S)N3)C)C(=O)Nc4ccc(cc4)Cl
dude_mk01__L001839,c1ccc(cc1)Oc2ccccc2NC(=O)NCCc3ccc(cc3)S(=O)(=O)N
dude_mk01__L001840,CC[NH+]1CCN(CC1)c2c(c(nn2c3cccc(c3)F)C)CN(CCOC)S(=O)(=O)c4ccc(cc4)C
dude_mk01__L001841,CCc1ccc(cc1)c2nc(no2)[C@H]3CC(=O)N(C3)c4ccc(c(c4)C)C
dude_mk01__L001842,Cc1c(c2ccccc2n1C)/C=N/Nc3nc4c(c5ccccc5[nH]4)nn3
dude_mk01__L001843,C[C@@H](CC(=O)Nc1c(cc(cc1Br)Br)C(=O)[O-])[NH3+]
dude_mk01__L001844,CC[C@H]1CCCC[C@@H]1NS(=O)(=O)c2cc(cnc2NN)Br
dude_mk01__L001845,CC(C)[C@@H](C(=O)N/N=C/c1c2ccccc2ccc1O)NC(=O)c3ccccc3F
dude_mk01__L001846,CC1=C([C@@H](N2C(=[NH+]1)N=C([N-]2)SCc3ccccc3Cl)c4ccccc4)C(=O)N
dude_mk01__L001847,c1cc(c(cc1F)NC(=O)NC[C@@H]2CCC[C@H](C2)CNC(=O)Nc3cc(ccc3F)F)F
dude_mk01__L001848,CN([C@@H](c1cccc(c1)O)C(=O)NC2CCCCC2)C(=O)c3c(cccc3O)O
dude_mk01__L001849,Cc1c(ccc([nH+]1)N)CNC(=O)[C@H]2C=CCn3n2c(=O)n(c3=O)[C@@H](CSc4ccccc4)C(=O)OC
dude_mk01__L001850,C[C@@H](C(=O)Nc1ccc(cc1)C(C)(C)C)Oc2ccc(cc2C(=O)N)Cl
dude_mk01__L001851,c1ccc(c(c1)CC(=O)N)NC(=O)c2cc(=O)[nH]c3c2cccc3
dude_mk01__L001852,C[C@]1(CC[C@](C1)(C(=O)[O-])[NH3+])C(=O)[O-]
dude_mk01__L001853,CCOC(=O)c1c2c(sc1NC(=O)[C@H](C)[NH2+]CC(=O)N[C@H]3CCS(=O)(=O)C3)C[C@H](CC2)C
dude_mk01__L001854,c1cc2c(cc1N)OCCOc3ccc(cc3OCCOCCO2)N
dude_mk01__L001855,CCc1c(s/c(=N\C(=O)/C(=C/c2ccc(c(c2)O)O)/C#N)/[nH]1)C
dude_mk01__L001856,CC[C@@H](C)NC(=O)c1ccc(cc1)NC(=O)CNc2ccc(c(c2)C(=O)NC3CCCCC3)Cl
dude_mk01__L001857,c1cc(c(cc1Nc2c(c(ncn2)N3CCCCCC3)N)C(F)(F)F)Cl
dude_mk01__L001858,CCCC(=O)Nc1ccc(cc1)C(=O)NNC(=S)NC(=O)c2c(c3ccccc3s2)Cl
dude_mk01__L001859,Cc1cc(c(s1)C)S(=O)(=O)/N=C(/c2ccc(cc2)Br)\[O-]
dude_mk01__L001860,CC[C@H](C)[C@]1([C@@H]2[C@@H]([C@@H]([NH2+]1)c3cc(c(c(c3)C)O)C)C(=O)N(C2=O)c4ccc(c(c4)Cl)C)C(=O)[O-]
dude_mk01__L001861,CC(C)(C)NC(=O)[C@@H](c1c(cc(cc1O)O)O)N(c2ccccc2)C(=O)C3CCCCC3
dude_mk01__L001862,c1cc(cc(c1)Br)S(=O)(=O)NC2(CCCCCC2)C#N
dude_mk01__L001863,C[C@@H](C(=O)N1CC(=O)Nc2c1cccc2)Nc3cccc(c3)NC(=O)Nc4ccccc4
dude_mk01__L001864,c1ccc(cc1)S(=O)(=O)CC(=O)N2CCN([C@H](C2)C(=O)N[C@H]3CCCNC3=O)S(=O)(=O)c4ccc(cc4)F
dude_mk01__L001865,COc1ccc(cc1C(=O)NCC2(CCCCC2)c3ccc(cc3)F)S(=O)(=O)N
dude_mk01__L001866,C[C@]12C[C@@H]([C@H]3[C@H]([C@@H]1CC[C@@]2(C(=O)[O-])O)CCC4=CC(=O)C=C[C@]34C)O
dude_mk01__L001867,CCN(CC)c1ccc(cc1)/C=N/Nc2nnc(n2N)SCC(=O)Nc3nc4ccccc4s3
dude_mk01__L001868,C[C@H]1CCC[C@H]([C@@H]1C)NC(=S)NNC(=O)CCCNC(=O)c2ccsc2
dude_mk01__L001869,C[NH+](C)CCCN1c2ccccc2CCc3c1ccc(c3)O[C@@H]4[C@@H]([C@@H]([C@@H]([C@@H](O4)C(=O)[O-])O)O)O
dude_mk01__L001870,Cc1c(c([nH]c1C(=O)NN2C(=O)C3(CCC(CC3)C)NC2=O)C)C(=O)C
dude_mk01__L001871,C/C(=N/N)/[C@@H]1CC[C@@H]2[C@@]1(CC[C@@H]3[C@@H]2CC=C4[C@@]3(CC[C@@H](C4)O)C)C
dude_mk01__L001872,c1cc(ccc1NC(=O)C[C@@H]2C(=O)NC(=O)N2)I
dude_mk01__L001873,Cc1ccc(c(c1)Br)NC(=O)CSc2nnc(n2N)N/N=C/c3cnn(c3)C(C)C
dude_mk01__L001874,CCC(=O)Nc1ccc(cc1)C(=O)NNC(=S)NC(=O)c2ccc(c(c2)Br)OC(C)C
dude_mk01__L001875,CCOC(=O)C1=C(NC(=O)N[C@@H]1c2ccc(cc2)Cl)COc3ccccc3C(=O)N
dude_mk01__L001876,c1ccc(c(c1)/C=C/C2=NN([C@H](C2)c3ccccc3O)c4ccc(cc4)S(=O)(=O)N)O
dude_mk01__L001877,CNC(=S)N1[C@H]2CC[C@@H]1CC(C2)NC(=O)NC34CC5CC(C3)CC(C5)C4
dude_mk01__L001878,C[C@@H](C(=O)OC)NC(=O)N1CCC2(CC1)c3cccn3-c4ccc(cc4N2)F
dude_mk01__L001879,c1cc(ccc1CCNC(=S)Nc2cc(cc(c2)F)F)S(=O)(=O)N
dude_mk01__L001880,CCCCCn\1c2c(cc(/c1=N\C(=O)C/C(=C\C=C/C=C)/Br)C#N)c(=O)n3cccc(c3n2)C
dude_mk01__L001881,c1ccc2c(c1)c(c3c(n2)/C(=C/c4ccc(cc4)O)/CC3)C(=O)OCC(=O)Nc5ccc(cc5)C(=O)N
dude_mk01__L001882,Cc1ccc(cc1)n2c3c(c(cc(=O)n3Cc4ccccc4C#N)C)c(n2)C
dude_mk01__L001883,C1CCCC(CC1)NC(=O)c2c(c(n[nH]2)C3CC3)N
dude_mk01__L001884,CCc1ccc2c(c1)[C@@]3([C@@H]4[C@H]([C@@H]5[NH+]3CCC5)C(=O)N(C4=O)c6ccc(cc6C)C)C(=O)N2
dude_mk01__L001885,c1ccc2c(c1)[C@H](C(=O)O2)C/C(=C/3\C=CC=CC3=O)/NNC(=O)N
dude_mk01__L001886,CC1=C([C@@H](NO1)c2ccccc2)C(=O)N/N=C/[C@H]3C=NN=C3c4ccccc4
dude_mk01__L001887,Cn1c2c(c(=O)n(c1=O)C)n(c(n2)N3CCOCC3)CCC[NH2+]C[C@@H](c4ccc(cc4)O)O
dude_mk01__L001888,CC1=C([C@@H](NC(=S)N1)c2ccc(cc2)Cl)C(=O)N/N=C/c3ccccc3O
dude_mk01__L001889,c1ccc(cc1)C2(CCCC2)C(=O)Nc3ccc(cc3)NC(=O)c4ccco4
dude_mk01__L001890,CCN(CC)c1ccc(c(c1)O)[C@H]2[C@@H]3[C@H](C(=O)N(C3=O)c4ccccc4)[C@]([NH2+]2)(C)C(=O)[O-]
dude_mk01__L001891,c1ccc(c(c1)/C=N/n2c(nnn2)N)OCc3ccc(c(c3)Cl)Cl
dude_mk01__L001892,CCc1c(sc(c1C(=O)N)NC(=S)NC(=O)c2ccc(cc2)OCCC(C)C)C
dude_mk01__L001893,c1cc(c(cc1Br)F)/C=C/C(=O)c2ccc(s2)C(=O)[O-]
dude_mk01__L001894,c1ccc2c(c1)ccc(c2/C=N/Nc3[nH]nc(n3)SCCC(=O)Nc4ccc(cc4)Cl)O
dude_mk01__L001895,Cc1ccc(cc1)C[NH2+]Cc2cc(c(c(c2)Br)OCC(=O)N)OC
dude_mk01__L001896,C[C@@H](C(=O)NC(=O)NC12CC3CC(C1)CC(C3)C2)Nc4ccc(cc4)NC(=O)C(C)C
dude_mk01__L001897,CCOc1cccc(c1O)c2nc(c3c(n2)n(c(=O)[nH]3)c4ccc5c(c4)OCO5)C(=O)N
dude_mk01__L001898,CCc1c(c(nc(n1)S[C@@H](C)C(=O)NC(=O)NC2CCCC2)N)c3ccc(cc3)Cl
dude_mk01__L001899,COC(=O)Nc1cc(ccc1F)NC(=O)NC2[C@@H]3CCC[C@H]2C[NH+](C3)C4CC4
dude_mk01__L001900,c1ccc(cc1)NC(=S)N/N=C\c2ccc(o2)c3ccc(cc3)S(=O)(=O)N
dude_mk01__L001901,CC(=O)Nc1ccc(cc1)NC(=O)CSC2=C([C@H](C3=C(N2)CC(CC3=O)(C)C)c4ccc(cc4)Cl)C#N
dude_mk01__L001902,COc1ccc(cc1/C=N/Nc2nnc(n2N)SCC(=O)Nc3ccc(cc3F)F)Br
dude_mk01__L001903,C[C@@H]1CCc2c(sc(c2C(=O)N)NC(=O)[C@@H](CCSC)NC(=O)c3ccc(cc3Cl)Cl)C1
dude_mk01__L001904,c1ccc2c(c1)N(C[C@H](O2)C(=O)N)CC(=O)Nc3cccc(c3)S(=O)(=O)N4CCCC4
dude_mk01__L001905,CCOc1ccccc1Nc2c(c(ncn2)N3C[C@]4(C[C@@H]3CC(C4)(C)C)C)N
dude_mk01__L001906,c1cc(c(cc1NC=C2C(=O)NC(=O)NC2=O)O)C(=O)[O-]
dude_mk01__L001907,Cc1ccc2c(c1)c(c[nH]2)CCN3C[C@@H](CC3=O)C(=O)N[C@H]4NN[C@@H](S4)CCc5ccccc5
dude_mk01__L001908,c1cc(ccc1[C@H]2C(=C(N3C(=O)[C@H](SC3=C2C#N)CC(=O)[O-])N)C#N)O
dude_mk01__L001909,CC(=O)Nc1ccccc1OC[C@@H]2N[C@@H](ON2)C(=O)NCCC3=c4cc(ccc4=[NH+]C3)Cl
dude_mk01__L001910,c1ccc2c(c1)cccc2NC(=O)CSc3nnc(n3N)NN=C4CCCCC4
dude_mk01__L001911,c1cc(ccc1C(=O)N2CCN(CC2)CC(F)(F)F)NS(=O)(=O)c3ccc4c(c3)[nH]c(=O)[nH]4
dude_mk01__L001912,Cc1ccc(cc1C)S(=O)(=O)Nc2ccc(cc2)C(=O)NCC(=O)Nc3c(cc(cc3C)C)C
dude_mk01__L001913,Cc1ccc(cc1Cl)n2c(=O)c(c([nH]c2=O)[O-])[C@@H]3[C@@H]4C(=c5ccccc5=[NH+]4)CCN3C
dude_mk01__L001914,C[C@@H]1CC=C2[C@@H](C1)[C@@H](C(C(=C2C#N)N)(C#N)C#N)c3ccc(cc3)OC
dude_mk01__L001915,CCc1ccc(cc1)O[C@@H](C)c2nnc(n2C)SCC(=O)Nc3c(c4c(s3)CCCC4)C(=O)OCC
dude_mk01__L001916,c1cc(c(cc1C[NH+]2CCNC(=O)[C@@H]2CC(=O)NCC3(CCCCC3)O)F)Cl
dude_mk01__L001917,c1cc(ccc1C2=C[NH+]3C=CC=C[C@H]3[N-]2)O
dude_mk01__L001918,c1ccc(cc1)CSc2nnc(n2N)N/N=C/c3c4ccccc4ccc3O
dude_mk01__L001919,Cc1ccc(c2c1cc(c(=O)[nH]2)[C@H](c3nnnn3C4CCCC4)[NH+]5CCC[C@@H](C5)C)C
dude_mk01__L001920,c1ccc(c(c1)/C=N/Nc2nnc(n2N)SCC(=O)Nc3cccc(c3Cl)Cl)Cl
dude_mk01__L001921,C1[C@@H]([C@@H](/C(=N/O)/C[C@@]1(C(=O)[O-])O)O)O
dude_mk01__L001922,Cc1c(sc(c1C(=O)Nc2ccc(c(c2)NC(=O)C)F)NC(=O)C3CC3)C
dude_mk01__L001923,CCOCCCNC(=O)[C@@]1(c2cc(ccc2NC(=O)N1c3ccc(cc3)Cl)Br)O
dude_mk01__L001924,C[C@H]([C@H]1[C@@H]2[C@@H](C(=O)N(C2=O)CCCOC)[C@@]3(N1)c4cc(ccc4NC3=O)F)O
dude_mk01__L001925,C1CCN([C@@H](C1)C(=O)N)C(=O)N2CCC[C@@H](C2)C(=O)[O-]
dude_mk01__L001926,CCCC(=O)Nc1ccc(cc1)C(=O)NNC(=S)NC(=O)c2ccc(c(c2)Br)OCC
dude_mk01__L001927,c1cc(c(c(c1)Cl)Cl)/C=N/Nc2[nH]nc(n2)SCC(=O)NCc3ccco3
dude_mk01__L001928,C[C@H]1C[C@H](CC(C1)(C)C)NC(=O)N[C@H]2CC(=O)N(C2)c3ccccc3
dude_mk01__L001929,c1ccc(c(c1)/C=[NH+]/NC(=O)C(=O)Nc2ccccc2C(=O)NC3CCCCC3)[O-]
dude_mk01__L001930,CC[C@H](C)NC(=O)c1ccc2c(c1)[C@@H]3C=CC[C@@H]3[C@@H](N2)c4cc(cc(c4O)Cl)Cl
dude_mk01__L001931,c1cc(c(cc1Cl)C(=O)N)OCC(=O)Nc2ccc(cc2Cl)Br
dude_mk01__L001932,CC(C)(CCc1c(ccc(c1OC)[C@@H]2COc3cc(cc(c3C2=O)O)O)O)O
dude_mk01__L001933,c1ccc(c(c1)COc2cccc(c2)CNc3ccc4c(c3)[nH]c(=O)[nH]4)F
dude_mk01__L001934,CCOC(=O)C1=C(NC(=O)N[C@H]1c2ccc(cc2)Cl)COC(=O)c3ccc(c(c3)N)Cl
dude_mk01__L001935,COc1ccc(cc1C(=O)N[C@H]2CCC[C@@H](C2)C(F)(F)F)S(=O)(=O)N
dude_mk01__L001936,Cc1c(nc(o1)c2cccs2)CC(=O)NNC(=S)N[C@H]3CCCC[C@@H]3C
dude_mk01__L001937,c1ccc(cc1)NC(=O)Nc2ccc(cc2)NC(=O)COc3ccc4c(c3)CCC(=O)N4
dude_mk01__L001938,CCc1ccc(cc1)[C@@H](C(C)C)NC(=O)NCc2ccc(cc2)S(=O)(=O)N
dude_mk01__L001939,c1cc(c(cc1CSc2[nH]c(=O)c(c(n2)N)NC(=O)c3ccc(o3)Br)Cl)Cl
dude_mk01__L001940,CCN(c1ccccc1)S(=O)(=O)c2ccc3c(c2)[C@@H]4C=CC[C@@H]4[C@@H](N3)c5ccc(cc5O)O
dude_mk01__L001941,CC(C)CCNC(=O)NNC(=O)CNC(=O)c1c(c2ccccc2s1)Cl
dude_mk01__L001942,c1cc(c(cc1NS(=O)(=O)c2ccc3c(c2)[nH]c(=O)[nH]3)S(=O)(=O)N4CCOCC4)F
dude_mk01__L001943,C[C@H](C(=O)Nc1ccc2c(c1)[nH]c(=O)[nH]2)Sc3nnc(s3)Nc4ccc(cc4)OC(F)(F)F
dude_mk01__L001944,CC[C@H](c1nnnn1Cc2ccccc2)[NH+](CCc3ccccc3)Cc4cc5c(cc(cc5[nH]c4=O)C)C
dude_mk01__L001945,c1c(nc([nH]c1=O)Sc2c(c(ncn2)Cl)N)N
dude_mk01__L001946,c1cc(cc(c1)Cl)c2cn[nH]c2c3cc([nH]c3)C(=O)NC(CO)c4ccc(cc4)Cl
dude_mk01__L001947,c1ccc(cc1)c2cn(c(n2)SCC(=O)NCC(=O)Nc3ccccc3Br)N
dude_mk01__L001948,c1ccc2c(c1)CCC[C@@]2(CNC(=O)CCCc3ccc4c(c3)[nH]c(=O)[nH]4)O
dude_mk01__L001949,Cc1cccc(c1NC(=O)CSc2nnc(n2N)c3ccc(cc3)C(C)(C)C)C
dude_mk01__L001950,c1cc(ccc1Nn2c(nn(c2=S)CC(=O)c3c(cc(cc3Cl)Cl)Cl)N)Cl
dude_mk01__L001951,c1ccc(cc1)CSc2[nH]c(=O)c3c(n2)NC4=C([C@H]3c5cccs5)C(=O)CCC4
dude_mk01__L001952,c1ccc(c(c1)C(=O)NNC(=O)CC23C[C@H]4C[C@@H](C2)CC(C4)(C3)Br)O
dude_mk01__L001953,CN(CC(=O)N)S(=O)(=O)c1ccc(cc1N)Br
dude_mk01__L001954,COc1ccc(cc1)Nc2[nH]c(=O)c3c(n2)NC(=O)C[C@H]3C(=O)Nc4ccccc4Sc5ccccc5
dude_mk01__L001955,c1ccc(cc1)C[C@@H](C(=O)Nc2cccc(c2)C#Cc3cccs3)NC(=O)N
dude_mk01__L001956,CC(C)CC(=O)Nc1ccc(cc1)C(=O)NNC(=S)NC(=O)c2ccc(cc2Cl)Cl
dude_mk01__L001957,Cn1c(c(c(=O)n(c1=O)C)S(=O)(=O)Nc2ccccc2OC)N
dude_mk01__L001958,c1ccc2c(c1)cccc2NC(=O)NCCN(CCO)C(=O)Nc3cccc4c3cccc4
dude_mk01__L001959,c1ccc2c(c1)C(=O)[C@@]3([C@@]2(c4ccc(cc4N3)O)O)O
dude_mk01__L001960,C[C@H](c1ccc(cc1)Br)[NH2+]Cc2cccc(c2)S(=O)(=O)N
dude_mk01__L001961,c1ccc(c(c1)c2nc([nH]n2)SCc3[nH]c4ccccc4n3)Br
dude_mk01__L001962,Cc1ccc(c(c1)N2CC[NH+](CC2)C[C@@H]3[C@@H]4[C@@H](CC5=CCC[C@@H]([C@]5([C@H]4O)C)C)OC3=O)C
dude_mk01__L001963,CC(C)NC(=O)C(=O)NNC(=O)CN1C(=O)C2(CCCCC2)N(C1=O)C
dude_mk01__L001964,CN1c2cc(c(cc2NC3([C@H]1O)C(=O)NC(=O)NC3=O)Cl)Cl
dude_mk01__L001965,CC(C)[C@@H](C(=O)NNC(=S)NC(C)C)NC(=O)C12CC3CC(C1)CC(C3)C2
dude_mk01__L001966,Cc1ccc(c(c1)c2c3ccccc3c(=O)n(n2)CN4C[C@@H](O[C@H](C4)C)C)C
dude_mk01__L001967,CC(C)c1ccc(cc1)[C@H]2c3c([nH]c(=O)[nH]c3=O)NC4=C2C(=O)CCC4
dude_mk01__L001968,Cn1c(c(c(n1)N)N/N=C/2\C=CC(=CC2=O)Cl)[O-]
dude_mk01__L001969,Cc1ccc(cc1)C(=O)N2CCC3=c4cc(ccc4=[NH+][C@@H]3[C@@]25c6ccccc6NC5=O)OC
dude_mk01__L001970,C[C@@H]1[C@H]([C@]2([C@H](C2(C)C)[C@@H]3[C@@]1([C@H]4C=C(C(=O)[C@]4(CC(=C3)CO)O)C)O)O)O
dude_mk01__L001971,Cc1ccsc1C(=O)NNC(=O)NC[C@H]2CCC[NH+](C2)Cc3ccccc3
dude_mk01__L001972,C[C@H](C(=O)Nc1ccc2c(c1)[nH]c(=O)[nH]2)Sc3nnc(s3)Nc4cccc(c4)Br
dude_mk01__L001973,c1ccc(c(c1)C(=O)NNC(=O)CN2CCN(CC2)c3ccccc3O)Br
dude_mk01__L001974,CC(C)(C)NC(=O)[C@@H](c1c(cccc1Cl)Cl)N(Cc2ccco2)C(=O)c3cccc(c3O)O
dude_mk01__L001975,c1cc(ccc1NC(=O)NCCOCCNC(=O)Nc2ccc(cc2)Br)Br
dude_mk01__L001976,CC(C)CCCCCCn1c(=O)c2ccccc2nc1SCc3nc(nc(n3)N)N
dude_mk01__L001977,C[C@@H](c1ccc(cc1)NC(=O)NC2CC2)NC(=O)N(C)Cc3ccccc3O
dude_mk01__L001978,Cc1cccc(c1NC(=O)[C@@H](C)Nc2ccc(cc2)NC(=O)NC3CC3)C(C)C
dude_mk01__L001979,CCC(=O)Nc1ccc(cc1)NC(=O)C[C@H]2C(=O)Nc3ccccc3S2
dude_mk01__L001980,Cc1cccc(c1N[C@@H]2CC(=O)N(C2=O)c3ccc(c(c3)Cl)Cl)C
dude_mk01__L001981,CC1=C([C@@H](NC(=S)N1)c2ccc(c(c2)OC)O)C(=O)N/N=C/c3ccc(cc3)C(=O)OC
dude_mk01__L001982,CC1(CO[C@H](CN1C(=O)C[C@H](c2cccs2)NC(=O)N)c3ccccc3)C
dude_mk01__L001983,CC(=O)[NH+]=c1ccc-2c(cc(oc2c1)O)COc3ccccc3I
dude_mk01__L001984,CC(C)[C@H]1c2c(=O)[nH]c(nc2OC(=C1C#N)N)SCc3ccccc3
dude_mk01__L001985,CC[C@@H]1c2ccsc2CCN1C(=O)/C=C/c3cccc(c3)[N+](=O)[O-]
dude_mk01__L001986,C1CCN([C@@H](C1)C(=O)N)C(=O)N2CC[C@@H](C2)C(=O)[O-]
dude_mk01__L001987,C[C@@H](Cc1ccc(cc1)O)NC(=O)Nc2ccc(cc2)C(=O)NC3CCCC3
dude_mk01__L001988,c1ccc(cc1)N([C@@H](c2ccccc2O)C(=O)NC3CCCCC3)C(=O)c4cccc(c4O)O
dude_mk01__L001989,CC(C)c1ccc(cc1)NC(=S)NNC(=O)c2ccc(cc2)S(=O)(=O)NC(C)C
dude_mk01__L001990,C=CCNC(=O)Nc1ccc(cc1)NC(=O)CNC(=O)c2ccc3c(c2)CCC3
dude_mk01__L001991,CCCOc1ccc(cc1)c2c3c(n[nH]2)OC(=C([C@@H]3c4ccc(cc4)[NH+](CC)CC)C#N)N
dude_mk01__L001992,Cc1cc(oc-2c/c(=[NH+]\C=C(/C#N)\c3nc(cs3)c4cccc(c4)[N+](=O)[O-])/ccc12)O
dude_mk01__L001993,COc1ccc(cc1N2C(=O)[C@H]3[C@H]4CCC[NH+]4[C@@]5([C@@H]3C2=O)c6cc(ccc6NC5=O)F)Cl
dude_mk01__L001994,CC[C@](c1ccc(cc1)Br)(C(=O)[O-])[NH2+]CCC[NH2+]C
dude_mk01__L001995,COc1ccccc1CNC(=O)NNC(=O)Nc2ccc(cc2)Br
dude_mk01__L001996,c1cc(sc1C(=O)NCC(=O)Nc2cc(c(c(c2)Cl)N)Cl)Br
dude_mk01__L001997,c1ccc2c(c1)C(=O)N(C2=O)COC(=O)c3csc4c3CCCC4
dude_mk01__L001998,CC1=C([C@H](NC(=S)N1)c2ccccc2)C(=O)N/N=C/c3ccc(c(c3)OC)O
dude_mk01__L001999,c1cc(cc(c1)O)[C@@H](C(=O)NC2CCCCC2)N(Cc3ccco3)C(=O)c4c(cccc4O)O
dude_mk01__L002000,CC1(CC2=C([C@H](c3c(=O)[nH]c(nc3N2)SCC=C)c4ccc(cc4)O)C(=O)C1)C
dude_mk01__L002001,C[C@@H](C(=O)Nc1ccc(cc1)F)Sc2nc(c3c4c(sc3n2)CCCC4)N
dude_mk01__L002002,c1cc(ccc1n2c(c(cn2)C#N)N)S(=O)(=O)[O-]
dude_mk01__L002003,CC(C)C[NH+](CCCN1C(=O)c2cc3c(n2C[C@@]1(C)C(=O)NC4CCCCCC4)cco3)CC(C)C
dude_mk01__L002004,COC(=O)c1c(c2ccc(cc2s1)NC(=S)NNC(=S)NC3CCCCC3)Cl
dude_mk01__L002005,CC(C)c1ccc(cc1)/C=C/C(=O)NC(=S)Nc2ccc(cc2)NC(=S)NC(=O)C
dude_mk01__L002006,C[C@H](c1cc(c(cc1Cl)Cl)F)N[C@H](C)C(=O)Nc2ccc(cc2)C(=O)N
dude_mk01__L002007,c1ccc(cc1)[C@@H](C2CCN(CC2)C(=O)Nc3cc(c[nH]c3=O)C(F)(F)F)O
dude_mk01__L002008,c1cc(ccc1[C@@H]2C=C(NC(=O)N2)C(=O)[O-])Br
dude_mk01__L002009,CC1=C[C@H](N=N1)[C@@H]2NN[C@@H](N2N)SCC(=O)c3ccc(c(c3)Cl)Cl
dude_mk01__L002010,CC(C)(C)NC(=O)[C@@H](c1c(cc(cc1O)O)O)N(C(=O)/C(=C\c2ccccc2)/c3ccccc3)C(C)(C)C
dude_mk01__L002011,c1ccc2c(c1)c(nc(n2)c3ccc(cc3)Br)SCc4nc(nc(n4)N)N
dude_mk01__L002012,c1cc(oc1)C(=O)N(c2nc3ccc(cc3s2)F)/N=C/c4cccs4
dude_mk01__L002013,Cc1ccc(cc1C)NC(=O)CSC2=C([C@H](C(=C(N2)C)C(=O)Nc3ccccc3)c4ccco4)C#N
dude_mk01__L002014,CNC(=O)c1c2c(sc1NC(=O)c3cc(c(c(c3)Cl)OC)Cl)CCCC2
dude_mk01__L002015,c1ccc(cc1)Oc2ccccc2NC(=O)C[C@@H]3C(=O)Nc4ccccc4N3
dude_mk01__L002016,c1ccc2c(c1)cc(o2)C(=O)NC(=S)Nc3ccccc3N4CCCCC4
dude_mk01__L002017,Cc1ccc(cc1)n2c3c(c(n2)C)[C@H](C(=C(O3)N)C#N)c4ccccc4F
dude_mk01__L002018,CN(Cc1ccsc1)c2cc3c(cc2N)OCC(=O)N3
dude_mk01__L002019,Cc1cc(ccc1C(=O)NC(C)C)NC(=O)NC2[C@@H]3CCC[C@H]2C[NH+](C3)C4CC4
dude_mk01__L002020,CCOc1ccc2c(c1)sc(n2)NC(=O)C[NH+]3CCC(CC3)NC(=O)Nc4ccc(cc4)F
dude_mk01__L002021,Cc1cc(ccc1N2C(=O)[C@@H]3[C@@H](N[C@@]4([C@@H]3C2=O)c5ccccc5NC4=O)CC(=O)N)[N+](=O)[O-]
dude_mk01__L002022,C[C@H]1CCc2c(sc(c2C(=O)N)NC(=O)CCCC3=c4ccccc4=[NH+]C3)C1
dude_mk01__L002023,Cc1ccc(cc1)N2C[C@H](CC2=O)C(=O)N[C@@H]3N[C@@H](CS3)CC(=O)NCCc4c[nH]c5c4cccc5
dude_mk01__L002024,CC1=C([C@H](NC(=O)N1)c2ccc(cc2)Cl)C(=O)N/N=C/c3ccc(cc3)O
dude_mk01__L002025,C1CCN([C@@H](C1)CO)C(=O)N2C[C@H](C[C@@H]2C(=O)[O-])O
dude_mk01__L002026,CC(C)(C)c1ccc(cc1)c2nnc(n2C3CCCC3)SCc4nc(nc(n4)N)N
dude_mk01__L002027,Cc1ccc2c(c1)[nH]c(n2)CSc3nc([nH]n3)N/N=C/c4c5ccccc5ccc4O
dude_mk01__L002028,C[C@@]12[C@H](CC[C@@]1([C@@H]3CC[C@H]4C[C@H](CC[C@@]4([C@H]3C[C@H]2O)CO)O)O)C5=CC(=O)OC5
dude_mk01__L002029,C[C@H]1C/C(=N/NC(=O)c2oc(cc2)C(=O)N/N=C\3/C[C@H](CCC3)C)/CCC1
dude_mk01__L002030,CC(C)c1ccccc1NC(=O)CSc2nc(c3ccsc3n2)N
dude_mk01__L002031,c1cc(c(cc1NC(=O)Nc2ccc(c(c2)C(F)(F)F)Cl)F)Oc3ccnc4c3[nH]c(=O)[nH]4
dude_mk01__L002032,CCCc1nnc(s1)N2[C@@H](c3c(=O)c4cc(c(cc4oc3C2=O)C)C)c5ccc(c(c5)OC)OCC=C
dude_mk01__L002033,CC(C)CC(=O)Nc1ccc(cc1)C(=O)NNC(=O)Nc2ccc(cc2)Cl
dude_mk01__L002034,Cc1ccc(cc1C)n2ccnc2S[C@H](C)C(=O)Nc3ccc(cc3)S(=O)(=O)N
dude_mk01__L002035,C[C@@H](C(=O)NNC(=O)N[C@H]1CCC[C@@H](C1)C(F)(F)F)Oc2ccc(cc2)F
dude_mk01__L002036,Cc1cc(ccc1Br)S(=O)(=O)N2CCC[C@H]2c3ccc[nH]3
dude_mk01__L002037,Cc1ccc(cc1NC(=O)Nc2cccs2)S(=O)(=O)N(C)C
dude_mk01__L002038,c1ccc(cc1)C#CCNC(=O)[C@H]2CCCN2C(=O)C34CC5CC(C3)CC(C5)C4
dude_mk01__L002039,CC[C@@H](C)NC(=O)c1ccc(cc1)NC(=O)NC2[C@@H]3CCC[C@H]2C[NH+](C3)C4CC4
dude_mk01__L002040,c1cc(oc1)CNC(=O)CNC(=O)Nc2ccc(cc2Cl)Br
dude_mk01__L002041,C1COCCNC(=S)NCCOCCNC(=S)N1
dude_mk01__L002042,C1CC[C@H]([C@@H](C1)C(=O)N[C@@H]2CCCCNC2=O)C(=O)[O-]
dude_mk01__L002043,c1cc(ccc1Nc2ccc3c(c2N)ncs3)I
dude_mk01__L002044,CCOC(=O)c1ccc(cc1)NC(=O)[C@H]2C[C@@H](N[C@@]23c4cccc(c4NC3=O)Cl)[C@H](C)O
dude_mk01__L002045,Cc1cc(cc2c1N[C@@H]([C@H]3[C@@H]2C=CC3)c4cc(ccc4O)Br)[N+](=O)[O-]
dude_mk01__L002046,C1[C@H](C(=O)C(=C(N1)C(=O)[O-])CC(=O)[O-])[NH3+]
dude_mk01__L002047,c1cc(ccc1/C=C/C(=O)OCC(=O)Nc2ccc3c(c2)[nH]c(=O)[nH]3)OC(F)F
dude_mk01__L002048,c1ccc(cc1)CC(=NNc2nnc(n2N)SCC(=O)NC3CCCCC3)Cc4ccccc4
dude_mk01__L002049,Cc1ccsc1C(=O)NNC(=O)N[C@@H](c2ccc(cc2)F)C3CCCC3
dude_mk01__L002050,c1cc(c(cc1N)F)SC2(CCS(=O)(=O)CC2)C(=O)[O-]
dude_mk01__L002051,c1ccc2c(c1)nc(s2)c3cccc(c3)NC(=O)CCCC[C@H]4[C@@H]5[C@H](CS4)NC(=O)N5
dude_mk01__L002052,CC(C)S[C@H]1[C@@H]([C@H]([C@H]([C@H](O1)C(=O)[O-])O)O)O
dude_mk01__L002053,[H]\N=C\1/C(=N\Nc2ccc(cc2)OC)/C(=NN1)c3ccc(cc3)Br
dude_mk01__L002054,C[C@H]1CCCC[C@H]1NC(=O)NC(=O)COC(=O)c2c(c(c(c(n2)Cl)Cl)N)Cl
dude_mk01__L002055,CCOc1cc2c(cc1CNC(=O)NCC(=O)Nc3c(cc(cc3C)C)C)O[C@H](C2)C
dude_mk01__L002056,CCOC(=O)[C@H]1[C@@H](CC2=C(C1=O)[C@@H](C(=C(N2)C)C(=O)OCC)c3ccccc3OC)c4cccc(c4)OC
dude_mk01__L002057,COc1c(cc(cc1F)[N-]S(=O)(=O)C2=Cc3ccccc3CC2)F
dude_mk01__L002058,c1cc(c(c(c1)Cl)Cl)NC(=O)Nc2ccc(c(c2)C(=O)NC3CC3)N4CCCC4
dude_mk01__L002059,Cc1ccc(c(c1)C)C[C@H](C)NC(=O)NCc2ccc(s2)S(=O)(=O)N
dude_mk01__L002060,c1cc(ccc1c2csc3c2c(ncn3)NCCCc4c(c([nH]n4)N)C#N)Cl
dude_mk01__L002061,CCCc1cc(=O)[nH]c(n1)S[C@H](c2cccs2)[C@H](CC)[NH3+]
dude_mk01__L002062,CC[NH+]1[C@H](NN[C@@H]1SCc2[nH]c(=O)c3ccc(cc3n2)C(=O)[O-])c4ccc(cc4)Cl
dude_mk01__L002063,c1cc2cccnc2c(c1)O[C@H]3[C@@H]([C@@H]([C@@H]([C@@H](O3)C(=O)[O-])O)O)O
dude_mk01__L002064,Cc1ccc(cc1C)c2nc(on2)[C@H]3CC(=O)N(C3)c4ccc(c(c4)F)C
dude_mk01__L002065,c1cc2c(cc1F)CC[C@@H](O2)[C@@H](C[NH2+]C[C@@H]([C@H]3CCc4cc(ccc4O3)F)O)O
dude_mk01__L002066,C[C@@H](C(=O)Nc1ccc(cc1)C(=O)N)Nc2ccc(c(c2)Oc3ccc(cc3)OC)OC
dude_mk01__L002067,Cc1ccc(c(c1)O[C@@H](C)C(=O)Nc2ccc(cc2)I)C(=O)N
dude_mk01__L002068,COc1ccc(cc1OC)[C@@H]2CC3=C([C@H](c4c([nH]nc4O)N3)c5ccc(cc5)C(F)(F)F)C(=O)C2
dude_mk01__L002069,c1ccc(c(c1)CC(=O)N2CCC[C@H]2c3ccccc3Cl)[N+](=O)[O-]
dude_mk01__L002070,COc1ccc(cc1Cl)[C@H]2C(=C(OC3=C2C(=O)CCC3)N)C#N
dude_mk01__L002071,C[C@@H]1CCc2c(sc(c2C(=O)N)NC(=S)NC(=O)c3cccc4c3cccc4Br)C1
dude_mk01__L002072,c1cc2c(cc1/C=C\3/CN=C(S3)NNc4nc(cs4)c5ccc(c(c5)O)O)OCO2
dude_mk01__L002073,CCOC(=O)[C@@H]1[C@H](NC(=O)N[C@]1(C(F)(F)F)O)c2ccc(cc2)O
dude_mk01__L002074,Cc1cc(cc(c1C)S(=O)(=O)N)C(=O)Nc2ccc(cc2)OC(F)F
dude_mk01__L002075,CCS(=O)(=O)c1ccc(c(c1)NC(=O)Nc2ccc(c(c2)Cl)Cl)O
dude_mk01__L002076,Cc1ccc(cc1)c2nc(on2)[C@H]3CCC(=O)N3Cc4ccccc4F
dude_mk01__L002077,CC(C)(C)c1ccc(cc1)c2nnc(n2N)SCC(=O)NNC(=O)c3cccs3
dude_mk01__L002078,c1c(cc(c(c1[N+](=O)[O-])[O-])I)C(=O)N
dude_mk01__L002079,CCC/C(=N/Nc1nnc(n1N)SCC(=O)Nc2cccc(c2Cl)Cl)/C
dude_mk01__L002080,Cc1cc(cc(c1NS(=O)(=O)c2ccccc2N)C)Br
dude_mk01__L002081,c1cc(ccc1CSc2ccc(cc2)Cl)C(=O)NC3CC[NH+](CC3)CC(=O)N
dude_mk01__L002082,C[C@@H]1C[C@@H](CN(C1)c2ccc(cc2N)S(=O)(=O)NC)C
dude_mk01__L002083,Cc1c(ccc\2c1NC(=O)/C2=N\NC(=O)[C@@]3(CC3(Cl)Cl)C)Cl
dude_mk01__L002084,Cc1cc(c(o1)C)C(=O)N/N=C/c2cc(cc(c2O)Cl)Cl
dude_mk01__L002085,CCN(C[C@@H]1COc2ccccc2O1)C(=O)CN3C(=O)[C@](NC3=O)(C)c4cccc(c4)n5cnnn5
dude_mk01__L002086,Cc1ccc(o1)CN([C@H](c2c(cc(cc2O)O)O)C(=O)NC(C)(C)CC(C)(C)C)C(=O)C#Cc3ccccc3
dude_mk01__L002087,c1ccc2c(c1)[C@@](C(=O)N2)([C@@]3(c4ccccc4NC3=O)O)O
dude_mk01__L002088,CCOC(=O)c1c(oc2c1c(nc(n2)CSc3nc(c4c5c(sc4n3)C[C@H](CC5)C)N)N)C
dude_mk01__L002089,Cc1c(ccc2c1N[C@@H]([C@H]3[C@H]2C=CC3)c4ccc(c(c4)OC)O)[N+](=O)[O-]
dude_mk01__L002090,CCCC(=O)Nc1ccc(c(c1)NC(=S)NC(=O)/C=C/c2ccc(cc2)Cl)Cl
dude_mk01__L002091,c1ccc2c(c1)cccc2CC(=O)NNC(=S)NC(=O)C3CCCCC3
dude_mk01__L002092,Cc1ccc(c(c1)C)S(=O)(=O)CC2=C([C@@H](NC(=O)N2)c3ccc(c(c3)OC)O)C(=O)OC
dude_mk01__L002093,C=CCN1C2=NC(=O)[C@@](C2=C(NC1=S)[O-])(C(F)(F)F)O
dude_mk01__L002094,Cc1c(c(=O)[nH]c(=S)[nH]1)Cc2c([nH]c(=S)[nH]c2=O)C
dude_mk01__L002095,C[C@H](c1ccccc1Cl)[NH+](CC(=O)Nc2c(ccs2)C(=O)N)C3CC3
dude_mk01__L002096,CCn1c2ccccc2c3c1ccc(c3)NC(=O)c4c(c\5c(o4)CCC/C5=N\NC(=S)N)C
dude_mk01__L002097,Cc1ccc2c(c1)cc(c(=O)[nH]2)[C@@H]3c4c(n[nH]c4OC(=C3C#N)N)C
dude_mk01__L002098,c1cc(cc(c1)F)[C@@H]2C[C@@H]2NC(=O)NCCc3ccc(cc3)S(=O)(=O)N
dude_mk01__L002099,c1cc(oc1)[C@@H]2CC(=NN2C(=O)CSc3nc(cc(n3)N)N)c4ccc(cc4)Cl
dude_mk01__L002100,CC(C)[NH+]1CCc2c(sc(c2C(=O)OC)NC(=O)c3ccc(cc3)S(=O)(=O)N(CC=C)CC=C)C1
dude_mk01__L002101,Cc1ccc(cc1)[C@@H]2[C@@H]3[C@@H](C(=O)N(C3=O)c4ccccc4)ON2c5ccccc5
dude_mk01__L002102,CC(C)[C@H](c1ccc(cc1)C2CCCCC2)NCC(=O)NCc3ccc(cc3)S(=O)(=O)N
dude_mk01__L002103,CC1([C@@H](C[C@H]1C(=O)NC(=S)Nc2ccccc2OC)CC(=O)NC(=S)Nc3ccccc3OC)C
dude_mk01__L002104,Cc1cc(cc(c1NC(=O)N[C@@H](C)C(=O)NC(C)(C)C)OC)Br
dude_mk01__L002105,CC/C(=N/NC(=O)CCCSc1nnc(n1N)c2ccccc2Br)/c3ccccc3
dude_mk01__L002106,c1ccc(cc1)n2c(cc(=O)nc2SCC(=O)Nc3cccc4c3cccc4)N
dude_mk01__L002107,C1CC(CCC1[NH3+])NC(=O)[C@@H]2[C@H]3C[C@@H]([C@@H]2C(=O)[O-])C=C3
dude_mk01__L002108,C[C@@H](Cc1ccc(cc1Cl)Cl)NC(=O)N2CCC[C@H](C2)CCC(=O)N
dude_mk01__L002109,Cc1ccc(cc1)COc2ccc(cc2)C[C@@H](C)NC(=O)[C@H](C(C)C)NC(=O)N
dude_mk01__L002110,COc1ccc(cc1)C2=C3[C@H](N(C(=O)[C@H]3N=N2)CCC4=c5cc(ccc5=[NH+]C4)OC)c6ccc(c(c6)OC)O
dude_mk01__L002111,c1c(cc(c(c1Cl)NC(=O)c2c[nH]c(=O)[nH]2)Cl)S(=O)(=O)N
dude_mk01__L002112,c1cc(c(cc1N[C@H]2CCS(=O)(=O)C2)C(=O)[O-])N
dude_mk01__L002113,COc1cc(ccc1O)/C=C(\C#N)/C(=O)Nc2c(c3c(s2)CCCC3)C(=O)N
dude_mk01__L002114,Cc1ccc(cc1)c2nc(on2)Cn3cc(cc(c3=O)Cl)C(F)(F)F
dude_mk01__L002115,CCOc1cc(ccc1O)[C@@H]2c3c([nH]c(=S)[nH]c3=O)NC4=C2C(=O)CCC4
dude_mk01__L002116,c1ccc(c(c1)CNc2c(c(ncn2)Oc3ccc(cc3)Br)N)Cl
dude_mk01__L002117,c1ccc(cc1)NS(=O)(=O)c2cc(cc(c2)NC[C@H]3C=c4ccccc4=[NH+]3)C(=O)NC5CCCC5
dude_mk01__L002118,C1[C@H]([C@H](C(=C[C@@]1(C(=O)[O-])O)F)O)O
dude_mk01__L002119,C[C@H]1CCC[C@](C1)(CO)Nc2cc3c(cc2N)OCCO3
dude_mk01__L002120,Cc1csc(n1)[N-]S(=O)(=O)c2ccc(c(c2)N)F
dude_mk01__L002121,CCc1ccc(cc1)N2[C@H]3CS(=O)(=O)C[C@@H]3N(C2=O)c4cccc(c4)C
dude_mk01__L002122,CC(C)(C)[C@@H]1CCC[C@@H]2C1=NN([C@@]2(C(F)(F)F)O)c3nc(cs3)C(=S)N
dude_mk01__L002123,C[C@@H]1CC2=C(C(=O)C1)[C@@]3(C(=O)c4cccc(c4[C@@H]([C@@]3(CC2)O)O)O)O
dude_mk01__L002124,c1ccc(c(c1)C(=O)N)NC(=O)CN2C(=O)C3(CCCCC3)NC2=O
dude_mk01__L002125,c1cc2c(cc1CN3C(=O)[C@@H]4[C@H](N[C@@]5([C@@H]4C3=O)c6cc(ccc6NC5=O)Cl)CC(=O)N)OCO2
dude_mk01__L002126,c1cc(cc(c1)[N+](=O)[O-])c2nnc(n2N)SCC(=O)N/N=C/c3cc(ccc3O)Br
dude_mk01__L002127,C=CCOc1ccc(cc1)/C=N/NC(=O)c2cc(cc(c2N)Br)Br
dude_mk01__L002128,COc1ccc(cc1Br)C(=O)NC(=S)NNC(=O)c2cc3ccccc3cc2O
dude_mk01__L002129,c1cc(c(cc1C(=O)OCC(=O)NC(=O)NC23CC4CC(C2)CC(C4)C3)N)Cl
dude_mk01__L002130,c1cc(ccc1/C(=N/S(=O)(=O)c2ccc(cc2)F)/[O-])Br
dude_mk01__L002131,Cc1c(cc(cc1F)c2nnnn2c3cccc(c3)Br)N
dude_mk01__L002132,Cc1ccc(cc1N2CCS(=O)(=O)CC2)N
dude_mk01__L002133,COc1ccc(cc1OC)c2c(c(nc3c2c(c(s3)C(=O)c4ccccc4)N)N)C#N
dude_mk01__L002134,Cc1ccc(c(c1)N2C(=O)/C(=C/c3ccc(cc3OC)OC)/SC2=O)C
dude_mk01__L002135,CC(C)(C)OC(=O)NCCNC(=O)[C@@H]1CN(CC12CC[NH2+]CC2)C(=O)c3ccc(o3)c4ccccc4F
dude_mk01__L002136,C([C@@]1([C@@H]([C@@H]([C@@H]([C@@H](O1)F)O)O)O)F)O
dude_mk01__L002137,COc1ccc(c(c1)[N+](=O)[O-])NC(=O)C[NH+]2CCC(CC2)NC(=O)NC34CC5CC(C3)CC(C5)C4
dude_mk01__L002138,c1cc(c(cc1N)F)S(=O)(=O)[N-]c2nncs2
dude_mk01__L002139,CC(C)NS(=O)(=O)c1ccc2c(c1)[C@H]3C=CC[C@@H]3[C@@H](N2)c4ccc(cc4O)O
dude_mk01__L002140,c1cc(sc1)/C(=C(/C#N)\C(=O)c2cc(sc2)Br)/[O-]
dude_mk01__L002141,C[C@@]12CCC[C@@H]1[C@@H]3CCC4=C/C(=N/NC(=O)N)/CC[C@]4([C@@H]3CC2)C
dude_mk01__L002142,C[C@@H]1CCc2c(sc3c2c(nc(n3)SCC(=O)NC(=O)NC(C)C)N)C1
dude_mk01__L002143,C[C@@H]1C[C@@H](CC(C1)(C)C)CC(=O)NCc2ccc(cc2)C(=O)NCC(=O)N
dude_mk01__L002144,c1ccc(cc1)CCn2c(=O)c3c(nc2NN)-c4ccccc4CC35CCCCC5
dude_mk01__L002145,c1cc(ccc1N)Nc2cc(=O)[nH]c(=O)[nH]2
dude_mk01__L002146,CCOc1ccccc1[C@H]2/C(=C(/c3ccc(c(c3)C)OCC(C)C)\O)/C(=O)C(=O)N2CCC[NH+](C)C
dude_mk01__L002147,C[C@@]1(CC[C@]2([C@@H](C1)C(C[C@@H]2NC(=O)C3CCCCC3)(C)C)CCC(=O)NCCc4c[nH]c5c4cccc5)O
dude_mk01__L002148,C=C1[C@@H]([C@H](NC(=S)N1)c2ccccc2OC(F)F)C(=O)Nc3ccc(cc3)Br
dude_mk01__L002149,COc1ccc(cc1CN2CCN(CC2)c3ccc(cc3)F)/C=N\NC(=O)c4cc(c(c(c4)O)O)O
dude_mk01__L002150,CN(C)c1ccc(cc1)C[NH+]2CCCN([C@@H]2c3cc(c(c(c3)OC)OC)OC)Cc4ccc(cc4)N(C)C
dude_mk01__L002151,C[C@H](c1ccc(c(c1)OC)OC(C)C)NC(=O)NNC(=S)NC2CCCC2
dude_mk01__L002152,Cc1ccc(cc1)CNS(=O)(=O)c2cc(cnc2NN)Br
dude_mk01__L002153,COc1ccc(cc1I)C(=O)NNC(=C)c2cc(ccc2O)O
dude_mk01__L002154,Cc1cccc(c1)NC(=O)CN2c3ccccc3NC(=CC2=O)c4cccs4
dude_mk01__L002155,c1cc2c(ccc(c2nc1)Oc3c(c(ncn3)NNC(=O)c4ccc(cc4)F)N)Br
dude_mk01__L002156,c1ccc2c(c1)[C@@]3([C@H]4[C@@H]([C@H]5[NH+]3CCC5)C(=O)N(C4=O)c6cc(cc(c6)Cl)Cl)C(=O)N2
dude_mk01__L002157,Cc1ccc(c(c1)OCC(=O)N/N=C/c2cc(c(c(c2O)Br)O)Br)C(C)C
dude_mk01__L002158,C[C@H](C(=O)Nc1ccc(cc1F)F)Sc2nnc(n2N)c3cccs3
dude_mk01__L002159,Cc1c(sc(n1)N)C(=O)NC2(CCC(CC2)C)C(=O)[O-]
dude_mk01__L002160,C[C@@H](C(=O)N[C@H]1CCCc2c1cc(c(=O)[nH]2)C(=O)N)Sc3cc(ccc3Cl)Cl
dude_mk01__L002161,CC(=O)Nc1ccc(c(c1)C(=O)NN=C(c2ccccc2)c3ccccc3)O
dude_mk01__L002162,c1ccc2cc(ccc2c1)Oc3c(c(ncn3)NNC(=O)c4ccc(cc4)Br)N
dude_mk01__L002163,Cc1cc(cc2c1NC(=O)[C@]23[C@H]4[C@@H]([C@@H](N3)Cc5ccc(cc5)O)C(=O)N(C4=O)CCc6ccccc6)Cl
dude_mk01__L002164,C1CC(CCC1NC(=O)N2C[C@H](C[C@H]2C(=O)[O-])O)O
dude_mk01__L002165,CC1CNC(=O)c2c1c3cc(ccc3[nH]2)C(=O)Nc4nc(cs4)C(=O)N
dude_mk01__L002166,c1ccc(cc1)Oc2cccc(c2)[C@@H]3[C@H]([C@@]([NH+]=C(N3)O)(C(F)(F)F)[O-])C(=O)c4cccs4
dude_mk01__L002167,c1cc(sc1)[C@H](c2ccc(cc2)F)NCC(=O)Nc3c(c4c(s3)CCCC4)C(=O)N
dude_mk01__L002168,CC(C)(C(=O)[O-])[NH2+][C@H](c1ccc(cc1)[C@H]([NH2+]C)n2c3ccccc3nn2)n4c5ccccc5nn4
dude_mk01__L002169,CCC(CC)(/C(=N/O)/N)C(=O)Nc1cccc(c1)I
dude_mk01__L002170,COc1ccc2c(c1O)CNC[C@H]2c3ccc(c(c3)O)O
dude_mk01__L002171,CCOc1ccc(cc1)NC(=O)CSc2nc(c3c4c(sc3n2)C[NH+](CC4)C)N
dude_mk01__L002172,Cc1ccc(cc1)[C@H]2NC(=O)c3ccccc3N2CC(=O)N
dude_mk01__L002173,C/C(=N\NC(=O)COc1ccc2ccccc2c1Br)/c3cccc(c3)N
dude_mk01__L002174,Cc1ccc(c(c1)C(=O)O[C@@H](C)C(=O)Nc2c(c3c(s2)CCC3)C(=O)N)O
dude_mk01__L002175,CCCNc1ccc(cc1NS(=O)(=O)c2c(cc(cc2C)C(C)(C)C)C)S(=O)(=O)N
dude_mk01__L002176,CC(C)[C@@H](C(=O)NNC(=S)NC1CCCCC1)NC(=O)c2ccc(cc2)F
dude_mk01__L002177,c1ccc2c(c1)[C@@H](C3(CCCCC3)N(C2=O)C4CCCCC4)C(=O)[O-]
dude_mk01__L002178,COc1ccc(c(c1)/C=N/Nc2nnc(n2N)SCC(=O)C3C4CC5CC(C4)CC3C5)O
dude_mk01__L002179,CC(=O)O[C@H]1[C@@H]2[C@@H](CO[C@H](N2OC(=O)C)c3c(cccc3Cl)F)O[C@H]1n4ccc(=O)[nH]c4=O
dude_mk01__L002180,c1cc(sc1)S(=O)(=O)/N=C(/[C@H]2CCCC[C@H]2C(F)(F)F)\[O-]
dude_mk01__L002181,c1ccc(c(c1)NC(=O)CNC(=O)NCCOc2ccc(cc2)Cl)Br
dude_mk01__L002182,CCc1ccc(cc1)NC(=O)c2c(c\3c(o2)CCC/C3=N\NC(=S)N)C
dude_mk01__L002183,CCCCSC1=N[C@@H](C2([C@@H](N1)c3cccc(c3)Cl)C(=O)NC(=O)NC2=O)c4cccc(c4)Cl
dude_mk01__L002184,c1cc(cc(c1)Br)[N-]S(=O)(=O)c2ccc(c(c2)Cl)C#N
dude_mk01__L002185,C[C@H]1C(=O)N(c2ccccc2O1)CCC(=O)NC[C@@H](c3ccc(cc3)OC)C4=c5ccccc5=[NH+]C4
dude_mk01__L002186,CNC(=O)c1c2c(n(n1)C)-c3c(cnc(n3)NC4CCN(CC4)C(=O)C5CCN(CC5)S(=O)(=O)C)CC2
dude_mk01__L002187,c1ccc(c(c1)/C=N/Nc2nnc(n2N)SCC(=O)NCc3ccco3)OCc4ccc(cc4)Cl
dude_mk01__L002188,c1ccc(cc1)/C=C\C(=O)N[C@@H](C(Cl)(Cl)Cl)NC(=S)Nc2cccc3c2cccc3
dude_mk01__L002189,CCc1cc2c(cc1O[C@@H]3[C@H]([C@@H]([C@@H]([C@@H](O3)CO)O)O)O)oc(c(c2=O)c4ccc5c(c4)OCO5)C
dude_mk01__L002190,Cc1cc2c(cc1S(=O)(=O)NCCc3ccc(cc3)S(=O)(=O)N)[nH]c4c2C(=O)CC(C4)(C)C
dude_mk01__L002191,COc1cc(ccc1OCc2ccccc2)[C@H]3CC(=O)Nc4c3sc(n4)N
dude_mk01__L002192,Cc1cc(c(c(c1)C)NC(=O)/C(=C/c2ccc(c(c2)[N+](=O)[O-])NC)/C#N)C
dude_mk01__L002193,C[C@H](COC)Nc1c(c(ncn1)Nc2ccc(cc2)I)N
dude_mk01__L002194,Cc1cc(cc(c1O)C)[C@@H]2[C@H]3[C@@H](C(=O)N(C3=O)C4CCCCC4)[C@@]([NH2+]2)(CO)C(=O)[O-]
dude_mk01__L002195,CC(C)(C)c1ccc(cc1)NC(=O)CSc2nc([nH]n2)N/N=C/c3cccc(c3O)CC=C
dude_mk01__L002196,c1cnc([nH]c1=O)Sc2cc3c(cc2N)OCC(=O)N3
dude_mk01__L002197,CCOc1cccc2c1O[C@@]3(C[C@H]2NC(=S)N3c4ccc(cc4)F)C
dude_mk01__L002198,CNC(=O)NNC(=O)c1cc2c([nH]c1=O)CCCC2=O
dude_mk01__L002199,c1cc(n(c1c2c(cc(cc2Br)F)F)C3CC3)C(=O)[O-]
dude_mk01__L002200,CN(C1CCCCCC1)S(=O)(=O)c2ccc(c(c2)N)OC
dude_mk01__L002201,CC(=O)Nc1cccc(c1)NC(=S)NNC(=O)/C=C/c2c(cccc2F)F
dude_mk01__L002202,Cc1cc(c2c3c(sc2n1)C(=O)N[C@H](N3)C4CCCCC4)COC
dude_mk01__L002203,c1cc(ccc1c2ccc(o2)/C=C(/C#N)\[C@@H]3[C@H](C(=NN3)N)C#N)S(=O)(=O)N
dude_mk01__L002204,c1cc(c(cc1NC(=O)CSc2[nH]c(=O)cc(n2)N)C(F)(F)F)Cl
dude_mk01__L002205,CC(C)[C@H](C(=O)Nc1cccc2c1cccn2)NC(=O)Cc3c4ccccc4c(=O)[nH]n3
dude_mk01__L002206,C(C(=O)[O-])N1[C@H]2[C@H](NC(=O)N2)NC1=O
dude_mk01__L002207,c1ccc(cc1)NC(=O)Nc2ccc(cc2)NC(=O)[C@@H]3CS[C@H](C(=O)N3)Cc4ccc(cc4)F
dude_mk01__L002208,Cc1ccc(cc1)S(=O)(=O)OC[C@@H]2[C@@H]([C@@H]([C@@H]([C@@H](O2)OC)O)O)O
dude_mk01__L002209,C[C@]12CC[C@H]3[C@H]([C@@H]1CC[C@H]2O)CCC4=C/C(=N\OCC(=O)N[C@@H]5CCCCNC5=O)/CC[C@]34C
dude_mk01__L002210,c1cc(ccc1CCC(=O)N/N=C/c2cc(ccc2O)Br)O
dude_mk01__L002211,CCCN1c2ccccc2[C@]3(C1=O)C(=C(N(C4=C3C(=O)CCC4)c5ccc(cc5)F)N)C#N
dude_mk01__L002212,CCCCC(=O)NC(C(F)(F)F)(C(F)(F)F)Nc1c(c2c(s1)CCCC2)C(=O)N
dude_mk01__L002213,CC(=O)Nc1ccc(cc1)NC(=S)N[C@H](C(Cl)(Cl)Cl)NC(=O)/C=C/c2ccccc2
dude_mk01__L002214,c1cc(cc(c1)Cl)c2cn[nH]c2c3cc([nH]c3)C(=O)NC(CO)c4ccc(cc4)F
dude_mk01__L002215,c1ccc2c(c1)c(nc(n2)c3ccncc3)N4CCO[C@@H](C4)c5cccc(c5)F
dude_mk01__L002216,CCOc1ccc2cc3c(c(sc3nc2c1)C(=O)N[C@H]4CCCC[C@@H]4C)N
dude_mk01__L002217,CCOC(=O)c1ccc(cc1)Nc2c(c(ncn2)Nc3ccc(cc3)I)N
dude_mk01__L002218,C[C@@]12CC[C@H]([C@@]([C@H]1Cc3c([nH]/c(=N/C(=O)OCC=C)/s3)[C@H]2CC(=O)Nc4ccccc4)(C)CO)O
dude_mk01__L002219,COc1cc(c(c(c1)[N+](=O)[O-])O)C(C2=c3ccccc3=[NH+][C@@H]2C(=O)[O-])C4=c5ccccc5=[NH+][C@@H]4C(=O)[O-]
dude_mk01__L002220,c1cc(ccc1n2c(cc(=O)nc2SCC(=O)Nc3c(c4c(s3)CCCCCC4)C#N)N)Cl
dude_mk01__L002221,CCOC(=O)N[C@@H](C(Cl)(Cl)Cl)NC(=S)Nc1ccc(cc1)Br
dude_mk01__L002222,CCC[C@@H](/C(=N/O)/N)NS(=O)(=O)c1c(cc(cc1Cl)Br)Cl
dude_mk01__L002223,[H]/N=C\1/C(=N\Nc2ccc(cc2)C(=O)[O-])/C(=NN1C)N
dude_mk01__L002224,C[C@@]12C[C@@H](C[C@@]([C@H]1CC[C@]34[C@H]2CC[C@H](C3)C(=C)[C@@H]4O)(C(=O)O)C(=O)[O-])O
dude_mk01__L002225,C[C@@H]1CCC[NH+](C1)C(C)(C)CNC(=O)Nc2cc(ccc2Cl)NC(=O)C
dude_mk01__L002226,CC(C)(C)NC(=O)[C@H](c1c(cc(cc1O)O)O)N(C(=O)C2CCCCC2)C(C)(C)C
dude_mk01__L002227,Cc1c(sc(n1)N)S[C@@]2(CCCSC2)C(=O)[O-]
dude_mk01__L002228,c1ccc2c(c1)cccc2c3cnnc(n3)NCc4c5ccccc5c(=O)[nH]n4
dude_mk01__L002229,CC(C)[C@@H](C(=O)Nc1cc(c(c(c1)Cl)N)Cl)NC(=O)c2cc(cc(c2)OC)OC
dude_mk01__L002230,c1cc2c(cc1N)OCCOCCOc3cc(ccc3OCCO2)N
dude_mk01__L002231,c1c(cc(c(c1S(=O)(=O)NCC(=O)NC2CC2)F)Cl)N
dude_mk01__L002232,CC1(CC(=O)N(C(=O)C1)c2ccc(cc2N)C(=O)[O-])C
dude_mk01__L002233,c1cc(ccc1C2(CCCC2)NCC(=O)Nc3ccc(cc3)S(=O)(=O)N)Cl
dude_mk01__L002234,c1cc(ccc1[C@@H]2[C@@H]3C(=NN=C3OC(=C2C#N)N)c4ccc(cc4)F)O
dude_mk01__L002235,c1ccc(cc1)c2ccc(cc2)c3ccc(nn3)N4CCN(CC4)C(=O)CN(Cc5ccco5)C(=O)C6CC6
dude_mk01__L002236,COC(=O)[C@@H](Cc1cc(c(c(c1O)Br)Cl)Br)[NH3+]
dude_mk01__L002237,CCOc1ccc(cc1)[C@@H]2CC3=C([C@H](Nc4ccccc4N3)c5cccnc5)C(=O)C2
dude_mk01__L002238,c1cc(sc1)/C=N/Nc2nnc(n2N)SCC(=O)Nc3cc(cc(c3)Cl)Cl
dude_mk01__L002239,CC1(Cc2c(sc3c2c(nc(n3)SCC(=O)NCc4ccccc4)N)CO1)C
dude_mk01__L002240,CNS(=O)(=O)c1cc(cnc1NN)Br
dude_mk01__L002241,CCOc1ccc(cc1)NC(=O)C2=C(NC(=S)N[C@@H]2c3cccc(c3)Br)C
dude_mk01__L002242,c1cc(sc1CNc2cn[nH]c(=O)c2Cl)S(=O)(=O)N
dude_mk01__L002243,Cc1cc2c(c(=O)n1CCc3ccc(c(c3)O)O)[C@H](C(=C(O2)N)C#N)c4cccc(c4)Cl
dude_mk01__L002244,Cc1cc(no1)CSC2=NC(=O)C3=C4CC[C@H](C[C@H]4SC3=N2)C
dude_mk01__L002245,Cc1ccc(cc1)[C@H](C(=O)NC(C)(C)C)N(C(=O)c2cccc(c2O)O)C(C)(C)C
dude_mk01__L002246,CCOC(=O)c1c2c(sc1NC(=O)c3c(c4cc5c(nc4s3)CCCC5)N)CCCC2
dude_mk01__L002247,Cc1cnc(nc1c2cc([nH]c2)C(=O)N[C@H](CO)c3ccccc3)Nc4ccccc4
dude_mk01__L002248,c1cc(ccc1Nc2c(c(ncn2)Nc3ccc(cc3F)Br)N)OC(F)(F)F
dude_mk01__L002249,Cc1cc(cc2c1N[C@@H]([C@@H]3[C@@H]2C=CC3)c4cc(ccc4O)Br)[N+](=O)[O-]
dude_mk01__L002250,CCCCNc1ccc(cc1NS(=O)(=O)c2c(c(cc(c2C)C)C)C)S(=O)(=O)N
dude_mk01__L002251,Cc1cc(c(cc1C)c2cc(n(n2)c3ccccc3)NC(=O)CSc4nnc(s4)N)C
dude_mk01__L002252,C[C@H](c1cccc2c1cccc2)NC(=O)[C@H](C)Nc3ccc(cc3)OCC(=O)N
dude_mk01__L002253,c1cc(c(cc1/C=C/C(=O)c2ccc(s2)C(=O)[O-])Br)F
dude_mk01__L002254,c1cc2c(cc1N3C[C@H](CC3=O)C(=O)N[C@H]4CCCN(C4)CC(=O)N)OCO2
dude_mk01__L002255,c1ccc(c(c1)/C=C/S(=O)(=O)[N-]c2ccc(c(c2F)F)F)Cl
dude_mk01__L002256,Cc1ccc(cc1)c2nnc(n2N)S[C@@H](C)C(=O)Nc3cc(c(cc3Cl)Cl)Cl
dude_mk01__L002257,c1ccc(cc1)Cn2c(nnn2)S[C@@H]3CC[C@H]4[C@@H](CC[C@@H]3S4)Sc5nnnn5Cc6ccccc6
dude_mk01__L002258,CC[C@H](C)NC(=O)c1ccc(cc1)NC(=O)CNc2ccc(cc2)NC(=O)C(C)C
dude_mk01__L002259,c1ccc(c(c1)NC(=O)c2c(c3cc4c(nc3s2)CCCC4)N)OC(F)(F)F
dude_mk01__L002260,CC(=O)NC1(CCCCC1)C(=O)Nc2ccc(cc2)NC(=O)Nc3ccccc3
dude_mk01__L002261,Cc1ccc(c(c1)NC(=O)CSC2=NN[C@@H](N2c3ccc(cc3)F)Cc4cc(=O)[nH]c(=O)[nH]4)C
dude_mk01__L002262,Cc1c(c(c(c2c1nc(s2)NC(=O)C(=O)[O-])C)O)C
dude_mk01__L002263,c1cc(cc(c1)NC(=O)/C=C/c2ccc(s2)c3ccc(cc3)Cl)C(=O)NCC(=O)N
dude_mk01__L002264,C[C@]12CC[C@@H]3c4ccc(cc4/C(=N/OCC(=O)[O-])/C[C@H]3[C@@H]1C[C@H]([C@@H]2O)O)O
dude_mk01__L002265,CC(C)NC(=O)CSc1nnc(n1N)c2ccc(cc2)Br
dude_mk01__L002266,c1cc(sc1)[C@H](CC(=O)Nc2ccc3c(c2)sc(n3)C4CC4)NC(=O)N
dude_mk01__L002267,C[C@@H]1CCC[C@H]([C@@H]1C)NC(=O)CSc2ccc(cc2N)Br
dude_mk01__L002268,CC(C)(C)NC(=O)[C@@H](c1c(cc(cc1O)O)O)N(c2ccccc2)C(=O)c3ccc(cc3)OC
dude_mk01__L002269,CN[C@@H]1c2c(ccc(c2NC1=O)F)Cl
dude_mk01__L002270,c1ccc(cc1)CCN2C(=O)/C(=C/C3C[C@@H]4CCC[NH+]5C4[C@@H](C3)CCC5)/C(=O)NC2=O
dude_mk01__L002271,c1ccc(cc1)CCCn2c(=O)c3ccc(cc3[nH]c2=O)[C@H]4N[C@@H](NO4)c5cccc(c5)C(F)(F)F
dude_mk01__L002272,c1cc(sc1)C2=NN=C3[C@H]2[C@@H](C(=C(O3)N)C#N)c4ccc(c(c4)Br)F
dude_mk01__L002273,CN(C)S(=O)(=O)NCc1cc(ccc1O)N
dude_mk01__L002274,C[C@@H]([C@H]1CCCC[NH+]1CC(=O)NC(=O)Nc2ccc(cc2)OC)NC(=O)OC(C)(C)C
dude_mk01__L002275,c1cc(oc1)/C=N/NC(=O)c2cc(ccc2O)Br
dude_mk01__L002276,COc1ccc(cc1)NC(=O)NC2=C([C@H]3CCCC[C@@H]3S2)C#N
dude_mk01__L002277,c1cc(cc2c1cc(cc2)Br)O[C@H]3[C@@H]([C@H]([C@@H](CO3)O)O)O
dude_mk01__L002278,Cc1cc2c(ccc(c2nc1NN)Br)Br
dude_mk01__L002279,CC[C@H](C)NS(=O)(=O)c1ccc2c(c1)[C@H]3C=CC[C@H]3[C@@H](N2)c4ccc(cc4O)O
dude_mk01__L002280,c1c(cnc(c1S(=O)(=O)N2CCCC[C@H]2CO)NN)Br
dude_mk01__L002281,c1ccc2c(c1)ccc(c2/C=N/Nc3[nH]nc(n3)SCCC(=O)Nc4ccccc4Br)O
dude_mk01__L002282,COc1ccc(cc1)[C@@H]2[C@H]([C@@](NC(=O)N2)(C(F)(F)F)O)C(=O)SC
dude_mk01__L002283,COc1ccc(cc1O)/C=N/Nc2nnc(n2N)SCc3ccc(c(c3)Cl)Cl
dude_mk01__L002284,COc1ccccc1NC(=O)c\2cc3ccc(cc3o/c2=N\c4ccc(cc4)S(=O)(=O)N)O
dude_mk01__L002285,CCOC(=O)N1CCC2(CC1)C(=C(NC(=C2C(=O)N)[S-])N)C#N
dude_mk01__L002286,c1cc2c(cccc2Br)c(c1)C(=O)NC(=S)Nc3c(c4c(s3)CCCCC4)C(=O)N
dude_mk01__L002287,c1cc(oc1)C(=O)Nc2c(nc([nH]c2=O)SCc3ccc(cc3)Br)N
dude_mk01__L002288,c1ccc2c(c1)n3cc(nc3s2)CSc4nnc(s4)N
dude_mk01__L002289,CN(CCOc1ccc(cc1)Br)c2ccc(cc2)C(=[NH2+])N
dude_mk01__L002290,CCC(C)(C)n1c(nnn1)[C@H](c2cc3cc(ccc3[nH]c2=O)OC)[NH+](Cc4ccccc4)Cc5cccs5
dude_mk01__L002291,CC(C)NS(=O)(=O)c1cc(cc(c1)NCc2ccccc2O)C(=O)NC3Cc4ccccc4C3
dude_mk01__L002292,CC[C@@H](C)c1ccc(cc1)[C@@H](c2cccs2)NC(=O)C[C@@H](c3cccs3)NC(=O)N
dude_mk01__L002293,c1cc(c(cc1Oc2c(c(c(c(c2F)F)F)F)F)[N+](=O)[O-])N
dude_mk01__L002294,CC(C)C[C@H](c1cccs1)NC(=O)Nc2cc(c[nH]c2=O)C(F)(F)F
dude_mk01__L002295,c1csc(n1)CCNC(=O)NNc2c(cc(c(n2)Cl)Cl)Cl
dude_mk01__L002296,Cc1ccc(cc1S(=O)(=O)N[C@@H]2CCCC[C@@H]2O)N
dude_mk01__L002297,c1ccc(cc1)NC(=O)[C@@H]2[C@H]3[C@@H]([C@@H]4[NH+]2C=Cc5c4cccc5)C(=O)N(C3=O)c6ccccc6
dude_mk01__L002298,Cc1cc(c(c(c1)O)c2c3c([nH]n2)C(=O)N([C@H]3c4cc(c(c(c4)Br)O)OC)CCO)C
dude_mk01__L002299,c1ccc(cc1)CN2CC[C@](C2)(C(=O)Nc3cccc(c3)NC(=O)N)C(F)(F)F
dude_mk01__L002300,c1cc(c(=O)[nH]c1)C(=O)N[C@H]2N/C(=C/C(=O)Nc3ccc(cc3)Cl)/CS2
dude_mk01__L002301,C[C@H](C(=O)NC12CC3CC(C1)CC(C3)C2)Sc4nc(cn4N)c5ccccc5
dude_mk01__L002302,c1ccc(c(c1)SCC(=O)Nc2ccc(cc2)C[NH+]3CCC[C@H](C3)C(=O)N)Cl
dude_mk01__L002303,CC(C)NC(=O)N1CCc2cc(c(cc2[C@@H]1CNC(=O)NC(C)(C)C)OC)OC
dude_mk01__L002304,c1ccc(cc1)NC(=S)NC2(CCCCC2)[C@@H]3CCCC[C@H]3O
dude_mk01__L002305,c1cc2c(cc1C(=O)[O-])ncn2CC(=O)NC(=O)N
dude_mk01__L002306,c1ccc(cc1)CN2C(=O)[C@@H]3[C@@H](N[C@@]4([C@H]3C2=O)c5ccccc5NC4=O)Cc6ccc(cc6)O
dude_mk01__L002307,CC(=O)Nc1cccc2c1c(ccc2)N/C=C/3\C(=O)NC(=S)N(C3=O)c4ccc(cc4)Cl
dude_mk01__L002308,CC[C@H](c1nnnn1C2CCCCC2)[NH+](Cc3ccc(cc3)OC)Cc4cc5c(cc(cc5[nH]c4=O)C)C
dude_mk01__L002309,C[C@@]12CC[C@H]([C@@]([C@H]1Cc3c(nc(s3)NC(=O)CC(C)(C)C)[C@H]2CC(=O)NC4CCCCC4)(C)CO)O
dude_mk01__L002310,CC1CCC2(CC1)C(=O)N(C(=O)N2)NC(=O)CN3C(=O)[C@@](NC3=O)(C)c4ccc5c(c4)OCCCO5
dude_mk01__L002311,Cc1ccc(cc1Cl)N2C(=O)[C@H]3[C@H]([NH2+][C@@]([C@@H]3C2=O)(CO)C(=O)[O-])c4ccc(cc4)N(C)C
dude_mk01__L002312,CC[C@H]1Cc2c3ccccc3[nH]c2[C@@H]([NH2+]1)c4c(=O)[nH]c(=O)n(c4[O-])Cc5ccc(cc5)OC
dude_mk01__L002313,Cc1ccccc1NC(=O)[C@H]2[C@H]([C@@H]([C@@](CC2=O)(C)O)C(=O)Nc3ccccc3C)c4ccc(cc4)N(C)C
dude_mk01__L002314,CC[NH+]1CCC(CC1)CNC(=O)c2cc(c(cc2Br)F)N
dude_mk01__L002315,COc1ccc(cc1)CNC(=O)c2cc(c[nH]2)c3c(cn[nH]3)c4cccc(c4)Cl
dude_mk01__L002316,C1CCN([C@@H](C1)C(=O)N)C(=O)N2C[C@H](C[C@@H]2C(=O)[O-])O
dude_mk01__L002317,CCOC(=O)c1ccccc1NC(=O)CSc2nc3c4ccccc4oc3c(=O)n2CCC(C)C
dude_mk01__L002318,Cc1c(ccc(c1C)/N=C(\N)/c2ncccc2)c3oc(cc3)c4c(c(c(cc4)/N=C(\N)/c5ncccc5)C)C
dude_mk01__L002319,Cc1c(c(=O)n([nH]1)c2ccccc2)[C@H](c3ccccc3O)C4=C(NN([C@@H]4O)c5ccccc5)C
dude_mk01__L002320,c1ccc(cc1)CCCCN\2C(=O)[C@@H](S/C2=N\c3ccccc3)CC(=O)Nc4cccc(c4)[N+](=O)[O-]
dude_mk01__L002321,CO[C@@H]1[C@H]([C@@H]([C@@H]([C@@H](O1)C(=O)[O-])O)O)O
dude_mk01__L002322,C[C@H]1CCc2c(sc(c2C(=O)N)NC(=S)NC(=O)c3c(c(c(c(c3F)F)OC)F)F)C1
dude_mk01__L002323,CC(C)(C)NC(=O)[C@H](c1c(cc(cc1O)O)O)N(C)C(=O)Cc2ccc(cc2)Br
dude_mk01__L002324,COc1ccc(cc1OC)[C@@H]2[C@H]3CC=C[C@@H]3c4c(ccc(c4N2)O)[N+](=O)[O-]
dude_mk01__L002325,CCN(CC(=O)Nc1ccccc1Oc2ccccc2)c3c(n(c(=O)[nH]c3=O)Cc4ccccc4)N
dude_mk01__L002326,Cc1ccc(o1)[C@](CCNC(=O)N[C@H](C)c2ccc(cc2)NC(=O)C3CC3)(C(F)(F)F)O
dude_mk01__L002327,c1c(nc([nH]c1=O)[O-])C(=O)N2C[C@H]3CC[C@H](C[C@H]3C2)[NH3+]
dude_mk01__L002328,CC(C)(C)NC(=O)C1CCN(CC1)C(=O)NC2CCCCC2
dude_mk01__L002329,c1cc2c(cc1C#N)nc([nH]2)[C@@H]([C@H](c3[nH]c4ccc(cc4n3)C#N)O)O
dude_mk01__L002330,C[C@@H](c1ccc(cc1)F)Sc2nnc3n2c4ccccc4c(=O)n3C
dude_mk01__L002331,CCCCCC(=O)O[C@@H]1C=C([C@]([C@@]2([C@@H]1C(CC[C@@H]2O)(C)C)C)(CO)O)CO
dude_mk01__L002332,CCCCC/C=C/C(=O)N(c1ccccc1)[C@H](c2c(cc(cc2O)O)O)C(=O)NC(C)(C)C
dude_mk01__L002333,c1cc(c(cc1F)[C@H]2[NH2+][C@@H](CCS2)C(=O)[O-])F
dude_mk01__L002334,CC[NH+](CC)c1ccc(c(c1)O)[C@@H]2Nc3c(c4c(s3)CN(CC4)C(=O)OCC)C(=N2)O
dude_mk01__L002335,Cc1cnc(nc1c2cc([nH]c2)C(=O)N[C@H](CO)c3ccccc3)Nc4ccccc4C(F)(F)F
dude_mk01__L002336,c1ccc(c(c1)C(=O)NC(=S)Nc2ccc(c(c2)c3nc4ccccc4o3)O)Cl
dude_mk01__L002337,CCCC(CCC)(/C(=N/O)/N)C(=O)Nc1ccccc1I
dude_mk01__L002338,Cc1cc(=O)[nH]c(n1)/N=C/c2c([nH]c(=S)[nH]c2=O)[O-]
dude_mk01__L002339,c1cc(c(cc1O)C(=O)[O-])NC(=O)N[C@H]2CCS(=O)(=O)C2
dude_mk01__L002340,c1ccc(cc1)OC(=O)c2c(c3c(c(sc3s2)C(=O)Oc4ccccc4)N)N
dude_mk01__L002341,C1C[C@@]([C@H]2[C@@H]1[C@@H]2C(=O)[O-])(C(=O)[O-])[NH3+]
dude_mk01__L002342,c1ccc(cc1)C(=O)/N=C(/[C@@H]2[C@@H](NN(C2=O)c3ccccc3)CSc4ccc(cc4)Cl)\N
dude_mk01__L002343,CC(C)(C)c1ccc(cc1)C(=O)N/C(=C\c2ccc(c(c2)OC)OC)/C(=O)NCCC3=c4ccccc4=[NH+]C3
dude_mk01__L002344,Cc1cc(oc-2cc(=[NH+]C(=O)[C@@H]3CCCN3C(=O)CNC(=O)CCC(=O)[O-])ccc12)O
dude_mk01__L002345,C[C@@H](C(=O)Nc1c(c2c(s1)CCC2)C(=O)N)Nc3ccc(cc3)Br
dude_mk01__L002346,Cc1cnc(nc1c2cc([nH]c2)C(=O)N[C@H](CO)c3cccc(c3)Cl)Nc4cccc(c4C)F
dude_mk01__L002347,c1ccc2c(c1)c(c(s2)C(=O)NNC(=O)CNC(=O)C3CCCCC3)Cl
dude_mk01__L002348,c1ccc(cc1)C(=O)[C@@H]2[C@@H](NC(=O)N[C@]2(C(F)(F)F)O)c3ccccc3O
dude_mk01__L002349,C[C@@H]1CCCC[C@H]1NC(=O)NC(=O)CSc2nnc(n2N)c3ccc(cc3)OC(F)F
dude_mk01__L002350,Cc1c(sc(n1)N)SCc2cc(=O)n3cc(ccc3n2)Cl
dude_mk01__L002351,CC(C)c1ccc(cc1)NC(=S)NNC(=O)c2ccc(cc2)NC(=O)c3ccco3
dude_mk01__L002352,c1ccc(cc1)N2C[C@H](CC2=O)c3nnc(o3)NC(=O)[C@H]4CCCN4S(=O)(=O)c5cccs5
dude_mk01__L002353,Cc1ccsc1/C=C(\C#N)/c2nc(cs2)c3ccc(cc3)[N+](=O)[O-]
dude_mk01__L002354,C[C@@H](c1cccc2c1cccc2)NCC(=O)Nc3c(c4c(s3)CCCC4)C(=O)N
dude_mk01__L002355,c1cc(ccc1C(=O)NNC(=S)NC(=O)c2ccc(cc2)[N+](=O)[O-])NC(=O)C3CCCCC3
dude_mk01__L002356,C[C@H]1CC[C@@H](CN1C(=O)N2CCC[C@@H]2C(=O)[O-])C(=O)N
dude_mk01__L002357,CC(C)(C)NC(=O)[C@@H](c1c(cc(cc1O)O)O)N(c2ccccc2)C(=O)c3ccccc3OC
dude_mk01__L002358,C[C@]12C[C@H](CC(C1)(C)C)N(C2)c3c(c(ncn3)NNC(=O)c4ccc(cc4)OC)N
dude_mk01__L002359,Cc1ccc(c(c1)C)NC(=O)[C@@H]2[C@@H]3C[C@](NC2=O)(Oc4c3cccc4)C
dude_mk01__L002360,CC1(Cc2c(sc3c2c(nc(=O)n3CC(=O)N)N)CO1)C
dude_mk01__L002361,Cc1ccc(o1)CN([C@H](c2c(cc(cc2O)O)O)C(=O)NC(C)(C)CC(C)(C)C)C(=O)c3ccccc3
dude_mk01__L002362,Cc1c2ccccc2oc1[C@H](C)NC(=O)NC3CCC(CC3)C(=O)NC
dude_mk01__L002363,CCN(CC(=O)N[C@H](c1ccc(cc1)OC)C(C)C)c2c(n(c(=O)[nH]c2=O)Cc3ccccc3)N
dude_mk01__L002364,C[C@H](c1ccc(c(c1)OC)OC2CCCC2)NC(=O)Nc3ccc(cc3)C(=O)N
dude_mk01__L002365,C1CCc2c(sc3c2c(nc(n3)COC(=O)CNC(=O)C45CC6CC(C4)CC(C6)C5)N)CC1
dude_mk01__L002366,Cc1cc2c(cc1S(=O)(=O)NCc3cccs3)[nH]c4c2C(=O)CC(C4)(C)C
dude_mk01__L002367,c1cc(cc(c1)O)NC(=S)N/N=C\2/c3cc(ccc3NC2=O)Br
dude_mk01__L002368,Cc1cc(c(c(c1)S(=O)(=O)N(C)C)C)N
dude_mk01__L002369,C[C@H](CCc1ccco1)NC(=O)NNC(=O)Nc2ccc(cc2)Br
dude_mk01__L002370,CCOC(=O)c1c(c2c(c3c(c(sc3nc2o1)C(=O)OCC)N)c4ccccc4)N
dude_mk01__L002371,CCCOC(=O)c1c2c(sc1NC(=O)c3cc(c(cc3Cl)Cl)S(=O)(=O)N)C[C@H](CC2)C
dude_mk01__L002372,CCCCN(c1c(n(c(=O)[nH]c1=O)CC(C)C)N)C(=O)CN[C@H](C)c2ccc(cc2Cl)Cl
dude_mk01__L002373,c1cc(sc1)[C@@H]2N/C(=C\C(=N\c3[nH]ncn3)\[O-])/CS2
dude_mk01__L002374,CC(C)(C)c1ccc(cc1)S(=O)(=O)N(c2ccc(cc2)OC(=O)c3ccncc3)C(=O)c4ccncc4
dude_mk01__L002375,CC(C)Cn1c2c(=O)[nH]c(=O)n(c2nc1N3CCN(CC3)C4=[NH+][C@H]5[C@H](N4CC(C)C)C(=NC(=O)N5C)[O-])C
dude_mk01__L002376,CC1(CC2=C([C@@H](c3c(=O)[nH]c(nc3N2)SCC=C)c4ccc5c(c4)OCO5)C(=O)C1)C
dude_mk01__L002377,c1ccc(cc1)[C@H]2c3cccn3CCN2Cc4cc(sc4)[N+](=O)[O-]
dude_mk01__L002378,CC[C@@H](C)Oc1ccc(cc1)C(=O)NC(=S)NNC(=O)c2ccc(cc2)NC(=O)C3CCCCC3
dude_mk01__L002379,CC[C@@H](c1nnnn1C2CCCC2)[NH+](CCc3cccc(c3)C)Cc4cc5cc(ccc5[nH]c4=O)OCC
dude_mk01__L002380,c1c(nc([nH]c1=O)SCC(=O)N[C@H]2[C@H](C3=C(S2)CCCC3)C#N)N
dude_mk01__L002381,c1cc(cc(c1)NC(=O)N[C@@H](c2cccs2)C3CCCC3)NC(=O)C4CC4
dude_mk01__L002382,CCc1c(c(nc(n1)SCC(=O)NNC(=O)c2ccco2)N)c3ccc(cc3)Cl
dude_mk01__L002383,CC(C)(C)c1cc(c(cc1NC(=O)c2c[nH]c3ccccc3c2=O)O)C(C)(C)C
dude_mk01__L002384,CC(=O)Nc1cc(cc(c1)NC(=O)C)C(=O)NCCc2cc(cc3c2OCOC3)F
dude_mk01__L002385,c1cc(c(cc1Cl)Br)OCCSc2nc(cc(n2)N)N
dude_mk01__L002386,Cc1cnc(nc1c2cc([nH]c2)C(=O)N[C@H](CO)c3ccccc3)Nc4ccccc4Cl
dude_mk01__L002387,C[C@]12CC/C(=N/OCC(=O)NCCc3ccc(cc3)O)/C=C1CC[C@@H]4[C@@H]2CC[C@]5([C@@H]4CC[C@@]5(C#C)O)C
dude_mk01__L002388,CCc1cccc2c1NC(=O)[C@]23[C@@H]4[C@H]([C@@H]5[NH+]3CCC5)C(=O)N(C4=O)c6ccc(cc6)OC
dude_mk01__L002389,C1CN(CCN1CN2CNC(=S)NC2)CN3CNC(=S)NC3
dude_mk01__L002390,c1cc(ccc1n2c(=O)c(c(cn2)NC3CCC(CC3)O)Cl)Cl
dude_mk01__L002391,Cc1c(sc(c1C(=O)N)NC(=O)CSc2[nH]c3c(c4c(s3)CCCC4)c(=O)n2)C
dude_mk01__L002392,C[C@@H](CC(C)C)NC(=O)[C@H]1C[NH2+]C[C@@H]1C(=O)NCCc2ccccc2Cl
dude_mk01__L002393,Cc1ccc(cc1)S(=O)(=O)CNC(=O)[C@H](c2c(cc(cc2O)O)O)N(C)C(=O)C(=C)C
dude_mk01__L002394,c1ccc2c(c1)[C@]3([C@@H]4[C@@H]([C@@H](N3)Cc5ccc(cc5)O)C(=O)N(C4=O)c6ccc(cc6)F)C(=O)N2
dude_mk01__L002395,Cc1ccc(cc1C)n2c(cc(c2C)C(=O)CSc3c(c(cc(n3)N)N)C#N)C
dude_mk01__L002396,c1cc(c(cc1[C@@H]2CN(CCO2)c3ccsc3[N+](=O)[O-])Cl)F
dude_mk01__L002397,Cc1cc(c2cc(ccc2[nH+]1)OC)Nc3ccc(cc3)S(=O)(=O)N
dude_mk01__L002398,CCOC(=O)c1c(c(c(s1)NC(=O)Nc2ccc(c(c2)Cl)Cl)C(=O)N)C
dude_mk01__L002399,C1CCC(CC1)Nc2nnc(s2)SCc3nc(c4c5c(sc4n3)CCCC5)N
dude_mk01__L002400,C[C@@H](c1ccccc1)NC(=O)c2cc(c[nH]2)c3c(cn[nH]3)c4cccc(c4)Cl
dude_mk01__L002401,COc1ccc(cc1O)[C@@H]2[C@H]([C@@H](c3ccc(cc3O2)O)O)O
dude_mk01__L002402,CC[C@@]1(C(=O)N(C(=O)N1)NC(=O)C[NH+](C)CC(=O)Nc2ccc(cc2)OC)c3ccccc3
dude_mk01__L002403,Cc1ccc(cc1)S(=O)(=O)N2CCC[NH+](CC2)[C@@H](C)C(=O)Nc3ccc4c(c3)[nH]c(=O)[nH]4
dude_mk01__L002404,c1cc(ccc1NC(=S)Nc2ccc(c(c2)Cl)Cl)S(=O)(=O)N
dude_mk01__L002405,C[C@H]1CCC[C@@H](C1)NC(=O)N2C[C@@H](C[C@H]2C(=O)[O-])O
dude_mk01__L002406,C[C@@H](CNS(=O)(=O)c1c(cc(cc1Cl)Br)Cl)/C(=N/O)/N
dude_mk01__L002407,c1cc(cc(c1)S(=O)(=O)[N-]c2cccc(c2)SC(F)F)C#N
dude_mk01__L002408,CN(C)c1ccc(cc1)NC(=O)NC[C@H]2CCC[C@@H](C2)CNC(=O)Nc3ccc(cc3)N(C)C
dude_mk01__L002409,Cc1ccc(cc1)Oc2c(c(ncn2)Nc3ccc(cn3)Br)N
dude_mk01__L002410,Cc1ccc(cc1)S(=O)(=O)Nc2ccccc2C(=O)Nc3c4ccccc4oc3C(=O)N
dude_mk01__L002411,Cc1cc(cc(c1C)NC(=O)C2CCCC2)S(=O)(=O)N
dude_mk01__L002412,C[C@@H]1CCC[NH+](C1)C[C@@H](C)NC(=O)Nc2ccc(cc2)C(=O)NC(C)(C)C
dude_mk01__L002413,CC(C)(C)OC(=O)N[C@@H]1CCN(C1)[C@@H](C[NH3+])c2ccc(cc2)Br
dude_mk01__L002414,CC[C@@H](c1ccccc1)C(=O)N(Cc2ccco2)[C@@H](c3c(cc(cc3O)O)O)C(=O)NC4CCCCC4
dude_mk01__L002415,CCOC(=O)[NH+]=c1ccc-2c(cc(oc2c1)O)CSc3nnc(n3CC=C)c4ccccc4OC
dude_mk01__L002416,Cc1cc(cc(c1)NS(=O)(=O)c2ccc(cc2N)Br)C
dude_mk01__L002417,Cc1cc(cc(c1)NC(=O)c2c(c\3c(o2)CCC/C3=N\NC(=S)N)C)C
dude_mk01__L002418,c1cc(oc1)CN2C(=O)/C(=C/c3cc(ccc3O)Cl)/SC2=S
dude_mk01__L002419,c1ccc2c(c1)cccc2NC(=O)CSc3nnc(n3N)N/N=C/c4cccc(c4Cl)Cl
dude_mk01__L002420,CCOc1c(cc(cc1Br)Br)CNc2ccc3c(c2)[nH]c(=O)[nH]3
dude_mk01__L002421,c1ccc(c(c1)C2=C[C@H]3C[C@@H]4CO[P@@](=O)(N[NH+]4C[C@@H]3C=C2O)[O-])O
dude_mk01__L002422,c1ccc(cc1)NC(=O)Nc2cccc(c2)NC(=O)N[C@@H]3CCOc4c3cccc4
dude_mk01__L002423,CC(C)(C)N([C@@H](c1c(cc(cc1O)O)O)C(=O)NC2CCCCC2)C(=O)c3ccc(cc3)[N+](=O)[O-]
dude_mk01__L002424,C[C@H]1CCc2c(sc3c2c(nc(n3)CSc4ccc(cc4)NC(=O)C)N)C1
dude_mk01__L002425,CC(C)c1ccccc1NC(=S)NNC(=O)c2ccccc2NS(=O)(=O)c3cccs3
dude_mk01__L002426,c1cc(ccc1n2cnc3c2nc(nc3N)N)Cl
dude_mk01__L002427,CC(C)NC(=O)O[C@@H]1CC[C@]2([C@@H]([C@]1(C)CO)CC[C@H]([C@H]2CC(=O)NCc3ccccc3OC)O)C
dude_mk01__L002428,Cc1c(sc(n1)C)[C@H](C)NS(=O)(=O)c2ccc(nc2)NN
dude_mk01__L002429,c1c(oc(c(c1=O)O)Br)CO
dude_mk01__L002430,CC(C)(C)N([C@H](c1c(cc(cc1O)O)O)C(=O)NC2CCCCC2)C(=O)CCl
dude_mk01__L002431,c1ccc(cc1)n2c(nnc2SCC(=O)NCc3ccccc3Cl)Cc4cc(=O)[nH]c(=O)[nH]4
dude_mk01__L002432,c1ccc2c(c1)[C@@]3(CC(=O)Nc4c3cnn4c5ccc(cc5)Cl)C(=O)N2CC(=O)N
dude_mk01__L002433,c1cc(ccc1n2c3c(cn2)[C@]4(CC(=O)N3)c5cc(ccc5NC4=O)Cl)OC(F)(F)F
dude_mk01__L002434,Cc1ccc(cc1C)Nc2nnc(s2)S[C@@H](C)C(=O)Nc3ccc4c(c3)[nH]c(=O)[nH]4
dude_mk01__L002435,c1ccc(c(c1)c2nnnn2Cc3cccc(c3)Br)N
dude_mk01__L002436,c1ccc2c(c1)cccc2CC(=O)NCC(=O)NCCCc3c(c(n(n3)c4ccc(cc4)F)N)C#N
dude_mk01__L002437,C[C@@H](C(=O)N)NC(=O)N1CSC[C@H]1C(=O)[O-]
dude_mk01__L002438,Cc1ccc(cc1NS(=O)(=O)c2ccc(cc2)C3CCCCC3)C(=O)N
dude_mk01__L002439,Cc1c(c(c(c(c1Br)O)C)O)/C=N/NC(=O)CNC(=O)c2ccccc2Br
dude_mk01__L002440,C[C@H]1CC[C@H](CN1C(=O)N2CCC[C@@H]2C(=O)[O-])C(=O)N
dude_mk01__L002441,CCCCC1=C2[C@H](C(=C(O[C@@H]2N=N1)N)C#N)c3ccc(s3)Br
dude_mk01__L002442,C1/C(=C/C(=O)[O-])/N/C(=C/O)/NC1=O
dude_mk01__L002443,Cc1ccc(cc1)[C@@H](c2nnnn2C3CCCC3)N4c5ccccc5C[C@H]4C
dude_mk01__L002444,C[C@H](C(=O)Nc1ccc(cc1)S(=O)(=O)N)[NH+]2CCN(CC2)S(=O)(=O)c3ccc(s3)Cl
dude_mk01__L002445,c1ccc(c(c1)c2nnc3n2CCCCC3)OC(=O)[C@H]4CCC=CC4
dude_mk01__L002446,c1cc2c(cc1S(=O)(=O)[O-])c(cc(c2N)O)N
dude_mk01__L002447,c1ccc(cc1)[C@@]2(CCN(C2)c3c(ncc(n3)c4cc[nH]n4)N)O
dude_mk01__L002448,c1ccc(cc1)C(=O)[C@@H]2[C@H](NC(=O)N[C@@]2(C(F)(F)F)O)c3c4ccccc4ccc3O
dude_mk01__L002449,c1ccn(c(=O)c1)Cc2ccc(o2)C(=O)Nc3cc(c(c(c3)Cl)N)Cl
dude_mk01__L002450,CCO[C@H]1[C@@H]([C@H]([C@H]([C@@H](O1)C(=O)[O-])O)O)O
dude_mk01__L002451,c1cc(ccc1CCNS(=O)(=O)c2cc(ccc2N)Br)O
dude_mk01__L002452,c1c2c(cc(c1Br)O)[C@H]3CO[P@](=O)(NN3CC2)[O-]
dude_mk01__L002453,c1ccc2c(c1)[C@]3([C@H]4[C@@H]([C@@H]5[NH+]3CCC5)C(=O)N(C4=O)c6cc(ccc6Cl)Cl)C(=O)N2
dude_mk01__L002454,Cc1c(sc(n1)N)C(=O)N2[C@H]3CCCC[C@@H]3C[C@@H]2C(=O)[O-]
dude_mk01__L002455,c1cc(ccc1S(=O)(=O)N[C@@H]2N/C(=C\C(=O)NC3=CC4=CC=N[C@@H]4C=C3)/CS2)Cl
dude_mk01__L002456,Cc1ccc(cc1C)N2C(=O)/C(=C\c3ccc(c(c3)OC)O)/C(=O)N2
dude_mk01__L002457,CCc1ccc(cc1)NC(=O)[C@@H](CCSC)NC(=O)[C@H]2Cc3ccccc3C[NH2+]2
dude_mk01__L002458,CC1(CC2=C([C@H](Nc3ccccc3N2)c4cccc(c4)O)C(=O)C1)C
dude_mk01__L002459,C=C1C=C(N2[C@H]([NH+]=C(N=C2N1)NCCc3c[nH]c4c3cccc4)c5ccc(cc5)Cl)[O-]
dude_mk01__L002460,c1ccc2c(c1)cc3ccccc3c2/C=N/Nc4[nH]nc(n4)SCC(=O)NNC(=O)C5CCC5
dude_mk01__L002461,C[C@H](CC(=O)NNC(=S)Nc1ccccc1C(C)C)NC(=O)C2CCCC2
dude_mk01__L002462,c1ccc(c(c1)NC(=O)NCc2ccc(cc2)S(=O)(=O)N)SC3CCCC3
dude_mk01__L002463,c1cc(c(cc1[C@]2([C@@H](Oc3c(cc(cc3O2)O)O)O)O)O)O
dude_mk01__L002464,Cc1ccc(cc1)S(=O)(=O)n2c3ccc(cc3c4c2sc(n4)C)OC
dude_mk01__L002465,Cc1nc2sc(c(c2c(c1)COC)N)/C(=N/N=C(/c3sc4nc(cc(c4c3N)COC)C)\C)/C
dude_mk01__L002466,Cc1ccc(cc1)S(=O)(=O)Nc2ccc(cc2)C(=O)Nc3c4ccccc4oc3C(=O)N
dude_mk01__L002467,c1ccc2c(c1)cc(o2)C3=NN([C@@H](C3)c4ccco4)C(=O)CNc5ccccc5C(=O)N
dude_mk01__L002468,C[C@@H](C(=O)Nc1ccccc1Sc2ccccc2)Sc3nnc(n3N)c4cccs4
dude_mk01__L002469,Cc1c(sc(n1)N)C(=O)N2C[C@@H](C[C@H]2C(=O)[O-])O
dude_mk01__L002470,c1ccc2c(c1)cccc2c3ccc(s3)C(=O)Nn4cn[nH]c4=S
dude_mk01__L002471,Cc1ccc(cc1)C(=O)N[C@@H](C(C)C)C(=O)NNC(=S)NC2CCCC2
dude_mk01__L002472,Cc1cc(cc(c1)c2nnc(o2)S[C@H](C)C(=O)N3CCC(CC3)C)C
dude_mk01__L002473,CCN1C(=C([C@H](NC1=S)c2ccc(cc2)NC(=O)Nc3c(cccc3C)C)C(=O)OCC)C
dude_mk01__L002474,c1ccc(cc1)NC(=O)NCC(=O)NNC(=O)c2ccc(cc2)CSc3nc4ccccc4s3
dude_mk01__L002475,Cc1cccc(c1)C(C)(C)CNC(=O)NN[C@@]2(CCS(=O)(=O)C2)C
dude_mk01__L002476,Cc1ccc(cc1NC(=O)C(=O)N[C@@H](C)[C@H]2C[C@H]3CC[C@@H]2C3)NC(=O)C(C)C
dude_mk01__L002477,CNS(=O)(=O)c1ccc(c(c1)N)Nc2ccc(cc2)I
dude_mk01__L002478,CC(C)(C)[C@H]1CCc2c(sc(c2C(=O)N)NC(=S)NC(=O)c3cc(cc(c3)OC)OC)C1
dude_mk01__L002479,CCCN([C@@H](c1c(cc(cc1O)O)O)C(=O)NC2CCCCC2)C(=O)Cc3ccc(cc3)Br
dude_mk01__L002480,Cc1ccc(cc1)S(=O)(=O)NC(=S)NNC(=O)c2ccc(cc2)Cl
dude_mk01__L002481,Cc1ccc(c(c1)N)[N-]S(=O)(=O)C2CCS(=O)(=O)CC2
dude_mk01__L002482,Cc1cc(c(o1)C)[C@@H](C)NC(=O)NNC(=O)c2cc3c(s2)CC[C@H](C3)C
dude_mk01__L002483,CCOc1cc(cc(c1O)Cl)[C@H]2C3=C(C[C@@H](CC3=O)c4cccc(c4)OC)Nc5ccccc5N2
dude_mk01__L002484,c1ccc(c(c1)[C@H]2[NH+]=NC(=S)N2/N=C/c3cc(ccc3O)Br)Br
dude_mk01__L002485,Cc1ccc(cc1)S(=O)(=O)CNC(=O)[C@H](c2c(cc(cc2O)O)O)N(C3CCCCC3)C(=O)C(=C)C
dude_mk01__L002486,CCOc1ccc(cc1)NS(=O)(=O)c2ccc3c(c2)[C@H]4C=CC[C@H]4[C@@H](N3)c5ccc(cc5O)O
dude_mk01__L002487,Cc1cc(c(c(c1)C)NC(=O)CNC(=O)NCc2cc3ccccc3o2)C
dude_mk01__L002488,CC(C)[C@@H](C(=O)Nc1ccc(cc1)S(=O)(=O)N)N2C(=O)[C@@H]3[C@@H]4C[C@H]([C@@H]3C2=O)C=C4
dude_mk01__L002489,c1c(c(cc(c1N2CCC[C@@H](C2)C(=O)N)F)N)C(=O)[O-]
dude_mk01__L002490,c1cc(ccc1[C@@H]2[C@H]([C@@](NC(=O)N2)(C(F)(F)F)O)C(=O)c3ccc(cc3)Cl)Cl
dude_mk01__L002491,c1cc(ccc1N2C(=O)Nc3ccc(cc3[C@@]2(C(=O)NCCC4=CCCCC4)O)Br)Cl
dude_mk01__L002492,CC(C)C[C@H](c1cccs1)NC(=O)NNC(=O)c2cn(c3c2cccc3)C
dude_mk01__L002493,CCCSc1nc2n(n1)[C@@H](C(=C(N2)C)C(=O)OCC)c3ccc(c(c3)OC)OCc4ccccc4C
dude_mk01__L002494,COc1cc(ccc1O)[C@H]2[C@@H](Oc3ccc(cc3O2)[C@H]4CC(=O)c5c(cc(cc5O4)O)O)CO
dude_mk01__L002495,Cc1ccccc1CC(=O)N(Cc2ccc(o2)C)[C@H](c3c(cc(cc3O)O)O)C(=O)NC4CCCCC4
dude_mk01__L002496,CC1=C([C@H](N2C(=[NH+]1)N=C([N-]2)SCc3ccccc3Cl)c4ccc(cc4)O)C(=O)N
dude_mk01__L002497,C[C@@H](CNS(=O)(=O)c1cc(cnc1)Br)/C(=N/O)/N
dude_mk01__L002498,Cc1ccc(c2c1N[C@H]([C@H]3[C@H]2C=CC3)c4cccc(c4O)OC)[N+](=O)[O-]
dude_mk01__L002499,Cc1ccc(cc1)C23C[C@H]4C[C@@H](C2)CC(C4)(C3)C(=O)N/N=C/c5ccc(c(c5)O)O
dude_mk01__L002500,CC[NH+](CC)c1ccc(cc1)NC(=O)CSc2nc([nH]n2)N/N=C/c3ccc(cc3)C
dude_mk01__L002501,c1cc(cc(c1)N2CCNC2=O)NC(=O)NCC3(CC3)c4ccc(cc4)Cl
dude_mk01__L002502,Cc1ccc(cc1C)NC(=S)NN2C(=O)C3(CCC(CC3)C)NC2=O
dude_mk01__L002503,CC(C)(C)C1=NN=C2[C@H]1[C@@H](C(=C(O2)N)C#N)c3ccc(c(c3)F)F
dude_mk01__L002504,CC(C)(C)c1ccc(c(c1)NC(=O)CNC(=O)c2ccc(cc2F)F)O
dude_mk01__L002505,c1cc(ccc1C2(CC2)NC(=O)CNC(=O)NCC3CCCC3)Br
dude_mk01__L002506,CCC1CCC2(CC1)C(=O)N(C(=O)N2)CC(=O)N3CCN(CC3)S(=O)(=O)c4c(noc4C)C
dude_mk01__L002507,C/C(=C/1\C(=O)NC(=O)N(C1=O)C)/Nc2ccccc2N
dude_mk01__L002508,CC(C)[C@H]([C@H]1[NH+]=C(NO1)c2ccc3c(c2)[nH]c(=O)c(=O)n3C(C)C)NS(=O)(=O)c4ccccc4
dude_mk01__L002509,c1cc(sc1CN2CCc3c(ccs3)[C@H]2C(=O)[O-])Br
dude_mk01__L002510,CC1=C([C@@H](c2c(c(sc2N1)C(=O)C34CC5CC(C3)CC(C5)C4)N)c6cccs6)C(=O)OC
dude_mk01__L002511,c1cc(ccc1CSc2nnc(n2N)N/N=C/c3cc(ccc3O)Cl)F
dude_mk01__L002512,C=CCSc1ccccc1NC(=O)CSc2nnc(n2c3ccccc3)c4ccc(cc4)[N+](=O)[O-]
dude_mk01__L002513,COc1ccc(cc1)[C@]2(C[C@H](NC(=S)N2)c3cccs3)c4ccc(cc4O)O
dude_mk01__L002514,c1cc(oc1)[C@@H]2c3ccc(cc3OC(=C2C#N)N)N
dude_mk01__L002515,Cc1ccc(c(c1)NC(=O)C[C@H]2C(=O)N/C(=N/c3ccc(c(c3)C)C)/S2)C
dude_mk01__L002516,C[C@H](C(=O)Nc1c(c2c(s1)CCCC2)C#N)Sc3nnc(s3)N
dude_mk01__L002517,Cc1ccc(cc1)[C@H]2C(=C(NC(=O)N2)CN3CCC(CC3)(C(=O)N)[NH+]4CCCCC4)C(=O)OC
dude_mk01__L002518,Cc1cc(cc(c1C)NC(=O)c2cc(n(c2C)C(C)C)C)S(=O)(=O)N
dude_mk01__L002519,Cc1cc(ccc1NC(=O)CSc2nnc(n2N)C(C)(C)C)Br
dude_mk01__L002520,CN(C)c1nc(nc(n1)N)/C(=C/c2cc(ccc2F)Br)/C#N
dude_mk01__L002521,CC(C)(C)c1ccc(cc1)c2nnc3n2CN(CS3)Cc4ccncc4
dude_mk01__L002522,C/C(=N\Nc1[nH]nc(n1)SCCC(=O)Nc2c(cccc2Cl)Cl)/c3ccccc3O
dude_mk01__L002523,c1ccc(cc1)CCC(=O)Nc2ccc3c(c2)[C@@H]4C=CC[C@H]4[C@H](N3)c5ccc(cc5O)O
dude_mk01__L002524,c1cc(ccc1c2nnc(n2N)SCC(=O)Nc3ccc(cc3)Br)Cl
dude_mk01__L002525,Cc1ccc(c(c1)C)[C@@H]2N(CCS2)C(=O)c3ccc(c(c3)[N+](=O)[O-])C
dude_mk01__L002526,CC(C)C[C@@H](C(=O)Nc1ccc2c(c1)[nH]c(=O)[nH]2)NC(=O)c3ccc(cc3Cl)Cl
dude_mk01__L002527,CCOc1cc(ccc1OCc2ccc(cc2Cl)Cl)/C=N/NC(=O)c3c(c(c(s3)N)C#N)C
dude_mk01__L002528,CC1=C([C@@H](NC(=S)N1)c2ccc(c(c2)OC)O)C(=O)N/N=C/c3ccc(cc3)N(C)C
dude_mk01__L002529,COc1ccc(cc1OC)CCNc2c(c(ncn2)Nc3cc(ccc3F)F)N
dude_mk01__L002530,c1ccc2cc(c(cc2c1)C(=O)NNC(=S)NC(=O)c3cccs3)O
dude_mk01__L002531,c1cc(ccc1NC(=O)NC[C@H]2CCC[C@@H](C2)CNC(=O)Nc3ccc(cc3)S)S
dude_mk01__L002532,CCCn1c2ccc(cc2[nH]c1=O)[C@H]3N[C@@H](ON3)[C@@H](C(C)C)NS(=O)(=O)c4ccc(cc4)C
dude_mk01__L002533,c1ccc(cc1)NC(=O)Nc2ccc(cc2)NS(=O)(=O)c3cccs3
dude_mk01__L002534,c1ccc2c(c1)c(cn2CC(=O)N)/C=N/NC(=O)COc3cccc(c3)Br
dude_mk01__L002535,Cc1ccc(cc1)N2C[C@@H](CC2=O)c3nc(on3)c4ccc(cc4)C(C)(C)C
dude_mk01__L002536,[H]/N=c\1/[nH]c(nc2n1nc(n2)c3ccco3)N4CC[NH+]5C[C@H](CC[C@H]5C4)CNCc6ccncc6
dude_mk01__L002537,Cc1ccc(cc1)S(=O)(=O)N[C@@H]2c3cccc4c3c(ccc4)[C@@H]2Sc5nnc(s5)N
dude_mk01__L002538,c1ccc(cc1)c2ccc(cc2)C(=O)NC(=S)NNC(=O)CCC(=O)Nc3ccccc3
dude_mk01__L002539,CNc1ccc(c(n1)C(=O)Nc2nc3ccccc3s2)Cl
dude_mk01__L002540,CCOC(=O)CCC(=O)Oc1ccccc1c2c(n3ccc(cc3[nH+]2)C)NC(C)(C)CC(C)(C)C
dude_mk01__L002541,CC[C@H](C)NC(=O)[C@H]1CCCN(C1)C(=O)NC2CCCCC2
dude_mk01__L002542,C[C@]12CC[C@H]([C@@]([C@H]1CC[C@H]([C@H]2CC(=O)N3CC[C@H](C3)O)O)(C)CO)OC(=O)NC4CCCCC4
dude_mk01__L002543,C[C@H]1[C@@H]([C@H]([C@@H]([C@H](O1)O[C@H]2CC[C@]3([C@@H](C2)CC[C@H]4[C@H]3CC[C@]5([C@@]4(CC[C@@H]5C6=CC(=O)OC6)O)C)C=O)O)OC)O
dude_mk01__L002544,c1ccc(cc1)[C@H]2[C@H]3[C@@H](C(=O)N(C3=O)c4ccccc4)ON2c5ccccc5
dude_mk01__L002545,CC1CCN(CC1)S(=O)(=O)c2ccc(cc2)N3C[C@@H](CC3=O)C(=O)NN
dude_mk01__L002546,C[C@H]1CCC[C@](C1)(C(=O)[O-])NC(=O)NC2CCC2
dude_mk01__L002547,Cc1ccc(cc1NC(=O)N[C@H](c2cccs2)C(C)C)NC(=O)C(C)C
dude_mk01__L002548,CC(C)c1ccc(cc1)NC(=O)c2ccccc2NS(=O)(=O)c3ccc4c(c3)[nH]c(=O)[nH]4
dude_mk01__L002549,CC(C)c1ccccc1NC(=S)NNC(=O)CNC(=O)/C=C/c2ccccc2
dude_mk01__L002550,COc1cc(c(c(c1O)/C=N/c2ccc(cc2)NC(=S)N)Br)Br
dude_mk01__L002551,CCCN([C@@H](c1c(cc(cc1O)O)O)C(=O)NC(C)(C)CC(C)(C)C)C(=O)C(=C)C
dude_mk01__L002552,Cc1ccc(cc1)c2csc(c2C(=O)N)NC(=O)CCn3c(=O)cc(c4c3c(ccc4)C)C
dude_mk01__L002553,CCCCC/C=C/C(=O)N([C@H](c1c(cc(cc1O)O)O)C(=O)NC(C)(C)C)C(C)(C)C
dude_mk01__L002554,CSC1=N[C@@]2(c3ccccc3NC2=O)N=C(N1)N
dude_mk01__L002555,COc1cccc(c1)C(=O)c2c(c(c3n2cccc3)C(=O)Nc4ccccc4F)N
dude_mk01__L002556,C[C@@H](CC(=O)Nc1ccc(cc1)NC(=O)NC2CC2)NC(=O)C3CCCCC3
dude_mk01__L002557,CCOC(=O)c1c2c(sc1NC(=O)[C@@H]3CCC[NH+](C3)Cc4nc(no4)c5ccc(cc5)F)CCCC2
dude_mk01__L002558,c1ccc(cc1)Cc2ccc(cc2)[C@H](C[NH2+]Cc3ccccc3)N4CC[NH2+][C@@H](C4)[O-]
dude_mk01__L002559,CCSc1ccccc1N[C@H](C)C(=O)Nc2ccc(cc2)S(=O)(=O)N
dude_mk01__L002560,Cc1ccc(cc1)NC(=O)CSc2nnc(n2N)c3cc(n[nH]3)c4ccc(cc4)Cl
dude_mk01__L002561,Cc1ccc(cc1)c2nnc(n2N)S[C@@H](C)C(=O)NC(=O)Nc3ccc(cc3C)C
dude_mk01__L002562,CCCCNc1ccc(cc1NS(=O)(=O)c2cc(ccc2C)C)S(=O)(=O)N
dude_mk01__L002563,C[C@]1([C@@H]([C@@H](NC(=S)N1)c2ccc(cc2)OC(F)F)C(=O)Nc3ccccc3)OC
dude_mk01__L002564,c1ccc2c(c1)c(c[nH]2)CCNC(=O)C[C@H]3CS[C@@H](N3)NC(=O)[C@@H]4CC(=O)N(C4)c5cccc(c5)F
dude_mk01__L002565,C[C@@H]1CC[C@H](CN1C(=O)CNC(=O)c2c[nH]c3ccccc3c2=O)C(=O)N
dude_mk01__L002566,c1ccc(c(c1)n2c(c(nn2)c3nc(no3)c4ccc(cc4)Cl)N)F
dude_mk01__L002567,CCCCn1c2c(c(=O)n(c1=O)C[C@@H](COc3ccc(cc3Cl)Cl)O)n(cn2)C4CCCC4
dude_mk01__L002568,COc1ccc(cc1)NC(=O)CN2C(=O)C3(CCCCCCC3)NC2=O
dude_mk01__L002569,Cc1c(cccc1NC(=O)C(=O)NCCC23CC4CC(C2)CC(C4)C3)C(=O)N
dude_mk01__L002570,CCOc1cc(cc(c1O)Br)[C@@H](CC(=O)[O-])[NH3+]
dude_mk01__L002571,c1ccc2c(c1)c(c[nH]2)c3c(cnc(n3)N)c4ccc(cc4)C(F)(F)F
dude_mk01__L002572,CC(C)(C)NC(=O)c1ccc(cc1)NC(=O)NC2[C@@H]3CCC[C@H]2C[NH+](C3)C4CC4
dude_mk01__L002573,COc1c(cc(cc1Br)Cl)N[C@@H]2CCS(=O)(=O)C2
dude_mk01__L002574,C[C@H](C(=O)N1CCCC[C@@H]1CCO)NC(=O)N
dude_mk01__L002575,CCOC(=O)C1=C(N(C2=C([C@@H]1c3ccc(c(c3)O)OC)C(=O)CCC2)c4cccc(c4)C(F)(F)F)N
dude_mk01__L002576,c1cc(sc1)/C=C/2\C(=O)N(C(=S)S2)N
dude_mk01__L002577,c1ccc(cc1)CCNS(=O)(=O)c2ccc3c(c2)[C@@H]4C=CC[C@H]4[C@H](N3)c5ccc(cc5O)O
dude_mk01__L002578,C[C@H]1[C@@H](SNN1)C(=O)Nc2nc3ccc(cc3s2)OC(F)(F)F
dude_mk01__L002579,Cc1ccc(o1)C(=O)C2=C(C(=O)N[C@@H]2c3ccc(cc3)O)[O-]
dude_mk01__L002580,COc1ccc(cc1[N+](=O)[O-])C(=O)NC(=S)Nc2cccc3c2cccc3O
dude_mk01__L002581,Cc1ccc(cc1)[C@@H]2NC(=N[C@H]3N2C(=O)C=C(N3)C)NCCC4=c5ccccc5=[NH+]C4
dude_mk01__L002582,C/C(=N\NC(=O)COc1ccc(cc1Br)C(C)(C)C)/c2ccc(cc2)N
dude_mk01__L002583,c1ccc(cc1)CC(=NNc2nnc(n2N)SCC(=O)Nc3ccc(cc3)F)Cc4ccccc4
dude_mk01__L002584,Cc1c(c(n[nH]1)C)N/C(=C/2\C(=c3ccccc3=NC2=O)[O-])/O
dude_mk01__L002585,CC(C)(C)CC(C)(C)NC(=O)[C@H](c1c(cc(cc1O)O)O)N(Cc2ccco2)C(=O)c3ccccc3
dude_mk01__L002586,c1cc(c(cc1NC(=O)C(=O)NN=C2CCCCCC2)C(F)(F)F)Cl
dude_mk01__L002587,c1cc(ccc1C(=O)N/N=C/c2ccc(cc2O)O)NC(=O)C3CCCCC3
dude_mk01__L002588,Cc1cc(c(cc1Cl)C2=C3[C@H](N(C(=O)[C@H]3N=N2)CCO)c4ccc(c(c4)Cl)Cl)O
dude_mk01__L002589,c1cc2c(cc1NC(=O)COc3ccc(cc3F)Br)[nH]c(=O)[nH]2
dude_mk01__L002590,C[C@@]1(CC[C@]2([C@@H](C1)C(C[C@@H]2NC(=O)CC(C)(C)C)(C)C)CCC(=O)NCCc3c[nH]c4c3cccc4)O
dude_mk01__L002591,c1cc(c(cc1Cl)Cl)OCC(=O)Nc2c(c3c(s2)CCCCC3)C(=O)N
dude_mk01__L002592,c1cc(ccc1CNC(=O)NNC(=O)CC2CCCCC2)C(F)(F)F
dude_mk01__L002593,CC[NH+](CC)c1ccc(cc1)[C@@H]2Nc3c(c4c(s3)C[NH+](CC4)C)C(=O)N2
dude_mk01__L002594,CC(C)(C(=O)N)NC(=O)N1[C@@H]2CCCC[C@H]2C[C@@H]1C(=O)[O-]
dude_mk01__L002595,c1cc(ccc1C(=O)NC(=S)Nc2ccc3c(c2)nc(o3)c4ccc(c(c4)Br)O)F
dude_mk01__L002596,Cc1ccc(cc1)/C=N/Nc2nnc(n2N)SCC(=O)Nc3ccc(cc3)I
dude_mk01__L002597,c1cn[nH]c1[N-]S(=O)(=O)c2cc(cc(c2F)Cl)N
dude_mk01__L002598,COCCCN(c1c(n(c(=O)[nH]c1=O)Cc2ccccc2)N)C(=S)NC(=O)C34CC5CC(C3)CC(C5)C4
dude_mk01__L002599,c1ccnc(c1)c2nnc3n2nc(cc3)SCc4ccc(cc4)Cl
dude_mk01__L002600,Cc1ccc(cc1)Cn2cc(c(=O)c3c2cccc3N)C(=O)NC
dude_mk01__L002601,CC(C)Oc1ccc(cc1)C(=O)NC(=S)NNC(=O)c2ccc(c(c2)I)OC
dude_mk01__L002602,C=CCN1C=C(NC(=N1)SCC(=O)Nc2ccc(cc2)C(=O)N)Oc3ccc(cc3)Cl
dude_mk01__L002603,CC(C)Cn1c(c(c(=O)[nH]c1=O)N(CC(C)C)C(=O)c2ccc(cc2)OC(C)C)N
dude_mk01__L002604,CC(C)(C)NC(=O)NC(=O)CN1C(=O)C(NC1=O)(c2ccc(cc2)OC)c3ccc(cc3)OC
dude_mk01__L002605,c1cc(c(cc1[N+](=O)[O-])C(=O)N[C@H]2CCCC[C@H]2O)Br
dude_mk01__L002606,Cc1ccc(cc1)Cn2c3ccccc3c(=O)n(c2=O)Cc4ccco4
dude_mk01__L002607,c1ccc(cc1)C(=O)c2cc(ccc2NCC(=O)Nc3ccc(cc3)S(=O)(=O)N)Br
dude_mk01__L002608,[H]/N=C/1\N[C@]2([C@@H](S1)S(=O)(=O)C=C2SC)[O-]
dude_mk01__L002609,c1c(cnc(c1Br)N)S(=O)(=O)[O-]
dude_mk01__L002610,CCOc1ccc(cc1OCC)C[C@H]2c3cc(c(cc3CCN2C(=O)C[NH+]4CCCCC4)OCC)OCC
dude_mk01__L002611,CC(C)COc1ccc(cc1)C(=O)NC(=S)Nc2c(c3c(s2)CCCC3)C(=O)N
dude_mk01__L002612,CCOC(=O)Cn\1c2ccc(cc2s/c1=N\C(=O)[C@@H]3CCCN3S(=O)(=O)c4cccs4)C(C)C
dude_mk01__L002613,c1cc(c(cc1C(=O)N)[N+](=O)[O-])COC(=O)c2cc(ccc2O)Br
dude_mk01__L002614,c1cc(ccc1c2c(nc(nc2N)NC#N)C(=O)Nc3ccc(c(c3)Cl)Cl)Cl
dude_mk01__L002615,CCn1c2ccccc2c3c1ccc(c3)NC(=O)[C@H](CCSC)NC(=O)N
dude_mk01__L002616,CC(C)C(=O)Nc1cccc(c1)NC(=S)NC(=O)/C=C/c2cccc(c2)[N+](=O)[O-]
dude_mk01__L002617,CON1[C@@H](CCC[C@@]12CCC[C@@H](C2)O)O
dude_mk01__L002618,Cc1ccc(cc1)NC(=O)N/N=C/c2ccc(c(c2)OC)Oc3c(n(c(=O)n(c3=O)C)C)N
dude_mk01__L002619,Cc1cc(cc(c1)NC(=O)C2=C(NC(=S)N[C@H]2c3cccc(c3)OC)C)C
dude_mk01__L002620,c1ccc(c(c1)c2ccc(o2)[C@@H]3[C@@H]([C@](NC(=O)N3)(C(F)(F)F)O)C(=O)c4ccc(cc4)F)Cl
dude_mk01__L002621,CCN([C@H]1CCS(=O)(=O)C1)C(=O)CSc2[nH]c(=O)cc(n2)N
dude_mk01__L002622,COc1ccc(cc1)[C@@]2(C[C@H](NC(=S)N2)c3ccccc3Cl)c4ccc(cc4O)O
dude_mk01__L002623,Cc1ccc(c(c1)NC(=O)CSc2nc(c3c4c(sc3n2)C[C@H](CC4)C)N)OC
dude_mk01__L002624,CCOC(=O)C1=C(NC(=O)N[C@H]1c2ccccc2)CN3CCC[NH+](CC3)CC(=O)NC(C)(C)C
dude_mk01__L002625,CC(C)N(c1ccc(cc1)n2nc3ccccc3n2)C(=O)c4cccs4
dude_mk01__L002626,Cc1ccc(c(c1)C)NC(=O)COC(=O)c2cc(ccc2N)Br
dude_mk01__L002627,COc1ccc(cc1)NC(=S)NNC(=S)Nc2ccc(cc2)Br
dude_mk01__L002628,Cc1cc(c(cc1Br)C)SCC(=O)N/N=C/c2ccc(c(c2)O)O
dude_mk01__L002629,c1ccc(c(c1)COc2ccccc2C(=O)OCC(=O)Nc3ccc(cc3)C(=O)N)Br
dude_mk01__L002630,COC(=O)c1c2cc3c(c(c2oc1N)c4ccc(cc4)Cl)c(c(o3)N)C(=O)OC
dude_mk01__L002631,c1ccc(c(c1)c2ccc(cc2)[C@@H](CNBr)N3CC[NH2+][C@@H](C3)[O-])O
dude_mk01__L002632,Cc1ccccc1CS[C@H]2N=C3C(=CN=N3)C(=O)N2c4ccccc4C
dude_mk01__L002633,CCOc1ccc(cc1)Nc2c(c(ncn2)Nc3ccc(cn3)Br)N
dude_mk01__L002634,c1cc(ccc1O[C@@H]2CCCC[C@@H]2C(=O)[O-])I
dude_mk01__L002635,c1ccc(cc1)NC(=O)Nc2ccc(cc2)C(=O)C[C@]3(c4ccccc4NC3=O)O
dude_mk01__L002636,Cc1ccc(cc1)NC(=O)c2c3c(sc2n4c(cc(c4C)/C=N/NC(=S)N)C)CCCC3
dude_mk01__L002637,CC(C)NC(=O)O[C@@H]1CC[C@]2([C@H]([C@]1(C)CO)CC[C@H]([C@H]2CC(=O)NCc3ccco3)O)C
dude_mk01__L002638,C[C@H]([C@@H]1[C@@H]2[C@@H](C(=O)N(C2=O)CCc3ccc(c(c3)OC)OC)[C@@]4(N1)c5ccccc5NC4=O)O
dude_mk01__L002639,CC[C@H](C)NS(=O)(=O)c1ccc(cc1)NC(=O)CSc2nc([nH]n2)N/N=C(\C)/c3ccc(cc3)F
dude_mk01__L002640,c1cc2c(cc1S(=O)(=O)[O-])cc(c(c2N)N)O
dude_mk01__L002641,c1ccc(cc1)C2=C([C@@H](NC(=S)N2)c3ccccc3OCC(=O)N)C(=O)c4ccccc4
dude_mk01__L002642,Cc1ccc(o1)CN([C@H](c2c(cc(cc2O)O)O)C(=O)NC3CCCCC3)C(=O)C=C(C)C
dude_mk01__L002643,c1ccc(cc1)c2nc(nc(n2)N[C@@H](C(Cl)(Cl)Cl)O)N[C@@H](C(Cl)(Cl)Cl)O
dude_mk01__L002644,c1ccc(c(c1)N)NC(=O)C2(CC2)C(=O)[O-]
dude_mk01__L002645,CCOC(=O)C1=C(NC(=O)N[C@@H]1c2ccccc2)CN3C(=O)[C@](NC3=O)(C)c4cc(ccc4F)F
dude_mk01__L002646,C[C@@H](C(=O)Nc1ccc(cc1Cl)Cl)OC(=O)c2ccc(cc2N)Cl
dude_mk01__L002647,c1cc(c(cc1c2nnnn2c3ccc(cc3F)Br)N)Br
dude_mk01__L002648,C[C@@H]1C[C@H](NC(=S)N1)C(=O)NCc2nc3ccccc3c(n2)NCCCc4ccccc4
dude_mk01__L002649,c1ccc(cc1)CCNS(=O)(=O)c2ccc3c(c2)[C@H]4C=CC[C@@H]4[C@@H](N3)c5cc(cc(c5O)Cl)Cl
dude_mk01__L002650,CCOc1cc(ccc1O)[C@H]2C3=C(C[C@H](CC3=O)c4ccc(cc4)OC)Nc5ccccc5N2
dude_mk01__L002651,c1cc(cc(c1)I)NC(=O)c2cc(ccc2NN)[N+](=O)[O-]
dude_mk01__L002652,CCCN1[C@@H](c2c(n[nH]c2C1=O)c3ccccc3O)c4ccc(cc4)Br
dude_mk01__L002653,Cc1cnc(nc1)Sc2cc(cc(c2)S(=O)(=O)N)N
dude_mk01__L002654,Cc1cc(c(c(c1)C)S(=O)(=O)NNC(=O)c2cc3c(s2)CCCC3)C
dude_mk01__L002655,Cc1c(cccc1Cl)NC(=S)N/N=C(\C)/c2ccc(cc2)S(=O)(=O)N
dude_mk01__L002656,COc1ccccc1C(=O)NNC(=O)NC2[C@@H]3CCC[C@H]2C[NH+](C3)C4CC4
dude_mk01__L002657,c1cc(c(cc1O)O)c2coc3cc(cc(c3c2=O)O)O
dude_mk01__L002658,c1ccc(c(c1)C(=O)OCC(=O)Nc2c(ccs2)C(=O)N)NCCC3=CCCCC3
dude_mk01__L002659,Cc1ccc(s1)[C@H]2c3c(nn(c3OC(=C2C#N)N)C(=S)N)C
dude_mk01__L002660,c1cc(c(cc1N)S(=O)(=O)N[C@@H]2CCCC[C@H]2O)F
dude_mk01__L002661,c1cc(c(cc1Cl)Cl)CS(=O)(=O)/C(=C/NC(=S)N)/c2ccc(cc2Cl)Cl
dude_mk01__L002662,C/C(=C\C(=O)Nc1cccc(c1Cl)Cl)/NNC(=O)c2ccc3ccccc3c2O
dude_mk01__L002663,c1ccc(cc1)C[C@H](C(=O)N[C@H]2CCCCNC2=O)NC(=O)NC34CC5CC(C3)CC(C5)C4
dude_mk01__L002664,CC(=O)[C@@]1(CC[C@]2([C@H](C1)CC[C@@H]3[C@H]2CC[C@]4([C@H]3CC[C@@H]4O)C)C)OC(=O)C
dude_mk01__L002665,CCCCN1C(=O)[C@@H]2[C@H](N[C@]3([C@@H]2C1=O)c4cc(ccc4NC3=O)F)Cc5ccc(cc5)O
dude_mk01__L002666,CC(C)(C)OC(=O)N[C@H](CC1=c2ccccc2=[NH+]C1)C(=O)OC[C@@H]3[C@H]([C@@H]([C@@H]([C@@H](O3)O)O)O)O
dude_mk01__L002667,c1ccc(c(c1)C(F)(F)F)/N=C\2/NC(=O)/C(=C/3\c4cc(ccc4NC3=O)F)/S2
dude_mk01__L002668,c1c(cncc1Br)CO[C@H]2c3c([nH]cn3)N=C(N2)N
dude_mk01__L002669,CCOC(=O)c1c2c(sc1NC(=S)NCc3ccc(cc3)S(=O)(=O)N)CCCCCC2
dude_mk01__L002670,C[C@H](C(=O)N[C@H]1CCOc2c1cccc2)Nc3ccc(cc3)NC(=O)C(C)C
dude_mk01__L002671,CC[C@@H]1Nc2cc(c(cc2S(=O)(=O)N1)S(=O)(=O)N)Cl
dude_mk01__L002672,Cc1ccc(cc1)N([C@H](CC(C)C)C(=O)NC2CCCCC2)C(=O)Cn3nc(nn3)c4cccs4
dude_mk01__L002673,c1ccc(c(c1)C(=O)Nc2cccc(c2)/C=N/NC(=O)c3ccc(cc3)O)Cl
dude_mk01__L002674,CCN(CC)C(=O)C[NH+]1CCN(CC1)c2c3c4c(sc3nc(n2)SCC(=O)N(CC)CC)CCCC4
dude_mk01__L002675,c1ccc(cc1)c2ccc(o2)/C=C/C(=O)NC(=S)Nc3ccc4c(c3)[nH]c(=O)[nH]4
dude_mk01__L002676,C[C@H](c1ccc(cc1)S(=O)(=O)N)Nc2c3c4c(sc3ncn2)CCCC4
dude_mk01__L002677,CC(C)c1ccccc1NC(=S)NNC(=O)c2cc3c([nH]c2=O)CCC3
dude_mk01__L002678,c1csc2n1c(c(n2)Br)/C=N\NC(=S)N
dude_mk01__L002679,c1cc(c(nc1)Oc2ccc(cc2F)Br)/C(=N/O)/N
dude_mk01__L002680,C[C@@]12CC[C@H](C[C@H]1CC[C@@H]3[C@@H]2C(=O)C[C@@]4([C@@H]3CC[C@@]4([C@@H](CO)O)O)C)O
dude_mk01__L002681,c1cc(c(cc1Br)C(=O)NC(=S)Nc2cc(cc(c2O)Cl)Cl)Cl
dude_mk01__L002682,COc1ccc(cc1)NS(=O)(=O)c2ccc3c(c2)[C@@H]4C=CC[C@H]4[C@@H](N3)c5cc(cc(c5O)Cl)Cl
dude_mk01__L002683,CC(C)NC(=O)CCc1[nH]c(=O)c2c3c(sc2n1)C[C@H](CC3)C(C)(C)C
dude_mk01__L002684,Cc1ccc(c(c1)O)C(=O)OCC(=O)Nc2c(c3c(s2)CCCC3)C(=O)N
dude_mk01__L002685,CCOc1ccc(cc1)[C@H]2C(=C([NH+]=C3N2[N-]C(=N3)SCc4ccccc4Cl)C)C(=O)N
dude_mk01__L002686,COc1cc(ccc1O)[C@@H]2[C@@H]([C@@](NC(=O)N2)(C(F)(F)F)O)C(=O)c3ccccc3
dude_mk01__L002687,CC(=O)Nc1ccc(cc1)[C@H]2N([N-]/C(=C\3/C=C(C=C(/C3=[O+]\C(=O)C)[N+](=O)[O-])Br)/O2)C(=O)C
dude_mk01__L002688,Cc1ccc(cc1)c2nc(c(o2)Sc3ccc(cc3)Cl)C(=O)NN
dude_mk01__L002689,CC(C)[C@@H](C(=O)NCc1ccc(cc1)S(=O)(=O)N)NC(=O)C23CC4CC(C2)CC(C4)C3
dude_mk01__L002690,CC1(N=C(N=C(N1c2ccc(cc2)Br)N)N)C
dude_mk01__L002691,c1cc(c(c(c1)Cl)CS[C@H]2NN[C@@H](N2N)[C@@H]3C=C(N=N3)c4ccc(cc4)F)Cl
dude_mk01__L002692,c1c(cn(c(=O)c1Cl)CC(=S)N)Cl
dude_mk01__L002693,CSc1ccc(cc1)[C@@H]2[C@H]([C@@](NC(=O)[C@@H]2C(=O)N)(c3ccccc3)O)C#N
dude_mk01__L002694,c1c[nH]c2c1/C(=C\3/C(=O)N=C(N3)N)/CCNC2=O
dude_mk01__L002695,Cc1cccc(c1)C2(CCCC2)NS(=O)(=O)c3ccc(cc3)S(=O)(=O)N
dude_mk01__L002696,Cc1c2c([nH]n1)OC(=C([C@@H]2c3cc(c(s3)C)Br)C#N)N
dude_mk01__L002697,c1cc(cc(c1)Br)NS(=O)(=O)c2ccc(nc2)NN
dude_mk01__L002698,CCOc1cccc(c1O)[C@H]2[C@@H]3[C@@H](C(=O)N(C3=O)c4ccccc4OC)[C@@]([NH2+]2)(CC(C)C)C(=O)[O-]
dude_mk01__L002699,c1ccc(c(c1)[C@H]2CCC[C@@]3(C2)CCC[C@@H](N3O)c4ccccc4O)O
dude_mk01__L002700,CCCSC1=Nc2c(c3c(s2)CC[C@H](C3)C)[C@@H](N1)NNC(=S)NC(=O)c4ccccc4
dude_mk01__L002701,CCCSc1[nH]c(=O)c2c(n1)NC3=C([C@@H]2c4ccc(c(c4)OCC)O)C(=O)CC(C3)(C)C
dude_mk01__L002702,Cc1cc(ccc1N[C@H](C)C(=O)Nc2ccc(cc2)S(=O)(=O)N)OC(C)C
dude_mk01__L002703,Cc1ccc(c(c1)C)OCC(=O)Nc2c(c3c(s2)C[C@H](CC3)C)C(=O)N
dude_mk01__L002704,Cc1ccc(cc1)S(=O)(=O)Oc2cc(=O)n3c4c2cccc4CCC3
dude_mk01__L002705,c1cc(ccc1N[C@@H]2CC(=O)N(C2=O)c3ccc(cc3)F)Br
dude_mk01__L002706,C[C@@]1(CC(=O)[C@H]([C@@H]([C@@H]1C(=O)Nc2ccccc2)c3cccc(c3)O)C(=O)Nc4ccccc4)O
dude_mk01__L002707,CCOP(=O)(Nc1ccc-2c(c1)/C(=N/NC(=S)N)/c3c2cccc3)OCC
dude_mk01__L002708,Cc1ccc(c(c1)N)NCCNS(=O)(=O)C
dude_mk01__L002709,COC(=O)Cn\1c2ccc(cc2s/c1=N\C(=O)c3ccc(cc3)N4C(=O)CCC4=O)S(=O)(=O)N
dude_mk01__L002710,CCc1c(scc1C(=O)Nc2cccc(c2)/C(=N\NC(=O)c3cc(ccc3O)O)/C)C
dude_mk01__L002711,CN(C)c1c(cc(o1)/C=N/NC(=O)Nc2ccc(cc2)OC)Br
dude_mk01__L002712,c1ccc(cc1)NNc2c(c(ncn2)Oc3ccc(c4c3nccc4)Br)N
dude_mk01__L002713,CCC(C)(C)n1c(nnn1)[C@H](C(C)C)[NH+](Cc2cc3cc(ccc3[nH]c2=O)OCC)C4CCCCC4
dude_mk01__L002714,C[C@H]1CCc2c(sc3c2c(=O)[nH]c(n3)SCC(=O)Nc4c(c5c(s4)CCC5)C(=O)N)C1
dude_mk01__L002715,c1ccc(c(c1)Cn2cccc2C(=O)N)SSc3ccccc3Cn4cccc4C(=O)N
dude_mk01__L002716,CC\1=NN(C(=O)/C1=C\Nc2ccc(cc2)O)c3ccc(cc3)Cl
dude_mk01__L002717,c1ccc(cc1)OCCOc2c(c3c(c(c2OCCOc4ccccc4)N)C(=O)c5ccccc5C3=O)N
dude_mk01__L002718,c1ccc(cc1)/C=C/C=N/Nc2nnc(n2N)SCC(=O)Nc3ccccc3Br
dude_mk01__L002719,C[C@H]1C[C@@H](CN(C1)C(=O)N[C@@H]([C@@H](C)O)C(=O)[O-])C
dude_mk01__L002720,Cc1cc2c(cc1C)occ2CC(=O)O[C@H](C)C(=O)Nc3ccc(cc3)S(=O)(=O)N
dude_mk01__L002721,CC(C)(C)NC(=O)CN(c1ccccc1F)C(=O)c2c(c(ns2)C(=O)NC3CCCCC3)N
dude_mk01__L002722,C[C@@H](Cc1ccc(cc1)Br)N[C@@H](C)c2ccc(cc2O)O
dude_mk01__L002723,Cc1ccc(cc1)NC(=S)N/N=C\2/c3cc(c(cc3NC2=O)Br)C
dude_mk01__L002724,CCN(c1cccc2c1cccc2)c3c(c(ncn3)NNC(=O)c4ccccc4Br)N
dude_mk01__L002725,c1(c([nH]c(=O)[nH]c1=O)[O-])SC(=[NH2+])N
dude_mk01__L002726,COc1cccc(c1O)[C@H]2[C@@H]3CC=C[C@H]3c4cccc(c4N2)C(=O)Nc5ccc(cc5)Nc6ccccc6
dude_mk01__L002727,CCOC(=O)C1=C(NC(=O)N[C@H]1c2ccc(cc2)Cl)CSc3nc(c(s3)CC(=O)N)C
dude_mk01__L002728,c1ccc(cc1)/C(=N\O)/C(=N\O)/Nc2[nH]nc(n2)SCc3ccccc3Cl
dude_mk01__L002729,c1cc(ccc1CN(C(=O)CSCc2nc(nc(n2)N)N)C34CC5CC(C3)CC(C5)C4)Cl
dude_mk01__L002730,Cc1ccc(cc1)NC(=C)C2=C(C(=O)N([C@@H]2c3cccc(c3)O)c4ccc(cc4)O)O
dude_mk01__L002731,Cc1c\2c(oc1C(=O)Nc3cc(ccc3Cl)C(F)(F)F)CC(C/C2=N\NC(=S)N)(C)C
dude_mk01__L002732,Cc1cc(c(c(c1)OCC(=O)Nc2c(c3c(s2)C[C@@H](CC3)C)C(=O)N)C)C
dude_mk01__L002733,C[C@@H]1CCc2c(sc3c2c(nc(n3)SCC(=O)N(CCC(=O)N)c4ccc(cc4)F)N)C1
dude_mk01__L002734,CN(C)c1ccc(cc1)/C=N/Nc2nnc(n2N)SCC(=O)Nc3c(cccc3F)F
dude_mk01__L002735,Cc1ccccc1n2c(nnc2SCCCC(=O)N3CCN([C@H](C3)C)C(=O)CC(C)(C)C)c4ccco4
dude_mk01__L002736,CC1=C([C@@H](C(=C(N1)C)C(=O)N)c2cc(c(cc2Br)OC)O)C#N
dude_mk01__L002737,CC[NH+](CC)c1ccc(cc1)NC(=O)CSc2nc([nH]n2)N/N=C(/C)\c3ccc(cc3)C
dude_mk01__L002738,CC[C@H]1CCCCN1S(=O)(=O)c2ccc(cc2)C(=O)N(CC[NH+](C)C)c3nc4c(cc(cc4s3)C)C
dude_mk01__L002739,CC1([C@H]([C@H]([NH2+][C@@H]([C@H]1[N+](=O)[O-])c2ccccc2Cl)c3ccccc3Cl)[N+](=O)[O-])C
dude_mk01__L002740,CCCCOC(=O)C1=C(Nc2nnnn2[C@@H]1c3ccc(cc3)OCc4ccc(cc4)Br)C
dude_mk01__L002741,CC1(C2=C(c3ccccc3N1)C(=S)C(=C(C(=O)N)C(=O)N)S2)C
dude_mk01__L002742,Cc1c2c([nH]c1C(=O)NNC(=O)NCCC(C)C)CCCC2=O
dude_mk01__L002743,Cc1c(c(n(n1)c2c(c(c(c(c2F)F)C(F)(F)F)F)F)C)[N+](=O)[O-]
dude_mk01__L002744,c1ccc(cc1)NC(=O)N2CCC[C@H](C2)C(=O)NNC(=S)NC3CCCC3
dude_mk01__L002745,c1cc(c(cc1S(=O)(=O)N)[N+](=O)[O-])N/N=C/c2cc(c(c(c2)Br)O)Br
dude_mk01__L002746,CCOc1ccc(cc1N[C@@H](C)C(=O)Nc2ccc(cc2)S(=O)(=O)N)Cl
dude_mk01__L002747,CCCCOc1ccc(cc1)[C@@H]2c3c(c(sc3NC(=C2C(=O)C)C)C#N)N
dude_mk01__L002748,Cc1ccc(c(c1)NC(=O)[C@H](c2ccccc2)Nc3ccc(cc3)NC(=O)NC4CC4)OC
dude_mk01__L002749,C[C@@H](C(=O)NC(=O)NC1CCCCC1)OC(=O)c2cc(c(cc2OC)N)Cl
dude_mk01__L002750,Cc1ccc(cc1S(=O)(=O)NC2[C@@H]3CCC[C@H]2C[NH+](C3)C4CC4)NC(=O)C
dude_mk01__L002751,CC(C)CC(=O)Nc1ccc(cc1)C(=O)NNC(=S)NC(=O)/C=C/c2ccc(cc2)F
dude_mk01__L002752,c1ccc(cc1)Oc2cccc(c2)[C@@H]3[C@@H]([C@@](NC(=O)N3)(C(F)(F)F)O)C(=O)c4ccc(cc4)F
dude_mk01__L002753,c1cc(c(c(c1[C@@H](C(=O)[O-])O)F)O)O
dude_mk01__L002754,Cc1c(c([nH]c1C(=O)Nc2ccc3c(c2)CCCN3C)C)C(=O)C
dude_mk01__L002755,CC(=O)N[C@@]1(c2c(=O)[nH]c(=O)n(c2NC1=O)c3ccccc3)C(F)(F)F
dude_mk01__L002756,Cc1c(c(c(c2c1nc(s2)NCc3ccc(cc3)S(=O)(=O)N)C)OC)C
dude_mk01__L002757,Cc1ccsc1/C=C/C2=Cc3c(c(sc3C(C2)(C)C)NC(=O)CSc4nc([nH]n4)N)C#N
dude_mk01__L002758,c1cc(sc1)C(=O)NNC(=O)CNC(=O)C23CC4CC(C2)CC(C4)C3
dude_mk01__L002759,C[C@@H](C(=O)NNC(=O)Nc1ccc(cc1)Cl)Oc2ccc(cc2Cl)Cl
dude_mk01__L002760,C/C(=N\Nc1nnc(n1N)SCC(=O)Nc2cccc(c2Cl)Cl)/C=C/c3ccccc3
dude_mk01__L002761,c1ccc(cc1)N([C@@H](c2c(cc(cc2O)O)O)C(=O)NC3CCCCC3)C(=O)c4ccc(cc4)Cl
dude_mk01__L002762,C[C@H]1CCN(c2ccccc2S1)C(=O)COc3ccc(cc3C(=O)N)Cl
dude_mk01__L002763,CCCNC(=O)CCC[C@H]1CC[C@@]2([C@@]1([C@@H](C[C@@H]3[C@@H]2[C@@H](C[C@@]4([C@@]3(CC[C@@H](C4)O)C)C)O)O)C)C
dude_mk01__L002764,c1ccc(cc1)[C@H]2C[C@@H](n3c(c(cn3)C(=O)NNC(=S)NC4CCCCC4)N2)C(F)F
dude_mk01__L002765,C[C@H](C(=O)Nc1ccc(cc1)OC(F)(F)F)Nc2ccc(cc2)OCC(=O)N
dude_mk01__L002766,C[C@H](C(=O)Nc1ccc(cc1)C(F)(F)F)Nc2cccc(c2)N3CCNC3=O
dude_mk01__L002767,c1ccc2c(c1)cccc2/C=N/Nc3nnc(n3N)SCC(=O)NC4CCCCC4
dude_mk01__L002768,CC(=O)Nc1ccc(c(c1)NC(=O)c2cc3c(s2)-c4ccccc4CC3)OC
dude_mk01__L002769,CNC(=S)N/N=C/c1cccc2c1n(c(c2/C=N\NC(=S)NC)Cl)c3ccccc3
dude_mk01__L002770,Cn1c2ccc(cc2n(c1=O)C)COc3ccccc3CNc4ccc5c(c4)[nH]c(=O)[nH]5
dude_mk01__L002771,CCOc1cc(ccc1O)[C@H]2c3c(n[nH]c3C(=O)N2Cc4ccc(cc4)C)c5c(cc(cc5O)C)C
dude_mk01__L002772,c1cc(cc(c1)Cl)c2cn[nH]c2c3cc([nH]c3)C(=O)NCc4ccncc4
dude_mk01__L002773,Cc1ccc(cc1)Oc2c(c(ncn2)Nc3ccc(cc3)Br)N
dude_mk01__L002774,Cc1cc(=O)[nH]c(n1)c2ccc(cc2)NC(=O)/C=C/c3ccc4c(c3)OCO4
dude_mk01__L002775,CC1=C([C@H](NC(=S)N1)c2ccc(cc2)O)C(=O)N/N=C/c3ccccc3F
dude_mk01__L002776,CCCN([C@H](c1c(cc(cc1O)O)O)C(=O)NC(C)(C)CC(C)(C)C)C(=O)c2cccc(c2)[N+](=O)[O-]
dude_mk01__L002777,CCOc1ccccc1N2[C@H](N=C([C@@H](C2=O)[C@@H]3[C@@H]4C(=c5cc(ccc5=[NH+]4)OC)CCN3)O)O
dude_mk01__L002778,c1ccc(cc1)/C=C(/C(=O)N/N=C/c2cc(c(c(c2)Br)O)O)\NC(=O)c3ccccc3
dude_mk01__L002779,Cc1ccc(cc1)[C@H](CNOC)N2CC[NH2+][C@@H](C2)c3ccccc3O
dude_mk01__L002780,CNS(=O)(=O)c1ccc(c(c1)[N+](=O)[O-])N2CCO[C@@H](C2)C(=O)N
dude_mk01__L002781,CC(C)(C)c1ccc(cc1)CN2CCN(C2=O)c3ccc4c(c3)OCO4
dude_mk01__L002782,CCn1c(cc2c(c1=O)[C@]3(c4ccccc4N(C3=O)Cc5ccc(cc5)Cl)C(=C(O2)N)C#N)C
dude_mk01__L002783,CC(C)c1ccccc1NC(=S)NNC(=O)/C=C/c2ccc(cc2)C(=O)NC
dude_mk01__L002784,c1ccc(cc1)S(=O)(=O)N[C@@H]2c3cccc4c3c(ccc4)[C@@H]2Nc5ccc(cc5)O
dude_mk01__L002785,C[C@@H]1CC[C@H](C(=O)[C@@H]1[C@@]2(C(=C(CC2(C#N)C#N)C=O)N)C#N)C(C)C
dude_mk01__L002786,CC(=O)Nc1cc(c(cc1F)F)NC(=O)N[C@H]2CCCC[C@@H]2C(C)(C)C
dude_mk01__L002787,CC(C)CNC(=O)c1ccc(cc1Cl)NC(=O)N[C@@H]2CCc3c2cccc3
dude_mk01__L002788,Cc1ccc(c(c1)Br)NC(=O)CSc2nnc(n2N)C(C)C
dude_mk01__L002789,Cc1ccc(cc1Cl)NC(=O)CSc2nc([nH]n2)N/N=C/c3cc(ccc3O)Br
dude_mk01__L002790,Cc1ccc(c(c1)Br)Nc2ccc(c3c2nccc3)N
dude_mk01__L002791,C[C@H](C(=O)NNC(=O)NCC(F)(F)F)Oc1ccc(cc1Cl)Cl
dude_mk01__L002792,C[C@]12CC[C@H]([C@@]([C@H]1CC[C@H]([C@H]2CC(=O)N3CCC[C@H]3CO)O)(C)CO)OC(=O)NC4CCCCC4
dude_mk01__L002793,CN1C(=C[C@@H](N1)c2ccc(cc2)Cl)NC(=O)CSc3[nH]nc(n3)c4cccs4
dude_mk01__L002794,c1ccc2c(c1)NC(=O)N(N2O)c3ccc(cc3)S(=O)(=O)N
dude_mk01__L002795,CC1=C([C@H](C2=C(N1)CCCC2=O)c3ccccc3OC)C(=O)Nc4ccc(cc4)F
dude_mk01__L002796,CN(CC(F)(F)F)c1cc(ccc1/C=C/C(=O)[O-])Br
dude_mk01__L002797,C[C@]12CC[C@H]([C@@]([C@H]1Cc3c(nc(s3)NC(=O)CC(C)(C)C)[C@H]2CC(=O)Nc4ccccc4)(C)CO)O
dude_mk01__L002798,CC(C)COc1ccc(cc1)[C@H]2CC3=C([C@@H](Nc4ccccc4N3)c5ccc(cc5)O)C(=O)C2
dude_mk01__L002799,C1CCN([C@H](C1)C(=O)N)C(=O)N2C[C@H](C[C@@H]2C(=O)[O-])O
dude_mk01__L002800,CCc1cc2c(=O)[nH]c(nc2s1)c3ccc(cc3)NC(=O)C
dude_mk01__L002801,C[C@]1(C[C@@H](CC(C1)(C)C)NC(=O)Nc2cccc(c2)SC)CNC(=O)Nc3cccc(c3)SC
dude_mk01__L002802,CCc1c(sc2c1c(=O)n(c(n2)N3CC[NH+](CC3)CC(=O)NC4CCCCC4)CC(=O)N)C
dude_mk01__L002803,CCc1c(sc(c1C(=O)N)NC(=S)NC(=O)c2cccc(c2)OC(C)C)C
dude_mk01__L002804,Cc1cc(cc(c1)S(=O)(=O)[N-]c2cc(no2)C)N
dude_mk01__L002805,C[C@]12CC[C@@H]3[C@@H]([C@@H]1CC[C@@H]2O)CCC4=C/C(=N\OCC(=O)NCCc5ccc(c(c5)O)O)/CC[C@]34C
dude_mk01__L002806,Cc1cc(c(c(c1)C)NC(=O)CNC(=O)c2ccc(cc2)S(=O)(=O)Nc3ccc(cc3)Cl)C
dude_mk01__L002807,C[C@@H]1CCCC[C@H]1NC(=O)NC(=O)COC(=O)CCc2[nH]c(=O)c3c4c(sc3n2)CCCC4
dude_mk01__L002808,CCCNc1ccc(cc1NS(=O)(=O)c2c(c(c(c(c2C)C)C)C)C)S(=O)(=O)N
dude_mk01__L002809,Cc1ccc(cc1)NC(=O)Nc2cc(cc3=C([C@H]([NH+]=c32)C(=O)NCCCOC)c4ccccc4)C
dude_mk01__L002810,c1cc(ccc1C(=O)NC2CCCCCCC2)Nc3cc(nc(n3)N)N4CCOCC4
dude_mk01__L002811,CCN1C(=C([C@H](NC1=O)c2ccc(cc2C)C)C(=O)OCC)C[NH+]3CCCN(CC3)C(=O)CC(C)C
dude_mk01__L002812,Cc1c\2c(oc1C(=O)Nc3ccc(cc3)Br)CC(C/C2=N\O)(C)C
dude_mk01__L002813,c1ccc(c(c1)NC(=O)CNc2ccc(cc2)Br)SCC(=O)N
dude_mk01__L002814,CCOc1ccc(cc1)CCNCc2cccn2c3nnc(s3)N4CC[NH+](CC4)C5CCCCC5
dude_mk01__L002815,c1ccc(cc1)N2[C@@H](NN=C2SCC(=O)NC3CCCCC3)Cc4cc(=O)[nH]c(=O)[nH]4
dude_mk01__L002816,COc1cc(ccc1O)[C@@H]2C(=C(NC(=O)N2)CS(=O)(=O)c3ccc(cc3)Cl)C(=O)OC
dude_mk01__L002817,c1ccc(cc1)Oc2cccc(c2)[C@@H]3[C@@H]([C@@]([NH+]=C(N3)O)(C(F)(F)F)[O-])C(=O)c4cccs4
dude_mk01__L002818,CCOc1cc(ccc1O)[C@@H]2C(=C(NC(=S)N2)C)C(=O)Nc3ccc(c(c3)F)F
dude_mk01__L002819,c1cc(sc1)S(=O)(=O)/N=C(/C2(CC2)c3ccc(cc3)Br)\[O-]
dude_mk01__L002820,c1cc(ccc1C(=O)NC2CCCCC2)NC(=O)CNc3ccc(cc3)Cl
dude_mk01__L002821,C[C@@]1(C(=O)N(C(=O)N1)Cc2ccc(s2)Cl)c3ccc(cc3)Cl
dude_mk01__L002822,c1c(cc(cc1Cl)Cl)NC(=O)CSC2=C(C3(CCCCC3)C(=C(N2)N)C#N)C#N
dude_mk01__L002823,CN(C)S(=O)(=O)c1ccc(=O)n(c1)CC(=O)Nc2ccc3c(c2)[nH]c(=O)[nH]3
dude_mk01__L002824,Cc1c2c([nH]n1)OC(=C([C@H]2c3ccc(c(c3)Cl)OCc4ccc(cc4)F)C#N)N
dude_mk01__L002825,CC(C)NC(=O)N1CC[C@@]23C=C[C@@H](C[C@@H]2Oc4c3c(ccc4OC)C1)O
dude_mk01__L002826,CCCN([C@@H](c1c(cc(cc1O)O)O)C(=O)NC(C)(C)C)C(=O)/C(=C/c2ccccc2)/c3ccccc3
dude_mk01__L002827,CC(C)(C)c1ccc(cc1)C(=O)NNC(=O)CCNC(=O)NC2CCCCC2
dude_mk01__L002828,COc1ccc(cc1)c2cs/c(=N\C(=S)NC(=O)c3cccs3)/[nH]2
dude_mk01__L002829,Cc1c(sc(n1)NC(=O)NC2(CCCCC2)C(=O)[O-])C
dude_mk01__L002830,c1ccc2c(c1)nc(c(n2)NS(=O)(=O)c3ccc(cc3)Cl)Nc4ccc(cc4)N
dude_mk01__L002831,C1CCC(C1)NC(=O)COC(=O)c2c(c(c(c(n2)Cl)Cl)N)Cl
dude_mk01__L002832,CC1(O[C@H]2[C@H]([C@H]([C@H]([C@H]([C@H]2O1)O)O)O)O)C
dude_mk01__L002833,C[C@H](C(=O)NC(C)(C)C)Sc1nnc(n1N)c2ccc(cc2)C(C)(C)C
dude_mk01__L002834,c1cc(ccc1[C@H]2[C@H](C(=S)NC(=C2C#N)N)C(=O)N)Br
dude_mk01__L002835,c1ccc(cc1)CNS(=O)(=O)c2ccc3c(c2)[C@@H]4C=CC[C@H]4[C@H](N3)c5ccc(cc5O)O
dude_mk01__L002836,c1ccc(cc1)n2c(nnc2SCC(=O)Nc3ccc(cc3)Br)N
dude_mk01__L002837,Cc1ccc(cc1)c2c(sc3c2c(=O)[nH]c(n3)CN(C)[C@H](C)c4ccc(cc4)S(=O)(=O)N)C
dude_mk01__L002838,Cc1ccc(cc1NC(=O)N[C@@H](c2ccc(cc2)OC)C3CC3)NC(=O)C4CC4
dude_mk01__L002839,COc1cc(cc(c1OCC(=O)N)Cl)C(=O)NC23CC4CC(C2)CC(C4)C3
dude_mk01__L002840,c1cc(sc1)CCNc2c(c(ncn2)Nc3ccc(cc3)Br)N
dude_mk01__L002841,Cc1c(c(sc1C(=O)N)NC(=O)Nc2ccc(cc2)Cl)C(=O)OC(C)C
dude_mk01__L002842,Cc1ccc(cc1)[C@H]2C3=C(CC(CC3=O)(C)C)Nc4ccccc4N2CC(=O)NCCc5c[nH]c[nH+]5
dude_mk01__L002843,c1ccc(cc1)C#CC(=O)N(c2ccccc2Cl)[C@@H](c3c(cc(cc3O)O)O)C(=O)NC4CCCCC4
dude_mk01__L002844,c1c([nH+]c([nH]1)C2CCCCC2)C[C@@H](C(=O)N3CCC[C@H]3C(=O)N)NC(=O)[C@@H]4CCCC(=O)N4
dude_mk01__L002845,C[C@H](C(=O)Nc1cc(ccc1Cl)Cl)Sc2nnc(n2N)C(C)C
dude_mk01__L002846,C[C@@H](c1ccc(cc1)NC(=O)NC2CC2)NC(=O)Nc3cc(ccc3OC)OC
dude_mk01__L002847,c1ccc(cc1)NC(=O)NNC(=S)NC(=O)COc2ccc(cc2Br)Br
dude_mk01__L002848,Cc1ccc(cc1C)N2C[C@@H](CC2=O)NC(=O)Nc3ccc(c(c3)C)Br
dude_mk01__L002849,C[NH+](C)CCCNc1cc(c(c2c1C(=O)c3ccccc3C2=O)N)N4CCN(CC4)c5ccccc5
dude_mk01__L002850,Cc1cc(c(c(c1)C)CSc2[nH]c(nn2)N/N=C/c3ccc(cc3O)O)C
dude_mk01__L002851,c1ccc(cc1)[C@@H](C(=O)N/N=C/c2cc(c(c(c2O)Br)O)Br)O
dude_mk01__L002852,Cc1c(sc(=S)n1C)C(=O)NNS(=O)(=O)c2ccc(cc2)NC(=O)C
dude_mk01__L002853,CC[C@H](C)NS(=O)(=O)c1ccc2c(c1)[C@H]3C=CC[C@H]3[C@@H](N2)c4ccc(cc4)O
dude_mk01__L002854,CC(C)CC(=O)Nc1ccc2c(c1)[C@@H]3C=CC[C@H]3[C@@H](N2)c4ccc(c(c4)O)OC
dude_mk01__L002855,C[C@]12CC[C@H]([C@@]([C@H]1Cc3c(nc(s3)NCC=C)[C@H]2CC(=O)NC4CCCC4)(C)CO)O
dude_mk01__L002856,Cc1ccc(c2c1cc(c(=O)[nH]2)[C@H](c3nnnn3C4CCCCC4)[NH+]5CCOCC5)C
dude_mk01__L002857,C[C@H](C#N)N1CCN(CC1)c2ccccc2N
dude_mk01__L002858,c1ccc(cc1)NN2[C@H](NN=C2c3cc(cc(c3O)Cl)Cl)NS(=O)(=O)c4ccccc4
dude_mk01__L002859,COc1cc(ccc1NC(=O)[C@H]2[C@H](NC(=S)NC2=C)c3cccs3)Cl
dude_mk01__L002860,CC1(C=Cc2ccc3c(c2O1)N[C@@]4([C@]3(C[C@H]5N4C(=O)[C@H]6CCCN6C5=O)O)C(C)(C)C=C)C
dude_mk01__L002861,Cc1ccc(cc1)N(CC(=O)NC2CCCC2)C(=O)c3c(c(ns3)C(=O)NC4CCCCC4)N
dude_mk01__L002862,CCOc1cc(ccc1O)[C@H]2[C@H]([C@@](NC(=O)N2)(C(F)(F)F)O)C(=O)c3ccc(cc3)Cl
dude_mk01__L002863,CC1(C=Cc2cc3c(cc2O1)[nH]c(c3C[C@H]4C(=O)N5CCC[C@@H]5C(=O)N4)C(C)(C)C=C)C
dude_mk01__L002864,Cc1ccc(cc1)NC(=O)CSC2=NN[C@H](N2c3ccc(cc3)Cl)Cc4cc(=O)[nH]c(=O)[nH]4
dude_mk01__L002865,C[C@H](C(=O)/C(=C/1\Nc2ccccc2S1)/C#N)Sc3nnc(s3)SCC(=O)N
dude_mk01__L002866,C[C@@H]1c2c(sc(n2)Nc3c(cccc3Cl)Cl)C[C@]4([C@H]1[C@H]([C@@H](CC4)[C@H](C)C(=O)NC5CC5)O)C
dude_mk01__L002867,CCOC(=O)C1=C(NC(=O)N[C@H]1c2ccc(cc2)OC(C)C)CN3CCC(CC3)C(=O)N
dude_mk01__L002868,[C@H]1([C@@H](C(=O)O[C@@H]1[C@@H](C(=O)[O-])O)O)O
dude_mk01__L002869,COc1ccc(cc1)n2c(=O)c(c([nH]c2=S)[O-])[C@H]3[C@@H]4C(=c5ccccc5=[NH+]4)CCN3
dude_mk01__L002870,c1ccc(cc1)[C@H](/C(=N/NC(=O)CC#N)/c2ccccc2)[C@@]3(c4c(ccc(c4NC3=O)Cl)Cl)O
dude_mk01__L002871,CC(C)(C)[C@@H]1CCc2c(sc(c2C(=O)N)NC(=S)NC(=O)/C=C/c3ccc(cc3)OC)C1
dude_mk01__L002872,CCOC(=O)C1=C(NC(=C([C@@H]1c2ccc(cc2)C(=O)OC)C#N)SCC(=O)c3ccc(cc3)OC)C
dude_mk01__L002873,C[C@H]1CCC[C@@](C1)(C(=O)[O-])NC(=O)[C@@H]2CSC(=O)N2
dude_mk01__L002874,CC(C)(C)N1C(=O)[C@@H]2[C@H](N[C@]3([C@@H]2C1=O)c4cc(ccc4NC3=O)F)Cc5ccc(cc5)O
dude_mk01__L002875,CC(C)COc1ccc(cc1C(=O)NC(=S)Nc2cccc(c2)C(=O)N)Br
dude_mk01__L002876,c1cc(ccc1Cn2c(=O)[nH]nc2[S-])S(=O)(=O)N
dude_mk01__L002877,c1ccc(c(c1)C[NH+]2CC[NH+](C2c3c4c(cc(c3[O-])[N+](=O)[O-])oc5c4CCCC5)Cc6ccccc6O)O
dude_mk01__L002878,CC(=O)Nc1ccccc1C(=O)N/N=C/c2c3ccccc3cc4c2cccc4
dude_mk01__L002879,Cc1cc(c2c(c1)[C@]3([C@@H]4[C@@H]([C@H]5[NH+]3CCC5)C(=O)N(C4=O)c6ccccc6Cl)C(=O)N2)C
dude_mk01__L002880,CC1=C([C@@H](NC(=S)N1)c2ccc(cc2)O)C(=O)N/N=C/c3ccc(cc3)OC
dude_mk01__L002881,C[C@H]1CCC[C@H]([C@@H]1C)NC(=S)NNC(=O)/C(=C/c2ccccc2)/NC(=O)C
dude_mk01__L002882,C[C@@H]1CCCN(C1)S(=O)(=O)c2ccc(cc2)C(=O)N(CCC[NH+](C)C)c3nc4c(cccc4s3)OC
dude_mk01__L002883,c1cc(c(cc1Br)N)NCc2[n-]nnn2
dude_mk01__L002884,CCn\1c2c(c(ccc2s/c1=N\C(=O)c3ccc(cc3)S(=O)(=O)N(CCC#N)CCC#N)Cl)C
dude_mk01__L002885,C1CC[C@@H]2[C@H](C1)C[C@@H]3N2C(=C(C3=O)C(=O)N)N
dude_mk01__L002886,CC(C)(C)[C@H]1C=C(N(N1)C)NC(=O)Nc2ccc(c3c2cccc3)Oc4ccnc5c4n(c(=O)[nH]5)C
dude_mk01__L002887,Cc1ccc(cc1)c2csc3c2c(ncn3)N[C@@H]4CCCNC4=O
dude_mk01__L002888,Cc1ccc(c2c1nc(s2)N(CC[NH+](C)C)C(=O)[C@H]3CCCN3S(=O)(=O)c4ccc(cc4)OC)C
dude_mk01__L002889,CC(C)c1ccc(cc1)OC[C@H]2NN[C@@H](N2C)SCc3cc(=O)c4cccc(c4[nH]3)Cl
dude_mk01__L002890,C[C@H](C(=O)Nc1c(c2c(s1)C[C@H](CC2)C(C)(C)C)C(=O)N)Oc3ccc(cc3)Cl
dude_mk01__L002891,CC(C)c1ccc(cc1)[C@H]2[C@@H]([C@@](NC(=O)N2)(c3ccccc3)O)C(=O)C(F)(F)F
dude_mk01__L002892,Cc1cc(c(cc1Cl)c2c3c([nH]n2)C(=O)N([C@@H]3c4ccc(c(c4)Cl)Cl)CCCO)O
dude_mk01__L002893,CCc1ccc(cc1)[C@H](C(C)C)NC(=O)NCc2ccc(cc2)S(=O)(=O)N
dude_mk01__L002894,CCN(CC)S(=O)(=O)c1ccc2c(c1)nc(n2Cc3ccco3)SCc4cc(ccc4OC)OC
dude_mk01__L002895,C1CCC(C1)(C(=O)[O-])NC(=O)N[C@@H]2CCCNC2=O
dude_mk01__L002896,Cn1c(c(c(=O)[nH]c1=O)N[C@H]2CCCc3c2ccs3)N
dude_mk01__L002897,Cc1cc(nc2c1c(c(s2)C(=O)OCC(=O)NC(=O)N[C@H]3CCCC[C@@H]3C)N)C
dude_mk01__L002898,C1C[NH+]2CCC1[C@@](C2)(C(C(=O)[O-])(F)F)O
dude_mk01__L002899,c1cc(c(cc1S(=O)(=O)N)C(=O)[O-])N2CCCSCC2
dude_mk01__L002900,c1ccc(cc1)CCNC(=O)[C@H]2[C@H]3CCCC[C@@H]3S[C@@H]2NC(=O)[C@@H]4C=C(N=N4)c5ccccc5O
dude_mk01__L002901,c1ccc(cc1)NC(=O)Nc2ccc(cc2)C(=O)C[C@@]3(c4ccccc4NC3=O)O
dude_mk01__L002902,CC(C)c1ccc(cc1)[C@]2(C(=O)N(C(=O)N2)CC(=O)Nc3c(c4c(s3)CCC4)C(=O)N)C
dude_mk01__L002903,CCSc1nc2ccc(cc2s1)NC(=O)CSc3nc([nH]n3)N/N=C/c4cccc(c4)O
dude_mk01__L002904,c1ccc2c(c1)OC[C@H](O2)C(=O)N/N=C\c3cc(cc(c3O)Br)Br
dude_mk01__L002905,CCN1c2ccccc2[C@@]3(C1=O)c4c(c(=O)cc(o4)CO)OC(=C3C#N)N
dude_mk01__L002906,Cc1cc(ccc1N[C@H](C)C(=O)NC(=O)NC2CCCC2)N3CCSCC3
dude_mk01__L002907,Cc1ccc(cc1)CNC(=O)[C@H](C)N[C@@H](C)c2ccc(cc2)NC(=O)NC3CC3
dude_mk01__L002908,c1cc(ccc1NC(=S)NC(=O)c2ccc(cc2Cl)Cl)S(=O)(=O)N
dude_mk01__L002909,C=CCNS(=O)(=O)c1ccc2c(c1)[C@H]3C=CC[C@H]3[C@H](N2)c4ccc(cc4O)O
dude_mk01__L002910,c1ccc(c(c1)[C@H]2N(C(=O)CS2)c3ccc(c(c3)Cl)Cl)[N+](=O)[O-]
dude_mk01__L002911,c1ccc(cc1)Nc2ccc(cc2)NC(=O)C[C@H](C(=O)[O-])[NH2+]CCC3=CCCCC3
dude_mk01__L002912,Cc1ccc2c(c1)c(c([nH]2)C)CCNC(=O)[C@@H]3Cc4cc(ccc4OC3=O)Cl
dude_mk01__L002913,c1ccc(cc1)S(=O)(=O)N[C@@H]2c3cccc4c3c(ccc4)[C@H]2Sc5nc([nH]n5)N
dude_mk01__L002914,c1ccc(c(c1)N/C=C\2/C(=O)NC(=O)N(C2=O)c3ccc(cc3)Cl)I
dude_mk01__L002915,CCOc1cc(ccc1O)[C@H]2[C@H]([C@](NC(=O)N2)(C(F)(F)F)O)C(=O)c3ccc(cc3)C
dude_mk01__L002916,CO[C@@H]1[C@@H]([C@@H]([C@@H]([C@@H](O1)C(=O)[O-])O)O)O
dude_mk01__L002917,Cn1c(c(c(=O)[nH]c1=O)C(=O)CSc2nc3c(c4c(s3)CCCC4)c(=O)n2Cc5ccco5)N
dude_mk01__L002918,CCOC(=O)C1=C(NC(=O)N[C@@H]1c2ccco2)COC(=O)c3ccc(c(c3)S(=O)(=O)N)C
dude_mk01__L002919,c1cc(c(c(c1)Cl)Cl)Nc2c(=O)n(c(nn2)SCc3ccc(cc3)Cl)N
dude_mk01__L002920,COc1ccc(cc1)/C=C/C(=O)NC(=S)Nc2cc(c(c(c2)Br)O)Br
dude_mk01__L002921,c1cc2ccc(c(c2nc1)O)[C@@H](c3ccc(cc3)F)Nc4ccc(cc4)S(=O)(=O)N
dude_mk01__L002922,COc1c(cc(cc1Cl)C(=O)NC(=S)Nc2c(c3c(s2)CCCCC3)C(=O)N)Cl
dude_mk01__L002923,Cc1ccc(cc1)NC(=C)C2=C(C(=O)N([C@H]2c3cccc(c3)O)c4ccc(cc4)O)O
dude_mk01__L002924,CCN(CC)c1ccc(cc1)[C@H]2c3c(nc(=S)[nH]c3NC4=C2C(=O)CC(C4)(C)C)N
dude_mk01__L002925,CCC[C@H]([C@H](c1ccc2c(c1O)C(=O)c3c(cccc3OC)C2=O)O)O
dude_mk01__L002926,CC1([C@@H](C[C@H]1C(=O)N[C@@H](C(Cl)(Cl)Cl)O)CC(=O)N[C@@H](C(Cl)(Cl)Cl)O)C
dude_mk01__L002927,c1cc(c(cc1N)NC(=O)N)C(=O)[O-]
dude_mk01__L002928,C/C(=C/Cn1c2c(=O)[nH]c(=O)n(c2nc1N/N=C\c3cc(ccc3O)Br)C)/Cl
dude_mk01__L002929,Cc1c2ccc(cc2oc1C(=O)c3cc(ccc3OC)OC)N
dude_mk01__L002930,C[C@@H]1CC[C@H](CN1C(=O)[C@@H]2CCCC[C@@H]2C(=O)[O-])C(=O)N
dude_mk01__L002931,CNC(=O)Nc1ccc(cn1)CNc2c(scn2)C(=O)Nc3ccc4c(c3)OC(O4)(F)F
dude_mk01__L002932,Cc1c(sc2c1c(nc(n2)S[C@H](C)C(=O)Nc3c(cc(cc3Cl)Cl)Cl)N)C
dude_mk01__L002933,Cc1cc(nc2c1[C@@H]3[C@@H](S2)C(=O)N[C@@H](N3)[C@@H]4C=NN=C4c5ccc(cc5)Cl)C(F)(F)F
dude_mk01__L002934,c1ccc(c(c1)C(CO)NC(=O)c2cc(c[nH]2)c3c(cn[nH]3)c4cccc(c4)Cl)F
dude_mk01__L002935,C[C@H](C(=O)Nc1ccc(c(c1)F)F)Nc2ccc(cc2)NC(=O)NC3CC3
dude_mk01__L002936,c1cc(c(c(c1)Cl)Cl)N2C(=O)/C(=C/c3cccn3c4ccc(cc4)O)/C(=O)NC2=O
dude_mk01__L002937,C(CCl)/C(=N\S(=O)(=O)[NH-])/N
dude_mk01__L002938,CCCSc1nc2n(n1)[C@H](C(=C(N2)C)C(=O)OC)c3ccc(c(c3)OC)OCc4ccccc4Cl
dude_mk01__L002939,c1cc(cc(c1)Cl)c2cn[nH]c2c3cc([nH]c3)C(=O)NC(CO)c4cc(cc(c4)Cl)Cl
dude_mk01__L002940,c1ccc(cc1)NC(=O)NC2(CCCCC2)C(=O)NCc3cccs3
dude_mk01__L002941,Cc1cc(c(c(c1)C)SCc2nnc3n2c4ccccc4c(=O)n3C)C
dude_mk01__L002942,c1ccc(c(c1)C(=O)N)OCC(=O)Nc2ccc(cc2)Oc3ccccc3Cl
dude_mk01__L002943,c1cc2c(cc1Br)cc(o2)C(=O)NNC(=O)NCC(F)(F)F
dude_mk01__L002944,c1cc(c(cc1C(=O)[O-])N)N2CCS(=O)CC2
dude_mk01__L002945,C[C@@H]1CCCC[C@H]1NC(=O)NC2(CCCC2)C(=O)[O-]
dude_mk01__L002946,Cc1cc(c2c(c1)[C@]3([C@@H](C[C@@H](N3)Cc4ccc(cc4)O)C(=O)Nc5cc(ccc5OC)OC)C(=O)N2)C
dude_mk01__L002947,Cc1c(c2c3c(c(c(c(c3oc2c(c1O)C(=O)CC(C)C)C(=O)CC(C)C)O)C)O)O
dude_mk01__L002948,COc1ccc(cc1)/C=C/C(=O)NC(=S)Nc2c(c3c(s2)CCC3)C(=O)N
dude_mk01__L002949,CC(C)(C)c1c(c(n(n1)c2cc(ccc2F)F)N)NC(=O)NCCc3ccccc3
dude_mk01__L002950,c1ccc2c(c1)[C@H]([C@H]3[C@@H](O2)NC(=O)NC3=O)C4C(=O)NC(=O)NC4=O
dude_mk01__L002951,CCCCc1ccc(cc1)Nc2c(c(ncn2)Oc3ccc(c4c3nccc4)Br)N
dude_mk01__L002952,c1cc(c(c(c1)Cl)Cl)[C@H]2[C@@H]([C@@](NC(=O)N2)(C(F)(F)F)O)C(=O)c3cccs3
dude_mk01__L002953,C1CCCC(CC1)NC(=O)N2C[C@H](C[C@@H]2C(=O)[O-])O
dude_mk01__L002954,C[C@@H]1CCc2c(sc(c2C(=O)N)NC(=S)NC(=O)C(c3ccccc3)c4ccccc4)C1
dude_mk01__L002955,c1cc(ccc1NC(=O)Nc2ccc(cc2)Cl)N3CCNC3=O
dude_mk01__L002956,[H]/N=C/1\[C@@H]([C@@H](C(=C(S1)N)C#N)c2ccc(cc2)c3ccccc3)C#N
dude_mk01__L002957,COc1ccc(c(c1)Br)OCC(=O)N/N=C/c2cc(c(c(c2O)O)O)Br
dude_mk01__L002958,c1ccc(cc1)OCCOc2ccc(cc2)C(=O)NC(=S)Nc3c(c4c(s3)CCCC4)C(=O)N
dude_mk01__L002959,Cc1c(c2c(s1)[nH]c(nc2=O)S[C@H](C)C(=O)Nc3cc(ccc3O)C=O)c4cccs4
dude_mk01__L002960,CC(C)c1ccc(cc1)[C@]2(C(=O)N(C(=O)N2)CC(=O)NC3(CCCC3)C#N)C
dude_mk01__L002961,C[C@@]12C[C@@H](CC(C1)(C)C)N(C2)c3c(c(ncn3)NNC(=O)c4ccccc4Br)N
dude_mk01__L002962,Cc1ccc2c(c1)nc(o2)c3ccc(cc3O)NC(=S)NC(=O)c4cccs4
dude_mk01__L002963,c1ccc(cc1)CCOc2cccc(c2)C(=O)NC(=S)Nc3ccc(cc3)C(=O)N
dude_mk01__L002964,CCOC(=O)NNC(=O)c1cc(ccc1O)Br
dude_mk01__L002965,CC(C)(C)NC(=O)[C@@H](c1c2ccccc2ccc1OC)N(Cc3ccco3)C(=O)Cc4ccc5c(c4)OCO5
dude_mk01__L002966,c1cc2c(cc1[C@H](c3ccsc3)O)CC(=O)N2
dude_mk01__L002967,Cc1nc(c2c3c(sc2n1)CCC3)NCCc4ccc(cc4)S(=O)(=O)N
dude_mk01__L002968,C[C@@H](C(=O)Nc1ccc(c(c1)C(F)(F)F)Cl)Nc2ccc(cc2)NC(=O)C
dude_mk01__L002969,CCc1cc(c(=O)[nH]c1C)NCc2nc3cccc(c3o2)Cl
dude_mk01__L002970,Cc1ccc(c(c1)CCNC(=O)Nc2cc(ccc2C)NC(=O)C(C)C)OC
dude_mk01__L002971,CCc1cccc(c1N2C(=O)[C@H]3[C@@H]([NH2+][C@@]([C@@H]3C2=O)([C@@H](C)O)C(=O)[O-])c4ccc(c(c4OC)C)OC)CC
dude_mk01__L002972,c1ccc(cc1)c2coc3cc(ccc3c2=O)O[C@]4([C@H]([C@@H]([C@@H]([C@@H](O4)CO)O)O)O)O
dude_mk01__L002973,Cc1ccc(cc1)[C@H](c2cccs2)N[C@H](C)C(=O)Nc3ccc4c(c3)[nH]c(=O)[nH]4
dude_mk01__L002974,CC[C@@H](C)NC(=O)[C@@H](C)NC(=O)Nc1ccc(c(c1)Cl)C(=O)NCC(C)C
dude_mk01__L002975,CCOC1=C/C(=C\2/NN=C3[N-]NC(=S)N3N2)/C=CC1=O
dude_mk01__L002976,Cc1ccc(cc1NC(=O)NCCc2ccc(cc2)S(=O)(=O)N)Br
dude_mk01__L002977,CCN(CC)c1ccc(cc1)[C@@H]2C(=C(NC(=S)N2)C)C(=O)Nc3ccccc3
dude_mk01__L002978,Cc1cc(c(n1c2ccc(cc2)O)C)/C=C\3/C(=O)NC(=S)N(C3=O)c4cccc(c4Cl)Cl
dude_mk01__L002979,CCN(CC)c1ccc(cc1)[C@@H]2[NH+]=C(Nc3n2c4ccccc4n3)N
dude_mk01__L002980,c1cc(c(cc1Cl)S(=O)(=O)[N-]c2nccs2)N
dude_mk01__L002981,C[C@@]12CC/C(=N\OCC(=O)NCCc3ccc(c(c3)O)O)/C=C1CC[C@H]4[C@H]2CC[C@@]5([C@@H]4CC[C@@]5(C)O)C
dude_mk01__L002982,CCOC(=O)[C@H]1C([C@H]([C@@](N[C@@]1(C(F)(F)F)O)(C(F)(F)F)O)C(=O)OCC)c2ccccc2O
dude_mk01__L002983,c1ccc2c(c1)c(c[nH]2)/C=N/Nc3[nH]nc(n3)SCCC(=O)Nc4ccc(cc4)Br
dude_mk01__L002984,c1cc(ccc1Nc2c(c(ncn2)Nc3ccc(cc3)I)N)OC(F)(F)F
dude_mk01__L002985,C[C@]12C[C@H](CC(C1)(C)C)N(C2)c3c(c(ncn3)NNC(=O)c4ccc(cc4)F)N
dude_mk01__L002986,CCOC(=O)C1=C(NC(=O)N[C@@H]1c2ccccc2)COC(=O)c3cccc(c3)O
dude_mk01__L002987,CC(C)OCC(=O)[C@]1(Cc2c(c(c3c(c2O)C(=O)c4cccc(c4C3=O)OC)O)[C@@H](C1)O)O
dude_mk01__L002988,CC(=O)Nc1ccc(cc1)S(=O)(=O)N2CCC(CC2)NC(=O)/C=C/c3cn(c(=O)n(c3=O)C)C
dude_mk01__L002989,Cc1ccccc1OCC(=O)NC(=S)Nc2c(c3c(s2)C[C@@H](CC3)C(C)(C)C)C(=O)N
dude_mk01__L002990,CC1(CN(C(=O)N1CC2(CCN(CC2)OC)C3CCCCC3)Cl)C
dude_mk01__L002991,c1cc(c(c(c1)Cl)Cl)NC(=O)Nc2ccc(cc2)n3ccc4c3ccc(n4)C(=O)N
dude_mk01__L002992,Cc1ccc(cc1)NC(=O)CN2c3ccccc3/C(=N/NC(=O)c4ccccc4N)/C2=O
dude_mk01__L002993,CCCSc1nc2n(n1)[C@@H](C(=C(N2)C)C(=O)OC(C)C)c3ccc(c(c3)OC)OCc4ccccc4
dude_mk01__L002994,c1cc(ccc1NC(=O)CCSc2nc([nH]n2)N/N=C/c3ccc(cc3Cl)Cl)Br
dude_mk01__L002995,CC(C)Oc1ccc(cc1)NC(=O)C2CC[NH+](CC2)Cc3nc(no3)c4ccc(cc4)C(C)(C)C
dude_mk01__L002996,c1cc(oc1)C(=O)Nc2ccc(cc2)NC(=O)N[C@H]3CCC[C@@H](C3)C(F)(F)F
dude_mk01__L002997,Cc1ccc(cc1)c2cc(=O)n(cn2)CC(=O)Nc3ccc(cc3)S(=O)(=O)N
dude_mk01__L002998,Cc1ccc(cc1)[C@@H]2CCC[NH+]2CC(=O)N(CCOC)c3c(n(c(=O)[nH]c3=O)CC(C)C)N
dude_mk01__L002999,C[C@@]12CC[C@H]([C@@]([C@H]1Cc3c(nc(s3)NC(=O)c4ccco4)[C@H]2CC(=O)NC5CCCCC5)(C)CO)O
dude_mk01__L003000,Cc1c(cc(cc1N)S(=O)(=O)[O-])N
dude_mk01__L003001,C[C@@]1(C[C@]2([C@@H]([C@@H]([C@@H]1C(=O)OC(C)(C)C)c3ccccc3)C(=O)OC(C)(C)C)NC(=S)NN2)O
dude_mk01__L003002,CC(C)(C)c1ccc(cc1)[C@H](C#N)NC(=O)c2ccc(cc2)NC(=O)NC3CC3
dude_mk01__L003003,CCC[C@@]1([C@@H]2[C@@H]([C@@H]([NH2+]1)c3ccccc3O)C(=O)N(C2=O)c4cccc5c4cccc5)C(=O)[O-]
dude_mk01__L003004,c1cc2c(ccc(c2cc1O)N)S(=O)(=O)[O-]
dude_mk01__L003005,c1ccc(cc1)[C@@H]2CC3=C([C@H](C(=C(O3)N)C#N)c4ccc(cc4)[N+](=O)[O-])C(=O)C2
dude_mk01__L003006,C[C@]12CC[C@H]([C@@]([C@H]1Cc3c(nc(s3)NC(=O)C4CCC4)[C@H]2CC(=O)NC5CCCCC5)(C)CO)O
dude_mk01__L003007,c1c(nc2n(c1=O)c3c(s2)CCCC3)COC(=O)C4CCCCC4
dude_mk01__L003008,c1cc(c(cc1S(=O)(=O)N[C@H]2CCS(=O)(=O)C2)[N+](=O)[O-])N
dude_mk01__L003009,CCC[C@H](C(=O)NCc1ccc(o1)c2ccc(cc2)Br)NC(=O)N
dude_mk01__L003010,C[C@@H](Cn1ccnc1)NC(=O)c2cc(cnc2NN)Br
dude_mk01__L003011,CC(=O)Nc1ccc(cc1)NC(=S)N[C@@H](C(Cl)(Cl)Cl)NC(=O)/C=C/c2ccccc2
dude_mk01__L003012,CC(C)CCN(c1c(n(c(=O)[nH]c1=O)Cc2ccccc2)N)C(=S)NC(=O)C3CCCCC3
dude_mk01__L003013,C[C@@H]1CCc2c(sc(c2C(=O)N)NC(=S)NC(=O)c3ccccc3OC)C1
dude_mk01__L003014,COc1cc(cc(c1OC)OC)c2cc(n(n2)c3nc(cs3)c4cccc(c4)O)N
dude_mk01__L003015,Cc1c(c(n(n1)[C@H]2CCS(=O)(=O)C2)C)C[NH+](C)[C@@H](C)C(=O)Nc3c(c4c(s3)CCC4)C(=O)N
dude_mk01__L003016,C[C@](C1CC1)(C(=O)Nc2ccc(cc2C(=O)[O-])I)[NH3+]
dude_mk01__L003017,Cc1ccc(c(c1)C)NC(=O)CSC2=NN[C@@H](N2c3cc(ccc3C)C)Cc4cc(=O)[nH]c(=O)[nH]4
dude_mk01__L003018,c1cc(c(cc1N)S(=O)(=O)[N-]c2nccs2)Cl
dude_mk01__L003019,CCc1c(c(nc(n1)SCC(=O)NNC(=O)c2ccc(cc2)Cl)N)c3ccc(cc3)Cl
dude_mk01__L003020,c1cc2c(cccc2S(=O)(=O)Nc3ccc(cc3)Cl)c(c1)NC(=O)/C=C/c4cc(cc(c4)O)O
dude_mk01__L003021,C[C@H](C(=O)N1CCN(CC1)S(=O)(=O)c2ccccc2C#N)NC3=NS(=O)(=O)c4c3cccc4
dude_mk01__L003022,c1ccc(c(c1)n2c3c(c(=O)[nH]c2=O)[C@@](C(=O)N3)(C(F)(F)F)NC(=O)c4ccncc4)F
dude_mk01__L003023,c1cc(c(cc1O)O)[C@@H]2[C@@H]3CC=C[C@H]3c4cc(ccc4N2)S(=O)(=O)NC5CCCCC5
dude_mk01__L003024,CC[C@@H](C)NS(=O)(=O)c1ccc2c(c1)[C@H]3C=CC[C@@H]3[C@@H](N2)c4c[nH]c5c4cccc5
dude_mk01__L003025,Cc1ccc(c(c1)C)NC(=O)C2=C3N(C(=O)[C@@H](S3)CC(=O)OC)C(=C([C@@H]2c4cccc(c4)OC)C#N)N
dude_mk01__L003026,CSc1nc2c(c(n1)N)[C@H](C3=C(C2)CCCC3=O)c4ccc(cc4)[N+](=O)[O-]
dude_mk01__L003027,c1c(cnc(c1Cl)N)/C(=N/c2nncs2)/[O-]
dude_mk01__L003028,CCc1c(c(c(c(c1)CC)/C(=N\O)/Nc2ccccc2)CC)/C(=N\O)/Nc3ccccc3
dude_mk01__L003029,CC1=C([C@H](c2c(c(sc2N1)C(=O)c3ccccc3)N)c4ccc(c(c4)OC)O)C(=O)OCC=C
dude_mk01__L003030,Cc1c2c(=O)n(c(=O)n(c2sc1C(=O)NN)CC(=O)N3CCCCC3)CC(=O)N4CCOCC4
dude_mk01__L003031,c1cc(sc1)c2nc([nH]n2)CNC(=O)N[C@@H]3CCC[C@H](C3)C(F)(F)F
dude_mk01__L003032,c1ccc2c(c1)ccc(n2)C(=O)NNC(=O)c3ccc(cc3)n4c(c(cn4)C#N)N
dude_mk01__L003033,Cc1cc(ccc1F)[N-]S(=O)(=O)c2c(cc(cc2Br)F)F
dude_mk01__L003034,C[C@H]1CC[C@H](CN1C(=O)c2cc(ccc2OC)N)C(=O)N
dude_mk01__L003035,CCCOc1cccc(c1)C(=O)NC(=S)Nc2c(c3c(s2)CCCCC3)C(=O)N
dude_mk01__L003036,C1CCC(CC1)(C(=O)[O-])NC(=O)N[C@@H]2CCCC[C@@H]2O
dude_mk01__L003037,CC(C)(C)NC(=O)[C@H](c1c(cc(cc1O)O)O)N(C2CCCCC2)C(=O)c3ccc(cc3)F
dude_mk01__L003038,CC(C)C[C@]1([C@H]2[C@@H]([C@@H]([NH2+]1)c3cccc(c3O)OC)C(=O)N(C2=O)c4ccccc4OC)C(=O)[O-]
dude_mk01__L003039,C1CCC(CC1)C[NH+]2CCC(CC2)NC(=O)CNC(=O)NCC3CCCC3
dude_mk01__L003040,CCCC(=O)N(c1ccccc1Cl)[C@@H](c2c(cc(cc2O)O)O)C(=O)NC(C)(C)CC(C)(C)C
dude_mk01__L003041,CCc1cccc(c1n2c(cc(c2C)C=C3C(=O)NC(=O)NC3=O)C)C
dude_mk01__L003042,C[NH+](C)CCN(c1nc2ccc(cc2s1)Br)C(=O)/C=C/c3cc(c(c(c3)OC)OC)OC
dude_mk01__L003043,Cc1ccc(cc1)c2cc([nH]n2)c3nnc(n3N)SCC(=O)Nc4c(cc(cc4C)C)C
dude_mk01__L003044,c1cc(ccc1NNC(=O)[C@@H]2CCC[C@H](C2)C(=O)NNc3ccc(cc3)F)F
dude_mk01__L003045,CC1=C([C@H](n2c(ncn2)N1)c3cc(ccc3OCc4ccc(cc4)C(C)(C)C)Br)C(=O)N
dude_mk01__L003046,c1ccc2c(c1)C3C[C@@H](C2c4c3cccc4)CNC(=O)c5ccc(cc5)NC(=O)N
dude_mk01__L003047,C[C@@]12CC[C@H]3c4ccc(cc4/C(=N/OCC(=O)[O-])/C[C@@H]3[C@@H]1CCC2(O)O)O
dude_mk01__L003048,Cc1cccc(c1N)c2nnnn2c3cccc(c3)Br
dude_mk01__L003049,CC(C)[C@@H](C(=O)Nc1ccc(cc1)NC(=O)Nc2ccccc2)NC(=O)c3cccs3
dude_mk01__L003050,c1ccc2c(c1)cccc2/C=N/Nc3nnc(n3N)SCC(=O)Nc4cccc(c4Cl)Cl
dude_mk01__L003051,c1cc2c(cc1[N-]S(=O)(=O)c3c(ccs3)Br)CCO2
dude_mk01__L003052,C[C@@]1([C@@]([C@@]([C@@]([C@](O1)(C)SC)(C)O)(C)O)(C)O)CO
dude_mk01__L003053,COc1ccc(cc1OC)[C@@H]2c3cc(c(cc3CC(=O)N2NC(=O)c4ccccc4N)OC)OC
dude_mk01__L003054,Cc1ccc(c(c1)Br)NC(=O)NCc2ccc(cc2)S(=O)(=O)N
dude_mk01__L003055,CCC(=O)Nc1ccc(cc1)C(=O)NNC(=S)NC(=O)/C=C/c2cccc3c2cccc3
dude_mk01__L003056,c1ccc2c(c1)c(c3c(n2)/C(=C/c4c(cccc4Cl)F)/CC3)C(=O)OCc5nc(nc(n5)N)N
dude_mk01__L003057,Cc1cc(nc(n1)SCc2ccc(cc2)CSc3nc(cc(n3)N)C)N
dude_mk01__L003058,C/C(=N\Nc1ccccc1)/[C@@]2([C@@H](C[C@H]3[C@]2(CC[C@@H]4[C@@H]3CC=C5[C@]4(CC[C@H](C5)O)C)C)OC(=O)C)O
dude_mk01__L003059,CC1CCN(CC1)c2ccc(cc2C(=O)NC3CC3)NC(=O)Nc4ccc(cc4F)F
dude_mk01__L003060,Cc1ccc(cc1)Oc2c(c(nn2C)c3ccccc3)C[NH+](Cc4ccco4)C[C@@H](COC(C)(C)C)O
dude_mk01__L003061,CC(C)C[C@H](C(=O)N/N=C/1\c2ccccc2N(C1=O)C/C=C/c3ccccc3)[NH3+]
dude_mk01__L003062,CC[NH+](CCOc1ccc(cc1)Br)C[C@H](C)/C(=N/O)/N
dude_mk01__L003063,c1ccc(cc1)Nc2ccc(cc2)NC(=O)c3cccc4c3N[C@@H]([C@@H]5[C@H]4C=CC5)c6ccccc6[N+](=O)[O-]
dude_mk01__L003064,CC(=O)NC(=S)Nc1ccc(cc1)NC(=S)NC(=O)c2ccc(cc2)C(C)(C)C
dude_mk01__L003065,CC(C)C(=O)Nc1ccc(cc1)C(=O)NNC(=S)NC(=O)CCc2ccccc2Cl
dude_mk01__L003066,CCc1ccc(cc1)[C@@H](C(C)C)NC(=O)c2cc(ccc2Br)S(=O)(=O)N
dude_mk01__L003067,c1ccc(cc1)CONC(=O)c2cc(c[nH]2)c3c(cn[nH]3)c4cccc(c4)Cl
dude_mk01__L003068,CC(C)(C)N([C@H](c1c(cc(cc1O)O)O)C(=O)NC2CCCCC2)C(=O)c3ccco3
dude_mk01__L003069,COc1ccc(c(c1O)Cl)[C@H]2C(=C(OC3=C2C(=O)CCC3)N)C#N
dude_mk01__L003070,c1ccc2c(c1)C3=C(CCNC(=O)C3=N2)c4c([nH]c(n4)N)O
dude_mk01__L003071,CC[NH+]1CCC[C@H]1CNC(=O)[C@@]2(c3cc(ccc3NC(=O)N2c4ccc(c(c4)C)C)Br)O
dude_mk01__L003072,CCOc1ccc(cc1C2C3=C(CCCC3=O)NC4=C2C(=O)CCC4)Cl
dude_mk01__L003073,CC1=C([C@@H](C2=C(N1)CCCC2=O)c3cc(c(c(c3)Cl)O)OC)C#N
dude_mk01__L003074,c1c[nH]cc(c1=O)NC(=O)Cn2cc(c(=O)[nH]c2=O)Br
dude_mk01__L003075,Cc1ccc(cc1)/C=N/n2c(c(c3c2nc4ccccc4n3)C(=O)NCCOC)N
dude_mk01__L003076,Cc1ccc2=[NH+]CC(=c2c1)CCN3C[C@H](CC3=O)C(=O)N[C@H]4NN[C@@H](S4)CCc5ccccc5
dude_mk01__L003077,c1ccc2c(c1)c(=O)c(c[nH]2)C(=O)NCC(=O)N3CCN(CC3)S(=O)(=O)c4ccccc4[N+](=O)[O-]
dude_mk01__L003078,[C@H]1([C@H]([C@H](O[C@H]([C@H]1O)O)C(=O)[O-])O)O
dude_mk01__L003079,CC(C)C[NH2+]Cc1ccc(cc1N(CC(=O)N)C(C)C)Br
dude_mk01__L003080,c1cc(c(cc1Cl)Cl)[C@H](c2cc3c(cc2Br)[nH]c(=O)[nH]3)O
dude_mk01__L003081,COc1ccc(c(c1)OC)C(=O)N2C[C@H](C3(C2)CC[NH2+]CC3)C(=O)NC4CCC(CC4)C(=O)[O-]
dude_mk01__L003082,CCc1ccc(cc1)S(=O)(=O)Nc2ccccc2/C(=N/NC(=S)N)/c3ccccc3
dude_mk01__L003083,c1cc(c(cc1C=O)[N+](=O)[O-])Oc2ccc(cc2Br)Cl
dude_mk01__L003084,C[C@@H](C(C)C)NC(=O)C1=CO/C(=C/2\C(=NC=N2)N)/[N-]1
dude_mk01__L003085,C[C@@H](c1ccccc1OC)NC(=O)NNc2c(c(c(c(c2F)F)F)F)F
dude_mk01__L003086,CC1=C([C@H](C(=C(N1)SCC(=O)Nc2cccc(c2)OC)C#N)c3cccs3)C(=O)Nc4ccccc4
dude_mk01__L003087,CCOc1cc(ccc1O)[C@H]2C(=C(NC(=S)N2)C)C(=O)Nc3cccc(c3)OC
dude_mk01__L003088,CNC(=O)[C@@H]1CCCCN1c2cc(c(cc2F)N)C(=O)[O-]
dude_mk01__L003089,Cc1ccc(c(c1)Cl)C(=O)NC(=S)Nc2ccc(c(c2)O)c3nc4cc(cc(c4o3)C)C
dude_mk01__L003090,c1cc(c(c2c1c(ccc2N)S(=O)(=O)[O-])O)N
dude_mk01__L003091,CCn1ccc(n1)[C@@H]2Nc3c4c(cc(nc4sc3C(=O)N2)C(F)F)C
dude_mk01__L003092,CO[C@H]1[C@@H]([C@H]([C@H]([C@H](O1)C(=O)[O-])O)O)O
dude_mk01__L003093,c1cc(cc(c1)Cl)c2cn[nH]c2c3cc([nH]c3)C(=O)NCCc4cccnc4
dude_mk01__L003094,c1cc(c(cc1Cl)c2ccc(o2)C(=O)NC(=S)Nc3c(c4c(s3)CCC4)C(=O)N)Cl
dude_mk01__L003095,Cc1ccc(cc1)CS[C@@H]2NN[C@H](N2N)[C@@H]3C=C(N=N3)c4ccc(cc4)C
dude_mk01__L003096,Cc1c(sc2c1c(nc(n2)S[C@@H](C)C(=O)Nc3ccc(cc3)C(=O)C)N)C
dude_mk01__L003097,CCOc1ccc(cc1[N+](=O)[O-])C(=O)OCCSc2cc(c(c(c2)C)NC(=O)c3ccccc3)C
dude_mk01__L003098,Cc1ccc(cc1)NC(=O)CSCC(=O)Nc2ccc(cc2)C(=S)N
dude_mk01__L003099,c1ccc2c(c1)c(cn2Cc3ccc(cc3Cl)Cl)/C=N/NC(=O)N
dude_mk01__L003100,Cc1ccc(cc1)NC(=O)N(c2nc(cs2)c3cccc(c3)O)NC(=O)NC4CCCCC4
dude_mk01__L003101,c1cc(ccc1NCC(=O)Nc2c(c3c(s2)CCCC3)C(=O)N)Br
dude_mk01__L003102,CCCN1C(=O)/C(=C/c2ccc3c(c2)CC4([C@@H]5N3CC[NH+](C5)C)C(=O)N(C(=O)N(C4=O)C)C)/C(=NC1=O)[O-]
dude_mk01__L003103,Cc1c2c(nc(n(c2=O)CC(=S)N)C)sc1C(=O)N
dude_mk01__L003104,c1cc(ccc1N)O[C@@H]2[C@H]([C@@H]([C@@H]([C@H](O2)C(=O)[O-])O)O)O
dude_mk01__L003105,CCOc1ccccc1[C@H]2c3c(c4ccccc4[nH]c3=O)OC(=C2C#N)N
dude_mk01__L003106,c1c(c(c(c2c1C(=O)c3c(c(cc(c3O)O)O)C2=O)O)O)CO
dude_mk01__L003107,c1cc(ccc1SCC(=O)NC(=S)Nc2c(c3c(s2)CCCC3)C(=O)N)Cl
dude_mk01__L003108,c1ccc(c(c1)c2ccc(cc2)[C@@H](CNI)N3CC[NH2+][C@@H](C3)[O-])O
dude_mk01__L003109,CCOC(=O)c1c(oc(c1C(=O)OCC)NC(=O)[C@@H](C)Sc2cc(c3cc(cc(c3n2)C)C)C)C
dude_mk01__L003110,CCCCc1ccc(cc1)N2C(=O)[C@@H]3[C@@H](N[C@@]4([C@@H]3C2=O)c5cc(ccc5NC4=O)F)CC(=O)N
dude_mk01__L003111,c1c(c[nH]c(=O)c1NC(=O)N2CCC[C@H]2C3CCCCC3)C(F)(F)F
dude_mk01__L003112,CN1CC=C2[C@@H](C1)[C@@H](C(C(=C2C#N)N)(C#N)C#N)c3ccc(c(c3)O)O
dude_mk01__L003113,c1cc([nH]c1)/C=N/c2cc(ccc2O)S(=O)(=O)c3ccc(c(c3)/N=C\c4ccc[nH]4)O
dude_mk01__L003114,C[C@@]12[C@H](C=C[C@@]3([C@@H]1[C@@H]([C@]45[C@@H]3CC[C@](C4)(C(=C)C5)O)C(=O)[O-])OC2=O)O
dude_mk01__L003115,CCCOc1ccc(cc1C(=O)NC(=S)Nc2cccc(c2)C(=O)N)Br
dude_mk01__L003116,C[C@H]1CCC[C@H]([C@@H]1C)NC(=S)NNC(=O)CCNC(=O)c2cccs2
dude_mk01__L003117,C[C@@H]1CCC[C@@H]([C@@H]1C)NC(=S)NNC(=O)[C@@H](C(C)C)NC(=O)c2ccco2
dude_mk01__L003118,CC[C@H](C)c1ccccc1NC(=O)CSc2nnc(n2N)c3ccc(cc3)C
dude_mk01__L003119,Cc1c(sc(n1)C)[C@H](C)NS(=O)(=O)c2ccnc(c2)NN
dude_mk01__L003120,Cc1ccc(cc1)C(=O)CSc2nnc(n2N)N/N=C/c3cc(ccc3O)Br
dude_mk01__L003121,CC[C@]1(C(=O)N(C(=O)N1)NC(=O)CN2C(=O)[C@@]3(CCc4c3cccc4)NC2=O)c5ccccc5
dude_mk01__L003122,c1ccc2c(c1)C(=O)NC3(N2)CCN(CC3)C(=O)/C=C\4/[C@@H]5C=CC=C[C@H]5C(=O)NN4
dude_mk01__L003123,c1c(cc(c(c1C(=O)[O-])NC(=O)CCCCC[NH3+])Br)Br
dude_mk01__L003124,c1ccc(cc1)N2[C@@H](NN[C@@H]2SCc3[nH]c(=O)c4ccccc4n3)c5ccccc5O
dude_mk01__L003125,c1cc2c(ccc(c2nc1)N3CCCC[C@H]3C(=O)N)N
dude_mk01__L003126,CC1(CCCCC1)NS(=O)(=O)c2c(nc3n2ccs3)N
dude_mk01__L003127,c1c(cc(c(c1O)O)O)[C@H]2[C@@H](C(=O)c3c(cc(cc3O2)O)O)O
dude_mk01__L003128,CC(=O)N1C/C(=C\c2ccccc2)/C3=C(C1)[C@H](C(=C(O3)N)C#N)c4ccccc4
dude_mk01__L003129,Cc1ccc(c2c1c(=O)cc([nH]2)CS[C@@H]3NN[C@@H](N3C)c4cccc(c4)F)C
dude_mk01__L003130,c1cc(cc(c1)NC(=O)C23CC4CC(C2)CC(C4)C3)NC(=O)CSc5c(cc(c(n5)N)C#N)C#N
dude_mk01__L003131,COc1ccc(cc1)N2[C@H](NN=C2SCC(=O)Nc3ccccc3)Cc4cc(=O)[nH]c(=O)[nH]4
dude_mk01__L003132,c1ccc(cc1)Oc2ccccc2NC(=O)C[C@H]3C(=O)Nc4ccccc4N3
dude_mk01__L003133,c1cc(ccc1C(=O)N[C@@H]2CCCC[C@H]2C(F)(F)F)n3c(c(cn3)C#N)N
dude_mk01__L003134,c1ccc(c(c1)/C=C(\C(=S)N)/C(=O)OCC(=O)Nc2c(cc(cc2Cl)Cl)Cl)O
dude_mk01__L003135,C[C@]12CC[C@H](C1(C)C)C[C@H]2NC(=O)Nc3nnc(s3)C(F)F
dude_mk01__L003136,c1ccc2c(c1)[C@@]3(c4c(c(=O)cc(o4)CO)OC(=C3C#N)N)C(=O)N2
dude_mk01__L003137,C[C@H](c1ccc(cc1O)O)Nc2cc(ccc2OC)Br
dude_mk01__L003138,CC(C)CC(=O)Nc1ccc(cc1)C(=O)NNC(=O)COc2ccc(cc2Cl)Br
dude_mk01__L003139,Cc1cc(cc\2c1NC(=O)/C2=N\NC(=S)N)Br
dude_mk01__L003140,c1cc(sc1)CNC(=O)CSc2nc(c3c4c(sc3n2)CCCC4)N
dude_mk01__L003141,COc1cc(cc(c1O)[N+](=O)[O-])[C@@H]2[C@@H]([C@@](NC(=S)N2)(C(F)(F)F)O)C(=O)c3ccccc3
dude_mk01__L003142,c1ccc(c(c1)c2ccc(o2)[C@@H]3[C@H]([C@@](NC(=O)N3)(C(F)(F)F)O)C(=O)c4ccc(cc4)Cl)Cl
dude_mk01__L003143,CC[C@@]1(C(=O)N(C(=O)N1)NC(=O)CSc2nc(cn2N)c3ccccc3)c4ccccc4
dude_mk01__L003144,c1ccc2c(c1)nc3c(c(n(c3n2)CCc4ccc(cc4)S(=O)(=O)N)N)C(=O)OC5CCCCC5
dude_mk01__L003145,COc1ccc(cc1OC)c2cc(n3c(n2)cc(n3)C(=O)OC[C@H]4CCC[NH+]5[C@@H]4CCCC5)C(F)(F)F
dude_mk01__L003146,Cc1ccccc1NC(=O)CCSc2nnc(n2N)N/N=C/c3cccc4c3cccc4
dude_mk01__L003147,c1cc(c(cc1[C@@H]2Nc3ccc(cc3C(=O)N2)Cl)O)O
dude_mk01__L003148,c1ccc(c(c1)c2nnc(n2N)SCCC(=O)Nc3c(c4c(s3)CCCC4)C#N)O
dude_mk01__L003149,CN(c1ccccc1F)c2ccc(cc2N)S(=O)(=O)N
dude_mk01__L003150,Cc1ccc(cc1)S(=O)(=O)/N=C(/c2ccc(s2)Br)\[O-]
dude_mk01__L003151,COC(=O)c1cc(ccc1N[C@@H]2CCCc3c2cccc3)S(=O)(=O)N
dude_mk01__L003152,CCC[C@@H](/C(=N/O)/N)C(=O)Nc1c(cc(cc1Br)Br)Br
dude_mk01__L003153,C[C@H]1CCCC[NH+]1CC(=O)Nc2ccc(c(c2)NC(=O)/C=C/c3ccc(cc3)C(=O)NC4CC4)F
dude_mk01__L003154,C[C@]1(C[C@@]2([C@@H]([C@@H]([C@@H]1C(=O)OC(C)(C)C)c3ccccc3)C(=O)OC(C)(C)C)NC(=S)NN2)O
dude_mk01__L003155,CCNc1c(c(ncn1)Oc2ccc(c3c2nccc3)Br)N
dude_mk01__L003156,CC(=O)Nc1ccc(cc1)NC(=S)N[C@H](C(Cl)(Cl)Cl)NC(=O)/C=C\c2ccccc2
dude_mk01__L003157,Cc1cc(cc(c1NC(=O)NC2CCOCC2)OC)Br
dude_mk01__L003158,CC(C)(C)c1ccc(s1)[C@H]2C(=C(N(C3=C2C(=O)CCC3)Nc4cc(=O)[nH]nc4c5ccccc5)N)C#N
dude_mk01__L003159,c1cc(ccc1N(CC(=O)[O-])C(=O)N)O
dude_mk01__L003160,COC(=O)[C@H](c1c(=O)[nH]c2ccccc2n1)/C(=N/O)/C(=O)Nc3ccc(cc3)Br
dude_mk01__L003161,CCOC(=O)C1=C(NC(=O)N[C@@H]1c2cccs2)COC(=O)c3ccc(cc3N)Cl
dude_mk01__L003162,CCc1ccc2c(c1)sc(n2)N(CC[NH+](C)C)C(=O)c3ccc(cc3)S(=O)(=O)N4CCCC[C@H]4CC
dude_mk01__L003163,CCC(C)(C)c1ccc(cc1)OCC(=O)N[C@@H](Cc2ccc(cc2)O)C(=O)N
dude_mk01__L003164,Cc1c(c2c(cc1N)N(C(=O)CCO2)C)C
dude_mk01__L003165,CCCCOc1ccc(cc1)NC(=O)c2c(c\3c(o2)CCC/C3=N\NC(=O)N)C
dude_mk01__L003166,C[C@H](C(=O)NNC(=O)NCC(F)(F)F)Oc1cccc(c1Cl)Cl
dude_mk01__L003167,c1cc(ccc1CC(=O)NC(=O)NNc2ccc(c(c2)Cl)Cl)Br
dude_mk01__L003168,Cc1ccc(cc1C(=O)NNC(=O)C2=NC=C(C2)Br)S(=O)(=O)NC(C)(C)C
dude_mk01__L003169,c1cc(ccc1C(=O)NCCC2=CCCCC2)Nc3cc(nc(n3)N)N4CCOCC4
dude_mk01__L003170,CNS(=O)(=O)c1cccc(c1)C[NH2+]Cc2c3ccccc3ccc2O
dude_mk01__L003171,c1ccc(cc1)c2ccc(s2)/C=C/C(=O)NCC(=O)Nc3ccc4c(c3)[nH]c(=O)[nH]4
dude_mk01__L003172,Cc1ccc(o1)CN([C@@H](c2ccccc2O)C(=O)NC(C)(C)C)C(=O)c3cccc(c3O)O
dude_mk01__L003173,C=CC[NH+]1[C@@H](NN[C@@H]1SCc2[nH]c(=O)c3ccc(cc3n2)C(=O)[O-])c4ccc(cc4)Br
dude_mk01__L003174,C1CCC(CC1)Nc2nnc(s2)SCC(=O)NC(=O)NC34CC5CC(C3)CC(C5)C4
dude_mk01__L003175,CC(C)(C)c1ccc(cc1)[C@@H]2[C@@H]([C@@](NC(=O)N2)(C(F)(F)F)O)C(=O)c3cccs3
dude_mk01__L003176,CC[C@@H](C)N1C(=O)/C(=C/c2ccc3c(c2)CC4([C@@H]5N3CCC5)C(=O)N(C(=O)N(C4=O)C)C)/C(=O)NC1=O
dude_mk01__L003177,CSc1ccc(cc1)NC(=O)COC(=O)c2c(c(c(c(n2)Cl)Cl)N)Cl
dude_mk01__L003178,C/C(=N\Nc1nnc(n1N)SCC(=O)Nc2ccc(c(c2)C(F)(F)F)Cl)/c3ccc(cc3)F
dude_mk01__L003179,Cc1c(sc(n1)NC(=O)[C@H](C)NC(=O)N)C
dude_mk01__L003180,CCCc1nnc(s1)N2[C@@H](c3c(=O)c4cc(ccc4oc3C2=O)C)c5ccc(c(c5)OCC)OCCC
dude_mk01__L003181,c1ccc2c(c1)c(c[nH]2)C[C@@H](COc3cc(cnc3)c4ccc5cnccc5c4)N
dude_mk01__L003182,CC(C)NS(=O)(=O)c1ccc2c(c1)[C@@H]3C=CC[C@@H]3[C@@H](N2)c4ccc(cc4O)O
dude_mk01__L003183,COc1cc(ccc1O)/C=N/n\2c(cs/c2=N\C3CC3)c4ccc(c(c4)C(=O)N)O
dude_mk01__L003184,Cc1ccc(cc1)n2c(=O)c3ccccc3n(c2=O)Cc4ccccc4C#N
dude_mk01__L003185,COc1ccc(cc1C(=O)NNC(=O)c2ccc(cc2)O)Br
dude_mk01__L003186,C[C@@H]1CCc2c(sc(c2C(=O)N)NC(=O)c3ccccc3NS(=O)(=O)c4ccccc4)C1
dude_mk01__L003187,c1cc(ccc1C(=O)CSc2nc3c(c4c(s3)CCCC4)c(=O)n2N)Cl
dude_mk01__L003188,C1CC[C@H]2[C@H](C1)N(CCO2)CC(=S)N
dude_mk01__L003189,CN1c2ccccc2[C@]3(C1=O)C(=C(C(=O)N3CC[NH+](C)C)[O-])C(=O)c4ccc(cc4)S(=O)(=O)N(C)C
dude_mk01__L003190,c1ccc(cc1)CSc2ccccc2NC(=O)CN3Cc4ccccc4C[C@H]3C(=O)N
dude_mk01__L003191,C[C@H](C(=O)Nc1ccc(cc1)Br)SC2=N[C@@H]3C(=c4ccccc4=[NH+]3)N=N2
dude_mk01__L003192,c1ccc2c(c1)c3c(c(=O)[nH]2)[C@H](C(=C(O3)N)C#N)c4cccs4
dude_mk01__L003193,COc1ccc(cc1OC)/C=C/C(=O)NC(=S)Nc2c(c3c(s2)CCCCCC3)C(=O)N
dude_mk01__L003194,C1CCC2(CC1)OC[C@H](O2)CNC(=O)C(=O)N3CCC(CC3)C(=O)N
dude_mk01__L003195,CCOC(=O)N[C@@H]1CCCN(C1)C(=O)CCCC[C@H]2[C@@H]3[C@@H](CS2)NC(=O)N3
dude_mk01__L003196,Cc1ccc(cc1)n2cc(nc2NC(=O)CN(CC[NH+](C)C)C(=O)c3cccs3)c4ccc(cc4)Cl
dude_mk01__L003197,c1cc(ccc1c2ccc(o2)C(=O)Nc3c(c4c(s3)CCCC4)C(=O)N)Cl
dude_mk01__L003198,Cc1ccc(cc1)SCc2c3c(n[nH]2)OC(=C([C@H]3c4ccc(cc4F)F)C#N)N
dude_mk01__L003199,CC(C)(C)c1ccc(cc1)C(=O)NC(=S)NNC(=O)c2ccc(cc2)Cl
dude_mk01__L003200,CN(C)C(=O)N[C@H](C(Cl)(Cl)Cl)NC(=S)Nc1ccc(cc1)I
dude_mk01__L003201,Cc1ccc(c(c1)C)NC(=O)NC(=O)[C@@H](C)[NH2+]CC2(CCCCC2)N3CCOCC3
dude_mk01__L003202,Cc1cc(cc(c1)NC(=O)CSc2nnc(n2N)N/N=C/c3ccc(cc3)C(=O)OC)C
dude_mk01__L003203,CCCN1CC=C2[C@H](C1)[C@H](C(C(=C2C#N)N)(C#N)C#N)c3cccc(c3Cl)Cl
dude_mk01__L003204,CCCOc1c(cc(cc1Cl)/C=C/C(=O)NCC(=O)Nc2ccc3c(c2)[nH]c(=O)[nH]3)OC
dude_mk01__L003205,C[C@H]1CCC[C@](C1)(C(=O)[O-])NC(=O)N[C@@H]2CCCC[C@@H]2O
dude_mk01__L003206,Cc1cc(cc(c1OCC(=O)NNC(=O)CNC(=O)C2CCCCC2)C)Br
dude_mk01__L003207,Cc1ccc(cc1NC(=O)NCCNC(=O)OC(C)(C)C)Br
dude_mk01__L003208,CC[NH+](CC)CCN(c1nc2ccc(cc2s1)F)C(=O)c3ccc(cc3)S(=O)(=O)N4CCCCC4
dude_mk01__L003209,CCOc1ccc(cc1)NC(=O)c2c3c(sc2/N=C/c4ccc(cc4)N(C)C)CN(CC3)C(=O)OCC
dude_mk01__L003210,C[C@H](c1ccc(cc1)NC(=O)N)NC(=O)[C@H]2CCCN2C(=O)C34CC5CC(C3)CC(C5)C4
dude_mk01__L003211,c1c(c(=O)[nH]c(=O)[nH]1)[C@@H]2[N-]C(=CS2)Br
dude_mk01__L003212,CCCCn1c(c(c(=O)[nH]c1=O)N(Cc2ccccc2)C(=O)CC[C@H]3Cc4ccccc4NC3=O)N
dude_mk01__L003213,c1cc(c(cc1Br)S(=O)(=O)N2CCN(CC2)S(=O)(=O)N)N
dude_mk01__L003214,CCOC(=O)C1=C(Oc2c(c(n[nH]2)C)[C@H]1c3c(cccc3Cl)Cl)N
dude_mk01__L003215,CC1=C([C@H](C(=C(N1)SCC(=O)N)C#N)c2ccccc2Cl)C(=O)Nc3ccccc3
dude_mk01__L003216,Cc1ccc(cc1Br)NC(=O)CNc2ccc(cc2)NC(=O)C3CC3
dude_mk01__L003217,CC(C)(C)[C@@H](c1cccs1)NC(=O)c2ccc(cc2)n3c(c(cn3)C#N)N
dude_mk01__L003218,Cc1c(c(=O)[nH]c(=O)[nH]1)S(=O)(=O)N2CCC[C@@H](C2)C(=O)NCC(C)C
dude_mk01__L003219,CN(CCO)c1cc(c2c(c1N)C(=O)c3ccccc3C2=O)NCc4ccco4
dude_mk01__L003220,C#CCOc1ccc(cc1)/C=N/NC(=O)Nc2ccc(cc2)Br
dude_mk01__L003221,Cc1c(cccc1S(=O)(=O)N(C)C)N
dude_mk01__L003222,C[C@H]1CC[C@@H](CN1C(=O)N2C[C@@H](C[C@H]2C(=O)[O-])O)C(=O)N
dude_mk01__L003223,C[C@H]1[C@H]2CC[C@@]3([C@H](CCC(=C)[C@@]3([C@H]2OC1=O)O)O)C
dude_mk01__L003224,c1c[nH+]c(cc1S(=O)(=O)[N-]c2c(cc(cc2Cl)Br)Cl)NN
dude_mk01__L003225,C#CCSc1nc(c2c(n1)OC(=C([C@@H]2c3cccnc3)C#N)N)N
dude_mk01__L003226,CC(C)[C@@H](C(=O)[O-])NC(=O)C1(CCCCC1)[NH3+]
dude_mk01__L003227,C[C@@]12C[C@@H](CC(C1)(C)C)N(C2)c3c(c(ncn3)NCc4ccccc4Cl)N
dude_mk01__L003228,c1ccc(cc1)N([C@H](C2CCCCC2)C(=O)NC3CCCCC3)C(=O)c4cccc(c4O)O
dude_mk01__L003229,CCc1ccc2c(c1)cc(c(=O)[nH]2)[C@H](c3nnnn3C(C)(C)CC)[NH+]4CCN(CC4)c5ccc(cc5)OC
dude_mk01__L003230,Cc1ccc(cc1)S(=O)(=O)NC(=O)Nc2ccc(c(c2)NC(=O)NS(=O)(=O)c3ccc(cc3)C)C
dude_mk01__L003231,CCCc1ccc(cc1)c2c(sc(n2)NC(=O)[C@@H](CCSC)NC(=O)N)C
dude_mk01__L003232,CC[C@H](C)c1ccc(cc1)[C@H](C(C)C)NC(=O)CCNc2ccc(cc2[N+](=O)[O-])S(=O)(=O)N
dude_mk01__L003233,Cc1cc(cc(c1)NC2=N[C@H]3[C@H]([C@@H](C[C@@H]([C@H]3S2)C(=O)NC4CCCC4)O)O)C
dude_mk01__L003234,COC(=O)c1ccc(cc1)/C=N/Nc2nnc(n2N)SCC(=O)Nc3cc(ccc3Cl)Cl
dude_mk01__L003235,CC(C)[C@@H](C(=O)Nc1ccc(cc1)C(=O)NCC(=O)N)SCc2ccccc2
dude_mk01__L003236,CC(=O)Nc1ccc(cc1)S(=O)(=O)N2CCN(CC2)C(=O)c3cc4cccc(c4oc3=O)OC
dude_mk01__L003237,Cc1cc(c2c(c1)c(c(o2)C(=O)NCCc3ccc(cc3)S(=O)(=O)N)C)C
dude_mk01__L003238,Cc1ccc(cc1)S(=O)(=O)Nc2ccc(cc2)N[C@H](C)C(=O)NC(C)(C)C
dude_mk01__L003239,CC(C)(C)NC(=O)[C@H](c1c(cc(cc1O)O)O)N(Cc2ccco2)C(=O)C3CCCCC3
dude_mk01__L003240,CN(C)c1ccc(cc1)/C=C(\C(=O)N/N=C\c2c3ccccc3ccc2O)/NC(=O)c4ccccc4
dude_mk01__L003241,c1cc(ccc1NC(=O)CSc2nc([nH]n2)N)I
dude_mk01__L003242,CC(C)c1ccc2c(c1)[C@]3(CC(=O)Nc4c3cnn4C(C)(C)C)C(=O)N2
dude_mk01__L003243,Cc1ccc(cc1)c2cc(n[nH]2)c3nnc(n3N)SCC(=O)Nc4ccc(c(c4)C)C
dude_mk01__L003244,c1cc2c(c(c1)C(=O)N)N[C@@H]([C@H]3[C@H]2C=CC3)c4ccc(cc4O)O
dude_mk01__L003245,COC(=O)c1ccc(cc1)NC(=O)CSc2nc3c(c4ccccc4n3CCc5ccccc5)nn2
dude_mk01__L003246,C[C@H]1CC=C2[C@H](C1)[C@@H](C(C(=C2C#N)N)(C#N)C#N)c3cccc(c3)OC
dude_mk01__L003247,c1cc(ccc1c2ccc(o2)/C=C(/C#N)\[C@@H]3[C@@H](C(=NN3)N)C#N)S(=O)(=O)N
dude_mk01__L003248,CCCc1ccc(cc1)c2c(sc(n2)NC(=O)C[C@@H](c3cccs3)NC(=O)N)C
dude_mk01__L003249,CN(C)c1ccc(cc1)NC(=O)NC[C@@H]2CCC[C@H](C2)CNC(=O)Nc3ccc(cc3)N(C)C
dude_mk01__L003250,CC(C)(C)c1ccc(cc1)NC(=O)CSc2nc([nH]n2)N/N=C/c3ccc(cc3)Br
dude_mk01__L003251,c1ccc(c(c1)C(=O)NC(=S)Nc2c(c3c(s2)CCCCCC3)C(=O)N)Br
dude_mk01__L003252,CC1CCC(CC1)(C(=O)[O-])NC(=O)N[C@@H]2CCCC[C@H]2O
dude_mk01__L003253,Cc1cccc2c1[nH]c(=O)c(c2)[C@H](c3nnnn3C4CCCCC4)[NH+](CCc5ccccc5)Cc6ccccc6
dude_mk01__L003254,Cc1ccc(cc1)NC(=O)CSC2=NN[C@@H](N2c3cc(ccc3C)C)Cc4cc(=O)[nH]c(=O)[nH]4
dude_mk01__L003255,c1ccc2c(c1)cccc2NC(=O)CCSc3nc([nH]n3)N/N=C/c4cccc(c4)Br
dude_mk01__L003256,c1cc(ccc1N)Oc2ccc3c(c2)C(=O)N(C3=O)c4ccc(cc4)S(=O)(=O)c5ccc(cc5)N
dude_mk01__L003257,CC(C)(C)CC(C)(C)NC(=O)[C@@H](c1c(cc(cc1O)O)O)N(Cc2ccco2)C(=O)c3ccccc3Cl
dude_mk01__L003258,C1CCC(C1)CNC(=O)NCC(=O)NNc2c(c(c(c(c2F)F)F)F)F
dude_mk01__L003259,Cc1ccc(cc1)NC(=S)NNC(=O)c2cc3n(n2)[C@@H](C[C@H](N3)c4ccc(cc4)C(C)C)C(F)(F)F
dude_mk01__L003260,c1ccc(cc1)C(=O)[C@H]2[C@@H](NC(=O)N[C@]2(C(F)(F)F)O)c3ccc(o3)c4ccc(cc4)Cl
dude_mk01__L003261,CCCOC(=O)c1c2cc3c(c(c2oc1N)c4ccc(cc4)C)c(c(o3)N)C(=O)OCCC
dude_mk01__L003262,Cc1cccc(c1)C(C)(C)CNC(=O)NNC(=O)COc2ccccc2F
dude_mk01__L003263,Cc1ccc(cc1)C(=O)[C@@H]2[C@@H]3CCCN3[C@@]4([C@]25c6ccccc6NC5=O)c7cccc(c7NC4=O)C
dude_mk01__L003264,Cc1ccc(c(c1)C)C(=O)NC(=S)Nc2c(c3c(s2)CCCC3)C(=O)N
dude_mk01__L003265,Cc1ccc(s1)[C@@H](C)Nc2cc3c(cc2Br)[nH]c(=O)[nH]3
dude_mk01__L003266,CCCCCCN1[C@H](C(=C(NC1=O)O)[C@@H]2c3c(c4ccccc4[nH]3)CCN2C)O
dude_mk01__L003267,CCOC(=O)C1=C(Oc2ccc3ccccc3c2[C@@H]1c4ccc(cc4)OC)N
dude_mk01__L003268,COc1cc(ccc1O)c2cc(cnc2N)c3ccc(cc3)S(=O)(=O)C
dude_mk01__L003269,c1ccc(cc1)Cn2c(c(c(=O)[nH]c2=O)N(CCC3=CCCCC3)CC(=O)Nc4cccc(c4)F)N
dude_mk01__L003270,CNC(=S)N/N=C/c1cccc2c1n(c(c2/C=N/NC(=S)NC)Cl)c3ccccc3
dude_mk01__L003271,Cc1ccc(cc1)S(=O)(=O)/N=C\2/[C@@H]([NH+]=c3ccccc3=N2)Nc4ccc(c(c4)F)C
dude_mk01__L003272,c1cc(ccc1c2c(noc2N)c3ccc(o3)[N+](=O)[O-])Br
dude_mk01__L003273,c1ccc(cc1)NC(=O)NC2CC[NH+](CC2)CC(=O)NCCc3ccc(cc3)F
dude_mk01__L003274,CC(C)[C@@H](C(=O)OCC(=O)Nc1c(c2c(s1)CCC2)C(=O)N)NC(=O)c3ccc(cc3)C(C)(C)C
dude_mk01__L003275,C[C@H]1C[C@H](CC(C1)(C)C)CC(=O)NNC(=S)Nc2cccc(c2)NC(=O)C
dude_mk01__L003276,c1cc(=O)n(cc1Br)Cc2c(ccc(n2)NN)Cl
dude_mk01__L003277,COc1ccc(cc1)n2c(=O)c3c4c(sc3nc2SCc5nc(nc(n5)N)N)CCCCC4
dude_mk01__L003278,c1ccc(cc1)N2[C@H]3[C@H]([C@@H](C(=C(O3)N)C#N)c4ccc(cc4)F)C(=N2)C(F)(F)F
dude_mk01__L003279,[H]/N=C\1/[C@H](SC(=C1C(=O)N[C@H]2CCCC[C@H]2C)NCC(C)C)C(=O)Nc3c(c4c(s3)CCC4)C(=O)OC
dude_mk01__L003280,C=C(c1cc(ccc1O)O)NNC(=O)COc2ccc(cc2)Br
dude_mk01__L003281,C[C@](C1CC1)(C(=O)N[C@H](C(=O)[O-])C(C)(C)C)[NH3+]
dude_mk01__L003282,CCCOc1ccc(cc1OCC)[C@H]2c3c(=O)c4ccc(c(c4oc3C(=O)N2c5nnc(s5)CC)C)C
dude_mk01__L003283,CCC(CC)[C@H](CNC(=O)NNC(=O)c1c(ccs1)C)[NH+]2CCCC2
dude_mk01__L003284,CC1=C([C@@H](NC(=S)N1)c2ccc(cc2Cl)Cl)C(=O)N/N=C/c3ccccc3O
dude_mk01__L003285,C[C@H](C(=O)NNC1=CC(=O)CCC1)NC(=O)C23CC4CC(C2)CC(C4)C3
dude_mk01__L003286,c1cc(c(cc1Cl)OCC(=O)Nc2cc3c(cc2Br)[nH]c(=O)[nH]3)Cl
dude_mk01__L003287,c1cc(ccc1NC(=O)NCSSCNC(=O)Nc2ccc(cc2)Cl)Cl
dude_mk01__L003288,CC1=C([C@H](NC(=S)N1)c2ccc(c(c2)OC)OC(C)C)C(=O)Nc3ccccc3
dude_mk01__L003289,C[C@H](C(=O)Nc1ccc(cc1)S(=O)(=O)N)OC(=O)c2cc3c(s2)CC[C@@H](C3)C(C)(C)C
dude_mk01__L003290,CC(C)c1cc2c(c(c1O)O)[C@]34CCCC([C@H]3[C@H]([C@H]2O)OC4=O)(C)C
dude_mk01__L003291,CC[C@H](c1nnnn1Cc2ccc(cc2)F)[NH+](Cc3ccccc3)Cc4cc5c(cc(cc5[nH]c4=O)C)C
dude_mk01__L003292,[H]/N=C(\Nc1nc2ccccc2o1)/NC(=O)c3c(c4ccccc4s3)Cl
dude_mk01__L003293,c1ccc(cc1)CCC(=O)Nc2ccc(cc2)NCC(=O)Nc3ccc(cc3)C(=O)NC4CCCCC4
dude_mk01__L003294,CN1C(=O)/C(=C\2/C[C@H](NN2)c3ccc(c(c3)OC)O)/C(=NC1=O)[O-]
dude_mk01__L003295,CCOC(=O)C1=C(OC2=C([C@@H]1c3ccc4c(c3)OCO4)C(=O)CC(C2)(C)C)N
dude_mk01__L003296,CCOC(=O)[C@H]1[C@H]([C@@H]2[C@@H](C[C@@]1(C)O)[NH2+]N=C2[O-])c3ccccc3
dude_mk01__L003297,c1ccc(c(c1)CS(=O)(=O)Nc2cccc3c2oc(=O)[nH]3)Cl
dude_mk01__L003298,Cc1c(n(c(c1C#N)NC(=O)COC(=O)c2cccc(c2N)Cl)Cc3ccco3)C
dude_mk01__L003299,CC(C)c1ccc(cc1)[C@H]2c3c([nH]n(c3=O)c4ccccc4)NC5=C2C(=O)CCC5
dude_mk01__L003300,CC[C@@H](c1nnnn1C2CCCCC2)[NH+](Cc3ccc4c(c3)OCO4)Cc5cc6cc(c(cc6[nH]c5=O)C)C
dude_mk01__L003301,c1ccc(cc1)NC(=O)[C@@H]2C[C@H]([C@@H]([C@H]3[C@@H]2N(C(=S)N3)c4ccc(cc4)OC(F)(F)F)O)O
dude_mk01__L003302,c1cc(sc1)c2nnc(n2N)SCC(=O)Nc3c(cc(cc3Cl)Cl)Cl
dude_mk01__L003303,c1cc(ccc1NC(=S)Nc2ccc(c(c2)[N+](=O)[O-])N)SC(F)F
dude_mk01__L003304,Cc1ccc(c(c1)S(=O)(=O)Nc2ccc3c(c2)[C@@H](C(=O)N3)C)C
dude_mk01__L003305,C/C=C(/C)\C(=O)O[C@H]1[C@@H]([C@H]([C@H](O[C@@H]1O[C@]2(CC[C@H]([C@@]3([C@H]2CC(=CC3)C(C)C)C)O)C)C)O)O
dude_mk01__L003306,CC(=O)c1ccc(cc1)NC(=S)NNC(=O)c2cc(ccc2O)Br
dude_mk01__L003307,CCOC(=O)[C@H]1[C@@H](CC2=C(C1=O)[C@@H](C(=C(N2)C)C(=O)OCC)c3ccc(cc3)OC)c4ccccc4OC
dude_mk01__L003308,COc1ccc(c(c1OC)OC)/C=N/c2c(c3c(s2)CCCC3)C(=O)Nc4ccc(cc4)C(=O)OC
dude_mk01__L003309,c1ccc2c(c1)cccc2/C=N/Nc3nnc(n3N)SCCC(=O)Nc4ccccc4Cl
dude_mk01__L003310,c1c(cn(c1C(=O)N[C@@H]2CCCNC2=O)C3CC3)N
dude_mk01__L003311,CC(C)CNC(=O)CNC(=O)Nc1ccccc1N2CCc3c(ccs3)C2
dude_mk01__L003312,CC(=O)Nc1ccc(cc1)NC(=S)N[C@H](C(Cl)(Cl)Cl)NC(=O)c2cccs2
dude_mk01__L003313,C1C[C@H](C(=O)[C@@H](C1)Br)C(=O)N
dude_mk01__L003314,C[C@@](c1ccc(cc1)Br)(C(=O)[O-])Sc2nccs2
dude_mk01__L003315,Cc1ccc(c(c1)C)NC(=O)c2c(nc3c(c2c4ccc(o4)C)c(c(s3)C(=O)NCc5ccco5)N)C
dude_mk01__L003316,c1cc2c(cc1[N-]S(=O)(=O)c3ccc4c(c3)[nH]c(=O)[nH]4)C(=O)NC2=O
dude_mk01__L003317,CCOC(=O)C1=C(NC(=O)N[C@H]1c2ccc(cc2)OC)CSc3nnc(n3N)C4CCCCC4
dude_mk01__L003318,c1ccc(cc1)CC(=NNc2nnc(n2N)SCc3[nH]c4ccccc4n3)Cc5ccccc5
dude_mk01__L003319,Cc1cc(c(cc1Br)C)SCC(=O)N/N=C/c2ccc(cc2O)O
dude_mk01__L003320,c1cc2c(cccc2O)c(c1)NC(=S)Nc3ccc(c(c3)Cl)Cl
dude_mk01__L003321,C1CC(CCC1[NH3+])NC(=O)[C@H]2CC=CC[C@@H]2C(=O)[O-]
dude_mk01__L003322,C[C@H]([C@@]1([C@@H]2[C@@H]([C@@H]([NH2+]1)c3ccccc3O)C(=O)N(C2=O)C4CCCCC4)C(=O)[O-])O
dude_mk01__L003323,c1ccc(c(c1)c2nnc(n2N)SCC(=O)N/N=C/c3cccc(c3Cl)Cl)Br
dude_mk01__L003324,Cc1cccc2c1nc(s2)N(CCC[NH+](C)C)C(=O)[C@@H]3CCCN3S(=O)(=O)c4ccc(cc4)OC
dude_mk01__L003325,CC(C)(C)[C@@H]1CCc2c(cc(s2)C(=O)NCc3ccc(cc3)C(=O)NCC(=O)N)C1
dude_mk01__L003326,c1ccc(cc1)CS(=O)(=O)Nc2ccc(cc2N3CC[NH2+][C@H](C3)[O-])c4ccccc4O
dude_mk01__L003327,Cc1ccc(s1)[C@H]2c3c([nH]c(=O)[nH]c3=O)NC4=C2C(=O)CC(C4)(C)C
dude_mk01__L003328,Cc1ccc(cc1)/C=N/Nc2nnc(n2N)SCCC(=O)Nc3ccc(cc3)Br
dude_mk01__L003329,Cc1nnc(s1)SC[C@@](c2ccccc2)(C(=O)N)N
dude_mk01__L003330,C[C@H](C(=O)Nc1ccc(cc1F)F)Nc2cccc(c2)N3CCNC3=O
dude_mk01__L003331,c1cc(sc1)c2n[nH]c(=S)n2CC(=O)Nc3cc(c(c(c3)Cl)N)Cl
dude_mk01__L003332,CCc1c(sc2c1c(=O)[nH]c(n2)c3ccc(cc3)CS(=O)(=O)N)C
dude_mk01__L003333,Cc1c(c(cc(c1Cl)S(=O)(=O)N)S(=O)(=O)N)N
dude_mk01__L003334,c1cc(nc(c1Cl)C(=O)N[C@H]2CCCc3c2ccs3)NN
dude_mk01__L003335,Cc1ccc(cc1)[C@H]2CC3=C([C@@H](c4c(noc4N3)C)c5ccc(cc5)O)C(=O)C2
dude_mk01__L003336,Cc1cc(cc(c1C)S(=O)(=O)NC)C(=O)NNC(=O)c2cc3c(s2)CC[C@H](C3)C
dude_mk01__L003337,Cc1ccc(c(c1)NC(=O)c2ccc(cc2)NS(=O)(=O)c3ccc4c(c3)[nH]c(=O)[nH]4)C
dude_mk01__L003338,CCOC(=O)C1=C(NC(=O)N[C@@H]1c2ccc(cc2)Cl)COC(=O)c3ccc(cc3N)F
dude_mk01__L003339,C[C@H](C(=O)Nc1ccc(cc1)Br)Sc2nnc(n2N)c3ccc(cc3)OC(F)F
dude_mk01__L003340,[H]/N=C\1/[C@H](SC(=C1C(=O)Nc2ccc(cc2)Cl)Nc3ccccc3)C(=O)Nc4ccccc4C#N
dude_mk01__L003341,CC[NH+]1[C@H](NN[C@@H]1SCc2[nH]c(=O)c3ccc(cc3n2)C(=O)[O-])c4cccc(c4)OC
dude_mk01__L003342,c1c(cc(cc1N2CCC[C@@H](C2)O)S(=O)(=O)N)N
dude_mk01__L003343,CC(C)NC(=O)C[C@@H]1c2c(sc(n2)NC(=O)C3CCCCC3)C[C@H]4[C@@]1(CC[C@H]([C@@]4(C)CO)O)C
dude_mk01__L003344,C[C@H]1C[C@@H](CN(C1)c2nnc(s2)NC(=O)Nc3ccccc3OC)C
dude_mk01__L003345,c1c(cnc(c1N)NCc2[n-]nnn2)Br
dude_mk01__L003346,C/C(=N\Nc1nnc(n1N)SCC(=O)Nc2cccc3c2cccc3)/c4ccc(c(c4)OC)OC
dude_mk01__L003347,c1cc(cc(c1)Cl)c2cn[nH]c2c3cc([nH]c3)C(=O)NC(CO)c4ccc(c(c4)Cl)F
dude_mk01__L003348,c1cc(ccc1N[C@@H]2[C@@H]([C@@H]([C@H](CO2)O)O)O)OC(F)(F)Cl
dude_mk01__L003349,c1cc(c(cc1NC(=O)C(=O)NC2CCCC2)NC(=O)C3CCCCC3)F
dude_mk01__L003350,c1cc(ccc1n2ccnc(c2=O)N)Br
dude_mk01__L003351,c1cc(ccc1NC(=S)NC(=O)/C=C/c2ccc(o2)c3cc(cc(c3)Cl)Cl)S(=O)(=O)N
dude_mk01__L003352,C[C@H](CC(=O)NNC(=S)Nc1ccc(cc1F)F)NC(=O)C2CCCCC2
dude_mk01__L003353,CCCn1c2ccc(cc2nc1S[C@@H](C)c3nc(nc(n3)N(C)C)N)S(=O)(=O)N
dude_mk01__L003354,Cc1ccc(cc1NC(=O)NCC2(CC2)c3ccc(cc3)Cl)NC(=O)C4CC4
dude_mk01__L003355,c1cc2c(ccn2CC(=O)Nc3ccc(cc3)S(=O)(=O)N)c(c1)Cl
dude_mk01__L003356,Cc1ccc(o1)[C@@H](C)NC(=O)N2CCC(CC2)[C@H](c3ccc(cc3)Cl)O
dude_mk01__L003357,Cc1ccc(cc1)N2C[C@H](CC2=O)CNC(=O)NC34CC5CC(C3)CC(C5)C4
dude_mk01__L003358,C[C@@]12CC/C(=N/OCC(=O)NCCc3c[nH]c4c3cccc4)/C=C1CC[C@H]5[C@@H]2CC[C@]6([C@@H]5CC[C@]6(C#C)O)C
dude_mk01__L003359,CCCN([C@H](c1c(cc(cc1O)O)O)C(=O)NC(C)(C)C)C(=O)/C(=C/c2ccccc2)/c3ccccc3
dude_mk01__L003360,c1ccc(c(c1)c2ccc(cc2)[C@H](CNI)N3CC[NH2+][C@@H](C3)[O-])O
dude_mk01__L003361,COc1cccc(c1)[C@@H]2CC3=C([C@@H](CC(=O)N3)c4cc(ccc4F)F)C(=O)C2
dude_mk01__L003362,c1cc(ccc1[C@H]2C[C@H](CC(=O)C2)Nc3c(non3)N)Cl
dude_mk01__L003363,c1ccc(cc1)N2C(=O)/C(=C\c3cccn3c4ccc(cc4)S(=O)(=O)N)/C(=O)N2
dude_mk01__L003364,c1ccc(cc1)NC(=O)NNC(=O)NCC2(CC2)c3cccc(c3)C(F)(F)F
dude_mk01__L003365,C=C1[C@H]([C@@H](NC(=S)N1)c2ccccc2OC(F)F)C(=O)Nc3ccccc3
dude_mk01__L003366,c1c2c(cc(c1O)Br)[C@H]3CO[P@](=O)(NN3CC2)[O-]
dude_mk01__L003367,CC(C)(C(=O)Nc1c(c2c(s1)CCCCC2)C(=O)N)Oc3ccc(cc3)Br
dude_mk01__L003368,COc1ccccc1c2[nH]c(=S)c3c(n2)Oc4c(cccc4O)C3
dude_mk01__L003369,CC(=O)c1cccc(c1)NC(=O)O[C@@H]2CO[C@H]3[C@@H]2OC[C@@H]3NC(=S)Nc4ccc(cc4)C#N
dude_mk01__L003370,c1ccc(cc1)C2=CCN(CC2)S(=O)(=O)c3ccc4c(c3)NCCS4
dude_mk01__L003371,c1ccc(c(c1)n2cnc3c2N=C(C[C@H]3c4ccc(cc4)O)O)Cl
dude_mk01__L003372,CCOC(=O)c1c2ccc(c(c2sc1NC(=O)C)OC[C@@H](C[NH2+]C(C)(C)C)O)Br
dude_mk01__L003373,Cc1ccc(cc1C(=O)O[C@@H](C)C(=O)N2CCNC2=O)S(=O)(=O)N
dude_mk01__L003374,CC(C)NC(=O)O[C@@H]1CC[C@]2([C@H]([C@]1(C)CO)CC[C@H]([C@H]2CC(=O)N3CCC[C@H]3CO)O)C
dude_mk01__L003375,CC[C@@]1(C(=O)N(C(=O)N1)NC(=O)C[C@H](C)NC(=O)c2ccccc2)c3ccccc3
dude_mk01__L003376,Cc1cc(c(c(c1)C)S(=O)(=O)NNC(=S)Nc2c(c3c(s2)C[C@H](CC3)C)C(=O)OC)C
dude_mk01__L003377,c1ccc2c(c1)cccc2N3C[C@H](CC3=O)C(=O)Nc4ccc(c(c4F)F)F
dude_mk01__L003378,c1ccc(cc1)NS(=O)(=O)c2ccc3c(c2)[C@@H]4C=CC[C@@H]4[C@@H](N3)c5ccc(cc5O)O
dude_mk01__L003379,Cc1cc(nc2c1c(c(s2)C(=O)OCC(=O)NC(=O)N[C@@H]3CCCC[C@@H]3C)N)C
dude_mk01__L003380,c1cc(ccc1/C=N/NC(=O)c2ccc(cc2O)O)OC(=O)c3ccc(cc3)Br
dude_mk01__L003381,C/C(=N\Nc1nnc(n1N)SCC(=O)Nc2ccccc2Br)/c3ccc(cc3)F
dude_mk01__L003382,CCOC(=O)C1=C(NC(=O)N[C@H]1c2ccc(c(c2)Cl)O)c3ccccc3
dude_mk01__L003383,COc1cc(ccc1O)[C@H]2[C@H]([C@@](NC(=O)N2)(C(F)(F)F)O)C(=O)c3ccccc3
dude_mk01__L003384,CCN(CC)c1ccc(c(c1)O)[C@@H]2Nc3c(c4c(s3)C[NH+](CC4)C(C)C)C(=N2)O
dude_mk01__L003385,C[C@H]1[C@@H]([C@H]([C@H]([C@@H](O1)Nc2ccc(cc2)O)O)O)O
dude_mk01__L003386,C[C@H]1CC[C@H]([C@@H](C1)NC(=O)NNC(=O)c2cc(cn2C)Br)C(C)C
dude_mk01__L003387,CC1CCC2(CC1)C(=O)N(C(=O)N2)NC(=O)[C@H]3C[C@H]3c4cccc(c4)F
dude_mk01__L003388,Cc1ccc(cc1S(=O)(=O)NC[C@@H](CC(C)C)[NH3+])Br
dude_mk01__L003389,c1ccc2c(c1)N[C@@H](C3=C(N2)C[C@@H](CC3=O)c4cccs4)c5ccc6c(c5)OCO6
dude_mk01__L003390,COc1ccc2c(c1)[nH]c3c2CC[NH+]4[C@H]3C[C@H]5[C@@H](C4)C[C@H]([C@H]([C@H]5C(=O)OC)OC)OC(=O)c6ccc(cc6)N
dude_mk01__L003391,c1ccc(c(c1)CNC(=O)Nc2ccc(cc2)C(=O)NC3CC3)OC4CCCC4
dude_mk01__L003392,CC[C@@]1(Cc2ccccc2-c3c1c(=O)[nH]c(n3)NNC(=O)Cc4ccccc4)C
dude_mk01__L003393,C[C@@H](c1ccc(cc1)S(=O)(=O)NC)NC(=O)Nc2ccc(c(c2F)F)F
dude_mk01__L003394,c1cc(c(cc1S(=O)(=O)N2CCCCC2)N)N3CCCCCC3
dude_mk01__L003395,c1cc(c(cc1F)Br)Nc2cc3c(cc2N)OCCO3
dude_mk01__L003396,c1cc(cc2c1cc(c(c2)N)N)S(=O)(=O)[O-]
dude_mk01__L003397,c1cc(c(cc1Br)S(=O)(=O)NCC/C(=N\O)/N)Br
dude_mk01__L003398,CSc1ccc(cc1)[C@H]2[C@@H]3C(=NN=C3OC(=C2C#N)N)c4ccccc4Cl
dude_mk01__L003399,c1ccc2c(c1)ccc3c2c(co3)CC(=O)Nc4c(c5c(s4)CCCC5)C(=O)N
dude_mk01__L003400,CC1=C([C@H](NC(=S)N1C)c2cccc(c2)NC(=O)Nc3ccccc3)C(=O)OC(C)C
dude_mk01__L003401,Cc1ccc(c(c1)NC(=O)[C@]23CC[C@](C2(C)C)(/C(=N/O)/C3)C)OC
dude_mk01__L003402,CC[C@@H]1COc2ccc(cc2C(=O)N1)NS(=O)(=O)c3ccc(cc3)NC(=O)CC
dude_mk01__L003403,CCCCc1ccc(cc1)N2C(=O)[C@@H]3[C@H](N[C@@]4([C@@H]3C2=O)c5cc(ccc5NC4=O)Cl)CC(=O)N
dude_mk01__L003404,CC(C)(C)c1cc(n(n1)C(C)(C)C)NC(=O)C[C@H](c2cccs2)NC(=O)N
dude_mk01__L003405,Cc1cc(cc2c1N[C@H]([C@@H]3[C@@H]2C=CC3)c4ccc(cc4)SC)[N+](=O)[O-]
dude_mk01__L003406,CCOc1cc(ccc1O)[C@H]2[C@H]([C@@](NC(=O)N2)(C(F)(F)F)O)C(=O)c3ccc(cc3)C
dude_mk01__L003407,c1cc(ccc1S(=O)(=O)NNC(=O)NC2CCCC2)Br
dude_mk01__L003408,C[C@H](C(=O)Nc1cccc(c1)NC(=O)C)Nc2ccc(cc2)NC(=O)C(C)C
dude_mk01__L003409,C[C@H](c1ccc(cc1)S(=O)(=O)N)NCC(=O)Nc2ccc(cc2)OCc3ccccc3
dude_mk01__L003410,C=CCNC(=O)Nc1ccc2c(c1)N(CC2)C(=O)C3CCCC3
dude_mk01__L003411,Cc1c(sc(n1)[O-])S(=O)(=O)Nc2ccc(cc2)N
dude_mk01__L003412,CC[C@@H](C)Sc1[nH]c(=O)c2c(n1)NC3=C([C@H]2c4ccccc4)C(=O)CCC3
dude_mk01__L003413,C[C@H](C(=O)Nc1cccc(c1)S(=O)(=O)N)Nc2cc(ccc2OC(C)C)F
dude_mk01__L003414,C[C@H]1CCCC[C@@H]1NC(=O)NC(=O)COC(=O)c2cc(c(cc2OC)N)Cl
dude_mk01__L003415,c1cc(sc1)C2=NN=C3[C@@H]2[C@H](C(=C(O3)N)C#N)c4ccc(c(c4)Cl)Cl
dude_mk01__L003416,CCOC(=O)c1c(c2cc(ccc2o1)Br)CSc3nc(cc(n3)N)N
dude_mk01__L003417,C[C@@H](c1ccc(cc1)S(=O)(=O)N)NCC(=O)Nc2c(c3c(s2)CCCCC3)C#N
dude_mk01__L003418,C[C@H]1CC[C@@H](CN1C(=O)NC2(CCCC2)C(=O)[O-])C(=O)N
dude_mk01__L003419,CC(C)c1ccc(cc1)NC(=[NH2+])Nc2[nH]c(=O)cc(n2)CSc3nc4ccccc4s3
dude_mk01__L003420,c1cc(cc(c1)Cl)c2cn[nH]c2c3cc([nH]c3)C(=O)NC(CO)c4ccc(cc4)C(F)(F)F
dude_mk01__L003421,c1ccc2c(c1)c(c(s2)C(=O)NC(=S)NNC(=O)CNC(=O)C3CCCCC3)Cl
dude_mk01__L003422,COc1ccc(cc1c2nc(cs2)CSc3nc(cc(n3)N)N)Br
dude_mk01__L003423,C1C2CC3CC1CC(C2)(C3)NC(=O)NC(=O)COC(=O)c4c(c(c(c(n4)Cl)Cl)N)Cl
dude_mk01__L003424,Cc1cc(c(cc1N)N)/N=N/c2ccc(cc2)S(=O)(=O)[O-]
dude_mk01__L003425,COC(CNC(=O)c1c[nH]c2ccc(cc2c1=O)S(=O)(=O)N3CCC4(CC3)OCCO4)OC
dude_mk01__L003426,C1CCN([C@H](C1)C(=O)N)C(=O)N2CCC[C@H](C2)C(=O)[O-]
dude_mk01__L003427,CC[NH+](CC)CCN1[C@H](C(=C(C1=O)O)C(=O)c2ccc(c(c2)C)OCC(C)C)c3ccc(cc3)[N+](=O)[O-]
dude_mk01__L003428,COc1ccc(cc1)C(=O)NC(=S)Nc2ccc3c(c2)N/C(=C/4\C=CC(=O)C(=C4)Br)/O3
dude_mk01__L003429,COc1ccc2c(c1O)CNC[C@@H]2c3ccc(c(c3)O)O
dude_mk01__L003430,Cc1ccc(cc1)C(=O)NC(=S)Nc2ccc(cc2)S(=O)(=O)N
dude_mk01__L003431,c1ccc(cc1)[C@@H]2C[C@H]2NC3=NC(=O)/C(=C/c4ccc5c(c4)cccn5)/S3
dude_mk01__L003432,C1[C@@H]([C@@H]([C@@H]([C@@H]2[C@@H](O1)OC(=[NH+]2)[S-])O)O)CO
dude_mk01__L003433,Cc1cccc(c1C)[N-]S(=O)(=O)c2c(ccs2)Br
dude_mk01__L003434,c1ccc(cc1)/C(=N/c2ccc(cc2)S(=O)(=O)N)/N
dude_mk01__L003435,CC1=C([C@@H](NC(=S)N1)c2ccc(cc2)Cl)C(=O)N/N=C/c3ccc(cc3)C(=O)OC
dude_mk01__L003436,c1ccc2c(c1)c(c[nH]2)[C@H]3[C@H]4CC=C[C@@H]4c5cc(ccc5N3)S(=O)(=O)NC6CCCCC6
dude_mk01__L003437,c1cc(c(c(c1)Cl)Cl)NS(=O)(=O)c2ccc(cc2)NC(=O)Nc3ccc(cc3)Cl
dude_mk01__L003438,COCCn\1c2ccc(cc2s/c1=N\C(=O)c3ccc(cc3)N4C(=O)CCC4=O)S(=O)(=O)N
dude_mk01__L003439,Cc1c(c(sc1C(=O)N)NC(=O)CN2CC[NH+](CC2)C/C=C/c3ccccc3)C(=O)OC(C)C
dude_mk01__L003440,C[C@H]1CCc2c(cc(s2)C(=O)NNC(=O)N[C@H]3C[C@@H]3c4cccc(c4)F)C1
dude_mk01__L003441,C[C@]1(CC(=O)[C@@H]([C@@H]([C@@H]1C(=O)Nc2ccccc2)c3cccc(c3)O)C(=O)Nc4ccccc4)O
dude_mk01__L003442,c1cc(ccc1/C=C(\C(=O)NN)/NC(=O)c2ccc(o2)Br)Br
dude_mk01__L003443,c1cc(ccc1C#N)C(=O)NNC(=O)c2ccc(cc2O)Br
dude_mk01__L003444,Cn1ccnc1Sc2ccc(cc2Cl)Nc3c4cc(c(cc4ncc3C#N)OCCCN5CCOCC5)OC
dude_mk01__L003445,C[C@@H]1C[C@@]2(CC(C1)(C)C)C(=O)N(C(=O)N2)CC(=O)NNC(=O)NC(C)C
dude_mk01__L003446,CCOc1cc(cc(c1O)[N+](=O)[O-])[C@@H]2CC(=O)Nc3c2c4ccccc4cc3
dude_mk01__L003447,CC1=C([C@@H](NC(=S)N1)c2ccccc2)C(=O)N/N=C/c3cccc(c3)Br
dude_mk01__L003448,c1ccc(c(c1)c2nnc(n2N)SCC(=O)NC3C4CC5CC(C4)CC3C5)O
dude_mk01__L003449,c1c(cc(c(c1Br)NS(=O)(=O)CC2CCCCC2)Br)N
dude_mk01__L003450,CCCn1c2ccc(cc2nc1SCC(=O)NC3CCCCCCC3)S(=O)(=O)N
dude_mk01__L003451,CC(C)[C@H](c1ccc(cc1)C2CCCCC2)NCC(=O)NCCc3ccc(cc3)S(=O)(=O)N
dude_mk01__L003452,CCSc1[nH]c(=O)c2c(n1)NC3=C([C@@H]2c4cccs4)C(=O)CC(C3)(C)C
dude_mk01__L003453,c1ccc(c(c1)N)S(=O)(=O)N2CCC[C@@H]2c3ccc[nH]3
dude_mk01__L003454,Cc1ccc(cc1)c2c3c([nH]n2)OC(=C([C@@H]3c4ccncc4)C#N)N
dude_mk01__L003455,C1[C@H]2C[C@]3([C@@H]1[C@H]3[C@]2(C(=O)[O-])[NH3+])C(=O)[O-]
dude_mk01__L003456,c1cc(ccc1/C=C\2/C(=NC(=S)S2)[O-])OC([C@@H](C(F)(F)F)F)(F)F
dude_mk01__L003457,CCCC(=O)N(Cc1ccco1)[C@H](c2c(cc(cc2O)O)O)C(=O)NC(C)(C)CC(C)(C)C
dude_mk01__L003458,CC(C)[C@H](c1ccc(cc1)C(C)(C)C)NC(=O)NC2CCC(CC2)C(=O)NC
dude_mk01__L003459,CC(=O)Nc1ccc(cc1)NC(=O)CCS(=O)(=O)c2ccc3c(c2)NC(=O)CCS3
dude_mk01__L003460,CC(C)CN1C(=O)/C(=C\Nc2ccccc2C(=O)N)/C(=O)NC1=S
dude_mk01__L003461,CC(C)n1c(nnc1SCc2c(ccc(n2)Cl)Cl)N
dude_mk01__L003462,Cc1ccc2c(c1)oc(n2)c3cc(ccc3O)NC(=S)NC(=O)c4cc(c(c(c4)Cl)OC)Cl
dude_mk01__L003463,Cc1ccc(cc1)Sc2c(c(ncn2)Nc3nc4ccc(cc4s3)OC)N
dude_mk01__L003464,C1CCC(CC1)[C@@H](C(=O)[O-])NC(=O)N
dude_mk01__L003465,CCCN([C@@H](c1c(cc(cc1O)O)O)C(=O)NC(C)(C)CC(C)(C)C)C(=O)c2ccc(cc2)F
dude_mk01__L003466,c1cc(ccc1CCC(=O)NNC(=S)Nc2ccc(c(c2)Cl)Cl)O
dude_mk01__L003467,c1ccc(cc1)[C@@H]2CC(=NN2C(=O)CSc3nc(nc(n3)N)N)c4ccc5ccccc5c4
dude_mk01__L003468,Cn1c2ccc(cc2n(c1=O)C)[C@@H](COc3ccc(cc3)CNc4ccc5c(c4)[nH]c(=O)[nH]5)O
dude_mk01__L003469,Cc1ccc(cc1)C(c2ccc(cc2)C)(C(=O)N/N=C/c3cccc(c3O)OC)O
dude_mk01__L003470,C[NH+]1CCN(CC1)[C@@H](c2cccc(c2)Br)c3c(n4c(s3)nc(n4)c5ccco5)O
dude_mk01__L003471,c1cc(c(c(c1)Cl)/C=C/C(=O)NCC(=O)Nc2ccc3c(c2)[nH]c(=O)[nH]3)Cl
dude_mk01__L003472,CC(C)(C)[C@@H](C(=O)[O-])NC(=O)N1CCC[C@H](C1)O
dude_mk01__L003473,C1COCCNC(=S)NCCOCCOCCNC(=S)N1
dude_mk01__L003474,c1cc(c(c2c1[nH]cc2O[C@H]3[C@H]([C@@H]([C@@H](CO3)O)O)O)Cl)Br
dude_mk01__L003475,c1ccc2c(c1)N[C@H](C(=O)N2)CC(=O)Nc3ccccc3SC(C(C(F)(F)F)(F)F)(F)F
dude_mk01__L003476,C[C@@H]1c2c(sc(n2)NC(=O)CC(C)(C)C)C[C@]3([C@H]1[C@H]([C@@H](CC3)[C@H](C)C(=O)NC4CC4)O)C
dude_mk01__L003477,c1cc(cc(c1)NC(=O)CSc2nc([nH]n2)N/N=C/c3cc(ccc3O)Br)C#N
dude_mk01__L003478,Cc1cc(cc(c1)NC(=O)Nc2ccc3c(c2)CCC(=O)N3C)C
dude_mk01__L003479,CCC(=O)Nc1cccc(c1)NC(=O)NC2[C@@H]3CCC[C@H]2C[NH+](C3)C4CC4
dude_mk01__L003480,CC1=C([C@@H](C2=C(N1)CCCC2=O)c3cc(ccc3OC)Br)C(=O)C
dude_mk01__L003481,CCOc1ccc(cc1)NC(=S)N/N=C/2\c3cc(cc(c3NC2=O)Cl)Cl
dude_mk01__L003482,CC[C@@H]1CCCCN1S(=O)(=O)c2ccc(cc2)C(=O)/N=c\3/n(c4c(cccc4s3)OCC)CCOC
dude_mk01__L003483,COc1ccccc1N2C(=O)/C(=C\3/C[C@H](NN3)c4ccc(c(c4)O)OC)/C(=O)NC2=O
dude_mk01__L003484,CC(=O)Nc1ccc(cc1)C(=O)NNC(=S)NC(=O)/C=C/c2cccc3c2cccc3
dude_mk01__L003485,c1ccc(cc1)CCNS(=O)(=O)c2ccc3c(c2)[C@H]4C=CC[C@@H]4[C@@H](N3)c5ccc(cc5O)O
dude_mk01__L003486,Cc1ccc(cc1C(=O)N)N[C@H](C)C(=O)Nc2c(c(c(s2)C)C)C(=O)OC
dude_mk01__L003487,c1ccc(c(c1)N)S[C@@H](C[N+](=O)[O-])c2ccc(cc2)[C@H](C[N+](=O)[O-])Sc3ccccc3N
dude_mk01__L003488,c1cc(oc1)[C@@H]2C[C@@H](N3[C@@H]([NH2+]2)[C@@H](CN3)C(=O)NCc4cc5cc(ccc5[nH]4)Cl)C(F)(F)F
dude_mk01__L003489,CCCNc1ccc(cc1NS(=O)(=O)C2=Cc3ccccc3CC2)S(=O)(=O)N
dude_mk01__L003490,C[C@@H](c1ccc(s1)Br)Nc2cccc(c2)NS(=O)(=O)N
dude_mk01__L003491,C/C(=N\Nc1nnc(n1N)SCc2ccc(cc2)Cl)/c3ccccc3O
dude_mk01__L003492,CC(C)C[C@H](C(=O)Nc1ccc(cc1)Oc2cccc3c2nccc3)NC(=O)N
dude_mk01__L003493,CC(C)(C)NS(=O)(=O)c1ccc2c(c1)[C@H]3C=CC[C@@H]3[C@@H](N2)c4c5ccccc5ccc4O
dude_mk01__L003494,C/C=C/C(=O)Nc1c(cc(cc1Cl)S(=O)(=O)N)Cl
dude_mk01__L003495,C[C@@]12[C@@H]([C@@H](CC(O1)n3c4ccccc4c5c3c6n2c7ccccc7c6c8c5C(=O)NC8)NC)OC
dude_mk01__L003496,C[C@H](C(=O)Nc1ccc(cc1OC)N)[NH+]2CCC(CC2)C(=O)[O-]
dude_mk01__L003497,CC1=C([C@H](NC(=O)N1)c2ccc(cc2)O)C(=O)N/N=C/c3ccc(cc3Cl)Cl
dude_mk01__L003498,CS(=O)(=O)Nc1ccc(cc1)/C=C/C(=O)Nc2ccc(cc2)NC(=O)NCc3ccco3
dude_mk01__L003499,c1cc(sc1)/C=C/2\C(=O)N(c3cc(ccc3O2)N)C[C@H](CO)O
dude_mk01__L003500,CC(C)(C)c1cc(ccc1OCC(=O)Nc2ccccc2C(=O)N)Br
dude_mk01__L003501,CC1=C2[C@@H](C(=C(O[C@H]2N=N1)N)C#N)c3ccc(c(c3)OC)OC4CCCC4
dude_mk01__L003502,CC1=C([C@@H](NC(=S)N1)c2ccc(cc2)O)C(=O)N/N=C/c3ccccc3OC
dude_mk01__L003503,C[C@@]12CC[C@H]([C@@]([C@H]1CC[C@H]([C@H]2CC(=O)NCc3ccc(cc3)F)O)(C)CO)O
dude_mk01__L003504,Cc1ccc(cc1)S(=O)(=O)NC(=O)Nc2ccc(c(c2)C)Br
dude_mk01__L003505,Cc1c2c(cc3c1O/C(=C\c4cc(c(c(c4)OC)OC)OC)/C3=O)CN(CO2)CCc5ccccc5OC
dude_mk01__L003506,CC(C)(c1cccc(c1)C(F)(F)F)NC(=O)Nc2ccc3c(c2)CCC(=O)N3
dude_mk01__L003507,Cc1cc(c(c(c1)Br)NCC(=O)N/N=C/c2ccc(cc2O)O)Br
dude_mk01__L003508,COC(=O)C1=CC(=O)N2C(=C([C@@H](C(=C2S1)C(=O)N)c3cccs3)C#N)N
dude_mk01__L003509,C[C@H](C(=O)NC(=O)NC12CC3CC(C1)CC(C3)C2)Sc4nnc(n4CCC(=O)N)C5CC5
dude_mk01__L003510,c1ccc2c(c1)cccc2NC(=O)CSc3nnc(n3N)N/N=C/c4cccc(c4)Br
dude_mk01__L003511,c1ccc2c(c1)C3(C(=C(SC(=C3C#N)N)N)C#N)C(=O)N2
dude_mk01__L003512,c1ccc2c(c1)N[C@@H](NS2(=O)=O)c3ccc(cc3)C(=O)NCCC4=CCCCC4
dude_mk01__L003513,C1=CC2=N[C@@H]([N-]C2=CC1=[NH2+])[C@H]([C@@H](C(=O)[O-])O)O
dude_mk01__L003514,c1ccc2c(c1)[C@@](C(=O)N2)(CC(=O)c3cccc(c3)N)O
dude_mk01__L003515,c1cc(ccc1N[C@H]2[C@@H]([C@H]([C@@H](CO2)O)O)O)Br
dude_mk01__L003516,CC1(CC(CC([NH2+]1)(C)C)NC(=O)CSc2nc([nH]n2)N/N=C/c3ccc(cc3)C(=O)OC)C
dude_mk01__L003517,CCOc1ccccc1C(=O)NC(C(F)(F)F)(C(F)(F)F)Nc2c(c3c(s2)CCCC3)C(=O)N
dude_mk01__L003518,CC/N=c\1/n(c(cs1)c2ccc(c(c2)C(=O)N)O)/N=C/c3ccc(c(c3)OC)O
dude_mk01__L003519,CCc1ccc(cc1)N([C@H](C)C(=O)NC2CCCCC2)C(=O)c3c(c(ns3)C(=O)NC4CCCC4)N
dude_mk01__L003520,c1ccc2cc(c(cc2c1)C(=O)NNC(=S)NC(=O)/C=C/c3ccccc3Cl)O
dude_mk01__L003521,Cc1cc(ccc1NS(=O)(=O)c2cc(cc(c2C)C)c3ccc(=O)[nH]n3)Br
dude_mk01__L003522,CC[C@]1(C[C@@H]([C@]2([C@H](CC[C@]3([C@H]2C(=O)CC3)[C@H]([C@@H]1O)C)C)C)OC(=O)CSc4nc([nH]n4)N)C
dude_mk01__L003523,CC(C)CC(=O)Nc1ccc(cc1)C(=O)NNC(=S)NC(=O)c2ccc(cc2)Cl
dude_mk01__L003524,CCc1cc(c(=O)[nH]c1C)NCC(=O)Nc2c(cc(cc2Cl)Cl)O
dude_mk01__L003525,Cc1c(sc(n1)N2CCOCC2)C(=O)NNC(=O)c3c[nH]c(=S)n3c4ccccc4
dude_mk01__L003526,Cc1c(cc(cc1Cl)S(=O)(=O)N2CCC[C@H](C2)O)N
dude_mk01__L003527,CC(C)[C@@H](c1ccc2c(c1)OCCO2)NC(=O)NNC(=S)NC3CCCC3
dude_mk01__L003528,C[C@@H]1[C@H](CC[C@]2([C@H]1[C@H]([C@H](CC2)[C@H](C)C(=O)NC(C)C)O)C)NC(=O)CC(C)(C)C
dude_mk01__L003529,Cc1ccc2c(c1)S[C@H](C2)C(=O)Nc3ccc(cc3C)N4CCOCC4
dude_mk01__L003530,C1C[C@H](C[C@H](C1)O)NC(=O)[C@@H]2CC=CC[C@@H]2C(=O)[O-]
dude_mk01__L003531,C[C@@H](C(=O)NC(=O)NCc1cccs1)Nc2ccc(cc2)NC(=O)C(C)C
dude_mk01__L003532,c1ccc(c(c1)NC(=O)N2CCC[C@H](C2)C(=O)NC3CCCCC3)F
dude_mk01__L003533,Cc1ccc(c(c1)N2[C@H](NN=C2SCC(=O)Nc3ccc(cc3)F)Cc4cc(=O)[nH]c(=O)[nH]4)C
dude_mk01__L003534,Cc1c\2c(oc1C(=O)NNC(=O)c3ccco3)CCC/C2=N\NC(=S)Nc4ccccc4
dude_mk01__L003535,C[C@H](C(=O)Nc1c(ccs1)C(=O)N)[NH+]2CCC[C@@H](CC2)c3ccccc3
dude_mk01__L003536,c1ccc(c(c1)[C@H]2CC3=C([C@@H](n4c(ncn4)N3)c5ccccc5F)C(=O)C2)O
dude_mk01__L003537,CC[C@@H](C)[C@H](C(=O)Nc1cccc(c1)COc2ccc(cc2)CC#N)NC(=O)N
dude_mk01__L003538,C1CC[C@@H]2[C@@H](C1)C[C@@H](N2C(=O)c3nc([nH]n3)N)C(=O)[O-]
dude_mk01__L003539,C[C@H]1CCc2c(sc(c2C(=O)N)NC(=S)NC(=O)/C=C/c3ccccc3)C1
dude_mk01__L003540,C[C@]12CC[C@@H]3[C@H]([C@@H]1CC[C@]2(C)O)CCC4=C/C(=N/OCC(=O)NCCc5c[nH]c6c5cccc6)/C=C[C@]34C
dude_mk01__L003541,CN1C(=O)C(=C(C12CCCC2)N)/C(=N/OCCOc3c(cccc3Cl)Cl)/N
dude_mk01__L003542,CC[C@]1(C(=O)N(C(=O)N1)NC(=O)CSc2nnc(n2N)c3ccc(cc3)C(C)(C)C)C
dude_mk01__L003543,c1c(c(sc1S(=O)(=O)N)Br)C(=O)[O-]
dude_mk01__L003544,Cc1nc(cs1)CSc2nc(cc(n2)N)N
dude_mk01__L003545,Cc1ccc(cc1)CSCCNC(=O)CN(c2cccc(c2)[N+](=O)[O-])S(=O)(=O)c3ccccc3
dude_mk01__L003546,c1ccc2c(c1)nc(c(n2)NS(=O)(=O)c3ccc(cc3)Cl)Nc4cccc(c4)N
dude_mk01__L003547,COc1ccc(cc1)[C@H](C(=O)Nc2ccc(cc2)OC)N(Cc3ccco3)C(=O)CC4=c5ccccc5=[NH+]C4
dude_mk01__L003548,C[C@]1(C(=O)N(C(=O)N1)CC(=O)NNC(=O)c2cc(cn2C)Br)C3CC3
dude_mk01__L003549,c1cc(c(cc1C(=O)[O-])F)Sc2[nH]c(=O)cc(n2)N
dude_mk01__L003550,C[C@H]1CCCC[C@@]12C(=O)N(C(=O)N2)CC(=O)Nc3ccc(cc3)OC(F)F
dude_mk01__L003551,c1cc2c(c(c1)Cl)NC(=O)[C@@]23CC(=O)Nc4c3cnn4c5ccc(cc5)OC(F)(F)F
dude_mk01__L003552,CC(C)(C)c1ccc(cc1)C(=O)NCC(=O)NNC(=S)NC2CCCCC2
dude_mk01__L003553,c1cc2c(c(sc2nc1)c3nnc(n3C4CCCC4)SCC(=O)NC5CCCCC5)N
dude_mk01__L003554,COc1ccc(c2c1cccc2)C[C@@]3(CCC(=O)N3)CCC(=O)N[C@H]4CCCCNC4=O
dude_mk01__L003555,C[C@@H](c1cccs1)NC(=O)CSc2nc(c3c4c(sc3n2)CCCC4)N
dude_mk01__L003556,CCOc1cc(ccc1OCc2ccc(c(c2)Cl)Cl)[C@H]3C(=C(Nc4n3ncn4)C)C(=O)OCC
dude_mk01__L003557,c1cc(cc(c1)Br)/C=N/NC(=O)c2c(nnn2c3c(non3)N)C[NH+]4CCCC4
dude_mk01__L003558,Cc1ccc(cc1)[C@H](c2cccs2)N[C@@H](C)C(=O)Nc3ccc4c(c3)[nH]c(=O)[nH]4
dude_mk01__L003559,C[C@H]1C[C@@H](CC(C1)(C)C)CC(=O)NNC(=S)Nc2cccc(c2)NC(=O)C
dude_mk01__L003560,CN(C)/C=C/1\C(=NN(C1=O)c2nc3ccccc3s2)c4ccccc4
dude_mk01__L003561,C[C@@H](/C(=N/O)/N)NS(=O)(=O)c1cc(cnc1)Br
dude_mk01__L003562,Cc1ccc(cc1)C(=O)N[C@H](C(C)C)C(=O)NNC(=S)Nc2ccc(cc2)C
dude_mk01__L003563,CC[C@H](C(=O)Nc1c(cc(cc1C)C)C)n2c(nnc2SCc3ccccc3)N
dude_mk01__L003564,Cc1ccc(cc1)C(c2c(nn(c2N)c3ccccc3)C)c4c(nn(c4N)c5ccccc5)C
dude_mk01__L003565,CC(=O)N[C@@H]1CC[C@@H]2[C@@]1(CC[C@@H]3[C@@H]2CC=C4[C@@]3(CC[C@@H](C4)OC(=O)C)C)C
dude_mk01__L003566,CCCC(=O)N([C@H](c1c(cc(cc1O)O)O)C(=O)NC(C)(C)CC(C)(C)C)C(C)(C)C
dude_mk01__L003567,c1cc2cccnc2c(c1)O[C@H]3[C@@H]([C@H]([C@H]([C@H](O3)C(=O)[O-])O)O)O
dude_mk01__L003568,C[C@@H]1CC[C@H](CN1c2ccc(cc2N)C#N)C(=O)N
dude_mk01__L003569,Cc1ccc(cc1)[C@@H]2[C@H]([C@](NC(=O)N2)(C(F)(F)F)O)C(=O)c3ccc(cc3)Cl
dude_mk01__L003570,CCCCN(CC(=O)N1c2ccccc2-n3cccc3[C@H]1c4ccc(cc4)OC)C(=O)CCC(=O)OCC
dude_mk01__L003571,c1ccn2cc(nc2c1)COc3ccc(cc3)C(=O)Nc4ccc(cc4)S(=O)(=O)N
dude_mk01__L003572,C[C@H]1CCC[C@@H]([C@@H]1C)NC(=S)NNC(=O)c2ccc(o2)Br
dude_mk01__L003573,C[C@H](C(=O)NCc1cccs1)Nc2ccc(cc2)NC(=O)NCc3ccco3
dude_mk01__L003574,COc1cccc(c1O)[C@@H]2[C@@H]3CC=C[C@@H]3c4cccc(c4N2)C(=O)Nc5ccc(cc5)Nc6ccccc6
dude_mk01__L003575,c1ccc2=[NH+]CC(=c2c1)C[C@H](C(=O)NNC(=O)Nc3ccc(c(c3)Cl)Cl)NC(=O)c4cccs4
dude_mk01__L003576,Cn1cc(c2c1cccc2)C(=O)NNC(=O)NCCc3ccccc3Cl
dude_mk01__L003577,C1CC[C@@H]([C@@H](C1)NC(=O)NCC(=O)[O-])O
dude_mk01__L003578,CCC[C@@H](/C(=N/O)/N)C(=O)Nc1c(cc(cc1Br)C)Br
dude_mk01__L003579,Cc1c(c(n(n1)c2ccc(c(c2)Cl)Cl)C)CC(=O)Nc3ccc(cc3)NC(=O)N
dude_mk01__L003580,CCOC(=O)C1=C(N(C(=S)N[C@@H]1c2ccc(cc2)NC(=O)Nc3ccc(cc3)SC)C)C
dude_mk01__L003581,C1Cc2c(sc(c2C(=O)NC(=O)N)NC(=O)CN3C(=O)CCC3=O)C1
dude_mk01__L003582,Cc1cc(cc(c1NC(=O)c2ccccc2)C)SCCOC(=O)c3cc(ccc3N4CCCC4)[N+](=O)[O-]
dude_mk01__L003583,CC(C)CN(CC(C)C)S(=O)(=O)c1ccc(cc1)C(=O)/N=c\2/n(c3ccccc3s2)CC(=O)OC
dude_mk01__L003584,c1cc(ccc1c2c[nH]c(n2)SCC(=O)N[C@H]3[C@H](C4=C(S3)CCC4)C(=O)N)Br
dude_mk01__L003585,C[C@H]1CCC[C@](C1)(C(=O)[O-])NC(=O)[C@@H]2CSC(=O)N2
dude_mk01__L003586,C1C[C@H](C(=O)NC1)NC(=O)N2C[C@@H](C[C@H]2C(=O)[O-])O
dude_mk01__L003587,c1ccc(cc1)S(=O)(=O)NNC(=O)c2c3ccccn3c(c2N)C(=O)c4ccc(cc4)Br
dude_mk01__L003588,CC[C@@H](C(=O)Nc1nnc(s1)C(C)C)n2c(nnc2SCc3ccccc3)N
dude_mk01__L003589,C[C@@H]1[C@H](CC[C@]2([C@H]1[C@H]([C@H](CC2)[C@H](C)C(=O)NC(C)C)O)C)NC(=O)C3CCCCC3
dude_mk01__L003590,C[C@H](CCC(=O)NCC(C)C)[C@H]1CC[C@@H]2[C@@]1(CC[C@H]3[C@H]2[C@H](C[C@H]4[C@@]3(CC[C@H](C4)O)C)O)C
dude_mk01__L003591,c1ccc(cc1)[C@@H](C(=O)Nc2ccc(cc2)C#N)Sc3nnc(s3)N
dude_mk01__L003592,C[C@]12CC[C@H](C[C@@H]1CC[C@@H]3[C@@H]2C(=O)C[C@@]4([C@@H]3CC[C@@]4([C@@H](CO)O)O)C)O
dude_mk01__L003593,c1ccc(cc1)C(=O)[C@@H]2[C@H](NC(=O)N[C@@]2(C(F)(F)F)O)c3ccc(cc3)C(F)(F)F
dude_mk01__L003594,Cc1ccc(c(c1)N2C[C@@H](CC2=O)C(=O)Nc3ccc(cc3)Br)C
dude_mk01__L003595,Cc1ccc(cc1)SCc2cc(=O)nc([nH]2)/N=C(\N)/Nc3ccc(cc3)OC
dude_mk01__L003596,Cc1cc(c(c(c1)O)C2=C3[C@@H](N(C(=O)[C@H]3N=N2)CCO)c4cccc(c4)Br)C
dude_mk01__L003597,c1ccc2c(c1)c(c[nH]2)CCNC(=O)C[C@@H]3CS[C@@H](N3)NC(=O)c4ccco4
dude_mk01__L003598,CC(C)(C)NC(=O)[C@H](c1c(cc(cc1O)O)O)N(C)C(=O)/C(=C\c2ccccc2)/c3ccccc3
dude_mk01__L003599,CC1([C@@H]([NH2+][C@H](S1)c2cccs2)C(=O)[O-])C
dude_mk01__L003600,CC(C)C[C@@H](c1cccs1)NC(=O)Nc2cc(c[nH]c2=O)C(F)(F)F
dude_mk01__L003601,c1ccc(cc1)CCC(=O)NN2[C@@H](Nc3ccccc3C2=O)c4ccccc4
dude_mk01__L003602,c1cc(ccc1NC(=O)[C@H]2CCCN(C2)c3ccc(nn3)n4ccnc4)S(=O)(=O)N
dude_mk01__L003603,Cc1cc(no1)NS(=O)(=O)c2ccc(cc2)Nc3nc(cs3)c4ccc(cc4O)O
dude_mk01__L003604,c1cc(cc(c1)Cl)c2cn[nH]c2c3cc([nH]c3)C(=O)NC(CO)c4cccc(c4)F
dude_mk01__L003605,CC(C)(C)c1ccc(cc1)OCC(=O)NC(=S)NNC(=O)c2ccccc2O
dude_mk01__L003606,C[C@H](c1ccc2c(c1)[nH]c(=O)[nH]2)NC(=O)C3(CCCCC3)c4ccc(cc4)OC
dude_mk01__L003607,CC(C)C(=O)Nc1ccc(cc1)C(=O)N/N=C/c2cc(cc(c2O)Br)Br
dude_mk01__L003608,c1cc(sc1)[C@@H]2C[C@](N(N2)C(=O)N)(C(F)(F)F)O
dude_mk01__L003609,c1cc(c(c(c1)Cl)[N-]S(=O)(=O)c2cc(cnc2)Br)Cl
dude_mk01__L003610,c1ccc(cc1)[C@@H](CO)NC(=O)c2cc(c[nH]2)c3c(cn[nH]3)c4cccc(c4)Cl
dude_mk01__L003611,CCC[C@H](C(=O)Nc1nc(c(s1)C)c2ccc(cc2)OC(F)F)NC(=O)N
dude_mk01__L003612,CC[C@H](c1nnnn1C(C)(C)CC)[NH+](Cc2ccccc2OC)Cc3cc4c(ccc(c4[nH]c3=O)C)C
dude_mk01__L003613,c1cc(c(cc1S(=O)(=O)N)N)N2C[C@H]3CC[C@@H]2C3
dude_mk01__L003614,CC\1=NN(C(=O)/C1=C\c2ccc(o2)c3ccc(cc3)Br)C(=O)N
dude_mk01__L003615,C[C@]1([C@@]([C@@]([C@@]([C@](O1)(C)OCCc2ccccc2)(C)O)(C)O)(C)O)CO
dude_mk01__L003616,COc1ccc(cc1OC)c2csc(n2)N3[C@@H](CC(=N3)c4ccc(c(c4)OC)OC)c5ccc(cc5)F
dude_mk01__L003617,CC(C)CC(=O)N([C@@H](c1c(cc(cc1O)O)O)C(=O)NC(C)(C)CC(C)(C)C)C(C)(C)C
dude_mk01__L003618,c1ccc(cc1)[C@@H](CNC(=O)c2ccc3c(c2)nc(=S)[nH]c3[O-])[NH+]4CCCC4
dude_mk01__L003619,c1ccc(cc1)c2c(c3ccccn3n2)c4cc5c(n[nH]c5nn4)N
dude_mk01__L003620,c1ccc(cc1)C[NH+](CCC(=O)N)CC(=O)Nc2cccc3c2cccc3
dude_mk01__L003621,c1cc(ccc1C(=O)NNC(=S)NC(=O)COc2ccc(cc2Cl)Cl)O
dude_mk01__L003622,Cc1cc(ccc1Br)NC(=O)N[C@@H](C)C(=O)NCc2ccco2
dude_mk01__L003623,Cc1ccccc1C(=O)Nc2ccc(cc2)C(=O)NNC(=S)NC(=O)COc3ccccc3C
dude_mk01__L003624,CCOC(=O)c1ccc(cc1)NC(=O)NNC(=O)c2ccc3ccccc3c2O
dude_mk01__L003625,c1cc(c(cc1C(c2ccc(c(c2)[N+](=O)[O-])N)(C(F)(F)F)C(F)(F)F)[N+](=O)[O-])N
dude_mk01__L003626,c1ccc(cc1)NNS(=O)(=O)c2ccc-3c(c2)Cc4c3ccc(c4)S(=O)(=O)NNc5ccccc5
dude_mk01__L003627,CCNC(=O)N[C@H]1CC[C@@]2(CC[C@@H]([C@@H]([C@H]2[C@@H]1C)O)[C@H](C)C(=O)NCc3cccs3)C
dude_mk01__L003628,CC[C@]1(C(=O)N(C(=O)N1)CC(=O)N2C[C@H](Oc3c2cccc3)C(=O)N)C
dude_mk01__L003629,c1ccc2c(c1)nc(s2)Nc3c(c(ncn3)NCc4ccc(cc4)Cl)N
dude_mk01__L003630,c1c2c(cc(c1N[C@@H]3CCS(=O)(=O)C3)N)NC(=O)CC2
dude_mk01__L003631,CC[NH+]1[C@@H](NN[C@@H]1SCc2[nH]c(=O)c3ccc(cc3n2)C(=O)[O-])c4ccc(cc4)Cl
dude_mk01__L003632,c1cc(c(cc1Sc2nccc(n2)[O-])Cl)/C(=N\O)/N
dude_mk01__L003633,Cc1ccc(cc1NC(=S)Nc2cccc(c2)S(=O)(=O)NC3=[NH+]CCC3)S(=O)(=O)N(C)C
dude_mk01__L003634,CC[C@@H](c1nnnn1C2CCCC2)[NH+](Cc3ccc(cc3)C)Cc4cc5c(ccc(c5[nH]c4=O)C)C
dude_mk01__L003635,Cc1c2c(n[nH]1)OC(=C([C@@H]2C3=C/C(=[N+](/O)\[O-])/C=CC3=O)C#N)N
dude_mk01__L003636,c1cc(ccc1NC(=O)C(=O)N2CCC[C@H](C2)C(=O)NC3CC3)N4CCNC4=O
dude_mk01__L003637,CC1CCC(CC1)N2C[C@@H](CC2=O)C(=O)NNC(=O)C(=O)NC3CC3
dude_mk01__L003638,Cc1c(sc2c1c(=O)[nH]c(n2)CC(=O)N/N=C(\C)/c3ccccc3Br)C
dude_mk01__L003639,Cc1cc2c(c(=O)n1CCc3ccc(c(c3)O)O)[C@H](C(=C(O2)N)C#N)Cc4ccccc4
dude_mk01__L003640,Cc1cc(c2c(c1)nc(o2)c3ccc(cc3O)NC(=S)NC(=O)c4ccc(cc4)C(C)(C)C)C
dude_mk01__L003641,Cc1ccc(cc1NC(=O)CNC(=O)NNC(=O)CCC(C)C)Br
dude_mk01__L003642,C[C@H](C(=O)/N=C\1/NCCS1)NC(=O)N
dude_mk01__L003643,C[C@@H]1CCCC[C@@]12C(=O)N(C(=O)N2)CC(=O)NC(=O)N
dude_mk01__L003644,c1cc(ccc1C(=O)CSc2nc(cc(n2)N)N)I
dude_mk01__L003645,c1ccc2c(c1)c(nc(n2)CSc3nnc(s3)SCc4nc5ccccc5c(n4)N)N
dude_mk01__L003646,C[C@H](C(=O)NCC=C)Sc1nc2c(c(cs2)c3ccccc3)c(=O)n1N
dude_mk01__L003647,c1cc(c(cc1[C@H](O)S(=O)(=O)[O-])O)O
dude_mk01__L003648,COc1ccc(cc1OCc2ccc(cc2)Cl)[C@H]3CC(=Nc4c3sc(n4)N)O
dude_mk01__L003649,C1CC[C@H]([C@H](C1)[NH3+])NC(=O)C2(CCC2)C(=O)[O-]
dude_mk01__L003650,c1cc2c(cc1NC(=O)c3cc(ccc3N4CCCC4)S(=O)(=O)N5CCCCC5)[nH]c(=O)[nH]2
dude_mk01__L003651,c1ccn(c1)c2c(c3c(s2)CSCC3)C(=O)Nc4ccc(cc4)NC(=O)N
dude_mk01__L003652,Cc1cc2c(ccc(=O)n2CC(=O)NN)c(c1C(=O)[O-])C
dude_mk01__L003653,Cc1ccc(c(c1)N)N[C@H]2CS(=O)(=O)C[C@@H]2O
dude_mk01__L003654,Cc1c(c(=O)n(c(=O)n1C)C)S(=O)(=O)Nc2ccccc2C(=O)N
dude_mk01__L003655,C/C(=N\NC(=O)c1ccc(c(c1)S(=O)(=O)N)Cl)/c2ccc3c(c2)Nc4ccccc4S3
dude_mk01__L003656,c1cc(sc1)S(=O)(=O)Nc2cc(ccc2N3CCC(CC3)(C(=O)N)[NH+]4CCCCC4)C(=O)[O-]
dude_mk01__L003657,COC(=O)c1c2c(sc1NC(=O)CCSc3nnc(n3N)c4ccccc4O)CCCC2
dude_mk01__L003658,CC(C)Sc1[nH]c(=O)c2c(n1)NC3=C([C@@H]2c4ccccc4F)C(=O)CC(C3)(C)C
dude_mk01__L003659,CCOc1ccc(cc1OCC)[C@H]2C(=C(N=c3n2c(=O)/c(=C/c4ccc(o4)N5CC[NH+](CC5)C)/s3)C)C(=O)OC
dude_mk01__L003660,C[C@H](c1ccc(cc1)Br)NC(=O)Nc2ccc(cc2)OCC(=O)N
dude_mk01__L003661,Cc1ccc(cc1)n2c3c(c(n2)C)[C@H](C(=C(O3)N)C#N)c4ccc(cc4)F
dude_mk01__L003662,c1cc(c(cc1[N-]S(=O)(=O)c2cc[nH+]c(c2)N)F)Cl
dude_mk01__L003663,CCOC(=O)c1ccc(cc1)NC(=O)Nc2c(c3c(s2)CC[C@H](C3)C)C(=O)N
dude_mk01__L003664,C1CC[C@H]2[C@@H](C1)C[C@@H](N2C(=O)c3nc([nH]n3)N)C(=O)[O-]
dude_mk01__L003665,COc1ccc(cc1)C2=C[C@H](N=N2)[C@H]3NN[C@@H](N3N)SCc4ccc(cc4)Br
dude_mk01__L003666,C/C(=N\NC(=O)c1c(nnn1c2c(non2)N)C[NH+]3CCCCC3)/c4ccc(s4)Cl
dude_mk01__L003667,CC(C)(C)N([C@H](c1ccc(c(c1)OC)O)C(=O)NC2CCCCC2)C(=O)c3c(cccc3O)O
dude_mk01__L003668,CC(C)c1ccc(cc1)C2=N[C@H]3[C@H]([C@@H]2[C@@H]4C(=NC(=O)NC4=O)N)C(=O)NC(=O)N3
dude_mk01__L003669,CN(C)c1ccc(cc1)[C@H]2C(=C(NC(=O)N2)c3ccccc3)c4ccc5ccccc5n4
dude_mk01__L003670,c1ccc(c(c1)C(=O)Oc2ccc(cc2)/C=N/NC(=S)N)I
dude_mk01__L003671,CCOc1cc(cc(c1)OCC)C(=O)NC(=S)Nc2c(c3c(s2)C[C@@H](CC3)C)C(=O)N
dude_mk01__L003672,C/C(=C/C(=O)Nc1cc(cc(c1)Cl)Cl)/NNC(=O)C(=O)Nc2cccc3c2cccc3
dude_mk01__L003673,Cc1ccc(c(c1[N-]S(=O)(=O)c2cnn(c2)C)C)N
dude_mk01__L003674,CCOc1cc(ccc1O)[C@@H]2C(=C(NC(=S)N2)C)C(=O)Nc3ccc(c(c3)C)C
dude_mk01__L003675,C[C@@H](c1ccc(cc1)S(=O)(=O)N)NS(=O)(=O)c2ccc3c(c2)OCCCO3
dude_mk01__L003676,Cc1cc(cc(c1CCNC(=O)CN2C(=O)[C@@](NC2=O)(C)c3cccc(c3)C(=O)N)C)C(C)(C)C
dude_mk01__L003677,c1ccc(cc1)Sc2ccccc2NC(=O)CSc3[nH]c(=O)cc(n3)N
dude_mk01__L003678,CCOc1ccccc1NC(=O)[C@H](c2ccccc2)Sc3[nH]c(=O)cc(n3)N
dude_mk01__L003679,CCn1c(=O)c2c(c(sc2n(c1=O)CC(=O)N3CCOCC3)C(=O)NN)C
dude_mk01__L003680,CC(C)(C)c1ccc(cc1Br)C(=O)NC(=S)Nc2ccc(cc2)S(=O)(=O)N
dude_mk01__L003681,Cc1ccccc1CC(=O)N(Cc2ccc(o2)C)[C@@H](c3c(cc(cc3O)O)O)C(=O)NC(C)(C)C
dude_mk01__L003682,COc1ccc(cc1c2nc(cs2)CSc3nc([nH]n3)N)Br
dude_mk01__L003683,c1cc2c(cccc2S(=O)(=O)Nc3ccc(cc3)F)c(c1)NC(=O)/C=C/c4cc(cc(c4)O)O
dude_mk01__L003684,c1ccc(c(c1)[C@@H]2c3ccc(cc3OC(=C2C#N)N)O)OCc4ccc(cc4)F
dude_mk01__L003685,C/C(=C/C(=O)NNC(=S)Nc1cccc(c1)NC(=O)C)/c2ccccc2F
dude_mk01__L003686,C[C@@H](C(=O)Nc1ccc(cc1)C(=O)N)Sc2nc3cc(ccc3s2)Cl
dude_mk01__L003687,Cc1c2c(n(n1)c3ccccc3)N[P@@](=S)(N=C2SC)NNc4ccccc4
dude_mk01__L003688,c1cc(c(cc1Br)[N-]S(=O)(=O)c2cc[nH+]c(c2)NN)Br
dude_mk01__L003689,CC[C@]1(Cc2c(sc3c2c(nc(n3)SCC(=O)Nc4ccc(cc4)Br)N)CO1)C
dude_mk01__L003690,c1cc(c(cc1F)Nc2cc(=O)n(c(=O)[nH]2)C3CCCCC3)F
dude_mk01__L003691,C[C@H](C(=O)Nc1ccc(cc1)NC(=O)C2CC2)Nc3nc4ccccc4s3
dude_mk01__L003692,c1cc(ccc1CCNC(=O)Nc2ccc(cc2Br)F)S(=O)(=O)N
dude_mk01__L003693,CCCSc1nc(c2c(n1)NC3=C([C@@H]2c4ccccc4)C(=O)CC(C3)(C)C)N
dude_mk01__L003694,c1ccc(cc1)NC(=O)[C@@H]2CSCN2C(=O)NC3CCCCC3
dude_mk01__L003695,CN(c1c(cc(cn1)C(F)(F)F)Cl)N/C(=C/C#N)/NC(=O)Nc2cccc(c2)C(F)(F)F
dude_mk01__L003696,CC(=O)NC(=S)Nc1ccc(cc1)NC(=S)NC(=O)/C=C/c2ccc(cc2Cl)Cl
dude_mk01__L003697,CCC[NH2+][C@@H](c1cc2c(cc1Br)[nH]c(=O)[nH]2)C3CCCC3
dude_mk01__L003698,c1cc(ccc1C(=O)c2c(c3ccc(nc3s2)C4CC4)N)C(=O)c5c(c6ccc(nc6s5)C7CC7)N
dude_mk01__L003699,C[C@H](C(=O)Nc1ccc(cc1)SC)Nc2ccc(cc2)NC(=O)NC3CC3
dude_mk01__L003700,CCc1cccc(c1NC(=S)N/N=C\2/c3ccccc3N(C2=O)CN4CCN(CC4)c5cccc[nH+]5)CC
dude_mk01__L003701,Cc1ccc(cc1)NC(=O)CSc2nnc(n2C3CCCC3)c4c(c5cccnc5s4)N
dude_mk01__L003702,CCCOc1ccc(c(c1)C)NC(=O)NCCc2ccc(cc2)S(=O)(=O)N
dude_mk01__L003703,CC1=C([C@@H](NC(=O)N1)c2ccc(cc2)C(C)(C)C)C(=O)Nc3ccc(cc3)OC
dude_mk01__L003704,c1ccc(c(c1)CNCCc2ccc(cc2)S(=O)(=O)N)OCc3ccc(c(c3)Cl)Cl
dude_mk01__L003705,c1cc(c(cc1CCC[NH+]2CCCC[C@@H]2CCO)N)N3CCCC3
dude_mk01__L003706,c1cc(c(cc1C(=O)N2CCC[C@@H]2C(=O)N)N)Br
dude_mk01__L003707,c1c(cc(cc1Cl)Cl)NC(=O)CSc2c(cc(c(n2)N)C#N)C#N
dude_mk01__L003708,Cc1ccc(cc1)NC(=O)CSc2nnc(n2N)N/N=C/c3ccc(cc3Cl)Cl
dude_mk01__L003709,c1c(ccc(c1)O)/C=C\C(=O)NCCCCNC(=O)/C=C\c2ccc(cc2)O
dude_mk01__L003710,C[C@@H]1CCCC[C@H]1NC(=O)Nc2cc(ccc2OC)NC(=O)C
dude_mk01__L003711,Cc1cc(c2c(c1)nc(c(=O)[nH]2)NC(=S)N)C
dude_mk01__L003712,CC[C@H]1CCCC[C@H]1NC(=O)c2c(n[nH]c2N)C
dude_mk01__L003713,CCOC(=O)C1=C(NC(=O)N[C@H]1c2cc(ccc2O)Br)c3ccccc3
dude_mk01__L003714,C[C@H](c1ccc(cc1)Br)Nc2ccc3c(c2N)cccn3
dude_mk01__L003715,COc1ccc(cc1)/C=C/C(=O)NC(=S)NNC(=O)c2cc3ccccc3cc2O
dude_mk01__L003716,Cc1cc(no1)NC(=O)C[NH+]2CCN(CC2)c3ccc(cc3C(=O)[O-])S(=O)(=O)N4CCOCC4
dude_mk01__L003717,c1cc(cc(c1)Cl)c2cn[nH]c2c3cc([nH]c3)C(=O)N4CCOCC4
dude_mk01__L003718,Cc1ccc(cc1)N2[C@H](NN[C@@H]2SCc3[nH]c(=O)c4ccc(cc4n3)C(=O)[O-])[NH+]5CCCC5
dude_mk01__L003719,Cc1cc2c(cc1C)s/c(=N/C(=O)c3ccnn3C)/n2CCSC
dude_mk01__L003720,c1ccc(cc1)C(c2ccccc2)(C(=O)N/N=C/c3cc(ccc3O)Br)O
dude_mk01__L003721,CC(C)(C)/C(=N/NC(=S)N)/CC(=O)CCC(=O)Nc1ccc(cc1)Cl
dude_mk01__L003722,Cc1ccc(cc1)NC(=O)CSC2=NN[C@H](N2c3cc(ccc3C)C)Cc4cc(=O)[nH]c(=O)[nH]4
dude_mk01__L003723,CC\1=NN(C(=O)/C1=N\Nc2cc(ccc2Cl)C(F)(F)F)C(=S)N
dude_mk01__L003724,Cc1cccc(c1)c2cc(n(n2)c3ccc(cc3)C(=O)N[C@H]4C[C@H]5C[C@@H]([C@@H]4C)C5(C)C)N
dude_mk01__L003725,Cc1c(sc2c1C(=O)N[C@@H](N2)c3cccc(c3)OC(=O)c4cccs4)C
dude_mk01__L003726,c1c(cnc(c1S(=O)(=O)N(CC#N)CC#N)NN)Br
dude_mk01__L003727,CCC[NH+]1[C@@H](NN[C@@H]1SCc2[nH]c(=O)c3ccc(cc3n2)C(=O)[O-])c4cccc(c4)C
dude_mk01__L003728,c1ccc2c(c1)CCC[C@H]2C(=O)Nc3ccc(cc3N)Br
dude_mk01__L003729,CC(C)[C@@H](c1ccc2c(c1)OCCCO2)NCC(=O)Nc3c(c4c(s3)CCC4)C(=O)N
dude_mk01__L003730,CC[C@H](C)NC(=O)CCNC(=O)NNc1c(cc(c(n1)Cl)Cl)Cl
dude_mk01__L003731,COc1ccccc1C(=O)NNC(=O)N[C@@H]2CCCCc3c2cccc3
dude_mk01__L003732,C1CCC2=C3C(=NC(=NC3=O)CN)S[C@H]2C1
dude_mk01__L003733,Cc1c(c(on1)C)S(=O)(=O)N2CCC[C@H](C2)C(=O)N(C)[C@@H](C)c3ccc(cc3)S(=O)(=O)N
dude_mk01__L003734,CNC(=O)Nc1ccc(cn1)CNc2c(cnn2C)C(=O)Nc3ccc4c(c3)OC(C(O4)(F)F)(F)F
dude_mk01__L003735,c1ccc2c(c1)C(=O)[C@@]3([C@@]2(OC(=C3C(=O)[O-])CO)O)O
dude_mk01__L003736,CC(C)CCN(CC(=O)N[C@@H](c1ccccc1)C(C)C)c2c(n(c(=O)[nH]c2=O)Cc3ccccc3)N
dude_mk01__L003737,c1c(cnc(c1/C(=N/c2nncs2)/[O-])NN)Br
dude_mk01__L003738,C[C@@H](Cc1ccc(cc1)O)NC(=O)Nc2ccc(cc2)C(=O)NC3CCCCC3
dude_mk01__L003739,c1cc(ccc1c2csc3c2c(ncn3)NCCCc4c(c([nH]n4)N)C#N)F
dude_mk01__L003740,CCC[NH+](CC(=O)Nc1c(ccs1)C(=O)N)[C@H](C)c2ccccc2Br
dude_mk01__L003741,c1ccc(cc1)CCNS(=O)(=O)c2ccc3c(c2)[C@H]4C=CC[C@H]4[C@H](N3)c5ccc(cc5O)O
dude_mk01__L003742,Cc1cc(ccc1/C(=N/S(=O)(=O)C2CCCCC2)/[O-])Br
dude_mk01__L003743,CCOC(=O)C1=C(NC(=O)N[C@@H]1c2cccs2)CN3C(=O)[C@@H](NC3=O)CC4=c5ccccc5=[NH+]C4
dude_mk01__L003744,Cc1nnc(n1N)S[C@@H](C)C(=O)Nc2ccc(c(c2)C(F)(F)F)Cl
dude_mk01__L003745,CC(C)(C)NC(=O)c1ccc2c(c1)[C@@H]3C=CC[C@H]3[C@H](N2)c4ccc(c(c4)OC)O
dude_mk01__L003746,Cc1cc(ccc1OCC(=O)NC(=S)NNC(=O)c2ccc(cc2)NC(=O)CC(C)C)Br
dude_mk01__L003747,Cc1c(=O)n(c(nn1)SCC(=O)N2[C@H](C=C(N2)c3ccc(cc3)OC)c4ccco4)N
dude_mk01__L003748,Cc1ccccc1NC(=O)C[C@@H]2C(=O)Nc3ccccc3N2CCOc4ccc(cc4)S(=O)(=O)N
dude_mk01__L003749,CCCCCN1C(=O)/C(=C/c2c(c(c(=O)n(c2N3CC[NH+](CC3)CC)CCCC)C#N)C)/SC1=S
dude_mk01__L003750,Cc1ccc2=[NH+]C(=O)[C@H](C(=c2c1)O)/C=N/[C@H]3[C@@H](N(N(C3=O)c4ccccc4)c5ccccc5)C
dude_mk01__L003751,CC(C)(C)c1cc(n(n1)C(C)(C)C)NC(=O)C[C@@H](c2cccs2)NC(=O)N
dude_mk01__L003752,Cc1ccc(cc1)SCc2c3c(n[nH]2)OC(=C([C@@H]3C4CCCCC4)C#N)N
dude_mk01__L003753,CCN(Cc1ccc(s1)Cl)C(=O)Nc2ccc(cc2)S(=O)(=O)N
dude_mk01__L003754,CCOc1ccc(c(c1)[C@H]2Nc3cc(ccc3C(=O)N2C)Cl)O
dude_mk01__L003755,CC(=O)N1C=Cc2ccccc2[C@H]1CC(=O)Nc3cccc(c3)[C@]4(C(=O)NC(=O)N4)C
dude_mk01__L003756,Cc1ccc(c(c1)[C@@H](C)NC(=O)c2ccc(cc2)n3c(c(cn3)C#N)N)C
dude_mk01__L003757,C[C@@H]([C@@H]1CCC[NH+](C1)C)Nc2cc(ccc2Cl)S(=O)(=O)N
dude_mk01__L003758,CCN1C(=C([C@@H](NC1=S)c2ccc(cc2)NC(=O)Nc3ccccc3F)C(=O)OC)C
dude_mk01__L003759,c1ccc(cc1)C(=O)[C@@H]2[C@H](NC(=O)N[C@]2(C(F)(F)F)O)c3cccc(c3)O
dude_mk01__L003760,c1ccc(c(c1)C[NH+]2CCCCC2)/C(=N\OCC(=O)Nc3ccc(c(c3)[N+](=O)[O-])Cl)/N
dude_mk01__L003761,Cc1ccc(c(c1)C)Cc2c(nc(n(c2=O)Cc3cccc4c3cccc4)N)O
dude_mk01__L003762,c1cc2c(cc1S(=O)(=O)[N-][NH3+])NC(=O)CO2
dude_mk01__L003763,c1ccc(c(c1)CNS(=O)(=O)c2ccc3c(c2)C(=C4CCCC4)C(=O)N3)Cl
dude_mk01__L003764,Cc1ccccc1CCNC(=O)NNC(=O)Nc2ccc(cc2)Br
dude_mk01__L003765,CCOC(=O)C1=C(NC(=O)N[C@@H]1c2ccc(c(c2)O)O)CS(=O)(=O)c3ccc(c(c3)C)C
dude_mk01__L003766,CC[C@@H](C(=O)Nc1nc2ccc(cc2s1)C)n3c(nnc3SCc4ccccc4Cl)N
dude_mk01__L003767,C[C@@]1([C@H]2[C@@H]([C@@H](N1)c3ccc(cc3O)O)C(=O)NC2=O)C(=O)[O-]
dude_mk01__L003768,C1CC(=O)N[C@@H]1C(=O)NC2CCC(CC2)C(=O)[O-]
dude_mk01__L003769,Cc1c(sc2c1c(nc(n2)CSc3nnc(s3)NC(C)C)N)C
dude_mk01__L003770,Cc1ccc(cc1NC(=O)NC2CC[NH+](CC2)CC(C)C)NC(=O)C3CC3
dude_mk01__L003771,CS(=O)(=O)NCCc1ccc(s1)C(=O)NNC(=O)c2cc3c(s2)CCCCC3
dude_mk01__L003772,c1ccc(cc1)CN(c2ccccn2)c3c(c([nH+]cn3)Nc4ccccc4)N
dude_mk01__L003773,CNC(=O)c1c2c(sc1NC(=O)[C@@H]3COc4ccccc4O3)CCCC2
dude_mk01__L003774,CC(C)(C)NC(=O)[C@H](c1c(cc(cc1O)O)O)N(c2ccccc2Cl)C(=O)C3CCCCC3
dude_mk01__L003775,C[C@@H](C(=O)Nc1ccc(c(c1F)F)F)Nc2cc(ccc2OC)NC(=O)C
dude_mk01__L003776,c1cc(ccc1c2ccc(cc2)NC(=S)N[C@@H]3CS(=O)(=O)C[C@@H]3Cl)N
dude_mk01__L003777,CC1(C/C(=N\NC(=S)Nc2ccccc2OC)/c3cc(ccc3O1)O)C
dude_mk01__L003778,Cn1c(c(c(=O)[nH]c1=O)N2CC[C@H](C2)CO)N
dude_mk01__L003779,Cc1cccc2c1[nH]c(=O)c(c2)[C@@H](c3nnnn3Cc4ccccc4)[NH+](Cc5ccco5)Cc6cccs6
dude_mk01__L003780,CC[C@@H](CO)N1C(=O)c2c(c(c(c(c2Cl)Cl)Cl)Cl)C1=O
dude_mk01__L003781,c1cc(ccc1C(=O)NC2CCCCC2)NCC(=O)NC(=O)NC3CCCC3
dude_mk01__L003782,CC(=O)N1CCC(CC1)Nc2ncc3c(n2)-c4c(c(nn4C)C(=O)N)CC3
dude_mk01__L003783,COc1cc(ccc1OC[C@@H](CON=C2c3ccccc3-c4c2cccc4)O)/C=N/NC(=O)N
dude_mk01__L003784,c1ccc(cc1)c2ccc(cc2)C(=O)NC(=S)NNC(=O)Nc3ccccc3
dude_mk01__L003785,c1cc(sc1)C(=O)NNC(=O)CNc2cnc3n(c2=O)ccs3
dude_mk01__L003786,c1cc(oc1)C(=O)Nc2ccc(c(c2)C(F)(F)F)NC(=O)NC3CC3
dude_mk01__L003787,C1CCCC(CC1)(C(=O)[O-])NC(=O)[C@@H]2CSC(=O)N2
dude_mk01__L003788,Cc1cc(c(c(c1)C)NC(=O)CNC(=O)NCC(=O)Nc2ccc(cc2)Cl)C
dude_mk01__L003789,CC12CCC(CC1)([C@H]3[C@H]2C(=O)NNC3=O)C
dude_mk01__L003790,c1ccc2c(c1)c(=O)c(c[nH]2)C(=O)NCC(=O)N=c3[nH]c4ccccc4[nH]3
dude_mk01__L003791,CC1([C@H](C[C@H]1C(=O)N[C@@H](C(Cl)(Cl)Cl)O)CC(=O)N[C@@H](C(Cl)(Cl)Cl)O)C
dude_mk01__L003792,C[C@H]1CCCC[C@]12C(=O)N(C(=O)N2)CC(=O)N[C@@H](C)c3cc4ccccc4o3
dude_mk01__L003793,CC(=O)Nc1cccc(c1)NC(=O)N[C@H](c2cccs2)C3CCCC3
dude_mk01__L003794,C[C@H](C(=O)Nc1ccc(c(c1)Cl)C#N)Nc2ccc(cc2)NC(=O)NC3CC3
dude_mk01__L003795,Cc1ccc(c(c1)C)NC(=O)[C@@H]2[C@@H](c3c([nH]nc3O)C[C@]2(C)O)c4ccc(cc4)C(=O)OC
dude_mk01__L003796,CC[NH+](CC)c1ccc(cc1)[C@H]2c3c(nc(=S)[nH]c3N=C4C2=C(CCC4)[O-])N
dude_mk01__L003797,CC(=C)C(=O)N([C@H](c1c(cc(cc1O)O)O)C(=O)NC2CCCCC2)C(C)(C)C
dude_mk01__L003798,Cn1c2cn(c(c2c(=O)n(c1=O)C)c3ccccc3Br)C(CO)(CO)CO
dude_mk01__L003799,c1ccc(c(c1)C#N)Sc2ccccc2C(=O)Nc3c(c4c(s3)CCCC4)C(=O)N
dude_mk01__L003800,Cc1ccc(cc1)Sc2c(c(ncn2)NNS(=O)(=O)c3ccc(cc3)C)N
dude_mk01__L003801,COc1ccc(cc1)NC(=S)NNc2[nH]c(=O)c3c4c(sc3n2)CCCC4
dude_mk01__L003802,C[C@H]1CCc2c(sc(c2C(=O)N)NC(=S)NC(=O)c3ccc(o3)c4ccc(cc4)Cl)C1
dude_mk01__L003803,C[C@@]12CC[C@H]3[C@H]([C@@H]1CC[C@@H]2O)CCC4=C/C(=N\OCC(=O)NCCc5ccc(c(c5)O)O)/CC[C@@]34C
dude_mk01__L003804,CCOc1cc(ccc1OCCC(C)C)[C@@H]2C(=C(C(=O)N2CC[NH+](C)C)O)C(=O)c3ccc4c(c3)C[C@@H](O4)C
dude_mk01__L003805,COc1ccc(cc1OC)CCNc2c3ccccc3nc(n2)SCc4cc(=O)n5ccccc5n4
dude_mk01__L003806,c1cc(ccc1C(=O)N)NC(=O)NC2(CCC2)c3ccc(cc3)Br
dude_mk01__L003807,CCC1(O[C@@H]([C@H](O1)[C@H](CCc2ccccc2O)O)[C@H](CCc3ccccc3O)O)CC
dude_mk01__L003808,COc1cc(cc(c1O)Br)[C@H]2[C@@H]([C@@](NC(=S)N2)(C(F)(F)F)O)C(=O)c3ccccc3
dude_mk01__L003809,c1cc(cc(c1)Cl)c2cn[nH]c2c3cc([nH]c3)C(=O)NCc4ccc(c(c4)F)F
dude_mk01__L003810,Cc1cc(=O)[nH]c2c1ccc(c2)NC(=O)/C=C\c3ccc(cc3)[N+](=O)[O-]
dude_mk01__L003811,CCOc1ccc(cc1)C(=O)NC(=S)NNC(=O)COc2ccc(cc2Cl)Br
dude_mk01__L003812,C[C@H](c1ccc(s1)Cl)NS(=O)(=O)c2ccc(s2)CC[NH3+]
dude_mk01__L003813,Cc1ccc(c(c1)O)C(=O)O[C@@H](C)C(=O)Nc2ccc(cc2)Br
dude_mk01__L003814,c1cc2=[NH+]CC(=c2cc1Cl)CCNC(=O)CCNc3c4c([nH]cn4)nc(n3)Cl
dude_mk01__L003815,C[C@H](Cc1ccc(cc1)O)NC(=O)Nc2cc(c(c(c2)F)S(=O)(=O)C)F
dude_mk01__L003816,C[C@H](C(=O)Nc1cccc(c1)Br)Nc2ccc(cc2)OCC(=O)N
dude_mk01__L003817,c1cc(sc1)NC(=O)N2CCC(CC2)CNC(=O)Nc3ccc(cc3)C(F)(F)F
dude_mk01__L003818,Cc1ccc(cc1)NS(=O)(=O)c2ccc(cc2)C(=O)Nc3ccc(cc3)NC(=O)NC(C)C
dude_mk01__L003819,CC[C@@H](C)c1ccc(cc1)n2c(=O)c3cc(ccc3nc2SCc4nc(nc(n4)N)N)Cl
dude_mk01__L003820,Cc1cc2cc(c(=O)[nH]c2cc1C)[C@H](c3nnnn3C4CCCCC4)[NH+]5CCOCC5
dude_mk01__L003821,C[C@H]1C[C@](C[C@H]([C@@H]1O)O)(C(=O)[O-])O
dude_mk01__L003822,CCc1ccc(c(c1)Br)OCC(=O)NC(=S)Nc2c(c3c(s2)CCCC3)C(=O)N
dude_mk01__L003823,Cc1ccc(cc1C)/N=C/2\NN=C(CS2)c3cc(co3)C(=O)N
dude_mk01__L003824,C1CCc2c(c3c(nc(nc3s2)SCC(=O)NC45CC6CC(C4)CC(C6)C5)N)C1
dude_mk01__L003825,Cc1cc(c(cc1C)[N-]S(=O)(=O)c2c[nH]nc2)N
dude_mk01__L003826,CC[C@H]1CCc2c(sc(c2C(=O)N)NC(=O)/C=C/c3ccc(cc3)OC)C1
dude_mk01__L003827,c1cc(c(cc1N)Br)NCc2[n-]nnn2
dude_mk01__L003828,COc1ccc(cc1O)[C@H]2[C@H]3CC=C[C@@H]3c4cccc(c4N2)C(=O)Nc5ccc(cc5)Nc6ccccc6
dude_mk01__L003829,c1cc(c(cc1N2CC[C@@H](C2)O)C(F)(F)F)/C(=N\O)/N
dude_mk01__L003830,Cc1ccc(c(c1)C)NS(=O)(=O)c2ccc(cc2)NC(=O)CCSc3nnc(n3N)c4ccncc4
dude_mk01__L003831,C1CC[C@@H]2CN(CC[C@@H]2C1)C(=O)C3(CCCC3)/C(=N\O)/N
dude_mk01__L003832,Cc1c(c(c2c(c1O)[C@]3(C(=C(C(=O)C[C@@]3(O2)Sc4ccccc4)C(=O)C)O)C)C(=O)C)O
dude_mk01__L003833,CC1(CC[C@H](c2c1cccc2)NS(=O)(=O)c3ccc(cc3)S(=O)(=O)N)C
dude_mk01__L003834,Cc1cc(c(c(c1C=O)O)C/C=C(\C)/[C@@H](C[C@@]2([C@@H](CCC(=O)[C@@H]2C)C)C)O)O
dude_mk01__L003835,c1cc(sc1)[C@H](C2CCCC2)NC(=O)C(=O)Nc3ccc(cc3)C(=O)N
dude_mk01__L003836,c1cc2c(cc1S(=O)(=O)NCCc3ccc(cc3Cl)Cl)[nH]c(=O)[nH]2
dude_mk01__L003837,c1ccc2c(c1)cccc2/C=N/Nc3nnc(n3N)SCC(=O)Nc4ccccc4Cl
dude_mk01__L003838,CC[NH+]1CCN(CC1)c2ccc(cc2NC(=O)c3cc(ccc3OC)Br)C(=O)OCC
dude_mk01__L003839,CCSc1nc2ccc(cc2s1)NC(=O)CSc3nc([nH]n3)N/N=C/c4ccccc4O
dude_mk01__L003840,c1cc(ccc1C(=O)N[C@@H](C(Cl)(Cl)Cl)Nc2ccc(cc2)S(=O)(=O)N)Br
dude_mk01__L003841,C[C@H](c1ccccc1)[NH2+]Cc2cc(ccc2OCC(=O)N)Br
dude_mk01__L003842,CC(C)(C(=O)N)n1c(c2c(ccs2)nc1=S)[O-]
dude_mk01__L003843,CCC[C@H](c1nnnn1C(C)(C)CC)[NH+](CCc2ccccc2)Cc3cc4cc(ccc4[nH]c3=O)C
dude_mk01__L003844,CCc1cc2c(=O)[nH]c(nc2s1)SCC(=O)Nc3cc(ccc3O)C
dude_mk01__L003845,C[C@@H]1CC[C@H](CN1C(=O)N2C[C@@H](C[C@H]2C(=O)[O-])O)C(=O)N
dude_mk01__L003846,Cc1cc(ccc1Br)OCC(=O)NC(=S)NNC(=O)c2ccc(cc2)NC(=O)CC(C)C
dude_mk01__L003847,CC(C)c1ccc(cc1)[C@H](C(C)C)NC(=O)C(=O)Nc2ccc(cc2)CC(=O)N
dude_mk01__L003848,Cc1nc(cs1)CC(=O)NNC(=O)CNC(=O)c2c(c3ccccc3s2)Cl
dude_mk01__L003849,C1CC2(C1)C[C@](NC(=O)[C@H]2C#N)(C(F)(F)F)O
dude_mk01__L003850,C[C@H]1CCC[C@H]1OC(=O)C2=C(NC(=S)N[C@@H]2c3ccc(cc3)N(C)C)C
dude_mk01__L003851,Cc1ccc(c(c1S(=O)(=O)N[C@H]2CCCNC2=O)C)N
dude_mk01__L003852,CC(C)c1cccc(c1NC(=O)NCCc2ccc(cc2)S(=O)(=O)N)C(C)C
dude_mk01__L003853,c1cc2c(cc1C(F)(F)F)C[C@H]([C@@H]3N2CC[NH+](C3)C4CCCC4)C(=O)[O-]
dude_mk01__L003854,c1cc(c(cc1C(F)(F)F)NS(=O)(=O)c2ccc3c(c2)NC(=O)CC(=O)N3)N4CCOCC4
dude_mk01__L003855,C[C@@H]1CCc2c(sc(c2C(=O)N)NC(=O)COC(=O)/C=C/c3ccc(cc3)O)C1
dude_mk01__L003856,c1cc2c(cc1Br)c(c(c[nH+]2)N)NCCc3nccs3
dude_mk01__L003857,c1ccc(cc1)N(C=O)[C@H](c2c(cc(cc2O)O)O)C(=O)NC3CCCCC3
dude_mk01__L003858,COc1cc(c(cc1Br)OC)CSc2nc(cc(n2)N)N
dude_mk01__L003859,c1ccc(cc1)/C=C/C=N/Nc2nnc(n2N)SCC(=O)Nc3cccc(c3Cl)Cl
dude_mk01__L003860,CC[C@@H](C)[C@@H](C(=O)Nc1c(cc(cc1Br)Br)C(=O)[O-])[NH3+]
dude_mk01__L003861,c1cc(ccc1C[C@@H](C(=O)[O-])[NH2+][C@H]2CCCC[C@@H]2O)O
dude_mk01__L003862,C=CCNC(=O)[C@@H]1CCCN(C1)C(=O)Nc2ccc(cc2)NC(=O)Nc3ccc(cc3)F
dude_mk01__L003863,CCOc1cc(cc(c1)OCC)C(=O)NC(=S)Nc2c(c3c(s2)CCCCC3)C(=O)N
dude_mk01__L003864,CC(C)C(=O)Nc1ccc(cc1)C(=O)NNC(=S)NC(=O)/C=C/c2ccc(cc2)Cl
dude_mk01__L003865,Cc1ccc(c2c1sc(n2)N(CC[NH+](C)C)C(=O)c3ccc(cc3)S(=O)(=O)N4CCCC[C@@H]4C)OC
dude_mk01__L003866,C[C@@]1([C@@H](O[C@]([C@@]([C@@]1(C)O)(C)O)(C)O)CO)O
dude_mk01__L003867,Cc1c2c(oc1C(=O)Nc3cc4c(cc3F)CCC(=O)N4)CCCC2=O
dude_mk01__L003868,CC1(CC(=CC(=C1)NNC(=O)c2cccc(c2)S(=O)(=O)Nc3ccccc3OC)O)C
dude_mk01__L003869,c1ccc2c(c1)cccc2C(=O)NNc3c(c(ncn3)Oc4cccc5c4cccc5)N
dude_mk01__L003870,c1c(csc1S(=O)(=O)[N-]c2nncs2)N
dude_mk01__L003871,Cc1c(cc(n1[C@@H](C)C(=O)N2CCN(CC2)C)c3ccc4c(c3)C(CCC4(C)C)(C)C)C(=O)N
dude_mk01__L003872,CCn1ccc(n1)C(=O)n2c(c(c(n2)C)C34CC5CC(C3)CC(C5)C4)C
dude_mk01__L003873,CCOC(=O)c1c2c(sc1NC(=O)CSc3nnc(n3N)N/N=C/c4ccc(cc4)C)CCCC2
dude_mk01__L003874,c1cc(ccc1NC(=S)NNC(=O)NC23CC4CC(C2)CC(C4)C3)Cl
dude_mk01__L003875,[H]\N=C\1/C(=C/c2cc(c(c(c2)Cl)OS(=O)(=O)C)OCC)/C(=O)N=C3N1C(=NS3)S(=O)(=O)C
dude_mk01__L003876,c1cc(cc(c1)Br)/C=C/S(=O)(=O)[N-]c2c(cccc2F)F
dude_mk01__L003877,CCCCN(CC)S(=O)(=O)c1ccc(cc1)C(=O)N(CC[NH+](C)C)c2nc3cc(c(cc3s2)C)C
dude_mk01__L003878,c1ccc(c(c1)N2CCN(CC2)C(=O)NNC(=O)c3cccs3)F
dude_mk01__L003879,c1ccc(cc1)C(=O)Nc2ccc(cc2C(=O)[O-])N3CCC(CC3)(C(=O)N)[NH+]4CCCCC4
dude_mk01__L003880,Cc1c(nc(n1N)C)N(CC(=O)O[C@H]2C[C@@H](CC[C@H]2C(C)C)C)S(=O)(=O)c3ccc(cc3)N
dude_mk01__L003881,Cc1cc(ccc1Br)n2c(nnc2[S-])c3ccncc3
dude_mk01__L003882,CC[C@H]1C(=O)Nc2cc(c(cc2O1)S(=O)(=O)N3CCC[C@@H](C3)C(=O)NCCN4CCOCC4)C
dude_mk01__L003883,c1ccc2c(c1)cccc2CS[C@@H]3NN[C@H](N3N)[C@@H]4C=C(N=N4)c5ccc(cc5)Cl
dude_mk01__L003884,Cc1ccc(cc1)NC(=O)NC(=O)[C@H](C)Nc2ccc(cc2)NC(=O)CC(C)C
dude_mk01__L003885,Cc1c2c(n(c(c2c(nn1)C)C)c3nc(c(s3)C)c4ccc(cc4)OC)C
dude_mk01__L003886,c1cc(ccc1N2C[C@H](CC2=O)C(=O)NN)S(=O)(=O)N3CCCCC3
dude_mk01__L003887,CCN(CC)C(=O)CS[C@@H]1NN[C@@H](O1)[C@H](CC2=c3ccccc3=[NH+]C2)NC(=O)OC(C)(C)C
dude_mk01__L003888,c1cc(c(cc1O)O)C(=O)OCC(=O)Nc2cc(c(cc2Cl)Cl)Cl
dude_mk01__L003889,CCN1C(=C([C@H](NC1=S)c2cccc(c2)NC(=O)Nc3ccc(cc3)Br)C(=O)OCC)C
dude_mk01__L003890,CC(=O)NS(=O)(=O)c1ccc(cc1)NC(=O)N[C@H]2CC(=O)N(C2)c3cccc(c3)OC
dude_mk01__L003891,CC(C)C1CCC(CC1)(C(=O)N)Nc2ccc(cc2)Br
dude_mk01__L003892,C[C@@H](c1ccccc1Br)N[C@H](C)C(=O)Nc2ccc(cc2)S(=O)(=O)N
dude_mk01__L003893,c1cc(ccc1c2nc([nH]n2)S[C@@H]3CCCCNC3=O)Cl
dude_mk01__L003894,Cc1ccc(cc1)Oc2ccc(cc2)NC(=O)[C@H](CCSC)NC(=O)N
dude_mk01__L003895,c1c(c(c(cc1Cl)Cl)O)/C=N/NC(=O)CCC(=O)N/N=C/c2c(c(cc(c2)Cl)Cl)O
dude_mk01__L003896,CC[NH+](c1ccc(cc1)NC(=O)[C@H](C(C)C)NC(=O)Nc2ccccc2)C(C)C
dude_mk01__L003897,Cc1ccc(cc1)NC(=O)c2ccccc2NC(=O)C(=O)N/N=C/c3cc4ccccc4[nH]c3=O
dude_mk01__L003898,CCCOc1ccc(cc1)C(=O)NC(=S)NNC(=O)c2ccc(cc2)NC(=O)C3CCCCC3
dude_mk01__L003899,c1ccc2c(c1)CCN(C2)C(=O)c3cc(c[nH]3)c4c(cn[nH]4)c5cccc(c5)Cl
dude_mk01__L003900,CCc1cccc(c1NS(=O)(=O)c2ccc3c(c2)NC(=O)C[C@@H](S3)C)C
dude_mk01__L003901,Cc1ccc(o1)[C@H]2[C@@H]([C@@](NC(=O)N2)(C(F)(F)F)O)C(=O)c3cccs3
dude_mk01__L003902,COc1ccc(cc1)[C@@H]2C(=C(NC(=O)N2)c3ccccc3)c4ccc5ccccc5n4
dude_mk01__L003903,Cc1cc(ccc1N(C)C(=O)C(=O)NC2CCC(CC2)C)Br
dude_mk01__L003904,CCc1c(sc2c1c(nc(n2)SCC(=O)N3CCCCC3)N4CC[NH+](CC4)CC(=O)N(CC)CC)C
dude_mk01__L003905,C1CN[C@@H]([C@H]2C1=NCN2)C3=CC4=CC=N[C@@H]4C=C3
dude_mk01__L003906,Cc1ccc(cc1C)C(=O)NCC(=O)NNC(=S)N[C@H]2CCC[C@H]([C@H]2C)C
dude_mk01__L003907,CC(C)Cn1c(c(c(=O)[nH]c1=O)N(CC(C)C)C(=O)CN2CCN(CC2)c3ccccc3F)N
dude_mk01__L003908,C[C@@H]1CNc2cc(ccc2O1)S(=O)(=O)NC3CCCCCC3
dude_mk01__L003909,Cc1c(sc2c1c(nc(n2)[C@@H](C)Sc3nnc(n3N)COc4ccc(cc4)F)N)C
dude_mk01__L003910,Cc1cccc2c1NC(=O)[C@]23c4c([nH]nc4OC(=C3C#N)N)C
dude_mk01__L003911,CC(C)c1ccccc1NC(=S)NNC(=O)CNC(=O)Cc2ccccc2
dude_mk01__L003912,c1cc(ccc1CNC(=O)N2CCC(CC2)[C@H](c3ccc(cc3)Cl)O)O
dude_mk01__L003913,CCSc1c(nc2c(n1)c(nc(n2)N)N)[O-]
dude_mk01__L003914,Cc1cccc(c1OCc2nc3c4c5c(sc4ncn3n2)C([NH2+]C(C5)(C)C)(C)C)C
dude_mk01__L003915,c1cc(cc(c1)[N+](=O)[O-])[C@H]2[C@H]3CSC[NH+]3[C@@]4([C@@H]2C(=O)c5cccs5)c6cc(ccc6NC4=O)F
dude_mk01__L003916,CC(C)(C)CC(C)(C)NC(=O)[C@@H](c1c(cc(cc1O)O)O)N(C(=O)COC)C(C)(C)C
dude_mk01__L003917,Cc1ccc(cc1)NC(=O)CSCC(=O)N(CCC(C)C)c2c(n(c(=O)[nH]c2=O)Cc3ccccc3)N
dude_mk01__L003918,COc1cc(ccc1OCc2cccc3c2cccc3)/C=N/NC(=O)c4ccc(cc4O)O
dude_mk01__L003919,Cc1c(c(n(n1)[C@H]2CCS(=O)(=O)C2)C)S(=O)(=O)N[C@@H]3CCCC[C@@H]3N4C(=O)CSC4=O
dude_mk01__L003920,CCOc1cc(ccc1OCc2ccc(c(c2)Cl)Cl)[C@H]3C(=C(Nc4n3ncn4)C)C(=O)OCC=C
dude_mk01__L003921,C1CCC(CC1)(C(=O)[O-])NC(=O)N[C@@H]2CCCC[C@H]2O
dude_mk01__L003922,c1ccc(cc1)Nc2ccc(cc2)NC(=O)c3ccccc3NC(=S)NC(=O)/C=C/c4ccco4
dude_mk01__L003923,CCc1c(sc(c1C(=O)N)NC(=S)NC(=O)c2cccc(c2)O[C@@H](C)CC)C
dude_mk01__L003924,COc1ccc(c(c1)c2ccccc2O)N3CCN[C@H](C3)OC
dude_mk01__L003925,CC(C)(C)CC(C)(C)NC(=O)[C@H](c1c(cc(cc1O)O)O)N(C2CCCCC2)C(=O)COC
dude_mk01__L003926,CC1(c2cc(ccc2NC1=O)S(=O)(=O)Nc3ccc(cc3)Cl)C
dude_mk01__L003927,c1ccc(cc1)C[C@H]2C(=O)N[C@H](C(=O)N2)CC(=O)NNc3cccc(c3)Br
dude_mk01__L003928,COc1ccccc1n2c(=O)c3cc4c(nc3nc2SC)CCCC4
dude_mk01__L003929,C[C@H]1[C@H](N[C@@H]([C@@H](C1=O)C)c2ccc(c(c2)OC)O)c3ccc(c(c3)OC)O
dude_mk01__L003930,Cc1ccc(cc1C)C2=N[C@H]3[C@H]([C@@H]2[C@@H]4C(=NC(=O)NC4=O)N)C(=O)NC(=O)N3
dude_mk01__L003931,CSc1ccccc1NC(=O)CSc2nnc(n2N)N/N=C/c3cccc(c3)Br
dude_mk01__L003932,CCn1cc(c(=O)c2c1cccc2)c3nc(no3)c4ccc(cc4)Cl
dude_mk01__L003933,c1cc(ccc1C2(CCOCC2)CNC(=O)NNC(=S)NC3CCCC3)F
dude_mk01__L003934,c1ccc(cc1)CCNc2cc(c(c3c2C(=O)c4ccccc4C3=O)N)N5CCN(CC5)CCO
dude_mk01__L003935,C[C@H]1[C@@H](C[C@@H]2C[C@H]1C2(C)C)C(=O)N([C@@H](c3c(cc(cc3O)O)O)C(=O)NC(C)(C)C)C(C)(C)C
dude_mk01__L003936,C[C@@]12CC[C@H]3c4ccc(cc4/C(=N/OCC(=O)[O-])/C[C@@H]3[C@H]1C[C@H]([C@@H]2O)O)O
dude_mk01__L003937,CC[NH+](CC)c1ccc(cc1)[C@H]2c3c([nH]nc3O)C[C@]([C@@H]2C(=O)OCc4ccccc4)(C)O
dude_mk01__L003938,Cc1ccc(cc1Cl)NC(=O)CSc2nnc(n2N)N/N=C/c3ccc(cc3)C(=O)OC
dude_mk01__L003939,c1ccc(cc1)/C(=N\NC(=S)Nc2ccccc2)/C=N\NC(=S)Nc3ccccc3
dude_mk01__L003940,C[C@H](C(=O)Nc1ccc(cc1)SC)Nc2ccc(cc2)NC(=O)c3ccco3
dude_mk01__L003941,C[C@@H](C(=O)Nc1ccc(cc1)SC2CCCC2)NC(=O)Nc3ccccc3
dude_mk01__L003942,CC(C)(C)N/N=C(/c1c(=O)[nH]c2cc(ccc2n1)Cl)\[C@H](c3ccccc3O)O
dude_mk01__L003943,c1cc(ccc1C2(CC[NH+](CC2)Cc3cc4c(cc3[N+](=O)[O-])OCO4)O)Br
dude_mk01__L003944,CC(C)(C)NC(=O)[C@@H](c1ccccc1O)N(c2ccccc2Cl)C(=O)c3c(cccc3O)O
dude_mk01__L003945,c1ccc(cc1)NC(=O)CCSc2nc([nH]n2)N/N=C/c3cc(ccc3O)Br
dude_mk01__L003946,CC1=C([C@@H](N2C(=C(SC2=N1)C#N)N)c3cccc(c3)OC)C(=O)OC
dude_mk01__L003947,COc1cccc(c1)Nc2cc(nc(n2)N)N3CCC[C@H]3C(=O)NCCc4cccs4
dude_mk01__L003948,Cc1c(c(n[nH]1)O)[C@@H](c2ccc(cc2)OC(=O)c3ccc(cc3)C(C)(C)C)c4c(n[nH]c4O)C
dude_mk01__L003949,CCCOc1ccccc1C(=O)NC(=S)Nc2c(c(c(s2)C)CC)C(=O)N
dude_mk01__L003950,Cc1c(c([nH]c1C(=O)c2c(nc(s2)c3c(n(c(=O)n(c3=O)C)C)N)c4ccco4)C)C(=O)C
dude_mk01__L003951,CCN1C(=C([C@H](NC1=O)c2ccc(cc2C)C)C(=O)OCC)C[NH+]3CCCN(CC3)C(=O)C(C)C
dude_mk01__L003952,c1cc(ccc1Nc2c(c(ncn2)Nc3ccc(cc3)OC(F)(F)F)N)OC(F)(F)F
dude_mk01__L003953,CC(=O)Nc1nc2ccc(cc2s1)NC(=O)Nc3cccc(c3)SC
dude_mk01__L003954,c1cc(oc1)[C@H]2CC(=NN2C(=O)CSc3nc(cc(n3)N)N)c4ccc(cc4)Cl
dude_mk01__L003955,CC(=O)NC(=S)Nc1ccc(cc1)NC(=S)NC(=O)/C=C/c2ccc(c(c2)[N+](=O)[O-])Cl
dude_mk01__L003956,C[C@@H]1CC[C@H](CN1C(=O)NN)C(=O)N
dude_mk01__L003957,Cc1c(c(n(n1)c2ccccc2)N3CC[NH+](CC3)C)CN(CCCOC)C(=O)C45CC6CC(C4)CC(C6)C5
dude_mk01__L003958,Cc1ccc(c(c1)NC(=O)C2=C(NC(=S)N[C@H]2c3cc(ccc3OC)OC)C)C
dude_mk01__L003959,c1ccc(cc1)COc2ccccc2[C@@H]3[C@@H]4CC=C[C@@H]4c5cc(ccc5N3)S(=O)(=O)N
dude_mk01__L003960,C[C@@H]1CC(=O)Nc2ccccc2N1C(=O)COC(=O)c3ccc(cc3)CO
dude_mk01__L003961,Cc1ccc(cc1)[C@H]2[C@@H]3CN(C(=O)[C@@]3(NN2C)O)C4CCCCC4
dude_mk01__L003962,CCCOc1ccccc1C(=O)NC(=S)Nc2c(c3c(s2)CCCC3)C(=O)N
dude_mk01__L003963,Cc1c(cccc1N)c2nnnn2c3cccc(c3)Br
dude_mk01__L003964,c1cc(c(cc1[N+](=O)[O-])[C@H]2c3c([nH]cn3)C[C@@H]([NH2+]2)C(=O)[O-])[O-]
dude_mk01__L003965,c1ccc(c(c1)O)SCc2cc(=O)n3cc(ccc3n2)Br
dude_mk01__L003966,COc1ccc(cc1OC)CCNc2c(c(ncn2)Nc3cc(ccc3Cl)C(F)(F)F)N
dude_mk01__L003967,c1c(cnc(c1S(=O)(=O)NCc2c[nH]nc2)N)Br
dude_mk01__L003968,C[C@@]1(CC[C@@](C1)(C(=O)[O-])[NH3+])C(=O)[O-]
dude_mk01__L003969,CC(C)Cn1c(c(c(=O)[nH]c1=O)N(CC(C)C)C(=O)c2cccc(c2)I)N
dude_mk01__L003970,CC(C)(C)c1ccc(cc1)SCC(=O)NCC(=O)Nc2ccc3c(c2)[nH]c(=O)[nH]3
dude_mk01__L003971,C[C@@H]1C[C@H](CC(C1)(C)C)NC(=O)NCCCCCCNC(=O)N[C@@H]2C[C@@H](CC(C2)(C)C)C
dude_mk01__L003972,Cc1c(c(n(n1)[C@@H]2CCS(=O)(=O)C2)Cl)[C@H]3NC(=Nc4n3c5ccccc5n4)N
dude_mk01__L003973,CCOc1ccc(cc1OCC)[C@H](C(C)C)NC(=O)c2ccc(cc2)NC(=O)N
dude_mk01__L003974,CC1=C([C@H](NC(=S)N1)c2ccccc2OC)C(=O)N/N=C/c3ccccc3F
dude_mk01__L003975,c1ccc2c(c1)C(=O)N[C@H](N2)c3ccc(cc3O)O
dude_mk01__L003976,CC[C@H](C(=O)N)[S@](=O)c1nc2ccc(cc2s1)N
dude_mk01__L003977,CCOc1ccc(cc1)/C=N/NC(=O)C2=C(NC(=S)N[C@H]2c3ccc(cc3)O)C
dude_mk01__L003978,CC(C)c1ccc(cc1)S(=O)(=O)Nc2ccc(cc2)S(=O)(=O)N
dude_mk01__L003979,CC(C)(C)NS(=O)(=O)c1ccc2c(c1)[C@H]3C=CC[C@@H]3[C@@H](N2)c4ccc(cc4O)O
dude_mk01__L003980,[H]/N=C\1/C2=NC(=N[C@@H]2[N-]C(=N1)N)SCC(=O)N
dude_mk01__L003981,c1cc(cc(c1)O)Cc2c(n(c(=S)nn2)N)[O-]
dude_mk01__L003982,CC(C)NS(=O)(=O)c1ccc2c(c1)[C@@H]3C=CC[C@@H]3[C@@H](N2)c4c[nH]c5c4cccc5
dude_mk01__L003983,CCCOc1c(cc(cc1Br)CNCCc2ccc(cc2)S(=O)(=O)N)Br
dude_mk01__L003984,Cc1c(cc(c2c1oc-3c(c(=O)c(c(c3n2)C(=O)[C@@H]4CCCCO4)N)C)C(=O)[C@H]5CCCCO5)N
dude_mk01__L003985,C[C@]1\2CC[C@H](C1(C)C)C/C2=N\N=C\3/NC(=O)[C@@H](S3)CC(=O)NC(=O)N
dude_mk01__L003986,C/C(=N\NC(=S)N)/C[C@H]1CC2=C(CC1(C)C)C(CCC2)(C)C
dude_mk01__L003987,c1c(ccc(c1)/C=N/NC(=O)NC2CCCCC2)/C=N/NC(=O)NC3CCCCC3
dude_mk01__L003988,c1ccc2c(c1)-c3cc(ccc3[C@@H]2O)NC(=O)/C=C\C(=O)[O-]
dude_mk01__L003989,c1ccc(cc1)COc2ccc(cc2)C(=O)NC(=S)Nc3c(c4c(s3)CCCC4)C(=O)N
dude_mk01__L003990,Cc1ccc(cc1)NC(=O)O[C@@H]2CC[C@@]3([C@H]([C@]2(C)CO)CC[C@H]([C@H]3CC(=O)NCc4ccco4)O)C
dude_mk01__L003991,CC(C)c1ccccc1NC(=S)NNC(=O)c2cc3ccccc3n2C
dude_mk01__L003992,C[C@@H]([C@@H]1CCCCN1C(=O)c2cc(=O)[nH]c(n2)[O-])[NH3+]
dude_mk01__L003993,c1cc(sc1)CCNC(=O)NNC(=O)c2ccc(s2)c3ccc(cc3)F
dude_mk01__L003994,c1ccc(cc1)Oc2ccc(c(c2)[C@@](c3[nH]c4ccccc4n3)(C(F)(F)F)O)O
dude_mk01__L003995,Cc1cc(n(n1)c2cccc(c2)Br)NC(=O)[C@H]3CCC=CC3
dude_mk01__L003996,c1cc(c(cc1C[C@@H]2C(=O)NC(=O)N2)O)O
dude_mk01__L003997,Cc1cc(cc(c1Oc2c(nccn2)/C(=N/O)/N)C)Cl
dude_mk01__L003998,CCOc1cc(ccc1O)[C@H]2C(=C(NC(=O)N2)C)C(=O)c3ccccc3
dude_mk01__L003999,COc1cc(ccc1O)/C=N\NC(=O)c2ccc(cc2)NC(=O)Nc3cccc(c3)C(F)(F)F
dude_mk01__L004000,c1cc(ccc1OC[C@@H](CNc2c(nccn2)N)O)I
dude_mk01__L004001,C[C@H](C(=O)Nc1ccc(cc1)S(=O)(=O)N)Nc2ccc(c(c2)F)Cl
dude_mk01__L004002,CCN(CC)c1ccc(cc1)[C@@H]2[C@@H]([C@@](NC(=S)N2)(C(F)(F)F)O)C(=O)c3cccs3
dude_mk01__L004003,CCCN(CCC)S(=O)(=O)c1ccc(cc1)C(=O)/N=c\2/n(c3ccc(cc3s2)OC)CCOCC
dude_mk01__L004004,Cc1ccc(o1)c2nc(c(s2)C(=O)NNC(=S)N[C@H]3CCCC[C@H]3C)C
dude_mk01__L004005,Cc1cc(cc(c1)Oc2c(c(ncn2)Nc3ccc(cn3)Br)N)C
dude_mk01__L004006,CC(C)(C)c1c(c(n(n1)c2cc(ccc2F)F)N)NC(=O)NCc3ccccn3
dude_mk01__L004007,CC1=C(C(=N[C@H]1C(=O)NN)C)/C=C/C(=O)[O-]
dude_mk01__L004008,c1ccc(c(c1)COc2ccc(cc2)[C@@H]3c4ccc(cc4OC(=C3C#N)N)O)Cl
dude_mk01__L004009,Cc1ccc(cc1C)N(C[C@H]([C@H]([C@@H](CO)O)O)O)/N=N/c2ccc(cc2)Br
dude_mk01__L004010,CC(C)(C)[C@H]1CCc2c(sc(c2C(=O)N)NC(=S)NC(=O)COc3ccccc3)C1
dude_mk01__L004011,Cc1cc(ccc1S(=O)(=O)Nc2ccc3c(c2)C(C(=O)N3)(C)C)F
dude_mk01__L004012,c1cc(c(cc1Br)/C=N/NC(=O)CCC(=O)N/N=C\c2cc(ccc2O)Br)O
dude_mk01__L004013,c1cc(ccc1CC[NH2+]Cc2ccc(cc2)Br)S(=O)(=O)N
dude_mk01__L004014,c1cc(c(cc1O)[N+](=O)[O-])NC(=O)c2ccc(s2)Br
dude_mk01__L004015,CC1=C([C@H](NC(=S)N1)c2ccc(cc2)O)C(=O)N/N=C/c3ccccc3OC
dude_mk01__L004016,Cc1c(sc2c1c(=O)n(cn2)Cc3ncc(o3)c4ccc(cc4)Cl)C
dude_mk01__L004017,COc1ccc2ccc(cc2c1)S(=O)(=O)N[C@H]3CCN(C3=O)Cc4ccnc(c4)C(=[NH2+])N
dude_mk01__L004018,CC(C)(CNC(=O)Nc1ccccc1SCC(=O)N)c2ccc(cc2)Cl
dude_mk01__L004019,C[C@H](c1[n-]nnn1)Nc2c(cc(cn2)Br)N
dude_mk01__L004020,Cc1c(ccc2c1N[C@H]([C@@H]3[C@@H]2C=CC3)c4ccc(c(c4)OC)O)[N+](=O)[O-]
dude_mk01__L004021,Cc1ccc(cc1)[C@H]2C(=C(NC(=S)N2)C)C(=O)Nc3cc(ccc3OC)OC
dude_mk01__L004022,CCCOc1ccc(cc1)[C@@H]2CC3=C([C@@H](Nc4ccccc4N3)c5cccc(c5)O)C(=O)C2
dude_mk01__L004023,c1cc(ccc1C(=O)Nc2ccc(cc2)S(=O)(=O)N)NS(=O)(=O)c3cc(sc3Cl)Cl
dude_mk01__L004024,CC(C)(C)CC(C)(C)NC(=O)[C@H](c1c(cc(cc1O)O)O)N(Cc2ccco2)C(=O)CCS
dude_mk01__L004025,CCCC(=O)Nc1ccc(cc1)C(=O)NNC(=S)NC(=O)c2cc(ccc2OC(C)C)Br
dude_mk01__L004026,CCOc1cc(cc(c1O)Cl)/C=N/NC(=O)C(=O)N/N=C\c2cc(c(c(c2)Cl)O)OCC
dude_mk01__L004027,CC(C)[C@H](C(=O)NCc1cccs1)NS(=O)(=O)c2ccc3c(c2)CCCC(=O)N3
dude_mk01__L004028,Cc1cccc2c1C(=O)NC3(N2)CCN(CC3)S(=O)(=O)c4ccccc4
dude_mk01__L004029,Cc1ccc(c(c1)N2[C@H](NN=C2SCc3cccc(c3)C(F)(F)F)Cc4cc(=O)[nH]c(=O)[nH]4)C
dude_mk01__L004030,c1cc(c(cc1Cl)Cl)NC(=S)NNC(=O)[C@@H]2Cc3cc(ccc3O2)Cl
dude_mk01__L004031,Cc1ccc(cc1)SCc2cc(=O)nc([nH]2)/N=C(\N)/Nc3ccccc3c4ccccc4
dude_mk01__L004032,Cc1c(c(n2c3ccccc3nc2c1C#N)Nc4ccc(cc4)C(=O)N)CC=C
dude_mk01__L004033,c1cc(c(c(c1)F)S(=O)(=O)[N-]c2nncs2)N
dude_mk01__L004034,c1c(c(cc(c1N)F)F)C(=O)N(CCO)CCO
dude_mk01__L004035,c1ccc(c(c1)CNC(=O)Nc2cccc(c2)NC(=O)C3CC3)OC4CCCC4
dude_mk01__L004036,CCC[NH+]1CCC2(CC1)C(=C(NC(=C2C#N)[S-])N)C#N
dude_mk01__L004037,c1cc(c(cc1NC(=O)C(=O)NC2CCCCCCC2)[N+](=O)[O-])Cl
dude_mk01__L004038,COc1ccccc1N(CCC(=O)N)C(=O)CSc2nc(c3c4c(sc3n2)CCCC4)N
dude_mk01__L004039,Cc1cccc(c1C)N2CCN(CC2)[C@H]3C(=[NH+]C(=N3)C)N
dude_mk01__L004040,C[C@@H](C(=O)Nc1ccc(cc1)SC)Nc2ccc(cc2)NC(=O)NC3CC3
dude_mk01__L004041,Cc1cnc(nc1c2cc([nH]c2)C(=O)N[C@H](CO)c3cccc(c3)Cl)Nc4cccc(c4OC)OC
dude_mk01__L004042,CC/N=C\1/N(C(=O)/C(=C\c2ccc(cc2C)N3CCOCC3)/S1)CC
dude_mk01__L004043,CC(=O)NC(=S)Nc1ccc(cc1)NC(=S)NC(=O)c2cc(ccc2Cl)[N+](=O)[O-]
dude_mk01__L004044,CCN(CC)c1ccc(cc1)/C=N\NC(=O)c2c(n(nn2)c3c(non3)N)C[NH+]4CCCC[C@@H]4C
dude_mk01__L004045,C=C(COc1ccc(cc1Br)/C=C/C(=O)[O-])Br
dude_mk01__L004046,C[C@@H](C(=O)N/N=C/c1c2ccccc2ccc1OCc3ccccc3)Nc4c(=O)[nH]c(=O)[nH]n4
dude_mk01__L004047,CCS[C@@H]1[C@H]([C@H]([C@@H]([C@@H](O1)C(=O)[O-])O)O)O
dude_mk01__L004048,Cc1ccc2c(c1)sc(n2)Nc3c(c(ncn3)Oc4cc(cc(c4)C)C)N
dude_mk01__L004049,C[C@H]1CCCC[C@@H]1NC(=O)CSc2nnc(n2N)c3cccs3
dude_mk01__L004050,Cc1ccc(c(c1)CCNC(=O)Nc2ccccc2SCC(=O)N)OC
dude_mk01__L004051,c1c(cc([nH+]c1C(=O)[O-])C(=O)[O-])N
dude_mk01__L004052,CC1(CC2=C([C@@H](N(c3ccccc3N2)CC(=O)NC)c4cccs4)C(=O)C1)C
dude_mk01__L004053,Cc1ccc(cc1NC(=O)N[C@@H](C)c2ccc(cc2)NC(=O)C3CC3)NC(=O)C
dude_mk01__L004054,CC(C)Cn1ccc2c1ccc(c2)NC(=O)CCNc3ccc(cc3[N+](=O)[O-])S(=O)(=O)N
dude_mk01__L004055,COc1cccc(c1O)/C=N/Nc2nnc(n2N)SCc3cccc(c3)Br
dude_mk01__L004056,c1cc(ccc1C(=O)NNC(=S)NC(=O)c2ccc(cc2)F)NC(=O)C3CCCCC3
dude_mk01__L004057,c1ccc(c(c1)CCNC(=O)NNc2ccc(nn2)n3cccn3)C(F)(F)F
dude_mk01__L004058,CCCC[C@@H](CC)CN1C(=O)/C(=C/c2c(c(c(=O)n(c2N3CC[NH+](CC3)CC)CC)C#N)C)/SC1=S
dude_mk01__L004059,C[C@H](C(=O)Nc1c(c2c(s1)CCC2)C(=O)N)Sc3nnc(n3CC(C)C)N4CCOCC4
dude_mk01__L004060,C1CCC(CC1)C[C@H]2CCCN2C(=O)C3CCN(CC3)C(=O)N
dude_mk01__L004061,CCC(C)(C)n1c(nnn1)[C@@H](c2cc3cccc(c3[nH]c2=O)C)[NH+](CCc4ccccc4)Cc5ccccc5
dude_mk01__L004062,c1ccc(cc1)Nc2ccc(cc2)NC(=O)c3ccccc3NC(=S)NC(=O)/C=C/c4cccs4
dude_mk01__L004063,COc1ccc(cc1)S(=O)(=O)c2c3c(nc4ccccc4n3)n(c2N)/N=C/c5ccc(c(c5)O)O
dude_mk01__L004064,CN(C)/C=N/c1nnc(s1)Sc2ccnc3c2ccc(c3)Cl
dude_mk01__L004065,CCOC(=O)c1c2c(sc1NC(=O)c3cc(c(cc3Cl)Cl)S(=O)(=O)N)C[C@@H](CC2)C
dude_mk01__L004066,Cc1c2c(n[nH]1)OC(=C([C@H]2C3=C/C(=[N+](/O)\[O-])/C(=O)C(=C3)OC)C#N)N
dude_mk01__L004067,CCc1ccc2=[NH+]C(=O)[C@@H](C=c2c1)[C@H]([C@@H]3N=NNN3C(C)(C)C)N(CCc4ccccc4)Cc5cccs5
dude_mk01__L004068,C[C@@H]1CCC[C@H](C1)NC(=O)N2C[C@@H](C[C@H]2C(=O)[O-])O
dude_mk01__L004069,Cc1ccc(cc1)NC(=O)Cc2[nH]c(=O)c3c(c(sc3n2)C)c4ccccc4
dude_mk01__L004070,C=CCc1cccc(c1O)/C=N/Nc2[nH]nc(n2)SCCC(=O)Nc3ccc(cc3)Cl
dude_mk01__L004071,c1c(c(cc2c1OCC(=O)N2)NCC3CCCC3)N
dude_mk01__L004072,CC1(CC[C@@H]([C@@]2([C@@H]1C[C@H]([C@]34[C@H]2CC[C@H]([C@H]3O)C(=C)C4=O)O)CO)O)C
dude_mk01__L004073,Cc1c(sc(c1C(=O)N)NC(=S)NC(=O)c2ccccc2OCCOc3ccccc3)C
dude_mk01__L004074,c1ccc(cc1)NC(=O)Nc2ccc(cc2)NC(=O)[C@@H]3Cc4ccccc4S3
dude_mk01__L004075,CCOc1ccc(c(c1)NC(=O)CSc2nnc3n2cnc4c3c(cs4)c5ccc(cc5)C)OCC
dude_mk01__L004076,Cc1ccc(cc1)S(=O)(=O)N/N=C/c2cccc(c2O)O
dude_mk01__L004077,Cc1ccc(cc1)NC(=S)NNC(=O)[C@H]2CCCN2S(=O)(=O)c3ccc4c(c3)OCCO4
dude_mk01__L004078,Cc1cc(cc(c1)Oc2c(c(ncn2)NNC(=O)c3ccc(cc3)Br)N)C
dude_mk01__L004079,c1c(c(cc(c1n2cc(cn2)Br)F)N)C(=O)N
dude_mk01__L004080,COc1ccc(cc1)NC(=O)N[C@H]2CO[C@H]3[C@@H]2OC[C@@H]3n4c(nnn4)Oc5ccc(cc5)n6cncn6
dude_mk01__L004081,C[C@@H](C(=O)Nc1cccc(c1Cl)Cl)Sc2nnc(n2N)C(F)(F)F
dude_mk01__L004082,CC(C)c1ccccc1NC(=S)NNC(=O)c2ccc(s2)CNC(=O)C
dude_mk01__L004083,C[C@@H]1CCC[C@H](C1)O[C@@](C)(c2ccc(cc2)Br)C(=O)[O-]
dude_mk01__L004084,c1ccc2c(c1)[C@@]3(C(=C(N4c5ccccc5SC4=C3C#N)N)C#N)C(=O)N2Cc6ccc(cc6)Cl
dude_mk01__L004085,CC[C@@H]1CO[C@H](CN1c2ccc(cc2Cl)/C(=N/O)/N)C
dude_mk01__L004086,CCc1ccc(cc1)n2c(=O)c3ccccc3nc2[C@H](CC)N(CC[NH+](C)C)C(=O)c4ccc5c(c4)OCO5
dude_mk01__L004087,CC1(CC(CC(N1O)(C)C)(C(=O)[O-])NC(=O)C(F)(F)F)C
dude_mk01__L004088,c1ccc(cc1)N2[C@@H](NN[C@@H]2SCC(=O)Nc3ccc(cc3)[N+](=O)[O-])CCc4[nH]c5ccccc5n4
dude_mk01__L004089,c1cc(oc1)CNS(=O)(=O)c2ccc3c(c2)NC(=O)CC(=O)N3
dude_mk01__L004090,c1cc(ccc1CCCNC(=O)C2CCC3(CC2)C(=O)NC(=O)N3)Cl
dude_mk01__L004091,Cc1ccccc1NC(=O)[C@H]2[C@@H](Nn3c(ccc3S2)C)c4ccc(cc4)OC
dude_mk01__L004092,c1c(cc(c(c1[C@H]2N[C@H](CS2)C(=O)[O-])O)Cl)Cl
dude_mk01__L004093,c1ccc(c(c1)N([C@@H](c2c(cc(cc2O)O)O)C(=O)NC3CCCCC3)C(=O)c4ccco4)Cl
dude_mk01__L004094,c1cc(c(cc1C(F)(F)F)NC(=O)CSc2[nH]c(=O)cc(n2)N)N3CCCCC3
dude_mk01__L004095,C[C@H](COC)OC(=O)c1c2c(nc3ccccc3n2)n(c1N)c4ccc(cc4)S(=O)(=O)N
dude_mk01__L004096,CC[C@H](C(=O)NC1CCCC1)N(c2ccc(cc2)F)C(=O)c3c(c(ns3)C(=O)NC4CCCCC4)N
dude_mk01__L004097,Cc1ccc(cc1)[C@@H]2CC3=C([C@@H](CC(=O)N3)c4ccccc4OC)C(=O)C2
dude_mk01__L004098,Cc1ccc2cc(c(=O)[nH]c2c1)[C@H](c3nnnn3C4CCCC4)[NH+](CCc5ccccc5)Cc6cccs6
dude_mk01__L004099,CC(C)(C)NC(=O)[C@@H](c1c(cc(cc1O)O)O)N(C(=O)c2ccc(cc2)F)C(C)(C)C
dude_mk01__L004100,C[C@@H](C(=O)c1ccc(cc1)NC(=O)C(C)C)OC(=O)c2ccc(c(c2)N)Cl
dude_mk01__L004101,CC(C)(C)[C@@H](C(=O)[O-])NC(=O)N1CCC[C@@H](C1)[NH3+]
dude_mk01__L004102,c1cc(cc(c1)Cl)NS(=O)(=O)c2ccc(c(c2)NC(=O)c3ccc[nH]c3=S)O
dude_mk01__L004103,C[C@@]1(CCS(=O)(=O)C1)NNC(=O)NCc2cccnc2n3cccn3
dude_mk01__L004104,CCOC(=O)c1ccccc1NC(=O)c2c(c\3c(o2)CCC/C3=N\NC(=S)N)C
dude_mk01__L004105,Cc1ccc(cc1)N2[C@@H](N=C3C2=NC=NC3=O)SCc4ccccc4C
dude_mk01__L004106,CC(C)Oc1ccc(cc1C(=O)NC(=S)Nc2c(c3c(s2)CCCC3)C(=O)N)Br
dude_mk01__L004107,C1CN[C@H]([C@H]2C1=NCN2)C3=CC4=CC=N[C@@H]4C=C3
dude_mk01__L004108,Cc1ccc(c(c1)C)NC(=O)NC(=O)[C@H](C)Sc2nnc(n2N)C3CCCCC3
dude_mk01__L004109,CCOc1cccc2c1o/c(=[NH+]\c3ccc(cc3)S(=O)(=O)N)/c(c2)C(=O)Nc4cccc(c4)[N+](=O)[O-]
dude_mk01__L004110,Cc1cnc(nc1c2cc([nH]c2)C(=O)N[C@H](CO)c3cccc(c3)Cl)Nc4cccc5c4OCO5
dude_mk01__L004111,Cc1ccc(c2c1N[C@@H]([C@H]3[C@H]2C=CC3)c4ccc(c(c4)OC)O)[N+](=O)[O-]
dude_mk01__L004112,CCOCCn\1c2ccc(cc2s/c1=N\C(=O)[C@H]3CCCCN3S(=O)(=O)c4cccs4)OCC
dude_mk01__L004113,Cc1c(c(nc2c1c(c(s2)C(=O)N)N)C)CC(=O)c3ccc(cc3)Br
dude_mk01__L004114,Cc1ccc(c(c1)C)NC(=O)Nc2ccc(cc2)NC(=O)N3CCC[C@@H](C3)C(=O)NC4CC4
dude_mk01__L004115,COc1cccc(c1O)/C=N/NC(=O)CCCSc2nnc(n2N)c3ccccc3Br
dude_mk01__L004116,c1ccc(cc1)NC(=O)CCC(=O)NNC(=S)NC(=O)c2c(c3ccccc3s2)Cl
dude_mk01__L004117,c1cc(ccc1C2(C[C@@H]2C(=O)N/N=C/c3ccc(cc3O)O)c4ccc(cc4)Cl)Cl
dude_mk01__L004118,c1ccc2c(c1)N(C[C@@H](O2)C(=O)N)C(=O)c3c(ccs3)N
dude_mk01__L004119,c1cc(c(cc1C(F)(F)F)NC(=S)Nc2ccc3c(c2)[nH]c(=O)[nH]3)Cl
dude_mk01__L004120,c1ccc(cc1)CNS(=O)(=O)c2ccc3c(c2)[C@H]4C=CC[C@H]4[C@H](N3)c5cc(ccc5O)Br
dude_mk01__L004121,CC1=C([C@@H](NC(=O)N1)c2ccc(cc2)O)C(=O)N/N=C/c3ccc(cc3Cl)Cl
dude_mk01__L004122,c1cc(c(cc1Nc2[nH]c(=O)cc([nH+]2)[O-])C(=O)[O-])O
dude_mk01__L004123,Cc1cccc(c1)N(C)S(=O)(=O)c2cc(cnc2NN)Br
dude_mk01__L004124,CC1=C([C@H](NC(=O)N1)c2c(cccc2F)F)C(=O)OC(C)C
dude_mk01__L004125,c1ccc2c(c1)c(nc(n2)Cl)Sc3[nH]c(=O)cc(n3)N
dude_mk01__L004126,Cc1ccc(cc1)S(=O)(=O)Nc2ccc(cc2)NC(=O)Nc3ccc(cc3)Cl
dude_mk01__L004127,Cc1ccc(cc1C)C23C[C@H]4C[C@@H](C2)CC(C4)(C3)C(=O)OCC(=O)NC(=O)N
dude_mk01__L004128,Cn1cc(cc1C(=O)NNC(=O)NCC(=O)N(C)C)Br
dude_mk01__L004129,c1c2c(cc3c1OCO3)C(=O)N[C@H]4C2=C[C@@H]([C@H]([C@@H]4O)O)O
dude_mk01__L004130,c1ccc2c(c1)ccn2CC(=O)NNC(=O)C3CCC4(CC3)C(=O)NC(=O)N4
dude_mk01__L004131,CCCCn1c(c(c(=O)[nH]c1=O)N(CC)C(=O)c2cc(ccc2OC)Cl)N
dude_mk01__L004132,CC(C)CC(=O)N(c1ccccc1)[C@@H](c2c(cc(cc2O)O)O)C(=O)NC(C)(C)CC(C)(C)C
dude_mk01__L004133,CCOC(=O)C1=C(Nc2c(c(c(s2)C(=O)NC34CC5CC(C3)CC(C5)C4)N)[C@H]1c6cccs6)C
dude_mk01__L004134,COc1ccc(c(c1)N)N2C(=O)c3ccc(cc3C2=O)Oc4ccc(cc4)N
dude_mk01__L004135,C[C@@H]1CCc2c(sc3c2c(nc(n3)SCC(=O)Nc4ccccc4C(=O)NC5CC5)N)C1
dude_mk01__L004136,c1c2c([nH]c1Br)C(=O)NCCC2=O
dude_mk01__L004137,CCCCN1C(=O)C(=C([NH2+]C1=O)[O-])C2=C[C@H](Sc3ccccc3N2)c4cc(c(c(c4)OC)O)OC
dude_mk01__L004138,[H]/N=c\1/[nH]c(nc2n1nc(n2)c3ccco3)N4CC[NH+]5C[C@H](CC[C@H]5C4)CNCc6cccnc6
dude_mk01__L004139,[H]/N=C(\N)/N(C1=CC=CCN1O)C(=O)N
dude_mk01__L004140,COc1ccc(cc1)[C@@H](CNC(=O)CN2Cc3ccccc3C[C@H]2C(=O)N)C4=c5ccccc5=[NH+]C4
dude_mk01__L004141,c1ccc(c(c1)F)S(=O)(=O)N2CC[NH+](CC2)CC(=O)NCCc3ccc(cc3)S(=O)(=O)N
dude_mk01__L004142,C/C(=N\Nc1nnc(n1N)SCC(=O)Nc2ccc(c(c2)C(F)(F)F)Cl)/c3cccs3
dude_mk01__L004143,CCOc1cc(c(cc1OCC)Br)CSc2nc(cc(n2)N)N
dude_mk01__L004144,C[C@H](c1ccc(cc1)NC(=O)NC2CC2)NC(=O)N(C)[C@H](C)c3ccc(cc3)F
dude_mk01__L004145,CCN(CC)c1ccc(cc1)/C=N/Nc2nnc(n2N)SCC(=O)Nc3ccccc3SC
dude_mk01__L004146,c1ccc(c(c1)/C=N/NC(=O)CCCSc2nnc(n2N)c3ccccc3Br)O
dude_mk01__L004147,CC(C)(C)OC(=O)NC1(CCCCCC1)CNC(=O)NC2CCC(CC2)O
dude_mk01__L004148,C[C@]1(C(=O)N(C(=O)N1)CC(=O)c2ccc3c(c2)CCN3S(=O)(=O)C)c4cccc(c4)n5cnnn5
dude_mk01__L004149,c1cc(ccc1Sc2c(c(ncn2)NNC(=O)COc3ccc(cc3Cl)Cl)N)Cl
dude_mk01__L004150,CC(C)C[C@H]1[NH2+][C@H](N(N1)c2cc(ccc2F)F)c3cccc(=O)[nH]3
dude_mk01__L004151,CCOc1ccc(cc1)/C=N/Nc2nnc(n2N)SCC(=O)Nc3cccc(c3)Br
dude_mk01__L004152,c1cc(ccc1NC(=O)/C=C\2/CS[C@@H](N2)[C@@H]3C=CC=N3)S(=O)(=O)N
dude_mk01__L004153,CC[C@@H](c1nnnn1C2CCCC2)[NH+](CCc3ccccc3)Cc4cc5cc(c(cc5[nH]c4=O)C)C
dude_mk01__L004154,Cc1ccc(cc1)SCc2cc(=O)nc([nH]2)/N=C(\N)/Nc3cc(cc(c3)OC)OC
dude_mk01__L004155,CCOc1ccccc1NC(=O)C2=C(NC(=S)N[C@@H]2c3ccccc3)C
dude_mk01__L004156,Cc1ccc(c(c1)Cl)NC(=O)N2CCC[C@H](C2)C(=O)NC3CC3
dude_mk01__L004157,Cc1ccc(cc1)n2c(cc(=O)[nH]c2=O)NC(=O)CSC3=NC(=O)C(=O)N3
dude_mk01__L004158,CCOc1c(cc(cc1Br)/C=C(\C#N)/C(=O)[O-])Br
dude_mk01__L004159,c1cc(ccc1COc2ccc(cc2C=C3C(=O)NC(=O)NC3=O)Cl)Br
dude_mk01__L004160,CCOC(=O)C1=C(OC(=C([C@]12c3c(ccc(c3Br)C)NC2=O)C#N)N)c4ccccc4
dude_mk01__L004161,Cn1c(=O)[nH]nc1Sc2ccc(cc2C(=O)[O-])N
dude_mk01__L004162,C/C(=N\Nc1nnc(n1N)SCC(=O)Nc2cccc3c2cccc3)/c4ccc(cc4)Br
dude_mk01__L004163,c1cc2cccnc2c(c1)Oc3c(c(ncn3)NNC(=O)c4ccc(cc4)Br)N
dude_mk01__L004164,Cc1c\2c(oc1C(=O)Nc3ccc(cc3)OC)CC(C/C2=N\NC(=S)N)(C)C
dude_mk01__L004165,CC(=O)c1ccc(cc1)NC(=O)CSc2nc([nH]n2)N/N=C/c3cc(ccc3O)Br
dude_mk01__L004166,c1cc2c(cccc2S(=O)(=O)Nc3ccc(cc3)[N+](=O)[O-])c(c1)NC(=O)/C=C/c4cc(cc(c4)O)O
dude_mk01__L004167,C[NH+]1CCN(CC1)S(=O)(=O)c2ccc3c(c2)[C@H]4C=CC[C@@H]4[C@H](N3)c5ccc6ccccc6c5
dude_mk01__L004168,c1cc(c(cc1O[C@@H]2CCOC2=O)Cl)N
dude_mk01__L004169,Cc1[nH]c2c(c1/C=N/NC(=O)CCC(=O)N/N=C/c3c4c([nH]c3C)cccc4)cccc2
dude_mk01__L004170,Cc1ccccc1Nc2ncc(c(n2)c3cc([nH]c3)C(=O)N[C@H](CO)c4cccc(c4)Cl)C
dude_mk01__L004171,CC(C)(C)c1ccc(cc1)CCNC(=O)NCCn2c3ccccc3[nH]c2=O
dude_mk01__L004172,c1(c(o[nH]c1=O)[C@H](C(=O)[O-])N)Br
dude_mk01__L004173,c1cc(sc1)[C@H](c2ccc(cc2)F)NC(=O)CSc3nnc(n3N)COc4ccc(cc4)F
dude_mk01__L004174,COc1ccc(cc1)C(=O)COC(=O)[C@H](CC2=c3ccccc3=[NH+]C2)NC(=O)C45CC6CC(C4)CC(C6)C5
dude_mk01__L004175,c1cc(c(cc1F)Cl)COc2ccc(cc2/C=N/NC(=O)c3cc(cc(c3)O)O)Br
dude_mk01__L004176,CC[C@@H]1C2=C(CC(CC2=O)(C)C)Nc3ccccc3N1CC(=O)NCCc4c[nH]c5c4cccc5
dude_mk01__L004177,CC(C)[C@H](C(=O)OCC(=O)Nc1c(c2c(s1)CCC2)C(=O)N)NC(=O)c3ccc(cc3)C(C)(C)C
dude_mk01__L004178,c1ccc(cc1)C(c2ccccc2)(C(=O)N/N=C/c3ccc(c(c3)[N+](=O)[O-])O)O
dude_mk01__L004179,CC[C@@]1(CN(C(=O)N1CC2(CCN(CC2)S(=O)(=O)C(C)C)C3CCCCC3)S(=O)(=O)C(C)C)C
dude_mk01__L004180,CC(C)[C@H](C(=O)NNC(=S)NC1CCCC1)NC(=O)c2ccc(cc2)F
dude_mk01__L004181,Cc1cccn2c1nc(cc2=O)CSc3c(nc4ccccc4n3)C
dude_mk01__L004182,c1c(cnc2c1c(=O)n(c3c2N[C@H](CC3=O)Cl)[O-])O
dude_mk01__L004183,C1CC[C@H]([C@@H](C1)[NH+]2CCC[C@@H](C2)C(=O)[O-])O
dude_mk01__L004184,c1c(cnc(c1S(=O)(=O)[N-]c2cc(c(cc2F)F)F)Cl)Br
dude_mk01__L004185,c1ccc(cc1)NS(=O)(=O)c2ccc(cc2)NC(=O)CSc3nnc(n3N)C4CC4
dude_mk01__L004186,C/C(=C/C(=O)Nc1ccccc1)/NNC(=O)c2cc(ccc2O)Br
dude_mk01__L004187,CC(C)(C)c1c(=O)n(c(nn1)NNC(=O)c2ccc(cc2)CSc3nc4ccccc4s3)N
dude_mk01__L004188,C[C@@H](c1ccc(cc1Br)Br)Nc2cccc(c2)S(=O)(=O)N
dude_mk01__L004189,Cc1ccc2c(coc2c1C)CC(=O)NNC(=O)C34CC5CC(C3)CC(C5)C4
dude_mk01__L004190,c1ccc(cc1)[C@@H]2N(NC(=NN2c3ccccc3)c4ccc(cc4)N)c5ccccc5
dude_mk01__L004191,c1ccc(c(c1)CSc2nc(c3c(n2)OC(=C([C@H]3c4ccccc4F)C#N)N)N)Cl
dude_mk01__L004192,CSc1ccc(cc1)[C@@H]2[C@H]([C@@](NC(=O)N2)(C(F)(F)F)O)C(=O)c3ccc(cc3)Cl
dude_mk01__L004193,Cc1ccc(cc1)SCC(=O)NNC(=O)N[C@H](C)c2cc3ccccc3o2
dude_mk01__L004194,C[C@@]1(C[C@@]23C[C@H]([C@]4([C@@H](C[C@@H](C4(C)C)O)[C@]([C@@H]2CC[C@@H]1[C@H]3O)(C)O)O)O)O
dude_mk01__L004195,Cc1c(sc(c1C(=O)N)NC(=S)NC(=O)c2ccc(cc2)OC(C)C)C
dude_mk01__L004196,CC(C)CC(=O)N[C@H](C(C)C)C(=O)NC1CC([NH2+]C(C1)(C)C)(C)C
dude_mk01__L004197,Cc1cc(c(c(c1)O)c2c3c([nH]n2)C(=O)N([C@@H]3c4cccc(c4)O)CCCO)C
dude_mk01__L004198,CCOC(=O)c1c(csc1NC(=O)CN2CC[NH+](CC2)Cc3cc(ccc3OC)OC)c4ccc(o4)C
dude_mk01__L004199,CCOc1cc2c(cc1/C=C/C(=O)Nc3ccc(cc3)CNC(=O)N)O[C@H](C2)C
dude_mk01__L004200,c1ccc(c(c1)CC(=O)N)NC(=O)NCCc2cc(ccc2F)Br
dude_mk01__L004201,c1ccc(cc1)c2ccc([nH]2)CCC(=O)NNC(=O)NCCc3cccs3
dude_mk01__L004202,CC(C)(C#Cc1ccc(s1)C(=O)NCCCNC(=O)c2ccc(s2)C#CC(C)(C)O)O
dude_mk01__L004203,c1ccc(cc1)C(=O)[C@@H]2[C@H](NC(=S)N[C@@]2(C(F)(F)F)O)c3ccc(c(c3)[N+](=O)[O-])O
dude_mk01__L004204,Cc1ccc(cc1C)CSc2nnc(n2N)c3ccccn3
dude_mk01__L004205,c1cc(c(cc1N)C#N)[N-]S(=O)(=O)c2cc(cnc2)Br
dude_mk01__L004206,c1ccc(cc1)C[C@@H](C(=O)NCCSc2ccc(cc2)Br)NC(=O)N
dude_mk01__L004207,Cc1ccccc1CC(=O)N(Cc2ccco2)[C@H](c3c(cc(cc3O)O)O)C(=O)NC4CCCCC4
dude_mk01__L004208,c1cc(c(c2c1C3=C4C=C(C(=O)C=C4C[C@@]3(CO2)O)O)O)O
dude_mk01__L004209,C[C@H](C(=O)Nc1c(c2c(s1)CCC2)C(=O)N)Nc3ccc(cc3)Br
dude_mk01__L004210,c1ccc(c(c1)NC(=O)NCC2(CC2)c3ccc(cc3)Cl)SCC(=O)N
dude_mk01__L004211,Cc1c(n2ccsc2n1)CNc3cc(ccc3OC)Br
dude_mk01__L004212,Cc1c(sc(n1)N)C(=O)N2C[C@@H](CC[C@H]2C)C(=O)N
dude_mk01__L004213,CC[C@@]1(Cc2c(sc3c2c(nc(n3)SCC(=O)Nc4ccc(cc4)Br)N)CO1)C
dude_mk01__L004214,Cc1ccc2c(c1)S[C@@H](N2)NC(=O)[C@H]3CCCN(C3)S(=O)(=O)c4c[nH]cn4
dude_mk01__L004215,CCOC(=O)c1c(c2c(cccc2s1)F)CSc3nc(cc(n3)N)N
dude_mk01__L004216,C[C@H]1CC[C@@H](CN1C(=O)NC(=O)/C=C/C(=O)[O-])C(=O)N
dude_mk01__L004217,Cc1ccc(cc1C)Nc2nnc(s2)S[C@H](C(C)C)C(=O)NC(=O)N
dude_mk01__L004218,CCN(CC)c1ccc2c(c1)Oc3cc(ccc3C24c5cc(c(cc5C(=O)O4)N)N)N(CC)CC
dude_mk01__L004219,C=CCNS(=O)(=O)c1ccc2c(c1)[C@@H]3C=CC[C@H]3[C@H](N2)c4ccc(cc4O)O
dude_mk01__L004220,c1ccc(cc1)CNC(=O)c2cc(c[nH]2)c3c(cn[nH]3)c4cccc(c4)Cl
dude_mk01__L004221,c1c(cc(c(c1N)Br)S(=O)(=O)NCC(=O)NC2CC2)Cl
dude_mk01__L004222,c1ccc(c(c1)OCC(=O)NC(=S)NNC(=O)c2ccc(cc2)NC(=O)C3CCCCC3)Cl
dude_mk01__L004223,C=C1C=C(N2[C@H]([NH+]=C(N=C2N1)NCc3ccc(cc3)Cl)c4ccc(cc4)F)[O-]
dude_mk01__L004224,c1cc(oc1)/C=C\2/CCc3c2nc4c(c3c5ccco5)c(c(s4)C(=O)NC6CC6)N
dude_mk01__L004225,Cc1ccc(c(c1)C)NC(=O)C2=C(NC(=S)N[C@@H]2c3cc(ccc3OC)OC)C
dude_mk01__L004226,c1cc(ccc1NC(=O)N2CC[C@@H]3CCCC[C@@H]3C2)S(=O)(=O)N
dude_mk01__L004227,c1cc(cc(c1)C(F)(F)F)CSc2[nH]c(=O)c(c(n2)N)NC(=O)c3ccc(o3)Br
dude_mk01__L004228,CC1=C([C@H](NC(=S)N1)c2ccccc2OC)C(=O)N/N=C/c3ccccc3Cl
dude_mk01__L004229,CC(C)C[C@@H]1[C@H]2[C@@H](C(=O)N(C2=O)c3ccc(cc3)Cl)[C@]4([NH2+]1)C(=O)NC(=O)N=C4[O-]
dude_mk01__L004230,CN(c1ccc(cc1)OC[C@H](Cn2cc(c3c2cccc3)/C=N/NC(=O)N)O)C(=O)c4ccccc4
dude_mk01__L004231,c1c(c(nc(c1Cl)Cl)O[C@H]2[C@H]([C@H]([C@@H]([C@@H](O2)C(=O)[O-])O)O)O)Cl
dude_mk01__L004232,Cc1ccc(c(c1)c2cc(c3c(c(sc3n2)C(=O)N)N)c4ccc(c(c4)OC)OC)C
dude_mk01__L004233,Cc1c(sc2c1c(nc(n2)CSc3nnc(n3N)COc4ccc(cc4)C(C)C)N)C
dude_mk01__L004234,COc1cc(ccc1O)[C@@H]2[C@@H](c3cc(cc(c3O2)OC)/C=C/c4cc(cc(c4)O)O)CO
dude_mk01__L004235,CCC(=O)Nc1ccc(cc1)C(=O)NNC(=S)NC(=O)COc2ccc(c(c2)C)Br
dude_mk01__L004236,C[C@]1(C(=O)N(C(=O)N1)NC(=O)CSc2nnc(n2N)c3ccccc3OC)c4ccccc4
dude_mk01__L004237,Cc1ccc(o1)/C=C/C(=O)NC(=S)NNC(=O)c2ccc(cc2)NC(=O)C3CCCCC3
dude_mk01__L004238,CC1=C([C@@H](NC(=O)N1)c2ccc(cc2)C(F)(F)F)C(=O)Nc3ccc(cc3)OC
dude_mk01__L004239,C[C@@H]1CC[C@@H](CN1C(=O)CCl)C(=O)N
dude_mk01__L004240,C[C@@]12CC[C@H]3[C@@H]([C@@]1(CC[C@@H]2C4=CC(=O)OC4)O)CC[C@@]5([C@]3(CC[C@@H](C5)O)O)O
dude_mk01__L004241,Cc1c(sc2c1c(=O)[nH]c(n2)[C@@H](C)Sc3[nH]c4cc(c(cc4n3)F)F)C
dude_mk01__L004242,c1ccc(cc1)CCc2nnc(n2N)SCC(=O)N/N=C/c3cc(ccc3O)Br
dude_mk01__L004243,CCCC1CCC(CC1)NC(=O)C(=O)Nc2ccc3c(c2)CCC(=O)N3
dude_mk01__L004244,C[C@@]1(CCS(=O)(=O)C1)NC(=O)c2cc(c(c(c2)Cl)Cl)N
dude_mk01__L004245,Cc1ccc(cc1)NC(=O)Cn2c3c(sc2=O)[C@H]([C@H]4[C@H](S3)C(=O)N(C4=O)C(=O)N)c5ccccc5
dude_mk01__L004246,CN(C)S(=O)(=O)c1ccccc1S(=O)(=O)/N=C(/Nc2nc(cc(n2)F)N3CC[NH2+]CC3)\[O-]
dude_mk01__L004247,CCOc1cc(ccc1OCC#C)[C@@H]2c3ccc(cc3OC(=C2C#N)N)O
dude_mk01__L004248,CC1=C([C@H](NC(=S)N1)c2cc(c(cc2F)F)[N+](=O)[O-])C(=O)OC(C)C
dude_mk01__L004249,COc1ccc(cc1C(=O)NC2CCCCC2)S(=O)(=O)N
dude_mk01__L004250,Cc1ccc(cc1Cl)Nc2nnc(s2)S[C@H](C)C(=O)Nc3ccc(cc3)S(=O)(=O)N
dude_mk01__L004251,Cc1ccc(cc1)S(=O)(=O)N[C@H]2c3cccc4c3c(ccc4)[C@H]2Sc5nnc(s5)N
dude_mk01__L004252,CC(C)CCc1ccc(cc1)S(=O)(=O)Nc2ccc(cc2)CNC(=O)N
dude_mk01__L004253,CCC(=O)Nc1ccc(cc1)NC(=O)C(=O)NC23CC4CC(C2)CC(C4)C3
dude_mk01__L004254,CCCCn1c(c(c(=O)[nH]c1=O)N(C2CCCC2)C(=O)c3ccc(s3)c4ccc(cc4)F)N
dude_mk01__L004255,c1ccc(cc1)NC(=O)NC[C@@H]2CCCC[NH+]2CCC(=O)Nc3c(c4c(s3)CCCC4)C#N
dude_mk01__L004256,c1cc(cc(c1)S(=O)(=O)Nc2ccc(cc2F)Br)C#N
dude_mk01__L004257,c1ccc(cc1)[C@H](c2cccs2)NC(=O)Nc3ccc(cc3)S(=O)(=O)N
dude_mk01__L004258,Cc1c(sc(n1)N)SC2(CCSCC2)C(=O)[O-]
dude_mk01__L004259,c1ccc(c(c1)Cn2cc(ccc2=O)N)C(=O)[O-]
dude_mk01__L004260,c1ccc(cc1)CCOc2ccc(cc2)C(=O)NC(=S)NNC(=O)c3ccc(cc3)NC(=O)C4CC4
dude_mk01__L004261,CCCCNC(=O)N1Cc2c(n[nH]c2NC(=O)[C@@H](C)c3ccc4ccccc4c3)C1
dude_mk01__L004262,c1cc(sc1)[C@H](c2ccc(cc2)F)NCC(=O)Nc3ccc4c(c3)[nH]c(=O)[nH]4
dude_mk01__L004263,CCc1cc2c(cc(=O)oc2cc1O)CNc3ccc(cc3)NC(=O)C(C)C
dude_mk01__L004264,c1cc(ccc1Sc2c(n3ccsc3n2)C[C@H](CO)[NH3+])Cl
dude_mk01__L004265,CCOc1ccc(cc1)[C@@H]2NC(=NC(=[NH+]2)N)SCC(=O)N3c4ccccc4CCc5c3cccc5
dude_mk01__L004266,COc1ccc(cc1)Cn2c(=O)c(c([nH]c2=O)[O-])[C@@H]3c4c(c5cc(ccc5[nH]4)OC)CC[NH2+]3
dude_mk01__L004267,c1ccc(cc1)CS(=O)(=O)c2nnc(o2)C3CCN(CC3)S(=O)(=O)[C@@H]4CS(=O)(=O)C[C@@H]4O
dude_mk01__L004268,CC[C@@]1(C(=O)N(C(=O)N1)NC(=O)C[C@@H](C)NC(=O)c2ccccc2)c3ccccc3
dude_mk01__L004269,c1ccn(c1)c2cccc(c2)S(=O)(=O)N
dude_mk01__L004270,Cc1ccc(cc1)NC(=O)CSc2nnc(n2N)N/N=C/c3ccccc3OCc4ccccc4
dude_mk01__L004271,COc1ccc(cc1OC)n2c(=O)c3ccccc3nc2SCC(=O)Nc4c(ccs4)C(=O)N
dude_mk01__L004272,CCc1c(sc(n1)N)C(=O)N/N=C/c2cc(c(c(c2)Br)O)OC
dude_mk01__L004273,C[C@@H](CCc1[nH]c2ccc(cc2n1)Cc3ccc4c(c3)[nH]c(n4)CC[C@H](C)O)O
dude_mk01__L004274,c1cc(cc(c1)Cl)c2cn[nH]c2c3cc([nH]c3)C(=O)NCc4cccnc4
dude_mk01__L004275,c1cc(c(cc1Cl)Cl)C(=O)NNC(=S)NC(=O)COc2ccc(cc2Cl)Cl
dude_mk01__L004276,CC\1=NN(C(=O)/C1=C\c2ccc(cc2)N(C)C)c3nc4ccccc4s3
dude_mk01__L004277,CCOC1=C2Nc3ccccc3C[NH+]2[C@@H](C1)C(=O)N(c4ccccc4O)SC
dude_mk01__L004278,Cc1c(c(=O)[nH]c(=O)[nH]1)S(=O)(=O)N2CCC[C@@H](C2)C(=O)NC3CCC(CC3)C
dude_mk01__L004279,c1ccc(c(c1)NS(=O)(=O)c2ccc(c(c2)NC(=O)c3ccc(c(c3)[N+](=O)[O-])N4CCCC4)N)Cl
dude_mk01__L004280,c1ccc(c(c1)c2ccc(o2)[C@H]3[C@@H]([C@@](NC(=O)N3)(C(F)(F)F)O)C(=O)c4ccc(cc4)F)Cl
dude_mk01__L004281,Cc1ccc(c(c1)NC(=O)C2=C(NC(=O)N[C@@H]2c3ccc(c(c3)OC)O)C)C
dude_mk01__L004282,c1cc(cc(c1)S(=O)(=O)/N=C/2\CCCN2)NC(=O)COC(=O)c3ccc(cc3O)O
dude_mk01__L004283,C#Cc1cccc(c1)NC(=S)NNC(=O)c2cc3c(cc2[N+](=O)[O-])OCCO3
dude_mk01__L004284,Cc1cc(cc(c1)S(=O)(=O)NC2CCC(CC2)O)N
dude_mk01__L004285,c1ccc2c(c1)cccc2OCC(=O)Nc3ccc(cc3)S(=O)(=O)N
dude_mk01__L004286,CCCCC(=O)N(Cc1ccco1)[C@H](c2c(cc(cc2O)O)O)C(=O)NC(C)(C)C
dude_mk01__L004287,c1cc2cccnc2c(c1)Sc3c(c(ncn3)Nc4cccc5c4cccn5)N
dude_mk01__L004288,c1ccc(c(c1)c2ccc(c(c2I)c3ccccc3O)[C@@H](CC=O)NC=O)O
dude_mk01__L004289,CC(C)CNC(=O)c1cccc(c1)NCc2c3ccccc3ccc2OCC(=O)N
dude_mk01__L004290,[H]/N=C\1/[C@H]([C@H](C(=C(O1)C)C(=O)C)c2ccco2)C[NH3+]
dude_mk01__L004291,c1ccc(cc1)c2cc(c(s2)NC(=O)CSc3[nH]c(=O)c(c(n3)c4ccccc4)C#N)C(=O)N
dude_mk01__L004292,CC(C)NC(=O)O[C@@H]1CC[C@@]2([C@@H]([C@]1(C)CO)CC[C@H]([C@H]2CC(=O)NCc3ccccc3OC)O)C
dude_mk01__L004293,C[C@H]([C@H]1C[C@@H]([C@]2(N1)c3cc(ccc3NC2=O)Cl)C(=O)Nc4cc(ccc4OC)Cl)O
dude_mk01__L004294,C[C@@H](CN(C)c1cc2c(cc1N)OCC(=O)N2)O
dude_mk01__L004295,COc1ccc(cc1)n2c(nnn2)c3ccc(c(c3)N)Br
dude_mk01__L004296,CC[C@@H]1CCCCN1S(=O)(=O)c2ccc3c4c2cccc4C(=O)N3CC
dude_mk01__L004297,COCCS(=O)(=O)/N=c\1/[nH]c(cs1)c2ccc(c(c2)N)O
dude_mk01__L004298,c1cc(c(cc1Cl)Cl)OCC(=O)Nc2c(c3c(s2)CCC3)C(=O)NC(=O)N
dude_mk01__L004299,C/C=C/C=C/C(=O)Nc1c(cc(cc1)Cc2cc(c(cc2)NC(=O)/C=C/C=C/C)O)O
dude_mk01__L004300,CCOc1cc(ccc1OCc2ccc(o2)C(=O)OC)[C@@H]3NC(=[NH2+])Nc4n3c5ccccc5n4
dude_mk01__L004301,CCCn\1c2cc(c(cc2s/c1=N\C(=O)c3ccc(cc3)S(=O)(=O)N4CCCC[C@@H]4CC)OC)OC
dude_mk01__L004302,C[C@@H]1CCC[C@@H]([C@@H]1C)NC(=C2C(=O)NC(=S)NC2=O)C
dude_mk01__L004303,c1cc(ccc1C(=O)CSc2nnc(n2N)N/N=C/c3cc(ccc3O)Cl)Br
dude_mk01__L004304,C(C(=O)N=c1[nH]c2c([nH]1)NON2)Cl
dude_mk01__L004305,C[C@H]1CCCC[C@@H]1NC(=O)NC2(CCCCC2)C(=O)[O-]
dude_mk01__L004306,C[C@H]1CCCC[C@H]1NC(=O)c2cc3c([nH]c2=O)CC(CC3=O)(C)C
dude_mk01__L004307,C[C@@H](c1ccc(cc1)NC(=O)N)NC(=O)COc2ccc(cc2)Br
dude_mk01__L004308,CCc1ccc(cc1)/N=C\2/NC(=O)/C(=C/c3cc(ccc3OCC(=O)N)Br)/S2
dude_mk01__L004309,CC1([C@@](CC[C@]1(C(=O)[O-])[NH3+])(C)C(=O)[O-])C
dude_mk01__L004310,CC1=CC(N(c2c1cccc2)CC(=O)c3ccc(cc3)[N+](=O)[O-])(C)C
dude_mk01__L004311,CC[C@@H]1CCCC[C@H]1NC(=O)N2C[C@@H](C[C@@H]2C(=O)[O-])O
dude_mk01__L004312,CC[C@@H](C)[C@H](C(=O)NCc1ccc(cc1)CN2CCc3c2cccc3)NC(=O)N
dude_mk01__L004313,c1ccc2cc(ccc2c1)CC(=O)NN/C=C/3\c4ccccc4C(=O)NC3=O
dude_mk01__L004314,CCOc1cc(ccc1O)[C@H](c2ccc3cccnc3c2O)Nc4cccc[nH+]4
dude_mk01__L004315,c1cc(c(cc1C(=O)N)[N+](=O)[O-])COC(=O)C[C@H]2C(=O)Nc3cc(ccc3S2)C(F)(F)F
dude_mk01__L004316,C[C@]1(C(=O)N(C(=O)N1)NC(=O)c2cc(ccc2N3CCCC3)S(=O)(=O)N(C)C)c4ccccc4
dude_mk01__L004317,Cc1ccc(cc1C)c2c(n3cc(ccc3n2)N)C[NH+]4CCC(CC4)C(=O)[O-]
dude_mk01__L004318,CC(C)(C)N([C@@H](c1c(cc(cc1O)O)O)C(=O)NC2CCCCC2)C(=O)Cc3cccc(c3Cl)Cl
dude_mk01__L004319,c1ccc(c(c1)C(F)(F)F)N2C(=O)C[C@H](C2=O)Nc3cccc(c3)F
dude_mk01__L004320,c1c(c(cc2c1OCCO2)N3CCSCC3)N
dude_mk01__L004321,CC(C)(C)[C@H]1CCc2c(sc(c2C(=O)N)NC(=S)NC(=O)c3cc(c(c(c3)OC)OC)OC)C1
dude_mk01__L004322,c1cc(ccc1C(=O)OCC(=O)Nc2c(cc(cc2Cl)Cl)Cl)NC(=O)N
dude_mk01__L004323,c1cc(ccc1[C@H]2c3ccc(cc3OC(=C2C#N)N)N)O
dude_mk01__L004324,CCOc1cc(ccc1O)c2cc(nc(c2C#N)N)c3ccc(c(c3)Cl)Cl
dude_mk01__L004325,c1ccc(cc1)/C=C(\CCO)/C(=O)NNCC(=O)Nc2nc3c(s2)CCCCCCCCCC3
dude_mk01__L004326,CC1=C([C@@H](NC(=S)N1)c2cc(ccc2OC)OC)C(=O)Nc3ccc(cc3)Br
dude_mk01__L004327,c1ccc(c(c1)NC(=O)N[C@@H]2CCC[C@@H](C2)C(F)(F)F)SCC(=O)N
dude_mk01__L004328,CSc1cc(ccc1NC(=O)Nc2ccc(c(c2)C(F)(F)F)Cl)Oc3ccnc4c3[nH]c(=O)[nH]4
dude_mk01__L004329,c1ccc(c(c1)[C@H]2c3ccc(cc3OC(=C2C#N)N)O)OCc4ccc(cc4)Cl
dude_mk01__L004330,CCOc1cc(ccc1O)[C@H]2C(=C(NC(=S)N2)C)C(=O)Nc3ccc(cc3)C
dude_mk01__L004331,c1cc(c(cc1NC(=O)Nc2ccc(cc2F)Oc3ccnc4c3[nH]c(=O)[nH]4)C(F)(F)F)Cl
dude_mk01__L004332,c1cc(c(cc1N)CSc2nnc3n2CCCCC3)O
dude_mk01__L004333,C[C@]12CC[C@@H]3c4ccc(cc4CC[C@H]3[C@@H]1C[C@H]([C@@H]2O)O)OS(=O)(=O)[O-]
dude_mk01__L004334,C1C[C@H](N(C1)C(=O)N2C[C@H](C[C@H]2C(=O)[O-])O)CO
dude_mk01__L004335,CCc1c(sc(n1)N)C(=O)N/N=C\c2cc(c(c(c2)Br)O)OCC
dude_mk01__L004336,Cc1cc(nc([nH+]1)NC2CCCCC2)Nc3ccc(cc3)NS(=O)(=O)c4ccc5c(c4)OCCO5
dude_mk01__L004337,CCOc1ccc(cc1)c2nnc3n2N=C(CS3)c4ccc(cc4O)O
dude_mk01__L004338,Cc1c(nnc(c1/C(=N/O)/N)[O-])C
dude_mk01__L004339,C[C@H](c1ccc(cc1)NC(=O)NC2CC2)NC(=O)Nc3ccccc3COC
dude_mk01__L004340,C[C@@H]1CCCC[C@H]1NS(=O)(=O)c2c(cc(cc2Cl)Cl)N
dude_mk01__L004341,c1cc(ccc1Nc2c(c(ncn2)Nc3ccc4c(c3)OCO4)N)OC(F)(F)F
dude_mk01__L004342,Cc1ccc(o1)/C=N/Nc2[nH]nc(n2)SCCC(=O)Nc3ccc(cc3)Cl
dude_mk01__L004343,c1cc2ccc(c(c2nc1)O)[C@H](c3ccc(cc3)F)Nc4ccc(cc4)S(=O)(=O)N
dude_mk01__L004344,c1c(cc(c(c1Br)OCCCC(=[NH2+])N)Br)[N+](=O)[O-]
dude_mk01__L004345,COc1cc(ccc1O)[C@H]2[C@@H]([C@@](NC(=O)N2)(C(F)(F)F)O)C(=O)c3ccccc3
dude_mk01__L004346,Cc1ccc(cc1)[C@@H](CNC(=O)NNc2ccc(cc2)F)N3CCOCC3
dude_mk01__L004347,CC1=C([C@H](NC(=S)N1)c2ccccc2O)C(=O)N/N=C/c3ccccc3Cl
dude_mk01__L004348,c1cc(ccc1CNC(=O)NCC(=O)N[C@@H]2CCC[C@H](C2)C(F)(F)F)Cl
dude_mk01__L004349,CC[C@H](C)NC(=O)c1cccc2c1N[C@@H]([C@@H]3[C@H]2C=CC3)c4ccc(cc4O)O
dude_mk01__L004350,c1c2c(cc(c1NC(=O)CC(=O)[O-])Br)[nH]c(=O)[nH]2
dude_mk01__L004351,CCc1ccc2c(c1)cc(c(=O)[nH]2)[C@@H](c3nnnn3C(C)(C)CC)[NH+](Cc4ccccc4)Cc5ccco5
dude_mk01__L004352,CCCOc1ccccc1C(=O)Nc2c(c3c(s2)CCCC3)C(=O)N
dude_mk01__L004353,c1cc2c(cc1Br)c(c[nH]2)O[C@H]3[C@@H]([C@@H]([C@@H]([C@@H](O3)C(=O)[O-])O)O)O
dude_mk01__L004354,c1cc(cc(c1)[C@@H]2[C@H]([C@@](NC(=S)N2)(C(F)(F)F)O)C(=O)c3ccco3)C#N
dude_mk01__L004355,Cc1cccc(c1)N2C3=C(C(=O)CC(C3)(C)C)[C@@]4(c5ccccc5N(C4=O)C)C(=C2N)C#N
dude_mk01__L004356,c1cc(c(cc1CSc2nnc(n2N)N/N=C/c3cc(ccc3O)Cl)Cl)Cl
dude_mk01__L004357,c1cc2c(cc1O[C@@H](C[NH3+])c3cc(cs3)Br)CCC(=O)N2
dude_mk01__L004358,c1cc(c(cc1/C=C/C(=O)Nc2cc(ccc2N3CCCC3)C(=O)N)Cl)Cl
dude_mk01__L004359,CC(C)/C(=C\C(=O)[O-])/c1ccc2c(c1)[nH]c(=O)[nH]2
dude_mk01__L004360,c1ccc2c(c1)nc(s2)Nc3c(c(ncn3)Sc4cccc5c4nccc5)N
dude_mk01__L004361,C[C@H](c1ccccc1)S[C@@H]2NN[C@@H](N2c3cccc(c3)OC)Cc4cc(=O)[nH]c(=O)[nH]4
dude_mk01__L004362,c1c(c(cc2c1OCC(=O)N2)N3CCC[C@H]3CO)N
dude_mk01__L004363,CCN(c1ccccc1O)C(=O)[C@@H]2CC(=C3[NH+]2Cc4ccccc4N3)S(=O)(=O)c5ccccc5
dude_mk01__L004364,c1ccc(cc1)c2nnc(n2N)SCC(=O)N/N=C/c3cc(ccc3O)Br
dude_mk01__L004365,CC1=C([C@@H](NC(=S)N1)c2ccccc2Cl)C(=O)N/N=C/c3ccc(cc3)N(C)C
dude_mk01__L004366,CCn1c(=O)c(c(n(c1=O)Cc2ccccc2)N)C(=O)COC(=O)c3ccc(cc3O)O
dude_mk01__L004367,CCCN1C(=O)/C(=C/c2ccc3c(c2)CC4([C@H]5N3CC[NH+](C5)C)C(=O)N(C(=O)N(C4=O)C)C)/C(=NC1=O)[O-]
dude_mk01__L004368,c1cc(cc(c1)I)C(=O)OCC(=O)Nc2ccc(cc2)S(=O)(=O)N
dude_mk01__L004369,Cc1ccsc1C(=O)NNC(=O)c2ccc3c(c2)nc(=S)[nH]c3[O-]
dude_mk01__L004370,CCn1c(nnc1SCC(=O)N/N=C/c2ccc(c(c2)O)O)c3ccc(cc3)C
dude_mk01__L004371,c1ccc(c(c1)c2ncc(s2)C(=O)NNC(=S)NC3CCCCC3)F
dude_mk01__L004372,c1ccc(c(c1)CC(=O)NNC(=O)N[C@H](c2cccs2)C3CCCC3)F
dude_mk01__L004373,c1ccc(c(c1)C(=O)NC(=S)Nc2c(c3c(s2)CCC3)C(=O)N)Br
dude_mk01__L004374,Cc1cc(ccc1N2CCCC2=O)N[C@@H](C)C(=O)c3c(n(c(=O)n(c3=O)C)C)N
dude_mk01__L004375,Cc1ccc(cc1)C(=O)N(CCCOC)CC(=O)N2CCc3c(ccs3)[C@@H]2COc4ccccc4OC
dude_mk01__L004376,C[C@@H]1CN/C(=[NH+]\C(=O)Cn2c(nnc2[S-])c3ccc(cc3)Cl)/S1
dude_mk01__L004377,CCOc1cc(ccc1O)/C=N/NC(=O)CCCSc2nnc(n2N)c3ccccc3Br
dude_mk01__L004378,Cc1cc(ccc1n2cc(cn2)Br)/C(=N/O)/N
dude_mk01__L004379,C/C(=C\C(=O)Nc1ccc(cc1)N(C)C)/NNC(=O)c2ccc(cc2)Cl
dude_mk01__L004380,c1ccc(c(c1)/C=N/Nc2[nH]nc(n2)SCC(=O)NC3C4CC5CC(C4)CC3C5)O
dude_mk01__L004381,c1cc(c(cc1Br)NC(=O)[C@@H]2CCC[NH2+]C2)C(=O)[O-]
dude_mk01__L004382,C1[C@H]2[C@@H]([C@H]2[C@@]([C@@H]1F)(C(=O)[O-])[NH3+])C(=O)[O-]
dude_mk01__L004383,Cc1ccc(c(c1)N2[C@H](NN=C2SCC(=O)Nc3ccc(cc3)Cl)Cc4cc(=O)[nH]c(=O)[nH]4)C
dude_mk01__L004384,CCOC(=O)C1=C(NC(=O)N[C@H]1c2ccc(cc2)Cl)C[NH2+]C3CCCCC3
dude_mk01__L004385,c1cc(ccc1C#N)C(=O)NNC(=O)c2cc(cc(c2N)[N+](=O)[O-])F
dude_mk01__L004386,CC[C@H]1CCCCN1S(=O)(=O)c2ccc(cc2)C(=O)/N=c\3/n(c4ccccc4s3)CC(=O)OCC
dude_mk01__L004387,c1ccc2cc(ccc2c1)c3c(c4ccccc4[nH]3)[C@H]5c6ccccc6C(=O)N5CC(=O)N
dude_mk01__L004388,c1ccc2c(c1)[nH]c(n2)CC(Cc3[nH]c4ccccc4n3)(c5[nH]c6ccccc6n5)O
dude_mk01__L004389,c1cc(ccc1[C@@H]2[C@@H]3CC=C[C@@H]3c4cc(ccc4N2)S(=O)(=O)N)O
dude_mk01__L004390,CC(=O)Nc1cccc(c1)Nc2nnc(s2)SCc3nc(c4c5c(sc4n3)CCCCC5)N
dude_mk01__L004391,CC[C@H](C)N1[C@H](C(=C(NC1=O)[O-])[C@@H]2[C@@H]3C(=c4ccccc4=[NH+]3)CCN2)O
dude_mk01__L004392,c1ccc2c(c1)OC[C@@H](O2)C(=O)N/N=C/c3cc(cc(c3O)Br)Br
dude_mk01__L004393,c1cc(c(cc1NS(=O)(=O)N)N)O
dude_mk01__L004394,CCC(=O)N(c1ccccc1Cl)[C@H](c2c(cc(cc2O)O)O)C(=O)NC(C)(C)C
dude_mk01__L004395,COc1ccccc1Nc2[nH]c(=O)c3c(n2)NC(=O)C[C@@H]3C(=O)Nc4ccccc4Sc5ccccc5
dude_mk01__L004396,Cc1ccc(c(c1)C)NC(=O)[C@@H]2[C@@H]([C@@H]([C@@](CC2=O)(C)O)C(=O)Nc3ccc(cc3C)C)c4cccc(c4)O
dude_mk01__L004397,Cc1ccc(cc1)c2c3c(cn2C(CO)(CO)CO)n(c(=O)n(c3=O)C)C
dude_mk01__L004398,c1cc2nnc(n2cc1N)Br
dude_mk01__L004399,COc1ccc(cc1)C(=O)NC(=S)Nc2c(c3c(s2)CCCCC3)C(=O)N
dude_mk01__L004400,COc1cc2c(cc1OC)[nH]c(=S)n(c2=O)Cc3ccc(cc3)S(=O)(=O)N
dude_mk01__L004401,CC1([C@@H](C[C@@H]1C(=O)NC(=S)Nc2ccccc2OC)CC(=O)NC(=S)Nc3ccccc3OC)C
dude_mk01__L004402,C[C@@H](c1[n-]nnn1)Nc2c(cc(cc2F)N)F
dude_mk01__L004403,c1ccc(cc1)C2=C[C@H](N=N2)[C@H]3Nn4c(nnc4S3)c5ccccc5O
dude_mk01__L004404,c1cc(sc1)[C@@H](Cn2cnc3c4c(sc3c2=O)SCC(=O)N4)[NH+]5CCCCC5
dude_mk01__L004405,CC[NH2+][C@H](c1cccs1)c2cc3c(cc2Br)[nH]c(=O)[nH]3
dude_mk01__L004406,COc1ccc(cc1C(=O)NC(=S)Nc2ccc(c(c2)c3nc4ccccc4s3)O)Br
dude_mk01__L004407,C[C@@H](C(=O)NC12CC3CC(C1)CC(C3)C2)NC(=O)N
dude_mk01__L004408,Cc1ccc(cc1)CNC(=O)[C@H](C)Sc2nnc(n2N)c3cccs3
dude_mk01__L004409,Cc1c(n(nn1)c2c(non2)N)C(=O)N/N=C/c3cc(cc(c3O)Br)Br
dude_mk01__L004410,Cc1c(sc2c1c(=O)[nH]c(n2)[C@H](C)Sc3[nH]c4ccc(cc4n3)Cl)C
dude_mk01__L004411,c1ccc2c(c1)cccc2C(=O)NNc3c(c(ncn3)Oc4ccc(c5c4nccc5)Br)N
dude_mk01__L004412,C1=CC(=CC2=CC=N[C@@H]21)/C=C(\C#N)/C(=O)N
dude_mk01__L004413,c1cc(sc1)[C@H]2[C@@H](C(=NC(=C2C#N)[NH3+])[S-])C(=O)N
dude_mk01__L004414,c1ccc2c(c1)[nH]c(n2)SCC(=O)N/N=C\c3cc(c(c(c3O)Br)O)Br
dude_mk01__L004415,c1cc(ccc1C2=NN=C[C@H]2[C@H]3[C@@H]4C(=NN=C4OC(=C3C#N)N)c5ccc(cc5)Cl)F
dude_mk01__L004416,Cc1ccc(o1)[C@@H]2c3c([nH]c(n3)c4ccccc4)OC(=C2C#N)N
dude_mk01__L004417,c1cc(c(cc1[N+](=O)[O-])C(=O)Nc2ccc(cc2Br)F)N
dude_mk01__L004418,Cc1c(sc(c1C(=O)Nc2ccc(cc2)NC(=O)C)NC(=O)C3CC3)C
dude_mk01__L004419,CCCN([C@@H](c1ccccc1O)C(=O)NC(C)(C)C)C(=O)c2ccccc2O
dude_mk01__L004420,Cc1ccc(c(c1)NC(=O)CSc2nnc(n2N)N/N=C/C=C/c3ccccc3)C
dude_mk01__L004421,c1ccc2c(c1)NC(=O)[C@@H](S2)CC(=O)NC(=O)N
dude_mk01__L004422,CCOc1cc(ccc1O)[C@H]2C(=C(NC(=S)N2)C)C(=O)Nc3ccc(cc3)[N+](=O)[O-]
dude_mk01__L004423,c1cc(c(cc1N)CNS(=O)(=O)c2cc(ccc2Br)Br)O
dude_mk01__L004424,Cc1cc(cc(c1)NC(=O)CSc2nnc(n2N)N/N=C/c3cnn(c3)C(C)C)C
dude_mk01__L004425,CC(C)Cc1ccc(cc1)c2c3c([nH]n2)OC(=C([C@H]3c4ccc(cc4)NC(=O)C)C#N)N
dude_mk01__L004426,CCCCNc1nc2c(s1)C[C@H]3[C@]([C@@H]2CC(=O)NCc4ccco4)(CC[C@H]([C@@]3(C)CO)O)C
dude_mk01__L004427,CCc1ccccc1Nc2ncc(c(n2)c3cc([nH]c3)C(=O)N[C@H](CO)c4cccc(c4)Cl)C
dude_mk01__L004428,Cc1ccc(c(c1)Br)O[C@H](C)C(=O)NNC(=O)NCC(C)C
dude_mk01__L004429,c1cc(ccc1c2csc(=O)n2CC(=O)N)N
dude_mk01__L004430,C[C@H]1CN(c2ccc(cc2O1)N)CC(=O)N
dude_mk01__L004431,Cc1ccc(cc1)NCC(=O)NNC(=O)c2cc3c(s2)CCCCCC3
dude_mk01__L004432,c1c(cnc(c1S(=O)(=O)NC2CCCCC2)Cl)Br
dude_mk01__L004433,Cc1ccc(cc1)c2c(sc(n2)N)CC(=O)OCC(=O)N[C@H]3CCC[C@@H]([C@@H]3C)C
dude_mk01__L004434,CCC(=O)Nc1ccc(cc1)C(=O)NNC(=S)NC(=O)c2ccccc2OCC(C)C
dude_mk01__L004435,CCN\1C(=O)/C(=C/Nc2ccccc2)/S/C1=N/Nc3nc(cs3)c4ccc(c(c4)O)O
dude_mk01__L004436,Cc1ccccc1C(=O)CS[C@@H]2NN[C@@H](N2N)[C@@H]3C=C(N=N3)C
dude_mk01__L004437,Cc1nc2c(c(c(c3c2OCO3)OC)N)c(=O)n1N
dude_mk01__L004438,C[C@@H]1C(=O)NCCCCC(=O)N[C@@H](C(=O)OC[C@@H](C(=O)N1)NC(=O)OCc2ccccc2)C(C)C
dude_mk01__L004439,c1cc2cccc3c2c(c1)[C@@H]([C@H]3Sc4nnc(s4)N)NS(=O)(=O)c5ccc(cc5)Cl
dude_mk01__L004440,C[C@@]1(C(=O)N(C(=O)N1)CC2(CCCCC2)O)c3cccc(c3)Cl
dude_mk01__L004441,Cc1cccc(c1S(=O)(=O)N2CCC[C@H]2C(=O)N)N
dude_mk01__L004442,c1ccc2c(c1)nc(s2)c3ccc(cc3O)NC(=S)NC(=O)c4ccc(cc4F)C#N
dude_mk01__L004443,Cc1c2c(n(n1)c3ccccc3)OC(=C([C@H]2c4ccc(c(c4)Cl)Cl)C#N)N
dude_mk01__L004444,c1ccc2c(c1)c(=O)n(c(=O)[nH]2)CCS[C@H]3Nc4ccccc4O3
dude_mk01__L004445,c1cc(cc(c1)Br)Cc2nc(on2)c3csc(n3)N
dude_mk01__L004446,C[C@H]([C@H]1CCC[NH+](C1)C)Nc2cc(ccc2Cl)S(=O)(=O)N
dude_mk01__L004447,c1cc2ccc(c(c2nc1)O)[C@H](c3ccc(cc3)OC(F)F)Nc4c(cccn4)O
dude_mk01__L004448,c1cc(cc(c1)O)[C@@H]2[C@@H]([C@@](NC(=O)N2)(C(F)(F)F)O)C(=O)c3ccc(cc3)Cl
dude_mk01__L004449,C[C@@H](c1[nH]c2ccc(cc2n1)S(=O)(=O)c3ccc4c(c3)[nH]c(n4)[C@@H](C)O)O
dude_mk01__L004450,Cc1ccc(cc1)C(=O)N[C@@H]2NN=C(S2)SCc3cc(=O)c4c(cc(cc4[nH]3)C)C
dude_mk01__L004451,C[C@@H]1[C@H](c2cc3c(cc2O[C@H]1N4CCCC4)OCO3)c5ccc(cc5)N(C)C
dude_mk01__L004452,CC1=C([C@H](C(=C(N1)SCC(=O)Nc2cccc3c2cccc3)C#N)c4ccco4)C(=O)N
dude_mk01__L004453,Cc1c(cccc1Cl)N2C3=C(C(=O)CCC3)[C@@]4(c5ccccc5N(C4=O)C)C(=C2N)C#N
dude_mk01__L004454,c1ccc2c(c1)CC(C2)[NH2+][C@H]3CCc4c(sc5c4c(=O)n(cn5)Cc6ccccn6)C3
dude_mk01__L004455,CC[C@H](C)Cc1c(sc2c1c(=O)[nH]c(n2)SCC(=O)Nc3ccc(cc3)S(=O)(=O)N)C
dude_mk01__L004456,c1ccc2c(c1)[C@@]3(c4cc(ccc4OC(=C3C#N)N)N)C(=O)N2
dude_mk01__L004457,c1cc(c(cc1Nc2c(c(ncn2)Nc3ccc(cn3)Br)N)C(F)(F)F)Cl
dude_mk01__L004458,[C@H]1([C@H](C([C@H]([C@@H](C1O)O)O)Cl)O)O
dude_mk01__L004459,CC1=[NH+][C@@H](C(=[NH2+])N1CC=C)c2ccc3c(c2)OCCCO3
dude_mk01__L004460,CCCC1=C2[C@@H](C(=C(O[C@H]2N=N1)N)C#N)c3cccc(c3F)F
dude_mk01__L004461,c1ccc(cc1)[C@H]2C[C@H](n3c(c(cn3)C(=O)NNC(=S)NC4CCCCC4)N2)C(F)F
dude_mk01__L004462,C[C@@H](c1ccccc1)Nc2c(c(ncn2)Sc3cccc4c3nccc4)N
dude_mk01__L004463,c1cc(c(cc1NS(=O)(=O)N)O)C(=O)[O-]
dude_mk01__L004464,COc1cc2c3ccccc3oc2cc1NC(=O)NCCc4ccc(cc4)S(=O)(=O)N
dude_mk01__L004465,C[C@@H]1c2ccsc2CCN1C(=O)N[C@@H](C)c3ccc(cc3)NC(=O)NC4CC4
dude_mk01__L004466,CC[C@H](c1cccs1)NS(=O)(=O)c2cc(cnc2NN)Br
dude_mk01__L004467,c1ccc(cc1)CCC(=O)Nc2ccc(cc2)NC(=O)CNc3ccc(cc3)C(=O)NC4CCCCC4
dude_mk01__L004468,c1c(cc(cc1NC(=S)NNc2c(cc(cn2)C(F)(F)F)Cl)Cl)C(F)(F)F
dude_mk01__L004469,CC1(CN(CCO1)[C@@](C)(c2ccc(c(c2)Br)F)C(=O)[O-])C
dude_mk01__L004470,Cc1c(sc(n1)NC(=O)C23CC4CC(C2)CC(C4)C3)[C@H]5N[C@@H](NO5)c6cccs6
dude_mk01__L004471,c1cc(ccc1Nc2c(c(ncn2)Nc3ccc(cn3)Br)N)OC(F)(F)F
dude_mk01__L004472,CCc1ccc(cc1S(=O)(=O)N)/N=C/c2cc(ccc2O)Br
dude_mk01__L004473,c1ccc(c(c1)CNC(=O)c2ccccc2NS(=O)(=O)c3ccc4c(c3)[nH]c(=O)[nH]4)OC(F)F
dude_mk01__L004474,c1ccc2=[NH+]CC(=c2c1)CCNC(=O)C[C@@H]3CS[C@@H](N3)NC(=O)NC4CCCC4
dude_mk01__L004475,C[C@H]1C(=C(NO1)C)CN2Cc3ccccc3OC4(C2)CCN(CC4)CC5=c6ccncc6=[NH+]C5
dude_mk01__L004476,CN1C(=O)/C(=C\2/C[C@H](NN2)c3ccc(c(c3)OC)O)/C(=O)N=C1[O-]
dude_mk01__L004477,C[C@@]1(C(=O)N(C(=O)N1)CC(=O)NN2C(=O)C3(CCCCC3)NC2=O)c4ccc(cc4Cl)Cl
dude_mk01__L004478,C[C@H]1CCc2c(sc(c2C(=O)N)NC(=O)/C(=C/c3ccccc3OC)/C#N)C1
dude_mk01__L004479,Cc1ccc(cc1C)c2csc3c2c(=O)[nH]c(n3)SCCC(=O)N
dude_mk01__L004480,c1csc2n1cc(n2)CNC(=O)NC34CC5CC(C3)CC(C5)C4
dude_mk01__L004481,Cc1cccc2c1N[C@H](S2)NC(=O)Cc3c([nH]c(=O)[nH]c3=O)C
dude_mk01__L004482,c1cc(cc(c1)[N+](=O)[O-])/C=C\2/C(=N/N)/NC(=O)NC2=O
dude_mk01__L004483,Cc1ccccc1C(=O)Nc2ccc(cc2)C(=O)NNC(=S)NC(=O)/C=C/c3ccccc3
dude_mk01__L004484,c1ccc2c(c1)N(c3ccccc3S2)CCC(=O)Nc4ccc5c(c4)[nH]c(=O)[nH]5
dude_mk01__L004485,Cc1ccc2ccc(c(c2n1)O)[C@H](c3ccc(cc3)F)Nc4ccc(cc4)S(=O)(=O)N
dude_mk01__L004486,c1cc(oc1)C(=O)N[C@@]2(c3c(=O)[nH]c(=O)n(c3NC2=O)c4ccc(cc4)F)C(F)(F)F
dude_mk01__L004487,CCOc1ccc(cc1)[C@@H]2C[C@H](n3c(nc(n3)N)N2)c4ccc(c(c4)OC)OC
dude_mk01__L004488,Cc1cc(cc(c1)OCc2nnc(n2N)S[C@@H](C)C(=O)NC(=O)NC34CC5CC(C3)CC(C5)C4)C
dude_mk01__L004489,c1cc(ccc1[C@@H]2C(=C(OC3=C2C(=O)CCC3)N)C#N)N4CCCC4
dude_mk01__L004490,CCC(=C1C(=O)N(C(=O)N(C1=O)C)C)NCc2ccc(cc2)S(=O)(=O)N
dude_mk01__L004491,CCOC(=O)c1ccc2c(c1)s/c(=N\C(=O)c3ccc(cc3)S(=O)(=O)N(C)C4CC4)/n2CCOC
dude_mk01__L004492,c1c(cc(c(c1F)[C@H]2[NH2+][C@H](CS2)C(=O)[O-])F)F
dude_mk01__L004493,c1cc2c(cc1N)sc(n2)[S@@](=O)CC(=O)N
dude_mk01__L004494,c1ccc(cc1)NC(=O)CN2C(=O)/C(=C\c3cn(c4c3cccc4)CC(=O)N)/SC2=O
dude_mk01__L004495,C[C@H](C(=O)Nc1ccc(cc1)S(=O)(=O)N)N2CCO[C@@H](C2)c3ccc(cc3)Cl
dude_mk01__L004496,C[C@H]1CCCC[C@H]1NC(=O)c2cc(cc(c2)S(=O)(=O)C)N
dude_mk01__L004497,c1ccc(cc1)C[NH+]2CCC[C@H](C2)CNC(=O)NCC(=O)Nc3ccc(cc3)F
dude_mk01__L004498,CC(C)[C@@H](c1cccs1)[NH2+]CCOc2ccc(cc2)S(=O)(=O)N
dude_mk01__L004499,Cc1cc(c(c(c1)C)NC(=O)CNc2c3c4c(sc3ncn2)C[C@H](CC4)C)C
dude_mk01__L004500,CC(=O)Nc1ccc(c(c1)Cl)NC(=O)NC2[C@@H]3CCC[C@H]2C[NH+](C3)C4CC4
dude_mk01__L004501,C[C@H](CCC(=O)[O-])[C@H]1CC[C@@H]2[C@@]1(CC[C@@H]3[C@@H]2C=CC4=CC(=O)CC[C@@]34C)C
dude_mk01__L004502,c1cc(sc1CNC(=O)CC23C[C@H]4C[C@@H](C2)CC(C4)(C3)O)S(=O)(=O)N
dude_mk01__L004503,COc1cc(ccc1O)[C@@H]2[C@H]3CCCC[C@@]3(CC[NH+]2CC(=O)Nc4c(c5c(s4)CCCC5)C(=O)OC)O
dude_mk01__L004504,COc1ccc(cc1)NC(=O)C[C@@H]2NN[C@H](N2c3ccccc3)SCc4[nH]c(=O)c5ccccc5n4
dude_mk01__L004505,CCCCNC(=O)N1Cc2c(n[nH]c2NC(=O)Cc3ccc(cc3)N4CCCC4)C1
dude_mk01__L004506,Cc1ccc(cc1)CCNC(=O)[C@@H](Cc2ccccc2)NS(=O)(=O)c3ccc4c(c3)CCC(=O)N4
dude_mk01__L004507,c1ccc(c(c1)C(=O)N2[C@](CC(=N2)C3CC3)(C(F)(F)F)O)Br
dude_mk01__L004508,CC(C)(C)C1CCC2(CC1)[NH2+][C@@H](CS2)C(=O)[O-]
dude_mk01__L004509,c1ccc(c(c1)CSc2nc3c(nn2)-c4ccccc4N=CO3)Cl
dude_mk01__L004510,CNC(=O)c1ccc(cc1)/C=C/C(=O)Nc2ccc(cc2)NC(=O)Nc3ccccc3
dude_mk01__L004511,Cc1ccc(c(c1)Cl)NS(=O)(=O)c2ccc3c(c2)CCC(=O)N3
dude_mk01__L004512,CC1(Cc2c(sc3c2c(nc(n3)SCC(=O)Nc4ccc(cc4)OC)N)CS1)C
dude_mk01__L004513,CCOS(=O)(=O)[N-]c1ccc(cc1N2CC[NH2+][C@@H](C2)c3ccccc3O)S(=O)(=O)C(C)C
dude_mk01__L004514,Cc1ccc(cc1C)S(=O)(=O)Nc2ccc(cc2)C(=O)NC3CCCC3
dude_mk01__L004515,C/C(=C/C(=O)NC12CC3CC(C1)CC(C3)C2)/NNC(=O)c4ccc(cc4)Cl
dude_mk01__L004516,c1ccc2c(c1)c(cc(=O)n2Cc3ccc(s3)Br)C(=O)[O-]
dude_mk01__L004517,C[C@H]1CCCC[C@@H]1NC(=S)NNC(=O)C[C@@H]2C(=O)Nc3ccccc3S2
dude_mk01__L004518,Cc1cc(cc(c1)OCC(=O)N/N=C/c2cc(ccc2O)Br)C
dude_mk01__L004519,Cc1ccc2c(c1)cc(c(=O)[nH]2)[C@H]3c4c(n[nH]c4OC(=C3C#N)N)C
dude_mk01__L004520,Cc1cc2cc(c(=O)[nH]c2cc1C)C[NH+](C3CCCCC3)[C@H](c4nnnn4Cc5ccccc5)C(C)C
dude_mk01__L004521,C[C@H](C(=O)NC(=O)NC1CCCCC1)Sc2nc3c(c4c(s3)CCC4)c(=O)n2C
dude_mk01__L004522,c1ccc2c(c1)[C@@H](CCO2)NC(=O)Nc3ccc(c(c3)Cl)C(=O)NC4CC4
dude_mk01__L004523,C[C@@]1(CCS(=O)(=O)C1)Nc2ccc(cc2N)C(=O)[O-]
dude_mk01__L004524,c1cc(c(cc1S(=O)(=O)N)Br)NC(=O)Cn2cnnn2
dude_mk01__L004525,c1cc(ccc1N)S[C@H]2[C@H]([C@@H]([C@@H]([C@@H](O2)C(=O)[O-])O)O)O
dude_mk01__L004526,c1ccc2c(c1)c(c(s2)C(=O)NNC(=O)c3ccc(o3)Br)Cl
dude_mk01__L004527,CC(=O)Nc1ccc(cc1)S(=O)(=O)/N=c\2/ccc3ccccc3[nH]2
dude_mk01__L004528,CC(C)(C)c1ccc(c(c1)NC(=O)CNC(=O)CNC(=O)c2ccc(cc2Cl)Cl)O
dude_mk01__L004529,c1ccc2c(c1)nc(c(n2)NS(=O)(=O)c3ccc(cc3)Br)Nc4ccc(cc4)N
dude_mk01__L004530,c1ccc2=[NH+][C@@H](C=c2c1)[C@@H]3NN=C4N3N=C(S4)COc5ccc(cc5)Br
dude_mk01__L004531,CN(CCO)c1ccc(cc1)/C=N/NC(=O)c2c(c(c(c(n2)Cl)Cl)N)Cl
dude_mk01__L004532,C1[C@H](CN([C@@H]1O)O)CC[P@](=O)(O)[O-]
dude_mk01__L004533,CCC(=O)Nc1ccc(cc1)NC(=O)N[C@H]2CC[NH+](C2)Cc3ccccc3
dude_mk01__L004534,CC1=C([C@H](NC(=O)N1)c2ccc(cc2)N(C)C)C(=O)[O-]
dude_mk01__L004535,C[C@@H](C(=O)Nc1ccccc1OC(F)F)OC(=O)c2cccc(c2N)Cl
dude_mk01__L004536,c1c(c(cc(c1Cl)Cl)Cl)NC(=O)[C@@H]2CCCN2C(=O)C3CC3
dude_mk01__L004537,c1ccc(cc1)N2[C@@H](NN=C2SCC(=O)Nc3ccc4c(c3)OCO4)Cc5cc(=O)[nH]c(=O)[nH]5
dude_mk01__L004538,Cc1ccc(cc1)C(=O)[C@@H]2[C@H](NC(=O)N[C@@]2(C(F)(F)F)O)c3ccc(cc3)Cl
dude_mk01__L004539,C1=C[C@H]([C@@H](C(=C1)C[C@@H](C(=O)[O-])O)O)O
dude_mk01__L004540,COc1cccc(c1)/C=C/2\CNCC3=C2OC(=C([C@H]3c4cccc(c4)OC)C#N)N
dude_mk01__L004541,c1ccc2c(c1)[C@@]3([C@H]([C@@H]([C@@H]4[NH+]3CSC4)c5ccc(cc5)[N+](=O)[O-])C(=O)c6ccc(cc6)F)C(=O)N2
dude_mk01__L004542,Cc1ccc(c(c1S(=O)(=O)Nc2cccc(c2)O)C)N
dude_mk01__L004543,CC(=C)C(=O)N(C1CCCCC1)[C@@H](c2c(cc(cc2O)O)O)C(=O)NC3CCCCC3
dude_mk01__L004544,Cc1ccc(c(c1NS(=O)(=O)c2ccccc2Br)C)N
dude_mk01__L004545,CC(C)C(=O)c1c(nc(s1)Nc2ccc(cc2)Br)N
dude_mk01__L004546,Cc1ccc2c(c1)[nH]c(n2)c3c4ccccn4c(c3N)C(=O)c5ccc(cc5)OC
dude_mk01__L004547,CC1=C2[C@@H](CC(=O)N[C@H]2N(N1)c3ccc(nn3)[O-])c4ccc(c(c4)O)OC
dude_mk01__L004548,CCOc1ccc(cc1)[C@H]2C(=C(N(C3=C2C(=O)CCC3)c4c(c5c(s4)CCCC5)C#N)N)C#N
dude_mk01__L004549,c1cc(c(cc1N2CC[C@@H](C2)CNC(=O)NNC(=O)CC3CCCCC3)F)F
dude_mk01__L004550,c1ccc2c(c1)ccc(c2Br)OCC(=O)NNC(=O)NCC3CC3
dude_mk01__L004551,CC(C)OCC(=O)[C@@]1(Cc2c(c(c3c(c2O)C(=O)c4cccc(c4C3=O)OC)O)[C@@H](C1)O)O
dude_mk01__L004552,c1ccc2c(c1)c(c(s2)C(=O)NCC(=O)Nc3ccc(cc3)CS(=O)(=O)N)Cl
dude_mk01__L004553,c1ccc(cc1)/C=C/C(=O)NC(=S)Nc2ccccc2C(=O)Nc3ccc(cc3)Nc4ccccc4
dude_mk01__L004554,CCOc1cc(ccc1O)[C@@H]2c3c(n[nH]c3OC(=C2C#N)N)c4ccc(c(c4)Cl)Cl
dude_mk01__L004555,c1ccn2c(c1)c(c(c2C(=O)c3ccc(cc3)Cl)N)C(=O)Nc4ccc(cc4)F
dude_mk01__L004556,C[C@@H]1CCC[C@](C1)(C(=O)[O-])NC(=O)NC2CCC2
dude_mk01__L004557,Cc1c2ccc(cc2oc(=O)c1Cc3ccc(cc3)F)OC(=O)N(C)C
dude_mk01__L004558,c1cc(c(cc1I)C(=O)[O-])NC(=O)NCCC[NH2+]C2CC2
dude_mk01__L004559,CC[C@@H](C)NC(=O)c1cccc2c1N[C@@H]([C@@H]3[C@H]2C=CC3)c4cc(ccc4O)Br
dude_mk01__L004560,C[C@H]1[C@@H](C[C@@H]2C[C@H]1C2(C)C)C(=O)N(C)[C@@H](c3c(cc(cc3O)O)O)C(=O)NC(C)(C)CC(C)(C)C
dude_mk01__L004561,C[C@H]([C@@]1([C@@H]2[C@@H]([C@@H]([NH2+]1)c3ccc(cc3)C(=O)OC)C(=O)N(C2=O)c4cccc(c4)[N+](=O)[O-])C(=O)[O-])O
dude_mk01__L004562,Cc1cccc(c1N)C(=O)OCC(=O)NCC(=O)Nc2ccccc2Br
dude_mk01__L004563,c1cc(c(cc1N)C(=O)N)N2CCN(CC2)CC(F)(F)F
dude_mk01__L004564,CC(C)(C)CC(C)(C)NC(=O)[C@H](c1c(cc(cc1O)O)O)N(C(=O)c2cccc(c2)[N+](=O)[O-])C(C)(C)C
dude_mk01__L004565,CNC(=O)C1CCC(CC1)NC(=O)N2CCO[C@H](C2)c3cccc(c3)F
dude_mk01__L004566,C[C@H](C[NH2+]Cc1c2ccccc2ccc1OCC(=O)NC(C)(C)C)O
dude_mk01__L004567,CC(C)[C@H](C(=O)N1CCc2c1cccc2)NC(=O)Nc3ccccc3Br
dude_mk01__L004568,CC(C)C(=O)Nc1ccc2c(c1)[C@H]3C=CC[C@H]3[C@H](N2)c4ccc(c(c4)OC)O
dude_mk01__L004569,CCOc1ccccc1c2nc(cs2)CC(=O)Nc3ccc(cc3)NC(=O)N
dude_mk01__L004570,Cc1ccc(c(c1)Br)n2c(nnn2)c3ccc(c(c3)N)Br
dude_mk01__L004571,CC1=C[C@H](N=N1)[C@H]2N[C@@H]3C(=N2)C[C@@H](CNC3=O)c4ccc(cc4)Cl
dude_mk01__L004572,Cc1cc(cc(c1)NS(=O)(=O)c2ccc3c(c2)[C@@H]4C=CC[C@@H]4[C@@H](N3)c5cccc(c5O)OC)C
dude_mk01__L004573,c1ccc(c(c1)N2CCN(CC2)C(=O)CC34C[C@H]5C[C@@H](C3)CC(C5)(C4)O)F
dude_mk01__L004574,CCc1ccc(cc1)NS(=O)(=O)c2cc(ccc2N)Br
dude_mk01__L004575,Cc1c(sc2c1c3nc(nn3cn2)c4ccc(cc4)OC(F)F)C
dude_mk01__L004576,Cc1ccc(c(c1)N2[C@H](NN=C2SCc3ccccc3Cl)Cc4cc(=O)[nH]c(=O)[nH]4)C
dude_mk01__L004577,Cc1ccc(c(c1)OCCCC(C)(C)C(=O)NC(=S)Nc2ccccc2C(=O)N)C
dude_mk01__L004578,Cc1cccc(c1C)Nc2ncc(c(n2)c3cc([nH]c3)C(=O)N[C@H](CO)c4cccc(c4)Cl)C
dude_mk01__L004579,CCOc1cc(c(c(c1O)/C=N/c2ccc(cc2)NC(=S)N)Br)Br
dude_mk01__L004580,CC(C)(C)[C@@H]1CCc2c(sc(c2C(=O)N)NC(=S)NC(=O)c3c(cccc3OC)OC)C1
dude_mk01__L004581,c1cc(ccc1C(=O)NNc2c(c(ncn2)Sc3ccc(cc3)Cl)N)Br
dude_mk01__L004582,CCCOc1ccc(cc1)C(=O)NC(=S)Nc2c(c3c(s2)CCCCC3)C(=O)N
dude_mk01__L004583,COc1ccc(cc1)C2=C[C@@H](N(N2)C(=O)CSc3nnc(n3N)C(F)(F)F)c4ccco4
dude_mk01__L004584,CC(C)(C)CC(C)(C)NC(=O)[C@@H](c1c(cc(cc1O)O)O)N(C)C(=O)c2ccco2
dude_mk01__L004585,c1cc(ccc1NC(=O)c2cc(ccc2Cl)Br)NC(=O)NC3CC3
dude_mk01__L004586,C[C@@H](c1cc(ccc1O)O)Nc2c(cc(cc2Cl)Br)Cl
dude_mk01__L004587,Cc1c(sc(=O)[nH]1)S(=O)(=O)[N-]c2ccc(c(c2)N)F
dude_mk01__L004588,Cc1ccccc1n2ccnc2SCc3cc(=O)n4cccc(c4n3)C
dude_mk01__L004589,[H]/N=C\1/[C@@H](O[C@@H](C(=C1O)[O-])CO)OC
dude_mk01__L004590,CSC1=NC(=O)[C@@H]2C(=N1)[N-]C(=C([C@]23c4ccccc4NC3=O)C#N)[NH3+]
dude_mk01__L004591,c1ccc(cc1)[C@@H](c2ccc3cccnc3c2O)Nc4ccc(cc4)S(=O)(=O)N
dude_mk01__L004592,C[C@@]1(CC(=O)[C@@]2([C@]3([C@H](CCC([C@H]3[C@@H]([C@@H]([C@]2(O1)C)O)O)(C)C)O)C)O)C=C
dude_mk01__L004593,COc1ccccc1NC(=S)N/N=C\2/c3cc(ccc3NC2=O)Br
dude_mk01__L004594,c1cc(c(cc1NC(=O)[C@@H]2C[C@H]3CC[C@@H]2C3)F)S(=O)(=O)N
dude_mk01__L004595,c1ccc(cc1)Cn2cc(c(n2)c3cccs3)/C=C/C(=O)NCC(=O)Nc4ccc5c(c4)[nH]c(=O)[nH]5
dude_mk01__L004596,Cc1c(cccc1NC(=O)/C=C/c2ccc(s2)c3cccc(c3)Br)C(=O)N
dude_mk01__L004597,C[C@]12CC[C@H]([C@@]([C@H]1Cc3c(nc(s3)NC(=O)OCC=C)[C@H]2CC(=O)NCc4cccs4)(C)CO)O
dude_mk01__L004598,C=C(c1cc(ccc1O)O)NNC(=O)CCCOc2ccc(cc2Cl)Cl
dude_mk01__L004599,CC(C)(C)[C@@H]1CCc2c(cc3c(c(sc3n2)C(=O)NCCc4ccc(c(c4)OC)OC)N)C1
dude_mk01__L004600,c1cc(ccc1NC(=O)Nc2ccc(c(c2)Cl)Cl)n3ccc4c3ccc(n4)C(=O)N
dude_mk01__L004601,c1c(c2c(ncnc2n1[C@H]3[C@@H]([C@@H]([C@H](O3)CO)O)O)N)I
dude_mk01__L004602,Cc1ccc(cc1)c2n[nH]c(=S)n2/N=C/c3ccc(c(c3)O)O
dude_mk01__L004603,Cc1cccc2c1nc(s2)NC(=O)CN3C(=O)[C@@]4(CCCC[C@H]4C)NC3=O
dude_mk01__L004604,Cn1cc(cn1)Sc2cc(cc(c2)S(=O)(=O)N)N
dude_mk01__L004605,CC1CCC2(CC1)C(=O)N(C(=O)N2)CC(=O)OCC(=O)NC(=O)NC34CC5CC(C3)CC(C5)C4
dude_mk01__L004606,c1ccc2c(c1)nc(s2)SCCC(=O)Nc3ccc(cc3)CNC(=O)N
dude_mk01__L004607,CC(C)CC(=O)Nc1ccc(cc1)NC(=O)NC2CC[NH+](CC2)CC(F)F
dude_mk01__L004608,c1ccc2c(c1)c3c([nH]2)[C@H]([NH2+]CC3)c4c(=O)[nH]c(=O)n(c4[O-])CCC5=CCCCC5
dude_mk01__L004609,Cc1ccc(cc1C)C23C[C@H]4C[C@@H](C2)CC(C4)(C3)C(=O)O[C@@H](C)C(=O)Nc5ccc(cc5)S(=O)(=O)N
dude_mk01__L004610,Cc1ccc(c(c1)[C@H]2C(=C(NC(=O)N2)CSc3nnc(s3)N)C(=O)OC)C
dude_mk01__L004611,C[C@@H](c1ccc(cc1O)O)Nc2cccc(c2)I
dude_mk01__L004612,CN1C(=O)/C(=C\2/C[C@H](NN2)c3ccc(c(c3)O)OC)/C(=O)NC1=S
dude_mk01__L004613,Cc1ccc(c(c1)N[C@@H](C)C(=O)Nc2ccc(cc2)S(=O)(=O)NC(C)C)C
dude_mk01__L004614,Cc1ccc(cc1)C2=NN([C@@H](C2)c3ccc4c(c3)nccn4)C(=O)C(C)C
dude_mk01__L004615,c1cc(ccc1c2ccc(o2)/C=C(\C#N)/C(=O)Nc3c(c4c(s3)CCCC4)C(=O)N)Cl
dude_mk01__L004616,CC[C@@H](C)Cc1c(sc2c1c(=O)[nH]c(n2)S[C@@H](C)C(=O)Nc3cccc(c3)S(=O)(=O)N)C
dude_mk01__L004617,c1cc(ccc1NC(=O)N2CCN(CC2)Cc3ccc(s3)Cl)F
dude_mk01__L004618,CC(C)(C)NC(=O)[C@@H](c1ccccc1O)N(C(=O)c2c(cccc2O)O)C(C)(C)C
dude_mk01__L004619,CCc1ccc(cc1S(=O)(=O)N)NS(=O)(=O)c2ccc3c(c2)CCC3
dude_mk01__L004620,c1ccc2c(c1)c(nn3c2nc4c(c3=O)c5c(s4)CCCC5)NN
dude_mk01__L004621,c1c[nH]cc(c1=O)NC(=O)[C@@H]2CCC[C@@H](C2)C(=O)Nc3c[nH]ccc3=O
dude_mk01__L004622,Cc1c(c(n(n1)C(C)C)C)/C=N/Nc2nnc(n2N)SCC(=O)Nc3c(cccc3Cl)Cl
dude_mk01__L004623,c1ccc(cc1)/C=N/Nc2[nH]nc(n2)SCC(=O)Nc3ccc(cc3)S(=O)(=O)NC4CCCCC4
dude_mk01__L004624,Cc1ccc(cc1)C(=O)[C@H]2[C@@H](NC(=O)N[C@@]2(C(F)(F)F)O)c3ccc(c(c3)Cl)Cl
dude_mk01__L004625,CC(C)S(=O)(=O)N1c2c(ccc(n2)c3c(nc([nH]3)c4c(cccc4F)F)c5ccccc5)N[C@H]1N
dude_mk01__L004626,c1cc(sc1)[C@@H]2CCC[NH+]2CC(=O)Nc3cc4c(cc3Br)[nH]c(=O)[nH]4
dude_mk01__L004627,CCOc1ccc2cc3c(c(sc3nc2c1)C(=O)N[C@@H]4CCCC[C@H]4C)N
dude_mk01__L004628,COc1cccc(c1O)[C@@H]2[C@@H]3CC=C[C@H]3c4cccc(c4N2)C(=O)Nc5ccc(cc5)Nc6ccccc6
dude_mk01__L004629,COc1ccc(c(c1)OC)NC(=O)c2c(c3c4c(c([nH+]c3s2)N5CCCC5)CCCC4)N
