ligand_id,smiles
dude_aldr__L000001,CC1(O[C@H]2[C@@H](O[C@H]([C@@H]2O1)n3c4c(c(=O)[nH]c(n4)N)nc3Br)CO)C
dude_aldr__L000002,c1cc2cc(ccc2nc1)/N=C/c3cc(cc(c3[O-])[N+](=O)[O-])Cl
dude_aldr__L000003,C[C@]1(CCCN(C1)S(=O)(=O)CCS(=O)(=O)C)C(=O)[O-]
dude_aldr__L000004,c1ccc(cc1)[C@@H]2C[C@H](n3c(cc(n3)C(=O)NCc4cccnc4)N2)C(F)(F)F
dude_aldr__L000005,c1cc(cc(c1)[N+](=O)[O-])n2cccc2/C=C\3/C(=NC(=S)S3)[O-]
dude_aldr__L000006,Cc1ccc(cc1)S(=O)(=O)/N=C(/C=C/c2cc(c(c(c2)Cl)OC)OC)\[O-]
dude_aldr__L000007,Cc1cc(nc(n1)S[C@@H](C)c2cccc(c2)N)[O-]
dude_aldr__L000008,CCn1cc(cn1)S(=O)(=O)[N-]c2ccc(nc2)n3cncn3
dude_aldr__L000009,CCCCCOc1cccc(c1)[C@@H]2C(=C(C(=O)N2CCOC)[O-])C(=O)c3ccc4c(c3)C[C@@H](O4)C
dude_aldr__L000010,Cc1c(scn1)C(=O)N[C@@]2(CCCC[C@@H]2C)C(=O)[O-]
dude_aldr__L000011,c1c(c(nn1Cn2cc(c(n2)[N+](=O)[O-])Cl)C(=O)[O-])Cl
dude_aldr__L000012,CN(Cc1ccc(s1)Cl)C(=O)c2ccc(cc2)c3[n-]nnn3
dude_aldr__L000013,Cc1ccc(cc1C)S(=O)(=O)[N-]c2ccc(c(c2)Cl)C(=O)N(C)C
dude_aldr__L000014,Cc1ccc(cn1)C(=O)N[C@H](C2CCCCC2)C(=O)[O-]
dude_aldr__L000015,c1cc(c(cc1[N-]S(=O)(=O)c2cnc(s2)Cl)C#N)Cl
dude_aldr__L000016,c1cc(oc1C(=O)[O-])S(=O)(=O)N(C[C@@H]2CCOC2)C3CC3
dude_aldr__L000017,c1cc(cc(c1)I)[N-]S(=O)(=O)c2ccnc(c2)Cl
dude_aldr__L000018,Cc1ccc(cc1)n2c(nnc2SCc3ccc(cc3)C(=O)[O-])c4ccccc4F
dude_aldr__L000019,c1cc(ccc1C(=O)N2CCN(CC2)c3ccc4nncn4n3)S(=O)(=O)N
dude_aldr__L000020,Cc1ccccc1NC2(CCC(CC2)C(C)(C)C)C(=O)[O-]
dude_aldr__L000021,Cc1cc(c(n1CCOC)C)/C=N\n2c(nnc2[S-])c3cccc(c3)Cl
dude_aldr__L000022,c1ccc(cc1)C2(CCN(CC2)C(=O)c3cccc(c3)N4CCCC4=O)C(=O)[O-]
dude_aldr__L000023,Cc1c2c(=O)[nH]c(nc2sc1C(=O)NC)C
dude_aldr__L000024,CC(C)[C@@H](C(=O)N1CCC(CC1)C(=O)[O-])NC(=O)C
dude_aldr__L000025,c1(nc(ns1)O)N
dude_aldr__L000026,Cc1cc(ccn1)c2c(cc3c(=O)c4c(nsc4n(c3n2)C5CC5)[O-])F
dude_aldr__L000027,Cc1cc(cc(c1)C(=O)N[C@@H]2CCC[C@@H]2/C(=N/O)/N)C
dude_aldr__L000028,Cc1ccc(cc1c2c(c([nH]n2)C)C(=O)[O-])C(C)(C)C
dude_aldr__L000029,Cc1cccc(c1)[N-]S(=O)(=O)c2cc(n(c2C)C)c3nc(c(s3)C)C
dude_aldr__L000030,Cc1ccc(cc1C)S(=O)(=O)[N-]c2ccccc2C(=O)N3CCCC3
dude_aldr__L000031,CN(CC(O)=O)C(=S)CCc2nc1c(F)c(F)cc(F)c1s2
dude_aldr__L000032,Cc1cccnc1[C@@H](C)Nc2c3c(c(sc3ncn2)C(=O)[O-])C
dude_aldr__L000033,c1cc(cc(c1)n2cnnn2)C(=O)NC3CCCCCC3
dude_aldr__L000034,c1cc(c(c(c1)Br)OCc2cccnc2)/C=C/C(=O)[O-]
dude_aldr__L000035,CN(Cc1ccc2c(c1)OCO2)c3ccc(cc3S(=O)(=O)N4CCC(CC4)C(=O)[O-])[N+](=O)[O-]
dude_aldr__L000036,c1cc2cn[nH]c2cc1C(=O)N3CC[NH+]4CCCC[C@H]4C3
dude_aldr__L000037,CSc1nnnn1c2cccc(c2)[N-]S(=O)(=O)C3CCCCC3
dude_aldr__L000038,Cn1cnc(c1Cl)S(=O)(=O)[N-]c2ncc(s2)[N+](=O)[O-]
dude_aldr__L000039,C[C@H]1CCC[C@H](C1)N(C)C(=O)c2cc(nc(c2)Cl)N
dude_aldr__L000040,CCN(CC)C(=O)N1CCN(CC1)C(=O)c2ccc3c(c2)nc(=S)[nH]c3[O-]
dude_aldr__L000041,Cc1nc2c(c3c(s2)CC[C@@H](C3)C)c4n1nc(n4)/C=C/C(=O)[O-]
dude_aldr__L000042,C[C@H](c1ccc2c(c1)CCCC2)NC(=O)NNC(=O)C[C@H]3CCS(=O)(=O)C3
dude_aldr__L000043,CCc1nnc(n1CC(C)C)SCC(=O)[O-]
dude_aldr__L000044,c1c(c2c(c(c1Cl)Cl)[C@H]3C=CC[C@H]3[C@H](N2)C(=O)[O-])Cl
dude_aldr__L000045,CC[C@@]1(CCCN(C1)C(=O)c2cc(cnc2)Br)C(=O)[O-]
dude_aldr__L000046,c1c(cc(=O)[nH]c1[O-])C(=O)N2CCN(CC2)CCO
dude_aldr__L000047,C[C@@H]1CCC[C@@H](C1)N(C)c2cnc(nc2C(=O)[O-])C(C)C
dude_aldr__L000048,CCOc1ccccc1N/C(=C(\C#N)/C(=O)c2ccc(cc2)SC(C)C)/[O-]
dude_aldr__L000049,Cc1ccsc1/C(=C(\C#N)/C(=O)[C@@H]2COCCO2)/[O-]
dude_aldr__L000050,c1cc(c(cc1Br)n2ccc(n2)C3CC3)/C=C/C(=O)[O-]
dude_aldr__L000051,C[C@H](c1ccc2c(c1)[nH]c(=O)[nH]2)NC(=O)/C=C\c3ccc(cc3)N4CCCC4=O
dude_aldr__L000052,COc1ccc(cc1)C2=NN=C[C@@H]2/C=C/c3cc(nc(n3)[O-])C(F)(F)F
dude_aldr__L000053,CCCOc1ccc(cc1C)C(=O)C2=C(C(=O)N([C@@H]2c3ccc(c(c3)OCC)OCC=C)CC=C)[O-]
dude_aldr__L000054,Cc1ccc(cc1c2cc(nc(n2)[O-])C(F)(F)F)C(C)(C)C
dude_aldr__L000055,CC[C@@]1(CCN(C1)C(=O)[C@@H](C)n2cccn2)C(=O)[O-]
dude_aldr__L000056,CN(C)C(=O)c1ccc(cc1Cl)[N-]S(=O)(=O)C2CCCCC2
dude_aldr__L000057,CC1CCC(CC1)c2nc(on2)SCC(=O)[O-]
dude_aldr__L000058,CCCOc1ccc(cc1)C(=O)C2=C(C(=O)N([C@H]2c3cccc(c3)OCCC(C)C)Cc4ccco4)[O-]
dude_aldr__L000059,c1ccc(c(c1)/C(=N/S(=O)(=O)N2CCCCC2)/[O-])I
dude_aldr__L000060,CCN(CC)C(=O)C1=C(N=C2N([C@H]1c3ccc(cc3)F)C(=CS2)/C=C(/N4CCCC4)\[O-])C
dude_aldr__L000061,C[C@@H]1CCc2c(cc(s2)C(=O)N3CCO[C@H](C3)C(=O)[O-])C1
dude_aldr__L000062,COc1ccc(cc1[N-]S(=O)(=O)c2ccccc2OC(F)(F)F)C#N
dude_aldr__L000063,C[C@@H](c1cccs1)NC(=O)Cn2c(nnc2[S-])c3ccc(cc3)Cl
dude_aldr__L000064,Cc1ccc(c(c1)S(=O)(=O)[N-]c2ccc3c(c2)c(=O)n4c(n3)CCC4)C
dude_aldr__L000065,C#CCNC(=O)N
dude_aldr__L000066,Cc1cccc(c1C)N2C(=O)/C(=C\c3ccc(cc3)N(C)CCCl)/C(=NC2=O)[O-]
dude_aldr__L000067,Cc1c(sc(n1)[N-]S(=O)(=O)c2ccccc2S(=O)(=O)C)C(=O)OC
dude_aldr__L000068,c1cc(ccc1/C(=C(/C#N)\C(=O)N2CCCC2)/[O-])n3ccc(n3)C(F)(F)F
dude_aldr__L000069,c1ccc(cc1)c2ccc(cc2)c3c(cn(n3)CCC#N)/C=C\4/C(=O)N(C(=N4)[S-])c5ccccc5
dude_aldr__L000070,Cc1ccc(cc1C)NS(=O)(=O)c2ccc3c(c2)[C@@H]4C=CC[C@H]4[C@H](N3)c5cccc(c5O)OC
dude_aldr__L000071,c1c(cnc2c1[nH]c(n2)[C@H]3CCCC[C@H]3C(=O)[O-])Br
dude_aldr__L000072,CNC(=O)c1ccc(cc1Cl)[N-]S(=O)(=O)c2ccsc2C(=O)OC
dude_aldr__L000073,CC(C)C(=O)Nc1[nH]c(=O)c2c(n1)n(cn2)[C@H]3[C@@H]4[C@@H]([C@@H](O3)CO)OC(O4)(C)C
dude_aldr__L000074,CN(CCCOC)S(=O)(=O)c1cc(cc(c1F)C(=O)[O-])Br
dude_aldr__L000075,CC(C)(C)c1c(c(nn1c2ccccn2)C(=O)[O-])I
dude_aldr__L000076,Cc1ccc(c(c1)N)S[C@H]2CCS(=O)(=O)C2
dude_aldr__L000077,Cc1cc(c2c(c1)OC(=O)[C@@H]([C@H]2C)CC(=O)N[C@@H](C)CC3=c4ccccc4=[NH+]C3)O
dude_aldr__L000078,C[C@@H](C(=O)N(CCC#N)c1ccccc1)Sc2[n-]c3cc(cnc3n2)Cl
dude_aldr__L000079,c1c(cn2c(n1)nc(n2)C(=O)[O-])[N+](=O)[O-]
dude_aldr__L000080,CC(C)[C@H]1Cc2c(sc3c2c4nnc(n4c(n3)SC)[S-])CO1
dude_aldr__L000081,c1c(cn(c1C(=O)[O-])C2CC2)S(=O)(=O)N3CCS(=O)CC3
dude_aldr__L000082,Cc1nc(nn1C)NC(=O)N2CCC[C@H](C2)CO
dude_aldr__L000083,CCN(C[C@H](C)C(=O)[O-])C(=O)c1csc2c1CCCC2
dude_aldr__L000084,c1cc(ccc1NC(=O)N2CC[C@@H](C2)C(=O)[O-])Br
dude_aldr__L000085,Cc1ccc(c(c1)S(=O)(=O)[N-]c2cc(no2)c3cccnc3)C
dude_aldr__L000086,c1cc(cc(c1)OCC#N)[N-]S(=O)(=O)c2ccc(s2)Br
dude_aldr__L000087,CC(C)Oc1cccc(c1)C(=O)N2CC[C@@](C2)(C)C(=O)[O-]
dude_aldr__L000088,CCS[C@H](C(C)C)/C(=N/S(=O)(=O)c1cccc(c1)n2cnnn2)/[O-]
dude_aldr__L000089,[H]/N=C\1/c2ccccc2CN1c3ccc(cc3)S(=O)(=O)[N-]c4c(c(no4)C)C
dude_aldr__L000090,C[C@H](C(=O)NC1=CCNN1C(C)C)Sc2[nH]nc(n2)c3cccs3
dude_aldr__L000091,Cc1c2c(oc1C(=O)[O-])CC/C(=C\c3cnn(c3)C)/C2=O
dude_aldr__L000092,c1c(c(nn1Cc2csc(n2)C(=O)[O-])[N+](=O)[O-])Br
dude_aldr__L000093,Cc1c(scn1)C(=O)N[C@]2(CCC[C@H](C2)C)C(=O)[O-]
dude_aldr__L000094,C[C@@H](C(=O)[O-])N(C1CCCC1)C(=O)OC(C)(C)C
dude_aldr__L000095,Cc1ccc(s1)c2nc(sn2)NC(=O)[C@H]3COCCO3
dude_aldr__L000096,Cc1c(snn1)C(=O)Nc2cccc(c2)c3cn4ccsc4n3
dude_aldr__L000097,Cc1cc(ccc1F)c2cc([nH]n2)C(=O)N3CCNC(=O)[C@H]3c4ccc(cc4)F
dude_aldr__L000098,Cc1ccc(cc1)S(=O)(=O)[N-]c2ccc(cc2Cl)C(=O)N3CCN(CC3)C/C=C/c4ccccc4
dude_aldr__L000099,CCOc1ccc(cc1)[N-]S(=O)(=O)c2cc(cs2)C(=O)N3CCCCC3
dude_aldr__L000100,Cc1c(c(n(n1)C)C)S(=O)(=O)/N=C(/[C@H](C)CSC)\[O-]
dude_aldr__L000101,COc1ccc(cc1)S(=O)(=O)[N-]c2cc(ccc2C(=O)N3CCCC3)Cl
dude_aldr__L000102,CC(C)Oc1ccc(cc1OC)[C@@H]2N=C(C(=C(N2c3ccccc3)[S-])C#N)O
dude_aldr__L000103,CCOC(=O)/C(=C/1\[C@@H](NC(=S)N=C1c2cccnc2)c3cccc(c3)F)/[O-]
dude_aldr__L000104,c1ccc(c(c1)c2c3c(n(nc3nc(n2)NCc4ccc5c(c4)OCO5)c6cccc(c6)F)N)F
dude_aldr__L000105,CCCS(=O)(=O)[N-]c1ccccc1C(=O)N[C@H](C)C(=O)NCc2ccco2
dude_aldr__L000106,C[C@@]1(CCN(C1)C(=O)N(C)Cc2cnn(c2)C)C(=O)[O-]
dude_aldr__L000107,Cc1ccc(cc1)NC(=O)N(c2nc(cs2)c3ccc(cc3)OC)NC(=O)Nc4ccc(cc4)Cl
dude_aldr__L000108,C[C@@H]1c2cccn2CCN1C(=O)/C(=N/c3nncs3)/[O-]
dude_aldr__L000109,CN(Cc1cc(ccc1OC)Cl)C(=O)Cn2c(nnc2[S-])c3ccc(cc3)Cl
dude_aldr__L000110,CC1(CC2=C([C@@H]([C@@H]3C(=NC(=NC3=O)SC)N2)c4ccccc4)C(=O)C1)C
dude_aldr__L000111,c1cc(oc1)CS[C@H]2C[C@H](N(C2)S(=O)(=O)c3ccc(cc3)Cl)C(=O)[O-]
dude_aldr__L000112,C1CC[C@@H]2[C@H](C1)N(CCO2)C(=O)C3(CCOCC3)C(=S)N
dude_aldr__L000113,COCCn1ccc2c1ccc(c2)[N-]S(=O)(=O)c3ccc(c(c3)Cl)C#N
dude_aldr__L000114,CCN(CCOC)C(=O)[C@@H]1CCCC[C@H]1C(=O)[O-]
dude_aldr__L000115,c1cc2c(cc1NC(=O)CCC(=O)[O-])c(c[nH]2)[C@H](C(=O)[O-])[NH+]3CCN(CC3)[C@H]4CCS(=O)(=O)C4
dude_aldr__L000116,C[C@@H](/C(=N/S(=O)(=O)N1CCCCC1)/[O-])Sc2nncn2C
dude_aldr__L000117,CC[C@@H](C)Oc1ccc(cc1)[N-]S(=O)(=O)c2c(nn(c2Cl)C)C
dude_aldr__L000118,Cc1ccc(c(c1)O[C@@H](C)C(=O)N2CCC[C@@H]2C(=O)[O-])C(C)C
dude_aldr__L000119,Cc1cc(n(n1)c2c(c(ncn2)N3CCC(CC3)C(=O)[O-])[N+](=O)[O-])C
dude_aldr__L000120,CCCSc1nc2c(n1Cc3ccccc3)c(n[nH]c2=O)[O-]
dude_aldr__L000121,c1ccc(cc1)[C@H]2CC[C@@H](CN2C(=O)c3ccc(cc3)Cl)C(=O)[O-]
dude_aldr__L000122,CS(=O)(=O)N1CCCN(CC1)C(=O)c2nc([nH]n2)[O-]
dude_aldr__L000123,Cn1c2ccsc2cc1C(=O)N3CCC(CC3)C(=O)[O-]
dude_aldr__L000124,Cc1nc(c2c3c(sc2n1)CCC3)N[C@@H]4CCCNC4=O
dude_aldr__L000125,COc1ccc(cc1)S(=O)(=O)[N-]c2nc(cs2)c3ccc(cc3)C#N
dude_aldr__L000126,c1nc2c(=O)[nH]c(nc2n1[C@@H]3[C@H]([C@@H]([C@@H](O3)CO)O)O)NC(=O)C45CC6CC(C4)CC(C6)C5
dude_aldr__L000127,c1c(cc(c(c1/C=N/NC(=O)CN2CCOCC2)[O-])[N+](=O)[O-])Cl
dude_aldr__L000128,Cc1ccc(cc1S(=O)(=O)[N-]c2cc(ccc2F)n3cnnn3)[N+](=O)[O-]
dude_aldr__L000129,Cc1c(c(n(n1)C)C)S(=O)(=O)/N=C(/[C@H](C(C)C)SCc2ccccc2)\[O-]
dude_aldr__L000130,Cc1cc(c(c(c1[N-]S(=O)(=O)C)C)S(=O)(=O)N(C)CC(C)C)C
dude_aldr__L000131,CS(=O)(=O)Nc1cccc(c1)[N-]S(=O)(=O)c2cc(sc2Cl)Cl
dude_aldr__L000132,c1cc(c(cc1N)F)C(=O)N2CCC[C@@H]2c3ccsc3
dude_aldr__L000133,Cc1cc(n(n1)CCC#N)[N-]S(=O)(=O)c2ccc(cc2)C#N
dude_aldr__L000134,Cc1ccc2c(c1)[nH]c(c2[C@H]3Cc4ccccc4N3C(=O)C=CC(=O)[O-])C
dude_aldr__L000135,CN(c1ccc(cc1)[N-]S(=O)(=O)c2ccc(cc2)C#N)C(=O)OC
dude_aldr__L000136,c1ccc(cc1)CC[C@@H]2CCCN2C(=O)c3cccc(c3)n4c(=O)ccc(n4)[O-]
dude_aldr__L000137,Cc1c(cn[nH]1)S(=O)(=O)[N-]c2cccc(c2)n3cnnn3
dude_aldr__L000138,CCc1cc(nn1CC)c2nnc(s2)[S-]
dude_aldr__L000139,Cc1ccc(c(c1)C)C(=O)C[C@@H]2C(=O)N=C(S2)[N-]NC3=NC(=O)CS3
dude_aldr__L000140,Cc1c(c(ccc1c2ccc(o2)/C=C\3/C(=NN(C3=O)c4ccc(cc4)C(=O)[O-])C)Br)C
dude_aldr__L000141,C1CC[C@@H]([C@@H](C1)C(=O)NC2C3CC4CC(C3)CC2C4)C(=O)[O-]
dude_aldr__L000142,C[C@H](C#N)Oc1ccc(cc1)[C@H]2/C(=C(\C)/[O-])/C(=NC(=S)N2)C(=O)OC
dude_aldr__L000143,Cc1c(cccc1Cl)NC(=O)[C@H](C)CS(=O)(=O)[N-]c2cccc(c2)F
dude_aldr__L000144,CC1CCC(CC1)(C(=O)[O-])NC(=O)N2CCCC[C@@H]2CO
dude_aldr__L000145,CCCN(Cc1ccccc1O)C(=O)c2cc(c(nc2[O-])SC)C#N
dude_aldr__L000146,C[C@@H](c1cccc(c1)[N-]S(=O)(=O)c2ccc(s2)Cl)O
dude_aldr__L000147,Cc1c(c(n[nH]1)C(=O)N2CCN(CC2)CC(=O)NC)N
dude_aldr__L000148,CC(C)N(CCC#N)C(=O)[C@H]1CCCC[C@H]1C(=O)[O-]
dude_aldr__L000149,C[C@H]1C[C@](CC(C1)(C)C)(C(=O)[O-])N2C(=O)C(=O)N(C2=O)C
dude_aldr__L000150,C[C@H]1CC[C@@H]2[C@@H](C1)CCCN2C(=O)C3(CCCC3)C#N
dude_aldr__L000151,Cc1cc(n(n1)c2ccccc2F)[N-]S(=O)(=O)c3cccc(c3)C#N
dude_aldr__L000152,C1C[C@@H]2[C@H](CC[NH+]2C1)NC(=O)N3CCC[C@@H]3C(=O)[O-]
dude_aldr__L000153,CCN([C@@H]1CCS(=O)(=O)C1)C(=O)[C@H]2C[C@@H]3CCCC[C@@H]3[NH2+]2
dude_aldr__L000154,C[C@@H]1CCc2c(c(c(c(n2)SCC(=O)NCC(=O)[O-])C#N)C(F)(F)F)C1
dude_aldr__L000155,c1cc(ccc1n2c(c3c(n2)[C@H]4CCC[C@H]4N=C3)[O-])Cl
dude_aldr__L000156,C1CS(=O)(=O)C[C@@H]1N2C[C@@H](CC2=O)C(=O)[O-]
dude_aldr__L000157,CCOC(=O)C2=C(O)C(=O)N(Cc1cccs1)C2
dude_aldr__L000158,Cc1cc(ccc1OCC=C)C(=O)C2=C(C(=O)N[C@H]2c3ccc(cc3)SC)[O-]
dude_aldr__L000159,CCn1cc(cn1)CN2CCN(CC2)C(=O)Cn3cc(cn3)C(=O)[O-]
dude_aldr__L000160,CCN(C[C@H]1CC=C(S1)Cl)C(=O)CCc2c(nc(nc2[O-])SC(F)F)C
dude_aldr__L000161,CC(C)c1nnc2n1N[C@H](S2)[C@@H]3C=C(N=N3)C(C)C
dude_aldr__L000162,c1ccc(c(c1)Cn2cncn2)[N-]S(=O)(=O)/C=C/c3ccc(cc3)Cl
dude_aldr__L000163,c1cc2cccc-3c2c(c1)-c4c3[n+](c(n4[O-])[C@@H]5C[C@H]6C[C@@H]5C=C6)[O-]
dude_aldr__L000164,c1cc(c(cc1Cl)Cl)/C=N/n2c(nnc2[S-])c3ccncc3
dude_aldr__L000165,COc1ccc(cc1COCC(F)(F)F)/C=N/n2c(nnc2[S-])C(F)F
dude_aldr__L000166,c1ccc(cc1)C(=O)N2CCC[C@H](C2)C(=O)NC[C@]3(CCCc4c3cccc4)O
dude_aldr__L000167,CCc1ccc(cc1)S(=O)(=O)[N-]c2cccn3c2nc(n3)CC
dude_aldr__L000168,c1c(c(cc(c1F)F)F)NC(=O)N2CCC[C@H](C2)C(=O)[O-]
dude_aldr__L000169,c1ccc2c(c1)CC[C@@H](C2)Nc3ccc(c(c3)C(=O)[O-])F
dude_aldr__L000170,CC1=C([C@H](/C(=C(\[O-])/OC)/C(=N1)C)c2cc3ccccc3nc2Cl)C(=O)OC
dude_aldr__L000171,CN2C(=O)Nc1ccc(Cl)cc1[C@@]23NC(=O)NC3=O
dude_aldr__L000172,Cc1cc(nc(c1C(=O)[O-])S[C@H](c2ccccc2)C(=O)N3CCOCC3)C
dude_aldr__L000173,CC(=O)N1CCN(CC1)CC/N=C/C2=C(C[C@@H](CC2=O)c3ccc(cc3)Cl)[O-]
dude_aldr__L000174,CN([C@H]1CCSC1)C(=O)N2CSC[C@@H]2C(=O)[O-]
dude_aldr__L000175,Cc1c(c2nc(cc(n2n1)[O-])c3cnccn3)c4ccccc4
dude_aldr__L000176,CC(C)N(CCCC(=O)[O-])C(=O)N(C)Cc1cc(sc1)Br
dude_aldr__L000177,C[C@@H]1C[C@@H]1Nc2c(nccn2)C(=O)[O-]
dude_aldr__L000178,CSc1ccc(cc1)/C=C(\C#N)/C(=N/c2nnc(s2)SCc3ccccc3)/[O-]
dude_aldr__L000179,C1=CN2C=NNC2=CC=N1
dude_aldr__L000180,CC1(C=CN(C(=N1)[S-])c2ccc(cc2)[N+](=O)[O-])C
dude_aldr__L000181,Cc1ccccc1[N-]C2=NC(=O)/C(=C/c3csnn3)/S2
dude_aldr__L000182,c1cc(oc1)Cn2c(c3ccc(cc3nc2=S)C(=O)NC4CCCCC4)[O-]
dude_aldr__L000183,Cc1ccc(cc1C)S(=O)(=O)/N=C(/[C@@H](C)OC)\[O-]
dude_aldr__L000184,Cc1c(cco1)/C(=C(\C#N)/C(=O)c2ccc(cc2)N3CCC(=N3)C)/[O-]
dude_aldr__L000185,Cc1ccc(c(c1)C)/C=C/C(=C(\C#N)/C(=O)N2CCCCC2)/[O-]
dude_aldr__L000186,C1CC[C@@]23[C@H](C1)CC4=C(N2C5=CC(=O)C(=CC5=N3)SCC(=O)[O-])CCCC4
dude_aldr__L000187,Cc1ccc(cc1)n2c3c(c(n2)/C(=C(\C#N)/C(=O)c4ccco4)/[O-])CCC3
dude_aldr__L000188,c1ccn2c(c1)nnc2SCc3ccc(s3)/C=C/C(=O)[O-]
dude_aldr__L000189,C=CCn1cnnc1SCC(=O)N2CCC(CC2)C(=O)[O-]
dude_aldr__L000190,c1cc(c(cc1Br)Cl)OCc2nnc(n2C[C@H]3CCCO3)[S-]
dude_aldr__L000191,Cc1ccc(cc1)c2nnc(n2CC(=O)N(C)[C@H](C)c3ccccc3)[S-]
dude_aldr__L000192,Cc1cc(on1)[C@H]2[C@H](CC(=C(C2=O)C(=O)c3ccc(cc3)Cl)[O-])c4ccccc4
dude_aldr__L000193,CCCN(C)C(=O)c1ccc(cc1)S(=O)(=O)[N-]c2ccccc2Cl
dude_aldr__L000194,c1c(cc(c2c1OCCO2)Br)c3cc(on3)C(=O)[O-]
dude_aldr__L000195,CC1(C[C@@H]2[C@H]1CC[C@@]3(CC[C@@H]4[C@]2(C3)OC(=O)[C@@H]4CC(=O)[O-])CBr)C
dude_aldr__L000196,Cc1ccc(c(c1)C(=O)C2=C(C(=O)N([C@@H]2c3cccc(c3)Br)CCN4CCOCC4)[O-])C
dude_aldr__L000197,Cc1ccc(cc1F)C(=O)Nc2ccc(s2)C(=O)[O-]
dude_aldr__L000198,Cc1cc(cc(c1C)S(=O)(=O)N2CCCC[C@H]2C)N
dude_aldr__L000199,c1ccnc(c1)[C@@H]2[C@@H]3CC=C[C@H]3c4c(ccc(c4N2)Cl)C(=O)[O-]
dude_aldr__L000200,c1ccc(c(c1)/C=N/N2[C@H](NN=C2[S-])[C@@H]3C4=C(CCC4)N=N3)[N+](=O)[O-]
dude_aldr__L000201,CC(C)c4c(O)c(O)c6c(=O)oc5c(c1c(C)cc2c(C(C)C)c(O)c(O)c3c(=O)oc1c23)c(C)cc4c56
dude_aldr__L000202,c1ccc(cc1)OCc2ccccc2C(=O)N3CCC[C@@H](C3)C(=O)[O-]
dude_aldr__L000203,Cc1c(cco1)c2nnc(n2/N=C/c3ccco3)SCC(=O)[O-]
dude_aldr__L000204,c1cc(ccc1Cc2nnc3n2N=C([C@@H](S3)CC(=O)[O-])c4ccc(cc4)Cl)Br
dude_aldr__L000205,C#CCOc1c(cc(cc1Cl)C2C3=C(CCCC3=O)N(C4=C2C(=O)CCC4)CCC(=O)[O-])Cl
dude_aldr__L000206,Cc1cc(c(c(c1COC(=O)c2cccc(c2)[N-]S(=O)(=O)C)C)C(=O)C)C
dude_aldr__L000207,CC(C)c1cc(on1)[N-]S(=O)(=O)c2cc(cnc2)Br
dude_aldr__L000208,Cc1c(nc(s1)NC(=O)[C@@H]2CCCC[C@@H]2C(=O)[O-])c3ccc(cc3)F
dude_aldr__L000209,CCn1c(c(c(n1)C)CN(C)C(=O)[C@@H]2CC=CC[C@H]2C(=O)[O-])C
dude_aldr__L000210,CN(CCc1ccncc1)C(=O)/C=C/c2ccc(cc2)[N-]S(=O)(=O)C
dude_aldr__L000211,Cc1c(c(n(n1)C)Cl)S(=O)(=O)/N=C(/C2CCCCC2)\[O-]
dude_aldr__L000212,CC(=O)c1cc(n(c1)C)C(=O)N2[C@@H]3CCCC[C@@H]3C[C@@H]2C(=O)[O-]
dude_aldr__L000213,Cc1ccc(cc1)n2c3ccn(c(=O)c3c(n2)C)/C=C(/NC4CCCCCC4)\[O-]
dude_aldr__L000214,CCc1ccc(cc1)n2c(nnc2[S-])Cn3c(cc(n3)C(F)(F)F)C
dude_aldr__L000215,c1cc(c(c(c1)F)N2CCc3c(ccs3)C2)C(=O)[O-]
dude_aldr__L000216,c1cc(c(cc1F)[N-]S(=O)(=O)c2ccc(s2)c3cnc(o3)C4CCCC4)F
dude_aldr__L000217,Cc1ccc(cc1)[C@@H]2[C@H]3C(=NC(=NC3=O)SC)N=C4C2=C(CCC4)[O-]
dude_aldr__L000218,CC[C@@H]1COCCN1C(=O)N[C@@H](C(=O)[O-])C(C)(C)C
dude_aldr__L000219,c1ccnc(c1)C[N-]/C(=N/C(=O)c2ccc(cc2)F)/Nc3ccc(cc3)Br
dude_aldr__L000220,CC[C@@H]1CO[C@@H](CN1C[C@@]2(CCOC2)C(=O)[O-])C
dude_aldr__L000221,CCCc1nnc(n1c2cccc3c2nccc3)[S-]
dude_aldr__L000222,Cc1cc(c(o1)C)[C@@H](C)n2c(nnc2[S-])c3ccccn3
dude_aldr__L000223,C[C@H](CS(=O)(=O)[N-]c1cccc(c1)OC)C(=O)N2CCc3ccccc3C2
dude_aldr__L000224,Cc1ccc(cc1[N-]S(=O)(=O)C)C(=O)N2CCCc3c2cc(c(c3)F)F
dude_aldr__L000225,Cc1c(c(n(n1)C)Cl)/C=C/C(=O)NNC(=O)c2cc3c(s2)CC[C@H](C3)C
dude_aldr__L000226,OC(=O)Cn2c(=O)n(Cc1ccc(Cl)c(N(=O)=O)c1)c(=O)c2=O
dude_aldr__L000227,C[C@H]1CCN([C@@H](C1)C)c2cc(c(cc2F)N)C(=O)[O-]
dude_aldr__L000228,C[C@@H]1CN(CCO1)C(=O)C[C@@](C)(C(C)C)C(=O)[O-]
dude_aldr__L000229,c1cscc1CC(=O)N2[C@H]3CCCC[C@@H]3C[C@@H]2C(=O)[O-]
dude_aldr__L000230,c1ccc(cc1)CC2CCN(CC2)C(=O)C[N-]C3=NC(=N[C@@H]4C3=NC=N4)Cl
dude_aldr__L000231,c1c(nc2c(cnn2c1C(F)F)C(=O)Nc3c(c4c(s3)CCCCCCCCCC4)C(=O)N)C5CC5
dude_aldr__L000232,OC(=O)Cc3nn(Cc2ncc(c1ccccc1)o2)c(=O)c4ccccc34
dude_aldr__L000233,CNc1c(n2ccsc2n1)S(=O)(=O)[N-]c3ncc(s3)Br
dude_aldr__L000234,c1c(csc1C(=O)[O-])I
dude_aldr__L000235,CC(=O)c1cccc(c1)S(=O)(=O)[N-]c2ccccc2SC(=O)N(C)C
dude_aldr__L000236,CCC(=O)Nc1ccc(cc1)NC(=O)NCc2ccc(c(c2)F)n3ccnc3C
dude_aldr__L000237,COc1ccc(cc1)[C@H]2c3c(nc(s3)[S-])S[C@@H]4[C@@H]2C(=O)N(C4=O)c5ccc(cc5)Cl
dude_aldr__L000238,Cc1cccc(c1Oc2c3c(ncn2)CCC3)C(=O)[O-]
dude_aldr__L000239,CCCCN(CC)C(=O)N1C[C@H](C[C@@H]1C(=O)[O-])OC
dude_aldr__L000240,Cc1cnn(c1N)[C@H](C)c2ccc(c(c2)Cl)F
dude_aldr__L000241,c1cc(cc(c1)N2CCCC2)NC(=O)c3cccc4c3OCCO4
dude_aldr__L000242,CS(=O)(=O)N[C@H]1CCCN(C1)C(=O)Nc2cccnc2n3cncn3
dude_aldr__L000243,c1c2c(cc(c1N)N3CCO[C@H]4[C@@H]3CCC4)nc[nH]c2=O
dude_aldr__L000244,c1cc(c(cc1OCc2ccc(o2)/C=N/n3cnnc3[S-])Cl)F
dude_aldr__L000245,c1cc(sc1)c2c(cn(n2)c3ccncc3)C(=O)[O-]
dude_aldr__L000246,c1cc(cc(c1)[N-]S(=O)(=O)c2cccs2)C(=O)N3CCCCCCC3
dude_aldr__L000247,CN1[C@@H](C(=N[C@H]1C(=O)[O-])Br)Br
dude_aldr__L000248,c1cc(oc1C(=O)N2CCC[C@H](C2)O)Cl
dude_aldr__L000249,C[C@H](COc1c(cc(cc1Br)[N+](=O)[O-])Br)C(=O)[O-]
dude_aldr__L000250,CC(C)C1=[NH+][C@H](C(=[NH2+])N1C2CC2)c3ccc4c(c3)CCO4
dude_aldr__L000251,CCCn1c2ccccc2nc1/N=C(/[C@H]3COc4ccccc4O3)\[O-]
dude_aldr__L000252,COc1cc(cc(c1[O-])[N+](=O)[O-])/C=N/Nc2[nH]nc(n2)SCc3nnc(o3)C(F)(F)F
dude_aldr__L000253,c1ccc2c(c1)c(n(c(=S)n2)NC(=O)C3=NN=C(C3)C(F)(F)F)[O-]
dude_aldr__L000254,CN(C1CCCCC1)C(=O)N2C[C@@H](C[C@@H]2C(=O)[O-])OC
dude_aldr__L000255,C[C@H](C(=O)N1CCC[C@@H](C1)C(=O)[O-])Oc2cccc(c2)Cl
dude_aldr__L000256,c1cc2c(cc1C(=O)N[C@H]3CCCCNC3=O)scn2
dude_aldr__L000257,c1cc(oc1)CNC(=O)C(=O)Nc2c(c3c(s2)CCC3)C(=O)[O-]
dude_aldr__L000258,C[C@@]12C[C@@H](CC(C1)(C)C)N(C2)c3c(c(ncn3)NNC(=O)c4ccc(cc4)Cl)N
dude_aldr__L000259,C[C@H](c1ccc2c(c1)OCO2)Nc3ncc(cn3)Br
dude_aldr__L000260,c1c(cc(c(c1Cl)Cl)Cl)NC(=O)C(=O)NN
dude_aldr__L000261,C[C@@H]1CCCC[C@@]1(C(=O)[O-])NC(=O)c2ccc(cn2)Br
dude_aldr__L000262,Cc1ccc(cc1)C(=O)NC2CCC(CC2)C(=O)[O-]
dude_aldr__L000263,c1cc(ccc1c2csc(n2)/C(=C\c3ccc(c(c3)[N+](=O)[O-])[O-])/C#N)Br
dude_aldr__L000264,c1c(c(no1)Br)C[C@H](C(=O)[O-])NC(=O)C(Cl)(Cl)Cl
dude_aldr__L000265,c1cc(ccc1c2ccc(o2)/C=C\3/C(=NC(=S)S3)[O-])[N+](=O)[O-]
dude_aldr__L000266,Cc1ccc(cc1)S(=O)(=O)/N=C(/[C@H]2CC(=O)N(C2)C3CCCC3)\[O-]
dude_aldr__L000267,CCn1c(c(cn1)n2c(nnc2[S-])[C@H](C)n3c(c(c(n3)C)[N+](=O)[O-])C)C
dude_aldr__L000268,CCCCS(=O)(=O)/N=C(/[C@@H]1CCCN(C1)C(=O)Cc2ccccc2)\[O-]
dude_aldr__L000269,CC[C@H]1CCCCN1C(=O)N2CCCC[C@@H]2CCC(=O)[O-]
dude_aldr__L000270,C/C=C\C=C\C(=N\S(=O)(=O)c1cnn(c1)C)\[O-]
dude_aldr__L000271,Cc1c2c([nH]n1)NC(=O)CS[C@H]2c3cccc(c3OCc4ccccc4F)OC
dude_aldr__L000272,c1csc2c1[C@H](N(CC2)C(=O)CC(F)(F)F)C(=O)[O-]
dude_aldr__L000273,Cc1cc(ccc1/C=C/C(=O)[O-])N2CCC[C@@H](C2)C
dude_aldr__L000274,Cc1c(c(n(n1)C)Cl)S(=O)(=O)[N-]c2ccccc2OCC(C)C
dude_aldr__L000275,C[C@@H]1C[C@@H](CN(C1)C(=O)c2cc(nc3c2c(nn3C)[O-])C4CC4)C
dude_aldr__L000276,Cc1cccc(c1C(=O)OC)S(=O)(=O)[N-]c2cccc(c2)OCC=C
dude_aldr__L000277,CC[C@@H]1CCCN1S(=O)(=O)c2cc(oc2Br)C(=O)[O-]
dude_aldr__L000278,CCCCS(=O)(=O)/N=C(/[C@H]1CCCC[C@@H]1C(=O)N2CCc3c2cccc3)\[O-]
dude_aldr__L000279,C[C@]12C[C@H](CC(C1)(C)C)N(C2)C(=O)c3cc(ccc3Cl)S(=O)(=O)[N-]c4cccc(c4)C(F)(F)F
dude_aldr__L000280,c1cc(ncc1C(=O)N2CCO[C@H]3[C@@H]2CCCC3)NN
dude_aldr__L000281,CCN(CC(C)C)C(=O)N1[C@H]2CCCC[C@H]2C[C@@H]1C(=O)[O-]
dude_aldr__L000282,c1ccc(c(c1)[C@@H]2C3=C(c4ccccc4C3=O)Nc5n2ncn5)Cl
dude_aldr__L000283,Cc1cccc(c1)c2ccc(c(=O)[nH]2)C(=O)NCc3n[nH]c(=S)n3C(C)C
dude_aldr__L000284,CCCn1c(nnn1)N
dude_aldr__L000285,Cc1ccc(cc1)n2c3c(c(n2)C(=O)NNC(=S)NC[C@H]4CCCO4)CCC3
dude_aldr__L000286,CC[C@H](C(=O)[O-])N(C)C(=O)c1c(ccs1)n2cnnn2
dude_aldr__L000287,CN(C)C(=O)c1ccc(c(c1)[N-]S(=O)(=O)c2cccc(c2F)Cl)OC
dude_aldr__L000288,Cc1c2c(cc(nc2n(n1)c3ccc(cc3)C(=O)[O-])c4ccccc4)C(F)F
dude_aldr__L000289,CC[C@H](C(=O)[O-])Sc1[nH]c2c(c3c(s2)CCC3)c(=O)n1
dude_aldr__L000290,c1cc(cc(c1)Cl)CSc2[n-]c3cc(cnc3n2)Br
dude_aldr__L000291,CCCCS(=O)(=O)N1CCC[C@@H]1CC(=O)[O-]
dude_aldr__L000292,c1c(nc(nc1N)Sc2cncc(n2)Cl)N
dude_aldr__L000293,c1ccc(cc1)[C@H]2NN[C@@H]3N2CCN(C3)C(=O)C4=CC5=CC=N[C@@H]5C=C4
dude_aldr__L000294,C[C@@H]1CCC2=C3C(=NC(=NC3=O)S[C@H](C)C(=O)[O-])S[C@@H]2C1
dude_aldr__L000295,Cc1c(c(n(n1)c2c(c(c(c(c2F)F)F)F)F)C)C(=O)[O-]
dude_aldr__L000296,Cc1ccccc1[C@](C)(C(=O)[O-])Sc2nnc(s2)N
dude_aldr__L000297,c1cc(sc1S(=O)(=O)N2CCO[C@@H](C2)C(=O)[O-])Br
dude_aldr__L000298,C[C@H]1CCC[C@H]([C@@H]1C)Nc2ccc(c(n2)C(=O)[O-])Cl
dude_aldr__L000299,CC[C@H](C)N(CC(=O)[O-])C(=O)c1csc2c1CC[C@@H](C2)C
dude_aldr__L000300,CCCS(=O)(=O)[N-]c1ccc(cc1)S(=O)(=O)N2CCO[C@H](C2)C
dude_aldr__L000301,CCc1ccc(cc1)NC(=O)[C@@H]2[C@H](C3=C(O2)CCC4=CN=N[C@@H]43)C
dude_aldr__L000302,c1cc(c(cc1[N-]S(=O)(=O)c2ccc(c(c2)C#N)Cl)F)OC(F)F
dude_aldr__L000303,CCCOc1ccc(cc1)[C@H](CC(=O)[O-])NC(=O)C23CC4CC(C2)CC(C4)C3
dude_aldr__L000304,COc1ccc(cc1/C=C/C(=O)N2[C@H]3CCCC[C@H]3C[C@H]2C(=O)[O-])Br
dude_aldr__L000305,C1CC[C@H]2[C@H](C1)C[C@@H](N2C(=O)[C@@H]3CCOC3)C(=O)[O-]
dude_aldr__L000306,Cc1ccc(cc1C)N2C(=O)CN=C2Nc3nc(cc(n3)C)C
dude_aldr__L000307,CCCc1ccc(c(c1)N2CCN[C@H](C2)Br)[N-]S(=O)(=O)OC
dude_aldr__L000308,c1ccc(cc1)/C=C/C=N/N2[C@H](NN=C2[S-])[C@@H]3C4=C(CCC4)N=N3
dude_aldr__L000309,C[C@@H](/C(=C(\C#N)/S(=O)(=O)c1ccc(cc1)Cl)/[O-])NC(=O)C2CCOCC2
dude_aldr__L000310,c1cc(c(cc1C(=O)N2C[C@H]3CC[C@@H]2C3)F)/C=C/C(=O)[O-]
dude_aldr__L000311,CNc1ncc(cn1)S(=O)(=O)N2CCC3(CCCC3)CC2
dude_aldr__L000312,CCn1c(c(c(n1)C)CN(CC)C(=O)c2cnn(c2)[C@H](C)C(=O)[O-])C
dude_aldr__L000313,c1cc(c(nc1)[S-])C(=O)N2CC3C[C@H]4C[C@@H](C3)CC2C4
dude_aldr__L000314,CCN(C1CCCC1)S(=O)(=O)c2cc(sc2Br)C(=O)[O-]
dude_aldr__L000315,Cc1cc(c(cc1C)[N+](=O)[O-])NC(=O)c2cscn2
dude_aldr__L000316,c1csc2c1CN(CC2)c3nnc(s3)[S-]
dude_aldr__L000317,Cc1ccccc1/N=N/c2ccc(c(c2)C)NC(=S)N[C@H](C(Cl)(Cl)Cl)NC(=O)C(C)C
dude_aldr__L000318,C1CN(CCC1CN2CCOCC2)S(=O)(=O)CC(=O)[O-]
dude_aldr__L000319,CC(C)C(=O)Nc1cccc(c1)[N-]S(=O)(=O)c2ccc(s2)Cl
dude_aldr__L000320,C[C@@H]1CCC[C@@H](C1)OC2(CCC(CC2)C)C(=O)[O-]
dude_aldr__L000321,Cc1cc(nc(n1)N/C(=N/C(=O)CSc2nc([nH]n2)N)/[N-]CCc3c[nH]c4c3cc(cc4)F)C
dude_aldr__L000322,CCCSC1=NC(=O)[C@@H]2[C@@H](C3=C(CCCC3=NC2=N1)[O-])c4ccc(cc4)Br
dude_aldr__L000323,COC1=C[C@@H]2C[C@H]3CO[P@@](=O)(N[NH+]3C[C@@H]2C=C1SC)[O-]
dude_aldr__L000324,COc1ccccc1N/C(=C(\C#N)/C(=O)/C=C/c2ccc(o2)Br)/[O-]
dude_aldr__L000325,C[C@H]1CCCCN1/C(=C/C2=CSC3=NC(=C([C@H](N23)c4ccccc4Cl)C(=O)OC)C)/[O-]
dude_aldr__L000326,C1CCCN(CCC1)C(=O)[C@@H]2C[C@@H]2C(=O)[O-]
dude_aldr__L000327,Cc1cnc(cn1)C(=O)Nc2ccc(c(c2)c3nnc4n3CCCCC4)Cl
dude_aldr__L000328,C[NH+]1CCC(CC1)NC(=O)N2CCC[C@H](C2)C(=O)[O-]
dude_aldr__L000329,Cc1c(sc(n1)C)[C@@H](C)n2c(nnc2[S-])c3ccccc3
dude_aldr__L000330,c1c(csc1S(=O)(=O)N[C@@H]2CC[C@@H]3CCCC[C@@H]3C2)C(=O)[O-]
dude_aldr__L000331,c1ccc2c(c1)CCN2C(=O)c3cccc(c3)n4c(=O)ccc(n4)[O-]
dude_aldr__L000332,Cc1ccccc1[C@@](C)(C(=O)[O-])Nc2cccc(c2C)F
dude_aldr__L000333,CCOc1ccc(cc1)[C@H]2CCCN2C(=O)Cn3c(nnc3[S-])c4cccs4
dude_aldr__L000334,Cc1ccc(cc1C)[N-]S(=O)(=O)c2cc(sc2C)[C@@H]3C=C(N=N3)C
dude_aldr__L000335,Cc1ccccc1[N-]C2=NC(=O)/C(=C\c3csc(n3)c4ccccn4)/S2
dude_aldr__L000336,Cc1c(c(n(n1)C)C)C(=O)C2=C(C(=O)N([C@H]2c3cccc(c3)OC(C)C)C)[O-]
dude_aldr__L000337,CC(C)c1cc(ncn1)N2C[C@@H](C[C@@H]2C(=O)[O-])OC
dude_aldr__L000338,Cc1c(sc(n1)C(C)C)/C(=N/S(=O)(=O)N2CCCC2)/[O-]
dude_aldr__L000339,Cc1c(c(n(n1)[C@]2(CCS(=O)(=O)C2)C)C)C(=O)[O-]
dude_aldr__L000340,Cc1c(sc(c1C#N)NC=C2C(=O)NC(=S)NC2=O)C
dude_aldr__L000341,Cc1cc(c(n1CCOC)C)/C=N/n2c(nnc2[S-])c3cccc(c3)Cl
dude_aldr__L000342,CN(C)c1ccc(cc1)c2n(c(c([n+]2[O-])c3ccccc3)c4ccccc4)[O-]
dude_aldr__L000343,Cc1cc(no1)C(=O)Nc2ccnn2C3CCCCC3
dude_aldr__L000344,Cc1cc(cc(c1)N2CC[C@H](C2=O)/C(=C(\C#N)/C(=O)c3ccoc3C)/[O-])C
dude_aldr__L000345,Cc1ccc(c(c1)N[C@@H](C)c2cc(oc2C)C)C(=O)[O-]
dude_aldr__L000346,Cc1c(c2c(cn1)[C@](OC2)(C(F)(F)[P@](=O)(O)[O-])O)O
dude_aldr__L000347,Cc1c(c2c(n1OC)-c3c(c(=O)cc[nH]3)C(=O)CC2)O
dude_aldr__L000348,Cc1ccccc1SC2(CCSCC2)C(=O)[O-]
dude_aldr__L000349,C1CC(CCC1C(=O)[O-])N2C(=O)[C@@H]3CC=CC[C@H]3C2=O
dude_aldr__L000350,Cc1cccn2c1nc(c2C(=O)C3=C(C(=O)N([C@H]3c4cccc(c4)[N+](=O)[O-])Cc5ccco5)[O-])C
dude_aldr__L000351,c1ccc(cc1)n2c(c(c3n2cc(n3)c4ccc(cc4)F)C5=NCCC5)[O-]
dude_aldr__L000352,CNC(=O)c1c2c(sc1NC(=O)[C@@H]3COc4ccccc4O3)CCCCC2
dude_aldr__L000353,CSc1cnc2n1c(cc(c2)S(=O)(=O)Oc3ccccc3)[O-]
dude_aldr__L000354,COC(=O)c1ccccc1S(=O)(=O)[N-]c2ncc(s2)c3ccccc3
dude_aldr__L000355,C1CC1[S@](=O)O
dude_aldr__L000356,c1ccc(cc1)Cn2c3c(cn2)[C@@H](CCC3)NC(=O)[C@H]4[C@H]5C[C@@H]([C@H]4C(=O)[O-])C=C5
dude_aldr__L000357,Cc1c(nnc(c1C(=O)[O-])N(C)C2CCCCC2)C
dude_aldr__L000358,COc1cc(ccc1OCc2ccccc2)/C=N\n3c(nnc3[S-])c4ccc(cc4)Cl
dude_aldr__L000359,CCC/C(=N/S(=O)(=O)c1cccc(c1)I)/[O-]
dude_aldr__L000360,C[C@H]1CCc2c(cc(s2)/C(=C(/C#N)\C(=O)c3ccco3)/[O-])C1
dude_aldr__L000361,CC(C)[NH+]1CCc2c(c(nn2C)C(=O)NC3CCCC3)C1
dude_aldr__L000362,CCCSc1nc(c2c3c(sc2n1)COC(C3)(C)C)[S-]
dude_aldr__L000363,Cc1cccc(c1C)OCC(=O)N/N=C/c2c(nn(c2[O-])c3ccccc3)C
dude_aldr__L000364,Cc1c(c2c(n1c3ccccc3O)-c4c(c(=O)cc[nH]4)C(=O)CC2)F
dude_aldr__L000365,Cc1ccc(cc1OC)[C@H](c2ccc3c(c2)oc(n3)[O-])Br
dude_aldr__L000366,c1ccc2c(c1)cc(c(=O)o2)c3csc(n3)/C(=C/c4ccccc4C(=O)[O-])/C#N
dude_aldr__L000367,CN1CCN(CC1)C(=O)C2(CCC2)C(=O)[O-]
dude_aldr__L000368,C1C[C@H]2[C@H](C1)OCCN2S(=O)(=O)N3CCC[C@@H](C3)C(=O)[O-]
dude_aldr__L000369,Cc1c(c(n[nH]1)O)[C@@H](c2ccc(cc2)N(C)c3ccccc3)c4c(n[nH]c4O)C
dude_aldr__L000370,Cc1ccoc1C(=O)N2CCc3c(ccs3)[C@@H]2C(=O)[O-]
dude_aldr__L000371,C[C@@H](CN(C)C(=O)c1ccc(c(c1)[N-]S(=O)(=O)C)F)c2ccccc2
dude_aldr__L000372,CCN(CC(=C)C)C(=O)N1[C@H]2CCCC[C@H]2C[C@@H]1C(=O)[O-]
dude_aldr__L000373,CCc1cccc(c1)[N-]S(=O)(=O)c2cc(cs2)c3nnc(o3)CC
dude_aldr__L000374,c1cc(c(cc1c2nnnn2C3CCS(=O)(=O)CC3)N)Cl
dude_aldr__L000375,CCc1nn2c(c(nc2s1)C)S(=O)(=O)[N-]c3ccc(cc3Cl)C
dude_aldr__L000376,c1c(c[nH]c1C(=O)[O-])C(=O)C[C@H]2C[C@H]3CC[C@@H]2C3
dude_aldr__L000377,Cc1ccc(c(c1)Nc2c(c(ncn2)N3CCN(CC3)C(c4ccccc4)c5ccccc5)N)C
dude_aldr__L000378,C[C@@H]1CCc2c(sc3c2c4nn(c(=O)n4cn3)CC(=O)NC5CCCC5)C1
dude_aldr__L000379,CSc1ccc(cc1)[N-]S(=O)(=O)c2ccc(cc2)n3cnnn3
dude_aldr__L000380,c1cc(oc1C(=O)[O-])S(=O)(=O)N2CCC[C@@H]2C3CCCC3
dude_aldr__L000381,CCOc1ccc(cc1)[C@@H]2C(=C(C(=O)N2c3nnc(s3)SCC)[O-])C(=O)c4ccc(c(c4)C)OCC
dude_aldr__L000382,COC(=O)Nc1cccc(c1)[N-]S(=O)(=O)c2ccc(cc2)Br
dude_aldr__L000383,CCN(C(=O)/C=C/c1ccc(s1)Cl)C(C)(C)C(=O)[O-]
dude_aldr__L000384,C[C@H]1CCCN(C1)c2nc3c(n2CC(=O)[O-])c(=O)n(c(=O)n3C)C
dude_aldr__L000385,CC1=C(C(=O)OC1(C)C)[C@](C)([C@@](C)(C2=C(C(OC2=O)(C)C)C)O)O
dude_aldr__L000386,Cc1ccc(o1)/C=C/C(=O)OCC(=O)Nc2c(c3c(s2)CCCC3)C(=O)N
dude_aldr__L000387,c1coc(c1C(=O)[O-])Cn2cc(c(n2)[N+](=O)[O-])Br
dude_aldr__L000388,C[C@]12CC[C@H]3[C@H]([C@@H]1CC[C@@H]2O)CCC4=C/C(=N\OCC(=O)[O-])/CC[C@]34C
dude_aldr__L000389,Cc1ccc(cc1S(=O)(=O)[N-]c2ccc(c3c2n[nH]c3)C)C(=O)OC
dude_aldr__L000390,C1[C@H](CN([C@@H]1C(=O)[O-])C(=O)C23CC4CC(C2)CC(C4)C3)O
dude_aldr__L000391,c1cc(ccc1C#N)S(=O)(=O)/N=C(/CCc2nccs2)\[O-]
dude_aldr__L000392,Cc1c(c(n(n1)C/C(=N/S(=O)(=O)N(C)C)/[O-])C)[N+](=O)[O-]
dude_aldr__L000393,C[C@@H]1CCCN(C1)C(=O)c2cn(c3cccc(c3c2=O)N)C
dude_aldr__L000394,Cc1ccc(s1)S(=O)(=O)[N-]c2ccc(cc2)C(=O)N3CCOC[C@@H]3C
dude_aldr__L000395,CC(C)[C@](C)(CC(=O)N1CCN(CC1)C2CC2)C(=O)[O-]
dude_aldr__L000396,COc1ccc(cc1[N-]S(=O)(=O)c2cc(cc(c2)F)F)C#N
dude_aldr__L000397,c1cc(cc(c1)[N-]S(=O)(=O)c2ccc(cc2)N3CCOC3=O)C#N
dude_aldr__L000398,CCOC(=O)[C@H]1CCCN(C1)C(=O)CCc2c(nc(nn2)c3ccc(cc3)OCc4cccc(c4)F)[O-]
dude_aldr__L000399,Cc1c2c([nH]c1C(=O)[O-])C[C@@H](CC2=O)c3ccccc3
dude_aldr__L000400,CC(C)n1c(=S)[nH]nc1N2CC[NH+](CC2)C(C)(C)C
dude_aldr__L000401,CC(=O)Nc1ccc(cc1)OC(=O)c2cc(ccc2[N-]S(=O)(=O)C)F
dude_aldr__L000402,Cn1c(nnn1)S[C@H]2CCc3ccccc3N=C2O
dude_aldr__L000403,CC(=O)O[C@@H]1CO[C@@H]([C@@H]([C@@H]1OC(=O)C)OC(=O)C)n2c(nc(=S)cn2)[O-]
dude_aldr__L000404,Cc1cc(cc(c1NC(=O)[C@H]2CCCC[C@@H]2C(=O)[O-])C)Br
dude_aldr__L000405,Cc1cccc(c1[N-]S(=O)(=O)c2ccc(s2)c3c(c(no3)C)C)C
dude_aldr__L000406,c1cc2c(cc1[C@@H](c3ccc4c(c3)OCO4)Br)oc(n2)[O-]
dude_aldr__L000407,OC(=O)CC2c1cc(F)ccc1c3ccc(F)cc23
dude_aldr__L000408,c1cc(cc(c1)[N-]S(=O)(=O)c2cccc(c2)C(=O)N3CCCC3)C#N
dude_aldr__L000409,C1CCC(CC1)(CC(=O)N2CCCOCC2)C(=O)[O-]
dude_aldr__L000410,Cc1ccc(cc1)c2nc(cn2c3ccccc3Cl)C(=O)[O-]
dude_aldr__L000411,Cc1c(cn[nH]1)S(=O)(=O)[N-]c2ccc(cc2)n3cnnn3
dude_aldr__L000412,c1c(ncs1)C[C@@H]([C@@H]2CCS(=O)(=O)C2)C(=O)[O-]
dude_aldr__L000413,CCCc1nnc(n1CC(=O)N2CCC[C@H]2Cc3cccc(c3)F)[S-]
dude_aldr__L000414,Cc1ccc(c(c1N2C(=O)CC3(C2=O)CCCC3)C)N
dude_aldr__L000415,c1cc2c(cc1[C@@H]3CC(=O)C=C([C@@H]3n4cncn4)[O-])OCO2
dude_aldr__L000416,c1ccc(cc1)Sc2cc(cc(c2)[N+](=O)[O-])N[C@H]3[C@@H]([C@@H]([C@@H]([C@@H](O3)CO)O)O)O
dude_aldr__L000417,Cc1ccc(cc1)n2c3c(c(n2)C)c(cc(n3)c4cccnc4)C(=O)[O-]
dude_aldr__L000418,c1cn(cn1)c2nc[nH]n2
dude_aldr__L000419,COc1ccc(cc1F)S(=O)(=O)[N-]c2c3ccccc3oc2C(=O)c4ccc(cc4)Cl
dude_aldr__L000420,c1cc(oc1)c2nc(cs2)/C=C/3\C(=NC(=S)S3)[O-]
dude_aldr__L000421,c1ccc(c(c1)[N-]S(=O)(=O)c2ccc(cc2)C(=O)N[C@@H]3CCOC3=O)F
dude_aldr__L000422,C[C@@H](c1ccc(cc1)Cl)n2c(nnc2[S-])c3cnccn3
dude_aldr__L000423,c1cc(oc1)[C@H]2CC(=NN2C(=O)CSc3nc(cc(n3)N)N)c4ccc(cc4)Cl
dude_aldr__L000424,C[C@H]1CCCN1C(=O)N[C@@H]([C@@H](C)O)C(=O)[O-]
dude_aldr__L000425,c1ccc(cc1)S(=O)(=O)[N-]c2ccc(c(c2)Cl)C(=O)NC[C@H]3CCCO3
dude_aldr__L000426,Cc1c(c(n2c(n1)c(cn2)C#N)[O-])CC(=O)N3CCN(CC3)C(=O)[C@@H]4CCS(=O)(=O)C4
dude_aldr__L000427,Cc1c(c(on1)C)CC(=O)N(C)C[C@@H](C)C(=O)[O-]
dude_aldr__L000428,Cc1cccc(c1C)NC(=O)N2CCC[C@@H](C2)C(=O)Nc3nccs3
dude_aldr__L000429,CC(C)c1nnnn1[C@@H](CCSC)C(=O)[O-]
dude_aldr__L000430,Cc1c(c(on1)C)S(=O)(=O)N2CCC[C@H](C2)Cn3cc(nn3)C(=O)[O-]
dude_aldr__L000431,Cc1ccsc1C(=O)N2CCc3cc(c(cc3[C@@H]2CC(=O)[O-])OC)OC
dude_aldr__L000432,Cc1ccc(cc1)c2nnc(n2CC(=O)N[C@H](C)CN3CCOCC3)[S-]
dude_aldr__L000433,Cc1csc(n1)NC(=O)[C@H]2[C@H]3C=C[C@@H]([C@@H]2C(=O)[O-])O3
dude_aldr__L000434,Cc1cccc(c1)NC(=O)[C@H]2CCCN(C2)c3nc(cc(n3)C)C
dude_aldr__L000435,COc1ccc(cc1)[C@@H]2c3c(nc(s3)[S-])S[C@@H]4[C@@H]2C(=O)N(C4=O)c5ccc(cc5)Cl
dude_aldr__L000436,C[C@@H]1CCC[C@@H]([C@@H]1C)NC(=O)c2ccc(cc2)NC3=N[C@@H]4CS(=O)(=O)C[C@@H]4S3
dude_aldr__L000437,Cc1ccc(cc1)[C@H]2[C@@H]3CC=C[C@H]3c4c(ccc(c4N2)C)C(=O)[O-]
dude_aldr__L000438,Cc1ccc(cc1)c2c(cn(n2)c3ccccc3)/C=C(\C#N)/c4nc5ccccc5c(n4)[O-]
dude_aldr__L000439,C[C@@H]1CCC[C@](C1)(C(=O)[O-])NC(=O)N(C)[C@@H]2CCSC2
dude_aldr__L000440,c1cnc(nc1)SCc2nnc(n2c3ccc(cc3)F)[S-]
dude_aldr__L000441,c1cc(c2c(c1)OCCO2)C(=O)Nc3ccc(c(c3)Cl)n4cccn4
dude_aldr__L000442,c1c(cc(cc1[N+](=O)[O-])[N+](=O)[O-])C(=O)N2CCC(CC2)C(=O)NN
dude_aldr__L000443,COC(=O)c1c(c2cc(ccc2[nH]1)F)[N-]S(=O)(=O)c3ccc(s3)Cl
dude_aldr__L000444,Cc1ccc(cc1C(F)(F)F)S(=O)(=O)N2C[C@H](CC[C@@H]2C)C(=O)N
dude_aldr__L000445,Cc1c(cco1)/C(=C(\C#N)/C(=O)c2ccccc2I)/[O-]
dude_aldr__L000446,CCOc1ccccc1OCCCC(=O)N2[C@H]3CCCC[C@H]3C[C@H]2C(=O)[O-]
dude_aldr__L000447,Cc1c(scn1)C(=O)N[C@H]2CCCc3c2ccc(=O)[nH]3
dude_aldr__L000448,C[C@H]1C[C@H](CC(C1)(C)C)C/C(=N/S(=O)(=O)c2ccc3c(c2)CCC(=O)N3)/[O-]
dude_aldr__L000449,Cc1cc(cc(c1)n2c(nc3c2ccc(c3)N)C)C
dude_aldr__L000450,C[C@H]1CC(=O)N([C@@H]([C@@H]1C(=O)[O-])C)C[C@@H](C)COC
dude_aldr__L000451,CCCCN1[C@H](C(=C(C1=O)[O-])C(=O)c2ccc(c(c2)C)OC(C)C)c3cccc(c3)Br
dude_aldr__L000452,CC(=O)c1ccc(cc1)S(=O)(=O)[N-]c2cccc(c2)C3SCCCS3
dude_aldr__L000453,COc1ccc(cc1)[C@@H](c2c3ccccc3n(c2c4ccccc4)[O-])N5CCOCC5
dude_aldr__L000454,c1c2c(cc3c1OCCO3)nc([nH]2)c4csc(n4)N
dude_aldr__L000455,C[C@H](c1ccsc1)NC(=O)C(=O)[O-]
dude_aldr__L000456,C[C@H]1CCC[C@H](C1)N(C)c2ccc(cc2N)S(=O)(=O)N
dude_aldr__L000457,Cn1c(c(c(n1)c2ccn[nH]2)c3ccc4c(c3)OCO4)N
dude_aldr__L000458,C[C@H]1CCN([C@@H](C1)C)C(=O)N2C[C@@H](C[C@H]2C(=O)[O-])O
dude_aldr__L000459,C[C@@]1(CC[C@H]2C(=C1)[C@@H](C[C@@H]3[C@@]2(CCC[C@@]3(C)C(=O)[O-])C)O)C=C
dude_aldr__L000460,Cc1cccc(c1)N2C(=O)/C(=C\c3cn(c4c3cccc4)Cc5ccc(cc5)Cl)/N=C2[S-]
dude_aldr__L000461,CC[C@@H]1CCCCN1C(=O)c2cccc(c2)[N-]S(=O)(=O)c3cccs3
dude_aldr__L000462,CCN(Cc1ccc(s1)Br)C(=O)C[C@](C)(C(C)C)C(=O)[O-]
dude_aldr__L000463,c1cc(c(nc1)Cl)S(=O)(=O)[N-]c2ncc(s2)Br
dude_aldr__L000464,Cc1ccc(cc1C)S[C@@](C)(C2CC2)C(=O)[O-]
dude_aldr__L000465,C[C@@H](c1c(ccs1)Br)Nc2cccc(c2)c3[n-]nnn3
dude_aldr__L000466,c1c(cn(n1)C(=O)[C@H]2[C@H]3CC[C@@H]([C@@H]2C(=O)[O-])O3)Cl
dude_aldr__L000467,CC(=C)[C@@H]1C[C@@H](C(=C)[C@@H](CCC(=C)[C@@H](C1)O[C@@H]2[C@@H]([C@@H]([C@@H]([C@@H](O2)CO)O)O)O)O)O
dude_aldr__L000468,CCS(=O)(=O)[N-]c1ccc(cc1)NC(=O)c2cc(n(c2C)C3CC3)C
dude_aldr__L000469,c1cc(ccc1C(c2ccc(cc2)F)N3CCN(CC3)S(=O)(=O)c4ccc(c(c4)C(=O)[O-])F)F
dude_aldr__L000470,C[C@@H](CC#N)ON
dude_aldr__L000471,c1cc(cc(c1)Oc2cnccn2)[N-]S(=O)(=O)c3ccc(c(c3)C(F)(F)F)Cl
dude_aldr__L000472,CCCCS(=O)(=O)/N=C(/c1cnn(c1n2c(ccc2C)C)C)\[O-]
dude_aldr__L000473,c1c2c(cc(c1F)N3CCNC(=O)C3)n(cc(c2=O)C(=O)[O-])C4CC4
dude_aldr__L000474,CC[C@@H](C(=O)[O-])n1c(nc2c(c1=O)c3c(s2)C[C@H](CC3)C)C
dude_aldr__L000475,c1cc(cc(c1)Nc2ccnc3c2c(ccc3F)F)C(=O)[O-]
dude_aldr__L000476,C1Cc2c(sc(c2C(=O)[O-])NC(=O)[C@@H]3COCCO3)C1
dude_aldr__L000477,CC[C@@H](/C(=N/S(=O)(=O)N1CCC(CC1)C(=O)OC)/[O-])OC
dude_aldr__L000478,C[C@@H]1CN(C[C@H](O1)C)c2nnc(n2c3ccccc3)[S-]
dude_aldr__L000479,C[C@H]1CCCC[C@@H]1NC(=O)c2ccccc2C(=O)[O-]
dude_aldr__L000480,CS(=O)(=O)N1CCC[C@H]1C(=O)N2CCC[C@@H](C2)C(=O)[O-]
dude_aldr__L000481,CCOc1ccc(cc1Cl)[N-]S(=O)(=O)c2ccc(cc2)S(=O)(=O)C
dude_aldr__L000482,c1cc(ccc1/C(=C/C2=NC(=S)NC2=O)/[O-])Cl
dude_aldr__L000483,CS(=O)(=O)c1ccc(c(c1)[N-]S(=O)(=O)c2c(cc(cc2F)F)F)F
dude_aldr__L000484,c1ccc2c(c1)CCC[C@@H]2NC(=O)COc3c(cc(cc3Cl)C(=O)[O-])Cl
dude_aldr__L000485,CN(CCOc1cccc(c1)F)C(=O)/C=C/c2ccc(cc2)[N-]S(=O)(=O)C
dude_aldr__L000486,CCn1cnnc1[C@@H]2Cc3ccccc3CN2
dude_aldr__L000487,CC(C)S(=O)(=O)NC[C@@H]1CCCN(C1)C(=O)NC2CCC(CC2)O
dude_aldr__L000488,c1nnnn1c2c(c3c(s2)CCC3)C(=O)NC4CCCC4
dude_aldr__L000489,C[C@H](CN(C)C(=O)N1CCS(=O)(=O)CC1)C(=O)[O-]
dude_aldr__L000490,C[C@@H]1c2cc3c(cc2C4(CCCC4)CN1CC5=NS(=O)(=O)c6ccccc6[N-]5)OCCO3
dude_aldr__L000491,CCSc1nnc(s1)/N=C(/C2=NN=C(C2)c3ccc(c(c3O)C)C)\[O-]
dude_aldr__L000492,CC1(CCN(CC1)C(=O)N2CCCC[C@@H]2CC(=O)[O-])C
dude_aldr__L000493,C[C@@H]1CCc2c(sc3c2c(nc(n3)c4cccnc4)Sc5c(cccn5)C(=O)[O-])C1
dude_aldr__L000494,CC[C@@]1(CCCN(C1)C(=O)CN(C)C(=O)C)C(=O)[O-]
dude_aldr__L000495,Cc1ccc(cc1C)OCCC(=O)N2CSC[C@H]2C(=O)[O-]
dude_aldr__L000496,C[C@H]1CN(c2cc(ccc2S1)S(=O)(=O)[N-]c3cccc(c3)C(F)(F)F)C(=O)C4CC4
dude_aldr__L000497,Cc1ccc(cc1Cl)N2C(=O)/C(=C/c3cc(n(c3C)CCOC)C)/C(=NC2=S)[O-]
dude_aldr__L000498,c1cc(c(cc1n2cnnn2)[N-]S(=O)(=O)c3ccc(s3)Cl)F
dude_aldr__L000499,Cn1cc(cn1)c2cc(n3c(n2)c(c(n3)C(F)(F)F)c4ccccc4)[O-]
dude_aldr__L000500,Cc1ccc(cc1[N-]S(=O)(=O)C)NC(=O)c2cnc(s2)c3cccs3
dude_aldr__L000501,c1cc2cccnc2c(c1)[N-]S(=O)(=O)c3cc(cnc3)Br
dude_aldr__L000502,COc1cc2c(cc1OC)[C@H](N(CC2)C(=O)c3ccc4c(c3)CCC4)CC(=O)[O-]
dude_aldr__L000503,CC[C@@H](C)[C@H](C(=O)[O-])NC(=O)c1csc(n1)NC(=O)C(C)C
dude_aldr__L000504,C[C@H]1CCCN(C1)C(=O)[C@H]2[C@@H]3C[C@H]([C@@H]2C(=O)[O-])C=C3
dude_aldr__L000505,Cc1csc(n1)NC(=O)CCc2c(nc3ncnn3c2[O-])C
dude_aldr__L000506,C[C@@H]1CN(CCO1)c2ccc(cc2)[N-]S(=O)(=O)c3nnc(s3)NC(=O)C
dude_aldr__L000507,COc1cc(c(cc1OC)Br)[N-]S(=O)(=O)c2cccs2
dude_aldr__L000508,CC(C)c1c(nnn1c2c(cc(cc2Br)Br)Br)C(=O)[O-]
dude_aldr__L000509,COC(=O)N1CCN(CC1)C/C(=N/c2nncs2)/[O-]
dude_aldr__L000510,Cc1ccc(cc1C(=O)N(C)c2ccc(c(c2)F)F)S(=O)(=O)N
dude_aldr__L000511,Cc1cc(ccc1[N-]S(=O)(=O)c2ccc(s2)c3nnc(o3)C4CCC4)F
dude_aldr__L000512,c1cc(oc1)c2c3cn(nc3c(nn2)[O-])c4ccc(cc4)Br
dude_aldr__L000513,Cc1c(cnn1c2ccc(cc2)OC(F)(F)F)C(=O)[O-]
dude_aldr__L000514,C[C@@H]1CCC[C@H](N1S(=O)(=O)c2cn(nc2N)C)C
dude_aldr__L000515,Cc1ccc(cc1C)NC(=O)[C@@H]2CC(=O)N/C(=N/N=C/c3ccccc3)/S2
dude_aldr__L000516,CCOc1ccc(cc1OCC)/C=C(\c2nc(c3c4c(sc3n2)CCCC4)[O-])/Cl
dude_aldr__L000517,C[C@@H]1CCc2c(sc(c2C#N)NC(=O)[C@@H]3COc4ccccc4O3)C1
dude_aldr__L000518,CCCc1c2c([nH]n1)OC(=C([C@H]2c3cccc(c3)OCc4c(cccc4Cl)Cl)C#N)N
dude_aldr__L000519,CCCC/C(=C/1\C(=O)[C@H](C([C@@](C1=O)(C(=O)OC)Cl)(C)C)Cl)/[O-]
dude_aldr__L000520,CCSc1nc2c(nn1)-c3ccccc3N[C@@H](O2)c4cccn4C
dude_aldr__L000521,c1ccc2c(c1)[C@H](CCS2)NC(=O)Nc3nncs3
dude_aldr__L000522,C1CCc2nnc(n2CC1)S[C@@H]3CCCC[C@@H]3C(=O)[O-]
dude_aldr__L000523,c1ccc(c(c1)/C=N/n2c(nnc2[S-])c3c4c(n[nH]3)CCC4)Br
dude_aldr__L000524,c1ccc(c(c1)[N-]S(=O)(=O)c2ccc(s2)Cl)OCC#N
dude_aldr__L000525,Cc1ccc(cc1C)C(=O)Nc2c3c(n(n2)C)NC(=O)C[C@H]3c4cccs4
dude_aldr__L000526,OC(=O)CN(C(=O)c2ccc(NC(=O)c1ccccc1)cc2)c3ccccc3
dude_aldr__L000527,CCSc1nc(c(c(n1)[O-])I)C
dude_aldr__L000528,c1cc(ccc1NS(=O)(=O)c2ccc3c(c2)oc(n3)[O-])OC(F)(F)Cl
dude_aldr__L000529,Cc1cc(nc(c1C(=O)[O-])S[C@@H](C)C(=O)Nc2ccc(c(c2)Cl)C#N)C
dude_aldr__L000530,Cc1ccc(cc1N[C@@H]2COC[C@H]2O)Br
dude_aldr__L000531,Cc1nc(n(n1)[C@]2(CCCC[C@H]2C(C)(C)C)C(=O)[O-])C
dude_aldr__L000532,CCc1ccc(cc1)/N=C/c2cc(cc(c2[O-])[N+](=O)[O-])Br
dude_aldr__L000533,c1cc(c2c(c1Cl)[C@@H]3C=CC[C@H]3[C@@H](N2)C(=O)[O-])Cl
dude_aldr__L000534,CC(C)Sc1c(cc(cn1)Br)C(=O)[O-]
dude_aldr__L000535,c1ccc(c(c1)[N-]S(=O)(=O)C2CCCCC2)N3CCC(CC3)C(=O)N
dude_aldr__L000536,CC(C)c1c(c(nn1c2ccncc2)C(=O)[O-])I
dude_aldr__L000537,Cn1cc(cn1)S(=O)(=O)[N-]c2nc(c(s2)Cc3ccccc3F)C4CC4
dude_aldr__L000538,CS(=O)(=O)N[C@@H]1Nc2ccc(cc2S1)C(=O)NC3=C[C@H]4C(=CC=N4)C=C3
dude_aldr__L000539,C[C@H](C1CC1)n2c(nnc2[S-])c3ccncc3
dude_aldr__L000540,Cc1nc2c(c3c(s2)C[C@H](CC3)C)c4n1nc(n4)CCC(=O)[O-]
dude_aldr__L000541,C[C@@H](c1ccc(cc1)F)NC(=O)[C@H](C)OC(=O)c2cc(ccc2F)S(=O)(=O)N
dude_aldr__L000542,c1ccc(cc1)N2C[C@H](CC2=O)/C(=C(\C#N)/C(=O)N3CCCCC3)/[O-]
dude_aldr__L000543,CCc1c(c(n(n1)C2CCCC2)Cl)C(=O)[O-]
dude_aldr__L000544,c1cc(cc(c1)N)[C@H]2N(C(=O)CS2)c3ccc4c(c3)CCC4
dude_aldr__L000545,C[C@@H]([C@H]1CCCO1)NC(=O)c2ccc(cc2)S(=O)(=O)[N-]c3ccccc3F
dude_aldr__L000546,Cc1c(c(n(n1)c2ccc(cc2)Cl)C)C/C(=C(/C#N)\C(=O)N3CCCC3)/[O-]
dude_aldr__L000547,Cc1ccc(cc1)[C@H]2C(=C(C(=O)N2CCCN3CCOCC3)[O-])C(=O)c4ccc(cc4C)OCC(C)C
dude_aldr__L000548,c1c(c(=O)[nH]c(=O)n1[C@H]2[C@H]([C@@H]([C@@H](O2)CO)O)O)/N=N/N3CCCC3
dude_aldr__L000549,CCCOc1c(cc(cc1Br)C(=O)N2CCCc3c2cccc3C(=O)[O-])OC
dude_aldr__L000550,Cc1cc(cc(c1)n2c(cc(c2C)/C=C/3\C(=NC(=S)S3)[O-])C)C
dude_aldr__L000551,Cc1cc(ccc1Cl)O[C@H](C)C(=O)N2CCC[C@H]2C(=O)[O-]
dude_aldr__L000552,C[C@H](C(=O)OC)S(=O)(=O)[N-]c1cc(ccc1F)S(=O)(=O)N
dude_aldr__L000553,c1ccc2c(c1)CC[C@H]2NC(=O)C(=O)Nc3ccc(nc3)NC(=O)C4CC4
dude_aldr__L000554,CC(C)c1ccc(cc1)[N-]S(=O)(=O)c2cc(cs2)c3nnc(o3)C4CC4
dude_aldr__L000555,c1csc2c1c(nc(n2)c3cc(c(c(c3)F)F)F)NN
dude_aldr__L000556,c1ccc(cc1)c2cnc(n2C[C@@H]3CCCO3)SCc4c(cco4)C(=O)[O-]
dude_aldr__L000557,Cc1c(sc(n1)N)S[C@](C)(CC(C)C)C(=O)[O-]
dude_aldr__L000558,Cc1cccc(c1C(=O)OC)S(=O)(=O)[N-]c2cc(ccc2C)S(=O)(=O)N
dude_aldr__L000559,CC(C)Oc1ccc(cc1)C(=O)NC(=S)/N=C/2\C=CC3=NC(=NC3=C2)[O-]
dude_aldr__L000560,c1cc(sc1)[C@H](Cc2ccc(c(c2)Br)O)C(=O)[O-]
dude_aldr__L000561,CS(=O)(=O)N1CCN(CC1)C(=O)[C@H]2[C@H]3C=C[C@@H]([C@@H]2C(=O)[O-])O3
dude_aldr__L000562,CC1=C2C(=NC(=NC2=O)/C=C/c3ccccc3OC(F)F)S[C@@H]1C(=O)[O-]
dude_aldr__L000563,c1ccc2c(c1)/C(=N/c3ccc(cc3)CCc4cccnc4)/C=C(C2=O)[O-]
dude_aldr__L000564,Cc1cc(c(n1[C@@H](C)COC)C)/C=C(/C#N)\C(=N\S(=O)(=O)C)\[O-]
dude_aldr__L000565,C[C@H](CC#N)Sc1ccccc1[N-]S(=O)(=O)c2ccc(cc2)C(=O)OC
dude_aldr__L000566,Cc1ccc(cc1)S(=O)(=O)[N-]c2c3ccsc3ncn2
dude_aldr__L000567,Cc1c(cc(s1)C(=O)N2CCN(CC2)c3nccs3)N
dude_aldr__L000568,COc1ccc(cc1OC)c2nc(cs2)c3nnc(n3CC=C)[S-]
dude_aldr__L000569,COc2ccc1c(C(=S)N(C)CC(O)=O)cccc1c2C(F)(F)F
dude_aldr__L000570,c1cc(ccc1c2ccc(o2)/C=C(\C#N)/c3nc(cs3)c4ccc(cc4)F)C(=O)[O-]
dude_aldr__L000571,Cc1c(sc(n1)[S-])CC(=O)Nc2ccn(n2)Cc3cccc4c3nccc4
dude_aldr__L000572,C(=C1C(=O)NC(=O)NC1=O)C(Cl)(Cl)Cl
dude_aldr__L000573,c1cc(c(cc1Br)n2c(nnn2)C3CCCCC3)C(=O)[O-]
dude_aldr__L000574,Cc1cccc(c1C(=O)OC)S(=O)(=O)[N-]c2cccc(c2)COC(C)C
dude_aldr__L000575,Cc1ccccc1S(=O)(=O)[N-]c2c3c4c(sc3nc(n2)C)CCC4
dude_aldr__L000576,COc1ccc(c2c1CN(C[C@@H]2O)c3ncc(c(n3)N)[N+](=O)[O-])OC
dude_aldr__L000577,CCC[C@@H]1CCCN(CC1)C(=O)c2cccc(c2)[N-]S(=O)(=O)C
dude_aldr__L000578,c1ccc(cc1)N(c2ccccc2)C(=O)CSC3=C([C@@H](C4=C(CCCC4=N3)[O-])c5ccccc5F)C#N
dude_aldr__L000579,CCOc1c(nc(o1)[C@@H]2CCCOC2)C(=O)[O-]
dude_aldr__L000580,c1ccc(cc1)C[C@H](CO)NC(=O)[C@@H]2[N-]C(=NO2)C3=CC=C[C@@H]4C3=CC=N4
dude_aldr__L000581,CC1=C[C@@H](N=N1)c2ccc(s2)S(=O)(=O)[N-]c3ccc(cc3)C#N
dude_aldr__L000582,Cc1c(sc(c1C#N)[N-]S(=O)(=O)c2cn(nc2N)C)C
dude_aldr__L000583,Cc1cc(ccc1Br)[N-]S(=O)(=O)c2ccc(s2)c3nnc(o3)C
dude_aldr__L000584,c1cc(nc(c1)[N-]S(=O)(=O)C2CCOCC2)C#CCO
dude_aldr__L000585,CC[C@@H](C(=O)[O-])N(C)C(=O)c1c(cnc(n1)SC)Cl
dude_aldr__L000586,C[C@H](C(=O)[O-])S(=O)(=O)N1CCC[C@@H](C1)c2nncn2C
dude_aldr__L000587,CC[C@@H]1CCc2c(cc(s2)C(=O)NN3C(=O)C4(CCCCC4)NC3=O)C1
dude_aldr__L000588,C=CCN/C(=C(\C#N)/C(=O)[C@H]1CC(=O)N(C1)c2cc(cc(c2)Cl)Cl)/[O-]
dude_aldr__L000589,c1cc(ccc1c2cc(nn2[C@@H]3CCS(=O)(=O)C3)C(=O)[O-])Cl
dude_aldr__L000590,CC1(CCCC1)NC(=O)Nc2c(ccs2)C(=O)[O-]
dude_aldr__L000591,c1cc2c(cc1[C@H]3CCCN3C(=O)Nc4ccc5c(c4)CCC5)OCCO2
dude_aldr__L000592,Cc1c(c(n2c(n1)nc(n2)C(=O)N3CCCCC3)[O-])Cl
dude_aldr__L000593,c1c2c(sc1C(=O)N3C[C@@H](C[C@@H]3C(=O)[O-])O)CCCC2
dude_aldr__L000594,CN(CCOC)C(=O)N1CCC[C@H](C1)CC(=O)[O-]
dude_aldr__L000595,Cc1c(c2ccccc2[nH]1)[C@H](c3ccc4c(c3)OCO4)[C@@H](C)[N+](=O)[O-]
dude_aldr__L000596,CCC1=NN(C(=O)C1)[C@@H]2CCCCC[C@H]2O
dude_aldr__L000597,c1cc(c(nc1)Sc2c3c(csc3ncn2)c4ccc(cc4)Br)C(=O)[O-]
dude_aldr__L000598,C1CCN(CC1)S(=O)(=O)N2CCC[C@@H]2[C@@H]3CCC[NH2+]3
dude_aldr__L000599,CC(=O)Oc1c(cc(cc1I)Br)C(=O)[O-]
dude_aldr__L000600,c1ccc(cc1)n2cc(c(n2)C(=O)NNC(=O)CCC(=O)c3cccs3)[O-]
dude_aldr__L000601,COc1ccc(cc1)C2=C[C@@H](N=N2)c3nnc(n3c4ccccc4Cl)[S-]
dude_aldr__L000602,C=CCc1cc(ccc1OCC#N)/C=C/2\C(=NC(=S)N(C2=O)c3ccc(cc3)Br)[O-]
dude_aldr__L000603,CC[C@@H](C)NC(=O)Nc1cccc(c1)S(=O)(=O)N2CCc3c(ccs3)C2
dude_aldr__L000604,CSc1ccc(cc1)[C@H]2c3c(=O)[nH]c(nc3NC4=C2C(=O)c5c4cccc5)N
dude_aldr__L000605,CS(=O)(=O)N1CCc2c(c(no2)C(=O)[O-])C1
dude_aldr__L000606,CC1(CCCC1)CNC(=O)N2CCCN(CC2)c3nccs3
dude_aldr__L000607,CCn1cc(c(n1)C)[C@@H]2C[C@@H](n3c(c(cn3)C#N)N2)C(F)(F)F
dude_aldr__L000608,Cc1c(cnn1C)CN2CCN(CC2)C(=O)Cn3cc(cn3)C(=O)[O-]
dude_aldr__L000609,CCc1nn(c(=O)c2n1cc(c2)S(=O)(=O)[N-]c3ccccc3)CC
dude_aldr__L000610,c1cc(cc(c1)[N-]S(=O)(=O)c2ccc(c(c2F)F)F)c3cnco3
dude_aldr__L000611,Cc1c(c([nH]n1)C(=O)N[C@H]2CCCCNC2=O)Br
dude_aldr__L000612,Cc1ccc(cc1)c2cnoc2[N-]S(=O)(=O)c3ccccc3
dude_aldr__L000613,Cc1ccc(s1)/C(=N/S(=O)(=O)N2CCCC2)/[O-]
dude_aldr__L000614,c1cc2cccnc2c(c1)S(=O)(=O)[N-]c3c(c4c(s3)CCC4)C(=O)N
dude_aldr__L000615,Cc1ccc(cc1)Cn2cc3c(n2)-c4c(c(oc4CC3)C(=O)[O-])C
dude_aldr__L000616,Cc1ccccc1n2c(=O)c3cc4c(nc3nc2[S-])CCCC4
dude_aldr__L000617,C[C@@H]1CCC[C@H](C1)NC(=O)Nc2ccc(c(c2)Cl)C(=O)[O-]
dude_aldr__L000618,COCc1c(c2nc(cc(n2n1)[O-])CCl)c3ccc(cc3)OC
dude_aldr__L000619,c1cc(ccc1C(=O)N[C@H](CCC(=O)[O-])C(=O)[O-])SCc2cnc3c(n2)c(nc(n3)N)N
dude_aldr__L000620,Cc1cc(n(n1)C)S[C@@]2(CCCC[C@H]2C(C)(C)C)C(=O)[O-]
dude_aldr__L000621,c1c(c(c(c2c1oc3c2CCCC3)/C=N/c4[nH]cnn4)[O-])[N+](=O)[O-]
dude_aldr__L000622,CC(=O)N[C@@H]1[C@H]([C@H]2[C@H](COC(O2)(C)C)O[C@@H]1Oc3ccc(cc3)[N+](=O)[O-])O
dude_aldr__L000623,COc1ccc(cc1NC(=O)N2CCC[C@@H]2c3cccs3)C#N
dude_aldr__L000624,C1CS(=O)(=O)C[C@H]1NC(=O)c2c(c(n[nH]2)C3CC3)N
dude_aldr__L000625,COC(=O)CCCS(=O)(=O)[N-]c1ccc(cc1Br)C#N
dude_aldr__L000626,C[C@H]1CCC[C@@H](N1C(=O)c2ccc(cn2)/C=C/C(=O)[O-])C
dude_aldr__L000627,C[C@@H]1COCCN1C(=O)c2cccc(c2)[N-]S(=O)(=O)c3ccc(c(c3)F)F
dude_aldr__L000628,Cc1ccc(cc1)S(=O)(=O)/N=C(/CN2CCOCC2)\[N-]c3ccc(cc3)Br
dude_aldr__L000629,CCn1c(nnc1SCC(=O)[O-])N(C)[C@@H]2CCS(=O)(=O)C2
dude_aldr__L000630,c1c(csc1[C@@H](C(=O)[O-])N2CCOCC2)Br
dude_aldr__L000631,Cc1ccc2nc(cc(=O)n2c1)COc3cccc4c3CCC[C@@H]4O
dude_aldr__L000632,CS(=O)(=O)[N-]c1cc(ccc1Cl)C(=O)N2CCO[C@H]3[C@H]2CCCC3
dude_aldr__L000633,C1[N-]C2=NC=NC(=[NH2+])C2=N1
dude_aldr__L000634,c1ccc2c(c1)c(nc(n2)S[C@@H]3CCS(=O)(=O)C3)[O-]
dude_aldr__L000635,c1cc(ccc1C(=O)CSc2nc3ccsc3c(=O)n2CC4CCC(CC4)C(=O)[O-])Cl
dude_aldr__L000636,c1cc(nc(c1)Oc2c(cc(cc2Br)[N+](=O)[O-])Br)C(=O)[O-]
dude_aldr__L000637,CCCN(CC(=O)[O-])C(=O)N1[C@H](CCC[C@@H]1C)C
dude_aldr__L000638,CCSc1nnc(s1)N2[C@H](C(=C(C2=O)[O-])C(=O)c3ccc(cc3)F)c4cccc(c4)Cl
dude_aldr__L000639,C[C@@]1(CCN(C1)C(=O)CSCc2ccc(s2)Cl)C(=O)[O-]
dude_aldr__L000640,Cc1c(cco1)/C(=C(/C#N)\C(=O)C2CCN(CC2)C(=O)C(C)(C)C)/[O-]
dude_aldr__L000641,C[C@H]1CN(CC(O1)(C)C)Cc2nc(nc(n2)N)N
dude_aldr__L000642,Cc1cc(c2c(c1)N(CCC2)C(=O)c3cccc(c3)[N-]S(=O)(=O)C)C
dude_aldr__L000643,C[C@H](CN(C)S(=O)(=O)N1CCC(CC1)C(=O)[O-])C(=O)OC
dude_aldr__L000644,CC(=O)OC[C@]12CCC(=O)C=C1CC[C@@H]3[C@@H]2CC[C@@]4([C@@H]3CC[C@H]4C(=O)[O-])C
dude_aldr__L000645,CC[C@H](C)[C@@H](C(=O)Nc1nnc(s1)c2cccc(c2)OC)NC(=O)Nc3ccc(c(c3)Cl)Cl
dude_aldr__L000646,c1cc2c(cc1OCc3ccc(o3)/C=N/n4c(nnc4[S-])C(F)F)CCC2
dude_aldr__L000647,Cc1c(c(c(c(n1)[S-])C#N)c2ccc(cc2)[N+](=O)[O-])C(=O)C
dude_aldr__L000648,C1C[C@H](CN(C1)S(=O)(=O)N2CCS(=O)(=O)CC2)C(=O)[O-]
dude_aldr__L000649,C[C@H]1C(=C(C(=N1)C(=O)[C@H](C)Sc2nc3c(cnn3c4ccccc4)c(n2)[O-])C)C(=O)OC
dude_aldr__L000650,CCCCN1CCc2c1ccc(c2)/C=C/3\C(=NC(=S)N(C3=O)CC=C)[O-]
dude_aldr__L000651,Cc1ccc(cc1C)OCCOCCOc2ccc(cc2/C=C\3/C(=NC(=S)S3)[O-])Cl
dude_aldr__L000652,Cc1ccc(s1)/C(=C(/C#N)\C(=O)[C@H]2CC(=O)N(C2)C3CCC(CC3)C)/[O-]
dude_aldr__L000653,c1cc(c(cc1O[C@@H]2CCCC[C@H]2C(=O)[O-])F)F
dude_aldr__L000654,CS(=O)(=O)Nc1ccc2c(c1)N(CC2)C(=O)c3cccnc3
dude_aldr__L000655,CS(=O)(=O)N1CCN(CC1)C(=O)N2CCC[C@@H](C2)C(=O)[O-]
dude_aldr__L000656,c1ccc(cc1)N2[C@@H]3C(=N[C@H](N3)c4cccn4c5ccccn5)C=N2
dude_aldr__L000657,CC(C)CS(=O)(=O)[N-]c1cc(ccc1Cl)C(=O)N(C)C(C)C
dude_aldr__L000658,Cc1c(nc(s1)/N=C(/C(=C/c2ccccc2OC)/C#N)\[O-])c3ccc(cc3)Cl
dude_aldr__L000659,CCn1cnc2c1nc(nc2Nc3ccc(cc3)C(=O)N)NC4CCCCC4
dude_aldr__L000660,c1csc(n1)N2CCCN(CC2)C(=O)NC3CCOCC3
dude_aldr__L000661,CCCSC1=NC(=O)[C@@H]2[C@@H](C3=C(CCCC3=NC2=N1)[O-])c4ccccc4OC
dude_aldr__L000662,Cc1c(c(nc(n1)C23CC4CC(C2)CC(C4)C3)C)C(=O)[O-]
dude_aldr__L000663,c1cnc(=O)n(c1)[C@](c2ccc(cc2)Cl)(C3CC3)C(=O)[O-]
dude_aldr__L000664,CC(C)n1c(ccc1C(=O)[O-])c2ccc(s2)Cl
dude_aldr__L000665,OC(=O)CN(Cc1ccccc1)C(=O)CCc3nc2c(F)c(F)cc(F)c2s3
dude_aldr__L000666,Cc1cccc(c1)C(=O)/N=C(\Nc2cc(ccc2C)Cl)/[N-]Cc3cccnc3
dude_aldr__L000667,c1ccc(cc1)CC2CCN(CC2)C(=O)Nc3cccnc3n4cncn4
dude_aldr__L000668,Cc1cccc(c1)c2c(cn(n2)c3ccccc3Cl)C(=O)[O-]
dude_aldr__L000669,Cc1nnc(s1)/N=C(/C2=N[C@H](C(=C2C)C(=O)C)C)\[O-]
dude_aldr__L000670,CCS(=O)(=O)[N-]c1ccc(c(c1)C)S(=O)(=O)N(C)[C@@H](C)CC(C)C
dude_aldr__L000671,CCc1ccsc1/C(=N/S(=O)(=O)c2cccc(c2)n3cnnn3)/[O-]
dude_aldr__L000672,C[C@@H](/C(=N/S(=O)(=O)c1cccs1)/[O-])S(=O)(=O)c2ccc(cc2)F
dude_aldr__L000673,c1cc(ccc1Cn2ccc(n2)NC(=O)[C@H]3[C@H]4C[C@@H]([C@@H]3C(=O)[O-])C=C4)F
dude_aldr__L000674,CC(C)(C(=O)N1CCN(CC1)c2c(nc(o2)c3ccco3)C#N)NC(=O)NC
dude_aldr__L000675,COc1cc2c(cc1OC)ncc3c2noc3[O-]
dude_aldr__L000676,CCc1ccc(cc1)NC(=O)CSc2[n-]c3cc(c(nc3n2)C)Br
dude_aldr__L000677,CC(C)C[C@H](C(=O)[O-])NC(=O)N1C[C@H]2C[C@@H](C1)c3cccc(=O)n3C2
dude_aldr__L000678,Cn1c(nc(n1)C2CCCCC2)[C@H]3CCCC[C@H]3C(=O)[O-]
dude_aldr__L000679,c1cc(c(cc1C(=O)[O-])S(=O)(=O)N2CCC[C@H](C2)C(F)(F)F)Cl
dude_aldr__L000680,CC(C)C2Oc1c(C(C)C)cccc1N(CC(O)=O)C2=S
dude_aldr__L000681,c1c(cnc(c1Cl)SC2CCCC2)C(=O)[O-]
dude_aldr__L000682,COC1CCN(CC1)C(=O)N2CCC[C@@H](C2)CC(=O)[O-]
dude_aldr__L000683,CCOc1ccc(c(n1)/C(=N/S(=O)(=O)c2ccc(c(c2)C)C)/[O-])Cl
dude_aldr__L000684,C[C@@H](C(=O)[O-])N(C)C(=O)NC1CCCCC1
dude_aldr__L000685,Cc1ccccc1[C@H]2CCCN2C(=O)Nc3nnc(s3)C(F)F
dude_aldr__L000686,CC(=O)NNC
dude_aldr__L000687,CCCCCOc1ccc(cc1OC)[C@@H]2C(=C(C(=O)N2Cc3cccnc3)[O-])C(=O)c4cc(ccc4C)C
dude_aldr__L000688,Cn1c(cc2c1nc3ccccn3c2=O)C(=O)NC4CCCCCC4
dude_aldr__L000689,c1cc(sc1)/C=N/c2ccc(c(c2)O)C(=O)[O-]
dude_aldr__L000690,CCO[C@H]1CCCN(C1)C(=O)N2CC[C@](C2)(C)C(=O)[O-]
dude_aldr__L000691,Cc1ccc(cn1)Cn2c(nnc2[S-])c3ccncc3
dude_aldr__L000692,c1ccc(cc1)[C@H]2c3cccn3CCN2C(=O)c4nc5ccccc5c(n4)[O-]
dude_aldr__L000693,CCS[C@H](C(C)C)/C(=N/S(=O)(=O)c1ccc2c(c1)CCCN2C(=O)C)/[O-]
dude_aldr__L000694,CC1=C[C@H](N=N1)c2ccc(s2)S(=O)(=O)[N-]c3ccccc3OC
dude_aldr__L000695,C[C@@H]1CCN([C@H](C1)C)C(=O)NC(C)(C)C(=O)[O-]
dude_aldr__L000696,C1CN(C[C@H]1C(=O)[O-])C(=O)N2CCS(=O)CC2
dude_aldr__L000697,c1cc(cc(c1)S(=O)(=O)[N-]c2ccc(cc2)N3CCCCC3)[N+](=O)[O-]
dude_aldr__L000698,C[C@@H](c1ccccn1)NC(=O)[C@@H](C)NC(=O)c2ccc(s2)Br
dude_aldr__L000699,Cc1cc(n2c(n1)nc(n2)C(=O)NC3CCCCC3)C
dude_aldr__L000700,C[C@H](/C(=N/S(=O)(=O)C(C)C)/[O-])OCC1CC1
dude_aldr__L000701,Cc1ccccc1[C@@H](C(=O)NC2CCCCC2)N(c3cccc(c3)Cl)C(=O)c4cccc(c4O)O
dude_aldr__L000702,CCc1nnc(n1[C@@H]2CCCc3c2ccs3)SCC(=O)[O-]
dude_aldr__L000703,OC(=O)Cc3nn(Cc2nc1cc(F)ccc1s2)c(=O)c4cccnc34
dude_aldr__L000704,Cc1c(nc2ccccc2n1)NCc3nnc4n3cccc4
dude_aldr__L000705,C[C@H]1[C@@H](Oc2ccccc2O1)C(=O)Nc3cccc4c3nc(cc4)n5ccnc5
dude_aldr__L000706,C[C@@H]1CCCC[C@@H]1NC(=O)CC[C@@H]2C(=O)N(C(=N2)O)CCc3c[nH]c4c3cccc4
dude_aldr__L000707,Cc1nccn1Cc2ccc(cc2)[N-]S(=O)(=O)C3=Cc4ccccc4CC3
dude_aldr__L000708,CC(=C)[C@H]1CCC(=CC1)CN2C[C@]34C=C[C@H](O3)[C@H]([C@@H]4C2=O)C(=O)[O-]
dude_aldr__L000709,CC1=C([C@H](/C(=C(\[O-])/OC)/C(=N1)C)c2ccccc2OCc3c([n+](on3)[O-])C(=O)N)C(=O)OC
dude_aldr__L000710,COc1cc(nc(n1)OC)[N-]S(=O)(=O)c2ccc(cc2)Nc3ccc(cc3[N+](=O)[O-])[N+](=O)[O-]
dude_aldr__L000711,Cc1ccc(c(c1)C)c2coc(n2)c3ccc(cc3)[N-]S(=O)(=O)c4ccc(s4)Cl
dude_aldr__L000712,c1nncn1N
dude_aldr__L000713,c1csc2c1CN(CC2)C(=O)N[C@@H](C3CC3)C(=O)[O-]
dude_aldr__L000714,c1c(c(nc(n1)SCC(=O)Nc2c(c3c(s2)CCCC3)C(=O)N)N)C#N
dude_aldr__L000715,c1cc(ncc1C(=O)N2[C@@H]3CCCC[C@H]3C[C@@H]2C(=O)[O-])Cl
dude_aldr__L000716,Cc1cc(c(c(c1)C)NC(=O)[C@H](C)Sc2nc3c(c(n2)[O-])CSC3)C
dude_aldr__L000717,CC(C)c1ccc(cc1)c2ccc(cc2)S(=O)(=O)[O-]
dude_aldr__L000718,c1c2c([nH]n1)nc(nc2N3CCC[C@@H](C3)Cn4cc(nn4)CO)N
dude_aldr__L000719,CC(=O)[C@]1(CC[C@@H]2[C@@]1(CC[C@@H]3[C@@H]2CCC4=C/C(=N\OCC(=O)[O-])/CC[C@@]34C)C)O
dude_aldr__L000720,Cc1cccc(c1OS(=O)(=O)c2ccc(s2)Br)C(=O)[O-]
dude_aldr__L000721,Cc1cccc(c1)NC(=O)CCSc2nc([nH]n2)N/N=C/c3cc(c(c(c3)OC)[O-])[N+](=O)[O-]
dude_aldr__L000722,c1cnc(nc1)N2CCC(CC2)Nc3c4ccsc4ncn3
dude_aldr__L000723,Cc1ccc(c(c1)SCC(=O)N2CCc3cc(c(cc3[C@@H]2CC(=O)[O-])OC)OC)C
dude_aldr__L000724,c1cc(ccc1n2c(cc(n2)C(=O)[O-])c3ccncc3)Cl
dude_aldr__L000725,Cc1c(sc2c1c(nc(n2)/C(=C\c3ccc(c(c3)OC)SC)/C#N)[O-])C
dude_aldr__L000726,CCn1c(c(c(=O)n1[C@H]2CCS(=O)(=O)C2)N)C
dude_aldr__L000727,CCOc1c(cc(cc1Br)Br)/C=N/Nc2[n-]nnn2
dude_aldr__L000728,CC[C@@H](C)N1CCN(CC1)S(=O)(=O)CCC(=O)[O-]
dude_aldr__L000729,Cc1cccc(c1)[N-]S(=O)(=O)c2cc3c(s2)CCN(C3)C(=O)C
dude_aldr__L000730,c1ccc(c(c1)[C@@H]2CN(CCO2)C(=O)Nc3cccc4c3nccc4)F
dude_aldr__L000731,c1cc(ccc1Cc2[nH]c(=O)c3c4c(sc3n2)CSCC4)[N+](=O)[O-]
dude_aldr__L000732,C[C@H]1CCc2c(cc(s2)/C(=N/S(=O)(=O)N(C)C)/[O-])C1
dude_aldr__L000733,Cn1cc(cn1)CS(=O)(=O)c2cc(cc(c2Cl)C(=O)[O-])Cl
dude_aldr__L000734,c1ccc2c(c1)[C@H]3CC(=NN3[C@H](O2)c4cccnc4)c5cccc(c5)O
dude_aldr__L000735,Cc1cnc(cn1)C(=O)Nc2nnc(s2)C(C)(C)C
dude_aldr__L000736,C[C@@H](c1ccccc1Cl)Sc2c3c(nc(n2)C4CC4)n(c(nc3=O)[O-])C5CC5
dude_aldr__L000737,CC1=C(C(=N[C@@H]1C(=O)[O-])C)C(=O)/C=C/c2cc(c(cc2Br)OC)OC
dude_aldr__L000738,C1C[C@H](OC1)CN2CCN(CC2)S(=O)(=O)CC(=O)[O-]
dude_aldr__L000739,c1ccc2c(c1)ccn2c3ccc(s3)C(=O)N4CCC[C@H](C4)C(=O)[O-]
dude_aldr__L000740,c1cc2c(cc1Cl)nc(nc2[O-])/C(=C/c3csc(n3)C4CC4)/C#N
dude_aldr__L000741,c1cc(cnc1)[C@@H]2c3c(nc(s3)[S-])SC[C@H]2C#N
dude_aldr__L000742,CN(Cc1ccc(cc1)Cl)C(=O)c2cc(ccc2[N-]S(=O)(=O)C)F
dude_aldr__L000743,C1CCCN(CC1)C(=O)/C(=N/c2nnc(s2)C(F)F)/[O-]
dude_aldr__L000744,Cc1cccc(c1[N-]S(=O)(=O)c2ccc(s2)c3nnc(o3)C4CCC4)C
dude_aldr__L000745,Cc1cc(c(n1c2ccc(cc2)N(C)C)C)/C=C\3/C(=NC(=S)N(C3=O)CC=C)[O-]
dude_aldr__L000746,CC(C)(C)OC(=O)N1C[C@H](C[C@H]1C(=O)[O-])Oc2ccc(cc2c3ccccc3)Br
dude_aldr__L000747,CC[C@]12CC[C@H]3[C@H]([C@@H]1CC[C@]2(C#C)OS(=O)(=O)[O-])CCC4=CC(=O)CC[C@H]34
dude_aldr__L000748,Cc1cc(c(cc1Br)C)SC/C(=C(\C#N)/C(=O)NCC=C)/[O-]
dude_aldr__L000749,Cc1ccc(c(c1)Br)O[C@@H](C)/C(=N/S(=O)(=O)C)/[O-]
dude_aldr__L000750,Cc1cc(n(n1)C(C)(C)C)NC(=O)N2CCCN(CC2)C(=O)C(C)(C)C
dude_aldr__L000751,Cc1c(c2ncc3c(n2n1)ccn(c3=O)[C@H](C(C)C)C(=O)[O-])c4ccc(cc4)Cl
dude_aldr__L000752,Cc1ccc(cc1C)NC(=O)[C@H]2CCCN(C2)c3nccc(n3)C
dude_aldr__L000753,CCc1ccc(cc1)[N-]S(=O)(=O)c2cc(cs2)C(=O)N3CCCCC3
dude_aldr__L000754,c1cc(oc1)[C@H]2[C@H]([C@@H](SC3=NC(=O)S[C@@H]23)C(=O)[O-])C(=O)c4ccc(cc4)F
dude_aldr__L000755,C[C@H](C(=O)C)SC1=NS(=O)(=O)c2ccccc2[N-]1
dude_aldr__L000756,CCCc1nnc(n1[C@H](C)c2nncn2C)SCC(=O)[O-]
dude_aldr__L000757,c1ccc2c(c1)c(ccn2)CN3C[C@]45C=C[C@H](O4)[C@@H]([C@@H]5C3=O)C(=O)[O-]
dude_aldr__L000758,C1C[C@H]2C[C@@H]1[C@H]3[C@H]2C(=O)N(C3=O)C4CCC(CC4)C(=O)[O-]
dude_aldr__L000759,c1cnc(cn1)N2CCC[C@H](C2)Cn3cc(nn3)CCC(=O)[O-]
dude_aldr__L000760,c1(c(c(nc(c1Cl)Cl)Cl)Cl)C(=O)[O-]
dude_aldr__L000761,CCc1cc2c(s1)ncnc2S[C@H](C)C(=O)N3CCC[C@@H](C3)C(=O)[O-]
dude_aldr__L000762,Cc1nc(cs1)c2ccc(cc2)N[C@H](C)C(=O)NC(=O)NC[C@@H]3CCCO3
dude_aldr__L000763,CN([C@@H]1CCS(=O)(=O)C1)C(=O)N(CCC(=O)[O-])C2CC2
dude_aldr__L000764,C[C@@H]1CN(C[C@H](O1)C)c2nc(c(s2)C(=O)[O-])C(C)(C)C
dude_aldr__L000765,Cc1ccc(c(c1)C(=O)NCCO[C@@H]2CCCC[C@@H]2C)[N-]S(=O)(=O)C
dude_aldr__L000766,CCOc1c(cc(cc1Br)Cl)[N-]S(=O)(=O)c2c(ccs2)Br
dude_aldr__L000767,CN(C[C@H]1COc2ccccc2O1)c3ccc(cc3S(=O)(=O)N4CCC(CC4)C(=O)[O-])[N+](=O)[O-]
dude_aldr__L000768,c1ccc(cc1)/C=C/C=N/N2[C@H](NN=C2[S-])[C@H]3C4=C(CCC4)N=N3
dude_aldr__L000769,CS(=O)(=O)[N-]c1cc(ccc1Cl)C(=O)N2CCN(CC2)CC(F)F
dude_aldr__L000770,CC(C)c1nc2cc(ccc2o1)[N-]S(=O)(=O)c3ccc4c(c3)ccc(=O)o4
dude_aldr__L000771,c1cc(ccc1[N-]S(=O)(=O)c2ccc(s2)[N+](=O)[O-])SC(F)F
dude_aldr__L000772,C[C@@H](c1ccco1)N(C2CC2)C(=O)c3ccc(cc3)[N-]S(=O)(=O)c4ccc(c(c4)F)F
dude_aldr__L000773,C[C@H](CC#N)Sc1ccccc1NC(=O)N[C@H]2CCOc3c2cccc3
dude_aldr__L000774,COc1cccc(c1)[C@@H]2C=C(N=C3N2N=NN3)c4ccc(cc4)Cl
dude_aldr__L000775,CNc1c(cc(cn1)C(=O)N[C@H]2CCS(=O)(=O)C2)Cl
dude_aldr__L000776,CCS(=O)(=O)N1CCC[C@H](C1)c2nnc(n2Cc3ccc(cc3)F)[S-]
dude_aldr__L000777,Cc1ccc(c(c1)[C@@H](C)NC(=O)C(=O)Nc2c(c3c(s2)CCCC3)C#N)OC
dude_aldr__L000778,c1cc(ccc1c2ccc(o2)/C=C(\C#N)/C(=O)[C@@H]3CN=C4[C@H]3C=CC=C4)C(=O)[O-]
dude_aldr__L000779,CC(C)(C)c1ccc(cc1)[C@@H]2C(=C(C(=O)N2c3nccs3)[O-])C(=O)c4ccc(cc4)F
dude_aldr__L000780,Cc1c(scn1)C(=O)NC2CCN(CC2)C(=O)Nc3cc(cc(c3)F)F
dude_aldr__L000781,c1c(c[nH]c1C(=O)N2CCC(CC2)C(=O)[O-])Br
dude_aldr__L000782,CCCCN1[C@H](C(=C(C1=O)[O-])C(=O)c2cccc(c2)OCc3ccc(cc3)F)c4ccc(cc4)[N+](=O)[O-]
dude_aldr__L000783,c1ccc(cc1)Oc2ccccc2NC(=O)[C@H]3[C@@H]4C=C[C@H]([C@H]3C(=O)[O-])O4
dude_aldr__L000784,C1CC1c2nnc(n2CC(F)(F)F)SCC(=O)[O-]
dude_aldr__L000785,CN(C)C(=O)Sc1ccccc1NC(=O)c2ccc([nH]c2=O)c3cccs3
dude_aldr__L000786,Cn1c(=S)sc(n1)S(=O)(=O)[O-]
dude_aldr__L000787,C[C@@H](CCC(=O)[O-])[C@@H]1CC[C@@H]2[C@@]1(C(=O)[C@H]([C@@H]3[C@@H]2CC[C@@H]4[C@@]3(CCCC4)C)Br)C
dude_aldr__L000788,Cc1nccn1Cc2ccc(cc2)[N-]S(=O)(=O)c3ccc(cc3)C#N
dude_aldr__L000789,C[C@@H](C(=O)[O-])Sc1ncnn1c2ccccc2
dude_aldr__L000790,Cc1cc(c2c(c1)nc(o2)c3cc(ccc3O)NC(=S)NC(=O)c4ccc(cc4)Br)C
dude_aldr__L000791,C1C[C@@H](N(C1)C(=O)N[C@@H]2C[NH+]3CCC2CC3)C(=O)[O-]
dude_aldr__L000792,C1C[C@@H](N(C1)C(=O)N2CCC(CC2)C(=O)[O-])CCCO
dude_aldr__L000793,C[C@@H]1CN(C[C@@H](O1)c2ccccc2)C(=O)NCCc3nnc4n3cccc4
dude_aldr__L000794,Cc1ccc(cc1)S(=O)(=O)[N-]c2c(c(nn2c3ccccc3)C)c4ccccc4
dude_aldr__L000795,CC(C)c1nc([nH]n1)[C@H]2C[C@@H]2C(=O)[O-]
dude_aldr__L000796,Cn1cc(c(n1)C(=O)N2CCCC[C@@H]2c3ccccc3)C(=O)[O-]
dude_aldr__L000797,c1ccc(c(c1)CN2CCO[C@@H]3[C@@H]2CCCC3)C(=O)[O-]
dude_aldr__L000798,Cc1ccc(cc1[N-]S(=O)(=O)c2cccc(c2)C(=O)OC)C#N
dude_aldr__L000799,C[C@H]1CN([C@@H](CO1)C)c2nnc(s2)[S-]
dude_aldr__L000800,Cc1ccc(cc1[N-]S(=O)(=O)c2c(nn(c2Cl)C)C)NC(=O)C3CC3
dude_aldr__L000801,CCC1(CCN(CC1)c2c(c(nn2C)C)/C=C/C(=O)[O-])C
dude_aldr__L000802,CCn1c(=O)c2c(c(nn2C)C)nc1NC3CCCC3
dude_aldr__L000803,Cc1c2c(nc(n(c2=O)[C@@H](C)C(=O)[O-])C)sc1C(=O)OC(C)C
dude_aldr__L000804,C[C@H]1CC(=O)N([C@@H]([C@@H]1C(=O)[O-])C)[C@@H](C)C(C)C
dude_aldr__L000805,Cc1ccc(c(c1)C(=O)N(C)C[C@H](C)c2ccccc2)[N-]S(=O)(=O)C
dude_aldr__L000806,C1CCCN(CC1)C(=O)NC2(CCCCC2)C(=O)[O-]
dude_aldr__L000807,Cc1c(c(on1)C)S(=O)(=O)[N-][C@@H]2C(=NN=C2n3cnnc3)C
dude_aldr__L000808,CCc1nc(n(n1)C)CC2(CCCC2)CC(=O)[O-]
dude_aldr__L000809,c1ccc(c(c1)/C=C/c2[nH]c(=O)c(c(n2)[O-])[N+](=O)[O-])OCC#N
dude_aldr__L000810,COC(=O)Cc1cc(nc(n1)SCC(=O)c2ccc(s2)Br)[O-]
dude_aldr__L000811,C[C@@H]1CN([C@@H](CO1)C)C(=O)CCn2c(nnc2[S-])c3cccs3
dude_aldr__L000812,C1CCC(C1)(C#N)C(=O)N2CCC(CC2)C(=O)N
dude_aldr__L000813,c1cc(cnc1)[C@@H]2[C@H](CO[C@@H](O2)c3ccc(cc3)C#N)C/C=C\CCC(=O)[O-]
dude_aldr__L000814,CCCOc1cccc(c1)[C@H]2C(=C(C(=O)N2c3nnc(s3)SCC)[O-])C(=O)c4cc5ccccc5o4
dude_aldr__L000815,c1ccc(cc1)c2c(cn(n2)c3ccccc3)/C=C(\C#N)/c4nc5ccc(cc5c(n4)[O-])Br
dude_aldr__L000816,CC(C)S(=O)(=O)/N=C(/CSc1ccc(cc1)Cl)\[O-]
dude_aldr__L000817,c1cc(c(cc1/C=C/C(=O)[O-])F)C(=O)N2CCCSCC2
dude_aldr__L000818,c1cc(ncc1C(=O)[O-])Sc2cncc3n2nnn3
dude_aldr__L000819,c1cc(ccc1/N=C/c2cc(cc(c2[O-])Br)[N+](=O)[O-])OC(C(F)F)(F)F
dude_aldr__L000820,CC(=C/C(=N/S(=O)(=O)C1CCCCC1)/[O-])C
dude_aldr__L000821,CN(c1cc2c(cc1N)NC(=O)CC2)[C@@H]3CCS(=O)(=O)C3
dude_aldr__L000822,C[C@@H]1CCCN([C@@H]1C)S(=O)(=O)CCCC(=O)[O-]
dude_aldr__L000823,C1CCC(CC1)N(CCO)C(=O)N2CCCC[C@@H]2C(=O)[O-]
dude_aldr__L000824,CC(C)[C@H](C(=O)[O-])Oc1c(cc(cc1Br)Cl)[N+](=O)[O-]
dude_aldr__L000825,c1ccc2c(c1)-c3c(cncn3)-c4cccnc4S2
dude_aldr__L000826,Cc1c(c(n(n1)C2CCCCCC2)Cl)C(=O)[O-]
dude_aldr__L000827,Cc1ccc(cc1C)[N-]S(=O)(=O)[C@@H]2C(=C(N=C2C)c3nnc(o3)C4CC4)C
dude_aldr__L000828,C[C@@H](Cc1c[nH]c2c1cccc2)NC(=O)OCCSS(=O)(=O)[O-]
dude_aldr__L000829,CCCNC(=O)N1CC[C@](C1)(C)C(=O)[O-]
dude_aldr__L000830,c1cc(cc(c1)[N+](=O)[O-])n2cc(nn2)C(=O)N[C@@H]3CCCNC3=O
dude_aldr__L000831,c1cc(sc1/C=C/C(=O)N2CCC(CC2)CCC(=O)[O-])Br
dude_aldr__L000832,C[C@@]1(CCCN(C1)C(=O)N2CCC[C@@H]2C(=O)OC)C(=O)[O-]
dude_aldr__L000833,OC(=O)Cn4cc(Cc2nc1c(F)c(F)cc(F)c1s2)c5cc(Oc3ccccc3)ccc45
dude_aldr__L000834,CC(C)n1cnnc1SCC(=O)N2CCCC[C@@H]2C(=O)[O-]
dude_aldr__L000835,c1cc(oc1)[C@H]2CCN(C2)C(=O)NC3CC3
dude_aldr__L000836,CCn1c(ccn1)c2cc(sc2)S(=O)(=O)[N-]c3ccc(c(c3)Cl)OC
dude_aldr__L000837,CC(C)(C#Cc1ccc(s1)[C@H]2CC(=O)NCc3c2sc(n3)N)O
dude_aldr__L000838,C1CC[C@@H]2CN(CC[C@@H]2C1)C(=O)N3CCC[C@H]3C(=O)[O-]
dude_aldr__L000839,CCOc1ccccc1[N-]S(=O)(=O)c2ccc(s2)[C@@H]3C=C(N=N3)C
dude_aldr__L000840,CC[C@@](C)(C(=O)OC)NC(=O)c1ccc2c(c1)nc(=S)n(c2[O-])CC
dude_aldr__L000841,Cc1ccc(cc1)OCC(=O)NNC(=O)[C@@H]2[C@H]3C[C@@H]([C@@]2(C)C(=O)[O-])C=C3
dude_aldr__L000842,C[C@@H]1CCC[C@@](C1)(C(=O)[O-])NC(=O)N2CCS(=O)CC2
dude_aldr__L000843,CC(C)Cc1ccc(cc1)C(=O)N2CCC[C@@H](C2)C(=O)[O-]
dude_aldr__L000844,Cc1c(c(n(n1)C)C)S(=O)(=O)NC2(CCC(CC2)C)C#N
dude_aldr__L000845,CS(=O)(=O)c1ccc(cc1)O[C@H]2CCCCC[C@@H]2C(=O)[O-]
dude_aldr__L000846,CCCCNC(=O)[C@@H](c1ccc(cc1)N(C)C)N(c2ccccc2Cl)C(=O)c3cccc(c3O)O
dude_aldr__L000847,CCN1C(=O)/C(=C/c2cc(n(c2C)c3ccc(c(c3)Cl)C)C)/C(=NC1=O)[O-]
dude_aldr__L000848,c1ccc(cc1)[C@@](C2CC2)(C(=O)[O-])Oc3ccccc3Cl
dude_aldr__L000849,CC\1=NC2=C([C@H](/C1=C(\[O-])/OCCOC)c3ccc(cc3)N(C)C)C(=O)CCC2
dude_aldr__L000850,CC(C)(C)c1csc(n1)[N-]S(=O)(=O)c2ccc(cc2)O
dude_aldr__L000851,C1CC[C@@H]2[C@@H](C1)N(CCO2)C(=O)C3(CCOCC3)C(=S)N
dude_aldr__L000852,Oc2ccc(S(=O)(=O)c1c(Cl)cccc1Cl)nn2
dude_aldr__L000853,C[C@H]1[C@H](ON=C1C(=O)[O-])c2c(c3c(c(c2Br)OC)OCO3)Br
dude_aldr__L000854,Cc1cc(c(cc1NC(=O)COC(=O)c2cc([nH]c(=O)c2)[O-])OC)[N+](=O)[O-]
dude_aldr__L000855,COC(=O)c1ccc(cc1)[C@H]2c3c(c(nnc3c4ccc(cc4)[N+](=O)[O-])[O-])Nc5n2nnn5
dude_aldr__L000856,CC[C@]1(CCN(C1)C(=O)N(C)Cc2cnn(c2)C)C(=O)[O-]
dude_aldr__L000857,C/C(=C\c1ccc(o1)c2ccc(cc2)Br)/C(=O)[O-]
dude_aldr__L000858,CC[C@@H]1CCCN(C1)S(=O)(=O)CCC(=O)[O-]
dude_aldr__L000859,Cc1ccc(cc1)c2cc(on2)CNC(=O)N3CCOC[C@H]3C
dude_aldr__L000860,CSc1cc(cc2n1c(cn2)[O-])Br
dude_aldr__L000861,Cc1cc(c(n1c2c(cc(cc2Cl)Br)Cl)C)C(=O)[O-]
dude_aldr__L000862,Cc1csc2n1cc(n2)c3ccc(c(c3)N)Cl
dude_aldr__L000863,Cc1ccc(cc1[N-]S(=O)(=O)c2ccc(s2)C)[N+](=O)[O-]
dude_aldr__L000864,c1cc(cc(c1)[N-]S(=O)(=O)c2cc(cc(c2)F)F)C3SCCCS3
dude_aldr__L000865,Cc1c(c(n(n1)C)N(CCC#N)C2CC2)C(=O)[O-]
dude_aldr__L000866,Cc1cc2cccc(c2nc1)S(=O)(=O)[N-]c3ccccc3C(=O)N4CCCCC4
dude_aldr__L000867,c1cc(sc1)[C@H]2c3ccsc3CCN2S(=O)(=O)c4cc(c(cc4Cl)Cl)C(=O)[O-]
dude_aldr__L000868,Cc1c2cc3c(coc3c(c2oc(=O)c1CCC(=O)[O-])C)C(C)(C)C
dude_aldr__L000869,C1CCC(C1)(/C(=N\O)/N)C(=O)N2CCC[C@@H](C2)CO
dude_aldr__L000870,C[C@H]1CCCN([C@@H]1C)C(=O)N2CC[C@@](C2)(C)C(=O)[O-]
dude_aldr__L000871,Cc1cc(n(n1)CCC#N)[N-]S(=O)(=O)c2ccc3c(c2)CCCC3
dude_aldr__L000872,CS(=O)(=O)[N-]c1ccccc1C(=O)Nc2ccccc2C(=O)N3CCCC3
dude_aldr__L000873,Cc1cn(c(=O)[nH]c1=O)[C@H]2C[C@@H]([C@H](O2)CO[P@](=O)([O-])Oc3ccc(cc3)[N+](=O)[O-])O
dude_aldr__L000874,Cc1ccc(cc1)S(=O)(=O)Oc2ccc(cc2)S(=O)(=O)[N-]c3ccc(c(c3F)F)F
dude_aldr__L000875,Cc1ccc(cc1)[C@H]2C(=C(N=C3C2=C(CCC3)[O-])SCC(=O)OC)C#N
dude_aldr__L000876,Cc1c2cc(cnc2n(n1)C)NC(=O)c3cc(sc3Cl)Cl
dude_aldr__L000877,Cc1cc(no1)[N-]S(=O)(=O)c2ccc(cc2)/N=C/c3cccnc3
dude_aldr__L000878,CC[C@]1(Cc2c(cc3c(n2)nc(=S)n(c3[O-])c4ccccc4C)CO1)C
dude_aldr__L000879,c1ccc(cc1)c2c(cn(n2)[C@@H]3CCS(=O)(=O)C3)C(=O)[O-]
dude_aldr__L000880,c1ccn2c(c1)nc(cc2=O)CSc3nc4cc(ccc4c(=O)n3C[C@H]5CCCO5)C(=O)[O-]
dude_aldr__L000881,c1cc(c(cc1S(=O)(=O)CC2CC2)C(=O)[O-])Br
dude_aldr__L000882,Cc1ccc(c(c1)C)[N-]S(=O)(=O)c2cc(oc2C)[C@@H]3C=CN=N3
dude_aldr__L000883,Cc1c(c(c(o1)n2cccc2)C#N)C(=O)N[C@@H]3CCC[C@H]([C@@H]3C)C
dude_aldr__L000884,Cc1c(sc(n1)[S-])CC(=O)Nc2cccc(c2)COC[C@@H]3CCCCO3
dude_aldr__L000885,CC[C@]1(CCN(C1)C(=O)N(C)c2ccc(cc2)C)C(=O)[O-]
dude_aldr__L000886,c1cc(c2c(c1)OCO2)C[NH+]3CCC[C@H](C3)c4ccn[nH]4
dude_aldr__L000887,Cc1c(c(n(c(=O)n1)C2CCCCCC2)C)CCC(=O)[O-]
dude_aldr__L000888,CCn1c(c2ccc(cc2nc1=S)C(=O)N3C[C@@H](C[C@@H](C3)C)C)[O-]
dude_aldr__L000889,c1c2ncc(cn2nc1[O-])[C@@H]3C(=CN=N3)[N+](=O)[O-]
dude_aldr__L000890,CC(C)(C)[C@H]1CCCC[C@]1(C(=O)[O-])n2c(=O)cccn2
dude_aldr__L000891,CCOc1cc(cc(c1OCc2ccc3ccccc3c2)Cl)/C=N/NC(=O)Cc4csc(n4)N
dude_aldr__L000892,Cc1c(scn1)CCS(=O)(=O)c2cccc(c2)C(=O)[O-]
dude_aldr__L000893,Cc1ccc(c2c1cn[nH]2)NC(=O)c3ccc(cc3)n4c(ccn4)C
dude_aldr__L000894,C1CCN([C@@H](C1)C(=O)[O-])C(=O)N[C@H]2CCS(=O)(=O)C2
dude_aldr__L000895,CC(C)(C(=O)[O-])N(C)C(=O)N[C@H]1CCCC[C@H]1O
dude_aldr__L000896,CC(=O)c1cccc(c1)S(=O)(=O)[N-]c2ccc3c(c2)nc(o3)c4cc(ccc4Br)F
dude_aldr__L000897,CC(C)CCOc1cccc(c1)[C@@H]2C(=C(C(=O)N2CCCOC)[O-])C(=O)c3cc4cccc(c4o3)OC
dude_aldr__L000898,C[C@@H](CS(=O)(=O)[N-]c1cccc(c1)F)C(=O)N2CC[C@@H](C2)c3ccco3
dude_aldr__L000899,C[C@H](C(=O)N1CCC(CC1)Cc2ccccc2)Sc3c(cccn3)C(=O)[O-]
dude_aldr__L000900,C1CC[NH+]2CC[C@@H]([C@H]2C1)NC(=O)N3CCC(CC3)NC(=O)CC4CCCC4
dude_aldr__L000901,Cc1cc2c(c(c1)[C@H](c3cccs3)O)NC(=O)C2
dude_aldr__L000902,CN(Cc1cccnc1)S(=O)(=O)c2cc(sc2Br)C(=O)[O-]
dude_aldr__L000903,Cc1c(c(nc(n1)SC(F)F)[O-])CCC(=O)N2CCc3c2cccc3
dude_aldr__L000904,c1c(c(oc1C(=O)[O-])Br)S(=O)(=O)N2CCNC(=O)C2
dude_aldr__L000905,C[C@H]1CCCC[C@@H]1N(C)C(=O)N2CSC[C@H]2C(=O)[O-]
dude_aldr__L000906,c1cc(cc(c1)S(=O)(=O)[N-]c2cccc(c2)C(=O)N3CCCCC3)C#N
dude_aldr__L000907,CCc1nc2n(n1)c(c(s2)[C@@H](c3cccc(c3)C)N4CCC5(CC4)OCCO5)[O-]
dude_aldr__L000908,CC[C@@]1(CCCN(C1)S(=O)(=O)[C@@H](C)C(=O)OC)C(=O)[O-]
dude_aldr__L000909,Cn1cc(c(n1)C(=O)Nc2ccc3c(c2)CCC3)C(=O)Nc4ccc5c(c4)CCC5
dude_aldr__L000910,Cc1cc(cc(c1)[N-]S(=O)(=O)[C@H]2C(=C(N=C2C)c3nnc(o3)C4CC4)C)C
dude_aldr__L000911,Cc1ccc(cc1)/C=C/S(=O)(=O)[N-]c2ccc3c(c2)OCCCO3
dude_aldr__L000912,Cc1c(c(=O)n(c(c1C(=O)[C@H]2COc3ccccc3O2)[O-])C4CCCCC4)C#N
dude_aldr__L000913,Cc1c(c(on1)C)C(=O)N[C@@H](C2CCCCC2)C(=O)[O-]
dude_aldr__L000914,C1CCCC2(CC1)C[C@@H]3C[C@H]4C=C[C@@]3(O4)CN2C=O
dude_aldr__L000915,c1cc(c(nc1)Cl)S(=O)(=O)[N-]c2ccc3c(c2)sc(n3)N4CCCC4
dude_aldr__L000916,Cc1ccc(c(c1)Sc2nnc3n2CCCCC3)C(=O)[O-]
dude_aldr__L000917,c1ccc2c(c1)C(=NC3=C([C@H](C4=C(N23)CCCC4=O)c5cccnc5)C#N)N
dude_aldr__L000918,OC(=O)Cc3nn(Cc2nc(c1ccccn1)no2)c(=O)c4ccccc34
dude_aldr__L000919,C1C[C@@H](N(C1)C(=O)N2CC[C@@H](C2)O)C(=O)[O-]
dude_aldr__L000920,Cc1c(cccc1[N+](=O)[O-])[N-]S(=O)(=O)c2c(ccs2)Br
dude_aldr__L000921,Cc1cccc(c1)c2cc3c(s2)c(ncn3)n4c(c(cn4)C#N)N
dude_aldr__L000922,c1cc(c(cc1/C(=C/C(=O)[O-])/C2CCCCC2)F)F
dude_aldr__L000923,Cc1c(c(nn1CC(=O)Nc2c(c3c(s2)C[C@H](CC3)C(C)(C)C)C(=O)N)C(F)(F)F)Br
dude_aldr__L000924,c1ccc(cc1)S(=O)(=O)[N-]c2ccc(cc2Cl)C(=O)NC[C@@H]3CCCO3
dude_aldr__L000925,COc1cc(cc(c1[O-])[N+](=O)[O-])/C=N/Nc2nnc(n2N)SCc3ccccc3
dude_aldr__L000926,CS(=O)(=O)[N-]c1cc(ccc1F)NC(=O)/C(=C/c2ccc(cc2)F)/C#N
dude_aldr__L000927,c1csc(c1Br)C[C@H]([C@H]2CCS(=O)(=O)C2)C(=O)[O-]
dude_aldr__L000928,Cc1ccc(s1)[C@@H]2[C@@H]3CC=C[C@H]3c4cccc(c4N2)C(=O)NC
dude_aldr__L000929,Cc1nc2c(c3c(s2)C[C@H](CC3)C)c4n1nc(n4)/C=C\C(=O)[O-]
dude_aldr__L000930,Cc1ccccc1SCC(=O)N2CCC[C@@H](C2)CC(=O)[O-]
dude_aldr__L000931,c1cnn(c1)c2c(n3ccsc3n2)/C=C/C(=O)[O-]
dude_aldr__L000932,C[C@H]1CCC2=C(C1)SC(=C(C2)C#N)NC(=O)C(=O)NN
dude_aldr__L000933,CN(Cc1cc(sc1)Br)c2c(nccn2)C(=O)[O-]
dude_aldr__L000934,CCN(C[C@H](C)C(=O)[O-])C(=O)[C@@H]1CCCN1S(=O)(=O)C
dude_aldr__L000935,Cc1c2cc(sc2n(n1)c3ccccc3)c4nnc(n4c5ccccc5OC)[S-]
dude_aldr__L000936,Cc1cc(c2c(c1C)[C@H]3C=CC[C@H]3[C@@H](N2)c4ccccn4)[N+](=O)[O-]
dude_aldr__L000937,C[C@@H]1CCCCN1S(=O)(=O)N2CCC(CC2)C(=O)[O-]
dude_aldr__L000938,c1ccc(cc1)/N=C(\C#N)/c2[n-]c3ccccc3n2
dude_aldr__L000939,Cc1cc(no1)[N-]S(=O)(=O)c2ccc(nc2)Sc3ccc(cc3)Cl
dude_aldr__L000940,c1cc(c(cc1/C(=N\O)/N)Cl)N2CC[C@H]3CCCC[C@@H]3C2
dude_aldr__L000941,c1cc(cnc1)c2nc3c4c5c(sc4nc(n3n2)[O-])CCCC5
dude_aldr__L000942,CS(=O)(=O)[N-]c1cc(ccc1Oc2ccc3c(c2)OCO3)C(F)(F)F
dude_aldr__L000943,CCO/C(=C(/c1nc(cs1)C)\C(=O)CSc2nnnn2C(C)(C)C)/[O-]
dude_aldr__L000944,c1cc(cc(c1)[N+](=O)[O-])C2=NN=C(C2)/N=C(/[C@H]3CCCO3)\[O-]
dude_aldr__L000945,CC1CCC(CC1)c2nc(on2)c3cc(ccc3F)N
dude_aldr__L000946,c1ccc(cc1)C2(CCN(CC2)C(=O)CCCSc3ccccc3)C(=O)[O-]
dude_aldr__L000947,Cc1c(sc(n1)C)/C(=C(/C#N)\C(=O)N2C[C@H](O[C@@H](C2)C)C)/[O-]
dude_aldr__L000948,C1CC[C@@H]([C@H](C1)N2C(=O)[C@@H]3CCCC3=N2)O
dude_aldr__L000949,CCCOc1ccccc1NC(=O)CN2CCc3c2ccc(c3)S(=O)(=O)N
dude_aldr__L000950,CC1CCC(CC1)CNC(=O)c2cccc(c2)n3c(=O)ccc(n3)[O-]
dude_aldr__L000951,Cc1c(nc(o1)C)c2ccc(cc2)S(=O)(=O)[N-]c3ccc(cc3)C(=O)C
dude_aldr__L000952,c1cc2c(cc1N)cc([nH]2)C(=O)N3CCC[C@@H](C3)O
dude_aldr__L000953,Cc1ccccc1[N-]S(=O)(=O)c2cc(cs2)c3nnc(o3)C4CC4
dude_aldr__L000954,CC(C)(C)c1ccc(cc1)n2c3c(cn2)[C@@H](CCC3)NC(=O)c4ccc(nn4)[O-]
dude_aldr__L000955,CS(=O)(=O)c1cc(c(c(c1)Cl)/C=C/C(=O)[O-])[N+](=O)[O-]
dude_aldr__L000956,CC1(Cc2c(ccn2[C@@H]3CCCC[C@@H]3O)[C@@H](C1)O)C
dude_aldr__L000957,c1ccnc(c1)[C@@H]2[C@H]3CC=C[C@H]3c4c(ccc(c4N2)Cl)C(=O)[O-]
dude_aldr__L000958,CC1(CCN(CC1)C(=O)N(C)C2CCCCCC2)C(=O)[O-]
dude_aldr__L000959,COc1ccc(cc1)[C@@H]2c3c(nc(s3)[S-])SC(=C2C(=O)OC)C(=O)OC
dude_aldr__L000960,CCOC(=O)C2=C(O)C(=O)N(Cc1ccccc1)C2
dude_aldr__L000961,COC(=O)N1CCC[C@@H]1C(=O)Oc2ccc(cc2)[N-]S(=O)(=O)C
dude_aldr__L000962,CCN(CC(C)C)C(=O)N1CCO[C@@H](C1)C(=O)[O-]
dude_aldr__L000963,CCC(=C1C(=O)NC(=S)NC1=O)Nc2c3c(nn2c4ccccc4)CCC3
dude_aldr__L000964,C[C@@]12CCC[C@@]([C@@H]1CC[C@@]34[C@@H]2CC[C@@H](C3)C(=O)C4)(C)C(=O)[O-]
dude_aldr__L000965,CS(=O)(=O)[N-]c1ccc(cc1)NC(=O)c2cnc(s2)c3cccs3
dude_aldr__L000966,C[C@]12CC[C@@H]3[C@@H]([C@H]1CC[C@]2(C)O)CCC4=C/C(=N/OCC(=O)NCCc5ccc(cc5)O)/C=C[C@]34C
dude_aldr__L000967,c1cc(c(cc1[N+](=O)[O-])S(=O)(=O)N2CCC(CC2)C(=O)[O-])N[C@H]3CCS(=O)(=O)C3
dude_aldr__L000968,C[C@H]1C(=C(N=N1)C)[C@@H](C(=O)[O-])NC(=O)[C@@H]2Cc3cccc(c3N2C)Cl
dude_aldr__L000969,Cc1cc[nH]/c(=N\S(=O)(=O)c2c(nc3n2cccc3)Cl)/c1
dude_aldr__L000970,CC(C)CS(=O)(=O)[N-]c1cccc(c1)S(=O)(=O)N(C)c2ccccc2
dude_aldr__L000971,Cc1c(c(n2c3ccccc3nc2c1C#N)[O-])Cc4ccccc4
dude_aldr__L000972,CC(C)c1cccc(c1)Oc2ccc(cc2F)/C(=N/O)/N
dude_aldr__L000973,CCN1C(=O)/C(=C/c2cn(c3c2cccc3)Cc4ccc(cc4)C#N)/C(=NC1=S)[O-]
dude_aldr__L000974,Cn1cc(cn1)S(=O)(=O)/N=C(/c2ccc(cc2)Cn3cccn3)\[O-]
dude_aldr__L000975,Cc1ccc(c(c1S(=O)(=O)N[C@H]2CCC[C@H]([C@@H]2C)C)C)N
dude_aldr__L000976,c1cc(sc1)/C=C(\C#N)/C(=N/c2cc(ccc2Cl)[N+](=O)[O-])/[O-]
dude_aldr__L000977,c1cc(sc1)c2[nH]c3ccc(cc3n2)NC(=O)[C@@H]4CCCN4C(=O)C5CC5
dude_aldr__L000978,C1CCC(CC1)C(=O)N[C@H]2CS(=O)(=O)C[C@@H]2O
dude_aldr__L000979,C[C@@H]1CCc2c(cc(s2)C(=O)NNC(=O)c3cccc(c3)C[S@](=O)C)C1
dude_aldr__L000980,c1ccn2c(c1)nc(c(c2=O)/C=C\3/C(=O)N(C(=S)S3)C4CCCC4)[O-]
dude_aldr__L000981,c1ccc(cc1)C(c2ccccc2)c3cc(nc(n3)N)c4cc(nc(n4)N)C(c5ccccc5)c6ccccc6
dude_aldr__L000982,CC(C)S(=O)(=O)c1ccc(c(c1)N2CCN[C@H](C2)F)[N-]S(=O)(=O)SC
dude_aldr__L000983,C[C@H]1CCC[C@@H]([C@@H]1C)/N=C/C2=C(CC(CC2=O)(C)C)[O-]
dude_aldr__L000984,CO[C@@H]1C[C@@H](N(C1)C(=O)NC2CCC(CC2)O)C(=O)[O-]
dude_aldr__L000985,c1cc(cc(c1)S(=O)(=O)N2CCCCC2)c3nnc(o3)SCc4cc(n5c(n4)c(cn5)C#N)[O-]
dude_aldr__L000986,Cc1ccc(c(c1)Cl)NC(=O)CCNC(=O)N[C@H](C)Cn2c(cc(n2)C)C
dude_aldr__L000987,Cc1cc(ccc1OC)S(=O)(=O)/N=C(/C2(CCC2)c3cccc(c3)F)\[O-]
dude_aldr__L000988,Cc1ccc(c(c1)Br)S(=O)(=O)[N-]c2ccccc2C(=O)NC
dude_aldr__L000989,c1ccc(cc1)c2cc3c(c(cnc3s2)C#N)N
dude_aldr__L000990,c1cc(ccc1CSc2nnc(n2c3ccc(cc3)F)c4ccc(cc4)F)C(=O)[O-]
dude_aldr__L000991,c1csc(c1n2cnnn2)C(=O)N3CCCC[C@H]3C(=O)[O-]
dude_aldr__L000992,c1c2c(cc(c1N)n3cc(cn3)Cl)nc[nH]c2=O
dude_aldr__L000993,CC1=C(C[C@@H]([C@H](C1)C(=O)[O-])C(=O)OC)C
dude_aldr__L000994,c1cc2c(cc1C(=O)[O-])nc(n2Cc3ccncc3)CNC(=O)C4CCCC4
dude_aldr__L000995,c1ccc(cc1)n2c3c(cn2)c(nc(n3)S)[S-]
dude_aldr__L000996,Cc1cc(ccc1OCC=C)C(=O)C2=C(C(=O)N[C@@H]2c3ccc(cc3)O)[O-]
dude_aldr__L000997,C[C@@]1(CC[C@@H](C1(C)C)C(=O)OC)C(=O)[O-]
dude_aldr__L000998,Cc1nc2n(n1)[C@H](C(=C(N2)C)C(=O)[O-])c3ccc(cc3)Cl
dude_aldr__L000999,c1cc(ccc1/C=C/C(=O)N2CCC[C@H](C2)C(=O)[O-])C(F)(F)F
dude_aldr__L001000,Cc1ccc(c(c1)C(=O)C2=C(C(=O)N([C@H]2c3cccc(c3)Cl)CCCN4CCOCC4)[O-])C
dude_aldr__L001001,c1cc(c(cc1NC(=O)[C@H]2[C@H]3CC[C@@H]([C@H]2C(=O)[O-])C=C3)F)F
dude_aldr__L001002,C1CC1C(=O)N2CCC(CC2)NC(=O)[C@H]3C[C@H]3C(=O)[O-]
dude_aldr__L001003,CC[C@@H](C)c1ccc(cc1)S(=O)(=O)N/N=C(/C)\c2c(cc(oc2=O)C)[O-]
dude_aldr__L001004,c1ccc(c(c1)C[C@H]([C@H]2CCS(=O)(=O)C2)C(=O)[O-])Br
dude_aldr__L001005,CC(=O)N[C@@H]1CCCN(C1)C(=O)[C@H]2CCCC[C@@H]2C(=O)[O-]
dude_aldr__L001006,Cc1cc(n(n1)Cc2cccc(c2)NC(=O)NC[C@@H](C)[NH+]3CCC[C@@H](C3)C)C
dude_aldr__L001007,CC(C)CCC[C@H](C)[C@H]1CC[C@H]2[C@]1(CC[C@@H]3[C@H]2CC=C4[C@]3(CC[C@@H](C4)OS(=O)(=O)[O-])C)C
dude_aldr__L001008,c1ccc2c(c1)CCC[C@@H]2c3nc(on3)[S-]
dude_aldr__L001009,C[C@@H](CN(C)C(=O)CS[C@H]1CCS(=O)(=O)C1)C(=O)[O-]
dude_aldr__L001010,Cc1c(c(c(c2c1OC(C2)(C)C)C)S(=O)(=O)N)C
dude_aldr__L001011,C[C@H](CC#N)Sc1ccccc1NC(=O)N[C@@H]2CCOc3c2cccc3
dude_aldr__L001012,Cc1c\2c(oc1C(=O)NNC(=O)c3ccc(cc3)Br)CCC/C2=N\NC(=S)N
dude_aldr__L001013,c1cc(cc(c1)C(=O)N2CC[C@H]3CCCC[C@@H]3C2)c4[n-]nnn4
dude_aldr__L001014,CC(C)[C@H](C(=O)N1CCC[C@](C1)(C)C(=O)[O-])NC(=O)C
dude_aldr__L001015,CCO[P@@](=O)(C)C(C(F)(F)F)(C(F)(F)F)[N-]S(=O)(=O)c1ccc(cc1)Cl
dude_aldr__L001016,CCN(C)/C(=C/C1=CSC2=NC(=C([C@H](N12)c3cccs3)C(=O)OCc4ccccc4)C)/[O-]
dude_aldr__L001017,Cc1cccc(c1C)OCC(=O)N2[C@H]3CCCC[C@H]3C[C@H]2C(=O)[O-]
dude_aldr__L001018,Cc1cc(nc2c1[C@@H]([C@H](S2)C(=O)O[C@@H](C)C(=O)/N=C\3/[C@@H]4C(=NC=N4)N=C[N-]3)C)C
dude_aldr__L001019,Cc1cccc(c1C(=O)OC)S(=O)(=O)[N-]c2ccc(c(c2)F)F
dude_aldr__L001020,c1cc(oc1)C(=O)/C(=C/c2ccc(o2)c3ccc(cc3)C(=O)[O-])/C#N
dude_aldr__L001021,CCc1cc2c(s1)nc(nc2SCC(=O)N3CCC(CC3)C(=O)[O-])C
dude_aldr__L001022,C[C@@H]1CCc2c(cc(s2)C(=O)Nc3ccc4c(c3)C(=O)N(C4=O)C)C1
dude_aldr__L001023,Cc1c2c(ncn(c2=O)CC(=O)N[C@@H]3CCCC[C@@H]3C)sc1C(=O)[O-]
dude_aldr__L001024,CN(C)C(=O)c1ccc(cc1Cl)[N-]S(=O)(=O)C2CCCC2
dude_aldr__L001025,CCOc1ccccc1CN2c3nnc(n3[C@H]4C=CS[C@@H]4C2=O)[S-]
dude_aldr__L001026,C[C@@H]1CN(C[C@@H](O1)C)[C@@H]2C[C@@H](CC[C@@H]2N)C(C)C
dude_aldr__L001027,Cc1ccc(s1)S(=O)(=O)[N-]c2nc(cs2)c3ccncc3
dude_aldr__L001028,COc1ccc(cc1)[P@](=O)(N2CCCC[C@@H]2c3cccnc3)[O-]
dude_aldr__L001029,C[C@H]1CCc2c(cc(s2)C(=O)N(CC3CC3)CC(=O)[O-])C1
dude_aldr__L001030,C[C@]1(CCN(C1)C(=O)N2CCC[C@H]2C(=O)OC)C(=O)[O-]
dude_aldr__L001031,Cn1c(c2ccc(cc2nc1=S)C(=O)NC3CCN(CC3)c4ncccn4)[O-]
dude_aldr__L001032,Cc1c(c(on1)C)CN(C)C(=O)c2ccc3c(c2)nc(=S)[nH]c3[O-]
dude_aldr__L001033,Cc1c(sc(n1)[N-]S(=O)(=O)c2cccc(c2)C(=O)OC)C(=O)OC
dude_aldr__L001034,c1cc(oc1C(=O)[O-])S(=O)(=O)N2CCC3(CCCC3)CC2
dude_aldr__L001035,CCC1(CCN(CC1)c2c(c(c(nn2)C)C)C(=O)[O-])C
dude_aldr__L001036,c1cc(c(cc1C(=O)N2CCC[C@H](C2)C(=O)[O-])S(=O)(=O)N3CCCCC3)F
dude_aldr__L001037,c1cc(ccc1c2nc3c4c5c(sc4nc(n3n2)[O-])CCC5)O
dude_aldr__L001038,c1cc2cc(ccc2nc1)c3c(sc(n3)[NH-])C4CCCC4
dude_aldr__L001039,c1ccc2c(c1)c(ncn2)S[C@@H]3CCC[C@@H]3C(=O)[O-]
dude_aldr__L001040,CN(C1CCCCC1)C(=O)N2C[C@H](C[C@H]2C(=O)[O-])OC
dude_aldr__L001041,CCCc1nnc(s1)/N=C(/c2c(nc(s2)c3ccsc3)C)\[O-]
dude_aldr__L001042,CNC(=O)[C@@H]1CCCN1C(=O)N2CCCC[C@H]2C(=O)[O-]
dude_aldr__L001043,C[C@@H]1c2ccsc2CCN1CN3C(=O)C4(CCCCC4)NC3=O
dude_aldr__L001044,C1Cc2c(sc(c2C(=O)[O-])NC(=O)C3=NNC(=O)CC3)C1
dude_aldr__L001045,CC1([C@@H](NC(=C(C1(C#N)C#N)C#N)Cl)[O-])C
dude_aldr__L001046,c1cc(ccc1/C=C(/c2nc3cc(ccc3c(n2)[O-])Cl)\Cl)OCc4ccncc4
dude_aldr__L001047,OC(=O)CN2CC(=O)N(Cc1ccc(Cl)c(N(=O)=O)c1)C2=O
dude_aldr__L001048,CS(=O)(=O)[N-]c1cccc2c1CCCN2C(=O)CCCn3cccn3
dude_aldr__L001049,CCN(CC)C(=O)c1ccc(cc1)S(=O)(=O)[N-]c2cccc(c2C)Cl
dude_aldr__L001050,Cc1ccc(cc1)c2nnc(n2N/C=C/3\C=CC(=O)C(=C3)OC)[S-]
dude_aldr__L001051,CC(C)CN(CC(=O)[O-])C(=O)N1CCC[C@H]1C(=O)OC
dude_aldr__L001052,C[C@@]12CC/C(=N\OCC(=O)[O-])/C=C1CC[C@H]3[C@H]2CC[C@@]4([C@@H]3CC[C@]4(C#C)O)C
dude_aldr__L001053,CCCn1cc(ccc1=O)[N-]S(=O)(=O)c2cccc(c2)Br
dude_aldr__L001054,Cc1c(c(nn1c2ccccc2)c3cccc(c3)NS(=O)(=O)C)C(=O)[O-]
dude_aldr__L001055,CCn1cc(cn1)S(=O)(=O)[N-]c2ccccc2Sc3nncn3C
dude_aldr__L001056,Cc1cccc(c1)[C@@H]2N=C(CS2)c3ccc4c(c3)oc(n4)[O-]
dude_aldr__L001057,C[C@H](C(=O)N[C@]1(CCSC1)C(=O)[O-])Oc2ccc(cc2)Br
dude_aldr__L001058,c1ccc(cc1)c2c(cn(n2)c3ccccc3)/C=N/[N-]S(=O)(=O)c4ccccc4
dude_aldr__L001059,Fc4ccc(CN2CC1(NC(=O)NC1=O)c3cc(F)ccc23)cc4
dude_aldr__L001060,c1ccc2c(c1)[C@@H]3CCCC[C@H]3N2C(=O)CSc4nccc(n4)[O-]
dude_aldr__L001061,Cc1c(c(n[nH]1)C)NC(=O)C2(CCCCC2)C#N
dude_aldr__L001062,CC(=O)NNC(=O)c1ccc2c(c1)scn2
dude_aldr__L001063,Cc1c(c2c(n1[O-])-c3c(c(=O)cc[nH]3)C(=O)CC2)Cc4ccccc4
dude_aldr__L001064,Cc1ccc(cc1)[C@H]2[C@H]3CC=C[C@@H]3c4c(ccc(c4N2)C)C(=O)[O-]
dude_aldr__L001065,Cc1nnc(n1/N=C/c2ccc(o2)COc3ccc(c(c3)Cl)F)[S-]
dude_aldr__L001066,C[C@H](/C(=N/S(=O)(=O)N(C)C)/[O-])Sc1ncccn1
dude_aldr__L001067,CC\1=NC2=NC(=NC(=O)[C@H]2[C@H](/C1=C(\[O-])/OCC=C)c3cccs3)SCC=C
dude_aldr__L001068,COc1cccc(c1)C[C@H](c2[n-]nnn2)C(=O)Nc3cccc4c3cccc4
dude_aldr__L001069,C#CCSC1=N[C@@H]2C(=NC=N2)C(=N1)[O-]
dude_aldr__L001070,CC[C@H](C)Oc1cccc(c1)[N-]S(=O)(=O)c2c(nn(c2Cl)C)C
dude_aldr__L001071,CC(=C/C(=N/S(=O)(=O)c1c(nc2n1cccc2)Cl)/[O-])C
dude_aldr__L001072,Cc1ccc(cc1)CSc2nnc(s2)/N=C(/C(=C/c3ccc(cc3)C(C)C)/C#N)\[O-]
dude_aldr__L001073,Cc1nnc(s1)NC(=O)c2cn(nc2C(C)(C)C)C
dude_aldr__L001074,C[C@@H](c1ccccc1Cl)Nc2ccc(c(c2)C(=O)[O-])F
dude_aldr__L001075,CC(C)(C)c1ccc(cc1)[C@H]2N([C@@H](CS2)C(=O)[O-])C(=O)C3CC3
dude_aldr__L001076,CSc1ncc(c(n1)C(=O)N2CCC(CC2)C(=O)[O-])Cl
dude_aldr__L001077,c1ccc2c(c1)nc3n2c4c(c(n3)[O-])[C@@H](CC(=O)N4)c5ccc(cc5)C#N
dude_aldr__L001078,Cc1ccc(cc1)SCC(=O)N2CC[C@](C2)(C)C(=O)[O-]
dude_aldr__L001079,CC(C)(C)c1nnc(s1)/N=C(/C(=O)N(C)C(C2CC2)C3CC3)\[O-]
dude_aldr__L001080,c1c(cc(c(c1C(=O)[O-])Cl)S(=O)(=O)N2CCS(=O)CC2)Cl
dude_aldr__L001081,CCc1ccsc1/C(=C(/C#N)\C(=O)NCC#C)/[O-]
dude_aldr__L001082,Cc1cc(nc(n1)N2CCC[C@H](C2)C(=O)Nc3cccnc3)C
dude_aldr__L001083,CCOc1ccc(cc1)/N=C/c2cc(ccc2[N-]S(=O)(=O)c3ccc(cc3)C)Br
dude_aldr__L001084,Cc1nc2c(c3c(s2)CCCCCC3)c(=O)o1
dude_aldr__L001085,Oc3ccc(S(=O)(=O)c2cc1cc(Cl)cc(Cl)c1[nH]2)nn3
dude_aldr__L001086,c1cc2c(cc1N3CCCCC3)c(c(cn2)C#N)[O-]
dude_aldr__L001087,COc1cc(cc(c1[O-])[N+](=O)[O-])/C=N/Nc2[nH]nc(n2)SCCC(=O)Nc3ccc(cc3)F
dude_aldr__L001088,CC(C)(C)[C@H]1CCc2c(cc(s2)C(=O)/N=c/3\[n-][nH]nn3)C1
dude_aldr__L001089,COC(=O)C1CCN(CC1)S(=O)(=O)c2cc(cs2)C(=O)[O-]
dude_aldr__L001090,CCCCCOc1ccc(cc1OCC)[C@H]2C(=C(C(=O)N2CCCOC)[O-])C(=O)c3c(nc4n3cccc4)C
dude_aldr__L001091,COC(=O)[C@H](C1CC1)n2cnc(c2c3ccccc3C(=O)[O-])c4ccccc4
dude_aldr__L001092,CC[C@H](C)S[C@@]1(CCC[C@@H](C1)C)C(=O)[O-]
dude_aldr__L001093,c1cc(cnc1)[N-]S(=O)(=O)c2ccc3c(c2)ccc(n3)Cl
dude_aldr__L001094,c1ccc(cc1)n2c(c(nn2)C(=O)Nc3[n-]ncn3)C4CC4
dude_aldr__L001095,Cc1c(nnc(c1C(=O)[O-])N2CC[C@@H]3CCCC[C@@H]3C2)C
dude_aldr__L001096,CCN1c2ccc(cc2CC1=O)[N-]S(=O)(=O)c3cc(c(cc3Cl)Cl)C
dude_aldr__L001097,Cc1ccc(cc1C)NC(=S)NNC(=O)c2nc(n(n2)c3ccc(cc3)F)C
dude_aldr__L001098,c1cc2c(cc1NC(=O)c3csnn3)nc(o2)C4CC4
dude_aldr__L001099,Cn1c2c(cn1)[C@H](CCC2)NC(=O)Nc3ccc(c(c3)C(=O)NC4CC4)Cl
dude_aldr__L001100,Cc1ccc(c(c1)Br)O[C@H]2CCCC[C@@H]2C(=O)[O-]
dude_aldr__L001101,C[C@@H](c1cccc(c1)[N-]S(=O)(=O)C)NC(=O)Nc2ccc(cc2)F
dude_aldr__L001102,Cc1c2cc(cnc2n(n1)C)[N-]S(=O)(=O)c3ccccc3[N+](=O)[O-]
dude_aldr__L001103,C[C@]1(CCS(=O)(=O)C1)NC(=O)N2CSC[C@H]2C(=O)[O-]
dude_aldr__L001104,CS(=O)(=O)N1CCC[C@@H]1C(=O)N(CC(=O)[O-])C2CCCC2
dude_aldr__L001105,CCN(CC)C(=O)N1CCC(CC1)CCC(=O)[O-]
dude_aldr__L001106,C[C@@]1(Cc2ccccc2-c3c1c(n4cnnc4n3)[O-])C5CCCCC5
dude_aldr__L001107,c1c2c(cc(c1N)N3CC[C@@H](C3)O)nc[nH]c2=O
dude_aldr__L001108,C1C[C@@H](CN(C1)C(=O)N2CSC[C@H]2C(=O)[O-])CO
dude_aldr__L001109,Cc1cc(nc(c1C(=O)[O-])SCC(=O)c2cc(n(c2C)CCc3ccc(cc3)F)C)C
dude_aldr__L001110,Cc1ccc(cc1)S(=O)(=O)[N-]c2ccccc2N(C)S(=O)(=O)c3ccc(cc3)C
dude_aldr__L001111,c1cc(ccc1c2c3c(nc(n2)SCC(=O)NCC(=O)[O-])CCCC3)Cl
dude_aldr__L001112,Cc1ccc(cc1S(=O)(=O)Oc2ccc3c(c2)CC[C@H]4[C@@H]3CC[C@@]5([C@@H]4CCC5=O)C)C(=O)[O-]
dude_aldr__L001113,CC[C@H]1CO[C@H](CN1S(=O)(=O)N2CCC(CC2)C(=O)[O-])C
dude_aldr__L001114,OC(=O)Cn5nc4n(Cc2ccc(CC(=O)Oc1ccccc1)cc2)c3ccccc3n4c(=O)c5=O
dude_aldr__L001115,c1cc2c(cc1S(=O)(=O)[N-]c3nc(cs3)c4ccncc4)CCCC2
dude_aldr__L001116,CC(C)(C(=O)N1CCC[C@H]1C(=O)[O-])Oc2ccc(cc2)/C=C/c3ccncc3
dude_aldr__L001117,c1cc(sc1)[C@@H]2CCCN2S(=O)(=O)c3ccc(c(c3)C(=O)[O-])Cl
dude_aldr__L001118,CCSc1ccccc1NCC(=O)NC(=O)N[C@H]2CCS(=O)(=O)C2
dude_aldr__L001119,c1cc(ccc1C#N)[N-]S(=O)(=O)C[C@H]2CCCO2
dude_aldr__L001120,O=C4Cc3ccc2C(=O)c1ccccc1CCc2c3O4
dude_aldr__L001121,Cc1ccc(s1)S(=O)(=O)[N-]c2cccc3c2oc(n3)C
dude_aldr__L001122,CC(=O)N1CCN(CC1)C(=O)[C@H]2C[C@H]2C(=O)[O-]
dude_aldr__L001123,CCc1ccc(s1)S(=O)(=O)[N-]c2cccc(c2)C(=O)N3CCOCC3
dude_aldr__L001124,Cn1cnnc1SC2(CCCCCCC2)C(=O)[O-]
dude_aldr__L001125,Cc1c(cc(c(n1)[N-]S(=O)(=O)c2ccc(nc2)Cl)Cl)Cl
dude_aldr__L001126,C[C@@H]([C@H]1CCCO1)NC(=O)C(=O)Nc2ccc(cc2Cl)Br
dude_aldr__L001127,CCC1=C([C@@H](N2C(=CSC2=N1)/C=C(/N3CCC[C@H](C3)C(=O)OCC)\[O-])c4ccc(cc4)F)C(=O)OC
dude_aldr__L001128,c1cc(cc(c1)S(=O)(=O)N)[N-]S(=O)(=O)c2c(ccs2)Br
dude_aldr__L001129,Cc1cc(cc(c1O[C@H](C)C(=O)Oc2ccc(cc2Br)C(=O)[O-])C)Br
dude_aldr__L001130,CC1=C([C@H](N2C(=CSC2=N1)/C=C(/N(C)Cc3ccccc3)\[O-])c4cccc(c4)OC)C(=O)OCCOC
dude_aldr__L001131,CCc1cccc(c1NC(=O)[C@H](C)Sc2nc3c(c(n2)[O-])CSC3)CC
dude_aldr__L001132,CC[C@H](C(=O)[O-])N(C)C(=O)N1CCO[C@@H]2[C@@H]1CCCC2
dude_aldr__L001133,CC(C)CCN1c2ccc(cc2CCC1=O)[N-]S(=O)(=O)c3cccc4c3nccc4
dude_aldr__L001134,c1ccc(cc1)C(c2cccc(c2C#N)C#N)(c3cccc(c3C#N)C#N)C(=O)N
dude_aldr__L001135,CSc1cc2c(c3c(n(c2=O)[O-])C(=O)C[C@H](N3)Cl)nc1
dude_aldr__L001136,CCS(=O)(=O)[N-]c1ccccc1C(=O)Nc2ccc(c(c2)F)n3cccn3
dude_aldr__L001137,Cc1cccc(c1)C(=O)Nc2nc(c(s2)c3nnc(n3C)[S-])C
dude_aldr__L001138,C[C@@H]1CN(C[C@@H](O1)c2ccccc2)C(=O)Nc3cccc4c3ccnc4
dude_aldr__L001139,CCOc1cc(c(cc1C)[C@@H](CC(=O)[O-])C2CCCCC2)C
dude_aldr__L001140,CC1=C(C2(CCCCC2)OC1=O)C(=O)[O-]
dude_aldr__L001141,C1C[C@@H]2[C@@H](C1)OCCN2C(=O)[C@@H]3CC=CC[C@@H]3C(=O)[O-]
dude_aldr__L001142,Cc1c(sc(n1)[N-]S(=O)(=O)c2ccc(nc2Cl)Cl)SC
dude_aldr__L001143,COc1cc(c(cc1OC)OC)/C=N/n2c(nnc2[S-])c3ccccn3
dude_aldr__L001144,c1ccc(c(c1)C#N)S(=O)(=O)[N-]c2cccc(c2)OCc3cccnc3
dude_aldr__L001145,C[C@H]1C[C@H]([C@@H](C[NH+]1C)C)Nc2ccc(nc2)n3ccnc3
dude_aldr__L001146,Cc1c(c(n(n1)c2c(n3ccsc3n2)C(=O)[O-])C)Br
dude_aldr__L001147,c1cc(oc1C(=O)[O-])S(=O)(=O)N2CCC[C@H]2C3CCCC3
dude_aldr__L001148,CCOc1ccccc1[N-]S(=O)(=O)c2cc(cs2)c3nc(cs3)C(C)(C)C
dude_aldr__L001149,CC[C@H](c1ccccc1)NC(=O)c2ccc(c(c2)Cl)[N-]S(=O)(=O)c3ccccc3
dude_aldr__L001150,c1cc2=N[C@]34CCCC[C@H]3CC5=C(N4c2cc1=C(C(=O)N)C(=O)N)CCCC5
dude_aldr__L001151,c1ccc(cc1)[C@@]2(c3ccccc3O[C@@H]2n4c5ccccc5nn4)O
dude_aldr__L001152,C1C[C@H]2[C@H](C1)OCCN2C(=O)N3CCO[C@@H](C3)C(=O)[O-]
dude_aldr__L001153,CC(C)NC(=O)C(=O)NNC(=O)c1cccc(c1)S(=O)(=O)[N-]c2cc(ccc2OC)[N+](=O)[O-]
dude_aldr__L001154,C1CCC(C1)[C@@H]2CCCN2C(=O)[C@H]3C[C@@H]3C(=O)[O-]
dude_aldr__L001155,Cc1nc(c(s1)Br)COC[P@](=O)(O)[O-]
dude_aldr__L001156,C[C@H](c1ccc(cc1)NC(=O)NC2CC2)NC(=O)[C@@H]3CCCN(C3)C(=O)C
dude_aldr__L001157,CC(C)S(=O)(=O)/N=C(/c1cc(c(n1C)Cl)Cl)\[O-]
dude_aldr__L001158,C[C@@H]1CCCN(C1)C(=O)c2c(c(ns2)C(=O)NC)N
dude_aldr__L001159,COc1cccc(c1)[C@@H]2C[C@H](n3c(ncn3)N2)c4cccc(c4)F
dude_aldr__L001160,Cc1cnc(c(c1OC)C)CNC(=O)N2CCN(CC2)c3nccs3
dude_aldr__L001161,c1c(c(c(=O)[nH]n1)Br)N2CCCC2
dude_aldr__L001162,c1c(c(c(c(c1Cl)/C=C/C(=O)[O-])F)F)C(F)(F)F
dude_aldr__L001163,c1c(cc(cc1Cl)Cl)S(=O)(=O)N2CCC(CC2)C(=O)[O-]
dude_aldr__L001164,Cc1c(c2ccccc2[nH]1)c3csc(n3)/N=C(/c4ccc[n+](c4)[O-])\[O-]
dude_aldr__L001165,Cc1cccc(c1)n2c(nnc2[S-])CNC(=O)c3ccc(c(c3)C)C
dude_aldr__L001166,c1ccc(cc1)C(=O)N2CCC[C@H](C2)/C(=C(/C#N)\C(=O)N3CCCCC3)/[O-]
dude_aldr__L001167,Cc1ccc(s1)S(=O)(=O)[N-]c2cnn(c2)CC(=O)OC
dude_aldr__L001168,c1cc(cc(c1)I)S(=O)(=O)/N=C(/CC2CCCC2)\[O-]
dude_aldr__L001169,c1cc(ccc1CC(=O)NNc2c(c(ncn2)N3CCC(CC3)C(=O)[O-])[N+](=O)[O-])[N+](=O)[O-]
dude_aldr__L001170,c1cc(ccc1C#N)OCC(=O)Nc2ccc(c(c2)S(=O)(=O)N)Cl
dude_aldr__L001171,CC[C@H](C)N(CC)C(=O)N(CC(=O)[O-])[C@@H]1CCS(=O)(=O)C1
dude_aldr__L001172,C[C@@H](C(=O)Nc1ccccc1)Sc2[n-]c3cc(cnc3n2)Br
dude_aldr__L001173,Cn1c(c(c2c1nc(cc2)C(=O)[O-])C3CCCCC3)c4ccoc4
dude_aldr__L001174,C(CO)[C@@H]1[C@@H](O1)CCO
dude_aldr__L001175,CCOC(=O)CN1C(=O)[C@@H]2[C@H]3C[C@@H]([C@@H]2C1=O)[C@@H]4[C@@H]3[C@@H](c5c(nc(s5)[S-])S4)c6ccccc6
dude_aldr__L001176,C[C@@H]1CCCCN1C(=O)CCn2c(nnc2[S-])c3cccs3
dude_aldr__L001177,Cc1ccc(cc1F)[N-]S(=O)(=O)c2ccc(s2)CC(=O)N3CCCC3
dude_aldr__L001178,Cc1ccc(cc1)[N-]S(=O)(=O)C[C@H](C)C(=O)NCCc2csc(n2)C
dude_aldr__L001179,CC(C)[C@]1(CC(=O)N(C1=O)C2CCC(CC2)C(=O)[O-])C
dude_aldr__L001180,Cc1c(c(n2c(n1)nc(n2)N)C)CC(=O)N3CCCCCC3
dude_aldr__L001181,C[C@]1(CCCN(C1)C(=O)Nc2ccccc2I)C(=O)[O-]
dude_aldr__L001182,CC[C@H](C(C)C)NC(=O)N1CCc2c(ccs2)[C@@H]1C(=O)[O-]
dude_aldr__L001183,c1ccc(c(c1)NC(=O)c2ccc3c(c2)nc(=S)[nH]c3[O-])N4CCCC4=O
dude_aldr__L001184,CC(C)c1ncc(c(n1)C(=O)Nc2ccnn2C)Cl
dude_aldr__L001185,C[C@@]1(CC[C@H](C1(C)C)C(=O)N2CCCc3c2cccc3)C(=O)[O-]
dude_aldr__L001186,C[C@H]1Cc2cc(ccc2N1Cc3cc(cc4c3OCOC4)Cl)S(=O)(=O)N
dude_aldr__L001187,CCC/C(=N/S(=O)(=O)c1cccc(c1)n2cnnn2)/[O-]
dude_aldr__L001188,COc1ccccc1NC(=O)c2ccc(cc2Cl)[N-]S(=O)(=O)C
dude_aldr__L001189,C[C@H]1CC[C@]2([C@@H]([C@@]1(C)CCC3=C[C@H](OC3=O)OC)C[C@H]([C@H]([C@@]24CO4)O)O)C
dude_aldr__L001190,CC(C)(C)c1ccc2cc([nH]c2c1)C(=O)N3CCC4(CC3)OCCO4
dude_aldr__L001191,C[C@@H]1C[C@H](CN(C1)C(=O)c2cc(nc3c2c(nn3C)[O-])C4CC4)C
dude_aldr__L001192,Cc1ccc(o1)[P@](=Nc2cccc(c2)C(=O)[O-])(C(C)(C)C)Oc3cccc(c3)Cl
dude_aldr__L001193,Cn1ccnc1S[C@H]2CCCC[C@@H]2C(=O)[O-]
dude_aldr__L001194,Cc1cc(cc(c1)OC(=O)c2ccc3c(c2)nc(=S)n(c3[O-])C)C
dude_aldr__L001195,Cc1nnc(n1c2ccccc2)SCC(=O)N3Cc4ccccc4C[C@@H]3C(=O)[O-]
dude_aldr__L001196,c1cc(nc(c1)Br)[N-]S(=O)(=O)C2CCS(=O)(=O)CC2
dude_aldr__L001197,Cc1ccc(cc1[N-]S(=O)(=O)c2c(nn(c2C)C)C)Br
dude_aldr__L001198,Cc1ccc(cc1)S(=O)(=O)[N-]c2nc-3c(s2)COc4c3cccc4
dude_aldr__L001199,Cn1cc(cn1)S(=O)(=O)[N-]c2ccsc2C(=O)OC
dude_aldr__L001200,CCC(C)(C)n1c(nnc1[S-])c2ccccn2
dude_aldr__L001201,CCc1cc(n2c(n1)c(c(n2)C(F)(F)F)c3ccccc3)[O-]
dude_aldr__L001202,Cc1ccc(cc1)c2nnc(n2CC(=O)N(Cc3ccc(cc3)C(F)(F)F)C4CC4)[S-]
dude_aldr__L001203,CSCC[C@@H](C(=O)[O-])NC(=O)c1cc-2c3ccccc3nc2c([nH]1)c4ccccc4
dude_aldr__L001204,Cc1c(sc(n1)Cl)S(=O)(=O)[N-]c2cc(cc(c2)OC)OC
dude_aldr__L001205,C1CC[C@@H]2CN(CC[C@@H]2C1)C(=O)N3CCC(CC3)C(=O)[O-]
dude_aldr__L001206,Cc1c(nc2c(n1)c(ncn2)Nc3ccc(cc3)OC)C
dude_aldr__L001207,c1cc2c(cc1[C@@H]([C@@H]3COCCO3)Br)NC(=O)CC(=O)N2
dude_aldr__L001208,CS(=O)(=O)[N-]c1ccc(c(c1)Cl)C(=O)N2CCN(CC2)C/C=C/c3ccccc3
dude_aldr__L001209,Cc1cc(ccc1N[C@H](C)c2ccc(cc2O)O)N(C)C
dude_aldr__L001210,c1cscc1C(=O)N2CCCC[C@@H]2C(=O)[O-]
dude_aldr__L001211,Cc1cc(n(n1)c2cccc(c2)NC(=O)N3CCc4c(ccs4)C3)C
dude_aldr__L001212,c1ccc(cc1)C2(CCCC2)c3[nH]cc(n3)C(=O)[O-]
dude_aldr__L001213,CCCSc1nnc(s1)/N=C(/C(=C/c2ccc(o2)c3cccc(c3)Br)/C#N)\[O-]
dude_aldr__L001214,CS(=O)(=O)CCS(=O)(=O)N1CCC[C@@H](C1)CC(=O)[O-]
dude_aldr__L001215,CCC[C@H](C)NC(=O)[C@@H]1CCCN(C1)C(=O)Nc2ccc(c(c2)NC(=O)C)F
dude_aldr__L001216,c1cc(cc(c1)S(=O)(=O)N2CCCCCC2)C(=O)N3CCc4c3ccc(c4)C(=O)[O-]
dude_aldr__L001217,Cc1ccc(cc1)CSc2nnc(s2)N3[C@@H](C(=C(C3=O)[O-])C(=O)c4cccs4)c5ccccc5
dude_aldr__L001218,c1cc(ccc1C#N)NCC(=O)N2CCC3(CC2)OCCO3
dude_aldr__L001219,Cc1ccc(cc1F)[N-]S(=O)(=O)c2cc(cs2)c3nc(on3)C4CCC4
dude_aldr__L001220,CC1(C[C@]1(C(=O)[O-])NC(=O)OC)C
dude_aldr__L001221,Cc1cccc(c1)C(=O)NNC(=O)[C@@H]2CCCN(C2)C(=O)C
dude_aldr__L001222,Cc1ccc(cc1[N-]S(=O)(=O)c2cnc(s2)Cl)C#N
dude_aldr__L001223,C[C@H]1CCC[C@H](C1)N(C)c2ncc(s2)C(=O)[O-]
dude_aldr__L001224,Cc1cc(n(n1)c2ccccc2[N-]S(=O)(=O)c3ccc(cc3)OC(F)(F)F)C
dude_aldr__L001225,C[C@@H]1COCCN1C(=O)N(C)C(C)(C)C(=O)[O-]
dude_aldr__L001226,Cc1c(cccc1NC(=O)[C@@H]2CC=CC[C@H]2C(=O)[O-])C(=O)N3CCOCC3
dude_aldr__L001227,CCOc1c(cc(cc1Br)C(=O)N2CCC[C@@H](C2)C(=O)[O-])OC
dude_aldr__L001228,C1CC[C@@H]2[C@H](C1)N(CCO2)C(=O)NC(=O)COCC(=O)[O-]
dude_aldr__L001229,c1cc(sc1S(=O)(=O)[N-]c2c3c4c(sc3ncn2)CCC4)Cl
dude_aldr__L001230,Fc3ccc(NS(=O)(=O)c1ccc(Cl)cc1C2NC(=O)NC2=O)cc3
dude_aldr__L001231,CC[C@H](C)NC(=O)N1CC[C@H](C1)C(=O)[O-]
dude_aldr__L001232,C[C@H]1CCCN([C@@H]1C)c2ccc(cc2N)S(=O)(=O)C
dude_aldr__L001233,c1cc(ccc1C#N)C(=O)NNC(=O)c2c(c(n[nH]2)C3CC3)Br
dude_aldr__L001234,c1c(cc(cc1Cl)Cl)NC(=O)[C@@H]2[C@H]3C[C@@H]([C@@H]2C(=O)[O-])C=C3
dude_aldr__L001235,c1cc(ccc1C#N)[C@@H]2c3c[nH]nc3N=C(CS2)O
dude_aldr__L001236,Cc1cnc(nc1)S[C@@H]2C[C@H](CC[C@@H]2C(=O)[O-])C(C)(C)C
dude_aldr__L001237,c1cc(cc(c1)[N+](=O)[O-])N2C(=O)[C@H]3[C@@H]([NH2+][C@@]([C@@H]3C2=O)(CC(=O)[O-])C(=O)[O-])c4cccs4
dude_aldr__L001238,Cc1cc(cc(c1)OCc2nnc(o2)[S-])C
dude_aldr__L001239,Cc1c(snn1)C(=O)N2CCc3c2ccc(c3)S(=O)(=O)N
dude_aldr__L001240,CN(Cc1cc(sc1)/C=C/C(=O)[O-])C(=O)c2ccsc2
dude_aldr__L001241,CCc1nnc(n1[C@H](C)c2nncn2C)SCC(=O)[O-]
dude_aldr__L001242,Cc1cccc(c1)NC(=O)N2CCC[C@@H]2c3ccc4c(c3)OCCO4
dude_aldr__L001243,Cn1cccc1c2csc(n2)[N-]S(=O)(=O)c3ccc4c(c3)oc(=O)[nH]4
dude_aldr__L001244,Cc1cc(c(c(c1)Br)O)C(=O)N2CCC[C@H](C2)C(=O)NC3CC3
dude_aldr__L001245,Cc1ccc(c(c1)[N-]S(=O)(=O)c2cc(cnc2)F)C
dude_aldr__L001246,C/C(=C/C(=N/S(=O)(=O)c1cccc(c1)I)/[O-])/C2CC2
dude_aldr__L001247,C[C@H]1CN(CCO1)c2nc(c(s2)C(=O)[O-])C(C)(C)C
dude_aldr__L001248,Cn1c(c2ccc(cc2nc1=S)C(=O)N(Cc3ccsc3)C4CC4)[O-]
dude_aldr__L001249,Fc1cc(Br)ccc1CN4C(=O)c2cccn2[C@@]3(CC(=O)NC3=O)C4=O
dude_aldr__L001250,CCCN(CC1CC1)C(=O)c2cccc(c2)[N-]S(=O)(=O)c3ccc(cc3)Br
dude_aldr__L001251,C[C@@H]1CCc2c(c3cc(ccc3[nH]2)C(=O)NNC(=O)c4cc(c[nH]4)Br)C1
dude_aldr__L001252,CC1=C(N=N[C@H]1c2ccc(s2)S(=O)(=O)[N-]c3ccc(cc3)C(=O)C)C
dude_aldr__L001253,CS(=O)(=O)c1cccc(c1)S(=O)(=O)[N-]c2cccc(c2)OCC=C
dude_aldr__L001254,c1cc(ccc1[C@H]([C@H]2CC=CC[C@@H]2C(=O)[O-])O)Cl
dude_aldr__L001255,C1CCN(CC1)C(=O)CSC2=N[C@@H]3C(=NC=N3)C(=N2)[O-]
dude_aldr__L001256,c1[nH]c(=S)c2c(n1)n(cn2)C[C@@H]3[C@H]([C@@H]([C@@H](O3)CO)O)O
dude_aldr__L001257,Cc1ccc(cc1)S(=O)(=O)/N=C(/N(Cc2ccccc2F)Cc3ccco3)\[O-]
dude_aldr__L001258,CNC(=O)c1ccc(c(c1)NC(=O)NCc2ccc(cc2)n3ccnc3)Cl
dude_aldr__L001259,C[C@H](/C(=N/S(=O)(=O)c1ccc(c(c1)Br)OC)/[O-])OCC=C
dude_aldr__L001260,CCCOC(=O)CSC1=C([C@@H]([C@H](C(=N1)[O-])C#N)c2ccccc2C)C#N
dude_aldr__L001261,c1nc(c2c(n1)n3c(n2)C[C@@H]4[C@H]([C@H]([C@H]3O4)O)O)N
dude_aldr__L001262,Cc1c2c(cc(nc2n(n1)C)c3ccncc3)C(=O)[O-]
dude_aldr__L001263,Cc1ccc(cc1NC(=O)c2ccc(cn2)Br)C(=O)NC
dude_aldr__L001264,Cc1cc(c(n1CCC(C)C)C)C(=O)CSc2c(cccn2)C(=O)[O-]
dude_aldr__L001265,Cc1cccc(c1)N(C)C(=O)N2CCC[C@](C2)(C)C(=O)[O-]
dude_aldr__L001266,CCCCCOc1cccc(c1)[C@H]2C(=C(C(=O)N2CCOC)[O-])C(=O)c3cc4cccc(c4o3)OC
dude_aldr__L001267,CCCn1cc(cc1C(=O)N2CC[C@](C2)(CC)C(=O)[O-])Br
dude_aldr__L001268,C[C@H]1CC[C@@H](N(CC1)S(=O)(=O)c2cccc(c2)C(=O)[O-])c3cccn3C
dude_aldr__L001269,c1ccc(c(c1)N2CCN(CC2)C3=[NH+]C(=NC4=NC=N[C@@H]34)[NH-])F
dude_aldr__L001270,CC[C@@H](C)N([C@H]1CCS(=O)(=O)C1)C(=O)CSc2nnc(n2CCC(=O)[O-])c3cccs3
dude_aldr__L001271,c1ccc(cc1)CNC(=O)[C@H]2CC=CC[C@H]2C(=O)NNc3c4ccccc4ncn3
dude_aldr__L001272,COC(=O)c1cccc2c1N[C@@H]([C@@H]3[C@H]2C=CC3)c4ccc(cc4)C(=O)[O-]
dude_aldr__L001273,CC[C@H](C(=O)[O-])Sc1[nH]c(=O)c(c(n1)N)NC(=O)c2cccc(c2C)[N+](=O)[O-]
dude_aldr__L001274,C[C@@H](/C(=N/S(=O)(=O)N(C)C)/[O-])OCC1CC1
dude_aldr__L001275,CC[C@H](C)SC1=NC(=O)[C@H]2[C@@H](C3=C(CCCC3=NC2=N1)[O-])c4ccccc4
dude_aldr__L001276,c1c(ncn1C2(CCS(=O)(=O)CC2)C(=O)[O-])[N+](=O)[O-]
dude_aldr__L001277,c1c(sc(n1)Cl)S(=O)(=O)[N-]c2c(c3c(s2)CCC3)C#N
dude_aldr__L001278,CCc1ccc(cc1)C(=O)/C(=C(\NC2CCCCC2)/[S-])/[n+]3cc(ccc3C)[O-]
dude_aldr__L001279,CCc1c(nc(nc1[O-])SCc2ccc(cc2)Br)C
dude_aldr__L001280,Cc1cc(n(n1)C)S[C@H]2C[C@H](CC[C@@H]2C(=O)[O-])C
dude_aldr__L001281,C=CCN(CC(F)(F)F)C(=O)c1ccc(cc1)[N-]S(=O)(=O)c2ccccc2
dude_aldr__L001282,CCn1c(c(c(n1)C)CNC(=O)Nc2cc(ccc2C)C(=O)NC3CC3)C
dude_aldr__L001283,c1cc(c(cc1[N-]S(=O)(=O)c2ccc(c(c2)C#N)Cl)N3CCCC3=O)F
dude_aldr__L001284,c1cc2c(cc1[C@H](C(F)(F)F)Br)oc(n2)[O-]
dude_aldr__L001285,CCC1(CCN(CC1)S(=O)(=O)CCS(=O)(=O)C)C(=O)[O-]
dude_aldr__L001286,Cc1ccc(cc1)[C@@H]2CCCN2S(=O)(=O)c3cccc(c3)S(=O)(=O)N
dude_aldr__L001287,Cc1cc(nn1C(C)(C)C)C(=O)Nc2ccc3c(c2)nc(o3)C4CC4
dude_aldr__L001288,CN/C(=C(\C#N)/C(=O)c1csc(n1)c2ccc(c(c2)Cl)Cl)/[O-]
dude_aldr__L001289,Cc1c(oc(n1)c2cccc(c2)NC(=O)N3CCN(CC3)c4nccs4)C
dude_aldr__L001290,CCCS(=O)(=O)[N-]c1ccc(cc1)S(=O)(=O)N2CCOC[C@@H]2C
dude_aldr__L001291,Cc2c(S(=O)(=O)c1ccc(O)nn1)sc3ccc(Cl)cc23
dude_aldr__L001292,CC(C)n1c2c(cc(cn2)C(=O)Nc3cc4c(cc3C(=O)[O-])OCCO4)cn1
dude_aldr__L001293,C[C@@H](Cn1ccnc1)n2ccnc2SCC(=O)[O-]
dude_aldr__L001294,c1cc(c(cc1NC(=O)Nc2c(ccs2)C(=O)[O-])F)Cl
dude_aldr__L001295,CC(C)Oc1ccc(cc1)[N-]S(=O)(=O)c2cc(cnc2)Br
dude_aldr__L001296,CC1=C2C=C(C=C[C@H]2N=C1C)C(=O)N3CCC[C@H](C3)C(=O)[O-]
dude_aldr__L001297,c1cc(sc1)S(=O)(=O)/N=C(/[C@H]2CCN(C2=O)c3cc(cc(c3)F)F)\[O-]
dude_aldr__L001298,c1csc(c1C(=O)N2CCCCC2)NC(=O)[C@@H]3[C@H](C4CCC3CC4)C(=O)[O-]
dude_aldr__L001299,CC(=O)c1cccc(c1)[N-]S(=O)(=O)c2ccc(c(c2)N)Cl
dude_aldr__L001300,C[C@H]1CCCCN1C(=O)c2ccc(cc2)NC(=O)N3CCC[C@H](C3)O
dude_aldr__L001301,COCCn1c2c(c(c3c(n2)CCC3)C(=O)[O-])c(=O)[nH]c1=O
dude_aldr__L001302,CCCCN1[C@@H](C(=C(C1=O)[O-])C(=O)c2ccc(c(c2)F)C)c3cccnc3
dude_aldr__L001303,Cc1ccc(cc1C)C(=O)N2[C@H]3CCCC[C@H]3C[C@H]2C(=O)[O-]
dude_aldr__L001304,C[C@@H]1Cc2ccccc2N1C(=O)c3cc(ccc3Cl)[N-]S(=O)(=O)C
dude_aldr__L001305,c1c(cn[nH]1)NC(=O)[C@@H]2CCCC[C@H]2C(=O)[O-]
dude_aldr__L001306,Cc1c(c(=O)n(n1C)c2ccccc2)c3c(/c(=N/c4cccc(c4)F)/c3=O)[O-]
dude_aldr__L001307,Cn1c(c2ccc(cc2nc1=S)C(=O)N3CCc4c3cccc4)[O-]
dude_aldr__L001308,c1cc(c(nc1)N2CCCCC2)NC(=O)c3c(c(n[nH]3)C4CC4)Br
dude_aldr__L001309,Cc1nc(cn1C)S(=O)(=O)[N-]c2cnn(c2)CC(=O)OC
dude_aldr__L001310,c1c(nc(nc1C(F)(F)F)N2CCC(CC2)C(=O)[O-])C3CC3
dude_aldr__L001311,Cc1nnc2n1N[C@H](S2)[C@H]3C=C(N=N3)c4ccccc4
dude_aldr__L001312,COc1ccc(cn1)[N-]S(=O)(=O)c2cnn(c2)c3ccccc3
dude_aldr__L001313,CC1(OC[C@H](O1)[C@H]2C([C@@H]3[C@@H](O2)OC(O3)(C)C)(O)O)C
dude_aldr__L001314,Cc1ccc(c(c1)C)N2C(=O)/C(=C/Nc3ccc(cc3)S(=O)(=O)[N-]c4cc(nc(n4)OC)OC)/C(=N2)C
dude_aldr__L001315,c1ccc(cc1)n2nc3ccc(c(c3n2)Br)N
dude_aldr__L001316,C=CCN(c1nc2c(s1)CCCC2)S(=O)(=O)c3cc(ccc3Br)C(=O)[O-]
dude_aldr__L001317,c1ccc2c(c1)c3c(c(=O)s2)[C@@H](C(=C(O3)N)C#N)c4ccncc4
dude_aldr__L001318,CCOC(=O)C2=C(O)C(=O)N(Cc1ccccn1)C2
dude_aldr__L001319,CS(=O)(=O)[N-]c1ccccc1C(=O)N2CCCN(CC2)CC(F)(F)F
dude_aldr__L001320,C1CC2=C([C@@H](C3=C(N=N[C@H]3N2)O)C4N=CC=N4)C(=O)C1
dude_aldr__L001321,CC1=Nc2ccccc2N=C3C1=C(C[C@H](C3)c4cc(c(c(c4)OC)OC)OC)[O-]
dude_aldr__L001322,C[C@@H]1CCC[C@H](C1)N(C)C(=O)c2ccc(nc2)C(=O)[O-]
dude_aldr__L001323,c1ccc(c(c1)/C=N/N2[C@@H](NN=C2[S-])[C@H]3C4=C(CCC4)N=N3)Br
dude_aldr__L001324,Cc1cc(n(n1)c2nc(cs2)c3ccc(cc3)F)N
dude_aldr__L001325,CC1(CCCN1C(=O)[C@@H]2CCCC[C@@H]2C(=O)[O-])C
dude_aldr__L001326,CC(C)CS(=O)(=O)[N-]c1ccc(cc1)S(=O)(=O)C[C@@H]2CCCO2
dude_aldr__L001327,c1ccc(c(c1)[N+](=O)[O-])OS(=O)(=O)N2CCC[C@@H](C2)C(=O)[O-]
dude_aldr__L001328,CC1=CC=C2NC3=C(N2C1)[C@H](CC(=O)NC3)C4=CC5=CC=N[C@@H]5C=C4
dude_aldr__L001329,Cc1c(sc2c1c(nc(n2)C[NH+]3CCCC3)Nc4ccc5cn[nH]c5c4)C
dude_aldr__L001330,C[C@@H](CN(C)S(=O)(=O)c1cc(cnc1)Br)C(=O)[O-]
dude_aldr__L001331,Cc1c(c(nn1C)C(=O)N[C@H]2[C@@H]3N(C2=O)C(=C(CS3)C)C(=O)[O-])Cl
dude_aldr__L001332,C[C@](C1CC1)(C(=O)[O-])NC(=O)N(C)[C@@H]2CCSC2
dude_aldr__L001333,CCC1=C2C(=NC(=NC2=O)c3[n-]ncn3)S[C@H]1C
dude_aldr__L001334,CCc1ccc(s1)S(=O)(=O)[N-]c2ccc(cc2)N3[C@@H](COC[C@H]3C)C
dude_aldr__L001335,CS(=O)(=O)c1ncc(c(n1)[O-])C#N
dude_aldr__L001336,CCN(CC)c1ccc(cc1)[C@@H]2[C@@H]3C(=NC(=NC3=O)SCc4ccccc4)N=C5C2=C(CCC5)[O-]
dude_aldr__L001337,CO[C@H]1CC2(CC[NH2+]CC2)Oc3c1cc4c(c3)OCO4
dude_aldr__L001338,Cn1cccc1[C@@H]2Nc3ccccc3-c4c(nc(nn4)SC)O2
dude_aldr__L001339,c1cnc(cc1c2[nH]nc(n2)c3ccnc(c3)Cl)C#N
dude_aldr__L001340,CC[C@@H](C)[NH+]1CCN(CC1)C(=O)N2CC[C@](C2)(C)C(=O)[O-]
dude_aldr__L001341,c1cc(ncc1C(=O)N2CCC[C@@H]2C3CCCC3)C(=O)[O-]
dude_aldr__L001342,Cc1ccc(cc1NC(=O)[C@H]2C[C@H]3CC[C@@H]2C3)/C(=N/O)/N
dude_aldr__L001343,Cn1c(nnc1/C(=C(/C(=C/c2ccco2)/C#N)\[O-])/C#N)c3ccccc3
dude_aldr__L001344,CC1(CC[C@H](c2c1cccc2)NC(=O)c3cccnc3[S-])C
dude_aldr__L001345,c1ccc2c(c1)ccn2CC/C(=N/S(=O)(=O)c3cccs3)/[O-]
dude_aldr__L001346,CCCOc1c(cc(cc1Br)/C=C(/c2nc3ccccc3c(n2)[O-])\Cl)OC
dude_aldr__L001347,Cc1c(sc(n1)NC(=O)[C@H]2[C@H]3C[C@@H]([C@@H]2C(=O)[O-])C=C3)C(=O)N(C)C
dude_aldr__L001348,C[C@H]1CCc2c(sc(c2C(=O)[O-])NC(=O)c3ccccc3F)C1
dude_aldr__L001349,Cc1csc(n1)Sc2ccc(c3c2ccnc3)N
dude_aldr__L001350,c1cc(oc1[C@@H]2CCCCO2)[C@H]3N[C@@H]4C(=N3)C=NN4C5CCCC5
dude_aldr__L001351,c1cc2cn[nH]c2c(c1)C(=O)OCc3c(nc4n3ccs4)Cl
dude_aldr__L001352,Cc1cc(c(n1C2CCCCC2)C)/C=C/3\C(=NC(=S)N(C3=O)CC=C)[O-]
dude_aldr__L001353,Cc1c(c(n(n1)c2c(nccn2)/C(=N/O)/N)C)Cl
dude_aldr__L001354,CS(=O)(=O)[N-]c1ccc(cc1)Oc2ccc(cn2)C(=O)NC3CCCC3
dude_aldr__L001355,CC(C)(C)[C@@H]1CCc2c(nnn2Cc3ccccc3C(=O)[O-])C1
dude_aldr__L001356,CCc1cc(=O)n(c(n1)S[C@H](CC)C(=O)[O-])C
dude_aldr__L001357,CCN(C[C@H]1CCOC1)S(=O)(=O)N2CCCC[C@@H]2C(=O)[O-]
dude_aldr__L001358,c1cc(oc1)/C(=C(\C#N)/C(=O)/C=C/c2ccc(o2)I)/[O-]
dude_aldr__L001359,CC(C)(CS(=O)(=O)N(C)[C@@H]1CCS(=O)(=O)C1)C(=O)[O-]
dude_aldr__L001360,C1CCN([C@@H](C1)C(=O)N)C(=O)C2(CCCC2)C#N
dude_aldr__L001361,Cc1cc(n(n1)CCC(=O)Nn2c(c3ccccc3nc2=S)[O-])C
dude_aldr__L001362,Cc1ccc(cc1C)[N-]S(=O)(=O)c2ccc(s2)[C@H]3C=C(N=N3)C
dude_aldr__L001363,Cc1c(c(n(n1)[C@]2(CCCC[C@@H]2C(C)(C)C)C(=O)[O-])C)Cl
dude_aldr__L001364,CCN(C[C@H](C)C(=O)[O-])S(=O)(=O)N1CCCC1
dude_aldr__L001365,CC(C)OCc1ccc(cc1)C(=O)N2CCC[C@@H](C2)C(=O)[O-]
dude_aldr__L001366,CCc1c(sc(c1C#N)NC(=O)[C@H]2CCCC[C@@H]2C(=O)[O-])C
dude_aldr__L001367,Cc1ccc(cc1)NC(=O)NC(=O)[C@H](C)Nc2ccc(cc2)NC(=O)C(C)C
dude_aldr__L001368,CC(C)[NH+]1CCN(CC1)c2c(n3ccsc3n2)CO
dude_aldr__L001369,CC[C@@H](C)N(CC(=O)[O-])C(=O)N1CCC(CC1)C
dude_aldr__L001370,CC(C)[C@@H](/C(=N/S(=O)(=O)c1cccs1)/[O-])NC(=O)c2ccccc2F
dude_aldr__L001371,c1cc(ccc1CSc2nnc(s2)/N=C(/c3ccc(=O)[nH]c3)\[O-])C#N
dude_aldr__L001372,C[C@]12CC[C@@H]3c4ccc(c(c4CC[C@H]3[C@H]1CCC2=O)O)O
dude_aldr__L001373,COC(=O)c1c2c(sc1NC(=O)[C@@H]3[C@@H]4C[C@H]([C@@H]3C(=O)[O-])C=C4)CCC2
dude_aldr__L001374,C[C@H]1CCCCN1c2ccc(cc2NC(=O)Cc3cn4ccsc4n3)C(=O)N
dude_aldr__L001375,C[C@@H](c1cccc(c1)NC(=O)C)NC(=O)C(=O)Nc2cccc3c2nccc3
dude_aldr__L001376,Cc1c(n2cc(nc(c2n1)Cc3ccccc3)c4ccc(cc4)O)[O-]
dude_aldr__L001377,c1cc(sc1)C(=O)N2CCC[C@H](C2)C(=O)NNC(=O)c3cc4c(s3)CCCC4
dude_aldr__L001378,c1ccc(c(c1)/C=C/C(=O)c2ccc[nH]2)C(=O)[O-]
dude_aldr__L001379,C[C@H]1[C@H](N(c2c(=O)[nH]c(nc2N1)NC(=O)c3cccnc3)C(=O)c4cccnc4)C
dude_aldr__L001380,Cc1ccc(cc1)S(=O)(=O)[N-]c2ccccc2N/C=C/3\CCCCC3=O
dude_aldr__L001381,CCCOC(=O)CSC1=C([C@H]([C@@H](C(=N1)[O-])C#N)c2ccccc2C)C#N
dude_aldr__L001382,c1cc(ccc1C(=O)N2CCCC2)n3c(c(cn3)C#N)N
dude_aldr__L001383,Cc1ccsc1[C@@H]2CC(=O)Nc3c2ccc(c3)N4CCN(C4=O)C
dude_aldr__L001384,CCS(=O)(=O)[N-]c1ccc(cc1C)NC(=O)[C@H]2CCCC[C@@H]2C(F)(F)F
dude_aldr__L001385,CCn1cc(c(=O)c2c1c(cc(c2)OC(C)C)C)C(=O)[O-]
dude_aldr__L001386,C[C@@H](c1cc2c(cc1Br)OCCO2)NC(=O)Nc3cccnc3
dude_aldr__L001387,CCCc1nnc(n1CC(=O)N2CCN(CC2)Cc3cscn3)[S-]
dude_aldr__L001388,Cc1csc(n1)N2[C@@H](C(=C(C2=O)[O-])C(=O)c3cc4ccccc4o3)c5ccccc5F
dude_aldr__L001389,CCN([C@H](C)CC(=O)[O-])C(=O)c1csc2c1CC[C@@H](C2)C
dude_aldr__L001390,CCS(=O)(=O)N1CCC[C@@H](C1)c2nnc(n2Cc3ccc(cc3)F)[S-]
dude_aldr__L001391,C1COCCN1c2nc(nc(n2)N3CCOCC3)c4n[n-]nn4
dude_aldr__L001392,Cc1ccc(c(c1)C(=O)[O-])NC(=O)N2CCC[C@@H](C2)C
dude_aldr__L001393,CC(C)C(=O)N1CCN(CC1)C(=O)c2cc(cn2C)N
dude_aldr__L001394,C1C[C@H](N(C1)C(=O)C23C[C@@H]4CC[C@H](C2)CC(C4)C3)C(=O)[O-]
dude_aldr__L001395,C/C(=C(\C(=O)C)/Sc1c2c(ncn1)n(nn2)c3ccccc3)/[O-]
dude_aldr__L001396,CCCCSC1=NC(=O)[C@H]2[C@@H](/C(=C(/[O-])\OC)/C(=NC2=N1)C)c3ccc(cc3)F
dude_aldr__L001397,CCOc1ccc(cc1)c2nnc(n2CC(=O)[O-])SCCOC(c3ccccc3)c4ccccc4
dude_aldr__L001398,CC/C(=C\C(=O)NCCCc1ccc(cc1)[N-]S(=O)(=O)C)/c2ccccc2
dude_aldr__L001399,CN(CCCOC)C(=O)c1ccccc1[N-]S(=O)(=O)c2cc(ccc2F)F
dude_aldr__L001400,Cc1c(c(nc(n1)[O-])S[C@@H](c2ccccc2)C(=O)NC3CC3)C(=O)C
dude_aldr__L001401,C[C@H](c1cccnc1)NC(=O)c2c[nH]c3c2cc(cc3)N
dude_aldr__L001402,Cc1ccccc1c2cc(n(n2)c3ccc(cc3)C#N)N
dude_aldr__L001403,c1c(cc(cc1C(=O)[O-])F)c2cc(cc(c2)O)C(F)(F)F
dude_aldr__L001404,COc1cc(nc(n1)OC)[N-]S(=O)(=O)c2ccc(cc2)/N=C/c3ccc(cc3)OCc4ccccc4
dude_aldr__L001405,CCOCCCn1c(c(c(c(c1=O)C#N)C)C(=O)c2c(c3ccccc3s2)Cl)[O-]
dude_aldr__L001406,c1cnc(c(n1)C(=O)N2CCCCCCC2)N
dude_aldr__L001407,CC(C)(C)c1c(c(nn1c2ccncc2)C(=O)[O-])Br
dude_aldr__L001408,Cc1ccc(cc1S(=O)(=O)/N=C(/c2cc(sc2C)C)\[O-])[N+](=O)[O-]
dude_aldr__L001409,CS(=O)(=O)[N-]c1cccc2c1CCCN2CC(=O)NCc3ccccc3F
dude_aldr__L001410,CCc1ccc(cc1)[N-]S(=O)(=O)c2c(sc(c2c3ccno3)C)C
dude_aldr__L001411,CC(=O)NNC(=O)C=C
dude_aldr__L001412,CCOc1ccc(cc1)[N-]S(=O)(=O)c2cc(ccc2Cl)C(=O)N(C)C
dude_aldr__L001413,c1ccc2c(c1)CCC(=C2)S(=O)(=O)N3CCc4c3ccc(c4)S(=O)(=O)N
dude_aldr__L001414,Cc1cc(ccc1OC)S(=O)(=O)/N=C(/C=C\c2cnn(c2)C)\[O-]
dude_aldr__L001415,C[C@H]1C[C@@H]1NC(=O)N2CCC[C@@](C2)(C)C(=O)[O-]
dude_aldr__L001416,CC(C)(C)c1c(cn[nH]1)/C=C(/C#N)\c2nnc3n2CCCCC3
dude_aldr__L001417,C[C@@H]1C[C@@H](CN(C1)C(=O)c2ccc(cc2)[N-]S(=O)(=O)c3cccs3)C
dude_aldr__L001418,c1cc(ncc1C#N)N2CCC(CC2)NC(=O)N3CCCCCCC3
dude_aldr__L001419,C1C[C@@H](CN(C1)C(=O)[C@@H]2CCS(=O)(=O)C2)CC(=O)[O-]
dude_aldr__L001420,c1cc(c(cc1[N+](=O)[O-])[N+](=O)[O-])S(=O)(=O)N2[C@H]3CCCC[C@H]3C[C@H]2C(=O)[O-]
dude_aldr__L001421,CCCCSc1nnc(s1)SCC(=O)N2CCC[C@H](C2)C(=O)[O-]
dude_aldr__L001422,CS(=O)(=O)c1ccc(cc1)S(=O)(=O)[N-]c2cccc(c2)Oc3ccccc3
dude_aldr__L001423,c1ccc(cc1)[C@H]2CCCN(CC2)CC3=NS(=O)(=O)c4ccccc4[N-]3
dude_aldr__L001424,c1cc(c(cc1NC(=O)[C@@H]2CC=CC[C@H]2C(=O)[O-])Cl)C(=O)N3CCOCC3
dude_aldr__L001425,CS(=O)(=O)[N-]c1cccc(c1)C(=O)N(CC#C)C2CCCCC2
dude_aldr__L001426,C1C[C@@H](CC=C1)C(=O)N2C[C@H](C[C@H]2C(=O)[O-])O
dude_aldr__L001427,CCCCCOc1ccc(cc1)[C@@H]2C(=C(C(=O)N2c3nccs3)[O-])C(=O)c4c(nc5n4cccc5)C
dude_aldr__L001428,CSCC[C@H](C(=O)[O-])NC(=O)c1cc(cc(c1I)Cl)Cl
dude_aldr__L001429,CCCCOc1cccc(c1)C(=O)n2c(c3cc(ccc3nc2=S)I)[O-]
dude_aldr__L001430,Cc1ccc(cc1C)[C@@](C)(C(=O)[O-])Sc2ccncc2N
dude_aldr__L001431,c1cc(c(cc1NC(=O)Nc2ccc(c(c2)F)F)C(=O)N3CCCC3)N4CCCC4
dude_aldr__L001432,Cc1cc(nc(n1)Sc2cc(nc(n2)Cl)C)[O-]
dude_aldr__L001433,C[C@H]1CCN([C@@H](C1)C)C(=O)Nc2ccc(cc2)[C@@H](C)O
dude_aldr__L001434,c1ccc2c(c1)CCC[C@H]2NC(=O)NCc3ccc(c(c3)F)n4ccnc4
dude_aldr__L001435,CCC(C)(C)C(=O)N1CC[C@@](C1)(C)C(=O)[O-]
dude_aldr__L001436,COc1ccc(cc1)[N-]S(=O)(=O)c2ccc(s2)c3cnc(o3)C4CC4
dude_aldr__L001437,c1cc(cc(c1)/N=C/c2cccn2c3ccc(cc3)Br)C(=O)[O-]
dude_aldr__L001438,C[C@@H](CCC(=O)[O-])[C@H]1CC[C@@H]2[C@@]1(CC[C@@H]3[C@@H]2CC[C@H]4[C@@]3(CC[C@H](C4)OC(=O)C)C)C
dude_aldr__L001439,CC[C@H](C)SC1=NC(=O)[C@H]2[C@@H](C3=C(CCCC3=NC2=N1)[O-])c4ccc(c(c4)Cl)Cl
dude_aldr__L001440,C[C@H]1CN(CC(O1)(C)C)c2nnc(s2)[S-]
dude_aldr__L001441,Cc1ccsc1C(=O)/C(=C\c2ccc(c(c2)[N+](=O)[O-])[O-])/C#N
dude_aldr__L001442,c1ccc(c(c1)/C=N/Nc2nc3c(=O)[nH]c(nc3n2[C@H]4[C@@H]([C@@H]([C@@H](O4)CO)O)O)N)O
dude_aldr__L001443,Cc1ccc(c(c1)Cl)[N-]S(=O)(=O)c2ccc(cc2)[N+](=O)[O-]
dude_aldr__L001444,c1cc(c(c2c1occ2C(=O)[O-])[N+](=O)[O-])Br
dude_aldr__L001445,c1c(c(sc1C(=O)[O-])Br)S(=O)(=O)N[C@@H]2CCCC[C@H]2O
dude_aldr__L001446,Cn1cc(cn1)SCc2cccnc2C(=O)[O-]
dude_aldr__L001447,C1CC[C@@H]([C@@H](C1)C(=O)N(CCC#N)CCC#N)C(=O)[O-]
dude_aldr__L001448,Cc1ccc(cc1)c2nnc(n2c3cc(ccc3OC)OC)[S-]
dude_aldr__L001449,c1ccc(cc1)C2=C[C@H](N=N2)[C@@H]3Nn4c(nnc4S3)C5CCCCC5
dude_aldr__L001450,C[C@H]1CCCN(C1)C(=O)c2ccc3c(c2)nc(=S)n(c3[O-])C
dude_aldr__L001451,c1cc(cc(c1)[N-]S(=O)(=O)c2cc(cnc2)F)C#N
dude_aldr__L001452,CC(=O)NCCc1ccc(s1)S(=O)(=O)/N=C(/c2ccc3c(c2)COC3)\[O-]
dude_aldr__L001453,CC[C@@H](C)[C@H](C(=O)[O-])NC(=O)N1CCO[C@@H]2[C@@H]1CCC2
dude_aldr__L001454,c1nc(c2c(n1)n(c(n2)Cl)[C@H]3[C@H]([C@@H]4[C@@H](O3)CO[P@@](=S)(O4)O)O)N
dude_aldr__L001455,CC1CCN(CC1)C(=O)N2CCC(CC2)(C)C(=O)[O-]
dude_aldr__L001456,COC(=O)[C@H]1CCCN1C(=O)N2CCO[C@@H](C2)C(=O)[O-]
dude_aldr__L001457,c1ccc(cc1)[C@@H](c2ccccn2)NC(=O)c3ccc(cc3)n4c(cc(n4)c5ccc(c(c5)Cl)Cl)N
dude_aldr__L001458,CC(C)[C@@](C)(CC(=O)N1CCO[C@@H]2[C@@H]1CCC2)C(=O)[O-]
dude_aldr__L001459,CC(C)c1ccc(cc1)c2csc3n2c(cn3)/C=C/C(=O)[O-]
dude_aldr__L001460,Cc1cc(cc(c1C)S(=O)(=O)Nc2cc(c(s2)C(=O)OC)C)C(=O)[O-]
dude_aldr__L001461,COc1ccc(c(c1)/C=N/n2c(nnc2[S-])c3ccncc3)OC
dude_aldr__L001462,Cc1ccc(s1)[C@H](c2ccc3c(c2)nccn3)N
dude_aldr__L001463,C[C@@H](C(=O)Nc1nccs1)SCc2[nH]c(=O)c3c4c(sc3n2)CCCC4
dude_aldr__L001464,Cc1ccc(cc1)S(=O)(=O)N2CCN(CC2)C(=O)c3c(cn(n3)C)C(=O)[O-]
dude_aldr__L001465,c1cc(cc(c1)S(=O)(=O)C(F)F)[N-]S(=O)(=O)c2cc(cnc2)F
dude_aldr__L001466,C[C@@H](c1nnc2n1CCCCC2)NC3CC[NH+](CC3)C
dude_aldr__L001467,Cc1cc(cc(c1/C=C/c2cc(cnc2)c3n[n-]nn3)C)c4ccsc4
dude_aldr__L001468,CNC1=NC2=NC(=O)C(=C([C@H]2S1)[O-])Br
dude_aldr__L001469,Cc1c(cccc1Cl)S(=O)(=O)[N-]c2nc(c(s2)C(=O)OC)C
dude_aldr__L001470,c1cc(sc1)CCNC(=O)CSc2ncc(n2c3ccc(cc3)F)C(=O)[O-]
dude_aldr__L001471,Cc1ccc(cc1C)N2[C@@H]([C@@H](C(=N2)C)C(=O)[O-])c3cccs3
dude_aldr__L001472,COC(=O)c1c(ccs1)S(=O)(=O)[N-]c2cc(ccc2F)N
dude_aldr__L001473,CN(CCC#N)C(=O)N1CCC[C@@H](C1)CC(=O)[O-]
dude_aldr__L001474,CCn1c(=O)c2c3c(sc2nc1SCc4c5ccccc5oc4C(=O)[O-])C[C@@H](CC3)C
dude_aldr__L001475,C[C@H](c1ccccc1)[C@H](C(=O)NC(C)(C)CC(C)(C)C)N(c2ccccc2Cl)C(=O)c3cccc(c3O)O
dude_aldr__L001476,Cc1cc(ccc1[N-]S(=O)(=O)C2CCCCC2)Sc3ncccn3
dude_aldr__L001477,Cc1ccc(cc1)S(=O)(=O)/N=C(/C2CCCC2)\[O-]
dude_aldr__L001478,c1cc(ccc1/C=N/Nc2nc3c(=O)[nH]c(nc3n2[C@H]4[C@H]([C@@H]([C@@H](O4)CO)O)O)N)O
dude_aldr__L001479,CCN(CC)C(=O)C1=C(N=C2N([C@H]1c3ccccc3OC)C(=CS2)/C=C(/N(C)Cc4ccccc4)\[O-])C
dude_aldr__L001480,Cc1nnc(s1)S[C@@H]2CCCCC[C@H]2C(=O)[O-]
dude_aldr__L001481,c1c2c(nc(c1C(=S)N)N[C@@H]3CCCNC3=O)CCC2
dude_aldr__L001482,CCc1nc(cs1)C/C(=N/S(=O)(=O)c2ccc(cc2)C#N)/[O-]
dude_aldr__L001483,CS(=O)(=O)N1CCC[C@@H](C1)C(=O)N2CC[C@@H](C2)C(=O)[O-]
dude_aldr__L001484,Cc1ccc(c2c1c[nH]n2)[N-]S(=O)(=O)c3cc(ccc3F)C(=O)OC
dude_aldr__L001485,Cc1cc(cc(c1)N2C(=O)[C@H]3CC=C(C[C@H]3C2=O)C)C
dude_aldr__L001486,c1ccc(cc1)OCc2ccoc2/C(=N/S(=O)(=O)c3ccc(s3)Cl)/[O-]
dude_aldr__L001487,c1csc(c1S(=O)(=O)N2CCNCC2)C(=O)[O-]
dude_aldr__L001488,CCSc1nc2c(c3c(s2)CN(CC3)C)c4n1c(nn4)[S-]
dude_aldr__L001489,Cc1cnc(nc1)SC2(CCC(CC2)C(C)(C)C)C(=O)[O-]
dude_aldr__L001490,C[C@@H](C(=O)[O-])S(=O)(=O)N1CCN(CC1)C(C)C
dude_aldr__L001491,Cc1ccc(cc1)CN\2CCS/C2=N\C(=O)CCn3c(nnc3[S-])c4ccc(cc4)C
dude_aldr__L001492,Cn1c2c(cn1)c(ncn2)N3CCC[C@@H](C3)C(=O)[O-]
dude_aldr__L001493,c1cc(cc(c1)[N+](=O)[O-])c2ccc(nn2)N3CCC[C@@H](C3)C(=O)[O-]
dude_aldr__L001494,CC(C)CC(=O)OCC1=CC[C@@H]2[C@@]([C@@]13CC[C@](O3)(C)CC(=O)[O-])(CCCC2(C)C)C
dude_aldr__L001495,COc1ccc(c(c1OC)OC)[C@H]2CC(=Nc3n2nnn3)C(=O)[O-]
dude_aldr__L001496,c1ccc(cc1)N2[C@H](NN[C@@H]2SCc3[nH]c(=O)c4ccccc4n3)c5ccccc5O
dude_aldr__L001497,c1cc(c(=O)[nH]c1)C(=O)N[C@H]2N/C(=C\C(=O)N3CCC(CC3)C(=O)N)/CS2
dude_aldr__L001498,CC(C)(C)OC(=O)N1C[C@H](C[C@H]1C(=O)[O-])Oc2cc(cc(c2)C(F)(F)F)C(F)(F)F
dude_aldr__L001499,CNc1c2cnn(c2nc(n1)SC)[C@@H]3CCCCO3
dude_aldr__L001500,Cc1ccc(s1)/C=C\2/C(=NC(=O)N(C2=O)C[C@@H]3CCCO3)[O-]
dude_aldr__L001501,Cn1ccc(n1)NC(=O)N2[C@H]3CCCC[C@@H]3C[C@@H]2C(=O)[O-]
dude_aldr__L001502,CC1=C2[C@@H](SCC(=N[C@H]2N=N1)O)c3ccc4c(c3)nccn4
dude_aldr__L001503,Clc3ccc(CS(=O)(=O)c1ccc(Cl)cc1C2NC(=O)NC2=O)cc3
dude_aldr__L001504,COCC[C@H](C(=O)[O-])NC(=O)Nc1cc(c(cc1Cl)Cl)Cl
dude_aldr__L001505,c1cc(ccc1C(=O)C[C@@H]2CCC[C@H]2C(=O)[O-])Br
dude_aldr__L001506,CCc1ccccc1[N-]S(=O)(=O)c2c(nc3n2nc(s3)C)C(C)C
dude_aldr__L001507,Cc1c(c(nc(n1)SCc2ccccc2)[O-])CC(=O)N3CCN(CC3)c4ccccc4
dude_aldr__L001508,CN([C@@H]1CCSC1)C(=O)N2CCCC[C@H]2CC(=O)[O-]
dude_aldr__L001509,Cc1ccc(cc1)[C@@H](c2c(n3c(s2)nc(n3)C)[O-])[NH+]4CCC(CC4)C(=O)N
dude_aldr__L001510,c1cc2c(ccc(c2[N+](=O)[O-])N3CCC[C@H]3C(=O)[O-])nc1
dude_aldr__L001511,c1csc2n1c(=O)c(cn2)C(=O)N[C@H]3CCCC[C@@H]3O
dude_aldr__L001512,C[C@@H]1CC2=C([C@H](n3c(nc(n3)SC)N2)c4cccc(c4)F)C(=O)C1
dude_aldr__L001513,Cc1c(c2c(n1[O-])-c3c(c(ccn3)Cl)C(=O)CC2)Cl
dude_aldr__L001514,C[C@H]1C[C@@H]1NC(=O)N2CCC(CC2)[NH+]3CCC[C@@H]3C(=O)[O-]
dude_aldr__L001515,CNc1cc(n[nH]1)c2ccc(s2)Br
dude_aldr__L001516,CC[C@H]1CO[C@H](CN1C(=O)N[C@@H](C(C)C)C(=O)[O-])C
dude_aldr__L001517,Cc1ccc(cc1c2cc([nH]n2)C(=O)[O-])C(C)(C)C
dude_aldr__L001518,C[C@H]1CCCN([C@@H]1C)C(=O)N2C[C@@H](C[C@@H]2C(=O)[O-])OC
dude_aldr__L001519,CSCC[C@H](C(=O)[O-])NC(=O)/C(=C\c1ccc(cc1)Cl)/NC(=O)c2ccco2
dude_aldr__L001520,CCN(CC)S(=O)(=O)c1ccc(cc1)N2C[C@H](CC2=O)C(=O)Nc3[n-]nnn3
dude_aldr__L001521,c1cc(cc(c1)S(=O)(=O)C(F)F)/N=C/c2cc(ccc2[O-])[N+](=O)[O-]
dude_aldr__L001522,Cc1ccc(cc1C)N2[C@H](NC(=O)C(=C2[S-])C#N)c3ccc(c(c3)OC)OC
dude_aldr__L001523,CCS(=O)(=O)[N-]c1ccc(cc1OC)NC(=O)[C@H]2CCC(=O)N2
dude_aldr__L001524,c1cc(ccc1CNC(=O)c2ccc3c(c2)nc(=S)[nH]c3[O-])N4CCCC4
dude_aldr__L001525,c1cc(c(cc1S(=O)(=O)/N=C(/C=C2CCCCC2)\[O-])C(F)(F)F)C#N
dude_aldr__L001526,CC(C)(C)c1ccc(c(c1)Br)O[C@H]2C[C@H](N(C2)C(=O)OC(C)(C)C)C(=O)[O-]
dude_aldr__L001527,c1c(cn2c(n1)c(cn2)C(=O)[O-])[C@@H]3C(=CN=N3)[N+](=O)[O-]
dude_aldr__L001528,Cc1ccc(cc1)[N-]S(=O)(=O)c2ccc(s2)[C@H]3C=C(N=N3)C
dude_aldr__L001529,Cn1c2c(c(=O)n(c1=O)C)[nH]c(n2)NN/C=C/3\C=CC(=O)C(=C3)OC
dude_aldr__L001530,C[C@H](C(=O)OC)S(=O)(=O)[N-]c1nc(cs1)CC(=O)OC
dude_aldr__L001531,c1c2nnnn2c(cn1)N(CC(=O)[O-])[C@H]3CCS(=O)(=O)C3
dude_aldr__L001532,C[C@H]1CCCCN1S(=O)(=O)N2CCC[C@@H]2[C@@H]3CCC[NH2+]C3
dude_aldr__L001533,c1cc(c(cc1C(=O)N2CCC[C@H](C2)C(=O)[O-])Br)OC[C@H]3CCCO3
dude_aldr__L001534,c1cc([nH]c1)[C@@H]2CCCN2C(=O)c3ccc4c(c3)CCN4
dude_aldr__L001535,CC[C@H]1CCc2c(sc(c2C(=O)N3CCCCC3)NC(=O)CCC(=O)[O-])C1
dude_aldr__L001536,c1cc(nc(c1c2ccncc2)C(=O)[O-])C(F)(F)F
dude_aldr__L001537,C/C(=C\C(=O)NC1C2CC3CC(C2)CC1C3)/NNC(=O)C(=O)N4CCCC4
dude_aldr__L001538,c1ccc(cc1)c2cc(=O)n3c(n2)sc(n3)N4CCC(CC4)C(=O)[O-]
dude_aldr__L001539,C[C@@H](C(=O)N(C)C)n1cnnc1[S-]
dude_aldr__L001540,CC(C)(C)[C@@H](C(=O)[O-])NC(=O)N(C)[C@@H]1CCSC1
dude_aldr__L001541,c1cc(c(cc1C(=O)[O-])O)NC(=O)c2ccc(s2)Cl
dude_aldr__L001542,CC(C)C(=O)Nc1nnc(s1)[S-]
dude_aldr__L001543,c1cc(nnc1C(=O)N2CC[C@@H](C2)N3CCOCC3)N
dude_aldr__L001544,c1ccc(cc1)[C@@H]2OC[C@H]3[C@@H](O2)[C@@H](C=CO3)O
dude_aldr__L001545,c1cc(ccc1O)S(=O)(=O)N2CCC[C@@H](C2)O
dude_aldr__L001546,c1c(cnc(c1C(=O)[O-])/C=C/c2cc(cs2)Br)[N+](=O)[O-]
dude_aldr__L001547,CC(=O)N1CCN(CC1)CC/N=C/C2=C(C[C@@H](CC2=O)c3ccc(cc3)F)[O-]
dude_aldr__L001548,CN([C@@H]1CCS(=O)(=O)C1)C(=O)NC(=O)CCC(=O)[O-]
dude_aldr__L001549,CC[C@@H](c1ccc(cc1)C)NC(=O)C2=NC=C(C2)S(=O)(=O)[N-]c3ccccc3F
dude_aldr__L001550,Cc1cc(nc(n1)/N=C(/NC2Cc3ccccc3C2)\N=C(\C4CC4)/[O-])C
dude_aldr__L001551,CC(=O)N1CCc2c1ccc(c2)NC(=O)c3ccc(cc3Cl)[N+](=O)[O-]
dude_aldr__L001552,COC(=O)C[C@@H]1CCCCN1C(=O)c2cc(c[n-]2)[N+](=O)[O-]
dude_aldr__L001553,Cc1cc(ccc1Cl)OCc2ccc(o2)/C=N/n3cnnc3[S-]
dude_aldr__L001554,Cc1c(sc(c1C#N)NC(=O)CSC2=NC3=NC(=O)C=C([C@@H]3S2)[O-])C
dude_aldr__L001555,C[C@H](c1cc2c(cc1Br)OCCO2)NC(=O)Nc3cccnc3
dude_aldr__L001556,C[C@@H]1CC[C@@H](CN1C(=O)c2c3n(c(n2)c4ccccc4)CCCCC3)C(=O)N
dude_aldr__L001557,Cc1ccc(c(c1)C)N(C)c2ccc(cc2F)/C(=N/O)/N
dude_aldr__L001558,Cc1c(c(n(n1)C)C)/C=C/C(=O)N[C@H]2CC[NH+]3[C@H]2CCCC3
dude_aldr__L001559,Clc3ccc(CS(=O)c1ccc(Cl)cc1C2NC(=O)NC2=O)cc3
dude_aldr__L001560,C[C@@]1(CCN(C1)c2ccc(cc2)[N+](=O)[O-])C(=O)[O-]
dude_aldr__L001561,c1c(cc(c(c1N)S(=O)(=O)[N-]c2cnoc2)Br)Br
dude_aldr__L001562,c1cc(ncc1c2[nH]c(=O)c3c4c(sc3n2)CCC4)n5ccnc5
dude_aldr__L001563,Cc1cc(c(c(c1)[N+](=O)[O-])[N-]S(=O)(=O)c2ccc(cc2)SC)C
dude_aldr__L001564,CN3C(=O)c1ccc(F)cc1C2(CC(=O)NC2=O)C3=O
dude_aldr__L001565,C1C[C@@H]2[C@@H](C1)OCCN2C(=O)CCCCC(=O)[O-]
dude_aldr__L001566,CCCCCN(C)C(=O)N1C[C@@H](C[C@@H]1C(=O)[O-])OC
dude_aldr__L001567,OC(=O)Cc3nn(Cc2cc1cccnc1s2)c(=O)c4ccccc34
dude_aldr__L001568,Cc1ccc(c(c1)F)NC(=O)N2CCC(CC2)NC(=O)c3ccc(o3)C
dude_aldr__L001569,COc3ccc(C(=O)c2cc(C(=O)c1ccc(OC)cc1)n(CC(O)=O)c2)cc3
dude_aldr__L001570,c1cc(cnc1)c2ccc(c(c2)c3cccnc3)C(=O)[O-]
dude_aldr__L001571,C[C@H](C(=O)[O-])Sc1c(=O)n(ccn1)C(C)(C)C
dude_aldr__L001572,CCc1nn2c(c(nc2s1)C)S(=O)(=O)[N-]c3cccc(c3)C
dude_aldr__L001573,Cc1ccc2cc(c(nc2c1)Cl)CSc3nnc(n3[C@@H](C(C)C)C(=O)[O-])c4cccs4
dude_aldr__L001574,Cc1ccsc1[C@@H](c2c(n3c(s2)ncn3)[O-])N4CCC(=O)CC4
dude_aldr__L001575,CC1=C(N=C([C@@H]1[C@H]2C(=C(OC3=C2C(=O)CC(C3)(C)C)N)C#N)C)C#N
dude_aldr__L001576,Cn1cnnc1c2ccc(cc2)N[C@@H]3CCS(=O)(=O)C3
dude_aldr__L001577,CCN(C[C@@H](C)C(=O)[O-])C(=O)[C@@H]1CCS(=O)(=O)C1
dude_aldr__L001578,Cc1ccc(s1)[C@@H](C)NC(=O)N2CCC(CC2)C(=O)[O-]
dude_aldr__L001579,CCC1(CCN(CC1)C(=O)NC[C@@H]2CCC=CC2)C(=O)[O-]
dude_aldr__L001580,C[C@@H](C(C)C)N/C(=C(/C(=O)OC)\F)/c1c([nH]c(=S)n(c1=O)CCOC)[O-]
dude_aldr__L001581,Cc1cc(cc(c1)n2c3c(c(n2)C(=O)[O-])COCC3)C
dude_aldr__L001582,COc1c[nH]c(cc1=O)C(=O)NC2=C[C@@H]3C(=CC=N3)C=C2
dude_aldr__L001583,c1cnn(c1)c2ccc(cn2)[N-]S(=O)(=O)c3ccc4c(c3)NC(=O)CO4
dude_aldr__L001584,C/C(=N\NC(=O)c1c2ccccc2c(=O)[nH]n1)/c3ccc(cc3)S(=O)(=O)N4CCCC[C@@H]4C(=O)[O-]
dude_aldr__L001585,CN(C)S(=O)(=O)/N=C(/c1cc(c[nH]1)Br)\[O-]
dude_aldr__L001586,C[C@@H]3C[C@@](O)(CC(O)=O)c2cc(Cl)c1ccccc1c2O3
dude_aldr__L001587,Cc1ccc(c(c1)F)NC(=O)C(=O)N2CCC(CC2)C(=O)NC3CCCCC3
dude_aldr__L001588,Cc1ccsc1[C@H]2C(=C(C(=O)N2CC=C)[O-])C(=O)c3ccc(c(c3)C)OCC=C
dude_aldr__L001589,CCCCCn1cnc2c(c1=O)c3c(s2)CCC[C@H]3C(=O)[O-]
dude_aldr__L001590,CCC1(CCN(CC1)C(=O)N(CC(=O)[O-])C(C)C)C
dude_aldr__L001591,Cc1ccc(cc1)S(=O)(=O)/N=C(\c2ccc(cc2)Cl)/[N-]c3ccc(cc3)Cl
dude_aldr__L001592,Cc1ccc(cc1C(F)(F)F)[N-]S(=O)(=O)c2ccc(cc2)[N+](=O)[O-]
dude_aldr__L001593,c1cc(c(cc1[N+](=O)[O-])Br)[N-]S(=O)(=O)c2ccnc(c2)Cl
dude_aldr__L001594,CCCCSC1=NC(=O)[C@H]2[C@H](/C(=C(/[O-])\OC)/C(=NC2=N1)C)c3cccc(c3)C
dude_aldr__L001595,C[C@@H](c1[n-]nnn1)NS(=O)(=O)c2ccc(cc2)I
dude_aldr__L001596,Cc1cc(c(n1c2ccc(cc2)C(=O)[O-])C)/C=C\3/c4ccccc4N(C3=O)c5ccccc5
dude_aldr__L001597,c1cc(sc1)[C@H]2CCCN2C(=O)c3cc(ccc3F)N
dude_aldr__L001598,C1CC1c2nnc(o2)[N-]S(=O)(=O)CCCCl
dude_aldr__L001599,Cc1cc(ccc1NC(=O)N2C[C@H](OC(C2)(C)C)C)N3CCSCC3
dude_aldr__L001600,C[C@@H](C(=O)[O-])N(C)C(=O)N(C)Cc1cc(cs1)Br
dude_aldr__L001601,CCCCn1c(ccn1)[N-]S(=O)(=O)c2ccc3c(c2)n(c(=O)n3C)C
dude_aldr__L001602,C[C@@H]1c2ccsc2CCN1C(=O)c3ccc(cc3)N4CCC[C@@H](C4)C(=O)N
dude_aldr__L001603,CC1=C([C@H](C2=C(CCCC2=N1)[O-])c3ccsc3)C(=O)OC[C@H]4CCCO4
dude_aldr__L001604,CN(C)c1c(cccc1Cl)NC(=O)c2cccc(c2)[N-]S(=O)(=O)C
dude_aldr__L001605,Cc1ccc(cc1)[C@@](C)(C(=O)[O-])Nc2ccc(c(c2)C)C
dude_aldr__L001606,Cc1cc(cc(c1[N-]S(=O)(=O)c2c(nn(c2Cl)C)C)C)Br
dude_aldr__L001607,c1cc2c(cc1c3nccc(n3)N4CC[C@H](C4)O)OCCO2
dude_aldr__L001608,CCn1c(c(c(n1)C)[C@H](C)n2c(c(c(n2)C)I)N)C
dude_aldr__L001609,O=C1CC4(C(=O)N1)C(=O)N(c2ccccc2)C(=O)c3cccn34
dude_aldr__L001610,Cc1c(n(c2c1c(ncn2)N)c3cccc(c3)SC)C
dude_aldr__L001611,c1cc(ncc1S(=O)(=O)[N-]c2c(ccc3c2ncs3)Cl)Cl
dude_aldr__L001612,c1cc(c(c(c1)Cl)n2cncn2)[N-]S(=O)(=O)C3CCCCC3
dude_aldr__L001613,Cc1nnc(n1/N=C/C=C/c2ccccc2)[S-]
dude_aldr__L001614,CC[C@@H](C)N(CC)C(=O)N(CC(=O)[O-])C1CCCC1
dude_aldr__L001615,Cc1c(c(n(n1)Cc2nnc(n2Cc3ccccc3)[S-])C)Cl
dude_aldr__L001616,Cc1ccc(cc1)OCc2nc3c4c5c(sc4nc(n3n2)[O-])CCC5
dude_aldr__L001617,Cc1ccccc1[C@@H]2c3ccccc3OC(=C2/C=C/4\C(=NC(=S)S4)[O-])c5ccccc5
dude_aldr__L001618,c1ccc(cc1)Cn2c(cnc2SCC(=O)N3CCC[C@H](C3)C(=O)[O-])c4ccc(cc4)Cl
dude_aldr__L001619,C[C@H](/C(=N/S(=O)(=O)c1ccc(cc1)F)/[O-])Oc2ccccc2C(F)(F)F
dude_aldr__L001620,c1ccc(cc1)n2c(c(nn2)C(=O)[O-])C3CCCCC3
dude_aldr__L001621,Cc1c(c(c(o1)n2cccc2)C#N)C(=O)Nc3nccs3
dude_aldr__L001622,C[C@H](c1ccc(cc1)S(=O)(=O)[N-]c2ncc(s2)Br)O
dude_aldr__L001623,C[C@@H]1CCCN(C1)c2ccc(cc2N)S(=O)(=O)N3CCCC3
dude_aldr__L001624,C[C@@H](c1ccncc1)NC(=O)C(=O)Nc2cc(ccc2Cl)Br
dude_aldr__L001625,Cc1c(sc(n1)C2CCN(CC2)C(=O)C3CC3)C(=O)[O-]
dude_aldr__L001626,CC1=C/C(=C\2/C(=O)NC(=O)N=C2[O-])/C=C(N1C(C)C)C(F)(F)F
dude_aldr__L001627,Cc1ccc(c(c1)C(=O)[O-])NC(=O)NCCc2ccsc2
dude_aldr__L001628,CCC[C@@]1(CCN(C1)C(=O)[C@@H]2CCCO2)C(=O)[O-]
dude_aldr__L001629,COC(=O)c1cc(c2c(n1)nc(nc2SC)c3ccccc3)[O-]
dude_aldr__L001630,c1cc2c(ccc(c2nc1)N3CCO[C@H]4[C@@H]3CCC4)N
dude_aldr__L001631,C[C@@H](/C(=N/S(=O)(=O)c1cn(c(=O)n(c1=O)C)C)/[O-])OCCC=C
dude_aldr__L001632,Cn1c2ccc(cc2c(=O)n(c1=O)C)S(=O)(=O)[N-]c3ccc4c(c3)NC(=O)C4
dude_aldr__L001633,CCCCSC1=NC(=O)[C@H]2[C@H](/C(=C(/[O-])\OC)/C(=NC2=N1)C)c3ccc(cc3)C
dude_aldr__L001634,Cc1c(c(n(n1)c2cccc(c2)Cl)Cl)/C=N/n3c(nnc3[S-])c4ccccc4
dude_aldr__L001635,Cc1cccc(c1)N/C(=C(\C#N)/C(=O)/C=C\c2ccccc2OC(F)(F)F)/[O-]
dude_aldr__L001636,Cn1cc(c2c1cccc2)/C(=C(\C#N)/C(=O)c3ccco3)/[O-]
dude_aldr__L001637,CS(=O)(=O)[N-]c1cccc2c1CCCN2CC(=O)NCc3ccccc3
dude_aldr__L001638,Cc1c(cccc1Cl)[N-]S(=O)(=O)[C@@H]2C=C[C@H](S2)[C@@H]3C=CN=N3
dude_aldr__L001639,c1cc(nc2c1c(cc(n2)C(F)(F)F)C(F)(F)F)NN
dude_aldr__L001640,CC1=C([C@H](N2C(=CSC2=N1)/C=C(/N3CCOCC3)\[O-])c4cc(cc(c4)OC)OC)C(=O)OCC=C
dude_aldr__L001641,Cc1ccc(cc1)c2csc3c2c(cc(=O)[nH]3)[O-]
dude_aldr__L001642,C[C@H]1CCC[C@](C1)(C(=O)[O-])NS(=O)(=O)C2CCCCC2
dude_aldr__L001643,Oc3ccc(S(=O)(=O)c1cccc2ccccc12)nn3
dude_aldr__L001644,Cc1cc(cc(c1)C(=O)n2c(c3cc(cc(c3nc2=S)Cl)Cl)[O-])C
dude_aldr__L001645,Cc1ccccc1Oc2c(n3ccsc3n2)C(=O)[O-]
dude_aldr__L001646,CCOc1ccc(cc1)S(=O)(=O)/N=C(/[C@H](C)SC)\[O-]
dude_aldr__L001647,CC(C)(C)OC(=O)N1C[C@H](C[C@H]1C(=O)[O-])Oc2cc(c(cc2F)F)F
dude_aldr__L001648,C[C@H]1CCC[C@@H](C1)NC(=O)N2CSC[C@@H]2C(=O)[O-]
dude_aldr__L001649,CCn1cc(cn1)S(=O)(=O)[N-]c2nc(c(s2)Cc3ccc(cc3)C)C
dude_aldr__L001650,Cc1cc(on1)c2c(sc(c2S(=O)(=O)[N-]c3ccc(cc3)C(C)C)C)C
dude_aldr__L001651,CC(C)n1c(ccn1)c2cc(sc2)S(=O)(=O)[N-]c3cc(ccc3F)F
dude_aldr__L001652,C[C@H](CN(C)C(=O)c1ccc(c(c1)[N-]S(=O)(=O)C)Cl)c2ccccc2
dude_aldr__L001653,CCn1c(nnn1)c2ccc(c(c2)S(=O)(=O)[N-]c3ccc(cc3)S(=O)(=O)N)OC
dude_aldr__L001654,c1ccc(c(c1)[N-]S(=O)(=O)c2c(ccs2)Br)n3cncn3
dude_aldr__L001655,CC(C)CCOc1cccc(c1)[C@@H]2C(=C(C(=O)N2c3nccs3)[O-])C(=O)c4cc5cccc(c5o4)OC
dude_aldr__L001656,Cc1ccc(cc1)S(=O)(=O)/N=C(/N(Cc2cccnc2)c3ccc(cc3)F)\[O-]
dude_aldr__L001657,CCCCS(=O)(=O)N1CCC[C@@](C1)(C)C(=O)[O-]
dude_aldr__L001658,c1c2c(cc(c1N)NC[C@H]3CCCOC3)NC(=O)CC2
dude_aldr__L001659,CCc1c(c(nc(n1)SCC(=O)Nc2nc(cs2)C)[O-])C
dude_aldr__L001660,Cc1cc(c(n1c2ccc(cc2)OCC=C)C)/C=C/3\C(=NC(=S)N(C3=O)c4ccccc4F)[O-]
dude_aldr__L001661,CCN(CC)C(=O)c1ccc(cc1)S(=O)(=O)[N-]c2ccc(c(c2)F)C
dude_aldr__L001662,CCOc1ccccc1c2cc(n[nH]2)c3ccccc3N
dude_aldr__L001663,C[C@]12CC[C@@H](C[C@@H]1CC[C@@H]3[C@@H]2CC[C@@]4([C@@H]3CC[C@@H]4C(=O)[O-])C)O
dude_aldr__L001664,C[C@H]1CCC[C@@](C1)(C(=O)[O-])Oc2ccc3c(c2)CCC3
dude_aldr__L001665,c1cc(ccc1c2csnn2)NC(=O)NC3CC[NH+](CC3)CC4CCCCC4
dude_aldr__L001666,c1c(cncc1S(=O)(=O)[N-]c2cc3c(cc2Br)OCCO3)F
dude_aldr__L001667,c1c(cc(c(c1Br)OC2(CCOCC2)C(=O)[O-])Br)[N+](=O)[O-]
dude_aldr__L001668,Cc1ccnn1c2cccc(c2)[N-]S(=O)(=O)c3ccc4c(c3)oc(=O)n4C
dude_aldr__L001669,CCO/C(=C\1/[C@H](C2=C(C[C@H](CC2=O)c3ccc(c(c3)OC)OC)N=C1C)c4ccccc4C)/[O-]
dude_aldr__L001670,CC1(Cc2cccc(c2O1)OCC(=O)N3CCN(CC3)S(=O)(=O)c4ccc(cc4)C(=O)[O-])C
dude_aldr__L001671,Cc1cccc(c1)c2c(sc(n2)NC(=O)C3CCC3)C(=O)[O-]
dude_aldr__L001672,C[C@@H](C(=O)N[C@@]1(CCSC1)C(=O)[O-])Oc2ccc(cc2)Br
dude_aldr__L001673,c1ccc(cc1)C[C@@H](C(=O)[O-])S(=O)(=O)c2cccs2
dude_aldr__L001674,c1ccc(cc1)CSc2nnc(s2)N3[C@H](C(=C(C3=O)[O-])C(=O)c4cccs4)c5ccccc5
dude_aldr__L001675,C1CC[C@@]23[C@H](C1)CC(=O)N2[C@H](CS3)C(=O)[O-]
dude_aldr__L001676,Cn1cc(c(n1)N)S(=O)(=O)N[C@H]2CCCC[C@@H]2O
dude_aldr__L001677,Cc1ccc(cc1S(=O)(=O)/N=C(/[C@@H](C)SC(C)C)\[O-])[N+](=O)[O-]
dude_aldr__L001678,CCN(C[C@@H](C)C(=O)[O-])C(=O)c1c(nc(nc1SC)C)C
dude_aldr__L001679,C[C@@H]1Cc2ccccc2N1C(=O)[C@@H](C)S(=O)(=O)c3[n-]c4ccccc4n3
dude_aldr__L001680,c1ccc(c(c1)N[C@H]2COC[C@H]2O)I
dude_aldr__L001681,Cc1c(cccc1Cl)Nc2nnc(s2)[S-]
dude_aldr__L001682,CSCC[C@@H](C(=O)[O-])n1c(nnn1)C2CCC2
dude_aldr__L001683,c1cc(cc(c1)O)[C@H]2C3=C(N=N[C@@H]3NC4=C2C(=O)CCC4)O
dude_aldr__L001684,C[C@H](C(=O)[O-])SCc1nnc(o1)c2ccc(s2)Br
dude_aldr__L001685,Cc1c(c(n(n1)C)Oc2ccccc2I)/C=C/C(=O)[O-]
dude_aldr__L001686,Cn1cc(cn1)/C=C/C(=C(/C#N)\C(=O)c2ccsc2)/[O-]
dude_aldr__L001687,Cc1c(c(n(n1)c2ccc(cc2)[N-]S(=O)(=O)c3cccc4c3nccc4)C)Cl
dude_aldr__L001688,c1cc(cc(c1)F)C2=N[C@H](SC2)NC(=O)c3csc(n3)c4[n-]ncn4
dude_aldr__L001689,Cc1cc(c(n1c2cccnc2)C)/C=C/3\C(=NC(=O)N(C3=O)c4ccc(cc4)Br)[O-]
dude_aldr__L001690,Cc1ccc(cc1)OCCCn2cc(c3c2cccc3)/C=C\4/C(=O)N(C(=N4)[S-])c5ccccc5
dude_aldr__L001691,c1ccc2c(c1)cccc2COc3ccc(cc3)/C=C/4\C(=NC(=S)N(C4=O)c5ccccc5F)[O-]
dude_aldr__L001692,C[C@@H](c1ccccc1[N-]S(=O)(=O)c2cnn(c2)C)O
dude_aldr__L001693,Cc1c(c(nc(=O)[nH]1)S[C@H]2CC(=O)N(C2=O)C)C(=O)[O-]
dude_aldr__L001694,CCOC(=O)c1c2c(sc1[N-]S(=O)(=O)c3cc(c(nc3)Cl)Br)CCCC2
dude_aldr__L001695,CCC[C@H](C(=O)[O-])Sc1nc(cc(=O)n1C)C
dude_aldr__L001696,Cc1ccc(s1)[C@H](C(=O)[O-])Nc2ccccc2F
dude_aldr__L001697,C[C@H](C(=O)OC)S(=O)(=O)N1[C@@H]2CCCC[C@@H]2C[C@@H]1C(=O)[O-]
dude_aldr__L001698,CC(C)Cc1csc2c1c3nc(nn3c(n2)[O-])Cc4ccccc4
dude_aldr__L001699,Cc1ccc(c(c1)C(=O)c2ccccc2)[N-]S(=O)(=O)c3ccc4c(c3)OCCO4
dude_aldr__L001700,C[C@@H](C(=O)[O-])S(=O)(=O)N(C)Cc1cc(sc1)Br
dude_aldr__L001701,CCN(C)/C(=C/C1=CSC2=NC(=C([C@@H](N12)c3ccsc3)C(=O)OC)C)/[O-]
dude_aldr__L001702,C[C@@H]1CN(C[C@H](O1)c2ccccc2)C(=O)NCCc3nnc4n3cccc4
dude_aldr__L001703,c1cc(cnc1)CNC(=O)c2c3c(sc2NC(=O)CCC(=O)[O-])CCCC3
dude_aldr__L001704,Cc1cccc(c1)N2[C@@H](NC(=O)C(=C2[S-])C#N)c3cccs3
dude_aldr__L001705,Cc1cc(c(c(=O)o1)C2=Nc3cc(ccc3S[C@H](C2)c4ccc(cc4)N(C)C)C(F)(F)F)[O-]
dude_aldr__L001706,c1cc(c(cc1S(=O)(=O)N2CCN(CC2)Cc3ccc(s3)Br)C(=O)[O-])F
dude_aldr__L001707,CS(=O)(=O)[N-]c1ccccc1C(=O)N[C@H]2CCOc3c2cccc3
dude_aldr__L001708,c1cc(ccc1C(=O)[O-])Oc2ccnc(n2)C(F)(F)F
dude_aldr__L001709,CCOc1ccc(cc1)c2nc(cs2)/C(=C(\C#N)/C(=O)N3CCCC3)/[O-]
dude_aldr__L001710,C[C@@]1(CCN(C1)C(=O)N2CCN(CC2)S(=O)(=O)C)C(=O)[O-]
dude_aldr__L001711,C[C@@H](/C(=N/c1ncn(n1)Cc2ccc(cc2)Br)/[O-])Oc3cccc(c3)Cl
dude_aldr__L001712,c1ccc2c(c1)CCN(C2)C(=O)CSc3ccccc3C(=O)[O-]
dude_aldr__L001713,C[C@@H](CCC(=O)[O-])[C@H]1CC[C@@H]2[C@@]1(C(=O)C[C@@H]3[C@@H]2C(=O)C[C@@H]4[C@@]3(CC[C@@H](C4)O)C)C
dude_aldr__L001714,c1c2c(sc1C(=O)NN3C(=O)C4(CCCCC4)NC3=O)CCCCCC2
dude_aldr__L001715,c1cc(cc(c1)I)C(=O)N2CCc3c(ccs3)[C@@H]2C(=O)[O-]
dude_aldr__L001716,c1cc(ccc1C(=O)N2CCC[C@@H]3[C@H]2CCCC3)S(=O)(=O)[N-]c4ccncc4
dude_aldr__L001717,Cc1ccc(cc1C)OCc2nnc(n2c3ccccc3)[S-]
dude_aldr__L001718,Cc1c(c(n[nH]1)C)S(=O)(=O)[N-]c2ccc3c(c2)N(CC3)C(=O)c4cccnc4
dude_aldr__L001719,Cc1ccc(cc1C)S[C@](C)(C2CC2)C(=O)[O-]
dude_aldr__L001720,COc1ccc(cc1OC)c2csc(n2)[N-]S(=O)(=O)c3cccs3
dude_aldr__L001721,COc1cccc(c1)C2=C[C@@H](N=C(N2)[S-])c3ccc(c(c3)OC)OC
dude_aldr__L001722,[C@@H]1(C(=NN=N1)I)C(=O)N
dude_aldr__L001723,Cc1c(cc(n1C)C#N)/C=C(/C#N)\c2nc3ccc(cc3c(n2)[O-])Br
dude_aldr__L001724,Cc1cnc(o1)c2cccc(c2)[N-]S(=O)(=O)c3cccc(c3)C#N
dude_aldr__L001725,C[C@H](c1nncn1C)NC(=O)c2cccc3c2NCCC3
dude_aldr__L001726,CCc1ccc(s1)S(=O)(=O)[N-]c2nc3c(s2)C(=O)CC(C3)(C)C
dude_aldr__L001727,c1cc(cc(c1)S(=O)(=O)/N=C(/CCC2CCCC2)\[O-])n3cnnn3
dude_aldr__L001728,CC[C@H](C(=O)N[C@H](C)c1[n-]nnn1)Br
dude_aldr__L001729,Cc1nc2ccc(cc2s1)[N-]S(=O)(=O)c3cnc(nc3)Cl
dude_aldr__L001730,C1C[C@H]2[C@@H](C1)[C@@H]3C[C@H]2C[C@H]3OC(=S)[S-]
dude_aldr__L001731,Cc1cc(c(n1CCC(C)C)C)/C=C(\C#N)/C(=N/S(=O)(=O)C)/[O-]
dude_aldr__L001732,C1CCO[C@@H](C1)C(=O)N2CSC[C@H]2C(=O)[O-]
dude_aldr__L001733,c1csc2c1[C@@H](N(CC2)C(=O)c3cscn3)C(=O)[O-]
dude_aldr__L001734,C[NH+]1CCN(CC1)NC(=O)[C@H]2CCCC[C@@H]2C(=O)[O-]
dude_aldr__L001735,CS(=O)(=O)N1CCC(CC1)C(=O)N2CCO[C@H](C2)C(=O)[O-]
dude_aldr__L001736,C[C@H]1CCCCN1C(=O)c2ccc(s2)/C=C/C(=O)[O-]
dude_aldr__L001737,Cc1ccc(cc1)C2=Nn3c(nnc3S[C@@H]2CC(=O)[O-])[C@@H]4CCCO4
dude_aldr__L001738,c1c2c(cc(c1N)OC3CCOCC3)nc[nH]c2=O
dude_aldr__L001739,c1csc(n1)NC(=O)NC[C@@H]2CCS(=O)(=O)C2
dude_aldr__L001740,Cc1cccc(c1C(=O)NC)[N-]S(=O)(=O)c2cc(ccc2C(=O)OC)F
dude_aldr__L001741,c1cc(sc1)c2nnc(n2CC(F)(F)F)[S-]
dude_aldr__L001742,C[C@H]1CCCC[C@H]1NC(=O)c2c(=O)nc3ccccn3c2[O-]
dude_aldr__L001743,OC(=O)Cc3nn(Cc2nc1cc(F)cc(F)c1o2)c(=O)c4ccccc34
dude_aldr__L001744,C1CN(CCN1C=O)C(=O)/C=C/C(=O)[O-]
dude_aldr__L001745,Cc1ccc(cc1)n2c3c(c(n2)[C@@H]([C@@H](CO)O)O)nc4cc(ccc4n3)Cl
dude_aldr__L001746,CC[C@H]1CCCN(C1)S(=O)(=O)c2cc(sc2Br)C(=O)[O-]
dude_aldr__L001747,CN(CC1CCCCC1)C(=O)N2CCC[C@H](C2)CC(=O)[O-]
dude_aldr__L001748,C[C@]1(C=C(N=C(N1)O)c2ccccc2)c3ccccc3
dude_aldr__L001749,c1ccc(c(c1)F)S(=O)(=O)N2CCC[C@H]2C(=O)N3CCc4c3ccc(c4)C(=O)[O-]
dude_aldr__L001750,Clc3ccc(CCS(=O)(=O)c1ccc(Cl)cc1C2NC(=O)NC2=O)cc3
dude_aldr__L001751,c1c(cnc(c1C(=O)[O-])n2cnc(n2)[N+](=O)[O-])Br
dude_aldr__L001752,CC1=N[C@H]2C(=N1)C=C(C(=C2[N+](=O)[O-])N)Br
dude_aldr__L001753,C1C[C@H](CN(C1)C(=O)N2CCCSCC2)CC(=O)[O-]
dude_aldr__L001754,C[C@@H]1CCc2c(cc(s2)C(=O)N3CCCC[C@H]3C(=O)[O-])C1
dude_aldr__L001755,C[C@@H](/C(=N/c1[nH]nc(n1)c2cccc3c2cccc3)/[O-])OC[C@@H]4CCCCO4
dude_aldr__L001756,c1ccc2c(c1)nc(n2CC(=O)N/N=C/c3cc(cc(c3[O-])[N+](=O)[O-])[N+](=O)[O-])c4c(non4)N
dude_aldr__L001757,CCOc1ccccc1N2CCN(CC2)C(=O)Cc3c(nc(s3)[S-])C
dude_aldr__L001758,C[C@H]1CCCN(C1)S(=O)(=O)N[C@@H]2CCCc3c2cnn3C
dude_aldr__L001759,Cc1nnc(n1N)Sc2c3ccccc3nc(n2)c4cccs4
dude_aldr__L001760,Cc1c(c(c(n1c2ccccc2)C=O)c3ccc(cc3)[N+](=O)[O-])C(=O)[O-]
dude_aldr__L001761,Cc1c(c2cc(c3ccccc3c2o1)[N-]S(=O)(=O)c4cc(c(cc4Cl)Cl)Cl)C(=O)C
dude_aldr__L001762,Cn1cc(c(n1)C(=O)Nc2nccc(n2)c3ccco3)C(=O)[O-]
dude_aldr__L001763,Cc1csc(n1)c2cc(c(n2C)C)S(=O)(=O)[N-]c3ccc(cc3)OC(F)(F)F
dude_aldr__L001764,CN(Cc1ccc(o1)c2ccc(cc2)Br)C(=O)c3cccnc3[S-]
dude_aldr__L001765,Cc1cc(ccc1F)[N-]S(=O)(=O)c2cc(n(c2C)C)c3nc(c(s3)C)C
dude_aldr__L001766,Cc1cc(cc(c1S(=O)(=O)[N-]c2ccn(n2)Cc3ccccc3)C)OC
dude_aldr__L001767,C[C@@H](c1cccc(c1)S(=O)(=O)[N-]c2cnccn2)O
dude_aldr__L001768,C[C@]1(CC[C@@H](C1(C)C)C(=O)N2CCN(CC2)C)C(=O)[O-]
dude_aldr__L001769,Cc1cc(cc(c1Cl)C)Oc2c(c(ncn2)N)N
dude_aldr__L001770,C[C@H]1C[C@@H](C([C@@H]1C(=O)OC)(C)C)C(=O)[O-]
dude_aldr__L001771,C1CS(=O)(=O)C[C@@H]1C2C(=O)NC(=S)NC2=O
dude_aldr__L001772,c1cc(ncc1S(=O)(=O)/N=C(/c2cc(cnc2)Br)\[O-])Cl
dude_aldr__L001773,CSc1ccc(cc1)[C@H]2[C@@H]3[C@@H](C(=NC3=O)[O-])ON2c4ccccc4
dude_aldr__L001774,c1cc(c2c(ccc3c2c1CC3)S(=O)(=O)[O-])[N+](=O)[O-]
dude_aldr__L001775,CN(C)c1nc2c(s1)cc(s2)/C(=N/c3nnc4n3cccc4)/[O-]
dude_aldr__L001776,c1cc(sc1)c2ccc(c(c2)F)/C=C(\C#N)/C(=O)[O-]
dude_aldr__L001777,c1ccc2c(c1)C[C@H]([C@@H]3N2CCN(C3)C(=O)c4ccco4)C(=O)[O-]
dude_aldr__L001778,c1cc(c(nc1)S[C@@H]2CC(=O)N(C2=O)c3ccc(c(c3)C(F)(F)F)Cl)C(=O)[O-]
dude_aldr__L001779,CCOc1ccc(cc1)S(=O)(=O)[N-]c2cc(ccc2C(=O)N3CCCCC3)Cl
dude_aldr__L001780,CC[C@H]1CCCCN1C(=O)N2CCCC[C@H]2CC(=O)[O-]
dude_aldr__L001781,CN(Cc1cn(nc1c2ccc(cc2)Br)c3ccccc3)C(=O)CCC(=O)[O-]
dude_aldr__L001782,CCOC(=O)c1c2c(sc1[N-]S(=O)(=O)c3c(cc(cc3C)C)C)CCCC2
dude_aldr__L001783,Cc1ccc(cc1)c2nnc(n2CCC(=O)[O-])S[C@@H](C)C(=O)N
dude_aldr__L001784,c1ccnc(c1)N2CCN(CC2)S(=O)(=O)c3cc(c(cc3Cl)Cl)C(=O)[O-]
dude_aldr__L001785,Cc1ccc(cc1)[C@H](CC(=O)NCCS(=O)(=O)[N-]c2ccccc2)C3CC3
dude_aldr__L001786,C[C@H](CC#N)Sc1ccccc1[N-]S(=O)(=O)c2cccs2
dude_aldr__L001787,Cn1c2c(cn1)[C@@H](CCC2)Nc3c[nH+]ccc3N(C)C
dude_aldr__L001788,CCCCOc1ccc(cc1)[C@H]2C(=C(C(=O)N2Cc3ccco3)[O-])C(=O)c4c(n5cccc(c5n4)C)C
dude_aldr__L001789,CCN([C@H]1CCS(=O)(=O)C1)C(=O)CSc2nnc(n2[C@@H](C(C)C)C(=O)[O-])c3cccs3
dude_aldr__L001790,C1CC[C@H]2[C@@H](C1)C[C@@H](N2C(=O)N3CCSCC3)C(=O)[O-]
dude_aldr__L001791,CC(C)Cn1cc(c2c1nccc2)S(=O)(=O)[N-]c3ccccc3F
dude_aldr__L001792,CC[C@H](C)NC(=O)N1CCC(CC1)C(=O)N2C[C@H](O[C@@H](C2)C)C
dude_aldr__L001793,Cc1ccc(cc1)C(=O)NNC(=O)[C@@]23CC[C@@](C2(C)C)(C(=O)C3)C
dude_aldr__L001794,CC(C)(C)[C@H](C(=O)[O-])NC(=O)N1CCC[C@@H](C1)[NH3+]
dude_aldr__L001795,CCCCSC1=NC(=O)[C@H]2[C@@H](C3=C(CCCC3=NC2=N1)[O-])c4ccncc4
dude_aldr__L001796,C[C@H]1C[C@@H](CN(C1)C(=O)N2CCO[C@@H](C2)C(=O)[O-])C
dude_aldr__L001797,c1cc2n(c(=O)c1)C[C@H]3C[C@@H]2CN(C3)c4nnc(s4)/N=C(/C(F)(F)F)\[O-]
dude_aldr__L001798,Cc1nccn1Cc2ccc(cc2)[N-]S(=O)(=O)c3cccc(c3)n4cnnn4
dude_aldr__L001799,Cc1ccc(cc1)n2c(c(c(n2)C)C3(C(=O)c4ccccc4C3=O)C5=C(NN([C@@H]5O)c6ccc(cc6)C)C)O
dude_aldr__L001800,c1cc2c(c(c1)[N-]S(=O)(=O)c3ccc(cc3)N4C(=O)CCC4=O)oc(=O)[nH]2
dude_aldr__L001801,c1cc(sc1/C=C/C(=O)N2C[C@@H](C[C@@H]2C(=O)[O-])O)Cl
dude_aldr__L001802,c1ccc(c(c1)C(=O)N2CCCCC2)NC(=O)N3CCCCCC3
dude_aldr__L001803,C1CCC(CC1)c2nnc(s2)NC(=O)[C@@H]3COCCO3
dude_aldr__L001804,CC(C)CC(=O)N1[C@H](CS[C@@H]1C2CCCCC2)C(=O)[O-]
dude_aldr__L001805,c1ccn\2c(c1)n[nH]/c2=N\C(=O)[C@@H]3C[C@H]3c4cccc(c4)Br
dude_aldr__L001806,C[C@@]12CC3C[C@@](C1)(CC(C3)(C2)CC(=O)NNC(=O)N)C
dude_aldr__L001807,c1cc(cnc1)C(=O)N[N-]S(=O)(=O)c2cc(c(nc2)Cl)Cl
dude_aldr__L001808,c1ccc(c(c1)S[C@H]2CCCC[C@H]2C(=O)[O-])Cl
dude_aldr__L001809,Cc1c(c(no1)c2ccccc2)C(=O)Nc3nc4c(s3)CCC4
dude_aldr__L001810,CC(C)c1ccc2c(c1)[C@@H](C[C@H]3[C@]2(CCC[C@]3(C)C(=O)[O-])C)O
dude_aldr__L001811,c1c(c(cc(c1F)F)NC(=O)C2CCCCC2)C(=O)[O-]
dude_aldr__L001812,CN([C@@H]1CCSC1)C(=O)Nc2ccc(c(c2)C(=O)[O-])Cl
dude_aldr__L001813,CN1CC[NH+](CC1)[C@H]2CCCC[C@@H]2C(=O)[O-]
dude_aldr__L001814,Cc1cc-2cc/c(=N\S(=O)(=O)C3CCCC3)/cc2[nH]c1[O-]
dude_aldr__L001815,c1cc(c(c(c1)Cl)n2cncn2)[N-]S(=O)(=O)c3cccs3
dude_aldr__L001816,Cc1c(sc(c1C(=O)[O-])NC(=O)N2CCCCCC2)C
dude_aldr__L001817,C[C@@]1(CCCN(C1)C(=O)c2cc3c(s2)CCCC3)C(=O)[O-]
dude_aldr__L001818,Cc1cc(ccc1F)C(=O)c2ccc(c(c2)[N-]S(=O)(=O)CCOC)OC
dude_aldr__L001819,Cc1nc2c(n1CC3CC3)nc(nc2Cl)N
dude_aldr__L001820,c1cnoc1C(=O)N2[C@H]3CCCC[C@@H]3C[C@H]2C(=O)[O-]
dude_aldr__L001821,c1cc(c(nc1)[S-])C(=O)Nc2nc3c(s2)CCCCCC3
dude_aldr__L001822,Cc1cc(sc1C(=O)[O-])S(=O)(=O)N2CCCC[C@@H]2C
dude_aldr__L001823,CNC(=O)[C@@H]1CCCN1S(=O)(=O)c2cc(n(c2)C)C(=O)[O-]
dude_aldr__L001824,COCCCCn1c(nnc1[S-])c2ccccn2
dude_aldr__L001825,CC(=O)N[C@H](CSC1(c2ccccc2-c3c1cccc3)c4ccccc4)C(=O)[O-]
dude_aldr__L001826,Cc1c(c(n(n1)c2ccc(cc2)Cl)C)C/C(=C(\C#N)/C(=O)N3CCCCC3)/[O-]
dude_aldr__L001827,CC(C)(C)OC(=O)N1CCC2(CC1)NC(=O)C3([N-]2)CCCCCC3
dude_aldr__L001828,C[C@@H](C(=O)Nc1ccc(cc1)F)Sc2nc(cc(n2)[O-])CSC(C)C
dude_aldr__L001829,CCc1nc(on1)C2=C(N=C([C@H]2S(=O)(=O)[N-]c3cccc(c3)OC)C)C
dude_aldr__L001830,CC(C)NC(=O)N1CCN([C@@H](C1)C(=O)N[C@H]2CCCNC2=O)C(=O)NC(C)C
dude_aldr__L001831,c1cc(c(cc1C(=O)[O-])S(=O)(=O)N2CCN(CC2)C(=O)[C@@H]3CCS(=O)(=O)C3)Cl
dude_aldr__L001832,Cc1cccc(c1)C2=NC3=NN=C([C@@H]3C(=C2)C(=O)[O-])c4ccc(cc4)Cl
dude_aldr__L001833,OC(=O)Cc3cc(O)c2c(=O)c1ccccc1ccc2c3
dude_aldr__L001834,COCCOCCC/C(=N/S(=O)(=O)c1cc(sc1Cl)Cl)/[O-]
dude_aldr__L001835,Cc1ccc(cc1C)N2C(=O)/C(=C/c3cn(c4c3cccc4)CCCOc5ccccc5)/N=C2[S-]
dude_aldr__L001836,CCC(CC)CNC(=O)c1cc(ccc1[N-]S(=O)(=O)C)NC(=O)C
dude_aldr__L001837,c1c(cncc1Br)S(=O)(=O)N2CCC[C@@H](C2)C(=O)[O-]
dude_aldr__L001838,Cc1ccc(cc1S(=O)(=O)[N-]c2ccccc2Cl)NC(=O)[C@@H]3CCOC3
dude_aldr__L001839,Cc1cccc(c1)[N-]S(=O)(=O)c2ccc(s2)CC(=O)N3CCCCC3
dude_aldr__L001840,CCC(=O)NCC(=O)N1CCc2c(c3cccc(c3[nH]2)Br)C1
dude_aldr__L001841,Cc1cc(ccc1OC(C)C)C(=O)C2=C(C(=O)N([C@@H]2c3ccc(cc3)OCC=C)CCCN4CCOCC4)[O-]
dude_aldr__L001842,C[C@@H]1CCC[C@@](C1)(C(=O)[O-])NC(=O)N2CCOCC2(C)C
dude_aldr__L001843,c1cc(ccc1c2c(n[nH]c2N)c3ccn[nH]3)Cl
dude_aldr__L001844,Cc1ccc(c(c1)/C=C/C(=O)c2ccc(cc2)S(=O)(=O)N3CCCC[C@@H]3C(=O)[O-])C
dude_aldr__L001845,C=CCSC1=NC(=O)[C@@H]2[C@H](C3=C(CCCC3=NC2=N1)[O-])c4cccs4
dude_aldr__L001846,C1CC[C@H]2[C@H](C1)CCCN2C(=O)N3CCC(CC3)C(=O)[O-]
dude_aldr__L001847,c1c(cnc(c1Br)N2CCCCC2)N
dude_aldr__L001848,CC1=C(C(=N[C@@H]1C(=O)[O-])C)C(=O)/C=C/c2ccc(cc2OC(F)F)OC(F)F
dude_aldr__L001849,Cc1c(sc2c1c(ncn2)SCc3ccc(cc3)C(=O)[O-])C
dude_aldr__L001850,Cc1cc[nH+]c(c1)N[C@H](c2ccc3c(c2)OCO3)c4ccc5cccnc5c4O
dude_aldr__L001851,C[C@@H](Cn1cccn1)N2C[C@H](CCC2=O)C(=O)[O-]
dude_aldr__L001852,Cn1c(nnc1SCC(=O)N2CCC[C@H](C2)C(=O)[O-])C(F)(F)F
dude_aldr__L001853,c1cc(c(cc1[N-]S(=O)(=O)c2ccc3c(c2)CCCC3)[N+](=O)[O-])F
dude_aldr__L001854,c1c(cc(c(c1Cl)OCc2csc(n2)C(=O)[O-])Cl)[N+](=O)[O-]
dude_aldr__L001855,OC(=O)Cc2nn(Cc1ccc(Br)cc1F)c(=O)c3CCCCc23
dude_aldr__L001856,Cc1cccc(c1)[C@@H]\2[C@@H]3C(=NC(=NC3=O)SCC=C)N=C(/C2=C(/[O-])\OCC=C)C
dude_aldr__L001857,C=CCOc1ccc(cc1)C(=O)C2=C(C(=O)N([C@@H]2c3cccc(c3)Cl)c4nccs4)[O-]
dude_aldr__L001858,COc1ccc(cc1Br)S(=O)(=O)[N-]c2nncs2
dude_aldr__L001859,Cc1ccc(cc1F)[N-]S(=O)(=O)[C@H]2CC[C@H](S2)[C@@H]3C=CN=N3
dude_aldr__L001860,C/C/1=C\CC/C(=C/CC/C(=C/[C@H]2[C@H](CC1)C(=C)C(=O)O2)/C)/C(=O)[O-]
dude_aldr__L001861,C[C@H](C(=O)N1CCC[C@@H]1C(=O)[O-])Oc2ccc(cc2)[N+](=O)[O-]
dude_aldr__L001862,CC[C@@H](/C(=N/S(=O)(=O)c1cc(cnc1)Br)/[O-])OC
dude_aldr__L001863,Cc1ccccc1C(=O)n2c(c3cc(ccc3nc2=S)Br)[O-]
dude_aldr__L001864,Cc1ccc(c2c1N[C@@H]([C@H]3[C@H]2C=CC3)c4ccccc4)C(=O)[O-]
dude_aldr__L001865,c1cc(ccc1n2c(c3c(n2)[C@@H]4CCC[C@H]4N=C3)[O-])Cl
dude_aldr__L001866,Cc1cc(cc(c1O[C@H](C)C(=O)N2CCC(CC2)C(=O)[O-])C)Br
dude_aldr__L001867,C[C@H](C(=C(Cl)Cl)Cl)OC(=O)[C@H]1CC=CC[C@@H]1C(=O)[O-]
dude_aldr__L001868,Cc1c(oc2c1c(ncn2)N3CCC[C@@H](C3)C(=O)NC4CCCC4)C
dude_aldr__L001869,c1ccc(cc1)[C@@H]2C(=C(C(=O)N2CCCn3ccnc3)[O-])C(=O)c4ccc(cc4)Cl
dude_aldr__L001870,C1CCN([C@@H](C1)CCC(=O)[O-])S(=O)(=O)C(F)F
dude_aldr__L001871,Cc1cc(c(c(c1C)S(=O)(=O)[N-]c2nc3c(s2)C(=O)CCC3)C)C
dude_aldr__L001872,C(CNC#N)CO
dude_aldr__L001873,c1c2nnnn2c(cn1)N3CCCC[C@H]3C(=O)[O-]
dude_aldr__L001874,CC(C)(C)n1c(c(cn1)SC)C(=O)[O-]
dude_aldr__L001875,c1cn(c(=O)c2c1n3c(nc2)ncn3)[C@@H](CCS)C(=O)[O-]
dude_aldr__L001876,CC(C)(C(=O)[O-])NC(=O)CC1CCCCC1
dude_aldr__L001877,c1cc(ccc1COc2c(cc(cc2I)C=O)I)C(=O)[O-]
dude_aldr__L001878,Cn1c(nc(n1)C2CCCC2)[C@H]3CCCC[C@@H]3C(=O)[O-]
dude_aldr__L001879,C[C@H](CC#N)Sc1ccccc1[N-]S(=O)(=O)c2ccccc2C(=O)OC
dude_aldr__L001880,C[C@H](C(=O)N(C)C)NC(=O)[C@H]1CCCC[C@@H]1C(=O)[O-]
dude_aldr__L001881,CCCCOCCS(=O)(=O)c1ccc(c(c1)C(=O)[O-])Br
dude_aldr__L001882,CC(=O)N1[C@@H](CC(=N1)c2ccccc2[N-]S(=O)(=O)c3ccccc3)c4ccco4
dude_aldr__L001883,CCOc1cc(c(c(c1[O-])I)Br)C=O
dude_aldr__L001884,Cc1c(sc(n1)C2CCN(CC2)C(=O)C(C)C)C(=O)[O-]
dude_aldr__L001885,Cc1c(sc2c1c(nc(n2)/C(=C/c3ccccc3OCC=C)/C#N)[O-])C
dude_aldr__L001886,C[C@H]1CCC(=C)/C(=C\C=C/C[C@@]1(C)CCC2=C[C@@H](OC2=O)OC)/C(=O)[O-]
dude_aldr__L001887,CN1c2ccc(cc2CCC1=O)S(=O)(=O)[N-]c3c(cccc3F)F
dude_aldr__L001888,CCCN1CCN(CC1)C(=O)[C@H]2CC=CC[C@@H]2C(=O)[O-]
dude_aldr__L001889,C[C@H]1CCCN([C@@H]1C)S(=O)(=O)c2ccc(s2)C(=O)[O-]
dude_aldr__L001890,CN1CCc2c(s/c(=N\S(=O)(=O)c3ccc4c(c3)CCC4)/[nH]2)C1
dude_aldr__L001891,C[C@@H]1CCCC[C@H]1N(C)S(=O)(=O)N2CCC(CC2)C(=O)[O-]
dude_aldr__L001892,c1ccc(cc1)S(=O)(=O)[N-]/N=C\[C@@H]2C=NN=C2c3ccc(cc3)F
dude_aldr__L001893,Cc1ccc(cc1)/C=C\S(=O)(=O)[N-]c2ccc(c(c2)C(=O)N(C)C)Cl
dude_aldr__L001894,c1cscc1c2nnc(o2)/N=C(/C3=COCCO3)\[O-]
dude_aldr__L001895,c1cc2c(cc1N)cc([nH]2)C(=O)NC[C@H]3CCCOC3
dude_aldr__L001896,C[C@@H]1CN([C@@H](CO1)C)C(=O)c2cccc(c2)S(=O)(=O)[N-]c3ccc(cc3)SC(F)F
dude_aldr__L001897,Cc1ccccc1[N-]S(=O)(=O)c2cc(oc2C)[C@H]3C=C(N=N3)C
dude_aldr__L001898,Cc1c(c(nn1C)C(=O)N[C@@H]2[C@H]3N(C2=O)C(=C(CS3)CSc4nnc(s4)C)C(=O)[O-])[N+](=O)[O-]
dude_aldr__L001899,CC1(OC[C@@H](O1)[C@@H]2[C@@H]([C@@H]3[C@H](O2)OC(O3)(C)C)n4c(c(nn4)C(=O)N)N)C
dude_aldr__L001900,c1ccc(cc1)C2=CS/C(=C\C(=C\C(=O)c3ccc(cc3)[N+](=O)[O-])\[O-])/S2
dude_aldr__L001901,Cc1c(scn1)CN(C)C(=O)N[C@H](C)c2cccc(c2)S(=O)(=O)N
dude_aldr__L001902,C[C@]12CC[C@H](C1(C)C)C[C@H]2NC(=O)c3cc(on3)c4cccnc4
dude_aldr__L001903,CC(=O)N1CCc2c1cc(cc2)[N-]S(=O)(=O)c3c(cccc3F)F
dude_aldr__L001904,C/C(=C(/C(=O)C)\Sc1nnc(n1C)C(F)(F)F)/[O-]
dude_aldr__L001905,Cc1ccnc(n1)O[C@@H](C(=O)[O-])C(c2ccccc2)(c3ccccc3)SCc4ccccc4
dude_aldr__L001906,Cc1ccc(s1)S(=O)(=O)[N-]c2ccc(cc2)S(=O)(=O)NC(C)C
dude_aldr__L001907,C[C@@H]1CN(C[C@@H](O1)C)C(=O)c2ccccc2[N-]S(=O)(=O)c3cccs3
dude_aldr__L001908,c1cc(c(cc1[N-]S(=O)(=O)c2ccnc(c2)Cl)Cl)C#N
dude_aldr__L001909,c1c(c(cc2c1OCCO2)N[C@H]3CCCC[C@@H]3O)N
dude_aldr__L001910,CC(C)c1ccc2c(c1)c3c([nH]2)[C@@H](CCC3)C(=O)[O-]
dude_aldr__L001911,c1cc(ncc1Cl)/N=C/c2cc(cc(c2[O-])Br)[N+](=O)[O-]
dude_aldr__L001912,CC(C)Oc1ccccc1[N-]S(=O)(=O)c2cnc(nc2)Cl
dude_aldr__L001913,CCC(CC)[C@@H]1C([C@]2(C(=[N-])O[C@H](C2(CC)CC)O1)C#N)(C#N)C#N
dude_aldr__L001914,CCN(C)/C(=C/C1=CSC2=NC(=C([C@H](N12)c3cc(ccc3C)C)C(=O)OCC)C(F)(F)F)/[O-]
dude_aldr__L001915,CCSC1=NC(=O)[C@H]2[C@@H](C3=C(CCCC3=NC2=N1)[O-])c4ccc(cc4)O
dude_aldr__L001916,Cc1ccc(c(c1)OCCOc2ccccc2CN3C[C@H](CC3=O)C(=O)[O-])C
dude_aldr__L001917,COCCn1cnnc1[C@H]2CC=CC[C@@H]2C(=O)[O-]
dude_aldr__L001918,Cc1cc(ccc1Br)/N=C(\Nc2cccnc2)/[S-]
dude_aldr__L001919,CCc1ccc(cc1)[N-]S(=O)(=O)c2ccc(s2)c3cnc(o3)C4CCC4
dude_aldr__L001920,C[C@@H]1Cc2cc(c(nc2[C@@H](C1)C)Cl)C(=O)[O-]
dude_aldr__L001921,Cc1ccc(cc1)S(=O)(=O)[N-]/N=C(\c2ccccc2)/C(=N\O)/C
dude_aldr__L001922,C[C@H]1CCCC[C@@]12C(=O)N(C(=O)N2)CC(=O)N3CCCC3
dude_aldr__L001923,CC(C)c1c(c(n(n1)[C@]2(CCS(=O)(=O)C2)C)Cl)C(=O)[O-]
dude_aldr__L001924,C[C@H]1Cc2ccccc2N1C(=O)c3ccc(cc3)[N-]S(=O)(=O)c4ccc(c(c4)Cl)F
dude_aldr__L001925,Cc1c2c(ncnc2sc1C(=O)OC3CCCCC3)[S-]
dude_aldr__L001926,c1c(cc(nc1N2CCO[C@@H]3[C@@H]2CCCC3)Cl)C(=O)[O-]
dude_aldr__L001927,CC[C@H]1CCc2c(cc(s2)C(=O)NN3C(=O)C4(CCC(CC4)C)NC3=O)C1
dude_aldr__L001928,c1ccc(cc1)[C@@H]2CC3=C([C@H](n4c(ncn4)N3)c5ccc(cc5)O)C(=O)C2
dude_aldr__L001929,Cn1c(cc(c1Cl)Cl)/C(=N/S(=O)(=O)c2ccccc2)/[O-]
dude_aldr__L001930,CCc1nnc(s1)N2[C@H](C(=C(C2=O)[O-])C(=O)c3ccc(cc3)F)c4ccc(cc4)C(C)(C)C
dude_aldr__L001931,CCNC(=O)[C@@H](C)NC(=O)c1ccccc1[N-]S(=O)(=O)c2ccc(cc2)F
dude_aldr__L001932,COc1ccc(cc1)[N-]S(=O)(=O)c2ccc(s2)C3=NN=C(C3)C(F)(F)F
dude_aldr__L001933,Cc1cccc(c1)NC(=O)[C@@]2(CC[C@](C2(C)C)(C)C(=O)[O-])C
dude_aldr__L001934,c1cc(ccc1c2nc(on2)[O-])Oc3c(cc(cn3)C(F)(F)F)Cl
dude_aldr__L001935,Cc1cc(=O)nc([nH]1)SC/C(=N/c2nc3nc(cc(n3n2)C)C)/[O-]
dude_aldr__L001936,Cc1c(sc(n1)[S-])CC(=O)NCc2ccccc2
dude_aldr__L001937,Cc1c(c(n(n1)C)C)C(=O)N[C@@H]2CCCC[C@@H]2O
dude_aldr__L001938,CCN(CC)C(=O)N1CCc2c(ccs2)[C@@H]1C(=O)[O-]
dude_aldr__L001939,Cc1ccc(cc1S(=O)(=O)/N=C(/C[C@H](C)C(C)(C)C)\[O-])[N+](=O)[O-]
dude_aldr__L001940,CCc1c(sc(c1C#N)NC(=O)[C@@H]2CCCC[C@H]2C(=O)[O-])C
dude_aldr__L001941,c1cc(sc1)C(=O)N2CCC[C@@H](C2)/C(=C(\C#N)/C(=O)N3CCCC3)/[O-]
dude_aldr__L001942,c1cc(c(c(c1)[N+](=O)[O-])[O-])/C=N\c2ccc(cc2)I
dude_aldr__L001943,C[C@H]1CC[C@@H]([C@@](C1)(C(=O)[O-])n2c(=O)cccn2)C(C)C
dude_aldr__L001944,c1cc(sc1S(=O)(=O)[N-]NC(=O)c2cc3c(s2)CCC3)Cl
dude_aldr__L001945,Cc1c(c(n[nH]1)C)C(=O)N[C@H](C)C(=O)N2CCCCC2
dude_aldr__L001946,Cc1cccc(n1)/N=C/c2c(oc(n2)c3ccc(cc3)Br)[O-]
dude_aldr__L001947,c1cc(ccc1/C=N/c2ccc3c(c2)[nH]c(n3)C(F)(F)F)[N+](=O)[O-]
dude_aldr__L001948,CC(C)N/C(=C(\C#N)/C(=O)c1cnc2ccc(cn2c1=O)Br)/[O-]
dude_aldr__L001949,c1c(nnn1CC[S@@](=O)CC2CCCC2)C(=O)[O-]
dude_aldr__L001950,c1c2c(sc1C(=O)N(CC(=O)[O-])C3CCCC3)CCCC2
dude_aldr__L001951,Cc1c(cco1)C(=O)NC2CCN(CC2)C(=O)c3cc4cccc(c4[n-]3)[N+](=O)[O-]
dude_aldr__L001952,Cc1cc(c(c(c1C)S(=O)(=O)/N=C(/[C@H](C)Oc2cccc(c2)C#N)\[O-])C)C
dude_aldr__L001953,c1ccc(cc1)COc2ccc(cc2)/C=N/n3c(nnc3[S-])c4cccc(c4)Cl
dude_aldr__L001954,Cn1cc(cn1)c2c(cn(n2)c3cccc(c3)Br)C(=O)[O-]
dude_aldr__L001955,c1cc(cc(c1)F)c2cccc(n2)c3nc(sn3)N
dude_aldr__L001956,CC(C)(c1ccc(cc1)c2ccc3c(c2)CCN3)C(=O)[O-]
dude_aldr__L001957,C[C@@H](c1cn(nn1)CC2CCN(CC2)[C@H]3C4=NC=NC4=[NH+]C(=N3)[NH-])O
dude_aldr__L001958,c1cc(c(cc1n2c3c(c(ncn3)[S-])nn2)Cl)F
dude_aldr__L001959,CCc1ncc(s1)/C(=N/S(=O)(=O)c2ccc(c(c2)C(F)(F)F)C#N)/[O-]
dude_aldr__L001960,C#CCN(Cc1ccc(cc1)F)C/C(=N/c2c(cccc2Cl)C(F)(F)F)/[O-]
dude_aldr__L001961,CC[C@H]1CO[C@@H](CN1C(=O)N(C)[C@@H](CC)C(=O)[O-])C
dude_aldr__L001962,c1cc(sc1c2ccn[nH]2)S(=O)(=O)N3CCC[C@H](C3)C(=O)[O-]
dude_aldr__L001963,CCCCSC1=NC(=O)[C@H]2[C@@H](C3=C(CCCC3=NC2=N1)[O-])c4ccccc4
dude_aldr__L001964,CC(C)(CC(=O)NC(=O)N1CCS(=O)(=O)CC1)CC(=O)[O-]
dude_aldr__L001965,Cc1c(sc(c1C(=O)[O-])NC(=O)N2CCCCC2)C
dude_aldr__L001966,Cc1cc(ccc1NC(=O)C(=O)N[C@@H](C)c2cccc(c2)OC(C)C)C(=O)NC
dude_aldr__L001967,OC(=O)Cc2cc(=O)oc3ccc1ccccc1c23
dude_aldr__L001968,CC(C)SC1=NC(=O)[C@H]2[C@@H](C3=C(CC(CC3=NC2=N1)(C)C)[O-])c4cccnc4
dude_aldr__L001969,Cc1cc(n(n1)CCC#N)[N-]S(=O)(=O)c2cc(c(cc2F)OC)OC
dude_aldr__L001970,CC1(COCCN1c2ccc(cc2)[N-]S(=O)(=O)c3cccs3)C
dude_aldr__L001971,Cc1csc2n1c(c(n2)Cl)[C@H]3C[C@@H]3C(=O)[O-]
dude_aldr__L001972,CC[C@@H]1CO[C@H](CN1c2c(ccc(c2F)F)N)C
dude_aldr__L001973,CC(C)(C)C(=O)N1CC=C2[C@@H](C1)[C@H](C(C(=C2C#N)N)(C#N)C#N)c3ccsc3
dude_aldr__L001974,CCc1ccc(cc1)NC(=O)c2c(n(nn2)c3nc(c(s3)C)C)C
dude_aldr__L001975,c1cc(cc(c1)C(=O)[O-])c2ccc(o2)/C=C(\C#N)/C(=O)N3CCCC3
dude_aldr__L001976,C[C@@H]1C[C@@H]1c2ccc(o2)/C=C/C(=O)N3CSC[C@H]3C(=O)[O-]
dude_aldr__L001977,c1ccc(cc1)C2(CCN(CC2)S(=O)(=O)c3ccc(cc3)OC(F)(F)F)C(=O)[O-]
dude_aldr__L001978,CC(C)(C)C(=O)Nc1cc(ccc1Cl)N2CCCS2(=O)=O
dude_aldr__L001979,C1C[C@@H](CN(C1)[C@@H]2CC(=O)NC2=O)C(=O)[O-]
dude_aldr__L001980,C[C@@H](/C(=N/S(=O)(=O)C(C)C)/[O-])Sc1nncn1C
dude_aldr__L001981,c1cc(cc(c1)OCC#N)[N-]S(=O)(=O)c2c(ccs2)Br
dude_aldr__L001982,Cc1ccc(cc1)c2nnc(n2CC(=O)N3CCC(CC3)C#N)[S-]
dude_aldr__L001983,Cn1cc(cn1)S(=O)(=O)[N-]c2nc(c(s2)Cc3ccc(cc3)F)C4CC4
dude_aldr__L001984,C[C@@]1(CCS(=O)(=O)C1)n2c(cc(n2)C(F)F)SCC(=O)[O-]
dude_aldr__L001985,CCOc1ccc(cc1)CN(C)C(=O)Cc2c(nc(s2)[S-])C
dude_aldr__L001986,C1CCC(CC1)S(=O)(=O)/N=C(/C2CCCC2)\[O-]
dude_aldr__L001987,Cc1c(c(on1)C)NC(=O)/C=C/c2cc3c(c(c2)Cl)OCO3
dude_aldr__L001988,c1ccc(cc1)c2ccc(cc2)C(=O)CN3C(=C(c4ccccc4S3(=O)=O)[O-])C(=O)c5ccccc5
dude_aldr__L001989,CCN(C[C@@H]1CCOC1)C(=O)Cn2c(nnc2[S-])c3ccc(cc3)C
dude_aldr__L001990,C[C@@H](CSC)/C(=N/S(=O)(=O)c1ccc(cc1C(F)(F)F)C#N)/[O-]
dude_aldr__L001991,CC[C@@]1(CCN(C1)C(=O)N(CCC#N)C2CC2)C(=O)[O-]
dude_aldr__L001992,C[C@@H]1CCc2c(c(no2)C(=O)NC(C)C)C1
dude_aldr__L001993,Cc1ccc(cc1)N2C(=O)/C(=C/C=C/c3ccco3)/C(=NC2=S)[O-]
dude_aldr__L001994,Cc1ccc(cc1NC(=O)N[C@@H]2CCCC[C@H]2C(F)(F)F)N3C(=O)CCC3=O
dude_aldr__L001995,[H]/N=C/1\C=CC2=C([C@@H](NC2=N1)c3ccccc3)c4ccccc4
dude_aldr__L001996,c1ccc(cc1)c2c(n3ccsc3n2)/C=C\4/C(=NC(=S)S4)[O-]
dude_aldr__L001997,Cn1cc(c(n1)C(=O)N[C@H]2C=C(N=N2)c3ccccc3)C(=O)[O-]
dude_aldr__L001998,C[C@@H]1CCCCN1C(=O)N(CC(C)C)CC(=O)[O-]
dude_aldr__L001999,c1ccc2c(c1)CCC[C@]2(C(=O)[O-])SC3CCCC3
dude_aldr__L002000,CCOc1ccc(o1)C(=O)N2CCC[C@@H](C2)Cn3cc(nn3)C(=O)[O-]
dude_aldr__L002001,C[C@H]1CCC[C@](C1)(C(=O)[O-])Oc2cccc(c2)Br
dude_aldr__L002002,c1c2c(sc1C(=O)N[C@H]3CCCC[C@@H]3O)CCC2
dude_aldr__L002003,COC(=O)C1=CO[C@H]([C@H]2[C@@H]1C=C[C@@H]2CO)O[C@H]3[C@@H]([C@H]([C@@H]([C@H](O3)CO)O)O)O
dude_aldr__L002004,c1cc(c(cc1N2CCC(CC2)C(=O)N)I)[N+](=O)[O-]
dude_aldr__L002005,Cc1ccc(cc1)N2C(=O)/C(=C\c3ccc(o3)Sc4cccc5c4cccc5)/C(=NC2=O)[O-]
dude_aldr__L002006,Cc1c2c(n(n1)c3ccc(nn3)OC)NC(=O)C[C@@H]2c4ccccc4Cl
dude_aldr__L002007,OC(=O)Cc3ccc2C(=O)c1ccccc1CSc2c3
dude_aldr__L002008,c1cc(oc1)[C@@H]2CC(=NN2C(=O)CCC(=O)[O-])c3cccs3
dude_aldr__L002009,COC(=O)c1ccccc1OC(=O)c2ccc3c(c2)[C@@H]4C=CC[C@H]4[C@@H](N3)C(=O)[O-]
dude_aldr__L002010,Clc5ccc4N(Cc2nc1ccccc1s2)CC3(NC(=O)NC3=O)c4c5
dude_aldr__L002011,Cc1c(cccc1NC(=O)[C@@H]2CC=CC[C@@H]2C(=O)[O-])C(=O)N3CCOCC3
dude_aldr__L002012,C[C@@H]1C[C@H]([C@H]2[C@@](CCC[C@]2([C@]1(CC[C@@]3([C@@H]([C@@H](O[C@@H]3OC)OC)O)O)O)C)(C)CO)O
dude_aldr__L002013,CCS(=O)(=O)[N-]c1ccc(cc1OC)NC(=O)NC2CCOCC2
dude_aldr__L002014,Cc1c(c(n[nH]1)C)S(=O)(=O)N2CCc3c(cccc3N)C2
dude_aldr__L002015,Cn1c(nnn1)N2CCC[C@@H](C2)C(=O)[O-]
dude_aldr__L002016,c1ccc(cc1)S(=O)(=O)[N-]c2c(nc3ccccc3n2)N4CCC[C@@H](C4)O
dude_aldr__L002017,c1cc(cc(c1)NC(=O)[C@@H]2CCCO2)CNC(=O)Nc3cccc4c3ccnc4
dude_aldr__L002018,CC/C(=N\OC/C=C/Cl)/C1=C(C[C@@H](CC1=O)C2CCOCC2)[O-]
dude_aldr__L002019,C[C@@]12C[C@@H]([C@H]3[C@@H]([C@@H]1C[C@@H]4[C@@]2(OC(O4)(C)C)C(=O)[O-])CCC5=CC(=O)C=C[C@@]35C)O
dude_aldr__L002020,c1ccc(c(c1)C(=O)[O-])S[C@@H]2CC(=O)N(C2=O)C3CCCC3
dude_aldr__L002021,C[C@H]1CCCC[C@@]1(C(=O)[O-])NC(=O)c2ccccc2I
dude_aldr__L002022,c1ccc(c(c1)F)Sc2cc(c(cc2F)[N+](=O)[O-])C(=O)[O-]
dude_aldr__L002023,CC(C)C(=O)N1CCC(CC1)NC(=O)[C@H]2C[C@H]2C(=O)[O-]
dude_aldr__L002024,c1cc(c2c(c1)N(CCC2)C(=O)c3ccc(c(c3)[N+](=O)[O-])Cl)C(=O)[O-]
dude_aldr__L002025,CC(C)C(=O)N1CCN(CC1)C(=O)C(=O)[O-]
dude_aldr__L002026,Cc1c2c(n(n1)C)NC3=C([C@@H]2c4ccc(cc4)N(C)C)C(=O)CC(C3)(C)C
dude_aldr__L002027,Cc1c(sc2c1c(nc(n2)SCC(=O)Nc3cccc(c3)C(=O)NC4CC4)N)C
dude_aldr__L002028,c1c(cc(c(c1C(=O)[O-])n2cnnn2)Br)Br
dude_aldr__L002029,Cc1ccc2cccc(c2n1)O[C@]3(CCCSC3)C(=O)[O-]
dude_aldr__L002030,Cc1cc(c(n1C[C@@H]2CCCO2)C)/C=C\3/C(=NC(=S)N(C3=O)c4ccccc4F)[O-]
dude_aldr__L002031,C[C@H](C1CC1)N(C)C(=O)Nc2c(cc(cc2Cl)Cl)C(=O)[O-]
dude_aldr__L002032,c1cc(sc1)[S@](=O)CC(=O)N2CCC(CC2)C(=O)[O-]
dude_aldr__L002033,Cc1ccnc(n1)N2[C@H]3CCCC[C@@H]3C[C@@H]2C(=O)[O-]
dude_aldr__L002034,C[C@]12CC[C@]3(C1)[C@@H](C[C@H]([C@H]4[C@@]3(CCC[C@]4(C)C(=O)[O-])C)OC(=O)c5ccccc5)CC2=O
dude_aldr__L002035,Cn1c2ccc(cc2oc1=O)[N-]S(=O)(=O)c3ccc(cc3)OC4CCCC4
dude_aldr__L002036,CCn1c(c2ccc(cc2nc1=S)C(=O)N[C@H](C)CC[C@H]3CCCO3)[O-]
dude_aldr__L002037,C[C@H](C(=O)[O-])Oc1ccc(cc1)C2=C[C@@H](n3c(nnn3)N2)c4cc(cc5c4OCOC5)[N+](=O)[O-]
dude_aldr__L002038,C[C@@]1([C@@]([C@@]([C@@]([C@@](O1)(C)OC[C@]2([C@@]([C@@]([C@@]([C@@H](O2)O)(C)O)(C)O)(C)O)C)(C)O)(C)O)(C)O)CO
dude_aldr__L002039,Cc1ccccc1OCc2nnc(n2c3cccc(c3)Cl)[S-]
dude_aldr__L002040,CCOc1ccc(cc1)[N-]S(=O)(=O)C2=C(S[C@H](C2)[C@H]3C(=C(N=N3)C)C)C
dude_aldr__L002041,CCc1c(nc(nc1[O-])SCC(=O)N2CCCCCC2)C
dude_aldr__L002042,Cc1c2cccc(c2oc1/C(=C(/C#N)\C(=O)NC(C)C)/[O-])Cl
dude_aldr__L002043,C[C@@](c1ccc(cc1)SC)(C(=O)[O-])Sc2ccc(nc2)N
dude_aldr__L002044,Cc1c2c(nc(nc2sc1C(=O)[O-])C)N3CC[NH+](CC3)C
dude_aldr__L002045,CC(C)N(CCC(=O)[O-])C(=O)[C@@H]1CC(=O)N(C1)C
dude_aldr__L002046,CCc1ccc(cc1)N2C[C@H](CC2=O)C(=O)N3[C@H]4CCCC[C@H]4C[C@H]3C(=O)[O-]
dude_aldr__L002047,CC(=O)Nc1nc2c(s1)CCC[C@H]2C(=O)[O-]
dude_aldr__L002048,Cc1c(sc(n1)[S-])CC(=O)N[C@@H](CCSC)c2nnc3n2cccc3
dude_aldr__L002049,c1cc(oc1/C=C/C(=O)N2CCCC[C@@H]2CC(=O)[O-])Br
dude_aldr__L002050,CC(C)(C)c1csc(n1)NC(=O)[C@@H]2CCCC[C@H]2C(=O)[O-]
dude_aldr__L002051,CC[C@H](C)[C@@H]([C@H]1NN[C@@H](O1)S(=O)(=O)C)NS(=O)(=O)c2ccc3c(c2)oc(n3)[O-]
dude_aldr__L002052,Cc1cc(ccc1/C=C/C(=O)[O-])N2CCC(CC2)C
dude_aldr__L002053,Cc1ccc(cc1F)C(=O)C2=C(C(=O)N[C@H]2c3cccc(c3)[N+](=O)[O-])[O-]
dude_aldr__L002054,c1cn(c(=O)c2c1scc2)/C=C(/NC[C@@H]3CCCO3)\[O-]
dude_aldr__L002055,CC1([C@H](C(=NC(=C1C#N)SCc2nccn2C(F)F)[O-])C#N)C
dude_aldr__L002056,CCN(CC(C)C)S(=O)(=O)c1cc(sc1Br)C(=O)[O-]
dude_aldr__L002057,Cc1ccc(cc1[N-]S(=O)(=O)C)N[C@@H](c2ccccc2)C(=O)N3CCCC3
dude_aldr__L002058,OC(=O)Cn3c(=O)s\c(=C/c2cc1ccccc1cc2Cl)c3=O
dude_aldr__L002059,c1cc(ccc1CNC(=O)N2CCCCC[C@H]2c3ccncc3)C#N
dude_aldr__L002060,CN1C(=O)C(=Cc2ccc(o2)c3ccc(c(c3)[N+](=O)[O-])[O-])C(=O)N(C1=O)C
dude_aldr__L002061,c1c(cnc(c1Cl)NCC2CCCC2)C(=O)[O-]
dude_aldr__L002062,C1C[C@H](CN(C1)C(=O)[C@@H]2CCS(=O)(=O)C2)C(=O)[O-]
dude_aldr__L002063,CS(=O)(=O)N1CCN(CC1)C(=O)NC(=O)/C=C/C(=O)[O-]
dude_aldr__L002064,c1cc(ccc1/C=N/NC(=O)[C@@H]2C=C(N=N2)c3ccc(cc3)Cl)C(=O)[O-]
dude_aldr__L002065,Cc1c(sc(n1)Cl)S(=O)(=O)[N-]c2cccc(c2)C(=O)C
dude_aldr__L002066,CC1=C([C@@H](/C(=C(\[O-])/OC(C)C)/C(=N1)C)c2cccnc2)C(=O)OC(C)C
dude_aldr__L002067,CC(C)[C@H](C(=O)[O-])NC(=O)[C@H]1CCC=CC1
dude_aldr__L002068,CN(C)N1C2=C([C@@H](C(=C1N)C#N)c3cccs3)C(=O)C[C@H](C2)c4ccccc4
dude_aldr__L002069,CCSc1ccc(cn1)[N-]S(=O)(=O)c2cccc(c2)C(=O)NCC=C
dude_aldr__L002070,Cc1ccc(cc1)c2cn3cccc(c3n2)C(=O)[O-]
dude_aldr__L002071,CCCCS(=O)(=O)/N=C(/Cc1csc(n1)COc2ccc(cc2)C)\[O-]
dude_aldr__L002072,CCOc1ccc(cc1)[C@@H]2CCCN2S(=O)(=O)c3cc(ccc3F)C(=O)[O-]
dude_aldr__L002073,Cc1ccn(c(=O)c1)C2(CCCCCCC2)C(=O)[O-]
dude_aldr__L002074,c1ccc(cc1)Cc2cc3c(cc2Cl)[C@H]4CO[P@@](=O)(NN4CC3)[O-]
dude_aldr__L002075,Cc1ccc(cc1S(=O)(=O)/N=C(/[C@H]2C[C@H]2c3ccccc3)\[O-])Br
dude_aldr__L002076,c1c(c(sc1C(=O)[O-])Br)S(=O)(=O)NCC[C@@H]2CCCO2
dude_aldr__L002077,CC1=C(c2c(sc3c2c(=O)n(c(=O)[nH]3)CC(=O)N4CC4)C1)C
dude_aldr__L002078,c1cc(cc(c1)[N-]S(=O)(=O)c2cc(cnc2N)Br)C#N
dude_aldr__L002079,C[C@H](COC)N(CCOC)C(=O)N1CCO[C@@H](C1)C(=O)[O-]
dude_aldr__L002080,c1cc2c(cc1S(=O)(=O)N)CCN2CC(=O)c3c(n(c(=O)[nH]c3=O)C4CC4)N
dude_aldr__L002081,CCCc1cc(sc1C)C(=O)N2CCc3cc(c(cc3[C@H]2CC(=O)[O-])OC)OC
dude_aldr__L002082,Cc1ccc(cc1)CSC2=NC(=O)[C@H]3[C@H](C4=C(CCCC4=NC3=N2)[O-])c5ccncc5
dude_aldr__L002083,Cc1ccc(cc1)C2=C3[C@@H](N(C(=O)[C@@H]3N=N2)c4ccc(cc4)C(=O)[O-])c5ccc(cc5)Cl
dude_aldr__L002084,CN(Cc1ccc(cc1)OCC=C)S(=O)(=O)c2ccsc2C(=O)[O-]
dude_aldr__L002085,c1ccc2c(c1)cc(c(=O)o2)C(=O)CSC3=C(C4(CCCC4)[C@H](C(=N3)[O-])C#N)C#N
dude_aldr__L002086,C[C@H](c1cccc(c1)F)NC(=O)C2=NC=C(C2)S(=O)(=O)[N-]c3ccccc3F
dude_aldr__L002087,Cc1cc(c(n1c2c(c(c(s2)C)C)C(=O)[O-])C)C=O
dude_aldr__L002088,C[C@@H]1CCCN([C@@H]1C)C(=O)Nc2cccc(c2C(=O)[O-])F
dude_aldr__L002089,c1c(cc(cc1F)S(=O)(=O)/N=C(/C=C2CCCCC2)\[O-])[N+](=O)[O-]
dude_aldr__L002090,c1cc(ccc1C2=N[C@@H](SC2)N3CCOCC3)NC(=O)c4ccc(nn4)[O-]
dude_aldr__L002091,CCC1=[NH+][C@@H](C(=[NH2+])N1C(C)(C)C)c2ccc3c(c2)CCO3
dude_aldr__L002092,c1cc(c(c2c1scn2)[N-]S(=O)(=O)CCCCl)Cl
dude_aldr__L002093,Cc1ccc(cc1Br)n2c(nnc2[S-])c3cc(n[nH]3)C4CC4
dude_aldr__L002094,c1ccc2c(c1)CCN(C2)c3cnn(c(=O)c3Cl)c4ccccc4C(=O)[O-]
dude_aldr__L002095,c1ccc(cc1)S(=O)(=O)N2CCc3ccc(cc3C2)[N-]S(=O)(=O)c4c(cccc4F)F
dude_aldr__L002096,OC(=O)CN(C(=O)c1cccc(N(=O)=O)c1)c2ccc(N(=O)=O)cc2
dude_aldr__L002097,C1C[NH+](C[C@@H]1C(=O)[O-])[C@@H]2CS(=O)(=O)C[C@@H]2O
dude_aldr__L002098,Cc1cccc(c1C)[N-]S(=O)(=O)c2ccccc2S(=O)(=O)C
dude_aldr__L002099,Cc1ccccc1S[C@@]2(CCC[C@H](C2)C)C(=O)[O-]
dude_aldr__L002100,CN(CCCOc1ccccc1)/C(=N/c2nnc(s2)c3ccsc3)/[O-]
dude_aldr__L002101,C1CC[C@H]2CN(CC[C@H]2C1)C(=O)N3CCC[C@@H]3CC(=O)[O-]
dude_aldr__L002102,CN(Cc1cc(cs1)Br)C(=O)N2CCC[C@H](C2)C(=O)[O-]
dude_aldr__L002103,Cc1cc(c(c(c1)C)S(=O)(=O)[N-]c2nc3c(s2)CN(CC3)C)C
dude_aldr__L002104,CC(C)(C)c1ccc(cc1)S(=O)(=O)[N-]c2nc3c(s2)C(=O)CCC3
dude_aldr__L002105,CCOc1ccc(c(c1)N2C(=O)/C(=C/c3cc(c(c(c3)Cl)OC(C)C)OCC)/C(=NC2=O)[O-])OCC
dude_aldr__L002106,c1ccc2c(c1)c(c[nH]2)c3nn4c(nnc4s3)c5ccccn5
dude_aldr__L002107,c1cc(c(cc1N[C@H]2C[C@H]3CC[C@@H]2C3)C(=O)[O-])Cl
dude_aldr__L002108,CCN([C@@H](C)CC(=O)[O-])C(=O)/C=C/c1ccc(s1)Br
dude_aldr__L002109,CCc1nc(on1)C2=C(N=C([C@H]2S(=O)(=O)[N-]c3ccc(cc3)OC)C)C
dude_aldr__L002110,Cc1nc(cn1C)S(=O)(=O)N2c3ccc(cc3C[C@@H]2C)N
dude_aldr__L002111,CC(C)(C1=C(CCCC1=O)[O-])NC(=O)C2CCCCC2
dude_aldr__L002112,CN([C@@H]1CCc2c1cccc2)C(=O)c3cccc(c3)n4c(=O)ccc(n4)[O-]
dude_aldr__L002113,c1ccc(c(c1)C(=O)[O-])/N=C\c2ccc(s2)c3cccs3
dude_aldr__L002114,C[C@@H](/C(=N/S(=O)(=O)c1ccc(s1)Cl)/[O-])Oc2ccccc2C#N
dude_aldr__L002115,CCSc1nnc(s1)N2[C@H](C(=C(C2=O)[O-])C(=O)c3cc4ccccc4o3)c5ccc(cc5)OCC=C
dude_aldr__L002116,COc1cc(cc(c1OC)OC)/C=N/N[C@H]2N=C3C(=NC(=NC3=O)[NH-])N2[C@@H]4[C@@H]([C@@H]([C@@H](O4)CO)O)O
dude_aldr__L002117,CCSc1ccccc1[N-]S(=O)(=O)c2cnc(nc2)Cl
dude_aldr__L002118,C[C@@H](C(=O)C)n1c(ccc(c1=O)C(=O)[O-])C(C)C
dude_aldr__L002119,CCC[C@@]1(CCN(C1)S(=O)(=O)N2CCCCCC2)C(=O)[O-]
dude_aldr__L002120,c1ccc(cc1)C=C(/C=C(/C#N)\C(=N\c2cc(ccc2N3CCOCC3)Cl)\[O-])Cl
dude_aldr__L002121,CCCn1c(cc(c1C)C(=O)CSc2nc(cc(=O)n2CCC)[O-])C
dude_aldr__L002122,C[C@H]1CCCC[C@@H]1N(C)C(=O)c2cc3cc(ccc3[nH]2)N
dude_aldr__L002123,CC[C@H]1[C@@H](NN([C@@H]1C)CC(=O)N[C@@H](C2=C(N=N[C@@H]2C)C)C(=O)[O-])C
dude_aldr__L002124,CC(C)[C@H](c1cccs1)n2c(nnc2[S-])c3ccncc3
dude_aldr__L002125,CCCn1c(nnn1)CSc2c(c(nc(n2)C)C)C(=O)[O-]
dude_aldr__L002126,c1ccc(cc1)[C@@H]2C[C@@H](CN(C2)C(=O)C3CC3)C(=O)[O-]
dude_aldr__L002127,Cc1cc(ccc1NC(=O)C(=O)NCC2(CCCC2)C)C(=O)N3CCCC[C@H]3C
dude_aldr__L002128,c1nnc(n1C[C@H]2CCCOC2)SCC(=O)[O-]
dude_aldr__L002129,CC(C)CNC(=O)[C@@H]1C[C@@H]1C(=O)[O-]
dude_aldr__L002130,CC(C)n1c2c(cc(cn2)[N-]S(=O)(=O)c3cccc(c3)C(=O)C)cn1
dude_aldr__L002131,Cc1c(sc(c1C#N)NC(=O)CSc2c(c(c(c(n2)N)C#N)C)C#N)C
dude_aldr__L002132,C[C@@H](C(=O)[O-])[C@@](C)(c1ccc(cc1)SC)O
dude_aldr__L002133,C/C(=C/C(=O)N([C@H]1CC(=NC1=O)[O-])C2CC2)/c3ccccc3Cl
dude_aldr__L002134,COc1cccc(c1)[C@@H]2CC(=Nc3c2ncn3c4cccc(c4)F)O
dude_aldr__L002135,Cc1cc(ncn1)Nc2cccc(c2)[N-]S(=O)(=O)c3cccs3
dude_aldr__L002136,C1CCC(C1)(CO)NC(=O)NC23CC4CC(C2)CC(C4)C3
dude_aldr__L002137,Cc1cn2c(=O)c(c(nc2s1)C)S(=O)(=O)[N-]c3ccc(c(c3)F)F
dude_aldr__L002138,c1cc(ccc1CS(=O)(=O)N2CC[C@@H](C2)C(=O)[O-])[N+](=O)[O-]
dude_aldr__L002139,C[C@]1(CCN(C1)S(=O)(=O)c2cccc(c2)[N+](=O)[O-])C(=O)[O-]
dude_aldr__L002140,CCC1(CCN(CC1)C(=O)c2ccc(n2C)C)C(=O)[O-]
dude_aldr__L002141,c1c(cnc2c1[nH]cc2I)C(=O)[O-]
dude_aldr__L002142,CC[C@H](C)N(C)C(=O)N(CC(=O)[O-])[C@H]1CCS(=O)(=O)C1
dude_aldr__L002143,CCCN1C(=O)C(C(C#N)C(O)=O)c2cc(F)ccc12
dude_aldr__L002144,Cc1csc(n1)SCC(=O)Nc2ccc(cc2C(=O)[O-])I
dude_aldr__L002145,Cc1ccc(cc1)S(=O)(=O)/N=C(/N(Cc2cccs2)C[C@H]3CCCO3)\[O-]
dude_aldr__L002146,CCOc1ccc2c(c1)sc(n2)[N-]S(=O)(=O)c3ccc(nc3)Cl
dude_aldr__L002147,CC(C)N(CCC(=O)[O-])S(=O)(=O)[C@@H]1CCS(=O)(=O)C1
dude_aldr__L002148,Cc1ccc(cc1C)c2c3c(n[nH]2)OC(=C([C@H]3c4ccc(c(c4)OC)OC5CCCC5)C#N)N
dude_aldr__L002149,Cc1ccc(cc1)c2nnc(n2CC(=O)N[C@@H](C)c3ccccc3Cl)[S-]
dude_aldr__L002150,COC(=O)C1CCN(CC1)S(=O)(=O)/N=C(/C=C2CCCCC2)\[O-]
dude_aldr__L002151,Cc1c(sc(n1)c2cc(sc2)S(=O)(=O)[N-]c3ccc(c(c3)F)F)C(=O)N4CCCC4
dude_aldr__L002152,c1c(c(ncn1)NN)C#N
dude_aldr__L002153,CC(C)(C)c1ccc(cc1)[C@@H]2N([C@H](CS2)C(=O)[O-])C(=O)c3cc(cc(c3)Cl)Cl
dude_aldr__L002154,Cc1cc(c(s1)C)[C@@H](C)NS(=O)(=O)c2cc([nH]c2)C(=O)[O-]
dude_aldr__L002155,CCc1c(c(nc(n1)SCC(=O)N(C)C2CCCCC2)[O-])C#N
dude_aldr__L002156,CC(C)c1cc2c(c(c1)Br)oc(n2)[O-]
dude_aldr__L002157,Cc1ccc(c[n+]1/C(=C(\N[C@@H](C)C2CC2)/[S-])/C(=O)c3ccc(cc3)Cl)[O-]
dude_aldr__L002158,c1ccc(cc1)n2c3ccccc3nc2SCC(=O)N[C@H]4CCCCNC4=O
dude_aldr__L002159,C1CN(C[C@H]1O)C(=O)N2CSC[C@@H]2C(=O)[O-]
dude_aldr__L002160,C[C@H](C(=O)[O-])n1ccc(n1)C(=O)N(C)Cc2ccnn2C
dude_aldr__L002161,Cc1ccc(cc1)C2=NN=C[C@@H]2/C=N/[N-]S(=O)(=O)c3ccc(cc3)Cl
dude_aldr__L002162,Cc1c(nc(s1)C)c2ccc3c(c2)N(C(=O)[C@@H](O3)C)/C(=C(\C)/[O-])/C(=O)C
dude_aldr__L002163,CC1=CN2[C@H](S1)NC(=CC2=O)CSc3nc([nH]n3)N
dude_aldr__L002164,c1ccc(cc1)c2cc(=O)n3c(n2)nc([n-]3)c4cccnc4
dude_aldr__L002165,Cc1cccc(c1)NC(=O)N[C@@H]2CCCC[C@@H]2N3C(=O)CSC3=O
dude_aldr__L002166,CCOc1ccc(cc1)[N-]S(=O)(=O)C2=C(S[C@H](C2)[C@@H]3C(=C(N=N3)C)C)C
dude_aldr__L002167,Cc1ccc(cc1C)N2[C@H](NC(=O)C(=C2[S-])C#N)c3cccs3
dude_aldr__L002168,C[C@@H]1CCN([C@@H](C1)C)c2ccc(cc2/C=C\3/C(=O)NC(=O)N=C3[O-])[N+](=O)[O-]
dude_aldr__L002169,CCCCCSC1=NC(=O)[C@H]2[C@@H](C3=C(CC(CC3=NC2=N1)(C)C)[O-])c4ccccc4Cl
dude_aldr__L002170,CC(C)[C@@H](c1ccc(cc1)Cl)C(=O)N2CSC[C@@H]2C(=O)[O-]
dude_aldr__L002171,C[C@@]1(CC[C@]2(C(=C1)C(=O)C[C@H]3[C@@]2(CCCC3(C)C)C(=O)[O-])O)C=C
dude_aldr__L002172,c1cc(c(cc1C(=O)N2CCC(CC2)NC(=O)C3CCC3)Cl)O
dude_aldr__L002173,c1cc(ccc1/C=N/n2c(nnc2[S-])c3ccc(cc3Cl)Cl)Br
dude_aldr__L002174,Cc1cccc(c1)S(=O)(=O)[N-]c2ncc(s2)C#CCO
dude_aldr__L002175,Cc1c(ccc2c1N[C@H]([C@@H]3[C@@H]2C=CC3)c4ccccc4Cl)C(=O)[O-]
dude_aldr__L002176,CCC1(CCN(CC1)C(=O)[C@H]2CC=CC[C@@H]2C(=O)[O-])C
dude_aldr__L002177,CCOc1ccc(cc1)[C@@H](c2ccc3c(c2)oc(n3)[O-])Br
dude_aldr__L002178,C[C@H](C(=O)[O-])N(C)C(=O)N1CCC(CC1)(C)C
dude_aldr__L002179,Cc1cccc(n1)/N=C/c2c(oc(n2)c3ccccc3)[O-]
dude_aldr__L002180,CC(C)[C@@H](/C(=N/S(=O)(=O)C[C@@H]1CCCCO1)/[O-])SCc2ccccc2
dude_aldr__L002181,C[C@H]1CCCC[C@H]1NC(=O)[C@@H]2CC=CC[C@@H]2C(=O)[O-]
dude_aldr__L002182,c1cc(sc1/C=C/C(=O)N(CC2CC2)CC(=O)[O-])Br
dude_aldr__L002183,CN(C)C(=O)COc1cccc(c1)[N-]S(=O)(=O)/C=C/c2ccccc2Cl
dude_aldr__L002184,c1ccc(cc1)CSc2nc3n(n2)[C@H](CC(=N3)C(=O)[O-])c4ccco4
dude_aldr__L002185,CCCCCOc1cccc(c1)[C@H]2C(=C(C(=O)N2c3nc(c(s3)C(=O)C)C)[O-])C(=O)c4ccc(cc4)C
dude_aldr__L002186,C[C@H]1C[C@H](CC(C1)(C)C)C/C(=N/S(=O)(=O)c2ccc(cc2)CNC(=O)C)/[O-]
dude_aldr__L002187,Cn1cc(cn1)S(=O)(=O)[N-]c2ccc(c(c2)OC(F)F)OC
dude_aldr__L002188,Cc1c(cco1)/C(=C(/C#N)\C(=O)/C=C/c2c(nc3n2cccc3)Cl)/[O-]
dude_aldr__L002189,COc1ccc(cc1)c2c(n3ccsc3n2)/C=C\4/C(=NC(=S)S4)[O-]
dude_aldr__L002190,CC(C)Nc1ccccc1C(=O)N[C@H]2CCCC[C@@H]2O
dude_aldr__L002191,Cc1cc2c(s1)nc3nnc(n3c2[O-])SCc4ccccc4
dude_aldr__L002192,c1csc2c1[C@H](CCC2)n3ccnc3SCC(=O)[O-]
dude_aldr__L002193,CCSc1ccc(cn1)[N-]S(=O)(=O)c2ccc(c(c2)Cl)C#N
dude_aldr__L002194,Cc1ccc(cc1)S(=O)(=O)[N-]/N=C(\C)/c2cccc[n+]2[O-]
dude_aldr__L002195,Cc1ccc(s1)[C@@H]2C(=C(OC(=C2C(=O)N)N)C)C(=O)C
dude_aldr__L002196,Cc1ccc(cc1)/C=C/S(=O)(=O)[N-]c2cc(ccc2C(=O)N(C)C)Cl
dude_aldr__L002197,CC(=O)NNC(=O)NC1CCN(CC1)c2ccc(cc2)OC(F)(F)F
dude_aldr__L002198,Cc1ccc(cc1)C(=O)Nc2nc(c(s2)C(=O)[O-])C3CCC3
dude_aldr__L002199,Cc1c(c(nc(n1)C(C)C)SCc2c(snn2)Cl)C(=O)[O-]
dude_aldr__L002200,c1cc(c(cc1[N+](=O)[O-])Br)[N-]S(=O)(=O)CCCCl
dude_aldr__L002201,C[C@@H]1CCN([C@@H]2[C@@H]1CCCC2)C(=O)Cn3cc(cn3)N
dude_aldr__L002202,CC1=NN2[C@H](C=C(N=C2N1)C(=O)[O-])c3ccc(cc3)OCCC(C)C
dude_aldr__L002203,CCOc1ccc(cc1)[C@@H]2CC3=C([C@H](Nc4ccccc4N3)c5ccc(c(c5)OCC)O)C(=O)C2
dude_aldr__L002204,c1ccc2c(c1)CCC[C@]2(CNC(=O)Cn3cc(ccc3=O)Br)O
dude_aldr__L002205,c1ccc(cc1)OCc2nnc(n2c3ccc(cc3)Cl)[S-]
dude_aldr__L002206,C1C[C@H](C=C[C@@H]1O)O
dude_aldr__L002207,COC(=O)[C@H](c1ccccc1Cl)N2CC[C@@H](/C(=C/C(=O)[O-])/C2)S
dude_aldr__L002208,Cc1ccsc1CNC(=O)N2CCCN(CC2)C(=O)C(C)(C)C
dude_aldr__L002209,c1cc(c(cc1Cl)F)NC(=O)N2CCC[C@@H](C2)C(=O)Nc3nccs3
dude_aldr__L002210,Cc1c(c(nc(n1)c2cc(ccc2F)Cl)[S-])C(=O)OC
dude_aldr__L002211,c1cc2cccnc2c(c1)S(=O)(=O)[N-]c3ccc(cc3)N4CCCCC4=O
dude_aldr__L002212,c1cc(ccc1N2C(=O)/C(=C\c3ccc(o3)c4ccc(c(c4)Cl)F)/C(=NC2=O)[O-])Br
dude_aldr__L002213,CC[C@@]1(C(=O)N(C(=O)N1)NC(=O)CN2C(=O)[C@@]3(CCCC[C@@H]3C)NC2=O)C
dude_aldr__L002214,CS(=O)(=O)c1cccc(c1)O[C@H]2CCC[C@H]2C(=O)[O-]
dude_aldr__L002215,CC(=O)c1cccc(c1)S(=O)(=O)[N-]c2ccccc2n3cc(cn3)Br
dude_aldr__L002216,CCc1cccc(c1)[N-]S(=O)(=O)c2cc(cs2)c3nc(c(s3)C(=O)N4CCCC4)C
dude_aldr__L002217,Cn1c(ccc1C(=O)[O-])c2ccc(cc2Br)[N+](=O)[O-]
dude_aldr__L002218,CC1(Cc2c(sc(c2C(=O)[O-])NC(=O)C(=O)N3CCCC3)CO1)C
dude_aldr__L002219,CO[P@](=O)(c1c(cc(cc1[N+](=O)[O-])C(F)(F)F)[N+](=O)[O-])[O-]
dude_aldr__L002220,C[C@@H](CC#N)Sc1ccccc1[N-]S(=O)(=O)c2cccc(c2)C(=O)OC
dude_aldr__L002221,CC(C)(C)NC(=O)Nc1ccc(c(c1)C(=O)NC[C@H]2CCCO2)N3CCCC3
dude_aldr__L002222,c1nc(c2c3c(sc2n1)CNCC3)NC[C@@H]4C5=C(CCCCC5)N=N4
dude_aldr__L002223,C/C(=N\[C@@H]1[C@H]([C@@H]([C@H](O[C@H]1Oc2c[nH]c3c2c(c(cc3)Br)Cl)CO)O)O)/O
dude_aldr__L002224,CC(C)c1nnc2n1N[C@@H](S2)[C@@H]3C=C(N=N3)C(C)C
dude_aldr__L002225,Cc1c(sc(n1)c2cc(sc2)S(=O)(=O)[N-]c3ccc(c(c3)F)F)C(=O)N4CCCCC4
dude_aldr__L002226,Cc1cc(ccc1OCC=C)C(=O)C2=C(C(=O)N([C@H]2c3ccc(cc3)C(C)C)CCN4CCOCC4)[O-]
dude_aldr__L002227,C[C@H]1CC[C@H]([C@@H](C1)n2ccc(n2)C(F)(F)F)C(=O)[O-]
dude_aldr__L002228,CCc1nnc(n1c2ccc(c(c2)Cl)C#N)[S-]
dude_aldr__L002229,CC(C)C1CCC(CC1)(C(=O)[O-])n2cc(cn2)Br
dude_aldr__L002230,Cc1c(c(on1)C)S(=O)(=O)N2CCO[C@H](C2)C(=O)[O-]
dude_aldr__L002231,Cc1c2=C(CC(=O)N=c2sc1C(=O)[O-])COc3cc(cc(c3)C(F)(F)F)C(F)(F)F
dude_aldr__L002232,c1ccc(cc1)[C@H]2CC[C@H]([C@@H](C2)n3cccn3)C(=O)[O-]
dude_aldr__L002233,c1nc([n-]n1)N2C(=O)[C@@H]3CC=C(C[C@@H]3C2=O)Cl
dude_aldr__L002234,Cc1c2c(n(n1)C)NC3=CC(CC(=O)[C@H]3[C@@H]2c4ccc(cc4)N(C)C)(C)C
dude_aldr__L002235,CCCCN([C@H](C)CC)C(=O)N1CCC[C@H]1C(=O)[O-]
dude_aldr__L002236,CCCc1cc(nc(n1)n2c(cc(n2)C)NC(=O)c3cc(on3)C)[O-]
dude_aldr__L002237,c1cnc(c2c1n(cn2)[C@H]3[C@H](C[C@H](O3)CO)O)N
dude_aldr__L002238,Cc1ccc(o1)[C@H]2C(=C(Nc3n2nc(n3)C)C)C(=O)N
dude_aldr__L002239,C[C@H](C1CC1)NC(=O)C2(CC2)C(=O)[O-]
dude_aldr__L002240,CC(=O)OC[C@@H]1[C@H]([C@H]([C@@H](O1)N2[C@H](N=C3C2=NC(=NC3=O)[NH-])Br)OC(=O)C)OC(=O)C
dude_aldr__L002241,C[C@@H]1CCN([C@@H]2[C@@H]1CCCC2)C(=O)/C=C/C(=O)[O-]
dude_aldr__L002242,Cc1ccc(c(c1)C#CCO)S(=O)(=O)[N-]c2nccs2
dude_aldr__L002243,CCNC(=O)c1ccc(c(c1)C)NC(=O)N2CCC[C@H](C2)C(=O)NC3CC3
dude_aldr__L002244,CCOc1ccc(cc1OCC)/C=C(\C#N)/C(=N/c2nnc(s2)SCc3ccccc3F)/[O-]
dude_aldr__L002245,c1cc2c(cc1[C@H]([C@@H]3CCCOC3)Cl)NC(=O)CC(=O)N2
dude_aldr__L002246,c1cc(c(cc1[N+](=O)[O-])/C=C/2\C(=NC(=S)S2)[O-])SC3CCCCC3
dude_aldr__L002247,Cc1ccc(cc1[N-]S(=O)(=O)c2cc(cnc2)F)S(=O)(=O)C
dude_aldr__L002248,c1cc2c(cc1S(=O)(=O)[N-]c3nc4c(s3)C(=O)CCC4)CCCC2
dude_aldr__L002249,c1cc(ccc1c2nnc3n2CCCC3)NC(=O)c4ccc(o4)Cl
dude_aldr__L002250,CCOC(=O)Cc1csc(n1)[N-]S(=O)(=O)c2c(ccs2)Br
dude_aldr__L002251,CS(=O)(=O)CCS(=O)(=O)N1CCC(CC1)C(=O)[O-]
dude_aldr__L002252,Cn1c2c(nc1Sc3nc([nH]n3)N/N=C/c4cc(ccc4[O-])[N+](=O)[O-])n(c(=O)n(c2=O)C)C
dude_aldr__L002253,Cc1c(cc(cc1[N+](=O)[O-])C(=O)Nc2cc3c(cc2C(=O)[O-])OCCO3)[N+](=O)[O-]
dude_aldr__L002254,C[C@H](C(=O)C)NC(=O)C
dude_aldr__L002255,CCCC[C@@H]1N=C(CN1Cc2ccc(cc2)c3ccccc3c4[n-]nnn4)c5cccc(n5)C(=O)OC
dude_aldr__L002256,Cc1ccc(cc1C)N/C(=N/c2ccccn2)/[S-]
dude_aldr__L002257,C/N=C(/NN)\SC
dude_aldr__L002258,Cc1ccc(cc1)n2c(nnc2[S-])c3cc(cc(c3)OC)OC
dude_aldr__L002259,c1cc(ncc1S(=O)(=O)[N-]c2cnccn2)N
dude_aldr__L002260,c1cnn(c1)Cc2ccc(cc2)[N-]S(=O)(=O)C3CCCCC3
dude_aldr__L002261,[H]/N=C\1/C(=C\c2ccc(c(c2)Cl)OCCOc3ccccc3C)/C(=O)N=C4N1C(=CS4)[CH2-]
dude_aldr__L002262,Cc1c(c(n(n1)c2ccccc2)C)C/C(=N/S(=O)(=O)c3cccs3)/[O-]
dude_aldr__L002263,Cn1c(nnc1SCC(=O)N2CCCC[C@@H]2C(=O)[O-])[C@H]3CCS(=O)(=O)C3
dude_aldr__L002264,c1cc2c(cc1NC(=O)[C@H]3[C@@H]4C=C[C@H]([C@@H]3C(=O)[O-])O4)CCC2
dude_aldr__L002265,CC(=O)Nc1ccc2c(c1)[C@H]3C=CC[C@H]3[C@H](N2)C(=O)[O-]
dude_aldr__L002266,c1cc(cc(c1)S(=O)(=O)/N=C(/CCC2CCCCC2)\[O-])n3cnnn3
dude_aldr__L002267,CC1(O[C@H]2[C@@H](O1)[C@H](O[C@@H]3[C@@H]2OC(O3)(C)C)C(=O)[O-])C
dude_aldr__L002268,OC(=O)Cc3nn(Cc2nc1cc(F)cc(F)c1s2)c(=O)c4CCCCc34
dude_aldr__L002269,Cc1cc(cc(c1)n2c(cc(c2C)/C=C/3\C(=NC(=O)N(C3=O)c4ccc(cc4)Br)[O-])C)C
dude_aldr__L002270,CCCCc1c(c(nc2c1c(c(s2)C#N)N)N)C#N
dude_aldr__L002271,c1cc2c(cc1NC(=O)N3CCC[C@@H]3C4CCCC4)C(=O)NC2=O
dude_aldr__L002272,c1cc(ccc1c2cc(c(nc2)Cl)C(=O)[O-])OC(F)(F)F
dude_aldr__L002273,C[C@H]1CCN(C1)c2ncc(s2)C(=O)[O-]
dude_aldr__L002274,CCC1([C@H]2NC(=C([C@@]1(C(=O)N2)C#N)C#N)Br)CC
dude_aldr__L002275,Cc1nnc(n1/N=C/c2ccc(o2)COc3cccc(c3)Cl)[S-]
dude_aldr__L002276,c1ccc(c(c1)n2cnc3c2N=C(C[C@H]3c4cccc(c4)OCC(=O)N)O)Cl
dude_aldr__L002277,c1cc2c(c(c1)S(=O)(=O)N3CC[C@@H](C3)O)CCNC2
dude_aldr__L002278,Cc1c(sc(n1)N2CCCC2(C)C)C(=O)[O-]
dude_aldr__L002279,CCc1cccc(c1)[N-]S(=O)(=O)c2ccc(s2)c3nnc(o3)C4CCC4
dude_aldr__L002280,CC1(C/C(=N/CCCC[C@H](C(=O)[O-])/N=C/2\CC(=O)CC(C2)(C)C)/CC(=O)C1)C
dude_aldr__L002281,COC(=O)Cc1csc(n1)[N-]S(=O)(=O)[C@@H]2CCS(=O)(=O)C2
dude_aldr__L002282,CCn1c(c(c(n1)C)CNC(=O)N2CCc3c(ccs3)[C@H]2C)C
dude_aldr__L002283,CC[C@@](C)(C(=O)[O-])Sc1ccc2c(c1)CCC2
dude_aldr__L002284,c1cnccc1[C@@H]2C(=C(OC3=C2C(=O)CCC3)N)C#N
dude_aldr__L002285,C1CCc2c(c(c(s2)NC(=O)C(=O)N3CCOCC3)C#N)C1
dude_aldr__L002286,c1cc(ccc1C#N)[N-]S(=O)(=O)c2c(nc3n2ccs3)Cl
dude_aldr__L002287,C[C@@]12CC[C@@](C1(C)C)(CC2=O)C(=O)Nc3c(c4c(s3)CCCC4)C(=O)[O-]
dude_aldr__L002288,c1cc(oc1)c2csc3n2c(c(n3)c4cccs4)CC(=O)[O-]
dude_aldr__L002289,COC(=O)c1c(ccs1)S(=O)(=O)[N-]c2cccc(c2)[N+](=O)[O-]
dude_aldr__L002290,CC(C)c1nc(on1)[C@@H]2CCCN(C2)C(=O)[C@@H]3CCCC[C@@H]3C(=O)[O-]
dude_aldr__L002291,C[C@@H]1CN(c2cc(ccc2S1)S(=O)(=O)[N-]c3ccccc3Cl)C(=O)C
dude_aldr__L002292,c1ccc2c(c1)c(n(c(=S)n2)NC(=O)c3cc4c(s3)CCCCC4)[O-]
dude_aldr__L002293,CN(CCCOC)C(=O)N1CCC[C@@H](C1)C(=O)[O-]
dude_aldr__L002294,Cc1cc(cc(c1)C(=O)N2CCC(CC2)C(=O)[O-])C
dude_aldr__L002295,c1cc(c(cc1[N+](=O)[O-])F)C(=O)N2CCCC[C@H]2C(=O)[O-]
dude_aldr__L002296,c1cc(ccc1/C=N/NC(=O)c2cc(cc(c2)[N+](=O)[O-])[N+](=O)[O-])C(=O)[O-]
dude_aldr__L002297,CC(C)c1nc2cc(ccc2n1[C@@H]3CCS(=O)(=O)C3)N
dude_aldr__L002298,c1ccc2c(c1)c3c([nH]2)CN(CC3)C(=O)[C@@H]4CC=CC[C@@H]4C(=O)NC[C@@H]5CCCO5
dude_aldr__L002299,c1ccc(c(c1)C(=O)N2CCc3c(ccs3)[C@H]2C4CC4)N
dude_aldr__L002300,CC[C@@H](C)NC(=O)c1ccc(cc1)NC(=O)N[C@@H]2CCCc3c2cnn3C
dude_aldr__L002301,Cc1cc(c(c(=O)n1C)C(c2cn(c(=O)[nH]c2=O)[C@H]3C[C@@H]([C@H](O3)CO)O)c4c(cc(n(c4=O)C)C)[O-])[O-]
dude_aldr__L002302,Fc4ccc3c1ccc(F)cc1C2(CC(=O)NS2(=O)=O)c3c4
dude_aldr__L002303,C[C@@H](c1cccc(c1)NC(=O)c2cnn3c2nc(c4c3cccc4)[O-])SC
dude_aldr__L002304,c1ccc2c(c1)CC[C@]2(C(=O)[O-])SCC3CCCC3
dude_aldr__L002305,CNC(=O)N1CCC[C@@H](C1)Cn2cccc2
dude_aldr__L002306,CS(=O)(=O)c1ccccc1S(=O)(=O)[N-]c2ccccc2OC(F)(F)F
dude_aldr__L002307,CC1(CC(=C(C(=O)C1)C2=NC3(CCCCCC3)Cc4c2cccc4)[O-])C
dude_aldr__L002308,c1c(cnc(n1)Cl)S(=O)(=O)NC2(CCCCCC2)C#N
dude_aldr__L002309,C[C@@]1(CCS(=O)(=O)C1)Nc2c(c(ncn2)Cl)N
dude_aldr__L002310,CCCc1cc(cs1)c2nnc(n2c3cccc(c3)C)[S-]
dude_aldr__L002311,CC(=O)O[C@@]1(CC[C@H]2[C@@]1(C[C@@H]([C@@H]3[C@@H]2CCC4=CC(=O)CC[C@]34C)O)C)C(=O)CO
dude_aldr__L002312,Cc1c(c(n(n1)C)N2CCN(CC2)S(=O)(=O)C)N
dude_aldr__L002313,c1ccc2c(c1)CC[C@@H]2NC(=O)C(=O)Nc3ccc4c(c3)OC(O4)(F)F
dude_aldr__L002314,Cc1cc(c(s1)C)S(=O)(=O)/N=C(/C=C(C)C)\[O-]
dude_aldr__L002315,Cc1cccc(c1OCc2ccc(o2)/C=N/n3cnnc3[S-])Cl
dude_aldr__L002316,C[C@@]1(CCCN(C1)C(=O)CCn2cccn2)C(=O)[O-]
dude_aldr__L002317,CCCCOc1cccc(c1)C(=O)NC(=S)Nc2cccc3c2sc(c3Cl)C(=O)NC(C)(C)C
dude_aldr__L002318,c1ccc2c(c1)CCN2c3[nH]c(=O)c4c(ccnc4n3)c5ccncc5
dude_aldr__L002319,CC[C@H](C)[C@H](C(=O)N1CCN([C@@H](C1)C)C(=O)NC2CCCCC2)NC(=O)Nc3ccccc3C
dude_aldr__L002320,Cc1c(sc(n1)[N-]S(=O)(=O)c2cc3c(cc2F)NC(=O)CC3)SC
dude_aldr__L002321,Cc1nnc(o1)S[C@@](C)(CC(C)C)C(=O)[O-]
dude_aldr__L002322,c1cc(c(cc1F)Br)[N-]S(=O)(=O)CCc2ccncc2
dude_aldr__L002323,Cc1ccc(cc1)S(=O)(=O)N[C@@H](CCSC)/C(=N/c2[nH]ncn2)/[O-]
dude_aldr__L002324,Cc1cc(c(o1)C)C(=O)NNC(=O)c2c(ncs2)C
dude_aldr__L002325,c1ccc(c(c1)/C=N/Nc2nc3c(ncnc3n2[C@H]4[C@H]([C@@H]([C@@H](O4)CO)O)O)N)F
dude_aldr__L002326,c1ccc(c(c1)n2cc(cn2)/C(=C(\C#N)/C(=O)N3CCCCC3)/[O-])Cl
dude_aldr__L002327,Cc1cc(c(c(c1)C)N2C(=O)C(=Cc3ccc[nH]3)C(=NC2=O)[O-])C
dude_aldr__L002328,Cc1ccc(cc1Cl)S(=O)(=O)[N-]c2nc(cs2)CC(=O)OC
dude_aldr__L002329,c1cc(c(cc1NC(=O)C(=O)NC[C@@H]2CCCO2)NC(=O)C3CCCCC3)F
dude_aldr__L002330,CC(C)CCSC1=NC(=O)[C@H]2[C@@H](C3=C(CCCC3=NC2=N1)[O-])c4ccncc4
dude_aldr__L002331,c1cc(ccc1N2C[C@@]34C=C[C@@H](O3)[C@@H]([C@H]4C2=O)C(=O)[O-])Br
dude_aldr__L002332,c1ccc(c(c1)/N=C/2\[C@@H](C(=O)c3c([n-]c(n3)c4ccccn4)C2=O)Cl)F
dude_aldr__L002333,CCC[C@]1(CCCN(C1)S(=O)(=O)C2CCCCC2)C(=O)[O-]
dude_aldr__L002334,c1csc2c1[C@H](CCC2)Nc3cc(cc(n3)Cl)C(=O)[O-]
dude_aldr__L002335,CCS(=O)(=O)c1ccc(cc1)S(=O)(=O)[N-]c2ccc3c(c2)sc(n3)C
dude_aldr__L002336,c1ccn2c(c1)nc(c2S(=O)(=O)[N-]c3ccc(cn3)Cl)Cl
dude_aldr__L002337,CC(=O)Nc1ccc(cc1)S(=O)(=O)[N-]/[NH+]=C/c2cc(ccc2[O-])Cl
dude_aldr__L002338,c1cc(cc(c1)n2cc(cn2)Br)C(=O)[O-]
dude_aldr__L002339,Cc1cccc(c1)CN(C[C@@H]2CCCO2)C(=O)/C=C/C(=O)[O-]
dude_aldr__L002340,c1cc(sc1)c2nnc(n2C[C@@H]3CCCO3)[S-]
dude_aldr__L002341,c1cc(sc1S(=O)(=O)[N-]c2c(c3c(s2)CCCC3)C#N)Br
dude_aldr__L002342,c1cc(c(cc1S(=O)(=O)[N-]c2cc(c(c(c2)F)F)F)N)F
dude_aldr__L002343,c1ccc(cc1)C2(CC2)/C(=N/S(=O)(=O)c3ccc(s3)Cl)/[O-]
dude_aldr__L002344,CC1=C([C@H](/C(=C(\[O-])/OCCOC)/C(=N1)C)c2cccnc2)[N+](=O)[O-]
dude_aldr__L002345,c1c(cn(n1)CC(=O)[O-])NS(=O)(=O)[C@@H]2CCS(=O)(=O)C2
dude_aldr__L002346,CCCCCOc1ccc(cc1)[C@H]2C(=C(C(=O)N2Cc3ccco3)[O-])C(=O)c4cc5cccc(c5o4)OC
dude_aldr__L002347,c1cc(sc1/C=C/C(=O)[O-])C(=O)N2CCc3c(ccs3)C2
dude_aldr__L002348,CN1CCCc2c1ccc(c2)CNC(=O)c3cccc(c3)NC(=O)[C@@H]4CCCO4
dude_aldr__L002349,CC(C)N(CC(=O)[O-])C(=O)N1CCCN(CC1)C(=O)C
dude_aldr__L002350,Cc1ccc(c(c1)Cl)NC(=O)[C@@H]2[C@H](C3=C(O2)CCC4=CN=N[C@@H]43)C
dude_aldr__L002351,C1CCN(CC1)C(=O)c2c3c(sc2NC(=O)CCCC(=O)[O-])CCCC3
dude_aldr__L002352,CCCc1nnc(n1[C@@]2(CCS(=O)(=O)C2)C)SCC(=O)[O-]
dude_aldr__L002353,CCc1c(sc(n1)N2CCC3(CCCCC3)CC2)C(=O)[O-]
dude_aldr__L002354,Cc1ccccc1SCC(=O)N2C[C@H](C[C@H]2C(=O)[O-])OC
dude_aldr__L002355,CC[C@H](C)N(C)C(=O)c1ccc(cc1)S(=O)(=O)[N-]c2ccccc2Cl
dude_aldr__L002356,CC1CCC(CC1)N2C[C@@H](CC2=O)/C(=C(\C#N)/C(=O)CC(C)C)/[O-]
dude_aldr__L002357,Cc1cc(n(n1)c2ccc3cccc(c3n2)[N-]S(=O)(=O)C)C
dude_aldr__L002358,c1cc(cc(c1)N2CCCS2(=O)=O)C(=O)Nc3nc([n-]n3)C(F)(F)F
dude_aldr__L002359,Cc1ccc(cc1)n2c3c(cn2)c(nc(n3)SC)[O-]
dude_aldr__L002360,Cn1cnc2c1c(=O)n(c(=O)n2C)CCc3[n-]nnn3
dude_aldr__L002361,C[C@H]1C[C@@H]1C(=O)Nc2c(cc(cc2Cl)Cl)C(=O)[O-]
dude_aldr__L002362,Cc1ccc(cc1)n2c(c(c(n2)C)/C=N/NC(=O)c3c(c(c(c(n3)Cl)Cl)N)Cl)Cl
dude_aldr__L002363,CC(C)N(Cc1cc(n2c(n1)ncn2)[O-])CC(=O)OC
dude_aldr__L002364,CC[C@H](C)SC1=NC(=O)[C@@H]2[C@@H](C3=C(CC(CC3=NC2=N1)(C)C)[O-])c4ccc(cc4)C#N
dude_aldr__L002365,CS(=O)(=O)[N-]c1ccc(cc1)OC(=O)Cn2ccc(n2)[N+](=O)[O-]
dude_aldr__L002366,C[C@@H](C(=O)NC1CCCCCCC1)N2C(=O)[C@@H]3CC=CC[C@@H]3C2=O
dude_aldr__L002367,c1ccc(cc1)c2cc(nc(n2)SCCN3CCOCC3)[O-]
dude_aldr__L002368,CC(C)(C)c1ccc(cc1)[C@@H]2[C@@H](CC(=O)N2C)C(=O)[O-]
dude_aldr__L002369,c1ccc2c(c1)CCC[C@@]2(C(=O)[O-])Oc3cccc(c3)Cl
dude_aldr__L002370,Cn1cc(cc1C(=O)N2[C@@H]3CCCC[C@@H]3C[C@@H]2C(=O)[O-])Cl
dude_aldr__L002371,CCN(CC)c1ccc(cc1)/C=C/2\C(=NC(=S)N(C2=O)c3ccccc3F)[O-]
dude_aldr__L002372,CC(C)S(=O)(=O)/N=C(/c1cc(sc1Cl)Cl)\[O-]
dude_aldr__L002373,CNC(=O)[C@@H]1CCCC[C@@H]1C(=O)[O-]
dude_aldr__L002374,Cc1ccc(cc1NC(=O)c2cc(cnc2)Br)C(=O)NC3CC3
dude_aldr__L002375,c1ccc(cc1)n2cnnc2S[C@@H]3CCc4ccccc4N=C3O
dude_aldr__L002376,Cc1ccccc1OCCCn2cc(c3c2cccc3)/C=C\4/C(=O)N(C(=N4)[S-])c5ccccc5
dude_aldr__L002377,c1ccc(cc1)C(=O)[C@@H](C#N)c2nc(c3c4c(sc3n2)CCCC4)[O-]
dude_aldr__L002378,CC1CCN(CC1)c2ccc(cc2NC(=O)C)[N+](=O)[O-]
dude_aldr__L002379,CN1[C@H]2C(=NC(=N2)N3CCC[C@@H](C3)C(=O)[O-])C(=O)N(C1=O)C
dude_aldr__L002380,c1ccc(cc1)C2(CCC2)c3nc(on3)[C@@H]4C[C@@H]4C(=O)[O-]
dude_aldr__L002381,Cc1cc(n(n1)c2ccccc2[N-]S(=O)(=O)c3cccc(c3)OC(F)(F)F)C
dude_aldr__L002382,c1cc(c(=O)[nH]c1)C(=O)N2CSC[C@@H]2C(=O)[O-]
dude_aldr__L002383,c1cc2c(cc1S(=O)(=O)N3CCC(CC3)C#N)oc(n2)[O-]
dude_aldr__L002384,Cc1ccc(cc1)[C@@H]2C(=C(N=C3N2C(=CS3)/C=C(/N4CCC(CC4)C)\[O-])C)C(=O)OC(C)C
dude_aldr__L002385,CC[C@@H](C)NC(=O)c1ccc(c(c1)C)NC(=O)N2CCC[C@H](C2)C(=O)NCC
dude_aldr__L002386,CC1=Nc2ccccc2N=C3C1=C(CCC3)[O-]
dude_aldr__L002387,CC[C@@]1(CCCN(C1)S(=O)(=O)N2CCCC[C@@H]2C)C(=O)[O-]
dude_aldr__L002388,CC1CCN(CC1)C(=O)NC[C@H]2CCOC2
dude_aldr__L002389,C1CC[C@@H]2[C@H](C1)C[C@@H](N2S(=O)(=O)N3CCCC3)C(=O)[O-]
dude_aldr__L002390,c1c(cc(cc1C(=O)[O-])NC(=O)CSc2nnc(o2)[C@@H]3CCS(=O)(=O)C3)C(=O)[O-]
dude_aldr__L002391,COc1ccc(cc1)c2c(c(nc(n2)SC[C@@H]3CCCCO3)[O-])C#N
dude_aldr__L002392,Cc1ccc(cc1[N+](=O)[O-])S(=O)(=O)[N-]c2cc(c(c(c2)F)OC)F
dude_aldr__L002393,CC1(CCN(CC1)S(=O)(=O)N2CCCC[C@H]2C(=O)[O-])C
dude_aldr__L002394,Cc1ccccc1NC(=O)C2=C(N=C([N-][C@@H]2c3ccc(o3)C)SC)C
dude_aldr__L002395,CC1=N[C@@H]2C(=N1)C(=CC(=N2)c3ccc(cc3)SC)C(=O)[O-]
dude_aldr__L002396,Cc1c2c(nc(nc2sc1C(=O)Nc3cccc(c3)c4nnco4)C)C
dude_aldr__L002397,c1ccc2c(c1)c3c([nH]2)[C@H](N4[C@H](C3)C(=O)N(CC4=O)CCCO)c5cccc(c5)Cl
dude_aldr__L002398,c1cc(sc1)[C@H]2C=C(Nc3n2nnn3)C(=O)[O-]
dude_aldr__L002399,CCCC1CCN(CC1)C(=O)N2CC[C@@](C2)(C)C(=O)[O-]
dude_aldr__L002400,c1cc(ccc1c2nnc(n2CCC(=O)N3CCC[C@@H]4[C@@H]3CCCC4)[S-])F
dude_aldr__L002401,C[C@H]1CC[C@H](N(CC1)S(=O)(=O)c2cccc(c2)C(=O)[O-])c3cccn3C
dude_aldr__L002402,c1cc(c(nc1)Oc2ccc(cc2)c3nnc4n3CCCCC4)C(=O)[O-]
dude_aldr__L002403,c1cc(c(cc1c2ccc(cn2)C(=O)[O-])C#N)Cl
dude_aldr__L002404,Cn1ccnc1S[C@@H]2CCCCC[C@H]2C(=O)[O-]
dude_aldr__L002405,c1cc2cccnc2c(c1)S(=O)(=O)[N-]c3cccc(c3)N4CCCC4=O
dude_aldr__L002406,Cc1cc(c(n1c2cccnc2)C)/C(=N/S(=O)(=O)N(C)C)/[O-]
dude_aldr__L002407,C[C@H](c1cccc(c1)[N-]S(=O)(=O)c2ccccc2OC(F)F)SC
dude_aldr__L002408,CCCSc1[n-]s/c(=N/C(=O)CN2CCN(CC2)c3ccccc3F)/n1
dude_aldr__L002409,c1cc(cc(c1)Cl)/C=C(\C#N)/C(=N/c2nnc(s2)SCc3ccc(cc3)Cl)/[O-]
dude_aldr__L002410,CC1(CCN(CC1)S(=O)(=O)CCOC)C(=O)[O-]
dude_aldr__L002411,c1cc(c(cc1S(=O)(=O)[N-]c2nccs2)C(F)(F)F)F
dude_aldr__L002412,c1cc2c(cc1Cl)c(nc(n2)/C(=C/c3ccc(o3)c4cc(ccc4Cl)Cl)/C#N)[O-]
dude_aldr__L002413,CC1=C2C(=NC(=NC2=O)CSc3nnnn3CC(C)C)S[C@@H]1C(=O)[O-]
dude_aldr__L002414,CSC1=NC(=O)[C@H]2[C@@H](C3=C(CCCC3=NC2=N1)[O-])c4cccs4
dude_aldr__L002415,CN(c1ccccc1OC)C(=O)/C=C/c2ccc(cc2)[N-]S(=O)(=O)C
dude_aldr__L002416,CCc1cc(sc1C)C(=O)N2CCc3cc(c(cc3[C@@H]2CC(=O)[O-])OC)OC
dude_aldr__L002417,CCS(=O)(=O)N1CCC(CC1)Nc2nc3c(n2C)c(=O)[nH]c(=O)n3C
dude_aldr__L002418,CC(C)c1ccc(cc1)C2=C3C(=NC(=NC3=O)SCc4cccc(c4)C(=O)[O-])SC2
dude_aldr__L002419,CC1(CCN(CC1)C(=O)[C@@H]2C[C@H]3CC[C@@H]2C3)C(=O)[O-]
dude_aldr__L002420,C=CCc1cc(ccc1OCC#N)/C=C/2\C(=NC(=S)N(C2=O)c3ccccc3F)[O-]
dude_aldr__L002421,Cc1cccc(c1n2c3c(cn2)c(ncn3)[S-])C
dude_aldr__L002422,C[C@@H](C(=O)NC1CCCC1)N2CCO[C@@H](C2)C(=O)[O-]
dude_aldr__L002423,CCC1(CCN(CC1)C(=O)N2CCC[C@@H](C2)C(=O)[O-])CC
dude_aldr__L002424,C1[C@H](C=CS1(=O)=O)NC(=O)N[C@H]2CS(=O)(=O)C=C2
dude_aldr__L002425,C[C@H](c1ccccc1)N2C(=O)/C(=C\c3cn(c4c3cccc4)Cc5cccc(c5)OC)/N=C2[S-]
dude_aldr__L002426,COc1ccc(cc1N2CCCC2=O)NC(=O)N[C@@H]3CCC[C@@H](C3)C(F)(F)F
dude_aldr__L002427,C[C@@]12CCC[C@@]([C@@H]1CCC(=C)[C@@H]2CCC3=C[C@@H](OC3=O)O)(C)C(=O)[O-]
dude_aldr__L002428,Cc1c(cn[nH]1)S(=O)(=O)[N-]c2cc(ccc2OC)[N+](=O)[O-]
dude_aldr__L002429,C[C@@H]1CCC[C@H](C1)Sc2c(nccn2)C(=O)[O-]
dude_aldr__L002430,Cc1cc(c(cc1Cl)Cl)S(=O)(=O)[N-]c2ccc3c(c2)CCCN3C(=O)c4ccccc4
dude_aldr__L002431,C1CCC(CC1)c2nc(on2)[C@H]3CCCC[C@H]3C(=O)[O-]
dude_aldr__L002432,CC1(Cc2c(c(=S)n(c(c2C#N)N)c3ccc(cc3)OC)CO1)C
dude_aldr__L002433,Cc1nc(no1)C2(CCCCC2)NC(=O)[C@@]3(CC3(Cl)Cl)C
dude_aldr__L002434,CN(Cc1ccccc1)S(=O)(=O)/N=C(/c2csc(n2)c3cccs3)\[O-]
dude_aldr__L002435,C1CCC(CC1)(/C(=N\O)/N)C(=O)N2CC[C@@H](C2)O
dude_aldr__L002436,Cc1ccc(c(c1)C)[N-]S(=O)(=O)C2=C(S[C@H](C2)[C@@H]3C(=C(N=N3)C)C)C
dude_aldr__L002437,C=CCSC1=NC(=O)[C@@H]2[C@H](C3=C(CCCC3=NC2=N1)[O-])c4cccnc4
dude_aldr__L002438,Cc1nc2c(c3c(s2)CCCC3)c(n1)SCC(=O)N[C@H](Cc4ccccc4)C(=O)[O-]
dude_aldr__L002439,C[C@H]1CCC[C@@H]([C@@H]1C)NC(=O)NCc2ccccc2[N-]S(=O)(=O)C
dude_aldr__L002440,C[C@H]1C2=C(C[C@H](CC2=O)c3ccccc3)N=C1C(=O)[O-]
dude_aldr__L002441,CCN([C@@H](C)CC(=O)[O-])C(=O)N(C)[C@@H](C)CC#N
dude_aldr__L002442,CCc1ccccc1[N-]S(=O)(=O)c2cc(oc2C)[C@@H]3C=CN=N3
dude_aldr__L002443,c1ccc(c(c1)[N-]S(=O)(=O)c2cccc(c2)F)n3cncn3
dude_aldr__L002444,C[C@@H]1CCCN(C1)c2c3ccccc3ncc2C#N
dude_aldr__L002445,Cc1c(nnn1Cc2cc(sc2)Br)C(=O)[O-]
dude_aldr__L002446,COc1ccccc1/C=C/C=N/N2[C@@H](NN=C2[S-])[C@H]3C4=C(CCC4)N=N3
dude_aldr__L002447,c1cc2cccc-3c2c(c1)-c4c3[n+](c(n4[O-])c5ccc6c(c5)OCO6)[O-]
dude_aldr__L002448,c1ccc2c(c1)CCC[C@@H]2NC(=O)C(=O)Nc3c(c4c(s3)CCCC4)C#N
dude_aldr__L002449,c1cnc(c(n1)/C(=N\O)/N)N2CCC3(CCCCC3)CC2
dude_aldr__L002450,c1ccc(cc1)CNc2c3c(ncn2)n(cn3)[C@@H]4[C@@H]([C@@H]([C@@H]([C@@H](O4)CO)O)O)O
dude_aldr__L002451,c1ccc(c(c1)N2C[C@@H](CC2=O)/C(=N/c3[nH]ncn3)/[O-])Br
dude_aldr__L002452,CC1=C[C@H](N=N1)C(=O)N[C@H]2CC(C[C@@H]3C2=CNN3c4ccccc4)(C)C
dude_aldr__L002453,CCN(C(C)C)C(=O)N1CCc2c(ccs2)[C@H]1C(=O)[O-]
dude_aldr__L002454,Cn1c(c2ccc(cc2nc1=S)C(=O)NCCC(=O)N3CCCCC3)[O-]
dude_aldr__L002455,C[C@H]1CC=Cc2n1cc(n2)CSc3nccc(n3)[O-]
dude_aldr__L002456,CO[P@@]1(=O)NN2CCc3cc(c(cc3[C@@H]2CO1)Br)O
dude_aldr__L002457,Cc1nnc(s1)S[C@@]2(C[C@@H](CC[C@@H]2C(C)C)C)C(=O)[O-]
dude_aldr__L002458,C[C@H]1CCC[C@@H](C1)NC(=O)c2ccc3c(c2)nc(=S)n(c3[O-])C
dude_aldr__L002459,Cc1cc(ccc1S(=O)(=O)N2CCC[C@H]2C(=O)[O-])[N+](=O)[O-]
dude_aldr__L002460,C[C@@H](c1cccc(c1)[N-]S(=O)(=O)C)NC(=O)c2cccc(c2)n3cccc3
dude_aldr__L002461,c1ccc2c(c1)CCC[C@@H]2NS(=O)(=O)c3ccccc3[N+](=O)[O-]
dude_aldr__L002462,CCn1c(c2ccc(cc2nc1=S)C(=O)N[C@@H](C)c3ccc(c(c3)F)F)[O-]
dude_aldr__L002463,OC(=O)Cn1c(=O)c3cccc2cccc1c23
dude_aldr__L002464,CC(C)c1c(c(n[nH]1)C(=O)N2CCC[C@@H]2C(=O)NC)N
dude_aldr__L002465,CCCSc1nnc(s1)/N=C(/C(=C/c2ccc(o2)c3ccc(cc3)Br)/C#N)\[O-]
dude_aldr__L002466,Cc1c(cc(cc1Cl)S(=O)(=O)/N=C(/COC)\[O-])[N+](=O)[O-]
dude_aldr__L002467,C[C@@H](c1ccccc1[N-]S(=O)(=O)C)NC(=O)/C=C/c2ccc3c(c2)CCO3
dude_aldr__L002468,Cc1cc(cc(c1)[N-]S(=O)(=O)[C@H]2CC[C@@H](S2)[C@@H]3C=CN=N3)C
dude_aldr__L002469,C1CN(CC(=O)N1)C(=O)N2CSC[C@H]2C(=O)[O-]
dude_aldr__L002470,CC(C)(C)c1ccc(cc1)NC(=O)C(=O)NCc2ccc([nH+]c2)N3CCCCC3
dude_aldr__L002471,COc1cccc(c1OC(F)F)/C=C/C(=N/S(=O)(=O)c2cccs2)/[O-]
dude_aldr__L002472,C1CCC(CC1)c2nc(on2)[C@H]3CC=CC[C@H]3C(=O)[O-]
dude_aldr__L002473,C[C@@H]1CCc2c(csc2C1)C(=O)N3CCCC[C@@H]3C(=O)[O-]
dude_aldr__L002474,CC1(O[C@H]2[C@H]([C@@H](O[C@@H]2O1)[C@@H](C(=O)[O-])O)O)C
dude_aldr__L002475,Cc1ccc(c(c1)Br)O[C@H]2CCC[C@@H]2C(=O)[O-]
dude_aldr__L002476,COc1ccc(cc1Cl)NC(=O)c2cc(ccc2[N-]S(=O)(=O)C)F
dude_aldr__L002477,Cc1cc(c(cc1CSCC(=O)N2CCC[C@H](C2)C(=O)[O-])OC)OC
dude_aldr__L002478,c1cc(c(cc1[N+](=O)[O-])Br)N2CCC[C@@H](C2)C(=O)[O-]
dude_aldr__L002479,CCc1ccc(cc1)N2C(=O)/C(=C\c3ccc(o3)N4CCOCC4)/C(=NC2=S)[O-]
dude_aldr__L002480,c1cc(oc1)/C(=C(/C#N)\C(=O)c2ccc(cc2)N3CCCCC3=O)/[O-]
dude_aldr__L002481,CN1C(=C(c2c(cc(s2)C(F)(F)F)S1(=O)=O)[O-])C(=O)OC
dude_aldr__L002482,CNC(=O)c1ccc(c(c1)NC2CCS(=O)(=O)CC2)Cl
dude_aldr__L002483,COc1ccc(cc1)c2cnoc2[N-]S(=O)(=O)c3cccs3
dude_aldr__L002484,c1ccc(cc1)/C=C/S(=O)(=O)/N=C(/CCc2ccccc2OC(F)(F)F)\[O-]
dude_aldr__L002485,C[C@H]1CCCN(C1)C(=O)N[C@H](C2CC2)C(=O)[O-]
dude_aldr__L002486,CC(C)(C)OC(=O)N(C)C[C@H]1CCCN(C1)/C(=N/c2nncs2)/[O-]
dude_aldr__L002487,COc1ccccc1/C=C(\C#N)/C(=N/c2nnc(s2)SCc3ccccc3F)/[O-]
dude_aldr__L002488,c1cc(oc1)[C@@H]2[C@]3([C@@]2(C4(N=C3N)OCCO4)C#N)C#N
dude_aldr__L002489,COc1cccc(c1OC)[C@@H]2CC(=O)Nc3c2n(cc3C(=O)[O-])c4ccc(cc4)F
dude_aldr__L002490,CN(C)N1C2=C([C@@H](C(=C1N)C#N)c3cccnc3)C(=O)CCC2
dude_aldr__L002491,Cc1c(sc(n1)[C@H](C)C(=O)Nc2ccc(cc2)Br)C(=O)[O-]
dude_aldr__L002492,Cc1cc(cs1)C(=O)Nn2c(=O)c3cc(sc3[nH]c2=S)C
dude_aldr__L002493,c1nc(c(o1)[C@@H]2C[C@H]3CC[C@@H]2C3)C(=O)[O-]
dude_aldr__L002494,c1cc(sc1C(=O)N2[C@@H]3CCCC[C@@H]3C[C@@H]2C(=O)[O-])Cl
dude_aldr__L002495,CC(C)(C)CC(=O)NC1(CCCC1)C(=O)[O-]
dude_aldr__L002496,Cc1c(c(c(c(c1Br)O)Br)O)C(=O)[O-]
dude_aldr__L002497,Cc1ccc(cc1[N-]S(=O)(=O)c2ccc(cc2)n3c(ccc3C)C)Cl
dude_aldr__L002498,Cn1c(ccn1)/C=C/C(=O)Nc2ccc(cc2C(=O)[O-])Br
dude_aldr__L002499,Cc1cccc(c1S(=O)(=O)N[C@@H]2CCCC[C@@H]2C)N
dude_aldr__L002500,CCCS(=O)(=O)[N-]c1cccc(c1C)NC(=O)c2ccc(cc2)F
dude_aldr__L002501,CC[C@@H](C)SC1=NC(=O)[C@H]2[C@@H](C3=C(CCCC3=NC2=N1)[O-])c4ccc(c(c4)Cl)Cl
dude_aldr__L002502,OC(=O)Cc4nn(Cc2nc1ccccc1s2)c(=O)c5cc3ccccc3cc45
dude_aldr__L002503,Cc1ccc(c(c1)NC(=O)CS[C@@H]2N=N[C@@H](O2)[C@H](Cc3c[nH]c4c3cccc4)NC(=O)OC(C)(C)C)C
dude_aldr__L002504,C1C[C@@H](COC1)C(=O)N2CCC(CC2)CCC(=O)[O-]
dude_aldr__L002505,C[C@@H](c1ccc(cc1Cl)Cl)Nc2nnc(s2)[S-]
dude_aldr__L002506,OC(=O)Cc3nn(Cc2cc1cc(Cl)ccc1o2)c(=O)c4ccccc34
dude_aldr__L002507,CN(c1ccc(cc1[N+](=O)[O-])S(=O)(=O)N2CCC(CC2)C(=O)[O-])OC
dude_aldr__L002508,c1cc(c(cc1N)C(=O)[O-])n2c(nnn2)C3CCCC3
dude_aldr__L002509,CCO[P@]1(=O)NN2C[C@@H]3C=C(C(=O)C[C@@H]3C[C@@H]2CO1)O
dude_aldr__L002510,CCn1c(ncn1)[C@@H]2CC(=O)Nc3c2cc4c(c3)Nc5ccccc5CC4
dude_aldr__L002511,CC(C)N(CC(=O)OC)S(=O)(=O)N1CCC[C@@H](C1)C(=O)[O-]
dude_aldr__L002512,Cc1cccc(c1)NS(=O)(=O)c2cccc(c2)C(=O)N[C@H]3CCCNC3=O
dude_aldr__L002513,COc1cccc(c1)CNC(=O)CCn2c(nnc2[S-])c3cccs3
dude_aldr__L002514,Cc1cccc(c1COc2ccc(o2)/C=N/Nc3[nH]nc(n3)SC/C(=N/c4[nH]ncn4)/[O-])Cl
dude_aldr__L002515,c1c(cn[nH]1)C(=O)N2CCCC[C@H]2C(=O)[O-]
dude_aldr__L002516,CCC1CCN(CC1)S(=O)(=O)[C@H](C)C(=O)[O-]
dude_aldr__L002517,Cc1c(c(=O)c(c(n1[O-])C)Br)c2ccc(cc2)Oc3ccc(cc3)Cl
dude_aldr__L002518,c1cc(ccc1[C@H](C(=O)N2CCOCC2)SCC(=O)[O-])Br
dude_aldr__L002519,Cc1ccccc1OCc2nnc(n2c3cc(cc(c3)C(F)(F)F)C(F)(F)F)[S-]
dude_aldr__L002520,Cc1ccc(s1)[C@H]2NC(=NO2)c3cccc(c3)c4ccn[nH]4
dude_aldr__L002521,CC(C)c1cccc(c1)[N-]S(=O)(=O)c2cc(cs2)c3ccc(=O)n(n3)C
dude_aldr__L002522,CC1=C(C(=O)c2ccccc2C1=O)[C@H](c3ccc(cc3)OC)c4ccc(cc(=O)c4[O-])C(C)C
dude_aldr__L002523,C[C@]1(CC[C@@H]2C(=CC[C@H]3[C@]2(CCC[C@@]3(C)C(=O)N)C)C1)CCO[C@@H]4[C@H]([C@H]([C@@H]([C@H](O4)CO)O)O)O
dude_aldr__L002524,CC(C)[C@H](C(=O)OC)/N=C/C1=C(CC2(CCCCC2)CC1=O)[O-]
dude_aldr__L002525,c1c(cnc(n1)N2CCC[C@@H](C2)C(=O)[O-])Br
dude_aldr__L002526,Cc1ccc(cc1)c2[n-]n3c(=O)cc(nc3n2)CNc4ccccc4OC
dude_aldr__L002527,C[C@@H]1C[C@H]1c2ccc(o2)/C=C/C(=O)N3CSC[C@H]3C(=O)[O-]
dude_aldr__L002528,CS(=O)(=O)N1CCN(CC1)C(=O)Cn2ccc(n2)C(=O)[O-]
dude_aldr__L002529,CCc1c(c(nn1c2ccc(cc2)Cl)c3cccnc3)C(=O)[O-]
dude_aldr__L002530,CC(C)S(=O)(=O)/N=C(/CSc1ccccc1Cl)\[O-]
dude_aldr__L002531,CN(Cc1cc(ccc1OC)Cl)c2ccc(cc2[N+](=O)[O-])S(=O)(=O)N3CCC(CC3)C(=O)[O-]
dude_aldr__L002532,C[C@H]1CCCN(C1)C(=O)c2cn(nc2C(=O)[O-])C
dude_aldr__L002533,CS(=O)(=O)[N-]c1cc(cnc1)C(=O)NC2CCCC2
dude_aldr__L002534,C1COCCC1c2nnc(o2)SCC(=O)[O-]
dude_aldr__L002535,Cc1c(c(=O)[nH]c(n1)C(C)C)C(=O)N2CCC(=O)NCC2
dude_aldr__L002536,Clc3cc2SCCC1(NC(=O)NC1=O)c2cc3Cl
dude_aldr__L002537,COC(=O)CS(=O)(=O)CC(=O)N1CCC(CC1)C(=O)[O-]
dude_aldr__L002538,Cc1cc(ccc1NC(=O)c2ccc(s2)Cl)C(=O)[O-]
dude_aldr__L002539,Cn1c(c2ccc(cc2nc1=S)C(=O)NCCC3CCCCC3)[O-]
dude_aldr__L002540,C[NH2+]Cc1c(nc2n1cccc2)N3CCO[C@@H]4[C@@H]3CCC4
dude_aldr__L002541,CC(C)[C@@H](C(=O)N[C@@H](C(C)C)C(=O)[O-])NC(=O)[C@H]1[C@@H]2[C@H]([C@@H]3[C@H](O1)OC(O3)(C)C)OC(O2)(C)C
dude_aldr__L002542,c1cc(ccc1c2nc3c(s2)CCC3)C(=O)[O-]
dude_aldr__L002543,CC[C@@H](C)Oc1cccc(c1)[N-]S(=O)(=O)c2cccc(c2)S(=O)(=O)C
dude_aldr__L002544,Cc1cccc(c1)c2nnc(n2CC(=O)Oc3ccc(cc3Cl)Cl)[S-]
dude_aldr__L002545,C[C@@H]1CCc2c(sc(c2C(=O)N)NC(=O)C=C(C)C)C1
dude_aldr__L002546,c1cc2c(cc1c3c(sc4n3ccn4)C(=O)[O-])OCO2
dude_aldr__L002547,CCc1nc2c(c3c(s2)CC[C@H]3C(=O)[O-])c(=O)n1CC(=C)C
dude_aldr__L002548,C[C@H]1Cc2c(c3ccccc3nc2/C(=C\c4[nH]ccn4)/C1)C(=O)[O-]
dude_aldr__L002549,CCN(C(=O)N(C)CC1CCCCC1)C(C)(C)C(=O)[O-]
dude_aldr__L002550,COc1ccc(cc1)[C@H]2CC(=NN2/C(=C/SC3CCCCC3)/[O-])c4ccc(cc4)OC
dude_aldr__L002551,Cc1cc(cc(c1C)S(=O)(=O)N2CCC[C@H](C2)C)N
dude_aldr__L002552,Cc1ccc(cc1)S(=O)(=O)N(C)c2cc(c(cc2C)C)[S@@](=O)[O-]
dude_aldr__L002553,CC(C)[C@@H](/C(=N/S(=O)(=O)C[C@@H]1CCCCO1)/[O-])Sc2ccccc2
dude_aldr__L002554,CCc1ccccc1[C@@H]2N[C@@H]3C(=N2)C=NN3C
dude_aldr__L002555,C=CC1=C(N2[C@H]([C@@H](C2=O)NC(=O)/C(=N\OCC(=O)[O-])/c3csc(n3)N)SC1)C(=O)[O-]
dude_aldr__L002556,C[C@](c1cccnc1)(C(=O)[O-])Sc2c(cccc2Cl)Cl
dude_aldr__L002557,CC(=C/c1ccccc1)\C=c2\sc(=S)n(CC(O)=O)c2=O
dude_aldr__L002558,Cc1c(nnc(c1C(=S)N)N2CCC[C@H]([C@@H]2C)C)C
dude_aldr__L002559,Cc1ccc(c(c1)C(=O)[O-])N[C@H](C)c2ccc(s2)C
dude_aldr__L002560,C[C@@H](/C(=C(\C#N)/C(=O)Nc1ccc(c(c1)Cl)F)/[O-])Sc2nncn2C
dude_aldr__L002561,CSc1cccc(c1)NC(=O)[C@@H]2C[C@@H]2C(=O)[O-]
dude_aldr__L002562,CC[C@]1(CCCN(C1)C(=O)N2CCC[C@H]([C@@H]2C)C)C(=O)[O-]
dude_aldr__L002563,CC(C)c1ccc(cc1)[C@@H]2[C@@H](C(=NC(=O)N2)[O-])C#N
dude_aldr__L002564,C[NH+]1CCC[C@H](C1)NC(=O)N2CSC[C@H]2C(=O)[O-]
dude_aldr__L002565,CC(C)[C@H](/C(=N/S(=O)(=O)c1ccccc1)/[O-])SCc2ccccc2
dude_aldr__L002566,Cc1c(ccc2c1n[nH]c2C(=O)[O-])Br
dude_aldr__L002567,C[C@H](/C(=N/S(=O)(=O)c1ccc(s1)Cl)/[O-])Oc2cccc(c2)C(=O)C
dude_aldr__L002568,CC[C@H]1CCCN1S(=O)(=O)c2cc(c(cc2Cl)Cl)C(=O)[O-]
dude_aldr__L002569,C[C@@H](c1ccc(cc1)Br)n2c(nnn2)SCC(=O)[O-]
dude_aldr__L002570,Cc1cccc(c1)O[C@H](C)C(=O)N2[C@H]3CCCC[C@H]3C[C@H]2C(=O)[O-]
dude_aldr__L002571,Cc1ccc(cc1)C(=O)C2=C(C(=O)N([C@@H]2c3ccc(o3)C)C[C@@H]4CCCO4)[O-]
dude_aldr__L002572,c1cc(ccc1[C@H]2C=C([N-]c3n2ncn3)c4ccc(cc4)Br)[N+](=O)[O-]
dude_aldr__L002573,Cc1c(c(=O)n(c(c1C(=O)[C@@H]2[C@@H](C2(C)C)C=C(Cl)Cl)[O-])C)C#N
dude_aldr__L002574,Cc1cc(c(cc1C)I)[N+](=O)[O-]
dude_aldr__L002575,CC[C@@H](C)N(C)C(=O)c1cccc(c1)S(=O)(=O)[N-]c2ccccc2Cl
dude_aldr__L002576,c1cc2c(cc1[N+](=O)[O-])[C@H]3c4c(nc(s4)[S-])SC[C@@H]3CO2
dude_aldr__L002577,c1ccc2c(c1)C[C@@H]([C@@H]2Nc3c4ccccc4ncn3)O
dude_aldr__L002578,c1cc(cc(c1)N2CCCS2(=O)=O)Nc3ncccn3
dude_aldr__L002579,COc1cccc2c1nc(cc2)/C=C\3/C(=O)N=C(S3)[N-]c4cccnc4
dude_aldr__L002580,CC(=O)Oc1ccc(cc1)[C@H]2[C@@H]3CC=C[C@H]3c4cccc(c4N2)C(=O)[O-]
dude_aldr__L002581,CCCCOc1ccc(cc1)C(=O)C2=C(C(=O)N([C@@H]2c3ccc(cc3)C)c4nnc(s4)SCC)[O-]
dude_aldr__L002582,Cc1ccc(s1)[C@H]([C@@H](C)N)Sc2nc(cc(n2)[O-])C
dude_aldr__L002583,c1cc(c(cc1[C@H]2[C@H]3C(=NC=NC3=O)OC(=C2C#N)N)Br)F
dude_aldr__L002584,C1CC[C@H]2[C@H](C1)N(CCO2)c3nnc(s3)SCC(=O)[O-]
dude_aldr__L002585,Cc1cc2c(nc1)n(c(n2)C3CCCCC3)[C@H](C(C)C)C(=O)[O-]
dude_aldr__L002586,C[C@]1(CCCN(C1)C(=O)N2CCC[C@@H]2C(=O)OC)C(=O)[O-]
dude_aldr__L002587,c1ccc(c(c1)/C=C/2\CCn3c2nc4cc(ccc4c3=O)C(=O)[O-])OC(F)(F)F
dude_aldr__L002588,CC/C=C(/C)\C(=O)Nc1ccc(c(c1)[N-]S(=O)(=O)c2cccs2)F
dude_aldr__L002589,c1c[nH]nc1C(=O)NC2(CCCCCC2)C(=S)N
dude_aldr__L002590,CCC[C@]1(CCN(C1)C(=O)N2CC[C@H](C2)O)C(=O)[O-]
dude_aldr__L002591,Cc1cccc(c1)OCCCC(=O)N[C@H](Cc2c[nH]c3c2cccc3)C(=O)[O-]
dude_aldr__L002592,CC(=O)Nc1cc(ccc1Cl)[N-]S(=O)(=O)c2ccc3c(c2)oc(=O)n3C
dude_aldr__L002593,Cc1ccc(cc1[N+](=O)[O-])S(=O)(=O)[N-]c2c(cccc2F)F
dude_aldr__L002594,C[C@H]1c2ccsc2CCN1C(=O)Nc3cccc(c3)N4CCCC4=O
dude_aldr__L002595,CN(CCC#N)C(=O)CSc1[n-]c2cc(cnc2n1)Br
dude_aldr__L002596,C1CCC(C1)C(=O)N2CSC[C@@H]2C(=O)[O-]
dude_aldr__L002597,C1Cc2c(sc(c2C(=O)[O-])N3C(=O)[C@@H]4C[C@@H]4C3=O)C1
dude_aldr__L002598,CCCCSc1nnc(s1)/N=C(/C(=C/c2ccc(cc2)Br)/C#N)\[O-]
dude_aldr__L002599,Cc1c(c(c(n1C)C)S(=O)(=O)[N-]c2ccc(c(c2)C(F)(F)F)Cl)C(=O)N3CCC(CC3)C
dude_aldr__L002600,CC(C)n1c2c(cc(cn2)C(=C3C(=O)CC(CC3=O)(C)C)[O-])cn1
dude_aldr__L002601,c1cc(ccc1[C@H]2c3cc(ccc3CCN2C(=O)C4CCCC4)OCc5ccc(o5)C(=O)[O-])F
dude_aldr__L002602,C[C@H](C(=O)N(C(C)C)C(C)C)n1cc(cc(c1=O)C(=O)[O-])[N+](=O)[O-]
dude_aldr__L002603,Cc1ccc(cc1)C2=NN=C3[C@@H]2C(=CC(=N3)c4cccc(c4)Cl)C(=O)[O-]
dude_aldr__L002604,c1cc(cc(c1)OCc2cscn2)[N-]S(=O)(=O)c3ccc(cc3)C#N
dude_aldr__L002605,c1ccc(c(c1)n2c(c(nn2)C(=O)[O-])[C@H]3CCCO3)Br
dude_aldr__L002606,Cc1cc(nc(n1)Cl)N2c3ccccc3C[C@H]2C
dude_aldr__L002607,CCC1CCN(CC1)c2c(c(c(nn2)C)C)C(=O)[O-]
dude_aldr__L002608,Cc1c(sc2c1c(ncn2)Nc3ccc(cc3)N(C)C(=O)C)C
dude_aldr__L002609,Cc1cccc(c1)OCCNC(=O)C(=O)Nc2cc(ccc2Cl)C(=O)NC
dude_aldr__L002610,CCCc1nnc(n1CC(=O)N2CCO[C@@H](C2)c3ccccc3F)[S-]
dude_aldr__L002611,CC(C)(C)C1=NN=C(C1)NC(=O)c2ccc(c(c2)[N-]S(=O)(=O)C)Cl
dude_aldr__L002612,c1ccc(c(c1)C#CCO)[N-]S(=O)(=O)N2CCOCC2
dude_aldr__L002613,CC[C@@H](C)NC(=O)CS(=O)(=O)c1ccc(c(c1)C(=O)[O-])Br
dude_aldr__L002614,c1ccc(cc1)[C@H]2NN[C@H]3N2CCN(C3)C(=O)C4=CC5=CC=N[C@@H]5C=C4
dude_aldr__L002615,CCc1ncc(s1)/C(=N/S(=O)(=O)Cc2ccc(cc2)[N+](=O)[O-])/[O-]
dude_aldr__L002616,Cc1ccc(c(c1)N2[C@@H]([C@@H](C(=O)NC2=S)[C@@H]3c4c(c5ccccc5[nH]4)CCN3)O)C
dude_aldr__L002617,Cc1nc2c(c3c(s2)CCC[C@H]3C)c4n1nc(n4)/C=C\C(=O)[O-]
dude_aldr__L002618,CCc1ccc(cc1)NC(=O)[C@H]2CC(=Nc3n2nc(n3)C(F)(F)F)[O-]
dude_aldr__L002619,Cc1c(sc(n1)Cl)S(=O)(=O)[N-]c2cccc(c2)COC
dude_aldr__L002620,Cc1cc(=O)c(c(o1)[O-])C2=NCCS[C@H](C2)c3ccccc3[N+](=O)[O-]
dude_aldr__L002621,Cc1c(c(n(n1)C)C)NC(=O)c2ccc(cc2)N3CCCC3=O
dude_aldr__L002622,C[C@H](c1ccc(cc1)OC(F)F)NC(=O)Nc2ccc([nH+]c2)N3CCCC3
dude_aldr__L002623,CCCCOc1ccc(cc1OCC)[C@H]2C(=C(C(=O)N2CC=C)[O-])C(=O)c3cccc(c3)OCC
dude_aldr__L002624,c1cc(sc1)c2ccc(c(=O)[nH]2)C(=O)Nc3[n-]ncn3
dude_aldr__L002625,C[C@H]([C@@H]1[C@@H]2CCOC3(N2C1=O)CCCCC3)O
dude_aldr__L002626,CC(C)N(CCCC(=O)[O-])C(=O)N1CCCC1
dude_aldr__L002627,C[C@H]1CCC[C@@H](C1Nc2ccc(cc2)CS(=O)(=O)N)C
dude_aldr__L002628,c1c(cc(cc1[N+](=O)[O-])Br)c2c[nH]c(=O)[nH]c2=O
dude_aldr__L002629,c1cc(c(cc1C(=O)[O-])S(=O)(=O)N2CCC[C@H](C2)C(F)(F)F)Br
dude_aldr__L002630,Cc1ccc(cc1)C(=O)C2=C(C(=O)N([C@@H]2c3cccc(c3)OCCC(C)C)CCCn4ccnc4)[O-]
dude_aldr__L002631,Cc1ccc(cc1)C23C[C@H]4C[C@@H](C2)CC(C4)(C3)/C(=N/S(=O)(=O)N(C)C)/[O-]
dude_aldr__L002632,C[C@H](CC#N)Sc1ccccc1/N=C/c2cc(cc(c2[O-])[N+](=O)[O-])Cl
dude_aldr__L002633,Cc1cc(c(c(c1)Cl)S(=O)(=O)[N-]/N=C/c2ccc3c(c2)OCO3)Cl
dude_aldr__L002634,Cc3c(C)c(=O)n(Cc2nc(c1cccc(F)c1F)no2)nc3CC(O)=O
dude_aldr__L002635,OC(=O)Cc3nn(Cc2csc(c1ccccc1F)n2)c(=O)c4ccccc34
dude_aldr__L002636,CC(C)CN(CC(=O)[O-])C(=O)[C@@H]1CS[C@]2(N1C(=O)CC2)C
dude_aldr__L002637,c1c(nc(nc1C(F)F)N2CCC[C@@H](C2)C(=O)[O-])C3CC3
dude_aldr__L002638,Cc1c(c(n(n1)C2CCCC2)C)[C@H](C)C(=O)[O-]
dude_aldr__L002639,c1cc(cc(c1)S(=O)(=O)[N-]c2cc(cc(c2)F)F)[N+](=O)[O-]
dude_aldr__L002640,Cc1cc(ccc1F)c2cc(nc(n2)[O-])C(=O)N3CCC(CC3)C
dude_aldr__L002641,c1cc(c(cc1S(=O)(=O)N)N)N2CCC[C@@H]3[C@@H]2CCCC3
dude_aldr__L002642,Cc1cc(nc(n1)SCc2c(n3ccsc3n2)Br)[O-]
dude_aldr__L002643,C[C@@H]1Cc2ccccc2N1C(=O)[C@H](C)Sc3nc4cc(ccc4c(=O)n3C)C(=O)[O-]
dude_aldr__L002644,CC(=O)OCC1=C(N2[C@H]([C@@H](C2=O)NC(=O)/C(=N/OC)/c3cc(sc3)N)SC1)C(=O)[O-]
dude_aldr__L002645,CC(=O)N1CCc2c1ccc(c2)S(=O)(=O)[N-]c3ccc(nc3)c4ccccc4
dude_aldr__L002646,Cc1cc(c(cc1C(=O)Nc2nnc(s2)CC(C)C)S(=O)(=O)N)C
dude_aldr__L002647,Cc1c(cc(c(n1)[N-]S(=O)(=O)c2c(nc(s2)Cl)C)Cl)Cl
dude_aldr__L002648,C[C@@H]1CCCC[C@@]1(C(=O)[O-])Sc2ccccc2F
dude_aldr__L002649,CN(C)c1ccc(cc1)c2nc(c3c(n2)Oc4c(cccc4OC)C3)[O-]
dude_aldr__L002650,C1C[C@H]2C[C@@H]1C[C@@H]2/C(=C(/C#N)\C(=O)N3CCOCC3)/[O-]
dude_aldr__L002651,C[C@@H](C/C(=N/S(=O)(=O)c1ccc(c(c1)Br)OC)/[O-])C2CC2
dude_aldr__L002652,c1c(cc(c(c1/C=N/NC(=O)Cn2cnc(n2)[N+](=O)[O-])[O-])[N+](=O)[O-])Br
dude_aldr__L002653,c1cc(ccc1[N+](=O)[O-])S(=O)(=O)n2cnc3c2ncnc3[S-]
dude_aldr__L002654,c1cc(sc1S(=O)(=O)N2CCC[C@@H](C2)CC(=O)[O-])Br
dude_aldr__L002655,c1cc2c(c(c1)Cl)OCC[C@@H]2NC(=O)C(=O)Nc3ccc4c(c3)ccs4
dude_aldr__L002656,CC(C)(C)OC(=O)N1CCC[C@@H](C1)C(=O)N2CCC[C@@H](C2)O
dude_aldr__L002657,CC[C@@H](C)[C@H](C)NC(=O)Nc1ccc(cc1C(=O)[O-])C
dude_aldr__L002658,Cc1ccc(o1)[C@@H]2C(=C(C(=O)N2c3cc(on3)C)[O-])C(=O)c4c(c([nH]c4C)C)C
dude_aldr__L002659,CC[C@@H](c1ccccc1)Nc2nnc(s2)[S-]
dude_aldr__L002660,Cc1ccc(c(n1)N2CCc3c(ccs3)[C@H]2C(=O)[O-])C#N
dude_aldr__L002661,Cc1ccc(cc1)c2nc3ccc(cc3o2)NC(=O)[C@H]4CCCO4
dude_aldr__L002662,CC[C@H](C)N([C@H]1CCS(=O)(=O)C1)C(=O)CSc2nnc(n2CCC(=O)[O-])c3cccc(c3)C
dude_aldr__L002663,CC[C@@H](C)N1CCN(CC1)S(=O)(=O)CC(=O)[O-]
dude_aldr__L002664,CC[C@@H](C)[C@H]1C(=C(OC2=C1C(=O)CC(C2)(C)C)N)C#N
dude_aldr__L002665,C[C@]12CC[C@@H]3[C@@H]([C@@H]1CC[C@@H]2C(=O)[O-])CC=C4[C@@]3(CCC(=O)N4)C
dude_aldr__L002666,Cc1cc(cc(c1)N(C)C(=O)N2CSC[C@H]2C(=O)[O-])C
dude_aldr__L002667,Cc1ccsc1[C@@H]([C@H](C)N)Sc2nc(cc(n2)[O-])C
dude_aldr__L002668,C[C@@H]1CCCCN1c2ccc(cc2C(=O)[O-])S(=O)(=O)N3CCCCC3
dude_aldr__L002669,C[C@H]1CCC[C@@](C1)(C(=O)[O-])Sc2nnnn2C
dude_aldr__L002670,COc1ccc(c(c1)/C=N/n2c(nnc2[S-])c3cccs3)OC
dude_aldr__L002671,CC(=O)N1CCCN(CC1)c2ccc3cc(ccc3n2)N
dude_aldr__L002672,c1cc(cnc1)CNC(=O)c2c3c(sc2NC(=O)CCC(=O)[O-])CCCCC3
dude_aldr__L002673,c1ccc(c(c1)n2cc(c(n2)C(=O)[O-])O)I
dude_aldr__L002674,CC(C)(C)OC(=O)N1CCc2cc(sc2C1)C(=O)[O-]
dude_aldr__L002675,C1C[C@@H](N(C1)C(=O)N2CC[C@H](C2)C(=O)[O-])CCCO
dude_aldr__L002676,Cc1cc(c(c(=O)o1)C2=Nc3cc(ccc3S[C@@H](C2)c4ccc(cc4)N(C)C)C(F)(F)F)[O-]
dude_aldr__L002677,CC(=O)c1cccc(c1)S(=O)(=O)[N-]c2ccc(c(c2)Cl)n3cccn3
dude_aldr__L002678,Cc1ccc(cc1)/C=C/C(=O)N2CC[C@@](C2)(C)C(=O)[O-]
dude_aldr__L002679,c1ccc(cc1)C(c2ccccc2)c3nc4nc5c(c(n4n3)[O-])CCC5
dude_aldr__L002680,c1ccc(c(c1)C(=O)[O-])S[C@@H]2CC(=O)N(C2=O)c3ccc(cc3)N4CCCCC4
dude_aldr__L002681,c1ccc(cc1)C2=NO[C@@H](C2)/C(=C(/C#N)\C(=O)Nc3ccc(c(c3)Cl)F)/[O-]
dude_aldr__L002682,CCOc1cccc(c1)c2nnc(n2/N=C/c3ccc(o3)c4ccccc4Br)[S-]
dude_aldr__L002683,CCc1c(cc(s1)C(=O)NNC(=O)[C@H]2CC(=O)N(C2)c3cccc(c3C)C)C
dude_aldr__L002684,CCCSC1=NC(=O)[C@H]2[C@H](C3=C(CCCC3=NC2=N1)[O-])c4ccncc4
dude_aldr__L002685,c1cc(cc(c1)OC(F)(F)F)C(=O)Nc2cc(c(cc2Cl)Cl)Oc3cccc4c3[nH]c(=O)[nH]4
dude_aldr__L002686,C[C@@H](CC(C)C)N(C)S(=O)(=O)c1cc(sc1Br)C(=O)[O-]
dude_aldr__L002687,Cc1c(scn1)C(=O)N2CCc3c(ccs3)[C@@H]2C(=O)[O-]
dude_aldr__L002688,CC(C)(C)c1cc(ccc1O[C@H]2C[C@H](N(C2)C(=O)OC(C)(C)C)C(=O)[O-])Br
dude_aldr__L002689,Cc1ccc(cc1S(=O)(=O)[N-]c2cc(no2)C(C)C)Br
dude_aldr__L002690,CCOc1ccc(cc1)[N-]S(=O)(=O)C2=CN=C(C2)[C@H]3N=N[C@H](O3)C4CC4
dude_aldr__L002691,CSc1ccc(cc1)CN2[C@H](CS[C@@H]2c3cccc(c3)Cl)C(=O)[O-]
dude_aldr__L002692,Cc1cc(nn1[C@@H](C)C(=O)N[C@H]2[C@@H]3N(C2=O)C(=C(CS3)COC(=O)C)C(=O)[O-])[N+](=O)[O-]
dude_aldr__L002693,c1cnc(c(n1)N2CCCC[C@H]2CO)Cl
dude_aldr__L002694,Cc1ccc(cc1C)N2C[C@@H](CC2=O)NC(=O)N3[C@@H](CCC[C@@H]3C)C
dude_aldr__L002695,CC(C)N(C)C(=O)CN1C[C@@H](CCC1=O)C(=O)[O-]
dude_aldr__L002696,Cc1ccc(cc1)c2nnc(n2CC(=O)N3C[C@@H](OC[C@H]3C)C)[S-]
dude_aldr__L002697,c1cc2c(cc1[N+](=O)[O-])[nH]c(c(c2=O)[N+](=O)[O-])[O-]
dude_aldr__L002698,C1C[C@H](COC1)C(=O)N2CSC[C@H]2C(=O)[O-]
dude_aldr__L002699,c1ccc(cc1)C2(CCC2)c3nc(on3)[O-]
dude_aldr__L002700,Cc1ccc2cccc(c2n1)S(=O)(=O)[N-]c3ccc4c(c3)OCO4
dude_aldr__L002701,Cc1nccn1c2ccc(cn2)NC(=O)[C@H]3CSCN3
dude_aldr__L002702,CCc1ccc(s1)S(=O)(=O)[N-]c2cc(c(cc2N)C)C
dude_aldr__L002703,c1cc2c(cc1OC3(CCCCC3)C(=O)[O-])CCC2
dude_aldr__L002704,Cc1cc(ccc1OC)S(=O)(=O)/N=C(/CCSC)\[O-]
dude_aldr__L002705,CC[C@H]1CCCN(C1)C(=O)N2CC[C@@](C2)(CC)C(=O)[O-]
dude_aldr__L002706,c1csc(n1)N2CCN(CC2)[C@@H]3CS(=O)(=O)C[C@H]3N
dude_aldr__L002707,c1cnc(cn1)[N-]S(=O)(=O)c2cc(cc(c2Br)N)Cl
dude_aldr__L002708,COc1ccc(nn1)c2ccc(cc2)[N-]S(=O)(=O)c3ccc(c(c3)C(F)(F)F)F
dude_aldr__L002709,C[C@@H]1CCCC[C@H]1N(C)c2cnc(nc2C(=O)[O-])C(C)C
dude_aldr__L002710,CS(=O)(=O)[N-]c1ccc(cc1)OC(=O)C2(CCC2)c3ccc(cc3)F
dude_aldr__L002711,Cc1cccc(c1C)[N-]S(=O)(=O)c2ccc(s2)c3nnc(o3)C
dude_aldr__L002712,C#CCn1c(ccc(c1=O)C(=O)[O-])c2ccc3c(c2)CCCC3
dude_aldr__L002713,c1ccc(cc1)c2ccc(cc2)[C@@H]3C[C@@H]3C(=O)[O-]
dude_aldr__L002714,c1ccc(c(c1)C(=O)N2CCO[C@@H]3[C@H]2CCCC3)C(=O)[O-]
dude_aldr__L002715,Cc1cc(cc(c1C)S(=O)(=O)N[C@H]2CCC[C@H]([C@H]2C)C)N
dude_aldr__L002716,CC(C)c1ccc(cc1)c2nc(c3c(n2)Oc4c(cc(cc4OC)Br)C3)[O-]
dude_aldr__L002717,CCN(CC)c1ccc(c(c1)C)[N-]S(=O)(=O)c2cc(sc2C)c3nc(c(s3)C)C
dude_aldr__L002718,Cc1ccc(c(c1)N2C(=C(C(=O)NC23CCC(CC3)C)C#N)[S-])C
dude_aldr__L002719,c1ccc2c(c1)ccc(n2)c3nc(on3)[S-]
dude_aldr__L002720,CC(C)[C@H](C(=O)[O-])NC(=O)N1CCCCC1
dude_aldr__L002721,Cc1ccc(cc1)C(=O)C2=C(C(=O)N([C@@H]2SC)C[C@@H]3CCCO3)CC(=O)[O-]
dude_aldr__L002722,c1ccc(c(c1)NC(=O)[C@@H]2CCCC[C@@H]2C(=O)[O-])Br
dude_aldr__L002723,CCS(=O)(=O)c1ccc(cc1)c2nnc(o2)/N=C(/C3=COCCO3)\[O-]
dude_aldr__L002724,C1CCc2c(sc(n2)NC(=O)[C@H]3C[C@@H]3[N+](=O)[O-])CC1
dude_aldr__L002725,c1c(nsn1)C(=O)N2C[C@H](C[C@@H]2C(=O)[O-])O
dude_aldr__L002726,c1cc(ccc1[N-]S(=O)(=O)[C@@H]2CC[C@H](S2)[C@@H]3C=CN=N3)Cl
dude_aldr__L002727,CCCCn1c(=O)c2ccc(cc2nc1S[C@H](C)C(=O)N(C)[C@H]3CCS(=O)(=O)C3)C(=O)[O-]
dude_aldr__L002728,CC(C)(C)C(=O)N1CCc2ccc(cc2[C@@H]1c3cccc(c3)F)OCc4nc(cs4)C(=O)[O-]
dude_aldr__L002729,Cc1c(cco1)c2nnc(n2C)Sc3c(cccn3)C(=O)[O-]
dude_aldr__L002730,c1cc(ccc1c2csc(n2)/C(=C\c3ccc(c(c3)[N+](=O)[O-])[O-])/C#N)F
dude_aldr__L002731,CC1=C([C@H]([C@](C(=N1)[S-])(CC=C)C#N)c2ccc(cc2)Cl)C(=O)C
dude_aldr__L002732,Cc1ccc(cc1)n2c(nnn2)C/C=N/c3ccc(c(c3)Cl)C(=O)[O-]
dude_aldr__L002733,CN([C@@H]1CCc2c1cccc2)/C(=N/c3nnc(s3)c4ccsc4)/[O-]
dude_aldr__L002734,CCN([C@H]1CCS(=O)(=O)C1)C(=O)[C@H](C)Nc2ccc(c(c2)C(=O)N)C
dude_aldr__L002735,c1cc(ccc1/C=C/c2nc(cs2)c3cc(cc(c3OC(F)F)Cl)Cl)C(=O)[O-]
dude_aldr__L002736,c1ccc2c(c1)CCC[C@]2(C(=O)[O-])Sc3[nH]ccc(=O)n3
dude_aldr__L002737,CC(C)(C(=O)[O-])NC(=O)N1CC[C@H]2CCCC[C@@H]2C1
dude_aldr__L002738,CCN(CC)c1ccc(cc1)/C=N/n2c(c(nnc2=S)C)[O-]
dude_aldr__L002739,CN1CCCc2c1ccc(c2)c3c4c(cccc4n[nH]3)C(=O)[O-]
dude_aldr__L002740,Cc1c(c(sn1)NS(=O)(=O)c2cn(cn2)C)C(=O)[O-]
dude_aldr__L002741,CS(=O)(=O)[N-]c1ccc(cc1C(=O)Nc2ccc(nc2)N3CCCC3)F
dude_aldr__L002742,C[C@@H](C(=O)c1ccc(cc1)[N-]S(=O)(=O)C)OC(=O)/C=C/c2c(c3ccccc3s2)Cl
dude_aldr__L002743,c1cc([nH]c1)[C@H]2CCCN2C(=O)c3ccc4c(c3)CCN4
dude_aldr__L002744,COCc1cccc(c1)[N-]S(=O)(=O)c2cccc(c2)n3cnnn3
dude_aldr__L002745,c1ccc(c(c1)/C=C/2\C(=O)NC(=N2)[S-])OCc3ccc(cc3)[N+](=O)[O-]
dude_aldr__L002746,c1cc([nH+]cc1NC(=O)N2CCSCC2)N3CCCC3
dude_aldr__L002747,C[C@H]1c2ccsc2CCN1C(=O)c3cccc(c3)N
dude_aldr__L002748,CC(C)Oc1ccccc1C(=O)N2CCC[C@@H](C2)C(=O)[O-]
dude_aldr__L002749,c1cc(c(cc1Br)NC(=O)N2CCC[C@@H](C2)C(=O)[O-])Cl
dude_aldr__L002750,CCCn1ccc2c1ccc(c2)[N-]S(=O)(=O)c3cnn(c3)C
dude_aldr__L002751,Cc1ccc(cc1)S(=O)(=O)[N-]c2cc(ccc2F)S(=O)(=O)C
dude_aldr__L002752,Cc1ccc(c(c1)O[C@H](C)C(=O)N2CCCCC2)C(=O)[O-]
dude_aldr__L002753,CCOc1ccc(cc1)[N-]C2=NS(=O)(=O)C(=C2C)c3ccc(cc3)C
dude_aldr__L002754,c1cc(ccc1c2[nH]nc(n2)C3CC3)NC(=O)N4CCCCCC4
dude_aldr__L002755,CN(C)c1ccc(cc1)[C@@H](C(=O)NC2CCCCC2)N(c3ccccc3Cl)C(=O)c4cccc(c4O)O
dude_aldr__L002756,CC(=O)c1cccc(c1)S(=O)(=O)[N-]c2cc(ccc2F)N3CCCCC3
dude_aldr__L002757,Cc1cc(ccc1Oc2cccnc2)[N-]S(=O)(=O)c3c(noc3C)C
dude_aldr__L002758,CC(=O)c1ccc(cc1)S(=O)(=O)[N-]c2cc(ccc2Cl)NC(=O)C
dude_aldr__L002759,Cc1ccc(cc1)[N-]S(=O)(=O)C[C@H](C)C(=O)N(C)CCc2ccncc2
dude_aldr__L002760,Cc1ccc(cc1)O[C@H](C)C(=O)N2CC[C@@](C2)(C)C(=O)[O-]
dude_aldr__L002761,CCCC(=O)N1[C@H]2CCCC[C@@H]2C[C@@H]1C(=O)[O-]
dude_aldr__L002762,CNC(=O)c1c2c(sc1NC(=O)c3ccccc3c4[nH]ncn4)CCCC2
dude_aldr__L002763,COc1ccc(cc1F)[N-]S(=O)(=O)c2cccc3c2nsn3
dude_aldr__L002764,c1cc(oc1c2nc([n-]n2)Cl)Br
dude_aldr__L002765,Cc1c(c(nc(n1)N)c2cc(cc(c2)[N+](=O)[O-])[N+](=O)[O-])C(=O)NC
dude_aldr__L002766,c1cc2c(cc1c3ccc(c(n3)Cl)C(=O)[O-])CCC2
dude_aldr__L002767,CC1=C(C(=N[C@H]1C(=O)[O-])C)C(=O)/C=C/c2ccc(o2)c3ccccc3Cl
dude_aldr__L002768,Cc1c(c(n[nH]1)C)S(=O)(=O)[N-]c2cc(no2)c3ccc(cc3)Cl
dude_aldr__L002769,C1C[C@@H](CN(C1)C(=O)N2CCSCC2)C(=O)[O-]
dude_aldr__L002770,c1csc2c1nc(=S)n(c2[O-])c3cc(cc(c3)Cl)Cl
dude_aldr__L002771,Cc1cc(c(n1Cc2cccs2)C)C(=O)COc3c(cc(c(c3C(=O)[O-])Cl)Cl)Cl
dude_aldr__L002772,c1c2c(sc1C(=O)N[C@@H]3CCCCNC3=O)CCC2
dude_aldr__L002773,Cc1nnc(n1N)Sc2c3cccc(c3ncn2)Br
dude_aldr__L002774,CCn1cc(cn1)S(=O)(=O)[N-]c2cc(c(cc2F)F)[N+](=O)[O-]
dude_aldr__L002775,Cc1ccc(cc1[N-]S(=O)(=O)C)C(=O)N[C@@H]2C[C@H]3CC[C@@]2(C3(C)C)C
dude_aldr__L002776,Cc1c(sc(n1)C)c2cc(n3c(n2)c(cn3)c4ccc(cc4)F)[O-]
dude_aldr__L002777,Cc1c(sc(n1)[S-])CC(=O)NCc2nncn2C
dude_aldr__L002778,C[C@@H](C(=O)[O-])S(=O)(=O)N(C)Cc1ccc(cc1)SC
dude_aldr__L002779,CCCCS(=O)(=O)/N=C(/c1cc2cccc(c2o1)Br)\[O-]
dude_aldr__L002780,CCN(C[C@@H]1CCCO1)S(=O)(=O)N2CCCC[C@@H]2C(=O)[O-]
dude_aldr__L002781,c1cc(ncc1Cl)N2CCN(CC2)C(=O)c3ccc(nc3[O-])C(F)(F)F
dude_aldr__L002782,COc1cc(ccc1S(=O)(=O)[N-]c2ncc(s2)Br)N
dude_aldr__L002783,Cc1ccc(cc1[N+](=O)[O-])S(=O)(=O)[N-]c2cccc(c2)OC(F)F
dude_aldr__L002784,Cc1ccccc1S[C@]2(CCC[C@@H](C2)C)C(=O)[O-]
dude_aldr__L002785,CC(C)[C@@H](/C(=N/S(=O)(=O)c1cccnc1)/[O-])n2nc(nn2)c3ccccc3
dude_aldr__L002786,Cc1ccc(cc1)S(=O)(=O)[N-]/N=C/[C@@H]2C=NN=C2c3ccc(cc3)F
dude_aldr__L002787,CC[C@@H](C)N(CC(=O)[O-])C(=O)c1csc2c1CC[C@H](C2)C
dude_aldr__L002788,c1cc(cc(c1)Br)N[C@H]2COC[C@H]2O
dude_aldr__L002789,Cc1cc(on1)[N-]S(=O)(=O)c2ccc3c(c2)ccc(n3)Cl
dude_aldr__L002790,CCc1cccc(c1)[N-]S(=O)(=O)c2ccc(cc2)S(=O)(=O)C
dude_aldr__L002791,C1C[C@H](CC=C1)CNC(=O)N2C[C@H](C[C@H]2C(=O)[O-])O
dude_aldr__L002792,Cc1c(c(n2c(n1)nc(n2)[S-])C)Cc3cccc(c3)OC
dude_aldr__L002793,CC(C)(C)N(CCC(=O)[O-])C(=O)N(C)CCC#N
dude_aldr__L002794,Cc1ccc(cc1)[C@H]2C(=C(C(=O)N2CCO)[O-])C(=O)c3ccc(c(c3)C)OC
dude_aldr__L002795,CC1=C([C@H](N2C(=CSC2=N1)/C=C(/N3CCCC3)\[O-])c4ccc(cc4)C(C)C)C(=O)OC
dude_aldr__L002796,CC(C)(C)C(=O)N1CCCN(CC1)C(=O)Nc2ccc3c(c2)ccs3
dude_aldr__L002797,CC(=O)Oc1ccc(cc1)[C@H]2[C@H]3[C@@H](C(=O)NC3=O)[C@@](N2)(Cc4ccc(cc4)[N+](=O)[O-])C(=O)[O-]
dude_aldr__L002798,c1ccc(cc1)[C@H]2CCCCN2/C(=N/c3[nH]nc(n3)C4CCCCC4)/[O-]
dude_aldr__L002799,c1cscc1CC(=O)N2[C@H]3CCCC[C@H]3C[C@H]2C(=O)[O-]
dude_aldr__L002800,c1ccc(cc1)[C@@H]2c3ccsc3CC[NH+]2CC(=O)NC(=O)Nc4ccccc4C#N
dude_aldr__L002801,Cc1ccc(cc1Cl)S(=O)(=O)[N-]c2ccc(cc2)C(=O)N
dude_aldr__L002802,Cc1cc(cc(c1)N2C(=O)C(=Cc3ccc[nH]3)C(=NC2=S)[O-])C
dude_aldr__L002803,Cc1cc(ccc1Br)S(=O)(=O)[N-]c2c(cc(c(n2)C)Cl)Cl
dude_aldr__L002804,c1cc(cc(c1)S(=O)(=O)[N-]c2ccc(c(c2)S(=O)(=O)N)Cl)C#N
dude_aldr__L002805,c1cc(ccc1N2C(=O)/C(=C/c3ccc(o3)Sc4ccc(cc4)Cl)/C(=NC2=S)[O-])Cl
dude_aldr__L002806,c1c(c(sc1C(=O)[O-])Br)S(=O)(=O)NC[C@@H]2COCCO2
dude_aldr__L002807,c1cc(c(cc1Nc2nnc(s2)[S-])Cl)F
dude_aldr__L002808,Cc1cc(c(n1C[C@@H]2CCCO2)C)/C=C/3\C(=NC(=S)S3)[O-]
dude_aldr__L002809,CCS(=O)(=O)[N-]c1ccccc1C(=O)NCc2n[nH]c(=S)n2C3CC3
dude_aldr__L002810,COc1cc(cc(c1OCC#C)Cl)/C=C/c2nc(c(s2)C(=O)[O-])c3ccccc3
dude_aldr__L002811,CCc1ccccc1[N-]S(=O)(=O)[C@@H]2CC[C@@H](S2)[C@@H]3C=CN=N3
dude_aldr__L002812,c1cc(cnc1)[C@H]2c3ccc(cc3OC(=C2C#N)N)N
dude_aldr__L002813,C[C@@](C1CC1)(C(=O)[O-])NC(=O)N(C)[C@@H]2CCSC2
dude_aldr__L002814,CS(=O)(=O)[N-]c1ccc(cc1)OC(=O)c2c(cccc2F)F
dude_aldr__L002815,c1cc(ccc1/C=C(/c2ccc(s2)S(=O)(=O)N3CCCCC3)\C(=O)[O-])OC(F)F
dude_aldr__L002816,Cc1ccc(cc1F)[N-]S(=O)(=O)c2cn(c3c2cccn3)CC(C)C
dude_aldr__L002817,c1ccc(cc1)C2=NN=C3[C@H]2[C@H](C(=C(O3)N)C#N)c4ccnc5c4cccc5
dude_aldr__L002818,c1ccc(cc1)COc2ccc(cn2)[N-]S(=O)(=O)c3ccc(cc3)C#N
dude_aldr__L002819,c1cc(ccc1N2CCC(=C2[O-])C(=O)[C@H](C#N)C(=O)NC3CCCC3)Cl
dude_aldr__L002820,CC(C)(C)[C@H]1CCc2c(c(c3ccccc3n2)C(=O)N4CCO[C@H](C4)C(=O)N)C1
dude_aldr__L002821,CCN(C)C(=O)N1CCCC[C@@H]1C(=O)[O-]
dude_aldr__L002822,Cc1c(sc(n1)C2CCN(CC2)S(=O)(=O)c3cccc(c3)C(=O)[O-])C
dude_aldr__L002823,CCC1=NO[C@@](C1)([C@@H](c2ccc(cc2)Br)OCc3ccccc3C)C(=O)[O-]
dude_aldr__L002824,c1cc(c(c(c1)Cl)O[C@]2(CCCSC2)C(=O)[O-])Cl
dude_aldr__L002825,C[C@H]1CN(C[C@@H](O1)C)/C(=C(\C#N)/C(=O)/C=C\c2c(nc3n2ccs3)Cl)/[O-]
dude_aldr__L002826,C[C@@]12CC[C@@](C1(C)C)(CC2=O)C(=O)N3CCC[C@@H](C3)C(=O)[O-]
dude_aldr__L002827,Cc1c\2c(oc1C(=O)NNC(=O)c3ccc(cc3)[N+](=O)[O-])CCC/C2=N\NC(=S)N
dude_aldr__L002828,OC(=O)Cn2c(=O)c(=O)n(Cc1cccc(N(=O)=O)c1)c2=S
dude_aldr__L002829,c1cc(c2c(c1)N(CCC2)C(=O)c3ccc(c(c3)[N+](=O)[O-])Br)C(=O)[O-]
dude_aldr__L002830,c1cc2c(c(c1)n3cnc4c3ccc(c4)N)CCCC2
dude_aldr__L002831,C[C@H]1CCCN1S(=O)(=O)N2CCC[C@@H](C2)C(=O)[O-]
dude_aldr__L002832,Cc1nc2n(n1)[C@@H](C(=C(N2)C)C(=O)[O-])c3ccc(cc3)Cl
dude_aldr__L002833,Cn1cccc1c2csc(n2)[N-]S(=O)(=O)c3cc(sc3Cl)Cl
dude_aldr__L002834,Cc1c(c(n(n1)[C@]2(CCCC[C@H]2C(C)(C)C)C(=O)[O-])C)Cl
dude_aldr__L002835,CS(=O)(=O)NC1CCN(CC1)c2ccc(cc2S(=O)(=O)N3CCC(CC3)C(=O)[O-])[N+](=O)[O-]
dude_aldr__L002836,c1ccc(cc1)n2c(=O)c3c4c(sc3nc2SCc5cccc(c5)C(=O)[O-])CCC4
dude_aldr__L002837,CO[C@H]1[C@@H]2[C@H](O[C@@H]1[C@H](CO)O)OC3(O2)CCCCC3
dude_aldr__L002838,OC(=O)Cn2c(=O)n(Cc1cccc(N(=O)=O)c1)c(=C)c2=O
dude_aldr__L002839,c1ccc(cc1)S(=O)(=O)[N-]c2ccc(c(c2)C(=O)N3CCCCCC3)Cl
dude_aldr__L002840,C[C@@H]1N=C(CS1)c2ccc3c(c2)CCN3C(=O)c4ccc(cc4)c5[n-]nnn5
dude_aldr__L002841,Cc1c(c(c(n1C)C)S(=O)(=O)[N-]c2ccc(c(c2)C(F)(F)F)Cl)C(=O)N3CCCCCC3
dude_aldr__L002842,C1CCCN(CC1)S(=O)(=O)N2CCCC[C@H]2CCC(=O)[O-]
dude_aldr__L002843,CCCCN1[C@H](C(=C(C1=O)[O-])C(=O)c2ccc(cc2)OCC=C)c3ccc(c(c3)OC)OCCC(C)C
dude_aldr__L002844,CN(C)S(=O)(=O)/N=C(/C(=C/c1ccco1)/n2c(nnn2)c3ccccc3)\[O-]
dude_aldr__L002845,c1c(c[nH]c1C(=O)N2CCC[C@@H]2C(=O)NC3CC3)N
dude_aldr__L002846,C[C@H]1CCCC[C@H]1N(C)S(=O)(=O)CCCC(=O)[O-]
dude_aldr__L002847,C=CCN/C(=C(\C#N)/C(=O)C1=NN([C@H](C1)c2ccccc2)c3ccccc3)/[O-]
dude_aldr__L002848,CC[C@@H](/C(=N/S(=O)(=O)C1CCOCC1)/[O-])OC
dude_aldr__L002849,CC(C)(C)C1CCC(CC1)C(=O)N2CCC(CC2)(c3ccccc3)C(=O)[O-]
dude_aldr__L002850,Cc1cc(n(n1)CCC#N)[N-]S(=O)(=O)c2ccc(c(c2)Cl)Cl
dude_aldr__L002851,C#Cc1cccc(c1)NC(=O)N2CCC[C@@H]2c3ccc4c(c3)OCCO4
dude_aldr__L002852,c1ccc(cc1)C[C@H](C(=O)[O-])Sc2c3ccsc3ccn2
dude_aldr__L002853,CS(=O)(=O)[N-]c1ccccc1CNC(=O)c2cnc(s2)c3cccs3
dude_aldr__L002854,CNC(=O)c1ccc(cc1)CN2CCCc3c2cccc3[N-]S(=O)(=O)C
dude_aldr__L002855,CC(C)N1CCN(CC1)C(=O)CCN2C[C@H](CC2=O)C(=O)[O-]
dude_aldr__L002856,c1cc2c([n-]c(n2)C(=O)C[C@H](C#N)c3ccc(cc3)Cl)nc1
dude_aldr__L002857,COc1ccc(cc1F)S(=O)(=O)[N-]c2nnc(s2)SC
dude_aldr__L002858,C[C@H]1CCCCN1C(=O)N2CCCC[C@H]2C(=O)[O-]
dude_aldr__L002859,CC[C@H]1N=NC(=O)[C@@H]2N1C=C(C2)S(=O)(=O)[N-]c3cccc(c3C)C
dude_aldr__L002860,OC(=O)Cc1cc(=O)oc2cc(O)ccc12
dude_aldr__L002861,c1cc(nnc1N2CCC3(CCCC3)CC2)Cl
dude_aldr__L002862,CC1CCN(CC1)C(=O)CC2(CCCCC2)C(=O)[O-]
dude_aldr__L002863,c1nc2nc3c(c(n2n1)Sc4nnc(s4)N)CCCC3
dude_aldr__L002864,Cc1cccc2c1nc(c(c2)C#N)N3CCC(CC3)C
dude_aldr__L002865,Cc1c(c(n(n1)c2ccc(cc2)F)Cl)/C=C/c3ccc(cn3)C(=O)[O-]
dude_aldr__L002866,Cc1ccc(cc1C(=O)N2CC[C@](C2)(C)C(=O)[O-])SC
dude_aldr__L002867,Fc4ccc3c1ccc(F)cc1C2(NC(=O)NC2=O)c3c4
dude_aldr__L002868,c1ccc(cc1)c2cc(nc(n2)SCC(=O)N3c4ccccc4CCc5c3cccc5)[O-]
dude_aldr__L002869,Cc1ccc2cccc(c2n1)OS(=O)(=O)c3cc(cc(c3C)C)C(=O)[O-]
dude_aldr__L002870,Cc1c(sc(n1)c2ccccc2)C(=O)N[N-]S(=O)(=O)c3cccs3
dude_aldr__L002871,COc1ccc(cc1COc2ccc(cc2)Cl)/C=N/n3c(nnc3[S-])C(F)(F)Cl
dude_aldr__L002872,Cc1c(sc(n1)[S-])CC(=O)N(C)[C@@H]2CCc3c2cccc3
dude_aldr__L002873,C[C@@H]1Cc2ccccc2N1C(=O)c3ccc(cc3)[N-]S(=O)(=O)c4ccc(c(c4)Cl)F
dude_aldr__L002874,c1ccc2c(c1)c(c[nH]2)CCC(=O)N3CCN(CC3)C(=O)c4ccc5cc[nH]c5c4
dude_aldr__L002875,Cc1ccc(cc1)N[C@](C)(c2cc(ccc2C)C)C(=O)[O-]
dude_aldr__L002876,C[C@@H]1CCCC[C@@H]1n2c(nnc2SCc3c4c(cccc4sc3C(=O)[O-])F)c5cccnc5
dude_aldr__L002877,Cc1ccc(cc1C)c2c(sc(n2)c3ccncc3)C(=O)[O-]
dude_aldr__L002878,CCOc1ccccc1CN(CC=C)C(=O)c2cnc(nc2[O-])SC
dude_aldr__L002879,CCCc1nnc(n1c2ccc(cc2Br)C)[S-]
dude_aldr__L002880,Cc1cc(nc(n1)n2c(cc(n2)c3ccoc3C)N)C
dude_aldr__L002881,CC(C)(C)c1ccc(cc1)[C@H]2N([C@@H](CS2)C(=O)[O-])C(=O)c3ccc(cc3)Cl
dude_aldr__L002882,c1cc(sc1)c2nnc3n2nc(s3)NC(=O)c4cccs4
dude_aldr__L002883,CCOc1ccccc1c2n[nH]c(=S)n2/N=C/c3ccc(cc3)C(=O)[O-]
dude_aldr__L002884,Cc1ccc(cc1)c2nnc(n2c3ccc(cc3)Cl)SCC(=O)N/N=C/c4ccc(cc4O)O
dude_aldr__L002885,Cc1c(sc2c1c(ncn2)NCC(=O)N3CCC(CC3)C(=O)[O-])C
dude_aldr__L002886,C[C@@H](C(=O)/N=C/1\C=CC2=NC(=NC2=C1)[O-])N3CCc4ccccc4C3
dude_aldr__L002887,OC(=O)Cn3c(=O)s/c(=C/c2coc1ccc(N(=O)=O)cc1c2=O)c3=O
dude_aldr__L002888,c1cc(ccc1c2ccc(o2)C(=O)OCC(=O)Nc3c(ccs3)C(=O)N)F
dude_aldr__L002889,CCOc1ccc(cc1)C2=NC3=NN=C([C@H]3C(=C2)C(=O)[O-])c4ccc(cc4)F
dude_aldr__L002890,CN(CC(=O)N1CCCC1)C(=O)[C@@H]2C[C@@H]3CCCC[C@@H]3[NH2+]2
dude_aldr__L002891,CC1([C@@H](C(=NC(=C1C#N)SCCCC(=O)c2ccc(cc2)F)[O-])C#N)C
dude_aldr__L002892,Cc1c(nc2n1nc(s2)Br)C(C)C
dude_aldr__L002893,c1c(csc1c2c[nH]cc2C(=O)[O-])Br
dude_aldr__L002894,Cc1cccc(c1)S(=O)(=O)[N-]c2cc(no2)c3ccncc3
dude_aldr__L002895,Cc1cccc(c1C)n2c(c(c3ccccc3c2=O)/C=N/[C@H]4CCS(=O)(=O)C4)[O-]
dude_aldr__L002896,C[C@]12CCC[C@H]1[C@@H]3C[C@@H](C4=CC(=O)CC[C@@]4([C@@H]3[C@@H](C2)O)C)O
dude_aldr__L002897,CN(C)C(=O)CCNC(=O)Nc1ccc(cc1Cl)I
dude_aldr__L002898,c1ccc(c(c1)C(=O)NC[C@@H]2CCCO2)[N-]S(=O)(=O)c3ccc(cc3)Cl
dude_aldr__L002899,C[C@@H]1CCC[C@@H](C1)NC(=O)C2(CCCC2)/C(=N/O)/N
dude_aldr__L002900,CC(C)(C)CNC(=O)N1CCC[C@@H](C1)c2nnc3n2CCC3
dude_aldr__L002901,Cc1ccc(cc1)c2ccc3nnc(n3n2)S/C(=C(/C)\[O-])/C(=O)C
dude_aldr__L002902,c1c(cc(c(c1[N-]S(=O)(=O)CCCCl)OC(F)F)Br)Cl
dude_aldr__L002903,Cc1ccsc1/C=C/C(=O)N2CCO[C@@H](C2)C(=O)[O-]
dude_aldr__L002904,C1C[C@@H](N(C1)C(=O)CCCC(=O)[O-])C(=O)N2CCOCC2
dude_aldr__L002905,Cc1cc(no1)N[C@@]2(C(=O)N3CCSC3=N2)C(F)(F)F
dude_aldr__L002906,c1cc(oc1C(=O)NCC(=O)N2CCC[C@H](C2)C(=O)[O-])Br
dude_aldr__L002907,CCOc1ccc(cc1)C(=O)C2=C(C(=O)N([C@H]2c3cccc(c3)OCC=C)c4nc(c(s4)C(=O)C)C)[O-]
dude_aldr__L002908,CCOc1ccc(cc1)[N-]S(=O)(=O)c2ccc(s2)c3cnc(o3)C
dude_aldr__L002909,c1ccc(cc1)C(=C2[C@@H]3C=C[C@H]2[C@@H]4[C@@H]3C(=O)N(C4=O)c5cccc(c5)C(=O)[O-])c6ccccc6
dude_aldr__L002910,c1cc(ccc1[C@H]2C(=C(C(=O)N2c3nncs3)[O-])C(=O)c4ccc(cc4)F)F
dude_aldr__L002911,C[C@H]1c2cccc(c2C(=O)C3=C([C@H]4[C@@H]([C@@H]([C@@H]13)O)[C@@H](C(=C(C4=O)C(=O)N)[O-])[NH+](C)C)O)O
dude_aldr__L002912,C[C@@H]([C@@]1(CC[C@@H]2[C@@]1(CC[C@@H]3[C@@H]2CCC4=CC(=O)CC[C@@]34C)C)O)O
dude_aldr__L002913,c1cc(c(cc1[N+](=O)[O-])Cl)c2ccc(o2)/C=C/3\C(=NC(=S)S3)[O-]
dude_aldr__L002914,Cc1cc2c(c(c(c(=O)o2)CC(=O)N3CCC[C@H](C3)C(=O)[O-])C)c4c1c(c(o4)C)C
dude_aldr__L002915,COc1c(cc(cc1S(=O)(=O)Nc2c[nH]nc2)Cl)C(=O)[O-]
dude_aldr__L002916,C[C@@H](c1[n-]nnn1)N2C(=O)C(=O)NC2=O
dude_aldr__L002917,CSc1c(c(c2c(n1)CCCC2)C(F)(F)F)C(=O)[O-]
dude_aldr__L002918,c1cc2c(cc1S(=O)(=O)N3CCCc4c3cc(c(c4)F)F)oc(n2)[O-]
dude_aldr__L002919,Cc1c2c(nc3n(c2=O)CCC3)sc1c4n[nH]c(=S)o4
dude_aldr__L002920,Cc1cccc(c1)NC(=O)c2c(nc(s2)n3c(cc(n3)C)C)C
dude_aldr__L002921,CC[C@@H]1CO[C@@H](CN1c2nnc(n2c3ccccc3)[S-])C
dude_aldr__L002922,CCCc1cc(=O)n2c(n1)sc(n2)N3CCC(CC3)C(=O)[O-]
dude_aldr__L002923,CC\1=NC2=NC(=NC(=O)[C@@H]2[C@@H](/C1=C(\[O-])/OC)c3ccc(cc3)F)SC
dude_aldr__L002924,c1ccc(cc1)c2ccc(cc2)c3c[nH]cc3C(=O)[O-]
dude_aldr__L002925,Cc1ccc(cc1)S(=O)(=O)[N-]c2cc(nn2c3ccccc3)c4ccc(cc4)Br
dude_aldr__L002926,C[C@H]1c2ccsc2CCN1C(=O)N3CCCC[C@@H]3C(=O)[O-]
dude_aldr__L002927,Cc1cc(cc(c1)C(=O)C2CCC(CC2)C(=O)[O-])C
dude_aldr__L002928,Cc1ccc(cc1)S(=O)(=O)[N-]/N=C\2/c3cc(ccc3N(C2=O)C)C
dude_aldr__L002929,CCc1nnc(s1)/N=C(/c2cc(cc(c2)[N+](=O)[O-])[N+](=O)[O-])\[O-]
dude_aldr__L002930,Cc1ccc(cc1)c2cc(on2)/C(=N/S(=O)(=O)N3CCCCC3)/[O-]
dude_aldr__L002931,Cc1cc(cc(c1OCc2[nH]c(nn2)SCC(=O)[O-])C)Br
dude_aldr__L002932,Cc1ccc2c(c1)S[C@@H](C2)C(=O)Nc3ccc(c(c3)[N+](=O)[O-])F
dude_aldr__L002933,C[C@@]1(CCN(C1)C(=O)N2CCCc3c2cccc3)C(=O)[O-]
dude_aldr__L002934,Cc1cccc(c1)[C@@H]2C[C@@H](CN(C2)C(=O)C3CCCC3)C(=O)[O-]
dude_aldr__L002935,c1cc2c(cccn2)c(c1)NC(=O)[C@H]3CCCN(C3)C(=O)NC4CC4
dude_aldr__L002936,CN1CCc2c(s/c(=N\S(=O)(=O)c3cnn(c3)c4ccccc4)/[nH]2)C1
dude_aldr__L002937,c1ccc(cc1)/C=C/C=C(\C#N)/C(=N/c2nnc(s2)SCc3ccccc3F)/[O-]
dude_aldr__L002938,Cc1ccc(cc1)[C@H]2[C@H](C(=NC(=C2C#N)SCC(=O)N)[O-])C(=O)OC
dude_aldr__L002939,Cc1cnc(o1)c2cccc(c2)[N-]S(=O)(=O)c3ccc(c(c3)C#N)Cl
dude_aldr__L002940,c1ccc(c(c1)/C=C/S(=O)(=O)[N-]c2nc(cs2)c3ccncc3)Cl
dude_aldr__L002941,Cc1ccc(cc1NC(=O)N2CCC(=CC2)c3ccc(cc3)O)C(=O)N(C)C
dude_aldr__L002942,CCOc1c(n(c-2c1CCC(=O)c3c2nc4ccccc4c3SC)[O-])C
dude_aldr__L002943,c1cc2c(c(c1)NC(=O)[C@@H]3CCCC[C@@H]3C(=O)[O-])CCCC2
dude_aldr__L002944,c1ccc(c(c1)c2nnc(n2/N=C/C=C/c3ccco3)[S-])Cl
dude_aldr__L002945,CC[C@H](C)[C@H](C(=O)Nc1nnc(s1)c2ccc(cc2)Br)NC(=O)Nc3ccc(cc3)OC
dude_aldr__L002946,Cc1cc(cc(c1C)[N-]S(=O)(=O)c2ccc(c(c2)C(F)(F)F)Cl)S(=O)(=O)N(C)C
dude_aldr__L002947,CCCc1nnc(n1c2cccc(c2C)F)[S-]
dude_aldr__L002948,COc1ccccc1n2c(nnc2SCc3ccc(cc3)C(=O)[O-])c4ccccc4Cl
dude_aldr__L002949,C/C(=N\CCc1ccccc1)/C2=C(C(=O)N([C@@H]2c3ccccc3)CCC4=CN=C5[C@H]4C=CC=C5)[O-]
dude_aldr__L002950,CCCCS(=O)(=O)/N=C(/[C@@H]1CCCC[C@H]1C(=O)N2CCc3c2cccc3)\[O-]
dude_aldr__L002951,c1cc(sc1/C=N\n2c(nnc2[S-])C3CCCCC3)Br
dude_aldr__L002952,c1cc(c(cc1[N+](=O)[O-])[C@H]2CC(=Nc3n2ncn3)C(=O)[O-])Cl
dude_aldr__L002953,COc1cc(cc(c1Br)OC)/C(=N/S(=O)(=O)C)/[O-]
dude_aldr__L002954,Cc1nc(nc(n1)OC)N/C(=N/S(=O)(=O)c2ccc(c(c2)[N+](=O)[O-])Cl)/[O-]
dude_aldr__L002955,Cc1cc(ccc1[N-]S(=O)(=O)c2ccc(s2)C3=NN=C(C3)C(F)(F)F)Cl
dude_aldr__L002956,C[C@@H](C(=O)[O-])NC(=O)N1CCC[C@H](C1)CO
dude_aldr__L002957,c1ccc(cc1)[C@H]2NN[C@@H]3N2CCN(C3)C(=O)C4=C[C@@H]5C(=CC=N5)C=C4
dude_aldr__L002958,CC(=O)Nc1cc(c(cc1F)F)NCC(=O)N2CCC[C@H]2c3cccs3
dude_aldr__L002959,c1ccc(cc1)[C@](C2CC2)(C(=O)[O-])Sc3ccc(cc3)N
dude_aldr__L002960,Cc1cccc(n1)[N-]S(=O)(=O)c2ccc(cc2)C(=O)C
dude_aldr__L002961,c1cc(ccc1C2(CCC2)C(=O)NNC(=O)[C@H]3CCCO3)Br
dude_aldr__L002962,c1cc(ccc1CCC(=O)N2CCCC2)NC(=O)[C@H]3CC=CC[C@H]3C(=O)[O-]
dude_aldr__L002963,c1ccc(c(c1)C(=O)N2[C@@H]3CCCC[C@H]3C[C@@H]2C(=O)[O-])I
dude_aldr__L002964,C[C@H](c1ccncc1)[N-]S(=O)(=O)c2c(cc(cc2Cl)Br)Cl
dude_aldr__L002965,c1cc2c3c(c1)c(=O)c(c(n3CCC2)[O-])C(=O)N/N=C/c4ccncc4
dude_aldr__L002966,C[C@H]1CC[C@H](CN1S(=O)(=O)c2ccc(s2)Cl)C(=O)N
dude_aldr__L002967,Cn1cc(cn1)S(=O)(=O)/N=C(/[C@@H]2C[C@@H]2[N+](=O)[O-])\[O-]
dude_aldr__L002968,c1cc2c(cc1[N-]S(=O)(=O)c3ccc(nc3)Cl)N(CCC2)C(=O)C4CC4
dude_aldr__L002969,Cc1ccc(cn1)CNC(=O)[C@@H]2CCCC[C@H]2C(=O)[O-]
dude_aldr__L002970,CS(=O)(=O)N1CCC[C@@H](C1)NC(=O)Nc2ccc(cc2)n3cnnn3
dude_aldr__L002971,Cc1ccc(c(c1)S(=O)(=O)/N=C(/[C@H](C)OC)\[O-])C
dude_aldr__L002972,c1cc(ccc1[C@H](CC(=O)[O-])NC(=O)CSc2ccc(cc2)Br)Cl
dude_aldr__L002973,c1cn(c(=O)c(c1O)F)[C@H]2[C@@H]([C@@H]([C@H](O2)CO)O)O
dude_aldr__L002974,Cc1cc(c(c(c1)C)[C@](C)(C(C(=O)[O-])(F)F)O)C
dude_aldr__L002975,Cc1ccc(cc1)c2ccc(o2)C(=O)N3CCC[C@@H](C3)C(=O)[O-]
dude_aldr__L002976,Cc1cc(nc(n1)NNC=C2C(=O)CC(CC2=O)C)C
dude_aldr__L002977,Cc1cc2c(c(c1)O[C@H](C)C(=O)N[C@@H](C(C)C)C(=O)[O-])c3c(c(=O)o2)CCC3
dude_aldr__L002978,CC(=O)[C@H]1CC[C@H]2[C@@]1(CC[C@@H]3[C@@H]2CCC4=C/C(=N\OCC(=O)[O-])/CC[C@]34C)C
dude_aldr__L002979,CC[C@]1(CCCN(C1)C(=O)N2C[C@H](C[C@@H](C2)C)C)C(=O)[O-]
dude_aldr__L002980,CC(C)Cc1c(nnn1c2nnc(s2)COC)C(=O)[O-]
dude_aldr__L002981,Cc1nnc2n1nc(s2)c3cc(cc(c3)N)N
dude_aldr__L002982,CCC1CCN(CC1)C(=O)N2C[C@H](C[C@H]2C(=O)[O-])OC
dude_aldr__L002983,CCCc1nnc(s1)/N=C(/C(=C/C2=Cc3ccccc3O[C@H]2C)/C#N)\[O-]
dude_aldr__L002984,c1c(cn2c(c1N)nnc2C3CCCCC3)Br
dude_aldr__L002985,CC[C@]1(CCN(C1)C(=O)c2c(c(c(cn2)Cl)Cl)Cl)C(=O)[O-]
dude_aldr__L002986,C[C@@H](C12CC3CC(C1)CC(C3)C2)NC(=O)CS/C(=N/C#N)/[N-]c4ccccc4
dude_aldr__L002987,C[C@H](C(C)C)NC(=O)c1ccc2c(c1)SC3=NS(=O)(=O)CCN23
dude_aldr__L002988,Cc1ccc(cc1C(=O)[O-])S(=O)(=O)N2CCC[C@@H](C2)C(F)(F)F
dude_aldr__L002989,C1CC1C2=C3C(=NC(=NC3=O)CCC(=O)[O-])SC2
dude_aldr__L002990,Cc1ccc(cc1)O[C@H](C)C(=O)Nc2ccc(cc2C)N
dude_aldr__L002991,C[C@H](C(=O)Nc1ccc(cc1)N2CCCCC2)Sc3ccccc3C(=O)[O-]
dude_aldr__L002992,CC(C)N(CC(=O)[O-])C(=O)c1c(c(c(cn1)Cl)Cl)Cl
dude_aldr__L002993,C=CCn1c(cnc1SCC(=O)N2CCC(CC2)C(=O)[O-])c3ccc(cc3)Cl
dude_aldr__L002994,Cc1c(c(n(n1)C)Cl)S(=O)(=O)/N=C(/C[C@@H](C)C2CC2)\[O-]
dude_aldr__L002995,CC[C@H]1CCCCN1S(=O)(=O)c2ccc(cc2)[N-]S(=O)(=O)c3ccccc3
dude_aldr__L002996,C/C(=C\c1cc(cc(c1[O-])Br)[N+](=O)[O-])/C=O
dude_aldr__L002997,CCOc1cc(ccc1Oc2ccc(cc2[N+](=O)[O-])[N+](=O)[O-])[C@@H]3N[C@H](CS3)C(=O)[O-]
dude_aldr__L002998,C[C@H]1CCCCN1C(=O)c2ccc3c(c2)nc(n(c3=O)CCCOC)[S-]
dude_aldr__L002999,CC(C)N(Cc1cccnc1)C(=O)[C@H]2C[C@@H]2C(=O)[O-]
dude_aldr__L003000,Cc1nc(cs1)c2ccc(c(c2)S(=O)(=O)[N-]c3cccc(c3)C#N)C(C)C
dude_aldr__L003001,C[C@H](c1cccs1)NC(=O)Nc2ccc(cc2F)C(=O)[O-]
dude_aldr__L003002,c1cc(c(=O)[nH]c1)C(=O)N2CCC[C@@H]2C(=O)[O-]
dude_aldr__L003003,CC[C@@H](C(=O)[O-])N(C)C(=O)N1CCO[C@@H]2[C@@H]1CCCC2
dude_aldr__L003004,Cc1cc(ccc1N2CCNC2=O)C(=O)Nc3ccccc3C(=O)NCC(C)C
dude_aldr__L003005,OC(=O)Cn4cc(Cc2nc1c(F)c(F)cc(F)c1s2)c5ccc(c3ccccc3)cc45
dude_aldr__L003006,Cc1ccc(cc1)c2[n-]n3c(cc(=O)nc3n2)N4C(=O)[C@H]5CC=CC[C@@H]5C4=O
dude_aldr__L003007,CCc1nn2c(c(nc2s1)C)S(=O)(=O)[N-]c3ccc(cc3Br)C
dude_aldr__L003008,Cc1nnc(s1)NC(=O)[C@H]2CCCN(C2)[C@@H]3[C@@H]4C(=NC=N4)[N-]C(=N3)Cl
dude_aldr__L003009,CC(C)(C)c1cn2c(n1)sc(n2)Br
dude_aldr__L003010,CCC1CCC(CC1)N(C)C(=O)N2CCC(CC2)C(=O)[O-]
dude_aldr__L003011,Cc1cc(nn1C)C(=O)NC2CCCCC2
dude_aldr__L003012,CCC[C@@H]1CCCN(CC1)C(=O)c2ccc3c(c2)nc(=S)n(c3[O-])C
dude_aldr__L003013,Cc1c(c([nH]c1C(=O)N2C[C@H](O[C@@H](C2)C)C)C)C(=O)OC
dude_aldr__L003014,Cc1cccc(c1)S(=O)(=O)/N=C(/[C@@H]2CCN(C2=O)c3ccc(c(c3)F)F)\[O-]
dude_aldr__L003015,c1ccc(cc1)C(=O)N2[C@@H]3CCCC[C@H]3C[C@@H]2C(=O)Nc4ccc[nH]c4=O
dude_aldr__L003016,Cc1ccc(cc1)n2c(nnc2[S-])c3c(cn(n3)C)Cl
dude_aldr__L003017,CC1=C2C(=NC(=NC2=O)CSc3nnnn3Cc4ccccc4)S[C@@H]1C(=O)[O-]
dude_aldr__L003018,COCCCN/C(=C(\C#N)/C(=O)c1cc2cccc(c2o1)Br)/[O-]
dude_aldr__L003019,CCCCCSC1=NC(=O)[C@@H]2[C@H](C3=C(CC(CC3=NC2=N1)(C)C)[O-])c4ccc(cc4)C
dude_aldr__L003020,c1ccc(cc1)c2cc3c(s2)ncnc3SCC(=O)N4CCCC[C@@H]4C(=O)[O-]
dude_aldr__L003021,CCn1cc(cn1)S(=O)(=O)[N-]c2ccc(nc2)n3cccn3
dude_aldr__L003022,Cc1ccc(c(c1)O[C@](C)(c2ccccc2F)C(=O)[O-])Cl
dude_aldr__L003023,CC(C)c1cc([nH]n1)NC(=O)c2ccc(s2)C(=O)Nc3cc(n[nH]3)C(C)C
dude_aldr__L003024,c1ccc(c(c1)[C@H]2C[C@]3(CC[C@@H](C3)O)N(C2)F)O
dude_aldr__L003025,Cc1ccccc1NC(=O)[C@H]2CCCN(C2)c3nnc4n3cccc4
dude_aldr__L003026,Cc1cc(nc(c1C(=O)[O-])SCC(=O)N(C)Cc2ccsc2)C
dude_aldr__L003027,CC(C)(C)c1cc(n(n1)c2ccc(cc2)F)[N-]S(=O)(=O)c3c[nH]nc3
dude_aldr__L003028,c1cc(ccc1C(=O)NNC(=O)c2cc3c(c(c2)Cl)OCO3)n4cnnn4
dude_aldr__L003029,Cc1ccc(s1)[C@@H]2NC(=NO2)c3cccc(c3)c4ccn[nH]4
dude_aldr__L003030,c1cnc(cn1)C(=O)N2CCC[C@H](C2)CCC(=O)[O-]
dude_aldr__L003031,CCCc1nnc(s1)/N=C(/C(=O)N2CCC[C@H](C2)Cc3ccc(cc3)C)\[O-]
dude_aldr__L003032,CO[C@@H]1[C@@H]2[C@@H](O[C@@H]1[C@H](CO)O)OC3(O2)CCCCC3
dude_aldr__L003033,COc1c(cc(cc1Br)Br)CNc2[n-]nnn2
dude_aldr__L003034,c1cc(c(cc1I)C(=O)[O-])NC(=O)[C@@H]2CCC(=O)N2
dude_aldr__L003035,CC1(OC[C@H]2[C@@H](O1)[C@@H]3[C@](O2)(OC(O3)(C)C)C(=O)[O-])C
dude_aldr__L003036,c1c(c(c(nn1)[O-])Cl)N2CCN(CC2)CC3=CC[C@H](S3)Cl
dude_aldr__L003037,c1c(=O)[nH]c(=O)n(c1[O-])C2CCCCC2
dude_aldr__L003038,c1cc(sc1)c2nc(c(o2)[C@@H]3CCCCO3)C(=O)[O-]
dude_aldr__L003039,Cc1c(sc(n1)Cl)S(=O)(=O)[N-]c2ccccc2Br
dude_aldr__L003040,c1cc(ccc1CS(=O)(=O)/N=C(/C=C/c2ccc(cc2)Cl)\[O-])C#N
dude_aldr__L003041,Cc1nc(n(n1)C)N
dude_aldr__L003042,C[C@H](C(=O)N1CCC[C@H](C1)C(=O)[O-])Oc2ccc(cc2)Br
dude_aldr__L003043,Cc1nc2c(c3c(s2)C[C@@H](CC3)C)c4n1c(=O)n(n4)CC(=O)NC(C)(C)C
dude_aldr__L003044,c1cc(cc(c1)S(=O)(=O)[N-]c2cc(ccc2F)N3CCCCC3)[N+](=O)[O-]
dude_aldr__L003045,CCCS(=O)(=O)N1CCN(CC1)S(=O)(=O)[C@@H](C)C(=O)[O-]
dude_aldr__L003046,CC[C@]1(CCCN(C1)C(=O)N2[C@H](CCC[C@@H]2C)C)C(=O)[O-]
dude_aldr__L003047,C1[C@@H](C[C@@H]2OC[C@H]1O2)O
dude_aldr__L003048,C[C@@H]1C[C@H]1c2ccc(o2)/C=C(\C#N)/c3nc4c(cccn4)c(n3)[O-]
dude_aldr__L003049,Cc1c(c(n(n1)c2ccc(cc2)[N-]S(=O)(=O)c3cccs3)C)Cl
dude_aldr__L003050,Cc1c(nc(nn1)S[C@H](C)C(=O)C2=N[C@@H](C(=C2C)C(=O)OC)C)[O-]
dude_aldr__L003051,c1cc(cc(c1)S(=O)(=O)[N-]c2ccc3c(c2)nc(o3)C4CC4)n5cnnn5
dude_aldr__L003052,c1cc(=O)[nH]cc1C(=O)N2CCc3c(ccs3)[C@@H]2C(=O)[O-]
dude_aldr__L003053,OC(=O)Cc3nn(Cc2nc1cccnc1s2)c(=O)c4ccccc34
dude_aldr__L003054,c1c(cc(c(c1Cl)O[C@@]2(CCSC2)C(=O)[O-])Cl)[N+](=O)[O-]
dude_aldr__L003055,C1CC[C@@H]2[C@H](C1)C[C@@H](N2C(=O)[C@@H]3CC[NH2+]C3)C(=O)[O-]
dude_aldr__L003056,Cc1nc(cs1)COc2ccc(cc2)C(=O)N3CCC(CC3)(c4ccccc4)C(=O)[O-]
dude_aldr__L003057,C[C@@H]1C[C@@H]2[C@H]3CC[C@]([C@@]3(C[C@@H]([C@H]2[C@]4(C1=CC(=O)C=C4)C)O)C)(C(=O)COC(=O)C)O
dude_aldr__L003058,CCc1nnc(s1)/N=C(/C(=O)N2CCC[C@H](C2)C)\[O-]
dude_aldr__L003059,c1cc(ccc1/N=N/c2c3ccc(cc3cc(c2O)S(=O)(=O)[O-])S(=O)(=O)[O-])[N+](=O)[O-]
dude_aldr__L003060,Cc1c(c(on1)C)S(=O)(=O)N[C@@H]2CCCC[C@H]2O
dude_aldr__L003061,CC[C@H](C(=O)[O-])NC(=O)CCc1c(c2ccc(c(c2oc1=O)C)O)C
dude_aldr__L003062,CC(C)NC(=O)c1ccc(c(c1)F)/C=C/C(=O)[O-]
dude_aldr__L003063,Cc1ccc(cc1[N-]S(=O)(=O)c2cccc(c2)Br)C(=O)OC
dude_aldr__L003064,CCC[C@@]1(CCN(C1)S(=O)(=O)c2ccc(s2)Cl)C(=O)[O-]
dude_aldr__L003065,CC1([C@@H](N2[C@H](S1)[C@@H](C2=O)N3C(=O)[C@@H](NC3(C)C)c4ccccc4)C(=O)[O-])C
dude_aldr__L003066,CN(C)C(=O)[C@H]1CCCN1c2cc3c(cc2N)OCCO3
dude_aldr__L003067,C[C@@]1(CCCN(C1)S(=O)(=O)CCS(=O)(=O)C)C(=O)[O-]
dude_aldr__L003068,Cc1csc(n1)Sc2ccc(cc2N)C(=O)[O-]
dude_aldr__L003069,CCN(C[C@H](C)C(=O)[O-])C(=O)N1CCCCC1
dude_aldr__L003070,C[C@@H](C(=O)N1CCC(CC1)C(=O)[O-])Sc2ccc(cc2)Br
dude_aldr__L003071,C[C@H](C(=O)N1CCCCC1)NC(=O)c2c(c[nH]n2)N
dude_aldr__L003072,Cc1c(c(=O)n(c(c1/N=N/c2ccc(cc2)Br)[O-])C[C@@H]3CCCO3)C#N
dude_aldr__L003073,CC(C)(C)c1c(nnn1c2ccccc2I)C(=O)[O-]
dude_aldr__L003074,CC(=O)N(C)CC(=O)N1CCC[C@@H](C1)CCC(=O)[O-]
dude_aldr__L003075,c1cc(cnc1)Oc2ccc(s2)C(=O)[O-]
dude_aldr__L003076,c1c([nH]c(=O)[nH]c1=O)CC(=O)N2CC[C@H](C2)C(=O)[O-]
dude_aldr__L003077,Cn1cccc1c2csc(n2)[N-]S(=O)(=O)c3cnn(c3)c4ccccc4
dude_aldr__L003078,Cc1cc(no1)[N-]S(=O)(=O)c2cccc(c2)C(=O)/N=c\3/n(ccs3)C
dude_aldr__L003079,C1CCC[NH+](CC1)CCNC(=O)CC2CCN(CC2)C(=O)NC3CCCCC3
dude_aldr__L003080,Cc1c2cc3c(coc3c(c2oc(=O)c1CCC(=O)[O-])C)c4ccc(cc4)Br
dude_aldr__L003081,C#Cc1cccc(c1)[N-]S(=O)(=O)c2ccc(c(c2)C#N)Cl
dude_aldr__L003082,CCCn1c(nnc1[S-])N2C[C@H](OC(C2)(C)C)C
dude_aldr__L003083,c1c(csc1I)C(=O)[O-]
dude_aldr__L003084,c1cc(oc1)/C(=C(/C#N)\C(=O)c2ccc(cc2)Cn3cncn3)/[O-]
dude_aldr__L003085,CC(C)(C)[C@H]1CCCC[C@@]1(C(=O)[O-])n2c(=O)cccn2
dude_aldr__L003086,Cc1cccc(c1S(=O)(=O)[N-]c2ccc(c(c2)F)F)[N+](=O)[O-]
dude_aldr__L003087,C[C@@](c1cccnc1)(C(=O)[O-])Sc2nnnn2C3CC3
dude_aldr__L003088,C[C@@H]1CCCCN1C(=O)c2ccc(cc2)[N-]S(=O)(=O)c3cccc(c3)C#N
dude_aldr__L003089,Cc1ccc(cc1[N+](=O)[O-])S(=O)(=O)[N-]/N=C/c2c(cccc2F)F
dude_aldr__L003090,CC(=O)Nc1c(c2c(s1)CCC[C@@H]2C(=O)[O-])C(=O)N
dude_aldr__L003091,Cc1cc(ccc1N2C(=O)/C(=C\c3cc(n(c3C)C)C)/C(=NC2=S)[O-])Br
dude_aldr__L003092,C1CCC(=CC1)[C@@]2(CCCCC2=O)CCC(=O)[O-]
dude_aldr__L003093,Cc1ccc(n1C)C(=O)NC2CCN(CC2)c3ccc(cn3)C#N
dude_aldr__L003094,C/C(=C/1\C(=O)N=C(S1)[N-]c2ccccc2C(=O)OC)/c3ccc(cc3)Br
dude_aldr__L003095,Cc1cccc(c1I)/C(=N/S(=O)(=O)c2ccc(s2)C)/[O-]
dude_aldr__L003096,c1c(c(n(n1)c2nc(cs2)C(F)(F)F)C(F)(F)F)C(=O)[O-]
dude_aldr__L003097,CC[C@@H]1C(=O)N(c2c(c(c(c(c2O1)N)C)Cl)C)C
dude_aldr__L003098,CCCCc1ccc(cc1)n2c(cc(c2C)/C=C/3\C(=NC(=S)N(C3=O)c4ccccc4F)[O-])C
dude_aldr__L003099,c1cc(sc1S(=O)(=O)N2CCO[C@H](C2)C(=O)[O-])Br
dude_aldr__L003100,Cc1ccc(o1)/C=N/n2c(nnc2[S-])c3ccccc3Br
dude_aldr__L003101,Cn1cnnc1c2cccc(c2)[N-]S(=O)(=O)C3CCCCC3
dude_aldr__L003102,c1cc(cc(c1)N2CCNC2=O)[N-]S(=O)(=O)c3ccc(c(c3)[N+](=O)[O-])Cl
dude_aldr__L003103,Cc1nc(n(n1)[C@@]2(CCCC[C@H]2C(C)(C)C)C(=O)[O-])C
dude_aldr__L003104,C[C@H](C(=O)[O-])S(=O)(=O)N1CCN(CC1)c2cnccn2
dude_aldr__L003105,Cc1ccccc1NC(=O)C2=C(N=C([N-][C@H]2c3ccc(o3)C)SC)C
dude_aldr__L003106,CCc1nnc(s1)/N=C(/C(=O)N2CCC(CC2)C)\[O-]
dude_aldr__L003107,Cn1cc(cn1)S(=O)(=O)/N=C(/c2cccc(c2)Br)\[O-]
dude_aldr__L003108,CC1=C(C(=N[C@@H]1C(=O)[O-])C)C(=O)/C=C/c2ccc(cc2)OC(F)F
dude_aldr__L003109,CCOc1ccccc1[N-]S(=O)(=O)C2=C(S[C@@H](C2)[C@@H]3C(=C(N=N3)C)C)C
dude_aldr__L003110,C1C2CC3CC1CC(C2)(C3)[C@H](C(=O)[O-])Br
dude_aldr__L003111,Cc1ccc(cc1)NC(=O)N2CCC3(CC2)N(CCS3)C(=O)C(C)C
dude_aldr__L003112,c1csc2=C[C@@H](N=c21)C(=O)N3CCC(CC3)[C@@H]4NN[C@@H]5N4CCCCC5
dude_aldr__L003113,CCCC1CCN(CC1)S(=O)(=O)c2cc(sc2Br)C(=O)[O-]
dude_aldr__L003114,CC1(CC(=O)[C@H](C(=C1C(=O)OC)[O-])C(=O)c2ccc(cc2)[N+](=O)[O-])C
dude_aldr__L003115,C1C[C@H]2C[C@@H]1C[C@@H]2Cc3nnc(o3)COCC(=O)[O-]
dude_aldr__L003116,C1CCC(CC1)(CC(=O)N2CCCSCC2)CC(=O)[O-]
dude_aldr__L003117,Cc1cc(ccc1Br)[N-]S(=O)(=O)CCS(=O)(=O)C
dude_aldr__L003118,Cc1cc(c(n1c2ccc(cc2)N(C)C)C)/C=C\3/C(=O)NC(=S)N3
dude_aldr__L003119,CCCc1ccc(cc1)C(=O)N2CCCc3c2cccc3[N-]S(=O)(=O)C
dude_aldr__L003120,C[C@@H](c1ccccc1F)N(C)/C(=N/c2nnc(s2)c3ccsc3)/[O-]
dude_aldr__L003121,COc1ccc(cc1OC)[N-]S(=O)(=O)c2cc(cnc2)Br
dude_aldr__L003122,Cc1c(c(n(n1)C)Cl)S(=O)(=O)[N-]c2cccc(c2)OC(F)(F)F
dude_aldr__L003123,Cc1cccc(c1C)[N-]S(=O)(=O)c2ccc(cc2Br)Br
dude_aldr__L003124,CC(=O)N1CCc2c(sc(c2C(=O)[O-])NC(=O)C(F)(F)F)C1
dude_aldr__L003125,Cc1c(c(n(n1)C)Cl)C(=O)N2CCC(CC2)CC(=O)N
dude_aldr__L003126,OC(=O)Cc2nn(Cc1ccc(Br)cc1F)c(=O)c3ccccc23
dude_aldr__L003127,Cc1ccc(cc1C)OCCCC(=O)N2CCC[C@@H]2C(=O)[O-]
dude_aldr__L003128,c1cc(cc(c1)n2cnnn2)NC(=O)c3cnc(s3)c4cccs4
dude_aldr__L003129,CCC1CCC(CC1)(C(=O)[O-])NC(=O)[C@@H]2CCCOC2
dude_aldr__L003130,Cc1cc-2cc/c(=N/S(=O)(=O)c3ccc(s3)Cl)/cc2[nH]c1[O-]
dude_aldr__L003131,COc1cccc(c1)/C=C(\C#N)/C(=N/c2nnc(s2)SC)/[O-]
dude_aldr__L003132,Cc1ccc(cc1)C(=O)Nc2nc3c(s2)CCC[C@@H]3C(=O)NCc4ccncc4
dude_aldr__L003133,CCN(CC)C(=O)C1=C(N=C2N([C@@H]1c3cccc(c3)OC)C(=CS2)/C=C(/N(C)Cc4ccccc4)\[O-])C
dude_aldr__L003134,C[C@@H](C(=O)NC(=O)N1C[C@H]2CC[C@@H]1C2)Cl
dude_aldr__L003135,CCN(CC)C(=O)N1CCC[C@H](C1)CCC(=O)[O-]
dude_aldr__L003136,c1cc(c(c(c1)Cl)Cl)/C=C/C(=O)c2ccc(cc2)S(=O)(=O)N3CCC(CC3)C(=O)[O-]
dude_aldr__L003137,CN(C)C(=O)c1cc(ccc1Cl)[N-]S(=O)(=O)CCCCl
dude_aldr__L003138,c1c(cnc2c1c(=O)[nH]c(n2)[O-])C(=O)N[C@H]3CCCC[C@@H]3C(F)(F)F
dude_aldr__L003139,c1ccc(cc1)Cc2nnc(n2c3ccccc3)SCc4c(cco4)C(=O)[O-]
dude_aldr__L003140,Cc1ccc(cc1C(=O)[O-])S(=O)(=O)N2CCCc3c2c(ccc3)OC
dude_aldr__L003141,Cc1nnc(s1)/N=C(/C(=C/c2ccco2)/C#N)\[O-]
dude_aldr__L003142,Cc1ccccc1[N-]S(=O)(=O)c2ccc(cc2)C(=O)[C@@H](C#N)c3ccccn3
dude_aldr__L003143,Cc1cc(sc1C)/C(=N/S(=O)(=O)c2cc(sc2C)C)/[O-]
dude_aldr__L003144,C[C@@H]2C[C@@](O)(CC(O)=O)c1cc(F)c(Cl)cc1O2
dude_aldr__L003145,Cc1cccc(c1)c2nc(c(nn2)CCC(=O)NC[C@@H]3CCCO3)[O-]
dude_aldr__L003146,c1cc(sc1)c2ccc(c(=O)[nH]2)C(=O)NNC(=O)c3ccc(nc3)Cl
dude_aldr__L003147,C[C@@]1(CC[C@@H](C1(C)C)C(=O)Nc2ccccc2/N=C/c3ccccc3F)C(=O)[O-]
dude_aldr__L003148,C1CCC2(CC1)CC(=O)N(C2=O)C3CCC(CC3)C(=O)[O-]
dude_aldr__L003149,Cc1cc(ccc1N2CCCC2=O)S(=O)(=O)[N-]c3ccc(c(c3)Cl)Cl
dude_aldr__L003150,CCc1ccc(cc1)S(=O)(=O)[N-]/N=C\[C@@H]2C=NN=C2c3ccc(cc3)F
dude_aldr__L003151,Cc1c2c([nH]n1)OC(=C([C@H]2c3cc(cs3)[N+](=O)[O-])C#N)N
dude_aldr__L003152,c1ccc2c(c1)c3c(c(=O)s2)[C@H](C(=C(O3)N)C#N)c4cccnc4
dude_aldr__L003153,CC(C)OC[C@H](C#N)N
dude_aldr__L003154,CN1C(=O)c2ccc(cc2C1=O)S(=O)(=O)[N-]c3ccc(cc3)OCCOC
dude_aldr__L003155,Cc1cc(cc2c1N[C@H]([C@H]3[C@@H]2C=CC3)c4ccccc4OC)[N+](=O)[O-]
dude_aldr__L003156,c1ccc(cc1)[C@@H]2CC(=O)N(C3=C2C(=O)CCC3)c4ccc(cc4)C(=O)[O-]
dude_aldr__L003157,c1cc(ncc1/C(=N/S(=O)(=O)N2CCCCC2)/[O-])OCC(F)(F)F
dude_aldr__L003158,c1ccc(c(c1)/C=C\2/C(=O)NC(=N2)[S-])OCc3ccc(cc3)[N+](=O)[O-]
dude_aldr__L003159,c1cc(c(cc1Nc2nnc(s2)[S-])C#N)F
dude_aldr__L003160,C[C@H]1C(=O)Nc2cc(ccc2O1)NC(=O)C3=NN(C(=O)CC3)[C@H]4CCS(=O)(=O)C4
dude_aldr__L003161,CC/C(=C/[C@H]1N(c2cc(ccc2O1)c3ccccc3)CCCS(=O)(=O)[O-])/OCC
dude_aldr__L003162,O=C1CC4(C(=O)N1)C(=O)N(CCc2ccccc2)C(=O)c3cccn34
dude_aldr__L003163,CCN(C[C@@H](C)C(=O)[O-])C(=O)[C@H]1CCCN(C1)S(=O)(=O)C
dude_aldr__L003164,CCOc1ccc(cc1)n2c(cc(c2C)/C(=N/S(=O)(=O)c3ccc(cc3)C)/[O-])C
dude_aldr__L003165,CCc1c(c(c(s1)n2cccc2)C(=O)[O-])C
dude_aldr__L003166,CC[C@@H](C(=O)[O-])Sc1c2c(ncn1)S[C@@H]3[C@@H]2CC[C@@H](C3)C
dude_aldr__L003167,CCc1cc2c(s1)ncnc2SCC(=O)N3CCC[C@H](C3)C(=O)[O-]
dude_aldr__L003168,CCN([C@@H](C)CC(=O)[O-])C(=O)[C@@H]1CCCCN1S(=O)(=O)C
dude_aldr__L003169,CC1(C=CN(C(=N1)[S-])C2=CC3=CC=N[C@H]3C=C2)C
dude_aldr__L003170,c1cc(c(nc1)Cl)S(=O)(=O)[N-]c2c(c3c(s2)CCC3)C#N
dude_aldr__L003171,c1c(c2c3c(c(=O)[nH]c(n3)[O-])sc2nc1C4CC4)C(F)(F)F
dude_aldr__L003172,CC1CCC(CC1)(C(=O)[O-])NC(=O)N2CCS(=O)CC2
dude_aldr__L003173,Cc1cc(ccc1c2c(cc(o2)/C=C\C(=O)[O-])Br)[N+](=O)[O-]
dude_aldr__L003174,CC(=C)COc1cccc(c1)[N-]S(=O)(=O)c2ccccc2S(=O)(=O)C
dude_aldr__L003175,c1cc(cc(c1)S(=O)(=O)[N-]c2cc(ccc2Cl)N)F
dude_aldr__L003176,CC(C)CN(C)C(=O)c1ccc(cc1[N-]S(=O)(=O)C)F
dude_aldr__L003177,c1c(c(c2c(c1Br)nsn2)N)Cl
dude_aldr__L003178,CCC[NH+]1Cc2cccc(c2C1)NC(=O)c3ccc(s3)NC(=O)c4ccco4
dude_aldr__L003179,c1ccc(c(c1)C(=O)N2CCS[C@@H]2c3ccc(cc3)Cl)C(=O)[O-]
dude_aldr__L003180,CCCc1nnc(s1)/N=C(/C(=C/c2ccc(c(c2)Cl)Cl)/C#N)\[O-]
dude_aldr__L003181,Cc1cc(ccc1F)[N-]S(=O)(=O)c2cc(cnc2)Br
dude_aldr__L003182,COc1ccc(cc1N2CCCC2=O)S(=O)(=O)[N-]c3cc(cc(c3)Cl)Cl
dude_aldr__L003183,Cc1cc(c(s1)C)[C@@H](C)n2ccnc2SCC(=O)[O-]
dude_aldr__L003184,C[C@H](C1CC1)N(C)S(=O)(=O)c2cc(c(cc2Cl)Cl)C(=O)[O-]
dude_aldr__L003185,c1cc2c(cc1C(=O)NC3(CCCCC3)C(=O)[O-])CCCC2
dude_aldr__L003186,c1ccc(c(c1)NC(=O)N2CCS[C@@H]2c3ccc4c(c3)OCO4)F
dude_aldr__L003187,CCn1c(c(c(n1)C)CN(CC)C(=O)c2c(cn(n2)C)C(=O)[O-])C
dude_aldr__L003188,Cc1c(sc2c1c(nc(n2)/C(=C/c3ccc(o3)c4c(cccc4Cl)Cl)/C#N)[O-])C
dude_aldr__L003189,CCCCc1nnc2n1N3[C@@H](SC=C3S2)c4ccc(cc4)C(=O)[O-]
dude_aldr__L003190,COc1ccc(cc1S(=O)(=O)N2CCc3c2ccc(c3)C(=O)[O-])Br
dude_aldr__L003191,COC(=O)[C@H]1[C@H](C(=C(N=C1[O-])SCC=C)C#N)c2ccc(cc2)Cl
dude_aldr__L003192,c1ccc2c(c1)[nH]c(n2)CS[C@H]3N[C@H]4C(=N3)C=C(C=N4)Cl
dude_aldr__L003193,CC1(CCN(CC1)C(=O)N(C)CC(F)(F)F)C(=O)[O-]
dude_aldr__L003194,CC(=O)NC[C@@H]1CCCN(C1)C(=O)c2cc3c([nH]2)cccc3F
dude_aldr__L003195,Cc1ccc(cc1)[N-]S(=O)(=O)C[C@@H](C)C(=O)N2CCOCC2(C)C
dude_aldr__L003196,c1ccc(cc1)n2cc(c(n2)c3cccs3)/C=C/4\CCc5c4nc6ccccc6c5C(=O)[O-]
dude_aldr__L003197,C1C[C@@H](CN(C1)C(=O)Nc2nnc(s2)C3CC3)CO
dude_aldr__L003198,COC1CCN(CC1)C(=O)N2CC[C@H](C2)C(=O)[O-]
dude_aldr__L003199,Cc1ccccc1[N-]C2=NC(=O)/C(=C\c3csnn3)/S2
dude_aldr__L003200,c1cc2c(cc1S(=O)(=O)[N-]c3ccc(c(c3F)F)F)CCC(=O)N2
dude_aldr__L003201,C[C@@]1(CCCN(C1)C(=O)NCC=C)C(=O)[O-]
dude_aldr__L003202,C[C@@H]3C[C@]1(NC(=O)NC1=O)c2cc(Cl)cn(=O)c2O3
dude_aldr__L003203,c1cc(cnc1)c2nc(c(s2)C(=O)[O-])C3CC3
dude_aldr__L003204,c1cc(ccc1[C@H]([C@H](CO)Nc2ccc(c(c2)C(=O)[O-])[N+](=O)[O-])O)[N+](=O)[O-]
dude_aldr__L003205,CCc1nnc(n1CC2CC2)SCC(=O)[O-]
dude_aldr__L003206,C[C@@]12c3c(c4ccccc4[nH]3)CCN1C(=O)N(C2=O)c5ccc(cc5)C(=O)[O-]
dude_aldr__L003207,CCOCCSc1c(c(nc(n1)C)C)C(=O)[O-]
dude_aldr__L003208,CC1CCN(CC1)C(=O)c2coc(n2)[C@@H]3CCC[NH2+]3
dude_aldr__L003209,Cc1cc(on1)c2ccc(s2)S(=O)(=O)[N-]c3ccc(cc3)C#N
dude_aldr__L003210,Cc1ccc(cc1C)NC(=O)C23C[C@H]4C[C@@H](C2)CC(C4)(C3)n5nc(nn5)C
dude_aldr__L003211,CCN([C@H](C)COC)C(=O)N1CCCC[C@@H]1C(=O)[O-]
dude_aldr__L003212,c1cc(=O)[nH]cc1C(=O)N2CCc3c(ccs3)[C@H]2C(=O)[O-]
dude_aldr__L003213,CCN(CC)S(=O)(=O)c1ccc2c(c1)nc(n2C[C@H]3CCCO3)SCc4ccc(cc4)[C@@H](C)C(=O)[O-]
dude_aldr__L003214,CC[C@]1(CCCN(C1)C(=O)N(C)[C@H](C)C(C)C)C(=O)[O-]
dude_aldr__L003215,CCn1c(c2ccc(cc2nc1=S)C(=O)Nc3ccccc3SC)[O-]
dude_aldr__L003216,C[C@@H]1CN(CC(O1)(C)C)Cc2cc(cc3c2OCOC3)N
dude_aldr__L003217,Cc1c(sc(n1)[S-])CC(=O)N2CCN(CC2)[C@@H](c3ccccc3Cl)C(=O)OC
dude_aldr__L003218,c1csc(c1C(=O)[O-])N2C(=O)[C@H]3[C@@H]4C[C@H]([C@H]3C2=O)C=C4
dude_aldr__L003219,Cc1ccc(cc1)n2c(nnc2SCc3c4ccccc4oc3C(=O)[O-])c5ccccc5F
dude_aldr__L003220,Cc1ccc(s1)S(=O)(=O)[N-]c2ncc(s2)C#CCO
dude_aldr__L003221,CCN([C@H](C)CC(=O)[O-])C(=O)N1CCSCC1
dude_aldr__L003222,Cc1cn2c(n1)sc(n2)Sc3[n-]nc(n3)c4ccc(cc4)Cl
dude_aldr__L003223,Cc1ccc(cc1)c2nnc(n2CC(=O)N(Cc3cccnc3)C(C)C)[S-]
dude_aldr__L003224,COc2c(\C=c1/sc(=S)n(CC(O)=O)c1=O)ccc3ccccc23
dude_aldr__L003225,C1CN(CCC1O)C(=O)N2CSC[C@H]2C(=O)[O-]
dude_aldr__L003226,Cc1c(c(nc(n1)[O-])S[C@H](c2ccccc2)C(=O)NC3CC3)C(=O)C
dude_aldr__L003227,c1cc(c(cc1c2ccc(o2)/C=C(\C#N)/c3nc4ccc(cc4c(n3)[O-])Cl)Cl)Cl
dude_aldr__L003228,Cc1ccnc(n1)N2CCC[C@@H](C2)C(=O)Nc3cc(cc(c3)C)C
dude_aldr__L003229,CC(C)(C)N1C(=O)C(=CC2=c3ccccc3=[NH+]C2)C(=NC1=O)[O-]
dude_aldr__L003230,C[C@H](c1[n-]nnn1)NC(=O)[C@H](C(C)C)Br
dude_aldr__L003231,Cc1c(cnn1C)c2ccnc3n2nc(c3)C(=O)NC4CCCCCC4
dude_aldr__L003232,c1nc2c(nc(nc2n1[C@H]3[C@H]([C@@H]([C@@H](O3)CO)O)O)I)N
dude_aldr__L003233,CC(C)n1c2c(cc(cn2)C(=O)Oc3ccc(cc3)[N-]S(=O)(=O)C)cn1
dude_aldr__L003234,Cc1ccc(cc1)N2C(=O)/C(=C\c3ccc(o3)c4ccc(c(c4)C)Br)/C(=NC2=O)[O-]
dude_aldr__L003235,c1csc(c1S(=O)(=O)N[C@@H]2CC[C@@H]3CCCC[C@@H]3C2)C(=O)[O-]
dude_aldr__L003236,CC1(CCCC2=C1C[C@@H]([C@@H](C2)C(=O)N3CCc4c3cccc4)C(=O)[O-])C
dude_aldr__L003237,c1cc(c(cc1c2cc(sc2)C=O)O)C(=O)[O-]
dude_aldr__L003238,Cc1nnc(s1)NC(=O)N(C)C2CCC(CC2)c3ccccc3
dude_aldr__L003239,CCCOc1ccc(cc1)[C@@H]2C(=C(C(=O)N2c3nnc(s3)SC)[O-])C(=O)c4ccc(cc4)OCC=C
dude_aldr__L003240,CN(C)C(=O)Cn1c(nnc1SCC(=O)[O-])C2CC2
dude_aldr__L003241,Cc1c([nH]c2c1cc(cc2)C(=O)N3CCC[C@@H]3C(=O)[O-])C
dude_aldr__L003242,Cc1c2c(nc(nc2sc1C(=O)Nc3cccc4c3[nH]nc4)C)C
dude_aldr__L003243,Cn1cc(cn1)S(=O)(=O)[N-]c2ccc(c(c2)OCCOC)OC
dude_aldr__L003244,CC(=O)NC12C[C@@H]3C[C@H](C1)CC(C3)(C2)C(=O)Nc4ccc(nc4)NC(=O)C5CC5
dude_aldr__L003245,Fc4ccc3c1ccc(F)cc1C2(CC(=O)NC2=O)c3c4
dude_aldr__L003246,c1cc(oc1[C@@H]2CC(=Nc3n2nc(n3)C(F)(F)F)C(=O)[O-])[N+](=O)[O-]
dude_aldr__L003247,c1cc2c(c[nH]c2nc1)S(=O)(=O)N3CC[C@H](C3)CO
dude_aldr__L003248,CCc1cc(n2c3ccccc3nc2c1C#N)[S-]
dude_aldr__L003249,CC(C)OCc1cccc(c1)[N-]S(=O)(=O)c2ccsc2C(=O)OC
dude_aldr__L003250,c1cc(cc(c1)I)NS(=O)(=O)c2ccsc2C(=O)[O-]
dude_aldr__L003251,CN(C[C@@H]1CCCCO1)C(=O)N2C[C@H](C[C@@H]2C(=O)[O-])OC
dude_aldr__L003252,c1ccc(c(c1)[N+](=O)[O-])S(=O)(=O)[N-]c2cccc(c2)SC(F)F
dude_aldr__L003253,CCCC(=O)N1CCc2c(c(n[nH]2)C(=O)N3CCCC3)C1
dude_aldr__L003254,C[C@@H](C(=O)N1CC[C@H](C1)C(=O)[O-])Sc2ccc(cc2)Cl
dude_aldr__L003255,Cc1cc(sc1C(=O)[O-])NC(=O)c2cc(nnc2Cl)Cl
dude_aldr__L003256,CCN1c2ccc(cc2CCC1=O)[N-]S(=O)(=O)c3cccc4c3nc(cc4)C
dude_aldr__L003257,Cc1c(c(nc(n1)SCc2ccccc2)[O-])CC(=O)NCc3ccncc3
dude_aldr__L003258,CC(C)Oc1c(cccn1)[N-]S(=O)(=O)c2cnc(s2)Cl
dude_aldr__L003259,CCCOc1ccc(cc1)C(=O)C2=C(C(=O)N([C@@H]2c3ccc(cc3)C(C)(C)C)CCCn4ccnc4)[O-]
dude_aldr__L003260,CN\1C(=O)C[C@H](S/C1=N\c2ccc(cc2)I)C(=O)[O-]
dude_aldr__L003261,C[C@@H]1C[C@@H](n2c(nc(n2)NC(=O)c3cccs3)N1)c4ccccc4
dude_aldr__L003262,CSc1ccc(cc1)N2C[C@H](CC2=O)/C(=C(\C#N)/C(=O)N3CCCCC3)/[O-]
dude_aldr__L003263,C1CCC2(C1)CCN(CC2)C(=O)N3CSC[C@@H]3C(=O)[O-]
dude_aldr__L003264,CCCc1nnc(o1)C2=NC(=C([C@H]2C)C(=O)[O-])C
dude_aldr__L003265,CN(C)C(=O)/C(=C/c1ccc(o1)c2ccc(c(c2)Cl)C(=O)[O-])/C#N
dude_aldr__L003266,c1cc2c(cc1C(=O)[O-])CCCN2C(=O)c3cc(c[nH]3)Cl
dude_aldr__L003267,CC(=O)[C@H]1CC[C@@H]2[C@@]1(C[C@H]([C@H]3[C@@H]2CCC4=CC(=O)CC[C@]34C)OC(=O)CCC(=O)[O-])C
dude_aldr__L003268,Cc1cnc(cn1)C(=O)/N=c/2\[nH]c3ccccc3n2c4ccccc4
dude_aldr__L003269,C[C@@H](CC#N)N(C)C(=O)N(CC(=O)[O-])C1CCCC1
dude_aldr__L003270,C1C[C@H](CC(=O)C1)O
dude_aldr__L003271,OC(=O)Cn3cc(CCc2nc1c(F)c(F)cc(F)c1s2)c4ccccc34
dude_aldr__L003272,CSc1cc2ncc(n2c(c1)[O-])I
dude_aldr__L003273,c1cscc1[C@@H]2CCCN2C(=O)[C@H]3CC=CC[C@@H]3C(=O)[O-]
dude_aldr__L003274,Cc1nc2c3ccccc3nc(n2n1)NCc4ccc(o4)[C@@H]5C[C@@H]5C
dude_aldr__L003275,CC1=C(N=N[C@H]1c2ccc(s2)S(=O)(=O)[N-]c3ccc(cc3)C#N)C
dude_aldr__L003276,Cc1c(sc(n1)[N-]S(=O)(=O)c2ccc(cc2)C(C)(C)C)C(=O)OC
dude_aldr__L003277,COc1ccc(cc1Br)S(=O)(=O)N2CCC(CC2)C(=O)[O-]
dude_aldr__L003278,CC(C)(C)c1ncc(s1)/C(=N/S(=O)(=O)Cc2ccccc2C#N)/[O-]
dude_aldr__L003279,c1ccc(cc1)c2cc3c(s2)ncnc3SCC(=O)N4Cc5ccccc5C[C@H]4C(=O)[O-]
dude_aldr__L003280,CC[C@@H]1CCCN1C(=O)N2CCCC[C@H]2C(=O)[O-]
dude_aldr__L003281,CCn1cc(cn1)S(=O)(=O)[N-]c2cccc(c2n3cncn3)Cl
dude_aldr__L003282,OC(=O)Cc3nn(Cc2nc1cccc(Cl)c1s2)c(=O)c4ccccc34
dude_aldr__L003283,CC[C@@H](/C(=N/S(=O)(=O)c1c(nn(c1Cl)C)C)/[O-])OCC
dude_aldr__L003284,c1cc(cc(c1)S(=O)(=O)/N=C(/[C@H]2C[C@H]2[N+](=O)[O-])\[O-])C#N
dude_aldr__L003285,CCCn1c(nnc1SCC(=O)[O-])N2CCS(=O)(=O)CC2
dude_aldr__L003286,Cc1c(cccc1S(=O)(=O)[N-]c2cccnc2n3ccnc3C)C(=O)OC
dude_aldr__L003287,C=CCN1[C@H](C(=C(C1=O)[O-])C(=O)c2ccc(cc2)OCc3ccccc3Cl)c4ccc(cc4)Cl
dude_aldr__L003288,c1cc(ccc1/C=C(\C#N)/C(=N/c2nc(cs2)c3ccc4c(c3)CCCC4)/[O-])Cl
dude_aldr__L003289,Cc1ccnc(n1)O[C@@H](C(=O)[O-])[C@@](c2ccccc2)(c3ccc(cc3)F)SCc4ccccc4
dude_aldr__L003290,c1c2c(sc1C(=O)Nc3cc4c(cc3C(=O)[O-])OCCO4)CCCC2
dude_aldr__L003291,CCCCn1c2c(cc3ccc(cc3n2)C)c(n1)[N-]S(=O)(=O)C
dude_aldr__L003292,CCn1c(c2ccc(cc2nc1=S)C(=O)N(CC)CC(=C)C)[O-]
dude_aldr__L003293,Cc1cc(cc(c1)[N-]S(=O)(=O)c2cc(oc2C)[C@@H]3C=CN=N3)C
dude_aldr__L003294,[H]/N=c\1/c2c3c(sc2[nH]c(=O)c(=O)n1N)C[C@H](CC3)C
dude_aldr__L003295,COc1ccc(cc1)S(=O)(=O)[N-]c2nc(cs2)c3cccc(c3)OC
dude_aldr__L003296,Cc1ccc(cc1)Cn2c(ccn2)NC(=O)c3cccc(c3)[N-]S(=O)(=O)C
dude_aldr__L003297,Cc1cc(ccc1N)C(=O)N2C[C@@H](CC[C@@H]2C)C(=O)N
dude_aldr__L003298,c1cc(ccc1OC[C@@H]2CN(CCO2)C(=O)c3ccc(nc3[O-])C(F)(F)F)F
dude_aldr__L003299,Cc1cccn2c1nc(c2C(=O)C3=C(C(=O)N([C@H]3c4cccc(c4)OCCC(C)C)Cc5ccco5)[O-])C
dude_aldr__L003300,Cc1ccc(cc1C)S(=O)(=O)/N=C(/c2cnn(c2C(F)F)C)\[O-]
dude_aldr__L003301,C1CC[C@@H]([C@@H](C1)NC(=O)[C@@H]2CCCN(C2)C(=O)N)O
dude_aldr__L003302,c1c(cc(c(c1C(=O)[O-])n2c(nnn2)C3CCCC3)Cl)Cl
dude_aldr__L003303,COc1cc(cc(c1OS(=O)(=O)c2cc(cc(c2)Cl)Cl)Br)/C=C/C(=O)[O-]
dude_aldr__L003304,C1CC[C@@H]2CN(CC[C@H]2C1)C(=O)[C@@H]3CCCC[C@@H]3C(=O)[O-]
dude_aldr__L003305,CCOc1ccc(cc1)[N-]S(=O)(=O)c2c(sc(c2c3c(c(no3)C)C)C)C
dude_aldr__L003306,Cc1c(nnc(c1C#N)NC[C@H]2CCC[NH+](C2)C)C
dude_aldr__L003307,Cc1ccsc1C(=O)NNC(=O)N[C@H](C)c2ccc(cc2)N3CCCC3=O
dude_aldr__L003308,Cc1nc(c(s1)C(=O)[O-])c2ccc3c(c2)CCC3
dude_aldr__L003309,c1cc(ccc1c2nnnn2C3CC3)[N-]S(=O)(=O)C4CCCCC4
dude_aldr__L003310,CCOc1cc(cc(c1[O-])[N+](=O)[O-])[C@@H]2CC(=O)NC3=C2C(=O)C[C@@H](C3)c4cc(c(c(c4)OC)OC)OC
dude_aldr__L003311,Cc1ccsc1C(=O)NNC(=O)c2c(c3c(o2)CC(CC3=O)(C)C)C
dude_aldr__L003312,Cc1c2c(cc(nc2n(n1)C)C3CC3)C(=O)NNC(=S)NCc4ccccc4
dude_aldr__L003313,CO[C@H]1CCCN(C1)C(=O)Nc2ccc(cc2)c3nnc4n3CCCC4
dude_aldr__L003314,Cc1ccc(cc1)S(=O)(=O)/N=C(/N(Cc2cc(c(cc2OC)OC)OC)C[C@@H]3CCCO3)\[O-]
dude_aldr__L003315,CC(=N[N-]C1=NC(=O)C2=C3CCCC[C@H]3SC2=N1)C
dude_aldr__L003316,C1CCC(CC1)(C(=S)N)C(=O)N2CCCC[C@@H]2C(=O)N
dude_aldr__L003317,CCc1c(c2[nH]c(c(c(=O)n2n1)CCC(=O)[O-])C)c3ccccc3
dude_aldr__L003318,Cc1cc(nc(n1)SCc2nnc(n2c3ccc(cc3)Cl)[S-])C
dude_aldr__L003319,Cc1cccc(c1C)N2CCN(CC2)S(=O)(=O)c3cc(cc(c3C)C)C(=O)[O-]
dude_aldr__L003320,c1csc2c1nc(n(c2=O)Cc3cc(cc(c3)F)F)N4CCC[C@H](C4)C(=O)[O-]
dude_aldr__L003321,Cc1nc(c2c3c(sc2n1)CCC3)N[C@H](C)C(=O)[O-]
dude_aldr__L003322,CCN(CCNC(=O)C(=O)Nc1ccc2c(c1)CCC(=O)N2)c3cccc(c3)C
dude_aldr__L003323,CC1([C@@H]2CC[C@]1(c3c2nc4ccccc4n3)C(=O)Nc5ccncc5)C
dude_aldr__L003324,c1ccc(cc1)C[C@H](C(=O)[O-])NC(=O)CSc2nnc3n2c4ccccc4[nH]3
dude_aldr__L003325,Cc1ccc(cc1C)S(=O)(=O)[N-]/N=C\[C@@H]2C=NN=C2c3ccc(cc3)F
dude_aldr__L003326,CC\1=NC(=C([C@H](/C1=C(\[O-])/OCC=C)c2cccs2)C#N)SC
dude_aldr__L003327,c1cc(c(cc1n2ccc(n2)C3CC3)Cl)C(=O)[O-]
dude_aldr__L003328,C[C@H]1CCCCN1C(=O)NC2(CCCC2)C(=O)[O-]
dude_aldr__L003329,C[C@@H]1CCC[C@@H](C1)Sc2c(cccn2)C(=O)[O-]
dude_aldr__L003330,CC(=C)Cn1c(nnc1[S-])c2cccc(c2)Br
dude_aldr__L003331,CCOc1cc(cc(c1OC)Br)c2nc(c(s2)C(=O)[O-])C
dude_aldr__L003332,CCCOc1ccc(cc1)C(=O)C2=C(C(=O)N([C@@H]2c3ccc(c(c3)OCC)OCC)Cc4ccco4)[O-]
dude_aldr__L003333,c1cc(cc(c1)N2CCOC2=O)[N-]S(=O)(=O)c3cccs3
dude_aldr__L003334,Cc1cc(c(c(c1)Oc2ccc(cc2F)/C(=N/O)/N)C)C
dude_aldr__L003335,CCCCN1[C@@H](C(=C(C1=O)[O-])C(=O)c2ccc(cc2C)OC(C)C)c3ccc(c(c3)OCC)OCCC
dude_aldr__L003336,c1cc(c(cc1S(=O)(=O)N2CCC(CC2)C(=O)[O-])[N+](=O)[O-])N3CCC[C@H](C3)C(F)(F)F
dude_aldr__L003337,C[C@@H]1Cc2cc(ccc2O1)C(=O)C3=C(C(=O)N([C@@H]3c4ccc(cc4)Br)c5nccs5)[O-]
dude_aldr__L003338,CC1=C([C@H](/C(=C(/[O-])\OC)/C(=N1)C)c2c(cccc2Cl)Cl)C(=O)OC
dude_aldr__L003339,c1cc2c(cc1c3csc(n3)[N-]S(=O)(=O)c4c[nH]nc4)COC2
dude_aldr__L003340,c1ccc2c(c1)c(ncn2)S[C@@]3(CCSC3)C(=O)[O-]
dude_aldr__L003341,c1ccc(c(c1)NC(=O)c2cc(nc(n2)[O-])c3cccs3)F
dude_aldr__L003342,CCOc1cccc(c1)C(=O)[C@@H](C#N)c2nc(c3c4c(sc3n2)CCCC4)[O-]
dude_aldr__L003343,CS(=O)(=O)c1ccc(c(c1)[N-]S(=O)(=O)c2cc(cs2)N)Cl
dude_aldr__L003344,CC1=C([C@H](N2C(=CSC2=N1)/C=C(/N3CCCC3)\[O-])c4cc(cc(c4)OC)OC)C(=O)OCCOC
dude_aldr__L003345,CC[C@H]1CCc2c(sc(c2C(=O)N3CCCCC3)NC(=O)[C@@H]4CC=CC[C@@H]4C(=O)[O-])C1
dude_aldr__L003346,Cc1c(cco1)c2nnc(n2/N=C/c3cc(c(c(c3)Cl)OCC#C)OC)SCC(=O)[O-]
dude_aldr__L003347,c1ccc(c(c1)C(=O)c2ccc(c(c2)[N+](=O)[O-])N[C@H](CO)[C@H](c3ccc(cc3)[N+](=O)[O-])O)C(=O)[O-]
dude_aldr__L003348,C[C@@H]1CCc2c(sc3c2c(=O)[nH]c(n3)[C@H](C)[NH+]4CCC(CC4)C(=O)[O-])C1
dude_aldr__L003349,c1cc(c2c(c1N)non2)N[C@@H]3CCS(=O)(=O)C3
dude_aldr__L003350,CN(C)C(=O)c1ccc(c(c1)[N-]S(=O)(=O)c2ccccc2c3ccccc3)Cl
dude_aldr__L003351,CC1CCN(CC1)C(=O)[C@@H](C)Sc2[n-]c3cc(cnc3n2)Cl
dude_aldr__L003352,CCSC1=NC(=O)[C@H]2[C@@H](/C(=C(/[O-])\OC)/C(=NC2=N1)C)c3ccc(cc3)O
dude_aldr__L003353,COC(=O)CCCS(=O)(=O)[N-]c1cc(c(cc1Cl)Cl)Cl
dude_aldr__L003354,c1cc(c(cc1S(=O)(=O)N)F)S(=O)(=O)[N-]c2ccc(c(c2F)F)F
dude_aldr__L003355,C1C=C([C@]2(C[C@@]1(CN(C2)CC(=O)[O-])[N+](=O)[O-])[N+](=O)[O-])Br
dude_aldr__L003356,CC(=O)c1ccc(cc1)S(=O)(=O)[N-]c2cc(ccc2Cl)N3CCCC3
dude_aldr__L003357,c1cc(oc1)CN(CC(F)(F)F)C(=O)CSc2nc(cs2)CC(=O)[O-]
dude_aldr__L003358,c1cc2cccnc2c(c1)[N-]S(=O)(=O)c3ccc(cc3)OC4CCCC4
dude_aldr__L003359,C[C@@H]1CCCN([C@H]1C)C(=O)N2CCC(CC2)(C)C(=O)[O-]
dude_aldr__L003360,CC(C)(C)NC(=O)Nc1c(c2c(s1)CCCC2)C(=O)[O-]
dude_aldr__L003361,CC1(O[C@H]2CO[C@@]3([C@@H]([C@@H]2O1)OC(O3)(C)C)C(=O)[O-])C
dude_aldr__L003362,Cn1cc(cn1)S(=O)(=O)N[C@@H]2c3ccccc3C[C@@H]2O
dude_aldr__L003363,C[C@@H]1CC(=O)N([C@H]([C@@H]1C(=O)[O-])C)C[C@@H]2CCS(=O)(=O)C2
dude_aldr__L003364,Cc1c(cccc1Cl)S(=O)(=O)N2CCC[C@](C2)(C)C(=O)[O-]
dude_aldr__L003365,CCc1c2c(nc(n1)N)C[C@@H](CC2=O)c3ccco3
dude_aldr__L003366,Cc1c(c(n[nH]1)C)S(=O)(=O)[N-]c2ccc(nc2)n3cccn3
dude_aldr__L003367,CCOc1c(cc(cc1Br)[C@@H]2CC(=Nc3n2nnn3)C(=O)[O-])OC
dude_aldr__L003368,CN(c1ccc(cc1)OC)/C(=N/C2=C[C@@H]3C(=NC=NC3=O)C=C2)/[S-]
dude_aldr__L003369,c1ccc(c(c1)N2CCC[C@H]([C@@]23CC[C@@H](C3)F)O)O
dude_aldr__L003370,c1ccc(c(c1)C(=O)[O-])NC(=O)CSc2c3c4c(sc3ncn2)CCC4
dude_aldr__L003371,OC(=O)Cc2nn(CC(=O)Nc1cccc(Cl)c1)c(=O)c3ccccc23
dude_aldr__L003372,CCS(=O)(=O)[N-]c1ccc(cc1)C2(CCC2)C(=O)NCc3ccco3
dude_aldr__L003373,CC(=O)O[C@@H]1CC[C@@]2([C@@H]3CC[C@@]4([C@@H]([C@@H]3CC=C2C1)CC[C@@H]4C(=O)[O-])C)C
dude_aldr__L003374,CC(C)(C)OC(=O)N1C[C@H](C[C@H]1C(=O)[O-])Oc2ccccc2Cl
dude_aldr__L003375,Cc1ccc(cc1C)S[C@@]2(CCCSC2)C(=O)[O-]
dude_aldr__L003376,c1ccc(c(c1)/C=N/NC(=O)C2=NN=C3[C@@H]2CCC3)Br
dude_aldr__L003377,CC(=C)C(=O)NN(C(=O)[O-])C(C)(C)C
dude_aldr__L003378,C[C@@H]1CCCC[C@@H]1[C@@](C2CCCCC2)(C(=O)[O-])O
dude_aldr__L003379,Cc1cnc(o1)c2cccc(c2)[N-]S(=O)(=O)c3cnn(c3)C
dude_aldr__L003380,Cc1ccc(cc1)/C=C/S(=O)(=O)[N-]c2cc3c(nn(c3nc2)C)C
dude_aldr__L003381,CC(C)[C@@]1(CC(=O)N(C1=O)c2c(ccs2)C(=O)[O-])C
dude_aldr__L003382,c1nc(c(s1)C(=O)N2CCC[C@H](C2)NC(=O)N)Cl
dude_aldr__L003383,c1c(cc(c(c1Br)[O-])Br)/C=C/[N+](=O)[O-]
dude_aldr__L003384,C[C@@H](C1CC1)N(C)C(=O)N2CCC[C@@](C2)(C)C(=O)[O-]
dude_aldr__L003385,CCc1ccc(s1)C(=O)N2CCc3c(ccs3)[C@@H]2C(=O)[O-]
dude_aldr__L003386,Cc1cc(cc(c1)N2C(=O)[C@@H]3CC=C(C[C@H]3C2=O)C)C
dude_aldr__L003387,CCc1ccc(cc1)S(=O)(=O)[N-]/N=C\[C@H]2C=NN=C2c3ccc(cc3)Cl
dude_aldr__L003388,Cc1cc(c(s1)C)S(=O)(=O)N[C@@]2(CCCC[C@H]2C)C(=O)[O-]
dude_aldr__L003389,Cn1cc(cn1)S(=O)(=O)[N-]c2cccc(c2)N3CCNC3=O
dude_aldr__L003390,CCCOc1cccc(c1)[C@H]2C(=C(C(=O)N2CC=C)[O-])C(=O)c3c(nc(s3)C)C
dude_aldr__L003391,c1ccn2c(c1)nn(c2=O)C3(CCSCC3)C(=O)[O-]
dude_aldr__L003392,C1CC[C@@H]([C@H](C1)C(=O)N2CCC[NH2+]CC2)C(=O)[O-]
dude_aldr__L003393,c1ccc2c(c1)[C@@H](CCS2)Nc3cccc(c3)C(=O)[O-]
dude_aldr__L003394,c1cc(cnc1)[C@@H]2CCCCN2N/C=C\3/C(=NC(=O)N(C3=O)C4CCCCC4)[O-]
dude_aldr__L003395,c1ccc(c(c1)C(=O)N2CSC[C@@H]2C(=O)[O-])OC(F)F
dude_aldr__L003396,C[C@@]1(CCCN(C1)S(=O)(=O)c2ccccc2)C(=O)[O-]
dude_aldr__L003397,Cc1ccc(c(c1)Oc2ccc(cn2)CNC(=O)N3CCOCC3)C
dude_aldr__L003398,CC1(Cc2c(sc(n2)c3ccco3)C(=O)C1)C
dude_aldr__L003399,Cc1ccccc1n2c(c(cn2)/C(=C(/C#N)\C(=O)c3ccco3)/[O-])C
dude_aldr__L003400,c1cc2c(cc1F)[nH]cc2C3=CCN(CC3)C(=O)Nc4nncs4
dude_aldr__L003401,CC[C@H]1CCCCN1C(=O)Nc2ccc(c(c2)Cl)C(=O)[O-]
dude_aldr__L003402,C(=C/[C@](C(F)(F)Br)(F)Cl)\C(=O)[O-]
dude_aldr__L003403,CC1=C2[C@H](SCC(=O)N[C@H]2N=N1)c3ccc(cc3)O
dude_aldr__L003404,CO[C@H]1C[C@H](N(C1)S(=O)(=O)CC2CCCCC2)C(=O)[O-]
dude_aldr__L003405,C[C@@](c1ccc(cc1)SC)(C(=O)[O-])n2cc(cn2)Br
dude_aldr__L003406,Cc1cnc(s1)NC(=O)C2CCN(CC2)c3ncccn3
dude_aldr__L003407,CC(C)[C@H]1N=N/C(=N/C(=O)c2cnc3c(c2[O-])cccc3Cl)/S1
dude_aldr__L003408,[H]/N=C(\CC1CC(=O)NC(=O)C1)/C2=C([C@H](C[C@H](C2=O)C)C)[O-]
dude_aldr__L003409,C/C(=N\O)/c1ccccc1[N-]S(=O)(=O)c2ccc(s2)Br
dude_aldr__L003410,COC(=O)c1ccc(cc1)[N-]S(=O)(=O)c2ccc(cc2)C(=O)C3CC3
dude_aldr__L003411,C[C@H](CCCC(C)C)[C@@H]1CC[C@H]2[C@@]1(CC[C@@H]3[C@@H]2CC[C@H]4[C@@]3(CC[C@@H](C4)OS(=O)(=O)[O-])C)C
dude_aldr__L003412,CCN1C[C@]2(CC(=C[C@](C2)(C1)[N+](=O)[O-])C(=O)[O-])[N+](=O)[O-]
dude_aldr__L003413,Cc1ccc(c(c1)[N-]S(=O)(=O)c2ccc(s2)c3ccno3)OC
dude_aldr__L003414,CS(=O)(=O)/N=C(/CCCOc1ccc(cc1)I)\[O-]
dude_aldr__L003415,Cc1ccc(cc1)[C@@H]2C(=C(C(=O)N2CCCn3ccnc3)[O-])C(=O)c4ccccc4
dude_aldr__L003416,Cc1ccccc1NC(=O)N2CCC[C@@H]2c3cccc4c3OCCO4
dude_aldr__L003417,CCc1c(nn(c1C)[C@@H]2CCCC[C@H]2C(=O)[O-])C
dude_aldr__L003418,CCc1[n-]c(nn1)N2C=C[C@@H]3C(=CN=C4N3NC(=C4c5ccc(cc5)F)C)C2=O
dude_aldr__L003419,c1cc(cnc1)c2ncc(c(n2)C(=O)[O-])Br
dude_aldr__L003420,CNc1c(n2ccsc2n1)S(=O)(=O)[N-]c3ncccn3
dude_aldr__L003421,Cc1cc(ccc1[N-]S(=O)(=O)c2c(cc(cc2F)F)F)C(=O)OC
dude_aldr__L003422,Cc1cc(ccc1Br)NC(=O)N[C@H]2CCS(=O)(=O)C2
dude_aldr__L003423,C[C@H]1C[C@@](C/C(=C\C[C@@H](CC(=O)N)CC(=O)[O-])/C1=O)(C)OC(=O)C
dude_aldr__L003424,CC1CCN(CC1)C(=O)C2CCN(CC2)c3cnnc(c3Cl)[O-]
dude_aldr__L003425,Cc1ccc(s1)[C@H]2[C@@H]3CCCC=C3[C@@H]([C@@H](C2(C#N)C#N)N)C#N
dude_aldr__L003426,C[C@@H]1CN([C@H](CO1)C)C(=O)N2CCC(CC2)C(=O)[O-]
dude_aldr__L003427,c1cc(oc1)/C=C/C2=N/C(=C\c3ccco3)/C(=O)N2c4ccc(cc4)C(=O)[O-]
dude_aldr__L003428,c1csc2c1c(nc(n2)Cn3cnc(n3)C#N)N
dude_aldr__L003429,C[C@H]1CCCC[C@]1(C(=O)[O-])NC(=O)c2ccccc2I
dude_aldr__L003430,C[C@H](C(=O)NC(=O)NC1CCCCC1)OC(=O)c2c(c(c(c(n2)Cl)Cl)N)Cl
dude_aldr__L003431,Cc1ccc(cc1C)NC(=O)C2=C(NC(=S)N[C@@H]2c3ccc(c(c3)[N+](=O)[O-])O)C
dude_aldr__L003432,C[C@@]1(CCS(=O)(=O)C1)n2c3c(cn2)c(ncn3)N
dude_aldr__L003433,C/C(=N\[N-]C1=NC(=O)[C@@H](S1)CC(=O)Nc2ccccc2OC)/CC(C)(C)O
dude_aldr__L003434,Cc1c(c(n(n1)CC(=O)[O-])C)S(=O)(=O)N(C)[C@@H](C)C(C)C
dude_aldr__L003435,C[C@@H](c1ccsc1)NS(=O)(=O)c2cc(oc2Br)C(=O)[O-]
dude_aldr__L003436,CC(C)NC(=O)CNC(=O)[C@H]1[N-]C(=NO1)C2=CC=C[C@H]3C2=CC=N3
dude_aldr__L003437,c1c(c(cc2c1nc(s2)[S-])Br)C#N
dude_aldr__L003438,Cc1cc(c(cc1C)S(=O)(=O)/N=C\2/[C@@H]3C(=NC=N3)N=C[N-]2)C
dude_aldr__L003439,Cc1csc(n1)N2[C@H](C(=C(C2=O)[O-])C(=O)c3cc4ccccc4o3)c5ccncc5
dude_aldr__L003440,Cc1cc2cccc(c2nc1)S(=O)(=O)[N-]c3ccc(c(c3)F)OC
dude_aldr__L003441,CCNC(=O)c1ccc(c(c1)NC(=O)NCc2cccc(c2)Cn3ccnc3)C
dude_aldr__L003442,Cc1c(c(n(n1)C)C)/C=N/n2c(nnc2[S-])c3ccccc3
dude_aldr__L003443,c1ccnc(c1)[C@H]2[C@H]3[C@@H](C(=O)N(C3=O)c4cccc(c4)[N+](=O)[O-])[C@@](N2)(Cc5ccc(cc5)[N+](=O)[O-])C(=O)[O-]
dude_aldr__L003444,c1cc(sc1)c2cn3cc(ccc3n2)C(=O)[O-]
dude_aldr__L003445,CCc1cccc2c1n(cc2/C=C\3/C(=O)N(C(=N3)[S-])c4ccccc4)CC(=O)N5CCCC[C@@H]5C
dude_aldr__L003446,CC(C)(C)c1c(sc(n1)NC(=O)C2CCCCC2)C(=O)[O-]
dude_aldr__L003447,Cc1cc(cc(c1)[N-]S(=O)(=O)c2cc(sc2C)[C@H]3C=C(N=N3)C)C
dude_aldr__L003448,Cc1c2c(cc(nc2n(n1)C)C3CC3)C(=O)N[C@@H]4CCCC[C@H]4C
dude_aldr__L003449,CC(=O)OCC(=O)[C@]1(CC[C@@H]2[C@]1(CC(=O)[C@@H]3[C@@H]2CC[C@H]4[C@@]3(CC[C@@H](C4)O)C)C)O
dude_aldr__L003450,c1csc2c1CN(CC2)S(=O)(=O)c3cc(oc3Br)C(=O)[O-]
dude_aldr__L003451,C[C@H](C(=O)N1CCSCC1)NC(=O)Nc2ccc(cc2)SC(F)F
dude_aldr__L003452,Cc1ccc(c(c1)S(=O)(=O)[N-]c2nc(c(s2)SCC#N)C)C
dude_aldr__L003453,c1ccc(cc1)n2cc(c(n2)c3ccncc3)[C@H]4Nc5ccccc5C(=O)N4
dude_aldr__L003454,Cc1ccc(cc1)N2C(=O)/C(=C\c3cn(c4c3cccc4)C)/C(=NC2=O)[O-]
dude_aldr__L003455,C1CCc2c(c(=O)[nH]c(n2)SCC(=O)N[C@H]3[C@H](C4=C(S3)CCC4)C#N)C1
dude_aldr__L003456,c1cc(cc(c1)NC(=O)c2ccc(s2)Br)c3[n-]nnn3
dude_aldr__L003457,CC1(CN(CCO1)C(=O)N2CCC[C@@H]2CC(=O)[O-])C
dude_aldr__L003458,c1cc(oc1)c2c3c([nH]n2)C(=O)N[C@@H]3c4cccs4
dude_aldr__L003459,Cc1cc(c2c3c(c(nnn3)[O-])sc2n1)COC
dude_aldr__L003460,Cc1c(sc(n1)[N-]S(=O)(=O)c2ccc(c(c2)F)F)SC
dude_aldr__L003461,c1cc(ccc1[C@H]2N=C(CS2)c3ccc4c(c3)oc(n4)[O-])O
dude_aldr__L003462,CCCCN1CCc2c1ccc(c2)/C=C/3\C(=NC(=O)N(C3=O)c4ccc(cc4)I)[O-]
dude_aldr__L003463,Cc1ccc(c(c1)Br)n2c(nnc2[S-])[C@H]3C[C@@H]3c4ccccc4
dude_aldr__L003464,c1cnc(c(n1)C(=O)[O-])Sc2nnc(n2C3CC3)C4CC4
dude_aldr__L003465,C[C@H]1C[C@H](CC(C1)(C)C)C/C(=N/S(=O)(=O)N(C)C)/[O-]
dude_aldr__L003466,CC(=O)Nc1nnc(s1)S(=O)(=O)[N-]c2cccc(c2)C#N
dude_aldr__L003467,CC[C@H]1CCc2c(s/c(=N/S(=O)(=O)c3cnn(c3)CC)/[nH]2)C1
dude_aldr__L003468,Cc1ccc(c(c1)OCc2nnc(o2)SCC3=NC(=O)C4=C([C@@H](SC4=N3)C(=O)[O-])C)C
dude_aldr__L003469,c1ccc(cc1)OCc2ccc(o2)C(=O)N3CCC[C@@H](C3)C(=O)[O-]
dude_aldr__L003470,c1cc(sc1)CSc2c(c(cc(n2)c3ccc(cc3)C(=O)[O-])c4cccs4)C#N
dude_aldr__L003471,Cc1cn2c(csc2n1)CC(=O)N3CSC[C@@H]3C(=O)[O-]
dude_aldr__L003472,c1ccc(cc1)c2c3cc(ccc3no2)C(=O)N[C@H]4CCCCNC4=O
dude_aldr__L003473,C[C@H]1CCC[C@@]2(C1)CSC(=[NH+]2)NCc3nncn3C
dude_aldr__L003474,Cn1cc(c(n1)C(=O)NN=C2CCC(CC2)c3ccccc3)Cl
dude_aldr__L003475,c1cc(ccc1CCCl)S(=O)(=O)[N-]c2ncc(s2)[N+](=O)[O-]
dude_aldr__L003476,Cc1ccc(cc1)c2nnc(n2/N=C/c3cccn3C)[S-]
dude_aldr__L003477,Cc1ccc(nc1)NS(=O)(=O)c2cc3c(cc2C)N(CCO3)C
dude_aldr__L003478,C[C@@H]1CCN([C@H](C1)C)C(=O)NC2(CCC(CC2)C)C(=O)[O-]
dude_aldr__L003479,CC(C)c1ncc(c(n1)C(=O)[O-])N2CCc3c(ccs3)C2
dude_aldr__L003480,OC(=O)[C@@H](Cc1cc(O)c(O)cc1N(=O)=O)OC(=O)\C=C\c2cc(O)c(O)cc2N(=O)=O
dude_aldr__L003481,CC(C)C1=N[C@@H](SC1)NC(=O)Cn2c(nnc2[S-])c3cccs3
dude_aldr__L003482,Cc1ccc(s1)S(=O)(=O)[N-]c2cccc(c2)S(=O)(=O)N3CCCC3
dude_aldr__L003483,c1cc(ccc1O)Sc2c(c(c(c(n2)N)C#N)c3ccc(c(c3)Cl)O)C#N
dude_aldr__L003484,CC(C)CN1CCN(CC1)C(=O)[C@@H]2C[C@H]2C(=O)[O-]
dude_aldr__L003485,CC1([C@H](C(=CC(=O)[C@H]1C(=O)OC)[O-])C(=O)OC)C
dude_aldr__L003486,Cc1ccc(cc1O)[C@H]2[C@@H]3CCC(=O)C=C3CN2C=O
dude_aldr__L003487,CC(=O)NCc1ccc(s1)C(=O)Nc2ccc(cc2)[N-]S(=O)(=O)C
dude_aldr__L003488,c1ccc(cc1)Oc2ccccc2NC(=O)[C@H]3[C@@H]4C=C[C@H]([C@@H]3C(=O)[O-])O4
dude_aldr__L003489,c1cc2c(cc1S(=O)(=O)[N-]c3cc(cc(c3)S(=O)(=O)N)F)CCCC2
dude_aldr__L003490,CC1=C[C@@H]([C@@H]([C@@H]1O)O)n2cnc3c2ncnc3N
dude_aldr__L003491,C[C@@H]1CCc2c(cnc3n2ncc3C(=O)N[C@H](C)c4ccccc4)C1
dude_aldr__L003492,CNC(=O)N1CCC[C@H](C1)c2cccc(c2)C(=O)N3CCCCCC3
dude_aldr__L003493,c1ccc(c(c1)[N-]S(=O)(=O)c2ccc(cc2)OC(F)(F)F)n3cnnn3
dude_aldr__L003494,Cc1ccc(c(c1)F)NC(=O)c2cc(nc3c2c(nn3C)[O-])C4CC4
dude_aldr__L003495,CC[C@H]1CCCCN1C(=O)CCc2ccc(c(c2)N)O
dude_aldr__L003496,CCOc1ccccc1[N-]S(=O)(=O)C2=C(S[C@H](C2)[C@H]3C(=C(N=N3)C)C)C
dude_aldr__L003497,COc1ccc(cc1[N-]S(=O)(=O)C)NC(=O)[C@@H]2C[C@H]2c3ccc(cc3)F
dude_aldr__L003498,CCN([C@@H]1CCS(=O)(=O)C1)S(=O)(=O)c2ccsc2C(=O)[O-]
dude_aldr__L003499,C[C@H]1CCCN([C@H]1C)C(=O)N2CC[C@@](C2)(C)C(=O)[O-]
dude_aldr__L003500,c1cc(ncc1[N+](=O)[O-])N2CCN(CC2)C(=O)CC(=O)[O-]
dude_aldr__L003501,C1C(C[C@@H](C[C@@H]1C(F)(F)F)C(F)(F)F)C(=O)[O-]
dude_aldr__L003502,c1ccc(cc1)OC2=C([C@H](OC2=O)[C@@H-][N+](=O)[O-])Br
dude_aldr__L003503,C1CCN(C1)S(=O)(=O)/N=C(/[C@@H]2C[C@H]3CC[C@@H]2C3)\[O-]
dude_aldr__L003504,c1cc(c(nc1)Sc2c(cc3c(n2)CCCC3)C#N)N
dude_aldr__L003505,c1cc(c(cc1I)C(=O)[O-])NC(=O)N2CCC[C@H]2CO
dude_aldr__L003506,C[C@@H]1CCCN(C1)C(=O)Nc2ccc(cc2)n3cncn3
dude_aldr__L003507,Cc1ccc(cc1[N-]S(=O)(=O)C)NS(=O)(=O)c2ccc(c(c2)F)C
dude_aldr__L003508,c1ccc(cc1)[C@@H](c2ccccn2)NC(=O)c3ccc(cc3)n4c(c(cn4)C#N)N
dude_aldr__L003509,Cc1cc(cc2c1nc3c(c2C(=O)[O-])CN(CC3)C)Br
dude_aldr__L003510,CC[C@H](C)N(CC(=O)[O-])C(=O)Cc1c(nn(c1C)C)C
dude_aldr__L003511,c1csc2c1[C@H](N(CC2)c3nccs3)C(=O)[O-]
dude_aldr__L003512,Cc1ccc(c(c1)C)S(=O)(=O)/N=C(/CCc2ccc(c(c2)OC)OC)\[O-]
dude_aldr__L003513,CC[C@@H](C)NC(=O)[C@@H](C)NC(=O)c1cccc(c1)[N-]S(=O)(=O)C
dude_aldr__L003514,c1cc(cc(c1)/N=C/c2ccc(c(c2)[N+](=O)[O-])Br)C(=O)[O-]
dude_aldr__L003515,Cc1ccc(cc1I)[N-]S(=O)(=O)CC(C)C
dude_aldr__L003516,CC1=C(C(=N[C@@H]1C(=O)[O-])C)C(=O)/C=C/c2ccc(o2)c3ccccc3Cl
dude_aldr__L003517,Cc1cc(ccc1Cl)c2c(sc3n2c(cn3)C(=O)[O-])C
dude_aldr__L003518,Cc1c(c(n[nH]1)C)S(=O)(=O)[N-]c2ccc3c(c2)sc(n3)N4CCOCC4
dude_aldr__L003519,c1cc(c(c(c1)Cl)[C@@H]2C3=C(CCCC3=O)Nc4n2ncn4)Cl
dude_aldr__L003520,Cc1c(c(c(o1)C)Br)C(=O)N2CC[C@@H](C2)C(=O)N
dude_aldr__L003521,Cn1c2ccc(cc2oc1=O)[N-]S(=O)(=O)c3ccc(s3)Br
dude_aldr__L003522,Cc1ccc(cc1)S(=O)(=O)/N=C(/N(Cc2cccc(c2)Br)C[C@@H]3CCCO3)\[O-]
dude_aldr__L003523,c1cc2c3c(ccc(c3c1)C(=O)[C@@H]4CCCN(C4)C(=O)CCC(=O)N)CC2
dude_aldr__L003524,COc1ccccc1[C@@H]2c3c(nc(s3)[O-])S[C@H]4[C@@H]2C(=O)N(C4=O)c5ccccc5C(F)(F)F
dude_aldr__L003525,c1cc(c(cc1[N+](=O)[O-])[N+](=O)[O-])C(=O)N2CCC[C@@H]2C(=O)[O-]
dude_aldr__L003526,CC1CCN(CC1)c2[nH]c(=O)c(cn2)C(=O)[O-]
dude_aldr__L003527,Cc1ccn2c(c1)nc(c2CC(=O)N3CCC[C@H]3C(=O)[O-])c4ccc(c(c4)C)C
dude_aldr__L003528,CC[C@H](C(=O)[O-])n1c2c(cc(cn2)Cl)nc1C(C)(C)C
dude_aldr__L003529,Cc1c(c(on1)C)S(=O)(=O)[N-]c2cccc(c2)N3CCCCC3
dude_aldr__L003530,CC[C@H]1CN(CC[C@H]1CC(=O)[O-])C(=O)c2ccnc(c2)Cl
dude_aldr__L003531,CC(C)(C)c1ccc(cc1)C2(CC2)/C(=N/S(=O)(=O)N(C)C)/[O-]
dude_aldr__L003532,Clc1cc(Cl)c2c(c1)C3(CCS2(=O)=O)NC(=O)NC3=O
dude_aldr__L003533,CC1CCN(CC1)C(=O)Nc2ccc(nc2)S(=O)(=O)C
dude_aldr__L003534,CCC1(CCN(CC1)S(=O)(=O)c2cc(c(s2)C(=O)[O-])C)C
dude_aldr__L003535,CCn1c(nnn1)Sc2ccc(cc2C(=O)[O-])S(=O)(=O)N3CCCCC3
dude_aldr__L003536,c1cc(c(cc1C(=O)N[C@]2(CCSC2)C(=O)[O-])[N+](=O)[O-])Br
dude_aldr__L003537,c1cc(ccc1C(=O)[O-])n2c(=O)c(c(cn2)Sc3nnc(n3C4CC4)c5ccncc5)Cl
dude_aldr__L003538,CC[C@@](c1ccc(cc1)Br)(C(=O)[O-])SC2CCOCC2
dude_aldr__L003539,CC(=O)c1cccc(c1)S(=O)(=O)[N-]c2ccc(cc2)C(=O)N(CC=C)CC=C
dude_aldr__L003540,Cc1c(cccc1Cl)S(=O)(=O)[N-]c2ccc3c(c2)sc(n3)NC(=O)C
dude_aldr__L003541,Cc1c(c(on1)C)CC(=O)Nc2c(c3c(s2)C[C@H](CC3)C)C#N
dude_aldr__L003542,COc1ccc(cc1Br)/C=N/n2c(nnc2[S-])c3ccncc3
dude_aldr__L003543,CC(C)(C)C(=O)N1CCCN(CC1)C(=O)c2ccc3c(c2)nc(=S)[nH]c3[O-]
dude_aldr__L003544,C[C@@H]1Cc2cc(c(nc2[C@H](C1)C)Cl)C(=O)[O-]
dude_aldr__L003545,Cc1ccc2cccc(c2n1)S(=O)(=O)[N-]c3ccc4c(c3)N(CC4)C(=O)C5CC5
dude_aldr__L003546,C[C@@H]1COC[C@@H](N1c2ccc(cc2)[N-]S(=O)(=O)c3cccs3)C
dude_aldr__L003547,Cc1c(cc(cc1F)c2nnnn2[C@@H]3CCS(=O)(=O)C3)N
dude_aldr__L003548,c1cc(cc(c1)Br)c2ccc(n2C3CC3)C(=O)[O-]
dude_aldr__L003549,Cc1cccc(c1)C(=O)Nc2c(c3c(s2)CCCC3)C(=O)N[C@@H]4CCS(=O)(=O)C4
dude_aldr__L003550,Cc1ccc(c(c1)N)NC(=O)c2cccc(c2)OC(F)F
dude_aldr__L003551,CCOc1c(cc(cc1Br)/C(=C(/C#N)\C(=O)N2CCCC2)/[O-])OC
dude_aldr__L003552,CCSC1=C([C@@H](C2=C(CCCC2=N1)[O-])c3cc(c(c(c3)OC)OC)OC)C#N
dude_aldr__L003553,c1c(nc(s1)NC(=O)C2CCCC2)CC(=O)N3CCC(CC3)C(=O)N
dude_aldr__L003554,CCc1nnc(n1/N=C/c2ccc(o2)COc3ccc(cc3Cl)Br)[S-]
dude_aldr__L003555,c1c(nc([nH]c1=O)S[C@H]2CS(=O)(=O)C[C@H]2O)N
dude_aldr__L003556,CN(C)c1ccc(cc1)[C@H]2[C@H]3C(=NC(=NC3=O)SCc4ccccc4F)N=C5C2=C(CCC5)[O-]
dude_aldr__L003557,Cc1ccc(c(n1)N2CCC3(CCCCC3)CC2)C#N
dude_aldr__L003558,CS(=O)(=O)[N-]c1cc(ccc1F)C(=O)N2CCO[C@H](C2)c3ccccc3F
dude_aldr__L003559,CC(=O)NSC
dude_aldr__L003560,CCCOc1cc(c(cc1S(=O)(=O)N2CCC(CC2)C(=O)[O-])C(C)C)C
dude_aldr__L003561,C[C@@H]1CCc2c(cc(s2)C(=O)N3CC[C@@H](C3)C(=O)[O-])C1
dude_aldr__L003562,c1cc(c(cc1NC[C@H]2CCC=CC2)C(=O)[O-])F
dude_aldr__L003563,OC(=O)CC4Sc1ccccc1N(Cc3nc2c(F)c(F)cc(F)c2s3)C4=O
dude_aldr__L003564,CCn1cc(cn1)S(=O)(=O)[N-]c2ccc(cc2)OCc3ccccc3F
dude_aldr__L003565,c1c(nnn1C2CC[NH+](CC2)[C@@H]3CCSC3)C4(CCCC4)O
dude_aldr__L003566,C[C@@H]1CCCN1S(=O)(=O)N2CCC[C@@H](C2)C(=O)[O-]
dude_aldr__L003567,Cc1ccc(cc1)c2nnc(n2CCC(=O)[O-])SCC(=O)N3Cc4ccccc4C[C@@H]3C(=O)OC
dude_aldr__L003568,c1cc(cc(c1)OC2CCCC2)/C(=N/S(=O)(=O)c3cccnc3)/[O-]
dude_aldr__L003569,Cc1c2c(nc(nc2sc1C(=O)OC(C)C)Cl)N3CCC(CC3)C(=O)[O-]
dude_aldr__L003570,c1ccc(c(c1)C(=O)NNC(=O)[C@H]2C=c3cc(ccc3=[NH+]2)OC(F)(F)F)Cl
dude_aldr__L003571,C[C@@H]1CCC[NH+](C1)[C@@H](C)CNC(=O)Nc2nnc(s2)c3ccsc3
dude_aldr__L003572,c1ccc(cc1)/C=C\C=C\c2c([nH]c(=S)nn2)[O-]
dude_aldr__L003573,CCN(C[C@H](C)C#N)C(=O)Cn1c(nnc1[S-])c2ccc(cc2)Cl
dude_aldr__L003574,COc1ccc(cc1OC2CCCC2)NC(=O)c3cc(sc3)S(=O)(=O)N
dude_aldr__L003575,c1cc(c(cc1C(=O)N2CSC[C@@H]2C(=O)[O-])F)[N+](=O)[O-]
dude_aldr__L003576,C[C@H](C1CCCCC1)NC(=O)c2c(cccn2)[O-]
dude_aldr__L003577,C[C@@H]1CCc2c(cc(s2)C(=O)N(CC(C)C)CC(=O)[O-])C1
dude_aldr__L003578,CC1CCC(CC1)CNC(=O)N2CCN(CC2)c3nccs3
dude_aldr__L003579,[H]/N=C\1/C(=N/Nc2ccc(cc2)S(=O)(=O)[N-]c3c(c(co3)C)C)/C(=O)N(C(=O)N1C)C
dude_aldr__L003580,CC1(CCCCC1)n2cc(ccc2=O)C(=O)[O-]
dude_aldr__L003581,Cc1cn2c(c(nc2s1)c3ccc4c(c3)OCO4)/C=C/C(=O)[O-]
dude_aldr__L003582,C1Cc2c(nc3c(c2C(F)(F)F)c4c(s3)c(=O)[nH]c(n4)[O-])C1
dude_aldr__L003583,Cc1ccnc(n1)Sc2c(c(nn2C)C)N
dude_aldr__L003584,C[C@@H](C(=O)NC)NC(=O)N1CCC[C@@](C1)(C)C(=O)[O-]
dude_aldr__L003585,c1cc(c(c(c1)Br)OCCn2cccn2)/C=C/C(=O)[O-]
dude_aldr__L003586,Cn1c(c2ccc(cc2nc1=S)C(=O)N(C)C3CCCCCC3)[O-]
dude_aldr__L003587,Cc1cc(n(n1)S(=O)(=O)c2cc(c(cc2Cl)Cl)C(=O)[O-])C
dude_aldr__L003588,CS(=O)(=O)[N-]c1ccc(cc1C(=O)N2CC3C[C@H]4C[C@@H](C3)CC2C4)Cl
dude_aldr__L003589,CCCc1ccc(cc1)c2c(sc(n2)N)C(=O)[O-]
dude_aldr__L003590,c1ccc2c(c1)[C@@H]3CC(=C4C=CC(=O)C=C4)NN3[C@H](O2)c5cccnc5
dude_aldr__L003591,Cc1ccc(cc1C)C2=CC=N[C@@H]3N2NC=C3C(=O)NCCC4=c5ccccc5=[NH+]C4
dude_aldr__L003592,Cc1ccc(s1)/C=C/C(=O)N2CCC(CC2)(c3ccccc3)C(=O)[O-]
dude_aldr__L003593,Cc1ccc(c(c1)Br)O[C@H](C)/C(=N/S(=O)(=O)C)/[O-]
dude_aldr__L003594,Cc1c(nc2ccccc2n1)c3c(c(nc(n3)C)N)C#N
dude_aldr__L003595,CCCSc1nnc(s1)/N=C(/C(=C/c2ccccc2OCC)/C#N)\[O-]
dude_aldr__L003596,Cc1ccc(nc1)c2cc3c(cc2F)c(=O)c4c(nsc4n3C5CC5)[O-]
dude_aldr__L003597,CC(C)(C)C(=O)Nc1c(cc(cc1Cl)Cl)C(=O)[O-]
dude_aldr__L003598,C[C@H]1CCCCN1C(=O)[C@@H](C)NC(=O)Nc2cc(ccc2Cl)NC(=O)C
dude_aldr__L003599,Cc1c(sc(n1)N)C(=O)N2CCC(CC2)C(=O)N(C)C
dude_aldr__L003600,c1c(csc1[N+](=O)[O-])C(=O)N2CCCC[C@H]2C(=O)[O-]
dude_aldr__L003601,Cc1cc(cc(c1)CNC(=O)N[C@H](CC(=O)N2CCCC2)C(=O)[O-])C
dude_aldr__L003602,Cc1nc2c(c3c(s2)C[C@@H](CC3)C)c4n1nc(n4)/C=C\C(=O)[O-]
dude_aldr__L003603,c1cc(ccc1n2c(nnc2[S-])[C@H]3CCCO3)S(=O)(=O)N
dude_aldr__L003604,CC[C@H](C)N(CC(=O)[O-])C(=O)c1c(nc(nc1SC)C)C
dude_aldr__L003605,CCn1c(c(c(c(c1=O)C#N)C)C(=O)[C@H]2[C@@H](C2(C)C)C=C(Cl)Cl)[O-]
dude_aldr__L003606,C[C@]1(CCCN(C1)c2c(cc3c(n2)CCC3)C#N)C(=O)[O-]
dude_aldr__L003607,c1cscc1c2cc(on2)[N-]S(=O)(=O)c3cc(cc(c3)F)F
dude_aldr__L003608,C[C@@H]1C[C@H](C(=O)C(=C1[O-])C(=O)CC2CC(=O)NC(=O)C2)C
dude_aldr__L003609,C[C@H]1CC(=C(O1)C)c2nc3c4c5c(sc4nc(n3n2)[O-])CCC5
dude_aldr__L003610,CS(=O)(=O)[N-]c1ccc(cc1)/C=C/C(=O)N2CCC[C@@H]2c3ccc[nH]3
dude_aldr__L003611,c1cc(c(cc1[N+](=O)[O-])[N+](=O)[O-])C(=O)N2CCC[C@H](C2)C(=O)[O-]
dude_aldr__L003612,C1CC[C@@H]2[C@H](C1)CCCN2C(=O)N3CCC[C@@H](C3)C(=O)[O-]
dude_aldr__L003613,COc1cccc(c1)n2cnc3c2N=C(C[C@H]3c4cccc(c4)F)O
dude_aldr__L003614,CCSc1c(c(c(nn1)C)C)C(=O)[O-]
dude_aldr__L003615,Cc1cnc(s1)NC(=O)c2cc(cnc2NC)Br
dude_aldr__L003616,CCOc1cc(cc(c1OCC)I)/C=C(\C(=O)[O-])/NC(=O)C
dude_aldr__L003617,Cc1c(cc(cc1[N+](=O)[O-])[N+](=O)[O-])C(=O)N2[C@H]3CCCC[C@H]3C[C@H]2C(=O)[O-]
dude_aldr__L003618,Cc1[nH]c(=O)c2c(n1)c3c(s2)NC(=O)C[C@H]3c4ccccc4
dude_aldr__L003619,c1cc(cc(c1)O)[C@H]2C(=C(C(=O)N2c3nccs3)[O-])C(=O)c4ccncc4
dude_aldr__L003620,c1cc(sc1)c2ccc(c(n2)Cl)C(=O)[O-]
dude_aldr__L003621,CCCCOc1ccccc1/C=C/2\C(=NC(=O)N(C2=O)c3ccc(c(c3C)C)Br)[O-]
dude_aldr__L003622,CC(C)(C)c1ncc(cn1)[N-]S(=O)(=O)C2=Cc3ccccc3CC2
dude_aldr__L003623,CC1(C(=[N+]([C@@]2(N1O)CCCCCC2=O)[O-])c3ccco3)C
dude_aldr__L003624,CC(C)[C@H](C(=O)Nc1ccc(cc1)N2CCNC2=O)NC(=O)c3ccccc3F
dude_aldr__L003625,CC(C)Oc1c(c(c(c(c1F)F)C(=O)[O-])F)F
dude_aldr__L003626,c1cc(ccc1CNC(=O)NC/C(=C(/C#N)\C(=O)N2CCOCC2)/[O-])Cl
dude_aldr__L003627,CC[C@H]1CCCC[C@@H]1Oc2cc(ccc2/C(=N/O)/N)C
dude_aldr__L003628,CC(C)CCSC1=NC(=O)[C@@H]2[C@H](C3=C(CCCC3=NC2=N1)[O-])c4ccccc4Cl
dude_aldr__L003629,c1ccc(cc1)CSC2=C([C@H](C3=C(CCCC3=N2)[O-])c4cccc(c4Cl)Cl)C#N
dude_aldr__L003630,Cc1cc(cc(c1C)[N+](=O)[O-])S(=O)(=O)[N-]c2[nH]cnn2
dude_aldr__L003631,CC[C@@H](C)c1ccc(cc1)OCCOc2c(cc(cc2Cl)/C=C\3/C(=NC(=S)S3)[O-])OC
dude_aldr__L003632,C[C@@H]1CCC[C@H](N1C(=O)NC(=O)C(F)(F)F)C
dude_aldr__L003633,CN(C1C2CC3CC(C2)CC1C3)C(=O)[C@H]4C[C@@H]4C(=O)[O-]
dude_aldr__L003634,c1ccc(c(c1)C(=O)N2CCC[C@H]2c3ccsc3)C(=O)[O-]
dude_aldr__L003635,Cc1c[nH+]c(c(c1OC)C)CN2CCC(=NO)CC2
dude_aldr__L003636,CCCCN(C)C(=O)N1CCC[C@@H]1CC(=O)[O-]
dude_aldr__L003637,CC(=C[C@H]1[C@H](C1(C)C)C(=O)N([C@@H]2CC(=NC2=O)[O-])C3CC3)C
dude_aldr__L003638,Cc1cc(c(nc1c2ccccc2)[S-])C#N
dude_aldr__L003639,Cc1c(c([nH]n1)[O-])[C@@H](c2cccc(c2)Br)C3=C(N=N[C@@H]3O)C
dude_aldr__L003640,Cc1cccc(c1)Oc2ccc(cc2)[N-]S(=O)(=O)c3cnn(c3)C
dude_aldr__L003641,C[NH+](C)[C@H](CNC(=O)N1CCC(CC1)NC(=O)C2CCC2)C3CCCCC3
dude_aldr__L003642,CC(C)(C)c1csc(n1)c2cc(sc2)S(=O)(=O)[N-]c3ccc(c(c3)F)OC
dude_aldr__L003643,C1C[C@H](OC1)CNC(=O)[C@H]2[C@H]3CC[C@@H]([C@@H]2C(=O)[O-])C=C3
dude_aldr__L003644,CC[C@H](/C(=N/S(=O)(=O)C1CCOCC1)/[O-])OC
dude_aldr__L003645,Cc1csc(n1)[C@@H](c2cc3c(c(c2)Cl)OCO3)N
dude_aldr__L003646,c1cc2c(cc1S(=O)(=O)[N-]c3ccc(cn3)C#N)CCC2
dude_aldr__L003647,CCc1ccc(cc1)C(=O)/C(=C(\N[C@@H]2C[C@H]3CC[C@@H]2C3)/[S-])/[n+]4cccc(c4)[O-]
dude_aldr__L003648,CC1=C/C(=N\[N-]C2=NC(=O)[C@H](S2)CC(=O)Nc3ccccc3)/CC(C1)(C)C
dude_aldr__L003649,CCNC(=O)N1CCC(CC1)[C@H](C(=O)NCC(C)C)NC(=O)c2ccc(cc2)F
dude_aldr__L003650,CC[C@@]1(CCC(=O)NC1=O)c2ccc(cc2)[N-]S(=O)(=O)c3ccccc3C#N
dude_aldr__L003651,OC(=O)CC2C(=O)N(Cc1ccc(Br)cc1F)C(=O)c3ccc(F)cc23
dude_aldr__L003652,CN(Cc1ccc(s1)Cl)C(=O)N2C[C@H](C[C@H]2C(=O)[O-])OC
dude_aldr__L003653,CC1CCN(CC1)C(=O)[C@@H]2CCCN(C2)C(=O)Nc3c[nH]nc3
dude_aldr__L003654,c1cc(sc1)CCNc2nnc(s2)[S-]
dude_aldr__L003655,Cc1ccc(s1)S(=O)(=O)/N=C(/C(C)(C)C)\[O-]
dude_aldr__L003656,C[C@H]1CN(c2cc(ccc2S1)S(=O)(=O)[N-]c3ccc(cc3)C(=O)C)C(=O)C
dude_aldr__L003657,c1cc(cc(c1)[N-]S(=O)(=O)c2ccc(nc2)Cl)C(=O)N3CCSCC3
dude_aldr__L003658,CC(C)c1c(c(nc2c1c(c(s2)C(=O)N3CCC(CC3)C(=O)N)N)N)C#N
dude_aldr__L003659,c1cc(c2c(c1)nccn2)/C=N/NC(=O)c3cccnc3
dude_aldr__L003660,c1cc2cccnc2c(c1)[N-]S(=O)(=O)c3cccc(c3)C(=O)N4CCCC4
dude_aldr__L003661,c1cc2c(cc1N)CN(C2)c3nc4c(s3)CCC4
dude_aldr__L003662,Cc1cc2cccc(c2nc1)S(=O)(=O)[N-]c3cccc4c3nccc4
dude_aldr__L003663,c1ccc(cc1)N[C@H](c2ccc(s2)Br)C(=O)[O-]
dude_aldr__L003664,c1cc(cc(c1)Cl)C2=NO[C@@H](N2)C3=NN=C(C3)c4cccs4
dude_aldr__L003665,Cc1cc(c(c(=O)n1Cc2ccco2)[C@@H](c3ccccc3)N4CCN(CC4)c5ccc(cc5)F)[O-]
dude_aldr__L003666,Cc1ccc(c(c1)OCCC(=O)Oc2ccc(cc2)[N-]S(=O)(=O)C)C
dude_aldr__L003667,C[C@]12C[C@H](c3ccccc3O1)N4CCCCSC4=N2
dude_aldr__L003668,c1cnc(nc1)N2CCN(CC2)C[C@@H]3CCCC[NH2+]3
dude_aldr__L003669,COC(=O)c1cnn(c1N)c2ccc(cc2)C(=O)N[C@H]3CCCc4c3cccc4
dude_aldr__L003670,C[C@@H]1CCC[C@](C1)(C(=O)[O-])Sc2nnnn2C
dude_aldr__L003671,Cc1c\2c(oc1C(=O)[O-])CCC/C2=N\NC(=O)c3ccc(cc3)Cl
dude_aldr__L003672,C[C@@H](CC#N)N(C)C(=O)NC1(CCCCCC1)C(=O)[O-]
dude_aldr__L003673,c1cnc(cc1C(=O)NC23CC4CC(C2)CC(C4)C3)NN
dude_aldr__L003674,Cc1c(c(n(n1)C)Cl)S(=O)(=O)/N=C(/C2=COCCO2)\[O-]
dude_aldr__L003675,Cc1c(nc(o1)c2ccc(cc2)OC)CSc3[n-]c4cnccc4n3
dude_aldr__L003676,C/C(=N\Nc1nc2c(ncnc2n1[C@H]3[C@H]([C@@H]([C@@H](O3)CO)O)O)N)/Cc4ccccc4
dude_aldr__L003677,COc1ccc(c(c1OC)C(=O)[O-])[C@H]2CC(=NN2c3ccccc3)c4ccc(cc4)Br
dude_aldr__L003678,CC(=O)O[C@H]1CC[C@]2([C@H](C1)CC[C@H]3[C@@H]2CC[C@]4([C@@H]3CC(=O)NC4=O)C)C
dude_aldr__L003679,Cc1ccc(c(c1)Br)S(=O)(=O)[N-]c2cnccn2
dude_aldr__L003680,c1cc(sc1[C@@H]2CC(=Nc3n2ncn3)C(=O)[O-])Br
dude_aldr__L003681,c1cc(sc1)[C@H]2CCCN2S(=O)(=O)c3ccc(s3)C(=O)[O-]
dude_aldr__L003682,C[C@@H]1Cc2cc(ccc2O1)C(=O)C3=C(C(=O)N([C@H]3c4cccc(c4)OCCC(C)C)CCOC)[O-]
dude_aldr__L003683,Cc1c(c(n(n1)C)O[C@H]2C[C@H](CC[C@@H]2C(C)C)C)C(=O)[O-]
dude_aldr__L003684,CN(C)c1ccc(cc1)[C@H]2CC(=NN2C(=O)CCCC(=O)[O-])c3ccc(cc3)Br
dude_aldr__L003685,Cc1ccc2cc(c(nc2c1)Cl)CSc3nnc(n3[C@H](C(C)C)C(=O)[O-])c4cccs4
dude_aldr__L003686,c1cc(c(cc1[N+](=O)[O-])C(=O)[O-])O[C@@H]2CCS(=O)(=O)C2
dude_aldr__L003687,c1nc2c(c3c(s2)CCCC3)c4n1nc(n4)/C=C/C(=O)[O-]
dude_aldr__L003688,CC(C)[C@](C)(CC(=O)NC)C(=O)[O-]
dude_aldr__L003689,C[C@@H]1CCCN([C@@H]1C)S(=O)(=O)c2ccc(s2)C(=O)[O-]
dude_aldr__L003690,Cc1c(sc(n1)[S-])CC(=O)NNC(=O)c2cccc(c2)S(=O)(=O)C
dude_aldr__L003691,C[C@H]1CCC[C@@H](C1)c2nc(on2)c3cn[nH]c3N
dude_aldr__L003692,CC1CCN(CC1)C(=O)[C@]2(CC[C@@](C2(C)C)(C)C(=O)[O-])C
dude_aldr__L003693,CC[C@H]1CCCCN1C(=O)CCn2c(nnc2[S-])c3ccc(cc3)F
dude_aldr__L003694,CCC[C@@]1(CCN(C1)C(=O)c2ccc(o2)Cl)C(=O)[O-]
dude_aldr__L003695,Cc1ccc(cc1)n2c(nnc2[S-])Cn3c(cc(n3)C(F)F)C(F)F
dude_aldr__L003696,OC(=O)COc1cc(F)ccc1C(=S)NCc2ccc(Br)cc2F
dude_aldr__L003697,c1ccc(cc1)c2c(nnc(n2)c3cn(c4c3c(ncn4)N)[C@H]5[C@H]([C@@H]([C@@H](O5)CO)O)O)c6ccccc6
dude_aldr__L003698,Cc1cc(c(n1c2ccc(cc2)Br)C)C(=O)/C(=C/c3ccc(cc3)C(=O)[O-])/C#N
dude_aldr__L003699,Cc1cccc(c1)n2c(nnn2)Sc3ccc(cc3C(=O)[O-])S(=O)(=O)N4CCOCC4
dude_aldr__L003700,C[C@@H]1CCC[C@@H](N1C(=O)CSC2=NC(=O)CC(=N2)N)C
dude_aldr__L003701,CC[C@@H]1CCc2c(s/c(=N/C(=O)C[NH+]3CCC[C@@H](C3)C(=O)NC4CC4)/[nH]2)C1
dude_aldr__L003702,c1ccc(cc1)Cn2cc(cn2)/C=C/3\C(=O)N(C(=N3)[S-])c4ccc(cc4)OC(F)(F)F
dude_aldr__L003703,CC1(Cc2c(cc3c4c(c(ncn4)NCc5ccccc5)oc3n2)CO1)C
dude_aldr__L003704,CC(C)(C)OC(=O)N1[C@@]([C@@H]2CCCCCC2=N1)(C(F)(F)F)O
dude_aldr__L003705,Cc1c(cco1)/C(=C(\C#N)/C(=O)/C=C/c2c(cccc2F)F)/[O-]
dude_aldr__L003706,Cn1c(ccc1[N+](=O)[O-])C(=O)N2CCO[C@@H](C2)C(=O)[O-]
dude_aldr__L003707,c1ccc(cc1)S(=O)(=O)[C@H]2CCC[C@@]3(C2)CCC[C@@H](N3O)O
dude_aldr__L003708,c1ccc(cc1)OC(=O)N2C[C@H](C[C@H]2C(=O)Nc3ccc(cc3)Br)O
dude_aldr__L003709,CC(=O)Nc1cccc(c1)[N-]S(=O)(=O)c2c(ccs2)Br
dude_aldr__L003710,Cc1nnnn1c2c(cc(cc2Br)Br)C(=O)[O-]
dude_aldr__L003711,Cc1c(sc(n1)Cl)S(=O)(=O)[N-]c2ccc3c(c2)nccn3
dude_aldr__L003712,c1ccc(cc1)[C@@H]2CC(=C(C(=O)C2)/C=N/CCCN3CCOCC3)[O-]
dude_aldr__L003713,CC(=O)c1ccc(s1)C(=O)/N=c\2/[nH]c3c(s2)CN(CC3)C
dude_aldr__L003714,Cc1c(sc(n1)C)C(=O)N[C@@]2(CCCC[C@H]2C)C(=O)[O-]
dude_aldr__L003715,C1CCCC2=C(CC1)[C@@H]([C@H](S2)NC(=O)CSC3=NC(=O)CC(=N3)N)C#N
dude_aldr__L003716,Cc1ccc(cc1)CSC2=NC(=O)[C@H]3[C@@H](C4=C(CCCC4=NC3=N2)[O-])c5ccc(cc5)N(C)C
dude_aldr__L003717,C[C@H]1CCCN1C(=O)Nc2cccc(c2C(=O)[O-])F
dude_aldr__L003718,CC(C)C1=C[C@H](N=N1)c2nnc3n2N[C@H](S3)c4cccs4
dude_aldr__L003719,c1ccc2c(c1)c(c[nH]2)[C@@H]3[C@@H]4CC=C[C@@H]4c5cccc(c5N3)C#N
dude_aldr__L003720,C[C@@H]1CN(CCCO1)[C@@H]2CC3(CC[C@@H]2[NH2+]C)OCCO3
dude_aldr__L003721,Cc1c(nc(nn1)S[C@@H](C)C(=O)C2=N[C@H](C(=C2C)C(=O)OC)C)[O-]
dude_aldr__L003722,c1cc(ccc1/C=N/n2cnc3c(c2=O)c4c(s3)CCCC4)C(=O)[O-]
dude_aldr__L003723,Cc1csc(n1)Sc2cnc(nc2C(=O)[O-])C(C)C
dude_aldr__L003724,CC[C@@H](C)SC1=NC(=O)[C@H]2[C@@H](C3=C(CC(CC3=NC2=N1)(C)C)[O-])c4ccc(cc4)C#N
dude_aldr__L003725,CN([C@@H]1CCSC1)S(=O)(=O)c2ccc(c(c2F)C(=O)[O-])F
dude_aldr__L003726,Cc1ccc(c(c1)[N-]S(=O)(=O)c2ccnc(c2)Cl)OC
dude_aldr__L003727,c1ccc(cc1)/C=C/C(=O)C2=C(C(=O)N([C@H]2c3cccc(c3)F)CCCN4CCOCC4)[O-]
dude_aldr__L003728,CC(C)(C)c1ccc(cc1)Cn2c3ccc(cc3c4c2nc(nn4)[S-])Br
dude_aldr__L003729,Cc1ccc(cc1[N+](=O)[O-])C(=O)N[C@@H]2CCSC2=O
dude_aldr__L003730,CCn1cc(cn1)S(=O)(=O)[N-]c2nc(c(s2)Cc3cccc(c3)Cl)C
dude_aldr__L003731,Cc1ccc(o1)CN(C)S(=O)(=O)N2CCCC[C@@H]2C(=O)[O-]
dude_aldr__L003732,Cc1c(sc2c1c(ncn2)SCC/C(=C(/C#N)\C(=O)c3ccco3)/[O-])C
dude_aldr__L003733,CCCCS(=O)(=O)/N=C(/[C@H]1CC(=O)N(C1)c2ccc(cc2)C)\[O-]
dude_aldr__L003734,C[C@]12C=C[C@]3(O1)[C@@H]([C@@H]2C(=O)N)C(=O)N([C@@H]3C(=O)NC4CCCC4)c5ccccc5
dude_aldr__L003735,Cc1nc2c3ccccc3[nH]c2c(=O)n1/N=C/c4c[nH]c5c4cccc5
dude_aldr__L003736,Cc1c(cn[nH]1)S(=O)(=O)[N-]c2cccnc2n3cccn3
dude_aldr__L003737,Cc1ccc2c(c1)c(nc(n2)/N=C(\N)/NC(=S)Nc3ccc(c(c3)C)C)C
dude_aldr__L003738,c1c(cc(c(c1Cl)OC(F)F)Cl)[N-]S(=O)(=O)CCCCl
dude_aldr__L003739,c1ccnc(c1)CCNc2nc(c3c(n(nc3n2)c4ccc(cc4)Cl)N)c5ccc(c(c5)Cl)F
dude_aldr__L003740,CN1CCC(CC1)[NH+]2CCC(CC2)C(=O)[O-]
dude_aldr__L003741,Cc1ccc(cc1)NC(=O)[C@@H]2CCCN2c3nn4c(=O)cc(nc4s3)C
dude_aldr__L003742,CN(C1C2CC3CC(C2)CC1C3)C(=O)[C@H]4C[C@H]4C(=O)[O-]
dude_aldr__L003743,c1ccc2c(c1)c(nc3n2ncc3C(=O)Nc4ccccc4N5CCCC5=O)[O-]
dude_aldr__L003744,c1ccc(cc1)[C@@H]2C([C@H](C2C(=O)N3CCOCC3)c4ccccc4)C(=O)N/N=C/c5ccc(cc5O)O
dude_aldr__L003745,Cc1cccc(c1)S(=O)(=O)/N=C(/[C@H]2CCN(C2=O)c3ccc(c(c3)C)C)\[O-]
dude_aldr__L003746,Cc1c(c(on1)C)CSCC(=O)N2CCCC[C@H]2C(=O)[O-]
dude_aldr__L003747,Cc1csc(n1)NC(=O)N[C@H]2CCS(=O)(=O)C2
dude_aldr__L003748,Cc1cc(c(c(=O)o1)c2ccnc3n2ncc3c4ccc(cc4)F)[O-]
dude_aldr__L003749,Cc1nccn1c2c(cc3c(n2)CCC3)/C(=N/O)/N
dude_aldr__L003750,CCOc1cc(cc(c1OC)Cl)/C=C(/c2nc3cc(ccc3c(n2)[O-])Cl)\Cl
dude_aldr__L003751,c1cnccc1c2nc([n-]n2)Sc3ncc(cn3)Br
dude_aldr__L003752,CC(C)[C@@H](C(=O)[O-])n1c(nnc1SCC(=O)N(Cc2ccccc2)C(C)(C)C)c3cccs3
dude_aldr__L003753,c1c(ncnc1Cl)N2CCC[C@H]3[C@@H]2CCCC3
dude_aldr__L003754,Cc1cc(cc(c1C)[N+](=O)[O-])S(=O)(=O)/N=C(/C=C2CCCCC2)\[O-]
dude_aldr__L003755,CC[C@H]1CO[C@H](CN1S(=O)(=O)c2cc(c(c(c2)N)C)C)C
dude_aldr__L003756,Cc1c(nc(s1)c2ccco2)C(=O)Nc3ccc4c(c3)OCO4
dude_aldr__L003757,CC(=O)O[C@@H]1CC[C@]2([C@@H]3CC[C@@]4([C@@H]([C@@H]3C[C@@H]([C@@]2(C1)O)O)CC[C@@H]4OC(=O)C)C)C
dude_aldr__L003758,CS(=O)(=O)N1CCN(CC1)C(=O)N2CC[C@H](C2)C(=O)[O-]
dude_aldr__L003759,COC(=O)N1CCCc2c1ccc(c2)NC(=O)[C@H]3CC=CC[C@@H]3C(=O)[O-]
dude_aldr__L003760,c1cc(sc1)c2ccnc(n2)N3CCC[C@@H](C3)C(=O)[O-]
dude_aldr__L003761,CC[C@H]1CCCCN1C(=O)c2cc(ccc2Br)S(=O)(=O)N
dude_aldr__L003762,CCc1ccccc1N/C(=C(/C(=O)c2ccccc2)\[n+]3cc(ccc3C)[O-])/[S-]
dude_aldr__L003763,C1CN(CCOC1)C(=O)N2CC[C@H](C2)C(=O)[O-]
dude_aldr__L003764,CC(C)(C)c1ccc(cc1)/C=C/C(=O)N([C@@H]2CC(=NC2=O)[O-])C3CC3
dude_aldr__L003765,C[C@@H]1CCCC[C@H]1OC2(CCOCC2)C(=O)[O-]
dude_aldr__L003766,c1cnccc1[C@@H]2CCCCCN2C(=O)Nc3nncs3
dude_aldr__L003767,Cc1ccccc1[C@H]\2[C@H]3C(=NC(=NC3=O)SCC=C)N=C(/C2=C(/[O-])\OCC=C)C
dude_aldr__L003768,C1CCC(CC1)[C@H](C(=O)[O-])NC(=O)N2CC[C@H](C2)O
dude_aldr__L003769,Cc1c(oc2c1c(ncn2)N3CCC[C@H](C3)C(=O)NC4CC4)C
dude_aldr__L003770,CC(C)c1nc(on1)CC/C(=N/S(=O)(=O)N2CCCCC2)/[O-]
dude_aldr__L003771,Cc1cc(c(cc1Cl)C)SCc2cc([nH]n2)[O-]
dude_aldr__L003772,CC(C)C1=C[C@@]23CC[C@@H]4[C@]([C@@H]2C[C@@H]1[C@@H]5[C@@H]3C(=O)N(C5=O)c6ccccc6)(CCC[C@@]4(C)C(=O)[O-])C
dude_aldr__L003773,C1C[C@H](COC1)C(=O)N2CSC[C@@H]2C(=O)[O-]
dude_aldr__L003774,COc1ccccc1c2cnc(nc2c3ccc(cc3O)OCc4ccc(cc4Cl)Cl)N
dude_aldr__L003775,c1ccc(c(c1)[N-]S(=O)(=O)c2cc(cnc2)F)OC(F)(F)F
dude_aldr__L003776,c1cc(ccc1Cn2c3c(cn2)c(nc(n3)SC4CCCC4)[O-])F
dude_aldr__L003777,c1cc(sc1)S(=O)(=O)[N-]c2cc(ccc2F)N3CCOC3=O
dude_aldr__L003778,CCc1nnc(s1)NC(=O)c2c(c3c(cc(nc3s2)C)COC)N
dude_aldr__L003779,C[C@]1(CC(=O)[C@H]([C@@H]([C@@H]1C(=O)Nc2ccccc2)c3ccc(cc3)C(C)(C)C)C(=O)Nc4ccccc4)O
dude_aldr__L003780,C[C@@H]1CCC[C@H](C1)c2nc(on2)[C@@H]3CC=CC[C@@H]3C(=O)[O-]
dude_aldr__L003781,C[C@]12CC[C@H](CC1=CC[C@@H]3[C@@H]2CC[C@@]4([C@@H]3C/C(=C\O)/C4=O)C)O
dude_aldr__L003782,C[C@H]1CC[C@]2([C@@H]([C@@]1(C)CC/C(=C\C(=O)[O-])/C)CC(=O)C=C2C)C
dude_aldr__L003783,c1c2c(sc1c3c(nco3)C(=O)[O-])CCCC2
dude_aldr__L003784,Cc1ccc(cc1S(=O)(=O)[N-]c2ccccc2C(=O)C)S(=O)(=O)C
dude_aldr__L003785,CC1=C([C@@H](NC(=S)N1C)c2ccc(cc2)NC(=O)Nc3ccc(cc3)SC)C(=O)OCC(C)C
dude_aldr__L003786,c1c(cn[nH]1)N
dude_aldr__L003787,c1ccc2c(c1)N[C@@H](S2)NC(=O)N3CCC(=CC3)C4=c5cccnc5=[NH+]C4
dude_aldr__L003788,Cc1c2c([nH]n1)OC(=C([C@@H]2c3ccc(cc3)C#N)C#N)N
dude_aldr__L003789,c1c(c2c(c(c1Br)Cl)oc(n2)[O-])Cl
dude_aldr__L003790,c1cc(ccc1C(=O)N/N=C/c2cc(ccc2[O-])[N+](=O)[O-])N3CCCC3=O
dude_aldr__L003791,CCN(C[C@H](C)C(=O)[O-])C(=O)c1c(nn(c1C)C)C
dude_aldr__L003792,Cc1ccc(cc1C(=O)[O-])S(=O)(=O)N2CCC(CC2)C(=O)OC
dude_aldr__L003793,Cc1ccc(cc1[N-]S(=O)(=O)c2ccc(nc2)Cl)N3C(=O)CCC3=O
dude_aldr__L003794,C/C(=N\Nc1ccc(cc1[N+](=O)[O-])[N+](=O)[O-])/c2ccc(cc2)S(=O)(=O)N3CCCC[C@@H]3C(=O)[O-]
dude_aldr__L003795,Cc1coc2c1cc3c(c(c(=O)oc3c2C)CC(=O)N[C@@H](CSC)C(=O)[O-])C
dude_aldr__L003796,CC(C)CCOc1ccc(cc1)C(=O)N2[C@H]3CCCC[C@H]3C[C@H]2C(=O)[O-]
dude_aldr__L003797,C[C@@](c1ccccc1)(C(=O)[O-])NC(=O)C2CCC2
dude_aldr__L003798,Cc1ccc(cc1S(=O)(=O)[N-]c2cccc(c2)C#N)c3c(noc3C)C
dude_aldr__L003799,C[C@@]1(CCCN(C1)C(=O)N(CCC#N)C2CC2)C(=O)[O-]
dude_aldr__L003800,c1c(cnc(n1)N)S(=O)(=O)N2CCO[C@H]3[C@@H]2CCC3
dude_aldr__L003801,CCc1ccc(s1)S(=O)(=O)[N-]c2ccc(cc2)Cn3ccnc3C
dude_aldr__L003802,Cc1nc(on1)c2ccc(cc2)[N-]S(=O)(=O)c3ccc(cc3)C(=O)C
dude_aldr__L003803,Cc1cc(c(cc1C(=O)[O-])S(=O)(=O)CCCC#N)C
dude_aldr__L003804,C[C@H]1CCc2c(sc3c2c(=O)n(c(n3)C(C)C)[C@@H](C)C(=O)[O-])C1
dude_aldr__L003805,Cc1c(c[nH]n1)S(=O)(=O)[N-]c2cc(ccc2Cl)Br
dude_aldr__L003806,c1ccc(cc1)Oc2cccc(c2)[C@@H]3N([C@@H](CS3)C(=O)[O-])C(=O)CCCl
dude_aldr__L003807,Cc1cc(n(n1)CCC#N)[N-]S(=O)(=O)c2cc(cc(c2)Cl)Cl
dude_aldr__L003808,CC1=CC=C[C@]2([C@@H]1C[C@@H](CC2)C(=C)C(=O)[O-])C
dude_aldr__L003809,CC[C@@]1(CCN(C1)C(=O)N(C)[C@@H]2CCSC2)C(=O)[O-]
dude_aldr__L003810,Cc1ccc(cc1[N-]S(=O)(=O)C)C(=O)N2CCO[C@@H](C2)c3ccccc3F
dude_aldr__L003811,Cc1cc(cc(c1)F)c2c(ncn2CCCc3[n-]nnn3)c4ccccc4
dude_aldr__L003812,CCc1ccc(s1)S(=O)(=O)[N-]c2ccccc2S[C@@H](C)CC#N
dude_aldr__L003813,c1cc(ccc1c2ccc(o2)/C=C\3/C(=NC(=O)N(C3=O)c4ccc(cc4)Br)[O-])Cl
dude_aldr__L003814,CC(C)[C@](C)(CC(=O)N1CCC[C@@H]1c2cccs2)C(=O)[O-]
dude_aldr__L003815,Cc1ccc(cc1)[C@@H](C)N(C)C(=O)c2ccc(c(c2)[N-]S(=O)(=O)C)Cl
dude_aldr__L003816,Cc1ccc(c(c1)c2c(cn(n2)c3ccccc3)/C=C(\C#N)/c4nc5ccccc5c(n4)[O-])C
dude_aldr__L003817,Cc1cc(c(o1)C)[C@H](C)n2c(nnc2[S-])c3ccccn3
dude_aldr__L003818,CN(CCCc1ccccc1)CC(=O)[C@@H](C#N)c2nc3ccccc3c(n2)[O-]
dude_aldr__L003819,c1cc(ccc1C(=O)[O-])SCC(=O)N2CCCCCCC2
dude_aldr__L003820,C1CCC(=O)N(CC1)CC(=O)N2CCC[C@H](C2)C(=O)[O-]
dude_aldr__L003821,Cc1cc(ccc1OC)Nc2nnc(s2)[S-]
dude_aldr__L003822,Cc1c(sc2c1c(ncn2)N3C[C@H]4CC[C@@H]3C4)C
dude_aldr__L003823,CC(C)CNC(=O)c1ccc(cc1Cl)[N-]S(=O)(=O)c2cnn(c2)C
dude_aldr__L003824,Cn1c(nnc1/C(=C(/C(=C\c2ccco2)/C#N)\[O-])/C#N)c3ccccc3
dude_aldr__L003825,c1cc(cnc1)CNC(=O)[C@H]2Cc3cc(ccc3N4[C@@H]2CCCC4)[N+](=O)[O-]
dude_aldr__L003826,C[C@@H](C(=O)[O-])n1c(nnc1SCc2ccc(c(c2)Br)OC)c3cccs3
dude_aldr__L003827,c1cc(ccc1C2=N[C@H](N=C2)SCC(=O)N3CCC[C@@H](C3)C(=O)[O-])Br
dude_aldr__L003828,c1ccc(c(c1)OC(F)F)S(=O)(=O)[N-]c2nc(cs2)c3ccncc3
dude_aldr__L003829,c1ccc(cc1)/C=C/C=N/n2c(nnc2[S-])c3ccc(cc3)F
dude_aldr__L003830,CC(C)N(CC(=O)OC)C(=O)N1CCC(CC1)C(=O)[O-]
dude_aldr__L003831,CSc1nnc(s1)/N=C(/C2=C(SCCO2)c3ccccc3)\[O-]
dude_aldr__L003832,Cc1c(nc(s1)N)c2ccc3c(c2)C[C@H](N3S(=O)(=O)C)C
dude_aldr__L003833,Cn1cc(cn1)S(=O)(=O)/N=C(/[C@@H]2C[C@H]2c3ccc(cc3)F)\[O-]
dude_aldr__L003834,Cc1cccc(c1)O[C@H](C)/C(=N/S(=O)(=O)c2ccccc2C)/[O-]
dude_aldr__L003835,CSc1ccc(cc1)[C@@H]2C(=C(C(=O)N2CC=C)[O-])C(=O)c3cccc(c3)OCc4ccccc4Cl
dude_aldr__L003836,C[C@@H]1CN(CC(O1)(C)C)C(=O)[C@@H]2CCCC[C@@H]2C(=O)[O-]
dude_aldr__L003837,CSc1c2c(nc(n1)N)n(cn2)[C@@H]3C[C@@H]([C@H](O3)CO)O
dude_aldr__L003838,c1cc(ccc1C(=O)CSC2=N[C@H]3C(=NC(=N3)C#N)C(=N2)[NH-])Br
dude_aldr__L003839,CCc1ccc(s1)S(=O)(=O)[N-]c2ccc(nc2)c3ccccc3
dude_aldr__L003840,CC(C)CC[C@](C)(C(=O)[O-])Sc1ccc(cc1)S(=O)(=O)C
dude_aldr__L003841,Cc1c(nc(s1)[C@@H]2CCC[NH2+]2)c3cccc(c3)[N+](=O)[O-]
dude_aldr__L003842,C[C@H](c1ccc(s1)Cl)Nc2cccc(c2)C(=O)[O-]
dude_aldr__L003843,c1cc(sc1C#N)c2ccc(s2)C(=O)[O-]
dude_aldr__L003844,CCOc1cc(ccc1C)[N-]S(=O)(=O)c2ccc(cc2)C#N
dude_aldr__L003845,C[C@H](CNS(=O)(=O)c1cc(cc(c1F)C(=O)[O-])Br)O
dude_aldr__L003846,C1CCCC(CC1)C(=O)N2CCC(=O)NCC2
dude_aldr__L003847,c1cc(ccc1CNC(=O)C(=O)Nc2ccc(cc2)Oc3ccncc3)O
dude_aldr__L003848,c1cc(sc1)[C@H](c2c(n3c(s2)ncn3)[O-])N4CCOCC4
dude_aldr__L003849,OC(=O)Cn4cc(Cc2nc1c(F)c(F)cc(F)c1s2)c5cc(OCc3ccccc3)ccc45
dude_aldr__L003850,Cc1cc(ccc1F)S(=O)(=O)[N-]c2ccccc2C(=O)OCCCC#N
dude_aldr__L003851,c1cnn(c1)c2ccc(cc2)CNC(=O)CC34C[C@H]5C[C@@H](C3)CC(C5)(C4)O
dude_aldr__L003852,Cc1ccc(cc1)OCc2nnc(n2c3ccc(cc3)Cl)[S-]
dude_aldr__L003853,C1CCCN(CCC1)C(=O)N2CCC[C@@H]2C(=O)[O-]
dude_aldr__L003854,C[C@@H]1CN(C[C@@H](O1)C)/C(=C(\C#N)/C(=O)c2csc(n2)c3cccs3)/[O-]
dude_aldr__L003855,CO/C(=N/S(=O)(=O)c1ccc(cc1)/N=N/N2CCCCC2)/[O-]
dude_aldr__L003856,Cc1cc(n(n1)c2ccccc2[N-]S(=O)(=O)c3cc(sc3Cl)Cl)C
dude_aldr__L003857,C1C[C@@H](CN(C1)C(=O)C2=COCCO2)C(=O)[O-]
dude_aldr__L003858,c1cc(c(cc1Cl)Cl)c2nnc(n2/N=C/c3cc(cs3)Br)[S-]
dude_aldr__L003859,Cc1cc(c(c(=O)o1)C(=O)/C=C/c2csnn2)[O-]
dude_aldr__L003860,CC(C)(C)OC(=O)N1CCC(CC1)NC(=O)N2CCCCCCC2
dude_aldr__L003861,CC(=CC(=O)N1C[C@@H](C[C@@H]1C(=O)[O-])O)C
dude_aldr__L003862,Cc1c(sc(n1)C)C(=O)C2=C(C(=O)N([C@H]2c3ccc(cc3)SC)C[C@@H]4CCCO4)[O-]
dude_aldr__L003863,c1ccc(c(c1)n2c3c(cn2)[C@@H](CCC3)NC(=O)c4cc(n[nH]4)C(F)(F)F)F
dude_aldr__L003864,c1cc(oc1/C=N/n2c(nnc2[S-])c3ccncc3)[N+](=O)[O-]
dude_aldr__L003865,Cc1cc(n(n1)CCC#N)[N-]S(=O)(=O)c2cccc(c2)n3cnnn3
dude_aldr__L003866,CCCCN1[C@@H](C(=C(C1=O)[O-])C(=O)c2cc3cccc(c3o2)OC)c4ccc(c(c4)OC)OCCC(C)C
dude_aldr__L003867,CC(C)Oc1ccc(cc1[N-]S(=O)(=O)c2cccc(c2)S(=O)(=O)C)F
dude_aldr__L003868,c1csc(c1C(=O)[O-])NC(=O)N2CC[C@@H]3CCCC[C@H]3C2
dude_aldr__L003869,C[C@@H](C(=O)[O-])NC(=O)N1CCC[NH+]2CCC[C@H]2C1
dude_aldr__L003870,Cc1ccc(cc1C)N2[C@@H](SCC2=O)c3ccc(cc3)[N-]S(=O)(=O)c4cccc5c4nccc5
dude_aldr__L003871,CCc1c(sc2c1c(=O)n(c(n2)SCc3cccc(c3)C(=O)[O-])C[C@@H]4CCCO4)C
dude_aldr__L003872,Cc1c(c(n([nH+]1)C)NC)CN2C[C@@H](OC(C2)(C)C)C
dude_aldr__L003873,CC(C)Cn1cc(c2c1nccc2)S(=O)(=O)[N-]c3ccccc3Cl
dude_aldr__L003874,Cc1ccc(cc1)[N-]S(=O)(=O)C2=C(S[C@@H](C2)[C@@H]3C(=C(N=N3)C)C)C
dude_aldr__L003875,C[C@@H]3C[C@]1(NC(=O)NC1=O)c2cc(Cl)cnc2O3
dude_aldr__L003876,Cc1ccc(cc1C)[N-]S(=O)(=O)c2ccc(s2)CC(=O)N3CCCC3
dude_aldr__L003877,c1cc(sc1)c2csc3c2c(nc(n3)Cn4ccnc4)N
dude_aldr__L003878,CC1=C(C[C@]2([C@@H](C1)C(=O)[O-])C(=O)N=C(S2)c3ccco3)C
dude_aldr__L003879,Cc1c(sc(n1)/N=C(/C(Cl)(Cl)Cl)\[O-])C(=O)C
dude_aldr__L003880,c1(=O)c(nnc([nH]1)[O-])Br
dude_aldr__L003881,c1c2c3c(c(=O)oc2c(c(c1Cl)O)CN4CCOCC4)CCCC3
dude_aldr__L003882,CS(=O)(=O)[N-]c1ccc(cc1)OC(=O)C2(CCC2)c3ccc(cc3)Cl
dude_aldr__L003883,c1c[nH]c2c1c(c(c(n2)I)Cl)[O-]
dude_aldr__L003884,Cc1cccc(c1)S(=O)(=O)[N-]c2cccn3c2nc(n3)C4CCC4
dude_aldr__L003885,Cn1c(ccn1)C(=O)N2CCC[C@@H](C2)C(=O)[O-]
dude_aldr__L003886,c1ccc(cc1)N2[C@H]([C@H](CCC2=O)C(=O)[O-])c3cccnc3
dude_aldr__L003887,C[C@H](C(=O)OC)NS(=O)(=O)c1cc(c(cc1Cl)Cl)C(=O)[O-]
dude_aldr__L003888,Clc3cc1c(OCCC12NC(=O)NC2=O)c4ccccc34
dude_aldr__L003889,c1ccc(c(c1)[C@@H]2[C@@H]3CC=C[C@@H]3c4cc(ccc4N2)S(=O)(=O)N)O
dude_aldr__L003890,c1c2c(sc1C(=O)N3CCC[C@H](C3)CC(=O)[O-])CCC2
dude_aldr__L003891,Cc1ccc(c(c1)S(=O)(=O)/N=C(/c2cnn(c2C(F)F)C)\[O-])C
dude_aldr__L003892,c1ccc(c(c1)C(=O)[O-])SCC(=O)N2CCC[C@@H]2c3cccs3
dude_aldr__L003893,C[C@@H]1CCC[C@@H](C1)SC2(CCCCC2)C(=O)[O-]
dude_aldr__L003894,CC(=O)N1CCN(CC1)S(=O)(=O)N2CCC[C@H](C2)C(=O)[O-]
dude_aldr__L003895,c1cc2c(cc1C(=O)[C@@H](C#N)c3nc(c4c5c(sc4n3)CCCC5)[O-])CCC2
dude_aldr__L003896,c1ccc(c(c1)CSc2[n-]c3cc(cnc3n2)Br)[N+](=O)[O-]
dude_aldr__L003897,CC(C)[C@@H](/C(=N/S(=O)(=O)C)/[O-])n1nc(nn1)c2ccccc2
dude_aldr__L003898,Cc1ccc(c(c1)NC(=O)Nc2cc(ccc2N3CCCCC3)NC(=O)c4ccccc4Cl)OC
dude_aldr__L003899,Cc1c(sc(n1)C)C(=O)C2=C(C(=O)N([C@H]2c3ccc(cc3Cl)Cl)c4nccs4)[O-]
dude_aldr__L003900,CCN([C@@H](C)CC(=O)[O-])C(=O)[C@H]1CCCN1S(=O)(=O)C
dude_aldr__L003901,CS(=O)(=O)[N-]c1ccccc1C(=O)NCCc2n[nH]c(=S)n2C3CC3
dude_aldr__L003902,COC(=O)c1cc(c[nH]1)c2csc(n2)[N-]S(=O)(=O)c3cccs3
dude_aldr__L003903,CCN(Cc1ccc(s1)Br)C(=O)C[C@@H](C)CC(=O)[O-]
dude_aldr__L003904,CCn1c(=O)c2cc(cn2cn1)S(=O)(=O)[N-]c3ccc(c(c3)F)C
dude_aldr__L003905,CC(=O)O[C@H]([C@H](C(=O)[O-])OC(=O)C)C(=O)N1CCCC1
dude_aldr__L003906,CC(C)n1c2c(cc(cn2)C(=O)Nc3nc4c(s3)C(=O)CC(C4)(C)C)cn1
dude_aldr__L003907,CN1[C@@H]2[C@H](C(=O)N(C1=O)C)N(C(=N2)Oc3ccc(cc3)c4[n-]nnn4)CC=C
dude_aldr__L003908,C[C@@H]1CCCN([C@H]1C)C(=O)N2CCCC[C@@H]2C(=O)[O-]
dude_aldr__L003909,Cc1cc(n(n1)c2ccc(cc2)C(=O)N[C@@H](C)c3cccc(c3)S(=O)(=O)N)C
dude_aldr__L003910,Cc1ccc(cc1)S(=O)(=O)[N-]c2ccc(c(c2)C(=O)NCCC(C)C)Cl
dude_aldr__L003911,COc1ccc(cc1Cl)[N-]S(=O)(=O)c2ccc(s2)CC(=O)N3CCCCC3
dude_aldr__L003912,CC(=O)[C@@H]1[C@H](C(=C(C[C@@]1(C)O)Nc2ccccc2)C(=O)C)c3cccnc3
dude_aldr__L003913,CC1(CCCN1C(=O)N2CCCC[C@@H]2C(=O)[O-])C
dude_aldr__L003914,CCN(C[C@H]1CCCO1)C(=O)N2C[C@@H](C[C@@H]2C(=O)[O-])OC
dude_aldr__L003915,Cc1cnn(c1N)Cc2cc3c(c(c2)Br)OCO3
dude_aldr__L003916,c1cc(cc(c1)F)CNc2nnc(s2)[S-]
dude_aldr__L003917,Cc1ccc(c2c1cn[nH]2)NC(=O)c3cccc(c3)n4c(=O)ccc(n4)[O-]
dude_aldr__L003918,c1c(ncn1CCC(=O)N2CCC[C@H]2CC(=O)[O-])[N+](=O)[O-]
dude_aldr__L003919,CCc1c(nn(c1C)[C@H]2CCCC[C@H]2C(=O)[O-])C
dude_aldr__L003920,CCc1ccc(cc1)[N-]S(=O)(=O)[C@H]2C(=CN=N2)c3ccc(cc3)Cl
dude_aldr__L003921,CC(C)N(C)C(=O)N1CCCC[C@H]1C(=O)[O-]
dude_aldr__L003922,Cc1c(c(n(n1)c2ccc(cc2)F)[O-])/C=N/c3c(c4c(s3)CCCC4)C#N
dude_aldr__L003923,Cc1ccc(cc1)c2ccc(c(n2)SC)C(=O)[O-]
dude_aldr__L003924,CC(=O)C[C@@H]1[C@@H]2[C@](CCCC2(C)C)([C@@]3(O1)CC[C@@](O3)(C)CC(=O)[O-])C
dude_aldr__L003925,Cc1c(c(ccc1OCc2ccc(o2)C(=O)[O-])Br)C
dude_aldr__L003926,c1cc2c(cc1c3ccc(nc3)C(=O)[O-])CCC2
dude_aldr__L003927,Cc1cc(ccc1C(=O)NC(C)C)NC(=O)N2C[C@H](OC(C2)(C)C)C
dude_aldr__L003928,c1cc(c(cc1Cl)Cl)CSc2c3c(nc(n2)N)n(cn3)[C@@H]4[C@H]([C@@H]([C@@H](O4)CO)O)O
dude_aldr__L003929,c1cc(c(cc1O[C@H]2CCCC[C@@H]2C(=O)[O-])F)F
dude_aldr__L003930,Cc1cccc2c1N(CCC2)S(=O)(=O)c3cc(ccc3OC)C(=O)[O-]
dude_aldr__L003931,CCS(=O)(=O)[N-]c1ccc(cc1)C2(CCCCC2)C(=O)N[C@H](C)c3ccccc3
dude_aldr__L003932,C[C@H](C(=O)[O-])O[C@@H]1[C@@H]([C@@H](O[C@@H]2[C@@H]1O[C@@H](OC2)c3ccco3)Oc4ccccc4OC)NC(=O)C
dude_aldr__L003933,[H]/N=C\1/C(=C\c2ccc(c(c2)Cl)OCCOc3cc(cc(c3)C)C)/C(=O)N=C4N1C(=CS4)[CH2-]
dude_aldr__L003934,OC(=O)Cn4c(c1ccccc1)c(Cc3nc2c(F)c(F)cc(F)c2s3)c5ccccc45
dude_aldr__L003935,c1cc(cc(c1)F)C[C@@H]2CCCN2C(=O)c3ccc4c(c3)nc(=S)[nH]c4[O-]
dude_aldr__L003936,Cc1csc(n1)CC[NH2+][C@@H](c2cccc(c2)C#N)P(=O)([O-])[O-]
dude_aldr__L003937,c1cc(ccc1C(=O)Nc2cc3c(cc2C(=O)[O-])OCCO3)N4CCCCC4=O
dude_aldr__L003938,C1CC[C@H]2CN(CC[C@H]2C1)C(=O)[C@@H]3CC=CC[C@@H]3C(=O)[O-]
dude_aldr__L003939,COc1ccc(cc1c2nnc(n2c3ccc(cc3)Cn4cncn4)[S-])Cl
dude_aldr__L003940,C[C@](c1ccccc1Cl)(C(=O)[O-])Nc2cccc(c2)C#C
dude_aldr__L003941,Cc1cc(c(s1)C)/C(=N/S(=O)(=O)c2ccccc2)/[O-]
dude_aldr__L003942,C[C@@H]1C(=C2C=CC(=O)C=C2)Nn3c(nnc3S1)c4ccccc4
dude_aldr__L003943,c1ccc(cc1)Oc2cccc(c2)[C@@H]3N([C@H](CS3)C(=O)[O-])C(=O)CCCl
dude_aldr__L003944,CC(C)(C)OC(=O)N1CCC(CC1)C(=O)Nc2[n-]nnn2
dude_aldr__L003945,c1cc(oc1)[C@@H]2C([C@@]3([C@H]4CCCC[C@@]4(O2)OC3=[N-])C#N)(C#N)C#N
dude_aldr__L003946,Cc1cccc(c1[N-]S(=O)(=O)c2cccc3c2nsn3)O
dude_aldr__L003947,c1cc(ccc1N[C@@H](CCC(=O)[O-])C(=O)[O-])N2C[C@@H]3CNc4c(c(=O)[nH]c(n4)N)N3C2
dude_aldr__L003948,c1ccc(c(c1)[N+](=O)[O-])OS(=O)(=O)N2CCC[C@H](C2)C(=O)[O-]
dude_aldr__L003949,c1ccc(c(c1)OC(F)(F)F)S(=O)(=O)[N-]c2nc3c(s2)C(=O)CCC3
dude_aldr__L003950,Cc1ccc(o1)C(=O)N2CCC(CC2)NC(=O)c3ccoc3C
dude_aldr__L003951,Cc1c(cco1)/C(=C(\C#N)/C(=O)CCS(=O)(=O)C2CCCC2)/[O-]
dude_aldr__L003952,CC(=O)Nc1ccc(cc1)SC2(CCSCC2)C(=O)[O-]
dude_aldr__L003953,C[C@@H](c1cnn(c1)C)n2c(c(cn2)I)N
dude_aldr__L003954,c1ccc2c(c1)cccc2NC(=O)CC[C@@H]3CCC[N-]C3
dude_aldr__L003955,Cc1c(c(n(n1)C)Cl)S(=O)(=O)[N-]c2nc(c(s2)SCC(=O)N)C
dude_aldr__L003956,CSc1ccc(cc1)[C@H]2[C@H]3[C@@H](C(=NC3=O)[O-])ON2c4ccccc4
dude_aldr__L003957,C[C@@H](CCC(=O)[O-])[C@@H]1CC[C@@H]2[C@@]1(C(=O)[C@H]([C@H]3[C@@H]2CC[C@@H]4[C@@]3(CCCC4)C)Br)C
dude_aldr__L003958,CC(C)NC(=O)c1ccc(c(c1)[N-]S(=O)(=O)c2ccc(nc2)Cl)Cl
dude_aldr__L003959,Cc1cccc(c1)COc2ccccc2/C=C(\C#N)/C(=N/c3nc(cs3)c4ccccc4)/[O-]
dude_aldr__L003960,C[C@H](/C(=N/S(=O)(=O)c1ccc2c(c1)CCC2)/[O-])OC[C@@H]3CCCCO3
dude_aldr__L003961,CS(=O)(=O)c1cccc(c1)[N-]S(=O)(=O)c2c(ccs2)Br
dude_aldr__L003962,C[C@H]1C[C@@H](CN(C1)C(=O)N2CCC[C@@H](C2)CCC(=O)[O-])C
dude_aldr__L003963,COc1ccc(cc1OC)S(=O)(=O)[N-]c2cc(ccc2F)n3cnnn3
dude_aldr__L003964,Cc1ccc(cc1C)n2c3c(cn2)c(ncn3)[S-]
dude_aldr__L003965,CC(C)CS(=O)(=O)[N-]c1cccc(c1)N(C)S(=O)(=O)CC(C)C
dude_aldr__L003966,CCc1c(c(nc(n1)SCC(=O)N2CCCCCC2)[O-])C
dude_aldr__L003967,Cc1cc(c(c(=O)o1)C2=NCCS[C@@H](C2)c3ccccc3OC)[O-]
dude_aldr__L003968,C[C@@H](/C(=C(\C#N)/C(=O)NC1CCCCC1)/[O-])Oc2cccc(c2)Cl
dude_aldr__L003969,Cn1c(nnc1[S-])c2ccc3ccccc3n2
dude_aldr__L003970,Cc1ccsc1/C(=C(\C#N)/C(=O)c2cnn(c2)C)/[O-]
dude_aldr__L003971,C1CCN([C@@H](C1)C(=O)N)C(=O)N2CCC[C@H](C2)CC(=O)[O-]
dude_aldr__L003972,CCN([C@H]1CCS(=O)(=O)C1)S(=O)(=O)c2ccc(s2)C(=O)[O-]
dude_aldr__L003973,C1C[C@H]2C[C@@H]1CN2C(=O)N3CSC[C@H]3C(=O)[O-]
dude_aldr__L003974,c1ccc(cc1)c2cnc(n2C[C@H]3CCCO3)SCC(=O)NC(=O)N
dude_aldr__L003975,C[C@H]1CCC[C@@H](C1)NC(=O)Nc2ccc(c(c2)C(=O)[O-])F
dude_aldr__L003976,COC(=O)c1c(ccs1)S(=O)(=O)[N-]c2ccc(cc2)C#N
dude_aldr__L003977,CC1=C2[C@H](SCC(=O)N[C@H]2N=N1)c3ccc4c(c3)nccn4
dude_aldr__L003978,OC(=O)Cn2c(=O)n(Cc1ccc(Br)cc1F)c(=O)c3ccc(Cl)cc23
dude_aldr__L003979,CCc1nc2n(n1)c(c(s2)[C@H](c3cccs3)N4CCN(CC4)c5cccc(c5)Cl)[O-]
dude_aldr__L003980,c1ccc(cc1)c2c(n(cn2)CCc3[n-]nnn3)c4ccc(o4)[C@H]5C=CN=N5
dude_aldr__L003981,C[C@H](/C(=N/S(=O)(=O)c1cnn(c1)C)/[O-])Sc2cc(ccc2Cl)Cl
dude_aldr__L003982,CC1(O[C@H]2[C@H](O[C@@H]([C@H]2O1)n3cnc4c3ncnc4N)CNS(=O)(=O)C)C
dude_aldr__L003983,CCc1ccc(cc1)CN(C)C(=O)Cc2csc(n2)[N-]S(=O)(=O)C
dude_aldr__L003984,c1ccc2c(c1)[C@H]3c4c(nc(s4)[O-])S[C@H]([C@@H]3C(=O)O2)c5cccs5
dude_aldr__L003985,c1ccc(cc1)c2c3c(c4ccccc4[nH]3)c(nn2)[S-]
dude_aldr__L003986,Cc1cccc(c1)N2[C@@H](NC(=O)C(=C2[S-])C#N)c3ccc(o3)C
dude_aldr__L003987,C/C(=C/C=C\[C@@]1([C@@H]2CC[C@@]3([C@@]2(CCC(=CC3)C(=O)OC)O)C(=O)O1)C)/C(=O)[O-]
dude_aldr__L003988,Cc1ccccc1OCc2ccc(o2)/C=C(\C#N)/C(=N/c3nccs3)/[O-]
dude_aldr__L003989,C[C@@]12CCCC[C@H]1CC[C@@H]3[C@H]2CC[C@@]\4([C@@H]3CC/C4=N\NC(=O)C(=O)[O-])C
dude_aldr__L003990,c1cc2c(cc1S(=O)(=O)[N-]c3ncc(s3)Br)OCCO2
dude_aldr__L003991,Cc1cc(cc(n1)C)c2c(cc3c4c2OC[C@@H](n4cc(c3=O)C(=O)[O-])C)F
dude_aldr__L003992,CC(C)c1csc(n1)NC(=O)[C@H]2CC=CC[C@H]2C(=O)[O-]
dude_aldr__L003993,c1ccc(cc1)COc2ccc(cc2)/C=N/n3c(nnc3[S-])c4ccccc4Cl
dude_aldr__L003994,CN(CC(=O)OC)S(=O)(=O)N1CCC[C@@H](C1)C(=O)[O-]
dude_aldr__L003995,CC(C)n1c2c(cc(cn2)[N-]S(=O)(=O)c3ccc(c(c3)Cl)Cl)cn1
dude_aldr__L003996,c1cc(c(nc1)n2cccn2)NC(=O)N3CCC[C@@H]3c4ccsc4
dude_aldr__L003997,CC(=O)NNC(=O)c1c2c(n(n1)c3cccc(c3)Br)CCCC2
dude_aldr__L003998,Cc1ccc(cc1Cl)S(=O)(=O)[N-]c2cc(ccc2Cl)C(=O)NC
dude_aldr__L003999,Cc1cccc(n1)c2c([nH]c(n2)CNc3ccc(cc3)C(=O)N)C4=C[C@@H]5[C@@H](C=C4)N=CCN5
dude_aldr__L004000,C[C@]12CCC(=O)C[C@H]1CC[C@@H]3[C@@H]2CC[C@]4([C@H]3CC[C@@H]4C(=O)COC(=O)CCC(=O)[O-])C
dude_aldr__L004001,c1cc(c(nc1)Sc2nc3c(c4c(s3)CCCC4)c(=O)n2C5CCCC5)C(=O)[O-]
dude_aldr__L004002,Cn1c2cc(sc2cc1C(=O)[O-])Br
dude_aldr__L004003,c1csc2c1[C@@H](N(CC2)C(=O)C3CCCCC3)C(=O)[O-]
dude_aldr__L004004,CN1CCOc2c1ccc(c2)[N-]S(=O)(=O)c3ccc(s3)Br
dude_aldr__L004005,CN(c1ccncc1N)S(=O)(=O)c2ccc(s2)Br
dude_aldr__L004006,CC[C@H]1CCCN(C1)C(=O)N2CCC(CC2)(CC)C(=O)[O-]
dude_aldr__L004007,Cc1ccc(c(c1)S(=O)(=O)[N-]c2ccc(nc2)N3CCCC3)F
dude_aldr__L004008,COc1c(cccc1Cl)[N-]S(=O)(=O)c2ccc(c(c2)S(=O)(=O)C)F
dude_aldr__L004009,CC1CCN(CC1)S(=O)(=O)N2CCCC[C@@H]2CCC(=O)[O-]
dude_aldr__L004010,C[C@@]1(CC(=C(C(=[N-])C1(C#N)C#N)C#N)c2cccs2)c3cccs3
dude_aldr__L004011,Cc1c(sc(n1)[S-])CC(=O)NCCS(=O)(=O)N2C[C@H](O[C@H](C2)C)C
dude_aldr__L004012,c1cc(ccc1N/C(=C(\C#N)/C(=O)c2ccc3c(c2)CCC3)/[O-])SC(F)F
dude_aldr__L004013,CCn1c2ccccc2cc1C(=O)Oc3ccc(cc3)[N-]S(=O)(=O)C
dude_aldr__L004014,c1ccc(c(c1)C#N)[N-]S(=O)(=O)c2ccc(cc2)C(=O)C3CC3
dude_aldr__L004015,c1ccc(cc1)Sc2c(cc3c(n2)CCC3)C(=O)[O-]
dude_aldr__L004016,Fc1cc(Br)ccc1CN4C(=O)c2ccccc2[C@@]3(CC(=O)NC3=O)C4=O
dude_aldr__L004017,Cc1cc(no1)C(=O)N[C@H]2CCCc3c2cnn3C(C)(C)C
dude_aldr__L004018,CN(C/C(=C(/C#N)\C(=O)Nc1c(cccc1Cl)Cl)/[O-])C(=O)c2ccco2
dude_aldr__L004019,Cc1cccc(c1)NC(=O)C2=C(Nc3nc(nn3[C@H]2c4ccc(cc4)O)SCc5ccccc5F)C
dude_aldr__L004020,Cc1ccc(o1)CN(C)C(=O)[C@H]2CC=CC[C@@H]2C(=O)[O-]
dude_aldr__L004021,c1cc(cc(c1)N[C@@H]2CCCc3c2ccs3)C(=O)[O-]
dude_aldr__L004022,C1CCC(C1)[C@H]2CCCN2C(=O)N3CCC[C@@H](C3)C(=O)[O-]
dude_aldr__L004023,CCCc1ccc(cc1)S(=O)(=O)Oc2ccc(cc2C(=O)[O-])I
dude_aldr__L004024,C[C@H]1CN([C@@H](CO1)C)C(=O)c2cccc(c2)S(=O)(=O)[N-]c3ccccc3Cl
dude_aldr__L004025,Cc1nc2c(c(cs2)c3cccs3)c(n1)SCC(=O)N4CCC(CC4)C(=O)[O-]
dude_aldr__L004026,Cc1cccc(c1C(=O)OC)S(=O)(=O)[N-]c2cccnc2OC
dude_aldr__L004027,c1cc2c3c(ccc(c3c1)NC(=O)c4cccc(n4)n5cnnc5)CC2
dude_aldr__L004028,C[C@@H](c1cccc(c1)Br)NC(=O)c2cc(nc3c2c(nn3C)[O-])C4CC4
dude_aldr__L004029,c1ccc(cc1)C\2=NN=C(/C2=N\[O-])C(F)(F)F
dude_aldr__L004030,c1cc(ccc1SC(=C(Cl)Cl)C(=C2NCCN2)[N+](=O)[O-])Cl
dude_aldr__L004031,C1CCC(CC1)NC(=O)[C@@H]2CCCN2C(=O)c3c4c([nH]n3)CCCC4
dude_aldr__L004032,CC(C)c1ncc(c(n1)C(=O)[O-])n2cccn2
dude_aldr__L004033,Cc1cc(n(n1)c2nc3c(cnn3C)c(n2)[O-])NC(=O)CCC4CCCC4
dude_aldr__L004034,Cc1cc(c(c(=O)o1)C(=O)/C=C/c2cn(nc2c3ccccc3Cl)C)[O-]
dude_aldr__L004035,C(CSCC#N)O
dude_aldr__L004036,C[C@H](CS(=O)(=O)[N-]c1cccc(c1)F)C(=O)Nc2ccc(cc2)C(=O)C
dude_aldr__L004037,c1cc(c(cc1S(=O)(=O)N2CCOCC2)C(=O)[O-])Sc3cc(ccc3Cl)Cl
dude_aldr__L004038,CC(C)n1c2c(cc(cn2)[N-]S(=O)(=O)c3cccc(c3)F)cn1
dude_aldr__L004039,c1cc(sc1S(=O)(=O)/N=C(/[C@H]2CCS(=O)(=O)C2)\[O-])Cl
dude_aldr__L004040,Cc1ccc(cc1)C(=O)C2=C(C(=O)N([C@@H]2c3ccc(cc3)C(C)C)c4cccnc4)[O-]
dude_aldr__L004041,Cc1cc(c(n1c2cccc(c2)C(=O)[O-])C)/C=N/NC(=O)c3ccncc3
dude_aldr__L004042,CC[C@H](C(=O)[O-])N(C)C(=O)c1cc(nc2c1c(no2)C)C
dude_aldr__L004043,C[C@@H]1C(=C(N=N1)C)S(=O)(=O)[N-]c2ccc3c(c2)N(CC3)C(=O)c4ccco4
dude_aldr__L004044,c1cc2c(cc1S(=O)(=O)[N-]c3nc4c(s3)C(=O)CCC4)CCO2
dude_aldr__L004045,c1c(c(c(c(c1[N+](=O)[O-])Br)Br)[O-])/C=C/C(=O)N
dude_aldr__L004046,c1cc(c(cc1S(=O)(=O)CCCn2ccnc2)C(=O)[O-])Br
dude_aldr__L004047,CCN(CC)S(=O)(=O)N1CC[C@H](C1)C(=O)[O-]
dude_aldr__L004048,CN(C)C(=O)c1cc(ccc1Cl)[N-]S(=O)(=O)c2ccccc2C#N
dude_aldr__L004049,CCC[C@]1(CCN(C1)S(=O)(=O)C(C)C)C(=O)[O-]
dude_aldr__L004050,Cn1ccc(n1)NC(=O)c2ccc(cn2)C#CCCO
dude_aldr__L004051,Cc1cn2c(=O)c3c(n(c2n1)C)n(cn3)[C@H]4[C@H]([C@@H]([C@@H](O4)CO)O)O
dude_aldr__L004052,Cc1cc(on1)[C@H]2CCCN2C(=O)CC[C@@H]3C(=c4c(nn(c4=NC3=O)C)[O-])C
dude_aldr__L004053,Cc1cc2c(cc1C)nc([nH]2)[C@H]3CCCC[C@H]3C(=O)[O-]
dude_aldr__L004054,Cc1ccc(cc1)c2csc(c2S(=O)(=O)[N-]c3cc(ccc3C)Cl)C(=O)OC
dude_aldr__L004055,Cc1c(nc(s1)/N=C(/C(F)(F)F)\[O-])c2ccc3c(c2)OCO3
dude_aldr__L004056,c1cc(sc1)c2c(sc3n2ccn3)C(=O)[O-]
dude_aldr__L004057,Cc1cc(nc(c1C(=O)[O-])Sc2ncc(cn2)[N+](=O)[O-])C
dude_aldr__L004058,CCCNC(=O)[C@@H]1CCCN(C1)C(=O)Nc2cc(ccc2F)NC(=O)C
dude_aldr__L004059,Cc1cc(cc(c1)Oc2c(c(ncn2)NNC(=O)c3ccccc3Br)N)C
dude_aldr__L004060,CC(C)CN1CCn2cc(cc2C1=O)S(=O)(=O)[N-]c3ccccc3F
dude_aldr__L004061,c1ccc(cc1)n2c(c(c3n2cc(n3)c4ccc(cc4Cl)Cl)C5=NCCCCC5)[O-]
dude_aldr__L004062,C[C@@]1(CCN(C1)S(=O)(=O)C2CCOCC2)C(=O)[O-]
dude_aldr__L004063,c1ccc2=[NH+][C@@H]3C(=c2c1)N=CN=C3n4cc(c(n4)N)c5ccc(cc5)Cl
dude_aldr__L004064,Cc1cc(ccc1NCc2ccc(s2)Cl)C(=O)[O-]
dude_aldr__L004065,c1cc(c(cc1n2cnc3c(c2=S)c(nc(n3)N4CCOCC4)[O-])Cl)Cl
dude_aldr__L004066,CCCS(=O)(=O)[N-]c1cccn2c1ncn2
dude_aldr__L004067,C=CCN1[C@H](C(=C(C1=O)[O-])C(=O)c2cccc(c2)OCc3ccccc3Cl)c4ccc(cc4)[N+](=O)[O-]
dude_aldr__L004068,CS(=O)(=O)N1CCN(CC1)[C@@H]2CCC[C@@H]2C(=O)[O-]
dude_aldr__L004069,c1cc(c(cc1NC(=O)N2CCC[C@H](C2)C(=O)NC3CC3)F)F
dude_aldr__L004070,C[C@@H](C(=O)NNC(=O)c1c(non1)N)Br
dude_aldr__L004071,C1C[C@H](COC1)c2nnc(o2)SCC(=O)[O-]
dude_aldr__L004072,Cc1cc(c(c(=O)o1)C2=Nc3cc(ccc3S[C@@H](C2)c4ccc5c(c4)OCO5)C(F)(F)F)[O-]
dude_aldr__L004073,CC(C)n1cc(cc1C(=O)Nc2cc(cc(c2)Cl)Cl)N
dude_aldr__L004074,c1cc(cc(c1)I)Oc2c(cc(cn2)C(=O)[O-])Cl
dude_aldr__L004075,Cc1ccc(s1)S(=O)(=O)/N=C(/c2ccn(n2)c3ccc(cc3)[N+](=O)[O-])\[O-]
dude_aldr__L004076,c1ccc(c(c1)[N-]S(=O)(=O)c2cc(cnc2)Br)OC(F)F
dude_aldr__L004077,CCCCN/C(=C(\C#N)/C(=O)C[C@@H](c1cccs1)NC(=O)C)/[O-]
dude_aldr__L004078,COc1cc(c(cc1C(=O)[O-])Cl)NC(=O)c2cc3c(s2)CCC3
dude_aldr__L004079,CC(C)c1c(c(n(n1)C)Cl)/C=C(/C#N)\C(=N\c2nccs2)\[O-]
dude_aldr__L004080,C[C@@H]1CCC[C@H](C1)Nc2cc(cc(n2)Cl)C(=O)[O-]
dude_aldr__L004081,Cc1cc(nc(c1C(=O)[O-])SCC(=O)N2CCCc3c2cccc3)C
dude_aldr__L004082,Cc1cc(cc(c1)[N-]S(=O)(=O)C2=CN=C(C2)[C@H]3N=N[C@@H](O3)C4CC4)C
dude_aldr__L004083,Cc1ccoc1c2c(nc(o2)c3cccs3)C(=O)[O-]
dude_aldr__L004084,CC(C)CCOc1ccc(cc1)C(=O)N[C@@H](Cc2ccc(cc2)O)C(=O)[O-]
dude_aldr__L004085,c1ccc(cc1)Oc2ccccc2[N-]S(=O)(=O)c3ccc(cc3Cl)Br
dude_aldr__L004086,c1cc(ccc1C2(CC2)C(=O)N3CC[C@@H](C3)C(=O)[O-])Br
dude_aldr__L004087,C[C@@H]1CC(=C(N1C[C@@H]2CCCO2)C)C(=O)CSc3[nH]c(=O)cc(n3)N
dude_aldr__L004088,CC[C@@]1(CCCN(C1)C(=O)/C=C/c2ccc(s2)C)C(=O)[O-]
dude_aldr__L004089,CC(C)(C)OC(=O)N1CC[C@@H](C[C@@H]1C(=O)[O-])CC2CC2
dude_aldr__L004090,Cc1ccccc1S(=O)(=O)/N=C(/CCSc2ccccc2)\[O-]
dude_aldr__L004091,CS(=O)(=O)[N-]c1ccccc1NS(=O)(=O)c2ccc(c(c2F)F)F
dude_aldr__L004092,CC1(CN(CCO1)Cc2nc(c3ccsc3n2)N)C
dude_aldr__L004093,c1cc(cnc1)[C@H]2C3=C(N=N[C@H]3NC4=C2C(=O)CCC4)O
dude_aldr__L004094,CCCOc1ccc(cc1OCC)[C@H]2C(=C(C(=O)N2c3nnc(s3)SCC)[O-])C(=O)c4ccccc4
dude_aldr__L004095,CC[C@@]1(CCN(C1)C(=O)N2CCC[C@@H](C2)O)C(=O)[O-]
dude_aldr__L004096,CC(C)Oc1ccc(cn1)/C(=N/S(=O)(=O)N2CCC(CC2)C(=O)OC)/[O-]
dude_aldr__L004097,CNC(=O)[C@H]1CCCN1S(=O)(=O)N2CCC(CC2)C(=O)[O-]
dude_aldr__L004098,c1ccc(cc1)C(=O)N2CCC[C@H](C2)C(=O)n3c(c(cn3)C#N)N
dude_aldr__L004099,Cn1cc(ccc1=O)[N-]S(=O)(=O)c2cc(cnc2Cl)Br
dude_aldr__L004100,Cc1cc(c2c(nn(c2n1)C)C)C(=O)Nc3cccc4c3CCCC4
dude_aldr__L004101,Cc1cc(n2c(n1)nc(n2)N3CCCC[C@H]3C)SCC(=O)[O-]
dude_aldr__L004102,C[C@]12CC(=O)[C@H]3[C@H]([C@@H]1CC[C@]2(C(=O)CO)O)CCC4=CC(=O)C=C[C@]34C
dude_aldr__L004103,CCOc1ccc(c(c1)S(=O)(=O)[N-]c2ccon2)Br
dude_aldr__L004104,COC(=O)Cc1csc(n1)[N-]S(=O)(=O)c2ccc(cc2)CCCCl
dude_aldr__L004105,Cc1c(sc(n1)C)C(=O)N2CCC(CC2)[C@H](C)C(=O)[O-]
dude_aldr__L004106,Cn1c(nnc1[S-])c2ccc(nc2)OCC(F)(F)F
dude_aldr__L004107,CC1=C[C@H]2[C@@](C[C@@H]1O)([C@@]3([C@@H]([C@H]([C@@H]([C@]34CO4)O2)O)O)C)CO
dude_aldr__L004108,c1ccc(cc1)n2c(nnn2)Sc3c(nccn3)C(=O)[O-]
dude_aldr__L004109,Cc1c(c(n(n1)[C@]2(CCS(=O)(=O)C2)C)Cl)C(=O)[O-]
dude_aldr__L004110,Cc1c(c(n(n1)C)C)S(=O)(=O)/N=C(/c2c(cco2)COc3ccccc3)\[O-]
dude_aldr__L004111,C1CS(=O)(=O)CCC1n2c(=O)[nH][nH]c2=S
dude_aldr__L004112,CN(c1ccccc1C(=O)[O-])C2=NC(=O)/C(=C/C=C/c3ccco3)/S2
dude_aldr__L004113,Cc1c(nc(o1)c2cccs2)/C(=C(\C#N)/C(=O)NCC=C)/[O-]
dude_aldr__L004114,Cc1cccc(c1)c2nnc(n2CCC(=O)N3CCc4c3cccc4)[S-]
dude_aldr__L004115,C1COCO[C@@H]1CO
dude_aldr__L004116,Cc1ccc(s1)S(=O)(=O)[N-]c2cc3c(nn(c3nc2)C)C
dude_aldr__L004117,Cc1cc(c(c(c1)C)CNc2cccc(c2C)C(=O)[O-])C
dude_aldr__L004118,CC[C@@]1(CCCN(C1)C(=O)C2CCCCC2)C(=O)[O-]
dude_aldr__L004119,CC[C@]1(CCCN(C1)c2c3c(ncn2)CCC3)C(=O)[O-]
dude_aldr__L004120,COc1ccc(cc1Br)C2=NC3=NN=C([C@@H]3C(=C2)C(=O)[O-])c4ccc(cc4)F
dude_aldr__L004121,CC1CCN(CC1)C(=O)c2ccc(cc2)NC(=O)N(C)[C@H](C)c3cccc(c3)O
dude_aldr__L004122,Cc1cc(c(n1[C@@H](C)C2CCCCC2)C)C(=O)[O-]
dude_aldr__L004123,C1CCN([C@@H](C1)C(=O)[O-])C(=O)N2CCC[C@H](C2)O
dude_aldr__L004124,c1cc(ccc1c2[n-]n3c(=O)cc(nc3n2)CNc4ccc(cc4)F)F
dude_aldr__L004125,Cc1ccc(s1)C(=O)NC2CCN(CC2)/C(=N/c3nncs3)/[O-]
dude_aldr__L004126,c1cc(ccc1n2c3c(c(n2)C(=O)[O-])CCC3)I
dude_aldr__L004127,CCS(=O)(=O)[N-]c1ccccc1C(=O)N[C@@H]2CCC[C@H](C2)C(F)(F)F
dude_aldr__L004128,Cc1cccc(c1)/C=N/n2c(nnc2[S-])c3ccc(cc3)F
dude_aldr__L004129,CCc1nc(c(c(n1)SCC(=C)Br)C(=O)[O-])C
dude_aldr__L004130,Cc1nnc(s1)SCC(=O)c2ccc(cc2)[N-]S(=O)(=O)C
dude_aldr__L004131,CC(C)(C)c1ccc(cc1)[C@H]2[C@@H]3C(=NN=C3C(=O)N2)c4ccco4
dude_aldr__L004132,Cc1cc(ccc1OC)S(=O)(=O)[N-]c2c(cnn2C)c3nc(no3)C4CC4
dude_aldr__L004133,c1cc(c(nc1)Sc2nnc3n2cc(cc3Cl)Cl)C(=O)[O-]
dude_aldr__L004134,CCCn1cc(nc1C)S(=O)(=O)N2CCC[C@H](C2)C(=O)[O-]
dude_aldr__L004135,Cc1ccc(cc1)c2csc3c2c(ncn3)SCC(=O)N4Cc5ccccc5C[C@@H]4C(=O)[O-]
dude_aldr__L004136,c1c(cc(c(c1C(=O)[O-])N2C(=O)CCC2=O)Br)Br
dude_aldr__L004137,C[C@@]1(CCS(=O)(=O)C1)NC(=O)CN2CCO[C@@H](C2)C(=O)[O-]
dude_aldr__L004138,CN3C(=O)c1cccn1C2(CC(=O)NC2=O)C3=O
dude_aldr__L004139,CC(C)c1ccccc1[N-]S(=O)(=O)c2cnc(nc2)Cl
dude_aldr__L004140,CN1[C@H]2[C@@H]([C@@H](N1)c3cccnc3)C(=O)N(C2=O)C4CCCCC4
dude_aldr__L004141,C1CC[C@@H]2[C@H](C1)C[C@@H]([NH2+]2)C(=O)N3CCC[C@@H]3C(=O)[O-]
dude_aldr__L004142,c1ccc2c(c1)cc(cn2)n3c(nnc3[S-])c4cccs4
dude_aldr__L004143,Cc1c(n(c2c1c(nc(n2)C)N)C3CCS(=O)(=O)CC3)C
dude_aldr__L004144,Cc1c(c(n(n1)CCCS(=O)(=O)C)C)C(=O)[O-]
dude_aldr__L004145,CCc1c(snn1)/C(=N/S(=O)(=O)C(C)C)/[O-]
dude_aldr__L004146,C/C(=N\NC(=O)C(=O)Nc1ccc(cc1)NC(=O)C)/c2ccc(s2)Cl
dude_aldr__L004147,Cc1c(c(n(n1)CCC(=O)[O-])C)S(=O)(=O)N2CCC[C@H]2C
dude_aldr__L004148,c1ccc(cc1)C(=O)CSC2=C(C3=NC(=O)C=C([C@@H]3S2)[O-])C#N
dude_aldr__L004149,Cc1cnc(nc1)S[C@@]2(CCCC[C@@H]2C(C)(C)C)C(=O)[O-]
dude_aldr__L004150,CS(=O)(=O)[N-]c1ccc(cc1)/C=C/C(=O)N(CC=C)CC(F)(F)F
dude_aldr__L004151,C[C@@H]1CC[C@@H]([C@@H](C1)Sc2[nH]ncn2)C#N
dude_aldr__L004152,CC1=C(N=N[C@H]1c2ccc(s2)S(=O)(=O)[N-]c3cccnc3)C
dude_aldr__L004153,Cc1ccc(cc1C(F)(F)F)[N-]S(=O)(=O)c2ccc(cc2)S(=O)(=O)N
dude_aldr__L004154,Cc1c(sc(n1)[N-]S(=O)(=O)c2ccc(s2)[C@@H](C)NC(=O)C)SC
dude_aldr__L004155,Cc1cc(c(c(=O)o1)C2=NCCS[C@H](C2)c3ccccc3O)[O-]
dude_aldr__L004156,C[C@@]12CCC(=O)C[C@@H]1CC[C@H]3[C@@H]2CC[C@@]4([C@@H]3CC[C@@H]4C(=O)COC(=O)CCC(=O)[O-])C
dude_aldr__L004157,C[C@H](CN(C)C(=O)C[C@@H]1CCS(=O)(=O)C1)C(=O)[O-]
dude_aldr__L004158,C1CC1CNC(=O)[C@@H]2[N-]C(=NO2)C3=CC=C[C@@H]4C3=CC=N4
dude_aldr__L004159,CN(Cc1cc(sc1)Br)c2c(n3ccccc3n2)C(=O)[O-]
dude_aldr__L004160,COc1ccccc1Oc2ccc(cc2)S(=O)(=O)[N-]c3ccccc3Cl
dude_aldr__L004161,OC(=O)CN3CC(=O)N(Cc2nc1c(Cl)cccc1s2)C3=O
dude_aldr__L004162,CC[C@H](c1ccccc1OC)NC(=O)c2ccc3c(c2)nc(=S)[nH]c3[O-]
dude_aldr__L004163,Cc1c(c(nc(n1)C2CC2)SCC(=C)Br)C(=O)[O-]
dude_aldr__L004164,Cc1c(c2c(n1[O-])-c3c(c(ccn3)OC)C(=O)CC2)Br
dude_aldr__L004165,Cc1ccc2c(c1)[nH]c(n2)CSc3nnc(n3N)N/N=C/c4cccc5c4cccc5
dude_aldr__L004166,COc1cc(c(cc1OC)NC(=O)c2cc3c(s2)CCC3)C(=O)[O-]
dude_aldr__L004167,C1CC[C@H]2[C@H](C1)CCCN2C(=O)N3CCCC[C@@H]3C(=O)[O-]
dude_aldr__L004168,c1cc2cc([n-]c2c(c1)[N+](=O)[O-])C(=O)N3CCN(CC3)C(=O)CC(F)(F)F
dude_aldr__L004169,Cc1ccc(cc1)NC(=O)N2CCC[C@@H](C2)NC(=O)C
dude_aldr__L004170,c1cnccc1c2ccnc3n2ncc3C(=O)[O-]
dude_aldr__L004171,c1ccc(c(c1)n2c(c(nn2)C(=O)[O-])C3CC3)I
dude_aldr__L004172,C[C@H]([C@H]1CCCO1)NC(=O)[C@H]2[C@H](C3CCC2CC3)C(=O)[O-]
dude_aldr__L004173,CC[C@H](C(=O)[O-])n1c(nc2c(c1=O)c3c(s2)CCC3)CCOC
dude_aldr__L004174,Cc1c(cco1)/C(=C(/C#N)\C(=O)c2cccs2)/[O-]
dude_aldr__L004175,C[C@H](c1cccs1)Nc2ccc(c(c2)C(=O)[O-])Cl
dude_aldr__L004176,Cc1c(nnc(c1C#N)N2CCC(CC2)C(=O)NC3CC3)C
dude_aldr__L004177,c1cc(ccc1[N+](=O)[O-])Sc2c(cc(cn2)Br)C(=O)[O-]
dude_aldr__L004178,CC[C@H]1CCCN1C(=O)N(C)CCCC(=O)[O-]
dude_aldr__L004179,c1cc(c(cc1C(=O)N2CCC(CC2)C(=O)[O-])Br)OC[C@@H]3CCCO3
dude_aldr__L004180,CCO/C(=C\1/[C@H](C2=C(C[C@@H](CC2=O)c3ccc(c(c3)OC)OC)N=C1C)c4ccccc4C)/[O-]
dude_aldr__L004181,c1cc(cc(c1)S(=O)(=O)N2CCCCC2)C(=O)N3CCc4c3ccc(c4)C(=O)[O-]
dude_aldr__L004182,Cc1ccn2c(c1)nc(c2CC(=O)N[C@H](C(C)C)C(=O)[O-])c3ccc(c(c3)C)C
dude_aldr__L004183,Cc1cc(ccc1S(=O)(=O)/N=C(/C2=NN(C(=O)CC2)C)\[O-])[N+](=O)[O-]
dude_aldr__L004184,c1cc(c(cc1S(=O)(=O)N2CCC[C@H]3[C@@H]2CCCC3)C(=O)[O-])F
dude_aldr__L004185,Cn1c2ccccc2nc1CCc3cccc(c3)[N-]S(=O)(=O)C
dude_aldr__L004186,CC(C(O)=O)c3cc(O)c2C(=O)c1ccccc1CCc2c3
dude_aldr__L004187,CC[C@]1(CCCN(C1)C(=O)[C@@H]2CCS(=O)(=O)C2)C(=O)[O-]
dude_aldr__L004188,c1cc2c(c(c1NCc3[n-]nnn3)N)ncs2
dude_aldr__L004189,c1cc(ccc1n2c3c(c(ncn3)[S-])nn2)N4CCCCC4
dude_aldr__L004190,CC(C)c1[nH]c(=O)c2c3c(sc2n1)CC[C@@H]3C(=O)[O-]
dude_aldr__L004191,c1cc(c(cc1Br)Cl)O[C@@H]2CCC[C@H]2C(=O)[O-]
dude_aldr__L004192,C[C@H]1C[C@H]1n2c(nnc2[S-])c3cccnc3
dude_aldr__L004193,c1cc2c(cc1c3cn4c(c(sc4n3)C(=O)[O-])C5CC5)OCO2
dude_aldr__L004194,c1csc(c1NC(=O)c2c(ccs2)n3cnnn3)C(=O)[O-]
dude_aldr__L004195,COc1ccc(cc1CSc2ccccn2)/C=N/n3c(nnc3[S-])C(F)F
dude_aldr__L004196,C=CCSC/C(=N/S(=O)(=O)c1cc(cnc1)Br)/[O-]
dude_aldr__L004197,c1ccc(cc1)n2cc(cn2)/C=C(/c3nc(c4c(csc4n3)c5cccs5)[O-])\Cl
dude_aldr__L004198,CC(C)c1nnc(n1C2CC2)SCC(=O)N3CCC[C@H](C3)C(=O)[O-]
dude_aldr__L004199,CCO[C@@H]1CCCN(C1)C(=O)C[C@@H](C)CC(=O)[O-]
dude_aldr__L004200,CCN(CC1=NC(=O)[C@@H]2C(=N1)C=CS2)C/C(=N/c3c(cccc3Cl)Cl)/[O-]
dude_aldr__L004201,c1c(cnc2c1[nH]c(n2)[C@@H]3CCCC[C@@H]3C(=O)[O-])Br
dude_aldr__L004202,CC[C@@H](C)[C@H](C(=O)Nc1nnc(s1)c2ccc(cc2)Cl)NC(=O)Nc3ccccc3OCC
dude_aldr__L004203,CCn1c2c(c(n1)C)nc(=S)n(c2[O-])C[C@@H]3CCCO3
dude_aldr__L004204,c1ccc(c(c1)/C=C/2\C(=O)N(C(=N2)[S-])c3ccc(cc3)F)O
dude_aldr__L004205,Cc1c(sc(n1)[S-])CC(=O)NCCS(=O)(=O)N2C[C@@H](O[C@H](C2)C)C
dude_aldr__L004206,C[C@H]1CCCCN1S(=O)(=O)[N-]c2cnn(c2)CC(=O)OC
dude_aldr__L004207,CC[C@@]1(CCN(C1)C(=O)N(C)Cc2ccc(s2)Cl)C(=O)[O-]
dude_aldr__L004208,c1c(cc(c(c1Cl)S(=O)(=O)N2CCCC2)Cl)/C=C/C(=O)[O-]
dude_aldr__L004209,c1ccc(cc1)c2cc(n(c(=O)c2)[O-])c3ccccc3
dude_aldr__L004210,C[NH+](C)C1(CCCC1)CNC(=O)NC2CCN(CC2)C(=O)C3CCCCC3
dude_aldr__L004211,c1ccc2c(c1)[N-]C(=NS2(=O)=O)c3cccc(c3)[N+](=O)[O-]
dude_aldr__L004212,Cc1c(c(n(n1)C)C)c2cc(n3c(n2)c(cn3)C#N)C(=O)[O-]
dude_aldr__L004213,c1cc(ccc1c2nc(nc(n2)N)N)I
dude_aldr__L004214,c1ccc2c(c1)[C@H](CCO2)NC(=O)c3cccc(c3)[N-]S(=O)(=O)c4cccs4
dude_aldr__L004215,C1CCC(C1)C(=O)N2[C@H]3CCCC[C@@H]3C[C@H]2C(=O)[O-]
dude_aldr__L004216,CC(C)(C)NC(=O)c1cccc(c1)/N=C/c2cc(ccc2[O-])[N+](=O)[O-]
dude_aldr__L004217,c1cc(cc(c1)S(=O)(=O)N2CCC(CC2)C(=O)[O-])OC(F)(F)F
dude_aldr__L004218,c1cc(c(cc1S(=O)(=O)N2CCO[C@@H]3[C@@H]2CCC3)N)Cl
dude_aldr__L004219,C[C@H]1CCCC[C@H]1N2[C@@H]([C@@H]([C@@H](CC2=O)C)C(=O)[O-])C
dude_aldr__L004220,Cc1ccc(cc1F)S(=O)(=O)[N-]c2ccc(=O)n(c2)C
dude_aldr__L004221,Cc1c(c(n(n1)C)C)c2c(c([nH]n2)C(=O)OC)Br
dude_aldr__L004222,COc1ccc(cc1)N2C(=O)[C@H]3[C@@H](c4c(nc(s4)[O-])S[C@@H]3C2=O)c5ccc(cc5)F
dude_aldr__L004223,Cc1ccc(n1c2ccsc2c3cc4nc(cc(n4n3)[O-])CS(=O)(=O)C)C
dude_aldr__L004224,c1cc(sc1)S(=O)(=O)[N-]c2ccc(cc2)n3c4c(cn3)c(=O)[nH]cn4
dude_aldr__L004225,C[C@]1(CCCN(C1)c2c3c(ccs3)ncn2)C(=O)[O-]
dude_aldr__L004226,Cc1ccc(cc1)S(=O)(=O)C/C(=C\C(=O)C(=O)Nc2ccc(cc2C)C)/[O-]
dude_aldr__L004227,CC(C)(/C(=N/O)/N)C(=O)NC1CCS(=O)(=O)CC1
dude_aldr__L004228,c1cc(ccc1N2C[C@H](CC2=O)C(=O)[O-])OC(F)(F)F
dude_aldr__L004229,CCCN1CCN(CC1)C(=O)[C@@H]2CC=CC[C@@H]2C(=O)[O-]
dude_aldr__L004230,CN(c1c(n2ccsc2n1)/C=C/C(=O)[O-])C3CCCC3
dude_aldr__L004231,CCOc1ccc2c(c1)[nH]c(n2)SCC(=O)N3CCC(CC3)C(=O)[O-]
dude_aldr__L004232,CCOc1ccc(cc1)[N-]S(=O)(=O)C2=NN=C(C2)C(=O)N3CCOCC3
dude_aldr__L004233,c1cc(cc(c1)S(=O)(=O)C(F)F)[N-]S(=O)(=O)c2cccs2
dude_aldr__L004234,OC(=O)COc1cc(F)ccc1C(=O)NCc3nc2c(F)c(F)cc(F)c2s3
dude_aldr__L004235,CCN(C1CCCCC1)C(=O)N2CCC[C@H](C2)CC(=O)[O-]
dude_aldr__L004236,CC[C@@]1(CCC(=O)NC1=O)c2ccc(cc2)NC(=O)c3cc(c(=O)[nH]c3)Cl
dude_aldr__L004237,CS(=O)(=O)c1ccc2c(c1)sc(n2)[N-]S(=O)(=O)c3ccc4c(c3)CCC4
dude_aldr__L004238,COC(=O)C1=C(Sc2c(sc(n2)[S-])[C@H]1c3ccccc3)C(=O)OC
dude_aldr__L004239,CCO[C@@H]1CCCN(C1)C(=O)N2C[C@@H](C[C@@H]2C(=O)[O-])OC
dude_aldr__L004240,CCCSC/C(=N/S(=O)(=O)c1cc(cnc1)Br)/[O-]
dude_aldr__L004241,c1csc(c1Br)S(=O)(=O)N2C[C@H](C[C@H]2C(=O)[O-])O
dude_aldr__L004242,CC1=NC2=NC(=N[C@@H](N2C(=C1)[O-])[C@H]3CCC=CC3)N4CCN(CC4)CCO
dude_aldr__L004243,C[C@]12CC[C@H]3[C@H]([C@@H]1CC[C@@H]2C(=O)[O-])CC=C4[C@@]3(CC[C@@H](C4)O)C
dude_aldr__L004244,Cc1ccc(cc1C(=O)N2CCC[C@@H](C2)C(=O)[O-])S(=O)(=O)N3CCCCC3
dude_aldr__L004245,COCCCn1c(=O)c2ccc(cc2nc1[S-])C(=O)N3CCCCCC3
dude_aldr__L004246,c1ccc(cc1)c2ccc(cc2)[N-]S(=O)(=O)c3ccc4c(c3)C(=O)c5ccccc5C4=O
dude_aldr__L004247,C=CCn1c(=O)c2c3c(sc2nc1SCC(=O)[O-])CCCC3
dude_aldr__L004248,Cc1c(c(n(n1)C)C)S(=O)(=O)/N=C(/c2cn(nc2c3ccc(cc3)[N+](=O)[O-])C)\[O-]
dude_aldr__L004249,C1[C@@H]2[C@@H]([C@@H](CO2)NN1)O
dude_aldr__L004250,c1cc(sc1)S(=O)(=O)N2CCC[C@@H](C2)C(=O)N3CCc4c3ccc(c4)C(=O)[O-]
dude_aldr__L004251,C[C@H]1CCC[C@@H](C1)Nc2ccc(c(c2)C(=O)[O-])F
dude_aldr__L004252,CCCCSc1nnc(s1)N2[C@@H](C(=C(C2=O)[O-])C(=O)c3ccc(cc3)OCC=C)c4cccnc4
dude_aldr__L004253,Cc1ccc(cc1C(=O)NC(C)C)NC(=O)C(=O)N[C@@H](C)c2ccc(o2)C
dude_aldr__L004254,Cc1cc(sc1C(=O)[O-])S(=O)(=O)NC2CCS(=O)(=O)CC2
dude_aldr__L004255,Cc1cc2c(nc(nc2s1)SCCC#N)[O-]
dude_aldr__L004256,CC(C)c1nnc(s1)/N=C(/C(=C/c2c(cccc2Cl)Cl)/C#N)\[O-]
dude_aldr__L004257,CC[C@H]1CCCN(C1)C(=O)N(CC(C)C)CC(=O)[O-]
dude_aldr__L004258,c1cc(ccc1C(=O)N2[C@H]3CCCC[C@@H]3C[C@@H]2C(=O)[O-])I
dude_aldr__L004259,Cc1c2c(c3c(nc2n(n1)C)CCC3)/C(=N/c4nnc(s4)C(C)C)/[O-]
dude_aldr__L004260,CC1=Nc2ccccc2N/C(=N\C(=O)/C=C/C(=O)[O-])/[C@H]1c3ccccc3
dude_aldr__L004261,C[C@H](c1ccccn1)n2c3c(cccc3Cl)nc2N
dude_aldr__L004262,C[C@@H]1CN(C[C@H](O1)c2ccccc2)C(=O)Nc3cccnc3n4cccn4
dude_aldr__L004263,Cc1cccc(c1)c2nnc(n2CC(=O)O[C@@H](C)c3cc(ccc3F)F)[S-]
dude_aldr__L004264,C[C@@]1(CCN(C1)C(=O)c2c(c(c(cn2)Cl)Cl)Cl)C(=O)[O-]
dude_aldr__L004265,C1CC[C@@H]2[C@H](C1)CCCN2C(=O)N3CCC(CC3)C(=O)[O-]
dude_aldr__L004266,C[C@H](C(=O)Nc1ccccc1OC)Sc2nc(c(nn2)c3ccccc3)[O-]
dude_aldr__L004267,c1cc(sc1CNC(=O)[C@H]2CCCC[C@H]2C(=O)[O-])Br
dude_aldr__L004268,c1ccc2c(c1)ncn2c3cc(ccn3)CO
dude_aldr__L004269,C[C@H]1C(=Cc2ccccc2O1)/C=C(\C#N)/C(=N/c3nnc(s3)SCC=C)/[O-]
dude_aldr__L004270,C[C@@H](C(=O)N1CCC[C@@H]1C(=O)[O-])Sc2ccc(cc2)[N+](=O)[O-]
dude_aldr__L004271,c1cc(oc1/C(=N/S(=O)(=O)C2CCCCC2)/[O-])[N+](=O)[O-]
dude_aldr__L004272,c1cc(cnc1)c2nnc(n2Cc3cccs3)[S-]
dude_aldr__L004273,C[C@@H]1CCc2c(sc(c2C(=O)[O-])NC(=O)c3cccs3)C1
dude_aldr__L004274,CCOc1cc2c3c(c1)/C(=C/4\C(=NC(=S)S4)[O-])/C(=O)N3C(C=C2C)(C)C
dude_aldr__L004275,c1ccc(c(c1)CO)[N-]S(=O)(=O)c2c(ccs2)Br
dude_aldr__L004276,CCn1cc(cn1)S(=O)(=O)[N-]c2nc(cs2)c3ccc(cc3)SC
dude_aldr__L004277,Cc1c(c(n[nH]1)C)NC(=O)c2cc(cn2C3CC3)Br
dude_aldr__L004278,CCc1ccc(s1)S(=O)(=O)[N-]c2cc3c(nn(c3nc2)C)C
dude_aldr__L004279,c1cnccc1C(=O)N2[C@]([C@H]3CCCCCCC3=N2)(C(F)(F)F)O
dude_aldr__L004280,Cc1cc(c(n1c2ccc(cc2)C(=O)[O-])C)C=C(C#N)C#N
dude_aldr__L004281,c1ccc(cc1)OCc2nc3c4c5c(sc4nc(n3n2)[O-])CCCC5
dude_aldr__L004282,CC[C@@H](C)NS(=O)(=O)c1ccc2c(c1)[C@H]3C=CC[C@@H]3[C@@H](N2)c4ccc(cc4O)O
dude_aldr__L004283,CCCN(C1CC1)S(=O)(=O)c2cc(cc(c2F)C(=O)[O-])Br
dude_aldr__L004284,CC(C)[C@H](/C(=N/S(=O)(=O)c1cccnc1)/[O-])n2nc(nn2)c3ccccc3
dude_aldr__L004285,C(C#N)c1nnc(o1)N
dude_aldr__L004286,Cc1c(sc(n1)c2ccc(cc2)CSC(C)C)C(=O)[O-]
dude_aldr__L004287,c1ccc(cc1)n2cc(c(n2)c3cccnc3)[C@@H]4Nc5ccccc5C(=O)N4
dude_aldr__L004288,C1NC(=S)NCN1O
dude_aldr__L004289,c1cc(c(cc1/C=C/C(=O)[O-])Br)OC[C@@H]2CCOC2
dude_aldr__L004290,Cc1cc(ccc1S(=O)(=O)[N-]c2ccc(c(c2F)F)F)[N+](=O)[O-]
dude_aldr__L004291,OC(=O)Cc2nn(CC(/S)=N/c1cccc(Cl)c1)c(=O)c3ccccc23
dude_aldr__L004292,C[C@@H](c1ccc(cc1)S(=O)(=O)C)N(C)C(=O)c2cc(cc(c2[O-])Br)Br
dude_aldr__L004293,Cc1cc2c(o1)CC(C[C@H]2NC(=O)CCc3c(nc(nc3[O-])SC)C)(C)C
dude_aldr__L004294,C[C@@H](C(C)C)n1c(nnc1[S-])c2cccs2
dude_aldr__L004295,C1CCCN(CC1)c2nc3c(c(n2)C(=O)[O-])CCC3
dude_aldr__L004296,CC[C@@H]1CCCC[C@H]1NC(=O)N2C[C@@H](C[C@H]2C(=O)[O-])O
dude_aldr__L004297,CCS[C@H](C(C)C)/C(=N/S(=O)(=O)c1ccc(c(c1F)F)F)/[O-]
dude_aldr__L004298,c1ccc2c(c1)[C@H]([C@@H](CO2)O)N3CCOCC3
dude_aldr__L004299,CC[C@H]1CCCN1C(=O)N2C[C@@H](C[C@H]2C(=O)[O-])O
dude_aldr__L004300,Cc1c(sc(n1)C(C)C)C(=O)N2CCCn3c(cc(n3)C(=O)[O-])C2
dude_aldr__L004301,C[C@@]1(CCN(C1)c2ccc(c(c2)Cl)C#N)C(=O)[O-]
dude_aldr__L004302,Cc1nnc(n1[C@H]2CCC[C@@H]([C@H]2C)C)SCC(=O)[O-]
dude_aldr__L004303,Cc1cccnc1NC(=O)C2CCN(CC2)c3ccc(nn3)Cl
dude_aldr__L004304,Cc1c2c([nH]c1C(=O)NNC(=O)CN3CCCc4c3cccc4)CCCC2=O
dude_aldr__L004305,Cc1c(sc(n1)c2ccsc2)C(=O)N(C)C[C@H](C)C(=O)[O-]
dude_aldr__L004306,c1ccc(cc1)n2cc(c3c2[C@H](CC(=O)N3)c4ccsc4)C(=O)[O-]
dude_aldr__L004307,COC(=O)C1=CO[C@H]([C@@H]2[C@H]1C[C@H](C2=C)O)O[C@H]3[C@@H]([C@H]([C@@H]([C@H](O3)CO)O)O)O
dude_aldr__L004308,Cc1cc(cc(c1)C(=O)[C@H]2CC[C@H](C2)C(=O)[O-])C
dude_aldr__L004309,c1c[nH]c2c1cc(c(n2)C(=O)[O-])Br
dude_aldr__L004310,C[C@H]1CCC2=C3C(=NC(=NC3=O)/C=C/c4ccc(cc4)C(=O)[O-])S[C@@H]2C1
dude_aldr__L004311,Cc1cc(c(n1Cc2ccco2)C)/C(=C(/C#N)\C(=O)N3CCCC3)/[O-]
dude_aldr__L004312,CC1=C(c2c(sc3c2c(=O)[nH]c(=O)n3CC(=O)OC)C1)C
dude_aldr__L004313,C1C[C@H](CN(C1)C(=O)N2CCO[C@@H](C2)C(=O)[O-])O
dude_aldr__L004314,CC1CCN(CC1)C(=O)c2ccc(cc2)NC(=O)C[C@]3(CCSC3)C(=O)[O-]
dude_aldr__L004315,C[C@@H](C(=O)Nc1cc(=O)nc2n1[n-]c(n2)c3ccco3)Oc4ccccc4
dude_aldr__L004316,CCCN(C(C)C)S(=O)(=O)c1cc(sc1Br)C(=O)[O-]
dude_aldr__L004317,C[C@H]1C[C@H]1NS(=O)(=O)c2cc(cc(c2Cl)C(=O)[O-])Cl
dude_aldr__L004318,C[C@H](CC#N)Sc1ccccc1[N-]S(=O)(=O)c2ccsc2C(=O)OC
dude_aldr__L004319,Cc1ccc(cc1)n2c3ccccc3nc2SCC(=O)N[C@@H]4CCCCNC4=O
dude_aldr__L004320,CC(C)OCCS(=O)(=O)c1cc(cc(c1Cl)C(=O)[O-])Cl
dude_aldr__L004321,C[NH2+]Cc1nnnn1c2ccc(cc2)I
dude_aldr__L004322,CC(=O)NC1(CCCCC1)C(=O)N[C@H]2CCS(=O)(=O)C2
dude_aldr__L004323,CC(C)n1ccc2c1ccc(c2)S(=O)(=O)N3CCC[C@H](C3)C(=O)[O-]
dude_aldr__L004324,C[C@H]1C[C@](CC(C1)(C)C)(C(=O)[O-])n2cc(ccc2=O)Br
dude_aldr__L004325,Cc1coc2c1cc3c(c(c(=O)oc3c2C)CCC(=O)N4CCC[C@H]4C(=O)[O-])C
dude_aldr__L004326,c1cc(c(cc1NC(=O)[C@@H]2CC=CC[C@H]2C(=O)[O-])Cl)C(=O)NC3CC3
dude_aldr__L004327,CS[C@@H]1CC(=O)c2c(c3c(cc(cn3)Cl)c(=O)n2c4ccccc4[O-])N1
dude_aldr__L004328,c1csc2c1[C@@H](N(CC2)c3nccs3)C(=O)[O-]
dude_aldr__L004329,c1cc(ccc1NC(=O)NC2CCN(CC2)c3ccc(cn3)C#N)n4cnnn4
dude_aldr__L004330,c1ccc(cc1)c2c3cc(ccc3no2)/C(=C(/C#N)\C(=O)N4CCCC4)/[O-]
dude_aldr__L004331,CC[C@@H]1CCCN(C1)S(=O)(=O)c2cnn(c2)CCC(=O)[O-]
dude_aldr__L004332,c1cc(cc(c1)S(=O)(=O)N2CCN(CC2)CCc3ccc(cc3)F)C(=O)[O-]
dude_aldr__L004333,COc1cc(cc(c1[O-])[N+](=O)[O-])/C=N/Nc2[nH]nc(n2)SCC(=O)NC3CCCCC3
dude_aldr__L004334,c1c(nc(nc1N)S[C@@H]2CC(=O)N(C2=O)C3CC3)N
dude_aldr__L004335,c1cc(cnc1)/C=N\n2c(nnc2[S-])c3ccc(cc3)Cl
dude_aldr__L004336,c1cc2c(cc1OC/C(=N/S(=O)(=O)c3ccc(s3)Cl)/[O-])CCC2
dude_aldr__L004337,c1cc(c(cc1[N-]S(=O)(=O)c2ccc(s2)CC(=O)N3CCCCC3)Cl)F
dude_aldr__L004338,CC1(CCN(CC1)S(=O)(=O)c2ccc(c(c2)C(=O)[O-])Br)C
dude_aldr__L004339,C[C@H]1C[C@@H](CN(C1)C(=O)c2cccc(c2)[N-]S(=O)(=O)c3cccs3)C
dude_aldr__L004340,c1c(cnc(c1Cl)OC2CCCC2)C(=O)[O-]
dude_aldr__L004341,Cc1cc(cc(c1)/C(=C/C(=O)[O-])/C(C)(C)C)C
dude_aldr__L004342,c1c(cc(cc1Cl)Cl)N2C[C@@H](CC2=O)C(=O)Nc3[n-]c(c(n3)C#N)C#N
dude_aldr__L004343,C1C[C@@H](CN(C1)C(=O)[C@H]2C[C@@H]2C(=O)[O-])C(=O)N
dude_aldr__L004344,Cc1cc(cc(c1O[C@@H]2CCCC[C@H]2O)C)C(=O)[O-]
dude_aldr__L004345,CCn1cc(cn1)c2cc(n3c(n2)c(c(n3)COC)c4ccccc4)[O-]
dude_aldr__L004346,CN(Cc1cc(cs1)Br)C(=O)c2cc(c[n-]2)[N+](=O)[O-]
dude_aldr__L004347,Cc1ccc(s1)S(=O)(=O)[N-]c2cccc(c2N3CCOCC3)Cl
dude_aldr__L004348,CCc1nnc(s1)NC(=O)CCn2c(nnc2[S-])c3ccc(cc3)F
dude_aldr__L004349,Cc1c(nnc(c1/C(=N/O)/N)N2CC[C@H](C2)O)C
dude_aldr__L004350,CC1(CC(=C(C(=O)C1)/C=N/c2ccc3c(c2)OCO3)[O-])C
dude_aldr__L004351,Cc1ccc(cc1)[C@H]2C(=C(N=C3N2C(=CS3)/C=C(/N4CCN(CC4)CCOC)\[O-])C)C(=O)OC(C)C
dude_aldr__L004352,CCN(CC)c1ccc(cc1)[C@H]2C(=C(C(=O)N2CC=C)[O-])C(=O)c3c(nc(s3)C)C
dude_aldr__L004353,CCCCCCN1C(=O)/C(=C\c2cc(n(c2C)c3ccc(cc3)Cl)C)/C(=O)N=C1[O-]
dude_aldr__L004354,Cc1c(sc(n1)N2[C@@H](C(=C(C2=O)[O-])C(=O)c3ccc(cc3)Cl)c4ccc(cc4)F)C
dude_aldr__L004355,CCc1ccc(s1)c2c(cn(n2)C)C(=O)[O-]
dude_aldr__L004356,c1cc(cc(c1)[N+](=O)[O-])N2C(=O)C[C@@H](C2=O)Sc3c(cccn3)C(=O)[O-]
dude_aldr__L004357,c1csc(n1)N2CCN(CC2)C(=O)c3cc([nH]n3)C4CC4
dude_aldr__L004358,CN1C(=O)/C(=C\2/C[C@@H](NN2)c3ccc(cc3)[N+](=O)[O-])/C(=O)NC1=O
dude_aldr__L004359,Cc1ccc(cc1)C\2=NC(=S)N[C@H](/C2=C(\C(=O)OC)/[O-])c3cccs3
dude_aldr__L004360,Cc1cccc(c1)C2(CC2)/C(=N/S(=O)(=O)c3cc(c(c(c3)[N+](=O)[O-])C)C)/[O-]
dude_aldr__L004361,CC(=O)Nc1cccc(c1)[N-]S(=O)(=O)CCC(=O)NC2CCCCC2
dude_aldr__L004362,c1ccc(c(c1)[N-]S(=O)(=O)c2ccc(c(c2)C#N)Cl)n3c(c(cn3)C#N)N
dude_aldr__L004363,CCO/C(=C/1\[C@@H]([C@@](C(=S)N=C1c2ccccc2)(CC=C)C#N)c3cccnc3)/[O-]
dude_aldr__L004364,c1cn(c(=O)[nH]c1=O)C2(CCCCCC2)C(=O)[O-]
dude_aldr__L004365,Cc1c(c(n(n1)C)N[C@@]2(CCC[C@H](C2)C)C(=O)[O-])[N+](=O)[O-]
dude_aldr__L004366,CS(=O)(=O)Cc1ccc(cc1)[N-]S(=O)(=O)c2ccc(cc2)[N+](=O)[O-]
dude_aldr__L004367,CC1=NC(=C([C@H]1S(=O)(=O)[N-]c2cccc(c2)C(=O)C)c3nnc(o3)C4CCC4)C
dude_aldr__L004368,c1ccc(cc1)[C@H](Cn2cccn2)[N-]C3=NC=NC4=NC=N[C@@H]43
dude_aldr__L004369,CCOc1ccc(cc1F)[N-]S(=O)(=O)c2ccc(cc2)S(=O)(=O)C
dude_aldr__L004370,Cn1cc(c(n1)C(=O)N2CCN(CC2)C(=O)[C@@H]3CCCO3)C(=O)[O-]
dude_aldr__L004371,OC(=O)Cn3ccc(=O)n(Cc2nc1cc(Cl)ccc1s2)c3=O
dude_aldr__L004372,Cc1c(n(c(c1C#N)N)[C@@H](C)c2ccccc2F)C
dude_aldr__L004373,CC(C)S(=O)(=O)N1CCCC[C@@H]1CCC(=O)[O-]
dude_aldr__L004374,c1cc2c(cc1N)sc(n2)N3CC[C@@H](C3)N4CCOCC4
dude_aldr__L004375,Cc1ccccc1n2c(=O)c3ccc(cc3nc2S[C@H](C)C(=O)c4ccccc4)C(=O)[O-]
dude_aldr__L004376,c1cc(ccc1[N-]S(=O)(=O)CC(=O)N2CCSCC2)N3CCCCC3
dude_aldr__L004377,CCn1cc(cn1)S(=O)(=O)[N-]c2ccc3c(c2)OC(O3)(C)C
dude_aldr__L004378,C[C@H]1C[C@@H](CN(C1)C(=O)C2(CCCCC2)C#N)C
dude_aldr__L004379,Cc1cc2cccc(c2nc1)S(=O)(=O)[N-]c3cc(c(cc3Cl)OC)OC
dude_aldr__L004380,C[C@H](c1ccc(s1)Cl)n2c(nnc2SCC(=O)[O-])C3CC3
dude_aldr__L004381,Cc1ccc(c(c1)Br)[N-]S(=O)(=O)c2cnn(c2)C
dude_aldr__L004382,COC(=O)c1cccc(c1)Cn2cc(c3c2cccc3)/C=C/4\C(=O)N(C(=N4)[S-])CC=C
dude_aldr__L004383,C1CCC[C@H]([C@@H](CC1)N)N2CCO[C@@H]3[C@@H]2CCCC3
dude_aldr__L004384,c1cc(sc1c2[nH]c(=O)c3c4c(sc3n2)CCCC4)[N+](=O)[O-]
dude_aldr__L004385,Cc1cccc(c1)N/C(=C(\C#N)/C(=O)[C@H]2CC(=O)N(C2)C3CCC(CC3)C)/[O-]
dude_aldr__L004386,CC(C)(C)C(=O)N1C[C@@H](C[C@H]1C(=O)[O-])O
dude_aldr__L004387,CC1=C(C(=N[C@H]1C(=O)[O-])C)C(=O)/C=C/c2ccc(o2)c3ccc(cc3)[N+](=O)[O-]
dude_aldr__L004388,c1ccnc(c1)/C=C/C(=N/c2ncn(n2)Cc3cccc(c3)Br)/[O-]
dude_aldr__L004389,Cc1ccc(s1)S(=O)(=O)/N=C(/[C@H](C)Oc2ccc(cc2)CCC(=O)C)\[O-]
dude_aldr__L004390,CCCOc1ccc(cc1)C(=O)C2=C(C(=O)N([C@@H]2c3cccc(c3)OCC)c4nnc(s4)SCC)[O-]
dude_aldr__L004391,c1c(cc(c(c1Cl)S(=O)(=O)[N-]c2ncc(s2)[N+](=O)[O-])Cl)Br
dude_aldr__L004392,C1CN(CCC1C(=O)[O-])C(=O)[C@@H]2C=C(C=N2)Br
dude_aldr__L004393,CCCS(=O)(=O)N1CCN(CC1)C(=O)/C=C/C(=O)[O-]
dude_aldr__L004394,CCC(=O)N1CCC[C@@H](C1)C(=O)N[C@H]2CCCC[C@H]2NC(=O)c3ccc(cc3)F
dude_aldr__L004395,C1CCCC2(CC1)CC(=O)N(C2=O)C3CCC(CC3)O
dude_aldr__L004396,C[C@]12CC[C@@H]3[C@@H]([C@@H]1CC[C@@H]2C(=O)[O-])CC[C@@H]4[C@@]3(CCC(=O)N4)C
dude_aldr__L004397,CNc1c(cc(cn1)Br)S(=O)(=O)[N-]c2ncccn2
dude_aldr__L004398,CN(c1cccc(c1)C#N)C(=O)[C@H]2CCCC[C@H]2C(=O)[O-]
dude_aldr__L004399,c1cc(ccc1/C(=C/C(=O)[O-])/C2CC2)Br
dude_aldr__L004400,C[C@@H](C(=O)Nc1ccc(cc1)NC(=O)C)Sc2c(cccn2)C(=O)[O-]
dude_aldr__L004401,c1cc(c(cc1SCC(=O)N2CCC[C@H](C2)C(=O)[O-])F)F
dude_aldr__L004402,c1cc(ccc1CSc2c(c(c3c(n2)CCCCCC3)C(F)(F)F)C#N)C(=O)[O-]
dude_aldr__L004403,C[C@@H]1CO[C@H](CN1S(=O)(=O)c2ccc3c(c2)oc(n3)[O-])c4ccccc4
dude_aldr__L004404,CC(C)C[C@@H](CNC(=O)Nc1ccc(c(c1)Cl)C(=O)NC)N2CCOCC2
dude_aldr__L004405,c1cc(sc1)c2ccc(c(=O)[nH]2)/C(=N/S(=O)(=O)c3ccc(cc3)C#N)/[O-]
dude_aldr__L004406,c1cc(c(c(c1)Cl)NC(=O)Nc2ccc(c(c2)C(=O)NC3CCCCC3)N4CCCC4)Cl
dude_aldr__L004407,c1cc(c(cc1C(=O)[O-])NC(=O)NCCC(F)(F)F)F
dude_aldr__L004408,c1ccc2c(c1)c(ncn2)N3CCC[C@@H](C3)c4[nH]c5ccccc5n4
dude_aldr__L004409,CC[C@@H](C(=O)[O-])N(C)C(=O)c1c(c(c(c(c1C)C)C)C)C
dude_aldr__L004410,CCCCOc1ccc(cc1C)C(=O)C2=C(C(=O)N([C@@H]2c3cccc(c3)[N+](=O)[O-])Cc4cccnc4)[O-]
dude_aldr__L004411,Cc1c(scn1)CCO[C@](C)(c2ccc(cc2)Cl)C(=O)[O-]
dude_aldr__L004412,CC(C)(C)n1c(nnc1[S-])c2ccccn2
dude_aldr__L004413,c1ccc(cc1)[C@@H]2C[C@@H]2/C(=N/S(=O)(=O)c3ccccc3[N+](=O)[O-])/[O-]
dude_aldr__L004414,Cc1ccc(cc1C)NC(=O)c2ccc3c(c2)nc(=S)[nH]c3[O-]
dude_aldr__L004415,c1cc(cc(c1)N2CCCC2=O)C(=O)N3CCc4c3ccc(c4)C(=O)[O-]
dude_aldr__L004416,CC[C@H](C(=O)[O-])N(C)C(=O)CSc1ccc(cc1)Cl
dude_aldr__L004417,Cc1ccsc1CN(C)C(=O)c2cc(nc3c2c(nn3C)[O-])C4CC4
dude_aldr__L004418,Cc1ccc(c(c1)Cl)S(=O)(=O)[N-]c2cc(ccc2C)N3C(=O)CCC3=O
dude_aldr__L004419,Cc1cccc(c1)c2nnc(n2CC(=O)N[C@@H]3CCc4c3cccc4)[S-]
dude_aldr__L004420,CCc1ccsc1C(=O)N[C@H](c2cc(ccc2F)F)c3[n-]nnn3
dude_aldr__L004421,CCC[C@@H](C(=O)[O-])NC(=O)N1CCO[C@H]2[C@@H]1CCC2
dude_aldr__L004422,CC(C)[C@@H]([C@H]1NN[C@@H](O1)S(=O)(=O)C)NS(=O)(=O)c2ccc3c(c2)oc(n3)[O-]
dude_aldr__L004423,C[C@@H]1CN([C@@H](CO1)C)C(=O)c2c(c(n[nH]2)C3CC3)N
dude_aldr__L004424,C[C@@H]1C[N-]/C(=N\C(=O)C2=NC=C(C2)Br)/S1
dude_aldr__L004425,CC(C)CCSC1=NC(=O)[C@@H]2[C@H](C3=C(CCCC3=NC2=N1)[O-])c4ccccc4Br
dude_aldr__L004426,CS(=O)(=O)[N-]c1cccc2c1CCCN2CC(=O)N(C3CCCC3)C4CC4
dude_aldr__L004427,CCCOc1c(cc(cc1Br)C(=O)N2CCc3c2ccc(c3)C(=O)[O-])OC
dude_aldr__L004428,C[C@@]12CC[C@@H]3[C@@H]([C@@H]1CC[C@@H]2O)C(=O)C[C@@H]4[C@@]3(CC[C@@H](C4)O)C
dude_aldr__L004429,CCCOc1ccc(cc1C)C(=O)C2=C(C(=O)N([C@@H]2c3ccc(cc3)C)c4nc(c(s4)C(=O)OC)C)[O-]
dude_aldr__L004430,C[C@@H]1CCCN(C1)C(=O)N2CCC(CC2)CCC(=O)[O-]
dude_aldr__L004431,CC[C@@H](c1nc(c2c(csc2n1)c3ccccc3)[O-])Cl
dude_aldr__L004432,c1ccc2c(c1)cc(cn2)N3Cc4cccc(c4C3)N
dude_aldr__L004433,Cn1cnnc1Cn2c(nnc2SCC(=O)[O-])C3CC3
dude_aldr__L004434,CCc1c(nn(c1C)[C@H]2CCCC[C@@H]2C(=O)[O-])C
dude_aldr__L004435,CCCN(CCC)C(=O)[C@@H]1[C@@H]2CC[C@H]([C@@H]1C(=O)[O-])O2
dude_aldr__L004436,c1ccc2c(c1)c(c(o2)C(=O)[O-])COc3ccc(cc3[N+](=O)[O-])S(=O)(=O)N4CCOCC4
dude_aldr__L004437,CCOc1ccc(cc1OCC)S(=O)(=O)/N=C(/[C@@H]2C[C@@H]2c3ccccc3)\[O-]
dude_aldr__L004438,CSc1nc(c2cc(sc2n1)C(=O)[O-])N3CCCCC3
dude_aldr__L004439,COc1cc(cc(c1OCC#C)Cl)/C=C/2\CCc3c2nc4ccccc4c3C(=O)[O-]
dude_aldr__L004440,c1csc(c1Br)C[C@@]2(CCOC2)C(=O)[O-]
dude_aldr__L004441,C[C@]12C[C@H]([C@@H]3[C@@H]([C@@H]1C[C@@H]4[C@]2(OC(O4)(C)C)C(=O)[O-])CCC5=CC(=O)C=C[C@]35C)O
dude_aldr__L004442,Cc1cccc(c1)NC(=O)O[C@H]2CCN3C2=Nc4ccccc4C3
dude_aldr__L004443,CCOc1ccc(cc1)n2c(nnc2[S-])c3cc(n(n3)C)C
dude_aldr__L004444,c1csc(c1Br)S(=O)(=O)N2CCCC[C@@H]2CCC(=O)[O-]
dude_aldr__L004445,Cc1cccc(c1C)C(=O)NC2CCN(CC2)c3ccc(cn3)C#N
dude_aldr__L004446,C[C@H](C(=O)NC(=O)NC(C)C)OC(=O)CC12C[C@H]3C[C@@H](C1)CC(C3)(C2)O
dude_aldr__L004447,Cc1ccc(s1)c2nc([nH]n2)/N=C(/CCc3c(nc4ncnn4c3C)C)\[O-]
dude_aldr__L004448,Cc1csc(n1)[N-]S(=O)(=O)c2cnc(s2)Cl
dude_aldr__L004449,c1cc2c(ccn2[C@H]3[C@H]([C@@H]([C@@H](CO3)O)O)O)cc1[N+](=O)[O-]
dude_aldr__L004450,c1cnc(nc1)Sc2c(cc3c(n2)CCCC3)C(=O)[O-]
dude_aldr__L004451,c1c2c(cc(c1F)N3CCN(CC3)C(=O)C4CC4)n(cc(c2=O)C(=O)[O-])C5CC5
dude_aldr__L004452,CCOc1ccc(cc1)NC(=O)NC2C[C@@H]3CC[C@H](C2)[NH+]3Cc4ccco4
dude_aldr__L004453,CC(C)(C)OC(=O)N1CCC[C@@]1(Cc2ccc(s2)Br)C(=O)[O-]
dude_aldr__L004454,Cc1ccc(cc1)C(=O)CSC2=C([C@@H](C3=C(CC(CC3=N2)(C)C)[O-])c4ccc(cc4)OC)C#N
dude_aldr__L004455,c1ccc(c(c1)C(F)(F)F)OC2(CCSCC2)C(=O)[O-]
dude_aldr__L004456,Cn1ccc(n1)NC(=O)Nc2ccc(cc2C(=O)[O-])I
dude_aldr__L004457,C/C(=C\C(=N\S(=O)(=O)c1cccc(c1)C#N)\[O-])/C2CC2
dude_aldr__L004458,Cc1ccc(cc1)NC(=O)NN(c2nc(cs2)c3ccc(cc3)OC)C(=O)Nc4ccc(cc4)Cl
dude_aldr__L004459,CC(C)[C@]1(CC[C@H]2C(=C1)C(=O)C[C@@H]3[C@@]2(CCC[C@@]3(C)C(=O)[O-])C)O
dude_aldr__L004460,Cc1c(sc(n1)n2c(c(nn2)C(=O)Nc3ccc(nc3)Cl)C)C
dude_aldr__L004461,Cc1c(sc(n1)N2CCCC[C@H]2C)C(=O)[O-]
dude_aldr__L004462,C[C@@H]1CCCC[C@@]1(C(=O)[O-])Nc2c(cccc2F)F
dude_aldr__L004463,CN(C)c1nc2n(c(=O)n1)CCN2C(=S)[S-]
dude_aldr__L004464,CC(C)NC(=O)N1CCC[C@H](C1)CC(=O)[O-]
dude_aldr__L004465,CCCCN1C(=C([C@H](NC1=O)c2cccc(c2)NC(=O)Nc3ccc(cc3)SC)C(=O)OC(C)C)C
dude_aldr__L004466,c1ccc(cc1)[C@@H]2CC(=C/C(=N\Cc3cccnc3)/C2)[O-]
dude_aldr__L004467,C1CCc2c(nc(s2)NC(=O)[C@H]3CC=CC[C@@H]3C(=O)[O-])C1
dude_aldr__L004468,c1cnc2c(c[nH]c2c1C(=O)[O-])Br
dude_aldr__L004469,CN(c1ccc(cc1)OC)/C(=N/C2=C[C@H]3C(=NC=NC3=O)C=C2)/[S-]
dude_aldr__L004470,Cc1c(c(on1)C)S(=O)(=O)[N-]c2ccc(cc2)C(=O)N3CCCCCC3
dude_aldr__L004471,c1cc(ccc1N2C[N-]/C(=N\[N+](=O)[O-])/N(C2)CCC#N)Cl
dude_aldr__L004472,Cc1nnc(n1C2CCCCC2)SCC(=O)N3CCC[C@H](C3)C(=O)[O-]
dude_aldr__L004473,C1CS(=O)(=O)C[C@@H]1/C(=N/S(=O)(=O)C2CCOCC2)/[O-]
dude_aldr__L004474,C[C@H](C(=O)NC(=O)N1CCC[C@@H]1C[NH+](C)C)Cl
dude_aldr__L004475,Cn1ccnc1SCc2ccc(cc2)C(=O)N3CCC[C@H](C3)C(=O)[O-]
dude_aldr__L004476,CC[C@]1(CCCN(C1)c2c3ccsc3ncn2)C(=O)[O-]
dude_aldr__L004477,Cc1ccc(cc1)c2ccc(c(n2)Cl)C(=O)[O-]
dude_aldr__L004478,CC(C)[C@@H](C(=O)[O-])NC(=O)[C@@H]1CCC=CC1
dude_aldr__L004479,CCN(C[C@H]1CCOC1)C(=O)[C@@H]2CC=CC[C@@H]2C(=O)[O-]
dude_aldr__L004480,c1ccc(cc1)C2CCN(CC2)C(=O)[C@H]3CCCC[C@@H]3C(=O)[O-]
dude_aldr__L004481,C[C@H]1CCCN([C@@H]1C)c2ccccc2/C=C/C(=O)[O-]
dude_aldr__L004482,c1ccc2c(c1)CCN2C(=O)NCc3nnc4n3CCCCC4
dude_aldr__L004483,c1cc(sc1)/C(=C(\C#N)/C(=O)c2cc(c(s2)Br)Br)/[O-]
dude_aldr__L004484,Cn1cnc(c1Sc2c3c(nc(n2)N)n(cn3)[C@@H]4[C@H]([C@@H]([C@H](O4)CO)O)O)[N+](=O)[O-]
dude_aldr__L004485,CSCC[C@H](C(=O)[O-])n1c(nnn1)C(F)(F)F
dude_aldr__L004486,CCc1ccc(cc1)[C@@H]2C(=C(C(=O)N2C[C@@H]3CCCO3)[O-])C(=O)c4c(nc(s4)C)C
dude_aldr__L004487,Cc1cs/c(=N\S(=O)(=O)c2ccc(cc2)CCC(=O)[O-])/[nH]1
dude_aldr__L004488,Cc1cc(c2nc(cn2c1)C(=S)N)Br
dude_aldr__L004489,C[C@@H]1C(=C2C(=NC(=NC2=O)SCC(=O)[O-])S1)c3ccccc3
dude_aldr__L004490,CC1([C@H](CC[C@]1(C)C(=O)[O-])C(=O)Nc2ccccc2O)C
dude_aldr__L004491,CCc1cc2c(s1)nc(nc2SCC(=O)N3CCC[C@H](C3)C(=O)[O-])C
dude_aldr__L004492,Cc1c(sc(n1)[S-])CC(=O)NCc2cccc(c2)N3CCOC3=O
dude_aldr__L004493,Cc1nc(cs1)CN(C)c2ccc(c(n2)C(=O)[O-])Cl
dude_aldr__L004494,CN(Cc1cc(cs1)Br)c2c(cc(cn2)Br)C(=O)[O-]
dude_aldr__L004495,Cc1cc(c(cc1Cl)C2=C3[C@@H](N(C(=O)[C@H]3N=N2)CCO)c4ccc(cc4)F)O
dude_aldr__L004496,c1cc(=O)n(cc1N)CC(=O)N2CC[C@H]3CCCC[C@@H]3C2
dude_aldr__L004497,c1cc(c(cc1Sc2c(cc(cn2)N)C#N)F)F
dude_aldr__L004498,c1cc(c(cc1/N=N/c2ccc(c(c2)C(=O)[O-])O)S(=O)(=O)[O-])/N=[N+](\c3ccc(c(c3)O)C(=O)[O-])/[O-]
dude_aldr__L004499,Cc1c(sc(n1)NC(=O)N2CCC(CC2)C)C
dude_aldr__L004500,Cc1c(c2c(n1[O-])-c3c(c(ccn3)Cl)C(=O)CC2)O
dude_aldr__L004501,c1ccc(cc1)CSc2nnc(s2)/N=C(/C(=C/C3=Cc4ccccc4OC3)/C#N)\[O-]
dude_aldr__L004502,C[C@H]1c2ccsc2CCN1c3c(cc(cn3)C(=O)[O-])Cl
dude_aldr__L004503,CCCOc1ccccc1[N-]S(=O)(=O)c2c(nc3n2cccc3)Cl
dude_aldr__L004504,Cc1cc(c(c(c1)C)NC(=O)N2CCCN(CC2)c3nccs3)C
dude_aldr__L004505,COC(=O)c1ccccc1S(=O)(=O)/N=C(/[C@H]2C[C@@H]2c3ccccc3)\[O-]
dude_aldr__L004506,CC[C@@]1(CCN(C1)S(=O)(=O)CCS(=O)(=O)C)C(=O)[O-]
dude_aldr__L004507,Cc1ccnc2n1nc(n2)/C(=N/S(=O)(=O)N3CCCCC3)/[O-]
dude_aldr__L004508,Cc1c(sc(n1)[C@@H](C)C(=O)Nc2ccc(c(c2)Cl)OC)C(=O)[O-]
dude_aldr__L004509,Cc1cc(c(o1)[S-])/C=N/c2cccc(c2)[N+](=O)[O-]
dude_aldr__L004510,c1ccc(c(c1)n2c(nnc2[S-])C3CC3)Cl
dude_aldr__L004511,Cc1cc(nc(c1C#N)N2CCc3c(ccs3)[C@H]2C)C
dude_aldr__L004512,CCCn1cc(c(n1)c2c(nn(c2C)C)C)C(=O)[O-]
dude_aldr__L004513,Cc1cc(cc(c1)NC(=S)Nc2c(n(n(c2=O)c3ccccc3)C)C)C
dude_aldr__L004514,c1ccc(c(c1)/C=N/NC(=O)C23CC4CC(C2)CC(C4)C3)C(=O)[O-]
dude_aldr__L004515,Cc1cc(cc(c1)OC/C(=C(\C#N)/C(=O)N2CCCC2)/[O-])C
dude_aldr__L004516,Cc1ccc(c(c1)N/C(=C(\C#N)/C(=O)c2cc(ccc2C)[N+](=O)[O-])/[O-])C
dude_aldr__L004517,[C@@H](C(=O)N)(F)Cl
dude_aldr__L004518,Cc1c(c(nc(n1)c2ccc(cc2OC)Cl)[S-])C(=O)OC
dude_aldr__L004519,c1cc(ccc1n2c(=S)sc(n2)[S-])Cl
dude_aldr__L004520,C1C[C@@H](OC1)COCC(=O)N2CCC(CC2)C(=O)[O-]
dude_aldr__L004521,c1cc(c(cc1C#N)Cl)Sc2ccncc2N
dude_aldr__L004522,CCC[C@H](C(=O)[O-])NS(=O)(=O)c1cc(cc(c1OC)Br)Cl
dude_aldr__L004523,C[C@@H]1c2ccsc2CCN1C(=O)N3CC[C@H](C3)C(=O)[O-]
dude_aldr__L004524,Cn1cc(cn1)c2nc(cs2)C(=O)Oc3ccc(cc3)[N-]S(=O)(=O)C
dude_aldr__L004525,CC[C@]1(CCCN(C1)C(=O)C=C(C)C)C(=O)[O-]
dude_aldr__L004526,CC[C@@H](C)c1ccc(cc1)N2C(=O)/C(=C/c3cccn3Cc4ccccc4C)/C(=O)N=C2[O-]
dude_aldr__L004527,CS(=O)(=O)c1cccc(c1)S(=O)(=O)/N=C(/CC(C2CC2)C3CC3)\[O-]
dude_aldr__L004528,c1ccc(c(c1)F)S[C@]2(CCSC2)C(=O)[O-]
dude_aldr__L004529,CCn1cc(cn1)S(=O)(=O)[N-]c2ccccc2n3c(cc(n3)C)C
dude_aldr__L004530,C[C@]1(CCS(=O)(=O)C1)NC(=O)CN2CCO[C@@H](C2)C(=O)[O-]
dude_aldr__L004531,c1ccc(cc1)Cc2ccccc2NC(=O)[C@H]3[C@@H]4C=C[C@H]([C@@H]3C(=O)[O-])O4
dude_aldr__L004532,c1cc(sc1)/C=C/C(=O)c2ccc(c(c2)C(=O)[O-])O
dude_aldr__L004533,c1cc2c(cc1C(=O)[O-])CCN2C(=O)c3ccc(s3)Cl
dude_aldr__L004534,C1C[C@@H](COC1)CNC(=O)N2C[C@@H](C[C@@H]2C(=O)[O-])O
dude_aldr__L004535,Cc1cccnc1NC(=O)c2cccc(c2)S(=O)(=O)[N-]c3ccccc3Cl
dude_aldr__L004536,Cc1ccc(nc1)O[C@@H]2C[C@H](N(C2)C(=O)OC(C)(C)C)C(=O)[O-]
dude_aldr__L004537,c1ccc(c(c1)C(=O)N2CCN(CC2)C(=O)c3cccnc3[S-])OC(F)F
dude_aldr__L004538,c1cc2c(cc1C(=O)N3[C@H]4CCCC[C@H]4C[C@H]3C(=O)[O-])CCC2
dude_aldr__L004539,CCCCOc1ccc(cc1)C(=O)C2=C(C(=O)N([C@H]2c3ccccc3)c4nnc(s4)SCC)[O-]
dude_aldr__L004540,Cc1ccccc1SC2(CCOCC2)C(=O)[O-]
dude_aldr__L004541,Cc1ccc(cc1)Cc2c(nc(nc2[O-])SCC(=O)N)C
dude_aldr__L004542,CC(C)c1nc([nH]n1)c2ccccc2[N-]S(=O)(=O)c3ccc(nc3)Cl
dude_aldr__L004543,CCCc1c(sc2n1ccn2)C(=O)[O-]
dude_aldr__L004544,C1CS(=O)(=O)C[C@@H]1Cn2c(nnc2SCC(=O)[O-])C3CC3
dude_aldr__L004545,c1cc(oc1)Cn2c(nnn2)SCC(=O)N3CCCC[C@@H]3C(=O)[O-]
dude_aldr__L004546,C[C@H]1CCC(=C)/C(=C\C=C/C[C@]1(C)CCC2=CC(=O)O[C@@H]2O)/C(=O)[O-]
dude_aldr__L004547,c1cc(ccc1n2c(=O)c3ccc(cc3nc2SCC(=O)c4ccc5c(c4)CCC5)C(=O)[O-])F
dude_aldr__L004548,c1cnc2nnc(n2c1)[C@@H]3C[C@@H]3C(=O)[O-]
dude_aldr__L004549,c1cc(c(cc1c2ccc(o2)CO)C(=O)[O-])Cl
dude_aldr__L004550,COc1ccc(c(c1)[O-])c2c(cncn2)c3cnn(c3)c4ccccc4
dude_aldr__L004551,C[C@H]1C(=CN=N1)C[NH+]2CCN(CC2)[C@H]3CCCC[C@@H]3O
dude_aldr__L004552,Cc1ccc(c(c1)OC[C@H]2CCCO2)[N-]S(=O)(=O)c3ccccc3C#N
dude_aldr__L004553,c1cc(c2nncn2c1)[N-]S(=O)(=O)c3ccc(cc3)C4CCCCC4
dude_aldr__L004554,Cc1ccc(s1)S(=O)(=O)/N=C(/c2cccc3c2OCCO3)\[O-]
dude_aldr__L004555,Cc1ccc(o1)[C@@H]2CCC[C@@]3(C2)NC(=O)C(=C(N3c4ccccc4)[S-])C#N
dude_aldr__L004556,Cc1ccc(c(c1)C)c2c3c(n[nH]2)OC(=C([C@@H]3c4ccc(c(c4)OC)OC5CCCC5)C#N)N
dude_aldr__L004557,c1c(c(cc(c1S(=O)(=O)N2CCSCC2)Cl)Cl)C(=O)[O-]
dude_aldr__L004558,c1cc(ncc1/C(=C(\C#N)/C(=O)N2CCCC2)/[O-])OCC(F)(F)F
dude_aldr__L004559,Cc1nnc2n1N[C@@H]([C@H](S2)C(=O)OC)c3ccc(cc3)F
dude_aldr__L004560,C[C@H](C(=O)N[C@@H]1CCCc2c1cnn2C)n3c(nnc3[S-])c4cccs4
dude_aldr__L004561,C1CC[C@H]2[C@H](C1)CCCN2C(=O)C3(CCCC3)C#N
dude_aldr__L004562,CCc1cccc(c1)[N-]S(=O)(=O)c2c(nc3n2ccs3)Cl
dude_aldr__L004563,Cc1cc2cc(cn2c(n1)[O-])c3cccs3
dude_aldr__L004564,C[C@H]1C[C@@H](CN(C1)S(=O)(=O)c2cccc(c2)/C(=C(\C#N)/C(=O)NC)/[O-])C
dude_aldr__L004565,CCO/C(=C/1\[C@H]([C@](C(=S)N=C1c2ccccc2)(CC=C)C#N)c3cccnc3)/[O-]
dude_aldr__L004566,c1cc(ccc1F)Sc2c(n3ccsc3n2)/C=C/C(=O)[O-]
dude_aldr__L004567,Cc1ccc(cc1C)O[C@@H]2CCC[C@H]2C(=O)[O-]
dude_aldr__L004568,CCC[C@H](C)N(C)S(=O)(=O)c1cc(cc(c1F)C(=O)[O-])Br
dude_aldr__L004569,CN1CCc2c(s/c(=N\C(=O)N(C)CCOC)/[nH]2)C1
dude_aldr__L004570,CCOc1ccc(c(c1)OCC)/C=C\2/C(=NC(=S)N(C2=O)c3ccc(cc3)C)[O-]
dude_aldr__L004571,CCN1C(=C([C@@H](NC1=S)c2ccc(cc2)NC(=O)Nc3c(cccc3C)C)C(=O)OCC(C)C)C
dude_aldr__L004572,[H]/N=C\1/N=C(/C(=N/Nc2cc(ccc2C)S(=O)(=O)Nc3ccc(cc3C)C)/S1)c4ccccc4
dude_aldr__L004573,CCC(=O)N1CCc2ccc(cc2[C@H]1c3ccc(cc3)F)OCc4nc(cs4)C(=O)[O-]
dude_aldr__L004574,CC(C)(C)N([C@H](c1ccccc1O)C(=O)NC2CCCCC2)C(=O)c3c(cccc3O)O
dude_aldr__L004575,Cc1ccc(c(c1)F)NS(=O)(=O)c2cc(cc3c2CCC3)C(=O)[O-]
dude_aldr__L004576,CCS[C@@H](C(C)C)/C(=N/S(=O)(=O)c1ccc(s1)CCNC(=O)C)/[O-]
dude_aldr__L004577,CC(=O)Nc1ccc(cc1)N2C[C@@H](CCC2=O)C(=O)[O-]
dude_aldr__L004578,Cc1ccc(s1)[C@H]2[C@@H]3C(=NC(=NC3=O)SC(C)C)N=C4C2=C(CCC4)[O-]
dude_aldr__L004579,C[C@H](C1CC1)n2c(ccn2)NC(=O)[C@@H](C)n3c(nnc3[S-])c4cccs4
dude_aldr__L004580,CCC[C@@]1(CCN(C1)S(=O)(=O)c2cn(c(n2)C)C)C(=O)[O-]
dude_aldr__L004581,C/C(=C\c1ccco1)/C=N/n2c(nnc2[S-])c3ccc(cc3)Cl
dude_aldr__L004582,c1cc(ccc1C(=O)N2CCCC2)[N-]S(=O)(=O)c3ccc(s3)[N+](=O)[O-]
dude_aldr__L004583,c1cnccc1[C@H]2c3c([nH]c(=O)[nH]c3=O)NC4=C2C(=O)CCC4
dude_aldr__L004584,Cc1ccc(cc1Cl)N2C(=O)/C(=C/[C@@H]3C=CC=N3)/C(=O)N=C2[O-]
dude_aldr__L004585,C[C@H]1CCCCN1C(=O)N[C@@H]2CCCN(C2)S(=O)(=O)C
dude_aldr__L004586,COC(=O)C1=CN=N[C@@H]1S(=O)(=O)[N-]c2cccc(c2)SC
dude_aldr__L004587,Cc1cc(ccc1OC)C(=O)C2=C(C(=O)N([C@@H]2c3ccc(cc3)F)CCCOC)[O-]
dude_aldr__L004588,Cc1c(sc2c1c(nc(n2)/C(=C\c3ccc(cc3)OCC#C)/C#N)[O-])C
dude_aldr__L004589,CCCc1ccc(cc1)S(=O)(=O)[N-]/N=C\[C@@H]2C=NN=C2c3ccc(cc3)F
dude_aldr__L004590,OC(=O)Cc3nn(CCc2nc1cc(C(F)(F)F)ccc1s2)c(=O)c4ccccc34
dude_aldr__L004591,CCCCCOc1cccc(c1)[C@@H]2C(=C(C(=O)N2CCOC)[O-])C(=O)c3c(n4cccc(c4n3)C)C
dude_aldr__L004592,c1c(c[nH]c1C(=O)N2CCCC[C@@H]2C(=O)[O-])Cl
dude_aldr__L004593,CCCCN1[C@H](C(=C(C1=O)[O-])C(=O)c2cccc(c2)OCc3ccc(cc3)C)c4cccc(c4)[N+](=O)[O-]
dude_aldr__L004594,Cc1ccc(cc1N2CCCCC2=O)[N-]S(=O)(=O)c3cccc4c3nc(cc4)C
dude_aldr__L004595,c1cc(sc1)c2nnc(n2C[C@H]3CCOC3)[S-]
dude_aldr__L004596,CCN(CC(=C)C)S(=O)(=O)c1cc(sc1Br)C(=O)[O-]
dude_aldr__L004597,Cc1ccc(cc1)/C=C/C(=O)N2CC[C@](C2)(C)C(=O)[O-]
dude_aldr__L004598,C[C@@H]1CN(C[C@@H](O1)C)C(=O)Nc2nnc(s2)CC(C)C
dude_aldr__L004599,Cc1ccccc1N2C(=O)/C(=C\c3ccc(cc3)N4CCCC4)/C(=NC2=O)[O-]
dude_aldr__L004600,Cc1c(nc([nH]c1=O)N2CCCC[C@@H]2C(=O)[O-])C
dude_aldr__L004601,Cc1cccc(c1)SCCCC(=O)N2CCC[C@@H]2C(=O)[O-]
dude_aldr__L004602,Cc1cc(nc(n1)/N=C(\N)/N2CCCC[C@@H]2C)C
dude_aldr__L004603,Cc1c(cc(cc1[N+](=O)[O-])C(=O)N2CCC[C@@H]2C(=O)[O-])[N+](=O)[O-]
dude_aldr__L004604,C[C@@H]1CCC[C@@H]([C@@H]1C)NS(=O)(=O)c2cc(sc2Br)C(=O)[O-]
dude_aldr__L004605,c1cc2cccnc2c(c1)n3c(c4c(ccs4)nc3=S)[O-]
dude_aldr__L004606,c1ccc(c(c1)C(=O)N2CCC[C@@H](C2)O)[N-]S(=O)(=O)c3ccc(cc3)C#N
dude_aldr__L004607,C[C@@H](c1cccc(c1)Cl)NC(=O)[C@H](C)n2c(nnc2[S-])c3cccs3
dude_aldr__L004608,CCCc1nnc(n1/N=C/c2ccc(c(c2)OC)OCc3c(cccc3Cl)Cl)[S-]
dude_aldr__L004609,Cc1c2c([nH]n1)NC3=C([C@H]2c4ccsc4)C(=O)OC3
dude_aldr__L004610,Cc1c2cc(cnc2[nH]n1)C(=O)N3CCC(CC3)C(=O)NC
dude_aldr__L004611,CCCCSC1=NC(=O)[C@@H]2[C@H](/C(=C(\[O-])/OC)/C(=NC2=N1)C)c3cccc(c3)C
dude_aldr__L004612,CCN([C@@H](C)CC(=O)[O-])C(=O)N(C)C1CCCC1
dude_aldr__L004613,CC(C)CC(=O)N1CCc2ccc(cc2[C@@H]1c3cccc(c3)F)OCc4ccc(o4)C(=O)[O-]
dude_aldr__L004614,Cc1cc(nc([nH+]1)C)N2CCC(CC2)NC(=O)C3CC3
dude_aldr__L004615,Cc1cccc(c1)c2nnc(n2CC(=O)Oc3cc(ccc3Cl)Cl)[S-]
dude_aldr__L004616,Cc1ccccc1c4noc(Cn3nc(CC(O)=O)c2ccccc2c3=O)n4
dude_aldr__L004617,CS(=O)(=O)c1[n-]c(nn1)/N=N/C2=N[C@@H](N=N2)S(=O)(=O)C
dude_aldr__L004618,Cc1ccccc1N2C(=O)/C(=C\c3cn(c4c3cccc4)C)/C(=NC2=S)[O-]
dude_aldr__L004619,Cc1cc(cc(c1)N2C(=O)/C(=C\C=C\c3ccco3)/C(=NC2=O)[O-])C
dude_aldr__L004620,c1cc(ccc1/C=C/C2=NC(=O)C3=C4CCCCC[C@H]4SC3=N2)C(=O)[O-]
dude_aldr__L004621,c1cc(cnc1)/C=N/c2ccc(cc2)S(=O)(=O)[N-]c3nccs3
dude_aldr__L004622,C[C@@](c1ccccc1Cl)(C(=O)[O-])Sc2ccc(cc2)O
dude_aldr__L004623,Cc1ccc(c(c1)Cl)[N-]S(=O)(=O)c2ccc(s2)C3=NN=C(C3)C(F)(F)F
dude_aldr__L004624,c1ccnc(c1)C[N-]S(=O)(=O)c2cc(cnc2Cl)Br
dude_aldr__L004625,Cc1ccc(cc1)S(=O)(=O)[N-]c2nc(c(c(n2)OC)Cl)C
dude_aldr__L004626,Cc1ccc(c(c1)Br)OCc2nnc(n2CC=C)SCC(=O)[O-]
dude_aldr__L004627,C1C[C@H](C(=O)NC1)N2C[C@@H](CC2=O)C(=O)[O-]
dude_aldr__L004628,Cc1cc2c(c(c1)OCc3[n-]nnn3)[C@H]([C@@H](C(=O)O2)CC(=O)OC)C
dude_aldr__L004629,Cc1ccc(c(c1)Oc2ccc(cc2)/C(=N/O)/N)C(C)C
dude_aldr__L004630,Cc1ccc(cc1)N2CC[C@H](C2=O)/C(=N/n3cnc4c3cccc4)/[O-]
dude_aldr__L004631,C[C@@H]1CN(CCO1)CN2C(=O)C3(CCC(CC3)C(C)(C)C)NC2=O
dude_aldr__L004632,C1[C@@H]2C=C[C@H]1[C@@H]3[C@H]2C(=O)N(C3=O)NC(=O)C45CC6CC(C4)CC(C6)C5
dude_aldr__L004633,c1ccc2c(c1)CC[C@H]2NC(=O)N3CCC[C@H](C3)C(=O)Nc4nccs4
dude_aldr__L004634,c1ccc(cc1)[C@H](C(=O)[O-])Sc2c(c(cc(n2)c3cccs3)c4cccs4)C#N
dude_aldr__L004635,c1csc2c1[C@@H](CCC2)NC(=O)/C=C/C(=O)[O-]
dude_aldr__L004636,c1cc(ccc1[C@@H]2C(=C(C(=O)N2CCCn3ccnc3)[O-])C(=O)c4ccc(cc4)Br)[N+](=O)[O-]
dude_aldr__L004637,C[C@@]1(CCS(=O)(=O)C1)n2c(c(c(n2)C(C)(C)C)C(=O)[O-])Cl
dude_aldr__L004638,c1c(c(cc2c1OCO2)NC(=O)C3CCOCC3)N
dude_aldr__L004639,CC(C)Cc1c(c(no1)C(=O)[O-])Br
dude_aldr__L004640,C[C@H]1CCc2c(cnc3n2ncc3C(=O)N[C@H]4CCC[C@@H]([C@@H]4C)C)C1
dude_aldr__L004641,CC[C@H](C)N(CC(=O)[O-])C(=O)N1CCOCC1
dude_aldr__L004642,CCCCCOc1ccc(cc1)[C@@H]2C(=C(C(=O)N2CCOC)[O-])C(=O)c3ccc4c(c3)C[C@H](O4)C
dude_aldr__L004643,c1ccc2c(c1)C[C@H](N(C2)C(=O)/C=C/c3c(nc4n3cccc4)Cl)C(=O)N
dude_aldr__L004644,Cc1cc(c2c3c1[C@@H]4C=CC[C@H]4CN3[C@@H]([C@@H]5[C@@H]2C=CC5)C(=O)[O-])C
dude_aldr__L004645,CS(=O)(=O)[N-]c1cccc(c1)C(=O)N2CCn3cccc3[C@@H]2c4ccccc4
dude_aldr__L004646,c1cnc(cn1)N2CCCC[C@@H]2C(=O)[O-]
dude_aldr__L004647,CCc1cc(cc2c1NC(=O)[C@H]2CC)c3c(sc(n3)N)C
dude_aldr__L004648,Cc1cc(on1)Cn2c(nnc2[S-])c3cccs3
dude_aldr__L004649,COc1ccc(cc1Br)/C=N/n2c(cnnc2=S)[O-]
dude_aldr__L004650,c1ccc2c(c1)[nH]c(n2)CNC(=O)C3CCN(CC3)C(=O)Nc4cccs4
dude_aldr__L004651,Cc1cc(ccc1[N+](=O)[O-])N2C[C@H](C[C@@H]2C(=O)[O-])OC
dude_aldr__L004652,Nc3cc(n2ccc(C(=O)c1ccccc1)c2)cc(F)c3O
dude_aldr__L004653,c1cc(cc(c1)SC(F)F)[N-]S(=O)(=O)c2ccc(cc2)[N+](=O)[O-]
dude_aldr__L004654,CSC1=C[C@@H]2C[C@H]3CO[P@@](=O)(N[NH+]3C[C@@H]2C=C1Cl)[O-]
dude_aldr__L004655,Cc1c(sc2c1c(nc(n2)COc3cccc(c3)N)N)C
dude_aldr__L004656,C[C@H]1C[C@@H]1c2ccc(o2)CN(C)C(=O)/C=C/C(=O)[O-]
dude_aldr__L004657,Cc1ccc(c(c1)C)NS(=O)(=O)c2ccc3c(c2)[C@H]4C=CC[C@H]4[C@@H](N3)c5cc(ccc5O)[N+](=O)[O-]
dude_aldr__L004658,CCc1ccc(cc1)[C@H]2/C(=C(\C(=O)OC)/[O-])/C(=NC(=S)N2)c3cccs3
dude_aldr__L004659,c1cc(cc(c1)Br)[C@@H]2CC(=Nc3n2ncn3)C(=O)[O-]
dude_aldr__L004660,CNc1ccc(cc1C(=O)N2C[C@H]3CC[C@@H]2C3)[N+](=O)[O-]
dude_aldr__L004661,CCn1c2ccccc2nc1SCC(=O)N3Cc4ccccc4C[C@@H]3C(=O)[O-]
dude_aldr__L004662,CCN(C[C@H](C)C(=O)[O-])C(=O)N(C)Cc1cc(cs1)Br
dude_aldr__L004663,c1nnc(n1C[C@H]2CCS(=O)(=O)C2)[S-]
dude_aldr__L004664,Cc1cc2cncc(c2nc1C(=O)[O-])Br
dude_aldr__L004665,c1ccc(cc1)Oc2ccc(cc2)[N-]S(=O)(=O)c3cc4n(c3)CCCNC4=O
dude_aldr__L004666,C[C@H](C(=O)Nc1ccc(c(c1)Cl)OC)Sc2nnc(n2N)c3ccc(cc3Cl)Cl
dude_aldr__L004667,c1ccc(c(c1)[N-]S(=O)(=O)c2c(nc3n2ccs3)N)Br
dude_aldr__L004668,CNC(=O)[C@H]1CCCN1S(=O)(=O)c2cc(sc2Br)C(=O)[O-]
dude_aldr__L004669,c1cnccc1[C@@H]2c3cc4c(cc3CCN2)OCO4
dude_aldr__L004670,COC1=C[C@H]2C[C@H]3CO[P@@](=O)(N[NH+]3C[C@@H]2CC1=O)[O-]
dude_aldr__L004671,CCc1nc2c(c3c(s2)C[C@H](CC3)C)c(=O)n1CCCC(=O)[O-]
dude_aldr__L004672,C1C[C@@H](N(C1)C(=O)N2CSC[C@@H]2C(=O)[O-])CO
dude_aldr__L004673,Cc1ccc(c(c1)S(=O)(=O)Oc2ccc(cc2)C(=O)NNC(=S)NC)C
dude_aldr__L004674,CC(C)[C@@H](/C(=N/S(=O)(=O)c1ccccc1)/[O-])SCc2ccccc2
dude_aldr__L004675,CCCCN1C(=C([C@@H](NC1=O)c2cccc(c2)NC(=O)Nc3cc(cc(c3)OC)OC)C(=O)OC)C
dude_aldr__L004676,Cc1ccc(cc1)/C=N/c2ccc(cc2)S(=O)(=O)/N=C(/C)\[O-]
dude_aldr__L004677,C[C@@H]1C[C@@H]([C@H]2[C@@]([C@@]1(C(=O)[O-])O)(CCCC2(C)C)C)OC(=O)C
dude_aldr__L004678,c1cc(cc(c1)OCC(=S)N)[N-]S(=O)(=O)C[C@@H]2CCCO2
dude_aldr__L004679,c1ccc(cc1)Oc2ccc(cc2[N-]S(=O)(=O)c3cc(c(nc3)Cl)Br)Cl
dude_aldr__L004680,C[C@H]1C[C@@H]1n2c(nnc2SCC(=O)[O-])C3CC3
dude_aldr__L004681,Cc1ccsc1CN(C)S(=O)(=O)c2ccc(s2)CC(=O)[O-]
dude_aldr__L004682,CS(=O)(=O)CCSc1[n-]c2cc(cnc2n1)Br
dude_aldr__L004683,C1C2(CNN1)COCN2
dude_aldr__L004684,Cc1c(cn(n1)C)c2cc(n3c(n2)cc(n3)C(=O)[O-])C(=O)OC
dude_aldr__L004685,CCN(CC)C(=O)N1CCN(CC1)C(=O)/C=C/C(=O)[O-]
dude_aldr__L004686,CC(C)OC/C(=N/S(=O)(=O)c1ccc(s1)Br)/[O-]
dude_aldr__L004687,CC(C)(C)NC(=O)c1cccc(c1)S(=O)(=O)[N-]c2ccccc2Cl
dude_aldr__L004688,COCCNC(=O)c1ccc(cc1Cl)[N-]S(=O)(=O)C2CCCCC2
dude_aldr__L004689,c1cc(cc(c1)O)/C=N/Nc2nc3c(ncnc3n2[C@@H]4[C@@H]([C@@H]([C@@H](O4)CO)O)O)N
dude_aldr__L004690,COCc1nc(cs1)/C(=N/S(=O)(=O)c2ccc3c(c2)CCCC3)/[O-]
dude_aldr__L004691,Cc1c(cccc1Cl)n2ccnc2SC/C(=N/S(=O)(=O)C)/[O-]
dude_aldr__L004692,Cc1ccc(s1)c2nc(sn2)NC(=O)[C@@H]3COCCO3
dude_aldr__L004693,Cc1cccc(c1)N2[C@@H](C(=C(C2=O)[O-])C(=O)/C=C/c3ccccc3)c4ccc(cc4)Cl
dude_aldr__L004694,CC1CCN(CC1)C(=O)Nc2ccc3c(c2)nnn3C
dude_aldr__L004695,CCc1c(c(nn1c2ccc(cc2)Cl)c3ccc(cc3)C#N)C(=O)[O-]
dude_aldr__L004696,CCCCSc1nnc(s1)/N=C(/C(=C/c2cc(ccc2OC)Br)/C#N)\[O-]
dude_aldr__L004697,Cc1c(cccc1NC[C@@H]2C[C@H]3C[C@@H]2C=C3)C(=O)[O-]
dude_aldr__L004698,CC[C@@H](c1ccc(cc1)Cl)NC(=O)C(=O)Nc2cccc3c2ccnc3
dude_aldr__L004699,CC1=C([C@@H](N2C(=CSC2=N1)/C=C(/N3CCCC3)\[O-])c4ccc(cc4)Cl)C(=O)OCC=C
dude_aldr__L004700,Cc1nnc(s1)[N-]S(=O)(=O)c2ccc3c(c2)CCCN3S(=O)(=O)C
dude_aldr__L004701,C[C@@]12CC[C@H]3c4ccc(cc4CC[C@@H]3[C@@H]1C[C@H](C25OCCO5)O)O
dude_aldr__L004702,C[C@]1(CC[C@@H](C1(C)C)C(=O)NNC(=O)[C@H]2C[C@@H]2c3ccccc3)C(=O)[O-]
dude_aldr__L004703,c1cc(ccc1c2cnc3c(n2)ncnc3[O-])I
dude_aldr__L004704,Cc1ccc(cc1C)n2c(cc(c2C)C(=O)CSc3c(c(cc(n3)C)C)C(=O)[O-])C
dude_aldr__L004705,Cc1cc(cc(c1)S(=O)(=O)N2CCC3(CC2)C(=[NH+]CCN3)NC4CCCC4)C
dude_aldr__L004706,CN(C1CCCC1)C(=O)N2CCC[C@@H]2C(=O)[O-]
dude_aldr__L004707,C1COCCC1c2[nH]c(nn2)[S-]
dude_aldr__L004708,c1cc(c(cc1/C=C/c2c(cc(cn2)[N+](=O)[O-])C(=O)[O-])Br)F
dude_aldr__L004709,CN(C)S(=O)(=O)/N=C(/c1cc(ccc1N2CCCC2)[N+](=O)[O-])\[O-]
dude_aldr__L004710,CCOc1ccc(cc1)[C@H]2[C@@H]3C(=NC(=NC3=O)SCc4ccccc4)N=C5C2=C(CCC5)[O-]
dude_aldr__L004711,COc1ccccc1n2c(nnc2[S-])c3cc(cnc3)Br
dude_aldr__L004712,c1cc2c(cc1S(=O)(=O)N)CCCN2S(=O)(=O)c3ccc(s3)Cl
dude_aldr__L004713,Cc1cc(ccc1Br)[N-]S(=O)(=O)c2cccnc2
dude_aldr__L004714,Cc1ccc2c(coc2c1C)CC(=O)Oc3ccc(cc3)[N-]S(=O)(=O)C
dude_aldr__L004715,CCO[P@](=O)(C)C(C(F)(F)F)(C(F)(F)F)[N-]S(=O)(=O)c1ccc(cc1)Cl
dude_aldr__L004716,c1cc(ccc1C(=O)N[C@@H](CCC(=O)[O-])C=O)NC[C@H]2CNc3c(c(=O)[nH]c(n3)N)N2C=O
dude_aldr__L004717,Cc1ccccc1CN(Cc2cccnc2)C(=O)c3cc(c4ccccc4n3)[O-]
dude_aldr__L004718,Cc1cc(c(s1)C)[C@H](C)Nc2ccc(c(c2)C(=O)[O-])Cl
dude_aldr__L004719,CC[C@@H](C)NC(=O)c1nc2c3c4c(sc3nc(n2n1)C)COC(C4)(C)C
dude_aldr__L004720,CCCc1cc(nc(n1)SCC(=O)N(C)[C@@H]2CCS(=O)(=O)C2)[O-]
dude_aldr__L004721,c1cc2cnccc2c(c1)Nc3nnc(s3)[S-]
dude_aldr__L004722,C[C@@H]1CCCN(C1)C(=O)/C(=C(/C)\C(=O)[O-])/C
dude_aldr__L004723,Cc1cc(ccc1NC(=O)N2CC[NH+](CC2)CC3CC3)C(=O)NCC(C)C
dude_aldr__L004724,Cc1c(c(no1)c2ccccc2)C(=O)N3CCc4c3ccc(c4)C(=O)[O-]
dude_aldr__L004725,C[C@H](C1CC1)n2c3c(cn2)[nH]c(n3)c4cnn(c4)c5ccc(cc5)F
dude_aldr__L004726,Cc1cc(no1)[N-]S(=O)(=O)c2ccc(cc2)/N=C/c3ccccc3Cl
dude_aldr__L004727,OC(=O)Cn4cc(Cc2nc1c(F)c(F)cc(F)c1s2)c5cc(N3CCOCC3)ccc45
dude_aldr__L004728,c1cc(oc1/C=C/C(=O)N[C@]2(CCSC2)C(=O)[O-])Br
dude_aldr__L004729,CC(C)(CC(=O)Nc1c(c2c(s1)CCCCCC2)C#N)CC(=O)[O-]
dude_aldr__L004730,CCS(=O)(=O)N(C)C(=O)CS(=O)(=O)[N-]c1ccc(cc1)OC(C)C
dude_aldr__L004731,C=CCN1[C@H](C(=C(C1=O)[O-])C(=O)c2cccc(c2)OCc3ccccc3Cl)c4cccc(c4)[N+](=O)[O-]
dude_aldr__L004732,C[C@H]1CCCC[C@@]1(C(=O)[O-])Sc2ccc(cc2)S(=O)(=O)C
dude_aldr__L004733,c1cc(cc(c1)Cl)c2ccc(o2)/C=C(\C#N)/C(=N/c3nnc(s3)SCc4ccc(cc4)F)/[O-]
dude_aldr__L004734,Cc1csc(n1)S[C@@H]2C[C@@H](CC[C@@H]2C(=O)[O-])C(C)(C)C
dude_aldr__L004735,C1COCCC1S(=O)(=O)/N=C(/CN2CCSC2=O)\[O-]
dude_aldr__L004736,C=CCN(Cc1ccc(s1)Br)S(=O)(=O)c2ccc(s2)CC(=O)[O-]
dude_aldr__L004737,CC[C@]1(Cc2c(sc3c2c(nc(n3)SCC(=O)c4ccc(cc4)Br)[O-])CO1)C
dude_aldr__L004738,c1cc(ccc1c2c3c(nc(c2C#N)[S-])CCC3)O
dude_aldr__L004739,CC(=O)/C(=C/n1c2cc(ccc2nc1[S-])[N+](=O)[O-])/C(=O)Nc3ccc(cc3)[N+](=O)[O-]
dude_aldr__L004740,CC(C)CCSC/C(=N/S(=O)(=O)c1cn(c(=O)n(c1=O)C)C)/[O-]
dude_aldr__L004741,c1cc(ccc1c2[n-]nnn2)C(=O)NC3CCC(CC3)O
dude_aldr__L004742,CSCC[C@@H](C(=O)[O-])NC(=O)Nc1cccc(c1)c2cc3ccccc3oc2=O
dude_aldr__L004743,Cc1c(c(n(n1)Cc2ccc(nc2)N)C)Br
dude_aldr__L004744,CCn1c2c(cn1)[nH]c(n2)c3cnn(c3)c4ccc(c(c4)C)C
dude_aldr__L004745,CC1(CC(=C(C(=O)C1)/C=N/c2cc(ccc2O)S(=O)(=O)N3CCCC3)[O-])C
dude_aldr__L004746,C[C@]1(CCCN(C1)S(=O)(=O)CC(=O)OC)C(=O)[O-]
dude_aldr__L004747,CC\1=NC(=O)[C@@](/C1=C(/[O-])\OC)(C(F)(F)F)NC(=O)c2cccnc2
dude_aldr__L004748,Cc1ccc(cc1)[N-]S(=O)(=O)c2c(sc(c2c3ccno3)C)C
dude_aldr__L004749,Cc1ccsc1[C@H](c2c(n3c(s2)nc(n3)C)[O-])N4C[C@H](O[C@H](C4)C)C
dude_aldr__L004750,c1csc(n1)CCNS(=O)(=O)c2cc(sc2Br)C(=O)[O-]
dude_aldr__L004751,CC(C)(C)OC(=O)N1CC[C@@](C1)(CCS(=O)(=O)C)C(=O)[O-]
dude_aldr__L004752,CC(C)(C)c1c(sc(n1)NC(=O)C(F)(F)F)C(=O)[O-]
dude_aldr__L004753,Cc1c(cccc1NC(=O)c2ccc(s2)Cl)C(=O)[O-]
dude_aldr__L004754,CC(=O)N1CCC[C@@H](C1)C(=O)N2CSC[C@H]2C(=O)[O-]
dude_aldr__L004755,CCCCOc1ccc(cc1)/C=C/2\C(=NC(=O)N(C2=O)c3ccc(c(c3C)C)Br)[O-]
dude_aldr__L004756,C[C@@H](C(=O)[O-])S(=O)(=O)Cc1ccc(s1)Br
dude_aldr__L004757,c1cc(ccc1c2cn[nH]c2[C@@H]3CCCN(C3)C(=O)c4c(c[nH]n4)Cl)F
dude_aldr__L004758,Cc1ccc(cc1)C\2=NC(=S)N[C@H](/C2=C(\C(=O)OC)/[O-])c3cccc(c3)C#N
dude_aldr__L004759,CCCS(=O)(=O)[N-]c1cccn2c1nc(n2)c3cccnc3
dude_aldr__L004760,CCN([C@H](C)CC(=O)[O-])C(=O)[C@H]1CCCN1S(=O)(=O)C
dude_aldr__L004761,Cc1c(c(n(n1)C)C)NC(=O)C2=NNC(=O)CC2
dude_aldr__L004762,Cc1cc(c2c(c1)N(CCC2)C(=O)c3ccc(c(c3)[N-]S(=O)(=O)C)F)C
dude_aldr__L004763,CCc1nc2c(cc(nc2n1Cc3ccc(cc3)N(CC)[C@H](c4cccc(c4)C)C(=O)[O-])C)C
dude_aldr__L004764,CSc1ccc(cc1)[C@H]2C(=C(C(=O)N2CC=C)[O-])C(=O)c3ccc4c(c3)OCCO4
dude_aldr__L004765,Cc1cc(cc(c1)N2C(=O)/C(=C/c3cc(n(c3C)C)C)/C(=NC2=O)[O-])C
dude_aldr__L004766,c1ccc(cc1)n2c(nnn2)Sc3ccc(nn3)C(=O)[O-]
dude_aldr__L004767,Cn1c2c(c(c(c(n2)N)C#N)[C@@H]3CCC=CC3)c(=O)n(c1=O)C
dude_aldr__L004768,CS(=O)(=O)N1CCC[C@H](C1)NC(=O)Nc2ccc(cc2)n3cnnn3
dude_aldr__L004769,COc1cc(cc(c1OCCCS(=O)(=O)C)Br)C(=O)[O-]
dude_aldr__L004770,CCOc1cc(ccc1[N-]S(=O)(=O)c2cccnc2Cl)C
dude_aldr__L004771,C1CN(Cc2c1[nH]nc2C34CC5CC(C3)CC(C5)C4)C(=O)[C@@H]6CCOC6
dude_aldr__L004772,Cc1cc(c(n1c2cccnc2)C)/C=C/3\C(=O)N=C(N(C3=O)c4cccc(c4)Br)[O-]
dude_aldr__L004773,c1cc(c(cc1/C=C/C(=O)[O-])Cl)S(=O)(=O)N2CCSCC2
dude_aldr__L004774,Cc1c(sc(n1)[N-]S(=O)(=O)c2cccc3c2nsn3)C(=O)OC
dude_aldr__L004775,CCCc1cc(nc(n1)SCC(=O)Nc2c(cc(cc2C)C)C)[O-]
dude_aldr__L004776,CC1=C(C[C@H]([C@H](C1)C(=O)N2CCC3(CC2)OCCO3)C(=O)[O-])C
dude_aldr__L004777,CN(C)c1ccc(cc1)c2nnc(o2)[S-]
dude_aldr__L004778,Cc1cccc(c1)[N-]S(=O)(=O)c2cc(ccc2Cl)C(=O)N(C)Cc3ccccc3OC
dude_aldr__L004779,Cc1cnc(s1)n2c(c(nn2)C(=O)Nc3cccc(c3)[N-]S(=O)(=O)C)C
dude_aldr__L004780,Cc1ccsc1[C@@H]2c3c(nn(c3N(C(=O)CS2)CC(=O)[O-])c4ccc(cc4)F)c5ccccc5
dude_aldr__L004781,Cc1c(sc(n1)N2[C@@H](C(=C(C2=O)[O-])C(=O)c3ccc(cc3)Cl)c4ccco4)C
dude_aldr__L004782,CCS(=O)(=O)[N-]c1ccc(c(c1)C)S(=O)(=O)N(CC(C)C)C2CC2
dude_aldr__L004783,CC1([C@@H](N(C(=O)N1CC(=O)NN)C2CCCCC2)N(C(=O)NC3CCCCC3)O)C
dude_aldr__L004784,Cc1cccc(c1)S[C@]2(CCSC2)C(=O)[O-]
dude_aldr__L004785,Cc1ccc(c(c1)C)c2cc(c([nH]2)C(C)C)C(=O)[O-]
dude_aldr__L004786,CCCc1nnc(n1CC(=O)N2CCCc3c2cccc3)[S-]
dude_aldr__L004787,C[C@@H]1COCCN1C(=O)N2CCCC[C@@H]2CC(=O)[O-]
dude_aldr__L004788,CCn1cc(cn1)CN2CCN(CC2)C(=O)c3ccn(n3)[C@@H](C)C(=O)[O-]
dude_aldr__L004789,Cc1ccc(cc1)S(=O)(=O)[N-]/N=C/c2cc(ccc2O)Br
dude_aldr__L004790,CC[C@]1(CCCN(C1)S(=O)(=O)CCS(=O)(=O)C)C(=O)[O-]
dude_aldr__L004791,Cc1ccc(cc1)N2[C@@H](NC(=O)C(=C2[S-])C#N)c3ccc(o3)C
dude_aldr__L004792,c1ccc(cc1)Cn2c(cnc2SCC(=O)N3CCCC[C@H]3C(=O)[O-])c4ccc(cc4)Cl
dude_aldr__L004793,CC/C(=N/[N-]C1=NC(=O)C2=C3CC(OC[C@@H]3SC2=N1)(C)C)/C
dude_aldr__L004794,CC(C)N/C(=C(\C#N)/C(=O)c1cccc(c1)N2C(=O)[C@@H]3CC=CC[C@H]3C(=O)N2)/[O-]
dude_aldr__L004795,Cc1c(cc(o1)C(=O)[O-])S(=O)(=O)N2CCc3c(ccs3)C2
dude_aldr__L004796,CC(C)CN(C)S(=O)(=O)c1cc(c(cc1Cl)Cl)C(=O)[O-]
dude_aldr__L004797,Cc1csc(n1)c2cc(sc2)S(=O)(=O)[N-]c3cc(cc(c3)OC)OC
dude_aldr__L004798,C[C@H](c1[n-]nnn1)NC(=O)[C@@H]2CCCN(C2)S(=O)(=O)C
dude_aldr__L004799,CC(=O)N[C@@H](CC(=O)Nc1nc([n-]n1)C(F)(F)F)c2cccs2
dude_aldr__L004800,Cc1cnc(s1)[N-]S(=O)(=O)c2c(c(c(s2)C(=O)OC)C)C(=O)OC
dude_aldr__L004801,Cc1cc(c(cc1C)S(=O)(=O)[N-]C2=NC(=O)C3=NC=NC3=N2)C
dude_aldr__L004802,c1cc(ccc1/C=C/C(=O)N2CCC[C@H](C2)C(=O)[O-])Br
dude_aldr__L004803,COc1ccc(cc1)[C@H]2c3c(nc(s3)[S-])S[C@H]4[C@@H]2C(=O)N(C4=O)c5ccc(cc5)Cl
dude_aldr__L004804,CC(=O)N1CCN(CC1)c2ccc(cc2)N3C[C@H](CC3=O)C(=O)[O-]
dude_aldr__L004805,CNC(=O)[C@H]1CCCN1C(=O)N2CCCC[C@H]2C(=O)[O-]
dude_aldr__L004806,Cc1c(cc(n1C[C@@H]2CCCO2)c3csc(n3)c4ccc(cc4)C(C)(C)C)C(=O)[O-]
dude_aldr__L004807,c1ccc2c(c1)CN(CCN2)c3ccc4nnc(n4n3)C(F)(F)F
dude_aldr__L004808,C[C@H]1C=C2C(=C(C(=N2)/C(=N/c3c(cccc3F)F)/[O-])CN4CCCC4)S1
dude_aldr__L004809,Cc1ccc(cc1NS(=O)(=O)c2cc(c(s2)C(=O)[O-])C)C(=O)OC
dude_aldr__L004810,CCn1cc(cn1)S(=O)(=O)[N-]c2ncc(s2)Cc3ccc(c(c3)Cl)C
dude_aldr__L004811,Cc1cccc2c1c3c(c(=O)o2)[C@](C[C@]4(O3)C=C([C@@H](O4)O)CO)(C)C=C
dude_aldr__L004812,CC1=N[C@H]2C(=N1)[C@@H](C(=C(O2)N)C#N)c3ccc(cc3)O
dude_aldr__L004813,Cc1ccc(cc1F)[N-]S(=O)(=O)C2=C(S[C@@H](C2)[C@@H]3C(=C(N=N3)C)C)C
dude_aldr__L004814,c1cc2c(cc1C(=O)/C(=N/c3nncs3)/[O-])CCC2
dude_aldr__L004815,CC(C)(C(=O)[O-])N(C)C(=O)c1cc2c(s1)CCCCCC2
dude_aldr__L004816,CCc1ccc(cc1S(=O)(=O)N)NC(=O)[C@H]2CS[C@]3(N2C(=O)CC3)C
dude_aldr__L004817,CC[C@]1(CCN(C1)C(=O)N2CCCCCCC2)C(=O)[O-]
dude_aldr__L004818,Cc1c(c(on1)C)S(=O)(=O)[N-]c2cc(ccc2Cl)N3CCCCC3
dude_aldr__L004819,C[C@@H]1[C@H](ON=C1C(=O)[O-])c2c(c(c3c(c2Br)OCO3)OC)OC
dude_aldr__L004820,c1ccc(c(c1)N2C(=O)/C(=C/c3cc(c(c(c3)Br)OCC#N)Cl)/C(=NC2=S)[O-])F
dude_aldr__L004821,c1ccc2c(c1)[C@@](CCS2)(C(=O)[O-])Sc3nccs3
dude_aldr__L004822,OC(=O)Cn4nc3n(Cc1ccccc1)c2ccccc2n3c(=O)c4=O
dude_aldr__L004823,Cc1nc([nH]n1)S/C(=C/c2ccc(cc2)Cl)/C(=O)[O-]
dude_aldr__L004824,Cc1nc2c(c3c(s2)CCCC3)c(n1)Sc4c(cccn4)C(=O)[O-]
dude_aldr__L004825,CS(=O)(=O)/N=c\1/[nH]c(cs1)C(=O)N2CCC[C@H]2C(=O)[O-]
dude_aldr__L004826,CC(C)(C)c1cc(nn1c2cc(cc(c2)Cl)Cl)C(=O)[O-]
dude_aldr__L004827,CC(=O)Nc1c(c(cs1)C(C)(C)C)C(=O)[O-]
dude_aldr__L004828,c1ccc(cc1)/C=C/CSc2c(cccn2)C(=O)N3CCC(CC3)C(=O)[O-]
dude_aldr__L004829,CC[C@@H](C(=O)[O-])N(C)C(=O)N1CCC[C@H]2[C@@H]1CCCC2
dude_aldr__L004830,c1cc(c(nc1)Sc2cc(c(cc2[N+](=O)[O-])C(F)(F)F)Cl)C(=O)[O-]
dude_aldr__L004831,CC1=C(C(C[C@@H]([C@H]1O[C@H]2[C@@H]([C@H]([C@@H]([C@H](O2)CO)O)O)O)O)(C)C)CCC(=O)C
dude_aldr__L004832,CC(=O)c1cccc(c1)S(=O)(=O)[N-]c2ccc(cc2Cl)NC(=O)C
dude_aldr__L004833,c1cc(cc(c1)SC(F)F)/N=C(/C2=CC=CN3C2=NS(=O)(=O)CC3)\[O-]
dude_aldr__L004834,c1cn(nc1C(F)(F)F)[C@@H]2CCCC[C@H]2C(=O)[O-]
dude_aldr__L004835,CC(=O)c1cccc(c1)S(=O)(=O)[N-]c2ccnc(c2)Sc3ccccn3
dude_aldr__L004836,Cn1cc(cn1)S(=O)(=O)/N=C(/[C@H]2CCCC[C@H]2C(F)(F)F)\[O-]
dude_aldr__L004837,C[C@@H](C(=O)Nc1cccc(c1O)C(=O)OC)Sc2ccc(cc2)NC(=O)C
dude_aldr__L004838,Cn1cc(cn1)C(=O)N2CCCc3c2ccc(c3)N
dude_aldr__L004839,Cc1ccc(s1)c2nc([nH]n2)/N=C(/c3cc(n(n3)C(C)(C)C)C4CC4)\[O-]
dude_aldr__L004840,CC(=O)Nc1ccc(cc1Cl)NC(=O)c2ccc(cn2)Br
dude_aldr__L004841,CC(=O)OCC(=O)[C@]1(CC[C@@H]2[C@@]1(CC(=O)[C@H]3[C@H]2CC[C@H]4[C@@]3(CC[C@H](C4)O)C)C)O
dude_aldr__L004842,Cc1cc([nH]c(=O)c1CNC(=O)c2ccc3c(c2)C[C@H](OC3=O)c4ccccc4)C
dude_aldr__L004843,CC1(Cc2c(cc(n2c3ccc(cc3)C(=O)[O-])c4ccc(cc4)Br)C(=O)C1)C
dude_aldr__L004844,c1ccc(c(c1)C#N)S(=O)(=O)[N-]c2ccc(cc2)n3c(ccn3)C(F)(F)F
dude_aldr__L004845,C[C@@H]1CCC[C@@](C1)(C(=O)[O-])NC(=O)N2CCCC2(C)C
dude_aldr__L004846,COc1cc(cc(c1[O-])[N+](=O)[O-])/C=N/Nc2[nH]nc(n2)SCCOC=C
dude_aldr__L004847,Cc1ccc(s1)c2c(cn(n2)C3CCCC3)C(=O)[O-]
dude_aldr__L004848,Cc1ccc2c(c(cnc2n1)C(=O)N3CCC[C@@H](C3)C)[O-]
dude_aldr__L004849,CCn1c2ccc(cc2nc1SCC(=O)N3CCC(CC3)C(=O)[O-])S(=O)(=O)N(CC)CC
dude_aldr__L004850,c1cc(ccc1[C@H]2CC(=O)Nc3c2ncn3c4ccc(cc4)Cl)C(=O)[O-]
dude_aldr__L004851,CC1CCC(CC1)N2C[C@H](CC2=O)C(=O)N[C@H](C)c3ccc4c(c3)[nH]c(=O)[nH]4
dude_aldr__L004852,COC(=O)Nc1cccc(c1)[N-]S(=O)(=O)c2c(ccs2)Br
dude_aldr__L004853,Cc1c(c(nc(n1)C)SCC(=O)N2CCOCC2)C(=O)[O-]
dude_aldr__L004854,C[C@H](C(=O)N(C)Cc1cnn(c1)C)n2ccc(n2)C(=O)[O-]
dude_aldr__L004855,c1cc(c(cc1SC#N)Br)NC(=O)CC2(CCCCCC2)C(=O)[O-]
dude_aldr__L004856,CCO/C(=C\1/[C@H](C(=C(N=C1CS(=O)(=O)c2ccccc2)C)C#N)c3ccccc3)/[O-]
dude_aldr__L004857,C[C@@H]1CC[C@H]2[C@H](C1)CCCN2C(=O)c3cccc(c3)[N-]S(=O)(=O)C
dude_aldr__L004858,C[C@]12CSCC(=O)N1[C@H](CS2)C(=O)[O-]
dude_aldr__L004859,COc1ccc(c(c1)F)c2c3c(n(nc3nc(n2)NCCc4ccccc4)c5ccc(cc5)Cl)N
dude_aldr__L004860,Cc1ccc(cc1)c2ccsc2/C(=N/S(=O)(=O)N(C)C)/[O-]
dude_aldr__L004861,CC1=CC(=O)N2[C@@H](N1)SC[C@@]2(c3ccc(cc3)[N+](=O)[O-])O
dude_aldr__L004862,c1ccc(cc1)[C@@H](c2cccs2)NC(=O)CSc3ccccc3C(=O)[O-]
dude_aldr__L004863,c1ccc2c(c1)c3nc([n-]n3c(=S)n2)c4ccco4
dude_aldr__L004864,c1cc(oc1)c2c(n3c(n2)sc(n3)c4ccncc4)CO
dude_aldr__L004865,CC[C@H]1CO[C@@H](CN1[C@@H]2CCC[C@@H]2C(=O)[O-])C
dude_aldr__L004866,C[C@@H]1C[C@H](CN(C1)S(=O)(=O)c2cnc(nc2)NC)C
dude_aldr__L004867,Cc1c(c(nc(n1)SC)[O-])CCC(=O)N2CCSCC2
dude_aldr__L004868,Cc1c(nnc(c1C(=O)[O-])SCCOC)C
dude_aldr__L004869,c1ccc(cc1)[C@@H]2C(=C(C(=O)N2CCCn3ccnc3)[O-])C(=O)c4cccs4
dude_aldr__L004870,c1cc2c(cc1C(=O)NC/C(=N/c3[nH]nc(n3)c4ccoc4)/[O-])CCC2
dude_aldr__L004871,C/C(=N\NC(=O)c1c(c(c(c(n1)Cl)Cl)N)Cl)/c2ccc(cc2)O
dude_aldr__L004872,Cc1c2c(n(n1)c3ncccn3)NC(=O)C[C@@H]2c4ccc(cc4)C(=O)[O-]
dude_aldr__L004873,Cc1c(c(n(n1)c2ccc(cc2)F)Cl)/C=C\C(=C(/C#N)\C(=O)NC(C)C)\[O-]
dude_aldr__L004874,c1c(c(n[nH]1)N)S(=O)(=O)N2CCC[C@@H]3[C@@H]2CCCC3
dude_aldr__L004875,Cc1ccc(o1)C(=O)NC2CCN(CC2)C(=O)Cc3c(nc(s3)[S-])C
dude_aldr__L004876,CC1(CO[P@](=O)(O[C@H]1c2ccccc2Cl)[O-])C
dude_aldr__L004877,c1ccc(c(c1)c2nnc(n2/N=C/c3cccnc3)[S-])Br
dude_aldr__L004878,CC1=C([C@@H](/C(=C(\[O-])/OC)/C(=N1)C)c2ccc(cc2)C=O)C(=O)OC
dude_aldr__L004879,C[C@@H](C(=O)N(C)C)n1c(nnc1[S-])c2cccnc2
dude_aldr__L004880,CC(C)Oc1ccc(cc1[N-]S(=O)(=O)c2ccc(s2)Cl)C#N
dude_aldr__L004881,CC(C)c1cc(on1)[N-]S(=O)(=O)c2c(cc(cc2Br)F)F
dude_aldr__L004882,COc1ccc(cc1)[N-]S(=O)(=O)c2c(nc3n2ccs3)Cl
dude_aldr__L004883,Cc1cc(c(c(=O)o1)C2=NCCS[C@@H](C2)c3ccc(cc3)Cl)[O-]
dude_aldr__L004884,OC(=O)Cc2nn(Cc1ccc(Br)cc1F)c(=O)c3ncccc23
dude_aldr__L004885,Cc1cccc(c1[N-]S(=O)(=O)c2ccc(c(c2)C(F)(F)F)Cl)C(=O)OC
dude_aldr__L004886,CC1CCN(CC1)c2nc3c(c(n2)C(=O)[O-])CCC3
dude_aldr__L004887,CC(C)n1c2c(cc(cn2)[N-]S(=O)(=O)c3cccc4c3nsn4)cn1
dude_aldr__L004888,CNC(=O)Cc1ccc(cc1)[N-]S(=O)(=O)c2cccc3c2nccc3
dude_aldr__L004889,CC(C)c1ccc(cc1)/C=C(/c2ccc(s2)S(=O)(=O)N3CCCCC3)\C(=O)[O-]
dude_aldr__L004890,c1nc(c2c3c(sc2n1)CCCC3)N4CCC[C@H](C4)C(=O)[O-]
dude_aldr__L004891,Cc1c(sc2c1c(nc(n2)C)N3CCCCCC3)C
dude_aldr__L004892,Cc1ccc(c(n1)O[C@H]2CCC[C@@H](C2)C)C(=O)[O-]
dude_aldr__L004893,Cc1ccc(cc1)n2c(nnc2[S-])Cn3c(nc4c3cccc4)C
dude_aldr__L004894,CCCn1c(ccn1)c2nnc(s2)[S-]
dude_aldr__L004895,Cc1c(c(=O)[nH]c(n1)S[C@@H](C)C(=O)Nc2ccc(cc2OC)[N+](=O)[O-])CCC(=O)[O-]
dude_aldr__L004896,c1ccc2c(c1)[C@H](CCS2(=O)=O)NC(=O)NNC(=O)CCC3CCCCC3
dude_aldr__L004897,Cc1cc(c(cc1C(=O)N2CCC[C@H]2c3cccc(c3)OC)S(=O)(=O)N)C
dude_aldr__L004898,c1cc(c(cc1NC(=O)N2CCC3(CC2)OCCO3)C(F)(F)F)F
dude_aldr__L004899,CNC(=O)c1cccc(c1)NC(=O)NC[C@]2(CCSC2)N3CCOCC3
dude_aldr__L004900,CCCN1CCN(CC1)S(=O)(=O)CCC(=O)[O-]
dude_aldr__L004901,CC(C)Oc1ccccc1[N-]S(=O)(=O)c2ccccc2C#N
dude_aldr__L004902,C/C(=C(/C(=O)C)\Sc1nc2c(c3c(s2)CCCC3)c(=O)n1CC=C)/[O-]
dude_aldr__L004903,c1c(cc(cc1[N+](=O)[O-])[N+](=O)[O-])C(=O)N2[C@H]3CCCC[C@H]3C[C@H]2C(=O)[O-]
dude_aldr__L004904,C[C@@H](CC#N)Sc1ccccc1[N-]S(=O)(=O)c2ccsc2C(=O)OC
dude_aldr__L004905,c1cc(c(c(c1)F)F)[N-]S(=O)(=O)c2c(nc3n2ccs3)Cl
dude_aldr__L004906,Cc1cc(c(cc1S(=O)(=O)[N-]c2cnc(nc2)C(C)(C)C)C)OC
dude_aldr__L004907,Cc1cc(c(s1)C)S(=O)(=O)/N=C(/c2cc(cnc2)Br)\[O-]
dude_aldr__L004908,CC(C)c1c(c(=O)n(n1C)[C@@H]2CCS(=O)(=O)C2)N
dude_aldr__L004909,Cc1c(cccc1Cl)OCc2ccc(o2)/C=N/n3cnnc3[S-]
dude_aldr__L004910,Cc1ccc(cc1)S(=O)(=O)[N-]/N=C/2\[C@@H]3CC[C@](C2=O)(C3(C)C)C
dude_aldr__L004911,c1cc(oc1C(=O)NCC(=O)N2CCCC[C@H]2C(=O)[O-])Br
dude_aldr__L004912,CC(=O)c1cccc(c1)S(=O)(=O)[N-]c2ccccc2C(=O)NC(C)(C)C
dude_aldr__L004913,C[C@H](c1ccccc1Cl)Nc2cncc3n2nnn3
dude_aldr__L004914,Cc1cc(c(c(=O)o1)C(=O)/C=C/c2csc(n2)c3ccco3)[O-]
dude_aldr__L004915,CCC1CCN(CC1)C(=O)N2C[C@@H](C[C@H]2C(=O)[O-])OC
dude_aldr__L004916,c1cc(ccc1[C@H](CNC(=O)NCCCc2nnc3n2CCCCC3)O)Cl
dude_aldr__L004917,c1ccc2c(c1)c(c[nH]2)/C=N/c3ccc(cc3)S(=O)(=O)[N-]c4nccs4
dude_aldr__L004918,C[C@@H]1c2ccsc2CCN1C(=O)Nc3c(ccs3)C(=O)[O-]
dude_aldr__L004919,COCCc1[nH]c(=O)c2c3c(sc2n1)CC[C@@H]3C(=O)[O-]
dude_aldr__L004920,CN1[C@H]2C(=NC(=N2)N3CCC(CC3)C(=O)[O-])C(=O)N(C1=O)C
dude_aldr__L004921,c1cc(cc(c1)[N+](=O)[O-])n2cccc2/C=C/3\C(=NC(=S)S3)[O-]
dude_aldr__L004922,CCc1ccc(cc1)NC(=O)N[C@@H](Cc2ccccc2)C(=O)Nc3nnc(s3)c4ccc5c(c4)OCO5
dude_aldr__L004923,c1cc(oc1)CCc2[nH]c(nn2)[S-]
dude_aldr__L004924,COc1cccc(c1)[N-]C2=NS(=O)(=O)C=C(O2)c3ccccc3
dude_aldr__L004925,Cc1c(ccc2c1N[C@@H]([C@@H]3[C@H]2C=CC3)c4ccccc4F)C(=O)[O-]
dude_aldr__L004926,CC(=O)N1CCN(CC1)C(=O)C2(CCC2)C(=O)[O-]
dude_aldr__L004927,c1c(c(cc(c1F)F)N)C(=O)N2CCC[C@@H]3[C@H]2CCCC3
dude_aldr__L004928,Cc1ccc(s1)S(=O)(=O)[N-]c2ccc3c(c2)n(c(=O)n3C)C
dude_aldr__L004929,c1cc(c(cc1SCC(=O)N2CC[C@@H](C2)C(=O)[O-])F)F
dude_aldr__L004930,C1C[C@H](OC1)CS(=O)(=O)N2CCO[C@@H](C2)C(=O)[O-]
dude_aldr__L004931,Cc1ccc(cc1C)N/C(=N/C(=O)c2ccc(c(c2)Cl)F)/[N-]Cc3ccncc3
dude_aldr__L004932,c1c(c2c(s1)CCCC2)C(=O)N3C[C@@H](C[C@@H]3C(=O)[O-])O
dude_aldr__L004933,c1cc2c3c(c1)[C@]4(C(=C(OC5=C4C(=O)CCC5)N)C#N)C(=O)N3CCC2
dude_aldr__L004934,CN(C)c1ccc(cc1)[C@@H]2C(=C(C(=O)N2)[O-])C(=O)c3ccc(cc3)OCC=C
dude_aldr__L004935,C[C@@](c1cccs1)([C@@H](c2ccccc2)C(=O)[O-])O
dude_aldr__L004936,C[C@@H](C(=O)[O-])S(=O)(=O)N(C1CCCCC1)C2CCCCC2
dude_aldr__L004937,CCOc1c(cc(cc1Br)Cl)[N-]S(=O)(=O)CCCCl
dude_aldr__L004938,c1cc(cc(c1)S(=O)(=O)[N-]c2ccc(c(c2)Cl)N3CCCC3=O)OC(F)(F)F
dude_aldr__L004939,c1cc(c(cc1C(=O)N2CCC[C@H](C2)C(F)(F)F)[O-])[N+](=O)[O-]
dude_aldr__L004940,c1cc(sc1)c2cc(nc(n2)N3CCC[C@H](C3)C(=O)[O-])C(F)(F)F
dude_aldr__L004941,CC(C)S(=O)(=O)/N=C(/c1cc2cccc(c2o1)Br)\[O-]
dude_aldr__L004942,C[C@@H]1CCC[C@@H](C1)Sc2cc(c(cc2F)[N+](=O)[O-])C(=O)[O-]
dude_aldr__L004943,Cc1cccc(c1)[C@@H]2c3cc(ccc3CCN2C(=O)c4ccccc4)O[C@H](C)C(=O)[O-]
dude_aldr__L004944,Cc1csc(n1)Sc2c(cccn2)C(=O)[O-]
dude_aldr__L004945,C1CC[C@H]2[C@H](C1)N(CCO2)C(=O)N3CCO[C@@H](C3)C(=O)[O-]
dude_aldr__L004946,Cc1cc(ccc1Cl)[N-]S(=O)(=O)c2cc3n(c2)CCCNC3=O
dude_aldr__L004947,c1ccc(cc1)n2cc(c(n2)C(=O)NNC(=O)CSc3ccc4c(c3)CCC4)O
dude_aldr__L004948,c1ccc2c(c1)CCCN2C(=O)CSc3[n-]c4cc(cnc4n3)Cl
dude_aldr__L004949,C[C@H]1CCC[C@H](C1)NC(=O)NC2(CCC(CC2)C)C(=O)[O-]
dude_aldr__L004950,C[C@@H](c1cccc(c1)[N-]S(=O)(=O)c2cnn(c2)C)O
dude_aldr__L004951,c1cc(sc1)S(=O)(=O)[N-]c2cc(ccc2Cl)N3CCCCC3
dude_aldr__L004952,c1ccc(cc1)c2cn3c(n2)c(c(n3c4ccccc4)[O-])C5=NCCCCC5
dude_aldr__L004953,CCn1cc(cn1)S(=O)(=O)[N-]c2cccc(c2)c3nnc4n3CCCCC4
dude_aldr__L004954,Cc1c(nc(o1)c2cccs2)C(=O)Nc3nncs3
dude_aldr__L004955,O=c4[nH]c(=O)c(=C/c3ccc(c2cc(=O)c1ccccc1o2)cc3)/s4
dude_aldr__L004956,Cc1c(cc(s1)C(=O)N2CCC[C@@H]3[C@H]2CCCC3)N
dude_aldr__L004957,c1[nH]c2c(n1)nc(nc2N3CCC(CC3)C(=O)[O-])Cl
dude_aldr__L004958,CCc1nnc(s1)/N=C(/C(=O)NCc2cc(sc2)Br)\[O-]
dude_aldr__L004959,COCc1cccc(c1)[N-]S(=O)(=O)c2c(cc(cc2F)F)F
dude_aldr__L004960,COc1ccc(cc1)[C@H]2C[C@H](n3c(nnn3)N2)c4ccc(cc4)F
dude_aldr__L004961,c1c(cc(c(c1F)S(=O)(=O)[N-]c2nnc(o2)C3CC3)Br)F
dude_aldr__L004962,CC(C)[C@@H]1C(=O)NCC(=O)NCC(=O)N[C@H](C(=O)NCC(=O)NCC(=O)N1)C(C)C
dude_aldr__L004963,C[C@@]1(CCS(=O)(=O)C1)NC(=O)[C@@H]2Cc3ccccc3CN2
dude_aldr__L004964,Cc1cc(on1)[N-]S(=O)(=O)c2ccc(c(c2)[N+](=O)[O-])O
dude_aldr__L004965,Cn1c(c2ccc(cc2nc1=S)C(=O)N(C)C3CCCC3)[O-]
dude_aldr__L004966,c1cc(ccc1C(=O)N2CCC[C@H]3[C@H]2CCCC3)N
dude_aldr__L004967,Cc1cc(c(c(c1C)SCc2cc(n3c(n2)c(cn3)C#N)[O-])C)C
dude_aldr__L004968,CN1CCCn2cc(cc2C1=O)S(=O)(=O)[N-]c3ccc4c(c3)OCCO4
dude_aldr__L004969,c1cc(cc(c1)F)CS/C(=N/C#N)/[N-]c2ccc(cc2)F
dude_aldr__L004970,Cc1cccc(c1)[C@@H]2C[C@H](CN(C2)C(=O)C3CCCC3)C(=O)[O-]
dude_aldr__L004971,Cc1c(cccc1N2CCCC2=O)[N-]S(=O)(=O)c3ccc(s3)[N+](=O)[O-]
dude_aldr__L004972,CC(=O)OC[C@]12CCC(=O)C=C1CC[C@H]3[C@@H]2CC[C@@]4([C@@H]3CC[C@@H]4C(=O)[O-])C
dude_aldr__L004973,C[C@H](Cc1c[nH]c2c1cc(cc2)Br)NC(=O)[C@@H]3CC(=O)OC3(C)C
dude_aldr__L004974,c1cc(sc1)c2nnc(n2CCC(=O)N3CCO[C@@H]4[C@@H]3CCCC4)[S-]
dude_aldr__L004975,Cc1ccc(o1)/C=N/NC(=O)c2c(cnn2C)Br
dude_aldr__L004976,Cc1cc(sc1C(=O)[O-])S(=O)(=O)NC2CCCCCC2
dude_aldr__L004977,CC[C@H](C(=O)[O-])N(C)C(=O)N(C)C[C@@H]1CCCCO1
dude_aldr__L004978,Cc1c(c(n(n1)C)C)NC2CCN(CC2)c3cc[nH+]cc3
dude_aldr__L004979,c1cc(c(cc1/C=C/C(=O)[O-])F)N2CCc3c(ccs3)C2
dude_aldr__L004980,c1cc(c(nc1)Sc2c3c(csc3ncn2)c4ccc(cc4)Cl)C(=O)[O-]
dude_aldr__L004981,Cc1cc(n(n1)CCC#N)[N-]S(=O)(=O)c2ccc(c(c2)C(F)(F)F)Cl
dude_aldr__L004982,Cc1ccccc1CC(=O)Nc2cc(C)c(S(=O)(=O)NCC(O)=O)c(C)c2
dude_aldr__L004983,C[C@@H]1CCc2c(sc3c2C(=O)N[C@@H](N3)c4ccco4)C1
dude_aldr__L004984,c1cc(ncc1Br)NC2CCC(CC2)O
dude_aldr__L004985,OC(=O)CN(C(=S)CCc2nc1c(F)c(F)cc(F)c1s2)c3ccccc3
dude_aldr__L004986,Cc1c(cco1)/C(=C(/C#N)\C(=O)c2csc(n2)c3ccc(s3)Cl)/[O-]
dude_aldr__L004987,Cc1ccc(cc1C)NC(=O)[C@@H]2CC(=O)N=C(S2)[N-]/N=C/c3ccco3
dude_aldr__L004988,CCc1nn2c(c(nc2s1)c3ccc4c(c3)OCO4)CO
dude_aldr__L004989,Cc1ccc(cc1)C(=O)N2CCC(CC2)NC(=O)NNC(=O)c3cccc(c3)C
dude_aldr__L004990,c1ccc(cc1)[C@@H]2CC(=O)Nc3c2c(nc4n3c5ccccc5n4)[O-]
dude_aldr__L004991,c1cc(c(cc1[C@@H](C(=O)[O-])O)c2ccncc2)C(F)(F)F
dude_aldr__L004992,CC(C)(C)NC(=O)c1c(cnc(n1)S(=O)(=O)C)Cl
dude_aldr__L004993,C[C@H](c1ccc(s1)Cl)NC(=O)[C@@H]2CC=CC[C@@H]2C(=O)[O-]
dude_aldr__L004994,c1cc(ccc1[C@@H]2[C@@H]3CSCC=C3C(=C(C2(C#N)C#N)N)C#N)F
dude_aldr__L004995,Cc1c(sc(n1)[N-]S(=O)(=O)c2ccc(cc2OC)[N+](=O)[O-])C(=O)OC
dude_aldr__L004996,C[C@H]1C[C@@H](C[NH+](C1)C[C@@H](C)NC(=O)Nc2ccc(cc2)c3csnn3)C
dude_aldr__L004997,c1cc(cc(c1)[N-]S(=O)(=O)c2ccc(c(c2)F)F)CS(=O)(=O)N
dude_aldr__L004998,CCOc1ccc(c(c1)[N-]S(=O)(=O)c2cc(cs2)c3nnc(o3)C(=O)N4CCCC4)OCC
dude_aldr__L004999,c1c(cc(cc1[N+](=O)[O-])[N+](=O)[O-])C(=O)N2CCC[C@@H](C2)C(=O)[O-]
dude_aldr__L005000,CC1=C/C(=N\[N-]C2=NC(=O)[C@@H](S2)CC(=O)Nc3ccccc3F)/CC(C1)(C)C
dude_aldr__L005001,COc1cc(c(c(c1OC)OC)NC(=O)c2ccc3c(c2)CCC3)C(=O)[O-]
dude_aldr__L005002,c1cc(sc1C[C@@]2(CCS(=O)(=O)C2)C(=O)[O-])Cl
dude_aldr__L005003,Cc1cc(cc(c1)NC(=O)C2=CN=N[C@H]2S(=O)(=O)[N-]c3cc(cc(c3)C)C)C
dude_aldr__L005004,C[C@@]12C[C@@H](CC(C1)(C)C)N(C2)C(=O)[C@@H]3C[C@@H]3C(=O)[O-]
dude_aldr__L005005,CC(C)[C@H](C(=O)[O-])Sc1ccccc1Cl
dude_aldr__L005006,c1csc(c1C(=O)[O-])NC(=O)N2CCC[C@@H]3[C@H]2CCCC3
dude_aldr__L005007,C[C@@H]1CCN(C1)c2c(cc(cc2F)/C=C/C(=O)[O-])F
dude_aldr__L005008,CCn1cc(cn1)c2cc(n3c(n2)c(cn3)c4ccc(cc4)C)[O-]
dude_aldr__L005009,c1ccc2c(c1)[nH]c(n2)[C@@H]3CCCN(C3)c4ncc(cn4)Br
dude_aldr__L005010,C[C@H](c1ccc(cc1)S(=O)(=O)N)NC(=O)c2cc3c(c(c2)Cl)OCO3
dude_aldr__L005011,CNC(=O)C1CCC(CC1)NS(=O)(=O)c2ccc(s2)Br
dude_aldr__L005012,c1cc(ccc1NC(=O)[C@H]2CCCO2)NC(=O)N3CCC[C@@H]3c4ccsc4
dude_aldr__L005013,COc1ccc(c(c1)S(=O)(=O)[N-]c2nc(cs2)c3ccc(c(c3)Cl)Cl)OC
dude_aldr__L005014,C[C@H](C(=O)N[C@H](CC(=O)[O-])c1ccc(cc1)F)Sc2ccc(cc2)Cl
dude_aldr__L005015,c1ccc(cc1)c2c(c([n-]n2)C(C(F)(F)F)(F)F)[N+](=O)[O-]
dude_aldr__L005016,c1cnccc1C(=O)N2CCc3c(ccs3)[C@@H]2C(=O)[O-]
dude_aldr__L005017,CC(C)C1CCC(CC1)(C(=O)[O-])n2ccccc2=O
dude_aldr__L005018,C1CC[C@H]2[C@H](C1)N(CCO2)c3nnc(s3)[S-]
dude_aldr__L005019,CC(=O)NC[C@H]1CCCN(C1)C(=O)Nc2ccc(cc2Cl)NC(=O)C
dude_aldr__L005020,c1ccc2c(c1)nnn2O[P@@](=O)(N3CCCCC3)OC[C@@H]4[C@@H](C[C@@H](O4)c5cc(c(=O)[nH]c5[O-])F)O
dude_aldr__L005021,Cc1cc(cc(c1)C(=O)N2[C@H]3CCCC[C@@H]3C[C@@H]2C(=O)[O-])C
dude_aldr__L005022,COc1ccc(cc1)c2nnc(n2/N=C\C=C\c3ccco3)[S-]
dude_aldr__L005023,c1cn(c(n1)SCC(=O)[O-])C[C@H]2CCCCO2
dude_aldr__L005024,CCCOCCC(=O)N1CCC[C@](C1)(C)C(=O)[O-]
dude_aldr__L005025,C[C@@H](COC)NC(=O)c1cccc(c1)S(=O)(=O)[N-]c2ccccc2Cl
dude_aldr__L005026,Cc1ccc(cc1)[S@@](=O)Cc2c(oc(n2)c3ccc(cc3)C(=O)[O-])C
dude_aldr__L005027,Cn1c(c-2nc(nc2n(c1=O)C)Sc3nc([nH]n3)N/N=C/c4cnn(c4)CC=C)[O-]
dude_aldr__L005028,c1ccc(c(c1)N2C[C@@H](C[C@@]23CC[C@@H](C3)Br)O)O
dude_aldr__L005029,c1cc2c(cc1/N=C/c3cc(cc(c3[O-])Cl)Cl)nc(o2)c4ccc(cc4F)F
dude_aldr__L005030,OC(=O)CN(CCc1ccccc1)C(=O)CCc3nc2c(F)c(F)cc(F)c2s3
dude_aldr__L005031,C1CCN([C@@H](C1)C(=O)[O-])C(=O)N[C@@H]2CCS(=O)(=O)C2
dude_aldr__L005032,CC(C)(C)OC(=O)N1CCC2(CC1)NC(=O)C3([N-]2)CCCCC3
dude_aldr__L005033,CC1CCN(CC1)c2nnc(n2C3CC3)SCC(=O)N4CCC(CC4)C(=O)[O-]
dude_aldr__L005034,COc1cccc(c1OC)/C=N/n2c(nnc2[S-])c3ccc(cc3)F
dude_aldr__L005035,C[C@@]12c3ccc4c(c3C(=O)c5c1c(co5)[C@@H](C[C@@H]2O)O)CCC4=O
dude_aldr__L005036,CCO[C@H]1C[C@H]1/C(=N/S(=O)(=O)c2ccc(c(c2)Br)OC)/[O-]
dude_aldr__L005037,CC1(CC(=O)C(=CNNc2c3cc(sc3ncn2)c4ccccc4)C(=O)C1)C
dude_aldr__L005038,C1CCN(CC1)C(=O)[C@H]2C3CCC([C@H]2C(=O)[O-])CC3
dude_aldr__L005039,C[C@@H]1CCC[C@H](N1S(=O)(=O)c2cnn(c2)CCC(=O)[O-])C
dude_aldr__L005040,Cc1ccc(cc1S(=O)(=O)[N-]c2ccc(cc2)C#N)c3c(noc3C)C
dude_aldr__L005041,c1ccc(c(c1)C#N)[N-]S(=O)(=O)c2cc3c4c(c2)CCC(=O)N4CCC3
dude_aldr__L005042,Cc1ccc(cc1N2CCN(CC2)c3nccs3)N
dude_aldr__L005043,c1ccc(c(c1)CS(=O)(=O)[N-]c2ccc(cc2Br)F)C#N
dude_aldr__L005044,Cc1c(c(n(n1)C)C)C(=O)N[C@@H]2c3ccccc3C[C@H]2O
dude_aldr__L005045,CCCOc1cccc(c1)[C@@H]2C(=C(C(=O)N2c3nnc(s3)SCC)[O-])C(=O)c4cc5ccccc5o4
dude_aldr__L005046,COC(=O)C1CCN(CC1)C(=O)c2ccc3c(c2)nc(=S)[nH]c3[O-]
dude_aldr__L005047,Cc1ccc(cc1)S(=O)(=O)/N=C(/N[C@@H]2CCCC[C@H]2C)\[O-]
dude_aldr__L005048,CCCOc1ccc(cc1OCC)C(=O)N2CCc3c2ccc(c3)C(=O)[O-]
dude_aldr__L005049,CCn1c(c2ccc(cc2nc1=S)C(=O)N3CCC[C@@H](C3)CNC(=O)C)[O-]
dude_aldr__L005050,OC(=O)Cc3nn(Cc2cc1ccccc1[nH]2)c(=O)c4ccccc34
dude_aldr__L005051,CCN(CC)C(=O)c1ccc2c(c1)nc(=S)n(c2[O-])C
dude_aldr__L005052,C[C@H]1CCC[C@@H](C1)S(=O)(=O)Cc2ccc(o2)C(=O)[O-]
dude_aldr__L005053,c1cnn(c1)c2ccc(cc2)S(=O)(=O)[N-]c3cc(ccc3F)F
dude_aldr__L005054,c1cc(ccc1Oc2ccc(cn2)NC(=O)[C@@H]3C[C@@H]3C(=O)[O-])F
dude_aldr__L005055,CCOCCn1c(nnc1[S-])c2cccnc2
dude_aldr__L005056,Cc1cc2c3c(c(ncn3)Cl)sc2nc1C
dude_aldr__L005057,CCn1cc(cn1)S(=O)(=O)[N-]c2c3c(nn2c4ccccc4)CCC3
dude_aldr__L005058,CCS(=O)(=O)[N-]c1ccc(c(c1)C)S(=O)(=O)N(CC=C)C2CCCC2
dude_aldr__L005059,C[C@H](c1cc(ccc1O)O)Nc2ccc(c(c2)C#N)Cl
dude_aldr__L005060,c1cc(sc1)[C@@H]2C[C@H](n3c(c(c(n3)C(=O)[O-])Cl)N2)C(F)(F)F
dude_aldr__L005061,C[C@H]1COCCN1C(=O)c2ccccc2[N-]S(=O)(=O)c3ccc(cc3)F
dude_aldr__L005062,CCc1ccc(cc1)[N-]S(=O)(=O)c2cccn3c2nnc3CC
dude_aldr__L005063,c1csc2c1[C@H](N(CC2)C(=O)N3CCC[C@H]3CO)C(=O)[O-]
dude_aldr__L005064,Cc1ccnc(n1)S[C@@]2(C[C@H](CC[C@@H]2C(C)C)C)C(=O)[O-]
dude_aldr__L005065,C=CCc1ccccc1Oc2ccc(cc2)[C@H]3[C@H](Oc4ccccc4O3)C(=O)[O-]
dude_aldr__L005066,CCC(CC)(CC(=O)N(CC)Cc1ccc(s1)Cl)C(=O)[O-]
dude_aldr__L005067,c1cc2c(cc1c3cc(nc(n3)[O-])C(F)(F)F)OCO2
dude_aldr__L005068,C[C@@H]1CCc2c(sc(c2C(=O)OC)NC(=O)[C@H]3[C@@H]4CC[C@@H](C4)[C@@H]3C(=O)[O-])C1
dude_aldr__L005069,c1c(c[nH]c1C(=O)[O-])C(=O)c2cc3c(s2)CCCCC3
dude_aldr__L005070,Cc1c(c(nc(n1)[C@H]2CCC[C@@H](C2)C)C)[C@@H](C)C(=O)[O-]
dude_aldr__L005071,Cc1c(cnc(n1)N2CCCCC2)[C@@H](C)O
dude_aldr__L005072,CC1=C(C[C@H]([C@@H](C1)C(=O)NC2CCCCCC2)C(=O)[O-])C
dude_aldr__L005073,Cc1c(c(n2c(n1)nc(n2)N)C)CC(=O)NC3CCN(CC3)c4ncccn4
dude_aldr__L005074,Cc1cc(c(cc1S(=O)(=O)[N-]c2c(cno2)c3ccccc3)C)OC
dude_aldr__L005075,Cc1cccc(c1)[C@@](C)(C(=O)[O-])Nc2ccccc2F
dude_aldr__L005076,Cc1ccc(cc1)[C@@H](C)N(C)/C(=N/c2nnc(s2)c3ccsc3)/[O-]
dude_aldr__L005077,Cc1c(cco1)C(=O)NC2CCN(CC2)C(=O)N[C@@H]3C[C@@H]3c4cccc(c4)F
dude_aldr__L005078,Cc1c(sc(n1)[S-])CC(=O)N2CCC(CC2)C(=O)N3CCN(CC3)C
dude_aldr__L005079,Cc1ccc(cc1[N-]S(=O)(=O)C)N[C@H](C)c2nc(no2)C(C)C
dude_aldr__L005080,C1CCO[C@H](C1)C(=O)N2CCC[C@@H](C2)C(=O)[O-]
dude_aldr__L005081,Cc1nc(cs1)COc2ccc(cc2)/C=C(\C#N)/C(=N/c3nccs3)/[O-]
dude_aldr__L005082,Cc1ccc(cc1)[C@H]2C(=C(C(=O)N2c3ccc(cc3)C(C)C)[O-])S(=O)(=O)c4ccc(cc4)C
dude_aldr__L005083,C[C@H]1CCC[C@@H](C1)O[C@@]2(CCCSC2)C(=O)[O-]
dude_aldr__L005084,CS(=O)(=O)[N-]c1ccccc1CNC(=O)CCCC(=O)c2ccc(cc2)F
dude_aldr__L005085,C[C@@H]1C(=C(C(=N1)C(=O)[C@H](C)Sc2[n-]ncn2)C)C(=O)OC
dude_aldr__L005086,CC(C)[C@H](C(=O)N/N=C/c1cc(c(c(c1)Br)O)Br)NC(=O)c2ccc(cc2)F
dude_aldr__L005087,CC(=O)CCn1c(nc(n1)[N+](=O)[O-])c2[n-]nc(n2)Br
dude_aldr__L005088,Cc1cc(c(c(=O)n1CCOC)[C@H](c2ccc(cc2)Cl)N3CCN(CC3)c4ccccc4)[O-]
dude_aldr__L005089,Cc1ccc(cc1)c2cc(nc(n2)[O-])C(=O)N[C@H]3CCS(=O)(=O)C3
dude_aldr__L005090,COc1ccc(cc1OC)[C@@H]2c3c(nc(s3)[S-])SC[C@H]2C(=O)OC
dude_aldr__L005091,CC(C)(C)c1cc(c(c(=O)n1c2ccc(cc2)F)C(=O)OC)[O-]
dude_aldr__L005092,c1ccc2c(c1)CCN2C(=O)c3ccc(c(c3)S(=O)(=O)[N-]c4ccccc4Cl)Cl
dude_aldr__L005093,CC\1=NC(=S)N[C@H](/C1=C(/[O-])\OC(C)C)c2cnc(s2)c3ccccc3
dude_aldr__L005094,Cc1cc(ccc1N(C)Cc2csc(n2)C)/C=C/C(=O)[O-]
dude_aldr__L005095,Cc1c(nnc(c1C(=O)N2CCC[NH+](CC2)C(C)(C)C)[O-])C
dude_aldr__L005096,CN(Cc1ccc(c(c1)F)OC)C(=O)c2ccc(c(c2)[N-]S(=O)(=O)c3ccc(cc3)F)Cl
dude_aldr__L005097,C1C[C@@H]2[C@H](C1)OCCN2c3nnc(s3)[S-]
dude_aldr__L005098,c1cc(sc1)c2nnc(n2C[C@H]3CCCO3)[S-]
dude_aldr__L005099,c1c2c(c3c(c1C(=O)[O-])CCCC3)CCCC2
dude_aldr__L005100,c1cc(c(cc1I)C(=O)[O-])N2CCCS2(=O)=O
dude_aldr__L005101,CS(=O)(=O)c1ccc(cc1)S(=O)(=O)[N-]c2ccccc2Oc3ccccc3Cl
dude_aldr__L005102,COc1cc(cc(c1OCC=C)Br)CNc2ccc(cc2)C(=O)[O-]
dude_aldr__L005103,C[C@H](CCC(=O)[O-])[C@H]1CC[C@@H]2[C@@]1(C(=O)[C@H]([C@H]3[C@@H]2CC[C@@H]4[C@@]3(CCCC4)C)Br)C
dude_aldr__L005104,c1c(c(oc1C(=O)[O-])Br)S(=O)(=O)N2CCS(=O)(=O)CC2
dude_aldr__L005105,C[C@@H](c1ccccc1Cl)NC(=O)N2CC[C@@](C2)(C)C(=O)[O-]
dude_aldr__L005106,c1cnc(cn1)N2CCCC[C@H]2C(=O)[O-]
dude_aldr__L005107,Cc1c(c2ncc(c(n2n1)C)C(=O)[O-])c3ccc(cc3)Br
dude_aldr__L005108,c1ccc(cc1)[C@@H](C(=O)NC(=O)N)Sc2nnc(s2)Nc3ccccc3
dude_aldr__L005109,Cc1ccc(cc1C(=O)N)[N-]S(=O)(=O)c2cccc3c2ncc(c3)C
dude_aldr__L005110,Cc1nc2c(c(n1)C(=O)[O-])C[C@@H](CC2)C(C)(C)C
dude_aldr__L005111,CCc1ccc(s1)S(=O)(=O)[N-]c2ccc(cc2)N3CCOCC3(C)C
dude_aldr__L005112,CN(C)C(=O)c1ccccc1[N-]S(=O)(=O)c2ccc(c(c2)Cl)F
dude_aldr__L005113,c1ccnc(c1)c2nc(cs2)/C=C\3/C(=NC(=S)S3)[O-]
dude_aldr__L005114,c1ccc(cc1)OCc2ccccc2C(=O)N3[C@H]4CCCC[C@H]4C[C@H]3C(=O)[O-]
dude_aldr__L005115,c1cc(c(cc1Sc2c(nccn2)C(=O)[O-])F)F
dude_aldr__L005116,Cc1cc(nc(c1)/N=C/c2c(oc(n2)c3ccc(cc3)Br)[O-])C
dude_aldr__L005117,Cc1ccc(s1)C(=O)NCC(=O)NCc2[nH]nc(n2)c3cccs3
dude_aldr__L005118,CCOc1ccc(cc1)n2c3ccccc3nc2SCC4=NC(=O)C5=C([C@@H](OC5=N4)C)C(=O)[O-]
dude_aldr__L005119,c1c2c(cc(c1Cl)Cl)n(cn2)[C@@H]3C[C@@H]([C@@H](O3)CO)O
dude_aldr__L005120,CCC1(CCN(CC1)C(=O)N2C[C@H]3CC[C@@H]2C3)C(=O)[O-]
dude_aldr__L005121,CC(C)[C@@H](C(=O)Nc1ccc(cc1)Cl)NC(=O)N[C@H]2CCS(=O)(=O)C2
dude_aldr__L005122,COC(=O)c1c2c(sc1NC(=O)N/N=C\c3cc(ccc3O)Br)CCCC2
dude_aldr__L005123,CCSC1=C([C@H](C2=C(CCCC2=N1)[O-])c3ccc(c(c3)OC)O)C#N
dude_aldr__L005124,CC(C)(CC(=O)N[C@H]1CO[C@H]2[C@@H]1OC[C@@H]2n3c(nnn3)Oc4ccc(cc4)n5cncn5)CC(=O)[O-]
dude_aldr__L005125,O=C1CC5(C(=O)N1)C(=O)N(Cc3nc2ccccc2s3)C(=O)c4ccccc45
dude_aldr__L005126,Cc1nc(on1)Cn2c(nnc2[S-])c3cccnc3
dude_aldr__L005127,C1CS(=O)CCN1C(=O)[C@@H]2CC=CC[C@@H]2C(=O)[O-]
dude_aldr__L005128,CCNc1c(cc(cn1)Br)S(=O)(=O)[N-]c2nccs2
dude_aldr__L005129,Cc1ccc(cc1)[N-]C2=NC(=O)[C@@H](S2)CC(=O)Nc3cccc(c3)C(=O)C
dude_aldr__L005130,Cc1ccc(c(c1)n2c(c3ccc(cc3nc2=S)C(=O)OC)[O-])C
dude_aldr__L005131,C[C@@H](C(=O)[O-])NC(=O)c1ccc(c(c1)[N+](=O)[O-])Sc2ccc(c(c2)F)F
dude_aldr__L005132,Cc1ccc(cc1S(=O)(=O)/N=C(/c2ccc([nH]c2=O)C)\[O-])C(C)(C)C
dude_aldr__L005133,C1CCC2(CC1)CCN(CC2)C(=O)N(CC(=O)[O-])C3CC3
dude_aldr__L005134,CS(=O)(=O)CCNC(=O)Nc1ccc(cc1C(=O)[O-])I
dude_aldr__L005135,Cc1c[nH]c(=O)n1c2ccccc2[N-]S(=O)(=O)c3ccc(c(c3)Cl)F
dude_aldr__L005136,COC(=O)C1CCN(CC1)S(=O)(=O)/N=C(/C[C@H]2CCC=C2)\[O-]
dude_aldr__L005137,c1ccc(cc1)c2c3c(n(n2)c4ccc(cc4)F)N(C(=O)CS[C@@H]3c5cccs5)CC(=O)[O-]
dude_aldr__L005138,C[C@H](CN(C)C(=O)C[C@H]1CCS(=O)(=O)C1)C(=O)[O-]
dude_aldr__L005139,Cn1ccc(n1)NC(=O)c2ccccc2[N-]S(=O)(=O)c3cccs3
dude_aldr__L005140,Cc1ccc(cc1C)c2ncc(c(n2)N3CCCCC3)C(=O)[O-]
dude_aldr__L005141,CSc1c(cc(c(n1)[O-])C(=O)N2CCN(CC2)CC(F)F)C#N
dude_aldr__L005142,Cc1cccc(c1)[N-]S(=O)(=O)c2cc(ccc2Cl)C(=O)N3CCN(CC3)C
dude_aldr__L005143,CC1=C2C(=CC(=O)N=C2S[C@@H]1C(=O)[O-])CSc3nccc(n3)C(F)(F)F
dude_aldr__L005144,Cn1cc(c(n1)C(=O)N(C2CCCCC2)C3CCCCC3)C(=O)[O-]
dude_aldr__L005145,c1c(c(sc1Br)S(=O)(=O)N)Br
dude_aldr__L005146,Cc1c(cco1)/C(=N/S(=O)(=O)c2ccc(cc2)C#N)/[O-]
dude_aldr__L005147,CCCS(=O)(=O)c1nc2ccc(cc2s1)[N-]S(=O)(=O)c3ccc(c(c3)F)F
dude_aldr__L005148,CC(C)NC(=O)c1cc2c(n1C)nc3ccccn3c2=O
dude_aldr__L005149,CCN([C@H]1CCS(=O)(=O)C1)C(=O)[C@@H]2C[C@@H]2C(=O)[O-]
dude_aldr__L005150,Cc1c(sc(n1)C)C(=O)C2=C(C(=O)N([C@@H]2c3ccc(cc3)C(C)(C)C)Cc4ccco4)[O-]
dude_aldr__L005151,Cc1ccc(cc1)[C@H](CC(=O)NCCS(=O)(=O)[N-]c2ccccc2)C(C)C
dude_aldr__L005152,CS(=O)(=O)c1ccc(cc1)S(=O)(=O)[N-]c2ccc(c(c2)F)OC(F)F
dude_aldr__L005153,Cc1c(cco1)/C(=C(\C#N)/C(=O)c2ccc(cc2)n3ccc(n3)C(F)(F)F)/[O-]
dude_aldr__L005154,CC1([C@H]([C@H]1C(=O)[O-])C(=O)N2CCN(CC2)C=O)C
dude_aldr__L005155,c1ccc(c(c1)[C@H]2CCCN([C@@]23CC[C@@H](C3)O)F)O
dude_aldr__L005156,c1cc2c(cc1N)N(CCS2)C[C@H]3CCCCO3
dude_aldr__L005157,C[C@H]1C[C@H]1Nc2c(nccn2)C(=O)[O-]
dude_aldr__L005158,c1ccc(c(c1)/C=N/[NH+]=C(/N[C@H]2C[C@H]3C[C@@H]2C=C3)\[S-])O
dude_aldr__L005159,Cn1cc(cn1)CN2CCN(CC2)C(=O)Cn3cc(cn3)C(=O)[O-]
dude_aldr__L005160,c1ccc(cc1)C2CCN(CC2)C(=O)[C@@H]3C[C@@H]3C(=O)[O-]
dude_aldr__L005161,Cc3c(CC(O)=O)c2cc(OC(=O)CCC(=O)OCc1ccccc1)ccc2n3C(=O)c4ccc(Cl)cc4
dude_aldr__L005162,CC(C)(C)n1cc(cn1)/C=C(/c2nc3ccccc3c(n2)[O-])\Cl
dude_aldr__L005163,c1ccc(c(c1)C(=O)NNC(=O)[C@@H]2CC(=O)N(C2)c3ccccc3Cl)O
dude_aldr__L005164,Cc1ccc2cccc(c2n1)S(=O)(=O)[N-]c3ccc4c(c3)CC(=O)N4C
dude_aldr__L005165,C1C[C@H](N(C1)C(=O)[C@H]2CCCO2)C(=O)[O-]
dude_aldr__L005166,Cc1c(sc(n1)[N-]S(=O)(=O)c2ccccc2C(=O)OC)SC
dude_aldr__L005167,Cc1cc(=O)c(c(o1)O)[C@@H]2C[C@H](c3c(cc(oc3=O)C)O2)C
dude_aldr__L005168,c1ccc2c(c1)c(n(c(=S)n2)c3ccccc3Br)[O-]
dude_aldr__L005169,CC(=O)/C(=N\N)/C=O
dude_aldr__L005170,Cc1c(cnc2n1ncn2)C(=O)N(CCC(=O)[O-])C3CC3
dude_aldr__L005171,c1ccc2c(c1)CCCN2C(=O)CNC(=O)[C@H]3C4=C(CCCC4)N=N3
dude_aldr__L005172,C1[C@H]([C@@H]1C(=O)[O-])c2nc(no2)C34CC5CC(C3)CC(C5)C4
dude_aldr__L005173,COc1c2c(cc(c1F)F)C(=C(CN2C3CC3)C(=O)NC4=CC5=CC=N[C@@H]5C=C4)[O-]
dude_aldr__L005174,C1CCN(CC1)S(=O)(=O)N2CCC[C@H]2[C@@H]3CCC[NH2+]C3
dude_aldr__L005175,CC/C=C(/C)\C(=N\S(=O)(=O)c1ccc(c(c1)Br)OC)\[O-]
dude_aldr__L005176,Cc1cc(ccc1[N-]S(=O)(=O)c2cc(cc(c2)Cl)Cl)C(=O)OC
dude_aldr__L005177,C[C@H]1CCC2=C3C(=NC(=NC3=O)/C=C/c4ccc(cc4)C(=O)[O-])S[C@H]2C1
dude_aldr__L005178,c1cc(sc1c2cc([nH]n2)C(=O)NN)Br
dude_aldr__L005179,OC(=O)Cc3nn(Cc2nc1ccccc1o2)c4ccc(Cl)cc34
dude_aldr__L005180,Cc1c(sc(n1)C)C(=O)C2=C(C(=O)N([C@H]2c3ccc(cc3)C(C)(C)C)Cc4ccco4)[O-]
dude_aldr__L005181,c1ccc(cc1)c2c(n(cn2)Cc3[n-]nnn3)c4ccc(o4)[C@H]5C=CN=N5
dude_aldr__L005182,CC(C)N(C)c1ccc(cc1F)NC(=O)NC2CCN(CC2)c3cccc[nH+]3
dude_aldr__L005183,Cc1c(c2c(o1)ccc(c2CN3CC[NH+](CC3)C)O)C(=O)NC4CCCCC4
dude_aldr__L005184,c1cn(nc1[N+](=O)[O-])CC(=O)N2CCC(CC2)C(=O)[O-]
dude_aldr__L005185,c1ccc(c(c1)c2[nH]c(nn2)[S-])OC(F)F
dude_aldr__L005186,C[C@@]1(CCCN(C1)c2ccc(cc2Br)[N+](=O)[O-])C(=O)[O-]
dude_aldr__L005187,c1ccc(cc1)[C@H](C(=O)[O-])n\2ccs/c2=N\C(=O)c3ccccc3F
dude_aldr__L005188,c1cc(c(cc1/C=C(/C#N)\c2nc(cs2)c3ccc(cc3Cl)Cl)[N+](=O)[O-])[O-]
dude_aldr__L005189,Cc1cc(c(cc1C(=O)N(C)[C@@H](C)c2ccccc2F)S(=O)(=O)N)C
dude_aldr__L005190,CC(C)c1c2c(c3c4c(c([nH]c(=S)n4)[O-])sc3n1)CCC2
dude_aldr__L005191,Cc1ccc(cc1F)n2c(nnc2[S-])c3cccnc3
dude_aldr__L005192,CC1=C([C@@H](C2=C(N1)C[C@H](CC2=O)c3cccs3)c4ccc(c(c4)OC)O)C(=O)Nc5ccc(cc5)F
dude_aldr__L005193,CS(=O)(=O)[N-]c1ccccc1NC(=O)CCn2ccc3c2cccc3
dude_aldr__L005194,Cn1c(nnn1)N
dude_aldr__L005195,COC(=O)C1CCN(CC1)S(=O)(=O)/N=C(/c2ccc(cc2)[N+](=O)[O-])\[O-]
dude_aldr__L005196,c1cc(sc1/C(=C(/C#N)\C(=O)N2CCOCC2)/[O-])Cl
dude_aldr__L005197,Cc1c(c(n(n1)C)N2CCN(CC2)S(=O)(=O)C)C(=O)[O-]
dude_aldr__L005198,CCc1cccc(c1[N-]S(=O)(=O)c2ccc(s2)c3cnc(o3)C4CC4)C
dude_aldr__L005199,CC1=C([C@@H](/C(=C(\[O-])/OCCOC)/C(=N1)C)c2cccnc2)[N+](=O)[O-]
dude_aldr__L005200,Cc1cc(n(n1)CCC#N)[N-]S(=O)(=O)c2ccsc2C(=O)OC
dude_aldr__L005201,C[C@H]([C@](C)(C(=O)[O-])Br)Br
dude_aldr__L005202,c1ccc(cc1)C2(CCCC2)CNC(=O)[C@@H]3CC34CCN(CC4)C(=O)c5c[nH]cn5
dude_aldr__L005203,CC[C@@H](/C(=N/S(=O)(=O)c1cccc(c1)n2cnnn2)/[O-])OCC
dude_aldr__L005204,c1ccc(cc1)[N-]S(=O)(=O)c2ccc(s2)c3cnc(o3)C4CCC4
dude_aldr__L005205,C=CC1=C(N2[C@@H]([C@@H](C2=O)NC(=O)/C(=N/OCC(=O)[O-])/c3csc(n3)N)SC1)C(=O)[O-]
dude_aldr__L005206,Cc1cc(cc(c1)N2CC[C@H](C2=O)C(=O)Nc3ccc(c(c3)C(=O)NC)F)C
dude_aldr__L005207,Cc1c(sc(n1)N2[C@@H](C(=C(C2=O)[O-])C(=O)c3ccc(cc3)F)c4cccc(c4)OCC=C)C(=O)OC
dude_aldr__L005208,CN(C)c1ccc(cc1)[C@@H]2c3c(nc(s3)[O-])S[C@H]4[C@@H]2C(=O)N(C4=O)c5ccc(cc5)Cl
dude_aldr__L005209,Cn1c(nnn1)SCc2cc(n3c(n2)nc(n3)SC)[O-]
dude_aldr__L005210,C1CCC(CC1)NC(=O)N2CCN(CC2)C(=O)[C@@H]3CCCO3
dude_aldr__L005211,CC1CCC(CC1)N2C[C@H](CC2=O)/C(=N/S(=O)(=O)c3ccc(cc3)F)/[O-]
dude_aldr__L005212,CCc1nc(on1)C2=C(N=C([C@@H]2S(=O)(=O)[N-]c3ccc(cc3)OC)C)C
dude_aldr__L005213,Cc1c(sc(n1)C)C(=O)C2=C(C(=O)N([C@H]2c3ccc(cc3)F)c4nccs4)[O-]
dude_aldr__L005214,Cc1ccn2c(c1)nc(c2[N-]S(=O)(=O)c3ccccc3)c4ccccc4C
dude_aldr__L005215,Cc1c(cccc1N2CCCC2=O)NC(=O)C(=O)NC34CC5CC(C3)CC(C5)C4
dude_aldr__L005216,CC1=CC(=C(C#N)C#N)C=C(N1c2ccc(cc2)Cl)C
dude_aldr__L005217,c1cc2c(cc1S(=O)(=O)N3CCCc4c3cc(cc4F)F)oc(n2)[O-]
dude_aldr__L005218,C[C@H]1CCC[C@@H]([C@@H]1C)NC(=O)N[C@@H]2CCS(=O)(=O)C2
dude_aldr__L005219,c1ccc(cc1)C(c2ccccc2)C(=O)Nc3cccc4c3oc(n4)[O-]
dude_aldr__L005220,C[C@@H]1CN(C[C@H](O1)C)c2nc3c(s2)[C@@H](CCC3)O
dude_aldr__L005221,CC(C)(C)NC(=O)c1ccc(cc1)N2C(=O)[C@H]3[C@@H]4C[C@H]([C@H]3C2=O)C=C4
dude_aldr__L005222,c1cc(oc1)c2nnc(n2c3ccc(cc3)Cl)SCC(=O)[O-]
dude_aldr__L005223,Cc1c2c(=O)[nH]c(nc2sc1C(=O)[O-])COc3cc(ccc3[N+](=O)[O-])C(=O)[O-]
dude_aldr__L005224,c1cc(sc1)[C@@H]2CCCN2S(=O)(=O)c3cc(ccc3Cl)C(=O)[O-]
dude_aldr__L005225,Cc1ccc(c(c1C)O)c2cc(n[nH]2)C(=O)Nc3c(c4c(s3)CCCC4)C(=O)NC
dude_aldr__L005226,Cc1ccc(cc1)/C=C/C(=O)N2CC[C@@H](C2)C(=O)[O-]
dude_aldr__L005227,Cc1cc(ccc1S(=O)(=O)/N=C(/[C@H](C)OC)\[O-])[N+](=O)[O-]
dude_aldr__L005228,C1CCc2c(sc(c2C#N)NC(=O)CSc3nnc(n3N)C4CC4)CC1
dude_aldr__L005229,CC(C)CSC1=NC(=O)[C@@H]2[C@H](C3=C(CCCC3=NC2=N1)[O-])c4ccc(cc4)Br
dude_aldr__L005230,C[C@@H]1CCCN([C@H]1C)C(=O)N(CC2CC2)CC(=O)[O-]
dude_aldr__L005231,C1CCC(CC1)N2CCN(CC2)C(=O)[C@@H]3[C@@H]4CC[C@@H](C4)[C@@H]3C(=O)[O-]
dude_aldr__L005232,c1cc(c(cc1Br)Br)S(=O)(=O)[N-]c2c(ccs2)C#N
dude_aldr__L005233,CCCSc1nc(sn1)/N=C(/Cn2c(c(c(n2)C)[N+](=O)[O-])C)\[O-]
dude_aldr__L005234,C=CCNC(=O)c1cccc(c1)S(=O)(=O)[N-]c2ccc(cc2)C(=O)NC3CC3
dude_aldr__L005235,CN(C1CCCCCC1)C(=O)N2CSC[C@H]2C(=O)[O-]
dude_aldr__L005236,C1C[C@H](N(C1)S(=O)(=O)C[C@@H]2CCCO2)CC(=O)[O-]
dude_aldr__L005237,C[C@]1(CC[C@H]2C(=CC[C@@H]3[C@@]2(CCC[C@@]3(C)C(=O)N)C)C1)CCO[C@@H]4[C@H]([C@H]([C@@H]([C@H](O4)CO)O)O)O
dude_aldr__L005238,COc1ccc(c(c1)OCCN2CCOCC2)C[C@H](c3cccs3)C(=O)[O-]
dude_aldr__L005239,Cc1ccccc1Cn2ccc(n2)[N-]S(=O)(=O)C3=C(N=N[C@@H]3C)C
dude_aldr__L005240,Cc1cc(c(n1c2ccccc2F)C)/C=C(/C#N)\C(=O)NNC(=O)NC(C)C
dude_aldr__L005241,C[C@@]1(CCCN(C1)C(=O)/C=C/c2cnn(c2)C)C(=O)[O-]
dude_aldr__L005242,C1[C@H]2C=C[C@@H]1[C@@H]([C@@H]2C(=O)N(CC#N)CC#N)C(=O)[O-]
dude_aldr__L005243,CC[C@@H](C)n1c(c(c(c(c1=O)C#N)C)C(=O)c2c(c3cc(c(cc3o2)C)Cl)C)[O-]
dude_aldr__L005244,c1ccc2=[NH+][C@H]3C(=c2c1)N=CN=C3n4cc(c(n4)N)c5ccc(cc5)Cl
dude_aldr__L005245,c1c2c(cc3c1[C@@H](CC(=O)N3)[C@H]4N=C5CCCC[C@@H]5S4)N=[NH+]C2
dude_aldr__L005246,Cc1cc2cccc(c2nc1)S(=O)(=O)/N=C(/c3ccc4c(c3)COC4)\[O-]
dude_aldr__L005247,Cc1ccc(cc1[N-]S(=O)(=O)C)NC(=O)CCSCc2csc(n2)C
dude_aldr__L005248,CCN([C@H](C)CC(=O)[O-])C(=O)N(CC)C(C)C
dude_aldr__L005249,CN(C)c1ccc(cc1)n2cccc2/C=C/3\C(=O)N=C(S3)[N-]c4ccc(cc4)F
dude_aldr__L005250,Cc1ccc(cc1)CSc2nnc(n2N)N/N=C/c3c4ccccc4ccc3O
dude_aldr__L005251,C[C@H](c1ccc(cc1)C#N)NC(=O)c2cccc(c2)n3c(=O)ccc(n3)[O-]
dude_aldr__L005252,Cc1nnc(s1)S[C@]2(CCCC[C@@H]2C)C(=O)[O-]
dude_aldr__L005253,Cn1cc(cn1)S(=O)(=O)[N-]c2ccc(c(c2)Cc3ccccc3)OC
dude_aldr__L005254,c1ccc2c(c1)N(C[C@H](O2)C(=O)[O-])C(=O)c3cc4c(s3)CCCCCC4
dude_aldr__L005255,c1ccc(c(c1)/N=C/c2cccc(c2[O-])[N+](=O)[O-])I
dude_aldr__L005256,CCc1cccc(c1)[N-]S(=O)(=O)c2c(sc(c2c3ccno3)C)C
dude_aldr__L005257,COc1ccccc1NC(=O)c2ccc(c(c2)Cl)[N-]S(=O)(=O)C
dude_aldr__L005258,Cc1ccc(c(c1)C(=O)C2=C(C(=O)N([C@@H]2c3ccc(cc3)C(C)C)CCN4CCOCC4)[O-])C
dude_aldr__L005259,c1cc2c(cc1[C@@H](/C(=N\NC(=S)N)/c3c(nc4cc(ccc4n3)[N+](=O)[O-])[O-])O)OCO2
dude_aldr__L005260,COC(=O)c1ccccc1S(=O)(=O)/N=C(/C23CC4CC(C2)CC(C4)C3)\[O-]
dude_aldr__L005261,c1c(c([nH]n1)C(=O)[O-])Br
dude_aldr__L005262,c1ccc(c(c1)n2c(nnc2[S-])c3cccs3)OC(F)F
dude_aldr__L005263,Cc1ccc(c(c1)C)NC(=O)c2c(oc3c2c(ncn3)N4CCCCC4)C
dude_aldr__L005264,Cc1ccc(s1)S(=O)(=O)NC2(CCC(CC2)C)C(=O)[O-]
dude_aldr__L005265,Cc1cccc(c1)/C=C(/c2[nH]c3c(c(c(s3)C(=O)[O-])C)c(=O)n2)\Cl
dude_aldr__L005266,[H]/N=C\1/C2=C(N=NC2=N[C@@H](N1c3ccc(c(c3)C)Cl)[S-])C
dude_aldr__L005267,CC1CCC(CC1)(C(=O)[O-])SCC2CCCC2
dude_aldr__L005268,CCc1ccc(cc1)S(=O)(=O)[N-]/N=C/[C@H]2C=NN=C2c3ccc(cc3)F
dude_aldr__L005269,COCC(=O)N1CCCc2c1cc(cc2)[N-]S(=O)(=O)c3c(cccc3F)F
dude_aldr__L005270,Cc1cc(n(n1)CC[C@H]2CC(=O)N[C@@H]3C2=CC4=CN=NC4=C3)C
dude_aldr__L005271,Cc1cc(nc(c1C(=O)[O-])S[C@H](C)C(=O)Nc2cc(ccc2Cl)Cl)C
dude_aldr__L005272,CC1(CC(=C(C(=O)C1)/C=N/c2c(cnn2c3ccccc3)C#N)[O-])C
dude_aldr__L005273,c1cc(cc(c1)Br)n2c(c(nn2)C(=O)[O-])[C@H]3CCCO3
dude_aldr__L005274,C[C@H]1C[C@@H](CN(C1)C(=O)N2CCC(CC2)(C)C(=O)[O-])C
dude_aldr__L005275,CC(=O)N1CCCc2c1ccc(c2)S(=O)(=O)[N-]c3cccc4c3nccc4
dude_aldr__L005276,Cc1c(c(n2c(n1)nc(n2)SC)[O-])Cc3cccc4c3cccc4
dude_aldr__L005277,CC(=O)c1ccc(cc1)[N-]S(=O)(=O)c2ccc(c(c2)Cl)C#N
dude_aldr__L005278,Cc1cc2c(n1[C@@H](C)c3[n-]nnn3)CC(C[C@H]2O)(C)C
dude_aldr__L005279,CCCC[C@H](CC)/C(=N/S(=O)(=O)c1cc(cnc1)Br)/[O-]
dude_aldr__L005280,CN([C@H]1CCSC1)C(=O)N2CCCC[C@H]2CC(=O)[O-]
dude_aldr__L005281,c1c(cc(c2c1COCO2)Cn3cc(cn3)Cl)N
dude_aldr__L005282,CCN(C[C@H](C)C(=O)[O-])C(=O)c1c(nc(nc1SC)C)C
dude_aldr__L005283,CCn1cc(cn1)S(=O)(=O)[N-]c2cccc(c2)NC(=O)c3cccs3
dude_aldr__L005284,Cc1cc(c(c(c1)C)N2C(=O)/C(=C/c3cn(c4c3cccc4)Cc5ccccc5)/C(=NC2=S)[O-])C
dude_aldr__L005285,C[C@]12CC[C@@H](CC1=C[C@@H]([C@@H]3[C@@H]2CC[C@]4([C@H]3C[C@H](C4=O)F)C)O)O
dude_aldr__L005286,c1cc(c(cc1[C@H]([C@H]2CCCC[C@@H]2C(=O)[O-])O)F)F
dude_aldr__L005287,c1cc2c(cc1OC(F)(F)F)sc(n2)[N-]S(=O)(=O)c3cc(cnc3)F
dude_aldr__L005288,c1cc2c(c(c1)F)N(CCC2)S(=O)(=O)c3ccc(c(c3)C(=O)[O-])F
dude_aldr__L005289,COc4c(O)c(Cc1ccccc1)c3oc(c2ccc(O)c(O)c2)cc(=O)c3c4O
dude_aldr__L005290,Cc1ccc(cc1)S/C=C(/N2CCCCC2)\[O-]
dude_aldr__L005291,C1Cc2c(sc(c2C#N)NC(=O)[C@H]3CC=CC[C@H]3C(=O)[O-])C1
dude_aldr__L005292,c1cc(c(c(c1)Cl)OCc2nnc(n2N)[S-])Cl
dude_aldr__L005293,c1cc(ccc1C(=O)N2CCC(CC2)C(=O)N3CCC[C@@H](C3)C(=O)[O-])Cl
dude_aldr__L005294,c1ccc(cc1)N2CCN(C2=O)c3ccc(cn3)NC(=O)[C@@H]4CCOC4
dude_aldr__L005295,c1ccc(cc1)c2ccc(cc2)[C@H]3C[C@H](C(=O)O3)N
dude_aldr__L005296,C[C@H]1CC[C@@H]2[C@@H](C1)CCCN2C(=O)c3ccc(c(c3)S(=O)(=O)N)F
dude_aldr__L005297,Cc1ccc(cc1)c2cc(c3cnn(c3n2)C)C(=O)[O-]
dude_aldr__L005298,CCS[C@]1(CCC(c2c1cccc2)(C)C)C(=O)[O-]
dude_aldr__L005299,CC(C)(C)OC(=O)N1C[C@H]([C@@H](C1)C(=O)[O-])c2ccc(cc2)C#N
dude_aldr__L005300,c1cc(cc(c1)Br)[N-]C2=NC=NC3=NC=N[C@@H]32
dude_aldr__L005301,CC[C@H]1C[C@@H]1c2ccc(o2)/C=C(\C#N)/c3nc4c(cccn4)c(n3)[O-]
dude_aldr__L005302,Cc1cc(cc(c1)N2CCC(=C2[O-])C(=O)[C@H](C#N)c3nc(cs3)C)C
dude_aldr__L005303,Cc1cc(c(cc1C)C(=O)CSc2nc3cc(ccc3c(=O)n2c4ccc(cc4)F)C(=O)[O-])C
dude_aldr__L005304,C/C(=C\C=C\C(=C/C(=O)[O-])\C)/C=C/[C@]12[C@](O1)(CCCC2(C)C)C
dude_aldr__L005305,Cc1ccc(cc1S(=O)(=O)/N=C(/COC)\[O-])[N+](=O)[O-]
dude_aldr__L005306,c1ccc(cc1)COc2ccc(cn2)[N-]S(=O)(=O)c3ccccc3C#N
dude_aldr__L005307,c1ccc(cc1)n2c3ccccc3nc2SCC(=O)N4CCC(CC4)C(=O)N
dude_aldr__L005308,c1cc(oc1)/C=C/C(=N/S(=O)(=O)C2CCCCC2)/[O-]
dude_aldr__L005309,Cc1cccc(c1)Oc2c(c(=O)n3ccccc3n2)/C=C(\C#N)/C(=O)NC
dude_aldr__L005310,CCn1cc(c(n1)C)CN(CC)C(=O)[C@@H](C)n2ccc(n2)C(=O)[O-]
dude_aldr__L005311,C[C@H]1CCN([C@H](C1)C)C(=O)C2(CCCCCC2)C#N
dude_aldr__L005312,CC(C)CCN(C)C(=O)c1ccc(c(c1)[N-]S(=O)(=O)C)Cl
dude_aldr__L005313,C[C@@H]1C[C@H](CN(C1)C(=O)c2ccccc2NC(=O)C(=O)NC3CCCCCC3)C
dude_aldr__L005314,Cc1c(ccc(n1)C(=O)Nc2cc(nn2C(C)(C)C)C(C)(C)C)C#N
dude_aldr__L005315,CCn1cnnc1c2cccc(c2)[N-]S(=O)(=O)c3cccs3
dude_aldr__L005316,Cc1c(sc(c1C#N)[N-]S(=O)(=O)c2ccc(nc2)Cl)C
dude_aldr__L005317,c1ccc(cc1)[C@H]2C(=C(C(=O)N2CCCn3ccnc3)[O-])C(=O)c4ccc(cc4)F
dude_aldr__L005318,c1ccc2c(c1)cc(cn2)Nc3ccc(cn3)C(=S)N
dude_aldr__L005319,C[C@H]1CCC[C@H](C1)CP(=O)(C[C@@H]2CCC[C@@H](C2)C)[O-]
dude_aldr__L005320,c1cc(ccc1Oc2ccc(cc2[C@@H](O)[P@@H](=O)[O-])[N+](=O)[O-])Br
dude_aldr__L005321,Cc1ccc(cc1)[C@H]2CN(C[C@@H](O2)C)S(=O)(=O)c3ccc4c(c3)oc(n4)[O-]
dude_aldr__L005322,Cc1ccc(cc1C)NC(=O)[C@@H]2CCCN(C2)c3cc(=O)n(nc3)C
dude_aldr__L005323,c1cc(ccc1/C(=C/C(=O)C(C(F)F)(F)F)/[O-])Cl
dude_aldr__L005324,CC(=O)c1ccc(s1)c2ccc(nc2)[N-]S(=O)(=O)C
dude_aldr__L005325,CC(=O)c1ccc(cc1)S(=O)(=O)[N-]c2ccc(cc2)n3cncn3
dude_aldr__L005326,CC1=C([C@H](NC(=S)N1)c2csc(n2)c3ccsc3)C(=O)N(C)C
dude_aldr__L005327,C[C@H](C(=O)[O-])S(=O)(=O)CC(=O)N1CCN(CC1)C
dude_aldr__L005328,c1cc(c(cc1S(=O)(=O)N2CCC[C@@H]2CO)[N+](=O)[O-])[O-]
dude_aldr__L005329,CCCN1[C@H]([C@H](SCC1=O)C(=O)[O-])c2ccco2
dude_aldr__L005330,c1cc(cc(c1)OC(F)F)[N-]S(=O)(=O)c2ccc(nc2)Cl
dude_aldr__L005331,OC(=O)Cc3nn(Cc1snc2ccccc12)c(=O)c4ccccc34
dude_aldr__L005332,CS(=O)(=O)c1ccc(cc1)S(=O)(=O)[N-]c2ccc3c[nH]nc3c2
dude_aldr__L005333,Cc1nnc2n1nc(s2)c3cc(ccc3O)N
dude_aldr__L005334,Cc1cc(ccc1Br)n2c(nnc2[S-])c3ccccn3
dude_aldr__L005335,c1cc(cc(c1)n2ccc(n2)C(=O)N3C[C@@H]4CC[C@H]3C4)N
dude_aldr__L005336,c1cc(c(cc1C#CCO)F)[N-]S(=O)(=O)C(F)F
dude_aldr__L005337,C[C@@H]1CCc2c(csc2C1)C(=O)N[C@@H](C(=O)[O-])C(C)(C)C
dude_aldr__L005338,CCc1c(nn(c1C)CC(=O)N2CCC[C@@H](C2)Cn3cc(nn3)C(=O)[O-])C
dude_aldr__L005339,Cc1cccc(c1C)NC(=O)[C@@H](C)CS(=O)(=O)[N-]c2cccc(c2)F
dude_aldr__L005340,CCCCOc1cccc(c1)C(=O)C2=C(C(=O)N([C@H]2c3ccc(cc3)CC)CCCn4ccnc4)[O-]
dude_aldr__L005341,C1CCC2=NN([C@@]([C@H]2C1)(C(F)(F)F)O)C(=O)[C@@H]3C4=C(CCC4)N=N3
dude_aldr__L005342,Cc1ccc(cc1C)C(=O)n2c(c3cc(cc(c3nc2=S)Cl)Cl)[O-]
dude_aldr__L005343,CCS(=O)(=O)[N-]c1ccc(c(c1)C)S(=O)(=O)N2CCC[C@H](C2)C
dude_aldr__L005344,Cc1cc(ccc1C(=O)NC(C)C)NC(=O)NC2CCN(CC2)C(=O)C3CC3
dude_aldr__L005345,Cc1ccc(cc1)OCCN(C)/C(=N/c2nnc(s2)c3ccsc3)/[O-]
dude_aldr__L005346,c1cc(ccc1C(=O)N2CCC[C@@H]2C3CCCC3)N
dude_aldr__L005347,Cn1cc(nc1)S(=O)(=O)N2CCc3c2cc(cc3)N
dude_aldr__L005348,c1cc2c(cc1C(=O)N3CCC[C@@H](C3)C(=O)[O-])c4c([nH]2)CCCC4
dude_aldr__L005349,Cc1ccc(cc1Nc2nc(nc(n2)Cl)n3ccnc3)Br
dude_aldr__L005350,Cc1c(c(n2c(n1)ncn2)C)CC/C(=N/S(=O)(=O)C)/[O-]
dude_aldr__L005351,COc1ccc(c2c1cccc2)S(=O)(=O)[N-]c3nc4c(s3)C(=O)CCC4
dude_aldr__L005352,Cc1ccc2cccc(c2n1)S(=O)(=O)[N-]c3ccc(c(c3)C)N4CCCCC4=O
dude_aldr__L005353,c1c(c(cc(c1S(=O)(=O)N2CCCCCCC2)Cl)Cl)C(=O)[O-]
dude_aldr__L005354,Cn1cc(cc1C(=O)N)S(=O)(=O)[N-]c2ccccc2OC[C@@H]3CCCCO3
dude_aldr__L005355,C[C@]1(CCN(C1)C(=O)c2cc3c(s2)CCCCC3)C(=O)[O-]
dude_aldr__L005356,CC1=C(C[C@H]([C@@H](C1)C(=O)[O-])C(=O)OC)C
dude_aldr__L005357,Cc1cc(cc(c1OC)C)/C=C(/C#N)\c2nc(c3c(c(sc3n2)C)C)[O-]
dude_aldr__L005358,CC1(Cc2c(ccn2c3ccc(cc3)C#N)C(=O)C1)C
dude_aldr__L005359,CC(C)[C@@](C)(CC(=O)N1CCN(CC1)C(=O)OC)C(=O)[O-]
dude_aldr__L005360,CC1([C@@H](CC[C@@]1(C)C(=O)NC2CCCCC2)C(=O)[O-])C
dude_aldr__L005361,c1c2c(sc1C(=O)N3CCC(CC3)C(=O)[O-])CCCCC2
dude_aldr__L005362,CC[C@@H]1CCCC[C@@H]1NS(=O)(=O)c2c(cccc2N)C
dude_aldr__L005363,c1cc(c2c(c1)OCCO2)[C@H]3CCCN3C(=O)NCC(=O)N4CCCCC4
dude_aldr__L005364,CCN(C[C@@H]1CC=C(S1)Cl)C(=O)CCc2c(nc(nc2[O-])SC(F)F)C
dude_aldr__L005365,C[C@H]1CCN([C@@H]2[C@@H]1CCCC2)C(=O)c3cc(cn3C)N
dude_aldr__L005366,C[C@@H](C(=O)[O-])Oc1ccc(cc1)C(=O)/C=C/c2csc(n2)c3cccc(c3)Br
dude_aldr__L005367,c1cc(ccc1O[C@@H]2CCCC[C@@H]2C(=O)[O-])I
dude_aldr__L005368,Cc1ncc(cn1)N
dude_aldr__L005369,C[C@@H]1C[C@H]1/C(=N/S(=O)(=O)C2CCCCC2)/[O-]
dude_aldr__L005370,C[C@@H]1CCCCN1c2c3ccccc3ncc2C#N
dude_aldr__L005371,c1cc(ccc1C(=O)[O-])N/C=C\2/CCCCC2=O
dude_aldr__L005372,C[C@@H]1CCC[C@@](C1)(C(=O)[O-])NC(=O)NC2CCCC2
dude_aldr__L005373,C1CCO[C@@H](C1)C(=O)N2CCO[C@@H](C2)C(=O)[O-]
dude_aldr__L005374,c1ccc2c(c1)[C@@H](CS2(=O)=O)Sc3cc(ccn3)C(=O)[O-]
dude_aldr__L005375,Cc1cnc(nc1)NN
dude_aldr__L005376,C[C@@H](/C(=C(\C#N)/C(=O)N1CCOCC1)/[O-])Oc2ccc(cc2)C(C)(C)C
dude_aldr__L005377,c1ccn2c(c1)nc(cc2=O)Cn3cc(nn3)C(=O)[O-]
dude_aldr__L005378,CC(C)(C)[C@H]1CC=C2[C@@H](C1)[C@H](C(C(=C2C#N)N)(C#N)C#N)c3ccc(cc3)OCC(=O)N
dude_aldr__L005379,C[C@@H](C(=O)Nc1nccs1)Sc2nc3c(c(n2)[O-])CCCC3
dude_aldr__L005380,Cc1c(c(n(n1)c2ccccc2)C)C(=O)C(=O)/N=c/3\[nH]c4c(s3)CCC4
dude_aldr__L005381,CCCCn1c2ccccc2c(=O)c(c1[O-])C(=O)N/N=C/c3cccnc3
dude_aldr__L005382,CC1=NN=C[C@@H]1NC(=O)[C@H]2[C@@H](CNN2C)C(=O)[O-]
dude_aldr__L005383,c1ccc2c(c1)CCC[C@H]2Nc3ccc(c(c3)Cl)C(=O)[O-]
dude_aldr__L005384,Cc1cc(c(c(c1)C)NC(=O)CSc2nc(c(nn2)c3ccc(cc3)O)[O-])C
dude_aldr__L005385,C[C@@H](C(=O)N)NC(=O)N1CC[C@](C1)(C)C(=O)[O-]
dude_aldr__L005386,c1ccc(c(c1)NC(=O)C2CCN(CC2)c3c4ccsc4ncn3)O
dude_aldr__L005387,C[C@H](c1ccc(cc1)NC(=O)NC2CC2)NC(=O)N(C)[C@H](C)c3cccc(c3)O
dude_aldr__L005388,C1CC(=O)N(C[C@H]1C(=O)[O-])CCCN2CCOCC2
dude_aldr__L005389,CCc1nc(on1)CN(CC)C(=O)CSc2nc3nc(cc(n3n2)[O-])C
dude_aldr__L005390,c1ccc(c(c1)[N-]S(=O)(=O)c2cccc(c2)NC(=O)C3CCOCC3)F
dude_aldr__L005391,C[C@@](c1ccccc1)(C(=O)[O-])NC(=O)N2CCSCC2
dude_aldr__L005392,c1cc(sc1)c2nc(co2)CSc3[n-]c4cc(cnc4n3)Cl
dude_aldr__L005393,Cc1cc(n2c(n1)ncn2)Sc3[nH]c4cc(ccc4n3)N
dude_aldr__L005394,Cn1c(nnc1SCC(=O)N2Cc3ccccc3C[C@@H]2C(=O)[O-])C(F)(F)F
dude_aldr__L005395,c1ccc(cc1)Cn2cc(c3c2cccc3)/C=C(\C#N)/c4c(c(n(n4)CCO)N)C#N
dude_aldr__L005396,C/C(=C/C(=N/S(=O)(=O)N1CCC(CC1)C(=O)OC)/[O-])/C2CC2
dude_aldr__L005397,c1cc(sc1C2=NO[C@@H](C2)/C(=C(\C#N)/C(=O)NC3CCCC3)/[O-])Cl
dude_aldr__L005398,c1cc(cc(c1)S(=O)(=O)[N-]c2nc(cs2)c3cccs3)C#N
dude_aldr__L005399,CC(=O)N1CCc2ccc(cc2C1)[N-]S(=O)(=O)c3cccc4c3nccc4
dude_aldr__L005400,CCc1cc2c(s1)nc(nc2SCC(=O)N3CCC[C@@H](C3)C(=O)[O-])C
dude_aldr__L005401,Cc1c2c(n(n1)c3ccccn3)N=C(CS[C@H]2c4cccc(c4)F)O
dude_aldr__L005402,C/C(=C/1\[C@@H](NC(=S)N=C1C(=O)OC)c2cnc(s2)c3ccccc3)/[O-]
dude_aldr__L005403,Cc1ccc(c(c1)C(=O)NCc2ccc(cc2)c3ccn[nH]3)[N-]S(=O)(=O)C
dude_aldr__L005404,CC1CCC(CC1)C(=O)NC2CCN(CC2)C(=O)c3c[nH]nc3c4ccc(cc4)F
dude_aldr__L005405,c1(c(c(oc1C(=O)[O-])Br)Br)Br
dude_aldr__L005406,c1cc(c(nc1)Cl)[N-]S(=O)(=O)c2ccc(c(c2)F)F
dude_aldr__L005407,Cn1c2c(cn1)[C@H](CCC2)NC(=O)Nc3ccccc3SCC(F)(F)F
dude_aldr__L005408,CC[C@@H](C(=O)Nc1cccc(c1)C(=O)C)Sc2nc(c(nn2)C)[O-]
dude_aldr__L005409,CC(C)[C@](C)(CC(=O)N(C)[C@H]1CCS(=O)(=O)C1)C(=O)[O-]
dude_aldr__L005410,Cc1ccc(c[n+]1/C(=C(\NCC(=C)C)/[S-])/C(=O)c2ccc(s2)Cl)[O-]
dude_aldr__L005411,Cc1ccc(c(c1)Br)n2c(nnc2[S-])c3cccnc3
dude_aldr__L005412,Cc1ccccc1N2C(=O)/C(=C\c3cc(c(o3)N(C)C)Br)/C(=NC2=O)[O-]
dude_aldr__L005413,CC[C@@]1(CCN(C1)C(=O)N(C)[C@@H]2CCC[C@@H](C2)C)C(=O)[O-]
dude_aldr__L005414,Cc1c(cc(s1)[C@@H]2C(=C(OC3=C2C(=O)CCC3)N)C#N)[N+](=O)[O-]
dude_aldr__L005415,C[C@H](C(=O)N1CCCc2c1cccc2[N-]S(=O)(=O)C)OCCC(C)C
dude_aldr__L005416,C[C@H]1C(=C2C(=NC(=NC2=O)[N-]/N=C(/CC(=O)OC)\C(=O)OC)S1)C
dude_aldr__L005417,CCn1ccc2c1ccc(c2)NC(=O)c3cc(c(nc3[O-])SC)C#N
dude_aldr__L005418,Cc1csc(n1)Cn2c(nnc2[S-])c3ccncc3
dude_aldr__L005419,C1CCN([C@@H](C1)CCC(=O)[O-])C(=O)C[C@H]2CCS(=O)(=O)C2
dude_aldr__L005420,c1cc(ccc1C(=O)[O-])Oc2c3c(ccs3)ncn2
dude_aldr__L005421,CN(C)S(=O)(=O)/N=C(/[C@@H]1CC(=O)N(C1)CC(F)(F)F)\[O-]
dude_aldr__L005422,CCn1c(c(c(n1)n2cnnc2)[N-]S(=O)(=O)c3c(noc3C)C)C
dude_aldr__L005423,CCCn1c(nc2c(c1=O)c3c(s2)CCC[C@H]3C(=O)[O-])CC
dude_aldr__L005424,Cc1cccc(c1)/C(=N/S(=O)(=O)N2CCC(CC2)C(=O)OC)/[O-]
dude_aldr__L005425,CCc1cccc(c1[N-]S(=O)(=O)c2ccc(s2)c3nnc(o3)C4CC4)C
dude_aldr__L005426,C[C@@H](C1CC1)C(=O)NCCS(=O)(=O)[N-]c2cccc(c2)NC(=O)C
dude_aldr__L005427,c1cc(ccc1/C=N/n2c(nnc2[S-])C(F)F)F
dude_aldr__L005428,Cc1cc(n(n1)C)NC(=O)c2cc(n[nH]2)c3ccc(cc3)Br
dude_aldr__L005429,CCO/C(=C(\c1nc(cs1)C)/C(=O)CSc2cc(c3ccccc3n2)C)/[O-]
dude_aldr__L005430,CCN([C@@H](C)CC(=O)[O-])C(=O)c1cc(cn1C(C)C)Br
dude_aldr__L005431,Cc1ccc(cc1)c2cnc([nH]2)SCC(=O)[O-]
dude_aldr__L005432,CCCS(=O)(=O)c1nc2ccc(cc2s1)[N-]S(=O)(=O)c3ccc(c(c3)Cl)F
dude_aldr__L005433,CC(C)(C)[C@@H]1CCCC[C@H]1NC(=O)NNC(=O)c2cc(c[nH]2)Br
dude_aldr__L005434,Cc1c(c(=O)n(c(c1C(=O)CC(C)C)[O-])C[C@@H]2CCCO2)C#N
dude_aldr__L005435,CC(C)c1ccc(c(c1)Br)O[C@H]2C[C@H](N(C2)C(=O)OC(C)(C)C)C(=O)[O-]
dude_aldr__L005436,c1cc2cccnc2c(c1)O[C@@]3(CCCSC3)C(=O)[O-]
dude_aldr__L005437,Cn1c-2c(c(n1)C(=O)[O-])CCc3c2ccs3
dude_aldr__L005438,CN(C)S(=O)(=O)[N-]c1cccc(n1)C#CCCO
dude_aldr__L005439,c1cc(cnc1)C2=NO[C@@H](N2)[C@@H]3C=C(N=N3)c4cccs4
dude_aldr__L005440,Cc1cc(cc(c1)N(C)C(=O)[C@@H]2C[C@H]2C(=O)[O-])C
dude_aldr__L005441,CCCc1nnc(s1)/N=C(/C(=C/c2cn(nc2c3ccc(c(c3)C)OCCC)c4ccccc4)/C#N)\[O-]
dude_aldr__L005442,CCC[C@]1(CCN(C1)C(=O)N2CCC[C@H]2CO)C(=O)[O-]
dude_aldr__L005443,CN(C)c1ccc(cc1)c2ccc(c(c2Cl)C(=O)[O-])Cl
dude_aldr__L005444,Cc1ccnc(n1)S[C@@]2(CCCC[C@H]2C(C)(C)C)C(=O)[O-]
dude_aldr__L005445,Cc1cccc(c1)[C@@H]2c3cc(ccc3CCN2C(=O)c4ccco4)O[C@@H](C)C(=O)[O-]
dude_aldr__L005446,c1ccc(cc1)n2c3c(cn2)c(nc(n3)SCc4cccc(c4)C#N)[O-]
dude_aldr__L005447,C[C@H]1C[C@@H](C(=O)C(=C1[O-])C(=O)CC2CC(=O)NC(=O)C2)C
dude_aldr__L005448,CCCCCOc1cccc(c1)[C@@H]2C(=C(C(=O)N2Cc3ccco3)[O-])C(=O)c4c(nc5n4cccc5)C
dude_aldr__L005449,C[C@H]1CCC[C@@H](C1)c2ncc(c(n2)C(F)F)C(=O)[O-]
dude_aldr__L005450,C[C@@H](C(=O)[O-])Oc1c(cc(cc1Br)C=O)[N+](=O)[O-]
dude_aldr__L005451,COc1ccc(cc1Cl)Cc2nnc(n2c3ccccc3)[S-]
dude_aldr__L005452,CCCc1nnc(n1CC(=O)N2CCN(CC2)c3ccccc3)[S-]
dude_aldr__L005453,c1cc(ccc1c2nnc(n2CC(=O)N3CCCCC3)[S-])Cl
dude_aldr__L005454,c1ccc(c(c1)C(=O)N2CCc3c(ccs3)[C@H]2C(=O)[O-])I
dude_aldr__L005455,c1nnc(n1C2CCCCC2)[C@H]3CCCC[C@H]3C(=O)[O-]
dude_aldr__L005456,c1ccc(cc1)C2=C3[C@H](N(C(=O)[C@H]3N=N2)c4ccc(cc4)C(=O)[O-])c5ccc(cc5)Cl
dude_aldr__L005457,Cc1ccc(o1)C(=O)C2=C(C(=O)N([C@H]2c3ccc(cc3)[N+](=O)[O-])c4cc(on4)C)[O-]
dude_aldr__L005458,c1ccc2c(c1)CCCN2C(=O)CN3CCN(CC3)C(=O)c4cccnc4[S-]
dude_aldr__L005459,Cc1ccc(n1C)C(=O)N2CCC[C@H]3[C@@H]2CC[C@@H](C3)C
dude_aldr__L005460,Cn1cc(cn1)[C@H]2c3cnn(c3N=C(CS2)O)c4ccccc4
dude_aldr__L005461,C[C@H]1CCc2cccc(c2N1)NC(=O)[C@@H]3CCCOC3
dude_aldr__L005462,Cc1cc2cc(ccc2[nH]1)NC(=O)c3cc4c(nn(c4nc3C)C)C
dude_aldr__L005463,c1cc(oc1)C(=O)N2CCC[C@H](C2)Nc3c4c(ncn3)CCC4
dude_aldr__L005464,C[C@H](c1cccc(c1)Cl)NC(=O)c2ccc(cc2)c3[n-]nnn3
dude_aldr__L005465,C1CS(=O)(=O)C[C@@H]1C(=O)N2CSC[C@@H]2C(=O)[O-]
dude_aldr__L005466,c1nc2c(c(n1)[S-])ncn2[C@@H]3C[C@@H]([C@H](CO3)O)O
dude_aldr__L005467,CC(=O)NCCNc1ccc(cc1S(=O)(=O)N2CCC(CC2)C(=O)[O-])[N+](=O)[O-]
dude_aldr__L005468,c1cc(ccc1/C=C/S(=O)(=O)[N-]c2ccc(cc2)C#N)Cl
dude_aldr__L005469,CC(C)(C)n1cc(cn1)/C=C(/c2nc3cc(ccc3c(n2)[O-])C(=O)OC)\Cl
dude_aldr__L005470,Cc1cc(cc(c1C)S(=O)(=O)N[C@H]2CCC[C@H]([C@@H]2C)C)C(=O)[O-]
dude_aldr__L005471,CCc1nc2c(cc(nc2n1Cc3ccc4c(c3)CCN4[C@H](c5ccccc5)C(=O)[O-])C)C
dude_aldr__L005472,C#CCOc1c(cc2c(n1)CCCC2)C(=O)[O-]
dude_aldr__L005473,Cc1cc(ccc1c2c(cc(o2)/C=C/C(=O)[O-])Br)[N+](=O)[O-]
dude_aldr__L005474,c1cc(ccc1C(=O)[C@H](C#N)c2nc(c3c4c(sc3n2)CCCC4)[O-])Cl
dude_aldr__L005475,CC1(CCN(CC1)S(=O)(=O)c2cnc(nc2)NC)C
dude_aldr__L005476,C[C@H](/C(=N/S(=O)(=O)c1ccc2c(c1)CCC2)/[O-])Oc3ccc(c(c3)F)F
dude_aldr__L005477,CCCc1nnc(s1)/N=C(/C(=O)N2CCN(CC2)C)\[O-]
dude_aldr__L005478,C[C@@H]1CO[C@@H](CN1C(=O)c2ccc3c(c2)nc(=S)n(c3[O-])C)c4ccccc4
dude_aldr__L005479,c1cc(ncc1C(=O)N2CCO[C@H]3[C@@H]2CCCC3)C(=O)[O-]
dude_aldr__L005480,C1CCCN(CC1)C(=O)CSc2nnc3n2c4c(c(n3)[O-])CCC4
dude_aldr__L005481,Cc1cc(ccc1C(=O)N2CCN(CC2)c3nccs3)N
dude_aldr__L005482,c1cc(=O)[nH]cc1S(=O)(=O)[N-]c2cc(cc(c2F)F)F
dude_aldr__L005483,Cc1cnc(s1)NC(=O)CCNC(=O)c2ccc(cc2)Br
dude_aldr__L005484,Cc1c(n2c(n1)S(=O)(=O)CC2)C(=O)[O-]
dude_aldr__L005485,CCN(CC(F)(F)F)S(=O)(=O)c1c(oc(c1C(=O)[O-])C)C
dude_aldr__L005486,c1ccc(cc1)[C@H](C(=O)[O-])Sc2nnc(o2)c3cccs3
dude_aldr__L005487,Cc1cc(n(n1)c2ccccc2F)[N-]S(=O)(=O)c3ccc(cc3)CCOC
dude_aldr__L005488,CNc1ccnc(c1)C(=O)Nc2ncc(s2)Br
dude_aldr__L005489,c1[nH]/c(=N\C(=O)[C@@H]2CCCN2C(=O)C3CC3)/[nH]n1
dude_aldr__L005490,CCN1CCc2c(s/c(=N/C(=O)c3cnc(cn3)C)/[nH]2)C1
dude_aldr__L005491,CCCC1(CCN(CC1)S(=O)(=O)c2ccc(s2)C)C(=O)[O-]
dude_aldr__L005492,Cc1cc(c(s1)C)[C@H](C)NC(=O)N(C)[C@H](C)C(=O)[O-]
dude_aldr__L005493,COCCN([C@@H]1CCS(=O)(=O)C1)C(=O)[C@H]2C[C@@H]2C(=O)[O-]
dude_aldr__L005494,C1CCC(CC1)NC(=O)N[C@H]2C[C@H]3C(=O)N4CCC[C@@H]4C(=O)N3C2
dude_aldr__L005495,c1ccc2c(c1)[C@](CCS2)(C(=O)[O-])OC3CCCCCC3
dude_aldr__L005496,C1COC[C@@H]1C(=O)N2CSC[C@@H]2C(=O)[O-]
dude_aldr__L005497,c1cc(c(cc1/C=C/C(=O)[O-])[N+](=O)[O-])Sc2ccc(cn2)C(F)(F)F
dude_aldr__L005498,CCCSCc1cc(nc(n1)SCC(=O)Nc2ccc(c(c2)F)F)[O-]
dude_aldr__L005499,CC1CCC(CC1)N2C[C@@H](CC2=O)/C(=N/S(=O)(=O)C)/[O-]
dude_aldr__L005500,CC(C)Oc1cccc(c1)/C=C/C(=O)Oc2ccc(cc2)[N-]S(=O)(=O)C
dude_aldr__L005501,c1cc(cc(c1)C(=O)[O-])C2=CCC3=NC=CC3=C2
dude_aldr__L005502,CC(=C/C(=N/S(=O)(=O)c1ccc(c(c1)Br)OC)/[O-])C
dude_aldr__L005503,CCOc1cc(cc(c1OCc2ccccc2F)Cl)[C@@H]3c4ccc(cc4OC(=C3C#N)N)O
dude_aldr__L005504,Cc1cc(ccn1)c2cc3c(cc2F)c(=O)c4c(nsc4n3C5CC5)[O-]
dude_aldr__L005505,c1cnc(nc1)N2CCC[C@H](C2)Nc3c4ccsc4ncn3
dude_aldr__L005506,Cc1ccn(n1)c2ccc(cc2Br)N
dude_aldr__L005507,COc1ccc(cc1)[C@H]2C[C@@H](n3c(nnn3)N2)c4ccc(cc4)F
dude_aldr__L005508,Cc1cc(cc(c1OCc2cccnc2)C)C(=O)Nc3nc([n-]n3)C(F)(F)F
dude_aldr__L005509,CC[C@@H]1CCCN(C1)C(=O)N2CCO[C@@H](C2)C(=O)[O-]
dude_aldr__L005510,CC(C)c1ccc(cc1)N2C(=O)/C(=C\[C@H]3C=CC=N3)/C(=NC2=S)[O-]
dude_aldr__L005511,C[C@@H](C(=O)[O-])[C@](C)(c1ccc(cc1)SC)O
dude_aldr__L005512,CC(C)c1ccc(cc1)[C@@H]([C@H]2CC=CC[C@@H]2C(=O)[O-])O
dude_aldr__L005513,c1cc(ccc1OC(F)(F)F)S(=O)(=O)N2CCC[C@@H](C2)C(=O)[O-]
dude_aldr__L005514,c1cc(ccc1C(=O)[O-])S[C@H]2CC(=O)N(C2=O)C3CC3
dude_aldr__L005515,Cn1cc(cc1C(=O)NNC(=O)[C@@H]2C[C@H]3CC[C@@H]2C3)Br
dude_aldr__L005516,Cc1cccc(c1)CSCC(=O)N2CCc3cc(c(cc3[C@@H]2CC(=O)[O-])OC)OC
dude_aldr__L005517,C[C@@H](CC#N)Sc1ccccc1[N-]S(=O)(=O)c2cc(cc(c2)F)F
dude_aldr__L005518,C[C@@H]1C[C@H](CN(C1)C(=O)N2CCCC[C@@H]2C(=O)[O-])C
dude_aldr__L005519,Cc1cc(nc(c1C(=O)[O-])SCC(=O)N[C@H](C)c2ccccc2Br)C
dude_aldr__L005520,c1ccnc(c1)C(=O)N[N-]S(=O)(=O)c2cc(c(nc2)Cl)Cl
dude_aldr__L005521,CC[C@@H](C)N1C(=O)/C(=C/c2cc3c4c(c2)CCCN4CCC3)/C(=NC1=S)[O-]
dude_aldr__L005522,Cc1nnc(s1)NC(=O)C2CCN(CC2)[C@H]3[C@H]4C(=NC=N4)[N-]C(=N3)Cl
dude_aldr__L005523,CC(=O)NCc1ccc(s1)c2csc(n2)NC(=O)c3ccsc3
dude_aldr__L005524,c1ccc(c(c1)c2ccc(s2)/C=C(\C#N)/c3nc4ccc(cc4c(n3)[O-])Br)F
dude_aldr__L005525,C[C@]12CC[C@H](C[C@@H]1CC[C@@H]3[C@@H]2CC[C@@]4([C@@H]3CC(=O)[C@@H]4O)C)O
dude_aldr__L005526,c1cc(ccc1c2ccc(o2)/C=C/3\C(=NC(=S)S3)[O-])[N+](=O)[O-]
dude_aldr__L005527,Cc1c(sc(n1)Cl)S(=O)(=O)[N-]c2cc(no2)C(C)(C)C
dude_aldr__L005528,Cn1c(ncn1)c2ccnc(n2)N[C@@H]3CCc4ccccc4C3
dude_aldr__L005529,CC(C)C1=C[C@@]23CC[C@@H]4[C@@]([C@@H]2C[C@@H]1[C@@H]5[C@@H]3C(=O)N(C5=O)c6ccccc6)(CCC[C@@]4(C)C(=O)[O-])C
dude_aldr__L005530,CN1[C@H]2C(=NC(=N2)N3CCC[C@H](C3)C(=O)[O-])C(=O)N(C1=O)C
dude_aldr__L005531,Cc1cc(ccc1Br)[N-]S(=O)(=O)c2cc(cnc2)Br
dude_aldr__L005532,c1cc(nnc1N2CCCC[C@H]2CO)Cl
dude_aldr__L005533,Cc1ccc(o1)/C(=C(\C#N)/C(=O)Nc2cc(cc(c2)Cl)Cl)/[O-]
dude_aldr__L005534,c1cc(ccc1C(=O)C[C@@H](C(=O)[O-])n2cnc(n2)[N+](=O)[O-])Br
dude_aldr__L005535,COCCOCC/C(=N/S(=O)(=O)c1ccc(s1)Br)/[O-]
dude_aldr__L005536,Cc1c(scn1)C(=O)Nc2ccc(cc2C(=O)[O-])I
dude_aldr__L005537,CC(C)(C)c1ncc(c(n1)C(F)F)C(=O)[O-]
dude_aldr__L005538,Cc1ccc(cc1[N-]S(=O)(=O)c2ccc3c(c2)ccc(=O)o3)C#N
dude_aldr__L005539,CC[C@H](C)c1ccc(cc1)N2C(=O)/C(=C/c3cn(c4c3cccc4)Cc5ccc(cc5)C)/C(=NC2=O)[O-]
dude_aldr__L005540,c1c(c2c(c(c1Cl)Cl)[C@@H]3C=CC[C@@H]3[C@H](N2)C(=O)[O-])Cl
dude_aldr__L005541,CCn1c(c2ccc(cc2nc1=S)C(=O)Nc3nnc(s3)C(C)C)[O-]
dude_aldr__L005542,CC(C)c1nnc(n1C2CC2)SCC(=O)N3CCCC[C@H]3C(=O)[O-]
dude_aldr__L005543,Cc1cc(c(n1c2[n-]cnn2)C)C(=O)CSc3ccc(cn3)S(=O)(=O)N(C)C4CCCCC4
dude_aldr__L005544,Cc1c2c(nc3n(c2=O)CCCCC3)sc1C(=O)Nc4[n-]nc(n4)SC
dude_aldr__L005545,Cn1c(nnc1Sc2ccc(cc2[N+](=O)[O-])/C=C/C(=O)[O-])C3CC3
dude_aldr__L005546,CCC(CC)(CC(=O)N1CCN(CC1)C(=O)OC)C(=O)[O-]
dude_aldr__L005547,Cc1csc(n1)N2CCCN(CC2)C(=O)N[C@H]3CCc4c3cccc4
dude_aldr__L005548,C[C@@H]1CCCC[C@@H]1NC(=O)Nc2ccc(cc2)[C@@H](C)O
dude_aldr__L005549,Cc1ccc(cc1)COc2c(cc(cc2Cl)/C=C/3\C(=NC(=O)N(C3=O)c4ccc(cc4)F)[O-])Cl
dude_aldr__L005550,C[C@@H](CC#N)Sc1ccccc1[N-]S(=O)(=O)C2CCCCC2
dude_aldr__L005551,C1CCN(CC1)C(=O)N(CC(=O)[O-])[C@@H]2CCS(=O)(=O)C2
dude_aldr__L005552,CN1C(=O)C(=CN[N-]S(=O)(=O)c2cccc(c2)[N+](=O)[O-])C(=O)N(C1=O)C
dude_aldr__L005553,C[C@H]1CCc2c(sc3c2c(=O)n(nn3)CC(C)(C)C(=O)[O-])C1
dude_aldr__L005554,Cc1c([nH]c2c1cc(cc2)C(=O)N[C@H]3CCSc4c3cccc4)C
dude_aldr__L005555,CN(Cc1cc(sc1)/C=C/C(=O)[O-])C(=O)c2ccccn2
dude_aldr__L005556,Cc1c(c(=O)[nH]c(n1)S[C@H](C)C(=O)N2CCC(CC2)C)CCC(=O)[O-]
dude_aldr__L005557,C1CCC2(CC1)OC[C@H](O2)[C@H]3[C@@H]4[C@@H]([C@@H](O3)O)OC5(O4)CCCCC5
dude_aldr__L005558,c1cc(sc1c2cc(sc2)C=O)C(=O)[O-]
dude_aldr__L005559,CCCc1nnc(s1)/N=C(/C(=O)N2CCC[C@@H](C2)Cc3ccc(cc3)C)\[O-]
dude_aldr__L005560,CCN(CC(=C)C)C(=O)N1C[C@@H](C[C@H]1C(=O)[O-])OC
dude_aldr__L005561,C[C@H]1CCCC[C@@H]1NC(=O)c2cc3c(n2C)nc4ccccn4c3=O
dude_aldr__L005562,C[C@@H](c1ccc(cc1)F)N(C)C(=O)c2ccc(cc2)c3[n-]nnn3
dude_aldr__L005563,C[C@H]1CCc2ccccc2N1C(=O)c3ccccc3NN
dude_aldr__L005564,CC1=C2C=C[C@@]3(C[C@@H]([C@H](C[C@@H]3[C@@H]2CCC1=O)O)O)C
dude_aldr__L005565,c1cc(c(cc1Br)/C=N\NC2=CN=NC(=O)[C@H]2Cl)O
dude_aldr__L005566,CC(C)(C)c1ccc(cc1)[C@@H]2N([C@H](CS2)C(=O)[O-])C(=O)c3ccc(cc3)Cl
dude_aldr__L005567,Cc1ccc(cc1)[C@@H](C(=O)NC(C)(C)CC(C)(C)C)N(c2ccccc2Cl)C(=O)c3cccc(c3O)O
dude_aldr__L005568,Cc1cc(nc(c1C(=O)[O-])S[C@@H](C)c2[nH]c(=O)c3c(c(sc3n2)C)C)C
dude_aldr__L005569,C[C@@H](C(=O)N1CSC[C@@H]1C(=O)[O-])Oc2ccc(cc2Br)Cl
dude_aldr__L005570,Cc1cc(cc(c1)[N-]S(=O)(=O)c2ccc(cc2)S(=O)(=O)C)C
dude_aldr__L005571,C1CN(CCC1C(=O)[O-])S(=O)(=O)N2CCOCC2
dude_aldr__L005572,CN(C)n1c2c(c3c(c1=O)c(cc(=O)o3)[O-])CCCCC2
dude_aldr__L005573,CCn1c(c(cn1)n2c(nnc2[S-])CCn3cc(cn3)Cl)C
dude_aldr__L005574,COC(=O)c1c2c(sc1NC(=O)[C@@H]3CCCC[C@H]3C(=O)[O-])CCCCC2
dude_aldr__L005575,CC[C@@H](C)/C(=N/S(=O)(=O)c1cnn(c1)C)/[O-]
dude_aldr__L005576,CSCc1ccc(o1)C(=O)N2CC[C@H](C2)C(=O)[O-]
dude_aldr__L005577,c1csc(n1)/N=C/c2cc(cc(c2[O-])Br)[N+](=O)[O-]
dude_aldr__L005578,c1nc2c(c3c(s2)CCCC3)c(n1)SCC(=O)N4CCC[C@H](C4)C(=O)[O-]
dude_aldr__L005579,c1cc(cnc1)[C@@H]2C[C@H](N3C(=N2)[NH+]=CN3)c4cccs4
dude_aldr__L005580,Cc1cc(c(n1CCOC)C)/C=C(\C#N)/C(=N/S(=O)(=O)N(C)C)/[O-]
dude_aldr__L005581,c1cc(cc(c1)[N+](=O)[O-])[C@@H]2CC(=Nc3n2nnn3)C(=O)[O-]
dude_aldr__L005582,Cc1ccc(cc1/C(=N/S(=O)(=O)c2ccsc2C(=O)OC)/[O-])[N+](=O)[O-]
dude_aldr__L005583,CC(C)Oc1ccc(cc1NC(=O)C(=O)N[C@@H]2CCc3c2ccc(c3)Cl)C#N
dude_aldr__L005584,C[C@@H]1CCC[C@@H]([C@@H]1C)NC(=O)c2cc(nc(c2)Cl)NN
dude_aldr__L005585,Cc1ccc2c(c1)[nH]c(n2)S[C@H](C)C(=O)N3C[C@H](O[C@@H](C3)C)C
dude_aldr__L005586,Cc1ccc(cc1)S(=O)(=O)N(Cc2cccnc2)[C@H]3CC(=O)C(=C3[O-])c4ccccc4
dude_aldr__L005587,c1cc(ccc1C#N)[N-]S(=O)(=O)c2ccc(s2)c3ccno3
dude_aldr__L005588,CC1([C@@H](CC[C@@]1(C)C(=O)[O-])C(=O)OC)C
dude_aldr__L005589,Cc1ccc(cc1)C(=O)N2CCC[C@H](C2)/C(=C(/C#N)\C(=O)c3ccoc3C)/[O-]
dude_aldr__L005590,c1cc(ccc1c2ccc3nncn3n2)NC(=O)C4CCCC4
dude_aldr__L005591,Cc1cc(c(s1)C)[C@@H](C)Nc2cccc(c2C)C(=O)[O-]
dude_aldr__L005592,Cc1ccccc1C(=O)Oc2ccc(cc2)[C@H](c3c([nH]nc3O)C)c4c(n[nH]c4O)C
dude_aldr__L005593,C[C@@H](C(=O)[O-])N(C)C(=O)N1CCCOCC1
dude_aldr__L005594,C1CC1(CO)C#N
dude_aldr__L005595,C1CCCC(CCC1)N2C[C@H](CC2=O)C(=O)[O-]
dude_aldr__L005596,Cc1ccc2c(c1)C[C@@H](N2S(=O)(=O)c3nnc(s3)/N=C(/c4cccs4)\[O-])C
dude_aldr__L005597,Cc1c\2c(oc1C(=O)N3CCCC[C@@H]3C)CCC/C2=N\NC(=O)c4ccco4
dude_aldr__L005598,Cc1cc(n(n1)C)SCc2cc(no2)C(=O)[O-]
dude_aldr__L005599,CC(C)CS(=O)(=O)/N=C(/c1ccccc1CS(=O)(=O)c2ccccc2)\[O-]
dude_aldr__L005600,CCOc1ccccc1[N-]S(=O)(=O)c2c(nc3n2nc(s3)C)C
dude_aldr__L005601,CCOc1cccc(c1)c2nnc(n2/N=C/c3ccc(s3)Br)[S-]
dude_aldr__L005602,CN(Cc1cscn1)c2cc(ccc2/C=C/C(=O)[O-])Br
dude_aldr__L005603,CS(=O)(=O)N1CCC(CC1)C(=O)N2CCC[C@@H]2CC(=O)[O-]
dude_aldr__L005604,CC(C)(C)[C@@H]1CCCC[C@@]1(C(=O)[O-])n2c(=O)cccn2
dude_aldr__L005605,c1ccc(c(c1)C(F)(F)F)Nc2c(c(ncn2)Nc3ccc4c(c3)OCO4)N
dude_aldr__L005606,c1ccc(cc1)n2c(nnn2)N3CCC[C@@H](C3)Cn4cc(nn4)C(=O)[O-]
dude_aldr__L005607,CCc1cccc(c1)[N-]S(=O)(=O)c2cc(oc2C)[C@@H]3C(=CN=N3)C(=O)N(C)C
dude_aldr__L005608,OC(=O)CC2C(=O)N(Cc1ccc(Cl)c(Cl)c1)C(=O)c3cccn23
dude_aldr__L005609,CC1=NN=C2[C@H]1[C@@H](C(=C(O2)N)C#N)c3c(c(c(c(c3F)F)F)F)F
dude_aldr__L005610,COc1ccccc1Oc2ccc(cc2)[N-]S(=O)(=O)c3ccc(c(c3)C(F)(F)F)Cl
dude_aldr__L005611,Cc1c(cc(cn1)N)C(=O)N2CCO[C@H]3[C@@H]2CCC3
dude_aldr__L005612,C#CCSc1nc(c(nn1)c2ccccc2)[O-]
dude_aldr__L005613,c1ccc(cc1)c2csc3c2c(ncn3)SCC(=O)N4CCCC[C@H]4C(=O)[O-]
dude_aldr__L005614,C[C@H](C(=O)NC1CCCC1)N2CCO[C@@H](C2)C(=O)[O-]
dude_aldr__L005615,Cc1ccc(c[n+]1/C(=C(\N[C@@H](C)C2CC2)/[S-])/C(=O)c3ccc(s3)Cl)[O-]
dude_aldr__L005616,c1cc2c(c(c1)NC(=O)C(=O)NCCNc3c(cccn3)C#N)CCCC2
dude_aldr__L005617,CC(C)c1ccc(cc1)CN(C2CC2)C(=O)c3cccc(c3)c4n[n-]nn4
dude_aldr__L005618,CC(=O)N1CCCN(CC1)C(=O)C(=O)[O-]
dude_aldr__L005619,Cc1c(sc(n1)[N-]S(=O)(=O)c2cc(ccc2OC)OC)SC
dude_aldr__L005620,Cc1c2c(cc(nc2n(n1)c3ccccc3)C(F)(F)F)[O-]
dude_aldr__L005621,Cc1cc[nH]/c(=N\S(=O)(=O)c2c(nc3n2ccs3)N)/c1
dude_aldr__L005622,CCOc1ccc(cc1)C2=C([C@@H](c3ccccc3O2)c4ccccc4C)/C=C/5\C(=NC(=S)S5)[O-]
dude_aldr__L005623,C[C@@H](C(=O)N1CCCCCC1)Nc2ccc3c(c2)CCN3C(=O)C
dude_aldr__L005624,Cc1c(cc(o1)C[S@@](=O)c2ccc(c(c2)F)F)C(=O)[O-]
dude_aldr__L005625,C[C@@H]1c2ccsc2CCN1C(=O)c3ccc(nn3)N
dude_aldr__L005626,c1ccc(c(c1)Sc2ccc(cc2C(=O)[O-])S(=O)(=O)N3CCOCC3)Br
dude_aldr__L005627,C=CCOc1ccc(cc1)[C@@H]2C(=C(OC3=C2C(=O)c4ccccc4C3=O)N)C#N
dude_aldr__L005628,c1ccc2c(c1)ncn2c3ccc(cn3)/N=C(/C(=C\c4ccco4)/C#N)\[O-]
dude_aldr__L005629,Cc1ccc(cc1)c2nnc(n2CC(=O)NCc3ccc(cc3)F)[S-]
dude_aldr__L005630,CCC(C)(C)NC(=O)c1ccc(cc1)[N-]S(=O)(=O)C2CCCCC2
dude_aldr__L005631,C1CCN(CC1)C(=O)C2=CC[C@@]3(C[C@]2(CN(C3)CCC(=O)[O-])[N+](=O)[O-])[N+](=O)[O-]
dude_aldr__L005632,Cc1ccc(cc1)S(=O)(=O)[N-]c2c(cno2)c3ccccc3
dude_aldr__L005633,Cc1cc(cc(c1)OCC(=O)N2[C@H]3CCCC[C@H]3C[C@H]2C(=O)[O-])C
dude_aldr__L005634,c1cc(ccc1Cn2cncn2)n3c(nnc3[S-])c4ccc(cc4Cl)Cl
dude_aldr__L005635,Cc1ccc(c(c1)C)CN(C)C(=O)c2ccc3c(c2)nc(n(c3=O)CCCOC)[S-]
dude_aldr__L005636,C[C@@H](Cn1cccn1)Nc2ccc(cc2N)Br
dude_aldr__L005637,c1c2c(sc1C(=O)N3CCCC[C@H]3C(=O)[O-])CCCC2
dude_aldr__L005638,Cc1nnc(s1)N2[C@@H](C(=C(C2=O)[O-])C(=O)/C=C/c3ccccc3)c4ccc(cc4)Br
dude_aldr__L005639,c1c(cncc1Br)C(=O)N2[C@H]3CCCC[C@@H]3C[C@H]2C(=O)[O-]
dude_aldr__L005640,Cc1cnc(nc1)Sc2ccc(nn2)C(=O)[O-]
dude_aldr__L005641,Cc2c(C)c(=O)n(Cc1ccc(Br)cc1F)nc2CC(O)=O
dude_aldr__L005642,CN(C1CCCCCC1)C(=O)N2CCCC[C@H]2C(=O)[O-]
dude_aldr__L005643,CC(C)[C@@H](C(=O)N1CCC(CC1)NC(=O)C(C)C)NC(=O)Nc2ccccc2
dude_aldr__L005644,C[C@@H]1CC[C@H](CN1c2c3c4c(sc3nc(n2)c5cccnc5)CCC4)C(=O)N
dude_aldr__L005645,CC(C)n1c(nnn1)SCC(=O)N2CCC[C@@H](C2)C(=O)[O-]
dude_aldr__L005646,Cc1cc(cs1)c2nnc(n2Cc3ccccc3)[S-]
dude_aldr__L005647,CCOC(=O)Cc1csc(n1)[N-]S(=O)(=O)/C=C/c2ccc(cc2)C
dude_aldr__L005648,c1ccc(cc1)c2nnc3n2c(c4c5c(sc4n3)CCC5)[O-]
dude_aldr__L005649,Cc1cc(c(cc1S(=O)(=O)[N-]c2nc(c(s2)C(=O)OC)C)OC)OC
dude_aldr__L005650,CN([C@@H]1CCSC1)C(=O)Nc2cc(cnc2)C(=O)[O-]
dude_aldr__L005651,C[C@@H]1CCCCN1C(=O)c2ccc(cc2)[N-]S(=O)(=O)c3ccc(nc3)Cl
dude_aldr__L005652,Cc1ccc(cc1)c2nnc(n2N)S[C@@H](C)C(=O)Nc3c(c4c(s3)CCCCC4)C#N
dude_aldr__L005653,COc1cc(ccn1)C[N-]S(=O)(=O)c2cc(cnc2Cl)Br
dude_aldr__L005654,CC(C)N(C)C(=O)N1CSC[C@@H]1C(=O)[O-]
dude_aldr__L005655,CCCN([C@H]1CCS(=O)(=O)C1)C(=O)CSc2nnc(n2CC(=O)[O-])c3ccc(cc3)Cl
dude_aldr__L005656,Cc1cc(cc(c1)n2c3c(cn2)c(ncn3)[S-])C
dude_aldr__L005657,C[C@H](C(=O)N1CCC[C@@H]1C(=O)[O-])Oc2cccc(c2)N(C)C
dude_aldr__L005658,Cc1cccc(c1[N-]S(=O)(=O)C2=CC(=NC2)C(=O)N3CCCC3)C(=O)N
dude_aldr__L005659,Cc1cc\2c(c(n1)[S-])C(=O)O/C2=C\c3cc4cccc(c4o3)OC
dude_aldr__L005660,c1nnc(n1C2CC2)SCC(=O)N3CC[C@@H](C3)C(=O)[O-]
dude_aldr__L005661,C[C@H]([C@@H](C(=O)[O-])NC(=O)N1CCOC(C1)(C)C)O
dude_aldr__L005662,c1ccc(c(c1)c2nnc(o2)S/C(=C(\c3ccc(cc3)Cl)/O)/N=N/c4ccc(cc4)[N+](=O)[O-])N
dude_aldr__L005663,CC\1=NN(C(=O)/C1=C\c2ccc(cc2)N(C)C)c3[n-]nnn3
dude_aldr__L005664,C[C@@H](C(=O)NCc1ccc(cc1)COC)n2c(nnc2[S-])c3cccs3
dude_aldr__L005665,CC[C@@H]1CCCN1C(=O)N2CCC(CC2)(CC)C(=O)[O-]
dude_aldr__L005666,Cc1ccc(cc1[N-]S(=O)(=O)C)C(=O)N2CCCCC[C@H]2c3ccncc3
dude_aldr__L005667,CS(=O)(=O)c1ccc(c(c1)N)Nc2ccc(c(c2)F)Cl
dude_aldr__L005668,CC[C@@H](C)N(CC(=O)[O-])C(=O)N1C[C@@H](C[C@@H](C1)C)C
dude_aldr__L005669,C[C@H]1C[C@@H](CN(C1)C(=O)c2cc(ccc2[N+](=O)[O-])NC)C
dude_aldr__L005670,CC1(CC(=NO)CC(N1OC(=O)c2ccc(cc2)N(C)C)(C)C)C
dude_aldr__L005671,CC[C@@H](C)N1CCN(CC1)S(=O)(=O)[C@H](C)C(=O)[O-]
dude_aldr__L005672,C[C@@H](C(=O)N1CCN(CC1)S(=O)(=O)c2ccccc2)Oc3cc(ccc3[N+](=O)[O-])C(=O)[O-]
dude_aldr__L005673,Cc1cccc(c1)[C@@H]2CCCN2C(=O)Nc3cccc4c3OCCO4
dude_aldr__L005674,c1cc(c(c2c1scn2)[N-]S(=O)(=O)c3cc(cnc3)Br)Cl
dude_aldr__L005675,CC[C@@H]1CCCC[C@H]1Oc2cccc(c2/C(=N/O)/N)Cl
dude_aldr__L005676,Cc1cc(cc(c1)N(C)C(=O)c2ccc(c(c2)C)NN)C
dude_aldr__L005677,c1cc(cc(c1)/C(=N/S(=O)(=O)C2CCCCC2)/[O-])C#N
dude_aldr__L005678,Cc1cc(ccc1Cl)OCc2nnc(o2)[S-]
dude_aldr__L005679,CC1=Nc2c3ccccc3nc(=O)n2[C@H]1C(=O)[O-]
dude_aldr__L005680,Cc1cc(cc(c1)N(C)C(=O)N2CC[C@H](C2)C(=O)[O-])C
dude_aldr__L005681,CC(C)Cc1c2c(c3c4c(c([nH]c(=S)n4)[O-])sc3n1)CCC2
dude_aldr__L005682,CCOc1ccc2c(c1)sc(n2)[N-]S(=O)(=O)c3ccccc3C#N
dude_aldr__L005683,CC1([C@H]2CC[C@@]13CS(=O)(=O)N([C@@H]3C2)C(=O)c4ccccc4C(=O)[O-])C
dude_aldr__L005684,c1cc(c(cc1C(=O)[O-])[N+](=O)[O-])N2CCC[C@H](C2)C(F)(F)F
dude_aldr__L005685,c1ccc2c(c1)C[C@H]([C@H]2NS(=O)(=O)N3CCOCC3)O
dude_aldr__L005686,CCC(=O)N1C[C@@]23C=C[C@@H](O2)C[C@@H]3CC14CCCCC4
dude_aldr__L005687,CCCS(=O)(=O)N1CCC[C@H]1/C(=N/c2nnc(s2)CC)/[O-]
dude_aldr__L005688,Cc1cc(nc(c1C(=O)[O-])SCC(=O)N(CCC#N)c2ccc(cc2)F)C
dude_aldr__L005689,C[C@@H]1CCC[C@@H]([C@@H]1C)NC(=O)N2CCC(CC2)(C)C(=O)[O-]
dude_aldr__L005690,CC1(CC(=C2[C@H](C(=C(N=C2C1)SCC(=O)c3ccccc3)C#N)c4ccc(cc4)Cl)[O-])C
dude_aldr__L005691,Cc1ccc(cc1)N2[C@@H]3CS(=O)(=O)C[C@H]3NC2=S
dude_aldr__L005692,CCN([C@@H]1CCS(=O)(=O)C1)C(=O)CC(C)(C)CC(=O)[O-]
dude_aldr__L005693,c1cc(ccc1c2ccc(o2)/C=N/N=C/3\NC(=O)[C@H](S3)CC(=O)[O-])Cl
dude_aldr__L005694,Cc1nnc(s1)n2c(c(nn2)CO)c3ccc(cc3)F
dude_aldr__L005695,Cc1cc(cc(c1)N(C)C(=O)N2CCC[C@@H](C2)C(=O)[O-])C
dude_aldr__L005696,CC[C@@H](C)n1c(nnc1SCC(=O)[O-])C2CC2
dude_aldr__L005697,Cc1ccc(cc1F)S(=O)(=O)[N-]c2cccc(c2)C(=O)N(C3CC3)[C@@H](C)c4ccco4
dude_aldr__L005698,Cc1cc2c(cc1C)n(c-3nc(=O)[nH]c(=O)c3n2)[C@@H]([C@H]([C@@H]([C@@H](CO)O)O)O)O
dude_aldr__L005699,Cc1ccc2c(c1)c(c(nn2)C#N)Nc3cccc(c3)Cn4ccnc4
dude_aldr__L005700,CC(C)(/C(=N/O)/N)NC(=O)c1cc2c(s1)CCC2
dude_aldr__L005701,Cc1cc(c(n1c2ccc(c(c2)Cl)C(=O)[O-])C)C=O
dude_aldr__L005702,Cc1cccc(c1)N/C(=C(\C#N)/C(=O)C2CCN(CC2)C(=O)c3ccoc3)/[O-]
dude_aldr__L005703,CS(=O)(=O)N1CCC[C@H](C1)C(=O)N[C@@H]2CCCC[C@@H]2O
dude_aldr__L005704,c1cnccc1/C=C(\C#N)/c2[n-]c(nn2)Cn3cncn3
dude_aldr__L005705,CC(=C)c1cccc(c1)C(C)(C)NC(=O)N[C@H]2CCCC[C@@H]2NC(=O)NC(C)(C)c3cccc(c3)C(=C)C
dude_aldr__L005706,C1CCCC(CC1)(C(=O)[O-])N2C(=O)[C@H]3CCCC[C@@H]3C2=O
dude_aldr__L005707,C[C@H]1CCCC[C@@]1(C(=O)[O-])NC(=O)c2cccc(c2)I
dude_aldr__L005708,Cc1nc2c(cnn2c3ccccc3)c(n1)[S-]
dude_aldr__L005709,Cc1ccc2c(c1)S(=O)(=O)N=C([N-]2)SCC(=O)C
dude_aldr__L005710,COc1ccc(cc1)S(=O)(=O)[N-]c2c3c(ns2)CCC3
dude_aldr__L005711,Cc1ccc(cc1C)NC(=O)C[C@H]2C(=O)N=C(S2)N[C@H](c3ccc(cc3)O)c4c([nH]c(=O)[nH]c4=O)[O-]
dude_aldr__L005712,CCCc1nnc(n1CCCN2CCOCC2)[S-]
dude_aldr__L005713,Cc1ccc(cc1)[C@H]2CC(=C(C(=O)C2)/C=N/Nc3nc(cc(n3)C)C)[O-]
dude_aldr__L005714,CC(C)(C)OC(=O)N1C[C@@H]([C@H]([C@H]([C@@H]1CO)O)O)O
dude_aldr__L005715,OC(=O)Cc3nn(Cc2cc1c(Cl)cccc1s2)c(=O)c4ccccc34
dude_aldr__L005716,CC1CCN(CC1)C(=O)c2ccccc2NCC(=O)NC(=O)NC(C)C
dude_aldr__L005717,CCCSC1=NC(=O)[C@H]2[C@H](C3=C(CCCC3=NC2=N1)[O-])c4cccc(c4Cl)Cl
dude_aldr__L005718,c1ccc(cc1)N2[C@@H](N=C(C(=C2[S-])C#N)O)c3cccs3
dude_aldr__L005719,CC/C=C(/C)\C(=O)N1CCC(CC1)(C)C(=O)[O-]
dude_aldr__L005720,c1ccc(cc1)Oc2c(cc(cn2)Br)N
dude_aldr__L005721,C[C@H](CCCC(C)C)[C@@H]1CC[C@H]2[C@@]1(CC[C@@H]3[C@@H]2CC[C@@H]4[C@@]3(CC[C@@H](C4)OS(=O)(=O)[O-])C)C
dude_aldr__L005722,Cc1ccc(cc1[N-]S(=O)(=O)c2c(nn(c2Cl)C)C)Cl
dude_aldr__L005723,CCCCOc1ccc(cc1C)C(=O)C2=C(C(=O)N([C@H]2c3ccccc3)c4nnc(s4)SCC)[O-]
dude_aldr__L005724,Cc1ccc(o1)c2nc(c(s2)/C(=C(\C#N)/C(=O)N3CCCCC3)/[O-])C
dude_aldr__L005725,CCCNc1nnc(s1)Sc2ccc(cc2S(=O)(=O)N3CCC(CC3)C(=O)[O-])[N+](=O)[O-]
dude_aldr__L005726,CC(C)[C@@H](C(=O)[O-])NC(=O)c1ccc(o1)Br
dude_aldr__L005727,CCCCNC(=O)[C@H]1CCC[NH+](C1)[C@@H](C)c2[nH]c(=O)c3c(c(sc3n2)C)C
dude_aldr__L005728,Cc1ccc(cc1)n2c(c3c(n2)CSC3)NC(=O)C(=O)NC4CCCCC4
dude_aldr__L005729,Cc1ccc(cc1S(=O)(=O)N2CCN(CC2)S(=O)(=O)c3cc(cc(c3C)C)C(=O)[O-])[N+](=O)[O-]
dude_aldr__L005730,COc1nc(c(c(n1)O)Br)N[C@H]2[C@@H]([C@H]([C@@H]([C@H](O2)CO)O)O)O
dude_aldr__L005731,c1ccc2c(c1)C[C@@H]([C@@H]3N2CCN(C3)C(=O)c4ccco4)C(=O)[O-]
dude_aldr__L005732,c1cc(ccc1/C=C(/c2nc(c3c4c(sc3n2)CCC4)[O-])\Cl)C#N
dude_aldr__L005733,Cc1c2c(c(c(nc2n(n1)c3ccccc3)[O-])C#N)c4cccnc4
dude_aldr__L005734,Cc1ccc2c(c1C)NC(=O)[C@@]23[C@H]4[C@@H]([C@H](N3)CCSC)C(=O)N(C4=O)C5CCCC5
dude_aldr__L005735,C[C@@H]1CCCN([C@@H]1C)S(=O)(=O)c2cccnc2N
dude_aldr__L005736,CN3C(=O)Nc2cc(N1CCOCC1)c(N(=O)=O)cc2C34NC(=O)NC4=O
dude_aldr__L005737,Cc1ccc(s1)[C@@H](C(=O)[O-])Nc2ccccc2
dude_aldr__L005738,Cc1ccc(cc1)N2C(=O)/C(=C\[C@@H]3C=CC=N3)/C(=NC2=S)[O-]
dude_aldr__L005739,c1cc(sc1CC(=O)[O-])S(=O)(=O)N2C[C@H]3CC[C@@H]2C3
dude_aldr__L005740,C[C@@H]1CCC[C@H](N1C(=O)[C@H]2[C@H](C3CCC2CC3)C(=O)[O-])C
dude_aldr__L005741,c1ccc2c(c1)c3c([nH]2)[C@@H](CCC3)c4[n-]nnn4
dude_aldr__L005742,CC(C)Oc1c(cccn1)[N-]S(=O)(=O)c2ccc(s2)Br
dude_aldr__L005743,Cc1c(c(n(n1)C)C)S(=O)(=O)/N=C(/c2csnn2)\[O-]
dude_aldr__L005744,CCOC(=O)C4=C(O)C(=O)N(C2c1ccccc1c3ccccc23)C4
dude_aldr__L005745,CCn1cc(cn1)S(=O)(=O)[N-]c2ccc(cc2)OCC(=O)N(C)C
dude_aldr__L005746,Cc1c(cc(s1)c2nc(on2)C)S(=O)(=O)[N-]c3ccc4c(c3)OCCO4
dude_aldr__L005747,C[C@]1(CCCN(C1)C(=O)c2ccc(n2C)[N+](=O)[O-])C(=O)[O-]
dude_aldr__L005748,c1ccc(cc1)Cc2cnc(s2)[N-]S(=O)(=O)c3cnn(c3)c4ccccc4
dude_aldr__L005749,Cc1c(cc(s1)/C(=N/S(=O)(=O)N2CCCCC2)/[O-])[N+](=O)[O-]
dude_aldr__L005750,Cc1ccc(cc1Cl)c2nc(c(nn2)CCC(=O)NCc3cccnc3)[O-]
dude_aldr__L005751,CCOc1cc(cc(c1OCC(=O)OCC)I)C(=O)[O-]
dude_aldr__L005752,c1cc(oc1)c2ccnc3n2ncc3C(=O)Nc4ccc5c(c4)CCC5
dude_aldr__L005753,Cc1nc(cs1)/C=C/C(=N/S(=O)(=O)N2CCC(CC2)C(=O)OC)/[O-]
dude_aldr__L005754,c1ccc(c(c1)NC(=O)N2CCC[C@@H]2c3ccc[nH]3)F
dude_aldr__L005755,C1CN(C[C@@H]1C(=O)[O-])C(=O)N(CC(F)(F)F)C2CC2
dude_aldr__L005756,Cc1ccc(cc1)S(=O)(=O)/N=C(/N2CC[C@H](C2)c3ccco3)\[O-]
dude_aldr__L005757,C/C(=N\Cc1cccc(c1)F)/C2=C(c3cc4ccccc4n3C2)[O-]
dude_aldr__L005758,Cc1c(nnc(c1C#N)N[C@H]2CC[NH+]3[C@@H]2CCCC3)C
dude_aldr__L005759,CC[C@@]1(CCCN(C1)C(=O)N2C[C@H]3CC[C@@H]2C3)C(=O)[O-]
dude_aldr__L005760,Cc1cn2c(csc2n1)CC(=O)N3CSC[C@H]3C(=O)[O-]
dude_aldr__L005761,CC1([C@@H]([C@H](SC2=NC(=O)S[C@@H]21)C(=O)[O-])C(=O)c3ccc4c(c3)CCCC4)C
dude_aldr__L005762,Cc1ccsc1[C@H]2C(=C(C(=O)N2Cc3cccnc3)[O-])C(=O)c4c(nc(s4)C)C
dude_aldr__L005763,Cc1c2c(nc(n1)N)C[C@H](CC2=O)c3ccco3
dude_aldr__L005764,Cc1nc(on1)Cn2c(nnc2[S-])c3ccncc3
dude_aldr__L005765,C[C@@H]1c2ccsc2CCN1c3ccc(cn3)C(=S)N
dude_aldr__L005766,C[C@@H](C(=O)OC)S(=O)(=O)[N-]c1cc(ccc1Cl)Br
dude_aldr__L005767,C[C@@H]1[C@@H]2[C@H]([C@@H](O1)n3cc(c(=S)nc3[O-])F)OC(O2)(C)C
dude_aldr__L005768,Cc1c(sc2c1c(=O)n(c(n2)SCc3c(cco3)C(=O)[O-])CC=C)C
dude_aldr__L005769,C[C@H](/C(=N/S(=O)(=O)c1ccc(cc1C(F)(F)F)C#N)/[O-])OCC2CC2
dude_aldr__L005770,CC(=O)OCC(=O)[C@]1(CC[C@H]2[C@@]1(CC(=O)[C@@H]3[C@@H]2CC[C@H]4[C@@]3(CC[C@@H](C4)O)C)C)O
dude_aldr__L005771,c1c(cc(n2c1ncc2Br)[O-])Br
dude_aldr__L005772,c1cnc(nc1)[N-]S(=O)(=O)c2cc(cc(c2Br)N)Cl
dude_aldr__L005773,c1cc(cnc1)CC2=CN=C3C2=NC(=NC3=O)[NH-]
dude_aldr__L005774,CC1(Cc2cccc(c2O1)OC[C@H]3CC[C@H](O3)C(=O)[O-])C
dude_aldr__L005775,CC(C)n1c(ccn1)c2cc(sc2)S(=O)(=O)[N-]c3ccc(c(c3)F)OC
dude_aldr__L005776,CCOc1ccc(cc1NC(=O)c2ccc(cc2)N3CCC[C@H](C3)C(=O)N)C#N
dude_aldr__L005777,Cc1c(sc(n1)N)C(=O)Nc2ccccc2[C@@H](C)O
dude_aldr__L005778,c1ccc(cc1)C#C[C@@H](c2cccc(c2[O-])[N+](=O)[O-])N3CCOCC3
dude_aldr__L005779,Cc1ccc(cc1)C2=NN=C3[C@@H]2C(=CC(=N3)c4ccc(cc4)O)C(=O)[O-]
dude_aldr__L005780,CS(=O)(=O)[N-]c1ccc(cc1)OC(=O)[C@@H]2CCCC[C@@H]2C(F)(F)F
dude_aldr__L005781,C1CN(CCC1O)C(=O)[C@@H]2C[C@@H]2C(=O)[O-]
dude_aldr__L005782,CCN([C@@H](C)CC(=O)[O-])C(=O)N(C)CC1CCC1
dude_aldr__L005783,CCN(CC)c1ccc2cc(c(=O)oc2c1)c3c(=O)c4ccccc4[nH]c3[O-]
dude_aldr__L005784,Cc1ccc(cc1)CSc2nnc(s2)/N=C(/C(=C/c3ccccc3Br)/C#N)\[O-]
dude_aldr__L005785,Cc1c(noc1c2ccc(s2)S(=O)(=O)[N-]c3ccc4c(c3)OCCO4)C
dude_aldr__L005786,c1cc(c(cc1Br)Cl)c2nc(no2)c3nc[nH]n3
dude_aldr__L005787,CCC1(CCN(CC1)C(=O)N2CCC[C@@H]([C@@H]2C)C)C(=O)[O-]
dude_aldr__L005788,COc1cc(cc(c1OC)OC)[N-]S(=O)(=O)c2cc(cnc2)F
dude_aldr__L005789,CN(Cc1ccccc1)c2nnc(s2)[S-]
dude_aldr__L005790,OC(=O)Cn1c(=O)c3cccc2cc(N=C=S)cc(c1=O)c23
dude_aldr__L005791,C[C@@H]1CCN([C@@H](C1)C)S(=O)(=O)c2ccc(s2)C(=O)[O-]
dude_aldr__L005792,Cc1c(c2c(n1[O-])-c3c(c(ccn3)Br)C(=O)CC2)OC
dude_aldr__L005793,Cc1cc(cc(c1OC(F)F)C)/C=C/C(=O)C2=C([C@@H](N=C2C)C(=O)[O-])C
dude_aldr__L005794,CCCCSc1c2c(c(nn1)[S-])[nH]cn2
dude_aldr__L005795,CNC(=O)c1ccc(c(c1)[N-]S(=O)(=O)c2cccc(c2)F)Cl
dude_aldr__L005796,Cc1ccc(c(c1)Br)S(=O)(=O)[N-]c2cccc(c2)OCC#N
dude_aldr__L005797,c1cc(ccc1/C=C(/C=C2C(=S)N=C(S2)[O-])\Cl)[N+](=O)[O-]
dude_aldr__L005798,CCS(=O)(=O)[N-]c1ccccc1C(=O)NNC(=O)c2ccccc2C
dude_aldr__L005799,C1CCc2c(c3c(nc(nc3s2)C4CC4)N5CCCN(CC5)C(=O)N)C1
dude_aldr__L005800,c1cc(cc(c1)OCC#N)[N-]S(=O)(=O)c2ccc(s2)Cl
dude_aldr__L005801,C[C@H](C(=O)N1CCN(CC1)c2ccccc2)Sc3ccccc3C(=O)[O-]
dude_aldr__L005802,Cc1c(oc2c1cc3c(c(c(=O)oc3c2)CCC(=O)N4CCC[C@@H](C4)C(=O)[O-])C)C
dude_aldr__L005803,Cc1ccc(c(c1)OCCC(=O)Nc2cc3c(cc2C(=O)[O-])OCCCO3)C
dude_aldr__L005804,Cc1ccc(cc1)[C@@H]2c3c(nn(c3NC(=O)[C@H]2NC(=O)c4cccc(c4)C)C)C
dude_aldr__L005805,Cc1c2=C(CC(=O)N=c2sc1C(=O)[O-])CSc3c4cc(sc4ncn3)c5ccccc5
dude_aldr__L005806,C[C@H]1COCCN1C(=O)C[C@@](C)(C(C)C)C(=O)[O-]
dude_aldr__L005807,COc1cccc(c1)Cn2cc(c3c2cccc3)/C=C/4\C(=O)N(C(=N4)[S-])C5CCCCC5
dude_aldr__L005808,c1cc(ccc1C#N)Nc2ccc(c(c2)C(=O)[O-])Cl
dude_aldr__L005809,C1CCN([C@@H](C1)C(=O)[O-])C(=O)N2CCC[C@H](C2)CO
dude_aldr__L005810,CCC[C@@H](C(=O)[O-])NC(=O)CNC(=O)c1ccc(o1)Br
dude_aldr__L005811,CCOC(=O)[C@H]1CCCN(C1)/C(=C/C2=CSC3=NC(=C([C@H](N23)c4cccc(c4)F)C(=O)OCC)C)/[O-]
dude_aldr__L005812,CCOC(=O)C1C(=O)C(=O)NC13CCOc2ccc(F)cc23
dude_aldr__L005813,CC(C)[C@H](/C(=N/S(=O)(=O)c1cc(n(c1)C)C(=O)N)/[O-])Sc2ccccc2
dude_aldr__L005814,CC[C@H](CCc1c(cc(c(c1Br)OC)OC)Br)C(=O)[O-]
dude_aldr__L005815,Cc1c(c([nH]n1)[O-])[C@@H](c2ccccc2Br)C(C#N)C#N
dude_aldr__L005816,c1cc(c(nc1)[S-])C(=O)N2CCN(CC2)CCCOCC(F)(F)F
dude_aldr__L005817,c1cc(oc1C(=O)N2CCc3c(ccs3)[C@H]2C(=O)[O-])Br
dude_aldr__L005818,c1cc(sc1S(=O)(=O)/N=C(/CCc2ccsc2)\[O-])Cl
dude_aldr__L005819,Cc1ccc2cccc(c2n1)Nc3c(c(ncn3)NCc4ccc(cc4)Cl)N
dude_aldr__L005820,COC(=O)c1ccc2c(c1)c3c([nH]2)CCN(C3)C(=O)/C=C/c4cnccn4
dude_aldr__L005821,c1cc(ccc1/C(=C(/C#N)\C(=O)N2CCOCC2)/[O-])OC(F)(F)F
dude_aldr__L005822,Clc3ccc(S(=O)(=O)NCc1ccccc1)c(C2NC(=O)NC2=O)c3
dude_aldr__L005823,Cc1c(sc(n1)NC(=O)c2cccc(c2)[N-]S(=O)(=O)C)SC
dude_aldr__L005824,c1c2cn[nH]c2cc3c1[C@@H](CC(=O)N3)c4nc5c(s4)CCCC5
dude_aldr__L005825,c1ccc(c(c1)n2c(c3c(nc(nc3n2)NC4CCCCC4)c5ccc(c(c5)Cl)F)N)Cl
dude_aldr__L005826,c1cc(ccc1/C(=C(\C#N)/C(=O)NC2CCCC2)/[O-])Cl
dude_aldr__L005827,Cc1c(c(n(n1)C)C)C(=O)N2CCC[C@](C2)(C)C(=O)[O-]
dude_aldr__L005828,c1(c(nc([nH]1)Cl)C(=O)Cl)C(=O)[O-]
dude_aldr__L005829,Cc1ccc(cc1)S(=O)(=O)[N-]c2c(nc3ccccc3n2)N4C[C@@H](C[C@@H](C4)C)C
dude_aldr__L005830,C[C@]1(CCCN(C1)S(=O)(=O)c2ccccc2)C(=O)[O-]
dude_aldr__L005831,c1cc(c(cc1S(=O)(=O)N)N)N2C[C@H]3CC[C@@H]2C3
dude_aldr__L005832,CC(C)[C@@H]1[C@@H]2CC=C[C@@H]2c3cccc(c3N1)C(=O)[O-]
dude_aldr__L005833,Cc1ccc(c(c1)C)NC(=O)[C@@H]2CCCC[C@@H]2C(=O)[O-]
dude_aldr__L005834,CCc1nc(cs1)CN2CCCc3c2cccc3[N-]S(=O)(=O)C
dude_aldr__L005835,CN/C(=C(\C#N)/C(=O)c1ccc(cc1)CSc2cc(ccc2Cl)Cl)/[O-]
dude_aldr__L005836,c1cc(sc1)S(=O)(=O)[N-]c2cc(ccc2n3cncn3)Cl
dude_aldr__L005837,Cc1ccc(c2c1N[C@@H]([C@@H]3[C@H]2C=CC3)c4ccccc4Cl)C(=O)[O-]
dude_aldr__L005838,Cc1ccc(cc1)S(=O)(=O)/N=C(/[C@H](C)OC)\[O-]
dude_aldr__L005839,CC1(CCCCC1)n2c(nnn2)SCC(=O)[O-]
dude_aldr__L005840,CC1(CCCN1S(=O)(=O)c2cc(c(cc2Cl)Cl)C(=O)[O-])C
dude_aldr__L005841,c1cc(oc1)/C=C(\c2ccc(cc2)Cl)/C(=O)[O-]
dude_aldr__L005842,Cc1c(c(n(n1)[C@@]2(CCCC[C@H]2C)C(=O)[O-])C)Cl
dude_aldr__L005843,Cc1c2c(=O)[nH]cnc2sc1C(=O)N[C@H]3CCCC[C@H]3O
dude_aldr__L005844,Cc1ccccc1NC(=O)NC2CCN(CC2)c3[nH+]c4ccccc4n3C(C)C
dude_aldr__L005845,CCn1cc(cn1)S(=O)(=O)[N-]c2ccccc2Cn3cccn3
dude_aldr__L005846,Cc1ccc(cc1Cl)S(=O)(=O)[N-]c2cc(nn2CCC#N)C
dude_aldr__L005847,OC(=O)Cc3nn(Cc2nc1cc(F)ccc1s2)c4ccc(Cl)cc34
dude_aldr__L005848,c1ccc2c(c1)c(cc(c2O)Sc3[nH]c4ccccc4n3)NS(=O)(=O)c5cccc(c5)[N+](=O)[O-]
dude_aldr__L005849,CC[C@@H](C)S(=O)(=O)Cc1csc(n1)C(=O)[O-]
dude_aldr__L005850,Cc1ccccc1[C@@H]2C3=C(C[C@H](CC3=O)c4ccccc4)Nc5n2ncn5
dude_aldr__L005851,Cc1cc(ccc1OC)S(=O)(=O)/N=C(/CCSc2ccc(cc2)F)\[O-]
dude_aldr__L005852,c1ncn(n1)P(O)O
dude_aldr__L005853,c1cc(c(cc1Cl)NC(=O)CNC(=O)N[C@@H](CC(=O)N2CCOCC2)C(=O)[O-])n3cncn3
dude_aldr__L005854,Cc1cnc(s1)/N=C(/c2cc(cc(c2)[N+](=O)[O-])C(=O)OC)\[O-]
dude_aldr__L005855,CCSc1nnc(n1[C@@H](C)C(=O)Nc2nc(cs2)c3ccc(cc3)C)N
dude_aldr__L005856,Cc1ccc2cccc(c2n1)Nc3c(c(ncn3)Nc4ccccc4OC)N
dude_aldr__L005857,c1ccc(cc1)NC(=O)[C@H]2CCc3c(cnc(n3)N4CCCC4)C2
dude_aldr__L005858,CC(=CC(=O)N1[C@H]2CCCC[C@@H]2C[C@@H]1C(=O)[O-])C
dude_aldr__L005859,CC(C)(C)c1c2c(n(n1)C)NC(=O)C[C@@H]2c3cc4c(c(c3)OC)OCO4
dude_aldr__L005860,C1CCC(CC1)c2nnc(o2)SCC(=O)N3CCC[C@@H](C3)C(=O)[O-]
dude_aldr__L005861,Cc1ccc(cc1)S(=O)(=O)/N=C(/C2(CCCC2)c3cccc(c3)OC)\[O-]
dude_aldr__L005862,CN(Cc1ccc(s1)Cl)c2ccc(cc2C(=O)[O-])S(=O)(=O)N3CCCCC3
dude_aldr__L005863,C1C2CC3CC1CC(C2)(C3)N4C[C@H](CC4=O)C(=O)[O-]
dude_aldr__L005864,c1cc2c(cc1c3ccc(=O)oc3C(=O)[O-])CCCN2
dude_aldr__L005865,Cc1cccc(c1)c2nnc(n2CC(=O)N3CCO[C@@H]4[C@@H]3CCCC4)[S-]
dude_aldr__L005866,Cc1cc(c(c(=O)o1)[C@H](c2ccccc2F)c3c(=O)cc(oc3O)C)O
dude_aldr__L005867,CCc1nc(c(s1)C(=O)[O-])c2ccc(c(c2)N)OC(C)C
dude_aldr__L005868,Cc1c(c(sn1)NC(=O)c2cc(cnc2)Br)C(=O)[O-]
dude_aldr__L005869,C[C@@H]1CCC[C@H](N1S(=O)(=O)c2cc(sc2Br)C(=O)[O-])C
dude_aldr__L005870,Cc1ccc(cc1)NC(=O)NN(c2nc(cs2)c3ccc(cc3)OC)C(=O)NC4CCCCC4
dude_aldr__L005871,c1cc(ccc1c2cn3c(n2)nc4c(n3)CCCC4)NC(=O)c5cscn5
dude_aldr__L005872,Cc1cc(c(cc1C)S(=O)(=O)N[C@H]2CCC[C@H]([C@H]2C)C)N
dude_aldr__L005873,Cc1c(noc1c2ccc(s2)S(=O)(=O)[N-]c3ccc(cc3)NC(=O)C)C
dude_aldr__L005874,C1CC[C@@H]2CN(CC[C@@H]2C1)C(=O)N3CCC[C@@H](C3)C(=O)[O-]
dude_aldr__L005875,CN(C)c1nc2c(cn[nH]2)c(n1)[S-]
dude_aldr__L005876,Cc1c2c(ncnc2on1)N3CCC[C@@H](C3)C(=O)NC4CCCCCC4
dude_aldr__L005877,c1c(cn2c(n1)c(c(n2)C(=O)[O-])[N+](=O)[O-])[C@H]3C(=CN=N3)[N+](=O)[O-]
dude_aldr__L005878,c1ccc2c(c1)CCCN2c3ncc(s3)C(=O)[O-]
dude_aldr__L005879,Cc1c2c(c(c(c1OC)C/C=C(\C)/CCC(=O)[O-])O[C@H]3[C@H]([C@H]([C@@H]([C@@H](O3)C(=O)[O-])O)O)O)C(=O)OC2
dude_aldr__L005880,C[C@H]1CCC[C@](C1)(C(=O)[O-])NC(=O)N(C)CC2CCC2
dude_aldr__L005881,c1cc(c2c(c1F)c(cc(n2)C(F)F)[O-])F
dude_aldr__L005882,Cc1cccc(c1)S(=O)(=O)[N-]c2ccc(c(c2)Cl)C(=O)NC
dude_aldr__L005883,Cc1cc(c(cc1C(=O)[O-])S(=O)(=O)N2CCC2)C
dude_aldr__L005884,CCc1ccc(cc1)S(=O)(=O)[N-]/N=C\2/c3ccccc3NC2=O
dude_aldr__L005885,OC(=O)Cc3nn(Cc2cc(c1ccccc1)ns2)c(=O)c4ccccc34
dude_aldr__L005886,C1CN(CCN1CCO)CC(=O)NC(=O)NC23CC4CC(C2)CC(C4)C3
dude_aldr__L005887,OC(=O)Cc3nn(Cc2nc(c1ccccc1)cs2)c(=O)c4ccccc34
dude_aldr__L005888,CCn1cc(c2c1cccc2)/C=C\3/C(=NC(=O)N(C3=O)c4cc(c(cc4Br)C)C)[O-]
dude_aldr__L005889,C[C@H]1CC[C@H]([C@@H](C1)NC(=O)C2=CN3CCS(=O)(=O)N=C3C=C2)C(C)C
dude_aldr__L005890,Cc1ccc(c(c1)OC2CCN(CC2)C(=O)c3cn[nH]n3)C
dude_aldr__L005891,c1ccc2=[NH+]CC(=c2c1)[C@@H](CNC(=O)c3ccc4c(c3)nn[nH]4)c5ccccc5Cl
dude_aldr__L005892,Cc1cc(ccc1[N-]S(=O)(=O)c2ccc(cc2)C#N)C(=O)N3CCC(CC3)C
dude_aldr__L005893,c1ccc(c(c1)NC(=O)N2CCCN(CC2)c3nccs3)n4cccn4
dude_aldr__L005894,c1cc(sc1)C2=N/C(=C/3\C=CC(=CC3=O)N)/O[N-]2
dude_aldr__L005895,Cc1ccc(c(c1)Br)n2c(nnc2[S-])c3ccccn3
dude_aldr__L005896,CS(=O)(=O)N1CCc2c1ccc(c2)[N-]S(=O)(=O)C3CCCC3
dude_aldr__L005897,c1cc(c(cc1n2cnnn2)NC3CCS(=O)CC3)Cl
dude_aldr__L005898,CC(C)(C)OC(=O)N(C)CC(=O)N1CCC[C@@H]1C(=O)[O-]
dude_aldr__L005899,c1cc2c(cc1S(=O)(=O)[N-]c3cc(no3)c4ccncc4)CCC2
dude_aldr__L005900,CCCC1(CCN(CC1)C(=O)[C@H]2CCOC2)C(=O)[O-]
dude_aldr__L005901,Cc1c(cccc1Cl)S(=O)(=O)[N-]c2cccc(c2)C(=O)N3CCOCC3
dude_aldr__L005902,Cc1c(c(=O)[nH]c(n1)C2CC2)C(=O)N3CCC[C@H](C3)O
dude_aldr__L005903,CCCCN1C(=O)/C(=C\[C@H]2C=CC=N2)/C(=NC1=O)[O-]
dude_aldr__L005904,OC(=O)CN(C(=O)CCc2nc1c(F)c(F)cc(F)c1s2)c3ccccc3
dude_aldr__L005905,c1cc(c(cc1S(=O)(=O)C[C@@H]2CCCCO2)C(=O)[O-])Br
dude_aldr__L005906,Cc1cnc2n1c(c(s2)C(=O)[O-])C3CCCCC3
dude_aldr__L005907,CCCSC1=NC(=O)[C@@H]2[C@H](C3=C(CCCC3=NC2=N1)[O-])c4ccccc4OC
dude_aldr__L005908,Cc1ccc(cc1C)N2C(=O)/C(=C/c3ccc(o3)[N+](=O)[O-])/C(=NC2=O)[O-]
dude_aldr__L005909,CCn1c(nc2c1ccc(c2)C(=O)NNC(=O)c3cc4c(s3)CC[C@@H](C4)C)C
dude_aldr__L005910,Cc1cc(cc(c1)NS(=O)(=O)c2ccc3c(c2)[C@H]4C=CC[C@@H]4[C@@H](N3)c5cc(ccc5O)[N+](=O)[O-])C
dude_aldr__L005911,c1cc(ccc1C#N)c2nnc3n2cc(cc3)C(=O)[O-]
dude_aldr__L005912,c1cc(ncc1C(=O)[O-])NC(=O)c2cc(c(s2)Br)Br
dude_aldr__L005913,C=CCOc1cccc(c1)[C@@H]2C(=C(C(=O)N2c3nccs3)[O-])C(=O)c4ccc(cc4)Cl
dude_aldr__L005914,c1ccc(c(c1)C(=O)N2[C@H]3CCCC[C@H]3C[C@H]2C(=O)[O-])I
dude_aldr__L005915,C[C@H]1Cc2cc(ccc2N1C(=O)C)S(=O)(=O)[N-]c3ccc(c(c3)C#N)Cl
dude_aldr__L005916,Cn1cc(cn1)S(=O)(=O)/N=C(/c2ccc(cc2)CSC)\[O-]
dude_aldr__L005917,CCS(=O)(=O)c1nc2ccc(cc2s1)[N-]S(=O)(=O)Cc3cc(cc(c3)F)F
dude_aldr__L005918,Cc1ccc(cc1/C(=N/S(=O)(=O)c2ccc3c(c2)CCC3)/[O-])[N+](=O)[O-]
dude_aldr__L005919,Cc1cc(ccc1[N-]S(=O)(=O)c2c(cc(cc2Cl)Br)Cl)Br
dude_aldr__L005920,Cc1c(sc(c1C(=O)[O-])NC(=O)N2[C@@H](CCC[C@H]2C)C)C
dude_aldr__L005921,c1cnc(nc1)Cn2cc(c(n2)N)Br
dude_aldr__L005922,C[C@]1(CC[C@@](C1(C)C)(C)C(=O)[O-])C(=O)N2CCN(CC2)C
dude_aldr__L005923,c1ccc(c(c1)C(=O)N2CCC3(CCCC3)CC2)C(=O)[O-]
dude_aldr__L005924,CCn1cc(c(n1)C(=O)N[C@H]2[C@H]3N(C2=O)C(=C(CS3)C)C(=O)[O-])Cl
dude_aldr__L005925,Cc1cccc(c1[N-]S(=O)(=O)c2ccccc2)C(=O)N3CCCC3
dude_aldr__L005926,c1ccc(cc1)CC2=NN=C3[C@H]2/C(=N/N)/c4c3cccc4
dude_aldr__L005927,Cn1c2c(c(n1)c3ccccn3)[nH]c(n2)c4ccc(s4)[C@@H]5CCCCO5
dude_aldr__L005928,Cn1c(cc(n1)C(=O)[O-])c2nnc(n2C)S
dude_aldr__L005929,c1cnc(nc1)N2CCC[C@@H](C2)NC(=O)N3CCC[C@@H](C3)O
dude_aldr__L005930,C[C@@H]1C[C@H](CC(C1)(C)C)CC(=O)Nc2nnc(s2)[N-]S(=O)(=O)C
dude_aldr__L005931,COC(=O)c1ccc(s1)S(=O)(=O)[N-]c2cccc(c2)Br
dude_aldr__L005932,COCCOc1ccc(cc1[N-]S(=O)(=O)c2ccc(s2)Cl)F
dude_aldr__L005933,C[C@@H](C(=O)OC)NS(=O)(=O)c1ccc(c(c1Cl)C(=O)[O-])Cl
dude_aldr__L005934,CC(C)(CCC(=O)[O-])NC(=O)N1CCS(=O)CC1
dude_aldr__L005935,c1ccc(cc1)C(=NN/C(=C\C(=O)C(=O)[O-])/c2ccc(cc2)Br)c3ccccc3
dude_aldr__L005936,Cc1ccc(cc1S(=O)(=O)[N-]c2nc(c(s2)SCC#N)C)Cl
dude_aldr__L005937,Cc1ccc(cc1C(=O)[O-])S(=O)(=O)Oc2ccc(cc2[N+](=O)[O-])S(=O)(=O)N3CCCC3
dude_aldr__L005938,c1ccc2c(c1)c3ccccc3c4c2n(c([n+]4[O-])c5ccc(cc5)Cl)[O-]
dude_aldr__L005939,CCC(=O)N1CCc2ccc(cc2[C@H]1c3cccc(c3)C)OCc4nc(cs4)C(=O)[O-]
dude_aldr__L005940,C[C@@H]1C(=Cc2ccccc2O1)/C=C(\C#N)/c3nc4ccccc4c(n3)[O-]
dude_aldr__L005941,COCCOc1ccc(cc1F)[N-]S(=O)(=O)c2ccc(c(c2)C#N)Cl
dude_aldr__L005942,CCc1ccc(cc1)[C@@H]2C(=C(N(C3=C2C(=O)CCC3)N(C)C)N)C#N
dude_aldr__L005943,c1cc(oc1)CNC(=O)C(=O)Nc2c(c3c(s2)CCCC3)C(=O)[O-]
dude_aldr__L005944,Cc1ccc(cc1[N-]S(=O)(=O)c2cnn(c2)c3ccccc3)C#N
dude_aldr__L005945,C1CCC(CC1)(CC(=O)[O-])CN2CCCS2(=O)=O
dude_aldr__L005946,Cn1c2c(c(=O)n(c1=O)C)[nH]c(n2)N[C@@H]3CCCC[C@H]3O
dude_aldr__L005947,Cc1nc(cs1)COc2ccccc2/C=C\C(=C(\C#N)/C(=O)N3CCCC3)\[O-]
dude_aldr__L005948,Cn1c2cc(ccc2cc1C(=O)[O-])c3cccc(c3)O
dude_aldr__L005949,C[C@@H]1C[C@@H](CN(C1)c2nc3c(n2CC(=O)[O-])c(=O)n(c(=O)n3C)C)C
dude_aldr__L005950,c1cc(cc(c1)OCC#N)[N-]S(=O)(=O)c2ccc(c(c2)Cl)OC(F)F
dude_aldr__L005951,CCc1ccc(cc1)[N-]S(=O)(=O)[C@H]2CC[C@@H](S2)[C@@H]3C=CN=N3
dude_aldr__L005952,c1cnc(nc1)[N-]S(=O)(=O)c2ccc(cc2)[N+](=O)[O-]
dude_aldr__L005953,C[C@@H](CSC)/C(=N/S(=O)(=O)c1cccc(c1)[N+](=O)[O-])/[O-]
dude_aldr__L005954,C1C(=CC2=NC=CC2=C1I)C(=O)[O-]
dude_aldr__L005955,c1cc(n(c1c2ccc(s2)Br)C3CC3)C(=O)[O-]
dude_aldr__L005956,CC(C)(C)c1ccc(cc1)c2[n-]n3c(=O)cc(nc3n2)CN4CCc5ccccc5C4
dude_aldr__L005957,CCc1c(nc(s1)/N=C(/C(=C/c2ccccc2)/C#N)\[O-])c3ccc(cc3)Br
dude_aldr__L005958,c1c(c(c(c(n1)Br)Cl)C(=O)[O-])Cl
dude_aldr__L005959,C[C@@H]([C@@H]1CCCO1)NC(=O)[C@@H]2C3CCC([C@@H]2C(=O)[O-])CC3
dude_aldr__L005960,c1conc1[N-]S(=O)(=O)c2c(cc(cc2Cl)Br)Cl
dude_aldr__L005961,CC1=C[C@H](N=N1)[C@H]2NN[C@@H]3N2N=C(S3)Cc4ccc(cc4)Cl
dude_aldr__L005962,Cn1cccc1c2csc(n2)[N-]S(=O)(=O)c3ccc(cc3)F
dude_aldr__L005963,Cc1cc(ccc1C(=O)N(C)[C@H]2CCCC[C@@H]2C)N
dude_aldr__L005964,c1nc(c2c(n1)n(cn2)[C@H]3[C@H]([C@@H]([C@H](O3)CO)O)Cl)N
dude_aldr__L005965,Cc1c(c([nH]c(=O)c1C(=O)[O-])C)C(=O)C
dude_aldr__L005966,C[C@@]12CCC[C@@]([C@H]1CCC3=C2C[C@H](CC3)O)(C)C(=O)[O-]
dude_aldr__L005967,CSc1c(cc(c(n1)[O-])C(=O)N2CCO[C@H]3[C@H]2CCCC3)C#N
dude_aldr__L005968,Cc1c([nH]c(nc1=O)S[C@@H](C)C(=O)[O-])C
dude_aldr__L005969,C1CCC(C1)c2nc(c3c4c(sc3n2)CCC4)N
dude_aldr__L005970,Cc1cc(sc1C(=O)[O-])S(=O)(=O)N2CCCC[C@H]2C
dude_aldr__L005971,Cc1cccc(c1C)O[C@H]2CCC[C@@H]2C(=O)[O-]
dude_aldr__L005972,COCc1cc(n2c(n1)c(cn2)c3ccc(cc3)Cl)[O-]
dude_aldr__L005973,C[C@@H]1C(=C(N=N1)C)CCc2nc3c4ccccc4nc(n3n2)[S-]
dude_aldr__L005974,c1cc(n(c1)c2ccc(cc2)S(=O)(=O)N)/C=N\n3c(nnn3)N
dude_aldr__L005975,c1ccc(cc1)S(=O)(=O)[C@H]2CC[C@]3(C2)C[C@@H](CN3c4ccccc4O)O
dude_aldr__L005976,Cc1cc2c(cc1Br)nc-3c(=O)[nH]c(=O)nc3n2C[C@@H]([C@@H]([C@@H](CO)O)O)O
dude_aldr__L005977,Cc1ccc(cc1C)c2csc3c2c(=O)[nH]c(n3)c4ncccn4
dude_aldr__L005978,CCNC(=O)[C@@H]1[C@H]2[C@H]([C@@H](O1)n3cnc4c3ncnc4N)OC(O2)(C)C
dude_aldr__L005979,c1c(c(nn1C2CCCC2)C(=O)[O-])Br
dude_aldr__L005980,C[C@@H]1C[C@H](CN(C1)C(=O)c2ccc(nn2)NN)C
dude_aldr__L005981,CS(=O)(=O)/N=C(/Cc1ccc(cc1)n2cccc2)\[O-]
dude_aldr__L005982,COc1ccccc1CN(C2CC2)C(=O)NCc3ccc(cc3)S(=O)(=O)N
dude_aldr__L005983,Cc1c(cncn1)CO
dude_aldr__L005984,CCCCN1[C@H](C(=C(C1=O)[O-])C(=O)c2cc3cccc(c3o2)OC)c4ccc(c(c4)OCC)OCC=C
dude_aldr__L005985,C1CCCC(CCC1)NC(=O)[C@H]2CCCC[C@H]2C(=O)[O-]
dude_aldr__L005986,CCS(=O)(=O)[N-]c1ccccc1C(=O)Nc2ccc(nc2)N3CCCC3
dude_aldr__L005987,c1ccc(cc1)[C@H](C(=O)N2CCCCC2)Sc3[n-]c(nn3)/C=C/c4ccc(cc4)F
dude_aldr__L005988,Cc1ccc(cc1)[N-]S(=O)(=O)c2cc3n(c2)CCN(C3=O)C(C)C
dude_aldr__L005989,CC(C)c1cccc(c1)n2c(c3c(ccs3)nc2=S)[O-]
dude_aldr__L005990,Cc1c(cccc1NC(=O)N[C@@H](C)[C@H]2C[C@H]3CC[C@@H]2C3)C(=O)N4CCOCC4
dude_aldr__L005991,CC(C)CCSC1=NC(=O)[C@@H]2[C@H](C3=C(CCCC3=NC2=N1)[O-])c4ccc(cc4)Br
dude_aldr__L005992,Cc1cc(c2c(n1)n(nc2[O-])C)C(=O)N(C)Cc3ccc(s3)Br
dude_aldr__L005993,C[C@@H](C(=O)OC)S(=O)(=O)[N-]c1cccc(c1)I
dude_aldr__L005994,c1ccc(cc1)n2c3c(cn2)c(nc(n3)SCC(=O)N4CCc5c4cccc5)[O-]
dude_aldr__L005995,Cc1ccc(cc1C)OC/C(=N/c2nnns2)/[O-]
dude_aldr__L005996,CC(C)CNC(=O)[C@@H]1CCCC[C@@H]1C(=O)N[C@@H](C(C)C)C(=O)[O-]
dude_aldr__L005997,C[C@@]12CCC(=O)N1[C@@H](CS2)C(=O)N3CCO[C@@H](C3)C(=O)[O-]
dude_aldr__L005998,Cc1cc2c(cc1C)n(c-3nc(=O)[nH]c(=O)c3n2)C[C@H]([C@@H]([C@H](CO)O)O)O
dude_aldr__L005999,Cc1ccccc1[N-]S(=O)(=O)c2cc(ccc2F)C(=O)OC
dude_aldr__L006000,CCc1ccc(cc1)N/C(=C(/C(=O)c2ccc(s2)C)\[n+]3cccc(c3)[O-])/[S-]
dude_aldr__L006001,CC(C)(C)n1c(c(c(n1)[C@@H]2CCCO2)C#N)N
dude_aldr__L006002,Cc1c(cccc1NCC(=O)NC2(CCCCC2)C#N)C(=O)N3CCSCC3
dude_aldr__L006003,C/C(=C\C(=N\S(=O)(=O)c1cccs1)\[O-])/c2ccccc2
dude_aldr__L006004,CC(C)[C@]1(CC[C@@H]2C(=C1)C(=O)C[C@@H]3[C@@]2(CCC[C@@]3(C)C(=O)[O-])C)O
dude_aldr__L006005,C1CC1C(=O)N2CCO[C@@H](C2)C(=O)[O-]
dude_aldr__L006006,c1cc(ccc1c2ccc3c(c2)CC(=O)N3)c4ccn[nH]4
dude_aldr__L006007,Cc1c(c(sn1)NC)C(=O)NC2CCN(CC2)C(=O)C
dude_aldr__L006008,c1c(cn(n1)Cc2c(c(c(c(c2F)F)F)F)F)N
dude_aldr__L006009,c1ccc2c(c1)c(nc(n2)N3CCOCC3)[S-]
dude_aldr__L006010,CN(Cc1ccccc1)S(=O)(=O)/N=C(/C=C2CCCCC2)\[O-]
dude_aldr__L006011,c1cc(ccc1Cn2cncn2)[N-]S(=O)(=O)c3ccc(cc3)C#N
dude_aldr__L006012,CCc1cc2c(nc(nc2s1)C)N3CCC[C@H](C3)C(=O)[O-]
dude_aldr__L006013,CC[NH+]1CCC[C@H](C1)NC(=O)N2CCC[C@H](C2)C(=O)NC3CCCCC3
dude_aldr__L006014,c1nc2c(n1[C@@H]3[C@H]([C@@H]([C@H](O3)CO)O)O)nc(nc2I)N
dude_aldr__L006015,CN(Cc1ccccc1Cl)C(=O)c2cc(ccc2[N-]S(=O)(=O)C)F
dude_aldr__L006016,CCc1ncc(s1)CN(C)C(=O)c2cccc(c2)[N-]S(=O)(=O)C
dude_aldr__L006017,c1ccc(cc1)Oc2cccc(c2)[C@H]3C(=C(C(=O)N3C[C@H]4CCCO4)[O-])C(=O)c5ccc(cc5)Cl
dude_aldr__L006018,CS(=O)(=O)/N=C(/CCc1ccc(cc1)C#N)\[O-]
dude_aldr__L006019,c1ccc(c(c1)[C@H]2CC[C@]3(C2)[C@@H](CCCN3F)O)O
dude_aldr__L006020,c1cc(sc1C(=O)[O-])S(=O)(=O)N2CCSCC2
dude_aldr__L006021,c1ccc(cc1)C2(CCN(CC2)C(=O)c3ccco3)C(=O)[O-]
dude_aldr__L006022,CCOc1ccc(cc1Cl)C(=O)C2=C(C(=O)N([C@H]2c3ccc(cc3)OCC=C)CCCOC)[O-]
dude_aldr__L006023,CCOC(=O)[C@@H]1CCCN(C1)/C(=C/C2=CSC3=NC(=C([C@@H](N23)c4ccccc4)C(=O)OCCOC)C)/[O-]
dude_aldr__L006024,Cc1c(c(c(s1)NC(=O)[C@H]2CC=CC[C@H]2C(=O)[O-])C#N)c3ccccc3
dude_aldr__L006025,Cc1ccccc1S(=O)(=O)/N=C(/[C@@H]2CCC=CC2)\[O-]
dude_aldr__L006026,c1c(c(sc1C(=O)N2C[C@H](C[C@@H]2C(=O)[O-])O)Br)Br
dude_aldr__L006027,c1cc2cccnc2c(c1)c3nnc(n3N)[S-]
dude_aldr__L006028,c1cc(sc1c2c(cn(n2)C3CCCCC3)C(=O)[O-])Cl
dude_aldr__L006029,CN(C)S(=O)(=O)/N=C(/c1csc2c1CCCC2)\[O-]
dude_aldr__L006030,OC(=O)Cn3cc(Cc2nc1c(F)c(F)cc(F)c1s2)c4ccccc34
dude_aldr__L006031,c1ccc(cc1)c2c(c3ccccc3n2[O-])[C@H](c4ccccn4)N5CCOCC5
dude_aldr__L006032,c1ccc(cc1)N2CCN(CC2)c3nc4nc(cc(n4n3)[O-])CCc5c[nH]nc5
dude_aldr__L006033,Cc1c(c(n(n1)[C@H]2CCS(=O)(=O)C2)C)CSCC(=O)[O-]
dude_aldr__L006034,CC(C)[C@@H](C(=O)N1CCC[C@H]1C(=O)[O-])NC(=O)c2cc3cc(ccc3n2C)Cl
dude_aldr__L006035,CCCc1ccc(cc1)S(=O)(=O)/N=C(/[C@@H]2CCCN(C2)C(=O)C(C)(C)C)\[O-]
dude_aldr__L006036,c1cc(sc1CNC(=O)NNC(=O)CC2CCCCC2)S(=O)(=O)N
dude_aldr__L006037,Cc1c(cccc1Cl)n2ccnc(c2=O)NCCc3ccc(cc3)S(=O)(=O)N
dude_aldr__L006038,c1c(cn(n1)CC(=O)N2CC[C@@H]3CCCC[C@@H]3C2)N
dude_aldr__L006039,CCS(=O)(=O)[N-]c1ccccc1C(=O)N2CCN(CC2)c3ccc(cc3)F
dude_aldr__L006040,c1cc2c(cc1[N+](=O)[O-])nc(n2C(=O)[O-])SCC(=O)N/N=C/C=C/c3ccc(o3)[N+](=O)[O-]
dude_aldr__L006041,c1cc(ccc1S[C@@H]2CCCC[C@@H]2C(=O)[O-])Br
dude_aldr__L006042,Cc1c(cn(n1)C)[C@H](C)NC(=O)NCc2ccc(cc2)C[NH+]3CCCCCCC3
dude_aldr__L006043,Cc1ccc(c(c1)C)OCCOc2ccc(cc2/C=C\3/C(=NC(=S)S3)[O-])Cl
dude_aldr__L006044,c1cc(c(nc1)Cl)[N-]S(=O)(=O)c2c(nc3n2ccs3)Cl
dude_aldr__L006045,CCC1(CCN(CC1)C(=O)N2CCC[C@H](C2)CC(=O)[O-])C
dude_aldr__L006046,Cc1cc(cc(c1C)N)S(=O)(=O)N[C@H]2CCCC[C@@H]2C
dude_aldr__L006047,Cc1c(cn(n1)C)c2cc(n3c(n2)c(cn3)Cl)C(=O)[O-]
dude_aldr__L006048,CC(C)n1cc(cc1C(=O)N2CCC[C@@H]2C(=O)[O-])[N+](=O)[O-]
dude_aldr__L006049,CCc1cccc(c1)NC(=O)N2CCc3c(c(nc(n3)C)N4CCCC4)C2
dude_aldr__L006050,CCOc1cc(ccc1O)[C@@H]2C(=C(C(=O)N2)[O-])C(=O)c3ccc(c(c3)F)C
dude_aldr__L006051,CC(C)[C@@H](C(=O)[O-])NC(=O)c1csc(n1)NC(=O)C(C)(C)C
dude_aldr__L006052,C=C[C@H]1C[NH+]2CC[C@H]1C[C@@H]2CNC(=O)N3CCOCC3
dude_aldr__L006053,Cc1c(cc(cc1[N+](=O)[O-])S(=O)(=O)[N-]c2ccncc2)[N+](=O)[O-]
dude_aldr__L006054,Cc1c(cnn1C)C(=O)N2CCC(CC2)(C)C(=O)[O-]
dude_aldr__L006055,Cc1c(sc2c1c(ncn2)N3CCN(CC3)c4ccc(cc4)O)C
dude_aldr__L006056,C[C@@H]1C[C@@H]1/C(=N/S(=O)(=O)N2CCC(CC2)C(=O)OC)/[O-]
dude_aldr__L006057,COc1ccccc1/C=C(\C#N)/C(=N/c2nc(cs2)c3ccc(cc3)Br)/[O-]
dude_aldr__L006058,C[C@@H]1CCCN(C1)S(=O)(=O)[N-]c2nc(cs2)CC(=O)OC
dude_aldr__L006059,Cc1cc(c(s1)C)/C(=N/S(=O)(=O)c2cc(sc2C)C)/[O-]
dude_aldr__L006060,c1ccn2c(c1)nnc2SC3(CCCCC3)C(=O)[O-]
dude_aldr__L006061,Cc1c2ccccc2c(c3c1cccc3)CSCC[C@H](C(=O)[O-])NC(=O)C
dude_aldr__L006062,COc4ccc(\N=c2/oc1cc(O)ccc1cc2C(=O)Nc3ccccn3)cc4
dude_aldr__L006063,COc1ccc(cc1[N-]S(=O)(=O)c2ccc(s2)c3cnc(o3)C4CCCC4)Cl
dude_aldr__L006064,C[C@@H]1CCN([C@@H](C1)C)c2n[nH]c(=S)n2C
dude_aldr__L006065,Cc1c2c3c(c(ncn3)[O-])sc2nc(n1)c4ccc(cc4)OC
dude_aldr__L006066,Cc1c2cc3c4c(oc3c(c2oc(=O)c1CC(=O)N[C@@H](C)C(=O)[O-])C)CCCC4
dude_aldr__L006067,c1cc(oc1)c2cc(nc(n2)N3CCC[C@H](C3)C(=O)[O-])C(F)(F)F
dude_aldr__L006068,c1nnc(s1)NC(=O)N2CSC[C@@H]2C(=O)[O-]
dude_aldr__L006069,C[C@H]1c2ccsc2CCN1C(=O)c3ccc(nc3)C(=O)[O-]
dude_aldr__L006070,Cn1cc(cn1)S(=O)(=O)/N=C(/c2ccc(o2)[N+](=O)[O-])\[O-]
dude_aldr__L006071,CC\1=NC2=NC(=NC(=O)[C@H]2[C@H](/C1=C(/[O-])\OC)c3ccc(cc3)F)SC
dude_aldr__L006072,CS(=O)(=O)/N=C(/[C@@H]1CC(=O)N(C1)c2ccc3c(c2)CCC3)\[O-]
dude_aldr__L006073,CCO[C@@H]1CCCN(C1)C(=O)c2cc(ccc2[N-]S(=O)(=O)C)C
dude_aldr__L006074,c1ccc(cc1)[C@@H](C(=O)N2CCOCC2)Sc3[n-]c(nn3)CC4CCCC4
dude_aldr__L006075,Cc1ccc(cc1)N\2[C@H](CC(=N/C2=N\c3nc(cc(n3)C)C)[O-])C(=O)O
dude_aldr__L006076,C=CCOc1ccc(cc1)[C@@H]2C(=C(C(=O)N2CCN3CCOCC3)[O-])C(=O)c4ccc5c(c4)OCCO5
dude_aldr__L006077,c1cnn(c1)[C@H]2CCCCC[C@@H]2C(=O)[O-]
dude_aldr__L006078,COc1ccc(cc1n2c(nnc2[S-])c3cccnc3)Br
dude_aldr__L006079,COCC(=O)Nc1ccc(cc1)[N-]S(=O)(=O)/C=C/c2ccccc2Cl
dude_aldr__L006080,Cc1cc(cc(c1)O[C@H](C)C(=O)N2CCC[C@@H](C2)C(=O)[O-])C
dude_aldr__L006081,CCn1cc(cn1)S(=O)(=O)[N-]c2nc(cs2)CC(=O)OC
dude_aldr__L006082,CC(C)S(=O)(=O)/N=C(/CSc1ccc2c(c1)CCC2)\[O-]
dude_aldr__L006083,CCN(C(=O)CCCc1ccc(s1)Br)C(C)(C)C(=O)[O-]
dude_aldr__L006084,C[C@@H](C(=O)Nc1cc(ccc1Cl)[N+](=O)[O-])Oc2ccc(cc2[N+](=O)[O-])C(=O)[O-]
dude_aldr__L006085,c1ccc(cc1)C(=O)C2=C(C(=O)N([C@@H]2c3cccc(c3)Br)c4nncs4)[O-]
dude_aldr__L006086,C[C@@]1\2CC[C@H]3[C@H]4CCC[C@@]([C@@H]4CC[C@]3(C1)C/C2=N\O)(C)C(=O)[O-]
dude_aldr__L006087,Cc1ccc(cc1)N[C@@](C)(c2cc(ccc2C)C)C(=O)[O-]
dude_aldr__L006088,c1ccc(cc1)OCC(=O)OC[C@@H]2[C@H](C[C@@H](O2)N3CN=C4C3=NC(=NC4=O)[NH-])O
dude_aldr__L006089,Cc1c2c(n(n1)CC(=O)[O-])NC(=O)C[C@H]2C(c3ccccc3)c4ccccc4
dude_aldr__L006090,CCn1cc(cn1)S(=O)(=O)[N-]c2nc(c(s2)Cc3ccc(cc3)F)C
dude_aldr__L006091,c1cc(sc1)c2nc(cs2)C(=O)N3CCC[C@@H](C3)C(=O)[O-]
dude_aldr__L006092,COC(=O)c1ccccc1S(=O)(=O)[N-]c2cccc(c2)N3CCCC3=O
dude_aldr__L006093,CC(C)c1ccccc1n2c(cnc2SCc3nc(nc(n3)N)N)c4ccccc4
dude_aldr__L006094,c1cc(cc(c1)C(=O)[O-])C(=O)N2CCN(CC2)c3ccc(cc3)C4CCCCC4
dude_aldr__L006095,CN(C)C(=O)N1CCC[C@H](C1)C(=O)NC2CCC(CC2)O
dude_aldr__L006096,c1ccc(c(c1)C#N)S(=O)(=O)[N-]c2ccc3c(c2)CN(C(=O)CO3)C4CCCCC4
dude_aldr__L006097,COc1ccc(cc1)/N=C/c2cc(cc(c2[O-])[N+](=O)[O-])Br
dude_aldr__L006098,c1cc(ccc1N2CCN(CC2)C3=[NH+]C(=NC4=NC=N[C@@H]34)[NH-])F
dude_aldr__L006099,C[C@@H](c1ccccc1[N-]S(=O)(=O)C2CCOCC2)O
dude_aldr__L006100,Cc1ccc(cc1)N2[C@H]([C@@]34C=C[C@@H](O3)[C@@H]([C@H]4C2=O)C(=O)[O-])CC(=C)C
dude_aldr__L006101,CC1=C2[C@H](C(=C(O[C@H]2N=N1)N)C#N)c3cccs3
dude_aldr__L006102,Cc1c(sc2c1c(=O)[nH]c(n2)Cc3[nH]c(=O)c4c5c(sc4n3)CCC5)C
dude_aldr__L006103,CC1CCN(CC1)C(=O)N2CCC[C@](C2)(C)C(=O)[O-]
dude_aldr__L006104,CCCN(C)C(=O)c1ccc(cc1)[N-]S(=O)(=O)c2cccs2
dude_aldr__L006105,C1CCC(C1)c2c([nH]c(=S)nn2)[O-]
dude_aldr__L006106,C[C@@H]1C(=C(N=N1)C)[C@H](C(=O)[O-])NC(=O)CSC23CC4CC(C2)CC(C4)C3
dude_aldr__L006107,CCCS(=O)(=O)[N-]c1ccc(cc1)C(=O)NNC(=O)COCC
dude_aldr__L006108,CCOc1ccc(cc1Br)[N-]S(=O)(=O)c2cccc(c2)C(=O)N3CCC[C@H](C3)C
dude_aldr__L006109,c1cc(ccc1C(=O)/C=C/c2cc(ccc2F)Br)S(=O)(=O)N3CCC(CC3)C(=O)[O-]
dude_aldr__L006110,c1nc(nn1CC(=O)N2CCO[C@@H]3[C@H]2CCCC3)N
dude_aldr__L006111,C[C@H]1CCCC[C@]1(C(=O)[O-])SCC(C)C
dude_aldr__L006112,Cc1c(c(n[nH]1)C)C(=O)Nc2ccc(cc2Br)C#N
dude_aldr__L006113,CC1CCN(CC1)C(=O)c2c3c([nH]n2)CCN(C3)C(=O)C4CC4
dude_aldr__L006114,c1ccc2c(c1)cccc2[C@@H]3OC[C@H]([C@@H](O3)c4cccnc4)C/C=C\CCC(=O)[O-]
dude_aldr__L006115,CC(C)(C)[C@H](C(=O)[O-])NC(=O)c1cc(c(nc1)Cl)Cl
dude_aldr__L006116,CCC(CC)N(C)C(=O)N1[C@H]2CCCC[C@H]2C[C@@H]1C(=O)[O-]
dude_aldr__L006117,c1cc(ccc1CNC(=O)CC23C[C@H]4C[C@@H](C2)CC(C4)(C3)O)N5CCCC5=O
dude_aldr__L006118,Cn1cc(cn1)S(=O)(=O)[N-]c2c(cnn2C)c3nc(no3)C4CC4
dude_aldr__L006119,Cc1nc2cccc(c2o1)[N-]S(=O)(=O)c3ccc(cc3)C(C)(C)C
dude_aldr__L006120,C1C[C@@H](N(C1)C(=O)CS[C@@H]2CCS(=O)(=O)C2)CC(=O)[O-]
dude_aldr__L006121,Cc1c(sc(c1C(=O)[O-])NC(=O)NC(C2CC2)C3CC3)C
dude_aldr__L006122,Cc1ccc(c(c1)S(=O)(=O)[N-]c2c(cno2)c3ccccc3)OC
dude_aldr__L006123,C[C@H]1C[C@H]1C(=O)NC2(CCCCC2)C(=O)[O-]
dude_aldr__L006124,Cc1cc(ccc1[N-]S(=O)(=O)c2cccc(c2)C#N)C(=O)NC3CCCC3
dude_aldr__L006125,c1ccc(cc1)n2c(=O)c3c(csc3nc2SCc4c5ccccc5oc4C(=O)[O-])C6CC6
dude_aldr__L006126,CCCOc1ccc(cc1)C(=O)C2=C(C(=O)N([C@H]2c3ccc(c(c3)OCC)OCC)Cc4ccco4)[O-]
dude_aldr__L006127,Cc1c(cccc1Cl)S(=O)(=O)[N-]c2ccc3c(c2)N(CCC3)S(=O)(=O)c4ccccc4
dude_aldr__L006128,C[C@H]1CCCC[C@@H]1NC(=O)NC(C)(C)C(=O)[O-]
dude_aldr__L006129,C[C@@H]1CCc2c(cc(s2)/C(=C(/C#N)\C(=O)NC)/[O-])C1
dude_aldr__L006130,CS(=O)(=O)c1ccc(c(c1)N)N[C@H]2CCCC[C@H]2O
dude_aldr__L006131,C=CCN\1C(=O)[C@@H](S/C1=N\c2ccc(cc2)C(=O)[O-])Cc3cc(cc(c3)Cl)Cl
dude_aldr__L006132,Cn1cc(cn1)c2c(cn(n2)c3ccccc3Br)C(=O)[O-]
dude_aldr__L006133,CN(C)c1ccc(c(c1)C(=O)[O-])/N=N/C2=NC3=CC=C=C[C@@H]3S2
dude_aldr__L006134,CCN(CC)c1ccc(cc1)[C@@H]2C(=C(C(=O)N2)[O-])C(=O)c3c(nc(s3)C)C
dude_aldr__L006135,Cc1c(c([nH]c1C(=O)N2CCC[C@H]3[C@H]2CC[C@H](C3)C)C)C(=O)OC
dude_aldr__L006136,c1ccc(cc1)C2=C(OCCS2)/C(=N/c3nnc(s3)SCc4ccc(cc4)Cl)/[O-]
dude_aldr__L006137,C[C@@H]1CCC[C@@](C1)(C(=O)[O-])NC(=O)N(C)C[C@@H](C)C#N
dude_aldr__L006138,c1cc(oc1)c2nc([n-]n2)NC(=O)c3csc(n3)c4ccc5c(c4)OCCO5
dude_aldr__L006139,Cc1ccc(cc1C(=O)N)NC(=O)N[C@@H](C)c2ccc(cc2)OC(F)(F)F
dude_aldr__L006140,C[C@H]1CCc2c(sc3c2c(=O)[nH]c(n3)[C@H](C)N4C[C@H](O[C@H](C4)C)C)C1
dude_aldr__L006141,CC(C)n1c2c(cn1)c(c3c(n2)CCC3)C(=O)Nc4ccc(cc4)F
dude_aldr__L006142,c1csc2c1CN(CC2)c3c(c(c4c(c3F)n(cc(c4=O)C(=O)[O-])C5CC5)N)F
dude_aldr__L006143,CCN([C@@H](C)CC(=O)[O-])C(=O)c1c(c(c(cn1)Cl)Cl)Cl
dude_aldr__L006144,CC1(CC(=CC(=O)C1)NCCCC[C@H](C(=O)[O-])NC2=CC(=O)CC(C2)(C)C)C
dude_aldr__L006145,c1cc(sc1S(=O)(=O)[N-]c2cnoc2)Br
dude_aldr__L006146,CCOc1ccc(cc1C)C(=O)C2=C(C(=O)N[C@@H]2c3c(cccc3Cl)F)[O-]
dude_aldr__L006147,Cc1cc(n(n1)C2CCCC2)NC(=O)c3cc(nc4c3cnn4C)C5CC5
dude_aldr__L006148,C[C@@H](C(=O)c1ccccc1)Sc2nc(c(c(n2)[O-])C#N)c3ccco3
dude_aldr__L006149,c1ccc(cc1)[C@@H]2C(=C(C(=O)N2c3ccccc3)[O-])C(=O)NNc4ccc(cc4[N+](=O)[O-])[N+](=O)[O-]
dude_aldr__L006150,COc1c(cccn1)[N-]S(=O)(=O)c2cnn(c2)c3ccccc3
dude_aldr__L006151,c1cc(cc(c1)[N+](=O)[O-])c2c[nH]c(=S)n2c3ccc(cc3)Cl
dude_aldr__L006152,C[C@H]1CCc2c(cc(s2)C(=O)N3CCC[C@H](C3)C(=O)[O-])C1
dude_aldr__L006153,C1CC1c2nnc(s2)NC(=O)[C@H]3CC[C@@H]3C(=O)[O-]
dude_aldr__L006154,C[C@H](CNc1[nH+]c2ccccc2n1Cc3coc(n3)c4cccs4)O
dude_aldr__L006155,C[C@]12CCC(=O)C[C@H]1CC[C@H]3[C@@H]2CC[C@]4([C@H]3CC[C@@H]4C(=O)COC(=O)CCC(=O)[O-])C
dude_aldr__L006156,CC(C)(C)[C@H]1CCCC[C@H]1NC(=O)NCCc2ccc(cc2)S(=O)(=O)N
dude_aldr__L006157,Cc1nnc(n1C2CCCCC2)SCC3=NC(=O)C4=C([C@@H](OC4=N3)C)C(=O)[O-]
dude_aldr__L006158,CC[C@@H](C)NS(=O)(=O)c1ccc2c(c1)[C@@H]3C=CC[C@@H]3[C@@H](N2)c4ccc(cc4O)O
dude_aldr__L006159,c1ccc(cc1)[C@@H]2CCCN2C(=O)Nc3cccc4c3OCCO4
dude_aldr__L006160,CN(C)c1nc([nH]n1)N
dude_aldr__L006161,Cc1ccccc1N/C(=C(/C(=O)c2ccc(cc2)Cl)\[n+]3cccc(c3)[O-])/[S-]
dude_aldr__L006162,COc1ccccc1/C=C/C=C(\C#N)/c2nc3c(cccn3)c(n2)[O-]
dude_aldr__L006163,CCC[C@@]1(CCN(C1)c2c(c(nn2C)C)[N+](=O)[O-])C(=O)[O-]
dude_aldr__L006164,CN(Cc1cnn(c1)c2ccccc2)c3ccc(cc3C(=O)[O-])S(=O)(=O)N4CCOCC4
dude_aldr__L006165,C[C@H](CS(=O)(=O)N1CCN(CC1)C(=O)C(C)C)C(=O)[O-]
dude_aldr__L006166,Cc1c(sc(n1)n2cccc2)C(=O)N3CCC[C@H](C3)C(=O)[O-]
dude_aldr__L006167,Cc1ccc(c(c1)C)OCCNC(=O)c2cccc(c2)c3n[n-]nn3
dude_aldr__L006168,CN(c1ccc(cc1)[N-]S(=O)(=O)c2cccs2)C(=O)OC
dude_aldr__L006169,Cn1cccc1[C@@H]2CCCN2C(=O)Nc3ccc(c(c3)Cl)n4cccn4
dude_aldr__L006170,C[C@H]1CCCCN1S(=O)(=O)Nc2c(cnn2C)C(=O)[O-]
dude_aldr__L006171,C[C@@H](C(=O)N1CCCC1)Sc2c(cccn2)C(=O)[O-]
dude_aldr__L006172,CS(=O)(=O)c1ccc(Cl)cc1C2NC(=O)NC2=O
dude_aldr__L006173,C[C@@H](C(=O)[O-])S(=O)(=O)N1CCC[C@@H]1c2ccc[nH]2
dude_aldr__L006174,CCCS(=O)(=O)[N-]c1cccc(c1)C(=O)N(Cc2ccsc2)C3CC3
dude_aldr__L006175,Cc1c(sc(n1)NC(=O)[C@@H]2[C@H]3C[C@@H]([C@@H]2C(=O)[O-])C=C3)C(=O)N(C)C
dude_aldr__L006176,CC(C)CCC[C@@H](C)[C@@H]1CC[C@H]2[C@]1(CC[C@@H]3[C@H]2CC=C4[C@]3(CC[C@@H](C4)OS(=O)(=O)[O-])C)C
dude_aldr__L006177,c1c2c3c(c(c1C(=O)[O-])O)[C@H]4C=CC[C@H]4CN3C[C@@H]5[C@@H]2C=CC5
dude_aldr__L006178,C[C@@H]1CCc2c(cc(s2)C(=O)N3CCC[C@H]3C(=O)[O-])C1
dude_aldr__L006179,CCS(=O)(=O)[N-]c1ccc(c(c1)C)S(=O)(=O)Oc2cccc(c2)C
dude_aldr__L006180,C1CCC(=O)N(CC1)CC(=O)N2CCO[C@H](C2)C(=O)[O-]
dude_aldr__L006181,c1c[n+](ccc1/C(=N/c2nncs2)/[O-])[O-]
dude_aldr__L006182,Cc1cc(cc(c1C)S(=O)(=O)N)C(=O)N2CCc3c2cccc3
dude_aldr__L006183,C1CCCN(CCC1)C(=O)N2CCC[C@H](C2)CC(=O)[O-]
dude_aldr__L006184,Clc3ccc2OCC[C@]1(OC(=O)NC1=O)c2c3
dude_aldr__L006185,C[C@H](CSC)/C(=N/S(=O)(=O)c1ccc(c(c1)C(F)(F)F)C#N)/[O-]
dude_aldr__L006186,CCOc1ccc(cc1OCC)S(=O)(=O)/N=C(/[C@H](C(C)C)SCC)\[O-]
dude_aldr__L006187,CCCc1nc(on1)[C@@H]2CCCN(C2)C(=O)[C@H]3CC=CC[C@@H]3C(=O)[O-]
dude_aldr__L006188,Cc1ccc(cc1C(=O)[O-])S(=O)(=O)Oc2ccc(cc2OC)C3SCCS3
dude_aldr__L006189,COCCSC/C(=N/S(=O)(=O)c1ccc(c(c1)Br)OC)/[O-]
dude_aldr__L006190,CCN(CC)C(=O)N1CCN(CC1)C(=O)NC2CCCC2
dude_aldr__L006191,c1ccc2c(c1)-c3c(c(c(c(n3)[O-])C#N)c4ccncc4)CO2
dude_aldr__L006192,c1cc(ccc1[N+](=O)[O-])Oc2ccc(cc2[N+](=O)[O-])S(=O)(=O)[O-]
dude_aldr__L006193,C[C@H](C(=O)[O-])Sc1nnc(n1c2ccccc2)c3ccccc3
dude_aldr__L006194,c1ccc(c(c1)[N+](=O)[O-])SCC(=O)N2CCC(CC2)C(=O)[O-]
dude_aldr__L006195,C1CO[C@H](CO1)CNC(=O)[C@@H]2CC=CC[C@@H]2C(=O)[O-]
dude_aldr__L006196,CCCSC1=NC(=O)[C@@H]2[C@@H](C3=C(CCCC3=NC2=N1)[O-])c4ccc(cc4)N(C)C
dude_aldr__L006197,c1cnc([nH]1)C2=CC[C@H](S2)C(=O)[O-]
dude_aldr__L006198,c1cc(cc(c1)F)C[C@@H]2CCCN2C(=O)c3cc4cccc(c4[n-]3)[N+](=O)[O-]
dude_aldr__L006199,c1cc(ccc1[C@H](CC(=O)[O-])NC(=O)/C=C/c2ccc(s2)Br)F
dude_aldr__L006200,c1cc2c(cc1N)N(CCS2)C[C@@H]3CCCCO3
dude_aldr__L006201,c1cc(cnc1)[C@@H]2CCCN2c3ccc(cc3Br)N
dude_aldr__L006202,COC(=O)C1CCN(CC1)S(=O)(=O)N2CC[C@H](C2)C(=O)[O-]
dude_aldr__L006203,c1cc(c(cc1Cl)F)S(=O)(=O)/N=C(/[C@@H]2CC(=O)N(C2)CC3CC3)\[O-]
dude_aldr__L006204,CC[C@H](C)c1ccc(cc1)S(=O)(=O)[N-]c2ccn(n2)Cc3c(c(c(c(c3F)F)F)F)F
dude_aldr__L006205,Cc1cc([nH]n1)C(=O)N[C@@H]2CCc3c2cccc3Cl
dude_aldr__L006206,Cc1cc(c(n1c2ccccc2)C)/C=C\C(=O)N3CCC(CC3)CC(=O)N
dude_aldr__L006207,Cc1ccc(c(c1)C)/N=N/c2c3ccc(cc3ccc2O)S(=O)(=O)[O-]
dude_aldr__L006208,Cc1ccccc1N/C(=N\C(=O)c2ccc(c(c2)NC(=O)C)C)/NC[C@@H]3CCCO3
dude_aldr__L006209,CCC(=O)N1c2ccc(cc2C[C@H]1C(=O)[O-])S(=O)(=O)N3CCC(CC3)C
dude_aldr__L006210,c1cc(cc(c1)OCCN2CCOCC2)C[C@H](c3cccs3)C(=O)[O-]
dude_aldr__L006211,c1cc(ccc1/C=C(/C=C\2/C(=S)N=C(S2)[O-])\Cl)[N+](=O)[O-]
dude_aldr__L006212,Cc1cc(c2c(n1)n(nc2[O-])C)C(=O)N(C)Cc3ccc(s3)Cl
dude_aldr__L006213,c1nc2c(n1C3CCCC3)nc(nc2[S-])N
dude_aldr__L006214,Cc1nnnn1c2ccc(c(c2)NCC(=O)N3CCCc4c3cccc4)F
dude_aldr__L006215,c1ccc(cc1)[C@@H]2CC(=NN2c3ccccc3)/C(=C(/C#N)\C(=O)c4ccco4)/[O-]
dude_aldr__L006216,CCc1ccc(cc1)N2[C@H](SCC2=O)c3cccc(c3)[N-]S(=O)(=O)c4cccc5c4nccc5
dude_aldr__L006217,CC(C)[C@@H]1[C@@H]2CC=C[C@H]2c3cccc(c3N1)C(=O)[O-]
dude_aldr__L006218,Cn1cccc1c2csc(n2)[N-]S(=O)(=O)c3ccc(c(c3)C#N)Cl
dude_aldr__L006219,c1cc(cc(c1)[N-]S(=O)(=O)c2cccc(c2)C#N)COC[C@@H]3CCCCO3
dude_aldr__L006220,c1ccc2c(c1)CCN2c3nc4c(c(n3)C(=O)[O-])CCC4
dude_aldr__L006221,Clc4cc1c3n(CCC12NC(=O)NC2=O)c(=O)ccc3c4
dude_aldr__L006222,c1cc2c(cc1N)sc(n2)Sc3cncc4n3nnn4
dude_aldr__L006223,CCC[C@]1(CCN(C1)S(=O)(=O)c2cc(sc2Cl)Cl)C(=O)[O-]
dude_aldr__L006224,Cc1ccc(c(c1)[N-]S(=O)(=O)c2cc(cs2)c3ccnn3C)F
dude_aldr__L006225,Cc1cc(on1)[C@H]2CCCN2C(=O)[C@H]3C[C@@H]3C(=O)[O-]
dude_aldr__L006226,c1cnccc1C(=O)N2CCC(CC2)NC(=O)NC34CC5CC(C3)CC(C5)C4
dude_aldr__L006227,C(CS(=O)(=O)c1c(c(c(c(c1F)F)C(=O)[O-])F)F)O
dude_aldr__L006228,CCCc1cc(nc(n1)S[C@H](C)C2=NC(=O)C3=C([C@H](SC3=N2)C)C)[O-]
dude_aldr__L006229,Cc1c(sc(n1)[S-])CC(=O)N(Cc2ccncc2)C3CC3
dude_aldr__L006230,CN(C/C(=C(/C#N)\C(=O)NC1CCCC1)/[O-])C(=O)c2ccc(o2)Br
dude_aldr__L006231,Cc1ccc2c(n1)cccc2NC(=O)[C@@H]3CCCN(C3)C(=O)NC4CC4
dude_aldr__L006232,CCc1ccc(s1)S(=O)(=O)Oc2ccc(cc2)[N-]S(=O)(=O)C
dude_aldr__L006233,c1cnn(c1)CCn2c(c3c(ccs3)nc2=S)[O-]
dude_aldr__L006234,Cc1c(sc(c1C(=O)[O-])NC(=O)N2CCC[C@@H](C2)C)C
dude_aldr__L006235,c1cc(ccc1c2nnc(o2)[S-])S(=O)(=O)N3CCCCC3
dude_aldr__L006236,C[C@@H](C(=O)Nc1ccccc1F)Sc2[n-]c3cc(cnc3n2)Cl
dude_aldr__L006237,Cc1cc(c(cc1C)N2CCN(CC2)C(=S)N)C
dude_aldr__L006238,C1CN(C[C@@H]1C(=O)[O-])C(=O)NC23CC4CC(C2)CC(C4)C3
dude_aldr__L006239,c1cscc1c2nnc(s2)/N=C(/C=C/c3cscn3)\[O-]
dude_aldr__L006240,CCOc1cc(cc(c1OC)Cl)/C=C/C(=O)C2=C([C@@H](N=C2C)C(=O)[O-])C
dude_aldr__L006241,COC(=O)[C@H]1CCN(C1)C(=O)/C(=N/c2nncs2)/[O-]
dude_aldr__L006242,c1cc(c(cc1C#N)Br)[N-]S(=O)(=O)c2cnc(s2)Cl
dude_aldr__L006243,CNC(=O)C1CCN(CC1)c2cnn(c(=O)c2Cl)c3ccc(cc3)C(=O)[O-]
dude_aldr__L006244,Cc1cc(n(n1)c2c(c(nn2C)C)/C=C/C(=O)[O-])C
dude_aldr__L006245,C[C@H](c1ccc(cc1)F)N(C)C(=O)CSc2c(cccn2)C(=O)[O-]
dude_aldr__L006246,c1ccc(cc1)CC/N=C/2\C(=O)c3ccccc3C(=C2Cl)[O-]
dude_aldr__L006247,c1cc(cc(c1)I)NC(=O)NC[C@@H]2CCS(=O)(=O)C2
dude_aldr__L006248,CC(=O)NC1=NC(=O)/C(=C/c2ccc(o2)c3ccc(c(c3)C(=O)[O-])Cl)/S1
dude_aldr__L006249,[H]/N=C/1\C(=C2CCN(C[C@@H]2S1)CC(=O)NC)C(=O)N
dude_aldr__L006250,c1ccc(cc1)[C@@H]2CC(=C(C(=O)C2)/C=N/c3cccc(c3)[N+](=O)[O-])[O-]
dude_aldr__L006251,C[C@@H](c1ccc(cc1)n2ccnc2)NC(=O)C[C@](C)(c3ccccc3)C(=O)[O-]
dude_aldr__L006252,CN1CCN(CC1)C(=O)c2cc(ccc2Cl)[N-]S(=O)(=O)c3ccccc3
dude_aldr__L006253,OC(=O)Cn4cc(Cc2nc1c(F)c(F)cc(F)c1s2)c5ccc(N3CCOCC3)cc45
dude_aldr__L006254,CCc1ccc(s1)C(=O)N2[C@@H]3CCCC[C@H]3C[C@@H]2C(=O)[O-]
dude_aldr__L006255,C[C@@H]1CN(CCO1)C(=O)N2[C@H]3CCCC[C@@H]3C[C@@H]2C(=O)[O-]
dude_aldr__L006256,CC(=O)c1cccc(c1)[N-]S(=O)(=O)c2cc(cnc2N)Br
dude_aldr__L006257,C[C@H](C(=O)N1CCC(CC1)c2c[nH]c3c2cccn3)NC(=O)C4CCCCC4
dude_aldr__L006258,Cc1ccc(c(c1)C)C[C@@H](C)NC(=O)c2cc(c(nc2[O-])SC)C#N
dude_aldr__L006259,C[C@@]1(CCN(C1)C(=O)N(C)Cc2cc(sc2)Br)C(=O)[O-]
dude_aldr__L006260,CCn1cc(cn1)S(=O)(=O)[N-]c2ccc(cc2)Cn3ccccc3=O
dude_aldr__L006261,c1ccc(cc1)c2nc([nH]n2)C3CCN(CC3)c4c5ccccc5ncn4
dude_aldr__L006262,c1cc(ccc1C2=N[C@H](N=C2)SCc3c(cco3)C(=O)[O-])Br
dude_aldr__L006263,CCN(Cc1ccc(s1)Br)C(=O)CC(C)(C)CC(=O)[O-]
dude_aldr__L006264,CC(=O)NNC(=O)[C@H]1CC(=O)N(C1)c2ccc3c(c2)CCC3
dude_aldr__L006265,c1ccc(c(c1)CNC(=O)CSC2=N[C@@H]3C(=NC=N3)C(=N2)[O-])Br
dude_aldr__L006266,c1cc2c(cc1O[C@H]3CCCC[C@@H]3C(=O)[O-])CCC2
dude_aldr__L006267,c1cc(oc1)Cn2c(nnn2)SCC(=O)N3CCC[C@@H](C3)C(=O)[O-]
dude_aldr__L006268,Cn1c2c(cn1)[C@H](CCC2)NC(=O)c3ccc(=O)[nH]c3
dude_aldr__L006269,Cc1cc(c(n1CCc2cccs2)C)C(=O)CSc3nc(cs3)CC(=O)[O-]
dude_aldr__L006270,CCOc1ccc(cc1Cl)[N-]S(=O)(=O)c2cccc(c2C(=O)OC)C
dude_aldr__L006271,Cc1cc2ncc(c(n2n1)C)C(=O)Nc3ccc-4c(c3)Cc5c4cccc5
dude_aldr__L006272,CC(=O)Nc1cccc2c1CCN(C2)C(=O)Nc3ccc(cc3)F
dude_aldr__L006273,CCCC1(CCN(CC1)C(=O)N2CCC(CC2)C)C(=O)[O-]
dude_aldr__L006274,C[C@H](c1ccc(cc1)C#N)[N-]S(=O)(=O)c2cnc(nc2)Cl
dude_aldr__L006275,CC1(Cc2c(sc3c2c(nc(n3)SC)SCC(=O)[O-])CO1)C
dude_aldr__L006276,c1ccc(cc1)[C@H]2[C@](CC(=O)N2)(c3ccccc3)O
dude_aldr__L006277,c1csc(c1Br)CS(=O)(=O)CCC(=O)[O-]
dude_aldr__L006278,CN1c2c(cc(cc2SC)SC)C/C(=N/c3c1ncnc3Cl)/O
dude_aldr__L006279,Cc1cc(=O)c(c(o1)[O-])C2=NCCS[C@H](C2)c3cccc(c3)[N+](=O)[O-]
dude_aldr__L006280,Cc1c2c(ncnc2sc1C(=O)[O-])N(C)Cc3csc(n3)C
dude_aldr__L006281,CCn1c(c2cc3c(nc2nc1=S)CC(OC3)(C)C)[O-]
dude_aldr__L006282,c1cc(c(cc1/C=C/C(=O)[O-])F)C(=O)N2C[C@@H]3CC[C@H]2C3
dude_aldr__L006283,Cc1cc(c(c(=O)o1)C(=O)/C=C/c2ccc(cc2)Oc3cc(cc(c3)F)F)[O-]
dude_aldr__L006284,c1cc(ccc1/C=C/c2cc(n3c(n2)nnn3)[O-])O
dude_aldr__L006285,C[C@H](CCC(=O)[O-])[C@H]1CC[C@H]2[C@@]1(C(=O)[C@H]([C@@H]3[C@@H]2CC[C@@H]4[C@@]3(CCCC4)C)Br)C
dude_aldr__L006286,c1cc(oc1)CNc2nc3c(c4c(s3)CCC4)c5n2ncn5
dude_aldr__L006287,Cc1c(c(nc(n1)S[C@@H](C)C(=O)[O-])c2ccc(cc2)N(C)C)C(=O)C
dude_aldr__L006288,CCCS(=O)(=O)[N-]c1ccccc1C(=O)N2CCCCCCC2
dude_aldr__L006289,C[C@H]1C[C@H]1NS(=O)(=O)N2CCC[C@@H](C2)C(=O)[O-]
dude_aldr__L006290,C[C@]12C[C@H](CC(C1)(C)C)N(C2)S(=O)(=O)c3ccc4c(c3)oc(n4)[O-]
dude_aldr__L006291,Cc1cccc(c1C(=O)OC)S(=O)(=O)[N-]c2ccc(cc2)C#N
dude_aldr__L006292,Cc1ccc(cc1I)C(=O)Nc2[n-]ncn2
dude_aldr__L006293,c1ccc(cc1)c2cc3c(s2)c(nc(n3)c4ncccn4)[O-]
dude_aldr__L006294,CCCCSC1=NC(=O)[C@@H]2[C@@H](/C(=C(/[O-])\OC)/C(=NC2=N1)C)c3ccccc3C
dude_aldr__L006295,C=CCOc1ccc(cc1)C(=O)C2=C(C(=O)N[C@@H]2c3cccc4c3cccc4)[O-]
dude_aldr__L006296,COc1ccc(cc1CSc2ccccn2)/C=C\3/C(=O)N(C(=N3)[S-])C[C@H]4CCCO4
dude_aldr__L006297,Cc1ccc(cc1)C(=CC(=O)[O-])c2ccc(cc2)C
dude_aldr__L006298,Cc1c(sc(n1)N2[C@@H]([C@H]3CCC/C(=C/c4ccccc4)/C3=N2)c5ccccc5)C(=O)[O-]
dude_aldr__L006299,Cc1c(c(n[nH]1)C)[C@@H](C(=O)[O-])NC(=O)c2cc(nc3c2cccc3)C4CC4
dude_aldr__L006300,Cc1c(c2c(n1[O-])-c3c(c(c4ccccc4n3)F)C(=O)CC2)OC
dude_aldr__L006301,COc1ccc(c2c1CN(C[C@H]2O)c3ccc(cn3)C#N)OC
dude_aldr__L006302,OC(=O)Cc3nn(Cc2cn1ccc(Cl)cc1n2)c(=O)c4ccccc34
dude_aldr__L006303,Cc1ccc(c(c1)C)[N-]S(=O)(=O)[C@@H]2C(=NC(=C2C(=O)N3CCCC3)C)C
dude_aldr__L006304,Cc1ccsc1[C@H]2C3=C(N=N[C@@H]3NC4=C2C(=O)CCC4)O
dude_aldr__L006305,c1ccc(cc1)c2cnc(o2)c3ccc(cc3)S(=O)(=O)[N-]c4ccc(c(c4)C(F)(F)F)Cl
dude_aldr__L006306,Cc1ccc(c(c1)C)N2C(=C(C(=O)NC23CCCCC3)C#N)[S-]
dude_aldr__L006307,Cc1ccc(cc1F)S(=O)(=O)[N-]c2ccc3c(c2)c(=O)n4c(n3)CCC4
dude_aldr__L006308,Cc1ccc(cc1[N-]S(=O)(=O)C2=Cc3ccccc3CC2)S(=O)(=O)N
dude_aldr__L006309,Cc1c(scn1)C(=O)N2CCC[C@@H]2C(=O)Nc3nccs3
dude_aldr__L006310,C1CC[C@@H]2[C@@H](C1)C[C@@H](N2C(=O)N3CCCOCC3)C(=O)[O-]
dude_aldr__L006311,Cc1ccc(cc1)N2CC[C@H](C2=O)/C(=N/S(=O)(=O)c3ccc(cc3C)C)/[O-]
dude_aldr__L006312,CO[C@H]1[C@@H]2[C@H]3CC[C@@H]([C@H]2[C@@H](O1)OC)[C@H](C3)O
dude_aldr__L006313,c1ccc(cc1)C(c2ccccc2)/C(=C\3/C(=N/N=C/c4ccncc4)/c5ccccc5C3=O)/[O-]
dude_aldr__L006314,Cc1ccc(s1)S(=O)(=O)/N=C(/[C@@H]2C[C@H]2c3ccco3)\[O-]
dude_aldr__L006315,c1cc(ccc1C#N)Oc2ccc(cc2)NC(=O)C[C@]3(CCSC3)C(=O)[O-]
dude_aldr__L006316,Cc1cc(nc(n1)Oc2ccc(cc2C#N)N)C
dude_aldr__L006317,c1cc(cc(c1)N2CCCS2(=O)=O)/C(=N/S(=O)(=O)N3CCCCC3)/[O-]
dude_aldr__L006318,c1ccc2c(c1)c(nc(n2)C(Cl)(Cl)Cl)[O-]
dude_aldr__L006319,COc3c(c2c(C)cc1c(C(C)C)c(O)c(O)c(C=O)c1c2OC)c(C)cc4c(C(C)C)c(O)c(O)c(C=O)c34
dude_aldr__L006320,CCCCOc1cccc(c1)[C@@H]2C(=C(C(=O)N2CCCn3ccnc3)[O-])C(=O)c4ccc5c(c4)C[C@@H](O5)C
dude_aldr__L006321,C[C@H](CN(C)C(=O)C1CCN(CC1)S(=O)(=O)C)C(=O)[O-]
dude_aldr__L006322,CC[C@@H]1CO[C@H](CN1c2c(c(nn2C)C)N)C
dude_aldr__L006323,C[C@@]1(CCN(C1)C(=O)N2CCC[C@@H]2C(=O)OC)C(=O)[O-]
dude_aldr__L006324,c1cc(ccc1n2c(cc(n2)C(F)(F)F)[S-])[N+](=O)[O-]
dude_aldr__L006325,Cc1ccc(c(c1)OC)[N-]S(=O)(=O)c2ccnc(c2)Cl
dude_aldr__L006326,Cc1ccc(cc1Cl)N2C(=O)/C(=C/c3cn(c4c3cccc4)Cc5ccccc5)/C(=O)N=C2[O-]
dude_aldr__L006327,c1cc(c2c(c1)OCCO2)[N-]S(=O)(=O)c3ccc(s3)Br
dude_aldr__L006328,c1c(csc1/C=C/c2ncc(s2)C(=O)[O-])Br
dude_aldr__L006329,C[C@@H](/C(=C(\C#N)/C(=O)N1CCCCC1)/[O-])Oc2cc(cc(c2)Cl)Cl
dude_aldr__L006330,Cc1cc(c2c(c1)nc(o2)c3cc(ccc3O)NC(=S)NC(=O)c4cc(ccc4Cl)Cl)C
dude_aldr__L006331,CCOC1CCN(CC1)C(=O)N(C)C[C@H](C)C(=O)[O-]
dude_aldr__L006332,c1ccn(c1)C2CCN(CC2)C(=O)COCC(=O)[O-]
dude_aldr__L006333,c1c(cc(=O)[nH]c1[O-])C(=O)N[C@@H]2CCCC[C@@H]2O
dude_aldr__L006334,CC[C@@H](C)c1ccc(c(c1)Br)O[C@H]2C[C@H](N(C2)C(=O)OC(C)(C)C)C(=O)[O-]
dude_aldr__L006335,C[C@@H](C(=O)N)NC(=O)c1cc(cnc1)C#CCO
dude_aldr__L006336,Cc1cc(c2c(c1)sc(n2)NC(=O)[C@@H](C)n3cncn3)C
dude_aldr__L006337,CCCCC(=O)Nc1c(cc(s1)C)C(=O)N[C@@H](CC)C(=O)[O-]
dude_aldr__L006338,C[C@@H](C(=O)[O-])[S@@](=O)c1ccc(cc1)[N+](=O)[O-]
dude_aldr__L006339,Cc1cccc2n1cc(n2)C(=O)Nc3ccc(cc3)c4nnc5n4CCCC5
dude_aldr__L006340,c1cc(nnc1C(=O)N2CCO[C@@H]3[C@@H]2CCCC3)NN
dude_aldr__L006341,Cc1c(sc(n1)[S-])CC(=O)N2CCN(CC2)Cc3ccsc3
dude_aldr__L006342,C[C@@H]1C[C@H](CN(C1)C(=O)[C@@H](C)n2c(nnc2[S-])c3cccs3)C
dude_aldr__L006343,OC(=O)Cc3ccc2C(=O)c1ccccc1COc2c3
dude_aldr__L006344,C[C@@H](c1ccccc1)NC(=O)c2ccccc2[N-]S(=O)(=O)c3ccccc3Cl
dude_aldr__L006345,Cc1ccc(cc1S(=O)(=O)/N=C(/Cc2ccc(s2)C)\[O-])[N+](=O)[O-]
dude_aldr__L006346,C[C@]1(CCCN(C1)c2c3cnn(c3ncn2)C)C(=O)[O-]
dude_aldr__L006347,CS(=O)(=O)[N-]c1ccccc1C(=O)N2CCC(CC2)Nc3ccc(cc3)F
dude_aldr__L006348,Cc1cc(nc(n1)[N-]S(=O)(=O)c2c[nH+][nH]c2N)C
dude_aldr__L006349,Cc1c(c2ccccc2[nH]1)C(=O)C(=O)N[C@H](Cc3c[nH]c4c3cccc4)C(=O)OC
dude_aldr__L006350,CCCNC(=O)N1CC[C@@](C1)(C)C(=O)[O-]
dude_aldr__L006351,Cc1cccc(c1C)n2c(nnn2)C3(CCCCC3)NC(=O)C
dude_aldr__L006352,Cc1nnc(o1)SC[C@H]2CC[C@H](O2)C(=O)[O-]
dude_aldr__L006353,COc1ccc(cc1N2C[C@@H](CC2=O)C(=O)Nc3ccc(cc3)C(=O)[O-])Cl
dude_aldr__L006354,C[C@@]1(CCN(C1)C(=O)NCc2c[nH]nc2)C(=O)[O-]
dude_aldr__L006355,CC1=C2C(=NC(=NC2=O)/C=C/c3ccccc3OC(F)F)S[C@H]1C(=O)[O-]
dude_aldr__L006356,C1C[C@H](CN(C1)C(=O)CC[C@@H]2CCCO2)CCC(=O)[O-]
dude_aldr__L006357,Cc1c(cc(n1Cc2cccs2)c3csc(n3)c4ccc(cc4)C(C)(C)C)C(=O)[O-]
dude_aldr__L006358,CCn1c(c2ccc(cc2nc1=S)C(=O)N3CCC[C@@H](CC3)C)[O-]
dude_aldr__L006359,Cc1ccc(c(c1)C)NC(=O)[C@@H]2[C@H]([C@@H]([C@@](CC2=O)(C)O)C(=O)Nc3ccc(cc3C)C)c4cccc(c4)OC
dude_aldr__L006360,C[C@H]1C[C@](CC(C1)(C)C)(C(=O)[O-])N2C(=O)C(NC2=O)(C)C
dude_aldr__L006361,c1ccc(cc1)n2cnc3c2nc(nc3[S-])O
dude_aldr__L006362,C[C@]1(CCCN(C1)C(=O)CCc2cccnc2)C(=O)[O-]
dude_aldr__L006363,C[NH+]1CCCN(CC1)c2c(n3ccccc3n2)CO
dude_aldr__L006364,CNC(=O)c1ccc(cc1)S(=O)(=O)[N-]c2ccc(c(c2)Cl)C(=O)NC
dude_aldr__L006365,COc1cccc(c1)C2=C[C@H](N3C(=N2)NN=N3)c4ccc(cc4)Cl
dude_aldr__L006366,CN(C)C(=O)CN(C)C(=O)[C@H]1CCCC[C@@H]1C(=O)[O-]
dude_aldr__L006367,Cc1ccc(cc1)[C@H](C)n2c(nnn2)[S-]
dude_aldr__L006368,CCCCN(CC)C(=O)c1ccc(cc1)[N-]S(=O)(=O)c2ccc(c(c2)Cl)F
dude_aldr__L006369,Cc1ccc(c(c1)C)NC(=O)CSc2nc3c(c(n2)[O-])CCC3
dude_aldr__L006370,CC(C)COc1c(cc(cc1Cl)/C=C/C(=O)N2CCC[C@H](C2)C(=O)[O-])OC
dude_aldr__L006371,CC(C)CN1CCn2cc(cc2C1=O)S(=O)(=O)[N-]c3ccc(c(c3)F)F
dude_aldr__L006372,CC(C)(C)c1ncc(cn1)[N-]S(=O)(=O)c2ccc(cc2)C#N
dude_aldr__L006373,CC1(CCN(CC1)C(=O)[C@H]2CSC(=O)N2)C(=O)[O-]
dude_aldr__L006374,Cc1c(c([nH]c1C=O)C)CCC(=O)[O-]
dude_aldr__L006375,Cc1ccc(cc1)Oc2ccc(cc2)[N-]S(=O)(=O)c3cnn(c3)C
dude_aldr__L006376,C[C@H]1CCc2c(csc2C1)C(=O)N3CC[C@@H](C3)C(=O)[O-]
dude_aldr__L006377,Cc1cc(ccc1/C=C/C(=O)[O-])S(=O)(=O)N2CCC[C@H]2C
dude_aldr__L006378,Oc3ccc(S(=O)(=O)c2nc1ccccc1s2)nn3
dude_aldr__L006379,CNC(=O)C1CCC(CC1)NC(=O)Nc2ccc(c(c2)OC3CCCC3)OC
dude_aldr__L006380,c1cc2c(c[nH]c2nc1)C3=CCN(CC3)C(=O)Nc4ccc(nc4)Cl
dude_aldr__L006381,CC1CCC(CC1)N(C2CC2)C(=O)c3cccc(c3)[N-]S(=O)(=O)C
dude_aldr__L006382,CCc1ccc(cc1)/C=C(\C#N)/C(=N/c2nnc(s2)SCc3ccccc3F)/[O-]
dude_aldr__L006383,C[C@@H](C(=O)[O-])S(=O)(=O)N1CCN(CC1)C(=O)[C@@H]2CCCO2
dude_aldr__L006384,C[C@H]1COCCN1C(=O)c2ccc(cc2)[N-]S(=O)(=O)c3ccccc3C#N
dude_aldr__L006385,Cc1cc(c(c(=O)n1c2ccc(cc2)F)C(=O)C)[O-]
dude_aldr__L006386,Cc1ccc(s1)c2csc(n2)[N-]S(=O)(=O)c3c[nH]c4c3cccn4
dude_aldr__L006387,Cc1ccc(cc1)N2C(=O)[C@H]3[C@H](c4c(nc(s4)[S-])S[C@@H]3C2=O)c5ccc(cc5)OC
dude_aldr__L006388,CC[C@@H]1CCCCN1C(=O)c2ccc3c(c2)nc(n(c3=O)CCCOC)[S-]
dude_aldr__L006389,c1ccc(cc1)n2c3c(cn2)c(ncn3)N4CCC(CC4)CO
dude_aldr__L006390,c1c2c3c(c(c1N=O)C(=O)[O-])[C@H]4C=CC[C@H]4CN3C[C@@H]5[C@@H]2C=CC5
dude_aldr__L006391,CC(C)(C)[C@@H]1C(=C([P@](=O)(O1)[O-])C(C)(C)C)Br
dude_aldr__L006392,CCOC(=O)c1c(c(c(n1C)C)S(=O)(=O)[N-]c2ccc(c(c2)C)Br)C
dude_aldr__L006393,c1cc(c(c(c1)I)[O-])[N+](=O)[O-]
dude_aldr__L006394,CCNC(=O)C1(CCC1)c2ccc(cc2)[N-]S(=O)(=O)c3ccc(s3)Cl
dude_aldr__L006395,CC1(CCCC1)CNC(=O)N2CCC(CC2)C(=O)N3CCCC3
dude_aldr__L006396,C1C[C@H](CN(C1)C(=O)N2CCCOCC2)CC(=O)[O-]
dude_aldr__L006397,c1cc(sc1)[C@@H](C2CC2)NS(=O)(=O)c3cc(ccc3Cl)C(=O)[O-]
dude_aldr__L006398,CCc1ccc(cc1S(=O)(=O)[N-]c2ccc(cc2)n3cnnn3)[N+](=O)[O-]
dude_aldr__L006399,Cc1c2cc(cnc2n(n1)C)NC(=O)C3CCC(CC3)C(C)(C)C
dude_aldr__L006400,C[C@@H](c1ccc(cc1)S(=O)(=O)N)NC(=O)c2cc(no2)c3ccccc3
dude_aldr__L006401,Cc1ccccc1c2c(cn(n2)c3ccccc3)/C=C(\C#N)/C(=O)[O-]
dude_aldr__L006402,Cc1cc(ccc1[N-]S(=O)(=O)c2cc(cs2)c3ccnn3C)Cl
dude_aldr__L006403,CC(C)(C)NC(=O)n1cc(c2c1cccc2)C(=O)[C@@H]3CS[C@@H](N3)c4cccnc4
dude_aldr__L006404,Cc1c(nnc(c1CN)n2c(c(c(n2)C)Cl)C)C
dude_aldr__L006405,CC(=O)N(C)CC(=O)N1CCC[C@H](C1)CCC(=O)[O-]
dude_aldr__L006406,CCN([C@H]1CCS(=O)(=O)C1)C(=O)[C@H]2CCCC[C@@H]2C(=O)[O-]
dude_aldr__L006407,CC[C@@]1(CC2=C(CO1)S[C@@H]([C@@H]2c3[n-]nnn3)N=C(OCC)OCC)C
dude_aldr__L006408,Cc1c(c(sn1)NC(=O)C2CC2)C(=O)[O-]
dude_aldr__L006409,c1cc(c(nc1)SCC(=O)N2CCCC2)C(=O)[O-]
dude_aldr__L006410,COc1cc(c(cc1[N-]S(=O)(=O)c2cc(sc2Cl)Cl)Cl)OC
dude_aldr__L006411,CCS[C@H](C(C)C)/C(=N/S(=O)(=O)CCc1ccccc1)/[O-]
dude_aldr__L006412,C[C@H]1CCCC[C@H]1N2CNC(=NS(=O)(=O)c3ccccc3)NC2
dude_aldr__L006413,c1c(c(sc1Cl)Cl)c2csc(n2)/N=C(/C3=CC=CN4C3=NS(=O)(=O)CC4)\[O-]
dude_aldr__L006414,c1cc(ccc1C#N)S(=O)(=O)[N-]c2ccc(c(c2)Cl)C#N
dude_aldr__L006415,C[C@@H](c1cccc(c1)C#N)OC(=O)c2ccc3c(c2)nc(=S)n(c3[O-])C
dude_aldr__L006416,Cc1ccc(cc1)[C@@H]2C(=C(C(=O)N2)[O-])C(=O)c3c(nc(s3)C)C
dude_aldr__L006417,CCCCN(C)C(=O)N1CCc2c(ccs2)[C@@H]1C(=O)[O-]
dude_aldr__L006418,c1cc(oc1)/C=C/C=C\2/C(=O)N=C(N(C2=O)CCC3=CCCCC3)[O-]
dude_aldr__L006419,C[C@H](CC#N)Sc1ccccc1[N-]S(=O)(=O)/C=C/c2ccccc2
dude_aldr__L006420,C[C@@H](C(=O)[O-])n1ccc(n1)C(=O)N(C)Cc2ccnn2C
dude_aldr__L006421,Cc1ccc(c(c1)C(=O)N2CCCN(CC2)c3nccs3)[N-]S(=O)(=O)C
dude_aldr__L006422,CC(C)Oc1ccc(cn1)/C(=N/S(=O)(=O)C)/[O-]
dude_aldr__L006423,Cc1cccc(c1NC(=O)c2cc3c(s2)CCC3)C(=O)[O-]
dude_aldr__L006424,Cc1ccc(cc1[N+](=O)[O-])c2c(cc(o2)/C=C/C(=O)[O-])Br
dude_aldr__L006425,Cc1ccc(o1)/C=N/n2c(nnc2[S-])c3cccs3
dude_aldr__L006426,COC(=O)COc1ccc(cc1)[N-]S(=O)(=O)c2ccc(s2)Cl
dude_aldr__L006427,Cc1cccc(c1)O[C@H](C)C(=O)N2CCC[C@@H](C2)C(=O)[O-]
dude_aldr__L006428,Cc1cc(cc(c1OC(F)F)C)/C=C(/c2nc3cc(ccc3c(n2)[O-])C(=O)OC)\Cl
dude_aldr__L006429,CCOc1ccccc1[N-]S(=O)(=O)c2cc(ccc2Cl)S(=O)(=O)C
dude_aldr__L006430,Cc1ccc(cc1)[C@H]2c3c(nn(c3[O-])c4ccccc4)NC5=C2C(=O)CCC5
dude_aldr__L006431,NC(=O)[C@@H]3C[C@]1(NC(=O)NC1=O)c2cc(F)ccc2O3
dude_aldr__L006432,Cc3c(C)c(=O)n(Cc2nc1cc(F)cc(F)c1s2)nc3CC(O)=O
dude_aldr__L006433,CC(C)(CNC(=O)N1CCC(CC1)C(=O)NC2CCCCC2)[NH+](C)C
dude_aldr__L006434,C[C@]1(C[C@@H](CC(C1)(C)C)N=C=O)CNC(=O)N2CCCCCC2=O
dude_aldr__L006435,CC(C)(C)c1ccc(cc1)/C=C/C(=O)N([C@H]2CC(=NC2=O)[O-])C3CC3
dude_aldr__L006436,C[C@H]1CCC[C@@H](C1)N(C)C(=O)N2CCC[C@@H](C2)CC(=O)[O-]
dude_aldr__L006437,Cn1c(=O)c2c(nc1SC)n(nn2)[C@@H]3[C@H]([C@@H]([C@@H](CO3)O)O)O
dude_aldr__L006438,c1ccc(cc1)N2CCN(CC2)C(=O)c3ccccc3[N-]S(=O)(=O)c4ccc(cc4)Br
dude_aldr__L006439,CCn1c(nnn1)SCC(=O)N2CCC(CC2)C(=O)[O-]
dude_aldr__L006440,CNc1c2cc(ccc2ncc1C#N)N(C)C
dude_aldr__L006441,Cc1c(n(c2c1c(ncn2)N)[C@@H](C)c3ccsc3)C
dude_aldr__L006442,c1cc(cc(c1)S(=O)(=O)[N-]c2ccc(cc2)c3csnn3)C#N
dude_aldr__L006443,C[C@H]1CC(=C[C@H]([C@@H]1CN2C[C@@]34C=C[C@@H](O3)[C@@H]([C@@H]4C2=O)C(=O)[O-])C)C
dude_aldr__L006444,Cc1ccnc(n1)[N-]S(=O)(=O)c2ccc(cc2)n3ccc4c(c3=O)cnc5n4ncn5
dude_aldr__L006445,c1ccc(cc1)C(=O)C2=C(C(=O)N([C@H]2c3cccc(c3)O)C[C@H]4CCCO4)[O-]
dude_aldr__L006446,COCCN1[C@H](C(=C(C1=O)[O-])C(=O)c2ccco2)c3cccc(c3)Br
dude_aldr__L006447,CC(C)n1cc(cc1C(=O)NC2(CCCC2)C(=O)[O-])Cl
dude_aldr__L006448,CCN(C)/C(=C/C1=CSC2=NC(=C([C@@H](N12)c3ccc(cc3)Cl)C(=O)N(CC)CC)C)/[O-]
dude_aldr__L006449,C[C@@H](c1cc(ccc1O)O)Nc2ccc3c(c2)cn[nH]3
dude_aldr__L006450,OC(=O)Cn4cc(Cc2nc1c(F)c(F)cc(F)c1s2)c5cc(c3ccccc3)ccc45
dude_aldr__L006451,C[C@]1(CCCN(C1)C(=O)N(C)[C@H]2CCSC2)C(=O)[O-]
dude_aldr__L006452,CCC[NH+]1CCN(CC1)C(=O)N2CCC[C@](C2)(C)C(=O)[O-]
dude_aldr__L006453,C[C@H]1CCC[C@](C1)(C(=O)[O-])NC(=O)N2CCS(=O)CC2
dude_aldr__L006454,Cc1ccc(cc1F)C(=O)C2=C(C(=O)N([C@@H]2c3cccc(c3)OCC=C)CC=C)[O-]
dude_aldr__L006455,Cc1ccc(cc1F)S(=O)(=O)[N-]c2ccc(c(c2)F)F
dude_aldr__L006456,Cc1ccccc1S(=O)(=O)/N=C(/[C@H]2CC(=O)N(C2)c3cc(cc(c3)F)F)\[O-]
dude_aldr__L006457,Cc1ccc(c(c1)[N-]S(=O)(=O)C2=C(S[C@H](C2)[C@@H]3C(=C(N=N3)C)C)C)OC
dude_aldr__L006458,Cc1cc(c(c(c1)C)NC(=O)CS[C@@H]2NN[C@@H](N2N)[C@@H]3C=C(N=N3)c4ccccc4)C
dude_aldr__L006459,Cc1ccc(cc1)SCc2cc(n3c(n2)c(cn3)C#N)[O-]
dude_aldr__L006460,C1CC(=O)NC[C@H]1O
dude_aldr__L006461,C[C@@]1(C=C(N=C(N1)O)c2ccccc2)c3ccccc3
dude_aldr__L006462,Cc1c(ccc2c1ncc3c2sc(c3[O-])C(=O)OC)Cl
dude_aldr__L006463,CC(C)c1ccc(cc1)C2=C3C(=NC(=NC3=O)SCC(=O)[O-])SC2
dude_aldr__L006464,Cc1cccc(c1C)[N-]S(=O)(=O)c2c(sc(c2c3ccno3)C)C
dude_aldr__L006465,CC[C@]1(CCN(C1)C(=O)c2cc(cn2C)[N+](=O)[O-])C(=O)[O-]
dude_aldr__L006466,Cc1ccc(cc1F)N[C@](C)(c2ccccc2F)C(=O)[O-]
dude_aldr__L006467,Cc1cc(c2c(n1)n(nc2[O-])C)C(=O)OC(C)C
dude_aldr__L006468,c1cc(ccc1c2csnn2)NC(=O)C(=O)N[C@@H]3CCCC[C@@H]3C(F)(F)F
dude_aldr__L006469,CC(=O)[C@H]1CC[C@H]2[C@]1(C[C@H]([C@@H]3[C@@H]2CCC4=CC(=O)CC[C@@]34C)OC(=O)CCC(=O)[O-])C
dude_aldr__L006470,CCc1nnc(s1)N2[C@H](C(=C(C2=O)[O-])C(=O)c3ccc(cc3)C)c4ccc(cc4)C(C)(C)C
dude_aldr__L006471,Cc1ccc(cc1)[C@@H](c2ccccc2)OS(=O)(=O)c3cc(c(cc3Cl)Cl)C(=O)[O-]
dude_aldr__L006472,C#Cc1cccc(c1)[N-]S(=O)(=O)c2ccc(s2)Br
dude_aldr__L006473,Cc1cc(cc(c1)S(=O)(=O)N2[C@H](CCC[C@@H]2C)C)N
dude_aldr__L006474,C[C@@H]1Cc2cc(c(cc2N1C(=O)C)S(=O)(=O)[N-]c3ccc(c(c3)Cl)OC)Br
dude_aldr__L006475,CC1=C(S(=O)(=O)N=C1N2CCC(CC2)C(=O)[O-])c3ccc(cc3)Cl
dude_aldr__L006476,COC(=O)[C@@H]1CSc2c(sc(n2)[S-])[C@H]1c3ccco3
dude_aldr__L006477,Cc1cc2c(cc1C(C)C)c(co2)C/C(=C(/C#N)\C(=O)N3CCOCC3)/[O-]
dude_aldr__L006478,Cc1ccc(cc1)c2csc(c2C(=O)[O-])NC(=O)[C@H]3CCCO3
dude_aldr__L006479,c1cc(sc1)c2csc(n2)NC(=O)[C@@H]3CCCC[C@H]3C(=O)[O-]
dude_aldr__L006480,c1cc(ccc1C(=O)[O-])NCc2ccc(s2)Br
dude_aldr__L006481,c1ccc(cc1)OCc2nnc(n2/N=C/c3ccc(s3)Br)[S-]
dude_aldr__L006482,CCn1cc2c(n1)-c3c(c(oc3CC2)C(=O)Nc4ccccc4C)C
dude_aldr__L006483,CC[C@@H]1CCCN1C(=O)N2CCC[C@H](C2)CC(=O)[O-]
dude_aldr__L006484,C1CCC(C1)[C@H]2CCCN2C(=O)N3CCC(CC3)C(=O)[O-]
dude_aldr__L006485,Cc1ccc(cc1)NC(=O)c2ccccc2NC(=O)C(=O)N/N=C/c3cc4ccc(cc4nc3Cl)C
dude_aldr__L006486,Cc1ccc(cc1)S(=O)(=O)[N-]c2ccc(cc2C(=O)N3CCCC3)Cl
dude_aldr__L006487,Cc1c(c(n(n1)C(C)(C)C)Cl)C(=O)[O-]
dude_aldr__L006488,Cc1ccc(cc1)[C@H]2C[C@H]2c3nnc(n3c4ccc(cc4)Cl)[S-]
dude_aldr__L006489,CO[C@H]1C[C@@H](N(C1)C(=O)N(CC(F)(F)F)C2CC2)C(=O)[O-]
dude_aldr__L006490,c1c(cc(c(c1C(=O)[O-])Cl)S(=O)(=O)N2CCCC2)Cl
dude_aldr__L006491,CC(C)(C)n1cc(cn1)Nc2c3c(nc(n2)c4ccncc4)CCC3
dude_aldr__L006492,c1cc(c(nc1)Nc2ccc(cc2)N3CCCCCC3)C(=O)[O-]
dude_aldr__L006493,COc1ccccc1NC(=O)c2cnn(c2C3CC[NH2+]CC3)c4ccc(cc4)Cl
dude_aldr__L006494,C[C@](c1ccccc1Br)(C(=O)[O-])SC
dude_aldr__L006495,c1ccc2c(c1)NC[C@@H](O2)C(=O)NC3CCS(=O)(=O)CC3
dude_aldr__L006496,CCc1ccsc1C(=O)N2CCC[C@H](C2)C(=O)[O-]
dude_aldr__L006497,COc1ccc(cc1S(=O)(=O)[N-]c2ccccc2Cl)S(=O)(=O)C
dude_aldr__L006498,c1cc2c(cc1OCc3ccc(o3)/C=N/n4cnnc4[S-])CCC2
dude_aldr__L006499,c1ccc(c(c1)C(=O)N2CCC[C@H](C2)O)[N-]S(=O)(=O)c3ccc(nc3)Cl
dude_aldr__L006500,C[C@@H]1CCCC[C@H]1CNS(=O)(=O)c2cc(oc2Br)C(=O)[O-]
dude_aldr__L006501,CCN([C@H](C)CC(=O)[O-])C(=O)N(C)Cc1cc(sc1)Br
dude_aldr__L006502,Cc1cc2c(c(c1N)Br)nn(n2)c3ccccc3
dude_aldr__L006503,c1c(cc(cc1Cl)Cl)N2C[C@@H](CC2=O)/C(=N/c3nnc(s3)C4CC4)/[O-]
dude_aldr__L006504,CC(C)(C)NC(=O)c1cc2c([nH]c1=O)CCCC2=O
dude_aldr__L006505,CC(C)CC/C(=N/S(=O)(=O)c1cccc(c1)n2cnnn2)/[O-]
dude_aldr__L006506,Cc1ccc(s1)S(=O)(=O)/N=C(/C2(CCOCC2)c3cccc(c3)Cl)\[O-]
dude_aldr__L006507,Cc1ccc(o1)/C=C/C(=O)N2CCC(CC2)(C)C(=O)[O-]
dude_aldr__L006508,c1ccc(c(c1)/C=C/C(=O)c2ccc(cc2)S(=O)(=O)N3CCC(CC3)C(=O)[O-])Cl
dude_aldr__L006509,C[C@H]1CCN([C@@H](C1)C)C(=O)c2ccc(cc2)S(=O)(=O)N
dude_aldr__L006510,c1ccc2c(c1)CCC[C@]2(CNC(=O)NC3CCN(CC3)c4ncccn4)O
dude_aldr__L006511,C[C@@H](c1ccc(cc1)C(C)(C)C)NC(=O)c2c(cnn2C)C(=O)[O-]
dude_aldr__L006512,c1c(cncc1Br)S(=O)(=O)N2CCC[C@H](C2)CCC(=O)[O-]
dude_aldr__L006513,Cc1ccnc(n1)SC[C@H]2CC[C@H](O2)C(=O)[O-]
dude_aldr__L006514,CC1(CC(=C(C(=O)C1)/C=N/c2ccnn2Cc3ccsc3)[O-])C
dude_aldr__L006515,CC(C)NC(=O)N1CCN(CC1)C(=O)c2ccc3c(c2)nc(=S)n(c3[O-])C
dude_aldr__L006516,Cc1ccc(cc1F)S(=O)(=O)[N-]c2cccc(c2)C(=O)N(C)CCCOC
dude_aldr__L006517,C[C@H](C(=O)[O-])Sc1ccc(cc1)C(C)(C)C
dude_aldr__L006518,C1=C(N=N[C@H]1CO)CO
dude_aldr__L006519,Cc1c(c(n(n1)C)N2CCOC[C@@H]2C)C(=O)[O-]
dude_aldr__L006520,c1cnccc1c2nc3c(c(n2)N[C@H]4CCCC[C@@H]4O)CCC3
dude_aldr__L006521,Cc1ccc(cc1[N-]S(=O)(=O)c2cc3c(s2)CCN(C3)C(=O)C4CC4)Cl
dude_aldr__L006522,COc1ccc(cc1)c2nc(cs2)C/C(=N/S(=O)(=O)c3ccc(s3)Cl)/[O-]
dude_aldr__L006523,C1COCCN1C(=O)N[C@H]2CS(=O)(=O)C[C@@H]2NC(=O)N3CCOCC3
dude_aldr__L006524,Cc1c2c(c3c(nc2on1)CCC3)C(=O)Nc4ccc(c(c4)Cl)F
dude_aldr__L006525,Cc1cccc(c1C(=O)OC)S(=O)(=O)[N-]c2ccc(cc2)Br
dude_aldr__L006526,c1ccc(cc1)C[C@H]2C(=O)N=C(S2)[N-]c3cccc(c3)[N+](=O)[O-]
dude_aldr__L006527,CC(=O)N1CCc2c1ccc(c2)c3csc4n3c(cn4)N
dude_aldr__L006528,C[C@@H]1CC[C@@H]2[C@]([C@@]13C[C@@]4(CC(=O)OC4)CO3)(CC[C@@H]([C@@]2(C)CO)O)C
dude_aldr__L006529,CCOc1ccc(cc1)N2C(=O)/C(=C/c3ccc(o3)Sc4ccccc4)/C(=NC2=S)[O-]
dude_aldr__L006530,C[C@]12C[C@]1(C(=C[C@H]3[C@@H]2CC(C3)(C)C)C=O)C(=O)[O-]
dude_aldr__L006531,CCCc1nnc(n1c2cc(ccc2C)F)[S-]
dude_aldr__L006532,c1ccc2c(c1)N[C@@H](S2)NCC(=O)NNC(=O)c3ccc4c(c3)nc[nH]4
dude_aldr__L006533,Cc1ccc(cc1S(=O)(=O)[N-]c2cc(c(c(c2)F)OC)F)[N+](=O)[O-]
dude_aldr__L006534,C[C@@H]1CCc2c(csc2C1)C(=O)Nc3ccc(c(c3)OC)S(=O)(=O)NC
dude_aldr__L006535,c1ccc(c(c1)[N-]S(=O)(=O)c2ccc(s2)Br)OCC#N
dude_aldr__L006536,Cc1cc(c(c(c1Br)C)C)O[C@H](C(C)C)C(=O)[O-]
dude_aldr__L006537,Cc1cc(nc(n1)N2CCC(CC2)C(=O)N[C@@H]3CCCC[C@@H]3C)C
dude_aldr__L006538,C[C@H]1CCC[C@@H](N1C(=O)N[C@@H]([C@@H](C)O)C(=O)[O-])C
dude_aldr__L006539,c1cc(c(cc1N[C@H](C2CC2)C(=O)[O-])Cl)C#N
dude_aldr__L006540,Cc1ccc(cc1)S(=O)(=O)[N-]c2ccnc(c2)Sc3ccccn3
dude_aldr__L006541,Cc1cccc(c1)c2nnc(n2CC(=O)Nc3nnc(s3)C(C)C)[S-]
dude_aldr__L006542,c1cc(ccc1N)N2CCN(CC2)c3ccncn3
dude_aldr__L006543,c1csc(c1C(=O)[O-])NC(=O)NCC2CCCCC2
dude_aldr__L006544,Cc1ccc(cc1)[C@H]2c3cc(ccc3CCN2C(=O)C4CC4)OCc5nc(cs5)C(=O)[O-]
dude_aldr__L006545,Cc1nc(nc(n1)OC)N(C)/C(=N/S(=O)(=O)N2CCCCC2)/[O-]
dude_aldr__L006546,c1cc(ccc1Nc2nc(nc(n2)N)CSc3[nH]c4cc(c(cc4n3)F)F)F
dude_aldr__L006547,Cc1cc(c(c(c1C)c2ccc(nc2)C(=O)[O-])C)C
dude_aldr__L006548,CCn1cc2c(n1)c(=O)n(c(n2)[S-])C3CCCC3
dude_aldr__L006549,c1cc(ccc1C#N)[N-]S(=O)(=O)c2cc(cnc2)Br
dude_aldr__L006550,c1c(c(sc1Br)Br)S(=O)(=O)N(CC(=O)[O-])C2CCCC2
dude_aldr__L006551,c1ccc(c(c1)[N-]S(=O)(=O)[C@@H]2CC[C@@H](S2)[C@@H]3C=CN=N3)Cl
dude_aldr__L006552,C1CCN([C@H](C1)CC(=O)[O-])C(=O)N(CCC#N)C2CC2
dude_aldr__L006553,c1ccc(cc1)c2c(nn3c2nc(cc3[O-])Cn4cccn4)C(F)(F)F
dude_aldr__L006554,Cc1c(c(n2c(n1)nc(n2)S[C@H](C)C(=O)Nc3ccc(cc3Cl)[N+](=O)[O-])C)CCC(=O)[O-]
dude_aldr__L006555,c1cc(cnc1)CN(CCC#N)C(=O)[C@H]2C[C@H]2C(=O)[O-]
dude_aldr__L006556,C[C@@H]1CCC[C@@H](N1S(=O)(=O)c2cc(cs2)N)C
dude_aldr__L006557,c1cc(cc(c1)Cl)[C@@H]2C[C@H]2/C(=N/S(=O)(=O)c3cccs3)/[O-]
dude_aldr__L006558,Cc1c(c(nc(n1)SC)[O-])CCC(=O)Oc2cccc3c2OC(C3)(C)C
dude_aldr__L006559,CC(C)c1ccc(cc1)/C=C(\C#N)/c2nc3ccccc3c(n2)[O-]
dude_aldr__L006560,CN(C)c1ccccc1[N-]S(=O)(=O)c2cnc(nc2)Cl
dude_aldr__L006561,C[C@H](CSC)/C(=N/S(=O)(=O)c1cccc(c1)n2cnnn2)/[O-]
dude_aldr__L006562,COc1ccc(cc1OC)S(=O)(=O)[N-]c2nc(cs2)c3ccc(cc3)F
dude_aldr__L006563,CC1=C[C@@H](N=N1)C(=O)N/N=C/c2cc(cc(c2[O-])Br)[N+](=O)[O-]
dude_aldr__L006564,C[C@@]12CC/C(=N\OCC(=O)NCCc3ccc(cc3)O)/C=C1CC[C@H]4[C@H]2CC[C@@]5([C@@H]4CC[C@@]5(C)O)C
dude_aldr__L006565,CCCSc1nnc(s1)/N=C(/C(=C/c2cc(ccc2OC)Br)/C#N)\[O-]
dude_aldr__L006566,Cc1cc(ccc1[N-]S(=O)(=O)c2ccc(c(c2)C#N)Cl)N3CCOCC3
dude_aldr__L006567,Cc1cccc(c1)CSCc2c(ccs2)/C=C/C(=O)[O-]
dude_aldr__L006568,C[C@@H]1CCC[C@H](C1)O[C@@](C)(c2ccc(cc2)SC)C(=O)[O-]
dude_aldr__L006569,C[C@@H]1CCCC[C@@H]1NC(=O)C(=O)[O-]
dude_aldr__L006570,c1cc2c(cc1[N+](=O)[O-])C[C@@H]([C@@H]3N2CCC3)C(=O)[O-]
dude_aldr__L006571,c1cc(cc(c1)I)S(=O)(=O)/N=C(/C[C@@H]2CCC=C2)\[O-]
dude_aldr__L006572,c1cc(ccc1N2C[C@@H](CC2=O)C(=O)[O-])OC(F)(F)F
dude_aldr__L006573,Cc1c(cccc1Cl)N/C(=N/C(=O)c2ccccc2)/[N-]C[C@H]3CCCO3
dude_aldr__L006574,Cn1cccc1[C@H]2CCCCCN2S(=O)(=O)c3c[nH]nc3
dude_aldr__L006575,c1cc(c(cc1N2CCCC2=O)[N-]S(=O)(=O)C3CCCCC3)F
dude_aldr__L006576,COc1ccccc1CN(C[C@@H]2CCCO2)C(=O)c3cc(c4ccccc4n3)[O-]
dude_aldr__L006577,c1csc2c1n(c(=O)[nH]c2=O)[C@@H]3[C@H]([C@@H]([C@@H](O3)CO)O)O
dude_aldr__L006578,Cc1ccc(cc1[N-]S(=O)(=O)C)C(=O)Nc2cc(ccc2OC)C#N
dude_aldr__L006579,c1ccn2c(c1)nc(c2S(=O)(=O)/N=C(/C3CCC3)\[O-])Cl
dude_aldr__L006580,CC(C)[NH+]1CC[C@H](C1)CNC(=O)N2CCC(CC2)NC(=O)CC3CCCC3
dude_aldr__L006581,Cc1ccc(o1)c2nc(c(s2)/C(=C(\C#N)/C(=O)N3CCCC3)/[O-])C
dude_aldr__L006582,Cc1ccccc1[C@@](C)(C(=O)[O-])Sc2ccc(cc2)N
dude_aldr__L006583,c1cc(ccc1c2nc(cs2)/C(=N/c3[nH]ncn3)/[O-])[N+](=O)[O-]
dude_aldr__L006584,C[C@H](CC#N)Sc1ccccc1[N-]S(=O)(=O)c2c(cc(cc2F)F)F
dude_aldr__L006585,C1CCC(C1)NC(=O)[C@@H]2C[C@@H]2C(=O)[O-]
dude_aldr__L006586,C1CCN(C1)S(=O)(=O)/N=C(/CCN2CCSC2=O)\[O-]
dude_aldr__L006587,Cc1ccc(cc1)n2c3c(c(n2)C)[C@@H](C(=C(O3)N)C#N)c4cccnc4
dude_aldr__L006588,c1ccc(c(c1)/C=N/n2c(nnc2[S-])c3cccnc3)Br
dude_aldr__L006589,Cc1csc(n1)N2[C@@H](C(=C(C2=O)[O-])C(=O)c3cc4ccccc4o3)c5ccc(cc5)F
dude_aldr__L006590,CC(=O)N1CCC(CC1)NC(=O)NC[C@H]2CCCOC2
dude_aldr__L006591,CC(C)(C)c1cccc(c1)OCC(=O)Oc2ccc(cc2)[N-]S(=O)(=O)C
dude_aldr__L006592,c1csc(c1n2cnnn2)C(=O)N3CC[C@H](C3)C(=O)[O-]
dude_aldr__L006593,c1ccc(c(c1)[N+](=O)[O-])O[C@H]2[C@H]([C@@H]([C@@H](CO2)O[C@H]3[C@H]([C@@H]([C@@H](CO3)O)O)O)O)O
dude_aldr__L006594,CC1(COCCN1c2ccc(cc2Cl)C#N)C
dude_aldr__L006595,C[C@H]1CCCN(C1)S(=O)(=O)c2cc(cc(c2F)C(=O)[O-])Cl
dude_aldr__L006596,COc1ccc(cc1)c2nc(c3c(n2)Oc4c(cc(cc4OC)Br)C3)[O-]
dude_aldr__L006597,CCC(=C1C(=O)NC(=S)NC1=O)NCCc2ccc(cc2)S(=O)(=O)N
dude_aldr__L006598,C[C@@H]1CN(C[C@H](O1)C)C(=O)N[C@H](C(=O)[O-])C(C)(C)C
dude_aldr__L006599,Cc1c(c(n[nH]1)C)NC(=O)CN2CCO[C@H](C2)c3ccc(cc3)Br
dude_aldr__L006600,Cc1ccc(cc1)C(=O)N2CCc3c(c(n[nH]3)C(=O)NC4CCCCC4)C2
dude_aldr__L006601,CCn1cc(cn1)S(=O)(=O)[N-]c2ccc(cc2)c3nc(c(o3)C)C
dude_aldr__L006602,c1cc(ccc1NC(=O)c2ccc3c(c2)nc(=S)[nH]c3[O-])Oc4ccncc4
dude_aldr__L006603,C1CN(CCC1C(=O)[O-])C(=O)c2c(c(c(c(c2F)F)F)F)F
dude_aldr__L006604,CO[P@@]1(=O)NN2C[C@@H]3C=C(C(=C[C@@H]3C[C@@H]2CO1)O)F
dude_aldr__L006605,c1ccc(c(c1)C(=O)[O-])SCC(=O)Nc2c(c3c(s2)CCCCC3)C#N
dude_aldr__L006606,Cc1c(sc(n1)N(C)Cc2cc(cs2)Br)C(=O)[O-]
dude_aldr__L006607,c1ccc(cc1)C(c2ccccc2)/C(=N/S(=O)(=O)c3ccc(s3)Cl)/[O-]
dude_aldr__L006608,c1ccnc(c1)N[C@H](c2ccc3cccnc3c2[O-])c4ccco4
dude_aldr__L006609,Cc1c([nH]c2c1cc(cc2)C(=O)N[C@@H](C)c3nnc4n3cccc4)C
dude_aldr__L006610,Cc1ccc2cccc(c2n1)S(=O)(=O)[N-]c3ccc(c(c3)C)N4CCCC4=O
dude_aldr__L006611,Cc1ccccc1OCCN(C)C(=O)c2cc(ccc2[N-]S(=O)(=O)C)Cl
dude_aldr__L006612,C1CC[C@H]2[C@H](C1)N(CCO2)C[C@@H]3CC[C@@H](O3)C(=O)[O-]
dude_aldr__L006613,Cc1c(c(=O)n(c(c1C(=O)[C@H]2[C@@H](C2(C)C)C=C(Cl)Cl)[O-])C)C#N
dude_aldr__L006614,COCc1[nH]c2cc(ccc2n1)[N-]S(=O)(=O)c3ccc(cc3)Cl
dude_aldr__L006615,COC(=O)c1c2c(sc1NC(=O)CSc3nccc(n3)[O-])CCCC2
dude_aldr__L006616,Cc1c(n2c(c(sc2n1)C)c3cccs3)C(=O)[O-]
dude_aldr__L006617,CCC[C@@](C)(C(=O)[O-])NC(=O)N1CCO[C@H]2[C@@H]1CCC2
dude_aldr__L006618,Cc1cc/c(=N/S(=O)(=O)c2ccc(c(c2)C(=O)[O-])Br)/[nH]c1
dude_aldr__L006619,c1cc(sc1)c2cc(nc(n2)N3CCC[C@@H]3C(=O)[O-])C(F)(F)F
dude_aldr__L006620,C[C@]12CCC(=O)C[C@H]1CC[C@H]3[C@H]2CC[C@]4([C@@H]3CC[C@@H]4C(=O)COC(=O)CCC(=O)[O-])C
dude_aldr__L006621,C[C@H]1CC[C@@H]2c3c(ncnc3SCCCC(=O)[O-])S[C@@H]2C1
dude_aldr__L006622,Cc1ccc(c(c1S(=O)(=O)N2CCCC2(C)C)C)N
dude_aldr__L006623,c1ccc(c(c1)[N+](=O)[O-])SCCCS(=O)(=O)[O-]
dude_aldr__L006624,c1cc(oc1)/C=N\n2c(nnc2[S-])C3CCCCC3
dude_aldr__L006625,Cc1c\2c(oc1C(=O)NC3CCCCC3)CC(C/C2=N\NC(=S)N)(C)C
dude_aldr__L006626,COc1c(cc(cc1Cl)Cl)[C@@H]2c3c(n[nH]c3OC(=C2C#N)N)c4cccc5c4cccc5
dude_aldr__L006627,Cc1ccc(cc1C)S(=O)(=O)N2CCCc3c2ccc(c3)S(=O)(=O)N
dude_aldr__L006628,C[C@@](c1ccccn1)(C(=O)[O-])Sc2ccc(c(c2)Cl)F
dude_aldr__L006629,C[C@@H](C(=O)Nc1c2c(nn1C)CCC2)NC(=O)N
dude_aldr__L006630,C/C(=N\NC(=O)c1nc[nH]n1)/c2ccc(cc2)/N=C/c3cc(ccc3[O-])[N+](=O)[O-]
dude_aldr__L006631,c1cc(cc(c1)n2cnnc2)[N-]S(=O)(=O)c3ccc(s3)Br
dude_aldr__L006632,c1cc(oc1)[C@@H]2CC3=N[C@H]4CCCC[C@@H]4NC=C3C(=O)C2
dude_aldr__L006633,C1CCN(CC1)c2c(c(c(c(c2F)F)/C=C/C(=O)[O-])F)F
dude_aldr__L006634,CCCSC1=NC(=O)[C@H]2[C@@H](C3=C(CCCC3=NC2=N1)[O-])c4ccc(cc4)F
dude_aldr__L006635,CC(=O)Nc1ccc(cc1)CNC(=O)Cn2c(nnc2[S-])c3cccs3
dude_aldr__L006636,C1CSCC(CS1)NS(=O)(=O)[O-]
dude_aldr__L006637,c1c(c(cc(c1n2cnc(n2)[N+](=O)[O-])F)[N+](=O)[O-])C(=O)[O-]
dude_aldr__L006638,[H]/N=C/1\C(=C2CCC[C@@H]2S1)c3[n-]c4c(n3)cccn4
dude_aldr__L006639,Cc1ccc(cc1)COc2c(cccc2OC)CCN3C[C@H](CC3=O)C(=O)[O-]
dude_aldr__L006640,Cc1c(s/c(=N/C(=O)C[NH+]2CCC(CC2)OC)/[nH]1)C
dude_aldr__L006641,c1cc(oc1)c2c3c(nc(c2C#N)[S-])CCC3
dude_aldr__L006642,C[C@@]1(CCN(C1)c2c(cc3c(n2)CCC3)C#N)C(=O)[O-]
dude_aldr__L006643,c1cc(oc1)[C@@H]2[C@@H](CCC(=O)N2C3CCCCC3)C(=O)[O-]
dude_aldr__L006644,C/C(=C/C(=N/S(=O)(=O)c1ccsc1C(=O)OC)/[O-])/c2ccc(cc2)F
dude_aldr__L006645,CN(c1ccc(cc1)C#N)C(=O)[C@@H]2CC=CC[C@@H]2C(=O)[O-]
dude_aldr__L006646,c1ccc(cc1)Oc2cccc(c2)[C@H]3N([C@@H](CS3)C(=O)[O-])C(=O)c4ccccc4Br
dude_aldr__L006647,C[C@H](c1cccs1)Nc2cccc3c2c(=O)[nH]nc3[O-]
dude_aldr__L006648,Cc1ccccc1NC(=O)N2CCCn3cccc3[C@@H]2c4ccoc4
dude_aldr__L006649,Cn1cnnc1c2ccc(cc2)[N-]S(=O)(=O)c3cccs3
dude_aldr__L006650,C[C@@H](c1nc(no1)c2cccs2)N3CC[NH2+]CC3
dude_aldr__L006651,Cc1ccc(cc1)n2c(c3c(n2)CSC3)NC(=O)C(=O)NCc4ccc(cc4)F
dude_aldr__L006652,c1ccc(cc1)N2C(=O)[C@H]3[C@@H](c4c(nc(s4)[O-])S[C@@H]3C2=O)c5ccc(cc5)F
dude_aldr__L006653,Cc1ccc(c(c1)C)C(=O)C[C@H]2C(=O)N=C(S2)[N-]NC3=NC(=O)CS3
dude_aldr__L006654,C[C@H](C(=O)[O-])S(=O)(=O)N1CCN(CC1)C(=O)[C@@H]2CCCO2
dude_aldr__L006655,C[C@@H]([C@H](c1ccc(s1)Cl)Sc2nccc(n2)[O-])N
dude_aldr__L006656,c1ccc(cc1)n2c(nnc2[S-])COc3ccc4c(c3)OCO4
dude_aldr__L006657,Cc1cccc(c1C)NC(=O)[C@H](C)Sc2nc(c(nn2)C)[O-]
dude_aldr__L006658,Cc1c(cco1)/C(=C(/C#N)\C(=O)c2ccc(cc2)n3cc(cn3)Br)/[O-]
dude_aldr__L006659,Cn1c(c2ccc(cc2nc1=S)C(=O)NCCc3nccs3)[O-]
dude_aldr__L006660,Cc1cccc(c1C(=O)OC)S(=O)(=O)[N-]c2ccc(cc2C)C(=O)NC
dude_aldr__L006661,CC(C)c1c(c(n[nH]1)C(=O)NC2(CCCCC2)C)N
dude_aldr__L006662,CC(C)S[C@@H]1C[C@@H](CC[C@@H]1C(=O)[O-])c2ccccc2
dude_aldr__L006663,CCCSc1nnc(s1)SCC(=O)N2CCC[C@@H](C2)C(=O)[O-]
dude_aldr__L006664,c1c(c(nc(=O)n1[C@@H]2C[C@@H]([C@@H](O2)CO)O)N)C(F)(F)F
dude_aldr__L006665,CCCCOc1cccc(c1)C(=O)C2=C(C(=O)N([C@@H]2c3cccc(c3)Cl)CCN4CCOCC4)[O-]
dude_aldr__L006666,C[C@@H](COC)N(CCOC)C(=O)N1CCO[C@@H](C1)C(=O)[O-]
dude_aldr__L006667,Cc1ccc(c(c1)F)N[C@@](C)(c2ccc(cc2)Cl)C(=O)[O-]
dude_aldr__L006668,CN(Cc1ccc(cc1)/C=C/C(=O)[O-])C(=O)c2ccsc2
dude_aldr__L006669,CCOc1ccc(cc1)c2nnc(n2CC(=O)[O-])SCC(=O)N(C)C3(CCCCC3)C#N
dude_aldr__L006670,c1cc2cc(ccc2nc1)[N-]S(=O)(=O)c3c(ccs3)Br
dude_aldr__L006671,CC1(C[C@H]2[C@@H](CO1)S[C@@H]3[C@@H]2C(=O)N(c4n3c(nn4)[S-])c5ccccc5OC)C
dude_aldr__L006672,CC[C@H]1CCN([C@@H](C1)C(=O)[O-])C(=O)OC(C)(C)C
dude_aldr__L006673,Cc1c(sc(n1)[N-]S(=O)(=O)C2=Cc3ccccc3CC2)SCC#N
dude_aldr__L006674,Cc1ccc(cc1NC(=O)C(C)(C)C)c2cn3c(n2)ccc(n3)OC
dude_aldr__L006675,C[C@@H](c1nncn1C)Nc2cc3c(cc2N)OCC(=O)N3
dude_aldr__L006676,c1c(nc2c(cnn2c1[O-])C#N)CSc3nnc(s3)N4CCCC4
dude_aldr__L006677,Cc1cccc(c1)N[C@@H](c2ccc(c(c2)F)F)C(=O)[O-]
dude_aldr__L006678,C1CCN([C@@H](C1)C(=O)[O-])C(=O)[C@H]2COCCO2
dude_aldr__L006679,CN(C)c1ccc(cc1)c2ccc3c(c2)cc([nH]3)C(=O)[O-]
dude_aldr__L006680,CCn1c(=O)c2cc(cn2c(n1)C)S(=O)(=O)[N-]c3ccc(cc3)OCC
dude_aldr__L006681,c1ccc(cc1)[C@H]2CC(=C(C(=O)C2)/C=N/CCO)[O-]
dude_aldr__L006682,CCCCOc1ccc(cc1)C(=O)NC(=S)Nc2ccc(c(c2)c3nc4cc(cc(c4o3)C)C)O
dude_aldr__L006683,CSc1cccc(c1)[N-]S(=O)(=O)c2ccc(nc2)N3CCOCC3
dude_aldr__L006684,C[C@@H](C(=O)N(CCC(=O)[O-])C(C)C)n1cccn1
dude_aldr__L006685,CC(=O)N1CCN(CC1)C(=O)N2CC[C@@H](C2)C(=O)[O-]
dude_aldr__L006686,CC(=O)c1ccc(cc1)[N-]S(=O)(=O)c2ccc(c(c2)C#N)Cl
dude_aldr__L006687,c1cc(ncc1O)n2cc(cn2)CCC(=O)NC3=C(CCCC3)C(=O)[O-]
dude_aldr__L006688,CC(C)c1ccc(cc1)[C@H]([C@@H]2CC=CC[C@@H]2C(=O)[O-])O
dude_aldr__L006689,Cc1ccsc1C(=O)NC2(CCCCC2)/C(=N/O)/N
dude_aldr__L006690,CC(C)(C)[C@H]1CCc2c(sc3c2c(=O)n(c(n3)SCC(=O)[O-])c4ccccc4)C1
dude_aldr__L006691,CC(C)(C)c1c(nc2nnc(n2n1)C3CC3)[O-]
dude_aldr__L006692,CC(C)Cc1c2c([nH]n1)CCN(C2)C(=O)c3cn[nH]c3n4cnnn4
dude_aldr__L006693,CC(=O)O[C@H]([C@@H](C(=O)[O-])OC(=O)C)C(=O)N1CCOCC1
dude_aldr__L006694,C[C@]1(CCCN(C1)C(=O)CSc2ccc(cc2)Br)C(=O)[O-]
dude_aldr__L006695,Cc1c(c(n(n1)C)C)S(=O)(=O)/N=C(/c2ccc(s2)Br)\[O-]
dude_aldr__L006696,Cc1cccc(c1)N2C(=C(C(=O)NC23CCC(CC3)C)C#N)[S-]
dude_aldr__L006697,Cc1ccc(cc1)[C@@H]2[C@@H]3C(=NC(=NC3=O)SC)N=C4C2=C(CCC4)[O-]
dude_aldr__L006698,C[C@H]1C[C@H]2[C@@H]3CC[C@@]([C@]3(C[C@H]([C@@H]2[C@@]4(C1=CC(=O)C=C4)C)O)C)(C(=O)COC(=O)C)O
dude_aldr__L006699,Cc1cccn(c1=O)[C@@]2(C[C@H](CC(C2)(C)C)C)C(=O)[O-]
dude_aldr__L006700,Cc1cc(ccc1NC(=O)N2CCC(CC2)C[NH+]3CCCCCC3)C(=O)NC
dude_aldr__L006701,c1ccc(cc1)S(=O)(=O)N2CCN(CC2)C(=O)c3cccnc3[S-]
dude_aldr__L006702,C1CS(=O)(=O)C[C@H]1Nc2nnc(s2)[S-]
dude_aldr__L006703,C1C[C@H]2[C@H](C1)OCCN2C(=O)N3CSC[C@H]3C(=O)[O-]
dude_aldr__L006704,c1c(cncc1Br)S(=O)(=O)N2CCCC[C@@H]2CCC(=O)[O-]
dude_aldr__L006705,C[C@@H]1C[C@@H]1CNC(=O)N2CCN(CC2)c3cnccn3
dude_aldr__L006706,Cc1ccc(cc1S(=O)(=O)[N-]c2ccc(cc2)C#N)c3nc(on3)C(=O)N4CCOCC4
dude_aldr__L006707,Cc1ccc2c(c1)Cc3c(nc(nc3[S-])c4ccccn4)O2
dude_aldr__L006708,Cc1ccc(cc1)S(=O)(=O)N2CCN(CC2)N
dude_aldr__L006709,COc1ccc(cc1)c2nc(c3c(n2)n(cn3)[C@@H]4[C@H]([C@@H]([C@H](O4)CO)O)O)N
dude_aldr__L006710,OC(=O)CN(Cc1ccccc1)C(=S)CCc3nc2c(F)c(F)cc(F)c2s3
dude_aldr__L006711,CC1(CCCN1C(=O)[C@H]2CCCC[C@@H]2C(=O)[O-])C
dude_aldr__L006712,CCc1nc2c(c3c(s2)CCC[C@H]3C(=O)[O-])c(=O)n1CC(C)C
dude_aldr__L006713,CC[C@H](C(=O)[O-])n\1cc(s/c1=N\C(=O)c2cccc(c2)C)C
dude_aldr__L006714,c1cc(ncc1Br)/N=C/c2cc(cc(c2[O-])[N+](=O)[O-])Cl
dude_aldr__L006715,Cc1ccccc1N[C@]2(CCCc3c2cccc3)C(=O)[O-]
dude_aldr__L006716,c1ccc2c(c1)c(c[nH]2)/C=C/3\C(=NC(=O)N(C3=O)C4CCCCC4)[O-]
dude_aldr__L006717,C[C@H](CS(=O)(=O)[N-]c1cccc(c1)F)C(=O)N(C)CCc2ccncc2
dude_aldr__L006718,C[C@@]1(CC1(Cl)Cl)C(=O)NNC(=O)c2ccc(nc2)Cl
dude_aldr__L006719,CCc1ccc(s1)S(=O)(=O)[N-]c2ccc(cc2)N(C)C(=O)OCC
dude_aldr__L006720,c1c(cc(c2c1c(c(cn2)C#N)[O-])I)[N+](=O)[O-]
dude_aldr__L006721,CC(C)[C@](C)(CC(=O)N1CCN(CC1)CC#C)C(=O)[O-]
dude_aldr__L006722,Cc1c(cnn1c2ccc(cc2)Br)C(=O)NNC(=O)NCC3CC3
dude_aldr__L006723,Cc1c2c(ncn(c2=O)C)sc1C(=O)NC34CC5CC(C3)CC(C5)C4
dude_aldr__L006724,COc1cc(c(c(c1)Br)N2CCCCC2)N
dude_aldr__L006725,Cc1c(cccc1NC(=O)NC[C@@H](C(C)C)N2CCOCC2)C(=O)NC
dude_aldr__L006726,c1csc2c1[C@@H](N(CC2)C(=O)N3CCNC(=O)C3)C(=O)[O-]
dude_aldr__L006727,Cc1c(c(c(o1)C)S(=O)(=O)N)C(=O)N2CCC[C@H](C2)C
dude_aldr__L006728,CCC[C@]1(CCCN(C1)C(=O)CCS(=O)(=O)C)C(=O)[O-]
dude_aldr__L006729,CCSCC/C(=N/S(=O)(=O)c1cnn(c1)C)/[O-]
dude_aldr__L006730,C[C@H](C(=O)N[C@@H](CC(=O)[O-])c1ccc(cc1)F)Sc2ccc(cc2)Cl
dude_aldr__L006731,CC(C)(C)C1CCN(CC1)C(=O)N2CC[C@@H](C2)C(=O)[O-]
dude_aldr__L006732,C[C@H]1C=C(C[C@H]([C@@H]1C(=O)[O-])C(=O)OC)C
dude_aldr__L006733,CCCCOc1cccc(c1)[C@H]2C(=C(C(=O)N2c3nc(c(s3)C(=O)OC)C)[O-])C(=O)c4ccc(cc4)C
dude_aldr__L006734,CC(C)(C)C1=C[C@H](N=N1)c2nnc(n2c3cccc4c3cccn4)[S-]
dude_aldr__L006735,CS(=O)(=O)[N-]c1ccc(cc1)OC(=O)[C@H]2CCCc3c2cccc3
dude_aldr__L006736,CC(=O)NC[C@H]1CCCN(C1)c2cc(=O)n3ccccc3n2
dude_aldr__L006737,Cc1cccc(c1)c2nnc(n2CCC(=O)Nc3nncs3)[S-]
dude_aldr__L006738,CC(C)[C@@]1(CC[C@H]2C(=C1)C(=O)C[C@@H]3[C@@]2(CCC[C@@]3(C)C(=O)[O-])C)O
dude_aldr__L006739,CCOc1ccc(cc1OC)[N-]S(=O)(=O)c2cc(sc2Cl)Cl
dude_aldr__L006740,c1cc(cc(c1)OCC#N)[N-]S(=O)(=O)c2cccc(c2)Br
dude_aldr__L006741,c1ccc2c(c1)c(ccn2)[C@H]3C(=C(OC4=C3C(=O)c5ccccc5C4=O)N)C#N
dude_aldr__L006742,Oc4ccc(S(=O)(=O)c2oc1ccccc1c2c3ccccc3)nn4
dude_aldr__L006743,Cc1cccc(c1C)NC(=O)c2c(c(c(s2)NC(=O)c3ccc(cc3)N)C(=O)OC)C
dude_aldr__L006744,C[C@H]1CCc2c(c(c3cc(ccc3n2)Br)C(=O)[O-])C1
dude_aldr__L006745,CCN([C@H](C)CC(=O)[O-])C(=O)[C@@H]1CCCN1S(=O)(=O)C
dude_aldr__L006746,CCCOc1ccc(cc1)C(=O)C2=C(C(=O)N([C@@H]2c3cccc(c3)OCCC(C)C)c4nnc(s4)C)[O-]
dude_aldr__L006747,Cc1c(c(n[nH]1)C)C(=O)N2CCC[C@@H](C2)CNC(=O)N
dude_aldr__L006748,c1cc(ccc1C(=O)[O-])n2c(=O)c(c(cn2)N3CCN(CC3)c4ccc(cc4)F)Cl
dude_aldr__L006749,Cn1c(c(cn1)/C(=N/S(=O)(=O)c2cc(ccc2Cl)[N+](=O)[O-])/[O-])C(F)F
dude_aldr__L006750,CC1(CC(=C(C(=O)C1)C[C@@H]2CCCCC2=O)[O-])C
dude_aldr__L006751,C[C@@H](c1cccs1)N(C)/C(=N/c2nnc(s2)c3ccsc3)/[O-]
dude_aldr__L006752,CC1(COCCN1[C@@](C)(c2ccc(cc2)SC)C(=O)[O-])C
dude_aldr__L006753,CC\1=NN(C(=O)/C1=C\c2ccc(o2)c3ccc4c(c3)COC4=O)c5[n-]nnn5
dude_aldr__L006754,CN(C[C@H]1CCCO1)S(=O)(=O)N2CCC(CC2)C(=O)[O-]
dude_aldr__L006755,COC(=O)c1cc2c3c(ncn2c(=O)c1)n(cn3)[C@@H]4[C@H]([C@@H]([C@@H](O4)CO)O)O
dude_aldr__L006756,CCCCCOc1cccc(c1)[C@H]2C(=C(C(=O)N2c3nc(c(s3)C(=O)C)C)[O-])C(=O)c4ccc(cc4)F
dude_aldr__L006757,CCN([C@@H]1CCCC[C@H]1C)C(=O)c2ccc(c(c2)[N-]S(=O)(=O)C)C
dude_aldr__L006758,C[C@H](C(=O)NN)NC(=O)C12CC3CC(C1)CC(C3)C2
dude_aldr__L006759,c1c(cc(c(c1C(=O)[O-])F)S(=O)(=O)NC2CCCCC2)Br
dude_aldr__L006760,Cc1c(c(on1)C)S(=O)(=O)[N-]c2nc(cs2)c3ccc(cc3)SC
dude_aldr__L006761,CC1(CCCN1C(=O)NCCC(=O)[O-])C
dude_aldr__L006762,c1cc(cc(c1)Br)[S@](=O)Cc2cc(co2)C(=O)[O-]
dude_aldr__L006763,Cc1cc(nc(c1C(=O)[O-])SCC(=O)NC(=O)NCC(F)(F)F)C
dude_aldr__L006764,Cc1ccc(c(c1)N2Cc3ccc(cc3C2)N)OC
dude_aldr__L006765,C[C@@H]1C[C@H](CN(C1)C(=O)[C@@H]2CC=CC[C@@H]2C(=O)[O-])C
dude_aldr__L006766,Cc1cc(ccc1/C=C/C(=O)[O-])N2C[C@H]3CC[C@@H]2C3
dude_aldr__L006767,COC(=O)C\1=NC(=S)N[C@H](/C1=C(\c2ccco2)/[O-])c3csc(n3)C4CC4
dude_aldr__L006768,c1cc(ccc1N[C@@H]2[C@@H]([C@@H]([C@@H](CO2)O)O)O)[N+](=O)[O-]
dude_aldr__L006769,c1cc(c(cc1C(=O)N2CCc3c(c(no3)C(=O)[O-])C2)F)F
dude_aldr__L006770,c1cc(cc(c1)N2CCCCS2(=O)=O)C(=O)NC3CCCCC3
dude_aldr__L006771,CS(=O)(=O)N1CCC(CC1)CNC(=O)NC[C@@]2(CCCc3c2cccc3)O
dude_aldr__L006772,c1cc(cc(c1)I)/C=N/Nc2c(cccn2)C(=O)[O-]
dude_aldr__L006773,CC(=O)N[C@H]1CC[C@]2([C@@H](C1)CC[C@@H]3[C@H]2CC[C@]4([C@@H]3C[C@H]([C@@H]4OC(=O)C)NC(=O)C)C)C
dude_aldr__L006774,C[C@@H](C(=O)Nc1cc(ccc1N2CCCCC2)C(=O)N)Oc3cccc(c3)C#N
dude_aldr__L006775,C[C@@H](CC[C@@H]1CCCO1)NC(=O)c2ccc3c(c2)nc(=S)n(c3[O-])C
dude_aldr__L006776,Cc1c(c(n(n1)C)n2c(nc(n2)C)C)C(=O)[O-]
dude_aldr__L006777,c1c(cn(c1C(=O)N2CCC[C@H]2C(=O)[O-])C3CC3)[N+](=O)[O-]
dude_aldr__L006778,C1CCc2c(c(=O)[nH]c(n2)NC(=O)C3CC3)C1
dude_aldr__L006779,CC1([C@H]([C@@H](c2cc(ccc2O1)C#N)n3ccc(cc3=O)[O-])O)C
dude_aldr__L006780,C#CCOc1c(cc(cc1Cl)/C=C/2\C(=NC(=O)N(C2=O)c3ccc(cc3)Br)[O-])Cl
dude_aldr__L006781,Cc1cc(nc2c1c(nc(n2)SCC(=O)N(C(C)C)C(C)C)[O-])C
dude_aldr__L006782,C[C@@H]1CCc2c(sc(c2C(=O)N)NC(=O)CSc3nnc(n3C)c4csc5c4CCCCC5)C1
dude_aldr__L006783,C[C@H]1Cc2c(c3ccccc3nc2/C(=C/c4ccc(cc4)N(C)CCC#N)/C1)C(=O)[O-]
dude_aldr__L006784,c1ccc(cc1)NC(=O)N2CCC[C@@H](C2)C(=O)NCCC3=c4ccccc4=[NH+]C3
dude_aldr__L006785,c1ccc(cc1)[C@@H]2CCN(C2)c3ccc(nn3)C(=O)[O-]
dude_aldr__L006786,C[C@H]1C[C@@](CC(C1)(C)C)(C(=O)[O-])Sc2cnn(c2)C
dude_aldr__L006787,Cc1ccccc1N2C(=O)/C(=C/c3cc(c(o3)N4CCOCC4)Br)/C(=NC2=S)[O-]
dude_aldr__L006788,CC(C)NC(=O)N1CCN(CC1)C(=O)CN(C)c2c3c([nH]cn3)ncn2
dude_aldr__L006789,Cc1ccc(cc1)CN/C(=C/2\C(=c3cc(c(cc3=NC2=O)OC)OC)[O-])/O
dude_aldr__L006790,Cc1nc(n(n1)[C@]2(C[C@H](CC[C@@H]2C(C)C)C)C(=O)[O-])C
dude_aldr__L006791,CCOC(=O)C2=C(O)C(=O)N(Cc1ccncc1)C2
dude_aldr__L006792,CC(C)N(CC(=O)OC)C(=O)N1CCO[C@H](C1)C(=O)[O-]
dude_aldr__L006793,c1cc(c(cc1/C=N\n2c(nnc2[S-])c3ccc(cc3Cl)Cl)Cl)Cl
dude_aldr__L006794,C[C@@H]4O[C@@H](Oc3c(c1ccc(O)c(O)c1)oc2cc(O)cc(O)c2c3=O)[C@H](O)[C@H](O)[C@H]4O
dude_aldr__L006795,Cc1cc(n2c(n1)ncn2)[N-]c3ccccc3Cl
dude_aldr__L006796,Cc1c(sc2c1c(nc(n2)C)N3CCCCC3)C
dude_aldr__L006797,Cc1c(sc(n1)NC(=O)[C@@H](C)CSC)c2nnc(n2CC=C)[S-]
dude_aldr__L006798,C1CN(CCN1C(=O)C(F)(F)F)S(=O)(=O)N
dude_aldr__L006799,Cc1cc(cc(c1)C(=O)N2CCC[C@H](C2)C(=O)[O-])C
dude_aldr__L006800,Cc1cc2c3c(c1)[C@@]4(C(=O)N3C(C[C@@H]2C)(C)C)N=C(NC(=N4)Nc5ccccc5)N
dude_aldr__L006801,c1c(nnn1CCS(=O)(=O)C2CCOCC2)C(=O)[O-]
dude_aldr__L006802,CC[C@H](C)SC1(CCCCCC1)C(=O)[O-]
dude_aldr__L006803,C[C@H]1CCC[C@H]([C@@H]1C)NC(=O)C(=O)Nc2ccc(c(c2)NC(=O)OC)F
dude_aldr__L006804,Cc1cc(ccc1F)S(=O)(=O)[N-]c2c(cno2)c3ccc(cc3)Cl
dude_aldr__L006805,Cn1cccc1/C=C/2\C(=O)N=C(S2)N(C)c3ccccc3C(=O)[O-]
dude_aldr__L006806,c1nc([nH]n1)S[C@]2(CCSC2)C(=O)[O-]
dude_aldr__L006807,CCc1nc(c(s1)C(=O)Nc2ccc(c(c2)Cl)[N-]S(=O)(=O)C)C
dude_aldr__L006808,c1cc(cc(c1)Cl)/C(=C/n2c3cc(ccc3nc2[S-])[N+](=O)[O-])/C#N
dude_aldr__L006809,CC(C)(C)n1cc(c(=O)c2c1cccc2N)C(=O)N3CCCCC3
dude_aldr__L006810,COc1ccc(cc1)[C@H]2C[C@@H](n3c(nnn3)N2)c4ccccc4F
dude_aldr__L006811,Cc1cc(cc(c1)c2cc(cnc2)C(=O)[O-])C
dude_aldr__L006812,Cc1cc(ccc1/N=N/c2cccc(c2C)S(=O)(=O)[O-])N
dude_aldr__L006813,Cc1ccnc(n1)S[C@]2(CCCC[C@@H]2C(C)(C)C)C(=O)[O-]
dude_aldr__L006814,Cc1cc(c2c(c1)nc(o2)c3ccc(cc3O)NC(=S)NC(=O)c4cc(ccc4Cl)Cl)C
dude_aldr__L006815,Cc1cc2c(c(oc2c(c1)Br)C(=O)[O-])C3CC3
dude_aldr__L006816,CN(Cc1ccoc1)S(=O)(=O)c2cc(sc2Br)C(=O)[O-]
dude_aldr__L006817,c1ccc(cc1)Cc2cc3c(cc2Br)[C@H]4CO[P@](=O)(NN4CC3)[O-]
dude_aldr__L006818,C[C@@H](C1CC1)NC(=O)N2CC[C@@H](C2)C(=O)[O-]
dude_aldr__L006819,CC[C@@H](C)N(CC(=O)[O-])C(=O)[C@H]1CS[C@@]2(N1C(=O)CC2)C
dude_aldr__L006820,Cc1c(cnn1c2ccccc2)C(=O)C3=C(C(=O)N([C@@H]3c4ccc(cc4)[N+](=O)[O-])CCN5CCOCC5)[O-]
dude_aldr__L006821,c1ccc(cc1)CSc2nnc(s2)N3[C@@H](C(=C(C3=O)[O-])C(=O)c4cccs4)c5cccs5
dude_aldr__L006822,c1cc2c(cc1C(=O)[O-])CCN2C(=O)c3cc(cnc3)Br
dude_aldr__L006823,C[C@H]1C[C@@H](CC(C1)(C)C)C/C(=C(/C#N)\C(=O)c2c(n(c(=O)n(c2=O)C)C)N)/[O-]
dude_aldr__L006824,CC(C)(C)c1nnc(s1)NC(=O)N2CCC[C@@H]2c3ccsc3
dude_aldr__L006825,c1ccc(cc1)CC(=O)NCc2nnc(n2c3ccc(cc3)Br)[S-]
dude_aldr__L006826,C1CCCN(CC1)S(=O)(=O)N2CCN(CC2)Cc3nc(nc(n3)N)N
dude_aldr__L006827,C[C@]12CC=C3[C@H]([C@@H]1C[C@H]4[C@H](C2)OC(O4)(C)C)CCC(=O)[C@@]3(C)CCC(=O)[O-]
dude_aldr__L006828,Cc1ccc2cc(c(nc2c1)Cl)[C@@H]3CC(=NN3C(=O)CCCC(=O)[O-])c4ccc(cc4)Br
dude_aldr__L006829,COc1ccc(cc1)[N-]S(=O)(=O)c2ccc(s2)c3cnc(o3)C4CCC4
dude_aldr__L006830,CC(=O)NCCC(=O)N1[C@@H]2CCCC[C@@H]2C[C@@H]1C(=O)[O-]
dude_aldr__L006831,CS(=O)(=O)/N=C(/CSCc1ccc(s1)Cl)\[O-]
dude_aldr__L006832,c1ccc(cc1)SCCC(=O)N2CCC[C@@H](C2)C(=O)[O-]
dude_aldr__L006833,c1cc(cc(c1)F)[C@@H]2C[C@@H]2/C(=N/S(=O)(=O)c3ccc(c(c3F)F)F)/[O-]
dude_aldr__L006834,COc1ccccc1Oc2ccc(cc2)S(=O)(=O)[N-]c3ccccc3C#N
dude_aldr__L006835,C=CCn1c(nnc1SCC(=O)[O-])C2CCC2
dude_aldr__L006836,Cc1ccc(cc1F)S(=O)(=O)[N-]c2ccccc2C(=O)N3CCC[C@H](C3)O
dude_aldr__L006837,CCCc1cc(no1)C(=O)N2CCC[C@@H](C2)Cn3cc(nn3)C(=O)[O-]
dude_aldr__L006838,Cc1c(c(n(n1)C)C)CN(C)C(=O)c2c(cn(n2)C)C(=O)[O-]
dude_aldr__L006839,C[C@H]1Cc2c(cc(c(n2)Cl)C(=O)[O-])[C@H](C1)C
dude_aldr__L006840,Cc1ccc2c(c1)O[C@H]([C@@H]2C)C(=O)N3CCC(CC3)c4[n-]nnn4
dude_aldr__L006841,c1ccc2c(c1)nc(c(n2)NS(=O)(=O)c3ccc(s3)Br)Nc4ccc(cc4)O
dude_aldr__L006842,Cc1c(c(n(n1)C)C)S(=O)(=O)N(CC(C)C)CC(=O)[O-]
dude_aldr__L006843,Cc1ccc(cc1)c2csc3c2c(ncn3)n4c(c(cn4)C#N)N
dude_aldr__L006844,C[C@H]1CCCN([C@H]1C)C(=O)N(C)C[C@@H](C)C(=O)[O-]
dude_aldr__L006845,C1CCC2=C3C(=NC(=NC3=O)CO)S[C@@H]2C1
dude_aldr__L006846,Cc1cnc(nc1)S[C@@]2(CCC[C@@H](C2)C)C(=O)[O-]
dude_aldr__L006847,Cc1cc(cc(c1)n2c3c(cn2)[C@@H](CCC3)NC(=O)c4c5c([nH]n4)CCC5)C
dude_aldr__L006848,CN([C@H]1CCSC1)C(=O)N2CCC[C@H](C2)CC(=O)[O-]
dude_aldr__L006849,[H]/N=C\1/[C@H]2C(=C3C[C@H](CCC3=NC2=O)C(C)(C)C)C(=N1)[O-]
dude_aldr__L006850,C[C@H]1CCc2c(sc3c2c(=O)n(c(n3)SCc4cccc(c4)C(=O)[O-])CC=C)C1
dude_aldr__L006851,c1cc(ccc1S(=O)(=O)[N-]c2cc(cnc2)C(=O)N3CCN(CC3)Cc4ccc5c(c4)OCO5)Cl
dude_aldr__L006852,Cc1cccc(c1)NC(=O)N2CCC(CC2)CCNC(=O)[C@@H]3C=c4ccccc4=[NH+]3
dude_aldr__L006853,Cc1ccc(c(c1C)I)C(=O)[O-]
dude_aldr__L006854,Cc1cc(ccc1NC(=O)C(=O)N[C@H]2CCCC[C@@H]2C)C(=O)N3CCC(CC3)C
dude_aldr__L006855,c1cnc(cn1)C(=O)N2CCC[C@@H](C2)S(=O)(=O)N
dude_aldr__L006856,Cc1cc(n(n1)C)Nc2ccc(cc2Cl)C(=S)N
dude_aldr__L006857,c1c(c(c(nc1Cl)I)C(F)(F)F)C(=O)[O-]
dude_aldr__L006858,Cc1csc(=O)n1C/C(=C(\C#N)/C(=O)c2ccsc2)/[O-]
dude_aldr__L006859,Cc1c(c([nH]n1)C(=O)NC2CCN(CC2)C(=O)C)Br
dude_aldr__L006860,CC(C)(C)c1cc(cc(c1O)C(C)(C)C)/C=N\NC(=O)C2=NNC(C2)(c3ccccc3)c4ccccc4
dude_aldr__L006861,CNC(=O)N1CCC(CC1)C(=O)N[C@H]2CCS(=O)(=O)C2
dude_aldr__L006862,Cc1c(c(n(n1)c2ccccc2)C)C/C(=C(\C#N)/C(=O)c3ccco3)/[O-]
dude_aldr__L006863,CCCCSC1=NC(=O)[C@H]2[C@H](C3=C(CCCC3=NC2=N1)[O-])c4ccccc4
dude_aldr__L006864,Cc1c(sc(c1C(=O)[O-])NC(=O)N2CC[C@@H](C[C@@H]2C)C)C
dude_aldr__L006865,COc1ccc(cc1OC)S(=O)(=O)/N=C(/[C@H]2C[C@H]2c3cccc(c3)F)\[O-]
dude_aldr__L006866,c1cc2c(cc(c(c2nc1C=O)[O-])Cl)Cl
dude_aldr__L006867,Cc1cc(ccc1Sc2nnc3n2CCCCC3)N
dude_aldr__L006868,COc1ccc(cc1/N=C/c2c(ccc(c2[O-])Br)Br)[N+](=O)[O-]
dude_aldr__L006869,COC(=O)C1=CN=N[C@@H]1S(=O)(=O)[N-]c2ccc3c(c2)CCC3
dude_aldr__L006870,C[C@@H](CNC(=O)c1c(c(c(c(c1F)F)F)F)F)C(=O)[O-]
dude_aldr__L006871,c1cc(c(cc1NC(=O)[C@H]2[C@@H]3C=C[C@H]([C@@H]2C(=O)[O-])O3)Cl)OC(F)F
dude_aldr__L006872,CCCS(=O)(=O)[N-]c1ccccc1C(=O)N(C)CCOc2ccc(cc2)C
dude_aldr__L006873,C1CCC(C1)[C@H]2CCCN2C(=O)N3CSC[C@H]3C(=O)[O-]
dude_aldr__L006874,Cc1ccc(cc1)/C=C/S(=O)(=O)[N-]c2ccc(cc2)C(=O)N(C)OC
dude_aldr__L006875,c1cc2c(cc1S(=O)(=O)N3CCC[C@@H](C3)O)CC(=O)N2
dude_aldr__L006876,COc1cc(sc1/C(=N/c2nnc3n2cccc3)/[O-])c4ccccc4
dude_aldr__L006877,Cc1cccc(c1[N-]S(=O)(=O)c2ccc(s2)[C@H]3C=C(N=N3)C)C
dude_aldr__L006878,Cc1cc(ccc1NC(=O)N[C@@H](C)c2nncn2C)I
dude_aldr__L006879,C[C@H]1CC[C@@H]([C@@H](C1)Sc2nccs2)C(=O)[O-]
dude_aldr__L006880,CC(C)c1ccccc1OCc2c(ccs2)/C=C/C(=O)[O-]
dude_aldr__L006881,C=CCSC/C(=N/S(=O)(=O)c1ccc(nc1)Cl)/[O-]
dude_aldr__L006882,C[C@H]1CCCN([C@@H]1C)S(=O)(=O)c2cc(oc2Br)C(=O)[O-]
dude_aldr__L006883,CCCCSC1=NC(=O)[C@H]2[C@H](/C(=C(/[O-])\OC)/C(=NC2=N1)C)c3ccc(cc3)F
dude_aldr__L006884,COc1cccc(c1)C2(CCCC2)C(=O)Oc3ccc(cc3)[N-]S(=O)(=O)C
dude_aldr__L006885,c1c[nH]c2c(c1=O)cnn2[C@H]3[C@@H]([C@@H]([C@H](O3)CO)O)O
dude_aldr__L006886,CC1CCC(CC1)N(C)C(=O)N2CCC[C@H]2C(=O)[O-]
dude_aldr__L006887,CS(=O)(=O)N1CCC[C@H](C1)Nc2c(c(ns2)Cl)C#N
dude_aldr__L006888,CCOc1ccc(cc1)[N-]C2=NS(=O)(=O)C(=C2C)c3ccc(cc3)Cl
dude_aldr__L006889,Cc1cccc(c1)N2CCN(CC2)C(=O)c3cc(ccc3[N-]S(=O)(=O)C)C
dude_aldr__L006890,CC(C)C(=O)NC1=NC(=O)C2=NCN(C2=N1)[C@H]3C[C@@H]([C@@H](O3)CO)O
dude_aldr__L006891,Cc1c(sc2c1c(=O)[nH]c(n2)[C@H](C)Nc3ccc4c(c3)nc(o4)C)C
dude_aldr__L006892,CCCc1nc(n(n1)C)CC2(CCCC2)C(=O)[O-]
dude_aldr__L006893,CCOc1cc(ccc1OCCC(C)C)[C@@H]2C(=C(C(=O)N2CCOC)[O-])C(=O)c3ccc4c(c3)C[C@@H](O4)C
dude_aldr__L006894,Cn1ccc(n1)c2nnc(n2C[C@H]3CCCO3)SCc4nnc(n4C5CCCCC5)[S-]
dude_aldr__L006895,Cc1c(cccc1N2CCCC2=O)[N-]S(=O)(=O)c3ccc(s3)Cl
dude_aldr__L006896,Cc1ccc(cc1)NC(=O)C(=O)[C@@H](c2c(nc3cc(ccc3n2)[N+](=O)[O-])[O-])C(=O)OC
dude_aldr__L006897,Cc1cccc(c1C(=O)N2CCCC2)NCC(=O)NC(=O)NCC(C)C
dude_aldr__L006898,c1ccc2c(c1)cnn2c3ccc(c(c3)Cl)C#N
dude_aldr__L006899,COc1ccccc1[C@@H]2[NH+]=C(N=C3N2C(=CC(=C)N3)[O-])NCCc4c[nH]c5c4cccc5
dude_aldr__L006900,c1c(cc(c(c1C(=O)[O-])N2C(=O)COCC2=O)Br)Br
dude_aldr__L006901,Cc1c(c(n2c(n1)c(cn2)C#N)[O-])CC(=O)Nc3ccc(s3)C(=O)OC
dude_aldr__L006902,c1cscc1c2nnc(s2)/N=C(/N3CCC[C@H](C3)C(=O)NC4CC4)\[O-]
dude_aldr__L006903,CC(=O)Nc1ccc(cc1)N2C[C@@H](CC2=O)C(=O)N3CCC[C@@H](C3)C(=O)[O-]
dude_aldr__L006904,CC(C)CCN(C)C(=O)c1ccc2c(c1)nc(=S)n(c2[O-])C
dude_aldr__L006905,Cc1ccc(cc1)S(=O)(=O)N2CCCN(CC2)C(=O)c3cccnc3[S-]
dude_aldr__L006906,COc1ccc(cc1Cl)S(=O)(=O)[N-]c2ccc(cc2)C(=O)N3CCCCC3
dude_aldr__L006907,CC(=O)c1c(c2c(c3c(nc2s1)CCN(C3)C(=O)C)C(F)(F)F)N
dude_aldr__L006908,CCN([C@@H](C)CC(=O)[O-])C(=O)[C@H]1CCS(=O)(=O)C1
dude_aldr__L006909,Cc1c(c(on1)C)S(=O)(=O)N2CCC[C@H](C2)CCC(=O)[O-]
dude_aldr__L006910,CCc1nnc(s1)/N=C(/C(=O)N2CCC[C@@H](C2)C)\[O-]
dude_aldr__L006911,Cc1ccc(cc1)c2nnc(n2CC(=O)N(C)C3(CCC3)C#N)[S-]
dude_aldr__L006912,Cc1c(c(n(n1)Cc2ccccc2)Cl)/C=N/NC(=O)c3c(c(c(c(n3)Cl)Cl)N)Cl
dude_aldr__L006913,C1CC[C@@H]2[C@H](C1)CCCN2C(=O)C3(CCC3)C(=O)[O-]
dude_aldr__L006914,C[C@H]1CCc2c(sc(c2C(=O)NCCCC(=O)[O-])NC(=O)C)C1
dude_aldr__L006915,c1nnc(n1C2CCCCC2)[C@@H]3CCCC[C@@H]3C(=O)[O-]
dude_aldr__L006916,CC1(C[C@H]2[C@@H]1CC/C(=C/CCC2=C)/C(=O)[O-])C
dude_aldr__L006917,COc1ccc(cc1Br)[C@@H](C(=O)[O-])N2CCOCC2
dude_aldr__L006918,C[C@]1(CCN(C1)C(=O)N2CC[C@@H]3CCCC[C@@H]3C2)C(=O)[O-]
dude_aldr__L006919,Cc1cc(ccc1OC)S(=O)(=O)/N=C(/[C@@H]2C[C@H]2c3ccccc3F)\[O-]
dude_aldr__L006920,c1ccc2c(c1)CCN[C@@H]2c3nc([nH]n3)C4CCCCC4
dude_aldr__L006921,Cc1cc(nc(c1C(=O)[O-])S[C@@H](C)C(=O)N2CCCC2)C
dude_aldr__L006922,C[C@H](C(=O)N1CCCCC1)S(=O)(=O)[C@H](C)C(=O)[O-]
dude_aldr__L006923,C1CCC(CC1)(CC(=O)[O-])CN/C=C\2/C(=O)NC(=S)N(C2=O)C3CC3
dude_aldr__L006924,CN1CC=C2[C@H](C1)[C@H](C(C(=C2C#N)N)(C#N)C#N)c3ccccc3OC(F)F
dude_aldr__L006925,CC(C)S(=O)(=O)N(C)Cc1cc(sc1)/C=C/C(=O)[O-]
dude_aldr__L006926,Cc1cc(ccc1[N-]S(=O)(=O)c2cc3c(s2)CCN(C3)C(=O)C4CC4)Cl
dude_aldr__L006927,Cc1ccc(c(c1)Cl)NS(=O)(=O)c2c([nH]c(c2C(=O)N3CCCC3)C)C
dude_aldr__L006928,CN(C)c1ccc(cc1Br)/C=C\2/C(=NC(=O)N(C2=O)CC=C)[O-]
dude_aldr__L006929,Cc1c(cc(cn1)N)C(=O)N2CCS(=O)(=O)CC2
dude_aldr__L006930,Cc1c(c(n(n1)C)O[C@H]2CCCc3c2cccc3)C(=O)[O-]
dude_aldr__L006931,c1ccc(cc1)C2(CCN(CC2)C(=O)/C=C/c3ccc(s3)Br)C(=O)[O-]
dude_aldr__L006932,c1cc(ccc1c2cc(nc(n2)n3ccc(n3)C(=O)[O-])C(F)F)Br
dude_aldr__L006933,c1cc(ccc1[N+](=O)[O-])S[C@@H]2CCCCC[C@H]2C(=O)[O-]
dude_aldr__L006934,c1c(ncnc1Cl)N2CCC3(CCCC3)CC2
dude_aldr__L006935,c1cc(cc(c1)N)C(=O)N2CCC[C@H]3[C@H]2CCCC3
dude_aldr__L006936,CCc1cccc(c1)[N-]S(=O)(=O)c2cc(n(c2C)C)c3nc(cs3)C
dude_aldr__L006937,C[C@]1(CCCN(C1)C(=O)c2cc(on2)C3CC3)C(=O)[O-]
dude_aldr__L006938,Cc1ccc(s1)[C@@H]2[C@H]3C(=NC(=NC3=O)SC(C)C)N=C4C2=C(CCC4)[O-]
dude_aldr__L006939,Cc1cc(cc(c1)C(=O)N2CCC[C@@H](C2)/C(=C(\C#N)/C(=O)N3CCCC3)/[O-])C
dude_aldr__L006940,CS(=O)(=O)c1ccc(c(c1)S(=O)(=O)[N-]c2ncc(s2)Br)F
dude_aldr__L006941,Cc1cccnc1NC(=O)N2CCCN(CC2)c3ccc(cc3)C#N
dude_aldr__L006942,COCCSc1c(cc(cn1)Br)C(=O)[O-]
dude_aldr__L006943,CCCOc1c(cc(cc1Cl)/C(=C(/C#N)\C(=O)N2CCCC2)/[O-])OC
dude_aldr__L006944,c1cc(cc(c1)S(=O)(=O)[N-]c2nc(cs2)c3ccco3)n4cnnn4
dude_aldr__L006945,C[C@H]1CCN(C1)S(=O)(=O)c2cc(sc2Br)C(=O)[O-]
dude_aldr__L006946,Cc1ccc(cc1F)n2c(nnc2[S-])c3ccccn3
dude_aldr__L006947,c1c(nc[nH]1)C[C@@H](C(=O)[O-])NC(=O)[C@@H]2[C@@H](OC3(O2)CCCCC3)[C@H]([C@H]4COC5(O4)CCCCC5)O
dude_aldr__L006948,Cc1c2c(cs1)nc(nc2N3CCCC3)C(=O)Nc4ccc5c(c4)OCO5
dude_aldr__L006949,CCOc1ccc(cc1F)[N-]S(=O)(=O)c2ccc(c(c2)[N+](=O)[O-])C
dude_aldr__L006950,c1cc2c(cc1c3ccc(o3)CSc4nc(cs4)C(=O)[O-])OCO2
dude_aldr__L006951,c1ccc(cc1)[C@H]2Cc3cc(ccc3C(=O)O2)C(=O)N4CCC[C@@H](C4)C(=O)[O-]
dude_aldr__L006952,Cc1ccc(c(c1S(=O)(=O)N[C@@H]2CCCC[C@@H]2C)C)N
dude_aldr__L006953,c1cc(cc(c1)N2CCOC2=O)NC3CCS(=O)(=O)CC3
dude_aldr__L006954,c1cc(ccc1CCn2c(c3c(c4cc(ccc4s3)[N+](=O)[O-])nc2=S)[O-])Cl
dude_aldr__L006955,CC(C)(C)c1cc(c2c(nn(c2n1)C)c3ccccc3)C(=O)[O-]
dude_aldr__L006956,c1cc(ccc1C2=NC3=NN=C([C@H]3C(=C2)C(=O)[O-])c4ccc(cc4)Br)Br
dude_aldr__L006957,Cc1ccc(cc1)S(=O)(=O)[N-]c2cc(ccc2Cl)[N+](=O)[O-]
dude_aldr__L006958,CCN1C(=O)/C(=C/c2cn(c3c2cccc3)CCCOc4ccccc4)/C(=NC1=S)[O-]
dude_aldr__L006959,c1cc(sc1/C(=N/S(=O)(=O)N2CCCCC2)/[O-])Br
dude_aldr__L006960,C[C@@H]1CCCN(C1)C(=O)c2cc(ccc2F)/C=C/C(=O)[O-]
dude_aldr__L006961,Cc1cc(ccc1OCC(C)C)c2c(cn(n2)c3ccccc3)/C=C(\C#N)/C(=N/c4nnc(s4)C(C)C)/[O-]
dude_aldr__L006962,Cc1ccccc1/C=N/n2c(nnc2[S-])c3ccc(cc3)F
dude_aldr__L006963,Cc1cc(c2c(c1)c(c([nH]2)C)C)CNC(=O)[C@H]3CCCN3C(=O)c4ccco4
dude_aldr__L006964,Cc1ccc(s1)[C@@H](C)Nc2ccc(c(c2)Cl)C(=O)[O-]
dude_aldr__L006965,Cc1ccc(cc1)S(=O)(=O)/N=C(/N(Cc2cc(c(c(c2)OC)OC)OC)C[C@H]3CCCO3)\[O-]
dude_aldr__L006966,Cc1c2c([nH]c1C(=O)N3C[C@@H](OCC3(C)C)c4ccccc4)CCCC2=O
dude_aldr__L006967,c1ccc(cc1)n2c3c(cn2)c(nc(n3)S[C@@H]4Cc5ccccc5[C@H]4O)[O-]
dude_aldr__L006968,Cc1nc2cc(c(cc2s1)N)N3CCC(CC3)(C)C
dude_aldr__L006969,Cc1ccc(c(c1)Cl)NC(=O)C(=O)N[C@H](C)C(=O)NCc2ccco2
dude_aldr__L006970,OC(=O)Cc3cccc(Cc2nc1c(F)c(F)cc(F)c1s2)c3
dude_aldr__L006971,CC(C)CS(=O)(=O)[N-]c1ccc(cc1)C(=O)N2CCCCCC2
dude_aldr__L006972,CCc1nnc2n1N[C@H]3CCCC[C@H]3S2
dude_aldr__L006973,Cc1c(c(=O)[nH]c(n1)c2cc3c(s2)CCCCC3)C(=O)[O-]
dude_aldr__L006974,C[C@H](C/C(=N/S(=O)(=O)CCc1ccccc1)/[O-])NC(=O)C2CCCCC2
dude_aldr__L006975,Cc1ccc(c(c1)C(=O)c2ccccc2)NC(=O)[C@H]3CC=CC[C@H]3C(=O)[O-]
dude_aldr__L006976,C=CCN1C(=O)/C(=C/c2cc(c(c(c2)Br)[O-])Cl)/NC1=O
dude_aldr__L006977,c1cc2c(ccc3c2c(c1)[C@@H](C3)Br)[N+](=O)[O-]
dude_aldr__L006978,Cc1cc(c(c(c1Cl)S(=O)(=O)[N-]c2cccc(c2)OCC(=O)N3CCCC3)C)Cl
dude_aldr__L006979,c1cc(ccc1F)S(=O)(=O)[N-]c2nc(cs2)c3ccc4c(c3)COC4
dude_aldr__L006980,CC(=O)C[C@@H]1[C@@H]2[C@](CCCC2(C)C)([C@]3(O1)CC[C@@](O3)(C)CC(=O)[O-])C
dude_aldr__L006981,CNC(=S)N1CCCN(CC1)c2ccc(c[nH+]2)C#N
dude_aldr__L006982,CC[C@H](CO)NS(=O)(=O)c1cc(oc1Br)C(=O)[O-]
dude_aldr__L006983,c1cc2c(c(c1)[N-]S(=O)(=O)c3cccnc3Cl)nsn2
dude_aldr__L006984,CC(=C1[C@@H]2CC[C@H]1[C@H]([C@@H]2C(=O)N3CCC4(CC3)OCCO4)C(=O)[O-])C
dude_aldr__L006985,C[C@H]1C[C@H](CN(C1)c2nc3c(n2CC(=O)[O-])c(=O)n(c(=O)n3C)C)C
dude_aldr__L006986,Cc1c(nnc(c1C(=O)[O-])N2CCO[C@H]3[C@@H]2CCCC3)C
dude_aldr__L006987,C[C@H]1CCc2c(sc(c2C(=O)OC)NC(=O)[C@H]3CCCC[C@H]3C(=O)[O-])C1
dude_aldr__L006988,c1ccc(c(c1)/C=C/C(=O)N2CCc3c2ccc(c3)C(=O)[O-])F
dude_aldr__L006989,Cc1cc(c(n1C2CCCCC2)C)/C=C/3\C(=NC(=S)N(C3=O)c4ccccc4F)[O-]
dude_aldr__L006990,CCc1ccc(cc1)[N-]S(=O)(=O)[C@@H]2CC[C@H](S2)[C@@H]3C=CN=N3
dude_aldr__L006991,C[C@]12CC[C@](C1(C)C)(CC2=O)C(=O)N3CCC[C@@H](C3)C(=O)[O-]
dude_aldr__L006992,c1ccc(cc1)c2c(n(nn2)c3c(non3)N)C(=O)N/N=C/c4cc(ccc4[O-])[N+](=O)[O-]
dude_aldr__L006993,CCOc1ccc(cc1)S(=O)(=O)[N-]c2nc(cs2)c3cccnc3
dude_aldr__L006994,COc1cccc(c1)[N-]S(=O)(=O)[C@H]2CC[C@@H](S2)[C@@H]3C=CN=N3
dude_aldr__L006995,c1cnoc1C(=O)N2[C@@H]3CCCC[C@@H]3C[C@@H]2C(=O)[O-]
dude_aldr__L006996,C[C@H]1CCCN(C1)C(=O)Nc2ccccc2N3C[C@H](O[C@H](C3)C)C
dude_aldr__L006997,CCOc1ccc(cc1)NC(=O)C(=O)[C@H](c2c(nc3cc(ccc3n2)[N+](=O)[O-])[O-])/C(=N\N)/C(=O)OC
dude_aldr__L006998,c1cc(c(cc1Cl)Nc2nnc(s2)[S-])F
dude_aldr__L006999,c1cscc1/C(=C(\C#N)/C(=O)c2cc(cc(c2)Br)F)/[O-]
dude_aldr__L007000,c1c[nH]cc1S(=O)(=O)N2[C@H]3CCCC[C@@H]3C[C@@H]2C(=O)[O-]
dude_aldr__L007001,Cc1cccc(c1)/C(=C(\C#N)/C(=O)c2cc(c[nH]2)Cl)/[O-]
dude_aldr__L007002,CC1CCN(CC1)S(=O)(=O)N2CCC(CC2)[C@H]3CCC[NH2+]3
dude_aldr__L007003,CCCCCCOc1ccc(cc1)[C@@H]2C(=C(C(=O)N2Cc3ccco3)[O-])C(=O)c4c(n5cccc(c5n4)C)C
dude_aldr__L007004,C[C@H]1CCCC[C@]1(C(=O)[O-])NC(=O)c2ccc(cn2)Br
dude_aldr__L007005,Cn1c(=O)c2c(nc1SC)n(nn2)[C@@H]3[C@H]([C@@H]([C@H]([C@@H](O3)CO)O)O)O
dude_aldr__L007006,CCN1C[C@@H](CC1=O)C(=O)N(CCC(=O)[O-])C(C)C
dude_aldr__L007007,CCCCS(=O)(=O)[N-]c1ccc2c(c1)N(CCC2)S(=O)(=O)c3ccc(cc3)F
dude_aldr__L007008,Cc1ccc(c(c1)S[C@@H]2CCC[C@@H]2C(=O)[O-])C
dude_aldr__L007009,CC1=C2C(=NC(=NC2=O)CSC3=NN[C@H](S3)SC)S[C@@H]1C(=O)[O-]
dude_aldr__L007010,CCOc1ccc2c(c1)[C@H]([C@H](O2)C(=O)O[C@@H](C)C(=O)/N=C\3/[C@@H]4C(=NC=N4)N=C[N-]3)C
dude_aldr__L007011,Cc3ccc(CN1C(=O)C(C(C#N)C(O)=O)c2cc(F)ccc12)cc3
dude_aldr__L007012,CC(C)CCSC1=NC(=O)[C@@H]2[C@@H](C3=C(CCCC3=NC2=N1)[O-])c4ccc(cc4)N(C)C
dude_aldr__L007013,Cc1cc(c(c(c1)C)N[C@@H]2CC(=O)N(C2=O)c3ccc(cc3)O)C
dude_aldr__L007014,CC1=C2[C@H](C3=C(COC3=O)N[C@H]2N=N1)c4cccc(c4)Oc5ccccc5
dude_aldr__L007015,Cc1nnc(n1C)SCC(=O)Nc2c(c3c(s2)C[C@H](CC3)C)C(=O)N
dude_aldr__L007016,Cc1c(c(=O)[nH]c(n1)C(C)C)C(=O)N2CC[C@@H](C2)O
dude_aldr__L007017,C[C@H](COC)N(C)C(=O)[C@@H]1CCCC[C@@H]1C(=O)[O-]
dude_aldr__L007018,C1CC[C@H]([C@@H](C1)NC(=O)c2c(c(c(c(c2F)F)F)F)F)O
dude_aldr__L007019,C1CC[C@@H]2[C@H](C1)N(CCO2)C(=O)N3C[C@@H](C[C@@H]3C(=O)[O-])O
dude_aldr__L007020,c1cnc(nc1)[N-]S(=O)(=O)c2c(cc(cc2Br)N)Br
dude_aldr__L007021,c1c(c(nc(n1)C2CCCC2)C(F)(F)F)C(=O)[O-]
dude_aldr__L007022,Cc1nc(cn1C/C(=C(\C#N)/C(=O)N2CCCCC2)/[O-])[N+](=O)[O-]
dude_aldr__L007023,c1ccc(cc1)S(=O)(=O)N2CCC(CC2)C(=O)N3CCCC[C@@H]3C(=O)[O-]
dude_aldr__L007024,CC(C)C[C@H]1N([C@H](CS1)C(=O)[O-])C(=O)c2ccc(cc2)C(C)(C)C
dude_aldr__L007025,c1cnccc1C(=O)N[N-]S(=O)(=O)c2cc(c(nc2)Cl)Br
dude_aldr__L007026,C/C(=C/c1cc(c(c(c1)Br)O)Br)/C(=O)[O-]
dude_aldr__L007027,CCc1ccc(cc1)c2c(c(nc(c2C#N)[S-])N)C#N
dude_aldr__L007028,CCCOc1ccc(cc1)[C@H]2C(=C(C(=O)N2c3nc(c(s3)C(=O)OC)C)[O-])C(=O)c4cc(ccc4C)C
dude_aldr__L007029,c1c[nH]c2c1c(c(c(n2)I)F)C(=O)[O-]
dude_aldr__L007030,C[C@@H]([C@H](C(=O)[O-])NC(=O)N(C)Cc1cc(cs1)Br)O
dude_aldr__L007031,CCCCN1[C@@H](C(=C(C1=O)[O-])C(=O)c2ccc(c(c2)F)C)c3ccc(cc3)N(C)C
dude_aldr__L007032,C[C@H]1CCC[C@@H](C1)OC2(CCS(=O)(=O)CC2)C(=O)[O-]
dude_aldr__L007033,C[C@H](c1ccc(c(c1)F)F)Sc2nc3c(cnn3c4ccccc4)c(n2)[O-]
dude_aldr__L007034,Cc1c2c(n(n1)C)NC(=O)CS[C@H]2c3ccccc3
dude_aldr__L007035,CN1[C@@H]([C@@H](CO1)S(=O)(=O)[N-]c2ccc(cc2)N(C)C)c3ccc4ccccc4c3
dude_aldr__L007036,Cc1c(c(on1)C)S(=O)(=O)[N-]c2ccc3=[NH+][C@H](C=c3c2)C
dude_aldr__L007037,c1c2c(sc1c3nnc(o3)[S-])CCCCC2
dude_aldr__L007038,CC[C@]1(CCCN(C1)C(=O)[C@H](C)n2cncn2)C(=O)[O-]
dude_aldr__L007039,c1cc(sc1[C@@H]2c3c(=O)[nH]c(=O)[nH]c3OC(=C2C(=O)N)N)Br
dude_aldr__L007040,CC(C)c1cc(ncn1)N2CCc3c(ccs3)[C@@H]2C(=O)[O-]
dude_aldr__L007041,CC(C)(C)[C@H]1CCCC[C@@H]1NC(=O)C(=O)Nc2cccc(c2)C(=O)N3CCCC3
dude_aldr__L007042,COc1ccccc1[C@@H]2[C@@H]3C(=NN=C3OC(=C2C#N)N)c4ccccc4
dude_aldr__L007043,Cc1c(sc2c1c(nc(n2)/C(=C/c3ccc(cc3)[N+](=O)[O-])/C#N)[O-])C
dude_aldr__L007044,CC1CCN(CC1)c2nc(cc(n2)C(=O)[O-])C3CC3
dude_aldr__L007045,COc1ccc(cc1[N-]S(=O)(=O)c2ccc(s2)Br)C#N
dude_aldr__L007046,Cc1cc(c(c(c1C)c2cc3nc(cc(n3n2)C)C(=O)[O-])C)C
dude_aldr__L007047,Cc1nnc(s1)/N=C(/C(=O)NC2CCC(CC2)C)\[O-]
dude_aldr__L007048,C[C@@H]1CCC2=C3C(=NC(=S)N=C3S[C@@H]2C1)[S-]
dude_aldr__L007049,OC(=O)Cn5nc2c(CCc1ccccc12)c(Cc4nc3cc(C(F)(F)F)ccc3s4)c5=O
dude_aldr__L007050,c1cc2c(c(c1)N)CN(C2)c3ccc4c(c3)cccn4
dude_aldr__L007051,CC(C)(C)CN(C)C(=O)Nc1ccc(cc1)c2nnc3n2CCCC3
dude_aldr__L007052,Cc1ccc(cc1)/C=C/S(=O)(=O)[N-]c2ccc(cc2)N(C)C(=O)OC
dude_aldr__L007053,COc1cc(cc(c1OC)OC)/C=N/Nc2nnc(n2N)SC/C(=N/c3[nH]ncn3)/[O-]
dude_aldr__L007054,CC[C@H](C)N(CC(=O)[O-])C(=O)c1cc2c(s1)CC[C@@H](C2)C
dude_aldr__L007055,Cc1ccc(cc1C)[C@](C)(C(=O)[O-])Sc2nc(cs2)C
dude_aldr__L007056,c1c(cc(cc1[N+](=O)[O-])[N+](=O)[O-])C(=O)N2CCC[C@H]2C(=O)[O-]
dude_aldr__L007057,c1c(nsn1)C(=O)N[C@@H](C2CCCCC2)C(=O)[O-]
dude_aldr__L007058,CS(=O)(=O)[N-]c1ccc(cc1)/C=C/C(=O)N2CCCc3c2cc(c(c3)F)F
dude_aldr__L007059,c1cc(c(c(c1)Cl)n2cccn2)[N-]S(=O)(=O)c3ccc(nc3)Cl
dude_aldr__L007060,CCOc1ccc(cc1[N-]S(=O)(=O)c2cnn(c2)c3ccccc3)F
dude_aldr__L007061,Cc1cc(n(n1)C)n2c(nnc2SCC(=O)[O-])[C@H](C)OC(C)C
dude_aldr__L007062,CCN(c1cccc(c1)C)c2cc(ccc2/C(=N/O)/N)C
dude_aldr__L007063,CCc1ccc(cc1)c2nc(c(s2)C(=O)N[C@@H](CC(=O)[O-])c3ccccc3Cl)C
dude_aldr__L007064,c1cc2cc(ccc2nc1)N3Cc4ccc(cc4C3)N
dude_aldr__L007065,c1cc(cnc1)[C@@H]2c3c[nH]nc3N=C(CS2)O
dude_aldr__L007066,CC(C)(C)[C@H]1CCc2c(sc(c2C(=O)N)NC(=O)c3ccc4c(c3)nc5n(c4=O)CCCCC5)C1
dude_aldr__L007067,c1c(c[nH]c(=O)c1NC(=O)N2CCO[C@H]3[C@@H]2CCC3)C(F)(F)F
dude_aldr__L007068,CC(C)[C@@](C)(Cc1nc(nn1C)C2CC2)C(=O)[O-]
dude_aldr__L007069,COc1ccc(cc1)CN(CC=C)/C(=N/c2nnc(s2)c3ccsc3)/[O-]
dude_aldr__L007070,c1ccc(c(c1)CSc2nnc(s2)/N=C(/C(=C/c3ccc(c(c3)Cl)Cl)/C#N)\[O-])Cl
dude_aldr__L007071,C[C@@H]1c2ccsc2CCN1C(=O)c3cccc(c3)[N-]S(=O)(=O)C
dude_aldr__L007072,C[C@@H]1CC(=O)N([C@@H]([C@@H]1C(=O)[O-])C)C2(CCCCC2)C
dude_aldr__L007073,c1cc(c(cc1S(=O)(=O)[N-]c2ccc(c(c2F)F)F)[N+](=O)[O-])Cl
dude_aldr__L007074,Cc1c(sc2c1c(nc(n2)/C(=C\c3ccccc3Cl)/C#N)[O-])C
dude_aldr__L007075,c1cc(ccc1C(=O)[O-])Nc2ccc(cc2C#N)Cl
dude_aldr__L007076,CCn1c(c(cn1)CN(C)C(=O)[C@@H]2CC=CC[C@@H]2C(=O)[O-])C
dude_aldr__L007077,Cc1cc(=O)n(CC(O)=O)c2ccc(N(=O)=O)cc12
dude_aldr__L007078,c1cc(sc1/C=C/C(=O)[O-])N2CCCCC2
dude_aldr__L007079,CCNC(=O)c1c2c(sc1NC(=O)[C@@H]3COc4ccccc4O3)CCCC2
dude_aldr__L007080,CC(C)Cn1c(cnc1SCc2c(cco2)C(=O)[O-])c3ccc(cc3)Br
dude_aldr__L007081,C1C[C@@H](CN(C1)C(=O)C[C@H]2CCS(=O)(=O)C2)CCC(=O)[O-]
dude_aldr__L007082,c1cc(cc(c1)N2C(=O)[C@H]3CC=CC[C@@H]3C(=O)N2)C(=O)Nc4c(cccc4F)F
dude_aldr__L007083,CCN([C@H](C)CC(=O)[O-])C(=O)C1CCN(CC1)S(=O)(=O)C
dude_aldr__L007084,CCC[C@@]1(CCCN(C1)S(=O)(=O)CC)C(=O)[O-]
dude_aldr__L007085,c1cc(ccc1COc2ccc(cc2/C=C/3\C(=NC(=S)S3)[O-])Cl)Br
dude_aldr__L007086,Cc1ccc(cc1)C(=O)/C(=C(\Nc2cccc(c2)C)/[S-])/[n+]3cc(ccc3C)[O-]
dude_aldr__L007087,CCc1nc(c(s1)C(=O)[O-])C2CCCCC2
dude_aldr__L007088,Cn1cc(cn1)CC/C(=N/S(=O)(=O)N2CCCCC2)/[O-]
dude_aldr__L007089,c1ccc2c(c1)c(c3c(n2)/C(=C\c4ccc(cc4)n5ccnc5)/CCC3)C(=O)[O-]
dude_aldr__L007090,COC(=O)N1CCc2c(sc(c2C(=O)N)NC(=O)c3ccc(s3)Cl)C1
dude_aldr__L007091,Cc1ccsc1c2cccc(c2)NC(=O)C(=O)N3CCC[C@H](C3)O
dude_aldr__L007092,c1cc(cc(c1)F)n2c(c3c(nc(nc3n2)NCc4ccc5c(c4)OCO5)c6ccc(cc6F)F)N
dude_aldr__L007093,C[C@H]1C(=C2C(=NC(=NC2=O)CSc3nnnn3Cc4ccco4)O1)C(=O)[O-]
dude_aldr__L007094,Cc1c(c(n(n1)C)Oc2ccc(cc2)I)/C=C/C(=O)[O-]
dude_aldr__L007095,COc1cc(c(cc1Cl)OC)n2c(nnc2[S-])c3ccncc3
dude_aldr__L007096,CSc1cccc(c1)NC(=O)[C@H]2C[C@H]2C(=O)[O-]
dude_aldr__L007097,CO[C@]([C@@H]1N=C(C(=C)CO1)C(=O)[O-])(C(=O)[O-])NC(=O)[C@@H](c2ccc(cc2)O)C(=O)[O-]
dude_aldr__L007098,CCCCOc1cccc(c1)[C@H]2C(=C(C(=O)N2c3nnc(s3)SCC)[O-])C(=O)c4ccc(cc4)F
dude_aldr__L007099,CSc1ccc(cc1)N2C[C@@H](CC2=O)/C(=C(\C#N)/C(=O)c3ccco3)/[O-]
dude_aldr__L007100,CCc1ccc(cc1)[N-]S(=O)(=O)c2cc(oc2C)[C@@H]3C=CN=N3
dude_aldr__L007101,c1ccc(c(c1)N2CCC[C@H]([C@@]23CC[C@@H](C3)O)F)O
dude_aldr__L007102,Cc1ccsc1c2nc(cs2)c3cc(n(c3C)c4[n-]cnn4)C
dude_aldr__L007103,C[C@H](CCc1ccccc1)N/C(=C/Sc2c3cccn3c4cccnc4n2)/[O-]
dude_aldr__L007104,C[C@@H](C(=C=C)OC)O
dude_aldr__L007105,CC[C@@H](C(=O)[O-])Nc1c2c3c(sc2ncn1)CCC3
dude_aldr__L007106,CCS(=O)(=O)[N-]c1ccc(c(c1)C)S(=O)(=O)N(C)c2ccc(cc2C)C
dude_aldr__L007107,Cc1ccnc(n1)[N-]S(=O)(=O)c2ccc(cc2)NC(=O)C(=O)Nc3cc(on3)C
dude_aldr__L007108,CCc1nnc(s1)[N-]S(=O)(=O)c2ccc(cc2)/N=C/c3cccnc3
dude_aldr__L007109,C[C@H](C(=O)N1CCC[C@@H]1C(=O)[O-])Nc2ccc(cn2)[N+](=O)[O-]
dude_aldr__L007110,c1ccc(cc1)n2cc(cn2)c3[nH]c4cc(cnc4n3)Br
dude_aldr__L007111,c1c(cc(c(c1S(=O)(=O)NNC(=O)[C@@H]2CCCO2)Cl)Cl)C(=O)[O-]
dude_aldr__L007112,c1cc2c(cc1c3c(n4cc(ccc4n3)F)C(=O)[O-])CCCC2
dude_aldr__L007113,Cc1cc(n(c(=O)n1)[C@]2(CCC[C@H](C2)C)C(=O)[O-])C
dude_aldr__L007114,CCc1ccc(s1)S(=O)(=O)[N-]c2c(cno2)c3ccc(cc3)Cl
dude_aldr__L007115,CC(C)(C)c1ccc(cc1)[C@@H]2CC(=C(C(=O)C2)/C=N/CCN3CCN(CC3)C(=O)c4ccccc4)[O-]
dude_aldr__L007116,C[C@H](CCOC)NC(=O)c1cc(ccc1[N-]S(=O)(=O)C)NC(=O)C
dude_aldr__L007117,C[C@]1(CCN(C1)C(=O)c2ccnn2C)C(=O)[O-]
dude_aldr__L007118,c1cc(sc1)S(=O)(=O)/N=C(/[C@@H]2CC(=NO2)c3ccc(s3)Cl)\[O-]
dude_aldr__L007119,Cc1c2c([nH]c1C(=O)N3CCC(CC3)C(=O)[O-])CCCC2=O
dude_aldr__L007120,C[C@@H]1CCC[C@H](C1)Sc2cc(c(cc2F)[N+](=O)[O-])C(=O)[O-]
dude_aldr__L007121,Cc1c(sc(n1)N)C(=O)N2CCO[C@@H]3[C@@H]2CCC3
dude_aldr__L007122,Cn1c2ccccc2c(c1/C(=N/S(=O)(=O)c3cccs3)/[O-])Cl
dude_aldr__L007123,Cc1cn2c(=O)cc(nc2s1)CSc3[nH]c4ccccc4n3
dude_aldr__L007124,Cc1c(sc(n1)[S-])CC(=O)N2CCC3=C([C@@H]2C)CCS3
dude_aldr__L007125,CCOC1=C[C@H]2CN3[C@@H](C[C@@H]2C=C1F)CO[P@@](=O)(N3)OC
dude_aldr__L007126,Cc1c(sc(n1)[N-]S(=O)(=O)c2ccc(cc2)CCOC)SCC#N
dude_aldr__L007127,C[C@@H]1CCCCN1C(=O)c2ccc(cc2)S(=O)(=O)N
dude_aldr__L007128,CSCc1ccc(cc1)[N-]S(=O)(=O)c2cccc(c2)S(=O)(=O)N
dude_aldr__L007129,CC[C@@H](C)c1ccc(cc1)S(=O)(=O)[N-]c2ccn(n2)Cc3c(c(c(c(c3F)F)F)F)F
dude_aldr__L007130,Cc1c(n2c(csc2n1)c3ccc4c(c3)OCO4)/C=C/C(=O)[O-]
dude_aldr__L007131,Cc1ccc(cc1F)S(=O)(=O)[N-]c2ccccc2Br
dude_aldr__L007132,CS(=O)(=O)[N-]c1cccc(c1)C(=O)Nc2ccc(c(c2)Cl)n3cccn3
dude_aldr__L007133,Cc1cccc(c1)c2nnc3n2CN(CS3)c4ccc(cc4)NC(=O)C
dude_aldr__L007134,c1cc(ccc1[C@H]2CC(=O)Nc3c2snc3C(=O)[O-])Cl
dude_aldr__L007135,C[C@@H]1CCc2c(sc3c2c4nc(nn4c(n3)[O-])Cc5ccccc5)C1
dude_aldr__L007136,CC(=O)O[C@]12CCCCCC[C@H]1[C@@]3([C@@H]2CCC[C@@H]3O)O
dude_aldr__L007137,CCN(Cc1cccc(c1)F)C(=O)c2cc(nc3c2c(nn3C)[O-])C4CC4
dude_aldr__L007138,c1cc(c(cc1O[C@]2(CCCSC2)C(=O)[O-])Cl)[N+](=O)[O-]
dude_aldr__L007139,Cc1c2c(c(nc(n2)C)Nc3ccc(cc3)OC)n(n1)C
dude_aldr__L007140,CC(C)N(Cc1ccc(cc1)C#N)C(=O)c2ccc3c(c2)nc(=S)n(c3[O-])C
dude_aldr__L007141,CCCn1c(=O)c2c3c(sc2nc1SCc4c(cco4)C(=O)[O-])CCC3
dude_aldr__L007142,CCOc1cc(cc(c1OC)Br)C(=O)N2[C@H]3CCCC[C@H]3C[C@H]2C(=O)[O-]
dude_aldr__L007143,Cc1c(c(on1)C)S(=O)(=O)NC2(CCCCC2)C#N
dude_aldr__L007144,c1cc2c(cc1OCC(=O)N3CCC(CC3)C(=O)[O-])c4c(o2)CCCC4
dude_aldr__L007145,c1cc2c(cc1C(=O)Nc3ccc(c(c3)Cl)N4CCNC(=O)C4)COC2
dude_aldr__L007146,COc1ccc(cc1OC)S(=O)(=O)/N=C(/c2csc3c2CCCC3)\[O-]
dude_aldr__L007147,C[C@@H]1CCCN(C1)C(=O)c2cc3c(s2)N(CCC3)C
dude_aldr__L007148,C1C[C@H](OC1)CN([C@H]2CCS(=O)(=O)C2)C(=O)/C=C/C(=O)[O-]
dude_aldr__L007149,Cc1c(sc(c1C(=O)[O-])NC(=O)N2CCC[C@@H]([C@H]2C)C)C
dude_aldr__L007150,C[C@H]1CCCC[C@@H]1CNc2ccccc2S(=O)(=O)N
dude_aldr__L007151,COC(=O)[C@@H]1[C@H](C(=C(N=C1[O-])SCc2ccccc2)C#N)c3ccc(cc3)Cl
dude_aldr__L007152,CN([C@H]1CCSC1)C(=O)N2[C@@H]3CCCC[C@@H]3C[C@@H]2C(=O)[O-]
dude_aldr__L007153,c1cc(sc1)c2cn3cc(cc(c3n2)N)Br
dude_aldr__L007154,C[C@@]12CCC[C@]([C@@H]1CCC(=C)[C@@H]2CC[C@@H]3[C@@H]([C@@H](OC3=O)OC)O)(C)C(=O)[O-]
dude_aldr__L007155,C[C@@H]1CCCC[C@@]1(C(=O)[O-])NC(=O)c2cc(on2)C3CC3
dude_aldr__L007156,C[C@@H]1CC[C@@H]([C@@H](C1)Sc2ccc(cc2)[N+](=O)[O-])C(=O)[O-]
dude_aldr__L007157,CS(=O)(=O)N1CCC[C@@H](C1)NC(=O)c2cnn3c2nc(c4c3cccc4)[O-]
dude_aldr__L007158,Cc1c2c(nc3n(c2=O)CC[C@@H](CC3)C)sc1C(=O)[O-]
dude_aldr__L007159,CCCN([C@@H]1CCc2ccccc2C1)C(=O)CS(=O)(=O)[N-]c3ccc(cc3)N4CCCCC4
dude_aldr__L007160,CC(C)Cn1c2ccccc2nc1SCC(=O)N3CCCC[C@H]3C(=O)[O-]
dude_aldr__L007161,c1cc(c(cc1C(=O)/C=C/c2csc(n2)C3CC3)F)SCC(=O)[O-]
dude_aldr__L007162,c1c(cnc2c1[nH]c(n2)CC3(CCCC3)C(=O)[O-])Br
dude_aldr__L007163,C[C@@H](CC(C)(C)NC(=O)C)C(=O)[O-]
dude_aldr__L007164,c1cc2cc(oc2c(c1)Br)C(=O)N3CCC(CC3)C(=O)[O-]
dude_aldr__L007165,CS(=O)(=O)[N-]c1ccc(cc1)/C=C/C(=O)N2CCC[C@H]2CCc3ccccc3
dude_aldr__L007166,Cc1c(c(on1)C)S(=O)(=O)[N-]c2ccc(cc2)OCc3ccccc3
dude_aldr__L007167,C[C@H](/C(=C(/C#N)\C(=O)N1CCOCC1)/[O-])Oc2ccc(cc2)C(C)(C)C
dude_aldr__L007168,CCNC(=O)N1CCC[C@@H]1c2nnc3n2CCCCC3
dude_aldr__L007169,CC[C@@H](C)[C@H](C(=O)[O-])NC(=O)CNc1c2cc(sc2ncn1)C
dude_aldr__L007170,CCCCCOc1ccc(cc1OC)[C@@H]2C(=C(C(=O)N2CCOC)[O-])C(=O)c3ccc4c(c3)C[C@@H](O4)C
dude_aldr__L007171,COc1ccc(cc1n2c(nnc2[S-])c3cnccn3)Cl
dude_aldr__L007172,c1ccc(c(c1)C#N)S(=O)(=O)[N-]c2ccc(c(c2)Cl)C(=O)NC3CC3
dude_aldr__L007173,CN(C)c1ccc(cc1)c2ccc3cc([nH]c3c2)C(=O)[O-]
dude_aldr__L007174,c1cc2cc(oc2c(c1)Br)C(=O)N3CCCC[C@H]3C(=O)[O-]
dude_aldr__L007175,c1c(c(cc2c1OCCO2)Br)CSc3ncc(c(n3)N)C#N
dude_aldr__L007176,CS(=O)(=O)[N-]c1ccc(cc1)OC(=O)c2cccc(c2)N3C(=O)CCC3=O
dude_aldr__L007177,Cc1ccc(c(c1)Sc2cnn(c2)C)C(=O)[O-]
dude_aldr__L007178,c1cc(=O)oc2c1cc(cc2)NC(=O)N3CCC[C@@H]3c4ccsc4
dude_aldr__L007179,CC(C)CN(CC(=O)[O-])C(=O)[C@H]1CS[C@]2(N1C(=O)CC2)C
dude_aldr__L007180,CCCN(CC(=O)N(C)C)C(=O)N1CC[C@H](C1)C(=O)[O-]
dude_aldr__L007181,CC1(COCCN1C(=O)c2ccc(cc2)[N-]S(=O)(=O)c3cccs3)C
dude_aldr__L007182,Cc1ccc(cc1C(=O)NC(C)C)NC(=O)N2CCC(CC2)CC[NH+](C)C
dude_aldr__L007183,C[C@H]1COCCN1C(=O)NCC2(CCCCC2)N3CCOCC3
dude_aldr__L007184,c1ccc(cc1)COc2ccc3ccccc3c2/C=C(\C#N)/c4nc5ccccc5c(n4)[O-]
dude_aldr__L007185,CC[C@@H](C)Oc1cccc(c1)[N-]S(=O)(=O)c2c(nn(c2Cl)C)C
dude_aldr__L007186,c1ccc2c(c1)c(c[nH]2)C[C@@H](C(=O)N3CCc4c(c5ccccc5[nH]4)C3)NC(=O)c6ccccc6Cl
dude_aldr__L007187,CCn1c(=O)c2c3c(sc2n4c1nnc4[S-])CCC3
dude_aldr__L007188,Cc1cc(ccc1Br)NC(=O)C(=O)N[C@H]2CCOc3c2cccc3
dude_aldr__L007189,Cc1ccc(c(c1)Br)Nc2nnc(s2)[S-]
dude_aldr__L007190,Cc1ccsc1CN(C)c2ccc(cc2C(=O)[O-])S(=O)(=O)N3CCCCC3
dude_aldr__L007191,Cn1c2ccsc2cc1C(=O)N3CCC[C@@H](C3)C(=O)[O-]
dude_aldr__L007192,CCC(CC)(CC(=O)N1CCN(CC1)C2CC2)C(=O)[O-]
dude_aldr__L007193,C1CN(CCSC1)C(=O)N2C[C@H](C[C@H]2C(=O)[O-])O
dude_aldr__L007194,Cc1ccc(o1)[C@@H](c2c(n3c(s2)ncn3)[O-])[NH+]4CCCC[C@@H]4C
dude_aldr__L007195,c1ccc(cc1)CN/C(=C(\C#N)/C(=O)/C=C/c2c(nc3n2ccs3)Cl)/[O-]
dude_aldr__L007196,c1cc2nc(cc(=O)n2cc1Cl)CSc3ccncc3N
dude_aldr__L007197,Cc1ccc(s1)S(=O)(=O)/N=C(/[C@@H](C)OCC2CC2)\[O-]
dude_aldr__L007198,C1C[C@H](CN(C1)S(=O)(=O)C[C@@H]2CCCO2)C(=O)[O-]
dude_aldr__L007199,Cn1ccc(cc1=O)/C(=N/c2nc(cs2)c3ccc4c(c3)CCCC4)/[O-]
dude_aldr__L007200,CC1(CC[C@@H]([C@@]2([C@@H]1C[C@H]([C@]34[C@H]2CC[C@H]([C@H]3O)C(=C)C4=O)O)CO)O)C
dude_aldr__L007201,Cc1c2c(=O)[nH]c(nc2sc1C(=O)[O-])CCl
dude_aldr__L007202,Cc1ccc(c(n1)Nc2ccc(cc2)N(C)C)C(=S)N
dude_aldr__L007203,CCc1cccc2c1[nH]cc2C3=CCN(CC3)C(=O)c4cc(on4)C
dude_aldr__L007204,CC(=O)c1cccc(c1)[N-]S(=O)(=O)c2ccsc2C(=O)OC
dude_aldr__L007205,OC(=O)CNS(=O)(=O)c2ccc(NC(=O)\C=C\c1ccccc1)cc2
dude_aldr__L007206,C[C@H]1C[C@@H](CN(C1)S(=O)(=O)CCC(=O)[O-])C
dude_aldr__L007207,c1cnn(c1)c2ccc(cc2)[N-]S(=O)(=O)c3ccc(s3)Br
dude_aldr__L007208,Cc1c(c(on1)C)S(=O)(=O)N2CCCC[C@@H]2CCC(=O)[O-]
dude_aldr__L007209,CCC1(CCN(CC1)C(=O)N2CC[C@@H](C2)C(=O)[O-])CC
dude_aldr__L007210,c1cc\2c(cc1O[C@H]3CCC[C@@H]3O)OC/C2=N\O
dude_aldr__L007211,Cc1c(c2c(o1)ncn(c2=O)[C@H](C)C(=O)N[C@@H]3CCC[C@@H]([C@@H]3C)C)C(=O)[O-]
dude_aldr__L007212,Cc1ccc(cc1)CSC2=NC(=O)[C@H]3[C@H](C4=C(CCCC4=NC3=N2)[O-])c5ccc(cc5)Cl
dude_aldr__L007213,c1cc(sc1)S(=O)(=O)/N=C(/[C@@H]2C[C@H]3CC[C@@H]2C3)\[O-]
dude_aldr__L007214,CC[C@@H]1COCCN1C(=O)N(C)[C@@H](CC)C(=O)[O-]
dude_aldr__L007215,Cc1ccnc(c1)NC(=O)C2CCN(CC2)C(=O)NC3CCC(CC3)C
dude_aldr__L007216,c1c(nc2c(c(nn2c1C(F)F)C(=O)[O-])[N+](=O)[O-])C(F)F
dude_aldr__L007217,CO[C@@H]1CCC[C@@H]1n2c(nnc2[S-])c3cccs3
dude_aldr__L007218,c1ccc(cc1)N2[C@H]3CS(=O)(=O)C[C@H]3[NH+]=C2[S-]
dude_aldr__L007219,Cc1csc(n1)Sc2ccc(cc2)C(=O)[O-]
dude_aldr__L007220,CN([C@@H]1CCS(=O)(=O)C1)S(=O)(=O)CCCC(=O)[O-]
dude_aldr__L007221,c1cc(cnc1)S(=O)(=O)[N-]c2cccn3c2ncn3
dude_aldr__L007222,C1CC[C@@H]2[C@H](C1)CCCN2C(=O)N3CSC[C@@H]3C(=O)[O-]
dude_aldr__L007223,c1cc(sc1S(=O)(=O)/N=C(/COC2CCCC2)\[O-])Cl
dude_aldr__L007224,c1ccc(cc1)SCc2cc(nc(n2)SCC(=O)N3CCCC3)[O-]
dude_aldr__L007225,Cc1cccc(c1)n2cc(c3c2nc(cc3C)C)C#N
dude_aldr__L007226,Cc1c(c(n(n1)C(C)C)C)/C=N/Nc2nnc(n2N)SC/C(=N/c3[nH]ncn3)/[O-]
dude_aldr__L007227,Cc1c(c(n(n1)C)C)/C=C/C(=O)N[C@H]2CC[NH+]3[C@@H]2CCCC3
dude_aldr__L007228,CCOc1ccc(cc1)[C@@H]2[C@H]3C(=NC(=NC3=O)SC)N=C4C2=C(CCC4)[O-]
dude_aldr__L007229,Cc1cc(ccc1N2C(=O)C(=Cc3cccn3C(C)(C)C)C(=NC2=S)[O-])Br
dude_aldr__L007230,Cc1cc(n(n1)C)S[C@]2(CCCC[C@H]2C(C)(C)C)C(=O)[O-]
dude_aldr__L007231,Cc1cc(ccc1[N-]S(=O)(=O)c2cnn(c2)C)Oc3ncccn3
dude_aldr__L007232,CN(Cc1cc(cs1)Br)C(=O)c2cc([nH]c(=O)c2)[O-]
dude_aldr__L007233,C1CC[C@@H]2CN(CC[C@H]2C1)C(=O)N(CC(=O)[O-])C3CC3
dude_aldr__L007234,CSc1c(c(c(c(n1)N)C#N)c2cccs2)C#N
dude_aldr__L007235,CCc1ccc(cc1)C2=NN=C[C@@H]2/C=N/[N-]S(=O)(=O)c3ccc(cc3)Cl
dude_aldr__L007236,CCN(C(=O)N1CCC[C@H]1C(=O)OC)C(C)(C)C(=O)[O-]
dude_aldr__L007237,Cc1ccc(cc1)SC2(CCS(=O)(=O)CC2)C(=O)[O-]
dude_aldr__L007238,COc1ccccc1n2c3ccc(cc3nc2SCC(=O)N4CCCC[C@H]4C(=O)[O-])[N+](=O)[O-]
dude_aldr__L007239,Cc1c(nc(s1)[N-]S(=O)(=O)C)c2ccc3c(c2)NC(=O)[C@H](O3)C
dude_aldr__L007240,Cn1cccc1[C@@H]2[N-]C3=C/C(=[NH+]/C(=O)c4cccs4)/C=CC3=N2
dude_aldr__L007241,c1cc(ccc1c2cc3n(n2)[C@H](CC(=N3)O)C(=O)Nc4ccc(c(c4)F)F)F
dude_aldr__L007242,Cn1c2c(c(cc(n2)C3CC3)C(=O)N(C)CC45CC6CC(C4)CC(C6)C5)c(n1)[O-]
dude_aldr__L007243,Cc1c(ccs1)[C@H]2[C@@H]3C(=NN=C3OC(=C2C#N)N)c4ccccc4
dude_aldr__L007244,Cc1cccc(c1n2c(cc(c2C)/C=C\3/C(=O)N=C(N(C3=O)Cc4ccco4)[O-])C)C
dude_aldr__L007245,CC(C)C1CCC(CC1)(C(=O)[O-])Nc2ccccc2
dude_aldr__L007246,[H]/N=C(\N/N=C/c1cccc(c1)[N+](=O)[O-])/S[C@H]2CC(=O)N(C2=O)c3ccc(cc3)C(=O)[O-]
dude_aldr__L007247,COc1ccc(c(c1)[N-]S(=O)(=O)c2c(ccs2)Br)OC
dude_aldr__L007248,CC1CCC2(CC1)C(=O)N(C(=O)N2)C(C)(C)C
dude_aldr__L007249,C1CCC(CC1)C[C@]2(C[C@H]3CC[C@@H]2C3)C(=O)[O-]
dude_aldr__L007250,Cc1c(c(nc(=O)[nH]1)S[C@@H]2CS(=O)(=O)C[C@@H]2O)C(=O)[O-]
dude_aldr__L007251,CCS(=O)(=O)[N-]c1ccccc1C(=O)N[C@H](C)C(=O)NCc2ccco2
dude_aldr__L007252,CCCc1nnc(n1c2ccc(c(c2)C#N)F)[S-]
dude_aldr__L007253,CCc1ccc(cc1)N2C(=O)/C(=C\c3cc(c(o3)N(C)C)Br)/C(=NC2=O)[O-]
dude_aldr__L007254,Cc1c(cc(s1)c2csc(n2)C)S(=O)(=O)[N-]c3ccc(c(c3)Cl)OC
dude_aldr__L007255,Cc1c(c(n2c(n1)c(c(n2)C)C#N)[O-])Cc3ccccc3
dude_aldr__L007256,c1cc(cnc1)c2nnc(n2Cc3ccco3)SCC(=O)[O-]
dude_aldr__L007257,CC1(CC2=C([C@@H](C(=C(N2N(C)C)N)C#N)c3cccnc3)C(=O)C1)C
dude_aldr__L007258,Cc1cccc(c1)c2nnc(n2/N=C/c3cccn3C)[S-]
dude_aldr__L007259,C[C@@]1(CCCN(C1)S(=O)(=O)N2CCCC2)C(=O)[O-]
dude_aldr__L007260,c1ccc(cc1)[C@H]2CCCN(CC2)C(=O)c3cc(sc3)S(=O)(=O)N
dude_aldr__L007261,COC(=O)c1ccc2c(c1)c3c([nH]2)CCN(C3)S(=O)(=O)C
dude_aldr__L007262,c1ccc(cc1)Cn2c(nnc2[S-])Cn3c4ccccc4nn3
dude_aldr__L007263,CCN(Cc1ccc(cc1F)C#N)C(=O)c2cccc(c2)[N-]S(=O)(=O)C
dude_aldr__L007264,Cc1ccccc1N/C=C/2\C(=C(C(=O)N(C2=O)C3CCCC3)C#N)C
dude_aldr__L007265,Cc1cc(sc1C(=O)[O-])S(=O)(=O)N(C)Cc2cc(cs2)Br
dude_aldr__L007266,CCn1c(=O)[nH]nc1S[C@@]2(CCCSC2)C(=O)[O-]
dude_aldr__L007267,CCn1cc(c(n1)N)S(=O)(=O)N2CCC[C@H](C2)C
dude_aldr__L007268,c1cc(c2c(c1F)c(=O)cc(n2C3CCCC3)C(=O)[O-])F
dude_aldr__L007269,Cc1cccc(c1)c2nnc(n2CC(=O)O[C@@H](C)c3ccc(cc3F)F)[S-]
dude_aldr__L007270,Cc1c(c(n(n1)c2ccc(cc2)/C(=C(\C#N)/C(=O)N3CCCC3)/[O-])C)Cl
dude_aldr__L007271,Cc1ccc(cc1C)[N-]S(=O)(=O)c2cc(oc2C)[C@@H]3C=CN=N3
dude_aldr__L007272,Cc1nccn1Cc2ccc(cc2)[N-]S(=O)(=O)c3cccc(c3)C#N
dude_aldr__L007273,Cc1c(scn1)C(=O)N2[C@H]3CCCC[C@@H]3C[C@@H]2C(=O)[O-]
dude_aldr__L007274,Cc1ccc(s1)c2cc([nH]n2)NC(=O)[C@@H](C)NC(=O)C3CCOCC3
dude_aldr__L007275,Cc1ccsc1c2cc3c(cc2N)OCCCO3
dude_aldr__L007276,Cc1c2c(cc(nc2n(n1)C)C3CC3)C(=O)N[C@H]4CCCC[C@@H]4C
dude_aldr__L007277,c1ccc2c(c1)CCC[C@@H]2c3nc(on3)[O-]
dude_aldr__L007278,Cc1ccc(cc1)c2nc(c(o2)[O-])/C=N/c3ccccn3
dude_aldr__L007279,OC(=O)COc1cc(Cl)ccc1C(=O)NCc2cccc(N(=O)=O)c2
dude_aldr__L007280,c1c(csc1CN2CCS(=O)(=O)CC2)/C=C/C(=O)[O-]
dude_aldr__L007281,c1c(cc(cc1[N+](=O)[O-])I)C(=O)[O-]
dude_aldr__L007282,c1ccc(cc1)[C@H](C(=O)N2CCCC2)Sc3[n-]c4cc(cnc4n3)Cl
dude_aldr__L007283,Cc1c(sc2n1cc(n2)c3ccc4c(c3)CCCC4)C(=O)[O-]
dude_aldr__L007284,Cn1c(nnc1Sc2c(cccn2)C(=O)[O-])c3ccccc3
dude_aldr__L007285,Cc1cccc(c1)c2nnc(n2CC(=O)N(C)C[C@@H](C)c3ccccc3)[S-]
dude_aldr__L007286,c1ccc2c(c1)-c3c(sc(n3)[N-]S(=O)(=O)c4cccs4)CO2
dude_aldr__L007287,c1ccc2c(c1)CCCN2/C(=C/Sc3ncccn3)/[O-]
dude_aldr__L007288,CCc1nc2nc(cc(n2n1)[O-])CSc3nnnn3C
dude_aldr__L007289,Cn1c(nnn1)SCC2=C(N3[C@@H]([C@@H](C3=O)NC(=O)/C(=N/OC)/c4cnc(s4)N)SC2)C(=O)[O-]
dude_aldr__L007290,Cc1ccc(cc1)O[C@H](C)C(=O)N2CCC(CC2)(c3ccccc3)C(=O)[O-]
dude_aldr__L007291,Cc1c(sc(n1)C)[C@H](C)NC(=O)Nc2ccc(nc2)Cl
dude_aldr__L007292,OC(=O)Cc3nn(Cc1ccc(Br)cc1F)c(=O)c4cc2ccccc2cc34
dude_aldr__L007293,Cc1ccc(cc1Cl)[N-]S(=O)(=O)c2ccc(s2)c3nnc(o3)C
dude_aldr__L007294,Cc1ccc(c2c1N[C@H]([C@@H]3[C@@H]2C=CC3)c4ccc(cc4)C(=O)[O-])C(=O)OC
dude_aldr__L007295,c1coc2c1[C@@H](CCC2)NC(=O)c3nc([nH]n3)N
dude_aldr__L007296,c1ccc2c(c1)[nH]c(n2)C3CCN(CC3)c4ncc(cn4)Br
dude_aldr__L007297,c1cc(cc(c1)Br)n2c(c(nn2)C(=O)[O-])c3ccco3
dude_aldr__L007298,c1cc(cc(c1)[N+](=O)[O-])N2CCC[C@H](C2)C(=O)[O-]
dude_aldr__L007299,C[C@H]1CCN([C@@H](C1)C)c2ccc(cc2N)S(=O)(=O)C
dude_aldr__L007300,CCCCOc1c(cc(cc1I)C(=O)[O-])OCC
dude_aldr__L007301,CC1([C@H]2CC[C@@]1([C@@H](C2=O)Sc3c(cccn3)C(=O)[O-])C)C
dude_aldr__L007302,C[C@H]1[C@H](c2c(=O)[nH]c(nc2O1)CSc3nnc(n3CC=C)c4ccc(cc4)[N+](=O)[O-])C(=O)[O-]
dude_aldr__L007303,C/C(=C(/C(=O)C)\Sc1nnc(o1)c2cccc(c2)S(=O)(=O)N3CCOCC3)/[O-]
dude_aldr__L007304,Cc1cccc(c1)[C@@H]2C(=C(N=C3N2C(=CS3)/C=C(/N4CCC(CC4)C)\[O-])C)C(=O)OC(C)C
dude_aldr__L007305,C1CCCC(CC1)(C#N)C(=O)N2CCC[C@H]2C(=O)N
dude_aldr__L007306,Cc1nnc(s1)N2[C@@H](C(=C(C2=O)[O-])C(=O)c3ccc4c(c3)OCCO4)c5cccc(c5)OCC=C
dude_aldr__L007307,CN(Cc1cccc(c1)Cl)c2nnc(s2)[S-]
dude_aldr__L007308,CS(=O)(=O)c1cc(ccc1N[C@@H]2CCN(C2)c3ccccc3)S(=O)(=O)N
dude_aldr__L007309,c1cc(c(cc1I)C(=O)[O-])N2CCNC2=O
dude_aldr__L007310,CCn1c(nnc1SCC(=O)N2CCC[C@H](C2)C(=O)[O-])c3ccoc3C
dude_aldr__L007311,c1c2c(cc(c1Cl)Cl)n(cn2)[C@H]3[C@@H]([C@H]4[C@H](O3)CO[P@](=O)(O4)[O-])O
dude_aldr__L007312,CCC1CCN(CC1)c2ncc(s2)C(=O)[O-]
dude_aldr__L007313,CC(C)(C)c1ccc(cc1)[C@@H]2c3c(nc(s3)[S-])S[C@H]([C@@H]2C(=O)OC)C(=O)OC
dude_aldr__L007314,Cc1ccc(cc1)S(=O)(=O)/N=C(/N[C@H](CC(C)C)c2nc(cs2)C)\[O-]
dude_aldr__L007315,c1cc(c(cc1C(=O)[O-])S(=O)(=O)N2CCC[C@@H](C2)C(F)(F)F)Cl
dude_aldr__L007316,CC(C)NC(=O)c1ccccc1NC(=O)c2ccccc2[N-]S(=O)(=O)C
dude_aldr__L007317,Cc1cccc(c1)[C@@H]\2CCCC/C2=C\C(=O)[O-]
dude_aldr__L007318,c1ccc(cc1)[C@@H]2[C@@H]3CC=C[C@@H]3c4c(ccc(c4N2)Cl)C(=O)[O-]
dude_aldr__L007319,c1cc2c(cc1C(=O)[O-])[nH]c(n2)c3cc(cs3)C#CCO
dude_aldr__L007320,C[C@H](C(=O)N(C)C)n1c(nnn1)[S-]
dude_aldr__L007321,Cc1ccc(cc1)/C=C\S(=O)(=O)[N-]c2ccc(cc2)N(C)C(=O)OC
dude_aldr__L007322,C[C@H](C(=O)NC1CCCCC1)[NH+]2CCC(CC2)C(=O)Nc3ccccc3OC
dude_aldr__L007323,CCO[P@]1(=O)NN2CCc3cc(c(cc3[C@@H]2CO1)O)Br
dude_aldr__L007324,c1ccc(cc1)S(=O)(=O)[N-]c2ccc(c(c2Cl)Cl)SC#N
dude_aldr__L007325,C[C@@H]1CCC[C@](C1)(C(=O)[O-])NC(=O)N2CCCCCC2
dude_aldr__L007326,c1ccn2c(c1)nc(c2S(=O)(=O)[N-]c3cccnc3Cl)Cl
dude_aldr__L007327,Cc1cccc(c1)[N-]S(=O)(=O)c2cc(cs2)c3ccnn3C
dude_aldr__L007328,CC[C@H](C)N1Cc2c(=O)[nH]c(=S)n(c2NC1)c3cccc(c3)C
dude_aldr__L007329,Cc1ccc(s1)[C@@H](C)NS(=O)(=O)c2ccc3c(c2)c(=O)[nH]c(=O)[nH]3
dude_aldr__L007330,c1cc(ccc1C2=NC(=O)[C@H](S2)CC(=O)[O-])Oc3ccc(cn3)C(F)(F)F
dude_aldr__L007331,Cc1ccc(cc1)[N-]S(=O)(=O)C2=C(S[C@@H](C2)[C@H]3C(=C(N=N3)C)C)C
dude_aldr__L007332,Cc1ccsc1Cn2c3c(cc(c(n3)C)C(=O)[O-])cn2
dude_aldr__L007333,c1cnc(cc1/C(=N/S(=O)(=O)c2cc(cnc2)Br)/[O-])Cl
dude_aldr__L007334,C1C[C@H](CN(C1)C(=O)[C@@H]2CCOC2)S(=O)(=O)N
dude_aldr__L007335,CC1(COCCN1C(=O)c2ccc(cc2)NC(=O)NC3CCCCC3)C
dude_aldr__L007336,CC(C)(C(=O)[O-])NC(=O)N1CCS(=O)(=O)CC1
dude_aldr__L007337,Cc1ccc(cc1[N-]S(=O)(=O)c2ccc(c(c2)S(=O)(=O)C)F)C#N
dude_aldr__L007338,C[C@]1(CCN(C1)S(=O)(=O)CCS(=O)(=O)C)C(=O)[O-]
dude_aldr__L007339,CC[C@H]1CCCCN1C(=O)CSc2c(c(cc(n2)C)C)C(=O)[O-]
dude_aldr__L007340,Cc1c(oc(c1/C(=N/S(=O)(=O)c2ccc(s2)Cl)/[O-])C)C
dude_aldr__L007341,Cc1cc(c(cc1C)S(=O)(=O)N2CCC(CC2)C(=O)N)C
dude_aldr__L007342,Cc1cc(c(cc1OC)C)[C@H]2CC(=O)NCc3c2n4ccsc4n3
dude_aldr__L007343,Cc\1ccc[nH]/c1=N\S(=O)(=O)c2ccc(cc2)C#CCO
dude_aldr__L007344,CC1CCN(CC1)c2ccc(c[nH+]2)CNC(=O)N3CC[C@H](C3)Nc4ccccc4
dude_aldr__L007345,C[C@@]12CC[C@H](C[C@@H]1CC[C@H]3[C@@H]2C(=O)C[C@]4([C@H]3CC[C@H]4C(=O)[O-])C)O
dude_aldr__L007346,C[C@](C1CC1)(C(=O)[O-])NC(=O)N2CCCSCC2
dude_aldr__L007347,C/C(=N\Nc1nc(nc(n1)N2CCCC2)Nc3ccccc3)/c4cccc(c4)N
dude_aldr__L007348,CC(=O)N1CCc2c1cc(cc2)NC(=O)c3ccc(cc3Cl)[N+](=O)[O-]
dude_aldr__L007349,Cc1nc(no1)C2(CCCCC2)NC(=O)c3ccoc3
dude_aldr__L007350,Cc1c(cco1)/C(=N/S(=O)(=O)c2cc(cnc2)Br)/[O-]
dude_aldr__L007351,CC(C)Oc1ccc(cc1[N-]S(=O)(=O)c2ccc(c(c2)F)F)C#N
dude_aldr__L007352,CN(C)S(=O)(=O)/N=C(/CCSc1ccc(cc1)Br)\[O-]
dude_aldr__L007353,CC1=C(N=N[C@H]1c2ccc(s2)S(=O)(=O)[N-]c3cccc(c3)C#N)C
dude_aldr__L007354,CS(=O)(=O)c1ccc(cc1)S(=O)(=O)[N-]c2ccc(c(c2)F)F
dude_aldr__L007355,c1cnc(nc1)NN
dude_aldr__L007356,CS(=O)(=O)/N=C(/[C@@H]1C[C@@H]1c2cccc(c2)Br)\[O-]
dude_aldr__L007357,CS(=O)(=O)[N-]c1cccc(c1)C(=O)N2CCO[C@H](C2)c3ccccc3F
dude_aldr__L007358,Cc1nc2c(c3c(s2)CCC3)c(n1)SCC(=O)N4CCC[C@H](C4)C(=O)[O-]
dude_aldr__L007359,Cc1c(c[nH]n1)CNC(=O)N2CCC(CC2)C(=O)[O-]
dude_aldr__L007360,CCn1cc(cn1)S(=O)(=O)[N-]c2cccc(c2)C3SCCS3
dude_aldr__L007361,C[C@H](C(=O)[O-])NC(=O)N1CCCC[C@H]1C(=O)N
dude_aldr__L007362,c1cc(c(c(c1)Cl)Cl)c2[n-]c3cc(cnc3n2)Br
dude_aldr__L007363,C[C@@]1(CCCN(C1)C(=O)C2CCCCC2)C(=O)[O-]
dude_aldr__L007364,c1cc(cnc1)N2[C@@H](C(=C(C2=O)[O-])C(=O)c3ccc(cc3)Cl)c4ccc(cc4)F
dude_aldr__L007365,c1c(csc1S(=O)(=O)N2CCC(CC2)C(=O)[O-])C(=O)N3CCCCC3
dude_aldr__L007366,CCCSc1nnc(s1)SCC(=O)N2CCC[C@H](C2)C(=O)[O-]
dude_aldr__L007367,Cc1c(c(n[nH]1)C)C(=O)Nc2ccc(cn2)Br
dude_aldr__L007368,c1ccc(cc1)[C@H]2C[C@H]2/C(=N/S(=O)(=O)N3CCCCC3)/[O-]
dude_aldr__L007369,C[C@@H]1CCCC[C@@]1(C(=O)[O-])Sc2nncs2
dude_aldr__L007370,c1cc(c(nc1)SCC2CCCCC2)C(=O)[O-]
dude_aldr__L007371,Cc1ccc2c(c1)[nH]c(n2)SC3(CCCC3)C(=O)[O-]
dude_aldr__L007372,COC(=O)C[C@@H]1CCCCN1S(=O)(=O)CC(=O)[O-]
dude_aldr__L007373,CC[C@]1(CCCN(C1)C(=O)c2ccc(cc2)C#N)C(=O)[O-]
dude_aldr__L007374,Cc1cc(ccc1NC(=O)N[C@H]2CCS(=O)(=O)C2)Br
dude_aldr__L007375,Cc1cc(ccc1NC(=O)N2CCCCCC2)C(=O)N3CCC(CC3)C
dude_aldr__L007376,C[C@](c1ccc(cc1)SC)(C(=O)[O-])Sc2ccccc2N
dude_aldr__L007377,c1cc2c(cc1[N-]C3=NC=NC4=NC=C([C@H]43)Br)OCCO2
dude_aldr__L007378,c1cc(c(cc1S(=O)(=O)Nc2ccc(nc2)N3CCCC3)C(=O)[O-])Br
dude_aldr__L007379,COc1cc(ccc1OC2CCCC2)[C@H]3c4c([nH]nc4OC(=C3C#N)N)c5ccc(cc5)Cl
dude_aldr__L007380,Cc1cc(no1)N2[C@H](C(=C(C2=O)[O-])C(=O)c3ccc4ccccc4c3)c5ccc(cc5)C(C)C
dude_aldr__L007381,c1cc(c2ncnn2c1)[N-]S(=O)(=O)c3ccc(s3)Cl
dude_aldr__L007382,Cc1ccc(cc1C)n2c3c(cn2)c(nc(n3)n4c(cc(n4)C)NC(=O)[C@H]5CC(=O)N(C5)c6ccccc6)[O-]
dude_aldr__L007383,CCS(=O)(=O)[N-]c1ccc(cc1)NC(=O)[C@H]2CC(=NO2)c3cccc(c3)F
dude_aldr__L007384,Cc1c(c(nc(n1)C)SC)C(=O)N[C@H](C)c2[n-]nnn2
dude_aldr__L007385,c1csc2c1[C@@H](N(CC2)C(=O)[C@@H]3CSC[NH2+]3)C(=O)[O-]
dude_aldr__L007386,c1cc(oc1C(=O)[O-])S(=O)(=O)N2CCC[C@H]3[C@@H]2CCCC3
dude_aldr__L007387,C[C@@H]1CCC[C@H](C1)O[C@@]2(CCc3c2cccc3)C(=O)[O-]
dude_aldr__L007388,CC(C)CN1C[C@H](CC1=O)C(=O)Nc2[n-]c(c(n2)C#N)C#N
dude_aldr__L007389,CC(C)[C@](C)(CC(=O)N1CCC[C@H]1c2ccsc2)C(=O)[O-]
dude_aldr__L007390,CCCCCOc1ccc(cc1OC)[C@@H]2C(=C(C(=O)N2c3nccs3)[O-])C(=O)c4cc(ccc4C)C
dude_aldr__L007391,c1cc(ccc1F)S(=O)(=O)[N-]c2cc(ccc2Cl)C(=O)N3CCN(CC3)Cc4ccsc4
dude_aldr__L007392,Cn1ccn2c1c(cn2)C(=O)NC[C@@H]3c4ccccc4CCO3
dude_aldr__L007393,CC(C)Oc1ccccc1[N-]S(=O)(=O)c2cccnc2Cl
dude_aldr__L007394,Cc1cnc(o1)c2cccc(c2)NC(=O)N3CCN(CC3)C(=O)C4CCC4
dude_aldr__L007395,c1ccc(cc1)C2=NO[C@H](C2)C(=O)Nc3c(c4c(s3)CCC4)C(=O)NC5CC5
dude_aldr__L007396,C[C@@H](CCCC(C)C)[C@@H]1CC[C@H]2[C@]1(CC[C@@H]3[C@@H]2CC=C4[C@]3(CC[C@@H](C4)OS(=O)(=O)[O-])C)C
dude_aldr__L007397,CCCCCCSc1nc(c(c(=O)n1c2ccccc2)[C@@H]3c4ccc(c(c4C(=O)O3)OC)OC)[O-]
dude_aldr__L007398,Cc1cc2c(cc1C)n(cn2)c3cc(cc(n3)Cl)C(=O)[O-]
dude_aldr__L007399,Cc1cc(ccc1[N+](=O)[O-])/C(=N/c2nnc(s2)C3CCCCC3)/[O-]
dude_aldr__L007400,C[C@@H]1CCCCN1S(=O)(=O)N2CCNC(=O)[C@@H]2C(C)C
dude_aldr__L007401,Cc1csc(n1)S[C@@H]2CCCCC[C@H]2C(=O)[O-]
dude_aldr__L007402,c1cc(ncc1C(=O)[O-])Sc2ccc(nn2)Cl
dude_aldr__L007403,Cc1ccc(cc1F)C(=O)C2=C(C(=O)N([C@@H]2c3ccco3)CC=C)[O-]
dude_aldr__L007404,CC1CCN(CC1)c2ccc(cc2)N3C[C@@H](CC3=O)C(=O)[O-]
dude_aldr__L007405,Cc1ccc(cc1C(=O)[O-])S(=O)(=O)N2CCN(CC2)Cc3ccc(s3)Br
dude_aldr__L007406,Cc1cc(ccc1OC(C)C)S(=O)(=O)[N-]c2ccc(nc2)n3cncn3
dude_aldr__L007407,c1csc2c1[C@@H](N(CC2)C(=O)c3cc(c(s3)Br)Br)C(=O)[O-]
dude_aldr__L007408,Cc1c(cco1)c2nnc(o2)SCC3=NC(=O)C4=C([C@@H](SC4=N3)C(=O)[O-])C
dude_aldr__L007409,Cn1c(nnc1SCC(=O)N2CCC[C@H](C2)C(=O)[O-])Cc3ccccc3
dude_aldr__L007410,CC[C@@]1(CCCN(C1)C(=O)Cn2cccn2)C(=O)[O-]
dude_aldr__L007411,c1cc(sc1)c2cc3cc4c(cc3[nH]c2=O)NCCC4
dude_aldr__L007412,Cc1c(sc(n1)[S-])CC(=O)N2CCCN(CC2)c3nccs3
dude_aldr__L007413,COc1cc(cc(c1OC)OC)C/N=C/C2=C(C[C@@H](CC2=O)c3ccccc3)[O-]
dude_aldr__L007414,Cc1ccc(cc1)S(=O)(=O)/N=C(/N[C@@H](C)C(=O)NCc2ccco2)\[O-]
dude_aldr__L007415,c1cc(sc1)C2=C3C(=NC(=S)N=C3SC2)[O-]
dude_aldr__L007416,c1cc(ccc1C2=NN=C3[C@H]2[C@H](C(=C(O3)N)C#N)c4ccncc4)Cl
dude_aldr__L007417,CS(=O)(=O)[N-]c1nc2ccc(cc2s1)C(=O)N[C@H]3N=CCS3
dude_aldr__L007418,Cc1nc(cs1)c2ccc(s2)S(=O)(=O)[N-]c3cccc(c3)S(=O)(=O)N
dude_aldr__L007419,CC(C)C1=NN(C(=O)C1)[C@@H]2CCCC[C@@H]2O
dude_aldr__L007420,Cc1ccc(c(c1)Cl)S(=O)(=O)[N-]c2ccccc2Cn3cncn3
dude_aldr__L007421,Cc1ccc(cc1C)S(=O)(=O)/N=C(/c2cnn3c2nccc3)\[O-]
dude_aldr__L007422,C[C@@H](C(=O)[O-])S(=O)(=O)N(C)C1CCOCC1
dude_aldr__L007423,CC1(CC(=O)N(C(=O)C1)c2c(cc(cc2Br)Br)C(=O)[O-])C
dude_aldr__L007424,C[C@@H](CN(C)C(=O)CC1(CCCC1)C(=O)[O-])C#N
dude_aldr__L007425,C[C@H](C/C(=N/S(=O)(=O)c1cccc(c1)I)/[O-])OC
dude_aldr__L007426,c1ccc(c(c1)n2cc(cn2)/C(=C(\C#N)/C(=O)N3CCCC3)/[O-])Cl
dude_aldr__L007427,Cc1c(cn(n1)C)CN(C)C(=O)[C@H](C)n2cc(cn2)C(=O)[O-]
dude_aldr__L007428,Cc1cc(c(cc1Br)C)SCC(=O)N(C)CCCC(=O)[O-]
dude_aldr__L007429,CCN(CC)S(=O)(=O)c1cc2c(cc1Cl)nc3cc(cc(c3c2SCC(=O)[O-])C)C
dude_aldr__L007430,c1cc(cc(c1)[N+](=O)[O-])[N-]S(=O)(=O)c2cc([nH]c2)C(=O)N3CCCC3
dude_aldr__L007431,CC(C)C(=O)Nc1ccc(cc1)NC(=O)C(=O)NCc2ccc(cc2)C#N
dude_aldr__L007432,Cc1ccc(c(c1)F)[N-]S(=O)(=O)c2ccc(cc2)OC(F)(F)F
dude_aldr__L007433,CC1(CC2(CCO1)N3CC4(CN2CC(C3)(C4O)C)C)C
dude_aldr__L007434,Cc1c(c(=O)[nH]c(n1)C2CC2)C(=O)N3CC[C@H](C3)O
dude_aldr__L007435,C[C@]1(CCCN(C1)S(=O)(=O)N(C)C2CCCCC2)C(=O)[O-]
dude_aldr__L007436,c1cc(ccc1[N+](=O)[O-])Sc2ccc(c(c2)Cl)C(=O)[O-]
dude_aldr__L007437,Cc1c(nc(nc1[O-])SCc2cccnc2)C
dude_aldr__L007438,OCC(O)C=O
dude_aldr__L007439,Cc1c(cco1)c2nnc(n2CC=C)SCC(=O)N3CCCC[C@@H]3C(=O)[O-]
dude_aldr__L007440,CNc1c(n2ccccc2n1)S(=O)(=O)N3CCCCCC3
dude_aldr__L007441,c1ccc2c(c1)[C@H](CCO2)NC(=O)CSc3[n-]c4cc(cnc4n3)Cl
dude_aldr__L007442,Cc1ccccc1[N-]S(=O)(=O)c2ccc(s2)c3cnc(o3)C4CC4
dude_aldr__L007443,c1coc2c1C(=C(CC2)C(=O)C(F)(F)F)[O-]
dude_aldr__L007444,CCN(CC)/C(=C/C1=CSC2=NC(=C([C@@H](N12)c3ccccc3Cl)C(=O)OC(C)C)C)/[O-]
dude_aldr__L007445,CCS[C@]1([C@]([C@]([C@@]([C@@](O1)(C)CO)(C)O)(C)O)(C)O)C
dude_aldr__L007446,CC[C@@H]1C[C@@H]1c2ccc(o2)/C=C(\C#N)/c3nc4c(cccn4)c(n3)[O-]
dude_aldr__L007447,C[C@@H]1CCc2c(sc3c2c(=O)n(cn3)[C@@H](C)C(=O)NN)C1
dude_aldr__L007448,c1cc(sc1)[C@@H]2CCCN2S(=O)(=O)c3ccc(c(c3)C(=O)[O-])F
dude_aldr__L007449,Cc1cccc(c1NS(=O)(=O)c2ccc3c(c2)[C@@H]4C=CC[C@@H]4[C@@H](N3)c5cc(ccc5O)[N+](=O)[O-])C
dude_aldr__L007450,c1cc2c(cc1C(=O)[O-])CCN2C(=O)Cn3cc(cc(c3=O)Cl)C(F)(F)F
dude_aldr__L007451,C[C@@H](C(=O)[O-])[S@](=O)c1ccc(cc1)[N+](=O)[O-]
dude_aldr__L007452,CC(=O)c1ccc(cc1)[N-]S(=O)(=O)c2cc(c(cc2Br)OC)OC
dude_aldr__L007453,CCCCN1[C@@H](C(=C(C1=O)[O-])C(=O)c2ccc(c(c2)C)OCCC)c3c(cccc3Cl)F
dude_aldr__L007454,c1cc(c(cc1F)Br)[N-]S(=O)(=O)C2CCS(=O)(=O)CC2
dude_aldr__L007455,CC[C@H](C)C(=O)Nc1c(c(c(s1)C)C)C(=O)[O-]
dude_aldr__L007456,CC[C@@H](C(=O)N1CCc2c(c(nn2CC3CC3)C(=O)[O-])C1)n4cccn4
dude_aldr__L007457,c1cnc(cn1)N2CCN(CC2)C(=O)[C@@H]3C[C@@H]3C(=O)[O-]
dude_aldr__L007458,Cc1ccc(cc1NC(=O)N[C@@H]2CCCN(C2)S(=O)(=O)C)n3cnnn3
dude_aldr__L007459,CC(=C)COc1cccn(c1=O)C(C)(C)C(=O)[O-]
dude_aldr__L007460,CC1=CC(=O)/C(=C\n2c3ccccc3nc2[S-])/C(=O)O1
dude_aldr__L007461,c1ccnc(c1)/C=N/n2c(nnc2[S-])c3ccc(cc3)Cl
dude_aldr__L007462,OC(=O)Cn2ccc(=O)n(Cc1ccc(Cl)c(N(=O)=O)c1)c2=O
dude_aldr__L007463,c1cc(cc(c1)OC(F)(F)F)c2cnc(cc2C(=O)[O-])Cl
dude_aldr__L007464,c1ccc(cc1)n2c3c(cn2)c(nc(n3)SC[C@H]4CC4(Cl)Cl)[O-]
dude_aldr__L007465,C[C@]12CC[C@@H](C[C@@H]1CC[C@@H]3[C@@H]2C(=O)C[C@@]4([C@@H]3CC[C@@H]4C(=O)[O-])C)O
dude_aldr__L007466,Cc1ccc(cc1)[C@H]2C(=C(C(=O)N2c3nncs3)[O-])C(=O)c4ccc(cc4)C
dude_aldr__L007467,CC1CCC(CC1)N2C[C@@H](CC2=O)/C(=N/S(=O)(=O)/C=C/c3ccccc3)/[O-]
dude_aldr__L007468,CS(=O)(=O)N1CCc2c(c(on2)C(=O)[O-])C1
dude_aldr__L007469,c1cc(cc(c1)[N+](=O)[O-])[N-]S(=O)(=O)c2cc(sc2Cl)Cl
dude_aldr__L007470,Cc1cc(c(c(c1)C)n2c(c(c(n2)C(F)F)C(=O)[O-])Cl)C
dude_aldr__L007471,CCc1ncc(s1)CN(C)C(=O)[C@@H](C)n2c(nnc2[S-])c3cccs3
dude_aldr__L007472,C1P(=O)(CS1)O
dude_aldr__L007473,Cc1c(sc(n1)c2ccccc2)C(=O)NNC(=O)c3ccc4c(c3)COC4
dude_aldr__L007474,CCc1ccc(cc1)S(=O)(=O)[N-]/N=C\[C@@H]2C=NN=C2c3ccc(cc3)Cl
dude_aldr__L007475,Cc1ccc(cc1)[C@H](C)N(C)/C(=N/c2nnc(s2)c3ccsc3)/[O-]
dude_aldr__L007476,CN(C)c1ccncc1[N-]S(=O)(=O)c2ccc(cc2Br)Br
dude_aldr__L007477,Cc1cc(ccc1OCC=C)C(=O)C2=C(C(=O)N[C@@H]2c3ccccc3)[O-]
dude_aldr__L007478,CS(=O)(=O)Cc1nc(on1)[C@H]2CC=CC[C@H]2C(=O)[O-]
dude_aldr__L007479,Cc1c(cccc1NC(=O)NCCc2ccsc2)C(=O)[O-]
dude_aldr__L007480,Cc1c(c(n2c3ccccc3nc2c1C#N)[O-])/C=N/c4nc(cs4)c5ccccc5
dude_aldr__L007481,Cc1ccc(cc1)c2nnc(n2CC(=O)N3C[C@@H](OC[C@@H]3C)C)[S-]
dude_aldr__L007482,CCn1cc(c(n1)C)CN2CCN(CC2)C(=O)[C@H](C)n3cc(cn3)C(=O)[O-]
dude_aldr__L007483,c1ccc(cc1)n2cc(cn2)/C=C/C(=N/S(=O)(=O)c3ccc(s3)Br)/[O-]
dude_aldr__L007484,CC(C)(C)c1ccc(cc1)[C@H]2N([C@@H](CS2)C(=O)[O-])C(=O)c3cccc(c3)Cl
dude_aldr__L007485,CCc1nc2nc(cc(n2n1)[O-])C[C@@H]3CCS(=O)(=O)C3
dude_aldr__L007486,C[C@@H]1CCC[NH+](C1)CCCNC(=O)N2CCC(CC2)NC(=O)C3CCCCC3
dude_aldr__L007487,CCn1cc(cn1)c2c(cn(n2)c3ncccn3)C(=O)[O-]
dude_aldr__L007488,Cc1cc(c(cc1Cl)c2c3c([nH]n2)C(=O)N([C@H]3c4ccc(cc4)C(C)(C)C)CCCO)O
dude_aldr__L007489,C1C[C@H](COC1)C(=O)N2CCO[C@@H](C2)C(=O)[O-]
dude_aldr__L007490,CS(=O)(=O)[N-]c1ccccc1C(=O)NCCc2ccc(cc2)OC(F)F
dude_aldr__L007491,Cc1ccc(cc1)S(=O)(=O)/N=C(/c2c(ncs2)Cl)\[O-]
dude_aldr__L007492,CN(c1ccc(cc1S(=O)(=O)N2CCC(CC2)C(=O)[O-])[N+](=O)[O-])OC
dude_aldr__L007493,Cc1cc(cc(c1O)C)[C@H]2[C@H]3[C@@H](C(=NC3=O)[O-])ON2C(C)(C)C
dude_aldr__L007494,Cc1ccc(cc1F)[N-]S(=O)(=O)c2cccc(c2)OC(F)(F)F
dude_aldr__L007495,CCc1ccc(cc1)N2[C@@H](NC(=O)C(=C2[S-])C#N)c3ccccc3
dude_aldr__L007496,CC(C)(c1ccccc1)C(=O)N2CCC[C@H](C2)C(=O)[O-]
dude_aldr__L007497,CC(C)COc1ccc(cc1)C(=O)C2=C(C(=O)N[C@@H]2c3ccc(cc3)SC)[O-]
dude_aldr__L007498,C[C@H]1CCC[C@@H](C1)NC(=O)CN2CCN(CC2)C(=O)NC3CCSCC3
dude_aldr__L007499,CCn1c(nnc1[C@@H]2Cc3ccccc3N2)C
dude_aldr__L007500,Cc1ccc(c(c1)C2=C[C@H](N=N2)[C@@H]3NC(=NO3)c4ccc5c(c4)OCO5)C
dude_aldr__L007501,c1cc2c(c(c1)NC(=O)Nc3ccc(cc3)F)CCN(C2)C(=O)[C@H]4CCCO4
dude_aldr__L007502,c1cc(oc1)[C@H]2CC(=NN2C(=O)CCC(=O)[O-])c3cccs3
dude_aldr__L007503,c1ccc(cc1)/C=C(\C#N)/C(=N/c2nnc(s2)SCc3ccc(cc3)Cl)/[O-]
dude_aldr__L007504,C[C@@H](C(=O)[O-])N(C)C(=O)N[C@H]1CCCc2c1ccs2
dude_aldr__L007505,C[C@]1(CCN(C1)[C@@H]2CC(=O)NC2=O)C(=O)[O-]
dude_aldr__L007506,CC1=C([C@@H](/C(=C(/[O-])\OC)/C(=N1)C)C(=O)O[C@H]2CCCCC2=O)C(=O)OC
dude_aldr__L007507,CCS(=O)(=O)[N-]c1ccc(cc1)c2nc(nn2c3ccccn3)C
dude_aldr__L007508,c1cc(ccc1C(=O)[O-])N[C@H]2CC(=O)N(C2=O)c3ccc(cc3)[N+](=O)[O-]
dude_aldr__L007509,c1cc(c(cc1NC(=O)[C@H]2[C@H]3C[C@@H]([C@H]2C(=O)[O-])C=C3)F)F
dude_aldr__L007510,CCC(=O)Nc1ccc(cc1)[C@H](C)NC(=O)NC2[C@@H]3CCC[C@H]2C[NH+](C3)C4CC4
dude_aldr__L007511,C[C@@]12CC[C@@H]3[C@H]([C@@H]1CC[C@@H]2O)C[C@H](C4=CC(=O)CC[C@@]34C)O
dude_aldr__L007512,Cc1ccc(cc1c2nnc(n2c3ccccc3)[S-])S(=O)(=O)N4CCOCC4
dude_aldr__L007513,CC[C@@H](C)N(CC(=O)[O-])C(=O)[C@H]1CCCCN1S(=O)(=O)C
dude_aldr__L007514,CC1CCC(CC1)C(=O)N(c2c(cc(o2)c3ccc(cc3)Br)C(=O)[O-])C(C)C
dude_aldr__L007515,CC(=O)NNC1=N[C@@H]2CS(=O)(=O)C[C@H]2S1
dude_aldr__L007516,CCCCCCOc1ccc(cc1)[C@@H]2C(=C(C(=O)N2Cc3ccco3)[O-])C(=O)c4c(nc(s4)C)C
dude_aldr__L007517,Cc1cc(no1)NC(=O)N2CCC[C@@H](C2)CNC(=O)N
dude_aldr__L007518,Cc1ccc(c(c1)[N-]S(=O)(=O)C2=C(S[C@@H](C2)[C@H]3C(=C(N=N3)C)C)C)OC
dude_aldr__L007519,CN([C@@H]1CCSC1)C(=O)Nc2cc(c(cc2C(=O)[O-])F)F
dude_aldr__L007520,C[C@H]1CCCC[C@H]1N(C)C(=O)Nc2c(ccs2)C(=O)[O-]
dude_aldr__L007521,c1c(nco1)CCO
dude_aldr__L007522,Cc1c(c(nc(n1)N)C(F)(F)F)Br
dude_aldr__L007523,c1ccc2c(c1)nc3c(c(n(c3n2)/N=C/c4ccc(c(c4)O)O)N)C(=O)NC5CCCC5
dude_aldr__L007524,Cc1ccc(cc1S(=O)(=O)N)c2c3ccccc3c(nn2)Nc4ccc(c(c4)Cl)Cl
dude_aldr__L007525,C[C@@H](C(=O)NC(=O)Nc1cc(c(cc1F)F)F)Cl
dude_aldr__L007526,Cc1c(n2c(n1)sc(n2)C)S(=O)(=O)[N-]c3cc(cc(c3)F)F
dude_aldr__L007527,CC(C)C(=O)N1CCc2ccc(cc2C1)[N-]S(=O)(=O)c3cccc4c3nccc4
dude_aldr__L007528,CCCn1cccc1C(=O)N2CCC[C@@H](C2)C(=O)[O-]
dude_aldr__L007529,C[C@@H](C(=O)Nc1[n-]c(c(n1)C#N)C#N)Oc2cccc(c2)C(C)(C)C
dude_aldr__L007530,CCn1c(c2ccc(cc2nc1=S)C(=O)N3C[C@@H](C[C@H](C3)C)C)[O-]
dude_aldr__L007531,Cc1cc(ccc1NC(=S)N[C@@H](C(Cl)(Cl)Cl)NC(=O)C)[N+](=O)[O-]
dude_aldr__L007532,Cc1c(cc(o1)C(=O)[O-])S(=O)(=O)N2CCC[C@H]2C(=O)OC
dude_aldr__L007533,c1ccc(c(c1)n2c(nc(n2)C(=O)[O-])C3CC3)I
dude_aldr__L007534,Cc1nc2c(c3c(s2)CCC[C@H]3C(=O)[O-])c(=O)n1CCC(C)C
dude_aldr__L007535,CCCN(C1CC1)C(=O)N(C)C[C@@H](C)C(=O)[O-]
dude_aldr__L007536,Cc1ccsc1[C@@H]2C(=C(C(=O)N2c3nccs3)[O-])C(=O)c4c(nc(s4)C)C
dude_aldr__L007537,Cc1ccc(n1c2ccc(cc2)S(=O)(=O)[N-]c3ccccc3Cl)C
dude_aldr__L007538,CCOCCS(=O)(=O)N1[C@@H]2CCCC[C@@H]2C[C@@H]1C(=O)[O-]
dude_aldr__L007539,C[C@@H]1CC(=C[C@@H]([C@@H]1[C@@H]2CC(=NN2C(=O)C)C)C)C
dude_aldr__L007540,CC(C)[C@H](/C(=N/S(=O)(=O)c1cnn(c1)C)/[O-])SCc2ccccc2
dude_aldr__L007541,Cc1cc(n(n1)Cc2ccc(cc2)[N-]S(=O)(=O)c3cnn(c3)C)C
dude_aldr__L007542,Cc1c(sc2c1c3nc(nn3cn2)c4cc(n[nH]4)C(F)(F)F)C
dude_aldr__L007543,c1cc\2c(cc1c3cn(nc3c4ccncc4)[C@@H]5CCC[C@@H](C5)O)CC/C2=N\O
dude_aldr__L007544,Cc1cc(cc2c1N[C@H]([C@@H]3[C@@H]2C=CC3)C(=O)[O-])[N+](=O)[O-]
dude_aldr__L007545,CCOc1cc(ccc1[N-]S(=O)(=O)c2cc(cnc2)Br)C
dude_aldr__L007546,Cc1ccc2c(c1C)-n3cccc3C4(N2)CCN(CC4)S(=O)(=O)C
dude_aldr__L007547,CCN(CC)S(=O)(=O)[N-]c1cc(ccc1Cl)Br
dude_aldr__L007548,C[C@@H](c1[n-]nnn1)NC(=O)C2=Cc3cc(ccc3OC2)Br
dude_aldr__L007549,Cc1ccc2=C[C@H](C(=O)[NH+]=c2c1)/C=C\3/C(=O)NC(=N3)[S-]
dude_aldr__L007550,c1cc2c(c(c1N3C[C@H](C[C@@H]3C(=O)[O-])O)[N+](=O)[O-])ncs2
dude_aldr__L007551,C[C@@H]1C[C@@](CC(C1)(C)C)(C(=O)[O-])n2cc(ccc2=O)Br
dude_aldr__L007552,Cc1c(c(n(n1)C)N[C@@]2(CCC[C@@H](C2)C)C(=O)[O-])[N+](=O)[O-]
dude_aldr__L007553,Cc1c(sc(n1)[S-])CC(=O)N2CCC[C@@H](C2)NC(=O)C
dude_aldr__L007554,CN(C)[C@H](c1ccc(cc1)Cl)C2=N[C@H](CS2)C(=O)[O-]
dude_aldr__L007555,CC1=C([C@H](/C(=C(\[O-])/OC2CCCCC2)/C(=N1)C)c3cccnc3)[N+](=O)[O-]
dude_aldr__L007556,c1cc(c(cc1/C=C/C(=O)[O-])[N+](=O)[O-])Sc2nnnn2C[C@@H]3CCCO3
dude_aldr__L007557,c1cnc2c(c1c3ccsc3)c(nc(n2)N4CCOCC4)[O-]
dude_aldr__L007558,CC(C)(C)c1ncc(s1)C(=O)Nc2ccc(nc2)N3CCC[C@H](C3)C(=O)N
dude_aldr__L007559,Cc1cc(c(n1C[C@H]2CCCO2)C)/C=C\3/C(=NC(=S)N(C3=O)c4cccc(c4Cl)Cl)[O-]
dude_aldr__L007560,Cc1ccc(cc1)Oc2ccc(cc2)[N-]S(=O)(=O)c3ccc(cc3)S(=O)(=O)C
dude_aldr__L007561,CCc1ccccc1Nc2nc(nc(n2)N)CSc3[nH]c4ccccc4n3
dude_aldr__L007562,c1c(c(sc1C(=O)[O-])Cl)Br
dude_aldr__L007563,COC(=O)CCCS(=O)(=O)[N-]c1c(cc(cc1Br)Br)Br
dude_aldr__L007564,c1ccc2c(c1)CC[C@]2(C(=O)[O-])OC3CCCCC3
dude_aldr__L007565,c1ccc(cc1)C2=C([C@@H]2C(=O)[O-])c3ccc(cc3)Br
dude_aldr__L007566,CCCSC1=NC(=O)[C@@H]2[C@H](/C(=C(/[O-])\OC)/C(=NC2=N1)C)c3ccc(cc3)F
dude_aldr__L007567,Cc1ccc(c(c1)S(=O)(=O)[N-]c2nc(cs2)c3cccn3C)F
dude_aldr__L007568,Cc1c(c(n(n1)C)Cl)S(=O)(=O)/N=C(/C[C@H](C)C2CC2)\[O-]
dude_aldr__L007569,Cc1ccc(cc1)[N-]S(=O)(=O)C[C@@H](C)C(=O)N2CC[C@H](C2)c3ccco3
dude_aldr__L007570,c1ccc(c(c1)C(=O)[O-])S[C@H]2CC(=O)N(C2=O)C3CCCC3
dude_aldr__L007571,CCCc1nnc(n1CC(=O)NCc2ccc(c(c2)F)N(CC)CC)[S-]
dude_aldr__L007572,CC(C)(C)C(=O)N1CCc2c(c(nn2C)C(=O)[O-])C1
dude_aldr__L007573,CN(Cc1ccsc1)S(=O)(=O)N2CCC[C@@H](C2)C(=O)[O-]
dude_aldr__L007574,Cc1cc(ccc1C(=O)C2=C(C(=O)N([C@@H]2c3ccc(cc3)C(C)C)CCCN4CCOCC4)[O-])OCC=C
dude_aldr__L007575,c1cc(c[n+](c1)/C(=C(\NC2CCCCC2)/[S-])/C(=O)c3ccc(cc3)Cl)[O-]
dude_aldr__L007576,CC[C@@H]1C=CC[C@@H]([C@@H]1C(=O)Nc2ccc(cc2)C(=O)N3CCOCC3)C(=O)[O-]
dude_aldr__L007577,CCO/C(=C\1/[C@@H](C2=C(C[C@H](CC2=O)c3ccc(c(c3)OC)OC)N=C1C)c4ccc(cc4)SC)/[O-]
dude_aldr__L007578,c1ccc(cc1)CNc2c3c(ncn2)n(cn3)[C@@H]4[C@@H]([C@@H]([C@@H](O4)COP(=O)([O-])[O-])O)O
dude_aldr__L007579,C[C@H](C(=O)NC1CCCC1)Sc2nc3cc(ccc3n2C)S(=O)(=O)N
dude_aldr__L007580,CC(C)(C)c1c2c(n(n1)c3ccc(cc3)F)N(C(=O)CS[C@@H]2c4cccs4)CC(=O)[O-]
dude_aldr__L007581,CC1(CN(CCO1)C(=O)c2ccc(s2)/C=C/C(=O)[O-])C
dude_aldr__L007582,C=CCOc1cccc(c1)NC(=O)c2cnn3c2nc(c4c3cccc4)[O-]
dude_aldr__L007583,c1ccc(cc1)C(=O)C2=C(C(=O)N([C@H]2c3ccc(cc3)Cl)CCCn4ccnc4)[O-]
dude_aldr__L007584,c1cc2cccnc2c(c1)O[C@H]3CCCC[C@H]3C(=O)[O-]
dude_aldr__L007585,c1cc(c(cc1NC(=O)[C@@H]2CCCC[C@H]2C(=O)[O-])C#N)Cl
dude_aldr__L007586,CCN(Cc1ccc(s1)Cl)C(=O)CSc2nnc(n2[C@H](C(C)C)C(=O)[O-])c3cccs3
dude_aldr__L007587,Cc1cc(c(n1[C@@H](C)Cn2ccnc2)C)C(=O)[O-]
dude_aldr__L007588,C[C@H](c1nnc(n1c2ccc(cc2)Cl)[S-])Oc3ccc(cc3)OC(F)(F)F
dude_aldr__L007589,c1cc(ccc1c2nnc(n2CC(=O)N3CCN(CC3)Cc4ccsc4)[S-])Cl
dude_aldr__L007590,c1c2c(cc3c1CCC[C@@H]3SCCC(=O)[O-])CCCC2
dude_aldr__L007591,c1cc2c(cc1[N-]S(=O)(=O)C3CCCCC3)c(=O)n4c(n2)CCC4
dude_aldr__L007592,Cc1c(c(on1)C)CSc2[n-]c3cc(cnc3n2)Cl
dude_aldr__L007593,c1cc(ccc1/C=N/NC(=O)CNC(=O)c2ccncc2)C(=O)[O-]
dude_aldr__L007594,C1C[C@H](CN(C1)S(=O)(=O)N2CCNCC2)O
dude_aldr__L007595,Cc1ccnc(n1)O[C@H](C(=O)[O-])C(c2ccc(cc2)Cl)(c3ccc(cc3)Cl)OC
dude_aldr__L007596,c1cc(c(cc1Br)n2c(c3c(ccs3)nc2=S)[O-])Cl
dude_aldr__L007597,Cc1c(c(on1)C)S(=O)(=O)N2CCC(CC2)CCC(=O)[O-]
dude_aldr__L007598,C[C@]1(CCN(C1)S(=O)(=O)c2cc(sc2Cl)Cl)C(=O)[O-]
dude_aldr__L007599,Cc1ccc(c2c1N[C@@H]([C@@H]3[C@@H]2C=CC3)c4ccc(cc4)C(=O)[O-])C(=O)OC
dude_aldr__L007600,C[C@]1(CCN(C1)C(=O)c2cnc3n(c2=O)CCS3)C(=O)[O-]
dude_aldr__L007601,CCN([C@@H]1CCS(=O)(=O)C1)C(=O)CC2(CCCC2)C(=O)[O-]
dude_aldr__L007602,Cc1ccc(cc1)C2=C(OCCS2(=O)=O)/C(=N/c3nccs3)/[O-]
dude_aldr__L007603,c1cc(ccc1C(=O)[O-])n2cc(cn2)n3cc(cn3)[N+](=O)[O-]
dude_aldr__L007604,COc1ccc(cc1Br)/C=N/n2c(nnc2[S-])c3ccccn3
dude_aldr__L007605,c1cc(oc1/C=C\C(=C(/C#N)\C(=O)N2CCCC2)\[O-])Br
dude_aldr__L007606,CC(=O)Nc1ccc(s1)C(=O)N2CCC[C@H](C2)O
dude_aldr__L007607,C[C@@H]1CCCN(C1)S(=O)(=O)c2cnc(s2)NC(=O)C
dude_aldr__L007608,C[C@H](/C(=N/C1=NN=C(CS1)c2ccccc2)/[O-])Oc3cccc(c3)OC
dude_aldr__L007609,C\1=CC(=O)C(=C/C1=C/2\c3c([nH]c(=O)[nH]c3=O)NO2)O
dude_aldr__L007610,CCn1c(c2ccc(cc2nc1=S)C(=O)N[C@H](C)c3cnn(c3C)C)[O-]
dude_aldr__L007611,c1cc(c(=O)[nH]c1)C(=O)Nc2cc(c(c(c2)Cl)N)Cl
dude_aldr__L007612,CC(C)C(=O)N1CCc2ccc(cc2[C@@H]1c3cccc(c3)F)OCc4ccc(o4)C(=O)[O-]
dude_aldr__L007613,CCCn1c(=O)cc(nc1SCC(=O)c2cc(n(c2C)CC=C)C)[O-]
dude_aldr__L007614,C[C@]12CC[C@H](C1(C)C)c3c2[n+](c(n3[O-])c4ccc(cc4)Cl)[O-]
dude_aldr__L007615,Cc1cc2ccccc2n1[C@](C)(C3CC3)C(=O)[O-]
dude_aldr__L007616,CC(C)Cc1c2c(c3c4c(c5nnc(n5cn4)[S-])oc3n1)CCC2
dude_aldr__L007617,CC(C)(C)c1cc2nc(cc(n2n1)C3CC3)C(=O)[O-]
dude_aldr__L007618,Cc1c(sc(n1)[S-])CC(=O)NC[C@H]2CN(CCO2)Cc3ccccc3
dude_aldr__L007619,c1c(c(c(c(c1F)F)F)F)C(=O)N2[C@H]3CCCC[C@H]3C[C@H]2C(=O)[O-]
dude_aldr__L007620,Cc1cccc(c1)OC[C@H](CSc2[n-]c3cc(cnc3n2)Cl)O
dude_aldr__L007621,c1cc(cc(c1)NC(=O)c2ccnc(n2)C3CC3)c4[n-]nnn4
dude_aldr__L007622,C[C@]1(CCC[C@@]2([C@@H]1CC[C@]34[C@@H]2CC[C@H](C3)[C@@H](C4)C(=O)[O-])C)C=O
dude_aldr__L007623,c1cc(cnc1)c2cc(nc(n2)N)c3ccco3
dude_aldr__L007624,CSc1ccc(cc1)[N-]S(=O)(=O)c2ccc(s2)[N+](=O)[O-]
dude_aldr__L007625,CCC(C)(C)C1CCC(CC1)(C(=O)[O-])n2c(csc2=O)C
dude_aldr__L007626,CC1=C[C@H]2c3c(=O)[nH]c(=S)[nH]c3OC([C@@H]2CC1)(C)C
dude_aldr__L007627,Cc1c2c([nH]c1C(=O)Nc3nc(cs3)C[NH+]4CCC[C@@H](C4)C)CC(CC2=O)(C)C
dude_aldr__L007628,C[C@@H]1CCc2c(cc(s2)/C(=C(\C#N)/C(=O)NC(C)C)/[O-])C1
dude_aldr__L007629,c1cc(c(cc1[N+](=O)[O-])C(=O)[O-])I
dude_aldr__L007630,Cc1cc(no1)NC(=O)C2CCN(CC2)C(=O)Cc3c(nc(s3)[S-])C
dude_aldr__L007631,CCO[C@@H]1CCCN(C1)C(=O)C[C@H](C)CC(=O)[O-]
dude_aldr__L007632,Cc1cocc1C(=O)N2[C@@]([C@@H]3CCCCCC3=N2)(C(F)(F)F)O
dude_aldr__L007633,C[C@@H](C(=O)[O-])n1c(=O)c2c3c(sc2nn1)C[C@H](CC3)C(C)(C)C
dude_aldr__L007634,Cc1ccc(c2c1c(c([nH]2)C(=O)N3CC[C@@H]([C@@H](C3)C)O)C)C
dude_aldr__L007635,CCN([C@H](C)CC(=O)[O-])C(=O)N1CCC(CC1)OC
dude_aldr__L007636,c1cc(ccc1C(=O)[O-])Sc2ccc(cn2)C#N
dude_aldr__L007637,c1ccc(c(c1)[N-]S(=O)(=O)c2cccc(c2)S(=O)(=O)N)OC(F)F
dude_aldr__L007638,Cc1c2cc(cnc2n(n1)C)S(=O)(=O)[N-]c3cccc(c3)SC(F)F
dude_aldr__L007639,CC1(CC(=C(C(=O)[C@@H]1C(=O)OC)/C=N/c2ccccc2OC)[O-])C
dude_aldr__L007640,C1C[C@H](OC1)c2c(nnn2CC(=O)N3CCOCC3)C(=O)[O-]
dude_aldr__L007641,C#CCN(Cc1ccco1)C/C(=N/c2ccccc2S(=O)(=O)C(F)F)/[O-]
dude_aldr__L007642,c1cnc(nc1C2=NO[C@H](C2)CNc3c(cc(cn3)C(F)(F)F)Cl)N
dude_aldr__L007643,CC(=O)N1CC=C2[C@@H](C1)[C@@H](C(C(=C2C#N)N)(C#N)C#N)c3cccc(c3)Cl
dude_aldr__L007644,CC1=N[C@H]2N(C1)N=C(S2)Sc3nc([n-]n3)Cc4cccs4
dude_aldr__L007645,COc1ccc(cc1[N-]S(=O)(=O)c2ccc(c(c2)Br)OC)C#N
dude_aldr__L007646,C[C@@]1(CCN(C1)C(=O)[C@H]2CCOC2)C(=O)[O-]
dude_aldr__L007647,Cc1c(c(n(n1)C)C)/C=C/C(=O)N(CC(=O)[O-])C(C)C
dude_aldr__L007648,CC(C)[C@@]1(CC(=O)N(C1=O)c2ccsc2C(=O)[O-])C
dude_aldr__L007649,CN(c1cc(ccc1C(=O)[O-])Br)[C@H]2CCS(=O)(=O)C2
dude_aldr__L007650,Cc1c(cco1)c2nnc(n2/N=C/c3ccc(cc3)N(C)C)SCC(=O)[O-]
dude_aldr__L007651,CCOc1ccccc1c2csc(n2)/N=C(/C(=C/c3ccc(cc3)C(C)C)/C#N)\[O-]
dude_aldr__L007652,CC(C)(C)c1ccc(cc1)[C@@H]2c3c(nc(s3)[S-])S[C@@H]([C@@H]2C(=O)OC)C(=O)OC
dude_aldr__L007653,Cc1cc(cc(c1)OC2(CCS(=O)(=O)CC2)C(=O)[O-])C
dude_aldr__L007654,Cc1c(sc(n1)[N-]S(=O)(=O)c2ccc(cc2)[N+](=O)[O-])SC
dude_aldr__L007655,Cc1cccc(c1C(=O)OC)S(=O)(=O)[N-]c2ccc(c3c2n[nH]c3)C
dude_aldr__L007656,CS(=O)(=O)/N=C(/c1ccc(o1)COc2ccc(cc2)Br)\[O-]
dude_aldr__L007657,CCCSC1=NC(=O)[C@@H]2[C@H](C3=C(CC(CC3=NC2=N1)(C)C)[O-])c4ccncc4
dude_aldr__L007658,c1cc(ccc1/C=C/S(=O)(=O)N2CCC[C@H](C2)C(=O)[O-])Cl
dude_aldr__L007659,C[C@@H]1CCC[C@@H](N1c2cnc(nc2C(=O)[O-])C(C)C)C
dude_aldr__L007660,c1ccc(cc1)C/[NH+]=C\2/C3(CCN(CC3)C(=O)C4CCCC4)Nc5cccnc5N2
dude_aldr__L007661,C[C@H]1C[C@@](CC(C1)(C)C)(C(=O)[O-])OC2CCOCC2
dude_aldr__L007662,c1ccc(cc1)Cc2cnc3n2c(cc(c3)I)[O-]
dude_aldr__L007663,C1[C@@H]([C@H](O[C@@H]1O)CO)O
dude_aldr__L007664,CCCCS(=O)(=O)/N=C(/[C@H]1CCCN1C(=O)OC)\[O-]
dude_aldr__L007665,c1cc2c(cc1[C@H](c3ccc(c(c3)Cl)Cl)Cl)oc(n2)[O-]
dude_aldr__L007666,c1ccc2c(c1)ccn2c3ccc(s3)C(=O)N4CCC(CC4)C(=O)[O-]
dude_aldr__L007667,COc1cc(ccc1OS(=O)(=O)c2ccc(c(c2)C(=O)[O-])F)C3SCCS3
dude_aldr__L007668,CCCN1CCn2cc(cc2C1=O)S(=O)(=O)[N-]c3ccc(cc3)C
dude_aldr__L007669,CC1(OC[C@@H](O1)[C@@H]2C([C@@H]3[C@H](O2)OC(O3)(C)C)(O)O)C
dude_aldr__L007670,c1cc(sc1)c2nccn2C[C@@H]3CC[C@H](O3)C(=O)[O-]
dude_aldr__L007671,Cc1c(nc(o1)c2ccccc2)C(=O)N3C[C@H](Oc4c3cccc4)C(=O)NC
dude_aldr__L007672,CCCc1c(nnn1[C@H](C)C(=O)N2CCOCC2)C(=O)[O-]
dude_aldr__L007673,c1cc(sc1C(=O)NC2CCCCCCC2)C(=O)[O-]
dude_aldr__L007674,CC12CC3(CC(C1)(CC(C2)(C3)[C@@H](C(=O)[O-])Cl)C)C
dude_aldr__L007675,COc1ccc(cc1CSCC(=O)[O-])C(=O)/C=C/c2cc(cc3c2OCOC3)F
dude_aldr__L007676,CCN(CC)c1ccc(cc1)/C=N/c2ccc3c(c2)cc(cc3O)S(=O)(=O)[O-]
dude_aldr__L007677,Cc1ccc(cc1C(=O)[O-])S(=O)(=O)N2CCc3c(ccs3)[C@H]2C
dude_aldr__L007678,Cc1ccc(c(c1)C)[N-]S(=O)(=O)c2cc(cs2)C(=O)N3CCCC3
dude_aldr__L007679,CC(C)(C)C(=O)CSc1nc(c(c(n1)[O-])C#N)c2cccnc2
dude_aldr__L007680,C[C@@H]1CCCN(C1)c2[nH]c(=O)c3c(n2)CC[NH+](C3)Cc4ccccc4O
dude_aldr__L007681,Cn1cc(cn1)S(=O)(=O)/N=C(/[C@@H]2C[C@H]2[N+](=O)[O-])\[O-]
dude_aldr__L007682,CN1CCc2c(sc(n2)NC(=O)Nc3cc[nH]n3)C1
dude_aldr__L007683,c1ccc(c(c1)n2cc(c3c2[C@H](CC(=O)N3)c4ccsc4)C(=O)[O-])F
dude_aldr__L007684,Cc1cccc(c1)[C@H]2c3cc(ccc3CCN2C(=O)C4CCCC4)OCc5ccc(o5)C(=O)[O-]
dude_aldr__L007685,C[C@@H](C(=O)[O-])SCc1cc(=O)n2ccsc2n1
dude_aldr__L007686,Cc1cc2c(cc1C)n(cn2)[C@]3(CCSC3)C(=O)[O-]
dude_aldr__L007687,c1cc2c(cc1[N-]S(=O)(=O)C3CCCCC3)nc(o2)C4CC4
dude_aldr__L007688,CS(=O)(=O)N1CCN(CC1)C(=O)c2nc([nH]n2)[O-]
dude_aldr__L007689,c1cnccc1c2nc3c4c5c(sc4nc(n3n2)[O-])CCCC5
dude_aldr__L007690,c1cc(sc1)SCC(=O)N2CCc3c(ccs3)[C@H]2C(=O)[O-]
dude_aldr__L007691,CCOC(=O)[C@H]1[N-]C(=NO1)C2=C[C@H]3C(=CC=N3)C=C2
dude_aldr__L007692,C[C@@H]1C[C@@H](CN(C1)S(=O)(=O)N2CCCC[C@@H]2C(=O)[O-])C
dude_aldr__L007693,CC[C@@H]1COCCN1[C@@](C)(c2ccc(cc2)SC)C(=O)[O-]
dude_aldr__L007694,Cc1ccccc1[C@H](C(=O)NC2CCCCC2)N(c3ccccc3)C(=O)c4cccc(c4O)O
dude_aldr__L007695,CC(C)COc1cccc(c1)C(=O)NC(=S)Nc2c(c3c(s2)C[C@@H](CC3)C(C)(C)C)C(=O)N
dude_aldr__L007696,CC[C@@](C)(CC(=O)Nc1c(c2c(s1)C[C@H](CC2)C)C#N)CC(=O)[O-]
dude_aldr__L007697,C[C@H]1c2ccsc2CCN1C(=O)Cn3ccc(n3)N
dude_aldr__L007698,C[C@](CC(=O)NCc1ccccc1n2ccnc2)(c3ccccc3)C(=O)[O-]
dude_aldr__L007699,c1cc(cnc1)[C@@H]2CC(=Nc3n2ncn3)C(=O)[O-]
dude_aldr__L007700,CCCCN1CCc2c1ccc(c2)/C=C/3\C(=NC(=S)N(C3=O)CCC4=CCCCC4)[O-]
dude_aldr__L007701,c1c(ncs1)C(=O)N2CCC(CC2)C(=O)[O-]
dude_aldr__L007702,CC(C)(C)c1c(nnn1CC(=O)N2CCOC2=O)C(=O)[O-]
dude_aldr__L007703,CCn1c(ccn1)c2cc(sc2)S(=O)(=O)[N-]c3ccc(c(c3)F)OC
dude_aldr__L007704,CC(C)N(CC(F)(F)F)C(=O)N1CSC[C@H]1C(=O)[O-]
dude_aldr__L007705,CC1(Cc2c(sc3c2c(n4c(n3)nnn4)[O-])CS1)C
dude_aldr__L007706,c1ccc(cc1)c2c(cn(n2)c3ccccc3)/C=C/4\CCCc5c4nc6ccccc6c5C(=O)[O-]
dude_aldr__L007707,C[C@@H](C(=O)[O-])Sc1c2c3c(sc2nc(n1)SC)COC(C3)(C)C
dude_aldr__L007708,CCS(=O)(=O)[N-]c1ccccc1C(=O)N2CCc3c2cccc3
dude_aldr__L007709,CC(C)(C(=O)[O-])N(C)C(=O)c1cc(c(s1)Br)Br
dude_aldr__L007710,CC1=C(C[C@H]([C@@H](C1)C(=O)N2CCC3(CC2)OCCO3)C(=O)[O-])C
dude_aldr__L007711,CC(=O)N1CCSc2c1cc(cc2)S(=O)(=O)[N-]c3ccc(cc3)C#N
dude_aldr__L007712,Cc1c(cc(cn1)[N+](=O)[O-])C(=O)N[C@H]2CCC[C@H](C2)C
dude_aldr__L007713,Cc1ccc(cc1)SCC(=O)NNC(=O)NCc2c(cc(nc2OC)C)C
dude_aldr__L007714,Cn1c2c(c(ncn2)NC[C@@H](c3ccc4ccccc4c3)O)c(n1)Br
dude_aldr__L007715,C[C@@H](C(=O)N1CCC[C@H]2[C@H]1CCCC2)n3c(nnc3[S-])c4cccs4
dude_aldr__L007716,c1ccc(c(c1)N)S(=O)(=O)N[C@H]2CCCC[C@@H]2O
dude_aldr__L007717,Cc1ccc(cc1Cl)NC(=O)C[C@@H]2C(=O)N/C(=N\N=C/c3cccs3)/S2
dude_aldr__L007718,Cn1c2c(c(=O)n(c1=O)C)[nH]c(n2)Sc3nnc(n3N)C(F)(F)F
dude_aldr__L007719,Cc1ccc(cc1)c2nnc(n2CC(=O)N3CCN(CC3)c4ccccc4F)[S-]
dude_aldr__L007720,CN(Cc1ccc(s1)Cl)S(=O)(=O)c2ccc(cc2)CCC(=O)[O-]
dude_aldr__L007721,CC(C)n1cnnc1SCC(=O)N2CCC[C@@H](C2)C(=O)[O-]
dude_aldr__L007722,CC[C@H](C)[C@H](C(=O)[O-])NC(=O)c1cc(sc1NC(=O)C2CC2)C
dude_aldr__L007723,Cc1ccc(cc1)S(=O)(=O)OC[C@H]2[C@H]([C@@H]([C@@H](O2)n3cnc4c3nc([nH]c4=O)N)O)O
dude_aldr__L007724,c1c(cn2c(n1)c(c(n2)C(=O)[O-])Br)[C@H]3C(=CN=N3)[N+](=O)[O-]
dude_aldr__L007725,CCOc1ccc(cc1)[N-]S(=O)(=O)C2=NN=C(C2)C(=O)N3CCN(CC3)c4ccccc4
dude_aldr__L007726,c1ccc2c(c1)ncc(n2)/C=C\3/C(=O)N=C(S3)[N-]c4cccnc4
dude_aldr__L007727,Cc1nc2cc3c(cc2n1CC[C@@H]4CCCC[NH2+]4)OCCO3
dude_aldr__L007728,c1cc(c(cc1[N-]S(=O)(=O)c2cc(cs2)c3nc(on3)C4CC4)Cl)F
dude_aldr__L007729,CC[C@@]1(CCN(C1)C(=O)N2CCOC[C@H]2C)C(=O)[O-]
dude_aldr__L007730,Cc1c(oc(c1C(=O)N[C@H](C2CCCCC2)C(=O)[O-])C)C
dude_aldr__L007731,C[C@](c1ccc(cc1)Br)(C(=O)[O-])SC2CCOCC2
dude_aldr__L007732,Cn1ccnc1CSc2c(cc(c(n2)N)C#N)C#N
dude_aldr__L007733,Cc1cc(c(n1C[C@H]2CCCO2)C)C(=O)CSc3nc(cs3)CC(=O)[O-]
dude_aldr__L007734,C1[C@H]2CO[P@@](=O)(N[NH+]2C[C@@H]3[C@@H]1C=C(C(=C3)Cl)Br)[O-]
dude_aldr__L007735,C[NH+]1[C@@H]2CCC[C@H]1CC(C2)NC(=O)C3=CC=CC4=NC=N[C@@H]43
dude_aldr__L007736,c1cc(ccc1c2nnc(n2CCCN3CCOCC3)[S-])Cl
dude_aldr__L007737,CC1=C[C@H](N=N1)[C@H]2NN[C@@H](N2/N=C/c3cccc(c3)Br)S
dude_aldr__L007738,Cc1c(c(n(n1)C)Cl)S(=O)(=O)[N-]c2ccc(cc2)C(=O)OC
dude_aldr__L007739,Cc1csc(n1)Sc2c(cc(cn2)C(=O)[O-])Cl
dude_aldr__L007740,Cc1c(c(nn1C2CCCC2)C(F)(F)F)C(=O)[O-]
dude_aldr__L007741,Cc1cc(sc1C(=O)[O-])S(=O)(=O)N2CCC(CC2)C
dude_aldr__L007742,c1ccc(c(c1)SCc2cc(n3c(n2)c(cn3)C#N)[O-])Cl
dude_aldr__L007743,Cc1ccc(cc1N[C@@]2(CCCC[C@H]2C)C(=O)[O-])C#N
dude_aldr__L007744,C1CCCN(CC1)C(=O)N2CCCC[C@@H]2C(=O)[O-]
dude_aldr__L007745,C1C(=C(/C(=N\[O-])/S1(=O)=O)Cl)[N+](=O)[O-]
dude_aldr__L007746,CC1CCN(CC1)c2c(cnc(n2)SC)C(=O)[O-]
dude_aldr__L007747,C[C@H]1CCCN(C1)C(=O)NCc2cccnc2n3cccn3
dude_aldr__L007748,Cc1ccccc1SC/C(=N/S(=O)(=O)c2cnn(c2)C)/[O-]
dude_aldr__L007749,CCSc1nnc(s1)N2[C@@H](C(=C(C2=O)[O-])C(=O)c3ccc(cc3)F)c4ccc(cc4)C
dude_aldr__L007750,Cc1ccc(cc1)NC(=O)NC(=O)[C@H](C)N2CCc3c(cccc3NC(=O)C)C2
dude_aldr__L007751,c1c(cnc2c1[n-]c(n2)[C@@H]3C[C@@H]4CCCC[C@@H]4[NH2+]3)Br
dude_aldr__L007752,Cc1ccc(s1)S(=O)(=O)[N-]c2nc(cs2)c3ccc4c(c3)COC4
dude_aldr__L007753,c1cc(c(nc1)n2cncn2)NC(=O)c3cc4c(s3)CCCCC4
dude_aldr__L007754,CCN(CC)C(=O)c1c(nc(c(c1c2ccco2)C#N)[S-])C
dude_aldr__L007755,Cc1ccc(nc1)NC(=O)[C@@H]2CCCN(C2)C(=O)Nc3ccccc3C
dude_aldr__L007756,c1ccc(cc1)CN2CCO[C@H](C2)CSc3[n-]c4cc(cnc4n3)Cl
dude_aldr__L007757,CN(C)C(=O)C1CCN(CC1)S(=O)(=O)CC(=O)[O-]
dude_aldr__L007758,Cc1ccc2c(c1)cc(c(n2)Cl)/C=N/N3[C@H]([N-]/C(=C\c4ccc(cc4)N(C)C)/C3=O)c5ccccc5
dude_aldr__L007759,Cc1ccc(cc1C)[N-]S(=O)(=O)[C@@H]2CC[C@@H](S2)[C@@H]3C=CN=N3
dude_aldr__L007760,CCN(CC(=O)OC)S(=O)(=O)N1CCC[C@@H](C1)C(=O)[O-]
dude_aldr__L007761,O=c4[nH]c(=O)c(=C/c3ccc2oc(c1ccccc1)cc(=O)c2c3)/s4
dude_aldr__L007762,Cc1ccnc(c1)Nc2c(c(ncn2)Nc3ccc(cc3)OC(F)(F)F)N
dude_aldr__L007763,Cc1cc(c(cc1Br)C)SC/C(=N/S(=O)(=O)C)/[O-]
dude_aldr__L007764,Cc1cc(cc(c1)N2C[C@@H](CC2=O)C(=O)Nc3ccc(cc3)C(=O)[O-])C
dude_aldr__L007765,c1cc(=O)n(cc1Br)CC(=O)N2CCC[C@H](C2)CC(=O)[O-]
dude_aldr__L007766,c1cc(ccc1c2[nH]c3cc(cc(c3n2)Br)NC(=O)C4CCCCC4)NC(=O)C5CCCCC5
dude_aldr__L007767,Cc1cnc(o1)c2cccc(c2)NC(=O)c3ccc4c(c3)NC(=O)CS4
dude_aldr__L007768,CCc1nnc(n1[C@@H](C)C2CC2)SCC(=O)[O-]
dude_aldr__L007769,CCC1(CCN(CC1)C(=O)/C=C/c2c(ccs2)C)C(=O)[O-]
dude_aldr__L007770,Cc1ccc(c(c1)O)C(=O)Nc2c(c(c(s2)C)C)C(=O)[O-]
dude_aldr__L007771,c1ccc2c(c1)[C@H](CCO2)NC(=O)CCn3c(nnc3[S-])c4ccc(cc4)F
dude_aldr__L007772,COc1cc(cc(c1[O-])/C=N/c2c(cc(cn2)Br)Br)[N+](=O)[O-]
dude_aldr__L007773,c1ccc(cc1)n2cc(c(n2)C(=O)NNC(=O)CCc3nccs3)[O-]
dude_aldr__L007774,CC(=O)c1cccc(c1)S(=O)(=O)[N-]c2ccc(c(c2)C(=O)N(C)C)Cl
dude_aldr__L007775,c1ccc(cc1)n2c3c(c(nc(n3)S)[S-])sc2=S
dude_aldr__L007776,Cc1c(CC(O)=O)c3cccc2cccc(c1=O)c23
dude_aldr__L007777,Cc1cccc(c1)N([C@H]2N=C(CS2)CSc3[nH]nc(n3)N)C(=O)C
dude_aldr__L007778,C[C@H]1CCCCN1C(=O)CSc2ncc(n2c3ccc(cc3)F)C(=O)[O-]
dude_aldr__L007779,c1cc(sc1S(=O)(=O)N(CC(=O)[O-])C2CCCC2)Cl
dude_aldr__L007780,CCC(CC)OC(=O)CCC(=O)Oc3ccc2n(C(=O)c1ccc(Cl)cc1)c(C)c(CC(O)=O)c2c3
dude_aldr__L007781,CC1(Oc2ccc(cc2O1)NC(=O)c3cnc(s3)c4cnn(c4)C)C
dude_aldr__L007782,CC(C)(C)c1ccc(cc1)c2cc3nc(cc(n3n2)C4CC4)C(=O)[O-]
dude_aldr__L007783,Cc1ccc(cc1)c2nnc(n2CC(=O)[O-])SCC(=O)c3cc(n(c3C)CCC4=CCCCC4)C
dude_aldr__L007784,Cc1c(cccc1/N=C/c2cc(c(o2)N3CCCC3)Br)C(=O)[O-]
dude_aldr__L007785,Cc1ccc(o1)/C=C\2/C(=O)OC(=N2)c3ccc(cc3)NC(=O)C
dude_aldr__L007786,c1cc(cc(c1)[N-]S(=O)(=O)c2c(cc(cc2F)F)F)CS(=O)(=O)N
dude_aldr__L007787,c1ccc(c(c1)N([C@H](c2ccc3c(c2)OCO3)C(=O)NC4CCCCC4)C(=O)c5cccc(c5O)O)Cl
dude_aldr__L007788,c1cc2cccnc2c(c1)[N-]S(=O)(=O)c3cc(cnc3)F
dude_aldr__L007789,CCCCCCOc1ccc(cc1)[C@@H]2C(=C(C(=O)N2C[C@H]3CCCO3)[O-])C(=O)c4c(nc(s4)C)C
dude_aldr__L007790,c1ccc2c(c1)c3c([nH]2)C4(CCN(CC4)c5ccc(cc5)[N+](=O)[O-])[NH2+]CC3
dude_aldr__L007791,CC[C@H]1CCC2=C3C(=NC(=NC3=O)c4ccc(cc4)C(=O)[O-])S[C@@H]2C1
dude_aldr__L007792,Cc1cc(cc(c1OCc2ccccn2)C)/C=C(/c3nc4ccc(cc4c(n3)[O-])Cl)\Cl
dude_aldr__L007793,CCCS(=O)(=O)N1CCC(CC1)NC(=O)c2cccc3c2[nH]c4c3CCCC4
dude_aldr__L007794,Cc1ccc(cc1)[N-]S(=O)(=O)c2c(sc(c2c3c(c(no3)C)C)C)C
dude_aldr__L007795,C[C@@H]1C[C@H]1c2ccc(o2)CN(C)C(=O)c3ccc(cc3)[N-]S(=O)(=O)c4ccc(cc4)F
dude_aldr__L007796,CC(C)(C)C1CCN(CC1)c2nnc(s2)SCC(=O)[O-]
dude_aldr__L007797,c1cc(c(cc1S(=O)(=O)[N-]c2nc3c(s2)C(=O)CCC3)F)F
dude_aldr__L007798,CC(C)(C)n1c(cc(n1)/C(=N/S(=O)(=O)N2CCCCC2)/[O-])C3CC3
dude_aldr__L007799,Cc1ccc(cc1)N[C@@](C)(c2c(cccc2F)F)C(=O)[O-]
dude_aldr__L007800,C1CCN(CC1)[C@@H]2N=C3C(=NC=NC3=O)N2[C@@H]4[C@H]([C@H]([C@@H](O4)CO)O)O
dude_aldr__L007801,CCC1=Nc2cccc3c2c(c(cc3)C(=O)CC)[N-]1
dude_aldr__L007802,Cc1c(nc(s1)N)c2ccc3c(c2)CCN3C(=O)C
dude_aldr__L007803,c1cc(sc1)c2nc([nH]n2)/N=C(/[C@H]3CC(=O)N(C3)c4cc(cc(c4)F)F)\[O-]
dude_aldr__L007804,c1cc(sc1CN2CC[NH+](CC2)CC(=O)NC(=O)NC3CCCCC3)Cl
dude_aldr__L007805,Cc1cc(nn1C)NC(=O)c2cn(nc2C(=O)Nc3cc(n(n3)C)C)C
dude_aldr__L007806,c1c[nH]c2c1c(ncn2)N3[C@@H]4CC[C@H]3CC(C4)O
dude_aldr__L007807,CCN([C@H](C)CC(=O)[O-])C(=O)c1cc(sc1)Br
dude_aldr__L007808,c1cc(ccc1C#N)c2c(sc(n2)C3CCCC3)N
dude_aldr__L007809,c1cc(cnc1)C[C@H](c2ccc(cc2)Br)C(=O)[O-]
dude_aldr__L007810,C[C@@]12CC[C@H]3[C@@H]([C@@H]1CC[C@@H]2O)CCC4=C/C(=N\OCC(=O)[O-])/CC[C@@]34C
dude_aldr__L007811,CCC(CC)(CC(=O)N(CC)Cc1ccc(s1)Br)C(=O)[O-]
dude_aldr__L007812,Cn1cc(cn1)S(=O)(=O)[N-]c2ccc(cc2)C#CCO
dude_aldr__L007813,Cc2c(S(=O)(=O)c1ccc(=O)[nH]n1)oc3ccc(Cl)cc23
dude_aldr__L007814,Cc1ccc(cc1)c2nnc(n2CC(=O)N(C)CCC(F)(F)F)[S-]
dude_aldr__L007815,Cc1cc(c(c(c1C)S(=O)(=O)N2[C@@H](C(=NC2=S)[O-])C(C)C)C)C
dude_aldr__L007816,Cc1ccc(cc1)[C@H]2C(=C(C(=O)N2CCCn3ccnc3)[O-])C(=O)c4ccc(cc4)Cl
dude_aldr__L007817,CS(=O)(=O)[N-]c1ccc(cc1)C(=O)c2ccc(s2)Cl
dude_aldr__L007818,Cc1c(c(n(n1)c2ccccc2)C)CNC(=O)[C@H]3[C@H]4C[C@@H]([C@@H]3C(=O)[O-])C=C4
dude_aldr__L007819,CCCc1nc(on1)[C@@H]2CCCCN2C(=O)[C@@H]3CC=CC[C@@H]3C(=O)[O-]
dude_aldr__L007820,c1c(cc(cc1F)F)[N-]S(=O)(=O)c2cc(cnc2)F
dude_aldr__L007821,c1ccc(cc1)n2c3c(cn2)c(nc(n3)SCc4ccc(cc4)C#N)[O-]
dude_aldr__L007822,c1ccc(cc1)n2c(nnc2[S-])Cn3c4ccccc4sc3=O
dude_aldr__L007823,CC1CCN(CC1)c2nccc(n2)Br
dude_aldr__L007824,Cc1c(c2ccccc2[nH]1)[C@H](c3ccc4c(c3)OCO4)[C@H](C)[N+](=O)[O-]
dude_aldr__L007825,c1ccc(cc1)n2c(nnc2[S-])c3cccs3
dude_aldr__L007826,CC(C)(CC(=O)N(C)C1CCOCC1)CC(=O)[O-]
dude_aldr__L007827,c1ccc(c(c1)C(=O)N2[C@@H]3CCCC[C@@H]3C[C@@H]2C(=O)[O-])I
dude_aldr__L007828,c1cscc1CN(C2CC2)C(=O)[C@H]3CC=CC[C@@H]3C(=O)[O-]
dude_aldr__L007829,CCc1c(cnn1c2ccccc2)C(=O)Nc3cc4c(nn(c4nc3)C)C
dude_aldr__L007830,c1cc(c(c(c1)C#N)Oc2ccc(cc2)S(=O)(=O)[N-]c3ccc(cc3)Cl)C#N
dude_aldr__L007831,c1ccc(c(c1)/C=N\n2c(nnc2[S-])c3ccncc3)Br
dude_aldr__L007832,C[C@@H](c1ccccc1)Sc2nc3c(cnn3c4ccccc4)c(n2)[O-]
dude_aldr__L007833,c1cc(ccc1C(=O)N2CCc3c2ccc(c3)C(=O)[O-])I
dude_aldr__L007834,CCc1ccc(cc1)c2cn3c4c(sc3n2)CC[C@H]4C(=O)[O-]
dude_aldr__L007835,c1cc(c(c(c1)Cl)/C=C/C(=O)c2ccc(cc2)S(=O)(=O)N3CCCC[C@@H]3C(=O)[O-])Cl
dude_aldr__L007836,Cc1c(c(nc(n1)C2CCCC2)SC)C(=O)[O-]
dude_aldr__L007837,CC(C)N1CCn2cc(cc2C1=O)S(=O)(=O)[N-]c3ccc(cc3Cl)F
dude_aldr__L007838,C1CCN([C@@H](C1)C(=O)[O-])C(=O)CC23CC4CC(C2)CC(C4)C3
dude_aldr__L007839,CCCOc1cc(ccc1[N-]S(=O)(=O)c2c(nn(c2Cl)C)C)C
dude_aldr__L007840,CCCCCCOc1ccc(cc1)[C@@H]2C(=C(C(=O)N2Cc3ccco3)[O-])C(=O)c4c(nc5n4cccc5C)C
dude_aldr__L007841,[H]/N=C\1/[C@@]2([C@H](O[C@@]3(O1)CCCC[C@H]3C2(C#N)C#N)C(C)C)C#N
dude_aldr__L007842,c1ccc(cc1)N\2C(=CS/C2=C(/C#N)\c3[n-]c4ccccc4n3)c5ccc(cc5)Cl
dude_aldr__L007843,CC(C)(C)OC(=O)N1C[C@H](C[C@H]1C(=O)[O-])Oc2ccc(cc2Br)Cc3ccccc3
dude_aldr__L007844,CCn1c(c2ccc(cc2nc1=S)C(=O)N3CCCCC[C@H]3c4cccn4C)[O-]
dude_aldr__L007845,C[C@@H](C/C(=N/S(=O)(=O)CCc1ccccc1)/[O-])NC(=O)C2CCCCC2
dude_aldr__L007846,C[C@]1(CCN(C1)C(=O)C[C@@H]2CCS(=O)(=O)C2)C(=O)[O-]
dude_aldr__L007847,C[C@@H](C(=O)c1ccc(cc1)[N-]S(=O)(=O)C)Sc2nc3c(n2c4ccccc4)CCCC3
dude_aldr__L007848,Cc1ccc(c(c1)N2CCN[C@@H](C2)F)[N-]S(=O)(=O)S(=O)(=O)C(C)C
dude_aldr__L007849,Cc1ccc(cc1C)n2c3c(c(n2)C(=O)[O-])CCC3
dude_aldr__L007850,c1cc(cnc1)N2[C@H](C(=C(C2=O)[O-])C(=O)c3ccc(cc3)Cl)c4ccc(cc4)F
dude_aldr__L007851,CCc1ccc(cc1)[N-]S(=O)(=O)c2cc(cs2)c3nc(on3)C4CC4
dude_aldr__L007852,c1ccc(cc1)c2c(c3ccccc3n2[O-])[C@@H](c4ccccn4)N5CCOCC5
dude_aldr__L007853,c1cc(sc1C(=O)N2[C@H]3CCCC[C@H]3C[C@H]2C(=O)[O-])[N+](=O)[O-]
dude_aldr__L007854,c1nnc(n1C[C@@H]2CCS(=O)(=O)C2)SCC(=O)[O-]
dude_aldr__L007855,C[C@@H]1CCN([C@@H](C1)C)C(=O)c2cccc(c2)/C=C/C(=O)[O-]
dude_aldr__L007856,CS(=O)(=O)[N-]c1ccc(cc1Cl)C(=O)NCCCN2CCc3c2cccc3
dude_aldr__L007857,CC(C)(C(=O)[O-])Oc1c(cc(cc1Br)Cl)[N+](=O)[O-]
dude_aldr__L007858,C[C@H]1CN(CCO1)Cc2nc(c3cnn(c3n2)C)N
dude_aldr__L007859,CS(=O)(=O)c1cccc(c1)S(=O)(=O)[N-]c2cccc(c2)SC(F)F
dude_aldr__L007860,Cc1c(sc(c1/N=N/c2ccc(cc2)S(=O)(=O)[O-])NC(=O)C)C
dude_aldr__L007861,Cc1cc(no1)C(=O)Nc2nc3ccc4c(c3s2)sc(n4)SC
dude_aldr__L007862,Cc1nc([nH]n1)S[C@H](C)C(=O)Nc2cccc(c2)I
dude_aldr__L007863,OC(=O)Cn2c(=O)s\c(=C/c1ccc(O)cc1)c2=O
dude_aldr__L007864,c1cc2cc(ccc2nc1)c3nnc(n3N)[S-]
dude_aldr__L007865,CC[C@H]1CCCN1C(=O)N2[C@H]3CCCC[C@@H]3C[C@@H]2C(=O)[O-]
dude_aldr__L007866,c1ccc2c(c1)CC[C@H](C(=O)N2)Sc3nc4ccccc4c(n3)[O-]
dude_aldr__L007867,COc1cc(ccc1S(=O)(=O)[N-]c2ccc(nc2)n3cccn3)[N+](=O)[O-]
dude_aldr__L007868,CC[C@H](C)[C@@H](C(=O)[O-])NC(=O)N1CCOCC1(C)C
dude_aldr__L007869,c1c2c(nn(c1=O)CC(=O)N3CCC[C@H](C3)C(=O)[O-])CCCC2
dude_aldr__L007870,C1CC1n2c(=O)[nH]nc2S[C@@]3(CCSC3)C(=O)[O-]
dude_aldr__L007871,CC(C)CCCN1C=N[C@H]2[C@H]1C(=O)N=C(N=C2[O-])N3CCN(CC3)C
dude_aldr__L007872,C[C@@H]1Cc2cc(ccc2O1)C(=O)C3=C(C(=O)N([C@H]3c4cccc(c4)[N+](=O)[O-])Cc5cccnc5)[O-]
dude_aldr__L007873,c1c(cncc1S(=O)(=O)N2CCS(=O)CC2)/C=C/C(=O)[O-]
dude_aldr__L007874,CC[NH+](CC)c1ccc(cc1)[N-]C2=Nc3ccccc3N4C2=Nc5c(c(nn5c6ccccc6)C)[C@H]4c7ccc(c(c7)O)O
dude_aldr__L007875,Cc1ccc(cc1F)S(=O)(=O)[N-]c2cccc(c2)C(=O)N[C@@H]3CC(=O)N(C3)C
dude_aldr__L007876,c1cc(nc(c1)C(=O)[O-])C(=O)N2CC[C@H]3CCCC[C@@H]3C2
dude_aldr__L007877,COc1ccc(cc1C(=O)[O-])S(=O)(=O)N2CCCc3c2c(cc(c3)F)F
dude_aldr__L007878,C[C@@H](c1ccccc1[N-]S(=O)(=O)C)NC(=O)c2ccc(cc2)C(F)(F)F
dude_aldr__L007879,C[C@H](CSC(=O)c1ccccc1)C(=O)N2C[C@H](C[C@@H]2C(=O)[O-])Sc3ccccc3
dude_aldr__L007880,COc1ccccc1n2c(nnc2[S-])c3cc(n[nH]3)C4CC4
dude_aldr__L007881,CC(=O)OCC1=C[C@H]([C@@H]2[C@H]1[C@@H](OC=C2)O[C@@H]3[C@@H]([C@@H]([C@@H]([C@@H](O3)CO)O)O)O)O
dude_aldr__L007882,Cc1ccc(cc1C)n2c(cc(c2C)/C=C/3\C(=NC(=O)N(C3=O)C)[O-])C
dude_aldr__L007883,Cc1c2c([nH]n1)OC(=C([C@H]2c3ccc(s3)[N+](=O)[O-])C#N)N
dude_aldr__L007884,C[C@H]1CCc2c(sc(c2C(=O)N3CCOCC3)NC(=O)CCC(=O)[O-])C1
dude_aldr__L007885,CC[C@@]1(CCCN(C1)C(=O)CSc2ccccc2)C(=O)[O-]
dude_aldr__L007886,Cc1c(nc(o1)c2ccccc2)CSc3[n-]c4cnccc4n3
dude_aldr__L007887,Cc1cc(c(n1c2ccc(c(c2)Cl)C(=O)[O-])C)/C=N/c3cccc(c3Cl)Cl
dude_aldr__L007888,C[C@H]1CCCN([C@@H]1C)C(=O)CC2(CCCCC2)C(=O)[O-]
dude_aldr__L007889,Cc1cc(cc(c1O[C@@H](C)C(=O)Oc2ccc(cc2Br)C(=O)[O-])C)Br
dude_aldr__L007890,CCCc1nnc(s1)NC(=O)Cn2c(nnc2[S-])c3ccc(cc3)Cl
dude_aldr__L007891,C[C@H]1CCCCN1C(=O)c2c(c[nH]n2)Br
dude_aldr__L007892,CC(C)n1cc(cc1C(=O)N(CC2CC2)CC(=O)[O-])Br
dude_aldr__L007893,C[C@H]1CN(CC(O1)(C)C)C(=O)NCc2ccc(cc2)c3ccn[nH]3
dude_aldr__L007894,C[C@@H]1C(=C(N=N1)C)S(=O)(=O)[N-]c2ncn(n2)Cc3cccc(c3)F
dude_aldr__L007895,Cc1ccc(cc1)[C@H]2Cc3c(cnc(n3)NC(=O)C4CC4)C(=O)C2
dude_aldr__L007896,c1csc2n1c(c(n2)N3CCO[C@H]4[C@@H]3CCC4)C(=O)[O-]
dude_aldr__L007897,c1ccc(cc1)c2c(sc(n2)/C=C/c3ccc(o3)c4ccccc4Br)C(=O)[O-]
dude_aldr__L007898,Cc1c(c(n(n1)[C@]2(CCCSC2)C(=O)[O-])C)Br
dude_aldr__L007899,CC(C)NC(=O)N(Cc1ccc(cc1)F)CC(=O)Nc2ccc(cc2)N3CCN(CC3)C(=O)NC(C)(C)C
dude_aldr__L007900,Cc1c(c(n(n1)C)C)C(=O)N2CCCc3c2ccc(c3)N
dude_aldr__L007901,c1ccc(c(c1)Oc2ccc(cc2)S(=O)(=O)N3CCC[C@H]3C(=O)[O-])Cl
dude_aldr__L007902,Cc1cnc(o1)c2cccc(c2)[N-]S(=O)(=O)c3cccc(c3)n4cnnn4
dude_aldr__L007903,CC\1=NC2=NC(=NC(=O)[C@H]2[C@@H](/C1=C(/[O-])\OC)c3ccc(cc3)F)SC
dude_aldr__L007904,CCC(CC)c1nnc(s1)/N=C(/c2c(nc(s2)c3ccc(o3)C)C)\[O-]
dude_aldr__L007905,C[C@@H](C/C(=N/S(=O)(=O)c1ccc(s1)Cl)/[O-])NC(=O)C2CCCC2
dude_aldr__L007906,Cc1c(c([nH]c1C(=O)N2CCC2)C)C(=O)C
dude_aldr__L007907,CCOc1ccc(cc1)c2nc(c3c(n2)Oc4ccccc4C3)[O-]
dude_aldr__L007908,c1ccc(c(c1)NC(=O)NC[C@@H](C2CC2)NC(=O)Nc3ccccc3F)F
dude_aldr__L007909,c1csc(c1C(=O)NC2CCCC2)NC(=O)[C@H]3[C@H]4CC[C@@H]([C@H]3C(=O)[O-])C=C4
dude_aldr__L007910,c1cc(c(cc1C(F)(F)F)n2c(nnc2[S-])c3ccn[nH]3)Cl
dude_aldr__L007911,CC1=CC(=O)C[C@@]([C@]1(/C=C/[C@H](C)O[C@H]2[C@@H]([C@H]([C@@H]([C@H](O2)CO)O)O)O)O)(C)CO
dude_aldr__L007912,CC(C)S(=O)(=O)[C@H]1NN[C@H](O1)[C@H](Cc2ccccc2)NS(=O)(=O)c3ccc4c(c3)oc(n4)[O-]
dude_aldr__L007913,CCn1c(c(c(=O)[nH]c1=O)N2CCCC[C@@H]2CO)N
dude_aldr__L007914,Cc1c(c(n(n1)C)C)S(=O)(=O)/N=C(/CSCC#N)\[O-]
dude_aldr__L007915,Cc1ccc(cc1)S(=O)(=O)[N-]c2nc(c(s2)C(=O)OC)C
dude_aldr__L007916,Cc1ccc(cc1F)N2C[C@@H](CC2=O)c3nc(on3)c4c5ccccc5[nH]n4
dude_aldr__L007917,CCOC(=O)c1c(csc1NC(=O)C[C@]2(CCSC2)C(=O)[O-])C3CC3
dude_aldr__L007918,CC(C)n1c(ccc1C(=O)[O-])c2ccc3c(c2)nccn3
dude_aldr__L007919,CCCCN([C@H]1CCS(=O)(=O)C1)C(=O)CC(=O)[O-]
dude_aldr__L007920,c1cc(sc1C(=O)[O-])S(=O)(=O)/N=c\2/[nH]c(cs2)C3CC3
dude_aldr__L007921,Cc1cc(ccc1NC(=O)N[C@H](C)c2cccc(c2)N3CCCC3=O)C(=O)NC
dude_aldr__L007922,Cc1cc(c(cc1S(=O)(=O)[N-]c2cc(nn2CCC#N)C)C)OC
dude_aldr__L007923,C[C@@H](CC(C)C)NC(=O)N1CCc2c(ccs2)[C@@H]1C(=O)[O-]
dude_aldr__L007924,C[C@H](CC[C@@H]1CCCO1)NC(=O)c2ccc(c(c2)[N-]S(=O)(=O)C)Cl
dude_aldr__L007925,c1ccc(c(c1)n2c(nnc2[S-])[C@H]3C=C(N=N3)c4ccco4)Cl
dude_aldr__L007926,C[C@H]1C[C@H](CC(C1)(C)C)C/C(=N/S(=O)(=O)c2cccnc2)/[O-]
dude_aldr__L007927,Cc1ccc(s1)[C@@H](C)N(C)C(=O)[C@H]2CC=CC[C@@H]2C(=O)[O-]
dude_aldr__L007928,Cc1ccc(cc1)[C@H]2C3=C(CCCC3=NC(=C2C(=O)OC[C@H]4CCCO4)C)[O-]
dude_aldr__L007929,c1cn2c(n1)CN(CC2)S(=O)(=O)N3CCC[C@@H](C3)C(=O)[O-]
dude_aldr__L007930,c1ccc2c(c1)nc3n2CCN3C(=O)/C(=C/c4ccc(cc4)C(=O)[O-])/C#N
dude_aldr__L007931,C[C@@H]1COC[C@H](N1c2ccc(cc2)[N-]S(=O)(=O)c3cccs3)C
dude_aldr__L007932,Cc1ccc(cc1)[C@@H]2C(=C(N=C3C2=C(CCC3)[O-])SCc4ccccc4Cl)C#N
dude_aldr__L007933,CC[C@H]1CCCC[C@H]1Oc2ccc(cc2Cl)/C(=N/O)/N
dude_aldr__L007934,Cc1c(sc(c1C(=O)[O-])NC(=O)N2C[C@@H](C[C@H](C2)C)C)C
dude_aldr__L007935,c1cc(oc1)/C(=C(/C#N)\C(=O)c2cnc(s2)c3cccs3)/[O-]
dude_aldr__L007936,c1c/c(=N/S(=O)(=O)c2cc(cnc2)Br)/[nH]cc1C(=O)[O-]
dude_aldr__L007937,C1c2c([nH]nc2[O-])[C@@H]3Cc4c(c([nH]n4)O)[C@H]1C3
dude_aldr__L007938,Cn1c(nnc1[S-])c2ccc(c(c2)F)Br
dude_aldr__L007939,Cc1c(cccc1[N+](=O)[O-])/C(=N/S(=O)(=O)c2ccc(s2)Cl)/[O-]
dude_aldr__L007940,c1cc(ccc1SCC(=O)N(CC(=O)[O-])C2CC2)Br
dude_aldr__L007941,c1cnc(cn1)C(=O)N2CCC[C@@H](C2)C(=O)[O-]
dude_aldr__L007942,C[C@]12CC[C@H](C[C@@H]1CC[C@@H]3[C@@H]2C(=O)C[C@@]4([C@@H]3CC[C@@H]4C(=O)[O-])C)O
dude_aldr__L007943,Cc1cc(c(c(=O)o1)C(=O)/C=C/c2c(nn(c2Cl)c3ccccc3)C)[O-]
dude_aldr__L007944,Cc1ccccc1[N-]S(=O)(=O)c2cnc(nc2)Cl
dude_aldr__L007945,C[C@@H](c1cccs1)NC(=O)Nc2ccc(cc2C(=O)[O-])Cl
dude_aldr__L007946,CC[C@H](C)N1C(=O)/C(=C\NNc2nc3c(n2C)c(=O)n(c(=O)n3C)C)/C(=NC1=S)[O-]
dude_aldr__L007947,C[C@@H]1CC[C@@H]([C@@H](C1)N2CCO[C@@H]3[C@@H]2CCCC3)C#N
dude_aldr__L007948,CS(=O)(=O)[N-]c1ccc(cc1C(=O)N2CCc3c2cccc3)Cl
dude_aldr__L007949,Cc1ccc(cc1[N-]S(=O)(=O)C)C(=O)Nc2cccc(c2)[C@@H](C)SC
dude_aldr__L007950,C[C@@](c1ccc(cc1)Cl)(C(=O)[O-])Nc2cccc(c2F)F
dude_aldr__L007951,Cc1ccc(cc1[N-]S(=O)(=O)C)C(=O)N2CCC[C@H]2CC3CCCCC3
dude_aldr__L007952,Cn1cc(c2c1cccc2)/C=C\3/C(=O)N=C(S3)[N-]c4cccc(c4)O
dude_aldr__L007953,c1cc(ccc1c2[nH]c3c(c4c(s3)CS(=O)(=O)CC4)c(=O)n2)O
dude_aldr__L007954,C[C@@]1(CC1(Cl)Cl)/C(=C(/C#N)\C(=O)N2CCOCC2)/[O-]
dude_aldr__L007955,Cc1ccc(cc1)c2nnc(n2CC(=O)N(C)Cc3cc(ccc3OC)C)[S-]
dude_aldr__L007956,C1CCN(C1)[C@@H]2N=C3C(=NC=NC3=O)N2[C@@H]4[C@@H]([C@@H]([C@@H](O4)CO)O)O
dude_aldr__L007957,c1ccc(cc1)[C@@H]2[C@@H]3CC=C[C@H]3c4c(ccc(c4N2)C(=O)[O-])[N+](=O)[O-]
dude_aldr__L007958,Cc1c([nH]c2c1cc(cc2)CNC(=O)C(=O)Nc3ccc(cc3)N(C)C(=O)C)C
dude_aldr__L007959,c1cc2c(cc1[C@@H](C(C(F)(F)F)(F)F)O)oc(n2)[O-]
dude_aldr__L007960,CCN(CC(=C)C)C(=O)CN1CCO[C@@H](C1)C(=O)[O-]
dude_aldr__L007961,Cc1c(sc(n1)[N-]S(=O)(=O)c2ccc(c(c2)Cl)Cl)C(=O)N(C)C
dude_aldr__L007962,Cc1cccc(c1n2cnc3c(c2=S)c(nc(n3)N4CCc5ccccc5C4)[O-])C
dude_aldr__L007963,c1ccc(cc1)C2=NN3[C@@H](NN[C@@H]3SC2)[C@@H]4C=C(N=N4)c5ccccc5
dude_aldr__L007964,c1ccc(cc1)C(=C2[C@@H]3C=C[C@H]2[C@H]4[C@@H]3C(=O)N(C4=O)c5cccc(c5)C(=O)[O-])c6ccccc6
dude_aldr__L007965,Cc1ccccc1NC(=O)N2CCC3(CC2)N(CCS3)C(=O)C(C)C
dude_aldr__L007966,C1CN(CCC1C(=O)N)C(=O)C2(CCOCC2)C#N
dude_aldr__L007967,c1cc(cnc1)[C@H]2[C@@H](CO[C@@H](O2)c3ccc(cc3)C(F)(F)F)C/C=C\CCC(=O)[O-]
dude_aldr__L007968,CCCNC(=O)/C(=C(/C)\C(=O)[O-])/C
dude_aldr__L007969,CC(C)C1=CC2=CC[C@H]3[C@@]([C@H]2CC1=O)(CCC[C@@]3(C)C(=O)[O-])C
dude_aldr__L007970,COC(=O)c1c2c(sc1[N-]S(=O)(=O)c3ccccc3)CCC2
dude_aldr__L007971,c1c(cc(cc1C(F)(F)F)C(F)(F)F)/C=C/C(=O)[O-]
dude_aldr__L007972,Cc1cccc(c1NC(=O)C2CCN(CC2)C(=O)c3ccc(cc3)Cl)C(=O)[O-]
dude_aldr__L007973,Cc1c(sc(n1)Cl)S(=O)(=O)[N-]c2cccc3c2nccc3
dude_aldr__L007974,C[C@@H](Cc1ccc(cc1)Br)NS(=O)(=O)c2ccc(=O)[nH]c2
dude_aldr__L007975,Cc1ccc(cc1)c2cnoc2[N-]S(=O)(=O)c3cc(ccc3OC)C
dude_aldr__L007976,c1cc2c(cc1[C@@H](c3ccc(o3)[N+](=O)[O-])Cl)CC(=O)N2
dude_aldr__L007977,C=CCn1c(nnc1[S-])c2ccccn2
dude_aldr__L007978,C[C@@H]1C(=C(N=N1)C)S(=O)(=O)N[C@@H]2[C@@H](C=NN2C)C(=O)[O-]
dude_aldr__L007979,C[C@@H]1C[C@@H](CN(C1)C(=O)[C@@H](C)Sc2[n-]c3cc(cnc3n2)Cl)C
dude_aldr__L007980,CCC1CCN(CC1)C(=O)N(CC)CCC(=O)[O-]
dude_aldr__L007981,C[C@@H]1CCc2c(sc(n2)NC(=O)[C@@H]3C[C@@H]3[N+](=O)[O-])C1
dude_aldr__L007982,C[C@]1(CCCN(C1)S(=O)(=O)c2cc(cnc2)Br)C(=O)[O-]
dude_aldr__L007983,Cc1c2c(ncnc2sc1C(=O)NC(C)C)N3CCCCCC3
dude_aldr__L007984,Cc1cnn(c1)c2ccc(cc2)/C(=C(\C#N)/C(=O)NC3CCCC3)/[O-]
dude_aldr__L007985,CCn1c(=O)c2c3c(sc2n4c1nnc4[S-])CCCC3
dude_aldr__L007986,Cc1ccc(cc1)CSC2=NC(=O)[C@@H]3[C@@H](C4=C(CCCC4=NC3=N2)[O-])c5ccncc5
dude_aldr__L007987,c1c(c(sc1Cl)Cl)/C(=C(/C#N)\C(=O)N2CCOCC2)/[O-]
dude_aldr__L007988,c1cc(cnc1)c2nnc(s2)/N=C(/c3ccc(cc3[N+](=O)[O-])[N+](=O)[O-])\[O-]
dude_aldr__L007989,Cn1c2cc(c(cc2n(c1=O)C)Sc3ccc(cc3)F)[N-]S(=O)(=O)c4ccc(c(c4)F)F
dude_aldr__L007990,C1CCC(CC1)NC(=O)NC2(CCCCC2)C(=O)N3CCOCC3
dude_aldr__L007991,c1ccc(cc1)C2(CCN(CC2)C(=O)c3ccc(cc3)OC(F)F)C(=O)[O-]
dude_aldr__L007992,Cc1c(c(n(n1)C)Cl)S(=O)(=O)[N-]c2ccc(c(c2)Cl)Cl
dude_aldr__L007993,c1[nH]c2c(n1)c(ncn2)NC3(CCCCCC3)C(=O)[O-]
dude_aldr__L007994,c1cc(ccc1N2CCCC2=O)OC3(CCCC3)C(=O)[O-]
dude_aldr__L007995,c1cc2c(cc1Br)cc(o2)c3csc(n3)c4nc[nH]n4
dude_aldr__L007996,COC(=O)c1ccc(cc1)[N-]S(=O)(=O)c2cnc(s2)Cl
dude_aldr__L007997,C[C@H](C1CCCCC1)N2C[C@@H](CCC2=O)C(=O)[O-]
dude_aldr__L007998,c1cc(ccc1[C@@H]2[C@H]3CCC[C@@H]3NC2=O)C(=O)[O-]
dude_aldr__L007999,CCCC1(CCN(CC1)S(=O)(=O)c2cn(cn2)C)C(=O)[O-]
dude_aldr__L008000,c1cc(c(c(c1)[N+](=O)[O-])[O-])/C=N/c2cc(cc(c2)Cl)Cl
dude_aldr__L008001,c1cc(cc(c1)O)[C@@H]2C(=C(C(=O)N2c3nccs3)[O-])C(=O)c4ccncc4
dude_aldr__L008002,Cc1c2cc(sc2n(n1)c3ccccc3)C(=O)N4C[C@@H](Oc5c4cccc5)C(=O)[O-]
dude_aldr__L008003,CC[C@@]1(CCN(C1)C(=O)C=C(C)C)C(=O)[O-]
dude_aldr__L008004,c1cc(c(cc1[N+](=O)[O-])C(=O)NC2CCC(CC2)O)I
dude_aldr__L008005,C[C@H]1Cc2ccccc2N1C(=O)[C@H](C)Sc3[n-]c(nn3)c4cccs4
dude_aldr__L008006,C[C@@H](CC(C)C)NC(=O)N1CCc2c(ccs2)[C@H]1C(=O)[O-]
dude_aldr__L008007,C[C@H](c1ccc(c(c1)Cl)F)NC(=O)/C=C\c2ccc(cc2)[N-]S(=O)(=O)C
dude_aldr__L008008,Cc1c(c(n2c(n1)nc(n2)SCC(=O)N3CCC[C@H](C3)C)C)CCC(=O)[O-]
dude_aldr__L008009,Cc1ccc(cc1C)[N-]S(=O)(=O)c2cn(c3c2cccn3)CC(C)C
dude_aldr__L008010,CC(C)CN(CC(=O)N)c1c(cc(cn1)Br)C(=O)[O-]
dude_aldr__L008011,c1ccc(cc1)S(=O)(=O)/N=C(/c2cnc(s2)c3cccs3)\[O-]
dude_aldr__L008012,CCn1c2ccccc2c3c1ccc(c3)/C=N\n4c(nnc4[S-])c5ccc(cc5)Cl
dude_aldr__L008013,CC[C@@H](/C(=N/S(=O)(=O)c1cccc2c1ncc(c2)C)/[O-])OCC
dude_aldr__L008014,CC(C)CCOc1ccc(cc1)[C@H]2[C@@H](C(=O)C[C@@]([C@@H]2C(=O)Nc3ccccc3)(C)O)C(=O)Nc4ccccc4
dude_aldr__L008015,Cc1ccc(c2c1cn[nH]2)NC(=O)c3ccc(s3)C
dude_aldr__L008016,C[C@@H](c1ccccc1)NC(=O)[C@@H](C)Sc2[n-]c3cc(cnc3n2)Cl
dude_aldr__L008017,CS(=O)(=O)c1ccc(cc1)S(=O)(=O)[N-]c2ccc(cc2)Oc3ccccc3Cl
dude_aldr__L008018,C[C@H]1CCC[C@H]([C@@H]1C)N2C(=O)C3=C(C2=O)CCCC3
dude_aldr__L008019,c1cc(ccc1n2c(c3c(ccs3)nc2=S)[O-])Br
dude_aldr__L008020,C1CCCC(CC1)(C(=S)N)C(=O)N2CCCCCC2
dude_aldr__L008021,C[C@H]1COCCN1C(=O)c2cccc(c2)[N-]S(=O)(=O)c3ccc(cc3)Cl
dude_aldr__L008022,Cc1ccc(cc1)S(=O)(=O)[N-]c2c(non2)c3ccccc3
dude_aldr__L008023,C[C@H](C(=O)Nc1ccc(cc1)Br)OC(=O)c2c(c(c(c(n2)Cl)Cl)N)Cl
dude_aldr__L008024,CCC[C@@H](C)N(C)C(=O)c1ccc(c(c1)[N-]S(=O)(=O)C)Cl
dude_aldr__L008025,CCCS(=O)(=O)[N-]c1ccc2c(c1)OCCN2S(=O)(=O)C
dude_aldr__L008026,C1CS(=O)(=O)C[C@H]1S(=O)(=O)N2CCC(CC2)C(=O)[O-]
dude_aldr__L008027,CC(=O)c1c(nc(s1)[N-]S(=O)(=O)c2ccccc2)c3ccccc3
dude_aldr__L008028,Cc1c(c(on1)C)S(=O)(=O)N2CCC[C@@H](C2)CCC(=O)[O-]
dude_aldr__L008029,CN(Cc1nnc2n1CCC2)C(=O)N[C@@H]3CCc4c3cccc4
dude_aldr__L008030,C[C@]1(CC[C@H](C1(C)C)C(=O)N2CCCCC2)C(=O)[O-]
dude_aldr__L008031,CC[C@H](C(=O)[O-])S(=O)(=O)CC(=O)N1CCCCC1
dude_aldr__L008032,C[C@]1(CCCN(C1)C(=O)N2CCS(=O)(=O)CC2)C(=O)[O-]
dude_aldr__L008033,C1CCc2c(c(n[nH]2)C(=O)N[C@@H]3CCS(=O)(=O)C3)C1
dude_aldr__L008034,CC[C@H](C)[C@@H](C(=O)[O-])NC(=O)N1C[C@H]2C[C@@H](C1)c3cccc(=O)n3C2
dude_aldr__L008035,C[C@@H]1CCC[C@@](C1)(C(=O)[O-])Nc2cccc3c2CCCC3
dude_aldr__L008036,CC1=C(N=N[C@H]1c2ccc(s2)S(=O)(=O)[N-]c3nccs3)C
dude_aldr__L008037,CCOc1ccc(c(n1)/C(=N/S(=O)(=O)c2cccnc2)/[O-])Cl
dude_aldr__L008038,c1cc(ccc1/N=C\c2cc(ccc2[O-])[N+](=O)[O-])I
dude_aldr__L008039,c1c(cc(c(c1C(=O)[O-])Cl)S(=O)(=O)[C@H]2CCS(=O)(=O)C2)Cl
dude_aldr__L008040,c1cc(ncc1C#N)[N-]S(=O)(=O)c2c(ccs2)Br
dude_aldr__L008041,COc1ccc(cc1[N-]S(=O)(=O)c2cc(cs2)c3nnc(o3)C(=O)N4CCCC4)Cl
dude_aldr__L008042,Cc1ccc(cc1)S(=O)(=O)[N-]c2ccc(c(c2)[N+](=O)[O-])Cl
dude_aldr__L008043,C1C[C@H]2C[C@@H]1C[C@@H]2N3[C@@H]4CS(=O)(=O)C[C@@H]4NC3=S
dude_aldr__L008044,c1csc(c1C(=O)[O-])NC(=O)N2CC[C@H]3CCCC[C@@H]3C2
dude_aldr__L008045,CO[C@H]1CCC[C@@H]1NS(=O)(=O)c2cc(sc2Br)C(=O)[O-]
dude_aldr__L008046,C[C@@H](CC(=O)N1[C@@H](CS[C@@H]1C(C)(C)C)C(=O)[O-])CC(C)(C)C
dude_aldr__L008047,c1ccc(cc1)C2=CP(=O)(C=C(S2)c3ccccc3)N[C@H](CO)[C@H](c4ccc(cc4)[N+](=O)[O-])O
dude_aldr__L008048,Cc1cccc(c1)c2nnc(n2CC(=O)N[C@@H](C)c3cccc(c3)Cl)[S-]
dude_aldr__L008049,Cc1ccc(c(c1)[N+](=O)[O-])SC(C)(C)[C@@H]2OC[C@H]([C@@H](O2)c3cccnc3)C/C=C\CCC(=O)[O-]
dude_aldr__L008050,CC(C)(C)OC(=O)N[C@H](Cc1c(cc(c(c1F)F)C(F)(F)F)F)C(=O)[O-]
dude_aldr__L008051,C1C=C([C@@]2(C[C@]1(CN(C2)CC(=O)[O-])[N+](=O)[O-])[N+](=O)[O-])Br
dude_aldr__L008052,Cc1cc([nH]n1)c2nnc3n2nc(s3)C4CCCCC4
dude_aldr__L008053,CC[C@@H](C(=O)[O-])Sc1c2c(ncn1)S[C@H]3[C@@H]2CC[C@@H](C3)C
dude_aldr__L008054,CCC1CCN(CC1)C(=O)N[C@H](C)C(=O)[O-]
dude_aldr__L008055,Cc1cc(ccc1Br)c2ccc(o2)/C=C/3\C(=NC(=O)N(C3=O)C)[O-]
dude_aldr__L008056,Cc1ccc(cc1)C(=O)N[C@H](c2nnc(o2)c3cc(n[nH]3)c4ccc(cc4O)C)P(=O)([O-])[O-]
dude_aldr__L008057,c1ccc2c(c1)c3c([nH]2)CN(CC3)C(=O)[C@@H]4CCCC[C@H]4C(=O)NCc5cccnc5
dude_aldr__L008058,Cc1c(snn1)C(=O)N2[C@H]3CCCC[C@H]3C[C@@H]2C(=O)[O-]
dude_aldr__L008059,CC[C@]1(CCCN(C1)C(=O)c2cccc(c2)C#N)C(=O)[O-]
dude_aldr__L008060,CSc1ccc(cc1)[C@H]2C[C@@H](Nc3n2nnn3)c4ccccc4
dude_aldr__L008061,CCCOc1ccc(cc1)[C@@H]2C(=C(C(=O)N2CCN3CCOCC3)[O-])C(=O)c4ccc(c(c4)C)OCC(C)C
dude_aldr__L008062,CC[C@@H]1CCCCN1C(=O)CN2C(=O)[C@@]3(CCCC[C@H]3C)NC2=O
dude_aldr__L008063,Cc1ccc(cc1)SCCC(=O)N2CC[C@](C2)(C)C(=O)[O-]
dude_aldr__L008064,CCS(=O)(=O)[N-]c1ccc(c(c1)C)S(=O)(=O)N(C2CC2)[C@H](C)C(C)C
dude_aldr__L008065,CC(C)c1nnc(s1)/N=C(/C(=C/c2ccc(o2)c3ccc(cc3)F)/C#N)\[O-]
dude_aldr__L008066,Cc1cccc(c1)[N-]S(=O)(=O)c2cccc3c2nsn3
dude_aldr__L008067,CCN(Cc1ccc(s1)Cl)C(=O)C[C@@](C)(C(C)C)C(=O)[O-]
dude_aldr__L008068,c1cc(c(cc1Oc2[nH]c(=S)nc(n2)[S-])Cl)Cl
dude_aldr__L008069,CC(C)(C)[C@H]1CCc2c(c(c3ccccc3n2)C(=O)N4CCO[C@@H](C4)C(=O)N)C1
dude_aldr__L008070,CCCCOc1cccc(c1)C(=O)C2=C(C(=O)N([C@H]2c3c(cccc3Cl)Cl)CC=C)[O-]
dude_aldr__L008071,CC(C)CNC(=O)[C@H]1CCCC[C@@H]1C(=O)N[C@@H](C(C)C)C(=O)[O-]
dude_aldr__L008072,CSCC[C@@H](C(=O)[O-])NC(=O)CCCc1ccc(s1)Br
dude_aldr__L008073,Cc1c2c(c3c4c(c(ncn4)NCc5ccco5)oc3n1)CC(OC2)(C)C
dude_aldr__L008074,COc1ccc(cc1[N-]S(=O)(=O)c2ccc(c(c2)Cl)OC(F)F)C#N
dude_aldr__L008075,c1ccc(c(c1)/C(=N/S(=O)(=O)C2CCCCC2)/[O-])I
dude_aldr__L008076,Cc1cc(c(cc1S(=O)(=O)N[C@H](C)c2cccc(c2)S(=O)(=O)N)C)OC
dude_aldr__L008077,c1cc(cc(c1)I)[N-]S(=O)(=O)c2cc(cnc2)Br
dude_aldr__L008078,COc1ccccc1S(=O)(=O)[N-]c2ccc(c(c2)Cl)n3cccn3
dude_aldr__L008079,CCCCN1[C@@H](C(=C(C1=O)[O-])C(=O)c2cc3cccc(c3o2)OC)c4ccc(c(c4)OCC)OCCC
dude_aldr__L008080,CC(C)CCOc1ccc(cc1)C(=O)N[C@H](Cc2ccc(cc2)O)C(=O)[O-]
dude_aldr__L008081,C[C@@H]1[C@@H]2C[C@H](C1(C)C)[C@H](C2=O)S(=O)(=O)[O-]
dude_aldr__L008082,c1ccc(c(c1)Sc2ccc(c(c2)C(=O)[O-])[N+](=O)[O-])Br
dude_aldr__L008083,Cc1ccc(cc1)C(=O)N/C(=C\c2ccccc2F)/C(=O)N[C@@H]3CCS(=O)(=O)C3
dude_aldr__L008084,Cc1ccc(cc1)S(=O)(=O)/N=C(/N(Cc2ccccc2F)C[C@H]3CCCO3)\[O-]
dude_aldr__L008085,c1ccc(cc1)n2c(nnn2)SCc3cc(n4c(n3)c(cn4)C#N)[O-]
dude_aldr__L008086,c1cc(sc1)[C@@H]2Cc3c(cnc4c3c(=O)[nH]c(n4)N)C(=O)C2
dude_aldr__L008087,c1cc2c(c(c1)N)CN(C2)c3ccc4c(c3)OCCO4
dude_aldr__L008088,C1CCC(CC1)c2nnc(o2)SCC(=O)N3CCCC[C@H]3C(=O)[O-]
dude_aldr__L008089,c1ccn2c(c1)nc(c2S(=O)(=O)NC3(CCC3)C#N)Cl
dude_aldr__L008090,Cc1c(c(n(n1)C)Cl)S(=O)(=O)/N=C(/CSC(F)(F)F)\[O-]
dude_aldr__L008091,CC[C@]1(CCN(C1)C(=O)N2CCOC[C@H]2C)C(=O)[O-]
dude_aldr__L008092,CCCCOc1ccc(cc1OCC)[C@@H]2C(=C(C(=O)N2Cc3ccco3)[O-])C(=O)c4ccc(cc4)OCC
dude_aldr__L008093,CCCCc1ccc(cc1)C(=O)N2[C@H](CS[C@H]2c3ccco3)C(=O)[O-]
dude_aldr__L008094,CCCCCCn1c2ccccc2nc1SCC(=O)N3CCCC[C@@H]3C(=O)[O-]
dude_aldr__L008095,C[C@H]1CN(C[C@@H](O1)C)/C(=C(\C#N)/C(=O)[C@@H]2CCC=CC2)/[O-]
dude_aldr__L008096,Cc1nnc(n1N)SCC(=O)N2CCCC[C@@H]2C
dude_aldr__L008097,Cc1ccccc1NC(=O)[C@@H](C)Sc2nnc(n2C[C@@H]3CCCO3)[O-]
dude_aldr__L008098,Cc1c(cco1)CN(C)C(=O)c2ccc(s2)C(=O)[O-]
dude_aldr__L008099,Cc1csc(n1)n2c(c(nn2)C(=O)Nc3ccc(cc3)C(C)C)C
dude_aldr__L008100,C[C@@H]1CCc2c(sc(n2)N/N=C/c3ccc(cc3)C(=O)[O-])C1
dude_aldr__L008101,Cc1ccc(c(c1)S(=O)(=O)[N-]c2cccc(c2)C(=O)OC)F
dude_aldr__L008102,c1cc(oc1)/C=N\n2c(nnc2[S-])c3ccco3
dude_aldr__L008103,C[C@H]1CCc2c(cc(s2)C(=O)N3CCO[C@@H](C3)C(=O)[O-])C1
dude_aldr__L008104,c1ccc2c(c1)/C(=C/3\C(=NC(=S)S3)[O-])/OC2=O
dude_aldr__L008105,CCc1ccc(cc1)[N-]S(=O)(=O)c2c(sc(c2[C@H]3C(=C(N=N3)C)C)C)C
dude_aldr__L008106,C[C@@H]1CCC[C@@H](C1)c2ncc3c(n2)CC(CC3=O)(C)C
dude_aldr__L008107,CC1(CCCN1C(=O)c2ccc(cn2)/C=C/C(=O)[O-])C
dude_aldr__L008108,CCSc1nc2ccc(cc2s1)[N-]S(=O)(=O)C3=C(N=N[C@H]3C)C
dude_aldr__L008109,CC1CCC(CC1)Nc2ccc(c(c2)C(=O)[O-])F
dude_aldr__L008110,CCN(C[C@H]1CC=C(S1)Cl)C(=O)c2ccc(cc2)c3[n-]nnn3
dude_aldr__L008111,Cn1cc(cc1C(=O)Nc2ccc(c(c2)Cl)C(=O)[O-])Br
dude_aldr__L008112,CO[C@@H]1CNN=C1
dude_aldr__L008113,c1cc(ccc1Sc2ccc(cc2C(=O)[O-])N)Cl
dude_aldr__L008114,Cc1ccc(cc1)S(=O)(=O)c2c(c(sc2Nc3c(cccc3C)C)C(=O)c4ccc5c(c4)OCO5)N
dude_aldr__L008115,CS(=O)(=O)c1ccc(cc1)O[C@H]2CCC[C@@H]2C(=O)[O-]
dude_aldr__L008116,CC(=O)N1CCC(CC1)NC(=O)N[C@H]2CCS(=O)(=O)C2
dude_aldr__L008117,c1c(cc(=O)[nH]c1[O-])C(=O)NC2CCC(CC2)O
dude_aldr__L008118,c1cc(cc(c1)F)[C@H]2C(=C(C(=O)N2CCCN3CCOCC3)[O-])C(=O)c4cccs4
dude_aldr__L008119,c1ccc(c(c1)[N-]S(=O)(=O)c2ccc(s2)[N+](=O)[O-])SC(F)F
dude_aldr__L008120,Cc1cc(cc(c1)[C@@H]2C(=C(NC(=N2)[S-])C(=O)OC)C(=O)c3ccncc3)C
dude_aldr__L008121,Cc1c(sc(n1)C)c2cc(n3c(n2)c(c(n3)COC)c4ccc(cc4)OC)[O-]
dude_aldr__L008122,C[C@]1(CCCN(C1)C(=O)CCn2cccn2)C(=O)[O-]
dude_aldr__L008123,CCN(CCC(=O)[O-])C(=O)N(C)[C@@H](C)C(C)C
dude_aldr__L008124,Cc1cccc(c1)N2CCN(CC2)C(=O)C(=O)Nc3ccc(c(c3)C(=O)N)C
dude_aldr__L008125,Cc1cccc(c1/N=C\2/[C@]3(CCOC(C3)(C)C)N(C(=N2)[S-])c4cccc(c4)OC)C
dude_aldr__L008126,Cc1cc(cc(c1)N2C(=O)/C(=C/c3cc(n(c3C)C)C)/C(=O)N=C2[O-])C
dude_aldr__L008127,Cc1c(cc(o1)C(=O)[O-])S(=O)(=O)NC2CCCCCCC2
dude_aldr__L008128,CCOC1CCN(CC1)c2ncc(s2)C(=O)[O-]
dude_aldr__L008129,Cc1cccc(c1)c2nnc(n2CC(=O)N(C)Cc3c(ccs3)C)[S-]
dude_aldr__L008130,CC1=C(C(=N[C@@H]1C(=O)[O-])C)C(=O)/C=C/c2ccc(o2)c3ccccc3Br
dude_aldr__L008131,Cc1cc(n(n1)C)NS(=O)(=O)N2CCC[C@@H](C2)C(=O)[O-]
dude_aldr__L008132,COc1ccc(cc1N2CCCC2=O)S(=O)(=O)[N-]c3ccccc3Br
dude_aldr__L008133,C[C@]1(CCCN(C1)c2c(cc(cn2)Br)[N+](=O)[O-])C(=O)[O-]
dude_aldr__L008134,C[C@@]12CC[C@@H]3[C@@H]([C@@H]1CC[C@@H]2C(=O)OC)CC=C4[C@@]3(CC[C@@H](C4)OC(=O)CCC(=O)[O-])C
dude_aldr__L008135,Cc1cc(sc1C)C(=O)N2CCC[C@](C2)(C)C(=O)[O-]
dude_aldr__L008136,Cc1c(nnn1c2cccc(c2)Br)C(=O)Nc3[n-]c(c(n3)C#N)C#N
dude_aldr__L008137,Cc1ccc(cc1)[N-]S(=O)(=O)c2cc(cs2)C(=O)N3CCCC3
dude_aldr__L008138,CC[C@H](/C(=N/S(=O)(=O)c1c(nn(c1Cl)C)C)/[O-])OCC
dude_aldr__L008139,c1cc(c(c(c1)Cl)c2c(n[nH]c2N)[C@H]3CCCOC3)Cl
dude_aldr__L008140,C[C@H]1CCCC[NH+]1CC(=O)N[C@]2(CCS(=O)(=O)C2)C
dude_aldr__L008141,c1cc2c(cc[nH]2)cc1NC(=O)[C@H]3CCCC[C@H]3C(=O)[O-]
dude_aldr__L008142,CC(C)(C)[C@H](C(=O)[O-])N1C(=O)c2c(c(c(c(c2Cl)Cl)Cl)Cl)C1=O
dude_aldr__L008143,Cn1cnnc1Sc2cc3c(cc2N)CCC(=O)N3
dude_aldr__L008144,CC1(CCN(CC1)C(=O)CC2(CCCCC2)C(=O)[O-])C
dude_aldr__L008145,CN(C)S(=O)(=O)/N=C(/CCCCOc1ccc(cc1)Br)\[O-]
dude_aldr__L008146,CCCn1c2ccccc2nc1/N=C(/[C@@H]3COc4ccccc4O3)\[O-]
dude_aldr__L008147,Cc1cccc(=O)n1CCC(=O)N2CCc3c(c(nn3C)C(=O)[O-])C2
dude_aldr__L008148,CCSc1ccccc1[N-]S(=O)(=O)c2cc([nH]c2)C(=O)N3CCCC3
dude_aldr__L008149,C[C@@H](c1ccc(c(c1)F)F)NS(=O)(=O)c2cc(ccc2Br)C(=O)[O-]
dude_aldr__L008150,CN/C(=C\[N+](=O)[O-])/OC
dude_aldr__L008151,CCc1cc2c(ncnc2s1)NCC(=O)N[C@H](C(C)C)C(=O)[O-]
dude_aldr__L008152,c1csc(c1S(=O)(=O)N2CC[C@H]3CCCC[C@@H]3C2)C(=O)[O-]
dude_aldr__L008153,c1cc(sc1)[C@H]2C3=C(N=N[C@H]3NC4=C2C(=O)CCC4)O
dude_aldr__L008154,c1c(c(n(n1)C2CCCC2)C(=O)[O-])Cl
dude_aldr__L008155,Cc1cccc(c1)[N-]S(=O)(=O)C2=C(S[C@H](C2)[C@H]3C(=C(N=N3)C)C)C
dude_aldr__L008156,Cc1ccc(cc1)C(=O)N[C@H]2[C@H]3C[C@@H]([C@@H]2C(=O)[O-])C=C3
dude_aldr__L008157,c1cc(c(cc1N)Br)S(=O)(=O)N(C[C@H]2CCOC2)C3CC3
dude_aldr__L008158,CCOc1ccccc1[N-]S(=O)(=O)c2c(sc(c2c3c(c(no3)C)C)C)C
dude_aldr__L008159,Cc1cccc(c1C)[N-]S(=O)(=O)C2=C(S[C@H](C2)[C@H]3C(=C(N=N3)C)C)C
dude_aldr__L008160,Cc1cccc2c1CC(N=C2C3=C(CCCC3=O)[O-])(C)C
dude_aldr__L008161,c1cc2c(c(c1)Nc3ccc(cn3)C(=O)[O-])CCCC2
dude_aldr__L008162,c1ccc(cc1)Oc2c(cccn2)C(=O)Nc3ccccc3C(=O)NNc4ccc(c(c4)Cl)Cl
dude_aldr__L008163,Cc1ccc(cc1)S(=O)(=O)[N-]c2ccccc2C(=O)N3CCCCCC3
dude_aldr__L008164,C[C@H](c1ccc(cc1)S(=O)(=O)C)NC(=O)Nc2ccc(c(c2)NC(=O)C)F
dude_aldr__L008165,Cc1cc(sc1C)C(=O)N[C@H](C2CCCCC2)C(=O)[O-]
dude_aldr__L008166,CSc1c(ccc(n1)c2cccs2)C(=O)[O-]
dude_aldr__L008167,Cn1cc(cn1)[C@@H]2c3cnn(c3N=C(CS2)O)c4ccccc4
dude_aldr__L008168,Cc4cccc5c(CC(O)=O)nn(Cc3nc2c(ccc1ccccc12)s3)c(=O)c45
dude_aldr__L008169,Cn1cc(cn1)CN(C)S(=O)(=O)c2ccsc2C(=O)[O-]
dude_aldr__L008170,c1cnc2c(c1Cl)cnn2[C@H]3C[C@@H]([C@@H](O3)CO)O
dude_aldr__L008171,CCCCS(=O)(=O)/N=C(/CSc1nnnn1C2CC2)\[O-]
dude_aldr__L008172,COCCCn1c(=O)c2ccc(cc2nc1SCc3cc(cc4c3OCOC4)[N+](=O)[O-])C(=O)[O-]
dude_aldr__L008173,CCN([C@@H](C)CC(=O)[O-])C(=O)c1c(nn(c1C)C)C
dude_aldr__L008174,c1ccc2c(c1)CCN(C2)C(=O)c3cc(nc(n3)[O-])c4ccco4
dude_aldr__L008175,Cc1c(sc(n1)N)C(=O)N2CCN3CCCC[C@H]3C2
dude_aldr__L008176,C1C[C@H](Cc2c1nc(nc2Cl)Cl)C(=O)[O-]
dude_aldr__L008177,CCn1cc(cn1)c2cc(n3c(n2)c(c(n3)C)c4ccc(cc4)Cl)[O-]
dude_aldr__L008178,Cc1cccc(c1)/N=C\2/NC(=O)[C@H](S2)Cc3ccccc3[N+](=O)[O-]
dude_aldr__L008179,c1ccc(c(c1)Nc2cccc(n2)C(=O)[O-])I
dude_aldr__L008180,C[C@@H](C(=O)Nc1ccc(cc1)S(=O)(=O)[N-]c2c(nccn2)OC)Oc3ccc(cc3)[N+](=O)[O-]
dude_aldr__L008181,C1CC[C@H]2CN(CC[C@H]2C1)C(=O)[C@@H]3C[C@@H]3C(=O)[O-]
dude_aldr__L008182,c1ccc(cc1)/C(=C/c2ccc(s2)Br)/C(=O)[O-]
dude_aldr__L008183,CCn1cc(c2c1cccc2)/C=C\3/C(=NC(=S)N(C3=O)c4ccc(c(c4)Cl)Cl)[O-]
dude_aldr__L008184,c1ccc(c(c1)/C=C\C(=C(/C#N)\C(=O)N2CCCC2)\[O-])OC(F)F
dude_aldr__L008185,Cc1cccc(c1)[N-]S(=O)(=O)c2cc3n(c2)CCN(C3=O)C(C)C
dude_aldr__L008186,c1cc2c(c(sc2nc1)c3nnc(n3C4CCCC4)[S-])N
dude_aldr__L008187,Cc1ccc(cc1[N-]S(=O)(=O)C)C(=O)NCc2c(cc(nc2OC)C)C
dude_aldr__L008188,c1cc(nc(c1C(=O)N2CC[C@H](C2)O)[O-])C(F)(F)F
dude_aldr__L008189,c1ccc2cc(ccc2c1)c3csc(n3)/N=C(/c4ccc[n+](c4)[O-])\[O-]
dude_aldr__L008190,CCN(CC)c1ccc(cc1)[C@@H]2C(=C(C(=O)N2CC=C)[O-])C(=O)c3ccc(cc3)C
dude_aldr__L008191,CC(C)Cn1c2c(c(n1)C(=O)[O-])CN(CC2)C(=O)CCCn3cnnn3
dude_aldr__L008192,CCSc1nc2c(cnn2c3ccccc3)c(n1)[O-]
dude_aldr__L008193,CSCC[C@@H](C(=O)[O-])n1c(nnn1)C(Cl)(Cl)Cl
dude_aldr__L008194,C[C@]1(CCS(=O)(=O)C1)NC(=O)N2CCC[C@@H]2C(=O)[O-]
dude_aldr__L008195,c1ccc2c(c1)c(n[nH]2)c3nc(no3)[C@H]4CC(=O)N(C4)c5ccc6c(c5)CCC6
dude_aldr__L008196,CCOc1ccc(cc1)SCc2cc(n3c(n2)c(cn3)C#N)[O-]
dude_aldr__L008197,Cc1cc(cc(c1)n2c(cc(n2)C)[N-]S(=O)(=O)c3cn(cn3)C)C
dude_aldr__L008198,Cc1ccc(c(c1)[N-]S(=O)(=O)c2ccc(s2)c3cnc(o3)C4CC4)OC
dude_aldr__L008199,Cc1cc(nc(n1)N2[C@@H](C3=C(N2)C[C@@H](CC3=O)C)c4ccc(cc4)F)C
dude_aldr__L008200,COc1cc(ccc1S(=O)(=O)[N-]c2cc[nH]n2)[N+](=O)[O-]
dude_aldr__L008201,COC(=O)c1c2c(sc1N)CN(CC2)C(=O)OC
dude_aldr__L008202,CCC[C@@H]1O[C@@H]2C[C@@H]3[C@H]4CCC5=CC(=O)C=C[C@]5([C@@H]4[C@H](C[C@]3([C@]2(O1)C(=O)CO)C)O)C
dude_aldr__L008203,OC(=O)Cn3c(=O)n(Cc2nc1c(Cl)cccc1s2)c(=O)c3=O
dude_aldr__L008204,c1cc(cc(c1)Br)[C@@H]2CCCN2C(=O)/C=C/C(=O)[O-]
dude_aldr__L008205,c1ccc(c(c1)[C@H]2N(CCS2)C(=O)CSc3[n-]c4cc(cnc4n3)Cl)F
dude_aldr__L008206,c1c(nc2ncnn2c1[O-])C[NH+]3CCC[C@@H](C3)O
dude_aldr__L008207,C1CCN([C@H](C1)C(=O)[O-])C(=O)N2CCCSCC2
dude_aldr__L008208,COC(=O)COc1ccc(cc1)[N-]S(=O)(=O)c2cc(cc(c2)Cl)Cl
dude_aldr__L008209,CSC1=C[C@H]2C[C@H]3CO[P@@](=O)(N[NH+]3C[C@@H]2C=C1O)[O-]
dude_aldr__L008210,CS(=O)(=O)N1C[C@H]2CN(C[C@]2(C1)C(=O)[O-])c3c4ccoc4ccn3
dude_aldr__L008211,CCCCc1ccc(cc1)N/C(=C(\C#N)/C(=O)[C@@H]2CCS(=O)(=O)C2)/[O-]
dude_aldr__L008212,c1csc2c1[C@H](N(CC2)C(=O)NC3CC[NH2+]CC3)C(=O)[O-]
dude_aldr__L008213,c1cc(ccc1n2c(cc(n2)C(F)F)[S-])[N+](=O)[O-]
dude_aldr__L008214,c1cc(c(cc1NS(=O)(=O)c2ccc3c(c2)oc(n3)[O-])[N+](=O)[O-])F
dude_aldr__L008215,CC(C)(C)n1cc(cn1)NS(=O)(=O)c2cc(cc(c2Cl)Cl)C(=O)[O-]
dude_aldr__L008216,C[C@H](/C(=N/S(=O)(=O)c1ccc(c(c1)C(F)(F)F)C#N)/[O-])OCC2CC2
dude_aldr__L008217,COc1cccc(c1)/N=C/c2cc(cc(c2[O-])[N+](=O)[O-])Br
dude_aldr__L008218,c1cc(cc(c1)Cl)Sc2ccc(cc2[N+](=O)[O-])C(=O)[O-]
dude_aldr__L008219,CS(=O)(=O)[N-]c1nnc(s1)NC(=O)c2c(ccs2)Br
dude_aldr__L008220,CC(=O)c1cccc(c1)S(=O)(=O)[N-]c2c(cno2)c3ccc(cc3)Cl
dude_aldr__L008221,C[C@H]1Cc2cc(ccc2N1C(=O)C3CC3)S(=O)(=O)N4CCC[C@@H](C4)C(=O)[O-]
dude_aldr__L008222,Cc1cc(c(s1)C)c2cc(c3cnn(c3n2)C(C)C)C(=O)[O-]
dude_aldr__L008223,COC(=O)c1[n-]c(nn1)/N=C/C2=C(/C(=C\c3ccccc3)/CCC2)O
dude_aldr__L008224,CCc1cccc(c1)n2c(nnc2SCC(=O)N3CCC[C@@H](C3)C(=O)[O-])N4CCOCC4
dude_aldr__L008225,CC(C)(C)CN(C)C(=O)N1[C@H]2CCCC[C@H]2C[C@@H]1C(=O)[O-]
dude_aldr__L008226,CCCc1cn(nn1)C[C@H]2CCCN(C2)C(=O)c3ccc(nn3)[O-]
dude_aldr__L008227,Cc1ccc(cc1)COc2ccc(cc2)CNC(=O)[C@H]3CCCC[C@H]3C(=O)[O-]
dude_aldr__L008228,c1c(c(cc2c1OCO2)O[C@@H]3CCCCNC3=O)C=O
dude_aldr__L008229,Cc1ccc(cc1C)NS(=O)(=O)c2ccc3c(c2)oc(=O)n3C
dude_aldr__L008230,CC(C)[C@H](C(=O)OC)N1C[C@@H](CC1=O)C(=O)[O-]
dude_aldr__L008231,CCN([C@H](C)CC(=O)[O-])C(=O)CSc1nnnn1C2CC2
dude_aldr__L008232,CN(C)c1ccc(cc1)/C=C(\C#N)/C(=N/c2nnc(s2)SCc3ccccc3F)/[O-]
dude_aldr__L008233,Cc1c2c([nH]n1)NC(=O)CS[C@H]2c3cccnc3
dude_aldr__L008234,c1ccc(cc1)NC(=O)N2CCC[C@H](C2)C(=O)NCCC3=c4ccccc4=[NH+]C3
dude_aldr__L008235,Cc1ccc(cc1)S(=O)(=O)/N=C(/N2CCc3c(c4ccccc4n3C)C2)\[O-]
dude_aldr__L008236,c1ccc(cc1)n2c(nnn2)SCCc3[n-]nnn3
dude_aldr__L008237,Cc1ccc(c(c1OC)C)[N-]S(=O)(=O)c2cc(cnc2)Br
dude_aldr__L008238,CC(C)(C)c1nnc(s1)/N=C(/N(Cc2cccc(c2)F)C[C@H]3CCCO3)\[O-]
dude_aldr__L008239,Cc1cc(c(n1c2ccc(cc2)OC(F)F)C)C(=O)Cn3cc(cc(c3=O)C(=O)[O-])[N+](=O)[O-]
dude_aldr__L008240,Cc1ccc(cc1[N-]S(=O)(=O)c2ccccc2C(=O)OC)C#N
dude_aldr__L008241,c1cc(ccc1[C@@H](C2CCN(CC2)c3c4c([nH]cn4)ncn3)O)Cl
dude_aldr__L008242,CCc1ccc(cc1)NC(=O)C2=C(NC(=C([C@@H]2c3ccco3)C#N)SCC(=O)Nc4ccc(c(c4)C)C)C
dude_aldr__L008243,CCn1cc(cn1)[C@@H]2C[C@H](N3C(=[NH+]2)C=CN3)C(F)(F)F
dude_aldr__L008244,c1cc(cc(c1)OC(F)(F)F)[C@@H]2[C@H]3[C@@H](C(=NC3=O)[O-])ON2CCC(=O)N
dude_aldr__L008245,CCCCc1nc2c(c(n1)S[C@@H](C)C(=O)[O-])c(=O)n(c(=O)n2C)C
dude_aldr__L008246,Cc1ccc(cc1)C(=O)C2=C(C(=O)N([C@H]2c3ccc(cc3)SC)CCOCCO)[O-]
dude_aldr__L008247,Cn1c(c(cn1)Cl)C(=O)Nc2nnc(s2)C(F)(F)F
dude_aldr__L008248,COc1cccc(c1)Cn2cc(c3c2cccc3)/C=C/4\C(=O)N(C(=N4)[S-])c5ccccc5
dude_aldr__L008249,C[C@@H]1CCC[C@](C1)(C(=O)[O-])NC(=O)N(C)[C@@H](C)CC#N
dude_aldr__L008250,CC(C)n1c(nc2c(c1=O)c3c(s2)CC[C@@H]3C(=O)[O-])CCOC
dude_aldr__L008251,Cc1cc2cccc(c2nc1)S(=O)(=O)[N-]c3cccc(c3)COCCOC
dude_aldr__L008252,C[C@@H]1CCCC[C@]1(C(=O)[O-])Sc2[nH]c3ccccc3n2
dude_aldr__L008253,c1ccc(cc1)c2cnn3c2nc(nc3[O-])SCCN4CCOCC4
dude_aldr__L008254,c1c2c(sc1c3nnc(s3)SCC(=O)[O-])CCCC2
dude_aldr__L008255,Cn1c(c2ccc(cc2nc1=S)C(=O)Nc3ccccc3SC)[O-]
dude_aldr__L008256,Cc1cc(cc(c1)Cl)c2cc(cc(c2)O)C(=O)[O-]
dude_aldr__L008257,C1CCCC(CC1)(C(=O)[O-])NC(=O)N[C@@H]2CCS(=O)(=O)C2
dude_aldr__L008258,c1c(cc(cc1Cl)Cl)NC(=O)N2CCC[C@@H](C2)C(=O)[O-]
dude_aldr__L008259,Cc1ccc(cc1[N-]S(=O)(=O)c2cc(cc(c2C)C)[N+](=O)[O-])C#N
dude_aldr__L008260,Cc1cc(=O)n2c(n1)sc(n2)N3CCC[C@@H](C3)C(=O)[O-]
dude_aldr__L008261,C[C@H]1C(=O)N(Cc2cc(ccc2O1)[N-]S(=O)(=O)c3ccccc3C#N)Cc4cccc(c4OC)OC
dude_aldr__L008262,Cc1cc(on1)[N-]S(=O)(=O)c2cc(cnc2Cl)Br
dude_aldr__L008263,CC[C@H]1N=C(CS1)C/C(=N/c2[nH]nc(n2)c3ccc(s3)C)/[O-]
dude_aldr__L008264,c1ccn(c1)c2ccc(cc2)C/C(=C(\C#N)/C(=O)N3CCOCC3)/[O-]
dude_aldr__L008265,c1cc2c(cc1[N+](=O)[O-])cc(s2)C(=O)NC3(CCCCC3)C(=O)[O-]
dude_aldr__L008266,Cc1cc2c(cc1C(C)C)c(co2)C/C(=C(/C#N)\C(=O)N3CCCC3)/[O-]
dude_aldr__L008267,CC[C@H]1CO[C@H](CN1C[C@@H]2CC[C@@H](O2)C(=O)[O-])C
dude_aldr__L008268,c1ccc(c(c1)c2ccc(o2)/C=C(\C#N)/c3nc(c4c5c(sc4n3)CCCC5)[O-])Cl
dude_aldr__L008269,c1cc(c(cc1c2cc(cc(c2)O)C(=O)[O-])C#N)Cl
dude_aldr__L008270,C1Cc2c(nc(nc2Cl)N3CCSCC3)C1
dude_aldr__L008271,C1CCc2c(onc2C(=O)Nc3nnc(s3)C4CC4)CC1
dude_aldr__L008272,CC(C)n1cc(cc1C(=O)N2CC[C@](C2)(C)C(=O)[O-])Cl
dude_aldr__L008273,CCNC(=O)CN1CCN(CC1)c2nc3c(n2C)c(=O)[nH]c(=O)n3C
dude_aldr__L008274,c1cc(ccc1C#N)[N-]S(=O)(=O)c2ccc3c(c2)c(no3)C(=O)N4CCCC4
dude_aldr__L008275,Cc1cccc(c1)N/C(=C(\C#N)/C(=O)[C@H]2CCCN(C2)C(=O)c3ccccc3)/[O-]
dude_aldr__L008276,CC(C)(C)c1ccc(cc1)NC(=O)C2(CC2)C(=O)[O-]
dude_aldr__L008277,CC1=C2[C@H](SCC(=N[C@@H]2N=N1)O)c3ccc(o3)c4ccccc4
dude_aldr__L008278,Cc1cc(nc(n1)SC/C(=N/c2c(sc(=S)n2c3ccccc3)C#N)/[O-])C
dude_aldr__L008279,C[C@@](c1ccccc1)(C(=O)[O-])Nc2cccc(c2F)F
dude_aldr__L008280,C[C@H](/C(=N/S(=O)(=O)N(C)C)/[O-])Oc1ccc(cc1Br)Cl
dude_aldr__L008281,C[C@@]1(CCN(C1)C(=O)/C=C/c2ccc(cc2)Br)C(=O)[O-]
dude_aldr__L008282,C1CC[C@@H]2[C@H](C1)N(CCO2)C(=O)N(CC(=O)[O-])C3CC3
dude_aldr__L008283,CCn1c(ccc1C(=O)[O-])c2ccccc2I
dude_aldr__L008284,CC1CCN(CC1)/C(=C/C2=CSC3=NC(=C([C@H](N23)c4ccccc4Cl)C(=O)OC)C)/[O-]
dude_aldr__L008285,c1cc(ccc1C(=O)N2[C@@H]3CCCC[C@H]3C[C@@H]2C(=O)[O-])I
dude_aldr__L008286,C[C@@H](C(=O)N1CC[C@](C1)(C)C(=O)[O-])NC(=O)N
dude_aldr__L008287,Cc1cc(c(c(c1)Br)NC(=O)C[C@](C)(C(C)C)C(=O)[O-])Br
dude_aldr__L008288,Cn1cc(cn1)[C@@H]2C[C@H](N3C(=[NH+]2)C=CN3)C(F)(F)F
dude_aldr__L008289,CC(C)CN1CCCc2c1ccc(c2)c3ccc(=O)oc3C(=O)[O-]
dude_aldr__L008290,Cc1c(cnn1C)c2cc(on2)C(=O)NC3CCCC3
dude_aldr__L008291,C[NH+]1CCC(CC1)NC(=O)N2CSC[C@H]2C(=O)[O-]
dude_aldr__L008292,C[C@@H]1CC[C@H]([C@@H](C1)Sc2nnnn2C)C(=O)[O-]
dude_aldr__L008293,c1cc(cc(c1)Cl)[N-]S(=O)(=O)c2ccc(s2)CC(=O)N3CCCC3
dude_aldr__L008294,c1c2c(nc(c1C#N)n3cc(cn3)C(=O)[O-])CCC2
dude_aldr__L008295,Cn1c(nnc1SCC(=O)Nc2c(c3c(s2)CCC3)C(=O)N)c4ccccc4
dude_aldr__L008296,Cc1ccc(cc1)c2nnc(n2C)SCc3c(cco3)C(=O)[O-]
dude_aldr__L008297,CC1([C@H]2CC[C@@]1(C(=O)C2)CS(=O)(=O)N3CCC[C@@H]3C(=O)[O-])C
dude_aldr__L008298,C1C[C@@H](CC=C1)CNC(=O)N2C[C@H](C[C@@H]2C(=O)[O-])O
dude_aldr__L008299,COC(=O)[C@H]1[C@@H](C=C(S1)C2N=NN=N2)S(=O)(=O)/N=C(\[O-])/OC
dude_aldr__L008300,Cc1ccc(cc1)SCC(=O)N2CCC[C@@H]2CC(=O)[O-]
dude_aldr__L008301,Cc1c(c(n2c3ccccc3nc2c1C#N)[O-])CCC#N
dude_aldr__L008302,Cc1cn2c(c(nc2s1)C)/C=C\3/C(=NC(=S)S3)[O-]
dude_aldr__L008303,CCn1c(ccc1C(=O)[O-])c2ccc(cc2Br)[N+](=O)[O-]
dude_aldr__L008304,c1cc(cc(c1)NC(=O)[C@@H]2CCCN(C2)C(=O)c3ccoc3)C#N
dude_aldr__L008305,Cc1c(nc(nn1)SCC(=O)O[C@H]2C[C@H]3CC[C@@]2(C3(C)C)C)[O-]
dude_aldr__L008306,C[C@H]1C[C@H]1C(=O)Nc2cccc(c2)C(=O)NCc3ccc(cc3)N4CCNC(=O)C4
dude_aldr__L008307,Cc1ccc(s1)[C@@H](C)N(C)C(=O)Nc2c(ccs2)C(=O)[O-]
dude_aldr__L008308,Cc1ccc(cc1)[C@@H]2C(=C(N=C3N2C(=CS3)/C=C(/N4CCCCC4)\[O-])C)C(=O)OC(C)C
dude_aldr__L008309,C[C@H](c1nc2c(cc(cc2Br)Br)c(n1)[O-])Cl
dude_aldr__L008310,c1cc(ncc1[N-]S(=O)(=O)c2ccc(s2)Br)Br
dude_aldr__L008311,c1cc(c(nc1)Sc2ccc(cc2)C(=O)[O-])C#N
dude_aldr__L008312,C=CCn1c(=O)c2ccc(cc2nc1[S-])C(=O)N3CCN(CC3)CC(F)F
dude_aldr__L008313,C[C@H](c1cccs1)Nc2cc(ccc2F)C(=O)[O-]
dude_aldr__L008314,CC1=C([C@H](N2C(=CSC2=N1)/C=C(/N(C)Cc3ccccc3)\[O-])c4ccsc4)C(=O)OC(C)C
dude_aldr__L008315,C[C@H]1CCN([C@@H]2[C@@H]1CCCC2)C(=O)c3nc([nH]n3)N
dude_aldr__L008316,Cc1c(nnc(c1C(=O)[O-])N2CCc3ccccc3C2)C
dude_aldr__L008317,c1ccc(cc1)n2c3c(cn2)c(nc(n3)N4CCN(CC4)c5ccccc5Cl)Nc6ccc(cc6)C(=O)N
dude_aldr__L008318,C[C@H](/C(=N/S(=O)(=O)/C=C/c1ccccc1)/[O-])Oc2ccc(c(c2)F)F
dude_aldr__L008319,CCS[C@@H](C(C)C)C(=O)N1CCCc2c1cccc2[N-]S(=O)(=O)C
dude_aldr__L008320,c1ccc(cc1)C2=C[C@H](N=N2)[C@@H]3NN[C@@H](N3N)SCc4cccc5c4cccc5
dude_aldr__L008321,c1cc(cnc1)[C@H]2CCCN2c3ccc(cc3N)Br
dude_aldr__L008322,C[C@@H]1CCc2c(sc3c2c(ncn3)SCc4c(cco4)C(=O)[O-])C1
dude_aldr__L008323,Cc1cc2c(c(c1)F)N(CCC2)CC3=NS(=O)(=O)c4ccccc4N3
dude_aldr__L008324,C[C@H]1CCCC[C@@H]1N(C)S(=O)(=O)N2CCC(CC2)C(=O)[O-]
dude_aldr__L008325,CC(C)[C@H]1[C@@H]2CC=C[C@H]2c3cccc(c3N1)C(=O)[O-]
dude_aldr__L008326,CCN([C@@H](C)CC(=O)[O-])S(=O)(=O)c1c(ccs1)Br
dude_aldr__L008327,C[C@H]1CCC[C@@H](N1S(=O)(=O)c2cc(sc2Br)C(=O)[O-])C
dude_aldr__L008328,CC(C)CCSC/C(=N/S(=O)(=O)c1cc(sc1Cl)Cl)/[O-]
dude_aldr__L008329,C[C@@H]1CCc2c(cc(s2)/C(=N/c3nnc(s3)SCc4ccc(cc4)C#N)/[O-])C1
dude_aldr__L008330,c1c(c(oc1c2nc(cs2)C(=O)[O-])Br)Br
dude_aldr__L008331,c1cc(ccc1C(=O)[O-])SCc2cc(=O)n3ccsc3n2
dude_aldr__L008332,Cn1c(c(cn1)C(=O)[O-])C(=O)N2CCCCCC2
dude_aldr__L008333,CCc1ccc(cc1)[C@H]2C(=C(Nc3n2ncc3C(=O)Nc4ccc(cc4)C)C)C(=O)Nc5ccccc5OC
dude_aldr__L008334,Cc1cc(nc(n1)S[C@@H]2CCC[C@@H]2C(=O)[O-])C
dude_aldr__L008335,c1c(ncnc1N2CCSCC2)N3CCC(CC3)C(=O)[O-]
dude_aldr__L008336,Cc1cccc(c1C(=O)O[C@H](C)/C(=N/C2=NC=NC3=NC=N[C@H]32)/[O-])[N+](=O)[O-]
dude_aldr__L008337,Cc1ccc2cccc(c2n1)Nc3c(c(ncn3)Nc4ccc(cc4)Br)N
dude_aldr__L008338,Cc1ccccc1n2c3c(c(n2)C)[C@H](CC(=N3)O)c4ccc(cc4)C(=O)[O-]
dude_aldr__L008339,C1CCN([C@@H](C1)CC(=O)[O-])C(=O)[C@H]2CCCN(C2)C(=O)N
dude_aldr__L008340,Cn1c(c(cn1)c2nc(no2)C3CC3)[N-]S(=O)(=O)c4ccccc4[N+](=O)[O-]
dude_aldr__L008341,C[C@@H](c1ccsc1)n2cnc3c2ccc(c3)C(=O)[O-]
dude_aldr__L008342,c1ccc(cc1)/C=C/S(=O)(=O)[N-]c2cc(ccc2N)F
dude_aldr__L008343,Cc1cc(ccc1Sc2[n-]ncn2)C#N
dude_aldr__L008344,Cc1ccc(cc1S(=O)(=O)[N-]c2cc3c(nn(c3nc2)C)C)Br
dude_aldr__L008345,C[C@H](C(=O)NC)NC(=O)N1CC[C@H](C1)C(=O)[O-]
dude_aldr__L008346,c1cc(ccc1C2=NN(C(=O)C2)c3cc(ccc3Cl)S(=O)(=O)[O-])[N+](=O)[O-]
dude_aldr__L008347,c1c2c(cc(c1Br)Cl)[C@@H]3CO[P@](=O)(NN3CC2)[O-]
dude_aldr__L008348,OC(=O)Cc3nn(Cc2nc1cc(C(F)(F)F)ccc1s2)c(=O)c4ncccc34
dude_aldr__L008349,c1ccc2c(c1)[C@@H]3c4c(nc(s4)[S-])SC[C@H]3C(=O)O2
dude_aldr__L008350,Cc1nc(c2c3c(sc2n1)CCCC3)N4CCN(CC4)[C@@H](c5ccccc5)C(=O)N
dude_aldr__L008351,Cc1c(oc(n1)c2cccc(c2)NC(=O)NC[C@H](C)[NH+]3CCC(CC3)C)C
dude_aldr__L008352,c1cc(=O)n(cc1Br)CC(=O)N2CCC[C@@H](C2)CC(=O)[O-]
dude_aldr__L008353,C1CC[C@@H]2[C@H](C1)CCCN2C(=O)N3CC[C@@H](C3)C(=O)[O-]
dude_aldr__L008354,c1c(cnc2c1[n-]c(n2)SC[C@@H]3CCCO3)Cl
dude_aldr__L008355,COC(=O)c1ccc(c(c1)S(=O)(=O)N2CCC(CC2)(c3ccccc3)C(=O)[O-])C(=O)OC
dude_aldr__L008356,c1c(c(c(=O)[nH]c1C(F)(F)F)Br)[O-]
dude_aldr__L008357,c1cc(oc1)/C(=C(/C#N)\C(=O)c2ccsc2)/[O-]
dude_aldr__L008358,Cc1ccc(cc1)c2cc(c3ccc(c(c3n2)C)Cl)C(=O)[O-]
dude_aldr__L008359,CC(C)(C)c1ccc(cc1)c2c(c([nH]c(=S)n2)[O-])C#N
dude_aldr__L008360,Cc4ccc3n(CC(O)=O)c(C)c(c1ccnc2c(C)cccc12)c3c4
dude_aldr__L008361,Cc1cc(c(cc1C)S(=O)(=O)[N-]c2ncc(s2)Br)[N+](=O)[O-]
dude_aldr__L008362,Cc1ccccc1SCC(=O)N2CC[C@@](C2)(C)C(=O)[O-]
dude_aldr__L008363,c1ccc(cc1)c2c(=O)c3c4c(cc5ccccc5n4c2[O-])CCC3
dude_aldr__L008364,Cc1cccc(c1)O[C@@H](C)/C(=N/S(=O)(=O)c2ccc(cc2)C(=O)C)/[O-]
dude_aldr__L008365,C1C[C@@H]2[C@@H](C1)OCCN2C(=O)N3CCO[C@@H](C3)C(=O)[O-]
dude_aldr__L008366,c1cc2c(c(c1)NC(=O)c3cc(ccn3)NN)CCCC2
dude_aldr__L008367,c1ccc2c(c1)CCC[C@@H]2Nc3ccc(c(c3)Cl)C(=O)[O-]
dude_aldr__L008368,c1cc(ccc1[C@H]2C3=C(N=N[C@@H]3NC4=C2C(=O)CCC4)O)O
dude_aldr__L008369,CN(C)S(=O)(=O)c3ccc2oc1ccc(C(O)=O)cc1c(=O)c2c3
dude_aldr__L008370,Cc1c(sc(n1)[S-])CC(=O)N(C)CCCc2cc(n[nH]2)c3ccccc3
dude_aldr__L008371,C[C@@H]1C[C@H]1C(=O)NC2(CCCCCC2)/C(=N/O)/N
dude_aldr__L008372,Cc1cc(cc(c1)C(=O)N2CCC[C@H](C2)C(=O)Nc3c(c(n[nH]3)C4CC4)C)C
dude_aldr__L008373,CC(C)c1ccc(cc1)CN2CCN(CC2)C(=O)c3ccccc3[N-]S(=O)(=O)C
dude_aldr__L008374,Cc1cccc(n1)[C@]2(CCCS2)/C(=N/C)/[S-]
dude_aldr__L008375,OC(=O)CN(c1ccccc1)S(=O)(=O)c3ccc(NC(=O)c2ccccc2)cc3
dude_aldr__L008376,CC(C)[C@]1(CC(=O)N(C1=O)c2ccc(c(c2)Cl)C(=O)[O-])C
dude_aldr__L008377,C1CC2=C([C@@H](c3c2onc3N)[C@@H]4CCC=CC4)C(=O)C1
dude_aldr__L008378,c1cc(c(cc1[C@@H]2C3=C(CCCC3=O)Nc4n2ncc4C#N)Cl)Cl
dude_aldr__L008379,CCn1c(c(c(n1)C)CN(C)C(=O)[C@H]2CC=CC[C@H]2C(=O)[O-])C
dude_aldr__L008380,Cc1ccc(cc1C)n2c3c(c(=O)[nH]c2=O)CN(CN3)C4CCCCC4
dude_aldr__L008381,CC1CCN(CC1)c2ccc(cc2)NCc3cc4cc5c(cc4[nH]c3=O)OCCO5
dude_aldr__L008382,c1cc2c(cc(c(c2nc1/C=C/c3cnc(nc3)N4CCCC4)[O-])Cl)Cl
dude_aldr__L008383,CS(=O)(=O)[N-]c1cccc(c1)C(=O)N[C@H](C#N)c2cccc(c2Cl)Cl
dude_aldr__L008384,CC1CCN(CC1)c2nc3c(=O)[nH]c(nc3n2[C@@H]4[C@H]([C@@H]([C@H](O4)CO)O)O)N
dude_aldr__L008385,Cc1cccc(c1)COc2ccc(cc2OC)[C@@H]3c4c(nc(s4)[O-])SC[C@H]3C=O
dude_aldr__L008386,CC(C)(C)c1ccc(cc1)[C@H]2C(=C(C(=O)N2C)[O-])C(=O)c3ccco3
dude_aldr__L008387,Cc1ccc(cc1)c2nc([nH]n2)/N=C(/COc3ccc(cc3)CC#N)\[O-]
dude_aldr__L008388,CCOC(=O)[C@@H]1[C@H](c2c(nc(s2)[S-])S[C@@H]1C(=O)OCC)c3cccnc3
dude_aldr__L008389,C[C@H](c1[n-]nnn1)NC(=O)c2cccc(c2)I
dude_aldr__L008390,c1ccc2c(c1)C[C@@H](S2)C(=O)Nc3ccsc3C(=O)[O-]
dude_aldr__L008391,Cc1c(c(nc(n1)SC(F)F)[O-])CCC(=O)N2c3ccccc3C[C@H]2C
dude_aldr__L008392,Cc1ccc(c(c1)C(=O)[O-])NC(=O)[C@@H]2C[C@H]3C[C@@H]2C=C3
dude_aldr__L008393,CC1=C2C(=NC(=NC2=O)CSc3nnnn3CC(C)C)S[C@H]1C(=O)[O-]
dude_aldr__L008394,Cc1ccccc1NC(=O)C2=C(Nc3nc(nn3[C@@H]2c4ccc(cc4)O)SCc5ccccc5)C
dude_aldr__L008395,c1cc(ccc1OCc2ccc(o2)c3nnc(n3C[C@H]4CCCO4)[S-])Br
dude_aldr__L008396,CC(C)Cc1nn2c(c(nc2s1)c3ccccc3)/C=C\4/C(=NC(=S)S4)[O-]
dude_aldr__L008397,CC1CCN(CC1)S(=O)(=O)[N-]c2ncc(s2)Br
dude_aldr__L008398,CC[C@@]1(CCCN(C1)c2c(ccc(n2)C)C#N)C(=O)[O-]
dude_aldr__L008399,c1cc(c(cc1N)N)c2nnnn2[C@@H]3CCS(=O)(=O)C3
dude_aldr__L008400,Cc1cc(ccc1[N-]S(=O)(=O)CC(C)C)C(=O)N2CCC[C@H](C2)C
dude_aldr__L008401,Cc1cc(n(c(=O)n1)[C@]2(CCC[C@@H](C2)C)C(=O)[O-])C
dude_aldr__L008402,CC(C)(C)c1ccc(cc1)c2nc([n-]n2)NC(=O)c3ccccn3
dude_aldr__L008403,CSc1nc(c(nn1)c2cccs2)[O-]
dude_aldr__L008404,C[C@H]1CCCN1C(=O)N2CCCC[C@H]2C(=O)[O-]
dude_aldr__L008405,CCCN(CC#N)C(=O)c1ccc(cc1)[N-]S(=O)(=O)/C=C/c2ccccc2
dude_aldr__L008406,Cc1cc(cc2c1N(CCC2)C(=O)C(=O)NCCc3ccc(cc3)NC(=O)C)F
dude_aldr__L008407,CC1CCC(CC1)(C(=O)[O-])n2cc(cc(c2=O)[N+](=O)[O-])Br
dude_aldr__L008408,C1CC(CCC1C(=O)[O-])N2C(=O)[C@@H]3[C@@H]4CC[C@@H](C4)[C@@H]3C2=O
dude_aldr__L008409,[H]\N=C\1/C(=C\c2cc(n(c2C)c3cccc(c3C)Cl)C)/C(=O)N=C4N1C(=CS4)[CH2-]
dude_aldr__L008410,CCOc1ccc(cc1)[N-]S(=O)(=O)c2cc(sc2C)c3nc(on3)C(=O)N4CCCC4
dude_aldr__L008411,C[C@H](C(C)(C)C)N(C)c1c(cc(cn1)Br)C(=O)[O-]
dude_aldr__L008412,Cc1cc(on1)c2cnc(nc2C3CC[NH2+]CC3)C(C)(C)C
dude_aldr__L008413,Cn1c2ccc(cc2oc1=O)S(=O)(=O)[N-]c3cccc(c3)[N+](=O)[O-]
dude_aldr__L008414,C[C@H](C(=O)NC(=O)N1CCCCCC1)Cl
dude_aldr__L008415,c1nc(c2c(n1)n(cn2)[C@H]3C[C@H]([C@@H](O3)CO)O)N
dude_aldr__L008416,Cn1cccc1[C@@H]2CCCCCN2C(=O)/C=C/C(=O)[O-]
dude_aldr__L008417,c1ccc(c(c1)Cc2c(nc(s2)[N-]S(=O)(=O)c3c[nH]nc3)C4CC4)F
dude_aldr__L008418,Cc1c(c(on1)C)CC(=O)N(C)C[C@H](C)C(=O)[O-]
dude_aldr__L008419,CC1(CC(=C(C(=O)C1)/C=N/CC2CCN(CC2)C(=O)c3ccccc3)[O-])C
dude_aldr__L008420,CSc1ncc(c(n1)N2CCCCCC2)C(=O)[O-]
dude_aldr__L008421,Cc1ccc(c(n1)N2CCc3c(cccc3N)C2)C(=O)N
dude_aldr__L008422,Cc1ccoc1/C(=C(\C#N)/C(=O)Nc2ccccc2Br)/[O-]
dude_aldr__L008423,COC(=O)CCS(=O)(=O)[N-]c1ccccc1I
dude_aldr__L008424,c1ccc(c(c1)[N-]S(=O)(=O)c2c(ccs2)Br)OCC#N
dude_aldr__L008425,CCS[C@@H](C(C)C)/C(=C(/C#N)\C(=O)N1C[C@H](O[C@H](C1)C)C)/[O-]
dude_aldr__L008426,Cc1ccc(cc1Cl)NS(=O)(=O)c2ccc(cc2)N3C[C@H](CC3=O)C(=O)[O-]
dude_aldr__L008427,C[C@@H]1CCCC[C@@H]1NC(=O)c2c3cc(ccc3[nH]n2)N
dude_aldr__L008428,CC(C)[C@@H](/C(=N/S(=O)(=O)c1cnn(c1)C)/[O-])SCc2ccccc2
dude_aldr__L008429,C[C@@H]1CCN([C@H](C1)C)C(=O)Cn2cc(cn2)N
dude_aldr__L008430,c1cc(cc(c1)[N-]S(=O)(=O)c2ccc(s2)Br)CO
dude_aldr__L008431,c1ccc(cc1)/C=C/S(=O)(=O)[N-]c2ccc(cc2)C(=O)N[C@H]3CCCNC3=O
dude_aldr__L008432,CCc1cccc(c1)[N-]S(=O)(=O)c2cnc(nc2)Cl
dude_aldr__L008433,CC1(CCN(CC1)S(=O)(=O)N(C)C2CCCCC2)C(=O)[O-]
dude_aldr__L008434,OC(=O)Cn4c(=O)s\c(=C/c3cccc(c2cc(=O)c1ccccc1o2)c3)c4=O
dude_aldr__L008435,c1c(c(c(c(c1F)F)[O-])F)C(=O)N2CCC[C@@H](C2)CCO
dude_aldr__L008436,Cc1ccc(cc1)c2ccc(n2CCO)C(=O)[O-]
dude_aldr__L008437,Cn1cnc(c1N[C@@H]2CCSc3c2cccc3)[N+](=O)[O-]
dude_aldr__L008438,c1cc2c(cc1[S@@](=O)Cc3c(cco3)C(=O)[O-])CCC2
dude_aldr__L008439,c1c(cc(c(c1C(=O)[O-])n2cnnc2)Br)Br
dude_aldr__L008440,c1cn(nc1C(=O)[O-])CC(=O)N2CCCCCC2
dude_aldr__L008441,COC(=O)N1CCc2c(sc(c2C(=O)N)NC(=O)c3ccc(cc3)F)C1
dude_aldr__L008442,Cc1c(sc(n1)N2[C@@H]([C@@H]3CCC/C(=C/c4ccccc4)/C3=N2)c5ccccc5)C(=O)[O-]
dude_aldr__L008443,c1ccc(cc1)S/C(=C\Cl)/CSc2nc(c3c4c(sc3n2)CCCC4)[O-]
dude_aldr__L008444,c1cc(cc(c1)F)c2c3c(sc2C(=O)[O-])[C@@H](CC(=O)N3)c4cccnc4
dude_aldr__L008445,CCOc1ccc(cc1)c2cc(c(s2)C(=O)[O-])N
dude_aldr__L008446,C[C@H]1CCCN(C1)S(=O)(=O)N2CCc3c(cccc3N)C2
dude_aldr__L008447,Cc1ccsc1c2nnc3n2N[C@@H](S3)[C@H]4C=C(N=N4)c5ccccc5
dude_aldr__L008448,CCCCN(C)C(=O)c1ccc(cn1)/C=C/C(=O)[O-]
dude_aldr__L008449,CC1(COCCN1[C@@H]2C[C@@H](CC[C@@H]2N)c3ccccc3)C
dude_aldr__L008450,c1ccc(cc1)[C@]2(N=C(N(/C(=N\c3ccccc3)/S2)c4ccccc4)[O-])C(F)(F)F
dude_aldr__L008451,C[C@H]1CCC[C@@](C1)(C(=O)[O-])Sc2[nH]c3ccccc3n2
dude_aldr__L008452,Cc1ccc(c2c1c(c(o2)/C(=C(\C#N)/C(=O)N3CCCCC3)/[O-])C)C
dude_aldr__L008453,CCC1(CCN(CC1)C(=O)[C@H]2C[C@@H]2C(=O)[O-])C
dude_aldr__L008454,Cc1c(c(n2c(n1)c(c(n2)COc3ccccc3)c4ccccc4)[O-])Cc5ccccc5
dude_aldr__L008455,c1cc(c2c(c1)N(CCC2)C(=O)c3cc(cc(c3)Cl)Cl)C(=O)[O-]
dude_aldr__L008456,COc1cccc(c1)Cn2c(nnc2[S-])c3ccncc3
dude_aldr__L008457,CN(C)C(=O)N1CCC[C@H](C1)C(=O)N2CCC[C@H]2C(=O)[O-]
dude_aldr__L008458,CC\1=NC2=NC(=NC(=O)[C@@H]2[C@H](/C1=C(/[O-])\OC)c3ccccc3)SCC(C)C
dude_aldr__L008459,CCN([C@@H](C)CC(=O)[O-])C(=O)CN1CSCC1=O
dude_aldr__L008460,CCc1ccc(cc1)[C@H]2c3c(nc4nc(nn4c3NC5=C2C(=O)CC(C5)(C)C)C)[O-]
dude_aldr__L008461,CCCOc1ccc(cc1)[C@@H]2CC3=C([C@H](Nc4ccccc4N3)c5ccc(c(c5)[N+](=O)[O-])O)C(=O)C2
dude_aldr__L008462,c1c(cc(c(c1/C=N/c2c(c3c(s2)CCCC3)C#N)[O-])[N+](=O)[O-])Br
dude_aldr__L008463,Cc1ccc(c(c1)C)S(=O)(=O)/N=C(/[C@H](C)CSC)\[O-]
dude_aldr__L008464,CN(C)C(=O)/C(=C\c1cc(c(c(c1)Br)OCC(=O)[O-])CC=C)/C#N
dude_aldr__L008465,C1C[C@H](OC1)C(=O)N2CCN(CC2)C(=O)C(=O)[O-]
dude_aldr__L008466,CC1=C([C@H](/C(=C(/[O-])\OC)/C(=N1)C)c2cccc(c2)C#N)C(=O)OC
dude_aldr__L008467,c1cc(cc(c1)S(=O)(=O)C(F)F)[N-]S(=O)(=O)c2ccc(cc2)[N+](=O)[O-]
dude_aldr__L008468,C1CC[C@H]([C@@H](C1)C(=O)NCC2CCCC2)C(=O)[O-]
dude_aldr__L008469,CCCn1c(cc(c1C)/C=C(/C#N)\C(=N\c2ccccc2n3cnnn3)\[O-])C
dude_aldr__L008470,C1=N[C@@H](N=N1)N
dude_aldr__L008471,Cc1cc(n(n1)c2ccc(cn2)CNC(=O)N3CCC3)C
dude_aldr__L008472,Cc1c2c(oc1C(=O)[O-])CC(CC23SCCCS3)(C)C
dude_aldr__L008473,C[C@@]12CC[C@H]3[C@@H]([C@@H]1C[C@@H](C2)O)C[C@@H]([C@H]4[C@@]3(CCC(=O)C4)C)O
dude_aldr__L008474,CC(C)c1ccc(cc1)[C@](C)(C(=O)[O-])SC2CCOCC2
dude_aldr__L008475,C1CCC(C1)CCC(=O)N(CC(=O)[O-])[C@H]2CCS(=O)(=O)C2
dude_aldr__L008476,Cc1c(cccc1F)N[C@@]2(CCCC[C@@H]2C)C(=O)[O-]
dude_aldr__L008477,Cc1ccc(cc1)/C=C/S(=O)(=O)[N-]c2ccc(cc2)N3CCCC3=O
dude_aldr__L008478,Cc1c(c(n[nH]1)C)NS(=O)(=O)c2cc(cc(c2OC)Br)Cl
dude_aldr__L008479,CCCCN1CCc2c1ccc(c2)/C=C/3\C(=NC(=S)N(C3=O)c4ccc(c(c4)C)C)[O-]
dude_aldr__L008480,CC(C)[C@@H](/C(=N/S(=O)(=O)C)/[O-])NC(=O)c1ccc(cc1)C(C)(C)C
dude_aldr__L008481,Cc1ccc(cc1[N-]S(=O)(=O)CC(C)C)C(=O)N2CCSCC2
dude_aldr__L008482,Cc1ccc(s1)C/C(=N/S(=O)(=O)c2cc(n(c2)C)C(=O)N)/[O-]
dude_aldr__L008483,Cc1ccc(cc1I)C(=O)NC(=S)N2CCNC(=O)C2
dude_aldr__L008484,Cc1ccc(o1)CN([C@@H](c2ccc3c(c2)OCO3)C(=O)NC(C)(C)C)C(=O)c4cc(ccc4[O-])[N+](=O)[O-]
dude_aldr__L008485,c1ccc(c(c1)/C=N/N2[C@H](NN=C2[S-])[C@@H]3C4=C(CCC4)N=N3)Cl
dude_aldr__L008486,C[C@@H]1Cc2ccccc2N1c3cncc(n3)Cl
dude_aldr__L008487,COC(=O)c1c2c(sc1NC(=O)[C@@H]3[C@H]4C[C@@H]([C@@H]3C(=O)[O-])C=C4)CCC2
dude_aldr__L008488,C[C@@H](C(=O)[O-])NC(=O)c1ccc(c(c1)[N+](=O)[O-])Oc2cccc(c2)[N+](=O)[O-]
dude_aldr__L008489,CC(=O)Nc1ccc(cc1)N2C[C@H](CC2=O)C(=O)N3CCC(CC3)C(=O)[O-]
dude_aldr__L008490,Cc1cccc(c1OC2CCN(CC2)C(=O)NNC(=O)c3ccc(cc3)F)C
dude_aldr__L008491,C[C@@H]1C[C@@H](CN(C1)C(=O)N(C)[C@@H](C)C(=O)[O-])C
dude_aldr__L008492,CCO[C@@H]1C[C@@H]1/C(=N/S(=O)(=O)c2ccc(c(c2)Br)OC)/[O-]
dude_aldr__L008493,CCOc1ccc(cc1)[C@H]2C(=C(OC3=C2C(=O)O[C@H](C3)C)N)C#N
dude_aldr__L008494,CC[C@@H](C(=O)[O-])NC(=O)CCc1c(c2ccc(c(c2oc1=O)C)O)C
dude_aldr__L008495,CCc1ccc(cc1)S(=O)(=O)N2CCC[C@@H](C2)Cn3cc(nn3)C(=O)[O-]
dude_aldr__L008496,CCCc1nnc(n1c2ccc(cc2)C)[S-]
dude_aldr__L008497,COc1cccc(c1)[N-]S(=O)(=O)c2cc(cs2)c3nc(on3)C(=O)N4CCOCC4
dude_aldr__L008498,Cc1cc(cc(c1C)S(=O)(=O)N[C@@H]2CCC[C@H]([C@@H]2C)C)N
dude_aldr__L008499,Cc1cc(ccc1C(=O)N(C)[C@@H]2CCC[C@@H](C2)C)N
dude_aldr__L008500,C#CCN1CCCC[C@H]1C(=O)NNC(=O)c2c(cn(n2)c3ccccc3)[O-]
dude_aldr__L008501,c1c(c2cn(nc2nc1SCC(=O)[O-])C3CCCC3)C(F)F
dude_aldr__L008502,c1ccc2c(c1)CCC[C@@H]2c3nc(on3)[C@@H]4C[NH2+]CCO4
dude_aldr__L008503,CCCCN/C(=C(\C#N)/C(=O)c1ccc(cc1)n2cc(cn2)Br)/[O-]
dude_aldr__L008504,CS(=O)(=O)N1CCN(CC1)C(=O)CSCC(=O)[O-]
dude_aldr__L008505,Cc1ccc(cc1)[C@@H]2C(=C(N=C3C2=C(CCC3)[O-])SCc4ccc(cc4)Cl)C#N
dude_aldr__L008506,CC1CCC(CC1)N2C[C@H](CC2=O)/C(=C(\C#N)/C(=O)N3CCCCC3)/[O-]
dude_aldr__L008507,Cc1cc(ccc1OC)S(=O)(=O)[N-]c2cnc(nc2)C(C)(C)C
dude_aldr__L008508,Cc1cc(c(n1c2ccc(c(c2)C(=O)[O-])Cl)C)C=O
dude_aldr__L008509,CCN([C@H]1CCS(=O)(=O)C1)C(=O)Cn2cc(nn2)C(=O)[O-]
dude_aldr__L008510,Cn1cccc1/C=N\n2c(nnc2[S-])c3ccc(cc3)OC
dude_aldr__L008511,CC[C@@H](C)c1ccc(cc1)S(=O)(=O)N2CCC[C@H]2C(=O)[O-]
dude_aldr__L008512,CCCCCCOc1ccc(cc1)[C@H]2C(=C(C(=O)N2c3nnc(s3)SCC)[O-])C(=O)c4ccc(o4)C
dude_aldr__L008513,CC(C)CNC(=O)/C(=C/[C@H]1CN(N[C@@H]1c2ccc(cc2)Cl)c3ccccc3)/NC(=O)c4ccccc4
dude_aldr__L008514,CC[C@@H]([C@@H](c1c(ccs1)C)Sc2nccc(n2)[O-])N
dude_aldr__L008515,c1cc(oc1)[C@H]2[C@H](CCC(=O)N2C3CCCCC3)C(=O)[O-]
dude_aldr__L008516,COC(=O)c1ccc(o1)CSc2[n-]c3cc(cnc3n2)Br
dude_aldr__L008517,C[C@H](c1ccccc1)NC(=O)CSc2c(c3c(s2)c([nH]c(=O)n3)[O-])C#N
dude_aldr__L008518,C[C@@H](/C(=N/S(=O)(=O)c1ccc2c(c1)CCCC2)/[O-])NC(=O)C3CCC3
dude_aldr__L008519,CC(C)CN(C)C(=O)N1[C@H]2CCCC[C@H]2C[C@@H]1C(=O)[O-]
dude_aldr__L008520,COC(=O)c1c(c(nc(n1)[S-])C(=O)OC)C(=O)c2cccnc2
dude_aldr__L008521,CS(=O)(=O)c1nc2ccc(cc2s1)[N-]S(=O)(=O)c3ccc(c(c3)F)F
dude_aldr__L008522,c1cc2cn[nH]c2c(c1)NC(=O)[C@H]3CC3(Cl)Cl
dude_aldr__L008523,c1cc(ncc1Br)C(=O)Nc2c(ccs2)C(=O)[O-]
dude_aldr__L008524,CSc1ccc(cc1)NC(=O)CCn2c(nnc2[S-])c3ccc(cc3)F
dude_aldr__L008525,c1csc2c1[C@H](N(CC2)C(=O)c3cnccn3)C(=O)[O-]
dude_aldr__L008526,CC[C@@H](C)N(CC)C(=O)N1CCO[C@H](C1)C(=O)[O-]
dude_aldr__L008527,Cc1cc(c(cc1C)C(=O)/C(=C(/N[C@H](C)C2CC2)\[S-])/[n+]3cccc(c3)[O-])C
dude_aldr__L008528,c1ccc2c(c1)CCCN2C(=O)CSc3nnc4n3c5c(c(n4)[O-])CCC5
dude_aldr__L008529,Cc1c(cc(s1)C(=O)N(C)[C@H]2CCS(=O)(=O)C2)N
dude_aldr__L008530,c1ccc(cc1)c2c([nH]cn2)c3cnc(nc3)[N-]S(=O)(=O)c4ccccc4
dude_aldr__L008531,C[C@@H]1CCC[C@@H](C1)S[C@@H]2C[C@@H](CC[C@@H]2C(=O)[O-])C
dude_aldr__L008532,C[C@H](C(=O)N1CCC[C@H](C1)C(=O)[O-])Sc2ccc(cc2)Cl
dude_aldr__L008533,c1c(c(c2c(c1Cl)nsn2)[N+](=O)[O-])S[C@@H]3[N-]C4=NC=NC(=[NH2+])C4=N3
dude_aldr__L008534,Cc1cc2c(o1)CC(C[C@@H]2NC(=O)N3CCC[C@H](C3)O)(C)C
dude_aldr__L008535,C1CC[C@H]2CN(CC[C@H]2C1)C(=O)NC3CCC(CC3)O
dude_aldr__L008536,C[C@H]1CC(=O)N([C@H]([C@@H]1C(=O)[O-])C)C[C@@H](C)COC
dude_aldr__L008537,Cc1ccc(c(c1)C(=O)CC/C(=N/S(=O)(=O)c2ccc(c(c2)C)OC)/[O-])C
dude_aldr__L008538,c1cc(oc1C(=O)NCC(=O)N2CCC(CC2)C(=O)[O-])Br
dude_aldr__L008539,CC[C@@H](C(=O)Nc1cc(ccc1C)C)Sc2nc(c(nn2)C)[O-]
dude_aldr__L008540,c1cc(cc(c1)S(=O)(=O)N2CCO[C@@H](C2)C(=O)[O-])[N+](=O)[O-]
dude_aldr__L008541,CS(=O)(=O)[N-]c1ccc(cc1)OC(=O)c2cccc3c2OCCO3
dude_aldr__L008542,CCn1c(c2ccc(cc2nc1=S)C(=O)N3CCC(CC3)C#N)[O-]
dude_aldr__L008543,CSS(=O)(=O)[N-]c1ccc(cc1N2CCN[C@@H](C2)Cl)c3ccccc3
dude_aldr__L008544,c1cc(cc(c1)NC(=O)[C@@H]2CCCO2)CNC(=O)N3CCC[C@H](C3)CO
dude_aldr__L008545,CCCN(CC#N)C(=O)c1ccc(cc1)[N-]S(=O)(=O)c2ccc(c(c2)C)F
dude_aldr__L008546,c1c(c(n[nH]1)N)S(=O)(=O)N2CCCC[C@H]2CO
dude_aldr__L008547,C[C@H](/C(=N/S(=O)(=O)c1ccsc1C(=O)OC)/[O-])OC
dude_aldr__L008548,Cc1ccc(c(c1)C)[C@H](C(=O)NC2CCCCC2)N(c3ccccc3Cl)C(=O)c4c(cccc4O)O
dude_aldr__L008549,CNC(=O)[C@@H]1CCCCN1c2c(cc(cc2F)C(=O)[O-])F
dude_aldr__L008550,Cc1cc(nc(n1)N[C@]2(/C(=C(/[O-])\OC)/C(=NC2=O)C)C(F)(F)F)C
dude_aldr__L008551,CC[C@H]1CCCN1S(=O)(=O)c2cc(cc(c2Cl)C(=O)[O-])Cl
dude_aldr__L008552,C[C@H]1CC=C(S1)C2=C3C(=NC(=NC3=O)CSc4nc([nH]n4)N)SC2
dude_aldr__L008553,CC1(Cc2c(sc3c2c(=O)n(c4n3c(nn4)[S-])c5ccccc5OC)CO1)C
dude_aldr__L008554,Cc1cnc(s1)NC(=O)c2ccc(s2)C#CCO
dude_aldr__L008555,CC(C)c1ccc(cc1)n2c(nnn2)SCC(=O)N3CCC[C@H](C3)C(=O)[O-]
dude_aldr__L008556,COc1cc(cc(c1[O-])[N+](=O)[O-])/C=N/Nc2[nH]nc(n2)SCc3nnc(o3)c4ccc(cc4)F
dude_aldr__L008557,CCn1cc(cn1)CN2CCN(CC2)C(=O)[C@@H](C)n3ccc(n3)C(=O)[O-]
dude_aldr__L008558,c1ccc(c(c1)[N-]S(=O)(=O)c2cccc(c2)C(=O)NC3CCCC3)Cl
dude_aldr__L008559,Cc1cc(c2c(c1)[C@H]3C=CC[C@H]3[C@H](N2)c4ccc(cc4)C(=O)[O-])C
dude_aldr__L008560,Cc1c(c(n(n1)Cc2cc(cs2)Br)C)C(=O)[O-]
dude_aldr__L008561,CCOc1ccc(cc1[C@H]2[C@H]3C(=NC4=C2C(=O)CCC4)CCCC3=O)C(=O)[O-]
dude_aldr__L008562,CC1=NC(=C(C1)C2=NN=C(SC2)[N-]c3ccccc3OC)C
dude_aldr__L008563,CC(C)CCSC1=NC(=O)[C@H]2[C@H](C3=C(CC(CC3=NC2=N1)(C)C)[O-])c4ccc(cc4)C#N
dude_aldr__L008564,CCC(=O)NC1(CCC(CC1)C)c2nnnn2c3c(cccc3C)C
dude_aldr__L008565,C[C@@H]1C(=C(N=N1)C)S(=O)(=O)[N-]c2ncn(n2)Cc3ccc(cc3)Cl
dude_aldr__L008566,Cc1cc(nc(c1C(=O)[O-])SCC(=O)N2CCN(CC2)Cc3ccc(cc3)C(C)C)C
dude_aldr__L008567,C[C@@](c1ccc(cc1)Cl)(C(=O)[O-])Nc2cccc(c2)C#C
dude_aldr__L008568,Cc1ccc(cc1)S(=O)(=O)/N=C(/Nc2cc(ccc2F)N3CCCCC3)\[O-]
dude_aldr__L008569,Cn1c(c2ccc(cc2nc1=S)C(=O)NCc3nnc4n3CCCCC4)[O-]
dude_aldr__L008570,c1c(c(cc(c1S(=O)(=O)N[C@H]2CCCC[C@@H]2O)F)F)N
dude_aldr__L008571,C[C@H]1CCC[C@@H]([C@@H]1C)N2C[C@@H](CC2=O)C(=O)NCCc3ccc(cc3)S(=O)(=O)N
dude_aldr__L008572,CCCN(CC(=O)[O-])C(=O)N1CCN(CC1)CC(F)(F)F
dude_aldr__L008573,CSc1ccc(cc1)/C=N/NC(=O)c2ccccc2N
dude_aldr__L008574,C[C@@H]3C[C@@](O)(CC(O)=O)c2cc(Cl)c(OCc1ccccc1)cc2O3
dude_aldr__L008575,CC(C)N1CCN(CC1)C(=O)c2ccc(s2)C(=O)[O-]
dude_aldr__L008576,CC(C)[C@@H](C(=O)N1CCCCC1)NC(=O)N2CCOCC2
dude_aldr__L008577,CN(CC1CCC1)C(=O)N2[C@@H]3CCCC[C@@H]3C[C@@H]2C(=O)[O-]
dude_aldr__L008578,c1ccc2c(c1)CCN2C3=NC(=O)[C@@H](C4([N-]3)CCCC4)C#N
dude_aldr__L008579,Cc1cccc(c1)c2nnc(n2CC(=O)N(C)c3ccc(cc3)F)[S-]
dude_aldr__L008580,Cc1ccc2nc(c(n2c1)CC(=O)N3CCC[C@H](C3)C(=O)[O-])c4ccc(c(c4)C)F
dude_aldr__L008581,CC(C)S(=O)(=O)[C@H]1CCCN([C@@]12CC[C@@H](C2)O)O
dude_aldr__L008582,CSc1ncc(c(n1)[O-])C(=O)N2[C@@H](CC=C[C@H]2c3ccccc3)CC=C
dude_aldr__L008583,c1ccc(c(c1)/C=N/n2c(nnc2[S-])c3cccnc3)Cl
dude_aldr__L008584,COc1ccc(cc1OCc2ccccc2)/C=N/n3c(nnc3[S-])c4cccc(c4)Cl
dude_aldr__L008585,Cc1c(nc(nc1N2CCC[C@@H](C2)C(=O)[O-])N3CCc4ccccc4C3)C
dude_aldr__L008586,c1cc(cnc1)c2cc(nc(n2)c3cnccn3)[S-]
dude_aldr__L008587,c1ccc(c(c1)C(=O)N2CCO[C@H]3[C@H]2CCCC3)C(=O)[O-]
dude_aldr__L008588,Cc1csc(n1)S[C@]2(CCCC[C@H]2C)C(=O)[O-]
dude_aldr__L008589,CC(C)c1nc2cc(ccc2o1)[N-]S(=O)(=O)c3cccc(c3)C(=O)C
dude_aldr__L008590,CCCn1c2c(c(c(c1=O)/C(=N/c3nnc(s3)C)/O)[O-])C[C@@H](CC2)C
dude_aldr__L008591,c1cc(c(c(c1)F)C#N)[N-]S(=O)(=O)C2CCCCC2
dude_aldr__L008592,c1cc(ncc1C(F)(F)F)SC[C@@H]2CC[C@H](O2)C(=O)[O-]
dude_aldr__L008593,C[C@]12CC[C@H]3[C@H]([C@@H]1CCC2=O)[C@@H](C=C4[C@@]3(CC[C@@H](C4)OS(=O)(=O)[O-])C)O
dude_aldr__L008594,C[C@@H]1CC[C@H]2[C@@]([C@@]13CC[C@]4(O3)CC(=O)OC4)(CC[C@@H]([C@@]2(C)CO)O)C
dude_aldr__L008595,Cc1ccccc1/C=C/C(=O)N2CCC(CC2)(C)C(=O)[O-]
dude_aldr__L008596,Cc1c(c(n(n1)C)Cl)S(=O)(=O)/N=C(/Cn2cncn2)\[O-]
dude_aldr__L008597,C[C@H]1CCCC[C@@H]1CN2C[C@@H](CCC2=O)C(=O)[O-]
dude_aldr__L008598,Cc1c(c(n(n1)c2ccc(cc2)Cl)c3cccnc3)C(=O)[O-]
dude_aldr__L008599,C[C@@H]1CC[C@@H]([C@@H](C1)Sc2ccccc2[N+](=O)[O-])C(=O)[O-]
dude_aldr__L008600,c1ccc(cc1)CCN\2C(=O)C[C@H](S/C2=N\c3ccc(cc3)OC(F)(F)F)C(=O)[O-]
dude_aldr__L008601,c1cc(sc1)C(=O)C2=C(C(=O)N([C@H]2c3ccc(cc3)Cl)CCCn4ccnc4)[O-]
dude_aldr__L008602,C[C@H](C(=O)N1CCC[C@@H]1C(=O)[O-])Oc2ccc(cc2)Br
dude_aldr__L008603,c1ccc(c(c1)[N-]S(=O)(=O)c2ccc(cc2)C#N)OCc3cscn3
dude_aldr__L008604,CC[C@H](C)C[C@](CC)(C(=O)[O-])n1cccnc1=O
dude_aldr__L008605,CCOc1cc(cc(c1OCC)Br)/C=C/C(=O)C2=C([C@@H](N=C2C)C(=O)[O-])C
dude_aldr__L008606,CN1C(=O)c2ccc(cc2C1=O)S(=O)(=O)[N-]c3ccc(cc3)SC
dude_aldr__L008607,Cc1ccc(cc1C)[N-]S(=O)(=O)c2c(sc(c2c3ccno3)C)C
dude_aldr__L008608,C[C@H]1Cc2cc(c(cc2N1C(=O)C)S(=O)(=O)[N-]c3ccc(c(c3)Cl)OC)Br
dude_aldr__L008609,C[C@@H]1Cc2ccccc2N1C(=O)/C=C/c3ccc(cc3)[N-]S(=O)(=O)C
dude_aldr__L008610,Cc1c(cn[nH]1)S(=O)(=O)N2c3ccc(cc3C[C@@H]2C)N
dude_aldr__L008611,CCCCSC1=NC(=O)[C@H]2[C@H](C3=C(CCCC3=NC2=N1)[O-])c4ccc(o4)C
dude_aldr__L008612,Cc1nccn1c2ccc(cn2)[N-]S(=O)(=O)c3c[nH]nc3
dude_aldr__L008613,CSc1cc2c(cc1[N-]S(=O)(=O)C3CCCCC3)OCCO2
dude_aldr__L008614,CCn1c(c2ccc(cc2nc1=S)C(=O)N(C)c3ccc(cc3)F)[O-]
dude_aldr__L008615,C[C@@H](/C(=N/S(=O)(=O)C1CCCCC1)/[O-])Sc2nncs2
dude_aldr__L008616,CCc1ccc(cc1)C2=NN=C[C@H]2/C=N\[N-]S(=O)(=O)c3ccc(cc3)Cl
dude_aldr__L008617,Cc1ccc(cc1)S(=O)(=O)/N=C(\CN2CCOCC2)/[N-]c3ccccc3C
dude_aldr__L008618,C[C@@H]1CCc2c(cnc3n2ncc3C(=O)N[C@@H]4CCC[C@@H]([C@@H]4C)C)C1
dude_aldr__L008619,C[C@@H](CC#N)Sc1ccccc1[N-]S(=O)(=O)c2cnn(c2)C
dude_aldr__L008620,Cc1ccsc1[C@@H](C(=O)[O-])Nc2ccccc2Br
dude_aldr__L008621,Cc1c(c(n(n1)C)C)/C=C/C(=O)N2C[C@H](CC[C@@H]2C)C(=O)N
dude_aldr__L008622,C[C@@H](c1cccc(c1)N2CCCC2=O)NC(=O)Nc3ccc(c(c3)C(=O)NC)F
dude_aldr__L008623,C[C@](c1ccncc1)(C(=O)[O-])n2nc(nn2)c3ccco3
dude_aldr__L008624,Cc1ccc(cc1C(=O)[O-])S(=O)(=O)N2CCc3c(ccs3)[C@@H]2c4ccccc4
dude_aldr__L008625,C[C@@H](c1cc(ccc1F)F)N(C)/C(=N/c2nnc(s2)c3ccsc3)/[O-]
dude_aldr__L008626,Cc1ccc(cc1C)/C(=C\C(=O)C(F)F)/[O-]
dude_aldr__L008627,C[C@H](C1CCCCC1)N2C[C@H](CCC2=O)C(=O)[O-]
dude_aldr__L008628,c1[nH]c(=O)c2c(n1)n(c(n2)N3CCCCC3)[C@H]4[C@@H]([C@@H]([C@H](O4)CO)O)O
dude_aldr__L008629,Cc1ccc(c(=O)[nH]1)/C(=N/S(=O)(=O)c2ccc(c(c2)C(F)(F)F)C#N)/[O-]
dude_aldr__L008630,c1ccc(c(c1)C(=O)N2CCC[C@@H](C2)O)[N-]S(=O)(=O)c3cc(cc(c3)F)F
dude_aldr__L008631,Cc1ccc(cc1C)n2c(cc(c2C)/C=C/3\C(=NC(=O)N(C3=O)c4cccc(c4)Br)[O-])C
dude_aldr__L008632,Cn1c(c2ccc(cc2nc1=S)C(=O)N3CCO[C@H](C3)c4ccccc4F)[O-]
dude_aldr__L008633,Oc2ccc(S(=O)(=O)Cc1c(F)cccc1Cl)nn2
dude_aldr__L008634,C[C@@H](/C(=N/O)/N)C(=O)N1CCCC[C@H]1C(=O)NC
dude_aldr__L008635,Cc1c(n[nH]c(=O)c1C(=O)N2CSC[C@H]2C(=O)[O-])C
dude_aldr__L008636,C[C@H]1C(=C(C(=N1)/C(=N/c2nc(cs2)c3ccc(cc3)Cl)/[O-])C)C(=O)OC
dude_aldr__L008637,Cc1ccc(s1)c2cn3cc(ccc3n2)C(=O)[O-]
dude_aldr__L008638,Cc1cc(ccc1NC(=S)N[C@H](C(Cl)(Cl)Cl)NC(=O)C)[N+](=O)[O-]
dude_aldr__L008639,CC(C)CS(=O)(=O)[N-]c1cccc(c1)c2nnnn2C3CC3
dude_aldr__L008640,OC(=O)Cc1cc(=O)oc3c1ccc2ccccc23
dude_aldr__L008641,Cc1ccc(cc1[N-]S(=O)(=O)C)NC(=O)[C@H]2CC(=NO2)c3ccccc3
dude_aldr__L008642,CC1(CCN(CC1)c2nnc(s2)[S-])C
dude_aldr__L008643,c1cc(ccc1c2c[nH]c(=S)nc2N)[N+](=O)[O-]
dude_aldr__L008644,c1ccc(cc1)C2(CCN(CC2)C(=O)c3ccc(nc3)Cl)C(=O)[O-]
dude_aldr__L008645,CC(C)S(=O)(=O)/N=C(/CCn1cc(nc1)[N+](=O)[O-])\[O-]
dude_aldr__L008646,c1cc2c(cccn2)c(c1)NC(=O)c3ccn(n3)c4ccc(cc4)F
dude_aldr__L008647,CCC1CCN(CC1)C(=O)N2CCC[C@@](C2)(CC)C(=O)[O-]
dude_aldr__L008648,CCN1c2c(cccc2C=CC1=C3C(=NC(=S)S3)[O-])C
dude_aldr__L008649,c1ccc2c(c1)c(c([nH]2)/C=N/c3ccccc3Cl)[O-]
dude_aldr__L008650,c1ccc(c(c1)C(=O)n2cnc3c2cccc3)NC(=O)c4[n-]ncn4
dude_aldr__L008651,c1ccc2c(c1)ccn2Cc3cc(n[nH]3)C(=O)N[C@H](CO)c4cccnc4
dude_aldr__L008652,CC1(Cc2c(c(nc(c2C#N)[S-])N3CCCC3)CO1)C
dude_aldr__L008653,Cc1ccccc1n2cnnc2SCC(=O)Nc3c(c4c(s3)CCCC4)C(=O)N
dude_aldr__L008654,CS(=O)(=O)c1c(cc(cc1F)[N-]S(=O)(=O)c2ccc(cc2)[N+](=O)[O-])F
dude_aldr__L008655,Cc1ccc(c2c1N[C@H]([C@H]3[C@@H]2C=CC3)c4cccc(c4)[N+](=O)[O-])C(=O)[O-]
dude_aldr__L008656,C[C@@H]1CCc2c(sc3c2c(=O)n(c(n3)SCc4cccc(c4)C(=O)[O-])CCOC)C1
dude_aldr__L008657,Cc1ccc(cc1S(=O)(=O)N2CCCCC2)C(=O)N[C@H](C(C)C)C(=O)[O-]
dude_aldr__L008658,Cc1ccc(cc1C)[C@@H]2CCCN2C(=O)C(=O)Nc3ccc(c(c3)NC(=O)C)C
dude_aldr__L008659,CC(C)n1cc(cc1C(=O)Nc2ccc(s2)C(=O)[O-])Cl
dude_aldr__L008660,Cc1cc(c(c(c1)C)[N-]S(=O)(=O)c2ccnc(c2)Cl)C
dude_aldr__L008661,c1cc2c(cc1Cl)ncnc2Sc3[nH]nc(n3)C4CCCC4
dude_aldr__L008662,c1ccc2c(c1)nnn2c3c(c(ncn3)N4CCC(CC4)C(=O)[O-])[N+](=O)[O-]
dude_aldr__L008663,C=CCN1[C@H](C(=C(C1=O)[O-])C(=O)c2ccc(cc2)OCC=C)c3cccc(c3)Br
dude_aldr__L008664,CCc1ccc(s1)S(=O)(=O)[N-]c2ccc(cc2)CS(=O)(=O)C
dude_aldr__L008665,CO[C@@]12CC[C@@H](C=C1)c3c2c(c4c(c3[O-])cccn4)O
dude_aldr__L008666,Cc1c(c(n(n1)c2ccc(nn2)N3CCCC3)C)CCC(=O)[O-]
dude_aldr__L008667,Cc1ccc(n1c2c(c(sc2C(=O)[O-])C)C)C
dude_aldr__L008668,C[NH+]1CCC(CC1)N2CCC[C@H](C2)C(=O)[O-]
dude_aldr__L008669,Cc1ccccc1C(=O)NNC(=O)[C@]23CC[C@H](C2)C(C3=O)(C)C
dude_aldr__L008670,Cc1c2c(ncnc2[S-])n(n1)c3ccccc3
dude_aldr__L008671,Cc1c(c(n(n1)C)N[C@]2(CCC[C@@H](C2)C)C(=O)[O-])[N+](=O)[O-]
dude_aldr__L008672,C1CC[C@@H]2[C@H](C1)CCCN2C(=O)N(CC(=O)[O-])C3CC3
dude_aldr__L008673,Cc1c(c2nc(cc(n2n1)[O-])c3cnccn3)c4ccc(cc4)Cl
dude_aldr__L008674,CC(=O)Nc1ccc(cc1)NC(=O)/C(=C\c2csc(n2)c3ccsc3)/C#N
dude_aldr__L008675,c1cc(c(cc1C(=O)Nc2c(c3c(s2)CCCC3)C(=O)[O-])F)F
dude_aldr__L008676,C1CCc2c(sc(c2C#N)[N-]S(=O)(=O)CCCCl)CC1
dude_aldr__L008677,Cc1c(cccc1S(=O)(=O)[N-]c2cccc(c2)N3CCCC3=O)[N+](=O)[O-]
dude_aldr__L008678,c1c(csc1C[C@]2(C[C@H]3CC[C@@H]2C3)C(=O)[O-])Br
dude_aldr__L008679,Cc1cccc(c1)OCCOc2ccccc2CCN3C[C@H](CC3=O)C(=O)[O-]
dude_aldr__L008680,Cc1c(cccc1NC[C@H]2C[C@H]3C[C@@H]2C=C3)C(=O)[O-]
dude_aldr__L008681,c1cc(sc1/C(=C\C(=O)c2ccncc2)/[O-])Cl
dude_aldr__L008682,CC1=C(N=N[C@@H]1c2ccc(s2)S(=O)(=O)[N-]c3ccc(cc3)C(=O)C)C
dude_aldr__L008683,CCOc1ccc(cc1)c2nnc(o2)SCC(=O)N3CCC[C@H](C3)C(=O)[O-]
dude_aldr__L008684,Cc1ccc(cc1)S(=O)(=O)[N-]c2nnc(s2)c3cccnc3
dude_aldr__L008685,C1CC[C@@H]([C@@H](C1)C(=O)[O-])OCCO
dude_aldr__L008686,Cc1cnc(s1)NC(=O)c2c(c(n[nH]2)C)Br
dude_aldr__L008687,CCCC(=O)N1CSC[C@@H]1C(=O)NC2[C@@H]3CCC[C@H]2C[NH+](C3)C4CC4
dude_aldr__L008688,Cc1cccc(c1C)n2c3c(c(n2)C(=O)[O-])COCC3
dude_aldr__L008689,CC(=O)c1cccc(c1)S(=O)(=O)[N-]c2ccc(cc2)C(=O)N3CCCC3
dude_aldr__L008690,Cc1c(cccc1S(=O)(=O)N)NC(=O)c2c(oc(n2)c3cccs3)C
dude_aldr__L008691,Cc1ccccc1[N-]S(=O)(=O)c2cc(oc2C)[C@@H]3C=C(N=N3)C
dude_aldr__L008692,c1ccc2c(c1)c3c([nH]2)C[C@H]([C@H]4[C@@H]3CCC4)C(=O)[O-]
dude_aldr__L008693,Cc1ccc(cc1C(=O)Nc2ccc(c(c2)N3CCCC3=O)F)[N+](=O)[O-]
dude_aldr__L008694,CC(=O)Nc1cccc(c1)[N-]S(=O)(=O)CCC(=O)NCC2CCCC2
dude_aldr__L008695,C[C@@H](c1ccncc1)NC(=O)c2ccc(cc2)[N-]S(=O)(=O)c3cccs3
dude_aldr__L008696,CCCCOc1cccc(c1)C(=O)C2=C(C(=O)N([C@@H]2c3ccc(cc3)C(=O)OC)Cc4ccco4)[O-]
dude_aldr__L008697,CCCc1ccc(cc1)S(=O)(=O)[N-]c2cc(ccc2Cl)C(=O)N(C)C
dude_aldr__L008698,CN(C(=O)c1ccc(cc1)[N-]S(=O)(=O)/C=C/c2ccccc2)C3(CCC3)C#N
dude_aldr__L008699,Cc1ccc(cc1)[N-]S(=O)(=O)C[C@@H](C)C(=O)N[C@@H]2CCS(=O)(=O)C2
dude_aldr__L008700,Cc1cc(cc(c1)[C@@H]2[C@H](CC(=O)N2C(C)C)C(=O)[O-])C
dude_aldr__L008701,c1c(cc(c(c1[N-]S(=O)(=O)c2cc(cnc2Cl)Br)F)F)F
dude_aldr__L008702,c1c2c(cc(c1Br)Br)[nH]cc2C(=O)[O-]
dude_aldr__L008703,CN([C@@H]1CCCc2c1cccc2)C(=O)c3ccc(cc3)c4[n-]nnn4
dude_aldr__L008704,CCOc1cc(ccc1OC(C)C)[C@H]2CC(=Nc3n2ncn3)C(=O)[O-]
dude_aldr__L008705,CC[C@@]1(CCCN(C1)C(=O)c2cc(cn2C)Br)C(=O)[O-]
dude_aldr__L008706,CC1=C([C@H](/C(=C(\[O-])/OCCOC)/C(=N1)C)c2cccc(c2)[N+](=O)[O-])C(=O)OC/C=C/c3ccccc3
dude_aldr__L008707,Cc1c(c(nc(n1)C(C)(C)C)C)C(=O)[O-]
dude_aldr__L008708,CC(C)S(=O)(=O)Cc1ccc(cc1)[N-]S(=O)(=O)C2CCCCC2
dude_aldr__L008709,Cc1cc(no1)OCC(=O)N/N=C(\C)/c2ccc(cc2)S(=O)(=O)N3CCC(CC3)C(=O)[O-]
dude_aldr__L008710,Cc1c[nH]c(=O)n1c2ccc(cc2)C(=O)N[C@@H]3CCc4c3cccc4
dude_aldr__L008711,Cc1ccc(cn1)Cn2cnnc2SCC(=O)[O-]
dude_aldr__L008712,CC(C)c1ccc(cc1)CN2CCN(CC2)C(=O)c3cccnc3[S-]
dude_aldr__L008713,COC(=O)[C@H]1[C@H]2C=C[C@@H]([C@@H]1C(=O)[O-])[C@@H]3[C@@H]2C(=C3Br)Br
dude_aldr__L008714,C[C@@H]1CCCCN1c2cc(nc(n2)SCc3cccc(c3)C(=O)[O-])c4ccccc4
dude_aldr__L008715,CC1(Cc2cccc(c2O1)OC3(CCSCC3)C(=O)[O-])C
dude_aldr__L008716,CC1CCN(CC1)c2nc3c(=O)[nH]c(nc3n2[C@H]4[C@@H]([C@@H]([C@@H](O4)CO)O)O)N
dude_aldr__L008717,c1c(cc(c(c1Cl)NC(=O)NC(=O)/C=C/C(=O)[O-])Cl)Br
dude_aldr__L008718,C[C@@H](c1ccc(cc1)NC(=O)NC2CC2)NC(=O)Nc3c(cccc3F)F
dude_aldr__L008719,CCN([C@@H](C)COC)C(=O)N1C[C@H](C[C@@H]1C(=O)[O-])OC
dude_aldr__L008720,CCN([C@@H](C)CC(=O)[O-])C(=O)N1CC[C@@H]2CCCC[C@@H]2C1
dude_aldr__L008721,Cc1cc(nc(c1C(=O)[O-])S[C@@H](c2ccccc2)C(=O)N(C)C)C
dude_aldr__L008722,C1C[C@H](C(=O)NC1)NC(=O)[C@@H]2CCS(=O)(=O)C2
dude_aldr__L008723,COc1ccc(cc1N2C[C@H](CC2=O)C(=O)N3CCc4c3ccc(c4)C(=O)[O-])Cl
dude_aldr__L008724,c1c(c(cc2c1OCCCO2)NC(=O)C3CCCCC3)C(=O)[O-]
dude_aldr__L008725,Clc3ccc(S(=O)(=O)NCCCc1ccccc1)c(C2NC(=O)NC2=O)c3
dude_aldr__L008726,c1cc(cc(c1)n2cccn2)[N-]S(=O)(=O)c3c(cccc3F)F
dude_aldr__L008727,CC1=C2[C@@H](SCC(=N[C@H]2N=N1)O)c3cc4c(c(c3)Cl)OCO4
dude_aldr__L008728,C[C@]12C[C@H](CC(C1)(C)C)N(C2)C(=O)C3=C/C(=C\4/C=CC=CC4=O)/ON3
dude_aldr__L008729,c1nc(c2c(n1)n(cn2)[C@@H]3[C@H]([C@@H]([C@@H](O3)COP(=O)(S)S)O)O)N
dude_aldr__L008730,Cc1c(cc(cc1Sc2ccccc2F)C(=O)[O-])[N+](=O)[O-]
dude_aldr__L008731,Oc3ccc(S(=O)(=O)c2ccc1ccccc1c2)nn3
dude_aldr__L008732,CC(C)Oc1ccc(cc1)C(=O)C2=C(C(=O)N([C@@H]2c3ccccc3F)c4nccs4)[O-]
dude_aldr__L008733,Cc1ccc(cc1C)S(=O)(=O)/N=C(/c2ccc(o2)Br)\[O-]
dude_aldr__L008734,Cc1ccc(cc1F)C(=O)C2=C(C(=O)N([C@H]2c3ccc(cc3)OCC=C)CC=C)[O-]
dude_aldr__L008735,CC(C)C(=O)n1c(c2cc(cc(c2nc1=S)Cl)Cl)[O-]
dude_aldr__L008736,Cc1ccc2c(c1)nc(nc2[O-])/C(=C/c3ccc(o3)c4c(cccc4Cl)Cl)/C#N
dude_aldr__L008737,Cc1ccc(cc1S(=O)(=O)/N=C(/[C@@H](C)SC)\[O-])Br
dude_aldr__L008738,C[C@H](C(=O)NC(=O)N1CCC[C@H]1C(=O)N)Cl
dude_aldr__L008739,Cc1ccc(s1)S(=O)(=O)/N=C(/c2cc(n(c2C)c3cccnc3)C)\[O-]
dude_aldr__L008740,CCCSC1=NC(=O)[C@H]2[C@H](C3=C(CCCC3=NC2=N1)[O-])c4ccc(cc4)Br
dude_aldr__L008741,Cc1ccc(cc1S(=O)(=O)N)C(=O)O[C@@H](C)C(=O)Nc2c(cc(cc2C)C)C
dude_aldr__L008742,Cc1cccc2c1N[C@@H]([C@@H]3[C@@H]2C=CC3)c4ccc(cc4)C(=O)[O-]
dude_aldr__L008743,C[C@H]1CCCCN1S(=O)(=O)N2c3ccc(cc3C[C@@H]2C)N
dude_aldr__L008744,CCCOc1cccc(c1)[C@H]2C(=C(C(=O)N2c3nnc(s3)SCC)[O-])C(=O)c4ccc(cc4)F
dude_aldr__L008745,CC[C@]1(CCN(C1)C(=O)Cn2ccc(n2)[N+](=O)[O-])C(=O)[O-]
dude_aldr__L008746,C[C@@H]1CCCCN1c2c(c(ncn2)N3CCN(CC3)c4ccccc4)N
dude_aldr__L008747,Cc1cccc(c1C)[N-]S(=O)(=O)c2ccc(s2)[C@H]3C=C(N=N3)C
dude_aldr__L008748,CCC1(CCN(CC1)S(=O)(=O)N2CCCC[C@@H]2C)C(=O)[O-]
dude_aldr__L008749,c1ccc(c(c1)O[C@@]2(CCCSC2)C(=O)[O-])Cl
dude_aldr__L008750,c1ccc2c(c1)CC[C@H]2NC(=O)C(=O)Nc3cccc4c3cccn4
dude_aldr__L008751,CC[C@@](c1cccc(c1)Cl)(C(=O)[O-])Sc2ccncc2N
dude_aldr__L008752,CC(=O)c1cccc(c1)S(=O)(=O)[N-]c2nc3c(s2)C(=O)CCC3
dude_aldr__L008753,c1ccc(cc1)[C@H](C(=O)N2CCOCC2)Sc3[n-]c(nn3)CC4CCCC4
dude_aldr__L008754,Cc1cc(c(n1C2CCCCC2)C)/C=C(\C#N)/C(=O)[O-]
dude_aldr__L008755,C1CN(CC(=O)N1)C(=O)N2CSC[C@@H]2C(=O)[O-]
dude_aldr__L008756,c1ccc(cc1)c2c3c(cc(n2)C(=O)N4CCOCC4)c5ccccc5[nH]3
dude_aldr__L008757,C[C@@H]1C[C@@H](CC(C1)(C)C)NC(=O)[C@@H]2CC=CC[C@@H]2C(=O)[O-]
dude_aldr__L008758,Cc1ccc(cc1)[N-]S(=O)(=O)[C@@H]2C(=CN=N2)C(=O)Nc3ccc(cc3)Cl
dude_aldr__L008759,Cc1cccc(c1)c2nnc(n2CC(=O)N3C[C@@H](C[C@H](C3)C)C)[S-]
dude_aldr__L008760,C[C@@H]1Cc2ccccc2N1C(=O)[C@H](C)S(=O)(=O)c3[n-]c4ccccc4n3
dude_aldr__L008761,C[C@@H]([C@H]1C[C@H]2CC[C@@H]1C2)NC(=O)C(=O)Nc3ccc(cc3)N4CCNC4=O
dude_aldr__L008762,C#CCCOc1ccc(cc1)/C=C(/C#N)\c2nc3cc(ccc3c(n2)[O-])Cl
dude_aldr__L008763,CCCN(CC(=O)[O-])C(=O)[C@H]1CCCN(C1)S(=O)(=O)C
dude_aldr__L008764,CCO/C(=C\1/[C@@H](C(=C(N=C1CSc2ccccc2C)C)C#N)c3ccccc3C(F)(F)F)/[O-]
dude_aldr__L008765,Cc1cccc(c1S(=O)(=O)[N-]c2ccc(cc2)CS(=O)(=O)C)[N+](=O)[O-]
dude_aldr__L008766,Cc1ccc(cc1)[N-]S(=O)(=O)C[C@@H](C)C(=O)N2CC[C@@H](C2)c3ccco3
dude_aldr__L008767,CC(C)c1ccc(cc1)[S@@](=O)C[C@@H]2CC[C@@H](O2)C(=O)[O-]
dude_aldr__L008768,c1ccc(c(c1)/C=N/n2c(nnc2[S-])c3ccc(cc3Cl)Cl)Br
dude_aldr__L008769,c1cc(sc1c2cc(nc(n2)[O-])C(F)(F)F)Cl
dude_aldr__L008770,Cc1ccc(cc1)C(=O)C2=C(C(=O)N([C@H]2c3ccc(cc3)C(C)C)c4nccs4)[O-]
dude_aldr__L008771,CCCC(=O)N[C@@H]1CCCN(C1)C(=O)NCc2cccc(c2)C(=O)NC(C)C
dude_aldr__L008772,COC(=O)c1cc(ccc1O)S(=O)(=O)[N-]c2cc(cc(c2)F)F
dude_aldr__L008773,c1cc(ccc1/C=C(\C#N)/c2ccc(cc2)C(=O)[O-])N3CCCCC3
dude_aldr__L008774,c1cc(ccc1N2C(=O)/C(=C/c3cc(ccc3Cl)[N+](=O)[O-])/C(=NC2=S)[O-])Br
dude_aldr__L008775,c1cc(oc1C(=O)N2[C@@H]3CCCC[C@@H]3C[C@@H]2C(=O)[O-])Cl
dude_aldr__L008776,c1cc2c(c[nH]c2nc1)S(=O)(=O)N3CCO[C@H](C3)C(=O)[O-]
dude_aldr__L008777,Cc1c(non1)CN2CC[NH+](CC2)[C@@H](c3c[nH]c4c3cc(cc4)NC(=O)CCC(=O)[O-])C(=O)[O-]
dude_aldr__L008778,C[C@@H]1CCCCN1C(=O)c2ccc(cc2Cl)[N-]S(=O)(=O)c3ccccc3
dude_aldr__L008779,c1ccc(cc1)Cn2c3c(cn2)c(ncn3)[S-]
dude_aldr__L008780,CCOc1ccc(cc1Br)[N-]S(=O)(=O)c2cccc(c2)C(=O)N(C)C
dude_aldr__L008781,c1ccc(cc1)C(c2ccccc2)N3CCN(CC3)C(=O)Cn4c(nnc4[S-])c5cccs5
dude_aldr__L008782,c1cc(c(cc1C(=O)N2CCC[C@@H]2c3ccsc3)F)N
dude_aldr__L008783,c1cc(nn2c1nc(c2C(=O)[O-])CCC3CCCC3)Cl
dude_aldr__L008784,C[C@@H](C(=O)C)SC1=NS(=O)(=O)c2ccccc2[N-]1
dude_aldr__L008785,C[C@@H]1CCC[C@@H](N1C(=O)C2(CCCCCC2)C(=S)N)C
dude_aldr__L008786,c1cc(cc(c1)[N+](=O)[O-])C(=O)[C@@H]2[C@H]3[C@@H]([C@@H]4N2N=CC=C4)C(=NC3=O)[O-]
dude_aldr__L008787,c1cc(cc(c1)[N-]S(=O)(=O)c2ccc(c(c2)Cl)Cl)C(=O)NCC(F)(F)F
dude_aldr__L008788,COC(=O)Cc1csc(n1)[N-]S(=O)(=O)c2cccnc2Cl
dude_aldr__L008789,C[C@]12CC[C@@H]3[C@H]([C@@H]1CC[C@@H]2C(=O)[O-])CC=C4[C@@]3(CCC(=O)N4)C
dude_aldr__L008790,Cc1ccc(cc1Cl)N2C(=O)C[C@H](C2=O)Nc3ccc(c(c3)NC(=O)C)F
dude_aldr__L008791,c1ccc(cc1)[C@@H]([C@@H](C(=O)[O-])NSc2ccccc2[N+](=O)[O-])O
dude_aldr__L008792,c1c2c([nH]c(n2)N)ncn1
dude_aldr__L008793,c1csc2c1[C@@H](N(CC2)C(=O)[C@H]3CCC=CC3)C(=O)[O-]
dude_aldr__L008794,Cc1ccc2cccc(c2n1)Nc3c(c(ncn3)NCCC4=CCCCC4)N
dude_aldr__L008795,Cc1c(c(n(n1)C)Cl)/C=C/C(=O)NNC(=O)c2cc3c(s2)CC[C@@H](C3)C
dude_aldr__L008796,Cc1ccc(c(c1)Br)OCCCc2nnc(o2)SCC(=O)[O-]
dude_aldr__L008797,c1cc(sc1)S(=O)(=O)[N-]c2ccc(cc2Br)S(=O)(=O)N
dude_aldr__L008798,CCC1(CCN(CC1)c2c3ccsc3ncn2)C(=O)[O-]
dude_aldr__L008799,CC(=O)N1CCN(CC1)C(=O)N2CCC[C@H](C2)C(=O)[O-]
dude_aldr__L008800,c1cc2c(cc1S(=O)(=O)NC3CCCC3)NC(=O)CS2
dude_aldr__L008801,CN(Cc1cn(nc1c2ccc(cc2)F)c3ccccc3)C(=O)/C=C/C(=O)[O-]
dude_aldr__L008802,Cc1c(sc(n1)[N-]S(=O)(=O)c2ccc(c(c2)F)F)C(=O)OC
dude_aldr__L008803,COc1ccc(cc1)C2=C[C@H](N=C(N2)[S-])c3ccc(c(c3)OC)OC
dude_aldr__L008804,c1cc(ncc1C(F)(F)F)S[C@@H]2CCCCC[C@@H]2C(=O)[O-]
dude_aldr__L008805,C[C@@H]1CCCC[C@@H]1NC(=O)c2ccc(cc2)n3cnc4c3nccc4
dude_aldr__L008806,C1CC[C@H]2[C@H](C1)N(CCO2)C(=O)C3(CCOCC3)C(=S)N
dude_aldr__L008807,c1ccc2c(c1)OC[C@@H](O2)C(=O)Nc3ccc(cc3)c4nccs4
dude_aldr__L008808,Cc1ccccc1S(=O)(=O)[N-]c2c(nc3ccccc3n2)N4C[C@H](O[C@H](C4)C)C
dude_aldr__L008809,Cc1cccn2c1nc(c2CC(=O)N3CCC[C@H]3C(=O)[O-])c4ccc(c(c4)C)C
dude_aldr__L008810,Cc1c(cnn1C)NC(=O)c2c3c(on2)CC[C@@H](C3)C(C)(C)C
dude_aldr__L008811,c1cc(cnc1)C#Cc2c3c(nccn3c(n2)C4CCC4)N
dude_aldr__L008812,Cc1ccc(cc1C)S(=O)(=O)[N-]c2ccccc2OC(F)(F)F
dude_aldr__L008813,Cc1cc(cnc1Sc2c3c(nc[nH]3)ncn2)N
dude_aldr__L008814,C1CC[C@H]2CN(CC[C@@H]2C1)C(=O)N3CCC[C@H]3C(=O)[O-]
dude_aldr__L008815,Cc1ccc(cc1)n2c(nnn2)N3CCC[C@@H](C3)c4[nH]c5ccccc5n4
dude_aldr__L008816,CCCN([C@@H](c1ccco1)C(=O)NCS(=O)(=O)c2ccc(cc2)C)C(=O)c3cc(ccc3[O-])[N+](=O)[O-]
dude_aldr__L008817,c1c2nnnn2c(cn1)N3CCCC[C@H]3CCC(=O)[O-]
dude_aldr__L008818,CCc1c(c(n[nH]1)C(=O)Nc2c(cc(cc2C)Br)C)N
dude_aldr__L008819,CO[C@H]1C[C@@H](N(C1)S(=O)(=O)CC2CCCCC2)C(=O)[O-]
dude_aldr__L008820,CCc1ccc2c(c1)S(=O)(=O)N=C([N-]2)SCC#N
dude_aldr__L008821,Oc3cc(O)c2c(=O)c(O)c(c1ccc(O)c(O)c1)oc2c3
dude_aldr__L008822,C[C@@]12CC(=O)[C@@H]3[C@@H]([C@@H]1CC[C@@]2(C(=O)CO)O)CCC4=CC(=O)C=C[C@@]34C
dude_aldr__L008823,c1c(cn2c(n1)ncn2)N
dude_aldr__L008824,CCc1ccc2c(c1)S(=O)(=O)N=C([N-]2)S[C@H](C)C(=O)OC
dude_aldr__L008825,Cc1cc2c(c(=O)o1)[C@@H](C(=C(O2)N)C#N)c3cccs3
dude_aldr__L008826,Cc1ccc(s1)C(=O)CSc2nc3cc(ccc3c(=O)n2c4ccc(cc4)F)C(=O)[O-]
dude_aldr__L008827,COc1ccc(cc1/C=N/NC(=O)CSc2nnc(s2)N)Br
dude_aldr__L008828,C[C@H]1CCc2c(cc(s2)C(=O)Nc3c(cccn3)[O-])C1
dude_aldr__L008829,Cc1cc(c(c(c1)C)OC/C(=C(\C#N)/C(=O)N2CCCC2)/[O-])C
dude_aldr__L008830,c1cc(sc1)c2nnc(n2CC(=O)NCC34CC5CC(C3)CC(C5)C4)[S-]
dude_aldr__L008831,CC(C)c1ccccc1[N-]S(=O)(=O)c2cc(cs2)c3nc(cs3)C(C)(C)C
dude_aldr__L008832,c1cc(c(cc1Sc2ccc(o2)C(=O)[O-])F)F
dude_aldr__L008833,CO/C(=N/S(=O)(=O)c1ccc(cc1)N=NN2CCOCC2)/[O-]
dude_aldr__L008834,Cc1ccc(cc1)C2=C[C@H](N=N2)c3nnc4n3N[C@H](S4)c5ccccn5
dude_aldr__L008835,Cc1ccc(cc1N(C)C)[N-]S(=O)(=O)[C@H]2C=C(N=C2)C(=O)OC
dude_aldr__L008836,CCCn1c(ccc1C(=O)[O-])c2ccc(cc2Br)[N+](=O)[O-]
dude_aldr__L008837,Cn\1cc([nH]/c1=N\C(=O)c2ccc(cc2)C3SCCCS3)[O-]
dude_aldr__L008838,Cc1ccc(cc1[N-]S(=O)(=O)C)NS(=O)(=O)c2ccc(cc2C)OC
dude_aldr__L008839,c1cc(cc(c1)Cl)c2c3c(n(nc3nc(n2)NC[C@@H]4CCCO4)c5ccc(cc5)Cl)N
dude_aldr__L008840,c1c(cc(cc1Cl)Cl)/C=C/C(=O)N(CC2CC2)CC(=O)[O-]
dude_aldr__L008841,C/C=C/C(=O)Nc1cc(c(cc1F)F)C(=O)[O-]
dude_aldr__L008842,Cc1ccccc1C(=O)NNC(=O)[C@@]23CC[C@@H](C2)C(C3=O)(C)C
dude_aldr__L008843,C1C[C@](COC1)([C@@H]2CCS(=O)(=O)C2)C(=O)[O-]
dude_aldr__L008844,Cc1c(sc(n1)[N-]S(=O)(=O)c2ccc3c(c2)oc(=O)n3C)C(=O)OC
dude_aldr__L008845,C[C@H]1CN(C[C@H](O1)c2ccccc2)C(=O)Nc3ccc(nc3)n4cccn4
dude_aldr__L008846,Cn1c(cnc1Sc2c(cccn2)C(=O)[O-])c3ccccc3
dude_aldr__L008847,Cc1cc(c(c(c1)C)[N-]S(=O)(=O)c2ccc(s2)c3cnc(o3)C)C
dude_aldr__L008848,Cc1cccc(c1)C(=O)N/N=C/2\CCCc3c2c(c(o3)C(=O)OC)C
dude_aldr__L008849,Cc1ccc(cc1)[N-]C2=NC(=O)[C@@H](S2)Cc3nc(nn3c4ccc(cc4)F)C
dude_aldr__L008850,Cc1c2cc3c(cc2oc(=O)c1CC(=O)N4CCC[C@H](C4)C(=O)[O-])OC(CC3)(C)C
dude_aldr__L008851,Cc1ccsc1/C(=N/S(=O)(=O)c2ccccc2C(=O)OC)/[O-]
dude_aldr__L008852,Cc1c(c(no1)C(=O)[O-])CC2=C(N=N[C@@H]2C)C
dude_aldr__L008853,C[C@H](/C(=N/S(=O)(=O)c1cc(sc1Cl)Cl)/[O-])OCC2CC2
dude_aldr__L008854,C1CC(=O)N(C1)[C@@]2(CCCSC2)C(=O)[O-]
dude_aldr__L008855,CC(=O)N1CCC(CC1)NC(=O)[C@H]2CC=CC[C@@H]2C(=O)[O-]
dude_aldr__L008856,C[C@H](C(=O)N1CSC[C@H]1C(=O)[O-])Oc2cccc(c2)Cl
dude_aldr__L008857,c1ccnc(c1)/C=C/c2cccc(c2)[N-]S(=O)(=O)c3cccnc3Cl
dude_aldr__L008858,CCC[C@@](C)(C(=O)[O-])NC(=O)N1CCO[C@@H]2[C@@H]1CCC2
dude_aldr__L008859,c1c(nc2n(c1=O)[C@H]3CS(=O)(=O)C[C@H]3S2)N
dude_aldr__L008860,C[C@H]1CCC[C@@H](C1)Sc2ccc(nn2)C(=O)[O-]
dude_aldr__L008861,c1cc(ccc1c2nnc3n2CCCC3)NC(=O)[C@@H]4CCC=CC4
dude_aldr__L008862,Cc1nc([nH]n1)Sc2c(cc3c(n2)CCC3)/C(=N/O)/N
dude_aldr__L008863,C[C@@H]1CC[C@H](CN1C(=O)c2ccc(nc2)Oc3cccc(c3)Br)C(=O)N
dude_aldr__L008864,Cc1nc2ccccc2n1[C@H]3CCCCC[C@@H]3C#N
dude_aldr__L008865,c1ccc2c(c1)[C@@H](CCO2)Nc3cccnn3
dude_aldr__L008866,c1cc(sc1)c2csc3n2c(cn3)C(=O)[O-]
dude_aldr__L008867,Cc1cc(ccc1Br)[N-]S(=O)(=O)[C@H](C)C(=O)OC
dude_aldr__L008868,Cc1cc(c(cc1NS(=O)(=O)c2cc(c(s2)C(=O)[O-])C)OC)OC
dude_aldr__L008869,CC[C@@H](C(=O)[O-])N(C)C(=O)N1CCC[C@@H]2[C@@H]1CCCC2
dude_aldr__L008870,CC[C@@H](CC(=O)[O-])N1CCN(CC1)S(=O)(=O)C
dude_aldr__L008871,Cc1cc(on1)C(=O)N2CCC[C@H](C2)[C@@H]3CCC[NH2+]3
dude_aldr__L008872,c1cc(c(cc1C(=O)[O-])N[C@H]2CCCc3c2ccs3)F
dude_aldr__L008873,Cc1ccc(cc1)C(=O)N2CCC(CC2)NC(=O)NC
dude_aldr__L008874,Cc1csc(n1)NC(=O)N2CC[C@H](C2)C(=O)[O-]
dude_aldr__L008875,C[C@@H](c1[n-]nnn1)NC(=O)c2cccc(c2)I
dude_aldr__L008876,c1cc(ccc1C#N)S(=O)(=O)[N-]c2ccc(c(c2)c3nnc4n3CCCCC4)Cl
dude_aldr__L008877,CS(=O)(=O)[N-]c1ccc(cc1)/C=C/C(=O)N2CCC[C@@H](C2)c3nccs3
dude_aldr__L008878,Cc1ccc(s1)[C@H](C)NC(=O)c2c(n[nH]c2N)C
dude_aldr__L008879,CCCc1ccc(cc1)S(=O)(=O)N2[C@H]3CCCC[C@H]3C[C@H]2C(=O)[O-]
dude_aldr__L008880,c1cc(ccc1[C@@H]2C(=C(C(=O)N2CCN3CCOCC3)[O-])C(=O)c4ccc(cc4)F)F
dude_aldr__L008881,C[C@@H]1C(=C2C(=NC(=NC2=O)CSc3nnnn3C(C)C)O1)C(=O)[O-]
dude_aldr__L008882,CCCc1c2c([nH]n1)OC(=C([C@H]2c3ccccc3OCc4ccc(cc4)Br)C#N)N
dude_aldr__L008883,c1cc(cc(c1)S(=O)(=O)C(F)F)[N-]S(=O)(=O)c2ccc3c(c2)CCO3
dude_aldr__L008884,Cc1ccc(cc1)S(=O)(=O)[N-]c2ccccc2SC(=O)N(C)C
dude_aldr__L008885,CCOc1cc(cc2c1N(c3c(c(ncn3)Cl)/N=C(/C2)\O)C)F
dude_aldr__L008886,C[C@H]1CCCCN1c2cc(=O)n(c(=O)[nH]2)C34CC5CC(C3)CC(C5)C4
dude_aldr__L008887,Cc1cc(=O)n(c(c1C(=O)[O-])C)c2nc(cs2)C3CC3
dude_aldr__L008888,Cc1c(c(sn1)NC(=O)C[C@H]2C[C@H]3CC[C@@H]2C3)C(=O)[O-]
dude_aldr__L008889,Cc1cc(c(c(c1)C)NC(=O)CNC(=O)c2cc(cnc2)Br)C
dude_aldr__L008890,C[C@H]1CCc2c(n3c(n2)sc(n3)Br)C1
dude_aldr__L008891,COC(=O)c1cccc(c1)S(=O)(=O)/N=C(/[C@H]2C[C@H]3CC[C@@H]2C3)\[O-]
dude_aldr__L008892,C[C@H](/C(=N/S(=O)(=O)C)/[O-])Sc1nncs1
dude_aldr__L008893,CC(C)N(CCC(=O)[O-])S(=O)(=O)c1c(ccs1)Br
dude_aldr__L008894,Cc1c(c(sc1C(=O)OC)S(=O)(=O)[N-]c2cccnc2)C(=O)OC
dude_aldr__L008895,Cc1ccc(s1)c2nc([nH]n2)/N=C(/COc3ccccc3)\[O-]
dude_aldr__L008896,COc1ccc(cc1OC2CCCC2)[N-]S(=O)(=O)c3ccccc3C#N
dude_aldr__L008897,Cc1nc(cs1)c2cnc(nc2c3ccc(cc3O)OC)[S-]
dude_aldr__L008898,c1ccc(c(c1)C(=O)N2[C@@H]([C@H]3CCC/C(=C\c4ccc(cc4)F)/C3=N2)c5ccc(cc5)F)C(=O)[O-]
dude_aldr__L008899,CCc1ccc(cc1)c2nc(c(s2)/C(=N/S(=O)(=O)N(C)C)/[O-])C
dude_aldr__L008900,C[C@@H](C1CC1)NC(=O)N2CC[C@H](C2)C(=O)[O-]
dude_aldr__L008901,c1cc(ccc1/C=N/c2ccc(cc2)S(=O)(=O)[N-]c3nccs3)OC4CSC4
dude_aldr__L008902,CC[C@]1(CCN(C1)C(=O)NC2CC2)C(=O)[O-]
dude_aldr__L008903,c1cc(ccc1N2CCN(CC2)c3ccc(c4c3ccnc4)[N+](=O)[O-])O
dude_aldr__L008904,CCOc1ccc(cc1OCC)C(=O)Nc2cc(nn2c3nc4c(cnn4C)c(n3)[O-])C
dude_aldr__L008905,Cc1ccc(c(c1)C(=O)N(C)c2ccc(cc2)F)[N-]S(=O)(=O)C
dude_aldr__L008906,c1ccc(cc1)c2c(n(c(n2)c3ccccc3)[O-])c4ccccc4
dude_aldr__L008907,Cc1ccc(cc1)Sc2c(c(ncn2)NC(C)(C)C)N
dude_aldr__L008908,C[C@H](CCC(=O)[O-])[C@H]1CC[C@@H]2[C@@]1(C(=O)[C@H]([C@@H]3[C@@H]2CC[C@@H]4[C@@]3(CCCC4)C)Br)C
dude_aldr__L008909,C1CO[C@H](CO1)Cn2c(nnn2)[S-]
dude_aldr__L008910,C[C@@H]1COCCN1C(=O)N2[C@H]3CCCC[C@@H]3C[C@@H]2C(=O)[O-]
dude_aldr__L008911,C[C@H]1CCc2c(sc3c2c4nc(nn4c(n3)[O-])Cc5ccccc5)C1
dude_aldr__L008912,Cc1cc(n2c(n1)ncn2)N[C@@H](C)c3c(nc(s3)C)C
dude_aldr__L008913,Cc1ccc(cc1)c2nnc(n2/N=C/C(=C/c3ccco3)/C)[S-]
dude_aldr__L008914,C[C@@H](c1nncn1C)NC(=O)N2CCCC[C@H]2CC(=O)[O-]
dude_aldr__L008915,Cc1c(cc(n1C)c2nc(cs2)c3ccc(cc3)F)S(=O)(=O)[N-]c4ccccc4OC
dude_aldr__L008916,c1cc(c(nc1)[S-])C(=O)Nc2ccc(nc2)N3CCc4c(ccs4)C3
dude_aldr__L008917,Cc1c(=O)nc([nH]n1)SC/C(=N/c2nnc(s2)C)/[O-]
dude_aldr__L008918,CCOC(=O)[C@H]1CCCN(C1)C(=O)c2ccccc2[N-]S(=O)(=O)c3ccc4c(c3)OCCO4
dude_aldr__L008919,CC(C)(C)n1c(=O)cc(nc1[O-])n2ccc3c2cccc3
dude_aldr__L008920,c1ccc(cc1)/C=C/CN2CCN(CC2)C(=O)Cn3c(nnc3[S-])c4cccs4
dude_aldr__L008921,CCOc1ccccc1[N-]S(=O)(=O)c2ccc(s2)[C@H]3C=C(N=N3)C
dude_aldr__L008922,C1C[C@H](CN(C1)C(=O)CCS(=O)(=O)N2CCOCC2)C(=O)[O-]
dude_aldr__L008923,Cc1ccc2c(c1)CCCN2C(=O)C(=O)Nc3ccc(cn3)Cl
dude_aldr__L008924,c1c(cncc1Br)S(=O)(=O)/N=C(/CSC(F)(F)F)\[O-]
dude_aldr__L008925,CC[C@]1(CCN(C1)S(=O)(=O)c2cc(sc2Cl)Cl)C(=O)[O-]
dude_aldr__L008926,Cc1cc(c(n1c2[n-]ncn2)C)C(=O)CSc3ccc(c(c3)F)F
dude_aldr__L008927,Cc1c(sc2c1c(nc(n2)/C(=C\c3ccc(cc3)C(=O)OC)/C#N)[O-])C
dude_aldr__L008928,CCO/C(=C/1\[C@H]([C@@](C(=S)N=C1c2ccccc2)(CC=C)C#N)c3cccnc3)/[O-]
dude_aldr__L008929,Cc1ccc(c2c1N(CCC2)C(=O)C(=O)Nc3cnn(c3)C)F
dude_aldr__L008930,CCn1c(cc(n1)C(C)C)C(=O)N(C)[C@@H](C)C(=O)[O-]
dude_aldr__L008931,c1ccc(cc1)c2ccc(cc2)S(=O)(=O)N3Cc4ccccc4C[C@@H]3C(=O)[O-]
dude_aldr__L008932,Cc1c(c(nc(n1)C2CC2)SCCCc3ccccc3)C(=O)[O-]
dude_aldr__L008933,Cc1ccc(c(c1)/N=C/c2ccccc2C)[O-]
dude_aldr__L008934,CC1(CCN(CC1)S(=O)(=O)c2cn(nc2N)C)C
dude_aldr__L008935,Cc1ccc(cc1)n2cc(nc2c3ccc(cc3)Cl)C(=O)[O-]
dude_aldr__L008936,c1cc2c(cc1c3ccc(n3C4CC4)C(=O)[O-])CCC2
dude_aldr__L008937,Cc1c(cccc1NC(=O)N[C@H](c2ccccc2)C3CC3)C(=O)N4CCOCC4
dude_aldr__L008938,Cc1ccc(cc1)/N=C/2\C(=C\c3cn(nc3c4ccc(cc4)OC)c5ccccc5)\SC(=N2)[O-]
dude_aldr__L008939,c1c(nsn1)C(=O)N[C@H](C2CCCCC2)C(=O)[O-]
dude_aldr__L008940,c1ccc(c(c1)Nc2nnc(s2)[S-])SC(F)F
dude_aldr__L008941,c1cc(ccc1/C(=C(/C#N)\C(=O)N2CCOCC2)/[O-])OC3CCCC3
dude_aldr__L008942,C[C@@H]1CN(CC(O1)(C)C)C(=O)N[C@@H]2CCS(=O)(=O)C2
dude_aldr__L008943,c1cc(sc1c2c(scn2)C(=O)[O-])Br
dude_aldr__L008944,Cc2c(S(=O)(=O)c1ccc(O)nn1)oc3ccc(F)cc23
dude_aldr__L008945,c1ccc2c(c1)ccn2CC/C(=C(\C#N)/C(=O)Nc3ccc4c(c3)OCCO4)/[O-]
dude_aldr__L008946,Cc1ccc(cn1)Oc2cc(ccc2/C=C/C(=O)[O-])Br
dude_aldr__L008947,C[C@H]1CCc2c(sc3c2c(nc(n3)C45CC6CC(C4)CC(C6)C5)SCC(=O)[O-])C1
dude_aldr__L008948,CCCCSC1=NC(=O)[C@@H]2[C@H](/C(=C(/[O-])\OC)/C(=NC2=N1)C)c3ccc(cc3)C
dude_aldr__L008949,C=CCn1c(=O)c2c(csc2nc1SCc3ccc(cc3)C(=O)[O-])c4ccc(cc4)F
dude_aldr__L008950,CCOc1cc(ccc1OCCC(C)C)[C@H]2C(=C(C(=O)N2CCOC)[O-])C(=O)c3c(n4cccc(c4n3)C)C
dude_aldr__L008951,Cc1c(snn1)C(=O)N2CCC(CC2)C(=O)[O-]
dude_aldr__L008952,CC1=[NH+][C@@H](C(=[NH2+])N1C2CC2)c3ccc(cc3)OC(F)(F)F
dude_aldr__L008953,C[C@H]1COCCN1C(=O)N2CCC[C@](C2)(C)C(=O)[O-]
dude_aldr__L008954,COc1ccc(c(c1)OC)/C=N/n2c(nnc2[S-])c3ccc(cc3)F
dude_aldr__L008955,Cc1c(c(nc(n1)N2CCCCC2)Cl)Cl
dude_aldr__L008956,C[C@@H](C(=O)N1CCCCC1)[S@@](=O)c2ccccc2C(=O)[O-]
dude_aldr__L008957,Cc1cccnc1/N=C(\C)/c2c(nc(s2)[S-])O
dude_aldr__L008958,Cc1c2c(nc(nc2sc1C(=O)NNC(=O)c3ccc(cc3)Cl)C4CC4)C
dude_aldr__L008959,CC[C@H]1CCCN1C(=O)N(CC(=O)[O-])[C@H](C)CC
dude_aldr__L008960,C[C@H]1CCc2c(cc(s2)C(=O)N3[C@H]4CCCC[C@H]4C[C@H]3C(=O)[O-])C1
dude_aldr__L008961,CN(C)c1nc(nc(n1)N)Cn2c(=O)c(cn(c2=O)C3CC3)C#N
dude_aldr__L008962,CC(C)c1ccc(cc1)[N-]S(=O)(=O)c2ccc(s2)c3nnc(o3)C4CC4
dude_aldr__L008963,Cc1cc(sc1C)C(=O)N2CCC(CC2)C(=O)[O-]
dude_aldr__L008964,Cc1ccc(cc1)c2nn(c(=S)n2c3ccccc3)[C@@H]4[C@@H]([C@@H]([C@@H](O4)CO)O)O
dude_aldr__L008965,c1cnc(nc1[O-])SCC(=O)Nc2c(c(c(c(c2F)F)F)F)F
dude_aldr__L008966,CC[C@@H]1CCCN1C(=O)NC2(CCC(CC2)C)C(=O)[O-]
dude_aldr__L008967,C[C@@H]1CCCC(=O)CCC/C=C/c2cc(cc(c2C(=O)O1)O)OS(=O)(=O)[O-]
dude_aldr__L008968,c1cc2c(cc1OC/C(=N/S(=O)(=O)c3cc(ccc3F)F)/[O-])CCC2
dude_aldr__L008969,C[C@H]1CCCC[C@]1(C(=O)[O-])NC(=O)NC2CC2
dude_aldr__L008970,c1ccc2c(c1)[C@@H](CCO2)NC(=O)C(=O)Nc3cccc(c3)SC(F)F
dude_aldr__L008971,C1CC[C@H]([C@@H](C1)C#N)N2CCO[C@@H]3[C@@H]2CCCC3
dude_aldr__L008972,Cc1c(sc(n1)[S-])CC(=O)N[C@@H]2CCc3c2ccc(c3)Cl
dude_aldr__L008973,c1ccc(cc1)[C@@H]2CCCN(CC2)C(=O)c3ccc(nc3[O-])C(F)(F)F
dude_aldr__L008974,CN([C@@H]1CCSC1)S(=O)(=O)c2cnn(c2)CCC(=O)[O-]
dude_aldr__L008975,C1CCC(CC1)c2nc(=S)c-3c([nH]c(=O)n(c3n2)C4CC4)[O-]
dude_aldr__L008976,CS(=O)(=O)[N-]c1ccc(cc1)C(=O)N2CCC[C@@H]2Cc3ccc(cc3)F
dude_aldr__L008977,Cn1cc(cn1)S(=O)(=O)/N=c\2/cccc([nH]2)/C=C/C(=O)[O-]
dude_aldr__L008978,c1cc2c(c(c1)NC(=O)C(=O)NC[C@H](c3ccco3)[NH+]4CCCCC4)CCCC2
dude_aldr__L008979,COc1cc(ccc1OCCN2CCOCC2)C[C@H](c3cccs3)C(=O)[O-]
dude_aldr__L008980,Cc1ccc(cc1)S(=O)(=O)/N=C(/c2ccc(cc2)Cl)\N=c/3\cccc[n-]3
dude_aldr__L008981,Cc1c(cccc1Cl)n2ccc(c2C(=O)[O-])C#N
dude_aldr__L008982,CCSc1ccccc1[N-]S(=O)(=O)c2ccnc(c2)Cl
dude_aldr__L008983,Cc1ccc(s1)C2=NN=C(C2)C(=O)NC
dude_aldr__L008984,Cc1cc(c(cc1C(=O)N2CCCC[C@H]2C)S(=O)(=O)N)C
dude_aldr__L008985,C[C@@H](C(C)(C)C)NC(=O)C1CCN(CC1)c2cc(nc(n2)N)Nc3ccccc3
dude_aldr__L008986,c1cc(ccc1c2ccc(o2)/C=C(/C#N)\C(=O)N3CCCCC3)C(=O)[O-]
dude_aldr__L008987,COc1cc(cc(c1OC)OC)[C@@H]2c3c4ccccc4ccc3N=C5C2=C(Oc6c5cccc6)[O-]
dude_aldr__L008988,C[C@@H]1CCC[C@@H](N1S(=O)(=O)c2ccc(s2)C(=O)[O-])C
dude_aldr__L008989,C[C@@H](/C(=N/S(=O)(=O)C)/[O-])NC(=O)C1CCCCC1
dude_aldr__L008990,CC(C)CN(C1CC1)C(=O)N(CC(=O)[O-])C2CCCC2
dude_aldr__L008991,Cc1cc2c(cc1Cl)c(c(o2)C(=O)c3c(c(c(=O)n(c3[O-])CC(C)C)C#N)C)C
dude_aldr__L008992,C1C[C@H](CN(C1)C(=O)C2(CCOCC2)C#N)C(=O)N
dude_aldr__L008993,Cc1ccc(cc1)c2cc(c3c(nn(c3n2)C)c4ccco4)C(=O)[O-]
dude_aldr__L008994,CC[C@H]1CO[C@@H](CN1c2c(ccc(c2F)F)N)C
dude_aldr__L008995,Cc1ccccc1[C@H](C)NC(=O)c2cccc(c2)n3c(=O)ccc(n3)[O-]
dude_aldr__L008996,C[C@H]1CCCN(C1)C(=O)CSc2nnc(n2N)c3cccc(c3)Br
dude_aldr__L008997,COC(=O)c1ccccc1[N-]S(=O)(=O)c2ccnc(c2)Cl
dude_aldr__L008998,Cc1cc(no1)NC(=O)[C@H](C)Sc2nc(cc(n2)[O-])c3ccccc3
dude_aldr__L008999,c1cc2c(c(c1)S(=O)(=O)[N-]c3cccnc3Cl)nsn2
dude_aldr__L009000,Cc1cc(no1)NC(=O)[C@H]2CCCN(C2)C(=O)C(C)(C)C
dude_aldr__L009001,c1c(nc(s1)N)CC(=O)N[C@@H]2CCCC[C@H]2O
dude_aldr__L009002,Cc1cc(n(n1)c2ccccc2)NC(=O)c3c4c(on3)CC[C@H](C4)C
dude_aldr__L009003,CC(C)c1nnc(n1c2ccccc2I)[S-]
dude_aldr__L009004,CN(CCCC(=O)[O-])C(=O)[C@@H]1CC(=O)N(C1)C2CC2
dude_aldr__L009005,CC1=C[C@H](N=N1)[C@H]2Nn3c(nnc3S2)C(F)(F)F
dude_aldr__L009006,c1cc(cnc1)c2c(c3c(nc2[S-])CCCC3)C#N
dude_aldr__L009007,CCn1cc(cn1)S(=O)(=O)[N-]c2ccc3c(c2)nc(o3)C4CC4
dude_aldr__L009008,C[C@@H]1Cc2ccccc2N1c3cnnc(c3Cl)[O-]
dude_aldr__L009009,Cc1cc(c2c(c1)nc(o2)c3ccc(cc3O)NC(=S)NC(=O)c4ccc(cc4Cl)Cl)C
dude_aldr__L009010,C=CCn1c(nnc1SCc2ccc(cc2)C(=O)[O-])c3ccc(cc3)Br
dude_aldr__L009011,CCOc1c(cn(n1)Cc2c(onc2C(=O)[O-])C)[N+](=O)[O-]
dude_aldr__L009012,C[C@@H](c1[n-]nnn1)NC(=O)c2cc(ccc2[N+](=O)[O-])SC
dude_aldr__L009013,CCN(C[C@H]1CCCO1)C(=O)Cn2c(nnc2[S-])c3ccc(cc3)C
dude_aldr__L009014,C[C@@H]1CCCC[C@]1(C(=O)[O-])n2cc(cc(c2=O)[N+](=O)[O-])Br
dude_aldr__L009015,CC1CCN(CC1)C(=O)N2CCC[C@@H](C2)CC(=O)[O-]
dude_aldr__L009016,c1cc2c(cc1Br)C=C(CO2)C(=O)N3CC[C@@H](C3)C(=O)[O-]
dude_aldr__L009017,C[C@@H]1CN(C[C@@H](O1)C)/C(=C(\C#N)/C(=O)CNC(=O)NC2CCCCC2)/[O-]
dude_aldr__L009018,C[C@H]1CN(C[C@@H](O1)C)c2ccc(cn2)Nc3ncccn3
dude_aldr__L009019,Cc1ccc(cc1)C2=C(C(=NS2(=O)=O)[N-]c3ccc(cc3)NC(=O)C)C
dude_aldr__L009020,CC[C@H](C)c1ccc2c(c1)nc(o2)c3ccc(cc3O)NC(=S)NC(=O)c4ccc5c(c4)OCO5
dude_aldr__L009021,CC[C@]1(C(=O)N(C(=O)N1)CC(=O)N2CC[C@H](C2)C(=O)[O-])C
dude_aldr__L009022,Cc1cc(nc(c1C(=O)[O-])SCC(=O)N2c3ccccc3C[C@@H]2C)C
dude_aldr__L009023,Cc1cc(n(n1)CCC(=O)N2CC[C@](C2)(C)C(=O)[O-])C
dude_aldr__L009024,CCc1ccc(cc1)[C@@H]2C[C@@H](n3c(nnn3)N2)c4ccccc4F
dude_aldr__L009025,CCn1cc(cn1)S(=O)(=O)[N-]c2cccc(c2)COCC(F)(F)F
dude_aldr__L009026,CC1CCN(CC1)C(=O)Nc2ccc([nH+]c2)N3CCCC3
dude_aldr__L009027,C[C@H](c1ccc(s1)Cl)NC(=O)N2CC[C@H](C2)C(=O)[O-]
dude_aldr__L009028,CN(Cc1cnn(c1)c2ccccc2)C(=O)c3cccc(c3)[N-]S(=O)(=O)C
dude_aldr__L009029,c1ccc(c(c1)C(=O)Nc2nnc(s2)[S-])C(=O)N3CCOCC3
dude_aldr__L009030,COC(=O)c1ccc(cc1)[N-]S(=O)(=O)c2c(ccs2)Br
dude_aldr__L009031,CCN(C1=CCCC1)C(=O)CSc2[n-]c3cc(cnc3n2)Cl
dude_aldr__L009032,C[C@@H](c1ccc(s1)Cl)NC(=O)c2c(c[nH]n2)N
dude_aldr__L009033,Cc1cc(c(o1)C)C(=O)NNC(=O)C2=NN(C(=O)CC2)[C@@H]3CCS(=O)(=O)C3
dude_aldr__L009034,CC(C)(C)c1ccccc1OCC(=O)N2CCC[C@@H]2C(=O)[O-]
dude_aldr__L009035,Cc1c(sc(n1)NC(=O)c2cc(nc3c2c(nn3C)C)C(C)C)C
dude_aldr__L009036,Cc1cccn2c1nc(c2C(=O)C3=C(C(=O)N([C@@H]3c4ccc(cc4)C(=O)OC)CCOC)[O-])C
dude_aldr__L009037,Cc1cc(cc(c1O)C)[C@@H]2[C@H]3[C@@H](C(=NC3=O)[O-])ON2C(C)(C)C
dude_aldr__L009038,Cc1cc(c(o1)C)c2nnc(o2)NC(=O)C3CCCC3
dude_aldr__L009039,CC1=C([C@@H](/C(=C(\[O-])/OCC(C)C)/C(=N1)C)c2cccnc2)C(=O)OCC(C)C
dude_aldr__L009040,CCn1cc(cn1)C[C@]2(CCS(=O)(=O)C2)C(=O)[O-]
dude_aldr__L009041,CN(C)c1ccc(cc1)/C=N\c2nnc3n2C[C@@H](CS3)O
dude_aldr__L009042,c1ccc(cc1)S(=O)(=O)/N=C(/c2ccc(cc2)OC[C@@H]3CCCO3)\[O-]
dude_aldr__L009043,OC(=O)Cc3nn(CSc2nc1ccccc1s2)c(=O)c4ccccc34
dude_aldr__L009044,C1CCC(CC1)CS(=O)(=O)N(CC(=O)[O-])C2CCCC2
dude_aldr__L009045,CC(=O)N1CCC(CC1)NC(=O)N2CCC[C@H](CC2)c3ccccc3
dude_aldr__L009046,CCc1nc2n(n1)c(c(s2)[C@@H](c3ccc(cc3)C(F)(F)F)N4CCC(CC4)O)[O-]
dude_aldr__L009047,CC(C)(C)C1=N[C@@H](SC1)c2ccc(cc2)Cc3cc(nnc3[O-])c4ccc(cc4)F
dude_aldr__L009048,c1cnccc1c2nnc(n2CCCN3CCOCC3)[S-]
dude_aldr__L009049,c1ccc(c(c1)SCCCC(=O)N2CCC[C@@H]2C(=O)[O-])Cl
dude_aldr__L009050,C1CSCCN1C(=O)N2C[C@H](C[C@H]2C(=O)[O-])O
dude_aldr__L009051,Cc1cnc(s1)n2c(c(nn2)C(=O)Nc3ccc(c(c3)Cl)Cl)C
dude_aldr__L009052,Cn1c2c(cn1)c(nc(n2)COc3cccc(c3)I)N
dude_aldr__L009053,c1ccc(cc1)C2(CCN(CC2)S(=O)(=O)c3cccs3)C(=O)[O-]
dude_aldr__L009054,c1cnc(cc1C(=O)N2CCC(CC2)NC(=O)NC3CCCCC3)Cl
dude_aldr__L009055,c1cc(sc1)[C@@H]2C([C@@]3([C@H]4CCCC[C@@]4(O2)OC3=[N-])C#N)(C#N)C#N
dude_aldr__L009056,Cc1c2ccccc2sc1C(=O)/C(=C(/NCC(=C)C)\[S-])/[n+]3cccc(c3)[O-]
dude_aldr__L009057,CCn1cc(cn1)CN2CCN(CC2)C(=O)c3c(cn(n3)C)C(=O)[O-]
dude_aldr__L009058,Cc1c2c(cc(nc2n(n1)C)C3CC3)C(=O)NC4CCCCCC4
dude_aldr__L009059,C[C@@H]1CCc2ccccc2N1c3ccnc(n3)Cl
dude_aldr__L009060,c1cc(ccc1c2nnc(o2)[S-])SC#N
dude_aldr__L009061,c1nc2c(nc(nc2n1[C@H]3[C@H]([C@@H]([C@@H](O3)CO)O)F)Cl)N
dude_aldr__L009062,Cc1ccc(c(c1)N[C@H](C)c2cc(oc2C)C)C(=O)[O-]
dude_aldr__L009063,c1cc2c(c(c1)F)SCC[C@H]2NS(=O)(=O)c3ccsc3C(=O)[O-]
dude_aldr__L009064,CN(C)c1ccc(cc1[N+](=O)[O-])C(=O)N2CCC(CC2)C(=O)[O-]
dude_aldr__L009065,Cc1c(n2c(n1)sc(n2)C(C)C)S(=O)(=O)[N-]c3ccc(cc3)Cl
dude_aldr__L009066,c1cc[n-]/c(=N/C=C(\C#N)/C(=O)c2ccc(cc2)OC(F)(F)F)/c1
dude_aldr__L009067,CC1(CCN(CC1)C(=O)N2CCO[C@@H]3[C@@H]2CCC3)C(=O)[O-]
dude_aldr__L009068,CC(C)(C)C1=C[C@H](N=N1)c2nnc(n2c3ccc(cc3)OC)[S-]
dude_aldr__L009069,c1cc2c(cc1[N-]S(=O)(=O)c3ccc(c(c3)Cl)F)c(=O)n4c(n2)CCC4
dude_aldr__L009070,Cc1ccc(cc1)/C=C\S(=O)(=O)[N-]c2ccc(c(c2)N3CCCC3=O)F
dude_aldr__L009071,c1cc(c(cc1N)F)C(=O)N2CCC[C@@H]2C3CCCCC3
dude_aldr__L009072,CC(C)(C)OC(=O)n1cc(nc1)/C=C/C(=O)[O-]
dude_aldr__L009073,c1cc(cnc1)O[C@H]2CCCCC[C@H]2C(=O)[O-]
dude_aldr__L009074,Cc1cc(c(cc1C(=O)[O-])S(=O)(=O)N2CCC[C@@H](C2)C)C
dude_aldr__L009075,Cc1ccc(n1c2ccc(c(c2)/C(=N/S(=O)(=O)c3cnn(c3)C)/[O-])Cl)C
dude_aldr__L009076,Cc1c(cc2c(c1Cl)oc(n2)[S-])Cl
dude_aldr__L009077,CCN(CC)/C(=C/C1=CSC2=NC(=C([C@H](N12)c3ccc(c(c3)OC)OC)C(=O)OCCOC)C)/[O-]
dude_aldr__L009078,CCOc1c(ccc(n1)N[C@@H]2CCc3ccccc3C2)N
dude_aldr__L009079,CC(=O)Nc1ccc(cc1)N[C@H]2CC(=O)N(C2=O)c3ccc(cc3)C(=O)[O-]
dude_aldr__L009080,CCCN(CC(=O)[O-])C(=O)N1CCC2(CCCC2)CC1
dude_aldr__L009081,Cc1cccc(c1)N2CCN(CC2)C(=O)CSc3c(c(cc(n3)C)C)C(=O)[O-]
dude_aldr__L009082,CC1(CC(=C(C(=O)C1)/C=N/c2ccc(cc2Cl)[N+](=O)[O-])[O-])C
dude_aldr__L009083,CCC(C)(C)NC(=O)[C@H]1[C@H]2C[C@@H]([C@@H]1C(=O)[O-])C=C2
dude_aldr__L009084,c1cc(sc1c2c(cn(n2)c3ccncc3)C(=O)[O-])Br
dude_aldr__L009085,CCn1cc(cn1)S(=O)(=O)[N-]c2cccnc2n3cncn3
dude_aldr__L009086,Cc1cc(c(cc1[N+](=O)[O-])I)C
dude_aldr__L009087,CC(C)[C@H](/C(=N/S(=O)(=O)C[C@@H]1CCCCO1)/[O-])Sc2ccccc2
dude_aldr__L009088,c1ccc(cc1)S(=O)(=O)N2CCc3ccc(cc3C2)[N-]S(=O)(=O)c4ccc(cc4)C(F)(F)F
dude_aldr__L009089,Cc1c2c(nc(cn2)[S-])n(n1)c3ccccc3
dude_aldr__L009090,c1cc(ccc1C(=O)N[C@@H]2CCCC[C@@H]2NC(=O)C3CCN(CC3)C(=O)C4CC4)F
dude_aldr__L009091,CN(C)c1ccc2c(c1)sc-3cc(=O)ccc3n2
dude_aldr__L009092,Cc1cc(nc(n1)SCc2cc(=O)n3c(n2)sc(n3)C)[O-]
dude_aldr__L009093,CCCNC(=O)[C@@H](C)NS(=O)(=O)c1cc(sc1Br)C(=O)[O-]
dude_aldr__L009094,CC(C)(C)OC(=O)N1C[C@H](C[C@H]1C(=O)[O-])Oc2cccc(c2Cl)Cl
dude_aldr__L009095,CC(=O)c1cccc(c1)[N-]S(=O)(=O)c2cc(ccc2Cl)[N+](=O)[O-]
dude_aldr__L009096,COc1ccc(cc1)[C@H]2CC(=NN2/C(=C/Sc3ccc(cc3)Cl)/[O-])c4cccs4
dude_aldr__L009097,CCCS[C@@](C)(c1ccccc1Br)C(=O)[O-]
dude_aldr__L009098,C1CCC(C1)N(CC(=O)[O-])C(=O)CS[C@@H]2CCS(=O)(=O)C2
dude_aldr__L009099,CC[C@]1(CCN(C1)C(=O)N[C@@H](C)c2nncn2C)C(=O)[O-]
dude_aldr__L009100,CC(C)c1c2c([nH]n1)OC(=C([C@H]2c3ccoc3)C#N)N
dude_aldr__L009101,Cc1ccc(cn1)OC(=O)c2ccc(cc2)[N-]S(=O)(=O)c3cccs3
dude_aldr__L009102,CC[C@@H](C)NC(=O)N1CCCC[C@@H]1C(=O)[O-]
dude_aldr__L009103,COc1ccc(cc1OC(F)F)[N-]S(=O)(=O)c2c(cc(cc2F)F)F
dude_aldr__L009104,CN(C)c1nc(nc(n1)N)/C(=C/c2ccc(s2)Br)/C#N
dude_aldr__L009105,Cc1ccc(cc1c2cc(c(n2C)C3CC3)C(=O)[O-])C(C)(C)C
dude_aldr__L009106,c1ccc(c(c1)NC(=O)N2CCC[C@@H](C2)/C(=C(\C#N)/C(=O)N3CCCC3)/[O-])F
dude_aldr__L009107,c1cc(ccc1N/C=C\2/CCCCC2=O)S(=O)(=O)[N-]c3nccs3
dude_aldr__L009108,Cc1ccc(cc1)/C=C/S(=O)(=O)[N-]c2cc(ccc2F)C
dude_aldr__L009109,c1cc2c(cc1[C@@H](C(F)(F)F)Cl)oc(n2)[O-]
dude_aldr__L009110,CC(C)(C)C1CCN(CC1)C(=O)N2CCC[C@@H](C2)C(=O)[O-]
dude_aldr__L009111,CC(=O)OCC(=O)[C@]1(CC[C@H]2[C@@]1(C[C@@H]([C@@H]3[C@H]2CCC4=CC(=O)CC[C@@]34C)O)C)O
dude_aldr__L009112,CCc1nnc(s1)[N-]S(=O)(=O)c2c(cc(cc2C)C)C
dude_aldr__L009113,CC(C)CS(=O)(=O)[N-]c1cccc2c1cc[nH]2
dude_aldr__L009114,C[C@@H]1CCC[C@H](C1)Oc2ccnc(c2)C(=O)[O-]
dude_aldr__L009115,C/C/1=C\CC/C(=C/CC/C(=C\[C@@H]2[C@@H](CC1)C(=C)C(=O)O2)/C)/C(=O)[O-]
dude_aldr__L009116,CC(=O)N1[C@H](CSC12CCC3(CC2)OCCO3)C(=O)[O-]
dude_aldr__L009117,CCOc1ccc(cc1)SCC2=NC(=O)C3=C([C@@H](SC3=N2)C(=O)[O-])C
dude_aldr__L009118,Cc1c(cccc1Cl)[N-]S(=O)(=O)c2ccc(s2)c3cnc(o3)C4CCC4
dude_aldr__L009119,COC(=O)c1c(ccs1)[N-]S(=O)(=O)c2cnc(nc2)Cl
dude_aldr__L009120,CC(=O)N(C)c1ccc(cc1)NC(=O)C(=O)NC2[C@@H]3CCC[C@H]2C[NH+](C3)C4CC4
dude_aldr__L009121,CN(Cc1nnc(n1c2ccccc2)[S-])S(=O)(=O)c3ccccc3
dude_aldr__L009122,CC(C)c1ccc(cc1)C(=O)NC(=S)Nc2ccc3c(c2)N/C(=C/4\C=CC(=O)C(=C4)Br)/O3
dude_aldr__L009123,Cc1cccc(c1)[N-]S(=O)(=O)c2ccc(s2)[C@H]3C(=C(N=N3)C)C
dude_aldr__L009124,c1cc(cc(c1)[N-]S(=O)(=O)c2ccc(c(c2)Cl)Cl)C(=O)NCc3cccs3
dude_aldr__L009125,Cc1cc(c(c(c1C)[C@@H]([C@@H]2CCCC[C@@H]2C(=O)[O-])O)C)C
dude_aldr__L009126,Cc1c(c(n(n1)C(=S)[S-])C)/N=N/c2ccccc2C(F)(F)F
dude_aldr__L009127,CCC1(CCN(CC1)C(=O)N2CC[C@](C2)(C)C(=O)[O-])CC
dude_aldr__L009128,Cc1ccc(c(c1)C(=O)C2=C(C(=O)N([C@@H]2c3ccc(c(c3)OC)OCCC(C)C)Cc4cccnc4)[O-])C
dude_aldr__L009129,c1cnccc1SCC(=O)N2CCC[C@H](C2)CCC(=O)[O-]
dude_aldr__L009130,CC(C)(C)C1CCN(CC1)C(=O)N2CCC(CC2)C(=O)[O-]
dude_aldr__L009131,c1cc(oc1)C(=O)N[N-]S(=O)(=O)c2cc(c(nc2)Cl)Br
dude_aldr__L009132,Cc1ccc(c(c1)c2c(n[nH]c2N)c3ccsc3)OC
dude_aldr__L009133,CCn1cc(cn1)CN2CCN(CC2)C(=O)c3cnn(c3)CCC(=O)[O-]
dude_aldr__L009134,Cn1c2c(nc1C(=O)[O-])[C@@H]([C@@H](S2)c3ccccc3)C4CCCCC4
dude_aldr__L009135,Cc1ccc(cc1)[C@H]2C(=C(C(=O)N2CCCN3CCOCC3)[O-])C(=O)c4ccc(c(c4)C)OCC(C)C
dude_aldr__L009136,COc1ccc(cc1[N-]S(=O)(=O)c2ccc(cc2)OC(F)(F)F)C#N
dude_aldr__L009137,c1cc(c(=O)[nH]c1)C(=O)N[C@H]2CCS(=O)(=O)C2
dude_aldr__L009138,CCc1cc(n(n1)[C@@H]2CCS(=O)(=O)C2)SCC(=O)[O-]
dude_aldr__L009139,Cc1ccc(c(c1)OCCOc2ccc(cc2Br)/C=C\3/C(=NC(=S)S3)[O-])C(C)C
dude_aldr__L009140,CC[C@](C)(C#N)[N-]S(=O)(=O)N1CCOCC1
dude_aldr__L009141,CS(=O)(=O)[N-]c1nnc(s1)NC(=O)[C@@H]2CCOC2
dude_aldr__L009142,CCCN(CC(=O)OC)C(=O)N1C[C@H](C[C@H]1C(=O)[O-])OC
dude_aldr__L009143,CC[C@H]1CN(CCO1)CN2C(=O)[C@@]3(CCCC[C@@H]3C)NC2=O
dude_aldr__L009144,c1c(cc(nc1NN)Cl)C(=O)N2CCO[C@H]3[C@H]2CCCC3
dude_aldr__L009145,CCOc1ccc(cc1)C(=O)C2=C(C(=O)N([C@H]2c3ccc(cc3)N(C)C)c4nnc(s4)SCC)[O-]
dude_aldr__L009146,Cc1ccc(cc1)CSc2nnc(n2N)N/N=C/c3ccc(cc3O)O
dude_aldr__L009147,Cc1c(nc(s1)/N=C(\[O-])/Oc2ccccc2)c3ccc(cc3)Cl
dude_aldr__L009148,c1cc2nnc(n2cc1N)c3ccc(s3)Br
dude_aldr__L009149,CC(C)n1cc(cc1C(=O)N(CC(=O)[O-])C2CC2)Br
dude_aldr__L009150,Cc1c(cnn1C)C(=O)Nc2ccc3c(c2)CCCN3
dude_aldr__L009151,CC(C)(C)C(=O)n1c(c2cc(cc(c2nc1=S)Cl)Cl)[O-]
dude_aldr__L009152,CCCOc1ccc(cc1Cl)[N-]S(=O)(=O)c2c(nn(c2Cl)C)C
dude_aldr__L009153,c1cc(ccc1[C@@H]([C@H]2CC=CC[C@@H]2C(=O)[O-])O)Cl
dude_aldr__L009154,Cc1ccc(s1)S(=O)(=O)/N=C(/[C@H]2C[C@H]2c3cccc(c3)F)\[O-]
dude_aldr__L009155,CCc1cc2c(ncnc2s1)N[C@H](CC)C(=O)NCCC(=O)[O-]
dude_aldr__L009156,C[C@@H](c1ccccc1Cl)Nc2cncc3n2nnn3
dude_aldr__L009157,Cc1c(c(c(s1)NC(=O)[C@H]2CCCC[C@@H]2C(=O)[O-])C#N)c3ccccc3
dude_aldr__L009158,Cn1c2c(cn1)[C@H](CCC2)Nc3nccc(n3)Oc4ccc(cc4)F
dude_aldr__L009159,Cn1cc(cc1C(=O)N2CCC(CC2)C(=O)[O-])[N+](=O)[O-]
