ligand_id,smiles
dude_grik1__L000001,CS(=O)(=O)/N=C(/c1ccc(cc1)N2CCCS2(=O)=O)\[O-]
dude_grik1__L000002,C1C[C@H](CN(C1)C(=O)C2=NNC(=O)CC2)CNS(=O)(=O)N
dude_grik1__L000003,CSCC[C@@H](C(=O)[O-])NC(=O)N1CCN(CC1)CCO
dude_grik1__L000004,Cc1c2c([nH]n1)NC3=C([C@H]2c4cc(ccc4OC)OC)C(=O)OC3
dude_grik1__L000005,N[C@@H](C[C@@H](C/C=C/c1ccc(C(F)(F)F)cc1)C(O)=O)C(O)=O
dude_grik1__L000006,C[C@@H]1CCC[C@](C1)(C(=O)[O-])NC(=O)N2C[C@@H](C[C@@H](C2)C)C
dude_grik1__L000007,c1ccc(c(c1)C#N)S(=O)(=O)[N-]NC(=O)c2cccc(c2)[N+](=O)[O-]
dude_grik1__L000008,CN1c2ccc(cc2[C@@]3(C1=O)C(=C(OC(=C3C(=O)OC)N)CC(=O)OC)C(=O)OC)Br
dude_grik1__L000009,C1CC(=O)N[C@H]1C(=O)NCC(=O)NCC(=O)[O-]
dude_grik1__L000010,Cc1c(sc2c1c(nc(n2)C)N[C@H]([C@H](C)O)C(=O)[O-])C
dude_grik1__L000011,c1cc(cc(c1)O)NC(=O)[C@@H]2[C@H]3CC[C@@H]([C@@H]2C(=O)[O-])O3
dude_grik1__L000012,C1[C@H]([C@@H]2C(=NC(=NC2=O)N)NC1=O)C(=O)[O-]
dude_grik1__L000013,CSCC[C@H](C(=O)N1C[C@H](C[C@H]1C(=O)[O-])O)NC(=O)N
dude_grik1__L000014,Cc1c(cnn1C)[C@@H](C)NC(=O)N2CCN(CC2)CC(=O)NC(C)C
dude_grik1__L000015,c1cc(nnc1n2c(c(cn2)C(=O)NCc3cc4c(c(c3)Cl)OCCCO4)C(F)(F)F)[O-]
dude_grik1__L000016,c1cc(c(cc1Br)S(=O)(=O)[N-]c2ccon2)N
dude_grik1__L000017,C[C@H](C(=O)N[C@H](Cc1cnc[nH]1)C(=O)[O-])n2cccn2
dude_grik1__L000018,Cc1c(c(n(n1)C)N2CCC[C@H]2C(=O)N)C(=O)[O-]
dude_grik1__L000019,CSCC[C@H](C(=O)[O-])NC(=O)c1cc([nH]c(=O)c1)[O-]
dude_grik1__L000020,C=CCSC1=C([C@@H]([C@H](C(=N1)[O-])C#N)c2ccccc2)C(=O)N
dude_grik1__L000021,CC(C)(C)OC(=O)N1[C@@H]2CC[C@H]1[C@@H](N[C@@H]2C(=O)OC)O
dude_grik1__L000022,CCOc1cc(ccc1O)[C@@H]2C(=C(C(=O)N2CCN3CCOCC3)[O-])C(=O)c4ccc5c(c4)C[C@@H](O5)C
dude_grik1__L000023,C[C@H](CNC(=O)c1c[nH]c(=O)cn1)O
dude_grik1__L000024,CC(C)[C@@H](c1cccs1)NC(=O)NCC(=O)NCC(=O)[O-]
dude_grik1__L000025,C[C@@H](CNS(=O)(=O)c1cc(n(c1)C2CC2)C(=O)[O-])O
dude_grik1__L000026,C[C@@H]1CCN(C1)C(=O)Nc2cc(cc(c2)C(=O)[O-])C(=O)[O-]
dude_grik1__L000027,c1c(c([nH+][nH]1)S(=O)(=O)[N-]c2nnc(o2)C3CC3)C(=O)[O-]
dude_grik1__L000028,Cc1cc(c(n1c2ccc(cc2[N+](=O)[O-])OC)C)/C=C/3\C(=NC(=S)N(C3=O)c4ccccc4F)[O-]
dude_grik1__L000029,Cc1ccc(cc1NC(=O)N[C@@H]2CCS(=O)(=O)C2)[N+](=O)[O-]
dude_grik1__L000030,c1cnccc1c2nnc(o2)CC(=O)NN
dude_grik1__L000031,C[C@@H](C(=O)N1CC[C@H](C1)C(=O)[O-])n2cccn2
dude_grik1__L000032,Cc1c(c(sn1)NC(=O)c2ccc(s2)[N+](=O)[O-])C(=O)[O-]
dude_grik1__L000033,C[C@@H](CC(=O)[O-])NC(=O)NC1CCS(=O)(=O)CC1
dude_grik1__L000034,C[C@@H](C(=O)NC(=O)NC[C@@H]1CCCO1)N2CCO[C@@H](C2)C(=O)N
dude_grik1__L000035,C1C[C@H](C(=O)NC1)NC(=O)NCCCCCC(=O)[O-]
dude_grik1__L000036,NS(=O)(=O)c2cccc3c1[nH]c(=O)c(=O)[nH]c1cc(N(=O)=O)c23
dude_grik1__L000037,C([C@@H]1[C@@H]([C@H]([C@@H](O1)COP(=O)([O-])[O-])O)O)OP(=O)([O-])[O-]
dude_grik1__L000038,Cc1cc2c(cc1C)OC[C@H]([C@H]2O)[NH+](CC(=O)[O-])CC(=O)[O-]
dude_grik1__L000039,C1[C@@H](C=CS1(=O)=O)NC(=O)NN
dude_grik1__L000040,Cc1cccn2c1nc(c2C(=O)C3=C(C(=O)N([C@H]3c4ccc(cc4)[N+](=O)[O-])c5nccs5)[O-])C
dude_grik1__L000041,CN(CC(=O)[O-])C(=O)N[C@H]1CCCC[C@@H]1O
dude_grik1__L000042,C[C@@H](c1ccc(s1)Cl)NC(=O)N[C@H](CC(C)C)C(=O)[O-]
dude_grik1__L000043,COc1ccc(cc1)NC2=N[C@@H](N3C(=CC(=C)NC3=N2)[O-])c4ccncc4
dude_grik1__L000044,CCCCc1nnc(s1)NC(=O)c2ccc(cc2)[N-]S(=O)(=O)c3ccc(c(c3)[N+](=O)[O-])C
dude_grik1__L000045,CS(=O)(=O)N1CCN(CC1)C(=O)N2C[C@H](C[C@H]2C(=O)[O-])O
dude_grik1__L000046,OC(=O)Cn3c(=O)c(=O)[nH]c4cc(C(F)(F)F)c(n2ccc(CNC(=O)Nc1ccc(Br)cc1)c2)cc34
dude_grik1__L000047,C[C@]12CC[C@@H]3[C@@H]([C@@H]1CC[C@@H]2O)CCC4=C/C(=N/OCC(=O)N5C[C@H](C[C@@H]5C(=O)[O-])O)/CC[C@]34C
dude_grik1__L000048,CCNC(=O)C(=O)N1CCC(CC1)C(=O)N
dude_grik1__L000049,c1c(nc(=O)n(n1)[C@H]2[C@H]([C@@H]([C@H](O2)CO)O)O)N
dude_grik1__L000050,CS(=O)(=O)NCCNC(=O)N1CSC[C@@H]1C(=O)[O-]
dude_grik1__L000051,C[C@H](C(=O)N(C)c1ccccc1)OC(=O)c2ccccc2[N-]S(=O)(=O)c3ccc4c(c3)OCCO4
dude_grik1__L000052,C1CC1NC(=O)CNC(=O)N[C@@H](CO)C(=O)[O-]
dude_grik1__L000053,C[C@@H]([C@@H](C(=O)[O-])NC(=O)NCCOCCC(C)C)O
dude_grik1__L000054,c1cnc(nc1)[N-]S(=O)(=O)N2CCCC[C@@H]2C(=O)[O-]
dude_grik1__L000055,C1CS(=O)(=O)C[C@H]1SCC(=O)NCC(=O)NCC(=O)[O-]
dude_grik1__L000056,Cc1cccn2c1nc(c2C(=O)C3=C(C(=O)N([C@H]3c4ccc(cc4)OC)CCN5CCOCC5)[O-])C
dude_grik1__L000057,Cc1c(c(n[nH]1)C)C(=O)Nc2cnn(c2)CC(=O)N
dude_grik1__L000058,C[C@@H]1CCC[C@](C1)(C(=O)[O-])Sc2[nH]ncn2
dude_grik1__L000059,c1c(cn(n1)CC(=O)[O-])S(=O)(=O)N[C@H]2CCCNC2=O
dude_grik1__L000060,CCN(CC)C(=O)c1ccc(cc1)[N-]S(=O)(=O)c2cccc(c2)n3cnnn3
dude_grik1__L000061,Cc1ncc(s1)CNC(=O)NC2(CCCC2)C(=O)[O-]
dude_grik1__L000062,Cc1c(c(=O)n(n1C)c2ccccc2)/N=C/c3c([nH]c(=O)n(c3=O)c4ccccc4)[O-]
dude_grik1__L000063,Cc1ccc(c(c1)C(=O)C2=C(C(=O)N([C@H]2c3ccc(cc3)[N+](=O)[O-])CCN4CCOCC4)[O-])C
dude_grik1__L000064,Cc1cc(c(c(c1)C)NC(=O)N[C@@H](C)C(=O)N2CCSCC2)C
dude_grik1__L000065,CCN(C(=O)N1CCC[C@H]1C(=O)N)C(C)(C)C(=O)[O-]
dude_grik1__L000066,Cc1cc(ccc1OCC(C)C)C(=O)C2=C(C(=O)N([C@@H]2c3ccc(cc3)O)CCCN4CCOCC4)[O-]
dude_grik1__L000067,Cc1c(cc(cc1[N+](=O)[O-])C(=O)[O-])n2cnc(n2)C#N
dude_grik1__L000068,Cn1cc(cn1)S(=O)(=O)[N-]c2nc(cs2)c3cc([nH]c3)C(=O)N
dude_grik1__L000069,COC(=O)CCS(=O)(=O)[N-]c1ccc(cc1C#N)N
dude_grik1__L000070,C1CC1NC(=O)CNC(=O)NC(=O)COCC(=O)[O-]
dude_grik1__L000071,c1cc(oc1)/C=C/C(=O)NC(=S)Nc2ccc(cc2)C(=O)[O-]
dude_grik1__L000072,c1cc(sc1C(=O)[O-])S(=O)(=O)[N-]c2cc[nH]n2
dude_grik1__L000073,C[C@@H]1CCC[C@@](C1)(C(=O)[O-])NC(=O)NCC#C
dude_grik1__L000074,C1CCN([C@@H](C1)CCO)C(=O)N2C[C@@H](C[C@@H]2C(=O)[O-])O
dude_grik1__L000075,CN(C)S(=O)(=O)/N=C(/c1ccc(c(c1)[N+](=O)[O-])n2cncn2)\[O-]
dude_grik1__L000076,C1C[C@H](CN(C1)C(=O)N)C(=O)N[C@H](CCO)C(=O)[O-]
dude_grik1__L000077,Cc1c(cccc1Cl)[N-]S(=O)(=O)c2cc(sc2C)c3nc(on3)C(=O)N4CCOCC4
dude_grik1__L000078,c1ccc2c(c1)C(=C/C(=N/Nc3ccc(cc3)S(=O)(=O)N)/C2=O)S(=O)(=O)[O-]
dude_grik1__L000079,OC(=O)c4cn3c2Cc1ccccc1c2nc(O)c3n4
dude_grik1__L000080,C[C@H](c1ccncc1)NC(=O)N2C[C@@H](C[C@H]2C(=O)[O-])O
dude_grik1__L000081,CN(CC(=O)N)C(=O)c1cn[nH]c1N
dude_grik1__L000082,CCOc1cc(ccc1OCC=C)[C@H]2C(=C(C(=O)N2CCCO)[O-])C(=O)c3ccc(cc3)Br
dude_grik1__L000083,C1CCCC(CC1)(C(=O)[O-])NC(=O)NCC[C@H]2CCCO2
dude_grik1__L000084,C[C@]12CCC(=O)C=C1CC[C@H]3[C@@H]2CC[C@@]4([C@@H]3CC[C@@]4(C(=O)COC(=O)CCC(=O)NCC(=O)[O-])O)C
dude_grik1__L000085,c1cc(cnc1)c2nnc(n2Cc3ccco3)SCC(=O)N4CCC(CC4)C(=O)[O-]
dude_grik1__L000086,c1cc(ccc1NC(=O)CCCC(=O)[O-])S(=O)(=O)N
dude_grik1__L000087,C=CCOc1ccc(cc1)C(=O)C2=C(C(=O)N([C@@H]2c3cccc(c3)[N+](=O)[O-])CCCn4ccnc4)[O-]
dude_grik1__L000088,C1C[C@@H](N(C1)C(=O)[C@H]([C@H]([C@@H]([C@@H](CO)O)O)O)O)C(=O)[O-]
dude_grik1__L000089,OC(=O)c4cn3c2Cc1cc(F)ccc1c2nc(O)c3n4
dude_grik1__L000090,C1CN(CCN1CCO)C(=O)N[C@H](CO)C(=O)[O-]
dude_grik1__L000091,C1CCC(C1)N(CC(=O)[O-])C(=O)N2CCC[C@@H]2C(=O)N
dude_grik1__L000092,CCS(=O)(=O)[N-]c1ccc(cc1)NC(=O)c2cc3cccc(c3[n-]2)[N+](=O)[O-]
dude_grik1__L000093,CS(=O)(=O)NCCNC(=O)Cn1ccc(n1)N
dude_grik1__L000094,CC(=O)N1CCS[C@H]1C(=O)NN
dude_grik1__L000095,C[C@@](C1CC1)(C(=O)[O-])NC(=O)N2CCC[C@H]2CO
dude_grik1__L000096,C1C[C@@H](C[C@@H](C1)C(F)(F)F)C(=O)/N=C/2\NCC(=N2)[O-]
dude_grik1__L000097,C[C@@H](/C(=C(/C#N)\C(=O)Nc1ccc(cc1)C(=O)N(C)C)/[O-])NC(=O)c2ccoc2
dude_grik1__L000098,Cc1c(c(=O)oc2c1c(cc3c2CCC(O3)(C)C)OCC(=O)NCC(=O)NCC(=O)[O-])C
dude_grik1__L000099,CC1=C2[C@@H](SCC(=N[C@H]2N(N1)C3=NC=NC4=NC=N[C@@H]43)O)c5ccc(c(c5)OC)OC
dude_grik1__L000100,CC(=O)N[C@@H]1[C@H]([C@H]2[C@H](COC(O2)(C)C)O[C@@H]1O)OC(=O)C
dude_grik1__L000101,Cc1ccc(s1)S(=O)(=O)[N-]c2cc(ccc2C(=O)[O-])Cl
dude_grik1__L000102,COc1ccc(cc1OC)[C@H]2CC3=C([C@H](n4c(ncn4)N3)c5cc(c(cc5OC)OC)OC)C(=O)C2
dude_grik1__L000103,C1CC(=O)NN=C1C(=O)N2C[C@H](C[C@@H]2C(=O)[O-])O
dude_grik1__L000104,Cc1c2c(n(n1)c3ccc(nn3)[O-])N=C(C[C@H]2c4ccc(cc4)OCc5ccccn5)O
dude_grik1__L000105,C1[C@H]([C@H]1C(=O)[O-])C(=O)N(CCO)CCO
dude_grik1__L000106,Cn1cc(cn1)S(=O)(=O)/N=C(/[C@H]2C[C@@H]2c3ccco3)\[O-]
dude_grik1__L000107,CC1CCC(CC1)(C(=O)[O-])NC(=O)c2cc(c[nH]2)C(=O)C
dude_grik1__L000108,CN1CCN(CC1)S(=O)(=O)c2ccc(c(c2)[N+](=O)[O-])NCC(=O)NCC#C
dude_grik1__L000109,C1CC1CNC(=O)N[C@@H](CO)C(=O)[O-]
dude_grik1__L000110,COc1ccc(cc1)S(=O)(=O)N2CCC[C@H]2C(=O)Nc3nc4c(s3)CN(CC4)C(=O)OC
dude_grik1__L000111,C1CCc2c(c(c(=S)[nH]c2N3CCOCC3)C#N)C1
dude_grik1__L000112,c1ccc(c(c1)C#N)S(=O)(=O)[N-]c2cccc(c2)CS(=O)(=O)N
dude_grik1__L000113,CC(C)[C@]1([C@H]2[C@@H]([C@@H]([NH2+]1)c3ccco3)C(=NC2=O)[O-])C(=O)[O-]
dude_grik1__L000114,C1[C@@H]([C@H](O[C@@H]1N2CN=C3C2=NC=NC3=O)COP(=O)([O-])[O-])O
dude_grik1__L000115,Cc1cnn(c1)c2cc(ncn2)c3cccc(c3)c4cc[nH]n4
dude_grik1__L000116,C1C2CC3CC1CC(C2)(C3)[C@H](O)S(=O)(=O)[O-]
dude_grik1__L000117,Cc1ccc(cc1N)c2nnnn2C3CCS(=O)(=O)CC3
dude_grik1__L000118,CS(=O)(=O)CCNS(=O)(=O)c1cc(ccc1N)S(=O)(=O)C
dude_grik1__L000119,c1ccc2c(c1)[C@@H](CCS2(=O)=O)NCCS(=O)(=O)N
dude_grik1__L000120,COC(=O)COc1ccc(cc1)NC(=O)c2ccc3c(c2)nc(=S)[nH]c3[O-]
dude_grik1__L000121,C[C@@H]([C@H](C(=O)[O-])NC(=O)Nc1cccc(c1C#N)F)O
dude_grik1__L000122,c1cnc(nc1)NNS(=O)(=O)c2ccc3c(c2)CCO3
dude_grik1__L000123,C[C@H]1CCC[C@H]([C@@H]1C)NC(=O)N[C@@H](CCSC)C(=O)[O-]
dude_grik1__L000124,CCOc1cc(ccc1O)[C@@H]2c3c(nc(s3)[S-])S[C@@H]4[C@@H]2C(=O)N(C4=O)c5ccc(cc5)[N+](=O)[O-]
dude_grik1__L000125,c1c[nH]cc1S(=O)(=O)N2CCC[C@H]2C(=O)N3CCNCC3
dude_grik1__L000126,c1ccc(c(c1)NC(=O)N[C@@H](C2CC2)C(=O)[O-])OC(F)F
dude_grik1__L000127,c1cc(c(cc1C(=O)N[C@@H]2CCS(=O)(=O)C2)N)[N+](=O)[O-]
dude_grik1__L000128,c1(nnnn1NC(=O)C(F)(F)F)NC(=O)C(F)(F)F
dude_grik1__L000129,Cc1c(cco1)C(=O)NCC(=O)/N=C/2\NCC(=N2)[O-]
dude_grik1__L000130,C=CCNC(=S)/N=C/c1c(=O)c2ccccc2[nH]c1[O-]
dude_grik1__L000131,C1[C@@H]([C@H](O[C@H]1O)C(=O)[O-])O
dude_grik1__L000132,Cc1cc(n2c(n1)ncn2)n3cnc(n3)C(=S)N
dude_grik1__L000133,C1COC(O1)[C@H]([C@H]([C@H](CO)O)O)O
dude_grik1__L000134,CCO/C(=C/1\[C@@H](C(=C(N=C1C)SCC(=O)N)C#N)c2ccccc2)/[O-]
dude_grik1__L000135,c1cc(c2cc[nH]c2c1)C(=O)N3C[C@H](C[C@H]3C(=O)[O-])O
dude_grik1__L000136,CC(C)(C)[C@@H](C(=O)[O-])NC(=O)NCCc1cccs1
dude_grik1__L000137,C[C@@H](/C(=N/O)/N)NC(=O)[C@H]1COCCO1
dude_grik1__L000138,Cc1nc(cs1)CN(C)S(=O)(=O)c2c(cc(cc2Cl)N)Cl
dude_grik1__L000139,Cc1cccc(c1)NCCCS(=O)(=O)[O-]
dude_grik1__L000140,C[C@H]([C@@H](C(=O)[O-])NS(=O)(=O)c1cccnc1)O
dude_grik1__L000141,Cc1ccc(cc1N)C(=O)N[C@H](C)C(=O)[O-]
dude_grik1__L000142,c1c(nc(s1)N)CC(=O)N2CCCC[C@@H]2C(=O)[O-]
dude_grik1__L000143,c1ccc(cc1)n2c(=O)c3ccccc3nc2N/N=C/c4cc(ccc4[O-])[N+](=O)[O-]
dude_grik1__L000144,c1cc(ccc1C(=O)N)S(=O)(=O)NC2(CCCC2)C(=O)[O-]
dude_grik1__L000145,c1cnc(c(n1)C(=O)[O-])[N-]S(=O)(=O)c2cc(cnc2)Br
dude_grik1__L000146,c1cc(c(cc1O)SS(=O)(=O)O)O
dude_grik1__L000147,c1nnnn1CC(=O)N2C[C@@H](C[C@H]2C(=O)[O-])O
dude_grik1__L000148,C[C@@H](c1cccc(c1)S(=O)(=O)NC)Nc2c3cnn(c3ncn2)C
dude_grik1__L000149,CC1CCC(CC1)(C(=O)[O-])NC(=O)NC2CCCC2
dude_grik1__L000150,CCOc1ccc(cc1OC)[C@H]2CC3=C([C@H](CC(=O)N3)c4cc(c(c(c4)OC)[O-])[N+](=O)[O-])C(=O)C2
dude_grik1__L000151,CC(C)(C(=O)[O-])N(C)C(=O)N1CC[C@H](C1)[NH3+]
dude_grik1__L000152,c1ccc(cc1)C(=O)c2ccc3n2CC[C@@H]3C(=O)O[C@@H]4[C@H]([C@@H]([C@H]([C@H](O4)C(=O)[O-])O)O)O
dude_grik1__L000153,c1cc(ccc1C2=NN=C[C@H]2/C=C(\C#N)/C(=O)Nc3ccc(cc3)S(=O)(=O)[N-]c4nccs4)F
dude_grik1__L000154,CN(C)S(=O)(=O)c1ccc(cc1)N2C[C@@H](CC2=O)C(=O)NN
dude_grik1__L000155,c1cc2c(cc1C(=O)N3CCc4ccc(cc4C3)O)COC2
dude_grik1__L000156,COCC[C@H](C(=O)[O-])NC(=O)N1CCC[C@@H]1CO
dude_grik1__L000157,c1cc2c(cc1[N-]S(=O)(=O)CC(=O)[O-])CCO2
dude_grik1__L000158,Cn1c2c(cn1)c(nc(n2)CN(C)C[C@@H]3CCCCO3)N
dude_grik1__L000159,CS(=O)(=O)N(CC(=O)Nc1ccc(cc1)S(=O)(=O)[N-]c2ncccn2)c3cccc(c3)F
dude_grik1__L000160,CO[C@@H]1C[C@H](N(C1)c2ncc(cn2)[N+](=O)[O-])C(=O)[O-]
dude_grik1__L000161,CC1=CCc2c(nsn2)[C@@H]1NC(=O)c3[nH]cnn3
dude_grik1__L000162,c1cn(nc1[N+](=O)[O-])CC(=O)N2CSC[C@H]2C(=O)[O-]
dude_grik1__L000163,CO[C@@H]1[C@H]([C@@H]([C@H]([C@@H](O1)[C@@H](CO)O)O)O)O
dude_grik1__L000164,CNS(=O)(=O)c1ccc(c(c1)C(=O)/N=c/2\[nH]nc3n2cccc3)F
dude_grik1__L000165,Cn1cc(cn1)S(=O)(=O)[N-]c2ccc(c(c2)Cl)S(=O)(=O)N
dude_grik1__L000166,Cc1c2cc(sc2n(n1)C)C(=O)N[C@H]([C@@H](C)O)C(=O)[O-]
dude_grik1__L000167,C1CSC[C@]1(C(=O)[O-])NC(=O)[C@@H]2CSC(=O)N2
dude_grik1__L000168,Cc1cccc(c1O)C(=O)N2CC[C@H](C2)C(=O)[O-]
dude_grik1__L000169,Cc1c(sc(c1C(=O)[O-])NC(=O)N2CCC[C@@H]2CO)C
dude_grik1__L000170,CNS(=O)(=O)c1cccc(c1)[N-]S(=O)(=O)c2c[nH]nc2
dude_grik1__L000171,Cc1nc(nc(n1)N)/C(=N/OC)/C(=O)[O-]
dude_grik1__L000172,Cc1c(sc(n1)N)C(=O)N2C[C@H](C[C@@H]2C(=O)[O-])OC
dude_grik1__L000173,Cc1ccc(cc1)[N-]S(=O)(=O)C[C@@H](C)C(=O)Nc2ccc3c(c2)[nH]c(=O)o3
dude_grik1__L000174,c1ccc(c(c1)N2C=NC3=CC(=C([O-])[O-])C=C[C@H]3C2=O)F
dude_grik1__L000175,CC(C)(C(=O)N[C@@H](CCSC)C(=O)[O-])NC(=O)c1cccs1
dude_grik1__L000176,C[C@H]([C@@H](C(=O)[O-])NC(=O)Cc1csc(n1)c2cccs2)O
dude_grik1__L000177,C(=N/n1c(nnn1)N)\C(=O)[O-]
dude_grik1__L000178,C1C[C@H](CN(C1)C(=O)C(=O)NCC(=S)N)O
dude_grik1__L000179,CCN([C@H](C)CC(=O)[O-])C(=O)[C@@H](CCSC)NC(=O)N
dude_grik1__L000180,Cc1cc(c(c(=O)o1)C2=NCCS[C@@H](C2)c3cc(ccc3[O-])[N+](=O)[O-])[O-]
dude_grik1__L000181,Cc1ccc(c(c1)C)N(CC(=O)Nc2ccc(cc2)S(=O)(=O)[N-]c3nc(cc(n3)C)C)S(=O)(=O)C
dude_grik1__L000182,CCC[C@H]1C[C@H]([NH+](C1)C)C(=O)N[C@H]([C@H]2[C@H]([C@H]([C@@H]([C@@H](O2)SC)OP(=O)([O-])[O-])O)O)[C@@H](C)Cl
dude_grik1__L000183,c1cc2c([n-]c(n2)/C(=C/c3ccc(cc3)N)/C#N)nc1
dude_grik1__L000184,COc1ccc(cc1NC(=S)NC(=O)c2cccc(c2)F)C(=O)[O-]
dude_grik1__L000185,C[C@@H]1CCC[C@](C1)(C(=O)[O-])NC(=O)NC(C)C
dude_grik1__L000186,C1CC(C1)CNC(=O)N[C@H](CCO)C(=O)[O-]
dude_grik1__L000187,c1cc(c(c(c1NC(=O)N[C@H](CO)C(=O)[O-])F)F)F
dude_grik1__L000188,COCC[C@H](C(=O)[O-])NC(=O)N[C@@H]1CCS(=O)(=O)C1
dude_grik1__L000189,C1C[C@H](OC1)CS(=O)(=O)N[C@@H](CCO)C(=O)[O-]
dude_grik1__L000190,c1cc(oc1)c2nc(c(o2)N3CCC(CC3)C(=O)NNC(=O)[C@@H]4CCCO4)C#N
dude_grik1__L000191,Cc1ccc(s1)C(=O)NCC(=O)N[C@@H](C2CC2)C(=O)[O-]
dude_grik1__L000192,C1C[C@H](CN(C1)C(=O)N)C(=O)N2CC[C@@H](C2)C(=O)[O-]
dude_grik1__L000193,C1C[C@H](C=C1)CC(=O)NCC(=O)NCC(=O)[O-]
dude_grik1__L000194,C1CCC(CC1)(C(=O)[O-])NC(=O)NCCCS(=O)(=O)N
dude_grik1__L000195,CCc1ccc(cc1[N+](=O)[O-])[N-]S(=O)(=O)c2cccc(c2)S(=O)(=O)NC
dude_grik1__L000196,C[C@@H](c1cccs1)NC(=O)N[C@H]([C@@H](C)O)C(=O)[O-]
dude_grik1__L000197,CC1=C2[C@H](CC(=O)N[C@@H]2N(N1)c3ccc(nn3)[O-])c4ccc(cc4)C(=O)OC
dude_grik1__L000198,c1c(sc(n1)NC(=O)Cn2cnnn2)C#CCCO
dude_grik1__L000199,CS(=O)(=O)c1cc(cc(c1)N)C(=O)NCC(=O)N
dude_grik1__L000200,Cc1ccc(cc1)N2C(=O)/C(=C/c3cc(c(cc3[N+](=O)[O-])OC)OC)/C(=NC2=O)[O-]
dude_grik1__L000201,c1ccc(cc1)Oc2ccc(cc2)[C@H]3[C@H]4[C@@H](C(=O)N(C4=O)CCO)[C@@]([NH2+]3)(CC(=O)[O-])C(=O)[O-]
dude_grik1__L000202,Cc1c2c(n(n1)c3ncccn3)N=C(C[C@H]2c4ccc(cc4)O)O
dude_grik1__L000203,CCC[C@@](C)(C(=O)[O-])NC(=O)NCc1nccs1
dude_grik1__L000204,CCO[C@H]1CN(CCN1)c2cc(ccc2NS(=O)(=O)[O-])S(=O)(=O)Oc3ccccc3
dude_grik1__L000205,CNC(=O)c1ccc(cc1)S(=O)(=O)[N-]c2cccc(c2C(=O)[O-])F
dude_grik1__L000206,C1CS(=O)(=O)C[C@@H]1NC(=O)N[C@@H](CC(=O)N)C(=O)[O-]
dude_grik1__L000207,Cc1cc(c(cc1C)S(=O)(=O)[N-]c2ccccc2c3nncn3C)[N+](=O)[O-]
dude_grik1__L000208,c1ccc(cc1)OS(=O)(=O)c2ccc(c(c2)N3CC[NH2+][C@@H](C3)[O-])NS(=O)(=O)[O-]
dude_grik1__L000209,CCC[C@@](C)(C(=O)[O-])NC(=O)NCCn1cccn1
dude_grik1__L000210,C1CC[C@H]([C@H](C1)NC(=O)N2C[C@@H](C[C@H]2C(=O)[O-])O)O
dude_grik1__L000211,c1cc(ccc1C(=O)[O-])n2c(c(nn2)C(=O)[O-])C3CCC3
dude_grik1__L000212,c1ccc(c(c1)CC(=O)[O-])NC(=O)c2c(cccn2)[O-]
dude_grik1__L000213,c1cc(cc(c1)NC(=O)[C@H]2CCCO2)C(=O)N3CCO[C@@H](C3)C(=O)N
dude_grik1__L000214,c1cc(c(c(c1)F)NC(=O)NC(=O)CCCC(=O)[O-])F
dude_grik1__L000215,C[C@@H](CC(=O)NN)n1cccn1
dude_grik1__L000216,Cc1c(c(on1)C)S(=O)(=O)[N-]c2cccc(c2)CS(=O)(=O)N
dude_grik1__L000217,c1ccc2c(c1)c(c[nH]2)c3nnc(o3)SCC(=O)Nc4cccc(c4)S(=O)(=O)N5CCOCC5
dude_grik1__L000218,Cc1ccc2nc(c(c(=O)n2c1)/C=C\3/C(=O)N(C(=S)S3)CCCC(=O)[O-])NCc4ccco4
dude_grik1__L000219,c1cc(c(c(c1)[N+](=O)[O-])[O-])/C=N/c2ccc(cc2)CC(=O)[O-]
dude_grik1__L000220,c1cc(cc(c1)[N+](=O)[O-])/C=N/N=C\2/N(C(=O)[C@@H](S2)CC(=O)[O-])[C@H]3CCC=C3
dude_grik1__L000221,C[C@H](c1ccsc1)NC(=O)N[C@H](CCO)C(=O)[O-]
dude_grik1__L000222,c1cc(ccc1C(=O)NCCO)[N-]S(=O)(=O)c2ccc(c(c2)F)F
dude_grik1__L000223,C[C@H]1CCCCN1C(=O)c2ccc3c(c2)nc(=S)[nH]c3[O-]
dude_grik1__L000224,CC(=O)N(C)CC(=O)N1C[C@@H](C[C@H]1C(=O)[O-])O
dude_grik1__L000225,C[C@H](C(=O)NC)NC(=O)N(CC(=O)[O-])[C@H]1CCS(=O)(=O)C1
dude_grik1__L000226,CS(=O)(=O)N1CCCC[C@H]1C(=O)NNC(=O)NC2CCCC2
dude_grik1__L000227,C[C@@](C1CC1)(C(=O)[O-])NC(=O)N2CCC(CC2)C(=O)NC
dude_grik1__L000228,CC(C)N(C)C(=O)COc1ccc(cc1N)C(=O)[O-]
dude_grik1__L000229,CSCC[C@H](C(=O)N(CC(=O)[O-])C1CC1)NC(=O)N
dude_grik1__L000230,Cc1cc(ccc1C(=O)[O-])NC(=O)CCNC(=O)C
dude_grik1__L000231,c1cc(cc(c1)[N+](=O)[O-])/C=N/n2c(nnc2[S-])c3c4c(n[nH]3)CCC4
dude_grik1__L000232,C[C@H]([C@@H](C(=O)[O-])NC(=O)NC1CCOCC1)O
dude_grik1__L000233,C[C@H]1CCC[C@@](C1)(C(=O)[O-])NC(=O)c2cc(c[nH]2)Cl
dude_grik1__L000234,Cc1ccc(cc1)C(=O)NNc2c(c(ncn2)N3CCC(CC3)C(=O)[O-])N
dude_grik1__L000235,Cc1ccccc1NC(=O)C2=C(Nc3ncnn3[C@H]2c4ccc(cc4)OCC(=O)N5CCOCC5)C
dude_grik1__L000236,COc1ccccc1[C@H]2c3c(c(nnc3c4ccccc4)[O-])Nc5n2nnn5
dude_grik1__L000237,c1cc(cc(c1)c2nn3c(nnc3s2)CC(=O)[O-])CC(=O)[O-]
dude_grik1__L000238,CNC(=O)[C@H]1CCCN1S(=O)(=O)c2c[nH]nc2N
dude_grik1__L000239,Cc1ccc(s1)C(=O)NCC(=O)N[C@@]2(CCSC2)C(=O)[O-]
dude_grik1__L000240,CN1[C@H](C(=C(N(C1=O)C)[O-])C(=O)COC(=O)CC2=c3ccccc3=[NH+]C2)N
dude_grik1__L000241,c1ccnc(c1)c2nc([nH]n2)/N=C(/c3cccc4c3cn[nH]4)\[O-]
dude_grik1__L000242,CCOC(=O)C1CCN(CC1)c2c(cc(cn2)NS(=O)(=O)c3ccc(cc3)CC(C)C)C(=O)[O-]
dude_grik1__L000243,C[C@H]1CCC[C@](C1)(C(=O)[O-])NC(=O)c2c[nH]nc2
dude_grik1__L000244,c1cc(=O)n(cc1C(=O)[O-])[C@H]2CCCNC2=O
dude_grik1__L000245,Cc1c(c(n[nH]1)C)C(=O)N[C@H](C2CC2)C(=O)[O-]
dude_grik1__L000246,C1CC1NC(=O)CNC(=O)N2C[C@@H](C[C@@H]2C(=O)[O-])O
dude_grik1__L000247,Cn1c(nnc1[S-])CC2=N[C@@H](SC2)NC(=O)c3ccc[nH]c3=O
dude_grik1__L000248,Cc1cc(on1)[N-]S(=O)(=O)c2cc(ccc2[N+](=O)[O-])NC
dude_grik1__L000249,Cn1cc(cn1)S(=O)(=O)[N-]c2cc(ccc2OC)C(=O)N3CCOCC3
dude_grik1__L000250,c1cc(c([nH+]c1)NC(=O)C2CCN(CC2)C(=O)N3CCCC3)[O-]
dude_grik1__L000251,C1CCC(C1)(C(=O)[O-])NC(=O)NCCS(=O)(=O)N
dude_grik1__L000252,C1COC(=O)[C@H]1[NH+](CCO)CCO
dude_grik1__L000253,c1nc(nn1[C@H]2[C@H]([C@@H]([C@@H](O2)CO)O)O)C(=O)N
dude_grik1__L000254,Cc1c(c(n(n1)Cc2nc(nc(n2)Nc3ccccc3)N)C)S(=O)(=O)N(C)Cc4ccco4
dude_grik1__L000255,CCc1nc2nc(cc(n2n1)[O-])CSc3nnnn3C
dude_grik1__L000256,CNC(=O)[C@@H]1CCCN1C(=O)C(=O)NN
dude_grik1__L000257,CCC[C@H](C(=O)[O-])NC(=O)Cc1csc(n1)[N-]S(=O)(=O)C
dude_grik1__L000258,c1c(c[n-]c1C(=O)N2C[C@@H](C[C@@H]2C(=O)[O-])O)[N+](=O)[O-]
dude_grik1__L000259,c1c2c(cc(c1Cl)S(=O)(=O)N)[S@@](=NC(=N2)CCC(=O)[O-])(=O)O
dude_grik1__L000260,CNc1ncc(cn1)S(=O)(=O)N2CCC[C@H]2CO
dude_grik1__L000261,CCc1cc(c(s1)NC(=O)C)C(=O)N[C@H](CC)C(=O)[O-]
dude_grik1__L000262,c1ccc(cc1)S(=O)(=O)[N-]c2ccc(cc2C#N)N
dude_grik1__L000263,Cc1ccc(o1)C(=O)NNC(=O)[C@H]2CCS(=O)(=O)C2
dude_grik1__L000264,CCc1nnc(s1)NC(=O)N[C@H]2CCCN(C2)c3ncccn3
dude_grik1__L000265,[H]/N=C/1\CNS(=O)(=O)N=C1[O-]
dude_grik1__L000266,Cc1c(c(on1)C)S(=O)(=O)N2CCC(CC2)C(=O)Nc3nc(cs3)CN4C[C@H](O[C@H](C4)C)C
dude_grik1__L000267,[H]/N=C/1\C2=NN=N[C@H]2[N-]C(=N1)N
dude_grik1__L000268,Cc1c(cn[nH]1)S(=O)(=O)[N-]c2cc(cc(c2)F)F
dude_grik1__L000269,c1cc(c(cc1C(=O)N[C@@H]2CCCNC2=O)[N+](=O)[O-])Br
dude_grik1__L000270,Cc1nnc(s1)/N=C(/C(=O)N(C)C[C@H]2CCCCO2)\[O-]
dude_grik1__L000271,COC(=O)OC[C@@H]1[C@H]([C@@H](C[C@@H](O1)O)O)O
dude_grik1__L000272,Cc1cc(cc(c1[O-])[C@H]2c3c(c4ccccc4[nH]3)C[C@@H]([NH2+]2)C(=O)[O-])[N+](=O)[O-]
dude_grik1__L000273,C[C@@H](C(=O)N[C@@H]1CCS(=O)(=O)C1)Sc2nnc(n2[C@H](C(C)C)C(=O)[O-])c3cccs3
dude_grik1__L000274,C1CCN([C@H](C1)C(=O)N)C(=O)COCC(=O)[O-]
dude_grik1__L000275,CN(Cc1cc(cs1)Br)S(=O)(=O)c2ccc(nc2)N
dude_grik1__L000276,Cc1c(c(n[nH]1)C)NC(=O)N2C[C@H](C[C@H]2C(=O)[O-])O
dude_grik1__L000277,c1cc(cc(c1)Cl)CS(=O)(=O)[C@H]2NN[C@@H](O2)CCNS(=O)(=O)c3ccc4c(c3)oc(n4)[O-]
dude_grik1__L000278,Cc1c(cn(n1)C)S(=O)(=O)Nc2[nH]c3ccccc3n2
dude_grik1__L000279,Cc1c(c(n[nH]1)C)S(=O)(=O)NC2(CCCCC2)C(=O)[O-]
dude_grik1__L000280,C([C@@H]1[C@@H]([C@@H]([C@@H]([C@@H](O1)O)O)O)O)OS(=O)(=O)[O-]
dude_grik1__L000281,Cc1c2c(n(n1)c3ccc(nn3)[O-])N=C(C[C@H]2c4ccc5c(c4)OCCO5)O
dude_grik1__L000282,CC1=C2[C@@H](CC(=O)N=C2N(N1)c3[nH]c4ccccc4n3)c5ccc(c(c5)OC)O
dude_grik1__L000283,c1ccc(cc1)NC2=C(C3=NC(=O)C=C([C@@H]3S2)[O-])C#N
dude_grik1__L000284,Cn1c(ccn1)CNc2cccc3c2c(=O)[nH]nc3[O-]
dude_grik1__L000285,Cc1nc(cn1C)S(=O)(=O)[N-]c2cnn(c2)CC(=O)OC
dude_grik1__L000286,CCN(CC)S(=O)(=O)c1ccc(cc1)N2C[C@H](CC2=O)C(=O)Nc3cc(ccc3C(=O)[O-])Cl
dude_grik1__L000287,CN(C1CCOCC1)S(=O)(=O)c2cc(ccc2N)[N+](=O)[O-]
dude_grik1__L000288,Cc1cccc(n1)CNC(=O)NC(C)(C)CCC(=O)[O-]
dude_grik1__L000289,CCN(Cc1ccc(cc1)S(=O)(=O)[O-])c2ccc(cc2)N
dude_grik1__L000290,c1cc(ccc1[C@@H]2C(=NS(=O)(=O)[N-]2)N)Cl
dude_grik1__L000291,c1c(cn(n1)CC(=O)N)C(=O)[O-]
dude_grik1__L000292,CC(C)CN(CC(=O)[O-])c1c(nccn1)C(=O)N
dude_grik1__L000293,c1cc([nH]c1)/C=C\2/C(=O)N(C(=S)S2)[C@H](CCC(=O)[O-])C(=O)[O-]
dude_grik1__L000294,c1c(c(n[nH]1)N)S(=O)(=O)N(CC#N)CC#N
dude_grik1__L000295,CN1C=Nc2c(ncn2[C@H]3CC[C@@H](O3)CO)[C@@H]1O
dude_grik1__L000296,C[C@@](CC(C)(C)OC)(C(=O)[O-])Sc1ccc(cn1)N
dude_grik1__L000297,C1CCC(C1)(C(=O)[O-])NC(=O)N2CCC(CC2)C(=O)N
dude_grik1__L000298,CCN(CCO)C(=O)NCC(=O)NCC(=O)[O-]
dude_grik1__L000299,CS(=O)(=O)CCNC(=O)NC(=O)COCC(=O)[O-]
dude_grik1__L000300,c1c(cncc1NC(=O)N2CCCC[C@@H]2CO)C(=O)[O-]
dude_grik1__L000301,C[C@@H]([C@@H](C(=O)[O-])NC(=O)c1ccc(cc1)NS(=O)(=O)C)O
dude_grik1__L000302,C[C@H](c1ccco1)NC(=O)N2C[C@H](C[C@H]2C(=O)[O-])O
dude_grik1__L000303,COC(=O)[C@H](CO)NS(=O)(=O)CC(=O)[O-]
dude_grik1__L000304,c1cc(c(cc1NC(=O)CSc2[nH]nc(n2)c3ccncc3)S(=O)(=O)N4CCOCC4)Cl
dude_grik1__L000305,Cc1ccc(c(c1)S(=O)(=O)N/N=C(\C)/c2ccc(cc2)S(=O)(=O)N3CCCC[C@@H]3C(=O)[O-])C
dude_grik1__L000306,c1cc2c(ccn2CC(=O)N3CC[C@@H](C3)C(=O)N)cc1[N+](=O)[O-]
dude_grik1__L000307,Cc1ccc(cc1S(=O)(=O)N2C[C@@H](CC[C@@H]2C)C(=O)N)Br
dude_grik1__L000308,C([C@@H]([C@@H]([C@H]1[C@H]([C@@H](C(=O)O1)O)O)O)O)O
dude_grik1__L000309,C[C@@](C1CC1)(C(=O)[O-])NC(=O)Nc2c[nH]nc2
dude_grik1__L000310,c1cc(ccc1C(=O)[O-])S(=O)(=O)NCCC[C@H]2C(=C(N=N2)N)C#N
dude_grik1__L000311,Cc1ccc(cc1)C(=O)NNc2c(c(ncn2)[O-])[N+](=O)[O-]
dude_grik1__L000312,Cc1ccnc(n1)[N-]S(=O)(=O)c2ccc(cc2)NC(=O)/C(=C\C(=O)[O-])/C
dude_grik1__L000313,CS(=O)(=O)/N=C(/c1ccc(nc1)C(=O)[O-])\[O-]
dude_grik1__L000314,CC(C)NS(=O)(=O)c1ccc(cc1)NCCC(=O)[O-]
dude_grik1__L000315,CC(C)c1c(sc(n1)NC(=O)/C=C/C(=O)[O-])C(=O)[O-]
dude_grik1__L000316,c1cc(c(cc1S(=O)(=O)NCCC#N)[N+](=O)[O-])[O-]
dude_grik1__L000317,c1cc(sc1)/C=C/C(=O)NCC(=O)NCC(=O)[O-]
dude_grik1__L000318,N[C@@H](Cn1c(=O)c(=O)[nH]c2ccccc12)C(O)=O
dude_grik1__L000319,c1cc(ccc1NC(=O)/C=C/C(=O)[O-])S(=O)(=O)N
dude_grik1__L000320,C[C@H]1[C@H]([C@@H]([C@@H]([C@@H](O1)n2c(=O)[nH]c(=O)cn2)O)O)O
dude_grik1__L000321,C[C@@H](CC(=O)[O-])NC(=O)c1c[nH]c(=O)cn1
dude_grik1__L000322,c1cc2cn[nH]c2cc1C(=O)N[C@@]3(CCSC3)C(=O)[O-]
dude_grik1__L000323,C(CSc1nc([nH]n1)N)C#N
dude_grik1__L000324,C1CN(C[C@H]1[NH3+])C(=O)N2C[C@@H](C[C@H]2C(=O)[O-])O
dude_grik1__L000325,Cc1ccccc1N2[C@H](NC(=O)C(=C2[S-])C#N)c3ccco3
dude_grik1__L000326,c1c(cn[nH]1)S(=O)(=O)NC2(CCCCC2)C(=O)[O-]
dude_grik1__L000327,CC(C)CN(CC(=O)[O-])C(=O)c1cc(cn1C)S(=O)(=O)N
dude_grik1__L000328,Cc1csc(n1)Nc2cccc(c2)[N-]S(=O)(=O)c3cc(ccc3C(=O)OC)C(=O)OC
dude_grik1__L000329,CC1=C([C@H](N2C(=CSC2=N1)/C=C(/NC[C@@H]3CCCO3)\[O-])c4ccc(cc4)[N+](=O)[O-])C(=O)OC
dude_grik1__L000330,CC1=C2[C@H](CC(=O)N[C@H]2N(N1)C3=NC=NC4=NC=N[C@@H]43)c5ccc(c(c5)OC)OC
dude_grik1__L000331,C1Cn2c(nnc2C34CC5CC(C3)CC(C5)C4)C[NH2+]1
dude_grik1__L000332,C1C(=O)N(C(=O)N1)CC(=O)Nc2nnc(s2)SCC(=O)[O-]
dude_grik1__L000333,COC(=O)[C@H]1CCCN1C(=O)C(=O)NCC(=S)N
dude_grik1__L000334,Cn1c(c(cn1)c2nc(no2)C3CC3)[N-]S(=O)(=O)c4ccc(nc4)Cl
dude_grik1__L000335,CCCn1c(cc(n1)C)CN(C)c2c(cc(cn2)NS(=O)(=O)c3ccc4c(c3)CCCC4)C(=O)[O-]
dude_grik1__L000336,c1cc(cc(c1)S(=O)(=O)[N-]c2ccc(cc2)C(=O)NNC(=O)Cc3ccc(cc3)F)[N+](=O)[O-]
dude_grik1__L000337,Cc1ccccc1[C@H]([C@@H](C(=O)[O-])NC(=O)OC(C)(C)C)O
dude_grik1__L000338,C[C@H](C(=O)N)NC(=O)N(CC(=O)[O-])C(C)C
dude_grik1__L000339,C[C@H](C(=O)N)NS(=O)(=O)N1CCCC[C@@H]1C(=O)[O-]
dude_grik1__L000340,CC(C)[C@@H](c1nnc(o1)S(=O)(=O)Cc2ccc(cc2)F)NS(=O)(=O)c3ccc4c(c3)OCO4
dude_grik1__L000341,C1CC1[C@H](C(=O)[O-])NC(=O)c2nc([nH]n2)N
dude_grik1__L000342,C[C@@H]1[C@H]([C@@H]([C@@H]([C@@H](O1)Sc2c3c(nc[nH]3)ncn2)O)O)O
dude_grik1__L000343,CC[C@@H](C(=O)N[C@@H]1[C@@H]2N(C1=O)C(=C(CS2)COC(=O)C)C(=O)[O-])n3c(c(c(n3)C)Cl)C
dude_grik1__L000344,c1cc(c(cc1S(=O)(=O)[N-]c2cc(cnc2)C(=O)[O-])Cl)F
dude_grik1__L000345,COc1ccc(cc1C(=O)NNC(=O)c2ccc(cc2)[N-]S(=O)(=O)c3cccs3)S(=O)(=O)N
dude_grik1__L000346,c1ccc2=[NH+]CC(=c2c1)C[C@H](C(=O)[O-])Nc3ccc(cc3[N+](=O)[O-])S(=O)(=O)N4CCOCC4
dude_grik1__L000347,C[C@@]12CC[C@@H]3[C@@H]([C@@H]1CCC2=O)C[C@@H]([C@@H]4[C@@]3([C@@H](C[C@H](C4)OC)O)C)O
dude_grik1__L000348,C[C@@H](C(=O)NC(=O)NCC=C)N1CCO[C@@H](C1)C(=O)N
dude_grik1__L000349,c1cc(c(cc1n2cnnn2)NC(=O)c3c(non3)N)F
dude_grik1__L000350,C[C@@H](C(=O)[O-])Nc1nc(c(c(=O)n1C)N=O)N
dude_grik1__L000351,C[C@H]1CC[C@H](CN1C(=O)N2CSC[C@@H]2C(=O)[O-])C(=O)N
dude_grik1__L000352,CC[C@H](C)[C@@H](C(=O)[O-])NC(=O)N[C@H]1CCC[C@H]([C@@H]1C)C
dude_grik1__L000353,COc1cc(c(c(c1)OC)/C=N/N2[C@@H](NN=C2[S-])[C@H]3C4=C(CCC4)N=N3)OC
dude_grik1__L000354,c1cc(c(cc1[N-]S(=O)(=O)c2cc(c3c(c2)OCCO3)C(=O)[O-])C#N)Cl
dude_grik1__L000355,CS(=O)(=O)[N-]c1cccc(c1)c2ccc(cn2)C(=O)[O-]
dude_grik1__L000356,c1cc(ccc1n2c(cc(nc2=S)[O-])[O-])F
dude_grik1__L000357,c1cc(cc(c1)n2cnnn2)c3cnnc(n3)N
dude_grik1__L000358,c1ccc(c(c1)CSCCNc2ccc(cc2S(=O)(=O)N3CCC(CC3)C(=O)[O-])[N+](=O)[O-])F
dude_grik1__L000359,Cc1nnc(s1)NC(=O)CC(=O)NN
dude_grik1__L000360,Cc1ccc(c(c1)C)N2C(=O)/C(=C/c3ccc(o3)c4ccc(cc4[N+](=O)[O-])OC)/C(=NC2=O)[O-]
dude_grik1__L000361,C1CN(CCN1CCO)[C@@H]2CS(=O)(=O)C[C@@H]2N
dude_grik1__L000362,CS(=O)(=O)NC1CCN(CC1)C(=O)Nc2ccncc2
dude_grik1__L000363,C1C=CC[C@H]([C@@H]1C(=O)NCCCO)C(=O)[O-]
dude_grik1__L000364,c1cnc(nc1)NC(=O)N[C@@H](CO)C(=O)[O-]
dude_grik1__L000365,CCOc1cccc(c1)C(=O)C2=C(C(=O)N([C@H]2c3ccc(c(c3)OCC)O)CCCn4ccnc4)[O-]
dude_grik1__L000366,c1c(c[nH]c1C(=O)Nc2nc([n-]n2)C(F)(F)F)Cl
dude_grik1__L000367,c1cc(sc1)c2nc(c(nn2)CCC(=O)[O-])[O-]
dude_grik1__L000368,C[C@@H]1C[NH+]=CN1[C@@H]2c3c4c(sc3N=C(N2)SC)CCC4
dude_grik1__L000369,Cn1cc(cc1C(=O)N)S(=O)(=O)/N=C(/CCCOC)\[O-]
dude_grik1__L000370,Cn1cnnc1CNC(=O)NCCC(=O)[O-]
dude_grik1__L000371,C1CC[C@H]([C@H](C1)NC(=O)N2CCO[C@@H](C2)C(=O)[O-])O
dude_grik1__L000372,Cc1nc(cs1)CN(C)S(=O)(=O)c2cc(ccc2N)Br
dude_grik1__L000373,CN1C(=O)c2ccc(cc2C1=O)C(=O)N3CCC[C@@H](C3)C(=O)[O-]
dude_grik1__L000374,C[C@@H](C(=O)N1C[C@@H](C[C@@H]1C(=O)[O-])O)NC(=O)N
dude_grik1__L000375,Cc1cc(nc(n1)[N-]S(=O)(=O)CC#N)C
dude_grik1__L000376,CC(C)(C(=O)[O-])Nc1c[nH]nc1[N+](=O)[O-]
dude_grik1__L000377,C[C@@H](C(=O)[O-])S(=O)(=O)[N-]c1cc2c(cc1[N+](=O)[O-])OCO2
dude_grik1__L000378,C[C@@H](C(=O)[O-])NC(=O)[C@@H]1CCCN(C1)S(=O)(=O)c2ccc(cc2)NC(=O)C
dude_grik1__L000379,C1C[C@H]2[C@@H](C1)OCCN2C(=O)NC(=O)COCC(=O)[O-]
dude_grik1__L000380,COc1ccc(cc1)[N-]S(=O)(=O)c2cc(cs2)c3nc(on3)C(=O)N4CCOCC4
dude_grik1__L000381,c1cc(nnc1C(=O)N2CCN(CC2)CCO)N
dude_grik1__L000382,C[C@H](C(=O)[O-])Nc1[nH]ncn1
dude_grik1__L000383,CC(=O)Nc1ccc(cc1)N2[C@@H](C(=C(C2=O)[O-])C(=O)c3ccc(cc3)[N+](=O)[O-])c4ccc(cc4)[N+](=O)[O-]
dude_grik1__L000384,CC[C@@H](C)O[C@H]1[C@H]([C@@H]([C@@H]([C@@H](O1)CO)O)O)NC(=O)C
dude_grik1__L000385,Cn1c(=O)c(nn(c1=O)C)NC2CCC(CC2)O
dude_grik1__L000386,CCCN(CCO)C(=O)N1C[C@@H](C[C@@H]1C(=O)[O-])O
dude_grik1__L000387,C1C[NH2+]CCN(C1)C(=O)NCC(=O)[O-]
dude_grik1__L000388,Cc1ccc(n1C)C(=O)N[C@H](CCO)C(=O)[O-]
dude_grik1__L000389,C[C@@H](C(=O)[C@@H](C#N)c1nc(nc(n1)N)N)OC
dude_grik1__L000390,C1C[C@H](N(C1)C(=O)CCC(=O)NCCOCCO)C(=O)[O-]
dude_grik1__L000391,c1cn(c(=O)[nH]c1=O)[C@H]2[C@H]([C@@H]([C@@H](O2)CO)O)Cl
dude_grik1__L000392,C[C@@H](c1nc(no1)c2ccc(cc2)F)NC(=O)N[C@@H]3CCCCNC3=O
dude_grik1__L000393,CC(C)[C@@H](C(=O)OC)NC(=O)N1C[C@@H](C[C@H]1C(=O)[O-])O
dude_grik1__L000394,Cc1c(c([nH]c1C(=O)OC)C)C(=O)C2=C(C(=O)N([C@@H]2c3ccc(cc3)Cl)CCN4CCOCC4)[O-]
dude_grik1__L000395,CC(C)(CC(=O)NCCCO)CC(=O)[O-]
dude_grik1__L000396,C[C@H]1CC[C@@H](CN1C(=O)NCC(=O)NCC(=O)[O-])C(=O)N
dude_grik1__L000397,c1cc(cc(c1)F)C(=O)N2CCC(CC2)NC(=O)c3c(nccn3)NC(=O)c4ccc5c(c4)OCO5
dude_grik1__L000398,Cc1cc2c(cc1S(=O)(=O)N3CCC[C@@H](C3)C(=O)Nc4ccc(cc4OC)OC)O[C@@H](C(=O)N2)C
dude_grik1__L000399,CS(=O)(=O)NC[C@@H]1[C@@H]([C@@H]([C@@H](O1)CO)O)N2CCOCC2
dude_grik1__L000400,c1cc2c(cc1c3nnnn3[C@H]4CO[C@H]5[C@@H]4OC[C@@H]5NC(=O)CC6(CCCC6)CC(=O)[O-])OCO2
dude_grik1__L000401,c1cc(ccc1[C@H]2[C@H]3CC=C[C@@H]3c4cc(ccc4N2)C(=O)[O-])C(=O)[O-]
dude_grik1__L000402,CN(C[C@@H](COC)O)C(=O)N[C@@H](CO)C(=O)[O-]
dude_grik1__L000403,c1cc(c(cc1C(=O)N)F)N2CCC(CC2)CCC(=O)[O-]
dude_grik1__L000404,Cc1ccc(cc1[N-]S(=O)(=O)C2CCS(=O)(=O)CC2)N
dude_grik1__L000405,CC(C)COc1ccc(cc1OC)[C@@H]2C(=C(C(=O)N2CCCO)[O-])C(=O)c3ccc4c(c3)OCCO4
dude_grik1__L000406,OC(=O)Cn4c(=O)c(=O)[nH]c5cc(N(=O)=O)c(n3ccc(CN2CCC(c1ccccc1)CC2)c3)cc45
dude_grik1__L000407,COC(=O)Cc1csc(n1)[N-]S(=O)(=O)[C@H]2CCS(=O)(=O)C2
dude_grik1__L000408,Cc1cc(ccc1[N+](=O)[O-])C(=O)NCC(=O)OCC(=O)NCC(=O)Nc2ccc(c(c2F)F)F
dude_grik1__L000409,c1cc(ccc1C[C@H](c2[n-]nnn2)[NH3+])O
dude_grik1__L000410,c1cc(cc(c1)N)C(=O)N2C[C@@H](C[C@@H]2C(=O)[O-])O
dude_grik1__L000411,Cc1c(c2c(n1[O-])-c3c(c(=O)cc[nH]3)C(=O)CC2)SC
dude_grik1__L000412,C[C@]1(CCN(C1)C(=O)Nc2c[nH]nc2)C(=O)[O-]
dude_grik1__L000413,Cc1ccnc2n1nc(n2)C(=O)N[C@@H](CO)C(=O)[O-]
dude_grik1__L000414,CSc1cc(ccc1N[C@@H]2CC(=O)N(C2=O)c3ccc(cc3)C(=O)[O-])C(=O)[O-]
dude_grik1__L000415,CC(=O)N[C@@]1([C@H]2[C@@H](NC1=O)N(C(=NC2=O)[O-])CCc3c[nH]c4c3cc(cc4)F)C(F)(F)F
dude_grik1__L000416,C[C@@H]1Cc2cc(ccc2O1)C(=O)C3=C(C(=O)N([C@H]3c4ccc(c(c4)OC)OC)CCCN5CCOCC5)[O-]
dude_grik1__L000417,C[C@H](C(=O)[O-])N1CCN(CC1)c2ccc(cc2)N
dude_grik1__L000418,Cc1nc(cn1C/C(=C(\C#N)/C(=O)NC2CCCCC2)/[O-])[N+](=O)[O-]
dude_grik1__L000419,CC(=O)N[C@H]1[C@@H]([C@@H]([C@@H](O[C@H]1O)CO)O)O
dude_grik1__L000420,Cc1cccn2c1nc(c(c2=O)/C=C\3/C(=O)N(C(=S)S3)CCCC(=O)[O-])NCCO
dude_grik1__L000421,c1cc(c2c(c1[N+](=O)[O-])C(=O)c3c(ccc(c3C2=O)[N+](=O)[O-])[O-])[O-]
dude_grik1__L000422,Cc1ccc(cc1Oc2ccc(cc2[N+](=O)[O-])C(=O)[O-])C(=O)[O-]
dude_grik1__L000423,C[NH+](CC(=O)[O-])C[P@](=O)(C)[O-]
dude_grik1__L000424,C1[C@@H](CN([C@H]1C(=O)[O-])C(=O)C(F)(F)F)O
dude_grik1__L000425,c1ccc(cc1)C2(CCN(CC2)C(=O)[C@@H]3CC=CC[C@@H]3C(=O)NCCNc4ccc(cn4)[N+](=O)[O-])C#N
dude_grik1__L000426,CN(CC(=O)N[C@@H](CO)C(=O)[O-])S(=O)(=O)c1cccs1
dude_grik1__L000427,C1C[C@H](CN(C1)C(=O)N2CSC[C@@H]2C(=O)[O-])C(=O)N
dude_grik1__L000428,C[C@@H]([C@@H](C(=O)[O-])NS(=O)(=O)c1cc(sc1Cl)Cl)O
dude_grik1__L000429,c1cc(c(c(c1)F)C(=O)N)OCc2c(cco2)C(=O)[O-]
dude_grik1__L000430,Cc1cc(c(cc1OCC(=O)N)S(=O)(=O)N(C)CC(=O)[O-])Cl
dude_grik1__L000431,C[C@H]([C@H](C(=O)[O-])NC(=O)C1=NN(C(=O)CC1)C)O
dude_grik1__L000432,C#CCNC(=O)CSc1nnc(n1N)C(F)(F)F
dude_grik1__L000433,Oc2nc1cc(N(=O)=O)c(N(=O)=O)cc1cc2P(O)(O)=O
dude_grik1__L000434,Cc1ccc(cc1)C(=O)C2=C(C(=O)N([C@@H]2c3ccc(cc3)OCC(=O)N)CCCN4CCOCC4)[O-]
dude_grik1__L000435,CC[C@](C)(C(=O)[O-])NC(=O)NCCC(C)(C)C
dude_grik1__L000436,C1C[C@@H](N(C1)C(=O)C(=O)NN)CO
dude_grik1__L000437,c1cc(cnc1)C(=O)N2CCC(CC2)c3nc4c(c(n3)[O-])nccn4
dude_grik1__L000438,C[C@@H]([C@]1([C@@H]2[C@@H]([C@@H]([NH2+]1)c3cccc(c3)Oc4cccc(c4)C(F)(F)F)C(=NC2=O)[O-])C(=O)[O-])O
dude_grik1__L000439,C[C@@H]1CN(CCCO1)S(=O)(=O)c2ccc(o2)C(=O)[O-]
dude_grik1__L000440,C1Cc2nnc(n2C1)CNC(=O)Nc3nnc(s3)C4CC4
dude_grik1__L000441,c1cc(oc1)CNC(=O)COC(=O)c2ccc(cc2O)[N-]S(=O)(=O)c3ccc(c(c3)[N+](=O)[O-])Cl
dude_grik1__L000442,c1cc(ccc1C(=O)N[C@H](Cc2cnc[nH]2)C(=O)[O-])I
dude_grik1__L000443,COC(=O)C1=C(N2C(=O)[C@@H](SC2=C([C@@H]1c3cccs3)C#N)CC(=O)[O-])N
dude_grik1__L000444,C1[C@@H](CN([C@H]1C(=O)[O-])C(=O)NCCCC(=O)N)O
dude_grik1__L000445,c1ccc(c(c1)[N-]S(=O)(=O)c2cc([nH]c2)C(=O)[O-])[N+](=O)[O-]
dude_grik1__L000446,Cn1cc(cc1C(=O)N)S(=O)(=O)NCCCO
dude_grik1__L000447,Cc1cc(ccc1[N+](=O)[O-])C(=O)NNC(=O)[C@H]2CCCC[C@@H]2C(=O)[O-]
dude_grik1__L000448,C1CS(=O)(=O)C[C@H]1C(=O)NNC(=O)NCC2CC2
dude_grik1__L000449,Cc1c(c(n2c(n1)nc(n2)SCC(=O)N(CC(C)C)[C@@H]3CCS(=O)(=O)C3)C)CC(=O)[O-]
dude_grik1__L000450,CN1[C@@H]([C@@H](CN1)C(=O)[O-])C(=O)N[C@@H](Cc2c[nH]c3c2cccc3)C(=O)[O-]
dude_grik1__L000451,c1nc(c2c(n1)n(cn2)[C@H]3[C@@H]([C@@H]([C@@H](O3)CO)O)O)NCCCC(=O)[O-]
dude_grik1__L000452,C[C@@H]1c2c(cc(cc2OC)OC)OC(=O)[C@H]1CC(=O)Nc3[n-]ncn3
dude_grik1__L000453,C[C@@H]([C@@H](C(=O)[O-])NC(=O)N1CCCN(CC1)C(=O)C)O
dude_grik1__L000454,CN(CC(=O)N)C(=O)/C(=N/c1nnc(s1)C(F)F)/[O-]
dude_grik1__L000455,c1nc2c(c(n1)I)ncn2[C@@H]3[C@H]([C@@H]([C@H](O3)CO)O)O
dude_grik1__L000456,c1cnc(cn1)/C(=C(\C#N)/C(=O)NN)/N
dude_grik1__L000457,CC(C)N(CC1CC1)C(=O)C(=O)NN
dude_grik1__L000458,c1cc-2c(cc1N)S(=O)(=O)c3c2cc(c(c3)N)S(=O)(=O)[O-]
dude_grik1__L000459,C[C@H](c1ccco1)NC(=O)N2C[C@H](C[C@@H]2C(=O)[O-])O
dude_grik1__L000460,c1ccc(cc1)S(=O)(=O)/N=C(/NCCc2nc(cs2)c3ccc(cc3)[N+](=O)[O-])\[O-]
dude_grik1__L000461,CC(=O)N[C@@H]1CS(=O)(=O)C[C@H]1N
dude_grik1__L000462,COc1c2c(cc(c1N3CCc4c(cc(s4)CO)C3)F)c(=O)c(cn2C5CC5)C(=O)[O-]
dude_grik1__L000463,Cc1c(cco1)C(=O)N2CCc3c(c(n[nH]3)C(=O)NC4CC4)C2
dude_grik1__L000464,CSCC[C@H](C(=O)[O-])NC(=O)Nc1nc2c(s1)CCCC2
dude_grik1__L000465,COC(=O)C1CCN(CC1)C(=O)C2CCN(CC2)C(=O)N
dude_grik1__L000466,c1ccc2c(c1)[C@H](CCO2)NC(=O)N[C@@H]3CCSc4c3cccc4
dude_grik1__L000467,C[C@H]1CCC[C@@](C1)(C(=O)[O-])NC(=O)C2=NNC(=O)CC2
dude_grik1__L000468,Cc1c(sc(n1)N2[C@@H](C(=C(C2=O)[O-])C(=O)c3ccncc3)c4cccc(c4)O)C(=O)OCC=C
dude_grik1__L000469,c1nc(nn1CC(=O)N2CCC(CC2)N3CCNC3=O)N
dude_grik1__L000470,c1cc(c(cc1C(=O)N[C@H]2CCS(=O)(=O)C2)N)[N+](=O)[O-]
dude_grik1__L000471,CNC(=O)[C@H]1CCCN1C(=O)N2C[C@@H](C[C@H]2C(=O)[O-])O
dude_grik1__L000472,CNS(=O)(=O)c1cc(n(c1)C)C(=O)N(C)CC(=O)[O-]
dude_grik1__L000473,c1ccc(c(c1)[N-]S(=O)(=O)c2cc(c(cc2Cl)F)C(=O)[O-])n3cnnn3
dude_grik1__L000474,c1csc(n1)NC(=O)NNC(=O)[C@H]2CCS(=O)(=O)C2
dude_grik1__L000475,c1cc(ccc1OC(=O)c2ccc(nc2)C(=O)N)I
dude_grik1__L000476,CC1=Nc2c3c(c4c(nc3[N-]1)N(C(=O)C4)c5ccc(cc5)S(=O)(=O)N)c(c(n2)N6CCCC6)C#N
dude_grik1__L000477,C1CSCCN1C(=O)N[C@H](CC(=O)N)C(=O)[O-]
dude_grik1__L000478,c1cc(ccc1C(=O)N2CCO[C@@H](C2)C(=O)[O-])N
dude_grik1__L000479,C[C@H](C(=O)N)NC(=O)N1C[C@@H](C[C@@H]1C(=O)[O-])O
dude_grik1__L000480,c1ccnc(c1)c2[n-]c3c(n2)C(=O)C(=C(C3=O)Cl)Cl
dude_grik1__L000481,CC[C@@H](C)[C@H](C(=O)N1C[C@@H](C[C@@H]1C(=O)[O-])OC)NC(=O)N
dude_grik1__L000482,CC(=O)Nc1ccc(cc1)S(=O)(=O)N(C)CC(=O)N/N=C/c2ccc3c(c2)OCO3
dude_grik1__L000483,Cc1c(c[nH]n1)NC(=O)c2ccc(cc2)n3cnnn3
dude_grik1__L000484,Cc1nc(cs1)/C=C/C(=N/S(=O)(=O)N2CCC(CC2)C(=O)OC)/[O-]
dude_grik1__L000485,C[C@@H](C(=O)OC)N[C@@H]1C(=O)NC(=O)N=N1
dude_grik1__L000486,c1cc(ccc1C(=O)n2c(c(cn2)C#N)N)n3cnnn3
dude_grik1__L000487,COCCS(=O)(=O)[N-]c1nc(cs1)c2ccc(cc2N)F
dude_grik1__L000488,C[C@@]1(CCS(=O)(=O)C1)NC(=S)Nc2cccc3c2cccc3S(=O)(=O)[O-]
dude_grik1__L000489,CSCC[C@H](C(=O)[O-])NC(=O)NCc1ccc(s1)Cl
dude_grik1__L000490,C[C@H]([C@@H](C(=O)[O-])NC(=O)c1ccc(o1)S(=O)(=O)N(C)C)O
dude_grik1__L000491,Cc1cnc(cn1)CNc2nnc(s2)[S-]
dude_grik1__L000492,C[C@@](c1ccc2c(c1)OCCCO2)(C(C)(C)C(=O)[O-])O
dude_grik1__L000493,CC(C)C[C@H](C(=O)[O-])NC(=O)c1c(cnn1C)C(=O)[O-]
dude_grik1__L000494,c1cc(cc(c1)NCC(=O)[O-])C(=O)NCCNC(=O)c2cccnc2
dude_grik1__L000495,c1cc(c(cc1C(=O)N)NC(=O)COCC(=O)[O-])F
dude_grik1__L000496,CC(=O)Nc1cc(c(cc1F)F)NC(=O)c2cc(oc2)Br
dude_grik1__L000497,CC(C)(C(=O)[O-])NC(=O)NCC(=O)N1CCOCC1
dude_grik1__L000498,C[C@H]([C@H](C(=O)[O-])NC(=O)N[C@@H](C)C(=O)N(C)C)O
dude_grik1__L000499,c1cc(sc1)C2=Nn3c(nnc3S[C@@H]2CC(=O)[O-])[S-]
dude_grik1__L000500,CC(C)N(CC(=O)[O-])c1ccc(cn1)C(=O)N
dude_grik1__L000501,C1CCC(CC1)Nc2c(c(nc(n2)NCC(=O)[O-])N)[N+](=O)[O-]
dude_grik1__L000502,Cc1ncc2n1-c3ccc(cc3C(=N[C@@H]2O[C@@H]4[C@@H]([C@@H]([C@@H]([C@@H](O4)C(=O)[O-])O)O)O)c5ccccc5F)Cl
dude_grik1__L000503,COC(=O)Nc1ccc(cc1)S(=O)(=O)N2CCN(CC2)CCN3C(=O)[C@H]4[C@@H]5C[C@H]([C@@H]4C3=O)C=C5
dude_grik1__L000504,c1cc(c(=O)[nH]c1)C(=O)N(CC(=O)[O-])c2ccc(cc2)O
dude_grik1__L000505,CN(CC(=O)[O-])C(=O)c1ccc(cc1)NC(=O)N
dude_grik1__L000506,Cc1c(sc(n1)N)C(=O)N2CCN(CC2)S(=O)(=O)C
dude_grik1__L000507,CS(=O)(=O)NCCNC(=O)N(CC1CC1)CC(=O)[O-]
dude_grik1__L000508,CC1CCC(CC1)(C(=O)[O-])NC(=O)NC(C)(C)C(=O)N
dude_grik1__L000509,CC(C)S(=O)(=O)[P@@]1(=O)NN2CCc3cc(c(cc3[C@@H]2CO1)S(=O)(=O)Oc4ccccc4)O
dude_grik1__L000510,c1ccc(c(c1)[N+](=O)[O-])S(=O)(=O)[N-]c2nnc(s2)[C@H]3CCCO3
dude_grik1__L000511,c1ccc2c(c1)OC[C@@H](O2)CNc3ccc(cc3[N+](=O)[O-])S(=O)(=O)NCC(=O)[O-]
dude_grik1__L000512,Cc1cc(ccc1[N+](=O)[O-])/C(=N/S(=O)(=O)N2CCCCC2)/[O-]
dude_grik1__L000513,c1cc2c(cc1NC(=O)CS[C@H](CC(=O)[O-])C(=O)[O-])OCO2
dude_grik1__L000514,c1c(cn(c1C(=O)N[C@@H](CCO)C(=O)[O-])C2CC2)Cl
dude_grik1__L000515,Cc1ccc(c(n1)[N+](=O)[O-])O[C@]2(CCSC2)C(=O)[O-]
dude_grik1__L000516,CC(C)(C)c1ccc(cc1)C(=O)NNC(=O)CCCC(=O)[O-]
dude_grik1__L000517,c1c(c(n[nH]1)S(=O)(=O)N2CCC[C@H]2CO)C(=O)[O-]
dude_grik1__L000518,CC1(CN(CCO1)CC[C@@](C)(C(=O)[O-])N)C
dude_grik1__L000519,CC[C@@H](C)N([C@@H]1CCS(=O)(=O)C1)C(=O)COC(=O)[C@@H]\2C(=C(N=C(/C2=C(\[O-])/OC)C)C)C(=O)OC
dude_grik1__L000520,COc1cc(cc(c1OC)OC)NC(=O)CCNC(=O)Cn2cnc3c(c2=O)c4c(s3)CCCC4
dude_grik1__L000521,CC(C)(C)NC(=O)N1C[C@H](C[C@H]1C(=O)[O-])O
dude_grik1__L000522,c1cc(=O)n(cc1N)CCN2C(=O)COCC2=O
dude_grik1__L000523,c1c(cc(c(c1[N+](=O)[O-])N)Cl)/C(=N/c2nncs2)/[O-]
dude_grik1__L000524,c1c(c(c(c(c1F)Cl)F)S(=O)(=O)N2CCC(CC2)C(=O)N)F
dude_grik1__L000525,c1cc(cc(c1)n2cnnn2)C3=NN=C[C@H]3C(=O)[O-]
dude_grik1__L000526,N[C@@H](Cn2ccc(=O)n(Cc1ccccc1C(O)=O)c2=O)C(O)=O
dude_grik1__L000527,CC(C)Oc1ccc(cc1)C(=O)C2=C(C(=O)N([C@@H]2c3ccc(cc3)[N+](=O)[O-])CCCN4CCOCC4)[O-]
dude_grik1__L000528,CC(C)[C@@H](C(=O)N[C@@H]([C@@H](C)O)C(=O)[O-])NC(=O)N1CCn2c1nc3c2cccc3
dude_grik1__L000529,COc1cc(ccc1O)[C@@H]2c3c(nc(s3)[S-])S[C@H]4[C@@H]2C(=O)N(C4=O)c5ccc(cc5)[N+](=O)[O-]
dude_grik1__L000530,CC(C)CCCNC(=O)N[C@](C)(C1CC1)C(=O)[O-]
dude_grik1__L000531,c1cc(c(cc1/C=C/C(=O)[O-])C(=O)NCc2[n-]nnn2)F
dude_grik1__L000532,c1c(cn[nH]1)C(=O)N2CCC[C@H](C2)C(=O)[O-]
dude_grik1__L000533,C[C@H]([C@@H](C(=O)[O-])NS(=O)(=O)C1CCOCC1)O
dude_grik1__L000534,C1COCCN1CCn2c(nnn2)CC[NH3+]
dude_grik1__L000535,Cc1ccc(cc1n2c(nnc2[S-])c3ccncc3)C#N
dude_grik1__L000536,CN(C)c1ccc(cn1)C(=O)N[C@H](CCO)C(=O)[O-]
dude_grik1__L000537,C[C@H](C(=O)NCC(=O)NCC(=O)[O-])NC(=O)COc1ccc2c(c1)oc(=O)c3c2CCCC3
dude_grik1__L000538,CC1CCC(CC1)N(C)C(=O)N2CCC[C@](C2)(C)C(=O)[O-]
dude_grik1__L000539,Cc1cc(no1)[N-]S(=O)(=O)c2cc(n(c2)C)C(=O)[O-]
dude_grik1__L000540,C[C@H]([C@H](C(=O)[O-])NC(=O)N(CCOC)CCOC)O
dude_grik1__L000541,c1ccc2c(c1)nc(s2)NC(=O)CSc3nnc(n3N)N/N=C/c4cc(cc(c4[O-])Cl)Cl
dude_grik1__L000542,Cc1ccc(cc1)[C@@H]2[C@H]3C(=NC(=NC3=O)SCC(=O)NCc4ccco4)N=C5C2=C(CC(C5)(C)C)[O-]
dude_grik1__L000543,C[C@H](CC(=O)NC(=O)N[C@H](C)C1CC1)CC(=O)[O-]
dude_grik1__L000544,C1CCC(C1)(C(=O)[O-])NC(=O)C2=NNC(=O)CC2
dude_grik1__L000545,c1cc(cc(c1)O)[C@H]2C(=C(C(=O)N2CCO)[O-])C(=O)c3ccc(cc3)F
dude_grik1__L000546,C[C@H](c1[n-]nnn1)NC(=O)Cn2cccnc2=O
dude_grik1__L000547,C1[C@H]([C@@H]([C@H]([C@@H](O1)C(=S)N)O)O)O
dude_grik1__L000548,CC(C)c1c(cnn1c2ccccn2)C(=O)NNC(=O)[C@H]3CCCO3
dude_grik1__L000549,CC(=O)N[C@H]1[C@H](C[C@@H]2CO[C@H](O[C@@H]2[C@@H]1O)c3ccccc3)O
dude_grik1__L000550,CCCNC(=O)N[C@@](C)(CC)C(=O)[O-]
dude_grik1__L000551,c1cc(cc(c1)[N+](=O)[O-])[N-]S(=O)(=O)c2ccc(o2)C(=O)[O-]
dude_grik1__L000552,CCOc1cc(c(cc1N2CCOCC2)OCC)NC(=O)[C@@H](C)Oc3ccc(cc3)CC(=O)[O-]
dude_grik1__L000553,C([C@H]1[C@@H]([C@@H]([C@@H](O1)N2C3=NC(=NC(=O)C3=NC2=O)[NH-])O)O)O
dude_grik1__L000554,COc1ccc(cc1OC)[C@@H]2c3c(nc(s3)[S-])S[C@@H]4[C@@H]2C(=O)N(C4=O)c5ccc(cc5)[N+](=O)[O-]
dude_grik1__L000555,COC\1=c2ccoc2=C(C(=O)/C1=C/3\C=C(ON3)C(F)F)OC
dude_grik1__L000556,C1CCN(C1)C(=O)Nc2c(c3c(s2)CCC3)C(=O)[O-]
dude_grik1__L000557,c1ccc(cc1)c2c(nnn2c3ccc4c(c3)OCO4)CO
dude_grik1__L000558,C[C@H](c1[n-]nnn1)NS(=O)(=O)c2cccc(c2)C(=O)[O-]
dude_grik1__L000559,c1ccc(c(c1)C(=O)N)N2CCC(CC2)CCC(=O)[O-]
dude_grik1__L000560,Cc1nnc(s1)[N-]S(=O)(=O)c2ccc3c(c2)CCCN3C(=O)c4cnccn4
dude_grik1__L000561,C[C@@H](CNc1nc2c(n1C)c(=O)n(c(=O)n2C)C)O
dude_grik1__L000562,C[C@@H](C(=O)N1CCN(CC1)S(=O)(=O)N(C)C)NC(=O)N
dude_grik1__L000563,c1cc(ncc1[N-]S(=O)(=O)c2c(cc(cc2F)F)F)N
dude_grik1__L000564,C1CO[C@H](CN1C(=O)CCC[NH3+])C(=O)[O-]
dude_grik1__L000565,c1(c(snn1)NC(=O)Nc2c(nns2)C(=O)[O-])C(=O)[O-]
dude_grik1__L000566,C1=NC(=O)NC(=O)[C@H]1NS(=O)(=O)[O-]
dude_grik1__L000567,c1c(cc(c(c1F)F)F)C(=O)N[C@@H](CCO)C(=O)[O-]
dude_grik1__L000568,c1cc2c(cc1S(=O)(=O)N3C[C@H](C[C@H]3C(=O)[O-])O)CC(=O)N2
dude_grik1__L000569,C1C[C@H](CC=C1)CNC(=O)NCC(=O)[O-]
dude_grik1__L000570,CC(C)(C(=O)[O-])NC(=O)c1cccc(c1O)F
dude_grik1__L000571,CC(C)(CO)NC(=O)CC1(CCCCC1)CC(=O)[O-]
dude_grik1__L000572,CCC[C@@](C)(C(=O)[O-])NC(=O)Nc1ccccc1F
dude_grik1__L000573,c1cn(c(=O)[nH]c1=O)[C@H]2[C@@H]([C@H](CO2)O)O
dude_grik1__L000574,c1c(cn[nH]1)NC(=O)N[C@@H](CCO)C(=O)[O-]
dude_grik1__L000575,CC(C)CCNC(=O)C(=O)NC[C@H]1N(CCCO1)S(=O)(=O)c2ccc3c(c2)OCCO3
dude_grik1__L000576,C1C[C@@H](OC1)CNC(=S)NCCCCCC(=O)[O-]
dude_grik1__L000577,CC(=O)NCC(=O)NCC(=O)N[C@H]1CCCc2c1cnn2C
dude_grik1__L000578,CSCC[C@H](C(=O)Nc1cnn(c1)CC(=O)[O-])NC(=O)N
dude_grik1__L000579,c1ccc2c(c1)c(c[nH]2)C[C@H](O)S(=O)(=O)[O-]
dude_grik1__L000580,C(CBr)C(=O)N[C@@H]1[C@H]([C@@H]([C@H](O[C@@H]1O)CO)O)O
dude_grik1__L000581,c1cc(=O)[nH]cc1C(=O)N[C@@H](Cc2cnc[nH]2)C(=O)[O-]
dude_grik1__L000582,C1CC[C@@H]2CN(CC[C@@H]2C1)C(=O)C(=O)NN
dude_grik1__L000583,c1cc2c3c(c1)[C@@H]([C@H](C(=O)N3CC2)C(=O)Nc4nncs4)O
dude_grik1__L000584,c1ccn(c1)c2cccc(c2)C(=O)N[C@H](CCO)C(=O)[O-]
dude_grik1__L000585,[H]/N=C\1/NC2=[NH+]CC[NH2+][C@]2(C(=O)N1)[O-]
dude_grik1__L000586,c1cc(ccc1C(=O)N2CCCS2(=O)=O)NC(=O)N
dude_grik1__L000587,CN(C)C(=O)CN1CCN(CC1)S(=O)(=O)c2c[nH]nc2N
dude_grik1__L000588,Cc1ccc(c(c1)S(=O)(=O)N[C@H](CCSC)C(=O)NNC(=O)c2cccc(c2)[N+](=O)[O-])C
dude_grik1__L000589,C[C@H](c1ccc2c(c1)OCCO2)[NH+]3CCCNCC3
dude_grik1__L000590,c1c(ncc(=O)[nH]1)C(=O)NC2CCC(CC2)n3cnnc3
dude_grik1__L000591,COc1ccc(cc1)NC(=O)N[C@H]2C[C@H](N(C2)C(=O)CSC)C(=O)N3CCC[C@@H]3C(=O)OC
dude_grik1__L000592,Cc1cc(c(cc1N)S(=O)(=O)[O-])C
dude_grik1__L000593,Cc1cc(no1)[N-]S(=O)(=O)c2ccc(cc2Cl)N
dude_grik1__L000594,C[C@H]1Cc2cc(ccc2O1)C(=O)C3=C(C(=O)N([C@H]3c4cc(c(c(c4)OC)OC)OC)CCOC)[O-]
dude_grik1__L000595,CCO[C@H]1O[C@H]2[C@H](O[C@H]([C@@H]2O1)n3cnc4c3ncnc4N)CO
dude_grik1__L000596,C#Cc1cccc(c1)NC(=O)N2CC[C@H](C2)C(=O)[O-]
dude_grik1__L000597,COC(=O)[C@H](CO)NS(=O)(=O)N1CCC[C@@H](C1)C(=O)[O-]
dude_grik1__L000598,C1CC[C@H]([C@H](C1)NC(=O)N(CC(=O)[O-])C2CC2)O
dude_grik1__L000599,C1=C(N2C=NN[C@H]2N=C1O)[O-]
dude_grik1__L000600,CO[C@H]1C[C@H](N(C1)c2cncc3n2nnn3)C(=O)[O-]
dude_grik1__L000601,CN1C(=O)/C(=C/NNC(=O)c2ccncc2)/C(=O)N=C1[O-]
dude_grik1__L000602,CC(C)(C)OC(=O)N1C[C@@H](C[C@H]1C(=O)[O-])Oc2ncccn2
dude_grik1__L000603,CC(C)[C@@H](C(=O)[O-])NC(=O)NCc1cc(cs1)Br
dude_grik1__L000604,C[C@]1(CCS(=O)(=O)C1)NC(=S)Nc2nc([nH]n2)C(=O)[O-]
dude_grik1__L000605,CNC(=O)Cn1cnc(n1)C(=S)N
dude_grik1__L000606,c1c(nc(=O)n(c1NC(=O)CSC2=NC(=O)CC(=N2)N)C3CCCCC3)[O-]
dude_grik1__L000607,C[C@H](COC)N(C)C/C(=N/O)/N
dude_grik1__L000608,C[C@@H]([C@@H](C(=O)[O-])NC(=O)N(CCO)C1CCCC1)O
dude_grik1__L000609,Cc1c(sc(n1)N)SC2(CCS(=O)(=O)CC2)C(=O)[O-]
dude_grik1__L000610,CCCNC(=O)[C@@H](C)NC(=O)N1C[C@H](C[C@H]1C(=O)[O-])O
dude_grik1__L000611,C1CCC(CC1)CNC(=O)N2C[C@H](C[C@@H]2C(=O)[O-])O
dude_grik1__L000612,Cc1c(c(n[nH]1)C(=O)N(CCC#N)CCC#N)N
dude_grik1__L000613,Cc1cccc(c1)NC(=O)N2CCN(CC2)C(=O)C(=O)NC3CC3
dude_grik1__L000614,C[C@@H](C(=O)[O-])O[C@@H]1[C@@H]([C@@H](O[C@@H]2[C@@H]1O[C@@H](OC2)c3ccccc3)Sc4ccc(cc4)F)NC(=O)C
dude_grik1__L000615,COCC[C@@H](C(=O)[O-])NC(=O)N[C@H]1CCS(=O)(=O)C1
dude_grik1__L000616,CCOc1ccc(cc1)[C@H]2CC(=NN2C3=NC(=O)[C@@H](S3)CC(=O)NCCC(=O)[O-])c4ccc(cc4)F
dude_grik1__L000617,CCN(CC(=O)Nc1ccc2c(c1)OCCO2)S(=O)(=O)c3ccc(c(c3)C(=O)[O-])F
dude_grik1__L000618,Cc1cc([nH]n1)c2nnc(n2/N=C/c3cc(ccc3Cl)[N+](=O)[O-])[S-]
dude_grik1__L000619,CC(C)(C(=O)[O-])N(C)C(=O)c1ccc(cc1O)O
dude_grik1__L000620,CS(=O)(=O)c1ccc(cc1)C(=O)N[N-]S(=O)(=O)c2ccccc2[N+](=O)[O-]
dude_grik1__L000621,C1CCC(C1)N(CC(=O)N)C(=O)N2C[C@H](C[C@H]2C(=O)[O-])O
dude_grik1__L000622,C[C@@H](C(=O)[O-])NC(=O)c1ccc(c(c1)[N+](=O)[O-])N2CCC[C@H]2c3ccc4c(c3)OCCO4
dude_grik1__L000623,CCC[C@](C)(C(=O)[O-])NC(=O)N[C@@H]1CCCC[C@@H]1CC
dude_grik1__L000624,CSCC[C@H](C(=O)N(CCC(=O)[O-])C1CC1)NC(=O)N
dude_grik1__L000625,Cc1c(sc(n1)N2[C@H](C(=C(C2=O)[O-])C(=O)c3ccc4c(c3)OCCO4)c5ccc(cc5)N(C)C)C(=O)C
dude_grik1__L000626,c1c(c(cc2c1OCCO2)n3cnc(n3)C#N)N
dude_grik1__L000627,C[C@H]([C@H](C(=O)[O-])NC(=O)[C@H]1CC(=O)N(C1)C(C)C)O
dude_grik1__L000628,c1cc[nH+]c(c1)N[C@H]([P@](=O)(O)[O-])P(=O)([O-])[O-]
dude_grik1__L000629,C[C@@](CCSc1nccc(n1)[O-])(C(=O)[O-])[NH2+]C2CC2
dude_grik1__L000630,C1CC[C@@H]2C[NH+](CC[C@@H]2C1)[C@@H]3CS(=O)(=O)C[C@@H]3O
dude_grik1__L000631,Cc1ccc(cc1C(=O)N)S(=O)(=O)NCCC(=O)[O-]
dude_grik1__L000632,C1CN(CCN1CCO)[C@H]2CS(=O)(=O)C[C@@H]2N
dude_grik1__L000633,c1ccnc(c1)c2csc(n2)NC(=O)c3nc([nH]n3)[O-]
dude_grik1__L000634,COc1ccc(cc1)C(=O)NNC(=O)[C@@H](CCSC)NS(=O)(=O)c2ccc3c(c2)OCCO3
dude_grik1__L000635,CCC(CC)(CC(=O)N[C@H]1CCCC[C@H]1O)C(=O)[O-]
dude_grik1__L000636,Cn1cc(cn1)S(=O)(=O)/N=C(/C=C\c2ccc3c(c2)OCCO3)\[O-]
dude_grik1__L000637,C[C@H](/C(=N/S(=O)(=O)c1ccc2c(c1)OCCO2)/[O-])OC
dude_grik1__L000638,CCN(CC)S(=O)(=O)c1ccc(cc1)NC(=O)C2CCN(CC2)c3c4c(nccn4)ncn3
dude_grik1__L000639,C[C@@H]1Cc2cc(ccc2O1)C(=O)C3=C(C(=O)N([C@H]3c4cc(c(c(c4)OC)OC)OC)CCOC)[O-]
dude_grik1__L000640,C1C(=O)C=CN(C1=O)[C@@H]2[C@@H]([C@H]([C@@H](O2)CO)O)O
dude_grik1__L000641,C[C@H](CC(=O)NNc1c(cc(cn1)Cl)Cl)CC(=O)[O-]
dude_grik1__L000642,CSCC[C@H](C(=O)[O-])NC(=O)Nc1cc(c(c(c1)F)F)F
dude_grik1__L000643,C[C@H]1CCC[C@H](C1)N(C)C(=O)N2CCC(CC2)C(=O)[O-]
dude_grik1__L000644,c1csc(n1)NC(=O)N(CC(=O)[O-])[C@@H]2CCS(=O)(=O)C2
dude_grik1__L000645,CC(C)(C(=O)[O-])NC(=O)N1CCC[C@@H]1C(=O)NC
dude_grik1__L000646,C1CCC(CC1)NC(=O)c2c3c([nH]n2)CCN(C3)C(=O)[C@@H]4CCCO4
dude_grik1__L000647,Cc1c(c(n(n1)c2ncc(cn2)[N+](=O)[O-])C)C(=O)[O-]
dude_grik1__L000648,C[C@]12CCC(=O)C=C1CC[C@@H]3[C@@H]2C(=O)C[C@@]4([C@@H]3CC[C@@]4(C(=O)CO)O)C
dude_grik1__L000649,c1cnc(nc1)N2CCN(CC2)c3c(cn[nH]3)[N+](=O)[O-]
dude_grik1__L000650,c1cc(cc(c1)F)C[C@H](C(=O)[O-])NC(=O)c2cccc(c2)O
dude_grik1__L000651,C1CS(=O)(=O)C[C@@H]1SCC(=O)N[C@@H](CC(=O)N)C(=O)[O-]
dude_grik1__L000652,c1ccc(cc1)[C@@H]2CN(CCO2)S(=O)(=O)c3cc(cs3)N
dude_grik1__L000653,CC[C@H](C(=O)[O-])n1cc(c(=O)cc1CN(C)CC(=O)[O-])O
dude_grik1__L000654,COCC[C@H](c1nnc2n1cnc3c2[nH]cn3)[NH3+]
dude_grik1__L000655,CCNCc1ccccc1NC(=O)c2c(cccn2)[O-]
dude_grik1__L000656,CCNC(=O)[C@H]1[C@H]2CCCC[C@@H]2S[C@@H]1NC(=O)c3cnc4ncnn4c3[O-]
dude_grik1__L000657,c1csc(n1)CCNC(=O)C(=O)NCC(=S)N
dude_grik1__L000658,c1cc(c(cc1[N-]S(=O)(=O)c2ccc3c(c2)NC(=O)[C@H](S3)C(=O)N4CCOCC4)F)F
dude_grik1__L000659,c1cc2c(cccn2)c(c1)Nc3c(c(ncn3)N4CCC(CC4)C(=O)[O-])[N+](=O)[O-]
dude_grik1__L000660,C[C@@](C1CC1)(C(=O)[O-])NC(=O)NCC[C@H]2CCCO2
dude_grik1__L000661,C[C@@H]1CCC[C@@](C1)(C(=O)[O-])NC(=O)N(CCO)CCO
dude_grik1__L000662,CC(C)(C)N1C(=O)[C@H]2[C@H]([NH2+][C@@]([C@@H]2C1=O)(CC(=O)[O-])C(=O)[O-])c3ccc(s3)Cl
dude_grik1__L000663,C[C@H](C(=O)Nc1cccc(c1)C#N)Oc2ccc(cc2C(=O)[O-])C(=O)[O-]
dude_grik1__L000664,CCS(=O)(=O)c1c(n(nn1)C[C@H](CO)O)N
dude_grik1__L000665,CC1CCC(CC1)(C(=O)[O-])NC(=O)NCCNC(=O)C
dude_grik1__L000666,c1cc(ccc1C(=O)[O-])O[C@@H]2[C@H]([C@H]([C@@H]([C@H](O2)CO)O)O)O
dude_grik1__L000667,C1CN(CCC1C(=O)N)C(=O)NC(=O)COCC(=O)[O-]
dude_grik1__L000668,C[C@H](C(=O)Nc1ccnn1C(C)C)OC(=O)C2CCN(CC2)S(=O)(=O)c3cccc(c3)C(=O)C
dude_grik1__L000669,CSc1nnc2n1ncn2/N=C\c3cc(ccc3[O-])[N+](=O)[O-]
dude_grik1__L000670,Cc1ccc(cc1)N2C[C@H](CC2=O)C(=O)Nc3[n-]c(c(n3)C#N)C#N
dude_grik1__L000671,C[C@@H]([C@H](C(=O)[O-])NS(=O)(=O)N1CCC(CC1)C(=O)OC)O
dude_grik1__L000672,Cc1c(cccc1[N+](=O)[O-])/C(=N/S(=O)(=O)N(C)C)/[O-]
dude_grik1__L000673,COCC[C@@H](C(=O)[O-])NC(=O)NC[C@@H]1CCCO1
dude_grik1__L000674,C[C@H](C(=O)NC(=O)N)N1CCO[C@@H](C1)C(=O)[O-]
dude_grik1__L000675,Cc1nc(cs1)CNC(=O)N[C@@H]([C@H](C)O)C(=O)[O-]
dude_grik1__L000676,c1cscc1c2nc(on2)CCC(=O)Nc3[n-]ncn3
dude_grik1__L000677,C1[C@@H](CN([C@@H]1C(=O)[O-])C(=O)CCSCC(=O)N)O
dude_grik1__L000678,c1cc(c(cc1C(=O)NCCNC(=O)c2cnccn2)[N+](=O)[O-])N3CCOCC3
dude_grik1__L000679,c1cc2cn[nH]c2cc1C(=O)NC3(CCCC3)C(=O)[O-]
dude_grik1__L000680,c1cn(c(=O)[nH]c1=O)[C@@H]2[C@@H]([C@@H]([C@@H](O2)CO)O)O
dude_grik1__L000681,CCS[C@H](C(C)C)/C(=C(/C#N)\C(=O)Nc1ccc(cc1)NC(=O)C)/[O-]
dude_grik1__L000682,Cc1cc(=O)oc2c1ccc(c2)O[C@@H]3[C@@H]([C@@H]([C@@H]([C@@H](O3)COS(=O)(=O)[O-])O)O)O
dude_grik1__L000683,Cc1cc(c(c(c1)[N+](=O)[O-])N)C(=O)N2CCS(=O)CC2
dude_grik1__L000684,c1cc(c(cc1C(=O)N2C[C@H](C[C@@H]2C(=O)[O-])O)N)Cl
dude_grik1__L000685,CC(C)[C@H](C(=O)[O-])NC(=O)[C@H](CCSC)NC(=O)N
dude_grik1__L000686,Cc1c(sc(n1)N2[C@@H](C(=C(C2=O)[O-])C(=O)c3ccc4c(c3)OCCO4)c5cccc(c5)O)C(=O)C
dude_grik1__L000687,C[C@H](C(=O)N[C@H]1[C@H]([C@@H]([C@H](O[C@@H]1O)CO)O)O)Cl
dude_grik1__L000688,C[C@]1(CCN(C1)C(=O)c2ccc3c(c2)CCCN3)C(=O)[O-]
dude_grik1__L000689,c1cc(c(c(c1)Cl)[N-]S(=O)(=O)C2CCOCC2)N
dude_grik1__L000690,Cn1c(=O)c(nn(c1=O)C)N2C[C@H](C[C@@H]2C(=O)[O-])O
dude_grik1__L000691,C[C@@]1(CCS(=O)(=O)C1)NC(=O)C(=O)NCC(=S)N
dude_grik1__L000692,C[C@@H]1CN(C[C@@H](O1)C)S(=O)(=O)c2ccc(cc2)C(=O)N[C@@H]([C@@H](C)O)C(=O)[O-]
dude_grik1__L000693,c1cc2c(cc1N3C[C@H](CC3=O)C(=O)OCC(=O)NC(=O)N)OCCO2
dude_grik1__L000694,CCC[C@](C)(C(=O)[O-])NC(=O)Nc1nc(c(s1)C)CC
dude_grik1__L000695,CN(C1CC1)C(=O)Nc2cc(cc(c2)C(=O)[O-])C(=O)[O-]
dude_grik1__L000696,C[C@@H]([C@H]1CCCO1)NC(=O)C(=O)NN
dude_grik1__L000697,c1cc(cnc1)c2nc([nH]n2)SCC(=O)Nc3nncs3
dude_grik1__L000698,c1cc(cc(c1)NC(=S)NC[C@H]2CCCO2)C(=O)[O-]
dude_grik1__L000699,c1cc(c(cc1N[C@H]2[C@@H]([C@@H]([C@@H](CO2)O)O)O)[N+](=O)[O-])S(=O)(=O)[O-]
dude_grik1__L000700,CN(CCC#N)C(=O)c1c(c[nH]n1)N
dude_grik1__L000701,OC(=O)[C@H]2NC[C@@H]1ON=C(C(O)=O)[C@@H]12
dude_grik1__L000702,c1ccc2c(c1)[C@H](CS2(=O)=O)N[C@@H]3C[NH+]4CCC3CC4
dude_grik1__L000703,CC(=O)N[C@H]1[C@H]([C@H]([C@@H](O[C@@H]1OC)CO)O)O
dude_grik1__L000704,CS(=O)(=O)c1cc(cc(c1)N)C(=O)N2CCC[C@H](C2)O
dude_grik1__L000705,CC(C)(C(=O)[O-])N(C)C(=O)[C@H]1CCCN(C1)C(=O)N
dude_grik1__L000706,Cc1nc([nH]n1)S[C@H](C)C(=O)N2CCNC2=O
dude_grik1__L000707,Cc1ccc(cc1S(=O)(=O)[N-]c2cc(ccc2F)n3c(nc4ccccc4c3=O)C)[N+](=O)[O-]
dude_grik1__L000708,C1CS(=O)(=O)C[C@H]1CNC(=O)N[C@@H](CO)C(=O)[O-]
dude_grik1__L000709,CC(=O)Nc1ccc(cc1)S(=O)(=O)NC[C@H](c2ccco2)S(=O)(=O)c3ccc4c(c3)OCCO4
dude_grik1__L000710,CO[C@H]1C[C@@H](N(C1)C(=O)[C@@H](CCSC)NC(=O)N)C(=O)[O-]
dude_grik1__L000711,Cc1c(cccc1Cl)NC(=O)CSC2=C([C@@H]([C@@H](C(=N2)[O-])C(=O)OC)c3ccccc3Cl)C#N
dude_grik1__L000712,Cc1ccc(c(c1)C(=O)NCCCC(=O)N)[N-]S(=O)(=O)C
dude_grik1__L000713,CS(=O)(=O)NC[C@@H]1CCCN(C1)C(=O)c2nc([nH]n2)N
dude_grik1__L000714,C[C@@H](C(=O)N1CCC[C@H](C1)C(=O)[O-])n2cncn2
dude_grik1__L000715,Cc1c(n2ccccc2n1)C(=O)C3=C(C(=O)N([C@@H]3c4cc(c(c(c4)OC)OC)OC)c5nccs5)[O-]
dude_grik1__L000716,c1cc(cc(c1)[N-]S(=O)(=O)C2=CN=C(C2)C(=O)N3CCCC3)c4nnc5n4CCC5
dude_grik1__L000717,Cc1ccc(o1)c2c(cn(n2)c3ccccc3)C(=O)NNC(=O)c4c(nc(s4)N5CCOCC5)C
dude_grik1__L000718,c1cc(ccc1[C@H](C[N+](=O)[O-])c2c([nH]c(=O)[nH]c2=O)[O-])O
dude_grik1__L000719,C[C@@H](c1cccs1)NC(=O)NCC(=O)NCC(=O)[O-]
dude_grik1__L000720,C[C@](C1CC1)(C(=O)[O-])NC(=O)c2ccc3c(c2)nc[nH]3
dude_grik1__L000721,C1[C@@H](O1)CCO[C@@H]2[C@@H]([C@@H]([C@@H]([C@@H](O2)CO)O)O)O
dude_grik1__L000722,COc1cc(cc(c1OC)OC)c2nc3ccccc3c(=O)n2NCc4cccc(c4[O-])[N+](=O)[O-]
dude_grik1__L000723,CCC[C@](C)(C(=O)[O-])NC(=O)[C@H]1CCCN(C1)C(=O)N
dude_grik1__L000724,C[C@@H](C(=O)[O-])NC(=O)c1ccc(c(c1)[N+](=O)[O-])NCC(=O)N(C)C
dude_grik1__L000725,C[C@@H]1[C@@H]([C@@H]([C@H]([C@H](O1)OC)O)O)O
dude_grik1__L000726,c1cc(cc(c1)n2cnnn2)C3=NN=C[C@@H]3C(=O)[O-]
dude_grik1__L000727,c1c(c([nH]c1C(=O)N2C[C@H](C[C@H]2C(=O)[O-])O)Cl)Cl
dude_grik1__L000728,c1cc(c(cc1O)O)/C=C\2/C(=O)N(C(=O)S2)CC(=O)NCC(=O)[O-]
dude_grik1__L000729,C1C[C@H]2C=C[C@@H]1C34C2(C(=O)N=C3[O-])C(=O)N=C4[O-]
dude_grik1__L000730,Cc1c(c(n(n1)C)N2CCC[C@@H]2C(=O)N)C(=O)[O-]
dude_grik1__L000731,c1cc(ccc1C(=S)N)OCCCn2c(=O)ccc(n2)[O-]
dude_grik1__L000732,c1cc(ccc1N)OCC(=O)N2CCN(CC2)CCO
dude_grik1__L000733,C1CN(C[C@H]1O)C(=O)N2CSC[C@@H]2C(=O)[O-]
dude_grik1__L000734,C1CC1[C@@H](C(=O)[O-])NC(=O)[C@@H]2CSCN2
dude_grik1__L000735,CN(C)S(=O)(=O)/N=C(/c1c(cnc(n1)N2CCCC2)Cl)\[O-]
dude_grik1__L000736,c1c(c[nH]c1C(=O)NCC(=O)[O-])[N+](=O)[O-]
dude_grik1__L000737,CS(=O)(=O)NCCc1ccc(cc1)S(=O)(=O)N
dude_grik1__L000738,c1cc(oc1C(=O)N[C@@H](CC(=O)N)C(=O)[O-])[N+](=O)[O-]
dude_grik1__L000739,Cc1c(cccc1Cl)[N-]S(=O)(=O)c2ccc3c(c2)c(=O)c(c[nH]3)C(=O)N4CCOCC4
dude_grik1__L000740,CN1[C@@H]2C(=NC(=N2)CN3CCOCC3)C(=NC1=O)[O-]
dude_grik1__L000741,C1[C@H]([C@@H]1C(=O)[O-])C(=O)N(CCO)CCO
dude_grik1__L000742,COC(=O)c1cc(ccc1N2CC(C2)C(=O)[O-])[N+](=O)[O-]
dude_grik1__L000743,C1CCC(CC1)(CC(=O)NC2(CCCC2)CO)C(=O)[O-]
dude_grik1__L000744,c1ccc2c(c1)nnn2c3cccc(c3C4=[NH+]CCCN4)F
dude_grik1__L000745,C[C@H](c1cccc(c1)O)NS(=O)(=O)[C@H](C)C(=O)[O-]
dude_grik1__L000746,C[C@H]([C@H](C(=O)[O-])NC(=O)NCC(=O)N1CCNCC1)O
dude_grik1__L000747,C1C[C@H](CN(C1)C(=O)NCC(=O)NCC(=O)[O-])O
dude_grik1__L000748,CSCC[C@H](C(=O)N1CCO[C@H](C1)C(=O)[O-])NC(=O)N
dude_grik1__L000749,c1cc(c(nc1)NC(=O)[C@@H]2CC(=O)N(C2)c3ccc4c(c3)OCO4)O
dude_grik1__L000750,Cc1cnc(cn1)CNC(=O)NC(=O)COCC(=O)[O-]
dude_grik1__L000751,c1cc2c(cc1S(=O)(=O)NC3CC3)S(=O)(=O)NC=N2
dude_grik1__L000752,C[C@H]([C@@H](C(=O)[O-])NC(=O)c1ccc2c(c1)nc[nH]2)O
dude_grik1__L000753,c1nc2n(n1)[C@@H]([C@@H](C(=N2)[O-])N=O)N
dude_grik1__L000754,C[C@@H]1CC[C@@H](CN1S(=O)(=O)c2c(n(cn2)C)Cl)C(=O)N
dude_grik1__L000755,C[C@@H](C(=O)NC)NC(=O)N(CC(=O)[O-])[C@H]1CCS(=O)(=O)C1
dude_grik1__L000756,CCOc1cc(ccc1O)[C@H]2C(=C(O[C@@H]3C2=C(N=N3)COC)N)C#N
dude_grik1__L000757,CCCC1(CCN(CC1)c2ncc(cn2)[N+](=O)[O-])C(=O)[O-]
dude_grik1__L000758,c1cn(c(=O)cc1[O-])[C@H]2[C@@H]([C@@H]([C@@H](O2)CO)O)O
dude_grik1__L000759,c1cc(ccc1NC(=O)c2c3c(n(n2)[C@@H]4CCS(=O)(=O)C4)CCCC3)S(=O)(=O)[N-]c5nccs5
dude_grik1__L000760,C[C@H](C(C)C)NC(=O)N1C[C@@H](C[C@H]1C(=O)[O-])O
dude_grik1__L000761,CN(C)S(=O)(=O)c1cccc(c1)C(=O)N2CCN(CC2)S(=O)(=O)c3cc(cs3)C(=O)[O-]
dude_grik1__L000762,CC1CCC(CC1)(C(=O)[O-])NC(=O)N[C@@H](C)C(C)C
dude_grik1__L000763,C[C@@H](C(=O)N1CCNC1=O)Sc2nc3cc(ccc3o2)S(=O)(=O)Nc4ccc(cc4)OC
dude_grik1__L000764,Cc1cc(nc(n1)S[C@H](C)/C(=N/c2nnc(s2)C)/[O-])[O-]
dude_grik1__L000765,c1cc(cnc1)S(=O)(=O)[N-]c2nc3ccc(cc3s2)N
dude_grik1__L000766,c1c(cn(n1)CC(=O)[O-])NC(=O)[C@H]2CCCN(C2)C(=O)N
dude_grik1__L000767,c1cc(c(nc1)Oc2ccc(cc2)[N-]S(=O)(=O)c3ccc(s3)Cl)C(=O)NC[C@H]4CCCO4
dude_grik1__L000768,Cn1c(=O)c(nn(c1=O)C)N[C@H]2CCCC[C@H]2O
dude_grik1__L000769,C1C[C@@H](OC1)CNC(=O)N(CC(=O)[O-])[C@H]2CCS(=O)(=O)C2
dude_grik1__L000770,C[C@H]([C@H](C(=O)[O-])NC(=O)N1CCC(CC1)OC)O
dude_grik1__L000771,C[C@H]([C@@H](C(=O)[O-])NS(=O)(=O)c1cnn(c1)C)O
dude_grik1__L000772,Cc1cc2c(o1)CC(C[C@H]2NC(=O)C(=O)Nc3cc(cc(c3)F)F)(C)C
dude_grik1__L000773,CC(=O)Nc1nc(cs1)C(=O)N[C@@]2(CCSC2)C(=O)[O-]
dude_grik1__L000774,CCn1c(=O)c2c(c(nn2C)C)nc1N3CCN(CC3)C(=S)N
dude_grik1__L000775,Cc1cc(nc(n1)N/N=C/c2cccc3c2OCCO3)C
dude_grik1__L000776,CCn1c(nnc1SCc2cc(n3c(n2)c(cn3)C#N)[O-])c4ccco4
dude_grik1__L000777,c1cc(oc1)/C=C/[C@@H]2CC(=O)Nc3c2c(nc(n3)N4CCOCC4)N
dude_grik1__L000778,C1C[C@@H](CN(C1)C(=O)[C@@H]2C[C@@H]2C(=O)[O-])C(=O)N
dude_grik1__L000779,c1cnc(c2c1n(cn2)[C@H]3C[C@@H]([C@@H](O3)CO)O)[S-]
dude_grik1__L000780,CO[C@H]1CCC[C@@H]1NC(=O)NC2(CCCC2)C(=O)[O-]
dude_grik1__L000781,C[C@H](C(=O)[O-])NC(=O)c1cc(cs1)S(=O)(=O)N2CCOCC2
dude_grik1__L000782,CS(=O)(=O)NC1CCN(CC1)C(=O)c2nc([nH]n2)N
dude_grik1__L000783,CCCc1nc2nc(c(c(n2n1)[O-])[N-]S(=O)(=O)c3ccc(cc3)Cl)C
dude_grik1__L000784,CC(C)(C)C(=O)NCCC(=O)N1C[C@@H](C[C@H]1C(=O)[O-])O
dude_grik1__L000785,C(CCl)N(C(=O)N[C@H](CO)C(=O)[O-])N=O
dude_grik1__L000786,Cc1cc(n(n1)C[C@@H](C)NC(=O)NC2CCN(CC2)C(=O)OC)C
dude_grik1__L000787,C1CCN(C(=O)C1)[C@]2(CCCSC2)C(=O)[O-]
dude_grik1__L000788,C[NH+]1CC[C@@H](C1)CNS(=O)(=O)c2ccc(c(c2)[N+](=O)[O-])[O-]
dude_grik1__L000789,c1cc(ccc1CS(=O)(=O)[C@@H]2NN[C@H](O2)CCCNS(=O)(=O)c3ccc4c(c3)oc(n4)[O-])F
dude_grik1__L000790,Cn1c2c(cc(cc2oc1=O)S(=O)(=O)N(C)C)N
dude_grik1__L000791,C[C@H]1CCCC[C@]1(C(=O)O)NC(=O)c2c(cccn2)[O-]
dude_grik1__L000792,c1cc(cc(c1)[N+](=O)[O-])c2cn3c4c(sc3n2)CNCC4
dude_grik1__L000793,CC(=O)N[C@@H]1[C@H]([C@H]2[C@@H](COC(O2)(C)C)O[C@@H]1O)OC(=O)C
dude_grik1__L000794,C[C@H](C(=O)N)NS(=O)(=O)c1cnn(c1)CCC(=O)[O-]
dude_grik1__L000795,Cc1cc(on1)C(=O)N2CCc3c2ccc(c3)S(=O)(=O)N
dude_grik1__L000796,c1ccc(cc1)S(=O)(=O)[N-]c2ccc(c(c2)Cl)C(=O)NCCO
dude_grik1__L000797,CC(C)n1cc(cn1)NC(=O)c2cccnc2[S-]
dude_grik1__L000798,c1cc(cnc1)[C@@H]2C(=C(C(=O)N2CCOCCO)[O-])C(=O)c3ccc(cc3)S(=O)(=O)N4CCCCC4
dude_grik1__L000799,[H]/N=C(\C(=O)[C@H](C#N)C1=N[C@@H]2C=CC=C[C@H]2S1)/[O-]
dude_grik1__L000800,CC(=O)N[C@H]1[C@@H]([C@H]([C@H](O[C@H]1O)CO)O)O
dude_grik1__L000801,c1ccc(cc1)C(=O)Oc2ccc(cc2)/C=N/NC(=O)C(=O)Nc3ccccc3C(=O)N4CCOCC4
dude_grik1__L000802,c1nnc(n1N)S[C@]2(CCCSC2)C(=O)[O-]
dude_grik1__L000803,CC(C)S(=O)(=O)c1ccc(c(c1)N2CCN[C@@H](C2)Cl)NS(=O)(=O)[O-]
dude_grik1__L000804,Cc1nnc(o1)C2=C(N=C([C@@H]2S(=O)(=O)[N-]c3cccc(c3)C(=O)C)C)C
dude_grik1__L000805,C1CCC2(CC1)[C@@]3([C@]2(C(=O)NC3=O)C(=O)[O-])C(=O)N
dude_grik1__L000806,Cn1c(c(c(n1)[N+](=O)[O-])Br)C(=O)[O-]
dude_grik1__L000807,C[C@H](C(=O)N(C)C)NC(=O)N[C@@](C)(C1CC1)C(=O)[O-]
dude_grik1__L000808,c1ccn2c(c1)ncc(c2=O)NC(=O)NC[C@@H]3CCCO3
dude_grik1__L000809,c1cc(c(cc1C(=O)N2CCC(CC2)C(=O)N)F)[N+](=O)[O-]
dude_grik1__L000810,Cn1c(=O)c2ccc(cc2nc1SCC(=O)N[C@@H]3CCS(=O)(=O)C3)C(=O)[O-]
dude_grik1__L000811,CC[C@@H](C(=O)[O-])NC(=O)c1c2c(sc1NC(=O)C)C[C@@H](CC2)C
dude_grik1__L000812,c1cc(cc(c1)S(=O)(=O)N/N=C/C(=O)[O-])N
dude_grik1__L000813,c1cc(ncc1C(=O)N[C@@H]2CCCCNC2=O)SCC(=O)[O-]
dude_grik1__L000814,Cc1cc(=O)n(cn1)[C@@]2(CCCC[C@@H]2C(C)(C)C)C(=O)[O-]
dude_grik1__L000815,c1nc(c2c(n1)n(cn2)[C@H]3[C@@H]([C@H](C3=O)CO)CO)N
dude_grik1__L000816,C[C@H](CN(C)C(=O)NC(C)(C)C(=O)[O-])O
dude_grik1__L000817,c1c(c(=O)[nH]c(=O)[nH]1)N2C(=O)[C@H]3CC=C(C[C@@H]3C2=O)Cl
dude_grik1__L000818,C[C@H](C(=O)N(C)C)NC(=O)c1nc([nH]n1)N
dude_grik1__L000819,Cc1nc(no1)CN2c3cc(c(cc3OCC2=O)S(=O)(=O)[N-]c4cc(ccc4OC)OC)Cl
dude_grik1__L000820,c1cn(c(=O)nc1N)[C@H]2[C@H]([C@H]([C@@H](O2)CO)O)O
dude_grik1__L000821,Cc1cc2c(cc1S(=O)(=O)[C@H](C)CC(=O)Nc3cc(c(c(c3)OC)OC)OC)OCC(=O)N2
dude_grik1__L000822,[H]/N=C/1\[C@H](C2=CCSC[C@H]2[C@@H](C1(C#N)C#N)c3cccs3)C#N
dude_grik1__L000823,CC(=O)[C@]1(Cc2c(c(c3c(c2O)C(=O)c4cccc(c4C3=O)OC)O)[C@@H](C1)S(=O)(=O)[O-])O
dude_grik1__L000824,Cc1c(c(=O)oc2c1c(cc(c2)OC)OC)CC(=O)NCC(=O)NCC(=O)[O-]
dude_grik1__L000825,Cn1c2c(c(=O)n(c(=O)n2C)C)nc1S(=O)(=O)CCC(=O)Nc3cc(c(cc3OC)OC)Cl
dude_grik1__L000826,c1ccc2c(c1)OC[C@H](O2)CNC(=O)c3ccc4c(c3)OCO4
dude_grik1__L000827,c1cc(cnc1)CSCC(=O)NN
dude_grik1__L000828,c1ccc2c(c1)C(=C(C(=O)C2=O)O[C@H]3[C@H]([C@H]([C@@H]([C@H](O3)CO)O)O)O)[O-]
dude_grik1__L000829,CN(C)c1ccc(cc1)[C@@H]2[C@H]3[C@@H](C(=O)N(C3=O)C4CCCCC4)[C@@]([NH2+]2)(CC(=O)[O-])C(=O)[O-]
dude_grik1__L000830,C[C@H](C(=O)N(C)[C@H]1CCS(=O)(=O)C1)Oc2ccc(cc2C(=O)[O-])C(=O)[O-]
dude_grik1__L000831,C1C[C@@H]2C[C@H]1C[C@@H]2C(=O)NNC(=O)/C=C/C(=O)[O-]
dude_grik1__L000832,c1c(ncn(c1=O)[C@@H]2[C@H]([C@@H]([C@@H](O2)CO)O)O)N
dude_grik1__L000833,c1c(c(=O)[nH]c(n1)[O-])S(=O)(=O)N2CC[C@H](C2)[NH3+]
dude_grik1__L000834,Cc1c(sc(c1C(=O)[O-])NC(=O)N2CCCCC2)C
dude_grik1__L000835,[H]\N=C(\C)/C(=C(/C)\[O-])/C(=O)COC(=O)c1cccc(c1)O
dude_grik1__L000836,c1cc(c(cc1F)NC(=O)NC(=O)CCCCC(=O)[O-])F
dude_grik1__L000837,C[C@@H](CO)NC(=O)CC1(CCCC1)CC(=O)[O-]
dude_grik1__L000838,CCN(CC)C(=O)C1=C(N=C2N([C@H]1c3ccccc3C)C(=CS2)/C=C(/NCCN4CCOCC4)\[O-])C
dude_grik1__L000839,CC(C)(C(=O)[O-])NC(=O)Nc1ccccc1SC(F)F
dude_grik1__L000840,OC(=O)Cn4c(=O)c(=O)[nH]c5cc(N(=O)=O)c(n3ccc(CN2CCN(Cc1ccccc1)CC2)c3)cc45
dude_grik1__L000841,C1[C@@H](C=CS1(=O)=O)NC(=S)NN
dude_grik1__L000842,C[C@H]1COCCN1C(=O)N[C@H]([C@@H](C)O)C(=O)[O-]
dude_grik1__L000843,C[C@@H]([C@H](C(=O)[O-])NC(=O)c1cc(cn1C(C)C)[N+](=O)[O-])O
dude_grik1__L000844,Cc1ccc(cc1)N2C(=O)[C@@]3(Cc4cc(ccc4N(C3)CC(OC)OC)[N+](=O)[O-])C(=NC2=O)[O-]
dude_grik1__L000845,C[C@H]([C@@H](C(=O)[O-])NC(=O)c1cc(c(cc1F)F)[N+](=O)[O-])O
dude_grik1__L000846,c1cc(cc2c1cc(cc2S(=O)(=O)[O-])N)N
dude_grik1__L000847,Cc1ccc(c(c1[N-]S(=O)(=O)c2c(nn(c2C)C)C)C)N
dude_grik1__L000848,C/C(=N\NC(=O)c1ccncc1)/c2ccc(cc2)S(=O)(=O)N3CCCC[C@@H]3C(=O)[O-]
dude_grik1__L000849,CCc1c([nH+]c2cc3c(cc2c1NC)OCCO3)C
dude_grik1__L000850,C[C@H]1C(=CNN1c2[nH]ncc(=O)n2)C(=O)[O-]
dude_grik1__L000851,Cn1cc(cc1C(=O)N)S(=O)(=O)N[C@H](CO)C(=O)[O-]
dude_grik1__L000852,C[C@@H]1CC[C@@H]2[C@@]([C@@]13C[C@]4(CC(=O)OC4)CO3)(CC[C@@H]([C@@]2(C)CO)O)C
dude_grik1__L000853,c1c([nH]c(=O)[nH]c1=O)CC(=O)N[C@@]2(CCSC2)C(=O)[O-]
dude_grik1__L000854,C[C@@H]([C@@H](C(=O)[O-])NC(=O)N(C)Cc1cnn(c1)C)O
dude_grik1__L000855,C1C[C@H](CN(C1)C(=O)C(=O)NCC(=S)N)CO
dude_grik1__L000856,CN(C)C(=O)C[NH2+]C[C@H](CN1CCOCC1)O
dude_grik1__L000857,Cc1c(c(sn1)NC(=O)c2ccc(=O)[nH]c2)C(=O)[O-]
dude_grik1__L000858,Cc1c(c(sn1)[N-]S(=O)(=O)c2ccccc2F)C(=O)[O-]
dude_grik1__L000859,CCCN(CC(=O)[O-])c1c(cc2c(n1)CCCC2)C(=O)N
dude_grik1__L000860,Cc1cc(nc(n1)[O-])C(=O)N2CCN(CC2)S(=O)(=O)c3ccccc3C#N
dude_grik1__L000861,c1cc(ccc1C(=O)NC/C(=N/c2[nH]ncn2)/[O-])N3CCCC3=O
dude_grik1__L000862,c1cc(cc(c1)OCc2ccc(cc2)F)C(=O)C3=C(C(=O)N([C@@H]3c4ccc(cc4)[N+](=O)[O-])CCO)[O-]
dude_grik1__L000863,c1ccc2c(c1)[C@@H]([C@H](CO2)N3CCO[C@@H]4[C@@H]3CCC4)O
dude_grik1__L000864,C[C@H]1CCCC[C@@]1(C(=O)[O-])NC(=O)c2c[nH]c(=O)cn2
dude_grik1__L000865,CN(CC(=O)N)C(=O)N1C[C@H](C[C@@H]1C(=O)[O-])OC
dude_grik1__L000866,COC(=O)c1cc(cc(c1)NC(=O)c2ccc(cc2Cl)[N-]S(=O)(=O)C)C(=O)OC
dude_grik1__L000867,c1ccc2c(c1)OC[C@H](O2)CNC(=O)NC(=O)CSc3ncc(n3c4ccc(cc4)F)C(=O)[O-]
dude_grik1__L000868,CCn1cc(cn1)NC(=O)N2C[C@H](C[C@@H]2C(=O)[O-])O
dude_grik1__L000869,C1[C@@H]([C@@H]1[N+](=O)[O-])/C(=N/c2[nH]nc(n2)C(F)(F)F)/[O-]
dude_grik1__L000870,CC(C)O[C@@H]1[C@H]([C@@H]([C@@H]([C@@H](O1)CO)OC(=O)C[C@@](C)(CC(=O)[O-])O)O)O
dude_grik1__L000871,C[C@H]([C@@H](C(=O)[O-])NC(=O)NCCN1CCOCC1)O
dude_grik1__L000872,Cc1ccc(cc1[N+](=O)[O-])S(=O)(=O)[N-]c2cccc(c2)N3CCNC3=O
dude_grik1__L000873,Cc1c2c(n(n1)c3ccc(nn3)[O-])NC(=O)C[C@H]2c4ccc(c(c4)CO)OC
dude_grik1__L000874,Cc1cc(c(cc1C)S(=O)(=O)[N-]c2ccon2)N
dude_grik1__L000875,c1cc(ccc1N)/N=N/c2ccc(cc2)S(=O)(=O)[O-]
dude_grik1__L000876,Cc1c(c(n(n1)CC(=O)[O-])C)S(=O)(=O)N2CCO[C@H](C2)C
dude_grik1__L000877,C[C@H](C(=O)[O-])N(C)C(=O)Nc1ccc(cc1F)[N+](=O)[O-]
dude_grik1__L000878,CNCCCNC(=O)c1c(cccn1)[O-]
dude_grik1__L000879,C[C@@H]([C@@H](C(=O)[O-])NC(=O)c1ccc2c(c1)CCN2)O
dude_grik1__L000880,C[C@H]1N=NC(=O)[C@@H]2N1C=C(C2)S(=O)(=O)[N-]c3cc(cc(c3)OC)OC
dude_grik1__L000881,Cc1ccc(c(c1)N2CCC[C@H](C2)CCC(=O)[O-])C(=O)N
dude_grik1__L000882,c1cc(c(cc1C(=O)[O-])S(=O)(=O)NCCCO)F
dude_grik1__L000883,CO/N=C(/c1csc(n1)N)\C(=O)N[C@H]2[C@H]3N(C2=O)C(=CCS3)C(=O)[O-]
dude_grik1__L000884,C1C[C@@H](CN(C1)C(=O)N(CC(=O)[O-])C2CC2)C(=O)N
dude_grik1__L000885,c1cc(sc1)c2nnc(n2CC(=O)[O-])SCC(=O)N3CCC[C@@H]3c4ccc5c(c4)OCCO5
dude_grik1__L000886,C1CC1[C@@H](C(=O)[O-])NC(=O)NC2CCOCC2
dude_grik1__L000887,Cc1cc(n2c(n1)nc(n2)C(F)(F)F)Nc3cnn(c3)CCO
dude_grik1__L000888,c1ccc(c(c1)c2nc([n-]n2)Sc3ccc(cc3[N+](=O)[O-])[N+](=O)[O-])F
dude_grik1__L000889,c1csc(c1C#N)[N-]S(=O)(=O)c2cc([nH]c2)C(=O)[O-]
dude_grik1__L000890,CC\1=C(C(=O)N(C(=O)/C1=C\Nc2ccc(cc2)C(=O)[O-])[C@H]3CCS(=O)(=O)C3)C#N
dude_grik1__L000891,CCO/C(=C/1\[C@H](C(=C(N=C1C)[O-])C(=O)N)c2cccc(c2)[N+](=O)[O-])/[O-]
dude_grik1__L000892,C[C@H](C(=O)Nc1ccccc1C#N)Oc2ccc(cc2C(=O)[O-])C(=O)[O-]
dude_grik1__L000893,C[C@@H](C(=O)[O-])NC(=O)Nc1ccc(c(c1F)F)F
dude_grik1__L000894,c1cc(oc1)[C@H]2C[C@@H]2C(=O)NNC(=O)c3cnccn3
dude_grik1__L000895,C1C[C@@H]2[C@@H](C1)OCCN2C(=O)C(=O)NN
dude_grik1__L000896,c1ccnc(c1)c2nc([nH]n2)/N=C(/CC[C@H]3NC(=NO3)c4cccs4)\[O-]
dude_grik1__L000897,Cc1c2c(n(n1)c3ccc(nn3)[O-])N=C(C[C@@H]2c4ccc(cc4)C(=O)OC)O
dude_grik1__L000898,C[C@@H](c1nncn1C)NC(=O)NC2(CCCC2)C(=O)[O-]
dude_grik1__L000899,CCCN(CC(=O)N(C)C)c1ccc(cc1N)C(=O)[O-]
dude_grik1__L000900,CC(=O)N[C@H](C(Cl)(Cl)Cl)P(=O)([O-])[O-]
dude_grik1__L000901,C/C(=C/1\C(=NC(=S)S1)[O-])/C/C(=C/2\C(=NC(=S)S2)[O-])/C
dude_grik1__L000902,c1cc(c(cc1C(=O)[O-])NC(=O)c2ccc(c(c2)N3CCCC3=O)Cl)C(=O)[O-]
dude_grik1__L000903,c1[nH]c2c(n1)nc(nc2Cl)I
dude_grik1__L000904,CC[C@@H](CO)NC(=O)CC1(CCCCC1)C(=O)[O-]
dude_grik1__L000905,CCOC(=O)c4cn3c2Cc1cc(NC(=O)NC)ccc1c2nc(O)c3n4
dude_grik1__L000906,C1C[C@@H]2[C@@](C1)(OC(=C(C2(C#N)C#N)C#N)N)N3CCOCC3
dude_grik1__L000907,Cn1c(ccn1)/C=C/C(=O)N2CCC(CC2)C(=O)[O-]
dude_grik1__L000908,C/C(=N\NC(=O)[C@@H]1CCS(=O)(=O)C1)/c2ccc(cc2)S(=O)(=O)N3CCCC[C@@H]3C(=O)[O-]
dude_grik1__L000909,c1c(cnc(c1Cl)N(CC(=O)N)CC(=O)N)C(=O)[O-]
dude_grik1__L000910,C[C@]1(CCN(C1)S(=O)(=O)c2cccc(c2)[N+](=O)[O-])C(=O)[O-]
dude_grik1__L000911,Cc1nc(n(n1)[C@]2(C[C@@H](CC[C@@H]2C(C)C)C)C(=O)[O-])C
dude_grik1__L000912,c1cc2c(ccn2CC(=O)NNC(=O)N[C@@H]3CCS(=O)(=O)C3)cc1[N+](=O)[O-]
dude_grik1__L000913,Cc1c(noc1[N-]S(=O)(=O)c2ccc(cc2)NC(=O)CN(C)C(=O)c3ccc(=O)[nH]c3)C
dude_grik1__L000914,C[C@H](CN(C)C(=O)NCC(=O)NCC(=O)[O-])O
dude_grik1__L000915,CC(=O)NCCC(=O)N1CCC(CC1)C(=O)N2CCC(CC2)C(=O)N
dude_grik1__L000916,COc1ccc(c(c1)OC)n2c(=O)c3ccc(cc3nc2[S-])C(=O)Nc4ccc(c(c4)Cl)OC
dude_grik1__L000917,Cc1cc(c(c(c1)C)NC(=S)NC(=O)c2ccc3c(c2)OCCO3)C
dude_grik1__L000918,Cc1c(c(=O)n(c(c1/N=N/c2cccc(c2)[N+](=O)[O-])[O-])C(C)C)C#N
dude_grik1__L000919,CN(CC(=O)N1CCCC1)C(=O)C(=O)NCC(=S)N
dude_grik1__L000920,CN([C@@H]1CCS(=O)(=O)C1)C(=O)NCC(=O)NCC(=O)[O-]
dude_grik1__L000921,C1C[C@H](CN(C1)C(=O)N2C[C@H](C[C@@H]2C(=O)[O-])O)C(=O)N
dude_grik1__L000922,c1[nH]c(=O)c2c(n1)n(cn2)[C@@H]3[C@@H]([C@@H]([C@@H](O3)CO)O)O
dude_grik1__L000923,Cn1cc(cn1)N[C@H]2CC(=O)N(C2=O)C3CCCCCC3
dude_grik1__L000924,c1c(cn(n1)CC(=O)[O-])NC(=O)NCC(=O)N
dude_grik1__L000925,c1cc(cc(c1)n2cnnn2)[N-]S(=O)(=O)CCC(=O)[O-]
dude_grik1__L000926,c1cc2c(c(c1)N)CCN(C2)S(=O)(=O)CCCC(=O)[O-]
dude_grik1__L000927,C[C@@H]1CCC[C@@H](C1)NC(=O)N[C@@H](CCO)C(=O)[O-]
dude_grik1__L000928,c1cc(ccc1C(=O)NCC(=O)[O-])NS(=O)(=O)c2ccc3c(c2)OCCO3
dude_grik1__L000929,CS(=O)(=O)c1cc(ccc1N2CCCC[C@@H]2C(=O)[O-])[N+](=O)[O-]
dude_grik1__L000930,c1c(cnc(n1)N)S(=O)(=O)N2CCN(CC2)CCO
dude_grik1__L000931,COCC(=O)N1CCN([C@@H](C1)C(=O)N[C@H]2CCCNC2=O)C(=O)CSCC(=O)[O-]
dude_grik1__L000932,c1cc(ccc1C(=O)NCCO)NC(=O)/C=C/C(=O)[O-]
dude_grik1__L000933,Cn1cc(cc1C(=O)N[C@H](CC(=O)N)C(=O)[O-])[N+](=O)[O-]
dude_grik1__L000934,c1ccc(cc1)n2cc(c(n2)c3cccc(c3)[N+](=O)[O-])/C=C(\C#N)/C(=O)N[C@H]4CCS(=O)(=O)C4
dude_grik1__L000935,Cc1ccc(c(c1)C)NC(=O)N2C[C@H](C[C@@H]2C(=O)[O-])O
dude_grik1__L000936,C=CCOc1ccc(cc1)C(=O)C2=C(C(=O)N[C@H]2c3cccc(c3)O)[O-]
dude_grik1__L000937,Cc1cccc(c1NC(=O)N[C@@H]([C@@H](C)O)C(=O)[O-])C
dude_grik1__L000938,CC[C@H](C)[C@@H](C(=O)[O-])NC(=O)N1CCC[C@@H]1CCCO
dude_grik1__L000939,C([C@@H]1[C@H]([C@@H]([C@@H]2[C@@H](O1)OC(=O)N2)O)O)O
dude_grik1__L000940,c1c[nH]cc1S(=O)(=O)N[C@]2(CCSC2)C(=O)[O-]
dude_grik1__L000941,CS(=O)(=O)CCOc1ccc(cc1N)C(=O)[O-]
dude_grik1__L000942,c1cc(c2c(c1)OCCO2)C(=O)N3CC[C@H](C3)C(=O)[O-]
dude_grik1__L000943,C1C[C@H](OC1)CNC(=O)C(=O)NCCO
dude_grik1__L000944,C[C@H](c1ccco1)NC(=O)N2C[C@@H](C[C@@H]2C(=O)[O-])O
dude_grik1__L000945,C1CC(C1)(C(=O)N2CCC(CC2)CC(=O)N)C(=O)[O-]
dude_grik1__L000946,C[C@]1(CCS(=O)(=O)C1)n2c(cc(n2)C(F)(F)F)S(=O)(=O)N
dude_grik1__L000947,C(C(S(=O)(=O)[O-])S(=O)(=O)[O-])S(=O)(=O)[O-]
dude_grik1__L000948,Cn1cnnc1CNS(=O)(=O)c2cc([nH]c2)C(=O)[O-]
dude_grik1__L000949,c1cc(c(cc1S(=O)(=O)N2CCC[C@@H](C2)O)[N+](=O)[O-])[O-]
dude_grik1__L000950,C[C@]12CC[C@H]3c4ccc(cc4CC[C@H]3[C@@H]1CC[C@@H]2OP(=O)([O-])[O-])O
dude_grik1__L000951,c1cc(c(cc1S(=O)(=O)[N-]c2nc(cs2)CC(=O)N)C(F)(F)F)F
dude_grik1__L000952,c1[nH]c2c(n1)c(ncn2)NC[C@@H]3CCS(=O)(=O)C3
dude_grik1__L000953,CCN(C(=O)N1CCC[C@H](C1)C(=O)N)C(C)(C)C(=O)[O-]
dude_grik1__L000954,C[C@@H](C(=O)[O-])O[C@@H]1[C@H]([C@@H](O[C@@H]([C@@H]1O)CO)O)NC(=O)C
dude_grik1__L000955,COc1cc(cc(c1OC)OC)[C@H]2C(=C(C(=O)N2CCOCCO)[O-])C(=O)c3ccc4c(c3)OCCO4
dude_grik1__L000956,CN(CCC(=O)[O-])C(=O)c1nc([nH]n1)N
dude_grik1__L000957,C[C@@]1([C@@H](O[C@@]([C@@]([C@@]1(C)O)(C)O)(C)C(=O)[O-])O)O
dude_grik1__L000958,Cc1c(c(n[nH]1)C)NC(=O)N2C[C@H](C[C@@H]2C(=O)[O-])O
dude_grik1__L000959,CN(CC(=O)N)C(=O)CC1(CCCCC1)CC(=O)[O-]
dude_grik1__L000960,COc1ccc(cc1OC)n2c(=O)c3ccc(cc3nc2[S-])C(=O)NCCCN4CCOCC4
dude_grik1__L000961,Cc1c2c(n(n1)c3c4c([nH]cn4)ncn3)N=C(C[C@H]2c5cccc(c5OC)OC)O
dude_grik1__L000962,CO[C@@H]1C[C@H](N(C1)C(=O)[C@@H](CCSC)NC(=O)N)C(=O)[O-]
dude_grik1__L000963,c1c(cnc(n1)NN)S(=O)(=O)N2CCC(=O)NCC2
dude_grik1__L000964,C[C@@H]1C[C@H]1C(=O)NCCC(=O)Nc2c(ccs2)C(=O)[O-]
dude_grik1__L000965,c1cc(c(cc1Cl)Cl)OCC(=O)N/N=C/2\C(=NC(=NC2=O)[O-])[O-]
dude_grik1__L000966,CC(C)S(=O)(=O)c1cc2c(c3c(n(c2=O)c4ccccc4[O-])C(=O)C[C@@H](N3)S(=O)(=O)C(C)C)nc1
dude_grik1__L000967,COc1ccc(cc1)CNC(=O)Cn2cnc3c(c2=O)sc(n3)N4CCC[C@@H](C4)C(=O)NC5CC5
dude_grik1__L000968,c1ccc2cc(c(cc2c1)C(=O)NCc3coc(n3)c4cccs4)[N-]S(=O)(=O)c5cccs5
dude_grik1__L000969,c1cc(sc1)S(=O)(=O)NCC(=O)N
dude_grik1__L000970,C[C@@H](c1ccc2c(c1)OCO2)NC(=O)CSc3nnc(n3CC(=O)[O-])c4cccs4
dude_grik1__L000971,C1C[C@H](CN(C1)C(=O)N2C[C@@H](C[C@@H]2C(=O)[O-])O)C(=O)N
dude_grik1__L000972,c1cc(ccc1CC(=O)[O-])NC(=O)COc2ccc(cc2[N+](=O)[O-])S(=O)(=O)N3CCOCC3
dude_grik1__L000973,Cc1ccc(cc1)[N-]C2=N[C@@H](N=C3C2=CN=N3)N(C)C
dude_grik1__L000974,CC(=N/N=C\1/N[C@H]2[C@H](N1)N(C(=O)N(C2=O)C)C)C
dude_grik1__L000975,CC1(CC(=O)c2c(cc(cc2O1)OCC(=O)N[C@@H](CCSC)C(=O)[O-])O)C
dude_grik1__L000976,CN(C)c1c(c(ncn1)N2CCC(CC2)C(=O)[O-])N
dude_grik1__L000977,Cc1cc(ccc1F)[N-]S(=O)(=O)CC(=O)[O-]
dude_grik1__L000978,Cc1ccc(cc1O)C(=O)O[C@H](C)C(=O)/N=C\2/[C@@H]3C(=NC=N3)N=C[N-]2
dude_grik1__L000979,c1cc2c(cc1CNS(=O)(=O)c3c[nH]nc3)OCO2
dude_grik1__L000980,C[C@H](CNC(=O)Nc1cc(c(cc1F)F)C(=O)[O-])COC
dude_grik1__L000981,C1CN(CCC1O)C(=O)N[C@@H](CCO)C(=O)[O-]
dude_grik1__L000982,CCc1nnc(s1)/N=C(/N2CCO[C@@H](C2)C(=O)N)\[O-]
dude_grik1__L000983,Cc1c(nc2ncnn2c1N3CCC[C@H](C3)C(=O)[O-])C
dude_grik1__L000984,C[C@@]1(c2c(c3ccccc3[nH]2)C[C@@H]([NH2+]1)C(=O)[O-])C(=O)[O-]
dude_grik1__L000985,c1cc(ccc1[C@H]2C(=C(C(=O)N2C[C@@H]3CCCO3)[O-])C(=O)c4ccc5c(c4)OCCO5)[N+](=O)[O-]
dude_grik1__L000986,C[C@H]([NH2+][C@H](C)S(=O)(=O)[O-])S(=O)(=O)[O-]
dude_grik1__L000987,Cc1ccc(cc1Cl)[N-]S(=O)(=O)c2ccc(s2)C(=O)[O-]
dude_grik1__L000988,CCCN(CC(=O)[O-])c1ccc(cn1)C(=O)N
dude_grik1__L000989,c1cc(ncc1C(=O)NNC(=O)c2cnns2)Cl
dude_grik1__L000990,C[n+]1cn(c2c1c(nc(n2)N)[S-])[C@@H]3[C@@H]([C@@H]([C@@H](O3)CO)O)O
dude_grik1__L000991,Cc1ccc(cc1[N+](=O)[O-])S(=O)(=O)N2C[C@H](C[C@H]2C(=O)[O-])O
dude_grik1__L000992,Cc1nc(cs1)c2cc3ccc(cc3oc2=O)OC/C(=N/c4[nH]ncn4)/[O-]
dude_grik1__L000993,CC(=O)N[C@@H](c1ccncc1)C(=S)N
dude_grik1__L000994,Cc1cc(n(n1)S(=O)(=O)c2cn(nc2C)C)N
dude_grik1__L000995,c1cc(ccc1C(=O)[O-])N2C(=O)[C@@H]3[C@H]4C=C[C@@H]([C@@H]3C2=O)C45CC5
dude_grik1__L000996,c1cc(ccc1[N+](=O)[O-])S(=O)(=O)N2CC[C@H](C2)C(=O)[O-]
dude_grik1__L000997,CCCn1c(cc(n1)c2nnc(n2N)[S-])C
dude_grik1__L000998,Cc1cc(n(c(=O)c1C#N)[C@@H]2CCS(=O)(=O)C2)[O-]
dude_grik1__L000999,CSCC[C@@H](C(=O)[O-])[NH2+]Cc1c(c(=O)cc(o1)CO)[O-]
dude_grik1__L001000,c1cc(ccc1NCC(=O)[O-])S(=O)(=O)NC2CC2
dude_grik1__L001001,Cc1cc(=O)oc2c1ccc(c2)O[C@@H]3[C@@H]([C@@H]([C@@H]([C@@H](O3)CO)O)O)NS(=O)(=O)[O-]
dude_grik1__L001002,CC(C)[C@@H](C(=O)[O-])Nc1ccc2c(c1[N+](=O)[O-])nsn2
dude_grik1__L001003,COc1cc(ccc1O)[C@H]2C(=C3N(C(=O)[C@@H](S3)CC(=O)[O-])C(=C2C(=O)OC)N)C#N
dude_grik1__L001004,c1c(cncc1Br)S(=O)(=O)[O-]
dude_grik1__L001005,C=CCN1[C@@H](Nc2cc3c(cc2C1=O)OCO3)SC/C(=N/c4[nH]ncn4)/[O-]
dude_grik1__L001006,c1cc(c(cc1[N-]S(=O)(=O)c2cnc(s2)Cl)C(=O)[O-])Cl
dude_grik1__L001007,CC\1=NC(=C([C@@H](/C1=C(\[O-])/OCC=C)c2cccs2)C#N)SCC(=O)N
dude_grik1__L001008,c1cncc(c1S[C@H]2CC(=NC2=O)[O-])N
dude_grik1__L001009,CN1C(=O)C(=Cc2ccc(c(c2O)O)O)C(=O)N(C1=N)C
dude_grik1__L001010,CS(=O)(=O)N1CCC(CC1)C(=O)NC[C@H](c2cccnc2)S(=O)(=O)c3ccc4c(c3)OCCO4
dude_grik1__L001011,C(C(O)O)OP(=O)([O-])OCC(O)O
dude_grik1__L001012,c1ccc(c(c1)[N+](=O)[O-])O[C@H]2[C@@H]([C@H]([C@@H]([C@H](O2)COP(=O)([O-])[O-])O)O)O
dude_grik1__L001013,CCOc1cccc(c1O)/C=N/N2[C@@H](NN=C2[S-])[C@H]3C4=C(CCC4)N=N3
dude_grik1__L001014,C[C@H](C(=O)NC)Nc1c(n2ccsc2n1)[N+](=O)[O-]
dude_grik1__L001015,C[C@](C1CC1)(C(=O)[O-])Nc2ccc(cc2)C(=O)N
dude_grik1__L001016,CC1CCC2(CC1)C(=O)N(C(=O)N2)CC(=O)O[C@@H](C)C(=O)NCc3ccc4c(c3)OCO4
dude_grik1__L001017,Cc1c(scn1)C(=O)N[C@H]([C@H](C)O)C(=O)[O-]
dude_grik1__L001018,c1ccc(c(c1)[N-]S(=O)(=O)c2c(cc(cc2F)F)F)OCCC(=O)N
dude_grik1__L001019,c1ccc2c(c1)C[C@H](NC2)C(=O)NCC(=O)NCC(=O)[O-]
dude_grik1__L001020,CN1C(=O)/C(=C/NNCCO)/C(=O)N=C1[O-]
dude_grik1__L001021,CC(=O)Nc1ccc(cc1)N2C[C@H](CC2=O)C(=O)Nc3ccc(cc3)S(=O)(=O)[N-]c4ncccn4
dude_grik1__L001022,Cc1c(c(=O)oc2c1cc(c(c2)O[C@@H](C)C(=O)N[C@H](Cc3c[nH]c4c3cc(cc4)O)C(=O)[O-])Cl)C
dude_grik1__L001023,CC(C)[C@@H](C(=O)OC)NC(=O)NC(C)(C)C(=O)[O-]
dude_grik1__L001024,c1cc(cc(c1)NC(=O)c2ccco2)NC(=O)CCNS(=O)(=O)c3ccc4c(c3)OCCO4
dude_grik1__L001025,c1cc(c(c(c1F)F)CC(=O)[O-])S(=O)(=O)[O-]
dude_grik1__L001026,COC(=O)[C@H](C#N)c1c(nc2ccccc2n1)NCCS(=O)(=O)N
dude_grik1__L001027,C1CCC(CC1)NC(=O)N2C[C@@H](C[C@H]2C(=O)[O-])O
dude_grik1__L001028,c1cc(nnc1C(=O)N2CCN(CC2)c3c(nc(o3)C4CC4)C#N)[O-]
dude_grik1__L001029,CO[C@H]1[C@H]([C@@H]([C@@H]([C@@H](O1)CS(=O)(=O)[O-])O)O)O
dude_grik1__L001030,CCCN(C1CC1)C(=O)C(=O)NN
dude_grik1__L001031,COCCS(=O)(=O)N[C@@H](CO)C(=O)[O-]
dude_grik1__L001032,Cn1cc(cn1)C(=O)N[C@@H](CCO)C(=O)[O-]
dude_grik1__L001033,c1cc(cc(c1)[N+](=O)[O-])[N-]S(=O)(=O)c2cc(c3c(c2)OCCO3)C(=O)[O-]
dude_grik1__L001034,CS(=O)(=O)c1cc(cc(c1)N)C(=O)NC[C@@H]2CCCCO2
dude_grik1__L001035,CC(C)[C@@H](C(=O)[O-])NC(=O)Nc1nncs1
dude_grik1__L001036,Cc1c(c(n(n1)C[S@](=O)CC(=O)[O-])C)[N+](=O)[O-]
dude_grik1__L001037,CS(=O)(=O)N1CCN(CC1)c2c(nccn2)C(=S)N
dude_grik1__L001038,Cc1cc(n(n1)c2nnc(n2N)[S-])c3ccccc3
dude_grik1__L001039,CC[C@@H]1CO[C@@H](CN1S(=O)(=O)c2cnc(nc2)NN)C
dude_grik1__L001040,CC(=O)Nc1ccc(c(c1)/C(=N/S(=O)(=O)c2cccc(c2)[N+](=O)[O-])/[O-])F
dude_grik1__L001041,C1CCCC(CC1)(CC(=O)NCCS(=O)(=O)N)C(=O)[O-]
dude_grik1__L001042,CNC(=O)N[C@H](CC(=O)[O-])c1ccsc1
dude_grik1__L001043,Cc1cc(n(n1)c2ccc(nn2)N3CCC[C@H](C3)C(=O)Nc4ccc(cc4)S(=O)(=O)/N=C(/C)\[O-])C
dude_grik1__L001044,Cc1cc(nc(c1C(=O)[O-])SCC(=O)/C(=C(\C)/N)/C#N)C
dude_grik1__L001045,CCCN1C(=O)c2c(ncn2C[C@@]1(C)C(=O)NCCC(C)C)C(=O)NCCN3CCOCC3
dude_grik1__L001046,Cc1c(sc(n1)N2[C@H](C(=C(C2=O)[O-])C(=O)c3ccncc3)c4ccc(c(c4)OC)O)C(=O)C
dude_grik1__L001047,CC[NH+](C)CCNC(=O)NCC(=O)[O-]
dude_grik1__L001048,C[C@@]1(CCN(C1)c2ccc(cc2[N+](=O)[O-])[N+](=O)[O-])C(=O)[O-]
dude_grik1__L001049,C[C@H]([C@@H](C(=O)[O-])NC(=O)c1cc(c[nH]1)[N+](=O)[O-])O
dude_grik1__L001050,CCOc1ccc(cc1)n2c(nnc2SCC(=O)NC[C@@H]3CCCO3)Cc4cc(=O)[nH]c(=O)[nH]4
dude_grik1__L001051,Cc1ccc(s1)[C@H](C)NC(=O)N[C@@H]([C@@H](C)O)C(=O)[O-]
dude_grik1__L001052,CCN([C@H]1CC(=NC1=O)[O-])C(=O)c2ccc(cc2)n3c(c(cn3)C#N)N
dude_grik1__L001053,c1cnc(c(n1)C(=O)N2CCN(CC2)C=O)C(=O)[O-]
dude_grik1__L001054,c1cc(cc(c1)S(=O)(=O)[N-]c2ccc(cc2)C(=O)NCC(=O)[O-])n3cnnn3
dude_grik1__L001055,C1CC2=NN[C@H](N2C1)CNC(=O)C3=NN=C(C3)C4CC4
dude_grik1__L001056,Cc1ccc(cc1F)S(=O)(=O)[N-]c2c(nccn2)C(=O)[O-]
dude_grik1__L001057,Cn1cc(cc1C(=O)N2C[C@H](C[C@H]2C(=O)[O-])O)S(=O)(=O)N
dude_grik1__L001058,C[C@H]1CCC[C@](C1)(C(=O)[O-])NC(=O)CCNC(=O)C
dude_grik1__L001059,Cc1ccc(cc1)Cn2cnc3c(c2=O)cnn3CCNC(=O)c4ccc(cc4)S(=O)(=O)N(C)C
dude_grik1__L001060,CO[C@@H]1[C@@H]([C@H](O[C@H]([C@@H]1O)O)CO)O
dude_grik1__L001061,c1c(c(n[nH]1)C(=O)N2CCOCC2)N
dude_grik1__L001062,Cc1c(c(=O)oc2c1c(cc3c2CCC(O3)(C)C)OCC(=O)Nc4[n-]ncn4)C
dude_grik1__L001063,CN(C)S(=O)(=O)CCC(=O)NN
dude_grik1__L001064,C1CN(CC[NH2+]1)C(=O)CNS(=O)(=O)CC(=O)[O-]
dude_grik1__L001065,Cc1c(sc(n1)NC(=O)Cc2csc(n2)NC(=O)C3=CCC(=O)N=C3)C(=O)N(C)C
dude_grik1__L001066,c1cc(sc1)[C@H]2C(=C(C(=O)N2CCO)[O-])C(=O)c3ccc(cc3)S(=O)(=O)N4CCCC4
dude_grik1__L001067,c1c(n(nn1)c2c(non2)N)CN3CCOCC3
dude_grik1__L001068,Cc1nc(cs1)CNC(=O)N2C[C@H](C[C@@H]2C(=O)[O-])O
dude_grik1__L001069,CC1CCC(CC1)CNC(=O)N2C[C@H](C[C@H]2C(=O)[O-])O
dude_grik1__L001070,COc1cc(ccc1n2cnnn2)S(=O)(=O)[N-]c3ccc(cc3)C(=O)N4CCCC4
dude_grik1__L001071,c1cnc(nc1)[N-]S(=O)(=O)c2ccc(cc2)NC(=O)c3ccc(o3)COc4ccc5c(c4)CCC5
dude_grik1__L001072,Cc1c(cc(cc1F)C(=O)N)[N-]S(=O)(=O)c2cccc(c2)n3cnnn3
dude_grik1__L001073,C1CC1S(=O)(=O)N2CCC(CC2)CNC(=O)C(=O)N
dude_grik1__L001074,c1cc2c(c(c1)NC(=O)COC(=O)CNS(=O)(=O)c3ccc4c(c3)OCCCO4)nsn2
dude_grik1__L001075,C(CS(=O)(=O)[O-])SC(=[NH2+])N
dude_grik1__L001076,CCOc1ccc(cc1)C(=O)C2=C(C(=O)N([C@@H]2c3cc(c(c(c3)Br)O)OC)CCCO)[O-]
dude_grik1__L001077,CC[C@](C)(CNc1c(c(=O)n(c(=O)n1C)C)C#N)O
dude_grik1__L001078,c1cnc(cn1)N2CCN(CC2)C(=O)c3c(nccn3)N
dude_grik1__L001079,CCOc1ccc(cc1O)[C@@H](c2c(cc([nH]c2=O)C)[O-])[C@@H]3C(=CC(=NC3=O)C)[O-]
dude_grik1__L001080,c1c(cc(c(c1[N-]S(=O)(=O)c2cc([nH]c2)C(=O)[O-])F)F)F
dude_grik1__L001081,C[C@H]([C@@H](C(=O)[O-])NC(=O)c1ccsc1)O
dude_grik1__L001082,C[C@]12C[C@@H]3[C@@]4(O3)[C@@H]([C@@H]1CC[C@]2(C(=O)CO)O)CCC5=CC(=O)C=C[C@@]45C
dude_grik1__L001083,Cc1ccc(s1)C(=O)NNC(=O)CC(C)(C)CC(=O)[O-]
dude_grik1__L001084,COC(=O)C1=C(N2C(=O)[C@H](SC2=C([C@H]1c3ccc(cc3)[N+](=O)[O-])C#N)CC(=O)[O-])N
dude_grik1__L001085,NC(Cn1cc(Br)c(=O)[nH]c1=O)C(O)=O
dude_grik1__L001086,CCOc1ccccc1CNc2cc(cc(c2)S(=O)(=O)N(C)C)C(=O)NCCN3CCNC3=O
dude_grik1__L001087,Cc1cc(ccc1N2C(=O)C[C@@H](C2=O)SC[C@@H](C(=O)[O-])NC(=O)C)O
dude_grik1__L001088,c1c(nnn1[C@@H]2[C@H]([C@@H]([C@H](O2)CO)O)O)C(=O)N
dude_grik1__L001089,Cc1c(c([nH]n1)N)C(=O)N(C)CC(=O)N
dude_grik1__L001090,C[C@@H](Cn1cccn1)NC(=O)NCC(=O)[O-]
dude_grik1__L001091,Cc1cc(ccc1N2C(=O)CCC2=O)S(=O)(=O)[N-]c3ccc(cc3)S(=O)(=O)NC
dude_grik1__L001092,C1CN(C[C@H]1[NH3+])C(=O)N2C[C@H](C[C@H]2C(=O)[O-])O
dude_grik1__L001093,Cc1ccc(c(c1)C)[N-]/C(=N/C(=O)c2ccccc2)/Nc3[nH]c(cc(=O)n3)CSc4nnc(s4)C
dude_grik1__L001094,c1cc(cc(c1)[N+](=O)[O-])NC(=O)C[C@H]2C(=O)N[C@H](CS2)C(=O)[O-]
dude_grik1__L001095,CS(=O)(=O)CC[C@@H](C(=O)[O-])NC(=O)NCC1CC1
dude_grik1__L001096,Cc1c(c(n[nH]1)C)S(=O)(=O)N(C)C[C@H](C[NH3+])O
dude_grik1__L001097,C1=N[C@H]2[C@@H](C(=O)N1)N=CN2[C@@H]3[C@@H]([C@@H]([C@@H](O3)CO)O)O
dude_grik1__L001098,OC(=O)Cn4c(=O)c(=O)[nH]c5cc(N(=O)=O)c(n3ccc(CN2CCN(CCc1ccccc1)CC2)c3)cc45
dude_grik1__L001099,CC1(CC2=C([C@H](C(=C(O2)N)C#N)c3cc(ccc3[O-])[N+](=O)[O-])C(=O)C1)C
dude_grik1__L001100,C[C@@H](c1ccccc1NC(=O)CC(C)(C)CC(=O)[O-])O
dude_grik1__L001101,C1=C(N2C=NN[C@@H]2N=C1O)[O-]
dude_grik1__L001102,C[C@@](C1CC1)(C(=O)[O-])NC(=O)NC2CCS(=O)(=O)CC2
dude_grik1__L001103,Cc1nc(on1)CCCNC(=O)c2cc(ccc2O)[N-]S(=O)(=O)C
dude_grik1__L001104,CC(=O)N[C@H]1[C@@H]([C@@H]2[C@H](CO[C@@H](O2)c3ccccc3)O[C@@H]1OC)O
dude_grik1__L001105,CCOC(=O)N[C@H]1[C@H]([C@@H]([C@@H]([C@@H](O1)CO)O)O)O
dude_grik1__L001106,C[C@@H](C(=O)[O-])Sc1ccc(cc1[N+](=O)[O-])C(=O)[O-]
dude_grik1__L001107,c1c(c2c(s1)CCCC2)/C(=C(\C#N)/C(=O)N3CCOCC3)/[O-]
dude_grik1__L001108,C[C@H](C(=O)NC)NC(=O)N1CSC[C@H]1C(=O)[O-]
dude_grik1__L001109,C[C@H]([C@@H](C(=O)[O-])NC(=O)c1ccc(cc1)O)O
dude_grik1__L001110,Cc1cc(c2c(c1)sc(n2)N3[C@H](C(=C(C3=O)[O-])C(=O)c4ccc5c(c4)OCCO5)c6ccc(cc6)O)C
dude_grik1__L001111,CC(C)[C@H]([N+](C)(C)C)P(=O)([O-])[O-]
dude_grik1__L001112,c1c(cnc(n1)N2CCC[C@H](C2)C(=O)[O-])[N+](=O)[O-]
dude_grik1__L001113,c1cc(c(cc1NC(=O)N2C[C@@H](C[C@@H]2C(=O)[O-])O)F)F
dude_grik1__L001114,c1ccc(cc1)[C@@H]2C(=C(C(=O)N2CCOCCO)[O-])C(=O)c3cccc(c3)OCc4ccccc4Cl
dude_grik1__L001115,CN(Cc1ccc2c(c1)OCO2)C(=O)NC[C@@H]3CCOC3
dude_grik1__L001116,C[C@@H](C(=O)OC)NC(=O)N1C[C@H](C[C@@H]1C(=O)[O-])O
dude_grik1__L001117,CCCCN1C(=O)[C@H]2[C@@H]([NH2+][C@@]([C@@H]2C1=O)(CC(=O)[O-])C(=O)[O-])c3cc(c(c(c3)C)O)C
dude_grik1__L001118,CSCC[C@@H](C(=O)[O-])NC(=O)N1CC[C@@H](C1)O
dude_grik1__L001119,C[C@@H](CN(C)C(=O)N1C[C@H](C[C@@H]1C(=O)[O-])O)O
dude_grik1__L001120,CC(=O)OC[C@@H]1[C@H]([C@@H]([C@@H](O1)n2cnc3c2ncnc3N)OC(=O)C)OC(=O)C
dude_grik1__L001121,c1cc(nnc1C(=O)N[C@@H]2CCS(=O)(=O)C2)NN
dude_grik1__L001122,C[C@H]1CCCC[C@@]1(C(=O)[O-])Nc2ccc3c(c2)OCO3
dude_grik1__L001123,C[C@@H]1CCCC[C@]12C(=O)N(C(=O)N2)CC(=O)O[C@@H](C)C(=O)NCC(=O)Nc3ccc(c(c3F)F)F
dude_grik1__L001124,c1cnc(cn1)[N-]S(=O)(=O)c2cnc(nc2)N
dude_grik1__L001125,CO[C@H]1CC(=O)c2c(c3c(cc(cn3)S(=O)(=O)Oc4ccccc4)c(=O)n2c5ccccc5[O-])N1
dude_grik1__L001126,Cc1c2c([nH]n1)NC3=C([C@@H]2c4ccccc4Br)C(=O)OC3
dude_grik1__L001127,C[C@@](C1CC1)(C(=O)[O-])NC(=O)c2cccnc2
dude_grik1__L001128,C[C@H]1CCCC[C@@H]1NC(=O)COc2ccc(cc2C(=O)[O-])S(=O)(=O)N3CCOCC3
dude_grik1__L001129,C1C(=O)N=C(S1)N[N-]C2=NC(=O)[C@H](S2)CC(=O)NC(=O)N
dude_grik1__L001130,C[C@H](CC(=O)Nc1c[nH]nc1)CC(=O)[O-]
dude_grik1__L001131,Cc1c(c2c(=O)[nH]c(nc2o1)CS[C@H]3N=C4C(=C5CCCC[C@@H]5S4)C(=O)N3C)C(=O)[O-]
dude_grik1__L001132,c1c(nc(s1)N)CC(=O)N2CSC[C@H]2C(=O)[O-]
dude_grik1__L001133,C[C@](C1CC1)(C(=O)[O-])NC(=O)CCNC(=O)c2ccoc2
dude_grik1__L001134,c1cc(oc1)CN2CCN(C[C@H]2CCO)C(=O)c3cc(=O)[nH]c(n3)[O-]
dude_grik1__L001135,Cc1c(c(n[nH]1)C)NC(=O)N[C@H]([C@@H](C)O)C(=O)[O-]
dude_grik1__L001136,CC(C)c1nnc(s1)n2c(c(nn2)C(=O)[O-])[C@@H]3CCCO3
dude_grik1__L001137,Cc1c(sc(c1C(=O)NC2CCCCC2)n3cnnn3)C
dude_grik1__L001138,Cc1cc(on1)[N-]S(=O)(=O)N2CC[NH2+]CC2
dude_grik1__L001139,CS(=O)(=O)c1ccc(c(c1)C(=O)Nc2cccc3c2cc[nH]3)F
dude_grik1__L001140,C1C[C@H](N(C1)C(=O)N(CCO)CCO)C(=O)[O-]
dude_grik1__L001141,C[C@@]12CCC(=O)C=C1CC[C@@H]3[C@@H]2[C@@H](C[C@@]4([C@@H]3CC[C@@]4(C(=O)COS(=O)(=O)[O-])O)C)O
dude_grik1__L001142,CN1[C@@H]2[C@@H](N(C1=O)C)N(C(=O)N2CO)CO
dude_grik1__L001143,Cn1cc(cn1)c2ncc(s2)C(=O)Nc3nc[nH]n3
dude_grik1__L001144,CCN(CC(=O)N(C)C(C)C)c1ccc(cc1N)C(=O)[O-]
dude_grik1__L001145,c1ccc2c(c1)CC[C@H](C2)Nc3cnnc(n3)Cl
dude_grik1__L001146,C[C@@H]([C@H](C(=O)[O-])NC(=O)Nc1nc(cs1)C2CC2)O
dude_grik1__L001147,CO/N=C(/c1ccco1)\C(=O)N[C@H]2[C@H]3N(C2=O)C(=C(CS3)CO)C(=O)[O-]
dude_grik1__L001148,Cc1cc(c(cc1C)S(=O)(=O)N[C@@H](CO)C(=O)[O-])[N+](=O)[O-]
dude_grik1__L001149,Cc1ccc(cc1C)S(=O)(=O)N2CCC[C@H](C2)C(=O)[O-]
dude_grik1__L001150,C[C@H](C(=O)[O-])N(C)C(=O)c1cc(c[n-]1)[N+](=O)[O-]
dude_grik1__L001151,Cn1c(=O)c(c(nc1OC)N[C@H]2[C@@H]([C@H]([C@@H](CO2)O)O)O)Cl
dude_grik1__L001152,C[C@@H]1CCCN(C1)C(=O)N[C@H](CCO)C(=O)[O-]
dude_grik1__L001153,Cc1cccc2c1ncn(c2=O)CCCC(=O)Nc3[n-]ncn3
dude_grik1__L001154,C[C@@](C1CC1)(C(=O)[O-])NC(=O)C2=NNC(=O)CC2
dude_grik1__L001155,c1cc(c(cc1C(=O)[O-])F)NC(=O)N2CCC[C@@H]2CO
dude_grik1__L001156,Cc1ccc(cc1/C(=C(\C#N)/C(=O)c2c(n(c(=O)n(c2=O)C)C)N)/[O-])[N+](=O)[O-]
dude_grik1__L001157,CCc1ccc(c(c1)N2CCN[C@H](C2)SC)NS(=O)(=O)[O-]
dude_grik1__L001158,C[C@@H](/C(=N/c1[nH]ncn1)/[O-])NC(=O)N
dude_grik1__L001159,c1c(cc(c(c1N)S(=O)(=O)[N-]c2cnoc2)F)[N+](=O)[O-]
dude_grik1__L001160,CC1=NC(=O)[C@@H]2[C@H](C(=C(OC2=N1)N)C#N)c3cccnc3
dude_grik1__L001161,c1cc(c(=O)[nH]c1)C(=O)N[C@@]2(CCSC2)C(=O)[O-]
dude_grik1__L001162,COc1ccc(cc1S(=O)(=O)N2CCCCC2)NC(=O)[C@H]3CC(=O)N(C3)c4ccc5c(c4)OCCO5
dude_grik1__L001163,CN1C(=O)C(=CNCCc2c[nH]cn2)C(=O)N(C1=O)C
dude_grik1__L001164,c1cc(ccc1C(=O)N[C@H](CCO)C(=O)[O-])n2cnnn2
dude_grik1__L001165,c1cc2c(cc1O)occ(c2=O)/C=N/c3cc([nH]c(=S)n3)[O-]
dude_grik1__L001166,CN(C[C@@H](COC)O)C(=O)NCC(=O)NCC(=O)[O-]
dude_grik1__L001167,COc1cc(cc(c1OC)OC)C(=O)/N=C(\Nc2cccc(c2)Br)/[N-]C[C@H]3CCCO3
dude_grik1__L001168,C[C@@H]1C[C@H]2C[NH2+]C[C@@H]2N1S(=O)(=O)c3cccc(c3)C#N
dude_grik1__L001169,c1cc(cc(c1)C(=O)[O-])C(=O)NCCCS(=O)(=O)N
dude_grik1__L001170,COc1cc(c(c2c1OCO2)OC)[C@@H]3[C@@H]4C(=NN=C4OC(=C3C#N)N)CC(=O)OC
dude_grik1__L001171,CCN1CCc2c(C1)c(N(=O)=O)cc3nc(O)c(O)nc23
dude_grik1__L001172,C[C@H](C(=O)N[C@H]1CCCNC1=O)NC(=O)C2CCOCC2
dude_grik1__L001173,Cc1ccc(cc1C)S(=O)(=O)N2C[C@H](C[C@@H]2C(=O)OCC(=O)Nc3ccc(cc3)N4CCOCC4)O
dude_grik1__L001174,C[C@@H](C(=O)N[C@@](C)(C1CC1)C(=O)[O-])NC(=O)c2cccs2
dude_grik1__L001175,Cc1ccc(c(c1)N2CCN[C@@H](C2)S(=O)(=O)C(C)C)[N-]S(=O)(=O)S(=O)(=O)C(C)C
dude_grik1__L001176,C[C@H](CC(=O)NC(=O)NCCNS(=O)(=O)C)CC(=O)[O-]
dude_grik1__L001177,Cn1c-2nc(=S)n(c2c(nc1[O-])[O-])Cc3ccccc3Cl
dude_grik1__L001178,COC1=NC(=O)NC(=O)[C@H]1/N=C\2/C(=O)NC(=O)N=C2[O-]
dude_grik1__L001179,c1ccc2c(c1)[C@H](CCO2)NC(=O)N[C@@H]3CCSc4c3cccc4F
dude_grik1__L001180,C[C@@H](C(=O)N1CCC[C@H](C1)C(=O)N)n2cncn2
dude_grik1__L001181,C[C@@]1(CCN(C1)C(=O)c2cc(c[nH]2)Br)C(=O)[O-]
dude_grik1__L001182,CN(C)c1ccc(cc1NS(=O)(=O)c2ccc3c(c2)OCCO3)S(=O)(=O)N4CCOCC4
dude_grik1__L001183,c1c(cn[nH]1)C(=O)Nc2cnn(c2)CC(=O)N
dude_grik1__L001184,CC(=O)N[C@H](CCS(=O)(=O)C)/C(=N/c1[nH]ncn1)/[O-]
dude_grik1__L001185,c1cc(ccc1NC(=O)/C=C\C(=O)[O-])S(=O)(=O)N
dude_grik1__L001186,C(C(=O)[O-])N1[C@@H]2[C@H](NC(=O)N2)NC1=O
dude_grik1__L001187,C[C@@H](C(=O)N1C[C@H](C[C@@H]1C(=O)[O-])O)NC(=O)C(C)(C)C
dude_grik1__L001188,Cc1ccc(cc1)N2C(=O)/C(=C\c3cc(c(c(c3)OC)[O-])[N+](=O)[O-])/C(=NC2=O)[O-]
dude_grik1__L001189,CCCCOc1cccc(c1)[C@@H]2C(=C(C(=O)N2CCO)[O-])C(=O)c3ccc(cc3)S(=O)(=O)N(C)C
dude_grik1__L001190,C(c1nnc(n1N)[S-])O
dude_grik1__L001191,CCC[C@@](C)(C(=O)[O-])NC(=O)Nc1nc2c(s1)CCCC2
dude_grik1__L001192,CO[C@H]1C[C@]2(CC[NH2+]C2)Oc3c1ccc4c3OCO4
dude_grik1__L001193,c1cc(cc(c1)S(=O)(=O)[N-]c2nc(cs2)c3ccco3)n4cnnn4
dude_grik1__L001194,C(C(=O)[O-])/N=C/C1C(=O)NC(=S)NC1=O
dude_grik1__L001195,c1cc2c(cc1[N+](=O)[O-])sc(n2)NC[C@@H]3CCCO3
dude_grik1__L001196,Cc1nnc(s1)SCC2=C(N3[C@H]([C@H](C3=O)NC(=O)CCn4cc(cn4)[N+](=O)[O-])SC2)C(=O)[O-]
dude_grik1__L001197,COC(=O)[C@@H](CO)NC(=O)[C@@H]1CCC(=O)N1
dude_grik1__L001198,Cc1csc(n1)CNC(=O)NC2(CCCCC2)C(=O)[O-]
dude_grik1__L001199,CSCC[C@@H](C(=O)[O-])NC(=O)NCc1ccc(s1)Br
dude_grik1__L001200,Cc1cc(ccc1Br)[N-]S(=O)(=O)N
dude_grik1__L001201,COC1CCN(CC1)C(=O)NCC(=O)NCC(=O)[O-]
dude_grik1__L001202,Cc1c2cc(cnc2n(n1)C)[N-]S(=O)(=O)c3cc(ccc3C(=O)OC)C(=O)OC
dude_grik1__L001203,C1CS(=O)(=O)C[C@H]1N(CC(=O)[O-])C(=O)CCSCC(=O)N
dude_grik1__L001204,CCNC(=O)c1cc(ccn1)NC2(CCCCC2)C(=O)[O-]
dude_grik1__L001205,c1cc(oc1)Cn2c(nnc2[S-])N3CCOCC3
dude_grik1__L001206,Cc1c(cc(c(c1[N+](=O)[O-])[O-])C=O)[N+](=O)[O-]
dude_grik1__L001207,c1cc(ccc1C(=O)NC(=S)N2CCNC(=O)[C@H]2CC(=O)OC3CCCCC3)[N+](=O)[O-]
dude_grik1__L001208,C[C@](c1ccccc1)(C(=O)OC)NC(=O)/C=C/c2ccc(cc2)S(=O)(=O)[N-]c3ccccc3Cl
dude_grik1__L001209,C[C@H]([C@H](C(=O)[O-])NC(=O)N1CCO[C@@H]2[C@@H]1CCCC2)O
dude_grik1__L001210,C[C@@H](CN1CCCn2c1nc3c2c(=O)n(c(=O)n3C)C)O
dude_grik1__L001211,C[C@@H](CN(C)S(=O)(=O)c1cnc(nc1)N)C#N
dude_grik1__L001212,Cc1c(c(on1)C)CCNC(=O)CN2c3cc(ccc3N4CCCC[C@H]4C2=O)S(=O)(=O)N(C)C
dude_grik1__L001213,c1cnc(nc1)[N-]S(=O)(=O)c2ccc(cc2)NC(=O)[C@H]3CCCC[C@@H]3C(=O)[O-]
dude_grik1__L001214,CC(=O)N[C@@H]1[C@@H]([C@@H]2[C@@H](COC(O2)(C)C)O[C@@H]1Oc3ccccc3)O
dude_grik1__L001215,CC(C)[C@@](C)(CC(=O)N(CC(=O)N)C(C)C)C(=O)[O-]
dude_grik1__L001216,CC(C)(C)NC(=O)[C@@H](c1ccco1)N(Cc2ccco2)C(=O)c3cc(ccc3[O-])[N+](=O)[O-]
dude_grik1__L001217,c1ccc(cc1)[C@H]2C3([C@@H](NC(=O)N2)c4ccccc4)C(=O)NC(=O)N=C3[O-]
dude_grik1__L001218,Cc1cc(c(n1c2cc(on2)C)C)C(=O)CSc3nc4nc(c(c(n4n3)C)CC(=O)[O-])C
dude_grik1__L001219,c1cc(ccc1NC(=O)N2CCN([C@H](C2)C(=O)NC[C@H]3CCCO3)C(=O)c4ccc5c(c4)OCO5)F
dude_grik1__L001220,c1ncn(n1)c2nc(nc(n2)Cl)N3CCC[C@@H]3CO
dude_grik1__L001221,CS(=O)(=O)CCCOc1cc(ccc1N)C(=O)[O-]
dude_grik1__L001222,C1C[C@H](C(=O)NC1)NC(=O)N2C[C@@H](C[C@H]2C(=O)[O-])O
dude_grik1__L001223,c1cn(c(=O)nc1N2CCCC2)[C@@H]3[C@@H]([C@H]([C@@H](O3)CO)O)O
dude_grik1__L001224,CS(=O)(=O)N1CCN(CC1)C(=O)C(=O)NCC(=S)N
dude_grik1__L001225,C1C[NH2+]C([C@H]1O)(C(=O)[O-])C(=O)[O-]
dude_grik1__L001226,C[C@@H]([C@H](C(=O)[O-])NC(=O)N1CCCOCC1)O
dude_grik1__L001227,Cc1ccc(cc1N)C(=O)N[C@@](C)(C2CC2)C(=O)[O-]
dude_grik1__L001228,c1cc(ccc1CS(=O)(=O)c2nnc(o2)CCCNS(=O)(=O)[C@H]3CCS(=O)(=O)C3)F
dude_grik1__L001229,C1CCN([C@@H](C1)CCO)C(=O)N2C[C@@H](C[C@H]2C(=O)[O-])O
dude_grik1__L001230,C1C[C@H](OC1)CCNC(=O)NCC(=O)[O-]
dude_grik1__L001231,CC(C)CN(CC(=O)[O-])C(=O)c1c[nH]c(=O)[nH]1
dude_grik1__L001232,CN1[C@@H](C(=C(C1=O)[O-])C(=O)c2ccco2)c3ccco3
dude_grik1__L001233,c1cc(c(nc1)N2CCC(CC2)C(=O)[O-])C(=O)N
dude_grik1__L001234,Cc1ccc(c(c1)N2CCN[C@H](C2)S(=O)(=O)C(C)C)[N-]S(=O)(=O)S(=O)(=O)c3ccccc3
dude_grik1__L001235,C1[C@H]([C@@H](CS1(=O)=O)S(=O)(=O)N)O
dude_grik1__L001236,C[C@@H]([C@H](C(=O)[O-])NS(=O)(=O)c1cc(sc1Br)C(=O)OC)O
dude_grik1__L001237,CC(C)(C)C(=O)NCCCC(=O)N1C[C@@H](C[C@@H]1C(=O)[O-])O
dude_grik1__L001238,c1ccc(c(c1)C#N)[C@@H]2[C@H]3[C@@H](C(=O)N(C3=O)Cc4ccco4)[C@@]([NH2+]2)(CC(=O)[O-])C(=O)[O-]
dude_grik1__L001239,C1CC1CN(CC(=O)[O-])C(=O)NC2CCC(CC2)O
dude_grik1__L001240,C[C@@H](c1[n-]cc(n1)[N+](=O)[O-])O
dude_grik1__L001241,Cn1c(n[nH]c1=S)CNC(=O)c2ccc(c(c2)[N-]S(=O)(=O)C)F
dude_grik1__L001242,[H]/N=C/1\N=C2C(=NCN2[C@@H]3C[C@H]([C@@H](O3)CO)O)C(=N1)[O-]
dude_grik1__L001243,c1cc(ccc1N)S(=O)(=O)NN2CCS(=O)(=O)CC2
dude_grik1__L001244,Cc1ccc(cc1NC(=O)[C@H]2CC=CC[C@@H]2C(=O)[O-])S(=O)(=O)NC
dude_grik1__L001245,CC(C)CN(CCC#N)c1ccc(c(c1)C(=O)[O-])N
dude_grik1__L001246,Cc1cc(ccc1NC(=O)c2ccc(cc2)[N-]S(=O)(=O)c3cccc(c3)[N+](=O)[O-])C(=O)NC
dude_grik1__L001247,c1cc(oc1)Cn2c(cc(nc2=O)[O-])NC(=O)CSc3[nH]ncn3
dude_grik1__L001248,CC(=O)Nc1ccc(cc1)O[C@H]2[C@@H]([C@@H]([C@@H]3[C@@H](O2)COC(O3)(C)C)O)NC(=O)C
dude_grik1__L001249,c1c(cc(=O)[nH]c1[O-])C(=O)N2CCC[C@@H](C2)CCO
dude_grik1__L001250,c1cc(ccc1Cc2nnc3n2cnc4c3[n-]cn4)N
dude_grik1__L001251,Cn1c(nnc1S[C@@H]2CC(=O)N(C2=O)C3CC3)N
dude_grik1__L001252,c1cc(sc1)S(=O)(=O)[N-]c2c(nccn2)C(=O)[O-]
dude_grik1__L001253,CN(C)C(=O)NCC(=O)NCC(=O)[O-]
dude_grik1__L001254,C[C@@](C1CC1)(C(=O)[O-])NC(=O)NCC(=O)N2CCCC2
dude_grik1__L001255,CN(CC(=O)NC1CC1)C(=O)C(=O)NCC(=S)N
dude_grik1__L001256,c1cc(=O)[nH]cc1C(=O)N[C@@]2(CCSC2)C(=O)[O-]
dude_grik1__L001257,c1cscc1[C@H]2c3c(nc[nH]3)C[C@H](N2)C(=O)[O-]
dude_grik1__L001258,C[C@@H]([C@@H](C(=O)[O-])NC(=O)Nc1ccccc1C#N)O
dude_grik1__L001259,C[C@H](CC(=O)[O-])NC(=O)c1cc(cn1C)S(=O)(=O)N
dude_grik1__L001260,CNC(=O)c1ccc(cc1)NC(=O)CC2(CCCCC2)C(=O)[O-]
dude_grik1__L001261,c1ccc2c(c1)NC(=NS2(=O)=O)CCCC(=O)Nc3ccc(cc3)S(=O)(=O)[O-]
dude_grik1__L001262,C1CN(CCN1CCCC(=O)NC(=O)N)CC(F)(F)F
dude_grik1__L001263,c1cc(sc1CC(=O)[O-])S(=O)(=O)NCCCS(=O)(=O)N
dude_grik1__L001264,CS(=O)(=O)[N-]c1cccc(c1)C(=O)N2CCO[C@@H](C2)C(=O)N
dude_grik1__L001265,CC(C)(CCC(=O)[O-])NC(=O)Nc1ccccc1C#N
dude_grik1__L001266,N[C@H](Cn1c(=O)c(=O)[nH]c2ccccc12)C(O)=O
dude_grik1__L001267,C[C@H](C(=O)N1CCC[C@@H](C1)C(=O)[O-])NC(=O)N
dude_grik1__L001268,CCS(=O)(=O)NCCON
dude_grik1__L001269,CSCC[C@@H](C(=O)N1C[C@@H](C[C@H]1C(=O)[O-])O)NC(=O)N
dude_grik1__L001270,CC(C)[C@H](C(=O)NCCCN1C(=O)C2(CCCC2)NC1=O)NC(=O)c3cc(cc(c3)OC)OC
dude_grik1__L001271,C[C@@H]1C[C@@H](CN(C1)S(=O)(=O)NCCNc2ccc(cc2[N+](=O)[O-])S(=O)(=O)C)C
dude_grik1__L001272,C[C@@H]1CCCCN1C(=O)c2cc(c(cc2[N+](=O)[O-])F)NC
dude_grik1__L001273,C1CC(=O)N(C(=O)[C@H]1N)CCOCCO
dude_grik1__L001274,CC(C)(C)CNC(=O)N(CC(=O)[O-])c1ccc(cc1)O
dude_grik1__L001275,c1cc(=O)[nH]cc1S(=O)(=O)NC[C@@H]2COCCO2
dude_grik1__L001276,CC(C)([C@@H]1Cc2cc3ccc(=O)oc3cc2O1)O[C@@H]4[C@H]([C@@H]([C@@H]([C@H](O4)COC(=O)CC(=O)[O-])O)O)O
dude_grik1__L001277,CCC[C@](C)(C(=O)[O-])NC(=O)N(CC(C)C)CC(=O)N
dude_grik1__L001278,Cc1nnc(s1)SCc2nc(c3cnn(c3n2)C)N
dude_grik1__L001279,c1[nH]c(=S)c2c(n1)n(cn2)CCCC(=O)NN
dude_grik1__L001280,c1cnccc1C(=O)N/N=C/2\[C@H]([C@H]3[C@@H](O2)[C@@H]([C@@H](O3)O)O)O
dude_grik1__L001281,C1=CC(=C[C@H]2C1=CC=N2)NC(=O)C3=C[C@@H]4C(=N[C@@H](N4)C(F)(F)F)C=C3
dude_grik1__L001282,CC(C)(CCC(=O)[O-])NC(=O)NCCc1ccncc1
dude_grik1__L001283,c1c(cnc(n1)N)S(=O)(=O)N[C@@H]2CCCNC2=O
dude_grik1__L001284,c1ccc(c(c1)N)NC(=O)N2CCC[C@H]2C(=O)[O-]
dude_grik1__L001285,C[C@@H](c1ccco1)NC(=O)N2C[C@H](C[C@@H]2C(=O)[O-])O
dude_grik1__L001286,c1cn(c(=O)cc1N)[C@H]2[C@@H]([C@@H]([C@H](O2)CO)O)O
dude_grik1__L001287,Cc1c(c(n[nH]1)C)S(=O)(=O)N[C@](C)(C2CC2)C(=O)[O-]
dude_grik1__L001288,Cc1cccc(c1)CNC(=O)[C@@H]2CCCN(C2)C(=O)c3nnc(s3)C(=O)Nc4ccc5c(c4)OCO5
dude_grik1__L001289,Cc1c(c(n(n1)C)C)S(=O)(=O)/N=C(/C[C@@H]2CCCO2)\[O-]
dude_grik1__L001290,Cc1c(c[nH]n1)CNC(=O)N[C@@](C)(C2CC2)C(=O)[O-]
dude_grik1__L001291,C[C@@H](C(=O)N(CC(=O)[O-])[C@H]1CCS(=O)(=O)C1)NC(=O)N
dude_grik1__L001292,OC(=O)[C@@H]3C[C@H]2C[C@@H](CCc1nn[nH]n1)CC[C@H]2CN3
dude_grik1__L001293,Cc1ccc(c(c1C(=O)/C=C/N=C(/N)\[S-])[N+](=O)[O-])[N+](=O)[O-]
dude_grik1__L001294,c1nc(c(c(n1)N(CCC#N)CCC#N)N)N
dude_grik1__L001295,CC(=O)Nc1ccc(cc1)S(=O)(=O)[N-]c2nnc(s2)[S-]
dude_grik1__L001296,c1nc(nn1CC(F)F)/C(=N\O)/N
dude_grik1__L001297,c1cc(c(cc1[N+](=O)[O-])Cl)C(=O)N(Cc2nc(co2)C(=O)NC[C@@H]3CCCO3)C[C@@H]4CCCO4
dude_grik1__L001298,COC(=O)[C@]1(Cc2cc(ccc2N3[C@@H]1CCC3)[N+](=O)[O-])C(=O)[O-]
dude_grik1__L001299,CCc1nnc(s1)/N=C(/C(=O)NCCCC(=O)N)\[O-]
dude_grik1__L001300,c1ccc(c(c1)/C=N\N=C/2\N(C(=O)[C@H](S2)CC(=O)[O-])c3ccc(cc3)O)O
dude_grik1__L001301,C[C@H]([C@H](C(=O)[O-])NC(=O)c1cc(c(cc1F)F)[N+](=O)[O-])O
dude_grik1__L001302,Cc1ccc(s1)c2[nH][n-]/c(=N/C(=O)c3ccc[nH]c3=O)/n2
dude_grik1__L001303,C[C@@H]1CCC[C@H](C1)NC(=O)N[C@@H]([C@@H](C)O)C(=O)[O-]
dude_grik1__L001304,C[C@H](c1nncn1C)NC(=O)N2C[C@H](C[C@@H]2C(=O)[O-])O
dude_grik1__L001305,c1c(c(c(nn1)[O-])N2CCC[C@@H](C2)C(=O)[O-])Cl
dude_grik1__L001306,C1C[C@@H](CN(C1)C(=O)N)C(=O)N(CC2CC2)CC(=O)[O-]
dude_grik1__L001307,CSCC[C@@H](C(=O)[O-])NC(=O)c1cc(cnc1)O
dude_grik1__L001308,COc1cc(cc(c1O)OC)[C@H]2CC(=O)Nc3c2c(nc(n3)SC)[O-]
dude_grik1__L001309,Cc1nc(on1)C2=C(N=C([C@H]2S(=O)(=O)[N-]c3cc(ccc3OC)OC)C)C
dude_grik1__L001310,c1cc2c(cc1c3csc(n3)/N=C(/C(F)(F)F)\[O-])oc(n2)[O-]
dude_grik1__L001311,c1cc(c(cc1Cl)F)[N-]S(=O)(=O)c2cc(cs2)C(=O)[O-]
dude_grik1__L001312,c1cc(oc1)c2nnc(s2)NC(=O)N3C[C@@H]4CC[C@H]3C4
dude_grik1__L001313,C[C@H](C(=O)[O-])O[C@@H]1[C@@H]([C@@H](O[C@@H]2[C@@H]1O[C@@H](OC2)c3ccco3)Oc4ccccc4C(=O)C)NC(=O)C
dude_grik1__L001314,C[C@@H]([C@H]1NN[C@@H](O1)S(=O)(=O)C)NS(=O)(=O)c2ccc3c(c2)oc(n3)[O-]
dude_grik1__L001315,CCN1[C@@H]2[C@H](N(C1=O)CO)N(C(=O)N2CO)CO
dude_grik1__L001316,C1CS(=O)(=O)C[C@@H]1NC(=O)N2C[C@@H](C[C@@H]2C(=O)[O-])O
dude_grik1__L001317,C1COCCN1C(=O)CSCC(=O)N[C@@H](CCO)C(=O)[O-]
dude_grik1__L001318,c1nc2c(=O)[nH]c(nc2n1[C@@H]3[C@H]4[C@@H](CO3)O[P@@](=O)(O4)[O-])N
dude_grik1__L001319,Cc1ccc(s1)C(=O)NCC(=O)N[C@H](C(=O)[O-])C(C)(C)C
dude_grik1__L001320,C[C@@H](C(=O)[O-])NC(=O)Nc1cnn(c1)CCOC
dude_grik1__L001321,CC(C)[C@@H](C(=O)[O-])[NH2+]C/C(=N/c1nnc(o1)C2CC2)/[O-]
dude_grik1__L001322,C[C@@]1(C(=O)N(C(=O)N1)CC(=O)Nc2cc(ccc2Cl)S(=O)(=O)N(C)C)c3ccc(cc3)OC
dude_grik1__L001323,Cc1ccccc1NC(=O)NNC(=O)c2ccc(nc2)n3cccn3
dude_grik1__L001324,c1c(c(cc2c1OCO2)[N-]S(=O)(=O)C(F)F)N
dude_grik1__L001325,CC\1=NN(C(=O)/C1=C/c2cc(c(c(c2)OC)[O-])[N+](=O)[O-])c3nc4ccccc4s3
dude_grik1__L001326,C1CC(=O)N(C1)C(=O)CSc2nnc(n2N)C3CC3
dude_grik1__L001327,CC[C@@H]1CCCCN1S(=O)(=O)c2ccc(cc2)[N-]S(=O)(=O)c3ccc(cc3)[N+](=O)[O-]
dude_grik1__L001328,CC(=O)NNC(=O)CNC(=O)c1ccncc1
dude_grik1__L001329,CC(=O)[C@H]1[C@H]([C@@H](C(=O)N[C@@]1(C)O)C#N)c2cccc(c2)[N+](=O)[O-]
dude_grik1__L001330,C1CCCC(CC1)(C(=O)[O-])NC(=O)NC[C@@H]2CCCOC2
dude_grik1__L001331,Cc1cc[nH+]c(c1)/N=C(/c2c([nH]c(=S)[nH]c2=O)[O-])\C(=C(/[O-])\OC)\F
dude_grik1__L001332,CC(C)[C@H](C(=O)[O-])NC(=O)Nc1ccc(cc1)OC(F)F
dude_grik1__L001333,C[C@H]1CCCC[C@]1(C(=O)[O-])NC(=O)[C@@H]2CSC(=O)N2
dude_grik1__L001334,c1cc2c(c(c1)[N-]S(=O)(=O)c3cnc(nc3)N)CCCC2
dude_grik1__L001335,CC1CCC(CC1)(C(=O)[O-])NC(=O)NCCNS(=O)(=O)C
dude_grik1__L001336,C[C@H](c1cccc(c1)[C@H](c2ccccc2)O)C(=O)O[C@@H]3[C@H]([C@@H]([C@@H]([C@H](O3)C(=O)[O-])O)O)O
dude_grik1__L001337,Cn1c(nc(n1)C2CCCCC2)[C@@H]3CC=CC[C@H]3C(=O)[O-]
dude_grik1__L001338,C[C@@H](C(=O)N(C)C)NC(=O)N[C@H](CCOC)C(=O)[O-]
dude_grik1__L001339,C[C@H](CC(=O)NC(=O)NCCCS(=O)(=O)N)CC(=O)[O-]
dude_grik1__L001340,c1c(ncc(=O)[nH]1)C(=O)N2CCC[C@@H](C2)CNS(=O)(=O)N
dude_grik1__L001341,C[C@H]([C@@H](C(=O)[O-])NC(=O)N1CCC2(CCCC2)CC1)O
dude_grik1__L001342,c1cc(c(cc1Br)Cl)NC(=O)C(=O)NC[C@H]2CCCO2
dude_grik1__L001343,CC(C)[C@H](C(=O)OC)NC(=O)N1C[C@@H](C[C@H]1C(=O)[O-])O
dude_grik1__L001344,Cc1c(c(n[nH]1)C)CC(=O)N[C@@]2(CCSC2)C(=O)[O-]
dude_grik1__L001345,Cn1c(c(c(=O)n(c1=O)C)C#N)NC2[C@@H]3CCC[C@H]2C[NH+](C3)C4CC4
dude_grik1__L001346,CCC[C@@](C)(C(=O)[O-])NC(=O)NCCc1ccncc1
dude_grik1__L001347,Cn1cc(cc1C(=O)NCCC(=O)[O-])S(=O)(=O)N
dude_grik1__L001348,CC(=O)N(C)Cc1ccccc1NC(=O)c2ccc(c(c2)S(=O)(=O)[N-]c3ccc(cc3)F)Cl
dude_grik1__L001349,c1cc(oc1)/C=N\[N-]S(=O)(=O)c2ccc(cc2)[N+](=O)[O-]
dude_grik1__L001350,CC1=C([C@@H](N2C(=CSC2=N1)/C=C(/NCc3cccnc3)\[O-])c4ccc(cc4)Cl)C(=O)OCCOC
dude_grik1__L001351,C[C@@H]1CC[C@@H](CN1S(=O)(=O)c2ccc(s2)[N+](=O)[O-])C(=O)N
dude_grik1__L001352,CN1[C@@H](N=NN1)SC/C(=N/c2[nH]ncn2)/[O-]
dude_grik1__L001353,Cc1ccc(cc1)c2nc(on2)[C@H]3CC=CC[C@@H]3C(=O)[O-]
dude_grik1__L001354,c1nc([nH]n1)CNC(=O)[C@H]2CCCN2C(=O)C3CC3
dude_grik1__L001355,CCCOc1ccc(cc1)[C@H]2C(=C(C(=O)N2CCO)[O-])C(=O)c3ccc(cc3)OCc4ccc(cc4)Cl
dude_grik1__L001356,C[C@@H](C(=O)[O-])O[C@H]1[C@@H]([C@@H](O[C@@H]2[C@@H]1O[C@@H](OC2)c3ccccc3)Oc4ccccc4C(=O)C)NC(=O)C
dude_grik1__L001357,C[C@H]([C@@H](C(=O)[O-])NC(=O)N(CCC#N)C1CC1)O
dude_grik1__L001358,c1cnn(c1)c2ccc(cn2)C(=O)Nc3cc(ccc3N4CCCC4)S(=O)(=O)N5CCOCC5
dude_grik1__L001359,c1cc(c(cc1[N-]S(=O)(=O)N2CC[NH2+]CC2)[N+](=O)[O-])Cl
dude_grik1__L001360,CCCOc1ccc(cc1)[C@@H]2C(=C(C(=O)N2CCO)[O-])C(=O)c3ccc(cc3)OCc4ccc(cc4)Cl
dude_grik1__L001361,C1COCCN1c2c(c(c(c(n2)N)C#N)CC#N)C#N
dude_grik1__L001362,C[C@H]([C@H](C(=O)[O-])NC(=O)N(C)CC(=O)NCCOC)O
dude_grik1__L001363,CC(C)Oc1cc(nc(n1)N)N2CCCN(CC2)C(=O)[C@H]3CCCO3
dude_grik1__L001364,C1CCC(C1)N(CC(=O)N)C(=O)NCC(=O)[O-]
dude_grik1__L001365,CCC1CCC(CC1)(C(=O)[O-])NC(=O)NCCCOCC
dude_grik1__L001366,c1c(cn(n1)CCC(=O)[O-])S(=O)(=O)NCC(=O)N
dude_grik1__L001367,Cc1cc(no1)C/[NH+]=C\2/[C@@H](N=C(N2C)C)[N+](=O)[O-]
dude_grik1__L001368,c1cc(ccc1[C@@H]2[C@H]3CC=C[C@@H]3c4c(ccc(c4N2)C(=O)[O-])[N+](=O)[O-])[N+](=O)[O-]
dude_grik1__L001369,Cc1ccc(c(c1)F)N[C@](C)(COC)C(=O)[O-]
dude_grik1__L001370,C[C@@H](C(=O)N)NC(=O)N1C[C@@H](C[C@@H]1C(=O)[O-])O
dude_grik1__L001371,C[C@@H]1CCCC[C@]1(C(=O)[O-])NC(=O)c2ccc(=O)[nH]c2
dude_grik1__L001372,CC(C)(C)OC(=O)N[C@@H]([C@@H](c1ccccc1F)O)C(=O)[O-]
dude_grik1__L001373,C[C@@H](CNS(=O)(=O)c1ccc(cc1Br)C(=O)[O-])O
dude_grik1__L001374,C[C@]12CC[C@@H](C[C@H]1CC[C@@H]3[C@@H]2C[C@@H]([C@]4([C@@]3(CC[C@@H]4C5=CC(=O)OC5)O)C)O)OC(=O)CCC(=O)[O-]
dude_grik1__L001375,C[C@H](C(=O)NC(=O)NC[C@H]1CCCO1)N2CCOCC2
dude_grik1__L001376,CCN(CC)C(=O)CNC(=O)NCC(=O)[O-]
dude_grik1__L001377,Cc1cc(ccc1OCC(C)C)C(=O)C2=C(C(=O)N([C@H]2c3ccc(cc3)[N+](=O)[O-])CCCO)[O-]
dude_grik1__L001378,C[C@H](Cc1ccco1)NC(=O)N2C[C@H](C[C@H]2C(=O)[O-])O
dude_grik1__L001379,c1cc(cc(c1)S(=O)(=O)NCC2(CCCC2)O)C(=O)[O-]
dude_grik1__L001380,c1nc2c(n1[C@@H]3[C@H](C[C@@H](O3)CO)O)C(=O)NCC(=O)N2
dude_grik1__L001381,c1cc(c(cc1Cl)O)C(=O)N2C[C@H](C[C@H]2C(=O)[O-])O
dude_grik1__L001382,Cc1c(c(n(n1)[C@@](C)(C2CC2)C(=O)[O-])C)[N+](=O)[O-]
dude_grik1__L001383,CN(C1CC1)C(=O)CN(CCC(=O)[O-])c2ccccc2N
dude_grik1__L001384,Cc1cc(c(s1)C)[C@H](C)NC(=O)N[C@H](CCO)C(=O)[O-]
dude_grik1__L001385,CC(C)NC(=O)c1cccc(c1)CNC(=O)c2cccnc2[S-]
dude_grik1__L001386,C/C(=N\OS(=O)(=O)[O-])/S[C@@H]1[C@H]([C@@H]([C@H]([C@@H](O1)CO)O)O)O
dude_grik1__L001387,c1cc(c(cc1[N+](=O)[O-])F)NC(=O)N[C@H](CCO)C(=O)[O-]
dude_grik1__L001388,Cc1nc(nc(n1)OC)N/C(=N/S(=O)(=O)Nc2ccccc2[N+](=O)[O-])/[O-]
dude_grik1__L001389,CS(=O)(=O)O[C@H]1[C@H]([C@H](CO[C@@H]1O)O)O
dude_grik1__L001390,Cc1ccc(cc1NC(=O)c2ccc[nH]2)C(=O)N3CCSCC3
dude_grik1__L001391,CS(=O)(=O)NCCNC(=O)C1(CCOCC1)C(=S)N
dude_grik1__L001392,C[C@H](C(=O)NC(=O)NC)N1CCN(CC1)C(=O)C
dude_grik1__L001393,C1C[C@@H](N(C1)C(=O)C(=O)NN)CCCO
dude_grik1__L001394,CN(c1ccncc1N)S(=O)(=O)C2CCS(=O)(=O)CC2
dude_grik1__L001395,CO[C@H]1[C@@H]([C@H](C[C@H](O1)C[NH3+])O)O
dude_grik1__L001396,C1C[C@@](C(=O)NC1)(CCO)C(=O)[O-]
dude_grik1__L001397,CO[C@H]1CCC[C@H]1NC(=O)Nc2ccccc2CC(=O)[O-]
dude_grik1__L001398,CC(=O)Oc1ccc(cc1)[C@H]2[C@H]3[C@@H](C(=O)N(C3=O)C4CCCCC4)[C@@]([NH2+]2)(CC(=O)[O-])C(=O)[O-]
dude_grik1__L001399,CC(=O)N[C@H]1[C@H]([C@@H](O[C@H]([C@@H]1O)O)CO)O
dude_grik1__L001400,COC(=O)c1ccc(cc1)[C@H]2C(=C(C(=O)N2CCN3CCOCC3)[O-])C(=O)c4cc(ccc4O)Cl
dude_grik1__L001401,c1nc2c(n1C[C@H](CO)O)c(=O)[nH]c(n2)N
dude_grik1__L001402,Cc1c(c(n(n1)C)C)CCCN(C)c2c(cc(cn2)C(=O)[O-])NS(=O)(=O)c3ccc(cc3)OC
dude_grik1__L001403,CCN(CC)C(=O)CN(C)c1ccc(c(c1)C(=O)[O-])N
dude_grik1__L001404,C[C@H](CO)NC(=O)COCC(=O)[O-]
dude_grik1__L001405,Cc1cc(ccc1NS(=O)(=O)C)C(=O)Nc2ccc(cc2)S(=O)(=O)[N-]c3nc(cc(n3)C)C
dude_grik1__L001406,COC(=O)c1ccccc1[N-]S(=O)(=O)c2cccc(c2)S(=O)(=O)[C@@H]3CCS(=O)(=O)C3
dude_grik1__L001407,CCC[C@](C)(C(=O)[O-])NC(=O)[C@H]1CCCOC1
dude_grik1__L001408,CN(C)C(=O)CN(C)C(=O)NCC(=O)NCC(=O)[O-]
dude_grik1__L001409,c1c(cn(c1C(=O)[O-])Cc2cnoc2)[N+](=O)[O-]
dude_grik1__L001410,Cc1c(sc(n1)NC(=O)c2cccc3c2[nH]nc3)c4nnc(n4CC=C)[S-]
dude_grik1__L001411,C1CN(CCC1C(=O)[O-])S(=O)(=O)N(CC(=O)N)CC(=O)N
dude_grik1__L001412,c1ccc(c(c1)/N=C/c2ccc(o2)[N+](=O)[O-])/N=C/c3cc(ccc3[O-])[N+](=O)[O-]
dude_grik1__L001413,c1cnc(c(n1)C#N)N2C[C@@H](C[C@@H]2C(=O)[O-])O
dude_grik1__L001414,C[C@](C1CC1)(C(=O)[O-])NC(=O)N[C@H]2CCCNC2=O
dude_grik1__L001415,C[C@@H]1CCCC[C@@H]1NC(=O)N[C@@H](CCSC)C(=O)[O-]
dude_grik1__L001416,C([C@@H]1[C@H]([C@@H]([C@@H]([C@H](S1)O)O)O)O)O
dude_grik1__L001417,CC(=O)NS(=O)(=O)c1ccc(cc1)NC(=O)[C@@H]2[C@H]3C=C[C@@H]([C@@H]2C(=O)[O-])O3
dude_grik1__L001418,C[C@@H](C(=O)NNC(=O)c1ccc2c(c1)OCO2)n3cncn3
dude_grik1__L001419,C[C@H](C(=O)NC)NC(=O)c1[nH]c(=O)[nH]n1
dude_grik1__L001420,CCC[C@@](C)(C(=O)[O-])NC(=O)NCc1c[nH]nc1C
dude_grik1__L001421,CCn2nnc(c1onc(O)c1CC(N)C(O)=O)n2
dude_grik1__L001422,c1cc2c(c(c1)Cl)OC[C@@H]([C@H]2O)N3CCOCC3
dude_grik1__L001423,c1ccc2c(c1)cc(o2)C(=O)C3=C(C(=O)N([C@H]3c4cccc(c4)[N+](=O)[O-])CCCN5CCOCC5)[O-]
dude_grik1__L001424,CC(=O)N[C@H]1[C@@H]([C@@H](OC1=O)[C@H](CO)O)O
dude_grik1__L001425,Cc1cc(ccc1OCC(=O)N2CCC(CC2)C(=O)N)Br
dude_grik1__L001426,Cc1c(c2nc(cc(n2n1)[O-])[O-])c3ccccc3
dude_grik1__L001427,C/C(=N\NC(=O)c1cccc(c1)[N+](=O)[O-])/c2ccc(cc2)S(=O)(=O)N3CCCC[C@H]3C(=O)[O-]
dude_grik1__L001428,[H]/[S+]=c/1\nc(c(c(n1C)[O-])C2=[NH+]c3ccccc3S[C@@H]([C@H-]2)c4cccc(c4)[N+](=O)[O-])[O-]
dude_grik1__L001429,C1[C@@H]([C@H](CS1(=O)=O)O)[NH2+]CCS(=O)(=O)[O-]
dude_grik1__L001430,CN1[C@H](NN=C1SC/C(=N/c2[nH]ncn2)/[O-])c3ccncc3
dude_grik1__L001431,CC(C)n2nnc(c1onc(O)c1CC(N)C(O)=O)n2
dude_grik1__L001432,c1cc(c(cc1S(=O)(=O)N2CCC(CC2)C(=O)[O-])[N+](=O)[O-])NCC(=O)[O-]
dude_grik1__L001433,C[C@](C1CC1)(C(=O)[O-])NC(=O)NCc2cccc(c2F)F
dude_grik1__L001434,Cc1nnc(s1)/N=C(/C(=O)N[C@@H](C)CO)\[O-]
dude_grik1__L001435,CCc1nnc(s1)/N=C(/c2cc(cc(c2)[N+](=O)[O-])[N+](=O)[O-])\[O-]
dude_grik1__L001436,CO/N=C(\c1ccco1)/C(=O)N[C@H]2[C@@H]3N(C2=O)[C@@H]([C@@H](CS3)CC(=O)N)C(=O)[O-]
dude_grik1__L001437,C1C[NH2+]CCN(C1)c2c(c(c(c(n2)Cl)Cl)C#N)Cl
dude_grik1__L001438,CCOc1cc(ccc1O)[C@H]2C(=C(C(=O)N2CCCN3CCOCC3)[O-])C(=O)c4c(nc(s4)C)C
dude_grik1__L001439,C[C@H]1C[C@@H]1c2ccc(o2)/C=C/C(=O)N[C@@H]([C@@H](C)O)C(=O)[O-]
dude_grik1__L001440,Cc1c(sc(n1)[O-])S(=O)(=O)[N-]c2cc(cc(c2)F)F
dude_grik1__L001441,c1cc(nc(c1Cl)C(=O)[O-])NCC(=O)NC2CC2
dude_grik1__L001442,C[C@H]1C[C@H]2[C@@H]3CCC4=CC(=O)C=C[C@@]4([C@@]35[C@H](O5)C[C@@]2([C@@]1(C(=O)CO)O)C)C
dude_grik1__L001443,c1csc(n1)CNC(=O)N[C@H](CCO)C(=O)[O-]
dude_grik1__L001444,COC(=O)[C@@H]1[C@@H]([C@@H]([C@H]([C@H](O1)O)O)O)O
dude_grik1__L001445,CC(C)c1c(nnn1c2ccc(cc2)S(=O)(=O)N)C#N
dude_grik1__L001446,CS(=O)(=O)[N-]c1cc(ccc1Cl)C(=O)N2CCN(CC2)CC(=O)N
dude_grik1__L001447,C1CC(C1)CNS(=O)(=O)CC(=O)[O-]
dude_grik1__L001448,C[C@H]1CCCN(C1)c2nc3c(n2C[C@@H](COc4ccc(cc4)OC)O)c(=O)[nH]c(=O)n3C
dude_grik1__L001449,c1cc(c(nc1)n2cncn2)[N-]S(=O)(=O)CCCC(=O)[O-]
dude_grik1__L001450,c1ncn(n1)CC(=O)N2C[C@H](C[C@@H]2C(=O)[O-])O
dude_grik1__L001451,C[C@]12CC[C@@H]3[C@@H]([C@@H]1CC[C@@H]2O)CCC4=C/C(=N/OCC(=O)N5C[C@@H](C[C@@H]5C(=O)[O-])O)/CC[C@]34C
dude_grik1__L001452,C[C@H]([C@@H](C(=O)[O-])NC(=O)[C@@H]1Cc2ccccc2O1)O
dude_grik1__L001453,c1cnc(cc1C(=O)N)N2CC[C@H](C2)C(=O)[O-]
dude_grik1__L001454,CCN(CC)C(=O)N1CCC(CC1)/C(=N/S(=O)(=O)N(C)C)/[O-]
dude_grik1__L001455,CNS(=O)(=O)c1cc2cc(cc(c2c(c1)O)S(=O)(=O)[O-])S(=O)(=O)NC
dude_grik1__L001456,CCOc1cc(ccc1OCc2ccc(o2)C(=O)OC)[C@@H]3c4c([nH]nc4OC(=C3C#N)N)C
dude_grik1__L001457,c1c(c[n-]c1C(=O)N(CCC(=O)[O-])C2CC2)[N+](=O)[O-]
dude_grik1__L001458,Cn1cc(cc1C(=O)N2CCC[C@H](C2)NS(=O)(=O)C)N
dude_grik1__L001459,Cn1ccnc1[C@H](c2ccccc2)NC(=O)COC(=O)c3ccc(cc3)S(=O)(=O)NCCC#N
dude_grik1__L001460,Cc1csc(n1)NC(=O)[C@@H]2CCCN(C2)S(=O)(=O)c3ccc4c(c3)oc(n4)[O-]
dude_grik1__L001461,Cc1ccn2cc(nc2c1)C(=O)N[C@H](CC(=O)[O-])C(=O)[O-]
dude_grik1__L001462,CNC(=O)c1cccc(c1)NC(=O)CC2(CCCCC2)C(=O)[O-]
dude_grik1__L001463,C[C@H]1CN(C[C@@H](O1)C)C(=O)COC(=O)[C@@H]2C[C@@H](CN2S(=O)(=O)c3ccc4c(c3)OCCO4)O
dude_grik1__L001464,c1ccc(cc1)S(=O)(=O)c2ccc(c(c2)N3CCN[C@@H](C3)F)NS(=O)(=O)[O-]
dude_grik1__L001465,C[C@@H]([C@H](C(=O)OCC(=O)c1ccc2c(c1)NC(=O)CO2)NS(=O)(=O)c3ccc(cc3)Cl)O
dude_grik1__L001466,c1ccc2c(c1)cc(o2)C(=O)N/N=C/c3cc(cc(c3[O-])[N+](=O)[O-])[N+](=O)[O-]
dude_grik1__L001467,Cc1cccn2c1nc(c2C(=O)C3=C(C(=O)N([C@@H]3c4cc(c(c(c4)OC)OC)OC)c5nccs5)[O-])C
dude_grik1__L001468,C1C[C@@H](N(C1)C(=O)NCCCC(=O)N)C(=O)[O-]
dude_grik1__L001469,C1CCC(C1)(CC(=O)N[C@@H]2CCC[C@H](C2)O)CC(=O)[O-]
dude_grik1__L001470,c1cc(c(c(c1)Cl)F)S(=O)(=O)[N-]c2ccc(cc2)C(=O)NCCO
dude_grik1__L001471,CSCC[C@H](C(=O)N1CCCC[C@@H]1CC(=O)[O-])NC(=O)N
dude_grik1__L001472,c1cc(ccc1c2c3c(c(nn2)[O-])Nc4nnnn4[C@@H]3c5ccc(cc5)Cl)[N+](=O)[O-]
dude_grik1__L001473,Cc1cccc(c1C)N2C[C@@H](CC2=O)/C(=N/S(=O)(=O)c3cnn(c3)C)/[O-]
dude_grik1__L001474,Cc1cc(c(cc1C)S(=O)(=O)[N-]c2ccc(c(c2)[N+](=O)[O-])F)[N+](=O)[O-]
dude_grik1__L001475,c1cc(ccc1NC(=O)N2CCN(CC2)C(=O)[C@H]3CCCO3)OCC(=O)N
dude_grik1__L001476,C[C@H](C(=O)NCC(=O)N)n1ccc(n1)C(=O)[O-]
dude_grik1__L001477,C[C@H]([C@H](C(=O)[O-])NC(=O)Nc1c[nH]nc1)O
dude_grik1__L001478,c1c(cc(cc1F)Br)c2nc(no2)C3CC[NH2+]CC3
dude_grik1__L001479,c1cc(cc(c1)[N+](=O)[O-])c2csc(n2)/C(=C\Nc3ccc(cc3)S(=O)(=O)[N-]c4nccs4)/C#N
dude_grik1__L001480,C[C@@H]1CN(C[C@H](O1)C)S(=O)(=O)[N-]c2c(nccn2)C(=O)[O-]
dude_grik1__L001481,CCNC(=O)[C@H]1CCCN(C1)C(=O)CC23C[C@H]4C[C@@H](C2)CC(C4)(C3)O
dude_grik1__L001482,CC(C)C[C@@H](CO)NC(=O)C[C@@](C)(C(C)C)C(=O)[O-]
dude_grik1__L001483,Cn1cccc1C(=O)N2C[C@@H](C[C@@H]2C(=O)[O-])O
dude_grik1__L001484,COc1ccc(cc1[N+](=O)[O-])S(=O)(=O)N2C[C@H](C(=NC2=O)[O-])F
dude_grik1__L001485,c1cc(c(cc1N)C#N)S(=O)(=O)N[C@H]2CCS(=O)(=O)C2
dude_grik1__L001486,c1c(cn[nH]1)C(=O)N2CCC(CC2)C(=O)N
dude_grik1__L001487,Cc1c(c(n[nH]1)C)CC(=O)N2C[C@@H](C[C@H]2C(=O)[O-])O
dude_grik1__L001488,Cn1cnnc1c2ccccc2[N-]S(=O)(=O)c3cccc(c3)n4cnnn4
dude_grik1__L001489,C[C@H]([C@H](C1=N/C(=C\c2ccc(cc2)O)/C(=O)N1CC=O)N)O
dude_grik1__L001490,COc1cccc(\C=C\C[C@H](C[C@H](N)C(O)=O)C(O)=O)c1
dude_grik1__L001491,C1CCC(CC1)(C(=O)[O-])NC(=O)N[C@@H]2CCS(=O)(=O)C2
dude_grik1__L001492,CCOC(=O)[C@@H]1[C@@H](SC2=C1CCCC2)NC(=O)CSc3[n-]c(nn3)c4cc(cc(c4)OC)OC
dude_grik1__L001493,Cn1cc(cn1)C(=O)Nc2c(cn(n2)C)S(=O)(=O)N
dude_grik1__L001494,Cc1cc(ccc1S(=O)(=O)[N-]c2nncs2)N
dude_grik1__L001495,Cc1cc(n(n1)CCC#N)[N-]S(=O)(=O)c2ccc(s2)CCNC(=O)C
dude_grik1__L001496,CO[C@@H]1C[C@@H](N(C1)C(=O)c2ccn[nH]2)C(=O)[O-]
dude_grik1__L001497,COCC[C@H](C(=O)[O-])NC(=O)NCCS(=O)(=O)C
dude_grik1__L001498,Cc1ccc(cc1/C(=N/S(=O)(=O)c2cc(c(c(c2)[N+](=O)[O-])C)C)/[O-])[N+](=O)[O-]
dude_grik1__L001499,CC(=O)Oc1ccc(cc1)[C@@H]2[C@H]3[C@@H](C(=O)N(C3=O)C4CCCCC4)[C@@]([NH2+]2)(CC(=O)[O-])C(=O)[O-]
dude_grik1__L001500,Cc1ccc(cc1F)C(=O)N[C@H](Cc2cnc[nH]2)C(=O)[O-]
dude_grik1__L001501,CCn1c2c(nc1NCCO)n(c(=O)n(c2=O)C)C
dude_grik1__L001502,C[C@@H]([C@H](C(=O)[O-])NC(=O)c1cc(cn1C)C(=O)C)O
dude_grik1__L001503,c1cc(ccc1C(=O)N2C[C@@H](C[C@@H]2C(=O)[O-])O)O
dude_grik1__L001504,CC[C@H](C)N(CC(=O)[O-])C(=O)N1CCC[C@@H](C1)C(=O)N
dude_grik1__L001505,C[C@@H]1Cc2cc(ccc2O1)C(=O)C3=C(C(=O)N([C@@H]3c4ccc(cc4)[N+](=O)[O-])CCCn5ccnc5)[O-]
dude_grik1__L001506,CC(=O)Nc1ccc(cc1)Sc2ccc(cc2[N+](=O)[O-])S(=O)(=O)N3CCC(CC3)C(=O)[O-]
dude_grik1__L001507,c1cn(c(=O)[nH]c1=O)C[C@@]2(C[C@H]2CO)CO
dude_grik1__L001508,CCC[C@](C)(C(=O)[O-])NC(=O)NCCc1ccco1
dude_grik1__L001509,C[C@H](C(=O)N(C)C)NC(=O)N[C@H](CCOC)C(=O)[O-]
dude_grik1__L001510,c1cc(ccc1C(=O)N)C(=O)NCC(=O)[O-]
dude_grik1__L001511,c1c(nc(=O)n(n1)[C@@H]2[C@@H]([C@@H]([C@@H](O2)CO)O)O)N
dude_grik1__L001512,c1cnc(nc1)N2CCC[C@@H](C2)NC(=O)CNC(=O)NC3CCCCC3
dude_grik1__L001513,C(CNC(=O)C[C@H]1C(=O)NC(=O)S1)C(=O)[O-]
dude_grik1__L001514,Cc1ccc(cc1NC(=O)C(=O)NC)N2CCCS2(=O)=O
dude_grik1__L001515,Cc1ccc(cc1)C2=NN=C[C@@H]2[C@H]3CC(=O)N[C@@H]4C3=C(NN4CC(=O)[O-])C
dude_grik1__L001516,C1CCN([C@@H](C1)C(=O)[O-])C(=O)NCCCS(=O)(=O)N
dude_grik1__L001517,C1C[C@H](N(C1)C(=O)NCCC(=O)[O-])CO
dude_grik1__L001518,C[C@@H](c1[n-]nnn1)NC(=O)c2cc(c(nc2)NC)Cl
dude_grik1__L001519,Cc1nc(n(n1)C)[C@H]([C@@H](C)O)[NH3+]
dude_grik1__L001520,Cc1cccc(c1C)NC(=O)N2CC[C@H](C2)C(=O)[O-]
dude_grik1__L001521,c1c(cc(cc1Cl)Cl)n2c3c(c(ncn3)[S-])nn2
dude_grik1__L001522,Cn1cc(cc1C(=O)N)S(=O)(=O)N2CCCC[C@H]2CO
dude_grik1__L001523,c1c(cn[nH]1)NC(=O)N[C@H](CC(=O)N)C(=O)[O-]
dude_grik1__L001524,c1cnc(nc1)NC(=O)CSC2=N[C@H]3C(=NC=N3)C(=N2)[NH-]
dude_grik1__L001525,C([C@@H]1[C@H]([C@@H]([C@H]2[C@@H](O1)NC(=S)O2)O)O)O
dude_grik1__L001526,C=CCN1C(=O)C(=Cc2ccc[nH]2)C(=NC1=S)[O-]
dude_grik1__L001527,CC(=C)[C@H]1CN[C@H](C(O)=O)[C@H]1C(O)=O
dude_grik1__L001528,Cc1ccc(cc1)S(=O)(=O)[N-]c2ccc3c(c2)sc(n3)S[C@@H](C)C(=O)Nc4nccs4
dude_grik1__L001529,COc1ncn(c(=O)n1)[C@@H]2C=C([C@H]([C@@H]2O)O)CO
dude_grik1__L001530,C1COCCN1C(=O)N[C@@H](CO)C(=O)[O-]
dude_grik1__L001531,CO[C@H]1C[C@H](N(C1)C(=O)c2ccc(cc2O)O)C(=O)[O-]
dude_grik1__L001532,C[C@H]1CCCN(C1)S(=O)(=O)NCc2nc[nH]n2
dude_grik1__L001533,Cc1c(c2c(s1)ncn(c2=O)CC(=O)NCCN3CCOCC3)S(=O)(=O)N4CCC(CC4)C
dude_grik1__L001534,COCc1nnc(n1N)SCC(=O)[O-]
dude_grik1__L001535,C[C@H]1CCC[C@@H](C1)NC(=O)N[C@@H](CCOC)C(=O)[O-]
dude_grik1__L001536,COC(=O)[C@H](C#N)c1c(nc2ccccc2n1)NCCCc3c(c(n(n3)c4ccc(cc4)F)N)C#N
dude_grik1__L001537,c1c(nc(s1)N2C(=O)C[C@H](C2=O)SCCC(=O)[O-])CC(=O)[O-]
dude_grik1__L001538,C[C@@H]([C@H](C(=O)[O-])NC(=O)Nc1c[nH]nc1)O
dude_grik1__L001539,Cc1ccc(s1)[C@@H]2CC(=Nc3n2ncn3)C(=O)[O-]
dude_grik1__L001540,CNC(=O)C1CCN(CC1)c2ccc(cc2[N+](=O)[O-])S(=O)(=O)NCCC(=O)[O-]
dude_grik1__L001541,Cc1cccc(c1C)NC(=O)NC(=O)COC(=O)C2CCN(CC2)S(=O)(=O)c3cccnc3
dude_grik1__L001542,c1cc(c(c(c1)F)F)NC(=O)N2CCC[C@H](C2)C(=O)NC3CC3
dude_grik1__L001543,CC[C@H](C)[C@H](C(=O)N(CC(=O)[O-])C1CC1)NC(=O)N
dude_grik1__L001544,COc1ccc(cc1)[C@H]2C(=C(C(=O)N2CCOCCO)[O-])C(=O)c3ccc4c(c3)OCCO4
dude_grik1__L001545,CC[C@@H]1CCCC[C@H]1NC(=O)NC(=O)CCC(=O)[O-]
dude_grik1__L001546,c1cnc(nc1)[N-]S(=O)(=O)c2ccc(cc2)NC(=O)c3c4c(n(n3)[C@H]5CCS(=O)(=O)C5)CCCC4
dude_grik1__L001547,Cc1c(c(sn1)[N-]S(=O)(=O)N2CCOCC2)C(=O)[O-]
dude_grik1__L001548,CCn1c2ccc(cc2nc1SCC(=O)Nc3c(nn(c3C)C)C)S(=O)(=O)N4CCOCC4
dude_grik1__L001549,CCC1CCC(CC1)(C(=O)[O-])NC(=O)c2nc([nH]n2)N
dude_grik1__L001550,CC(C)COc1ccc(cc1OC)[C@@H]2C(=C(C(=O)N2CCOCCO)[O-])C(=O)c3ccc4c(c3)OCCO4
dude_grik1__L001551,c1cc2c(cc1Br)CCN2C(=O)[C@H]3CCCN(C3)C(=O)N
dude_grik1__L001552,C1C(=O)N(C(=O)N1)CC(=O)NCC(=O)NCC(=O)[O-]
dude_grik1__L001553,c1c(c(=O)[nH]c(=O)[nH]1)COC[C@H](CO)O
dude_grik1__L001554,c1c(cn(n1)CC(=O)N)NC(=O)c2cn[nH]n2
dude_grik1__L001555,CS(=O)(=O)N1CCN(CC1)C(=O)c2nc([nH]n2)N
dude_grik1__L001556,CCn1cc(cn1)NC(=O)N[C@H]([C@H](C)O)C(=O)[O-]
dude_grik1__L001557,CN(CCO)C(=O)N1CSC[C@H]1C(=O)[O-]
dude_grik1__L001558,[C@H](C(F)(F)F)(N)[P@](=O)(O)[O-]
dude_grik1__L001559,C[C@](C1CC1)(C(=O)[O-])NC(=O)N[C@H]2CCC[C@@H]2OC
dude_grik1__L001560,Cc1ccc(cc1NCc2ccccc2C#N)n3cnnn3
dude_grik1__L001561,Cn1cc(cc1C(=O)N)S(=O)(=O)N2CCOCC2
dude_grik1__L001562,CCOC(=O)CS(=O)(=O)[N-]c1ccc(c(c1)C(F)(F)F)N
dude_grik1__L001563,CC1=C(N=C([C@H]1C(=O)C2=C(C(=O)N([C@H]2c3cccnc3)CCCN4CCOCC4)[O-])C)C(=O)OC
dude_grik1__L001564,C1CCCN(CCC1)C(=O)N[C@@H](CCO)C(=O)[O-]
dude_grik1__L001565,CC1=C(C(=O)C[C@H](N(N1)C)c2ccc(cc2)Cl)C#N
dude_grik1__L001566,CN(C)S(=O)(=O)Nc1ccc(c(c1)C(=O)[O-])N2CCC(CC2)CCN3CCOCC3
dude_grik1__L001567,CC(C)(C)c1c(=O)n(c2nnc(n2n1)[S-])/N=C/c3ccc(cc3)[N+](=O)[O-]
dude_grik1__L001568,c1cc(c(c(c1)F)S(=O)(=O)[N-]c2ccc(cc2)C(=O)[O-])F
dude_grik1__L001569,c1cc(c(cc1C(=O)[O-])[N+](=O)[O-])NCCCC(=O)[O-]
dude_grik1__L001570,c1cc(sc1C2=NO[C@H](C2)C(=O)N3CCO[C@H](C3)C(=O)N)Cl
dude_grik1__L001571,c1cc(ccc1[N-]S(=O)(=O)c2c[nH]nc2)Br
dude_grik1__L001572,c1cc(ccc1CC(=O)N)NS(=O)(=O)CCC(=O)[O-]
dude_grik1__L001573,Cc1cc2c(c(c1)F)N(C(=O)[C@@H]2N)CC(=O)NCC#N
dude_grik1__L001574,Cc1c(sc(c1C(=O)[O-])NC(=O)N2CC[C@H](C2)C)C
dude_grik1__L001575,c1cc2c(cc1S(=O)(=O)[N-]c3ccc(cc3F)Cl)NC(=O)[C@@H](CS2)CC(=O)N4CCCC4
dude_grik1__L001576,CC\1=Nc2c(c(nc(n2)SC)[O-])[C@@H](/C1=C(\[O-])/OC)c3ccccc3[N+](=O)[O-]
dude_grik1__L001577,CCSc1nnc(s1)/N=C(/[C@H]2[C@H]3C=C[C@@H]([C@@H]2C(=O)[O-])O3)\[O-]
dude_grik1__L001578,Cc1c(c([nH]c1C(=O)Nc2[n-]c(c(n2)C#N)C#N)C)C(=O)OC(C)C
dude_grik1__L001579,Cc1ccc(cc1)S(=O)(=O)CNC(=O)[C@@H](c2ccc(cc2)[N+](=O)[O-])N(C(=O)c3cccnc3)C(C)(C)C
dude_grik1__L001580,Cc1c(cc(cc1[N+](=O)[O-])S(=O)(=O)[N-]c2ccc(cc2)c3cn4ccsc4n3)[N+](=O)[O-]
dude_grik1__L001581,C[C@@H]1CCC[C@H](C1)NC(=O)N[C@@](C)(C2CC2)C(=O)[O-]
dude_grik1__L001582,c1c(cc(c(c1N)Br)S(=O)(=O)N2CCOCC2)Cl
dude_grik1__L001583,CC(=O)CSc1[nH]c(=O)c2c(c3c(nc2n1)nc(nc3[O-])SCC(=O)C)c4ccc5c(c4)OCO5
dude_grik1__L001584,N[C@@H](C[C@@H](C/C=C/c2ccc(c1ccccc1)cc2)C(O)=O)C(O)=O
dude_grik1__L001585,C[C@@H](C(=O)NC1(CCCCC1)C(=O)[O-])NC(=O)C(C)(C)C
dude_grik1__L001586,Cc1ccc2c(c1S(=O)(=O)[O-])sc(n2)c3ccc(cc3S(=O)(=O)[O-])N
dude_grik1__L001587,COCCn1cc(cn1)NC(=O)N[C@@H](CO)C(=O)[O-]
dude_grik1__L001588,c1cc(ccc1C(=O)NN)N2C(=O)C=CC2=O
dude_grik1__L001589,c1c(cn(n1)C[S@](=O)CC(=O)NN)Cl
dude_grik1__L001590,C1C[C@@H](CN(C1)C(=O)N)C(=O)N2C[C@H](C[C@@H]2C(=O)[O-])O
dude_grik1__L001591,C1CN(CCC1C(=O)N)[C@H]2CS(=O)(=O)C[C@H]2N
dude_grik1__L001592,c1cncn(c1=O)[C@H]2[C@H]([C@@H]([C@@H](O2)CO)O)O
dude_grik1__L001593,Cc1c(c(n[nH]1)C)NS(=O)(=O)c2cn(c(n2)C)C
dude_grik1__L001594,Cn1cc(cn1)NC(=O)N[C@H](CCO)C(=O)[O-]
dude_grik1__L001595,C[C@@H]([C@@H](C(=O)[O-])NS(=O)(=O)c1cc(cc(c1)Cl)Cl)O
dude_grik1__L001596,CC(C)(C(=O)[O-])NC(=O)N[C@H]1CC[NH+](C1)C
dude_grik1__L001597,CCn1c(c(c(n1)C)CCN(C)c2c(cc(c[nH+]2)[N-]S(=O)(=O)c3cccs3)C(=O)[O-])C
dude_grik1__L001598,Cc1ccc(cc1N)C(=O)N[C@](C)(C2CC2)C(=O)[O-]
dude_grik1__L001599,C[C@@H]([C@H](C(=O)[O-])NC(=O)c1ccccc1N)O
dude_grik1__L001600,Cc1cc(cc(c1)N2C(=O)/C(=C\[C@H]3C=CC=N3)/C(=NC2=S)[O-])C
dude_grik1__L001601,c1c(oc(c(c1=O)[O-])C[NH+]2CCC[C@H](C2)C(=O)[O-])CO
dude_grik1__L001602,c1c[n+](ccc1N)CC([P@](=O)(O)[O-])[P@](=O)(O)[O-]
dude_grik1__L001603,CN(C)c1nc(nc(n1)N)CN2C(=O)[C@@H]3CCCN3C2=O
dude_grik1__L001604,c1ccc(c(c1)NC(=O)CSc2nnc(n2CC(=O)[O-])c3cccs3)N4CCCC4=O
dude_grik1__L001605,CC(C)(C)c1nc2c(c(n1)SCC(=O)NCCc3ccc4c(c3)OCCO4)c(=O)n(c(=O)n2C)C
dude_grik1__L001606,CC(C)S(=O)(=O)[N-]c1ccc(cc1F)C(=O)[O-]
dude_grik1__L001607,Cc1nc(cs1)CN(C)C(=O)N[C@@H]([C@H](C)O)C(=O)[O-]
dude_grik1__L001608,CC(=O)N[C@@H](CC(=O)/N=C/1\NCC(=N1)[O-])c2cccs2
dude_grik1__L001609,[H]/N=C/1\C(=CCS1)c2nc(no2)[C@@H]3CCC[C@H](C3)C
dude_grik1__L001610,C[C@@H]1CCC[C@](C1)(C(=O)[O-])NC(=O)Nc2ccn(n2)C
dude_grik1__L001611,C[C@H]([C@@H](C(=O)[O-])NC(=O)NC1CCC(CC1)O)O
dude_grik1__L001612,COc1ccc(cc1)n2c(c3ccccc3nc2=O)[CH2-]
dude_grik1__L001613,C[C@H](C(=O)N(CC(=O)[O-])C1CC1)NC(=O)N
dude_grik1__L001614,c1cc(ccc1OCCC(=O)[O-])S(=O)(=O)[N-]c2nncs2
dude_grik1__L001615,c1cc(cc(c1)S(=O)(=O)Nc2ccc3c(c2)OCO3)C(=O)NCC(=O)NCc4ccco4
dude_grik1__L001616,CC(=O)Nc1ccc(cc1)C(=O)N2C[C@H](C[C@@H]2C(=O)[O-])O
dude_grik1__L001617,Cc1ccc(o1)c2nc(cs2)/C(=N/S(=O)(=O)N(C)C)/[O-]
dude_grik1__L001618,CCN(CC)S(=O)(=O)c1ccc(c(c1)[N-]S(=O)(=O)c2cccc(c2)S(=O)(=O)N)OCC
dude_grik1__L001619,C([C@H]1[C@H]([C@H]([C@@H]([C@@H](O1)O)NC(=O)CCl)O)O)O
dude_grik1__L001620,COCC1=NN=C2[C@H]1[C@H](C(=C(O2)N)C#N)c3ccncc3
dude_grik1__L001621,C1CC(C1)(C(=O)N2CCSCC2)C(=O)[O-]
dude_grik1__L001622,CO/N=C(\c1cnc(s1)N)/C(=O)N[C@H]2[C@H]3N(C2=O)C(=CCS3)C(=O)[O-]
dude_grik1__L001623,CN(Cc1cc(sc1)Br)S(=O)(=O)c2ccc(nc2)N
dude_grik1__L001624,C[C@@H]1CN(C[C@@H](O1)C)[C@@H]\2c3ccccc3C/C2=N\O
dude_grik1__L001625,c1ccc2c(c1)c(no2)CC(=O)N3CCN(CC3)c4nnc(s4)SCC(=O)NCc5ccco5
dude_grik1__L001626,C[C@@H]1C[C@H]1NC(=O)N2C[C@@H](C[C@@H]2C(=O)[O-])O
dude_grik1__L001627,CC(C)(CC(=O)NC1(CCCCC1)CO)CC(=O)[O-]
dude_grik1__L001628,COCCN(CC(=O)[O-])C(=O)c1cc([nH]c(=O)c1)[O-]
dude_grik1__L001629,Cc1nnnn1c2ccc(c(c2)[N-]S(=O)(=O)c3ccc(cc3)[N+](=O)[O-])F
dude_grik1__L001630,c1cc2c(cc1C(=O)N3C[C@@H](C[C@H]3C(=O)[O-])O)CCCN2
dude_grik1__L001631,CC(C)C(=O)N1CCC[C@H](C1)C(=O)N[C@@H](CCO)C(=O)[O-]
dude_grik1__L001632,CC(=C)C(=O)O[C@@H]1C[C@@]([C@@]2(CC[C@@]([C@@H]([C@@]23C1=C(C(=O)O3)CO)OC(=O)C)(C)O)O)(C)OC(=O)C
dude_grik1__L001633,C[C@H]1[C@@H](O[C@@H]([C@@H]([C@@H]1O)NC(=O)C)OC)CO
dude_grik1__L001634,Cc1c(sc(n1)C)C(=O)C2=C(C(=O)N[C@H]2c3ccc(cc3)O)[O-]
dude_grik1__L001635,Cc1ccc(cc1C)S(=O)(=O)[N-]c2c(nccn2)C(=O)[O-]
dude_grik1__L001636,CC(C)(C)CCNC(=O)NC1(CCCCCC1)C(=O)[O-]
dude_grik1__L001637,C1CC1c2c(c([nH]n2)C(=O)NC3=NCC(=N3)[O-])Br
dude_grik1__L001638,Cc1ccc(cc1)[C@@H]2C(=C3N(C(=O)[C@@H](S3)CC(=O)[O-])C(=C2C(=O)OC)N)C#N
dude_grik1__L001639,C[C@H]([C@@H](c1nc(nn1C)CC(C)C)[NH3+])O
dude_grik1__L001640,Cc1cc([nH]c(=S)n1)c2ccc3c(c2)OCCCO3
dude_grik1__L001641,CC(C)(C(=O)[O-])NC(=O)NC[C@@H]1CCCOC1
dude_grik1__L001642,COc1ccc(c(c1)OC)C[C@@]2(C(=NC(=O)N(C2=O)CC=C)[O-])C[NH+]3C[C@H]4C[C@@H](C3)c5cccc(=O)n5C4
dude_grik1__L001643,C/C(=N\NC(=O)Cn1cnc(n1)[N+](=O)[O-])/c2ccc(cc2O)O
dude_grik1__L001644,C(CO)[C@H](C(=O)[O-])NC(=O)CCOCC(F)(F)F
dude_grik1__L001645,Cc1c(sc(=O)[nH]1)S(=O)(=O)NCCS(=O)(=O)N
dude_grik1__L001646,Cc1c(sc2c1c(ncn2)N3CCC(CC3)C(=O)O[C@H](C)C(=O)Nc4c5c(nc[nH]5)ncn4)C
dude_grik1__L001647,C[C@H](C(=O)OC)N[C@@H]1C(=O)NC(=O)N=N1
dude_grik1__L001648,c1c(=O)[nH]c(=O)n(n1)[C@@H]2C[C@H]([C@@H]([C@@H](O2)CO)O)O
dude_grik1__L001649,c1cc(cc(c1)NC(=S)NC[C@@H]2CCCO2)C(=O)[O-]
dude_grik1__L001650,C[C@@H](c1[n-]nnn1)NC(=O)Nc2ccc(cc2C(=O)[O-])Cl
dude_grik1__L001651,CC(C)CCC(=O)NNC(=O)c1cccnc1[S-]
dude_grik1__L001652,CC(C)(C(=O)[O-])NC(=O)N1CCC[C@@H]1CCCO
dude_grik1__L001653,CCN(CCNS(=O)(=O)[O-])c1ccc(c(c1)C)N
dude_grik1__L001654,c1c([nH]c(=O)[nH]1)C(=O)NC2(CCCCC2)C(=O)[O-]
dude_grik1__L001655,Cc1cc(cnc1Sc2nccc(n2)[O-])N
dude_grik1__L001656,c1cc(cc(c1)N2C(=O)C[C@H](C2=O)Nc3cc(ccc3O)[N+](=O)[O-])C(=O)[O-]
dude_grik1__L001657,c1cc(oc1)/C=C\2/C(=O)N=C(S2)[N-]c3ccc(cc3C(=O)[O-])O
dude_grik1__L001658,Cc1ccc(cc1[N+](=O)[O-])C(=O)N2CC[C@](C2)(C)C(=O)[O-]
dude_grik1__L001659,c1cc2c(cc1Cl)[C@H](CCS2)NC(=O)NC[C@@H]3CCCO3
dude_grik1__L001660,Cn1cc(cn1)S(=O)(=O)[N-]c2cc(c(cc2N)OC)OC
dude_grik1__L001661,Cc1ccc(cc1NC(=S)NC(=O)CCCCl)C(=O)[O-]
dude_grik1__L001662,CCC[C@](C)(C(=O)[O-])NC(=O)N(C)CC(=O)N
dude_grik1__L001663,c1ccc(c(c1)C(=O)Nc2nnc(o2)C3=COCCO3)NS(=O)(=O)c4ccc(cc4)F
dude_grik1__L001664,CC(C)NC(=O)CNC(=O)N1C[C@H](C[C@H]1C(=O)[O-])O
dude_grik1__L001665,CC(C)[C@H](C(=O)N1C[C@H](C[C@H]1C(=O)[O-])O)NC(=O)N
dude_grik1__L001666,C(C(=O)[O-])/N=C(/S)\SCC(=O)[O-]
dude_grik1__L001667,C1[C@H](O[C@H]([C@@H]1O)N2CN=C3C2=NC(=NC3=O)[NH-])CO
dude_grik1__L001668,CCN(CC(=O)NC(=O)OCC)S(=O)(=O)c1cc(ccc1Br)C(=O)[O-]
dude_grik1__L001669,Cc1c(sc(n1)Cl)S(=O)(=O)[N-]c2ccc(cc2)CC(=O)N
dude_grik1__L001670,c1c(c(=O)[nH]c(n1)[O-])S(=O)(=O)N[C@@H]2CCCC[C@H]2N3C(=O)CSC3=O
dude_grik1__L001671,CN(C)S(=O)(=O)c1ccc(cc1)C(=O)NCc2nnc(o2)SCC(=O)N3CCCCCC3
dude_grik1__L001672,C[C@H](CC[C@H]1CC=CO1)NC(=O)c2ccc3c(c2)nc(=S)[nH]c3[O-]
dude_grik1__L001673,c1cc(cc(c1)S(=O)(=O)[O-])NN
dude_grik1__L001674,Cc1cc(cc(c1)S(=O)(=O)[N-]c2cnccn2)N
dude_grik1__L001675,C[C@@H]1[C@H](C[C@@H](O1)n2ccc(nc2=O)N)O
dude_grik1__L001676,C[C@H]1CCC[C@@](C1)(C(=O)[O-])NC(=O)c2cccc(c2)O
dude_grik1__L001677,CC(C)[C@H](C(=O)N[C@]1(CCSC1)C(=O)[O-])NC(=O)C
dude_grik1__L001678,c1nnnn1CNc2c(non2)CC(=O)[O-]
dude_grik1__L001679,C[C@H]1C[C@@H]1c2ccc(o2)CCC(=O)N[C@@H]([C@@H](C)O)C(=O)[O-]
dude_grik1__L001680,CC(=O)Nc1ccc(s1)C(=O)NC2(CCCC2)C(=O)[O-]
dude_grik1__L001681,CC(=O)NCCC(=O)N1C[C@@H](C[C@@H]1C(=O)[O-])O
dude_grik1__L001682,c1[nH]c(=O)c2c(n1)n(c(=S)[nH]2)[C@@H]3[C@H]([C@H]([C@@H](O3)CO)O)O
dude_grik1__L001683,CCc1ccc2c(c1)c(c([nH]2)[O-])C3=NC(=S)N=C3[O-]
dude_grik1__L001684,Cc1nc(on1)CNc2c3ccccc3nc(n2)Cl
dude_grik1__L001685,C=C1[C@H](C[C@@H]2[C@@H]1[C@@H](OC=C2C(=O)[O-])O[C@@H]3[C@@H]([C@@H]([C@@H]([C@@H](O3)CO)O)O)OC(=O)/C=C\c4ccc(cc4)O)O
dude_grik1__L001686,Cc1c(c(n[nH]1)C)CC(=O)NC2(CCCCC2)C(=O)[O-]
dude_grik1__L001687,CSCC[C@H](C(=O)[O-])NC(=O)NCC(=O)N1CCCC1
dude_grik1__L001688,c1cc(cc(c1)S(=O)(=O)[N-]c2nc(cs2)c3ccc(cc3)[N+](=O)[O-])[N+](=O)[O-]
dude_grik1__L001689,Cc1o[nH]c(=O)c1CC(N)C(O)=O
dude_grik1__L001690,c1cc(ccc1/N=C/c2cc(cc(c2[O-])[N+](=O)[O-])[N+](=O)[O-])N3CCOCC3
dude_grik1__L001691,C[C@@](C1CC1)(C(=O)[O-])NC(=O)NCCN2CCOCC2
dude_grik1__L001692,C1[C@@H](C=CS1(=O)=O)NCC(=O)[O-]
dude_grik1__L001693,c1cc2c(cc1NC(=O)CNC(=O)N[C@H](CC(=O)N3CCCC3)C(=O)[O-])OCCCO2
dude_grik1__L001694,Cc1ccc(cc1NC(=O)C)NC(=O)c2cc3cccc(c3[n-]2)[N+](=O)[O-]
dude_grik1__L001695,c1c(c(n[nH]1)S(=O)(=O)N[C@H]2CCCNC2=O)C(=O)[O-]
dude_grik1__L001696,Cn1cc(cn1)CN(C)C(=O)c2nc([nH]n2)N
dude_grik1__L001697,CCOc1ccc(cc1CO)NC(=O)[C@H]2[C@H]3C[C@@H]([C@@H]2C(=O)[O-])C=C3
dude_grik1__L001698,c1cn(c(=O)[nH]c1=O)[C@@H]2C([C@H]([C@H](O2)CO)O)(F)F
dude_grik1__L001699,c1cscc1CC(=O)N2C[C@@H]3C[C@@H]3[C@@H]2C(=O)[O-]
dude_grik1__L001700,CC(C)[C@H](C(=O)[O-])NC(=O)Cc1csc(n1)N
dude_grik1__L001701,N[C@@H](C[C@@H](C/C=C/c1ccc(Cl)cc1)C(O)=O)C(O)=O
dude_grik1__L001702,C[C@@H](C(=O)NC)NC(=O)NC1(CCCC1)C(=O)[O-]
dude_grik1__L001703,c1cc(ccc1c2cnnn2CCC(=O)[O-])N
dude_grik1__L001704,c1cc(ccc1c2nnnn2C[C@H]3COCCO3)N
dude_grik1__L001705,CC(C)OCc1ccc(cc1Cc2c([nH]c(=S)[nH]c2=O)[O-])C(=O)C
dude_grik1__L001706,CS(=O)(=O)CCCNC(=O)N1C[C@H](C[C@H]1C(=O)[O-])O
dude_grik1__L001707,Cc1cc(c(o1)C)C(=O)N2CCN(CC2)C(=O)c3cc4cccc(c4[n-]3)[N+](=O)[O-]
dude_grik1__L001708,CO[C@H]1C[C@H](N(C1)C(=O)NCC(=O)NC2CC2)C(=O)[O-]
dude_grik1__L001709,CC(C)n1cc(cc1C(=O)[O-])S(=O)(=O)N(CC#N)CC#N
dude_grik1__L001710,C1COC(=O)[C@@H]1NC(=O)NC(=O)/C=C/C(=O)[O-]
dude_grik1__L001711,C1C[C@@H](OC1)C(=O)N2C[C@H](C[C@H]2C(=O)[O-])O
dude_grik1__L001712,c1cc(sc1C(=O)N[C@H](CCO)C(=O)[O-])NC(=O)C2CC2
dude_grik1__L001713,Cc1cnc(s1)[N-]S(=O)(=O)c2cccc(c2)N
dude_grik1__L001714,C1CC1c2nnc(o2)/N=C(/CN3CCO[C@@H](C3)C(=O)[O-])\[O-]
dude_grik1__L001715,Cc1cc(nc(n1)NNC(=O)[C@H]2CCN(C(=O)C2)C)C
dude_grik1__L001716,C[C@H](CC(=O)[O-])NC(=O)N(C)CC(=O)N
dude_grik1__L001717,CCCc1nnc(n1CC(=O)[O-])SCC(=O)NNC(=O)C[C@H]2CCS(=O)(=O)C2
dude_grik1__L001718,c1c(c(n[nH]1)C(=O)N(CCO)[C@@H]2CCS(=O)(=O)C2)N
dude_grik1__L001719,CC(C)C[C@@H](C(=O)N1C[C@H](C[C@@H]1C(=O)[O-])O)NS(=O)(=O)C
dude_grik1__L001720,Cc1cc(c2c(c1)occ(c2=O)c3c(sc(n3)C)C)O
dude_grik1__L001721,c1ccc(cc1)C(=O)C2=C(C(=O)N([C@@H]2c3cccc(c3)O)CCO)[O-]
dude_grik1__L001722,c1cc2c(cc1/C=N/n3c(=O)[nH][nH]c3=O)OCO2
dude_grik1__L001723,CC(C)(C(=O)[O-])Nc1ccc(cc1[N+](=O)[O-])S(=O)(=O)N
dude_grik1__L001724,C[C@@H]1CCCC[C@]12C(=O)N(C(=O)N2)CC(=O)NNC(=O)c3ccc(cc3)Cl
dude_grik1__L001725,c1cc(ccc1[N+](=O)[O-])S(=O)(=O)N[C@H](CO)C(=O)[O-]
dude_grik1__L001726,CCS[C@@H](C(C)C)/C(=C(/C#N)\C(=O)Nc1ccc(cc1)NC(=O)C)/[O-]
dude_grik1__L001727,C[C@@H]([C@H]1CCCO1)NC(=O)c2cc(ccc2O)[N-]S(=O)(=O)C
dude_grik1__L001728,c1cc(c(cc1O)O)/N=N/c2cc(cc(c2O)S(=O)(=O)[O-])Cl
dude_grik1__L001729,c1nc2n(n1)[C@@H](C(=C(N2)[O-])C(=O)CCl)N
dude_grik1__L001730,c1cc(ccc1C(=O)N)C(=O)N2C[C@@H](C[C@H]2C(=O)[O-])O
dude_grik1__L001731,CC1(C(=[N+]([C@H](N1O)c2ccccc2[O-])[O-])c3ccccc3)C
dude_grik1__L001732,O=N(=O)c2cc1[nH]c(=O)c(=O)[nH]c1cc2C#N
dude_grik1__L001733,C1CC[C@@H]([C@@H](C1)C(=O)NCC(=O)[O-])C(=O)NC2CC2
dude_grik1__L001734,Cc1c(nc(o1)c2cccc(c2)N)C(=O)N(Cc3ccccn3)CC(=O)[O-]
dude_grik1__L001735,Cc1csc(n1)NC(=O)CSC2=C(C3=NC(=O)C=C([C@H]3S2)[O-])C(=O)N
dude_grik1__L001736,c1cc(sc1)C2=C[C@H](N=N2)C(=O)[O-]
dude_grik1__L001737,C[C@H](CN1CCOCC1)NC(=O)N[C@](C)(C2CC2)C(=O)[O-]
dude_grik1__L001738,c1cc(ccc1N)S(=O)(=O)CCOS(=O)(=O)[O-]
dude_grik1__L001739,CC(C)C[C@H](C(=O)[O-])NC(=O)NC[C@H]1CCC=CC1
dude_grik1__L001740,CS(=O)(=O)[C@H]1NN[C@H](O1)CCNS(=O)(=O)c2ccc3c(c2)oc(n3)[O-]
dude_grik1__L001741,CCOc1ccc(cc1OCC)CC(=O)Nc2ccc(cc2)S(=O)(=O)[N-]c3cc(on3)C
dude_grik1__L001742,COCCN1C[C@@H](CC1=O)/C(=N/S(=O)(=O)c2ccc(c(c2)C#N)F)/[O-]
dude_grik1__L001743,C[C@@H](c1[n-]nnn1)NC(=O)[C@@H](C)NC(=O)N
dude_grik1__L001744,C[C@@H]([C@@H](C(=O)[O-])NC(=O)c1c[nH]c(=O)cn1)O
dude_grik1__L001745,C[C@@H](C(=O)Nc1ccc(cc1)NC(=O)C)n2cncn2
dude_grik1__L001746,c1c(c(cc2c1OCCO2)[N+](=O)[O-])N3CC[C@@H](C3)C(=O)[O-]
dude_grik1__L001747,Cc1ccc(cc1)S(=O)(=O)O[C@H]2[C@@H]([C@H](O[C@@H]2n3c(=O)[nH]c(=O)cn3)CO)O
dude_grik1__L001748,CCc1ccc(o1)[C@@H]2CC(=O)Nc3c2c(ns3)C
dude_grik1__L001749,C[C@@H]1CCC[C@](C1)(CO)NS(=O)(=O)CCC(=O)[O-]
dude_grik1__L001750,CC(C)(C(=O)[O-])NC(=O)NC[C@H]1CCCO1
dude_grik1__L001751,c1cc(c(cc1[N+](=O)[O-])S(=O)(=O)N2CCC(CC2)C(=O)[O-])NCCC#N
dude_grik1__L001752,Cn1cc(cc1C(=O)N)S(=O)(=O)N(C)CC(=O)N
dude_grik1__L001753,C1[C@@H]2[C@H]([C@H]([C@@H](O2)N3CN=C4C3=NC(=NC4=O)[NH-])O)O[P@](=O)(O1)[O-]
dude_grik1__L001754,c1cc(cc(c1)[N+](=O)[O-])C(=O)NNC(=O)[C@@H]2[C@H]3C[C@@H]([C@@H]2C(=O)[O-])C=C3
dude_grik1__L001755,c1cc(ncc1C(=O)N2CC[C@H](C2)O)NN
dude_grik1__L001756,CN1C(=O)c2ccc(cc2C1=O)N[C@@H]3CS(=O)(=O)C[C@@H]3O
dude_grik1__L001757,CC(C)(C(=O)N1CCC[C@H]1C(=O)[O-])Oc2ccc3c(c2)OCO3
dude_grik1__L001758,CC(=O)N[C@H](CC(=O)Nc1[n-]c(c(n1)C#N)C#N)c2c(cccc2F)F
dude_grik1__L001759,C1C[C@H](CC=C1)CNC(=O)N[C@@H](CCO)C(=O)[O-]
dude_grik1__L001760,C1CNC(=O)[C@H]([C@H]1O[C@@H]2[C@@H]([C@@H]([C@@H](CO2)O)O)O)O
dude_grik1__L001761,COC(=O)c1cc2ccc(c(c2c(=O)c(c1)[O-])O)O
dude_grik1__L001762,CC(=O)[C@]1(CC[C@H]2[C@@]1(CC[C@@H]3[C@H]2CCC4=C/C(=N/OCC(=O)NCC(=O)[O-])/CC[C@@]34C)C)O
dude_grik1__L001763,CC(C)[C@@](C)(CC(=O)NCC(=O)N1CCNCC1)C(=O)[O-]
dude_grik1__L001764,CC(C)(C(=O)[O-])NC(=O)NC[C@@H]1COCCO1
dude_grik1__L001765,c1cc(cnc1)CN(Cc2ccco2)[C@H](c3cc4cc5c(cc4[nH]c3=O)OCO5)c6nnnn6C7CCCC7
dude_grik1__L001766,C[C@](C1CC1)(C(=O)[O-])NC(=O)Cn2c(=O)ccc(n2)[O-]
dude_grik1__L001767,Cc1c(c(nc(n1)[O-])SC)C(=O)N(CCC(=O)[O-])C2CC2
dude_grik1__L001768,c1cc(c(cc1S(=O)(=O)N)Br)[N-]S(=O)(=O)N2CCCC2
dude_grik1__L001769,Cc1ccc(cc1)NC(=O)N2CCN([C@@H](C2)C(=O)NC[C@@H]3CCCO3)S(=O)(=O)c4ccc(cc4)C#N
dude_grik1__L001770,c1cc(nnc1N2[C@@H](C(=CN2)C(=O)NCCc3nnc4n3CCC4)C(F)(F)F)[O-]
dude_grik1__L001771,c1cn2c(nc1=[NH2+])O[C@@H]3[C@H]2O[C@H]([C@@H]3OP(=O)([O-])[O-])CO
dude_grik1__L001772,Cc1nnc(s1)/N=C(/C(=O)NCCCC(=O)N)\[O-]
dude_grik1__L001773,CC(C)(C(=O)[O-])NC(=O)CC[C@@H]1CCCO1
dude_grik1__L001774,C[C@H]1C[C@@H](CN(C1)S(=O)(=O)NCCNc2ccc(cc2[N+](=O)[O-])S(=O)(=O)C)C
dude_grik1__L001775,[H]/[S+]=c/1\nc(c(c(n1C)[O-])C2=[NH+]c3ccccc3S[C@H]([C@@H-]2)c4ccc(c(c4)OC)OC)[O-]
dude_grik1__L001776,c1csc(c1C(=O)NC2CCCC2)NC(=O)[C@@H]3[C@H]4CC[C@@H]([C@@H]3C(=O)[O-])O4
dude_grik1__L001777,C1C[C@@H](CC=C1)C(=O)NCC(=O)NCC(=O)[O-]
dude_grik1__L001778,c1[n-]c2c(=[NH2+])ncn(c2n1)C[C@H](CN3CCOCC3)O
dude_grik1__L001779,C[C@]1(C(=O)N(C(=O)N1)NC(=O)c2ccc(c(c2)S(=O)(=O)NC3CC3)OC)CCc4ccccc4
dude_grik1__L001780,c1ccc2c(c1)c(c[nH]2)C(=O)N[C@]3(CCSC3)C(=O)[O-]
dude_grik1__L001781,CS(=O)(=O)[N-]c1ccccc1NC(=O)c2cc3cccc(c3[n-]2)[N+](=O)[O-]
dude_grik1__L001782,C[C@@H](c1cccc(c1)[N-]S(=O)(=O)C)NC(=O)NCCO
dude_grik1__L001783,c1c(cc(cc1Cl)Cl)N/C(=C(\C#N)/C(=O)CNC(=O)C2CC2)/[O-]
dude_grik1__L001784,Cc1cc(c2c(noc2n1)C)C(=O)Nc3ccc(cc3)NS(=O)(=O)c4ccc5c(c4)OCCCO5
dude_grik1__L001785,c1nc2c(n1[C@H]3[C@@H]([C@@H]([C@@H](O3)CO)O)O)N=CN[C@@H]2O
dude_grik1__L001786,C1CS(=O)(=O)CCC1NC(=O)N2CCO[C@H](C2)C(=O)[O-]
dude_grik1__L001787,N[C@@H](C[C@@H](C/C=C/c2ccc1ccccc1c2)C(O)=O)C(O)=O
dude_grik1__L001788,C[C@@H]1CCC[C@@H](C1)c2nc(on2)C3(CC[NH2+]CC3)C
dude_grik1__L001789,C[C@H]([C@@H](C(=O)[O-])NS(=O)(=O)c1cc(cnc1)F)O
dude_grik1__L001790,c1cc(cc(c1)c2nc(cs2)CC(=O)N[C@@H](CO)C(=O)[O-])CN3CCOCC3
dude_grik1__L001791,C1CCC(C1)N([C@@H]2CCS(=O)(=O)C2)C(=O)CNC(=O)N[C@@H](CC(=O)N3CCCC3)C(=O)[O-]
dude_grik1__L001792,C[C@@]1(c2c(c3ccccc3[nH]2)C[C@H]([NH2+]1)C(=O)[O-])C(=O)[O-]
dude_grik1__L001793,c1cc(nnc1C(=O)NC2CCC(CC2)O)[O-]
dude_grik1__L001794,c1cc(cc(c1)O)C(=O)N[C@@]2(CCSC2)C(=O)[O-]
dude_grik1__L001795,C[C@@]1([C@@H](O[C@@H]([C@]([C@]1(C)O)(C)O)O)CO)O
dude_grik1__L001796,[C@H]1(C(=NN=N1)Br)C(=O)NN
dude_grik1__L001797,C[C@@H]([C@H](C(=O)[O-])NC(=O)Nc1ccc(cc1)C(=O)C)O
dude_grik1__L001798,C1CN(CCNC1=O)C(=O)N2C[C@@H](C[C@H]2C(=O)[O-])O
dude_grik1__L001799,Cc1ccc2c(c1)sc(n2)N3[C@@H](C(=C(C3=O)[O-])C(=O)c4ccc(cc4)OC)c5ccc(c(c5)OC)O
dude_grik1__L001800,Cc1nc(cs1)/C=C/C(=O)N[C@H](CC(=O)N)C(=O)[O-]
dude_grik1__L001801,Cc1c(c(n[nH]1)C)C(=O)N2CCC[C@@H](C2)NS(=O)(=O)C
dude_grik1__L001802,CC(C)(C)c1ccc(cc1)[C@@H]2C(=C(C(=O)N2CCOCCO)[O-])C(=O)c3cccc(c3)[N+](=O)[O-]
dude_grik1__L001803,CC[C@@H](C(=O)[O-])NC(=O)c1cc(sc1NC(=O)C(F)(F)F)C
dude_grik1__L001804,Cc1cc(ccc1F)C(=O)NCC(=O)NCC(=O)[O-]
dude_grik1__L001805,CCCNC(=O)CNC(=O)CC1(CCCC1)C(=O)[O-]
dude_grik1__L001806,CCN1CCN(C(=O)C1=O)CC(=O)NNC(=O)NC2CCCC2
dude_grik1__L001807,c1c2c(cc3c1OCCO3)nc([nH]2)CC(F)(F)F
dude_grik1__L001808,Cn1c2c(cn1)[C@@H](CC(=O)N2)c3c[nH]nc3c4ccc(cc4)OC
dude_grik1__L001809,c1cc2c(cc1NC(=O)c3nnc(s3)C(=O)N4CCC(CC4)C(=O)Nc5ccc(c(c5)F)F)OCO2
dude_grik1__L001810,c1cn(nc1C(F)(F)F)CC(=O)N[C@@H](CO)C(=O)[O-]
dude_grik1__L001811,c1cc(c(cc1Cl)Cl)[N-]S(=O)(=O)N2CCC[C@@H](C2)C(=O)[O-]
dude_grik1__L001812,CSCC[C@H](C(=O)[O-])NC(=O)Nc1nc(cs1)C2CC2
dude_grik1__L001813,C1CCCN(CCC1)C(=O)[C@@H]2CCCN2C3CC[NH2+]CC3
dude_grik1__L001814,c1cc(cc(c1)NS(=O)(=O)c2ccc(c(c2)[N+](=O)[O-])SC(=S)N3CCCC3)C(=O)[O-]
dude_grik1__L001815,COc1cc(ccc1O)[C@@H]2C(=C(C(=O)N2CCCN3CCOCC3)[O-])C(=O)c4ccco4
dude_grik1__L001816,c1[nH]c(=O)c2c(n1)n(cn2)[C@H]3[C@@H]([C@@H]([C@H](O3)COP(=O)([O-])[O-])O)O
dude_grik1__L001817,Cn1cc(cc1C(=O)N)S(=O)(=O)N2CC[C@H](C2)O
dude_grik1__L001818,C[C@@]12[C@@H](CC(=O)C=C1C(=C(N2c3ccc(c(c3)Cl)Cl)N)C#N)SCCS(=O)(=O)[O-]
dude_grik1__L001819,CCn1cc(cn1)NC(=O)N2C[C@H](C[C@H]2C(=O)[O-])O
dude_grik1__L001820,c1cc(ccc1[C@@H]2C(=C(C(=O)N2CCO)[O-])C(=O)c3ccc(cc3)S(=O)(=O)N4CCCC4)Cl
dude_grik1__L001821,CCc1ccc(cc1S(=O)(=O)N)[N-]S(=O)(=O)c2ccc(c(c2)[N+](=O)[O-])C
dude_grik1__L001822,c1cc(ccc1NCS(=O)(=O)[O-])S(=O)(=O)N
dude_grik1__L001823,[H]/N=C(/N1C(=O)C[C@H](C1=O)NCC(=O)N)\[O-]
dude_grik1__L001824,c1cc(cc(c1)[N+](=O)[O-])c2c(n[n-]n2)[N+](=O)[O-]
dude_grik1__L001825,c1cc(=O)n(nc1[O-])CCNc2ncc(c(n2)N3CCOCC3)F
dude_grik1__L001826,Cc1ccc(c(c1)[N+](=O)[O-])S(=O)(=O)[N-]c2ccc(c(c2)C(=O)N)C
dude_grik1__L001827,C1CCN([C@H](C1)C(=O)[O-])C(=O)NCCCS(=O)(=O)N
dude_grik1__L001828,c1cc(c(cc1[N+](=O)[O-])CO)O[C@H]2CS(=O)(=O)C[C@H]2O
dude_grik1__L001829,CCCOc1ccc(cc1OCC)[C@H]2C(=C(C(=O)N2CCOCCO)[O-])C(=O)c3ccc4c(c3)C[C@H](O4)C
dude_grik1__L001830,Cn1cc(cn1)CNS(=O)(=O)c2ccc(cc2C#N)N
dude_grik1__L001831,c1cc2c(cc1N)OCC(=O)N2CCO
dude_grik1__L001832,C1COCCN1S(=O)(=O)c2nnc(s2)N
dude_grik1__L001833,C1C[C@H](CN(C1)C(=O)N)C(=O)N[C@H](CO)C(=O)[O-]
dude_grik1__L001834,CC(=O)NCC1CCN(CC1)S(=O)(=O)c2c[nH]nc2
dude_grik1__L001835,CC1=C([C@@H](N2C(=CSC2=N1)/C=C(/NC[C@@H]3CCCO3)\[O-])c4cc(cc(c4)OC)OC)C(=O)OC(C)C
dude_grik1__L001836,C[C@@H]1C(=C2C(=NC(=NC2=O)[N-]/N=C(/CC(=O)OC)\C(=O)OC)S1)C
dude_grik1__L001837,CC(=O)N[C@H]1[C@H]([C@H]2[C@@H](CO[C@@H](O2)c3ccccc3)O[C@H]1OC)O
dude_grik1__L001838,C[C@@H](C(=O)NCCNC(=O)c1ccc(cc1)NC(=O)C)n2c(=O)ccc(n2)c3ccc4c(c3)OCO4
dude_grik1__L001839,c1cc(c(=O)[nH]c1)C(=O)N2C[C@@H](C[C@H]2C(=O)[O-])O
dude_grik1__L001840,Cc1ccccc1[C@H](C)NC(=O)N2C[C@H](C[C@H]2C(=O)[O-])O
dude_grik1__L001841,C[C@H]([C@@H](C(=O)[O-])NC(=O)c1csc(n1)N)O
dude_grik1__L001842,CCC1(CCN(CC1)C(=O)c2cc(sc2)[N+](=O)[O-])C(=O)[O-]
dude_grik1__L001843,CCOc1c(cccn1)[N-]S(=O)(=O)c2cccc(c2)n3cnnn3
dude_grik1__L001844,C[C@@H]1CCC[C@H](C1(C(=O)[O-])NC(=O)NCC(=O)N)C
dude_grik1__L001845,C[C@@H](/C(=N/C1=NC=NC2=NC=N[C@@H]21)/[O-])Cl
dude_grik1__L001846,c1cc(c(nc1)n2cncn2)CNC(=O)c3cnns3
dude_grik1__L001847,c1cc(cc(c1)O)/C=C\2/C(=O)N=C(S2)[N-]c3cccc(c3)C(=O)[O-]
dude_grik1__L001848,c1cc(ccc1CS(=O)(=O)N)[N-]S(=O)(=O)c2cc(cc(c2)F)F
dude_grik1__L001849,c1cn(nc1C(=O)[O-])CC(=O)NCC(=O)N
dude_grik1__L001850,CCOc1cccc(c1)[C@@H]2C(=C(C(=O)N2CCO)[O-])C(=O)c3cccc(c3)OCc4ccc(cc4)Cl
dude_grik1__L001851,CN(CC(=O)N)C(=O)N(CC(=O)[O-])C1CC1
dude_grik1__L001852,CC1(CC(=C(C(=O)C1)/C=N/Cc2[nH]c3ccccc3n2)[O-])C
dude_grik1__L001853,c1cc(c(=O)[nH]c1)C(=O)N2C[C@@H](C[C@@H]2C(=O)[O-])O
dude_grik1__L001854,C[C@@H](c1[n-]nnn1)NC(=O)C2=NNC(=O)CC2
dude_grik1__L001855,Cn1c2c(cn1)c(=[NH2+])n(cn2)N
dude_grik1__L001856,c1cc(cc(c1)S(=O)(=O)Nc2[n-]cnn2)[N+](=O)[O-]
dude_grik1__L001857,c1cc(cc(c1)[N-]S(=O)(=O)c2cc([nH]c2)C(=O)N3CCCC3)C(=O)N4CCC[C@H](C4)O
dude_grik1__L001858,Cc1cc(n(n1)c2nnc(n2N)SCC(=O)NC3CCCCCC3)C
dude_grik1__L001859,c1cnc(cn1)C(=O)NNC(=S)N2CCOCC2
dude_grik1__L001860,Cc1cc(cc(c1)S(=O)(=O)N[C@@H]2CCS(=O)(=O)C2)N
dude_grik1__L001861,CCN(CC(=O)Nc1ccc(cc1)NC(=O)C)C(=O)[C@@H]2CC(=O)N(C2)c3ccc4c(c3)OCCO4
dude_grik1__L001862,CCOc1cccc(c1)[C@H]2C(=C(C(=O)N2CCCN3CCOCC3)[O-])C(=O)c4ccc5c(c4)OCO5
dude_grik1__L001863,Cc1cc(c(n1c2cc(cc(c2)C(=O)[O-])C(=O)[O-])C)/C=N/c3ccco3
dude_grik1__L001864,C[C@](C1CC1)(C(=O)[O-])NC(=O)c2ccc(c(c2)F)N
dude_grik1__L001865,C[C@@]1(CCN(C1)c2c(ncn2C)[N+](=O)[O-])C(=O)[O-]
dude_grik1__L001866,c1ccc(c(c1)N)OCC(=O)N[C@@H]2CCS(=O)(=O)C2
dude_grik1__L001867,CSc1c2c([nH]n1)ncnc2N[C@H]3CCS(=O)(=O)C3
dude_grik1__L001868,CCc1nc([nH]n1)SCC(=O)NC(=O)N[C@H]2CCS(=O)(=O)C2
dude_grik1__L001869,Cn1c(c2c3c(c1=O)cccc3C(=O)C(=C2[O-])c4ccccc4)[O-]
dude_grik1__L001870,C([C@@H]1[C@H]([C@H]([C@H]([C@@](O1)(CF)O)O)O)O)O
dude_grik1__L001871,C#Cc1cccc(c1)NC(=O)N2CCC(CC2)NC(=O)c3ccsc3
dude_grik1__L001872,C[C@@H]1CCc2c(sc(c2C#N)NC(=O)/C=C(\C)/C(=O)[O-])C1
dude_grik1__L001873,Cc1cc(ccc1N2C[C@H](C[C@@H]2C(=O)[O-])OC)[N+](=O)[O-]
dude_grik1__L001874,CC1=C(C[C@H](O1)/C(=N/c2[nH]ncn2)/[O-])S(=O)(=O)N3CCCC3
dude_grik1__L001875,c1cc(c(cc1C(=O)[O-])S(=O)(=O)[N-]c2ccc(cn2)[N+](=O)[O-])Cl
dude_grik1__L001876,C[C@@H]([C@H](C(=O)[O-])NC(=O)c1ccc(nc1)n2cncn2)O
dude_grik1__L001877,C[C@@H]1CCCCN1C(=O)Cn2c(c(nn2)C(=O)[O-])C3CC3
dude_grik1__L001878,CC(C)C(=O)N1CCC[C@H](C1)C(=O)N[C@H](CO)C(=O)[O-]
dude_grik1__L001879,Cc1ccc(c(c1)NC(=O)NC(=O)CCCC(=O)[O-])F
dude_grik1__L001880,C[C@@H](CC(=O)[O-])NC(=O)N[C@H](C)c1cccc(c1)F
dude_grik1__L001881,CC(C)N(CCCO)C(=O)Nc1ccc(c(c1)Cl)C(=O)[O-]
dude_grik1__L001882,CCOc1cc(ccc1O)/C=N/n2c(nnc2[S-])c3cc(n[nH]3)C
dude_grik1__L001883,CCCOc1ccc(cc1)[C@H]2C(=C(C(=O)N2CCN3CCOCC3)[O-])C(=O)c4c(c([nH]c4C)C(=O)OC)C
dude_grik1__L001884,CC(C)(C)C(=O)NCCC(=O)N[C@@]1(CCSC1)C(=O)[O-]
dude_grik1__L001885,COCCCNC(=O)N1C[C@H](C[C@H]1C(=O)[O-])O
dude_grik1__L001886,Cc1nc(cs1)c2cc([nH]c2)C(=O)N[C@@H](C)C(=O)[O-]
dude_grik1__L001887,Cc1c(cn[nH]1)S(=O)(=O)NC2(CCCC2)C(=O)[O-]
dude_grik1__L001888,CSCC[C@H](C(=O)[O-])NC(=O)N(CC(=O)N)C1CCCC1
dude_grik1__L001889,CC(C)c1nnc(s1)/N=C(/C(=O)NCCNC(=O)C)\[O-]
dude_grik1__L001890,CS(=O)(=O)N1CCC(CC1)C(=O)NCCS(=O)(=O)[N-]c2ccccc2
dude_grik1__L001891,CO[C@@H]1CCC[C@H]1NC(=O)N[C@H](c2ccccc2)C(=O)[O-]
dude_grik1__L001892,C[C@H](Cc1ccsc1)NC(=O)NCC(=O)NCC(=O)[O-]
dude_grik1__L001893,C[C@@H]1CN(CCO1)C(=O)C(=O)NCC(=S)N
dude_grik1__L001894,COC(=O)CS(=O)(=O)[N-]c1ccc(cc1Br)N
dude_grik1__L001895,c1cc(cc(c1)O)CC(=O)N[C@]2(CCSC2)C(=O)[O-]
dude_grik1__L001896,Cc1c(c(n[nH]1)C)[C@@H](C(=O)[O-])NC(=O)C2(CC2)c3ccccc3F
dude_grik1__L001897,c1cc(ccc1CCNS(=O)(=O)c2cc(ccc2F)C(=O)[O-])O
dude_grik1__L001898,C[C@@H](C(=O)[O-])NS(=O)(=O)c1ccc(c(c1)[N+](=O)[O-])[O-]
dude_grik1__L001899,CCCc1cc(nc(n1)SC/C(=N/c2nnnn2N=C(C)C)/[O-])[O-]
dude_grik1__L001900,CC(=O)Nc1ccc(cc1)N/C(=C(\C#N)/C(=O)c2ccc(cc2)CSC)/[O-]
dude_grik1__L001901,CO[C@@H]1[C@H]([C@@H]([C@@H]([C@@H](O1)CO)OS(=O)(=O)C)O)O
dude_grik1__L001902,c1cc(c(cc1C(=O)[O-])N)[N-]S(=O)(=O)C[C@H]2CCCO2
dude_grik1__L001903,C[C@@H]1CCC[C@@](C1)(C(=O)[O-])NC(=O)CCNC(=O)C
dude_grik1__L001904,c1cc2c(cc1S(=O)(=O)N(CC(=O)[O-])[C@H]3CCS(=O)(=O)C3)oc(n2)[O-]
dude_grik1__L001905,C[C@](C1CC1)(C(=O)[O-])NC(=O)NCCc2ccccc2F
dude_grik1__L001906,C/C(=N\Nc1nc2ccccc2c(=O)n1C)/c3ccc(cc3)S(=O)(=O)N4CCCC[C@H]4C(=O)[O-]
dude_grik1__L001907,CCN(CC)S(=O)(=O)c1cccc(c1)c2nnc(n2N)SCC(=O)N3CCC(CC3)C(=O)[O-]
dude_grik1__L001908,c1cc(c(cc1C#CCO)F)Cn2c(=O)ccc(n2)[O-]
dude_grik1__L001909,c1c(cc(c2c1OCO2)Cl)C(=O)N[C@H](CO)C(=O)[O-]
dude_grik1__L001910,Cc1ccnc(n1)[N-]S(=O)(=O)c2ccc(cc2)Nc3c4c(c(sc4ncn3)C(=O)OC)C
dude_grik1__L001911,C[C@@H]1CCC[C@@](C1)(C(=O)[O-])NC(=O)N(C)CC(=O)N
dude_grik1__L001912,C[C@@]1(OC[C@H]2[C@@H](O1)[C@@H]([C@@H]([C@@H](O2)O)O)O)C(=O)[O-]
dude_grik1__L001913,C[C@H](C(=O)N)NC(=O)N1C[C@H](C[C@@H]1C(=O)[O-])O
dude_grik1__L001914,Cc1ccc(cc1N)C(=O)N2CCCC[C@@H]2C(=O)[O-]
dude_grik1__L001915,c1cc2c(cc1S(=O)(=O)N[C@@H]3CCCCNC3=O)OCCO2
dude_grik1__L001916,c1c(c[nH]c1C(=O)N2CCO[C@@H]3[C@@H]2CCCC3)Br
dude_grik1__L001917,Cc1c(sc(=O)[nH]1)S(=O)(=O)NCc2nc(no2)C
dude_grik1__L001918,C[C@@H](c1ccsc1)NC(=O)N2C[C@@H](C[C@H]2C(=O)[O-])O
dude_grik1__L001919,Cc1ccc(cc1C)c2cnc(o2)CCC(=O)N3CCN(CC3)S(=O)(=O)c4cc(n(c4)C)C(=O)N
dude_grik1__L001920,CCCn1c(=O)[nH]nc1SCC(=O)C2=C(N(C(=O)N([C@@H]2N)CCC)C)[O-]
dude_grik1__L001921,Cn1c2ccc(cc2n(c1=O)C)[N-]S(=O)(=O)c3cc(ccc3Cl)C(=O)[O-]
dude_grik1__L001922,Cc1cc(nc(n1)[N-]S(=O)(=O)c2c(cc(cc2F)N)F)C
dude_grik1__L001923,CC(C)[C@@H](C(=O)N1C[C@H](C[C@H]1C(=O)[O-])O)NC(=O)N
dude_grik1__L001924,c1c(c(cc2c1OCO2)[N+](=O)[O-])/C=C(\C#N)/C(=O)[O-]
dude_grik1__L001925,CC(C)CS(=O)(=O)[N-]c1ccc(cc1)C(=O)NCCO
dude_grik1__L001926,Cc1c(c(n(n1)C(F)F)C)C(=O)Nn2cc(cn2)[N+](=O)[O-]
dude_grik1__L001927,CC[C@H](C)[C@@H](C(=O)[O-])NC(=O)N[C@@H]1CCC[C@@H]([C@@H]1C)C
dude_grik1__L001928,[H]/N=C\1/C2=NC(=N[C@H]2NC(=N1)N)SCC(=O)[O-]
dude_grik1__L001929,Cn1cnc2c(c1=S)ncn2[C@@H]3[C@@H]([C@H]([C@@H](O3)CO)O)O
dude_grik1__L001930,Cc1c(c[nH]n1)CNC(=O)C(=O)N2CCC[NH2+]CC2
dude_grik1__L001931,CCCCCOc1cccc(c1)[C@H]2C(=C(C(=O)N2CCOCCO)[O-])C(=O)c3ccc4c(c3)OCCO4
dude_grik1__L001932,COC(=O)CC[C@H](C[C@H](N)C(O)=O)C(O)=O
dude_grik1__L001933,CN(C)C(=O)c1ccc(cc1)NC(=S)NC(=O)c2cc(cc(c2)[N+](=O)[O-])[N+](=O)[O-]
dude_grik1__L001934,Cc1ccc(cc1)N2[C@@H](NC(=O)C(=C2[S-])C#N)c3cn(nc3c4ccc(cc4)OC)c5ccccc5
dude_grik1__L001935,c1cc(ccc1NC(=O)N2CSC[C@@H]2C(=O)[O-])S(=O)(=O)N
dude_grik1__L001936,CC1=C([C@@H](N2C(=CSC2=N1)/C=C(/NC[C@H]3CCCO3)\[O-])c4ccc(cc4)[N+](=O)[O-])C(=O)OCCOC
dude_grik1__L001937,C[C@@H](C(=O)NNC(=O)c1ccc2c(c1)OCO2)OC
dude_grik1__L001938,C[C@](C1CC1)(C(=O)[O-])NC(=O)c2csc(n2)N
dude_grik1__L001939,c1cc(c(c(c1)F)C#N)[N-]S(=O)(=O)c2ccc(cc2)N
dude_grik1__L001940,N[C@@H](CC1=CCCCc2onc(O)c12)C(O)=O
dude_grik1__L001941,c1cc\2c(cc1O[C@@H]3CS(=O)(=O)C[C@@H]3O)OC/C2=N\O
dude_grik1__L001942,C[C@H]1COCCN1C(=O)c2c(c3ccccc3[nH]2)Cl
dude_grik1__L001943,C[C@@H](c1[n-]nnn1)NC(=O)CCSCC(=O)N
dude_grik1__L001944,C1C[C@H](COC1)CNC(=O)C2(CC2)C(=O)[O-]
dude_grik1__L001945,c1cc(=O)n(nc1[O-])CC(=O)NC2CCC(CC2)O
dude_grik1__L001946,c1ccc(cc1)S(=O)(=O)Cc2nc(on2)C(=O)NCCNC(=O)COc3ccc(cc3)Cl
dude_grik1__L001947,C1CN(CCC1CC(=O)N)C(=O)N[C@H](CO)C(=O)[O-]
dude_grik1__L001948,C[C@H]1CCC[C@](C1)(C(=O)[O-])NC(=O)Nc2cnn(c2)C
dude_grik1__L001949,c1cc2c(c(c1)C(=O)N)N[C@H]([C@@H]3[C@@H]2C=CC3)C(=O)[O-]
dude_grik1__L001950,c1cc(=O)n(nc1[O-])CCC(=O)N
dude_grik1__L001951,Cc1c(c(nc(n1)C)S[C@H](C)C(=O)NC(=O)NC)C#N
dude_grik1__L001952,C[C@@H]1CCCC[C@@H]1Nc2ccc(cc2[N+](=O)[O-])C(=O)NCC(=O)[O-]
dude_grik1__L001953,[H]/N=C\1/C(=N\Nc2cccc(c2)Br)/C(=NC(=N1)[O-])[O-]
dude_grik1__L001954,c1cc2c(cc1C(=O)NNC(=O)[C@H]3CCCC[C@H]3C(=O)[O-])OCO2
dude_grik1__L001955,CC\1=Nc2c(c([nH]c(=S)n2)[O-])[C@H](/C1=C(/[O-])\OC)c3ccc(c(c3)OC)O
dude_grik1__L001956,CCC(CC)(CO)NC(=O)c1ccc(cc1)[N-]S(=O)(=O)C
dude_grik1__L001957,Cn1cc(cn1)CN(C)C(=O)N[C@H](CC(=O)N)C(=O)[O-]
dude_grik1__L001958,c1cc(cc(c1)[N+](=O)[O-])c2nc(on2)[C@@H]3C[C@H]3C(=O)[O-]
dude_grik1__L001959,C1C[C@H]([NH+](C1)C2CCN(CC2)C(=O)NCC(=O)N)C(=O)[O-]
dude_grik1__L001960,CCCC1CCC(CC1)NC(=O)N[C@@H](CCO)C(=O)[O-]
dude_grik1__L001961,Cc1cc(c(cc1C)S(=O)(=O)[N-]c2ccc(nc2)n3cccn3)[N+](=O)[O-]
dude_grik1__L001962,Cc1cccn2c1nc(c2C)C(=O)C3=C(C(=O)N([C@@H]3c4cccc(c4)O)c5nc(c(s5)C(=O)C)C)[O-]
dude_grik1__L001963,CN(C1CC1)C(=O)c2ccc(cc2)/C(=N/O)/N
dude_grik1__L001964,c1ccc2c(c1)cc(c([nH+]2)N3CCCOCC3)CO
dude_grik1__L001965,c1cc(c(cc1Br)Cl)C(=O)NNC(=O)[C@@H]2CCCO2
dude_grik1__L001966,CC(C)N(CCC(=O)[O-])C(=O)N[C@@H]1CCCC[C@H]1O
dude_grik1__L001967,CC(C)NC(=O)CNC(=O)N[C@](C)(C1CC1)C(=O)[O-]
dude_grik1__L001968,c1cc(c(c(c1)F)C(=O)[O-])[N-]S(=O)(=O)c2c(cc(cc2F)F)F
dude_grik1__L001969,C[C@H]1[C@@H](C(=O)N1S(=O)(=O)[O-])NC(=O)C(=O)c2csc(n2)NC=O
dude_grik1__L001970,C[C@H](C(=O)[O-])NS(=O)(=O)c1cc(cnc1)N
dude_grik1__L001971,Cc1cc(ccc1S(=O)(=O)[N-]c2ccc(c(c2)NC(=O)OC)F)[N+](=O)[O-]
dude_grik1__L001972,c1cc2c(cc1[N+](=O)[O-])CC(=O)N2[C@@]3(CCSC3)C(=O)[O-]
dude_grik1__L001973,Cn1cc(cc1C(=O)N)S(=O)(=O)[N-]c2ccccc2n3cncn3
dude_grik1__L001974,CCNc1c2cnn(c2nc(n1)Cn3cnc(n3)C#N)C
dude_grik1__L001975,C=CC/C(=N/OS(=O)(=O)[O-])/S[C@H]1[C@H]([C@H]([C@@H]([C@@H](O1)CO)O)O)O
dude_grik1__L001976,CS(=O)(=O)CC[C@@H](C(=O)[O-])NC(=O)NCC[C@H]1CCCO1
dude_grik1__L001977,c1ncn(n1)CC(=O)N[C@@H](CCO)C(=O)[O-]
dude_grik1__L001978,Cn1cc(cn1)CN(C)C(=O)c2cn[nH]c2N
dude_grik1__L001979,c1cc(c(cc1F)S(=O)(=O)N2CCCO[C@@H]2CNC(=O)C(=O)NCCO)F
dude_grik1__L001980,Cc1cc(ccc1S(=O)(=O)[N-]c2cccc(c2)S(=O)(=O)N)[N+](=O)[O-]
dude_grik1__L001981,c1c(nc(s1)NC(=O)N2C[C@@H](C[C@@H]2C(=O)[O-])O)C3CC3
dude_grik1__L001982,CCCNC(=O)CN[C@](C)(c1cccnc1)C(=O)[O-]
dude_grik1__L001983,CNC1=C(C2=NC(=O)C=C([C@H]2S1)[O-])C#N
dude_grik1__L001984,Cc1cc(c(cc1C)S(=O)(=O)[N-]c2cc(c(cc2F)F)[N+](=O)[O-])[N+](=O)[O-]
dude_grik1__L001985,Cc1ccc(cc1[N-]S(=O)(=O)c2cnc(s2)Cl)C(=O)[O-]
dude_grik1__L001986,CC(C)Oc1c(nccn1)/C(=N/O)/N
dude_grik1__L001987,Cc1nnnn1c2ccc(c(c2)[N-]S(=O)(=O)c3ccc(cc3)OCCOC)F
dude_grik1__L001988,CC(C)n1c(n[nH]c1=S)CNC(=O)c2cc(ccc2[N-]S(=O)(=O)C)F
dude_grik1__L001989,C[C@@H]([C@H](C(=O)[O-])NC(=O)Nc1ccc(cc1)[N+](=O)[O-])O
dude_grik1__L001990,Cc1cc2nc(c(c(n2n1)C)CCC(=O)Nc3[n-]c(c(n3)C#N)C#N)C
dude_grik1__L001991,c1ccc(c(c1)C(=O)N)[N-]S(=O)(=O)c2cccc(c2)n3cnnn3
dude_grik1__L001992,C1CC1NC(=O)CNC(=O)C(=O)NN
dude_grik1__L001993,Cc1c(cccc1[N+](=O)[O-])NC(=O)CSc2nnc(n2CC(=O)[O-])c3cccs3
dude_grik1__L001994,C[C@@H](CC(=O)NNc1c(cc(cn1)Cl)Cl)CC(=O)[O-]
dude_grik1__L001995,C[C@H](C(=O)N)N[C@](C)(c1ccc(cc1)S(=O)(=O)C)C(=O)[O-]
dude_grik1__L001996,C[C@H]1C[C@H]1c2ccc(o2)CCC(=O)N[C@@H]([C@@H](C)O)C(=O)[O-]
dude_grik1__L001997,C[C@@](C1CC1)(C(=O)[O-])NC(=O)Cc2cc(=O)[nH]c(=O)[nH]2
dude_grik1__L001998,c1cc(c(nc1)NN)C(=O)N2CCS(=O)CC2
dude_grik1__L001999,Cc1cc(ccc1[N+](=O)[O-])C(=O)NNC(=O)COCC(=O)Nc2cccc(c2Cl)Cl
dude_grik1__L002000,c1c([nH]cn1)C[C@@H](C(=O)[O-])NC(=O)[C@@H]2CSC(=O)N2
dude_grik1__L002001,Cc1c(sc2c1c(ncn2)N3CC[C@@H]4[C@H]3C[NH2+]C4)C
dude_grik1__L002002,c1ccc(cc1)[C@H](Oc2ccccc2O)P(=O)([O-])[O-]
dude_grik1__L002003,C1CO/C(=C(\C=C(/[N+](=O)[O-])\Cl)/[N+](=O)[O-])/N1
dude_grik1__L002004,CC(=O)[C@H](C#N)C(=[NH2+])NN
dude_grik1__L002005,C1CN(CCN1)C(=O)CNC(=O)NCC(=O)NCC(=O)[O-]
dude_grik1__L002006,CC(C)(C)CNC(=O)N1CCC[C@H](C1)C(=O)[O-]
dude_grik1__L002007,Cn1cc(cn1)S(=O)(=O)N2CCC[C@@H](C2)C(=O)NN
dude_grik1__L002008,c1csc2n1cc(n2)CC(=O)N[C@@H](CCO)C(=O)[O-]
dude_grik1__L002009,c1cc(c(cc1[N+](=O)[O-])NC(=O)/C=C/C(=O)[O-])[O-]
dude_grik1__L002010,c1cc(=O)[nH]cc1S(=O)(=O)[N-]c2cc(c(cc2F)F)F
dude_grik1__L002011,C#C[C@]1(C=CN(C(=O)C1(F)F)[C@H]2C[C@@H]([C@H](O2)CO)O)O
dude_grik1__L002012,C[C@H](C(=O)N[C@@H](CC(C)C)C(=O)[O-])N(C)c1ccc(cc1)O
dude_grik1__L002013,c1cc(cc(c1)n2cnnn2)NC(=O)CCn3c4ccc(cc4oc3=O)S(=O)(=O)N5CCCC5
dude_grik1__L002014,Cc1ccc(cc1NC(=O)C)NC(=O)C[C@](C)(c2ccccc2)C(=O)[O-]
dude_grik1__L002015,c1cnc(c(n1)/C(=N\O)/N)OC2CCC2
dude_grik1__L002016,c1cc(ccc1C(=O)N2C[C@@H](C[C@H]2C(=O)[O-])O)O
dude_grik1__L002017,CS(=O)(=O)CC[C@@H]([NH3+])P(=O)([O-])[O-]
dude_grik1__L002018,COC(=O)c1c(c(c(o1)C(=O)OC)[O-])[O-]
dude_grik1__L002019,Cc1c(c(sn1)[N-]S(=O)(=O)c2cccnc2)C(=O)[O-]
dude_grik1__L002020,c1cc2c(cc1S(=O)(=O)[N-]c3cc[nH]n3)CCCC2
dude_grik1__L002021,c1cc(ccc1C(=O)N[C@@H](CO)C(=O)[O-])N
dude_grik1__L002022,C[C@@H]1CC[C@@]2([C@@H]([C@@]13C[C@@H](OC3=O)c4ccoc4)CC[C@@H]([C@@]2(C(=O)OC)O)OC(=O)C)C(=O)OC
dude_grik1__L002023,c1cc2c(cc1Cl)C[C@@H](O2)C(=O)NNC(=O)c3cnccn3
dude_grik1__L002024,C[C@@H](C(=O)N1C[C@@H](C[C@@H]1C(=O)[O-])O)NC(=O)C(C)(C)C
dude_grik1__L002025,Cc1ccc(cc1N)[N-]S(=O)(=O)C2CCS(=O)(=O)CC2
dude_grik1__L002026,CC(=O)[C@]1(CC[C@@H]2[C@@]1(CC[C@H]3[C@@H]2CCC4=C/C(=N\OCC(=O)NCC5CCC(CC5)C(=O)[O-])/CC[C@]34C)C)O
dude_grik1__L002027,C[C@H]1CN(CCO1)CCC[C@@](C)(C(=O)[O-])[NH3+]
dude_grik1__L002028,COC(=O)N1CCC[C@@H]1/C(=N/S(=O)(=O)c2cc(cc(c2)F)[N+](=O)[O-])/[O-]
dude_grik1__L002029,C[C@@](c1ccc2c(c1)OCCO2)(C(=O)[O-])n3cccn3
dude_grik1__L002030,CS(=O)(=O)[C@@H]1NN[C@@H](O1)C2CCN(CC2)S(=O)(=O)c3ccc4c(c3)oc(n4)[O-]
dude_grik1__L002031,Cc1ccc(cc1Cl)NC(=O)CSC2=C([C@@H]([C@H](C(=N2)[O-])C(=O)OC)c3ccc(cc3)Cl)C#N
dude_grik1__L002032,c1cc(cc(c1)OCC(=S)N)[N-]S(=O)(=O)c2cccnc2
dude_grik1__L002033,Cc1cc(c(c(n1)OCC(=O)NN)C#N)COC
dude_grik1__L002034,C1CN(CCN1CCO)C(=O)Nc2c(nns2)C(=O)[O-]
dude_grik1__L002035,CC1(CC(=C2[C@@H]([C@H]3C(=NC(=NC3=O)SCc4ccc(cc4)[N+](=O)[O-])N=C2C1)c5ccc(cc5)O)[O-])C
dude_grik1__L002036,Cc1ccc(s1)C(=O)Nc2ccc(cn2)C(=O)[O-]
dude_grik1__L002037,C[C@@H](/C(=N/S(=O)(=O)c1cccc(c1)n2cnnn2)/[O-])OC[C@@H]3CCCCO3
dude_grik1__L002038,C[C@H]1C[C@@H](C(=O)O1)Sc2c3c(nc(n2)C4CC4)n(c(nc3=O)[O-])C5CC5
dude_grik1__L002039,CO[C@@H]1[C@H]([C@H](C[C@H](O1)CO)O)O
dude_grik1__L002040,Cn1c(c(c(=O)n(c1=O)C)/N=C/c2ccc(o2)[N+](=O)[O-])N
dude_grik1__L002041,Cc1cc2c(c(c1)F)N(C(=O)[C@@H]2N)CC(=O)NCCOC
dude_grik1__L002042,C[C@@H](C(=O)N)NC(=O)N1C[C@H](C[C@@H]1C(=O)[O-])OC
dude_grik1__L002043,C[C@H]1Cc2cc(ccc2O1)C(=O)C3=C(C(=O)N([C@H]3c4ccc(c(c4)OC)OCC(C)C)CCOCCO)[O-]
dude_grik1__L002044,C1CC[C@@H]([C@H](C1)C(=O)Nc2c(c3c(s2)CCC3)C#N)C(=O)[O-]
dude_grik1__L002045,CC1=C([C@@H]([NH+]=C1C(=O)[O-])C(=O)[O-])C(=O)C
dude_grik1__L002046,Cc1ccc(o1)[C@@H](C)Nc2cc(ccc2F)n3cnnn3
dude_grik1__L002047,C[C@H]([C@H](C(=O)[O-])NC(=O)c1ccc2c(c1)scn2)O
dude_grik1__L002048,Cc1ccc(cc1)[C@@]2(C(=O)N(C(=O)N2)CC(=O)Nc3ccc(cc3)S(=O)(=O)N4CCOCC4)C
dude_grik1__L002049,c1cc(cc(c1)NC(=O)C2CCN(CC2)S(=O)(=O)c3ccc(c(c3)[N+](=O)[O-])Cl)C(=O)[O-]
dude_grik1__L002050,c1cc(ncc1S(=O)(=O)N[C@@H]2CCOC2=O)NN
dude_grik1__L002051,Cc1ccc(cc1)[C@@H]2C(=C(C(=O)N2CCO)[O-])C(=O)c3ccc(cc3)S(=O)(=O)N4CCOCC4
dude_grik1__L002052,c1c(csc1S(=O)(=O)N[C@@H](CC(=O)[O-])C(=O)[O-])C(=O)[O-]
dude_grik1__L002053,c1c(cnc(n1)NN)S(=O)(=O)N2CCN(CC2)CCO
dude_grik1__L002054,C[C@@H]1CCC[C@@H](C1(C(=O)[O-])NC(=O)NCCC(C)(C)C)C
dude_grik1__L002055,Cn1cnnc1CNc2nc(c(c(n2)[O-])C#N)c3ccc(cc3)OC
dude_grik1__L002056,c1cc(c(c2c1n[nH]c2[O-])Br)[N+](=O)[O-]
dude_grik1__L002057,C/C(=N\NC(=O)c1cccc(c1)[N+](=O)[O-])/c2ccc(cc2)S(=O)(=O)NCC(=O)[O-]
dude_grik1__L002058,CC1CCN(CC1)S(=O)(=O)c2ccc(cc2)C(=O)Nc3cc4c(cc3C(=O)[O-])OCCCO4
dude_grik1__L002059,CC(C)(C(=O)[O-])NC(=O)N[C@@H]1CCCC[C@H]1O
dude_grik1__L002060,C1CN(CCC1C(=O)N)C(=O)N2C[C@@H](C[C@@H]2C(=O)[O-])O
dude_grik1__L002061,Cc1ccc(cc1[N+](=O)[O-])S(=O)(=O)N2CCC[C@H]2C(=O)[O-]
dude_grik1__L002062,C1C[C@H](CN(C1)C(=O)N)C(=O)N2CCC[C@@H]2CCCO
dude_grik1__L002063,C[C@@H](C(=O)[O-])NC(=O)c1ccc(c(c1)[N+](=O)[O-])N2CCC(CC2)C(=O)NC
dude_grik1__L002064,c1cc([nH]c1C(=O)Nc2ncc(s2)/C=C/C(=O)[O-])[N+](=O)[O-]
dude_grik1__L002065,N[C@@H](CC(C(O)=O)=C1CCC1)C(O)=O
dude_grik1__L002066,CC[C@H](C)NC(=O)c1cc(c(cc1Cl)Cl)S(=O)(=O)[N-]c2cc(c(cc2OC)OC)Cl
dude_grik1__L002067,C1CCC(CC1)(C(=O)[O-])NC(=O)N2CC[C@H](C2)O
dude_grik1__L002068,CC1=C([C@H](N2C(=CSC2=N1)/C=C(/N3CCOCC3)\[O-])c4ccc(cc4)[N+](=O)[O-])C(=O)OC
dude_grik1__L002069,Cc1ccc(c(c1)Cl)S(=O)(=O)[N-]c2cc(cnc2)C(=O)[O-]
dude_grik1__L002070,C=CCOc1cccc(c1)C(=O)C2=C(C(=O)N[C@H]2c3cccc(c3)O)[O-]
dude_grik1__L002071,c1c([nH]cn1)C[C@H](C(=O)[O-])NC(=O)CC2CCCCC2
dude_grik1__L002072,CC(C)(C(=O)N)NC(=O)N(CC(=O)[O-])C1CC1
dude_grik1__L002073,c1cc2c(cc1NC(=O)N3CCO[C@@H](C3)C(=O)N)OC4(O2)CCCC4
dude_grik1__L002074,c1c(cn[nH]1)S(=O)(=O)[N-]c2nnc(s2)SCC(=O)[O-]
dude_grik1__L002075,c1ccc2c(c1)cc(cn2)c3cnc(c(n3)NCCN4CCOC4=O)N
dude_grik1__L002076,Cc1ccc(cc1S(=O)(=O)N2CCN(CC2)c3ccc(cc3[N+](=O)[O-])S(=O)(=O)C)C(=O)[O-]
dude_grik1__L002077,CC[C@@H](C)c1ccccc1O[C@@H](C)C(=O)Nc2ccc(cc2)S(=O)(=O)[N-]c3cc(ncn3)OC
dude_grik1__L002078,C1C[C@@H]2C[C@H]1C[C@H]2C(=O)NNC(=O)/C=C/C(=O)[O-]
dude_grik1__L002079,c1c(cn[nH]1)C(=O)N(CC(=O)N)CC(=O)N
dude_grik1__L002080,c1c(c(nc(=O)n1[C@H]2[C@@H]([C@@H]([C@@H](O2)CO)O)O)N)C#N
dude_grik1__L002081,CC1=C([C@H](N(N1)C)Cl)/C=N/N/C(=C/C2=NC(=S)NC(=O)C2)/[O-]
dude_grik1__L002082,C(CS)O[C@H]1[C@@H]([C@H]([C@@H]([C@@H](O1)CO)O)O)O
dude_grik1__L002083,C[C@]1(CCN(C1)C(=O)c2ccc(c(c2)[N+](=O)[O-])F)C(=O)[O-]
dude_grik1__L002084,c1cnc(nc1)[N-]S(=O)(=O)N2CCC(CC2)C(=O)[O-]
dude_grik1__L002085,Cc1c(c([nH]n1)[O-])[C@@H](c2ccc(c(c2)[N+](=O)[O-])Cl)C3=C(N=N[C@@H]3C)O
dude_grik1__L002086,Cc1ccc(cc1)c2[n-]n3c(n2)c4ccccc4nc3=O
dude_grik1__L002087,Cc1ccc(cc1[N-]S(=O)(=O)c2ccsc2C(=O)OC)S(=O)(=O)Nc3ccc(cc3)OC
dude_grik1__L002088,COc1ccc(cc1)[N-]C2=NC(=O)[C@H](S2)CC(=O)NCC(=O)[O-]
dude_grik1__L002089,c1cc(ccc1n2c(c(cn2)C#N)N)S(=O)(=O)[O-]
dude_grik1__L002090,C1CCO[C@@H](C1)C(=O)N2C[C@H](C[C@H]2C(=O)[O-])O
dude_grik1__L002091,C/C(=C/1\C(=N\c2ccc(cc2O)[N+](=O)[O-])\c3cccc(c3C1=O)[N+](=O)[O-])/[O-]
dude_grik1__L002092,c1c2c(cc(c1Cl)O)[C@@H]3CO[P@](=O)(NN3CC2)[O-]
dude_grik1__L002093,c1c(n(cc(c1=O)O)CCS(=O)(=O)[O-])CO
dude_grik1__L002094,C[C@@H](C1CC1)N(C)c2ccc(cc2C(=O)[O-])S(=O)(=O)N
dude_grik1__L002095,Cc1ncc(s1)CNC(=O)NCCCCCC(=O)[O-]
dude_grik1__L002096,c1cc(ccc1CCO)NC(=O)[C@H]2C[C@H]2C(=O)[O-]
dude_grik1__L002097,Cc1cccc(c1c2nnnn2C[C@@H]3CCS(=O)(=O)C3)N
dude_grik1__L002098,c1cnccc1c2nc3n(n2)[C@H]4C[C@@](N3)([C@@H]5OC[C@H]4O5)O
dude_grik1__L002099,C[C@@H](C(=O)[O-])NC(=O)c1ccc(c(c1)[N+](=O)[O-])NCC(=O)NC2CC2
dude_grik1__L002100,CC1=NN2C=C(C=N[C@@H]2[C@@H]1C(=O)N)[C@@H]3C(=CN=N3)[N+](=O)[O-]
dude_grik1__L002101,C[C@H]([C@H](C(=O)[O-])NC(=O)Nc1cnn(c1)C)O
dude_grik1__L002102,c1cc(sc1C(=O)[O-])NC(=O)[C@@H]2CCCO2
dude_grik1__L002103,c1cc(ccc1OCCC(=O)[O-])S(=O)(=O)[N-]c2ccon2
dude_grik1__L002104,C1C[C@@H](CN(C1)C(=O)N(CC(=O)N)CC(=O)N)C(=O)[O-]
dude_grik1__L002105,COc1ccc(cc1S(=O)(=O)Nc2cc(ccc2N3CCN(CC3)CCC#N)C(=O)[O-])Cl
dude_grik1__L002106,Cc1c2c(oc1/C(=N/S(=O)(=O)C)/[O-])CCCC2=O
dude_grik1__L002107,c1cc2c(cc1O)O/C(=C/c3cc(sc3)[N+](=O)[O-])/C2=O
dude_grik1__L002108,C1CCC(C1)NC(=O)N2CCC[C@H](C2)C(=O)[O-]
dude_grik1__L002109,c1c2c(nc(c1C(=O)N)N(CC(=O)[O-])C3CC3)CCC2
dude_grik1__L002110,c1ccc(c(c1)NC(=O)C[C@@H]2C(=O)N[C@@H](CS2)C(=O)[O-])[N+](=O)[O-]
dude_grik1__L002111,C1C[C@H](CN(C1)C(=O)N2C[C@H](C[C@H]2C(=O)[O-])O)C(=O)N
dude_grik1__L002112,Cn1cc(cn1)S(=O)(=O)N2CCC[C@H](C2)S(=O)(=O)N
dude_grik1__L002113,Cc1cc(n(n1)C)c2nc3c4cn[nH]c4ncn3n2
dude_grik1__L002114,c1cc2c(cc1O)CN(CC2)C(=O)[C@@H]3CCCCO3
dude_grik1__L002115,Cn1cnnc1CNC(=O)C(=O)[O-]
dude_grik1__L002116,Cc1cc(ccc1N)C(=O)N(CCO)[C@H]2CCS(=O)(=O)C2
dude_grik1__L002117,CN(C)C(=O)N1C[C@H](C[C@@H]1C(=O)[O-])O
dude_grik1__L002118,C[C@H](CCO)NC1=N[C@H]2C(=N1)C(=O)N(C(=O)N2C)C
dude_grik1__L002119,Cc1ccc(cc1S(=O)(=O)[N-]c2ccccc2C(=O)N3C[C@@H](O[C@H](C3)C)C)[N+](=O)[O-]
dude_grik1__L002120,C[C@@H]([C@H](C(=O)[O-])NC(=O)NCCCOC)O
dude_grik1__L002121,C[C@H](C(C)C)NC(=O)N1C[C@H](C[C@H]1C(=O)[O-])O
dude_grik1__L002122,C=CCOc1ccc(cc1)C(=O)C2=C(C(=O)N([C@H]2c3ccc(cc3)[N+](=O)[O-])CCCN4CCOCC4)[O-]
dude_grik1__L002123,C[C@]1([C@]([C@@]([C@](O1)(C)n2cnc3c2nc[nH]c3=O)(C)O)(C)O)C[P@](=O)(O)[O-]
dude_grik1__L002124,Cc1ccccc1N2C(=O)[C@H]3[C@H]([NH2+][C@@]([C@@H]3C2=O)(CC(=O)[O-])C(=O)[O-])c4ccc(cc4)N(C)C
dude_grik1__L002125,Cc1ccc(s1)C(=O)N2CSC[C@@H]2C(=O)[O-]
dude_grik1__L002126,COc1ccccc1NS(=O)(=O)c2cccc(c2)C(=O)NNC(=O)C[C@H]3c4ccccc4C(=O)O3
dude_grik1__L002127,C[C@H](C[C@H](N)C(O)=O)C(O)=O
dude_grik1__L002128,C[C@@H](COC)NC(=O)N[C@](C)(C1CC1)C(=O)[O-]
dude_grik1__L002129,On2c(=O)c(=O)[nH]c3cc(N(=O)=O)c(n1ccnc1)cc23
dude_grik1__L002130,C1CCCN(CC1)C(=O)N[C@@H](CCO)C(=O)[O-]
dude_grik1__L002131,C1CS(=O)(=O)C[C@H]1NC(=O)C(=O)NCC(=S)N
dude_grik1__L002132,c1nc2c(c(n1)Cl)ncn2[C@H]3[C@@H]([C@H]([C@H](O3)CO)O)O
dude_grik1__L002133,Cc1c(cn[nH]1)CCCNC(=O)[C@@H]2CCCC[C@@H]2C(=O)[O-]
dude_grik1__L002134,Cc1c(cccc1Cl)S(=O)(=O)[N-]c2ccc(cc2)C(=O)NCCO
dude_grik1__L002135,C[C@@H](C(=O)OC)NC(=O)N1C[C@@H](C[C@H]1C(=O)[O-])O
dude_grik1__L002136,C[C@H](C(=O)NCc1cccs1)Nc2ccc(cc2)[N-]S(=O)(=O)C
dude_grik1__L002137,CC1(CC(=O)C(=CNNC(=O)c2cccc(c2)[N+](=O)[O-])C(=O)C1)C
dude_grik1__L002138,C1CN(CCN1C[C@@H](CS(=O)(=O)[O-])O)C(=S)N
dude_grik1__L002139,CCOC(=O)N1CCC(CC1)NC(=O)c2ccc(cc2)[N-]S(=O)(=O)c3ccc(c(c3)[N+](=O)[O-])C
dude_grik1__L002140,Cc1c(c(n[nH]1)C)CNc2cc(ccc2F)n3cnnn3
dude_grik1__L002141,CS(=O)(=O)/N=C(/c1ccc(cc1)N2CCC[C@@H](C2)C(=O)N)\[O-]
dude_grik1__L002142,c1cnc(cc1S(=O)(=O)[N-]c2ncc(s2)[N+](=O)[O-])Cl
dude_grik1__L002143,C1CC(=O)N(C[C@H]1C(=O)[O-])CCCCO
dude_grik1__L002144,CNc1c(n(cn1)C)C(=O)NCCO
dude_grik1__L002145,c1csc(c1C(=O)[O-])NC(=O)N2CCC[C@@H]2CCCO
dude_grik1__L002146,c1c(ncc(=O)[nH]1)C(=O)NCCCC(=O)[O-]
dude_grik1__L002147,CCc1ccc(cc1)n2c(nnc2[S-])CSc3nnc(n3C[C@@H]4CCCO4)c5ccn(n5)C
dude_grik1__L002148,CC(=O)c1c(cc2c(c1OC)[C@]([C@@H]([C@@H]2OS(=O)(=O)[O-])NC(=O)N)(C)O)OC
dude_grik1__L002149,C[NH+](CC(=O)[O-])CP(=O)([O-])[O-]
dude_grik1__L002150,C[C@@H](C(=O)Nc1cc(cnc1)C(=O)[O-])n2cncn2
dude_grik1__L002151,C1CC[C@H]([C@@H](C1)c2[nH]c(=O)[nH]n2)C(=O)[O-]
dude_grik1__L002152,c1cc(ccc1c2nc(c(o2)[O-])/C=N/c3ccncc3)[N+](=O)[O-]
dude_grik1__L002153,CC(=O)N[C@@H]1[C@H]([C@H]([C@@H](O[C@H]1O)COS(=O)(=O)[O-])O)O
dude_grik1__L002154,C1CS(=O)(=O)C[C@@H]1NC(=O)c2nc([nH]n2)N
dude_grik1__L002155,C[C@@H](C(=O)[O-])O[C@@H]1[C@@H]([C@@H](O[C@@H]2[C@@H]1OC(OC2)(C)C)Oc3ccccc3C(=O)C)NC(=O)C
dude_grik1__L002156,Cc1c2c([nH]n1)OC(=C([C@]23c4ccccc4N(C3=O)C[C@H]5CCCO5)C#N)N
dude_grik1__L002157,c1cc(c(cc1S(=O)(=O)N2CCC[C@@H]2CO)[N+](=O)[O-])N
dude_grik1__L002158,Cc1ccc(c(c1)C(=O)[O-])OCC2=NC(=O)C3=C([C@@H](SC3=N2)C(=O)[O-])C
dude_grik1__L002159,N[C@@H](C[C@@H](C/C=C/c1ccc(Cl)c(Cl)c1)C(O)=O)C(O)=O
dude_grik1__L002160,Cc1cc(on1)[N-]S(=O)(=O)c2ccccc2C#N
dude_grik1__L002161,C1CS(=O)(=O)C[C@H]1NC(=O)CN2C(=O)[C@@H](NC2=O)CCC(=O)[O-]
dude_grik1__L002162,C[C@@H](C(=O)N[C@@H](CCO)C(=O)[O-])n1cncn1
dude_grik1__L002163,C1C[C@H](CN(C1)C(=O)N)C(=O)N2CCC[C@@H]2C(=O)[O-]
dude_grik1__L002164,Cc1cc(n2c(n1)ncn2)NCC(=O)NCC(=O)[O-]
dude_grik1__L002165,Cn1cc(ccc1=O)[N-]S(=O)(=O)c2ccc(s2)C(=O)[O-]
dude_grik1__L002166,CCCn1c2ccc(cc2oc1=O)[N-]S(=O)(=O)c3c[nH+]c[nH]3
dude_grik1__L002167,CC(C)CN(CC(=O)N)S(=O)(=O)N1CCCC[C@@H]1C(=O)[O-]
dude_grik1__L002168,c1c(c([nH]n1)N)C(=O)N2CCC(CC2)O
dude_grik1__L002169,C[C@H](C(=O)N1CCC[C@H](C1)C(=O)[O-])NC(=O)N
dude_grik1__L002170,c1cc2c(cc1C(=O)NC3(CCCC3)C(=O)[O-])nc[nH]2
dude_grik1__L002171,CC(=O)NCCNS(=O)(=O)c1ccc(cc1NC)[N+](=O)[O-]
dude_grik1__L002172,C[C@]1(CCCN(C1)C(=O)Cn2cncn2)C(=O)[O-]
dude_grik1__L002173,c1c(nnn1CC(=O)NC(=O)N)CO
dude_grik1__L002174,C[C@@H](C(=O)[O-])NS(=O)(=O)c1ccc(cc1)/C(=N/NC(=O)[C@@H]2C=CC=N2)/C
dude_grik1__L002175,COC(=O)C1=C(N2C(=O)[C@H](SC2=C([C@@H]1c3ccc(cc3)O)C#N)CC(=O)[O-])N
dude_grik1__L002176,Cc1ccc(cc1F)c2nc(on2)[C@H]3C[C@@H]3C(=O)[O-]
dude_grik1__L002177,C1[C@@H](CN([C@@H]1C(=O)[O-])C(=O)NCCCC(=O)N)O
dude_grik1__L002178,c1cc(cc(c1)[N-]S(=O)(=O)N)NC(=O)Cn2cncn2
dude_grik1__L002179,c1cn(nc1[N+](=O)[O-])CC(=O)NC2(CCCC2)C(=O)[O-]
dude_grik1__L002180,Cc1c(sc(n1)c2cccs2)C(=O)N[C@H]([C@H](C)O)C(=O)[O-]
dude_grik1__L002181,Cc1ccc(c(c1)C(=O)C2=C(C(=O)N([C@@H]2c3cccc(c3)OCC=C)CCCN4CCOCC4)[O-])O
dude_grik1__L002182,Cc1cc(nc(n1)C)NS(=O)(=O)c2ccc(cc2)NC(=O)CSc3nnc(o3)c4cccs4
dude_grik1__L002183,CO[C@H]1[C@H](O[C@H]([C@@H]([C@H]1O)O)O)CS(=O)(=O)[O-]
dude_grik1__L002184,CC1=C(N=C([C@@H]1C(=O)C2=C(C(=O)N([C@H]2c3cccc(c3)F)CCN4CCOCC4)[O-])C)C(=O)OC
dude_grik1__L002185,c1ccc(c(c1)C(=O)[O-])NC(=S)N[C@H]2CCS(=O)(=O)C2
dude_grik1__L002186,C[C@@H]1[C@H](C(=O)N(N1C)c2ccccc2)Nc3cn[nH]c(=O)n3
dude_grik1__L002187,CC(C)(C(=O)[O-])Nc1c(cccn1)C(=O)N
dude_grik1__L002188,CN1C(=O)CCC(=N1)C(=O)N/N=C(\NCC(F)(F)F)/[S-]
dude_grik1__L002189,Cc1ccnc(c1)n2c3c(cc(s3)C(=O)[O-])c(n2)C
dude_grik1__L002190,CCOc1ccc(cc1)C(=O)NCC(=O)NNC(=O)CN(C)S(=O)(=O)c2ccc(cc2)Cl
dude_grik1__L002191,[H]/N=C/1\N[C@H]2C(=NN=N2)C(=[NH+]1)OC[C@H](CO)O
dude_grik1__L002192,CC(C)(CC(=O)N[C@H]1CO[C@H]2[C@@H]1OC[C@@H]2n3c(nnn3)Oc4ccc(cc4)n5cncn5)CC(=O)[O-]
dude_grik1__L002193,CNC(=O)c1ccccc1[N-]S(=O)(=O)CCC(=O)[O-]
dude_grik1__L002194,C1=N[C@@H]2C(=N1)N=CN=C2SCC(=O)NN
dude_grik1__L002195,c1cc(c(=O)[nH]c1)C(=O)NCCOCCO
dude_grik1__L002196,C[C@@H]1CCCC[C@@H]1CNC(=O)NCCCC(=O)[O-]
dude_grik1__L002197,Cn1cc(cc1C(=O)NC2(CCCC2)C(=O)[O-])S(=O)(=O)N
dude_grik1__L002198,CNC(=O)[C@H]1CCCN1C(=O)c2cc(cn2C3CC3)N
dude_grik1__L002199,CN1C[C@@H](C=C1/C(=N/c2[nH]ncn2)/[O-])S(=O)(=O)N3CCOCC3
dude_grik1__L002200,CN(CC(=O)NCCOC)C(=O)N1C[C@@H](C[C@H]1C(=O)[O-])O
dude_grik1__L002201,C[C@@H]([C@@H](C(=O)[O-])NC(=O)Nc1ccccc1F)O
dude_grik1__L002202,C([C@@H]1[C@H]([C@H]([C@@H]([NH2+]1)CO)O)O)O
dude_grik1__L002203,c1cc2c(cc1S(=O)(=O)N(CC(=O)[O-])[C@H]3CCS(=O)(=O)C3)CC(=O)N2
dude_grik1__L002204,C[C@H](C(=O)NCCNC(=O)c1ccc(cc1)NC(=O)C)n2c(=O)ccc(n2)c3ccc4c(c3)OCO4
dude_grik1__L002205,Cn1c(c(cn1)C(=O)[O-])C(=O)N[C@H](Cc2c[nH]c3c2cccc3)C(=O)[O-]
dude_grik1__L002206,c1cc(ccc1CC(=O)Oc2coc(cc2=O)CSc3nnc(s3)NC(=O)C4CC4)[N+](=O)[O-]
dude_grik1__L002207,c1csc(n1)NC(=O)N2C[C@@H](C[C@H]2C(=O)[O-])O
dude_grik1__L002208,c1cc(ccc1NC(=O)CSc2ccc3c(c2)OCCO3)S(=O)(=O)N4CCC[C@H](C4)C(=O)[O-]
dude_grik1__L002209,CC(C)[C@@H](C(=O)N[C@H](C(C)C)C(=O)[O-])NC(=O)[C@@H]1[C@H]2[C@@H]([C@@H]3[C@H](O1)OC(O3)(C)C)OC(O2)(C)C
dude_grik1__L002210,Cc1c(c(n2c(n1)cc(n2)O)C)CCC(=O)NCCc3n[nH]c(=S)n3C
dude_grik1__L002211,Cn1c(ccc1[N+](=O)[O-])C(=O)N2C[C@@H](C[C@H]2C(=O)[O-])O
dude_grik1__L002212,CSc1ncc(c(n1)C(=O)N[C@H](CCO)C(=O)[O-])Cl
dude_grik1__L002213,Cc1cc([nH]n1)/C(=N/S(=O)(=O)c2c(nn(c2C)C)C)/[O-]
dude_grik1__L002214,CC1=C2C(=CC(=O)N=C2S[C@H]1C(=O)[O-])COc3ccc(cc3[N+](=O)[O-])S(=O)(=O)N4CCCC4
dude_grik1__L002215,C[C@H]([C@H](C(=O)[O-])NC(=O)N1CCSCC1)O
dude_grik1__L002216,c1cc(c(cc1C(=O)N2CCC[C@@H]2C(=O)[O-])F)N
dude_grik1__L002217,Cn1cc(cc1C(=O)N[C@@H](C2CC2)C(=O)[O-])S(=O)(=O)N
dude_grik1__L002218,Cc1cc(c2c(c1)OC[C@@H]([C@H]2O)[NH+](CC(=O)[O-])CC(=O)[O-])C
dude_grik1__L002219,CCn1c(nnc1[S-])c2nnc(n2CC)[S-]
dude_grik1__L002220,C[C@@H]([C@H](C(=O)[O-])NC(=O)C1=COCCO1)O
dude_grik1__L002221,C(C(=O)Nc1nnc(s1)SCC(=O)[O-])C(=O)[O-]
dude_grik1__L002222,c1c(c[nH]c1C(=O)[O-])S(=O)(=O)N2CCC[NH+]3CCC[C@@H]3C2
dude_grik1__L002223,CN\1C(=O)/C(=C\C(=O)OC)/S/C1=N\c2c([nH]cn2)C(=O)N
dude_grik1__L002224,CC(=O)n1cc(c2c1ccc(c2)Br)OP(=O)([O-])[O-]
dude_grik1__L002225,Cc1cc(ccc1C(=O)C2=C(C(=O)N([C@@H]2c3cccc(c3)[N+](=O)[O-])CCO)[O-])OCC(C)C
dude_grik1__L002226,C1N=C2C(=O)NC(=O)N=C2N1[C@@H]3[C@H]([C@@H]([C@@H](O3)COP(=O)([O-])[O-])O)O
dude_grik1__L002227,C1[C@H]2[C@@H]([C@H]2[C@@]([C@H]1F)(C(=O)[O-])[NH3+])C(=O)[O-]
dude_grik1__L002228,C[C@@H](C(=O)[O-])NS(=O)(=O)c1ccc(cc1)/C(=N/NC(=O)c2cccn2C)/C
dude_grik1__L002229,CC(=O)N1CCCc2c1ccc(c2)S(=O)(=O)N[C@@H](Cc3c[nH]cn3)C(=O)[O-]
dude_grik1__L002230,c1cncc(c1N2CCCC[C@@H]2C(=O)[O-])[N+](=O)[O-]
dude_grik1__L002231,CN(C)C(=O)Cn1cc(cn1)NS(=O)(=O)c2cc(cc3c2CCC3)C(=O)[O-]
dude_grik1__L002232,C[C@@H](C(=O)Nc1ccc(cc1)S(=O)(=O)N2CCOCC2)OC(=O)[C@@H]3CC(=O)N(C3)C4CCCC4
dude_grik1__L002233,c1cc(ccc1[N+](=O)[O-])S(=O)(=O)c2cnc(s2)[N-]S(=O)(=O)c3ccc(cc3)Br
dude_grik1__L002234,CC1CCC(CC1)(CO)Nc2c(=O)n(c(=O)n(n2)C)C
dude_grik1__L002235,C[C@@H]([C@@H](C(=O)[O-])NS(=O)(=O)c1cc[nH]c1)O
dude_grik1__L002236,Cc1c2cc(cnc2on1)S(=O)(=O)[N-]c3cccc(c3)OCCn4cccn4
dude_grik1__L002237,c1cc(cnc1)c2nnc(n2CCC(=O)N)[S-]
dude_grik1__L002238,CO[C@H]1C[C@H](N(C1)c2ccc(cc2)S(=O)(=O)N)C(=O)[O-]
dude_grik1__L002239,c1c2c(cc(c1F)Cl)[C@H]3CO[P@@](=O)(NN3CC2)[O-]
dude_grik1__L002240,CC(C)[C@@H](C(=O)N1CCCC[C@H]1C(=O)[O-])NC(=O)N
dude_grik1__L002241,CCc1ccccc1NC(=O)N[C@](C)(C2CC2)C(=O)[O-]
dude_grik1__L002242,CC1=C([C@@H](N2C(=CSC2=N1)/C=C(/NCc3cccnc3)\[O-])c4ccc(cc4)[N+](=O)[O-])C(=O)OC
dude_grik1__L002243,COc1ccc(cc1)c2c(c(n(c(=S)c2C#N)[C@@H]3[C@H]([C@@H]([C@@H]([C@@H](O3)CO)O)O)O)[O-])C#N
dude_grik1__L002244,c1cc(c(cc1S(=O)(=O)N2CCOCC2)[N+](=O)[O-])OCC(=O)Nc3cc(ccc3C(=O)[O-])Cl
dude_grik1__L002245,C1C[C@@H](CN(C1)C(=O)[C@H]2CCC(=O)N2)CNS(=O)(=O)N
dude_grik1__L002246,C[C@]12CCC(=O)C=C1CC[C@@H]3[C@@H]2[C@H](C[C@]4([C@H]3CC[C@@]4(C(=O)C=O)O)C)O
dude_grik1__L002247,C[C@@](C1CC1)(C(=O)[O-])NC(=O)N[C@@H]2CCC[C@@H]2OC
dude_grik1__L002248,Cc1cc(ccc1OC(C)C)C(=O)C2=C(C(=O)N([C@@H]2c3ccc(c(c3)OC)O)CCN4CCOCC4)[O-]
dude_grik1__L002249,CSc1ccc(\C=C\C[C@H](C[C@H](N)C(O)=O)C(O)=O)cc1
dude_grik1__L002250,CC(=O)Nc1ccc(cc1)NCc2nc(cs2)CC(=O)[O-]
dude_grik1__L002251,C1C[C@@H](C[C@@H](C1)NC(=O)NCCC(F)(F)F)C(=O)[O-]
dude_grik1__L002252,c1ccc(c(c1)[C@@H]2CC(=O)N[C@H]3[C@@H]2C(=O)N=C4N3NC=N4)F
dude_grik1__L002253,C[C@@H](C(=O)NC(=O)NC)N1CCN(CC1)C(=O)C2CCCC2
dude_grik1__L002254,C1[C@H]([C@@H]1C(=O)[O-])C(=O)NCCCS(=O)(=O)N
dude_grik1__L002255,c1cc2c(cc1OC3(CCCCC3)C(=O)[O-])OCC2=O
dude_grik1__L002256,CC(C)(C)NC(=O)CNC(=O)c1cc(c[nH]1)S(=O)(=O)N2CCOCC2
dude_grik1__L002257,C1C[C@@]2(C[C@H]2C(=O)[O-])[C@@](C1)(C(=O)[O-])[NH3+]
dude_grik1__L002258,CN([C@H]1CCS(=O)(=O)C1)C(=O)c2cc(c(nc2)NN)Cl
dude_grik1__L002259,C[C@H](C(=O)N)NC(=O)N(CC(=O)[O-])[C@@H]1CCS(=O)(=O)C1
dude_grik1__L002260,CC(C)(C)[C@@H](C(=O)[O-])NC(=O)NCC[C@@H]1CCCO1
dude_grik1__L002261,C(C#N)C(=O)N[C@@H]1[C@H]([C@H]([C@H](O[C@@H]1O)CO)O)O
dude_grik1__L002262,COC(=O)C1CCN(CC1)S(=O)(=O)/N=C(/c2ccc(cc2F)[N+](=O)[O-])\[O-]
dude_grik1__L002263,COc1ccc(cc1)N2[C@@H](C(=C(C2=O)[O-])C(=O)c3ccc(cc3)[N+](=O)[O-])c4ccc(c(c4)OC)O
dude_grik1__L002264,COCC[C@H](C(=O)[O-])NC(=O)NCC[C@H]1CCCO1
dude_grik1__L002265,c1cc(c(cc1C(=O)N2CC[C@@H](C2)C(=O)[O-])F)N
dude_grik1__L002266,C1CS(=O)(=O)C[C@@H]1NC(=O)C2(CCOCC2)/C(=N\O)/N
dude_grik1__L002267,CCOC(=O)[C@H]1[C@@H](OC(=C1C(=O)C)C)NC(=O)CSc2c3c(nc[nH]3)ncn2
dude_grik1__L002268,c1c(cn(n1)CC(=O)N2CCC(CC2)NC(=O)C3CC3)N
dude_grik1__L002269,Cn1cc(cn1)CNc2ncc(cn2)[N+](=O)[O-]
dude_grik1__L002270,COC(=O)c1ccc(cc1)S(=O)(=O)[N-]c2[nH]cnn2
dude_grik1__L002271,Cc1c(cco1)C(=O)NNC(=O)/C=C/C(=O)[O-]
dude_grik1__L002272,C[C@@](COC)(C(=O)[O-])[NH2+]C(C)(C)CO
dude_grik1__L002273,Cc1ccc(cc1C(=O)N)S(=O)(=O)NCCCC(=O)[O-]
dude_grik1__L002274,c1cc(cc(c1)N2C(=O)[C@H]3[C@@H](N(O[C@@H]3C2=O)CC(=O)N)c4ccsc4)C(=O)[O-]
dude_grik1__L002275,c1cc2c(cc1C(=O)CCC(=O)[O-])CCN2CC(=O)N
dude_grik1__L002276,c1ccc(cc1)[N-]C2=NC(=S)NC(=O)[C@@H]2C#N
dude_grik1__L002277,c1cc(ccc1[N-]S(=O)(=O)c2cc(c(cc2Cl)F)C(=O)[O-])n3nccn3
dude_grik1__L002278,Cc1cc(no1)[N-]S(=O)(=O)c2cc(ccc2N)Br
dude_grik1__L002279,CCCNC(=O)[C@@H](C)NC(=O)N1C[C@@H](C[C@@H]1C(=O)[O-])O
dude_grik1__L002280,Cc1c(c(n(n1)C)NC[C@H]2COCCO2)N
dude_grik1__L002281,CC(C)[C@@H](C(=O)[O-])NC(=O)Nc1cccc(c1)S(=O)(=O)N
dude_grik1__L002282,CC(C)NC(=O)N[C@H]1C[C@H]2C(=O)N3CCNC[C@H]3C(=O)N2C1
dude_grik1__L002283,c1cc2c(cc1N\3[C@H]4CS(=O)(=O)C[C@H]4S/C3=N\C(=O)CCC(=O)[O-])OCO2
dude_grik1__L002284,C=C1C[S@](=O)[C@H]2[C@@H](C(=O)N2[C@H]1C(=O)OCc3ccc(cc3)[N+](=O)[O-])NC(=O)COc4ccccc4
dude_grik1__L002285,C[C@@H]([C@H](C(=O)[O-])NC(=O)[C@@H]1Cc2ccccc2O1)O
dude_grik1__L002286,Cc1ccc(c(c1)C)NC(=O)N2C[C@H](C[C@H]2C(=O)[O-])O
dude_grik1__L002287,c1cc(cc(c1)[N+](=O)[O-])C(=O)NNC(=O)[C@@H]2CC=CC[C@@H]2C(=O)[O-]
dude_grik1__L002288,c1ccc(c(c1)CC(=O)[O-])NC(=O)NCc2ccco2
dude_grik1__L002289,CS(=O)(=O)NCCn1c(=O)[nH]nc1SCC(=O)[O-]
dude_grik1__L002290,Cn1cc(cn1)S(=O)(=O)[N-]c2ccc(c(c2)[N+](=O)[O-])Cl
dude_grik1__L002291,CS(=O)(=O)CCS(=O)(=O)N[C@H](CO)C(=O)[O-]
dude_grik1__L002292,c1ccc2c(c1)cc(c(=O)o2)C(=O)Nc3cccc(c3)[N-]S(=O)(=O)N
dude_grik1__L002293,c1cn(c(=O)[nH]c1=O)[C@@H]2[C@@H]([C@@H]([C@@H](O2)CO)O)F
dude_grik1__L002294,Cc1ccc(cc1)C(=O)C2=C(C(=O)N([C@@H]2c3ccc(cc3)[N+](=O)[O-])c4nc(c(s4)C(=O)OC)C)[O-]
dude_grik1__L002295,c1ccc2c(c1)C(=O)N(S2(=O)=O)CS(=O)(=O)[N-]c3nncs3
dude_grik1__L002296,C1C[C@H]2[C@H](C1)OCCN2C(=O)C(=O)NCC[NH3+]
dude_grik1__L002297,c1cc(ccc1c2nc3ccc(cc3n2[O-])[N+](=O)[O-])NC(=O)/C=C/c4ccc(nc4)n5ccnc5
dude_grik1__L002298,C1C[C@H](OC1)CNC(=O)CCC(=O)NN
dude_grik1__L002299,CN(C[C@@H](COC)O)S(=O)(=O)c1c(cn[nH]1)C(=O)[O-]
dude_grik1__L002300,CC(C)O[C@@H]1[C@@H]([C@@H]([C@@H]([C@@H](O1)CO)O)O)NC(=O)C
dude_grik1__L002301,Cc1c(c(nc(=O)[nH]1)SC)C(=O)N(CCO)CCO
dude_grik1__L002302,c1csc(n1)NC(=O)CNC(=O)[C@H]2COCCO2
dude_grik1__L002303,CC(=O)N[C@H]1C[C@H](O[C@@H]([C@@H]1O)CN=[N+]=[N-])OC
dude_grik1__L002304,C[C@H]1CCCC[C@@]12C(=O)N(C(=O)N2)CC(=O)NCC(=O)NC(C)(C)C
dude_grik1__L002305,C[C@@H](c1[n-]nnn1)NS(=O)(=O)c2cc(cnc2NN)Br
dude_grik1__L002306,CN(CC(=O)N)C(=O)c1ccc(s1)/C=C/C(=O)[O-]
dude_grik1__L002307,c1cc2c(cc1C(=O)NCC(=O)NCC(=O)[O-])CCO2
dude_grik1__L002308,CC[C@H]1CN(CCO1)S(=O)(=O)c2ccc(cc2N)[N+](=O)[O-]
dude_grik1__L002309,C[C@H]1CCc2c(sc(c2C(=O)[O-])NC(=O)[C@H](C)N3CCN(CC3)S(=O)(=O)c4cccs4)C1
dude_grik1__L002310,CC(C)C[C@@H](C(=O)N1CCC[C@@H]1C(=O)[O-])NC(=O)N
dude_grik1__L002311,CN(CCC[C@H](c1cccnc1)O[C@H]2[C@H]([C@H]([C@@H]([C@H](O2)C(=O)[O-])O)O)O)N=O
dude_grik1__L002312,CCCCS(=O)(=O)/N=C(/c1ccn(n1)c2ccc(cc2)[N+](=O)[O-])\[O-]
dude_grik1__L002313,Cc1ccc(c(n1)N2CCC[C@H]2CC(=O)[O-])C(=O)N
dude_grik1__L002314,c1cnc(cc1CSc2nccc(n2)[O-])N
dude_grik1__L002315,C[C@@](C1CC1)(C(=O)[O-])NC(=O)N[C@@H]2CCCNC2=O
dude_grik1__L002316,Cc1ccc2c(c1)sc(n2)N3[C@@H](C(=C(C3=O)[O-])C(=O)c4ccncc4)c5cccc(c5)[N+](=O)[O-]
dude_grik1__L002317,Cn1c(c(c(n1)C(=O)[O-])CCO)O
dude_grik1__L002318,CCN(CC)c1ccc(cc1)[C@H]2C(=C(C(=O)N2CCOCCO)[O-])C(=O)c3ccc4c(c3)C[C@@H](O4)C
dude_grik1__L002319,COc1ccc2c(c1)CC[C@H]([C@@H]2O)N3CCOCC3
dude_grik1__L002320,COCC[C@@H](C(=O)[O-])NC(=O)[C@H]1CCCN(C1)C(=O)N
dude_grik1__L002321,CC(C)(C(=O)[O-])n1c(c(nn1)C(=O)[O-])c2cccs2
dude_grik1__L002322,c1cnccc1NC(=O)C(=O)NCCCO
dude_grik1__L002323,CC(C)C[C@H](C(=O)N[C@]1(CCSC1)C(=O)[O-])NC(=O)N
dude_grik1__L002324,c1cc(cc(c1)[N+](=O)[O-])/C=N/Nc2ccc(cc2)S(=O)(=O)[O-]
dude_grik1__L002325,c1cc(c(cc1F)Cl)OCC(=O)N[C@@H](CC(=O)N)C(=O)[O-]
dude_grik1__L002326,c1ccc2c(c1)nc(s2)/N=C(/C(=C/c3cc(ccc3[O-])[N+](=O)[O-])/C#N)\[O-]
dude_grik1__L002327,C[C@@](CCCOC[C@H]1CCCO1)(C(=O)[O-])[NH3+]
dude_grik1__L002328,C[C@H](c1[n-]nnn1)NC(=O)CCSCC(=O)N
dude_grik1__L002329,c1c(=[NH2+])ncn2c1O[C@H]3[C@@H]2O[C@@H]([C@H]3O)CO
dude_grik1__L002330,c1cc(ncc1NCCCO)NC(=O)CCC(=O)[O-]
dude_grik1__L002331,C1CN(CC[NH2+]1)CC(=O)NCC(=O)[O-]
dude_grik1__L002332,CSCC[C@H](C(=O)N(CC1CC1)CC(=O)[O-])NC(=O)N
dude_grik1__L002333,C(CO)NC(=O)C(=O)NCC#N
dude_grik1__L002334,c1cc(cnc1)CN2[C@@H](C(=C(C2=O)[O-])C(=O)/C=C/c3ccco3)c4ccc(cc4)[N+](=O)[O-]
dude_grik1__L002335,C[C@@](C1CC1)(C(=O)[O-])NC(=O)NC[C@H]2CCCOC2
dude_grik1__L002336,C[C@@H]1CC[C@@H](CN1C(=O)N2C[C@@H](C[C@@H]2C(=O)[O-])O)C(=O)N
dude_grik1__L002337,CN1c2ccccc2[C@]3(C1=O)[C@@H]4C(=NC(=NC4=O)SCc5ccc(cc5)F)[N-]C(=C3C#N)N
dude_grik1__L002338,CN1C[C@@H](C(=O)N(C1=O)C)S(=O)(=O)[N-]c2cc(c(c3c2cccc3)O)Sc4[nH]ncn4
dude_grik1__L002339,c1cc(c(cc1N)F)S(=O)(=O)[N-]c2nccs2
dude_grik1__L002340,C[C@@](C1CC1)(C(=O)[O-])NC(=O)NC[C@@H]2CC[NH+](C2)C
dude_grik1__L002341,CC(=O)N[C@H]1[C@H]([C@@H]([C@H](O[C@H]1O)CO)O)OC(=O)C
dude_grik1__L002342,CC1(O[C@@H]2[C@H](O1)[C@H](O[C@H]2[C@@H](CO)O)O)C
dude_grik1__L002343,Cc1c(c(=O)[nH]c(=O)[nH]1)S(=O)(=O)[N-]c2ccccc2C(=O)NCc3cccnc3
dude_grik1__L002344,c1cc(ccc1NC(=O)C2(CC2)C(=O)[O-])S(=O)(=O)N
dude_grik1__L002345,Cc1n[nH]c(=S)n1/N=C/c2ccc(c(c2)[N+](=O)[O-])NC
dude_grik1__L002346,COC1=C/C(=C/2\C=CC=CC2=O)/C=C3N1C(=CN3)[O-]
dude_grik1__L002347,C1CCN([C@H](C1)CCO)C(=O)N2C[C@@H](C[C@@H]2C(=O)[O-])O
dude_grik1__L002348,Cc1nc(on1)[C@H]2CCCN(C2)C(=O)Nc3c[nH]nc3
dude_grik1__L002349,CCCc1cc(=O)[nH]c(=S)n1[C@@H]2[C@@H]([C@@H]([C@@H]([C@@H](O2)C(=O)OC)OC(=O)C)OC(=O)C)OC(=O)C
dude_grik1__L002350,CC(C)[C@@H](C(=O)[O-])NC(=O)Cc1csc(n1)N
dude_grik1__L002351,Cc1ccc(cc1C)NC(=O)CSCC(=O)NCCC(=O)[O-]
dude_grik1__L002352,CC[C@H](C(=O)[O-])NC(=O)c1c(c(sc1NC(=O)CC)C)C
dude_grik1__L002353,CC(C)C[C@H](C(=O)[O-])NC(=O)Nc1nc(cs1)C2CC2
dude_grik1__L002354,CO/N=C(\c1csc(n1)N)/C(=O)N[C@H]2[C@@H]3N(C2=O)C(=C(CS3)CS)C(=O)[O-]
dude_grik1__L002355,CC(C)COc1ccc(cc1)C(=O)C2=C(C(=O)N([C@@H]2c3ccc(cc3)[N+](=O)[O-])CCN4CCOCC4)[O-]
dude_grik1__L002356,Cc1cccc(c1)C(=O)NCC(=O)OCC(=O)Nc2cc(ccc2C)S(=O)(=O)N3CCOCC3
dude_grik1__L002357,c1cnc(nc1)NC(=O)NCC(=O)NCC(=O)[O-]
dude_grik1__L002358,c1cc(ccc1N2C[C@@H](CC2=O)C(=O)[O-])[N+](=O)[O-]
dude_grik1__L002359,Cc1ccc(c(c1)S(=O)(=O)N[C@@H](CCSC)C(=O)NNC(=O)c2cccc(c2)[N+](=O)[O-])C
dude_grik1__L002360,Cc1c(c(n2c(n1)nc(n2)CC(=O)[O-])[O-])[N+](=O)[O-]
dude_grik1__L002361,Cc1nnc(s1)NC(=O)C(=O)NN
dude_grik1__L002362,COC(=O)N/N=C(\NC(=O)c1cc(cc(c1)[N+](=O)[O-])[N+](=O)[O-])/[S-]
dude_grik1__L002363,C[C@H](c1cccs1)NC(=O)NC(=O)CCC(=O)[O-]
dude_grik1__L002364,C1CN(C[C@@H]1O)C(=O)NC2CCC(CC2)C(=O)[O-]
dude_grik1__L002365,c1cn(c(=O)nc1N)[C@H]2[C@@H]([C@@H]([C@H](O2)CO[P@@](=O)([O-])S)O)O
dude_grik1__L002366,CCOc1ccc(cc1OCC)Cc2nc3c4c(ncn3n2)Oc5c(c([nH]n5)C)[C@@H]4c6cnn(c6)C
dude_grik1__L002367,CC(C)N(CC(=O)N)c1c(cc(cc1F)/C=C/C(=O)[O-])F
dude_grik1__L002368,Cc1cc(c(c(=O)[nH]1)[C@H](c2ccncc2)c3c([nH]c(=O)cc3[O-])C)[O-]
dude_grik1__L002369,CNC(=O)[C@H]1CCCN1C(=O)CC(=S)N
dude_grik1__L002370,CC(C)N(CCCC(=O)[O-])C(=O)c1ccc(cc1O)O
dude_grik1__L002371,Cc1cc(cc(c1C)S(=O)(=O)[N-]c2cc(cc(c2)F)F)C(=O)[O-]
dude_grik1__L002372,C[C@@H]1CCC[C@@](C1)(C(=O)[O-])NC(=O)N2CCCC[C@@H]2C
dude_grik1__L002373,Cc1csc(n1)CNC(=O)N[C@@]2(CCC[C@@H](C2)C)C(=O)[O-]
dude_grik1__L002374,C[C@H](c1ccsc1)NC(=O)N[C@H]([C@@H](C)O)C(=O)[O-]
dude_grik1__L002375,c1c(cc(c(c1NC(=O)N[C@H](CO)C(=O)[O-])F)F)F
dude_grik1__L002376,C1CS(=O)(=O)C[C@@H]1NC(=O)N[C@@H]2CCS(=O)(=O)C2
dude_grik1__L002377,COCCn1c(=O)ccc(n1)C(=O)N[C@H](CCO)C(=O)[O-]
dude_grik1__L002378,c1cnn(c1)CCNC(=O)NC2(CCCCC2)C(=O)[O-]
dude_grik1__L002379,COc1ccc(cc1)N\2C(=O)/C(=C\C(=O)OC)/S/C2=N\[N-]C3=NC(=O)C4=C5CCCC[C@@H]5SC4=N3
dude_grik1__L002380,c1cc(c(cc1S(=O)(=O)N2CCCSCC2)[N+](=O)[O-])NN
dude_grik1__L002381,Cc1nnc(o1)[C@H](C)Sc2nnc(n2N)c3cccnc3
dude_grik1__L002382,CC(C)c1ccc(\C=C\C[C@H](C[C@H](N)C(O)=O)C(O)=O)cc1
dude_grik1__L002383,CO[C@@H]1[C@H](O[C@@H]([C@@H]([C@@H]1O)O)O)CO
dude_grik1__L002384,Cc1c(sc(c1C(=O)[O-])NC(=O)N2CC[C@@H](C2)O)C
dude_grik1__L002385,CC(C)(C(=O)[O-])NC(=O)NCCCS(=O)(=O)C
dude_grik1__L002386,C[C@H]1C(=C2C(=NC(=NC2=O)[N-]/N=C\3/N(C(=O)/C(=C/C(=O)OC)/S3)c4ccc(cc4)OC)S1)C
dude_grik1__L002387,c1ccc(cc1)C2=NO[C@@H](N2)CCNC(=O)C3CCN(CC3)C4=NC=NC5=NC=N[C@H]54
dude_grik1__L002388,C1CN(CCN1CCO)C(=O)N2C[C@@H](C[C@@H]2C(=O)[O-])O
dude_grik1__L002389,C[C@H]1CN([C@@H](CO1)C)S(=O)(=O)c2cnc(nc2)N
dude_grik1__L002390,C1CS(=O)(=O)C[C@@H]1N(CC(=O)[O-])C(=O)[C@H]2COCCO2
dude_grik1__L002391,CC1(C[C@H]1NC(=O)N2C[C@H](C[C@@H]2C(=O)[O-])O)C
dude_grik1__L002392,c1cc2c(cc1CNc3c4cn[nH]c4ncn3)OCCCO2
dude_grik1__L002393,C1CS(=O)(=O)C[C@@H]1NC(=O)NC(=O)CCC(=O)[O-]
dude_grik1__L002394,COc1cc(ccc1O)[C@H]2C3=C(COC3=O)c4c5ccccc5ccc4N2
dude_grik1__L002395,C1CCC(CC1)NC(=O)N2C[C@H](C[C@@H]2C(=O)[O-])O
dude_grik1__L002396,Cc1c(sc(n1)N2[C@H](C(=C(C2=O)[O-])C(=O)c3ccc4c(c3)OCCO4)c5cccnc5)C(=O)OC
dude_grik1__L002397,CCC[C@@](C)(C(=O)[O-])NC(=O)NCc1cnn(c1)C
dude_grik1__L002398,c1c(cn(n1)CC(=O)[O-])NC(=O)Cn2cnnn2
dude_grik1__L002399,Cn1c2c(c(=O)n(c1=O)C)[nH]c(n2)[C@H]3CC[C@@H](C3)O
dude_grik1__L002400,Cc1ccc(c2c1nccc2)NC(=O)/C=C/C(=O)[O-]
dude_grik1__L002401,C[C@H]1CCC[C@H](C1)NC(=O)NC(=O)C[C@@H](C)CC(=O)[O-]
dude_grik1__L002402,Cc1ccc(cc1)CNc2nc3nc(cc(n3n2)[O-])CN4CCN(CC4)c5cccc(c5)C(F)(F)F
dude_grik1__L002403,c1c(c(cc(c1[N+](=O)[O-])[O-])[O-])/C=N/N2C(=O)[C@H]3[C@H]4CC[C@@H]([C@@H]3C2=O)C=C4
dude_grik1__L002404,COc1cc(c(c(c1OC)OC)NC(=O)C2CCN(CC2)c3ccc(cn3)C(F)(F)F)C(=O)[O-]
dude_grik1__L002405,CN(CCC#N)C(=O)c1cccnc1NN
dude_grik1__L002406,Cn1cc(cn1)/C=C/C(=O)NCC(=O)NCC(=O)[O-]
dude_grik1__L002407,c1cc(c(c(c1[N-]S(=O)(=O)c2ccc(s2)C(=O)[O-])F)F)F
dude_grik1__L002408,CC(C)[C@H](c1cccs1)NC(=O)N[C@@H](C(C)C)C(=O)[O-]
dude_grik1__L002409,C[C@@](C1CC1)(C(=O)[O-])NC(=O)NC[C@H]2CCC=CC2
dude_grik1__L002410,CC(=O)Nc1cccc(c1)C(=O)N[C@@H](Cc2cccc(c2)F)C(=O)[O-]
dude_grik1__L002411,CC(C)N1C(=O)c2ccc(cc2S1(=O)=O)C(=O)NNC(=O)c3ccc4c(c3)OCCO4
dude_grik1__L002412,Cc1c(cc(cc1S(=O)(=O)Nc2cnn(c2)CC(=O)N(C)C)C(=O)[O-])F
dude_grik1__L002413,OC(=O)Cn3c(=O)c(=O)[nH]c4cc(N(=O)=O)c(n2ccc(CNCCCc1ccccc1)c2)cc34
dude_grik1__L002414,C[C@@H]1C[C@H](CN(C1)S(=O)(=O)N2[C@@H](C[C@@H]3[C@@H]2C[NH2+]C3)C)C
dude_grik1__L002415,Cc1ccc(cc1)c2ccc(=O)n(n2)[C@H](C)C(=O)Nc3ccc(cc3)S(=O)(=O)[N-]c4nccs4
dude_grik1__L002416,c1cc(n(c1)c2ccc(cc2)C(=O)[O-])/C=C\3/C(=NC(=S)S3)[O-]
dude_grik1__L002417,c1cc(ccc1N)S(=O)(=O)[N-]c2nccs2
dude_grik1__L002418,c1c(c[nH]c1C(=O)[O-])S(=O)(=O)[N-]c2cc(c(cc2F)F)F
dude_grik1__L002419,COC(=O)N1CCN(CC1)C(=O)Nc2nncs2
dude_grik1__L002420,C1CO[C@H](CO1)CNC(=O)N[C@@H](CO)C(=O)[O-]
dude_grik1__L002421,c1ccc(cc1)Cc2c(n(c(=S)nn2)N)[O-]
dude_grik1__L002422,CCS(=O)(=O)Nc1[n-]cnn1
dude_grik1__L002423,C1[C@@H](CN([C@H]1C(=O)[O-])C(=O)NCC[NH3+])O
dude_grik1__L002424,CCOC(=O)C(=O)N1C[N-]S(=O)(=O)c2c1cc(c(c2)S(=O)(=O)N)Cl
dude_grik1__L002425,C[C@H]([C@H](C(=O)[O-])NC(=O)N1CCC[C@@H](C1)C(=O)N)O
dude_grik1__L002426,CN(CC(=O)NCCOC)C(=O)N1C[C@@H](C[C@@H]1C(=O)[O-])O
dude_grik1__L002427,c1cc(cc(c1)N2[C@@H](C(=O)N(C2=O)[C@H]3CCOC3=O)O)N
dude_grik1__L002428,Cc1c(c(n[nH]1)C)C(=O)Nc2ccc(cn2)C(=O)[O-]
dude_grik1__L002429,C1CCO[C@H](C1)C(=O)N2C[C@H](C[C@H]2C(=O)[O-])O
dude_grik1__L002430,Cc1cccc(c1)[N-]C2=N[C@H](N3C(=CC(=C)NC3=N2)[O-])c4ccncc4
dude_grik1__L002431,c1cc2c(cc1Cl)[nH]cc2C(=O)N3CCC[C@H]3C(=O)NCC(F)(F)F
dude_grik1__L002432,c1cc(c(cc1C(=O)N2CCC[C@H]2C(=O)N)[N+](=O)[O-])F
dude_grik1__L002433,c1c([nH]c(=O)[nH]1)C(=O)N[C@H](Cc2cnc[nH]2)C(=O)[O-]
dude_grik1__L002434,C1CO[C@@H](CN1C(=O)N(CCO)CCO)C(=O)[O-]
dude_grik1__L002435,CC1(CC(CC(N1O)(C)C)OP(=O)([O-])[O-])C
dude_grik1__L002436,c1cc(cnc1)/C=N/Nc2[nH]nc(n2)SC/C(=N/c3[nH]ncn3)/[O-]
dude_grik1__L002437,C[n+]1cn(c2c1c(nc(n2)N)[S-])[C@H]3[C@H]([C@@H]([C@@H](O3)CO)O)O
dude_grik1__L002438,c1ccc(c(c1)N(CCN(CC(=O)[O-])c2ccccc2O)CC(=O)[O-])O
dude_grik1__L002439,CN(CC(=O)N)S(=O)(=O)c1cc(cnc1)/C=C/C(=O)[O-]
dude_grik1__L002440,CCOc1ccc(cc1)[C@H]2CC(=O)N[C@H]3[C@@H]2C(=O)N=C4N3N=C[N-]4
dude_grik1__L002441,C=CCN\1C(=O)[C@@H](S/C1=N\c2ccc(cc2)O)CC(=O)NCC(=O)[O-]
dude_grik1__L002442,CS(=O)(=O)c1cccc(c1)C(=O)Nc2[n-]c(c(n2)C#N)C#N
dude_grik1__L002443,C[C@H](C(=O)[O-])S(=O)(=O)Nc1c[nH]nc1
dude_grik1__L002444,CCCOc1cccc(c1)C(=O)C2=C(C(=O)N([C@@H]2c3ccc(cc3)[N+](=O)[O-])CCCO)[O-]
dude_grik1__L002445,c1cc(ccc1C(=O)N2CCN(CC2)CCNC(=O)C(=O)Nc3ccc(cc3)F)[N+](=O)[O-]
dude_grik1__L002446,CCn1cc(c(n1)N)S(=O)(=O)N2C[C@H](OC(C2)(C)C)C
dude_grik1__L002447,c1c(c(cc(c1F)F)Cl)C(=O)NCC(=O)NCC(=O)[O-]
dude_grik1__L002448,C[C@@H](c1ccco1)NC(=O)N2C[C@@H](C[C@@H]2C(=O)[O-])O
dude_grik1__L002449,c1c(ncc(=O)[nH]1)C(=O)NCCCO
dude_grik1__L002450,c1ccc(cc1)c2cc(nc(n2)NCC(=O)[O-])NCC(=O)[O-]
dude_grik1__L002451,c1cc(sc1)S(=O)(=O)N2CCC(CC2)C(=O)Nc3nnc(o3)Cc4ccc5c(c4)OCCO5
dude_grik1__L002452,Cc1ccc(cc1F)[N-]S(=O)(=O)c2c[nH]nc2
dude_grik1__L002453,CCN([C@@H]1CCS(=O)(=O)C1)C(=O)c2nc([nH]n2)N
dude_grik1__L002454,Cc1c(c(n(n1)c2ccc(cc2)C(=O)O[C@H](C)C(=O)Nc3c(ccs3)C(=O)N)C)CCC(=O)OC
dude_grik1__L002455,c1cc(oc1)[C@H]2c3c(nc(s3)[S-])S[C@@H]4[C@@H]2C(=O)N(C4=O)C(=O)N
dude_grik1__L002456,C[C@@H]([C@H](C(=O)[O-])NC(=O)Nc1cccc(c1F)F)O
dude_grik1__L002457,Cc1cc(c(s1)C)[C@@H](C)Nc2ncc(cn2)[N+](=O)[O-]
dude_grik1__L002458,C1C[C@@H]2[C@@H](C1)OCCN2C(=O)C(=O)NCC(=S)N
dude_grik1__L002459,CSCC[C@@H](C(=O)[O-])NC(=O)c1ccc2c(c1)nc[nH]2
dude_grik1__L002460,C1CN(CCN1C=O)C(=O)NCC(=O)[O-]
dude_grik1__L002461,Cc1c(c([nH]c1C(=O)N[C@H]2CCSc3c2cccc3F)C)C(=O)OC
dude_grik1__L002462,CC(C)(C)OC(=O)NNC(=O)N[C@H]1CCCN(C1)S(=O)(=O)C
dude_grik1__L002463,CC(=O)N[C@H]1[C@H]([C@@H]([C@@H](O[C@H]1O)CO)O)OC
dude_grik1__L002464,CCOC(=O)c4ccc(NC(=O)NCc3ccn(c2cc1n(CC(O)=O)c(=O)c(=O)[nH]c1cc2C(F)(F)F)c3)cc4
dude_grik1__L002465,c1cc(c(cc1[N+](=O)[O-])F)NC(=O)N[C@H](CO)C(=O)[O-]
dude_grik1__L002466,c1cc(ccc1/C=C/C(=O)Nc2cc(cc(c2)C(=O)[O-])C(=O)[O-])[N+](=O)[O-]
dude_grik1__L002467,Cc1cc(no1)NC(=O)N2CCCCC[C@H]2c3ccncc3
dude_grik1__L002468,c1cc(cc(c1)NC(=O)[C@H]2CCCO2)C(=O)N3CCC(=O)NCC3
dude_grik1__L002469,C[C@@H]1CCC[C@](C1)(C(=O)[O-])NC(=O)N[C@@H]2CCCC[C@@H]2C
dude_grik1__L002470,Cc1ccc2c(c1)C[C@@]3(CN2C)C(=NC(=O)N(C3=O)c4cc(c(c(c4)OC)OC)OC)[O-]
dude_grik1__L002471,c1c(cnc(c1Cl)N)/C(=N/c2nncs2)/[O-]
dude_grik1__L002472,C1COCCN1C(=O)NCC(=O)NCC(=O)[O-]
dude_grik1__L002473,N[C@@H](Cn1oc(=O)nc1O)C(O)=O
dude_grik1__L002474,c1cc(cc(c1)NS(=O)(=O)CCCC(=O)[O-])C(=O)N
dude_grik1__L002475,CSCC[C@H](C(=O)[O-])NC(=O)NC[C@@H]1CCS(=O)(=O)C1
dude_grik1__L002476,CSCCCN1C(=O)[C@H]2[C@H]([NH2+][C@@]([C@@H]2C1=O)(CC(=O)[O-])C(=O)[O-])c3ccccc3C#N
dude_grik1__L002477,c1cc(cc(c1)n2c(cnn2)CC(=O)[O-])C(=O)[O-]
dude_grik1__L002478,Cc1c(c(n2c(n1)nc(n2)SC)C)CC(=O)Nc3[n-]ncn3
dude_grik1__L002479,CCN(CCOC)C(=O)C(=O)NN
dude_grik1__L002480,c1c(c(=O)[nH]c(n1)N)[C@H]2C[C@H]([C@H](O2)CO)O
dude_grik1__L002481,CCc1nnc(s1)NC(=O)N2CCN(CC2)C(=O)OC
dude_grik1__L002482,C[C@@H]1CCC[C@](C1)(C(=O)[O-])NC(=O)N(CCO)CCO
dude_grik1__L002483,CCOc1ccccc1OCc2nnc(n2N)[S-]
dude_grik1__L002484,C[C@@H]1CC[C@@H](CN1C(=O)/C=C/C(=O)[O-])C(=O)N
dude_grik1__L002485,c1cc(c(cc1C(=O)N)CS(=O)(=O)CCC(=O)[O-])F
dude_grik1__L002486,Cc1c(sc(n1)[O-])S(=O)(=O)[N-]c2ccc(c(c2)Cl)C(=O)N
dude_grik1__L002487,C1C[C@H](COC1)CNC(=O)N[C@@H](CC(=O)N)C(=O)[O-]
dude_grik1__L002488,Cc1cc(c2c(c1)N(CCC2)C(=O)c3c(c(nnc3[O-])C)C)C
dude_grik1__L002489,C1CS(=O)(=O)C[C@H]1CNC(=O)NC(=O)CCC(=O)[O-]
dude_grik1__L002490,CCc1nnc(s1)/N=C(/c2cc(c(c(c2)Br)[O-])OC)\[O-]
dude_grik1__L002491,C[C@@H]1CCC[C@@H](C1)NC(=O)NCC(=O)[O-]
dude_grik1__L002492,C[C@@H]1CCCC[C@H]1CNC(=O)NC(=O)CCC(=O)[O-]
dude_grik1__L002493,CC1([C@@H]([C@H](c2c(c(c3c(c2OC)ccc(=O)o3)OC)O1)O)O)C
dude_grik1__L002494,Cc1c2cc(cnc2n(n1)C)NC(=O)CNS(=O)(=O)C
dude_grik1__L002495,c1cc2c(cc1c3csc(n3)C4CC[NH2+]CC4)OCCO2
dude_grik1__L002496,c1cc(cc(c1)[N+](=O)[O-])C(=O)[C@H]2[C@@H]3[C@@H]([C@@H]4N2N=CC=C4)C(=NC3=O)[O-]
dude_grik1__L002497,C1C[C@@H]2[C@@H]3[C@@H]4[C@H]1[C@@H]5[C@]2([C@H]3[C@]45C(=O)[O-])C(=O)[O-]
dude_grik1__L002498,CC(C)[C@@H](C(=O)N1CCC(CC1)C(=O)[O-])NC(=O)N2CC(=Nc3c2cccc3)O
dude_grik1__L002499,c1ccc2c(c1)c(ncn2)S[C@@H]3[N-]C4=NC=NC(=[NH2+])C4=N3
dude_grik1__L002500,c1cnc(nc1)[N-]S(=O)(=O)CC(=O)NN
dude_grik1__L002501,C[C@H]1CN([C@H](CO1)C)C(=O)N[C@@H](CO)C(=O)[O-]
dude_grik1__L002502,Cc1nnc(s1)/N=C(/C(=C/c2ccncc2)/C#N)\[O-]
dude_grik1__L002503,CS(=O)(=O)c1ccc(c(c1)S(=O)(=O)[N-]c2nncs2)NN
dude_grik1__L002504,CCC[C@@](C)(C(=O)[O-])NC(=O)N[C@@H]1C[C@@H]1C
dude_grik1__L002505,CC(=O)N[C@@H]1[C@H]([C@H]([C@H](O[C@@H]1O)CO)O)OC(=O)C
dude_grik1__L002506,CCC(C)N1CCc3c(C1)c2nc(O)c(O)nc2cc3N(=O)=O
dude_grik1__L002507,c1cc(ncc1C(=O)[O-])C(=O)N(CC(=O)N)CC(=O)N
dude_grik1__L002508,C[C@H]1CC[C@H](CN1C(=O)N2CSC[C@H]2C(=O)[O-])C(=O)N
dude_grik1__L002509,c1cc(cc(c1)C(=O)N2CCC[C@H](C2)C(=O)[O-])C(=O)N
dude_grik1__L002510,C1CCC(CC1)(C(=O)[O-])NC(=O)N2CC[C@@H](C2)O
dude_grik1__L002511,Cc1c(sc(n1)NC(=O)c2nc([nH]n2)[O-])C
dude_grik1__L002512,c1cc2c(cc1CNC(=O)C(=O)NC[C@H]3N(CCO3)S(=O)(=O)c4cc(ccc4F)F)OCO2
dude_grik1__L002513,CN(CCC(=S)N)C(=O)CCn1c(=O)ccc(n1)[O-]
dude_grik1__L002514,CCc1ccc(cc1)[C@](CC)(C(=O)[O-])Sc2nncn2N
dude_grik1__L002515,Cc1cc(nc(c1C(=O)N)SCCC(=O)[O-])C
dude_grik1__L002516,C[C@H]1COCCN1C(=O)N[C@@H](CO)C(=O)[O-]
dude_grik1__L002517,c1cnc(c(n1)C(=S)N)NC2CCS(=O)(=O)CC2
dude_grik1__L002518,C1CN(C[C@H]1O)C(=O)N2C[C@@H](C[C@H]2C(=O)[O-])O
dude_grik1__L002519,c1cnc(c(n1)C(=O)N)N(CC(=O)[O-])[C@@H]2CCS(=O)(=O)C2
dude_grik1__L002520,CC[C@H](C)[C@@H](C(=O)[O-])NC(=O)[C@H](C)NC(=O)[C@H]1CC(=O)N(C1)c2ccc3c(c2)OCCO3
dude_grik1__L002521,c1cc(cc(c1)NC(=O)/C=C\C(=O)[O-])NC(=O)/C=C\C(=O)[O-]
dude_grik1__L002522,Cc1cc(ccc1NC(=O)N(C)[C@@H]2CCSC2)C(=O)[O-]
dude_grik1__L002523,Cc1c(c[nH]n1)CNC(=O)NC(C)(C)CCC(=O)[O-]
dude_grik1__L002524,c1ncn(n1)CC(=O)N2CCO[C@H](C2)C(=O)[O-]
dude_grik1__L002525,c1cc(=O)oc2c1cc(c(c2)O)O[C@H]3[C@H]([C@@H]([C@@H](O3)CO)O)O
dude_grik1__L002526,c1cc(oc1)C(=O)C2=C(C(=O)N([C@@H]2c3ccc(cc3)[N+](=O)[O-])C[C@H]4CCCO4)[O-]
dude_grik1__L002527,C[C@@H](CNc1ccc(cn1)NC(=O)CCC(=O)[O-])O
dude_grik1__L002528,Cc1cc(no1)N2[C@H](C(=C(C2=O)[O-])C(=O)c3cccs3)c4cccc(c4)[N+](=O)[O-]
dude_grik1__L002529,CS(=O)(=O)O[C@@H]1[C@H]([C@@H](O[C@@H]([C@H]1O)O)CO)O
dude_grik1__L002530,Cc1c(cccc1OCC(=O)N2CCC(CC2)C(=O)N)[N+](=O)[O-]
dude_grik1__L002531,c1c2c(sc1C(=O)NNC(=O)c3nc([nH]n3)[O-])CCC2
dude_grik1__L002532,C[C@H](C(=O)N[C@](C)(C1CC1)C(=O)[O-])NC(=O)c2cccs2
dude_grik1__L002533,C[C@@H]1CCCCN1C(=O)c2ccc(cc2)NC(=O)N3CCO[C@H](C3)C(=O)N
dude_grik1__L002534,Cc1ccc(c(n1)N2CCS(=O)(=O)CC2)/C(=N/O)/N
dude_grik1__L002535,C1=CN=C2[C@H]1C(=CC=N2)C(=O)[O-]
dude_grik1__L002536,Cc1c2cc(cnc2n(n1)C)C(=O)N[C@@H](C)C(=O)NC
dude_grik1__L002537,c1ccc2c(c1)c(c[nH]2)C[C@@H](C(=O)[O-])NC(=O)COc3ccc4c(c3)OC(=O)[C@@H]5[C@H]4CCC5
dude_grik1__L002538,COC(=O)c1ccc(cc1)[N-]S(=O)(=O)c2cc(cs2)c3nc(on3)C(=O)N4CCCC4
dude_grik1__L002539,C1CN(CCN1CCO)C(=O)C/C(=N/O)/N
dude_grik1__L002540,[H]/N=c\1/[nH]c2=N[C@@H](N=c2c(n1)[O-])N3CCN(CC3)C
dude_grik1__L002541,Cc1ccccc1COc2ccc(cc2)C(=O)C3=C(C(=O)N([C@@H]3c4ccc(cc4)O)CCCn5ccnc5)[O-]
dude_grik1__L002542,Cc1ccc(cc1)S(=O)(=O)N[C@@H](C(C)C)C(=O)NNC(=O)c2cccc(c2)S(=O)(=O)N(C)C
dude_grik1__L002543,CCC(=O)N(c1nnc(s1)SCC(=O)Nc2c3c(c(n[nH]c3=O)C)c(o2)C)C4CC4
dude_grik1__L002544,C[C@@H](C(=O)Nc1ccc(nc1)n2cncn2)NC(=O)c3ccccc3
dude_grik1__L002545,C[C@@H](CN1CCOCC1)NC(=O)NCC(=O)[O-]
dude_grik1__L002546,CC[C@H]1COCCN1C(=O)C2(CCOCC2)/C(=N/O)/N
dude_grik1__L002547,c1cc(c(cc1c2nnnn2C[C@@H]3COCCO3)N)F
dude_grik1__L002548,CC(=O)N[C@@H]1[C@@H]([C@@H](O[C@@H]([C@@H]1O)CO)O)NC(=O)C
dude_grik1__L002549,CC(C)(C)n1c(=O)c(c([nH]c1=O)[O-])[C@H]2[C@@H]3C(=c4cc(ccc4=[NH+]3)OC)CCN2
dude_grik1__L002550,Cc1c(c(n(n1)C)C)S(=O)(=O)N[C@@H](C)c2nncn2C
dude_grik1__L002551,C[C@@H]1CCCN(C1)S(=O)(=O)[N-]c2cnn(c2)CC(=O)OC
dude_grik1__L002552,C[C@@H](CC(=O)NC(=O)N[C@@H](C)c1cccs1)CC(=O)[O-]
dude_grik1__L002553,Cc1ccc(c(n1)N(CCOC)CC(=O)[O-])C(=O)N
dude_grik1__L002554,c1cc(oc1)c2nc(cs2)CC(=O)Nc3ccc(cc3)S(=O)(=O)[N-]c4ncccn4
dude_grik1__L002555,CCC1=C([C@H](N2C(=CSC2=N1)/C=C(/NCc3ccccn3)\[O-])c4ccc(cc4)[N+](=O)[O-])C(=O)OC
dude_grik1__L002556,CC[C@@H](C)[C@H](C(=O)N1CSC[C@@H]1C(=O)[O-])NC(=O)N
dude_grik1__L002557,C1C[C@H](CN(C1)C(=O)N)C(=O)N2CC[C@H](C2)C(=O)[O-]
dude_grik1__L002558,C[C@@H](CC(=O)NC(=O)N[C@H](C)C(=O)N(C)C)CC(=O)[O-]
dude_grik1__L002559,CN(CCC#N)C(=O)Nc1cnn(c1)CC(=O)N
dude_grik1__L002560,Cc1ccc(c(c1)Cl)S(=O)(=O)N2C[C@@H](CC[C@@H]2C)C(=O)N
dude_grik1__L002561,c1ccc(c(c1)[N-]S(=O)(=O)c2cnc(nc2)N)Cl
dude_grik1__L002562,C[C@@H](C(=O)Nc1cccc(c1)[N+](=O)[O-])Oc2ccc(cc2C(=O)[O-])S(=O)(=O)N3CCOCC3
dude_grik1__L002563,c1ccc(c(c1)C(=O)[O-])NC(=O)C2CCN(CC2)S(=O)(=O)c3cc(ccc3Cl)[N+](=O)[O-]
dude_grik1__L002564,CC(C)[C@](C)(CC(=O)NC1(CCCC1)CO)C(=O)[O-]
dude_grik1__L002565,CCN(C(=O)CCSCC(=O)N)C(C)(C)C(=O)[O-]
dude_grik1__L002566,CC(C)(C)OC(=O)N1CCn2cccc2[C@@H]1C(=O)[O-]
dude_grik1__L002567,Cc1ccc(cc1NC(=O)COc2ccc(cc2[N+](=O)[O-])C(=O)[O-])S(=O)(=O)N3CCCCC3
dude_grik1__L002568,Cc1ccn2cc(nc2c1)C(=O)N[C@@H]([C@H](C)O)C(=O)[O-]
dude_grik1__L002569,CSCC[C@H](C(=O)[O-])Nc1c2ccc(cc2ncn1)C(=O)[O-]
dude_grik1__L002570,c1ccc(c(c1)NC(=O)C(=O)NC[C@@H]2CCOC2)I
dude_grik1__L002571,c1cc(c(cc1C(=O)[O-])[N-]S(=O)(=O)[C@H]2CCS(=O)(=O)C2)F
dude_grik1__L002572,CC(C)CCNS(=O)(=O)c1cc([nH]c1)C(=O)[O-]
dude_grik1__L002573,CC[NH+]1CCN(CC1)[C@H]2COc3c(cccc3F)[C@H]2O
dude_grik1__L002574,C[C@@](COC)(C(=O)[O-])Sc1nnc(s1)N
dude_grik1__L002575,c1cc2c(cc1C(=O)N3C[C@H](C[C@@H]3C(=O)[O-])O)nc[nH]2
dude_grik1__L002576,c1cc2c(cc1S(=O)(=O)N[C@@H](CO)C(=O)[O-])OCCO2
dude_grik1__L002577,C[C@@H](CN1CCOCC1)NC(=O)NCCC(=O)[O-]
dude_grik1__L002578,CC(=O)N[C@@H]1[C@@H]([C@@H]([C@H](O[C@H]1O)CO)O)O
dude_grik1__L002579,C[C@](C1CC1)(C(=O)[O-])NC(=O)NCCc2ccncc2
dude_grik1__L002580,CC(C)(C)CNC(=O)N1C[C@H](C[C@@H]1C(=O)[O-])O
dude_grik1__L002581,c1cc(cc(c1)OCN2CCC(CC2)C(=O)N)C(=O)[O-]
dude_grik1__L002582,c1cc(c(cc1S(=O)(=O)N2CCOCC2)NC(=O)CCN3CCSC3=O)N4CCOCC4
dude_grik1__L002583,COCC[C@@H](C(=O)[O-])Nc1c(nccn1)C(=O)N
dude_grik1__L002584,c1cnn(c1)CCNC(=O)N[C@H](CCO)C(=O)[O-]
dude_grik1__L002585,c1csc(n1)CCNC(=O)/C=C/C(=O)[O-]
dude_grik1__L002586,c1cocc1C(=O)NCCC(=O)N2C[C@@H](C[C@@H]2C(=O)[O-])O
dude_grik1__L002587,C[C@@]12CC[C@H]3[C@H]([C@@H]1CC[C@@]2(C)O)CCC4=C/C(=N/OCC(=O)N5C[C@@H](C[C@@H]5C(=O)[O-])O)/C=C[C@@]34C
dude_grik1__L002588,CO[C@@H]1[C@H]([C@H](O[C@H]1n2ccc(=O)[nH]c2=O)CO)O
dude_grik1__L002589,CCc1c(cnc2n1ncn2)C(=O)N(CC)CC(=O)[O-]
dude_grik1__L002590,CCCN(CC(=O)[O-])C(=O)NC1CCC(CC1)O
dude_grik1__L002591,c1ccc(c(c1)[C@H]2c3c(n[nH]c3OC(=C2C#N)N)c4ccncc4)C(=O)[O-]
dude_grik1__L002592,C[C@H](CN(C)C(=O)NCCc1ccc(cc1)C(=O)[O-])O
dude_grik1__L002593,c1ccc(cc1)CN2[C@H](NN[C@@H]2SC/C(=N/c3[nH]ncn3)/[O-])c4ccncc4
dude_grik1__L002594,Cn1cc(cn1)CNC(=O)NCC(=O)NCC(=O)[O-]
dude_grik1__L002595,C[C@H](CNC(=O)Nc1cc(ccc1F)C(=O)[O-])COC
dude_grik1__L002596,CCNc1ncc(cn1)S(=O)(=O)N2CCC(CC2)O
dude_grik1__L002597,CN(CC(=O)[O-])C(=O)NCCCC(=O)N
dude_grik1__L002598,C/C(=N\c1ccc(c(c1)[N+](=O)[O-])O)/c2c(c(c(=O)oc2O)C(=O)C)[O-]
dude_grik1__L002599,[C@H]\1([C@H](/C(=N\O)/C1=N/O)[O-])O
dude_grik1__L002600,C[C@]1(Cn2c(cc(n2)C(=O)NCCCN3CCCC3=O)C(=O)N1C)C(=O)NC4CCCCC4
dude_grik1__L002601,COc1ccc(cc1[N-]S(=O)(=O)c2cc(ccc2OC)[N+](=O)[O-])C#N
dude_grik1__L002602,C1[C@H](COC1=O)[P@@](=O)(CCC(=O)[O-])[O-]
dude_grik1__L002603,c1cc2c(cc1C(=O)NNC(=O)CC3(CCCCCC3)C(=O)[O-])OCO2
dude_grik1__L002604,Cc1cc(c(c(c1)C)NC(=O)N2CC[C@@H](C2)C(=O)[O-])C
dude_grik1__L002605,COc1ccc(cc1[N-]S(=O)(=O)c2ccc(cc2OC)[N+](=O)[O-])C#N
dude_grik1__L002606,CC(C)N(CC(=O)N)C(=O)C1(CCOCC1)C(=S)N
dude_grik1__L002607,CN(C/C(=N/O)/N)S(=O)(=O)c1ccc2c(c1)OCCO2
dude_grik1__L002608,Cc1ccc(c(c1)C)S(=O)(=O)[N-]c2c(c(ns2)C)C(=O)[O-]
dude_grik1__L002609,Cc1cccc(c1)[C@@H]2CC(=O)C(=C(S2)SCC#C)[C@H](CC(=O)[O-])N
dude_grik1__L002610,N[C@@H](C[C@@H](CCC(N)=O)C(O)=O)C(O)=O
dude_grik1__L002611,Cc1cc(cc(c1)C2(CC2)/C(=N/c3[nH]ncn3)/[O-])C
dude_grik1__L002612,COCCCNC(=S)NCCC(=O)[O-]
dude_grik1__L002613,CC(=O)N[C@@H]1[C@@H]([C@@H]2[C@@H](CO[C@@H](O2)c3ccccc3)O[C@@H]1Oc4ccc(cc4)Cl)OCC(=O)[O-]
dude_grik1__L002614,Cc1cccc(c1S(=O)(=O)[N-]c2ccccc2C(=O)N3CCC(CC3)C(=O)N)[N+](=O)[O-]
dude_grik1__L002615,CCc1nnc(s1)NC(=O)CSc2c(c3c(s2)c([nH]c(=O)n3)[O-])C#N
dude_grik1__L002616,CN(Cc1ccccn1)/C(=N/O)/N
dude_grik1__L002617,c1cc(sc1)c2ccc(n2c3ccc(cc3)C(=O)N)CCC(=O)[O-]
dude_grik1__L002618,C[C@@H](CC(=O)N[C@@H]1CCCCNC1=O)CC(=O)[O-]
dude_grik1__L002619,CS(=O)(=O)c1ccc(cc1)S(=O)(=O)[N-]c2cccc(c2)S(=O)(=O)/N=C\3/CCCN3
dude_grik1__L002620,C1C[C@H](N(C1)C(=O)CCC(=O)NCCCCCO)C(=O)[O-]
dude_grik1__L002621,Cn1cc(cc1C(=O)[O-])S(=O)(=O)N2CCC[C@H]2C(=O)OC
dude_grik1__L002622,CC(=O)N[C@H]1[C@@H]([C@H](O[C@@H]([C@@H]1O)O)CO)O
dude_grik1__L002623,c1cc(sc1)/C=N/Nc2[nH]nc(n2)SCC(=O)Nc3ccc(cc3)S(=O)(=O)N4CCCC4
dude_grik1__L002624,c1c(nc(s1)N)c2nnc3n2cnc4c3[n-]cn4
dude_grik1__L002625,Cc1cccc(c1S(=O)(=O)N[C@@H]2CCCNC2=O)[N+](=O)[O-]
dude_grik1__L002626,CNC(=O)c1cc(cn1C)S(=O)(=O)NCCO
dude_grik1__L002627,CC[C@]1(CCN(C1)C=O)C(=O)[O-]
dude_grik1__L002628,Cc1c(cco1)C(=O)N/N=C/c2cc(ccc2[O-])[N+](=O)[O-]
dude_grik1__L002629,CS(=O)(=O)CCS(=O)(=O)[N-]c1ccc(cc1)OCC(=S)N
dude_grik1__L002630,c1cscc1[C@@H]2c3c(nc[nH]3)C[C@H](N2)C(=O)[O-]
dude_grik1__L002631,C1=C[C@H](N=C1)C(=O)N[C@@H](CO)C(=O)[O-]
dude_grik1__L002632,c1cc(c(cc1[N+](=O)[O-])F)NC(=O)N(CC(=O)[O-])C2CC2
dude_grik1__L002633,C1[C@@H]([C@@H](O[C@@H]1N2[C@@H](N=C3C2=NC(=NC3=O)N)[O-])CO)O
dude_grik1__L002634,C=CCOc1ccc(cc1)[C@H]2c3c([nH]nc3C(=O)N2[C@H]4CCS(=O)(=O)C4)c5cc(ccc5[O-])Cl
dude_grik1__L002635,C[C@@H]1CCC[C@@H](N1C(=O)COc2ccc(cc2)C(=O)NNS(=O)(=O)c3cc(cs3)C(=O)[O-])C
dude_grik1__L002636,CCS(=O)(=O)N1CCC[C@H](C1)C(=O)Nc2cc[nH]n2
dude_grik1__L002637,CC[C@H](C)N1C(=O)/C(=C\NNc2nc3c(n2C)c(=O)n(c(=O)n3C)C)/C(=NC1=S)[O-]
dude_grik1__L002638,CNC(=O)[C@@H]1CCCCN1C(=O)Cn2cnc(n2)N
dude_grik1__L002639,Cn1ccnc1S[C@@H]2[C@H]([C@@H]([C@@H]([C@@H](O2)C(=O)[O-])O)O)O
dude_grik1__L002640,C[C@@H]1CCC[C@H](C1)N(C)C(=O)N[C@@H]([C@@H](C)O)C(=O)[O-]
dude_grik1__L002641,Oc3nc2cc(N(=O)=O)c(n1ccnc1)cc2nc3O
dude_grik1__L002642,c1([nH]nc(n1)/N=C(/C(C(C(F)(F)F)(F)F)(F)F)\[O-])C(=O)[O-]
dude_grik1__L002643,Cc1ccc(cc1S(=O)(=O)N2C[C@@H](C[C@H]2C(=O)[O-])O)[N+](=O)[O-]
dude_grik1__L002644,C[C@@H]1CN(C[C@@H](O1)C)C(=O)c2cc3c([nH]2)cccc3F
dude_grik1__L002645,c1ccc(c(c1)N2CCN(CC2)c3cnnc(c3Cl)[O-])F
dude_grik1__L002646,c1cnc(c(n1)C(=O)NCc2nnc3n2CCC3)N
dude_grik1__L002647,c1cc2c(cc1C(=O)CSc3[nH]c4c(=O)[nH]cnc4n3)OCCO2
dude_grik1__L002648,c1c(nc(s1)NC(=O)[C@H]2CCCN(C2)C(=O)N)CC(=O)[O-]
dude_grik1__L002649,C1CC1N2C[C@H](CC2=O)C(=O)N[C@H](CCO)C(=O)[O-]
dude_grik1__L002650,c1nc([n-]n1)/N=C(/C[NH+](CCCO)CCCO)\[O-]
dude_grik1__L002651,C1CN(CCNC1=O)S(=O)(=O)CCCC[NH3+]
dude_grik1__L002652,C[C@H]([C@H](C(=O)[O-])NC(=O)c1ccncc1)O
dude_grik1__L002653,C1CCN(C1)C(=O)CNC(=O)N[C@@H]2CCS(=O)(=O)C2
dude_grik1__L002654,c1cc(nc(c1)[C@@H](O)P(=O)([O-])[O-])[C@H](O)[P@](=O)(O)[O-]
dude_grik1__L002655,c1cc(c(cc1/C=C\2/C(=O)N=C(S2)N)[N+](=O)[O-])[O-]
dude_grik1__L002656,c1cc(c(cc1C(=O)NCC(=O)[O-])[N+](=O)[O-])NCCCN2CCOCC2
dude_grik1__L002657,c1cc(c(cc1NC(=O)[C@H]2CC=CC[C@@H]2C(=O)[O-])[N+](=O)[O-])S(=O)(=O)[O-]
dude_grik1__L002658,C[C@@H](C(=O)[O-])O[C@@H]1[C@@H]([C@@H](O[C@@H]2[C@@H]1O[C@@H](OC2)c3ccccc3)Oc4ccccc4)NC(=O)C
dude_grik1__L002659,c1cn(c(=O)nc1N)[C@H]2[C@H](C[C@H](O2)CO)O
dude_grik1__L002660,Cc1ccc(cn1)C(=O)N/N=C\c2cc(ccc2Br)O
dude_grik1__L002661,Cc1ccc(cn1)C(=O)NC(C)(C)C(=O)[O-]
dude_grik1__L002662,Cc1cc([nH]n1)C(=O)N2CCC(CC2)NC(=O)c3ccoc3C
dude_grik1__L002663,Cc1nnc(s1)/N=C(/C(=C/c2cn(nc2c3ccc(cc3)S(=O)(=O)N(C)C)c4ccccc4)/C#N)\[O-]
dude_grik1__L002664,Cc1c(c(n[nH]1)C)NC(=O)N2C[C@H](C[C@@H]2C(=O)[O-])OC
dude_grik1__L002665,c1cnn(c1)CC(=O)N[C@@H](CC(=O)N)C(=O)[O-]
dude_grik1__L002666,c1cc(cc(c1)[N+](=O)[O-])[C@@H]2C(=C(C(=O)N2Cc3ccco3)[O-])C(=O)c4ccco4
dude_grik1__L002667,C1CCC(CC1)(CC(=O)N2CCC(CC2)C(=O)N)CC(=O)[O-]
dude_grik1__L002668,c1c[nH]cc1S(=O)(=O)N[C@@H](Cc2cnc[nH]2)C(=O)[O-]
dude_grik1__L002669,C[C@@H](c1ccc2c(c1)OCCO2)NC(=O)c3ccc(=O)[nH]n3
dude_grik1__L002670,c1cc2=[NH+][C@@H](C(=c2cc1[N+](=O)[O-])CCNC(=O)CCC(=O)[O-])C(=O)[O-]
dude_grik1__L002671,CO[C@@H]1C[C@H](N(C1)c2c(cc(cn2)[N+](=O)[O-])C#N)C(=O)[O-]
dude_grik1__L002672,Cc1cc([nH]n1)NC(=O)C2CCN(CC2)C(=O)N(C)C
dude_grik1__L002673,Cc1c(c(c(c[n+]1[O-])CO)CO)[O-]
dude_grik1__L002674,CN1C=NN[C@H]1SCCNC(=O)CNC(=O)C2=CCC(=O)N=C2
dude_grik1__L002675,CC(=O)N[C@@H]1[C@H]([C@H]([C@H](O[C@H]1OC)CO)O)O
dude_grik1__L002676,CCOc1cc(ccc1OCCN2CCOCC2)[C@@H]3[C@H]4CN(CC=C4C(=C(C3(C#N)C#N)N)C#N)C(=O)C
dude_grik1__L002677,Cc1cccc(c1C)NC(=O)N2CC[C@@H](C2)C(=O)[O-]
dude_grik1__L002678,CC1CCN(CC1)c2nnc(n2C3CC3)SCC(=O)Nc4ccc(cc4C(=O)[O-])Br
dude_grik1__L002679,Cc1nc(c(o1)N/N=C/C2=Cc3ccccc3O[C@H]2C)C#N
dude_grik1__L002680,CC(C)NS(=O)(=O)c1ccc(cc1)[N-]S(=O)(=O)c2ccc(cc2)c3ncc(o3)c4ccccc4
dude_grik1__L002681,c1c(c2c([nH]c1=O)nc(s2)SCC(=O)Nc3nncs3)[O-]
dude_grik1__L002682,Cc1ccc(cc1)[C@@H]2CC(=C(C(=O)C2)/C=N/CCN3CCN(CC3)CC(=O)Nc4cccc(c4C)Cl)[O-]
dude_grik1__L002683,C[C@@H]([C@@H](C(=O)[O-])NC(=O)CN(C)c1ncccn1)O
dude_grik1__L002684,c1ccc(c(c1)[C@H]2C(=C(C(=O)N2CCO)[O-])C(=O)c3ccc(cc3)S(=O)(=O)N4CCCCCC4)F
dude_grik1__L002685,Cc1cc(n(n1)C(C)(C)C)NC(=O)c2ccc(cc2)n3c(c(cn3)C#N)N
dude_grik1__L002686,CNC(=O)[C@@H]1CCCN1S(=O)(=O)c2cc(n(c2)C)C(=O)[O-]
dude_grik1__L002687,CC(C)Oc1ccc(cc1)C(=O)N/N=C(\C)/c2ccc(cc2)S(=O)(=O)N3CCCC[C@@H]3C(=O)[O-]
dude_grik1__L002688,c1ccn2c(c1)nnc2CNc3c4cn[nH]c4ncn3
dude_grik1__L002689,Cc1ccccc1n2c(cc(nc2=S)[O-])[O-]
dude_grik1__L002690,c1cc2cccnc2c(c1)[N-]S(=O)(=O)c3ccc(cc3)N4C[C@H](CC4=O)C(=O)[O-]
dude_grik1__L002691,Cc1c(c(=O)ccn1C)O[C@@H]2[C@H]([C@@H]([C@@H]([C@@H](O2)C(=O)[O-])O)O)O
dude_grik1__L002692,C[C@@H]([C@H](C(=O)[O-])NC(=O)C1CCN(CC1)C(=O)N(C)C)O
dude_grik1__L002693,CC(=O)Nc1c(non1)c2nnc(n2C)SC
dude_grik1__L002694,C[C@@H](C(=O)[O-])NC(=O)Nc1cc(cc(c1F)F)F
dude_grik1__L002695,Cc1cc(no1)[N-]S(=O)(=O)c2ccc(c(c2F)C(=O)[O-])F
dude_grik1__L002696,Cc1nc(on1)[C@H](C)NC(=O)c2cccc(c2)n3cnnn3
dude_grik1__L002697,COc1c2ccoc2cc(c1CCC(=O)[O-])O[C@H]3[C@@H]([C@H]([C@@H]([C@H](O3)CO)O)O)O
dude_grik1__L002698,CS(=O)(=O)c1cccc(c1)c2nnc(o2)NC(=O)c3ccccc3NS(=O)(=O)c4ccc(cc4)F
dude_grik1__L002699,C(N(CO)C(=O)[O-])O
dude_grik1__L002700,Cc1ccccc1/N=C/c2c(cnc(c2O)C)COP(=O)([O-])[O-]
dude_grik1__L002701,c1cc(ccc1N)S(=O)(=O)n2cnc3c2ncnc3[S-]
dude_grik1__L002702,CC(C)NC(=O)CN(C)C(=O)NC1(CCCC1)C(=O)[O-]
dude_grik1__L002703,c1cc(c(nc1)[S-])C(=O)NC[C@@H](COc2ccc(cc2)F)O
dude_grik1__L002704,COc1ccc(cc1)C(=O)C2=C(C(=O)N([C@H]2c3cccc(c3)O)c4nc5ccc(cc5s4)Cl)[O-]
dude_grik1__L002705,c1c(cc(cc1[N+](=O)[O-])[N+](=O)[O-])C(=O)NNC(=O)[C@@H]2CC=CC[C@H]2C(=O)[O-]
dude_grik1__L002706,Cn1cnc(c1Sc2c3c([nH]cn3)nc(n2)N)[N+](=O)[O-]
dude_grik1__L002707,C1C[C@@H](CN(C1)C(=O)C2=COCCO2)CC(=O)[O-]
dude_grik1__L002708,Cc1c(nc(nn1)NNC(=O)C2CCN(CC2)S(=O)(=O)c3cccnc3)[O-]
dude_grik1__L002709,CCC[C@](C)(C(=O)[O-])NC(=O)N[C@@H](C)c1nncn1C
dude_grik1__L002710,Cc1ncc(s1)CNC(=O)N[C@@H](CCS(=O)(=O)C)C(=O)[O-]
dude_grik1__L002711,CN(C)C(=O)C[NH2+][C@H]1CS(=O)(=O)C[C@@H]1O
dude_grik1__L002712,c1cc(cnc1)[N-]S(=O)(=O)c2cc(c(cc2Cl)F)N
dude_grik1__L002713,c1cc(ccc1CCC(=O)[O-])S(=O)(=O)Nc2ccc(cc2)S(=O)(=O)N3CCOCC3
dude_grik1__L002714,Cc1cccc(c1)N(C)C(=O)N2CCO[C@@H](C2)C(=O)[O-]
dude_grik1__L002715,CCn1cc(cc1C(=O)[O-])S(=O)(=O)N[C@H](C)c2[n-]nnn2
dude_grik1__L002716,CN1c2ccccc2[C@]3(C1=O)[C@H]4C(=NC(=NC4=O)SCc5ccc(cc5)F)[N-]C(=C3C#N)N
dude_grik1__L002717,Cc1cccc(c1)NC(=O)[C@H]2[C@H]3C=C[C@@H]([C@@H]2C(=O)[O-])O3
dude_grik1__L002718,c1nc(c(c(n1)N2CCOCC2)N)N3CCOCC3
dude_grik1__L002719,c1nc2c(=O)[nH]c(nc2n1[C@@H]3[C@@H](C[C@@H](O3)CO)O)N
dude_grik1__L002720,Cc1cc(=O)c(c(n1[C@@H](CO)C(=O)[O-])CN(C)C)O
dude_grik1__L002721,CC1([C@@H]([C@@H]1C(=O)[O-])C(=O)NC2=CC3=CC=N[C@@H]3C=C2)C
dude_grik1__L002722,c1cncc(c1[S@@](=O)CC(=O)NCCC#N)N
dude_grik1__L002723,c1cc(c(=O)n(c1)CC(=O)NCCC#N)N
dude_grik1__L002724,C[C@@H](c1cccnc1)NC(=O)NCC(=O)[O-]
dude_grik1__L002725,CC(C)n1cc(cc1C(=O)[O-])S(=O)(=O)N
dude_grik1__L002726,c1cc(cc(c1)S(=O)(=O)N)NC(=O)C(=O)[O-]
dude_grik1__L002727,COC(=O)Cc1csc(n1)[N-]S(=O)(=O)N2CCOCC2
dude_grik1__L002728,CCc1c(sc(n1)NC(=O)NC2(CCCC2)C(=O)[O-])C
dude_grik1__L002729,Cc1csc(n1)CC[NH2+][C@@H](c2cccc(c2)Cl)P(=O)([O-])[O-]
dude_grik1__L002730,C1CC1NC(=O)CNC(=O)N2C[C@H](C[C@@H]2C(=O)[O-])O
dude_grik1__L002731,c1cc(c(cc1NC(=O)N2C[C@H](C[C@H]2C(=O)[O-])O)Cl)F
dude_grik1__L002732,Cn1cc(cn1)S(=O)(=O)/N=C(/c2cc3c(c(c2)Cl)OCCCO3)\[O-]
dude_grik1__L002733,Cn1c(c(c(=O)n(c1=O)C)C#N)N[C@@H]2c3ccccc3C[C@@H]2O
dude_grik1__L002734,c1[n-]c2c(n1)c(nc(n2)Cl)SCC(=O)[O-]
dude_grik1__L002735,C1CC(=O)NN=C1C(=O)N[C@]2(CCSC2)C(=O)[O-]
dude_grik1__L002736,Cc1nnnn1c2ccc(c(c2)[N-]S(=O)(=O)c3ccc(cc3)S(=O)(=O)N)F
dude_grik1__L002737,CS(=O)(=O)N(CC(=O)[O-])c1ccccc1N
dude_grik1__L002738,CCOC(=O)CCNC(=O)N1C[C@H](C[C@H]1C(=O)[O-])O
dude_grik1__L002739,CC(=O)Nc1ccc(cc1)N2C[C@H](CC2=O)C(=O)Nc3cc(ccc3OC)[N+](=O)[O-]
dude_grik1__L002740,C1CCC(CC1)(CC(=O)[O-])CNC(=O)NCC(F)(F)F
dude_grik1__L002741,c1cc(ccc1C[NH2+][C@@H](c2ccsc2)P(=O)([O-])[O-])F
dude_grik1__L002742,C[C@@H]1CC[C@H](CN1C(=O)c2cc(cc(c2)Br)F)C(=O)N
dude_grik1__L002743,C[C@H]([C@@H](C(=O)[O-])NC(=O)c1cccc(c1)O)O
dude_grik1__L002744,c1c(cc(c(c1[O-])CNC(=O)CCl)S(=O)(=O)[O-])[N+](=O)[O-]
dude_grik1__L002745,CS(=O)(=O)Cc1cccc(c1)C(=O)Nc2ccc(cc2)S(=O)(=O)N3CCC[C@@H](C3)C(=O)[O-]
dude_grik1__L002746,Cc1c2c(n[nH]1)C(=O)N[C@H](N2)c3csc(n3)c4ccc5c(c4)OCO5
dude_grik1__L002747,C[C@@H]1C[C@@H]2[C@@H]3CCC4=CC(=O)C=C[C@@]4([C@@]3([C@@H](C[C@@]2([C@@]1(C(=O)COS(=O)(=O)[O-])O)C)O)F)C
dude_grik1__L002748,C[C@H]([C@H](C(=O)[O-])NC(=O)N1CCNC(=O)C1)O
dude_grik1__L002749,c1cc(ccc1CCO)[N-]S(=O)(=O)c2cc([nH]c2)C(=O)[O-]
dude_grik1__L002750,COc1ccc(c(c1)OC)n2c(=O)c3ccc(cc3nc2[S-])C(=O)NCCc4ccc(c(c4)OC)OC
dude_grik1__L002751,c1cc(ncc1[N-]S(=O)(=O)CC(=O)[O-])n2cncn2
dude_grik1__L002752,c1c(cc(cc1C(=O)[O-])NC(=O)[C@@H]2CCCO2)C(=O)[O-]
dude_grik1__L002753,Cc1ccc(cc1NC(=O)c2ccc(c(c2)[N+](=O)[O-])N3CCOCC3)C(=O)[O-]
dude_grik1__L002754,c1cc(ccc1[N-]S(=O)(=O)c2cc(cs2)C(=O)N3CCCC3)S(=O)(=O)N
dude_grik1__L002755,c1cc(c(=O)[nH]c1)/C(=N/C2=NC(=O)CN2)/[O-]
dude_grik1__L002756,c1cn(c(=O)nc1N)[C@H]2C[C@@H]([C@H](O2)COP(=O)([O-])[O-])O
dude_grik1__L002757,c1cc2c(cc1C(=O)NC3(CCCCC3)C(=O)[O-])nc[nH]2
dude_grik1__L002758,Cc1c(cn[nH]1)S(=O)(=O)[N-]c2cc(c(cc2F)F)C(=O)[O-]
dude_grik1__L002759,CCN(CC(=O)[O-])C(=O)Nc1c([nH]nc1C)C
dude_grik1__L002760,C[C@@H]([C@H](C(=O)[O-])NC(=O)NCCn1cccn1)O
dude_grik1__L002761,c1csc(n1)CCNC(=O)NC2(CCCCCC2)C(=O)[O-]
dude_grik1__L002762,Cn1cc(c(n1)[N-]S(=O)(=O)C[C@H]2CCCO2)S(=O)(=O)N
dude_grik1__L002763,c1cc(c(nc1)NN)S(=O)(=O)N2CCN(CC2)CCO
dude_grik1__L002764,C/C(=C\C1=CC[C@](C=C1)(C(=O)[O-])C(C)(C)C)/C(=O)[O-]
dude_grik1__L002765,COC(=O)Cc1csc(n1)[N-]S(=O)(=O)c2ccc(s2)[N+](=O)[O-]
dude_grik1__L002766,CO[C@@H]1CN(CCN1)c2cc(ccc2NS(=O)(=O)[O-])S(=O)(=O)Oc3ccccc3
dude_grik1__L002767,OC(=O)c2cc1cc(N(=O)=O)c(N(=O)=O)cc1nc2O
dude_grik1__L002768,C[C@@H](C(=O)[O-])NC(=O)c1ccc(c(c1)[N+](=O)[O-])NCCNC(=O)C
dude_grik1__L002769,C[C@@H]1CCCC[C@@H]1NC(=O)CSC2=N[C@@H]3C(=N2)C(=NC(=N3)N)[O-]
dude_grik1__L002770,c1cc(c(cc1CN2CCCS2(=O)=O)[N+](=O)[O-])N
dude_grik1__L002771,CC[C@H](C)[C@@H](C(=O)NCCCC(=O)[O-])NC(=O)Cc1c(c2cc3c(coc3c(c2oc1=O)C)C(C)(C)C)C
dude_grik1__L002772,Cc1ccc(cn1)C(=O)NCCCNC(=O)c2ccc(c(c2)[N+](=O)[O-])N3CCOCC3
dude_grik1__L002773,c1cn(c(=O)[nH]c1=O)[C@@H]2[C@H]([C@@H]([C@H](O2)CO)O)F
dude_grik1__L002774,c1cn(cn1)CCC(=O)N[C@H](Cc2cnc[nH]2)C(=O)[O-]
dude_grik1__L002775,C1CS(=O)(=O)C[C@@H]1S(=O)(=O)NN
dude_grik1__L002776,CCC[C@@](C)(C(=O)[O-])NC(=O)NCc1nc(cs1)C
dude_grik1__L002777,Cc1cc(ccc1[N+](=O)[O-])C(=O)NNC(=O)[C@@H]2CC=CC[C@H]2C(=O)[O-]
dude_grik1__L002778,C1[C@@H](NC(=S)NC1=O)C(=O)[O-]
dude_grik1__L002779,CC(C)NS(=O)(=O)c1c2c([nH]cn2)ncn1
dude_grik1__L002780,c1cc(ccc1[N+](=O)[O-])S(=O)(=O)N2CCN(CC2)c3ccc(cc3[N+](=O)[O-])C(=O)[O-]
dude_grik1__L002781,c1c(c2c([nH]1)CNC(=O)C2)CCC(=O)[O-]
dude_grik1__L002782,CC(C)([C@H](c1cc2c(c(c1)Br)OCO2)O)C(=O)[O-]
dude_grik1__L002783,CSCC[C@H](C(=O)[O-])NC(=O)c1cc(c(c(c1F)[O-])F)F
dude_grik1__L002784,C1CC(C1)C(=O)N2C[C@@H](C[C@@H]2C(=O)[O-])O
dude_grik1__L002785,c1cc(ccc1[N+](=O)[O-])S(=O)(=O)c2cnc(s2)[N-]S(=O)(=O)c3cc(ccc3Cl)Cl
dude_grik1__L002786,CC1(OC(=O)C(C(=O)O1)/C=N/Cc2ccc(cc2)S(=O)(=O)N)C
dude_grik1__L002787,CCN1C[C@H](CC1=O)C(=O)N[C@@H](CCO)C(=O)[O-]
dude_grik1__L002788,c1nc([nH]n1)/N=C(/CN2C(=O)[C@@H]3CC=CC[C@H]3C2=O)\[O-]
dude_grik1__L002789,c1cc(ccc1CCNC(=O)N(CCO)C2CC2)C(=O)[O-]
dude_grik1__L002790,CC(C)[C@H](C(=O)[O-])NC(=O)Cc1csc(n1)N2C(=O)[C@H]3CC=CC[C@@H]3C2=O
dude_grik1__L002791,Cc1c(scn1)C(=O)NC2CCN(CC2)C(=O)Nc3c[nH]nc3
dude_grik1__L002792,COc1cc(nc(n1)OC)[N-]S(=O)(=O)c2ccc(cc2)N/C=C/C(=O)c3cccs3
dude_grik1__L002793,C([C@@H]1[C@H]([C@@H]([C@@H]([C@@H](S1)O)O)O)O)O
dude_grik1__L002794,c1ccc(c(c1)[N+](=O)[O-])SCC(=O)N2CCN(CC2)S(=O)(=O)c3cc(cs3)C(=O)[O-]
dude_grik1__L002795,COC(=O)C[C@@H]1C(=O)NCCN1C(=O)CSc2nnc(n2C[C@H]3CCCO3)c4cccs4
dude_grik1__L002796,C/C(=N\Nc1ccc(cc1[N+](=O)[O-])[N+](=O)[O-])/c2ccc(cc2)S(=O)(=O)N3CCCC[C@H]3C(=O)[O-]
dude_grik1__L002797,CN(CC(=O)[O-])c1nc(nc(n1)Cl)OC
dude_grik1__L002798,c1c(cn(n1)CC(=O)[O-])NC(=O)[C@@H]2CCCN(C2)C(=O)N
dude_grik1__L002799,C[C@](C1CC1)(C(=O)[O-])NC(=O)N[C@H]2CCS(=O)(=O)C2
dude_grik1__L002800,C(CC(=O)[O-])C(=O)N[C@H]1[C@H]([C@@H]([C@H](O[C@H]1O)CO)O)O
dude_grik1__L002801,c1c(cn(n1)CC(=O)[O-])NC(=O)Cn2cncn2
dude_grik1__L002802,C[C@@H]1Cc2cc(ccc2O1)C(=O)C3=C(C(=O)N([C@@H]3c4cc(c(c(c4)Br)O)OC)CCOC)[O-]
dude_grik1__L002803,CN1[C@H]2C(=NC(=N2)[N-]/N=C(/C(=S)N)\C(=O)N3CCOCC3)C(=O)N(C1=O)C
dude_grik1__L002804,CCN(CC)S(=O)(=O)[N-]c1nc(cs1)c2ccc(cc2)N
dude_grik1__L002805,CC(C)NC(=O)c1ccc(c(c1)[N+](=O)[O-])N2CCCC2
dude_grik1__L002806,C[C@@H]1C[C@@H]1C(=O)NCCC(=O)NC2(CCCC2)C(=O)[O-]
dude_grik1__L002807,C[C@@H](C[C@@H](c1ccc2c(c1)CCCC(=O)N2)O)CC(=O)[O-]
dude_grik1__L002808,COCCCCNC(=O)N1C[C@H](C[C@@H]1C(=O)[O-])O
dude_grik1__L002809,c1cc(ccc1NC(=O)c2ccc3c(c2)OCCO3)S(=O)(=O)NCC(=O)[O-]
dude_grik1__L002810,C[C@H](CN(C)C(=O)N1CCC[C@@H]1C(=O)[O-])O
dude_grik1__L002811,CC1=NN([C@@](C1)(C(C)(C)C)O)/C(=C/C(=O)N2[C@@](CC(=N2)C)(C(C)(C)C)O)/[O-]
dude_grik1__L002812,C[C@]12CCC(=O)C[C@@H]1CC[C@H]3[C@@]2(C(=O)C[C@@]4([C@@H]3C[C@@H](C4)O)C)O
dude_grik1__L002813,Cc1ccc(cc1)SCC(=O)NNC(=O)[C@@H]2[C@H]3C[C@@H]([C@@H]2C(=O)[O-])C=C3
dude_grik1__L002814,CC(C)N(CC(=O)[O-])c1c(nccn1)C(=O)N
dude_grik1__L002815,CC(C)C(=O)Nc1ccc(cc1)NC(=O)/C=C\C(=O)[O-]
dude_grik1__L002816,Cc1cc(c(c(=O)n1CC(=O)NN)C#N)COC
dude_grik1__L002817,c1ccnc(c1)[C@H]2CCCCN2c3nc(nc(n3)OCC(F)(F)F)N/N=C/c4cccc(c4[O-])[N+](=O)[O-]
dude_grik1__L002818,CNC(=O)[C@H]1CCCN1C(=O)N[C@H](CO)C(=O)[O-]
dude_grik1__L002819,c1cc(cc(c1)O)[C@H]2N[C@H](CS2)C(=O)[O-]
dude_grik1__L002820,C[C@H]1CN(C[C@@H](O1)C)C(=O)COCC(=O)NN
dude_grik1__L002821,Cc1c(cnc2n1ncn2)C(=O)N3CSC[C@H]3C(=O)[O-]
dude_grik1__L002822,C[C@H](c1[n-]nnn1)NS(=O)(=O)N2CC[NH2+]CC2
dude_grik1__L002823,Cc1nnc2n1C[C@H](CC2)Nc3ccc4nnnn4n3
dude_grik1__L002824,c1cc(ccc1C(=O)/C=C/C(=O)[O-])S(=O)(=O)NCC(=O)[O-]
dude_grik1__L002825,c1cc(cc(c1)NC(=O)N2CCCC[C@@H]2CO)C(=O)[O-]
dude_grik1__L002826,Cc1c(sc2c1c(nc(n2)C3CC3)N4CC[NH2+]CC4)C
dude_grik1__L002827,CC[C@@H](C)[C@H](C(=O)N[C@@]1(CCSC1)C(=O)[O-])NC(=O)N
dude_grik1__L002828,C1Cc2c(sc(n2)NC(=O)NCCCCCC(=O)[O-])C1
dude_grik1__L002829,c1c(sc(n1)NC(=O)[C@H]2CCC(=O)N2)C#CCCO
dude_grik1__L002830,CC[C@@]1(CCC[NH2+]C1)C(=O)NCC(=O)[O-]
dude_grik1__L002831,c1ccc2c(c1)ccc(n2)[C@]3(COc4ccccc4O3)O
dude_grik1__L002832,Cn1cc(c(n1)[N-]S(=O)(=O)C[C@@H]2CCCO2)S(=O)(=O)N
dude_grik1__L002833,CC[C@@H]1CO[C@H](CN1Cc2nc(c3cnn(c3n2)C)N)C
dude_grik1__L002834,c1cc2c(cc1/C(=N/C3=NC(=O)CN3)/[O-])NC(=O)CS2
dude_grik1__L002835,C[C@@H]1CC[C@@H](CN1S(=O)(=O)c2ccc3c(c2)CCC3)C(=O)N
dude_grik1__L002836,c1cc(c2c(c1F)N(C(=O)[C@@H]2N)CC(=O)NCCC#N)Cl
dude_grik1__L002837,C[C@@H]1CCC[C@](C1)(C(=O)[O-])NC(=O)NC(C)(C)C
dude_grik1__L002838,C[C@@H](C(=S)N)C(=O)N[C@@H](C)C(=O)N(C)C
dude_grik1__L002839,c1ccc(cc1)C2=C[C@@H]([C@@H]3C(=NC(=S)N=C3O2)[O-])O
dude_grik1__L002840,c1c(cn[nH]1)C(=O)N2CCC[C@@H]2C(=O)[O-]
dude_grik1__L002841,CC1=C([C@H](NC(=S)N1)c2cc(sc2)Br)C(=O)N(C)C
dude_grik1__L002842,C(CC(=O)N)CNc1nnc(s1)SCC(=O)[O-]
dude_grik1__L002843,C[C@@H](C(=O)NC)NC(=O)C1(CCC1)C(=O)[O-]
dude_grik1__L002844,Cc1c2cc(ccc2oc1C(=O)N[C@H](CCO)C(=O)[O-])F
dude_grik1__L002845,CO[C@H]1[C@@H]([C@H]([C@H]([C@H](O1)CO)F)O)O
dude_grik1__L002846,C[C@@H]1CCC[C@@](C1)(C(=O)[O-])NC(=O)c2c[nH]nc2
dude_grik1__L002847,c1c(cncc1S(=O)(=O)[N-]c2nncs2)/C=C/C(=O)[O-]
dude_grik1__L002848,Cc1ccc(c(c1)[N+](=O)[O-])NC(=O)C(=O)NCC2CCN(CC2)S(=O)(=O)C3CC3
dude_grik1__L002849,c1cc(ncc1[N+](=O)[O-])N2C[C@H](C[C@H]2C(=O)[O-])O
dude_grik1__L002850,CCCCSc1nnc2n1ncn2/N=C/c3cc(ccc3[O-])[N+](=O)[O-]
dude_grik1__L002851,Cc1nnnn1c2cccc(c2)NC(=O)C3(CCCCC3)NC(=O)C
dude_grik1__L002852,COc1ccccc1\C=C\C[C@H](C[C@H](N)C(O)=O)C(O)=O
dude_grik1__L002853,c1cc(cc(c1)N=O)[C@H]2N[C@@H](CS2)C(=O)[O-]
dude_grik1__L002854,CCN(CCO)C(=O)Nc1ccc(cc1F)C(=O)[O-]
dude_grik1__L002855,c1cc(sc1)S(=O)(=O)[N-]c2ccc(cc2O)C(=O)[O-]
dude_grik1__L002856,CN(C)C(=O)N1CCC[C@H](C1)C(=O)N[C@H](CCO)C(=O)[O-]
dude_grik1__L002857,CC(C)(C)c1ccc(cc1)[C@H]2C(=C(C(=O)N2CCOCCO)[O-])C(=O)c3ccc(cc3)[N+](=O)[O-]
dude_grik1__L002858,CC[C@@H](C)[C@H](C(=O)[O-])NC(=O)NCCCc1cn[nH]c1C
dude_grik1__L002859,C[C@H](CC(=O)[O-])NC(=O)NCCS(=O)(=O)N
dude_grik1__L002860,Cc1ccc(c2c1-c3c(c([nH]n3)C(=O)[O-])CCO2)C
dude_grik1__L002861,C[C@@H]1O[C@@H]2[C@H]([C@@H]([C@H](O[C@@H]2O1)CO)O)O
dude_grik1__L002862,Cn1cnnc1CNC(=O)C(=O)NCC(=S)N
dude_grik1__L002863,N[C@@H](Cn1c(=O)[nH]c(=O)c2sccc12)C(O)=O
dude_grik1__L002864,C1[C@@H]2C=C[C@H]1[C@@H]([C@H]2C(=O)N[C@@H](CC(=O)[O-])C(=O)[O-])C(=O)[O-]
dude_grik1__L002865,c1cc(ccc1C(=O)N2CCO[C@H]3[C@H]2CCCC3)n4c(c(cn4)C#N)N
dude_grik1__L002866,CS(=O)(=O)O[C@@H]1[C@@H]([C@@H](O[C@H]([C@@H]1O)O)CO)O
dude_grik1__L002867,c1csc2n1c(=O)c(cn2)C(=O)N[C@H](CCO)C(=O)[O-]
dude_grik1__L002868,C1CC1N(CCC#N)C(=O)NCC(=O)NCC(=O)[O-]
dude_grik1__L002869,[H]/N=C\1/N=C2C(=NC(=[N+]=[N-])N2)C(=N1)[O-]
dude_grik1__L002870,c1c2nnnn2c(cn1)N3CCC(=NO)CC3
dude_grik1__L002871,C[C@@H]1CCC[C@](C1)(C(=O)[O-])NC(=O)NC2CC2
dude_grik1__L002872,CN(CC(=O)N1CCCC1)C(=O)C(=O)NN
dude_grik1__L002873,C[C@@H]1CCC[C@@](C1)(C(=O)[O-])NC(=O)NCCc2cccs2
dude_grik1__L002874,C[C@@H]1CCc2c(sc(c2C#N)[N-]S(=O)(=O)[C@@H](C)C(=O)[O-])C1
dude_grik1__L002875,N[C@@H](CC(C(O)=O)=C1CCCC1)C(O)=O
dude_grik1__L002876,C1CCC(CC1)(C(=O)[O-])NC(=O)N(CCO)CCO
dude_grik1__L002877,C1C[C@@H](CN(C1)C(=O)N2CC[NH+](CC2)CC(=O)[O-])C(=O)N
dude_grik1__L002878,c1nc2c(n1[C@@H]3[C@H]([C@H]([C@@H](O3)CO)O)O)nc(nc2Cl)Cl
dude_grik1__L002879,CCN(C(=O)N[C@H]1CCCNC1=O)C(C)(C)C(=O)[O-]
dude_grik1__L002880,CCC[C@](C)(C(=O)[O-])NC(=O)[C@@H]1CCC[NH2+]1
dude_grik1__L002881,c1ccc(cc1)C(=O)c2ccc3n2CC[C@H]3C(=O)O[C@@H]4[C@H]([C@@H]([C@H]([C@H](O4)C(=O)[O-])O)O)O
dude_grik1__L002882,CCn1c(c(cn1)[N+](=O)[O-])C(=O)N[C@@H]2[C@@H]3N(C2=O)C(=C(CS3)C)C(=O)[O-]
dude_grik1__L002883,Cc1cccc2c1nc([nH]2)S(=O)(=O)[O-]
dude_grik1__L002884,COCCSCC(=O)N[C@H](CO)C(=O)[O-]
dude_grik1__L002885,C(CCC(=O)[O-])Cc1c(c(c(s1)[O-])[N+](=O)[O-])N
dude_grik1__L002886,C[C@H](C(=O)/N=C\1/[C@H]2C(=NC=N2)N=C[N-]1)OC(=O)COc3ccccc3Cc4ccccc4
dude_grik1__L002887,C1CCCC(CC1)(C(=O)[O-])NC(=O)NC2CC2
dude_grik1__L002888,C[C@H]1COCCN1C(=O)N[C@@H]([C@@H](C)O)C(=O)[O-]
dude_grik1__L002889,Cc1cc(cc(c1Cl)C)OCC(=O)NNC(=O)[C@@H]2[C@@H]3CC[C@H]([C@@H]2C(=O)[O-])O3
dude_grik1__L002890,C[C@@H]1CN(C[C@@H](O1)C)S(=O)(=O)c2cccc(c2)C(=O)N[C@H]([C@@H](C)O)C(=O)[O-]
dude_grik1__L002891,C[C@H]([C@H](C(=O)[O-])NC(=O)N(C)[C@@H]1CCSC1)O
dude_grik1__L002892,Nc4ccc1c(Cc2c1nc(O)c3nc(C(O)=O)cn23)c4
dude_grik1__L002893,c1cc(cnc1)c2nc([nH]n2)CC(=O)Nc3nccs3
dude_grik1__L002894,C1CN(CCN1CC(F)(F)F)C(=O)N[C@@H](CO)C(=O)[O-]
dude_grik1__L002895,CC(C)C[C@H](C(=O)N1CCC[C@H]1CC(=O)[O-])NC(=O)N
dude_grik1__L002896,c1ccc(cc1)Oc2ccc(cc2)c3c(n[n-]n3)C#N
dude_grik1__L002897,CC(=O)NCCNS(=O)(=O)c1cnn(c1)CCC(=O)[O-]
dude_grik1__L002898,C1CCC(CC1)(C(=O)[O-])NC(=O)N2CCC[C@@H]2CO
dude_grik1__L002899,C[C@@H](c1[n-]nnn1)NC(=O)c2ccc(cn2)C#CCO
dude_grik1__L002900,CS(=O)(=O)CCCNC(=O)[C@H]1C[NH2+]CCN1
dude_grik1__L002901,c1cc2c(cc1[C@H](CCCCC(=O)[O-])O)oc(=O)[nH]2
dude_grik1__L002902,C[C@H](c1cccc(c1)Br)NC(=O)N[C@H](C2CC2)C(=O)[O-]
dude_grik1__L002903,CCO[P@@](=O)([C@@](Cc1cccnc1)(O)[P@](=O)(O)[O-])[O-]
dude_grik1__L002904,CC(C)\C=C(/C[C@H](N)C(O)=O)C(O)=O
dude_grik1__L002905,c1cc(sc1C(=O)[O-])S(=O)(=O)N(CC(=O)N)CC(=O)N
dude_grik1__L002906,CCCNS(=O)(=O)c1ccc(cc1)[N-]S(=O)(=O)c2ccc3c(c2)oc(n3)[O-]
dude_grik1__L002907,CC(=O)Nc1nc(cs1)C(=O)NC2(CCCCC2)C(=O)[O-]
dude_grik1__L002908,C=C1C(=C(N2[C@@H](S1(=O)=O)/C(=C\c3ccccn3)/C2=O)C(=O)[O-])/C=C/C(=O)[O-]
dude_grik1__L002909,CCCc1c(cc(s1)C(=O)N[C@@H](CO)C(=O)[O-])CC
dude_grik1__L002910,Cn1cnnc1CNS(=O)(=O)c2c[nH]nc2N
dude_grik1__L002911,C1C(=NC(=NC1=O)N)[O-]
dude_grik1__L002912,CC(C)[C@H](C(=O)N[C@@H](C(C)C)C(=O)[O-])NC(=O)[C@H]1[C@@H]2[C@H]([C@@H]3[C@H](O1)OC(O3)(C)C)OC(O2)(C)C
dude_grik1__L002913,C1CS(=O)(=O)C[C@@H]1NC(=O)[S-]
dude_grik1__L002914,CSc1nc2c(c(n1)Cl)ncn2[C@H]3C=CO[C@@H]([C@@H]3O)CO
dude_grik1__L002915,c1c(c([nH]n1)N)C(=O)N2CCCSCC2
dude_grik1__L002916,C/C(=N\NC(=O)c1ccc(cc1)O)/c2ccc(cc2)S(=O)(=O)N3CCCC[C@H]3C(=O)[O-]
dude_grik1__L002917,CC1([C@@]([C@@]([C@@]([C@](O1)(C)Oc2ccccc2[N+](=O)[O-])(C)O)(C)O)(C)O)C
dude_grik1__L002918,CC(C)NC(=O)CN(C)C(=O)N1C[C@H](C[C@@H]1C(=O)[O-])O
dude_grik1__L002919,C1CC[C@H]([C@@H](CC1)O)CN2CCS(=O)(=O)CC2
dude_grik1__L002920,CCOc1ccc(cc1)[N-]S(=O)(=O)C2=NN=C(C2)C(=O)Nc3cc(ccc3OC)C
dude_grik1__L002921,Cc1coc2c1cc3c(c(c(=O)oc3c2C)CC(=O)N(CC(=O)[O-])CC(=O)[O-])C
dude_grik1__L002922,Cc1coc2c1cc3c(c(c(=O)oc3c2C)CC(=O)NCC(=O)NCC(=O)[O-])C
dude_grik1__L002923,Cc1ccc(cc1O)C(=O)N[C@](C)(C2CC2)C(=O)[O-]
dude_grik1__L002924,CC(C)[C@H](C(=O)N(CC(=O)[O-])c1ccccc1)NC(=O)N
dude_grik1__L002925,c1ccc(c(c1)N)NC(=O)N2CCC[C@@H]2C(=O)[O-]
dude_grik1__L002926,c1cc(oc1)[C@H]2C[C@H]2C(=O)NNC(=O)c3cnccn3
dude_grik1__L002927,[H]/N=C(/N)\[N-]C1=NC(=O)[C@@H](S1)CC(=O)Nc2ccc3c(c2)OCO3
dude_grik1__L002928,C[C@H]([C@@H]1CCCO1)NC(=O)NC(C)(C)CCC(=O)[O-]
dude_grik1__L002929,CSCC[C@H](C(=O)[O-])NC(=O)N1CC[C@@H](C1)O
dude_grik1__L002930,Cc1c(c(n[nH]1)C)S(=O)(=O)N2CCC[C@H](C2)NC(=O)C
dude_grik1__L002931,c1ccc(c(c1)NC(=O)[C@H]2[C@H]3C[C@@H]([C@@H]2C(=O)[O-])C=C3)[S-]
dude_grik1__L002932,CCC[C@@](C)(C(=O)[O-])Nc1c(ccc(n1)C)C#N
dude_grik1__L002933,CC(=O)O[C@@H]1[C@@H]2[C@@H](O[C@@H]1[C@@H](CO)O)OC(O2)(C)C
dude_grik1__L002934,CS(=O)(=O)CCCOc1ccc(cc1C(=O)[O-])N
dude_grik1__L002935,CCNC(=O)c1cccc(c1)NC(=O)/C=C/C(=O)[O-]
dude_grik1__L002936,c1cc(c(cc1N[C@@H]2[C@@H]([C@@H]([C@@H](CO2)O)O)O)[N+](=O)[O-])S(=O)(=O)[O-]
dude_grik1__L002937,c1ccnc(c1)CSc2c3c(ncn2)n(cn3)[C@H]4[C@H]([C@@H]([C@@H](O4)CO)O)O
dude_grik1__L002938,Cc1c(n2ccccc2n1)C(=O)C3=C(C(=O)N([C@H]3c4ccc(cc4)OC)CCN5CCOCC5)[O-]
dude_grik1__L002939,c1cc(cc2c1ccc(c2O)S(=O)(=O)[O-])N
dude_grik1__L002940,C/C=C/C[C@H](C[C@H](N)C(O)=O)C(O)=O
dude_grik1__L002941,C[C@H](CN1CCOCC1)NC(=O)C(=O)NCC(=S)N
dude_grik1__L002942,C[C@H]([C@H](C(=O)[O-])NC(=O)N1CCn2cc[nH+]c2C1)O
dude_grik1__L002943,C1CS(=O)(=O)CCC1S(=O)(=O)N[C@H](CCO)C(=O)[O-]
dude_grik1__L002944,c1cc(cc(c1)S(=O)(=O)[N-]/N=C\[C@@H]2C=NN=C2c3ccc(cc3)F)[N+](=O)[O-]
dude_grik1__L002945,CO[C@H]1CCC[C@@H]1NC(=O)Nc2ccccc2CC(=O)[O-]
dude_grik1__L002946,CCOc1ccc(cc1)N2C(=O)/C(=C\c3ccc(o3)c4cc(ccc4C)[N+](=O)[O-])/C(=O)N=C2[O-]
dude_grik1__L002947,Cc1ccc(cc1)c2nnc3n2nc(s3)C4CC[NH2+]CC4
dude_grik1__L002948,CC(C)[C@@H]1C(=O)N(C(=N1)O)Cc2ccc(cc2)S(=O)(=O)/N=C(/N[C@H](C(C)C)C(=O)OC)\[O-]
dude_grik1__L002949,Cc1cc(c2c(c1)[C@H]([C@H](CO2)O)N3CC[NH+](CC3)C)C
dude_grik1__L002950,CNC(=O)Nc1ccc2c(c1)C(CC(O)=O)c3c2nc(O)c4nccn34
dude_grik1__L002951,C[C@H](c1cccnc1)NC(=O)NCCCCCCC(=O)[O-]
dude_grik1__L002952,c1cc(cnc1)C(=O)NNC(=O)c2ccc3c(c2)nc(=S)[nH]c3[O-]
dude_grik1__L002953,Cc1ccc(cc1NC(=O)[C@H]2[C@H]3C=C[C@@H]([C@@H]2C(=O)[O-])O3)F
dude_grik1__L002954,CCn1cc(cn1)[C@@H]2[C@@H]3C(=c4cc(ccc4=[NH+]3)C)CCN2
dude_grik1__L002955,C[C@@H]1CCCCN1C(=O)c2ccn(n2)CC(=O)[O-]
dude_grik1__L002956,C[C@H]1CC[C@@H]2[C@@H]1[C@H](OC=C2C(=O)[O-])O[C@H]3[C@@H]([C@H]([C@@H]([C@H](O3)CO)O)O)O
dude_grik1__L002957,Cc1ccccc1NC(=O)CSc2nnc(s2)[N-]C3=NC(=O)/C(=C/4\c5ccccc5NC4=O)/S3
dude_grik1__L002958,C[C@@H]1COCCN1C(=O)N[C@@H]([C@@H](C)O)C(=O)[O-]
dude_grik1__L002959,c1cc(oc1)c2[n-]n3c(=O)cc(nc3n2)C[C@@H]4CCS(=O)(=O)C4
dude_grik1__L002960,C1[C@H]2[C@H]3CO[C@@H]([C@@]1(Nc4n2nc(n4)C(F)(F)F)O)O3
dude_grik1__L002961,CCN1CCc3c(C1)c2nc(O)c(O)nc2cc3N(=O)=O
dude_grik1__L002962,CCc1nc(on1)C2=C(N=C([C@H]2S(=O)(=O)[N-]c3ccc(cc3)C(=O)OC)C)C
dude_grik1__L002963,COCCCN1[C@H](C(=C(C1=O)[O-])C(=O)c2ccc3c(c2)OCCO3)c4cccc(c4)[N+](=O)[O-]
dude_grik1__L002964,c1cc(ccc1C[C@]2([C@H]3[C@@H]([C@@H](N2)c4ccc5c(c4)OCCO5)C(=O)NC3=O)C(=O)[O-])O
dude_grik1__L002965,CCC[C@@](C)(C(=O)[O-])NC(=O)NCCCC(=O)N
dude_grik1__L002966,Cc1cc(c(c(c1)C)NC(=O)CNC(=O)COC(=O)CN2C(=O)[C@@]3(CCCC[C@@H]3C)NC2=O)C
dude_grik1__L002967,c1cc(ccc1NC(=O)CCn2cnc3c(c2=O)c4c(s3)CCCC4)n5c6c(cn5)c(=O)[nH]cn6
dude_grik1__L002968,Cc1cc(c(n1c2cccc(c2)[N+](=O)[O-])C)/C=C\3/C(=NC(=S)N(C3=O)c4ccc(cc4)OC)[O-]
dude_grik1__L002969,CC(C)C[C@H](CNC(=O)c1ccc(cc1)[N-]S(=O)(=O)c2cccc(c2)[N+](=O)[O-])N3CCOCC3
dude_grik1__L002970,C[C@H](C(=O)N)n1cnnc1[S-]
dude_grik1__L002971,C[C@@H]1Cc2cc(ccc2O1)C(=O)C3=C(C(=O)N([C@@H]3c4cccc(c4)[N+](=O)[O-])CCOCCO)[O-]
dude_grik1__L002972,c1cc(cc(c1)[N+](=O)[O-])C(=O)COC(=O)[C@@H]2CC(=O)N(C2)NC(=O)c3ccc(c(c3)Cl)Cl
dude_grik1__L002973,CC(C)CS(=O)(=O)[N-]c1cc(cc(c1)S(=O)(=O)N)F
dude_grik1__L002974,CC(C)OC(=O)N1CCN(CC1)S(=O)(=O)N
dude_grik1__L002975,Cc1nc(c2c3c(sc2n1)CCC3)N[C@H]4CC[NH+](C4)C
dude_grik1__L002976,CC(C)Oc1ccc(cc1)C(=O)NC(=S)Nc2ccc(cc2)S(=O)(=O)[N-]c3cc(ncn3)OC
dude_grik1__L002977,CCCOc1cccc(c1)[C@H]2C(=C(C(=O)N2CCO)[O-])C(=O)c3ccc(cc3)S(=O)(=O)N4CCCC4
dude_grik1__L002978,c1cc(cc(c1)[N+](=O)[O-])/C=N/Nc2[nH]c(nn2)SCCC(=O)Nc3cccc(c3)N4CCCC4=O
dude_grik1__L002979,c1cc(cnc1)[N-]S(=O)(=O)c2ccc(c(c2)N)Cl
dude_grik1__L002980,CN(CCOC)C(=O)C(=O)NN
dude_grik1__L002981,c1c(cc(c2c1OCCCO2)Br)CN[C@@H]3CCCNC3=O
dude_grik1__L002982,C[C@@H](/C(=C(/C#N)\C(=O)NCC=C)/[O-])NC(=O)c1ccc(s1)Br
dude_grik1__L002983,c1ccc(c(c1)[N+](=O)[O-])O[C@H]2[C@@H]([C@H]([C@H]([C@H](O2)COP(=O)([O-])[O-])O)O)O
dude_grik1__L002984,CC(C)[C@@H](C(=O)[O-])NS(=O)(=O)c1c[nH]nc1
dude_grik1__L002985,COCCNC(=O)N[C@@H](CO)C(=O)[O-]
dude_grik1__L002986,CCCN(CC(=O)N(C)C)C(=O)C(=O)NN
dude_grik1__L002987,CC1(CCN(CC1)C(=O)c2ccc(=O)n(n2)C)C(=O)[O-]
dude_grik1__L002988,Cc1cc(ccc1S(=O)(=O)N[C@H](CO)C(=O)[O-])[N+](=O)[O-]
dude_grik1__L002989,CCOc1cccc(c1)C(=O)C2=C(C(=O)N([C@@H]2c3cccc(c3)O)c4nc5ccc(cc5s4)OCC)[O-]
dude_grik1__L002990,Cc1ccc(o1)C2=NN([C@@H](C2)c3ccco3)C(=O)CSc4nc5nc(c(c(n5n4)C)CC(=O)[O-])C
dude_grik1__L002991,CC(=O)NCC1CCN(CC1)C(=O)C2CCN(CC2)C(=O)N
dude_grik1__L002992,COCC[C@H](C(=O)[O-])NC(=O)N1CCC(CC1)CC(=O)N
dude_grik1__L002993,CCC(CC)NC(=O)N1C[C@@H](C[C@H]1C(=O)[O-])O
dude_grik1__L002994,C[C@]12CC[C@H]3[C@H]([C@@H]1CC[C@H]2O)CCC4=C/C(=N\OCC(=O)NCC5CCC(CC5)C(=O)[O-])/CC[C@]34C
dude_grik1__L002995,C[C@@H]1CN([C@@H](CO1)C)C(=O)N[C@@H](CO)C(=O)[O-]
dude_grik1__L002996,CCC[C@](C)(C(=O)[O-])NC(=O)NCC1CCC(CC1)CC
dude_grik1__L002997,CCN(CC)C(=O)CN(C)C(=O)NN
dude_grik1__L002998,C=CCOc1ccc(cc1)[C@@H]2C(=C(C(=O)N2CCN3CCOCC3)[O-])C(=O)c4cc(ccc4O)Cl
dude_grik1__L002999,c1c([n+](c(s1)[C@H]2[C@H]([C@@H]([C@@H](O2)CO)O)O)[O-])C(=O)N
dude_grik1__L003000,c1ccc2c(c1)nc(o2)c3cc(ccc3N)S(=O)(=O)[O-]
dude_grik1__L003001,CCn1cc(cn1)S(=O)(=O)[N-]c2cccc(c2)N3CCCS3(=O)=O
dude_grik1__L003002,c1cc(sc1)S(=O)(=O)[N-]c2ccc(cc2)OCCC(=O)N
dude_grik1__L003003,Cc1c(c(n[nH]1)C)S(=O)(=O)N2CCNC(=O)[C@H]2c3ccc(cc3)F
dude_grik1__L003004,c1c(ncc(=O)[nH]1)C(=O)N(CCO)CCO
dude_grik1__L003005,c1nc(nn1CC(=O)N2CCC[C@H](C2)C(=O)N)N
dude_grik1__L003006,c1cc(c(cc1F)NC(=O)NC(=O)CCCC(=O)[O-])F
dude_grik1__L003007,C1[C@H](C=CS1(=O)=O)Sc2nc([nH]n2)N
dude_grik1__L003008,CCC[C@H]1C[C@@H]([NH+](C1)C)C(=O)N[C@H]([C@H]2[C@H]([C@H]([C@@H]([C@@H](O2)SC)OP(=O)([O-])[O-])O)O)[C@@H](C)Cl
dude_grik1__L003009,C[C@H]1CCN(C1)C(=O)N[C@H](CO)C(=O)[O-]
dude_grik1__L003010,CS(=O)(=O)Nc1ccc(cc1)C(=O)N[C@@H](CCO)C(=O)[O-]
dude_grik1__L003011,CCN([C@@H](C)CC(=O)[O-])C(=O)[C@@H](CCSC)NC(=O)N
dude_grik1__L003012,c1cc(ccc1C(=O)[O-])[N-]S(=O)(=O)c2cc(cnc2)Br
dude_grik1__L003013,CCOc1ccc(cc1)S(=O)(=O)Nc2ccc(cc2)C(=O)NNC(=O)C3=COCCO3
dude_grik1__L003014,Cc1ccc(cc1)OCC(=O)NCCNC(=O)c2nc(no2)CS(=O)(=O)c3ccccc3
dude_grik1__L003015,c1ccc(cc1)N(N)/N=N/c2[n-]nnn2
dude_grik1__L003016,CN1C2C3N(C1=O)CNS(=O)(=O)NCN3C(=O)N2C
dude_grik1__L003017,CC(=O)N1CCC[C@H](C1)C(=O)N[C@H](CC(=O)N)C(=O)[O-]
dude_grik1__L003018,CC[C@H](C(=O)[O-])NC(=O)NCCCc1cn[nH]c1C
dude_grik1__L003019,C[C@H]([C@H](C(=O)[O-])NS(=O)(=O)c1ccc2c(c1)CC(=O)N2)O
dude_grik1__L003020,Cc1ccc(cc1)c2c([n+](c(n2[O-])c3c[nH]c4c3cccc4)[O-])C
dude_grik1__L003021,Cc1cc(ccc1N)C(=O)N[C@@H]([C@@H](C)O)C(=O)[O-]
dude_grik1__L003022,C1CCC(CC1)(C(=O)[O-])NC(=O)NCC(F)(F)F
dude_grik1__L003023,Cc1nc(cs1)CN(C)C(=O)c2ccc(nn2)[O-]
dude_grik1__L003024,c1cn(c(=O)nc1NC(=O)C=CC(=O)[O-])[C@H]2[C@H]([C@@H]([C@@H](O2)CO)O)O
dude_grik1__L003025,C[C@H]1CCC[C@@](C1)(CO)NS(=O)(=O)CCCC(=O)[O-]
dude_grik1__L003026,c1nc(nn1CCO)C(=S)N
dude_grik1__L003027,C[C@]12CCC[C@]([C@@H]1CC[C@@]34[C@@H]2CC[C@@H](C3)[C@@H](C4)C(=O)[O-])(C)C(=O)[O-]
dude_grik1__L003028,CN(Cc1ccc(s1)Cl)C(=O)N[C@@H](CCO)C(=O)[O-]
dude_grik1__L003029,COC(=O)[C@]1([C@@H](C(=O)NC(=S)N1)C#N)CS(=O)(=O)C
dude_grik1__L003030,C1CS(=O)(=O)C[C@@H]1NC(=O)CN2CCO[C@@H](C2)C(=O)[O-]
dude_grik1__L003031,C1C[C@H](C(=O)NC1)NS(=O)(=O)CCC[NH3+]
dude_grik1__L003032,CCC[C@@](C)(C(=O)[O-])NC(=O)N1CCC[C@@H]1C(=O)NC
dude_grik1__L003033,C[C@@]12CC[C@H]([C@@]([C@@H]1CCC(=C)[C@H]2/C=C/C3=CCOC3=O)(C)CO)O
dude_grik1__L003034,Cc1cc(c(s1)NC(=O)C(C)C)C(=O)N[C@@H](C(C)C)C(=O)[O-]
dude_grik1__L003035,c1cc(cc(c1)[N+](=O)[O-])[C@H](O)S(=O)(=O)[O-]
dude_grik1__L003036,Cc1ccc(cc1S(=O)(=O)[O-])/N=N/c2cc(c(cc2C)N)C
dude_grik1__L003037,c1cn(c(=O)[nH]c1=O)[C@@H]2[C@H]([C@@H]([C@@H](CO2)O)O)O
dude_grik1__L003038,C1CCN([C@@H](C1)C(=O)[O-])C(=O)N[C@@H]2CCCNC2=O
dude_grik1__L003039,CC(C)(C)NC(=O)CNC(=O)C1=NN(C(=O)CC1)C
dude_grik1__L003040,Cc1cc(cc(c1C)S(=O)(=O)N)C(=O)N2[C@@H](C=CC[C@H]2CC=C)C
dude_grik1__L003041,Cc1c(cnn1C)[C@H](C)NC(=O)c2cnn(c2C)c3ccc(nn3)[O-]
dude_grik1__L003042,COC(=O)c1cc(cc(c1)S(=O)(=O)N2C[C@H](C[C@H]2C(=O)[O-])O)C(=O)OC
dude_grik1__L003043,Cc1c(c(n(n1)C)C)/C(=N/S(=O)(=O)C(C)C)/[O-]
dude_grik1__L003044,C[C@H]([C@@H](C(=O)[O-])NC(=O)C1CCC1)O
dude_grik1__L003045,C1CS[C@H]([NH2+]1)[C@H]([C@@H]([C@@H]([C@@H](CO)O)O)O)O
dude_grik1__L003046,CC(C)NC(=O)C(=O)N1CCN(CC1)C(=O)C2CCC3(CC2)C(=O)NC(=O)N3
dude_grik1__L003047,[H]/N=C\1/C(=C/c2ccc(cc2)O)/C(=O)N=C3N1N=C(S3)N4CCCC4
dude_grik1__L003048,c1c(cc(c(c1Cl)S(=O)(=O)N2CC[C@@H](C2)O)Cl)C#CCO
dude_grik1__L003049,c1c(cn[nH]1)NC(=O)N[C@@H](CO)C(=O)[O-]
dude_grik1__L003050,CC[C@]1(C(=O)N(C(=O)N1)NC(=O)COc2ccc(cc2[N+](=O)[O-])C(=O)OC)C
dude_grik1__L003051,Cc1cc(on1)[N-]S(=O)(=O)c2ccc(cc2Br)N
dude_grik1__L003052,CC(=O)N[C@H]1[C@H]([C@@H]([C@@H](O[C@@H]1OC)CO)O)O
dude_grik1__L003053,c1cscc1CCNC(=O)NC(=O)CCCCC(=O)[O-]
dude_grik1__L003054,CC(C)S(=O)(=O)c1ccc(cc1)c2nnc(o2)NC(=O)[C@H]3CCCN3S(=O)(=O)c4cccs4
dude_grik1__L003055,Cc1nnc2n1nc(s2)[C@H](C)[NH3+]
dude_grik1__L003056,C[C@@H](C(=O)[O-])S[C@H]1[N-]C2=NC=NC(=[NH2+])C2=N1
dude_grik1__L003057,c1nnc(n1C2CC2)SCC(=O)N[C@@H](CCO)C(=O)[O-]
dude_grik1__L003058,Cc1cc(c(s1)NC(=O)C2CC2)C(=O)NCCC(=O)[O-]
dude_grik1__L003059,Cc1cc(c(cc1C(C)C)N)S(=O)(=O)[O-]
dude_grik1__L003060,Cc1c(sc(n1)N)S[C@H]2CC(=NC2=O)[O-]
dude_grik1__L003061,CC(C)[C@H](C(=O)N[C@H](C(=O)[O-])C(C)(C)C)NC(=O)C
dude_grik1__L003062,C[C@@H]([C@H](C(=O)[O-])NC(=O)c1c[nH]c(=O)cn1)O
dude_grik1__L003063,c1ccc(cc1)S(=O)(=O)Oc2ccccc2/C=C/3\C(=NC(=O)N(C3=O)c4ccc(cc4)[N+](=O)[O-])[O-]
dude_grik1__L003064,C1CS(=O)(=O)C[C@H]1C(=O)NNC(=O)[C@@H]2C[C@@H]2[N+](=O)[O-]
dude_grik1__L003065,C[C@@](C1CC1)(C(=O)[O-])NC(=O)NC[C@@H]2COCCO2
dude_grik1__L003066,C1CC[C@H]2[C@@H](C1)N(CCO2)C(=O)NC(=O)COCC(=O)[O-]
dude_grik1__L003067,CC(C)(C)C(=O)N1CCCN(CC1)C(=O)NC2CCOCC2
dude_grik1__L003068,CC[C@]1(CCN(C1)C(=O)NCCCC(=O)N)C(=O)[O-]
dude_grik1__L003069,C1C[C@H](N(C1)C(=O)N2C[C@@H](C[C@H]2C(=O)[O-])O)CCCO
dude_grik1__L003070,Cc1c(cn(n1)C)[C@H](C)Nc2c3c(ncn2)NCC(=O)N3
dude_grik1__L003071,CCn1c(nnn1)/N=C(/c2ccc(c(c2)C)[N+](=O)[O-])\[O-]
dude_grik1__L003072,COC(=O)[C@H](CO)NC(=O)[C@@H]1CCCN(C1)C(=O)N
dude_grik1__L003073,C1CN(CCC1C(=O)NCCCO)S(=O)(=O)CCC(=O)[O-]
dude_grik1__L003074,c1[n-]c2c(=[NH2+])ncn(c2n1)C[C@@H](CN3CCOCC3)O
dude_grik1__L003075,C[C@]12CC[C@@H]3[C@H]([C@]1(CC[C@@H]2C4=CC(=O)OC4)O)CCC5=C[C@H](CC[C@]35C=O)O
dude_grik1__L003076,CCOc1cc(cc(c1[O-])[N+](=O)[O-])C=Nn2cnnc2
dude_grik1__L003077,C[N+](C)(C)C[C@@H]([C@@H]([C@@H]([C@@H](CO)O)O)O)O
dude_grik1__L003078,Cc1cc(c(s1)C)[C@@H](C)NC(=O)N2C[C@@H](C[C@@H]2C(=O)[O-])O
dude_grik1__L003079,CC(C)(C)[C@@H](C(=O)[O-])NC(=O)NCC[C@H]1CCCO1
dude_grik1__L003080,c1cc(ccc1N)S(=O)(=O)CC(=O)[O-]
dude_grik1__L003081,c1cc(ccc1NC(=O)c2ccc(s2)[N+](=O)[O-])S(=O)(=O)NCC(=O)[O-]
dude_grik1__L003082,c1cc(ccc1N)NS(=O)(=O)[C@@H]2CCS(=O)(=O)C2
dude_grik1__L003083,Cn1cnnc1CNc2c(c(ncn2)Cl)[N+](=O)[O-]
dude_grik1__L003084,C1CCN(C1)C(=O)COCC(=O)NN
dude_grik1__L003085,Cc1cc(n(n1)c2cc(ncn2)N/N=C/c3ccccc3)C
dude_grik1__L003086,CCOc1ccc(cc1)Oc2ccc(cc2NC(=O)CCNC(=O)C)S(=O)(=O)N3CCOCC3
dude_grik1__L003087,c1cc(c(cc1S(=O)(=O)[N-]c2nccs2)C(=O)[O-])Cl
dude_grik1__L003088,CC(C)(C)OC(=O)N1CCC(CC1)N2C[C@H](CC2=O)C(=O)[O-]
dude_grik1__L003089,C#CC(=O)NCCCS(=O)(=O)N
dude_grik1__L003090,c1cnc(cn1)/C(=C\[O-])/C=O
dude_grik1__L003091,c1cc(c(cc1[N+](=O)[O-])S(=O)(=O)[N-]c2cnccn2)N
dude_grik1__L003092,CCCCOc1ccc(cc1C)C(=O)C2=C(C(=O)N([C@@H]2c3ccc(cc3)[N+](=O)[O-])CCCO)[O-]
dude_grik1__L003093,Cc1ccc[nH+]c1N[C@@H]([P@@](=O)(C)[O-])[P@@](=O)(O)[O-]
dude_grik1__L003094,Cc1nnnn1c2ccc(c(c2)[N-]S(=O)(=O)c3ccc(cc3)NC(=O)C)F
dude_grik1__L003095,Cc1ccc(cc1[N+](=O)[O-])S(=O)(=O)[N-]c2ccc(c(c2)C(=O)N)F
dude_grik1__L003096,CC1([C@H](N[C@@](S1)(C(=O)[O-])O)C(=O)OC)C
dude_grik1__L003097,c1c(c(sc1[N+](=O)[O-])N[C@@H](CC(=O)[O-])C(=O)[O-])[N+](=O)[O-]
dude_grik1__L003098,c1ccc2c(c1)nc(s2)[N-]S(=O)(=O)c3cnc(nc3)NN
dude_grik1__L003099,c1cc(c(cc1C(=O)[O-])[N+](=O)[O-])N2CCN(CC2)C(=O)[C@H]3CCS(=O)(=O)C3
dude_grik1__L003100,Cn1c2c(c(c(c(n2)N)C#N)[C@H]3CCC=CC3)c(=O)n(c1=O)C
dude_grik1__L003101,C1C[C@H](CN(C1)C(=O)CC(=O)[O-])CNS(=O)(=O)N
dude_grik1__L003102,COCCCCNC(=O)N[C@@H](CO)C(=O)[O-]
dude_grik1__L003103,CN(C)S(=O)(=O)c1ccc(cc1)S(=O)(=O)N2CCC[C@@H](C2)C(=O)[O-]
dude_grik1__L003104,c1nnnn1CC(=O)N[C@H](CC(=O)N)C(=O)[O-]
dude_grik1__L003105,c1c([nH]cn1)C[C@H](C(=O)[O-])NS(=O)(=O)N
dude_grik1__L003106,C[C@@]1(CCS(=O)(=O)C1)NS(=O)(=O)c2cn(nc2N)C
dude_grik1__L003107,c1cc(c(cc1S(=O)(=O)N2CC[C@@H](C2)C[NH3+])[N+](=O)[O-])[O-]
dude_grik1__L003108,COC(=O)c1cccc(c1)NC(=O)C2CCN(CC2)c3c(cccn3)S(=O)(=O)N4CCOCC4
dude_grik1__L003109,C1[C@H]2[C@H]([C@@H](S1)CCCCC(=O)NCC(=O)[O-])NC(=O)N2
dude_grik1__L003110,CS(=O)(=O)N1CCC(CC1)C(=O)N[C@@H](CCO)C(=O)[O-]
dude_grik1__L003111,c1cc(c(cc1[N-]S(=O)(=O)c2c[nH]nc2)F)Cl
dude_grik1__L003112,Cn1c(c(c(nc1=S)[O-])[C@@H]2c3ccccc3C(=O)O2)[O-]
dude_grik1__L003113,C[C@@H](CNC(=O)C(=O)NCCOC)O
dude_grik1__L003114,C[C@@H]1CCC[C@@](C1)(C(=O)[O-])NC(=O)N2CCNC(=O)C2
dude_grik1__L003115,CS(=O)(=O)N1CCC[C@@H]1C(=O)NNC(=O)c2ccoc2
dude_grik1__L003116,c1cc(=O)[nH]cc1/C(=N/C2=NC(=O)CN2)/[O-]
dude_grik1__L003117,c1cc(ccc1COc2ccc(cc2)C(=O)C3=C(C(=O)N([C@H]3c4ccc(cc4)[N+](=O)[O-])CCCO)[O-])F
dude_grik1__L003118,CC[C@H](C(=O)Nc1ccc(cc1)S(=O)(=O)[N-]c2cc(ncn2)OC)Oc3ccc(cc3)C
dude_grik1__L003119,C[C@H]1CCCN(C1)C(=O)COCC(=O)NN
dude_grik1__L003120,Cc1cc(nc(n1)N/C(=N/C(=S)NC[C@@H]2CCCO2)/N3CCN(CC3)C(=O)c4ccco4)C
dude_grik1__L003121,Cc1ccc(cc1)S(=O)(=O)N[C@@]2(c3c(=O)nc(n(c3NC2=O)Cc4ccco4)[O-])C(F)(F)F
dude_grik1__L003122,C/C=C/[C@H](C(=O)NC1CCCCC1)N(Cc2ccco2)C(=O)c3cc(ccc3[O-])[N+](=O)[O-]
dude_grik1__L003123,C[C@@H](C(=O)N)NC(=O)N1C[C@H](C[C@H]1C(=O)[O-])O
dude_grik1__L003124,C[C@@H]1CCCN1C(=O)NC2(CCCC2)C(=O)[O-]
dude_grik1__L003125,C[C@@H]([C@@H](C(=O)[O-])NC(=O)Nc1nncs1)O
dude_grik1__L003126,CC(=O)N[C@H](CC(=O)Nc1[n-]c(c(n1)C#N)C#N)c2cccs2
dude_grik1__L003127,Cc1ccc(cc1C(=O)N[C@H]([C@@H](C)O)C(=O)[O-])S(=O)(=O)C
dude_grik1__L003128,Cc1cc([nH]n1)C(=O)N[C@@H]2C[C@H]3C(=O)N(CC(=O)N3C2)C
dude_grik1__L003129,C[C@@H]([C@H](C(=O)[O-])NC(=O)Cc1csc(n1)N)O
dude_grik1__L003130,Cc1ccc(cc1)S(=O)(=O)N2CCC[C@H](C2)C(=O)Nc3nnc(o3)CS(=O)(=O)c4ccccc4
dude_grik1__L003131,Cc1c(sc(n1)C)[C@@H](C)NC(=O)N2C[C@@H](C[C@@H]2C(=O)[O-])O
dude_grik1__L003132,CCN(CCO)C(=O)N1C[C@@H](C[C@@H]1C(=O)[O-])O
dude_grik1__L003133,CCN(CC)S(=O)(=O)c1ccc(cc1)NC(=O)CSc2nc([nH]n2)N/N=C/c3ccco3
dude_grik1__L003134,c1cc2c(cc1OCC(=O)N[C@H](CCCNC(=O)N)C(=O)[O-])oc(=O)c3c2CCC3
dude_grik1__L003135,c1ccc2c(c1)[C@@H](CCO2)NC(=O)N3CCSCC3
dude_grik1__L003136,C[C@H]1CCc2c(cc(s2)C(=O)NNC(=O)CC(C)(C)CC(=O)[O-])C1
dude_grik1__L003137,Cc1ccc(cc1C(=O)[O-])S(=O)(=O)[N-]c2ccc(cc2F)S(=O)(=O)N
dude_grik1__L003138,CC(=O)Nc1nc(cs1)C(=O)N2C[C@H](C[C@H]2C(=O)[O-])O
dude_grik1__L003139,c1cc(cc(c1)[N-]C2=NC(=O)C(S2)(CO)CO)C(=O)[O-]
dude_grik1__L003140,c1cc(cc(c1)S(=O)(=O)Nc2ccc(c(c2)C(=O)[O-])OS(=O)(=O)c3cccs3)[N+](=O)[O-]
dude_grik1__L003141,C1CC1NC(=O)C(=O)NNC(=O)C2=COCCO2
dude_grik1__L003142,C1[C@@H](CN([C@@H]1C(=O)[O-])C(=O)NCC(=O)N)O
dude_grik1__L003143,CSCC[C@H](C(=O)N1CCC[C@@H]1C(=O)[O-])NC(=O)N
dude_grik1__L003144,Cc1c(c([nH]c1C(=O)OC)C)C(=O)C2=C(C(=O)N([C@H]2c3cccnc3)CCCN4CCOCC4)[O-]
dude_grik1__L003145,C1C[C@@H](C(=O)NC1)NC(=O)N2CSC[C@H]2C(=O)[O-]
dude_grik1__L003146,CN1[C@H](NN[C@@H]1SCC(=O)N[C@@H](Cc2c[nH]c3c2cccc3)C(=O)[O-])[C@@H]4CCS(=O)(=O)C4
dude_grik1__L003147,C(CO)/N=C/C1C(=O)NC(=S)NC1=O
dude_grik1__L003148,CCCC\1=NN(C(=O)/C1=C\NCCc2ccc(cc2)S(=O)(=O)N)c3ccc(cc3)[N+](=O)[O-]
dude_grik1__L003149,c1ccc(cc1)N[C@]2(CCSC2)C(=O)[O-]
dude_grik1__L003150,CC(=S)NC=C(C(=O)N)C(=O)N
dude_grik1__L003151,c1c(cc(c(c1Cl)S(=O)(=O)N[C@H](CCO)C(=O)[O-])Cl)Cl
dude_grik1__L003152,Cc1ccc(cc1S(=O)(=O)N2CCOCC2)C(=O)NNC(=O)Cn3c(cc(n3)C)C
dude_grik1__L003153,CC(=O)c1cccc(c1)NC(=O)CSC2=C([C@@H]([C@@H](C(=N2)[O-])C(=O)OC)c3ccc(cc3)Cl)C#N
dude_grik1__L003154,COc1cc(cc(c1OC)C(=O)[O-])S(=O)(=O)[N-]c2ccc(c(c2)C#N)Cl
dude_grik1__L003155,C[C@H]1CCCN(C1)S(=O)(=O)[N-]c2cnn(c2)CC(=O)OC
dude_grik1__L003156,CC[C@@H](C)N(CC(=O)[O-])C(=O)[C@H](CCSC)NC(=O)N
dude_grik1__L003157,c1cc(ccc1C(=O)N(CC2CC2)CC(=O)[O-])N
dude_grik1__L003158,Cc1cc(c(c(c1)S(=O)(=O)[N-]c2ccccc2C(=O)N)C)[N+](=O)[O-]
dude_grik1__L003159,Cc1cc(on1)/C(=N/S(=O)(=O)c2cccc(c2)C#N)/[O-]
dude_grik1__L003160,C[C@@H]1CC=C(O1)/C=C/c2[nH]c(=S)n(n2)CN3CCN(CC3)S(=O)(=O)c4ccc(cc4)[N+](=O)[O-]
dude_grik1__L003161,C1CN(C[C@@H]1O)C(=O)N2C[C@H](C[C@H]2C(=O)[O-])O
dude_grik1__L003162,C[C@]1(CCCN(C1)C(=O)[C@H](CCSC)NC(=O)N)C(=O)[O-]
dude_grik1__L003163,CC(C)[C@@H](c1cccs1)NC(=O)N[C@@H](C(=O)[O-])C(C)(C)C
dude_grik1__L003164,C[NH+]1CC[C@@H](C1)NC(=O)NCC(=O)NCC(=O)[O-]
dude_grik1__L003165,CC1=C[C@H](NO1)[C@H]2CCCN2S(=O)(=O)c3c[nH]cn3
dude_grik1__L003166,C1C[C@@H](N(C1)C(=O)N2CC[NH+](CC2)CC(=O)[O-])C(=O)N
dude_grik1__L003167,C[C@H]1CCC[C@](C1)(C(=O)[O-])NC(=O)N(C)C[C@@H](C)O
dude_grik1__L003168,c1c[nH]nc1NC(=O)[C@@H]2CSC(=O)N2
dude_grik1__L003169,Cc1c(nnn1c2cc(cc(c2)C(=O)[O-])C(=O)[O-])C#N
dude_grik1__L003170,C[C@@](CC(C)(C)OC)(C(=O)[O-])n1cnc(n1)[N+](=O)[O-]
dude_grik1__L003171,c1cc(c(nc1)C(=O)N2CCC[C@@H](C2)CN)[O-]
dude_grik1__L003172,CN(C)S(=O)(=O)c1ccc(o1)C(=O)Nc2cc[nH]n2
dude_grik1__L003173,CC(C)(C(=O)N)NC(=O)c1ccc(cn1)C(=O)[O-]
dude_grik1__L003174,c1cc(cc(c1)NC(=S)NC(=O)c2cc(cc(c2)[N+](=O)[O-])[N+](=O)[O-])C(=O)NC[C@@H]3CCCO3
dude_grik1__L003175,CCN(CC)c1ccc(cc1)[C@H]2C(=C(C(=O)N2CCOCCO)[O-])C(=O)c3ccc4c(c3)OCCO4
dude_grik1__L003176,Cn1cc(cn1)CNc2cc(cc(c2)S(=O)(=O)N3CCCC3)C(=O)N4CCCC[C@@H]4C(=O)OC
dude_grik1__L003177,c1ccc(c(c1)COc2ccc(cc2)/C=C/3\C(=NC(=O)N(C3=O)c4ccc(cc4)[N+](=O)[O-])[O-])F
dude_grik1__L003178,C1[C@H](CN([C@@H]1C(=O)[O-])C(=O)NCCS(=O)(=O)N)O
dude_grik1__L003179,CC[C@H]1CN(CCO1)S(=O)(=O)c2cnc(nc2)NN
dude_grik1__L003180,Cc1ccc(c(c1)F)NC(=O)C(=O)N[C@@H]2CCOc3c2cccc3
dude_grik1__L003181,Cc1c(c(n[nH]1)C)S(=O)(=O)N[C@H](C#N)c2ccncc2
dude_grik1__L003182,CC(C)CCCNC(=O)N(CC(=O)[O-])c1ccc(cc1)O
dude_grik1__L003183,CN1C[C@](Cc2c1ccc(c2)[N+](=O)[O-])(C(=O)[O-])C(=O)OC
dude_grik1__L003184,CCOC(=O)NNC(=O)C1CCN(CC1)C(=O)N(C)C
dude_grik1__L003185,C1CO[C@H](CO1)CNC(=O)N2C[C@@H](C[C@@H]2C(=O)[O-])O
dude_grik1__L003186,C[C@H]([C@@H](C(=O)[O-])NC(=O)N(CCOC)C1CC1)O
dude_grik1__L003187,CCO/C(=N\[N-]S(=O)(=O)c1ccc(cc1C)[N+](=O)[O-])/[O-]
dude_grik1__L003188,CC(C)CN(CC(=O)N)C(=O)N1CCC[C@H]1C(=O)[O-]
dude_grik1__L003189,c1c(c(cc2c1OCO2)Cl)/C=C(\C#N)/c3c(c(n(n3)CCO)N)C#N
dude_grik1__L003190,C[C@H]1CCC[C@@](C1)(C(=O)[O-])NC(=O)N[C@@H]2C[C@@H]2C
dude_grik1__L003191,c1csc(n1)/C=C/C(=O)NNC(=O)C(=O)NC2CC2
dude_grik1__L003192,C[C@@](C1CC1)(C(=O)[O-])NC(=O)NC[C@H]2COCCO2
dude_grik1__L003193,c1cc(sc1)CCNC(=O)NC(=O)COC(=O)CCn2c(=O)oc(n2)c3cccs3
dude_grik1__L003194,Cc1cccc(c1)[C@H](c2ccc3c(c2)oc(=O)n3C)O
dude_grik1__L003195,C[C@@H]1CO[C@@H]2[C@@H](O1)N/C(=N/[N+](=O)[O-])/N2
dude_grik1__L003196,c1c(cncc1C(=O)NCCCS(=O)(=O)N)/C=C/C(=O)[O-]
dude_grik1__L003197,c1ccc(cc1)OCCN(CC(=O)[O-])c2ccccc2N
dude_grik1__L003198,c1cc(cnc1)C(=O)NNC(=O)CNC(=O)c2ccc(cc2)N3CCCC3=O
dude_grik1__L003199,C1CC(C1)(C(=O)N(CCO)CCO)C(=O)[O-]
dude_grik1__L003200,C[C@@](C1CC1)(C(=O)[O-])NC(=O)N2CCC[C@H](C2)C(=O)N
dude_grik1__L003201,C[C@H](c1ccc(s1)Cl)NC(=O)N[C@@H](CCO)C(=O)[O-]
dude_grik1__L003202,Cc1c(cn(n1)C)[C@H]2[C@@H](C(=O)C[C@@]([C@@H]2C(=O)N)(C)O)C(=O)N
dude_grik1__L003203,C[C@@H]([C@H](C(=O)[O-])NC(=O)c1cc(c[nH]c1=O)[N+](=O)[O-])O
dude_grik1__L003204,CN(C)C(=O)[C@@H]1CCCN1C(=O)c2nc([nH]n2)N
dude_grik1__L003205,C1C[C@H](OC1)CCNC(=O)N2C[C@H](C[C@@H]2C(=O)[O-])O
dude_grik1__L003206,C[C@](C1CC1)(C(=O)[O-])NC(=O)NCC[C@@H]2CCCO2
dude_grik1__L003207,CC(=O)N[C@@H]1[C@H]([C@@H](O[C@@H]([C@H]1O)O)CO)O
dude_grik1__L003208,C[C@@H](C(=O)[O-])NS(=O)(=O)c1ccc(cc1)/C(=N/NC(=O)c2cc(c[nH]2)Br)/C
dude_grik1__L003209,Cc1cc(nc(n1)N/C(=N/C(=O)CSc2nccn2C)/[N-]CCc3c[nH]c4c3cc(cc4)Cl)C
dude_grik1__L003210,Cc1cc(c(s1)NC(=O)C2CC2)C(=O)N[C@H](CC(C)C)C(=O)[O-]
dude_grik1__L003211,Cc1cc(c2c(c1)sc(n2)N3[C@@H](C(=C(C3=O)[O-])C(=O)c4cccs4)c5ccc(c(c5)OC)O)C
dude_grik1__L003212,Cc1c(c(n(n1)c2ccccc2)C)C(=O)C(=O)Nc3[n-]ncn3
dude_grik1__L003213,c1ccc(cc1)NC(=O)C2CCN(CC2)C(=O)CSc3nnc(n3CC(=O)[O-])c4cccs4
dude_grik1__L003214,COc1ccc(cc1)c2c(cn(n2)c3ccccc3)[C@H]4NC(=O)C(=C(N4c5ccccc5OC)[S-])C#N
dude_grik1__L003215,Cc1c(c(cc[n+]1[C@@H]2[C@H]([C@@H]([C@@H](O2)CO)O)O)O)O
dude_grik1__L003216,c1cc(cc(c1)S(=O)(=O)CCOS(=O)(=O)[O-])NC(=O)c2ccc(cc2)N
dude_grik1__L003217,Cn1c2c(cn1)c(ncn2)Nc3cnn(c3)CCO
dude_grik1__L003218,c1c[n+](nc(=O)n1[C@@H]2[C@H]([C@@H]([C@@H](O2)CO)O)O)[O-]
dude_grik1__L003219,C[C@H](C(=O)NCCC(=O)[O-])N1C(=O)/C(=C/c2ccc(cc2O)O)/SC1=S
dude_grik1__L003220,COC[C@@H]1[C@H]([C@@H]([C@@H]([C@@H](O1)O)O)O)OC
dude_grik1__L003221,c1c(con1)NC(=O)NC(=O)/C=C/C(=O)[O-]
dude_grik1__L003222,c1cc(ccc1[C@H]2C(=C(C(=O)N2CCCN3CCOCC3)[O-])C(=O)c4ccc(cc4)Cl)[N+](=O)[O-]
dude_grik1__L003223,c1cc(c(nc1)[N+](=O)[O-])Oc2ccc(cc2S(=O)(=O)N3CCC(CC3)C(=O)[O-])[N+](=O)[O-]
dude_grik1__L003224,CC1=C2C(=NC(=NC2=O)SCC(=O)Nc3ccc(cc3)S(=O)(=O)NC(C)(C)C)S[C@@H]1C(=O)[O-]
dude_grik1__L003225,c1c(c(cc(c1[N+](=O)[O-])[O-])[O-])[N+](=O)[O-]
dude_grik1__L003226,c1cc(ccc1CC(=O)[O-])N2C[C@@]34C=C[C@@H](O3)[C@@H]([C@@H]4C2=O)C(=O)[O-]
dude_grik1__L003227,Cc1ccc(cc1C)S(=O)(=O)N[C@H](CCO)C(=O)[O-]
dude_grik1__L003228,C[C@]1(C[C@H](CC(C1)(C)C)NC(=O)/C=C/C(=O)[O-])CNC(=O)/C=C/C(=O)[O-]
dude_grik1__L003229,C[C@@H]1Cc2cc(ccc2O1)C(=O)C3=C(C(=O)N([C@@H]3c4cc(c(c(c4)OC)OC)OC)CCOCCO)[O-]
dude_grik1__L003230,c1cc(ncc1[N+](=O)[O-])NCc2nc[nH]n2
dude_grik1__L003231,C(CC(=O)N(CC#N)CC#N)C(=O)NN
dude_grik1__L003232,C=CC/C(=N\OS(=O)(=O)[O-])/S[C@H]1[C@H]([C@@H]([C@@H]([C@@H](O1)CO)O)O)O
dude_grik1__L003233,C[C@@H]([C@@H]1CCCO1)NC(=O)NC(C)(C)C(=O)[O-]
dude_grik1__L003234,C1COCCC1NC(=O)NC(=O)CCC(=O)[O-]
dude_grik1__L003235,C[C@@H]1CCC[C@@H](C1)OC(=O)C2=C(NC(=O)N[C@H]2c3ccc(c(c3)[N+](=O)[O-])[O-])C
dude_grik1__L003236,C[C@@H](C(=O)NC(=O)NC)N1CCO[C@@H](C1)C(=O)[O-]
dude_grik1__L003237,CS(=O)(=O)c1ccc(c(c1)Cl)N2CCC[C@H](C2)C(=O)NN
dude_grik1__L003238,C[C@H]1CCCCN1S(=O)(=O)c2ccc(cc2)C(=O)Nc3nnc(o3)c4ccc(cc4)S(=O)(=O)C
dude_grik1__L003239,C[C@@]1(C(=O)N(C(=O)N1)CC(=O)Nc2ccc(cc2)N3CCCC3=O)c4cc(c(c(c4)OC)OC)OC
dude_grik1__L003240,C[C@@H]1CCC[C@@](C1)(C(=O)[O-])NC(=O)[C@@H]2CCC(=O)N2
dude_grik1__L003241,CC(C)(C)NC(=O)[C@@H](c1cccc(c1)O)N(Cc2ccco2)C(=O)c3cc(ccc3[O-])[N+](=O)[O-]
dude_grik1__L003242,C[C@@H]([C@@H](C(=O)[O-])NC(=O)C1CCOCC1)O
dude_grik1__L003243,C1C[C@@H]2[C@@H](CC[NH+]2C1)Nc3nc(nc(n3)Cl)Cl
dude_grik1__L003244,C1C[C@H](CN(C1)S(=O)(=O)N)C(=O)[O-]
dude_grik1__L003245,CCS(=O)(=O)[N-]c1ccccc1C(=O)NCc2cccnc2n3cncn3
dude_grik1__L003246,C[C@H]1CCCCN1S(=O)(=O)N2CCO[C@@H](C2)C(=O)N
dude_grik1__L003247,C[C@H](C1CC1)NC(=O)NC2(CCCCC2)C(=O)[O-]
dude_grik1__L003248,C[C@@H]([C@H](C(=O)[O-])NC(=O)c1ccc2c(c1)CCN2)O
dude_grik1__L003249,Cc1c(sc(=O)[nH]1)S(=O)(=O)[N-]c2ccc(cc2)CCO
dude_grik1__L003250,C1CC(=O)N(C[C@@H]1C(=O)[O-])CCCCO
dude_grik1__L003251,Cc1cc(cc(c1C)S(=O)(=O)N2CCN(CC2)c3ccc(cc3[N+](=O)[O-])S(=O)(=O)C)C(=O)[O-]
dude_grik1__L003252,CC(=O)NCCNS(=O)(=O)c1c(cn[nH]1)C(=O)[O-]
dude_grik1__L003253,Cc1c(c(n(n1)c2ccccc2)C)C(=O)Nc3ccc(cc3)n4c(c(cn4)C#N)N
dude_grik1__L003254,Cc1cc(c(c(c1)C)NC(=O)N2C[C@H](C[C@H]2C(=O)[O-])O)C
dude_grik1__L003255,Cc1c(c(n(n1)C)C)C(=O)N[C@@H]([C@H](C)O)C(=O)[O-]
dude_grik1__L003256,c1cc(ccc1/C=C\2/C(=O)N(C(=S)S2)N)OCCC(=O)[O-]
dude_grik1__L003257,CN1C(=O)[C@@]2([C@H]([C@@H]([C@@H]([C@@H](O2)CO)O)O)O)NC1=O
dude_grik1__L003258,c1cc(cc(c1)[N+](=O)[O-])[C@H]2C(=C(C(=O)N2CCN3CCOCC3)[O-])C(=O)c4ccc5c(c4)OCO5
dude_grik1__L003259,c1ccc(cc1)n2cc(c(n2)c3ccc4c(c3)OCCO4)/C=C/C(=O)OCC(=O)N[C@@H]5CCS(=O)(=O)C5
dude_grik1__L003260,c1cc2c(cc1S(=O)(=O)[O-])nc([nH]2)CCCO
dude_grik1__L003261,CCCCOCCNC(=O)N[C@]1(CCC[C@H](C1)C)C(=O)[O-]
dude_grik1__L003262,C[C@@H](c1ccco1)NC(=O)N2C[C@H](C[C@H]2C(=O)[O-])O
dude_grik1__L003263,C1CCC(CC1)(C(=O)[O-])NC(=O)NCCN2CCOCC2
dude_grik1__L003264,Cc1c(sc(n1)C)C(=O)C2=C(C(=O)N([C@@H]2c3ccc(cc3)C(=O)OC)CCN4CCOCC4)[O-]
dude_grik1__L003265,Cc1c(cn[nH]1)S(=O)(=O)NCc2nncn2C
dude_grik1__L003266,CN(CC(=O)N)C(=O)N1C[C@H](C[C@H]1C(=O)[O-])OC
dude_grik1__L003267,Cc1cc(c(cc1C)S(=O)(=O)[N-]c2ccc(c(c2)Cl)C(=O)N)[N+](=O)[O-]
dude_grik1__L003268,CCn1c(c(cn1)c2[nH]c3cnn(c3n2)C4CCCC4)C
dude_grik1__L003269,CNC(=O)c1c[nH]c2ccc(cc2c1=O)S(=O)(=O)[N-]c3ccccc3F
dude_grik1__L003270,C[C@@H]([C@@H](C(=O)[O-])NC(=O)c1cnn(c1)C)O
dude_grik1__L003271,c1cc(ccc1[N-]S(=O)(=O)c2ccc(c(c2)[N+](=O)[O-])Cl)n3cncn3
dude_grik1__L003272,Cc1cc(n(n1)CC(=O)NNC(=O)C2=COCCO2)C
dude_grik1__L003273,C[C@]1(CCN(C1)C(=O)N(CC(=O)N)CC(=O)N)C(=O)[O-]
dude_grik1__L003274,CO[C@H]1C[C@H](N(C1)C(=O)NCCCS(=O)(=O)N)C(=O)[O-]
dude_grik1__L003275,Cc1nc(no1)CSCC(=O)NNC(=O)c2ccc(cc2)S(=O)(=O)N3CCCC3
dude_grik1__L003276,C[C@@H](/C(=C(/C#N)\C(=O)NCC=C)/[O-])NC(=O)C1CCC1
dude_grik1__L003277,[H]/N=C/1\N=C2C(=NC(=O)C(=N2)[O-])C(=N1)[O-]
dude_grik1__L003278,Cc1c(c(n(n1)CC(=O)NC(C)(C)C)C)S(=O)(=O)N2CCC[C@H](C2)C(=O)N3CCN(CC3)C
dude_grik1__L003279,c1[nH]c(=O)c2c(n1)n(cn2)C[C@@H](CO)O
dude_grik1__L003280,CCOc1cc(ccc1OS(=O)(=O)c2ccccc2)[C@@H](c3c(n[nH]c3[O-])C)C4=C(N=N[C@@H]4O)C
dude_grik1__L003281,c1cc(c(nc1)C(=O)N(CC(=O)[O-])[C@@H]2CCS(=O)(=O)C2)[O-]
dude_grik1__L003282,Cc1cc(ccc1Cl)OCC(=O)N(CCCNC(=O)c2nc3ccccc3c(n2)[O-])Cc4ccccc4
dude_grik1__L003283,Cc1ccccc1NC(=O)N2CCC[C@@H](C2)C(=O)[O-]
dude_grik1__L003284,c1c2n(cn1)C(=O)N[C@@H](C2)C(=O)NN
dude_grik1__L003285,CCCCOc1ccc(c(c1)C)C(=O)C2=C(C(=O)N([C@H]2c3ccc(cc3)[N+](=O)[O-])CCO)[O-]
dude_grik1__L003286,C[C@H]1C[C@@H](CN(C1)S(=O)(=O)N2C[C@@H](C[C@@H]2C(=O)[O-])OC)C
dude_grik1__L003287,c1cc(ccc1c2cc(sc2)C(=O)[O-])C(=O)[O-]
dude_grik1__L003288,CO[C@@H]1[C@H]([C@@H]([C@H]([C@@H](O1)CS(=O)(=O)[O-])O)O)O
dude_grik1__L003289,CC(=O)c1ccc(cc1)NC(=O)N2C[C@H](C[C@H]2C(=O)[O-])O
dude_grik1__L003290,C[C@@H](CNc1ccc(nc1)NC(=O)CCC(=O)[O-])O
dude_grik1__L003291,c1cc(c(cc1O)O)C(=O)N2C[C@@H](C[C@@H]2C(=O)[O-])O
dude_grik1__L003292,CC(C)(C(=O)[O-])N(C)C(=O)NCCNS(=O)(=O)C
dude_grik1__L003293,c1cc(c(c(c1F)C(=O)[O-])F)S(=O)(=O)NCc2ccn[nH]2
dude_grik1__L003294,Cc1c2c(c(nn1)[O-])/C(=N/C(=O)CSC3=NN[C@@H](S3)C)/O[C@H]2C
dude_grik1__L003295,CC(C)[C@H](C(=O)[O-])NC(=O)c1cc(cn1C)S(=O)(=O)NC
dude_grik1__L003296,c1c(cn[nH]1)[N-]S(=O)(=O)[C@H]2CCC[NH2+]C2
dude_grik1__L003297,COc1cc(cc(c1O)OC)CNC(=O)c2cccnc2[S-]
dude_grik1__L003298,C[C@@H]1Cc2cc(ccc2N1C(=O)C)S(=O)(=O)N(C)CC(=O)Nc3cc(c(c(c3)OC)OC)OC
dude_grik1__L003299,Cc1c2cc3c(cc2oc(=O)c1CCC(=O)NCC(=O)NCC(=O)[O-])oc4c3CCCC4
dude_grik1__L003300,C1C[C@@H](C[C@H](C1)C(F)(F)F)C(=O)/N=C/2\NCC(=N2)[O-]
dude_grik1__L003301,C[C@](C1CC1)(C(=O)[O-])NC(=O)N2CCC[C@H]2C(=O)NC
dude_grik1__L003302,CSCC[C@H](C(=O)N1CCC[C@@H]1CC(=O)[O-])NC(=O)N
dude_grik1__L003303,CC(=O)N1CC[NH+](CC1)[C@@H](c2c[nH]c3c2cc(cc3)NC(=O)CCC(=O)[O-])C(=O)[O-]
dude_grik1__L003304,c1cc(cc(c1)N)C(=O)N(CCO)C2CC2
dude_grik1__L003305,CS(=O)(=O)CCS(=O)(=O)N1C[C@H](C[C@@H]1C(=O)[O-])O
dude_grik1__L003306,CCCN(CC(=O)[O-])C(=O)c1cc(cn1C)S(=O)(=O)N
dude_grik1__L003307,Cc1c(c(nc(n1)SCC(=O)N[C@]2(CCS(=O)(=O)C2)C)[O-])CCC(=O)[O-]
dude_grik1__L003308,Cc1cc(no1)CNC(=O)NC2(CCCC2)C(=O)[O-]
dude_grik1__L003309,COC(=O)c1ccc(c(c1)S(=O)(=O)N2CCc3c2ccc(c3)S(=O)(=O)N)C(=O)OC
dude_grik1__L003310,C[C@@H]([C@H](C(=O)[O-])NC(=O)[C@@H]1CCCN1C2CC[NH2+]CC2)O
dude_grik1__L003311,C[C@H](c1nncn1C)NC(=O)Nc2cnn(c2)CC(=O)[O-]
dude_grik1__L003312,CC(=O)NNC(=O)c1ccc(cc1)[N-]S(=O)(=O)c2cccs2
dude_grik1__L003313,c1cn2cnc3c(c2n1)ncn3[C@H]4[C@@H]([C@@H]([C@@H](O4)COP(=O)([O-])[O-])O)O
dude_grik1__L003314,C[C@H](C(=O)[O-])NC(=O)[C@@H](C(C)C)NC(=O)[C@@H]1[C@H]2[C@@H]([C@@H]3[C@H](O1)OC(O3)(C)C)OC(O2)(C)C
dude_grik1__L003315,c1cc(cc(c1)O)N[C@@H]2CC(=O)N(C2=O)c3cc(cc(c3)C(=O)[O-])C(=O)[O-]
dude_grik1__L003316,C[C@H](C(=S)N)C(=O)N[C@H](C)C(=O)N(C)C
dude_grik1__L003317,Cc1nc(on1)CNc2cc(ccc2F)n3c(nnn3)C
dude_grik1__L003318,C[C@H]([C@H](C(=O)[O-])NC(=O)N(CC(F)(F)F)C1CC1)O
dude_grik1__L003319,C1[C@@H]([C@@H]([C@H]([C@@H](O1)O)O)O)[NH3+]
dude_grik1__L003320,c1cc(cc(c1)n2c(=O)ccc(n2)[O-])C(=O)N[C@H]3CCCCNC3=O
dude_grik1__L003321,CC1CCC(CC1)NC(=O)N2C[C@H](C[C@H]2C(=O)[O-])O
dude_grik1__L003322,Cc1nnc(o1)c2ccccc2[N-]S(=O)(=O)c3ccc(s3)[N+](=O)[O-]
dude_grik1__L003323,c1nc2c(c(n1)[O-])nnn2[C@H]3[C@H]([C@@H]([C@@H](CO3)O)O)O
dude_grik1__L003324,C[C@H]1C=CC[C@@H]2[C@@H]1C(=O)N(C2=O)c3ccc(cc3)C(=O)[O-]
dude_grik1__L003325,C1C[C@@H]2[C@H](C1)OCCN2C(=O)C3(CCOCC3)/C(=N\O)/N
dude_grik1__L003326,C[C@H](C(=O)[O-])NC(=O)Nc1cccc(c1)S(=O)(=O)N
dude_grik1__L003327,CC(C)(C(=O)[O-])NC(=O)c1ccc(=O)n(n1)C
dude_grik1__L003328,C[C@H](C(=O)NC(=O)N)n1cnc(n1)C#N
dude_grik1__L003329,N[C@@H](Cn2cc(I)c(=O)n(Cc1ccccc1C(O)=O)c2=O)C(O)=O
dude_grik1__L003330,CO[C@@H]1[C@@H](O[C@@H]([C@@H]1O)n2ccc(=O)[nH]c2=O)CO
dude_grik1__L003331,CC(=O)N[C@@H]1[C@H]([C@H]([C@H](O[C@H]1O)CO)O)OC(=O)C
dude_grik1__L003332,C[C@@H](c1nncn1C)NC(=O)N[C@@H]([C@@H](C)O)C(=O)[O-]
dude_grik1__L003333,c1cc(c(cc1C(=O)NC(=S)Nc2ccc(c(c2)Cl)N3CCOCC3)[N+](=O)[O-])N4CCOCC4
dude_grik1__L003334,C1=C/C(=C/NNC(=O)Cc2nnc(s2)N)/C(=CC1=O)[O-]
dude_grik1__L003335,CSc1c(cccn1)C(=O)N[C@H](CC(=O)N)C(=O)[O-]
dude_grik1__L003336,C[C@@H]1C[NH+](CCCO1)[C@@H]2CCc3cc(ccc3[C@@H]2O)OC
dude_grik1__L003337,Cc1nc(cs1)CNC(=O)N[C@H](C)CC(=O)[O-]
dude_grik1__L003338,C[C@H](C(=O)[O-])O[C@H]1[C@@H]([C@@H](O[C@@H]2[C@@H]1O[C@@H](OC2)c3ccco3)Oc4ccc(cc4Cl)Cl)NC(=O)C
dude_grik1__L003339,CCC(CC)(CO)NC(=O)[C@H]1[C@H]2C[C@@H]([C@@H]1C(=O)[O-])C=C2
dude_grik1__L003340,C[C@@H](CC(=O)N[C@H](C)c1cccc(c1)O)CC(=O)[O-]
dude_grik1__L003341,C=CCNC(=O)/C(=N/c1ncc(s1)[N+](=O)[O-])/[O-]
dude_grik1__L003342,c1cc(cc(c1)C(=O)N)CSc2ccc(cn2)C(=O)[O-]
dude_grik1__L003343,CC(=O)NNC(=O)c1ccc(nc1)n2cccn2
dude_grik1__L003344,C[C@H](Cn1cccn1)NC(=O)N2C[C@@H](C[C@@H]2C(=O)[O-])OC
dude_grik1__L003345,Cc1c(cnn1[C@@H]2CCS(=O)(=O)C2)S(=O)(=O)N
dude_grik1__L003346,Cc1cc(n(n1)[C@H]2CCS(=O)(=O)C2)NC(=O)c3cc(c[nH]3)Cl
dude_grik1__L003347,C1CC[C@@H]2[C@@H](C1)N(CCO2)C(=O)NC(=O)COCC(=O)[O-]
dude_grik1__L003348,Cn1c2ccc(cc2oc1=O)S(=O)(=O)[N-]c3cc(ccc3Cl)C(=O)N
dude_grik1__L003349,CS(=O)(=O)N1CCN[C@H](C1)C(=O)N[C@H]2CCCNC2=O
dude_grik1__L003350,Cc1c(c[nH]n1)CNC(=O)N2C[C@@H](C[C@@H]2C(=O)[O-])OC
dude_grik1__L003351,C[C@@H](C(=O)OC)S(=O)(=O)[N-]c1c(cn(n1)C)S(=O)(=O)N
dude_grik1__L003352,CCCCc1ccc(cc1)S(=O)(=O)c2cnc(nc2[O-])SCC(=O)N[C@H]3C=CS[C@@H]3C(=O)OC
dude_grik1__L003353,c1cc(cc(c1)Cl)N2[C@H](N=C3C(=CN=N3)C2=O)[S-]
dude_grik1__L003354,Cc1cc(ccc1n2cnnn2)C(=O)NNC(=O)C3CC3
dude_grik1__L003355,C1C=CCC2(C1(CC=CC2)CC(=O)[O-])C(=O)[O-]
dude_grik1__L003356,c1cnc(cn1)C(=O)C=C2NCC(CN2)O
dude_grik1__L003357,Cc1cc2c(c(=O)[nH]1)[C@@H](C(=C(O2)N)C#N)c3ccc(c(c3OC)OC)OC
dude_grik1__L003358,CN(C)C(=O)N1CCC[C@@H](C1)C(=O)Nc2c[nH]nc2
dude_grik1__L003359,C1CCN(CC1)C(=O)c2c(n(c(=S)s2)C[C@@H]3CCCO3)N
dude_grik1__L003360,C[C@H]([C@H](C(=O)[O-])NC(=O)Nc1ccc(cc1)NC(=O)C)O
dude_grik1__L003361,Cc2cn(C[C@H](N)C(O)=O)c(=O)n(Cc1ccsc1C(O)=O)c2=O
dude_grik1__L003362,CCOc1ccc(cc1)[N-]S(=O)(=O)C2=NN=C(C2)C(=O)N3CCN(CC3)c4ccc(cc4)C(=O)C
dude_grik1__L003363,C1C[C@@H](CN(C1)C(=O)N)C(=O)N2CCC[C@H]2C(=O)[O-]
dude_grik1__L003364,C[C@@H]1CN([C@@H](CO1)C)Cc2cc(ccc2NC)[N+](=O)[O-]
dude_grik1__L003365,Cc2cn(C[C@H](N)C(O)=O)c(=O)n(Cc1ccccc1C(O)=O)c2=O
dude_grik1__L003366,CC(=O)NCCNC(=O)N1CCN(CC1)C(=O)OC
dude_grik1__L003367,CC(=O)N[C@H]1CS(=O)(=O)C[C@@H]1N
dude_grik1__L003368,COC(=O)[C@H]1CC(=O)N(C1)c2ccc(cc2)S(=O)(=O)N
dude_grik1__L003369,CCS(=O)(=O)c1ccc(cc1)c2nnc(o2)NC(=O)[C@@H]3CCCN3S(=O)(=O)c4cccs4
dude_grik1__L003370,CC(C)CS(=O)(=O)[N-]c1cc(ccc1Cl)C(=O)N
dude_grik1__L003371,c1nc(c2c3c(sc2n1)CCCC3)N4CCC[C@H](C4)C(=O)[O-]
dude_grik1__L003372,CNc1c(n2ccsc2n1)S(=O)(=O)N3CC[C@H](C3)O
dude_grik1__L003373,c1cc(ccc1C#N)[N-]S(=O)(=O)c2ccnc(c2)Cl
dude_grik1__L003374,Cc1ccccc1[C@H](C)NC(=O)N2C[C@@H](C[C@H]2C(=O)[O-])O
dude_grik1__L003375,CC1CCC=C(C[C@H](N)C(O)=O)c2c(O)noc12
dude_grik1__L003376,C1CC1NC(=O)CNC(=O)N2CSC[C@H]2C(=O)[O-]
dude_grik1__L003377,CN(CC(=O)[O-])c1c(cc(cn1)Br)N
dude_grik1__L003378,C[C@H]1C(=C(N=N1)C)S(=O)(=O)[N-]c2cc(ccc2Cl)C(=O)[O-]
dude_grik1__L003379,C[C@H](C(=O)NC)NC(=O)N1CCC[C@@H](C1)C(=O)[O-]
dude_grik1__L003380,N[C@@H](Cn2cc(C(F)(F)F)c(=O)n(Cc1ccsc1C(O)=O)c2=O)C(O)=O
dude_grik1__L003381,CS(=O)(=O)CC[C@H](C(=O)[O-])NC(=O)N1CCC(CC1)CO
dude_grik1__L003382,Cc1c([nH]c2c1cc(cc2)C(=O)NC(C)(C)C(=O)[O-])C
dude_grik1__L003383,c1cc2cn[nH]c2c(c1)NC(=O)c3ccc(cc3)n4cncn4
dude_grik1__L003384,Cc1ccc2c(c1)cc(o2)C(=O)C3=C(C(=O)N([C@H]3c4cccc(c4)[N+](=O)[O-])CCCN5CCOCC5)[O-]
dude_grik1__L003385,Cc1[nH]nc(n1)c2ccc(cc2)[N-]S(=O)(=O)c3ccc4c(c3)C(=O)N(C4=O)C
dude_grik1__L003386,CN(C)S(=O)(=O)c1cccc(c1)C(=O)NNC(=O)c2ccc(c(c2)[N+](=O)[O-])N3CCCC3
dude_grik1__L003387,C[C@]1(CCS(=O)(=O)C1)n2c(nnn2)c3ccc(cc3)N
dude_grik1__L003388,CC(=O)N[C@@H](C=O)[C@@H]([C@@H]([C@@H](CO)O)OS(=O)(=O)[O-])O
dude_grik1__L003389,c1ccc(cc1)[C@@H]2C[C@H]2NS(=O)(=O)c3cc([nH]c3)C(=O)[O-]
dude_grik1__L003390,c1cc2c(cc1S(=O)(=O)NCCC3OCCO3)oc(n2)[O-]
dude_grik1__L003391,Cn1c2ccccc2c(=O)c(c1[O-])C\3=NN=C(/C3=N\Nc4cccnc4)[O-]
dude_grik1__L003392,C1CCO[C@@H](C1)C(=O)N2C[C@@H](C[C@@H]2C(=O)[O-])O
dude_grik1__L003393,Cc1c(c(c(cn1)CO)[C@@H]2c3c(nc[nH]3)C[C@@H]([NH2+]2)C(=O)[O-])[O-]
dude_grik1__L003394,C/C(=C\C1=CC[C@@](C=C1)(C(=O)[O-])C(C)(C)C)/C(=O)[O-]
dude_grik1__L003395,c1cc(c(cc1C(=O)[O-])S(=O)(=O)[N-]c2nccs2)Cl
dude_grik1__L003396,CC(C)(C[C@@H](c1ccc2c(c1)CCC(=O)N2)O)CC(=O)[O-]
dude_grik1__L003397,Cc1c(cc(cc1F)C(=O)NNC(=O)c2c(cn(n2)c3ccccc3)[O-])[N+](=O)[O-]
dude_grik1__L003398,C[C@](C1CC1)(C(=O)[O-])NS(=O)(=O)c2cc(n(c2)C)C(=O)N
dude_grik1__L003399,C1CC1C(C2CC2)NC(=O)N3C[C@H](C[C@@H]3C(=O)[O-])O
dude_grik1__L003400,Cc1cccc(c1)c2nccc(n2)N3CCC[C@H](C3)C(=O)[O-]
dude_grik1__L003401,c1cc(ccc1C(=O)[O-])NS(=O)(=O)c2ccc(cc2)N3C[C@@H](CC3=O)C(=O)[O-]
dude_grik1__L003402,Cc1ccc(s1)c2nc([nH]n2)/N=C(/[C@H](C)NC(=O)C3CCC3)\[O-]
dude_grik1__L003403,c1cc(c(cc1O)S(=O)(=O)[O-])O
dude_grik1__L003404,c1ccc(cc1)N2C[C@@H](CC2=O)C(=O)NCCN3CCN(CC3)C(=O)c4ccc(c(c4)[N+](=O)[O-])Cl
dude_grik1__L003405,CC(C)(C)NC(=O)N1C[C@H](C[C@@H]1C(=O)[O-])O
dude_grik1__L003406,CC(C)(CC(=O)Nc1cccc(c1)NC(=O)C2CC2)CC(=O)[O-]
dude_grik1__L003407,CCc1ncc(s1)C(=O)N/N=C(\NCC(F)(F)F)/[S-]
dude_grik1__L003408,Cc1ccc(cc1S(=O)(=O)NNC(=O)c2cccc(c2)S(=O)(=O)N3CCOCC3)C(=O)OC
dude_grik1__L003409,COC(=O)NCC(=O)N1CCC2(CC1)C(=O)NC(=O)N2
dude_grik1__L003410,Cc1c2c([nH]c1C(=O)N3CCCC[C@H]3C)CCCC2=O
dude_grik1__L003411,Cc1c2cc(cnc2n(n1)C)S(=O)(=O)[N-]c3ccccc3c4nncn4C
dude_grik1__L003412,c1cc(ccc1C(=O)NNc2c(c(ncn2)NCCN3CCOCC3)[N+](=O)[O-])Br
dude_grik1__L003413,C1CC[C@H]2[C@H](C1)N(CCO2)C(=O)NCC(=O)[O-]
dude_grik1__L003414,CCC1=NN=C2[C@@H]1C3(CCC4(CC3)OCCO4)C(=C(O2)N)C#N
dude_grik1__L003415,CSc1c2c(ncn1)n(cn2)[C@H]3[C@H]([C@@H]([C@@H](O3)COP(=O)([O-])[O-])O)O
dude_grik1__L003416,CN(CCCC(=O)Nc1ccc(cc1)S(=O)(=O)[N-]c2ncccn2)S(=O)(=O)c3cccs3
dude_grik1__L003417,C1CS(=O)CCN1C(=O)CNC(=O)C[NH3+]
dude_grik1__L003418,CC(C)Oc1ccc(cn1)/C(=N/S(=O)(=O)c2cnn(c2)C)/[O-]
dude_grik1__L003419,Cc1c(c(c(c(=O)n1CC(=O)N/N=C/c2cc3c(cc2[N+](=O)[O-])OCO3)C#N)COC)Br
dude_grik1__L003420,Cc1ccc(cc1C)NC(=O)N2C[C@H](C[C@H]2C(=O)[O-])O
dude_grik1__L003421,C[C@@H]([C@H](C(=O)[O-])NS(=O)(=O)c1ccc(c(c1)[N+](=O)[O-])[O-])O
dude_grik1__L003422,COc1ccc(cc1)c2c3c(c(nn2)[O-])Nc4nnnn4[C@H]3c5ccc(cc5)[N+](=O)[O-]
dude_grik1__L003423,C[C@H](C(=O)[O-])NC(=O)Nc1cccc(c1F)F
dude_grik1__L003424,C[C@H](/C=C/C=C(\C)[C@H]1CN[C@H](C(O)=O)[C@H]1CC(O)=O)C(O)=O
dude_grik1__L003425,C[C@H]1Cc2cc(ccc2O1)C(=O)C3=C(C(=O)N([C@H]3c4cccc(c4)O)CCO)[O-]
dude_grik1__L003426,c1c(c(=O)[nH]c(=O)n1[C@@H]2[C@H]([C@@H]([C@H](O2)COP(=O)([O-])[O-])O)O)F
dude_grik1__L003427,C[C@H]1CCC[C@@](C1)(C(=O)[O-])NC(=O)c2ccc(c(c2)Cl)O
dude_grik1__L003428,C1CN(CCN1S(=O)(=O)CC(=O)[O-])S(=O)(=O)N
dude_grik1__L003429,CC(C)(CC(=O)NC(=O)NC1CCCC1)CC(=O)[O-]
dude_grik1__L003430,C[C@@H]([NH+]1CCS(=O)(=O)CC1)P(=O)([O-])[O-]
dude_grik1__L003431,CN(C)c1cc(ccc1OP(=O)([O-])[O-])[N+](=O)[O-]
dude_grik1__L003432,Cc1cc(c(c(c1)C)C(=O)N[C@H]([C@@H](C)O)C(=O)[O-])C
dude_grik1__L003433,Cc1ccc(c(c1)[C@H]2[C@H]3[C@@H](C(=O)N(C3=O)C(C)(C)C)[C@@]([NH2+]2)(CC(=O)[O-])C(=O)[O-])C
dude_grik1__L003434,c1nc(nn1CC(=O)NC[C@H]2COCCO2)N
dude_grik1__L003435,Cc1c(c(sc1C(=O)OC)S(=O)(=O)Nc2ccc(cc2C(=O)[O-])Br)C(=O)OC
dude_grik1__L003436,Cc1c(c(n[nH]1)C)S(=O)(=O)NCc2nncn2C
dude_grik1__L003437,Cc1nc2n(n1)[C@@H]([C@@H](C(=N2)[O-])N=O)N
dude_grik1__L003438,CO[C@H]1CCC[C@@H]1NC(=O)NC2(CCCCC2)C(=O)[O-]
dude_grik1__L003439,Cc1c(c(sn1)NC(=O)c2cc3c(s2)CCC3)C(=O)[O-]
dude_grik1__L003440,CC1(CCN(CC1)C(=O)N(C)CCC#N)C(=O)[O-]
dude_grik1__L003441,C1C[C@H](OC1)CCNC(=O)NC(=O)CCC(=O)[O-]
dude_grik1__L003442,C1=N[C@H]2[C@@H](N1)NC(=NC2=O)[NH-]
dude_grik1__L003443,Cc1nnc(o1)[C@H](C)Sc2nc([nH]n2)NN=C3CCCCC3
dude_grik1__L003444,CC1=C[C@H](N=N1)NC(=O)CS[C@@H]2N[C@@H]3C=CS[C@@H]3C(=O)N2CCC(=O)[O-]
dude_grik1__L003445,c1c2c(sc1C(=O)NCC(=O)NCC(=O)[O-])CCCCC2
dude_grik1__L003446,CCC[C@@H]1C[C@@H]([NH+](C1)C)C(=O)N[C@@H]([C@@H]2[C@@H]([C@@H]([C@H]([C@H](O2)SC)OP(=O)([O-])[O-])O)O)[C@H](C)Cl
dude_grik1__L003447,CS(=O)(=O)Cc1[n-]nc(n1)C[NH3+]
dude_grik1__L003448,c1cc(c(cc1[N+](=O)[O-])[C@@H]2[NH2+][C@H](CS2)C(=O)[O-])[O-]
dude_grik1__L003449,CC[C@H]1COCCN1S(=O)(=O)c2cc(ccc2[N+](=O)[O-])N
dude_grik1__L003450,c1cc(cc(c1)F)NC(=O)C2CCN(CC2)C(=O)c3nnc(s3)C(=O)Nc4ccc5c(c4)OCO5
dude_grik1__L003451,c1cc2c(cc1Sc3ccc(cc3[N+](=O)[O-])S(=O)(=O)NCCC(=O)[O-])OCCO2
dude_grik1__L003452,C1[C@@H](CN([C@@H]1C(=O)[O-])C(=O)c2c(non2)N)O
dude_grik1__L003453,c1cc(c(cc1[N+](=O)[O-])Cl)[N-]S(=O)(=O)c2c[nH]nc2
dude_grik1__L003454,COc1c2c(nc(n1)N)n(cn2)[C@@H]3C=C([C@H]([C@@H]3O)O)CO
dude_grik1__L003455,Cc1cc(c(c(=O)[nH]1)[C@@H](c2ccc(cc2)C(=O)OC)[C@@H]3C(=CC(=NC3=O)C)[O-])[O-]
dude_grik1__L003456,C1CCC(CC1)(CC(=O)N[C@@H]2CCC[C@@H](C2)O)CC(=O)[O-]
dude_grik1__L003457,CC(C)[C@@H](C(=O)[O-])NC(=O)N(CCO)C1CCCCC1
dude_grik1__L003458,CO[C@]1([C@H]([C@@H]([C@H]([C@@H](O1)CO)O)O)O)CO
dude_grik1__L003459,C[C@@](C1CC1)(C(=O)[O-])NC(=O)NCCNS(=O)(=O)C
dude_grik1__L003460,c1cc(oc1)[C@@H](c2c(n3c(s2)ncn3)[O-])[NH+]4CCN(CC4)CCO
dude_grik1__L003461,C1COCCN1[C@@H]2N=C3C(=NC(=NC3=O)[NH-])N2[C@@H]4[C@H]([C@H]([C@@H](O4)CO)O)O
dude_grik1__L003462,C1CCN(C1)C(=O)CNC(=O)N[C@H]2CCS(=O)(=O)C2
dude_grik1__L003463,C[C@H](c1nncn1C)NC(=O)NC(=O)COCC(=O)[O-]
dude_grik1__L003464,C[C@H](CC(=O)N1CCC[C@@H]1C(=O)N)CC(=O)[O-]
dude_grik1__L003465,C[C@@H](c1[n-]nnn1)NS(=O)(=O)c2c(nc3n2ccs3)NN
dude_grik1__L003466,CN(C)S(=O)(=O)c1ccc(cc1NC(=O)NS(=O)(=O)c2ccccc2Cl)N3CCCC3=O
dude_grik1__L003467,Cc1c(cccc1NCc2cccnc2)C(=O)NC(C)(C)C(=O)[O-]
dude_grik1__L003468,C[C@@H]([C@@H](C(=O)[O-])NC(=O)[C@@H]1CSC(=O)N1)O
dude_grik1__L003469,c1nc2c(n1[C@@H]3[C@@H]([C@@H]([C@@H](O3)CO)O)O)N=CN[C@@H]2O
dude_grik1__L003470,c1cc(cc(c1)S(=O)(=O)N2CCCCC2)[N-]S(=O)(=O)c3ccc(cc3)[N+](=O)[O-]
dude_grik1__L003471,CN(c1ccncc1N)S(=O)(=O)c2c(ccs2)Br
dude_grik1__L003472,CN(CC(=O)NC1CC1)C(=O)N2C[C@@H](C[C@H]2C(=O)[O-])O
dude_grik1__L003473,C[C@@]1(CCS(=O)(=O)C1)NC(=O)N[C@H](CCO)C(=O)[O-]
dude_grik1__L003474,CCOc1cc(ccc1O)[C@@H]2C(=C(C(=O)N2c3nc4ccc(cc4s3)C)[O-])C(=O)c5c(nc(s5)C)C
dude_grik1__L003475,c1c2c(cc(c1F)O)[C@@H]3CO[P@](=O)(NN3CC2)[O-]
dude_grik1__L003476,c1cc(cc(c1)F)N[C@@]2(CCSC2)C(=O)[O-]
dude_grik1__L003477,c1[nH]nc(n1)NC(=O)/C=C/C(=O)[O-]
dude_grik1__L003478,c1cc2c(cc1CCNc3ccc(cc3C(=O)[O-])S(=O)(=O)N4CCOCC4)OCCO2
dude_grik1__L003479,Cc1cc2ncnn2c(c1)N3CCCC[C@@H]3[C@@H]4CCC[NH2+]4
dude_grik1__L003480,[H]/N=c\1/c(c([nH][n-]1)CCCN(C)C(=O)CCc2[nH]c(=O)c3ccccc3n2)C#N
dude_grik1__L003481,c1c(c[n-]c1C(=O)CN2CCOCC2)[N+](=O)[O-]
dude_grik1__L003482,C1CCN([C@H](C1)C(=O)[O-])S(=O)(=O)N2CCC[C@@H](C2)C(=O)N
dude_grik1__L003483,Cc1ccc(cc1)N2C3=NC(=O)[C@@](C3=C(NC2=O)[O-])(C(F)(F)F)NC(=O)c4cccc(c4)C(F)(F)F
dude_grik1__L003484,c1cc2c(cc1S(=O)(=O)N)CCN2C(=O)c3ccon3
dude_grik1__L003485,C1CN(CCNC1=O)C(=O)N2C[C@H](C[C@@H]2C(=O)[O-])O
dude_grik1__L003486,C1[C@H](CN([C@H]1C(=O)[O-])C(=O)NCC[NH3+])O
dude_grik1__L003487,C[C@@]1(CCN(C1)C(=O)Cc2csc(n2)N)C(=O)[O-]
dude_grik1__L003488,C1[C@@H](C(=O)N(C1=O)CCCO)N
dude_grik1__L003489,C[C@@](C1CC1)(C(=O)[O-])NC(=O)N2CCC[C@H]2C(=O)N
dude_grik1__L003490,C[C@H](C(=O)[O-])O[C@@H]1[C@H]([C@H](O[C@@H]([C@@H]1O)CO)O)NC(=O)C
dude_grik1__L003491,c1csc2n1c(c(n2)N)S(=O)(=O)N3CCC(CC3)O
dude_grik1__L003492,c1cc(c(cc1C(=O)NC(=S)Nc2cc(c(cc2Cl)Cl)C(=O)[O-])[N+](=O)[O-])N3CCCCC3
dude_grik1__L003493,Cc1nc(on1)CN2c3ccc(cc3C[C@H]2C)S(=O)(=O)N
dude_grik1__L003494,c1c(csc1C(=O)[O-])OCC(=O)N
dude_grik1__L003495,Cc1ccc(cc1C)NC(=O)C(=O)N[N-]S(=O)(=O)c2ccc(s2)[N+](=O)[O-]
dude_grik1__L003496,c1ccc(cc1)CN2[C@H]3[C@H](C=CC2=O)N(N=N3)[C@@H]4[C@@H]([C@@H]([C@@H](O4)CO)O)O
dude_grik1__L003497,Cc1cc(c(n1c2ccc(cc2)N3CCOCC3)C)/C=C/4\C(=NC(=O)N(C4=O)c5ccc(cc5)OC)[O-]
dude_grik1__L003498,[H]/N=C\1/C2=NN=N[C@@H]2[N-]C(=N1)N
dude_grik1__L003499,Cc1cccc(c1S(=O)(=O)[N-]c2cccc(c2n3cncn3)Cl)[N+](=O)[O-]
dude_grik1__L003500,C[C@H]1CC[C@@H](CN1C(=O)c2ccc(cn2)Br)C(=O)N
dude_grik1__L003501,C[C@H](c1[n-]nnn1)NC(=O)CN2C(=O)CNC2=O
dude_grik1__L003502,C1=CC(=C(C2=NC=N[C@@H]21)[N+](=O)[O-])/N=C\[O-]
dude_grik1__L003503,Cc3cn(C[C@H](N)C(O)=O)c(=O)n(Cc2cc(c1ccccc1)sc2C(O)=O)c3=O
dude_grik1__L003504,CO[C@H]1[C@@H]([C@@H]([C@@H]([C@@H](O1)CO)O)N=[N+]=[N-])NC(=O)c2ccccc2
dude_grik1__L003505,[H]/N=C(/N)\[N-]C1=NC(=O)[C@@H](S1)CC(=O)Nc2cc(c(c(c2)OC)OC)OC
dude_grik1__L003506,C1COCCN1CCNC(=O)N2C[C@@H](C[C@@H]2C(=O)[O-])O
dude_grik1__L003507,Cc1c(=O)c2c(nc(n(c2=O)C)SC)n(c1[O-])[C@@H]3[C@H]([C@@H]([C@@H](CO3)OC(=O)C)OC(=O)C)OC(=O)C
dude_grik1__L003508,c1cc(cc(c1)NC(=O)/C=C/C(=O)[O-])NC(=O)C=CC(=O)[O-]
dude_grik1__L003509,C1C[C@H](CN(C1)C(=O)CN2CCCC2=O)CNS(=O)(=O)N
dude_grik1__L003510,c1ccc2c(c1)c(cc(c2[O-])N=O)S(=O)(=O)[O-]
dude_grik1__L003511,Cc1nnc(n1N)N/N=C/c2cc(c(cc2OC)Br)OC
dude_grik1__L003512,C[C@@H](C[NH3+])[N-]S(=O)(=O)N1CCOCC1
dude_grik1__L003513,CC1([C@@H](CC[C@@]1(C)C(=O)[O-])C(=O)Nc2nccs2)C
dude_grik1__L003514,CC[C@H](/C(=N/O)/N)n1cncn1
dude_grik1__L003515,C1CN(CCN1)C(=O)CNC(=O)N2C[C@H](C[C@H]2C(=O)[O-])O
dude_grik1__L003516,CCn1cc(cc1C(=O)NCC(=O)NCC(=O)[O-])[N+](=O)[O-]
dude_grik1__L003517,CC(=O)N[C@@H]1[C@H]([C@@H]([C@H](O[C@H]1O)C(=O)[O-])O)O
dude_grik1__L003518,Cc1cc(c2c(nn(c2n1)C)C)C(=O)N3CCC[C@H](C3)C(=O)N
dude_grik1__L003519,CC(C)(C(=O)N)NS(=O)(=O)N1CCCC[C@H]1C(=O)[O-]
dude_grik1__L003520,Cc1ccc(cc1NC(=O)C[C@]2(CCSC2)C(=O)[O-])NC(=O)C(C)C
dude_grik1__L003521,c1cc(ccc1C(=O)NNC(=O)[C@@H]2[C@H]3C[C@@H]([C@@H]2C(=O)[O-])C=C3)[N+](=O)[O-]
dude_grik1__L003522,c1c(cc(c(c1C=O)[O-])[N+](=O)[O-])C=O
dude_grik1__L003523,c1cc(ccc1NC(=O)C[S@@](=O)CC(=O)[O-])S(=O)(=O)N
dude_grik1__L003524,c1cc(ncc1C(=O)[O-])C(=O)N(CCO)CCO
dude_grik1__L003525,CN1c2ccccc2[C@@]3(C1=O)[C@@H]4C(=NC(=NC4=O)SCc5ccc(cc5)F)[N-]C(=C3C#N)N
dude_grik1__L003526,C[C@@H]1CCCCN1C(=O)NC2(CCCCCC2)C(=O)[O-]
dude_grik1__L003527,CCn1c(nnc1SCC(=O)NNC(=O)c2cccc(c2)C)c3ccc(cc3)NS(=O)(=O)C
dude_grik1__L003528,Cc1c(sc(c1C(=O)[O-])NC(=O)N[C@H](C)C(=O)[O-])C
dude_grik1__L003529,C[C@H](CC(=O)[O-])NC(=O)c1cc(c(c(c1F)[O-])F)F
dude_grik1__L003530,Cc1c(c(nc(n1)C2CC2)SCCC(=O)N)C(=O)[O-]
dude_grik1__L003531,Cc1ccccc1NC(=O)N2CCC[C@H](C2)C(=O)[O-]
dude_grik1__L003532,CC(=O)Nc1nnc(s1)S(=O)(=O)NCC(=O)NC2CC2
dude_grik1__L003533,c1cc2c(cn[nH]2)c(c1)[N-]S(=O)(=O)c3cccs3
dude_grik1__L003534,CS(=O)(=O)N1CCC[C@@H](C1)NC(=O)N2CCC[C@@H](C2)O
dude_grik1__L003535,Cc1cc(c(cc1C)S(=O)(=O)[N-]Cc2ccnc(c2)n3cccn3)[N+](=O)[O-]
dude_grik1__L003536,c1cc(c(cc1S(=O)(=O)N[C@@H]2CCCC[C@H]2O)[N+](=O)[O-])[O-]
dude_grik1__L003537,Cc1c(cc(cc1[N+](=O)[O-])[N+](=O)[O-])C(=O)Nc2ccc(cc2)S(=O)(=O)N3CCC[C@@H](C3)C(=O)[O-]
dude_grik1__L003538,C[C@H]1CCC[C@@H](C1)NC(=O)NC2(CCC(CC2)C)C(=O)[O-]
dude_grik1__L003539,c1cc(c(c(c1)F)C(=O)NNC(=O)Cn2cnnn2)F
dude_grik1__L003540,CC(=O)Nc1ccc(cc1)NC(=O)CC2(CCCC2)C(=O)[O-]
dude_grik1__L003541,Cc1ccc(cc1[N-]S(=O)(=O)c2cccc(c2)C(=O)C)C(=O)N
dude_grik1__L003542,Cc1ccc(c(c1)C(=O)N[C@@]2(CCSC2)C(=O)[O-])O
dude_grik1__L003543,CC1(O[C@H]2[C@@H]([C@H](O[C@H]2O1)[C@@H](CO)O)N=[N+]=[N-])C
dude_grik1__L003544,CC(C)S(=O)(=O)c1ccc(c(c1)N2CCN[C@@H](C2)OC)NS(=O)(=O)[O-]
dude_grik1__L003545,C1CN(CCC1CC(=O)N)C(=O)N2CSC[C@H]2C(=O)[O-]
dude_grik1__L003546,C[C@]1(CCN(C1)C(=O)CCSCC(=O)N)C(=O)[O-]
dude_grik1__L003547,C[C@H]1CCC[C@](C1)(CO)NC(=O)CCC(=O)[O-]
dude_grik1__L003548,Cn1c2ccccc2c(c1C(=O)[O-])[C@H](C(=O)[O-])N3CCOCC3
dude_grik1__L003549,Cc1c(sc(n1)[O-])S(=O)(=O)[N-]c2cccc(c2C#N)F
dude_grik1__L003550,CCn1cc(c(n1)N)S(=O)(=O)N2C[C@H](OC[C@@H]2C)C
dude_grik1__L003551,COc1ccc(c(c1)S(=O)(=O)[N-]c2ccc3nnc(n3n2)c4ccccc4)OC
dude_grik1__L003552,c1cc(ccc1n2c3c(cn2)c([nH]c(=S)n3)[O-])F
dude_grik1__L003553,C1Cc2c(sc(n2)NC(=O)N3C[C@H](C[C@H]3C(=O)[O-])O)C1
dude_grik1__L003554,C1C[C@@H](CN(C1)S(=O)(=O)CC[NH3+])O
dude_grik1__L003555,Cc1ccnc(n1)[N-]S(=O)(=O)c2ccc(cc2)NC(=O)[C@H]3CCCNC3=O
dude_grik1__L003556,C1[C@H](CN([C@@H]1C(=O)[O-])C(=O)[C@@H]2C=CC=N2)O
dude_grik1__L003557,Cc1cc(no1)[N-]S(=O)(=O)c2ccc(cc2)NC(=S)Nc3c(nn(c3C)Cc4cccc(c4)F)C
dude_grik1__L003558,Cn1cc(cn1)S(=O)(=O)[N-]c2ccccc2C#N
dude_grik1__L003559,C1COCCC1(C(=O)[O-])[NH2+]CC(=O)N2CCNCC2
dude_grik1__L003560,CCNC(=O)c1c(c(c([nH]1)C)C(=O)C2=C(C(=O)N([C@@H]2c3cccnc3)c4cc(on4)C)[O-])C
dude_grik1__L003561,Cc1c(nc(s1)C)CC(=O)N2CCC[C@@H]2c3ccc(s3)C(=O)N
dude_grik1__L003562,Cc1c(c(n2c3ccccc3nc2c1C#N)O)/C=N\Nc4[n-]nnn4
dude_grik1__L003563,c1cc(sc1CN[C@H]2CS(=O)(=O)C[C@@H]2O)Br
dude_grik1__L003564,CCCc1ccccc1NC(=O)N[C@@](C)(CCC)C(=O)[O-]
dude_grik1__L003565,c1cc(cc(c1)NC(=O)N2C[C@@H]3CC[C@H]2C3)C(=O)[O-]
dude_grik1__L003566,CN(C)S(=O)(=O)/N=C(/c1cc2cc(ccc2[nH]1)[N+](=O)[O-])\[O-]
dude_grik1__L003567,N[C@@H](Cn2cc(Br)c(=O)n(Cc1ccccc1C(O)=O)c2=O)C(O)=O
dude_grik1__L003568,CCC[C@@H]1C[C@@H]([NH+](C1)C)C(=O)N[C@@H]([C@@H]2[C@@H]([C@@H]([C@@H]([C@@H](O2)SC)O)OP(=O)([O-])[O-])O)[C@@H](C)Cl
dude_grik1__L003569,CC1(CC(=C(C(=O)C1)/C=N/C(CO)(CO)CO)[O-])C
dude_grik1__L003570,c1ccn2c(c1)ncc2C[C@](O)([P@](=O)(O)[O-])P(=O)([O-])[O-]
dude_grik1__L003571,CC(=O)C1=C(C(=O)N([C@@H]1c2cccc(c2)[N+](=O)[O-])c3cccc(c3)C(=O)[O-])[O-]
dude_grik1__L003572,CC(C)[C@H](C(=O)[O-])NC(=O)c1cc(cn1C)S(=O)(=O)N
dude_grik1__L003573,C1CSCCN1C(=O)N[C@H](CO)C(=O)[O-]
dude_grik1__L003574,CC1=C2[C@H](CC(=O)N[C@H]2N(N1)c3ccc(nn3)[O-])c4ccc(o4)c5ccc(cc5)C(=O)C
dude_grik1__L003575,C[C@@H](c1nnc(s1)[N-]S(=O)(=O)N(C)C)[NH3+]
dude_grik1__L003576,CS[P@]1(=O)NN2C[C@@H]3C=C(C(=C[C@@H]3C[C@@H]2CO1)Br)O
dude_grik1__L003577,c1cc(cnc1)c2cn(nn2)[C@H]3[C@@H]([C@H]([C@H]([C@H](O3)CO)O)O)O
dude_grik1__L003578,c1cc2c(cc1n3nc(c([n+]3[O-])N)[N+](=O)[O-])OCCO2
dude_grik1__L003579,c1cc(ncc1NC(=O)N2CCN(CC2)S(=O)(=O)N)n3cncn3
dude_grik1__L003580,c1cc(c(cc1C(=O)N(Cc2nc(co2)C(=O)NC[C@H]3CCCO3)C[C@H]4CCCO4)[N+](=O)[O-])Cl
dude_grik1__L003581,c1ccc(c(c1)C#N)S(=O)(=O)NCC(=O)N2CCC(CC2)C(=O)Nc3ccc4c(c3)OCO4
dude_grik1__L003582,C1CC(CCC1C(=O)[O-])NC(=O)N2CCC(=O)NCC2
dude_grik1__L003583,c1cn(c(=O)cc1N)[C@@H]2C=C([C@@H]([C@@H]2O)O)CO
dude_grik1__L003584,C1CCC(C1)(CC(=O)N[C@H]2CCCNC2=O)CC(=O)[O-]
dude_grik1__L003585,CC[C@H](CO)NS(=O)(=O)c1ccc(s1)CC(=O)[O-]
dude_grik1__L003586,COc1cc(nc(n1)OC)[N-]S(=O)(=O)c2ccc(cc2)NC(=S)NC(=O)c3ccc(cc3)F
dude_grik1__L003587,c1cnc(nc1)NC(=O)[C@@H]2CC=CC[C@@H]2C(=O)Nc3ncccn3
dude_grik1__L003588,C1CC[C@@H]([C@H](C1)NC(=O)N2CCC[C@@H](C2)C(=O)[O-])O
dude_grik1__L003589,CN([C@H]1CCS(=O)(=O)C1)C(=O)c2cc(c(c(c2)Cl)Cl)N
dude_grik1__L003590,C[C@@H]1[C@H](c2c(=O)[nH]c(nc2O1)CSc3nnc(n3CC=C)c4ccc(cc4)C(C)(C)C)C(=O)[O-]
dude_grik1__L003591,Cc1cc(ccc1C(=O)[O-])NC(=O)N2C[C@@H]3CC[C@H]2C3
dude_grik1__L003592,[H]/N=C/1\N=C2C(=NCN2[C@H]3C[C@@H]([C@H](O3)CO)O)C(=N1)[O-]
dude_grik1__L003593,c1ccc(cc1)n2cc(c(n2)C(=O)NNC(=O)CNC(=O)Cn3cncn3)[O-]
dude_grik1__L003594,CC(C)C[C@H](CO)NC(=O)CC(C)(C)CC(=O)[O-]
dude_grik1__L003595,CC(=O)N1CCC[C@H](C1)C(=O)NCC(=O)NCC(=O)[O-]
dude_grik1__L003596,CN(CC(=O)[O-])c1cc(cc(c1)F)N
dude_grik1__L003597,Cc1cc(cc(c1C)S(=O)(=O)[N-]c2cnoc2)C(=O)[O-]
dude_grik1__L003598,C[C@H](CC(=O)[O-])Nc1ccc(cc1)S(=O)(=O)NC2CC2
dude_grik1__L003599,c1c(cnc(c1Cl)N2CC[C@H](C2)C(=O)N)C(=O)N3CCOCC3
dude_grik1__L003600,Cc1ccc(s1)C(=O)NNC(=O)[C@H](C)n2cncn2
dude_grik1__L003601,Cn1cc(cn1)c2ncc(s2)C(=O)N3CCC[C@@H](C3)C(=O)N
dude_grik1__L003602,CC(C)C[C@H](C(=O)OCC(=O)Nc1cc2c(cc1C(=O)C)OCO2)N3C(=O)[C@H]4CC=CC[C@@H]4C3=O
dude_grik1__L003603,C[C@@H]([C@@H]1CCCO1)NC(=O)NC2(CCCCC2)C(=O)[O-]
dude_grik1__L003604,Cc1cc(cc(c1)NC(=S)N[C@H]2CO[C@H]3[C@@H]2OC[C@@H]3n4c(nnn4)Oc5cccc(c5)N(C)C)C
dude_grik1__L003605,CC1(C[C@@H](c2ccc3c(c2O1)OCCO3)N4CC[NH2+]CC4)C
dude_grik1__L003606,c1cc(c(cc1NC(=O)N2C[C@@H](C[C@H]2C(=O)[O-])O)Cl)F
dude_grik1__L003607,c1cc(c(cc1[N+](=O)[O-])F)NC(=O)N2CCC[C@@H]2C(=O)[O-]
dude_grik1__L003608,CC(=O)NCCNC(=O)/C=C/C(=O)[O-]
dude_grik1__L003609,CCC[C@](C)(C(=O)[O-])NC(=O)N1CC[C@H](C1)O
dude_grik1__L003610,CC(C)OC(=O)N1C[C@@H](C[C@H]1C(=O)[O-])O
dude_grik1__L003611,C1CS(=O)(=O)C[C@@H]1CNC(=O)N2C[C@@H](C[C@H]2C(=O)[O-])O
dude_grik1__L003612,C[C@H](C(=O)[O-])NC(=O)[C@H](C)N1C(=O)/C(=C/c2cc(ccc2O)Br)/SC1=S
dude_grik1__L003613,c1c(cn(n1)CC(=O)[O-])S(=O)(=O)N2CCCC[C@@H]2C(=O)N
dude_grik1__L003614,C[C@@H](c1[nH]c2ccc(cc2n1)S(=O)(=O)[O-])O
dude_grik1__L003615,CCC1(CCN(CC1)C(=O)N[C@H](CO)C(=O)[O-])CC
dude_grik1__L003616,c1ccnc(c1)c2nnc(n2/N=C/c3ccc(cc3)[N+](=O)[O-])[S-]
dude_grik1__L003617,CC(C)(C(=O)NCCC(=O)[O-])n1cc(ccc1=O)[N+](=O)[O-]
dude_grik1__L003618,CC1=C[C@@H](NO1)C(=O)N/N=C/[C@H]2C(=CN=N2)Br
dude_grik1__L003619,CC1(CN(CCO1)S(=O)(=O)c2cc(ccc2N)[N+](=O)[O-])C
dude_grik1__L003620,C[C@@H](C(=O)Oc1ccc(cc1)[N-]S(=O)(=O)C)Sc2nnnn2C3CC3
dude_grik1__L003621,c1csc2n1c(c(n2)N)S(=O)(=O)N3CC[C@H](C3)O
dude_grik1__L003622,Cc1cc(no1)[N-]S(=O)(=O)c2cc([nH]c2)C(=O)[O-]
dude_grik1__L003623,Cc1c(cc(cc1Cl)S(=O)(=O)[N-]c2ccc(cc2)S(=O)(=O)N[C@@H](C)COC)[N+](=O)[O-]
dude_grik1__L003624,C1CN(CCN1CCO)C(=O)N2C[C@@H](C[C@H]2C(=O)[O-])O
dude_grik1__L003625,c1cscc1c2nc(on2)CNC(=O)N[C@H](CC(=O)N3CCOCC3)C(=O)[O-]
dude_grik1__L003626,C[C@@H](C(=S)N)NC(=O)COC
dude_grik1__L003627,CC(=O)N[C@H]1[C@H]([C@@H]2[C@@H](CO[C@@H](O2)c3ccco3)O[C@@H]1Oc4ccc(cc4)Cl)OCC(=O)[O-]
dude_grik1__L003628,CCn1cc(nc1C)S(=O)(=O)Nc2c([nH]nc2C)C
dude_grik1__L003629,CC(C)(C(=O)[O-])NC(=O)c1c(cccn1)[O-]
dude_grik1__L003630,C[C@@H](C(=O)N[C@H](CCO)C(=O)[O-])n1cncn1
dude_grik1__L003631,CC(=O)N[C@@H]1[C@@H]([C@@H]([C@@H](O[C@@H]1O)COS(=O)(=O)[O-])O)O
dude_grik1__L003632,Cc1c(c(n2c(n1)nc(n2)c3ccc(cc3)Cl)[O-])CC(=O)[O-]
dude_grik1__L003633,C1[C@H]([C@H](CO[C@@H]1n2c(=O)[nH]c(n2)[O-])O)O
dude_grik1__L003634,Cc1cc(no1)[N-]S(=O)(=O)c2ccc(cc2)NC(=O)c3ccc(c(c3)[N+](=O)[O-])N4CCCC4
dude_grik1__L003635,CCOCCS(=O)(=O)[N-]c1ccc(c(c1)Cl)N
dude_grik1__L003636,Cc1cc(c(cc1OCC(=O)N)S(=O)(=O)N[C@H](C(C)C)C(=O)[O-])Cl
dude_grik1__L003637,C[C@@H](C(=O)N1CCCCC1)NS(=O)(=O)c2c[nH]nc2
dude_grik1__L003638,CNC(=O)c1cc(cn1C)S(=O)(=O)N[C@H](C2CC2)C(=O)[O-]
dude_grik1__L003639,Cc1nnc2n1nc(s2)c3ccccc3NC(=S)NC(=O)c4cc(c(c(c4)OC)OC)OC
dude_grik1__L003640,Cc1ccc(cn1)C(=O)N/N=C\c2ccc(o2)S(=O)(=O)[O-]
dude_grik1__L003641,C[C@H](C(=O)[O-])n1c(nnc1[S-])c2cnccn2
dude_grik1__L003642,c1cc(cc(c1)Br)C(=O)NCC(=O)N2CCCC[C@H]2CO
dude_grik1__L003643,C[C@@](C1CC1)(C(=O)[O-])NC(=O)NCCCS(=O)(=O)C
dude_grik1__L003644,C1C[C@H](CN(C1)C(=O)N)C(=O)N2CCO[C@H](C2)C(=O)[O-]
dude_grik1__L003645,CC(C)[NH2+][C@](C)(CCSc1nccc(n1)[O-])C(=O)[O-]
dude_grik1__L003646,c1c(n2cnc3c(c2nc1=O)ncn3[C@H]4[C@H]([C@@H]([C@@H](O4)CO)O)O)CCl
dude_grik1__L003647,c1cc(c(cc1S(=O)(=O)N2CCOCC2)NC(=O)CSc3[nH]c(=O)ccn3)N4CCOCC4
dude_grik1__L003648,COc1cc(c(cc1OC)[N+](=O)[O-])/C=C\2/C(=NC(=S)N(C2=O)c3ccc(cc3)Cl)[O-]
dude_grik1__L003649,N[C@@H](Cn2cc(Br)c(=O)n(Cc1ccsc1C(O)=O)c2=O)C(O)=O
dude_grik1__L003650,CCCCOc1ccc(cc1)C(=O)O[C@H](C)C(=O)/N=C\2/[C@H]3C(=NC=N3)N=C[N-]2
dude_grik1__L003651,C[C@@H]1CC[C@H](CN1C(=O)N[C@@H](CO)C(=O)[O-])C(=O)N
dude_grik1__L003652,c1ccc2c(c1)c(c(o2)C(=O)N)[N-]S(=O)(=O)c3cccc(c3)n4cnnn4
dude_grik1__L003653,CC(C)(C(=O)N)NC(=O)NC(=O)COCC(=O)[O-]
dude_grik1__L003654,C[C@H]1CCCC[C@@H]1CNC(=O)NC(=O)CCC(=O)[O-]
dude_grik1__L003655,Cc1ccc(cc1S(=O)(=O)[N-]c2ccon2)C(=O)[O-]
dude_grik1__L003656,c1cc(nnc1C(=O)N2CCC[C@@H](C2)O)[O-]
dude_grik1__L003657,CC1(CC(=C(C(=O)C1)/C=N/[C@H]2CCCCNC2=O)[O-])C
dude_grik1__L003658,[H]/N=C/1\NC(=O)[C@H](S1)CC(=O)NCC(=O)[O-]
dude_grik1__L003659,C(CS)O[C@H]1[C@@H]([C@H]([C@@H]([C@H](O1)CO)O)O)O
dude_grik1__L003660,c1c(cn[nH]1)NC(=O)/C=C/C(=O)[O-]
dude_grik1__L003661,C[C@H]1CN(C[C@@H](O1)C)CC[C@@](C)(C(=O)[O-])N
dude_grik1__L003662,c1c(c2c(ncnc2n1[C@@H]3[C@@H]4[C@@H](O4)[C@@H](O3)CO)N)C(=O)N
dude_grik1__L003663,c1coc2c1n(c(c2)C(=O)[O-])CC(=O)N
dude_grik1__L003664,Cc1cccc(c1)NC(=O)C2=C(COC2=O)[O-]
dude_grik1__L003665,Cc1c(c(c(o1)C)S(=O)(=O)N)C(=O)N2CCOCC2
dude_grik1__L003666,Cc1cc2c(ncnc2s1)N[C@@H]([C@H](C)O)C(=O)[O-]
dude_grik1__L003667,c1cc(c(nc1)N2CCS(=O)(=O)CC2)/C(=N/O)/N
dude_grik1__L003668,Cc1cc(=O)c-2c(c(c(oc2c1)O)CC(=O)NCC(=O)NCC(=O)[O-])C
dude_grik1__L003669,C[C@@H](c1ccncc1)NC(=O)NC2(CCCC2)C(=O)[O-]
dude_grik1__L003670,CC(C)N(CCO)C(=O)Nc1ccc(c(c1)C(=O)[O-])F
dude_grik1__L003671,c1csc(n1)CNC(=O)N[C@@H](CCO)C(=O)[O-]
dude_grik1__L003672,c1cc2cc(ccc2nc1)C(=O)N[C@H](CCO)C(=O)[O-]
dude_grik1__L003673,CC(C)CN(CC(=O)[O-])C(=O)NCCS(=O)(=O)N
dude_grik1__L003674,c1ccc(c(c1)/C=N\NC(=S)N)S(=O)(=O)[O-]
dude_grik1__L003675,Cc1c(cc(cc1[N+](=O)[O-])S(=O)(=O)[O-])N
dude_grik1__L003676,CC(=O)N[C@@H]1[C@H]([C@H]([C@H](O[C@H]1O)CO)O)OC
dude_grik1__L003677,Cc1ccc2nc(c(c(=O)n2c1)/C=C\3/C(=O)N(C(=S)S3)C(C)C)N4CCNC(=O)[C@H]4CC(=O)OC
dude_grik1__L003678,c1c[n+](ccc1/C(=N/c2nncs2)/[O-])[O-]
dude_grik1__L003679,CC(C)NC(=O)CNS(=O)(=O)N1CCCC[C@H]1C(=O)[O-]
dude_grik1__L003680,Cn1cnnc1CNC(=O)Cn2ccc(n2)N
dude_grik1__L003681,c1cc(c(c(c1F)C(=O)[O-])F)S(=O)(=O)NCCC(=O)N
dude_grik1__L003682,COCCn1c(=O)ccc(n1)/C(=N/S(=O)(=O)C)/[O-]
dude_grik1__L003683,C1CS(=O)(=O)C[C@@H]1NNC(=O)[C@H]2[C@H]3C[C@@H]([C@@H]2C(=O)[O-])C=C3
dude_grik1__L003684,c1cc2c(cc1/C=C/C(=O)Nc3cc(ccc3C(=O)[O-])C(=O)[O-])OCO2
dude_grik1__L003685,CC(=O)N[C@@H]1[C@H]([C@H]([C@@H](O[C@H]1OC)CO)O)O
dude_grik1__L003686,c1c(c(cc(c1[N+](=O)[O-])O)[O-])/C=N/N2C(=O)[C@H]3[C@@H]4CC[C@H]([C@H]3C2=O)C=C4
dude_grik1__L003687,C([C@H]1[C@H]([C@@H]([C@@H]([C@@H](O1)O)O)OS(=O)(=O)[O-])O)O
dude_grik1__L003688,Cc1c(nnn1c2ccc3c(c2)OCCO3)C(=O)NCCCC(=O)N
dude_grik1__L003689,C[C@@](CO)(C(=O)[O-])NC(=O)OCC1c2ccccc2-c3c1cccc3
dude_grik1__L003690,c1cc(c(cc1C(=O)N)F)NCC(=O)[O-]
dude_grik1__L003691,C1CC1CN2C[C@@H](CC2=O)C(=O)N[C@H](CCO)C(=O)[O-]
dude_grik1__L003692,c1csc(n1)CCNC(=O)N[C@@H](CCO)C(=O)[O-]
dude_grik1__L003693,CC(C)CN(CC(=O)[O-])C(=O)Nc1ccc(cc1)C(=O)N
dude_grik1__L003694,C[C@@H](c1cccc(c1)F)NS(=O)(=O)c2cc([nH]c2)C(=O)[O-]
dude_grik1__L003695,Cc1ccc(c(c1)C)[N-]S(=O)(=O)c2cc(ccc2Cl)C(=O)Nc3ccccc3C(=O)NCCOC
dude_grik1__L003696,C[C@](C1CC1)(C(=O)[O-])NC(=O)N2CCC(CC2)C(=O)NC
dude_grik1__L003697,Cn1cc(cc1C(=O)NN)S(=O)(=O)N2CCOCC2
dude_grik1__L003698,C1CS(=O)(=O)C[C@H]1NC(=O)NC2CCC(CC2)C(=O)[O-]
dude_grik1__L003699,CN1CCc3c(C1)c2nc(O)c(O)nc2cc3N(=O)=O
dude_grik1__L003700,C[C@@H]([C@H](C(=O)[O-])NC(=O)N[C@@H]1CC[NH+](C1)C2CC2)O
dude_grik1__L003701,CC(C)(C(=O)[O-])N(C)C(=O)NCCCN1CC[NH2+]CC1
dude_grik1__L003702,C[C@@H](C(=O)c1c(n(c(=O)n(c1=O)C)C)N)N2CCC[C@H](C2)C(=O)NC3CC3
dude_grik1__L003703,C[C@@H]([C@H](C(=O)[O-])NS(=O)(=O)c1ccc(cc1F)[N+](=O)[O-])O
dude_grik1__L003704,C[C@H](CNC(=O)/C(=N/c1nnc(s1)C(F)F)/[O-])O
dude_grik1__L003705,Cc1cc(c(cc1C)S(=O)(=O)[N-]c2ccc(cc2)n3cnnn3)[N+](=O)[O-]
dude_grik1__L003706,C[C@H]1CCCC[C@@H]1N(C)C(=O)N[C@@H]([C@@H](C)O)C(=O)[O-]
dude_grik1__L003707,CC(C)Oc1cccc(c1c2cc3c(nc2)n[n-]n3)F
dude_grik1__L003708,CN(CC(=O)Nc1ccccc1SC)C(=O)CSc2nnc(n2CC(=O)[O-])c3cccs3
dude_grik1__L003709,CN1[C@@H]2C(=N/C(=N\CCOC)/N2)C(=O)N(C1=O)C
dude_grik1__L003710,CCC[C@](C)(C(=O)[O-])NC(=O)NCC(C)(C)C
dude_grik1__L003711,Cc1c(cco1)c2nnc(n2/N=C/c3cc4c(cc3[N+](=O)[O-])OCO4)SCC(=O)[O-]
dude_grik1__L003712,C[C@@H]1C[C@@H](CC(C1)(C)C)NC(=O)[C@@H]2[C@@H]3CC[C@H]([C@@H]2C(=O)[O-])O3
dude_grik1__L003713,C[C@@H]1CCC[C@@](C1)(C(=O)[O-])NC(=O)N[C@@H](C)C(=O)NC
dude_grik1__L003714,c1cc(ncc1C(=O)N(CCO)CCO)C(=O)[O-]
dude_grik1__L003715,c1cc(cc2c1ccc(=O)o2)OCC(=O)Nc3[n-]c(c(n3)C#N)C#N
dude_grik1__L003716,COc1ccc(cc1Cn2cc(cn2)[N+](=O)[O-])[C@H]3c4c(c5ccccc5oc4=O)OC(=C3C#N)N
dude_grik1__L003717,c1cc(ncc1C(=O)N2CCC(CC2)O)NN
dude_grik1__L003718,CO[C@H]1[C@@H]([C@H](O[C@H]([C@@H]1O)O)CO)O
dude_grik1__L003719,CCOCCOc1cccc(c1)C(=O)NC(=S)Nc2ccc(cc2)S(=O)(=O)Nc3cc(on3)C
dude_grik1__L003720,c1cc(c[n+](c1)CC([P@](=O)(O)[O-])[P@](=O)(O)[O-])I
dude_grik1__L003721,C[C@]1(C(=O)N(C(=O)N1)CC(=O)Nc2cc(c(c(c2)OC)OC)OC)c3ccc4c(c3)OCO4
dude_grik1__L003722,C([C@@H]1[C@@H]([C@@H]([C@@H]([C@@H](O1)NC(=O)CBr)O)O)O)O
dude_grik1__L003723,C[C@@H]([C@@H](C(=O)[O-])NC(=O)N[C@@H]1CCCC[C@@H]1O)O
dude_grik1__L003724,Cc1cc(c(s1)C)C(=O)N2CCCC[C@H]2C(=O)[O-]
dude_grik1__L003725,Cc1c2c(n(n1)c3ccc(nn3)[O-])NC(=O)C[C@H]2c4ccncc4
dude_grik1__L003726,C[C@@](C1CC1)(C(=O)[O-])NC(=O)c2ccn[nH]2
dude_grik1__L003727,c1cc(sc1C(=O)[O-])NC(=O)Cn2cnnn2
dude_grik1__L003728,c1cc(sc1)CNC(=O)N2CCC[C@H](C2)C(=O)Nc3ccc(cc3)S(=O)(=O)[N-]c4nccs4
dude_grik1__L003729,c1cc(cnc1)C(=O)NN[C@@H]2[C@@H]([C@H]([C@H](CO2)O)O)O
dude_grik1__L003730,c1c(nc(s1)N2CCC[C@H]2C(=O)[O-])CCl
dude_grik1__L003731,Cc1cn2c(csc2n1)CC(=O)N[C@H]([C@H](C)O)C(=O)[O-]
dude_grik1__L003732,C1CC[C@@H]([C@@H](C1)NC(=O)CC2(CCCC2)CC(=O)[O-])O
dude_grik1__L003733,C[C@@H]([C@@H](C(=O)[O-])NC(=O)c1cccc2c1OCCO2)O
dude_grik1__L003734,c1cc(nnc1C(=O)N2CCC[C@@H](C2)O)N
dude_grik1__L003735,COCCS(=O)(=O)[N-]c1cc(ccc1C(=O)[O-])[N+](=O)[O-]
dude_grik1__L003736,C1C[C@H](N(C1)C(=O)NCC(=O)NCC(=O)[O-])CCCO
dude_grik1__L003737,Cc1ccc(s1)S(=O)(=O)[N-]c2cccc(c2)CS(=O)(=O)N
dude_grik1__L003738,c1cc(c2cccnc2c1)C(=O)N3CCC[C@@H](C3)CO
dude_grik1__L003739,Cc1csc(n1)CCNC(=O)N2C[C@H](C[C@@H]2C(=O)[O-])O
dude_grik1__L003740,c1c(cc(c(c1[N+](=O)[O-])NN)Cl)C(=O)N2CC[C@H](C2)O
dude_grik1__L003741,CC(C)(C(=O)[O-])NC(=O)NCCCC(=O)N
dude_grik1__L003742,Cc1cc(c(c(c1)CCCC(=O)N[C@H](CO)C(=O)[O-])OC)C
dude_grik1__L003743,c1nnc(n1N)S[C@@]2(CCCSC2)C(=O)[O-]
dude_grik1__L003744,c1cc(c(nc1)[N+](=O)[O-])O[C@@]2(CCCSC2)C(=O)[O-]
dude_grik1__L003745,c1c(nc(nn1)N)c2cnnc(n2)N
dude_grik1__L003746,C[C@H]([C@@H](C(=O)[O-])NC(=O)NCCc1nccs1)O
dude_grik1__L003747,C[C@H]1Cc2cc(ccc2O1)C(=O)C3=C(C(=O)N([C@@H]3c4cccc(c4)[N+](=O)[O-])CCN5CCOCC5)[O-]
dude_grik1__L003748,Cc1ccc(c(c1)N2CCS(=O)(=O)CC2)/C(=N/O)/N
dude_grik1__L003749,Cc1ccc(cc1[N+](=O)[O-])C(=O)N2CCC[C@H](C2)C(=O)[O-]
dude_grik1__L003750,C[C@@H]([C@@H](C(=O)[O-])NC(=O)Nc1ccc(cc1)N(C)C)O
dude_grik1__L003751,Cc1c(c(n2c(n1)nc(n2)/N=C(/[C@@H](C)Oc3ccccc3)\[O-])[O-])Cl
dude_grik1__L003752,Cc1nc(n(n1)c2c3c([nH]cn3)ncn2)N
dude_grik1__L003753,Cc1ccc(cc1F)C(=O)N2CSC[C@H]2C(=O)[O-]
dude_grik1__L003754,Cc1c(cnn1CCC(=O)N[C@H]2[C@H]3N(C2=O)C(=C(CS3)C)C(=O)[O-])[N+](=O)[O-]
dude_grik1__L003755,CC1CCN(CC1)[C@H]2N=C3C(=NC(=NC3=O)[NH-])N2[C@@H]4[C@@H]([C@@H]([C@@H](O4)CO)O)O
dude_grik1__L003756,CS(=O)(=O)CCNC(=O)c1cc(cc(c1)S(=O)(=O)C)N
dude_grik1__L003757,Cc1[nH]nc(n1)c2ccc(cc2)[N-]S(=O)(=O)c3cnn(c3)C
dude_grik1__L003758,Cc1ccc(s1)CNS(=O)(=O)c2cc([nH]c2)C(=O)[O-]
dude_grik1__L003759,Cc1c(sc(c1C(=O)[O-])NC(=O)N(CCO)C(C)C)C
dude_grik1__L003760,Cc1c(sc(n1)C)[C@@H](C)Nc2ccc(cn2)[N+](=O)[O-]
dude_grik1__L003761,c1ccc(c(c1)C#N)NC(=O)CSc2nc3cc(ccc3o2)S(=O)(=O)[N-]c4ccccc4Cl
dude_grik1__L003762,CC(C)(C)c1ncc(cn1)[N-]S(=O)(=O)c2ccc(cc2)C(=O)[O-]
dude_grik1__L003763,c1c(cc(=O)[nH]c1[O-])C(=O)N2CCCC[C@H]2CCO
dude_grik1__L003764,C1CS(=O)CCN1C(=O)N[C@@H](CC(=O)N)C(=O)[O-]
dude_grik1__L003765,C[C@]12CCC(=O)C=C1CC[C@@H]3[C@@H]2[C@H](C[C@]4([C@H]3CC[C@@H]4C(=O)COS(=O)(=O)[O-])C)O
dude_grik1__L003766,C[C@@H]1CC[C@H](CN1C(=O)CCCCC(=O)[O-])C(=O)N
dude_grik1__L003767,Cc1cc(sc1C)/C(=C(/C#N)\C(=O)N2CCOCC2)/[O-]
dude_grik1__L003768,CN(C[C@@H](C[NH+]1CCOCC1)O)S(=O)(=O)O
dude_grik1__L003769,Cc1c2c(cc(nc2n(n1)C)C3CC3)C(=O)N4CCC(CC4)C(=O)N
dude_grik1__L003770,Cc1cc(no1)[N-]S(=O)(=O)c2ccc(cc2C#N)N
dude_grik1__L003771,c1cnc(=O)n(c1)[C@H]2[C@H]([C@H]([C@@H](O2)CO)O)O
dude_grik1__L003772,C[C@@H]([C@H](C(=O)[O-])NC(=O)Nc1ccc(cc1)OC(F)F)O
dude_grik1__L003773,C/N=C/1\N(C(=O)/C(=C/c2ccc(cc2)C(=O)[O-])/S1)C
dude_grik1__L003774,CCOc1ccc(cc1)N2C(=O)/C(=C/NNC(=O)c3ccncc3)/C(=NC2=S)[O-]
dude_grik1__L003775,[H]/N=c\1/c2c(ncn1[O-])n(cn2)[C@H]3[C@H]([C@@H]([C@@H](O3)CO)O)O
dude_grik1__L003776,CC(C)[C@@H](C(=O)[O-])NC(=O)[C@H]1CC(=O)N(C1)c2ccc(cc2)O
dude_grik1__L003777,COCCn1c(c(c(nc1=O)O)NCc2ccccc2)NC(=O)c3c(cnc(n3)N4CCCC4)Cl
dude_grik1__L003778,CC[C@@](C)(C(=O)[O-])NC(=O)NCCCS(=O)(=O)C
dude_grik1__L003779,C1COCCN1[C@H]2N=C3C(=NC(=NC3=O)[NH-])N2COCCO
dude_grik1__L003780,C=CCOc1ccc(cc1)C(=O)C2=C(C(=O)N([C@H]2c3cccc(c3)[N+](=O)[O-])CCN4CCOCC4)[O-]
dude_grik1__L003781,CN(CCC#N)C(=O)N1C[C@H](C[C@H]1C(=O)[O-])O
dude_grik1__L003782,Cc1cc(c(s1)C)[C@H](C)NC(=O)NCC(=O)[O-]
dude_grik1__L003783,C[C@H]1Cc2cc(ccc2O1)C(=O)C3=C(C(=O)N([C@H]3c4ccc(c(c4)OC)O)CCOCCO)[O-]
dude_grik1__L003784,Cc1cc(nc(n1)NNS(=O)(=O)c2cnn(c2)C)C
dude_grik1__L003785,Cn1cccc1c2csc(n2)[N-]S(=O)(=O)c3ccc(c(c3)[N+](=O)[O-])OC
dude_grik1__L003786,C[C@H]([C@H](C(=O)[O-])NC(=O)c1ccc(=O)n(n1)C)O
dude_grik1__L003787,Cc1ccccc1N(C)C(=O)N[C@@H]([C@@H](C)O)C(=O)[O-]
dude_grik1__L003788,C1CCC(C1)C(=O)NCCC(=O)N2C[C@H](C[C@H]2C(=O)[O-])O
dude_grik1__L003789,C/C=C\C1=C(N2[C@@H]([C@@H](C2=O)NC(=O)[C@@H](c3ccc(cc3)O)N)SC1)C(=O)[O-]
dude_grik1__L003790,C1CC(=O)N[C@@H]1C(=O)NC2CCC(CC2)C(=O)[O-]
dude_grik1__L003791,C[C@@H](C(=O)[O-])O[C@H]1[C@@H]([C@@H](O[C@@H]2[C@@H]1O[C@@H](OC2)c3ccco3)Oc4ccc(cc4)Cl)NC(=O)C
dude_grik1__L003792,C1CN(CCN1)C(=O)CNC(=O)N2C[C@H](C[C@@H]2C(=O)[O-])O
dude_grik1__L003793,C1C[C@@H](OC1)CCNC(=O)NCC(=O)NCC(=O)[O-]
dude_grik1__L003794,CC[C@](C)(C(=O)[O-])NC(=O)NC[C@@H]1CCCCO1
dude_grik1__L003795,C[C@@H]1CCCC[C@]1(C(=O)[O-])NC(=O)NCCC(C)(C)C
dude_grik1__L003796,C1[C@@H]2N(C1=O)[C@@H](/C(=C\CO)/O2)C(=O)[O-]
dude_grik1__L003797,Cc1c(cn(n1)C)[C@@H]2[C@@H](C(=O)C[C@@]([C@@H]2C(=O)N)(C)O)C(=O)N
dude_grik1__L003798,CC(=O)N=[S@](=O)(c1ccc(cc1)N)O
dude_grik1__L003799,Cc1cccc(c1)C(=O)NNC(=O)[C@@]23CC[C@@](C2(C)C)(C(=O)C3)C
dude_grik1__L003800,c1csc2n1cc(n2)CC(=O)N[C@H](CO)C(=O)[O-]
dude_grik1__L003801,Cc1ccc(cc1)n2ccc(=O)c(n2)C(=O)Nc3ccc(cc3)S(=O)(=O)[N-]c4nccc(n4)C
dude_grik1__L003802,CC(C)(C(=O)[O-])NC(=O)NC1CCCCC1
dude_grik1__L003803,Cc1cc(nc(n1)[N-]S(=O)(=O)c2cc(c(cc2F)F)N)C
dude_grik1__L003804,CC(=O)N1CC=C2[C@@H](C1)[C@@H](C(C(=C2C#N)N)(C#N)C#N)c3ccoc3
dude_grik1__L003805,C[C@@H]1CN(C[C@@H](O1)C)S(=O)(=O)c2cc([nH]c2)C(=O)NN
dude_grik1__L003806,CC(=O)NC[C@H]1[C@H]([C@@H]([C@@H]([C@@H](O1)O)O)O)O
dude_grik1__L003807,CC(=O)Nc1cccc(c1)C(=O)NNC(=O)[C@@H]2CCCO2
dude_grik1__L003808,c1ccc(cc1)N2CC(=O)C(=C2N)c3nc(cs3)c4ccc(c(c4)F)F
dude_grik1__L003809,CN1[C@H](C[C@H](C1=O)O[C@@H]2[C@@H]([C@@H](C=C(O2)C(=O)[O-])O)O)c3cccnc3
dude_grik1__L003810,Cc1c(c(c(cn1)CO)[C@H]2c3c(nc[nH]3)C[C@H]([NH2+]2)C(=O)[O-])[O-]
dude_grik1__L003811,CCS(=O)(=O)[N-]c1ccc2c(c1)n(c(=O)o2)C
dude_grik1__L003812,C1CC[C@@H]([C@H](C1)C(=O)NCCCO)C(=O)N2CCC[C@@H]2C(=O)[O-]
dude_grik1__L003813,Cc1c(cco1)C(=O)NC/C(=N/c2[nH]ncn2)/[O-]
dude_grik1__L003814,COc1cc(c(cc1Cl)OC)NC(=O)CN(c2ccc(cc2)C(=O)N3CCOCC3)S(=O)(=O)C
dude_grik1__L003815,c1c(c(cc(c1F)F)[N+](=O)[O-])C(=O)N[C@@H](CCO)C(=O)[O-]
dude_grik1__L003816,CC(=O)N[C@@H]1[C@H]([C@H](O[C@@H]([C@H]1O)CO)O)NC(=O)C
dude_grik1__L003817,COc1ccccc1NS(=O)(=O)c2cccc(c2)NC(=O)c3ccc(cc3)n4cnnn4
dude_grik1__L003818,c1cnccc1c2nc3c(c(n2)N4CC[NH2+]CC4)CCC3
dude_grik1__L003819,C[C@@H]1CCC[C@](C1)(C(=O)[O-])NC(=O)N2CC[C@@H](C2)O
dude_grik1__L003820,C1CS(=O)(=O)CCN1C(=O)c2nc([nH]n2)N
dude_grik1__L003821,C[C@@](C1CC1)(C(=O)[O-])NC(=O)N[C@H]2CCCNC2=O
dude_grik1__L003822,CS(=O)(=O)c1ccc(cc1)S(=O)(=O)[N-]c2cccc(c2)C(=O)[O-]
dude_grik1__L003823,CCn1c(c(c(n1)n2cnnc2)[N-]S(=O)(=O)c3cccc4c3nsn4)C
dude_grik1__L003824,C[C@H]1[C@@H]2[C@@H](N(C(=O)N([C@@H]2N(C(=O)N1C)CO)C)CO)C
dude_grik1__L003825,CO[C@@H]1C[C@H](N(C1)c2ccncc2[N+](=O)[O-])C(=O)[O-]
dude_grik1__L003826,Oc2nc1cc(N(=O)=O)c(N(=O)=O)cc1cc2NS(=O)(=O)C(F)(F)F
dude_grik1__L003827,CC(=O)N1CCC(CC1)NC(=O)NC[C@H]2CCS(=O)(=O)C2
dude_grik1__L003828,Cc1nc(cn1C/C(=N/S(=O)(=O)N2CCCCC2)/[O-])[N+](=O)[O-]
dude_grik1__L003829,CCn1cc(cn1)[C@@H](C)n2c(c(cn2)I)N
dude_grik1__L003830,C1CC(=O)N[C@@H]1C(=O)N[C@H](C2CC2)C(=O)[O-]
dude_grik1__L003831,C[C@@H]([C@@H](C(=O)[O-])NC(=O)NC[C@@H]1COCCO1)O
dude_grik1__L003832,Cc1c(c(on1)C)S(=O)(=O)N2CCC[C@@H](C2)C(=O)N3CCC(CC3)CNC(=O)c4cnn(c4)C
dude_grik1__L003833,Cc1cc(sc1C(=O)[O-])NC(=O)CCCCCNC(=O)C
dude_grik1__L003834,c1cc(ccc1N/N=N/c2ccc(cc2)S(=O)(=O)N)S(=O)(=O)[O-]
dude_grik1__L003835,CC(=O)N[C@@H]1[C@H]([C@@H]([C@H](O[C@@H]1OC)CO)O)O
dude_grik1__L003836,CC1CCC(CC1)(C(=O)[O-])NC(=O)N(C)C[C@H](C)O
dude_grik1__L003837,CC(C)[C@H](C(=O)[O-])NS(=O)(=O)c1cc(sc1)C(=O)N
dude_grik1__L003838,N[C@@H](Cn1cc(Cl)c(=O)[nH]c1=O)C(O)=O
dude_grik1__L003839,CC(C)N(CC(=O)[O-])C(=O)NCC(=O)N1CCNCC1
dude_grik1__L003840,C[C@H](c1[n-]nnn1)NC(=O)Cn2cnc(n2)N
dude_grik1__L003841,CC1=C(N=C([C@@H]1C(=O)C2=C(C(=O)N([C@H]2c3ccncc3)Cc4cccnc4)[O-])C)C(=O)OC
dude_grik1__L003842,C[C@H](C(=O)N1CCNC1=O)OC(=O)c2ccc(cc2)C(=O)O[C@@H](C)C(=O)N3CCNC3=O
dude_grik1__L003843,c1c(cn[nH]1)NC(=O)N2C[C@@H](C[C@H]2C(=O)[O-])O
dude_grik1__L003844,CS(=O)(=O)N1CCN(CC1)C(=O)Cc2csc(n2)N
dude_grik1__L003845,c1ccc2c(c1)c(c[nH]2)O[C@H]3[C@@H]([C@H]([C@H]([C@H](O3)COS(=O)(=O)[O-])O)O)O
dude_grik1__L003846,c1cc(ccc1NC(=O)CCC(=O)[O-])S(=O)(=O)N2CCS[C@@H]2C(=O)[O-]
dude_grik1__L003847,COC(=O)c1c(n(cn1)C[C@@H](CO)O)[O-]
dude_grik1__L003848,CC[C@]1(CCN(C1)C(=O)CCSCC(=O)N)C(=O)[O-]
dude_grik1__L003849,c1cc([nH]c1C(=O)N[C@H](Cc2cnc[nH]2)C(=O)[O-])[N+](=O)[O-]
dude_grik1__L003850,CC(=O)N[C@@H]1[C@H]([C@@H]2[C@@H](CO[C@@H](O2)c3ccco3)O[C@@H]1Oc4ccccc4)OCC(=O)[O-]
dude_grik1__L003851,CC[C@H](C)N(CC(=O)[O-])C(=O)c1cc(cn1C)S(=O)(=O)N
dude_grik1__L003852,CN1[C@@H]2C(=NC(=N2)[N-]/N=C(/C(=S)N)\C(=O)N3CCOCC3)C(=O)N(C1=O)C
dude_grik1__L003853,Cc1c(c(nc(n1)[O-])SC)C(=O)N2CC[C@H](C2)C(=O)[O-]
dude_grik1__L003854,C1=CC(=O)O[C@H]1CO[C@@H]2[C@H]([C@@H]([C@H]([C@@H](O2)CO)O)O)O
dude_grik1__L003855,Cc1cc(nc(n1)/N=C/2\N=C(C[C@@H](N2c3ccc(cc3)Cl)C(=O)O)[O-])C
dude_grik1__L003856,Cc1ccc(cn1)CNS(=O)(=O)c2ccc(cc2C#N)N
dude_grik1__L003857,C1[C@@H]2[C@@H]3[C@@H]4[C@H]1[C@@H]5[C@H]2[C@@H]6[C@H]3[C@H]4[C@H]5C6(C(=O)[O-])C(=O)[O-]
dude_grik1__L003858,CC(=O)Nc1c(nc(n(c1=O)C)[O-])NC=O
dude_grik1__L003859,Cn1cc(cc1c2nnc(n2C)[S-])C(=O)[O-]
dude_grik1__L003860,CC(=O)N[C@@H]1[C@@H]([C@H]([C@H](O[C@@H]1O)CO)O)O
dude_grik1__L003861,C[C@@H]([C@@H](C(=O)[O-])NC(=O)c1ccc(c(c1)[N+](=O)[O-])Br)O
dude_grik1__L003862,CO[C@@]1([C@@H]2N(C1=O)C(=C(CS2)COC(=O)N)C(=O)[O-])NC(=O)Cc3cccs3
dude_grik1__L003863,CCc1ccc(cc1N)[N-]S(=O)(=O)C[C@H]2CCCO2
dude_grik1__L003864,C[C@@H](C(=O)Nc1cccc(c1)S(=O)(=O)N2CCOCC2)Sc3nc4c(c5ccccc5[nH]4)nn3
dude_grik1__L003865,Cc1c(c(nn1C)C(=O)N[C@H]2[C@H]3N(C2=O)C(=C(CS3)COC(=O)C)C(=O)[O-])Cl
dude_grik1__L003866,CCCN(CC(=O)[O-])C(=O)c1cc(c[n-]1)[N+](=O)[O-]
dude_grik1__L003867,Cc1c(c(n(n1)c2cncc3n2nnn3)C)C(=O)[O-]
dude_grik1__L003868,C/C(=N/S(=O)(=O)c1ccc(cc1)NC(=S)NC(=O)c2ccc(c(c2)[N+](=O)[O-])N3CCCCC3)/[O-]
dude_grik1__L003869,CC(C)(C(=O)[O-])N(C)C(=O)c1c[nH]nc1
dude_grik1__L003870,CC(C)c1nc(c(o1)NNC(=O)c2ccc(cc2)S(=O)(=O)C)C#N
dude_grik1__L003871,C[C@H]1CCCC[C@@H]1CNC(=O)N[C@@H](CCSC)C(=O)[O-]
dude_grik1__L003872,Cc1cc(cc(c1)S(=O)(=O)[N-]c2ccon2)N
dude_grik1__L003873,CCC(CC)(CC(=O)Nc1cc(ccc1[O-])[N+](=O)[O-])C(=O)[O-]
dude_grik1__L003874,C[C@@H]1C[C@@H]1NC(=O)N2C[C@@H](C[C@@H]2C(=O)[O-])O
dude_grik1__L003875,CC(C)CNC(=O)CNC(=O)N[C@](C)(C1CC1)C(=O)[O-]
dude_grik1__L003876,COc1cc(ccn1)CNC(=O)N2C[C@H](C[C@H]2C(=O)[O-])O
dude_grik1__L003877,c1ccc(cc1)c2nc(nn2c3ccccc3)C(=O)N/N=C/c4cc(ccc4[O-])[N+](=O)[O-]
dude_grik1__L003878,CCCc1c(cc(s1)C(=O)NCC(=O)NCC(=O)[O-])CC
dude_grik1__L003879,C1C[C@@H](CN(C1)C(=O)[C@@H]2CCCN(C2)C(=O)N)C(=O)[O-]
dude_grik1__L003880,C[C@@]1(CCS(=O)(=O)C1)NNC(=O)N[C@H]2CCS(=O)(=O)C2
dude_grik1__L003881,c1c(nc(s1)N2CCCC2=O)CC(=O)NNC(=O)NC[C@@H]3CCCO3
dude_grik1__L003882,C[C@@H]([C@H](C(=O)[O-])NC(=O)[C@@H]1CCCN(C1)S(=O)(=O)C)O
dude_grik1__L003883,c1cc(cc(c1)S(=O)(=O)Nc2ccc(cc2)F)C(=O)Nc3[n-]ncn3
dude_grik1__L003884,[H]/N=C/1\N=C(/C(=C\c2cccs2)/N1C)[O-]
dude_grik1__L003885,C[C@@H](C(=O)N)NC(=O)N1CCC[C@@H]1C(=O)[O-]
dude_grik1__L003886,Cc1ccc(c(c1)[N-]S(=O)(=O)c2cc(oc2C)[C@@H]3C(=CN=N3)C(=O)N4CCOCC4)F
dude_grik1__L003887,C[C@H]1CC[C@H](CN1C(=O)[C@@H]2CCCN(C2)S(=O)(=O)C)C(=O)N
dude_grik1__L003888,C[C@@H](C(=O)[O-])N(C)C(=O)Nc1cccc(c1)S(=O)(=O)N
dude_grik1__L003889,CS(=O)(=O)NCCNC(=O)NN
dude_grik1__L003890,CCC[C@@](C)(C(=O)[O-])NC(=O)NC[C@@H]1CCCC[C@@H]1C
dude_grik1__L003891,Cn1cc(cc1C(=O)N)S(=O)(=O)[N-]c2cccc(c2)S(=O)(=O)C(F)F
dude_grik1__L003892,C1CN(C[C@@H]1[NH3+])C(=O)N2C[C@H](C[C@H]2C(=O)[O-])O
dude_grik1__L003893,C[NH+]1CCC(CC1)(C(=S)N)[N-]S(=O)(=O)N2CCOCC2
dude_grik1__L003894,C1C[C@@H](C(=O)NC1)NC(=O)C(=O)NCC#N
dude_grik1__L003895,Cc1c(c([nH]c1/C(=N/c2[nH]nc(n2)c3ccccn3)/[O-])C)C(=O)OC
dude_grik1__L003896,C[NH+](C)CC(C(=O)[O-])(C(=O)[O-])O
dude_grik1__L003897,C1[C@@H](C([C@H](CC1(C(=O)[O-])O)O)O)O
dude_grik1__L003898,Cc1ccc(cc1[N-]C2=NC(=O)/C(=C\c3ccco3)/S2)C(=O)[O-]
dude_grik1__L003899,c1nnc(s1)NC(=O)NC2CCC3(CC2)OCCO3
dude_grik1__L003900,c1c(nc(s1)[C@@H]2[C@@H]([C@@H]3[C@@H](O2)CO[P@@](=O)(O3)[O-])O)C(=O)N
dude_grik1__L003901,C[C@@H]1C(=CN(N1)C)[C@@H](C)NC2=NC=NC3=NC=N[C@@H]32
dude_grik1__L003902,CC(=O)[P@](=O)([O-])OC
dude_grik1__L003903,CC(=O)Nc1ccc(c(c1)C(=O)Nc2[nH]c3ccccc3n2)[N-]S(=O)(=O)C
dude_grik1__L003904,Cc1ccc(cc1NC(=O)N2CCC[C@@H]2C(=O)[O-])[N+](=O)[O-]
dude_grik1__L003905,C[C@@H](C(=O)Nc1ccc(cc1)S(=O)(=O)[N-]c2ncccn2)OC(=O)c3cccs3
dude_grik1__L003906,c1cc(c(c(c1)F)C(=O)N)OCc2csc(n2)C(=O)[O-]
dude_grik1__L003907,CNc1cc(c(cc1F)[N+](=O)[O-])C(=O)N2CCC(CC2)O
dude_grik1__L003908,c1csc(c1C(=O)N)[N-]S(=O)(=O)c2c(cn[nH]2)C(=O)[O-]
dude_grik1__L003909,c1csc(c1C(=O)N)[N-]S(=O)(=O)c2cc([nH]c2)C(=O)[O-]
dude_grik1__L003910,C[C@H](C(=O)/N=C\1/[C@@H]2C(=NC=N2)N=C[N-]1)OC(=O)c3csc(n3)c4ccsc4
dude_grik1__L003911,CCc1c(c([nH]c1C(=O)NNC(=O)c2ccc3c(c2)OCO3)C)C(=O)C
dude_grik1__L003912,c1cc(cc(c1)n2cnnn2)C(=O)Nc3cccc(c3)S(=O)(=O)N4CCNC(=O)C4
dude_grik1__L003913,c1cc(sc1)S(=O)(=O)Nc2ccc(cc2)C(=O)NNS(=O)(=O)c3ccc(c(c3)C(=O)[O-])F
dude_grik1__L003914,c1cc(c(cc1[N+](=O)[O-])NC(=O)[C@@H]2CC(=CC[C@H]2C(=O)[O-])Cl)[O-]
dude_grik1__L003915,Cc1ccc(s1)CNC(=O)NC(C)(C)CCC(=O)[O-]
dude_grik1__L003916,CN(CC(=O)N)C(=O)c1cccc(c1)O
dude_grik1__L003917,c1ccc2=[NH+]C([NH+]=c2c1)/C=C/3\C(=NC(=S)S3)[O-]
dude_grik1__L003918,N[C@@H](C[C@@H](C/C=C/c1ccc(Br)cc1)C(O)=O)C(O)=O
dude_grik1__L003919,C[C@@H]1CCC[C@@](C1)(C(=O)[O-])NC(=O)NCC(=O)N(C)C
dude_grik1__L003920,c1cc(ccc1N/N=C/2\C=CC(=O)C(=C2)C(=O)[O-])S(=O)(=O)[N-]c3nccs3
dude_grik1__L003921,c1cc(cc(c1)S(=O)(=O)Nc2ccc(c(c2)OS(=O)(=O)c3ccc(cc3)F)C(=O)[O-])[N+](=O)[O-]
dude_grik1__L003922,CC(=O)c1ccc(cc1)NC(=O)N[C@@H](CCO)C(=O)[O-]
dude_grik1__L003923,CC1=C(N=C([C@H]1C(=O)C2=C(C(=O)N([C@@H]2c3ccc(cc3)[N+](=O)[O-])Cc4cccnc4)[O-])C)C(=O)OC
dude_grik1__L003924,Cn1c(c(cn1)C(=O)NNC(=O)c2ccc3c(c2)OCO3)C(F)F
dude_grik1__L003925,CSCC[C@H](C(=O)[O-])NC(=O)NCc1ccc(s1)Br
dude_grik1__L003926,Cc1ccc(cc1)c2nnc(n2/N=C/c3cccnc3)[S-]
dude_grik1__L003927,C[C@]1([C@H]([C@@H](O[C@@H]1n2ccc(nc2=O)N)CO)O)O
dude_grik1__L003928,CS(=O)(=O)c1ccc(c(c1)[N+](=O)[O-])N2CCC(CC2)C(=O)[O-]
dude_grik1__L003929,C[C@@H](C(=O)Nc1c(nccn1)C(=O)[O-])n2cncn2
dude_grik1__L003930,Cc1cc(=O)oc2c1ccc(c2)O[C@H](C)C(=O)NNS(=O)(=O)c3ccc(cc3)CCC(=O)[O-]
dude_grik1__L003931,C[C@H](CCc1ccc(cc1)O)NC(=O)/C=C/C(=O)[O-]
dude_grik1__L003932,C/C(=N\NC(=O)Cc1cn2ccsc2n1)/c3ccc(cc3)S(=O)(=O)N4CCCC[C@H]4C(=O)[O-]
dude_grik1__L003933,[H]/N=C\1/C(=C/c2cccnc2)/SC(=N1)[O-]
dude_grik1__L003934,CN(C)C(=O)N1CCN(CC1)C(=O)NCCC(=O)NC2CCCC2
dude_grik1__L003935,Cc1c(c(n(n1)C)C)/C=C/C(=O)N[C@@H]([C@H](C)O)C(=O)[O-]
dude_grik1__L003936,c1cc2c(cc1NC(=O)N3C[C@@H](C[C@H]3C(=O)[O-])O)CCC2
dude_grik1__L003937,c1cc(sc1C(=O)N[C@H](CO)C(=O)[O-])[N+](=O)[O-]
dude_grik1__L003938,c1cc(cnc1)c2nnc(n2c3ccc(cc3)S(=O)(=O)N)[S-]
dude_grik1__L003939,c1cn[nH]c1C(=O)Nc2c(c3c(s2)CCC3)C(=O)[O-]
dude_grik1__L003940,C1COCCN1CCCNC(=O)N2C[C@H](C[C@@H]2C(=O)[O-])O
dude_grik1__L003941,C[C@@H]1C(=C(NN1C(C)(C)C)C)[C@H]2NC3=C/C(=[N+]\4/C=NN=N4)/C=CC3=[NH+]2
dude_grik1__L003942,C[C@@H]([C@H](C(=O)[O-])NC(=O)[C@@H]1CCCN(C1)C(=O)C2CC2)O
dude_grik1__L003943,C[C@H]1CCN(C1)C(=O)N2C[C@@H](C[C@@H]2C(=O)[O-])O
dude_grik1__L003944,c1cnccc1SCC(=O)N[C@H](CCO)C(=O)[O-]
dude_grik1__L003945,CS(=O)(=O)[N-]c1cccc(c1)c2ccc(nc2)C(=O)[O-]
dude_grik1__L003946,c1cc2c(cc1S(=O)(=O)Nc3c[nH]nc3)OCCO2
dude_grik1__L003947,CCn1c(c2cc(ccc2nc1=O)OCC)[CH2-]
dude_grik1__L003948,CC(C)N(C)S(=O)(=O)[N-]c1c(cn(n1)C)S(=O)(=O)N
dude_grik1__L003949,C1CS(=O)(=O)C[C@@H]1CNC(=O)N[C@@H](CCO)C(=O)[O-]
dude_grik1__L003950,Cc1cnc(c[n+]1[O-])[O-]
dude_grik1__L003951,CCOC(=O)c4cn3c2Cc1ccccc1c2nc(O)c3n4
dude_grik1__L003952,CCC[C@H]1C[C@@H]([NH+](C1)C)C(=O)N[C@@H]([C@H]2[C@H]([C@H]([C@@H]([C@@H](O2)SC)OP(=O)([O-])[O-])O)O)[C@H](C)Cl
dude_grik1__L003953,COCC1=NN=C2[C@H]1[C@@H](C(=C(O2)N)C#N)c3ccncc3
dude_grik1__L003954,C[C@@H](/C(=C(\C#N)/C(=O)c1c(n(c(=O)n(c1=O)C)C)N)/[O-])OC[C@@H]2CCCCO2
dude_grik1__L003955,c1ccc(c(c1)NC(=O)c2c[nH]nc2)n3cncn3
dude_grik1__L003956,C1CC1NC(=O)N[C@@H](CCO)C(=O)[O-]
dude_grik1__L003957,c1cc(ccc1C(=O)N2CCC[C@H]2C(=O)[O-])OCC(=O)N
dude_grik1__L003958,c1cc(ccc1/C=N/n2c(nnn2)N)[N+](=O)[O-]
dude_grik1__L003959,c1ccc(c(c1)NC(=O)[C@H]2CCCC[C@H]2C(=O)[O-])[S-]
dude_grik1__L003960,CCCCn1c(=O)c2ccc(cc2nc1SCC(=O)N(CC)[C@H]3CCS(=O)(=O)C3)C(=O)[O-]
dude_grik1__L003961,C([C@H]1[C@@H]([C@@H]([C@@H]([C@@H](O1)O)O)O)O)[NH3+]
dude_grik1__L003962,c1cc(ccc1C(=O)[O-])n2c(nnc2[S-])c3cc(n[nH]3)C4CC4
dude_grik1__L003963,Cn1cc(c(n1)N)S(=O)(=O)NCCS(=O)(=O)N
dude_grik1__L003964,c1c(c(n[nH]1)[N+](=O)[O-])n2cc(cn2)C(=O)[O-]
dude_grik1__L003965,Cc1ccc(cc1S(=O)(=O)[N-]c2cccc(c2)N3CCNC3=O)[N+](=O)[O-]
dude_grik1__L003966,CCOCCS(=O)(=O)[N-]c1cccc(c1)OCC(=S)N
dude_grik1__L003967,Cc1c2c(nc3c(nnn3c2sc1C(=O)C)C(=O)[O-])[O-]
dude_grik1__L003968,CCn1c(c2ccc(cc2nc1=S)C(=O)n3c(c(cn3)C#N)N)[O-]
dude_grik1__L003969,C[C@@H](C(=O)[O-])NC(=O)[C@H](C(C)C)NC(=O)[C@@H]1[C@H]2[C@@H]([C@@H]3[C@H](O1)OC(O3)(C)C)OC(O2)(C)C
dude_grik1__L003970,c1c(cc(c(c1F)S(=O)(=O)[N-]c2nc(cs2)CC(=O)N)F)F
dude_grik1__L003971,C[C@@H](C(=O)OC)NC(=O)N1C[C@@H](C[C@@H]1C(=O)[O-])OC
dude_grik1__L003972,CN(CCO)S(=O)(=O)c1ccc(cc1)N
dude_grik1__L003973,CC(C)[C@H](C(=O)[O-])NC(=O)c1c(nccn1)C(=O)[O-]
dude_grik1__L003974,CSCC[C@H](C(=O)[O-])NC(=O)N1CCC(CC1)CO
dude_grik1__L003975,C([C@@H]([C@H]([C@@H]([C@@H](CS)O)O)O)O)O
dude_grik1__L003976,c1nnnn1CC(=O)NCC(=O)[O-]
dude_grik1__L003977,CN(C)C(=O)[C@H]1CCCN1S(=O)(=O)c2c[nH]nc2N
dude_grik1__L003978,c1cc2c(cc1S(=O)(=O)N[C@@H]3CCCNC3=O)OCCCO2
dude_grik1__L003979,C1COC[C@@H]1CNC(=O)N[C@@H](C2CC2)C(=O)[O-]
dude_grik1__L003980,Cc1nc(cn1C/C(=C(\C#N)/C(=O)NC2CCCC2)/[O-])[N+](=O)[O-]
dude_grik1__L003981,CC(C)C[C@](C)(C(=O)[O-])Nc1ccc(cc1)NC(=O)C
dude_grik1__L003982,CCS(=O)(=O)c1c(n(nn1)c2nc(cs2)C)N
dude_grik1__L003983,Cc1ccc(c(c1)N([C@H](C)C(=O)Nc2ccc(cc2)S(=O)(=O)[N-]c3nccc(n3)C)S(=O)(=O)C)C
dude_grik1__L003984,C1C[C@@H](C(=O)NC1)NC(=O)NCCCCCC(=O)[O-]
dude_grik1__L003985,c1cnc(cn1)C(=O)N[C@H](Cc2cnc[nH]2)C(=O)[O-]
dude_grik1__L003986,C[C@H]([C@@H](C(=O)[O-])NC(=O)[C@@H]1CCCN(C1)C(=O)C2CC2)O
dude_grik1__L003987,CCOc1cc(ccc1O)[C@H]2C(=C(C(=O)N2Cc3cccnc3)[O-])C(=O)c4cc5cccc(c5o4)OC
dude_grik1__L003988,c1cc(c(cc1S(=O)(=O)[O-])[N+](=O)[O-])CC(=O)[O-]
dude_grik1__L003989,C1CCN(CC1)C(=O)CNC(=O)NC2(CCCC2)C(=O)[O-]
dude_grik1__L003990,Cc1c(nnn1c2c(non2)N)C(=O)N/N=C/c3ccc(s3)C(=O)[O-]
dude_grik1__L003991,c1cc(oc1)/C=N\n2c(nnc2[S-])C3CCCCC3
dude_grik1__L003992,CC(C)N(CCO)C(=O)c1cc(cc(c1)S(=O)(=O)C)N
dude_grik1__L003993,CN(C)C(=O)[C@@H]1CSCN1C(=O)[C@@H]2CCCN(C2)C(=O)N
dude_grik1__L003994,Cc1ccccc1N(C)C(=O)N2CCC(CC2)C(=O)[O-]
dude_grik1__L003995,C1COC[C@H]1CNC(=O)CC(=S)N
dude_grik1__L003996,CC1(CC2(CCO1)N3CC4(CN2CC(C3)(C4O)C)C)C
dude_grik1__L003997,Cc1cccc(c1S(=O)(=O)[N-]c2ccc(c(c2)C)C(=O)[O-])[N+](=O)[O-]
dude_grik1__L003998,C[C@@H](c1[n-]nnn1)NC(=O)c2cc(cn2C)S(=O)(=O)NC
dude_grik1__L003999,CCC[C@@](C)(C(=O)[O-])NC(=O)N(CCO)CCO
dude_grik1__L004000,c1cc(cc(c1)NC(=O)N2CCC[C@@H](C2)C(=O)NC3CC3)c4ccc(=O)[nH]n4
dude_grik1__L004001,CC(=O)Nc1c(c2c(s1)CCC2)C(=O)NCCCC(=O)[O-]
dude_grik1__L004002,COCCn1cc(cn1)NC(=O)N[C@H](CO)C(=O)[O-]
dude_grik1__L004003,CC(=O)O[C@@H]1[C@H]([C@H]([C@@H]([C@H](O1)CO)O)O)[NH3+]
dude_grik1__L004004,C[C@@H]([C@@H](C(=O)[O-])NC(=O)NCC(=O)NC1CC1)O
dude_grik1__L004005,c1cc(ccc1c2c[nH]cn2)NC(=O)CCC(=O)[O-]
dude_grik1__L004006,C/C(=N\Nc1[nH]nc(n1)SCC(=O)Nc2nnc(s2)SCCOC)/c3ccccn3
dude_grik1__L004007,Cc1ccc(c(c1)[C@H](O)S(=O)(=O)[O-])O
dude_grik1__L004008,C1C[C@H](OC1)CNC(=O)NNC(=O)CN2C(=O)[C@H]3[C@@H]4C[C@H]([C@H]3C2=O)C=C4
dude_grik1__L004009,C[C@@H]([C@H](C(=O)[O-])NC(=O)c1ccc(o1)[N+](=O)[O-])O
dude_grik1__L004010,c1cc2c(c(c1)S(=O)(=O)N3CCN(CC3)C(=O)C(=O)[O-])nsn2
dude_grik1__L004011,Cc1c(cn[nH]1)S(=O)(=O)NC2(CCC(CC2)C)C(=O)[O-]
dude_grik1__L004012,CS(=O)(=O)[N-]c1ccc(cc1)OC(=O)Cc2ccc(cc2)n3cnnn3
dude_grik1__L004013,C([C@H]1[C@H]([C@@H]([C@@H]([C@@H](O1)O)NC(=O)CF)O)O)O
dude_grik1__L004014,c1c(nc(s1)N)CC(=O)N2CCC[C@@H](C2)C(=O)[O-]
dude_grik1__L004015,C1CC1CN2C[C@@H](CC2=O)C(=O)N[C@H](CC(=O)N)C(=O)[O-]
dude_grik1__L004016,c1ccc2=[NH+][C@H](C(=c2c1)CCC(=O)[O-])C(=O)[O-]
dude_grik1__L004017,CC(=O)N[C@@]1([C@@H]2[C@@H](NC1=O)N(C(=NC2=O)[O-])CCc3c[nH]c4c3cc(cc4)F)C(F)(F)F
dude_grik1__L004018,Cn1c2c(c(=O)n(c1=O)C)[nH]c(n2)N[C@@H]3CCOC3=O
dude_grik1__L004019,C[C@H]1CCCC[C@@]1(C(=O)O)NC(=O)c2c(cccn2)[O-]
dude_grik1__L004020,CC(C)n1c2c(cc(cn2)[N-]S(=O)(=O)c3ccc4c(c3)oc(=O)n4C)cn1
dude_grik1__L004021,CN1C[C@@H](OC1=C(C#N)C#N)[C@@H]([C@H]([C@H](CO)O)O)O
dude_grik1__L004022,C=CC[NH+](CP(=O)([O-])[O-])CP(=O)([O-])[O-]
dude_grik1__L004023,Cn1c(c(c(=O)n(c1=O)C)/C(=C(\C#N)/C(=O)C2CCC2)/[O-])N
dude_grik1__L004024,CCOc1cc(ccc1O)[C@@H]2C(=C(C(=O)N2CCN3CCOCC3)[O-])C(=O)c4ccc(c(c4)C)OC
dude_grik1__L004025,C[C@@H](c1ccncc1)NC(=O)N[C@H](CCO)C(=O)[O-]
dude_grik1__L004026,C1C[C@@H](CC=C1)C(=O)N[C@H](CC(=O)N)C(=O)[O-]
dude_grik1__L004027,c1cc(c(cc1[N+](=O)[O-])C(=O)N2CCC[C@H]2C(=O)N)F
dude_grik1__L004028,CCc1cc(nc(n1)S[C@@H](C)/C(=N/c2nnc(s2)C(C)C)/[O-])[O-]
dude_grik1__L004029,CCC(C)N3CCc2c(Br)cc1nc(O)c(O)nc1c2C3
dude_grik1__L004030,C[C@H](C(=O)Nc1ccc(cc1)S(=O)(=O)[N-]c2ncccn2)OC(=O)c3ccc(cc3)OCC(C)C
dude_grik1__L004031,CSCC[C@H](C(=O)[O-])NC(=O)NCCN1CCOCC1
dude_grik1__L004032,c1cc(nnc1C(=O)N2CCCC[C@H]2CC(=O)[O-])[O-]
dude_grik1__L004033,CS(=O)(=O)/N=C(/[C@@H]1CC(=O)N(C1)c2ccc3c(c2)OCO3)\[O-]
dude_grik1__L004034,CO[C@H]1C[C@@H](N(C1)c2ccc(cc2F)C(=O)N)C(=O)[O-]
dude_grik1__L004035,Cc1c(nnn1c2ccc3c(c2)OCCO3)C(=O)NC4(CCCCC4)C(=O)[O-]
dude_grik1__L004036,c1cc(oc1)CNC(=S)NNC(=O)/C=C/C(=O)[O-]
dude_grik1__L004037,c1cc(c(c(c1)Cl)CS(=O)(=O)c2nnc(o2)CNS(=O)(=O)c3ccc4c(c3)OCO4)Cl
dude_grik1__L004038,c1cnc(cn1)C(=[NH2+])NN
dude_grik1__L004039,C[C@H](c1[n-]nnn1)NC(=O)[C@@H](C)NC(=O)C
dude_grik1__L004040,C[C@H](CC(=O)[O-])NC(=O)NC[C@H]1CCOC1
dude_grik1__L004041,C[C@@H]([C@@H](C(=O)[O-])NC(=O)N[C@@H]1CCS(=O)(=O)C1)O
dude_grik1__L004042,CN1C(=O)C(=CNc2cc(ccc2[O-])S(=O)(=O)N)C(=O)N(C1=O)C
dude_grik1__L004043,C1=NN(C2=NC=NC(=O)[C@H]21)[C@H]3[C@H]([C@@H]([C@H](O3)CO)O)O
dude_grik1__L004044,C[C@@H]1CCCC[C@@]12C(=O)N(C(=O)N2)CC(=O)NC(=O)NCCC(C)C
dude_grik1__L004045,CS(=O)(=O)[N-]/N=C/c1cc(ccc1O)[N+](=O)[O-]
dude_grik1__L004046,c1cc(sc1)CNC(=O)NCCCCCC(=O)[O-]
dude_grik1__L004047,CS(=O)(=O)N1CCCC[C@@H]1C(=O)NNC(=O)c2cc3ccccc3cc2O
dude_grik1__L004048,CC1=C(N=C([C@@H]1C(=O)C2=C(C(=O)N([C@H]2c3ccc(cc3)[N+](=O)[O-])Cc4cccnc4)[O-])C)C(=O)OC
dude_grik1__L004049,CN(C)C(=O)CNC(=O)C1CCN(CC1)C(=O)N
dude_grik1__L004050,C[C@@](C1CC1)(C(=O)[O-])NC(=O)c2ccccc2N
dude_grik1__L004051,c1cc([nH+]cc1[N-]S(=O)(=O)CC(=O)[O-])N
dude_grik1__L004052,CC(=O)N(C)CC(=O)Nc1cnn(c1)CC(=O)[O-]
dude_grik1__L004053,CSCC[C@H](C(=O)[O-])NC(=O)Nc1ccc(cc1Br)F
dude_grik1__L004054,Cc1c(cc(o1)C(=O)[O-])S(=O)(=O)[N-]c2cc(cc(c2)Cl)Cl
dude_grik1__L004055,CSCC[C@@H](C(=O)[O-])NC(=O)NCCCN1CCOCC1
dude_grik1__L004056,CC(C)c1cc(n(n1)[C@@H]2CCS(=O)(=O)C2)S(=O)(=O)N
dude_grik1__L004057,CN(C/C(=N/O)/N)[C@@H]1CCS(=O)(=O)C1
dude_grik1__L004058,CC1=NC(=C([C@@H]1S(=O)(=O)N2CCC(CC2)C(=O)NCc3ccc4c(c3)OCO4)C(=O)N5CCCCC5)C
dude_grik1__L004059,c1c(nc(s1)NC(=O)N[C@@H](CO)C(=O)[O-])C2CC2
dude_grik1__L004060,c1ccc(c(c1)[N+](=O)[O-])O[C@H]2[C@H]([C@@H]([C@@H]([C@@H](O2)COP(=O)([O-])[O-])O)O)O
dude_grik1__L004061,Cc1nc(cs1)c2cc([nH]c2)C(=O)N[C@@H](C(C)C)C(=O)[O-]
dude_grik1__L004062,CCCCC\1=CN=C2[C@H](/C1=N/OCC(=O)Nc3cccc(c3)NC(=O)C)C(=O)N(C(=O)N2C)C
dude_grik1__L004063,c1cc(cc(c1)Br)NC(=O)c2nc([n-]n2)n3cnnc3
dude_grik1__L004064,Cc1c(c[nH]n1)CNS(=O)(=O)c2c(n(cn2)C)Cl
dude_grik1__L004065,CCCc1cc(=O)[nH]c(=S)n1[C@H]2[C@H]([C@H]([C@@H]([C@@H](O2)C(=O)[O-])O)O)O
dude_grik1__L004066,c1cc(ccc1[C@H]2c3c(nc(s3)[S-])S[C@H]4[C@@H]2C(=NC4=O)[O-])F
dude_grik1__L004067,CC(C)c1csc(n1)NC(=O)N[C@](C)(C2CC2)C(=O)[O-]
dude_grik1__L004068,C[C@@H](C1CC1)NC(=O)N[C@](C)(C2CC2)C(=O)[O-]
dude_grik1__L004069,Cc1ccccc1[N-]S(=O)(=O)c2cc(cnc2)C#CCO
dude_grik1__L004070,Cc1c(c(n(n1)C)N2CCCC[C@H]2CCC(=O)[O-])[N+](=O)[O-]
dude_grik1__L004071,CN(C)c1cccc(c1)C(=O)N2CCO[C@@H](C2)C(=O)[O-]
dude_grik1__L004072,C1C(=NC(=O)NC1=O)/C=N/NC(=O)Cc2c(=O)[nH]c(nn2)[O-]
dude_grik1__L004073,CC(C)CC(=O)C1=C(C(=O)N([C@@H]1c2ccc(cc2)O)CCCO)[O-]
dude_grik1__L004074,C[C@]12CCC(=O)C=C1CC[C@@H]3[C@@H]2CC[C@]4([C@@H]3CC[C@]4(C(=O)COC(=O)CCC(=O)NCC(=O)[O-])O)C
dude_grik1__L004075,c1ccc2c(c1)c(c[nH]2)C[C@@H](C(=O)[O-])NC(=O)CS[C@@H]3NN=NN3Cc4ccco4
dude_grik1__L004076,CC(C)(C(=O)[O-])NC(=O)N[C@@H]1CCCC[C@@H]1O
dude_grik1__L004077,CCn1cc(cc1C(=O)N[C@@H]([C@@H](C)O)C(=O)[O-])[N+](=O)[O-]
dude_grik1__L004078,CC(=O)N[C@@H]1[C@H]([C@H]([C@H](O[C@H]1OC(C)(C)C)CO)O)O
dude_grik1__L004079,Cc1ccc(c(c1)C)NC(=O)[C@H]2CCS(=O)(=O)C2
dude_grik1__L004080,C[C@@H](CN(C)C(=O)C(=O)NCC(=S)N)O
dude_grik1__L004081,C[C@@H]1CCCN(C1)C(=O)c2ccc3c(c2)nc(=S)[nH]c3[O-]
dude_grik1__L004082,CC(=O)N[C@]1([C@@H]2[C@@H](NC1=O)N(C(=NC2=O)[O-])CCc3c[nH]c4c3cc(cc4)F)C(F)(F)F
dude_grik1__L004083,CN(C)C(=O)CN(C)C(=O)C1(CCOCC1)/C(=N/O)/N
dude_grik1__L004084,C1=C[C@@]2([C@@H]3[C@@H]([C@H]1O2)C(=NC3=O)[O-])CO
dude_grik1__L004085,Cc1ccc(cc1)C(=O)C2=C(C(=O)N([C@H]2c3cccc(c3)[N+](=O)[O-])c4cc(on4)C)[O-]
dude_grik1__L004086,C1CCCc2c(c(c(s2)NC(=O)CCC(=O)[O-])C(=O)NC3CC3)CC1
dude_grik1__L004087,c1cc(c(cc1F)Cl)C(=O)NCC(=O)NCC(=O)[O-]
dude_grik1__L004088,c1ccc(c(c1)C(=O)Nc2[nH]ncn2)[N-]S(=O)(=O)c3ccc4c(c3)[nH]c(=O)[nH]4
dude_grik1__L004089,Cc1c(c(n(n1)CC(=O)N[C@H]2[C@@H]3N(C2=O)C(=C(CS3)COC(=O)C)C(=O)[O-])C)Br
dude_grik1__L004090,C1C[C@@H](N(C1)C(=O)[C@H]2C[C@H]3C[C@@H]2C=C3)C(=O)[O-]
dude_grik1__L004091,C[C@@H]([C@H](C(=O)[O-])NC(=O)[C@@H]1CSC(=O)N1)O
dude_grik1__L004092,CC(=O)N[C@@H]1[C@H]([C@@H]2[C@H](CO[C@@H](O2)c3ccccc3)O[C@H]1OC)O
dude_grik1__L004093,Cc1c(c(n[nH]1)C)S(=O)(=O)N[C@@H](C#N)c2cccnc2
dude_grik1__L004094,CCc1cc2c(ncnc2s1)N[C@@H]([C@@H](C)O)C(=O)[O-]
dude_grik1__L004095,Cc1c(nnn1c2ccc3c(c2)cccn3)/C(=N/S(=O)(=O)C)/[O-]
dude_grik1__L004096,c1cc2c(cc1O)cc(cc2O)S(=O)(=O)[O-]
dude_grik1__L004097,C[C@@H]1CCC[C@](C1)(CO)NS(=O)(=O)c2cc(cnc2)Br
dude_grik1__L004098,CC(=O)[C@H]1CC[C@@H]2[C@@]1(CC[C@@H]3[C@@H]2CCC4=C/C(=N/OCC(=O)N5C[C@@H](C[C@@H]5C(=O)[O-])O)/CC[C@]34C)C
dude_grik1__L004099,CC1=C2C(=CC(=O)N=C2S[C@H]1C(=O)[O-])CSc3nc4ncccn4n3
dude_grik1__L004100,Cc1c(c(n[nH]1)C)NC(=O)N[C@@H]([C@@H](C)O)C(=O)[O-]
dude_grik1__L004101,COc1ccc(cc1)n2c(=O)c3cnc(nc3nc2[O-])NCc4ccc5c(c4)OCO5
dude_grik1__L004102,c1cc(cc(c1)N(CCO)CCO)C(=O)[O-]
dude_grik1__L004103,CC(=O)N[C@@H]1[C@H]([C@@H]2[C@@H](COC(O2)(C)C)O[C@H]1O)O
dude_grik1__L004104,Cc1cc(ccc1S(=O)(=O)N[C@H]([C@@H](C)O)C(=O)[O-])[N+](=O)[O-]
dude_grik1__L004105,CCC[C@](C)(C(=O)[O-])NC(=O)Nc1cccc(c1C#N)F
dude_grik1__L004106,C[C@@H](C(=O)[O-])Nc1ccc(cc1[N+](=O)[O-])C(=O)[O-]
dude_grik1__L004107,c1cc(ccc1n2c(cc(nc2=S)[O-])[O-])Cl
dude_grik1__L004108,c1cc(ccc1C[C@@]2(CCS(=O)(=O)C2)C(=O)[O-])[N+](=O)[O-]
dude_grik1__L004109,Cc1cccc(c1C(=O)N)[N-]S(=O)(=O)c2cccc(c2)C(=O)N3CCCC3
dude_grik1__L004110,CC(=O)N[C@H]1[C@H]([C@H]([C@H](O[C@@H]1O)CO)O)O
dude_grik1__L004111,CC(=O)N[C@@H]1[C@H]([C@@H]([C@H](O[C@H]1n2c(=S)oc(n2)c3ccccc3)COC(=O)C)OC(=O)C)OC(=O)C
dude_grik1__L004112,CO[C@@H]1C[C@H](N(C1)C(=O)NCCS(=O)(=O)N)C(=O)[O-]
dude_grik1__L004113,COc1cccc(c1O)[C@@H]2[C@@H]3[C@@H]([C@@H]([NH2+]2)C(=O)[O-])C(=O)N(C3=O)c4cccc(c4)C(=O)[O-]
dude_grik1__L004114,c1cnc(nc1)NNC(=O)c2cnn3c2nccc3
dude_grik1__L004115,c1c[nH]nc1C(=O)N2CCC[C@@H](C2)N3CCNC3=O
dude_grik1__L004116,c1cc(ccc1C(=O)[O-])S[C@H]2CC(=NC2=O)[O-]
dude_grik1__L004117,C[C@@H](Cc1ccco1)NC(=O)N2C[C@H](C[C@@H]2C(=O)[O-])O
dude_grik1__L004118,c1cc(nnc1C(=O)NC2CCN(CC2)C(=O)[C@H]3CC=CO3)[O-]
dude_grik1__L004119,Cc1nc(c2cnn(c2n1)C)N[C@H]3CCCNC3=O
dude_grik1__L004120,Cc1nc(nc(n1)OC)N(C)/C(=N/S(=O)(=O)c2ccc(cc2Cl)[N+](=O)[O-])/[O-]
dude_grik1__L004121,C[C@H](C(=O)N[C@@H](CC(=O)N)C(=O)[O-])n1cncn1
dude_grik1__L004122,C[C@](C1CC1)(C(=O)[O-])NC(=O)NC[C@H]2CCS(=O)(=O)C2
dude_grik1__L004123,CS(=O)(=O)/N=C(/c1c(cnc(n1)N2CCOCC2)Cl)\[O-]
dude_grik1__L004124,Cc1cc(cc(c1O)C)[C@H]2[C@H]3[C@@H](C(=O)N(C3=O)C(C)(C)C)[C@@]([NH2+]2)(CC(=O)[O-])C(=O)[O-]
dude_grik1__L004125,c1cn(c(=O)[nH]c1=O)[C@H]2C[C@@H]([C@@H](O2)CO)O
dude_grik1__L004126,c1cc(cnc1)/C(=N/OC(=O)c2cc(ccc2Cl)Br)/N
dude_grik1__L004127,CN(C)S(=O)(=O)/N=C(/c1ccc(cc1F)[N+](=O)[O-])\[O-]
dude_grik1__L004128,c1[nH]c2c(n1)ncnc2SCCCCC(=O)NC3(CCCC3)C(=O)[O-]
dude_grik1__L004129,c1c(cn[nH]1)C(=O)N[C@H]2CCCc3c2cnn3CCO
dude_grik1__L004130,CCOC(=O)[C@@H]1[C@@H](OC(=C1C(=O)C)C)NC(=O)CSc2c3c(nc[nH]3)ncn2
dude_grik1__L004131,c1cn(c(=S)[nH]c1=S)[C@H]2[C@@H]([C@H]([C@H](O2)CO)O)O
dude_grik1__L004132,C/C(=N\NC(=O)[C@H]1CCS(=O)(=O)C1)/c2ccc(cc2)S(=O)(=O)N3CCC(CC3)C(=O)[O-]
dude_grik1__L004133,Cc1c(c(sn1)[N-]S(=O)(=O)c2cc(cc(c2)F)F)C(=O)[O-]
dude_grik1__L004134,CCOc1nc(nc(n1)N/C(=N/S(=O)(=O)c2cc(ccc2Cl)[N+](=O)[O-])/[O-])c3ccccc3
dude_grik1__L004135,C[C@@H]1CCC[C@](C1)(C(=O)[O-])NC(=O)NCC#C
dude_grik1__L004136,CS(=O)(=O)CC[C@@H](C(=O)[O-])NC(=O)NC[C@H]1CCOC1
dude_grik1__L004137,Cc1c(c2ncc(c(n2n1)[O-])C(=O)C)c3ccccc3
dude_grik1__L004138,C/C(=N/NC(=O)N)/[C@]1(C[C@@]2(CC(OC2=O)(C)C)C(=O)O1)C
dude_grik1__L004139,c1cc(oc1)C2=NN=C(C2)C(=O)N[C@@H]3NN=CS3
dude_grik1__L004140,C[C@H]1CCC[C@@](C1)(C(=O)[O-])NC(=O)N2CCC[C@@H]2CO
dude_grik1__L004141,CCCOc1ccc(cc1)C(=O)C2=C(C(=O)N([C@@H]2c3ccc(cc3)[N+](=O)[O-])CCCn4ccnc4)[O-]
dude_grik1__L004142,COC(=O)[C@@H](c1csc(n1)N)C(=O)/C(=N/c2[nH]c(=S)[nH]n2)/[O-]
dude_grik1__L004143,C[C@](C1CC1)(C(=O)[O-])NC(=O)C(C)(C)[NH2+]C
dude_grik1__L004144,c1cc(cc(c1)NC(=O)C[C@H]2C(=O)N=C(S2)N3CCCCC3)C(=O)Nc4[n-]nnn4
dude_grik1__L004145,CCC[C@](C)(C(=O)[O-])NC(=O)c1cc(c[nH]1)Cl
dude_grik1__L004146,C1CCC(CC1)(C(=O)[O-])NC(=O)NC[C@@H]2CCCO2
dude_grik1__L004147,c1cc2c(cc1Cl)C[C@H](O2)C(=O)NCC(=O)NCC(=O)[O-]
dude_grik1__L004148,Cc1cc(no1)[N-]S(=O)(=O)CCNS(=O)(=O)c2ccc3c(c2)OCO3
dude_grik1__L004149,Cc1c2c(cc(nc2on1)c3ccccc3)C(=O)Nc4[n-]c(c(n4)C#N)C#N
dude_grik1__L004150,COc1cc(cc(c1)OC)CNC(=O)CSc2nc([nH]n2)N/N=C/c3cnn(c3)CC=C
dude_grik1__L004151,C[C@@H]1CC[C@H](CN1C(=O)C(=O)NCC#N)C(=O)N
dude_grik1__L004152,CC(C)[C@H](C(=O)[O-])NC(=O)NC1CCS(=O)(=O)CC1
dude_grik1__L004153,C1[C@H]([C@H]([C@@H]([C@@H]([C@H](CO1)O)O)O)O)CO
dude_grik1__L004154,C[C@H]1CC[C@H](CN1C(=O)N[C@@H](CO)C(=O)[O-])C(=O)N
dude_grik1__L004155,c1c(nnn1C2CCN(CC2)[C@@H]3C4=NC=NC4=NC=N3)CO
dude_grik1__L004156,Cc1cnc(cn1)CNS(=O)(=O)c2c([nH]nc2C)C
dude_grik1__L004157,Cc1c(c[nH]n1)NC(=O)c2cccc(c2)n3cnnn3
dude_grik1__L004158,c1c(cncc1OC[C@H](CO)O)C(=O)N
dude_grik1__L004159,C1CS(=O)(=O)CCC1NC(=S)NN
dude_grik1__L004160,CN(CCO)c1ccc(cc1[N+](=O)[O-])S(=O)(=O)N2CCC(CC2)C(=O)[O-]
dude_grik1__L004161,c1c(nc2ncnn2c1[O-])Cn3cnc(n3)[N+](=O)[O-]
dude_grik1__L004162,c1cc(ccc1c2ccnc3c2c(nc(n3)N4CCOCC4)[O-])[N+](=O)[O-]
dude_grik1__L004163,CCn1cc(cn1)S(=O)(=O)[N-]c2nc(cs2)c3cccc(c3)[N+](=O)[O-]
dude_grik1__L004164,c1c(cn[nH]1)C(=O)N2CCC[C@@H](C2)C(=O)N
dude_grik1__L004165,c1c(nc(nc1Cl)N)N2CCN(CC2)C(=O)[C@@H]3CCCO3
dude_grik1__L004166,C[C@H](CC(=O)[O-])NC(=O)N(C)C[C@@H](C)O
dude_grik1__L004167,[H]/N=C\1/C(=N/Nc2cccc(c2)C(F)(F)F)/C(=NN1S(=O)(=O)C)[NH-]
dude_grik1__L004168,COc1cc(cc(c1[O-])[N+](=O)[O-])/N=N/n2cnnc2
dude_grik1__L004169,Cc1cccc(c1NC(=O)CNC(=O)[C@H](C)OC(=O)CN2C(=O)C3(CCC(CC3)C)NC2=O)C
dude_grik1__L004170,c1ccc2c(c1)ncn2CC(=O)N/N=C/c3cc(ccc3[O-])[N+](=O)[O-]
dude_grik1__L004171,Cc1c(oc(c1C#N)NC(=O)CSc2c3c([nH]cn3)ncn2)C
dude_grik1__L004172,CC1CCC(CC1)(C(=O)[O-])NC(=O)N[C@H](C)COC
dude_grik1__L004173,Cn1cnnc1CNC(=O)NC(=O)COCC(=O)[O-]
dude_grik1__L004174,C1CN(CCC1C(=O)[O-])S(=O)(=O)NCCC(=O)N
dude_grik1__L004175,c1ccc2=[NH+][C@H]3C(=c2c1)N=NC(=N3)SCC(=O)Nc4ccc(cc4)S(=O)(=O)[N-]c5ncccn5
dude_grik1__L004176,C1CN(C[C@H]1O)C(=O)NC2CCC(CC2)C(=O)[O-]
dude_grik1__L004177,CC(=O)c1ccc(cc1)N2CCN(CC2)c3c4c([nH]cn4)nc(n3)N
dude_grik1__L004178,c1cc(ncc1C(=O)N)NCC(=O)[O-]
dude_grik1__L004179,c1cn(c(=O)[nH]c1=O)[C@H]2C=C([C@H]([C@H]2O)O)CO
dude_grik1__L004180,CC(=O)N(C)CC(=O)NNC(=O)N[C@H]1CCS(=O)(=O)C1
dude_grik1__L004181,COC(=O)C1=C(N2C(=O)[C@H](SC2=C([C@H]1c3ccccc3Cl)C#N)CC(=O)[O-])N
dude_grik1__L004182,CC(=O)NCCN[C@@H]1CS(=O)(=O)C[C@H]1O
dude_grik1__L004183,c1cc(oc1)CN2C[C@@H](CC2=O)C(=O)NNC(=O)/C=C/C(=O)[O-]
dude_grik1__L004184,C[C@@H]1CC[C@H](CN1C(=O)NCC(=O)[O-])C(=O)N
dude_grik1__L004185,C1[C@H](N(CS1)C(=O)c2nc([nH]n2)N)C(=O)[O-]
dude_grik1__L004186,CCn1c(n[nH]c1=S)CNC(=O)c2ccc3c(c2)nc(=S)[nH]c3[O-]
dude_grik1__L004187,c1cc(ccc1[C@H]2[C@H](N3CCS(=O)(=O)[C@@H]3N2)/C(=N/c4[nH]ncn4)/[O-])Cl
dude_grik1__L004188,C1CCC(CC1)(C(=O)[O-])NC(=O)CCSCC(=O)N
dude_grik1__L004189,COc1ccc(cc1)N2CCN(CC2)CCNC(=O)c3ccc(cc3)[N-]S(=O)(=O)c4cccs4
dude_grik1__L004190,Cn1c(c(cn1)C(=O)N[C@H](CO)C(=O)[O-])n2cccc2
dude_grik1__L004191,N[C@@H](Cn2c1CCCc1c(=O)[nH]c2=O)C(O)=O
dude_grik1__L004192,C[C@H]1CCC[C@H]([C@@H]1C)NC(=O)NC(=O)CCCCC(=O)[O-]
dude_grik1__L004193,C[C@@H]1CCCCN1S(=O)(=O)c2cccc(c2)C(=O)Nc3cc4c(cc3C(=O)[O-])OCCO4
dude_grik1__L004194,CC1(CCN(CC1)C(=O)Cn2ccc(n2)[N+](=O)[O-])C(=O)[O-]
dude_grik1__L004195,C(C(=O)NC(=O)N)OCC(=O)[O-]
dude_grik1__L004196,COCCN1[C@H](C(=C(C1=O)[O-])C(=O)c2ccc(cc2)S(=O)(=O)N3CCCCC3)c4cccc(c4)O
dude_grik1__L004197,CCS(=O)(=O)[N-]c1ccc(cc1C)NS(=O)(=O)c2ccc(cc2)[N+](=O)[O-]
dude_grik1__L004198,Cn1ccc(n1)c2nnc(n2C[C@@H]3CCCO3)SCC(=O)NNC(=S)NC4CCCCC4
dude_grik1__L004199,C1COCCN1CCNC(=O)NCCC(=O)[O-]
dude_grik1__L004200,C[C@@]1([C@@H](NC(=NC1=O)[O-])O)F
dude_grik1__L004201,CC(C)(CC(=O)N[C@H]1CCCNC1=O)CC(=O)[O-]
dude_grik1__L004202,Cn1c(ccc1[N+](=O)[O-])C(=O)N(C)CC(=O)[O-]
dude_grik1__L004203,C[C@@H]1N=NC(=O)[C@H]2N1C=C(C2)S(=O)(=O)[N-]c3ccc(cc3)N4CCOCC4
dude_grik1__L004204,c1cn(nc1C(=O)NCC(=O)N)CCC(=O)[O-]
dude_grik1__L004205,CC[C@@H](C)N(CC(=O)[O-])C(=O)c1ccc(cc1)NC(=O)N
dude_grik1__L004206,C[C@H](c1nncn1C)NC(=O)NC(=O)/C=C/C(=O)[O-]
dude_grik1__L004207,c1ccc(c(c1)/C(=N/c2[nH]ncn2)/[O-])[N+](=O)[O-]
dude_grik1__L004208,CCC[C@@]1(CCCN(C1)C(=O)CCSCC(=O)N)C(=O)[O-]
dude_grik1__L004209,Cc1nc(on1)/N=C(/C2=NO[C@@H](C2)c3ccccc3)\[O-]
dude_grik1__L004210,C[C@@H]1CC[NH2+]CCN1S(=O)(=O)c2ccc(s2)Cl
dude_grik1__L004211,c1cc2c(cc1C(=O)N3CCC[C@@H](C3)C(=O)[O-])OCO2
dude_grik1__L004212,CSCC[C@@H](C(=O)N1CC[C@H](C1)C(=O)[O-])NC(=O)N
dude_grik1__L004213,c1cc(ccc1C(=O)N)S(=O)(=O)/N=C(/C2CC2)\[O-]
dude_grik1__L004214,c1cc(ccc1C(=O)N2C[C@H](C[C@@H]2C(=O)[O-])O)NC(=O)N
dude_grik1__L004215,C1CN(CCC1C(=O)[O-])C(=O)CC[NH3+]
dude_grik1__L004216,C[C@@H](c1ccc(cc1)Br)NC(=O)N[C@](C)(C2CC2)C(=O)[O-]
dude_grik1__L004217,CC1CCC(CC1)Nc2ccc(cc2[N+](=O)[O-])S(=O)(=O)N3CCC(CC3)C(=O)[O-]
dude_grik1__L004218,Cn1c2cc(c(cc2n(c(=O)c1=O)C)N3CCOCC3)NC(=O)c4cc(c(c(c4)OC)OC)OC
dude_grik1__L004219,CCn1cc(c(n1)C(=O)NCCOC)NC(=O)[C@H]2[C@@H]3CC[C@H]([C@@H]2C(=O)[O-])O3
dude_grik1__L004220,c1cn2cnc3c(c2n1)ncn3[C@@H]4[C@@H]([C@@H]([C@@H](O4)COP(=O)([O-])[O-])O)O
dude_grik1__L004221,CN1CC[NH+]=C1Sc2c(cc(cn2)/C(=N/c3[nH]ncn3)/[O-])Cl
dude_grik1__L004222,CC(=O)c1ccc(cc1)NC(=O)N[C@H](CCSC)C(=O)[O-]
dude_grik1__L004223,C1C[C@@H](CN(C1)C(=O)N)C(=O)N2CC[C@H](C2)C(=O)[O-]
dude_grik1__L004224,C[C@H]([C@@H](C(=O)[O-])NC(=O)C1=NNC(=O)CC1)O
dude_grik1__L004225,CC(C)[C@H](c1cccs1)NC(=O)N[C@@H](CO)C(=O)[O-]
dude_grik1__L004226,COC(COP(=O)([O-])[O-])(C(=O)[O-])OC
dude_grik1__L004227,CC(C)N(CC(=O)[O-])C(=O)N1CCC[C@@H](C1)C(=O)N
dude_grik1__L004228,CCC[C@@](C)(C(=O)[O-])[NH2+][C@@H]1CCCNC1=O
dude_grik1__L004229,C1CC(C1)NC(=O)N2C[C@H](C[C@H]2C(=O)[O-])O
dude_grik1__L004230,CC1(O[C@H]([C@@H](O1)[C@@H]([C@@H](CO)O)O)CO)C
dude_grik1__L004231,CS(=O)(=O)NCCNS(=O)(=O)CC(=O)[O-]
dude_grik1__L004232,c1nc(nn1CC(=O)NN)[N+](=O)[O-]
dude_grik1__L004233,c1cc(oc1)[C@H](CNS(=O)(=O)[C@@H]2CCS(=O)(=O)C2)S(=O)(=O)c3ccc4c(c3)OCO4
dude_grik1__L004234,COCCN1C(=O)C=C[C@H](N1)C(=O)Nc2[n-]c(c(n2)C#N)C#N
dude_grik1__L004235,CO[C@@H]1C[C@@H](N(C1)C(=O)Cc2csc(n2)N)C(=O)[O-]
dude_grik1__L004236,c1cnccc1CN2CCc3c(sc(c3C(=O)[O-])NC(=O)C(=O)[O-])C2
dude_grik1__L004237,c1ccc(c(c1)NC(=O)N[C@H](CO)C(=O)[O-])SC(F)F
dude_grik1__L004238,C[C@]1([C@@H](O[C@H]([C@]([C@]1(C)O)(C)O)O)CO)O
dude_grik1__L004239,COc1cccc(c1O)[C@H]2[C@H]3[C@@H]([C@@H]([NH2+]2)C(=O)[O-])C(=O)N(C3=O)c4cccc(c4)C(=O)[O-]
dude_grik1__L004240,COc1ccc(cc1S(=O)(=O)NCc2ccco2)C(=O)Nc3cc4c(cc3C#N)OCO4
dude_grik1__L004241,C1CN(CCNC1=O)[C@H]2CS(=O)(=O)C[C@@H]2N
dude_grik1__L004242,Cc1nnnn1c2cccc(c2)/N=C/c3cc(cc(c3[O-])[N+](=O)[O-])Cl
dude_grik1__L004243,C1C[C@@H](OC1)CNC(=O)N2C[C@H](C[C@@H]2C(=O)[O-])O
dude_grik1__L004244,c1cc(c(cc1[N+](=O)[O-])NC(=O)N[C@@H](CO)C(=O)[O-])F
dude_grik1__L004245,Cc1ccc(cc1N)C(=O)N(CCO)[C@@H]2CCS(=O)(=O)C2
dude_grik1__L004246,CN(C)[C@H]1N=C2C(=NC(=NC2=O)[NH-])N1[C@H]3[C@@H]([C@@H]([C@@H](O3)CO)O)O
dude_grik1__L004247,CNc1ccc(cc1[N+](=O)[O-])S(=O)(=O)NC2CCOCC2
dude_grik1__L004248,CC(=O)OC[C@@H]1[C@@H]([C@H]([C@@H](O1)n2cnc3c2nc(nc3Cl)[O-])OC(=O)C)OC(=O)C
dude_grik1__L004249,C[C@@H]1CN(C[C@H](O1)C)C(=O)C(=O)NC[C@@H](c2cccnc2)S(=O)(=O)c3ccc4c(c3)OCO4
dude_grik1__L004250,CC[C@@H](C(=O)N)S(=O)(=O)c1ccc(c(c1F)C(=O)[O-])F
dude_grik1__L004251,c1cc2c(cc1OCC(=O)NCC(=O)NCC(=O)[O-])oc(=O)c3c2CCC3
dude_grik1__L004252,c1nc(c2c(n1)n(cn2)[C@H]3CC[C@H](O3)COP(=O)([O-])[O-])N
dude_grik1__L004253,c1c([nH]cn1)C[C@H](C(=O)[O-])NC(=O)CC2CCCC2
dude_grik1__L004254,CS(=O)(=O)c1cc(cc(c1)N)C(=O)NCCNS(=O)(=O)C
dude_grik1__L004255,C[C@@H](C(=O)/N=C/1\NCC(=N1)[O-])NC(=O)c2ccco2
dude_grik1__L004256,c1c(nc[nH]1)[C@@H]([NH3+])P(=O)([O-])[O-]
dude_grik1__L004257,Cc1cccc(c1)C(=O)NNC(=O)[C@H](C)n2cncn2
dude_grik1__L004258,C[C@@H]1CCCC[C@@H]1NC(=O)N2C[C@@H](C[C@H]2C(=O)[O-])O
dude_grik1__L004259,C1C[C@H](N(C1)C(=O)NCC(=O)N)C(=O)[O-]
dude_grik1__L004260,c1cc(c(cc1N)S(=O)(=O)[N-]c2cnccn2)[N+](=O)[O-]
dude_grik1__L004261,CC(C)(C)C(=O)ON1CCC[C@H]1C(=O)N[C@@H](CC(=O)[O-])C(=O)[O-]
dude_grik1__L004262,c1ccc2c(c1)CCN(C2)S(=O)(=O)c3ccc(cc3)C(=O)NC4(CCCCC4)C(=O)[O-]
dude_grik1__L004263,CCN(CC)S(=O)(=O)c1cc(n(c1)C)/C(=N/S(=O)(=O)C)/[O-]
dude_grik1__L004264,C[C@@](C1CC1)(C(=O)[O-])NC(=O)N2CCCC2
dude_grik1__L004265,C[C@H](/C(=N/c1[nH]ncn1)/[O-])NC(=O)c2ccc(s2)Br
dude_grik1__L004266,Cc1cc(no1)[N-]S(=O)(=O)c2cccc(c2)C(=O)N3CCN(CC3)C(=O)OC(C)(C)C
dude_grik1__L004267,C1C[C@](Cc2c1n[nH]c2[O-])(C(=O)[O-])[NH3+]
dude_grik1__L004268,Cc1c(c(n(n1)C)C)/C=C/C(=O)N[C@H]([C@@H](C)O)C(=O)[O-]
dude_grik1__L004269,CCC[C@@](C)(C(=O)[O-])NC(=O)N1CCC(=O)NCC1
dude_grik1__L004270,Cc1ccccc1O[C@H]2[C@@H]([C@H]([C@H]3[C@H](O2)COC(O3)(C)C)O)NC(=O)C
dude_grik1__L004271,C[C@@H](c1ccc(cc1)n2cncn2)NC(=O)[C@@H]3CCCN3S(=O)(=O)c4ccc5c(c4)OCCO5
dude_grik1__L004272,Cc1c(c(n(n1)C)C)NC(=O)c2csc(n2)NC(=O)C
dude_grik1__L004273,CC[C@H](C)N(CC(=O)[O-])C(=O)[C@@H](C(C)C)NC(=O)N
dude_grik1__L004274,C[C@H](CN1CCOCC1)NC(=O)N[C@@H](CO)C(=O)[O-]
dude_grik1__L004275,Cc1ccc(c(c1)Br)NC(=O)N[C@H](CCSC)C(=O)[O-]
dude_grik1__L004276,C[C@@H]1CCC[NH+]([C@@H]1C)[C@@H]2CC3(CC[C@@H]2O)OCCO3
dude_grik1__L004277,CC(C)[C@@H](C(=O)N[C@@H](C(C)C)C(=O)[O-])NC(=O)[C@H]1[C@H]2[C@@H]([C@@H]3[C@H](O1)OC(O3)(C)C)OC(O2)(C)C
dude_grik1__L004278,CN(CC1CC1)c2ccc(cc2C(=O)[O-])S(=O)(=O)N
dude_grik1__L004279,CCCN1C(=O)/C(=C/c2ccc3c(c2)OCO3)/N=C1[S-]
dude_grik1__L004280,c1cc(=O)n(nc1[O-])CC(=O)N2CC[C@H](C2)C(=O)[O-]
dude_grik1__L004281,CS(=O)(=O)[N-]c1ccccc1NS(=O)(=O)N2CCNCC2
dude_grik1__L004282,c1cc(cc(c1)O)[C@H]2C(=C(C(=O)N2CCO)[O-])C(=O)c3ccc(cc3)S(=O)(=O)N4CCOCC4
dude_grik1__L004283,C1C[C@@H](OC1)CNC(=O)N2CC[NH+](CC2)CC(=O)[O-]
dude_grik1__L004284,c1cc(c(c(c1)F)[N-]S(=O)(=O)c2cnc(nc2)N)F
dude_grik1__L004285,COCCCCNC(=O)N1C[C@@H](C[C@@H]1C(=O)[O-])O
dude_grik1__L004286,CCc1ccc(c(c1)Br)OCCCC(=O)Nc2ccc(cc2)S(=O)(=O)[N-]c3ncccn3
dude_grik1__L004287,C[C@@H](c1cccc(c1)F)NC(=O)NCC(=O)NCC(=O)[O-]
dude_grik1__L004288,c1cc(cc(c1)N2C(=O)[C@H]3CC=CC[C@H]3C(=O)N2)C(=O)N[C@@H]4CCCCNC4=O
dude_grik1__L004289,CS(=O)(=O)CCS(=O)(=O)[N-]c1ccc(cc1)CS(=O)(=O)N
dude_grik1__L004290,c1cc(ccc1S(=O)(=O)N2CCO[C@@H]2CNC(=O)C(=O)NCc3ccc4c(c3)OCO4)Cl
dude_grik1__L004291,C1CN(C[C@@H]1[NH3+])C(=O)N(CC(=O)[O-])[C@H]2CCS(=O)(=O)C2
dude_grik1__L004292,c1c(cnc(n1)N)S(=O)(=O)NCC(=O)N
dude_grik1__L004293,COCCOCCNC(=O)N1C[C@@H](C[C@H]1C(=O)[O-])O
dude_grik1__L004294,C[C@H](C(=O)OC)S(=O)(=O)[N-]c1cccc(c1C(=S)N)F
dude_grik1__L004295,CCCN([C@@H]1CCS(=O)(=O)C1)C(=O)CSc2nc3cc(ccc3c(=O)n2CC=C)C(=O)[O-]
dude_grik1__L004296,CC(C)(C)[C@H](C(=O)[O-])NC(=O)N1CC[C@@H](C1)O
dude_grik1__L004297,C1CO[C@@H](C[NH2+]1)C(=O)NCCOCCO
dude_grik1__L004298,c1cc([nH]/c(=N\S(=O)(=O)c2c[nH]nc2)/c1)/C=C/C(=O)[O-]
dude_grik1__L004299,N[C@@H](Cn2c1CSCc1c(=O)[nH]c2=O)C(O)=O
dude_grik1__L004300,C[C@H](C(=O)[O-])NC(=O)c1cc(c[nH]1)[N+](=O)[O-]
dude_grik1__L004301,c1cn(c(=O)[nH]c1=O)[C@H]2[C@H]([C@H]([C@@H](O2)CO)O)O
dude_grik1__L004302,CCCSc1nnc(s1)NC(=O)CSc2nc([nH]n2)N/N=C(/C)\c3ccccn3
dude_grik1__L004303,Cc1cccnc1NC(=S)NC(=O)c2cc(cnc2)Br
dude_grik1__L004304,c1ccc(c(c1)[N-]S(=O)(=O)c2ccc(cc2)C(=O)N)OC(F)(F)F
dude_grik1__L004305,CC(=O)Nc1ccn(c(=O)n1)[C@@H]2[C@@H]([C@@H]([C@@H](O2)CO)O)O
dude_grik1__L004306,Cc1ccnc(n1)NCC(=O)NCC(=O)[O-]
dude_grik1__L004307,c1cc(cc(c1)S(=O)(=O)N2CCCC[C@@H]2C(=O)[O-])C(=O)Nc3ccc4c(c3)OCCCO4
dude_grik1__L004308,Cn1cc(ccc1=O)[N-]S(=O)(=O)c2cc(cs2)N
dude_grik1__L004309,Cc1c(cn[nH]1)CCCNC(=O)c2ccc(s2)C(=O)[O-]
dude_grik1__L004310,c1cc(cc(c1)[N-]S(=O)(=O)c2cnc(nc2)Cl)C(=O)N
dude_grik1__L004311,[H]/N=C\1/N([C@H]2CS(=O)(=O)C[C@@H]2S1)c3cccc(c3C)Cl
dude_grik1__L004312,c1cc(cc(c1)OCC(=O)[O-])[C@@H]2NN=C3N2C(=NC(=N3)N4CCOCC4)N5CCOCC5
dude_grik1__L004313,C[C@H]([C@H](C(=O)[O-])NC(=O)[C@@H]1CCOC1)O
dude_grik1__L004314,c1c(c(sc1O)O)CCS(=O)(=O)[O-]
dude_grik1__L004315,CN(OC)S(=O)(=O)c1ccc(cc1)/C(=N/S(=O)(=O)N2CCCCC2)/[O-]
dude_grik1__L004316,C1COCCN1[C@H]2C[NH+](C[C@@H]2O)C34CC5CC(C3)CC(C5)C4
dude_grik1__L004317,Cc1c(c([nH]c1C(=O)O[C@@H](C)C(=O)Nc2ccc(cc2)S(=O)(=O)N3CCCCC3)C)C(=O)OC
dude_grik1__L004318,C1C[C@@H](C(=O)NC1)NC(=O)NCC(=O)[O-]
dude_grik1__L004319,C1CS(=O)(=O)C[C@@H]1N(CC(=O)[O-])C(=O)c2nc([nH]n2)N
dude_grik1__L004320,C[C@H](C(=S)N)C(=O)NCc1nncn1C
dude_grik1__L004321,Cc1ccc(cc1)[C@H]2C(=C(C(=O)N2CCCN3CCOCC3)[O-])C(=O)[C@@H]4C(=C(N=C4C)C(=O)OC)C
dude_grik1__L004322,Cc1c(ccc(n1)C(=O)N2CC[C@@H](C2)C(=O)[O-])C#N
dude_grik1__L004323,CC(=O)N[C@H]1[C@@H]([C@@H](O[C@H]([C@@H]1O)O)CO)O
dude_grik1__L004324,CC(=O)c1ccccc1O[C@H]2[C@H]([C@@H]([C@@H]3[C@@H](O2)CO[C@@H](O3)c4ccccc4)OCC(=O)[O-])NC(=O)C
dude_grik1__L004325,c1cn(c(=O)cc1N)[C@@H]2[C@@H]([C@@H]([C@@H](O2)CO)O)O
dude_grik1__L004326,CCCNC(=O)c1cccc(c1)NC(=O)/C=C/C(=O)[O-]
dude_grik1__L004327,C[C@H]1CCC[C@](C1)(C(=O)[O-])NC(=O)NCC(=O)N
dude_grik1__L004328,c1c(cc(c(c1N)O)[N+](=O)[O-])S(=O)(=O)[O-]
dude_grik1__L004329,COc1cc(cc(c1)OC)[C@@H]2C(=NS(=O)(=O)[N-]2)N
dude_grik1__L004330,C1CS(=O)(=O)C[C@H]1NC(=O)N[C@H](CO)C(=O)[O-]
dude_grik1__L004331,CC(=O)c1cccc(c1)NC(=O)N2C[C@H](C[C@H]2C(=O)[O-])O
dude_grik1__L004332,CCOc1cc(ccc1O)[C@@H]2C(=C(C(=O)N2CCN3CCOCC3)[O-])C(=O)c4ccc(cc4)OC
dude_grik1__L004333,c1ccc(cc1)/C(=N/S(=O)(=O)c2ccc(cc2)N)/[O-]
dude_grik1__L004334,C[C@@H]([C@@H](C(=O)[O-])NC(=O)N1CCS(=O)(=O)CC1)O
dude_grik1__L004335,c1cc(sc1)S(=O)(=O)N2CCO[C@H](C2)C(=O)[O-]
dude_grik1__L004336,c1ccc(cc1)[C@H](C(=O)N2CC[C@H](C2)C(=O)[O-])N
dude_grik1__L004337,CC(C)(C(=O)[O-])S(=O)(=O)Cc1cccc(c1)C(=S)N
dude_grik1__L004338,Cc1c(sc(n1)N(CCOC)C(=O)C)/C(=N/c2nnc(s2)[C@@H]3CCCO3)/[O-]
dude_grik1__L004339,C1C[C@H](N(C1)C(=O)N(CCO)C2CC2)C(=O)[O-]
dude_grik1__L004340,CC(C)(C)OC(=O)N1CCC[C@](C1)(C(=O)[O-])N
dude_grik1__L004341,CC(C)O[C@H]1[C@@H]([C@H]([C@@H]([C@H](O1)CO)O)O)NC(=O)C
dude_grik1__L004342,Cc1cccc2c1OCCC[C@H]2[NH2+]C3CCS(=O)(=O)CC3
dude_grik1__L004343,Cc1cnc(s1)NC(=O)[C@H]2CC[C@](C2(C)C)(C)C(=O)[O-]
dude_grik1__L004344,c1c(cn(c1C(=O)N[C@H](CO)C(=O)[O-])C2CC2)[N+](=O)[O-]
dude_grik1__L004345,CCC[C@@](C)(C(=O)[O-])NC(=O)N[C@H]1C[C@@H]1C
dude_grik1__L004346,Cc1cc(n(n1)CCC#N)[N-]S(=O)(=O)c2ccccc2[N+](=O)[O-]
dude_grik1__L004347,c1ccc(cc1)C(=O)NCCCNC(=O)[C@H]2CCCN2S(=O)(=O)c3ccc(cc3)[N+](=O)[O-]
dude_grik1__L004348,c1cc(c(cc1[C@H](O)O[S@@](=O)O)O)O
dude_grik1__L004349,Cc1ccc(c(c1)C)NC(=O)C(=O)N/N=C/c2cc(ccc2[O-])[N+](=O)[O-]
dude_grik1__L004350,c1c2c(ncn1)n(cn2)[C@@H]3[C@H]([C@H]([C@@H](O3)CO)O)O
dude_grik1__L004351,C[C@]12C(=C(C(=O)C(=C1Cl)OC)[O-])c3cc(cc(c3C(=O)O2)[O-])OC
dude_grik1__L004352,CC1([C@@H](N2[C@H](S1)[C@@H](C2=O)NC(=O)[C@@H](c3ccccc3)NN4CCNC4=O)C(=O)[O-])C
dude_grik1__L004353,c1cc(c(cc1[N+](=O)[O-])NC(=O)[C@@H]2CCCC[C@@H]2C(=O)[O-])[O-]
dude_grik1__L004354,c1ccc(cc1)N2CCN(CC2)C(=O)c3ccccc3[N-]S(=O)(=O)c4ccc(cc4)[N+](=O)[O-]
dude_grik1__L004355,COC(=O)C1=NC(=O)NC(=O)[C@@H]1N
dude_grik1__L004356,Cc1ccc(c(c1)N2C(=O)/C(=C\c3ccc(c(c3)[N+](=O)[O-])N(C)C)/C(=O)N=C2[O-])C
dude_grik1__L004357,c1cc(cc(c1)F)NC(=O)[C@H]2CCCN(C2)C(=O)c3nnc(s3)C(=O)Nc4ccc5c(c4)OCO5
dude_grik1__L004358,Cc1cc(cc(c1[N-]S(=O)(=O)c2cc(n(c2)C)C(=O)N)C(=O)[O-])F
dude_grik1__L004359,c1cc(ccc1Nc2ncc3c(n2)oc(n3)[O-])S(=O)(=O)N
dude_grik1__L004360,c1cn(c(=O)nc1N)[C@@H]2CC[C@H](O2)COP(=O)([O-])[O-]
dude_grik1__L004361,c1ccc(cc1)c2nn3c(n2c4ccccc4)nnc3[S-]
dude_grik1__L004362,C1[C@H]([C@@H](C[NH+]1C[C@H]2C=N[C@@H]3[C@@H]2N=CNC3=O)O)CO
dude_grik1__L004363,CCCc1nnc(s1)/N=C(/C(=O)N2CCN(CC2)C)\[O-]
dude_grik1__L004364,C1CCN(CC1)C(=O)Cn2c(c(nn2)C(=O)[O-])[C@H]3CCCO3
dude_grik1__L004365,Cc1c(c2ccccc2[nH]1)C/C(=N/C3=NC(=O)CN3)/[O-]
dude_grik1__L004366,CCn1cc(c(=O)c2c1cc(c(c2)F)N3C[C@@H]([C@H](O3)C(=O)OCC)C(=O)OCC)C(=O)[O-]
dude_grik1__L004367,CCc1ccc(cc1)N2C[C@@H](CC2=O)/C(=N/S(=O)(=O)c3cnn(c3)C)/[O-]
dude_grik1__L004368,CC1(OC[C@H](O1)[C@H]2C([C@@H]3[C@H](O2)OC(O3)(C)C)(O)O)C
dude_grik1__L004369,c1ccc2c(c1)c(nc(n2)C(=O)NCCCN(C3CCCCC3)C(=O)c4ccc(c(c4)Cl)Cl)[O-]
dude_grik1__L004370,c1cc(cc(c1)[N-]S(=O)(=O)N)NC(=O)/C=C/C(=O)[O-]
dude_grik1__L004371,C[C@H](C(=O)[O-])Nc1nc(c(c(=O)n1C)N=O)N
dude_grik1__L004372,c1c([nH]cn1)C[C@H](C(=O)[O-])NC(=O)[C@@H]2CSC(=O)N2
dude_grik1__L004373,Cn1cc(cc1C(=O)N)S(=O)(=O)NCCCC(=O)[O-]
dude_grik1__L004374,C=CCn1c(nnc1SCc2cc(n3c(n2)c(cn3)C#N)[O-])c4ccco4
dude_grik1__L004375,COC(=O)c1nc([nH]n1)/N=C(/c2ccc(cc2)S(=O)(=O)C)\[O-]
dude_grik1__L004376,c1cc(c(cc1S(=O)(=O)N)NC(=O)C[C@]2(CCSC2)C(=O)[O-])O
dude_grik1__L004377,Cc1c(c(n(n1)C(C)C)C)/C=N/Nc2[nH]nc(n2)SCc3nnc(o3)C(F)(F)F
dude_grik1__L004378,C[C@H](c1ccsc1)NC(=O)N2C[C@@H](C[C@H]2C(=O)[O-])O
dude_grik1__L004379,Cc1ccc(cc1N[C@H]2CCCc3c2cnn3C)C#N
dude_grik1__L004380,CS(=O)(=O)OC[C@H]1[C@H]([C@@H]([C@@H]([C@@H](O1)O)O)O)O
dude_grik1__L004381,C[C@@H]([C@@H](C(=O)[O-])NS(=O)(=O)c1cc(n(c1)C)C(=O)N)O
dude_grik1__L004382,Cc1c(cc2ccc(cc2n1)F)C(=O)O[C@@H](C)C(=O)/N=C\3/[C@@H]4C(=NC=N4)N=C[N-]3
dude_grik1__L004383,Cc1ccc(cc1)[N-]S(=O)(=O)C[C@H](C)C(=O)Nc2ccc3c(c2)[nH]c(=O)o3
dude_grik1__L004384,C1CCC(C1)C(=O)NCC(=O)Nc2[n-]c(c(n2)C#N)C#N
dude_grik1__L004385,CSC1=C(C(=O)[NH+]=C1N[O-])C(=O)[O-]
dude_grik1__L004386,C[C@H](C(=O)Nc1cc2c(cc1Cl)OCO2)Cl
dude_grik1__L004387,C[C@H]1CC[C@@H](CN1C(=O)CCCCC(=O)[O-])C(=O)N
dude_grik1__L004388,C[C@H]1C(=O)N2C(=C([C@H](C(=C2S1)C(=O)OC)c3ccco3)C#N)N
dude_grik1__L004389,Cc1c(nc(s1)c2ccco2)C(=O)N[C@H]([C@H](C)O)C(=O)[O-]
dude_grik1__L004390,C[C@H]1CCC[C@](C1)(C(=O)[O-])Nc2c[nH]nc2[N+](=O)[O-]
dude_grik1__L004391,CN(CC(=O)N)C(=O)NCC(=O)NCC(=O)[O-]
dude_grik1__L004392,CS(=O)(=O)CCS(=O)(=O)[N-]c1cccc(c1)/C(=N/O)/N
dude_grik1__L004393,CCOc1ccc(cc1)[C@H]2C(=NS(=O)(=O)[N-]2)N
dude_grik1__L004394,C1C[C@@H](OC1)CNC(=O)Cn2c(c3c(n2)CSC3)N
dude_grik1__L004395,CO[C@H]1[C@H](O[C@@H]([C@@H]([C@@H]1O)O)O)CO
dude_grik1__L004396,C[C@@H](C(=O)[O-])N(C)C(=O)c1cc(cn1C)S(=O)(=O)N
dude_grik1__L004397,C1CC(=O)N[C@H]1C(=O)N2C[C@@H](C[C@@H]2C(=O)[O-])O
dude_grik1__L004398,c1cc(c(cc1N/C(=C(\C#N)/C(=O)CCCNC(=O)C2CC2)/[O-])Cl)F
dude_grik1__L004399,c1ccc(c(c1)CO)S(=O)(=O)[C@H](c2ccccc2S(=O)(=O)[O-])O
dude_grik1__L004400,Cc1cc2c([nH]1)c(n(c(=S)n2)Cc3ccco3)[O-]
dude_grik1__L004401,CC(C)Oc1c(cccn1)[N-]S(=O)(=O)c2cc(cs2)N
dude_grik1__L004402,c1cc2c(cc1[N+](=O)[O-])c(c(c(=O)o2)[N+](=O)[O-])[O-]
dude_grik1__L004403,Cc1cccc2c1OC[C@@H]([C@H]2N3CC[NH+](CC3)C)O
dude_grik1__L004404,COc1ccc(cc1)c2cc(n3c(n2)ncn3)NC4CC4
dude_grik1__L004405,CO[C@H]1C[C@H](N(C1)C(=O)Cc2csc(n2)N)C(=O)[O-]
dude_grik1__L004406,C[C@H]1[C@]2(CCO1)[C@@H]3C(=NN=C3OC(=C2C#N)N)COC
dude_grik1__L004407,Cn1c-2nc(=S)n(c2c(nc1[O-])[O-])C[C@@H](COc3ccccc3)O
dude_grik1__L004408,C[C@H]1NC(=NN1c2ccc(cc2)F)/C(=N/c3[nH]nc(n3)c4ccco4)/[O-]
dude_grik1__L004409,Cc1ccc(cc1)S(=O)(=O)OC[C@H]2[C@H](C[C@@H](O2)n3ccc(nc3=O)N)O
dude_grik1__L004410,C[C@@]12CC[C@@H]3[C@@H]([C@@]1(CC[C@@H]2C4=CC(=O)OC4)O)CCC5=C[C@@H](CC[C@@]35C=O)O
dude_grik1__L004411,CCc1nn(c(=O)n1N)CC(=O)NN
dude_grik1__L004412,c1c(cn[nH]1)CNc2cncc3n2nnn3
dude_grik1__L004413,CCC[C@](C)(C(=O)[O-])NC(=O)NCCC
dude_grik1__L004414,c1nc(c2c(n1)n(nn2)[C@@H]3C=C([C@H]([C@@H]3O)O)CO)N
dude_grik1__L004415,CC1CCC(CC1)(C(=O)[O-])NC(=O)c2ccc(cc2)CO
dude_grik1__L004416,CC(C)[C@@H](C(=O)[O-])NC(=O)N[C@H]1CCS(=O)(=O)C1
dude_grik1__L004417,c1c(ncc(=O)[nH]1)C(=O)N[C@H](CO)C(=O)[O-]
dude_grik1__L004418,Cc1c(cccc1Cl)NC(=O)CSc2nc([nH]n2)N/N=C/c3cnn(c3)CCOC
dude_grik1__L004419,C[C@@H](c1nc([n-]n1)c2cnccn2)[NH3+]
dude_grik1__L004420,C[C@H]([C@@H](C(=O)[O-])NC(=O)Nc1ccc(cc1)NC(=O)C)O
dude_grik1__L004421,Cc1cc(no1)[N-]S(=O)(=O)c2ccc(cc2)N
dude_grik1__L004422,c1cnccc1c2nc3ncc(c(n3n2)[O-])[N+](=O)[O-]
dude_grik1__L004423,C[C@@H](C(=O)/N=C\1/[C@@H]2C(=NC=N2)N=C[N-]1)OC(=O)c3c4ccccc4nc5c3CCCC5
dude_grik1__L004424,CC(=O)Nc1nc(cs1)/C(=N/S(=O)(=O)N2CCCC2)/[O-]
dude_grik1__L004425,c1cc(c(c(c1[N+](=O)[O-])N[C@@H]2CCS(=O)(=O)C2)F)F
dude_grik1__L004426,CC(C)S(=O)(=O)S(=O)(=O)[N-]c1ccc(cc1N2CCN[C@@H](C2)F)S(=O)(=O)Oc3ccccc3
dude_grik1__L004427,c1c(cncc1NC(=O)[C@@H]2CCCN(C2)C(=O)N)C(=O)[O-]
dude_grik1__L004428,Cc1nc(no1)CC(=O)NCCS(=O)(=O)[N-]c2cccc(c2)NC(=O)C
dude_grik1__L004429,c1ccc(cc1)S(=O)(=O)N2CCC(CC2)C(=O)OCC(=O)NC(=O)NCc3ccco3
dude_grik1__L004430,C[C@@H]1CN(C[C@@H](O1)C)CC[C@@](C)(C(=O)[O-])N
dude_grik1__L004431,C[C@@H]1CN(C[C@H](O1)C)S(=O)(=O)NCc2c[nH]nc2
dude_grik1__L004432,c1cc(c(cc1C(=O)N2CCO[C@H](C2)C(=O)[O-])[N+](=O)[O-])F
dude_grik1__L004433,c1cc(c(cc1[N-]S(=O)(=O)c2ccc(=O)[nH]c2)[N+](=O)[O-])F
dude_grik1__L004434,Cc1ccc(o1)CN([C@@H](c2ccco2)C(=O)NC(C)(C)CC(C)(C)C)C(=O)c3cc(ccc3[O-])[N+](=O)[O-]
dude_grik1__L004435,C1CO[C@@H](CO1)CNC(=O)NC(=O)COCC(=O)[O-]
dude_grik1__L004436,CC(=O)N[C@@H]1[C@H]([C@H]([C@H](OC1=O)CO)O)O
dude_grik1__L004437,C[C@@H]1CCC[C@@](C1)(C(=O)[O-])NC(=O)NC2CCC(CC2)C
dude_grik1__L004438,CCCC(=O)NC1=NC(=O)C2=NCN(C2=N1)[C@@H]3[C@H]([C@@H]4[C@@H](O3)CO[P@@](=O)(O4)[O-])OC(=O)CCC
dude_grik1__L004439,CC1(O[C@H]2[C@@H]([C@H](O[C@@H]2O1)[C@H](COS(=O)(=O)C)O)O)C
dude_grik1__L004440,c1cc(c(nc1)N)S(=O)(=O)[N-]c2ccncc2
dude_grik1__L004441,c1cc(c(nc1)O)S(=O)(=O)[O-]
dude_grik1__L004442,CN(CC(=O)N1CCCC1)C(=O)NCC(=O)NCC(=O)[O-]
dude_grik1__L004443,Cc1ccc(cc1S(=O)(=O)/N=C(/c2cccc(c2)N3CCCS3(=O)=O)\[O-])[N+](=O)[O-]
dude_grik1__L004444,c1cc2c3c(c1)c(=O)c(c(n3CCC2)[O-])[N+](=O)[O-]
dude_grik1__L004445,C[C@@]1(C(=O)N(C(=O)N1)CC(=O)Nc2cc(c(cc2OC)Cl)OC)c3ccc4c(c3)OCCCO4
dude_grik1__L004446,COC(=O)C1=C(N2C(=O)CCSC2=C([C@@H]1c3ccco3)C#N)N
dude_grik1__L004447,Cc1ccc(s1)C(=O)N[C@@H]([C@@H](C)O)C(=O)[O-]
dude_grik1__L004448,C(C1=C(N/C(=C\C(=O)[O-])/[C@H]1C(=O)[O-])C(=O)[O-])C(=O)O
dude_grik1__L004449,CSCC[C@H](C(=O)[O-])NC(=O)c1ccc(cc1)N
dude_grik1__L004450,C[C@@H]1[C@@H]2CCC[NH+]2CCN1Cc3ccc(c(c3)[N+](=O)[O-])[O-]
dude_grik1__L004451,c1csc(c1C(=O)[O-])NC(=O)CCNC(=O)C2CCCC2
dude_grik1__L004452,C1CCC(C1)CCNC(=O)N2C[C@@H](C[C@H]2C(=O)[O-])O
dude_grik1__L004453,C[C@H]1CCC[C@](C1)(C(=O)[O-])NC(=O)Nc2cccnc2
dude_grik1__L004454,c1nc(c(c(n1)[O-])[N+](=O)[O-])N2CCOCC2
dude_grik1__L004455,Cc1ccc(cc1[N-]S(=O)(=O)C)N[C@@H](c2ccccc2)C(=O)NC3CC3
dude_grik1__L004456,CN(CC(=O)[O-])C(=O)N(CC(=O)N)CC(=O)N
dude_grik1__L004457,CCC[C@](C)(C(=O)[O-])NC(=O)N[C@@H]1CCC[C@@H]([C@@H]1C)C
dude_grik1__L004458,c1cc(sc1)/C=C\2/C(=O)N=C(S2)[N-]c3ccc(c(c3)C(=O)[O-])O
dude_grik1__L004459,N[C@@H](C[C@@H](C/C=C/c1ccccc1)C(O)=O)C(O)=O
dude_grik1__L004460,CC1(C)CCC/C1=C(\C[C@H](N)C(O)=O)C(O)=O
dude_grik1__L004461,Cn1c(=O)ccc(n1)C(=O)NNC(=O)C2CCCC2
dude_grik1__L004462,Cc1c(n(c(c1C#N)NC(=O)COC(=O)Cn2c(=O)oc(n2)c3ccc(cc3)F)Cc4ccco4)C
dude_grik1__L004463,C1C(=O)N=C(S1)N[N-]C2=NC(=O)[C@@H](S2)CC(=O)NC(=O)N
dude_grik1__L004464,CC1=NN2[C@H](S1)NC(=CC2=O)CSc3[nH]ncn3
dude_grik1__L004465,c1cc(ccc1C2=NN=C3[C@@H]2C(=CC(=N3)c4ccncc4)C(=O)[O-])[N+](=O)[O-]
dude_grik1__L004466,c1ccc2c(c1)C[C@@H](N(C2)C(=O)Nc3c[nH]nc3)C(=O)[O-]
dude_grik1__L004467,Cc1ccc(cc1)N([C@H](C)C(=O)Nc2ccc(cc2)S(=O)(=O)[N-]c3nc(cc(n3)C)C)S(=O)(=O)C
dude_grik1__L004468,CN1C2=C([C@@H](NC1=O)c3ccc(c(c3)OC)O)C(=O)OC2
dude_grik1__L004469,C[C@@H](CC(=O)[O-])NC(=O)N1CC[C@H](C1)O
dude_grik1__L004470,Cc1cccn2c1nc(c(c2=O)/C=C/3\C(=O)N(C(=S)S3)CCCC(=O)[O-])N4CCC(CC4)C(=O)N
dude_grik1__L004471,C1CN(CCN1)C(=O)CNC(=O)N[C@@H](CCO)C(=O)[O-]
dude_grik1__L004472,Cc1c(sc(n1)Nc2ccc(cc2)S(=O)(=O)/N=C(/C)\[O-])CC(=O)[O-]
dude_grik1__L004473,Cc1ccc(cc1)CSCC(=O)Nc2ccc(cc2)C(=O)NCC(=O)[O-]
dude_grik1__L004474,CC(C)(C)c1c(nnn1c2cc(cc(c2)C(=O)[O-])C(=O)[O-])C=O
dude_grik1__L004475,c1cc(cc(c1)NC(=O)C2CC2)NC(=O)CCCC(=O)[O-]
dude_grik1__L004476,C[C@@H](C(=O)[O-])NC(=O)[C@@H](C(C)C)NC(=O)[C@@H]1[C@@H]2[C@H]([C@@H]3[C@H](O1)OC(O3)(C)C)OC(O2)(C)C
dude_grik1__L004477,C[C@@H](CNC(=O)[C@H]1[N-]C(=NO1)C2=CC=C[C@@H]3C2=CC=N3)O
dude_grik1__L004478,c1ccc(c(c1)/C=C/2\C(=NC(=O)N(C2=O)c3ccc(cc3)[N+](=O)[O-])[O-])OCc4cccc(c4)F
dude_grik1__L004479,COc1cc(ccc1O)[C@H]2C(=C(C(=O)N2c3nnc(s3)SC)[O-])C(=O)c4ccc(cc4)OCC=C
dude_grik1__L004480,c1cc(cc(c1)Br)/C=C/S(=O)(=O)N[C@H]2CCCNC2=O
dude_grik1__L004481,Cc1c2ccccc2nc(n1)/N=C\3/NC[C@@H](C(=N3)[O-])CC(=O)OC
dude_grik1__L004482,Cc1cc(c(c(c1)C)S(=O)(=O)N[C@@H]([C@H](C)O)C(=O)[O-])C
dude_grik1__L004483,Cc1c(c[nH]n1)CNC(=O)N2CSC[C@H]2C(=O)[O-]
dude_grik1__L004484,COCCCN1[C@H](C(=C(C1=O)[O-])C(=O)c2ccc(cc2)S(=O)(=O)N3CCOCC3)c4ccccc4F
dude_grik1__L004485,CO[C@@H]1[C@H]([C@@H]([C@@H]([C@@H](O1)CS(=O)(=O)[O-])O)O)O
dude_grik1__L004486,c1c(nc(s1)NC(=O)CCCC(=O)[O-])CC(=O)[O-]
dude_grik1__L004487,C[C@]1([C@H]2[C@@H]([C@@H]([NH2+]1)c3cc(cc(c3C(=O)OC)OC)OC)C(=NC2=O)[O-])C(=O)[O-]
dude_grik1__L004488,C[C@@H]([C@H](C(=O)[O-])NC(=O)c1cnc2n(c1=O)CCS2)O
dude_grik1__L004489,C[C@H]([C@H](C(=O)[O-])NC(=O)NC[C@@H]1CCC=CC1)O
dude_grik1__L004490,c1c(ncc(=O)[nH]1)C(=O)NCC(=O)N2CCNCC2
dude_grik1__L004491,C[C@H]1CC[C@H](CN1C(=O)CNC(=O)CNC(=O)C)C(=O)N
dude_grik1__L004492,C[C@@H]([C@@H](C(=O)[O-])NC(=O)Nc1ccc(cc1)S(=O)(=O)C)O
dude_grik1__L004493,Cc1ccc2c(c1C)OC[C@@H]([C@@H]2O)N3CCOCC3
dude_grik1__L004494,CC1=C2[C@H](C3=C(COC3=O)N[C@H]2N=N1)c4ccc(c(c4)O)OC
dude_grik1__L004495,Cn1cc(cn1)S(=O)(=O)[N-]c2c(cn(n2)C)S(=O)(=O)N
dude_grik1__L004496,CC(=O)N[C@@H]1[C@H]([C@H]([C@@H](O[C@@H]1O)COS(=O)(=O)[O-])O)O
dude_grik1__L004497,CCCC1CCC(CC1)NC(=O)N[C@H](CCO)C(=O)[O-]
dude_grik1__L004498,c1cc(c(cc1C(=O)[O-])NC(=O)CSc2nnc(o2)[C@H]3CCS(=O)(=O)C3)Cl
dude_grik1__L004499,CC(=O)N[C@@H]1[C@H]([C@@H]2[C@@H](CO[C@H](O2)c3ccccc3)O[C@H]1OC)O
dude_grik1__L004500,CC(C)S(=O)(=O)/N=C(/c1cnn(c1)C)\[O-]
dude_grik1__L004501,CC1([C@H]([C@H](c2ccccc2O1)O)[NH+](CC(=O)[O-])CC(=O)[O-])C
dude_grik1__L004502,Cc1cc(ccc1NC(=O)[C@H]2CCCO2)C(=O)[O-]
dude_grik1__L004503,Cc1ccc(c(c1)O)C(=O)N2C[C@@H](C[C@@H]2C(=O)[O-])O
dude_grik1__L004504,c1cc(c2c(c1NC3(CCCC3)C(=O)[O-])non2)[N+](=O)[O-]
dude_grik1__L004505,c1ccc2c(c1)c3c([nH]2)[C@H]([NH2+][C@@H](C3)C(=O)[O-])C(=O)[O-]
dude_grik1__L004506,Cc1cc(n(n1)c2nnc(n2/N=C(/C(F)(F)F)\[O-])[S-])C
dude_grik1__L004507,[C@@H-]([C@@H](C(C(C(F)(F)F)(F)F)(F)F)[O-])[N+](=O)[O-]
dude_grik1__L004508,C1CC[C@H]([C@@H](CC1)O)[NH+]2CC[C@@H](C2)N3CCOCC3
dude_grik1__L004509,CCn1cc(c(n1)C(=O)NCCOC)NC(=O)[C@H]2[C@H]3CC[C@@H]([C@@H]2C(=O)[O-])O3
dude_grik1__L004510,C[C@@H]([C@@H](C(=O)[O-])NC(=O)N(C)[C@@H]1CCSC1)O
dude_grik1__L004511,C[NH+]1CCC[C@H](C1)NC(=O)N2C[C@@H](C[C@@H]2C(=O)[O-])O
dude_grik1__L004512,C[C@H](C(=O)N[C@@H]1[C@H]([C@@H]([C@H](O[C@@H]1O)CO)O)O)Cl
dude_grik1__L004513,CCOC[C@@H](C)NC(=O)Nc1ccc(cc1F)C(=O)[O-]
dude_grik1__L004514,CC1(O[C@H]2[C@H]([C@@H](CO[C@]2(O1)COS(=O)(=O)[NH-])O)O)C
dude_grik1__L004515,CCOC(=O)C1=C(N2C(=O)[C@@H](SC2=C([C@@H]1c3cc(c(c(c3)OC)OC)OC)C#N)CC(=O)[O-])N
dude_grik1__L004516,Cn1c2c(cn1)c(ncn2)Nc3cccc4c3nccc4
dude_grik1__L004517,C1[C@@H]2C=C[C@H]1[C@@H]([C@@H]2C(=O)N(CC(=O)N)CC(=O)N)C(=O)[O-]
dude_grik1__L004518,CO[C@@H]1[C@H](O[C@@H]([C@@H]1O)n2ccc(=O)[nH]c2=O)CO
dude_grik1__L004519,c1cc2c(cc1S(=O)(=O)N3CCC(CC3)C(=O)Nc4cc(ccc4C(=O)[O-])Cl)OCCCO2
dude_grik1__L004520,C[C@@H]1CCC[C@@](C1)(C(=O)[O-])NC(=O)c2cc(c([nH]2)Cl)Cl
dude_grik1__L004521,C1=C[C@@H]2[C@@H]([C@@H]([C@H]1O2)C(=O)N)C(=O)[O-]
dude_grik1__L004522,C[C@H]1CCC[C@](C1)(C(=O)[O-])NC(=O)NCc2nccs2
dude_grik1__L004523,COc1ccccc1NC2=N[C@H](N3C(=CC(=C)NC3=N2)[O-])c4ccncc4
dude_grik1__L004524,Cn1cc(cc1C(=O)N)S(=O)(=O)N[C@@]2(CCSC2)C(=O)[O-]
dude_grik1__L004525,CC[C@@H](c1nnnn1C[C@H]2CCCO2)N(Cc3ccc4c(c3)OCO4)Cc5cc6ccc(cc6[nH]c5=O)OC
dude_grik1__L004526,Cc1cc(n2c(n1)nc(n2)C(=O)Nc3nc(cs3)c4cc([nH]c4)C(=O)OC)C
dude_grik1__L004527,c1cc(ccc1n2ccc(n2)C(=O)NCCc3n[nH]c(=S)n3C4CC4)[N+](=O)[O-]
dude_grik1__L004528,C[C@H](C(=O)NC)N[C@@](C)(c1ccccc1Br)C(=O)[O-]
dude_grik1__L004529,Cc1cc(cc(c1C)S(=O)(=O)[N-]c2nc(c(s2)C(=O)OC)C)[N+](=O)[O-]
dude_grik1__L004530,Cc1cc(c(o1)C)[C@H](C)NC(=O)NNC(=O)[C@@H]2CCS(=O)(=O)C2
dude_grik1__L004531,CC(C)(C)NC(=O)C(=O)NCCCO
dude_grik1__L004532,c1cc(c(cc1S(=O)(=O)N2CCC(CC2)C(=O)[O-])[N+](=O)[O-])NCC(=O)N
dude_grik1__L004533,C1CCN([C@@H](C1)C(=O)[O-])S(=O)(=O)NC2CCC(CC2)O
dude_grik1__L004534,CC(C)S(=O)(=O)c1ccc(c(c1)N2CC[NH2+][C@H](C2)[O-])NS(=O)(=O)[O-]
dude_grik1__L004535,C[C@@H]1COCCN1C(=O)N[C@H]([C@@H](C)O)C(=O)[O-]
dude_grik1__L004536,CO/N=C(\c1csc(n1)N)/C(=O)N[C@H]2[C@H](N(C2=O)S(=O)(=O)[O-])C#C
dude_grik1__L004537,CC(=O)NCCN1[C@@](N1)(C)CNC(=O)C
dude_grik1__L004538,C[C@@H]([C@@H](C(=O)[O-])NC(=O)c1ccc(cc1)NC(=O)C)O
dude_grik1__L004539,C[C@H](c1ccc(s1)Cl)NC(=O)N[C@H](CCOC)C(=O)[O-]
dude_grik1__L004540,C[C@H](C(=O)[O-])NC(=O)NC[C@H]1COCCO1
dude_grik1__L004541,C[C@@H](CCC[C@H]1[C@@]([C@H](C2=C(O1)[C@@H](N(C2=O)OC)CSC[C@@H](C(=O)[O-])O)O)(C)O)O
dude_grik1__L004542,c1c(c(cc(c1[O-])Br)[N+](=O)[O-])N
dude_grik1__L004543,Cn1cc(cn1)[C@H]([C@H]([C@@H](CO)O)O)O
dude_grik1__L004544,CS(=O)(=O)c1cc(c(c(c1)Cl)[C@@H](CCO)N)[N+](=O)[O-]
dude_grik1__L004545,Cc1cc(c(o1)C)C(=O)NCC(=O)N(C)CC(=O)N
dude_grik1__L004546,c1cnc(nc1)[N-]S(=O)(=O)c2ccc(cc2)NC(=O)CN3C(=O)[C@H]4[C@@H]5C[C@H]([C@H]4C3=O)C=C5
dude_grik1__L004547,c1cc(c(cc1S(=O)(=O)N2CCC(CC2)C(=O)[O-])[N+](=O)[O-])[O-]
dude_grik1__L004548,c1cc2c(cc1n3c(nnc3[S-])c4ccc(nn4)[O-])OCO2
dude_grik1__L004549,c1cc(oc1)CNS(=O)(=O)c2c(=O)[nH]c(=O)[nH]n2
dude_grik1__L004550,CC(=O)NCC[NH2+][C@@](C)(C1CC1)C(=O)[O-]
dude_grik1__L004551,C[C@H]([C@@H](C(=O)[O-])NC(=O)c1c[nH]c(=O)cn1)O
dude_grik1__L004552,C1C[C@H](OC1)CNC(=O)NC(=O)/C=C/C(=O)[O-]
dude_grik1__L004553,C1[C@H](CN([C@@H]1C(=O)[O-])C(=O)CSCC#N)O
dude_grik1__L004554,Cc1cccc(c1)Cn2c-3c(nc(n(c3nc2=S)C)[O-])[O-]
dude_grik1__L004555,CC[C@H]1CCCC[C@@H]1NC(=O)NC(=O)CCCC(=O)[O-]
dude_grik1__L004556,Cc1c2cc(cnc2[nH]n1)C(=O)N[C@H]3CCCc4c3cnn4C
dude_grik1__L004557,C[C@H](CC(=O)[O-])NC(=O)NCC(=O)N1CCNCC1
dude_grik1__L004558,C[C@@H]([C@H](C(=O)[O-])NC(=O)N1CCO[C@@H]2[C@@H]1CCC2)O
dude_grik1__L004559,CCn1cnnc1CNc2c3cn[nH]c3ncn2
dude_grik1__L004560,C[C@H]1C(=O)N(C2=NC(=NC(=O)C2=N1)[NH-])[C@H]3C[C@H]([C@H](O3)CO)O
dude_grik1__L004561,c1nc(nn1C/C(=C(/C#N)\C(=O)NC2CC2)/[O-])[N+](=O)[O-]
dude_grik1__L004562,c1cc([nH]c1C(=O)N2CCN(CC2)S(=O)(=O)N)[N+](=O)[O-]
dude_grik1__L004563,c1c(c[nH]c1C(=O)N[C@@H](CO)C(=O)[O-])[N+](=O)[O-]
dude_grik1__L004564,CC(=O)NCC(=O)NCC(=O)N[C@@H]1CCCNC1=O
dude_grik1__L004565,C1CCC(CC1)(C(=O)[O-])NC(=O)C2=NNC(=O)CC2
dude_grik1__L004566,c1c(cncc1S(=O)(=O)NCC(=O)NCC(=O)[O-])F
dude_grik1__L004567,CC(=O)c1ccc(cc1)NC(=O)N(C)CCc2nc(on2)c3ccc(cc3)C(=O)N4CCOCC4
dude_grik1__L004568,Cn1cc(cn1)S(=O)(=O)N[C@H](CO)C(=O)[O-]
dude_grik1__L004569,C1CN(CCC12OCCO2)C(=O)/C=C/C(=O)[O-]
dude_grik1__L004570,CC(C)C[C@@H](C(=O)[O-])NC(=O)NCC(=O)NC1CCCC1
dude_grik1__L004571,CS(=O)(=O)c1ccc(c(c1)[N+](=O)[O-])NCCNC(=O)c2ccc(cc2)N3CCCS3(=O)=O
dude_grik1__L004572,Cc1cc(c(n1[C@@H]2CCS(=O)(=O)C2)C)C(=O)COC(=O)c3ccc(c(c3)[N+](=O)[O-])NC4CC4
dude_grik1__L004573,COC(=O)c1cc(cc(c1)[N+](=O)[O-])C(=O)OCC(=O)Nc2c(c3c(s2)CCC3)C(=O)N
dude_grik1__L004574,CS(=O)(=O)[N-]c1ccc(cc1C#N)N
dude_grik1__L004575,c1cc2c(cc1S(=O)(=O)Nc3cc(cc(c3)C(=O)[O-])C(=O)[O-])OCCCO2
dude_grik1__L004576,CC(=O)Nc1cccc(c1)NC(=O)[C@@H]2CCCN(C2)C(=O)N(C)C
dude_grik1__L004577,CCn1cc(nc1C)S(=O)(=O)N[C@@H]2CCC[C@H]2C(=S)N
dude_grik1__L004578,C([C@H]1[C@@H]([C@@H]([C@H]([C@@H](O1)O)O)O)OS(=O)(=O)[O-])O
dude_grik1__L004579,Cc1n[n+](c(n1N)C)C/C(=N\O)/C#N
dude_grik1__L004580,C(C(=O)[O-])N1[C@H]2[C@H](NC(=O)N2)NC1=O
dude_grik1__L004581,C[C@](C1CC1)(C(=O)[O-])NC(=O)C2=NNC(=O)CC2
dude_grik1__L004582,C[C@H]([C@H]1CCCO1)NC(=O)N[C@@](C)(C2CC2)C(=O)[O-]
dude_grik1__L004583,CC(C)n1cc(cc1C(=O)N[C@H](CCO)C(=O)[O-])[N+](=O)[O-]
dude_grik1__L004584,Cc1c(c(n[nH]1)C)S(=O)(=O)N[C@@H](CO)C(=O)[O-]
dude_grik1__L004585,Cc1c(cn[nH]1)CCCNC(=O)NC(C)(C)C(=O)[O-]
dude_grik1__L004586,CCn1c2c(c(=O)n3c1c(cn3)C(=O)NCCN4CCOCC4)CN(CC2)Cc5ccc(cc5)OC
dude_grik1__L004587,[C@@H]1(C(=O)NC(=O)N=C1S(=O)(=O)[O-])N
dude_grik1__L004588,CCC[C@H]1C[C@H]([NH+](C1)C)C(=O)N[C@H]([C@H]2[C@H]([C@H]([C@@H]([C@@H](O2)SC)OP(=O)([O-])[O-])O)O)[C@H](C)Cl
dude_grik1__L004589,CN(C)S(=O)(=O)c1cccc(c1)/C(=N/S(=O)(=O)N(C)C)/[O-]
dude_grik1__L004590,CC(C)(C(=O)[O-])Nc1c2c(ccs2)ncn1
dude_grik1__L004591,Cc1c2cc(cnc2[nH]n1)C(=O)Nc3ccc(c(c3)NC(=O)c4ccoc4C)F
dude_grik1__L004592,C[C@]1(CCN(C1)C(=O)c2ccc(cc2O)O)C(=O)[O-]
dude_grik1__L004593,CC(C)[C@@H](C(=O)OC)NC(=O)N1CCO[C@H](C1)C(=O)[O-]
dude_grik1__L004594,C1CCC(CC1)N(CCO)C(=O)N2C[C@@H](C[C@@H]2C(=O)[O-])O
dude_grik1__L004595,C1CS(=O)(=O)C[C@H]1NC(=O)CCC(=O)NCC(=O)[O-]
dude_grik1__L004596,CC[C@H](C)[C@H](C(=O)[O-])NC(=O)c1c(nc(nc1SC)[O-])C
dude_grik1__L004597,c1c(cc(cc1F)F)NC(=O)NC(=O)/C=C/C(=O)[O-]
dude_grik1__L004598,Cc1ccc(cc1)S(=O)(=O)N2CCC[C@H]2C(=O)Nc3nnc(o3)CS(=O)(=O)c4ccccc4
dude_grik1__L004599,c1cc(c(cc1S(=O)(=O)[O-])NCCC#N)O
dude_grik1__L004600,Cc1ccc2cccc(c2n1)O[C@H]3[C@@H]([C@@H]([C@@H]([C@@H](O3)COC(=O)C)OC(=O)C)OC(=O)C)NC(=O)C
dude_grik1__L004601,C[C@H]([C@@H](C(=O)[O-])NC(=O)N(Cc1ccsc1)C2CC2)O
dude_grik1__L004602,c1cc(sc1)[C@@H]2c3c(nc[nH]3)C[C@@H](N2)C(=O)[O-]
dude_grik1__L004603,C1C[NH+](CCC12C(=NC(=O)N2)[O-])CCO
dude_grik1__L004604,Cc1ccc(n1C)C(=O)N[C@@H](CCO)C(=O)[O-]
dude_grik1__L004605,CC(=O)N[C@@H]1[C@@H]([C@@H]([C@@H](O[C@@H]1O)CO)O)OC
dude_grik1__L004606,CC(C)CCOCCNC(=O)N[C@H](CCO)C(=O)[O-]
dude_grik1__L004607,c1cc(ccc1N(CC(=O)[O-])C(=O)N2CCC[C@@H]2CO)O
dude_grik1__L004608,C[C@H]1CC[C@H](CN1C(=O)NC(C)(C)C(=O)[O-])C(=O)N
dude_grik1__L004609,CNS(=O)(=O)c1cc2cccc(c2c(c1)O)S(=O)(=O)[O-]
dude_grik1__L004610,c1cc(c(nc1)Cl)NC(=O)c2ccc(nc2)Cl
dude_grik1__L004611,Cn1cc(cc1C(=O)N2CSC[C@H]2C(=O)[O-])S(=O)(=O)N
dude_grik1__L004612,Cc1c(c(=O)n(c(c1/N=N/c2ccc(cc2)S(=O)(=O)N)[O-])C[C@H](C)O)C#N
dude_grik1__L004613,c1cc2cnccc2c(c1)n3c(=O)[nH]nc3[S-]
dude_grik1__L004614,C[C@H]([C@@H](C(=O)[O-])NS(=O)(=O)c1ccc(cc1)[N+](=O)[O-])O
dude_grik1__L004615,Cn2nnc(c1onc(O)c1C[C@H](N)C(O)=O)n2
dude_grik1__L004616,Cc1c2ccccc2oc1C(=O)N[N-]S(=O)(=O)c3ccc(s3)[N+](=O)[O-]
dude_grik1__L004617,c1cc(c(cc1NC(=S)NCCC(=O)[O-])Cl)F
dude_grik1__L004618,c1c(c(nc(=O)n1[C@H]2C[C@@H]([C@H](O2)CO)O)N)O
dude_grik1__L004619,C[C@H]1CN(CCO1)C(=O)N[C@@H](CO)C(=O)[O-]
dude_grik1__L004620,Cc1n(c2c3c(c(c(c2[n+]1[O-])N=O)[O-])[n+](c(n3O)C)[O-])O
dude_grik1__L004621,c1c2c(c(=O)[nH]c1N)n(cn2)CCOC[P@](=O)(O)[O-]
dude_grik1__L004622,C1CC(=O)NC[C@H]1C(=O)N2CC3C[C@H]4C[C@@H](C3)CC2C4
dude_grik1__L004623,Cc1c2c(ccn1)sc(c2S(=O)(=O)[O-])C
dude_grik1__L004624,c1cc(cc(c1)NC(=O)C[C@]2(CCSC2)C(=O)[O-])CO
dude_grik1__L004625,Cc1cc(ccc1NC(=O)C(=O)N2CCC(CC2)O)Br
dude_grik1__L004626,C1C[C@H](OC1)CNC(=O)N2C[C@@H](C[C@H]2C(=O)[O-])O
dude_grik1__L004627,CC(C)NS(=O)(=O)c1ccc(cc1)N[C@@H](C2CC2)C(=O)[O-]
dude_grik1__L004628,CN(CC(=O)[O-])c1c(cccn1)C(=O)N
dude_grik1__L004629,c1cocc1/C=N\NC(=O)/C(=N/N/C(=N\[N+](=O)[O-])/N)/[O-]
dude_grik1__L004630,CN1CCCC15c2ccccc2c4nc(O)c3nccn3c45
dude_grik1__L004631,CN(CCCC(=O)[O-])C(=O)c1nc([nH]n1)N
dude_grik1__L004632,C[C@H]1C[N-]/C(=N\C(=O)C2=C3C(=NC=NC3=O)O[C@@H]2C)/S1
dude_grik1__L004633,CC(C)(C)CC(=O)NC1(CCC1)c2[nH]cc(n2)C(=O)[O-]
dude_grik1__L004634,c1c(sc(n1)/N=C(/C(=O)N2CCC(CC2)C(=O)N)\[O-])[N+](=O)[O-]
dude_grik1__L004635,Cc1c(c(nn1C)n2cnnc2)[N-]S(=O)(=O)c3ccccc3
dude_grik1__L004636,c1cnccc1C(=O)NN=C(CCC(=O)[O-])CCC(=O)[O-]
dude_grik1__L004637,CS(=O)(=O)N1CCN(CC1)C(=O)N2CSC[C@@H]2C(=O)[O-]
dude_grik1__L004638,CS(=O)(=O)N1CCN(C[C@H]1C(=O)N[C@H]2CCCNC2=O)C(=O)CSCC(=O)[O-]
dude_grik1__L004639,c1cc(cc(c1)I)N[C@H]2CS(=O)(=O)C[C@H]2O
dude_grik1__L004640,C1C[C@@H](N(C1)C(=O)[C@@H]([C@@H]([C@@H]([C@@H](CO)O)O)O)O)C(=O)[O-]
dude_grik1__L004641,CN(CCOC)C(=O)N1C[C@H](C[C@@H]1C(=O)[O-])O
dude_grik1__L004642,CC(=O)Nc1ccc(cc1)S(=O)(=O)[N-]c2nc(cs2)c3cccc(c3)[N+](=O)[O-]
dude_grik1__L004643,C1CN(CCC1C(=O)N)C(=O)[C@H]2[C@H]3C=C[C@@H]([C@@H]2C(=O)[O-])O3
dude_grik1__L004644,CN(C[C@H](COC)O)C(=O)N[C@@H](CC(=O)N)C(=O)[O-]
dude_grik1__L004645,c1nc(nn1CC(=O)N(CCO)[C@@H]2CCS(=O)(=O)C2)N
dude_grik1__L004646,C[C@H]1CCC[C@@](C1)(C(=O)[O-])NC(=O)N(CCCO)C(C)C
dude_grik1__L004647,c1c(c[nH]c1C(=O)NC2(CCCCC2)C(=O)[O-])Cl
dude_grik1__L004648,Cc1ccc(cn1)C(=O)NNC(=O)NC[C@@H]2CCCO2
dude_grik1__L004649,CN(c1c(cc(cn1)Br)N)[C@@H]2CCS(=O)(=O)C2
dude_grik1__L004650,c1cc(ccc1N2[C@H]3CS(=O)(=O)C[C@H]3NC2=O)[N+](=O)[O-]
dude_grik1__L004651,C1CN(CCN1)C(=O)CNC(=O)N2C[C@@H](C[C@@H]2C(=O)[O-])O
dude_grik1__L004652,c1cc(c(cc1C(=O)[O-])[N-]S(=O)(=O)c2c[nH]nc2)F
dude_grik1__L004653,c1c(cc(c2c1OCCO2)Cl)CNC(=O)N[C@@H](CC(=O)N3CCCC3)C(=O)[O-]
dude_grik1__L004654,c1cc(cc(c1)O)[C@H]2c3c(=O)[nH]c(nc3NC4=C2C(=O)CCC4)N5CCOCC5
dude_grik1__L004655,C[C@@H]1c2nnc(n2CC[NH2+]1)c3cc4c(s3)CCC4
dude_grik1__L004656,CCc1cc(ncn1)NCC(=O)NCC(=O)[O-]
dude_grik1__L004657,c1c(c(=O)[nH]c(n1)[O-])S(=O)(=O)N[C@H]2CCCC[C@@H]2N3C(=O)CSC3=O
dude_grik1__L004658,C[C@@H](C(=O)N[C@@H](Cc1cnc[nH]1)C(=O)[O-])n2cccn2
dude_grik1__L004659,c1cc(c(c(c1NC(=O)N2CCC[C@H]2CC(=O)[O-])F)F)F
dude_grik1__L004660,C[C@@]12CC(=O)[C@H]3[C@@H]([C@@H]1CC[C@]2(C(=O)CO)O)CCC4=CC(=O)C=C[C@@]34C
dude_grik1__L004661,CCCn2nnc(c1onc(O)c1CC(N)C(O)=O)n2
dude_grik1__L004662,c1cc(cc(c1)[N+](=O)[O-])n2ccc(n2)C(=O)NCCS(=O)(=O)N
dude_grik1__L004663,C[C@@](C1CC1)(C(=O)[O-])NC(=O)NCCc2cccs2
dude_grik1__L004664,Cc1c[nH]c(=O)n1c2ccc(cc2)C(=O)NNC(=O)c3cn(c4c3cccc4)C
dude_grik1__L004665,CCc1nn2c(=O)cc(nc2s1)Cn3cc(nn3)CO
dude_grik1__L004666,CC(C)[C@@H](C(=O)Nc1ccc(cc1F)C(=O)[O-])NC(=O)C
dude_grik1__L004667,CC(=O)NCC(=O)N1CCN(CC1)CC(=O)[O-]
dude_grik1__L004668,Cc1cccc(c1S(=O)(=O)[N-]c2ccc(c(c2)C(=O)[O-])Cl)[N+](=O)[O-]
dude_grik1__L004669,Cc1ccc(cc1O)C(=O)NC(C)(C)C(=O)[O-]
dude_grik1__L004670,C1CN(CC[NH2+]1)CC(=O)NCC(=O)N
dude_grik1__L004671,c1cc(sc1S(=O)(=O)[N-]c2cc(cnc2)C(=O)[O-])Cl
dude_grik1__L004672,Cc1c(sc(n1)N2[C@H](C(=C(C2=O)[O-])C(=O)c3cccs3)c4cccc(c4)[N+](=O)[O-])C(=O)OC
dude_grik1__L004673,CC(C)(C(=O)[O-])Nc1[nH]c2c(n1)n(c(=O)n(c2=O)C)C
dude_grik1__L004674,Cc1cc(c(c(=O)[nH]1)[C@H](c2ccccc2[N+](=O)[O-])[C@H]3C(=CC(=NC3=O)C)[O-])[O-]
dude_grik1__L004675,c1cc2c(cc1C(=O)NCC(=O)NCC(=O)[O-])OCCO2
dude_grik1__L004676,COCC[C@@H](C(=O)[O-])NC(=O)[C@@H]1CSCN1
dude_grik1__L004677,C[C@@H](c1[n-]nnn1)NC(=O)Nc2cc(ccc2C(=O)[O-])Br
dude_grik1__L004678,c1ccc2c(c1)OC[C@@H](O2)CNS(=O)(=O)c3c[nH]nc3
dude_grik1__L004679,C[C@@H]([C@H]1CCCO1)NC(=O)N2C[C@@H](C[C@H]2C(=O)[O-])O
dude_grik1__L004680,Cc1cc(no1)[N-]S(=O)(=O)c2ccc3c(c2)OCCO3
dude_grik1__L004681,Cc1c(cnn1C)[C@@H](C)NC(=O)N2CCN(CC2)CC(=O)NC3CC3
dude_grik1__L004682,C1CCN(C1)C(=O)N[C@H](CCO)C(=O)[O-]
dude_grik1__L004683,Cc1c(c(n[nH]1)C)C(=O)NC(C)(C)C(=O)[O-]
dude_grik1__L004684,CC(C)(C(=O)[O-])[C@]1(CCS(=O)(=O)C1)O
dude_grik1__L004685,C/C(=N/S(=O)(=O)c1ccc(cc1)NC(=O)[C@@H]2CCCC[C@@H]2C(=O)[O-])/[O-]
dude_grik1__L004686,c1cc2c(cc1[N+](=O)[O-])sc(n2)N3CCC(CC3)OCC(=O)N
dude_grik1__L004687,Cc1cnc(s1)NC(=O)N2CCC[C@H](C2)NS(=O)(=O)C
dude_grik1__L004688,Cc1ccc(cc1NC(=O)C2CCN(CC2)C(=O)c3nnc(s3)C(=O)Nc4ccc5c(c4)OCO5)F
dude_grik1__L004689,c1ccc(c(c1)N)NC(=O)N2C[C@H](C[C@@H]2C(=O)[O-])O
dude_grik1__L004690,Cc1cc(ccc1N2C(=O)[C@H]3[C@@H]4C[C@H]([C@H]3C2=O)C=C4)O
dude_grik1__L004691,Cc1ccnc(n1)[N-]S(=O)(=O)c2ccc(cc2)NC(=O)/C=C/C(=O)[O-]
dude_grik1__L004692,C[C@@]1(CCCN(C1)c2ccc(cn2)C(=O)N)C(=O)[O-]
dude_grik1__L004693,Cc1ccc(c(c1)[N+](=O)[O-])NC(=O)C[C@H]2C(=O)N[C@@H](CS2)C(=O)[O-]
dude_grik1__L004694,C[C@@H]1C(=C2C(=NC(=NC2=O)CS[C@@H](C)C(=O)NNC(=O)c3c(cn(n3)c4ccccc4)[O-])S1)C
dude_grik1__L004695,c1cc2c(c(c1)F)SCC[C@H]2NC(=O)c3ccc4c(c3)nc[nH]4
dude_grik1__L004696,C[C@@H]1COCCN1C(=O)c2cc(c(cc2[N+](=O)[O-])F)N
dude_grik1__L004697,Cc1ccc(cc1/N=N/c2c(c(c(=O)n(c2[O-])CC=C)C#N)C)[N+](=O)[O-]
dude_grik1__L004698,COc1cc(cc(c1O)Br)/C=N/Nc2nc(nc(n2)N3CCOCC3)N4CCOCC4
dude_grik1__L004699,CC(C)(C(=O)[O-])NC(=O)NC12CC3CC(C1)CC(C3)C2
dude_grik1__L004700,CC1(CC2=C([C@H](C(=C(N2c3[nH]ncn3)N)C#N)c4ccc(cc4)OC)C(=O)C1)C
dude_grik1__L004701,CC(=O)Nc1ccc(cc1)C(=O)N[C@@H](CO)C(=O)[O-]
dude_grik1__L004702,COC(=O)NC(=O)c1c2c(sc1NC(=O)c3nc4ccccc4s3)CN(CC2)C(=O)OC
dude_grik1__L004703,c1cn(c(=O)[nH]c1=O)[C@H]2[C@@H]3[C@@H]([C@@H](O2)CO)O[P@@](=O)(O3)[O-]
dude_grik1__L004704,CC(=O)Nc1ccc(cc1)O[C@@H]2[C@@H]([C@@H]([C@@H]([C@@H](O2)C(=O)[O-])O)O)O
dude_grik1__L004705,CCCCC/C=C/C1=C([C@H]([C@H]2[C@@](C1=O)(O2)C/C=C(\C)/C(=O)[O-])O)CO
dude_grik1__L004706,Cc1c2ccccc2oc1C(=O)NNC(=O)C3CCN(CC3)C(=O)NC4CC4
dude_grik1__L004707,c1cnc(c(n1)C(=O)[O-])N2CCS(=O)(=O)CC2
dude_grik1__L004708,Cc1cc2cn(c(=O)nc2o1)[C@H]3C[C@@H]([C@H](O3)CO)O
dude_grik1__L004709,Cc1cc(no1)CNc2ccc3nnnn3n2
dude_grik1__L004710,CSCC[C@H](C(=O)N1CCC[C@@H](C1)CC(=O)[O-])NC(=O)N
dude_grik1__L004711,c1cc(c(cc1C(=O)N2CCC(CC2)NC(=O)c3ccsc3)Cl)O
dude_grik1__L004712,CC1(CC2=C([C@@H](Nc3c(non3)N2)c4ccc(c(c4)O)OC)C(=O)C1)C
dude_grik1__L004713,Cc1c2c([nH]c1C(=O)[O-])C[C@@H](CC2=O)c3ccco3
dude_grik1__L004714,C[C@H](C(=O)NC(=O)NC[C@@H]1CCCO1)N2CCO[C@@H](C2)C(=O)N
dude_grik1__L004715,Cc1ccc(o1)CN([C@H](c2ccc(cc2)[N+](=O)[O-])C(=O)NC(C)(C)C)C(=O)c3cc(ccc3[O-])[N+](=O)[O-]
dude_grik1__L004716,Cc1c2c(n(n1)c3ccc(nn3)[O-])NC(=O)C[C@H]2c4ccc(cc4)C(=O)OC
dude_grik1__L004717,CCC(=O)Nc1ccc(cc1)C(=O)N[C@@H](C)CC(=O)[O-]
dude_grik1__L004718,CN(C)C(=O)Cn1cc(cn1)NC(=O)c2ccc3c(c2)nc(=S)[nH]c3[O-]
dude_grik1__L004719,Cc1ccc(c(c1)NC(=O)C[C@H]2C(=O)N[C@@H](CS2)C(=O)[O-])C
dude_grik1__L004720,C[C@@H](c1nncn1C)NC(=O)N2C[C@@H](C[C@@H]2C(=O)[O-])O
dude_grik1__L004721,C1COCCC1S(=O)(=O)NCCS(=O)(=O)N
dude_grik1__L004722,c1cc2c(cc1N)N(CCS2)S(=O)(=O)c3cc(cnc3)Br
dude_grik1__L004723,CC(=O)c1cc(n(c1)C)C(=O)N[C@H](CCO)C(=O)[O-]
dude_grik1__L004724,C[C@@H](C(=O)NNC(=O)c1cccc(c1)S(=O)(=O)N2CCOCC2)Oc3ccc(cc3)C(=O)C
dude_grik1__L004725,Cc1cc(on1)[N-]S(=O)(=O)c2c(cc(cc2Cl)N)Cl
dude_grik1__L004726,COc1c(c(c(c2c1OCO2)OC)Br)C[C@H]3CC(=NO3)C(=O)NN=Cc4cccnc4
dude_grik1__L004727,Cc1cc(ccc1C(=O)C2=C(C(=O)N([C@@H]2c3ccc(cc3)[N+](=O)[O-])CCOCCO)[O-])OC(C)C
dude_grik1__L004728,Cc1nc([nH]n1)SCC[C@@H](C#N)N
dude_grik1__L004729,C[C@@H](Cn1cccn1)NC(=O)N2C[C@H](C[C@H]2C(=O)[O-])O
dude_grik1__L004730,c1cc(c(cc1N)N)C(=O)N(CCC#N)CCC#N
dude_grik1__L004731,Cc1c(sc(n1)N)C(=O)N2CCN(CC2)C(=O)OC
dude_grik1__L004732,CCC[C@@](C)(C(=O)[O-])NC(=O)[C@@H]1CCCOC1
dude_grik1__L004733,CC[C@]1(CCN(C1)C(=O)N(CCO)CCO)C(=O)[O-]
dude_grik1__L004734,C[C@H]1CCC[C@H](C1)NC(=O)NC2(CCCCC2)C(=O)[O-]
dude_grik1__L004735,c1cc(c(cc1[N+](=O)[O-])S(=O)(=O)[N-]c2cnccn2)NN
dude_grik1__L004736,CN(C)c1ccn(c(=O)n1)[C@H]2C[C@H]([C@H]([C@@H]2O)O)CO
dude_grik1__L004737,CC(C)C[C@H](C(=O)[O-])NC(=O)NCCOCC(F)(F)F
dude_grik1__L004738,CCc1nnc(s1)NC(=O)NCC(=O)N2CCCC2
dude_grik1__L004739,COc1ccc(cc1)n2c(nnc2SCC(=O)Nc3ccc(cc3F)F)Cc4cc(=O)[nH]c(=O)[nH]4
dude_grik1__L004740,c1ccn(c1)[C@H](Cc2cnc[nH]2)C(=O)N3CCN4[C@@H](C3)C=C(N4)C(=O)[O-]
dude_grik1__L004741,C[C@@H]([C@H](C(=O)[O-])NC(=O)N[C@@H](C)C(=O)N(C)C)O
dude_grik1__L004742,C1CCC(C1)N(CC(=O)N)C(=O)C(=O)NN
dude_grik1__L004743,C[C@H]([C@H]([C@@H]1[C@@H]([C@@H]([C@@H]([C@@H](O1)SC)O)O)O)[NH3+])O
dude_grik1__L004744,C[C@H]1CCC[C@H](N1S(=O)(=O)c2ccc(cc2)[N-]S(=O)(=O)c3ccc(cc3)[N+](=O)[O-])C
dude_grik1__L004745,c1c(oc(c(c1=O)[O-])C[NH+]2CCCC[C@@H]2C(=O)[O-])CO
dude_grik1__L004746,Cc1c([nH]c2c1cccc2C(=O)Nc3[n-]ncn3)C
dude_grik1__L004747,COc1ccc(cc1)NC(=O)c2nnc(s2)[C@H]3CCCN(C3)C(=O)Nc4cc(cc(c4)OC)OC
dude_grik1__L004748,C1[C@H](C([C@@H](CC1C(=O)[O-])O)O)O
dude_grik1__L004749,c1cc(sc1)c2cc3c(=O)[nH]nc(n3n2)[S-]
dude_grik1__L004750,COC(=O)[C@]1(N=C2CO[N-]C2=N1)N
dude_grik1__L004751,CCN(CC(=O)[O-])C(=O)N1CCO[C@@H]2[C@H]1CCC2
dude_grik1__L004752,CC1(O[C@@H]2[C@@H](O[C@@H]([C@@H]2O1)n3cnc4c3ncnc4[S-])CO)C
dude_grik1__L004753,C1COCCN1CC[NH2+]CC(=O)N
dude_grik1__L004754,C[C@@H](Cc1ccsc1)NC(=O)NC(=O)CCCC(=O)[O-]
dude_grik1__L004755,C[C@@H]1CCC[C@@](C1)(C(=O)[O-])NC(=O)Nc2ccn(n2)C
dude_grik1__L004756,Cc1ccc(c(c1)[N-]S(=O)(=O)c2ccc(c(c2)C(=O)[O-])Cl)F
dude_grik1__L004757,C[C@@H]1CC[C@H](CN1C(=O)N2CC[C@@](C2)(C)C(=O)[O-])C(=O)N
dude_grik1__L004758,Cc1c2c(c(n(n2)c3ccccc3)n4cccc4)c(=O)n(n1)[C@H](C)C(=O)NCCCN5CCCC5=O
dude_grik1__L004759,CS(=O)(=O)c1ccc(c(c1)[N+](=O)[O-])N2CCN(CC2)S(=O)(=O)c3cc(ccc3F)C(=O)[O-]
dude_grik1__L004760,CC(=O)c1cccc(c1)[N-]S(=O)(=O)c2cccc(c2)S(=O)(=O)N
dude_grik1__L004761,CC(=O)Nc1cccc(c1)C(=O)NC2(CCCC2)C(=O)[O-]
dude_grik1__L004762,Cc1ccc(c(c1)F)NC(=O)N2CC[C@H](C2)C(=O)[O-]
dude_grik1__L004763,C1C[C@H](N(C1)C(=O)/C=C/C(=O)[O-])C(=O)N
dude_grik1__L004764,Cc1cc(ccc1F)[N-]S(=O)(=O)[C@H](C)C(=O)[O-]
dude_grik1__L004765,COC(=O)C1=C(N2C(=O)[C@@H](SC2=C([C@H]1c3ccc(cc3)O)C#N)CC(=O)[O-])N
dude_grik1__L004766,Cc1c(c([nH]n1)[O-])[C@H](c2ccc(o2)c3ccc(cc3[N+](=O)[O-])Cl)C4=C(N=N[C@H]4C)O
dude_grik1__L004767,c1cc(nnc1C(=O)N2CCCC[C@@H]2CC(=O)[O-])[O-]
dude_grik1__L004768,c1cn[nH]c1C(=O)NCC(=O)NCC(=O)[O-]
dude_grik1__L004769,[H]/N=C\1/N=C2C(=NCN2[C@H]3[C@@H]([C@@H]([C@@H](O3)CO)O)O)C(=N1)[O-]
dude_grik1__L004770,c1cc(sc1)[C@@H](CC(=O)[O-])NS(=O)(=O)CC(=O)[O-]
dude_grik1__L004771,Cc1[nH]nc(n1)SCC(=O)[O-]
dude_grik1__L004772,C(CN1[C@@H]2[C@H](NC(=O)N2)NC1=O)C(=O)[O-]
dude_grik1__L004773,CN1C(=O)CCC(=N1)C(=O)NNC(=O)c2cc3c(s2)CCCC3
dude_grik1__L004774,c1csc(n1)CNC(=O)N[C@@H](CO)C(=O)[O-]
dude_grik1__L004775,[H]/N=C\1/N=C2[C@H]([C@@H](C3=C(CCCC3=N2)[O-])c4ccc(c(c4)OC)OC)C(=N1)[O-]
dude_grik1__L004776,C1CS(=O)(=O)C[C@H]1NC(=O)NCC(=O)NCC(=O)[O-]
dude_grik1__L004777,CC(C)c1csc(n1)C(=O)N[C@@H]2C[C@H]3C(=O)NCC(=O)N3C2
dude_grik1__L004778,CC(=O)NCCNC(=O)N1C[C@H](C[C@H]1C(=O)[O-])O
dude_grik1__L004779,CCCOc1ccc(cc1)[C@H]2[C@H]3[C@@H](C(=O)N(C3=O)CCC=C)[C@@]([NH2+]2)(CC(=O)[O-])C(=O)[O-]
dude_grik1__L004780,Cc1c(=O)nc([nH]n1)N/N=C(/C)\C(=O)[O-]
dude_grik1__L004781,CC(C)(C(=O)[O-])NC(=O)N[C@@H]1CCC[C@H]1OC
dude_grik1__L004782,C1C[C@H](N(C1)C(=O)c2nc([nH]n2)N)CC(=O)[O-]
dude_grik1__L004783,Cc1ccc(c(c1)O)C(=O)N2C[C@@H](C[C@H]2C(=O)[O-])O
dude_grik1__L004784,c1cc(ccc1[C@H]2C(=C(C(=O)N2)[O-])C(=O)c3ccc4c(c3)OCCO4)[N+](=O)[O-]
dude_grik1__L004785,CC[C@H]1CC(=O)N2C[C@H]([C@@H]([C@@H]2[C@@H]1O)O)O
dude_grik1__L004786,CC(=O)Nc1ccc(cc1)O[C@H]2[C@@H]([C@H]([C@@H]([C@@H](O2)C(=O)[O-])O)O)O
dude_grik1__L004787,CN([C@H]1CCS(=O)(=O)C1)S(=O)(=O)N2CCC(CC2)C(=O)[O-]
dude_grik1__L004788,C[C@](C1CC1)(C(=O)[O-])NC(=O)NCCS(=O)(=O)C
dude_grik1__L004789,Cn1cc(cn1)CN(C)C(=O)N[C@H](CO)C(=O)[O-]
dude_grik1__L004790,c1cc(cc(c1)[N+](=O)[O-])C(=O)N2CCC[C@@H](C2)C(=O)NN
dude_grik1__L004791,Cc1cccc(c1)[C@H]2CC(=O)C(=C(S2)SCC#C)[C@H](CC(=O)[O-])N
dude_grik1__L004792,Cc1cc(c(c(c1)C)C(=O)N[C@@H]([C@H](C)O)C(=O)[O-])C
dude_grik1__L004793,C[C@H]1CCCCN1S(=O)(=O)[N-]c2cnn(c2)CC(=O)OC
dude_grik1__L004794,C[C@@H](C(=O)[O-])S(=O)(=O)[N-]c1cccnc1n2cncn2
dude_grik1__L004795,Cc1cc(cc(c1C)S(=O)(=O)C[C@@H](C)C(=O)N)C(=O)[O-]
dude_grik1__L004796,C1CO[C@H](CO1)CNC(=O)N[C@@H](CCO)C(=O)[O-]
dude_grik1__L004797,CC(C)Oc1ccc(cc1[N-]S(=O)(=O)c2cc([nH]c2)C(=O)[O-])F
dude_grik1__L004798,c1cc(ccc1c2cc3c(nncn3n2)[O-])Br
dude_grik1__L004799,C1[C@H]2C[C@H]([C@@H]1C=C2)C(=O)N[C@@H](CCO)C(=O)[O-]
dude_grik1__L004800,Cc1ccc(cc1)N2C(=O)[C@H]3C(=NC2=O)C(=CN3C)C(=O)Nc4cc(ccc4OC)NC(=O)C
dude_grik1__L004801,CC[C@@H](c1cccs1)NC(=O)NCC(=O)NCC(=O)[O-]
dude_grik1__L004802,CCOc1ccc2c(c1)cc(c(=O)[nH]2)CN(CCCO)[C@@H](C)c3nnnn3Cc4ccco4
dude_grik1__L004803,CC(=O)[C@]1(CC[C@@H]2[C@@]1(CC(=O)[C@@H]3[C@@H]2CC=C4[C@@]3(CC[C@@H](C4)O)C)C)O
dude_grik1__L004804,c1cc2c(cc1C(=O)CSC3=C(C4=NC(=O)C=C([C@H]4S3)[O-])C(=O)N)OCCO2
dude_grik1__L004805,C[C@@H]([C@H](C(=O)[O-])NC(=O)c1csc(n1)c2cccs2)O
dude_grik1__L004806,C1CS(=O)(=O)C[C@H]1SCC(=O)N[C@@H](CCO)C(=O)[O-]
dude_grik1__L004807,C[C@H]([C@@H](C(=O)[O-])NS(=O)(=O)c1cccc(c1)[N+](=O)[O-])O
dude_grik1__L004808,CSCC[C@H](C(=O)[O-])NC(=O)Nc1cc(cc(c1)Cl)Cl
dude_grik1__L004809,CCC1CCC(CC1)(C(=O)[O-])NC(=O)N[C@@H](C)[C@H](C)CC
dude_grik1__L004810,c1cc(cc(c1)S(=O)(=O)N2CCOCC2)C(=O)NNC(=O)CCc3ccc4c(c3)OCO4
dude_grik1__L004811,C(CO)N(CCO)C(=O)C[NH3+]
dude_grik1__L004812,CC(C)(C(=O)O[C@H]1[C@@H]([C@H]([C@H]([C@@H](O1)C(=O)[O-])O)O)O)Oc2ccc(cc2)C(=O)c3ccc(cc3)Cl
dude_grik1__L004813,c1ccc2c(c1)c(c[nH]2)C(=O)N3C[C@H](C[C@H]3C(=O)[O-])O
dude_grik1__L004814,c1c(cc(c(c1F)F)F)NC(=O)NCCCC(=O)[O-]
dude_grik1__L004815,Cc1cc(nc(n1)N/C(=N/C(=O)CSc2nnnn2C)/NCCc3c[nH]c4c3cc(cc4)OC)C
dude_grik1__L004816,c1cc(cc(c1)F)CCN[C@@H](c2ccsc2)[P@@](=O)(O)[O-]
dude_grik1__L004817,Cc1cc(cc(c1Cl)C)OCC(=O)N/N=C/c2cc(cc(c2[O-])[N+](=O)[O-])[N+](=O)[O-]
dude_grik1__L004818,Cc1c2c(c(nn1)[O-])/C(=N/C(=O)CSC3=NN[C@@H](N3CC=C)C)/O[C@H]2C
dude_grik1__L004819,C1C[C@@H](CN(C1)S(=O)(=O)N(CCO)CCO)C(=O)[O-]
dude_grik1__L004820,Cc1ccc(cc1)S(=O)(=O)N/N=C(\NC(=O)c2ccc(cc2)[N+](=O)[O-])/[S-]
dude_grik1__L004821,COc1ccc2c(c1)c3c([nH]2)c(n(c(=S)n3)CCCCC(=O)N4CCC(CC4)N5CCCCC5)[O-]
dude_grik1__L004822,C1COCCC1C(=O)N2C[C@H](C[C@H]2C(=O)[O-])O
dude_grik1__L004823,Cc1c(nc(nn1)NNC(=O)C2CCN(CC2)S(=O)(=O)c3ccccc3C#N)[O-]
dude_grik1__L004824,c1cc(cc(c1)N)C(=O)N2CCC[C@@H]2C(=O)[O-]
dude_grik1__L004825,c1cc(ccc1c2nnc(o2)/N=C(/C(F)(F)F)\[O-])[N+](=O)[O-]
dude_grik1__L004826,C=CCNC(=O)c1ccccc1NC(=O)CC2(CCCCC2)C(=O)[O-]
dude_grik1__L004827,c1cc(c(cc1C(=O)[O-])S(=O)(=O)NCCCC(=O)N)F
dude_grik1__L004828,CO[C@@H]1CCC[C@H]1NC(=O)N[C@@H](CCSC)C(=O)[O-]
dude_grik1__L004829,CS(=O)(=O)c1ccc(c(c1COCC(F)(F)F)Cl)C(=C2C(=O)[C@H](C[C@@H](C2=O)O)O)[O-]
dude_grik1__L004830,Cc1c2c(=O)[nH]c(nc2sc1C(=O)[O-])CSC3=N[C@@H]4[C@H](C(=C(S4)C)C)C(=O)N3CCOC
dude_grik1__L004831,Cc1cc(ccc1N2C(=O)[C@@H]3CCCC[C@H]3C2=O)O
dude_grik1__L004832,CCOC(=O)[C@@H]1CCCN(C1)C(=O)C(=O)Nc2c3c(nn2c4ccc(cc4)Cl)CS(=O)(=O)C3
dude_grik1__L004833,Cc1ccc(cc1[N+](=O)[O-])S(=O)(=O)[N-]c2ccccc2n3c(c(cn3)C#N)N
dude_grik1__L004834,c1ccn2c(c1)nn(c2=O)CC(=O)N[C@@H](CCO)C(=O)[O-]
dude_grik1__L004835,CC1CCC(CC1)CNS(=O)(=O)c2cc([nH]c2)C(=O)[O-]
dude_grik1__L004836,C1COCCN1[C@@H]2N=C3C(=NC(=NC3=O)[NH-])N2COCCO
dude_grik1__L004837,C1CN(CCN1)C(=O)CNC(=O)NCCCC(=O)[O-]
dude_grik1__L004838,[H]/N=C(/N)\N=C(\N[N+](=O)[O-])/[O-]
dude_grik1__L004839,c1cc(ncc1CS(=O)(=O)/N=C(/[C@H]2C[C@@H]2[N+](=O)[O-])\[O-])Cl
dude_grik1__L004840,CS(=O)(=O)[C@H]1NN[C@H](O1)CNS(=O)(=O)c2ccc3c(c2)oc(n3)[O-]
dude_grik1__L004841,C[C@@H]1[C@H]([C@@H]([C@@H]([C@@H](O1)O)O)O)OS(=O)(=O)C
dude_grik1__L004842,Cn1cc(cn1)[C@@H]2C[C@@H]2C(=O)NNC(=O)c3c(cn(n3)c4ccccc4)[O-]
dude_grik1__L004843,C[C@]1(CCS(=O)(=O)C1)NC(=O)N[C@H](CO)C(=O)[O-]
dude_grik1__L004844,C[C@@H]1CCC[C@@H](C1)NC(=O)N[C@@](C)(C2CC2)C(=O)[O-]
dude_grik1__L004845,CCCNC(=O)[C@H](C)N[C@](C)(c1ccncc1)C(=O)[O-]
dude_grik1__L004846,C[C@@H](C(=O)NC)NC(=O)N1C[C@@H](C[C@@H]1C(=O)[O-])O
dude_grik1__L004847,CS(=O)(=O)CCn1cnc(n1)/C(=N/O)/N
dude_grik1__L004848,Cc1c(nn(c(=O)c1C(=O)N[C@@H]([C@@H](C)O)C(=O)[O-])C)C
dude_grik1__L004849,Cc1ccccc1[C@@H]2C(=C(N(C3=C2C(=O)CC(C3)(C)C)N(C)C)N)C#N
dude_grik1__L004850,CSc1c2c(ncn1)nn(n2)[C@H]3[C@H]([C@@H]([C@@H](O3)CO)O)O
dude_grik1__L004851,C1COC[C@@H]1N2[C@@H]3C(=CN2)C(=NC(=O)N3)[O-]
dude_grik1__L004852,CC(=O)OCc1nc2c(c(c3c(c2n1[O-])nc(n3[O-])COC(=O)C)[O-])N=O
dude_grik1__L004853,COCC1=C(N2[C@@H]([C@H](C2=O)NC(=O)/C(=N\OC)/c3cnc(s3)N)SC1)C(=O)[O-]
dude_grik1__L004854,C(=C/S(=O)(=O)[O-])\C(=O)[O-]
dude_grik1__L004855,CC(C)c1csc(n1)NC(=O)N[C@H](CCSC)C(=O)[O-]
dude_grik1__L004856,c1cc(=O)[nH]cc1S(=O)(=O)[O-]
dude_grik1__L004857,Cc1cc(nc(n1)[N-]S(=O)(=O)c2ccc(cc2)NC(=O)C(C)(C)Oc3ccc(cc3)Br)C
dude_grik1__L004858,C[C@H]1CCC[C@@](C1)(C(=O)[O-])NC(=O)NCc2nncn2C
dude_grik1__L004859,c1cc(ccc1OCC(=O)[O-])S(=O)(=O)[N-]c2ccon2
dude_grik1__L004860,CC(=O)Nc1ccc(cc1)S(=O)(=O)NNC(=O)[C@@H]2CCS(=O)(=O)C2
dude_grik1__L004861,CC[C@@H](C(=O)[O-])NC(=O)c1c(c(sc1NC(=O)C)C)C
dude_grik1__L004862,CN(Cc1ccccc1)Cc4ccn(c3cc2n(CCC(O)=O)c(=O)c(=O)[nH]c2cc3N(=O)=O)c4
dude_grik1__L004863,C1CO[C@@H](CN1CC(=O)NCC#N)C(=O)N
dude_grik1__L004864,CN(CC(=O)[O-])C(=O)CCSCC(=O)N
dude_grik1__L004865,C1CCc2c(c3c(nc(nc3s2)C4CC4)N5CC[NH2+]CC5)C1
dude_grik1__L004866,CNC(=O)c1ccc(cc1)S(=O)(=O)N2C[C@H](C[C@H]2C(=O)[O-])O
dude_grik1__L004867,C[C@@H]1CCC[C@@](C1)(C(=O)[O-])NC(=O)NCC(F)(F)F
dude_grik1__L004868,c1c(nc2cnc(nc2n1)N)CO
dude_grik1__L004869,C[C@H]1C[C@@H]1C(=O)NCCC(=O)N[C@@](C)(C2CC2)C(=O)[O-]
dude_grik1__L004870,CCCNC(=O)[C@@]12C(=NN=C[N-]1)N(C(=O)N2C)C
dude_grik1__L004871,Cn1cc(cc1C(=O)[O-])S(=O)(=O)NCCCO
dude_grik1__L004872,C[C@@H]1CCC[C@@H]([C@@H]1C)NC(=O)N[C@@H](CCOC)C(=O)[O-]
dude_grik1__L004873,c1cc(ncc1C(=O)NC2(CCCC2)CO)n3cncn3
dude_grik1__L004874,c1c(cncc1S(=O)(=O)N(CCO)CCO)/C=C/C(=O)[O-]
dude_grik1__L004875,C[C@@H](CNC(=O)/C(=N/c1nnc(s1)CC(C)C)/[O-])O
dude_grik1__L004876,C[C@H]([C@H](C(=O)[O-])NS(=O)(=O)c1cc(cnc1)N)O
dude_grik1__L004877,Cc1cc(ncn1)N2C[C@H](C[C@@H]2C(=O)[O-])O
dude_grik1__L004878,CN(CC(=O)N)C(=O)CNC(=O)c1ccoc1
dude_grik1__L004879,CCN(C[C@H](C)C(=S)N)S(=O)(=O)c1c[nH]nc1
dude_grik1__L004880,C[C@H](C(=O)Nc1ccccc1C#N)OC(=O)[C@H]2CCCN2S(=O)(=O)c3ccc4c(c3)OCCO4
dude_grik1__L004881,c1ccc(cc1)[C@@H]2CC(=O)N=C3N2[N-]C(=N3)N4C(=O)CCC4=O
dude_grik1__L004882,C/C(=N/S(=O)(=O)c1ccc(cc1)/N=C/c2cc(ccc2[O-])[N+](=O)[O-])/[O-]
dude_grik1__L004883,CCc1nnc(s1)[N-]S(=O)(=O)N
dude_grik1__L004884,CC(=O)N1CCC(CC1)NC(=O)Nc2nnc(s2)C3CC3
dude_grik1__L004885,c1ccc(c(c1)C(=O)Nc2cccc(c2)C#N)[N-]S(=O)(=O)c3cccc(c3)[N+](=O)[O-]
dude_grik1__L004886,COC(=O)N1CCC(CC1)NC(=O)N2CCC[C@H](C2)O
dude_grik1__L004887,CO/C(=N/c1nc([nH]n1)C(=O)[O-])/[O-]
dude_grik1__L004888,C[C@@](C1CC1)(C(=O)[O-])NS(=O)(=O)c2c[nH]c3c2cccn3
dude_grik1__L004889,CCCc1ccc(c(c1)N2CCN[C@@H](C2)Cl)NS(=O)(=O)[O-]
dude_grik1__L004890,CCc1nnc(s1)[N-]S(=O)(=O)c2ccc(cc2)NC(=S)NC(=O)c3cccnc3
dude_grik1__L004891,COC(=O)N1CCC[C@@H](C1)Nc2ccc(c(n2)C#N)Cl
dude_grik1__L004892,CCc1nc([n-]n1)S(=O)(=O)N
dude_grik1__L004893,CC(=O)Nc1ccc(cc1)S(=O)(=O)[N-]c2nc(cs2)CC(=O)NCCN3CCOCC3
dude_grik1__L004894,CC1=NN=C(C1)SCC2=C(N3[C@@H]([C@H](C3=O)NC(=O)Cn4cnnn4)SC2)C(=O)[O-]
dude_grik1__L004895,CSCC[C@H](C(=O)[O-])NS(=O)(=O)c1ccc(cc1)C(=O)[O-]
dude_grik1__L004896,OC(=O)[C@@H]3C[C@H]2C[C@@H](Cn1cnc(C(O)=O)c1)CC[C@H]2CN3
dude_grik1__L004897,c1cnc(c(n1)C(=O)[O-])[N-]S(=O)(=O)C2CCCCC2
dude_grik1__L004898,Cc1ccc(cc1S(=O)(=O)N2CCc3c2ccc(c3)S(=O)(=O)N)C(=O)[O-]
dude_grik1__L004899,c1cc(sc1C(=O)N[C@H](CCO)C(=O)[O-])[N+](=O)[O-]
dude_grik1__L004900,c1cc2c(cc1S(=O)(=O)N[C@H]3CCS(=O)(=O)C3)oc(n2)[O-]
dude_grik1__L004901,c1cc(c(nc1)NC(=O)CNC(=O)Cn2cncn2)[O-]
dude_grik1__L004902,C1CC1[C@H](C(=O)[O-])NC(=O)[C@H]2CSC(=O)N2
dude_grik1__L004903,CC(C)CN(CC(=O)N)C(=O)N[C@](C)(C1CC1)C(=O)[O-]
dude_grik1__L004904,CN(C)C(=O)N1CCN(CC1)S(=O)(=O)c2cc(cs2)N
dude_grik1__L004905,COCC1=C2[C@H](C(=C(O[C@@H]2N=N1)N)C#N)c3cccnc3
dude_grik1__L004906,C1C[C@@H](C[C@H](C1)O)NS(=O)(=O)CC(=O)[O-]
dude_grik1__L004907,c1ccc(c(c1)NC(=O)CCSc2nc([nH]n2)N/N=C/c3cc(ccc3[O-])[N+](=O)[O-])Br
dude_grik1__L004908,C[C@@H]1CN(C[C@H](O1)C)c2c3cnn(c3ncn2)CCNC(=O)c4ccc(cc4)S(=O)(=O)N(C)C
dude_grik1__L004909,C1CC1CN2C[C@@H](CC2=O)C(=O)N[C@@H](CC(=O)N)C(=O)[O-]
dude_grik1__L004910,[C@@H]1([C@](C(=NC(=O)N1)[O-])([N+](=O)[O-])Br)O
dude_grik1__L004911,CS(=O)(=O)O[C@H]1[C@H]([C@H](O[C@H]([C@@H]1O)O)CO)O
dude_grik1__L004912,c1cc(c(c(c1NC(=O)NC(=O)CCCC(=O)[O-])F)F)F
dude_grik1__L004913,CC(C)N(CC(=O)N)C(=O)N1C[C@@H](C[C@H]1C(=O)[O-])OC
dude_grik1__L004914,Cc1c(c(n[nH]1)C)NC(=O)CN2CCN(CC2)C(=O)N(C)C
dude_grik1__L004915,CC[C@@H](C)NC(=O)N1C[C@@H](C[C@H]1C(=O)[O-])O
dude_grik1__L004916,Cc1cc(ccc1[N-]S(=O)(=O)N2CCOCC2)S(=O)(=O)N
dude_grik1__L004917,CC(=O)c1cc(n(c1)C)C(=O)N[C@H](Cc2ccc(cc2)O)C(=O)[O-]
dude_grik1__L004918,C[C@H]1CCc2c(c(c3cc(ccc3n2)S(=O)(=O)N4CCC(CC4)C(=O)NCc5cccs5)C(=O)[O-])C1
dude_grik1__L004919,c1cc(cnc1)S(=O)(=O)[N-]c2cc(ccc2Cl)N
dude_grik1__L004920,C[C@H](C(=O)N(C)C)NC(=O)N1C[C@H](C[C@H]1C(=O)[O-])O
dude_grik1__L004921,C1C(=C[C@@]2(C[C@]1(CN(C2)CC(=O)[O-])[N+](=O)[O-])[N+](=O)[O-])C(=O)N
dude_grik1__L004922,CC(=O)NCCNC(=O)/C(=N/c1nncs1)/[O-]
dude_grik1__L004923,c1cc(cnc1)[N-]S(=O)(=O)c2cc(ccc2Cl)N
dude_grik1__L004924,CC(=O)NCCNC(=O)C(=O)NCC#N
dude_grik1__L004925,CCOC(=O)N1CCC(CC1)NC(=O)N[C@H](CO)C(=O)[O-]
dude_grik1__L004926,C[C@@H](C(=S)N)NS(=O)(=O)CCS(=O)(=O)C
dude_grik1__L004927,Cc1ccc(c(c1)C)/C(=N/S(=O)(=O)N2CCCCC2)/[O-]
dude_grik1__L004928,c1cc(cc(c1)S(=O)(=O)NC2(CCCCC2)C(=O)[O-])C(=O)[O-]
dude_grik1__L004929,CC1CCC(CC1)(C(=O)[O-])NC(=O)NC2CCC2
dude_grik1__L004930,COc1cc(cc(c1OC)OC)[C@H]2[C@H]3[C@@H](C(=NC3=O)[O-])ON2CC(=O)N
dude_grik1__L004931,CC1=C[C@@H](N=N1)C(=O)N/N=C/c2cc(cc(c2[O-])[N+](=O)[O-])Cl
dude_grik1__L004932,C1CC1N(CCO)C(=O)C2(CCOCC2)C(=S)N
dude_grik1__L004933,CC(C)Nc1nnc(s1)SCC(=O)N2CCN(CC2)S(=O)(=O)c3ccc4c(c3)OCCO4
dude_grik1__L004934,C[C@H]([C@@H](C(=O)[O-])NS(=O)(=O)N(C)C(C)C)O
dude_grik1__L004935,Cc1cc(n(n1)C)[N-]S(=O)(=O)c2ccc3c(c2)oc(=O)n3C
dude_grik1__L004936,CC1(C[C@H]1NC(=O)NC(C)(C)C(=O)[O-])C
dude_grik1__L004937,Cn1cc[nH+]c1CCNC(=O)C(=O)NCC#N
dude_grik1__L004938,C[C@H](C(=O)N[C@@]1(CCSC1)C(=O)[O-])NC(=O)c2ccco2
dude_grik1__L004939,C[C@@H]1CCCCN1C(=O)c2cc(cc3c2nc[nH]3)F
dude_grik1__L004940,Cc1c(c(nc(n1)C)S[C@@H]2CCC[C@@H]2O)C(=O)[O-]
dude_grik1__L004941,N[C@@H](C[C@@H](C\C=C\Cl)C(O)=O)C(O)=O
dude_grik1__L004942,Cc1c(sc(n1)C)C(=O)NNC(=O)C(=O)NC(C)C
dude_grik1__L004943,Cn1c(c(c(=O)n(c1=O)C)[C@H](c2[nH]c3ccccc3n2)[C@@H]4[C@@H](N(C(=O)N(C4=O)C)C)O)[O-]
dude_grik1__L004944,C1[C@H](NC(=O)S1)C(=O)NCC(=O)NCC(=O)[O-]
dude_grik1__L004945,Cc1ccc(c[n+]1/C(=C(/NC2CC2)\[S-])/C(=O)c3ccc(cc3OC)OC)[O-]
dude_grik1__L004946,Cc1ccc(c(c1)C)SCC(=O)Nc2ccc(cc2)C(=O)NCC(=O)[O-]
dude_grik1__L004947,Cc1c(sc2c1c(nc(n2)/C(=C/c3ccc(c(c3)[N+](=O)[O-])Sc4nncn4C)/C#N)[O-])C
dude_grik1__L004948,C[C@H](C(=O)N1CCC[C@@H](C1)CNS(=O)(=O)N)n2cncn2
dude_grik1__L004949,COC(=O)C1CCN(CC1)S(=O)(=O)N2CC[C@@H](C2)C(=O)[O-]
dude_grik1__L004950,COc1cc(cc(c1[O-])/C=C\2/C(=O)NN(C2=O)c3ccc(cc3)Br)[N+](=O)[O-]
dude_grik1__L004951,CC(=O)N1CCOc2c1cc(cc2)[N-]S(=O)(=O)C
dude_grik1__L004952,C1CC(=O)N[C@H]1C(=O)OC[C@H]2[C@@H]([C@@H]([C@@H]([C@@H](O2)O)O)O)O
dude_grik1__L004953,Cc1cc(nc(n1)[N-]S(=O)(=O)CC(=O)[O-])C
dude_grik1__L004954,CN(C1CCCCC1)S(=O)(=O)N2CCN(CC2)C(=O)CNC(=O)c3cc(on3)c4ccccc4
dude_grik1__L004955,Cc1ccc(cc1)NC(=O)C2CCN(CC2)C(=O)c3nnc(s3)C(=O)Nc4ccc5c(c4)OCO5
dude_grik1__L004956,[H]/N=C(\CC1CC(=O)NC(=O)C1)/C2=C([C@@H](C[C@H](C2=O)C)C)[O-]
dude_grik1__L004957,COc1ccc(cc1Cl)N2C(=O)/C(=C\c3ccc(o3)c4ccc(cc4)[N+](=O)[O-])/C(=O)N=C2[O-]
dude_grik1__L004958,C[C@H]1Cc2cc(ccc2O1)C(=O)C3=C(C(=O)N([C@@H]3c4ccc(cc4)[N+](=O)[O-])Cc5ccco5)[O-]
dude_grik1__L004959,CCS(=O)(=O)N1CCC[C@H](C1)C(=O)NN
dude_grik1__L004960,C1CN2[C@H]([C@@]34C=C[C@@H](O3)[C@@H]([C@@H]4C2=O)C(=O)[O-])OC1
dude_grik1__L004961,CC1(CCCCC1)NC(=O)NC(=O)CCCC(=O)[O-]
dude_grik1__L004962,Cc1c(sc2c1c(nc(n2)C)N[C@@H](CC(=O)[O-])C(=O)[O-])C
dude_grik1__L004963,CN(CC(=O)N1CCCC1)C(=O)c2ccc(nn2)[O-]
dude_grik1__L004964,Cc1c(sc(n1)CNc2cccc(c2)NC(=O)C)C(=O)[O-]
dude_grik1__L004965,c1cn(c(=O)[nH]c1=O)[C@H]2[C@H]([C@H]([C@H](O2)CO)O)F
dude_grik1__L004966,CN1[C@@H](NN[C@@H]1SC/C(=N/c2[nH]ncn2)/[O-])c3ccncc3
dude_grik1__L004967,Cc1c(c([nH]c(=O)c1C#N)C)CC/C(=N/c2[nH]ncn2)/[O-]
dude_grik1__L004968,C[C@H]1CCCCN1C(=O)CCCC(=O)NN
dude_grik1__L004969,CO[C@@H]1C[C@@H](N(C1)C(=O)Nc2c[nH]nc2)C(=O)[O-]
dude_grik1__L004970,c1c(cn[nH]1)NC(=O)N[C@H](CCO)C(=O)[O-]
dude_grik1__L004971,Cc1nnc(o1)[C@H](C)Sc2nnc(n2N)CNc3ccc(cc3)OC
dude_grik1__L004972,CC#CC[C@H](C[C@H](N)C(O)=O)C(O)=O
dude_grik1__L004973,c1cc(ccc1CCC(=O)[O-])S(=O)(=O)N2CCC(CC2)C(=O)[O-]
dude_grik1__L004974,COCC[C@@H](C(=O)[O-])NC(=O)NCc1nccs1
dude_grik1__L004975,CC[C@@H](C)n1c(c(c(c(c1=O)C#N)C)/N=N/c2ccc(cc2)[N+](=O)[O-])[O-]
dude_grik1__L004976,C[C@@](C1CC1)(C(=O)[O-])NC(=O)c2ccc[nH]c2=O
dude_grik1__L004977,C[C@@]1(C[C@H]([C@@H]([C@@H](O1)[C@@H](CO)O)O)O)O
dude_grik1__L004978,C[C@H]1CC[C@H](CN1C(=O)C2=NN(C(=O)CC2)C)C(=O)N
dude_grik1__L004979,C[C@H](C(=O)NC(=O)NC)N1CCN(CC1)C(=O)C2CCCCC2
dude_grik1__L004980,C[C@@H](C(=O)[O-])NC(=O)c1ccc(c(c1)[N+](=O)[O-])NCC(C)(C)N2CCOCC2
dude_grik1__L004981,CS[P@]1(=O)NN2C[C@@H]3C=C(C(=C[C@@H]3C[C@@H]2CO1)F)Cl
dude_grik1__L004982,CCOC(=O)N1CCc2c(sc(c2C(=O)OC)NC(=O)C3CCN(CC3)S(=O)(=O)C)C1
dude_grik1__L004983,Cc1c(c([nH]n1)n2cnnc2)[N-]S(=O)(=O)c3cccs3
dude_grik1__L004984,COCCn1cc(cn1)/C=N/Nc2[nH]nc(n2)SCC(=O)NCc3ccccc3Cl
dude_grik1__L004985,CNc1ccc(cc1[N+](=O)[O-])/C(=N/S(=O)(=O)C)/[O-]
dude_grik1__L004986,Cc1c(=O)n(c(nn1)[O-])[C@H]2C=NC(=O)NC2=O
dude_grik1__L004987,C[C@H](C(=O)N1CCNC1=O)OC(=O)c2ccc(cc2)S(=O)(=O)NC[C@@H]3CCCO3
dude_grik1__L004988,c1cc(ccc1CSc2nc([n-]n2)NC(=O)C3=NN(C(=O)CC3)[C@@H]4CCS(=O)(=O)C4)Cl
dude_grik1__L004989,CNC(=O)c1[n-]nc(n1)Br
dude_grik1__L004990,CC(C)N(C)C(=O)C(=O)NCC(=S)N
dude_grik1__L004991,Cc1c(nn(c(=O)c1C(=O)N[C@@H]([C@H](C)O)C(=O)[O-])C)C
dude_grik1__L004992,CCCN(CCO)C(=O)NC1(CCCCC1)C(=O)[O-]
dude_grik1__L004993,COc1cc(cc(c1OC)OC)NC(=O)[C@H]2CCCN2S(=O)(=O)c3ccc4c(c3)OCCO4
dude_grik1__L004994,Cc1c(c(n(n1)CCC(=O)[O-])C)S(=O)(=O)N[C@@H](C)CO
dude_grik1__L004995,Cc1c(sc(c1C(=O)[O-])NC(=O)N(C)[C@@H]2CCSC2)C
dude_grik1__L004996,C1CCN([C@H](C1)CCO)C(=O)C(=O)NN
dude_grik1__L004997,CC(C)[C@@H](NC(=O)C)[P@](=O)(O)[O-]
dude_grik1__L004998,c1cc(c(cc1S(=O)(=O)N)[N+](=O)[O-])NCC(=O)N2CCCC2
dude_grik1__L004999,CNC(=O)CC[C@H](C[C@H](N)C(O)=O)C(O)=O
dude_grik1__L005000,C1CCC(C1)(C(=O)[O-])NC(=O)NCC2CCC2
dude_grik1__L005001,C[C@@H](CN(C)C(=O)Cn1cnc(n1)N)O
dude_grik1__L005002,Cc1ccc(cc1Nc2c(c(ncn2)N3CCC(CC3)C(=O)[O-])[N+](=O)[O-])Cl
dude_grik1__L005003,CCN(CC)S(=O)(=O)c1ccc2c(c1)n(nn2)OCC(=O)N[C@H](C)c3ccc4c(c3)OCCO4
dude_grik1__L005004,C[C@H](c1[n-]nnn1)Nc2nnnn2c3ccccc3
dude_grik1__L005005,CC(C)(C(=O)[O-])NC(=O)NCCN1CCOCC1
dude_grik1__L005006,Cc1nnc(s1)NC(=O)c2cc(=O)c(c[nH]2)OC
dude_grik1__L005007,CNC(=O)C1CCC(CC1)NC(=O)c2[nH]c(=O)[nH]n2
dude_grik1__L005008,Cc1ccc(cc1C(=O)N2C[C@@H](C[C@@H]2C(=O)[O-])O)[N+](=O)[O-]
dude_grik1__L005009,C([C@H]([C@H]([C@@H]1[C@@H]([C@@H](C(=O)O1)O)O)O)O)O
dude_grik1__L005010,CN(CC12CC3CC(C1)CC(C3)C2)c4ccc(cc4[N+](=O)[O-])S(=O)(=O)N5CCC(CC5)C(=O)[O-]
dude_grik1__L005011,Cc1ccc(s1)C(=O)NCC(=O)N2C[C@@H](C[C@@H]2C(=O)[O-])O
dude_grik1__L005012,c1cnccc1C(=O)NNc2c(c(ncn2)N3CCC(CC3)C(=O)[O-])[N+](=O)[O-]
dude_grik1__L005013,Cc1ccnc(n1)[N-]S(=O)(=O)c2ccc(cc2)NC(=O)[C@@H]3CCCN(C3)C(=O)COC
dude_grik1__L005014,C[C@@H]([C@H](C(=O)[O-])NS(=O)(=O)C1CCS(=O)(=O)CC1)O
dude_grik1__L005015,Cc1ccc(c(c1)Br)OCC(=O)Nc2ccc(cc2)S(=O)(=O)[N-]c3c(nccn3)OC
dude_grik1__L005016,Cn1c2c(cn1)c(ncn2)N3CCO[C@H](C3)C(=O)[O-]
dude_grik1__L005017,CN(CCC#N)S(=O)(=O)c1c(cc(cc1F)[N+](=O)[O-])NN
dude_grik1__L005018,C[NH2+]CCCN[C@@]1(CCSC1)C(=O)[O-]
dude_grik1__L005019,COc1cccc2c1nc(s2)[N-]S(=O)(=O)c3ccc(c(c3)[N+](=O)[O-])O
dude_grik1__L005020,[H]/N=C/1\C(=C([C@@H](S1)C)C)c2[nH]c3cc(ccc3n2)S(=O)(=O)C
dude_grik1__L005021,CC(C)N/C(=C(\C#N)/C(=O)C[C@@H](c1cccs1)NC(=O)C)/[O-]
dude_grik1__L005022,CC1(CCN(CC1)C(=O)NC[C@H]2CCC=CC2)C(=O)[O-]
dude_grik1__L005023,Cc1c(sc(c1C(=O)N)NC(=O)N2CCN(CC2)C(=O)C)C
dude_grik1__L005024,CCCCN1[C@H](C(=C(C1=O)[O-])C(=O)c2ccc(cc2)S(=O)(=O)N3CCCC3)c4cccc(c4)[N+](=O)[O-]
dude_grik1__L005025,CS(=O)(=O)N1CCN(CC1)c2ccc(cc2[N+](=O)[O-])S(=O)(=O)Nc3cccc(c3)C(=O)[O-]
dude_grik1__L005026,C[C@H](c1cccc(c1)[N+](=O)[O-])NC(=O)c2ccc(cc2)S(=O)(=O)N
dude_grik1__L005027,c1cscc1[C@@H]2c3c(nc[nH]3)C[C@@H](N2)C(=O)[O-]
dude_grik1__L005028,c1cc(c(cc1C(=O)[O-])[N-]S(=O)(=O)[C@H]2CCS(=O)(=O)C2)Cl
dude_grik1__L005029,Cc1ccc(cc1)N2[C@H]3CS(=O)(=O)C[C@@H]3SC2=[NH2+]
dude_grik1__L005030,CC(C)[C@@H](C(=O)[O-])NC(=O)NC[C@H]1CCS(=O)(=O)C1
dude_grik1__L005031,CC(C)(CCC(=O)[O-])NC(=O)N1CCCC[C@H]1CO
dude_grik1__L005032,c1cc(c(cc1[N+](=O)[O-])C(=O)/C=C/c2cc(cc3c2OCOC3)C(=O)[O-])[O-]
dude_grik1__L005033,Cc1c(c(nc(=O)[nH]1)SCC(=O)NNC(=O)C)C(=O)[O-]
dude_grik1__L005034,c1ccc(c(c1)NC(=O)C(=O)N2CCC[C@H](C2)O)Br
dude_grik1__L005035,c1cc(ccc1C(=O)N)C(=O)N2C[C@H](C[C@H]2C(=O)[O-])O
dude_grik1__L005036,C[C@H](C(=O)N)N1CCO[C@@H](C1)C(=O)[O-]
dude_grik1__L005037,CC(=O)N[C@H]1CCCN(C1)C(=O)CCSCC(=O)N
dude_grik1__L005038,CC(=O)NCC(=O)NCC(=O)NNc1ncccn1
dude_grik1__L005039,CC(C)CN(CC(=O)N)C(=O)N1C[C@H](C[C@@H]1C(=O)[O-])O
dude_grik1__L005040,Cc1cc(c(o1)C)C(=O)NNC(=O)[C@H]2CCCN2S(=O)(=O)c3ccc4c(c3)OCCO4
dude_grik1__L005041,C[C@@H]1CC2=C([C@H](C(=C(N2)C)C(=O)OC(C)C)c3cc(c(c(c3)OC)[O-])[N+](=O)[O-])C(=O)[C@H]1C(=O)OC
dude_grik1__L005042,c1cc(ccc1C(=O)N2CCC[C@H]2CO)OCC(=O)N
dude_grik1__L005043,Cc1cccc(c1C)S(=O)(=O)N2CCC[C@H](C2)C(=O)[O-]
dude_grik1__L005044,c1c(c(n(n1)[C@H]2CCS(=O)(=O)C2)N)[N+](=O)[O-]
dude_grik1__L005045,CCOC(=O)CCS(=O)(=O)[N-]c1cc(ccc1Cl)N
dude_grik1__L005046,C[C@@H](C(=O)N1CSC[C@H]1C(=O)[O-])NC(=O)N
dude_grik1__L005047,C[C@H]([C@@H](C(=O)[O-])NC(=O)c1c(cnc(n1)SC)Cl)O
dude_grik1__L005048,Cc1ccc(cc1[N-]S(=O)(=O)C2CC[NH2+]CC2)Br
dude_grik1__L005049,C1C[C@H](CC=C1)CNC(=O)NCC(=O)NCC(=O)[O-]
dude_grik1__L005050,C[C@@H](c1[n-]nnn1)NC(=O)[C@H](C)n2cncn2
dude_grik1__L005051,Cc1cc(cc(c1C)C(=O)[O-])NC(=O)NCCOC
dude_grik1__L005052,CC(=O)N(CCC(=O)OC)c1ccc(cc1)Nc2c(nc3ccccc3n2)[N-]S(=O)(=O)c4ccccc4
dude_grik1__L005053,C[C@](c1ccc(cc1F)F)(C(=O)[O-])NCC(=O)NC2CC2
dude_grik1__L005054,CCCOc1ccc(cc1C)C(=O)C2=C(C(=O)N([C@H]2c3cc(c(c(c3)OC)OC)OC)CCO)[O-]
dude_grik1__L005055,C1CC(CCC1NC(=O)N2C[C@@H](C[C@H]2C(=O)[O-])O)O
dude_grik1__L005056,C1CS(=O)(=O)C[C@@H]1NC(=O)N2C[C@H](C[C@@H]2C(=O)[O-])O
dude_grik1__L005057,c1cc(cc(c1)O)C(=O)NCCCCCCC(=O)[O-]
dude_grik1__L005058,c1cc(ccc1C(=O)N2CCC[C@H]2CC(=O)[O-])[N+](=O)[O-]
dude_grik1__L005059,C[C@@H]1CN(CC(O1)(C)C)C(=O)N(C)CC(=O)[O-]
dude_grik1__L005060,c1cc(oc1)[C@H]2N/C(=C\C(=O)Nc3[n-]c(c(n3)C#N)C#N)/CS2
dude_grik1__L005061,CC1([C@H](N[C@H](S1)c2cccnc2)C(=O)[O-])C
dude_grik1__L005062,C[C@@H]1CCC[C@](C1)(CO)N[C@@](C)(c2ccccn2)C(=O)[O-]
dude_grik1__L005063,c1cc(c(cc1[N+](=O)[O-])/C=N/NC(=O)c2cnccn2)[O-]
dude_grik1__L005064,c1c(cc(cc1F)F)CCNC(=O)N[C@@H](C2CC2)C(=O)[O-]
dude_grik1__L005065,Cc1c(c(n(n1)C)C)[C@H](C)NC(=O)c2cccc3c2OCO3
dude_grik1__L005066,C1C[C@H](CN(C1)S(=O)(=O)CCC(=O)[O-])CNS(=O)(=O)N
dude_grik1__L005067,c1ccc2c(c1)[C@H](CCO2)NC(=O)C(=O)Nc3ccccc3C(F)(F)F
dude_grik1__L005068,c1ccc2c(c1)cc(o2)[C@H]3[C@H]4[C@@H](C(=NC4=O)[O-])[C@@]([NH2+]3)(CO)C(=O)[O-]
dude_grik1__L005069,C[C@@H](c1nncn1C)NC(=O)N2C[C@H](C[C@H]2C(=O)[O-])O
dude_grik1__L005070,c1c(nc(s1)N)C(=O)N2CCO[C@@H](C2)C(=O)[O-]
dude_grik1__L005071,c1cc(cc(c1)S(=O)(=O)[N-]c2ccc(c(c2)C(=O)[O-])Cl)C#N
dude_grik1__L005072,CS(=O)(=O)CC[C@@H](C(=O)[O-])NC(=O)NC[C@@H]1CCCOC1
dude_grik1__L005073,CC(C)(C(=O)[O-])NC(=O)N1CCC[C@@H]1CO
dude_grik1__L005074,c1cnc(cn1)N2CCC[C@@H](C2)C(=O)Nc3[n-]ncn3
dude_grik1__L005075,C[C@@H](C(=O)N1C[C@H](C[C@H]1C(=O)[O-])O)NC(=O)N
dude_grik1__L005076,c1ccc(c(c1)C#N)NC(=O)CSc2nnc(o2)c3cccc(c3)S(=O)(=O)N4CCOCC4
dude_grik1__L005077,CN(c1ccc(cc1)S(=O)(=O)N)C(=O)c2ccno2
dude_grik1__L005078,C1CS(=O)(=O)C[C@H]1N(CC(=O)[O-])C(=O)C2CCC(CC2)[NH3+]
dude_grik1__L005079,Cn1c2ccc(cc2nc1[C@H]3C[C@H](C[NH2+]3)OC)Cl
dude_grik1__L005080,C[C@@H](C(=O)[O-])NC(=O)[C@@H](C(C)C)NC(=O)[C@@H]1[C@@H]2[C@@H]([C@@H]3[C@@H](O1)OC(O3)(C)C)OC(O2)(C)C
dude_grik1__L005081,C/C(=N\OC/C(=N/S(=O)(=O)N(C)C)/[O-])/c1ccc2c(c1)OCO2
dude_grik1__L005082,Cc2cn(C[C@H](N)C(O)=O)c(=O)n(Cc1c(Br)c(Br)sc1C(O)=O)c2=O
dude_grik1__L005083,c1cc(ncc1C(=O)NCC(=O)[O-])n2cncn2
dude_grik1__L005084,C[C@@H](C(=O)[O-])NC(=O)[C@H](C)N(C)c1ccc(cc1)O
dude_grik1__L005085,C[C@H]([C@H](c1nc(nn1C)CC(C)C)[NH3+])O
dude_grik1__L005086,Cc1c(sc(c1C(=O)[O-])NC(=O)N2CCC[C@@H](C2)O)C
dude_grik1__L005087,c1cc(c(c(c1O)C[NH+](CC(=O)[O-])CC(=O)[O-])O)O
dude_grik1__L005088,Cc1c(cnn1C)C(=O)N(CC(=O)[O-])[C@@H]2CCS(=O)(=O)C2
dude_grik1__L005089,CCOC1CCN(CC1)C(=O)N[C@H](CCO)C(=O)[O-]
dude_grik1__L005090,C1CCc2nnc(n2CC1)[C@@H]3CCCN3C(=O)CCNC(=O)N
dude_grik1__L005091,Cc1ccc(c(c1)C(=O)Nc2ccc(cc2)NC(=O)OC)[N-]S(=O)(=O)C
dude_grik1__L005092,c1nnc(s1)/N=C(/C(=O)NC2CCC(CC2)O)\[O-]
dude_grik1__L005093,C1[C@H](C(=O)N(C1=O)C(=O)CCCC[C@H]2[C@H]3[C@H](CS2)NC(=O)N3)S(=O)(=O)[O-]
dude_grik1__L005094,c1cc(c(nc1)NN)Cn2cncn2
dude_grik1__L005095,c1cscc1C(=O)NCCC(=O)N2C[C@H](C[C@H]2C(=O)[O-])O
dude_grik1__L005096,c1cc2cccnc2c(c1)Oc3c(c(ncn3)NNC(=O)c4ccncc4)[N+](=O)[O-]
dude_grik1__L005097,C([C@@H]([C@@H]([C@@H]1[C@@H]([C@@H](C(=O)O1)O)O)O)O)O
dude_grik1__L005098,c1cc(oc1)C(=O)NC(=S)Nc2ccc(c(c2)Cl)C(=O)[O-]
dude_grik1__L005099,c1cc(oc1)c2cc(nc(n2)[O-])C(=O)N3CCN(CC3)C(=O)c4ccco4
dude_grik1__L005100,Cn1cc(cc1C(=O)N)S(=O)(=O)N2CCO[C@H](C2)C(=O)[O-]
dude_grik1__L005101,c1c(nc[nH]1)C[C@H](c2nncn2C3CC3)[NH3+]
dude_grik1__L005102,Cc1cc(nc(n1)N/N=C(\C)/c2ccc(cc2)S(=O)(=O)N3CCCC[C@@H]3C(=O)[O-])C
dude_grik1__L005103,c1cc(c(cc1Cl)Cl)C(=O)NC(=S)N[C@@H]2CCS(=O)(=O)C2
dude_grik1__L005104,Cc1cc(c(o1)C)[C@H](C)Nc2ccc(cc2[N+](=O)[O-])S(=O)(=O)N
dude_grik1__L005105,C[C@@H](C(=O)NC)NC(=O)N(CC1CC1)CC(=O)[O-]
dude_grik1__L005106,CC(=N[N-]C1=NC(=O)C2=C3CCCC[C@@H]3SC2=N1)C
dude_grik1__L005107,Cc1ccc(cc1)S(=O)(=O)OC[C@H]2[C@H]([C@@H]([C@@H]([C@@H](O2)OC)NC(=O)c3ccccc3)N=[N+]=[N-])O
dude_grik1__L005108,c1cc(c(cc1C(=O)N2C[C@H](C[C@H]2C(=O)[O-])O)N)Cl
dude_grik1__L005109,c1ccnc(c1)C2=NN=C3[C@H]2[C@H](C(=C(O3)N)C#N)c4cccnc4
dude_grik1__L005110,C1C[C@@H](OC1)CNC(=O)N[C@@H](CC(=O)N)C(=O)[O-]
dude_grik1__L005111,C[C@@H]1CC[C@@H](CN1C(=O)N[C@@H]([C@@H](C)O)C(=O)[O-])C(=O)N
dude_grik1__L005112,CN(CC(=O)N)S(=O)(=O)c1c[nH]nc1N
dude_grik1__L005113,c1cc2c(cc1S(=O)(=O)N3CCc4c(cnc(n4)N5CCCCC5)C3)oc(n2)[O-]
dude_grik1__L005114,CC(C)(CCC(=O)[O-])NC(=O)N1CCC(CC1)O
dude_grik1__L005115,C[C@H]([C@@H](C(=O)[O-])NC(=O)[C@H](c1ccccc1)Sc2ccccc2)O
dude_grik1__L005116,C1CCN([C@@H](C1)C(=O)[O-])C(=O)CSc2nnc(s2)NC[C@@H]3CCCO3
dude_grik1__L005117,CC[C@H](C)[C@@H](C(=O)[O-])NC(=O)[C@@H](C)N(C)c1ccc(cc1)O
dude_grik1__L005118,CC(C)NC(=O)CNC(=O)N1CSC[C@@H]1C(=O)[O-]
dude_grik1__L005119,C1CS(=O)(=O)C[C@H]1CNC(=O)N[C@H](CCO)C(=O)[O-]
dude_grik1__L005120,Cc1ncc2c(n1)N=C3C=CN(C(=O)N3C2)[C@@H]4[C@@H]([C@@H]([C@H](O4)CO)O)O
dude_grik1__L005121,Cc1c(c(n(n1)C)Cl)S(=O)(=O)/N=C(/[C@@H]2C[C@@H]2[N+](=O)[O-])\[O-]
dude_grik1__L005122,Cc1c2cc(cnc2[nH]n1)C(=O)N[C@@H](C)C(=O)OC
dude_grik1__L005123,Cc1nc(on1)c2ccc(nc2)c3cccc(c3)c4cc[nH]n4
dude_grik1__L005124,C1CN[C@@H](C[NH2+]1)C(=O)N2CCNC(=O)C2
dude_grik1__L005125,Cc1c(sc(=O)[nH]1)S(=O)(=O)[N-]c2c[nH]nc2
dude_grik1__L005126,CC(C)CN(CC(=O)N)C(=O)NCC(=O)NCC(=O)[O-]
dude_grik1__L005127,CC(C)NC(=O)NNc1ccc(cn1)S(=O)(=O)N2CCN(CC2)C
dude_grik1__L005128,CC(C)N(CC(=O)[O-])C(=O)Nc1ccc(cc1F)[N+](=O)[O-]
dude_grik1__L005129,C[C@@H]1C=CC[C@H]2[C@@H]1C(=O)N(C2=O)c3cc(ccc3O)Cl
dude_grik1__L005130,N[C@@H](Cn1cc(I)c(=O)[nH]c1=O)C(O)=O
dude_grik1__L005131,C[C@]12CC[C@H]3[C@H]([C@@H]1CC[C@]2(C)O)CCC4=C/C(=N/OCC(=O)N5C[C@@H](C[C@@H]5C(=O)[O-])O)/C=C[C@]34C
dude_grik1__L005132,CC(C)Oc1ccc(cc1)C(=O)C2=C(C(=O)N([C@@H]2c3c(cccc3Cl)Cl)CCOCCO)[O-]
dude_grik1__L005133,Cc1nc(cn1C)S(=O)(=O)N[C@H]([C@H](C)O)C(=O)[O-]
dude_grik1__L005134,c1cc(ccc1NC=C2C(=O)NC(=S)NC2=O)S(=O)(=O)[N-]c3nccs3
dude_grik1__L005135,C([C@H](C(=O)[O-])NC(=O)NCC(F)(F)F)O
dude_grik1__L005136,c1cc2c(cc1/C=C/C(=O)NNC(=O)c3cnccn3)OCCO2
dude_grik1__L005137,COC(=O)NNS(=O)(=O)c1ccc2c(c1)OCCO2
dude_grik1__L005138,CC(=O)N[C@@H]1CS(=O)(=O)C[C@@H]1N
dude_grik1__L005139,C[C@H]1CCCC[C@H]1NC(=O)[C@H]2CCS(=O)(=O)C2
dude_grik1__L005140,C1C[C@H](CN(C1)C(=O)NCCCC(=O)N)CC(=O)[O-]
dude_grik1__L005141,CCCN(CC(=O)[O-])C(=O)N1CCC[C@H](C1)C(=O)N
dude_grik1__L005142,Cn1ccc(n1)[N-]S(=O)(=O)CC#N
dude_grik1__L005143,c1ccc(c(c1)[N-]S(=O)(=O)c2ccc(s2)C(=O)[O-])[N+](=O)[O-]
dude_grik1__L005144,CC(=N/N=C\1/N[C@H]2[C@@H](N1)N(C(=O)N(C2=O)C)C)C
dude_grik1__L005145,CCCSc1ccc(c(c1)[N-]S(=O)(=O)C[C@@H]2CCCO2)N
dude_grik1__L005146,CC(C)C[C@H](C(=O)N1CCC[C@@H]1CC(=O)[O-])NC(=O)N
dude_grik1__L005147,CCO[C@H]1[C@@H]([C@H]([C@H]([C@H](O1)CO)O)O)NC(=O)C
dude_grik1__L005148,C[C@@H]1CN(C[C@H](O1)C)S(=O)(=O)[N-]c2cnn(c2)CC(=O)[O-]
dude_grik1__L005149,c1c(c([nH]n1)NC(=O)C(=O)NCCCO)C#N
dude_grik1__L005150,C1CC[C@@H]2[C@@H](C1)N(CCO2)C(=O)C(=O)NN
dude_grik1__L005151,C1CN(C[C@H]1C(=O)[O-])C(=O)c2nc([nH]n2)N
dude_grik1__L005152,Cc1cc(ccc1N(CCC(=O)[O-])C(C)C)C(=O)N
dude_grik1__L005153,CC[C@H](C)[C@@H](C(=O)[O-])NC(=O)Nc1ncc(s1)Br
dude_grik1__L005154,C1=NC(=O)C2=NN=C(C2=N1)[C@@H]3[C@@H]([C@@H]([C@@H](O3)CO)O)O
dude_grik1__L005155,CN(C)C(=O)N1CCC[C@@H](C1)C(=O)Nc2nc[nH]n2
dude_grik1__L005156,C[C@H]1CCCC[C@@H]1NC(=O)NC(C)(C)C(=O)[O-]
dude_grik1__L005157,c1cc(ccc1C(=O)[O-])NC(=S)NC(=O)c2ccc(cc2)[N+](=O)[O-]
dude_grik1__L005158,c1c(cnc(c1Cl)NCCOCCO)C(=O)[O-]
dude_grik1__L005159,c1cc(c(c(c1)F)S(=O)(=O)[N-]c2nccs2)N
dude_grik1__L005160,Cc1nccc(n1)CNC(=O)N2C[C@@H](C[C@@H]2C(=O)[O-])O
dude_grik1__L005161,c1cc(cc(c1)N)C(=O)N2CC[C@H](C2)C(=O)[O-]
dude_grik1__L005162,Cc1ccc(s1)c2nc([nH]n2)/N=C(/CNC(=O)c3ccc4c(c3)OCO4)\[O-]
dude_grik1__L005163,N[C@@H](Cn2cc(F)c(=O)n(Cc1ccccc1C(O)=O)c2=O)C(O)=O
dude_grik1__L005164,Cc1ccc(cc1F)C(=O)N[C@@H](Cc2c[nH]c3c2cccc3)C(=O)[O-]
dude_grik1__L005165,Cc1c(cnn1C)[C@H](C)NC(=O)NCC(=O)N2CCCC2
dude_grik1__L005166,[H]/N=C\1/C(=C/c2ccc(o2)c3cccc(c3)C(=O)[O-])/C(=O)N=C4N1N=C(S4)S(=O)(=O)C
dude_grik1__L005167,COP(=O)([O-])OC
dude_grik1__L005168,CC[C@H](C)[C@@H](C(=O)N(CC(=O)[O-])C1CCCC1)NC(=O)N
dude_grik1__L005169,Cc1c(c(n(n1)CC(=O)N2CCN(CC2)C(=O)C)C)N
dude_grik1__L005170,c1cc(c(cc1[N+](=O)[O-])CO)O[C@@H]2CS(=O)(=O)C[C@H]2O
dude_grik1__L005171,Cc1ccc(cc1)Oc2ccc(cn2)[N-]S(=O)(=O)c3cc(n(c3)C)C(=O)N
dude_grik1__L005172,C1[N-]C2=NC=[NH+]/C(=N\S(=O)(=O)[NH-])/C2=N1
dude_grik1__L005173,c1cc(c(cc1C(=O)[O-])[N+](=O)[O-])OCC(=O)Nc2ccc(c(c2)S(=O)(=O)N3CCCCC3)Cl
dude_grik1__L005174,CC1=NN=C(C1)SCC(=O)N[C@@H]2[C@H]3N(C2=O)C(=C(CS3)CO)C(=O)[O-]
dude_grik1__L005175,[H]/N=C/1\N=C2C(=NCN2[C@H]3[C@@H]([C@@H]([C@H](O3)CO)O)O)C(=N1)[O-]
dude_grik1__L005176,CCCCOc1cccc(c1)[C@@H]2C(=C(C(=O)N2CCOCCO)[O-])C(=O)c3ccc4c(c3)OCCO4
dude_grik1__L005177,C(C(=O)[O-])N1[C@@H]2[C@@H](NC(=O)N2)NC1=O
dude_grik1__L005178,Cc1c(snn1)C(=O)Nc2cccc(c2)[N-]S(=O)(=O)N
dude_grik1__L005179,c1c(c[n-]c1C(=O)N2[C@H]3CCCC[C@@H]3C[C@@H]2C(=O)[O-])[N+](=O)[O-]
dude_grik1__L005180,Cc1c(c(n(n1)C)C)NC(=O)C(=O)NC[C@H](C)O
dude_grik1__L005181,CSCC[C@H](C(=O)N(CC(=O)[O-])C1CCCC1)NC(=O)N
dude_grik1__L005182,c1c(cn(n1)CC(=O)[O-])S(=O)(=O)N[C@@H]2CCS(=O)(=O)C2
dude_grik1__L005183,C[C@H]([C@H](C(=O)[O-])NS(=O)(=O)c1cnn(c1)C)O
dude_grik1__L005184,CC(C)C[C@H](C(=O)[O-])NS(=O)(=O)c1ccc(c(c1)C(=O)[O-])F
dude_grik1__L005185,C[C@@H]([C@@H](C(=O)[O-])NC(=O)NC1CCS(=O)(=O)CC1)O
dude_grik1__L005186,C1[C@@H](C(=O)NC1=O)[NH2+]CCCO
dude_grik1__L005187,COC(=O)c1ccc(cc1)[N-]S(=O)(=O)/N=C(/c2c[nH]c3c2cccc3)\[O-]
dude_grik1__L005188,[H]/N=c\1/c(=C/c2ccc(cc2)OCc3ccc4c(c3)OCO4)/c(=O)nc-5s/c(=C/C(=O)N6CCCC6)/[nH]n15
dude_grik1__L005189,Cc1c(c(n[nH]1)C)NC(=O)N(C)[C@H](C)C(=O)[O-]
dude_grik1__L005190,CC(C)[C@H](C(=O)[O-])NC(=O)NC[C@@H]1CCOC1
dude_grik1__L005191,CSCC[C@@H](C(=O)[O-])NC(=O)NCC(=O)N1CCCC1
dude_grik1__L005192,COc1nc2c(c(n1)[O-])nnn2[C@@H]3[C@H]([C@@H]([C@@H]([C@@H](O3)CO)O)O)O
dude_grik1__L005193,COc1ccc2c(c1)sc(n2)[N-]S(=O)(=O)c3ccc(c(c3)[N+](=O)[O-])OC
dude_grik1__L005194,C1=CC(=N[C@@H]1CC(=O)[O-])C=O
dude_grik1__L005195,C[C@@H](C(=O)[O-])NS(=O)(=O)c1ccc(cc1)/C(=N/NC(=O)c2cccc(c2)O)/C
dude_grik1__L005196,CCO[C@H]1O[C@H]2[C@@H](O[C@@H]([C@@H]2O1)n3cnc4c3ncnc4N)CO
dude_grik1__L005197,c1cc(ccc1[C@@H]2c3c(n(c(=O)s3)CC(=O)N4CCOCC4)S[C@H]5[C@H]2C(=NC5=O)[O-])O
dude_grik1__L005198,CNC(=O)CNC(=O)N(CC(=O)[O-])[C@H]1CCS(=O)(=O)C1
dude_grik1__L005199,CC12CC3(CC(C1)(CC(C2)(C3)C(=O)NC4N=NN=N4)C)C
dude_grik1__L005200,Cc1nc(cn1C)S(=O)(=O)[N-]c2ncc(s2)C#CCN
dude_grik1__L005201,C1C[C@@H](OC1)CNC(=O)N2C[C@@H](C[C@@H]2C(=O)[O-])O
dude_grik1__L005202,c1cc(c(cc1F)[N-]S(=O)(=O)c2cc(cs2)c3nc(on3)C(=O)N4CCOCC4)F
dude_grik1__L005203,CSCC[C@@H](C(=O)[O-])NC(=O)NC[C@@H]1CCCOC1
dude_grik1__L005204,COc1ccc2=C([C@H]([NH+]=c2c1)C(=O)OC)N/C=C\3/C(=NC(=NC3=O)[O-])[O-]
dude_grik1__L005205,Cc1ccnc(c1)S(=O)(=O)[O-]
dude_grik1__L005206,CNC(=O)C1CCN(CC1)C(=O)NCC(=O)NCC(=O)[O-]
dude_grik1__L005207,c1cc(cc(c1)F)[C@H]2c3c(n4c(s3)ncn4)CCN2
dude_grik1__L005208,c1ccc2c(c1)c(=O)c(c([nH]2)[O-])C3=NS(=O)(=O)c4ccccc4[N-]3
dude_grik1__L005209,c1cc(ccc1[N+](=O)[O-])SCC(=O)Nc2cc(cc(c2)C(=O)[O-])C(=O)[O-]
dude_grik1__L005210,CCOc1ccc2c(c1)cc(c(=O)[nH]2)CN(CCCO)[C@H](C)c3nnnn3Cc4ccco4
dude_grik1__L005211,c1cn(c2c1c[n+](cc2)[O-])[O-]
dude_grik1__L005212,C[C@]1(C(=O)O[C@]([C@]1(C)O)(C)[C@H](CO)O)O
dude_grik1__L005213,CC(=O)N[C@H]1[C@H]([C@H](O[C@@H]([C@@H]1O)O)CO)O
dude_grik1__L005214,Cn1cccc1C(=O)NNC(=O)c2cc[n+](cc2)[O-]
dude_grik1__L005215,CC(C)CCC(=O)NNC(=O)c1ccc2c(c1)nc(=S)n(c2[O-])C
dude_grik1__L005216,Cc1csc(n1)CNC(=O)NC2(CCCC2)C(=O)[O-]
dude_grik1__L005217,Cc1cc(c(c(c1)N)S(=O)(=O)[O-])N
dude_grik1__L005218,C1CN(CCC1CC(=O)N)C(=O)N[C@H](CCO)C(=O)[O-]
dude_grik1__L005219,c1cc(c(=O)[nH]c1)[N-]S(=O)(=O)c2ccc(cc2)Cl
dude_grik1__L005220,c1cn(c(=O)[nH]c1=O)[C@H]2C=C([C@H]([C@@H]2O)O)CO
dude_grik1__L005221,c1cc(nn2c1nnc2[S-])N3CCOCC3
dude_grik1__L005222,Cc1cc(n(n1)CC(=O)NCC(=O)NCC(=O)[O-])C
dude_grik1__L005223,CC(=O)N[C@H]1[C@H]([C@@H]([C@@H](O[C@@H]1O)CO)OS(=O)(=O)[O-])O
dude_grik1__L005224,C[C@](C1CC1)(C(=O)[O-])NC(=O)Nc2nc(cs2)C(C)(C)C
dude_grik1__L005225,c1nc2c(=O)[nH]c(nc2n1[C@H]3C[C@H]([C@@H](O3)CO)O)N
dude_grik1__L005226,C[C@H]([C@@H](C(=O)[O-])NC(=O)Cc1csc(n1)N)O
dude_grik1__L005227,CS(=O)(=O)c1ccc(c(c1)[N+](=O)[O-])NCC(=O)[O-]
dude_grik1__L005228,CN(C)[C@@H](CNC(=O)c1ccc(cc1)[N-]S(=O)(=O)c2cccc(c2)[N+](=O)[O-])c3cccs3
dude_grik1__L005229,C1[C@H](C(=O)NC1=O)NCC(=O)[O-]
dude_grik1__L005230,c1c(nc(s1)N)C(=O)N2CCC[C@@H](C2)C(=O)[O-]
dude_grik1__L005231,C[C@@H]1C(=C(N=C1C(=O)OC)C)/C(=C/C(=O)C(=O)NCCN2CCOCC2)/[O-]
dude_grik1__L005232,C[C@@H]1CCCC[C@@]1(C(=O)[O-])N2C[C@@H](CC2=O)C
dude_grik1__L005233,Cc1c(c(c(c[nH+]1)COP(=O)([O-])[O-])CN[C@H]2CONC2=O)O
dude_grik1__L005234,c1nc(c2c(n1)n(cn2)[C@@H]3[C@H]([C@@H]([C@@H](O3)CO)O)O)NCSCCC(=O)[O-]
dude_grik1__L005235,CC1([C@@H]([C@H](c2ccccc2O1)O)[NH+](CC(=O)[O-])CC(=O)[O-])C
dude_grik1__L005236,c1cc(oc1)C(=O)N2CCC[C@@H](C2)C(=O)Nc3[n-]ncn3
dude_grik1__L005237,Cc1c(c(=O)[nH][nH]1)[C@H](c2ccc(o2)[N+](=O)[O-])c3c(n[nH]c3[O-])C
dude_grik1__L005238,C1CCN([C@H](C1)C(=O)[O-])C(=O)N2CC[C@@H](C2)O
dude_grik1__L005239,C[C@H](C(=O)NC)Nc1cncc2n1nnn2
dude_grik1__L005240,Cc1c2cc(cnc2[nH]n1)C(=O)N[C@H](C)c3c(nn(c3C)C)C
dude_grik1__L005241,c1cc(ccc1NC(=O)c2c(ccc(c2Cl)Cl)Cl)S(=O)(=O)N3CCC[C@H](C3)C(=O)[O-]
dude_grik1__L005242,Cc1ccc(c(c1)C)[C@@H]2C(=C(N=C3N2C(=CS3)/C=C(/NCc4ccco4)\[O-])C)C(=O)OCCOC
dude_grik1__L005243,CC(C)CN([C@@H]1CCS(=O)(=O)C1)C(=O)CN2C(=O)[C@@](NC2=O)(C)c3ccc4c(c3)OCCCO4
dude_grik1__L005244,C1CCC(C1)(C(=O)[O-])NC(=O)NC[C@H]2CCCOC2
dude_grik1__L005245,Cc1ccc(o1)C2=[N+]([C@@](N(C2(C)C)O)(C)/C(=N/O)/C)[O-]
dude_grik1__L005246,Cc1cc(ccc1/C=C/C(=O)[O-])S(=O)(=O)[N-]c2ccon2
dude_grik1__L005247,C1CCN([C@H](C1)C(=O)[O-])C(=O)c2c(non2)N
dude_grik1__L005248,CCO[C@H]1[C@@H]([C@H]([C@H]([C@@H](O1)CO)O)O)NC(=O)C
dude_grik1__L005249,C[C@H](C(=O)N[C@H](C(=O)[O-])C(C)(C)C)NC(=O)c1cccs1
dude_grik1__L005250,C[C@]1(CCCN(C1)C(=O)CCn2cncn2)C(=O)[O-]
dude_grik1__L005251,CCn1cc(cc1C(=O)[O-])S(=O)(=O)[N-]c2nccs2
dude_grik1__L005252,C[C@H](C(=O)NC(=O)NC)[S@](=O)c1ccc(cc1)C(=O)[O-]
dude_grik1__L005253,CC1(Cc2c(sc(n2)N3CCCOCC3)[C@@H](C1)O)C
dude_grik1__L005254,Cc1ccc2c(c1C)OC[C@H]([C@@H]2O)N(C)C3CC[NH+](CC3)C
dude_grik1__L005255,C1C[C@@H](CN(C1)C(=O)N)C(=O)N2C[C@@H](C[C@H]2C(=O)[O-])O
dude_grik1__L005256,CCCn1c(c(c(c(c1=O)C#N)C)/C=C/2\C(=O)N(C(=S)S2)CCCC(=O)[O-])N3CCOCC3
dude_grik1__L005257,c1cc(ncc1C(=O)N2CCC(=O)NCC2)N
dude_grik1__L005258,C1CCC(C1)(CC(=O)NCC(=O)N)C(=O)[O-]
dude_grik1__L005259,c1cn(c(=O)cc1[O-])[C@@H]2[C@@H]([C@@H]([C@H](O2)CO)O)O
dude_grik1__L005260,CCN([C@H](C)CC(=O)[O-])C(=O)N[C@H](C)c1[n-]nnn1
dude_grik1__L005261,CS(=O)(=O)[N-]c1cc(ccc1F)C(=O)NCc2n[nH]c(=S)n2C3CC3
dude_grik1__L005262,c1cc(cc(c1)[N+](=O)[O-])[C@H]2c3c(c([nH]c(=S)n3)[O-])OC(=C2C#N)N
dude_grik1__L005263,Cn1cc(cn1)/C(=N/S(=O)(=O)N2CCCC2)/[O-]
dude_grik1__L005264,C1CC[C@H]([C@@H](C1)NC(=O)N(CCC(=O)[O-])C2CC2)O
dude_grik1__L005265,COCc1nnc(n1N)SCCC(=O)Nc2ccc(cc2)S(=O)(=O)N3CCCCCC3
dude_grik1__L005266,C[C@H](CN(C)C(=O)NCC1(CCCCC1)CC(=O)[O-])O
dude_grik1__L005267,c1ccc(c(c1)[C@H]2C(=C(C(=O)N2C[C@@H]3CCCO3)[O-])C(=O)c4ccco4)[N+](=O)[O-]
dude_grik1__L005268,CNS(=O)(=O)c1cccc(c1)C(=O)N[C@@H]2CCSc3c2cc(cc3)F
dude_grik1__L005269,C1CN(C[C@@H]1O)C(=O)N2C[C@H](C[C@@H]2C(=O)[O-])O
dude_grik1__L005270,CN1[C@@H](NN[C@@H]1SCC(=O)N[C@@H](Cc2c[nH]c3c2cccc3)C(=O)[O-])[C@@H]4CCS(=O)(=O)C4
dude_grik1__L005271,Cc1ccc(cc1)c2cc(on2)/C(=N/S(=O)(=O)N(C)C)/[O-]
dude_grik1__L005272,CN(C)c1nc(nc(n1)N)CN2CCC(CC2)C(=O)NC3CCCCC3
dude_grik1__L005273,CN(CCCc1c(c([nH]n1)N)C#N)c2ccc(cc2[N+](=O)[O-])S(=O)(=O)N3CCCCC3
dude_grik1__L005274,C([C@H]([C@@H]([C@@H]([C@H](C=O)O)O)OS(=O)(=O)[O-])O)O
dude_grik1__L005275,CN(CC(=O)N)C(=O)N1C[C@H](C[C@@H]1C(=O)[O-])O
dude_grik1__L005276,C1C[C@H](CN(C1)C(=O)N2C[C@H](C[C@H]2C(=O)[O-])O)O
dude_grik1__L005277,c1cc(ccc1/N=N/c2c3ccc(cc3ccc2O)S(=O)(=O)[O-])S(=O)(=O)[O-]
dude_grik1__L005278,CCc1c(scc1C(=O)NNC(=O)[C@@H]2CC=CC[C@@H]2C(=O)[O-])C
dude_grik1__L005279,c1cc(oc1)CN([C@H](c2ccc3c(c2)OCO3)C(=O)NC4CCCCC4)C(=O)c5cc(ccc5[O-])[N+](=O)[O-]
dude_grik1__L005280,C[C@@H](C(=O)[O-])NS(=O)(=O)c1ccc(cc1)/C(=N/NC(=O)c2ccc3c(c2)nc4n(c3=O)CCC4)/C
dude_grik1__L005281,c1ccc(cc1)c2c3cc(ccc3no2)C(=O)N[C@@H](CC(=O)[O-])C(=O)[O-]
dude_grik1__L005282,Cc1ccc(cc1)N(CC(=O)[O-])C(=O)NCCC(=O)N
dude_grik1__L005283,c1csc2c1[C@H]([NH2+]CC2)c3nnc4n3CCCCC4
dude_grik1__L005284,CC(C)N(CC(=O)N)C(=O)NC1(CCCCC1)C(=O)[O-]
dude_grik1__L005285,c1nc(nn1CC(=O)N2CCC(=O)NCC2)N
dude_grik1__L005286,Cc1ccc(cc1)S(=O)(=O)[N-]/N=C/C=N/[N-]S(=O)(=O)c2ccc(cc2)C
dude_grik1__L005287,CCC[C@](C)(C(=O)[O-])NC(=O)N[C@@H](C)c1[n-]nnn1
dude_grik1__L005288,C[C@@H]1CCC[C@](C1)(C(=O)[O-])NS(=O)(=O)c2cc[nH]c2
dude_grik1__L005289,c1cc(ccc1NC(=S)N[C@H]2CS(=O)(=O)C[C@@H]2Cl)Br
dude_grik1__L005290,Cn1c(c(c(=O)n(c1=O)C)/C(=C(\C#N)/C(=O)c2ccc3c(c2)CCC3)/[O-])N
dude_grik1__L005291,C[C@@](C1CC1)(C(=O)[O-])NC(=O)c2c[nH]nc2
dude_grik1__L005292,C1CO[C@H](CN1CC(=O)N)C(=O)[O-]
dude_grik1__L005293,CNC(=O)[C@@H]1CCCN1C(=O)N[C@H](CO)C(=O)[O-]
dude_grik1__L005294,CC1(CC(=C2[C@H]([C@@H]3C(=NC(=NC3=O)SCc4ccc(cc4)[N+](=O)[O-])N=C2C1)c5ccncc5)[O-])C
dude_grik1__L005295,C([C@H]1[C@@H]([C@@H]([C@@H]([C@@H](O1)O)O)[NH3+])O)O
dude_grik1__L005296,CO/N=C(\c1csc(n1)N)/C(=O)N[C@@H]2[C@H]3N(C2=O)C(=CCS3)C(=O)[O-]
dude_grik1__L005297,CCOc1ccc(cc1)[C@H]2C3=C(N=N[C@H]3NC4=C2C(=O)OC4)C
dude_grik1__L005298,c1cc(c(cc1C(=O)[O-])C(=O)[O-])OCC(=O)N([C@H]2CCS(=O)(=O)C2)C3CC3
dude_grik1__L005299,c1cc(cc(c1)C(=O)N2CCN(CC2)CCO)/C(=N/O)/N
dude_grik1__L005300,Cc1ccn(n1)CC(=O)N/N=C/c2cc(ccc2[O-])[N+](=O)[O-]
dude_grik1__L005301,COC(=O)[C@@H](c1ccc(cc1)O)N
dude_grik1__L005302,c1cc(cnc1)[C@H]2[C@@H]3C(=NC(=NC3=O)SCc4ccc(cc4)[N+](=O)[O-])N=C5C2=C(CCC5)[O-]
dude_grik1__L005303,CC(C)(C)C(=O)NCCC(=O)N1C[C@H](C[C@@H]1C(=O)[O-])O
dude_grik1__L005304,Cc1c(c(n(n1)C)C)C(=O)OCC(=O)NC(=O)NC2CCCCC2
dude_grik1__L005305,Cc1csc(n1)N2CCN(CC2)C(=O)Nc3c[nH]nc3
dude_grik1__L005306,C1C[C@H](OC1)CS(=O)(=O)NCC(=O)NCC(=O)[O-]
dude_grik1__L005307,c1[nH]c(=O)c2c(n1)n(cn2)[C@H]3[C@@H]([C@H]([C@@H](O3)CO)O)O
dude_grik1__L005308,CN(C1CC1)C(=O)c2ccc(nn2)NN
dude_grik1__L005309,Cc1ccc2c(c1)occ2CC(=O)N3CC[C@H](C3)O
dude_grik1__L005310,CC(=C)[C@H]1CN[C@H](C(O)=O)[C@H]1CC(O)=O
dude_grik1__L005311,C(CS[C@H](CC(=O)[O-])C(=O)[O-])NC(=[NH2+])N
dude_grik1__L005312,CC(=O)Nc1ccc(cc1)S(=O)(=O)NCCn2c3c(cn2)c(ncn3)N4CCOCC4
dude_grik1__L005313,C1C[C@H](CN(C1)C(=O)C2(CCC2)C(=O)[O-])O
dude_grik1__L005314,CC(=O)Nc1ccc(cc1)N2[C@H](C(=C(C2=O)[O-])C(=O)c3ccc(cc3)[N+](=O)[O-])c4ccc(cc4)[N+](=O)[O-]
dude_grik1__L005315,C1[C@@H]([C@H]([C@@H](O[C@@H]1O)COP(=O)([O-])[O-])O)O
dude_grik1__L005316,Cc1cnc(=O)n(c1)[C@@]2(C[C@@H](CC(C2)(C)C)C)C(=O)[O-]
dude_grik1__L005317,C1CCC(CC1)(CC(=O)N[C@H]2CCC[C@@H](C2)O)CC(=O)[O-]
dude_grik1__L005318,CC(=O)N[C@@H]1[C@@H]([C@@H]2[C@@H](CO[C@@H](O2)c3ccccc3)O[C@@H]1Oc4ccccc4)OCC(=O)[O-]
dude_grik1__L005319,C[C@H](C(=O)[O-])NC(=O)NC1CCOCC1
dude_grik1__L005320,CC(C)(CC(=O)NCCCS(=O)(=O)N)CC(=O)[O-]
dude_grik1__L005321,CN(C)N1C2=C([C@@H](C(=C1N)C#N)c3ccc(cc3)SC)C(=O)CCC2
dude_grik1__L005322,CC(C)N(CC(=O)[O-])C(=O)NCCCS(=O)(=O)N
dude_grik1__L005323,C1C[C@H](N(C1)C(=O)N2C[C@@H](C[C@H]2C(=O)[O-])O)C(=O)N
dude_grik1__L005324,Cc1c(c([nH]c1c2cs/c(=N\C)/n2C)C)C(=O)C
dude_grik1__L005325,CN1C(=O)[C@H](N(C1=O)c2cccc(c2)N)O
dude_grik1__L005326,Cc1ccccc1NS(=O)(=O)c2ccc(cc2)/C(=N/c3[nH]ncn3)/[O-]
dude_grik1__L005327,CC(C)(CC(=O)NC(=O)NCc1nncn1C)CC(=O)[O-]
dude_grik1__L005328,C[C@@H](C(=O)[O-])NS(=O)(=O)c1ccc(cc1)/C(=N/NC(=O)c2cc(cn2C)Br)/C
dude_grik1__L005329,c1cn[nH]c1NC(=O)[C@H]2C[C@@H]2C(=O)[O-]
dude_grik1__L005330,CCOC(=O)CNC(=O)N1C[C@H](C[C@H]1C(=O)[O-])O
dude_grik1__L005331,Cc1c(cc(o1)C(=O)[O-])S(=O)(=O)[N-]c2cccc(c2)C#C
dude_grik1__L005332,CCOc1ccc(cc1)N2C(=O)C[C@H](C2=O)NNC(=O)c3cccc(c3)[N+](=O)[O-]
dude_grik1__L005333,CCn1cc(cn1)NC(=O)NC2(CCCC2)C(=O)[O-]
dude_grik1__L005334,c1c(nc2n(c1=O)nc(s2)C3CC3)CSc4nc([nH]n4)N
dude_grik1__L005335,C[C@@H](C(=O)Nc1ccccc1C(C)C)Oc2ccc(cc2C(=O)[O-])S(=O)(=O)N3CCOCC3
dude_grik1__L005336,c1cc(ccc1CCNc2ccc(nn2)C(=O)[O-])O
dude_grik1__L005337,C[C@H](CC(=O)NCCCS(=O)(=O)N)CC(=O)[O-]
dude_grik1__L005338,C[C@@H]1CCC[C@H](C1)NC(=O)N2C[C@@H](C[C@H]2C(=O)[O-])O
dude_grik1__L005339,c1cc(c(cc1[N+](=O)[O-])NC(=O)N2CSC[C@H]2C(=O)[O-])F
dude_grik1__L005340,Cc1cc(ccc1S(=O)(=O)[N-]c2nc(cs2)CC(=O)N)[N+](=O)[O-]
dude_grik1__L005341,CN(CC(=O)NCC(=O)NCC(=O)[O-])c1ncccn1
dude_grik1__L005342,C(C(=O)[O-])[NH+](CC(=O)[O-])C1NN=NN1
dude_grik1__L005343,CS(=O)(=O)c1cccc(c1)/C(=N/S(=O)(=O)C)/[O-]
dude_grik1__L005344,CC1CCC(CC1)(C(=O)[O-])NC(=O)[C@H]2CSC(=O)N2
dude_grik1__L005345,CCS(=O)(=O)c1c(n(nn1)c2nc(c(s2)C)C)N
dude_grik1__L005346,Cc1ccc2c(c1)CCCN2C(=O)[C@@H]3[C@H]4C=C[C@@H]([C@@H]3C(=O)[O-])O4
dude_grik1__L005347,c1cn(c(=O)cc1N)[C@H]2C=C([C@@H]([C@@H]2O)O)CO
dude_grik1__L005348,CC(C)(C)OC(=O)NC1=C(NON1[O-])NC(=O)[O-]
dude_grik1__L005349,c1cc(cnc1)C(=O)O[C@@H]2[C@@H]([C@@H]([C@H]([C@@H](O2)C(=O)[O-])O)O)O
dude_grik1__L005350,c1cc(ccc1CS(=O)(=O)N2CCCC2)C(=O)Nc3ccc(cc3)S(=O)(=O)[N-]c4nccs4
dude_grik1__L005351,CC(C)S(=O)(=O)c1cc2c(cc1O)[C@@H]3CO[P@@](=O)(NN3CC2)S(=O)(=O)Oc4ccccc4
dude_grik1__L005352,c1csc2n1c(c(n2)N)S(=O)(=O)N(CC#N)CC#N
dude_grik1__L005353,CN1CCN(CC1)C(=O)C(=O)NN
dude_grik1__L005354,c1cc(cc(c1)F)NC(=O)N2C[C@@H](C[C@@H]2C(=O)[O-])O
dude_grik1__L005355,Cc1c(c(n(n1)CC(=O)N)C)CC(=O)[O-]
dude_grik1__L005356,c1cc(=O)n(nc1[O-])CC(=O)N[C@H]2CCCC[C@@H]2O
dude_grik1__L005357,CC(C)(C)/C(=C(\C#N)/C(=O)Cn1cnc(n1)[N+](=O)[O-])/[O-]
dude_grik1__L005358,Cc1ccc(c(c1)C(=O)C2=C(C(=O)N([C@H]2c3ccc(cc3)C(=O)OC)CCCN4CCOCC4)[O-])O
dude_grik1__L005359,CC(=O)Nc1cccc(c1)NC(=O)/C=C/C(=O)[O-]
dude_grik1__L005360,C[C@@H](C(=O)N(C)C)NC(=O)NC1CCN(CC1)C(=O)C
dude_grik1__L005361,CN(C1CC[NH2+]CC1)C(=O)NCC(=O)[O-]
dude_grik1__L005362,c1c(cc(nc1N(CCO)CCO)Cl)C(=O)[O-]
dude_grik1__L005363,C[C@H]([C@H](C(=O)[O-])NC(=O)NC1CC1)O
dude_grik1__L005364,c1c(cn(c1C(=O)N[C@H](CO)C(=O)[O-])C2CC2)Br
dude_grik1__L005365,Cc1c(c(on1)C)S(=O)(=O)Nc2c(c3ccccc3oc2=O)NC
dude_grik1__L005366,C[C@@H](/C(=N/C/C(=N/CC(=O)[O-])/O)/O)N
dude_grik1__L005367,CCN(CCO)C(=O)Nc1cc(ccc1F)C(=O)[O-]
dude_grik1__L005368,C[C@H]1CCC[C@H](C1)NC(=O)[C@@H]2CCS(=O)(=O)C2
dude_grik1__L005369,CC(C)(C)N1C(=O)[C@@H]2[C@@H]([NH2+][C@@]([C@@H]2C1=O)(CC(=O)[O-])C(=O)[O-])c3ccc(s3)Cl
dude_grik1__L005370,Cc1ccc(s1)CNC(=O)N2C[C@@H](C[C@@H]2C(=O)[O-])O
dude_grik1__L005371,CCOc1cc(ccc1O)[C@H]2C(=C(C(=O)N2C[C@@H]3CCCO3)[O-])C(=O)c4ccc(cc4)Br
dude_grik1__L005372,C[C@H]([C@H](C(=O)[O-])NC(=O)N(C)[C@@H]1CCS(=O)(=O)C1)O
dude_grik1__L005373,COCCn1c(=O)ccc(n1)C(=O)N[C@H](CO)C(=O)[O-]
dude_grik1__L005374,C1C=CC[C@@H]([C@@H]1C(=O)[O-])C(=O)OCC[C@@H](CCO)CO
dude_grik1__L005375,C1C[C@H](OC1)CNC(=O)N2C[C@H](C[C@H]2C(=O)[O-])O
dude_grik1__L005376,c1cscc1c2nc(no2)CNC(=O)c3cn[nH]n3
dude_grik1__L005377,c1c(cc(cc1C(=O)[O-])NC(=O)[C@H]2CCCO2)C(=O)[O-]
dude_grik1__L005378,Cc1c(c2c(c[nH+]1)CO[C@@H]2c3c([nH]c(=S)n(c3=O)c4ccccc4)[O-])[O-]
dude_grik1__L005379,Cc1cc(c(n1c2cccc(c2)C(=O)[O-])C)/C=N/NC(=O)c3ccc(cn3)[N+](=O)[O-]
dude_grik1__L005380,CC(C)[C@@H](C(=O)Nc1ccc(cn1)C(=O)[O-])NC(=O)C
dude_grik1__L005381,C[C@H](c1[n-]nnn1)NC(=O)[C@H](C)NC(=O)N
dude_grik1__L005382,c1cc(sc1CNS(=O)(=O)c2cc([nH]c2)C(=O)[O-])Br
dude_grik1__L005383,CC(=O)NNC(=O)Cc1csc(n1)c2cccc(c2)Br
dude_grik1__L005384,c1nc([nH]n1)CNS(=O)(=O)N2CCC[C@H](C2)C(=O)[O-]
dude_grik1__L005385,CN(CC(=O)[O-])c1ccc2c(c1N)ncs2
dude_grik1__L005386,C[C@@H](c1[n-]nnn1)NC(=O)c2c[nH]nc2
dude_grik1__L005387,c1ccc(c(c1)C(=O)NN[C@H]2CCS(=O)(=O)C2)[N+](=O)[O-]
dude_grik1__L005388,C[C@H]([C@H](C(=O)[O-])NC(=O)N1CCC(CC1)C(=O)OC)O
dude_grik1__L005389,CC(=O)OC[C@]12[C@@H](C[C@@H](C[C@@]1(CC[C@@H]3[C@@H]2[C@@H](C[C@@]4([C@@]3(CC[C@@H]4C(=O)[O-])O)C)OC(=O)C)O)OC(=O)C)O
dude_grik1__L005390,Cc1c(cn[nH]1)CCCNC(=O)N[C@H]([C@H](C)O)C(=O)[O-]
dude_grik1__L005391,CNc1c(cc(cc1Cl)C(=O)N2C[C@H]3CC[C@@H]2C3)[N+](=O)[O-]
dude_grik1__L005392,c1ccc(c(c1)C(=O)N2CCC(CC2)C(=O)N)[N-]S(=O)(=O)C3CCCCC3
dude_grik1__L005393,C[C@@H](C(=O)Nc1ccc(cc1)N2CCOCC2)OC(=O)[C@H]3CC(=O)N(C3)c4ccc5c(c4)OCCO5
dude_grik1__L005394,c1cc(c(cc1C(=O)N)[N+](=O)[O-])N2C[C@@H](C[C@@H]2C(=O)[O-])O
dude_grik1__L005395,CS(=O)(=O)[N-]c1ccc(cc1)NC(=O)c2ccc3c(c2)nn[nH]3
dude_grik1__L005396,c1c(c[nH]c1C(=O)[O-])S(=O)(=O)NCC(=O)N
dude_grik1__L005397,Cc1cc(cc(c1[O-])[C@@H]2c3c(c4ccccc4[nH]3)C[C@H]([NH2+]2)C(=O)[O-])[N+](=O)[O-]
dude_grik1__L005398,C[C@H]([C@@H](C(=O)[O-])NC(=O)N1CCS(=O)(=O)CC1)O
dude_grik1__L005399,c1cc(c(c2c1scn2)[N-]S(=O)(=O)CC(=O)[O-])Cl
dude_grik1__L005400,CCC1(CCN(CC1)C(=O)N2CC[C@H](C[C@@H]2C)C)C(=O)[O-]
dude_grik1__L005401,C[C@H](C(=O)NCC(=O)[O-])N1CCN(CC1)CCO
dude_grik1__L005402,Cc1ccccc1n2c(=O)c3c[nH]nc3nc2[S-]
dude_grik1__L005403,c1cc(ccc1N2C[C@H](CC2=O)C(=O)[O-])OCC(=O)[O-]
dude_grik1__L005404,Cc1c(c(n(n1)CCC(=O)N[C@@H]2[C@@H]3N(C2=O)C(=C(CS3)COC(=O)C)C(=O)[O-])C)[N+](=O)[O-]
dude_grik1__L005405,CCOC(=O)[C@@](C(F)(F)F)([O-])O/N=C(\c1ccccc1)/N
dude_grik1__L005406,Cc1c(cco1)C(=O)N/N=C(\C)/c2ccc(cc2)S(=O)(=O)N3CCCC[C@@H]3C(=O)[O-]
dude_grik1__L005407,CC1CCN(CC1)c2c(c(ncn2)N(CC#N)CC#N)N
dude_grik1__L005408,c1cc(c(cc1Cl)C(=O)N2CCC[C@@H](C2)S(=O)(=O)N)F
dude_grik1__L005409,CC(=O)NCC(=O)N1CCC[C@H](C1)S(=O)(=O)N
dude_grik1__L005410,C[C@H]([C@H]([C@@H](COP(=O)([O-])[O-])O)O)O
dude_grik1__L005411,C[C@H]([C@H](C(=O)[O-])NC(=O)c1cnc2ccccn2c1=O)O
dude_grik1__L005412,Cc1c(sc(c1C#N)NC(=O)N2CC[NH+](CC2)C)C
dude_grik1__L005413,C[C@]1\2CC[C@H](C1(C)C)C/C2=N/n3c(=O)[nH]nc3[O-]
dude_grik1__L005414,COc1ccc(cc1)N2C(=O)/C(=C/c3cc(c(c(c3)I)O)OC)/C(=NC2=S)[O-]
dude_grik1__L005415,C1CCC(CC1)(C(=O)[O-])NC(=O)[C@@H]2CSC(=O)N2
dude_grik1__L005416,c1cc(c(cc1C(=O)N[C@@]2(CCSC2)C(=O)[O-])Cl)O
dude_grik1__L005417,CC(C)S(=O)(=O)/N=C(/c1cc(ccc1NC)[N+](=O)[O-])\[O-]
dude_grik1__L005418,C[C@H](C(=O)[O-])O[C@H]1[C@@H]([C@@H](O[C@@H]2[C@@H]1O[C@@H](OC2)c3ccccc3)Oc4ccccc4Cl)NC(=O)C
dude_grik1__L005419,CSc1nc2c(c(n1)Cl)ncn2[C@@H]3C=CO[C@H]([C@@H]3O)CO
dude_grik1__L005420,Cc1c(cco1)c2nnc(n2N)S[C@@H](C)c3nnc(o3)C
dude_grik1__L005421,CC(=O)CC(=O)Nc1cnn(c1)CC(=O)N
dude_grik1__L005422,CCOCCS(=O)(=O)[N-]c1ccc(cc1)/C(=N/O)/N
dude_grik1__L005423,CC(=O)NCCNC=C1C(=O)NC(=O)NC1=O
dude_grik1__L005424,Cn1c(=O)ccn(c1=O)[C@@H]2[C@H]([C@@H]([C@H](O2)CO)O)O
dude_grik1__L005425,CS(=O)(=O)Nc1cccc(c1)C2=NN([C@@H](C2)c3cccc(c3)[N+](=O)[O-])C(=O)CCCC(=O)[O-]
dude_grik1__L005426,C[C@H]1CN(C[C@@H](O1)C)/C(=C(\C#N)/C(=O)CNC(=O)NC2CCCCC2)/[O-]
dude_grik1__L005427,C[C@@H]([C@@H](C(=O)[O-])NC(=O)NC1CCC(CC1)O)O
dude_grik1__L005428,CCC[C@@](C)(C(=O)[O-])NC(=O)N[C@@H](C)c1ccsc1
dude_grik1__L005429,c1cc(c(cc1[N+](=O)[O-])S(=O)(=O)N[C@@H](CO)C(=O)[O-])F
dude_grik1__L005430,Cc1nnc(n1C)[C@@H](CCO)[NH3+]
dude_grik1__L005431,CC[C@@H]1COCCN1S(=O)(=O)c2cnc(nc2)NN
dude_grik1__L005432,Cc1c(c(=O)oc2c1cc(c(c2)O[C@H](C)C(=O)N[C@H](Cc3c[nH]c4c3cc(cc4)O)C(=O)[O-])Cl)C
dude_grik1__L005433,Cc1cc(c2c(n1)S[C@H]([C@H]2N)c3[nH]c4cc(ccc4n3)[N+](=O)[O-])COC
dude_grik1__L005434,CC(=O)Nc1ccc(cc1)S(=O)(=O)N2CCC[C@@H](C2)C(=O)N3CCC[C@@H](C3)C(=O)[O-]
dude_grik1__L005435,Cc1c(c(n(n1)C)C)C(=O)C2=C(C(=O)N([C@H]2c3cc(c(c(c3)OC)OC)OC)C)[O-]
dude_grik1__L005436,COC(=O)CS(=O)(=O)[N-]c1ccc(cc1C(=O)[O-])N
dude_grik1__L005437,Cc1ccc(cc1)S(=O)(=O)/N=C(/Nc2cccc(c2)C(=O)[O-])\[O-]
dude_grik1__L005438,Cc1ccc(s1)S(=O)(=O)[N-]c2cc(cnc2)C(=O)[O-]
dude_grik1__L005439,CN(CC(=O)N)c1nc(nc(n1)Cl)n2cncn2
dude_grik1__L005440,c1c(cc(c(c1F)N2CCCC2)F)NC(=O)N3CCC[C@H](C3)O
dude_grik1__L005441,c1cc(ccc1C(=O)NCC(=O)N2CSC[C@@H]2C(=O)[O-])N
dude_grik1__L005442,CC(C)C(=O)Nc1c(c2c(s1)CCC[C@@H]2C(=O)[O-])C#N
dude_grik1__L005443,CC(=O)n1c2ccccc2c(c1[O-])C3=NC(=S)SC3=O
dude_grik1__L005444,CSCC[C@H](C(=O)[O-])NC(=O)N1CCCC[C@@H]1C(=O)N
dude_grik1__L005445,C[C@@H](/C(=N/O)/N)C(=O)NCc1nncn1C
dude_grik1__L005446,Cc1ccc(cc1C)N2C(=O)/C(=C/c3ccc(c(c3)[N+](=O)[O-])[O-])/C(=NC2=S)[O-]
dude_grik1__L005447,CC1=C2[C@H](C3=C(COC3=O)N[C@@H]2N=N1)c4ccc(c(c4)OC)O
dude_grik1__L005448,Cc1ccc([nH+]c1)N[C@H]([P@@](=O)(C)[O-])[P@](=O)(O)[O-]
dude_grik1__L005449,C[C@H]1Cc2cc(ccc2O1)C(=O)C3=C(C(=O)N([C@H]3c4cc(c(c(c4)OC)OC)OC)C[C@@H]5CCCO5)[O-]
dude_grik1__L005450,Cc1c2ccc(cc2oc(=O)c1CCC(=O)NCC(=O)NCC(=O)NCC(=O)[O-])O
dude_grik1__L005451,Cc1c(c[nH]n1)CNS(=O)(=O)c2ccc(cc2)I
dude_grik1__L005452,CS(=O)(=O)/N=C(/COc1ccc2ccc(=O)oc2c1)\[O-]
dude_grik1__L005453,C[C@](CCOC[C@@H]1CCCO1)(C(=O)[O-])[NH3+]
dude_grik1__L005454,CN(C)c1ccncc1NS(=O)(=O)c2c[nH]nc2
dude_grik1__L005455,c1c(cnc(n1)NN)S(=O)(=O)N2CCO[C@H]3[C@@H]2CCC3
dude_grik1__L005456,C[C@@]12CC[C@H]([C@@]([C@H]1Cc3c(nc(s3)NC(=O)COC)[C@H]2CC(=O)[O-])(C)CO)O
dude_grik1__L005457,CC1(C)Cc2c(C1)c(=O)[nH]c(=O)n2C[C@H](N)C(O)=O
dude_grik1__L005458,CO[C@H]1C[C@@H](N(C1)C(=O)NCCCC(=O)N)C(=O)[O-]
dude_grik1__L005459,COc1ccc(cc1O)[C@@H]2c3c(nc(s3)[S-])S[C@@H]4[C@@H]2C(=O)N(C4=O)c5ccc(cc5)[N+](=O)[O-]
dude_grik1__L005460,c1ccc2c(c1)C(=O)C(=C(C2=O)O[C@@H]3[C@@H]([C@@H]([C@@H]([C@@H](O3)CO)O)O)O)[O-]
dude_grik1__L005461,c1cc(c(cc1N)F)S(=O)(=O)[N-]c2ccc(c(c2)C#N)F
dude_grik1__L005462,c1cc(c(cc1S(=O)(=O)N)C(=O)[O-])N2C[C@H]3CC[C@@H]2C3
dude_grik1__L005463,C[C@@H](C1CC1)NC(=O)N2C[C@H](C[C@@H]2C(=O)[O-])O
dude_grik1__L005464,c1c(n2c(n1)CN(CC2)C(=O)[C@@H](C(F)(F)F)[O-])C(=O)N
dude_grik1__L005465,C1C[C@@H](N(C1)C(=O)N2CCC(CC2)C(=O)[O-])C(=O)N
dude_grik1__L005466,C1=C2C(=NC(=N2)[O-])C=C(C1=[NH2+])S(=O)(=O)[O-]
dude_grik1__L005467,Cc1cc(ccc1OCCCC(=O)Nc2ccc(cc2)S(=O)(=O)N3CCC[C@H](C3)C(=O)[O-])Cl
dude_grik1__L005468,CC(C)[C@H](C(=O)Nc1ccc(cc1)C(=O)[O-])NC(=O)C
dude_grik1__L005469,c1nc([nH]n1)c2nc(on2)[C@@H]3COCCO3
dude_grik1__L005470,Cc1cc(c(s1)NC(=O)c2cccs2)C(=O)NCCC(=O)[O-]
dude_grik1__L005471,C[C@H]([C@@H](C(=O)[O-])NC(=O)c1ccc(=O)n(n1)C)O
dude_grik1__L005472,C[C@@H]([C@H](C(=O)[O-])NC(=O)NCCCS(=O)(=O)C)O
dude_grik1__L005473,CSc1nnc(s1)CSc2nnc3n2ncn3N
dude_grik1__L005474,C[C@H]1CCC[C@@](C1)(C(=O)[O-])NC(=O)NCC2CC2
dude_grik1__L005475,C[C@H]1CCCN([C@H]1C)C(=O)NC2(CCCCC2)C(=O)[O-]
dude_grik1__L005476,C[C@@H]([C@H](C(=O)[O-])NC(=O)c1cc(c[nH]1)[N+](=O)[O-])O
dude_grik1__L005477,CC(C)[C@H](C(=O)[O-])NC(=O)NC[C@H]1CCOC1
dude_grik1__L005478,CCn1cc(cn1)NC(=O)N[C@@H](CCO)C(=O)[O-]
dude_grik1__L005479,C1C[NH+]2C[C@@H]([C@H]([C@@H]([C@H]2[C@@H]1O)O)O)O
dude_grik1__L005480,Cc2cn(C[C@H](N)C(O)=O)c(=O)n(Cc1ccoc1C(O)=O)c2=O
dude_grik1__L005481,C([C@@H]([C@H]([C@H]1[C@H]([C@H](C(=O)O1)O)O)O)O)O
dude_grik1__L005482,CS(=O)(=O)c1[n-]c(nn1)NC(=O)c2ccc3c(c2)OCO3
dude_grik1__L005483,CCN(C(=O)Nc1c[nH]nc1)C(C)(C)C(=O)[O-]
dude_grik1__L005484,Cc1ccc2c(c1)CCCN2C(=O)NCCC(=O)[O-]
dude_grik1__L005485,Cc1cccc2c1[nH]c3c2nn4c(n3)nnc4[S-]
dude_grik1__L005486,C1CCN(C1)C(=O)CN2CCO[C@@H](C2)C(=O)[O-]
dude_grik1__L005487,CS(=O)(=O)CCS(=O)(=O)[N-]c1cc(cc(c1)S(=O)(=O)N)F
dude_grik1__L005488,CCOc1cc(c(c(c1[O-])Br)Br)/C=N/NC(=O)[C@@H]2COc3ccccc3O2
dude_grik1__L005489,c1c(cc(c2c1c(cc(c2)S(=O)(=O)[O-])O)O)O
dude_grik1__L005490,c1cc(cc2c1cc[nH]2)C(=O)N3CCC[C@@H](C3)C(=O)[O-]
dude_grik1__L005491,Cn1cc(nc1)S(=O)(=O)NCC(=S)N
dude_grik1__L005492,CN(Cc1ccc2c(c1)OCO2)C(=O)NC[C@H]3CCOC3
dude_grik1__L005493,CCOC(=O)[C@@H]1[C@H](SC2=C1CCCC2)NC(=O)CSc3[n-]c(nn3)c4cc(cc(c4)OC)OC
dude_grik1__L005494,CC(C)(C)OC(=O)N1CCC(CC1)c2c(c(n(n2)C)N)C#N
dude_grik1__L005495,CC(=O)NC(NC(=O)C)NC(=O)C
dude_grik1__L005496,C[C@H]([C@H](C(=O)[O-])NC(=O)c1ccsc1)O
dude_grik1__L005497,Cc1cc2c(cc1C)OC[C@H]([C@@H]2O)[NH+](CC(=O)[O-])CC(=O)[O-]
dude_grik1__L005498,C1C(=O)[C@@H]2[C@H]([C@@H]2[C@@]1(C(=O)[O-])[NH3+])C(=O)[O-]
dude_grik1__L005499,CN1CCc2c(sc(n2)NC(=O)CCSCC(=O)N)C1
dude_grik1__L005500,Cc1ccc2c(c1)oc(=O)c3c2O[C@](C[C@@H]3C)(C)CO
dude_grik1__L005501,CC(=O)[C@H]1[C@@H](C[C@@H]2[C@@]1(C[C@@H]([C@@]3([C@@H]2CCC4=CC(=O)CC[C@]43C)F)O)C)O
dude_grik1__L005502,CCOC(=O)C1=C(N2C(=O)[C@H](SC2=C([C@@H]1c3cc(c(c(c3)OC)OC)OC)C#N)CC(=O)[O-])N
dude_grik1__L005503,Cc1ccc(c(c1)[N+](=O)[O-])NC(=O)C[C@@H]2C(=O)N[C@H](CS2)C(=O)[O-]
dude_grik1__L005504,OC(=O)Cn3c(=O)c(=O)[nH]c4cc(N(=O)=O)c(n2ccc(CN1CCCCC1)c2)cc34
dude_grik1__L005505,Cc1c(cnn1CCC(=O)N[C@@H]2[C@@H]3N(C2=O)C(=C(CS3)C)C(=O)[O-])[N+](=O)[O-]
dude_grik1__L005506,c1cn(c(=O)nc1N)[C@H]2[C@@H]([C@H]([C@H](O2)CO)O)O
dude_grik1__L005507,c1cc(cc(c1)[N+](=O)[O-])c2csc3n2c(nn3)CC(=O)[O-]
dude_grik1__L005508,COc1ccccc1[N-]C2=NC=NC3=NC=N[C@@H]32
dude_grik1__L005509,CC1CCC(CC1)(CO)NS(=O)(=O)CC(=O)[O-]
dude_grik1__L005510,C[C@H]1CCC[C@@](C1)(CO)NS(=O)(=O)c2cc(cnc2)Br
dude_grik1__L005511,c1cc(ccc1[N-]S(=O)(=O)c2ccc(cc2)N3C[C@H](CC3=O)C(=O)[O-])[N+](=O)[O-]
dude_grik1__L005512,CN(CC(=O)N1CCCC1)C(=O)Cn2cnc(n2)N
dude_grik1__L005513,c1cc(c(=O)[nH]c1)C(=O)N2C[C@H](C[C@H]2C(=O)[O-])O
dude_grik1__L005514,COCCCCNC(=O)NC1CCC(CC1)C(=O)[O-]
dude_grik1__L005515,CC1=Nn2c(=O)c(nnc2S[C@@H]1C(=O)OC)CCC(=O)[O-]
dude_grik1__L005516,CC(=O)N[C@H]1[C@H]([C@@H]([C@H](O[C@H]1O)CO)O)O
dude_grik1__L005517,c1cnn(c1)c2cc(ccn2)/C(=N/O)/N
dude_grik1__L005518,C[C@@H](C(=O)Nc1cc(cc(c1)C(=O)[O-])C(=O)[O-])Sc2ccc(cc2)[N+](=O)[O-]
dude_grik1__L005519,C[C@@H](CC(=O)[O-])NC(=O)NCc1nncn1C
dude_grik1__L005520,C[C@@H]1C[C@@H]1NC(=O)N[C@@H]([C@@H](C)O)C(=O)[O-]
dude_grik1__L005521,CN(CC(=O)N)C(=O)Cn1cnc(n1)N
dude_grik1__L005522,Cc1ccc(c(c1[N+](=O)[O-])S(=O)(=O)[O-])N
dude_grik1__L005523,CO/N=C(/c1ccco1)\C(=O)N[C@H]2[C@@H]3N(C2=O)C(=C(CS3)CO)C(=O)[O-]
dude_grik1__L005524,C1CSC[C@]1(C(=O)[O-])NC(=O)[C@H]2CSC(=O)N2
dude_grik1__L005525,C[C@](C1CC1)(C(=O)[O-])NC(=O)[C@H]2CCCN(C2)C(=O)N
dude_grik1__L005526,c1cnc(nc1)N2CCC[C@H]2C(=O)N[C@@H](CCO)C(=O)[O-]
dude_grik1__L005527,COC(=O)N1CCC(CC1)NC(=O)NCCN2CCCCCC2=O
dude_grik1__L005528,C[C@H]([C@H](C(=O)[O-])NC(=O)N[C@@H]1CCCC[C@@H]1O)O
dude_grik1__L005529,CN(CC(=O)N)S(=O)(=O)c1cc(ccc1F)C(=O)[O-]
dude_grik1__L005530,CC(=O)N[C@@H]1[C@@H]([C@@H](O[C@@H]([C@@H]1O)O)CO)O
dude_grik1__L005531,C[C@]1([C@@H]([C@@H](O[C@H]1n2ccc(nc2=O)N)CO)O)O
dude_grik1__L005532,C[C@H](c1[n-]nnn1)NC(=O)[C@H](C)NC(=O)C
dude_grik1__L005533,Cc1cc(ccc1NC(=O)[C@H]2C[C@@H]2C(=O)[O-])C(=O)[O-]
dude_grik1__L005534,C1[C@H](C=CS1(=O)=O)C(C(=O)N)C(=O)N
dude_grik1__L005535,Cc1cc2ncc(c(n2n1)C)C(=O)N[C@H](C)c3[n-]nnn3
dude_grik1__L005536,C[C@@](CCN1CCOCC1)(C(=O)[O-])N
dude_grik1__L005537,Cn1cc(cc1C(=O)N)S(=O)(=O)N2CCO[C@@H](C2)C(=O)[O-]
dude_grik1__L005538,C1CS(=O)(=O)C[C@@H]1NC(=O)NC(=O)CN2CCSCC2
dude_grik1__L005539,c1cocc1C(=O)NCCC(=O)N2C[C@@H](C[C@H]2C(=O)[O-])O
dude_grik1__L005540,CO[C@H]1C[C@H](N(C1)C(=O)NCC(=O)N)C(=O)[O-]
dude_grik1__L005541,CC(C)CC[C@@](C)(C(=O)[O-])Nc1ccc(cc1)C(=O)N
dude_grik1__L005542,C[C@@H]1CCC[C@](C1)(C(=O)[O-])NC(=O)N[C@@H]2CCCNC2=O
dude_grik1__L005543,C[C@H](Cc1ccco1)NC(=O)N2C[C@@H](C[C@H]2C(=O)[O-])O
dude_grik1__L005544,CC(=O)NCCNC(=O)Cn1cc(cn1)N
dude_grik1__L005545,CC(=O)NC([C@@H]([C@H](CO)O)O)NC(=O)C
dude_grik1__L005546,c1ccc2c(c1)nc(n2CC(=O)N/N=C/c3cccc(c3[O-])[N+](=O)[O-])C(F)(F)F
dude_grik1__L005547,C[C@H]([C@H](C(=O)[O-])NS(=O)(=O)c1cc(c(nc1)N)[N+](=O)[O-])O
dude_grik1__L005548,Cc1cc(c(c(=O)n1C)Cc2c(cc(n(c2=O)C)C)[O-])[O-]
dude_grik1__L005549,C1=C(O[C@H]([C@H]([C@@H]1O)O)[C@@H]([C@@H](CO)O)O)C(=O)[O-]
dude_grik1__L005550,COCC[C@H](C(=O)[O-])NC(=O)N1CCC[C@H]1C(=O)N
dude_grik1__L005551,c1ccc(cc1)CCSC2=C(C3=NC(=O)C=C([C@@H]3S2)[O-])C(=O)N
dude_grik1__L005552,c1cc(cc(c1)S(=O)(=O)N)[N-]S(=O)(=O)c2cc(ccc2Cl)[N+](=O)[O-]
dude_grik1__L005553,CC(C)(C)[C@@H](C(=O)[O-])NC(=O)N1CC[C@@H](C1)O
dude_grik1__L005554,CC(C)[C@@H](C(=O)[O-])NC(=O)c1ccc2c(c1)CCN2
dude_grik1__L005555,Cc1ccc(cc1)S(=O)(=O)[N-]n2c(nnn2)N
dude_grik1__L005556,Cc1cccn2c1nc(c2C(=O)C3=C(C(=O)N([C@@H]3c4cccc(c4)[N+](=O)[O-])c5nccs5)[O-])C
dude_grik1__L005557,CCc1c(c(n[nH]1)C(=O)N(C)[C@@H]2CCS(=O)(=O)C2)N
dude_grik1__L005558,C1CN(CCC1C(=O)NCCCO)C(=O)c2nc([nH]n2)N
dude_grik1__L005559,CC1CCC(CC1)(C(=O)[O-])NC(=O)NCC(=O)N
dude_grik1__L005560,CC(C)(C)S(=O)(=O)c1cnc(nc1N)N2CCOCC2
dude_grik1__L005561,CCCn1c(=O)ccc(n1)C(=O)NCC(=O)NCC(=O)[O-]
dude_grik1__L005562,c1cc2c(cc1C(=O)N3CCC[C@@H](C3)C(=O)NC4CC4)nc([nH]c2=O)[S-]
dude_grik1__L005563,Cc1ccc(cc1)S(=O)(=O)N(C(=O)COc2ccccc2)[N-]C3=NS(=O)(=O)c4c3cccc4
dude_grik1__L005564,C[C@H](CC(=O)[O-])NC(=O)N(C)C[C@H](C)O
dude_grik1__L005565,C[C@H]([C@@H](C(=O)[O-])NC(=O)COc1ccc2c(c1)CCC2)O
dude_grik1__L005566,Cn1c2ccccc2c(=O)c(n1)C(=O)Nc3ccc(cc3)S(=O)(=O)[N-]c4nccs4
dude_grik1__L005567,CC(=O)[C@@]1(CCOC1=O)Cc2cc(c3c(c2O)C(=O)c4c(cccc4O)C3=O)O
dude_grik1__L005568,CC(=O)N1CCN(CC1)S(=O)(=O)c2cccc(c2)C(=O)Nc3ccc(cc3)S(=O)(=O)N(C)C
dude_grik1__L005569,C1CSCCN1C(=O)c2nc([nH]n2)N
dude_grik1__L005570,Oc2nc1cc(N(=O)=O)c(N(=O)=O)cc1nc2O
dude_grik1__L005571,C1COC[C@H]1CNC(=O)C(=O)NCC(=S)N
dude_grik1__L005572,CCN(CCc1ccncc1)C(=O)C(=O)NC[C@@H](c2ccco2)S(=O)(=O)c3ccc4c(c3)OCCO4
dude_grik1__L005573,C1[C@@H](CN(C1=O)CC(F)(F)F)C(=O)N[C@H](CO)C(=O)[O-]
dude_grik1__L005574,CC(C)CCNC(=O)N1C[C@H](C[C@@H]1C(=O)[O-])O
dude_grik1__L005575,Cc1c(c(n(n1)c2nc(nc(n2)Cl)OC)C)CC(=O)[O-]
dude_grik1__L005576,Cc1ccc(o1)[C@H](C)NC(=O)N2C[C@H](C[C@@H]2C(=O)[O-])O
dude_grik1__L005577,CNC(=O)N1CCC(CC1)C(=O)N[C@@H]2CCS(=O)(=O)C2
dude_grik1__L005578,CC1=C2[C@H](SCC(=O)N[C@H]2N(N1)C3=NC=NC4=NC=N[C@@H]43)c5ccc(cc5OC)OC
dude_grik1__L005579,C1CCC(CC1)(C(=O)[O-])NC(=O)N2CCC(=O)NCC2
dude_grik1__L005580,C[C@@H](C(=O)Nc1ccc(cc1Cl)[N+](=O)[O-])Oc2ccc(cc2[N+](=O)[O-])C(=O)[O-]
dude_grik1__L005581,c1cscc1CCNC(=O)NC2CCC(CC2)C(=O)[O-]
dude_grik1__L005582,c1ccc2c(c1)-c3ccccc3C2P(=O)([O-])[O-]
dude_grik1__L005583,C1[C@@H]([C@H](C(=O)C[C@@]1(C(=O)[O-])O)O)O
dude_grik1__L005584,[H]/N=C\1/C(=C/c2ccc(o2)c3ccc(cc3)[N+](=O)[O-])/C(=O)N=C4N1N=C(S4)S(=O)(=O)CC(C)C
dude_grik1__L005585,c1ccc(c(c1)N)N(CC(=O)[O-])C(=O)c2ccncc2
dude_grik1__L005586,C[C@@H](CC(=O)[O-])NC(=O)c1ccc(cc1)NC(=O)C
dude_grik1__L005587,c1cnccc1C(=O)N2C[C@@H](C[C@@H]2C(=O)[O-])O
dude_grik1__L005588,Cc1ccc(cc1)CNC(=O)[C@@]2(Cn3cnc(c3C(=O)N2c4ccc5c(c4)OCCO5)C(=O)OC)C
dude_grik1__L005589,c1cc(ccc1C(=O)NCCO)[N-]S(=O)(=O)c2ccc(cc2)[N+](=O)[O-]
dude_grik1__L005590,COc1cc(ccc1c2ccc(o2)/C=C\3/C(=NC(=O)N(C3=O)c4cccc(c4)Cl)[O-])[N+](=O)[O-]
dude_grik1__L005591,CC(C)[C@@H](C(=O)[O-])Nc1c(ccc([nH+]1)N[C@H](Cc2ccc(cc2)O)C(=O)[O-])[N+](=O)[O-]
dude_grik1__L005592,c1ccc(cc1)C(=O)NC2=NN(C(=O)[C@]2([O-])S(=O)(=O)[O-])c3ccccc3
dude_grik1__L005593,c1cc(ccc1C(=O)N)S(=O)(=O)N2CC[C@H](C2)C(=O)[O-]
dude_grik1__L005594,CN(C)S(=O)(=O)c1ccc(cc1)S(=O)(=O)[N-]c2ccccc2C(=O)N3CCOCC3
dude_grik1__L005595,CCC[C@]1(CCN(C1)C(=O)c2cc(c[n-]2)[N+](=O)[O-])C(=O)[O-]
dude_grik1__L005596,C=CC(=O)N(CC(=O)[O-])c1ccc(cc1)O
dude_grik1__L005597,CO[C@@H]1CCC[C@@H]1NC(=O)NC2(CCCCC2)C(=O)[O-]
dude_grik1__L005598,Cc1ccc(s1)C(=O)NCC(=O)OCC(=O)Nc2cc(ccc2Cl)S(=O)(=O)N3CCOCC3
dude_grik1__L005599,Cc1ccc(cc1)N2CCN(C2=O)CC(=O)Nc3ccc(cc3)S(=O)(=O)[N-]c4nccc(n4)C
dude_grik1__L005600,c1cc(c(cc1CNS(=O)(=O)c2cc([nH]c2)C(=O)[O-])F)F
dude_grik1__L005601,C[C@@H](C(=O)[O-])NC(=O)[C@H](C(C)C)NC(=O)[C@@H]1[C@@H]2[C@@H]([C@@H]3[C@@H](O1)OC(O3)(C)C)OC(O2)(C)C
dude_grik1__L005602,CC1(O[C@H]([C@@H](O1)[C@@H](CO)O)CO)C
dude_grik1__L005603,COc1ccc2=[NH+][C@H]3[C@@H](NCCC3=c2c1)c4c([nH]c(=O)[nH]c4=O)[O-]
dude_grik1__L005604,C[C@H](C(=O)N1CCOCC1)NS(=O)(=O)c2c[nH]nc2
dude_grik1__L005605,Cc1ccc(cc1/C(=N/S(=O)(=O)c2cc(ccc2Cl)[N+](=O)[O-])/[O-])[N+](=O)[O-]
dude_grik1__L005606,COc1ccc(cc1)C(=O)C2=C(C(=O)N([C@H]2c3cc(c(c(c3)OC)OC)OC)C[C@H]4CCCO4)[O-]
dude_grik1__L005607,CC(=O)NNC(=O)c1cccc(c1)S(=O)(=O)N(C)C
dude_grik1__L005608,c1cc(c([nH+]c1)NC(=O)C2CCN(CC2)C(=O)c3ccoc3)[O-]
dude_grik1__L005609,C[C@@H]1CCC[C@@](C1)(C(=O)[O-])NC(=O)N[C@@H](C)C2CC2
dude_grik1__L005610,C1CC2(CCC1([NH2+]2)C(=O)[O-])C(=O)[O-]
dude_grik1__L005611,CC(=O)Nc1nnc(s1)S(=O)(=O)[N-]c2cccc3c2OCC(=O)N3C
dude_grik1__L005612,c1cc(=O)n(nc1[O-])CCC(=S)N
dude_grik1__L005613,CCOc1cc(ccc1O)[C@@H]2C(=C(C(=O)N2CCN3CCOCC3)[O-])C(=O)c4cc5ccccc5o4
dude_grik1__L005614,Cc1ncc(s1)CNC(=O)[C@H]2C[C@H]2C(=O)[O-]
dude_grik1__L005615,C[C@@H]([C@H](C(=O)[O-])NC(=O)c1ccc(c(c1)C(F)(F)F)F)O
dude_grik1__L005616,[H]/N=C\1/N(C(=O)CS1)c2nc3ccc(cc3s2)C
dude_grik1__L005617,C1CCC(CC1)(CC(=O)NCCCC(=O)N)C(=O)[O-]
dude_grik1__L005618,C[C@@H](C(=O)c1c(n(c(=O)n(c1=O)C)C)N)Sc2[n-]c3cc(cnc3n2)Cl
dude_grik1__L005619,C[C@@]1(Cn2c(cc(n2)C(=O)NCCCN3CCOCC3)C(=O)N1C)C(=O)NC4CCCC4
dude_grik1__L005620,CC(C)C(=O)N1CSC[C@@H]1C(=O)[O-]
dude_grik1__L005621,C1CN(CCC1CC(=O)N)C(=O)C(=O)NCC(=S)N
dude_grik1__L005622,CC1=C2[C@@H](SCC(=O)N[C@H]2N(N1)C3=NC=NC4=NC=N[C@@H]43)c5cccc(c5OC)OC
dude_grik1__L005623,CCc1nnc(s1)NC(=O)CSc2nnc(n2C)Cc3c(nc4c(cccn4c3=O)C)C
dude_grik1__L005624,CN(CC(=O)/N=C/1\NCC(=N1)[O-])S(=O)(=O)c2cccs2
dude_grik1__L005625,CN(C)C(=O)N1CCC[C@H](C1)C(=O)N[C@@H](CCO)C(=O)[O-]
dude_grik1__L005626,C1COCCN1C(=O)N2C[C@@H](C[C@@H]2C(=O)[O-])O
dude_grik1__L005627,CS(=O)(=O)N1CCc2c1ccc(c2)C(=O)N[C@H]3CCCNC3=O
dude_grik1__L005628,c1c(cn(n1)CC(=O)N2CCC(CC2)C(=O)[O-])C(=O)N
dude_grik1__L005629,Cc1ccc(s1)c2nc([nH]n2)/N=C(/C3=N[C@@H](SC3)NC(=O)C)\[O-]
dude_grik1__L005630,c1c(cc(cc1F)F)NC(=O)NC(=O)CCCC(=O)[O-]
dude_grik1__L005631,CC(C)(CO)[NH+](CC(=O)[O-])CC(=O)[O-]
dude_grik1__L005632,c1c(c[nH]c1C(=O)[O-])S(=O)(=O)NC2CC2
dude_grik1__L005633,c1cc(=O)n(nc1[O-])CCNc2ncc(c(n2)N3CCCC3)F
dude_grik1__L005634,C1C[C@@H](OC1)CS(=O)(=O)N[C@@H](CCO)C(=O)[O-]
dude_grik1__L005635,C[C@]1(C[C@H](CC(C1)(C)C)O)CNC=C2C(=O)N(C(=O)N(C2=O)C)C
dude_grik1__L005636,CN1CCN(CC1)C(=O)C[NH2+]CCO
dude_grik1__L005637,C1CS(=O)(=O)C[C@H]1NC(=O)Nc2nnc(s2)C(F)F
dude_grik1__L005638,c1cc(c(cc1O)[O-])C(=O)CSc2nnc(s2)NC3CC3
dude_grik1__L005639,c1cc(ccc1C(=O)Nc2cc(ccc2N3CCOCC3)S(=O)(=O)N4CCOCC4)C(=O)[O-]
dude_grik1__L005640,Cc1nc(cs1)c2cc([nH]c2)C(=O)N[C@H](CCO)C(=O)[O-]
dude_grik1__L005641,Cc1ccccc1[C@H]([C@H](C(=O)[O-])NC(=O)OC(C)(C)C)O
dude_grik1__L005642,CCC1CCC(CC1)(C(=O)[O-])NC(=O)N[C@@H](CC)C(C)C
dude_grik1__L005643,CCOc1cc(ccc1O)[C@@H]2C(=C(C(=O)N2CCN3CCOCC3)[O-])C(=O)c4ccc(cc4)OCC=C
dude_grik1__L005644,c1ccc2c(c1)OC[C@H](O2)CNC(=O)NCC(=O)N[C@@H]3CCS(=O)(=O)C3
dude_grik1__L005645,Cc1cc(c(o1)C)C(=O)NNC(=O)NC[C@H]([C@@H]2CCOC2)N3CCOCC3
dude_grik1__L005646,Cc1ccc(cc1C(=O)[O-])S(=O)(=O)/N=c/2\[nH]c(c3c(n2)nc[nH]3)[O-]
dude_grik1__L005647,c1ccc(cc1)S(=O)(=O)Nc2ccc(cc2)C(=O)Nc3ccc(cc3)S(=O)(=O)[N-]c4nccs4
dude_grik1__L005648,CC(=O)Nc1cccc(c1)N[C@]2(CCSC2)C(=O)[O-]
dude_grik1__L005649,c1cc(ccc1C(=O)N2CCC[C@@H](C2)C(=O)[O-])N
dude_grik1__L005650,C[C@H](Cn1cccn1)NC(=O)N[C@H](CCO)C(=O)[O-]
dude_grik1__L005651,CNc1c2c(ncn1)n(cn2)[C@H]3[C@H](C[C@H](O3)CO)F
dude_grik1__L005652,C1CC1(C(=O)NCC(=O)N2CCNCC2)C(=O)[O-]
dude_grik1__L005653,CC[C@@H](C(=O)[O-])NC(=O)c1csc(n1)/N=C(/C(F)(F)F)\[O-]
dude_grik1__L005654,CS(=O)(=O)CC[C@H](C(=O)[O-])NC(=O)Cc1csc(n1)N
dude_grik1__L005655,c1cc2cn[nH]c2cc1C(=O)N3C[C@@H](C[C@@H]3C(=O)[O-])O
dude_grik1__L005656,C(CC(=O)[O-])CNC=C1C(=O)NC(=O)NC1=O
dude_grik1__L005657,C1[C@H](O[C@H]([C@@H]1O)CO)CN2[C@H](N=C3C2=NC(=NC3=O)[NH-])O
dude_grik1__L005658,CC(C)(C(=O)[O-])NC(=O)NCCOc1ccccc1
dude_grik1__L005659,C/[N+](=N\CO[C@H]1[C@H]([C@@H]([C@@H]([C@@H](O1)CO)O)O)O)/[O-]
dude_grik1__L005660,C1CO[C@H](CO1)CNC(=O)C/C(=N/O)/N
dude_grik1__L005661,Cc1ccc(s1)/C=C/C(=O)N[C@@H]([C@H](C)O)C(=O)[O-]
dude_grik1__L005662,c1c(cn(n1)CC(=O)N)NC(=O)CC(=O)[O-]
dude_grik1__L005663,c1cc(ccc1[N+](=O)[O-])S(=O)(=O)[N-]c2nc3cc4c(cc3s2)OCCO4
dude_grik1__L005664,CC(C)[C@@H](C(=O)Nc1cc(ccc1Cl)C(=O)[O-])NC(=O)C
dude_grik1__L005665,c1c(cnc(n1)NN)S(=O)(=O)N2CCNC(=O)C2
dude_grik1__L005666,C[C@H]([C@H](C(=O)[O-])NC(=O)N(CCOC)C1CC1)O
dude_grik1__L005667,c1cc(c(cc1S(=O)(=O)/N=C(/CN2CCCS2(=O)=O)\[O-])C#N)F
dude_grik1__L005668,C[C@H]1CCC[C@@](C1)(C(=O)[O-])NC(=O)NCCc2ccsc2
dude_grik1__L005669,c1cc(cnc1)C(=O)N[C@H](CO)C(=O)[O-]
dude_grik1__L005670,CC(=O)CC(=O)N1CCC[C@H](C1)CNS(=O)(=O)N
dude_grik1__L005671,Cc1cc(on1)[N-]S(=O)(=O)c2ccc(c(c2)C(=O)[O-])Cl
dude_grik1__L005672,[H]/N=C/1\NC(=O)[C@H](S1)CC(=O)NCCCC(=O)[O-]
dude_grik1__L005673,c1cnc(cn1)c2nnc3n2N[C@H](S3)[C@H]4C=CN=N4
dude_grik1__L005674,C1CC1N(CCO)C(=O)N2C[C@@H](C[C@H]2C(=O)[O-])O
dude_grik1__L005675,Cc1nc([nH]n1)/N=C(/CNC(=O)c2cc3c(s2)CCCC3)\[O-]
dude_grik1__L005676,CNc1ccc(cc1[N+](=O)[O-])C(=O)N2CC[C@@H](C2)O
dude_grik1__L005677,C[C@@]1(CCS(=O)(=O)C1)NC(=O)C(=O)NN
dude_grik1__L005678,CCC[C@](C)(C(=O)[O-])NC(=O)[C@@H]1Cc2ccccc2CN1
dude_grik1__L005679,C=CCN1C(=O)[C@@H]2CN(CCN2C1=O)C(=O)CC3(CCCC3)CC(=O)[O-]
dude_grik1__L005680,C[C@H](CNS(=O)(=O)c1cc(ccc1Br)C(=O)[O-])O
dude_grik1__L005681,Cn1cnnc1SCc2nc(c3cnn(c3n2)C)N
dude_grik1__L005682,C1CCn2c(nn(c2=O)C3(CCS(=O)(=O)CC3)C(=O)[O-])C1
dude_grik1__L005683,CCC[C@](C)(C(=O)[O-])NC(=O)N[C@@H](C)c1cccnc1
dude_grik1__L005684,Cc1cc(c2ccccc2c1OS(=O)(=O)[O-])OS(=O)(=O)[O-]
dude_grik1__L005685,C[C@H]([C@@H]1CCCO1)NC(=O)c2cc(ccc2O)[N-]S(=O)(=O)C
dude_grik1__L005686,c1cc(c(cc1S(=O)(=O)N2CCCCC2)NC(=O)[C@@H]3CC=CC[C@H]3C(=O)[O-])OCC(F)(F)F
dude_grik1__L005687,c1cc2c(cc1[N-]S(=O)(=O)c3ccc(o3)C(=O)[O-])OCO2
dude_grik1__L005688,C1[C@@H](CN([C@@H]1C(=O)[O-])C(=O)NCC23CC4CC(C2)CC(C4)C3)O
dude_grik1__L005689,CC[C@H](c1cccs1)NC(=O)NC(=O)C[C@@H](C)CC(=O)[O-]
dude_grik1__L005690,CO[C@H]1[C@H]([C@H](O[C@H]([C@@H]1O)O)CO)O
dude_grik1__L005691,c1csc2n1c(c(n2)N)S(=O)(=O)N[C@@H]3CCCNC3=O
dude_grik1__L005692,Cc1cc(ccc1[N+](=O)[O-])C(=O)N2CCO[C@@H](C2)C(=O)[O-]
dude_grik1__L005693,C1CCC(CC1)NC(=O)N2C[C@@H](C[C@@H]2C(=O)[O-])O
dude_grik1__L005694,Cc1c(cco1)C(=O)Nc2nc(cs2)CC(=O)N3CCO[C@H](C3)C(=O)N
dude_grik1__L005695,CCNC1=NC2=NN(C(=S)CN2C(=N1)NCC)C(=O)c3ccc4c(c3)OCCO4
dude_grik1__L005696,C[C@H]([C@@H](C(=O)[O-])NS(=O)(=O)c1cc(cnc1)N)O
dude_grik1__L005697,C1CS(=O)(=O)C[C@H]1CC(=O)N[C@@H](CO)C(=O)[O-]
dude_grik1__L005698,CS(=O)(=O)[N-]c1ccc(cc1)NC(=O)c2c(cn[nH]2)N
dude_grik1__L005699,CC1(O[C@H]2[C@H]([C@@H](CO[C@@]2(O1)COS(=O)(=O)[NH-])O)O)C
dude_grik1__L005700,C[C@@H](c1[n-]nnn1)NC(=O)[C@H](C)NC(=O)C
dude_grik1__L005701,CCOc1ccc(cc1)[C@H]2C(=C(C(=O)N2CCCN3CCOCC3)[O-])C(=O)c4cc(ccc4O)Cl
dude_grik1__L005702,[H]/N=C/1\N=C2C(=NCN2[C@H]3[C@@H]([C@@H]([C@@H](O3)CO)O)O)C(=N1)[O-]
dude_grik1__L005703,C1CCC(CC1)N2CCN(CC2)C3=[NH+]C(=NC4=NC=N[C@@H]34)[NH-]
dude_grik1__L005704,c1cc(ccc1C(=O)NC2(CCCC2)CO)n3cnnn3
dude_grik1__L005705,Cc1cc(cc(c1)S(=O)(=O)[N-]c2ccsc2C(=O)OC)N
dude_grik1__L005706,CC(=O)NCCNS(=O)(=O)c1cc(cnc1)/C=C/C(=O)[O-]
dude_grik1__L005707,Cc1ccc[nH+]c1NC([P@@](=O)(C)[O-])[P@](=O)(C)[O-]
dude_grik1__L005708,c1cc(ccc1NCC(=O)[O-])S(=O)(=O)CN
dude_grik1__L005709,CC(=O)N1CCC[C@H](C1)C(=O)N[C@H](CO)C(=O)[O-]
dude_grik1__L005710,c1cc(c(cc1NC(=O)NCC[C@@H]2CCCO2)C(=O)[O-])F
dude_grik1__L005711,CC(C)N(CCO)C(=O)N1C[C@@H](C[C@@H]1C(=O)[O-])O
dude_grik1__L005712,C[C@@H]1CN(C[C@H](O1)C)S(=O)(=O)c2ccc(cc2)C(=O)NNc3nc4cc5c(cc4s3)OCO5
dude_grik1__L005713,CO[C@H]1[C@H]([C@@H]([C@@H]2[C@@H](O1)COc3ccccc3O2)NC(=O)N)O
dude_grik1__L005714,C[C@H]1C[NH2+]CCCN(C1)c2ccc3c(c2)OCCO3
dude_grik1__L005715,c1c(nc(s1)N)C(=O)N2CCC[C@H]2CC(=O)[O-]
dude_grik1__L005716,Cc1c(c(n(n1)Cc2nc(c3cnn(c3n2)C)N)C)Cl
dude_grik1__L005717,c1c(c(n(n1)CCOS(=O)(=O)[O-])N)C(=O)N
dude_grik1__L005718,CC(=O)Nc1ccn(c(=O)n1)[C@@H]2[C@@H]([C@H]([C@@H](O2)CO)O)O
dude_grik1__L005719,CS(=O)(=O)N1CCN(CC1)c2ncc(cn2)N
dude_grik1__L005720,C1N=C2C(=NC(=NC2=O)[NH-])N1COCCO
dude_grik1__L005721,CC(C)(C)OC(=O)N(C)C(C)(C(=O)[O-])C(=O)[O-]
dude_grik1__L005722,c1cc(ncc1[N+](=O)[O-])N2CCC[C@@H](C2)C(=O)[O-]
dude_grik1__L005723,COc1ccc(cc1)N2C[C@H](CC2=O)C(=O)NCCS(=O)(=O)N3CCc4cc(c(cc4C3)OC)OC
dude_grik1__L005724,c1cn(nc1N)CC(=O)OCC(=O)[O-]
dude_grik1__L005725,C[C@@H]1CCC[C@H]([C@@H]1C)NC(=O)NC(=O)/C=C/C(=O)[O-]
dude_grik1__L005726,CC(C)[C@@H](C(=O)N[C@H](C)C(=O)[O-])NC(=O)[C@@H]1[C@H]2[C@@H]([C@@H]3[C@H](O1)OC(O3)(C)C)OC(O2)(C)C
dude_grik1__L005727,CC(C)[C@@H](C(=O)[O-])NC(=O)Cc1csc(n1)[N-]S(=O)(=O)C
dude_grik1__L005728,C[C@@H](C(=O)[O-])NS(=O)(=O)c1ccc(=O)[nH]c1
dude_grik1__L005729,Cc1ccc(cc1)c2nc([nH]n2)NC(=O)c3ccc(cc3)n4c(c[nH]c4=O)C
dude_grik1__L005730,C/C=C/C(=O)Nc1cc(cc(c1)C(=O)[O-])C(=O)[O-]
dude_grik1__L005731,C1C[C@@H](COC1)C(=O)N[C@@H](CCO)C(=O)[O-]
dude_grik1__L005732,C[C@@H]1CN(C[C@@H](O1)C)S(=O)(=O)NCc2cc[nH]n2
dude_grik1__L005733,c1ccc(c(c1)NC(=O)N[C@H](C2CC2)C(=O)[O-])OC(F)F
dude_grik1__L005734,c1cc(cc(c1)N)C(=O)N2C[C@H](C[C@H]2C(=O)[O-])O
dude_grik1__L005735,C1CC1c2nc(c(o2)N3CCN(CC3)S(=O)(=O)N)C#N
dude_grik1__L005736,C[C@H]1CCCN(C1)C(=O)COc2ccc(cc2C(=O)[O-])C(=O)[O-]
dude_grik1__L005737,Cc1ncc(s1)CNC(=O)N[C@@H](CO)C(=O)[O-]
dude_grik1__L005738,CC(=O)N1CCC(CC1)NC(=O)C=C2CCCCC2
dude_grik1__L005739,CC(C)(C)c1csc(n1)NC(=O)N2C[C@H](C[C@H]2C(=O)[O-])O
dude_grik1__L005740,c1ccc(cc1)C2=CCN(CC2)S(=O)(=O)CC3(CCN(CC3)C(=O)O[C@H]4CCOC4)C(=O)NO
dude_grik1__L005741,CS(=O)(=O)CCS(=O)(=O)NCC(=O)NCC(=O)[O-]
dude_grik1__L005742,CC(C)CCOCCNC(=O)N[C@@H](CO)C(=O)[O-]
dude_grik1__L005743,CC(C)NC(=O)c1cccc(c1)NC(=O)CCC(=O)[O-]
dude_grik1__L005744,c1cc(ncc1Cl)NC(=O)[C@@H]2CC=CC[C@@H]2C(=O)[O-]
dude_grik1__L005745,Cc1nc2c3ccccc3nc(n2n1)NNC(=O)CCC(=O)N4CCN(CC4)c5cccc(c5)Cl
dude_grik1__L005746,C[C@@H]1[C@@H]2[C@@H](N(C(=O)N([C@@H]2N(C(=O)N1C)CO)C)CO)C
dude_grik1__L005747,C[C@](c1c(cccc1F)F)(C(=O)[O-])NCC(=O)NC2CC2
dude_grik1__L005748,OC(=O)Cn3c(=O)c(=O)[nH]c4cc(C(F)(F)F)c(n2ccc(CNC(=O)Nc1ccc(N(=O)=O)cc1)c2)cc34
dude_grik1__L005749,Cc1c(sc(n1)N2[C@@H](C(=C(C2=O)[O-])C(=O)c3ccc(cc3)OC(C)C)c4ccc(cc4)O)C(=O)OC
dude_grik1__L005750,c1cc(c(cc1F)[N+](=O)[O-])S(=O)(=O)[N-]c2[nH]cnn2
dude_grik1__L005751,CC(C)(C(=O)[O-])NC(=O)[C@@H]1CC(=O)N(C1)C
dude_grik1__L005752,CCCc1cc(=O)[nH]c(=S)n1[C@@H]2[C@@H]([C@@H]([C@@H]([C@@H](O2)C(=O)[O-])O)O)O
dude_grik1__L005753,C[C@@H]1CN(CC(O1)(C)C)C(=O)N[C@H](CCO)C(=O)[O-]
dude_grik1__L005754,c1cc(ccc1NC(=O)c2cc(ccc2[N+](=O)[O-])Cl)S(=O)(=O)N3CCC[C@@H](C3)C(=O)[O-]
dude_grik1__L005755,c1cc(ncc1Cl)NC(=O)[C@@H]2CC=CC[C@H]2C(=O)[O-]
dude_grik1__L005756,C1COC(O1)[C@@H]([C@@H]([C@H]([C@H](CO)O)O)O)O
dude_grik1__L005757,CC(C)n1c2c(cn1)[nH]c(n2)c3cccn3c4nccs4
dude_grik1__L005758,C[C@](C1CC1)(C(=O)[O-])NC(=O)NCCCC(=O)N
dude_grik1__L005759,C/C(=N\O)/[C@]1(N(C(C(=[N+]1[O-])c2ccco2)(C)C)O)C
dude_grik1__L005760,CCc1n[nH]c(=S)n1CC(=O)N
dude_grik1__L005761,Cc1cc(n(n1)c2ccc(cc2)[N+](=O)[O-])[N-]S(=O)(=O)c3cnn(c3)C
dude_grik1__L005762,[H]/N=C\1/C(=N\O)/C(=O)NC(=N1)[S-]
dude_grik1__L005763,COC(=O)[C@H]1CCCN1C(=O)[C@@H]2C[C@H](CCN2C(=O)COCC(=O)[O-])SCc3ccco3
dude_grik1__L005764,Cc1ccc(cc1[N-]S(=O)(=O)C)[N-]S(=O)(=O)c2ccc(s2)[N+](=O)[O-]
dude_grik1__L005765,CCCN(CCO)C(=O)Nc1ccc(cc1)C(=O)[O-]
dude_grik1__L005766,C[C@@H]([C@H](C(=O)[O-])NS(=O)(=O)c1cc(cc(c1)F)F)O
dude_grik1__L005767,Cc1cc(c2c(c1)[C@@H]([C@@H](CO2)[NH+](CC(=O)[O-])CC(=O)[O-])O)C
dude_grik1__L005768,c1ccc(c(c1)[N-]S(=O)(=O)c2cccc(c2)C(=O)N[C@H]3CCCNC3=O)F
dude_grik1__L005769,Cc1c(c(n(n1)CCC(=O)[O-])C)S(=O)(=O)N[C@H](C)CO
dude_grik1__L005770,Cc1c(c(n[nH]1)C)n2cc(ccc2=O)C(=O)[O-]
dude_grik1__L005771,c1cc(c(cc1NC(=O)c2ccc(s2)C(=O)[O-])C#N)F
dude_grik1__L005772,c1cc(ccc1[N-]S(=O)(=O)c2ccc(=O)[nH]c2)[N+](=O)[O-]
dude_grik1__L005773,CN1CCc2c(C1)c(N(=O)=O)cc3nc(O)c(O)nc23
dude_grik1__L005774,CC(C)(CNC(=O)N1CCO[C@H](C1)C(=O)N)c2ccc3c(c2)OCO3
dude_grik1__L005775,Cc1c2ccc(cc2oc(=O)c1CC(=O)N[C@H](Cc3c[nH]c4c3cc(cc4)O)C(=O)[O-])O
dude_grik1__L005776,C1COCCC1S(=O)(=O)N[C@@H](CCO)C(=O)[O-]
dude_grik1__L005777,C1CN(CCN1CCO)C(=O)N[C@@H](CC(=O)N)C(=O)[O-]
dude_grik1__L005778,CC(=O)O[C@H]1[C@@H]2[C@H](O[C@@H]1[C@H](CO)O)OC(O2)(C)C
dude_grik1__L005779,C[C@@](C1CC1)(C(=O)[O-])NC(=O)NCc2ccco2
dude_grik1__L005780,CNc1nc2c(s1)c3c(c(=O)[nH]2)[C@@H](C(=C(O3)N)C#N)c4cccnc4
dude_grik1__L005781,Cc1c(c[nH]n1)NC(=O)[C@H]2CCCN(C2)c3ncccn3
dude_grik1__L005782,c1cc(ccc1/N=N/c2c(cc3cc(ccc3c2O)N)S(=O)(=O)[O-])[N+](=O)[O-]
dude_grik1__L005783,C1CN(CCC1C(=O)N)C(=O)[C@H]2C[C@H]2C(=O)[O-]
dude_grik1__L005784,Cc1c(c(nc(n1)SCC(=O)NC(=O)N)[O-])CCC(=O)[O-]
dude_grik1__L005785,c1nc([nH]n1)/N=C(/CNC(=O)[C@@H]2CC=CO2)\[O-]
dude_grik1__L005786,c1cc2c(c(c1)NC(=O)CNC(=O)c3cc(cc4c3nc[nH]4)F)c(n[nH]c2=O)[O-]
dude_grik1__L005787,Cn1cc(ccc1=O)[N-]S(=O)(=O)c2cc(cs2)C(=O)[O-]
dude_grik1__L005788,C[C@@H]1CC[C@@H](CN1C(=O)N2CSC[C@@H]2C(=O)[O-])C(=O)N
dude_grik1__L005789,CC(=O)NC[C@@H]1CCCN(C1)c2c3cn[nH]c3ncn2
dude_grik1__L005790,Cc1c(c(n(n1)C/C(=C(\C#N)/C(=O)NCC=C)/[O-])C)[N+](=O)[O-]
dude_grik1__L005791,[H]/N=c\1/c2c(ncn1[O-])n(cn2)[C@H]3[C@@H]([C@H]([C@H](O3)CO)O)O
dude_grik1__L005792,CC(C)O[C@@H]1[C@@H]([C@H]([C@H]([C@H](O1)CO)O)O)[NH3+]
dude_grik1__L005793,COC1CCN(CC1)c2ccc(cc2[N+](=O)[O-])S(=O)(=O)NCCC(=O)[O-]
dude_grik1__L005794,c1c(c(cc(c1F)F)[N+](=O)[O-])C(=O)N2CC[C@@H](C2)C(=O)[O-]
dude_grik1__L005795,CC(C)n1c2cccc(c2nc1[C@@H]3C[NH2+]CCO3)F
dude_grik1__L005796,c1cc(oc1)C(=O)N2CCC(CC2)C(=O)N[C@@H]3CCCNC3=O
dude_grik1__L005797,c1nc(c2c(n1)n(nn2)C[C@@H](CO)O)N
dude_grik1__L005798,CN(C[C@H]([C@@H]([C@@H]([C@@H](CO)O)O)O)O)C(=S)[S-]
dude_grik1__L005799,c1ccc(c(c1)[C@H](CNC(=O)C(=O)Nc2cccc(c2)n3cnnn3)O)F
dude_grik1__L005800,C[C@H](C(=O)N(C)C)NC(=O)NC(=O)/C=C/C(=O)[O-]
dude_grik1__L005801,CC(=O)Nc1cccc(c1)NC(=O)[C@H]2CC(=Nc3n2c4ccccc4n3)O
dude_grik1__L005802,c1cc(ccc1C(=O)NCC(=O)N2CCC(CC2)O)N
dude_grik1__L005803,C(C1=C(N/C(=C\C(=O)[O-])/[C@@H]1C(=O)[O-])C(=O)[O-])C(=O)O
dude_grik1__L005804,CC(=O)N1C(=O)/C(=N\Nc2ccc(cc2O)Cl)/C(=N1)[NH-]
dude_grik1__L005805,CC(=O)Nc1ccc(cc1)C(=O)N[C@@](C)(C2CC2)C(=O)[O-]
dude_grik1__L005806,c1cc(c(cc1N2C[C@H](C[C@@H]2C(=O)[O-])O)Cl)C(=O)N
dude_grik1__L005807,c1c(cn(n1)CC(=O)NC2CC2)NC(=O)COCC(=O)[O-]
dude_grik1__L005808,c1ccc2c(c1)OC[C@@H](O2)C(=O)N/N=C\c3cc(ccc3[N+](=O)[O-])[O-]
dude_grik1__L005809,C[C@H]1CCC[C@](C1)(C(=O)[O-])NC(=O)NCCCCOC
dude_grik1__L005810,CSCC[C@@H]([NH3+])P(=O)([O-])[O-]
dude_grik1__L005811,CC[C@@H](C)[C@@H](C(=O)[O-])NC(=O)NC[C@H]1CCCOC1
dude_grik1__L005812,c1ccc(c(c1)CS(=O)(=O)c2nnc(o2)CNS(=O)(=O)c3ccc4c(c3)OCCO4)F
dude_grik1__L005813,c1cc2c(cc1Br)c(c[nH]2)O[C@H]3[C@@H]([C@H]([C@H]([C@H](O3)COS(=O)(=O)[O-])O)O)O
dude_grik1__L005814,C1CS(=O)(=O)C[C@@H]1N(CCO)C(=O)c2nc([nH]n2)N
dude_grik1__L005815,C[C@H]([C@@H](C(=O)[O-])NC(=O)N(C)CC(=O)N1CCCC1)O
dude_grik1__L005816,CN(C(=O)[C@@H]1CCCN1C(=O)NC2CCCCC2)OC
dude_grik1__L005817,c1cc(ccc1C(=O)[O-])NC2(CCCC2)C(=O)[O-]
dude_grik1__L005818,C([C@@H]1[C@H]([C@@H]([C@@H]([C@@H](O1)O)NC(=O)CCl)O)O)O
dude_grik1__L005819,Cc1ncc(s1)CNC(=O)NC(=O)COCC(=O)[O-]
dude_grik1__L005820,c1cc(c(=O)[nH]c1)C(=O)NC2(CCCCCC2)C(=O)[O-]
dude_grik1__L005821,Cc1cc(=O)oc2c1ccc(c2)O[C@H]3[C@H]([C@H]([C@H]([C@H](O3)CO)O)O)O
dude_grik1__L005822,Cc1ccc(cc1[N+](=O)[O-])C(=O)N2CCC[C@@H](C2)C(=O)N
dude_grik1__L005823,CCCc1cc(=O)[nH]c(=S)n1[C@H]2[C@H]([C@H]([C@@H]([C@H](O2)C(=O)[O-])O)O)O
dude_grik1__L005824,Cc1cccc(c1)O[C@@H]2[C@@H]([C@H]([C@H]3[C@@H](O2)COC(O3)(C)C)O)NC(=O)C
dude_grik1__L005825,CC(C)[C@H](C(=O)[O-])NC(=O)NC[C@@H]1CCCO1
dude_grik1__L005826,CN(CCCC(=O)[O-])C(=O)c1ccc(c(c1)F)N
dude_grik1__L005827,CC(=O)Nc1nc2ccc(cc2s1)C(=O)N[C@H]3CS(=O)(=O)C=C3
dude_grik1__L005828,CC1CCC(CC1)(C(=O)[O-])NC(=O)N[C@H](C)C(=O)OC
dude_grik1__L005829,Cn1c2c(c(=O)n(c1=O)C)nc([nH]2)NN=O
dude_grik1__L005830,CC(C)(C)[C@@H](C(=O)[O-])NC(=O)NCCc1ccncc1
dude_grik1__L005831,CCC1=C([C@H](N2C(=CSC2=N1)/C=C(/N3CCOCC3)\[O-])c4ccc(cc4)[N+](=O)[O-])C(=O)OC
dude_grik1__L005832,Cc1ccc(cc1O)C(=O)N[C@@]2(CCC[C@H](C2)C)C(=O)[O-]
dude_grik1__L005833,C1C[C@H](CN(C1)S(=O)(=O)CCCC(=O)[O-])C(=O)N
dude_grik1__L005834,Cc1[nH]c2cc(ccc2n1)C(=O)N3CCc4c(c(cc(=O)n4CC3)OCc5ccccn5)C(=O)OC
dude_grik1__L005835,c1nnnn1CC(=O)N[C@@H](CC(=O)N)C(=O)[O-]
dude_grik1__L005836,C1COC(O1)[C@H]([C@@H]([C@H]([C@H](CO)O)O)O)O
dude_grik1__L005837,C1CN(C[C@H]1O)C(=O)[C@H]2CC=CC[C@@H]2C(=O)[O-]
dude_grik1__L005838,Cc1cc(no1)NC(=O)[C@H]2CC(=NO2)c3ccc(cc3)Cl
dude_grik1__L005839,Cc1cccc(c1C)NC(=O)N2CCC[C@H](C2)C(=O)[O-]
dude_grik1__L005840,C1CCC(CC1)(C(=O)[O-])NC(=O)CN2CC[NH2+]CC2
dude_grik1__L005841,CC(=O)Nc1ccc(cc1)S(=O)(=O)N2CCC[C@@H](C2)C(=O)N[C@@H](CCSC)C(=O)[O-]
dude_grik1__L005842,COP(=O)(N[C@H]1[C@@H]([C@@H]([C@@H]([C@@H](O1)CO)O)O)O)OC
dude_grik1__L005843,COc1ccc(cc1N2C[C@H](CC2=O)C(=O)Nc3cc4c(cc3C(=O)[O-])OCCCO4)Cl
dude_grik1__L005844,c1ccc(cc1)NC(=S)Nn2c(nnc2[S-])c3cnccn3
dude_grik1__L005845,C1C[C@@H](CN(C1)C(=O)N2CC[C@@H](C2)C(=O)[O-])C(=O)N
dude_grik1__L005846,[H]/N=C(/CC1CC(=O)NC(=O)C1)\C2=C(CCCC2=O)[O-]
dude_grik1__L005847,C[C@H]1CCC[C@](C1)(C(=O)[O-])Oc2ccc3c(c2)OCC3=O
dude_grik1__L005848,C1C[C@@H](CN(C1)C(=O)N2CCC[C@H](C2)C(=O)[O-])C(=O)N
dude_grik1__L005849,Cn1cc(cn1)CNS(=O)(=O)c2cnc(nc2)N
dude_grik1__L005850,c1c2c(ncn1)ncn2[C@H]3[C@@H]([C@@H]([C@@H](O3)COP(=O)([O-])[O-])O)O
dude_grik1__L005851,c1cc(ncc1C(=O)N2CCC(CC2)O)N
dude_grik1__L005852,c1cc(sc1C(=O)[O-])NC(=O)[C@H]2CSC(=O)N2
dude_grik1__L005853,Cc1cc(ccc1S(=O)(=O)[N-]c2cc[nH]n2)F
dude_grik1__L005854,COc1cc(ccc1N2CCOC2=O)[N-]S(=O)(=O)c3ccccc3[N+](=O)[O-]
dude_grik1__L005855,C[C@@](C1CC1)(C(=O)[O-])NC(=O)NCC2CC2
dude_grik1__L005856,Cc1ccccc1[C@H]2[C@H](C[C@@]([NH+]2C)(C)C(=O)[O-])C(=O)NCC(=O)[O-]
dude_grik1__L005857,Cn1c(ccc1[N+](=O)[O-])C(=O)N2CCC(CC2)C(=O)[O-]
dude_grik1__L005858,COc1ccc(cc1)Nc2c(c3nc(cc(n3n2)[O-])c4ccc(cc4)[N+](=O)[O-])C#N
dude_grik1__L005859,CC1(O[C@@H]2[C@H](O[C@@H]([C@@H]2O1)n3c(=O)[nH]c(=O)cn3)CO)C
dude_grik1__L005860,C1CCCC(CC1)NC(=O)N2C[C@@H](C[C@H]2C(=O)[O-])O
dude_grik1__L005861,c1csc2n1cc(n2)CC(=O)N[C@H](CCO)C(=O)[O-]
dude_grik1__L005862,CC(=O)N[C@@H]1CCCN(C1)C(=O)c2ccc(cc2)n3c(c(cn3)C#N)N
dude_grik1__L005863,CCO[C@]1(O[C@H]2[C@H](O[C@@H]([C@H]2O1)n3cnc4c3ncnc4N)CO)C
dude_grik1__L005864,CN(C)S(=O)(=O)[N-]c1nnc(s1)[C@H]2CCC[NH2+]C2
dude_grik1__L005865,C1CS(=O)CCN1C(=O)N[C@H](CC(=O)N)C(=O)[O-]
dude_grik1__L005866,c1ccc2c(c1)c(cc3c2nno3)S(=O)(=O)[O-]
dude_grik1__L005867,c1cc(c(cc1[N+](=O)[O-])S(=O)(=O)N2CCOCC2)NC[C@H]([C@H]3CCOC3)N4CCOCC4
dude_grik1__L005868,C1[C@H]([C@@H](O[C@@H]1N2CN=C3C2=NC(=NC3=O)[NH-])CO)O
dude_grik1__L005869,CO[C@H]1C[C@@H](N(C1)C(=O)c2ccc(c(c2)F)N)C(=O)[O-]
dude_grik1__L005870,C1CC[C@H]([C@@H](C1)NC(=O)N2CSC[C@@H]2C(=O)[O-])O
dude_grik1__L005871,c1cc2c(cc1n3c4c(c(ncn4)[O-])nn3)OCCO2
dude_grik1__L005872,C1CN(CCN1CC(F)(F)F)C(=O)N[C@H](CO)C(=O)[O-]
dude_grik1__L005873,COc1cc(nc(n1)OC)[N-]S(=O)(=O)c2ccc(cc2)/N=C/c3cc4c(cc3[N+](=O)[O-])OCO4
dude_grik1__L005874,C[C@@H]([C@H](C(=O)[O-])NC(=O)[C@@H]1CCCN(C1)C(=O)N)O
dude_grik1__L005875,c1cc(oc1)CSc2ccc(cc2C(=O)[O-])S(=O)(=O)N
dude_grik1__L005876,C[C@@H]1[C@@H](Oc2ccccc2O1)C(=O)NCCn3c4c(cn3)c(ncn4)NCCOC
dude_grik1__L005877,CO[C@@H]1C[C@H]([C@@H]([C@@H](O1)CO)O)O
dude_grik1__L005878,CN(CCS(=O)(=O)C)c1ccc(cc1N)C(=O)[O-]
dude_grik1__L005879,COn1c2c(c3c(c1=O)cc(cn3)O)N[C@@H](CC2=O)Br
dude_grik1__L005880,C1C(=O)N/C(=N\N=C/2\NC(=O)[C@H](S2)CC(=O)NCC(=O)[O-])/S1
dude_grik1__L005881,C[C@](CCO[P@@](=O)([O-])OP(=O)([O-])[O-])(CBr)O
dude_grik1__L005882,CC(C)CN([C@H]1CCS(=O)(=O)C1)C(=O)CSc2nc3cc(ccc3c(=O)n2CCO)C(=O)[O-]
dude_grik1__L005883,C[C@H]1CC[C@H](CN1C(=O)N[C@@H]([C@@H](C)O)C(=O)[O-])C(=O)N
dude_grik1__L005884,CCn1cc(cn1)NC(=O)N2C[C@@H](C[C@H]2C(=O)[O-])O
dude_grik1__L005885,[H]/N=N/c1ccc2c(c1O)cccc2S(=O)(=O)[O-]
dude_grik1__L005886,CC(C)[C@H](C(=O)[O-])NS(=O)(=O)c1c[nH]nc1
dude_grik1__L005887,COCCN(CC(=O)[O-])c1ccc(cc1C(=O)N)Cl
dude_grik1__L005888,CSCC[C@@H](C(=O)[O-])NC(=O)Nc1c(cc(cc1Cl)Cl)Cl
dude_grik1__L005889,Cc1ccc(s1)C(=O)NCC(=O)NCC(=O)NCC(=O)[O-]
dude_grik1__L005890,Cc1c(c(n(n1)C)C(=O)N[C@H]2[C@H]3N(C2=O)C(=C(CS3)CSc4nnc(s4)C)C(=O)[O-])Cl
dude_grik1__L005891,CCNC(=O)[C@@H]1[C@@H]2[C@H]([C@@H](O1)n3cnc4c3ncnc4N5CC[C@H](C5)O)OC(O2)(C)C
dude_grik1__L005892,COc1ncn(c(=O)n1)[C@H]2C=C([C@H]([C@@H]2O)O)CO
dude_grik1__L005893,[H]/N=C/1\C(=N/[O-])\C(=O)N(C(=O)N1C)C
dude_grik1__L005894,N[C@@H](Cn2ccc(=O)n(Cc1ccsc1C(O)=O)c2=O)C(O)=O
dude_grik1__L005895,CC[C@H](C(=O)[O-])NC(=O)NC[C@@H]1COCCO1
dude_grik1__L005896,CS(=O)(=O)c1ccc2c(c1)sc(n2)NC(=O)Cn3c(=O)ccc(n3)[O-]
dude_grik1__L005897,Cc1cc2c(c(c(c(=O)o2)CC(=O)N[C@@H](Cc3c[nH]c4c3cc(cc4)O)C(=O)[O-])C)c5c1c(c(o5)C)C
dude_grik1__L005898,CC1(COCCN1C(=O)c2ccc(cc2)n3c(c(cn3)C#N)N)C
dude_grik1__L005899,Cc1[nH+]c(cn1C)S(=O)(=O)[N-]c2cc[nH]n2
dude_grik1__L005900,C[C@H]([C@@H](C(=O)[O-])NC(=O)N[C@@H](C)C(=O)OC)O
dude_grik1__L005901,CC(C)CS(=O)(=O)[N-]c1ccc(cc1)S(=O)(=O)N
dude_grik1__L005902,CC1=C(N=C([C@H]1C(=O)C2=C(C(=O)N([C@H]2c3ccc(cc3)C(C)C)CCN4CCOCC4)[O-])C)C(=O)OC
dude_grik1__L005903,c1c(c[nH]c(=O)c1C(=O)N2C[C@@H](C[C@@H]2C(=O)[O-])O)[N+](=O)[O-]
dude_grik1__L005904,C1C[C@@H](N(C1)C(=O)NCC(=O)NCC(=O)[O-])CO
dude_grik1__L005905,c1cc(ccc1NC(=O)CSc2nnnn2C[C@H]3CCCO3)S(=O)(=O)N4CCOCC4
dude_grik1__L005906,C[C@@H]1CCC2=C(C1)S[C@H]([C@@H]2C(=O)N)NC(=O)[C@@H]3C(=CN=N3)[N+](=O)[O-]
dude_grik1__L005907,Cn1c(=O)c(c[nH]c1=O)N(CCO)CCO
dude_grik1__L005908,Cc1c(sc(=O)[nH]1)S(=O)(=O)NCc2nncn2C
dude_grik1__L005909,CNC(=O)c1ncn(n1)[C@@H]2[C@H]([C@@H]([C@@H](O2)CO)O)O
dude_grik1__L005910,c1ccc(c(c1)[N+](=O)[O-])S(=O)(=O)[N-]c2c(c3c(s2)CCCC3)C(=O)N
dude_grik1__L005911,CCn1cc(c(n1)C)S(=O)(=O)Nc2cnn(c2C(=O)Nc3cnn(c3C)C)CC
dude_grik1__L005912,Cc1c2c([nH]c1C(=O)NC3CCN(CC3)C(=O)OC)CCCC2=O
dude_grik1__L005913,Cc1c(c(n(c(=O)c1C#N)C)[O-])/C=C\2/C(=O)c3ccccc3S2
dude_grik1__L005914,CN(C[C@H]([C@H]([C@@H]([C@@H](CO)O)O)O)O)C(=S)[S-]
dude_grik1__L005915,Cc1cc(n(n1)[C@H](C)C(=O)Nc2ccc(cc2Cl)[N-]S(=O)(=O)c3cccc(c3)C(=O)OC)C
dude_grik1__L005916,Cc1cc(c(cc1Cl)S)S(=O)(=O)[N-]c2nc(n(n2)c3ccccn3)N
dude_grik1__L005917,C[C@@H](C(=O)NC(=O)NC(C)C)Sc1c2cnn(c2ncn1)C
dude_grik1__L005918,c1ccc2c(c1)c(cn2CC(=O)N3CCCCC3)S(=O)(=O)CC(=O)Nc4ccc(cc4)[N+](=O)[O-]
dude_grik1__L005919,Cc1ccc2c(c1)S[C@@H](N2)NC(=O)[C@H]3C(=CN=N3)Br
dude_grik1__L005920,C[C@H]([C@@H](C(=O)[O-])NC(=O)N[C@@H]1CC1(C)C)O
dude_grik1__L005921,CC1=C[C@H](N=N1)[C@H]2Nn3c(nnc3S2)C4CCCCC4
dude_grik1__L005922,CC[C@@H](C(=O)[O-])NC(=O)c1cc(cn1C)S(=O)(=O)N
dude_grik1__L005923,Cc1ccc(o1)[C@@H](C)Nc2cccc(c2)n3c(nnn3)C
dude_grik1__L005924,c1csc(n1)NC(=O)N2C[C@@H](C[C@@H]2C(=O)[O-])O
dude_grik1__L005925,CC(=O)NCc1ccc(s1)C(=O)Nc2ccccc2n3cnnn3
dude_grik1__L005926,C1CN(CCC1CCC(=O)[O-])C(=O)CCSCC(=O)N
dude_grik1__L005927,C=CCN(CC=C)S(=O)(=O)c1ccc(cc1)C(=O)Nc2nnc(o2)CS(=O)(=O)c3ccccc3
dude_grik1__L005928,Cc1c(cc(o1)C(=O)[O-])S(=O)(=O)N2CCCOCC2
dude_grik1__L005929,CC(=O)N[C@H]1[C@@H]([C@H]([C@H](O[C@@H]1OC)CO)O)O
dude_grik1__L005930,Cc1cccc(c1NC(=O)CNC(=O)CSc2nnc(n2C[C@@H]3CCCO3)N4CCOCC4)C
dude_grik1__L005931,Cc1c(c(n(n1)CC(=O)N2CCCC[C@@H]2C(=O)NC)C)N
dude_grik1__L005932,COCC1=NN=C2[C@H]1[C@H](C(=C(O2)N)C#N)c3ccc(c(c3)OC)OCCN4CCOCC4
dude_grik1__L005933,CC(=O)N1CCCN(CC1)C(=O)NCCNC(=O)OC(C)(C)C
dude_grik1__L005934,C[C@@]12C[C@@H](CC(C1)(C)C)N(C2)c3c(c(ncn3)Nc4ccc(cc4)C(=O)[O-])[N+](=O)[O-]
dude_grik1__L005935,C[C@H](C(=O)N(C)C)NC(=O)N1C[C@@H](C[C@@H]1C(=O)[O-])O
dude_grik1__L005936,c1nnc(s1)NC(=O)N2CCC[C@H](C2)N3CCNC3=O
dude_grik1__L005937,c1ccc(c(c1)NNC(=O)c2cc[n+](cc2)[O-])[N+](=O)[O-]
dude_grik1__L005938,C[C@H](CC(=O)[O-])NC(=O)N[C@@H]1CCCNC1=O
dude_grik1__L005939,CC(=O)NCCC(=O)NC1(CCCC1)C(=O)[O-]
dude_grik1__L005940,C1CC(=O)N(C1)CC(=O)NCC(=O)NCC(=O)[O-]
dude_grik1__L005941,Cc1c(c(n(n1)C)C)/C=C/C(=O)N[C@H](CCO)C(=O)[O-]
dude_grik1__L005942,COc1cc(ncn1)[N-]S(=O)(=O)c2ccc(cc2)NC(=S)NC(=O)c3ccc(cc3Cl)Cl
dude_grik1__L005943,C[C@@H]([C@H](C(=O)[O-])NC(=O)NC[C@@H]1CCS(=O)(=O)C1)O
dude_grik1__L005944,CCC[C@](C)(C(=O)[O-])NC(=O)[C@H]1CCOC1
dude_grik1__L005945,c1cnc(nc1)NC(=O)CSC2=N[C@@H]3C(=NC=N3)C(=N2)[NH-]
dude_grik1__L005946,C[C@@H]1CCC[C@@H](C1)OC(=O)C2=C(NC(=O)N[C@@H]2c3ccc(c(c3)[N+](=O)[O-])[O-])C
dude_grik1__L005947,COc1ccc(cc1S(=O)(=O)N2CCCCC2)NS(=O)(=O)c3ccc(c(c3)[N+](=O)[O-])[O-]
dude_grik1__L005948,CCOCCOc1ccccc1C(=O)NC(=S)NNC(=O)[C@@H]2CC(=O)N(C2)Cc3ccco3
dude_grik1__L005949,c1ccc2c(c1)c(c[nH]2)CCNS(=O)(=O)CCCC(=O)[O-]
dude_grik1__L005950,CC(C)(C(=O)N[C@@H]1CCS(=O)(=O)C1)NC(=O)NC
dude_grik1__L005951,C1[C@@H]2C=C[C@H]1[C@@H]([C@@H]2C(=O)NCCCS(=O)(=O)N)C(=O)[O-]
dude_grik1__L005952,C1CN(CCC1CC(=O)N)[C@@H]2CS(=O)(=O)C[C@H]2N
dude_grik1__L005953,C=CCN1C(=O)/C(=C\2/C[C@H](NN2)c3ccc4c(c3)OCO4)/C(=O)N=C1[O-]
dude_grik1__L005954,Cc1cc(n(n1)c2nc(cc(n2)[O-])C(C)C)NC(=O)C(=O)NC3CCCCCC3
dude_grik1__L005955,c1cnc(cc1NC2(CCCCC2)C(=O)[O-])C(=O)N
dude_grik1__L005956,c1ccc(c(c1)[N-]S(=O)(=O)c2ccc(cc2)N3C[C@H](CC3=O)C(=O)[O-])[N+](=O)[O-]
dude_grik1__L005957,C[C@H](c1ccc(s1)Cl)NC(=O)NC(=O)CCCC(=O)[O-]
dude_grik1__L005958,C(CS(=O)(=O)N)Nc1c(=O)[nH]c(=O)[nH]n1
dude_grik1__L005959,CCC[C@](C)(C(=O)[O-])NC(=O)[C@@H](C(C)C)NC(=O)C
dude_grik1__L005960,Cc1c(c(n(n1)C)N2C[C@@H](C[C@@H](C2)C)C)/C=C/C(=O)[O-]
dude_grik1__L005961,COc1ccc(c(c1)[N-]S(=O)(=O)C2=CN3CN=NC(=O)[C@H]3C2)OC
dude_grik1__L005962,CN(CC(=O)N)S(=O)(=O)c1ccc2c(c1)OCCO2
dude_grik1__L005963,c1c(nc(s1)/N=C(/C(Cl)(Cl)Cl)\[O-])C(=O)[O-]
dude_grik1__L005964,c1ccc(cc1)NC(=O)N2CCN([C@H](C2)C(=O)N[C@H]3CCCNC3=O)C(=O)CCCC(=O)[O-]
dude_grik1__L005965,C[C@@H]1CCCN1C(=O)Nc2ccc(cc2)C(=O)[O-]
dude_grik1__L005966,C[C@@H]1CC[C@@H](CN1S(=O)(=O)c2cnc(nc2)Cl)C(=O)N
dude_grik1__L005967,CC(C)[C@H](c1cccs1)NC(=O)N[C@H](C(=O)[O-])C(C)(C)C
dude_grik1__L005968,CC(=O)N[C@@H](C=O)[C@H]([C@@H]([C@@H](COS(=O)(=O)[O-])O)O)O
dude_grik1__L005969,c1c2c(ncn(c2=O)CC(=O)N)n(n1)CCO
dude_grik1__L005970,CS(=O)(=O)CCNC(=O)N(CC(=O)[O-])c1ccc(cc1)O
dude_grik1__L005971,C[C@H](C(=O)NC)NC(=O)[C@H](C)NS(=O)(=O)C
dude_grik1__L005972,OC(=O)Cn2c(=O)c(=O)[nH]c3cc(N(=O)=O)c(n1cccc1)cc23
dude_grik1__L005973,c1cc(cc(c1)N)C(=O)NC2(CCCC2)C(=O)[O-]
dude_grik1__L005974,CC(C)n1c2c(nc1[O-])n(c(=O)n(c2=O)C)C
dude_grik1__L005975,C[C@@H]1CCCC[C@@]1(C(=O)[O-])Nc2ccc3c(c2)OCO3
dude_grik1__L005976,c1cc2c3c(c1)/C(=N\O)/[C@H]4[C@@]3(CCC2)C(=NC4=O)[O-]
dude_grik1__L005977,c1cc(c(cc1[N+](=O)[O-])Cl)C(=O)/N=C/2\NCC(=N2)[O-]
dude_grik1__L005978,CC(=O)N[C@@H]1[C@H]([C@H]([C@H](O[C@@H]1O)CO)O)OS(=O)(=O)[O-]
dude_grik1__L005979,c1c(cn[nH]1)S(=O)(=O)N[C@H](Cc2cnc[nH]2)C(=O)[O-]
dude_grik1__L005980,c1cnccc1C(=O)N[C@@H]2[C@@H]3N(C2=O)C(=C(CS3)CO)C(=O)[O-]
dude_grik1__L005981,c1cc(c(cc1C(=O)NCC(=O)[O-])[N+](=O)[O-])N2CCN(CC2)S(=O)(=O)c3ccc4c(c3)CCC4
dude_grik1__L005982,c1cc(c(cc1Cl)Cl)c2nnc3n2CC[NH2+]C3
dude_grik1__L005983,C[NH+]1CC[C@H](C1)NC(=O)N2C[C@@H](C[C@H]2C(=O)[O-])O
dude_grik1__L005984,c1c[nH]cc1S(=O)(=O)N[C@H](C2CC2)C(=O)[O-]
dude_grik1__L005985,CN(C1CC1)C(=O)C(=O)NCC(=S)N
dude_grik1__L005986,C1C[C@@H](CN(C1)C(=O)[C@@H]2CCCO2)CNS(=O)(=O)N
dude_grik1__L005987,c1cc(c(cc1Cl)c2cnc(nc2SCC(=O)[O-])N)[N+](=O)[O-]
dude_grik1__L005988,Cc1cc(nc(n1)[N-]S(=O)(=O)c2ccc(cc2)NC(=O)[C@@H](C)Oc3ccc(cc3)[N+](=O)[O-])C
dude_grik1__L005989,[H]/[S+]=c/1\nc(c(c(n1C)[O-])C2=[NH+]c3ccccc3S[C@H]([C@@H-]2)c4cc(ccc4OC)OC)[O-]
dude_grik1__L005990,C1C[C@@H](OC1)CCC(=O)N[C@@H](CO)C(=O)[O-]
dude_grik1__L005991,C([C@@H]1[C@H]([C@H]([C@@H]([C@@](O1)(CF)O)O)O)O)O
dude_grik1__L005992,CC(=O)Nc1ccc(cc1)N/C(=C(\C#N)/C(=O)[C@@H]2C[C@@H]2c3ccc(cc3)F)/[O-]
dude_grik1__L005993,C1C/C(=N\NC(=O)N)/[C@H](C[C@@H]1O)CC(=O)[O-]
dude_grik1__L005994,Cc1cc(ccc1O[C@H](C)C(=O)N[C@H]([C@@H](C)O)C(=O)[O-])Cl
dude_grik1__L005995,CC(=O)N[C@@H]1[C@H]([C@@H]2[C@H](COC(O2)(C)C)O[C@H]1O)O
dude_grik1__L005996,C1CN(CCNC1=O)C(=O)[C@@H]2C[NH2+]CCN2
dude_grik1__L005997,CC(=O)Nc1ccc(cc1)[N-]S(=O)(=O)c2cccc(c2)n3cnnn3
dude_grik1__L005998,Cc1ccccc1O[C@@H]2[C@H]([C@@H]([C@H]3[C@@H](O2)COC(O3)(C)C)O)NC(=O)C
dude_grik1__L005999,C[C@@H]1CCC[C@@](C1)(C(=O)[O-])NC(=O)NCC(=O)N
dude_grik1__L006000,c1cc(c(cc1C(=O)N2C[C@@H](C[C@@H]2C(=O)[O-])O)Cl)O
dude_grik1__L006001,c1cc(ccc1C(=O)[O-])n2c(cnn2)CC(=O)[O-]
dude_grik1__L006002,C[C@@H]1CN(CCCO1)C(=O)c2cccc3c2cc[nH]3
dude_grik1__L006003,C[C@@H]1CCC[C@](C1)(CO)NS(=O)(=O)CC(=O)[O-]
dude_grik1__L006004,c1nc2c(n1C[C@H](CO)O)c(=O)[nH]c(=O)[nH]2
dude_grik1__L006005,c1c(cn(n1)CC(=O)N)NC(=O)[C@@H]2CSCN2
dude_grik1__L006006,C#CCNC(=O)CCNc1ccc(cc1[N+](=O)[O-])S(=O)(=O)N2CCOCC2
dude_grik1__L006007,Cc1csc(n1)NC(=O)N[C@@H]([C@@H](C)O)C(=O)[O-]
dude_grik1__L006008,N[C@@H](C\C(=C/C1CCCC1)C(O)=O)C(O)=O
dude_grik1__L006009,C1/C(=N\O)/NC(=NC1=O)[O-]
dude_grik1__L006010,c1cc(c(cc1S(=O)(=O)N2CCC(CC2)C(=O)[O-])[N+](=O)[O-])N[C@@H]3CCS(=O)(=O)C3
dude_grik1__L006011,C[C@@]1(Cc2c(c([nH]n2)[O-])[C@@H]([C@@H]1C(=O)OC)c3ccc(cc3)C(=O)OC)O
dude_grik1__L006012,CN(C)c1ccc(cc1)NC(=O)N[C@H](CCO)C(=O)[O-]
dude_grik1__L006013,CN1[C@@H](C[C@@H](C1=O)O[C@@H]2[C@@H]([C@H]([C@H]([C@H](O2)C(=O)[O-])O)O)O)c3cccnc3
dude_grik1__L006014,CC(C)NC(=O)CNC(=O)N1C[C@@H](C[C@@H]1C(=O)[O-])OC
dude_grik1__L006015,c1cc(ccc1C(=O)NNC(=O)C(=O)NC2CC2)S(=O)(=O)N3CCOCC3
dude_grik1__L006016,Cc1cc(n(n1)CC(=O)N[C@H](CCO)C(=O)[O-])C
dude_grik1__L006017,c1cc(ccc1/C=C/c2[nH]c(=O)c(c(n2)[O-])[N+](=O)[O-])N3CCCC3
dude_grik1__L006018,Cc1ccc(c(c1)S(=O)(=O)[N-]c2cccc(c2C(=O)[O-])F)F
dude_grik1__L006019,C[C@H]([C@H](C(=O)[O-])NC(=O)N(CC(C)C)CC(=O)N)O
dude_grik1__L006020,C[C@@H](C(=O)N1CCNCC1)Sc2c3c(nc[nH]3)ncn2
dude_grik1__L006021,CCC[C@](C)(C(=O)[O-])NC(=O)NCC(=O)N1CCNCC1
dude_grik1__L006022,CC(C)(C)C(=O)N1CCCN(CC1)C(=O)C2CCN(CC2)C(=O)N
dude_grik1__L006023,C[C@@H](C(=O)NC(=O)NC1CCCC1)OC(=O)c2ccc3cn[nH]c3c2
dude_grik1__L006024,c1cc(cc(c1)[N+](=O)[O-])C(=O)NNC(=O)[C@H]2CC=CC[C@H]2C(=O)[O-]
dude_grik1__L006025,C1CC1N(CCO)C(=O)N[C@H](CCO)C(=O)[O-]
dude_grik1__L006026,Cc1nc([nH]n1)SCC(=O)N2CCC[C@@H]2C(=O)NC
dude_grik1__L006027,CC[C@@]12CCN3C[C@@]([C@@H]1O)(C[NH+](C2)[C@@]34CCOC(C4)(C)C)CC
dude_grik1__L006028,CC(C)(C(=O)[O-])NC(=O)N[C@H]1CCCC[C@H]1O
dude_grik1__L006029,c1cc2c(cc1N\3[C@H]4CS(=O)(=O)C[C@@H]4S/C3=N\C(=O)CCC(=O)[O-])OCO2
dude_grik1__L006030,CCc1nnc(s1)NC(=O)N2CCC[C@H](C2)NC(=O)C
dude_grik1__L006031,C[C@H]([C@@H](C(=O)[O-])NC(=O)N[C@@H]1CCS(=O)(=O)C1)O
dude_grik1__L006032,Cc1c(c(n(n1)CC(=O)[O-])C)S(=O)(=O)NCCS(=O)(=O)N
dude_grik1__L006033,CC[C@H](C)[C@H](C(=O)N(CC(=O)[O-])C1CCCC1)NC(=O)N
dude_grik1__L006034,CC(C)C[C@@H](CO)NC(=O)c1ccc(nc1[O-])C(F)(F)F
dude_grik1__L006035,c1cc(ccc1N2CNC(=S)NC2)S(=O)(=O)[O-]
dude_grik1__L006036,c1cc(c(cc1[N+](=O)[O-])F)C(=O)N2C[C@@H](C[C@@H]2C(=O)[O-])O
dude_grik1__L006037,C1C[C@@H](C(=O)NC1)NC(=O)N2CCC(CC2)C(=O)[O-]
dude_grik1__L006038,CC(C)[C@@H](C(=O)Nc1cccc(c1)C(=O)[O-])NC(=O)C
dude_grik1__L006039,Cc1ccc(cc1N)C(=O)N2CCCC[C@H]2C(=O)[O-]
dude_grik1__L006040,CC(C)C[C@@H](C(=O)N1C[C@H](C[C@@H]1C(=O)[O-])O)NC(=O)N
dude_grik1__L006041,CN1[C@@H](C[C@H](C1=O)O[C@@H]2[C@@H]([C@@H]([C@@H]([C@@H](O2)C(=O)[O-])O)O)O)c3cccnc3
dude_grik1__L006042,CC(C)NC(=O)CNC(=O)[C@@H]1[N-]C(=NO1)C2=CC=C[C@H]3C2=CC=N3
dude_grik1__L006043,c1cc(c(cc1C#CCO)F)[N-]S(=O)(=O)C2CCOCC2
dude_grik1__L006044,COCCCNC(=O)N1C[C@@H](C[C@H]1C(=O)[O-])O
dude_grik1__L006045,CC(C)(C)N1C(=O)[C@H]2[C@H]([NH2+][C@@]([C@@H]2C1=O)(CC(=O)[O-])C(=O)[O-])c3cccs3
dude_grik1__L006046,COc1ccc(cc1)/N=C/c2c(c3ccccc3oc2=O)[O-]
dude_grik1__L006047,c1ccc(cc1)c2cc(n3cnnc3n2)NCc4ccco4
dude_grik1__L006048,CC(=O)N[C@H]1[C@H]([C@@H](O[C@@H]([C@@H]1O)O)CO)O
dude_grik1__L006049,CCn1c(c2ccc(cc2nc1=S)C(=O)Nc3[n-]nc(n3)S(=O)(=O)C)[O-]
dude_grik1__L006050,C1CC(=O)N(C1)CC(=O)NCC(=O)N
dude_grik1__L006051,c1(n[n-]nn1)Nc2n[n-]nn2
dude_grik1__L006052,C[C@H]1CCC[C@@H](C1)NC(=O)NC(=O)CC(C)(C)CC(=O)[O-]
dude_grik1__L006053,c1cc(ccc1CC(=O)N2C[C@@H](C[C@H]2C(=O)[O-])O)O
dude_grik1__L006054,c1cc(ccc1C(=O)Nc2[n-]c(c(n2)C#N)C#N)N3CCOCC3
dude_grik1__L006055,c1cc(ccc1C(=O)NCC(=O)[O-])NC(=O)CCC2CCCC2
dude_grik1__L006056,Cn1cnnc1CNS(=O)(=O)c2cnc(nc2)N
dude_grik1__L006057,Cn1c(nnc1SCC(=O)Nc2cc(c(cc2C(=O)[O-])OC)OC)C[C@H]3CCS(=O)(=O)C3
dude_grik1__L006058,N[C@@H](C[C@@H](C/C=C/c1cccc2ccccc12)C(O)=O)C(O)=O
dude_grik1__L006059,c1c(=O)[nH]c(nc1[O-])SCC(=O)Nc2nncs2
dude_grik1__L006060,C[C@H]1CCC[C@@](C1)(C(=O)[O-])NC(=O)Nc2c[nH]nc2
dude_grik1__L006061,C1CCN([C@@H](C1)C(=O)N)C(=O)N2CC[C@@H](C2)C(=O)[O-]
dude_grik1__L006062,c1nc([nH]n1)/N=C(/C2=CC(=O)NC(=O)C2)\[O-]
dude_grik1__L006063,CC(=O)NCCNC(=O)Nc1cnn(c1)CC(=O)[O-]
dude_grik1__L006064,C[C@@H]1CN(CC(O1)(C)C)C(=O)CNC(=O)CNC(=O)C
dude_grik1__L006065,CC(=O)Nc1ccc(cc1)S(=O)(=O)N=C2NCN(CN2)C[C@H]3CCCO3
dude_grik1__L006066,Cc1nc(cs1)/C=C/C(=O)N[C@@H]([C@H](C)O)C(=O)[O-]
dude_grik1__L006067,c1c(cn[nH]1)S(=O)(=O)N2C[C@@H](C[C@@H]2C(=O)[O-])O
dude_grik1__L006068,c1ccc(c(c1)S(=O)(=O)/N=C(/c2ccc(c(c2)[N+](=O)[O-])n3cncn3)\[O-])Br
dude_grik1__L006069,Cc1cccc(n1)[N-]S(=O)(=O)c2ccc(c(c2)N)Cl
dude_grik1__L006070,c1cc(sc1)/C=C/2\C(=O)N(C(=O)S2)Cc3cc(n4c(n3)nc(n4)N)[O-]
dude_grik1__L006071,C[C@](CCOC)(C(=O)[O-])Oc1cccc(c1C(=O)N)F
dude_grik1__L006072,CC(C)N(CC(=O)N)C(=O)N(CC1CC1)CC(=O)[O-]
dude_grik1__L006073,C[C@H]1CCC[C@@H](C1)NC(=O)N[C@@H]([C@@H](C)O)C(=O)[O-]
dude_grik1__L006074,c1ccc2c(c1)cc(o2)C(=O)C3=C(C(=O)N([C@@H]3c4ccc(cc4)[N+](=O)[O-])CCCN5CCOCC5)[O-]
dude_grik1__L006075,CC(C)(C(=O)[O-])NC(=O)Nc1nc2c(s1)CCC2
dude_grik1__L006076,C[C@H](C(=O)[O-])NC(=O)c1cc(cn1C)S(=O)(=O)N
dude_grik1__L006077,CNS(=O)(=O)c1cc(n(c1)C)C(=O)N[C@@H](CCO)C(=O)[O-]
dude_grik1__L006078,CCn1c(=O)c2c(nc([nH]2)C(F)(F)F)n(c1=O)CC=C
dude_grik1__L006079,Cc1c(sc(n1)C)C(=O)C2=C(C(=O)N([C@@H]2c3cc(ccc3OC)OC)CCCN4CCOCC4)[O-]
dude_grik1__L006080,CCc1ccc(cc1)S(=O)(=O)[N-]c2c(nccn2)C(=O)[O-]
dude_grik1__L006081,CC(C)[C@H](C#N)N1CCN(CC1)C(=O)c2cc(cc(c2N)[N+](=O)[O-])F
dude_grik1__L006082,C[C@@H]([C@H](C(=O)[O-])NC(=O)N1CCC[C@@H]1C(=O)NC)O
dude_grik1__L006083,CN([C@@H]1CCS(=O)(=O)C1)C(=O)c2cccnc2NN
dude_grik1__L006084,Cc1ccc(cc1)[C@H](C(=O)NCS(=O)(=O)c2ccc(cc2)C)N(C)C(=O)c3cc(ccc3[O-])[N+](=O)[O-]
dude_grik1__L006085,CC(=O)N[C@H]1CS(=O)(=O)C[C@H]1N
dude_grik1__L006086,C[C@@](C1CC1)(C(=O)[O-])NS(=O)(=O)C
dude_grik1__L006087,Cc1ccc(cc1NC(=O)C2CC2)NC(=O)CCCC(=O)[O-]
dude_grik1__L006088,C[C@](C1CC1)(C(=O)[O-])NC(=O)N(C)CC(=O)N
dude_grik1__L006089,CC(=O)Nc1nc(cs1)C(=O)N[C@]2(CCSC2)C(=O)[O-]
dude_grik1__L006090,COc1ccc(cc1)C[C@@H](C(=O)OC)NC(=O)[C@@H]2CN(CCN2C(=O)c3cccs3)S(=O)(=O)C
dude_grik1__L006091,c1cc(c(nc1)[S-])C(=O)NNC(=O)C(=O)NC2CC2
dude_grik1__L006092,CC[C@H](C(=O)[O-])NC(=O)NCCN1CCOCC1
dude_grik1__L006093,Cc1c(c(n2c(n1)nc(n2)S[C@H](C)C(=O)Nc3ccc(cc3F)Br)C)CCC(=O)[O-]
dude_grik1__L006094,C(CS(=O)(=O)[O-])NC(=O)CCl
dude_grik1__L006095,OC(=O)Cn3c(=O)c(=O)[nH]c4cc(C(F)(F)F)c(n2ccc(CNC(=O)Nc1ccc(C(F)(F)F)cc1)c2)cc34
dude_grik1__L006096,C[C@@H]1CCCN(C1)S(=O)(=O)c2ccc(c(c2)[N+](=O)[O-])Sc3nnc(n3C)CCC(=O)N
dude_grik1__L006097,CC[C@H](C)O[C@H]1[C@H]([C@@H]([C@@H]([C@@H](O1)CO)O)O)NC(=O)C
dude_grik1__L006098,CC(=O)c1cc(n(c1)C)C(=O)N2CCC(CC2)C(=O)[O-]
dude_grik1__L006099,c1c(c[n-]c1C(=O)NNC(=O)CN2CCSC2=O)[N+](=O)[O-]
dude_grik1__L006100,Cc1c(c2ccccc2n1CC(=O)N3CCC[C@H](C3)C(=O)N)Br
dude_grik1__L006101,[H]/N=C/1\N=C2[C@H]([C@H](C3=C(CC(CC3=N2)(C)C)[O-])c4ccc(c(c4)OC)OC)C(=N1)[O-]
dude_grik1__L006102,CC(C)N1CCc3c(C1)c2nc(O)c(O)nc2cc3N(=O)=O
dude_grik1__L006103,C[C@H](c1cc2ccccc2o1)Nc3ccc(cc3[N+](=O)[O-])S(=O)(=O)N4CCC(CC4)C(=O)[O-]
dude_grik1__L006104,CC(C)(C)c1onc(O)c1C[C@H](N)C(O)=O
dude_grik1__L006105,C1COCCC1NC(=O)NC(=O)COCC(=O)[O-]
dude_grik1__L006106,C1CS(=O)(=O)C[C@@H]1CNC(=O)N2C[C@H](C[C@@H]2C(=O)[O-])O
dude_grik1__L006107,CC1(C[C@@H]1NC(=O)N2C[C@@H](C[C@@H]2C(=O)[O-])O)C
dude_grik1__L006108,CC1CCC(CC1)N(C)C(=O)N[C@H]([C@H](C)O)C(=O)[O-]
dude_grik1__L006109,CN1C(=O)c2ccc(cc2C1=O)N[C@H]3CS(=O)(=O)C[C@H]3O
dude_grik1__L006110,CCc1c(nc(=S)n(c1[O-])c2ccccc2)[O-]
dude_grik1__L006111,CCCCCc1cc(c2c(c1)OC([C@H]3[C@H]2C=C(CC3)C(=O)O[C@@H]4[C@@H]([C@@H]([C@@H]([C@@H](O4)C(=O)[O-])O)O)O)(C)C)O
dude_grik1__L006112,CC(C)(C)[S@](=O)N[C@H](c1ccc(cc1)O)C(C(=O)[O-])(F)F
dude_grik1__L006113,CS(=O)(=O)CCCNC(=O)N[C@H](CO)C(=O)[O-]
dude_grik1__L006114,c1c(cn(c1C(=O)N[C@@H](CC(=O)N)C(=O)[O-])C2CC2)Cl
dude_grik1__L006115,COc1cc(ccc1O)[C@H]2C3=C(COC3=O)NC(=O)N2
dude_grik1__L006116,C1CN(C[C@H]1O)C(=O)NCC(=O)NCC(=O)[O-]
dude_grik1__L006117,Cc1c(c(n(n1)C)C)CC(=O)N2CCC[C@@H](C2)C(=O)[O-]
dude_grik1__L006118,CC(=O)O[C@H]1[C@@H](O[C@@H]([C@@H]1OC(=O)C)N2CN=C3C2=NC(=NC3=O)[NH-])CO
dude_grik1__L006119,C1CCC(CC1)(C(=O)[O-])NC(=O)N2CCCC[C@H]2CO
dude_grik1__L006120,Cc1ccc(cc1C(=O)Nc2[n-]ncn2)S(=O)(=O)NC(C)(C)C
dude_grik1__L006121,c1cc(cc(c1)O)/C=N/Nc2[nH]nc(n2)SC/C(=N/c3[nH]ncn3)/[O-]
dude_grik1__L006122,CC(C)CN(CC(=O)N)C(=O)c1ccc(s1)/C=C/C(=O)[O-]
dude_grik1__L006123,C[C@H]1CCC[C@](C1)(C(=O)[O-])NC(=O)[C@@H]2CCC(=O)N2
dude_grik1__L006124,Cc1ccc(cc1S(=O)(=O)[N-]c2ccc(cc2)C(=O)N3C[C@@H](O[C@H](C3)C)C)[N+](=O)[O-]
dude_grik1__L006125,C1CN(CCC1[NH3+])C2(CCS(=O)(=O)CC2)C(=O)[O-]
dude_grik1__L006126,C1CCN([C@@H](C1)CCO)C(=O)NCCC(=O)[O-]
dude_grik1__L006127,c1ccc(c(c1)F)S(=O)(=O)[N-]c2cc(cnc2)C(=O)[O-]
dude_grik1__L006128,CCCOc1ccc(cc1OCC)[C@@H]2C(=C(C(=O)N2CCCO)[O-])C(=O)c3ccc4c(c3)OCCO4
dude_grik1__L006129,c1cn(c(=O)nc1N)[C@H]2[C@@H]([C@@H]([C@H](O2)CO)O)Cl
dude_grik1__L006130,C[C@]1(CCS(=O)(=O)C1)NC(=O)C(=O)NCC(=S)N
dude_grik1__L006131,c1cc(cc(c1)NC(=O)N2CCN(CC2)C(=O)C(=O)NC3CC3)C(=O)NC4CC4
dude_grik1__L006132,Cc1ccc(cc1S(=O)(=O)N[C@H]([C@@H](C)O)C(=O)[O-])[N+](=O)[O-]
dude_grik1__L006133,c1cc(cc(c1)[N+](=O)[O-])N2C(=O)[C@H]3[C@@H]([NH2+][C@@]([C@@H]3C2=O)(CC(=O)[O-])C(=O)[O-])c4ccc(s4)Cl
dude_grik1__L006134,CN(C)c1ccc(cc1)[C@@H]2c3c(nc[nH]3)C[C@@H](N2)C(=O)[O-]
dude_grik1__L006135,c1ccc(cc1)[N-]S(=O)(=O)CCNC(=O)NC2CC2
dude_grik1__L006136,C1CC(C1)(C(=O)NC2CCC(CC2)O)C(=O)[O-]
dude_grik1__L006137,c1ccc(cc1)C/C(=N\OS(=O)(=O)[O-])/S[C@H]2[C@@H]([C@H]([C@@H]([C@H](O2)CO)O)O)O
dude_grik1__L006138,c1cc(ccc1NC(=O)N[C@]2(CCSC2)C(=O)[O-])[N+](=O)[O-]
dude_grik1__L006139,COc1ccc(c(c1)[N-]S(=O)(=O)c2cnc(nc2)N)Cl
dude_grik1__L006140,c1ccc2c(c1)C(=O)C(=C(C2=O)O[C@@H]3[C@H]([C@@H]([C@@H]([C@@H](O3)CO)O)O)O)[O-]
dude_grik1__L006141,c1ccc(c(c1)C(=O)[O-])[N-]C2=NC(=O)/C(=C/c3ccco3)/S2
dude_grik1__L006142,c1cc(c(cc1C(=O)[O-])F)NC(=O)N2C[C@@H]3CC[C@H]2C3
dude_grik1__L006143,C[C@@H]1C(=C(N=N1)C)[C@@H](C(=O)[O-])NC(=O)[C@@H]2C=C3[C@@H](N2)C=CS3
dude_grik1__L006144,c1c(cnc(n1)NN)S(=O)(=O)N[C@@H]2CCS(=O)(=O)C2
dude_grik1__L006145,c1ccc(c(c1)C#N)S(=O)(=O)[N-]c2c(nccn2)C(=O)[O-]
dude_grik1__L006146,CN([C@H]1CCSC1)C(=O)C/C(=N/O)/N
dude_grik1__L006147,c1cc(cc(c1)[N-]S(=O)(=O)c2cc(ccc2Cl)[N+](=O)[O-])C(=O)[O-]
dude_grik1__L006148,c1nc(nn1CC(=O)OCC(=O)[O-])N
dude_grik1__L006149,CC(=O)C1=C(C=C2[C@@](C1=O)(c3c(cc4c(c3O2)C(=O)N([C@@H](O4)OC)C(=O)NCc5ccccn5)O)C)[O-]
dude_grik1__L006150,Cn1cc(c(n1)N)S(=O)(=O)N2CCN(CC2)CC#C
dude_grik1__L006151,CC(C)C(=O)Nc1cccc(c1)NC(=O)/C=C/C(=O)[O-]
dude_grik1__L006152,CN([C@@H]1CCS(=O)(=O)C1)C(=O)C(=O)NN
dude_grik1__L006153,c1ccc(cc1)Oc2ccc(cc2S(=O)(=O)[O-])N3C(=O)CC(=N3)N
dude_grik1__L006154,CC1=NC(=S)[C@H](C(=C1)CO)C(=O)NN
dude_grik1__L006155,COC(=O)C1=C(N2C(=O)[C@@H](SC2=C([C@H]1c3ccccc3Cl)C#N)CC(=O)[O-])N
dude_grik1__L006156,NC(Cc1c(O)noc1c3nnn(Cc2ccccc2)n3)C(O)=O
dude_grik1__L006157,CC(=O)NC[C@@H]1[C@@H]([C@@H]([C@@H]([C@@H](O1)O)O)O)O
dude_grik1__L006158,C1C[C@@H](C(=O)NC1)NC(=O)N2CCO[C@H](C2)C(=O)[O-]
dude_grik1__L006159,c1c(c[nH]c1C(=O)[O-])S(=O)(=O)[N-]c2nnc(o2)C3CC3
dude_grik1__L006160,c1cc[nH]/c(=N\S(=O)(=O)c2ccc(cc2Cl)C#CCO)/c1
dude_grik1__L006161,c1cnc(nc1)NNC(=O)CS(=O)(=O)[N-]c2ccc(cc2)N3CCCCC3
dude_grik1__L006162,COc1ccccc1[C@@H]2N=C(N=C3N2C(=CC(=C)N3)[O-])NC[C@@H]4CCCO4
dude_grik1__L006163,Cc1ccc(o1)CN([C@H](c2cccc(c2)O)C(=O)NC(C)(C)C)C(=O)c3cc(ccc3[O-])[N+](=O)[O-]
dude_grik1__L006164,Cc1nccc(n1)CNC(=O)N[C@@H](CCOC)C(=O)[O-]
dude_grik1__L006165,C[C@@H]1CCC[C@@](C1)(C(=O)[O-])NC(=O)NCCS(=O)(=O)N
dude_grik1__L006166,c1cc(ccc1N(CC(=O)[O-])C(=O)N2CCC(CC2)O)O
dude_grik1__L006167,C=CCN1C(=O)/C(=C/c2cc3c(cc2[N+](=O)[O-])OCO3)/C(=NC1=S)[O-]
dude_grik1__L006168,c1cc(c(cc1c2nnnn2C[C@H]3COCCO3)F)N
dude_grik1__L006169,C1CCC(C1)(C(=O)[O-])NC(=O)[C@H]2CCC[NH2+]2
dude_grik1__L006170,c1cc2c(cc1NS(=O)(=O)N3CCNCC3)nc(o2)[O-]
dude_grik1__L006171,COc1ccc(cc1)C\2=NN(C(=O)/C2=N\Nc3ccc(cc3)S(=O)(=O)[O-])CCO
dude_grik1__L006172,Cc1c(c2c(s1)[C@@H](C(=C(O2)N)C#N)c3ccsc3)C(=O)OC
dude_grik1__L006173,CS(=O)(=O)c1ccc(c(c1COCC(F)(F)F)Cl)C(=C2C(=O)[C@@H](C[C@@H](C2=O)O)O)[O-]
dude_grik1__L006174,Cc1cc([nH]c(=O)c1CNC(=O)c2cc(ccc2[N-]S(=O)(=O)C)Cl)C
dude_grik1__L006175,C[C@H]1[C@@H](CCC2=CC(=O)[C@]3([C@@H]([C@]12C)O3)C(=C)COC[C@@H]([C@H](C(=O)[O-])NC(=O)C)O)O
dude_grik1__L006176,CC[C@@H](C)[C@H](C(=O)[O-])NC(=O)N[C@@H]1CCC[C@@H]([C@@H]1C)C
dude_grik1__L006177,Cn1cc(cn1)CN(C)C(=O)N2CCC[C@H](C2)CC(=O)[O-]
dude_grik1__L006178,Cc1ccc(cc1N)C(=O)N2C[C@@H](C[C@@H]2C(=O)[O-])OC
dude_grik1__L006179,C[C@H]1CCC[C@@](C1)(C(=O)[O-])Sc2[nH]ccc(=O)n2
dude_grik1__L006180,CC[C@H](C)[C@H](C(=O)[O-])NC(=O)NCCc1nccs1
dude_grik1__L006181,c1ccn\2c(c1)n[nH]/c2=N\C(=O)CCCC[C@H]3[C@@H]4[C@@H](CS3)NC(=O)N4
dude_grik1__L006182,C[C@H]([C@H](C(=O)[O-])NC(=O)N(C)c1cccc(c1)F)O
dude_grik1__L006183,c1nc(nn1CC(=O)NCC(=O)N)N
dude_grik1__L006184,C=CCO[C@@H]1[C@H]([C@H]([C@H]([C@H](O1)CO)O)O)O
dude_grik1__L006185,CC(C)CCN3CCc2c(Br)cc1nc(O)c(O)nc1c2C3
dude_grik1__L006186,Cc1ccc(cc1N)C(=O)N(CCC(=O)[O-])C(C)(C)C
dude_grik1__L006187,c1cc(ccc1C(=O)C2=C(C(=O)N([C@@H]2c3ccncc3)CCOCCO)[O-])S(=O)(=O)N4CCCCC4
dude_grik1__L006188,C[C@H](c1cccc(c1)F)NC(=O)N[C@H](C(=O)[O-])C(C)(C)C
dude_grik1__L006189,c1ccc2c(c1)[C@@](CCO2)(C(=O)[O-])n3cnc(n3)[N+](=O)[O-]
dude_grik1__L006190,c1cn(c(=O)nc1N)[C@@H]2[C@H]([C@@H]([C@H](O2)CO)O)O
dude_grik1__L006191,CC[C@H](C(=O)[O-])NC(=O)c1ccc(s1)NC(=O)C2CC2
dude_grik1__L006192,NCc3ccn(c2cc1n(CC(O)=O)c(=O)c(=O)[nH]c1cc2N(=O)=O)c3
dude_grik1__L006193,C1C[C@@H](CN(C1)C(=O)N(CC(=O)[O-])[C@H]2CCS(=O)(=O)C2)[NH3+]
dude_grik1__L006194,CC1=C(N=C([C@@H]1C(=O)C2=C(C(=O)N([C@@H]2c3cccc(c3OC)OC)CCN4CCOCC4)[O-])C)C(=O)OC
dude_grik1__L006195,c1ccc(cc1)C(=O)NC2CCN(CC2)C(=O)c3ccc(cc3)S(=O)(=O)[N-]c4ccc(cc4)Cl
dude_grik1__L006196,c1cc2c(c(c1)F)SCC[C@@H]2NC(=O)CC[C@H]3C(=O)NC(=O)N3
dude_grik1__L006197,c1cc(c(nc1)Cl)S(=O)(=O)[N-]c2nnc(s2)SCC(=O)[O-]
dude_grik1__L006198,C[C@@H](C(=O)Nc1ccc(cc1)Oc2ccccc2)OC(=O)C3=NN(C(=O)CC3)[C@@H]4CCS(=O)(=O)C4
dude_grik1__L006199,CCOc1cc(ccc1OCC#C)[C@H]2CC(=O)N[C@H]3C2=C(NN3c4ccc(nn4)[O-])C
dude_grik1__L006200,Cc1cc(ccc1c2ccc(o2)/C=C\3/C(=NC(=S)N(C3=O)c4ccc(cc4)OC)[O-])[N+](=O)[O-]
dude_grik1__L006201,c1c(cn(n1)CCOCCO)N
dude_grik1__L006202,CC(C)Oc1ccc(cc1)[C@@H]2C(=C(C(=O)N2CCCN3CCOCC3)[O-])C(=O)c4ccc5c(c4)OCO5
dude_grik1__L006203,CS(=O)(=O)NCCNC(=O)COCC(=O)[O-]
dude_grik1__L006204,C[C@H]1CCCC[C@]1(C(=O)[O-])Oc2ccc3c(c2)OCO3
dude_grik1__L006205,CC(=O)N1[C@@H]([C@H](N(C1=C([N+](=O)[O-])[N+](=O)[O-])C(=O)C)[O-])O
dude_grik1__L006206,CCN(CC)S(=O)(=O)c1cccc(c1)c2nnc(n2CC(C)C)S[C@H](C)C(=O)NC(=O)N
dude_grik1__L006207,CC(=O)c1c(cc2c(c1OC)[C@@]([C@H]([C@@H]2OS(=O)(=O)[O-])NC(=O)N)(C)O)OC
dude_grik1__L006208,c1cc(oc1[N+](=O)[O-])O[P@@](=O)(N2CCCCC2)OC[C@H]3[C@@H](C[C@@H](O3)c4cc(c(=O)[nH]c4[O-])F)O
dude_grik1__L006209,c1c(c(=O)n2c(n1)SCC2)C(=O)N[C@@H](CCO)C(=O)[O-]
dude_grik1__L006210,Cn1cc(nc1)S(=O)(=O)N[C@@H](CC(=O)N)C(=O)[O-]
dude_grik1__L006211,c1cc(ccc1OCCSc2nnc(n2C[C@@H]3CCCO3)N4CCOCC4)S(=O)(=O)N
dude_grik1__L006212,CNS(=O)(=O)c1cccc(c1)S(=O)(=O)[N-]c2ccc(nc2)n3cncn3
dude_grik1__L006213,Cc1ccc(cc1)S(=O)(=O)N[C@H]2C=NC(=O)NC2=O
dude_grik1__L006214,CCCNC(=S)/N=C/c1c(=O)c2ccccc2[nH]c1[O-]
dude_grik1__L006215,COC(=O)[C@H]1CCCN(C1)S(=O)(=O)c2ccc(cc2)NS(=O)(=O)c3cccc(c3)C(=O)[O-]
dude_grik1__L006216,COc1ccc2c(c1)sc(n2)NC(=O)CSc3nc([nH]n3)N/N=C/c4cc(ccc4[O-])[N+](=O)[O-]
dude_grik1__L006217,c1cc(ccc1C(=O)N2CSC[C@@H]2C(=O)[O-])NC(=O)N
dude_grik1__L006218,c1cc(cc2c1cc(cc2)S(=O)(=O)[O-])N
dude_grik1__L006219,c1c(nsn1)C(=O)N2CCC[C@H](C2)C(=O)[O-]
dude_grik1__L006220,C[C@@H](C(=O)[O-])NC(=O)c1csc(n1)Nc2ccccc2
dude_grik1__L006221,C1C[C@@H](OC1)CNC(=O)N[C@H](CO)C(=O)[O-]
dude_grik1__L006222,C([C@H]1[C@H]([C@@H]([C@@H]([C@@H](O1)O)NC(=O)C(F)(F)F)O)O)O
dude_grik1__L006223,C1CN(CCC1C(=O)[O-])C(=O)[C@@H]2CC=CC[C@@H]2C(=O)[O-]
dude_grik1__L006224,N[C@@H](Cn1c(=O)[nH]c(=O)c2ccccc12)C(O)=O
dude_grik1__L006225,c1ccc(c(c1)C(=O)N)NS(=O)(=O)CCCC(=O)[O-]
dude_grik1__L006226,C[NH+](CC(=O)N1CCC[C@H](C1)C(=O)N)CC(=O)[O-]
dude_grik1__L006227,c1cc(ccc1N2C(=O)/C(=C\c3cc(cc(c3[O-])[N+](=O)[O-])Cl)/C(=NC2=O)[O-])F
dude_grik1__L006228,C(CO)N[C@]1(C(=O)NC(=O)N=C1[O-])Br
dude_grik1__L006229,Cc1cccc(c1C)NC(=O)C(=O)N[C@@H]2CCOc3c2cccc3
dude_grik1__L006230,Cc1c(c([nH]c1[C@H]2CS/C(=[NH+]\C)/N2C)C)C(=O)C
dude_grik1__L006231,CC(=O)NCCNC(=O)N[C@@H]1CCS(=O)(=O)C1
dude_grik1__L006232,Cc1ccc2c(c1)cc(o2)C(=O)C3=C(C(=O)N([C@@H]3c4ccc(cc4)[N+](=O)[O-])CCCN5CCOCC5)[O-]
dude_grik1__L006233,CC1(CCN(CC1)C(=O)c2cccc(c2)N)C(=O)[O-]
dude_grik1__L006234,COCCOCCNC(=O)N[C@H](CCO)C(=O)[O-]
dude_grik1__L006235,COc1ccc(cc1S(=O)(=O)[N-]c2ccc(cc2)n3cncn3)[N+](=O)[O-]
dude_grik1__L006236,c1cc(cnc1)/C=N/O[C@H]2[C@H]([C@H]([C@H]([C@@H](O2)CO)O)O)O
dude_grik1__L006237,C[C@@H]1C(=C2C(=NC(=NC2=O)CCNC(=O)Nc3[n-]ncn3)S1)C
dude_grik1__L006238,CS(=O)(=O)c1nc([n-]n1)NC(=O)c2c3ccccc3[nH]n2
dude_grik1__L006239,Cc1cccc(c1)C(=O)NNC(=O)c2c[nH]nc2c3ccc4c(c3)OCCO4
dude_grik1__L006240,CC(=O)Nc1nc(cs1)C(=O)N2C[C@H](C[C@@H]2C(=O)[O-])O
dude_grik1__L006241,C[C@](C1CC1)(C(=O)[O-])NC(=O)NCC(=O)N2CCOCC2
dude_grik1__L006242,C1C[C@H](N(C1)C(=O)C2CC2)C(=O)N[C@@H](CO)C(=O)[O-]
dude_grik1__L006243,Cc1c(cccc1Cl)NC(=O)CSC2=NC(=C([C@@H]([C@H]2C#N)c3ccccc3Cl)C(=O)OC)[O-]
dude_grik1__L006244,C[C@@H](c1[nH]ncn1)n2cnc3cc(sc3c2=O)C(C)(C)C
dude_grik1__L006245,CCOC(=O)C[C@H]1C(=O)NCCN1c2c(c(=O)n3cccc(c3n2)C)/C=C\4/C(=O)N(C(=S)S4)C
dude_grik1__L006246,c1cc(c(cc1C(=O)[O-])[N-]S(=O)(=O)c2ccc(cc2[N+](=O)[O-])[N+](=O)[O-])Cl
dude_grik1__L006247,CCOc1ccc(cc1)OCCCC(=O)Nc2ccc(cc2)S(=O)(=O)N3CCC[C@@H](C3)C(=O)[O-]
dude_grik1__L006248,c1cc-2c(cc1OCC(=O)[O-])C(=NO)c3c2ccc(c3)OCC(=O)[O-]
dude_grik1__L006249,CC(=O)N1[C@@H](C/C(=C/2\C(=O)N=C(N(C2=O)c3ccc(cc3)Cl)[O-])/N1)c4ccc(c(c4)OC)O
dude_grik1__L006250,C1CS(=O)(=O)C[C@@H]1NC(=O)NCC(=O)NCC(=O)[O-]
dude_grik1__L006251,C/N=C\1/C2=C(N=N[C@H]2N=C(N1)SC)N
dude_grik1__L006252,C[C@@](C1CC1)(C(=O)[O-])NC(=O)N2CCC[C@@H]2CCCO
dude_grik1__L006253,c1cc(c(cc1[N-]S(=O)(=O)c2c[nH]nc2)F)n3cncn3
dude_grik1__L006254,Cc1cc(c(cc1C(=O)N2CCC[C@H]2c3ccsc3)S(=O)(=O)N)C
dude_grik1__L006255,C[C@H]([C@@H](C(=O)[O-])NC(=O)N1CCS(=O)CC1)O
dude_grik1__L006256,c1ccc2c(c1)c(nc3n2ncc3C(=O)Nc4[n-]nc(n4)c5ccccn5)[O-]
dude_grik1__L006257,c1cc(c(cc1[N+](=O)[O-])C(=O)N2CCS(=O)(=O)CC2)N
dude_grik1__L006258,CC[C@H]1COCCN1S(=O)(=O)c2cnc(nc2)NN
dude_grik1__L006259,Cc1csc(n1)NC(=O)N[C@H]([C@@H](C)O)C(=O)[O-]
dude_grik1__L006260,c1cc(oc1)C(=O)N2CCN(CC2)c3nc4c(c(n3)Nc5ccc(cc5)F)n[n-]n4
dude_grik1__L006261,C1CCc2c(c(nc3n2c(nn3)SCC(=O)[O-])[O-])C1
dude_grik1__L006262,c1ccc2c(c1)CCC(=C2)S(=O)(=O)[N-]c3nc(cs3)CC(=O)N
dude_grik1__L006263,c1nc(c(c(n1)N2CCC(CC2)C(=O)[O-])N)NCCN3CCOCC3
dude_grik1__L006264,CC(=C1C(=O)N(C(=O)N(C1=O)C)C)NN
dude_grik1__L006265,CCOc1cc2c(cc1CNC(=O)CSc3nnc(n3CC(=O)[O-])c4cccc(c4)C)O[C@H](C2)C
dude_grik1__L006266,CCc1cc(c(cc1OCC(=O)[O-])O)c2c(c[nH]n2)c3ccc4c(c3)OCCO4
dude_grik1__L006267,c1cc(ccc1C(=O)NNC(=O)COC(=O)[C@@H]2CC(=O)N(C2)c3ccc4c(c3)OCCO4)Cl
dude_grik1__L006268,c1ccc(c(c1)C(=O)NCC[C@@H]2C[C@H]3C[C@@H]2C=C3)NCC(=O)[O-]
dude_grik1__L006269,CCc1nnc(s1)[N-]S(=O)(=O)c2ccc(cc2)NC(=O)c3ccc(cc3)S(=O)(=O)N(CC)CC
dude_grik1__L006270,c1cnc(nc1)N2C[C@@H](C[C@H]2C(=O)[O-])O
dude_grik1__L006271,CO[P@](=O)([O-])O[P@](=O)([O-])OC
dude_grik1__L006272,C[C@]1(CCCN(C1)C(=O)N(C)Cc2ccco2)C(=O)[O-]
dude_grik1__L006273,Cc1cnc(o1)c2cccc(c2)[N-]S(=O)(=O)c3cccc(c3)n4cnnn4
dude_grik1__L006274,COC(=O)Nc1cccc(c1)NC(=O)N2CCC(CC2)C(=O)NC3CC3
dude_grik1__L006275,Cc1c(cccc1[N+](=O)[O-])NC(=O)CSc2nnc(n2CCC(=O)N)c3cccs3
dude_grik1__L006276,C[C@@H](c1cccnc1)NC(=O)N[C@@H](C(=O)[O-])C(C)(C)C
dude_grik1__L006277,c1[nH]c2c(n1)ncn3c2nnc3[C@@H](CCO)[NH3+]
dude_grik1__L006278,Cc1c(cn[nH]1)CCCNC(=O)N2CCC[C@@H]2C(=O)[O-]
dude_grik1__L006279,CC[C@H](C(=O)[O-])NC(=O)c1cc(sc1NC(=O)CC(C)C)C
dude_grik1__L006280,CN1[C@H]2CN(C(=O)[C@H]2[C@@H](NC1=O)c3ccccc3)c4ccc(cc4)S(=O)(=O)N
dude_grik1__L006281,c1c[nH]cc1S(=O)(=O)N2C[C@@H](C[C@H]2C(=O)[O-])O
dude_grik1__L006282,C[C@](C1CC1)(C(=O)[O-])NC(=O)N2CCCC[C@@H]2CO
dude_grik1__L006283,c1cc(cc(c1)S(=O)(=O)[N-]c2ccc(cc2)C(=O)Nc3ccc(nc3)N4CCCCC4)[N+](=O)[O-]
dude_grik1__L006284,Cn1c2ccccc2c(c1C(=O)[O-])[C@@H](C(=O)[O-])[NH+]3CCN(CC3)[C@H]4CCS(=O)(=O)C4
dude_grik1__L006285,c1ccc(c(c1)N)N(CC(=O)N2CCOCC2)CC(=O)[O-]
dude_grik1__L006286,COc1ccc(cc1S(=O)(=O)NC2CC2)C(=O)Nc3[n-]ncn3
dude_grik1__L006287,c1c(cnc(c1C#N)N2CCC[C@H](C2)C(=O)[O-])[N+](=O)[O-]
dude_grik1__L006288,c1nc(c2c(n1)n(cn2)[C@H]3C[C@@H]4[C@@H](O3)CO[P@@](=O)(O4)[O-])N
dude_grik1__L006289,CC(C)C[C@H](C(=O)N1C[C@H](C[C@@H]1C(=O)[O-])OC)NC(=O)N
dude_grik1__L006290,C[C@@H]([C@@H](C(=O)[O-])NC(=O)[C@@H]1CCCOC1)O
dude_grik1__L006291,C1CC[C@H]([C@@H](C1)NS(=O)(=O)N2CCC[C@@H](C2)C(=O)[O-])O
dude_grik1__L006292,CCCOc1ccc(cc1)[C@H]2[C@H]3[C@@H](C(=NC3=O)[O-])[C@@]([NH2+]2)(CO)C(=O)[O-]
dude_grik1__L006293,c1ccc2c(c1)OC[C@H](O2)C(=O)NNC(=O)[C@@H]3CC=CC[C@@H]3C(=O)[O-]
dude_grik1__L006294,Cc1ccc(c(c1)NC(=O)C(=O)NCC2CCN(CC2)C(=O)c3cn(nc3OC)C)OC
dude_grik1__L006295,C1CS(=O)(=O)C[C@@H]1CNC(=O)N[C@H]2CCS(=O)(=O)C2
dude_grik1__L006296,Cc1c(cn[nH]1)S(=O)(=O)Nc2cccc(c2)[N-]S(=O)(=O)N
dude_grik1__L006297,Cc1cc(cc(c1NC(=O)N[C@H](CCSC)C(=O)[O-])C)Br
dude_grik1__L006298,C[C@@H](C(=O)N1CCC[C@@H](C1)C(=O)[O-])Oc2ccc(cc2)[N+](=O)[O-]
dude_grik1__L006299,c1cc(c(c(c1F)C(=O)[O-])F)S(=O)(=O)[N-]c2nncs2
dude_grik1__L006300,c1ccc(c(c1)[C@@H]2c3c(nc[nH]3)C[C@H](N2)C(=O)[O-])O
dude_grik1__L006301,C[C@H](C(=O)[O-])O[C@@H]1[C@@H]([C@@H](O[C@@H]2[C@@H]1OC(OC2)(C)C)Sc3ccc(cc3)Br)NC(=O)C
dude_grik1__L006302,C1CCO[C@@H](C1)CNC(=O)N2C[C@H](C[C@H]2C(=O)[O-])O
dude_grik1__L006303,CC1([C@@H](N[C@@](S1)(C(=O)[O-])O)C(=O)OC)C
dude_grik1__L006304,c1cc(cnc1)[C@@H]2C(O2)(C(=O)N)C(=O)N
dude_grik1__L006305,CC(C)N(C)C(=O)COc1cc(ccc1N)C(=O)[O-]
dude_grik1__L006306,Cc1cc(c(s1)NC(=O)CC(C)C)C(=O)NCCCC(=O)[O-]
dude_grik1__L006307,CC(=O)N[C@H]1[C@@H]([C@@H]([C@@H](O[C@@H]1OC)CO)O)O
dude_grik1__L006308,C1/C(=N/[N-]C2=NC(=O)[C@@H](S2)CC(=O)NC(=O)N)/NC(=O)S1
dude_grik1__L006309,Cc1c2c(=O)[nH]cnc2sc1C(=O)N3CCC(CC3)C(=O)Nc4cc(c(c(c4)OC)OC)OC
dude_grik1__L006310,C[C@H](/C(=N/S(=O)(=O)c1cc(cc(c1)F)[N+](=O)[O-])/[O-])OC
dude_grik1__L006311,Cc1c(nn(c(=O)c1C(=O)N[C@H]([C@@H](C)O)C(=O)[O-])C)C
dude_grik1__L006312,Cc1c(cn[nH]1)S(=O)(=O)[N-]c2c(nccn2)C(=O)[O-]
dude_grik1__L006313,Cc1c(n(c(c1C#N)NC(=O)CSc2nnc(n2C)[C@@H]3CCS(=O)(=O)C3)C[C@@H]4CCCO4)C
dude_grik1__L006314,C[C@@H](C(=O)N[C@@H](Cc1cnc[nH]1)C(=O)[O-])n2cncn2
dude_grik1__L006315,C1CC(CCC1NC(=O)N[C@@H](CCO)C(=O)[O-])O
dude_grik1__L006316,COC1CCN(CC1)C(=O)c2cc(c(cc2[N+](=O)[O-])F)N
dude_grik1__L006317,Cc1ccc(cc1S(=O)(=O)N2CCN(CC2)CC(=O)NC(=O)NCC(F)(F)F)[N+](=O)[O-]
dude_grik1__L006318,C[C@H](COC)NC(=O)Nc1ccc(c(c1)C(=O)[O-])F
dude_grik1__L006319,Cc1ccc(cc1NC(=O)c2ccc3c(c2)nn[nH]3)N4C(=O)CCC4=O
dude_grik1__L006320,c1cn(nc1[N+](=O)[O-])C/C(=C(\C#N)/C(=O)NC2CCCCC2)/[O-]
dude_grik1__L006321,C/C(=N/S(=O)(=O)c1ccc(cc1)NC(=O)CCC(=O)[O-])/[O-]
dude_grik1__L006322,CNc1nc2c(s1)c(n(c(=S)n2)C3CC3)[O-]
dude_grik1__L006323,c1cn2c3c(c(nc2n1)[O-])ncn3[C@H]4C[C@H]([C@H](O4)CO)O
dude_grik1__L006324,Cc1ccnc2n1nc(n2)C(=O)N[C@@H]([C@H](C)O)C(=O)[O-]
dude_grik1__L006325,c1cc(ccc1C(=O)N2CCN(CC2)S(=O)(=O)c3cc(cs3)C(=O)[O-])OCc4cscn4
dude_grik1__L006326,CC(C)[C@@H](C(=O)[O-])NC(=O)Nc1cccc(c1)C(=O)[O-]
dude_grik1__L006327,C[C@]1(CCN(C1)C(=O)c2ccn[nH]2)C(=O)[O-]
dude_grik1__L006328,CN(C)C(=O)CNC(=O)N(CC(=O)[O-])[C@H]1CCS(=O)(=O)C1
dude_grik1__L006329,c1cc(c(c(c1)F)F)NC(=O)N2C[C@@H](C[C@H]2C(=O)[O-])O
dude_grik1__L006330,Cc1c(cnc2n1ncn2)C(=O)Nc3nc[nH]n3
dude_grik1__L006331,C1[C@@H]([NH2+][C@H](S1)C(=O)[O-])C(=O)[O-]
dude_grik1__L006332,c1cc(c(cc1Cl)S(=O)(=O)[N-]c2nncs2)N
dude_grik1__L006333,CN(c1ccc(cc1N)C(=O)[O-])C(=O)CCOC
dude_grik1__L006334,c1cnccc1C(=O)NCC(=O)NCC(=O)[O-]
dude_grik1__L006335,COC(=O)NC(=O)c1ccsc1NC(=O)c2cc(cc(c2)[N+](=O)[O-])[N+](=O)[O-]
dude_grik1__L006336,C1CC(CCC1NC(=O)[C@@H]2CC=CC[C@@H]2C(=O)[O-])O
dude_grik1__L006337,Cn1c(c2c(nc(nc2n1)S(=O)(=O)C)c3ccco3)N
dude_grik1__L006338,CC(=O)Nc1nc(cs1)C(=O)Nc2cnn(c2)CC(=O)[O-]
dude_grik1__L006339,c1ccc(cc1)C2=NN([C@@H](C2)c3ccc(cc3)F)C4=NC(=O)[C@@H](S4)CC(=O)Nc5cccc(c5)C(=O)[O-]
dude_grik1__L006340,c1cc2c(c(c1)[N+](=O)[O-])nnn2[C@@H]3[C@H]([C@@H]([C@@H](CO3)O)O)O
dude_grik1__L006341,Cc1ccc(c(c1)F)N2C[C@H](CC2=O)C(=O)n3c(c(cn3)C#N)N
dude_grik1__L006342,CN(C)c1ccc(cc1)c2nnc(n2N)[S-]
dude_grik1__L006343,C[C@](C1CC1)(C(=O)[O-])NC(=O)NCC(=O)N(C)C
dude_grik1__L006344,c1cc(sc1)[C@@H](Nc2ccc(cc2)F)P(=O)([O-])[O-]
dude_grik1__L006345,CC(=O)NCC(=O)N1C[C@@H](C[C@H]1C(=O)[O-])O
dude_grik1__L006346,C[C@@H](C(=O)Nc1c[nH]nc1)NC(=O)C
dude_grik1__L006347,Cc1ccc(s1)S(=O)(=O)Oc2ccc(cc2[N+](=O)[O-])S(=O)(=O)Nc3ccc(cc3)C(=O)[O-]
dude_grik1__L006348,CS(=O)(=O)c1nc([n-]n1)NC(=O)CNC(=O)c2ccc3c(c2)CCC3
dude_grik1__L006349,Cc1cc(ccc1N)C(=O)N2C[C@@H](C[C@H]2C(=O)[O-])O
dude_grik1__L006350,C[C@@H]([C@@H](C(=O)[O-])NC(=O)c1cc(c(cc1[N+](=O)[O-])F)F)O
dude_grik1__L006351,Cc1ccc(s1)S(=O)(=O)N[C@@H]([C@H](C)O)C(=O)[O-]
dude_grik1__L006352,Cc1cc(c(o1)C)C(=O)NNC(=O)N[C@@H](C)c2cccc(c2)[N-]S(=O)(=O)C
dude_grik1__L006353,c1cc(ccc1/C=N/N=C/2\NC(=O)[C@H](S2)CC(=O)[O-])OS(=O)(=O)c3ccc(cc3)[N+](=O)[O-]
dude_grik1__L006354,C[C@H](C(=O)OC)S(=O)(=O)NCC(=O)NCC(=O)[O-]
dude_grik1__L006355,Cc1c(nnn1c2ccc(cc2)S(=O)(=O)N)C(=O)[O-]
dude_grik1__L006356,C1CS(=O)(=O)C[C@H]1CNC(=O)N2C[C@H](C[C@@H]2C(=O)[O-])O
dude_grik1__L006357,c1ccnc(c1)CSc2c3c(ncn2)n(cn3)[C@H]4[C@@H]([C@H]([C@H](O4)CO)O)O
dude_grik1__L006358,CN([C@H]1CCS(=O)(=O)C1)C(=O)NCC(=O)NCC(=O)[O-]
dude_grik1__L006359,CNC(=O)[C@@H]1/C(=N/N=C(\C#N)/C(=O)NC)/N=CN1
dude_grik1__L006360,Cc1cc(cc(c1C)C(=O)[O-])[N-]S(=O)(=O)c2cnn(c2)C
dude_grik1__L006361,Cc1cc(nc(n1)N2CCC[C@H](C2)C(=O)Nc3cccnc3)C
dude_grik1__L006362,c1cc(c(cc1Nc2ccc(cc2[N+](=O)[O-])[N+](=O)[O-])S(=O)(=O)[O-])O
dude_grik1__L006363,COc1cc(nc(n1)OC)NS(=O)(=O)c2ccc(cc2)NC(=O)c3nc4ccccc4s3
dude_grik1__L006364,C[C@H]1CN(CCO1)C(=O)N[C@H](CO)C(=O)[O-]
dude_grik1__L006365,C1CN(CCSC1)C(=O)N[C@@H](CO)C(=O)[O-]
dude_grik1__L006366,N[C@@H](C[C@@H](CC#C)C(O)=O)C(O)=O
dude_grik1__L006367,CS(=O)(=O)CCNc1ccc2nnnn2n1
dude_grik1__L006368,C[C@@H]1[C@H]([C@@H]([C@H]([NH2+]1)CC[P@](=O)(O)[O-])O)O
dude_grik1__L006369,C[C@@H](C(=O)N(CC(=O)[O-])C1CC1)NC(=O)N
dude_grik1__L006370,[H]/[O+]=c\1/c2cc(ccc2[n-]cc1C(=O)[O-])S(=O)(=O)N3CCC(CC3)C(=O)N
dude_grik1__L006371,c1cc(cc(c1)S(=O)(=O)N2CCCC[C@@H]2C(=O)[O-])N
dude_grik1__L006372,CN(C)S(=O)(=O)N[C@@H](Cc1cnc[nH]1)C(=O)[O-]
dude_grik1__L006373,c1cc2c(cc1C(=O)CSC3=C(C4=NC(=O)C=C([C@H]4S3)[O-])C(=O)N)OCO2
dude_grik1__L006374,COC1CCN(CC1)C(=O)N2CCC[C@H](C2)C(=O)[O-]
dude_grik1__L006375,c1cc(ccc1NC(=O)N[C@H]2CCS(=O)(=O)C2)I
dude_grik1__L006376,Cc1cnc(cn1)CNS(=O)(=O)c2ccc(=O)[nH]c2
dude_grik1__L006377,c1cnc2cc3c(cc2n1)[C@@H]4C[C@H]3CN(C4)C(=O)O[C@H]5[C@@H]([C@H]([C@@H]([C@@H](O5)C(=O)[O-])O)O)O
dude_grik1__L006378,c1cc(sc1c2cc(nc(n2)[O-])C(=O)N3CCCC3)Cl
dude_grik1__L006379,c1cc(cnc1)c2nnc(n2CC(=O)N)[S-]
dude_grik1__L006380,Cc1cc(no1)NC(=O)c2cc3c(s2)nc(s3)N(C)C
dude_grik1__L006381,C1C(=NNC(=O)S1)NC2=NN=C(CS2)[O-]
dude_grik1__L006382,Cc1ccc(c(c1)C)NC(=O)N2C[C@@H](C[C@@H]2C(=O)[O-])O
dude_grik1__L006383,c1nnnn1CC(=O)N2CCC(CC2)CC(=O)N
dude_grik1__L006384,C[C@](C1CC1)(C(=O)[O-])NC(=O)N2CCC[C@@H](C2)[NH3+]
dude_grik1__L006385,C[C@H](C(=O)Nc1cnn(c1)CC(=O)N)S(=O)(=O)C
dude_grik1__L006386,Cc1c(cco1)C(=O)NC2CCN(CC2)C(=O)N[C@@H](C)c3[nH]c4ccccc4n3
dude_grik1__L006387,c1cc(ccc1C(=O)N2C[C@@H](C[C@H]2C(=O)[O-])O)NC(=O)N
dude_grik1__L006388,[H]/N=C/1\NC(=O)[C@H](S1)CC(=O)NCCC(=O)[O-]
dude_grik1__L006389,C1C[C@@H](N(C1)C(=O)COCC(=O)[O-])C(=O)N2CCOCC2
dude_grik1__L006390,Cc1cc(ccc1C(=O)NC(C)C)NC(=O)C[C@@]2(CCSC2)C(=O)[O-]
dude_grik1__L006391,Cc1c(c(n(n1)C)C)C(=O)C2=C(C(=O)N([C@H]2c3cccc(c3)[N+](=O)[O-])CCOC)[O-]
dude_grik1__L006392,c1ccc(c(c1)C(=O)N2CCN(CC2)C(=O)NNC(=O)c3ccc(cc3)F)O
dude_grik1__L006393,Cc1c2c(ncnc2sc1C(=O)[O-])N[C@H](C)c3[nH]ncn3
dude_grik1__L006394,Cc1ccc(cc1NC(=O)[C@@H](C)n2cncn2)S(=O)(=O)N
dude_grik1__L006395,CCN(CC)c1ccc2c(c1)c(c([nH]2)C(=O)[O-])CNC(=O)C
dude_grik1__L006396,Cc1cccc(c1NC(=S)N/N=C(\C)/c2ccc(cc2)S(=O)(=O)N[C@@H](C)C(=O)[O-])C
dude_grik1__L006397,CS(=O)(=O)CCS(=O)(=O)[N-]c1[nH]cnn1
dude_grik1__L006398,Cc1cc(n(n1)c2nnc(n2N)SCc3cnoc3)C
dude_grik1__L006399,CO[C@@H]1[C@@H]2[C@@H]([C@H]2C(=O)[O-])[C@@H]([C@H](O1)CO)O
dude_grik1__L006400,Oc2nc1cc(Cl)c(Cl)cc1cc2P(O)(O)=O
dude_grik1__L006401,c1cc(oc1)c2nnc(n2C3CCCCC3)SCc4cc(n5c(n4)c(cn5)C#N)[O-]
dude_grik1__L006402,c1cc(cnc1)C(=O)N/N=C(/CCC(=O)[O-])\C(=O)[O-]
dude_grik1__L006403,Cc1cccc(c1)C(=O)NNC(=O)CNS(=O)(=O)c2cnn(c2)C
dude_grik1__L006404,Cc1cc(ccc1[N-]S(=O)(=O)c2ccc3c(c2)C(=O)N(C3=O)C)C(=O)[O-]
dude_grik1__L006405,C[C@H]([C@@H](C(=O)[O-])NC(=O)N1CCC[C@@H]1C(=O)NC)O
dude_grik1__L006406,C1CCC(C1)C(=O)NCCC(=O)N2C[C@H](C[C@@H]2C(=O)[O-])O
dude_grik1__L006407,c1cnccc1C(=O)N[C@H]2[C@@H]3N(C2=O)C(=C(CS3)CO)C(=O)[O-]
dude_grik1__L006408,C1CN(CCOC1)C(=O)C(=O)NN
dude_grik1__L006409,CNc1ccc(c[nH+]1)S(=O)(=O)[N-]c2cnn(c2)C
dude_grik1__L006410,c1cc(ccc1[C@H]2C3=C(CN(C3=O)CCO)NC(=O)N2)[N+](=O)[O-]
dude_grik1__L006411,CN(Cc1ccc(cc1)F)c2ccc(nn2)OCC(=O)NCCc3[nH]nc(n3)c4cccnc4
dude_grik1__L006412,CC\1=NN(C(=O)/C1=N\Nc2ccc(cc2)S(=O)(=O)[O-])c3nc(cs3)c4ccc(cc4)OC
dude_grik1__L006413,CCCN([C@H](c1ccccc1)C(=O)NCS(=O)(=O)c2ccc(cc2)C)C(=O)c3cc(ccc3[O-])[N+](=O)[O-]
dude_grik1__L006414,Cc1c(c2c(o1)ncn(c2=O)[C@H](C)C(=O)Nc3ccc(c(c3)S(=O)(=O)N(C)C)Cl)C(=O)[O-]
dude_grik1__L006415,c1ccc2c(c1)CC[C@@H](C2)NC(=O)NC(=O)/C=C/C(=O)[O-]
dude_grik1__L006416,c1cc(cnc1)S(=O)(=O)[N-]c2ccc(nc2)N
dude_grik1__L006417,Cc1ccc(cc1)c2cc(on2)C(=O)Nc3[n-]c(c(n3)C#N)C#N
dude_grik1__L006418,C[C@H](C(=O)NC(=O)NC1CCCCC1)N2CCN(CC2)C(=O)C
dude_grik1__L006419,CSCC[C@@H](C(=O)N1CCO[C@H](C1)C(=O)[O-])NC(=O)N
dude_grik1__L006420,C[C@@H](C(=O)N[C@H]1CCCN(C1)S(=O)(=O)C)NC(=O)N
dude_grik1__L006421,C[C@H]1CCC[C@](C1)(C(=O)[O-])NS(=O)(=O)c2cc[nH]c2
dude_grik1__L006422,CCc1cc(on1)[C@@H]2[C@H]([C@H]([C@@H](O2)O)O)O
dude_grik1__L006423,Cc1c(c(n[nH]1)C)C(=O)N[C@]2(CCSC2)C(=O)[O-]
dude_grik1__L006424,c1cc(ccc1Cn2cncn2)n3c(nnc3[S-])c4cnccn4
dude_grik1__L006425,c1nc([nH]n1)/N=C(/CSCc2[nH]c(=O)c3c4c(sc3n2)CCC4)\[O-]
dude_grik1__L006426,CCc1cc2c(ncnc2s1)N[C@H](CC(=O)N)C(=O)[O-]
dude_grik1__L006427,C1C[C@H](OC1)CNC(=O)C(=O)NCC(=S)N
dude_grik1__L006428,C1COCCN1CCNC(=O)N2C[C@H](C[C@@H]2C(=O)[O-])O
dude_grik1__L006429,c1cc(c(cc1N2C[C@@]34C=C[C@@H](O3)[C@@H]([C@@H]4C2=O)C(=O)[O-])O)C(=O)[O-]
dude_grik1__L006430,CCCCN1[C@@H](C(=C(C1=O)[O-])C(=O)c2ccc(cc2)S(=O)(=O)N3CCCCC3)c4cccc(c4)O
dude_grik1__L006431,CCC1CCC(CC1)(C(=O)[O-])NC(=O)Nc2c[nH]nc2
dude_grik1__L006432,CSCC[C@@H](C(=O)[O-])NC(=O)N1CCC[C@@H]1CO
dude_grik1__L006433,C[C@@H]1CN(C[C@H](O1)C)C(=O)COc2ccc(cc2OC)[C@@H]3C(=C(NC(=S)N3)C)C(=O)OCCOC
dude_grik1__L006434,c1cnccc1CCNC(=O)N2C[C@@H](C[C@H]2C(=O)[O-])O
dude_grik1__L006435,COc1c(cc(c(c1Br)[O-])[N+](=O)[O-])Br
dude_grik1__L006436,CS(=O)(=O)[N-]c1ccc(cc1)C(=O)N[C@@H](C2CC2)C(=O)[O-]
dude_grik1__L006437,CCCS(=O)(=O)[N-]c1nnc(s1)[C@@H](C)[NH3+]
dude_grik1__L006438,C[C@H](C/C(=N/O)/N)N1CCS(=O)CC1
dude_grik1__L006439,c1cc(ccc1N)NCC(=O)[O-]
dude_grik1__L006440,CC(C)S(=O)(=O)c1cc2c(cc1O)CCN3[C@H]2CO[P@@](=O)(N3)[O-]
dude_grik1__L006441,C[C@@H](C(=O)[O-])NC(=O)N[C@@H]1CCS(=O)(=O)C1
dude_grik1__L006442,c1cc(oc1C(=O)[O-])S(=O)(=O)N[C@@H]2CCS(=O)(=O)C2
dude_grik1__L006443,c1cc(cc(c1)S(=O)(=O)N2CCOCC2)NC(=O)N[C@H]3CCCC[C@@H]3O
dude_grik1__L006444,c1ccc(c(c1)CO)NS(=O)(=O)c2ccc(cc2)C(=O)[O-]
dude_grik1__L006445,C1C[C@@H](COC1)CNC(=O)N2C[C@H](C[C@H]2C(=O)[O-])O
dude_grik1__L006446,CC(C)(C)OC(=O)N1CCC[C@@H]1/C(=N/S(=O)(=O)C)/[O-]
dude_grik1__L006447,CS(=O)(=O)NCCNC(=O)NCC(=O)[O-]
dude_grik1__L006448,CC[C@@H](C)[C@H](C(=O)[O-])NC(=O)N1CCC(CC1)CC(=O)N
dude_grik1__L006449,CC(C)c1ccc(cc1)[C@@H]2c3c(c(nnc3c4ccc(cc4)[N+](=O)[O-])[O-])Nc5n2nnn5
dude_grik1__L006450,CC(C)Nc1c(c(ncn1)N2CCC(CC2)C(=O)[O-])[N+](=O)[O-]
dude_grik1__L006451,c1cc(c(cc1S(=O)(=O)N2CCOCC2)NC(=O)CSc3nc(cs3)CC(=O)[O-])Cl
dude_grik1__L006452,CS(=O)(=O)CCCNC(=O)NC(=O)COCC(=O)[O-]
dude_grik1__L006453,c1cn(c(=O)cc1[O-])[C@@H]2C=C([C@H]([C@H]2O)O)CO
dude_grik1__L006454,C[C@](c1cccnc1)([C@@](c2ccccc2)(c3nc4ccccc4n3C)O)O
dude_grik1__L006455,c1cc(ccc1F)S(=O)(=O)N2C[N-]S(=O)(=O)c3c2cc(c(c3)S(=O)(=O)N)Cl
dude_grik1__L006456,COCCN(CC(=O)[O-])C(=O)N
dude_grik1__L006457,c1cc(c(cc1C(=O)N2CCC[C@@H]2C(=O)N)F)[N+](=O)[O-]
dude_grik1__L006458,C1C=CC[C@H]([C@H]1C(=O)NCCCCCO)C(=O)[O-]
dude_grik1__L006459,C[C@H](C(=O)NC(=O)N)OC(=O)C1CCN(CC1)S(=O)(=O)C
dude_grik1__L006460,C[C@H]1CCC[C@@H]([C@@H]1C)NC(=O)N2C[C@@H](C[C@@H]2C(=O)[O-])O
dude_grik1__L006461,c1nc(c2c(n1)n(nn2)[C@@H]3CO[C@H]([C@@H]3O)CO)N
dude_grik1__L006462,CC[C@@](C)(C(=O)[O-])NC(=O)NC[C@@H]1CCCO1
dude_grik1__L006463,C1CC1NC(=O)N[C@]2(CCSC2)C(=O)[O-]
dude_grik1__L006464,Cc1c(c(=O)ccn1C)O[C@@H]2[C@H]([C@@H]([C@H]([C@@H](O2)C(=O)[O-])O)O)O
dude_grik1__L006465,CCn1c2ccc(cc2nc1COC(=O)CS[C@@H](C)C(=O)Nc3cc(on3)C)S(=O)(=O)N(C)C
dude_grik1__L006466,c1c(cncc1O)C(=O)NCCS(=O)(=O)[O-]
dude_grik1__L006467,c1c(ncs1)C(=O)N[C@H](CO)C(=O)[O-]
dude_grik1__L006468,C[C@@]1(CCN(C1)C(=O)c2csc(n2)N)C(=O)[O-]
dude_grik1__L006469,C[C@H]1C[C@H]2[C@@H]3CCC4=CC(=O)C=C[C@@]4([C@]35[C@@H](O5)C[C@@]2([C@]1(C(=O)CO)O)C)C
dude_grik1__L006470,C=CCn1c(nnc1[S-])[C@H]2[C@@H](c3cccnc3S2)N
dude_grik1__L006471,C1CS(=O)(=O)C[C@H]1NC(=S)NCCCC(=O)[O-]
dude_grik1__L006472,CC[C@@H](C)[C@@H](C(=O)[O-])NC(=O)N1CCC[C@H]1CCCO
dude_grik1__L006473,Cc1cc(cc(c1NC(=O)N[C@H]2CCS(=O)(=O)C2)C)Br
dude_grik1__L006474,c1cc(oc1)c2ccc(c(=O)[nH]2)/C(=N/c3[n-]nc(n3)c4cccs4)/[O-]
dude_grik1__L006475,c1ccc(cc1)C(=O)NCCNC(=O)N2CCN(CC2)S(=O)(=O)c3ccc4c(c3)OCCCO4
dude_grik1__L006476,CCC(C)CN1CCc3c(C1)c2nc(O)c(O)nc2cc3N(=O)=O
dude_grik1__L006477,c1cc2cc([n-]c2c(c1)[N+](=O)[O-])/C(=C(/C#N)\C(=O)N3CCCC3)/[O-]
dude_grik1__L006478,Cn1cc(cc1C(=O)N2CCCC[C@H]2CC(=O)[O-])[N+](=O)[O-]
dude_grik1__L006479,Cn1c(nnn1)N2C[C@H](C[C@@H]2C(=O)[O-])O
dude_grik1__L006480,C1CCN([C@@H](C1)CCO)C(=O)NCC(=O)NCC(=O)[O-]
dude_grik1__L006481,C[C@H]1CCC[C@](C1)(C(=O)[O-])NC(=O)N[C@@H](C)C(=O)N(C)C
dude_grik1__L006482,C[C@H](C(=O)[O-])n1cc(c(=O)cc1CN(C)CCO)O
dude_grik1__L006483,C1C[C@@H](CC=C1)CNC(=O)N[C@@H](CCO)C(=O)[O-]
dude_grik1__L006484,c1nc(c(n1CC(=O)NN)Cl)Cl
dude_grik1__L006485,C[NH+](C[C@@H]1CC[C@@H](O1)C(=O)[O-])CC(=O)N
dude_grik1__L006486,C[C@H]1CN(C[C@@H](O1)C)S(=O)(=O)c2cn(nc2N)C
dude_grik1__L006487,Cc1c(nnc(c1C(=O)[O-])Sc2nccc(n2)[O-])C
dude_grik1__L006488,CC1=CC=CC2=NN[C@H](N12)[C@@H]3C=NN=C3c4ccc(cc4)OC
dude_grik1__L006489,Cc1ccnc(n1)[N-]S(=O)(=O)c2ccc(cc2)NC(=O)c3cc(on3)c4ccc5c(c4)C[C@@H](O5)C
dude_grik1__L006490,COc1ccc(c(c1)OC)[C@H]2C(=C(C(=O)N2CCCO)[O-])C(=O)c3ccc4c(c3)OCCO4
dude_grik1__L006491,CC(C)(C(=O)N)NS(=O)(=O)N1CCC(CC1)C(=O)[O-]
dude_grik1__L006492,C1C[C@@H](OC1)CNC(=O)N2C[C@H](C[C@H]2C(=O)[O-])O
dude_grik1__L006493,c1cc(ccc1C(=O)[O-])NC(=O)[C@@H]2CC=CC[C@H]2C(=O)Nc3ccc(cc3)C(=O)[O-]
dude_grik1__L006494,c1cc(sc1CC(=O)[O-])S(=O)(=O)N2CCC[C@@H]2C(=O)N
dude_grik1__L006495,c1cc(cc(c1)[N-]S(=O)(=O)c2cccc(c2)n3cnnn3)C(=O)N4CCCC4
dude_grik1__L006496,Cc1nc(cs1)c2cc([nH]c2)C(=O)N[C@@H]([C@H](C)O)C(=O)[O-]
dude_grik1__L006497,c1cc(cnc1)C(=O)NNC(=O)c2cnccn2
dude_grik1__L006498,Cc1ccc(cc1S(=O)(=O)N)[N-]S(=O)(=O)c2ccc(cc2)S(=O)(=O)N(C)C
dude_grik1__L006499,C[C@H]([C@@H](C(=O)[O-])NS(=O)(=O)c1ccc(c(c1)[N+](=O)[O-])F)O
dude_grik1__L006500,c1ccc2c(c1)C(=C(/C(=N/c3cccc(c3)[N+](=O)[O-])/C2=O)n4c5ccccc5nn4)[O-]
dude_grik1__L006501,C1=N[C@H]2C(=N1)N=CN=C2S[C@H]3[C@@H]([C@@H]([C@@H]([C@@H](O3)CO)O)O)O
dude_grik1__L006502,CO[C@H]1[C@@H](O[C@@H]([C@@H]1O)n2ccc(=O)[nH]c2=O)CO
dude_grik1__L006503,C(CS(=O)(=O)N)[C@H]1C(=O)NC(=O)N1
dude_grik1__L006504,C1COC(O1)[C@@H]([C@H]([C@@H](CO)O)O)O
dude_grik1__L006505,Cc1cc(nc(n1)SC[C@H]2CC[C@@H](O2)C(=O)[O-])[O-]
dude_grik1__L006506,Cc1nnc(o1)[C@@H]2[C@H]([C@@H]([C@@H]([C@@H](O2)CO)O)O)O
dude_grik1__L006507,Cc1c(sc(n1)N)C(=O)N2C[C@@H](C[C@H]2C(=O)[O-])O
dude_grik1__L006508,CS(=O)(=O)CC[C@@H](C(=O)[O-])NC(=O)N(CCO)C1CC1
dude_grik1__L006509,C[C@@H](C(=O)[O-])NC(=O)C1CCN(CC1)C(=O)[C@@H]2CCCN2C(=O)OC(C)(C)C
dude_grik1__L006510,Cc1c2cc(cnc2n(n1)C)NC(=O)C(=O)NC3[C@@H]4CCC[C@H]3C[NH+](C4)C5CC5
dude_grik1__L006511,C[C@@H]1CCCN(C1)C(=O)CCC(=O)NN
dude_grik1__L006512,C[C@@H]1CCCC[C@@H]1CNC(=O)N[C@@H](CCO)C(=O)[O-]
dude_grik1__L006513,c1c(c[nH]c1C(=O)N2CCC[C@H]2CC(=O)[O-])Cl
dude_grik1__L006514,c1c[nH+]c(c2c1scc2)N[C@H]3CCS(=O)(=O)C3
dude_grik1__L006515,Cc1cc(cc(c1C)S(=O)(=O)N2C[C@@H](C[C@H]2C(=O)[O-])O)C(=O)[O-]
dude_grik1__L006516,c1cn(c(=O)[nH]c1=O)[C@@H]2[C@@H]([C@H]([C@@H](O2)CO)O)Cl
dude_grik1__L006517,C[C@H](C(=O)NC1CC1)N(CC(=O)[O-])c2ccccc2N
dude_grik1__L006518,c1c(c(n[nH]1)[N+](=O)[O-])N2CCC[C@H]2CC(=O)[O-]
dude_grik1__L006519,CCO[C@H]1[C@@H]([C@@H]([C@@H]([C@@H](O1)CO)O)O)NC(=O)C
dude_grik1__L006520,c1[nH]c(=S)c2c(n1)n(cn2)[C@@H]3[C@H]([C@@H]([C@@H](S3)CO)O)O
dude_grik1__L006521,c1cn(c(=O)[nH]c1=O)[C@@H]2[C@@H]3[C@@H]([C@@H](O2)CO)O[P@@](=O)(O3)[O-]
dude_grik1__L006522,C[C@H]1CCCC[C@@H]1CNC(=O)NC(=O)CCCCC(=O)[O-]
dude_grik1__L006523,Cc1c(c(n(n1)c2ccccc2)O)/C=N/NC(=O)[C@H]3CCCNC3=O
dude_grik1__L006524,Cc1cnc(s1)[N-]S(=O)(=O)c2cc(cs2)N
dude_grik1__L006525,C1C[C@@H](OC1)CNC(=O)N[C@H](CCO)C(=O)[O-]
dude_grik1__L006526,Cc1cc(ccc1N)C(=O)N2C[C@@H](C[C@@H]2C(=O)[O-])O
dude_grik1__L006527,CC(C)(C)OC(=O)N1CCN(CC1)CCNC(=O)N2CCO[C@@H](C2)C(=O)N
dude_grik1__L006528,CC[NH2+]c1c(n2ccsc2n1)S(=O)(=O)[N-]c3ccon3
dude_grik1__L006529,CCc1nc(c(o1)[C@H]2NC(=NO2)C3=CC=C[C@@H]4C3=CC=N4)C
dude_grik1__L006530,c1cc(ccc1CCl)C(=O)Nc2[n-]ncn2
dude_grik1__L006531,C=CCn1c(=O)c2ccc(cc2nc1SCC(=O)Nc3cccc(c3)N4CCCC4=O)C(=O)[O-]
dude_grik1__L006532,Cc1c(c(n(n1)[C@H](C)C(=O)NN)C)Cl
dude_grik1__L006533,c1c(cc(=O)[nH]c1[O-])C(=O)N2CC[C@H](C2)C(=O)[O-]
dude_grik1__L006534,C[C@@H]1CC2=C(NN([C@@H]2NC1=O)C)NC(=O)[C@@H]3C=C(N=N3)c4cccs4
dude_grik1__L006535,CCCNC(=O)[C@@H]1COC2(N1C(=O)c3ccccc3)CCN(CC2)C(=O)c4cccc(c4)[N+](=O)[O-]
dude_grik1__L006536,C[C@@H]1CCCC[C@@H]1NC(=O)NC(=O)COc2ccc(cc2[N+](=O)[O-])C(=O)[O-]
dude_grik1__L006537,c1c(cnc(n1)N)S(=O)(=O)N2CCO[C@H]3[C@@H]2CCC3
dude_grik1__L006538,c1ccc(c(c1)[C@@H]2c3c(nc(s3)[S-])S[C@@H]4[C@@H]2C(=NC4=O)[O-])O
dude_grik1__L006539,c1cnc(nc1)NC(=O)N2C[C@@H](C[C@@H]2C(=O)[O-])O
dude_grik1__L006540,CC(=O)OC[C@H]1[C@H]([C@@H]([C@@H](O1)n2cnc3c2nc(nc3Cl)N)OC(=O)C)OC(=O)C
dude_grik1__L006541,C[C@]1([C@H](CO[P@@](=O)(O[P@@](=O)(O1)[O-])[O-])O)CO
dude_grik1__L006542,c1cc2c(cc1S(=O)(=O)N3CC(=O)C[C@@H]3C(=O)[O-])OCO2
dude_grik1__L006543,Cc1cc(ccc1O[C@@H](C)C(=O)N[C@@H]([C@@H](C)O)C(=O)[O-])Cl
dude_grik1__L006544,C1CS(=O)(=O)C[C@H]1NC(=O)NNC(=O)[C@H]2C[C@@H]2[N+](=O)[O-]
dude_grik1__L006545,C[C@H]1CN([C@@H](CO1)C)S(=O)(=O)c2ccc(cc2Br)N
dude_grik1__L006546,C[C@@H]1CN(CC(O1)(C)C)CC[C@@](C)(C(=O)[O-])N
dude_grik1__L006547,CC[C@@H](C(=O)[O-])NC(=O)Nc1nc(cs1)C(C)C
dude_grik1__L006548,c1cc(c(cc1C(=O)N)NC(=O)COCC(=O)[O-])Cl
dude_grik1__L006549,C[C@@H](c1ccncc1)NC(=O)N2C[C@@H](C[C@H]2C(=O)[O-])O
dude_grik1__L006550,c1cc2c(cn[nH]2)c(c1)[N-]S(=O)(=O)c3ccc(c(c3)F)F
dude_grik1__L006551,C1C[C@H](OC1)CCNC(=O)NC(=O)COCC(=O)[O-]
dude_grik1__L006552,c1c(cn(n1)CC(=O)[O-])NC(=O)N2CC[C@H](C2)O
dude_grik1__L006553,C1CS(=O)(=O)C[C@H]1Nc2c(=O)[nH]c(=O)[nH]n2
dude_grik1__L006554,Cc1ccc(cc1)c2nnc(n2CC(=O)N[C@H](CC(=O)OC(C)C)c3ccccc3[N+](=O)[O-])[S-]
dude_grik1__L006555,CNc1nc(cs1)c2ccc3c(c2)OCCCO3
dude_grik1__L006556,Cc1cc(cnc1NCc2nncn2C)[N+](=O)[O-]
dude_grik1__L006557,c1cc(ncc1S(=O)(=O)N2CCS(=O)(=O)CC2)NN
dude_grik1__L006558,CCN(CCO)c1ccc(cc1)NC(=O)[C@H]2C[C@@H]2C(=O)[O-]
dude_grik1__L006559,Cc1cc(ccc1N)N(C)CC(=O)[O-]
dude_grik1__L006560,c1cc(ccc1c2cc([nH]n2)C(=O)Nc3[n-]ncn3)Br
dude_grik1__L006561,c1cncc(c1[S@](=O)CC(=O)NCCC#N)N
dude_grik1__L006562,C1C[C@H]([C@H](C1)S(=O)(=O)[O-])OS(=O)(=O)[O-]
dude_grik1__L006563,Cc1ccc(n1C)C(=O)N[C@@H]([C@H](C)O)C(=O)[O-]
dude_grik1__L006564,CN(c1c(n2ccsc2n1)C(=O)[O-])C3CCCC3
dude_grik1__L006565,C[C@H](C[C@@H](c1cc2c(cc1F)NC(=O)CC2)O)CC(=O)[O-]
dude_grik1__L006566,CC(C)(C(=O)[O-])NS(=O)(=O)c1c[nH]c(=O)[nH]c1=O
dude_grik1__L006567,C[NH+]1CCC[C@H](C1)NC(=O)NC(=O)COCC(=O)[O-]
dude_grik1__L006568,COc1ccc(c(c1)[N-]S(=O)(=O)C2=CN=C(C2)[C@H]3N=N[C@H](O3)C4CC4)OC
dude_grik1__L006569,CC(=O)NCC(=O)N(CC(=O)[O-])c1ccc(cc1)O
dude_grik1__L006570,c1cc(c(cc1S(=O)(=O)N)N)NCC(=O)[O-]
dude_grik1__L006571,COC[C@@H]1NN[C@H](S1)NC(=O)c2[n-]ncn2
dude_grik1__L006572,C(NC(=O)N(CO)[C@@H]1C(=O)NC(=O)N1)O
dude_grik1__L006573,CC(=O)N[C@@H](CS/N=N/c1cccc(c1)C(=O)[O-])C(=O)[O-]
dude_grik1__L006574,Cc1ccc(c(c1)[N+](=O)[O-])OCC(=O)Nc2cc(cc(c2)C(=O)[O-])C(=O)[O-]
dude_grik1__L006575,C1CSCCC1(C(=O)[O-])[NH2+]CCCO
dude_grik1__L006576,Cc1cc(n(n1)CC(=O)N/N=C(\C)/c2ccc(cc2)S(=O)(=O)N3CCCC[C@H]3C(=O)[O-])C
dude_grik1__L006577,CC[C@@H](C)[C@H](C(=O)[O-])NC(=O)c1c2c(sc1NC(=O)C)CCC2
dude_grik1__L006578,c1cc(cc(c1)S(=O)(=O)N)COc2ccc(cc2)CCC(=O)[O-]
dude_grik1__L006579,c1cn(c(=O)nc1N)[C@@H]2[C@@H]3[C@H]([C@@H](O2)CO)O[P@](=O)(O3)[O-]
dude_grik1__L006580,CN(CC(=O)N)C(=O)C(=O)Nc1nccs1
dude_grik1__L006581,Cc1c(nc2nc(nn2c1[O-])N3C(=O)CCC3=O)C
dude_grik1__L006582,c1cc(ccc1C(=O)NO)S(=O)(=O)N2CCOCC2
dude_grik1__L006583,C1[C@@](C=CC(=[NH+]1)C(=O)[O-])(C(=O)NN)C(=O)[O-]
dude_grik1__L006584,Cn1c(c(cn1)C(=O)[O-])C(=O)N[C@@H](Cc2c[nH]c3c2cccc3)C(=O)[O-]
dude_grik1__L006585,C[C@H](Cc1ccsc1)NC(=O)N[C@@H](CO)C(=O)[O-]
dude_grik1__L006586,CN1[C@H](C(=C(N(C1=O)C)[O-])C(=O)COC(=O)C2=NC(=O)NC(=O)C2)N
dude_grik1__L006587,C1C[C@@H](COC1)NC(=O)C2CCC3(CC2)C(=O)NC(=O)N3
dude_grik1__L006588,C[C@]12CC[C@H]([C@@]([C@H]1Cc3c(nc(s3)NC(=O)c4ccco4)[C@H]2CC(=O)[O-])(C)CO)O
dude_grik1__L006589,COC(=O)[C@@H]1CCCN(C1)S(=O)(=O)c2ccc(cc2)NS(=O)(=O)c3cc(cs3)C(=O)[O-]
dude_grik1__L006590,C1CCCC(CC1)(C(=O)[O-])NC(=O)NCCS(=O)(=O)N
dude_grik1__L006591,Cc1c(c(nc(n1)[O-])SC)C(=O)N[C@@H]([C@H](C)O)C(=O)[O-]
dude_grik1__L006592,C[C@@H](C(=O)N(CC1CC1)CC(=O)[O-])NC(=O)N
dude_grik1__L006593,C[C@H](c1[nH]c2ccc(cc2n1)S(=O)(=O)[O-])O
dude_grik1__L006594,c1cnc(nc1)NC(=O)c2cc3c(c(c2)Cl)OCCCO3
dude_grik1__L006595,C[C@](CC(=O)[O-])(CC(=O)OC[C@@H]1[C@@H]([C@@H]([C@@H]([C@@H](O1)OCc2ccccc2)O)O)O)O
dude_grik1__L006596,CC(C)(C(=O)[O-])NC(=O)N1CCC[C@H]1C(=O)N
dude_grik1__L006597,CCCC(=O)N1CCC[C@@H](C1)C(=O)Nc2[n-]c(c(n2)C#N)C#N
dude_grik1__L006598,C1CS(=O)(=O)C[C@@H]1SCC(=O)[O-]
dude_grik1__L006599,CN(CCOc1ccccc1F)C(=O)NNC(=O)c2ccc(cc2)n3cnnn3
dude_grik1__L006600,Cc1cc(c2c(c1)sc3n2c(nn3)C4CC[NH2+]CC4)C
dude_grik1__L006601,CC(C)N1C[C@H](CC1=O)C(=O)Nc2[n-]c(c(n2)C#N)C#N
dude_grik1__L006602,C[C@@H](C(=O)N1C[C@@H](C[C@H]1C(=O)[O-])O)NC(=O)C(C)(C)C
dude_grik1__L006603,C[C@@H](C(=S)N)C(=O)N[C@H]1CCS(=O)(=O)C1
dude_grik1__L006604,Cc1c(c(=O)n2c(n1)nc([n-]2)c3cccnc3)Cl
dude_grik1__L006605,Cc1ccc(cc1[N-]S(=O)(=O)CCOC)C(=S)N
dude_grik1__L006606,c1cc(ccc1C(=O)[O-])[N-]S(=O)(=O)c2ccc(cc2)S(=O)(=O)N
dude_grik1__L006607,C[C@@H]1CN(C[C@@H](O1)C)S(=O)(=O)NCc2c[nH]nc2
dude_grik1__L006608,C[C@H]1C[NH2+]C[C@@H](N1c2ccc3c(c2)N(C(=O)[C@@H](O3)C)C)C
dude_grik1__L006609,c1cc(c(cc1CCCC(=O)N[C@@H](CC(=O)[O-])C(=O)[O-])F)F
dude_grik1__L006610,CC(C)(C)[C@H](C(=O)[O-])NC(=O)[C@H]1CCOC1
dude_grik1__L006611,C[C@@]1(CCN(C1)C(=O)c2cccc(c2)[N+](=O)[O-])C(=O)[O-]
dude_grik1__L006612,CNc1ncc(cn1)S(=O)(=O)N2CCC[C@H](C2)CO
dude_grik1__L006613,c1ccc2c(c1)CC[C@@](C2)(O)S(=O)(=O)[O-]
dude_grik1__L006614,[H]/N=C(/N)\[N-]C1=NC(=O)[C@@H](S1)CC(=O)Nc2ccc3c(c2)OCCO3
dude_grik1__L006615,Cc1ccccc1N(C)C(=O)N[C@H]([C@H](C)O)C(=O)[O-]
dude_grik1__L006616,C[C@@H](CCCC(C)C)NC(=O)NC1(CCCC1)C(=O)[O-]
dude_grik1__L006617,CS(=O)(=O)N1CCC[C@H](C1)NC(=O)Nc2cccc3c2nccc3
dude_grik1__L006618,Cc1c(c(n(n1)CC(=O)NC(C)(C)C)C)S(=O)(=O)N2CCC(CC2)C(=O)[O-]
dude_grik1__L006619,Oc2nc1cc(N(=O)=O)c(N(=O)=O)cc1cc2c3nn[nH]n3
dude_grik1__L006620,CC(C)N(CC(=O)N)c1c(cc(cc1F)C(=O)[O-])F
dude_grik1__L006621,CC(C)C[C@@H](C(=O)N1CSC[C@H]1C(=O)[O-])NC(=O)N
dude_grik1__L006622,C/C(=N\NC(=O)c1cc(c[nH]1)Br)/c2ccc(cc2)S(=O)(=O)N3CCCC[C@@H]3C(=O)[O-]
dude_grik1__L006623,c1cc(sc1C#CCO)C(=O)N2CCO[C@@H]3[C@@H]2CCC3
dude_grik1__L006624,c1cc2cn[nH]c2cc1C(=O)NC3(CCCCC3)C(=O)[O-]
dude_grik1__L006625,C1CCC(CC1)CNC(=O)N2C[C@@H](C[C@@H]2C(=O)[O-])O
dude_grik1__L006626,CN(CCNC(=O)c1cccc(c1)NCC(=O)[O-])S(=O)(=O)C
dude_grik1__L006627,c1cc(ncc1C(=O)[O-])C(=O)NCCCS(=O)(=O)N
dude_grik1__L006628,CO[C@H]1C[C@@H](N(C1)C(=O)c2ccc(cc2O)O)C(=O)[O-]
dude_grik1__L006629,c1cc2c(cc1C(=O)NCCCC(=O)[O-])nc[nH]2
dude_grik1__L006630,c1ccc(cc1)[C@@H](C(=O)N2C[C@H](C[C@H]2C(=O)[O-])O)O
dude_grik1__L006631,CN1[C@@H](C[C@H](C1=O)O[C@@H]2[C@H]([C@@H](C=C(O2)C(=O)[O-])O)O)c3cccnc3
dude_grik1__L006632,CS(=O)(=O)[N-]c1ccc(cc1Cl)C(=O)N2CCC(CC2)C(=O)N
dude_grik1__L006633,Cc1nc2cc(ccc2s1)C(=O)N3CCC[C@H]3c4ccc(s4)C(=O)N
dude_grik1__L006634,Cc1c(c[nH]n1)CNC(=O)N2C[C@H](C[C@@H]2C(=O)[O-])OC
dude_grik1__L006635,Cc1ccc(cc1[N+](=O)[O-])C(=O)NC(=S)Nc2ccc(cc2)N3CCN(CC3)S(=O)(=O)C
dude_grik1__L006636,c1ccc(c(c1)F)S(=O)(=O)[N-]c2ccc(nc2)n3cncn3
dude_grik1__L006637,Cn1c2c(cn1)c(nc(n2)C[NH+]3CCC[C@H]3C4CCCC4)[O-]
dude_grik1__L006638,C1CS(=O)(=O)C[C@@H]1NC(=O)N[C@H]2CS(=O)(=O)C=C2
dude_grik1__L006639,Cc1c(c(n[nH]1)C)S(=O)(=O)Nc2ccc3c(c2)N(CC3)C(=O)C
dude_grik1__L006640,c1cc(c(cc1[N+](=O)[O-])OS(=O)(=O)[O-])[O-]
dude_grik1__L006641,CS(=O)(=O)NC1=NC[NH+](C[N-]1)Cc2ccco2
dude_grik1__L006642,COC(=O)[C@H]1[C@H](C=C(S1)C2N=NN=N2)S(=O)(=O)/N=C(\[O-])/OC
dude_grik1__L006643,c1cc2c(cc1C(=O)N[C@H](CCO)C(=O)[O-])CCN2
dude_grik1__L006644,CC[C@@H](C)N([C@H]1CCS(=O)(=O)C1)C(=O)COC(=O)C2C(=C(NC(=C2C(=O)OC)C)C)C(=O)OC
dude_grik1__L006645,Cn1c(=O)c2ccc(cc2nc1SCC(=O)N3CCC[C@H]3c4ccc5c(c4)OCCO5)C(=O)[O-]
dude_grik1__L006646,C[C@H]1CCC[C@](C1)(C(=O)[O-])NC(=O)c2ccc(cc2)O
dude_grik1__L006647,c1cc(ccc1CS(=O)(=O)/N=C(/c2ccoc2)\[O-])[N+](=O)[O-]
dude_grik1__L006648,C1CC1c2c(nnn2CC(=O)N)C(=O)[O-]
dude_grik1__L006649,C1COC(O1)[C@@H]([C@H]([C@@H]([C@@H](CO)O)O)O)O
dude_grik1__L006650,Cn1cccc1C(=O)N2CC[C@@H]([C@H]2C(=O)NCCCC(=O)OC)NC(=O)Nc3ccc(cc3F)F
dude_grik1__L006651,Cc1c(sc2c1c(ncn2)N[C@@H](CC(=O)[O-])C(=O)[O-])C
