ligand_id,smiles
dude_pygm__L000001,Cc1ccc2c(c1)n(c(=O)c(n2)Nc3ccc(cc3)C(=O)NCc4cccs4)C
dude_pygm__L000002,C[C@@H]([C@H]1NN[C@@H](O1)c2ccccc2)Sc3[nH]c4cc(ccc4n3)OC
dude_pygm__L000003,c1ccc2c(c1)cccc2[C@H]3C(=C(C(=O)N3c4ccc(cc4)CC(=O)[O-])[O-])C(=O)c5ccccc5F
dude_pygm__L000004,CCC1=NO[C@H](N1)C2(CCCCC2)NC(=O)[C@@H]3C=C(N=N3)c4ccccc4
dude_pygm__L000005,CCN(CC)C(=O)C1=C(N=C2N([C@@H]1c3cc(cc(c3)OC)OC)C(=CS2)C=C([O-])[O-])C
dude_pygm__L000006,C[C@H]1[C@@H]2C(=NN=C2OC(=C1C#N)N)c3cccc(c3)I
dude_pygm__L000007,c1cc(c(cc1I)Cl)[N-]S(=O)(=O)N2CCC[C@H](C2)C(=O)[O-]
dude_pygm__L000008,CC(C)(C)C1=C[C@H](N=N1)c2nnc(n2c3ccc(c(c3)C(=O)[O-])Cl)[S-]
dude_pygm__L000009,C[C@H](C(=O)[O-])Oc1ccc(cc1)/C=C/2\C(=O)N=C(N(C2=O)c3ccc4c(c3)OCO4)[O-]
dude_pygm__L000010,CC[C@@H](C)N1C(=O)/C(=C\c2c(c3ccccc3[nH]2)CCNC(=O)C)/C(=NC1=S)[O-]
dude_pygm__L000011,c1c2c(cc(c1SCc3nc(nc(n3)N)N)Cl)OCCO2
dude_pygm__L000012,c1ccc2c(c1)c3c(c(=O)o2)[C@@H](C(=C(O3)N)C#N)c4ccc(c(c4)Br)F
dude_pygm__L000013,c1c(cc(cc1C(=O)[O-])NC(=O)CSc2nnnn2C3CCCCC3)C(=O)[O-]
dude_pygm__L000014,Cc1cccc(c1)CN2c3ccccc3N[C@H]2N4CCC(CC4)C(=O)NCCC5=c6ccccc6=[NH+]C5
dude_pygm__L000015,c1c(sc(n1)[N-]S(=O)(=O)N2CCC(CC2)C(=O)[O-])Br
dude_pygm__L000016,c1ccc2c(c1)-c3ccccc3C2N4CCN(CC4)/N=C/c5ccc(c(c5)O)O
dude_pygm__L000017,c1ccc(cc1)C(=O)C2=C(C(=O)N([C@H]2c3ccc(c(c3)Br)F)c4cccc(c4)C(=O)[O-])[O-]
dude_pygm__L000018,c1cc(ccc1[N-]S(=O)(=O)c2cc(oc2Br)C(=O)[O-])O
dude_pygm__L000019,CN\1C(=O)/C(=C/c2ccc(c(c2)OC)OCC(=O)[O-])/S/C1=N/c3cccc(c3)C(=O)[O-]
dude_pygm__L000020,COC(=O)c1ccc(cc1)C[NH2+]C2CCN(CC2)c3ccc(cc3)C(=O)NC4CCCC4
dude_pygm__L000021,CCOC(=O)c1cc(sc1NC(=O)CSc2nc(c(nn2)CCC(=O)[O-])[O-])c3ccccc3
dude_pygm__L000022,c1cc(cc(c1)F)[C@H]2C(=C(C(=O)N2CCCCCC(=O)[O-])[O-])C(=O)c3ccc(cc3)Cl
dude_pygm__L000023,CC1(Cc2c(sc3c2c(=O)[nH]c(n3)N/N=C/c4ccco4)CO1)C
dude_pygm__L000024,c1ccc(c(c1)C(=O)[O-])Sc2ccc(cc2[N+](=O)[O-])S(=O)(=O)N3CCC(CC3)C(=O)[O-]
dude_pygm__L000025,CCOc1ccc(cc1)N2C(=O)/C(=C/c3ccc(c(c3)OC)OCC(=O)[O-])/C(=NC2=S)[O-]
dude_pygm__L000026,C[C@@H](C(=O)Nc1ccc(c(c1)F)F)Nc2ccc(cc2)[N-]S(=O)(=O)C
dude_pygm__L000027,C[C@@H](C(=O)[O-])N1C(=O)/C(=C/c2ccc(o2)c3ccc(cc3)C(=O)[O-])/SC1=S
dude_pygm__L000028,CC(C)[C@@H](c1ccc(cc1)OC)NC(=O)CN2CCc3c2ccc(c3)S(=O)(=O)N
dude_pygm__L000029,c1ccc2c(c1)c3c(c(=O)o2)[C@H](C(=C(O3)N)C#N)c4ccc(c(c4)Br)F
dude_pygm__L000030,c1cc(c(cc1[C@H]2C(=C(C(=O)N2c3nc4ccc(cc4s3)C(=O)[O-])[O-])C(=O)C5CC5)Cl)Cl
dude_pygm__L000031,CO[C@@H]1CCC[C@H]1n2c(nnn2)c3ccc(c(c3)N)Br
dude_pygm__L000032,Cc1c(cc(n1CC2CCCCC2)c3ccc4c(c3)OCCCO4)C(=O)N
dude_pygm__L000033,COc1cccc(c1)[C@@H]2c3c(=O)[nH]c(nc3NC4=C2C(=O)CCC4)SCC=C
dude_pygm__L000034,CCc1ccc(cc1)n2c(=O)c(c([nH]c2=S)[O-])[C@H]3[C@@H]4C(=c5ccccc5=[NH+]4)CCN3
dude_pygm__L000035,C1Cc2c(sc3c2c4nnc(n4c5n3c(nn5)SCC(=O)[O-])SCC(=O)[O-])C1
dude_pygm__L000036,Cc1cc(ccc1c2ccc(o2)/C=C\3/C(=NC(=S)N(C3=O)CC=C)[O-])C(=O)[O-]
dude_pygm__L000037,CCN(CC)C(=O)c1ccc2c(c1)C(=O)C(=C2[O-])c3c(c(c4ccccc4n3)Br)[O-]
dude_pygm__L000038,CCOc1cc(cc(c1O[C@@H](C)C(=O)[O-])Br)/C=C/C(=O)[O-]
dude_pygm__L000039,Cc1cc(no1)[N-]S(=O)(=O)c2ccc3c(c2)[C@H]4[C@H]5CC[C@H](C5)[C@@H]4[C@H](N3)c6cccc(c6)C(=O)[O-]
dude_pygm__L000040,C[C@@H](c1ccc(s1)Br)Nc2ccc3c(c2)[nH]c(=O)[nH]3
dude_pygm__L000041,Cc1c(c(n(n1)C)C)[C@@H](C)NC(=O)C(=O)Nc2ccc3c4ccccc4oc3c2
dude_pygm__L000042,C[C@@H]1CCCC[C@@H]1NC(=O)CSC2=NN/C(=C/3\C=Nc4c3cccc4)/N2C5CC5
dude_pygm__L000043,CSc1[nH]c(=O)c2c(n1)NC(=O)C[C@H]2c3ccc4ccccc4c3
dude_pygm__L000044,CC(C)(C)NC(=O)c1cnn2c1N[C@@H](C[C@@H]2C(F)(F)F)c3ccc4c(c3)OCO4
dude_pygm__L000045,c1cc(c(cc1Oc2ccc(cc2NC(=O)c3cc(ccn3)Cl)F)C(=O)O)C(=O)O
dude_pygm__L000046,c1ccc(cc1)N2CCN(CC2)c3cc(nc(n3)N)N4CCCC4
dude_pygm__L000047,COc1cc(cc2c1OCO2)[C@H]3C(=C(C(=O)N3c4nc5ccc(cc5s4)C(=O)[O-])[O-])C(=O)C6CC6
dude_pygm__L000048,c1ccc(cc1)[C@H]2CCCN(CC2)c3ccc(cc3S(=O)(=O)N)[N+](=O)[O-]
dude_pygm__L000049,CC(=O)Nc1ccc(cc1)SCC(=O)NCC(=O)Nc2ccc(c(c2F)F)F
dude_pygm__L000050,CN1c2ccccc2CC(C1=O)NC(=O)c3cc4ccccc4[nH]3
dude_pygm__L000051,Cc1ccc2c(c1)NC(=O)[C@@](O2)(C)C(=O)NCCc3c([nH]c4c3cc(cc4F)F)C
dude_pygm__L000052,CCOc1ccc(c(c1)[C@@H]2[C@H]3CCCC=C3C(=C(C2(C#N)C#N)N)C#N)OCC
dude_pygm__L000053,c1ccc(c(c1)C[NH+]2CCNC(=O)[C@@H]2CC(=O)NCC3=CC=C[C@@H]4C3=CC=N4)C(F)(F)F
dude_pygm__L000054,Cc1cc(cc(c1)OCCN(C)C(=O)Nc2ccc(c(c2)C(=O)N)F)C
dude_pygm__L000055,c1cc(ccc1NS(=O)(=O)c2ccc(cc2)S(=O)(=O)N)S(=O)(=O)N
dude_pygm__L000056,CC1C/C(=C\c2ccc(c(c2)O)OC)/C(=O)/C(=C/c3ccc(c(c3)O)OC)/C1
dude_pygm__L000057,Cc1cc(c(s1)C)c2csc(n2)NC(=O)[C@@H](Cc3c[nH]c4c3cccc4)NC(=O)C
dude_pygm__L000058,C[C@@H](C(=O)N/N=C/c1c[nH]nc1c2ccc(cc2)F)n3c4ccccc4nn3
dude_pygm__L000059,CC[C@@H](C(=O)[O-])Oc1ccccc1/C=C\2/C(=O)N(C(=S)S2)c3ccc(c(c3)C(=O)[O-])O
dude_pygm__L000060,c1ccc(cc1)C\2=NN(C(=O)/C2=C\c3ccc(c(c3)O)O)c4ccccc4
dude_pygm__L000061,CC1=C2[C@@H](C(=C(O[C@@H]2N=N1)N)C#N)c3ccc(o3)COc4ccc(cc4)OC
dude_pygm__L000062,Cc1cccc(c1)c2nnc(n2CC(=O)[O-])Sc3ccc(c(c3)C(=O)[O-])[N+](=O)[O-]
dude_pygm__L000063,CCCCCCn1c2ccccc2c(=O)c(c1[O-])/C(=N/c3ncc(s3)[N+](=O)[O-])/[O-]
dude_pygm__L000064,c1ccc(cc1)C(=O)C2=C(C(=O)N([C@H]2c3ccc4c(c3)OCO4)CCCC(=O)[O-])[O-]
dude_pygm__L000065,c1cc(c(cc1Cl)c2ccc(o2)/C=C\3/C(=O)N(C(=S)S3)[C@H](CCC(=O)[O-])C(=O)[O-])Cl
dude_pygm__L000066,c1cc(ccc1CSCC(=O)Nc2cc(cc(c2)C(=O)[O-])C(=O)[O-])C(=O)[O-]
dude_pygm__L000067,CC(C)Oc1ccc(cc1)[C@H]2Nc3c(c4c(s3)COC(C4)(C)C)C(=O)N2
dude_pygm__L000068,CCc1cccc2c1NC(=O)[C@]23[C@H]4[C@@H]([C@@H]([NH2+]3)CCSC)C(=O)N(C4=O)CCc5ccccc5
dude_pygm__L000069,Cc1cc(sc1C(=O)[O-])S(=O)(=O)[N-]c2cccc(c2)[N+](=O)[O-]
dude_pygm__L000070,CCOc1cc(ccc1OCCC(=O)[O-])/C=C/2\C(=O)N=C(S2)[N-]c3cccc(c3C)C
dude_pygm__L000071,c1cc2c(cc1/C=C\3/C(=O)N=C(S3)[N-]c4ccc(c(c4)O)C(=O)[O-])OCO2
dude_pygm__L000072,Cc1cc(cc(c1)NS(=O)(=O)c2cc(c(cc2F)F)N)C
dude_pygm__L000073,Cc1ccc(c(c1)C)NS(=O)(=O)c2cc(c3c(c2)c(cc(=O)[nH]3)C)C
dude_pygm__L000074,CC1(CC(=C2[C@@H](c3c(nc(nc3[O-])SCc4ccc(cc4)F)N=C2C1)c5ccc(c(c5)[N+](=O)[O-])O)[O-])C
dude_pygm__L000075,COC(=O)c1ccc(cc1)/C=C(\C#N)/c2c(c(n(n2)c3ccccc3)N)C#N
dude_pygm__L000076,c1cc(cc(c1)n2cccc2/C=C/3\C(=NC(=S)N(C3=O)c4ccc(cc4)Cl)[O-])C(=O)[O-]
dude_pygm__L000077,c1cc(sc1C(=O)[O-])S(=O)(=O)[N-]c2c(ccs2)C#N
dude_pygm__L000078,c1ccc(c(c1)NC(=O)c2cccc(c2)N(=O)=O)Oc3ccc(c(c3)C(=O)O)C(=O)O
dude_pygm__L000079,c1cc(c(cc1Br)Br)OCC(=O)Nc2cc(cc(c2)C(=O)[O-])C(=O)[O-]
dude_pygm__L000080,CC(=O)c1ccc(cc1)[N-]C2=NC(=O)/C(=C\c3ccccc3C(=O)[O-])/S2
dude_pygm__L000081,Cc1ccc(cc1n2c(cc(c2C)/C=C/3\C(=NC(=S)N(C3=O)c4ccc(cc4)C(C)C)[O-])C)C(=O)[O-]
dude_pygm__L000082,c1cc(c(cc1Br)Br)NC(=O)Nc2cnn(c2)CC(=O)[O-]
dude_pygm__L000083,Cc1c(sc2c1c(=O)nc([nH]2)c3cccc(c3)NC(=O)C[NH+](C)Cc4ccc5c(c4)OCO5)C
dude_pygm__L000084,CC[C@H]1CO[C@@H](CN1S(=O)(=O)c2c(cc(cc2F)N)F)C
dude_pygm__L000085,CCOc1cc(ccc1O)c2[nH]c(=O)c3c4c(sc3n2)CSCC4
dude_pygm__L000086,c1ccc(cc1)[C@@H]2CCCN(CC2)c3ncc(s3)S(=O)(=O)N
dude_pygm__L000087,CCCC[C@@H](C(=O)[O-])Sc1nnc2n1c(cc(n2)[O-])C(C)(C)C
dude_pygm__L000088,COc1cc(cc(c1[O-])[N+](=O)[O-])/C=C\2/C(=NC(=O)N(C2=O)c3cccc(c3)C(F)(F)F)[O-]
dude_pygm__L000089,Cc1ccc(cc1N2[C@@H](C(=C(C2=O)[O-])C(=O)c3ccc4c(c3)OCO4)c5ccsc5)C(=O)[O-]
dude_pygm__L000090,Cc1cc(ccc1NC(=O)CNC(=O)CSc2nnnn2c3cccc(c3)Cl)Br
dude_pygm__L000091,c1cc(ccc1c2c3c(n[nH]2)NC(=O)C[C@H]3c4ccc(cc4)[N+](=O)[O-])Cl
dude_pygm__L000092,c1cc2c(cc1C(=O)[O-])C(=O)N(C2=O)CCCCCCN3C(=O)c4ccc(cc4C3=O)C(=O)[O-]
dude_pygm__L000093,CC(C)COc1ccc(cc1)[C@@H]2CC3=C([C@H](CC(=O)N3)c4cc(c(c(c4)OC)O)OC)C(=O)C2
dude_pygm__L000094,CC[C@H](C(=O)[O-])Oc1cccc(c1)/C=C/2\C(=O)N=C(S2)[N-]c3ccccc3
dude_pygm__L000095,c1cc(cc(c1)[N+](=O)[O-])CNC(=O)N2CCC(=CC2)c3c[nH]c4c3cccn4
dude_pygm__L000096,c1ccc(cc1)[C@H](C(=O)Nc2cc(cc(c2)Cl)Cl)Sc3nc(c(nn3)CCC(=O)[O-])[O-]
dude_pygm__L000097,c1cc(ccc1c2ccc(o2)/C=C(\C#N)/C(=O)[O-])C(=O)[O-]
dude_pygm__L000098,C[C@@]12C[C@@H](CC(C1)(C)C)N(C2)c3c(c(ncn3)N4CCc5ccccc5C4)N
dude_pygm__L000099,Cc1ccc(o1)c2c(c([nH]n2)N)c3c(cccc3Cl)Cl
dude_pygm__L000100,Cc1cc(c(=O)[nH]n1)Cc2ccc(cc2)S(=O)(=O)N[C@H]3CCC[C@H]([C@@H]3C)C
dude_pygm__L000101,CCCC\1=NN(C(=O)/C1=C\c2cccc(c2[O-])[N+](=O)[O-])c3ccc(cc3)C(=O)[O-]
dude_pygm__L000102,CCOC(=O)c1ccc(cc1)c2ccc(o2)/C=C/3\C(=O)N(C(=S)S3)[C@H](CC(=O)[O-])C(=O)[O-]
dude_pygm__L000103,c1cc(cc(c1)OC2CCCC2)[C@@H]3c4c[nH]nc4N=C(CS3)O
dude_pygm__L000104,c1cc(ccc1c2ccc(o2)/C=C/3\C(=O)N(C(=S)S3)CCCCCC(=O)[O-])C(=O)[O-]
dude_pygm__L000105,c1ccc(cc1)c2c(c(nnc2c3ccccc3)[O-])C(=O)N/N=C/c4ccc(cc4)C(=O)[O-]
dude_pygm__L000106,c1cc(ccc1/C=C(\C#N)/C(=N/c2nc(cs2)c3ccncc3)/[O-])C(=O)[O-]
dude_pygm__L000107,c1ccc2c(c1)c(c(c(=O)o2)C(c3ccccc3OC(F)F)c4c(c5ccccc5oc4=O)[O-])[O-]
dude_pygm__L000108,Cc1nc([nH]n1)S[C@H](c2ccc(cc2)F)[C@@H](C)[NH3+]
dude_pygm__L000109,CCN(Cc1ccc2c(c1)OCO2)C(=O)Nc3ccc(cc3C)C(=O)NC
dude_pygm__L000110,c1ccc2c(c1)c3c(s2)c(=O)n(c(=S)[nH]3)CCc4ccc(cc4)S(=O)(=O)N
dude_pygm__L000111,C(C[NH3+])[C@@H]1C(=O)N=C(S1)N
dude_pygm__L000112,Cn1c2c(cccn2)nc(c1=O)Nc3ccc(cc3)C(=O)NCc4cccs4
dude_pygm__L000113,CCOc1cccc(c1)N2C(=O)/C(=C\c3ccc(o3)c4ccc(c(c4)Cl)C(=O)[O-])/C(=NC2=O)[O-]
dude_pygm__L000114,Cc1cccc(c1C)NC(=O)NC(=O)Cn2c(=O)ccc(n2)c3ccccc3F
dude_pygm__L000115,Cc1ccc(cc1)NS(=O)(=O)c2ccc3c(c2)NC(=O)C[C@@H](S3)C
dude_pygm__L000116,CC(C)c1c2c(c3c4c(c(=O)n(cn4)N)sc3n1)CCCC2
dude_pygm__L000117,c1cc(cc(c1)Cl)N2C(=O)/C(=C/c3ccc(o3)c4cc(ccc4Cl)C(=O)[O-])/C(=NC2=S)[O-]
dude_pygm__L000118,C[NH2+]Cc1cn(c2c1cc(cc2)C(=O)OC)C[C@H](c3ccccc3O)S(=O)(=O)c4ccccc4
dude_pygm__L000119,CC(=O)c1ccc(cc1)N2CCN(CC2)c3ccc(cc3C(=O)[O-])[N-]S(=O)(=O)C
dude_pygm__L000120,CCS(=O)(=O)[N-]c1ccc(cc1)[N-]S(=O)(=O)c2c(cc(cc2F)F)F
dude_pygm__L000121,c1cc(ccc1OP(=O)(NP(=O)([O-])[O-])Oc2ccc(cc2)Br)Br
dude_pygm__L000122,COc1ccc(cc1)c2c(c([nH]n2)N)c3ccccc3Br
dude_pygm__L000123,c1cc(sc1S(=O)(=O)[N-]c2cc(c(cc2F)F)C(=O)[O-])Br
dude_pygm__L000124,CC[C@H]1COc2ccc(cc2C(=O)N1)NS(=O)(=O)c3ccc(cc3C)F
dude_pygm__L000125,Cc1cc(nc(n1)S[C@H](C)C(=O)Nc2ccc3c(c2)OCO3)N
dude_pygm__L000126,CCOc1ccccc1CNC(=O)[C@@H]2CSC[C@@H]([NH2+]2)c3cc(no3)c4ccccc4
dude_pygm__L000127,COc1cc(ccc1OCc2ccccc2)[C@@H](c3ccc4cccnc4c3O)Nc5cccc[nH+]5
dude_pygm__L000128,CC[C@@H](C(=O)[O-])Oc1cccc(c1)/C=C\2/C(=O)N(/C(=N/c3ccc(cc3)C(=O)[O-])/S2)C
dude_pygm__L000129,CC[C@@H](C)c1ccc(cc1)n2c(nnc2[S-])CCCCc3nnc(n3c4ccc(cc4)[C@@H](C)CC)[S-]
dude_pygm__L000130,c1cc(c(cc1[N-]S(=O)(=O)c2ccc(c(c2)F)OCCCC(=O)[O-])C(F)(F)F)Cl
dude_pygm__L000131,c1ccc(c(c1)[N-]S(=O)(=O)c2ccc(s2)CC(=O)[O-])Br
dude_pygm__L000132,Cc1ccccc1/C=C/C(=O)Nc2cccc(c2)S(=O)(=O)/N=C/3\CCCCCN3
dude_pygm__L000133,Cc1ccc(o1)[C@H]2c3ccc(cc3OC(=C2C#N)N)OC(=O)c4cccs4
dude_pygm__L000134,c1cc(ccc1[N-]S(=O)(=O)c2ccc(s2)Br)S(=O)(=O)[N-]c3nccs3
dude_pygm__L000135,c1cc(cc(c1)OCC(=O)[O-])/C=C/2\C(=O)N=C(S2)[N-]c3cccc(c3Cl)Cl
dude_pygm__L000136,c1ccc2c(c1)c(cc(=O)[nH]2)CN3CN[C@H]4[C@@H](C3=O)C5=C(S4)CCC5
dude_pygm__L000137,Cc1ccc(cc1)[C@@H]2CCCN2C(=O)C3CCC4(CC3)C(=O)NC(=O)N4
dude_pygm__L000138,Cc1c(c(no1)c2ccccc2)C(=O)NNC(=O)CC34CC5CC(C3)CC(C5)C4
dude_pygm__L000139,C[C@H](C(=O)[O-])Oc1ccc(cc1)/C=C/2\C(=O)N=C(S2)[N-]c3ccc(cc3)OC
dude_pygm__L000140,Cc1c(c(c(nc1c2ccccc2)C)CO[P@@](=O)(C[C@@H](CC(=O)[O-])O)[O-])c3ccc(cc3)F
dude_pygm__L000141,c1cc(cc(c1)NC(=O)/C=C/C(=O)[O-])/C=C/C#Cc2cccc(c2)NC(=O)/C=C/C(=O)[O-]
dude_pygm__L000142,COc1ccc(cc1)n2c(nnc2SCC(=O)Nc3ccc(cc3)Cl)c4ccc(cc4)O
dude_pygm__L000143,CCc1ccc(cc1)[C@@H]2c3c(c4ccccc4oc3=O)OC(=C2C#N)N
dude_pygm__L000144,Cc1c(c(n(n1)c2ccccc2)Cl)/C=C/3\C(=O)N(C(=S)S3)N
dude_pygm__L000145,CC[C@H](C)[C@H]1C(=O)N(C2([NH2+]1)CCN(CC2)C(=S)Nc3ccc(cc3)OC)CC(C)C
dude_pygm__L000146,Cc1ccc(cc1)/C=C/C(=O)Nc2ccc3c(c2)NC(=O)[C@@H](O3)C
dude_pygm__L000147,Cc1ccc(cc1[N+](=O)[O-])NC(=O)C(=O)NC23CC4CC(C2)CC(C4)C3
dude_pygm__L000148,Cc1ccc(cc1)NC(=O)C(=O)N/N=C/c2cc(ccc2O)Br
dude_pygm__L000149,Cc1ccc(c(c1)[N-]C2=NC(=O)/C(=C\c3ccc(cc3)OCC(=O)[O-])/S2)O
dude_pygm__L000150,C[C@H]1CCCCN1S(=O)(=O)[N-]c2nnc(s2)SCC(=O)[O-]
dude_pygm__L000151,Cc1ccc(cc1S(=O)(=O)N[C@@H](C)c2ccccc2)c3c4ccccc4c(=O)[nH]n3
dude_pygm__L000152,CC[C@@H](c1c2c(sc1n3cccc3)C[NH+](CC2)C)NC(=O)Nc4ccccc4OCC
dude_pygm__L000153,CC(=O)N1C/C(=C\c2cccs2)/C3=C(C1)[C@H](C(=C(O3)N)C#N)c4cccs4
dude_pygm__L000154,c1cc(ccc1c2cc(c3c([nH]nc3n2)c4ccc(cc4)Br)C(=O)[O-])C(=O)[O-]
dude_pygm__L000155,CCOC(=O)c1ccc(cc1)[N-]C2=NC(=O)/C(=C\c3ccc(cc3)O[C@@H](C)C(=O)[O-])/S2
dude_pygm__L000156,c1cc2c(cc1c3nc(cs3)C(=O)N4CCCC[C@@H]4C(=O)N)OCCO2
dude_pygm__L000157,c1ccc2cc(ccc2c1)[C@H]3C(=C(C(=O)N3c4cccc(c4)C(=O)[O-])[O-])C(=O)c5ccc6c(c5)OCO6
dude_pygm__L000158,CCCC[C@H](C(=O)[O-])Sc1nnc2n1c(cc(n2)[O-])C(C)C
dude_pygm__L000159,COc1cc(cc(c1OCC(=O)[O-])CC=C)/C=N/c2ccc(cc2)C(=O)[O-]
dude_pygm__L000160,c1cc(cc(c1)N2[C@H](C(=C(C2=O)[O-])C(=O)C3CC3)c4ccc(cc4)[N+](=O)[O-])C(=O)[O-]
dude_pygm__L000161,c1cc(ccc1/C=C\2/C(=O)N(C(=S)S2)c3ccc(cc3)C(=O)[O-])OCCC(=O)[O-]
dude_pygm__L000162,c1ccc(cc1)CC[C@@H]2c3c(c4ccccc4oc3=O)OC(=C2C#N)N
dude_pygm__L000163,COc1cc(cc(c1[O-])[N+](=O)[O-])/C=C/2\C(=NC(=O)N(C2=O)c3cc(c(cc3OC)Cl)OC)[O-]
dude_pygm__L000164,Cc1ccc(c2c1N[C@@H]([C@H]3[C@H]2C=CC3)c4c[nH]c5c4cccc5)[N+](=O)[O-]
dude_pygm__L000165,CN/C(=[NH+]\N)/C=[N+](/O)\[O-]
dude_pygm__L000166,C[C@@H]1C[C@H](CN(C1)c2ccc(cc2N)S(=O)(=O)N(C)C)C
dude_pygm__L000167,c1cc(c(cc1NC(=O)C(=O)c2c(nc(s2)[S-])[O-])[N+](=O)[O-])Cl
dude_pygm__L000168,CC(C)(C)CC(C)(C)NC(=O)[C@@H](c1ccco1)N(C)C(=O)c2cccc(c2O)O
dude_pygm__L000169,C[C@H](c1ccc2c(c1)NC(=O)CO2)NC(=O)Nc3cccc(c3)n4cccc4
dude_pygm__L000170,c1c(cc(c(c1Cl)NC(=O)CSc2nc(c(nn2)CCC(=O)[O-])[O-])Cl)Cl
dude_pygm__L000171,c1ccc(c(c1)C(=O)N2[C@](CC(=N2)C(F)(F)F)(c3cccnc3)O)O
dude_pygm__L000172,Cc1c(c(sc1C(=O)[O-])S(=O)(=O)N2CCN(CC2)C(=O)CCC3CCCC3)C(=O)[O-]
dude_pygm__L000173,COc1ccc(cc1)NC(=O)[C@H]2CCCN2C(=O)Cc3ccc(cc3)NS(=O)(=O)c4cccs4
dude_pygm__L000174,C[C@@H]1CCCC[C@@H]1NC(=O)Cc2csc(n2)NC(=O)NC3CCCC3
dude_pygm__L000175,c1ccc(cc1)CCN(Cc2ccccc2)C(=O)COc3ccccc3P(=O)([O-])[O-]
dude_pygm__L000176,c1cc2c(cc1NS(=O)(=O)c3ccc4c(c3)NC(=O)CCS4)OCO2
dude_pygm__L000177,COc1cc(ccc1OCC(=O)[O-])/C=C/2\C(=O)N=C(S2)[N-]c3ccccc3Br
dude_pygm__L000178,CC1=CC(n2c3c1cc(cc3c(c2[O-])C4=NC(=S)N=C4[O-])OC(=O)c5cccc6c5cccc6)(C)C
dude_pygm__L000179,Cc1c(cn(n1)C)/C=N/NC(=O)[C@]2(CC[C@H](C2(C)C)c3[nH]c4ccccc4n3)C
dude_pygm__L000180,Cc1ccc(c(c1)[N-]C2=NC(=O)/C(=C\c3ccc(c(c3)OC)O[C@H](C)C(=O)[O-])/S2)C
dude_pygm__L000181,Cc1ccccc1[N-]C2=NC(=O)/C(=C\c3cccc(c3)OCC(=O)[O-])/S2
dude_pygm__L000182,CCN1CC=C2[C@@H](C1)[C@@H](C(C(=C2C#N)N)(C#N)C#N)[C@@H]3CCC=CC3
dude_pygm__L000183,Cc1ccc(cc1[N+](=O)[O-])NC(=O)N2CCN(CC2)c3ccc(cc3)O
dude_pygm__L000184,Cc1cc(no1)NC(=O)NC2(CCC2)c3ccc(cc3)Br
dude_pygm__L000185,c1ccc(c(c1)c2csc3c2c(=O)[nH]c(n3)CSc4nnc(s4)NC[C@H]5CCCO5)Cl
dude_pygm__L000186,Cc1cc(no1)[N-]S(=O)(=O)c2cc(ccc2Br)C(=O)[O-]
dude_pygm__L000187,c1csc2n1c(c(n2)Cl)/C=C/C(=O)NC3CCC(CC3)O
dude_pygm__L000188,CC1=C2[C@H](C(=C(O[C@@H]2N=N1)N)C#N)c3c4ccccc4ccc3OCc5ccccc5
dude_pygm__L000189,C[C@@H]1C=C([C@H](N1Cc2ccc(cc2)F)C)C(=O)CSc3nc(c(nn3)CCC(=O)[O-])[O-]
dude_pygm__L000190,c1cc2c(cc1/C=C\3/C(=O)N(C(=S)S3)c4cc(cc(c4)C(=O)[O-])C(=O)[O-])OCO2
dude_pygm__L000191,CC1CCN(CC1)C(=O)[C@@H](C)Sc2nnc(n2N)c3ccc(cc3)OC
dude_pygm__L000192,Cc1c(c(sn1)[N-]S(=O)(=O)c2ccc(cc2Br)Br)C(=O)[O-]
dude_pygm__L000193,Cc1c2cc(sc2n(n1)C)C(=O)Nc3nc(cs3)c4cc([nH]c4)C(=O)N
dude_pygm__L000194,c1cc(cc(c1)N2[C@@H](C(=C(C2=O)[O-])C(=O)c3cccs3)c4ccc5c(c4)OCCO5)C(=O)[O-]
dude_pygm__L000195,COC(=O)[C@@H]1[C@@H](CCN1)[NH3+]
dude_pygm__L000196,COc1ccc(cc1)n2c(nnn2)c3cnc(nc3c4ccc(cc4)Cl)N
dude_pygm__L000197,CC[C@H](C(=O)[O-])Oc1ccccc1/C=C/2\C(=O)N=C(S2)[N-]c3cccc(c3)C(=O)C
dude_pygm__L000198,Cc1cc(c(cc1C)Br)c2ccc(o2)C=C3C(=O)NC(=S)NC3=O
dude_pygm__L000199,c1cc2c(c(c1)F)nc(c3n2ccc3)OCCNC(=S)Nc4ccc(c[nH+]4)Br
dude_pygm__L000200,CC(C)(C)[C@@H]1CCc2c(csc2C1)C(=O)NNC(=O)CCCC(=O)[O-]
dude_pygm__L000201,c1cc2c(cc1Cl)O[C@@](O2)(C(F)(F)F)NC(=O)Nc3nncs3
dude_pygm__L000202,c1cc(cc(c1)S(=O)(=O)N2CCC[C@@H](C2)c3nc4c(c(n3)[O-])nnn4Cc5ccc(cc5)F)C(=O)[O-]
dude_pygm__L000203,c1ccc(cc1)N2C(=O)/C(=C\c3ccc(o3)c4cc(ccc4Cl)C(=O)[O-])/C(=NC2=O)[O-]
dude_pygm__L000204,CCSc1nnc(s1)NC(=O)[C@H]2C=C(N=N2)c3ccc(cc3O)C
dude_pygm__L000205,Cc1c2c(nc(n1)NC)n(c(=O)c(n2)c3cc4cc[nH]c4nc3)C5CCCC5
dude_pygm__L000206,CC(C)[C@H](C(=O)[O-])N1C(=O)/C(=C/c2cccc(c2)OCC(=O)[O-])/SC1=S
dude_pygm__L000207,CC[C@H](C(=O)[O-])Oc1cccc(c1)/C=C/2\C(=O)N=C(S2)[N-]c3ccc(cc3)Br
dude_pygm__L000208,CCCc1[nH]nc(n1)[C@@H](C)[NH3+]
dude_pygm__L000209,Cc1ccc(cc1N2C(=O)/C(=C/c3cccc(c3)OCC(=O)[O-])/SC2=S)C(=O)[O-]
dude_pygm__L000210,c1ccc(c(c1)[C@@H]2C(=C(C(=O)N2c3cccc(c3)C(=O)[O-])[O-])C(=O)c4ccccc4F)Br
dude_pygm__L000211,CCCCSc1nc2c(c(n1)[O-])[C@@H](C3=C(CC(CC3=N2)(C)C)[O-])c4ccc(c(c4)[N+](=O)[O-])O
dude_pygm__L000212,c1cc(ccc1/C=C/C(=O)c2ccc(cc2)S(=O)(=O)NCCC(=O)[O-])C(=O)[O-]
dude_pygm__L000213,Cc1ccc(cc1[N+](=O)[O-])[C@H]2C(=C(C(=O)N2c3ccc(cc3)CC(=O)[O-])[O-])C(=O)c4ccccc4F
dude_pygm__L000214,c1cc(c(cc1S(=O)(=O)[N-]c2cc(c(cc2F)F)c3nnc4n3CCCCC4)C(=O)[O-])F
dude_pygm__L000215,C[C@@H]1C[C@H]1NS(=O)(=O)c2c(cc(cc2Br)Br)N
dude_pygm__L000216,CC(=O)N(C)c1ccc2c(c1)[C@H]3C=CC[C@H]3[C@H](N2)c4ccc(c(c4)O)OC
dude_pygm__L000217,COc1ccc(cc1)[C@H]2CCN(C2)C(=O)C3CCC4(CC3)C(=O)NC(=O)N4
dude_pygm__L000218,CCOc1cc(ccc1OCCC(=O)[O-])/C=C/2\C(=O)N=C(S2)[N-]c3ccc(cc3)C(=O)C
dude_pygm__L000219,CCc1c(sc2c1c(=O)n(c(=S)[nH]2)NC(=O)c3csc4c3CCCC4)C
dude_pygm__L000220,Cc1cc(nc(n1)N)N2CCN(CC2)S(=O)(=O)c3ccc(c(c3)Cl)F
dude_pygm__L000221,C/C(=N\Nc1ccc(cc1)C(=O)[O-])/c2ccc(cc2)S(=O)(=O)NCCC(=O)[O-]
dude_pygm__L000222,Cc1c(c(sc1C(=O)OC)S(=O)(=O)[N-]c2ccc(cc2)C(=O)[O-])C(=O)OC
dude_pygm__L000223,Cc1cccc(c1C)NC(=O)CSc2nc(c(nn2)CCC(=O)[O-])[O-]
dude_pygm__L000224,Cc1ccc(cc1S(=O)(=O)Nc2cc(cc(c2)C(=O)[O-])C(=O)[O-])[N+](=O)[O-]
dude_pygm__L000225,c1cc(c(cc1[N+](=O)[O-])[N+](=O)[O-])SSCCCOP(=O)([O-])[O-]
dude_pygm__L000226,Cc1ccc(cc1)/N=C\2/C(=C/c3ccc(c(c3)OC)O)/SC(=O)N2
dude_pygm__L000227,CC[C@@H](C)c1ccccc1OS(=O)(=O)c2ccc3c(c2)c(=O)[nH]c(=O)[nH]3
dude_pygm__L000228,Cc1cc(c(n1C2CC2)C)C(=O)CSc3nc(c(nn3)CCC(=O)[O-])[O-]
dude_pygm__L000229,Cc1c(c(nc(n1)S[C@@H](c2ccccc2)C(=O)Nc3ccccc3)[O-])CCC(=O)[O-]
dude_pygm__L000230,C1C2C[C@@]3(C[C@]1(CC(C2)(C3)Br)CC(=O)[O-])CC(=O)[O-]
dude_pygm__L000231,Cc1ccc(c(c1)[N-]C2=NC(=O)/C(=C\c3ccccc3OCC(=O)[O-])/S2)O
dude_pygm__L000232,CC#C[C@]1(CC[C@H]2[C@]1(CC=C3[C@@H]2CC[C@]4([C@]3(CCC5(C4)OCCO5)OC)O)C)O
dude_pygm__L000233,C[C@H](c1ccc(cc1Cl)Cl)[NH2+][C@H](C)C(=O)Nc2ccc(c(c2)S(=O)(=O)N(C)C)Cl
dude_pygm__L000234,CC1=C([C@]2(c3ccccc3-c4c2nc(o4)N)C(=O)N1C)C(=O)OC(C)(C)C
dude_pygm__L000235,c1ccc(cc1)Sc2ccccc2NC(=O)CSc3nnc(n3N)c4cccnc4
dude_pygm__L000236,CC[C@H](C(=O)[O-])Oc1ccc(cc1)/C=C\2/C(=O)N(/C(=N\c3ccc(c(c3)O)C(=O)[O-])/S2)CC
dude_pygm__L000237,c1cc2c(cc1C3(CCOCC3)CNC(=O)Nc4cc(ccc4F)F)OCO2
dude_pygm__L000238,C[C@H]([C@H](c1cnn(c1)C)O)[NH3+]
dude_pygm__L000239,Cc1cc(c(c(c1)O)c2c3c([nH]n2)C(=O)N([C@H]3c4ccccc4)C[C@@H]5CCCO5)C
dude_pygm__L000240,CC1=C(C(C(=C(N1Cc2cccc(c2Cl)Cl)C(=O)O)C(=O)O)c3ccccc3Cl)C(=O)OC(C)C
dude_pygm__L000241,CCc1ccc(cc1[N+](=O)[O-])[C@@H]2C(=C(C(=O)N2c3cccc(c3)C(=O)[O-])[O-])C(=O)c4ccc(cc4)F
dude_pygm__L000242,CCO/C(=C/1\C(=O)/C(=C/c2ccc(o2)c3ccc(c(c3)C(=O)[O-])Cl)/S\C1=N/c4ccc(cc4)C)/[O-]
dude_pygm__L000243,COC(=O)c1ccc(cc1)/C=N/N2[C@@H](NNC2=S)[C@H]3C4=C(CCC4)N=N3
dude_pygm__L000244,CC[C@H](C(=O)[O-])Oc1ccc(cc1)/C=C\2/C(=O)N(C(=S)S2)c3cc(ccc3C)C(=O)[O-]
dude_pygm__L000245,Cc1cc(ccc1OC)[N-]S(=O)(=O)c2ccc(cc2F)S(=O)(=O)N
dude_pygm__L000246,c1ccc2c(c1)cccc2CSc3nc(c(nn3)CCC(=O)[O-])[O-]
dude_pygm__L000247,Cc1ccc(cc1C)[C@@H](CN2C(=O)[C@@](NC2=O)(C)c3ccc(s3)Cl)O
dude_pygm__L000248,CCOC(=O)/C(=C/c1ccc(o1)c2cc(cc(c2)C(=O)[O-])C(=O)[O-])/C#N
dude_pygm__L000249,Cc1ccc(cc1)S(=O)(=O)[N-]/N=C/c2cccc(c2[O-])[N+](=O)[O-]
dude_pygm__L000250,CC(C)(C)c1ccc(cc1)[C@@H]2C(=C(C(=O)N2c3ccc(cc3)CC(=O)[O-])[O-])C(=O)c4ccco4
dude_pygm__L000251,CC[C@@H](C)[C@H](c1nc([nH]n1)N)[NH3+]
dude_pygm__L000252,Cc1ccc(c(c1)OCCSc2nc(c(c(n2)[O-])CCC(=O)[O-])C)C
dude_pygm__L000253,CN1CCCc2c1ccc(c2)[C@H](CNC(=O)C(=O)NCc3cccc(c3)OC)[NH+]4CCCCC4
dude_pygm__L000254,Cc1ccc(cc1)c2nnc(n2CC(=O)[O-])SCC(=O)Nc3cc(ccc3Cl)C(=O)[O-]
dude_pygm__L000255,CN1CC=C2[C@@H](C1)[C@@H](C(C(=C2C#N)N)(C#N)C#N)c3ccccc3
dude_pygm__L000256,C=CCN(CC=C)C(=O)c1ccc(c(c1)NS(=O)(=O)c2ccc(cc2)Br)N3CC[NH2+]CC3
dude_pygm__L000257,Cc1c2c([nH]n1)N(C(=O)[C@@]23c4ccccc4-c5c3nc(o5)N)CC=C
dude_pygm__L000258,Cc1c2c([nH]n1)NC3=C([C@H]2c4ccc(cc4)Cl)C(=O)C[C@@H](C3)c5ccco5
dude_pygm__L000259,c1ccc(cc1)N(CCN(c2ccccc2)C(=O)[C@H]3CCCC[C@@H]3C(=O)[O-])C(=O)[C@H]4CCCC[C@H]4C(=O)[O-]
dude_pygm__L000260,Cc1cnc2c(n1)[C@@H](N[C@@H](N2)[NH3+])O
dude_pygm__L000261,c1cc(oc1)[C@@H]2CC(=NN2C(=O)COc3ccc(cc3C(=O)[O-])C(=O)[O-])c4ccco4
dude_pygm__L000262,C[C@H](C(=O)N)Sc1nc2c(c3c(s2)CCCC3)c(=O)n1C4CCCC4
dude_pygm__L000263,Cc1cc(no1)[N-]S(=O)(=O)c2ccc(cc2)/N=C/c3cc(ccc3[O-])[N+](=O)[O-]
dude_pygm__L000264,c1ccc(c(c1)[N-]S(=O)(=O)c2ccc(cc2)S(=O)(=O)N)OC3CCCC3
dude_pygm__L000265,C1CS(=O)(=O)CCC1(C[NH3+])O
dude_pygm__L000266,c1cc(c(cc1S(=O)(=O)N)NCc2ccc(s2)Cl)Cl
dude_pygm__L000267,CCCCOC(=O)C1=C(OC2=C([C@]13c4ccccc4NC3=O)C(=O)CC(C2)(C)C)N
dude_pygm__L000268,CN(C)c1ccc(cc1)NC(=O)CSc2nnc(n2N)NN
dude_pygm__L000269,CCOc1ccc(cc1)N2C(=O)/C(=C/c3ccc(o3)c4ccc(cc4)C(=O)[O-])/C(=NC2=S)[O-]
dude_pygm__L000270,CCOc1cc(ccc1O)[C@@H]2c3c(n[nH]c3C(=O)N2C4CCCC4)c5ccccc5
dude_pygm__L000271,c1ccc(c(c1)C(=O)C2=C(C(=O)N([C@H]2c3ccc(cc3)[N+](=O)[O-])c4ccc(cc4)CC(=O)[O-])[O-])F
dude_pygm__L000272,c1ccc(cc1)C[C@@H]2[C@@H]3C(=NN=C3OC(=C2C#N)N)c4cccs4
dude_pygm__L000273,C1=C([C@@H](NC(=O)N1)[NH3+])F
dude_pygm__L000274,Cc1ccc(c(c1)[N+](=O)[O-])c2ccc(o2)/C=C/3\C(=O)N(C(=S)S3)[C@H](CC(=O)[O-])C(=O)[O-]
dude_pygm__L000275,CC(C)CCOc1cccc(c1)[C@@H]2c3c(n[nH]c3C(=O)N2[C@H]4CCS(=O)(=O)C4)c5ccccc5O
dude_pygm__L000276,c1cc(sc1)[C@H]2[C@H]3C(=NN=C3OC(=C2C#N)N)c4ccc(cc4)Br
dude_pygm__L000277,CC1=C(C[C@H]([C@@H](C1)C(=O)Nc2ccc(cc2)S(=O)(=O)[N-]c3cc(cc(c3)Cl)Cl)C(=O)[O-])C
dude_pygm__L000278,Cc1ccc(c(c1)C)C(=O)Nc2cnn(c2)c3ccc(cc3)C(=O)N[C@H](Cn4ccnc4)C(C)(C)C
dude_pygm__L000279,CCCCN(c1nnc(s1)[S-])S(=O)(=O)c2cccc(c2)C(=O)[O-]
dude_pygm__L000280,c1c(nc(s1)N)CC(=O)NCC23CC4CC(C2)CC(C4)C3
dude_pygm__L000281,Cc1cc(ccc1[N-]C2=NC(=O)/C(=C\c3cccc(c3)OCCC(=O)[O-])/S2)O
dude_pygm__L000282,Cc1ccc(cc1S(=O)(=O)Nc2ccc(cc2)SC(F)F)NC(=O)c3ccc4c(c3)OCO4
dude_pygm__L000283,COc1cc(cc2c1OCO2)[C@@H]3C(=C(C(=O)N3c4nc5ccc(cc5s4)C(=O)[O-])[O-])C(=O)C6CC6
dude_pygm__L000284,C[C@@H]1CC[C@H]2[C@@]([C@@]13CC[C@@](O3)(CO)O)(CC[C@H]4[C@]2(COC(O4)(C)C)C)C
dude_pygm__L000285,c1cc(ccc1n2c(nnn2)c3cc(ccc3N)F)Br
dude_pygm__L000286,COC(=O)c1c2c(sc1NC(=O)c3ccc(cc3)NS(=O)(=O)c4ccc(cc4)Cl)CCC2
dude_pygm__L000287,C[C@H]1CN(C[C@@H](O1)C)Cc2c(nc3n2cc(cc3)N)c4ccc(cc4)F
dude_pygm__L000288,C#CC(=O)NCC[NH3+]
dude_pygm__L000289,Cc1c2c(=O)ccc3c(c2c(o1)C)OC(=C([C@H]3c4ccc(cc4)F)C#N)N
dude_pygm__L000290,CC1(CC(=C(C(=O)C1)/C=N/c2ccc(cc2)S(=O)(=O)[N-]c3cc(ncn3)OC)[O-])C
dude_pygm__L000291,Cc1cccc(c1)n2c3c(cn2)c(nc(n3)SCC(=O)NC(C)C)O
dude_pygm__L000292,Cc1cccc(c1)C(=O)N[C@H](C(C)C)C(=O)Nc2nc3c(s2)CN(CC3)C(=O)OC(C)(C)C
dude_pygm__L000293,c1cc(c(cc1N)F)c2nnnn2c3ccc(cc3Cl)F
dude_pygm__L000294,COc1ccc(cc1Br)c2nc(no2)c3ccc(cc3)N
dude_pygm__L000295,Cc1ccc(cc1)C(=O)C2CCN(CC2)C(=O)NNC(=O)CC3CCCCC3
dude_pygm__L000296,c1ccc(cc1)c2c(cn(n2)c3ccccc3)CNc4c5c([nH]cn5)ncn4
dude_pygm__L000297,c1ccc(cc1)[C@@H]2C(=C(C(=O)N2c3cccc(c3)C(=O)[O-])[O-])C(=O)c4ccc5c(c4)OCO5
dude_pygm__L000298,CC[C@H](C(=O)[O-])Oc1cccc(c1)/C=C/2\C(=O)N=C(S2)[N-]c3ccc(c(c3)C(F)(F)F)Cl
dude_pygm__L000299,C[C@@H](C(=O)Nc1ccc(cc1)C(=O)N)OC(=O)/C=C/c2ccc(cc2)Br
dude_pygm__L000300,c1cc2c(cc1[C@H](c3ccc(c(c3)F)Br)O)[nH]c(=O)[nH]2
dude_pygm__L000301,c1cc(ccc1/C=C/C(=O)[O-])S(=O)(=O)Nc2cc(ccc2[O-])S(=O)(=O)N3CCCCC3
dude_pygm__L000302,c1cnc([nH]1)C[C@@H](CO)[NH3+]
dude_pygm__L000303,Cc1c(sc(n1)c2ccccc2)C(=O)NNC(=O)c3cnc(s3)c4ccccc4
dude_pygm__L000304,c1ccc(cc1)n2c3c(cn2)c(=O)[nH]c(n3)SCC(=O)NCCc4ccc(cc4)OC(F)F
dude_pygm__L000305,c1ccc(cc1)C2=NN=C3[C@@H]2[C@H](C(=C(O3)N)C#N)c4ccc(s4)Br
dude_pygm__L000306,Cc1cccc(c1)N2C(=O)/C(=C/c3ccc(o3)c4ccc(c(c4)C(=O)[O-])Cl)/C(=NC2=O)[O-]
dude_pygm__L000307,Cc1c(sc(n1)Cl)S(=O)(=O)[N-]c2ccc(cc2)S(=O)(=O)N
dude_pygm__L000308,CCC1=C([C@@]2(c3cc(ccc3NC2=O)Br)C(=C(O1)N)C#N)C(=O)OCC
dude_pygm__L000309,CCOC(=O)c1c(csc1NC(=O)CSc2nc(c(c(n2)[O-])CCC(=O)[O-])C)c3ccco3
dude_pygm__L000310,CSc1ccc(cc1[N-]S(=O)(=O)c2cc([nH]c2)C(=O)[O-])Cl
dude_pygm__L000311,Cc1c(nnn1c2ccc(cc2)c3ccccc3)C(=O)n4c(c(cn4)C#N)N
dude_pygm__L000312,CCn1c2ccccc2nc(c1=O)Nc3ccc(cc3)C(=O)NCc4cccs4
dude_pygm__L000313,c1ccc2c(c1)c(c(o2)C(=O)[O-])CSCc3c4ccccc4oc3C(=O)[O-]
dude_pygm__L000314,CC(C)c1ccc(cc1)N2C(=O)/C(=C/c3ccc(c(c3)Br)OCC(=O)[O-])/C(=NC2=S)[O-]
dude_pygm__L000315,Cc1c(c(nc2c1c(nn2c3ccccc3)C)C)CCC(=O)Nc4ccccc4C(=O)N
dude_pygm__L000316,Cc1ccc(cc1)NC(=O)C[C@@H]2C(=O)N/C(=N/N=C\3/C[C@@H]4CC[C@]3(C4(C)C)C)/S2
dude_pygm__L000317,C[C@@H](C(=O)Nc1ccc2c(c1)OCO2)Nc3cccc(c3)N4CCCC4=O
dude_pygm__L000318,C[C@@H](C(=O)NC(=O)NC)OC(=O)c1c2ccccc2nc3c1CCCCC3
dude_pygm__L000319,Cc1ccc(cc1c2ccc(o2)/C=C/3\C(=NC(=O)N(C3=O)c4cccc(c4)Br)[O-])C(=O)[O-]
dude_pygm__L000320,C[C@@H]1[C@H](CC[C@]2([C@H]1[C@H]([C@@H](CC2)[C@H](C)C(=O)NC(C)(C)C)O)C)NC(=O)c3cncnc3
dude_pygm__L000321,Cc1c(c2cc(c3ccccc3c2o1)[N-]S(=O)(=O)c4ccc(c(c4)[N+](=O)[O-])OC)C(=O)[O-]
dude_pygm__L000322,C[C@H](c1nc2cc(ccc2n1c3cc(ccc3F)Cl)N)O
dude_pygm__L000323,CCCNc1nnc(s1)SCC(=O)Nc2cc(cc(c2)C(=O)[O-])C(=O)[O-]
dude_pygm__L000324,c1cc(cc(c1)OCCC(=O)[O-])/C=C/2\C(=O)N=C(S2)[N-]c3ccc(cc3Cl)Cl
dude_pygm__L000325,Cc1cc(c(n1c2ccc(cc2)F)C)[C@H]3c4c(n[nH]c4NC5=C3C(=O)CCC5)C
dude_pygm__L000326,c1csc2c1c(ncn2)N3CCc4c(sc5c4c(ncn5)N)C3
dude_pygm__L000327,CC[C@H](C)Sc1nc2c(c(n1)[O-])[C@@H](C3=C(CC(CC3=N2)(C)C)[O-])c4ccc(c(c4)[N+](=O)[O-])O
dude_pygm__L000328,c1cc(ccc1C2=NN=C[C@H]2CNC(=O)CS[C@@H]3NN[C@@H](S3)N)F
dude_pygm__L000329,CC(C)S(=O)(=O)[C@@H]1CCC[C@]2(N1O)CCC[C@@H](C2)c3ccccc3O
dude_pygm__L000330,c1cc(ccc1NC(=O)CSc2nc(c(nn2)CCC(=O)[O-])[O-])Br
dude_pygm__L000331,c1cc(c(cc1NC(=O)NCCc2cc(cc3c2OCOC3)F)Cl)C#N
dude_pygm__L000332,Cc1cc(c(n1c2cc(cc(c2)C(=O)[O-])C(=O)[O-])C)/C=N/c3cccc(c3)C(=O)C
dude_pygm__L000333,Cn1cc(cn1)COc2c(cc(cc2I)C#N)N
dude_pygm__L000334,c1cc(cc(c1)n2c(c(n(c2=O)C3CC3)[O-])[O-])NS(=O)(=O)c4ccc(cc4)Cl
dude_pygm__L000335,C[C@@H]1C=C([C@H](N1c2ccc3c(c2)OCCO3)C)C(=O)CSc4nc(c(nn4)CCC(=O)[O-])[O-]
dude_pygm__L000336,COc1cc(cc(c1OCC(=O)[O-])Br)/C=C/2\C(=NC(=S)N(C2=O)c3ccccc3F)[O-]
dude_pygm__L000337,CCC[C@@H](C)n1c2c(c(n1)O)[C@@H](SCC(=O)N2)c3cccc(c3)[N+](=O)[O-]
dude_pygm__L000338,c1cc(ccc1c2cnc(nc2)c3ccc(cc3)NC(=O)/C=C/C(=O)[O-])NC(=O)/C=C/C(=O)[O-]
dude_pygm__L000339,C=CCn1c(=O)c2c(csc2nc1SCC(=O)Nc3cc(ccc3C(=O)[O-])C(=O)[O-])C4CC4
dude_pygm__L000340,CCc1ccnc(c1)C(=O)Nc2cc3ccccc3cc2Oc4ccc(c(c4)C(=O)O)C(=O)O
dude_pygm__L000341,c1ccc(cc1)c2ccc(o2)/C=C/3\C(=O)N(C(=S)S3)[C@H](CCC(=O)[O-])C(=O)[O-]
dude_pygm__L000342,c1cc(cc(c1)O)[N-]S(=O)(=O)c2ccc(cc2Br)C(=O)[O-]
dude_pygm__L000343,c1ccc(c(c1)NC(=O)/C=C/c2ccc3c(c2)OCO3)N4CCNC(=O)C4
dude_pygm__L000344,CC[C@H](C(=O)Nc1ccc(cc1)I)Sc2ncnc(n2)N
dude_pygm__L000345,c1cc(ccc1c2nc([nH]n2)SCC(=O)Nc3ccc(cc3)O)Cl
dude_pygm__L000346,C=CCN1C(=O)/C(=C/c2ccc(cc2)OCC(=O)[O-])/C(=NC1=S)[O-]
dude_pygm__L000347,Cc1ccc2c(c1)nc(nc2[O-])/C(=C/c3ccc(o3)c4ccc(cc4)C(=O)[O-])/C#N
dude_pygm__L000348,CC[C@@H](C(=O)[O-])Oc1ccc(cc1)/C=C/2\C(=O)N=C(S2)[N-]c3ccc(cc3OC)OC
dude_pygm__L000349,c1ccc2c(c1)/C(=C/Nc3cccc(c3)OC(F)F)/C(=O)NC2=O
dude_pygm__L000350,Cc1ccc(c2c1nc(s2)NC(=O)C3(CCCCC3)NC(=O)C)C
dude_pygm__L000351,c1cc(ccc1C(=O)[O-])S(=O)(=O)[N-]c2ccc3c(c2)nc(o3)C4CC4
dude_pygm__L000352,CCOC(=O)c1c2c(sc1NC(=O)CSC3=[NH+]C4(CCCCC4)NN3c5ccccc5)CCC2
dude_pygm__L000353,CC(C)(C)C1=NN=C2[C@@H]1[C@@H](C(=C(O2)N)C#N)c3cc(ccc3OC)OC
dude_pygm__L000354,c1cc(oc1)C(=O)C2=C(C(=O)N([C@@H]2c3ccc(cc3)Br)c4ccc(cc4)CC(=O)[O-])[O-]
dude_pygm__L000355,CC1(CC(=O)C(=C2C=C(c3ccc(cc3N2)C(=O)OC)O)C(=O)C1)C
dude_pygm__L000356,Cc1cc(c(c(c1)C)S(=O)(=O)[N-]c2cc(ccc2N3CCC[C@H](C3)C)C(=O)[O-])C
dude_pygm__L000357,C1CS(=O)(=O)C[C@@H]1NCC[NH3+]
dude_pygm__L000358,c1ccc(cc1)/C=C/C=C(/C(=O)N/N=C/C2=c3ccccc3=[NH+]C2)\NC(=O)c4ccccc4
dude_pygm__L000359,c1cc(ccc1c2ccc(o2)/C=C\3/C(=NN(C3=O)c4ccc(cc4)C(=O)[O-])C(F)(F)F)C(=O)[O-]
dude_pygm__L000360,CC(C)(C#Cc1ccc(s1)[C@H]2CC(=O)NCc3c2n4ccccc4n3)O
dude_pygm__L000361,CCC[C@@H](C)n1c2c(c(=O)[nH]1)[C@@H](SCC(=N2)O)c3ccc(cc3)[N+](=O)[O-]
dude_pygm__L000362,c1cc(ccc1[C@H]2N(C(=O)CS2)c3ccc4c(c3)OCCO4)N
dude_pygm__L000363,c1cc(ccc1C(=O)[O-])[N-]S(=O)(=O)c2ccc(s2)Cl
dude_pygm__L000364,c1cc(ccc1NC(=O)CSc2nc(c(nn2)CCC(=O)[O-])[O-])OC(F)(F)F
dude_pygm__L000365,c1cc(ccc1Cn2c3cc4c(cc3nc2C5CC5)OCCO4)N
dude_pygm__L000366,c1ccc(c(c1)C(=O)N2[C@@](CC(=N2)c3cccnc3)(C(F)(F)F)O)O
dude_pygm__L000367,CC1=C(NC(=O)N[C@]1(C)NC(=O)N[C@@]2(C(=C(NC(=O)N2)C)C)C)C
dude_pygm__L000368,c1ccc(cc1)[C@@H]2c3c(=O)c4ccc(cc4oc3OC(=C2C#N)N)Cl
dude_pygm__L000369,COc1cc(cc(c1[O-])Br)/C=C\2/C(=NC(=O)N(C2=O)c3cccc(c3)[N+](=O)[O-])[O-]
dude_pygm__L000370,CC(C)C1=NN=C2[C@@H]1[C@@H](C(=C(O2)N)C#N)c3ccc(cc3)Br
dude_pygm__L000371,CC(C)(C)N1[C@H](c2c([nH]nc2C1=O)c3ccc(cc3)OC)c4ccc5cc[nH]c5c4
dude_pygm__L000372,C=CCn1c(nnc1SCC(=O)Nc2cc(cc(c2)C(=O)[O-])C(=O)[O-])c3ccc(cc3)Cl
dude_pygm__L000373,c1cc(c(cc1C(=O)[O-])[N-]S(=O)(=O)c2ccc3c(c2)NC(=O)CC(=O)N3)Cl
dude_pygm__L000374,Cc1ccc(c(c1)Br)NC(=O)CSc2nc(c(nn2)CCC(=O)[O-])[O-]
dude_pygm__L000375,c1csc2n1c3cc(sc3n2)C(=O)N[C@H]4CCCC[C@H]4O
dude_pygm__L000376,Cc1c(cccc1C(=O)[O-])c2ccc(o2)/C=C/3\C(=NC(=O)N(C3=O)CC=C)[O-]
dude_pygm__L000377,Cc1ccc(s1)[C@@H](C)NC(=O)N2CCC(CC2)C(=O)Nc3nc(cs3)C
dude_pygm__L000378,CCOc1ccc(cc1)C(c2c(nc3n(c2=O)CCCS3)[O-])c4c(nc5n(c4=O)CCCS5)[O-]
dude_pygm__L000379,c1cc(c(cc1[N-]S(=O)(=O)c2cc(cs2)C(=O)[O-])[N+](=O)[O-])Cl
dude_pygm__L000380,Cc1c(c(nc(n1)SCC(=O)C2=C[C@H](N([C@@H]2C)c3ccc4c(c3)OCO4)C)[O-])CCC(=O)[O-]
dude_pygm__L000381,c1ccc2=[NH+]CC(=c2c1)/C=C\3/C(=O)N=C(S3)[N-]c4cccc(c4)O
dude_pygm__L000382,c1ccc(cc1)Cc2ccccc2NC(=O)N[C@@H]3CCCN(C3)c4ncccn4
dude_pygm__L000383,Cc1ccc(cc1)C2=NN[C@@H](S2)[C@](C)([C@](C)([C@](C)([C@](C)(CO)O)O)O)O
dude_pygm__L000384,C[C@@H]1CCCC[C@@H]1n2c(nnn2)c3cc(ccc3Br)N
dude_pygm__L000385,CSc1ccc(cc1)[C@@H]2[C@H]3C(=NN=C3OC(=C2C#N)N)c4ccccc4
dude_pygm__L000386,Cc1cc(c(n1c2ccc(c(c2)Cl)C(=O)[O-])C)/C=C/3\C(=NC(=O)N(C3=O)c4ccc(cc4)Cl)[O-]
dude_pygm__L000387,CCOc1ccc(cc1)N2C(=O)/C(=C\c3cc(c(c(c3)OC)OCC(=O)[O-])CC=C)/C(=NC2=S)[O-]
dude_pygm__L000388,CC[C@H](C(=O)[O-])Oc1ccc(cc1OCC)/C=C/2\C(=O)N=C(S2)[N-]c3ccc(c(c3)C)C
dude_pygm__L000389,Cc1ccc2c(c1)Cc3c(nc(nc3SCC(=O)N)c4ccc(cc4)OC)O2
dude_pygm__L000390,c1ccc(cc1)/C=C/[C@H]2C(=C(C(=O)N2CCCC(=O)[O-])[O-])C(=O)c3ccccc3
dude_pygm__L000391,CS(=O)(=O)c1ccc(c(c1)[N+](=O)[O-])NCCNC(=O)c2cc3c(s2)c4ccccc4s3
dude_pygm__L000392,C[C@H](CSc1ccc(cc1)S(=O)(=O)C)C(=[NH2+])N
dude_pygm__L000393,CC1(CC2=C([C@H](Nc3c(non3)N2)c4ccc(cc4)C(=O)OC)C(=O)C1)C
dude_pygm__L000394,CCN1CC=C2[C@@H](C1)[C@@H](C(C(=C2C#N)N)(C#N)C#N)c3ccc(cc3)C(F)(F)F
dude_pygm__L000395,Cc1cc(ccc1Br)n2c(cc(c2C)C(=O)COc3ccc(cc3C(=O)[O-])C(=O)[O-])C
dude_pygm__L000396,Cc1cc(cc(c1)N2C(=O)/C(=C\c3ccc(o3)c4ccc(cc4)C(=O)[O-])/C(=NC2=S)[O-])C
dude_pygm__L000397,C/C=C/COC(=O)C1=C(NC(=O)N[C@@H]1c2cc(c(c(c2)Br)O)OC)C
dude_pygm__L000398,c1ccc(cc1)Cc2nnc(n2c3ccccc3)SCC(=O)Nc4cc(cc(c4)C(=O)[O-])C(=O)[O-]
dude_pygm__L000399,c1c(cc(c(c1c2nc(no2)C[C@@H]3CCCO3)N)Cl)Cl
dude_pygm__L000400,CCOc1ccc(cc1)[C@H]2c3c(n[nH]c3OC(=C2C#N)N)c4ccccc4
dude_pygm__L000401,c1ccc(cc1)[C@H]2CN(CCO2)c3cc(nc(n3)N)N4CCCC4
dude_pygm__L000402,c1cc(ccc1/N=C/c2ccc(cc2O)O)S(=O)(=O)N=C(N)N
dude_pygm__L000403,CCOC(=O)c1c2c(sc1NC(=O)[C@@H](C)Sc3[nH]nc(n3)c4cccs4)CCCC2
dude_pygm__L000404,c1cc(cc(c1)n2c(nnc2[S-])c3ccncc3)C(=O)[O-]
dude_pygm__L000405,CCCN1CC=C2[C@@H](C1)[C@@H](C(C(=C2C#N)N)(C#N)C#N)c3ccc(s3)C
dude_pygm__L000406,C[NH+](CCC(=S)N)CC(=O)NC1CCCCC1
dude_pygm__L000407,[H]/N=C\1/N(C(=O)/C(=C/c2c[nH]nc2c3ccc(cc3)F)/S1)c4ccc(cc4)Cl
dude_pygm__L000408,c1cc(ccc1N2C(=O)[C@H](SC2=O)CC(=O)Nc3cc(cc(c3)C(=O)[O-])C(=O)[O-])O
dude_pygm__L000409,Cc1nc(cs1)[C@@H](C)Nc2c(nc3c(n2)non3)NC4CCCC4
dude_pygm__L000410,c1cc(c(c(c1)F)F)n2c(nnn2)c3ccc(cc3Cl)N
dude_pygm__L000411,CN(c1ccc(cc1)[N-]S(=O)(=O)c2cc(ccc2Cl)C(=O)[O-])C(=O)OC
dude_pygm__L000412,CCCc1c2c([nH]n1)OC(=C([C@@H]2c3ccc(cc3)OC(F)(F)F)C#N)N
dude_pygm__L000413,c1cc(oc1)C(=O)C2=C(C(=O)N([C@@H]2c3cc(cs3)Br)c4ccc(cc4)CC(=O)[O-])[O-]
dude_pygm__L000414,c1cc(ccc1[N+](=O)[O-])S(=O)(=O)[N-]c2cc(ccc2Cl)C(=O)[O-]
dude_pygm__L000415,Cc1ccc(cc1)c2nnc(n2N)SCC(=O)Nc3ccc(c(c3F)F)F
dude_pygm__L000416,CC(C)(C)c1nc2c(cccc2n1CC(=O)N3CCCC3)N
dude_pygm__L000417,C1CCN(C1)c2nc(nc(n2)N3CCC(CC3)C(=O)N)N4CCCC4
dude_pygm__L000418,Cc1cc(ccc1NC(=O)CCc2c(nc3cc(nn3c2C)O)C)N(C)C
dude_pygm__L000419,Cc1c(nnn1c2ccc(cc2)c3ccccc3)C(=O)N4CCCC[C@@H]4C(=O)N
dude_pygm__L000420,Cc1ccc(cc1)[C@H]2C(=C(C(=O)N2CCCCCC(=O)[O-])[O-])C(=O)c3ccc(cc3)Br
dude_pygm__L000421,C=C1C=C(N2[C@@H]([NH+]=C(N=C2N1)NC[C@@H]3CCCO3)[C@H]4CCC=CC4)[O-]
dude_pygm__L000422,CN1C(=O)/C(=C/c2cc(c(c(c2)Cl)OCC(=O)[O-])Cl)/C(=NC1=O)[O-]
dude_pygm__L000423,c1cc(cc(c1)F)[C@@H]2C(=C(OC3=C2C(=O)C[C@H](C3)c4ccco4)N)C#N
dude_pygm__L000424,c1ccc(c(c1)c2csc(n2)/N=C(/C(=C/c3ccc(o3)c4ccc(cc4)C(=O)[O-])/C#N)\[O-])Cl
dude_pygm__L000425,c1cc(c(cc1S(=O)(=O)N2CCCC2)C(=O)Nc3cc(cc(c3)C(=O)[O-])C(=O)[O-])Cl
dude_pygm__L000426,c1ccc(cc1)n2c(c3c(n2)C(=S)N(C3=O)c4ccccc4)N
dude_pygm__L000427,c1ccc2c(c1)C(=O)N(C2=O)[C@H](CO)[C@H](c3ccc(cc3)N)O
dude_pygm__L000428,Cc1c(c(n(n1)C)C)[C@H](C)NC(=O)Nc2ccc(cc2)I
dude_pygm__L000429,CC(C)C1=C[C@H](N=N1)[C@@H]2NN[C@@H]3N2N=C(S3)c4ccc(c(c4)OC)OC
dude_pygm__L000430,CC(=O)c1ccc(cc1)[N-]S(=O)(=O)c2ccc(s2)C(=O)[O-]
dude_pygm__L000431,Cc1ccc(cc1)S(=O)(=O)c2csc3c2NC(=O)C[C@H]3c4cccc(c4)O
dude_pygm__L000432,C1CCc2c(c(=O)[nH]c(n2)SCC(=O)N[C@@H]3[C@H](C4=C(S3)CCCC4)C#N)C1
dude_pygm__L000433,COc1ccc(c(c1OC)C(=O)[O-])/C=C/2\C(=O)N=C(S2)[N-]c3ccc(cc3Cl)Cl
dude_pygm__L000434,CC(C)(C)OC(=O)N1CCN(CC1)C(=O)NNC(=O)CC2CCCCC2
dude_pygm__L000435,Cc1ccc(c(c1)C)S(=O)(=O)[N-]c2cc(c([nH+]c2)N3CCC[C@@H](C3)C[NH+]4CCCC4)C(=O)[O-]
dude_pygm__L000436,c1ccc2c(c1)CCC[C@@]2(CNC(=O)Nc3ccc4c(c3)nc(o4)C5CC5)O
dude_pygm__L000437,CCN(CC)C(=O)C1=C(N=C2N([C@H]1c3ccc(cc3)C(F)(F)F)C(=CS2)C=C([O-])[O-])C
dude_pygm__L000438,Cc1cccc(c1)c2nnc(n2CCC(=O)[O-])SCc3cccc(c3)C(=O)[O-]
dude_pygm__L000439,c1cc(ccc1CC(=O)[O-])N2[C@H](C(=C(C2=O)[O-])C(=O)c3ccc(s3)Cl)c4ccc(cc4)[N+](=O)[O-]
dude_pygm__L000440,Cc1cc(c(n1c2cc(cc(c2)C(=O)[O-])C(=O)[O-])C)/C=C(\C#N)/c3ccc(cc3)Br
dude_pygm__L000441,Cc1cc(ccc1c2cc(nc(c2C#C[P@@](=O)(C[C@@H](CC(=O)[O-])O)[O-])C(C)C)c3ccccc3)F
dude_pygm__L000442,CN(C)c1ccc(cc1)[C@@H](CNC(=O)C(=O)NCCC2=CCCCC2)[NH+]3CCc4ccccc4C3
dude_pygm__L000443,CC[C@H](C(=O)[O-])Oc1ccc(cc1)/C=C\2/C(=O)N(/C(=N/c3ccc(cc3)C(=O)[O-])/S2)C
dude_pygm__L000444,Cc1cc(ccc1N(C)Cc2ccncc2)C(=[NH2+])N
dude_pygm__L000445,c1cc(c(cc1[C@@H]2C(=C(C(=O)N2c3nc4ccc(cc4s3)C(=O)[O-])[O-])C(=O)C5CC5)Cl)Cl
dude_pygm__L000446,CC[C@H](C(=O)[O-])Oc1cccc(c1)/C=C/2\C(=O)N=C(S2)[N-]c3cccc(c3)C
dude_pygm__L000447,C[C@H](C(=O)NC1CC1)Sc2nnc(n2N)c3ccc(cc3)C(C)(C)C
dude_pygm__L000448,COC(=O)c1cc(cc(c1[N-]S(=O)(=O)CCC(=O)[O-])Br)Br
dude_pygm__L000449,CCOc1ccccc1[C@@H]2C(=C(C(=O)N2c3nc4ccc(cc4s3)C(=O)[O-])[O-])C(=O)C5CC5
dude_pygm__L000450,CCOc1ccc(cc1)N2C(=O)/C(=C\c3ccc(cc3)O[C@H](C)C(=O)[O-])/C(=NC2=S)[O-]
dude_pygm__L000451,c1c(cc(cc1NC2CCS(=O)(=O)CC2)S(=O)(=O)N)N
dude_pygm__L000452,CC(C)n1c(=O)c2c3c(sc2nc1SCC(=O)Nc4cc(ccc4C(=O)[O-])C(=O)[O-])CCC3
dude_pygm__L000453,CCOc1ccc(cc1)N2C(=O)/C(=C/c3ccc(o3)c4ccc(c(c4)C(=O)[O-])Cl)/C(=NC2=O)[O-]
dude_pygm__L000454,Cc1ccc(c(c1)C)NC(=O)NC(=O)[C@H](C)Sc2nnnn2C(C)C
dude_pygm__L000455,CC\1=NN(C(=O)/C1=C\c2ccc(o2)c3ccc(cc3C(=O)[O-])Br)c4[n-]nnn4
dude_pygm__L000456,CC1=CC[C@]([C@@H](C1)c2ccc(cc2)Cl)(C(=O)N/N=C/C3=C(CC(CC3=O)(C)C)[O-])C(=O)[O-]
dude_pygm__L000457,Cc1ccc(c(c1)c2csc3c2c(=O)[nH]c(n3)C[NH+](C[C@@H](COc4ccccc4)O)C5CC5)C
dude_pygm__L000458,Cc1ccccc1Cn2c(nnn2)c3cc(ccc3Br)N
dude_pygm__L000459,Cc1cccc(c1C)NC(=O)CNS(=O)(=O)c2ccc(s2)CC(=O)[O-]
dude_pygm__L000460,CCO/C(=C/1\C(=O)/C(=C/c2ccc(c(c2)Cl)OCC(=O)[O-])/S\C1=N/c3ccc(cc3)Cl)/[O-]
dude_pygm__L000461,C[C@@H](CCC(=O)OC)[C@@H]1CC[C@H]2[C@]1([C@H](C[C@@H]3[C@@H]2C(=O)C[C@@H]4[C@]3(CC[C@H](C4)C(=O)[O-])C)C(=O)[O-])C
dude_pygm__L000462,COc1cc(ccc1OCc2cccc(c2)C(=O)[O-])/C=C/3\C(=NC(=O)N(C3=O)c4ccc5c(c4)OCO5)[O-]
dude_pygm__L000463,CCCN1CC=C2[C@@H](C1)[C@@H](C(C(=C2C#N)N)(C#N)C#N)c3ccc(c4c3cccc4)OC
dude_pygm__L000464,Cc1cc(ccc1NC(=O)[C@@H](C)Sc2nc(c(s2)CC(=O)N)C)Br
dude_pygm__L000465,Cc1c2c(sc1C(=O)Nc3cccnc3)N=C(C[C@@H]2c4cccc(c4)OC(C)C)O
dude_pygm__L000466,Cc1cc(cc(c1)N2[C@@H](C=C([C@@H]2C)C(=O)CSc3nc(c(nn3)CCC(=O)[O-])[O-])C)C
dude_pygm__L000467,Cc1cc(c2cc([nH]c2c1)C(=O)OCC(=O)Nc3c(c4c(s3)CCCC4)C#N)C
dude_pygm__L000468,Cc1ccc(cc1NC(=O)CSc2[nH]c(=O)c3c(c(sc3n2)C(=O)[O-])C)C(=O)[O-]
dude_pygm__L000469,c1ccc(cc1)N(CCN(c2ccccc2)C(=O)[C@@H]3CCCC[C@H]3C(=O)[O-])C(=O)[C@@H]4CCCC[C@@H]4C(=O)[O-]
dude_pygm__L000470,c1ccc2c(c1)nc(c(=O)n2CCc3ccccn3)Nc4ccc(cc4)C(=O)NCc5cccs5
dude_pygm__L000471,CN\1C(=O)/C(=C\c2ccc(cc2)OCc3ccc(cc3)C(=O)[O-])/S/C1=N\c4cccc(c4)C(=O)[O-]
dude_pygm__L000472,CCOc1cc(ccc1OCCC(=O)[O-])/C=C/2\C(=O)N=C(S2)[N-]c3ccccc3F
dude_pygm__L000473,CCc1ccc(cc1)C(=O)OCC(=O)Nc2c(c3c(s2)C([NH2+]C(C3)(C)C)(C)C)C(=O)OCC
dude_pygm__L000474,CCOC(=O)C1=C(OC2=C([C@H]1c3ccc(o3)COc4ccccc4Br)C(=O)CCC2)N
dude_pygm__L000475,CCCC1=C2[C@H](C(=C(O[C@H]2N=N1)N)C#N)c3ccc(s3)Br
dude_pygm__L000476,Cc1c(c(c(s1)C2=C3[C@@H](N=C2c4ccc(cc4)F)N(C(=NC3=O)[O-])C)[O-])C(=O)OC
dude_pygm__L000477,c1c(c(sc1C(=O)[O-])Br)S(=O)(=O)[N-]c2ncc(s2)Br
dude_pygm__L000478,c1ccc(c(c1)[C@@H]2N(CCS2)C(=O)CSc3nc(nc(n3)N)N)F
dude_pygm__L000479,COc1cc(cc(c1O)OC)c2cc(=O)c3c(o2)cc(c(c3O)OC)OC
dude_pygm__L000480,c1cc(ccc1C(=O)[O-])NC(=O)[C@@H]2CC=CC[C@@H]2C(=O)Nc3ccc(cc3)C(=O)[O-]
dude_pygm__L000481,c1cc(c(cc1N)Br)S(=O)(=O)NCc2cc[nH]n2
dude_pygm__L000482,c1ccc(cc1)c2ccsc2C(=O)N3CCC4(CC3)C(=O)NC(=O)N4
dude_pygm__L000483,COc1ccc(cc1)N2C(=O)/C(=C/c3cn(c4c3cccc4)CC(=O)[O-])/C(=NC2=S)[O-]
dude_pygm__L000484,Cc1cc(c(n1c2ccc(cc2)C(=O)[O-])C)/C=C/3\C(=NC(=S)N(C3=O)c4ccc(c(c4)Cl)F)[O-]
dude_pygm__L000485,Cc1cccc(c1n2c(cc(c2C)C=C3C(=O)NC(=O)NC3=O)C)C
dude_pygm__L000486,CC(C)CC1=C[C@@H](N=N1)[C@H]2NN[C@@H]3N2N=C(S3)c4ccc(cc4)N(C)C
dude_pygm__L000487,CCOc1ccc(cc1)c2c(c(n(c(=O)c2C#N)c3ccc(cc3)Cl)N)C#N
dude_pygm__L000488,CCOc1cc(ccc1OCC(=O)[O-])/C=C/2\C(=O)N=C(S2)[N-]c3ccc(cc3)C(=O)C
dude_pygm__L000489,COc1cc(ccc1OCC(=O)N2CCOCC2)/C=C(/c3nc4cc(ccc4c(n3)[O-])C(=O)[O-])\Cl
dude_pygm__L000490,c1cc(ccc1n2c3c(c(nc(n3)c4cc(ccc4F)Br)C(=O)N)[nH]c2=O)F
dude_pygm__L000491,c1ccc(cc1)Cc2nc3c4c5c(sc4n(c(=O)n3n2)CC(=O)N)CCCC5
dude_pygm__L000492,C[C@@H](c1ccc(cc1)N)[NH3+]
dude_pygm__L000493,COc1cc(cc(c1O)/C=N/Nc2ccc(cn2)[N+](=O)[O-])Br
dude_pygm__L000494,c1cc(ccc1C[N-]S(=O)(=O)C(F)(F)F)C(=O)[O-]
dude_pygm__L000495,CCOc1ccc(cc1)n2c(c(c(nc2=S)[O-])[C@H]3c4ccccc4C(=O)O3)[O-]
dude_pygm__L000496,CC1CCC2(CC1)C(=O)N(C(=O)N2)CC(=O)Nc3ccc(cc3)C(C)(C)C
dude_pygm__L000497,C[C@@H](C(=O)c1ccc2c(c1)CCN2C(=O)C)Sc3nc(cc(n3)N)N
dude_pygm__L000498,CSc1c2c([nH]c(=[NH2+])[nH]2)nc(n1)N
dude_pygm__L000499,CCC1=C(N2[C@@H](N=C(N=C2NC1=C)[N-]c3ccc(cc3)F)c4cccnc4)[O-]
dude_pygm__L000500,c1ccc(c(c1)C(=O)C2=C(C(=O)N([C@@H]2c3ccc(cc3)Br)c4cccc(c4)C(=O)[O-])[O-])F
dude_pygm__L000501,CCN\1C(=O)/C(=C/c2cc(ccc2OCC(=O)[O-])Br)/S/C1=N\c3ccc(cc3)C(=O)[O-]
dude_pygm__L000502,c1cc(cc(c1)Br)c2nnc(o2)SCC(=O)Nc3cc(cc(c3)C(=O)[O-])C(=O)[O-]
dude_pygm__L000503,CCCc1cc(nc(n1)c2cccc(c2)Br)NN
dude_pygm__L000504,Cc1c(c(n(n1)C)C)[C@H](C)NC(=O)N2CCC[C@@H](C2)C(=O)Nc3ccccc3
dude_pygm__L000505,c1cc(ccc1CNS(=O)(=O)c2cc(ccc2Br)C(=O)[O-])C(=O)[O-]
dude_pygm__L000506,c1c(cnc(c1S(=O)(=O)NCC(=O)N)NN)Br
dude_pygm__L000507,c1ccc(cc1)/C=C/C(=O)C2=C(C(=O)N([C@@H]2c3ccc(cc3)F)c4cccc(c4)C(=O)[O-])[O-]
dude_pygm__L000508,c1cc(ccc1O[C@H]2CCCCNC2=O)OC(=O)c3cc(c(=O)[nH]c3)Cl
dude_pygm__L000509,c1cc(ccc1/C=C\2/C(=O)N(C(=S)S2)c3cc(cc(c3)C(=O)[O-])C(=O)[O-])Br
dude_pygm__L000510,c1c(cc(c(c1Br)[O-])Br)/C=C/2\C(=O)N(C(=S)S2)CC(=O)[O-]
dude_pygm__L000511,c1ccc2c(c1)c3c(c(=O)o2)[C@@H](C(=C(O3)N)C#N)c4cccc(c4)Cl
dude_pygm__L000512,CC1=NC2=NC(=[NH+][C@@H](N2C(=C1)[O-])c3ccc(cc3)SC)NC4CCCCC4
dude_pygm__L000513,Cc1c(c(nc(n1)SCC(=O)C2=C[C@H](N([C@@H]2C)c3ccc(cc3)F)C)[O-])CCC(=O)[O-]
dude_pygm__L000514,c1cc(c(c(c1)Cl)c2ccc(o2)/C=C/3\C(=O)N(C(=S)S3)[C@@H](CCC(=O)[O-])C(=O)[O-])Cl
dude_pygm__L000515,Cc1c(c(nc(n1)SCc2ccc(cc2F)C#N)[O-])CCC(=O)[O-]
dude_pygm__L000516,c1cc(sc1)c2nnc(n2C[C@H]3CCCO3)SCC(=O)Nc4cc(cc(c4)C(=O)[O-])C(=O)[O-]
dude_pygm__L000517,c1cc2=[NH+][C@H]3[C@@H](NCCC3=c2cc1Cl)c4c([nH]c(=S)[nH]c4=O)[O-]
dude_pygm__L000518,Cn1c2ccccc2nc(c1=O)Nc3ccc(cc3)C(=O)Nc4ccon4
dude_pygm__L000519,CCOc1cc(cc(c1[O-])[N+](=O)[O-])/C=C\2/C(=NC(=O)N(C2=O)c3ccc(cc3)C(C)C)[O-]
dude_pygm__L000520,CC[C@H](C(=O)[O-])Oc1ccc(cc1OCC)/C=C/2\C(=O)N=C(S2)[N-]c3ccc(cc3)F
dude_pygm__L000521,C[C@@H](CCCC(C)C)C/C=C(\C(=C\C(=O)[O-])\C)/C(=O)[O-]
dude_pygm__L000522,CCc1ccc(cc1)N2C(=O)/C(=C/c3cc(n(c3C)c4ccc(c(c4)C(=O)[O-])Cl)C)/C(=NC2=S)[O-]
dude_pygm__L000523,c1cc(cc(c1)N2[C@@H](C(=C(C2=O)[O-])C(=O)c3cccs3)c4cccs4)C(=O)[O-]
dude_pygm__L000524,CCCCn1c2c(c(=O)[nH]c1=O)n(c(n2)c3cc(c(c(c3)Cl)O)OC)C
dude_pygm__L000525,Cc1ccc(c(c1)[C@@H]2Nc3c(c4c(s3)CCCC4)C(=N2)O)O
dude_pygm__L000526,c1cc2c(cc1N3C(=O)/C(=C/c4cc(c(c(c4)Cl)OCC(=O)[O-])Cl)/C(=NC3=O)[O-])OCO2
dude_pygm__L000527,COc1cc(ccc1OCCC(=O)[O-])/C=C/2\C(=O)N=C(S2)[N-]c3cccc(c3)O
dude_pygm__L000528,c1cc2c(nnc(c2cc1)N/N=C/c3ccc(cc3)C(=O)[O-])N/N=C/c4ccc(cc4)C(=O)[O-]
dude_pygm__L000529,Cc1ccc(c(c1)C)NS(=O)(=O)c2cc(cc(c2C)C)c3ccc(=O)[nH]n3
dude_pygm__L000530,c1ccc(cc1)n2c(nnc2[S-])CCCSCCCc3nnc(n3c4ccccc4)[S-]
dude_pygm__L000531,CCOc1ccc(cc1)N2C(=O)/C(=C/c3ccc(c(c3)Cl)OCC(=O)[O-])/C(=NC2=S)[O-]
dude_pygm__L000532,Cc1c(c(sc1C(=O)[O-])S(=O)(=O)N2CCC(CC2)C(=O)Nc3ccc(cc3)F)C(=O)[O-]
dude_pygm__L000533,CC[C@H](C)c1ccc(cc1)N2C(=O)/C(=C\c3ccc(cc3)OCC(=O)[O-])/C(=NC2=O)[O-]
dude_pygm__L000534,CCc1nnc(s1)/N=C(/[C@@H](CC)Sc2nc3c(c(n2)[O-])CCCC3)\[O-]
dude_pygm__L000535,Cc1ccc(o1)/C=C/C(=O)NC(=S)NNC(=O)COc2cc(c(c(c2)C)Cl)C
dude_pygm__L000536,CCO/C(=C/1\C(=O)/C(=C/c2ccccc2OCc3ccc(cc3)C(=O)[O-])/S\C1=N/c4ccc(cc4)C)/[O-]
dude_pygm__L000537,C[C@H](C[NH2+]Cc1ccc2c(c1)OCO2)C(=S)N
dude_pygm__L000538,CCOC[C@@H](C[NH+](Cc1[nH]c(=O)c2c(csc2n1)c3ccccc3C)C4CCCCC4)O
dude_pygm__L000539,CC(C)(C)N(Cc1ccccc1)C(=O)CSc2nc(c(nn2)CCC(=O)[O-])[O-]
dude_pygm__L000540,CCc1ccc(cc1)/N=C\2/C(=C(/C(=C/c3ccc(o3)c4cccc(c4)C(=O)[O-])/S2)[O-])C(=O)OCC
dude_pygm__L000541,c1cc(c(cc1Br)C(=O)[O-])[N-]S(=O)(=O)c2ccc(c3c2nsn3)Br
dude_pygm__L000542,c1cc(ccc1c2ccc(cc2)NC(=O)[C@H]3CC=CC[C@H]3C(=O)[O-])NC(=O)[C@@H]4CC=CC[C@@H]4C(=O)[O-]
dude_pygm__L000543,c1ccc(cc1)[C@@H]2c3c(nn(c3OC(=C2C#N)N)c4ccccc4)C(F)(F)F
dude_pygm__L000544,c1ccc(c(c1)[N-]S(=O)(=O)c2ccc(c(c2)NC(=O)CC3(CCCCCC3)C(=O)[O-])Cl)F
dude_pygm__L000545,Cc1c(nnc(c1C(=O)NC2[C@@H]3CCC[C@H]2C[NH+](C3)C4CC4)[O-])C
dude_pygm__L000546,Cc1ccc(c(c1)C)C(=O)C2=C(C(=O)N([C@@H]2c3ccc(c(c3)[N+](=O)[O-])C)c4cccc(c4)C(=O)[O-])[O-]
dude_pygm__L000547,c1cc(ccc1/C=C(/C=C\2/C(=O)N(C(=S)S2)[C@@H](CC(=O)[O-])C(=O)[O-])\Cl)[N+](=O)[O-]
dude_pygm__L000548,C[C@@H](c1ccc(cc1)c2ccccc2)NC(=O)c3cccc(c3)NC(=O)CSc4nncn4C
dude_pygm__L000549,CN1CCN(CC1)S(=O)(=O)c2ccc(cc2)[N-]S(=O)(=O)c3cccc(c3)C(=O)[O-]
dude_pygm__L000550,C1CC2=C([C@@H](c3c(=O)[nH]c(nc3N2)N4CCOCC4)[C@H]5CCC=CC5)C(=O)C1
dude_pygm__L000551,Cc1cc(cc(c1)NC(=O)[C@H](c2ccccc2)OC(=O)[C@H](C)NC3=NS(=O)(=O)c4c3cccc4)C
dude_pygm__L000552,c1cc(cc(c1)[N+](=O)[O-])[C@@H]2C(=C(C(=O)N2CCCCCC(=O)[O-])[O-])C(=O)c3ccc(cc3)F
dude_pygm__L000553,C[C@@H]1CCc2c(sc(c2C(=O)N)NC(=O)C(Cl)(Cl)Cl)C1
dude_pygm__L000554,CN(Cc1ccc(s1)Cl)c2ccc(cc2Cl)/C(=N/O)/N
dude_pygm__L000555,Cc1c([nH]c2c1cccc2C(=O)N[C@@H]3C[C@H]([NH+](C3)CC4=CC[C@H](CC4)C(=C)C)C(=O)OC)C
dude_pygm__L000556,Cc1cccc(c1)c2nnc(n2CC(=O)[O-])SCC(=O)Nc3ccc(cc3)CC(=O)[O-]
dude_pygm__L000557,CC1=C(C(C(=C(N1Cc2ccc(cc2)Cl)C(=O)O)C(=O)O)c3ccccc3Cl)C(=O)OC(C)C
dude_pygm__L000558,Cc1cc(c(c(c1)C)NS(=O)(=O)c2ccc(cc2F)N)C
dude_pygm__L000559,CCOc1ccc(cc1)/N=C\2/NC(=O)/C(=C/c3cc(n(c3C)c4cc(cc(c4)C(=O)[O-])C(=O)[O-])C)/S2
dude_pygm__L000560,c1cc(cc(c1)N)c2nc3cc4c(cc3n2CC(=S)N)OCO4
dude_pygm__L000561,CCOC(=O)c1ccc(cc1)S(=O)(=O)[N-][N-]S(=O)(=O)c2ccc(cc2)C
dude_pygm__L000562,CCN(CC[NH3+])c1ccc(cc1)NC(=O)C2CC2
dude_pygm__L000563,c1cc(c(cc1N)Cl)c2nnnn2c3ccc(c(c3)Cl)F
dude_pygm__L000564,Cc1c(c(n(n1)c2ccc(cc2)F)C)[C@@H]3NC(=Nc4n3c5ccccc5n4)N
dude_pygm__L000565,c1cc(c(c(c1)Cl)CSc2nc3c(s2)c(=O)[nH]c(=O)[nH]3)Cl
dude_pygm__L000566,c1cc(ccc1[C@@H]2C[C@H](N3C(=N2)C(=C(N3)C(=O)NCCCn4cc[nH+]c4)Cl)C(F)(F)F)Cl
dude_pygm__L000567,Cc1ccc(cc1C)c2cnc(o2)CCC(=O)N[C@H](C)c3ccc(cc3)S(=O)(=O)N
dude_pygm__L000568,COc1cc(ccc1O)[C@@H]2[C@@H]3C(=NN=C3OC(=C2C#N)N)c4cccs4
dude_pygm__L000569,c1cnc(nc1)N2CCC(CC2)C(=O)NNC(=O)C34CC5CC(C3)CC(C5)C4
dude_pygm__L000570,CCc1ccc(cc1)N2C(=O)/C(=C/c3cccn3c4cccc(c4)C(=O)[O-])/C(=NC2=S)[O-]
dude_pygm__L000571,CN(Cc1nc(nc(n1)N)N)S(=O)(=O)c2ccc(s2)Cl
dude_pygm__L000572,C[C@H](C(=O)Nc1ccc(cc1)[N+](=O)[O-])Sc2nc(c(nn2)CCC(=O)[O-])[O-]
dude_pygm__L000573,Cc1ccc(cc1)NC(=O)[C@H](C)Sc2nnc(n2C)[C@@H](C)NC(=O)c3ccc(c(c3)Cl)Cl
dude_pygm__L000574,c1c(cc(cc1C(=O)[O-])NS(=O)(=O)c2c(cc(cc2Br)F)F)C(=O)[O-]
dude_pygm__L000575,Cc1cc(c(n1c2cc(cc(c2)C(=O)[O-])C(=O)[O-])C)/C=N/c3ccc(cc3)C(=O)OC
dude_pygm__L000576,Cc1ccc(cc1)C(=O)C2=C(C(=O)N([C@@H]2c3cc4c(c(c3)OC)OCO4)c5cccc(c5)C(=O)[O-])[O-]
dude_pygm__L000577,c1cc(ccc1C(=O)[O-])N2C(=NC(=Nc3ccc(cc3)Cl)C24CCCC4)SCC(=O)[O-]
dude_pygm__L000578,Cc1c(c(n(n1)c2ccc(cc2)Br)C)C(=O)Nc3nc(cs3)CC(=O)N
dude_pygm__L000579,CCN1C(=C(C(C(=C1C(=O)O)C(=O)O)c2ccccc2Cl)C(=O)NC(C)C)C
dude_pygm__L000580,CC[C@H]1COCCN1S(=O)(=O)c2ccc(cc2Br)N
dude_pygm__L000581,CC1=C2C(=NC(=NC2=O)SCC(=O)Nc3ccc(cc3C(=O)[O-])Br)S[C@@H]1C(=O)[O-]
dude_pygm__L000582,CC(C)c1cc(nc(c1/C=C/[P@@](=O)(C[C@@H](CC(=O)[O-])O)[O-])c2ccc(cc2)F)c3ccccc3
dude_pygm__L000583,Cc1cc(nc(n1)NNC(=O)C23C[C@H]4C[C@@H](C2)CC(C4)(C3)Br)C
dude_pygm__L000584,CC[C@H](c1[nH]c(=O)[nH]n1)[NH3+]
dude_pygm__L000585,C/C=C(\C)/[C@@H]1[C@H]([C@@H]2[C@H]([C@H](CC[C@@H]2C=C1C)OS(=O)(=O)[O-])C)/C=C/C=C/C(=O)[O-]
dude_pygm__L000586,c1cc(c(cc1Br)/C=C\c2[nH]c(=O)c(c(n2)[O-])[N+](=O)[O-])OCC(=O)[O-]
dude_pygm__L000587,C1CCc2c(c(=O)[nH]c(n2)N[C@@H]3N=C(CS3)C(F)(F)F)C1
dude_pygm__L000588,c1cc(ccc1/C=N/c2ccc(cc2)Sc3ccc(cc3)/N=C/c4ccc(cc4)C(=O)[O-])C(=O)[O-]
dude_pygm__L000589,Cc1c(sc2c1c(=O)[nH]c(n2)CCC(=O)Nc3ccc4c(c3)ccc(=O)o4)C
dude_pygm__L000590,CC[C@@H](C(=O)[O-])Oc1ccc(cc1)/C=C\2/C(=O)N=C(S2)[N-]c3ccc(cc3)O
dude_pygm__L000591,c1ccc(c(c1)c2nnc(n2/N=C/c3ccc(cc3)OCC(=O)[O-])[S-])Br
dude_pygm__L000592,Cc1ccccc1C(=O)N/C(=C/c2ccc(o2)c3cccnc3Cl)/C(=O)NCCO
dude_pygm__L000593,COc1ccc(cc1[N+](=O)[O-])[C@H]2Nc3c(c4c(s3)CCCC4)C(=N2)O
dude_pygm__L000594,c1cc(c(c(c1)Br)[N-]S(=O)(=O)c2cccs2)C(=O)[O-]
dude_pygm__L000595,C[C@H](C(=O)NC(=O)NC12CC3CC(C1)CC(C3)C2)[NH+](C)Cc4ccc(cc4)OC(F)F
dude_pygm__L000596,C[C@@H]([C@H](c1ncno1)[NH3+])O
dude_pygm__L000597,C=CCN\1C(=O)/C(=C/c2cccc(c2)OCCC(=O)[O-])/S/C1=N\c3ccc(c(c3)O)C(=O)[O-]
dude_pygm__L000598,Cn1cc(c2c1ccc(c2)C(=O)[O-])[C@H](C(=O)[O-])[NH+]3CCC(CC3)C(=O)[O-]
dude_pygm__L000599,C1CC[NH+]2CC(C([C@H]2C1)(O)O)(O)O
dude_pygm__L000600,C[C@@H](C(=O)Nc1ccc(cc1)N(C)C)Sc2nc(c(nn2)CCC(=O)[O-])[O-]
dude_pygm__L000601,CC(=O)c1cccc(c1)[N-]C2=NC(=O)/C(=C\c3ccc(c(c3)OC)OCC(=O)[O-])/S2
dude_pygm__L000602,CC(C)C1=C[C@@H](N=N1)[C@H]2NN[C@@H]3N2N=C(S3)c4ccc5c(c4)OCCO5
dude_pygm__L000603,Cc1c(cccc1[N+](=O)[O-])NC(=O)CSc2nc(c(nn2)CCC(=O)[O-])[O-]
dude_pygm__L000604,c1cc(ccc1[N-]S(=O)(=O)c2cc(cs2)C(=O)[O-])S(=O)(=O)/N=C\3/CCCCCN3
dude_pygm__L000605,CCNC(=S)NNC(=O)COc1c(cc(cc1Br)Br)C
dude_pygm__L000606,Cc1ccccc1c2nc(on2)c3c(n(nn3)c4ccc(cc4F)F)N
dude_pygm__L000607,COc1cc(cc(c1OC)S(=O)(=O)[N-]c2cc(cc(c2)Cl)Cl)/C=C/C(=O)[O-]
dude_pygm__L000608,Cc1c(cc(n1Cc2ccc3c(c2)OCO3)c4ccc(cc4)[N+](=O)[O-])C(=O)N
dude_pygm__L000609,Cc1ccc2nnc(n2n1)c3ccc(cc3N)Br
dude_pygm__L000610,CCCn1c2ccc(cc2nc1CCC(=O)Nc3ccc(c(c3)Cl)C)S(=O)(=O)N
dude_pygm__L000611,Cc1cc(c(n1c2cc(cc(c2)C(=O)[O-])C(=O)[O-])C)/C=N/Nc3ccc(cc3)[N+](=O)[O-]
dude_pygm__L000612,c1cc2c(cc1NC(=O)NC(=O)COc3cc(cc(c3)Cl)Cl)OCCO2
dude_pygm__L000613,c1ccc2c(c1)nc(s2)/C(=C/c3ccc(cc3)C(=O)[O-])/CC(=O)[O-]
dude_pygm__L000614,CCOc1ccc(cc1)N2C(=O)/C(=C/c3ccc(o3)c4ccc(c(c4)Cl)C(=O)[O-])/C(=NC2=S)[O-]
dude_pygm__L000615,c1ccc2c(c1)c(nnc2N3CCCCC3)c4ccc(cc4)C(=O)N
dude_pygm__L000616,CN\1C(=O)/C(=C\c2ccc(o2)c3ccccc3C(=O)[O-])/S/C1=N\c4ccc(cc4)C(=O)[O-]
dude_pygm__L000617,CCOC(=O)C1=C(NC(=O)N[C@H]1c2ccc(cc2)OC)CSc3ccc4c(c3)OCCCO4
dude_pygm__L000618,CC\1=NC(=C(C(/C1=C(\O)/OC(C)C)c2ccccc2Cl)C(=O)O)C(=O)O
dude_pygm__L000619,c1cc(ccc1Nc2c(cc(cn2)N)C#N)I
dude_pygm__L000620,c1cc(ccc1NC(=O)/C(=C\c2ccc(cc2F)Br)/C#N)S(=O)(=O)N
dude_pygm__L000621,C[C@@]1(C(=O)N(C(=O)N1)CC(=O)Nc2nc3c(s2)C[NH+](CC3)Cc4ccccc4)c5ccc(cc5)F
dude_pygm__L000622,c1cc(c(cc1C(=O)[O-])S(=O)(=O)[N-]c2cc(c(c(c2)Cl)N)Cl)Br
dude_pygm__L000623,C[C@@H]1CCC[C@H](C1)[NH2+]C2CCN(CC2)CC(=O)N
dude_pygm__L000624,c1cc(c(cc1C(=O)[O-])Oc2ccc(cc2C(=O)[O-])S(=O)(=O)N3CCOCC3)[N+](=O)[O-]
dude_pygm__L000625,C=CCn1c(=O)c2ccc(cc2nc1Sc3ccc(cc3[N+](=O)[O-])/C=C/C(=O)[O-])C(=O)[O-]
dude_pygm__L000626,c1ccc(cc1)CCNC(=O)/C(=C\c2ccc(o2)c3ccc(cc3)S(=O)(=O)N)/C#N
dude_pygm__L000627,CCOC(=O)c1cnc(nc1N)S[C@H](C)C(=O)Nc2cccc(c2)Br
dude_pygm__L000628,C[C@H]1C=C([C@@H](N1c2ccc(cc2)Br)C)C(=O)CSc3nc(c(nn3)CCC(=O)[O-])[O-]
dude_pygm__L000629,C[C@@H]1CC(=O)Nc2cc(ccc2S1)S(=O)(=O)Nc3ccc(cc3)F
dude_pygm__L000630,CCOc1cc(cc(c1[O-])[N+](=O)[O-])/C=C/2\C(=NC(=O)N(C2=O)c3cccc(c3)Cl)[O-]
dude_pygm__L000631,Cc1c(c(nc(n1)SCC(=O)N2CCc3ccccc3C2)[O-])CCC(=O)[O-]
dude_pygm__L000632,Cc1cccc(c1NC(=O)CNC(=O)[C@@H](C)Sc2nnc(n2c3ccccc3)c4ccoc4C)C
dude_pygm__L000633,Cc1c(c(nc(c1/N=N/c2ccccc2c3nc(no3)CCOCc4ccccc4)[O-])[O-])C#N
dude_pygm__L000634,CN\1C(=O)/C(=C/c2cccc(c2)OCC(=O)[O-])/S/C1=N\c3ccc(c(c3)O)C(=O)[O-]
dude_pygm__L000635,Cc1ccc\2c(c1C)NC(=O)/C2=N\NC(=O)C[NH+](Cc3ccccc3)Cc4ccccc4
dude_pygm__L000636,Cc1cc(c(n1c2ccnn2C(C)C)C)[C@H]3Nc4ccccc4C(=O)N3
dude_pygm__L000637,c1ccc(c(c1)[C@@H]2C(=C(C(=O)N2c3ccc(cc3)CC(=O)[O-])[O-])C(=O)c4ccccc4F)OCC#N
dude_pygm__L000638,c1cc(c(cc1Cl)c2ccc(o2)CNn3c(n[nH]c3=S)c4ccncc4)Cl
dude_pygm__L000639,Cc1cc2c(cc(=O)oc2cc1C)CSc3nnc(n3N)c4ccoc4C
dude_pygm__L000640,c1c(cc(cc1N2CCO[C@H]3[C@@H]2CCCC3)S(=O)(=O)N)N
dude_pygm__L000641,CCc1ccccc1[N-]C2=NC(=O)/C(=C\c3ccc(c(c3)OCC)O[C@H](CC)C(=O)[O-])/S2
dude_pygm__L000642,c1ccc(c(c1)c2ccc(o2)/C=C\3/C(=O)N(C(=S)S3)[C@H](CCC(=O)[O-])C(=O)[O-])F
dude_pygm__L000643,C[C@@H](c1nc(nc(n1)N(C)C)N)N2CCO[C@@H](C2)c3ccc(c(c3)Cl)Cl
dude_pygm__L000644,Cc1ccc(cc1S(=O)(=O)N2CCCCCC2)NC(=O)CNc3ccc(cc3)OC(F)F
dude_pygm__L000645,CCOC(=O)C1=C(OC(=C([C@@H]1c2ccc(cc2)F)C#N)N)CSc3c(cc4c(n3)CCN(C4)C)C#N
dude_pygm__L000646,Cc1ccc(s1)S(=O)(=O)Nc2cc(c(c(c2)Cl)N)Cl
dude_pygm__L000647,Cc1ccc(cc1C)NC(=O)Nc2nnc(o2)c3c(nc(s3)C)C
dude_pygm__L000648,CC1(CC2=C3C(=NC(=NC3=O)[N-]NC(=S)Nc4ccccc4)S[C@H]2CO1)C
dude_pygm__L000649,Cc1c2cc3c(cc2oc(=O)c1CC(=O)N[C@@H](C)CO)OC4(CCCCC4)CC3
dude_pygm__L000650,COc1cc(ccc1[N-]S(=O)(=O)C)[N-]S(=O)(=O)c2cc(ccc2Cl)Cl
dude_pygm__L000651,CS(=O)(=O)CCS(=O)(=O)[N-]c1c(cc(cc1Br)Br)C(=O)[O-]
dude_pygm__L000652,CCCc1cc2c(c(=O)n1C)[C@H](C(=C(O2)N)C#N)c3cccc(c3)[N+](=O)[O-]
dude_pygm__L000653,Cc1c(c(nc(n1)SCC(=O)N2[C@@H](CC(=N2)c3cccs3)c4ccco4)[O-])CCC(=O)[O-]
dude_pygm__L000654,C[C@H](C(=O)Nc1ccc(cc1C(F)(F)F)[N+](=O)[O-])Sc2nc(c(nn2)CCC(=O)[O-])[O-]
dude_pygm__L000655,c1ccc2c(c1)cc3ccccc3c2/C=C\4/C(=O)N(C(=S)S4)[C@H](CC(=O)[O-])C(=O)[O-]
dude_pygm__L000656,c1cc2c(cc1C(=O)N/N=C/c3cc(ccc3Cl)[N+](=O)[O-])nc[nH]2
dude_pygm__L000657,c1cc(ccc1/N=C/C2C(=O)OC3(CCCCC3)OC2=O)S(=O)(=O)N
dude_pygm__L000658,CC(C)[C@H](C(=S)N)C(=O)NC1CC[NH+](CC1)C
dude_pygm__L000659,c1cc(cc(c1)n2c(c(n(c2=O)C3CC3)[O-])[O-])[N-]S(=O)(=O)/C=C/c4ccc(cc4)Cl
dude_pygm__L000660,Cc1cc(c(c(c1)C)NC(=O)C2CCN(CC2)S(=O)(=O)c3c(c(c(s3)C(=O)[O-])C)C(=O)[O-])C
dude_pygm__L000661,C[C@@H](c1nc2cc(ccc2n1c3cc(ccc3F)Cl)N)O
dude_pygm__L000662,c1ccc2c(c1)c(c[nH]2)/C=N/NC(=O)C(=O)Nc3ccc(c(c3)Cl)Cl
dude_pygm__L000663,CCOc1cccc(c1)N2C(=O)/C(=C/c3ccc(cc3)OCc4cccc(c4)C(=O)[O-])/C(=NC2=S)[O-]
dude_pygm__L000664,Cn1c2ccccc2nc1c3c4c(nc5ccccc5n4)n(c3N)CCOC
dude_pygm__L000665,Cc1c(c(nc(n1)SCC(=O)C2=C[C@@H](N([C@@H]2C)c3cccc(c3)SC)C)[O-])CCC(=O)[O-]
dude_pygm__L000666,CCN(CC)S(=O)(=O)c1ccc(cc1)S(=O)(=O)[N-]c2cc3c(cc2C(=O)[O-])OCCCO3
dude_pygm__L000667,C1CCC2(CC1)[C@@H](C(=NC(=C2C#N)SCSC3=C(C4(CCCCC4)[C@@H](C(=N3)[O-])C#N)C#N)[O-])C#N
dude_pygm__L000668,c1ccc(cc1)/C(=N/S(=O)(=O)c2ccc(cc2)[N-]S(=O)(=O)c3cccc4c3nsn4)/[O-]
dude_pygm__L000669,COc1cccc(c1)CN[C@@H]2C[C@H]([NH+](C2)Cc3ccccc3)C(=O)NCCc4ccc5c(c4)OCO5
dude_pygm__L000670,Cc1cc(cc(c1)NC(=O)N2[C@H]3CCC[C@@H]2CC(C3)NC(=O)C4CC4)C
dude_pygm__L000671,CC1(Cc2c(nc([nH]2)[C@H](c3cccs3)OC)C(=O)NC1)C
dude_pygm__L000672,COc1ccc(cc1)C2(CCCCC2)CNC(=O)N3CCC(CC3)C(=O)N
dude_pygm__L000673,CCOc1cccc(c1O)/C=C/2\C(=O)NN(C2=O)c3cc(cc(c3)Cl)Cl
dude_pygm__L000674,CC1=C(C(C(=C(N1Cc2ccc(cc2Cl)Cl)C(=O)O)C(=O)O)c3ccccc3Cl)C(=O)OC(C)C
dude_pygm__L000675,C[C@H]1CCC[C@@H]([C@@H]1C)NC(=O)CSc2nnc(n2N)C3CCCCC3
dude_pygm__L000676,c1cc(cc(c1)[N+](=O)[O-])NC(=O)[C@H]2CCCN(C2)C(=O)Nc3cccs3
dude_pygm__L000677,Cc1ccc(c(c1)[N-]C2=NC(=O)/C(=C\c3cccc(c3)O[C@H](C)C(=O)[O-])/S2)C
dude_pygm__L000678,c1cc(ccc1C(=O)[O-])S(=O)(=O)c2ccc(cc2)S(=O)(=O)c3ccc(cc3)C(=O)[O-]
dude_pygm__L000679,c1cc(ccc1Cn2c(nnn2)c3ccc(cc3Cl)N)F
dude_pygm__L000680,c1nc(c2c3c(sc2n1)CCCCC3)N4CCC[C@@H](C4)C(=O)N
dude_pygm__L000681,c1cc(ccc1n2c(nnn2)SCC(=O)Nc3cc(cc(c3)C(=O)[O-])C(=O)[O-])O
dude_pygm__L000682,Cc1nc2c(c3c(s2)CCCC3)c(=O)n1Nc4ccc(cc4)O
dude_pygm__L000683,CN\1C(=O)/C(=C/c2c([nH]c(=S)n(c2=O)c3ccccc3)[O-])/S/C1=N\c4cccc(c4)C(=O)[O-]
dude_pygm__L000684,C[C@H]([C@H]1NN=C(N1c2ccc(cc2)F)SCc3[nH]c(=O)c4c5c(sc4n3)CCC5)[NH+](C)C
dude_pygm__L000685,[H]/N=C/1\C(=N/Nc2ccccc2C)\C(=NN1c3ccc(cc3)C)C
dude_pygm__L000686,C/C(=N\Nc1ccc(cc1)C(=O)[O-])/c2ccc(cc2)S(=O)(=O)NCc3ccc(cc3)C(=O)[O-]
dude_pygm__L000687,CC(=O)[C@H](C[NH3+])C(=S)N
dude_pygm__L000688,Cc1ccccc1Nc2c(c(ncn2)N)I
dude_pygm__L000689,c1cc(ccc1[N-]S(=O)(=O)c2ccc(s2)C(=O)[O-])I
dude_pygm__L000690,c1cc(c(cc1O)O)CNc2c(ccc3c2ncs3)Cl
dude_pygm__L000691,c1cc(oc1)c2nnc(n2N)SCc3nc(on3)c4ccc(cc4)Cl
dude_pygm__L000692,C=CCN\1C(=O)/C(=C/c2cc(ccc2[O-])[N+](=O)[O-])/S/C1=N\c3ccc(cc3)C(=O)[O-]
dude_pygm__L000693,c1cc(ccc1N[C@@H]2CC(=O)N(C2=O)c3cc(cc(c3)C(=O)[O-])C(=O)[O-])I
dude_pygm__L000694,c1ccc(c(c1)N2C(=O)/C(=C/c3cccn3c4ccc(cc4)C(=O)[O-])/C(=NC2=S)[O-])F
dude_pygm__L000695,C[C@@H](c1ccc(cc1)N2CCOCC2)NC(=O)c3ccc(c(c3)O)[N+](=O)[O-]
dude_pygm__L000696,c1cc(sc1)c2nnc(n2CC(=O)[O-])SCc3ccc(cc3)C(=O)[O-]
dude_pygm__L000697,Cc1cc(no1)NC(=O)CN2CCN(CC2)C(=O)NC3CCCCCC3
dude_pygm__L000698,COc1cc2c3ccccc3oc2cc1NCC(=O)Nc4ccc(cc4)CC#N
dude_pygm__L000699,Cc1cc(c(cc1C)[C@@H]2C(=C(C(=O)N2c3cccc(c3)C(=O)[O-])[O-])C(=O)c4ccco4)C
dude_pygm__L000700,COC(=O)c1ccc(cc1)/C=C\2/C(=O)N(C(=S)S2)c3cc(cc(c3)C(=O)[O-])C(=O)[O-]
dude_pygm__L000701,C[C@@H](c1ccc2c(c1)OCCO2)N(C)C(=O)Nc3nc([nH]n3)c4ccccc4
dude_pygm__L000702,CC(C)(C)C1=NN=C2[C@@H]1[C@@H](C(=C(O2)N)C#N)c3ccccc3F
dude_pygm__L000703,Cn1cc(c(n1)c2ccc3c(c2)OCCCO3)[C@H]4Nc5ccccc5C(=O)N4
dude_pygm__L000704,COc1ccc(cc1OC)n2c3ccc(cc3nc2N)Br
dude_pygm__L000705,CC(=O)c1ccc(cc1)n2c(c(c3c(c2=S)COC(C3)(C)C)C#N)N
dude_pygm__L000706,c1ccc(cc1)c2ccc(cc2)[C@@H]3C(=C(C(=O)N3c4cccc(c4)C(=O)[O-])[O-])C(=O)c5ccco5
dude_pygm__L000707,CC(=O)O[C@H]1C[C@@]2([C@@H](CC[C@@]3([C@@]2(CC[C@@H]3c4ccc(=O)oc4)O)C)[C@@]5(C1=C[C@@H](CC5)O)C)O
dude_pygm__L000708,Cc1c(nc(nc1C)SCC(=O)Nc2cc(cc(c2)C(=O)[O-])C(=O)[O-])C
dude_pygm__L000709,C[C@@H](c1ccc2c(c1)OCCO2)NC(=O)Nc3ccccc3Br
dude_pygm__L000710,CC1CCN(CC1)c2nnc(n2C3CC3)SCC(=O)Nc4cc(ccc4C(=O)[O-])C(=O)[O-]
dude_pygm__L000711,CC(C)COc1ccc(cc1)c2nc3c(c4c(s3)COC(C4)(C)C)c(=O)n2N
dude_pygm__L000712,CCO/C(=C/1\[C@@H](N=C(N=C1C)SCc2ccc(cc2)C(=O)[O-])c3ccc4c(c3)OCO4)/[O-]
dude_pygm__L000713,CC(C)CSc1ccc(cc1[N+](=O)[O-])C(=O)Nc2cc(cc(c2)C(=O)[O-])C(=O)[O-]
dude_pygm__L000714,C[C@H]([C@@H](c1nncn1C(C)C)[NH3+])O
dude_pygm__L000715,CCc1[nH]nc(n1)[C@@H](CC)[NH3+]
dude_pygm__L000716,Cc1cc(cc(c1C)S(=O)(=O)Nc2cc(ccc2[O-])S(=O)(=O)N3CCOCC3)C(=O)[O-]
dude_pygm__L000717,CCCCn1c(=O)c2c(nc3n2cc(n3c4ccccc4N)C)n(c1=O)C
dude_pygm__L000718,Cc1ccc(cc1)S(=O)(=O)[N-]/N=C/c2ccc(s2)C(=O)[O-]
dude_pygm__L000719,Cc1cc(cc(c1)[N-]S(=O)(=O)c2c(c3c(s2)C[NH+](CC3)Cc4cccc(c4)O)C(=O)OC)C
dude_pygm__L000720,CC1(CC2=C(C(=O)C1)[C@@]3(c4ccccc4OC(=C3C(=O)OC(C)(C)C)N)C(=O)N2)C
dude_pygm__L000721,Cc1ccc(cc1)C[NH2+]Cc2cc(c(c(c2)Br)OC[C@@H](c3ccc4c(c3)OCCO4)O)OC
dude_pygm__L000722,c1cc(c(cc1S(=O)(=O)N)F)[N-]S(=O)(=O)c2ccc(s2)Br
dude_pygm__L000723,Cc1cc(c(s1)C)C2=NN=C3[C@H]2[C@H](C(=C(O3)N)C#N)c4cccc(c4)Cl
dude_pygm__L000724,Cc1ccccc1NC(=O)C2=C(Nc3nc(nn3[C@H]2c4ccccc4F)SC)C
dude_pygm__L000725,CC1(CC2=C([C@H](C3=C(N=N[C@@H]3N2)O)c4ccc(cc4)SC)C(=O)C1)C
dude_pygm__L000726,c1cc(ccc1c2ccc(o2)/C=C\3/C(=NC(=S)N(C3=O)c4ccc(cc4)Cl)[O-])C(=O)[O-]
dude_pygm__L000727,c1cc(ccc1C(=O)[O-])NS(=O)(=O)c2cc(c3c(c2)OCCO3)C(=O)[O-]
dude_pygm__L000728,CCn1c(c(c(n1)C)CCN(C)c2ccc(cc2[N-]S(=O)(=O)c3cc(ccc3C)C)C(=O)[O-])C
dude_pygm__L000729,Cc1cc(ccc1Cl)c2c(n3cc(ccc3n2)N)CN4C[C@H](O[C@H](C4)C)C
dude_pygm__L000730,CC(C)[C@@H](C(=O)N1CCC[C@@H](C1)C(=O)Nc2ccccc2)NC(=O)Nc3ccccc3
dude_pygm__L000731,Cc1cc(ccc1C(=O)[O-])NS(=O)(=O)c2ccc(c(c2)[N+](=O)[O-])[O-]
dude_pygm__L000732,c1ccc(c(c1)/C=C\2/C(=O)N=C(S2)[N-]c3cccc(c3)C(=O)[O-])[N+](=O)[O-]
dude_pygm__L000733,Cc1nnc(n1C2CCCCC2)SCC(=O)NC(=O)Nc3ccccc3
dude_pygm__L000734,c1ccc(c(c1)[C@@H]2C(=C(C(=O)N2c3nc4ccc(cc4s3)C(=O)[O-])[O-])C(=O)C5CC5)OC(F)F
dude_pygm__L000735,Cc1c(c(nc(n1)SCC(=O)C2=C[C@H](N([C@H]2C)c3ccc(cc3)C(=O)OC)C)[O-])CCC(=O)[O-]
dude_pygm__L000736,CCOC(=O)c1c(csc1N/C=C/2\C(=NC(=NC2=O)[S-])[O-])c3ccc(o3)C
dude_pygm__L000737,Cc1ccc(cc1)N2C(=O)/C(=C\c3ccc(c(c3)Br)OCC(=O)[O-])/C(=NC2=S)[O-]
dude_pygm__L000738,C[C@]12C[C@@H]([C@]3([C@H]([C@H]1C[C@@H]([C@@]2(C(=O)CO)O)O)CCC4=CC(=O)C=C[C@@]43C)F)O
dude_pygm__L000739,c1cc(oc1)[C@@H]2C[C@H](n3c(cc(n3)C(=O)NC4CCCCC4)N2)C(F)(F)F
dude_pygm__L000740,C[C@@H]1[C@@H]([C@H]([C@@H]2C(=O)C=CC=C2N1)c3ccc(c(c3)[N+](=O)[O-])O)C(=O)OC
dude_pygm__L000741,c1c(c(cc(c1S(=O)(=O)NC2CCCCCCC2)F)F)N
dude_pygm__L000742,c1ccc(cc1)c2c3c(c4c5c(c(=O)n(cn5)CC(=O)N)oc4n2)CCCC3
dude_pygm__L000743,CC[C@H](C(=O)[O-])Oc1cccc(c1)/C=C\2/C(=O)N(/C(=N/c3ccc(cc3)C(=O)[O-])/S2)CC=C
dude_pygm__L000744,Cc1c(c(nc(n1)SCC(=O)C2=C[C@@H](N([C@H]2C)c3cccc(c3)SC)C)[O-])CCC(=O)[O-]
dude_pygm__L000745,Cc1cc(no1)[N-]S(=O)(=O)c2ccc3c(c2)[C@H]4[C@@H]5CC[C@@H](C5)[C@@H]4[C@@H](N3)c6cccc(c6)C(=O)[O-]
dude_pygm__L000746,C[C@H]1C=C([C@H](N1c2cc(cc(c2)Cl)Cl)C)C(=O)CSc3nc(c(nn3)CCC(=O)[O-])[O-]
dude_pygm__L000747,CC1=C(C(C(=C(N1Cc2ccc(c(c2)Cl)Cl)C(=O)O)C(=O)O)c3ccccc3Cl)C(=O)OC(C)C
dude_pygm__L000748,CC(=O)[C@]1([C@@H](C[C@H]2[C@@]1(CC[C@@H]3[C@@H]2CC[C@@H]4[C@@]3(CC[C@@H](C4)OC(=O)C)C)C)O)O
dude_pygm__L000749,CC(=O)N(C)c1ccc2c(c1)[C@@H]3C=CC[C@@H]3[C@@H](N2)c4ccc(c(c4)OC)O
dude_pygm__L000750,CCn1c(c(c(n1)C)CCN(C)c2ccc(cc2C(=O)[O-])[N-]S(=O)(=O)c3cc(cc(c3)C)C)C
dude_pygm__L000751,c1cc(cc(c1)n2cccc2/C=C\3/C(=NC(=O)N(C3=O)c4cccc(c4Cl)Cl)[O-])C(=O)[O-]
dude_pygm__L000752,Cc1c(c(n(n1)c2ccccc2)C)/C=C/C(=O)Nc3ccc4c(c3)NC(=O)[C@H](O4)C
dude_pygm__L000753,c1nc([nH]n1)SCC[NH3+]
dude_pygm__L000754,Cc1ccc(cc1)NC(=O)NC(=O)[C@@H](C)Sc2nc([nH]n2)N
dude_pygm__L000755,CC(=[NH2+])N(C)[C@@H](CO)O
dude_pygm__L000756,CC1=C(C(C(=C(N1Cc2ccccc2)C(=O)O)C(=O)O)c3ccccc3Cl)C(=O)OC(C)C
dude_pygm__L000757,c1ccc2cc(ccc2c1)C3=NO[C@]4(S3)[C@@H]([C@@H]([C@H]([C@@H](O4)CO)O)O)O
dude_pygm__L000758,Cc1c(cc(c2c1NC(=O)[C@@H](O2)c3ccc(cc3)F)Cl)N
dude_pygm__L000759,CCCc1nc2c(o1)NC(=C([C@]23c4ccccc4NC3=O)C#N)N
dude_pygm__L000760,c1ccc(cc1)C2=NN=C3[C@@H]2[C@H](C(=C(O3)N)C#N)c4cccc5c4cccc5
dude_pygm__L000761,CCOc1cc(ccc1O)[C@H]2Nc3ccccc3-c4c(nc(nn4)SC)O2
dude_pygm__L000762,CCO/C(=C/1\C(=O)/C(=C/c2ccc(cc2)OCC(=O)[O-])/S\C1=N/c3ccc(cc3)Cl)/[O-]
dude_pygm__L000763,COC(=O)C1=C([C@@]2(CC(=C([C@](C1)(C2)C(=O)[O-])[O-])C(=O)OC)C(=O)[O-])[O-]
dude_pygm__L000764,Cc1ccc(c(c1)n2c(nnn2)c3ccc(c(c3)N)Br)F
dude_pygm__L000765,Cc1cc(c(n1c2cc(cc(c2)C(=O)[O-])C(=O)[O-])C)/C=C\3/C(=O)N/C(=N/c4cccc(c4C)Cl)/S3
dude_pygm__L000766,c1cc(cc(c1)n2c(ccc2c3ccc(cc3)F)CCC(=O)[O-])C(=O)[O-]
dude_pygm__L000767,CCOC(=O)c1ccc(cc1)c2ccc(o2)/C=C/3\C(=O)N(C(=S)S3)[C@@H](CC(=O)[O-])C(=O)[O-]
dude_pygm__L000768,CCCN(Cc1ccc(cc1)c2ccccc2c3[n-]nnn3)c4c(cccn4)[C@H](CC(=O)[O-])O
dude_pygm__L000769,CCCS(=O)(=O)NCc1ccc(cc1)C#CC[NH3+]
dude_pygm__L000770,C[C@H]1C[C@@H]([C@@H](/C=C/C=C\C(=O)Cc2c(c(cc(c2Cl)O)O)C(=O)O1)O)O
dude_pygm__L000771,c1ccc(cc1)c2nc(c(o2)NN)c3nc(no3)c4ccc(cc4)F
dude_pygm__L000772,C[C@H]1CCc2c(sc(c2C(=O)N)NC(=O)c3ccc(=O)[nH]n3)C1
dude_pygm__L000773,CC1(CC2=C([C@@H](C(=C(O2)N)C(=O)OC)c3ccc(cc3)SC)C(=O)C1)C
dude_pygm__L000774,CCc1ccc(cc1)/N=C\2/C(=C(/C(=C/c3cc(n(c3C)c4ccc(cc4)C(=O)[O-])C)/S2)[O-])C(=O)OCC
dude_pygm__L000775,CC[C@@H](C(=O)[O-])Oc1ccc(cc1)/C=C\2/C(=O)N(/C(=N\c3ccc(c(c3)O)C(=O)[O-])/S2)CC=C
dude_pygm__L000776,Cc1c(c(nc(n1)SCC(=O)C2=C[C@@H](N([C@H]2C)c3cccc(c3)C(F)(F)F)C)[O-])CCC(=O)[O-]
dude_pygm__L000777,Cc1cc(c(n1c2cc(cc(c2)C(=O)[O-])C(=O)[O-])C)/C=N/c3ccc(cc3)N(C)C
dude_pygm__L000778,c1c(csc1S(=O)(=O)N)C(=O)N2CCC[C@H]3[C@@H]2CCCC3
dude_pygm__L000779,c1ccn(c1)c2ccsc2C(=O)Nc3cc(c(c(c3)Cl)N)Cl
dude_pygm__L000780,Cc1cc([nH]n1)NC(=O)c2csc(n2)c3cc(cs3)Br
dude_pygm__L000781,CC(C)(C)C(=O)N1CCC[C@@H]1C(=O)Nc2cccc(c2)NC(=O)NC
dude_pygm__L000782,Cc1c(sc(n1)[O-])S(=O)(=O)[N-]c2cc(ccc2Cl)[N+](=O)[O-]
dude_pygm__L000783,Cc1ccc(cc1)[C@@H]2c3c(nn(c3OC(=C2C#N)N)Cc4ccccc4)C
dude_pygm__L000784,Cc1ccc(cc1C)c2nc3cc4c(cc3n2CC(=S)N)OCO4
dude_pygm__L000785,c1ccc2c(c1)CCC(C(=O)N2)NC(=O)c3cc4cc(ccc4[nH]3)Cl
dude_pygm__L000786,CC1C/C(=C\c2cc(c(cc2)O)OC)/C(=O)/C(=C/c3cc(c(cc3)O)OC)/C1
dude_pygm__L000787,c1cc(ccc1C(=O)[O-])NS(=O)(=O)c2ccc(c(c2)[N+](=O)[O-])SCCC(=O)[O-]
dude_pygm__L000788,CCO/C(=C/1\C(=O)/C(=C/c2ccc(o2)c3ccc(cc3)C(=O)[O-])/S\C1=N/c4ccc(cc4)Cl)/[O-]
dude_pygm__L000789,Cc1ccc(c(c1)[N-]C2=NC(=O)/C(=C\c3ccc(c(c3)OC)OCC(=O)[O-])/S2)C
dude_pygm__L000790,CC(C)c1ccc(cc1)N2C(=O)/C(=C/c3cc(c(c(c3)Cl)OCC(=O)[O-])Cl)/C(=O)N=C2[O-]
dude_pygm__L000791,CCn1c2ccc(cc2nc1CSc3nnc(n3CC(=O)[O-])c4ccc(cc4)OC)C(=O)[O-]
dude_pygm__L000792,Cc1cc(c(c(c1)C)C(=O)C2=C(C(=O)N([C@H]2c3ccc(cc3)Br)c4cccc(c4)C(=O)[O-])[O-])C
dude_pygm__L000793,CCc1ccccc1N2C(=O)/C(=C\c3ccc(c(c3)OCC)O[C@H](C)C(=O)[O-])/C(=NC2=S)[O-]
dude_pygm__L000794,Cc1ccc(cc1)N[C@H](c2c[nH]c3c2cccc3)P4(=O)O[C@@H]([C@@H](O4)C)C
dude_pygm__L000795,CCc1ccccc1[N-]C2=NC(=O)/C(=C\c3ccc(cc3)OCCC(=O)[O-])/S2
dude_pygm__L000796,CC[C@H](C(=O)[O-])Oc1ccc(cc1)/C=C/2\C(=O)N=C(S2)[N-]c3ccccc3C(=O)OC
dude_pygm__L000797,C1CCc2c(c3c(=O)[nH]c(nc3s2)S[C@@H](CC(=O)[O-])C(=O)[O-])C1
dude_pygm__L000798,C[C@@H]1CCc2c(c3c4n[nH]c(=S)n4c(nc3s2)NCc5ccccc5)C1
dude_pygm__L000799,C[C@H]([C@@H]1CCCCN1[C@@H](C)C(=O)NC(C)(C)C)[NH3+]
dude_pygm__L000800,CCc1ccc(cc1)N2C(=O)/C(=C\c3cc(c(c(c3)Br)OCC(=O)[O-])Cl)/C(=NC2=O)[O-]
dude_pygm__L000801,Cc1ccc(cc1)S(=O)(=O)N[C@@H](C(C)C)C(=O)/N=c\2/[nH]c(cs2)C[NH+]3CCC(CC3)C
dude_pygm__L000802,Cc1cc(c(c(=O)o1)Cc2cc(c3cccnc3c2O)Cl)O
dude_pygm__L000803,c1cc(ccc1c2ccc(o2)/C=C(\C#N)/C(=O)Nc3ccc(cc3)C(=O)[O-])C(=O)[O-]
dude_pygm__L000804,CC[C@@H](/C(=N/c1nnc(s1)C)/[O-])Sc2nc3c(c(n2)[O-])CCCC3
dude_pygm__L000805,CCOc1cc(ccc1OCC(=O)[O-])[C@@H]2/C(=C(\[O-])/OCC)/C(=NC(=S)N2)c3ccccc3
dude_pygm__L000806,CCc1ccc(cc1)c2ccc(o2)/C=C/3\C(=O)N(C(=S)S3)[C@@H](CCC(=O)[O-])C(=O)[O-]
dude_pygm__L000807,c1ccc(c(c1)c2ccc(o2)/C=C\3/C(=O)N(C(=S)S3)[C@H](CCC(=O)[O-])C(=O)[O-])C(F)(F)F
dude_pygm__L000808,Cc1c([nH]c2c1cccc2C(=O)N3CCC[C@](C3)(c4ccccc4OC)O)C
dude_pygm__L000809,CCOc1cc(ccc1OCCC(=O)[O-])/C=C/2\C(=NC(=S)S2)[O-]
dude_pygm__L000810,c1ccc(c(c1)c2ccc(o2)/C=C/3\C(=O)N(C(=S)S3)[C@H](CC(=O)[O-])C(=O)[O-])F
dude_pygm__L000811,COc1c(c(c(cc1)/C=N/c2ccc(cc2)/N=C/c3c(c(c(cc3)OC)OC)C(=O)[O-])C(=O)[O-])OC
dude_pygm__L000812,Cc1cc(ccc1S(=O)(=O)N[C@H](C)c2ccccc2F)N
dude_pygm__L000813,c1cc(c(cc1C(=O)[O-])N)[N-]S(=O)(=O)c2c(ccs2)Br
dude_pygm__L000814,CC(C)Oc1cccc(c1)C(=O)[C@H]2CCC[NH+](C2)Cc3cn(c4c3cccc4)CC(=O)N
dude_pygm__L000815,Cc1c(n[nH]c1C(=O)N(C)Cc2cc(nc3c2cccc3)O)c4ccccc4
dude_pygm__L000816,C[C@]1(C(=O)N(C(=O)N1)C[C@H](COc2ccc(cc2)Br)O)c3ccc4cc(ccc4c3)OC
dude_pygm__L000817,c1ccc(c(c1)n2c(nnn2)c3cc(ccc3N)F)Br
dude_pygm__L000818,CC(C)[C@H](C(=O)[O-])n1c(nnc1Sc2ccc(cc2[N+](=O)[O-])C(=O)[O-])c3cccs3
dude_pygm__L000819,COC(=O)Nc1ccc(cc1)S(=O)(=O)N2CCCc3c2c(ccc3)O
dude_pygm__L000820,Cc1ccc(cc1S(=O)(=O)[N-]c2ccccc2F)NS(=O)(=O)c3ccc(cc3)CCC(=O)[O-]
dude_pygm__L000821,c1ccc(cc1)Cc2cc(c(c(c2)[N+](=O)[O-])[O-])/C=C/3\C(=O)N(C(=S)S3)CC(=O)[O-]
dude_pygm__L000822,c1cnc(nc1)N[C@H](c2ccc3c(c2)OCO3)c4cc5c(cc4O)OCO5
dude_pygm__L000823,COc1cccc(c1)[C@@H]2Cc3c(nc([nH]3)c4ccc(cc4)CO)C(=O)NC2
dude_pygm__L000824,c1ccc(cc1)[C@H]2CCCN(CC2)C(=O)Nc3cc(c[nH]c3=O)Br
dude_pygm__L000825,COc1ccc(cc1)CCN2[C@@H](Nc3ccccc3C2=O)c4cccc(c4O)O
dude_pygm__L000826,COc1cccc(c1)c2c3c([nH]n2)OC(=C([C@H]3c4cccc(c4)OC)C#N)N
dude_pygm__L000827,C[C@H](CC[NH3+])N(C)C(=O)N
dude_pygm__L000828,C[C@]12CC[C@](C[C@H]1C3=CC(=O)[C@H]4[C@]5(CC[C@@H](C([C@H]5CC[C@]4([C@@]3(CC2)C)C)(C)C)OC(=O)CCC(=O)[O-])C)(C)C(=O)[O-]
dude_pygm__L000829,Cc1ccc(cc1)[C@@H](CC(=O)[O-])NS(=O)(=O)c2ccc(cc2)/C=C/C(=O)[O-]
dude_pygm__L000830,C[C@H](c1ccc2c(c1)CCCC2)NC(=O)CSc3c(cc(c(n3)N)C#N)C#N
dude_pygm__L000831,c1c(nc([nH]c1=O)SCC(=O)NC(=O)N[C@H]2CCS(=O)(=O)C2)N
dude_pygm__L000832,Cc1c(c(sn1)[N-]S(=O)(=O)c2ccc(cc2)Br)C(=O)[O-]
dude_pygm__L000833,Cc1c2c(=O)[nH]c(nc2sc1C(=O)[O-])SCC(=O)Nc3cc(ccc3Cl)C(=O)[O-]
dude_pygm__L000834,c1cc(cc(c1)N2[C@H](C(=C(C2=O)[O-])C(=O)C3CC3)c4ccc(c(c4)[N+](=O)[O-])Cl)C(=O)[O-]
dude_pygm__L000835,CCOC(=O)c1c(c(sc1NC(=O)Cc2ccc(cc2)Br)C(=O)N)C
dude_pygm__L000836,CS(=O)(=O)[N-]c1ccc(cc1Cl)C(=O)Nc2ccc(cc2)S(=O)(=O)[N-]c3cccc(c3)Cl
dude_pygm__L000837,c1cc(c(cc1/C=C/C(=O)[O-])[N+](=O)[O-])Oc2ccc(cc2C(=O)[O-])S(=O)(=O)N3CCCC3
dude_pygm__L000838,C[C@H]1CCc2c(sc(c2C(=O)N)NC(=O)C34CC5CC(C3)CC(C5)C4)C1
dude_pygm__L000839,c1ccc(cc1)c2nnc(o2)[C@H](c3ccccc3)NC(=O)Nc4ccc(cc4)F
dude_pygm__L000840,CCO/C(=C/1\C(=O)/C(=C/c2ccc(c(c2)OC)OCC(=O)[O-])/S\C1=N/c3ccc(cc3)Cl)/[O-]
dude_pygm__L000841,Cc1c(c2ccccc2[nH]1)c3csc(n3)[N-]S(=O)(=O)c4ccc(cc4)CCC(=O)[O-]
dude_pygm__L000842,CC(C)c1ccc(cc1)[N-]S(=O)(=O)c2ccc3c(c2)C(=O)[C@@H](C=N3)C(=O)[O-]
dude_pygm__L000843,Cc1ccc(cc1)CSc2nc3c(c(n2)[O-])[C@@H](C4=C(CC(CC4=N3)(C)C)[O-])c5ccc(c(c5)[N+](=O)[O-])O
dude_pygm__L000844,c1cc(ccc1CC(=O)[O-])Nc2cnn(c(=O)c2Cl)C34C[C@@H]5C[C@H](C3)CC(C5)[C@@H]4C(=O)[O-]
dude_pygm__L000845,CCN1C(=C(C(C(=C1C(=O)O)C(=O)O)c2ccccc2Cl)C(=O)OC(C)C)C
dude_pygm__L000846,c1ccc(cc1)c2c(nnn2c3ccc(cc3)N)S(=O)(=O)c4cccc(c4)Cl
dude_pygm__L000847,c1cc(cc(c1)S(=O)(=O)[N-]c2nnc(s2)SCC(=O)[O-])F
dude_pygm__L000848,Cc1ccccc1c2nnc(o2)c3ccc(cc3)C(=O)NCC[C@](c4nccn4C)(C(F)(F)F)O
dude_pygm__L000849,Cc1cc(nc(n1)N/N=C/c2cc(cc(c2O)Br)Br)C
dude_pygm__L000850,COc1cccc(c1)N2C(=O)/C(=C\c3cc(c(c(c3)OC)[O-])[N+](=O)[O-])/C(=NC2=O)[O-]
dude_pygm__L000851,CCc1ccc(cc1)N2C(=O)/C(=C\c3ccc(o3)c4cccc(c4)C(=O)[O-])/C(=O)N=C2[O-]
dude_pygm__L000852,Cc1ccc(cc1Cl)N2C(=O)/C(=C\c3ccc(o3)c4ccc(cc4)C(=O)[O-])/C(=O)N=C2[O-]
dude_pygm__L000853,CN1c2ccccc2CC(C1=O)NC(=O)c3cc4cccc(c4[nH]3)N(=O)=O
dude_pygm__L000854,C[C@@]12CC[C@@H]3[C@@H]([C@@H]1CC[C@@]2(C)O)CC[C@@H]4[C@]3(Cc5c([nH]nc5O)C4)C
dude_pygm__L000855,c1ccc2c(c1)c(c[nH]2)C3CCN(CC3)Cc4[nH]c(=O)c5ccccc5n4
dude_pygm__L000856,c1cc(oc1)c2nnc(n2N)SCc3ncc(o3)c4ccc(cc4)F
dude_pygm__L000857,c1cc(c(c(c1)F)NC(=O)c2cc(ccn2)N(=O)=O)Oc3ccc(c(c3)C(=O)O)C(=O)O
dude_pygm__L000858,Cc1cc(ccc1NS(=O)(=O)c2cc(cnc2NC)Br)F
dude_pygm__L000859,c1cc(c(cc1Cl)Br)OCC(=O)n2c(c(cn2)C#N)N
dude_pygm__L000860,c1ccc(c(c1)[N-]S(=O)(=O)c2ccc(c(c2)NC(=O)CC3(CCCC3)C(=O)[O-])Cl)Cl
dude_pygm__L000861,Cc1ccccc1OC[C@H](C[NH+](Cc2ccccc2)Cc3[nH]c(=O)c4c5c(sc4n3)CCCCC5)O
dude_pygm__L000862,CC(=O)Nc1ccc(c(c1)C(F)(F)F)[N-]S(=O)(=O)c2ccc(cc2)C(=O)[O-]
dude_pygm__L000863,C[C@H]1C[C@@H](C[NH+](C1)Cc2csc(n2)NC(=O)CCc3[nH]c(=O)c4c5c(sc4n3)CCC5)C
dude_pygm__L000864,c1cc(c(c(c1)Cl)[C@H]2[C@@H]3C(=NN=C3OC(=C2C#N)N)c4cccs4)F
dude_pygm__L000865,C[C@H](C(=O)[O-])Oc1ccc(cc1)/C=C\2/C(=O)N(/C(=N/c3ccc(cc3)C(=O)[O-])/S2)C
dude_pygm__L000866,C=C(CNC(=O)N1CCC[C@H](C1)CNC(=O)N)Br
dude_pygm__L000867,Cc1c(c(nc(n1)SCC(=O)N(C)Cc2ccccc2)[O-])CCC(=O)[O-]
dude_pygm__L000868,CCC(C)(C)C1CCC2(CC1)C(=O)N(C(=O)N2)CC(=O)NCC3(CCCCC3)N4CCOCC4
dude_pygm__L000869,CC(C)c1[nH]nc(n1)c2cc(cc(c2N)Br)Br
dude_pygm__L000870,CCCCCSc1nc2c(c(n1)[O-])[C@H](C3=C(CC(CC3=N2)(C)C)[O-])c4ccc(c(c4)[N+](=O)[O-])O
dude_pygm__L000871,C[C@H]1C[C@H]([C@@H](N1c2cccc[nH+]2)C)/C=C(/C#N)\C(=O)NCCc3c[nH]c4c3cccc4
dude_pygm__L000872,C[C@@]1(C(=O)Nc2ccccc2O1)C(=O)Nc3c(c4c(s3)CCCC4)C(=O)OC
dude_pygm__L000873,c1ccc(cc1)c2ccccc2NC(=O)CSc3nc(c(nn3)CCC(=O)[O-])[O-]
dude_pygm__L000874,c1ccc(cc1)N2C(=O)/C(=C/c3ccc(c(c3)Cl)OCC(=O)[O-])/C(=NC2=S)[O-]
dude_pygm__L000875,c1ccc(cc1)c2c(c(nn2c3ccc(cc3)Br)c4ccc(c(c4)[O-])[N+](=O)[O-])C(=O)[O-]
dude_pygm__L000876,Cc1cccc(c1C)NC(=O)Cc2c([nH]n(c2=O)c3nc(cs3)c4ccccc4)C
dude_pygm__L000877,Cc1c(cc(cc1S(=O)(=O)[N-]c2ccc(cc2)n3cnnn3)C(=O)[O-])F
dude_pygm__L000878,Cc1cc(c(c(c1)C)NC(=O)CNC(=O)COC(=O)c2c3ccccc3nc4c2C[C@H](CC4)C)C
dude_pygm__L000879,Cc1cc(c(o1)C)[C@H](C)NS(=O)(=O)c2ccc(c(c2)N)O
dude_pygm__L000880,CCOC(=O)[C@@H]1C=C(S[C@@H]1NC(=O)CSc2nc(c(nn2)CCC(=O)[O-])[O-])c3ccccc3
dude_pygm__L000881,CCN(CC)S(=O)(=O)c1ccc(c(c1)C(=O)[O-])Sc2nnc(n2CC(=O)[O-])c3cccs3
dude_pygm__L000882,Cc1c2c(c(sc2nc(n1)C)c3nc(no3)c4ccsc4)N
dude_pygm__L000883,c1c(cnc(c1C(=O)N2CCCC[C@@H]2C(=O)N)Cl)Br
dude_pygm__L000884,Cc1cccc(c1)CCNC(=O)[C@@H]2CN(CC23CC[NH2+]CC3)C(=O)c4ccc(o4)c5ccc(cc5)F
dude_pygm__L000885,Cc1cc(c(cc1Cl)c2c3c([nH]n2)C(=O)N([C@H]3c4ccc(cc4)OC)CCCO)O
dude_pygm__L000886,CCOC(=O)C1CCN(CC1)c2ccc(cc2[N-]S(=O)(=O)c3ccc(cc3C)C)C(=O)[O-]
dude_pygm__L000887,CC1(CC(=C(C(=O)C1)C(c2ccccc2OC)C3=C(CC(CC3=O)(C)C)[O-])[O-])C
dude_pygm__L000888,COc1cc(ccc1O)[C@@H]2CC(=O)NC3=NN/C(=N\c4ccccc4)/[C@@H]23
dude_pygm__L000889,Cc1c(c(nc(n1)SCc2nc(no2)c3ccsc3)[O-])CCC(=O)[O-]
dude_pygm__L000890,C[C@@H]1CCc2c(sc3c2C(=N[C@@H](N3)c4ccc(cc4)OC(=O)c5ccco5)O)C1
dude_pygm__L000891,Cc1c(cc(o1)C(=O)[O-])S(=O)(=O)[N-]c2ccc(cc2Br)Br
dude_pygm__L000892,Cc1cccc(c1)NC(=O)N2CCC[C@@H](C2)CCC(=O)NCC[NH+]3CCCC[C@@H]3C
dude_pygm__L000893,c1c(cnc(n1)N2CCc3c(sc(c3C#N)N)C2)Br
dude_pygm__L000894,c1cc(ccc1C(=O)[O-])S(=O)(=O)[N-]c2ccc(c(c2)[N+](=O)[O-])Cl
dude_pygm__L000895,c1ccc2cc(c(cc2c1)NC(=O)c3cc(ccn3)C(F)(F)F)Oc4ccc(c(c4)C(=O)O)C(=O)O
dude_pygm__L000896,Cc1cccnc1NS(=O)(=O)c2ccc3c(c2)CCCN3
dude_pygm__L000897,Cc1ccc(cc1)NC(=O)C[C@H]2C(=O)N/C(=N/c3ccc4c(c3)CCC4)/S2
dude_pygm__L000898,c1ccc(c(c1)CC(=O)[O-])[N-]S(=O)(=O)c2ccc(s2)Br
dude_pygm__L000899,Cc1cc(c(c(=O)[nH]1)[C@@H](c2cccc(c2OC)OC)[C@@H]3C(=CC(=NC3=O)C)[O-])[O-]
dude_pygm__L000900,c1cc(c(cc1Cl)Cl)/C=C\2/C(=O)N(C(=S)S2)c3cc(cc(c3)C(=O)[O-])C(=O)[O-]
dude_pygm__L000901,CCn1c(c2ccc(cc2nc1=S)/C(=N/S(=O)(=O)N3CCCCC3)/[O-])[O-]
dude_pygm__L000902,c1ccc2c(c1)c(n[nH]c2=O)c3ccc(c(c3)[N+](=O)[O-])NCc4cccnc4
dude_pygm__L000903,Cc1cccc(c1)c2nnc(s2)NC(=O)[C@H](C(C)C)NC(=O)N(C)C
dude_pygm__L000904,Cc1cc(on1)CNC(=O)Nc2ccc(cc2C(F)(F)F)Br
dude_pygm__L000905,c1ccc(cc1)OS(=O)(=O)[C@H]2CCC[C@@]3(N2c4ccccc4O)CCC[C@@H](C3)O
dude_pygm__L000906,c1ccc2c(c1)c(nc(n2)C(F)(F)F)N3CCc4c(sc(c4C#N)N)C3
dude_pygm__L000907,c1c(csc1Br)C(=O)NC2(CCC2)c3[nH]cc(n3)C(=O)[O-]
dude_pygm__L000908,Cc1cc(cc(c1C)S(=O)(=O)N2[C@H]3CCCC[C@H]3C[C@H]2C(=O)[O-])C(=O)[O-]
dude_pygm__L000909,CC(C)C1=C[C@@H](N=N1)[C@H]2NN[C@@H]3N2N=C(S3)c4ccc5c(c4)OCO5
dude_pygm__L000910,Cc1ccc(c(c1)C)[N-]C2=NC(=O)/C(=C\c3ccc(cc3)O[C@@H](C)C(=O)[O-])/S2
dude_pygm__L000911,c1ccc(c(c1)C(=O)[O-])/N=N/c2c(ccc(c2O)/N=N/c3cccc(c3)S(=O)(=O)[O-])O
dude_pygm__L000912,Cc1c(=O)c2cccc(c2oc1c3ccccc3)C(=O)NNC(=O)[C@@H]4CCCO4
dude_pygm__L000913,Cn1cc(cn1)CN2CCc3c4ccccc4[nH]c3[C@@H]2c5cccc(c5)O
dude_pygm__L000914,Cc1cc(sc1C(=O)[O-])S(=O)(=O)[N-]c2cccc(c2)N3CCCC3=O
dude_pygm__L000915,Cc1c2cc(sc2n(n1)CC(C)C)C(=O)NNC(=O)c3cc4c(nn(c4s3)CC(C)C)C
dude_pygm__L000916,CCOC(=O)c1ccc(cc1)[N-]C2=NC(=O)/C(=C\c3ccc(c(c3)OC)OCCC(=O)[O-])/S2
dude_pygm__L000917,C[C@@H](C1CCCCC1)n2c(nnn2)c3cc(ccc3Br)N
dude_pygm__L000918,CNc1c2c(ncn1)Sc3ccc(cc3[C@H](N2)NN)[N+](=O)[O-]
dude_pygm__L000919,c1cc(ccc1[N+](=O)[O-])SCC(=O)Nc2cc(cc(c2)C(=O)[O-])C(=O)[O-]
dude_pygm__L000920,CC(=O)Nc1ccc2c(c1)[C@@H]3C=CC[C@@H]3[C@@H](N2)c4cc(ccc4O)[N+](=O)[O-]
dude_pygm__L000921,c1cc(ccc1[C@@H](CC(=O)[O-])NS(=O)(=O)c2ccc(cc2)C(=O)[O-])F
dude_pygm__L000922,Cc1c(sc2c1c(=O)n(c(n2)SCC(=O)Nc3cc(cc(c3)C(=O)[O-])C(=O)[O-])CCOC)C
dude_pygm__L000923,Cc1cc(cc(c1)N2C(=O)/C(=C/c3ccc(cc3)O[C@@H](C)C(=O)[O-])/C(=NC2=S)[O-])C
dude_pygm__L000924,CC(C)C[C@@H](C(=O)[O-])N1C(=O)/C(=C/c2ccc(cc2)C(=O)[O-])/SC1=S
dude_pygm__L000925,C1C[C@@H](CC=C1)C[NH2+]C2CCN(CC2)CC(=O)N
dude_pygm__L000926,CCOc1cc(ccc1OCC(=O)[O-])/C=C/2\C(=NC(=O)N(C2=O)c3ccc(cc3)C(C)C)[O-]
dude_pygm__L000927,c1cc(c(cc1NC(=O)CSc2nc(c(nn2)CCC(=O)[O-])[O-])C(F)(F)F)Cl
dude_pygm__L000928,CC[C@H](C(=O)[O-])Oc1ccc(cc1)/C=C\2/C(=O)N(/C(=N/c3ccc(c(c3)O)C(=O)[O-])/S2)CC=C
dude_pygm__L000929,C1CC[C@@H]([C@@H](C1)C(=O)NC2CCC(CC2)CC3CCC(CC3)NC(=O)[C@H]4CCCC[C@@H]4C(=O)[O-])C(=O)[O-]
dude_pygm__L000930,Cc1c(cco1)[C@H](Cc2[nH]ccn2)[NH3+]
dude_pygm__L000931,CCOc1cc(ccc1O[C@H](C)C(=O)[O-])/C=C/2\C(=O)N=C(S2)[N-]c3ccc(cc3)OC
dude_pygm__L000932,c1cc(c(c(c1)F)F)n2c(nnn2)c3ccc(c(c3)N)Br
dude_pygm__L000933,CC[C@H](/C(=N/c1nnc(s1)C(C)C)/[O-])Sc2nc3c(c(n2)[O-])CCC3
dude_pygm__L000934,CCCS(=O)(=O)Nc1ccc(cc1F)C#CC[NH3+]
dude_pygm__L000935,Cc1ccccc1NC(=O)NCCc2nc3cccnc3n2Cc4ccccc4
dude_pygm__L000936,Cc1ccc(cc1)[N-]S(=O)(=O)c2ccsc2C(=O)Nc3nc(cs3)C[NH+]4CCC(CC4)C
dude_pygm__L000937,c1ccc(cc1)c2[nH]c(=O)c3c(n2)NC(=O)C[C@@H]3c4ccc(cc4)[N+](=O)[O-]
dude_pygm__L000938,c1cc(ccc1NC(=O)C(=O)NC2CCCCCCC2)N3CCCS3(=O)=O
dude_pygm__L000939,c1cc(ccc1C(=O)c2ccc3c(c2)C(=O)N(C3=O)c4cc(cc(c4)C(=O)[O-])C(=O)[O-])[N+](=O)[O-]
dude_pygm__L000940,CCN\1C(=O)/C(=C/c2cc(ccc2[O-])[N+](=O)[O-])/S/C1=N\c3cccc(c3)C(=O)[O-]
dude_pygm__L000941,Cc1cccc(c1)[C@@H]2C(=C(C(=O)N2c3nc4ccc(cc4s3)C(=O)[O-])[O-])C(=O)C5CC5
dude_pygm__L000942,CC1=C2[C@@H](C(=C(O[C@H]2N=N1)N)C#N)c3ccc(cc3)OCc4cccc(c4)F
dude_pygm__L000943,Cc1ccc(cc1)n2c3c(c(n2)C)[C@@H](C(=C(O3)N)C#N)c4ccc(c(c4)OC)OC
dude_pygm__L000944,Cc1c(sc(=O)[nH]1)S(=O)(=O)[N-]c2ccc(cc2C(=O)[O-])Br
dude_pygm__L000945,CCC(=O)Nc1ccc(c(c1)C)S(=O)(=O)NC[C@@H](c2ccc3c(c2)CCCN3C)[NH+]4CCCC4
dude_pygm__L000946,c1cc(ccc1NC(=O)Nc2ccc3c(c2)nns3)Br
dude_pygm__L000947,c1ccc(cc1)[C@@H](C(=O)Nc2ccc(cc2)F)Sc3nc(c(nn3)CCC(=O)[O-])[O-]
dude_pygm__L000948,Cc1cc(ccc1Br)OCC(=O)NC(=S)Nc2ccc(cc2)NC(=O)C
dude_pygm__L000949,Cc1ccc(cc1)n2c(nnn2)c3cnc(nc3c4cccc(c4)Cl)N
dude_pygm__L000950,CSc1cc2c(cc1c3ccccc3O)[C@@H]4CO[P@](=O)(NN4CC2)SC
dude_pygm__L000951,C[C@H](c1ccc(cc1F)F)NS(=O)(=O)c2ccc3c(c2)CCCC(=O)N3
dude_pygm__L000952,C[C@@]12CCC[C@@H]1[C@@H]3CCC4=C/C(=N/NC(=O)N)/CC[C@@]4([C@@H]3CC2)C
dude_pygm__L000953,Cc1cccc(c1N)c2nnnn2c3ccc(cc3F)Br
dude_pygm__L000954,CC(C)C(=O)Nc1ccc(cc1)NC(=O)/C=C/c2cc3c(c(c2)Cl)OCO3
dude_pygm__L000955,CC(C)[C@H](C(=O)Nc1cccc(c1)c2nnc3n2CCCCC3)NS(=O)(=O)c4cccs4
dude_pygm__L000956,C[C@@H](c1nc(no1)c2c(non2)N)Oc3ccccc3Br
dude_pygm__L000957,Cc1cc(ccc1Br)S(=O)(=O)[N-]c2cc(ccc2F)C(=O)[O-]
dude_pygm__L000958,CCOc1ccc(cc1)c2nnc(n2CC(=O)[O-])SCc3ccc(cc3)C(=O)[O-]
dude_pygm__L000959,Cc1c(c([nH]c1C(=O)Nc2cccc(c2)c3nnc4n3CCCCC4)C)C(=O)C
dude_pygm__L000960,C[C@H]1CCC[C@@H](C1)NS(=O)(=O)c2cc(ccc2N)Br
dude_pygm__L000961,CC[C@@H](C(=O)[O-])n1c(=O)c2c(c(sc2nc1C(C)C)C(=O)[O-])C
dude_pygm__L000962,C[C@@H]1C=C([C@@H](N1c2nccs2)C)C(=O)CSc3nc(c(nn3)CCC(=O)[O-])[O-]
dude_pygm__L000963,CC[C@@H](C(=O)[O-])Oc1cccc(c1)/C=C\2/C(=O)N(C(=S)S2)[C@H](C(C)C)C(=O)[O-]
dude_pygm__L000964,C/C(=C/1\C(=O)N=C(S1)Nc2cc(cc(c2)C(=O)[O-])C(=O)[O-])/c3ccc(cc3)[N+](=O)[O-]
dude_pygm__L000965,CC[NH+](CC)CCN(Cc1ccc(c(c1)Cl)Cl)C(=O)Nc2cc3c(cc2Cl)NC(=O)CO3
dude_pygm__L000966,Cc1cc(n[nH]1)C(=O)N2CCN(CC2)C(=O)NC(C)(C)c3cccc(c3)C(=C)C
dude_pygm__L000967,CCn1c(c(cn1)[C@@H]2[C@@H]3CCCC=C3C(=C(C2(C#N)C#N)N)C#N)C
dude_pygm__L000968,Cc1ccc(cc1)n2c(c(c(nc2=S)[O-])[C@@H]3c4ccc(c(c4C(=O)O3)OC)OC)[O-]
dude_pygm__L000969,CC(C)[C@H]1Cc2c(sc3c2c(=O)n(c(n3)Cc4ccccc4)N)CO1
dude_pygm__L000970,Cc1ccc(c(c1)C)C(=O)C2=C(C(=O)N([C@H]2c3cccc(c3)[N+](=O)[O-])c4ccc(cc4)CC(=O)[O-])[O-]
dude_pygm__L000971,c1cc(cc(c1)N2[C@@H](C(=C(C2=O)[O-])C(=O)c3ccc(s3)Cl)c4ccc5c(c4)OCCO5)C(=O)[O-]
dude_pygm__L000972,C1C[NH2+]CCC12C(=O)NC(=O)N2
dude_pygm__L000973,C=CCN1C(=O)/C(=C/c2cccn2c3cccc(c3)C(=O)[O-])/C(=NC1=S)[O-]
dude_pygm__L000974,c1ccc(cc1)n2cc(cn2)CCC(=O)Nc3cccc(c3)S(=O)(=O)Nc4ccccc4Cl
dude_pygm__L000975,CN1C(=O)/C(=C/c2cc(c(c(c2)Br)[O-])Cl)/C(=NC1=S)[O-]
dude_pygm__L000976,c1cc(cc(c1)F)NS(=O)(=O)c2ccc3c(c2)ccc(=O)[nH]3
dude_pygm__L000977,CC1CCC(CC1)OC(=O)C2=C(NC(=O)N[C@@H]2c3ccc4c(c3)OCO4)C
dude_pygm__L000978,CC1(CC(=C(C(=O)C1)C(c2ccc(cc2)N(C)C)C3=C(CC(CC3=O)(C)C)[O-])[O-])C
dude_pygm__L000979,c1cc(ccc1c2ccc(o2)/C=C\3/C(=O)N(C(=S)S3)[C@@H](CC(=O)[O-])C(=O)[O-])[N+](=O)[O-]
dude_pygm__L000980,CC1(CC2=C([C@@H](C(=C(O2)N)C(=O)OC)c3ccc(c(c3)F)F)C(=O)C1)C
dude_pygm__L000981,Cc1c(sc2c1c(ncn2)Nc3nc(cs3)Cc4n[nH]c(=S)n4C)C
dude_pygm__L000982,c1ccc(cc1)COc2cccc(c2)/C=C\3/C(=O)N(C(=S)S3)[C@@H](CCC(=O)[O-])C(=O)[O-]
dude_pygm__L000983,C[C@@H]1CCCC[C@H]1n2c(nnc2SCC(=O)Nc3cc(cc(c3)C(=O)[O-])C(=O)[O-])c4cccnc4
dude_pygm__L000984,C[C@@H]1CC[C@H]2[C@]([C@@]13CC[C@@]4(O3)CC(=O)OC4)(CC[C@@H]([C@@]2(C)CO)O)C
dude_pygm__L000985,CCc1nnc(s1)[N-]S(=O)(=O)c2ccc(cc2)N/C=C/3\C=CC(=O)C=C3[O-]
dude_pygm__L000986,Cn1cc(cn1)[C@H](CO)[NH3+]
dude_pygm__L000987,c1ccc(cc1)[N-]C2=NC(=O)/C(=C\c3ccc(cc3)OCCC(=O)[O-])/S2
dude_pygm__L000988,[H]/N=C\1/NC(=O)/C(=C/c2cc(n(c2C)c3ccc(cc3)N(C)C)C)/S1
dude_pygm__L000989,Cc1ccc(cc1)c2nnc(n2CC(=O)[O-])SCC(=O)Nc3cc(ccc3C)C(=O)[O-]
dude_pygm__L000990,C[C@H](Cc1ccc2c(c1)OCO2)[C@@H]3C(=C(n4c5ccccc5nc4N3)N)C#N
dude_pygm__L000991,C[C@H]1CNC(=O)c2cc(ccc2O1)NS(=O)(=O)c3ccc(cc3)C(C)C
dude_pygm__L000992,c1ccc2c(c1)c(cn2CC(=O)[O-])/C=C(\C#N)/c3ccc(cc3)C(=O)[O-]
dude_pygm__L000993,c1cc(ccc1/C=C/C(=O)c2ccc(cc2)S(=O)(=O)NCC(=O)[O-])C(=O)[O-]
dude_pygm__L000994,c1ccc2c(c1)cccc2CC(C[C@H]3CCCO3)(C(=O)[O-])C(=O)[O-]
dude_pygm__L000995,CC[C@H]1COc2ccc(cc2C(=O)N1)NS(=O)(=O)c3ccc(c(c3)Cl)C
dude_pygm__L000996,c1ccc2c(c1)nc3c(c(n(c3n2)c4ccc5c(c4)nsn5)N)C#N
dude_pygm__L000997,C[C@H]1C(=C(N=C1C(=O)N/N=C/c2ccc(cc2)C(=O)[O-])C)C(=O)N/N=C/c3ccc(cc3)C(=O)[O-]
dude_pygm__L000998,COc1cc2c(cc1OC)nc(n(c2=O)c3ccc(c(c3)F)Cl)NN
dude_pygm__L000999,CCOC(=O)[C@H]1[C@H](c2c(nc(s2)[O-])S[C@@H]1C(=O)OCC)c3cc(ccc3[O-])[N+](=O)[O-]
dude_pygm__L001000,Cc1cc(c(n1c2cc(cc(c2)C(=O)[O-])C(=O)[O-])C)/C=N/NC(=O)C
dude_pygm__L001001,c1cc(ccc1CNS(=O)(=O)c2c(ccs2)Br)S(=O)(=O)N
dude_pygm__L001002,CC1C/C(=C\c2cccc(c2)OCCC(=O)[O-])/C(=O)/C(=C\c3cccc(c3)OCCC(=O)[O-])/C1
dude_pygm__L001003,CCCCN1C(=O)[C@@H]2[C@@H](N[C@@]3([C@@H]2C1=O)c4cc(cc(c4NC3=O)C)C)C
dude_pygm__L001004,CCc1cccc2c1[nH]cc2[C@@H](CC(=O)NCC[NH+]3CCCCC3)c4cccc(c4OC)OC
dude_pygm__L001005,c1ccc2c(c1)ncc(n2)[N-]S(=O)(=O)c3ccc(cc3)NC(=O)[C@@H]4CCCC[C@H]4C(=O)[O-]
dude_pygm__L001006,C(c1nnc(s1)N)[NH3+]
dude_pygm__L001007,c1cc(cc(c1)N2C(=O)/C(=C/c3ccc(o3)N4CCCCC4)/C(=NC2=S)[O-])C(=O)[O-]
dude_pygm__L001008,c1cc2c(ccc3c2c(c1)C(=O)N(C3=O)CCCC(=O)[O-])[O-]
dude_pygm__L001009,COc1cc(cc(c1OC[C@@H](c2ccc3c(c2)OCO3)O)Br)C[NH2+]C4CCCC4
dude_pygm__L001010,C[C@H]1CCCCN1c2c(c(ncn2)Nc3ccc4c(c3)OCCO4)N
dude_pygm__L001011,Cn1c(nc2c1c(=O)n(c(=O)n2CCCOP(=O)([O-])[O-])CC#C)/C=C/c3cccc(c3)OC
dude_pygm__L001012,CC(=O)Nc1ccc(cc1)[N-]C2=NC(=O)/C(=C\c3ccccc3OCCC(=O)[O-])/S2
dude_pygm__L001013,c1cc(c(cc1[N-]C2=NC3=NC(=O)C=C([C@H]3S2)[O-])F)Cl
dude_pygm__L001014,Cc1c(c(nc(n1)SCC(=O)NC(=O)N[C@@H]2CCC[C@H]([C@H]2C)C)[O-])CCC(=O)[O-]
dude_pygm__L001015,c1cc(c(cc1Br)F)Oc2cc3c(cc2N)NC(=O)CC3
dude_pygm__L001016,c1cc(ccc1CC(=O)[O-])N2[C@H](C(=C(C2=O)[O-])C(=O)c3ccc(s3)Cl)c4ccc(cc4)C#N
dude_pygm__L001017,Cc1ccc(c(c1)C)[N-]C2=NC(=O)/C(=C\c3cccc(c3)O[C@@H](C)C(=O)[O-])/S2
dude_pygm__L001018,CCCc1ccc(s1)[C@H]2C(=C(O[C@H]3C2=C(N=N3)C)N)C#N
dude_pygm__L001019,CC(C)c1c(c(c(nc1c2ccccc2)C(C)C)C#C[P@@](=O)(C[C@@H](CC(=O)[O-])O)[O-])c3ccc(cc3)F
dude_pygm__L001020,c1cc(ccc1C23CC4CC(C2)CC(C4)C3)NC(=O)NCc5nnc6n5CCC6
dude_pygm__L001021,C1[C@H]([C@@H]([C@H](N1)CO)O)O
dude_pygm__L001022,C=CCn1c(nnc1SCC(=O)Nc2cc(cc(c2)C(=O)[O-])C(=O)[O-])c3ccc(cc3)F
dude_pygm__L001023,CC(C)(C)OC(=O)N1CCC[C@@H]1C(=O)NC[C@H](c2ccc(cc2)OC)c3c[nH]c4c3cccc4
dude_pygm__L001024,c1ccc(cc1)[C@@H]([C@H](c2cccc(c2)[N+](=O)[O-])C(C(=O)[O-])C(=O)[O-])[N+](=O)[O-]
dude_pygm__L001025,c1ccc(c(c1)[C@H]2C(=C(C(=O)N2c3cccc(c3)C(=O)[O-])[O-])C(=O)c4ccc(cc4)F)[N+](=O)[O-]
dude_pygm__L001026,c1ccc(cc1)c2ccc(s2)[C@@H]3C(=C(C(=O)N3c4cccc(c4)C(=O)[O-])[O-])C(=O)C5CC5
dude_pygm__L001027,C[C@]12CC[C@H](C1(C)C)C[C@H]2NC(=O)N3CCC(CC3)NC(=O)C4CCC4
dude_pygm__L001028,c1ccc(cc1)Cc2c3nc(c(n3cc(n2)c4ccc(cc4)OS(=O)(=O)[O-])[O-])Cc5ccc(cc5)O
dude_pygm__L001029,c1cc(c(cc1[N+](=O)[O-])NN)S(=O)(=O)NCc2c[nH]nc2
dude_pygm__L001030,c1ccc(cc1)C(=O)C2=C(C(=O)N([C@@H]2c3cc(cs3)Br)c4cccc(c4)C(=O)[O-])[O-]
dude_pygm__L001031,CC(=O)c1cccc(c1)NC(=O)CSCc2nc(nc(n2)N)N
dude_pygm__L001032,CC1CC[NH+](CC1)[C@H](C)CNC(=O)c2cc3n(n2)[C@H](C[C@H](N3)C4CC4)C(F)(F)F
dude_pygm__L001033,CCOc1cccc(c1)[C@H]2C3=C(C[C@H]([C@@H](C3=O)C(=O)OC)C)Nc4ccccc4N2
dude_pygm__L001034,Cc1ccc(cc1)N2C(=O)/C(=C/Nc3ccc(cc3O)[N+](=O)[O-])/C(=N2)C
dude_pygm__L001035,CCCc1nnc(n1CC(=O)[O-])Sc2cnn(c(=O)c2Cl)c3ccc(cc3)C(=O)[O-]
dude_pygm__L001036,C[C@H]1CCc2c(c(c3ccccc3n2)C(=O)O[C@@H](C)C(=O)Nc4c(ccs4)C(=O)N)C1
dude_pygm__L001037,c1cc(ccc1C(=O)N/N=C/c2c[nH]nc2c3ccc4c(c3)OCCO4)N
dude_pygm__L001038,Cc1cs/c(=N/C(=O)[C@H](C(C)C)NC(=O)[C@@H]2COc3ccccc3O2)/[nH]1
dude_pygm__L001039,c1cc(cc(c1)N2[C@H](C(=C(C2=O)[O-])C(=O)c3ccc4c(c3)OCO4)c5ccc(cc5)F)C(=O)[O-]
dude_pygm__L001040,C1CCc2c(c3c(nc(nc3s2)CN4CCO[C@@H](C4)C(=O)N)N)C1
dude_pygm__L001041,Cc1cc2c(cc1C)occ2CC(=O)O[C@H](C)C(=O)Nc3ccc(cc3)S(=O)(=O)NC(C)C
dude_pygm__L001042,C1CC[C@@H]([C@H](C1)C(F)(F)F)NC(=O)N2CCC(CC2)NC(=O)C3CCC3
dude_pygm__L001043,CS(=O)(=O)[N-]c1ccc(c(c1)F)S(=O)(=O)[N-]c2cccc(c2F)F
dude_pygm__L001044,Cc1c(c(n(n1)c2ccc(cc2)Cl)[O-])/C=C/3\C(=C(C(=O)N(C3=O)CC(=O)[O-])C#N)C
dude_pygm__L001045,Cc1c(c(n2c(n1)cc(=O)[nH]2)C)CC(=O)NC3[C@H](CCC[C@@H]3C)C
dude_pygm__L001046,CN(CC(=O)Nc1cccc(c1)F)C(=O)c2ccc3c(c2)nc(=S)[nH]c3[O-]
dude_pygm__L001047,CN\1C(=O)/C(=C\c2ccccc2OCc3ccc(cc3)C(=O)[O-])/S/C1=N\c4cccc(c4)C(=O)[O-]
dude_pygm__L001048,CCN(CC)c1ccc(c(c1)O)/C=C\2/C(=O)NN(C2=O)c3ccc(c(c3)Cl)C
dude_pygm__L001049,c1cc(c(cc1Br)Br)[N-]S(=O)(=O)c2cnn(c2)CC(=O)[O-]
dude_pygm__L001050,CC(C)(C)C(=O)Nc1cc(cc(c1)NC(=O)C(C)(C)C)C(=O)NC[C@@H]2CCCO2
dude_pygm__L001051,Cc1c(c(c(nc1c2ccccc2)C3CC3)/C=C/[P@@](=O)(C[C@@H](CC(=O)[O-])O)[O-])c4ccc(cc4)F
dude_pygm__L001052,COc1ccc(c(c1)[N+](=O)[O-])c2ccc(o2)/C=C/3\C(=O)N(C(=S)S3)[C@H](CC(=O)[O-])C(=O)[O-]
dude_pygm__L001053,COc1ccc(cc1)N2C(=O)/C(=C/c3ccc(cc3)OCc4ccc(cc4)C(=O)[O-])/N=C2[S-]
dude_pygm__L001054,C1[C@@H](CC(C[C@H]1[NH3+])C(=O)[O-])[NH3+]
dude_pygm__L001055,Cc1c(c(nc(n1)SCC(=O)NC2CCCCCC2)[O-])CCC(=O)[O-]
dude_pygm__L001056,C[C@@H]1CC[C@@H](CN1c2c3c(csc3ncn2)c4ccccc4)C(=O)N
dude_pygm__L001057,Cc1cc(nc(n1)SCc2nc(no2)c3cccc(c3)Br)N
dude_pygm__L001058,Cc1ccc(cc1)NS(=O)(=O)c2ccc3c(c2)NC(=O)C[C@H](S3)C
dude_pygm__L001059,c1ccc(cc1)/C=C/2\C(=O)N(c3cc(ccc3O2)N)C[C@@H](CO)O
dude_pygm__L001060,Cc1ccc(cc1)C(=O)C2=C(C(=O)N([C@@H]2c3ccc4c(c3)OCO4)CCCC(=O)[O-])[O-]
dude_pygm__L001061,Cc1c2cc(c(nc2n(n1)C)C)C(=O)NC[C@@H](c3ccccc3)c4c[nH]c5c4cccc5
dude_pygm__L001062,c1cc(ccc1/C=C\2/C(=O)N(C(=S)S2)[C@@H](CC(=O)[O-])C(=O)[O-])Br
dude_pygm__L001063,Cc1ccc(cc1c2ccc(o2)/C=C/3\C(=NC(=S)N(C3=O)c4ccc(cc4)Br)[O-])C(=O)[O-]
dude_pygm__L001064,C=C(CC(=O)[O-])C(=O)Nc1ccc(cc1)S(=O)(=O)NC2CCCCC2
dude_pygm__L001065,c1ccc(c(c1)c2nnnn2c3cc(ccc3F)Br)N
dude_pygm__L001066,C[C@]12CCC[C@@H]1[C@@H]3CC[C@@H]([C@@]([C@@H]3CC2)(C)CCC(=O)[O-])CCC(=O)[O-]
dude_pygm__L001067,c1cc(c(cc1[N+](=O)[O-])/C=N/[C@H]2CCCC[C@@H]2/N=C/c3cc(ccc3[O-])[N+](=O)[O-])[O-]
dude_pygm__L001068,CCC1=C([C@@]2(c3ccccc3NC2=O)C(=C(O1)N)C#N)C(=O)OCC
dude_pygm__L001069,Cc1ccc(cc1C)/N=C/2\NC(=O)/C(=C\c3cc(n(c3C)c4cc(cc(c4)C(=O)[O-])C(=O)[O-])C)/S2
dude_pygm__L001070,C[C@@H]1CCc2c(cc(s2)C(=O)NNS(=O)(=O)c3cccc(c3)C(=O)[O-])C1
dude_pygm__L001071,CC1(CC(=C2[C@H](c3c(nc(nc3[O-])SCc4ccc(cc4)[N+](=O)[O-])N=C2C1)c5ccc(cc5)O)[O-])C
dude_pygm__L001072,Cc1cc(c(c(c1)O)c2c3c([nH]n2)C(=O)N([C@H]3c4ccc(cc4)OC)CC=C)C
dude_pygm__L001073,COc1cc(cc(c1O)Br)/C=N/Nc2cn[nH]c(=O)c2Cl
dude_pygm__L001074,CCCc1nc2c(c(c(s2)C(=O)[O-])C)c(=O)n1[C@@H](CC)C(=O)[O-]
dude_pygm__L001075,Cc1ccc(cc1)[N-]C2=NC(=O)/C(=C\c3ccccc3OCCC(=O)[O-])/S2
dude_pygm__L001076,Cc1ccc(c(c1)O)[N-]C2=NC(=O)/C(=C/c3ccc(cc3)O[C@@H](C)C(=O)[O-])/S2
dude_pygm__L001077,CN(Cc1ccccc1F)c2ccc(cn2)C(=[NH2+])N
dude_pygm__L001078,C[C@@H]1CCCCN1C(=O)[C@H](C)NC(=O)Nc2ccc(cc2)OC3CCCC3
dude_pygm__L001079,C[C@H]1CCC[C@H]([C@@H]1C)NC(=O)CSc2nnc(n2N)C3CCCCC3
dude_pygm__L001080,C[C@@H]1CCCC[C@H]1N(c2nnc(s2)[S-])S(=O)(=O)c3cc(cc(c3OC)OC)/C=C/C(=O)[O-]
dude_pygm__L001081,C[C@@H](C(=O)Nc1ccnn1C(C)C)Sc2nnc3n2c4ccccc4[nH]3
dude_pygm__L001082,Cc1c(c(c(cn1)COP(=O)([O-])[O-])/C=N/Nc2ccc3ccccc3n2)O
dude_pygm__L001083,CCCOc1ccc(cc1)/C=C\2/C(=O)N=C(S2)[N-]c3cc(cc(c3)C(=O)[O-])C(=O)[O-]
dude_pygm__L001084,C[C@@H]1C(=C(NN1c2ccccc2)C)S(=O)(=O)NCCC3=c4cc(ccc4=[NH+]C3)Cl
dude_pygm__L001085,CCOC(=O)c1cnn(c1N)c2c3c4c(sc3nc(n2)C)C[C@@H](CC4)C
dude_pygm__L001086,c1ccc(cc1)C2=NN=C3[C@H]2[C@@H](C(=C(O3)N)C#N)c4ccc(s4)Br
dude_pygm__L001087,CC(C)(C)c1ncc(cn1)[N-]S(=O)(=O)c2cc(c3c(c2)OCCO3)C(=O)[O-]
dude_pygm__L001088,COc1cc(ccc1O)c2cc(=O)c3c(o2)cc(c(c3O)OC)O
dude_pygm__L001089,c1cc(ccc1C[C@@H]2C(=O)N/C(=N\N=C\c3ccc(cc3O)O)/S2)SC(F)F
dude_pygm__L001090,CC[C@H](c1nc[nH]n1)[NH3+]
dude_pygm__L001091,c1ccc2c(c1)c(nc(n2)C(F)(F)F)SCC(=O)Nc3c(c4c(s3)CCC4)C(=O)N
dude_pygm__L001092,CCOc1cc(ccc1OCC(=O)[O-])/C=C/2\C(=O)N=C(S2)[N-]c3cccc(c3)O
dude_pygm__L001093,CCOc1cc(cc(c1[O-])[N+](=O)[O-])/C=C/2\C(=NC(=O)N(C2=O)c3ccc(cc3)C(C)C)[O-]
dude_pygm__L001094,CCC(CC)CNC(=O)[C@@H]1CN(CC12CC[NH2+]CC2)C(=O)c3cc(c(c(c3)Cl)OC)Cl
dude_pygm__L001095,Cc1ccc(cc1)c2ccc(o2)[C@@H]3c4c([nH]c(=O)[nH]c4=O)NC5=C3C(=O)CCC5
dude_pygm__L001096,C[C@@H](c1cccc(c1)O)N(C)C(=O)Nc2cccc(c2)c3nnnn3C
dude_pygm__L001097,c1cc(c(nc1)Cl)S(=O)(=O)[N-]c2nnc(s2)SCC(=O)[O-]
dude_pygm__L001098,c1ccc(cc1)n2c(nnc2SCC(=O)Nc3ccc(cc3)N4CCCC4=O)c5c[nH]c6c5cccc6
dude_pygm__L001099,Cc1cc(ccc1c2ccc(o2)/C=C\3/C(=NC(=O)N(C3=O)c4cccc(c4)Br)[O-])C(=O)[O-]
dude_pygm__L001100,C[NH+]1CCc2c(sc3c2C(=N[C@H](N3)c4ccc(c(c4)OC)OC(=O)c5ccc(cc5)OC)O)C1
dude_pygm__L001101,Cc1ccc(s1)[C@@H]2C(=C(C(=O)N2c3cccc(c3)C(=O)[O-])[O-])C(=O)c4ccco4
dude_pygm__L001102,c1ccn(c1)[C@H]2Nc3ccc(cc3S2)C(=O)NC4=CC5=CC=N[C@H]5C=C4
dude_pygm__L001103,CC[C@H](C(=O)[O-])Oc1cccc(c1)/C=C\2/C(=O)N(/C(=N/c3ccc(c(c3)O)C(=O)[O-])/S2)C
dude_pygm__L001104,Cc1c2ccc3ccccc3c2oc1C(=O)N(C)[C@@H](C)c4ccc(cc4)S(=O)(=O)N
dude_pygm__L001105,CC1=C([C@@H](n2c(ncn2)N1)c3ccc(cc3)O)C(=O)N4CCCCC4
dude_pygm__L001106,CCS(=O)(=O)[N-]c1ccc(cc1)[N-]S(=O)(=O)c2cccc(c2F)Cl
dude_pygm__L001107,c1c(c(cc2c1OCCCO2)Br)[C@@H](c3c[nH]nc3)O
dude_pygm__L001108,CC[C@@H](C(=O)[O-])Oc1ccc(cc1OCC)/C=C/2\C(=O)N=C(S2)[N-]c3cccc(c3)Cl
dude_pygm__L001109,C[C@@H](c1cccc(c1)Br)Nc2c3c([nH]cn3)ncn2
dude_pygm__L001110,Cc1ccc(cc1S(=O)(=O)[N-]c2ccc(cc2C(F)(F)F)NC(=O)C)C(=O)[O-]
dude_pygm__L001111,c1cc(cc(c1)N2[C@@H](C(=C(C2=O)[O-])C(=O)c3ccc(cc3)F)c4ccc(cc4)Br)C(=O)[O-]
dude_pygm__L001112,CC[C@@H](C(=O)[O-])Oc1ccc(cc1OC)/C=C/2\C(=O)N=C(S2)[N-]c3ccc(cc3)Br
dude_pygm__L001113,c1cc(ccc1N2C(=O)/C(=C/c3ccc(c(c3)Br)OCC(=O)[O-])/C(=NC2=O)[O-])O
dude_pygm__L001114,C1CS(=O)(=O)C[C@H]1[NH2+]N
dude_pygm__L001115,Cc1ccc(cc1[N-]S(=O)(=O)C)NC(=O)Cc2c(nc(s2)[S-])C
dude_pygm__L001116,Cc1ccc(c(c1)C)NC(=O)NC(=O)[C@@H](C)Sc2c3c(ccs3)ncn2
dude_pygm__L001117,COc1cc(ccc1N)N2CCn3c4ccc(cc4nc3C2)Cl
dude_pygm__L001118,CCOc1ccc(cc1)N2C(=O)/C(=C\c3ccc(o3)c4ccc(cc4)C(=O)[O-])/C(=NC2=S)[O-]
dude_pygm__L001119,CCOC(=O)c1ccc(cc1)[N-]C2=NC(=O)/C(=C\c3ccc(cc3)OCC(=O)[O-])/S2
dude_pygm__L001120,C/C(=C\c1ccccc1)/C=C\2/C(=O)N(C(=S)S2)c3cc(cc(c3)C(=O)[O-])C(=O)[O-]
dude_pygm__L001121,c1ccc(cc1)C(=O)N/C(=C/c2cccs2)/C(=O)N/N=C/C3=c4ccccc4=[NH+]C3
dude_pygm__L001122,CS(=O)(=O)c1c(cc(cc1F)NC(=O)NC2(CCC2)c3ccccc3)F
dude_pygm__L001123,Cc1ccccc1NC(=O)NCCc2csc3n2nc(n3)c4ccccc4F
dude_pygm__L001124,C[C@@H]1CCc2c(cc(s2)C(=O)NNC(=O)N3C[C@H](O[C@H](C3)C)C)C1
dude_pygm__L001125,Cc1c(c(on1)/C=C/c2ccc(s2)S(=O)(=O)N[C@H]3CCCc4c3cccc4)NC(=O)C5CC5
dude_pygm__L001126,C[C@@]1(C(=O)N(C(=O)N1)C[C@H](COc2ccc(cc2)Br)O)c3ccc4cc(ccc4c3)OC
dude_pygm__L001127,Cc1ccc(cc1)c2csc3c2c(ncn3)N4C[C@@H](CC[C@@H]4C)C(=O)N
dude_pygm__L001128,c1cc(oc1)C(=O)C2=C(C(=O)N([C@H]2c3ccsc3)c4nc5ccc(cc5s4)C(=O)[O-])[O-]
dude_pygm__L001129,C[C@@H](C(=O)[O-])Oc1ccc(cc1)/C=C\2/C(=NC(=O)N(C2=O)c3ccc(cc3)Br)[O-]
dude_pygm__L001130,CCc1ccccc1NC(=O)CN(C)C(=O)CSc2nc(c(c(n2)[O-])CCC(=O)[O-])C
dude_pygm__L001131,CCOc1ccc(cc1)N2C(=O)/C(=C/c3ccc(cc3)OCc4ccc(cc4)C(=O)[O-])/C(=O)N=C2[O-]
dude_pygm__L001132,CCCc1cc(nc(n1)S[C@@H](C)/C(=N/c2nnc(s2)C)/[O-])[O-]
dude_pygm__L001133,C=CCNc1nnc(s1)SCC(=O)Nc2cc(cc(c2)C(=O)[O-])C(=O)[O-]
dude_pygm__L001134,c1ccc(cc1)c2cn(nc2N)S(=O)(=O)c3ccc(c(c3)Cl)F
dude_pygm__L001135,CCOc1ccc(cc1OCC)/C=C\2/c3c(c(c(nc3C(=C2C)C#N)N)C#N)C
dude_pygm__L001136,C1CCC2=C(C1)[C@@H]3C(=N2)N=C(N=C3SCC(=O)[O-])SCC(=O)[O-]
dude_pygm__L001137,C[C@@H](CCc1ccc(cc1)OC)NC(=O)[C@@H]2CN(CC23CC[NH2+]CC3)C(=O)c4cccc(c4)N(C)C
dude_pygm__L001138,CCOc1cc(ccc1O)[C@@H]2c3c(nc(nc3[O-])SCc4ccc(cc4)[N+](=O)[O-])N=C5C2=C(CCC5)[O-]
dude_pygm__L001139,CCCN(CCC)c1ccc(cc1[N-]S(=O)(=O)c2cc(ccc2C)F)C(=O)[O-]
dude_pygm__L001140,C/C(=N/NC(=O)[C@@H]1C=C(N=N1)c2ccc(c(c2)Cl)Cl)/c3cccc(c3)O
dude_pygm__L001141,Cc1c(nc(nn1)N/N=C(\C)/c2ccc(cc2)S(=O)(=O)NCc3ccc(cc3)C(=O)[O-])[O-]
dude_pygm__L001142,CCCn1c(cc(n1)C)CN(C)c2ccc(cc2C(=O)[O-])[N-]S(=O)(=O)c3ccc(s3)Cl
dude_pygm__L001143,CCOC(=O)C1=C(c2cc3c(cc2C1)C(=C(C3)C(=O)OCC)[O-])[O-]
dude_pygm__L001144,c1c(cncc1Br)S(=O)(=O)N[C@H]2CCCC[C@H]2O
dude_pygm__L001145,c1ccc(c(c1)[C@@H](c2c(n3c(s2)nc(n3)c4ccco4)O)[NH+]5CCN(CC5)CCO)Cl
dude_pygm__L001146,CCOc1cc(cc(c1O)[N+](=O)[O-])[C@@H]2CC(=O)NC3=C2C(=O)CC(C3)(C)C
dude_pygm__L001147,Cc1cc(nc(n1)n2c(cc(n2)c3ccccc3Br)N)C
dude_pygm__L001148,c1cc(c(cc1N)c2nnnn2c3ccc(c(c3)Cl)Cl)Cl
dude_pygm__L001149,CC1=C[C@H]([C@H]2[C@@H](C1)C(=O)c3c(ccc(c3C2=O)O)O)OC(C)(C)C
dude_pygm__L001150,CC(C)n1cc(cc1C(=O)[O-])S(=O)(=O)[N-]c2ncc(s2)Br
dude_pygm__L001151,c1ccc(c(c1)OCC(=O)[O-])[P@@](=O)(N(C[C@@H]2CCC=CC2)C[C@@H]3CCCO3)[O-]
dude_pygm__L001152,c1ccc(c(c1)C2=NN=C3[C@H]2[C@@H](C(=C(O3)N)C#N)c4cc(ccc4F)F)Cl
dude_pygm__L001153,CCOC(=O)c1ccc(cc1)/N=N/c2c(c(c(nc2[O-])[O-])C#N)C
dude_pygm__L001154,CSc1ccc(cc1)[C@@H]2C(=C(C(=O)N2c3nc4ccc(cc4s3)C(=O)[O-])[O-])C(=O)c5ccco5
dude_pygm__L001155,c1ccc(c(c1)[N-]S(=O)(=O)c2cccc(c2)NC(=O)[C@H]3CC=CC[C@H]3C(=O)[O-])F
dude_pygm__L001156,Cc1ccc(cc1[N-]C2=NC(=O)/C(=C\c3ccc(o3)c4ccc(cc4)[N+](=O)[O-])/S2)C(=O)[O-]
dude_pygm__L001157,Cc1c(c(nc(n1)SCc2nc(no2)c3ccccc3OC)[O-])CCC(=O)[O-]
dude_pygm__L001158,c1cc2c(cc1C(=O)[O-])sc(n2)N3[C@@H](C(=C(C3=O)[O-])C(=O)C4CC4)c5cc6c(c(c5)Cl)OCO6
dude_pygm__L001159,CCNC(=O)C1=C(N(C(=C(C1c2ccccc2Cl)C(=O)O)C(=O)O)CC)C
dude_pygm__L001160,c1cc(cc(c1)N2[C@H](C(=C(C2=O)[O-])C(=O)c3ccc(s3)Cl)c4cccs4)C(=O)[O-]
dude_pygm__L001161,COc1ccc(cc1)c2ccc(o2)/C=C\3/C(=O)N(C(=S)S3)[C@@H](CCC(=O)[O-])C(=O)[O-]
dude_pygm__L001162,CCCCN(CC)c1ccc(cc1C(=O)[O-])[N-]S(=O)(=O)c2ccc(s2)Br
dude_pygm__L001163,c1cc2c(ccn2CC(=O)NCCc3ccc(cc3)S(=O)(=O)N)c(c1)Br
dude_pygm__L001164,CC(C)Sc1nc2c(c(n1)[O-])[C@@H](C3=C(CC(CC3=N2)(C)C)[O-])c4ccc(c(c4)[N+](=O)[O-])O
dude_pygm__L001165,C[C@H](C(=O)Nc1cccc(c1)Br)Sc2nc(c(nn2)CCC(=O)[O-])[O-]
dude_pygm__L001166,c1cc2c(cc1NS(=O)(=O)c3ccc(cc3N)F)CCC2
dude_pygm__L001167,CC1(Cc2c(sc3c2c(nc(n3)SCC(=O)N)N4CC[NH+](CC4)Cc5ccc(cc5)Cl)CO1)C
dude_pygm__L001168,Cc1c2c(n[nH]1)NC(=O)[C@]23c4cc(ccc4-c5c3nc(o5)N)Br
dude_pygm__L001169,CCc1cccc2c1[nH]cc2C(=O)CN3C(=O)[C@]4(CCCc5c4cccc5)NC3=O
dude_pygm__L001170,c1cc(ccc1C(=O)[O-])S(=O)(=O)[N-]c2cc(c(cc2F)F)c3nnc4n3CCCCC4
dude_pygm__L001171,CC1=C[C@H](N=N1)[C@H]2NN[C@@H]3N2N=C(S3)c4ccc(cc4)N(C)C
dude_pygm__L001172,c1ccc(cc1)N2CCN3c4ccc(cc4CC5([C@@H]3C2)C(=O)NC(=O)NC5=O)N
dude_pygm__L001173,c1cc2c(cc1C(=O)N/N=C\c3cc(ccc3Cl)[N+](=O)[O-])[nH]cn2
dude_pygm__L001174,COC(=O)NC(=O)c1c2c(sc1NC(=O)c3ccc(s3)Cl)CCCCC2
dude_pygm__L001175,CCS(=O)(=O)c1ccc2c(c1)nc(o2)c3ccc(c(c3)C)N
dude_pygm__L001176,c1ccc2c(c1)c(c(s2)C(=O)NCC(=O)OCC(=O)Nc3ccc(cc3)N4CCCC4)Cl
dude_pygm__L001177,C[C@@H]1CC[C@H](CN1C(=O)/C=C/c2ccc(o2)Br)C(=O)N
dude_pygm__L001178,CN(C)c1ccc2c(c1)n(c-3nc(=O)[nH]c(=O)c3n2)C[C@H]([C@@H]([C@@H](CO)O)O)O
dude_pygm__L001179,Cc1cc(n2c(nnc2n1)c3cc(cc(c3N)Br)Br)C
dude_pygm__L001180,c1cc2c(c(c1)F)N(CCC2)S(=O)(=O)c3ccc4c(c3)NC(=O)CC(=O)N4
dude_pygm__L001181,c1ccc(c(c1)c2ccc(o2)/C=C\3/C(=O)N(C(=S)S3)[C@H](CC(=O)[O-])C(=O)[O-])F
dude_pygm__L001182,Cc1cccc(c1C)N2C(=O)/C(=C/c3ccc(o3)c4cccc(c4)C(=O)[O-])/C(=NC2=S)[O-]
dude_pygm__L001183,C[C@@H]1CC[C@H](C(=O)[C@@H]1[C@@]2(C(=C(CC2(C#N)C#N)C=O)N)C#N)C(C)C
dude_pygm__L001184,CC1(CC2=C([C@H](C3=C(N2)c4ccccc4C3=O)c5ccc(c(c5)OC)O)C(=O)C1)C
dude_pygm__L001185,Cc1c(c(nc(n1)SCC(=O)NC(=O)N[C@@H]2CCC[C@@H]([C@@H]2C)C)[O-])CCC(=O)[O-]
dude_pygm__L001186,CC(C)Sc1cccc(c1)C(=O)Nc2c(c3c(s2)CN(CC3)C(=O)C)C(=O)N
dude_pygm__L001187,Cc1ccc(cc1Cl)c2ccc(o2)/C=C\3/C(=O)N(C(=S)S3)[C@H](CCC(=O)[O-])C(=O)[O-]
dude_pygm__L001188,C[C@H](c1ccc(cc1)Cl)NS(=O)(=O)c2c(cccc2F)N
dude_pygm__L001189,C1CCc2c(c(c(s2)NC(=O)[C@H]3CC=CC[C@@H]3C(=O)[O-])C(=O)NC4CC4)C1
dude_pygm__L001190,CCCCN(C)c1ccc(cc1[N-]S(=O)(=O)c2ccc(s2)Br)C(=O)[O-]
dude_pygm__L001191,Cc1cc(c(n1c2cc(cc(c2)C(=O)[O-])C(=O)[O-])C)/C=N/c3ccc4c(c3)cccn4
dude_pygm__L001192,CC(C)Oc1ccc(cc1)[C@@H]2c3c(nn(c3NC(=O)CS2)C4CCCC4)O
dude_pygm__L001193,CC(C)(C)OC(=O)N1CCC2(CC1)C(=C(SC(=C2C#N)N)N)C#N
dude_pygm__L001194,C[C@H]1CC[C@@H](CN1S(=O)(=O)c2cc(ccc2F)N)C(=O)N
dude_pygm__L001195,CCOc1ccc(cc1)N2[C@H](C=C([C@@H]2C)C(=O)CSc3nc(c(nn3)CCC(=O)[O-])[O-])C
dude_pygm__L001196,CCCCC1=NN=C2[C@H]1[C@]3(c4ccccc4N(C3=O)CC=C)C(=C(O2)N)C#N
dude_pygm__L001197,CC1=C(C(C(=C(N1Cc2ccc(c(c2)OC)OC)C(=O)O)C(=O)O)c3ccccc3Cl)C(=O)OC(C)C
dude_pygm__L001198,Cn1c2ccccc2nc(c1=O)Nc3ccc(cc3)NC(=O)c4ccon4
dude_pygm__L001199,C/C(=N\NC(=O)[C@@H]1[C@@H](CNC1=O)c2ccccc2)/c3cc(cs3)[N+](=O)[O-]
dude_pygm__L001200,Cc1cc(c(n1c2cc(cc(c2)C(=O)[O-])C(=O)[O-])C)/C=C(\C#N)/C(=O)Nc3ccc(c(c3)Cl)Cl
dude_pygm__L001201,c1ccc(c(c1)C2=N/C(=C\Nc3ccc(cc3)O)/C(=O)O2)Br
dude_pygm__L001202,CCOC(=O)c1c(c([nH]c1C)NC(=O)Nc2ccccc2Br)C
dude_pygm__L001203,CCOc1ccc(cc1)[N-]S(=O)(=O)c2cc(ccc2Cl)C(=O)Nc3nc([n-]n3)C(F)(F)F
dude_pygm__L001204,CCCCn1c2ccc(cc2nc1CSc3nccn3c4cccc(c4)OC)S(=O)(=O)N
dude_pygm__L001205,CC\1=NN(C(=O)/C1=C\c2ccc(cc2O)O)c3ccc(cc3)Cl
dude_pygm__L001206,c1ccc(cc1)C[NH+]2CC[C@H](C2)NC(=O)CSc3[nH]c(=O)c4c5c(sc4n3)CCCC5
dude_pygm__L001207,Cc1cccc(c1C)NC(=O)C(=O)N/N=C/c2cccc(c2)Br
dude_pygm__L001208,Cc1ccsc1[C@@H]2C(=C(C(=O)N2c3ccc(cc3)CC(=O)[O-])[O-])C(=O)c4ccccc4F
dude_pygm__L001209,Cc1c(c(n(n1)Cc2ccccc2)Cl)[C@H]3Nc4ccccc4C(=O)N3
dude_pygm__L001210,Cc1cc(c(c(=O)[nH]1)[C@@H](Cc2ccccc2)[C@@H]3C(=CC(=NC3=O)C)[O-])[O-]
dude_pygm__L001211,c1ccc(c(c1)[C@H]2C(=C(C(=O)N2c3cccc(c3)C(=O)[O-])[O-])C(=O)c4ccccc4F)Br
dude_pygm__L001212,CCC(CC)NC(=O)CSc1nc(c(c(n1)[O-])CCC(=O)[O-])C
dude_pygm__L001213,C1=C([NH+]=C(C2=NN=N[C@@H]21)N)N
dude_pygm__L001214,c1ccc(cc1)[C@H]2CC3=C([C@H](C(=C(O3)N)C#N)c4ccco4)C(=O)C2
dude_pygm__L001215,CC[C@H](C)NC(=O)[C@H]1CCCN(C1)c2[nH]c(=O)c3c(n2)c(cs3)c4ccccc4
dude_pygm__L001216,CC[C@H](C(=O)[O-])Oc1cccc(c1)/C=C\2/C(=O)N(/C(=N/c3ccc(cc3)C(=O)[O-])/S2)C
dude_pygm__L001217,Cc1cccc(c1C)NC(=S)/N=C(\NC[C@H]2CCCO2)/Nc3nc(cc(n3)C)C
dude_pygm__L001218,CC(C)C[C@@H](C(=O)[O-])N1C(=O)/C(=C/c2ccc(cc2)OCCC(=O)[O-])/SC1=S
dude_pygm__L001219,Cc1cc(ccc1OC)C=C2c3c(c(c(nc3C(=C2C)C#N)N)C#N)C
dude_pygm__L001220,CCS(=O)(=O)Nc1ccc(cc1C)N[C@@H](C)C(=O)NC(=O)N
dude_pygm__L001221,c1ccc(cc1)[C@@H]2c3cc4ccccc4c(c3OC(=C2C#N)N)O
dude_pygm__L001222,COc1ccnc(c1)C(=O)Nc2cc3ccccc3cc2Oc4ccc(c(c4)C(=O)O)C(=O)O
dude_pygm__L001223,CC[C@@H](C(=O)[O-])Oc1ccc(cc1)/C=C/2\C(=O)N=C(S2)[N-]c3ccc(cc3)Br
dude_pygm__L001224,c1cc(cc(c1)OCC(=O)[O-])[N-]S(=O)(=O)c2ccc(cc2)[N+](=O)[O-]
dude_pygm__L001225,c1cc(c(cc1N2CCOCC2)C(=O)[O-])NS(=O)(=O)c3ccc(c(c3)C(=O)[O-])Br
dude_pygm__L001226,CC(C)C1=C[C@@H](N=N1)[C@H]2NN[C@@H](O2)c3ccccc3Br
dude_pygm__L001227,Cc1cc(ccc1[C@H](C[NH3+])N)N(C)C
dude_pygm__L001228,CC[C@H]([C@H](c1ccc(s1)C)N2CCNC(=O)C2)[NH3+]
dude_pygm__L001229,COc1ccc(cc1NS(=O)(=O)c2ccc(cc2)F)NC(=O)CCC3=c4ccccc4=[NH+]C3
dude_pygm__L001230,C[C@@H](C(=O)[O-])Oc1ccc(cc1OC)/C=C/2\C(=O)N=C(S2)[N-]c3ccc(cc3)NC(=O)C
dude_pygm__L001231,CN(C)c1ccc(cc1[N+](=O)[O-])/C=C(/c2nc3cc(ccc3c(n2)[O-])C(=O)[O-])\Cl
dude_pygm__L001232,CCn1c2ccc(cc2c3c1ccc(c3)CCCC(=O)[O-])CCCC(=O)[O-]
dude_pygm__L001233,Cc1ccc(nc1)[N-]S(=O)(=O)c2ccc(cc2Br)C(=O)[O-]
dude_pygm__L001234,CSc1ccc(cc1)/C=N/OCC(=O)Nc2cccc(c2)S(=O)(=O)/N=C/3\CCCCCN3
dude_pygm__L001235,C1CC(CCC1CC2CCC(CC2)NC(=O)[C@H]3[C@H]4C[C@@H]([C@H]3C(=O)[O-])C=C4)NC(=O)[C@@H]5[C@@H]6C[C@H]([C@@H]5C(=O)[O-])C=C6
dude_pygm__L001236,Cc1c(c(nc(n1)S[C@H](C)C(=O)NCCC2=CCCCC2)[O-])CCC(=O)[O-]
dude_pygm__L001237,COc1ccc2c(c1)sc(n2)n3c4c(cn3)[C@@H](CC(=O)N4)c5ccc(cc5)O
dude_pygm__L001238,C=CCc1cc(ccc1OCC(=O)[O-])/C=C/2\C(=NC(=O)N(C2=O)c3cccc(c3)Br)[O-]
dude_pygm__L001239,CSc1ccc(cc1)[C@H]2c3cc4c(cc3OC(=C2C#N)N)OCO4
dude_pygm__L001240,C[C@H]1C(=O)Nc2cc(ccc2O1)NC(=O)/C=C/c3ccc(cc3)OC(F)F
dude_pygm__L001241,CCOc1cc(ccc1OC(=O)c2ccc(cc2)C)[C@@H]3Nc4c(c5c(s4)C[NH+](CC5)C)C(=N3)O
dude_pygm__L001242,Cc1cc(c(n1c2cc(cc(c2)C(=O)[O-])C(=O)[O-])C)/C=C\3/C(=NN(C3=O)c4ccccc4)C
dude_pygm__L001243,Cc1c(sc2c1c(=O)[nH]c(n2)[C@@H](C)Nc3ccc4c(c3)sc(n4)C)C
dude_pygm__L001244,c1c(ncs1)/C(=[NH+]\N)/N
dude_pygm__L001245,Cc1c(c(nc(n1)SCC(=O)C2=C[C@H](N([C@H]2C)c3ccccc3)C)[O-])CCC(=O)[O-]
dude_pygm__L001246,c1cc(c(cc1Br)N)n2c(nnn2)C3CCCCC3
dude_pygm__L001247,c1ccc(c(c1)CC(=O)NNC(=O)C23CC4CC(C2)CC(C4)C3)[N+](=O)[O-]
dude_pygm__L001248,c1cc(ccc1[C@@H]2C(=C(C(=O)N2CCCCCC(=O)[O-])[O-])C(=O)c3ccc(cc3)Br)F
dude_pygm__L001249,CCC1CCC(CC1)CNC(=O)[C@H]2C[NH2+]CCN2
dude_pygm__L001250,Cc1cc(cc(c1C)S(=O)(=O)[N-]c2cc(c(cc2F)F)C(=O)[O-])[N+](=O)[O-]
dude_pygm__L001251,c1cc(c(c(c1)O)O)C[NH2+][C@H]2CCN(C2)C3CC3
dude_pygm__L001252,Cc1ccc(cc1S(=O)(=O)Nc2cc(ccc2[O-])S(=O)(=O)N3CCOCC3)C(=O)[O-]
dude_pygm__L001253,CCOC(=O)c1cnn(c1N)c2c3cc(sc3ncn2)c4ccccc4
dude_pygm__L001254,C[C@H]1CCCC[C@]12C(=O)N(C(=O)N2)CC(=O)Nc3ccccc3Sc4ccccc4
dude_pygm__L001255,COc1ccc(cc1)c2c3c(sc2C(=O)[O-])[C@@H](CC(=O)N3)c4ccc(cc4)C(=O)[O-]
dude_pygm__L001256,c1ccc2c(c1)c(c(c(=O)o2)C(c3ccc(cc3)[N+](=O)[O-])c4c(c5ccccc5oc4=O)[O-])[O-]
dude_pygm__L001257,c1cc(c(cc1Br)F)[N-]S(=O)(=O)c2ccc(s2)C(=O)[O-]
dude_pygm__L001258,CC1=C[C@@H](N=N1)C(=O)N[C@H]2CCC[C@@H]3C2=CNN3c4ccc(cc4)C(C)(C)C
dude_pygm__L001259,c1cc(c(cc1C(=O)[O-])c2ccc(o2)/C=C/3\C(=O)N(C(=S)S3)CC(=O)[O-])Cl
dude_pygm__L001260,C1CC(C1)C(=O)NC2CCN(CC2)C(=O)NC34CC5CC(C3)CC(C5)C4
dude_pygm__L001261,Cc1c(sc(c1C(=O)[O-])NC(=O)CCCCC(=O)Nc2c(c(c(s2)C)C)C(=O)[O-])C
dude_pygm__L001262,CCc1ccc(cc1)N2C(=O)/C(=C/c3cc(n(c3C)c4ccc(c(c4)Cl)C(=O)[O-])C)/C(=NC2=S)[O-]
dude_pygm__L001263,CCc1ccc(cc1)[N-]C2=NC(=O)/C(=C\c3cccc(c3)O[C@H](CC)C(=O)[O-])/S2
dude_pygm__L001264,CC[C@@H](/C(=N/c1nnc(s1)C)/[O-])Sc2nc3c(c(n2)[O-])CCC3
dude_pygm__L001265,C(C[NH3+])C(=O)NN
dude_pygm__L001266,c1cc(ccc1/C=C\2/C(=O)N(C(=S)S2)c3ccc(c(c3)C(=O)[O-])O)OCC(=O)[O-]
dude_pygm__L001267,Cc1cc(nc2c1c(c(o2)C(=O)c3cc(n(c3C)c4ccc(cc4)F)C)N)C
dude_pygm__L001268,c1ccc2cc(c(cc2c1)NC(=O)c3cc(ccn3)N(=O)=O)Oc4ccc(c(c4)C(=O)O)C(=O)O
dude_pygm__L001269,c1cc(ccc1S(=O)(=O)Nc2cc(ccc2N)[N+](=O)[O-])Cl
dude_pygm__L001270,Cc1c2c(ncnc2sc1C(=O)NCc3cccc(c3OC)OC)NC[C@H]4C[C@H]5C[C@@H]4C=C5
dude_pygm__L001271,CCC[NH+](CC(=O)Nc1cccc2c1cccn2)CC(=O)Nc3ccc(c(c3F)F)F
dude_pygm__L001272,CC(C)C1=NN=C2[C@@H]1[C@H](C(=C(O2)N)C#N)c3cc4c(cc3Cl)OCO4
dude_pygm__L001273,c1cc(c(cc1/C=C/2\C(=NC(=S)N(C2=O)c3ccc(c(c3)Cl)Cl)[O-])Cl)OCC(=O)[O-]
dude_pygm__L001274,c1ccc2=[NH+]CC(=c2c1)CCNC(=O)[C@H]3[C@@H]([C@@H]4N=C(C=C(N4N3)C(F)(F)F)c5cccs5)Cl
dude_pygm__L001275,CC(C)C[C@@H](C(=O)NCCc1ccccc1F)N2C(=O)[C@@]3(c4c(c5ccccc5[nH]4)CCN3C2=O)C
dude_pygm__L001276,CC[C@@H]1CCCCN1C(=O)CSc2nc(c(c(n2)[O-])CCC(=O)[O-])C
dude_pygm__L001277,Cc1ccc(cc1)c2cnc(n2c3ccccc3)S[C@@H](C)C(=O)NC(=O)N
dude_pygm__L001278,C[C@@H](C(=O)NC12CC3CC(C1)CC(C3)C2)NC(=O)c4cccc(c4)[N+](=O)[O-]
dude_pygm__L001279,CCn1c(c2ccc(cc2nc1=S)C(=O)Nc3[n-]nc(n3)C(F)(F)F)[O-]
dude_pygm__L001280,Cc1c(c(nc(n1)SCC(=O)C2=C[C@H](N([C@H]2C)CC(F)(F)F)C)[O-])CCC(=O)[O-]
dude_pygm__L001281,CCc1nnc2n1N[C@@H]([C@H](S2)C(=O)Nc3cccc(c3C)C)c4ccc(cc4)F
dude_pygm__L001282,COCCCn1c(nnc1Sc2ccc(cc2[N+](=O)[O-])C(=O)[O-])[O-]
dude_pygm__L001283,Cc1cc(sc1C(=O)[O-])S(=O)(=O)[N-]c2ccc3c(c2)OCCO3
dude_pygm__L001284,Cn1c2ccc(cc2nc(c1=O)Nc3ccc(cc3)C(=O)NCc4cccs4)F
dude_pygm__L001285,COc1ccc2=[NH+][C@@H]3[C@H]([NH2+]CCC3=c2c1)c4c(=O)[nH]c(nc4[O-])[O-]
dude_pygm__L001286,Cc1cc(c(c(c1)Cl)Nc2nnc(s2)SCC(=O)Nc3cc(cc(c3)C(=O)[O-])C(=O)[O-])C
dude_pygm__L001287,c1cc(ccc1/C=C/2\C(=O)N=C(S2)[N-]c3ccc(cc3)Br)C(=O)[O-]
dude_pygm__L001288,c1ccc(c(c1)C(=O)C2=C(C(=O)N([C@H]2c3ccc(cc3)Br)c4cccc(c4)C(=O)[O-])[O-])F
dude_pygm__L001289,c1cc(cc(c1)Br)N2C(=O)/C(=C/c3ccc(o3)c4ccc(cc4)C(=O)[O-])/C(=NC2=O)[O-]
dude_pygm__L001290,CC(C)OCCC[NH2+][C@@H]1CCc2c(sc3c2c(=O)n(cn3)CCc4c[nH]c5c4cccc5)C1
dude_pygm__L001291,c1ccc2c(c1)cccc2/C=C\3/C(=O)N(C(=S)S3)[C@H](CC(=O)[O-])C(=O)[O-]
dude_pygm__L001292,c1cc(cc(c1)F)NC(=O)NCC2(CCOCC2)c3ccc4c(c3)OCO4
dude_pygm__L001293,c1cc(cc(c1)O)NC2=C(C(=O)N(C2=O)c3ccc(cc3)Cl)Cl
dude_pygm__L001294,C[C@H](C(=O)[O-])Oc1ccc(cc1)/C=C\2/C(=O)N(C(=S)S2)[C@@H](CC(C)C)C(=O)[O-]
dude_pygm__L001295,c1cc(ccc1CNS(=O)(=O)c2ccc(cc2)C(=O)/C=C/c3ccc(cc3)C(=O)[O-])C(=O)[O-]
dude_pygm__L001296,CC(C)C[C@@H]([C@H](c1cnn(c1)c2ccccc2)O)[NH3+]
dude_pygm__L001297,c1cc(sc1)c2nnc(n2CC(=O)[O-])SCC(=O)Nc3ccc(cc3C(=O)[O-])Br
dude_pygm__L001298,CCn1c(nnc1SCC(=O)Nc2cc(ccc2C(=O)[O-])C(=O)[O-])c3ccc(cc3)C(C)(C)C
dude_pygm__L001299,CC(C)[NH+]1CCc2c(sc3c2C(=N[C@H](N3)c4ccc(c(c4)OC)OCc5ccccc5)O)C1
dude_pygm__L001300,Cc1c2c(n(n1)c3cccc(c3)Cl)OC(=C([C@@H]2c4cccc(c4)F)C#N)N
dude_pygm__L001301,Cc1cc(c(cc1C)[C@H]2C(=C(C(=O)N2c3ccc(cc3)CC(=O)[O-])[O-])C(=O)c4ccc5c(c4)OCO5)C
dude_pygm__L001302,COc1ccccc1c2[nH]/c(=N\C(=O)/C=C/c3ccc4c(c3)CCO4)/[nH]n2
dude_pygm__L001303,COc1ccc(cc1)N2C3=C([C@H](C(=C2N)C#N)c4ccc(cc4)F)C(=O)CCC3
dude_pygm__L001304,CC1(Cc2c(c(nc(n2)c3ccccc3)N/N=C(/CCC(=O)[O-])\C(=O)[O-])CO1)C
dude_pygm__L001305,c1c(cc(cc1Cl)Cl)[N-]S(=O)(=O)N2CCC[C@H](C2)C(=O)[O-]
dude_pygm__L001306,CCOc1ccc(cc1)[N-]C2=NC(=O)/C(=C/c3cc(c(c(c3)Br)[O-])[N+](=O)[O-])/S2
dude_pygm__L001307,c1cc(c(cc1Br)Cl)S(=O)(=O)[N-]c2cc(cnc2)C(=O)[O-]
dude_pygm__L001308,CCOC(=O)[C@]1(C/C(=N/c2cccc(c2)C(=O)[O-])/C(=O)N1c3cccc(c3)C(=O)[O-])C
dude_pygm__L001309,CCn1c2ccc(cc2c3c1ccc(c3)C(=O)CCC(=O)[O-])C(=O)CCC(=O)[O-]
dude_pygm__L001310,Cc1ccc(cc1NC(=O)C)NC(=O)N2CCC[C@H]2C3CCCC3
dude_pygm__L001311,Cc1ccsc1C(=O)NNC(=O)N[C@H](C)c2cccc(c2)S(=O)(=O)N
dude_pygm__L001312,C1CN(C(=O)N1)CCC[NH3+]
dude_pygm__L001313,C[C@@H]1CCCCN1c2c(c(ncn2)Nc3ccc4c(c3)OCO4)N
dude_pygm__L001314,Cc1c(sc(n1)[O-])S(=O)(=O)[N-]c2ccccc2S(=O)(=O)C
dude_pygm__L001315,CSc1ccc(cc1)C2=[NH+][C@@H](ON2)c3ccc4c(c3)[nH]c(=O)n(c4=O)CCc5ccccc5
dude_pygm__L001316,CCOc1cc(ccc1OCC(=O)[O-])/C=C\2/C(=C(/C(=N\c3ccc(cc3)Cl)/S2)C(=O)OCC)[O-]
dude_pygm__L001317,C[C@@H]1CCC[C@@H](N1C(=O)CO/N=C(\C2=C(C3(CCCC3)N(C2=O)C)N)/N)C
dude_pygm__L001318,c1cc2nc(oc2cc1)/C(=C/c3cc(ccc3)/C=C(/c4oc5c(n4)cccc5)\CC(=O)[O-])/CC(=O)[O-]
dude_pygm__L001319,Cc1cc(c(n1c2cc(cc(c2)C(=O)[O-])C(=O)[O-])C)/C=N/c3ccc(cc3)C(C)(C)C
dude_pygm__L001320,Cc1ccc(cc1)N2C[C@H](CC2=O)C(=O)Nc3nnc(s3)SCC(=O)Nc4ccc(cc4)Cl
dude_pygm__L001321,c1cc(c(cc1N)F)c2nnnn2c3ccc(cc3Br)Br
dude_pygm__L001322,C[C@@H](C(=O)NNC(=O)C1CCC1)Sc2[nH]nc(n2)c3ccc(cc3)Br
dude_pygm__L001323,Cn1cc(c2c1cccc2)[C@@H]3c4c(=O)[nH]c(=O)[nH]c4OC(=C3C#N)N
dude_pygm__L001324,Cc1cc(no1)N2[C@H](C=C([C@@H]2C)C(=O)CSc3nc(c(c(n3)[O-])CCC(=O)[O-])C)C
dude_pygm__L001325,c1ccc(cc1)/N=N/c2ccc(cc2)NC(=O)CSc3nc(c(nn3)CCC(=O)[O-])[O-]
dude_pygm__L001326,COc1ccc(cc1)N2C(=O)/C(=C\c3ccc(o3)c4ccc(cc4)C(=O)[O-])/C(=NC2=S)[O-]
dude_pygm__L001327,CC(C)[C@@H](C(=O)[O-])N1C(=O)/C(=C/c2cccc(c2)OCC(=O)[O-])/SC1=S
dude_pygm__L001328,c1ccc2c(c1)nc(o2)/C(=C/c3cccc(c3)/C=C(\CC(=O)[O-])/c4nc5ccccc5o4)/CC(=O)[O-]
dude_pygm__L001329,Cc1cc(nc(n1)SCC(=O)Nc2ccc(cc2)N3CCCCC3)N
dude_pygm__L001330,COc1ccc(cc1)c2csc(n2)c3c(n(nn3)c4ccc(cc4)Cl)N
dude_pygm__L001331,Cc1c(c(nc(n1)SCC(=O)N(CC(F)(F)F)c2ccccc2OC)[O-])CCC(=O)[O-]
dude_pygm__L001332,c1cc2cn[nH]c2c(c1)NCc3cc4c(c(c3)Br)OCO4
dude_pygm__L001333,C[C@@H](C[C@H](CO)O)[NH3+]
dude_pygm__L001334,Cc1ccc(cc1)C2=NN([C@H](C2)c3ccco3)C(=O)CSc4nc(c(c(n4)[O-])CCC(=O)[O-])C
dude_pygm__L001335,c1cc(ccc1[C@H]2c3c(=O)[nH]c(=S)[nH]c3OC(=C2C#N)N)F
dude_pygm__L001336,CC(C)(C[NH3+])NS(=O)(=O)c1ccc2c(c1)CCC2
dude_pygm__L001337,C[C@H](C(=O)NC(=O)Nc1ccccc1)Sc2c3ccccc3nc(n2)C(F)(F)F
dude_pygm__L001338,Cc1ccn2c(c1)nc(c2CC(=O)N[C@H](CCC(=O)[O-])C(=O)[O-])c3ccc(c(c3)C)C
dude_pygm__L001339,C[C@@H]1CCc2c(sc3c2c(ncn3)SCC(=O)Nc4cc(ccc4C(=O)[O-])C(=O)[O-])C1
dude_pygm__L001340,c1ccc(c(c1)[C@H]2C(=C(C(=O)N2CCCCCC(=O)[O-])[O-])C(=O)c3ccc(cc3)Br)F
dude_pygm__L001341,c1ccc2c(c1)c(c[nH]2)CCNC(=O)N3CCN(CC3)C(=O)C4CCCCC4
dude_pygm__L001342,c1cc(c(c(c1)Cl)CSC2=NN[C@H](N2N)[C@H]3C4=C(CCC4)N=N3)Cl
dude_pygm__L001343,Cc1cc(c(c(=O)n1C)[C@H](CCc2ccccc2)c3c(n(c(=O)cc3[O-])C)C)[O-]
dude_pygm__L001344,Cc1cccc(c1)N/C=C/2\[C@@H](n3c4ccccc4nc3C(=C2C)C#N)O
dude_pygm__L001345,C1CCc2c(c3c(s2)nc(n(c3=O)N)SCC(=O)N)C1
dude_pygm__L001346,c1cc(ccc1[C@H]2C(=C(C(=O)N2CCCCCC(=O)[O-])[O-])C(=O)c3ccc(cc3)[N+](=O)[O-])Br
dude_pygm__L001347,c1cc(cc(c1)C(F)(F)F)c2c(c(n(n2)c3ccncn3)N)C#N
dude_pygm__L001348,CS(=O)(=O)[N-]c1ccc(cc1Cl)[N-]S(=O)(=O)c2cc(cc(c2)F)F
dude_pygm__L001349,CCC(=O)Nc1ccc2c(c1)[C@@H]3C=CC[C@@H]3[C@@H](N2)c4ccc(cc4)O
dude_pygm__L001350,Cc1cc(c(n1c2cc(cc(c2)C(=O)[O-])C(=O)[O-])C)/C=N/c3cc(ccc3O)[N+](=O)[O-]
dude_pygm__L001351,c1ccc(c(c1)[N-]S(=O)(=O)c2ccc(c(c2)NC(=O)[C@@H]3[C@H]4C[C@@H]([C@@H]3C(=O)[O-])C=C4)Cl)Cl
dude_pygm__L001352,c1cc2c(cc1NC(=O)CN3C(=O)C4(CCCCCCC4)NC3=O)OCO2
dude_pygm__L001353,CCCNC(=O)[C@@H]1CCCN(C1)C(=O)Nc2cccc(c2)c3ncc(o3)C
dude_pygm__L001354,Cc1c(c(n(n1)c2ccc(c(n2)OC(C)(C)C)N)C)Br
dude_pygm__L001355,C[C@@H]1C[C@@H](CN(C1)C(=O)CSc2nnc(n2N)c3ccc(cc3)OC)C
dude_pygm__L001356,Cc1ccccc1C(=O)Oc2ccc3c(c2)OC(=C([C@@H]3c4ccc(o4)C)C#N)N
dude_pygm__L001357,c1cc(c(cc1N)[N+](=O)[O-])S(=O)(=O)N[C@H]2CCCC[C@@H]2O
dude_pygm__L001358,c1cc(ccc1NC(=O)NCc2ccc3c(c2)OCCCO3)S(=O)(=O)N
dude_pygm__L001359,CC(C)(C)c1cc(n(n1)c2ccccc2Br)S(=O)(=O)N
dude_pygm__L001360,c1cc(c(cc1/C=C/C(=O)Nc2cc(cc(c2)C(=O)[O-])C(=O)[O-])Cl)Br
dude_pygm__L001361,c1cc(cc(c1)OCC#N)NC(=O)N2CCC(=CC2)c3c[nH]c4c3ccc(c4)F
dude_pygm__L001362,Cc1ccc(cc1)[C@@H]2[C@@H]3C(=NN=C3OC(=C2C#N)N)C(F)(F)F
dude_pygm__L001363,c1ccc(c(c1)[C@H]2C(=C(OC3=C2C(=O)c4ccccc4C3=O)N)C#N)Br
dude_pygm__L001364,Cc1ccc(c(c1)N)S(=O)(=O)Nc2ccc(cc2Cl)C
dude_pygm__L001365,Cc1cc(ccc1c2ccc(o2)/C=C/3\C(=O)N(C(=S)S3)CC(=O)[O-])C(=O)[O-]
dude_pygm__L001366,c1ccc(cc1)C2(CCCC2)C(=O)Nc3ccc(c(c3)O)c4nc5cnccc5o4
dude_pygm__L001367,C[C@H](C(C)(C)C)NC(=O)[C@@H]1CN(CC12CC[NH2+]CC2)C(=O)c3cccnc3Sc4ccccc4
dude_pygm__L001368,c1cc(cc(c1)N2[C@@H](C(=C(C2=O)[O-])C(=O)c3ccc(cc3)F)c4cc5c(c(c4)Cl)OCO5)C(=O)[O-]
dude_pygm__L001369,CC1(CC2=C([C@@H]([C@H]3C(=N2)c4ccccc4C3=O)c5ccc(c(c5)O)O)C(=O)C1)C
dude_pygm__L001370,CS(=O)(=O)[N-]c1ccc(cc1)[N-]S(=O)(=O)c2ccc(nc2)Cl
dude_pygm__L001371,CC(=C1C(=O)NC(=S)NC1=O)Nc2cccc3c2C(=O)c4ccccc4C3=O
dude_pygm__L001372,Cc1c(c(on1)C)CCN(C)c2ccc(cc2[N-]S(=O)(=O)c3ccc(cc3)CC(C)C)C(=O)[O-]
dude_pygm__L001373,CC[C@H](C(=O)Nc1cc(on1)C)Sc2[nH]c(=O)c3c(cc(nc3n2)C)C
dude_pygm__L001374,Cc1cc(c(n1c2cc(cc(c2)C(=O)[O-])C(=O)[O-])C)/C=N/NC(=O)COc3ccc(cc3)OC
dude_pygm__L001375,CCOc1ccc(cc1)c2nnc(n2CC(=O)[O-])Sc3ccc(cc3[N+](=O)[O-])C(=O)[O-]
dude_pygm__L001376,CC(C)c1cccc2c1N[C@@H]([C@H]3[C@H]2C=CC3)c4cc(ccc4O)[N+](=O)[O-]
dude_pygm__L001377,CCC(CC)N1C/C(=C\c2ccc(cc2)C(=O)[O-])/C(=O)/C(=C\c3ccc(cc3)C(=O)[O-])/C1
dude_pygm__L001378,Cn1c2ccccc2nc1[C@H](C#N)c3cc(nc(n3)SC)NN
dude_pygm__L001379,C[C@@H]1CN(C[C@@H](O1)C)Cc2c(nc3n2cc(cc3)N)c4ccccc4
dude_pygm__L001380,c1c2c(nc(c1C(=S)N)N3CCCC[C@@H]3CO)CCCC2
dude_pygm__L001381,Cc1ccc(c(c1)C)[C@H]2[C@@H]3C(=NN=C3OC(=C2C#N)N)c4ccccc4
dude_pygm__L001382,Cn1cc(ccc1=O)N[C@@H]2c3c(cccc3Br)NC2=O
dude_pygm__L001383,Cc1ccc(c(c1)C)n2cnnc2S[C@H](C)c3nc(nc(n3)N(C)C)N
dude_pygm__L001384,Cc1ccc(o1)C2=[N+]([C@@]\3(CCCCC/C3=N\[NH+]=C(/N)\[S-])N(C2(C)C)O)[O-]
dude_pygm__L001385,Cc1cccc(c1)c2nnc(n2CCC(=O)[O-])SCC3=NC(=O)C4=C([C@@H](SC4=N3)C(=O)[O-])C
dude_pygm__L001386,Cn1c(=O)c2c3c(sc2nc1SCc4cc(n[nH]4)O)CCC3
dude_pygm__L001387,c1ccc(cc1)COc2ccc(cc2C(=O)[O-])/C=C\3/C(=NC(=S)N(C3=O)c4ccccc4)[O-]
dude_pygm__L001388,c1ccc2c(c1)nc(c(n2)O)Nc3ccc(cc3)C(=O)NCc4cccs4
dude_pygm__L001389,CC1CCC(CC1)[NH+](C)C[C@@](C)(C(=O)N)NC2CC2
dude_pygm__L001390,Cc1ccc(c(c1)[N-]C2=NC(=O)/C(=C\c3ccc(cc3)OCCC(=O)[O-])/S2)O
dude_pygm__L001391,c1ccc2cc(c(cc2c1)NC(=O)c3ccccn3)Oc4ccc(c(c4)C(=O)O)C(=O)O
dude_pygm__L001392,Cc1ccc(cc1F)S(=O)(=O)[N-]c2nc(c(s2)SCC(=O)N)C
dude_pygm__L001393,c1ccnc(c1)c2nc3cc(ccc3n2c4ccc(cc4)OCCC[NH+]5CCC(CC5)C(=O)N)F
dude_pygm__L001394,CCn1c2ccc(cc2nc1COc3ccc(cc3Cl)C(=O)[O-])C(=O)[O-]
dude_pygm__L001395,c1ccc(cc1)N2CC[C@@H](C2)CNC(=O)CNC(=O)NC3CCCCC3
dude_pygm__L001396,CCN1C(=C(C(C(=C1C(=O)O)C(=O)O)c2ccccc2Cl)C(=O)NCc3ccccc3)C
dude_pygm__L001397,C/C(=N/S(=O)(=O)c1ccc(cc1)NC(=O)[C@H]2[C@@H]3C[C@H]([C@@H]2C(=O)[O-])C=C3)/[O-]
dude_pygm__L001398,CCOc1cc(ccc1OCC(=O)[O-])/C=C\2/C(=O)N(/C(=N\c3cccc(c3)C(=O)[O-])/S2)C
dude_pygm__L001399,C[C@]12CC[C@](C[C@H]1C3=CC(=O)[C@H]4[C@]5(CC[C@@H](C([C@@H]5CC[C@]4([C@@]3(CC2)C)C)(C)C)OC(=O)CCC(=O)[O-])C)(C)C(=O)[O-]
dude_pygm__L001400,CCOc1ccc(cc1)N2C(=O)/C(=C\c3ccc(cc3)OCc4cccc(c4)C(=O)[O-])/C(=NC2=O)[O-]
dude_pygm__L001401,C[C@@H]1[C@H]([C@@H](n2c(ncn2)N1)c3ccc(cc3)SC)C(=O)Nc4ccc(cc4)Cl
dude_pygm__L001402,c1ccc2c(c1)CC[C@H](C(=N2)O)SCC(=O)Nc3cccc4c3cccn4
dude_pygm__L001403,CC(C)(C)n1c(c2c(n1)CSC2)NC(=O)Nc3ccc(cc3)Cl
dude_pygm__L001404,C[C@H](c1nc(no1)c2ccccc2)Sc3nnc(n3N)c4ccco4
dude_pygm__L001405,CCOc1cc(ccc1OCC(=O)[O-])/C=C/2\C(=O)N=C(S2)[N-]c3ccc(cc3Cl)Cl
dude_pygm__L001406,c1ccc(cc1)c2cc(=O)c3c(cc(cc3o2)OCC(=O)Nc4ccccc4F)O
dude_pygm__L001407,c1ccc(cc1)/C=C/C=C\2/C(=O)N(C(=S)S2)[C@H](CCC(=O)[O-])C(=O)[O-]
dude_pygm__L001408,C[C@@H](C(=O)NNC(=O)CCC1=c2ccccc2=[NH+]C1)Oc3ccc(cc3)C(=O)c4ccccc4
dude_pygm__L001409,Cc1ccc(cc1C)NC(=O)C(=C(c2c(nc3cc(ccc3n2)[N+](=O)[O-])[O-])C(=O)C(=O)OC)[O-]
dude_pygm__L001410,c1cc(cc(c1)O)[C@H]2C3=C(C[C@@H](CC3=O)c4cccs4)Nc5c(non5)N2
dude_pygm__L001411,C1C[C@@]2(C[NH2+]C1)C(=O)NC(=O)N2
dude_pygm__L001412,CCOc1cc(ccc1OCCC(=O)[O-])/C=C/2\C(=O)N=C(S2)[N-]c3cc(ccc3C)C
dude_pygm__L001413,C1[C@@H]([C@H]([C@@H](CN1)O)O)CO
dude_pygm__L001414,C[C@@H]1CC2=C([C@H]3C(=O)c4cccc(c4[C@@H]([C@@]3([C@@H]([C@@H]2O)O)O)O)O)C(=O)C1
dude_pygm__L001415,C[C@H]1CCC[NH+](C1)Cc2csc(n2)NC(=O)[C@@H](C)NC(=O)c3ccc(s3)Br
dude_pygm__L001416,CN(C)CCn1c2ccccc2nc(c1=O)Nc3ccc(cc3)C(=O)NCc4cccs4
dude_pygm__L001417,Cc1cc(c(c(c1)C)NC(=O)CSc2[nH]c(=O)c3c(csc3n2)C)C
dude_pygm__L001418,C[C@H]1CCCC[NH+]1CCCNC(=O)[C@@H](C)C(=S)N
dude_pygm__L001419,CCn1c(=O)c2c3c(sc2nc1SCC(=O)Nc4cc(ccc4C(=O)[O-])C(=O)[O-])CCCC3
dude_pygm__L001420,Cc1cc(ccc1c2cc(nc(c2CC[P@@](=O)(C[C@@H](CC(=O)[O-])O)[O-])C(C)C)c3ccccc3)F
dude_pygm__L001421,Cc1cccc(c1)NC(=O)c2cnn3c2N[C@H](C[C@H]3C(F)(F)F)c4ccco4
dude_pygm__L001422,CCc1ccc(cc1[N+](=O)[O-])[C@H]2C(=C(C(=O)N2c3nc4ccc(cc4s3)C(=O)[O-])[O-])C(=O)C5CC5
dude_pygm__L001423,COc1cc(ccc1O)[C@H]2[C@@H]3CC=C[C@@H]3c4cc(ccc4N2)S(=O)(=O)NCC=C
dude_pygm__L001424,C[C@H]1CCC[C@H]([C@@H]1C)NS(=O)(=O)c2ccc3c(c2)c(=O)[nH]c(=O)[nH]3
dude_pygm__L001425,c1cc(ccc1[N-]S(=O)(=O)c2ccc(cc2)N3C[C@H](CC3=O)C(=O)[O-])[N+](=O)[O-]
dude_pygm__L001426,Cc1ccc(cc1)C(=O)C2=C(C(=O)N([C@H]2c3ccc4c(c3)OCO4)CCCC(=O)[O-])[O-]
dude_pygm__L001427,Cc1ccc(c(c1)C)C(=O)C2=C(C(=O)N([C@@H]2c3cccc(c3)F)c4cccc(c4)C(=O)[O-])[O-]
dude_pygm__L001428,C[C@@H](c1nnc(o1)c2c[nH]nc2)[NH3+]
dude_pygm__L001429,C1Cc2c(sc3c2c4nnc(n4c(n3)N)SCC(=O)N)C1
dude_pygm__L001430,c1cc(cc(c1)[N+](=O)[O-])C(=O)N2[C@@]([C@H]3CCCC[C@@H]3N2)(C(F)(F)F)O
dude_pygm__L001431,c1c(cc(c(c1/C=N/N/C(=N/[N+](=O)[O-])/[NH-])[O-])Br)Br
dude_pygm__L001432,CCOc1cc(ccc1O[C@@H](C)C(=O)[O-])/C=C/2\C(=O)N=C(S2)[N-]c3ccc(cc3)Br
dude_pygm__L001433,c1ccn(c1)c2c3c(c(sc3sc2C(=O)[O-])C(=O)[O-])n4cccc4
dude_pygm__L001434,Cc1ccc(cc1)n2c3c(c(n2)C)[C@@H](C(=C(O3)N)C#N)c4ccc(cc4)Cl
dude_pygm__L001435,Cc1ccc2nc(cn2c1)CSc3nnc(n3N)c4ccc(cc4)OC
dude_pygm__L001436,Cc1ccc(cc1)O[C@H](C)CNC(=O)[C@H]2CN(CC23CC[NH2+]CC3)C(=O)c4ccc(c(c4)C)F
dude_pygm__L001437,c1cc(ccc1C(=O)[O-])S(=O)(=O)[N-]c2ccc(c(c2)S(=O)(=O)N3CCCC3)Cl
dude_pygm__L001438,CC1=Nc2c(c3c(s2)CCC3)[C@@H](N1)Oc4cccc(c4)NC(=O)C
dude_pygm__L001439,Cc1c(c(n(n1)c2ccc(cc2)Br)C)/C=C(\C#N)/C(=O)N
dude_pygm__L001440,CCc1ccc(cc1)N2C(=O)/C(=C\c3cc(c(c(c3)OC)OCC(=O)[O-])CC=C)/C(=NC2=O)[O-]
dude_pygm__L001441,Cc1cc(ccc1[N-]S(=O)(=O)c2cc(oc2Br)C(=O)[O-])I
dude_pygm__L001442,c1cc2c(cc1[C@@H](C3CCOCC3)Br)NC(=O)CC(=O)N2
dude_pygm__L001443,C[C@H](C(=O)NC(=O)NC1CCCCC1)Sc2nc(cs2)CC(=O)[O-]
dude_pygm__L001444,c1cc(c(cc1C(=O)[O-])Br)S(=O)(=O)[N-]c2cnccn2
dude_pygm__L001445,Cc1c(c(c(s1)N)C(=O)OC)c2ccc3c(c2)OCCO3
dude_pygm__L001446,Cc1c(c(nc(n1)SCC(=O)C2=C[C@H](N([C@@H]2C)c3ccc(cc3)Cl)C)[O-])CCC(=O)[O-]
dude_pygm__L001447,C[NH+](Cc1ccccc1NCC(=O)Nc2ccccc2S(=O)(=O)C)C3CCCCC3
dude_pygm__L001448,C1CCc2c(c(c(s2)NC(=O)CCSc3nnc(n3N)NN)C#N)C1
dude_pygm__L001449,c1cc(sc1[C@H]2[C@H]3[C@@H](C(=NC3=O)[O-])[C@@]([NH2+]2)(CC4CCCCC4)C(=O)[O-])Cl
dude_pygm__L001450,Cc1cccc(c1C)N/C(=C(\C#N)/C(=C\2/CCN(C2=O)c3ccc(cc3)F)/[O-])/[O-]
dude_pygm__L001451,CCc1cc(nc(n1)S[C@H](CC)/C(=N/c2nnc(s2)CC)/[O-])[O-]
dude_pygm__L001452,CCOc1ccccc1CCNC(=O)[C@@H]2CN(CC23CC[NH2+]CC3)C(=O)c4ccc(o4)c5ccccc5
dude_pygm__L001453,CC[C@H](C)Oc1ccc(cc1)NC(=O)N2CCC(=CC2)c3c[nH]c4c3cccn4
dude_pygm__L001454,Cc1ccc(cc1N2[C@H](C(=C(C2=O)[O-])C(=O)C3CC3)c4ccc(c(c4)[N+](=O)[O-])C)C(=O)[O-]
dude_pygm__L001455,Cc1c2c(n(n1)c3ccccc3)NC(=O)CS[C@@H]2c4ccc(c(c4)Cl)O
dude_pygm__L001456,CC1C/C(=C\c2ccc(c(c2)OC)O)/C(=O)/C(=C/c3ccc(c(c3)OC)O)/C1
dude_pygm__L001457,C[C@@H]1C=C([C@@H](N1c2ccc(cc2)OC(F)(F)F)C)C(=O)CSc3nc(c(nn3)CCC(=O)[O-])[O-]
dude_pygm__L001458,c1cc(ccc1N2C(=O)c3ccc(cc3C2=O)C(=O)[O-])N4C(=O)c5ccc(cc5C4=O)C(=O)[O-]
dude_pygm__L001459,C[C@@H]1CCCC[C@H]1NC(=O)C2CCN(CC2)C(=O)Nc3ccc(cc3)OC
dude_pygm__L001460,Cc1c(c(on1)C)CCN(C)c2ccc(cc2C(=O)[O-])[N-]S(=O)(=O)c3ccc4c(c3)CCCC4
dude_pygm__L001461,Cc1ccc(c(c1)C)C2=N[C@@H]3[C@@H]([C@@H]2[C@@H]4C(=NC(=O)NC4=O)N)C(=O)NC(=O)N3
dude_pygm__L001462,Cc1c2ccccc2oc1C(=O)NNC(=O)[C@@H]3CCCN(C3)C(=O)C(C)(C)C
dude_pygm__L001463,Cc1ccc(c(c1)C)[N-]C2=NC(=O)/C(=C\c3cccc(c3)OCC(=O)[O-])/S2
dude_pygm__L001464,Cc1ccccc1n2c(nnc2SCC(=O)Nc3cc(cc(c3)C(=O)[O-])C(=O)[O-])c4ccncc4
dude_pygm__L001465,CCOc1ccc(cc1)/N=C\2/C(=C(/C(=C/c3ccccc3OCC(=O)[O-])/S2)[O-])C(=O)OCC
dude_pygm__L001466,Cc1cccc(c1)N2C(=O)/C(=C\c3cc(c(c(c3)OC)OCC(=O)[O-])CC=C)/C(=NC2=S)[O-]
dude_pygm__L001467,Cc1ccc(cc1)S(=O)(=O)n2cc(c(c2N)C#N)c3ccccc3
dude_pygm__L001468,CC(C)C[C@H]([C@@H](c1ccc2c(c1)OCCO2)O)[NH3+]
dude_pygm__L001469,c1cc2c(cc1S(=O)(=O)[N-]c3cc(c(cc3F)F)c4nnc5n4CCCCC5)oc(n2)[O-]
dude_pygm__L001470,Cc1ccnc(n1)[N-]S(=O)(=O)c2ccc(cc2)/N=C/C3=C(C[C@@H](CC3=O)c4ccccc4)[O-]
dude_pygm__L001471,Cc1ccc(cc1S(=O)(=O)[N-]c2ccc(cc2)S(=O)(=O)N3CCN(CC3)C)C(=O)[O-]
dude_pygm__L001472,c1ccc2cc(ccc2c1)[C@@H]3C(=C(C(=O)N3c4nc5ccc(cc5s4)C(=O)[O-])[O-])C(=O)C6CC6
dude_pygm__L001473,c1cc(ccc1S(=O)(=O)NNc2ccc(cn2)[N+](=O)[O-])Br
dude_pygm__L001474,CCOc1ccc(cc1/C=C/C(=O)Nc2cc(cc(c2)C(=O)[O-])C(=O)[O-])Br
dude_pygm__L001475,Cn1c2ccccc2nc1/C=C/3\C(=O)N=C(S3)[N-]c4ccc(cc4)C(=O)[O-]
dude_pygm__L001476,Cc1cccc(c1)c2nnc(n2CCC(=O)[O-])Sc3ccc(cc3[N+](=O)[O-])/C=C/C(=O)[O-]
dude_pygm__L001477,c1ccc(c(c1)C(=O)Nc2ccc(nc2)n3cncn3)SCC(=O)NC45CC6CC(C4)CC(C6)C5
dude_pygm__L001478,CC(C)c1cc(c(c(n1)C(C)C)C#C[P@](=O)(C[C@@H](CC(=O)[O-])O)[O-])c2ccc(cc2)F
dude_pygm__L001479,c1cc(cnc1)c2nc(on2)c3cc(cc(c3N)Br)Br
dude_pygm__L001480,Cc1c(c(n2c(n1)nc(n2)SCC(=O)Nc3ccc(cc3)C(=O)[O-])C)CC(=O)[O-]
dude_pygm__L001481,c1cc(ccc1C2CC[NH+](CC2)Cc3nc4ccsc4c(n3)[O-])O
dude_pygm__L001482,CCOc1cc(ccc1O)[C@H](c2c(n(c(=O)cc2[O-])C)C)c3c(cc(n(c3=O)C)C)[O-]
dude_pygm__L001483,c1cc(ccc1N2C(=O)/C(=C\c3ccc(c(c3)Cl)OCC(=O)[O-])/C(=NC2=O)[O-])Br
dude_pygm__L001484,c1c2c(cc(c1[N-]S(=O)(=O)CCCCl)Br)[nH]c(=O)[nH]2
dude_pygm__L001485,c1ccc(cc1)CSc2nnc(n2N)N/N=C/c3cccc(c3)Cl
dude_pygm__L001486,Cc1c2c(n(n1)c3ccccc3)OC(=C([C@H]2c4cccc(c4)C(F)(F)F)C#N)N
dude_pygm__L001487,CNS(=O)(=O)c1ccc(cc1)c2ccc(o2)/C=C(/c3nc4cc(ccc4c(n3)[O-])C(=O)[O-])\Cl
dude_pygm__L001488,Cc1cc2c(cc1C(C)C)c(cc(=O)o2)CSc3nc(c(c(n3)[O-])CCC(=O)[O-])C
dude_pygm__L001489,C[C@@H](C(=O)Nc1ccc(cc1)C(=O)N)Sc2nnc(n2C3CC3)c4ccccc4F
dude_pygm__L001490,CC[C@@]1(C(=O)N(C(=O)N1)CC(=O)Nc2c(c3c(s2)CCC3)C(=O)OCC)c4cccc(c4)Cl
dude_pygm__L001491,C=CCn1c(=O)c2ccc(cc2nc1Sc3ccc(c(c3)C(=O)[O-])[N+](=O)[O-])C(=O)[O-]
dude_pygm__L001492,Cc1ccsc1[C@@H]2C(=C(C(=O)N2c3cccc(c3)C(=O)[O-])[O-])C(=O)c4ccco4
dude_pygm__L001493,c1cc(ccc1Cn2c(nnn2)c3ccc(c(c3)N)Br)Cl
dude_pygm__L001494,c1ccc(cc1)[C@@H]2CCc3c(sc(n3)NC(=O)CNC(=O)NC4CC4)C2
dude_pygm__L001495,CCCc1c[nH+]c([nH]1)[C@H](C)N
dude_pygm__L001496,CC[C@H](C(=O)[O-])Oc1cccc(c1)/C=C\2/C(=O)N(/C(=N\c3ccc(c(c3)O)C(=O)[O-])/S2)CC=C
dude_pygm__L001497,c1cc(ccc1/C=C/2\C(=O)N=C(S2)[N-]c3ccc(c(c3)C(F)(F)F)Cl)OCC(=O)[O-]
dude_pygm__L001498,Cc1ccsc1C(=O)NNC(=O)c2cc(nc3c2nc4n3CCCCC4)C
dude_pygm__L001499,Cc1ccc(c(c1)C)[C@@H]2C(=C(N=C3N2C(=CS3)C=C([O-])[O-])C)C(=O)OCCOC
dude_pygm__L001500,c1cc2c(cc1NC(=O)Nc3cc4c5c(c3)CCN5C(=O)CC4)OCO2
dude_pygm__L001501,CC[C@H](C(=O)[O-])Oc1ccc(cc1OCC)/C=C/2\C(=O)N=C(S2)[N-]c3ccccc3C
dude_pygm__L001502,COc1ccccc1[C@@H]2[C@H]3CCCC=C3C(=C(C2(C#N)C#N)N)C#N
dude_pygm__L001503,c1cc(cc(c1)Cl)S(=O)(=O)Nc2ccc(cc2N)Br
dude_pygm__L001504,c1ccc2c(c1)nc3c(c(n(c3n2)Cc4ccc(cc4)F)N)C#N
dude_pygm__L001505,CCOc1cc(ccc1O[C@H](C)C(=O)[O-])/C=C/2\C(=O)N=C(S2)[N-]c3ccc(cc3)Cl
dude_pygm__L001506,C=CCNC(=O)NC(=O)CSc1[n-]c2cc(cnc2n1)Br
dude_pygm__L001507,C1CC2=C(C1)S[C@H]([C@H]2C(=O)N)NC(=O)CSC3=NC(=O)CC(=N3)N
dude_pygm__L001508,Cc1c(c(n(n1)CCO)C)[C@@H]2NC(=Nc3n2c4ccccc4n3)N
dude_pygm__L001509,CS/C(=C(/C#N)\C1[NH+]=c2ccccc2=[NH+]1)/Nc3ccccc3
dude_pygm__L001510,c1cc(ccc1C2=CCN(CC2)C(=O)NCCc3nnc4n3CCCCC4)O
dude_pygm__L001511,c1cc(cnc1)c2c(n3cc(sc3n2)Cl)/C=N/N=C(N)N
dude_pygm__L001512,C[C@@H]([C@]1(CC[C@H]2[C@@]1(CC(=O)[C@@H]3[C@@H]2CC[C@@H]4[C@@]3(CC[C@H](C4)O)C)C)O)O
dude_pygm__L001513,C[C@H]1CCCC[C@H]1N(c2nnc(s2)[S-])S(=O)(=O)c3cc(cc(c3OC)OC)/C=C/C(=O)[O-]
dude_pygm__L001514,CCCOc1ccc(cc1)OCC(=O)Nc2cc(ccc2F)NC(=O)C[NH+]3CCCC[C@H]3C
dude_pygm__L001515,CN\1C(=O)/C(=C/c2ccc(o2)c3ccc(c(c3)C(=O)[O-])Cl)/S/C1=N\c4cccc(c4)C(=O)[O-]
dude_pygm__L001516,COc1ccc(cc1)c2csc3c2c(=O)[nH]c(n3)C[NH+](C[C@H](COCC#C)O)C4CCCCC4
dude_pygm__L001517,c1cc(ncc1/C(=N/O)/N)c2cnc(s2)c3ccc(cn3)/C(=N\O)/N
dude_pygm__L001518,Cc1ccc2c(c1)[nH]c(n2)/C(=C\c3cc(c(c(c3)OC)O)[N+](=O)[O-])/C#N
dude_pygm__L001519,CCOc1ccccc1CNC(=O)[C@H]2CN(CC23CC[NH2+]CC3)C(=O)c4ccc(o4)c5ccc(cc5)F
dude_pygm__L001520,C[C@H](c1ccc2c(c1)CCCC2)NC(=O)N3CCN(CC3)CC(=O)NC(C)C
dude_pygm__L001521,C/C=C/C=C/C=C/C(=O)O[C@@H]1C[C@@H]([C@@H]([C@]2([C@H]1C(CCC2)(C)C)C)C(=O)[O-])C(=O)[O-]
dude_pygm__L001522,c1cc(ccc1c2ccc(o2)CNn3c(nnn3)N)Br
dude_pygm__L001523,C[C@H]1[C@H](NC2=[NH+]C(=NC(=O)[C@H]2N1)N)C
dude_pygm__L001524,CCCn1c2ccc(cc2nc1CCC(=O)Nc3ccc(c(c3)Cl)F)S(=O)(=O)N
dude_pygm__L001525,C[C@@H](C(=O)NC1CCCCC1)Sc2nnc(n2c3ccccc3)CC(=O)Nc4ccccc4F
dude_pygm__L001526,C(C[NH3+])[C@H](CO)O
dude_pygm__L001527,Cc1cc(cc(c1NS(=O)(=O)c2cccc(c2)Cl)N)Br
dude_pygm__L001528,c1ccc(cc1)Cn2c(nnn2)SCC(=O)Nc3cc(cc(c3)C(=O)[O-])C(=O)[O-]
dude_pygm__L001529,Cc1cc(ccc1O)NC(=O)CSc2nnc(o2)c3ccccc3Br
dude_pygm__L001530,Cc1ccc(cc1[N-]S(=O)(=O)c2ccc(cc2F)[N-]S(=O)(=O)C)C#N
dude_pygm__L001531,c1ccc2c(c1)c3c(c(=O)o2)[C@H](C(=C(O3)N)C#N)c4cc(ccc4F)Br
dude_pygm__L001532,c1cc(c(cc1S(=O)(=O)N)Br)NCc2cnc[nH]2
dude_pygm__L001533,CC(C)CN(CC(C)C)c1ccc(cc1[N-]S(=O)(=O)c2ccc(cc2)F)C(=O)[O-]
dude_pygm__L001534,COc1ccc(cc1)[C@@H]2CC(=NN2C(=O)Cn3c4c(c(nnc4[O-])[O-])nn3)c5ccc(cc5)Cl
dude_pygm__L001535,CCN1CC=C2[C@@H](C1)[C@H](C(C(=C2C#N)N)(C#N)C#N)c3cccc(c3)F
dude_pygm__L001536,CC1(n2c(c3c(n2)OC(=C([C@H]3c4cccnc4)C#N)N)C=C(N1[NH3+])[O-])C
dude_pygm__L001537,c1cc(cc(c1)[N+](=O)[O-])[C@H]2C(=C(C(=O)N2CCCCCC(=O)[O-])[O-])C(=O)c3ccc(cc3)[N+](=O)[O-]
dude_pygm__L001538,CCOc1cc(ccc1OCC(=O)[O-])/C=C/2\C(=O)N=C(S2)[N-]c3ccc(cc3)F
dude_pygm__L001539,CCc1nc2c(cc(nc2n1Cc3ccc(cc3)[C@H](c4cccc(c4)C)C(C(=O)[O-])C(=O)[O-])C)C
dude_pygm__L001540,c1cc(cc(c1)OCC(=O)[O-])/C=C\2/C(=NC(=O)N(C2=O)c3ccc(cc3)Cl)[O-]
dude_pygm__L001541,Cc1cc(cc(c1C)[N+](=O)[O-])/N=C/c2cc(n(c2C)c3cc(cc(c3)C(=O)[O-])C(=O)[O-])C
dude_pygm__L001542,c1ccc2=[NH+][C@@H]3[C@H](NCCC3=c2c1)c4c([nH]c(=O)n(c4=O)C5CCCCC5)[O-]
dude_pygm__L001543,C[C@H]1C[C@@H](C[NH+](C1)C(C)(C)CNC(=O)/C=C/c2ccc(cc2)S(=O)(=O)NC3CC3)C
dude_pygm__L001544,C[C@@H](CCC(=O)OC)[C@@H]1CC[C@@H]2[C@]1([C@H](C[C@H]3[C@@H]2C(=O)C[C@@H]4[C@]3(CC[C@H](C4)C(=O)[O-])C)C(=O)[O-])C
dude_pygm__L001545,Cc1cc(c(n1c2ccc(cc2)C(C)C)C)C(=O)CSc3nc(c(nn3)CCC(=O)[O-])[O-]
dude_pygm__L001546,c1cc(c(cc1[N+](=O)[O-])/C=C/2\C(=O)N(C(=S)S2)CCC(=O)[O-])[O-]
dude_pygm__L001547,Cc1cccc(c1NC(=O)COc2cc(c3c(c2)oc4c(cccc4c3=O)C)O)C
dude_pygm__L001548,COc1ccc(cc1)n2c(c(nn2)c3nc(cs3)c4cccc(c4)Br)N
dude_pygm__L001549,CCO/C(=C/1\C(=O)/C(=C/c2ccc(cc2)OCc3ccc(cc3)C(=O)[O-])/S\C1=N/c4ccc(cc4)C)/[O-]
dude_pygm__L001550,COc1ccc(cc1)/C=C/C=C/2\C(=NC(=S)N(C2=O)c3ccc(cc3)C(=O)[O-])[O-]
dude_pygm__L001551,CC[C@@H](C(=O)[O-])Oc1cccc(c1)/C=C/2\C(=O)N=C(S2)[N-]c3ccc(cc3)Cl
dude_pygm__L001552,C[C@H]1CCCC[C@]12C(=O)N(C(=O)N2)CC(=O)OCC(=O)Nc3ccc(c(c3)C(F)(F)F)Cl
dude_pygm__L001553,CCOc1ccc(cc1C(=O)[O-])/C=C/2\C(=NC(=O)N(C2=O)c3ccc(cc3)O)[O-]
dude_pygm__L001554,COc1cccc(c1)C2=NN=C3[C@@H]2[C@H](C(=C(O3)N)C#N)c4ccc(cc4)C(F)(F)F
dude_pygm__L001555,c1cc(c(cc1O)O)C2=NN=C([C@@H]2c3cscn3)C(F)(F)F
dude_pygm__L001556,CCN(CC)c1ccc(cc1[N-]S(=O)(=O)c2cc(c(cc2C)C)C)C(=O)[O-]
dude_pygm__L001557,C(C[NH3+])[C@@H](C(F)(F)F)N
dude_pygm__L001558,C[C@@H](c1ccc2c(c1)NC(=O)CO2)Nc3nc4ccc(cc4s3)[N+](=O)[O-]
dude_pygm__L001559,CC1=C(C(C(=C(N1Cc2cc(ccc2Cl)Cl)C(=O)O)C(=O)O)c3ccccc3Cl)C(=O)OC(C)C
dude_pygm__L001560,c1cc(ccc1c2nc(cs2)S(=O)(=O)[N-]c3cc(c(cc3F)F)C(=O)[O-])F
dude_pygm__L001561,c1cc(ccc1CNc2c3c([nH]cn3)ncn2)Br
dude_pygm__L001562,Cc1c(c(nc(n1)SCC(=O)C2=C[C@@H](N([C@@H]2C)c3ccc(cc3)OC(F)F)C)[O-])CCC(=O)[O-]
dude_pygm__L001563,COc1ccc(cc1)N2C(=O)/C(=C/c3ccc(c(c3)Br)OCC(=O)[O-])/C(=O)N=C2[O-]
dude_pygm__L001564,Cc1ccc(c(c1[N-]S(=O)(=O)C)C)S(=O)(=O)[N-]c2nc(c(s2)C(=O)C)C
dude_pygm__L001565,c1ccc(c(c1)c2[nH]nc(n2)C3CC3)[N-]S(=O)(=O)[C@@H]4C=C(CS4)C(=O)[O-]
dude_pygm__L001566,CC(=O)Nc1ccc2c(c1)[C@H]3C=CC[C@@H]3[C@@H](N2)c4ccc(cc4)O
dude_pygm__L001567,Cc1c(sc(c1C(=O)N)NC(=O)[C@@H](C)Sc2nnc3n2c4ccccc4cc3)C
dude_pygm__L001568,c1cc(c(cc1C(=O)[O-])S(=O)(=O)[N-]c2ccc(c(c2)[N+](=O)[O-])Cl)Br
dude_pygm__L001569,Cc1cc(c2c(c1)c(nc(n2)Nc3[nH]c(=O)c(c(n3)C)CCO)C)C
dude_pygm__L001570,Cc1ccc(cc1)c2nc(cs2)/C=C(\C#N)/c3nc(nc(n3)N(C)C)N
dude_pygm__L001571,c1cc(cc(c1)C(=O)[O-])[C@H]2[C@@H]3[C@@H]4CC[C@@H](C4)[C@@H]3c5cc(ccc5N2)S(=O)(=O)[N-]c6nccs6
dude_pygm__L001572,c1cc(cc(c1)N2[C@@H](C(=C(C2=O)[O-])C(=O)c3ccc(cc3)Cl)c4ccc(cc4)Br)C(=O)[O-]
dude_pygm__L001573,CC[C@H](C(=O)[O-])Oc1ccc(cc1OCC)/C=C/2\C(=O)N=C(S2)[N-]c3ccccc3Br
dude_pygm__L001574,CCCCn1c2ccc(cc2nc1C[NH+]3CCC(CC3)c4nc5ccccc5s4)S(=O)(=O)N
dude_pygm__L001575,c1ccc(cc1)[C@H]2CC3=C([C@@H](C(=C(O3)N)C#N)c4ccc(o4)Br)C(=O)C2
dude_pygm__L001576,C[C@H](C(=O)N)Sc1nc2c(c3c(s2)CCCC3)c(=O)n1C
dude_pygm__L001577,CCn1c2ccc(cc2nc1CSc3nnc(n3CC(=O)[O-])c4ccc(cc4)OCC)C(=O)[O-]
dude_pygm__L001578,c1cc(cc(c1)OC(F)F)[N-]S(=O)(=O)c2ccc(cc2)S(=O)(=O)N
dude_pygm__L001579,c1ccc(c(c1)/C=N/n2c(nnc2[S-])c3cccs3)OCC(=O)[O-]
dude_pygm__L001580,Cc1c(nnn1c2cccc3c2cccn3)C(=O)N4CCCC[C@@H]4CC(=O)N
dude_pygm__L001581,CC(C)c1c(c(cc(n1)C2CC2)c3ccc(cc3)F)C#C[P@](=O)(C[C@@H](CC(=O)[O-])O)[O-]
dude_pygm__L001582,Cc1cccc(c1C)n2c(=O)c3ccccc3n4c2nnc4S[C@H](C)C(=O)N
dude_pygm__L001583,C[C@H]1C[C@@H](CN(C1)C(=O)Cn2c3ccccc3nc2c4c(non4)N)C
dude_pygm__L001584,C[C@H](C(=O)Nc1ccc(cc1)S(=O)(=O)N2CCCC2)[NH2+]C(c3ccccc3)c4ccccc4
dude_pygm__L001585,Cc1cc(c(s1)C)C2=NN=C3[C@H]2[C@H](C(=C(O3)N)C#N)c4cc(ccc4F)F
dude_pygm__L001586,CC[C@@H](C(=O)[O-])Oc1cccc(c1)/C=C\2/C(=O)N(/C(=N\c3ccc(c(c3)O)C(=O)[O-])/S2)C
dude_pygm__L001587,Cc1c(c2ccccc2n1C)/C=C\3/C(=O)N=C(S3)[N-]c4cccc(c4)C(=O)[O-]
dude_pygm__L001588,CC[C@H](C(=O)[O-])Oc1cccc(c1)/C=C\2/C(=O)N(/C(=N\c3ccc(c(c3)O)C(=O)[O-])/S2)C
dude_pygm__L001589,c1ccc2c(c1)nc(s2)c3ccc(cc3Cl)[N-]S(=O)(=O)c4c[nH+]c[nH]4
dude_pygm__L001590,c1ccc(c(c1)C(=O)Nc2ccc(cc2)F)[N-]S(=O)(=O)c3ccc(cc3)/C=C/C(=O)[O-]
dude_pygm__L001591,c1cc(ccc1CCC(=O)[O-])S(=O)(=O)Nc2ccc(cc2)CC(=O)[O-]
dude_pygm__L001592,c1cc(ccc1Cc2ccc(cc2)NC(=O)[C@H]3CCCC[C@H]3C(=O)[O-])NC(=O)[C@@H]4CCCC[C@@H]4C(=O)[O-]
dude_pygm__L001593,CCN(CC)S(=O)(=O)c1ccc(c(c1)NS(=O)(=O)c2cc(cc(c2C)C)C(=O)[O-])[O-]
dude_pygm__L001594,CC[C@H](C(=O)[O-])Oc1ccc(cc1)/C=C/2\C(=O)N=C(S2)[N-]c3ccccc3Br
dude_pygm__L001595,c1cc(cc(c1)N2[C@H](C(=C(C2=O)[O-])C(=O)c3ccco3)c4cccs4)C(=O)[O-]
dude_pygm__L001596,C[C@@H](C(=O)[O-])Oc1ccccc1/C=C/2\C(=O)N=C(S2)[N-]c3cccc(c3)F
dude_pygm__L001597,Cc1c(c(n2c(n1)nc(n2)SC)C)CC(=O)Nc3cc(n[nH]3)C(C)(C)C
dude_pygm__L001598,C[C@H](c1ccc2c(c1)OCCO2)N(C)C(=O)Nc3nc([nH]n3)c4ccccc4
dude_pygm__L001599,Cc1ccc(cc1)c2cc(c(=O)n(n2)CC(=O)Nc3ccccc3C(F)(F)F)NC(=O)C(C)C
dude_pygm__L001600,CCOc1ccc2c(c1)sc(n2)/N=C(/C(=C(c3cnc4ccccc4n3)[N+](=O)[O-])[O-])\[O-]
dude_pygm__L001601,c1ccc(cc1)Cn2c(nnc2SCC(=O)Nc3cc(cc(c3)C(=O)[O-])C(=O)[O-])c4ccncc4
dude_pygm__L001602,Cc1ccc(cc1)CN2C(=O)c3ccccc3N[C@@]24c5cccc(c5NC4=O)C
dude_pygm__L001603,COc1ccc(cc1)N2C(=O)/C(=C/c3ccc(c(c3)Br)OCC(=O)[O-])/C(=NC2=S)[O-]
dude_pygm__L001604,CN1c2ccccc2CC(C1=O)NC(=O)c3cc4cc(ccc4[nH]3)Cl
dude_pygm__L001605,Cc1ccc(cc1C)N2C(=O)/C(=C\c3ccc(cc3)O[C@H](C)C(=O)[O-])/C(=O)N=C2[O-]
dude_pygm__L001606,c1cc(ccc1CSc2nc(c(nn2)CCC(=O)[O-])[O-])C(F)(F)F
dude_pygm__L001607,C1CC[C@@H]2[C@H](C1)NC(=N2)SCc3[nH]c(=O)c4c5c(sc4n3)CCC5
dude_pygm__L001608,Cc1ccc(c(c1)C)C(=O)C2=C(C(=O)N([C@@H]2c3ccc(cc3)C(=O)OC)c4ccc(cc4)CC(=O)[O-])[O-]
dude_pygm__L001609,Cc1nc2c3ccccc3nc(n2n1)NC4CCC(CC4)C(=O)NC
dude_pygm__L001610,c1ccc2c(c1)C(=O)N([C@@]3(N2)c4cc(ccc4NC3=O)F)c5ccc(cc5)F
dude_pygm__L001611,CCOc1cc(cc(c1[O-])/C=C/2\C(=O)N=C(N(C2=O)c3ccc(cc3)Br)[O-])[N+](=O)[O-]
dude_pygm__L001612,c1cc(ccc1[C@@H](CC(=O)[O-])NS(=O)(=O)c2cc(cs2)C(=O)[O-])F
dude_pygm__L001613,c1ccc(c(c1)Cn2c(=O)cc(n(c2=O)c3ccccc3C(F)(F)F)N)F
dude_pygm__L001614,CCOc1ccc2cc3c(c(sc3nc2c1)C(=O)N4CCC(CC4)C)N
dude_pygm__L001615,Cc1cc(c2c3c(sc2n1)C(=O)N[C@H](N3)c4ccc(cc4)F)COC
dude_pygm__L001616,c1cc(ccc1C2=NC3=NN=C([C@H]3C(=C2)C(=O)[O-])c4ccc(cc4)Br)C(=O)[O-]
dude_pygm__L001617,Cc1ccc(cc1)C(=O)O/N=C\2/C[C@]3(CC[C@@]2(C3(C)C)C)C(=O)N
dude_pygm__L001618,C/C(=C\C(=O)[O-])/C(=C/c1ccc(o1)I)/C(=O)[O-]
dude_pygm__L001619,c1cc(ccc1c2ccc(o2)/C=C/c3c(c(=O)[nH]c(n3)[O-])[N+](=O)[O-])C(=O)[O-]
dude_pygm__L001620,c1cc(ccc1[C@@H]2C(=C(C(=O)N2c3nc4ccc(cc4s3)C(=O)[O-])[O-])C(=O)C5CC5)Cl
dude_pygm__L001621,COCCCn1c(=O)c2ccc(cc2nc1Sc3ccc(cc3[N+](=O)[O-])C(=O)[O-])C(=O)[O-]
dude_pygm__L001622,CC(C)OC[C@@H](C[NH+](Cc1[nH]c(=O)c2c(csc2n1)c3ccccc3F)C4CCCCC4)O
dude_pygm__L001623,Cc1cccc2c1N[C@H](NC2=O)c3c(nn(c3C)c4ccc(cc4)F)C
dude_pygm__L001624,CCOC(=O)N/N=C/1\CCCc2c1c(c(o2)C(=O)Nc3cccc(n3)C)C
dude_pygm__L001625,Cc1ccc(s1)[C@@H]2c3c(=O)[nH]c(=O)[nH]c3OC(=C2C(=O)N)N
dude_pygm__L001626,CCOc1cc(ccc1OCC(=O)[O-])/C=C/2\C(=O)N=C(S2)[N-]c3ccc(cc3)C(=O)OCC
dude_pygm__L001627,C/C(=N/S(=O)(=O)c1ccc(cc1)NC(=O)C[C@](C)(c2ccccc2)C(=O)[O-])/[O-]
dude_pygm__L001628,c1ccc(cc1)Cn2cccc(c2=O)/C(=N/c3[n-]nc(n3)c4ccc(cc4)F)/[O-]
dude_pygm__L001629,Cc1cccc2c1C(=O)N[C@@H](N2)c3cn(nc3c4ccc(cc4)[N+](=O)[O-])C
dude_pygm__L001630,CC(C)(/C(=N/O)/N)NS(=O)(=O)c1cc(cnc1)Br
dude_pygm__L001631,c1ccc(c(c1)/C=C/2\C(=O)N=C(S2)[N-]c3ccccc3Br)OCCC(=O)[O-]
dude_pygm__L001632,c1ccc(cc1)COc2ccc(cc2C(=O)[O-])/C=C/3\C(=NC(=O)N(C3=O)c4cccc(c4)[N+](=O)[O-])[O-]
dude_pygm__L001633,Cc1cc(ccc1n2cccc2C(=O)[O-])[N-]S(=O)(=O)c3ccc(s3)Cl
dude_pygm__L001634,Cc1c(c(nc(n1)SCC(=O)N(C)Cc2ccc(o2)c3ccc(cc3)Cl)[O-])CCC(=O)[O-]
dude_pygm__L001635,COc1ccc(cc1)[C@H]2c3c(nn(c3OC(=C2C#N)N)c4ccccc4)C(F)(F)F
dude_pygm__L001636,CC(C)(C)c1c(n2c(csc2n1)c3ccc4c(c3)OCCO4)N
dude_pygm__L001637,CC1(CC(=C(C(=O)C1)C(=O)CCCCC(=C2C(=O)CC(CC2=O)(C)C)[O-])[O-])C
dude_pygm__L001638,Cc1cc2c(cc1C)nc([nH]2)CCNC(=O)c3cc(nc4c3c(no4)C)C
dude_pygm__L001639,Cc1ccc(c2c1cc(c3n2c(nn3)SCC(=O)N)C)C
dude_pygm__L001640,c1ccc(cc1)[C@H]([C@H](c2ccccc2)n3c4ccccc4nn3)C(C(=O)[O-])C(=O)[O-]
dude_pygm__L001641,CCC[C@H](C)n1c2c(c(n1)O)[C@H](SCC(=O)N2)c3ccc(cc3)[N+](=O)[O-]
dude_pygm__L001642,Cc1ccc(cc1F)N2[C@@H](C=C([C@@H]2C)C(=O)CSc3nc(c(c(n3)[O-])CCC(=O)[O-])C)C
dude_pygm__L001643,Cc1ccc(cc1S(=O)(=O)Nc2ccc(cc2)C(=O)[O-])/C=C/C(=O)[O-]
dude_pygm__L001644,CCN(CC)S(=O)(=O)c1cc(c(c(c1)[N-]S(=O)(=O)c2cc(cs2)C(=O)[O-])C)C
dude_pygm__L001645,c1ccc2c(c1)[C@]3(C(=C(N4c5ccccc5NC4=C3C#N)N)C#N)C(=O)N2
dude_pygm__L001646,Cc1ccc(cc1[N+](=O)[O-])NC(=O)NCc2ccc(c(c2)F)n3ccnc3
dude_pygm__L001647,Cc1cc(oc1C)[C@@H](C[NH3+])N
dude_pygm__L001648,COc1cc(ccc1O)[C@H]2CC(=O)NC3=C2C(=O)C[C@H](C3)c4ccccc4
dude_pygm__L001649,CC(C)(C)C1=NN=C2[C@H]1[C@@H](C(=C(O2)N)C#N)c3ccsc3
dude_pygm__L001650,CCOC(=O)NC(=O)c1c2c(sc1NC(=O)c3ccc(s3)Cl)CCCC2
dude_pygm__L001651,COc1cc(cc(c1OC)OC)[C@H]2N[C@H](CS2)CC(=O)NCCC3=c4cc(ccc4=[NH+]C3)Cl
dude_pygm__L001652,c1cc(c(cc1F)N)c2[nH]c3cc(cnc3n2)Br
dude_pygm__L001653,CC1=C(C(C(=C(N1Cc2cc(cc(c2)Cl)Cl)C(=O)O)C(=O)O)c3ccccc3Cl)C(=O)OC(C)C
dude_pygm__L001654,CC(C)c1c(c(c2c(n1)-c3ccccc3CCC2)c4ccc(cc4)F)C#C[P@@](=O)(C[C@@H](CC(=O)[O-])O)[O-]
dude_pygm__L001655,CCS(=O)(=O)[N-]c1ccc(cc1)[N-]S(=O)(=O)c2ccc(s2)[N+](=O)[O-]
dude_pygm__L001656,CCn1c2cc3c(cc2nc1Cc4ccc(cc4)N)OCCO3
dude_pygm__L001657,CCn1c(nnc1SCC(=O)Nc2cc(ccc2F)C)c3ccccc3O
dude_pygm__L001658,c1cc(oc1CNn2c(n[nH]c2=S)c3ccncc3)c4cc(cc(c4)Cl)Cl
dude_pygm__L001659,Cc1c(c([nH]c1C(=O)NC23CC4CC(C2)CC(C4)C3)C)C(=O)OC
dude_pygm__L001660,Cc1c\2c(oc1C(=O)[O-])CCC/C2=N\N=C(\C(C(C(F)(F)F)(F)F)(F)F)/[O-]
dude_pygm__L001661,COc1ccc(cc1)N2C(=O)/C(=C\c3cc(cc(c3[O-])OC)[N+](=O)[O-])/C(=NC2=O)[O-]
dude_pygm__L001662,COc1ccnc(c1)C(=O)Nc2c(cccc2F)Oc3ccc(c(c3)C(=O)O)C(=O)O
dude_pygm__L001663,Cn1c2ccccc2nc(c1=O)Nc3ccc(cc3)NC(=O)c4ccno4
dude_pygm__L001664,Cc1ccc(c(c1)C)N(C)S(=O)(=O)c2ccc3c(c2)NC(=O)CC(=O)N3
dude_pygm__L001665,c1cc(cc(c1)n2cccc2/C=C\3/C(=NC(=S)N(C3=O)c4cccc(c4Cl)Cl)[O-])C(=O)[O-]
dude_pygm__L001666,Cc1cccc(c1C)/N=C/2\NN=C(CS2)c3ccc(s3)CNC(=O)C
dude_pygm__L001667,Cc1ccc(cc1S(=O)(=O)N2CCN(CC2)S(=O)(=O)c3cc(ccc3C)C(=O)[O-])C(=O)[O-]
dude_pygm__L001668,C[C@@H]1CC2=C([C@H](C(=C(O2)N)C#N)c3ccc(c(c3)Br)OC)C(=O)C1
dude_pygm__L001669,CCCS(=O)(=O)[N-]c1ccc(cc1)[N-]S(=O)(=O)c2ccc(s2)Cl
dude_pygm__L001670,c1cc(cc(c1)Nc2cnn(c(=O)c2Cl)C34C[C@@H]5C[C@H](C3)CC(C5)[C@@H]4C(=O)[O-])C(=O)[O-]
dude_pygm__L001671,CN(c1ccccc1)c2nc(nc(n2)N)COc3ccc4c(c3)OCO4
dude_pygm__L001672,c1ccc(cc1)CN2CC3=C(C2=O)[C@@H](NC(=O)N3)c4ccccc4
dude_pygm__L001673,CCS(=O)(=O)[N-]c1ccc(cc1)[N-]S(=O)(=O)c2ccc(cc2)[N+](=O)[O-]
dude_pygm__L001674,C[C@@H]1CCC[C@H]([C@@H]1C)NS(=O)(=O)c2c(cc(cc2F)N)F
dude_pygm__L001675,Cc1cc(sc1C(=O)[O-])S(=O)(=O)[N-]c2ccc(cc2)OC[C@@H]3CCCO3
dude_pygm__L001676,C[C@]1(Cc2c(c(n[nH]2)O)[C@H]([C@@H]1C(=O)OCc3ccccc3)c4ccccc4)O
dude_pygm__L001677,CCc1cc(=O)oc2c1ccc(c2)OCc3nc(nc(n3)N(C)C)N
dude_pygm__L001678,CCc1ccc2c(c1)cc([nH]2)C(=O)NC3Cc4ccccc4N(C3=O)C
dude_pygm__L001679,Cc1cccc(c1NS(=O)(=O)c2cc(cnc2NC)Br)C
dude_pygm__L001680,c1cc(ccc1N2C(=O)/C(=C\c3cc(c(c(c3)Cl)OCC(=O)[O-])Cl)/C(=NC2=O)[O-])Cl
dude_pygm__L001681,c1cc(cc(c1)N2[C@@H](C(=C(C2=O)[O-])C(=O)c3ccc(cc3)F)c4ccc(c(c4)[N+](=O)[O-])Cl)C(=O)[O-]
dude_pygm__L001682,CCOc1ccc(cc1)C2=NN3[C@@H](NN[C@@H]3S2)[C@@H]4C=C(N=N4)C(C)C
dude_pygm__L001683,CC1=C(C(C(=C(N1CC(F)(F)F)C(=O)O)C(=O)O)c2ccccc2Cl)C(=O)OC(C)C
dude_pygm__L001684,CC[C@@H](C(=O)[O-])Oc1ccccc1/C=C/2\C(=O)N=C(S2)[N-]c3ccccc3Br
dude_pygm__L001685,c1ccc(c(c1)n2c3c(c(n2)C(=O)NNC(=O)C45CC6CC(C4)CC(C6)C5)CCC3)F
dude_pygm__L001686,C1CC[C@H]([C@H](C1)C(=O)Nc2c(c3c(s2)CCC3)C(=O)NC4CC4)C(=O)[O-]
dude_pygm__L001687,c1ccc(cc1)c2ccccc2NC(=O)CS[C@H]3NN=C(O3)C4=c5ccccc5=[NH+]C4
dude_pygm__L001688,Cc1c2c(=O)[nH]c(nc2sc1C(=O)[O-])SCC(=O)N3CCC(CC3)C(=O)[O-]
dude_pygm__L001689,Cc1cc(c(c(c1)C)C(=O)C2=C(C(=O)N([C@@H]2c3ccc(cc3)Br)c4cccc(c4)C(=O)[O-])[O-])C
dude_pygm__L001690,Cc1cc(cc(c1C)S(=O)(=O)NCCCCCC(=O)[O-])C(=O)[O-]
dude_pygm__L001691,c1cc(c(cc1S(=O)(=O)c2ccc(c(c2)[N+](=O)[O-])[S-])[N+](=O)[O-])[S-]
dude_pygm__L001692,CC1(C[C@H]1NS(=O)(=O)c2ccc(s2)C[NH3+])C
dude_pygm__L001693,CC[C@@H](C(=O)[O-])Oc1cccc(c1)/C=C\2/C(=O)N(C(=S)S2)c3ccc(c(c3)O)C(=O)[O-]
dude_pygm__L001694,Cc1ccc(cc1[N-]C2=NC(=O)/C(=C\c3c[nH]c4c3cccc4)/S2)C(=O)[O-]
dude_pygm__L001695,CCN1C/C(=C\c2cc(c(c(c2)OC)[O-])[N+](=O)[O-])/C(=O)/C(=C\c3cc(c(c(c3)OC)[O-])[N+](=O)[O-])/C1
dude_pygm__L001696,CCOc1cc(cc(c1O)[N+](=O)[O-])/C=C(\C#N)/c2[nH]c3ccccc3n2
dude_pygm__L001697,COc1ccc(cc1)N2C3=C([C@H](C(=C2N)C#N)c4ccc(c(c4)OC)O)C(=O)CCC3
dude_pygm__L001698,Cc1nc([nH]n1)S/C(=C/c2ccc(cc2)OCc3ccc(cc3)C(=O)[O-])/C(=O)[O-]
dude_pygm__L001699,COc1ccc(cc1)[C@@H]2N=C(N=C3N2C(=CC(=C)N3)[O-])[N-]c4cccc(c4Cl)Cl
dude_pygm__L001700,c1cc(ccc1C(F)(F)F)NC(=O)CSc2nnc(n2N)NN
dude_pygm__L001701,c1ccc(c(c1)n2c(c(nn2)c3nc(cs3)c4cccc(c4)Cl)N)F
dude_pygm__L001702,Cc1ccc2c(cc(=O)oc2c1C)CSc3nc(c(c(n3)[O-])CCC(=O)[O-])C
dude_pygm__L001703,CCS(=O)(=O)[N-]c1ccc(cc1C)NC(=O)C[C@]2(CCSC2)C(=O)[O-]
dude_pygm__L001704,Cc1ccc(cc1NC(=O)CNc2ccc3c(c2)OCCO3)[N+](=O)[O-]
dude_pygm__L001705,CCOC(=O)c1c(c(sc1NC(=O)C[NH+](C2CC2)C(C)C)C(=O)Nc3ccc(cc3C)C)C
dude_pygm__L001706,Cc1cc(cc(c1NC(=O)/C(=C\C(=O)c2c(c3ccccc3oc2=O)[O-])/[O-])C)Br
dude_pygm__L001707,CCOc1ccc(cc1OCC)S(=O)(=O)Nc2cc(cc(c2)C(=O)[O-])C(=O)[O-]
dude_pygm__L001708,c1cc(ccc1c2cc(n(n2)[C@H]3CCCC[C@@H]3O)N)Br
dude_pygm__L001709,CCCSc1nc2c(c(n1)[O-])[C@H](C3=C(CCCC3=N2)[O-])c4ccc(c(c4)[N+](=O)[O-])O
dude_pygm__L001710,Cc1ccc(cc1NC(=O)N2CCC(=CC2)c3c[nH]c4c3cccn4)[N+](=O)[O-]
dude_pygm__L001711,CCN(CC)C(=O)C1=C(N=C2N([C@H]1c3cc(cc(c3)OC)OC)C(=CS2)C=C([O-])[O-])C
dude_pygm__L001712,Cc1ccc(cc1)[C@H](CC(=O)[O-])NS(=O)(=O)c2ccc(cc2)C(=O)[O-]
dude_pygm__L001713,c1ccc(cc1)c2n[nH]c(=S)n2/N=C/c3cc(ccc3O)Cl
dude_pygm__L001714,CC(C)Sc1nc2c(c(n1)[O-])[C@@H](C3=C(CCCC3=N2)[O-])c4ccc(c(c4)[N+](=O)[O-])O
dude_pygm__L001715,Cc1ccc(cc1Cl)N2C(=O)/C(=C\c3ccc(o3)c4ccc(cc4)C(=O)[O-])/N=C2[S-]
dude_pygm__L001716,c1cc(ccc1C(=O)[O-])n2c(=O)c(c(cn2)Oc3ccc(cc3Br)C(=O)[O-])Cl
dude_pygm__L001717,c1cc(cc(c1)[N+](=O)[O-])c2c3c(cc(nc3n[nH]2)c4ccc(cc4)C(=O)[O-])C(=O)[O-]
dude_pygm__L001718,CNc1c(cc(cn1)Br)C(=O)Nc2nc3c(s2)CCCC3
dude_pygm__L001719,c1ccc(cc1)C2CCC3(CC2)Nc4c(cnn4c5ccc(cc5)F)C(=O)N3
dude_pygm__L001720,CC(C)(C)C1=NN=C2[C@H]1[C@@H](C(=C(O2)N)C#N)c3ccccc3C(F)(F)F
dude_pygm__L001721,C[C@@H](C(=O)[O-])Oc1ccc(cc1)/C=C\2/C(=NC(=S)N(C2=O)c3cccc(c3)Br)[O-]
dude_pygm__L001722,c1cc(sc1)C(=O)C2=C(C(=O)N([C@H]2c3ccc(cc3)OC(F)F)c4ccc(cc4)CC(=O)[O-])[O-]
dude_pygm__L001723,CC(C)CC(=O)Nc1ccc(cc1)C(=O)CN2C(=O)[C@@](NC2=O)(C)c3ccc(cc3)OC(F)F
dude_pygm__L001724,CN(C(=[NH2+])N1CCNCC1)N
dude_pygm__L001725,c1cc2c(cc1Cc3ccc4c(c3)c(c5c(n4)CCC5)C(=O)[O-])c(c6c(n2)CCC6)C(=O)[O-]
dude_pygm__L001726,C=CCOc1cccc(c1)[C@@H]2C(=C(C(=O)N2c3cccc(c3)C(=O)[O-])[O-])C(=O)c4ccc5c(c4)OCO5
dude_pygm__L001727,c1c2c(cc(c1F)F)nc([nH]2)Sc3ncc(c(n3)NC4CC4)[N+](=O)[O-]
dude_pygm__L001728,COc1ccc(cc1)[C@@H]2[C@H]3CSCC=C3C(=C(C2(C#N)C#N)N)C#N
dude_pygm__L001729,C[C@H]([C@@H](C[NH3+])N)O
dude_pygm__L001730,c1ccc(c(c1)n2c(c(c(n2)[C@@H]3CCCO3)C#N)N)Br
dude_pygm__L001731,[H]/N=C/1\[C@H](C2=CCCC[C@H]2[C@H](C1(C#N)C#N)c3ccc(cc3)O)C#N
dude_pygm__L001732,C[C@H](C12CC3CC(C1)CC(C3)C2)NC(=O)Cn4c(c(nc4N)C#N)C#N
dude_pygm__L001733,C[C@H](c1ccc(cc1)SC)[NH2+]CCS(=O)(=O)N
dude_pygm__L001734,CCOc1cc(ccc1O)/C=C\2/C(=O)N(C(=S)S2)c3ccc(c(c3)C(=O)[O-])O
dude_pygm__L001735,c1csc2n1c(c(n2)NN)S(=O)(=O)N3CCCC[C@H]3CO
dude_pygm__L001736,Cc1ccc(cc1/N=C\2/NC(=O)/C(=C/c3cc(n(c3C)c4cc(cc(c4)C(=O)[O-])C(=O)[O-])C)/S2)Cl
dude_pygm__L001737,Cc1cc(c(c(c1)O)c2c3c([nH]n2)C(=O)N([C@H]3c4cccc(c4)Cl)CCOC)C
dude_pygm__L001738,CC[C@@H]1Cc2c(c(c(=O)n(c2S1)Cc3ccc(cc3)c4ccccc4c5[n-]nnn5)c6ccccc6)[O-]
dude_pygm__L001739,c1cc(cc(c1)[N+](=O)[O-])[N-]S(=O)(=O)c2cc(ccc2Br)C(=O)[O-]
dude_pygm__L001740,c1c(scn1)[C@H](C[NH3+])O
dude_pygm__L001741,Cc1ccc(s1)CNS(=O)(=O)c2cc(c(cc2N)C)C
dude_pygm__L001742,c1ccc(c(c1)[N-]S(=O)(=O)c2ccc(cc2)C(=O)[O-])n3cncn3
dude_pygm__L001743,CCOc1ccc(cc1)c2c(s/c(=N\C(=O)c3cc(=O)[nH]c4c3cccc4)/[nH]2)C
dude_pygm__L001744,c1cc(ccc1N2C[C@H](CC2=O)C(=O)[O-])S(=O)(=O)[N-]c3ccc(c(c3)[N+](=O)[O-])F
dude_pygm__L001745,c1cc(c(cc1C(C2=C(CCCC2=O)[O-])C3=C(CCCC3=O)[O-])[N+](=O)[O-])[N+](=O)[O-]
dude_pygm__L001746,CCOc1ccc(cc1)NC(=O)[C@]23CC[C@](C2(C)C)(/C(=N/O)/C3)C
dude_pygm__L001747,Cc1cccc(c1)N2C(=O)/C(=C\c3ccc(o3)c4ccc(c(c4)C(=O)[O-])Cl)/C(=NC2=O)[O-]
dude_pygm__L001748,Cc1ccccc1N2C(=O)/C(=C\c3cc(n(c3C)c4cccc(c4)C(=O)[O-])C)/C(=NC2=O)[O-]
dude_pygm__L001749,COc1ccc(cc1OC)[C@@H]2CC3=C([C@@H](Nc4ccccc4N3)c5cccnc5)C(=O)C2
dude_pygm__L001750,c1ccc2c(c1)ncc(n2)[N-]S(=O)(=O)c3ccc(cc3)NC(=O)[C@H]4CCCC[C@@H]4C(=O)[O-]
dude_pygm__L001751,c1ccc2c(c1)nc(c(n2)[N-]S(=O)(=O)c3cccc4c3nsn4)Nc5cccc(c5)C(=O)[O-]
dude_pygm__L001752,C/C=C/[C@@H](C(=O)NC1CCCCC1)N(Cc2ccc(o2)C)C(=O)c3cccc(c3O)O
dude_pygm__L001753,Cc1c(sc(n1)C)[C@@H](C)NC(=O)c2cc(cnc2NN)Br
dude_pygm__L001754,COc1cc(cc(c1)OC)Cn2c(c(c3c2nc4ccccc4n3)C#N)N
dude_pygm__L001755,Cc1c(sc2c1c(nc(n2)SCC(=O)N3CCCCCC3)N)C
dude_pygm__L001756,c1ccc2c(c1)nc(s2)n3c(=O)c(c([nH]3)CSc4ccc(cc4)Cl)/C=[NH+]/CCCO
dude_pygm__L001757,c1ccc2cc(ccc2c1)C(=O)NC(=O)N[C@@H]3[C@H]([C@@H]([C@@H]([C@H](O3)CO)O)O)O
dude_pygm__L001758,Cc1c(c(c(cn1)COP(=O)([O-])[O-])/C=N/CCCC(=O)[O-])O
dude_pygm__L001759,C[C@H]1CCC[C@@H](C1)Nc2cc3c(cc2Br)[nH]c(=O)[nH]3
dude_pygm__L001760,Cc1c(c(nc(n1)SCC(=O)C2=C[C@H](N([C@H]2C)c3ccc4c(c3)OCCO4)C)[O-])CCC(=O)[O-]
dude_pygm__L001761,Cc1ccc(cc1S(=O)(=O)N)[N-]S(=O)(=O)c2c(ccs2)Br
dude_pygm__L001762,c1ccc(cc1)c2c(nn(c2N)c3cccc(c3)[N+](=O)[O-])CN4CCOCC4
dude_pygm__L001763,Cc1nc2ccc(cc2s1)N3[C@@H](N[C@@H](N3)C(C)C)c4cc(=O)[nH]c(=O)[nH]4
dude_pygm__L001764,C[C@@H]1CC2=C([C@@H]3C(=O)c4cccc(c4[C@@H]([C@]3([C@@H]([C@@H]2O)O)O)O)O)C(=O)C1
dude_pygm__L001765,c1ccc(c(c1)c2nn(c(=S)o2)CNc3cccc(c3)[N+](=O)[O-])O
dude_pygm__L001766,C[C@H](CC(=O)Nc1cccc(c1)N2CCCC2)NC(=O)[C@@H]3CCC[NH+]3Cc4ccccc4
dude_pygm__L001767,CCN(C[C@@H]1CCCO1)c2ccc(cc2)C(=[NH2+])N
dude_pygm__L001768,c1ccc(cc1)C(=O)C2=C(C(=O)N([C@H]2c3cc(cs3)Br)c4cccc(c4)C(=O)[O-])[O-]
dude_pygm__L001769,COc1cc(ccc1OCCC(=O)[O-])/C=C/2\C(=O)N=C(S2)[N-]c3ccccc3F
dude_pygm__L001770,CC1CCN(CC1)c2ccc(cc2[N+](=O)[O-])S(=O)(=O)Nc3cc(cc(c3)C(=O)[O-])C(=O)[O-]
dude_pygm__L001771,Cc1ccc2c(c1)sc(n2)c3ccc(cc3)NC(=O)CSc4nc(c(nn4)CCC(=O)[O-])[O-]
dude_pygm__L001772,CCS(=O)(=O)[N-]c1ccc(cc1)[N-]S(=O)(=O)C2=Cc3ccccc3CC2
dude_pygm__L001773,Cc1ccc(cc1[N+](=O)[O-])S(=O)(=O)[N-]c2ccc3c(c2)c(c(o3)c4ccccc4)C(=O)[O-]
dude_pygm__L001774,CCn1c(cc(c(c1=O)[C@H](c2ccc(cc2OC)OC)c3c(n(c(=O)cc3[O-])CC)C)[O-])C
dude_pygm__L001775,c1c(csc1Br)CNC(=O)Nc2nncs2
dude_pygm__L001776,Cc1c(cccc1Cl)NC(=S)N/N=C\c2cn(c3c2cc(cc3)S(=O)(=O)N4CCOCC4)C
dude_pygm__L001777,c1cc2c(cc1NC(=O)CSc3nc(c(nn3)CCC(=O)[O-])[O-])OC4(O2)CCCC4
dude_pygm__L001778,CC[NH+](CC)c1ccc(cc1)NC(=O)Cc2csc(n2)NC(=O)c3ccoc3C
dude_pygm__L001779,c1ccc(cc1)c2csc3c2c(nc(n3)SCc4ccccc4Cl)N5CC[NH+](CC5)CC(=O)N
dude_pygm__L001780,c1cc(c(cc1C(=O)[O-])c2ccc(o2)/C=C/c3[nH]c(=O)c(c(n3)[O-])[N+](=O)[O-])Cl
dude_pygm__L001781,C[C@@H]1C(=O)N=C(S1)[N-]c2ccc(cc2)S(=O)(=O)[N-]c3nccs3
dude_pygm__L001782,C1CCc2c(c3c([nH]2)nc(nc3SCC(=O)[O-])SCC(=O)[O-])C1
dude_pygm__L001783,Cc1ccc(cc1)S(=O)(=O)N2CCC[C@H]2C(=O)Nc3c(c4c(s3)CCC4)C(=O)N
dude_pygm__L001784,CCN1CC=C2[C@@H](C1)[C@@H](C(C(=C2C#N)N)(C#N)C#N)c3ccc(c(c3)F)F
dude_pygm__L001785,Cc1cc(c2c(c1)sc(n2)[N-]S(=O)(=O)c3cc(ccc3Cl)C(=O)[O-])C
dude_pygm__L001786,C=CCN\1C(=O)/C(=C/c2cccc(c2)OCC(=O)[O-])/S/C1=N\c3ccc(c(c3)O)C(=O)[O-]
dude_pygm__L001787,CCC[C@H](C)n1c2c(c(n1)O)[C@H](SCC(=O)N2)c3cccc(c3)[N+](=O)[O-]
dude_pygm__L001788,C[C@@H]1[C@H](c2cc(c(c(c2C(=O)O1)O)OC)O)c3c(cc(cc3O)O)CC(=O)C
dude_pygm__L001789,Cc1ccc(c(c1)O)[N-]C2=NC(=O)/C(=C/c3ccccc3O[C@@H](C)C(=O)[O-])/S2
dude_pygm__L001790,COc1ccnc(c1)C(=O)Nc2ccccc2Oc3ccc(c(c3)C(=O)O)C(=O)O
dude_pygm__L001791,c1cc(cc(c1)O)/C=C\2/C(=O)N=C(S2)[N-]c3ccc(c(c3)C(=O)[O-])O
dude_pygm__L001792,CCNC(=O)c1c2c(sc1NC(=O)/C(=C/c3ccc(c(c3)OCC)O)/C#N)CCCC2
dude_pygm__L001793,Cc1ccc2c(c1)[C@@]3(CC(=O)Nc4c3cnn4c5ccc(cc5)OC)C(=O)N2
dude_pygm__L001794,CC1CCC(CC1)NS(=O)(=O)c2cc(n(c2)C)C(=O)NN
dude_pygm__L001795,Cc1ccc(cc1C)N2C(=O)/C(=C/c3cccc(c3)O)/C(=O)NC2=O
dude_pygm__L001796,c1cc(cc(c1)N2C(=O)/C(=C\3/C(=O)N(C(=S)S3)c4cccc(c4)C(=O)[O-])/SC2=S)C(=O)[O-]
dude_pygm__L001797,Cc1ccc(c(c1)C)[N-]C2=NC(=O)/C(=C\c3ccc(c(c3C(=O)[O-])OC)OC)/S2
dude_pygm__L001798,CCc1ccc(cc1)NC(=O)[C@@H](C)Sc2nc3cc(ccc3n2CC)S(=O)(=O)N
dude_pygm__L001799,C[C@@H]1CCCC[C@H]1N(c2nnc(s2)[S-])S(=O)(=O)c3ccc(cc3)CCC(=O)[O-]
dude_pygm__L001800,C[C@@H]1CCCCN1C(=O)[C@H](C)NC(=O)Nc2ccc(cc2)Br
dude_pygm__L001801,CCOc1ccc(cc1)n2c(c(c(nc2=S)[O-])[C@@H]3c4ccccc4C(=O)O3)[O-]
dude_pygm__L001802,CSc1nc(c(c(=O)n1c2ccccc2)[C@H]3c4ccccc4CC[NH2+]3)[O-]
dude_pygm__L001803,CC(C)C1=NN=C2[C@@H]1[C@H](C(=C(O2)N)C#N)c3c(cccc3Cl)F
dude_pygm__L001804,CC[C@@H](C)N(CC(=O)Nc1cccc(c1C)C)C(=O)CSc2nc(c(c(n2)[O-])CCC(=O)[O-])C
dude_pygm__L001805,CN\1C(=O)/C(=C/c2ccccc2OCc3ccc(cc3)C(=O)[O-])/S/C1=N\c4cccc(c4)C(=O)[O-]
dude_pygm__L001806,Cn1c2c(cn1)c(nc(n2)NC[C@@H]3COCCO3)Nc4ccc(cc4)Cl
dude_pygm__L001807,c1ccc(c(c1)[C@H]2C(=C(C(=O)N2c3nc4ccc(cc4s3)C(=O)[O-])[O-])C(=O)c5ccco5)[N+](=O)[O-]
dude_pygm__L001808,C/C(=N\C[C@@H](C(=O)[O-])NC(=O)OC(C)(C)C)/C1=C(CC(CC1=O)(C)C)[O-]
dude_pygm__L001809,CCOC(=O)c1ccc(cc1)[N-]C2=NC(=O)/C(=C\c3ccccc3O[C@H](C)C(=O)[O-])/S2
dude_pygm__L001810,Cc1ccc(cc1S(=O)(=O)[N-]c2c(c(ns2)C)C(=O)[O-])Br
dude_pygm__L001811,CCOc1cccc(c1)N2C(=O)/C(=C\c3ccc(o3)c4cccc(c4)C(=O)[O-])/C(=NC2=S)[O-]
dude_pygm__L001812,c1cc(ccc1[C@@H]2C(=C(C(=O)N2c3nc4ccc(cc4s3)C(=O)[O-])[O-])C(=O)C5CC5)Br
dude_pygm__L001813,CCOc1ccc(cc1)N2C(=O)/C(=C\c3ccc(c(c3)OCC)O[C@@H](C)C(=O)[O-])/C(=NC2=S)[O-]
dude_pygm__L001814,Cc1ccc(cc1)[C@H](C2CC2)NC(=O)Nc3cccc(c3)N4CCCS4(=O)=O
dude_pygm__L001815,c1ccc2c(c1)c(=O)c3c(o2)OC(=C([C@@H]3c4cccc(c4)Cl)C#N)N
dude_pygm__L001816,c1cc(cc(c1)OCCC(=O)[O-])/C=C\2/C(=O)N(C(=S)S2)c3ccc(c(c3)C(=O)[O-])O
dude_pygm__L001817,COc1ccc(cc1c2c(noc2N)[C@@H]3CCCOC3)Cl
dude_pygm__L001818,C=CCn1c(=O)c2ccccc2n3c1nnc3SCC(=O)Nc4cc(cc(c4)C(=O)[O-])C(=O)[O-]
dude_pygm__L001819,Cc1cc(cc(c1)N2C(=O)/C(=C/c3cc(c(c(c3)Cl)OCC(=O)[O-])Cl)/C(=NC2=O)[O-])C
dude_pygm__L001820,CCOc1ccc(cc1)[N-]C2=NC(=O)/C(=C\c3cc(cc(c3[O-])[N+](=O)[O-])Br)/S2
dude_pygm__L001821,CC[C@H](C(=O)[O-])Oc1ccc(cc1OC)/C=C/2\C(=O)N=C(S2)[N-]c3ccc(cc3C)O
dude_pygm__L001822,Cc1ccc(cc1N2C(=O)/C(=C/c3cccc(c3)OCCC(=O)[O-])/SC2=S)C(=O)[O-]
dude_pygm__L001823,CCOC(=O)c1c(c(c(s1)N)C#N)CSc2nc3ccccc3c(=O)n2c4ccccc4
dude_pygm__L001824,c1ccc(cc1)[C@H](C2CC2)NC(=O)C(=O)Nc3ccc4c(c3)OC5(O4)CCCC5
dude_pygm__L001825,CN(CCCC(=O)[O-])C(=O)c1cc(c(c(c1F)[O-])F)F
dude_pygm__L001826,CCN1CC=C2[C@@H](C1)[C@@H](C(=C(C2(C#N)C#N)N)C#N)c3ccc(s3)Cl
dude_pygm__L001827,c1ccc2c(c1)CC(C(=O)N2)NC(=O)c3cc4cc(ccc4[nH]3)Cl
dude_pygm__L001828,Cc1cc(nc(n1)SCC(=O)N2CCCc3c2ccc(c3)[N+](=O)[O-])N
dude_pygm__L001829,Cc1cc(c(n1c2cc(cc(c2)C(=O)[O-])C(=O)[O-])C)/C=N/c3ccc(cc3)[N+](=O)[O-]
dude_pygm__L001830,c1ccc(c(c1)[N-]S(=O)(=O)c2ccc(c(c2)NC(=O)[C@@H]3CC=CC[C@@H]3C(=O)[O-])Cl)Cl
dude_pygm__L001831,C[C@@H](C(=O)[O-])Oc1ccc(cc1)/C=C\2/C(=O)N(C(=S)S2)c3ccc(cc3)C(=O)[O-]
dude_pygm__L001832,c1c(ccc(c1)OCC(=O)[O-])/C=C\2/C(=O)/C(=C/c3ccc(cc3)OCC(=O)[O-])/CC2
dude_pygm__L001833,c1cc(cc(c1)[N-]C2=NC(=O)/C(=C\c3ccc4c(c3)OCO4)/S2)C(=O)[O-]
dude_pygm__L001834,c1cc(ccc1NS(=O)(=O)c2ccc(cc2)OCC(=O)NCc3ccc4c(c3)OCO4)Cl
dude_pygm__L001835,CC(C)C(=O)N1C[C@@H](C2(C1)CC[NH2+]CC2)C(=O)NC(c3ccc(cc3)OC)c4ccc(cc4)OC
dude_pygm__L001836,c1c(c(cc(c1S(=O)(=O)N2CCO[C@@H]3[C@@H]2CCC3)F)F)N
dude_pygm__L001837,c1cc2c(cc1[N+](=O)[O-])nc([nH]2)SCC(=O)Nc3cc(cc(c3)C(=O)[O-])C(=O)[O-]
dude_pygm__L001838,Cc1ccc(c(c1)C)C(=O)C2=C(C(=O)N([C@@H]2c3ccc(cc3)F)c4cccc(c4)C(=O)[O-])[O-]
dude_pygm__L001839,CCOc1ccccc1C(=O)N2C[C@@H](C3(C2)CC[NH2+]CC3)C(=O)N[C@H](C)Cc4ccccc4OC
dude_pygm__L001840,C[C@]12C[C@H](CC(C1)(C)C)N(C2)C(=O)CS[C@@H](CC(=O)[O-])C(=O)[O-]
dude_pygm__L001841,Cc1c(sc(n1)/N=C(/c2ccc[nH]c2=O)\[O-])c3nnc(n3CC=C)[S-]
dude_pygm__L001842,Cc1ccc(cc1)C(=O)C2=C(C(=O)N([C@H]2c3ccc(cc3)[N+](=O)[O-])c4ccc(cc4)CC(=O)[O-])[O-]
dude_pygm__L001843,c1cc(ccc1C(=O)/C(=C(/NN2C(=O)c3ccc(cc3C2=O)C(=O)[O-])\[O-])/C#N)[N+](=O)[O-]
dude_pygm__L001844,Cc1cc(cc(c1NS(=O)(=O)c2ccc(cc2)N)C)Br
dude_pygm__L001845,Cn1c2c(cn1)[C@@H](CCC2)NC(=O)C(=O)Nc3ccc(cc3)SC(F)(F)F
dude_pygm__L001846,CC1(C(=[N+]([C@@]\2(N1O)CCCCC/C2=N\NC(=S)N)[O-])c3ccco3)C
dude_pygm__L001847,CCc1cccc2c1[nH]cc2C(=O)CN3C(=O)[C@@](NC3=O)(C)c4ccc(cc4)Cl
dude_pygm__L001848,Cc1c(c(nc(n1)SCC(=O)C2=C[C@H](N([C@H]2C)c3ccc(cc3)OC)C)[O-])CCC(=O)[O-]
dude_pygm__L001849,CC1CCC(CC1)(CO)[NH2+][C@@H](C)C(=O)NC(C)C
dude_pygm__L001850,C[C@H]1C=C([C@H](N1c2ccc(cc2)F)C)C(=O)CSc3nc(c(nn3)CCC(=O)[O-])[O-]
dude_pygm__L001851,Cc1ccc(c(c1)F)N[C@H](C)c2ccc(cc2)S(=O)(=O)N
dude_pygm__L001852,CCCN1CC=C2[C@@H](C1)[C@H](C(C(=C2C#N)N)(C#N)C#N)c3ccc(s3)C
dude_pygm__L001853,Cc1ccc(cc1c2nnnn2c3cc(ccc3Cl)Br)N
dude_pygm__L001854,Cc1ccc(cc1Cl)N2C(=O)/C(=C\c3ccc(o3)c4ccc(cc4)C(=O)[O-])/C(=NC2=O)[O-]
dude_pygm__L001855,Cc1ccc(cc1)[C@@H]2CC3=C([C@@H](CC(=O)N3)c4cc(c(c(c4)OC)O)OC)C(=O)C2
dude_pygm__L001856,CCOc1cccc(c1)N2C(=O)/C(=C\c3ccc(cc3)OCc4cccc(c4)C(=O)[O-])/C(=NC2=S)[O-]
dude_pygm__L001857,Cn1c(c(c(nc1=S)[O-])[C@@H](c2ccc(cc2)F)c3c([nH]c(=S)n(c3=O)C)[O-])[O-]
dude_pygm__L001858,C[C@H](C(=O)NC(=O)NC1CCCCC1)Sc2c3c4c(sc3ncn2)CCC4
dude_pygm__L001859,Cc1cc(c(n1c2cccc(c2C)C(=O)[O-])C)/C=C\3/C(=NC(=S)N(C3=O)c4cccc(c4C)Cl)[O-]
dude_pygm__L001860,c1cc(ccc1c2nc([nH]n2)SCC(=O)Nc3ccc(c(c3)Cl)C#N)Cl
dude_pygm__L001861,Cc1ccc2c(cc(=O)oc2c1C)CSc3nnc(s3)N
dude_pygm__L001862,C[C@H](C(=O)[O-])n1cc(c2c1cccc2)/C=C\3/C(=NC(=O)N(C3=O)c4ccc5c(c4)OCO5)[O-]
dude_pygm__L001863,CC[C@H](C(=O)[O-])Oc1cccc(c1)/C=C\2/C(=O)N(C(=S)S2)c3cccc(c3)C(=O)[O-]
dude_pygm__L001864,CC1(COc2ccc(cc2C(=O)N1)NS(=O)(=O)Cc3ccc(cc3)Cl)C
dude_pygm__L001865,c1ccc(c(c1)C(=O)OCC(=O)Nc2ccc3c(c2)CCC3)NS(=O)(=O)c4ccc(cc4)F
dude_pygm__L001866,CCOc1cc(ccc1OCc2ccc(cc2)Cl)/C=C\3/C(=O)N=C(S3)[N-]c4cc(ccc4C)C(=O)[O-]
dude_pygm__L001867,c1cc(ccc1/C=C/C(=O)[O-])S(=O)(=O)[N-]c2ccc(c(c2)C(F)(F)F)Cl
dude_pygm__L001868,Cc1nc([nH]n1)c2ccccc2NC(=O)/C=C\c3cccc(c3)[N+](=O)[O-]
dude_pygm__L001869,c1cc2c(cc1[C@@H](C[NH3+])N)OCO2
dude_pygm__L001870,CCc1[nH]c(c(n1)C)C[NH+]2CCc3c4ccccc4[nH]c3[C@H]2c5cccc(c5OC)OC
dude_pygm__L001871,CC[C@H](C)c1ccc(c(c1)/N=C/c2cc(cc(c2[O-])Br)[N+](=O)[O-])[O-]
dude_pygm__L001872,c1ccc(cc1)c2nc(cs2)/C=C(/c3nc4cc(ccc4c(n3)[O-])C(=O)[O-])\Cl
dude_pygm__L001873,COc1ccc(cc1)c2c(c[nH]n2)C(c3c(c4ccccc4oc3=O)[O-])c5c(c6ccccc6oc5=O)[O-]
dude_pygm__L001874,CSc1ccc(cc1)[C@@H]2C(=C(C(=O)N2c3ccc(cc3)CC(=O)[O-])[O-])C(=O)c4ccccc4F
dude_pygm__L001875,Cc1c2c(n[nH]1)C(=O)N[C@H](N2)c3c(nn(c3Cl)Cc4ccc(cc4)Cl)C
dude_pygm__L001876,Cc1cccc(c1)N2C(=O)/C(=C\c3cc(cc(c3[O-])OC)[N+](=O)[O-])/C(=NC2=O)[O-]
dude_pygm__L001877,C=CCN\1C(=O)/C(=C/c2ccc(cc2)OCC(=O)[O-])/S/C1=N\c3ccc(c(c3)O)C(=O)[O-]
dude_pygm__L001878,Cc1c(sc2c1c(nc(n2)C[NH+]3CCC(CC3)C)Sc4nc(c(s4)CC(=O)N)C)C
dude_pygm__L001879,Cc1cc(c(n1c2cc(cc(c2)C(=O)[O-])C(=O)[O-])C)/C=N/c3ccc(cc3)N4CCOCC4
dude_pygm__L001880,c1cc(c(cc1Br)S(=O)(=O)N[C@H]2CCCc3c2ccs3)N
dude_pygm__L001881,CCOC(=O)[C@]1([C@@H]2[C@@H]([C@H](N1)c3ccc(c(c3)OC)O)C(=O)N(C2=O)c4ccccc4)c5ccccc5
dude_pygm__L001882,C1C[C@@H](C[C@@H](C1)C(=O)NC[C@@H]2CCCOC2)CC[NH3+]
dude_pygm__L001883,c1ccc2c(c1)c(c[nH]2)CCCC(=O)N3CCC4(CC3)NC(=O)c5ccccc5O4
dude_pygm__L001884,c1ccc(c(c1)C(=O)C2=C(C(=O)N([C@@H]2c3ccc4c(c3)OCCO4)c5cccc(c5)C(=O)[O-])[O-])F
dude_pygm__L001885,Cc1c(c(nc(n1)SCC(=O)C2=C[C@H](N([C@H]2C)c3ccc(cc3)OC(F)F)C)[O-])CCC(=O)[O-]
dude_pygm__L001886,C[C@H](c1cccc(c1)S(=O)(=O)N)NC(=O)Nc2ccc3c(c2)OCCCO3
dude_pygm__L001887,c1ccc2c(c1)CCN(C2)c3c(c(ncn3)Sc4cccc5c4nccc5)N
dude_pygm__L001888,CCc1ccccc1[N-]C2=NC(=O)/C(=C\c3ccccc3OCCC(=O)[O-])/S2
dude_pygm__L001889,CC(C)NC(=O)C(=O)Nc1c(c2c(s1)COC(C2)(C)C)C(=O)N
dude_pygm__L001890,c1c(cc(c(c1Cl)[N-]S(=O)(=O)CCCC(=O)[O-])Cl)Br
dude_pygm__L001891,c1ccc(c(c1)C(=O)C2=C(C(=O)N([C@@H]2c3cccc(c3)F)c4cccc(c4)C(=O)[O-])[O-])F
dude_pygm__L001892,Cc1cc(c(c(=O)[nH]1)[C@H](c2cccc(c2)[N+](=O)[O-])[C@H]3C(=CC(=NC3=O)C)[O-])[O-]
dude_pygm__L001893,C[C@@H]1C=C([C@H](N1c2ccc(cc2)F)C)C(=O)CSc3nc(c(nn3)CCC(=O)[O-])[O-]
dude_pygm__L001894,C[C@@H]1CCC[C@@](C1)(C[NH3+])N(C)CCC(=O)NC2CC2
dude_pygm__L001895,c1ccc2c(c1)c(cs2)[C@H](C[NH3+])N
dude_pygm__L001896,C([C@H]1C(=O)N=C(S1)N)[NH3+]
dude_pygm__L001897,CCn1c2ccc(cc2nc1S[C@H](C)C(=O)Nc3ccc(cc3)Cl)S(=O)(=O)N
dude_pygm__L001898,Cc1ccc2c(c1)cc([nH]2)C(=O)NC3Cc4ccccc4N(C3=O)C
dude_pygm__L001899,Cc1cccc(c1NC(=O)/C(=C/C(=O)c2cccc(c2)/N=C\3/C=C(C(=O)c4c3cccc4)[O-])/[O-])C(C)C
dude_pygm__L001900,CCOc1ccccc1n2c(c(nn2)c3nc(no3)c4cccs4)N
dude_pygm__L001901,Cc1c(c(nc(c1C#N)[O-])[O-])/C=N/c2ccc(cc2)S(=O)(=O)N(C)C
dude_pygm__L001902,Cc1ccc(cc1S(=O)(=O)N(c2nnc(s2)[S-])[C@@H]3CCCC[C@@H]3C)C(=O)[O-]
dude_pygm__L001903,C=CCOc1cccc(c1)[C@H]2C(=C(C(=O)N2c3cccc(c3)C(=O)[O-])[O-])C(=O)C4CC4
dude_pygm__L001904,CCOC(=O)c1c(csc1NC(=O)CSc2nc(c(c(n2)[O-])CCC(=O)[O-])C)CC(C)C
dude_pygm__L001905,CCN(CC)c1ccc(cc1)/C=C\2/C(=O)N(C(=S)S2)[C@H](CC(=O)[O-])C(=O)[O-]
dude_pygm__L001906,CC1([C@@H](N(C(=S)S1)/N=C/c2ccc(cc2)N(C)C)N(C(=O)NC)O)C
dude_pygm__L001907,CN\1C(=O)/C(=C/c2cccc(c2)OCC(=O)[O-])/S/C1=N\c3cccc(c3)C(=O)[O-]
dude_pygm__L001908,Cc1c(c(sn1)[N-]S(=O)(=O)c2cccc(c2)Br)C(=O)[O-]
dude_pygm__L001909,Cc1ccc(cc1F)NC(=O)[C@@H](C)Sc2nc(c(nn2)CCC(=O)[O-])[O-]
dude_pygm__L001910,c1cc(nc(c1Cl)CSc2nnc3n2CCCCC3)N
dude_pygm__L001911,C1CCc2c(c3c(=O)[nH]c(nc3s2)S[C@H](CC(=O)[O-])C(=O)[O-])C1
dude_pygm__L001912,c1cc(ccc1c2nc([nH]n2)SCc3[nH]c(=O)c4c(n3)ccs4)Cl
dude_pygm__L001913,c1cc(ccc1C(=O)[O-])N2C(=O)/C(=C/c3cc(ccc3[O-])[N+](=O)[O-])/SC2=S
dude_pygm__L001914,COC(=O)c1ccc(cc1)[C@H]2[C@@H]3C(=NN=C3OC(=C2C#N)N)c4ccccc4
dude_pygm__L001915,Cc1cc(c(c(n1)C(C)C)C#C[P@](=O)(C[C@@H](CC(=O)[O-])O)[O-])c2ccc(cc2)F
dude_pygm__L001916,c1cc(cc(c1)C(=O)[O-])COc2ccc(cc2Cl)/C=C/3\C(=NC(=O)N(C3=O)c4ccc(cc4)Cl)[O-]
dude_pygm__L001917,Cc1c(cnc(n1)N2CCCC2)c3cc(=O)[nH]c(n3)NCc4ccccc4
dude_pygm__L001918,CC[C@H](C(=O)[O-])Oc1ccc(cc1)/C=C/2\C(=O)N=C(S2)[N-]c3ccccc3F
dude_pygm__L001919,c1ccc(c(c1)[C@@H]2C(=C(C(=O)N2c3cccc(c3)C(=O)[O-])[O-])C(=O)c4ccc(cc4)F)[N+](=O)[O-]
dude_pygm__L001920,C[C@H](/C(=N/c1nnc(s1)C(C)C)/[O-])Sc2nc(cc(n2)[O-])C(C)C
dude_pygm__L001921,C1CCC(CC1)(CNC(=O)N2CCC[C@@H](C2)O)N3CCOCC3
dude_pygm__L001922,CCCc1cc(nc(n1)S[C@@H](CC)/C(=N/c2nnc(s2)C)/[O-])[O-]
dude_pygm__L001923,c1ccc(cc1)c2ccc(cc2)[C@@H]3C4=C(N=N[C@@H]4NC5=C3C(=O)CCC5)O
dude_pygm__L001924,c1cc(c(cc1[N-]S(=O)(=O)CCC(=O)[O-])C(F)(F)F)Br
dude_pygm__L001925,CC[C@H]1COc2ccc(cc2C(=O)N1)NS(=O)(=O)c3cccc4c3cccc4
dude_pygm__L001926,c1cc(cc(c1)N2[C@@H](C(=C(C2=O)[O-])C(=O)c3ccc4c(c3)OCO4)c5cccs5)C(=O)[O-]
dude_pygm__L001927,Cc1c(c(c(nc1c2ccccc2)C(C)C)C#C[P@](=O)(C[C@@H](CC(=O)[O-])O)[O-])c3ccc(cc3)F
dude_pygm__L001928,CN1[C@H]2CC[C@@H]1[C@H]3[C@@H](C(C(=C(C3=C2)C#N)N)(C#N)C#N)c4ccccc4C(F)(F)F
dude_pygm__L001929,Cc1ccc(c2c1N[C@H]([C@H]3[C@@H]2C=CC3)c4c[nH]c5c4cccc5)[N+](=O)[O-]
dude_pygm__L001930,CC(C)c1c(c(cc(n1)C(C)(C)C)c2ccc(cc2)F)CC[P@](=O)(C[C@@H](CC(=O)[O-])O)[O-]
dude_pygm__L001931,Cc1ccccc1[N-]S(=O)(=O)C2=CN=C(C2)[C@H]3NN[C@@H](O3)c4ccccc4
dude_pygm__L001932,C[C@@H](c1ccc2c(c1)CC(=O)N2)Nc3c4ccsc4ncn3
dude_pygm__L001933,C[C@H](c1nc(no1)c2c(non2)N)Oc3ccccc3Br
dude_pygm__L001934,CCCN(CCC)c1ccc(cc1C(=O)[O-])[N-]S(=O)(=O)c2ccc(s2)Cl
dude_pygm__L001935,c1ccc(cc1)N2C(=O)/C(=C/c3ccc(o3)c4cc(ccc4Cl)C(=O)[O-])/C(=NC2=O)[O-]
dude_pygm__L001936,CCO[P@]1(=O)NN2CCc3cc(c(cc3[C@@H]2CO1)O)c4ccccc4O
dude_pygm__L001937,Cc1ccc(cc1)c2ccc(o2)/C=C\3/C(=O)N(C(=S)S3)[C@@H](CC(=O)[O-])C(=O)[O-]
dude_pygm__L001938,C1CC[NH+]([C@@H](C1)C[NH3+])CC(=O)[O-]
dude_pygm__L001939,CC[NH+]1CCC[C@@H]1CN(Cc2cc3cc4c(cc3[nH]c2=O)OCCO4)C(=O)Nc5ccc(cc5)C
dude_pygm__L001940,c1ccc(cc1)CONC(=O)CSc2nnc(n2N)c3ccccc3Br
dude_pygm__L001941,c1ccc2c(c1)nc(c(=O)n2CCO)Nc3ccc(cc3)C(=O)NCc4cccs4
dude_pygm__L001942,C=CCN\1C(=O)/C(=C/c2cccc(c2)OCCC(=O)[O-])/S/C1=N\c3ccccc3C(=O)[O-]
dude_pygm__L001943,c1ccc(cc1)c2ccc(cc2)[C@@H]3C(=C(C(=O)N3c4ccc(cc4)CC(=O)[O-])[O-])C(=O)c5ccco5
dude_pygm__L001944,Cc1ccc(cc1[N-]S(=O)(=O)c2cc(cs2)C(=O)[O-])Br
dude_pygm__L001945,Cc1c(c(nc(n1)SCC(=O)C2=C[C@@H](N([C@H]2C)c3ccc(cc3)OC)C)[O-])CCC(=O)[O-]
dude_pygm__L001946,Cc1cc(n(n1)C(=O)CSc2nc([nH]n2)NN=C3CCCCCC3)C
dude_pygm__L001947,CCc1ccc(cc1)/N=C\2/C(=C(/C(=C/c3ccc(c(c3)OC)OCC(=O)[O-])/S2)[O-])C(=O)OCC
dude_pygm__L001948,CCn1c(nnc1SCC(=O)Nc2cc(cc(c2)C(=O)[O-])C(=O)[O-])c3ccc(cc3)Cl
dude_pygm__L001949,C[C@H](C(=O)Nc1ccc(c(c1)Cl)C#N)Nc2ccc3c(c2)OCCCO3
dude_pygm__L001950,Cc1ccc2cc(c(=O)[nH]c2c1)[C@H]3c4c(n[nH]c4OC(=C3C#N)N)C
dude_pygm__L001951,CCc1c(sc(c1C(=O)N)NC(=O)[C@@H]2C[C@H]3CC[C@@H]2C3)C
dude_pygm__L001952,CCOc1cccc(c1)C2=[NH+][C@@H](ON2)c3ccc4c(c3)[nH]c(=O)n(c4=O)Cc5ccc(cc5)F
dude_pygm__L001953,c1ccc(cc1)[N-]S(=O)(=O)/N=C(/c2cccn2c3ccc(cc3Cl)[N+](=O)[O-])\[O-]
dude_pygm__L001954,CCCCn1c(c(nc1SCC(=O)Nc2cc(cc(c2C)C)S(=O)(=O)N)C)C
dude_pygm__L001955,Cc1ccn2cc(nc2c1)C(=O)N[C@H](C)c3ccc4c(c3)[nH]c(=O)[nH]4
dude_pygm__L001956,CC(C)CS(=O)(=O)[N-]c1ccc(c(c1)Cl)[N-]S(=O)(=O)C
dude_pygm__L001957,Cc1c2ccccc2oc1[C@@H](C)NC(=O)Nc3ccccc3CC(=O)NC
dude_pygm__L001958,CCCCN(CCO)C(=O)[C@H]1CC[C@@H]([C@@H](C1)C)[NH3+]
dude_pygm__L001959,C1CCC2=C(CC1)S[C@@H]([C@@H]2C#N)NC(=O)CSc3nc(c(nn3)CCC(=O)[O-])[O-]
dude_pygm__L001960,c1ccc(c(c1)[C@@H]2[C@@H]3CC=C[C@H]3c4cc(ccc4N2)S(=O)(=O)N5CCCC5)O
dude_pygm__L001961,c1cc(c(cc1N)F)c2nnnn2c3ccc(cc3Cl)Br
dude_pygm__L001962,c1cc(c(cc1C(=O)[O-])N2[C@H](C(=C(C2=O)[O-])C(=O)C3CC3)c4cc5c(c(c4)Cl)OCCO5)Cl
dude_pygm__L001963,CCOc1ccc(cc1)c2cn(nc2N)S(=O)(=O)c3cc(sc3Cl)Cl
dude_pygm__L001964,Cc1ccc(cc1)[C@@H]2[C@H]([C@@H](SC(=C2C#N)N)c3ccccc3)[N+](=O)[O-]
dude_pygm__L001965,Cc1cc(c(n1c2ccc(cc2)O)C)/C=N\Nc3ccc(cn3)[N+](=O)[O-]
dude_pygm__L001966,CN(C)c1ccc(cc1)[C@@H](CNC(=O)C(=O)Nc2ccc(c(c2)Cl)F)[NH+]3CCCC3
dude_pygm__L001967,Cc1cccc(c1)[C@H]2NN=C(N2CCC(=O)[O-])SCc3[nH]c(=O)c4ccc(cc4n3)C(=O)[O-]
dude_pygm__L001968,CN1c2ccccc2CC(C1=O)NC(=O)c3cc4cccc(c4[nH]3)Cl
dude_pygm__L001969,c1cc(ccc1N[C@@H]2CC(=O)N(C2=O)c3cc(cc(c3)C(=O)[O-])C(=O)[O-])[N+](=O)[O-]
dude_pygm__L001970,CCOc1cc(cc(c1[O-])[N+](=O)[O-])/C=C\2/C(=NC(=O)N(C2=O)c3ccc(cc3)OC)[O-]
dude_pygm__L001971,Cc1ccccc1/C=C\2/C(=O)N(C(=S)S2)NC(=O)c3ccccc3O
dude_pygm__L001972,c1ccc(c(c1)[C@@H]2C(=C(C(=O)N2c3ccc(cc3)CC(=O)[O-])[O-])C(=O)c4ccco4)OCC#N
dude_pygm__L001973,c1cc(cc(c1)S(=O)(=O)[N-]c2ccc(c(c2)S(=O)(=O)N3CCCC3)Cl)C(=O)[O-]
dude_pygm__L001974,CCc1[nH]nc(n1)[C@H](C2CC2)[NH3+]
dude_pygm__L001975,Cc1c(nc(nn1)SCc2ccc(cc2)CSc3nc(c(nn3)C)[O-])[O-]
dude_pygm__L001976,Cc1c[nH+]c([nH]1)[C@H](C)N
dude_pygm__L001977,COc1ccc(cc1)C(c2ccc(cc2)OC)NC(=O)[C@@H]3CN(CC34CC[NH2+]CC4)C(=O)C5CCC5
dude_pygm__L001978,Cc1ccc(cc1N2C(=O)/C(=C/c3ccc(cc3)O[C@H](C)C(=O)[O-])/SC2=S)C(=O)[O-]
dude_pygm__L001979,CC[C@@H](C)[C@H]([C@@](C)(/C=C/C1=CC2=C(C(=O)[C@@]([C@@H](C2=CO1)O)(C)O)O)O)O
dude_pygm__L001980,c1ccc(cc1)NC(=O)C[NH+]2CCC(CC2)NS(=O)(=O)c3ccc(cc3)OC(F)(F)F
dude_pygm__L001981,c1ccc2cc(ccc2c1)C3=NO[C@]4(C3)[C@@H]([C@H]([C@@H]([C@H](O4)CO)O)O)O
dude_pygm__L001982,CN(c1ccc(cc1)C#N)S(=O)(=O)c2ccc(c(c2)N)Cl
dude_pygm__L001983,CCOc1ccccc1[C@@H]2c3c(c4ccccc4[nH]3)CCN2C(=O)c5cc([nH]n5)C
dude_pygm__L001984,CC(C)(C)[C@H]1CCC2=C3[C@@H](N[C@@H](NC3=O)c4cc(=O)[nH]c(=O)[nH]4)S[C@@H]2C1
dude_pygm__L001985,Cc1c2c(ncnc2sc1C(=O)N[C@@H](C)c3ccco3)NCC4(CCOCC4)c5ccccc5
dude_pygm__L001986,Cc1c(c(n(n1)C)C)CCCN(C)c2ccc(cc2[N-]S(=O)(=O)c3cccs3)C(=O)[O-]
dude_pygm__L001987,CCSc1[nH]c(=O)c(c(n1)[O-])C(c2ccc(cc2)C(C)C)c3c(=O)[nH]c(nc3[O-])SCC
dude_pygm__L001988,COc1cc(ccc1OCc2ccccc2)/C=N/NC(=O)C(=O)Nc3ccc(cc3)Br
dude_pygm__L001989,CCOc1ccc(cc1)n2c(c(nn2)c3nc(no3)c4ccccc4C)N
dude_pygm__L001990,Cc1ccc(cc1N2[C@H](C(=C(C2=O)[O-])C(=O)c3ccc4c(c3)OCO4)c5ccc(s5)C)C(=O)[O-]
dude_pygm__L001991,Cc1ccc(cc1C)N2[C@H]3[C@H](C(=NC2=O)[O-])[C@@](C(=O)N3)(c4c(nn(c4[O-])c5ccccc5)C)C(F)(F)F
dude_pygm__L001992,C/C=C(\C)/[C@@H]1[C@@H]([C@@H]2[C@@H]([C@@H](CC[C@@H]2C=C1C)OS(=O)(=O)[O-])C)/C=C/C=C/C(=O)[O-]
dude_pygm__L001993,c1cc2c(cc1Br)nc(n2C3CCC(CC3)O)N
dude_pygm__L001994,c1cc(c(cc1Br)[N-]S(=O)(=O)N2CCC[C@@H](C2)C(=O)[O-])Br
dude_pygm__L001995,Cc1ccsc1[C@H]2C(=C(C(=O)N2c3cccc(c3)C(=O)[O-])[O-])C(=O)c4ccco4
dude_pygm__L001996,Cc1ccc(cc1N2[C@@H](C(=C(C2=O)[O-])C(=O)C3CC3)c4ccc(cc4)SC)C(=O)[O-]
dude_pygm__L001997,c1cc(c(cc1Oc2ccc(cc2NC(=O)c3cc(ccn3)N(=O)=O)F)C(=O)O)C(=O)O
dude_pygm__L001998,C[C@H](C(=O)N)OC(=O)c1c2ccccc2nc\3c1CC/C3=C\c4ccc(cc4)O
dude_pygm__L001999,Cn1cnnc1Sc2ccc(cc2[N-]S(=O)(=O)c3ccc(cc3)CCC(=O)[O-])Cl
dude_pygm__L002000,CC[C@@H](C)N1C(=O)[C@H]2[C@H](N[C@]3([C@H]2C1=O)c4ccc(c(c4NC3=O)C)C)C
dude_pygm__L002001,Cc1c(nc(s1)NC2CCCCC2)c3ccc4c(c3)NC(=O)CO4
dude_pygm__L002002,Cc1ccc(cc1S(=O)(=O)[N-]c2ccc(c(c2)S(=O)(=O)N3CCOCC3)Cl)C(=O)[O-]
dude_pygm__L002003,C[C@H](c1cccc(c1)O)N(C)C(=O)Nc2cccc(c2)c3nnnn3C
dude_pygm__L002004,Cc1ccc(cc1)/C=N/NC(=O)C(=O)Nc2ccc(c(c2)[N+](=O)[O-])Cl
dude_pygm__L002005,Cc1ccc(cc1)C(=O)C2=C(C(=O)N([C@@H]2c3ccc(cc3)SC)c4cccc(c4)C(=O)[O-])[O-]
dude_pygm__L002006,c1cc(sc1C2=N[C@@H]3[C@@H]([C@@H]2[C@@H]4C(=NC(=O)NC4=O)N)[C@@H](NC(=O)N3)O)Cl
dude_pygm__L002007,c1ccc(cc1)C/N=C(\c2ccccc2)/C(=C(\c3ccccc3)/[O-])/C(=O)/C(=N/c4ccc(cc4)[N+](=O)[O-])/[O-]
dude_pygm__L002008,COc1ccc(c(c1OC)C(=O)[O-])/C=C/2\C(=O)N=C(S2)[N-]c3ccc(c(c3)C(F)(F)F)Cl
dude_pygm__L002009,Cc1c(c(nc(n1)SCC(=O)N2C[C@@H](C[C@H](C2)C)C)[O-])CCC(=O)[O-]
dude_pygm__L002010,[H]/N=C/1\[C@H](C2=CCCC[C@H]2[C@@H](C1(C#N)C#N)c3ccccc3O)C#N
dude_pygm__L002011,CCn1c2ccc(cc2nc1COc3ccc4c(c3)occ4CC(=O)[O-])C(=O)[O-]
dude_pygm__L002012,CCCCCn1c2ccccc2c(=O)c(c1[O-])/C(=N/c3nc(cs3)c4ccccc4)/[O-]
dude_pygm__L002013,CC(C)c1cc(n(n1)c2cccc(c2)Br)S(=O)(=O)N
dude_pygm__L002014,CCOc1ccc(cc1OC)[C@@H]2Nc3c(c4c(s3)C[C@@H](CC4)C)C(=N2)O
dude_pygm__L002015,CCOc1ccc(cc1)S(=O)(=O)[N-][N-]S(=O)(=O)c2ccc(cc2C)C
dude_pygm__L002016,CC(C)(C)c1ccc(cc1)[C@@H]2C(=C(C(=O)N2c3ccc(cc3)CC(=O)[O-])[O-])C(=O)c4ccccc4F
dude_pygm__L002017,C[C@@H](C(=O)Nc1ccc(c(c1F)F)F)Sc2nc([nH]n2)N
dude_pygm__L002018,CCCCc1nnc(s1)/N=C(/c2c(=O)c3ccccc3[nH]c2[O-])\[O-]
dude_pygm__L002019,C[C@@]12C[C@@H]([C@@]3([C@@H]([C@H]1C[C@@H]([C@@]2(C(=O)CO)O)O)CCC4=CC(=O)C=C[C@]43C)F)O
dude_pygm__L002020,C[C@H](c1ccc2c(c1)OCCCO2)NC(=O)Nc3ccc(nc3)n4cccn4
dude_pygm__L002021,Cc1cc(c(c(c1)C)NC(=O)[C@H](C)SC2=NN/C(=C/3\C=Nc4c3cccc4)/O2)C
dude_pygm__L002022,CCN1C(=[NH2+])[C@H]([NH+]=C1C2CC2)c3cc(ccc3OC)Br
dude_pygm__L002023,Cn1cc(c2c1cccc2)/C(=N/S(=O)(=O)[N-]c3ccc(cc3)Br)/[O-]
dude_pygm__L002024,Cc1ccc(cc1S(=O)(=O)N2CCN(CC2)S(=O)(=O)c3ccc(cc3)C(=O)[O-])C(=O)[O-]
dude_pygm__L002025,Cc1cccc(c1)[C@H]2c3c(=O)[nH]c(nc3NC4=C2C(=O)CCC4)SC
dude_pygm__L002026,CCOc1cc(ccc1OCCC(=O)[O-])/C=C/2\C(=O)N=C(S2)[N-]c3ccc(cc3)Cl
dude_pygm__L002027,CC(=O)Nc1ccc2c(c1)[C@H]3C=CC[C@@H]3[C@H](N2)c4c[nH]c5c4cccc5
dude_pygm__L002028,c1cc(ccc1C(=O)N/N=C/c2ccc(c(c2)OCC(=O)[O-])OCC(=O)[O-])Br
dude_pygm__L002029,CCn1c2ccc(cc2nc1CSc3nnc(n3CCC(=O)[O-])c4cccc(c4)C)C(=O)[O-]
dude_pygm__L002030,c1ccc(cc1)n2c(nnc2SCC(=O)Nc3cc(cc(c3)C(=O)[O-])C(=O)[O-])c4ccco4
dude_pygm__L002031,c1cc2c3c(ccc4c3c1C(=O)N(C4=O)CCCCCC(=O)[O-])C(=O)N(C2=O)CCCCCC(=O)[O-]
dude_pygm__L002032,C1CCCC[C@H](C(=O)[C@H](CCCC1)CCC(=O)[O-])CCC(=O)[O-]
dude_pygm__L002033,CCn1c(nnc1SCC(=O)Nc2cc(cc(c2)C(=O)[O-])C(=O)[O-])c3ccccc3
dude_pygm__L002034,c1ccc(cc1)CCn2c3ccccc3nc2SCC(=O)Nc4cc(cc(c4)C(=O)[O-])C(=O)[O-]
dude_pygm__L002035,CNc1ccc(cc1[N+](=O)[O-])/C=N/n2c(n[nH]c2=S)c3ccccc3
dude_pygm__L002036,C[C@@H]([C@@]1(CC[C@H]2[C@]1(CC(=O)[C@@H]3[C@@H]2CC[C@@H]4[C@]3(CC[C@H](C4)O)C)C)O)O
dude_pygm__L002037,CC(C)Oc1c(cc(cc1Br)Br)/C=C\2/C(=O)NC(=O)N2
dude_pygm__L002038,c1cc(ccc1C(=O)[O-])S(=O)(=O)N2[C@H]3CCCC[C@H]3C[C@H]2C(=O)[O-]
dude_pygm__L002039,CCc1ccc(cc1)CN(Cc2cccnc2)C(=O)Nc3ccc(cc3)S(=O)(=O)N
dude_pygm__L002040,CSc1cc2c(cc1O)[C@H]3CO[P@@](=O)(NN3CC2)SC
dude_pygm__L002041,C[C@H](CCC(=O)[O-])[C@@H]1CC[C@@H]2[C@@]1([C@@H](C[C@@H]3[C@@H]2CC[C@@H]4[C@@]3(CC[C@H](C4)OC(=O)CCC(=O)[O-])C)O)C
dude_pygm__L002042,CCOC(=O)[C@H]1CC[C@@]2([C@@]1(C[C@@H]([C@@H]3[C@@H]2CC[C@@]4([C@@]3([C@@H](CC(=O)C4)O)CO)O)O)C)O
dude_pygm__L002043,Cc1cc(nc(n1)SCC(=O)Nc2cc(cc(c2)[N+](=O)[O-])C(=O)[O-])[O-]
dude_pygm__L002044,Cc1cc(ccc1c2ccc(o2)/C=C/3\C(=O)N(C(=O)S3)CC(=O)[O-])C(=O)[O-]
dude_pygm__L002045,CC1=NC(=O)[C@H]2[C@H](C(=C(OC2=C1)N)C#N)c3ccc(cc3)C(F)(F)F
dude_pygm__L002046,c1cc(c(c(c1S(=O)(=O)[N-]c2ncc(s2)Br)Cl)C(=O)[O-])Cl
dude_pygm__L002047,COC(=O)c1ccccc1[N-]C2=NC(=O)/C(=C\c3ccc(cc3)OCC(=O)[O-])/S2
dude_pygm__L002048,CC(C)C(=O)Nc1ccc(cc1)NC(=O)CCc2ccc(cc2)S(=O)(=O)N3CCCCCC3
dude_pygm__L002049,Cc1cc(c(n1c2cc(cc(c2)C(=O)[O-])C(=O)[O-])C)/C=C(\C#N)/C(=O)Nc3ccc(cc3)F
dude_pygm__L002050,CC1(CC2=C([C@H](C(=C(O2)N)C(=O)OC)c3ccc4c(c3)OCO4)C(=O)C1)C
dude_pygm__L002051,c1ccc(cc1)NC(=O)C[NH+]2CCC(CC2)NS(=O)(=O)C3=Cc4ccccc4CC3
dude_pygm__L002052,COC(=O)[C@]1(C(=C(C(=O)N1c2ccccc2)[O-])C(=O)c3ccc(cc3)Br)[O-]
dude_pygm__L002053,Cc1ccc(cc1)[C@@H]2C(=C(C(=O)N2c3nc4ccc(cc4s3)C(=O)[O-])[O-])C(=O)c5ccccc5F
dude_pygm__L002054,C[C@@H](C(=O)Nc1cc(c(cc1Cl)Cl)Cl)Sc2nc(c(nn2)CCC(=O)[O-])[O-]
dude_pygm__L002055,CCc1ccc(cc1)N2C(=O)/C(=C/c3ccc(c(c3)Br)OCC(=O)[O-])/C(=NC2=S)[O-]
dude_pygm__L002056,CCOC(=O)C1=C(S/C(=C/c2cc(c(c(c2)OC)OC)O)/C1=O)Nc3cccc(c3)Cl
dude_pygm__L002057,Cc1ccc(c(c1)Br)c2ccc(o2)/C=C\3/C(=O)N(C(=S)S3)[C@@H](CC(=O)[O-])C(=O)[O-]
dude_pygm__L002058,Cc1c(c2c(c(sc2nc1C)C(=O)c3ccc4c(c3)OCCO4)N)C
dude_pygm__L002059,CCOC(=O)[C@@H]1CCCN(C1)c2ccc(cc2C(=O)[O-])[N-]S(=O)(=O)c3ccc(s3)Cl
dude_pygm__L002060,CCOC(=O)c1c(c(c([nH]1)C)[C@H]2c3c(n[nH]c3OC(=C2C#N)N)C)C
dude_pygm__L002061,c1cc(ccc1NC(=O)N[C@H]2CCC[C@@H](C2)C(F)(F)F)N3CCCC3=O
dude_pygm__L002062,CN[C@@H]1CS(=O)(=O)C[C@@H]1[NH3+]
dude_pygm__L002063,C1CCC2(CC1)[C@@H](C(=NC(=C2C#N)SCCSC3=C(C4(CCCCC4)[C@H](C(=N3)[O-])C#N)C#N)[O-])C#N
dude_pygm__L002064,C[C@H](C(=O)N1CCC[C@@H](C1)C(=O)N)Sc2nnc(s2)N
dude_pygm__L002065,Cc1ccc(cc1)n2c(=O)c3c(c(cn3C)C(=O)N[C@H](C)c4ccccc4)[nH]c2=O
dude_pygm__L002066,C[C@@H](c1ccc(cc1)NC(=O)NC2CC2)N[C@H](C)C(=O)NC(=O)NC
dude_pygm__L002067,Cc1cc(n(n1)c2nnc(n2N)SCc3c(nc4ccccc4n3)C)C
dude_pygm__L002068,Cc1cc(on1)[N-]S(=O)(=O)c2ccc(cc2Br)C(=O)[O-]
dude_pygm__L002069,c1c(cc(cc1C(=O)[O-])NC(=O)CSc2nnc(o2)C3CCCCC3)C(=O)[O-]
dude_pygm__L002070,c1ccc(c(c1)NC(=O)c2cc(ccn2)Cl)Oc3ccc(c(c3)C(=O)O)C(=O)O
dude_pygm__L002071,c1ccc(c(c1)NC(=O)N2CCC(=CC2)c3c[nH]c4c3cccn4)Br
dude_pygm__L002072,Cc1ccc(cc1C)C2=NN=C3[C@H]2[C@@H](C(=C(O3)N)C#N)c4ccoc4
dude_pygm__L002073,C[C@@H]1CC2=C([C@H](n3c(nc(n3)SC)N2)c4cccc(c4)O)C(=O)C1
dude_pygm__L002074,CN(C)Nc1c(c(ncn1)Nc2ccc(cc2F)Br)[N+](=O)[O-]
dude_pygm__L002075,Cc1ccc(o1)[C@@H]2c3c([nH]nc3O)NC4=C2C(=O)C[C@H](C4)c5ccco5
dude_pygm__L002076,C[C@]12CC[C@H]3C(=O)O[C@@H](C[C@@]3([C@H]1CC[C@H]([C@]2(C)O)O)C)c4ccoc4
dude_pygm__L002077,C1CNCC2=NC(=N[C@@H]21)CC[NH3+]
dude_pygm__L002078,c1ccc2c(c1)c(=O)c(c(o2)O)[C@H](c3cc(cc(c3[O-])[N+](=O)[O-])Cl)c4c(=O)c5ccccc5oc4[O-]
dude_pygm__L002079,c1cc(cc(c1)N2[C@H](C(=C(C2=O)[O-])C(=O)c3ccc(cc3)F)c4ccc(cc4)Cl)C(=O)[O-]
dude_pygm__L002080,Cc1c(c(n(n1)c2ccccc2)O)C=C3C(=C(C(=O)NC3=O)C(=O)N)C
dude_pygm__L002081,C[C@@H](C(=O)[O-])Oc1ccc(cc1)/C=C/2\C(=NC(=S)N(C2=O)c3ccccc3F)[O-]
dude_pygm__L002082,c1cc(cc(c1)[N+](=O)[O-])[C@@H]2C(=C(C(=O)N2CCCCCC(=O)[O-])[O-])C(=O)c3ccc(cc3)[N+](=O)[O-]
dude_pygm__L002083,CCCC(=O)[C@H]1/C(=N/C2[NH+]=c3ccccc3=[NH+]2)/CC(CC1=O)(C)C
dude_pygm__L002084,C[C@]12C[C@H](CC(C1)(C)C)N(C2)c3c(c(ncn3)NCc4ccc(cc4)OC)N
dude_pygm__L002085,CC[C@@H](C(=O)[O-])Oc1cccc(c1)/C=C\2/C(=O)N(/C(=N\c3cccc(c3)C(=O)[O-])/S2)CC=C
dude_pygm__L002086,CN(CCc1ccncc1)c2ccc(cc2)C(=[NH2+])N
dude_pygm__L002087,CCC(=O)/N=c\1/[nH]c(c([nH]1)c2ccc(c(n2)C)F)c3ccc4c(c3)nccn4
dude_pygm__L002088,COc1cccc(c1)C2=NN=C3[C@H]2[C@@H](C(=C(O3)N)C#N)c4ccc(cc4)C(F)(F)F
dude_pygm__L002089,Cc1ccc(cc1C)c2nnc(o2)SCC(=O)Nc3cc(cc(c3)C(=O)[O-])C(=O)[O-]
dude_pygm__L002090,c1ccc(c(c1)c2ccc(o2)/C=C\3/C(=O)N(C(=S)S3)[C@@H](CCC(=O)[O-])C(=O)[O-])F
dude_pygm__L002091,CC1(CC2=C([C@H]([C@@H]3C(=NC(=O)NC3=O)N2)c4ccc(cc4)F)C(=O)C1)C
dude_pygm__L002092,Cc1c(c(nc(n1)SCC(=O)C2=C[C@@H](N([C@@H]2C)c3ccc4c(c3)OCO4)C)[O-])CCC(=O)[O-]
dude_pygm__L002093,c1c(cn(c1C(=O)N2CCCC[C@@H]2C(=O)N)C3CC3)Br
dude_pygm__L002094,CCCc1ccc(s1)[C@@H]2C(=C(O[C@H]3C2=C(N=N3)C)N)C#N
dude_pygm__L002095,Cc1cc2c(cc1NC(=O)C)nc(s2)NC(=O)C3CCCCC3
dude_pygm__L002096,Cc1[nH]c2cc(ccc2n1)c3nnn(n3)CC(=O)Nc4ccc(cc4)C(C)C
dude_pygm__L002097,c1cc(sc1)C2=Nn3c(nnc3S[C@H]2CC(=O)[O-])[S-]
dude_pygm__L002098,CC[C@H](C(=O)[O-])Oc1ccc(cc1)/C=C\2/C(=O)N(/C(=N/c3ccc(c(c3)O)C(=O)[O-])/S2)C
dude_pygm__L002099,Cc1cc(c(n1c2ccc(c(c2)C(=O)[O-])Cl)C)/C=C\3/C(=NC(=O)N(C3=O)C4CCCCC4)[O-]
dude_pygm__L002100,Cc1ccc(c(c1)[N-]C2=NC(=O)/C(=C\c3ccc(c(c3)OC)O[C@@H](C)C(=O)[O-])/S2)O
dude_pygm__L002101,c1cc(cc(c1)Br)/C=C\2/C(=O)N=C(S2)[N-]c3ccc(c(c3)O)C(=O)[O-]
dude_pygm__L002102,C[C@@H](C(=O)NC(=O)NC12CC3CC(C1)CC(C3)C2)N4CCc5c(ccs5)C4
dude_pygm__L002103,C[C@H](CN1CCCC1=O)NC(=O)Nc2ccc(c(c2)NC(=O)C3CCCCC3)F
dude_pygm__L002104,Cc1c(c(on1)C)CCC(=O)Nc2nc([nH]n2)c3cccc4c3cccc4
dude_pygm__L002105,Cc1nnnn1c2ccc(c(c2)[N-]S(=O)(=O)c3ccc(c(c3)Cl)OCC(=O)[O-])F
dude_pygm__L002106,CN(C)c1ccc(cc1)/C=C\2/C(=O)N=C(S2)[N-]c3ccc(c(c3)O)C(=O)[O-]
dude_pygm__L002107,c1ccc(c(c1)C#N)[C@H]2[C@@H]3CCCC=C3c4c(nsc4N)C2(C#N)C#N
dude_pygm__L002108,Cc1c(c(c(s1)C2=C3[C@@H](N=C2c4ccc(cc4)OC)N(C(=NC3=O)[O-])C)[O-])C(=O)OC
dude_pygm__L002109,Cc1cccc2c1nc(s2)NC(=O)CSc3nnc(n3C)CCC(=O)Nc4ccccc4Cl
dude_pygm__L002110,CC(=O)c1cccc(c1)NC(=O)/C(=C/C(=O)c2cccc(c2)/N=C\3/C=C(C(=O)c4c3cccc4)[O-])/[O-]
dude_pygm__L002111,C[C@]12CC[C@@H]3c4ccc(cc4CC[C@@H]3[C@@H]1CC=C2COC)OS(=O)(=O)N
dude_pygm__L002112,Cc1ccc(cc1F)NC(=O)N[C@H]2CCCN(C2)[C@@H]3C=C(N=N3)c4ccncc4
dude_pygm__L002113,c1cc(ccc1CNS(=O)(=O)c2ccc(cc2)/C=C/C(=O)[O-])C(=O)[O-]
dude_pygm__L002114,CCCCOc1ccc(cc1)[C@H]2C(=C(C(=O)N2c3nc4ccc(cc4s3)C(=O)[O-])[O-])C(=O)C5CC5
dude_pygm__L002115,CCOC(=O)C1=C(NC(=O)N[C@H]1c2ccc(c(c2)F)F)CN3CC[NH+](CC3)C4CCCCC4
dude_pygm__L002116,CCCN1[C@@H](c2c(n[nH]c2C1=O)c3c(cc(cc3O)C)C)c4cccc(c4)OC
dude_pygm__L002117,Cc1c2c(nc(=S)n(c2[O-])NC(=O)c3ccc(cc3)C(C)C)sc1C(=O)[O-]
dude_pygm__L002118,CC(C)(Cc1c(c([nH]c1C(=O)[O-])C(=O)[O-])CC(C)(C)[N+](=O)[O-])[N+](=O)[O-]
dude_pygm__L002119,CC[C@H](C(=O)[O-])Oc1ccc(cc1OCC)/C=C/2\C(=O)N=C(S2)[N-]c3ccc(cc3OC)OC
dude_pygm__L002120,CCOc1ccc(cc1)CCNC(=O)[C@@H]2CN(CC23CC[NH2+]CC3)C(=O)c4ccc(cc4C)C
dude_pygm__L002121,c1ccc(cc1)[C@H]2CC(=NN2C(=O)Cn3c4c(c(nnc4[O-])[O-])nn3)c5ccccc5
dude_pygm__L002122,Cc1ccc(cc1)S(=O)(=O)Nc2ccc3c(c2)sc(=O)[nH]3
dude_pygm__L002123,Cc1c\2c(oc1C(=O)N(Cc3ccccc3)Cc4ccccc4)CCC/C2=N\NC(=O)N
dude_pygm__L002124,Cc1cc(cc(c1S(=O)(=O)Nc2ccc3c(c2)C(C(=O)N3)(C)C)C)OC
dude_pygm__L002125,CC(=C[C@H]1[C@@H](C1(C)C)C(=O)N2CCC(CC2)C(=O)Nc3ccc(cc3)S(=O)(=O)N)C
dude_pygm__L002126,c1cc(cnc1)[C@@H]2c3c(nc(s3)[S-])S[C@@H]4[C@@H]2C(=NC4=O)[O-]
dude_pygm__L002127,Cc1c2ccccc2oc1C(=O)NNC(=O)[C@H](C(C)C)NC(=O)c3ccc(cc3)F
dude_pygm__L002128,c1ccc(cc1)C2=NN=C3[C@H]2[C@@H](CC(=O)N3)c4ccc5cccc(c5n4)O
dude_pygm__L002129,CC[C@H](C(=O)[O-])Oc1cccc(c1)/C=C/2\C(=O)N=C(S2)[N-]c3ccccc3Br
dude_pygm__L002130,CCOc1cc(cc(c1[O-])[N+](=O)[O-])/C=C/2\C(=NC(=O)N(C2=O)c3ccc(c(c3)Cl)Cl)[O-]
dude_pygm__L002131,CCOC(=O)c1c2c(sc1NC(=O)[C@@H](C)Sc3nc(c(nn3)CCC(=O)[O-])[O-])C[C@H](CC2)C
dude_pygm__L002132,C[C@H](c1ccccc1[N-]S(=O)(=O)C)NC(=O)CCNc2ccccc2
dude_pygm__L002133,Cc1cc(ccc1/N=C/c2cc(n(c2C)c3cc(cc(c3)C(=O)[O-])C(=O)[O-])C)I
dude_pygm__L002134,CCN(CC)C(=O)[C@@H](C)[C@H]1CC[C@]2(Cc3c([nH]/c(=N/C(=O)C[NH+](C)C)/s3)[C@H]([C@@H]2[C@H]1O)C)C
dude_pygm__L002135,COc1ccc(cc1)n2c(=O)c(c3cc(c(c(c3n2)N)C#N)c4ccccc4)C#N
dude_pygm__L002136,CCc1cc(nc(n1)c2ccc(cc2)[N+](=O)[O-])N3C[C@@H](CC[C@@H]3C)C(=O)N
dude_pygm__L002137,Cc1cc2c(cc1S(=O)(=O)N[C@H](C)C34CC5CC(C3)CC(C5)C4)OCC(=O)N2
dude_pygm__L002138,c1cc(c(cc1c2ccc(o2)/C=C/3\C(=O)N(C(=S)S3)CC(=O)[O-])C(=O)[O-])Cl
dude_pygm__L002139,CCOc1cccc(c1)N2C(=O)/C(=C\c3ccc(c(c3)OCC)O[C@@H](C)C(=O)[O-])/C(=NC2=O)[O-]
dude_pygm__L002140,CCCCN(c1nnc(s1)[S-])S(=O)(=O)c2cc(cc(c2C)C)C(=O)[O-]
dude_pygm__L002141,Cc1cc(ccc1Br)NC(=O)Cn2cc(c(n2)c3ccccc3)C(=O)N
dude_pygm__L002142,COc1ccc(cc1O)/C=N/NC(=O)[C@@H]2C=C(N=N2)c3ccc(cc3)Cl
dude_pygm__L002143,Cc1cccc(c1C)N2C(=O)/C(=C/c3cccn3c4cccc(c4)C(=O)[O-])/C(=NC2=S)[O-]
dude_pygm__L002144,Cc1ccc(cc1)c2nnc(n2CC(=O)[O-])SCC(=O)Nc3cccc(c3)C(=O)[O-]
dude_pygm__L002145,c1cc(cc(c1)C(=O)[O-])[C@@H]2[C@H]3[C@@H]4CC[C@@H](C4)[C@@H]3c5cc(ccc5N2)S(=O)(=O)[N-]c6nccs6
dude_pygm__L002146,c1cc(ccc1/C=C/C(=O)NNC(=O)COc2ccc(cc2Br)Br)[N+](=O)[O-]
dude_pygm__L002147,c1cc(ccc1[N-]S(=O)(=O)c2cc(ccc2Cl)N3C(=O)c4ccc(cc4C3=O)C(=O)[O-])Cl
dude_pygm__L002148,c1cc(ccc1c2ccc(o2)/C=C/3\C(=NC(=O)N(C3=O)c4ccc(cc4)Cl)[O-])C(=O)[O-]
dude_pygm__L002149,C[C@H]1[C@@H]2CNC(=[NH+][C@@H]2NC(=O)N1)O
dude_pygm__L002150,CC[C@@H](C)N([C@H]1CCS(=O)(=O)C1)C(=O)CSc2nc(c(c(n2)[O-])CCC(=O)[O-])C
dude_pygm__L002151,COc1cccc(c1OCc2cccc(c2)C(=O)[O-])/C=C/3\C(=NC(=O)N(C3=O)c4ccc5c(c4)OCO5)[O-]
dude_pygm__L002152,COC(=O)C\1=NC(=N[C@H](/C1=C(\c2ccncc2)/[O-])c3csnn3)[S-]
dude_pygm__L002153,c1cc(ccc1c2ccc(o2)/C=C/3\C(=O)N(C(=S)S3)[C@H](CC(=O)[O-])C(=O)[O-])[N+](=O)[O-]
dude_pygm__L002154,COC(=O)c1c(csc1N2C(=O)Nc3ccccc3N2O)c4ccccc4
dude_pygm__L002155,c1ccc2c(c1)c(cn2CC(=O)[O-])/C=C/3\C(=NC(=S)N(C3=O)c4ccccc4Cl)[O-]
dude_pygm__L002156,Cc1cccc(c1NC(=O)Nc2ccc3c(c2)OCCO3)C(C)C
dude_pygm__L002157,Cc1cc(cc(c1Cl)C)OCC(=O)Nc2nc3ccc(cc3s2)NC(=O)C
dude_pygm__L002158,CCOc1ccccc1c2nc(on2)CSc3nc(c(c(n3)[O-])CCC(=O)[O-])C
dude_pygm__L002159,c1cc(cc(c1)C(=O)[O-])c2ccc(o2)/C=C\3/C(=O)N=C(N(C3=O)c4ccc(cc4)Cl)[O-]
dude_pygm__L002160,CCC\1=Nc2ccccc2[N-]/C(=N\S(=O)(=O)c3ccc(cc3)C(=O)OCC)/C1=C(\[O-])/OCC
dude_pygm__L002161,C[C@@H](c1nnc(o1)c2ccccc2)Sc3nnc(n3N)C4CCCCC4
dude_pygm__L002162,CCOc1cc(ccc1OCC(=O)[O-])/C=C\2/C(=C(/C(=N/c3ccc(cc3)OC)/S2)C(=O)OCC)[O-]
dude_pygm__L002163,CC(C)(C)c1ccc(cc1)N2C(=O)/C(=C/c3ccc(c(c3)OC)OCC(=O)[O-])/C(=NC2=O)[O-]
dude_pygm__L002164,Cc1c(c(n[nH]1)O)[C@@H](c2ccc(cc2)Br)C(C#N)C#N
dude_pygm__L002165,c1cc2c(cc1Sc3cc(nc(n3)N)Cl)OCCCO2
dude_pygm__L002166,CC[C@@H](C(=O)[O-])Oc1ccc(cc1OCC)/C=C/2\C(=O)N=C(S2)[N-]c3ccc(cc3)C(=O)OCC
dude_pygm__L002167,CCn1c2c(cc(c1=O)c3ccc(c(c3)F)C)C[NH+](CC2)Cc4cn(c5c4cccc5)CC(=O)N
dude_pygm__L002168,c1cc(ccc1[C@@H]2C(=C(C(=O)N2CCCCCC(=O)[O-])[O-])C(=O)c3ccc(cc3)F)F
dude_pygm__L002169,c1cc(cc(c1)OCCC(=O)[O-])/C=C/2\C(=O)N=C(S2)[N-]c3ccc(c(c3)C(F)(F)F)Cl
dude_pygm__L002170,CCc1nnc(s1)/N=C(/c2cc(c(c(c2)Br)[O-])OC)\[O-]
dude_pygm__L002171,CS(=O)(=O)Nc1ccc(cc1Cl)NC(=O)c2c(ccc(n2)Cl)Cl
dude_pygm__L002172,c1c(cc(c2c1COCO2)CSc3nc(c(nn3)CCC(=O)[O-])[O-])Cl
dude_pygm__L002173,Cc1ccc(c(c1)[N+](=O)[O-])NC(=O)[C@H](c2ccccc2)Sc3nc(c(nn3)CCC(=O)[O-])[O-]
dude_pygm__L002174,c1ccc(cc1)[C@@H]2CN([C@@H]([N-]2)SCc3nnc(n3c4ccccc4)[S-])c5ccccc5
dude_pygm__L002175,c1c2c3c(sc2nc(c1C(=O)N4CCOCC4)N)CCCC3
dude_pygm__L002176,c1ccc(cc1)OS(=O)(=O)[N-]c2ccc(cc2)C(=O)CSCC(=O)[O-]
dude_pygm__L002177,c1ccc(cc1)C2(CCCC2)C(=O)N3CCC4(CC3)Nc5ccccc5C(=O)N4
dude_pygm__L002178,Cc1cc(n2c(n1)nc(n2)/N=C(/CSc3nc(cc(n3)[O-])c4ccccc4)\[O-])C
dude_pygm__L002179,COc1cc(cc(c1O)Br)c2[nH]c(=O)c3c(n2)CCCC3
dude_pygm__L002180,Cc1ccnc(n1)NS(=O)(=O)c2ccc(cc2)NC(=O)/C(=C/c3ccccc3)/c4ccccc4
dude_pygm__L002181,c1ccc(cc1)Oc2cccc(c2)C(c3c(=O)c4ccccc4[nH]c3[O-])c5c(=O)c6ccccc6[nH]c5[O-]
dude_pygm__L002182,C[C@H]1CCc2c(sc3c2C(=O)N[C@@H](N3)c4ccc(cc4)C(=O)OC)C1
dude_pygm__L002183,Cc1ccc(cc1[N-]C2=NC(=O)/C(=C/c3cc(c(c(c3)OC)O)OC)/S2)C(=O)[O-]
dude_pygm__L002184,C[C@@H](CCC(=O)OC)[C@@H]1CC[C@H]2[C@]1([C@H](C[C@H]3[C@@H]2C(=O)C[C@@H]4[C@]3(CC[C@H](C4)C(=O)[O-])C)C(=O)[O-])C
dude_pygm__L002185,c1cc(cc(c1)N2[C@@H](C(=C(C2=O)[O-])C(=O)c3ccco3)c4ccc(cc4)Br)C(=O)[O-]
dude_pygm__L002186,c1ccc(cc1)[C@@H]2CC3=C([C@@H](C(=C(O3)N)C#N)c4ccc(o4)Br)C(=O)C2
dude_pygm__L002187,CCCS(=O)(=O)[N-]c1ccc(cc1)NC(=O)CC2(CCCCC2)CC(=O)[O-]
dude_pygm__L002188,Cc1ccc(cc1C)N2C(=O)/C(=C/c3ccc(c(c3)Cl)O)/C(=O)NC2=S
dude_pygm__L002189,CCOC(=O)c1c(c(sc1NC(=O)C[NH+](C)Cc2ccc(cc2)C(C)(C)C)C(=O)NC)C
dude_pygm__L002190,Cc1c(cc(cc1Cl)S(=O)(=O)Nc2cc(cc(c2)C(=O)[O-])C(=O)[O-])[N+](=O)[O-]
dude_pygm__L002191,COc1cccc(c1)[C@H]2[C@H]3[C@@H](C(=O)N2CCc4c[nH]c5c4cc(cc5)OC)NN=C3c6ccco6
dude_pygm__L002192,COc1ccc(cc1)c2ccc(o2)/C=C/3\C(=O)N(C(=S)S3)[C@@H](CC(=O)[O-])C(=O)[O-]
dude_pygm__L002193,CC(C)c1ccc(cc1)/C=C\2/C(=O)N(C(=S)S2)[C@H](CCC(=O)[O-])C(=O)[O-]
dude_pygm__L002194,C1CCc2c(c3c(nc(nc3s2)SCC(=O)N[C@H]4CCS(=O)(=O)C4)N)C1
dude_pygm__L002195,C=CCn1c(=O)c2c3c(sc2nc1SCC(=O)Nc4cc(cc(c4)C(=O)[O-])C(=O)[O-])CCCC3
dude_pygm__L002196,c1ccc(cc1)[C@@H](c2cc3ccccc3o2)NC(=O)Cc4c5ccccc5c(=O)[nH]n4
dude_pygm__L002197,c1cc2c(cc1CC(=O)Nc3cc(cc(c3)C(=O)[O-])C(=O)[O-])CCO2
dude_pygm__L002198,CCOc1ccc(cc1)N2C(=O)/C(=C/c3ccc(cc3)OCc4cccc(c4)C(=O)[O-])/C(=O)N=C2[O-]
dude_pygm__L002199,c1cc(c(c(c1)F)[N-]S(=O)(=O)c2ccc(s2)CC(=O)[O-])F
dude_pygm__L002200,CCc1c(sc2c1c(nc(n2)SCc3ccc(cc3)Br)N4CC[NH+](CC4)CC(=O)N)C
dude_pygm__L002201,CCO[C@@H]1C(=C(c2cc(ccc2O1)[N+](=O)[O-])[O-])/C=N/c3nnc(s3)[S-]
dude_pygm__L002202,Cc1cccc(c1)c2nnc(n2CCC(=O)[O-])Sc3ccc(cc3[N+](=O)[O-])C(=O)[O-]
dude_pygm__L002203,COc1ccc(cc1O)[C@@H]2CC(=O)Nc3c2cnn3c4ccc(cc4)F
dude_pygm__L002204,c1ccc2c(c1)C3=C(C2=O)[C@H]([C@H]4C(=NC(=O)NC4=O)N3)c5ccc(cc5)F
dude_pygm__L002205,c1cc(c(cc1C(=O)[O-])S(=O)(=O)[N-]c2ccc3c[nH]nc3c2)Cl
dude_pygm__L002206,C1CCC(CC1)N(CCO)C[C@@]2(CCOC2)C[NH3+]
dude_pygm__L002207,C[C@H]1CCc2c(cc(s2)C(=O)NNC(=O)[C@@H]3CC=CC[C@@H]3C(=O)[O-])C1
dude_pygm__L002208,C/C=C/C=C/C=C/C(=O)O[C@@H]1C[C@H]([C@@H]([C@]2([C@@H]1C(CCC2)(C)C)C)C(=O)[O-])C(=O)[O-]
dude_pygm__L002209,c1ccc(cc1)C[C@@H](C(=O)Nc2ccc3c(c2)OCO3)NS(=O)(=O)c4cccc5c4nccc5
dude_pygm__L002210,c1ccc2c(c1)c(cn2CC(=O)[O-])/C=C/3\C(=NC(=S)N(C3=O)c4cccc(c4)F)[O-]
dude_pygm__L002211,c1cc(cc(c1)Br)Cc2nc(on2)c3csc(n3)N
dude_pygm__L002212,CCOc1ccc(cc1OCC)[C@@H]2[C@@H]3CCCC=C3C(=C(C2(C#N)C#N)N)C#N
dude_pygm__L002213,Cc1ccccc1n2c(nnc2SCC(=O)Nc3cc(cc(c3)C(=O)[O-])C(=O)[O-])c4cccnc4
dude_pygm__L002214,c1ccc(cc1)c2nc3ccccc3c(n2)N4CCO[C@@H](C4)C(=O)N
dude_pygm__L002215,Cc1c2c([nH]n1)N[C@H](C3=C2CC(CC3=O)(C)C)c4ccc(cc4)N(C)C
dude_pygm__L002216,c1ccc(c(c1)/C=C\2/C(=O)N=C(S2)[N-]c3ccc(cc3C(=O)[O-])O)[N+](=O)[O-]
dude_pygm__L002217,COc1ccc2c(c1OC)C(=O)O[C@@H]2c3c(nc(=S)n(c3[O-])CC=C)[O-]
dude_pygm__L002218,Cc1cc(ccc1NC(=O)[C@H](CCSC)NC(=O)COc2ccccc2)N3CC[NH+](CC3)C
dude_pygm__L002219,c1ccc(cc1)/C=C/C(=O)C2=C(C(=O)N([C@H]2c3ccccc3F)CCCCCC(=O)[O-])[O-]
dude_pygm__L002220,c1cc(oc1/C=C\2/C(=O)N(C(=S)S2)[C@H](CCC(=O)[O-])C(=O)[O-])c3cc(cc(c3)Cl)Cl
dude_pygm__L002221,CS(=O)(=O)[N-]c1ccc(cc1Cl)[N-]S(=O)(=O)c2cccc(c2)Br
dude_pygm__L002222,C[C@@H](C(=O)[O-])Oc1ccc(cc1)/C=C\2/C(=O)N(/C(=N/c3ccc(c(c3)O)C(=O)[O-])/S2)C
dude_pygm__L002223,c1cc2c(c(c1)C(=O)N)N[C@@H]([C@H]3[C@@H]2C=CC3)c4cc(ccc4O)[N+](=O)[O-]
dude_pygm__L002224,Cc1ccc(cc1)N2C(=O)/C(=C\c3cc(ccc3OCC(=O)[O-])Br)/C(=NC2=O)[O-]
dude_pygm__L002225,c1ccc(cc1)N2CCN(CC2)c3c(nc4cc(ccc4n3)[N+](=O)[O-])N
dude_pygm__L002226,c1[nH]c2c(n1)[C@@]([NH+]=CN2)(N)O
dude_pygm__L002227,C/C(=C/1\C(=NN(C1=O)[C@@H]2Nc3ccccc3S2)C(F)(F)F)/NCCC4=c5ccccc5=[NH+]C4
dude_pygm__L002228,Cn1ccnc1SCc2ccc(cc2F)C(=[NH2+])N
dude_pygm__L002229,CCn1c(nnc1SCC(=O)Nc2ccc(cc2)NC(=O)C)c3csc4c3CCCCC4
dude_pygm__L002230,CCOc1ccc(cc1)[N-]C2=NC(=O)/C(=C\c3ccc(o3)c4ccc(c(c4)Cl)C(=O)[O-])/S2
dude_pygm__L002231,C1CC[C@H]([C@@H](C1)C(=O)N[C@H]2CCCC[C@@H]2NC(=O)[C@@H]3CCCC[C@@H]3C(=O)[O-])C(=O)[O-]
dude_pygm__L002232,Cc1c(c(on1)C)[C@H](CCO)[NH3+]
dude_pygm__L002233,Cc1cc(sc1C(=O)[O-])S(=O)(=O)[N-]c2ccc(c(c2)C(=O)N)F
dude_pygm__L002234,Cc1c(c(nn1C)C(=O)Nc2c(c3c(s2)C[C@H](CC3)C)C(=O)N)Br
dude_pygm__L002235,Cc1c2cc(cnc2n(n1)C)[N-]S(=O)(=O)c3cc(ccc3C(C)C)C(=O)[O-]
dude_pygm__L002236,Cc1cc(=O)[nH]c(n1)c2cccc(c2)NS(=O)(=O)c3ccc(cc3)C(C)(C)C
dude_pygm__L002237,CC1=C[C@@H](N=N1)[C@H]2NN[C@@H]3N2N=C(S3)COc4ccc5ccccc5c4
dude_pygm__L002238,c1ccc(cc1)S(=O)(=O)c2ccc(cc2)c3nc(sn3)N
dude_pygm__L002239,CCc1ccc2c(c1)c(=O)c3c(o2)C(=O)N([C@H]3c4ccc(cc4)OCC(=O)N)Cc5ccc(cc5)C
dude_pygm__L002240,CC(C)CCSc1nc2c(c(n1)[O-])[C@@H](C3=C(CC(CC3=N2)(C)C)[O-])c4ccc(c(c4)[N+](=O)[O-])O
dude_pygm__L002241,C[C@@H]1CN(C[C@@H](O1)C)C2CCN(CC2)c3cc(nc(n3)N4CCCC4)N
dude_pygm__L002242,COc1ccccc1CNC(=O)CCNC(=O)N2CCc3c4ccccc4[nH]c3C2
dude_pygm__L002243,COc1ccc(cc1)[C@H]2CCCN2c3ccc(cc3[N+](=O)[O-])S(=O)(=O)N
dude_pygm__L002244,C[C@H]1C[C@H](C(=O)O1)Sc2nc(c3c4c(sc3n2)CCCC4)N
dude_pygm__L002245,Cc1ccc(cc1)NC(=O)Cc2nnc(n2C)SCC(=O)Nc3nc(cs3)c4ccccc4
dude_pygm__L002246,CC1(CCCCC1)C(=O)N2C[C@@H](C3(C2)CC[NH2+]CC3)C(=O)NCCc4ccccc4OC
dude_pygm__L002247,c1ccc(c(c1)[C@@H]2CC3=C([C@H](n4c(ncn4)N3)c5ccc(cc5)O)C(=O)C2)O
dude_pygm__L002248,c1cc(sc1)c2nnc(n2C3CC3)SCC(=O)Nc4cc(ccc4C(=O)[O-])C(=O)[O-]
dude_pygm__L002249,CC(C)c1ccc(cc1)N2C(=O)/C(=C\c3cc(c(c(c3)Cl)OCC(=O)[O-])Cl)/C(=NC2=O)[O-]
dude_pygm__L002250,Cc1ccc(cc1NC(=O)CSC2=NC(=O)C3=C([C@@H](SC3=N2)C(=O)[O-])C)C(=O)[O-]
dude_pygm__L002251,C1CCC2=NN([C@]([C@H]2C1)(C(F)(F)F)O)C(=O)c3c4c([nH]n3)CCC4
dude_pygm__L002252,C[C@H](C(=O)Nc1nc(cs1)c2ccccc2)OC(=O)CNC(=O)C34CC5CC(C3)CC(C5)C4
dude_pygm__L002253,C[C@@H](c1cccc(c1)Br)n2c(nnn2)c3cccc(c3)N
dude_pygm__L002254,CCC[C@@H](C(=O)[O-])N1C(=O)/C(=C/c2cccc(c2)OCC(=O)[O-])/SC1=S
dude_pygm__L002255,C[C@@H]1[C@@H]2CNC(=[NH+][C@@H]2NC(=O)N1)O
dude_pygm__L002256,Cc1c(c(c(s1)C2=C3[C@H](N=C2c4ccc(cc4)OC)N(C(=NC3=O)[O-])C)[O-])C(=O)OC
dude_pygm__L002257,c1ccc(cc1)C(=O)NNC(=O)[C@H]2C[C@@H]3CCCC[C@@H]3N2C(=O)c4ccccc4
dude_pygm__L002258,c1cc(ccc1c2ccc(o2)/C=C/3\C(=O)N(C(=S)S3)CC(=O)[O-])C(=O)[O-]
dude_pygm__L002259,COc1cc(cc(c1OCC(=O)[O-])Br)/C=C\2/C(=NC(=O)N(C2=O)CC=C)[O-]
dude_pygm__L002260,COc1cc(cc(c1OCC(=O)[O-])CC=C)/C=C/2\C(=NC(=O)N(C2=O)c3ccc(c(c3)Cl)Cl)[O-]
dude_pygm__L002261,CC[C@H](C(=O)[O-])Oc1ccc(cc1)/C=C\2/C(=O)N(/C(=N\c3ccc(cc3)C(=O)[O-])/S2)CC=C
dude_pygm__L002262,CC[C@@H](C(=O)[O-])Oc1ccc(cc1)/C=C\2/C(=O)N(/C(=N/c3ccc(c(c3)O)C(=O)[O-])/S2)CC=C
dude_pygm__L002263,Cc1ccc2c(cc(=O)oc2c1)CSc3nc(c(c(n3)[O-])CCC(=O)[O-])C
dude_pygm__L002264,c1c(sc(n1)[N-]S(=O)(=O)N2CCC[C@@H](C2)C(=O)[O-])Br
dude_pygm__L002265,Cc1cccc(n1)Nc2c(c(ncn2)Oc3ccc(cc3)Br)N
dude_pygm__L002266,c1ccc(cc1)[C@H](C(=O)[O-])n2c3cc(ccc3nc2S[C@H](c4ccccc4)C(=O)[O-])[N+](=O)[O-]
dude_pygm__L002267,c1cc(ccc1S(=O)(=O)[N-]c2ccc(c(c2)S(=O)(=O)N)Cl)Cl
dude_pygm__L002268,Cc1ccc(c(c1)C)C2=NN=C3[C@H]2[C@@H](C(=C(O3)N)C#N)c4ccccc4F
dude_pygm__L002269,C[C@@H]1C(=C(NN1C)C)/C=N/NC(=O)[C@@H]2C=C(N=N2)c3ccc4c5c3cccc5CC4
dude_pygm__L002270,c1cc(ccc1n2c(cc(n2)C(F)(F)F)S(=O)(=O)N)Cl
dude_pygm__L002271,c1cc(cc(c1)Br)C2(CCC2)NC(=O)Nc3nncs3
dude_pygm__L002272,c1cc(c(c(c1)F)[N-]S(=O)(=O)c2ccc(cc2)CCC(=O)[O-])F
dude_pygm__L002273,CC(=O)/N=C/1\NC(=O)/C(=C/c2cc(c(c(c2)Cl)O)OC)/S1
dude_pygm__L002274,CCCc1nnc(n1CC(=O)[O-])Sc2ccc(c(c2)C(=O)[O-])[N+](=O)[O-]
dude_pygm__L002275,Cc1cc(nc(c1C(=[NH2+])N)N(C)CC2CCC2)C
dude_pygm__L002276,C[C@@H]1C[C@@H]2[C@@H]3CC[C@@H]4C[C@@H](CC[C@@]4([C@@H]3[C@@H](C[C@@]2([C@]1(C(=O)C)O)C)O)C)O
dude_pygm__L002277,CCCc1cc(nc(n1)S[C@H](C)/C(=N/c2nnc(s2)CC)/[O-])[O-]
dude_pygm__L002278,C[C@@H](C(=O)Nc1ccc(cc1F)Br)Sc2nnc(s2)SCC(=O)N
dude_pygm__L002279,C[C@@H]1C=C([C@H](N1c2ccc(cc2)OC(F)F)C)C(=O)CSc3nc(c(nn3)CCC(=O)[O-])[O-]
dude_pygm__L002280,CC1(CC2=C([C@H]([C@H]3C(=N2)c4ccccc4C3=O)c5ccc(c(c5)O)O)C(=O)C1)C
dude_pygm__L002281,CC(C)c1c(c(cc(n1)C2CCCCC2)c3ccc(cc3)F)C#C[P@](=O)(C[C@@H](CC(=O)[O-])O)[O-]
dude_pygm__L002282,Cc1ccc(c(c1)C(=O)O[C@H](C)C(=O)Nc2ccc3c(c2)OCCO3)O
dude_pygm__L002283,CCCCn1c2ccccc2c(=O)c(c1[O-])C3=NS(=O)(=O)c4ccccc4[N-]3
dude_pygm__L002284,CCCN1CC=C2[C@H](C1)[C@@H](C(C(=C2C#N)N)(C#N)C#N)c3ccccc3F
dude_pygm__L002285,Cc1c2cc(cnc2n(n1)C)NC(=O)NCc3c(nc(s3)c4ccccc4)C
dude_pygm__L002286,c1cc(cc(c1)[N+](=O)[O-])[C@@H]2C(=C(C(=O)N2c3ccc(cc3)CC(=O)[O-])[O-])C(=O)c4ccc(cc4)F
dude_pygm__L002287,CNS(=O)(=O)c1ccc(s1)CNC(=O)NC23CC4CC(C2)CC(C4)C3
dude_pygm__L002288,c1cc(cc(c1)F)[C@H]2C(=C(C(=O)N2c3cccc(c3)C(=O)[O-])[O-])C(=O)c4ccc5c(c4)OCO5
dude_pygm__L002289,c1ccc2c(c1)/C(=C/3\C(=O)N(C(=S)S3)CCCCCC(=O)[O-])/C(=O)N2CC(=O)[O-]
dude_pygm__L002290,CC(=C)[C@@H]1Cc2cc3c(cc2O1)OC[C@]4([C@@H]3Oc5c4ccc(c5)O)O
dude_pygm__L002291,CCc1ccc(cc1)N2C(=O)/C(=C\c3ccc(c(c3)OCC)O[C@@H](C)C(=O)[O-])/C(=NC2=S)[O-]
dude_pygm__L002292,CN\1C(=O)/C(=C/c2cc(ccc2OCC(=O)[O-])Br)/S/C1=N\c3cccc(c3)C(=O)[O-]
dude_pygm__L002293,c1cc(c(cc1NC(=O)CSc2nc(c(nn2)CCC(=O)[O-])[O-])F)F
dude_pygm__L002294,CCCCNC(=O)Nc1cc2c(cc1Br)OCCO2
dude_pygm__L002295,CCCc1c2c(n(n1)C)OC(=C([C@H]2c3c(cccc3Cl)F)C#N)N
dude_pygm__L002296,C[C@@H](C(=O)Nc1ccc2c(c1)OCO2)Nc3cccc(c3)N4CCOCC4
dude_pygm__L002297,Cc1ccc(cc1)C(=O)C2=C(C(=O)N([C@H]2c3ccc(cc3)F)CCCCCC(=O)[O-])[O-]
dude_pygm__L002298,CN1CCc2c(c(c3c(c(sc3n2)C(=O)OC)N)c4ccccc4)C1
dude_pygm__L002299,CC[C@@H](C(=O)[O-])Oc1ccc(cc1)/C=C\2/C(=O)N(/C(=N\c3cccc(c3)C(=O)[O-])/S2)C
dude_pygm__L002300,C1CCc2c(sc(c2C(=O)N)NC(=O)C(F)(F)F)CC1
dude_pygm__L002301,c1ccc2cc(ccc2c1)[C@@H]3[C@@H]4CC=C[C@@H]4c5cc(ccc5N3)S(=O)(=O)N
dude_pygm__L002302,C[C@H]1CCCC[C@H]1N(c2nnc(s2)[S-])S(=O)(=O)c3ccc(cc3)/C=C/C(=O)[O-]
dude_pygm__L002303,c1cc(ccc1/C=N/n2c(nnc2[S-])COc3ccc(cc3)Cl)C(=O)[O-]
dude_pygm__L002304,Cc1ccc(c(c1)C)NS(=O)(=O)c2cc(ccc2N)Br
dude_pygm__L002305,c1cc(c(cc1c2nnnn2c3ccc(cc3Br)F)N)F
dude_pygm__L002306,C1C2CC3CC1CC(C2)(C3)NC(=O)NC(=O)CSc4nc(c(nn4)CCC(=O)[O-])[O-]
dude_pygm__L002307,Cc1c2ccc(c(c2oc(=O)c1CCC(=O)[O-])C)OCc3ccc(cc3)C(=O)[O-]
dude_pygm__L002308,CNC(=O)CNC(=O)[C@@H]1CCC[NH2+]1
dude_pygm__L002309,CCc1c(sc(n1)Nc2ccc(cc2)S(=O)(=O)/N=C(/C)\[O-])C(=O)[O-]
dude_pygm__L002310,COc1ccc(cc1O)[C@H]2CC(=Nc3c2snc3c4ccc(cc4)Cl)O
dude_pygm__L002311,CC[C@@H](C)Sc1nc2c(c(n1)[O-])[C@@H](C3=C(CCCC3=N2)[O-])c4ccc(c(c4)[N+](=O)[O-])O
dude_pygm__L002312,C=CCN\1C(=O)/C(=C/c2ccc(cc2)OCCC(=O)[O-])/S/C1=N\c3ccc(c(c3)O)C(=O)[O-]
dude_pygm__L002313,Cc1cc2nc(c3ccccc3n2n1)Sc4ccccc4C(=O)N
dude_pygm__L002314,CC1=C(C(C(=C(N1Cc2ccccc2Cl)C(=O)O)C(=O)O)c3ccccc3Cl)C(=O)OC(C)C
dude_pygm__L002315,c1cc(ccc1C(=O)NNC(=O)NC[C@@H]2CCCO2)N3CCC[C@@H](C3)C(=O)N
dude_pygm__L002316,c1ccc(cc1)/C=C/2\CNCC3=C2OC(=C([C@H]3c4ccccc4)C#N)N
dude_pygm__L002317,CS(=O)(=O)[N-]c1ccc(c(c1)[N-]S(=O)(=O)c2ccc(nc2)Cl)Cl
dude_pygm__L002318,Cc1ccc(cc1[N-]C2=NC(=O)/C(=C/c3ccc(cc3)N(C)C)/S2)C(=O)[O-]
dude_pygm__L002319,[H]/N=C\1/C(=C/c2ccc3c(c2)c(on3)c4ccccc4)/SC(=O)N1
dude_pygm__L002320,c1cc(cc(c1)[N+](=O)[O-])C2=NN=C3[C@@H]2C(=CC(=N3)c4ccc(cc4)C(=O)[O-])C(=O)[O-]
dude_pygm__L002321,c1cc(c(cc1[N-]S(=O)(=O)C2CCCCC2)C(=O)[O-])N3CCSCC3
dude_pygm__L002322,C[C@@H](c1cccc(c1)S(=O)(=O)N)NC(=O)N(CC#C)C2CCCCC2
dude_pygm__L002323,CSCC[C@@H](C(=O)[O-])N1C(=O)/C(=C/c2ccc(o2)c3cccc(c3)C(=O)[O-])/SC1=S
dude_pygm__L002324,Cc1ccc(cc1S(=O)(=O)[N-]c2nccs2)/C=C/C(=O)[O-]
dude_pygm__L002325,Cc1c(oc(c1S(=O)(=O)/C(=C/c2cc(cc(c2)Cl)Cl)/C#N)N)C
dude_pygm__L002326,c1ccn2c(c1)nc(c2/C=C/C(=O)NNC(=O)c3ccc(nc3)Cl)Cl
dude_pygm__L002327,CCn1c(cc(c(c1=O)[C@H](c2ccc(c(c2)OC)O)c3c(n(c(=O)cc3[O-])CC)C)[O-])C
dude_pygm__L002328,C[C@@H]1CCCN(C1)c2c(c(ncn2)Sc3cccc4c3nccc4)N
dude_pygm__L002329,C=CCn1c(cnc1SCC(=O)Nc2cc(cc(c2)C(=O)[O-])C(=O)[O-])c3ccc(cc3)Cl
dude_pygm__L002330,CC[C@H]1CCc2c(cc(s2)C(=O)Nc3cc(cc(c3)C(=O)[O-])C(=O)[O-])C1
dude_pygm__L002331,c1ccc(cc1)CSc2nc(c(nn2)CCC(=O)[O-])[O-]
dude_pygm__L002332,c1ccc(cc1)/C=C/C(=O)C2=C(C(=O)N([C@@H]2c3cccc(c3)[N+](=O)[O-])c4cccc(c4)C(=O)[O-])[O-]
dude_pygm__L002333,c1ccc2c(c1)ncc(n2)[N-]S(=O)(=O)c3ccc(cc3)NC(=O)[C@H]4CC=CC[C@H]4C(=O)[O-]
dude_pygm__L002334,Cc1cc(sc1C(=O)[O-])S(=O)(=O)[N-]c2cc(cc(c2C)F)C(=O)N
dude_pygm__L002335,c1cc(ccc1CNC(=O)C(=O)Nc2ccc3c(c2)OC4(O3)CCCC4)O
dude_pygm__L002336,c1cc(ccc1/C=C/2\C(=O)N=C(S2)[N-]c3ccc(cc3)Br)OCC(=O)[O-]
dude_pygm__L002337,Cc1c(cc(o1)C(=O)[O-])S(=O)(=O)[N-]c2ccc(cc2)SC
dude_pygm__L002338,CCC1=NO[C@@H](N1)C2(CCCCC2)NC(=O)[C@@H]3C=C(N=N3)c4ccccc4
dude_pygm__L002339,c1cc(c(cc1C(=O)N/N=C/c2ccc(o2)N3CCCC3)O)I
dude_pygm__L002340,C1[C@@H]([C@@H](CS1(=O)=O)N)[NH3+]
dude_pygm__L002341,Cc1cc(cc(c1C)S(=O)(=O)[N-]c2ccc(cc2)S(=O)(=O)N(C)C)C(=O)[O-]
dude_pygm__L002342,Cc1cc2c(c(=O)[nH]1)[C@]3(c4ccccc4N(C3=O)CC(C)C)C(=C(O2)N)C#N
dude_pygm__L002343,Cn1c2c(c(=O)n(c1=O)C)[C@H](NC(=O)N2)c3ccc(cc3)c4ccccc4
dude_pygm__L002344,CCC1=NN2[C@H](S1)NC(=CC2=O)CSc3nc([nH]n3)N
dude_pygm__L002345,Cc1cccc(c1C)[N-]S(=O)(=O)c2cc(oc2Br)C(=O)[O-]
dude_pygm__L002346,CCc1ccc(cc1)NC(=O)/C(=C/c2cc(n(c2C)c3cc(cc(c3)C(=O)[O-])C(=O)[O-])C)/C#N
dude_pygm__L002347,Cc1c(cc(s1)[C@@H]2c3c(=O)[nH]c(=O)[nH]c3OC(=C2C#N)N)Br
dude_pygm__L002348,Cc1c(c(nc(n1)SCc2cc(=O)oc3c2ccc(c3)Br)[O-])CCC(=O)[O-]
dude_pygm__L002349,CCOc1ccc(cc1)N2C(=O)/C(=C/c3cc(c(c(c3)OC)OCC(=O)[O-])CC=C)/C(=NC2=S)[O-]
dude_pygm__L002350,Cc1ccc(cc1c2ccc(o2)/C=C/3\C(=NC(=O)N(C3=O)c4ccc(cc4)Br)[O-])C(=O)[O-]
dude_pygm__L002351,CCc1ccc(cc1)N2C(=O)/C(=C/c3ccccc3OCc4ccc(cc4)C(=O)[O-])/C(=NC2=S)[O-]
dude_pygm__L002352,c1cc(ccc1[N-]S(=O)(=O)c2ccc(c(c2)NC(=O)[C@H]3CC=CC[C@@H]3C(=O)[O-])Cl)Cl
dude_pygm__L002353,Cc1ccc(cc1)[C@H]2c3c(=O)[nH]c(nc3NC4=C2C(=O)CCC4)N5CCOCC5
dude_pygm__L002354,c1cc(c(cc1Br)F)Oc2cc3c(cc2N)CC(=O)N3
dude_pygm__L002355,CC(C)N(CC(=O)[O-])C(=O)c1cc(c(c(c1F)[O-])F)F
dude_pygm__L002356,CCc1cc2c(s1)nc(n(c2=O)CC=C)SCC(=O)Nc3cc(ccc3C(=O)[O-])C(=O)[O-]
dude_pygm__L002357,c1cc(c(cc1Br)Br)[N-]S(=O)(=O)CCC(=O)[O-]
dude_pygm__L002358,CC1([C@H](CC[C@]1(C)C(=NNc2ccc(cc2[N+](=O)[O-])[N+](=O)[O-])C(=O)[O-])C(=O)[O-])C
dude_pygm__L002359,COc1ccc(cc1N)c2nc3cc4c(cc3n2CCO)OCO4
dude_pygm__L002360,CCOc1cc(ccc1O[C@H](C)C(=O)[O-])/C=C/2\C(=NC(=S)N(C2=O)c3ccc(c(c3)C)C)[O-]
dude_pygm__L002361,Cc1cc2c(cc(=O)oc2cc1C)CSc3nc(c(nn3)CCC(=O)[O-])[O-]
dude_pygm__L002362,COc1cc(ccc1O)[C@@H]2CC(=O)Nc3c2cnn3c4ccc(cc4)F
dude_pygm__L002363,c1cc(ccc1C(=O)C2=C(C(=O)N([C@@H]2c3ccc4c(c3)OCO4)CCCCCC(=O)[O-])[O-])Br
dude_pygm__L002364,c1cc2cccc3c2c(c1)[N-]C(=N3)c4ccc(cc4)C(=O)[O-]
dude_pygm__L002365,CCCCOc1ccc(cc1OC)/C=C\2/C(=O)N=C(S2)[N-]c3cc(ccc3C(=O)[O-])C
dude_pygm__L002366,CN(C)c1ccc(cc1)[C@H]2C3=C(N=N[C@@H]3NC4=C2C(=O)CCC4)O
dude_pygm__L002367,CC(C)C(=O)Nc1cccc(c1)NC(=O)NCCc2cc(cc3c2OCOC3)F
dude_pygm__L002368,C[C@@H](C(=O)Nc1ccc(cc1)C(=O)C)Sc2nc(c(nn2)CCC(=O)[O-])[O-]
dude_pygm__L002369,c1ccc2c(c1)cccc2[C@@H](c3cccc4c3c5ccccc5cc4)[C@](CC(=O)[O-])(C#N)C(=O)[O-]
dude_pygm__L002370,Cc1cccc(c1C)n2c(nnc2SCC(=O)Nc3cccc(c3)NC(=O)C)Cc4cccn4C
dude_pygm__L002371,CNC(=O)Nc1cccc(c1)NC(=O)/C=C/c2ccc3c(c2)CCCN3C
dude_pygm__L002372,COC(=O)c1ccc2c(c1)nc(nc2[O-])/C(=C/c3ccc(cc3)OCCC(=O)[O-])/Cl
dude_pygm__L002373,c1ccc(c(c1)NC(=O)[C@@H]2CCCN(C2)C(=O)Nc3cccs3)[N+](=O)[O-]
dude_pygm__L002374,Cc1ccc(c(c1)F)n2c(nnn2)c3cc(ccc3Br)N
dude_pygm__L002375,Cc1ccc(cc1)OCc2cc(ccc2OC)[C@@H]3C(=C(OC4=C3C(=O)CCC4)N)C#N
dude_pygm__L002376,CSc1cc(ccc1NS(=O)(=O)c2ccc(cc2)C(=O)[O-])C(=O)[O-]
dude_pygm__L002377,C[C@H](C(=O)[O-])N1C(=O)/C(=C/c2ccc(o2)c3cccc(c3)C(=O)[O-])/SC1=S
dude_pygm__L002378,c1ccc(cc1)C[C@]2(C(=O)NC(=O)N2)C3CC[NH+](CC3)Cc4cnc(s4)c5ccccc5
dude_pygm__L002379,c1ccc(cc1)NC(=O)CSc2nnc(n2N)c3ccc(cc3)Cl
dude_pygm__L002380,c1cc(ccc1CC(=O)[O-])S(=O)(=O)[N-]c2ncc(s2)Br
dude_pygm__L002381,CCC[C@@H](C)C(=O)N1C[C@@H](C2(C1)CC[NH2+]CC2)C(=O)NCC3(CCCCC3)N4CCOCC4
dude_pygm__L002382,Cc1cc(c(n1c2cc(cc(c2)C(=O)[O-])C(=O)[O-])C)/C=C(\C#N)/c3ccccc3
dude_pygm__L002383,Cc1c(c([nH]c1C(=O)Nc2nc3c(s2)CCCCC3)C)C(=O)C
dude_pygm__L002384,c1cc(ccc1c2c(cn(n2)CCC(=O)[O-])/C=C/C(=O)[O-])F
dude_pygm__L002385,c1ccc(cc1)S(=O)(=O)[N-]/N=C/c2ccc(s2)C(=O)[O-]
dude_pygm__L002386,Cc1c(c(c(o1)C)S(=O)(=O)[N-]c2ccc(cn2)Br)C(=O)[O-]
dude_pygm__L002387,c1ccc(c(c1)N2C(=O)/C(=C/c3ccc(cc3)OCc4cccc(c4)C(=O)[O-])/C(=O)N=C2[O-])F
dude_pygm__L002388,Cc1ccccc1[N-]C2=NC(=O)/C(=C/c3cccn3c4cccc(c4)C(=O)[O-])/S2
dude_pygm__L002389,CC1(OC[C@@H](O1)[C@H](C[NH3+])O)C
dude_pygm__L002390,C[C@@H]1C[C@H]2[C@H]3CCC4=Cc5c(cnn5c6cccnc6)C[C@@]4([C@@H]3[C@@H](C[C@@]2([C@]1(C(=O)CO)O)C)O)C
dude_pygm__L002391,Cc1cccc(c1N(c2nc(cs2)/C=C(/c3nc4cc(ccc4c(n3)[O-])C(=O)[O-])\Cl)C(=O)C)C
dude_pygm__L002392,CCOc1cc(ccc1O)[C@H]2c3c(n[nH]c3C(=O)N2C(C)C)c4ccc(cc4)C
dude_pygm__L002393,c1ccc2c(c1)c(c[nH]2)CCNc3c4cnn(c4ncn3)c5ccccn5
dude_pygm__L002394,c1ccc(cc1)n2c3c(c(n2)C(=O)NNc4ccccc4[N+](=O)[O-])CCC3
dude_pygm__L002395,c1cc2c(cc1C(=O)NNS(=O)(=O)c3cc(sc3Cl)Cl)OCO2
dude_pygm__L002396,c1ccc(cc1)[C@H](C(=O)[O-])n2c3cc(ccc3nc2S[C@@H](c4ccccc4)C(=O)[O-])[N+](=O)[O-]
dude_pygm__L002397,c1cc(sc1)c2nnc(n2CC(=O)NNC(=O)c3cc4c(s3)CCCC4)[S-]
dude_pygm__L002398,Cc1cc2c(cc1S(=O)(=O)NCc3ccc(o3)C[NH+]4CCCCCC4)[nH]c5c2C(=O)CCC5
dude_pygm__L002399,C[C@@H]1C[C@@H](C[NH+](C1)Cc2cs/c(=N\C(=O)c3ccc(nn3)[O-])/[nH]2)C
dude_pygm__L002400,CC#C[C@@]1(CC[C@@H]2[C@@]1(CC=C3[C@@H]2CC[C@@]4([C@@]3(CCC5(C4)OCCO5)OC)O)C)O
dude_pygm__L002401,C[C@@]1(C(=O)N(C(=O)N1)NC(=O)C[NH+](C)Cc2ccccc2c3ccccc3)CCc4ccccc4
dude_pygm__L002402,Cc1ccc(c(c1)Br)S(=O)(=O)Nc2cc(ccc2C)N
dude_pygm__L002403,CC(=O)Nc1cccc(c1)/N=C/2\NN=C(CS2)c3ccc4c(c3)CCC(=O)N4
dude_pygm__L002404,c1ccc(cc1)S(=O)(=O)[C@@H]2CC[C@]3(C2)C[C@@H](CN3O)c4ccccc4O
dude_pygm__L002405,c1ccc(cc1)[C@@H]2CC3=C([C@H](C(=C(O3)N)C#N)c4ccco4)C(=O)C2
dude_pygm__L002406,CCN(CC)c1ccc(cc1)/C=C\2/C(=O)N(C(=S)S2)[C@@H](CC(=O)[O-])C(=O)[O-]
dude_pygm__L002407,c1ccc2c(c1)c3c(n2C(=O)CSc4nnc(s4)N)CCCC3
dude_pygm__L002408,Cc1ccc(cc1Nc2cnn(c(=O)c2Cl)C34C[C@@H]5C[C@H](C3)CC(C5)[C@@H]4C(=O)[O-])C(=O)[O-]
dude_pygm__L002409,CCc1ccc(cc1)N2C(=O)/C(=C/c3cc(c(c(c3)Cl)OCC(=O)[O-])Cl)/C(=NC2=S)[O-]
dude_pygm__L002410,c1ccc2c(c1)ccc3c2N[C@H](C4=C3CCCC4=O)c5ccc(c(c5)O)O
dude_pygm__L002411,Cc1ccc(cc1)N2C(=O)/C(=C\c3ccc(o3)c4cc(cc(c4)C(=O)[O-])C(=O)[O-])/C(=N2)C
dude_pygm__L002412,Cc1c(c(nc(n1)SCC(=O)C2=C[C@@H](N([C@H]2C)c3ccc(cc3)OC(F)F)C)[O-])CCC(=O)[O-]
dude_pygm__L002413,c1cc(c(cc1Br)Br)[N-]S(=O)(=O)N2CCC[C@@H](C2)C(=O)[O-]
dude_pygm__L002414,COc1cc(ccc1O)c2[nH]c(=O)c3c4c(sc3n2)CCCC4
dude_pygm__L002415,CC(C)(C)c1ccc(cc1)[C@@H]2C(=C(C(=O)N2c3cccc(c3)C(=O)[O-])[O-])C(=O)c4ccco4
dude_pygm__L002416,CC[C@H](C(=O)[O-])Oc1ccc(cc1OCC)/C=C/2\C(=O)N=C(S2)[N-]c3cccc(c3Cl)Cl
dude_pygm__L002417,CCOc1cc(ccc1OCC(=O)[O-])/C=C/2\C(=O)N=C(S2)[N-]c3ccc(cc3)O
dude_pygm__L002418,Cc1ccc(cc1C)[N-]C2=NC(=O)/C(=C\c3ccc(c(c3)OC)OCCC(=O)[O-])/S2
dude_pygm__L002419,Cc1cccc(c1)N2C(=O)/C(=C/c3cc(n(c3C)c4cccc(c4C)C(=O)[O-])C)/C(=NC2=S)[O-]
dude_pygm__L002420,Cc1c(c(nc(n1)S[C@H](C)C(=O)NC2CCCCC2)[O-])CCC(=O)[O-]
dude_pygm__L002421,Cc1[nH]nc(n1)[C@@H](C)C[NH3+]
dude_pygm__L002422,c1cc(cc(c1)N2C(=O)c3ccc(cc3C2=O)C(=O)[O-])N4C(=O)c5ccc(cc5C4=O)C(=O)[O-]
dude_pygm__L002423,c1ccc(cc1)Cn2c3c(c(c(c2=O)/C(=N/c4nc5ccc(cc5s4)Br)/[O-])[O-])CCCC3
dude_pygm__L002424,CCCCOc1ccc(cc1)[C@@H]2C(=C(C(=O)N2c3nc4ccc(cc4s3)C(=O)[O-])[O-])C(=O)C5CC5
dude_pygm__L002425,Cc1cc(ccc1Br)NS(=O)(=O)c2c(cccc2F)N
dude_pygm__L002426,C[C@@H](C(=O)NC(=O)NC1CCCCC1)Sc2nnc(s2)SCc3ccc(cc3)OC
dude_pygm__L002427,COC(=O)c1ccc(cc1)[C@@H]2Nc3c(c4c(s3)CCCC4)C(=N2)O
dude_pygm__L002428,c1ccc(cc1)[C@@H]2C(=C(C(=O)N2c3nc4ccc(cc4s3)C(=O)[O-])[O-])C(=O)c5ccccc5F
dude_pygm__L002429,CCn1c2ccc(cc2nc1CSc3nc4ccccc4c(=O)n3[C@H](C(C)C)C(=O)[O-])C(=O)[O-]
dude_pygm__L002430,c1ccc2c(c1)cccc2[C@H]3C(=C(C(=O)N3c4nc5ccc(cc5s4)C(=O)[O-])[O-])C(=O)c6ccco6
dude_pygm__L002431,CC\1=NN(C(=O)/C1=C\c2cc(ccc2OCC(=O)[O-])Br)c3ccc(cc3)C(=O)[O-]
dude_pygm__L002432,Cc1ccc(cc1)CNc2nc(n(n2)S(=O)(=O)c3ccc(cc3)C)NCc4ccc(cc4)C
dude_pygm__L002433,Cc1ccc(cc1)[C@@H](c2ccc(cc2)OC)NC(=O)N[C@@H]3CCCCNC3=O
dude_pygm__L002434,CCCCn1c2ccc(cc2nc1C[NH+](C)Cc3ccc(cc3F)F)S(=O)(=O)N
dude_pygm__L002435,Cc1ccc(s1)c2nc([nH]n2)/N=C(/c3cccc(c3)[N-]S(=O)(=O)C)\[O-]
dude_pygm__L002436,C[C@@H](CCC(=O)OC)[C@H]1CC[C@@H]2[C@@]1([C@H](C[C@H]3[C@@H]2C(=O)C[C@H]4[C@@]3(CC[C@H](C4)C(=O)[O-])C)C(=O)[O-])C
dude_pygm__L002437,CC(=O)/C(=N\Nc1ccc(cc1)C(=O)[O-])/C(=O)c2c(cc3c(c2OC)cco3)[O-]
dude_pygm__L002438,CC1=C(C(C(=C(N1Cc2cccc(c2)N(=O)=O)C(=O)O)C(=O)O)c3ccccc3Cl)C(=O)OC(C)C
dude_pygm__L002439,CC1=C([C@H](NC(=S)N1)c2ccc(cc2)n3cncn3)C(=O)Nc4ccc(cc4)Br
dude_pygm__L002440,c1ccc(c(c1)n2cnc3c2NC(=O)C[C@H]3c4cccc(c4)O)Br
dude_pygm__L002441,CS(=O)(=O)c1nc(c2c(n(nc2n1)Cc3ccccc3)N)c4ccccc4F
dude_pygm__L002442,CC1(CCCCC1)C(=O)N2C[C@H](C3(C2)CC[NH2+]CC3)C(=O)NCCOc4ccccc4F
dude_pygm__L002443,Cc1ccc(cc1C)N(c2nc(cs2)/C=C(/c3nc4cc(ccc4c(n3)[O-])C(=O)[O-])\Cl)C(=O)C
dude_pygm__L002444,CN(C)S(=O)(=O)Nc1ccc(cc1)N2CCC(CC2)[NH2+]Cc3ccc(s3)Cl
dude_pygm__L002445,Cc1cc(n(n1)c2ccccc2NC(=O)N[C@H](C)C(=O)N3CCCC[C@H]3C)C
dude_pygm__L002446,CCN(CC)C(=O)/C(=C\c1cc(n(c1C)c2cc(cc(c2)C(=O)[O-])C(=O)[O-])C)/C#N
dude_pygm__L002447,C[C@@H]1CCc2c(sc3c2c(nc(n3)c4cccnc4)N[C@H](C)C(=O)NC(C)(C)C)C1
dude_pygm__L002448,c1cc(cc(c1)Br)[C@@H]2C(=C(C(=O)N2c3cccc(c3)C(=O)[O-])[O-])C(=O)C4CC4
dude_pygm__L002449,CCCS(=O)(=O)[N-]c1ccc(cc1)[N-]S(=O)(=O)c2ccc(cc2)[N+](=O)[O-]
dude_pygm__L002450,Cc1cc(c(c(=O)n1C)[C@H](c2ccccc2OC)c3c(n(c(=O)cc3[O-])C)C)[O-]
dude_pygm__L002451,CCOc1cccc(c1)N2C(=O)/C(=C\c3ccc(o3)c4cc(ccc4Cl)C(=O)[O-])/C(=NC2=O)[O-]
dude_pygm__L002452,c1cc(ccc1c2nnc3n2CCCC3)NC(=O)N[C@@H]4CCCc5c4cco5
dude_pygm__L002453,Cc1cc(c(c(c1)C)S(=O)(=O)Nc2cc(cc(c2)C(=O)[O-])C(=O)[O-])C
dude_pygm__L002454,c1cc(c(cc1Br)[N-]S(=O)(=O)c2cc([nH]c2)C(=O)[O-])Br
dude_pygm__L002455,CNS(=O)(=O)c1ccc(c(c1)[N+](=O)[O-])N[C@@H]2CCCc3c2cccc3
dude_pygm__L002456,c1cc(c(cc1Nc2cnn(c(=O)c2Cl)C34C[C@@H]5C[C@H](C3)CC(C5)(C4)CC(=O)[O-])C(=O)[O-])Cl
dude_pygm__L002457,Cc1ccc(cc1)[N-]C2=NC(=O)/C(=C\c3cccc(c3)O[C@H](C)C(=O)[O-])/S2
dude_pygm__L002458,c1ccc(cc1)c2ccc(cc2)S(=O)(=O)Nc3ccc4c(c3)C(=O)NCCO4
dude_pygm__L002459,c1cc(ccc1C(=O)[O-])S(=O)(=O)[N-][C@]2(C(=O)N(C(=N2)O)C3CCCCC3)C(F)(F)F
dude_pygm__L002460,CC(=O)[C@H]1CC[C@@H]2[C@@]1(C[C@H]([C@@H]3[C@@H]2CC[C@H]4[C@@]3([C@@H](C[C@@H](C4)O)O)C)O)C
dude_pygm__L002461,Cc1ccc(cc1C)N2C(=O)/C(=C/c3cn(c4c3cccc4)CC(=O)[O-])/C(=NC2=O)[O-]
dude_pygm__L002462,C[C@H](C(=O)Nc1ccccc1Cl)Sc2nnc(n2C[C@@H]3CCCO3)c4c[nH]c5c4cccc5
dude_pygm__L002463,Cc1ccccc1[C@@H]2c3c(nn(c3OC(=C2C#N)N)c4ccccc4)C
dude_pygm__L002464,Cc1ccc(c(c1)C)C(=O)C2=C(C(=O)N([C@@H]2c3cccc(c3)F)c4ccc(cc4)CC(=O)[O-])[O-]
dude_pygm__L002465,C[C@H]1CCC[NH+](C1)Cc2csc(n2)NC(=O)[C@H](C(C)C)NC(=O)Cc3ccccc3
dude_pygm__L002466,c1c(c(sc1Br)Br)S(=O)(=O)[N-]c2nnc(s2)SCC(=O)[O-]
dude_pygm__L002467,c1cc(ccc1C(=O)N/N=C\c2ccc(o2)c3cc(cc(c3)C(=O)[O-])C(=O)[O-])Br
dude_pygm__L002468,c1ccc(cc1)C2=NN=C3[C@H]2[C@H](C(=C(O3)N)C#N)c4ccccc4C(F)(F)F
dude_pygm__L002469,COc1ccc(cc1)C(=O)C2=C(C(=O)N([C@@H]2c3ccc(cc3)SC)c4ccc(cc4)CC(=O)[O-])[O-]
dude_pygm__L002470,c1cc(ccc1C2=NN=C[C@@H]2CNC(=O)CS[C@@H]3NN[C@@H](S3)N)F
dude_pygm__L002471,Cc1ccc(nc1)NC(=O)Cc2c(c3ccc(c(c3oc2=O)O)O)C
dude_pygm__L002472,CC[C@H](C(=O)[O-])Oc1ccc(cc1)/C=C\2/C(=O)N(/C(=N/c3ccc(cc3)C(=O)[O-])/S2)CC=C
dude_pygm__L002473,Cc1ccc(cc1)c2nnc(n2CCC(=O)[O-])SCc3ccc(cc3)C(=O)[O-]
dude_pygm__L002474,Cc1cc(ccc1N2C(=O)/C(=C/c3ccc(o3)c4ccccc4C(=O)[O-])/C(=NC2=S)[O-])Br
dude_pygm__L002475,c1cc(ccc1c2ccc(o2)/C=C\3/C(=O)N(C(=S)S3)[C@H](CCCC(=O)[O-])C(=O)[O-])[N+](=O)[O-]
dude_pygm__L002476,CCCCN/C(=C(\C#N)/C(=C\1/CCN(C1=O)c2ccc(c(c2)Cl)Cl)/[O-])/[O-]
dude_pygm__L002477,c1ccc(cc1)/C=C/C=C\2/C(=O)N(C(=N2)c3ccccc3)c4cc(ccc4C(=O)[O-])S(=O)(=O)[O-]
dude_pygm__L002478,C[C@@H]1[C@H](CC[C@]2([C@H]1[C@H]([C@H](CC2)[C@H](C)C(=O)NC(C)(C)C)O)C)NC(=O)CCOC
dude_pygm__L002479,Cc1c\2c(oc1C(=O)NN)CCC/C2=N\NS(=O)(=O)c3ccc(cc3)F
dude_pygm__L002480,c1ccc2c(c1)nc(s2)[C@@H]3CCCN3c4cc(nc(n4)N)Cl
dude_pygm__L002481,CN1c2ccccc2CC(C1=O)NC(=O)c3cc4cc(ccc4[nH]3)C#N
dude_pygm__L002482,C[C@]1(C(=O)N(C(=O)N1)CC(=O)Nc2cccc(c2)SC)c3cccc4c3cccc4
dude_pygm__L002483,CC(C)(C)OC(=O)N1CCc2c(s/c(=N\C(=O)c3ccc[nH]c3=O)/[nH]2)C1
dude_pygm__L002484,c1cc2c(cc1[C@H](c3ccc(o3)Br)O)oc(=O)[nH]2
dude_pygm__L002485,Cc1ccc(cc1[N+](=O)[O-])S(=O)(=O)[N-]c2ccc3c(c2)c(c(o3)C)C(=O)[O-]
dude_pygm__L002486,CC(C)c1ccc(cc1)/C=C\2/C(=O)c3ccc(c(c3O2)C[NH+]4CCN(CC4)CCO)O
dude_pygm__L002487,c1cc(c(cc1NCC(=O)Nc2ccc(cc2F)Br)[N+](=O)[O-])F
dude_pygm__L002488,CCCC1=NN([C@](C1)(C(F)(F)F)O)C(=O)c2cccc(c2O)C
dude_pygm__L002489,Cc1cc(c(n1c2cc(cc(c2)C(=O)[O-])C(=O)[O-])C)/C=C(/C#N)\C(=O)Nc3ccc(cc3)Cl
dude_pygm__L002490,c1cc2c(cc1NC(=O)CSc3nc(c(nn3)CCC(=O)[O-])[O-])OC(O2)(F)F
dude_pygm__L002491,C[C@H](C(=O)N[C@@H]1[C@@H](C2=C(S1)CCCCC2)C#N)Sc3nc(c(nn3)CCC(=O)[O-])[O-]
dude_pygm__L002492,COC(=O)[C@@H]1[C@H](C(=C(N=C1[O-])SCC(=O)N)C#N)c2ccc(cc2)Cl
dude_pygm__L002493,c1ccc(cc1)Cn2c(nnc2SCc3[nH]c(=O)c4ccc(cc4n3)C(=O)[O-])CC(=O)[O-]
dude_pygm__L002494,Cn1cc(cc1C(=O)NNC(=O)c2cc3c(s2)CCCCC3)Br
dude_pygm__L002495,CC[C@@H](C)c1ccc(cc1)N2C(=O)/C(=C\c3ccc(o3)c4cccc(c4)C(=O)[O-])/C(=NC2=O)[O-]
dude_pygm__L002496,C(C(=O)[O-])Oc1c(c(sc1C(=O)[O-])Br)Br
dude_pygm__L002497,c1cc(c(c(c1)Cl)Cl)c2ccc(o2)/C=C/3\C(=O)N(C(=S)S3)[C@H](CCC(=O)[O-])C(=O)[O-]
dude_pygm__L002498,c1cc(ccc1/C=C/C(=O)[O-])S(=O)(=O)[N-]c2ccc(c(c2)S(=O)(=O)N3CCOCC3)F
dude_pygm__L002499,CC1=C[C@H](N=N1)[C@H]2NN[C@@H](N2/N=C/c3cc(ccc3OC)Br)S
dude_pygm__L002500,c1c(cc(c(c1C(=O)NNC(=O)NC2CCCC2)N)[N+](=O)[O-])F
dude_pygm__L002501,COc1ccc(cc1)[C@@H]2C(=C(C(=O)N2CCCCCC(=O)[O-])[O-])C(=O)c3ccc(cc3)F
dude_pygm__L002502,Cc1c(cc(o1)C(=O)[O-])S(=O)(=O)[N-]c2cc(ccc2F)Br
dude_pygm__L002503,COc1c(cc2c(c1OC)C(=O)c3cc(c(c(c3C2=O)OC)OC)O)O
dude_pygm__L002504,Cc1ccc(c(c1)Br)O[C@@H](C)C(=O)Nc2ccc3c(c2)[nH]c(=O)[nH]3
dude_pygm__L002505,Cc1ccc(cc1)NC(=O)[C@@H](c2ccccc2)Sc3nc(c(c(n3)[O-])CCC(=O)[O-])C
dude_pygm__L002506,c1ccc(c(c1)/C=N/n2c(nnc2[S-])c3ccncc3)OCC(=O)[O-]
dude_pygm__L002507,c1ccc(cc1)N2C(=O)c3ccc(cc3C2=O)Oc4ccc(cc4)N
dude_pygm__L002508,CCCCCCN/C(=C(\C#N)/C(=O)c1cc(c(nc1)[O-])Cl)/[O-]
dude_pygm__L002509,c1cc(ccc1[N+](=O)[O-])S(=O)(=O)NC2[C@@H]3CCC[C@H]2C[NH+](C3)C4CC4
dude_pygm__L002510,CC(C)c1c(c(cc(n1)C(C)(C)C)c2ccc(cc2)F)CO[P@](=O)(C[C@@H](CC(=O)[O-])O)[O-]
dude_pygm__L002511,Cc1ccc(c(c1)[N-]C2=NC(=O)/C(=C\c3ccc(c(c3)OC)O[C@@H](C)C(=O)[O-])/S2)C
dude_pygm__L002512,c1ccc(cc1)c2nc([nH]n2)SCC(=O)/[NH+]=C/3\C=CC4=NC(=NC4=C3)[O-]
dude_pygm__L002513,c1cc(c(cc1N)c2nnnn2c3ccc(c(c3)F)F)Br
dude_pygm__L002514,Cc1ccc(cc1)N2C(=O)/C(=C/c3cc(c(c(c3)OC)[O-])[N+](=O)[O-])/C(=NC2=O)[O-]
dude_pygm__L002515,CCn1cc(cn1)S(=O)(=O)[N-]c2ccc(c(c2)C)n3cccc3C(=O)[O-]
dude_pygm__L002516,Cc1ccc2cccc(c2n1)Oc3c(c(ncn3)n4c5ccccc5nn4)N
dude_pygm__L002517,c1cc(cc(c1)[N+](=O)[O-])/C=C(/c2nc3cc(ccc3c(n2)[O-])C(=O)[O-])\Cl
dude_pygm__L002518,CC(=O)Nc1ccc2c(c1)nc(o2)c3ccc(c(c3)Br)O
dude_pygm__L002519,Cn1c(c2c(nc(nc2n1)N3CCOCC3)c4ccc(cc4)Cl)N
dude_pygm__L002520,C[NH+]1CC[C@@](C1)(C(=O)[O-])[NH3+]
dude_pygm__L002521,CCn1cc(cc1C(=O)[O-])S(=O)(=O)[N-]c2ncc(s2)Br
dude_pygm__L002522,C[C@H](C(=O)[O-])Oc1ccc(cc1)/C=C\2/C(=NC(=O)N(C2=O)c3ccc4c(c3)OCO4)[O-]
dude_pygm__L002523,C[C@@]12CC[C@@H]3[C@H]([C@@]1(CC[C@@H]2C4=CC(=O)OC4)O)CC[C@@]5([C@@]3(CC[C@@H](C5)O)O)O
dude_pygm__L002524,Cc1cc(ccc1N2C(=O)/C(=C/c3ccc(c(c3)Cl)OCC(=O)[O-])/C(=NC2=O)[O-])Br
dude_pygm__L002525,CC(=O)C1=C(C(=O)N([C@H]1c2ccc(cc2)[N+](=O)[O-])c3ccc(cc3)C(=O)[O-])[O-]
dude_pygm__L002526,Cc1ccc(cc1)S(=O)(=O)NCC(=O)N/N=C/c2c(c(cc(c2C)C)C)C
dude_pygm__L002527,Cc1ccc2nc(c(n2c1)[C@H](C)C(=S)N)c3ccc4c(c3)OCO4
dude_pygm__L002528,C[C@@H](c1ccc2c(c1)[nH]c(=O)[nH]2)Nc3ccc(c(c3)F)Cl
dude_pygm__L002529,c1cc(cc(c1)N)c2nnnn2c3ccc(cc3Br)Br
dude_pygm__L002530,c1ccc(c(c1)C(=O)[O-])Sc2ccc(cc2[N+](=O)[O-])/C=C/C(=O)[O-]
dude_pygm__L002531,CCOC(=O)NC(=O)c1c2c(sc1NC(=O)c3ccccc3S(=O)(=O)CC)CCCCC2
dude_pygm__L002532,Cc1cc(c(cc1Cl)c2c3c([nH]n2)C(=O)N([C@H]3c4cccc(c4)O)CCCOC)O
dude_pygm__L002533,CCc1nc(cs1)[C@@H]2/C(=C(\c3ccncc3)/[O-])/C(=NC(=N2)[S-])C(=O)OC
dude_pygm__L002534,CC(C)N1C/C(=C\c2ccc(cc2)C(=O)[O-])/C(=O)/C(=C\c3ccc(cc3)C(=O)[O-])/C1
dude_pygm__L002535,c1cc(cc(c1)N2CCCS2(=O)=O)NC(=O)Nc3ccc4c(c3)OCO4
dude_pygm__L002536,Cc1c(c(on1)C)CCN(C)c2ccc(cc2C(=O)[O-])[N-]S(=O)(=O)c3ccc(cc3)CC(C)C
dude_pygm__L002537,Cc1c(c(nc(n1)SCC(=O)C2=C[C@@H](N([C@@H]2C)c3cccc(c3)F)C)[O-])CCC(=O)[O-]
dude_pygm__L002538,c1cnccc1[C@H]2c3c(nc(=S)[nH]c3NC4=C2C(=O)CCC4)N
dude_pygm__L002539,c1ccc(cc1)S(=O)(=O)Nc2ccc(cc2)N/N=C/3\C=CC(=O)c4c3cccc4
dude_pygm__L002540,c1ccc(c(c1)OC(F)(F)F)S(=O)(=O)[N-]c2nc(cs2)CC(=O)N
dude_pygm__L002541,Cc1ccc(cc1)c2nnc(o2)[C@@H](C)Sc3nnc(n3N)c4ccco4
dude_pygm__L002542,c1cc2c(cc1N)[nH]c(n2)[S@@](=O)Cc3ccc(s3)Br
dude_pygm__L002543,COc1cc(cc(c1OC)Br)/C=C(/c2nc3cc(ccc3c(n2)[O-])C(=O)[O-])\Cl
dude_pygm__L002544,Cc1c(c(on1)C)[C@@H](C[NH3+])N
dude_pygm__L002545,Cc1ccccc1/C=c\2/c(=O)n3c(=C([C@H](C(=C3N)C#N)c4ccccc4C)C#N)s2
dude_pygm__L002546,CSc1ccc(cc1)[C@@H]2[C@H]3C(=NC(=O)NC3=O)NC4=C2C(=O)CCC4
dude_pygm__L002547,CC(=O)c1cc(ccc1C(C2=C(CC(CC2=O)(C)C)[O-])C3=C(CC(CC3=O)(C)C)[O-])O
dude_pygm__L002548,c1ccc(c(c1)C(=O)C2=C(C(=O)N([C@@H]2c3cccc(c3)Br)c4cccc(c4)C(=O)[O-])[O-])F
dude_pygm__L002549,c1cc(ccc1[C@H]2CC(=O)Nc3c2ncn3c4cc(cc(c4)F)F)O
dude_pygm__L002550,c1ccc(cc1)C[NH2+][C@H](c2cn(nc2c3cccs3)c4ccccc4)P(=O)([O-])[O-]
dude_pygm__L002551,Cc1c(sc(n1)NC(=O)CNC(=O)N2CCN(CC2)c3ccc(cc3)F)C
dude_pygm__L002552,c1cc(c(cc1O)C(=O)[O-])[N-]C2=NC(=O)/C(=C/c3ccc(cc3Cl)Cl)/S2
dude_pygm__L002553,Cc1cc(c(n1c2ccc(cc2)OC(F)F)C)C(=O)[C@H](C)Sc3nc(c(nn3)CCC(=O)[O-])[O-]
dude_pygm__L002554,Cc1ccc(cc1)n2c(nnn2)c3cnc(nc3c4ccccc4F)N
dude_pygm__L002555,CCOC(=O)c1ccc(cc1)[N-]C2=NC(=O)/C(=C\c3ccc(c(c3)OC)OCC(=O)[O-])/S2
dude_pygm__L002556,CCN(C1CCCCC1)C(=O)c2cc(nc3c2cccc3C)c4cnc(nc4)N
dude_pygm__L002557,CC[C@H](C(=O)[O-])Oc1ccc(cc1)/C=C\2/C(=O)N/C(=N/c3ccc(cc3)C(=O)[O-])/S2
dude_pygm__L002558,CCc1ccc(cc1)NC(=O)CSc2nc(c(nn2)CCC(=O)[O-])[O-]
dude_pygm__L002559,Cc1ccc(cc1S(=O)(=O)[N-]c2ccc(c(c2F)F)F)C(=O)[O-]
dude_pygm__L002560,c1cc(ccc1/C=N/c2ccc(cc2)S(=O)(=O)[N-]c3nccs3)C(=O)[O-]
dude_pygm__L002561,c1cc2c(cc1NS(=O)(=O)c3ccc(s3)c4ccc(=O)[nH]n4)OCO2
dude_pygm__L002562,c1cc(ccc1c2ccc(o2)/C=C/3\C(=NC(=S)S3)[O-])S(=O)(=O)[N-]c4nccs4
dude_pygm__L002563,c1c(ccc(c1)OCCOc2ccc(cc2)/C=C/3\SC(=S)N=C3[O-])/C=C/4\SC(=S)N=C4[O-]
dude_pygm__L002564,CCOc1cc(ccc1O)[C@@H]2Nc3c(cccc3-c4n2nc(c4)C)C
dude_pygm__L002565,CN(C)S(=O)(=O)c1ccc(c(c1)N)NC2CCC(CC2)O
dude_pygm__L002566,c1cc(cc(c1)N2[C@@H](C(=C(C2=O)[O-])C(=O)c3cccs3)c4ccc(cc4)C(F)(F)F)C(=O)[O-]
dude_pygm__L002567,CCCC1=C2[C@H](C(=C(O[C@H]2N=N1)N)C#N)c3cc4c(c(c3)OC)OCO4
dude_pygm__L002568,c1ccc(cc1)C2=NN=C3[C@H]2[C@H](C(=C(O3)N)C#N)c4ccc(cc4)F
dude_pygm__L002569,Cc1cc(nc(n1)[N-]S(=O)(=O)c2ccc(cc2)[N-]S(=O)(=O)c3ccsc3)C
dude_pygm__L002570,C[C@@H]1CC=C2[C@@H](C1)[C@@H](C(=C(C2(C#N)C#N)N)C#N)c3ccc(cc3)OC
dude_pygm__L002571,Cc1ccc(cc1)N2C(=O)/C(=C/c3ccc(cc3)O[C@@H](C)C(=O)[O-])/C(=NC2=S)[O-]
dude_pygm__L002572,c1cc(sc1)c2[nH]nc(n2)c3ccc(cc3N)Br
dude_pygm__L002573,CCOc1ccc(cc1)c2nnc(n2CCC(=O)[O-])SCC(=O)NCc3ccc(cc3)C(=O)[O-]
dude_pygm__L002574,c1ccc2c(c1)c(=O)c3c(o2)OC(=C([C@@H]3c4ccc5c(c4)OCCO5)C#N)N
dude_pygm__L002575,Cc1ccc(cc1)c2nnc(n2CCC(=O)[O-])SCC(=O)Nc3ccc(cc3)C(=O)[O-]
dude_pygm__L002576,Cc1ccc(cc1)CN(C)C(=O)CSC(=[NH2+])N
dude_pygm__L002577,CC(C)[NH+](C)CCNC(=O)C1(CCCC1)C(=S)N
dude_pygm__L002578,Cc1ccc(cc1)S(=O)(=O)[N-]c2cc(ccc2N(CC(C)C)CC(C)C)C(=O)[O-]
dude_pygm__L002579,CCCC(=O)Nc1cccc(c1C)NC(=O)c2cc3c(s2)nc4n3ccs4
dude_pygm__L002580,c1c(csc1S(=O)(=O)[N-]c2cc(c(cc2Cl)Cl)Cl)C(=O)[O-]
dude_pygm__L002581,Cc1ccc(c(c1)[N-]S(=O)(=O)c2ccc(s2)CC(=O)[O-])F
dude_pygm__L002582,c1ccc2c(c1)[C@H]3C=CC[C@H]3[C@H](N2)C(=O)N4CCc5c(c(n[nH]5)C6CCC6)C4
dude_pygm__L002583,Cc1cc(cc(c1C)S(=O)(=O)Nc2ccc(cc2)S(=O)(=O)[N-]c3ccc(cc3)Cl)C(=O)[O-]
dude_pygm__L002584,Cc1cc(nc(n1)S[C@@H](C)C(=O)C(=C2Nc3ccccc3N2)C#N)c4ccccc4
dude_pygm__L002585,Cc1ccc(c(c1)C)n2ccnc2SCC(=O)Nc3c(c4c(s3)CCC4)C(=O)N
dude_pygm__L002586,CCOc1ccc(cc1)N2C(=O)/C(=C\c3ccc(cc3)OCc4cccc(c4)C(=O)[O-])/C(=NC2=S)[O-]
dude_pygm__L002587,c1cc(ccc1C[C@@H](C(=O)N2CCC(CC2)O)NC(=O)c3cc4cc(ccc4[nH]3)Cl)F
dude_pygm__L002588,c1ccc(cc1)c2cc3c(ncnc3s2)N4CCC[C@H](C4)C(=O)N
dude_pygm__L002589,CC1(CC2=C([C@H](C(=C(O2)N)C(=O)OC)c3ccc(s3)[N+](=O)[O-])C(=O)C1)C
dude_pygm__L002590,Cc1ccc(cc1)SCC2=NN=C3[C@H]2[C@H](C(=C(O3)N)C#N)c4cccs4
dude_pygm__L002591,c1ccc(cc1)c2c(cn(n2)c3ccccc3)/C=C/4\C(=O)NNC(=N4)c5ccccc5
dude_pygm__L002592,C[C@H](C(=O)[O-])Oc1ccc(cc1)/C=C\2/C(=O)N(/C(=N\c3ccc(c(c3)O)C(=O)[O-])/S2)C
dude_pygm__L002593,Cc1c(c(nc(c1C#N)[O-])[O-])/C=N/c2ccc(cc2)S(=O)(=O)N3CCCCC3
dude_pygm__L002594,c1cc(ccc1N2C(=O)/C(=C/c3cc(c(c(c3)Cl)OCC(=O)[O-])Cl)/C(=NC2=S)[O-])Cl
dude_pygm__L002595,c1cc2c(cc1NC(=O)N[C@H]3CCC[C@H](C3)C(F)(F)F)OCCCO2
dude_pygm__L002596,Cc1ccc(cc1C)N2[C@@H](C=C([C@@H]2C)C(=O)CSc3nc(c(nn3)CCC(=O)[O-])[O-])C
dude_pygm__L002597,C[C@H](C(=O)[O-])Oc1ccc(cc1)/C=C\2/C(=O)N(C(=S)S2)[C@@H](C(C)C)C(=O)[O-]
dude_pygm__L002598,CCOc1ccccc1C(=O)N2C[C@H](C3(C2)CC[NH2+]CC3)C(=O)NCc4cccc(c4)OC(F)F
dude_pygm__L002599,CC\1=NN(C(=O)/C1=C\c2ccc(o2)c3ccc(c(c3)C(=O)[O-])Cl)c4cccc(c4)C(=O)[O-]
dude_pygm__L002600,Cc1c(sc2c1c(=O)[nH]c(n2)SCC(=O)Nc3ccc(c(c3)Cl)OC)C
dude_pygm__L002601,Cc1cccc(c1)/N=C\2/C(=C/c3ccc(c(c3)O)OC)/SC(=O)N2
dude_pygm__L002602,c1cc(ccc1c2nnc(n2CC(=O)[O-])Sc3ccc(cc3C(=O)[O-])S(=O)(=O)N)Cl
dude_pygm__L002603,Cc1c(c2ccccc2[nH]1)[C@@H](c3cc(ccc3O)[N+](=O)[O-])N4CCOCC4
dude_pygm__L002604,COc1cc(cc(c1OCC(=O)[O-])Br)/C=C\2/C(=NC(=S)N(C2=O)CC=C)[O-]
dude_pygm__L002605,CCCCN(c1nnc(s1)[S-])S(=O)(=O)c2ccc(cc2)/C=C/C(=O)[O-]
dude_pygm__L002606,c1ccc(cc1)CN([C@H]2N=C3CCCC[C@@H]3S2)C(=O)CSc4nc(c(nn4)CCC(=O)[O-])[O-]
dude_pygm__L002607,Cc1ccnc(c1)C(=O)Nc2cc3ccccc3cc2Oc4ccc(c(c4)C(=O)O)C(=O)O
dude_pygm__L002608,CC[C@@H](C(=O)[O-])Oc1cccc(c1)/C=C/2\C(=O)N=C(S2)[N-]c3ccc(cc3)NC(=O)C
dude_pygm__L002609,COc1cc(cc(c1[O-])/C=C\2/C(=NC(=O)N(C2=O)c3cccc(c3)Br)[O-])[N+](=O)[O-]
dude_pygm__L002610,CC(C)c1c(c(cc(n1)C(C)(C)C)c2ccc(cc2)F)/C=C/[P@](=O)(C[C@@H](CC(=O)[O-])O)[O-]
dude_pygm__L002611,COc1cc(cc(c1OCC(=O)[O-])Br)/C=C\2/C(=NC(=O)N(C2=O)c3ccc(cc3)Cl)[O-]
dude_pygm__L002612,CC(C)n1cc(cc1C(=O)N2CCC[C@@H]2C(=O)N)Br
dude_pygm__L002613,CC(C)(C)c1ccc(cc1)[C@H]2C(=C(C(=O)N2c3cccc(c3)C(=O)[O-])[O-])C(=O)c4ccco4
dude_pygm__L002614,c1cc(c(cc1/C=C/C(=O)NNC(=O)c2ccc(nc2)Cl)[N+](=O)[O-])Cl
dude_pygm__L002615,C[C@@H](C(=O)[O-])Oc1ccc(cc1)/C=C/2\C(=O)N=C(S2)[N-]c3ccccc3F
dude_pygm__L002616,CC(C)Cc1nnc(s1)/N=C(/c2c(=O)c3ccccc3[nH]c2[O-])\[O-]
dude_pygm__L002617,CCOC(=O)c1c(c2c3c(sc2n1CC(=O)Nc4ccc(cc4)Cl)CCCC3)NC(=O)C
dude_pygm__L002618,c1ccc2c(c1)ncc(n2)C(=C(/C(=N/c3nc4ccc(cc4s3)[N+](=O)[O-])/[O-])[O-])[N+](=O)[O-]
dude_pygm__L002619,C[C@]1(Cc2c(c(n[nH]2)O)[C@H]([C@H]1C(=O)OC)c3ccc(cc3)C(C)(C)C)O
dude_pygm__L002620,Cc1c(c2c(c(c1OC)C(=O)[O-])C(=O)N(C2)[C@H](CC(C)C)C(=O)[O-])OCC=C(C)C
dude_pygm__L002621,Cc1c(c(nc(n1)SCC(=O)N[C@@H]2CCC[C@H]([C@H]2C)C)[O-])CCC(=O)[O-]
dude_pygm__L002622,C[C@H]([C@](C)(C[NH3+])O)O
dude_pygm__L002623,CC[C@@H]1Cc2c(cc(=O)n(c2S1)Cc3ccc(cc3)c4ccccc4c5[n-]nnn5)[O-]
dude_pygm__L002624,CCc1cc(ncn1)Oc2c(cc(cc2I)C#N)N
dude_pygm__L002625,C[NH+](C[C@H]1CCCCO1)C[C@@H](c2ccc(cc2)N)O
dude_pygm__L002626,CSc1nnc(s1)N2C3=C([C@H](C(=C2N)C#N)c4ccc5c(c4)cc[nH]5)C(=O)CCC3
dude_pygm__L002627,Cc1c(nnn1c2ccc(cc2)c3ccccc3)C(=O)N4CCCC[C@H]4C(=O)N
dude_pygm__L002628,CC(C)OCCCN/C(=C(\C#N)/C(=C\1/CCN(C1=O)c2ccc(cc2)F)/[O-])/[O-]
dude_pygm__L002629,Cc1c(c(nc(n1)SCC(=O)N[C@@H]2CCCC[C@H]2C)[O-])CCC(=O)[O-]
dude_pygm__L002630,CCCCc1ccc(cc1)N2C(=O)/C(=C\c3cc(n(c3C)c4ccc(cc4)C(=O)[O-])C)/C(=NC2=S)[O-]
dude_pygm__L002631,c1cc(cc(c1)[N+](=O)[O-])/C=C\2/C(=O)N=C(S2)[N-]c3cccc(c3)C(=O)[O-]
dude_pygm__L002632,c1cnc(nc1)SCc2nc(c3c4c(sc3n2)CCCCC4)N
dude_pygm__L002633,c1ccc2c(c1)nc(c(=O)n2CCN3CCOCC3)Nc4ccc(cc4)C(=O)NCc5cccs5
dude_pygm__L002634,CCCS(=O)(=O)[N-]c1ccc(cc1)[N-]S(=O)(=O)c2cccs2
dude_pygm__L002635,c1cc(cc(c1)OCC(=O)[O-])/C=C/2\C(=O)N=C(S2)[N-]c3ccc(cc3)F
dude_pygm__L002636,c1cc2c(cc1[C@H](c3ccc(o3)[N+](=O)[O-])Br)[nH]c(=O)[nH]2
dude_pygm__L002637,CN1CCN(CC1)CCN[NH3+]
dude_pygm__L002638,CCOc1ccc(cc1)N2C(=O)/C(=C/c3ccccc3OCc4ccc(cc4)C(=O)[O-])/C(=NC2=S)[O-]
dude_pygm__L002639,CCOc1cccc(c1)N2C(=O)/C(=C/c3ccc(cc3)OCc4cccc(c4)C(=O)[O-])/C(=NC2=O)[O-]
dude_pygm__L002640,Cc1cccc(c1)[C@@H]2c3c(=O)[nH]c(nc3NC(=O)[C@@H]2C#N)N4CCC(CC4)C
dude_pygm__L002641,c1cc(ccc1/C=C(\C=C2C(=O)N(C(=S)S2)[C@@H](CCC(=O)[O-])C(=O)[O-])/Cl)[N+](=O)[O-]
dude_pygm__L002642,CCOc1ccc(cc1)c2nnc(n2CCC(=O)[O-])Sc3ccc(c(c3)C(=O)[O-])[N+](=O)[O-]
dude_pygm__L002643,Cc1nc([nH]n1)S/C(=C/c2ccc(o2)c3cc(ccc3Cl)C(=O)[O-])/C(=O)[O-]
dude_pygm__L002644,Cc1ccc(cc1)S(=O)(=O)c2cc3c(nc2N)CC(CC3=O)(C)C
dude_pygm__L002645,c1ccc(c(c1)[C@H]2CC[C@@]3(C2)C[C@@H](CN3c4ccccc4O)O)O
dude_pygm__L002646,c1c(c(cc2c1[nH]c(=O)[nH]2)Br)C(=O)[C@H]3CCCOC3
dude_pygm__L002647,CC1(CC(=C(C(=O)C1)C(c2cccc(c2O)OC)C3=C(CC(CC3=O)(C)C)[O-])[O-])C
dude_pygm__L002648,CC(=O)NC1(CCCCC1)C(=O)Nc2ccc(cc2)n3c(c(cn3)C#N)N
dude_pygm__L002649,CCOc1cc(c(cc1OCC(=O)[O-])Br)/C=C/2\C(=NC(=S)N(C2=O)CC=C)[O-]
dude_pygm__L002650,c1cc(ccc1/C=C(/c2nc3cc(ccc3c(n2)[O-])C(=O)[O-])\Cl)N4CCCCC4
dude_pygm__L002651,CC1(CC2=C([C@H](C(=C(N2N(C)C)N)C#N)c3ccc(s3)C(C)(C)C)C(=O)C1)C
dude_pygm__L002652,c1cc(cc(c1)O)/C=N/Nc2nc(nc(n2)N3CCCC3)N4CCCC4
dude_pygm__L002653,CC1(CC(CC([NH2+]1)(C)C)NC(=S)N(Cc2ccccc2)Cc3ccc(c(c3OC)OC)OC)C
dude_pygm__L002654,CCOc1cc(ccc1O[C@@H](C)C(=O)[O-])/C=C/2\C(=O)N=C(S2)[N-]c3cccc(c3)O
dude_pygm__L002655,c1cc(ccc1CCC(=O)[O-])S(=O)(=O)Nc2ccc(cc2C(=O)[O-])N3CCOCC3
dude_pygm__L002656,c1ccc(c(c1)[C@H]2C(=C(C(=O)N2c3cccc(c3)C(=O)[O-])[O-])C(=O)c4ccccc4F)[N+](=O)[O-]
dude_pygm__L002657,c1ccc(c(c1)Nc2nc(cs2)c3ccc4c(c3)NC(=O)CO4)F
dude_pygm__L002658,c1ccc(cc1)C2=NN=C3[C@@H]2[C@@H](C(=C(O3)N)C#N)c4c(c(c(c(c4F)F)F)F)F
dude_pygm__L002659,COc1cc(cc(c1O)Br)CNc2ccc3c(c2)cc[nH]3
dude_pygm__L002660,c1cc(cc(c1)O)[N-]C2=NC(=O)/C(=C/c3ccc(cc3)OCC(=O)[O-])/S2
dude_pygm__L002661,Cc1ccc(cc1CSc2nc(c(c(n2)[O-])[C@@H](C)C(=O)[O-])C)[N+](=O)[O-]
dude_pygm__L002662,CCc1ccc(cc1)[N-]C2=NC(=O)/C(=C\c3ccc(cc3)O[C@H](C)C(=O)[O-])/S2
dude_pygm__L002663,Cc1c2cc(cnc2n(n1)C)NCc3ccc(c(c3)Cl)O
dude_pygm__L002664,Cc1ccc(cc1)N2C(=O)[C@H]3[C@@H](N[C@@]4([C@@H]3C2=O)c5ccccc5NC4=O)C
dude_pygm__L002665,Cc1ccc(cc1)n2c(nnc2SCC(=O)Nc3ccc(cc3)NC(=O)C)c4ccccc4Cl
dude_pygm__L002666,Cc1cccc(c1C)/N=C\2/NC(=O)/C(=C/c3cc(n(c3C)c4cc(cc(c4)C(=O)[O-])C(=O)[O-])C)/S2
dude_pygm__L002667,CC(C)(C)C(=O)Nc1ccc(cc1)C(=O)CSc2nc(c(nn2)CCC(=O)[O-])[O-]
dude_pygm__L002668,c1cc(cc(c1)Cl)S(=O)(=O)[N-]c2ccc(c(c2)S(=O)(=O)N)Cl
dude_pygm__L002669,c1cc(c(cc1F)F)[N-]S(=O)(=O)c2ccc(s2)CC(=O)[O-]
dude_pygm__L002670,Cc1ccccc1c2cc(c3cnn(c3n2)C(C)C)C(=O)NNC(=O)C4CC4
dude_pygm__L002671,c1cc(cc(c1)N2[C@H](C(=C(C2=O)[O-])C(=O)c3cccs3)c4ccc(cc4)Br)C(=O)[O-]
dude_pygm__L002672,C1C[NH+](C[C@H]1C[NH3+])CC(=O)[O-]
dude_pygm__L002673,CCn1c(nnn1)SCc2nc(c3c4c(sc3n2)CCCCC4)N
dude_pygm__L002674,C1CC[C@H]([C@@H](C1)C(=O)N[C@@H]2CCCC[C@@H]2NC(=O)[C@@H]3CCCC[C@@H]3C(=O)[O-])C(=O)[O-]
dude_pygm__L002675,c1cc(oc1)[C@H]2C[C@H](n3c(cc(n3)C(=O)Nc4ccc5c(c4)CCC5)N2)C(F)(F)F
dude_pygm__L002676,COc1cc(ccc1O)[C@H]2CCc3cc(c(cc3O2)O)OC
dude_pygm__L002677,CCNc1c2c(c3c([nH+]1)c(ns3)[O-])OC(=C([C@@H]2c4cccnc4)C#N)N
dude_pygm__L002678,Cc1c(cnc(n1)N)c2nnnn2c3ccc(cc3)c4ccccc4
dude_pygm__L002679,c1cc(ccc1n2c(nnn2)c3ccc(cc3N)Cl)Br
dude_pygm__L002680,Cc1c2c(n[nH]1)OC(=C([C@@H]2c3cc4ccc(cc4nc3Cl)OC)C#N)N
dude_pygm__L002681,Cc1ccc(cc1)C(=O)N[C@](C(=O)OC)(C(F)(F)F)Nc2ccc(c[nH+]2)Br
dude_pygm__L002682,CC(C)c1c2c(n[nH]1)OC(=C([C@H]2c3cccc(c3OC)OC)C#N)N
dude_pygm__L002683,c1cc(ccc1N2[C@@H]3[C@@H](C[C@H]([C@@H]([C@@H]3NC2=S)O)O)C(=O)N4CCCCC4)OC(F)(F)F
dude_pygm__L002684,c1ccc(cc1)/C=C(/C=C\2/C(=O)N(C(=S)S2)[C@H](CCC(=O)[O-])C(=O)[O-])\Cl
dude_pygm__L002685,CS(=Nc1cccc2c1C(=O)c3cccc(c3C2=O)N)(=O)C
dude_pygm__L002686,CCC[NH+](Cc1[nH]c(=O)c2c(csc2n1)c3ccccc3)C[C@H](COc4ccccc4C)O
dude_pygm__L002687,c1cc(ccc1C2(CC2)NC(=O)Nc3nncs3)Br
dude_pygm__L002688,Cc1c(c(nc(n1)[S-])c2c(c(nc(n2)[S-])C)C(=O)C)C(=O)C
dude_pygm__L002689,C[C@@H](C(=O)[O-])Oc1ccc(cc1)/C=C/2\C(=O)N=C(S2)[N-]c3ccc(cc3)Br
dude_pygm__L002690,Cc1cc(c(n1c2cc(cc(c2)C(=O)[O-])C(=O)[O-])C)/C=C(/C#N)\C(=O)N3CCOCC3
dude_pygm__L002691,c1cc(c(cc1N)[N-]S(=O)(=O)c2ccc(s2)Br)C(=O)[O-]
dude_pygm__L002692,c1cc(c(cc1C(=O)[O-])Br)Oc2ccc(cc2C(=O)[O-])S(=O)(=O)N3CCOCC3
dude_pygm__L002693,CC(C)C(=O)N[C@@H]1CCCN(C1)C(=O)Nc2ccc(cc2)S(=O)(=O)N
dude_pygm__L002694,Cc1c(c(nc(n1)SCC(=O)C2=C[C@@H](N([C@H]2C)CC(F)(F)F)C)[O-])CCC(=O)[O-]
dude_pygm__L002695,COc1cc(ccc1OCCC(=O)[O-])/C=C/2\C(=O)N=C(S2)[N-]c3ccc(cc3)Br
dude_pygm__L002696,CCCCn1c(c(c(=O)[nH]c1=O)[C@H]2c3cc(ccc3Oc4c2c(=O)n(c(n4)[O-])CCCC)OC)[O-]
dude_pygm__L002697,Cc1cc(c(c(c1C)S(=O)(=O)N2CCC(CC2)C(=O)Nc3cc(cc(c3)C(=O)[O-])C(=O)[O-])C)C
dude_pygm__L002698,CC1(CC(=O)c2c(cc(cc2O1)OCC(=O)NC3=CC4=CC=N[C@@H]4C=C3)O)C
dude_pygm__L002699,Cc1cc(ccc1[N-]C2=NC(=O)/C(=C\c3ccc(c(c3)OC)OCC(=O)[O-])/S2)O
dude_pygm__L002700,c1ccc(c(c1)NC(=O)c2cc(ccn2)I)Oc3ccc(c(c3)C(=O)O)C(=O)O
dude_pygm__L002701,CCn1c2c(nc(nc2n(c1=O)c3ccc(cc3)F)c4ccc(cc4)C)C(=O)N
dude_pygm__L002702,c1c(cc(cc1C(=O)[O-])NC(=O)[C@H]2CCCC[C@@H]2C(=O)[O-])C(=O)[O-]
dude_pygm__L002703,c1ccc(cc1)S(=O)(=O)NNC(=O)c2ccc(s2)c3nc4ccccc4s3
dude_pygm__L002704,Cc1cc(c(c(c1)C)N2C(=O)/C(=C\c3ccc(cc3)OCC(=O)[O-])/C(=O)N=C2[O-])C
dude_pygm__L002705,Cc1ccc(cc1C)CCNC(=O)[C@H]2CN(CC23CC[NH2+]CC3)C(=O)c4cc(nn4C(C)(C)C)C
dude_pygm__L002706,Cc1ccc(c(c1)[N+](=O)[O-])/N=C/c2cc(n(c2C)c3cc(cc(c3)C(=O)[O-])C(=O)[O-])C
dude_pygm__L002707,C1CCc2c(sc(c2C(=O)N)NC(=O)[C@@H]3CCC=CC3)CC1
dude_pygm__L002708,CCOC(=O)c1c2c(nc3ccccc3n2)n(c1N)c4ccc(c(c4F)F)F
dude_pygm__L002709,CC(C)c1c(c(c2c(n1)-c3ccccc3CCC2)c4ccc(cc4)F)CC[P@](=O)(C[C@@H](CC(=O)[O-])O)[O-]
dude_pygm__L002710,Cc1ccc(s1)[C@@H](C)NC(=O)c2cc(ccc2[N-]S(=O)(=O)C)NC(=O)C
dude_pygm__L002711,Cc1ccc(cc1[N-]S(=O)(=O)c2cc(cnc2)F)C(=O)[O-]
dude_pygm__L002712,CN1c2ccccc2CCC(C1=O)NC(=O)c3cc4cc(ccc4[nH]3)Cl
dude_pygm__L002713,CC1=NC(=O)[C@H]2[C@@H](C(=C(OC2=C1)N)C#N)c3ccc(cc3)Br
dude_pygm__L002714,CCOc1cc(ccc1O[C@@H](C)C(=O)[O-])/C=C/2\C(=O)N=C(S2)[N-]c3ccccc3
dude_pygm__L002715,CCCSc1[nH]c(=O)c(c(n1)[O-])C(c2ccc(cc2)Cl)c3c(=O)[nH]c(nc3[O-])SCCC
dude_pygm__L002716,c1cc(c(cc1Br)Cl)NC(=O)CSc2nc(c(nn2)CCC(=O)[O-])[O-]
dude_pygm__L002717,CC(=O)NCCNS(=O)(=O)c1c(nc2n1ccs2)NN
dude_pygm__L002718,Cc1ccc(cc1S(=O)(=O)N[C@H](CC(=O)[O-])c2ccc(cc2)F)C(=O)[O-]
dude_pygm__L002719,Cc1ccc(cc1N2[C@H](C(=C(C2=O)[O-])C(=O)c3ccccc3F)c4cccc(c4)[N+](=O)[O-])C(=O)[O-]
dude_pygm__L002720,Cc1cccc(c1)C(=O)N[C@H](c2nnc(n2C)SCC(=O)Nc3cccc(c3C)C)C(C)C
dude_pygm__L002721,C[C@H](c1ccc(cc1)c2ccccc2)NC(=O)CN3C(=O)C4(CCCC4)NC3=O
dude_pygm__L002722,c1cc(c(cc1C(=O)[O-])[N-]S(=O)(=O)c2ccc(s2)Br)N3CCCC3
dude_pygm__L002723,CC(C)(C)c1ccc(cc1)c2nnc(n2C)SCC(=O)Nc3cc(ccc3C(=O)[O-])C(=O)[O-]
dude_pygm__L002724,Cc1c(c(nc(n1)SCC(=O)N(C)Cc2c(cccc2Cl)F)[O-])CCC(=O)[O-]
dude_pygm__L002725,Cc1cc(ccc1F)c2cn(nc2N)S(=O)(=O)c3ccccc3
dude_pygm__L002726,c1cc(c(cc1C(=O)[O-])S(=O)(=O)[N-]c2cc(ccc2Cl)S(=O)(=O)N3CCCCC3)Cl
dude_pygm__L002727,Cc1c(c([nH]c1C(=O)Nc2nc(cs2)c3ccc(cc3)Cl)C)C(=O)OC
dude_pygm__L002728,Cc1ccc(c(c1)Br)OCc2cccc(c2)/C(=N/O)/N
dude_pygm__L002729,CC[NH+]1CCC[C@@H]1CN(Cc2cc3c(cc(cc3[nH]c2=O)C)C)C(=O)Nc4ccccc4
dude_pygm__L002730,C(C#N)C(=O)NNC(=O)c1c(c(c(c(c1Cl)Cl)Cl)Cl)C(=O)[O-]
dude_pygm__L002731,CCO/C(=C/1\C(=O)/C(=C/c2ccc(c(c2)OC)OCC(=O)[O-])/S\C1=N/c3ccc(cc3)C)/[O-]
dude_pygm__L002732,CN\1C(=O)/C(=C/c2cccc(c2)OCCC(=O)[O-])/S/C1=N\c3cccc(c3)C(=O)[O-]
dude_pygm__L002733,c1ccc2c(c1)CCC[C@]2(CNC(=O)Nc3ccc4c(c3)nc(o4)C5CC5)O
dude_pygm__L002734,COc1cc(cc(c1O)OC)/C=C/2\C(=O)NN(C2=O)c3ccc(c(c3)Cl)Cl
dude_pygm__L002735,Cc1ccc(cc1)[C@H]2C3=C(C(=O)N(C3=O)c4ccc(cc4)Cl)SC(=N2)N
dude_pygm__L002736,c1ccc(cc1)N2C(=O)/C(=C\c3ccc(cc3)OCc4cccc(c4)C(=O)[O-])/C(=NC2=S)[O-]
dude_pygm__L002737,CCCCN(C)c1ccc(cc1[N-]S(=O)(=O)c2ccccc2)C(=O)[O-]
dude_pygm__L002738,C[C@H](/C(=N/c1nc2nc(cc(n2n1)[O-])c3ccccc3)/[O-])N4C(=O)c5ccccc5C4=O
dude_pygm__L002739,CC1=C2[C@H](C(=C(O[C@H]2N=N1)N)C#N)c3cc(c(c(c3)OC)CO)CO
dude_pygm__L002740,Cc1ccc(cc1)S(=O)(=O)[N-]/N=C/C(=C(/C(=O)[O-])\Br)/Br
dude_pygm__L002741,CCCCn1c(=O)c2c(c(sc2nc1SCC(=O)Nc3cc(cc(c3)C(=O)[O-])C(=O)[O-])C)C
dude_pygm__L002742,Cc1ccc(c(c1)[C@H]2C(=C(N=C3N2C(=CS3)C=C([O-])[O-])C)C(=O)OC)C
dude_pygm__L002743,CC1(CC2=C([C@H](C(=C(O2)N)C#N)c3ccc(cc3)N(C)C)C(=O)C1)C
dude_pygm__L002744,c1cc(oc1)C(=O)C2=C(C(=O)N([C@H]2c3cc(cs3)Br)c4ccc(cc4)CC(=O)[O-])[O-]
dude_pygm__L002745,c1ccc(cc1)/C(=C\c2cc(c(cc2[N+](=O)[O-])[N+](=O)[O-])/C=C(\c3ccccc3)/C(=O)[O-])/C(=O)[O-]
dude_pygm__L002746,CCCCc1cc(nc(n1)S[C@@H](C)/C(=N/c2nnc(s2)C(C)C)/[O-])[O-]
dude_pygm__L002747,Cn1c2ccccc2nc(c1=O)Nc3ccc(cc3)C(=O)Nc4nccs4
dude_pygm__L002748,C[C@@H]1CCCC[C@@H]1n2c(nnn2)c3ccc(c(c3)N)Br
dude_pygm__L002749,c1ccc(cc1)/C=C/C=C\2/C(=O)N(C(=S)S2)CC(=O)Nc3cc(cc(c3)C(=O)[O-])C(=O)[O-]
dude_pygm__L002750,c1c(cn2c(c1Cl)nnc2c3csc(n3)N)C(F)(F)F
dude_pygm__L002751,CC(C)c1ccc(cc1)[C@@H]2C(=C(C(=O)N2c3nc4ccc(cc4s3)C(=O)[O-])[O-])C(=O)C5CC5
dude_pygm__L002752,COc1cc(ccc1OCc2ccc(cc2)C(=O)[O-])/C=C/3\C(=NC(=O)N(C3=O)c4ccc5c(c4)OCO5)[O-]
dude_pygm__L002753,Cc1c(sc(n1)c2ccccc2)C(=O)NNC(=O)C3CCCC3
dude_pygm__L002754,CC[C@@H](C)n1c2c(c(n1)O)[C@@H](SCC(=O)N2)c3ccc(cc3)C
dude_pygm__L002755,CCCC[C@@H](C)NC(=O)c1cc(cnc1)C#CC[NH3+]
dude_pygm__L002756,Cc1c(c(nc(n1)SCC(=O)C2=C[C@H](N([C@@H]2C)[C@@H](C)c3ccccc3)C)[O-])CCC(=O)[O-]
dude_pygm__L002757,CCc1cc(nc(n1)S[C@H](CC)/C(=N/c2nnc(s2)C(C)C)/[O-])[O-]
dude_pygm__L002758,C[C@@H](C(=O)Nc1ccc2c(c1)OCCO2)Nc3ccc4c(c3)OCCCO4
dude_pygm__L002759,c1cc(cc(c1)OCC(=O)[O-])/C=C/2\C(=O)N(C(=S)S2)[N-]S(=O)(=O)c3ccc(cc3)Cl
dude_pygm__L002760,CC[NH+]1CCC[C@@H]1CN[C@@H](c2ccccc2)C(=O)Nc3ccc(cc3Br)[N+](=O)[O-]
dude_pygm__L002761,c1cc(c(cc1Cl)[N-]S(=O)(=O)c2ccc(s2)CC(=O)[O-])F
dude_pygm__L002762,Cc1cccc(n1)NC(=O)[C@@H]2CCCN(C2)C(=O)Nc3cccc(c3)C#C
dude_pygm__L002763,CC[C@H](C(=O)[O-])Oc1ccc(cc1OCC)/C=C/2\C(=O)N=C(S2)[N-]c3cccc(c3)C(=O)C
dude_pygm__L002764,CCCC\1=NN(C(=O)/C1=C(\C)/NCCc2ccc(cc2)S(=O)(=O)N)c3ccccc3
dude_pygm__L002765,Cc1ccc(c(c1)Cl)NC(=O)N[C@@H](C)c2cccc(c2)S(=O)(=O)N(C)C
dude_pygm__L002766,C[C@H]([C@H](C[NH3+])N)O
dude_pygm__L002767,Cc1c(c(nc(n1)SCC(=O)N2CCC(CC2)C)[O-])CCC(=O)[O-]
dude_pygm__L002768,C[C@H]1C(=O)N([C@]2(S1)c3ccccc3NC2=O)c4ccc(cc4)O
dude_pygm__L002769,C1CCC(CC1)(C[NH3+])C(=O)NC[C@@H]2CCCOC2
dude_pygm__L002770,Cc1c(c(n(n1)c2ccccc2Br)C)S(=O)(=O)N
dude_pygm__L002771,Cn1c(nnn1)NCC[NH3+]
dude_pygm__L002772,CCc1ccc(cc1)c2ccc(o2)/C=C\3/C(=O)N(C(=S)S3)[C@H](CC(=O)[O-])C(=O)[O-]
dude_pygm__L002773,Cc1ccc(cc1c2nnnn2c3ccc(cc3)Br)N
dude_pygm__L002774,C1Cc2c(sc3c2c(=O)n(c(=S)[nH]3)NC(=O)CC45CC6CC(C4)CC(C6)C5)C1
dude_pygm__L002775,COc1cc(ccc1OCc2ccc(nc2)Cl)C[NH2+]CCNc3ccnc4c3ccc(c4)Cl
dude_pygm__L002776,c1cc2c(cc1Cl)c(=O)c(co2)[C@@H]3Nc4c(c5c(s4)CCCC5)C(=O)N3
dude_pygm__L002777,c1ccc(c(c1)[N-]C2=NC(=O)/C(=C\c3ccc(cc3)OCC(=O)[O-])/S2)Br
dude_pygm__L002778,c1ccc(cc1)S(=O)(=O)[N-][N-]S(=O)(=O)c2cc(c(nc2)Cl)Br
dude_pygm__L002779,CC1CC[NH+](CC1)C[C@@H]2CCCN(C2)C(=O)c3cccc(c3)COc4ccccc4C(=O)N
dude_pygm__L002780,c1ccc2c(c1)c(nc3n2nnc3c4ccc(cc4)Br)N
dude_pygm__L002781,c1ccc(c(c1)[C@H](CN2C(=O)C3(CCCCCC3)NC2=O)O)F
dude_pygm__L002782,CCOc1cc(ccc1O[C@@H](C)C(=O)[O-])/C=C/2\C(=O)N=C(S2)[N-]c3cccc(c3)F
dude_pygm__L002783,Cc1nnc(n1CC=C)SCC(=O)Nc2cc(cc(c2)C(=O)[O-])C(=O)[O-]
dude_pygm__L002784,C[C@H](COC)N[NH3+]
dude_pygm__L002785,c1cc(c(cc1C(=O)[O-])F)[N-]S(=O)(=O)c2ccc(s2)Br
dude_pygm__L002786,CC(=O)Nc1cccc(c1)NC(=O)N2CCC[C@H]2C3CCCC3
dude_pygm__L002787,CSCC[C@H](C(=O)[O-])N1C(=O)/C(=C/c2ccc(o2)c3cccc(c3)C(=O)[O-])/SC1=S
dude_pygm__L002788,c1cc(oc1c2nc3cc(cc(n3n2)N)C(=O)N4CCCCC4)Br
dude_pygm__L002789,Cc1csc(n1)NC(=O)CSc2nc3c(cnn3C(C)(C)C)c(n2)O
dude_pygm__L002790,Cc1cc(nc(n1)C)[N-]S(=O)(=O)c2ccc(cc2)NC(=O)CSc3[n-]c4cc(cnc4n3)Cl
dude_pygm__L002791,Cc1c(c([nH]n1)C(=O)NCC(=O)Nc2c[nH]nc2)Br
dude_pygm__L002792,CCN1CC=C2[C@H](C1)[C@@H](C(=C(C2(C#N)C#N)N)C#N)c3ccc(s3)Cl
dude_pygm__L002793,Cc1ccc2c(c1)[nH]c(n2)/C(=C/c3cn[nH]c3c4ccc(cc4)F)/C#N
dude_pygm__L002794,CN1c2ccccc2CC(C1=O)NC(=O)c3cc4cc(ccc4[nH]3)Br
dude_pygm__L002795,COc1ccc(cc1Br)C(=O)c2ccc3c(c2)[nH]c(=O)[nH]3
dude_pygm__L002796,Cc1ccccc1c2nnc(o2)SCc3nc(nc(n3)N)N
dude_pygm__L002797,Cc1ccc(cc1Oc2cnn(c(=O)c2Cl)c3ccc(cc3)C(=O)[O-])C(=O)[O-]
dude_pygm__L002798,c1cc(ccc1NC(=O)[C@@H]2CC=CC[C@H]2C(=O)[O-])S(=O)(=O)[N-]c3ccc(nn3)Cl
dude_pygm__L002799,C1C[C@@H](CN(C1)C(=O)Nc2nnc(s2)C3CC3)CNC(=O)N
dude_pygm__L002800,CC(C)N1[C@H](c2c([nH]nc2C1=O)c3ccccc3)c4ccc5cc[nH]c5c4
dude_pygm__L002801,C/C(=C/1\C(=O)N(C(=S)S1)c2cc(cc(c2)C(=O)[O-])C(=O)[O-])/c3ccc(cc3)N
dude_pygm__L002802,c1c2c3c4c(c(c(c(c4oc2=O)O)O)O)c(=O)oc3c(c1O)O
dude_pygm__L002803,CCn1c(nnc1[S-])CS[C@@H]2[N-][C@@H](CN2c3ccc(cc3)C)c4ccc(cc4)Cl
dude_pygm__L002804,Cc1cc(c(n1c2cc(cc(c2)C(=O)[O-])C(=O)[O-])C)/C=N/c3cccc(c3)O
dude_pygm__L002805,Cc1c(c(nc(n1)SCC(=O)C2=C[C@H](N([C@H]2C)c3ccc(cc3)Cl)C)[O-])CCC(=O)[O-]
dude_pygm__L002806,c1ccn2c(c1)nc(c(c2=O)/C=C\3/C(=O)N(C(=S)S3)CCCCCC(=O)[O-])[O-]
dude_pygm__L002807,C[C@@H](C(=O)Nc1cccc(c1)[N+](=O)[O-])Sc2nc(c(nn2)CCC(=O)[O-])[O-]
dude_pygm__L002808,CC1([C@H](N(C(=S)S1)Cc2ccccc2OC)N(C(=O)NC3CCCCC3)O)C
dude_pygm__L002809,c1ccc(cc1)c2nnc(n2c3ccc(cc3)F)SCC(=O)Nc4cc(cc(c4)C(=O)[O-])C(=O)[O-]
dude_pygm__L002810,C[C@@H]1CCCN(C1)S(=O)(=O)Nc2cccc3c2NCCC3
dude_pygm__L002811,Cc1c(c(n2c(n1)nc(n2)N)C)CCC(=O)N3C[C@@H](C[C@@H](C3)C)C
dude_pygm__L002812,c1cc(ccc1/C(=N/c2[n-]nnn2)/O)[N-]S(=O)(=O)c3ccc(c(c3)Cl)Cl
dude_pygm__L002813,Cc1cc(cc(c1)S(=O)(=O)[N-]c2ccc(c(c2)C(=O)[O-])N(C)CCCc3c(nn(c3C)C)C)C
dude_pygm__L002814,c1ccc(cc1)NC(=O)C2CCN(CC2)CN3C(=O)C4(CCCCC4)NC3=O
dude_pygm__L002815,Cc1ccc(cc1)[C@H](C)NS(=O)(=O)c2ccc(cc2N)Cl
dude_pygm__L002816,C[C@@H](CCC(=O)OC)[C@H]1CC[C@@H]2[C@@]1([C@H](C[C@@H]3[C@@H]2C(=O)C[C@H]4[C@@]3(CC[C@H](C4)C(=O)[O-])C)C(=O)[O-])C
dude_pygm__L002817,CN\1C(=O)/C(=C/c2ccc(cc2)OCc3ccc(cc3)C(=O)[O-])/S/C1=N\c4cccc(c4)C(=O)[O-]
dude_pygm__L002818,c1ccc(cc1)c2ccc(cc2)CC(=O)NN3C(=O)C4(CCCCC4)NC3=O
dude_pygm__L002819,CC(C)[C@H](C(=O)N1CCC[C@@H](C1)C(=O)Nc2ccccc2)NC(=O)Nc3ccccc3
dude_pygm__L002820,c1ccc(c(c1)NC(=O)c2cc(ccn2)N(=O)=O)Oc3ccc(c(c3)C(=O)O)C(=O)O
dude_pygm__L002821,CCOC(=O)NC(=O)c1c2c(sc1NC(=O)c3cccc(c3)C)C[C@@H](CC2)C
dude_pygm__L002822,Cc1ccc(cc1)C(=O)C2=C(C(=O)N([C@H]2c3cc4c(c(c3)OC)OCO4)c5cccc(c5)C(=O)[O-])[O-]
dude_pygm__L002823,COc1cccc(c1)C2=NN=C3[C@@H]2[C@H](C(=C(O3)N)C#N)c4ccncc4
dude_pygm__L002824,CCOC(=O)/C(=C\c1ccc(c(c1)I)N(CCC(=O)[O-])CCC(=O)[O-])/C#N
dude_pygm__L002825,c1cc(c(cc1C(=O)[O-])S(=O)(=O)[N-]c2cc3c(cc2Cl)OCCO3)Cl
dude_pygm__L002826,CC(=C1[C@@H]2CC[C@H]1[C@@H]([C@@H]2C(=O)Nc3ccc(cc3)S(=O)(=O)[N-]c4cc(cc(c4)Cl)Cl)C(=O)[O-])C
dude_pygm__L002827,Cc1cc(c(n1c2cc(cc(c2)C(=O)[O-])C(=O)[O-])C)/C=C(/C#N)\C(=O)Nc3cccc(c3C)Cl
dude_pygm__L002828,CN1CC=C2[C@@H](C1)[C@H](C(C(=C2C#N)N)(C#N)C#N)c3ccc(c(c3)Cl)Cl
dude_pygm__L002829,COCCNC(=O)NC(=O)COC(=O)c1c2ccccc2nc\3c1CCC/C3=C\c4ccccc4
dude_pygm__L002830,Cc1ccc(cc1NS(=O)(=O)c2ccc(c(c2)[N+](=O)[O-])[O-])C(=O)[O-]
dude_pygm__L002831,c1ccc2c(c1)/C(=C/Nc3cc(ccc3OC(F)F)[N+](=O)[O-])/C(=O)NC2=O
dude_pygm__L002832,CCN1CC=C2[C@H](C1)[C@@H](C(=C(C2(C#N)C#N)N)C#N)c3ccc(cc3)C(=O)OC
dude_pygm__L002833,C[C@@H](c1ccc2c(c1)CCCC2)NC(=O)N[C@@H]3CCCN(C3)c4ncccn4
dude_pygm__L002834,Cc1ccccc1C(=O)N[C@@H](C(C)C)C(=O)Nc2ccc3c(c2)OC(O3)(F)F
dude_pygm__L002835,Cc1cc(c(c(c1N2C(=O)c3ccc(cc3C2=O)C(=O)[O-])C)N4C(=O)c5ccc(cc5C4=O)C(=O)[O-])C
dude_pygm__L002836,c1cc(oc1)c2ccc(cc2)NC(=O)[C@@H]3CCCN(C3)C(=O)c4cc5c([nH]4)ccs5
dude_pygm__L002837,C[NH2+]C[C@@H](CO)O
dude_pygm__L002838,Cc1ccc(cc1)n2c3c(c(n2)C)[C@@H](S[C@@H](C(=O)N3)C)c4cccc(c4)O
dude_pygm__L002839,CCN1CC=C2[C@@H](C1)[C@@H](C(C(=C2C#N)N)(C#N)C#N)CC(C)C
dude_pygm__L002840,CC(C)(C)c1ccc(s1)[C@@H]2C(=C(N(C3=C2C(=O)CCC3)N(C)C)N)C#N
dude_pygm__L002841,CC1(Cc2c(c(sc2C([NH2+]1)(C)C)NC(=O)c3ccc(cc3)S(=O)(=O)N(C)C)C(=O)OC)C
dude_pygm__L002842,Cc1cc(sc1C(=O)[O-])S(=O)(=O)N[C@H]2CCCC[C@@H]2[NH3+]
dude_pygm__L002843,c1ccc(c(c1)OCC(=O)[O-])Oc2ccc(cc2[N+](=O)[O-])S(=O)(=O)N3CCC(CC3)C(=O)[O-]
dude_pygm__L002844,CCOC(=O)C1CCN(CC1)c2ccc(cc2C(=O)[O-])[N-]S(=O)(=O)c3ccc(cc3)C(=O)C
dude_pygm__L002845,c1ccc(cc1)C2=C[C@@H](N=N2)[C@@H]3N=NC(=S)N3/N=C/c4ccc(cc4O)O
dude_pygm__L002846,C[C@@H](CCC(=O)OC)[C@H]1CC[C@H]2[C@@]1([C@H](C[C@H]3[C@@H]2C(=O)C[C@H]4[C@@]3(CC[C@H](C4)C(=O)[O-])C)C(=O)[O-])C
dude_pygm__L002847,C1CC[NH2+][C@H](C1)C(=O)NN
dude_pygm__L002848,c1cc2c(cc1C(=O)[O-])CCN2S(=O)(=O)c3ccc(c(c3)C(=O)[O-])O
dude_pygm__L002849,C[C@H](c1cccc(c1)[N+](=O)[O-])NC(=O)Nc2ccc3c(c2)OCCCO3
dude_pygm__L002850,c1ccc2c(c1)C(=O)N([C@@H](N2)c3cccn3c4cccc(c4)[N+](=O)[O-])O
dude_pygm__L002851,CCOc1cc(ccc1O)/C=C\2/C(=NC(=O)N(C2=O)c3ccc(c(c3)Cl)C)O
dude_pygm__L002852,CCOc1ccc(cc1)c2nnc(n2CCC(=O)[O-])SCC(=O)Nc3cc(ccc3C)C(=O)[O-]
dude_pygm__L002853,Cc1c(c(nc(n1)SCC(=O)N(C)CC(=O)Nc2ccc(cc2)F)[O-])CCC(=O)[O-]
dude_pygm__L002854,CN(C)S(=O)(=O)c1ccc2c(c1)[C@H]3C=CC[C@@H]3[C@@H](N2)c4ccccc4O
dude_pygm__L002855,CCc1ccc(cc1)S(=O)(=O)N2CCC3(CC2)C(=[NH+]CCN3)NCc4cccc(c4)OC
dude_pygm__L002856,c1cc(ccc1C(F)(F)F)NC(=O)CSc2nc(c(nn2)CCC(=O)[O-])[O-]
dude_pygm__L002857,CC(C)c1ccc(cc1)c2ccc(o2)/C=C/3\C(=O)N(C(=S)S3)[C@@H](CC(=O)[O-])C(=O)[O-]
dude_pygm__L002858,Cc1ccc(c(c1)C)[C@H]2C(=C(C(=O)N2c3nc4ccc(cc4s3)C(=O)[O-])[O-])C(=O)c5ccco5
dude_pygm__L002859,C[C@H](C(=O)[O-])Oc1cccc(c1)/C=C\2/C(=O)N(/C(=N/c3ccc(cc3)C(=O)[O-])/S2)C
dude_pygm__L002860,c1cc2c(cc1NC(=O)CCSCc3nc(nc(n3)N)N)OCO2
dude_pygm__L002861,c1(nnc(o1)N)C(=[NH2+])N
dude_pygm__L002862,c1cc(c(cc1C(=O)[O-])[N+](=O)[O-])Sc2ccc(c(c2)[O-])[N+](=O)[O-]
dude_pygm__L002863,c1cc(cc(c1)NC(=O)C2CC2)c3nc(cs3)c4ccc5c(c4)NC(=O)CO5
dude_pygm__L002864,CCCS(=O)(=O)[N-]c1ccc(cc1)[N-]S(=O)(=O)CC(C)C
dude_pygm__L002865,c1ccc(c(c1)[N-]S(=O)(=O)c2cccc(c2)NC(=O)CC3(CCCC3)C(=O)[O-])F
dude_pygm__L002866,C[C@@H]1C[C@H](CN(C1)C(=O)CSc2nnc(n2N)c3ccc(cc3)Cl)C
dude_pygm__L002867,CC[C@@H](C)[C@H](C(=O)[O-])N1C(=O)/C(=C/c2ccc(cc2)O[C@@H](CC)C(=O)[O-])/SC1=S
dude_pygm__L002868,Cc1ccc(cc1)/C(=N/S(=O)(=O)/N=C(\[O-])/c2ccc(cc2)C)/[O-]
dude_pygm__L002869,c1cc(ccc1C(=O)C(C(C(=O)c2ccc(cc2)C(=O)[O-])(F)F)(F)F)C(=O)[O-]
dude_pygm__L002870,CCCOc1ccc(cc1OCC)[C@H]2C(=C(C(=O)N2c3ccc(cc3)CC(=O)[O-])[O-])C(=O)C4CC4
dude_pygm__L002871,Cc1ccc(cc1)[C@@H]2C(=C(N=C3N2C(=CS3)C=C([O-])[O-])C)C(=O)OC(C)(C)C
dude_pygm__L002872,Cc1cccc(c1S(=O)(=O)Nc2ccc(cc2)SC)N
dude_pygm__L002873,CN(Cc1ccccc1)c2ccc(cc2[N-]S(=O)(=O)c3ccc(s3)Br)C(=O)[O-]
dude_pygm__L002874,CC1(CC2=C([C@@H](C(=C(N2N(C)C)N)C#N)c3ccc(cc3)Cl)C(=O)C1)C
dude_pygm__L002875,Cc1c(c2c(n1F)-c3c(c(=O)c4ccccc4[nH]3)C(=O)CC2)c5ccccc5O
dude_pygm__L002876,CC(C)c1ccc(cc1)S(=O)(=O)N2CCC3(CC2)C(=[NH+]CCN3)NCc4cccc(c4)F
dude_pygm__L002877,Cn1c(nnn1)SCC(=O)Nc2cc(cc(c2)C(=O)N)C(=O)N
dude_pygm__L002878,c1c(cc(c(c1F)[N-]S(=O)(=O)c2cc(cs2)C(=O)[O-])Br)F
dude_pygm__L002879,CCOc1cc(c(cc1O)Br)/C=C(/C#N)\c2[nH]c3ccccc3n2
dude_pygm__L002880,CN\1C(=O)/C(=C/c2cccc(c2)OCCC(=O)[O-])/S/C1=N\c3ccc(cc3C(=O)[O-])O
dude_pygm__L002881,Cc1ccc(s1)[C@@H]2C(=C(C(=O)N2c3ccc(cc3)CC(=O)[O-])[O-])C(=O)c4ccccc4F
dude_pygm__L002882,Cc1c2cc(cnc2n(n1)C)[N-]S(=O)(=O)c3cc(ccc3Cl)C(=O)[O-]
dude_pygm__L002883,C/C(=N/S(=O)(=O)c1ccc(cc1)NS(=O)(=O)c2ccc(cc2)C(=O)[O-])/[O-]
dude_pygm__L002884,C[C@H]1CCCC[C@@H]1n2c(nnc2SCC(=O)Nc3cc(cc(c3)C(=O)[O-])C(=O)[O-])c4cccnc4
dude_pygm__L002885,c1cc(ccc1C(=O)[O-])S(=O)(=O)[N-]c2cc(ccc2n3cncn3)Cl
dude_pygm__L002886,CN1c2ccccc2CC(C1=O)NC(=O)c3cc4ccc(cc4[nH]3)Cl
dude_pygm__L002887,Cc1cc(no1)[N-]S(=O)(=O)c2cc(oc2Br)C(=O)[O-]
dude_pygm__L002888,c1cc(ccc1/C=C/2\C(=O)N=C(S2)[N-]c3ccc(cc3)Cl)OCC(=O)[O-]
dude_pygm__L002889,c1cc(oc1)C[NH+](Cc2[nH]c(=O)c3c4c(sc3n2)CCCCC4)C[C@H](COc5ccc(cc5)Cl)O
dude_pygm__L002890,CS(=O)(=O)c1ccc(c(c1)N)Nc2cc(ccc2F)Br
dude_pygm__L002891,CCCOc1c(cc(cc1Br)C(=O)Nc2cc(cc(c2)C(=O)[O-])C(=O)[O-])OC
dude_pygm__L002892,CN\1C(=O)/C(=C/c2cc(ccc2[O-])[N+](=O)[O-])/S/C1=N\c3ccccc3C(=O)[O-]
dude_pygm__L002893,Cc1ccc(cc1C(F)(F)F)[N-]S(=O)(=O)c2cc(cs2)C(=O)[O-]
dude_pygm__L002894,C[C@@H](C(=O)NC(=O)N)Sc1nnc(n1CCc2ccccc2)c3ccccc3F
dude_pygm__L002895,C[C@@H](C(=O)[O-])Oc1cccc(c1)/C=C\2/C(=O)N=C(S2)[N-]c3ccc(cc3)O
dude_pygm__L002896,c1cc(c(cc1C(=O)[O-])[N-]S(=O)(=O)c2ccc(c(c2)[N+](=O)[O-])O)Cl
dude_pygm__L002897,CC[C@@H](C(=O)[O-])Oc1cccc(c1)/C=C\2/C(=O)N(/C(=N\c3ccc(c(c3)O)C(=O)[O-])/S2)CC=C
dude_pygm__L002898,CCc1ccc(cc1)N2C(=O)/C(=C\c3cc(n(c3C)c4ccc(c(c4)C(=O)[O-])Cl)C)/C(=NC2=S)[O-]
dude_pygm__L002899,Cc1ccc(cc1C)N2C(=O)/C(=C\c3c[nH]c4c3cccc4)/C(=O)N2
dude_pygm__L002900,CS(=O)(=O)[N-]c1ccc(cc1Cl)[N-]S(=O)(=O)c2ccc(cc2)C(F)(F)F
dude_pygm__L002901,CC(C)c1ccc(cc1)N2C(=O)/C(=C/c3cc(c(c(c3)Br)OCC(=O)[O-])OC)/C(=O)N=C2[O-]
dude_pygm__L002902,CC1=C2[C@@H](C(=C(O[C@H]2N=N1)N)C#N)c3ccc(cc3F)Br
dude_pygm__L002903,Cc1ccc(c(c1)C)C(=O)C2=C(C(=O)N([C@@H]2c3ccc(cc3)[N+](=O)[O-])c4cccc(c4)C(=O)[O-])[O-]
dude_pygm__L002904,C[C@H]1C[C@@H](CN(C1)S(=O)(=O)c2ccc(cc2)NC(=O)COc3ccc(cc3C(=O)[O-])C(=O)[O-])C
dude_pygm__L002905,CCOc1ccccc1C(c2c(=O)[nH]c(nc2[O-])SC)c3c(=O)[nH]c(nc3[O-])SC
dude_pygm__L002906,Cc1cccc(c1)/N=c\2/ccc-3c(c4ccc(cc4oc3c2)Nc5ccc(cc5C)S(=O)(=O)[O-])c6ccccc6C(=O)[O-]
dude_pygm__L002907,COC(=O)c1ccc(cc1)c2ccc(o2)/C=C\3/C(=O)N(C(=S)S3)[C@H](CCC(=O)[O-])C(=O)[O-]
dude_pygm__L002908,CN(C)c1ccc(cc1)[C@@H]2[C@@H]3C(=NN=C3OC(=C2C#N)N)c4ccc(cc4)OC
dude_pygm__L002909,Cc1ccc(cc1)N2C[C@H]([N-][C@@H]2SCc3nnc(n3c4ccc(cc4)OC)[S-])c5cccs5
dude_pygm__L002910,Cn1cc(c2c1ccc(c2)Br)C[C@H](CC(=O)[O-])C(=O)[O-]
dude_pygm__L002911,CC(C)n1c2c(cc(cn2)NC(=O)N3CCc4ccc(cc4C3)O)cn1
dude_pygm__L002912,C=CCOc1ccc(cc1/C=C/2\C(=O)N=C(S2)[N-]c3ccc(cc3)C(=O)[O-])Br
dude_pygm__L002913,COc1cccc(c1)CN2CCc3c(cc4ccc(nc4n3)N)C2
dude_pygm__L002914,Cc1c(c(nc(n1)SCC(=O)C2=C[C@H](N([C@H]2C)c3ccc(cc3)C(C)C)C)[O-])CCC(=O)[O-]
dude_pygm__L002915,CCOC(=O)c1c(cc(s1)[N-]S(=O)(=O)c2cc(cc(c2C)C)C(=O)[O-])C
dude_pygm__L002916,CC(C)Oc1ccccc1/C=c/2\c(=O)n(/c(=C(\C#N)/C(=N/c3ccc(cc3)C(=O)[O-])/[O-])/s2)CCCOC
dude_pygm__L002917,c1ccc(cc1)C2=NN([C@H](C2)NC(=O)CSc3nc(c(nn3)CCC(=O)[O-])[O-])c4ccccc4
dude_pygm__L002918,Cc1cc(c(c(c1)C)S(=O)(=O)Nc2ccc3c(c2)sc(=O)[nH]3)C
dude_pygm__L002919,C[C@@H]1CC[C@H](C[C@@H]1C)OC(=O)C2=C(NC(=O)N[C@@H]2c3ccc(cc3)OC)C
dude_pygm__L002920,Cc1c(sc2c1c(nc(n2)CSc3ccccc3O)N)C
dude_pygm__L002921,Cc1ccc(cc1)S(=O)(=O)Nc2cc(c(cc2S(=O)(=O)N)S(=O)(=O)N)Cl
dude_pygm__L002922,Cc1cc(ccc1Br)n2c(nnn2)c3ccc(c(c3)N)F
dude_pygm__L002923,c1cc(ccc1C(=O)C2=C(C(=O)N([C@H]2c3ccc4c(c3)OCO4)CCCCCC(=O)[O-])[O-])Br
dude_pygm__L002924,Cc1ccc(c(c1)Cl)Nc2ccc(cc2N)S(=O)(=O)C
dude_pygm__L002925,Cc1c(c(n(n1)c2ccccc2)C)[C@H]3C(=O)NCC[NH+]3CC(=O)N[C@@H](C)C45CC6CC(C4)CC(C6)C5
dude_pygm__L002926,Cc1ccccc1c2nc(on2)c3c(n(nn3)c4ccccc4OC)N
dude_pygm__L002927,c1cc(c(cc1C(=O)[O-])S(=O)(=O)[N-]c2cc(ccc2N3CCOCC3)Cl)Br
dude_pygm__L002928,CCOC(=O)c1c2c(sc1NC(=O)CCCS(=O)(=O)c3ccccc3)C([NH2+]C(C2)(C)C)(C)C
dude_pygm__L002929,Cc1c(nc([nH]c1=O)c2cc(c(c(c2)Br)O)OC)C
dude_pygm__L002930,C1COCCN1c2c(c3c4c(nc(c3c(n2)N)N)O[C@H](C4)CCl)C#N
dude_pygm__L002931,CCCSc1nc2c(c(n1)[O-])[C@H](C3=C(CC(CC3=N2)(C)C)[O-])c4ccc(c(c4)[N+](=O)[O-])O
dude_pygm__L002932,CC[C@H](C(=O)[O-])Oc1ccccc1/C=C/2\C(=O)N=C(S2)[N-]c3ccc(cc3)NC(=O)C
dude_pygm__L002933,C=C1NC(=O)C2(N1)CC[NH2+]CC2
dude_pygm__L002934,CCc1ccc(cc1)c2ccc(o2)/C=C\3/C(=O)N(C(=S)S3)[C@@H](CC(=O)[O-])C(=O)[O-]
dude_pygm__L002935,CCOc1cc(ccc1O[C@H](C)C(=O)[O-])/C=C/2\C(=O)N=C(S2)[N-]c3ccccc3Br
dude_pygm__L002936,Cc1c2c(on1)NC3=C([C@@H]2c4ccc(cc4)F)C(=O)C[C@@H](C3)c5ccc(cc5)O
dude_pygm__L002937,C[C@H]1CCc2c(c3c4nnc(n4c(nc3s2)N)SCC=C)C1
dude_pygm__L002938,Cc1ccc(cc1)[C@@H]2C(=C(C(=O)N2c3nc4ccc(cc4s3)C(=O)[O-])[O-])C(=O)C5CC5
dude_pygm__L002939,c1cc2c(cc1S(=O)(=O)Nc3cc(cc(c3)C(=O)[O-])C(=O)[O-])CCC2
dude_pygm__L002940,COc1ccc(cc1)n2c(c(nn2)c3nc(no3)c4ccc(cc4)F)N
dude_pygm__L002941,COc1cc2c(cc1OC)NC3=C([C@H]2c4cccc(c4)O)C(=O)CCC3
dude_pygm__L002942,CN(C)c1nc(nc(n1)N)COc2ccc3c(cc(=O)oc3c2)C(F)(F)F
dude_pygm__L002943,COc1cc(cc(c1OCC(=O)[O-])CC=C)/C=C/2\C(=NC(=O)N(C2=O)c3ccc4c(c3)OCO4)[O-]
dude_pygm__L002944,CO[C@H]1[C@@H]2[C@@H](O[C@H]1C3C(=C(SC(=C3C#N)N)N)C#N)OC4(O2)CCCCC4
dude_pygm__L002945,CCOC(=O)c1c(c(sc1NC(=O)CSc2nc(c(c(n2)[O-])CCC(=O)[O-])C)C)C
dude_pygm__L002946,Cc1ccc2c(=O)c3c(oc2c1C)C(=O)N[C@H]3c4ccc(cc4)OCC(=O)N
dude_pygm__L002947,CCCCN(CC)c1ccc(cc1C(=O)[O-])[N-]S(=O)(=O)c2cccs2
dude_pygm__L002948,C[C@H]1CCCC[C@@H]1N(c2nnc(s2)[S-])S(=O)(=O)c3cc(ccc3Cl)C(=O)[O-]
dude_pygm__L002949,CCn1c(nnc1SCC(=O)Nc2ccc(cc2C)C)CNC(=O)C34CC5CC(C3)CC(C5)C4
dude_pygm__L002950,Cc1cc(on1)C(=O)/N=c/2\n(c3ccc(cc3s2)S(=O)(=O)N)CC=C
dude_pygm__L002951,c1cc(ccc1N2C(=O)/C(=C/c3ccc(o3)c4ccc(c(c4)C(=O)[O-])Cl)/C(=O)N=C2[O-])Cl
dude_pygm__L002952,CC1(CC2=C([C@@H](C(=C(O2)N)C#N)c3ccc(c(c3)Cl)OCC#C)C(=O)C1)C
dude_pygm__L002953,Cc1ccc(cc1C)[C@H](CN2C(=O)[C@@](NC2=O)(C)c3ccc(c(c3)F)F)O
dude_pygm__L002954,CC(C)(C)c1ccc(cc1)n2c3c(cn2)[C@H](CCC3)[NH2+]Cc4ccc(cc4)N5CCNC5=O
dude_pygm__L002955,C[C@@H]1CCO[P@@](=O)(O1)[C@H](c2ccc(cc2)[N+](=O)[O-])Nc3ccc(cc3)O
dude_pygm__L002956,CN(C)C(=O)c1ccc2c(c1)[C@H]3C=CC[C@@H]3[C@@H](N2)c4cc(ccc4O)[N+](=O)[O-]
dude_pygm__L002957,C/C=C(\C)/[C@H]1[C@@H]([C@@H]2[C@H]([C@H](CC[C@@H]2C=C1C)OS(=O)(=O)[O-])C)/C=C/C=C/C(=O)[O-]
dude_pygm__L002958,C[C@@H](C(=O)Nc1ccc(cc1)C(C)(C)C)OC(=O)c2cc(ccc2F)S(=O)(=O)N
dude_pygm__L002959,c1ccc2c(c1)C=C(CO2)/C=C/3\C(=O)N(C(=S)S3)[C@@H](CCC(=O)[O-])C(=O)[O-]
dude_pygm__L002960,c1ccc2cc(c(cc2c1)NC(=O)c3cc(ccn3)Cl)Oc4ccc(c(c4)C(=O)O)C(=O)O
dude_pygm__L002961,Cc1ccccc1COc2ccc(cc2)[C@H]3CC(=O)NC4=NC(=NC(=O)[C@H]34)N
dude_pygm__L002962,c1cc(c(cc1Cl)[N-]S(=O)(=O)c2cc(cs2)C(=O)[O-])n3cncn3
dude_pygm__L002963,c1ccc(c(c1)N2CCN(CC2)C(=O)COC(=O)CCNC(=O)NC34CC5CC(C3)CC(C5)C4)F
dude_pygm__L002964,Cc1ccc(cc1)c2c(sc3c2c(nc(n3)/C(=C/c4ccc(c(c4)OC)OCC(=O)[O-])/Cl)[O-])C
dude_pygm__L002965,C/C(=N/S(=O)(=O)c1ccc(cc1)NS(=O)(=O)c2cc(ccc2Cl)C(=O)[O-])/[O-]
dude_pygm__L002966,Cn1c2ccccc2nc(c1=O)Nc3ccc(cc3)C(=O)NCc4cccs4
dude_pygm__L002967,C[C@@H](c1nc([nH]n1)C(C)C)[NH3+]
dude_pygm__L002968,CC(=O)NCCNC(=O)[C@H]1C[C@H]([C@@H]([C@H]2[C@@H]1SC(=N2)Nc3ccc(cc3)Cl)O)O
dude_pygm__L002969,Cc1c(c(on1)C)NC(=O)N[C@H](C)c2ccccc2Br
dude_pygm__L002970,c1cc2c(cc1C3=NN=C(SC3)NC4CCCC4)CC(=O)N2
dude_pygm__L002971,c1ccc(cc1)C2=NN=C3[C@H]2[C@@H](C(=C(O3)N)C#N)c4ccc(s4)[N+](=O)[O-]
dude_pygm__L002972,c1cc(ccc1/C=N/c2ccc(cc2)S(=O)(=O)c3ccc(cc3)/N=C/c4ccc(cc4)C(=O)[O-])C(=O)[O-]
dude_pygm__L002973,CCOC(=O)c1c(n2c(c(c(n2)C)c3ccc(cc3)Br)nn1)N
dude_pygm__L002974,CCOC(=O)[C@@H]1[C@@H](SC2=C1CCCC2)NC(=O)C[NH+]3CCC(CC3)c4[nH]c5ccccc5n4
dude_pygm__L002975,Cc1cc(cc(c1)S(=O)(=O)N[C@@H](C)c2ccc(s2)Cl)N
dude_pygm__L002976,CCCCN(Cc1ccccc1)c2ccc(cc2[N-]S(=O)(=O)c3cccs3)C(=O)[O-]
dude_pygm__L002977,Cn1c2ccccc2nc(c1=O)Nc3ccc(cc3)C(=O)NCc4ccco4
dude_pygm__L002978,CN\1C(=O)/C(=C/c2ccc(c(c2)OC)OCC(=O)[O-])/S/C1=N/c3ccc(cc3)C(=O)[O-]
dude_pygm__L002979,CC1CCC(CC1)NC(=O)N2CCC(=CC2)c3c[nH]c4c3cccn4
dude_pygm__L002980,c1ccc(cc1)S(=O)(=O)[N-]c2nnc(s2)/N=C(/C=C/c3cscn3)\[O-]
dude_pygm__L002981,c1cc(c(cc1F)Br)[N-]S(=O)(=O)c2ccc(s2)CC(=O)[O-]
dude_pygm__L002982,CCc1c(scc1C(=O)Nn2c(=O)c3c4c(sc3[nH]c2=S)CCCC4)C
dude_pygm__L002983,Cc1c(c(n(n1)C)C)C(=O)C(=O)Nc2ccc3c(c2)[nH]c(n3)c4cc(ccc4F)F
dude_pygm__L002984,Cc1ccc(cc1)c2csc3c2c(ncn3)SCC(=O)Nc4cc(cc(c4)C(=O)[O-])C(=O)[O-]
dude_pygm__L002985,Cc1ccc(cc1)COc2ccccc2/C=C\3/C(=O)N(C(=S)S3)c4cc(cc(c4)C(=O)[O-])C(=O)[O-]
dude_pygm__L002986,CCOc1cccc(c1)N2C(=O)/C(=C\c3ccc(o3)c4ccc(cc4)C(=O)[O-])/C(=NC2=S)[O-]
dude_pygm__L002987,c1ccc(c(c1)[C@@H]2[C@H]3CC=C[C@@H]3c4cccc(c4N2)C(=O)NC5CCCCC5)[N+](=O)[O-]
dude_pygm__L002988,c1cc(c(cc1Cl)N)c2nnnn2c3cc(ccc3F)Br
dude_pygm__L002989,C[C@H]1CCCN(C1)c2[nH]c(=O)c3c(n2)NC(=O)[C@@H]([C@@H]3c4ccc(cc4)F)C#N
dude_pygm__L002990,CCCc1nnc(n1C/C(=N/c2[nH]nc(n2)c3ccc(cc3)C)/[O-])[S-]
dude_pygm__L002991,COc1ccc(cc1Br)[C@@H]2C(=C(OC3=C2C(=O)CCC3)N)C#N
dude_pygm__L002992,c1ccc2c(c1)C(=O)C(=C(C2=O)Cl)NNc3ccc(cn3)[N+](=O)[O-]
dude_pygm__L002993,Cc1c(c(no1)c2ccc(cc2)F)C(=O)NNc3c(nc(o3)C(C)C)C#N
dude_pygm__L002994,Cc1[n-]c(nn1)S/C(=C/c2ccc(c(c2)[N+](=O)[O-])N3CCCC3)/C(=O)[O-]
dude_pygm__L002995,Cc1c(c(n2c(n1)nc(n2)N)C)CCC(=O)N(C)[C@H]3CCCc4c3cccc4
dude_pygm__L002996,c1ccc(cc1)C#CCN(C2CCCC2)C(=O)[C@H]3CCCN(C3)C(=O)N
dude_pygm__L002997,CCOC(=O)c1cnn(c1[N-]S(=O)(=O)c2ccc(c(c2C)[N-]S(=O)(=O)C)C)c3ccccc3
dude_pygm__L002998,CCc1[nH]nc(n1)[C@H]([C@H](C)O)[NH3+]
dude_pygm__L002999,CCOc1ccc(c(c1)C(F)(F)F)[N-]S(=O)(=O)c2cc(cs2)C(=O)[O-]
dude_pygm__L003000,Cc1cc(c(c(=O)n1C)C(c2ccccc2[N+](=O)[O-])c3c(cc(n(c3=O)C)C)[O-])[O-]
dude_pygm__L003001,Cc1cc(ccc1Br)Nc2cc3c(cc2N)OCCO3
dude_pygm__L003002,Cc1ccc(s1)S(=O)(=O)NNC(=O)c2cc3c(s2)CC[C@H](C3)C
dude_pygm__L003003,Cc1c(cccc1C(=O)[O-])c2ccc(o2)/C=C/3\C(=O)N(C(=S)S3)CC(=O)[O-]
dude_pygm__L003004,COC(=O)N/N=C/c1ccc(c(c1)I)O
dude_pygm__L003005,Cc1ccc(cc1)CSCC(=O)Nc2cc(cc(c2)C(=O)[O-])C(=O)[O-]
dude_pygm__L003006,C/C(=C/1\C(=O)N(C(=S)S1)c2cc(cc(c2)C(=O)[O-])C(=O)[O-])/c3ccc(cc3)[N+](=O)[O-]
dude_pygm__L003007,C[C@@H]1C[C@H]([C@H]2[C@@](CCC[C@]2([C@]1(CCc3ccoc3)O)C)(C)CO)O
dude_pygm__L003008,c1cc(cc(c1)n2cccc2/C=C/3\C(=NC(=S)N(C3=O)c4cccc(c4Cl)Cl)[O-])C(=O)[O-]
dude_pygm__L003009,Cc1cc(c(c(c1COC)C)[C@H]2C(=C(OC3=C2C(=O)CC(C3)(C)C)N)C#N)C
dude_pygm__L003010,C[C@H]1C=C([C@@H](N1c2ccc(cc2)C(F)(F)F)C)C(=O)CSc3nc(c(nn3)CCC(=O)[O-])[O-]
dude_pygm__L003011,c1ccc2c(c1)c3c(o2)c(ncn3)NC[C@@H](c4ccc(cc4)[N+](=O)[O-])O
dude_pygm__L003012,CCc1ccc(cc1S(=O)(=O)N)NS(=O)(=O)c2c(cc(cc2C)C)C
dude_pygm__L003013,Cc1cc(no1)[N-]S(=O)(=O)c2ccc(cc2)NC(=O)[C@@H]3[C@H]4C[C@@H]([C@@H]3C(=O)[O-])C=C4
dude_pygm__L003014,c1cc(c(cc1F)F)c2c(c(n(n2)c3ccc(cn3)S(=O)(=O)N)N)C#N
dude_pygm__L003015,CCCOc1ccc(cc1)/C=C\2/C(=O)N=C(S2)[N-]c3ccc(cc3C(=O)[O-])O
dude_pygm__L003016,CCOc1ccc(cc1CO)NS(=O)(=O)c2c[nH]nc2N
dude_pygm__L003017,Cn1c2c(c(c([nH]2)c3ccc(c(c3)OC)OC)c4c(nc(=O)n(c4n5cccc5)C)[O-])c(nc1=O)[O-]
dude_pygm__L003018,c1ccc(cc1)/C=C/c2nc(nc(n2)[O-])N/C(=N/S(=O)(=O)c3ccccc3Cl)/[O-]
dude_pygm__L003019,C[C@H](CNC(=O)[C@@H]1CN(CC12CC[NH2+]CC2)C(=O)c3ccc(o3)c4ccc(cc4)F)Oc5ccccc5
dude_pygm__L003020,Cc1ccc(o1)CN(C(C)C)C(=O)Nc2cccc(c2)c3ccc(=O)[nH]n3
dude_pygm__L003021,Cc1c(c(nc2c1[C@@H](C(=C2C#N)C)Cc3cccn3c4ccccc4)N)C#N
dude_pygm__L003022,CN(C)N1C2=C([C@@H](C(=C1N)C#N)c3ccc(cc3)F)C(=O)C[C@@H](C2)c4ccccc4
dude_pygm__L003023,Cc1cc(cc(c1)n2c(cc(c2C)C(=O)CSc3nc(c(nn3)CCC(=O)[O-])[O-])C)C
dude_pygm__L003024,c1cc(c(cc1Br)[N-]S(=O)(=O)N2CCC[C@@H](C2)C(=O)[O-])Cl
dude_pygm__L003025,c1cc(cc(c1)n2cnc3c2N=C(C[C@H]3c4ccc(cc4)O)O)C(F)(F)F
dude_pygm__L003026,Cc1ccc(cc1)c2ccc(n2c3ccc(cc3)C(=O)[O-])CCC(=O)[O-]
dude_pygm__L003027,Cc1ccc(cc1[N-]C2=NC(=O)/C(=C/c3cc(c(c(c3)OC)OC)OC)/S2)C(=O)[O-]
dude_pygm__L003028,CCCSc1nnc(s1)SCC(=O)Nc2cc(cc(c2)C(=O)[O-])C(=O)[O-]
dude_pygm__L003029,c1ccc(c(c1)c2ccc(o2)/C=C\3/C(=O)N(C(=S)S3)[C@@H](CC(=O)[O-])C(=O)[O-])F
dude_pygm__L003030,C=CCOc1cccc(c1)[C@@H]2C(=C(C(=O)N2c3cccc(c3)C(=O)[O-])[O-])C(=O)c4ccccc4F
dude_pygm__L003031,c1cc(cnc1)/C=C\2/C(=O)N(C(=S)S2)c3cc(cc(c3)C(=O)[O-])C(=O)[O-]
dude_pygm__L003032,Cc1nc([nH]n1)c2ccccc2[N-]S(=O)(=O)c3cc(cs3)C(=O)[O-]
dude_pygm__L003033,Cc1cc2cccc(c2nc1)S(=O)(=O)[N-]c3ccc(c(c3)Cl)[N-]S(=O)(=O)C
dude_pygm__L003034,C[C@H](C(=O)NNC(=O)C12CC3CC(C1)CC(C3)C2)NC(=O)/C=C/c4ccc(cc4)OC
dude_pygm__L003035,c1cc(cc(c1)[N+](=O)[O-])C2=NN=C3[C@@H]2[C@H](C(=C(O3)N)C#N)c4cccs4
dude_pygm__L003036,C[C@@H]1C[C@@H]2[C@@H]3[C@@]([C@@]1(CCc4ccoc4)O)(CC[C@@H]([C@@]3(C(=O)O2)C)O)C
dude_pygm__L003037,Cc1ccc(cc1)S(=O)(=O)NCc2nnc(n2C)SCC(=O)Nc3cccc4c3cccc4
dude_pygm__L003038,COc1cc(ccc1OCCC(=O)[O-])/C=C/2\C(=O)N=C(S2)[N-]c3cccc(c3)F
dude_pygm__L003039,[H]/N=C\1/NC(=O)/C(=C/c2c(nn(c2Cl)c3ccccc3)C)/S1
dude_pygm__L003040,Cc1ccc(o1)[C@@H]2c3c(nc(=S)[nH]c3NC4=C2C(=O)CCC4)N
dude_pygm__L003041,COc1ccc(cc1OC)[C@@H]2c3c(nc(nc3[O-])SC)N=C4C2=C(OC4)[O-]
dude_pygm__L003042,c1cc(cc(c1)P(=O)([O-])[O-])OCC(=O)N(C[C@H]2CCC=CC2)C[C@H]3CCCO3
dude_pygm__L003043,CC1CCC(CC1)C(=O)N[C@H](CC2=c3ccccc3=[NH+]C2)C(=O)Nc4ccc5c(c4)OCCO5
dude_pygm__L003044,C[C@H](C(=O)[O-])Oc1cccc(c1)/C=C/2\C(=O)N=C(S2)[N-]c3ccccc3C(=O)OC
dude_pygm__L003045,CC[C@H](Cc1c([nH]c(=O)[nH]c1=O)[O-])C(=O)[C@H](CC)C(=O)/C(=N/c2nc3ccc(cc3s2)C)/[O-]
dude_pygm__L003046,c1cc(ccc1[C@H](CC(=O)[O-])[N-]S(=O)(=O)c2ccc(cc2[N+](=O)[O-])[N+](=O)[O-])Cl
dude_pygm__L003047,c1cc2c(cccc2[N-]S(=O)(=O)c3ccc(nc3)Cl)c(c1)[N-]S(=O)(=O)c4ccc(nc4)Cl
dude_pygm__L003048,C[C@@H]1CC=C2[C@H](C1)[C@H](C(=C(C2(C#N)C#N)N)C#N)c3cccc(c3)OC
dude_pygm__L003049,CCCCN(c1nnc(s1)[S-])S(=O)(=O)c2cc(cc(c2OC)OC)/C=C/C(=O)[O-]
dude_pygm__L003050,Cc1ccc(cc1Cl)/N=C/c2cc(n(c2C)c3cc(cc(c3)C(=O)[O-])C(=O)[O-])C
dude_pygm__L003051,COC(=O)c1ccc(cc1)[C@@H]2C(=C(C(=O)N2c3cccc(c3)C(=O)[O-])[O-])C(=O)c4ccc(s4)Cl
dude_pygm__L003052,CCOC(=O)c1c2c(sc1NC(=O)[C@H](C)Sc3nc(c(nn3)CCC(=O)[O-])[O-])C[C@H](CC2)C
dude_pygm__L003053,Cc1cc(cc(c1C)S(=O)(=O)N[C@@H]2CCCC[C@@H]2C)c3ccc(=O)[nH]n3
dude_pygm__L003054,COc1ccc(cc1)n2c(c(c(c2N)C#N)C#N)c3cccc(c3)[N+](=O)[O-]
dude_pygm__L003055,c1cc(ccc1c2ccc(o2)/C=C/3\C(=NN(C3=O)c4ccc(cc4)C(=O)[O-])C(F)(F)F)C(=O)[O-]
dude_pygm__L003056,CCN1CC=C2[C@H](C1)[C@@H](C(C(=C2C#N)N)(C#N)C#N)c3ccc(c(c3)F)F
dude_pygm__L003057,CC(C)c1c(c(cc(n1)C(C)(C)C)c2ccc(cc2)F)C#C[P@@](=O)(C[C@@H](CC(=O)[O-])O)[O-]
dude_pygm__L003058,c1ccc(c(c1)c2nc([nH]n2)S[C@H]3CCCCNC3=O)Br
dude_pygm__L003059,Cc1cc(c(n1c2cc(ccc2Cl)C(=O)[O-])C)/C=C/3\C(=NC(=O)N(C3=O)c4ccc(cc4)F)[O-]
dude_pygm__L003060,CCn1c2ccc(cc2nc1CSc3c(c(cc(n3)C)C)C(=O)[O-])C(=O)[O-]
dude_pygm__L003061,C[C@@H](c1[nH]c(=O)c2ccccc2n1)S[C@@H]3NC(=O)C=C(N3c4ccccc4)N
dude_pygm__L003062,CCOC(=O)c1ccc(cc1)c2ccc(o2)/C=C\3/C(=O)N(C(=S)S3)[C@@H](CC(=O)[O-])C(=O)[O-]
dude_pygm__L003063,c1ccc2c(c1)ccc(c2CS(=O)(=O)[O-])N/N=C/3\c4ccccc4C=C(C3=O)C(=O)[O-]
dude_pygm__L003064,Cc1ccc(cc1)c2csc(c2C(=O)N)NC(=O)[C@H](C)Sc3cc(ncn3)C
dude_pygm__L003065,Cc1c(sc(n1)c2nc[nH]n2)C(=O)N[C@@H](c3ccc(cc3)F)C(C)(C)C
dude_pygm__L003066,c1ccc(cc1)c2cnc(n2C[C@H]3CCCO3)SCC(=O)Nc4cc(cc(c4)C(=O)[O-])C(=O)[O-]
dude_pygm__L003067,COC(=O)[C@@H]1[C@@H](SC2=C1CCCCC2)NC(=O)CSc3nc(c(nn3)CCC(=O)[O-])[O-]
dude_pygm__L003068,Cc1cccc(c1)c2n[nH]c(=S)n2CC(=O)N[C@@H](C)c3cc4ccccc4o3
dude_pygm__L003069,c1ccc(c(c1)c2ccc(o2)/C=C\3/C(=NC(=O)N(C3=O)c4ccc5c(c4)OCO5)[O-])C(=O)[O-]
dude_pygm__L003070,c1ccc(cc1)[C@H](C2CC2)NC(=O)Nc3ccc(cc3)c4nnc5n4CCCC5
dude_pygm__L003071,CC(=O)Nc1cccc2c1CCN(C2)C(=O)N[C@H](c3ccccc3)c4ccco4
dude_pygm__L003072,CN1c2ccccc2CC(C1=O)NC(=O)c3cc4cc(cc(c4[nH]3)F)Cl
dude_pygm__L003073,c1ccc(cc1)Cn2c(nnc2Sc3ccc(cc3[N+](=O)[O-])C(=O)[O-])CC(=O)[O-]
dude_pygm__L003074,c1cc(c(c(c1)Cl)Cl)c2ccc(o2)/C=C(\C#N)/C(=C(C#N)C#N)N
dude_pygm__L003075,Cc1c(c(n2c(n1)cc(=O)[nH]2)C)CC(=O)NC3[C@@H](CCC[C@@H]3C)C
dude_pygm__L003076,Cc1cc(sc1C(=O)[O-])S(=O)(=O)[N-]c2ccc(cc2)N(C)C(=O)OC
dude_pygm__L003077,c1ccc2c(c1)nc(c(=O)n2CCN3CCCCC3)Nc4ccc(cc4)C(=O)NCc5cccs5
dude_pygm__L003078,CCCc1nnc(n1CC(=O)[O-])SCc2[nH]c(=O)c3ccc(cc3n2)C(=O)[O-]
dude_pygm__L003079,C[C@H](COc1ccc(cc1OC)/C=C\2/C(=O)N=C(S2)[N-]c3ccc(cc3)Br)C(=O)[O-]
dude_pygm__L003080,CS(=O)(=O)N1CCCC[C@@H]1C(=O)Nc2cccc(c2)c3[nH]c4ccccc4n3
dude_pygm__L003081,CC(C)c1cc(c(s1)NC(=O)C(Cl)(Cl)Cl)C(=O)N
dude_pygm__L003082,Cc1c(non1)/C(=[NH+]/N)/N
dude_pygm__L003083,CC[C@@H](C(=O)[O-])Oc1ccc(cc1)/C=C/2\C(=O)N=C(S2)[N-]c3cccc(c3)F
dude_pygm__L003084,CC[C@@H](C)c1ccc(cc1)N2C(=O)/C(=C\c3ccc(cc3)OCC(=O)[O-])/C(=O)N=C2[O-]
dude_pygm__L003085,C[C@@H](C(=O)[O-])Oc1ccc(cc1)/C=C\2/C(=O)N(C(=S)S2)[C@@H](CC(C)C)C(=O)[O-]
dude_pygm__L003086,CCOc1cc(ccc1O[C@H](C)C(=O)[O-])/C=C\2/C(=NC(=S)N(C2=O)c3ccc(cc3)C)[O-]
dude_pygm__L003087,CC1CCN(CC1)c2c(c(ncn2)Sc3cccc4c3nccc4)N
dude_pygm__L003088,c1ccc2c(c1)nc3c(nn(c3n2)c4ccc(cc4)I)[C@H]([C@H](CO)O)O
dude_pygm__L003089,C/C(=N/Nc1[nH]c(=O)cc(n1)c2ccccc2)/c3cccc(c3)[N+](=O)[O-]
dude_pygm__L003090,Cc1c(c(c(cn1)COP(=O)([O-])[O-])/C=N/c2ccccc2c3ccccc3)O
dude_pygm__L003091,C[C@@]1(Cc2c(c(n[nH]2)O)[C@@H]([C@@H]1C(=O)OCc3ccccc3)c4ccccc4)O
dude_pygm__L003092,CCn1c(c(c(n1)C)CCN(C)c2ccc(cc2[N-]S(=O)(=O)c3ccc(cc3)C(C)C)C(=O)[O-])C
dude_pygm__L003093,Cc1cc2c(c(oc2c(c1)Cl)C(=O)N[C@H](C)c3c([nH]nc3C)C)C
dude_pygm__L003094,Cc1ccc(cc1N2[C@H](C(=C(C2=O)[O-])C(=O)C3CC3)c4ccc(cc4)[N+](=O)[O-])C(=O)[O-]
dude_pygm__L003095,Cc1c(c(c(s1)C2=C3[C@H](N=C2c4cccc(c4)OC)N(C(=NC3=O)[O-])C)[O-])C(=O)OC
dude_pygm__L003096,C1C[C@@H](COC1)CNC(=O)CC2CCC(CC2)[NH3+]
dude_pygm__L003097,Cc1ccc(c(c1)n2c(cc(n2)C(F)F)S(=O)(=O)N)C
dude_pygm__L003098,Cc1cc(c(n1c2[n-]ncn2)C)C3=NN=C(SC3)[N-]c4cccc(c4C)Cl
dude_pygm__L003099,C[C@H](CNc1c2c(c3c4c(c(nc3o2)C(C)C)COC(C4)(C)C)ncn1)O
dude_pygm__L003100,C[C@@H](C(=O)Nc1cccc(c1)[N+](=O)[O-])Nc2ccc3c(c2)OCCO3
dude_pygm__L003101,Cc1c(cco1)c2nnc(n2N)SCc3ncc(o3)c4ccc(cc4)F
dude_pygm__L003102,C[NH+](C)Cc1c(ccc2c1O/C(=C\c3c[nH]c4c3cccc4)/C2=O)[O-]
dude_pygm__L003103,CCc1ccccc1[N-]C2=NC(=O)/C(=C\c3ccccc3O[C@H](C)C(=O)[O-])/S2
dude_pygm__L003104,CC(C)(C)[C@@H]1CCc2c(c(c3cc(ccc3n2)S(=O)(=O)N4CCC(CC4)C(=O)[O-])C(=O)[O-])C1
dude_pygm__L003105,Cc1ccsc1[C@H]2C(=C(C(=O)N2c3cccc(c3)C(=O)[O-])[O-])C(=O)c4ccc5c(c4)OCO5
dude_pygm__L003106,Cc1ccc(cc1)[C@@H]2c3c(n[nH]c3C(=O)N2C[C@@H]4CCCO4)c5c(cc(cc5O)C)C
dude_pygm__L003107,C[C@@H]1CCC[C@H](N1c2nnc(s2)NC(=O)Nc3ccccc3C(F)(F)F)C
dude_pygm__L003108,CC1=C(C[C@H]([C@H](C1)C(=O)Nc2ccc(cc2)S(=O)(=O)[N-]c3cc(cc(c3)Cl)Cl)C(=O)[O-])C
dude_pygm__L003109,C[C@@H](c1cccc(c1)S(=O)(=O)N(C)C)NC(=O)Nc2cccc3c2cccc3
dude_pygm__L003110,Cc1cc(ccc1NS(=O)(=O)c2cc(cc(c2C)C)N)Br
dude_pygm__L003111,COc1ccc(cc1O)/C=C\2/C(=N/c3ccc(cc3)Cl)/NC(=O)S2
dude_pygm__L003112,c1ccc(cc1)[C@H](C(=O)NC2CC2)Sc3nc(c(nn3)CCC(=O)[O-])[O-]
dude_pygm__L003113,Cc1c(c(n(n1)c2ccc(cc2)C(=O)n3c(c(cn3)C#N)N)C)Cl
dude_pygm__L003114,CC(=O)Nc1ccc(c(c1)F)c2csc(n2)NC(=O)CCc3nc(no3)c4ccc(cc4)Cl
dude_pygm__L003115,Cc1cc(c(n1c2cc(cc(c2)C(=O)[O-])C(=O)[O-])C)/C=C(\C#N)/C(=O)NC
dude_pygm__L003116,Cc1ccc(cc1)c2nnc(n2N)SCC(=O)Nc3ccc(cc3F)F
dude_pygm__L003117,Cc1ccsc1[C@@H]2C(=C(C(=O)N2c3ccc(cc3)CC(=O)[O-])[O-])C(=O)C4CC4
dude_pygm__L003118,c1cc(ccc1n2c(nnn2)c3cc(ccc3Br)N)Br
dude_pygm__L003119,Cc1cc(c(c2c1C(=O)/C(=C/c3cccc(c3)OC)/O2)CO)O
dude_pygm__L003120,Cc1c(ccc(c1OC)[C@H]2C(=C(OC3=C2C(=O)CCC3)N)C#N)OC
dude_pygm__L003121,CCCS(=O)(=O)[N-]c1ccc(cc1)[N-]S(=O)(=O)c2ccc(s2)C
dude_pygm__L003122,C[C@@H]1[C@H](CCC[C@@H]1[NH3+])C(=O)N(CCO)C2CCCC2
dude_pygm__L003123,c1cc(sc1CC[NH3+])S(=O)(=O)NC2CCC2
dude_pygm__L003124,CC[C@H](C(=O)[O-])Oc1ccc(cc1OCC)/C=C/2\C(=O)N=C(S2)[N-]c3ccc(cc3)C(=O)C
dude_pygm__L003125,Cc1cccc(c1C)N2C(=O)c3ccc(cc3C2=O)c4nnc(o4)N
dude_pygm__L003126,Cc1c(c(c(nc1c2ccccc2)C(C)C)CC[P@@](=O)(C[C@@H](CC(=O)[O-])O)[O-])c3ccc(cc3)F
dude_pygm__L003127,Cc1cccc2c1NC(=O)[C@@]23CC(=O)Nc4c3cnn4C(C)(C)C
dude_pygm__L003128,c1cc(cc(c1)C(F)(F)F)[C@H]2C(=C(C(=O)N2c3nc4ccc(cc4s3)C(=O)[O-])[O-])C(=O)C5CC5
dude_pygm__L003129,Cc1ccc(cc1)[C@H](CC(=O)[O-])NS(=O)(=O)c2cc(cs2)C(=O)[O-]
dude_pygm__L003130,CC1(C[C@H]1NS(=O)(=O)c2cc(cc(c2Br)N)Cl)C
dude_pygm__L003131,Cc1cccc(n1)NC(=O)C[C@@H]2[C@@H](CC[C@H]3[C@@]2(CC[C@H]([C@@]3(C)CO)O)C)O
dude_pygm__L003132,CCCn1c(=O)[nH]nc1Sc2ccc(cc2N)S(=O)(=O)N
dude_pygm__L003133,Cc1cccc(c1c2nnnn2c3ccccc3Br)N
dude_pygm__L003134,C[C@@H](C(=O)Nc1ccc2c(c1)CCC2)Sc3nc(c(nn3)CCC(=O)[O-])[O-]
dude_pygm__L003135,CCOc1cc(ccc1O[C@H](C)C(=O)[O-])/C=C/2\C(=O)N=C(S2)[N-]c3ccc(c(c3)C(F)(F)F)Cl
dude_pygm__L003136,c1cc2c(cc1Br)nc(n2[C@H]3CCS(=O)(=O)C3)N
dude_pygm__L003137,CC1(CC(=C(C(=O)C1)C(=O)/C=C\Nc2cccc(c2)/C=C/C(=O)[O-])[O-])C
dude_pygm__L003138,CCOc1ccccc1N2C(=O)/C(=C/c3cc(n(c3C)c4ccc(c(c4)C(=O)[O-])Cl)C)/C(=NC2=O)[O-]
dude_pygm__L003139,Cc1cc(cc(c1C)NC(=O)CSc2[nH]c(c(n2)Cc3ccccc3)C)S(=O)(=O)N(C)C
dude_pygm__L003140,Cc1cc(cc(c1)[N-]C2=NC(=O)/C(=C/c3cc(cc(c3[O-])OC)[N+](=O)[O-])/S2)C
dude_pygm__L003141,CC[C@@H](C(=O)[O-])Oc1ccc(cc1)/C=C/2\C(=O)N=C(S2)[N-]c3ccccc3Br
dude_pygm__L003142,CCCC1=C2[C@@H](C(=C(O[C@@H]2N=N1)N)C#N)[C@@H]3C=NN=C3c4ccc(cc4)F
dude_pygm__L003143,Cn1cc(cn1)S(=O)(=O)[N-]c2c(cc(cc2Br)Br)C(=O)[O-]
dude_pygm__L003144,CC[C@@H](C(=O)[O-])Oc1ccc(cc1)/C=C\2/C(=O)N(/C(=N\c3ccc(c(c3)O)C(=O)[O-])/S2)C
dude_pygm__L003145,C[C@H](C[NH+]1CCCC1)NC(=O)[C@H](C(C)C)C(=S)N
dude_pygm__L003146,c1cc(ccc1C2=NN([C@](C2)(C(F)(F)F)O)C(=O)c3ccc(cc3)O)Cl
dude_pygm__L003147,Cc1cc(c(c(=O)n1C)C(c2ccc(cc2)[N+](=O)[O-])c3c(cc(n(c3=O)C)C)[O-])[O-]
dude_pygm__L003148,CCN1C(=O)N[C@@H]([C@@H]2[C@@]1(CCCC2=O)O)c3ccc(cc3)Br
dude_pygm__L003149,COc1cc(ccc1OCC(=O)[O-])/C=C/2\C(=O)N=C(S2)[N-]c3ccc(cc3)Br
dude_pygm__L003150,CCN1CC=C2[C@H](C1)[C@@H](C(C(=C2C#N)N)(C#N)C#N)c3cccc(c3)F
dude_pygm__L003151,Cc1c(nc(nc1N)c2cc3c(c(c2)Br)OCCO3)C
dude_pygm__L003152,Cc1ccc(c(c1)Br)n2c(nnn2)c3ccccc3N
dude_pygm__L003153,C[C@H]1C=C([C@@H](N1c2ccc(cc2)OC(F)(F)F)C)C(=O)CSc3nc(c(nn3)CCC(=O)[O-])[O-]
dude_pygm__L003154,Cc1ccc(cc1Cl)[N-]S(=O)(=O)c2ccc(c(c2)NC(=O)[C@H]3CC=CC[C@H]3C(=O)[O-])Cl
dude_pygm__L003155,Cc1ccc(cc1)CSC2=NC(=O)[C@H]3[C@@H](CC(=O)NC3=N2)c4ccc(c(c4)O)O
dude_pygm__L003156,CN\1C(=O)/C(=C\c2ccc(c(c2)Cl)OCC(=O)[O-])/S/C1=N\c3cccc(c3)C(=O)[O-]
dude_pygm__L003157,c1cc(ccc1NS(=O)(=O)c2c(cc(cc2F)N)F)Cl
dude_pygm__L003158,CC(C)C1=NN=C2[C@H]1[C@@H](C(=C(O2)N)C#N)c3ccc(cc3)Br
dude_pygm__L003159,Cc1cccc(c1NC(=O)CSc2nc(c(nn2)CCC(=O)[O-])[O-])[N+](=O)[O-]
dude_pygm__L003160,Cc1c(c(nc(n1)S[C@H](c2ccccc2)C(=O)Nc3ccc(cc3)F)[O-])CCC(=O)[O-]
dude_pygm__L003161,C1CCC(C1)(C[NH3+])NS(=O)(=O)N
dude_pygm__L003162,CCOc1c(c(c(c(n1)N)C#N)c2ccc(cc2Cl)Cl)C#N
dude_pygm__L003163,c1ccc2c(c1)nc(s2)/C(=C\c3ccc(o3)c4ccc(cc4)S(=O)(=O)N)/C#N
dude_pygm__L003164,CSc1ccc(cc1)/C=C/C(=O)Nc2cc(cc(c2)C(=O)[O-])C(=O)[O-]
dude_pygm__L003165,c1c(c[nH]c1C(=O)N)c2csc(n2)NC(=O)CN3C(=O)C4(CCCC4)NC3=O
dude_pygm__L003166,c1ccc(cc1)c2csc3c2c(nc(n3)SCc4ccc(cc4)F)N5CC[NH+](CC5)CC(=O)N
dude_pygm__L003167,CCCn1c(nnc1SCC(=O)Nc2cc(cc(c2)C(=O)[O-])C(=O)[O-])Cc3ccccc3
dude_pygm__L003168,c1ccc(cc1)C2=NN([C@](C2)(C(F)(F)F)O)C(=O)c3cccc(c3)O
dude_pygm__L003169,Cc1c([n+](on1)[O-])COc2ccc(cc2)C(C3=C(CC(CC3=O)(C)C)[O-])C4=C(CC(CC4=O)(C)C)[O-]
dude_pygm__L003170,c1cc(ccc1[N-]S(=O)(=O)c2ccc(c(c2)NC(=O)[C@@H]3CC=CC[C@H]3C(=O)[O-])Cl)Cl
dude_pygm__L003171,c1cc(c(cc1S(=O)(=O)N2[C@H]3CCCC[C@H]3C[C@H]2C(=O)[O-])C(=O)[O-])F
dude_pygm__L003172,CC(C)c1ccc(cc1)[C@H]2C(=C(C(=O)N2c3nc4ccc(cc4s3)C(=O)[O-])[O-])C(=O)C5CC5
dude_pygm__L003173,[H]/[O+]=C/1\C=Cc2ccccc2\C1=C\NNc3ncc(c(n3)N4CCOCC4)F
dude_pygm__L003174,c1ccc(cc1)CCCN2C[C@@H]([C@H]([C@@H](C2)O)O)CO
dude_pygm__L003175,CCOC(=O)c1ccc(cc1)[N-]C2=NC(=O)/C(=C\c3ccc(cc3)C(=O)[O-])/S2
dude_pygm__L003176,c1ccn2c(c1)nnc2Sc3c(cc(cn3)Br)N
dude_pygm__L003177,C[C@@]1(CC[C@@H](C1(C)C)C(=O)[O-])/C(=N\Nc2ccc(cc2[N+](=O)[O-])[N+](=O)[O-])/C(=O)[O-]
dude_pygm__L003178,c1cc(cc(c1)S(=O)(=O)[N-]c2cc(no2)c3ccc(cc3)Cl)C(=O)[O-]
dude_pygm__L003179,Cc1ccc(s1)[C@H]2C(=C(C(=O)N2c3ccc(cc3)CC(=O)[O-])[O-])C(=O)c4ccco4
dude_pygm__L003180,c1cc(cc(c1)n2c(c(n(c2=O)C3CC3)[O-])[O-])NS(=O)(=O)c4ccc(cc4)C5CCCCC5
dude_pygm__L003181,CCCCc1ccc(cc1)N2C(=O)/C(=C/c3cc(n(c3C)c4cccc(c4)C(=O)[O-])C)/C(=NC2=S)[O-]
dude_pygm__L003182,c1cc(ccc1OCC(=O)NC(=O)Nc2ccc3c(c2)OCCO3)Br
dude_pygm__L003183,COC(=O)[C@H]1[C@@H](C(=C(N=C1[O-])SCC(=O)N)C#N)c2ccc(cc2)Cl
dude_pygm__L003184,c1cc(ccc1c2nnnn2c3cc(ccc3Br)Br)N
dude_pygm__L003185,CC(C)n1c(=O)c2c3c(sc2nc1SCC(=O)Nc4cc(cc(c4)C(=O)[O-])C(=O)[O-])CCC3
dude_pygm__L003186,CC(C)C[NH+](Cc1ccc(cc1)C#CCO)CC(=O)N
dude_pygm__L003187,Cc1c(sc(n1)[N-]S(=O)(=O)c2c(cc(cc2F)F)F)SCC(=O)N
dude_pygm__L003188,Cc1ccccc1[C@@H]2C(=C(N(C3=C2C(=O)C[C@H](C3)c4ccccc4)N(C)C)N)C#N
dude_pygm__L003189,Cc1cccc(c1NS(=O)(=O)c2cccc(c2)C(=S)N)C
dude_pygm__L003190,c1ccc2c(c1)N(C[C@@H](O2)C(=O)N)S(=O)(=O)c3ccc(cc3)C4CCCCC4
dude_pygm__L003191,C[C@H](c1ccc(cc1)n2ccnc2)NC(=O)Nc3cccc(c3)[N+](=O)[O-]
dude_pygm__L003192,C/C(=N\Nc1ccc(c(c1)C(=O)[O-])Cl)/c2ccc(cc2)S(=O)(=O)N(C)CCCC(=O)[O-]
dude_pygm__L003193,CC[C@@H](C)[C@@H](c1nc([nH]n1)C)[NH3+]
dude_pygm__L003194,Cc1cc(ccc1F)S(=O)(=O)n2c(cc(n2)c3cccc(c3)F)N
dude_pygm__L003195,c1cc(oc1)[C@H](CNC(=O)CCSCc2[nH]c(=O)c3c4c(sc3n2)CCC4)[NH+]5CCCCC5
dude_pygm__L003196,c1cc(ccc1C2=NOC3(N2)CC[NH+](CC3)CC(=O)Nc4ccc(cc4)Cl)OC(F)(F)F
dude_pygm__L003197,c1cc(c(cc1S(=O)(=O)[N-]c2cc3c(cc2Cl)OCCO3)C(=O)[O-])Br
dude_pygm__L003198,CC[C@@H](C(=O)[O-])Oc1ccc(cc1OC)/C=C/2\C(=O)N=C(S2)[N-]c3ccccc3Br
dude_pygm__L003199,C[C@@H](C(=O)Nc1ccc(cc1)O)N2C(=O)/C(=C/c3ccc(c(c3)OC)O)/SC2=S
dude_pygm__L003200,c1c(cc(c(c1[N+](=O)[O-])[O-])S(=O)c2cc(cc(c2[O-])[N+](=O)[O-])Cl)Cl
dude_pygm__L003201,CC[C@H](C(=O)[O-])Oc1ccc(cc1OCC)/C=C/2\C(=O)N=C(S2)[N-]c3cc(ccc3O)C
dude_pygm__L003202,c1cc(ccc1OCC(=O)NNC(=S)NCc2ccc3c(c2)OCO3)Br
dude_pygm__L003203,Cc1ccc(cc1)NC(=O)C[C@@H]2C(=O)N/C(=N\N=C\3/C[C@H]4CC[C@@]3(C4(C)C)C)/S2
dude_pygm__L003204,CCCC(=O)N[C@H](c1ccc2c(c1)OCO2)c3cc(c4cccnc4c3O)Cl
dude_pygm__L003205,C[C@@H](C(=O)[O-])Oc1ccc(cc1OC)/C=C/2\C(=O)N=C(S2)[N-]c3cccc(c3)F
dude_pygm__L003206,c1cc(c(cc1I)Cl)[N-]S(=O)(=O)N2CCC[C@@H](C2)C(=O)[O-]
dude_pygm__L003207,Cc1cc(nc(n1)[N-]S(=O)(=O)c2ccc(cc2)/N=C/c3c(c(c4nc5ccccc5n4c3[O-])C#N)C)C
dude_pygm__L003208,c1cc(ccc1COc2ccc(cc2Br)/C=C\3/C(=O)NC(=O)N=C3[O-])C(=O)[O-]
dude_pygm__L003209,c1c(c(sc1C(=O)[O-])Br)S(=O)(=O)[N-]c2cnoc2
dude_pygm__L003210,CNc1ccc(cc1[N+](=O)[O-])[C@@H]2Nc3ccccc3C(=O)N2c4ccncc4
dude_pygm__L003211,CCC[C@H](C)C(=O)N1C[C@@H](C2(C1)CC[NH2+]CC2)C(=O)N[C@@H](C)Cc3ccccc3OC
dude_pygm__L003212,c1ccc(c(c1)[N-]S(=O)(=O)c2cccc(c2)NC(=O)CC3(CCCCCC3)C(=O)[O-])Cl
dude_pygm__L003213,c1ccc(cc1)n2c(cc(n2)C3CC3)C(=O)Nc4cccc(c4)S(=O)(=O)Nc5ccccc5F
dude_pygm__L003214,c1ccc(cc1)/C=C/[C@@H]2C(=C(C(=O)N2CCCC(=O)[O-])[O-])C(=O)c3ccccc3
dude_pygm__L003215,c1ccc2=[NH+][C@H]3[C@@H](NCCC3=c2c1)c4c([nH]c(=O)n(c4=O)c5ccc(cc5)F)[O-]
dude_pygm__L003216,COc1cc(ccc1OCCC(=O)[O-])/C=C/2\C(=O)N=C(S2)[N-]c3ccc(cc3)F
dude_pygm__L003217,c1cc(ccc1c2cn(nc2N)S(=O)(=O)c3ccc(cc3)Cl)Cl
dude_pygm__L003218,Cc1nc2c3ccccc3nc(n2n1)N[C@@H](C)c4[nH]c5ccccc5n4
dude_pygm__L003219,COc1ccccc1[C@@H](c2c3c(sc2NC(=O)c4ccco4)CCCC3)Nc5cccc[nH+]5
dude_pygm__L003220,Cc1cccc(c1)C(=O)Oc2ccc3c(c2)OC(=C([C@@H]3c4ccc(o4)C)C#N)N
dude_pygm__L003221,CCOc1cc(ccc1OCC(=O)[O-])/C=C/2\C(=O)N=C(S2)[N-]c3cc(ccc3O)C
dude_pygm__L003222,c1ccc(c(c1)[N-]C2=NC(=O)/C(=C\c3ccc(cc3)OCCC(=O)[O-])/S2)Br
dude_pygm__L003223,c1cc(cc(c1)C(F)(F)F)c2ccc(o2)[C@@H]3c4c([nH]c(=O)[nH]c4=O)NC5=C3C(=O)CCC5
dude_pygm__L003224,C/C(=N/S(=O)(=O)c1ccc(cc1)[N-]S(=O)(=O)c2ccccc2[N+](=O)[O-])/[O-]
dude_pygm__L003225,Cc1ccc(cc1[N+](=O)[O-])[C@@H]2C(=C(C(=O)N2c3ccc(cc3)CC(=O)[O-])[O-])C(=O)c4ccccc4F
dude_pygm__L003226,C[C@@H](c1ccc(cc1)S(=O)(=O)N)NC(=O)Nc2cccc(c2)C#C
dude_pygm__L003227,Cc1cc(c(n1c2cc(cc(c2)C(=O)[O-])C(=O)[O-])C)/C=C/3\C(=O)N/C(=N/c4ccccc4)/S3
dude_pygm__L003228,CCOc1cc(cc(c1OCC#C)Cl)/C=C\2/C(=O)N=C(S2)[N-]c3ccc(c(c3)C(=O)[O-])Cl
dude_pygm__L003229,CCOc1cc2c(cc1c3ccccc3O)CCN4[C@H]2CO[P@@](=O)(N4)OC
dude_pygm__L003230,c1cc(c(cc1[C@H]2[C@@H]3C(=NN=C3OC(=C2C#N)N)c4ccncc4)O)O
dude_pygm__L003231,C[C@H](c1ccccc1)Nc2c(c(ncn2)N3CCN(CC3)c4ccccc4F)N
dude_pygm__L003232,CC1C/C(=C\c2ccc(cc2)C(=O)[O-])/C(=O)/C(=C\c3ccc(cc3)C(=O)[O-])/C1
dude_pygm__L003233,CC(=O)O[C@@H]1CC[C@@]2([C@@H]3CC[C@@]([C@@H]([C@@H]3CC=C2C1)CCC(=O)[O-])(C)C(=O)[O-])C
dude_pygm__L003234,Cn1cnnc1Sc2c3cc(ccc3ncc2N)Br
dude_pygm__L003235,c1cc(c(cc1[N-]S(=O)(=O)c2cc(c3c(c2)OCCO3)C(=O)[O-])[N+](=O)[O-])F
dude_pygm__L003236,CC(C)C[C@H](C(=O)[O-])N1C(=O)/C(=C/c2ccc(cc2)C(=O)[O-])/SC1=S
dude_pygm__L003237,Cc1ccc(s1)[C@@H]2C(=C(C(=O)N2c3nc4ccc(cc4s3)C(=O)[O-])[O-])C(=O)c5ccccc5F
dude_pygm__L003238,C(C#N)C(=O)NC(=[NH2+])N
dude_pygm__L003239,CC(C)C1=C[C@H](N=N1)[C@H]2NN[C@@H]3N2N=C(S3)c4ccc5c(c4)OCCO5
dude_pygm__L003240,C[C@H](C(=O)N(C)c1ccccc1)Sc2nnc(n2N)c3ccc(cc3)Cl
dude_pygm__L003241,C[C@@H]1CCc2c(cc(s2)C(=O)NNC(=O)C[C@@]3(CCSC3)C(=O)[O-])C1
dude_pygm__L003242,C[C@H]1C[C@@]2(CC(C1)(C)C)Nc3cc(c(cc3C(=O)N2)OC)OC
dude_pygm__L003243,c1ccc(cc1)c2nnc3n2CN(CS3)c4ccc(cc4)S(=O)(=O)N
dude_pygm__L003244,CC[C@@H](C(=O)[O-])Oc1ccc(cc1)/C=C\2/C(=O)N(/C(=N\c3ccc(c(c3)O)C(=O)[O-])/S2)CC
dude_pygm__L003245,CC1([C@@H](N2[C@H](S1)[C@@H](C2=O)NC(=O)[C@@H](c3ccc(cc3)N)[NH3+])c4[n-]nnn4)C
dude_pygm__L003246,c1cc(cc(c1)Cl)[C@@H]2[C@@H]3C(=NN=C3OC(=C2C#N)N)c4cccs4
dude_pygm__L003247,CS(=O)(=O)[N-]c1cccc(c1)/C(=N/c2[nH]nc(n2)c3ccco3)/[O-]
dude_pygm__L003248,c1cc(c(nc1)C(=O)N2[C@@H]3CCCC[C@@H]3C[C@@H]2C(=O)[O-])[O-]
dude_pygm__L003249,c1ccc(c(c1)/C=C/C(=O)Nc2ccc3c(c2)[nH]c(n3)[C@H]4CCCO4)[N+](=O)[O-]
dude_pygm__L003250,c1ccn2c(c1)nc(c2CC(=S)N)c3ccc4c(c3)OCCO4
dude_pygm__L003251,C[C@H]1C=C([C@@H](N1c2cccc(c2)[N+](=O)[O-])C)C(=O)CSc3nc(c(nn3)CCC(=O)[O-])[O-]
dude_pygm__L003252,c1ccc(cc1)/C=C/C(=O)C2=C(C(=O)N([C@@H]2c3ccc(cc3)[N+](=O)[O-])CCCCCC(=O)[O-])[O-]
dude_pygm__L003253,COc1ccc(cc1OC)c2cc([nH]n2)NC(=S)Nc3ccc(c(c3)Cl)OC
dude_pygm__L003254,CCOc1ccc(cc1[N-]S(=O)(=O)c2ccc(cc2)S(=O)(=O)N)F
dude_pygm__L003255,CCOc1cc(cc(c1OCc2ccc(cc2)C(=O)[O-])Br)/C=C\3/C(=O)NC(=O)N=C3[O-]
dude_pygm__L003256,Cc1cc(cc(c1)N2[C@H](C=C([C@@H]2C)C(=O)CSc3nc(c(c(n3)[O-])CCC(=O)[O-])C)C)C
dude_pygm__L003257,Cn1c2ccccc2nc(c1=O)Nc3ccc(cc3)C(=O)Nc4cc[nH]n4
dude_pygm__L003258,c1cc(cc(c1)NS(=O)(=O)c2ccc(c(c2)[N+](=O)[O-])SCCC(=O)[O-])C(=O)[O-]
dude_pygm__L003259,Cc1cc(n2c(n1)cc(n2)c3ccc(cc3)F)NC[C@H](c4cccc(c4)O)O
dude_pygm__L003260,c1ccc(cc1)c2ccc(o2)/C=C\3/C(=O)N(C(=S)S3)[C@H](CCC(=O)[O-])C(=O)[O-]
dude_pygm__L003261,C[C@@H](C(=O)Nc1ccc2c(c1)OCCCO2)Sc3nc([nH]n3)N
dude_pygm__L003262,c1ccc(cc1)c2cc([nH]n2)c3n[nH]c(=S)n3[C@@H]4C[C@H]5CC[C@@H]4C5
dude_pygm__L003263,c1ccc2c(c1)c(c[nH]2)/C=C\3/C(=O)N=C(S3)[N-]c4cc(cc(c4)C(=O)[O-])C(=O)[O-]
dude_pygm__L003264,C/C(=N\Nc1ccc(cc1)C(=O)[O-])/c2ccc(cc2)S(=O)(=O)N3CCC(CC3)C(=O)[O-]
dude_pygm__L003265,c1cc(ccc1N2C(=O)/C(=C/c3ccc(o3)c4ccc(c(c4)C(=O)[O-])Cl)/C(=NC2=O)[O-])Cl
dude_pygm__L003266,CC[C@@H](C)c1ccc(cc1)N2C(=O)/C(=C\c3ccc(cc3)C(=O)[O-])/C(=O)N=C2[O-]
dude_pygm__L003267,COC(=O)C\1=NC(=N[C@@H](/C1=C(\c2ccc(s2)Cl)/[O-])c3cscn3)[S-]
dude_pygm__L003268,Cc1ccc(cc1)n2c(nnn2)SCC(=O)Nc3cc(cc(c3)C(=O)[O-])C(=O)[O-]
dude_pygm__L003269,CC(C)c1c(c(c2c(n1)-c3ccccc3CCC2)c4ccc(cc4)F)/C=C/[P@@](=O)(C[C@@H](CC(=O)[O-])O)[O-]
dude_pygm__L003270,c1c(cc(cc1O)O)[C@H](CCO)[NH3+]
dude_pygm__L003271,Cc1cc(c(n1c2ccc(cc2)C(=O)[O-])C)/C=C/3\C(=NC(=S)N(C3=O)CCOC)[O-]
dude_pygm__L003272,c1ccc(c(c1)C2=NN=C3[C@@H]2[C@H](C(=C(O3)N)C#N)c4cc(ccc4F)F)Cl
dude_pygm__L003273,CC(=O)[C@H]1[C@H](C[C@@]2([C@@]1(CC(=O)[C@@]3([C@@H]2CC=C([C@@H]3CC(=O)[O-])C(C)(C)C(=O)[O-])C)C)C)O
dude_pygm__L003274,CC1=C([C@@]2(c3ccc(cc3NC2=O)F)C(=C(O1)N)C#N)C(=O)OC(C)(C)C
dude_pygm__L003275,Cc1ccc(cc1)C(=O)[C@@H]2CCCN(C2)S(=O)(=O)c3ccc4c(c3)[nH]c(=O)[nH]4
dude_pygm__L003276,Cc1cc(no1)CSc2c(cc(c(n2)N)c3nc(cs3)c4ccccc4)C#N
dude_pygm__L003277,Cc1ccc(cc1Cl)S(=O)(=O)[N-]c2ccc(c(c2)OC)S(=O)(=O)N
dude_pygm__L003278,C(C(=O)[O-])Sc1c(sc(=S)s1)SCC(=O)[O-]
dude_pygm__L003279,Cc1c(c(n(n1)Cc2ccccc2F)C)NC(=O)Nc3ccc4c(c3)OCCO4
dude_pygm__L003280,c1ccc(cc1)[C@H](C(=O)[O-])N2C(=O)/C(=C/c3ccc(o3)c4cccc(c4)C(=O)[O-])/SC2=S
dude_pygm__L003281,Cc1ccc(cc1)C2=C[C@H](N=N2)[C@@H]3NN[C@@H](N3N)SCC(=O)N
dude_pygm__L003282,c1cc(ccc1C(=O)[O-])NC(=O)[C@H]2CCC[C@H](C2)C(=O)Nc3ccc(cc3)C(=O)[O-]
dude_pygm__L003283,c1cc(c(cc1C(=O)[O-])S(=O)(=O)N[C@@H]2CCC[C@H](C2)O)Br
dude_pygm__L003284,c1cc(cc(c1)OCC(=O)[O-])/C=C/2\C(=O)N=C(S2)[N-]c3cccc(c3)F
dude_pygm__L003285,COc1ccccc1[C@@H]2C(=C(OC3=C2C(=O)C[C@@H](C3)c4ccccc4)N)C#N
dude_pygm__L003286,Cc1ccc(cc1)C(=O)C[C@@H]2C(=O)N/C(=N\N=C/3\c4cc(ccc4NC3=O)C)/S2
dude_pygm__L003287,Cc1c(c(nc(n1)c2cc3c(c(c2)Br)OCO3)N)C(C)C
dude_pygm__L003288,CCOC(=O)c1c(c2cc(ccc2s1)S(=O)(=O)N3C[C@@H](C[C@H](C3)C)C)N
dude_pygm__L003289,c1ccc(c(c1)Cn2cnc3c2cc4c(c3)OCO4)C(=S)N
dude_pygm__L003290,Cc1nc(cs1)Cc2nc(on2)c3ccc(c(c3)N)Cl
dude_pygm__L003291,c1cc(ccc1/C=C(\C=C\2/C(=O)N(C(=S)S2)[C@H](CCC(=O)[O-])C(=O)[O-])/Cl)[N+](=O)[O-]
dude_pygm__L003292,c1ccc(cc1)c2n[nH]c(=S)n2/N=C/c3ccc(c(c3)Br)O
dude_pygm__L003293,c1ccc(c(c1)/C=N/NC(=O)[C@@H]2C=C(N=N2)c3ccc4c(c3)OCO4)O
dude_pygm__L003294,C[C@H]1CC[C@H](CN1c2c3ccccc3nc(n2)c4ccsc4)C(=O)N
dude_pygm__L003295,c1cc(ccc1c2coc3cc(ccc3c2=O)OCC(=O)N)Br
dude_pygm__L003296,Cc1ccc(cc1Cl)[N-]S(=O)(=O)c2ccc(c(c2)NC(=O)[C@@H]3CC=CC[C@H]3C(=O)[O-])Cl
dude_pygm__L003297,c1c(cc(c(c1Cl)NC(=O)C(=O)NCC#N)Cl)Br
dude_pygm__L003298,Cn1ccc(c1)c2cc(c(c(n2)N)C#N)c3cccn3c4cccnc4
dude_pygm__L003299,COc1ccc(cc1)N2C(=O)/C(=C/c3ccc(c(c3)Cl)OCC(=O)[O-])/C(=NC2=S)[O-]
dude_pygm__L003300,c1ccc2c(c1)C=C(CO2)/C=C\3/C(=O)N(C(=S)S3)[C@H](CCC(=O)[O-])C(=O)[O-]
dude_pygm__L003301,Cc1ccccc1/N=C\2/NC(=O)/C(=C/c3cc(n(c3C)c4cc(cc(c4)C(=O)[O-])C(=O)[O-])C)/S2
dude_pygm__L003302,C[C@@H](c1[nH]c(=O)c2ccccc2n1)Sc3[nH]nc(n3)c4ccc(cc4)Cl
dude_pygm__L003303,c1ccc(cc1)c2cc(c(c(n2)C3CC3)C#C[P@](=O)(C[C@@H](CC(=O)[O-])O)[O-])c4ccc(cc4)F
dude_pygm__L003304,c1cc(ccc1N2C(=O)/C(=C/c3ccc(c(c3)Cl)OCC(=O)[O-])/C(=NC2=S)[O-])Cl
dude_pygm__L003305,c1cc(oc1)CN(C(=O)COc2ccc(cc2C(=O)[O-])C(=O)[O-])C34CC5CC(C3)CC(C5)C4
dude_pygm__L003306,Cc1cc\2c(cc1Br)NC(=O)/C2=N\NC(=O)[C@H]3CC34CCC4
dude_pygm__L003307,C=CCN\1C(=O)/C(=C/c2cccc(c2)OCC(=O)[O-])/S/C1=N\c3ccc(cc3)C(=O)[O-]
dude_pygm__L003308,CC(C)(C)OC(=O)N1CCc2c(s/c(=N\C(=O)c3ccc(=O)[nH]c3)/[nH]2)C1
dude_pygm__L003309,CCN1CC=C2[C@H](C1)[C@H](C(C(=C2C#N)N)(C#N)C#N)c3ccc(cc3)C(=O)OC
dude_pygm__L003310,c1ccc(c(c1)[C@H]2C(=C(C(=O)N2c3ccc(cc3)CC(=O)[O-])[O-])C(=O)c4ccco4)OCC#N
dude_pygm__L003311,c1c(c(cc2c1OCO2)Br)/C=C/3\C(=O)NC(=S)N3
dude_pygm__L003312,CC[C@@H](C)c1ccc(cc1)S(=O)(=O)N2CCN(CC2)CC(=O)C(=C3Nc4ccccc4N3)C#N
dude_pygm__L003313,c1ccc(cc1)COc2ccc(cc2)[C@@H]3c4c(oc(n4)N)C5=C3C(=O)CCC5
dude_pygm__L003314,c1cc(ccc1CCNC(=O)CSc2ccc(cc2)Br)S(=O)(=O)N
dude_pygm__L003315,c1cc(ccc1S(=O)(=O)[N-]c2cc3c(cc2C(=O)[O-])OCCCO3)S(=O)(=O)N4CCCC4
dude_pygm__L003316,C/C(=C\c1ccccc1)/C=C\2/C(=O)N(C(=S)S2)[C@@H](CCC(=O)[O-])C(=O)[O-]
dude_pygm__L003317,CCO/C(=C/1\C(=O)/C(=C/c2ccc(o2)c3ccc(cc3)C(=O)[O-])/S\C1=N/c4ccc(cc4)C)/[O-]
dude_pygm__L003318,c1cc(ccc1c2c(n3ccc(nc3n2)N)c4ccncc4)F
dude_pygm__L003319,CC1=C([C@H](N2C(=CSC2=N1)C=C([O-])[O-])c3ccc(cc3)F)C(=O)N(C)C(C)C
dude_pygm__L003320,c1cc(ccc1CC(=O)[O-])[N-]S(=O)(=O)c2cc(sc2Br)Br
dude_pygm__L003321,CC1(Cc2c(sc(n2)[N-]S(=O)(=O)c3ccc(cc3)C(=O)N)C(=O)C1)C
dude_pygm__L003322,C1CC[C@H]([C@H](C1)NC(=O)CCC2CC[NH2+]CC2)O
dude_pygm__L003323,C1CC1c2[nH]nc(n2)C[NH3+]
dude_pygm__L003324,CC1=C(C(CCC1)(C)C)/C=C/C(=C/C=C(/C(=C/C(=O)[O-])/C)\C(=O)[O-])/C
dude_pygm__L003325,CCCCn1c(c(c(=O)[nH]c1=O)[C@H]2c3cc(cc(c3Oc4c2c(=O)n(c(n4)[O-])CCCC)OC)Cl)[O-]
dude_pygm__L003326,CN(c1ccccc1C(=O)[O-])C2=NC(=O)/C(=C/c3cccc(c3)OCC(=O)[O-])/S2
dude_pygm__L003327,c1ccc2c(c1)c(cc(c2O)SCCC(=O)[O-])[N-]S(=O)(=O)c3cc(ccc3Cl)[N+](=O)[O-]
dude_pygm__L003328,c1ccc(cc1)C2=C[C@@H](N=N2)[C@H]3NN[C@@H](N3c4ccc(c(c4)Cl)F)S
dude_pygm__L003329,CCOc1ccc2c(c1)cc(c(=O)[nH]2)CN(Cc3ccc(cc3)C)C(=O)Nc4ccc(cc4)OC
dude_pygm__L003330,c1ccc(cc1)N/C(=C(\C#N)/C(=C\2/CCN(C2=O)c3ccc(cc3)Cl)/[O-])/[O-]
dude_pygm__L003331,CCc1c(c(c(nc1c2ccccc2)C(C)C)CC[P@@](=O)(C[C@@H](CC(=O)[O-])O)[O-])c3ccc(cc3)F
dude_pygm__L003332,Cc1cc(c(c(c1)C)NC(=O)CNC(=O)N[C@@H](c2ccc3c(c2)OCCO3)C(C)C)C
dude_pygm__L003333,C1(=C([C@@]2(C(=C([C@]1(C2(Cl)Cl)Cl)Cl)Cl)Cl)C(=O)[O-])C(=O)[O-]
dude_pygm__L003334,CCn1c2ccc(cc2nc1CSC3=NC(=O)C4=C([C@@H](SC4=N3)C(=O)[O-])C)C(=O)[O-]
dude_pygm__L003335,c1ccc(cc1)C2=NN=C3[C@H]2[C@H](C(=C(O3)N)C#N)c4c(cccc4Cl)F
dude_pygm__L003336,CCCc1cc(c(s1)N2C(=O)[C@H]3[C@H]4CC[C@@H]([C@@H]3C2=O)C4=C(C)C)C(=O)N
dude_pygm__L003337,c1cc(ccc1c2ccc(o2)/C=C\3/C(=O)N(C(=S)S3)CC(=O)[O-])C(=O)[O-]
dude_pygm__L003338,CCOc1ccc(cc1)[C@H]2CC3=C([C@H](CC(=O)N3)c4ccc(cc4)O)C(=O)C2
dude_pygm__L003339,c1cnn(c1NC(=O)CN2C(=O)C3(CCCC3)NC2=O)CC4CCCCC4
dude_pygm__L003340,c1cc(cc(c1)[N+](=O)[O-])[C@H]2C(=C(C(=O)N2c3ccc(cc3)CC(=O)[O-])[O-])C(=O)c4ccc(cc4)F
dude_pygm__L003341,Cc1cccc(c1)S(=O)(=O)N[C@@H](CC2=c3ccccc3=[NH+]C2)C(=O)Nc4ccc(cc4)CC#N
dude_pygm__L003342,c1cc(c(c(c1)Cl)F)n2c(nnn2)c3ccc(c(c3)N)Br
dude_pygm__L003343,Cc1c2cc3c(cc2oc(=O)c1CC(=O)NC[C@H](C)O)OC4(CCCCC4)CC3
dude_pygm__L003344,Cc1cc(cc(c1C)[N+](=O)[O-])S(=O)(=O)Nc2cc(cc(c2)C(=O)[O-])C(=O)[O-]
dude_pygm__L003345,c1cc(ccc1[N-]S(=O)(=O)c2cc(oc2Br)C(=O)[O-])I
dude_pygm__L003346,CC1(C(=[N+]([C@@]\2(N1O)CCCC/C2=N\NC(=S)N)[O-])c3cccs3)C
dude_pygm__L003347,c1cc(ccc1C(=O)[O-])S(=O)(=O)NC2CCC(CC2)NS(=O)(=O)c3ccc(cc3)C(=O)[O-]
dude_pygm__L003348,CC[C@@H]1CCCN1S(=O)(=O)c2cc(cnc2N)Br
dude_pygm__L003349,C[C@H](C(=O)[O-])Oc1cccc(c1)/C=C/2\C(=O)N=C(S2)[N-]c3ccccc3Br
dude_pygm__L003350,C1CCC(C1)NC(=O)c2c3c(sc2NC(=O)[C@@H]4CC=CC[C@H]4C(=O)[O-])CCC3
dude_pygm__L003351,CS(=O)(=O)[N-]c1ccc(cc1Cl)[N-]S(=O)(=O)c2cccc(c2)Cl
dude_pygm__L003352,Cc1cccc(c1)[C@H]2C3=C(CN(C3=O)/C=C/c4ccc(cc4)OC)NC(=O)N2
dude_pygm__L003353,c1ccc(cc1)C2=CCN(CC2)S(=O)(=O)c3cc(cc(c3)C(=O)[O-])C(=O)[O-]
dude_pygm__L003354,CN(C)S(=O)(=O)c1ccc2c(c1)[C@H]3C=CC[C@H]3[C@H](N2)c4ccc(cc4)O
dude_pygm__L003355,Cc1ccc(cc1)[C@H](CC(=O)[O-])NS(=O)(=O)c2ccc(cc2)/C=C/C(=O)[O-]
dude_pygm__L003356,Cc1c(sc(n1)N)c2nc(no2)c3ccccc3Br
dude_pygm__L003357,c1cc(ccc1c2nc3cc4c(cc3n2CC(=S)N)OCO4)N
dude_pygm__L003358,CCn1c2ccc(cc2nc1CSc3nnc(n3CCC(=O)[O-])c4ccc(cc4)OCC)C(=O)[O-]
dude_pygm__L003359,c1c(cc(c(c1I)[O-])I)S(=O)(=O)[O-]
dude_pygm__L003360,c1cc(=O)n(nc1)C[C@H](C[NH3+])O
dude_pygm__L003361,c1ccc(cc1)[C@@H]2C(=c3ccccc3=[NH+]2)/C=N/NC(=O)c4ccccc4[N-]S(=O)(=O)c5cccs5
dude_pygm__L003362,CC1(Oc2ccc(cc2O1)NC(=O)C(=O)NC3CCC(CC3)c4ccccc4)C
dude_pygm__L003363,CCc1ccc(cc1)C(=O)CSc2nc(c(nn2)CCC(=O)[O-])[O-]
dude_pygm__L003364,CCc1ccc(cc1)N2C(=O)/C(=C/c3cc(ccc3OCC(=O)[O-])Br)/C(=NC2=O)[O-]
dude_pygm__L003365,Cc1ccc(cc1)CNC2=NS(=O)(=O)c3c(cc(cc3N2)C)C
dude_pygm__L003366,COc1ccc(cc1)[C@@H]2C(=C(C(=O)N2c3ccc(cc3)CC(=O)[O-])[O-])C(=O)c4ccc5c(c4)OCO5
dude_pygm__L003367,C[C@@H](C(=O)N1CCc2c(ccs2)C1)OC(=O)c3cc(ccc3N)[N+](=O)[O-]
dude_pygm__L003368,CC\1=NN(C(=O)/C1=C\c2ccc(cc2)N(C)C)c3cc(cc(c3)C(=O)[O-])C(=O)[O-]
dude_pygm__L003369,C[C@@H](c1ccc(cc1)S(=O)(=O)N)Nc2ccc(c(c2)F)Cl
dude_pygm__L003370,CCCCCCN/C(=C(\C#N)/C(=C\1/CCN(C1=O)c2ccc(cc2)F)/[O-])/[O-]
dude_pygm__L003371,C[C@@H](C(=O)NC1CCCC1)n2c3ccccc3c4c2c(=O)[nH]nc4
dude_pygm__L003372,Cc1c(cccc1Cl)n2c(c(nn2)c3nc(no3)c4ccccn4)N
dude_pygm__L003373,CCn1c(c(cn1)[C@@H]2[C@H]3CCCC=C3C(=C(C2(C#N)C#N)N)C#N)C
dude_pygm__L003374,Cc1c(c2ccccn2c1C(=O)c3ccc(cc3)F)/C=C/4\C(=O)NC(=S)N4
dude_pygm__L003375,C1C(=O)N(C(=O)N1)CC[NH3+]
dude_pygm__L003376,Cc1cc(cc(c1C)S(=O)(=O)N2CCc3c2ccc(c3)C(=O)[O-])C(=O)[O-]
dude_pygm__L003377,c1ccc(cc1)Cc2ccccc2NC(=O)CSc3nc(c(nn3)CCC(=O)[O-])[O-]
dude_pygm__L003378,c1ccc2c(c1)c(cc3c2oc(=O)s3)[N-]S(=O)(=O)c4cccc(c4)C(=O)[O-]
dude_pygm__L003379,Cc1ccc(c(c1)OC)Oc2ccc(cn2)[N-]S(=O)(=O)c3cc(ccc3OC)/C=C/C(=O)[O-]
dude_pygm__L003380,Cc1c(=O)c2cccc(c2oc1c3ccccc3)C(=O)NNC(=O)[C@H]4CCCO4
dude_pygm__L003381,c1ccc(cc1)[C@H]2c3c(nn(c3NC(=O)CS2)C4CCCC4)O
dude_pygm__L003382,[C@@H]1(N=[NH+]/C(=N\N)/N1N)S
dude_pygm__L003383,c1ccc(c(c1)C(=O)C2=C(C(=O)N([C@@H]2c3cccc(c3)[N+](=O)[O-])c4ccc(cc4)CC(=O)[O-])[O-])F
dude_pygm__L003384,c1c(csc1Br)CNC(=O)c2cc3c(cc2O)OCO3
dude_pygm__L003385,Cc1cc(nc(n1)N)N2CCC(CC2)c3nc4ccccc4s3
dude_pygm__L003386,c1ccc(cc1)c2cc(no2)Cn3nc(nn3)c4ccc(cc4)C(=O)N
dude_pygm__L003387,Cc1ccc(cc1NC(=O)[C@H](C)Sc2nnc(n2c3ccccc3)c4cccnc4)N
dude_pygm__L003388,COc1ccc(cc1)C(=O)C2=C(C(=O)N([C@@H]2c3ccc(cc3)[N+](=O)[O-])c4ccc(cc4)CC(=O)[O-])[O-]
dude_pygm__L003389,C[C@@H](CCc1ccccc1)NC(=O)[C@H](C(C)C)N2C(=O)[C@]3(c4c(c5ccccc5[nH]4)CCN3C2=O)C
dude_pygm__L003390,c1ccc(cc1)COc2ccc(cc2)[C@@H]3C4=C(N=N[C@@H]4NC5=C3C(=O)CCC5)O
dude_pygm__L003391,c1ccc(cc1)/C=C/C=C(/c2csc(n2)c3nc(cs3)/C(=C\C=C/c4ccccc4)/C(=O)[O-])\C(=O)[O-]
dude_pygm__L003392,COc1ccc(cc1)N2C(=O)/C(=C\c3ccc(cc3)OCC(=O)[O-])/C(=NC2=O)[O-]
dude_pygm__L003393,C[C@@H](C(=O)[O-])Oc1cc2c(c(c1)O[C@@H](C)C(=O)[O-])c3c(c(=O)o2)CCCC3
dude_pygm__L003394,CCc1ccccc1[N-]C2=NC(=O)/C(=C\c3ccc(c(c3)OC)OCCC(=O)[O-])/S2
dude_pygm__L003395,CCc1ccccc1[N-]C2=NC(=O)/C(=C\c3cccc(c3)OCCC(=O)[O-])/S2
dude_pygm__L003396,C[C@@H](c1nc(no1)c2ccccc2)Sc3nnc(n3N)c4ccco4
dude_pygm__L003397,c1cc(sc1)[C@@H](Nc2ccc(cc2)OC(F)F)P(=O)([O-])[O-]
dude_pygm__L003398,CN1c2ccccc2CC(C1=O)NC(=O)c3cc4cc(ccc4[nH]3)C(F)(F)F
dude_pygm__L003399,Cc1cc(sc1C(=O)[O-])S(=O)(=O)[N-]c2ccc(cc2)SC(F)F
dude_pygm__L003400,c1ccc(c(c1)[N-]S(=O)(=O)c2ccc(cc2)/C=C/C(=O)[O-])S(=O)(=O)N3CCCCC3
dude_pygm__L003401,CCN(CC)c1ccc(cc1[N-]S(=O)(=O)c2c(cc(cc2C)C)C)C(=O)[O-]
dude_pygm__L003402,CN(C)c1ccc(cc1)/C=C\2/C(=O)N(C(=S)S2)c3cc(cc(c3)C(=O)[O-])C(=O)[O-]
dude_pygm__L003403,Cc1ccc(cc1)S(=O)(=O)[N-]/N=C/c2cc(cc(c2[O-])OC)[N+](=O)[O-]
dude_pygm__L003404,c1c(scn1)[C@@H](C[NH3+])O
dude_pygm__L003405,C[C@H]1CCCCN1c2c(cc(c(c2Br)N)Cl)[N+](=O)[O-]
dude_pygm__L003406,c1cc(=O)[nH]cc1C(=O)Nc2c(c3c(s2)CCCC3)C(=O)N
dude_pygm__L003407,Cc1ccccc1n2c(c(cn2)[C@H](C)NC(=O)Cc3c4ccccc4[nH]n3)C
dude_pygm__L003408,c1cnc(nc1)N2CCN(CC2)Cc3nc(c4c5c(sc4n3)CCCC5)N
dude_pygm__L003409,c1cc(cc(c1)[N+](=O)[O-])[C@H]2[C@H]3C(=NN=C3OC(=C2C#N)N)c4cccs4
dude_pygm__L003410,c1cc(c(cc1C(=O)[O-])Br)S(=O)(=O)[N-]c2c(ccs2)C#N
dude_pygm__L003411,COc1cc(cc(c1)OC)Nc2c(c(=O)c2=O)c3ccc4c(c3)OCC(=O)N4
dude_pygm__L003412,COc1ccc(cc1)c2[nH]c(=S)c3c(n2)Oc4c(cccc4O)C3
dude_pygm__L003413,Cc1ccc(s1)S(=O)(=O)[N-]c2c(cc(cc2Br)Br)C(=O)[O-]
dude_pygm__L003414,Cc1c(sc(c1C(=O)OC)NC(=O)CSc2nc(c(c(n2)[O-])CCC(=O)[O-])C)C
dude_pygm__L003415,c1ccc(c(c1)[C@@H]2CC[C@]3(C2)C[C@@H](CN3O)c4ccccc4O)O
dude_pygm__L003416,CN(CCc1ccncc1)[C@H](C[NH3+])c2ccc(cc2)O
dude_pygm__L003417,Cc1cccc(c1C)[N-]C2=NC(=O)/C(=C\c3ccc(cc3)OCCC(=O)[O-])/S2
dude_pygm__L003418,Cc1cnc(c(c1OC)C)CNC(=O)c2ccc3c(c2)nc(=S)[nH]c3[O-]
dude_pygm__L003419,COc1cc2c(cc1OC)[C@H]([NH+](CC2)CC(=O)NCCc3c[nH]c4c3cccc4)c5cccs5
dude_pygm__L003420,Cc1c(sc2c1c(=O)n(cn2)CC(=O)Nc3c(c4c(s3)CCCC4)C(=O)N)C
dude_pygm__L003421,C[C@@H]1CCCC[C@@H]1N(c2nnc(s2)[S-])S(=O)(=O)c3ccc(c(c3)C(=O)[O-])Br
dude_pygm__L003422,C[C@H](CNC(=O)[C@H]1CN(CC12CC[NH2+]CC2)C(=O)c3ccc(o3)c4ccc(cc4)F)Oc5ccc(cc5)F
dude_pygm__L003423,CCOc1cc(ccc1O[C@H](C)C(=O)[O-])/C=C\2/C(=NC(=O)N(C2=O)c3ccc(cc3)C)[O-]
dude_pygm__L003424,c1cc(cc(c1)NC(=O)CSc2[nH]nc(n2)c3cc(ccc3[O-])Br)C(=O)[O-]
dude_pygm__L003425,c1cc(ccc1N)NS(=O)(=O)c2cc(sc2Cl)Cl
dude_pygm__L003426,C=CCn1c(nnc1SCC(=O)Nc2cc(cc(c2)C(=O)[O-])C(=O)[O-])c3cccc(c3)[N+](=O)[O-]
dude_pygm__L003427,C[C@@H](C(=O)Nc1ccc(cc1)C(=O)[O-])Sc2nc(cc(n2)[O-])c3ccccc3
dude_pygm__L003428,c1ccc2c(c1)nc(s2)N/N=C/c3ccc(o3)c4cc(cc(c4)C(=O)[O-])C(=O)[O-]
dude_pygm__L003429,COC(=O)c1c2c(sc1N)CN(CC2)C(=O)C3CCCCC3
dude_pygm__L003430,Cc1cc(c(n1c2cc(cc(c2)C(=O)[O-])C(=O)[O-])C)/C=C/3\C(=O)N(C(=O)S3)C
dude_pygm__L003431,Cc1ccc(cc1C)NC(=O)/C(=C\c2cc(n(c2C)c3cc(cc(c3)C(=O)[O-])C(=O)[O-])C)/C#N
dude_pygm__L003432,Cc1c(c(c(s1)C2=C3[C@H](N=C2c4ccc(cc4)Cl)N(C(=NC3=O)[O-])C)[O-])C(=O)OC
dude_pygm__L003433,C[NH+](C)[C@@H](CNC(=O)CCSCc1[nH]c(=O)c2c3c(sc2n1)CCC3)c4ccccc4OC
dude_pygm__L003434,CCOC(=O)C1=C(NC(=O)N[C@H]1c2ccc(cc2)F)CN3CCN([C@@H](C3)C)c4cccc(c4)C
dude_pygm__L003435,Cc1ccc(c(c1)[N-]C2=NC(=O)/C(=C\c3ccc(cc3)O[C@H](C)C(=O)[O-])/S2)O
dude_pygm__L003436,c1cc(oc1)c2c(c(sc2C(=O)[O-])C(=O)[O-])c3ccco3
dude_pygm__L003437,Cc1ccc2c(c1NC(=S)NC(=O)c3ccccc3[N+](=O)[O-])nsn2
dude_pygm__L003438,C[C@@H]1CC[C@@H](CN1S(=O)(=O)c2ccc(cc2F)N)C(=O)N
dude_pygm__L003439,c1cc(c(cc1[N+](=O)[O-])Cl)c2ccc(o2)/C=C/3\C(=O)N(C(=S)S3)[C@@H](CC(=O)[O-])C(=O)[O-]
dude_pygm__L003440,c1cc(c(cc1[N+](=O)[O-])Cl)c2ccc(o2)/C=C\3/C(=O)N(C(=S)S3)[C@@H](CCC(=O)[O-])C(=O)[O-]
dude_pygm__L003441,C[C@H](C(=O)Nc1ccc(cc1F)F)S[C@H]2NN=C(N2C3CC3)C4=c5ccccc5=[NH+]C4
dude_pygm__L003442,c1ccc(cc1)CS(=O)(=O)[N-]c2nnc(s2)SCC(=O)[O-]
dude_pygm__L003443,Cc1ccc(c(c1)C)N2C(=O)/C(=C/c3ccc(o3)c4cc(cc(c4)C(=O)[O-])C(=O)[O-])/SC2=S
dude_pygm__L003444,Cc1ccc(c(c1S(=O)(=O)N2C[C@H](OC(C2)(C)C)C)C)N
dude_pygm__L003445,C[C@@H]1C[C@@H]1c2ccc(o2)[C@@H](C[NH3+])N
dude_pygm__L003446,C([C@@H](CO)[NH3+])C(=O)N
dude_pygm__L003447,C[C@H](C(=O)[O-])Oc1ccc(cc1)/C=C\2/C(=O)N(/C(=N/c3ccccc3C(=O)[O-])/S2)C
dude_pygm__L003448,c1cc(ccc1C23CC4CC(C2)CC(C4)C3)S(=O)(=O)Nc5cc(cc(c5)C(=O)[O-])C(=O)[O-]
dude_pygm__L003449,CC(=O)N(C)c1ccc(cc1)NC(=O)Nc2ccc(cc2Cl)[N+](=O)[O-]
dude_pygm__L003450,CCCSc1[nH]c(=O)c2c(n1)NC3=C([C@H]2c4ccc(o4)C)C(=O)CCC3
dude_pygm__L003451,c1cc(cc(c1)OCC(=O)N)[N-]S(=O)(=O)c2ccc(s2)Br
dude_pygm__L003452,Cc1cc(c(n1c2cc(cc(c2)C(=O)[O-])C(=O)[O-])C)/C=N/c3ccc(cc3)C(=O)C
dude_pygm__L003453,c1cnc([nH]1)CN2CN[C@@H]3[C@@H](C2=O)C4=C(S3)CCCCCC4
dude_pygm__L003454,Cc1cc(nc(n1)NNC(=O)c2c(c3c(nc(nc3s2)C(C)(C)C)C)C)C
dude_pygm__L003455,Cc1cccc2c1[nH]cc2C[C@@H](C)NC(=O)c3cc(on3)c4cnn(c4)C
dude_pygm__L003456,C1N[NH+]=C(N1N)N
dude_pygm__L003457,CN(Cc1ccccc1O)C(=O)Nc2ccc(cc2)c3nnc4n3CCCC4
dude_pygm__L003458,Cc1c(c2cc(ccc2n1C)OC)/C=C\3/C(=O)N(C(=S)S3)[C@H](CCC(=O)[O-])C(=O)[O-]
dude_pygm__L003459,COCc1c(c2nnc3c(n2n1)ccn(c3=O)C(=S)N)c4ccccc4
dude_pygm__L003460,c1ccc(c(c1)n2c(nnn2)c3cc(c(cc3F)F)N)Br
dude_pygm__L003461,CS(=O)(=O)[N-]c1ccc(cc1Cl)[N-]S(=O)(=O)c2cccc(c2)n3cnnn3
dude_pygm__L003462,CC1=C([C@@]2(c3ccccc3OC(=C2C#N)N)C(=O)N1)C(=O)OC(C)(C)C
dude_pygm__L003463,CC1=NC2=NC(=[NH+][C@@H](N2C(=C1)[O-])c3ccc(cc3)Cl)NC[C@@H]4CCCO4
dude_pygm__L003464,c1c(cc(cc1C(=O)[O-])Nc2c3c4c(sc3ncn2)CCCC4)C(=O)[O-]
dude_pygm__L003465,c1cc(c(cc1[N+](=O)[O-])S(=O)(=O)N[C@H]2CCCC[C@H]2O)N
dude_pygm__L003466,c1cc(cc(c1)[N+](=O)[O-])/C=C/C2=N/C(=C\Nc3cccc(c3)O)/C(=O)O2
dude_pygm__L003467,Cc1ccc(c(c1N)C)NS(=O)(=O)c2cccc(c2C)Cl
dude_pygm__L003468,CCOC(=O)c1c(c(sc1NC(=O)CSc2[nH]c(=O)c3c4c(sc3n2)CCCC4)C)C
dude_pygm__L003469,c1ccc2c(c1)c(nc(n2)Cn3cccc(c3=O)C(F)(F)F)N
dude_pygm__L003470,Cn1cc(cn1)CNC(=O)c2cc(cnc2NN)Br
dude_pygm__L003471,C[C@@H]1CCCCN1C(=O)[C@H](C)NC(=O)Nc2nnc(s2)c3ccsc3
dude_pygm__L003472,C[C@H](C(=O)[O-])Oc1cccc(c1)/C=C\2/C(=O)N(/C(=N\c3ccc(cc3C(=O)[O-])O)/S2)C
dude_pygm__L003473,C=CCn1c(=O)c2c3c(sc2nc1SCC(=O)Nc4cc(ccc4C(=O)[O-])C(=O)[O-])CCCC3
dude_pygm__L003474,C[C@@H]1C(=c2cc(ccc2=[NH+]1)OC)CCNC(=O)[C@H]3C=C4N=C(C=C(N4N3)C(F)(F)Cl)c5cccs5
dude_pygm__L003475,Cc1ccc(cc1C)[N-]C2=NC(=O)/C(=C\c3cccc(c3)O[C@H](C)C(=O)[O-])/S2
dude_pygm__L003476,CC1CCC(CC1)[NH+](C)C[C@](C)(C(=O)N)NC2CC2
dude_pygm__L003477,c1cc(c(cc1/C=C/C(=O)[O-])[N+](=O)[O-])Sc2nc3cc(ccc3c(=O)n2CCC(=O)[O-])Cl
dude_pygm__L003478,CC(C)(C)c1ncc(cn1)[N-]S(=O)(=O)c2ccc(cc2)CCC(=O)[O-]
dude_pygm__L003479,Cc1ccc(cc1[N-]C2=NC(=O)/C(=C\c3ccc(o3)c4cccc(c4)[N+](=O)[O-])/S2)C(=O)[O-]
dude_pygm__L003480,C[C@@H]1C[C@@H](CN(C1)C(=O)CSc2nc(c3ccsc3n2)N)C
dude_pygm__L003481,C[C@H](C(=O)[O-])Oc1ccc(cc1)/C=C/2\C(=O)N=C(S2)[N-]c3ccc(c(c3)C(F)(F)F)Cl
dude_pygm__L003482,COc1ccc(cc1[N+](=O)[O-])S(=O)(=O)Nc2cccc(c2)n3c(c(n(c3=O)C4CC4)[O-])[O-]
dude_pygm__L003483,CCOC(=O)C1=C(OC(=C([C@@H]1c2cc3c(cc2Br)OCO3)C#N)N)C
dude_pygm__L003484,Cc1c(sc(n1)[S-])CC(=O)NNC(=O)c2c(cn(n2)c3ccccc3)[O-]
dude_pygm__L003485,C[C@@H](C(=O)[O-])Oc1ccc(cc1)/C=C\2/C(=O)N=C(S2)[N-]c3ccc(c(c3)Cl)Br
dude_pygm__L003486,Cc1cc(nc2c1c3c(s2)[C@H](C(=C(O3)N)C#N)c4cccnc4)C
dude_pygm__L003487,CCOc1ccc(cc1)C2=NN=C3[C@H]2[C@H](C(=C(O3)N)C#N)c4ccc(cc4)F
dude_pygm__L003488,Cc1cc(cc(c1)NS(=O)(=O)c2ccc3c(c2)NC(=O)C[C@@H](S3)C)C
dude_pygm__L003489,C[C@@H]1CCCC[C@@H]1Cn2c(nnn2)c3cc(ccc3Br)N
dude_pygm__L003490,C[C@H](C(=O)[O-])S(=O)(=O)[N-]c1c(cc(cc1Br)F)F
dude_pygm__L003491,c1cc(cc(c1)[N+](=O)[O-])[C@@H]2C(=C(C(=O)N2CCCCCC(=O)[O-])[O-])C(=O)c3ccc(cc3)Br
dude_pygm__L003492,c1ccc(cc1)/N=N/c2ccc(cc2)[N-]S(=O)(=O)c3ccc4c(c3)oc(n4)[O-]
dude_pygm__L003493,c1ccc(cc1)C2(CCC2)C(=O)OCC(=O)Nc3c(c4c(s3)CCCC4)C(=O)N
dude_pygm__L003494,C[C@@H]1CCC[C@H](C1)NS(=O)(=O)c2cc(cc(c2F)Cl)N
dude_pygm__L003495,Cc1ccc2c(c1NC(=O)c3cc4c([nH]c3=O)CCC4)ccc(n2)C
dude_pygm__L003496,C[C@@]12CCC(=O)C=C1[C@H](C[C@@H]3[C@@H]2[C@@H](C[C@@]4([C@@H]3CC[C@@]4(C(=O)CO)O)C)O)O
dude_pygm__L003497,Cc1ccc(cc1)S(=O)(=O)Nc2ccc3c(c2)C4(CCCCC4)C(=O)N3
dude_pygm__L003498,c1cc2c(cc1C(=O)[O-])C(=O)N(C2=O)c3ccc(c(c3)[N+](=O)[O-])C(=O)[O-]
dude_pygm__L003499,Cc1ccc(cc1)n2c(nnn2)SCC(=O)Nc3cc(ccc3O)Cl
dude_pygm__L003500,COc1ccc(cc1OC)[C@@H]2[C@@H]3CC=C[C@@H]3c4c(ccc(c4N2)O)[N+](=O)[O-]
dude_pygm__L003501,c1ccc(cc1)N2C(=O)/C(=C/c3cccc(c3)OCc4cccc(c4)C(=O)[O-])/C(=NC2=S)[O-]
dude_pygm__L003502,Cc1cccc(c1Cl)NC(=S)/N=C(\NCc2cccnc2)/Nc3nc(cc(n3)C)C
dude_pygm__L003503,CCCC[C@H](C(=O)[O-])Sc1nnc(s1)/N=C(/[C@H]2CC(=O)N(C2)c3cccc(c3)OC)\[O-]
dude_pygm__L003504,c1ccc(cc1)[C@H]2NN[C@@H](O2)C3=NC=C(C3)S(=O)(=O)[N-]c4ccccc4
dude_pygm__L003505,COCCCN/C(=C(\C#N)/C(=C\1/CCN(C1=O)c2ccc(c(c2)F)F)/[O-])/[O-]
dude_pygm__L003506,CCCOc1ccc(cc1OCC)[C@@H]2C(=C(C(=O)N2c3cccc(c3)C(=O)[O-])[O-])C(=O)C4CC4
dude_pygm__L003507,c1cnc(nc1)[N-]S(=O)(=O)c2ccc(cc2)NC(=O)[C@@H]3CCCC[C@H]3C(=O)[O-]
dude_pygm__L003508,Cc1ccc(cc1Cl)NC(=O)CSc2nnc(n2C)c3ccc(cc3)N
dude_pygm__L003509,c1ccc(cc1)c2ccc(cc2)C(=O)CSc3nc(c(nn3)CCC(=O)[O-])[O-]
dude_pygm__L003510,c1ccc(c(c1)C(=O)C2=C(C(=O)N([C@H]2c3ccc(cc3)[N+](=O)[O-])c4cccc(c4)C(=O)[O-])[O-])F
dude_pygm__L003511,c1cc(ncc1Br)[N-]S(=O)(=O)N2CCC(CC2)C(=O)[O-]
dude_pygm__L003512,C[C@@H]1CC(=O)[C@@]2(C3=C([C@@H](c4c(cccc4O)C3=O)O)[C@@H]([C@@H]([C@@]2(C1)O)O)O)O
dude_pygm__L003513,Cc1c(c(sn1)[N-]S(=O)(=O)N(C)C2CCCCC2)C(=O)[O-]
dude_pygm__L003514,CCOC(=O)C1=C(NC(=O)N[C@@H]1c2c(nc3c(cccn3c2=O)C)Cl)C
dude_pygm__L003515,CC[C@H](C(=O)[O-])Oc1ccc(cc1OCC)/C=C/2\C(=O)N=C(S2)[N-]c3cccc(c3)C
dude_pygm__L003516,c1cc(ccc1/C=C/C(=O)Nc2cc(cc(c2)C(=O)[O-])C(=O)[O-])[N+](=O)[O-]
dude_pygm__L003517,c1cc(c(cc1N2CCOC2=O)[N-]S(=O)(=O)c3ccc(c(c3)C(=O)[O-])F)F
dude_pygm__L003518,C[C@H](C(=O)[O-])Oc1cccc(c1)/C=C/2\C(=O)N=C(S2)[N-]c3ccc(cc3)Br
dude_pygm__L003519,CN1C/C(=C\c2ccc(c(c2)[N+](=O)[O-])[O-])/C(=O)/C(=C\c3ccc(c(c3)[N+](=O)[O-])[O-])/C1
dude_pygm__L003520,CC[C@@H](C(=O)[O-])Oc1cccc(c1)/C=C/2\C(=O)N=C(S2)[N-]c3ccc(c(c3)C)C
dude_pygm__L003521,C[C@@H](C(=O)[O-])Oc1ccc(cc1)/C=C\2/C(=O)N(/C(=N\c3ccc(c(c3)O)C(=O)[O-])/S2)CC=C
dude_pygm__L003522,c1cc(c(cc1Br)Br)[N-]S(=O)(=O)N2CCC(CC2)C(=O)[O-]
dude_pygm__L003523,c1ccc2c(c1)/C(=C\3/C(=O)N=C(S3)[N-]c4ccccc4C(F)(F)F)/C(=O)N2CC(=O)[O-]
dude_pygm__L003524,[H]/N=C/1\[C@H]([C@H](C(=C(S1)N)C#N)c2ccc(c(c2)[N+](=O)[O-])Cl)C#N
dude_pygm__L003525,c1cc(ccc1/C=N/Nc2ccc(cc2)C(=O)N/N=C/c3ccc(cc3)C(=O)[O-])C(=O)[O-]
dude_pygm__L003526,CCOC(=O)c1c2c(sc1NC(=O)CSc3nc(c(c(n3)[O-])CCC(=O)[O-])C)C[C@H](CC2)C
dude_pygm__L003527,CC(=O)Nc1ccc2c(c1)[C@@H]3C=CC[C@@H]3[C@@H](N2)c4c[nH]c5c4cccc5
dude_pygm__L003528,c1cc(ccc1NC(=O)[C@@H]2[C@@H]3CC[C@@H](C3)[C@@H]2C(=O)[O-])S(=O)(=O)[N-]c4cc(cc(c4)Cl)Cl
dude_pygm__L003529,CC[C@H](C(=O)[O-])Oc1ccccc1/C=C/2\C(=O)N=C(S2)[N-]c3ccc(cc3C)C
dude_pygm__L003530,c1cc(c(cc1S(=O)(=O)N2CCCCCC2)NC(=O)COC(=O)C3(CCCCC3)O)Cl
dude_pygm__L003531,Cc1cccc(c1)c2nnc(n2CCC(=O)[O-])SCc3[nH]c(=O)c4ccc(cc4n3)C(=O)[O-]
dude_pygm__L003532,CCCCOC(=O)c1nc([n-]n1)/N=C(/C(C(C(F)(F)F)(F)F)(F)F)\[O-]
dude_pygm__L003533,c1ccc(cc1)CN(Cc2ccccc2)C(=O)COc3ccccc3P(=O)([O-])[O-]
dude_pygm__L003534,C=CCOc1cccc(c1)[C@H]2C(=C(C(=O)N2c3cccc(c3)C(=O)[O-])[O-])C(=O)c4ccc5c(c4)OCO5
dude_pygm__L003535,Cc1c2c(on1)NC3=C([C@@H]2c4cccs4)C(=O)C[C@@H](C3)c5ccc(cc5)O
dude_pygm__L003536,Cc1ccccc1N2C(=O)/C(=C/c3cn(c4c3cccc4)CC(=O)[O-])/C(=NC2=S)[O-]
dude_pygm__L003537,c1cc(cc(c1)N2[C@H](C(=C(C2=O)[O-])C(=O)c3ccco3)c4ccc(cc4F)Br)C(=O)[O-]
dude_pygm__L003538,Cc1c(c(nc(n1)SCC(=O)Nc2c(c3c(s2)CCCC3)C(=O)OC(C)C)[O-])CCC(=O)[O-]
dude_pygm__L003539,Cc1ccc(cc1)[C@@H]2C(=C(C(=O)N2c3cccc(c3)C(=O)[O-])[O-])C(=O)c4ccc5c(c4)OCO5
dude_pygm__L003540,Cc1ccc(cc1)[C@@H]2c3c(nn(c3NC(=O)CS2)C(C)C)O
dude_pygm__L003541,c1cc(c(cc1C(=C(Cl)Cl)c2ccc(c(c2)[N+](=O)[O-])[O-])[N+](=O)[O-])[O-]
dude_pygm__L003542,C1=C([NH+]=N[C@@H]1O)N
dude_pygm__L003543,CC(C)(C)OC(=O)N/N=C/c1c[nH]nc1c2ccc3c(c2)OCCO3
dude_pygm__L003544,c1cc(c(cc1Cl)Cl)c2ccc(o2)/C=C\3/C(=O)N(C(=S)S3)[C@@H](CCC(=O)[O-])C(=O)[O-]
dude_pygm__L003545,Cc1c(sc2c1c(=O)[nH]c(n2)[C@@H](C)Sc3[nH]c4ccccc4n3)C
dude_pygm__L003546,CCn1c(cc(c(c1=O)[C@@H](c2ccc3c(c2)OCO3)c4c(n(c(=O)cc4[O-])CC)C)[O-])C
dude_pygm__L003547,Cc1ccc(cc1)n2c3c(c(n2)C)[C@H](C(=C(O3)N)C#N)c4ccsc4
dude_pygm__L003548,Cc1c2c(c3c4c(c(ncn4)NC[C@@H](C)O)sc3n1)CC(OC2)(C)C
dude_pygm__L003549,Cc1cc(c(c(c1)C)S(=O)(=O)[N-]c2cc(c([nH+]c2)N3CCC[C@@H](C3)C[NH+]4CCCC4)C(=O)[O-])C
dude_pygm__L003550,Cc1c(c(=O)c2c([nH]1)[nH]n(c2=O)c3ccccc3)Cc4ccc(cc4)[N+](=O)[O-]
dude_pygm__L003551,CCO/C(=C/1\C(=O)/C(=C/c2ccc(cc2)OCC(=O)[O-])/S\C1=N/c3ccc(cc3)Br)/[O-]
dude_pygm__L003552,Cc1cc(ccc1[N-]C2=NC(=O)/C(=C\c3ccc(cc3)O[C@@H](C)C(=O)[O-])/S2)O
dude_pygm__L003553,c1ccc(cc1)S(=O)(=O)Nc2ccc(cc2C3=C(CCCC3=O)[O-])[N-]S(=O)(=O)c4ccccc4
dude_pygm__L003554,CC1(COc2ccc(cc2C(=O)N1)NS(=O)(=O)CBr)C
dude_pygm__L003555,C[C@@H](c1ccc(cc1)F)NC(=O)[C@H](C)Sc2nnc(n2N)c3ccc(cc3)OC
dude_pygm__L003556,c1ccc2c(c1)C(=C(C2=O)C(c3cccc(c3)[N+](=O)[O-])C4=C(c5ccccc5C4=O)[O-])[O-]
dude_pygm__L003557,c1ccc(c(c1)c2nc(on2)c3c(n(nn3)c4ccc(cc4F)F)N)F
dude_pygm__L003558,c1cc(ccc1[C@@H](CC(=O)[O-])[N-]S(=O)(=O)c2ccc(cc2[N+](=O)[O-])[N+](=O)[O-])Cl
dude_pygm__L003559,c1cc(ccc1[C@@H]2CC(=O)Nc3c2n(cc3C(=O)[O-])c4ccc(cc4)F)C(=O)[O-]
dude_pygm__L003560,c1cc(c(cc1Cl)Cl)n2c(cc(n2)C(F)F)S(=O)(=O)N
dude_pygm__L003561,c1ccc(cc1)c2ccc(cc2)C[NH+]3CCNC(=O)[C@@H]3CC(=O)NCC4CCOCC4
dude_pygm__L003562,C[C@@H]1C=C([C@H](N1c2[nH]ncn2)C)c3csc(n3)Nc4cccc(c4)OC
dude_pygm__L003563,c1cc(ncc1Br)C(=O)c2cc3c(cc2Br)[nH]c(=O)[nH]3
dude_pygm__L003564,CCC[C@H](c1nc([nH]n1)N)[NH3+]
dude_pygm__L003565,Cc1ccc(cc1NC(=O)CSc2nc3cc(ccc3c(=O)n2CC(C)C)C(=O)[O-])C(=O)[O-]
dude_pygm__L003566,CN\1C(=O)/C(=C/c2cc(ccc2OCC(=O)[O-])Br)/S/C1=N\c3ccc(cc3)C(=O)[O-]
dude_pygm__L003567,c1ccc(cc1)C2=C[C@H](N=N2)[C@@H]3NN[C@@H]4N3N=C(S4)/C=C/c5cccc(c5)Cl
dude_pygm__L003568,c1ccc(cc1)N2C(=O)/C(=C/c3ccc(c(c3)Br)OCC(=O)[O-])/C(=O)N=C2[O-]
dude_pygm__L003569,CCCC1=C2[C@@H](C(=C(O[C@@H]2N=N1)N)C#N)c3ccccc3Br
dude_pygm__L003570,c1cc(ccc1c2nnc3n2CCCC3)NC(=O)N4CCc5ccc(cc5C4)O
dude_pygm__L003571,C/C(=N/NC(=O)[C@@H]1C=C(N=N1)c2ccc(cc2)Br)/c3ccccc3O
dude_pygm__L003572,CCOc1ccc(cc1)CCNC(=O)[C@@H]2CN(CC23CC[NH2+]CC3)C(=O)c4ccccc4OCC
dude_pygm__L003573,Cn1c2ccccc2nc1SCC(=O)N/N=C/c3cc(ccc3O)Br
dude_pygm__L003574,Cc1nnc(n1N)S[C@H](C)C(=O)NC(=O)NC2CCCCC2
dude_pygm__L003575,c1ccc(c(c1)NC(=O)c2cc(ccn2)C#N)Oc3ccc(c(c3)C(=O)O)C(=O)O
dude_pygm__L003576,Cc1c2ccc3ccccc3c2oc1C(=O)NNC(=O)[C@H](C)Oc4ccc(cc4)F
dude_pygm__L003577,Cc1cc(c(n1c2ccccc2C(=O)[O-])C)/C=C\3/C(=NC(=S)N(C3=O)c4ccc(cc4)F)[O-]
dude_pygm__L003578,CC1=C2[C@H](C(=C(O[C@@H]2N=N1)N)C#N)c3c4ccccc4cc5c3cccc5
dude_pygm__L003579,c1ccc2cc(ccc2c1)[C@H]3C(=C(C(=O)N3c4cccc(c4)C(=O)[O-])[O-])C(=O)c5cccs5
dude_pygm__L003580,CC[C@H](C(=O)[O-])N1C(=O)/C(=C/c2cccc(c2)O[C@H](CC)C(=O)[O-])/SC1=S
dude_pygm__L003581,CC(=O)Nc1ccc(cc1)[N-]C2=NC(=O)/C(=C\c3ccccc3OCC(=O)[O-])/S2
dude_pygm__L003582,Cc1cccc(c1)N2CCN(C[C@@H]2C)c3ccc(cc3C(=O)[O-])[N-]S(=O)(=O)C
dude_pygm__L003583,c1cscc1c2nc(on2)CCC(=O)Nc3cc(c(c(c3)Cl)N)Cl
dude_pygm__L003584,Cc1cc(c(c(=O)n1C)[C@H](c2ccc(c(c2)OC)O)c3c(n(c(=O)cc3[O-])C)C)[O-]
dude_pygm__L003585,CC[C@@H](C(=O)[O-])Oc1ccc(cc1OCC)/C=C/2\C(=O)N=C(S2)[N-]c3cccc(c3Cl)Cl
dude_pygm__L003586,CCc1ccc(cc1)[N-]C2=NC(=O)/C(=C\c3cccc(c3)OCCC(=O)[O-])/S2
dude_pygm__L003587,c1ccc2c(c1)C(=O)O[C@]2(c3ccc(cc3)O)c4ccc(cc4)OP(=O)([O-])[O-]
dude_pygm__L003588,c1ccc(c(c1)/C=C/2\C(=NC(=S)N(C2=O)c3ccc(cc3)F)[O-])OCC(=O)[O-]
dude_pygm__L003589,Cc1c(c(=O)[nH]c(=O)[nH]1)Cc2nnc(o2)SCC(=O)NC(=O)N
dude_pygm__L003590,Cc1c(oc(n1)c2cccc(c2)NC(=O)N[C@H](C)c3c(nn(c3C)C)C)C
dude_pygm__L003591,Cc1c2c(nc(n1)NC(C)C)n(c(=O)c(n2)c3cc4cc[nH]c4nc3)C(C)C
dude_pygm__L003592,c1cc(ccc1N2CCN(CC2)C(=O)Nc3ccc4c(c3)nc(o4)C5CC5)O
dude_pygm__L003593,Cc1c2c(on1)NC3=C([C@@H]2c4cccs4)C(=O)C[C@H](C3)c5ccccc5O
dude_pygm__L003594,CCOc1ccc(cc1)N2C(=O)/C(=C\c3ccc(c(c3)Cl)OCC(=O)[O-])/C(=NC2=S)[O-]
dude_pygm__L003595,c1cc(ccc1[N+](=O)[O-])S[C@@H]2C[C@@H]([C@@H](C[C@@H]2Cl)C(=O)[O-])C(=O)[O-]
dude_pygm__L003596,CCOC(=O)N1CCc2c(sc3c2C(=N[C@@H](N3)c4ccc(cc4)OC)O)C1
dude_pygm__L003597,Cc1ccc(o1)[C@H]2C3=C(CC(CC3=O)(C)C)OC(=C2C(=O)N)N
dude_pygm__L003598,c1cc(sc1)c2nnc(n2CC(=O)[O-])Sc3ccc(cc3[N+](=O)[O-])/C=C/C(=O)[O-]
dude_pygm__L003599,c1ccc(cc1)CCC(=O)Nc2ccc(cc2)N3CCC(CC3)[NH2+]Cc4cn5ccccc5n4
dude_pygm__L003600,CN(Cc1ccc2c(c1)OCO2)C(=O)Nc3ccc(cc3)NC(=O)OC
dude_pygm__L003601,c1cc(c(cc1C23C[C@H]4C[C@@H](C2)CC(C4)(C3)CC(=O)[O-])[N+](=O)[O-])C56C[C@H]7C[C@@H](C5)CC(C7)(C6)CC(=O)[O-]
dude_pygm__L003602,c1ccc(cc1)/C=C\2/C3=N[C@H](C(=O)N3C=C([N-]2)c4ccc(cc4)O)Cc5ccc(cc5)OCCCC(=O)[O-]
dude_pygm__L003603,c1cc(c(cc1Br)[N-]S(=O)(=O)CCCC(=O)[O-])Br
dude_pygm__L003604,CC1=C2[C@H](c3c([nH]c(=O)[nH]c3=O)N[C@@H]2N=N1)c4ccc(c(c4)Cl)O
dude_pygm__L003605,CCN1C(=C(C(C(=C1C(=O)O)C(=O)O)c2ccccc2Cl)C(=O)NCC(C)C)C
dude_pygm__L003606,CCCSc1[nH]c(=O)c2c(n1)NC(=O)C[C@H]2c3c(cccc3Cl)F
dude_pygm__L003607,Cc1cccc2c1nc(s2)NC(=O)CSc3nnc(n3C)CC(=O)Nc4ccccc4Cl
dude_pygm__L003608,Cc1cc(no1)NC(=O)CCC(=O)N(c2ccc(cc2)F)C3(CCCC3)C(=O)NC4CCCCC4
dude_pygm__L003609,CCOc1cccc(c1)/N=C/c2cc(n(c2C)c3cc(cc(c3)C(=O)[O-])C(=O)[O-])C
dude_pygm__L003610,CCS(=O)(=O)[N-]c1ccc(cc1OC)[N-]S(=O)(=O)C2CCCCC2
dude_pygm__L003611,CCOc1ccc(cc1OC)[C@H]2c3c(n[nH]c3C(=O)N2Cc4cccnc4)c5c(cc(cc5O)C)C
dude_pygm__L003612,c1cc2c(cc1NC(=S)NC(=O)C34CC5CC(C3)CC(C5)C4)OCCO2
dude_pygm__L003613,CC(C)N1[C@@H](c2c([nH]nc2C1=O)c3ccc(cc3)Cl)c4c[nH]c5c4cc(cc5)OC
dude_pygm__L003614,Cc1ccc(c(c1)C)n2c(nnn2)SCC(=O)Nc3cc(cc(c3)C(=O)[O-])C(=O)[O-]
dude_pygm__L003615,CC(C)Cn1c(=O)c2ccc(cc2nc1SCC(=O)N3CCC(CC3)C(=O)[O-])C(=O)[O-]
dude_pygm__L003616,c1cc2c(cc1/C=C\3/C(=O)N=C(S3)[N-]c4ccc(cc4C(=O)[O-])O)OCO2
dude_pygm__L003617,CCOc1cc(ccc1O[C@@H](C)C(=O)[O-])/C=C\2/C(=O)N=C(S2)[N-]c3ccc(cc3)Cl
dude_pygm__L003618,c1cc(c(cc1Br)[N-]S(=O)(=O)c2ccsc2C(=O)[O-])Br
dude_pygm__L003619,Cc1ccc(cc1)S(=O)(=O)c2csc3c2NC(=O)C[C@H]3c4ccc(cc4)O
dude_pygm__L003620,C[C@@H]1CNc2cc(ccc2O1)S(=O)(=O)NC3CCCCC3
dude_pygm__L003621,c1cc(cc(c1)N2[C@@H](C(=C(C2=O)[O-])C(=O)c3cccs3)c4ccc(cc4)Br)C(=O)[O-]
dude_pygm__L003622,Cc1cc(c(o1)C)C(=O)NNC(=O)[C@@H]2CCCN(C2)c3nc4ccccc4s3
dude_pygm__L003623,c1cc(c(cc1N)CNS(=O)(=O)c2cc(cnc2)Br)O
dude_pygm__L003624,c1cc(ccc1/C=C/c2ccnc(n2)NS(=O)(=O)c3ccc(cc3)N)F
dude_pygm__L003625,c1ccc(c(c1)[C@@H]2C(=C(C(=O)N2c3nc4ccc(cc4s3)C(=O)[O-])[O-])C(=O)C5CC5)F
dude_pygm__L003626,CC[NH+]1CC[C@@H](C1)CNC(=O)C(C)(C)C(=S)N
dude_pygm__L003627,CC(=O)c1ccc(cc1)NC(=O)/C(=C/C(=O)c2ccccc2/N=C/3\C=C(C(=O)c4c3cccc4)[O-])/[O-]
dude_pygm__L003628,Cc1c(cnn1C)[C@H](C)NC(=O)Nc2cccc(c2)C3SCCCS3
dude_pygm__L003629,Cc1nc(cs1)[C@H](C)Nc2c(nc3c(n2)non3)NC4CCCC4
dude_pygm__L003630,COc1cc(cc(c1OCC(=O)[O-])CC=C)/C=C/2\C(=NC(=O)N(C2=O)c3cccc(c3)Br)[O-]
dude_pygm__L003631,c1cc(cc(c1)N2[C@H](C(=C(C2=O)[O-])C(=O)c3ccc(cc3)F)c4ccc(cc4)[N+](=O)[O-])C(=O)[O-]
dude_pygm__L003632,Cc1ccc(c(c1)C)[N-]C2=NC(=O)/C(=C\c3ccc(cc3)OCCC(=O)[O-])/S2
dude_pygm__L003633,c1ccc(cc1)N2C(=O)/C(=C\c3ccc(o3)c4cc(cc(c4)C(=O)[O-])C(=O)[O-])/C(=O)NC2=O
dude_pygm__L003634,CCc1c2c([nH]n1)OC(=C([C@@H]2c3ccc(cc3OC)OC)C#N)N
dude_pygm__L003635,COc1cc(cc(c1)OC)CCNC(=O)[C@@H]2CN(CC23CC[NH2+]CC3)C(=O)c4ccc(c(c4)Cl)Cl
dude_pygm__L003636,c1cc(ccc1c2ccc(nc2)N)OC[C@@](Cn3cncn3)(c4ccc(cc4F)F)O
dude_pygm__L003637,CCCSc1[nH]c(=O)c2c(n1)NC3=C([C@@H]2c4ccc(cc4)C#N)C(=O)CC(C3)(C)C
dude_pygm__L003638,Cc1ccccc1S(=O)(=O)[N-]c2cc(ccc2N(C)CCCc3c(nn(c3C)C)C)C(=O)[O-]
dude_pygm__L003639,Cc1cc(cc(c1)NS(=O)(=O)c2cc(c(c(c2)Cl)C)N)C
dude_pygm__L003640,CN\1C(=O)/C(=C/c2cccc(c2)OCCC(=O)[O-])/S/C1=N\c3ccc(c(c3)O)C(=O)[O-]
dude_pygm__L003641,Cc1cc(c2c(c1)cc(c(n2)Cl)[C@H]3C(=C(OC(=C3C(=O)OCC=C)C)N)C#N)C
dude_pygm__L003642,c1cc(sc1)C2=NN=C3[C@@H]2[C@H](C(=C(O3)N)C#N)c4ccc(cc4)F
dude_pygm__L003643,CCOC(=O)c1c2c(sc1N/C=C/3\C(=NC(=NC3=O)[S-])[O-])CCCC2
dude_pygm__L003644,CC[C@H](C)[C@H](C(=O)Nc1nnc(s1)c2ccccc2)NS(=O)(=O)c3ccc(cc3)Cl
dude_pygm__L003645,Cc1ccc(cc1)SCC2=NN=C3[C@H]2[C@H](C(=C(O3)N)C#N)c4ccc(cc4)OC
dude_pygm__L003646,Cc1ccc(cc1[N-]C2=NC(=O)/C(=C/c3ccc(c(c3)O)O)/S2)C(=O)[O-]
dude_pygm__L003647,Cc1c(c(c(nc1c2ccccc2)C(C)C)CO[P@](=O)(C[C@@H](CC(=O)[O-])O)[O-])c3ccc(cc3)F
dude_pygm__L003648,C1C2(C[NH2+]1)C(=O)NCN2
dude_pygm__L003649,c1cc(ccc1Cc2ccc(cc2)NC(=O)/C=C/C(=O)[O-])NC(=O)/C=C/C(=O)[O-]
dude_pygm__L003650,Cc1ccc(s1)[C@H]2C(=C(C(=O)N2c3ccc(cc3)CC(=O)[O-])[O-])C(=O)c4ccccc4F
dude_pygm__L003651,c1cc(ccc1N2[C@@H](NN=C2SCC(=O)N)Cc3cc(=O)[nH]c(=O)[nH]3)F
dude_pygm__L003652,c1c2c(cc(c1C(=O)CSc3nc(c(nn3)CCC(=O)[O-])[O-])Cl)NC(=O)C2
dude_pygm__L003653,C[C@H]1CCC[C@@H](N1C(=O)CO/N=C(\C2=C(C3(CCCC3)N(C2=O)C)N)/N)C
dude_pygm__L003654,CC(C)[C@@H](c1ccc2c(c1)OCCO2)NC(=O)c3ccc4c(c3)NC(=O)CN4C
dude_pygm__L003655,c1ccc(cc1)c2csc3n2c(nn3)SCC(=O)Nc4cc(cc(c4)C(=O)[O-])C(=O)[O-]
dude_pygm__L003656,C[C@H]1CCN([C@H]2[C@@H]1CCCC2)C(=O)c3cc(sc3)S(=O)(=O)N
dude_pygm__L003657,CCOc1ccc(cc1)N2C(=O)/C(=C/c3cc(c(c(c3)OCC)[O-])[N+](=O)[O-])/C(=NC2=O)[O-]
dude_pygm__L003658,c1cc(c(c2c1scn2)[N-]S(=O)(=O)CC(=O)[O-])Cl
dude_pygm__L003659,c1ccc(c(c1)/C=C(\C#N)/c2nc3ccc(cc3c(n2)[O-])Br)OCC(=O)[O-]
dude_pygm__L003660,Cc1cccc2c1nc(cc2C)S[C@H](C)C(=O)NC(=O)NC
dude_pygm__L003661,CCOc1ccc(cc1)N2C(=O)/C(=C/c3cc(ccc3OCC)C(=O)[O-])/C(=NC2=O)[O-]
dude_pygm__L003662,CCOc1cc(ccc1O)/C=N/n2cnc3c4cc(ccc4[nH]c3c2=O)OC
dude_pygm__L003663,c1cc(c(cc1C(=O)[O-])S(=O)(=O)NCCCC(=O)[O-])Br
dude_pygm__L003664,c1cc(c(cc1S(=O)(=O)N2CCC[C@@H]2c3csc(n3)N)Cl)Cl
dude_pygm__L003665,Cc1cccc(c1)C(=O)N/N=C/2\CCCc3c2c(c(o3)C(=O)NC(C)(C)C)C
dude_pygm__L003666,CCCn1c(=O)c2c3c(sc2nc1SCC(=O)Nc4cc(ccc4C(=O)[O-])C(=O)[O-])CCC3
dude_pygm__L003667,Cc1cc(cc(c1)S(=O)(=O)[N-]c2cc(ccc2N(C)CCCc3c(nn(c3C)C)C)C(=O)[O-])C
dude_pygm__L003668,C[C@H](C(=O)Nc1ccc(cc1)SC)SCc2nc(nc(n2)N)N
dude_pygm__L003669,C1CC[C@@H]([C@@H](C1)C(F)(F)F)NC(=O)N2CCC(CC2)NC(=O)C3CCC3
dude_pygm__L003670,c1ccc(cc1)C2=NN=C3[C@H]2[C@@H](C(=C(O3)N)C#N)c4cc(ccc4F)F
dude_pygm__L003671,c1cc2c(cc1CNC(=O)Nc3cc(ccc3F)[N+](=O)[O-])OCCCO2
dude_pygm__L003672,CCC1=C2[C@H](C(=C(O[C@H]2N=N1)N)C#N)c3cc(ccc3OC(F)F)Br
dude_pygm__L003673,CC(C)(C)c1ccc(cc1)N(C)S(=O)(=O)c2ccc3c(c2)c(=O)[nH]c(=O)[nH]3
dude_pygm__L003674,CC\1=NN(C(=O)/C1=C\c2ccc(o2)c3cccc(c3)C(=O)[O-])c4ccc(cc4)C(=O)[O-]
dude_pygm__L003675,CC(C)S(=O)(=O)c1cc\2c(cc1O)CN(/C2=C\c3ccccc3)O
dude_pygm__L003676,COc1cc2c(cc1OC)C3=C(CN(CN3CC2)c4ccc(cc4)N)C#N
dude_pygm__L003677,C[C@H](C(=O)N[C@H]1[C@@H](C2=C(S1)CCCCC2)C#N)Sc3nc(c(nn3)CCC(=O)[O-])[O-]
dude_pygm__L003678,CCO/C(=C/1\C(=O)/C(=C/c2ccc(o2)c3ccc(cc3)C(=O)[O-])/S\C1=N/c4ccc(cc4)OC)/[O-]
dude_pygm__L003679,Cc1cc(c(n1c2[n-]ncn2)C)C3=NN=C(SC3)[N-]c4cccc(c4)C#C
dude_pygm__L003680,c1ccc(cc1)c2ccc(s2)[C@H]3C(=C(C(=O)N3c4ccc(cc4)CC(=O)[O-])[O-])C(=O)c5ccccc5
dude_pygm__L003681,Cc1ccc2c(coc2c1C)CC(=O)N[C@@H](C)c3ccc4c(c3)[nH]c(=O)[nH]4
dude_pygm__L003682,CC(C)Cn1c2c(c(=O)[nH]c1=O)C([NH+]=C(N2)CCC3CCCCC3)(C(F)(F)F)C(F)(F)F
dude_pygm__L003683,Cc1ccccc1N2C(=O)/C(=C\c3cc(c(c(c3)OC)[O-])[N+](=O)[O-])/C(=NC2=S)[O-]
dude_pygm__L003684,C[C@@H]1CCC[C@H]([C@@H]1C)NC(=O)NC(=O)CSc2nc(c(nn2)CCC(=O)[O-])[O-]
dude_pygm__L003685,C[C@@H]1C=C([C@H](N1c2nccs2)C)C(=O)CSc3nc(c(nn3)CCC(=O)[O-])[O-]
dude_pygm__L003686,c1cc(c(cc1[N+](=O)[O-])C(=O)[O-])Sc2ccc(cc2C(=O)[O-])[N+](=O)[O-]
dude_pygm__L003687,c1ccc(cc1)c2ccc(o2)[C@@H]3[C@@H]4C(=NC(=O)NC4=O)NC5=C3C(=O)CCC5
dude_pygm__L003688,c1cc(cnc1)c2c(c(c(s2)C(=O)[O-])OCC(=O)[O-])Br
dude_pygm__L003689,c1ccc(cc1)CN2c3ccccc3N[C@@H]2SCC(=O)N/N=C/C4=c5ccccc5=[NH+]C4
dude_pygm__L003690,COc1cc(ccc1O)/C=C/2\C(=NC(=O)N(C2=O)c3ccc(cc3)C(=O)[O-])[O-]
dude_pygm__L003691,Cc1cc(ccc1OC)S(=O)(=O)Nc2ccc3c(c2)NC(=O)C(CO3)(C)C
dude_pygm__L003692,Cc1nc2n(n1)[C@H](C3=C(N2)C[C@H](CC3=O)c4ccco4)c5c[nH]c6c5cccc6
dude_pygm__L003693,Cc1ccc(o1)/C=C\2/C(=O)N(C(=S)S2)c3cc(cc(c3)C(=O)[O-])C(=O)[O-]
dude_pygm__L003694,CC[C@H](C(=O)[O-])Oc1ccc(cc1)/C=C/2\C(=O)N=C(S2)[N-]c3ccc(cc3)OC
dude_pygm__L003695,CCOc1cc(cc(c1OCC(=O)[O-])Br)/C=C/2\C(=NC(=O)N(C2=O)c3ccc(cc3)F)[O-]
dude_pygm__L003696,C[C@@H](C(=O)Nc1ccc(cc1)N2CCOCC2)Sc3nc(c(nn3)CCC(=O)[O-])[O-]
dude_pygm__L003697,C[C@@H]1C=C([C@H](N1c2cccc(c2)Br)C)C(=O)CSc3nc(c(nn3)CCC(=O)[O-])[O-]
dude_pygm__L003698,c1ccc(c(c1)[C@@H]2C(=C(C(=O)N2CCCCCC(=O)[O-])[O-])C(=O)c3ccc(cc3)[N+](=O)[O-])F
dude_pygm__L003699,CCN(CC)c1ccc(cc1)c2nnc(o2)SCC(=O)Nc3cc(cc(c3)C(=O)[O-])C(=O)[O-]
dude_pygm__L003700,c1c(cc(cc1C(=O)[O-])NC(=O)CSc2nnnn2C3CCCC3)C(=O)[O-]
dude_pygm__L003701,C[C@H](C(=O)[O-])Oc1ccc(cc1OC)/C=C/2\C(=O)N=C(S2)[N-]c3ccc(cc3)Br
dude_pygm__L003702,c1cc2c(cc1Br)nc(n2C[C@@H]3CCS(=O)(=O)C3)N
dude_pygm__L003703,CCOc1ccc(cc1)[C@@H]2C(=C(C(=O)N2c3cccc(c3)C(=O)[O-])[O-])C(=O)c4ccc5c(c4)OCO5
dude_pygm__L003704,c1ccc(c(c1)[N-]S(=O)(=O)c2ccc(c(c2)NC(=O)[C@H]3[C@H]4C[C@@H]([C@@H]3C(=O)[O-])C=C4)Cl)Cl
dude_pygm__L003705,Cc1c(c(nc(n1)SCC(=O)N(CC(C)C)[C@H]2CCS(=O)(=O)C2)[O-])CCC(=O)[O-]
dude_pygm__L003706,CCc1ccc(s1)S(=O)(=O)[N-]c2ccc(c(c2)C)[N-]S(=O)(=O)CC
dude_pygm__L003707,CC(C)(CO[S@](=O)O)[NH3+]
dude_pygm__L003708,C[C@H](C(=O)[O-])Oc1ccc(cc1)/C=C\2/C(=O)N(C(=S)S2)c3ccc(cc3)C(=O)[O-]
dude_pygm__L003709,CC(C)n1c2ccc(cc2nc1c3cnn(c3N)C)Br
dude_pygm__L003710,c1cc(sc1[C@@H](C[NH3+])N)Cl
dude_pygm__L003711,Cc1nc(cc(n1)[C@H]2C[NH+]3CC[C@@H]2C[C@@H]3CNC(=S)Nc4ccc(cc4)F)c5ccc(cc5)N(C)C
dude_pygm__L003712,CC(C)(C)c1ccc(cc1)c2nnc(n2CC=C)SCC(=O)Nc3cc(cc(c3)C(=O)[O-])C(=O)[O-]
dude_pygm__L003713,c1ccc(cc1)n2c(c(nn2)c3nc(cs3)c4cccc(c4)Cl)N
dude_pygm__L003714,c1cc(c(cc1[C@H](CN2C(=O)C3(CCCCCCC3)NC2=O)O)F)F
dude_pygm__L003715,C[C@@H](C(=O)[O-])Oc1ccc(cc1)/C=C\2/C(=NC(=O)N(C2=O)c3cccc(c3)Br)[O-]
dude_pygm__L003716,Cc1c(c(nc(n1)S[C@@H](C)C(=O)N(C)C2(CCCCC2)C#N)[O-])CCC(=O)[O-]
dude_pygm__L003717,CC(C)CCc1c2n(c(n1)c3cccnc3)CC[NH+](C2)Cc4cn(c5c4cccc5)CC(=O)N
dude_pygm__L003718,CC1=C2C(=NC(=NC2=O)COc3ccc(cc3)c4ccc(cc4)C(=O)[O-])S[C@H]1C(=O)[O-]
dude_pygm__L003719,Cc1cc(ccc1NC(=O)CSc2nc(c(nn2)CCC(=O)[O-])[O-])[N+](=O)[O-]
dude_pygm__L003720,c1cc(c(cc1I)[N+](=O)[O-])NC2CCC(CC2)O
dude_pygm__L003721,CC(c1c(c2ccccc2oc1=O)[O-])c3c(c4ccccc4oc3=O)[O-]
dude_pygm__L003722,C[C@H]1CCC[C@@H](N1C(=O)CSc2nnc(n2N)Cc3cccc4c3cccc4)C
dude_pygm__L003723,Cc1c(c(nc(n1)SCC(=O)NC(=O)NC23CC4CC(C2)CC(C4)C3)[O-])CCC(=O)[O-]
dude_pygm__L003724,Cc1ccc(cc1)/C=N/Nc2[nH]nc(n2)SCC(=O)Nc3ccc(cc3F)F
dude_pygm__L003725,C[C@@H](Cc1ccc2c(c1)OCO2)C[NH+]3CCC(CC3)[C@@]4(C(=O)NC(=O)N4)CCc5ccccc5
dude_pygm__L003726,Cc1c(c(sc1C(=O)[O-])S(=O)(=O)N2CCC(CC2)C(=O)Nc3ccc4c(c3)CCC4)C(=O)[O-]
dude_pygm__L003727,Cc1cc(c(n1c2cc(cc(c2)Cl)Cl)C)C(=O)CSc3nc(c(nn3)CCC(=O)[O-])[O-]
dude_pygm__L003728,CC(C)c1ccc2c(c1)[C@@]3(C(=O)N2)Nc4ccccc4C(=O)N3CC=C
dude_pygm__L003729,Cc1ccc(cc1C(=O)O[C@H](C)C(=O)Nc2c(ccs2)C#N)S(=O)(=O)Nc3ccccc3F
dude_pygm__L003730,Cc1ccc(c(c1)C)NC(=O)NC(=O)CSc2nc(c(c(n2)[O-])CCC(=O)[O-])C
dude_pygm__L003731,c1cc(ccc1C(=O)[O-])NC(=O)[C@H]2CCC[C@@H](C2)C(=O)Nc3ccc(cc3)C(=O)[O-]
dude_pygm__L003732,C[C@H]1CCc2c(sc(c2C#N)NC(=O)CNc3ccc4c(c3)OCCO4)C1
dude_pygm__L003733,c1cc(ccc1c2ccc(o2)/C=C\3/C(=NC(=O)N(C3=O)c4ccc5c(c4)OCO5)[O-])C(=O)[O-]
dude_pygm__L003734,CCOc1cccc(c1)[N-]S(=O)(=O)c2cc(cnc2N)Br
dude_pygm__L003735,COC(=O)[C@@H]1CC2=C3CC=CC=C3N=C2[C@@H]4N1[C@@H](C[C@@H](C4)[NH2+]CCc5c[nH]cn5)c6ccccc6
dude_pygm__L003736,CC[C@H](C(=O)[O-])Oc1ccccc1/C=C/2\C(=O)N=C(S2)[N-]c3ccc(cc3)Br
dude_pygm__L003737,c1c(cnc(c1S(=O)(=O)NC2CCOCC2)NN)Br
dude_pygm__L003738,C[C@@H]1CCc2c(s/c(=N/C(=O)CS[C@@H]3NN=C(S3)C)/[nH]2)C1
dude_pygm__L003739,C[C@H]1CCCCN1C(=O)N[C@H](C)c2ccc(cc2)NC(=O)C3CC3
dude_pygm__L003740,c1ccc(cc1)c2cc(=O)c(c(n2c3ccccc3)[O-])C(=O)c4n[n-]nn4
dude_pygm__L003741,COc1ccc(cc1)[C@H]2C3=C(C[C@H](CC3=O)c4ccco4)Nc5ccccc5N2
dude_pygm__L003742,C/C(=N/S(=O)(=O)c1ccc(cc1)NC(=O)[C@H]2CC(=CC[C@@H]2C(=O)[O-])Cl)/[O-]
dude_pygm__L003743,CCOC(=O)C1=C(NC(=O)N[C@H]1c2c(nc3c(cccn3c2=O)C)Cl)C
dude_pygm__L003744,C[C@@H]1CCCC[C@H]1N(c2nnc(s2)[S-])S(=O)(=O)c3ccc(cc3)C(=O)[O-]
dude_pygm__L003745,C(=C\1/SC(=S)N=C1[O-])\C=C/2\SC(=S)N=C2[O-]
dude_pygm__L003746,c1cc(c(cc1[C@@H]2C3=C(N=N[C@@H]3NC4=C2C(=O)CCC4)O)Cl)Cl
dude_pygm__L003747,c1ccc(c(c1)CSc2nnc3n2c(nc4c3c5c(s4)CCC5)N)F
dude_pygm__L003748,c1cc(ccc1CC(=O)[O-])N2[C@H](C(=C(C2=O)[O-])C(=O)c3ccc(s3)Cl)c4ccc(cc4)F
dude_pygm__L003749,Cc1ccc(cc1)Nc2c3cnn(c3nc(n2)NC[C@@H]4COCCO4)C
dude_pygm__L003750,Cc1ccc(o1)C2=NN([C@@H](C2)c3ccc(cc3)F)c4ccc(cc4)S(=O)(=O)N
dude_pygm__L003751,c1ccc(cc1)[C@@H]2[C@H]3C(=NN=C3OC(=C2C#N)N)c4ccc5c(c4)OCO5
dude_pygm__L003752,CC[C@H](C)c1ccc(cc1)S(=O)(=O)Nc2cc(ccc2NC)S(=O)(=O)NC
dude_pygm__L003753,CC[C@@H](C(=O)[O-])Oc1cccc(c1)/C=C/2\C(=O)N=C(S2)[N-]c3ccc(cc3C)C
dude_pygm__L003754,C[C@]12CCC(=O)C=C1[C@@H](C[C@@H]3[C@@H]2[C@H](C[C@]4([C@H]3CC[C@@]4(C(=O)CO)O)C)O)O
dude_pygm__L003755,Cc1ccc(c(c1)n2cnnc2SCc3nc(nc(n3)N(C)C)N)C
dude_pygm__L003756,CC[C@H](C(=O)[O-])Oc1cccc(c1)/C=C/2\C(=O)N=C(S2)[N-]c3ccc(cc3)C
dude_pygm__L003757,Cc1cc(c(cc1S(=O)(=O)Nc2cccc(c2)n3c(c(n(c3=O)C4CC4)[O-])[O-])OC)OC
dude_pygm__L003758,CC(C)(C)c1ccc(cc1)c2nnc(n2c3ccc(cc3)OC)SCC(=O)NN
dude_pygm__L003759,c1cc(c(cc1I)c2nc([nH]n2)C3CCCCC3)N
dude_pygm__L003760,c1c2c(cc(c1F)F)NC(=O)[C@]23NC(=O)CN3CCC4CCCCC4
dude_pygm__L003761,CC1(Cc2c(sc(c2C(=O)N)NC(=O)NC[C@@H]3CCCO3)CO1)C
dude_pygm__L003762,c1ccc(cc1)[C@H]2c3c(=O)c4ccc(cc4oc3OC(=C2C#N)N)Cl
dude_pygm__L003763,c1ccc(cc1)/C=C/C(=O)Nc2cccc(c2)S(=O)(=O)/N=C\3/CCCCCN3
dude_pygm__L003764,c1ccc(c(c1)/C=C/2\C(=NC(=S)S2)[O-])OCc3ccc(cc3)C(=O)[O-]
dude_pygm__L003765,c1ccc2c(c1)nc(o2)C3CC[NH+](CC3)[C@@H](c4c[nH]c5c4ccc(c5)F)C(=O)[O-]
dude_pygm__L003766,c1cc(c(cc1O)O)[C@@H]2[C@@H]3CC=C[C@H]3c4cc(ccc4N2)S(=O)(=O)N5CCCC5
dude_pygm__L003767,Cc1ccc(c(c1)C)[N-]C2=NC(=O)/C(=C\c3ccccc3OCC(=O)[O-])/S2
dude_pygm__L003768,c1cc2c(cc1C(=O)[O-])C(=O)N(C2=O)c3ccc(c(c3)Cl)N4C(=O)c5ccc(cc5C4=O)C(=O)[O-]
dude_pygm__L003769,C[C@H](C(=O)[O-])Oc1ccc(cc1)/C=C\2/C(=NC(=O)N(C2=O)c3cccc(c3)Br)[O-]
dude_pygm__L003770,CC[C@@H](C(=O)[O-])Oc1ccc(cc1OCC)/C=C/2\C(=O)N=C(S2)[N-]c3ccccc3
dude_pygm__L003771,C[C@@H]1CCC[C@@](C1)(CO)[NH2+]CCC(=O)NC2CC2
dude_pygm__L003772,C[C@@H]1CCCC[C@H]1NC(=O)CSC2=NN/C(=C/3\C=Nc4c3cccc4)/N2C5CC5
dude_pygm__L003773,CN(C)N=C1c2cc(ccc2-c3c1cc(cc3)S(=O)(=O)N)S(=O)(=O)N
dude_pygm__L003774,c1ccc2cc(c(cc2c1)NC(=O)c3cccc(c3)N(=O)=O)Oc4ccc(c(c4)C(=O)O)C(=O)O
dude_pygm__L003775,c1cc(ccc1/C=C/S(=O)(=O)[N-]c2ccc(s2)C(=O)[O-])Cl
dude_pygm__L003776,CC(C)S(=O)(=O)[C@H]1CCC[C@@]2(C1)CCC[C@@H](N2O)c3ccccc3O
dude_pygm__L003777,C[C@@H](c1ccccc1)n2c(nnn2)c3ccc(c(c3)N)Br
dude_pygm__L003778,Cc1cc(c(n1c2cccc(c2)C(=O)[O-])C)/C=C\3/C(=NC(=O)N(C3=O)c4cccc(c4)Br)[O-]
dude_pygm__L003779,c1cc(c(c2c1N3CCCC[C@@H]3C(C2)(C(=O)[O-])C(=O)[O-])N4CCCCC4)[N+](=O)[O-]
dude_pygm__L003780,CNC(=O)N1CCN(CC1)Cc2[nH]c(=O)c3c4c(sc3n2)CCCC4
dude_pygm__L003781,c1ccc(cc1)c2c3cc(ccc3no2)/C=C\4/C(=O)N(C(=S)S4)[C@H](CC(=O)[O-])C(=O)[O-]
dude_pygm__L003782,CC[C@@H]1C[C@@H](n2c(cc(n2)[C@@H]3CCC[NH+]3Cc4cn[nH]c4C(C)(C)C)N1)C(F)(F)F
dude_pygm__L003783,Cc1ccc(cc1)c2c(nnn2c3ccc(cc3)N)S(=O)(=O)c4ccc(cc4)Cl
dude_pygm__L003784,COc1ccc(cc1O)[C@H]2CC(=O)Nc3c2snc3c4ccccc4
dude_pygm__L003785,c1cc(ccc1S(=O)(=O)[N-]c2c(cc(cc2Cl)Cl)C(=O)[O-])S(=O)(=O)N3CCOCC3
dude_pygm__L003786,Cc1ccc(c(c1)C)C(=O)C2=C(C(=O)N([C@H]2c3ccc(cc3)SC)c4ccc(cc4)CC(=O)[O-])[O-]
dude_pygm__L003787,CC(C)c1nc([nH]n1)c2ccccc2[N-]S(=O)(=O)c3c(n(c[nH+]3)C)Cl
dude_pygm__L003788,CCOc1ccccc1CN(C2CC([NH2+]C(C2)(C)C)(C)C)C(=S)Nc3ccc(c(c3)OC)OC
dude_pygm__L003789,Cc1c(c(nc(n1)SCC(=O)NC(=O)NC2CCCCC2)[O-])CCC(=O)[O-]
dude_pygm__L003790,C[C@H](C(=O)NCC(=O)Nc1ccc(c(c1F)F)F)Sc2ccc(cc2)NC(=O)C
dude_pygm__L003791,Cc1cc2c(c3c(c(=O)o2)CCC3)c(c1C4=NN[C@H](C4)c5ccccc5)O
dude_pygm__L003792,c1ccc2c(c1)C=C(CO2)/C=C\3/C(=O)N=C(S3)Nc4cccc(c4)O
dude_pygm__L003793,CC[C@H](C(=O)[O-])Oc1ccc(cc1OCC)/C=C/2\C(=O)N=C(S2)[N-]c3ccc(cc3)C(=O)OCC
dude_pygm__L003794,CCOc1cc(ccc1OC)[C@H]2Nc3c(c4c(s3)C[C@@H](CC4)C)C(=N2)O
dude_pygm__L003795,C1CC[C@H]([C@@H](C1)C(=O)N[C@H]2CCCC[C@@H]2NC(=O)[C@H]3CCCC[C@@H]3C(=O)[O-])C(=O)[O-]
dude_pygm__L003796,c1cc(cc(c1)C(F)(F)F)[C@H]2C(=C(C(=O)N2c3cccc(c3)C(=O)[O-])[O-])C(=O)c4cccs4
dude_pygm__L003797,CCc1ccc(s1)S(=O)(=O)[N-]c2ccc(cc2F)C(=O)[O-]
dude_pygm__L003798,Cc1cc(c(cc1[C@]2(c3ccccc3C(=O)O2)c4cc(c(cc4C)OP(=O)([O-])[O-])C(C)C)C(C)C)O
dude_pygm__L003799,CC(C)c1ccc(cc1)N2C(=O)/C(=C\c3c(c4ccccc4[nH]3)CCNC(=O)CCC(=O)[O-])/C(=O)N=C2[O-]
dude_pygm__L003800,CC1=CC(=O)N2[C@@H](N1)N[C@@H](N2)Cc3[nH]nc(n3)Cc4ccccc4
dude_pygm__L003801,CC(C)(C)c1ccc(cc1)N2C(=O)/C(=C/c3cc(c(c(c3)Cl)OCC(=O)[O-])Cl)/C(=NC2=S)[O-]
dude_pygm__L003802,C[C@@H]1CCCN(C1)c2nnc(s2)NC(=O)Nc3ccc4c(c3)OCCO4
dude_pygm__L003803,Cc1ccc(s1)[C@@H]2C(=C(C(=O)N2c3nc4ccc(cc4s3)C(=O)[O-])[O-])C(=O)C5CC5
dude_pygm__L003804,CC(C)CCNC(=O)NC(=O)CSc1nc(cc(n1)N)N
dude_pygm__L003805,c1cc(c(cc1C(=O)[O-])[N-]S(=O)(=O)c2ccc(c(c2)Cl)F)Cl
dude_pygm__L003806,C[C@@H](c1ccc2c(c1)OCCO2)NC(=O)Nc3cccc(c3)n4cccn4
dude_pygm__L003807,CCOc1cccc(c1)N2C(=O)/C(=C/c3ccc(o3)c4cc(ccc4Cl)C(=O)[O-])/C(=NC2=O)[O-]
dude_pygm__L003808,Cc1ccc2c(c1)nc([nH]2)/C(=C\c3ccc(o3)c4cc(cc(c4)C(=O)[O-])C(=O)[O-])/C#N
dude_pygm__L003809,CCCCS(=O)(=O)/N=C(/CCn1c(=O)c2ccccc2c(n1)[O-])\[O-]
dude_pygm__L003810,Cc1ccccc1c2cc([nH]n2)NC(=O)C(=O)c3c([nH]c4c3cccc4)C
dude_pygm__L003811,C[C@H](C(=O)[O-])N1C(=O)/C(=C/c2ccc(o2)c3ccc(cc3)C(=O)[O-])/SC1=S
dude_pygm__L003812,c1ccc(cc1)c2nnc(n2N)SCC(=O)Nc3ccc(c(c3)Cl)F
dude_pygm__L003813,c1cc(ccc1[C@@H]2C(=C(C(=O)N2CCCCCC(=O)[O-])[O-])C(=O)c3ccc(cc3)Br)[N+](=O)[O-]
dude_pygm__L003814,CCC1(C(=O)N(C(=O)N1)CC(=O)Nc2nc3c(s2)C[C@@H](CC3)C)CC
dude_pygm__L003815,CSc1cccc(c1)NS(=O)(=O)c2ccc(c(c2)N)Cl
dude_pygm__L003816,CC1CCN(CC1)C(=O)c2ccc(cc2)N3CCC[C@H](C3)C(=O)N
dude_pygm__L003817,CCCC[C@@H](C(=O)[O-])Sc1nnc2n1c3c(c(n2)[O-])CCCC3
dude_pygm__L003818,CCOc1cc(ccc1O)[C@H]2c3c(n[nH]c3C(=O)N2C(C)(C)C)c4ccccc4
dude_pygm__L003819,CCOc1ccc(c(c1)C)NC(=O)N2CCC(CC2)C(=O)NC3CCCCC3
dude_pygm__L003820,c1cc2cn[nH]c2cc1NCc3cc4c(c(c3)Br)OCO4
dude_pygm__L003821,c1c[nH]cc1S(=O)(=O)[N-]c2c(cc(cc2Br)Br)C(=O)[O-]
dude_pygm__L003822,CCOc1ccc(cc1)[C@@H]2[C@H]3C(=NC(=NC3=O)N)NC4=C2C(=O)c5c4cccc5
dude_pygm__L003823,CC1=C(C(C(=C(N1Cc2cccc(c2)Cl)C(=O)O)C(=O)O)c3ccccc3Cl)C(=O)OC(C)C
dude_pygm__L003824,c1cc(c(cc1[N-]S(=O)(=O)c2cc([nH]c2)C(=O)[O-])C(F)(F)F)F
dude_pygm__L003825,c1cc(c(cc1[C@H]2CN(CCO2)c3cncc(n3)N)Cl)F
dude_pygm__L003826,CC\1=NN(C(=O)/C1=C\Nc2ccc(cc2O)[N+](=O)[O-])c3ccc(cc3)F
dude_pygm__L003827,c1ccc(cc1)c2c(cn(n2)CCC(=O)[O-])/C=C\3/C(=NC(=S)S3)[O-]
dude_pygm__L003828,CC[C@@H](C(=O)[O-])Oc1ccc(cc1)/C=C\2/C(=O)N(/C(=N/c3ccc(c(c3)O)C(=O)[O-])/S2)CC
dude_pygm__L003829,CCN1C(=C([C@H](C(=C1C(=O)O)C(=O)O)c2ccccc2)C(=O)OC(C)C)C
dude_pygm__L003830,COc1cc(cc(c1OCC=C)Br)/C=C(/c2nc3cc(ccc3c(n2)[O-])C(=O)[O-])\Cl
dude_pygm__L003831,CCc1cccc2c1[nH]cc2C(=O)CN3C(=O)[C@@]4(CCOc5c4cccc5)NC3=O
dude_pygm__L003832,Cc1c(c(nc(n1)SCC(=O)N([C@@H]2CCS(=O)(=O)C2)C3CCCC3)[O-])CCC(=O)[O-]
dude_pygm__L003833,c1c(c(cc2c1OCC(=O)N2)NC3CCS(=O)(=O)CC3)N
dude_pygm__L003834,CN1CC=C2[C@@H](C1)[C@H](C(C(=C2C#N)N)(C#N)C#N)c3cccc(c3Cl)Cl
dude_pygm__L003835,CCOc1cc(c(cc1OCC(=O)[O-])Br)/C=C/C(=O)[O-]
dude_pygm__L003836,C[C@@H]1C=C([C@@H](N1c2ccccc2)C)C(=O)CSc3nc(c(nn3)CCC(=O)[O-])[O-]
dude_pygm__L003837,c1cc(cc(c1)O)/C=C\2/C(=O)N(C(=S)S2)c3cc(cc(c3)C(=O)[O-])C(=O)[O-]
dude_pygm__L003838,CC1(C[C@]2(C[C@H](c3ccc(cc3O2)O)c4ccccc4)NC(=S)N1)C
dude_pygm__L003839,c1ccc2c(c1)/C(=C/3\C(=O)N(/C(=N\c4cccc(c4)C(=O)[O-])/S3)C5CCCCC5)/C(=O)N2CC(=O)[O-]
dude_pygm__L003840,c1ccc(cc1)[C@H]2CC(=Nc3c(=O)[nH]cnc3N2)c4cccc(c4)[N+](=O)[O-]
dude_pygm__L003841,CN([C@H](c1ccc(cc1)O)C(=O)NC2CCCCC2)C(=O)c3ccccc3O
dude_pygm__L003842,C=CCN\1C(=O)/C(=C/c2ccccc2OCC(=O)[O-])/S/C1=N\c3ccc(cc3)C(=O)[O-]
dude_pygm__L003843,c1ccc(c(c1)c2ccc(o2)/C=C\3/C(=O)N(C(=S)S3)[C@H](CC(=O)[O-])C(=O)[O-])C(F)(F)F
dude_pygm__L003844,c1cc(c(cc1c2ccc(o2)/C=C\3/C(=O)N(C(=S)S3)[C@H](CC(=O)[O-])C(=O)[O-])C(F)(F)F)Cl
dude_pygm__L003845,CCN1CC=C2[C@H](C1)[C@@H](C(C(=C2C#N)N)(C#N)C#N)c3ccc(cc3)SC
dude_pygm__L003846,CC[C@H]1Cc2c(c(c(=O)n(c2S1)Cc3ccc(cc3)c4ccccc4c5[n-]nnn5)c6ccccc6)[O-]
dude_pygm__L003847,c1ccc(cc1)C2=C(C2=C3C(=O)NC(=O)NC3=O)c4ccccc4
dude_pygm__L003848,Cc1cccc(c1)NC(=S)NNC(=O)CCn2c(c(c(n2)C)Br)C
dude_pygm__L003849,C1(=C([C@]([C@@]1(C(=O)[O-])Cl)(C(=O)[O-])Cl)Cl)Cl
dude_pygm__L003850,Cc1cc(c(c(c1)C)NC(=O)C(=O)Nc2ccc3c(c2)OCO3)C
dude_pygm__L003851,Cc1cccc(c1C)NC(=O)C[NH+](C)CCC(=O)Nc2c(c3c(s2)CCCCC3)C#N
dude_pygm__L003852,c1ccc(c(c1)n2cnc3c2N=C(C[C@H]3c4ccc(cc4)O)O)Br
dude_pygm__L003853,Cc1ccc(c(c1)C)NS(=O)(=O)c2ccc3c(c2)C(C(=O)N3)(C)C
dude_pygm__L003854,COCCn1c(=O)c(c([nH]c1=O)[O-])[C@@H]2c3c(c4ccccc4[nH]3)CC[NH2+]2
dude_pygm__L003855,C[C@H](C(=O)[O-])Oc1ccc(cc1)/C=C/2\C(=O)N=C(N(C2=O)c3ccc(cc3)Br)[O-]
dude_pygm__L003856,Cc1cc(n(n1)C(C)(C)C)C(=O)N2C[C@H](C3(C2)CC[NH2+]CC3)C(=O)N[C@@H](C)Cc4ccccc4F
dude_pygm__L003857,c1ccc(c(c1)O)[P@]2(=O)NN3CCc4cc(c(cc4[C@@H]3CO2)Br)F
dude_pygm__L003858,CCCCOc1ccc(cc1)[C@H](CCC(=O)N[C@H]2[C@@H]3N(C2=O)[C@@H](C(S3)(C)C)C(=O)[O-])C(=O)[O-]
dude_pygm__L003859,CC1(CC(=C(C(=O)C1)C(c2ccc(o2)Sc3ccccn3)C4=C(CC(CC4=O)(C)C)[O-])[O-])C
dude_pygm__L003860,c1cc(oc1)Cn2c(nnc2Sc3cc(nc(n3)N)Cl)N4CCCC4
dude_pygm__L003861,c1csc(c1C(=O)N)[N-]S(=O)(=O)c2cc(sc2Br)C(=O)[O-]
dude_pygm__L003862,c1cc(ccc1N2C(=O)/C(=C\c3ccc(c(c3)Cl)OCC(=O)[O-])/C(=NC2=S)[O-])Cl
dude_pygm__L003863,C1CCC2(C1)[C@H](C(=NC(=C2C#N)SCCSC3=C(C4(CCCC4)[C@H](C(=N3)[O-])C#N)C#N)[O-])C#N
dude_pygm__L003864,c1cc(ccc1[C@@H](C(=O)NC2CC2)Sc3nc(c(nn3)CCC(=O)[O-])[O-])F
dude_pygm__L003865,C=CCOc1ccc2c(c1)[C@H]3C=CC[C@@H]3[C@@H](N2)c4ccc(cc4O)O
dude_pygm__L003866,C[C@@H](C(=O)NC1CCCC1)Sc2nc3ccc(cc3s2)N
dude_pygm__L003867,CCNc1nc2c(s1)c3c(c(=O)[nH]2)[C@H](C(=C(O3)N)C#N)c4cccnc4
dude_pygm__L003868,c1ccc(cc1)CN2CC=C3[C@@H](C2)[C@@H](C(C(=C3C#N)N)(C#N)C#N)c4ccccc4F
dude_pygm__L003869,CCCNC(=O)[C@@H]1CCCN(C1)C(=O)Nc2ccc3c(c2)sc(n3)C(C)C
dude_pygm__L003870,CN(CC(=O)N)C(=[NH2+])N
dude_pygm__L003871,C=CCN1C(=O)/C(=C/c2ccc(o2)c3ccc(cc3)C(=O)[O-])/C(=NC1=S)[O-]
dude_pygm__L003872,CCc1ccc(cc1)[N-]C2=NC(=O)/C(=C\c3ccccc3O[C@@H](CC)C(=O)[O-])/S2
dude_pygm__L003873,Cc1ccc(s1)S(=O)(=O)[N-]c2ccc(c(c2)C)n3cccc3C(=O)[O-]
dude_pygm__L003874,c1cc(ccc1/C=C(/c2nc3cc(ccc3c(n2)[O-])C(=O)[O-])\Cl)[N+](=O)[O-]
dude_pygm__L003875,c1cc(c(cc1C(=O)[O-])Br)S(=O)(=O)[N-]c2ncc(s2)Br
dude_pygm__L003876,CC[C@@H](C(=O)[O-])Oc1ccccc1/C=C/2\C(=O)N=C(S2)[N-]c3ccc(cc3)F
dude_pygm__L003877,c1ccc2c(c1)[C@@H]3CC(=NN3[C@@H](O2)c4ccc(c(c4)O)O)c5cccs5
dude_pygm__L003878,COc1cc(cc(c1OC)OC)[C@H]2[C@@H]3CC=C[C@@H]3c4cc(ccc4N2)S(=O)(=O)NC5CCCCC5
dude_pygm__L003879,Cc1cc(ccc1S(=O)(=O)Nc2ccc(cc2Br)F)N
dude_pygm__L003880,CC(=O)c1cccc(c1)NC(=O)N[C@H](c2ccccc2)c3nc4ccccc4n3C
dude_pygm__L003881,CN1CC=C2[C@H](C1)[C@H](C(C(=C2C#N)N)(C#N)C#N)c3ccc(cc3)Cl
dude_pygm__L003882,Cc1cccc(n1)NC(=O)[C@@H]2CCCN(C2)C(=O)NC3CCCC3
dude_pygm__L003883,c1cc(ccc1C(=O)OCc2nc(nc(n2)N)N)Br
dude_pygm__L003884,Cc1cc(c(n1c2ccc(c(c2)Cl)C(=O)[O-])C)/C=N/c3cc(ccc3Cl)C(=O)[O-]
dude_pygm__L003885,Cc1ccc(cc1)N2C(=O)/C(=C/c3ccc(o3)c4ccc(cc4)C(=O)[O-])/C(=NC2=S)[O-]
dude_pygm__L003886,CC1=CC(=C2C(=O)NC(=S)NC2=O)C=C(N1C(C)C)C(F)(F)F
dude_pygm__L003887,c1c(cncc1Br)S(=O)(=O)N[C@@H]2CCC[C@H](C2)O
dude_pygm__L003888,Cc1ccc(s1)[C@H]2[C@@H]3CC=C[C@@H]3c4cc(ccc4N2)S(=O)(=O)N
dude_pygm__L003889,CC(=O)n1c2ccccc2c3c1[C@@H](C(=C(O3)N)C#N)c4ccncc4
dude_pygm__L003890,c1ccc2c(c1)cccc2CC(C[C@@H]3CCCO3)(C(=O)[O-])C(=O)[O-]
dude_pygm__L003891,Cc1c(sc(n1)[N-]S(=O)(=O)c2cc(cc(c2)F)F)SCC(=O)N
dude_pygm__L003892,Cc1cc(ccc1c2cc(nc(c2/C=C/[P@](=O)(C[C@@H](CC(=O)[O-])O)[O-])C(C)C)c3ccccc3)F
dude_pygm__L003893,Cc1cccc(c1)NC(=O)N2CCC(CC2)C(=O)N[C@@H](C)c3c(nn(c3C)C)C
dude_pygm__L003894,c1cc(c(cc1C(=O)[O-])C(=O)[O-])OCC(=O)N2CCCc3c2ccc(c3)[N+](=O)[O-]
dude_pygm__L003895,c1cc(ccc1[N-]S(=O)(=O)c2ccc3c(c2)oc(n3)[O-])S(=O)(=O)NCC(F)(F)F
dude_pygm__L003896,Cc1nc([nH]n1)S/C(=C\c2ccccc2OCc3ccc(cc3)C(=O)[O-])/C(=O)[O-]
dude_pygm__L003897,CC(=O)c1ccc(cc1)[N-]C2=NC(=O)/C(=C\c3cccc(c3)OCCC(=O)[O-])/S2
dude_pygm__L003898,c1cc(ccc1[C@@H]([C@H](CO)Nc2cc(nc(n2)N)Cl)O)[N+](=O)[O-]
dude_pygm__L003899,C/C(=C/1\C(=O)N=C(S1)Nc2cc(cc(c2)C(=O)[O-])C(=O)[O-])/c3ccc(cc3)Cl
dude_pygm__L003900,COc1ccc(c(c1)n2c3ccc(cc3nc2N)Br)OC
dude_pygm__L003901,Cc1ccc(cc1)NC(=O)C2=C(NC(=O)N[C@@H]2c3ccc(cc3)N(C)C)C
dude_pygm__L003902,CN1c2ccccc2CC(C1=O)NC(=O)c3cc4cc(ccc4[nH]3)F
dude_pygm__L003903,C1CCC2=C(C1)[C@H]3C(=N2)N=C(N=C3SCC(=O)[O-])SCC(=O)[O-]
dude_pygm__L003904,CCOc1ccc(cc1)[C@@H]2C(=C(C(=O)N2c3nc4ccc(cc4s3)C(=O)[O-])[O-])C(=O)C5CC5
dude_pygm__L003905,Cc1ccc(c(c1)Br)n2c(nnn2)c3ccc(c(c3)N)F
dude_pygm__L003906,CCCCn1c(c(c(=O)[nH]c1=O)N(C)C(=O)/C=C/c2cccc(c2Cl)Cl)N
dude_pygm__L003907,c1ccc(cc1)c2cc(n(n2)c3ccccc3)NC(=O)CSc4nnc(s4)N
dude_pygm__L003908,CCOc1cc(ccc1OCC(=O)[O-])/C=C/2\C(=O)N=C(S2)[N-]c3ccc(c(c3)C(F)(F)F)Cl
dude_pygm__L003909,c1ccc(cc1)/N=N/c2ccc(cc2)NC(=O)N[C@@H]3CS(=O)(=O)C=C3
dude_pygm__L003910,CCC1=C2[C@@H](C(=C(O[C@@H]2N=N1)N)C#N)c3c(cccc3Cl)F
dude_pygm__L003911,c1c(cc(c2c1OCO2)Br)c3nc4c(c(n3)N)CCCC4
dude_pygm__L003912,c1cc(c(cc1[C@H](CC(=O)NCC[NH+]2CCCC2)c3c[nH]c4c3cc(cc4)[N+](=O)[O-])Cl)Cl
dude_pygm__L003913,Cc1cccc(c1)N2C(=O)/C(=C/c3ccc(cc3)OCc4cccc(c4)C(=O)[O-])/C(=NC2=S)[O-]
dude_pygm__L003914,c1cnc(cn1)[N-]S(=O)(=O)c2cc(sc2Br)C(=O)[O-]
dude_pygm__L003915,CN(C)c1ccc(cc1C(=O)[O-])[N-]S(=O)(=O)c2ccc(s2)Br
dude_pygm__L003916,CSc1c2c([nH]n1)ncnc2Nc3cnn(c3)Cc4ccccc4F
dude_pygm__L003917,c1cc(ccc1S(=O)(=O)Nc2ccc(cc2Cl)N)Br
dude_pygm__L003918,c1cc(cc(c1)N2[C@H](C(=C(C2=O)[O-])C(=O)c3ccc(s3)Cl)c4ccc(cc4F)F)C(=O)[O-]
dude_pygm__L003919,c1cc(ccc1[C@@H](CC(=O)[O-])NS(=O)(=O)c2ccc(c(c2)[N+](=O)[O-])[O-])F
dude_pygm__L003920,Cc1ccc(cc1C)N2C(=O)/C(=C/c3ccc(c(c3)Cl)OCC(=O)[O-])/C(=NC2=O)[O-]
dude_pygm__L003921,CC(C)(C)[C@H]1CCc2c(sc3c2c4nnc(n4c5n3c(nn5)SCC(=O)[O-])SCC(=O)[O-])C1
dude_pygm__L003922,CCc1ccc(cc1)/C=C/2\C(=O)N(C(=S)S2)[C@@H](CCC(=O)[O-])C(=O)[O-]
dude_pygm__L003923,CC(C)c1ccc(cc1)N2C(=O)/C(=C/c3cc(c(c(c3)OC)[O-])[N+](=O)[O-])/C(=NC2=O)[O-]
dude_pygm__L003924,c1cc(ccc1CSc2ccc(c(c2)C(=O)[O-])[N+](=O)[O-])C(=O)[O-]
dude_pygm__L003925,C[C@@H]1CN(C[C@@H](O1)C)S(=O)(=O)c2c(cc(cc2Cl)N)Cl
dude_pygm__L003926,c1ccc(c(c1)C2=NN[C@@H](S2)c3cc4c(cc3[N+](=O)[O-])OCO4)O
dude_pygm__L003927,Cc1cc(=O)n(c(c1C(=O)[O-])C)c2ccc(cc2)c3ccc(cc3)n4c(c(c(cc4=O)C)C(=O)[O-])C
dude_pygm__L003928,Cc1cc(c(c(c1)C)NC(=O)CSc2nc(c(nn2)CCC(=O)[O-])[O-])C
dude_pygm__L003929,Cc1ccc(cc1)C(=O)C2=C(C(=O)N([C@H]2c3cccc(c3)[N+](=O)[O-])c4cccc(c4)C(=O)[O-])[O-]
dude_pygm__L003930,c1cc(c(cc1[C@H]2c3c(=O)[nH]c(=O)[nH]c3OC(=C2C#N)N)Br)F
dude_pygm__L003931,CC(C)Cn1c(=O)c2ccc(cc2nc1Sc3ccc(c(c3)C(=O)[O-])[N+](=O)[O-])C(=O)[O-]
dude_pygm__L003932,CC1=C2C=C(C=C[C@@H]2N=C1C)[C@H]3NN[C@@H](N3c4cccc(c4)OC)S
dude_pygm__L003933,Cc1cc(sc1C(=O)[O-])S(=O)(=O)[N-]c2ccc3c(c2)sc(n3)C
dude_pygm__L003934,C[C@@H](C(=O)Nc1ccccc1Cc2ccccc2)Sc3nnnn3c4cccc(c4)NC(=O)C
dude_pygm__L003935,c1cc(ccc1c2ccc(o2)C(=O)c3cc4c(cc3N)OCCO4)Cl
dude_pygm__L003936,c1ccc(cc1)[C@H]2NN[C@@H](O2)C3=NC=C(C3)S(=O)(=O)[N-]c4ccc(c(c4)Cl)F
dude_pygm__L003937,Cn1c(=O)c(c(cn1)NC2[C@@H]3CCC[C@H]2C[NH+](C3)C4CC4)Cl
dude_pygm__L003938,CC1(C(=O)/C(=C\NNC(=S)N)/c2c(ccc3c2oc(=O)cc3)O1)C
dude_pygm__L003939,CSc1[nH]c(=O)c(c(n1)[O-])C(c2ccc(cc2)Cl)c3c(=O)[nH]c(nc3[O-])SC
dude_pygm__L003940,c1cc(cc(c1)S(=O)(=O)[N-]c2ccc(cc2)Cl)NS(=O)(=O)c3ccc(cc3)CCC(=O)[O-]
dude_pygm__L003941,CCC(=O)Nc1cccc(c1)NC(=O)N2CCC[C@H]2c3ccc4c(c3)OCCO4
dude_pygm__L003942,COc1ccc(cc1)Cc2nc3c(c4c(s3)CCCC4)c(=O)n2N
dude_pygm__L003943,Cc1ccc(n1c2ccc(c(c2)C(=O)NNC(=O)c3ccc(cc3)CSc4nncn4C)Cl)C
dude_pygm__L003944,c1cc(sc1/C=C/C(=O)[O-])/C(=N/c2nncs2)/[O-]
dude_pygm__L003945,c1cc(ccc1c2ccc(o2)/C=C\3/C(=O)N(C(=N3)[S-])C[C@H]4CCCO4)C(=O)[O-]
dude_pygm__L003946,C[C@H]1Cc2c(c3ccccc3nc2/C(=C/c4ccccc4)/C1)C(=O)NNc5ncccn5
dude_pygm__L003947,CC(C)Cn1c(=O)c2ccc(cc2nc1Sc3ccc(cc3[N+](=O)[O-])/C=C/C(=O)[O-])C(=O)[O-]
dude_pygm__L003948,c1cc(cc(c1)F)[C@@H]2C(=C(C(=O)N2c3cccc(c3)C(=O)[O-])[O-])C(=O)c4ccco4
dude_pygm__L003949,Cc1c(sc(n1)[O-])S(=O)(=O)[N-]c2ccc(c(c2)[N+](=O)[O-])Cl
dude_pygm__L003950,Cc1cc2c(cc1C(C)C)c(co2)CC(=O)NNC(=O)c3cccc(c3)S(=O)(=O)N4CCCC4
dude_pygm__L003951,Cc1c(sc(n1)CC[NH3+])C(=O)NC2CCCC2
dude_pygm__L003952,C#CC1(CCCCC1)NC(=O)N[C@H](C(Cl)(Cl)Cl)O
dude_pygm__L003953,Cc1c2c([nH]n1)NC3=C([C@H]2c4ccc(cc4)Br)C(=O)OC3
dude_pygm__L003954,C/C(=N\Nc1cccc(c1)C(=O)[O-])/c2ccc(cc2)S(=O)(=O)N3CCCC[C@@H]3C(=O)[O-]
dude_pygm__L003955,c1ccc(cc1)[C@@H]([C@H](c2ccccc2)n3c4ccccc4nn3)C(C(=O)[O-])C(=O)[O-]
dude_pygm__L003956,Cc1ccc(cc1)c2[nH]c(=S)c3c(n2)Oc4c(ncc(c4C3)CO)C
dude_pygm__L003957,CCOc1cc(ccc1OC(C)C)C(c2c(c3ccccc3oc2=O)[O-])c4c(c5ccccc5oc4=O)[O-]
dude_pygm__L003958,Cc1cc(ccc1Br)NS(=O)(=O)c2ccc3c(c2)ccc(=O)[nH]3
dude_pygm__L003959,CN(Cc1cccnc1)c2cccc(c2C(=[NH2+])N)Cl
dude_pygm__L003960,CC(C)[C@@H](C(=O)Nc1ccc(nc1)N2CCCCC2)NC(=O)C3CCCCC3
dude_pygm__L003961,Cc1ccc(cc1S(=O)(=O)[N-]c2ccc3c(c2)sc(n3)C)C(=O)[O-]
dude_pygm__L003962,CCOc1cc(ccc1O[C@@H](C)C(=O)[O-])/C=C\2/C(=NC(=S)N(C2=O)c3ccccc3F)[O-]
dude_pygm__L003963,Cc1c(c(sn1)[N-]S(=O)(=O)c2ccc(cc2Cl)Br)C(=O)[O-]
dude_pygm__L003964,C[C@@H]1Cc2cc(c(c(c2-c3c(cc(c(c3OC)OC)O)C[C@@H]1C)OC)OC)O
dude_pygm__L003965,c1cc(ccc1/C=C\2/C(=O)N=C(S2)[N-]c3ccc(c(c3)C(=O)[O-])O)[N+](=O)[O-]
dude_pygm__L003966,CCS(=O)(=O)[N-]c1ccc(cc1OC)[N-]S(=O)(=O)CC(C)C
dude_pygm__L003967,c1ccc(c(c1)[N-]S(=O)(=O)c2cccc(c2)NC(=O)CC3(CCCC3)C(=O)[O-])Cl
dude_pygm__L003968,CN\1C(=O)/C(=C/c2cccc(c2)OCC(=O)[O-])/S/C1=N\c3ccccc3C(=O)[O-]
dude_pygm__L003969,CCc1ccc(cc1)S(=O)(=O)[N-]c2nc(c(s2)SCC(=O)N)C
dude_pygm__L003970,c1c(cnc(c1C(=O)N2CCO[C@H]3[C@@H]2CCCC3)N)Br
dude_pygm__L003971,CSc1ccc(cc1)[C@H]2C(=C(C(=O)N2c3cccc(c3)C(=O)[O-])[O-])C(=O)C4CC4
dude_pygm__L003972,CCOc1ccc(cc1C(=O)[O-])/C=C/2\C(=NC(=O)N(C2=O)c3ccc(c(c3)Cl)Cl)[O-]
dude_pygm__L003973,CC1=NN([C@@](C1)(C(F)(F)F)O)C(=O)c2cc(c(c(c2)Cl)O)Cl
dude_pygm__L003974,CCOC(=O)c1c(cc(s1)NC(=O)CSc2nc(c(c(n2)[O-])CCC(=O)[O-])C)C
dude_pygm__L003975,Cc1cc(no1)NC(=O)NCc2cc(cc(c2)Br)F
dude_pygm__L003976,c1cc(cc(c1)N2[C@@H](C(=C(C2=O)[O-])C(=O)c3cccs3)c4ccc(c(c4)[N+](=O)[O-])Cl)C(=O)[O-]
dude_pygm__L003977,c1cc(ccc1/C=N/NC(=O)C(=O)Nc2ccc(cc2)Br)Cl
dude_pygm__L003978,c1ccc2c(c1)[C@@H]3C/C(=C/4\C=C(C=CC4=O)O)/NN3[C@H](O2)c5ccsc5
dude_pygm__L003979,Cc1ccc(c(c1)[N-]C2=NC(=O)/C(=C\c3ccccc3O[C@@H](C)C(=O)[O-])/S2)O
dude_pygm__L003980,C[C@H]([C@H](c1ccncc1)O)[NH3+]
dude_pygm__L003981,CN\1C(=O)/C(=C/c2cc(c(c(c2)Cl)OCC(=O)[O-])OC)/S/C1=N\c3ccc(cc3)C(=O)[O-]
dude_pygm__L003982,c1ccc(cc1)c2c3ccccc3cc4c2C(=O)N(C4=O)c5cc(cc(c5)C(=O)[O-])C(=O)[O-]
dude_pygm__L003983,CCOc1ccc(cc1)c2nnc3n2N[C@H](S3)c4ccc(c(c4)OC)O
dude_pygm__L003984,CCN(Cc1cc(=O)[nH]c2c1cc(cc2C)C)C(=O)Nc3ccc4c(c3)OCCO4
dude_pygm__L003985,CCC[C@H](C)NC(=O)CN1[C@@H]2CC[C@H]1CC(C2)[NH3+]
dude_pygm__L003986,c1cc(c(cc1[N+](=O)[O-])P(=O)([O-])[O-])Br
dude_pygm__L003987,c1ccc(cc1)OS(=O)(=O)[C@H]2C[C@@]3(CC[C@@H](C3)c4ccccc4O)N(C2)O
dude_pygm__L003988,C[NH+](C)C1(CCCCCC1)CNC(=O)c2cc(ccc2Br)S(=O)(=O)NC3CC3
dude_pygm__L003989,COc1ccc(cc1)[C@H](CNC(=O)CN2C(=O)c3ccccc3S2(=O)=O)c4c[nH]c5c4cccc5
dude_pygm__L003990,COc1cccc(c1)C2=[NH+]C(c3c(=O)[nH]c(=O)n(c3N2)CCc4ccccc4)(C(F)(F)F)C(F)(F)F
dude_pygm__L003991,c1cc(ccc1c2ccc(o2)/C=C(/C#N)\C(=O)N)S(=O)(=O)N
dude_pygm__L003992,c1cc(cc(c1)[N+](=O)[O-])[C@H]2C(=C(C(=O)N2c3cccc(c3)C(=O)[O-])[O-])C(=O)c4cccs4
dude_pygm__L003993,CC1=NOC(=O)[C@]12[C@H](C(C(=C2N)C#N)(C#N)C#N)c3cccc(c3)Br
dude_pygm__L003994,c1ccc(cc1)CC(=O)N2CCc3c(sc4c3c(ncn4)N)C2
dude_pygm__L003995,Cc1ccc(c(c1)NS(=O)(=O)c2c(ccc(c2C)N)C)F
dude_pygm__L003996,CC(C)[C@@H](c1nc[nH]n1)[NH3+]
dude_pygm__L003997,CC1(CC2=C([C@H](Nc3c(non3)N2)c4ccnc5c4cccc5)C(=O)C1)C
dude_pygm__L003998,CCCOc1ccc(cc1)/C=C\2/C(=O)N(C(=S)S2)[C@H](CCC(=O)[O-])C(=O)[O-]
dude_pygm__L003999,Cc1cc(ccc1NC(=O)NCc2ccc3c(c2)OCO3)N4CCSCC4
dude_pygm__L004000,c1cc(c2nnc(n2c1)C3CCC3)NC(=O)Nc4ccc5c(c4)OCO5
dude_pygm__L004001,C=CCOc1ccccc1[C@H]2C(=C(C(=O)N2c3nc4ccc(cc4s3)C(=O)[O-])[O-])C(=O)C5CC5
dude_pygm__L004002,CC[C@H](C(=O)[O-])Oc1ccccc1/C=C/2\C(=O)N=C(S2)[N-]c3ccc(cc3)F
dude_pygm__L004003,COc1ccc(cc1O)c2c(c(=O)c3c(cc(cc3o2)OC)O)O
dude_pygm__L004004,Cc1ccc(c(c1)C)N2C(=O)/C(=C\c3ccc(cc3)O[C@@H](C)C(=O)[O-])/C(=NC2=S)[O-]
dude_pygm__L004005,Cc1cc(c(n1c2cccc(c2)C(=O)[O-])C)/C=C/3\C(=O)N=C(N(C3=O)c4ccc(cc4)Cl)[O-]
dude_pygm__L004006,c1cc2cc(ccc2nc1)[C@H]3C4=C(CCCC4=O)Nc5c(non5)N3
dude_pygm__L004007,CC(C)n1cc(cn1)NC(=O)[C@@H]2CCCN2C(=O)c3ccc4ccccc4c3O
dude_pygm__L004008,c1ccc(cc1)N2[C@@H](NN=C2SCc3cc(=O)[nH]c4c3cccc4)c5ccco5
dude_pygm__L004009,CCOc1ccc(cc1)[C@H]2[C@@H]3C(=NC(=O)NC3=O)NC4=C2C(=O)CCC4
dude_pygm__L004010,Cc1cc(sc1C(=O)[O-])S(=O)(=O)[N-]c2ccc(cc2Br)F
dude_pygm__L004011,c1ccc(cc1)[C@@H]2CC3=C([C@H](C(=C(O3)N)C#N)c4ccoc4)C(=O)C2
dude_pygm__L004012,CC(=O)Nc1ccc(cc1)c2csc(n2)NC(=O)CCc3ncc(o3)c4ccc(cc4)Cl
dude_pygm__L004013,CCN[C@@]1(CCS(=O)(=O)C1)C[NH3+]
dude_pygm__L004014,CCn1c2ccc(cc2nc1COc3cc(ccc3C)C(=O)[O-])C(=O)[O-]
dude_pygm__L004015,C[C@@H](C[NH3+])c1[nH]c(=O)[nH]n1
dude_pygm__L004016,Cc1c2ccccc2sc1[C@H](C3CCN(CC3)C(=O)Nc4cccnc4)O
dude_pygm__L004017,C[C@@H](C(=O)[O-])Oc1cccc(c1)/C=C\2/C(=O)N(C(=S)S2)[C@@H](C(C)C)C(=O)[O-]
dude_pygm__L004018,Cc1ccc(cc1NC(=S)NC(=O)c2ccco2)c3nc4cc(cc(c4o3)C)C
dude_pygm__L004019,C[C@@H]1CCCC[C@@H]1n2c(nnc2SCC(=O)Nc3cc(cc(c3)C(=O)[O-])C(=O)[O-])c4cccnc4
dude_pygm__L004020,CSC[C@@H](C[NH3+])O
dude_pygm__L004021,Cc1cccc(c1)c2nnc(n2CC(=O)[O-])SCC(=O)Nc3cccc(c3)C(=O)[O-]
dude_pygm__L004022,CCc1c(c(c(s1)NC(=O)CSc2nc(c(c(n2)[O-])CCC(=O)[O-])C)C(=O)OCC)C
dude_pygm__L004023,c1ccc(cc1)c2ccc(c(c2)C(=O)[O-])NS(=O)(=O)c3ccc4c(c3)N(C(=O)CO4)CC(=O)[O-]
dude_pygm__L004024,c1cc(c(c(c1)F)NC(=O)c2cc(ccn2)Cl)Oc3ccc(c(c3)C(=O)O)C(=O)O
dude_pygm__L004025,CC1(N2[C@H](C=C(N1N)O)C3=C(N2)OC(=C([C@@H]3c4cccnc4)C#N)N)C
dude_pygm__L004026,CC(C)C/C(=N\CC[C@@H](C(=O)[O-])NC(=O)OC(C)(C)C)/C1=C(CC(CC1=O)(C)C)[O-]
dude_pygm__L004027,CN(C)S(=O)(=O)c1ccc(cc1)c2ccc(o2)/C=C(/c3nc4cc(ccc4c(n3)[O-])C(=O)[O-])\Cl
